﻿TIPO_DE_ELECCIÓN:,CORPORACIÓN MUNICIPAL
28 junio 2023 21:35 (UTC -6)
ACTAS_ESPERADAS,ACTAS_CAPTURADAS,PORCENTAJE_ACTAS_CAPTURADAS,ACTAS_CONTABILIZADAS,PORCENTAJE_ACTAS_CONTABILIZADAS,ACTAS_NO_CONTABILIZADAS,LISTA_NOMINAL_ACTAS_CONTABILIZADAS,VOTOS_EMITIDOS_CONTABILIZADAS,PORCENTAJE_PARTICIPACIÓN_CIUDADANA
27,27,100.0000,27,100.0000,0,10073,6905,68.5495

MESA,DEPARTAMENTO,ID_DEPARTAMENTO,MUNICIPIO,ID_MUNICIPIO,CENTRO_DE_VOTACIÓN,PADRÓN,VAMOS,CABAL,AZUL,TODOS,PODEMOS,MLP,CREO,BIEN,P A N,UNE,VALOR UNIONISTA,VÁLIDOS,NULOS,BLANCO,EMITIDOS,INVÁLIDOS,TOTAL,IMPUGNACIONES,PAPELETAS-RECIBIDAS,PAPELETAS-NO-USADAS,VALIDOS_CALCULADO,EMITIDOS_CALCULADO,TOTAL_CALCULADO,OBSERVACIONES,CONTABILIZADA,CÓDIGO_INTEGRIDAD,FECHA_HORA_PUBLICACIÓN,DIGITALIZACIÓN
7013,"El Progreso",4,"Sansare",6,775,400,55,65,4,1,24,3,6,7,0,59,35,259,13,1,273,0,273,--,400,127,259,273,273,Algún campo sin dato,1,3181003153c5024fd0f48c93e8227a7b4192e0169af8195d7a82e6cf064d54af,26/06/2023 00:22:33,ESCANER
7014,"El Progreso",4,"Sansare",6,775,400,69,55,1,3,18,2,8,6,1,47,70,280,7,2,289,0,289,--,400,111,280,289,289,Algún campo sin dato,1,781a9d6cc6da3659c687b3243eeca2a2cf551bad62c02685b80c57776627536e,26/06/2023 00:45:05,ESCANER
7015,"El Progreso",4,"Sansare",6,775,400,78,61,0,4,15,3,10,10,0,46,52,279,16,2,297,0,297,--,400,103,279,297,297,Algún campo sin dato,1,1b6df3e8f07c77366b2e6f578e616cb14f28b82a6b9a631bab5c46ad2b48982d,26/06/2023 00:57:35,ESCANER
7016,"El Progreso",4,"Sansare",6,775,400,62,73,1,4,18,4,2,8,2,65,50,289,5,1,295,11,306,--,--,--,289,295,306,Algún campo sin dato,1,8ea85a50255473c3ea2ee2aeab383756cf668afcf31d886256618e909fdd26f6,26/06/2023 00:35:23,ESCANER
7017,"El Progreso",4,"Sansare",6,775,400,65,79,0,3,29,3,2,8,1,58,46,294,10,1,305,0,305,--,400,95,294,305,305,Algún campo sin dato,1,b7edcdf9e308d48743ff40d8333e9f08e34953594d8ab8fa871dd97188b7c210,26/06/2023 00:18:20,ESCANER
7018,"El Progreso",4,"Sansare",6,775,400,80,56,1,3,35,0,3,3,0,63,37,281,10,2,293,0,293,--,--,--,281,293,293,Algún campo sin dato,1,465be6c9bf6bb860dd898f0918de86a0adefd31cb24a5d2fa7095b3df8c6541a,26/06/2023 01:05:04,ESCANER
7019,"El Progreso",4,"Sansare",6,775,400,50,94,1,4,20,4,3,4,1,45,83,312,9,1,322,0,322,--,400,78,309,319,319,Sumas Asentadas sin cuadrar,1,5d0321aa0623c187841ef9c78b25f7d13549cfb3fabf1504e908ad2581f253b8,26/06/2023 02:40:37,ESCANER
7020,"El Progreso",4,"Sansare",6,775,400,63,77,2,8,14,0,6,6,0,75,59,310,8,4,322,0,322,--,397,12,310,322,322,Algún campo sin dato,1,638e49755e703f3757a20b279f7cf18ce167035e31f1fd421560ba0e848f8e79,26/06/2023 00:43:22,ESCANER
7021,"El Progreso",4,"Sansare",6,775,400,91,68,4,5,15,2,4,9,0,57,49,304,18,0,322,0,322,--,400,78,304,322,322,Algún campo sin dato,1,c87a85baf5778c971edb81561879dd8f859d3ad69bae529e85fd4622ebc9971b,25/06/2023 23:12:01,ESCANER
7022,"El Progreso",4,"Sansare",6,775,400,61,68,2,2,18,4,6,6,2,46,65,280,2,2,284,0,284,--,420,136,280,284,284,Algún campo sin dato,1,da689ffb375c899cacad596aaf4eaaf767ee91a23cbb81d48ce8c629bb5a1dd0,25/06/2023 22:38:01,ESCANER
7023,"El Progreso",4,"Sansare",6,775,400,66,69,1,0,18,3,9,2,0,44,51,263,10,0,273,0,273,--,404,131,263,273,273,Algún campo sin dato,1,2cb8917c04464c39175210ca38e0421c20e755290970d7556a4266405b3511f0,25/06/2023 23:02:04,ESCANER
7024,"El Progreso",4,"Sansare",6,775,400,61,66,1,1,13,3,5,9,0,36,57,252,12,2,266,0,266,--,400,134,252,266,266,Algún campo sin dato,1,a7f9345766100e2a1162cfabb213216ddef0f725305b1060dbffc4be52fb16e0,25/06/2023 23:07:58,ESCANER
7025,"El Progreso",4,"Sansare",6,776,400,60,67,2,1,29,8,5,8,1,39,52,272,5,0,277,0,277,--,400,123,272,277,277,Algún campo sin dato,1,823d0df2757c68759248666c67397e85e1957f8484f1942e7edef345a9d75450,25/06/2023 23:27:31,ESCANER
7026,"El Progreso",4,"Sansare",6,776,400,55,73,0,3,11,7,6,6,0,45,54,260,8,5,273,0,273,--,400,127,260,273,273,Algún campo sin dato,1,07ef833ffaa9e85ef8809ee3c897407b92526ece8111cfc5a2d8f9e38420b72a,25/06/2023 23:31:41,ESCANER
7027,"El Progreso",4,"Sansare",6,776,400,59,84,1,0,15,0,6,14,1,35,70,285,4,1,290,0,290,--,400,110,285,290,290,Algún campo sin dato,1,273afaee194738e94f720dff59faf12f7c0a19ed3b2998c648e75531644e5b0f,25/06/2023 23:42:06,ESCANER
7028,"El Progreso",4,"Sansare",6,776,400,62,59,5,1,21,2,5,12,0,53,44,264,2,0,266,1,267,--,400,133,264,266,267,Algún campo sin dato,1,38571b1818a02c2403f4d9c48f34c61e4858e257cceeb5a93a023a28170f6ed0,26/06/2023 00:01:15,ESCANER
7029,"El Progreso",4,"Sansare",6,776,400,70,75,3,1,18,7,3,10,0,66,63,316,2,0,318,0,318,--,400,82,316,318,318,Algún campo sin dato,1,5237bfb56a9693090f0c92ce1a8ca1a3f8bd02f820acd9fd6e276edd266d34d7,26/06/2023 00:08:06,ESCANER
7030,"El Progreso",4,"Sansare",6,776,262,40,50,1,0,13,2,0,4,0,41,38,189,1,1,191,0,191,--,262,71,189,191,191,Algún campo sin dato,1,d199d3437084da0c24fc6c0fa9514ba96ecaa4fc89caaea0272adbdb9be0b7a8,26/06/2023 00:26:56,ESCANER
7031,"El Progreso",4,"Sansare",6,776,261,29,32,2,1,7,1,4,3,0,36,29,144,4,1,149,2,151,0,262,111,144,149,151,,1,9b8471f120f8f605f452c705ff19ddd2160a37fd69444efecc0571b8859779f8,25/06/2023 22:37:23,ESCANER
7032,"El Progreso",4,"Sansare",6,777,380,71,31,1,0,3,2,3,10,1,56,48,226,11,4,241,0,241,--,380,139,226,241,241,Algún campo sin dato,1,563ee60e580ae1e105d119847901b18a019f03dd6cf969887287d90bf83b6cff,26/06/2023 01:02:36,ESCANER
7033,"El Progreso",4,"Sansare",6,777,380,51,42,1,3,2,6,2,6,1,51,56,221,13,1,235,0,235,--,380,145,221,235,235,Algún campo sin dato,1,370f6983d28836411b31da5a4b0ba7ac7bed36db0fd9ce7df7a3c8d4e497a710,25/06/2023 23:45:43,ESCANER
7034,"El Progreso",4,"Sansare",6,777,240,24,20,0,2,3,2,1,2,0,25,30,109,2,0,111,0,111,--,240,129,109,111,111,Algún campo sin dato,1,911b7121a4b1876818ae6fd2153e0041dbc6f7fc50f4f46057226cb655bac6b5,25/06/2023 23:17:20,ESCANER
7035,"El Progreso",4,"Sansare",6,777,240,37,20,0,2,4,1,0,2,0,22,45,133,2,0,135,0,135,--,240,105,133,135,135,Algún campo sin dato,1,e8d759d343c0a10230960ab2d8c6851ead7d34fed7bf5796fe29c19118db9b3e,25/06/2023 22:15:27,ESCANER
7036,"El Progreso",4,"Sansare",6,778,380,126,96,1,4,12,0,1,6,1,27,5,279,10,2,291,0,291,--,380,89,279,291,291,Algún campo sin dato,1,3f5ae864f0e4f930ab026549abd26a0f43f62b62296fab7844dd02352bec10d2,25/06/2023 23:40:19,ESCANER
7037,"El Progreso",4,"Sansare",6,778,332,116,71,0,1,9,0,0,5,0,23,12,237,10,5,252,0,252,--,332,80,237,252,252,Algún campo sin dato,1,dd56f3bc0cb0b046e2cefda740aa71c7fdb53f3ac2f88f35f6f55a9abb98c749,25/06/2023 23:19:37,ESCANER
7038,"El Progreso",4,"Sansare",6,778,332,108,85,0,0,9,0,0,9,0,19,10,240,1,0,241,0,241,--,332,91,240,241,241,Algún campo sin dato,1,654ac28d54d8ef3bacf3d53d133686d3c7d2a072dfdbf46f1b7fbe1090f8e75c,25/06/2023 23:46:23,ESCANER
7039,"El Progreso",4,"Sansare",6,779,466,15,20,1,0,3,2,6,3,1,16,24,91,4,2,97,0,97,--,466,369,91,97,97,Algún campo sin dato,1,54e06f8db8388a469f7f5e7d57ac739546c51b14f7c46e7d5b3dd3ef896a1f9f,25/06/2023 21:50:58,ESCANER