﻿TIPO_DE_ELECCIÓN:,CORPORACIÓN MUNICIPAL
28 junio 2023 21:35 (UTC -6)
ACTAS_ESPERADAS,ACTAS_CAPTURADAS,PORCENTAJE_ACTAS_CAPTURADAS,ACTAS_CONTABILIZADAS,PORCENTAJE_ACTAS_CONTABILIZADAS,ACTAS_NO_CONTABILIZADAS,LISTA_NOMINAL_ACTAS_CONTABILIZADAS,VOTOS_EMITIDOS_CONTABILIZADAS,PORCENTAJE_PARTICIPACIÓN_CIUDADANA
35,35,100.0000,35,100.0000,0,13454,8860,65.8540

MESA,DEPARTAMENTO,ID_DEPARTAMENTO,MUNICIPIO,ID_MUNICIPIO,CENTRO_DE_VOTACIÓN,PADRÓN,VAMOS,UNE,TODOS,VOS,CABAL,PHG,CAMBIO,VALOR UNIONISTA,VÁLIDOS,NULOS,BLANCO,EMITIDOS,INVÁLIDOS,TOTAL,IMPUGNACIONES,PAPELETAS-RECIBIDAS,PAPELETAS-NO-USADAS,VALIDOS_CALCULADO,EMITIDOS_CALCULADO,TOTAL_CALCULADO,OBSERVACIONES,CONTABILIZADA,CÓDIGO_INTEGRIDAD,FECHA_HORA_PUBLICACIÓN,DIGITALIZACIÓN
10710,"Quetzaltenango",9,"Salcajá",2,1418,400,113,89,6,9,5,12,2,51,287,4,3,294,1,295,3,370,72,287,294,295,,1,52c1b6d0aa1904d961fa69b73d7b2b0b95e795b2465a281676d981a5d62a0b03,26/06/2023 01:15:51,ESCANER
10711,"Quetzaltenango",9,"Salcajá",2,1418,400,120,81,5,8,6,16,0,51,287,13,0,300,0,300,--,400,100,287,300,300,Algún campo sin dato,1,f686fabfba97aecf2d1d80bb77d93efc0ddbfab3d0bba67e7b4f0fc47b6b78c0,26/06/2023 00:56:39,ESCANER
10712,"Quetzaltenango",9,"Salcajá",2,1418,400,116,82,1,7,4,29,6,48,293,10,3,306,0,306,--,400,94,293,306,306,Algún campo sin dato,1,ec78c815bcdaeca4a81e38a55991a11496cd7a2ee7fb983e0bec9f01ce30d34b,26/06/2023 00:49:17,ESCANER
10713,"Quetzaltenango",9,"Salcajá",2,1418,400,120,97,2,9,2,18,0,54,302,8,0,310,0,310,--,400,90,302,310,310,Algún campo sin dato,1,02b8768c758c296b5c79af9306e2f5b7e0d8a7e9703a92d4a1b24271a5a912df,26/06/2023 00:02:00,ESCANER
10714,"Quetzaltenango",9,"Salcajá",2,1418,400,128,76,3,8,2,22,0,49,288,4,0,292,0,295,3,400,105,288,292,292,Sumas Asentadas sin cuadrar,1,078df1a9db12767d8e3e12b6c8174413bd25fb405468cbde0136be17763c8a18,26/06/2023 01:07:46,ESCANER
10715,"Quetzaltenango",9,"Salcajá",2,1418,400,126,84,1,11,4,29,1,39,295,6,4,305,0,305,--,400,95,295,305,305,Algún campo sin dato,1,a036bb661c99e62eb81aa9fb2df3e56863db86d926ba3f4da91feab8e219ef78,25/06/2023 22:38:32,ESCANER
10716,"Quetzaltenango",9,"Salcajá",2,1418,400,146,82,5,8,3,19,1,43,307,10,1,318,0,318,--,400,81,307,318,318,Algún campo sin dato,1,92736e2d0aa8d24cfecb189a292273bd11422feb21763a85a67db707c9ccafc1,26/06/2023 01:23:57,ESCANER
10717,"Quetzaltenango",9,"Salcajá",2,1418,400,167,67,1,5,1,17,0,56,314,7,1,322,0,322,--,399,77,314,322,322,Algún campo sin dato,1,7606fc7065cfdf69d50d0cb0f8e67565825963d7aabf7e0077406acfafac4eca,25/06/2023 23:36:11,ESCANER
10718,"Quetzaltenango",9,"Salcajá",2,1419,400,130,89,2,8,4,27,0,52,312,6,4,322,0,322,4,400,74,312,322,322,,1,a4f226c80a93fadfa3f18d79c9b65e1a863275991983ec72c021ceacb646714e,26/06/2023 01:14:31,ESCANER
10719,"Quetzaltenango",9,"Salcajá",2,1419,400,134,79,1,8,2,23,0,44,291,1,1,293,0,293,--,400,107,291,293,293,Algún campo sin dato,1,297036fd6738b81e92698dbff8ced7d521cb9cf1953b072424ca659055fb042c,26/06/2023 00:22:20,ESCANER
10720,"Quetzaltenango",9,"Salcajá",2,1419,400,121,61,4,9,1,17,0,52,265,10,3,278,0,278,--,400,122,265,278,278,Algún campo sin dato,1,b7e73bd48ce5fdc14b0a7b9d7d64af0501d1ca48702836582138a23ff1af78bc,25/06/2023 23:03:26,ESCANER
10721,"Quetzaltenango",9,"Salcajá",2,1419,400,114,87,1,8,4,23,0,46,283,3,0,286,0,286,--,400,114,283,286,286,Algún campo sin dato,1,64b7558ab0231e2240c179d0589a3ecab7a9d439dbf21289344e08012279b941,26/06/2023 00:22:49,ESCANER
10722,"Quetzaltenango",9,"Salcajá",2,1420,400,100,93,5,9,3,21,0,58,289,3,1,293,1,294,--,400,103,289,293,294,Algún campo sin dato,1,1ef1218774ffbd969797e1e89ae372e453db83dcfb5df8a28ff520ff3747921a,26/06/2023 01:02:04,ESCANER
10723,"Quetzaltenango",9,"Salcajá",2,1420,400,104,103,6,8,1,18,0,47,287,1,0,288,2,290,--,400,110,287,288,290,Algún campo sin dato,1,2dbe1f945f5445fd6d65f9c0955c5d3546ecb5ed6ec11204e48703c3efe62a06,26/06/2023 01:07:17,ESCANER
10724,"Quetzaltenango",9,"Salcajá",2,1420,400,114,76,2,7,3,15,1,56,274,9,3,12,0,286,--,399,113,274,286,286,Sumas Asentadas sin cuadrar,1,243db53cdef7095aa10994ce00cebd08465ab30f6efce3f9bb7a1228e07804a7,26/06/2023 01:42:52,ESCANER
10725,"Quetzaltenango",9,"Salcajá",2,1420,400,127,82,1,8,1,20,2,53,294,11,0,307,0,307,2,400,93,294,305,305,Sumas Asentadas sin cuadrar,1,7852cf3351d3c4f1cec0d88d52db739316da2ead7dfa26dc688b9c7328e42c8c,26/06/2023 05:02:42,ESCANER
10726,"Quetzaltenango",9,"Salcajá",2,1421,400,122,79,3,7,1,18,0,61,291,4,0,295,0,295,1,436,141,291,295,295,,1,8553c3691a95f5f02d0f170b48e7aea31bd54c6d6a580cda88ccd8bf442c080e,25/06/2023 23:06:27,ESCANER
10727,"Quetzaltenango",9,"Salcajá",2,1421,400,109,86,4,10,1,16,0,56,282,3,1,286,0,286,--,400,114,282,286,286,Algún campo sin dato,1,032f45653972a568c77e0f641b16e7fc8ff42f069b89d4266a2cac9649aefd10,26/06/2023 01:05:55,ESCANER
10728,"Quetzaltenango",9,"Salcajá",2,1421,400,113,115,6,6,3,15,1,63,322,3,0,325,0,325,--,400,75,322,325,325,Algún campo sin dato,1,b450ad43132864021cfbf262d209dcee4cd5e4782fc642b03e6f204da2ed8366,25/06/2023 23:41:42,ESCANER
10729,"Quetzaltenango",9,"Salcajá",2,1421,400,87,94,6,8,2,21,2,75,295,2,0,297,0,297,--,400,103,295,297,297,Algún campo sin dato,1,a5b0cd8766b7b520b7852f3c6b8e82951c0cff4ee16e09ec8ee95ad91491b7c4,25/06/2023 22:22:39,ESCANER
10730,"Quetzaltenango",9,"Salcajá",2,1421,241,59,38,6,4,1,10,1,34,153,5,0,158,0,158,1,241,82,153,158,158,,1,15f91207097b750055915f6377ace8dc0a343082a2bcaed26d9c84bcd09a5b34,25/06/2023 21:37:27,ESCANER
10731,"Quetzaltenango",9,"Salcajá",2,1421,240,41,27,2,6,1,10,1,18,106,2,0,108,0,108,--,236,128,106,108,108,Algún campo sin dato,1,a51cf579931863fd6fd5c4ee200c870d98d3f1d71063ce73da561640d5aa5952,25/06/2023 21:12:14,ESCANER
10732,"Quetzaltenango",9,"Salcajá",2,1422,400,86,63,2,10,5,20,1,43,230,7,7,244,0,244,--,400,156,230,244,244,Algún campo sin dato,1,48bf3387bf91297deb35b2fe62bcc09930a70e06e2804eda9f6e155cef81ee55,25/06/2023 23:37:01,ESCANER
10733,"Quetzaltenango",9,"Salcajá",2,1422,400,110,56,2,6,8,26,0,53,261,9,0,270,0,270,--,400,130,261,270,270,Algún campo sin dato,1,2466c47cd0bbc44874a42dbaba1ffc632a4ecf93c19aa01d6434fd55de699652,25/06/2023 23:17:57,ESCANER
10734,"Quetzaltenango",9,"Salcajá",2,1422,400,107,77,4,8,2,23,0,29,250,8,4,262,--,262,--,399,137,250,262,262,Algún campo sin dato,1,0fe8789eb2ee347786db9a81c7084530fb9fc4da4bf2d5d378128c08e303d48e,26/06/2023 01:50:25,ESCANER
10735,"Quetzaltenango",9,"Salcajá",2,1422,400,67,79,3,2,1,13,0,41,206,20,3,229,0,229,--,400,171,206,229,229,Algún campo sin dato,1,188dd44b4e7512bb690e98a3cf17ed4065d5f2dd666c74c0169a94614efa4427,26/06/2023 00:57:12,ESCANER
10736,"Quetzaltenango",9,"Salcajá",2,1422,400,87,73,3,3,3,12,0,54,235,8,0,243,0,243,--,399,156,235,243,243,Algún campo sin dato,1,e0d48b1e2bc8b40c2e9bd582f3e31c5be8ace1608f259e6b49ac575fdf389fad,26/06/2023 01:29:17,ESCANER
10737,"Quetzaltenango",9,"Salcajá",2,1422,400,67,53,4,5,4,27,1,59,220,10,1,231,0,231,--,400,169,220,231,231,Algún campo sin dato,1,3a507082d92d537083ced971a26c3d207fd3ed545cd763f38d59cb4a633ee6b9,26/06/2023 00:25:34,ESCANER
10738,"Quetzaltenango",9,"Salcajá",2,1423,400,86,67,2,9,1,24,0,49,238,13,2,253,0,253,--,400,147,238,253,253,Algún campo sin dato,1,6181a0a5bf1104ad037f76c84f6e7fa5963410c49c388aa227ddd40962e99e27,26/06/2023 01:30:27,ESCANER
10739,"Quetzaltenango",9,"Salcajá",2,1423,400,96,78,2,8,5,15,0,58,262,4,1,267,0,267,--,400,133,262,267,267,Algún campo sin dato,1,813939e06c42651fb9caa2131ec30d2f0646d00507070f3e1c864fec998f340a,26/06/2023 01:43:46,ESCANER
10740,"Quetzaltenango",9,"Salcajá",2,1423,236,50,43,3,5,4,6,0,35,146,5,0,151,0,151,--,236,85,146,151,151,Algún campo sin dato,1,647917de10ed579a53305e323c2af5f663df9a98c1ea7b127e0a167d4bdbabe9,25/06/2023 22:36:59,ESCANER
10741,"Quetzaltenango",9,"Salcajá",2,1423,235,40,39,1,6,0,7,0,32,125,1,0,126,0,126,--,235,109,125,126,126,Algún campo sin dato,1,2c5f9a9854029972183ac351cc121f37ce6cd9c5f31b48fd8d3c74d29ba8bc5f,25/06/2023 22:23:42,ESCANER
10742,"Quetzaltenango",9,"Salcajá",2,1424,600,84,56,1,5,6,11,1,48,212,4,3,219,0,219,--,600,381,212,219,219,Algún campo sin dato,1,204003f8a70e8280e78285d7daac4d8496d7f028061ff6edbae5bafa7b5d5e0f,25/06/2023 23:50:32,ESCANER
10743,"Quetzaltenango",9,"Salcajá",2,1424,351,28,25,0,2,2,3,0,15,75,0,0,75,0,75,--,351,276,75,75,75,Algún campo sin dato,1,83c8027cb476a09fbeee223148936a85b4217395c8bfbafa0a29102f3b9f07d1,25/06/2023 22:11:20,ESCANER
10744,"Quetzaltenango",9,"Salcajá",2,1424,351,10,6,0,2,0,0,0,3,21,1,1,23,0,23,--,352,329,21,23,23,Algún campo sin dato,1,f72dddea1c414a03594eaf9a77506607e59270942a4f774684fcd072779abec5,25/06/2023 22:04:50,ESCANER