﻿TIPO_DE_ELECCIÓN:,CORPORACIÓN MUNICIPAL
28 junio 2023 21:35 (UTC -6)
ACTAS_ESPERADAS,ACTAS_CAPTURADAS,PORCENTAJE_ACTAS_CAPTURADAS,ACTAS_CONTABILIZADAS,PORCENTAJE_ACTAS_CONTABILIZADAS,ACTAS_NO_CONTABILIZADAS,LISTA_NOMINAL_ACTAS_CONTABILIZADAS,VOTOS_EMITIDOS_CONTABILIZADAS,PORCENTAJE_PARTICIPACIÓN_CIUDADANA
185,185,100.0000,184,99.4594,1,70079,38880,55.4802

MESA,DEPARTAMENTO,ID_DEPARTAMENTO,MUNICIPIO,ID_MUNICIPIO,CENTRO_DE_VOTACIÓN,PADRÓN,BIEN,VAMOS,TODOS,UR,U R N G - MAIZ,UNE,ELEFANTE,VALOR,VICTORIA,VIVA,AZUL,PHG,PODEMOS,PODER,CABAL,UNIONISTA,CAMBIO,PPN,PR,MLP,VÁLIDOS,NULOS,BLANCO,EMITIDOS,INVÁLIDOS,TOTAL,IMPUGNACIONES,PAPELETAS-RECIBIDAS,PAPELETAS-NO-USADAS,VALIDOS_CALCULADO,EMITIDOS_CALCULADO,TOTAL_CALCULADO,OBSERVACIONES,CONTABILIZADA,CÓDIGO_INTEGRIDAD,FECHA_HORA_PUBLICACIÓN,DIGITALIZACIÓN
14797,"Huehuetenango",13,"Huehuetenango",1,2115,400,20,102,44,11,5,8,3,1,2,3,2,10,3,3,3,2,2,0,1,3,229,20,4,253,0,253,--,413,160,228,252,252,Sumas Asentadas sin cuadrar,1,cd193976aa2c8a20ad58278274b967ecc3fee36399862cfa9a0801e0aa9173a7,26/06/2023 03:32:56,ESCANER
14798,"Huehuetenango",13,"Huehuetenango",1,2115,400,27,104,49,11,6,18,0,5,5,4,2,7,4,0,3,3,0,0,2,1,251,23,1,275,0,275,--,400,125,251,275,275,Algún campo sin dato,1,982e02d564fe5f80802108de91719ef8ca4f114479aa4666600b84dc453f31c0,26/06/2023 00:43:03,ESCANER
14799,"Huehuetenango",13,"Huehuetenango",1,2115,400,36,96,58,14,6,14,1,1,6,3,4,15,1,3,3,1,1,0,0,3,266,19,2,287,0,287,--,398,111,266,287,287,Algún campo sin dato,1,ef0a87994701d20857336f6596aa65bba4cf13e0585803846f631188bfb9ed66,26/06/2023 01:46:39,ESCANER
14800,"Huehuetenango",13,"Huehuetenango",1,2115,400,38,118,40,14,5,9,2,4,0,5,2,16,2,3,4,3,2,0,2,4,273,16,1,290,0,290,--,400,110,273,290,290,Algún campo sin dato,1,cc68f14c649fec47315883180ad3eb197a4ae0cc0f6cc229b08c119d4b1bd29a,25/06/2023 23:30:44,ESCANER
14801,"Huehuetenango",13,"Huehuetenango",1,2115,400,32,110,38,9,1,13,2,4,2,5,0,10,3,2,0,1,1,1,2,0,236,13,2,251,--,--,--,400,149,236,251,251,Algún campo sin dato,1,4b7a7b400ad6ce1d018246aca2ee50e5d754f40dca694cff952374549d353e47,26/06/2023 00:24:29,ESCANER
14802,"Huehuetenango",13,"Huehuetenango",1,2115,400,27,108,38,9,9,4,4,10,2,1,5,15,2,2,2,1,0,1,1,0,241,15,0,256,0,256,--,400,144,241,256,256,Algún campo sin dato,1,3fd84535aeba6c3cbea9c2b4c2adf9d1c629be48fe616febe1052db95c610a78,26/06/2023 00:25:29,ESCANER
14803,"Huehuetenango",13,"Huehuetenango",1,2115,400,34,113,42,14,6,13,0,2,3,1,3,11,3,0,2,1,1,2,3,1,255,11,1,267,0,267,--,400,133,255,267,267,Algún campo sin dato,1,53be1014ce737c71943c84adb128fd200210ac1a63466c30582988d55c1c4058,25/06/2023 22:00:36,ESCANER
14804,"Huehuetenango",13,"Huehuetenango",1,2116,400,30,119,52,10,10,8,1,6,3,2,6,9,0,3,1,1,1,0,1,1,264,16,3,283,0,283,--,400,117,264,283,283,Algún campo sin dato,1,a8067490ed7f2e9717c53c6754a35c5a4d9064c171fff7e53b8b3b7ef9cd26ee,26/06/2023 00:18:32,ESCANER
14805,"Huehuetenango",13,"Huehuetenango",1,2116,400,26,127,52,14,5,9,1,3,4,3,6,8,4,2,0,2,1,0,2,3,272,9,0,281,0,281,--,398,117,272,281,281,Algún campo sin dato,1,0d390b757d6987359619e6376a912a93c1f1acabdf973a12a4a0deda291b4210,25/06/2023 22:46:53,ESCANER
14806,"Huehuetenango",13,"Huehuetenango",1,2116,400,30,121,32,7,7,11,0,4,5,1,8,6,1,1,4,0,1,1,1,3,244,17,4,265,0,265,--,387,122,244,265,265,Algún campo sin dato,1,2e0c3717c471fb26b8d5dae87ffd42244be5a75ccd931d1dccc6947e5743c350,26/06/2023 00:53:42,ESCANER
14807,"Huehuetenango",13,"Huehuetenango",1,2116,400,38,100,36,7,3,11,1,5,1,2,4,4,2,1,3,2,0,1,0,3,224,16,1,241,0,241,--,400,159,224,241,241,Algún campo sin dato,1,5426397fcb82d378f8644f2a50da3dab77f712f14154a28bafea1e0a998e8d4d,25/06/2023 23:58:01,ESCANER
14808,"Huehuetenango",13,"Huehuetenango",1,2117,400,28,118,37,15,6,8,5,5,2,4,4,9,2,2,4,0,1,2,0,5,257,8,0,265,0,265,--,400,135,257,265,265,Algún campo sin dato,1,28e7003aa60f87f45a369d41e84e9e08636f4c422ad6178971c4c64aa81a9814,25/06/2023 23:27:57,ESCANER
14809,"Huehuetenango",13,"Huehuetenango",1,2117,273,13,57,24,10,4,5,1,9,0,3,0,2,0,0,2,0,1,1,1,3,136,10,1,147,0,147,--,273,126,136,147,147,Algún campo sin dato,1,374510dcee818b23492c347b397861e6785c6fed815d54267b86a12789ce31f6,25/06/2023 23:57:36,ESCANER
14810,"Huehuetenango",13,"Huehuetenango",1,2117,272,14,58,24,6,0,4,1,4,2,0,4,5,0,0,1,0,0,2,2,1,128,5,0,133,0,133,--,272,139,128,133,133,Algún campo sin dato,1,190fc20b897b8d2f189ee062b38ef7bb1f6e3943fbaeb25434982b949f191164,25/06/2023 23:44:03,ESCANER
14811,"Huehuetenango",13,"Huehuetenango",1,2118,400,68,44,64,5,2,17,2,5,1,5,4,6,1,0,2,1,2,1,0,2,232,22,1,255,0,255,--,400,145,232,255,255,Algún campo sin dato,1,aaa7ccffc7ad275dcfca973412ad8b241ff32e9cf61ef1d21b9817ca4e81767a,25/06/2023 22:57:12,ESCANER
14812,"Huehuetenango",13,"Huehuetenango",1,2118,400,73,59,75,5,2,12,1,0,0,4,1,4,3,2,0,2,2,1,1,3,251,19,3,273,0,273,--,127,--,250,272,272,Sumas Asentadas sin cuadrar,1,ff5df55fe41c36a4e4ad844c3d4186a894da8ff07c0fa218b62ab7840f0c65b2,26/06/2023 00:44:30,ESCANER
14813,"Huehuetenango",13,"Huehuetenango",1,2118,400,64,56,73,4,4,19,3,5,4,8,4,5,1,1,3,0,0,0,2,2,258,17,3,278,0,278,--,--,--,258,278,278,Algún campo sin dato,1,7af3aa309ece6ad1e6257613a6247184a54d68f1d01f7fccee364df4951bedb0,26/06/2023 05:18:01,ESCANER
14814,"Huehuetenango",13,"Huehuetenango",1,2118,400,65,56,41,5,2,17,1,1,2,2,0,7,2,3,1,1,1,0,1,5,213,15,1,229,0,229,--,400,171,213,229,229,Algún campo sin dato,1,9a321454f474eeb9719c06991ba803ee4a542d60c554773821160891073dd4c9,26/06/2023 00:09:17,ESCANER
14815,"Huehuetenango",13,"Huehuetenango",1,2118,400,58,66,47,4,9,15,5,2,3,9,3,5,1,2,3,2,1,0,1,6,242,20,2,264,0,264,--,396,132,242,264,264,Algún campo sin dato,1,49cb563006483ad3cd82b60dd7e6b137da6b073570f854afee7287d38c4f4f03,26/06/2023 02:40:33,ESCANER
14816,"Huehuetenango",13,"Huehuetenango",1,2118,400,68,69,48,6,1,13,0,1,2,3,4,6,1,2,1,1,3,0,1,3,233,21,0,254,0,254,--,400,146,233,254,254,Algún campo sin dato,1,179007a2ffbf444b5601a0ec00fe33f617a71c6b52f579c178c0cd8f7c732a37,26/06/2023 01:33:37,ESCANER
14817,"Huehuetenango",13,"Huehuetenango",1,2119,400,72,68,44,3,4,13,2,4,7,2,0,5,2,3,1,6,1,1,1,4,243,12,1,256,1,257,1,401,144,243,256,257,,1,74f9fd7e5ac79730dca144a28f7ebc529d8b9b342028cf10782f53b0b93cade5,26/06/2023 02:35:26,ESCANER
14818,"Huehuetenango",13,"Huehuetenango",1,2119,392,54,73,44,4,5,12,0,1,7,2,3,8,3,0,0,1,1,0,0,4,222,14,0,236,1,237,--,392,155,222,236,237,Algún campo sin dato,1,7ec18f1ea99e4b5f23195cea25f5c283aa51fb3c2b2e035b58d6fe1f4166dc82,26/06/2023 02:55:23,ESCANER
14819,"Huehuetenango",13,"Huehuetenango",1,2119,391,44,49,39,0,2,5,0,4,2,2,1,4,1,1,2,2,2,1,1,3,165,13,0,178,1,179,--,391,212,165,178,179,Algún campo sin dato,1,a3fc92235468febe80a9faf1e0e35716dac3345884237ff53a29db7c1aefb376,26/06/2023 02:06:14,ESCANER
14820,"Huehuetenango",13,"Huehuetenango",1,2120,400,52,46,49,4,4,8,2,2,5,6,3,5,1,4,5,2,0,0,1,1,200,17,1,218,0,218,--,400,182,200,218,218,Algún campo sin dato,1,98edb1a72a178c1e437461539970fe4d48819e22df575234976fab8d9c2e54f7,26/06/2023 01:27:11,ESCANER
14821,"Huehuetenango",13,"Huehuetenango",1,2120,400,43,60,38,4,5,17,2,9,5,5,4,7,4,1,2,2,3,0,0,2,213,24,3,240,0,240,--,400,160,213,240,240,Algún campo sin dato,1,84633b5e963c9fe8d9261ca5419de4065636bdee14f11a305c29948e4d2e185f,26/06/2023 02:36:02,ESCANER
14822,"Huehuetenango",13,"Huehuetenango",1,2120,400,53,58,49,0,4,15,4,3,4,9,2,4,3,0,5,3,1,0,2,1,220,23,1,244,0,244,--,400,156,220,244,244,Algún campo sin dato,1,d9707a1f468e8cf116e3e9959c17e848732a09dade4b6e64d85a8d480a9e8e9b,25/06/2023 23:18:28,ESCANER
14823,"Huehuetenango",13,"Huehuetenango",1,2120,400,40,61,52,3,9,12,1,3,7,6,7,6,0,1,4,1,2,2,3,2,222,26,5,253,0,253,--,400,147,222,253,253,Algún campo sin dato,1,f4dee69d95fdad462d485c5961a1c7740e0f445f376e158f9a81cd6672754a75,26/06/2023 01:24:41,ESCANER
14824,"Huehuetenango",13,"Huehuetenango",1,2120,400,66,55,53,2,3,21,2,3,9,3,3,3,2,0,1,1,0,0,2,1,230,17,4,251,0,251,--,400,149,230,251,251,Algún campo sin dato,1,97a16551c1d2e998cbb6eee864a9578b9b55dc21fb7995a64e5f078bbd74aea5,26/06/2023 01:45:12,ESCANER
14825,"Huehuetenango",13,"Huehuetenango",1,2120,400,55,43,53,5,2,18,2,1,8,6,4,8,3,0,1,0,1,1,3,1,215,12,2,229,0,229,--,400,171,215,229,229,Algún campo sin dato,1,ce988a8f88fc2807bf16a8f96d4eeb299343aff8dbcb87a870f874f109376ab6,26/06/2023 01:52:47,ESCANER
14826,"Huehuetenango",13,"Huehuetenango",1,2120,400,49,41,53,1,1,16,0,2,5,3,2,10,2,0,1,0,2,1,1,2,192,11,3,206,0,206,--,400,194,192,206,206,Algún campo sin dato,1,8ae63280d692e2d9ac3c7c76844d56755a6042c2232767d310debfbce67ad0f7,27/06/2023 19:56:27,ESCANER
14827,"Huehuetenango",13,"Huehuetenango",1,2120,400,40,56,50,4,2,16,1,6,4,9,0,4,2,1,1,2,2,3,1,2,206,16,5,227,0,227,--,400,173,206,227,227,Algún campo sin dato,1,971488964374ada10e99bf0ff4c49aaade3e19f20dd0a7c58eea004f22102a6c,26/06/2023 02:21:02,ESCANER
14828,"Huehuetenango",13,"Huehuetenango",1,2121,400,40,64,67,2,2,14,1,5,5,2,7,7,2,2,1,0,1,2,3,0,227,10,1,238,0,238,--,400,162,227,238,238,Algún campo sin dato,1,7edb84cdd74706cc1f065672a1e0dca61a5f8d5b846f824f9ded1879e7cc4fed,25/06/2023 23:46:51,ESCANER
14829,"Huehuetenango",13,"Huehuetenango",1,2121,400,41,64,58,6,6,9,3,0,2,10,3,8,2,1,1,0,0,0,5,1,220,14,3,237,0,237,--,400,163,220,237,237,Algún campo sin dato,1,ae7e695ecd3a29fd1945ce81fa2ff0b5a71bf5dd929cadec713b9f00d98f35b0,26/06/2023 01:25:00,ESCANER
14830,"Huehuetenango",13,"Huehuetenango",1,2121,400,57,44,40,2,2,12,1,7,4,5,3,10,1,2,0,1,0,0,1,0,192,21,5,218,0,218,--,400,182,192,218,218,Algún campo sin dato,1,ccf26314259e0709f09380b156b84358c9ec376829c892966501bb83dc098e0b,26/06/2023 00:15:47,ESCANER
14831,"Huehuetenango",13,"Huehuetenango",1,2121,400,40,47,39,2,7,13,2,3,7,8,2,5,5,0,3,0,0,1,4,1,189,22,0,211,0,211,--,402,191,189,211,211,Algún campo sin dato,1,f7d9c490d7345ea456e5dee51dde4eaae0193e4b27d8f9b870368de84de10309,26/06/2023 00:33:06,ESCANER
14832,"Huehuetenango",13,"Huehuetenango",1,2121,400,52,53,46,2,5,18,2,2,14,6,1,1,1,0,1,0,1,0,3,0,208,16,2,226,0,226,--,400,174,208,226,226,Algún campo sin dato,1,af65375767dd4f46f9ef78cd615da183d23d41d06eca0cf915deab825901a740,26/06/2023 04:11:05,ESCANER
14833,"Huehuetenango",13,"Huehuetenango",1,2121,400,34,47,57,3,6,9,0,5,4,2,4,2,1,0,1,2,0,0,1,0,178,10,2,190,0,190,--,400,210,178,190,190,Algún campo sin dato,1,303eab4efbcf81d5a4c6dfe2fae42de4a23e15dd3b784b581d7384c8b56a7c8d,26/06/2023 01:06:12,ESCANER
14834,"Huehuetenango",13,"Huehuetenango",1,2121,400,35,58,52,3,2,8,2,0,6,3,2,0,2,1,0,2,2,3,0,4,185,5,3,193,0,193,--,400,207,185,193,193,Algún campo sin dato,1,98350585cbdb4a3f6082d7feb15939ad5d762ca38a1d2d65039930a455e76c89,26/06/2023 00:49:02,ESCANER
14835,"Huehuetenango",13,"Huehuetenango",1,2122,400,23,52,28,4,6,6,0,2,5,4,0,3,1,0,0,2,3,1,1,3,144,5,2,151,1,152,--,400,248,144,151,152,Algún campo sin dato,1,8ed87751c2b0ec27c4f09be96243e12f509826d1932205a541e956ce59778a60,26/06/2023 00:25:12,ESCANER
14836,"Huehuetenango",13,"Huehuetenango",1,2122,283,28,41,41,4,5,2,0,2,5,1,2,1,1,0,0,1,0,0,1,4,139,7,0,146,0,146,--,283,137,139,146,146,Algún campo sin dato,1,045be523f395ab5d3aeb82af2e97ad8561fe78fabce1daf21ae6e28b1b64b21b,25/06/2023 22:44:31,ESCANER
14837,"Huehuetenango",13,"Huehuetenango",1,2122,282,33,17,24,1,0,5,1,1,3,0,1,2,0,0,3,1,0,1,1,2,96,11,0,107,0,107,--,282,172,96,107,107,Algún campo sin dato,1,02c5aa0afc7bd20789e57763a8ffb082947811201eefb79ff3a12728747d09dd,25/06/2023 22:34:19,ESCANER
14838,"Huehuetenango",13,"Huehuetenango",1,2123,400,52,52,54,2,10,31,3,4,4,4,7,5,4,1,1,1,3,0,1,1,240,16,4,260,1,261,1,400,138,240,260,261,,1,cc5ce6d48416a755c0a0dc84a6154b22157896949ef461341a3bcab23b0db14d,26/06/2023 02:35:02,ESCANER
14839,"Huehuetenango",13,"Huehuetenango",1,2123,400,56,45,48,9,11,21,2,5,2,5,2,6,7,3,3,0,2,0,4,0,231,18,4,253,0,253,--,400,147,231,253,253,Algún campo sin dato,1,aafad9ae9dd243404a162286094f1f82bde4fce98bf799014bf028a1a7bb3472,25/06/2023 23:55:35,ESCANER
14840,"Huehuetenango",13,"Huehuetenango",1,2123,400,60,48,44,7,10,20,3,5,4,5,7,12,4,1,1,2,1,1,6,2,243,19,1,263,1,264,--,400,137,243,263,264,Algún campo sin dato,1,b3a95296a6e596d1074631f8c42fe45a355fb05b4b97827fda8ae913e2432438,25/06/2023 23:51:59,ESCANER
14841,"Huehuetenango",13,"Huehuetenango",1,2123,400,54,61,55,3,5,29,2,8,6,2,6,5,4,0,2,3,1,0,1,2,249,14,2,265,0,265,--,397,131,249,265,265,Algún campo sin dato,1,bee51422c94d87c278719b8f0a40c2850be506956eae51a00f7c82c526980300,26/06/2023 00:19:32,ESCANER
14842,"Huehuetenango",13,"Huehuetenango",1,2123,400,43,50,68,3,8,21,2,5,4,6,7,6,5,4,3,0,1,1,2,2,241,21,2,264,0,264,--,400,136,241,264,264,Algún campo sin dato,1,08e5059d1be348de8f001924faf594cecb28caf32300a2da0913f19ec4e85f83,26/06/2023 02:29:51,ESCANER
14843,"Huehuetenango",13,"Huehuetenango",1,2123,400,42,57,47,3,5,31,1,6,1,2,7,4,2,1,2,0,0,1,0,2,214,15,1,230,0,230,1,400,170,214,230,230,,1,9ec3b93da28da5c29c504280d485b1128423b2a661585c959ebb89f7db36aab0,25/06/2023 23:42:24,ESCANER
14844,"Huehuetenango",13,"Huehuetenango",1,2123,400,49,57,54,2,3,21,3,3,2,6,8,5,8,1,3,1,3,2,0,2,233,13,1,247,0,247,--,400,153,233,247,247,Algún campo sin dato,1,f70b3ca5eefbd756e10a520e54cd06c0112352d53022e5ea43bc1b0b1fd80f9f,26/06/2023 00:28:52,ESCANER
14845,"Huehuetenango",13,"Huehuetenango",1,2123,400,42,64,50,8,3,18,1,3,3,2,10,6,4,2,0,6,1,0,4,3,226,16,4,246,0,246,--,400,154,230,250,250,Sumas Asentadas sin cuadrar,1,f7bf5be0073d16645bccb5264da59a3dfdd34833559b1ac6792f668574c8c289,26/06/2023 01:39:04,ESCANER
14846,"Huehuetenango",13,"Huehuetenango",1,2123,400,42,63,49,8,6,25,0,0,5,0,7,17,4,4,0,3,0,0,1,4,238,19,1,258,0,258,--,400,142,238,258,258,Algún campo sin dato,1,c374c569e47536f032276871d23e870b76b1551c011c62ccec0e13251af39efc,26/06/2023 01:07:17,ESCANER
14847,"Huehuetenango",13,"Huehuetenango",1,2124,400,44,60,41,3,3,19,1,4,1,6,11,2,4,1,0,2,1,0,3,1,207,27,4,238,0,238,--,400,162,207,238,238,Algún campo sin dato,1,c27553615f578969e387be29875a8b45e585a2d62ef335a57b5fd11ef39f9832,26/06/2023 00:50:53,ESCANER
14848,"Huehuetenango",13,"Huehuetenango",1,2124,400,42,53,47,3,7,25,1,8,3,1,4,1,3,1,3,2,1,0,0,1,206,17,2,225,1,207,--,403,177,206,225,226,Sumas Asentadas sin cuadrar,1,1d8688a21f55174acfc41ffdf9a1205284165a3ac160f54c8500512ebd0ba22d,25/06/2023 23:58:54,ESCANER
14849,"Huehuetenango",13,"Huehuetenango",1,2124,400,45,65,51,2,3,13,2,3,4,2,7,6,3,0,1,0,1,2,0,2,212,17,1,230,0,230,--,400,170,212,230,230,Algún campo sin dato,1,d7d6916557d49593e49841dbad0a551698a7d594c984d8c9e432da043326c866,25/06/2023 23:51:25,ESCANER
14850,"Huehuetenango",13,"Huehuetenango",1,2124,400,41,63,41,1,6,22,1,3,4,4,3,7,5,0,3,2,1,0,2,0,209,11,1,221,0,221,--,400,179,209,221,221,Algún campo sin dato,1,5458e19fbad4b10742c8d8eb2b4d559be2a3071c01683e2e84b13ea81641b6da,26/06/2023 00:24:56,ESCANER
14851,"Huehuetenango",13,"Huehuetenango",1,2124,400,50,52,59,3,2,12,5,1,2,8,9,3,2,0,2,2,1,1,0,1,215,14,0,229,0,229,--,--,--,215,229,229,Algún campo sin dato,1,6de7ad53a30db103bf94d0e28f7069bdf63e363270a821da49c747a281713415,26/06/2023 03:36:09,ESCANER
14852,"Huehuetenango",13,"Huehuetenango",1,2124,400,26,48,43,2,1,20,2,2,3,3,3,2,2,1,3,0,1,1,0,3,166,7,0,173,0,173,--,400,227,166,173,173,Algún campo sin dato,1,f55d007903d98e108d15b4a6b331c89700ff2449ba71eb37cb4da155c44b4bb0,26/06/2023 01:45:38,ESCANER
14853,"Huehuetenango",13,"Huehuetenango",1,2124,254,26,43,31,3,6,11,0,3,0,0,10,3,4,3,2,0,1,0,0,2,148,9,0,157,0,157,--,--,--,148,157,157,Algún campo sin dato,1,63fd17d2b9f135f2961ed63c28eeda80707af009d5adaa0d3d4e5d55ba6a0858,25/06/2023 22:02:01,ESCANER
14854,"Huehuetenango",13,"Huehuetenango",1,2124,254,27,33,16,1,7,8,0,3,1,3,1,2,3,0,1,0,2,0,0,3,111,5,0,116,2,113,--,254,136,111,116,118,Sumas Asentadas sin cuadrar,1,a2650eced8c83fc5731d2c6eeaf0e8d57e7f0fa8cb056ca6801900f278698d38,25/06/2023 21:44:55,ESCANER
14855,"Huehuetenango",13,"Huehuetenango",1,2125,400,--,--,--,--,--,--,--,--,--,--,--,--,--,--,--,--,--,--,--,--,--,--,--,--,--,--,--,--,--,,,,Acta en Blanco,0,7eb9b3bc0b574896d85d6d1276d1870809b96b08c68c69cd4053433f340268c4,26/06/2023 00:42:58,ESCANER
14856,"Huehuetenango",13,"Huehuetenango",1,2125,400,36,79,32,11,7,19,4,6,9,5,5,11,3,1,4,5,0,0,0,0,237,12,4,253,1,254,--,404,150,237,253,254,Algún campo sin dato,1,af9fc4faf3db2834eaf90da6b58fde53050cf40b584439ed517b5f56aee8da41,26/06/2023 01:54:46,ESCANER
14857,"Huehuetenango",13,"Huehuetenango",1,2126,400,54,72,33,4,7,16,2,3,3,1,1,8,5,2,3,4,0,0,2,1,221,18,1,240,0,240,--,400,160,221,240,240,Algún campo sin dato,1,fba47eefad056f44c93490ed6819122b35370bf009daac9d7ea5ffb853e64bb6,25/06/2023 23:32:55,ESCANER
14858,"Huehuetenango",13,"Huehuetenango",1,2126,400,51,67,36,8,4,19,3,4,12,4,5,8,2,5,1,2,0,0,3,1,235,11,2,248,0,248,--,400,152,235,248,248,Algún campo sin dato,1,7c20d38770d4ab4f9056b7db491c7fe1c0f5a119fd80be516b63c1651c3c9058,26/06/2023 01:44:43,ESCANER
14859,"Huehuetenango",13,"Huehuetenango",1,2126,400,39,65,31,2,4,19,2,4,10,1,5,2,3,1,0,4,2,0,0,0,194,17,2,213,0,213,--,400,187,194,213,213,Algún campo sin dato,1,44e4832974b3ae6080c036944f9e3c213cd893871b2ed69d8ad4b334130d24aa,26/06/2023 02:09:22,ESCANER
14860,"Huehuetenango",13,"Huehuetenango",1,2126,400,37,63,47,3,6,17,1,5,4,5,0,9,5,1,3,3,2,3,2,2,218,17,1,236,0,236,--,400,164,218,236,236,Algún campo sin dato,1,149aa04e79933592bc30708915f2250969d702cb2161b76eda796c41df25ed72,26/06/2023 02:43:02,ESCANER
14861,"Huehuetenango",13,"Huehuetenango",1,2127,400,41,65,48,3,9,15,2,2,8,3,5,10,5,2,1,2,0,0,1,0,222,15,3,240,0,240,--,400,160,222,240,240,Algún campo sin dato,1,da56c2c0ba420ae4f3b60b6449442239a51fc21d7d7ae1b78a4a1ee156557cbc,26/06/2023 00:26:30,ESCANER
14862,"Huehuetenango",13,"Huehuetenango",1,2127,400,39,46,42,4,3,23,0,5,8,5,6,13,5,0,1,5,1,1,1,1,209,19,2,230,0,230,--,400,170,209,230,230,Algún campo sin dato,1,ab4661d453366144c1cd2f6b88c867a921012eccc76f42c242665c4942556064,26/06/2023 00:15:27,ESCANER
14863,"Huehuetenango",13,"Huehuetenango",1,2127,400,23,60,37,7,2,19,1,2,11,4,5,7,2,0,1,0,0,2,1,0,184,10,2,196,0,196,--,400,204,184,196,196,Algún campo sin dato,1,3d0818d4617cb490084085111ef110d7c0886ecf82ea867d1f9df7d0e5a95a3b,26/06/2023 00:55:04,ESCANER
14864,"Huehuetenango",13,"Huehuetenango",1,2127,400,33,54,21,3,3,13,4,0,6,7,0,7,4,1,0,2,1,1,1,1,161,10,0,171,0,171,--,400,229,162,172,172,Sumas Asentadas sin cuadrar,1,8264df42623b0974033ad79b30b238e5d3db836e198f38a58bbf8cbf40680981,26/06/2023 02:52:31,ESCANER
14865,"Huehuetenango",13,"Huehuetenango",1,2127,390,31,55,40,10,3,13,0,1,3,3,4,5,1,1,1,1,1,2,2,3,180,10,0,190,0,190,--,390,200,180,190,190,Algún campo sin dato,1,809a8f846f200dc7eddb2b10a605a0a6326cb7809769972764dfd30f65003688,26/06/2023 01:07:56,ESCANER
14866,"Huehuetenango",13,"Huehuetenango",1,2127,390,25,48,37,9,3,11,3,2,9,3,7,2,6,2,0,2,0,0,2,3,175,9,1,185,0,185,--,390,205,174,184,184,Sumas Asentadas sin cuadrar,1,4ccb42f5cc06b6a8c2b5e212323d408e72f6d18fd94c558156542400569ab312,26/06/2023 03:20:15,ESCANER
14867,"Huehuetenango",13,"Huehuetenango",1,2128,400,32,62,66,19,4,19,1,4,2,8,0,3,3,1,5,3,4,0,0,0,236,14,5,255,0,255,--,400,145,236,255,255,Algún campo sin dato,1,4771521599c8a34774123812e1d4095acdba0ea6f2eceb0361eb208f9f96e731,26/06/2023 01:05:18,ESCANER
14868,"Huehuetenango",13,"Huehuetenango",1,2128,400,46,80,49,18,4,12,1,1,4,4,3,3,6,1,6,1,2,0,0,1,242,12,4,258,0,258,--,--,--,242,258,258,Algún campo sin dato,1,b214ab2eaae6fc90ef88cb3e0627d5859a7bf138fdafaf96560d03e6abb0e2d0,25/06/2023 23:43:46,ESCANER
14869,"Huehuetenango",13,"Huehuetenango",1,2128,400,36,63,54,15,5,14,2,3,6,3,5,3,2,0,2,0,3,0,0,3,219,7,2,228,0,228,--,400,172,219,228,228,Algún campo sin dato,1,31bc17feb83c411c8d6bf394cc5887dc3c4d8614c9685799c92940b966ae0d5b,26/06/2023 02:03:34,ESCANER
14870,"Huehuetenango",13,"Huehuetenango",1,2128,400,50,60,54,12,3,16,1,1,9,2,2,1,4,0,4,0,1,0,3,0,223,13,0,236,0,236,--,400,164,223,236,236,Algún campo sin dato,1,0de6a61e6e3ea206dbaddf9a986a9ad205d90507f85a1e3a9f45d6e8bf7cc7b7,26/06/2023 01:53:38,ESCANER
14871,"Huehuetenango",13,"Huehuetenango",1,2128,400,40,73,41,9,5,9,1,1,2,4,1,0,4,0,1,0,4,1,2,1,199,17,5,221,0,221,1,400,178,199,221,221,,1,3b6cdeefc8563ebf9450a603e0d8c534df096b23db8bbf5fd9925c8e4eee4ae8,26/06/2023 02:25:05,ESCANER
14872,"Huehuetenango",13,"Huehuetenango",1,2128,205,20,32,26,7,1,6,1,0,2,0,1,1,3,2,1,0,2,0,1,2,108,6,1,115,0,115,--,205,90,108,115,115,Algún campo sin dato,1,13bc9749bd75f475f055cbfbb879cad577c5fe14c7f68bc6cc20d620f3f7682e,25/06/2023 23:11:03,ESCANER
14873,"Huehuetenango",13,"Huehuetenango",1,2128,204,13,32,29,7,3,5,0,4,0,0,2,2,0,1,0,0,3,0,1,0,102,8,0,110,0,111,1,204,93,102,110,110,Sumas Asentadas sin cuadrar,1,93a93cdabc5787e1de931b3e4e8891f4c08fdfdb6a6d3524d50b137dfaea4d6d,25/06/2023 21:57:18,ESCANER
14874,"Huehuetenango",13,"Huehuetenango",1,2129,400,41,45,45,3,4,34,1,2,3,15,3,2,5,0,4,2,0,0,1,1,211,19,7,237,0,237,--,400,163,211,237,237,Algún campo sin dato,1,071e6beab25f7b79b3fd2d27bd6b028dded6d042b016cd33bda29acd41d29e82,26/06/2023 03:47:20,ESCANER
14875,"Huehuetenango",13,"Huehuetenango",1,2129,400,41,58,62,1,2,27,1,0,2,12,0,2,7,0,3,1,1,1,2,1,224,27,4,255,0,255,--,400,145,224,255,255,Algún campo sin dato,1,28027e6e374a4a85df4f0417391ab97b043037a480499cc8e356cc318c1b2e65,25/06/2023 23:48:22,ESCANER
14876,"Huehuetenango",13,"Huehuetenango",1,2129,400,55,68,48,1,4,23,1,4,2,11,1,5,3,0,5,2,0,3,0,1,237,17,4,258,0,258,--,400,142,237,258,258,Algún campo sin dato,1,32c85fa6e6262a3c6c73e5b98d2aaa543f18daa3fe4ffeaaa7ec9de620c27cbc,26/06/2023 02:01:22,ESCANER
14877,"Huehuetenango",13,"Huehuetenango",1,2129,400,32,88,50,8,0,28,0,1,1,16,2,3,5,2,2,3,0,0,1,1,243,26,5,274,0,274,--,400,126,243,274,274,Algún campo sin dato,1,ecaa97d8270e94535b8201b298bf5ea92efb06fb98cc70de3ce01f26f82c84d4,26/06/2023 02:50:01,ESCANER
14878,"Huehuetenango",13,"Huehuetenango",1,2129,400,39,50,48,2,2,21,1,6,1,7,2,2,3,2,1,3,0,0,1,1,192,20,1,213,0,213,--,400,187,192,213,213,Algún campo sin dato,1,4b089e7d9442e596842f4a9d170796633e66ecabde0880bca1105c708cb545fe,26/06/2023 02:59:26,ESCANER
14879,"Huehuetenango",13,"Huehuetenango",1,2129,400,46,64,49,3,3,19,1,1,2,13,1,1,4,2,2,1,2,1,1,2,218,17,5,240,0,240,--,406,166,218,240,240,Algún campo sin dato,1,e42ab8d6c22cb5eba1c7079e427db8eb11763f0d3b91f10c18a0dd153f5f8ec6,26/06/2023 04:05:06,ESCANER
14880,"Huehuetenango",13,"Huehuetenango",1,2129,400,45,62,36,1,4,21,0,7,6,8,1,2,4,3,3,2,0,1,1,2,209,13,8,230,0,230,--,399,168,209,230,230,Algún campo sin dato,1,9737942519214dff12da39d302e078f95d2a0af0bea55ee42a4decd88448bfde,26/06/2023 00:52:44,ESCANER
14881,"Huehuetenango",13,"Huehuetenango",1,2129,400,41,55,44,1,3,16,0,3,5,8,3,2,2,3,4,0,1,1,0,0,192,16,0,208,1,209,--,412,204,192,208,209,Algún campo sin dato,1,87d799fe6947bdfcc72f57aeaf4203515a1633aa4713cfbaab4eec8e790fd7cf,26/06/2023 03:35:00,ESCANER
14882,"Huehuetenango",13,"Huehuetenango",1,2130,400,37,43,46,8,2,14,0,5,2,11,2,1,4,1,6,1,0,0,0,0,183,15,4,202,0,202,--,400,198,183,202,202,Algún campo sin dato,1,c932aa44db50003b170c95b0ada249905ed830053a02038c4a9a385aec0cafb9,26/06/2023 00:51:46,ESCANER
14883,"Huehuetenango",13,"Huehuetenango",1,2130,400,32,49,50,6,1,14,2,7,1,7,2,4,2,1,0,1,0,1,0,0,180,9,0,189,0,189,--,400,208,180,189,189,Algún campo sin dato,1,8bbdd87a992ee9bb848bdcf9618423af1e3d4cc9d2e7aa00346167543265b086,25/06/2023 23:39:50,ESCANER
14884,"Huehuetenango",13,"Huehuetenango",1,2130,252,26,29,31,2,1,6,1,1,1,4,0,2,2,2,1,2,1,0,1,0,113,1,0,114,0,114,--,252,138,113,114,114,Algún campo sin dato,1,07f5080ee22e25f560c70afef6c5f2cbb09f5809ccacddaa0f6142f834750fb3,25/06/2023 21:23:56,ESCANER
14885,"Huehuetenango",13,"Huehuetenango",1,2130,251,22,35,22,2,2,7,2,2,0,2,1,2,4,2,1,0,0,1,0,1,108,4,0,112,0,112,--,251,139,108,112,112,Algún campo sin dato,1,b59af2a3ad99536e2baed8c59652cee1ca738085b3f792baa773dd3046e32fbf,25/06/2023 22:22:56,ESCANER
14886,"Huehuetenango",13,"Huehuetenango",1,2131,400,55,63,44,7,5,23,2,6,11,0,6,9,4,0,3,5,0,0,5,2,250,18,4,272,0,272,--,400,128,250,272,272,Algún campo sin dato,1,3f720d5bdebc71fc4530a9e17a751686270288bc75c92bbf6392c5f0c01ace48,26/06/2023 00:08:23,ESCANER
14887,"Huehuetenango",13,"Huehuetenango",1,2131,400,52,73,48,8,3,21,4,8,6,5,2,4,11,0,4,2,1,0,10,2,264,15,1,280,0,280,--,400,116,264,280,280,Algún campo sin dato,1,5132cfd0102cb6c4f521b3a73beafdb6c6ee2ed04f9c3233bee3022f5a5636df,26/06/2023 03:38:42,ESCANER
14888,"Huehuetenango",13,"Huehuetenango",1,2131,400,62,77,40,2,1,23,3,5,11,2,3,8,5,1,2,0,1,0,6,2,254,19,2,275,1,276,--,400,125,254,275,276,Algún campo sin dato,1,c479ad29882c9f396db461903678ae32dd6cadf46f39836c7d4a9353cf999168,26/06/2023 00:43:05,ESCANER
14889,"Huehuetenango",13,"Huehuetenango",1,2131,400,54,62,34,3,3,20,4,7,6,5,4,7,5,2,1,2,0,2,4,0,225,17,0,242,0,242,--,400,157,225,242,242,Algún campo sin dato,1,fb3a5caa83d872efdfde2a95cf4116a0e0192a13671ded9ed341c9f48b86f8e3,26/06/2023 00:47:21,ESCANER
14890,"Huehuetenango",13,"Huehuetenango",1,2131,400,58,74,47,6,1,18,6,2,6,2,1,10,4,0,2,2,1,0,5,1,246,15,3,264,0,264,--,400,136,246,264,264,Algún campo sin dato,1,c8a3cf05158ccd2f651135246c1d27ad8bb5e1b5b1ef7779ff7969ec140a2141,26/06/2023 00:02:53,ESCANER
14891,"Huehuetenango",13,"Huehuetenango",1,2131,400,52,67,50,5,2,23,2,3,8,2,3,12,5,2,6,0,1,1,10,2,256,17,2,275,0,275,--,400,125,256,275,275,Algún campo sin dato,1,58a6c1a813466828020fd4a75a49d54290bd25cbfd4ed65fa5a93f3f54ce00e5,26/06/2023 01:23:20,ESCANER
14892,"Huehuetenango",13,"Huehuetenango",1,2131,400,59,48,39,3,6,29,7,6,5,4,2,7,3,1,2,0,3,0,3,0,227,10,1,238,0,238,--,400,162,227,238,238,Algún campo sin dato,1,6275e9ee96ba07735a91eb386d6bfa95c66703ddab2ab0c0980b86ef4056df48,26/06/2023 00:44:59,ESCANER
14893,"Huehuetenango",13,"Huehuetenango",1,2131,400,39,54,39,3,4,30,5,6,7,3,3,10,6,0,1,1,1,0,3,1,216,14,4,234,0,234,--,398,164,216,234,234,Algún campo sin dato,1,a4afd08b07e4f9ceb1ca8083e93d2bc10e441b49a8d64a64a3bb81b8d2ff1814,26/06/2023 01:58:59,ESCANER
14894,"Huehuetenango",13,"Huehuetenango",1,2131,400,47,80,28,3,7,25,4,4,4,2,3,9,3,2,3,0,1,0,4,1,230,12,1,243,0,243,--,400,157,230,243,243,Algún campo sin dato,1,0299fe31ce8d5e013f9de39f0beb83e7156ee1dc56b5535f7810dae8661f6764,26/06/2023 01:45:06,ESCANER
14895,"Huehuetenango",13,"Huehuetenango",1,2131,252,32,33,27,1,2,7,2,4,2,2,1,3,1,1,1,0,1,0,4,1,125,9,0,134,0,134,--,252,118,125,134,134,Algún campo sin dato,1,a58f6c01da76835251c3691dd24b760829589eecc5b227fcad5c828caa6ef932,25/06/2023 23:20:05,ESCANER
14896,"Huehuetenango",13,"Huehuetenango",1,2131,251,32,41,30,2,3,8,2,2,2,2,0,5,2,1,0,1,0,1,3,0,137,11,1,149,0,149,--,251,102,137,149,149,Algún campo sin dato,1,b714ede156645685a53c688706c47cd1d0dbe04cfed2b2896edef07fa465f0f3,26/06/2023 00:19:46,ESCANER
14897,"Huehuetenango",13,"Huehuetenango",1,2132,400,36,36,32,1,2,86,1,13,3,2,6,1,4,0,1,0,0,0,1,0,225,12,8,245,0,245,--,400,155,225,245,245,Algún campo sin dato,1,d69766f5b0e88573714cc5813105f5e0294032b02996bc9d5fd51b09f018bb39,26/06/2023 01:21:38,ESCANER
14898,"Huehuetenango",13,"Huehuetenango",1,2132,400,46,32,21,3,0,93,6,5,8,1,9,1,7,0,1,3,0,1,0,0,237,18,3,258,0,258,--,400,142,237,258,258,Algún campo sin dato,1,7d8a0892f22b43c82022f5a748064cecaa49642001b0a317e69159c2eba9b5d4,26/06/2023 00:30:14,ESCANER
14899,"Huehuetenango",13,"Huehuetenango",1,2132,400,29,54,31,0,2,64,5,6,9,2,7,1,11,0,0,0,0,0,1,1,223,13,3,239,0,239,--,400,161,223,239,239,Algún campo sin dato,1,60cd5184019c2bf2ea49e643ce6334dfddf1a0cba758944d3cd569c250889c9b,26/06/2023 00:13:00,ESCANER
14900,"Huehuetenango",13,"Huehuetenango",1,2132,400,34,29,29,4,1,64,9,6,3,1,8,1,11,0,1,0,0,0,0,1,202,21,5,228,0,228,--,400,172,202,228,228,Algún campo sin dato,1,315f12b837dbd193f2ca9eb0e6d1894a809349e2efb3c05e37731946f04dfec3,26/06/2023 00:29:23,ESCANER
14901,"Huehuetenango",13,"Huehuetenango",1,2132,400,35,38,27,4,0,57,7,6,3,2,6,1,10,1,0,0,0,0,0,1,198,13,3,214,0,214,--,401,187,198,214,214,Algún campo sin dato,1,ddc552d8163b0befc95f28197f36fb03dbd0592124faa78541da126f2374a6a3,26/06/2023 00:17:25,ESCANER
14902,"Huehuetenango",13,"Huehuetenango",1,2132,248,20,19,7,2,2,31,0,2,5,1,2,0,1,0,0,1,0,1,0,0,94,6,0,100,0,100,--,248,148,94,100,100,Algún campo sin dato,1,1d9e84ac4ce24316bc80828a077ada3bd746473de306084966b3c087cef6a19d,25/06/2023 23:38:26,ESCANER
14903,"Huehuetenango",13,"Huehuetenango",1,2132,247,17,17,13,5,0,36,1,2,1,1,4,2,1,1,1,0,0,0,0,1,103,3,1,107,0,107,--,247,140,103,107,107,Algún campo sin dato,1,abf1c290cd5d731425688472dd40d7acd375d3a8876faf4ce96751c495ef67ae,25/06/2023 23:04:01,ESCANER
14904,"Huehuetenango",13,"Huehuetenango",1,2133,400,39,43,28,7,5,47,1,1,39,3,2,1,3,1,5,3,1,1,2,0,232,10,2,244,0,244,--,400,156,232,244,244,Algún campo sin dato,1,7ccaa9232fd1400414b2087eafa5f24f4f42376a38829bd971635d694943ae93,25/06/2023 23:55:41,ESCANER
14905,"Huehuetenango",13,"Huehuetenango",1,2133,400,37,56,35,1,5,36,3,1,47,9,4,5,0,0,4,3,0,1,0,2,249,16,3,268,0,268,--,400,132,249,268,268,Algún campo sin dato,1,4032e2567d0bdfd38ea4d38252c34b26e1631058508e85660e5103933d07a81f,26/06/2023 00:10:37,ESCANER
14906,"Huehuetenango",13,"Huehuetenango",1,2133,400,54,57,16,6,1,47,1,4,40,3,3,3,2,0,3,2,0,1,2,0,245,18,1,264,0,264,--,400,136,245,264,264,Algún campo sin dato,1,c2ba985e54b6ea1d3d71a98b257c188f1ce3a71492a3a987d229cb1b52744002,26/06/2023 01:58:21,ESCANER
14907,"Huehuetenango",13,"Huehuetenango",1,2133,400,43,61,31,6,2,35,0,4,29,4,1,4,6,1,3,3,0,0,1,0,234,16,0,250,0,250,--,396,146,234,250,250,Algún campo sin dato,1,bd62021ef5255521012c7ba586d2d4c849fd30c5439015af66081a9af5bde1e5,26/06/2023 01:49:35,ESCANER
14908,"Huehuetenango",13,"Huehuetenango",1,2133,400,38,59,26,2,5,40,3,1,23,3,1,2,4,0,0,2,0,0,1,2,212,13,0,225,0,225,--,400,175,212,225,225,Algún campo sin dato,1,3c738f18b728da7d2a75c2a74164e25963f730543d4e2a6320bea5c8cdb0d604,26/06/2023 03:06:56,ESCANER
14909,"Huehuetenango",13,"Huehuetenango",1,2133,400,30,66,29,3,4,39,0,2,28,1,4,2,7,0,3,0,1,0,1,0,220,17,3,240,0,240,--,400,160,220,240,240,Algún campo sin dato,1,352e31fe3434e2e198d5503e35d3fcc1d70dfe5d32339117157ed9cea691df73,25/06/2023 23:14:25,ESCANER
14910,"Huehuetenango",13,"Huehuetenango",1,2133,400,33,56,23,4,1,39,2,2,41,4,2,3,9,0,1,3,0,1,1,0,225,20,1,246,0,246,--,400,154,225,246,246,Algún campo sin dato,1,2eea88a0ff04fdf598b93690ce2e8fd911382fab9349e1a66b8eb765a5a541e3,26/06/2023 02:04:02,ESCANER
14911,"Huehuetenango",13,"Huehuetenango",1,2133,400,53,46,37,2,0,21,1,1,51,1,2,0,4,1,0,4,0,0,0,0,229,16,1,246,0,246,--,401,155,224,241,241,Sumas Asentadas sin cuadrar,1,aee2448b5e021add3545f1de9fdfddd46f40ce74af6264c0826cba8091140252,26/06/2023 02:14:55,ESCANER
14912,"Huehuetenango",13,"Huehuetenango",1,2134,400,32,45,38,2,4,32,4,1,36,4,1,4,1,1,1,1,0,1,2,0,210,5,2,217,1,218,--,400,182,210,217,218,Algún campo sin dato,1,503dbff524a14462f8e64c7eb1550b2113c07b1cc922be149e6c5fd7dc0342f0,26/06/2023 01:20:53,ESCANER
14913,"Huehuetenango",13,"Huehuetenango",1,2134,400,30,47,30,2,4,32,2,2,25,6,2,1,7,0,3,2,1,0,0,1,197,7,3,207,0,207,--,400,193,197,207,207,Algún campo sin dato,1,76e4083c6716f1847fd4383a750a201e4f2475d8f2e3c181c0b72b7b94811baf,26/06/2023 00:58:04,ESCANER
14914,"Huehuetenango",13,"Huehuetenango",1,2134,384,27,41,16,1,2,32,1,3,21,5,2,1,5,0,0,1,1,0,1,1,161,6,0,167,0,167,--,384,217,161,167,167,Algún campo sin dato,1,c3f35c995e59a6bd3dc387b08a1c936b6b8442d72f319a2f74b5464ab82c34d2,26/06/2023 02:39:49,ESCANER
14915,"Huehuetenango",13,"Huehuetenango",1,2134,383,30,53,23,3,2,25,2,1,37,1,2,1,3,0,1,1,1,2,0,1,189,4,0,193,0,193,--,--,--,189,193,193,Algún campo sin dato,1,24eab6aae5a3292888a9801ae12943095a2558e600da192d22b9e852b1bc1680,26/06/2023 05:02:14,ESCANER
14916,"Huehuetenango",13,"Huehuetenango",1,2135,380,17,38,13,2,1,154,3,3,6,2,3,3,0,0,0,0,2,0,0,0,247,3,7,257,0,257,--,380,123,247,257,257,Algún campo sin dato,1,2288801af2a791cda6d1a3bfe3a3ac432ae9eaae0385527f5650d6197a759ede,26/06/2023 01:37:47,ESCANER
14917,"Huehuetenango",13,"Huehuetenango",1,2135,380,17,41,12,2,2,153,0,0,8,2,1,0,1,2,4,1,0,1,0,0,247,18,5,270,0,270,--,380,110,247,270,270,Algún campo sin dato,1,490b150187e29a65fe532ae1e857ecb538ab1d738498949090ce20e9288f7e9c,25/06/2023 23:43:42,ESCANER
14918,"Huehuetenango",13,"Huehuetenango",1,2135,380,18,40,19,1,1,147,2,0,5,0,3,2,0,0,2,2,0,0,0,2,244,13,4,261,0,261,--,380,119,244,261,261,Algún campo sin dato,1,f50b274f863e71782a1f2c682436ee7e2214367f7f645708f6bee9f68091af4c,25/06/2023 23:06:23,ESCANER
14919,"Huehuetenango",13,"Huehuetenango",1,2135,380,23,38,24,4,3,143,0,2,6,4,1,3,0,1,3,0,1,0,0,2,257,13,2,272,0,272,--,380,108,258,273,273,Sumas Asentadas sin cuadrar,1,5dd88a2ec1d4b6aee42425cc61f1cd4e0f25c43afce571e87ce99805b8241edb,26/06/2023 01:03:36,ESCANER
14920,"Huehuetenango",13,"Huehuetenango",1,2135,380,20,36,12,2,0,138,2,1,9,1,2,0,0,1,1,0,1,0,0,1,227,9,0,236,0,236,--,380,144,227,236,236,Algún campo sin dato,1,82a070cb67dbde05cdfc3d922d99538e4dde08d388fd26244d88b02b6f7da245,26/06/2023 00:07:40,ESCANER
14921,"Huehuetenango",13,"Huehuetenango",1,2135,380,21,44,8,0,3,116,1,2,4,3,4,1,1,0,0,0,0,0,0,1,209,10,2,221,0,221,0,380,159,209,221,221,,1,a1d601a64aaddb58766bc8bbf797f7ffe57f88ddc07bef08d4c3e06389f5d4c9,26/06/2023 00:49:57,ESCANER
14922,"Huehuetenango",13,"Huehuetenango",1,2135,235,11,28,4,1,2,69,1,2,4,0,0,0,0,1,1,0,0,1,1,1,126,3,0,129,0,129,--,235,106,127,130,130,Sumas Asentadas sin cuadrar,1,c77364d75f4efaaebc7374baf42cd546014a57ddefcc8c03b0a84e5c7d59c4ba,26/06/2023 00:14:54,ESCANER
14923,"Huehuetenango",13,"Huehuetenango",1,2135,235,5,23,8,0,0,73,0,0,5,1,1,2,2,1,1,0,0,0,0,0,122,3,0,125,0,125,--,235,110,122,125,125,Algún campo sin dato,1,9fc1cf3d85406576e3cf19abad66b769dadea97827612028ca368020f528113f,25/06/2023 23:32:52,ESCANER
14924,"Huehuetenango",13,"Huehuetenango",1,2136,380,53,48,45,3,3,24,4,0,11,4,5,1,2,0,1,3,1,1,1,0,210,12,6,228,0,228,--,380,152,210,228,228,Algún campo sin dato,1,f455902ed41606be1283abadd9bc7ac53818b26ae1a3dbe8f208df8ea2b53275,26/06/2023 00:00:08,ESCANER
14925,"Huehuetenango",13,"Huehuetenango",1,2136,285,32,33,33,2,1,5,4,1,14,4,5,0,2,0,0,1,2,0,1,1,141,10,2,153,0,153,--,285,132,141,153,153,Algún campo sin dato,1,5ff99aa43d399266f8d960cca24b6f8d62ceef198bbb99555735757a7cb346ad,25/06/2023 23:32:58,ESCANER
14926,"Huehuetenango",13,"Huehuetenango",1,2136,284,26,37,19,0,0,8,1,1,10,0,2,2,1,1,0,0,1,0,0,1,110,5,2,117,0,117,--,284,167,110,117,117,Algún campo sin dato,1,124c5a5c0a6ec48a153bb6103bc1cbffe6a71bfd427a1a188e4c24d51f45df4a,25/06/2023 23:20:56,ESCANER
14927,"Huehuetenango",13,"Huehuetenango",1,2137,380,51,56,39,5,3,31,4,2,9,2,3,1,14,0,1,2,1,1,3,0,228,16,3,247,0,247,--,380,133,228,247,247,Algún campo sin dato,1,2b86393c6572cc5e9207cb426e988e3c7e9cfb830b3e3ff5697cb3152629afb0,26/06/2023 00:31:56,ESCANER
14928,"Huehuetenango",13,"Huehuetenango",1,2137,380,55,55,36,4,4,25,3,5,12,1,2,3,18,2,0,0,1,0,2,2,230,16,2,248,0,248,--,380,132,230,248,248,Algún campo sin dato,1,d8cb4d3b55a00f90e86e592b5ef9b3295749ce1b24dc10085a4b84ef6f97387f,26/06/2023 00:59:29,ESCANER
14929,"Huehuetenango",13,"Huehuetenango",1,2137,380,61,50,42,6,1,24,6,4,5,6,1,4,13,1,2,0,0,0,1,0,227,17,3,247,0,247,--,380,133,227,247,247,Algún campo sin dato,1,858c250e22718aeccda0ce1dc314dffab8fe9f7a002a421bbc3d3ff93accbc8a,25/06/2023 23:21:09,ESCANER
14930,"Huehuetenango",13,"Huehuetenango",1,2137,380,56,54,39,4,2,25,5,4,8,2,4,4,22,0,2,1,2,0,2,1,237,18,2,257,0,257,--,380,120,237,257,257,Algún campo sin dato,1,5105690b40e57e531dda47b8a8b12291686d6c795dfc2c14f263810f0e54482c,26/06/2023 00:01:40,ESCANER
14931,"Huehuetenango",13,"Huehuetenango",1,2137,380,52,49,31,4,1,26,3,2,8,2,2,1,16,1,0,0,1,0,1,0,200,13,0,213,0,213,--,380,167,200,213,213,Algún campo sin dato,1,528b5be2bc3ba76c68428be5fa92d99267051d30c7e2c4885ce026c07c7c65b9,26/06/2023 00:04:38,ESCANER
14932,"Huehuetenango",13,"Huehuetenango",1,2137,380,44,44,45,4,5,24,6,1,14,2,2,3,10,3,1,1,3,0,1,0,213,10,3,226,0,226,--,371,145,213,226,226,Algún campo sin dato,1,e9af5077918d7ba6e6ab73e3d21b9537b3a15465fadc62f31cac3f77af24428d,25/06/2023 23:26:00,ESCANER
14933,"Huehuetenango",13,"Huehuetenango",1,2137,380,60,52,39,2,1,15,5,8,5,0,4,5,22,2,0,1,0,0,2,0,223,11,2,236,0,236,--,380,143,223,236,236,Algún campo sin dato,1,9556bed7119eb27262d242382c6b32c50026bb09869c9b77f8fb06e137b3001f,25/06/2023 23:34:27,ESCANER
14934,"Huehuetenango",13,"Huehuetenango",1,2137,380,67,51,28,4,3,25,1,6,6,1,1,5,17,0,1,0,1,2,0,0,219,14,2,235,1,236,1,380,145,219,235,236,,1,59c7559cc49adc47fba25f0879215610cd6601a6d486c01b6a053d104ed67938,26/06/2023 01:13:16,ESCANER
14935,"Huehuetenango",13,"Huehuetenango",1,2137,380,53,37,41,5,2,31,3,3,6,3,3,3,9,0,6,0,0,0,4,1,210,20,4,234,0,234,--,380,146,210,234,234,Algún campo sin dato,1,ead2095c5b46b5f598577d36fd9a5b2c84f0ae97e264dd3183240397b48f9249,26/06/2023 02:34:16,ESCANER
14936,"Huehuetenango",13,"Huehuetenango",1,2137,380,42,47,28,1,1,22,4,1,3,1,0,0,16,2,2,0,0,1,4,1,176,9,5,190,0,190,--,380,190,176,190,190,Algún campo sin dato,1,b829b0e39fd42fea5807f13b2107612efd5d492b2459e13d8706dea896806b7e,26/06/2023 01:51:57,ESCANER
14937,"Huehuetenango",13,"Huehuetenango",1,2137,380,41,56,29,6,1,30,4,2,5,1,3,6,15,2,2,0,2,1,2,0,208,8,0,216,0,216,--,380,164,208,216,216,Algún campo sin dato,1,d10b591790795646d2476d7198f9e3df27ce0ef643d8e90c720a159d293669b4,26/06/2023 05:52:52,ESCANER
14938,"Huehuetenango",13,"Huehuetenango",1,2137,255,24,28,14,3,0,10,1,3,3,0,2,0,8,0,1,0,1,0,1,2,101,4,1,106,0,106,--,255,149,101,106,106,Algún campo sin dato,1,30f5fa023abae48b0d39db4624d6f843ea9c649d2d781516f2cfdb18a5300c7e,25/06/2023 22:44:29,ESCANER
14939,"Huehuetenango",13,"Huehuetenango",1,2137,254,21,33,18,4,1,16,5,0,4,2,2,5,6,1,0,0,0,0,0,1,119,2,1,122,0,122,--,254,132,119,122,122,Algún campo sin dato,1,32abe374990824abed5e0fdebed4545567326c8e2f2159bdbb5dd58ee535adf8,25/06/2023 22:10:50,ESCANER
14940,"Huehuetenango",13,"Huehuetenango",1,2138,380,54,41,28,2,3,23,1,2,5,7,10,1,3,1,2,1,0,0,0,0,184,26,6,216,0,216,--,380,164,184,216,216,Algún campo sin dato,1,120d3e48c2c17663798d6264d9321d1d7ae157ff410d86d8a0df3580bab30b72,25/06/2023 23:27:41,ESCANER
14941,"Huehuetenango",13,"Huehuetenango",1,2138,380,66,33,23,3,2,22,0,1,2,6,5,1,6,1,2,2,0,2,0,0,177,21,9,207,0,207,--,380,173,177,207,207,Algún campo sin dato,1,21d70341a75eb64bfc03fd3a70203726fa102ee11c6ff1a02ae8e53b956389f7,26/06/2023 00:06:19,ESCANER
14942,"Huehuetenango",13,"Huehuetenango",1,2138,380,45,40,22,0,1,19,1,3,1,3,6,0,3,1,0,0,1,0,0,0,146,18,5,169,0,169,--,347,178,146,169,169,Algún campo sin dato,1,a26f11228061b37d628a3746de1c7169f382864807d81595a245d14bf077d0e6,26/06/2023 01:56:27,ESCANER
14943,"Huehuetenango",13,"Huehuetenango",1,2138,380,67,21,18,0,0,23,0,6,1,5,8,0,7,0,1,3,1,1,0,0,162,19,7,188,0,188,--,379,191,162,188,188,Algún campo sin dato,1,ab7b1b33c07c0d18308ec23512935bf00e9c71eb0238ac758418c426a6737a6a,26/06/2023 01:22:05,ESCANER
14944,"Huehuetenango",13,"Huehuetenango",1,2138,380,60,31,31,0,1,22,1,1,4,10,16,0,2,0,4,2,0,0,0,0,185,17,6,208,0,208,--,380,172,185,208,208,Algún campo sin dato,1,a7e483392deaf101cfc783fa257d7392124979150ec7f519a48da04bc07dc10d,25/06/2023 23:03:52,ESCANER
14945,"Huehuetenango",13,"Huehuetenango",1,2138,380,58,30,38,5,2,22,3,0,3,7,11,0,0,0,3,2,0,0,0,0,184,30,7,221,0,221,--,386,161,184,221,221,Algún campo sin dato,1,f9a67dc619c2696c3f14e573ed71561faf470510803c9ab9a6529d6c33a05865,26/06/2023 00:39:35,ESCANER
14946,"Huehuetenango",13,"Huehuetenango",1,2138,380,74,35,25,4,2,23,1,1,1,5,10,0,3,0,4,1,0,0,0,0,189,17,16,222,0,222,--,380,158,189,222,222,Algún campo sin dato,1,fa48f7313236f616fac5a64dbc0284591c37c975e107d2b218ed9bafbdb30c47,26/06/2023 01:17:09,ESCANER
14947,"Huehuetenango",13,"Huehuetenango",1,2138,380,59,36,32,1,1,13,1,4,1,3,6,0,5,0,1,0,0,1,1,0,165,13,2,180,0,180,--,380,200,165,180,180,Algún campo sin dato,1,27d88e825670c2006a2740998969580095cb9a7eb15468f9129a1b4774f31b90,26/06/2023 01:51:50,ESCANER
14948,"Huehuetenango",13,"Huehuetenango",1,2138,380,53,26,28,2,0,13,0,0,4,4,8,0,5,0,1,0,0,0,0,0,144,13,2,159,0,159,--,380,221,144,159,159,Algún campo sin dato,1,7389c3b7fb4caa63101c6f69aa0b477a974a36e88d58ac51b3176cba1f633e0c,26/06/2023 01:26:56,ESCANER
14949,"Huehuetenango",13,"Huehuetenango",1,2138,380,49,33,29,1,0,24,1,0,2,3,9,1,3,0,1,0,0,0,0,0,156,14,2,172,0,172,--,380,208,156,172,172,Algún campo sin dato,1,7a8b52f3b0d714bf4ce108e0ab178732d62a8edb72b3c45d740825eb466af7e4,25/06/2023 23:58:38,ESCANER
14950,"Huehuetenango",13,"Huehuetenango",1,2138,380,58,30,29,0,1,10,0,3,2,2,5,0,0,0,1,1,0,0,0,0,--,12,2,156,0,156,--,380,224,142,156,156,Algún campo sin dato,1,209d60e803a10ff8d8cd7a228faeda69f9f980ef123426dd679ef444050047be,26/06/2023 00:13:04,ESCANER
14951,"Huehuetenango",13,"Huehuetenango",1,2138,380,64,36,24,3,1,13,0,0,2,3,7,0,2,1,1,0,0,0,0,0,157,6,4,167,0,167,--,379,212,157,167,167,Algún campo sin dato,1,bfc3cfe75154c328598193e7e9f87f8fce434b139bd1a8629d36a8736e3e8375,26/06/2023 00:18:16,ESCANER
14952,"Huehuetenango",13,"Huehuetenango",1,2138,380,49,40,15,1,1,11,0,0,0,4,5,1,3,0,1,0,0,0,1,0,132,12,10,154,--,--,--,379,225,132,154,154,Algún campo sin dato,1,47b0d1f7ed3a19dd1165efc83a8631071081b0d76570117169e6608d93b76ac4,26/06/2023 04:08:25,ESCANER
14953,"Huehuetenango",13,"Huehuetenango",1,2138,380,66,22,24,0,0,17,1,1,2,3,4,1,3,0,0,1,0,0,0,0,145,12,5,162,0,162,--,380,218,145,162,162,Algún campo sin dato,1,6b5798bfd593ae438798df9d7b1d5ea312944a5933a664f6886baa383256a51b,25/06/2023 23:44:30,ESCANER
14954,"Huehuetenango",13,"Huehuetenango",1,2139,380,45,30,35,3,2,18,2,0,0,2,7,1,3,0,1,0,1,0,0,0,150,10,1,161,0,161,--,380,219,150,161,161,Algún campo sin dato,1,c58530b7b384bd7700b002e7871d87288ea673c8d21ba4a2d00c37adec7a0783,26/06/2023 00:44:00,ESCANER
14955,"Huehuetenango",13,"Huehuetenango",1,2139,380,42,19,33,2,0,8,0,0,2,0,7,0,5,0,2,0,0,0,0,1,121,4,2,127,0,127,0,378,253,121,127,127,,1,ab7353dc6f204026f06cf696636195cdd30f5853e3f7e474ac25370eda917069,26/06/2023 01:45:30,ESCANER
14956,"Huehuetenango",13,"Huehuetenango",1,2139,276,45,28,15,1,1,9,0,2,1,1,5,1,1,0,1,0,0,1,0,1,113,4,0,117,0,117,--,276,159,113,117,117,Algún campo sin dato,1,42ea99003d4bd3f5b122f381c03caf53883634eb74a99a6e6e9dc5b78cb9b5b4,25/06/2023 22:13:39,ESCANER
14957,"Huehuetenango",13,"Huehuetenango",1,2139,275,38,11,19,1,0,6,2,0,0,0,5,3,2,1,1,0,0,0,0,0,89,6,1,96,0,96,--,272,176,89,96,96,Algún campo sin dato,1,70b6b78bef5a2a2731b89d16a4b7b2e50957e39e11a4f6c0ccb832ef5f17388a,25/06/2023 23:29:54,ESCANER
14958,"Huehuetenango",13,"Huehuetenango",1,2140,380,36,34,77,3,6,36,4,3,11,2,5,0,5,0,0,2,0,0,0,0,224,10,5,239,0,239,--,380,141,224,239,239,Algún campo sin dato,1,37365d01dff7c74ac791809454901a3dd6b10c1c2c6a956395202e64025f80e1,26/06/2023 00:01:47,ESCANER
14959,"Huehuetenango",13,"Huehuetenango",1,2140,380,46,38,64,1,4,34,3,2,9,6,9,3,0,1,1,0,0,0,1,0,222,15,5,242,0,242,--,380,138,222,242,242,Algún campo sin dato,1,ade26b88f41b8af0a80d1f51c45e1e33ea3e4e0cfa3fe01babb8164ab7cef09f,25/06/2023 22:48:34,ESCANER
14960,"Huehuetenango",13,"Huehuetenango",1,2140,380,42,41,74,0,3,28,1,3,10,6,13,2,4,1,0,3,0,0,0,2,233,9,5,247,0,247,--,380,133,233,247,247,Algún campo sin dato,1,9d619a0216ba4bd87eafe5a0c3d52ee9302484cf11f9c803961971047b3e01ae,25/06/2023 23:36:23,ESCANER
14961,"Huehuetenango",13,"Huehuetenango",1,2140,380,38,37,74,0,3,30,3,1,8,1,1,2,5,0,2,3,0,0,1,0,209,6,1,216,0,216,--,380,164,209,216,216,Algún campo sin dato,1,f54be12e9728d969b1d3548b4531d679a8f41563a6cb122694882c278d73b8bb,25/06/2023 22:55:21,ESCANER
14962,"Huehuetenango",13,"Huehuetenango",1,2140,380,43,32,77,1,4,31,0,1,5,5,3,0,5,0,0,0,0,0,0,0,207,9,1,217,0,217,--,380,163,207,217,217,Algún campo sin dato,1,ce2263a95c7182a66c940ed79cc6092ce7cbdcf275460af4e86ab9e6f0797d47,26/06/2023 00:20:07,ESCANER
14963,"Huehuetenango",13,"Huehuetenango",1,2140,380,31,39,74,1,0,28,2,2,4,5,3,1,4,1,0,2,0,0,0,0,197,9,7,213,0,213,--,380,167,197,213,213,Algún campo sin dato,1,d53bab736340ec8216b855b59a52c3ecbe38dab54e4621dffcfc62eb19716bcb,25/06/2023 23:54:56,ESCANER
14964,"Huehuetenango",13,"Huehuetenango",1,2141,380,21,31,70,2,5,31,2,0,10,3,2,1,1,0,2,1,0,0,0,1,183,7,4,194,0,194,--,380,186,183,194,194,Algún campo sin dato,1,d9b12ce980afdbfc90202f8755f3d87a9bafcc617bb60429c353c4dcc3b9f92f,26/06/2023 00:33:29,ESCANER
14965,"Huehuetenango",13,"Huehuetenango",1,2141,264,18,34,32,1,1,16,1,1,4,1,1,0,3,1,0,1,1,0,0,0,116,6,0,122,0,122,--,264,142,116,122,122,Algún campo sin dato,1,85276e1e5f577de7c55f9b86f14ba2b5322f109a50a6f66904a8eff0011d9aa3,25/06/2023 23:26:23,ESCANER
14966,"Huehuetenango",13,"Huehuetenango",1,2141,264,13,23,31,3,0,13,2,0,8,0,3,2,1,0,0,0,0,0,0,1,100,2,1,103,0,103,--,264,161,100,103,103,Algún campo sin dato,1,772b911da2dd074fdc3ccb3175e0eb99214c0284fc5bbb4289c2779c80eed2d8,25/06/2023 23:32:28,ESCANER
14967,"Huehuetenango",13,"Huehuetenango",1,2142,380,52,26,23,2,0,9,5,1,18,22,15,0,5,1,2,0,1,0,0,0,182,26,2,210,1,211,--,380,169,182,210,211,Algún campo sin dato,1,7f13f1a0fa1dfb378c36f848f9061684370a7d99669916fc94ff72e355e09175,26/06/2023 04:59:29,ESCANER
14968,"Huehuetenango",13,"Huehuetenango",1,2142,380,49,26,20,0,1,25,5,2,16,17,16,0,7,1,0,1,0,1,0,0,187,21,7,215,0,215,--,380,165,187,215,215,Algún campo sin dato,1,03a107f16050540717905f10462c80a487379b4cc6ab30a75fecd2b53e284ec2,26/06/2023 02:11:49,ESCANER
14969,"Huehuetenango",13,"Huehuetenango",1,2142,380,41,26,13,0,0,15,5,0,7,14,12,0,1,0,1,0,0,0,0,0,135,21,7,163,0,163,--,380,217,135,163,163,Algún campo sin dato,1,56f8707df0297107a8b171ec6dcc381901ad5288e3f687c80f4b08e3195fb623,25/06/2023 22:53:38,ESCANER
14970,"Huehuetenango",13,"Huehuetenango",1,2142,318,26,19,14,0,1,12,4,0,10,8,5,0,1,0,0,1,0,0,0,1,102,13,4,119,0,119,--,315,196,102,119,119,Algún campo sin dato,1,546fef4762758626d9b2c10535ec1d55cba318505be74d06e1a08a0bcea0daf2,25/06/2023 23:54:56,ESCANER
14971,"Huehuetenango",13,"Huehuetenango",1,2142,317,40,18,8,0,2,14,3,1,14,7,9,1,0,0,0,1,0,0,0,1,119,7,3,129,0,129,--,317,188,119,129,129,Algún campo sin dato,1,3f6070b50318fcd55e489ef04cff6dc7d2d34450e96660568706f1b2de7c860a,25/06/2023 23:02:51,ESCANER
14972,"Huehuetenango",13,"Huehuetenango",1,2143,380,52,28,26,1,0,27,1,5,17,5,9,1,1,1,0,0,0,0,1,0,175,31,17,223,0,223,--,380,157,175,223,223,Algún campo sin dato,1,ac28e65bfd2008305a7ce651b952dc4452e13c05dd87ea9b16e2d5139fcb0f13,25/06/2023 23:01:11,ESCANER
14973,"Huehuetenango",13,"Huehuetenango",1,2143,241,29,17,13,0,2,19,0,4,10,5,7,0,1,1,0,0,0,0,1,0,109,12,3,124,0,124,--,241,117,109,124,124,Algún campo sin dato,1,55772157a832cfb30c552d6ff46338696d679e6dc283e234fe99f7af1a41f01c,25/06/2023 22:20:39,ESCANER
14974,"Huehuetenango",13,"Huehuetenango",1,2143,241,25,14,14,0,0,15,0,0,21,3,7,0,0,0,0,0,0,0,0,1,100,14,3,117,0,117,--,241,124,100,117,117,Algún campo sin dato,1,0059fb9cd32e1d2a0d334972f133b2a67f1a119dc2258369b107599295b55ebc,25/06/2023 21:55:31,ESCANER
14975,"Huehuetenango",13,"Huehuetenango",1,2144,600,31,42,31,4,4,18,1,1,3,1,1,1,2,1,1,0,1,0,2,0,145,0,5,150,17,167,--,595,428,145,150,167,Algún campo sin dato,1,7aa59eef6a376d3813aee6255f298ee69bc89e26eae5095caf17a36cd5d4dec3,26/06/2023 01:32:30,ESCANER
14976,"Huehuetenango",13,"Huehuetenango",1,2144,600,38,62,26,4,3,22,0,6,9,7,3,2,2,0,3,1,0,1,2,0,191,19,3,213,0,213,--,597,384,191,213,213,Algún campo sin dato,1,3ea9420f4f038cca1963a6a3902faf26fc9a549bab1ccb72e41e7d1b50294b8d,26/06/2023 01:13:11,ESCANER
14977,"Huehuetenango",13,"Huehuetenango",1,2144,600,50,49,27,3,7,23,3,2,3,5,3,8,6,1,0,1,0,0,1,0,192,20,2,214,1,215,1,600,385,192,214,215,,1,89e296b9a322e1de343ebdd927fb2b4cbe4974a6f7925c02e43e733d572e4416,26/06/2023 00:11:44,ESCANER
14978,"Huehuetenango",13,"Huehuetenango",1,2144,600,41,59,30,6,7,26,2,4,1,3,3,4,5,0,3,2,0,0,0,2,198,24,3,225,0,225,--,600,375,198,225,225,Algún campo sin dato,1,4ea8f4ceb193de6c8042b68f5d26a6224c36446b4d070317cd3e394c7a7558f8,26/06/2023 00:51:10,ESCANER
14979,"Huehuetenango",13,"Huehuetenango",1,2144,600,40,44,33,3,2,16,1,5,3,3,3,2,2,0,1,3,0,0,1,1,163,21,2,186,0,186,--,598,412,163,186,186,Algún campo sin dato,1,f7fb45666ae7c18b6082b57cf914e2c45e0ba8d2372d156fd6635d8d47742be7,26/06/2023 02:16:56,ESCANER
14980,"Huehuetenango",13,"Huehuetenango",1,2144,589,23,37,18,8,4,13,0,3,5,4,3,4,2,0,2,1,0,0,0,0,127,11,2,140,0,140,--,588,448,127,140,140,Algún campo sin dato,1,94352f323ba48e41eb3feb5ba922daf773e963096ed52e6ed962d22a054a828f,26/06/2023 01:46:19,ESCANER
14981,"Huehuetenango",13,"Huehuetenango",1,2144,588,6,9,5,0,0,3,0,1,2,1,2,1,0,0,0,0,0,0,0,0,30,3,1,34,0,34,--,588,554,30,34,34,Algún campo sin dato,1,3098a88817325d19f0f296ce4d28770e8b62935db964901642b5f1eff3b3f2b5,25/06/2023 22:14:26,ESCANER