﻿TIPO_DE_ELECCIÓN:,CORPORACIÓN MUNICIPAL
28 junio 2023 21:35 (UTC -6)
ACTAS_ESPERADAS,ACTAS_CAPTURADAS,PORCENTAJE_ACTAS_CAPTURADAS,ACTAS_CONTABILIZADAS,PORCENTAJE_ACTAS_CONTABILIZADAS,ACTAS_NO_CONTABILIZADAS,LISTA_NOMINAL_ACTAS_CONTABILIZADAS,VOTOS_EMITIDOS_CONTABILIZADAS,PORCENTAJE_PARTICIPACIÓN_CIUDADANA
89,89,100.0000,89,100.0000,0,32958,15234,46.2224

MESA,DEPARTAMENTO,ID_DEPARTAMENTO,MUNICIPIO,ID_MUNICIPIO,CENTRO_DE_VOTACIÓN,PADRÓN,VAMOS,UNE,MLP,CABAL,BIEN,UR,AZUL,TODOS,PHG,CAMBIO,VIVA,PR,VÁLIDOS,NULOS,BLANCO,EMITIDOS,INVÁLIDOS,TOTAL,IMPUGNACIONES,PAPELETAS-RECIBIDAS,PAPELETAS-NO-USADAS,VALIDOS_CALCULADO,EMITIDOS_CALCULADO,TOTAL_CALCULADO,OBSERVACIONES,CONTABILIZADA,CÓDIGO_INTEGRIDAD,FECHA_HORA_PUBLICACIÓN,DIGITALIZACIÓN
16494,"Huehuetenango",13,"Aguacatán",27,2454,400,28,76,8,34,8,28,1,16,1,0,17,0,217,16,3,236,0,236,--,400,164,217,236,236,Algún campo sin dato,1,6e5730991d23c8e472939654fbee02429514dcdad4c04e4c7f38a4bf54d2de97,26/06/2023 00:38:56,ESCANER
16495,"Huehuetenango",13,"Aguacatán",27,2454,400,20,69,12,32,9,19,3,20,0,0,26,3,213,12,4,229,0,229,--,400,171,213,229,229,Algún campo sin dato,1,f645fdf1f587d15124e538af2d37649c69b2f84b08b161a5fa5a40e7122c53e6,26/06/2023 00:20:47,ESCANER
16496,"Huehuetenango",13,"Aguacatán",27,2454,400,32,83,14,32,9,20,0,17,2,1,13,6,229,10,7,246,0,246,--,400,154,229,246,246,Algún campo sin dato,1,d133d6f854fe3c38baaf713dbd1363d29642b7a6290a25b954f7ad962c344f00,26/06/2023 01:27:34,ESCANER
16497,"Huehuetenango",13,"Aguacatán",27,2454,400,30,59,10,42,4,31,3,19,0,1,12,1,212,12,3,227,0,227,--,400,170,212,227,227,Algún campo sin dato,1,b0eafdb52bb420d3684d61550e1f283ea516e888da8b5510407c33e78c477d59,25/06/2023 23:55:16,ESCANER
16498,"Huehuetenango",13,"Aguacatán",27,2454,400,19,55,16,51,6,35,1,13,0,0,12,1,209,10,4,223,0,223,--,400,177,209,223,223,Algún campo sin dato,1,054b126408ae18e2c9c9db448f3a3287ed15042295ca9ba35f2103853a422e69,26/06/2023 01:47:18,ESCANER
16499,"Huehuetenango",13,"Aguacatán",27,2454,400,21,63,16,39,4,25,1,20,0,0,14,0,203,10,4,217,0,217,--,413,196,203,217,217,Algún campo sin dato,1,0c1c1fafca62ee5318e62e8b7ec90368478d53338ec02780b84fe7807dc3531e,26/06/2023 01:47:02,ESCANER
16500,"Huehuetenango",13,"Aguacatán",27,2454,400,26,73,16,33,8,36,1,14,0,0,16,1,224,9,7,239,2,241,--,400,159,224,240,242,Sumas Asentadas sin cuadrar,1,b614ba74dbec6265676146552ce2acd82f4b7f84e2df9778159c647212d039c1,26/06/2023 05:00:52,ESCANER
16501,"Huehuetenango",13,"Aguacatán",27,2454,400,33,62,14,43,2,17,1,25,0,0,17,3,217,10,5,232,0,232,--,400,168,217,232,232,Algún campo sin dato,1,cf71ca03a3193bd2084f17e03c60d8bacd21fa7b818be3a9900e76c67f607820,26/06/2023 01:41:59,ESCANER
16502,"Huehuetenango",13,"Aguacatán",27,2454,400,25,70,12,27,6,32,1,17,2,0,9,2,203,9,5,217,0,217,--,400,183,203,217,217,Algún campo sin dato,1,9983a5b02b453fb17ecb726fddb1abe288b9e5cae8c9c6138db8ef5644df4bb6,26/06/2023 02:27:50,ESCANER
16503,"Huehuetenango",13,"Aguacatán",27,2454,400,27,60,9,22,7,30,1,15,0,0,12,0,183,8,1,192,0,192,--,400,208,183,192,192,Algún campo sin dato,1,d7220d8b2e2e9cae12e2407870b7e71b90307d2b279bfc06512f72bd7af9d499,26/06/2023 01:11:10,ESCANER
16504,"Huehuetenango",13,"Aguacatán",27,2454,400,30,57,19,16,5,34,1,14,1,1,16,0,194,4,1,199,0,199,--,400,201,194,199,199,Algún campo sin dato,1,9c9964b0f8284aca8ff00074c868dad96072dc860b0c171c7659f9e5ca130021,26/06/2023 01:44:11,ESCANER
16505,"Huehuetenango",13,"Aguacatán",27,2454,400,27,75,16,39,9,32,0,13,0,1,15,1,228,18,2,248,0,248,--,400,152,228,248,248,Algún campo sin dato,1,6a53bc10631efd31438ca39421d3936141b8530117291025266f192823f2cb4a,26/06/2023 01:19:47,ESCANER
16506,"Huehuetenango",13,"Aguacatán",27,2455,400,19,72,13,24,6,23,0,18,0,1,18,2,196,18,5,219,0,219,--,--,--,196,219,219,Algún campo sin dato,1,c705eb5502229cc15edb74b380b5e935549c86237b58d206fa4a6fc99a170faf,26/06/2023 02:34:28,ESCANER
16507,"Huehuetenango",13,"Aguacatán",27,2455,400,17,57,15,28,4,34,1,18,0,0,13,2,189,5,3,197,0,197,--,400,203,189,197,197,Algún campo sin dato,1,456c21e60bd1f495a8b24955f77efa4f79d478df98f1de254f11c4f153c3cf56,26/06/2023 01:36:13,ESCANER
16508,"Huehuetenango",13,"Aguacatán",27,2455,400,13,51,18,23,3,48,0,16,0,0,8,3,183,8,5,196,0,196,--,400,204,183,196,196,Algún campo sin dato,1,5fda788468d0eb16da5340da99f7350b3aefbcb40f8c57878462fd30b9436d5d,26/06/2023 02:20:18,ESCANER
16509,"Huehuetenango",13,"Aguacatán",27,2455,400,28,55,11,25,2,34,0,19,0,0,10,0,184,5,0,189,0,189,--,400,208,184,189,189,Algún campo sin dato,1,38fdca3770d7952ff149fed50f8b3c7492332cf497e8de4a52c1d95f95b7d65a,25/06/2023 23:56:10,ESCANER
16510,"Huehuetenango",13,"Aguacatán",27,2455,278,15,51,0,14,3,24,0,4,1,0,4,0,125,2,1,128,0,128,--,278,150,116,119,119,Sumas Asentadas sin cuadrar,1,ce563c4a1329ba457ae4222dcae7d9279638299b64d59fc90fad07e640d55bfe,25/06/2023 23:26:57,ESCANER
16511,"Huehuetenango",13,"Aguacatán",27,2455,278,15,37,9,13,2,26,0,10,0,0,7,0,119,5,3,127,0,127,--,278,151,119,127,127,Algún campo sin dato,1,1cb97de32a2d495b4243acd7f944e43ca647ad6cb5fd58a5568e84763cb677d8,26/06/2023 00:14:10,ESCANER
16512,"Huehuetenango",13,"Aguacatán",27,2456,400,43,71,9,29,5,14,0,10,1,0,26,1,209,16,6,231,1,232,--,400,168,209,231,232,Algún campo sin dato,1,3df2a25c0d2b996dbb3cb511121ddaa796bba663d8bc4fc720e091c75c4bf22b,26/06/2023 01:38:38,ESCANER
16513,"Huehuetenango",13,"Aguacatán",27,2456,400,33,50,9,21,3,17,3,12,3,0,40,0,191,18,9,218,0,218,--,400,182,191,218,218,Algún campo sin dato,1,4a5a2b6cd32bb8013d7497025f8bd20c2381c52abc86fc17de0d53bf8b8ca0c6,26/06/2023 01:47:28,ESCANER
16514,"Huehuetenango",13,"Aguacatán",27,2456,400,51,71,4,26,6,11,1,13,0,0,12,0,195,11,5,211,0,211,--,400,186,195,211,211,Algún campo sin dato,1,70ce002362aed9684c5e690b4f3a49f3ca0a2663e162553663b19aef59890294,26/06/2023 00:03:05,ESCANER
16515,"Huehuetenango",13,"Aguacatán",27,2456,400,53,76,0,39,3,6,1,9,0,0,8,1,196,7,6,209,0,209,--,400,191,196,209,209,Algún campo sin dato,1,e3c37b0b97e17d1d2a4637b90f3ab08598bf5a658eb8c50b166fcca0babde055,25/06/2023 22:58:51,ESCANER
16516,"Huehuetenango",13,"Aguacatán",27,2456,400,27,68,2,50,7,13,3,12,0,1,15,1,199,9,11,219,0,219,--,400,181,199,219,219,Algún campo sin dato,1,7a97d7d052f3dceb7b9cc71708af6175f9e6cf380d54980682b13a0c7a8ddfbc,26/06/2023 01:37:22,ESCANER
16517,"Huehuetenango",13,"Aguacatán",27,2456,400,44,75,6,34,1,19,4,6,1,0,21,4,215,7,7,229,0,229,--,400,171,215,229,229,Algún campo sin dato,1,a9389b963c9989ab48aee0207ab1fa7f60355f326a508ff83adc99c70605f1ed,26/06/2023 02:04:36,ESCANER
16518,"Huehuetenango",13,"Aguacatán",27,2456,400,54,73,4,25,3,21,1,10,0,0,18,0,209,8,4,221,0,221,--,400,179,209,221,221,Algún campo sin dato,1,1ab4a0cc53aa7333dfb352b8c816c300ffdaf29c83f7df21df6ace77d6879128,26/06/2023 01:29:38,ESCANER
16519,"Huehuetenango",13,"Aguacatán",27,2456,400,28,63,4,15,5,4,0,5,2,0,13,2,141,15,8,164,0,164,--,400,236,141,164,164,Algún campo sin dato,1,8e2d8754bd55ac5dd0de227fa859dd4b42fb7c0a782a37021a3ed8465c3fdce9,26/06/2023 00:53:18,ESCANER
16520,"Huehuetenango",13,"Aguacatán",27,2457,400,39,58,13,22,6,14,6,1,1,1,24,2,187,9,7,203,0,400,--,400,--,187,203,203,Sumas Asentadas sin cuadrar,1,a46f7c811086229b3b2dd4d91b422d3c898856a1f88b561a844a24fb81936def,26/06/2023 02:50:44,ESCANER
16521,"Huehuetenango",13,"Aguacatán",27,2457,400,27,80,8,23,2,13,1,25,0,0,6,1,186,10,3,199,1,200,0,400,200,186,199,200,,1,6ca41d86d7fe26e55db5fb8a8925db31b9f9e632a157298c9abbe9c2a6f8f07e,26/06/2023 01:24:10,ESCANER
16522,"Huehuetenango",13,"Aguacatán",27,2458,400,30,46,10,20,10,19,0,10,0,0,16,0,161,6,1,168,--,--,--,--,--,161,168,168,Algún campo sin dato,1,b5297d33a18b88e085d24e8dbeea6213a773c0923eb811980455746823e7951f,25/06/2023 22:56:35,ESCANER
16523,"Huehuetenango",13,"Aguacatán",27,2458,400,34,58,13,20,6,18,1,6,0,0,13,0,169,2,1,172,0,172,--,398,228,169,172,172,Algún campo sin dato,1,e0a69688f0a48952a0a7d100b09a48f4571297cffdfe62f463e144bc202bf148,26/06/2023 01:10:31,ESCANER
16524,"Huehuetenango",13,"Aguacatán",27,2458,400,24,68,10,21,10,16,0,10,0,0,15,1,175,15,5,195,0,195,--,400,205,175,195,195,Algún campo sin dato,1,f82d75eb19ceafed2a0da9e8333a344c4c8c41c15106fe1c955c31ec9962962e,25/06/2023 23:46:59,ESCANER
16525,"Huehuetenango",13,"Aguacatán",27,2458,400,44,79,6,16,6,20,2,11,0,0,10,1,195,5,3,203,0,203,--,400,197,195,203,203,Algún campo sin dato,1,21a4c75f8af85300cdd9b23e64de3e5294b88204eee72bcea2aeefd32348e813,26/06/2023 00:52:40,ESCANER
16526,"Huehuetenango",13,"Aguacatán",27,2458,400,31,43,2,22,5,11,0,11,0,0,16,0,141,5,2,148,0,148,--,400,252,141,148,148,Algún campo sin dato,1,fabad9461adfb43c6cdb8e537558d487543ea346051b5d7660ab5c4d66c30317,25/06/2023 23:10:37,ESCANER
16527,"Huehuetenango",13,"Aguacatán",27,2458,400,26,52,15,14,3,26,1,13,1,0,22,0,173,1,3,177,0,177,--,400,223,173,177,177,Algún campo sin dato,1,222cc95d079d5af3fe1a0589ee2b19b9968fff875d89912e404c6f34d11d60e2,26/06/2023 01:20:26,ESCANER
16528,"Huehuetenango",13,"Aguacatán",27,2458,400,26,51,9,10,9,23,0,4,0,0,18,0,151,8,0,159,0,159,--,400,241,150,158,158,Sumas Asentadas sin cuadrar,1,2129ccb52c6a382be3650e6b8b9f77971ca40efafdab016fc5af37e4d14e40a8,25/06/2023 23:24:06,ESCANER
16529,"Huehuetenango",13,"Aguacatán",27,2458,400,24,41,13,25,6,22,0,9,0,0,18,0,158,3,1,162,0,162,--,400,238,158,162,162,Algún campo sin dato,1,6e470c91eece1d702f39069a4a46c7ef1af95d7550221011a17e8dccca1c3adf,26/06/2023 00:22:38,ESCANER
16530,"Huehuetenango",13,"Aguacatán",27,2458,326,17,32,9,11,9,6,0,4,0,0,12,2,102,4,1,107,0,107,--,326,219,102,107,107,Algún campo sin dato,1,6f84924babe2c61b8e97d75cf57e867fa46bdb2d792e375d07ed8b7079336d8c,25/06/2023 23:00:59,ESCANER
16531,"Huehuetenango",13,"Aguacatán",27,2458,326,36,33,8,11,4,13,0,10,0,0,12,0,127,6,7,140,0,140,--,326,186,127,140,140,Algún campo sin dato,1,8634f83d9c20c9ff7c6bb0d393ea12570403ebd6772812ca20ceed36b30c1842,25/06/2023 23:34:43,ESCANER
16532,"Huehuetenango",13,"Aguacatán",27,2459,380,41,84,4,4,2,--,4,5,--,--,3,--,147,12,9,168,--,168,--,380,212,147,168,168,Algún campo sin dato,1,ebdf4709db4304b43ee6916eb2d2d7bce67f91a7a3ebff2c7369ad524dd508b0,26/06/2023 00:12:39,ESCANER
16533,"Huehuetenango",13,"Aguacatán",27,2459,380,21,100,7,3,2,2,2,11,1,0,7,0,156,7,8,171,0,171,--,380,209,156,171,171,Algún campo sin dato,1,3e1bf847c619a46c74f0c1a41686a3ec971dca6e10360a71418fb8d2261e3937,25/06/2023 23:21:19,ESCANER
16534,"Huehuetenango",13,"Aguacatán",27,2459,380,27,93,4,5,1,1,5,6,2,0,5,0,149,7,15,171,0,171,--,380,209,149,171,171,Algún campo sin dato,1,f9629b42ee684232531635e35c9fcb0423423baea084ef13735717929a135e23,25/06/2023 23:39:04,ESCANER
16535,"Huehuetenango",13,"Aguacatán",27,2459,380,22,81,2,2,3,0,0,7,0,1,5,0,123,7,7,137,0,137,--,380,243,123,137,137,Algún campo sin dato,1,3b7f3dbd7d16c1df857afa69581acc65b1dc4b349daff75b0935fc397c321cde,25/06/2023 23:38:05,ESCANER
16536,"Huehuetenango",13,"Aguacatán",27,2459,337,22,67,5,1,3,0,0,3,0,0,2,0,103,6,1,110,0,110,--,337,227,103,110,110,Algún campo sin dato,1,9343be69f6bf4fb64162194c4c56e3a075de94c78dbfae25908dbab4ed9a99fc,25/06/2023 22:56:41,ESCANER
16537,"Huehuetenango",13,"Aguacatán",27,2459,337,16,60,4,3,3,2,0,2,0,0,5,0,95,4,5,104,0,104,1,337,233,95,104,104,,1,02c599d386b029f2e1384aa6a988c1a5ad00be65999dc42ea8bb88366606f6ab,25/06/2023 23:02:30,ESCANER
16538,"Huehuetenango",13,"Aguacatán",27,2460,380,33,104,2,21,0,3,1,7,0,0,15,0,186,15,8,209,0,209,--,380,171,186,209,209,Algún campo sin dato,1,6ec57fde56c400a86e7ca6954b41ed541bff8da1c688c9f41ca902c8dc1d6314,25/06/2023 23:25:34,ESCANER
16539,"Huehuetenango",13,"Aguacatán",27,2460,380,23,137,1,23,3,10,4,3,1,0,6,--,211,18,10,239,0,239,--,380,141,211,239,239,Algún campo sin dato,1,11c024e07aeb99e8f91f617f6687363aecfc89d8b635511f583a96dd7a357bf7,26/06/2023 00:36:12,ESCANER
16540,"Huehuetenango",13,"Aguacatán",27,2460,380,33,131,2,6,2,4,2,5,0,0,15,0,200,3,7,210,0,210,1,380,169,200,210,210,,1,fb0ec31ff5ec74cedc0ce5d9792c34dcc521e06c3add5def012c74360c517746,26/06/2023 00:25:50,ESCANER
16541,"Huehuetenango",13,"Aguacatán",27,2460,376,25,100,0,5,1,4,1,5,0,0,12,0,153,7,2,162,0,162,--,376,214,153,162,162,Algún campo sin dato,1,b6744324f9542ce9ae81de0a034de59bae0ad31ca011148b5c29af289124b8f9,25/06/2023 23:33:42,ESCANER
16542,"Huehuetenango",13,"Aguacatán",27,2460,376,14,89,0,7,0,3,0,5,1,0,14,0,133,3,1,137,0,137,--,376,239,133,137,137,Algún campo sin dato,1,548988ba608a399e4961e8e4a358ea7983ec791aa9d80f9ef05d700b4a3c8595,25/06/2023 22:51:15,ESCANER
16543,"Huehuetenango",13,"Aguacatán",27,2461,380,38,105,4,1,1,0,0,6,0,1,6,0,162,8,9,179,0,179,--,380,201,162,179,179,Algún campo sin dato,1,5548fa4917bd8512f43d708d1334bd6dc09ee06855c4031c04df7e4c316a8d0c,26/06/2023 01:19:18,MOVIL
16544,"Huehuetenango",13,"Aguacatán",27,2461,380,46,108,5,2,4,0,1,7,0,0,5,0,178,10,4,192,0,192,--,380,188,178,192,192,Algún campo sin dato,1,c110044f20bb17a0bd731f690c7d70239c794ff5a0c0f6889e7a514d3577a519,25/06/2023 23:57:29,ESCANER
16545,"Huehuetenango",13,"Aguacatán",27,2461,380,37,114,6,1,3,0,2,3,0,1,3,0,170,6,5,181,0,181,--,380,119,170,181,181,Algún campo sin dato,1,424cb8363118bdebe06d9c9cee43e44f7304ec32e5fa54a5d52c7160173c8b40,26/06/2023 03:17:57,ESCANER
16546,"Huehuetenango",13,"Aguacatán",27,2461,380,39,87,1,5,2,0,0,0,0,0,3,4,141,8,3,152,1,153,--,380,227,141,152,153,Algún campo sin dato,1,a10e386b4774850b4e3d03fb224634bd6eb1af408b3c7629b03f95617a61e0b7,26/06/2023 01:39:42,ESCANER
16547,"Huehuetenango",13,"Aguacatán",27,2461,380,28,69,4,3,2,6,2,3,0,0,3,1,121,8,0,129,0,129,--,380,251,121,129,129,Algún campo sin dato,1,32b753661717ac0f0dac48cab5311645e6a3a4fab9376ab7ffc773f7255b7ee4,26/06/2023 01:31:57,ESCANER
16548,"Huehuetenango",13,"Aguacatán",27,2461,262,26,70,1,2,2,3,0,1,0,0,1,0,106,1,1,108,0,108,--,262,154,106,108,108,Algún campo sin dato,1,2facc2444aa247db59c8d6847a874ba9390c33266cc8b1121b78868b13ea57e4,26/06/2023 03:51:12,ESCANER
16549,"Huehuetenango",13,"Aguacatán",27,2461,261,18,61,3,1,1,1,0,1,0,0,1,0,87,3,2,92,0,92,--,261,169,87,92,92,Algún campo sin dato,1,cea6d4c8beac27b24541f83fee7a8baba5fbddf52871fab757e4f33396577dc6,25/06/2023 23:10:24,ESCANER
16550,"Huehuetenango",13,"Aguacatán",27,2462,380,17,118,2,6,6,5,3,8,1,0,12,0,178,16,2,196,0,196,--,380,184,178,196,196,Algún campo sin dato,1,1ba6bc363d0e40bcac042c418d23d99c30f50d0ff2e2ed283217d8479d4c4d1e,26/06/2023 00:20:57,ESCANER
16551,"Huehuetenango",13,"Aguacatán",27,2462,380,36,75,4,10,8,3,1,18,0,0,16,0,171,4,18,193,0,193,--,380,187,171,193,193,Algún campo sin dato,1,f49a1cd107e351c861d1e67ffe906dad24284f70c4ae0d45a1aae983da3fcccb,25/06/2023 22:37:15,ESCANER
16552,"Huehuetenango",13,"Aguacatán",27,2462,380,26,80,1,11,3,2,0,8,1,0,24,1,157,8,2,167,0,167,--,380,213,157,167,167,Algún campo sin dato,1,d8b85d528b3a06dd27331ac36fb3174bdc55f6bd973f9b4e6b037ff0a8e8b69a,25/06/2023 23:32:56,ESCANER
16553,"Huehuetenango",13,"Aguacatán",27,2462,380,15,69,6,3,7,8,1,13,0,1,11,0,134,4,2,140,0,140,--,--,--,134,140,140,Algún campo sin dato,1,340d09fac0f5e534d9b677fd5893dfff6e38de966bff4032023eed6378c8c1ae,25/06/2023 23:23:56,ESCANER
16554,"Huehuetenango",13,"Aguacatán",27,2462,257,16,44,3,3,7,4,0,12,0,0,5,0,94,2,1,97,0,97,--,257,160,94,97,97,Algún campo sin dato,1,03c207faaca90bfb925b2355b082e56472b8c87b41527311dfee52d044730641,25/06/2023 21:51:59,ESCANER
16555,"Huehuetenango",13,"Aguacatán",27,2462,257,7,57,2,4,6,1,1,3,0,1,18,0,100,2,1,103,0,103,--,257,154,100,103,103,Algún campo sin dato,1,f16deb02f9b2d9456a8c447cca6845e989ad46d5db82179e4bdd1655a06a71d8,25/06/2023 23:45:54,ESCANER
16556,"Huehuetenango",13,"Aguacatán",27,2463,380,28,74,2,6,7,8,4,8,0,1,17,0,155,22,10,187,--,--,--,380,193,155,187,187,Algún campo sin dato,1,33d372a46f50b397a3c45848565ab113f3f08c899e12124433af29639f663fb9,26/06/2023 03:43:49,MOVIL
16557,"Huehuetenango",13,"Aguacatán",27,2463,380,24,104,9,5,2,17,1,13,0,0,43,0,218,12,13,243,0,243,--,380,137,218,243,243,Algún campo sin dato,1,0548ff8c2a727bdcd25d17926e5ee2955c1805e1d996674168d7b2bf58e68705,26/06/2023 04:01:33,ESCANER
16558,"Huehuetenango",13,"Aguacatán",27,2463,380,16,56,4,3,4,14,0,6,2,0,22,0,127,11,2,140,0,140,--,380,240,127,140,140,Algún campo sin dato,1,3f920a9818ce5fa9177266541629ec4d8fc1527136c0987c496bee397a525a38,26/06/2023 03:51:59,MOVIL
16559,"Huehuetenango",13,"Aguacatán",27,2463,214,13,31,3,1,2,16,0,5,0,0,22,0,93,2,0,95,0,95,--,214,119,93,95,95,Algún campo sin dato,1,2814c8fa286543945742913abd8e62ed2bae00c18c17d416bd9978cd0567ce8f,26/06/2023 03:45:29,MOVIL
16560,"Huehuetenango",13,"Aguacatán",27,2463,213,0,44,0,4,4,9,0,3,0,0,18,0,101,4,--,105,--,--,--,213,108,82,86,86,Sumas Asentadas sin cuadrar,1,35f52232a805ed6e78dcc6dc99703932eb52b255c28d6ddf7389b0979b65fbff,25/06/2023 23:47:42,MOVIL
16561,"Huehuetenango",13,"Aguacatán",27,2464,380,31,93,0,3,4,6,1,13,1,1,3,0,156,4,11,171,0,171,--,380,209,156,171,171,Algún campo sin dato,1,22b75074b2970ba4e8a57eced1f23d7915d8ad4a16ec55f233d6f9f58a60eb28,26/06/2023 01:19:53,ESCANER
16562,"Huehuetenango",13,"Aguacatán",27,2464,380,25,114,4,11,2,2,0,14,0,1,7,0,180,8,7,195,0,195,--,380,185,180,195,195,Algún campo sin dato,1,bc294b7c866b476050a021e525e8417641232161908e838f6c32a22108812de2,25/06/2023 23:25:54,ESCANER
16563,"Huehuetenango",13,"Aguacatán",27,2464,380,42,101,4,6,3,1,1,14,0,0,1,0,173,16,2,191,0,191,--,380,189,173,191,191,Algún campo sin dato,1,eeccaf002df9f9223b2157a1b7a488f8ed1bce933a9057570a3a2a69ceb71f00,26/06/2023 00:58:48,ESCANER
16564,"Huehuetenango",13,"Aguacatán",27,2464,380,13,96,1,34,3,10,2,15,1,0,2,1,178,6,4,188,1,189,--,380,191,178,188,189,Algún campo sin dato,1,4822c978dc61059dbc64a5b52253dee1d7c75f808ca9a5fb99c9b0129c0f2f84,26/06/2023 01:46:00,ESCANER
16565,"Huehuetenango",13,"Aguacatán",27,2464,380,21,87,3,7,2,6,1,7,0,0,2,0,136,8,3,147,0,147,--,380,233,136,147,147,Algún campo sin dato,1,30fefb3d67bdcf59f4a88660d21ab95ad001e6c5268df493279d52d7c6a28a2c,26/06/2023 01:40:27,ESCANER
16566,"Huehuetenango",13,"Aguacatán",27,2464,380,16,59,1,7,1,4,2,10,0,0,2,1,103,4,0,107,0,107,--,380,273,103,107,107,Algún campo sin dato,1,f69f8b335257a1932f53d3e0184dd0a095b1f0371a53c229a7dc76e484ad5314,26/06/2023 02:04:50,ESCANER
16567,"Huehuetenango",13,"Aguacatán",27,2464,235,9,57,2,4,1,1,0,11,0,0,1,0,86,1,2,89,0,89,--,235,146,86,89,89,Algún campo sin dato,1,ec8761e3def38bc2918a26090d832abb75b02102bef002aba1064f99214e165b,25/06/2023 23:12:08,ESCANER
16568,"Huehuetenango",13,"Aguacatán",27,2464,234,12,45,4,5,3,1,0,4,0,0,1,0,75,2,3,80,0,80,--,231,151,75,80,80,Algún campo sin dato,1,8dc7a2d1e9add172da4ea4537eeb685fc546057e48e3b33d0d61521c52734780,25/06/2023 21:10:12,ESCANER
16569,"Huehuetenango",13,"Aguacatán",27,2465,269,81,72,1,3,0,0,1,3,0,0,3,0,164,9,2,175,0,175,--,--,--,164,175,175,Algún campo sin dato,1,fc18ac1a9dfe105b47b3f68946e63faf1a5b476e0f336381d7c2fb3257e87d86,25/06/2023 21:24:43,ESCANER
16570,"Huehuetenango",13,"Aguacatán",27,2465,268,66,82,0,1,0,0,1,2,1,0,6,0,159,3,0,162,0,162,--,265,103,159,162,162,Algún campo sin dato,1,fe5e87569a554f9061c681b1eb0d3c3988000eb525126d45ea9dc8c6dcea891b,25/06/2023 23:22:50,ESCANER
16571,"Huehuetenango",13,"Aguacatán",27,2466,380,63,56,1,10,0,1,1,7,0,0,22,1,162,9,9,180,0,180,--,380,200,162,180,180,Algún campo sin dato,1,9f3e2dd354a2a2936a77bf9be976d8cb450f08d268b2f26e8ee703f46ce315c3,25/06/2023 23:50:56,ESCANER
16572,"Huehuetenango",13,"Aguacatán",27,2466,305,36,44,4,5,0,3,0,4,0,0,17,0,113,6,0,119,0,119,--,305,186,113,119,119,Algún campo sin dato,1,37395e4078bc14a725672991c1a943aab30c68e863de218a7373a9edd4e1bb1b,25/06/2023 22:47:38,ESCANER
16573,"Huehuetenango",13,"Aguacatán",27,2466,305,48,36,1,1,1,0,1,4,0,0,21,1,120,2,0,122,0,122,--,291,169,114,116,116,Sumas Asentadas sin cuadrar,1,c376a237d884b5d8f808e80894c3847866c6e278cfcedc07472f910e99b5cd45,26/06/2023 00:25:31,ESCANER
16574,"Huehuetenango",13,"Aguacatán",27,2467,380,28,123,0,6,4,1,4,6,1,0,13,0,186,8,11,205,0,205,--,380,175,186,205,205,Algún campo sin dato,1,39e41a0dec559e9ef1a628d40e430212c4e802f7e88696b35d64a57c5837e267,26/06/2023 01:14:38,ESCANER
16575,"Huehuetenango",13,"Aguacatán",27,2467,273,14,81,0,1,0,0,1,6,0,0,18,0,121,12,10,143,0,143,--,273,130,121,143,143,Algún campo sin dato,1,9ac2877c37b76bb298fd599679d611a84313d4222e4b9ff0b38ae3a73f14a933,26/06/2023 01:07:27,ESCANER
16576,"Huehuetenango",13,"Aguacatán",27,2467,272,11,69,0,2,0,0,0,5,0,0,12,0,99,4,10,113,0,113,--,271,158,99,113,113,Algún campo sin dato,1,dc3976bd1d08e53c316c53a46aab31282d5d35497a70803079ff014bd032daf4,25/06/2023 21:44:21,ESCANER
16577,"Huehuetenango",13,"Aguacatán",27,2468,380,28,176,3,3,4,4,3,4,0,0,2,0,227,22,21,270,0,270,--,380,110,227,270,270,Algún campo sin dato,1,fc058f60239f76c44d05dce748fb5023e94db031e54ddb06c39ba0c6fadbf350,26/06/2023 01:56:51,ESCANER
16578,"Huehuetenango",13,"Aguacatán",27,2468,340,15,159,4,2,2,1,0,5,1,1,3,0,193,11,14,218,0,218,--,340,122,193,218,218,Algún campo sin dato,1,dca13ccddf6f610a6ea127bee6ab82537e1faf38af32423bf9f5e13628cd1197,25/06/2023 22:33:35,ESCANER
16579,"Huehuetenango",13,"Aguacatán",27,2468,340,18,178,5,1,1,1,2,6,0,2,2,0,216,6,11,233,0,233,--,340,107,216,233,233,Algún campo sin dato,1,a14a31b9aa7278b7ac2ae1c5c7d8365f091a90d53fa918ff7b5c15f625816254,26/06/2023 00:44:37,ESCANER
16580,"Huehuetenango",13,"Aguacatán",27,2469,600,2,19,4,8,3,10,2,3,1,0,2,0,54,10,3,67,0,67,0,600,533,54,67,67,,1,e498f48afe12f195f787e6272d98bfe5e20e6d4f559d2738145be4d3a8cb2a56,26/06/2023 00:25:17,ESCANER
16581,"Huehuetenango",13,"Aguacatán",27,2469,590,4,18,8,4,1,10,0,2,0,0,6,1,54,1,5,60,1,61,0,590,529,54,60,61,,1,cdd5408984854f6205ba0333ad9bde238622f8f734ef6d8d4f86e683079aea1e,25/06/2023 22:50:09,MOVIL
16582,"Huehuetenango",13,"Aguacatán",27,2469,589,2,8,0,3,0,2,0,1,0,0,3,0,19,1,0,20,0,20,0,589,569,19,20,20,,1,be5740bda41035fa342da017db7f347cbd58f55ccb85c1f49fb880c9e461b00b,25/06/2023 22:59:21,ESCANER