﻿TIPO_DE_ELECCIÓN:,CORPORACIÓN MUNICIPAL
28 junio 2023 21:35 (UTC -6)
ACTAS_ESPERADAS,ACTAS_CAPTURADAS,PORCENTAJE_ACTAS_CAPTURADAS,ACTAS_CONTABILIZADAS,PORCENTAJE_ACTAS_CONTABILIZADAS,ACTAS_NO_CONTABILIZADAS,LISTA_NOMINAL_ACTAS_CONTABILIZADAS,VOTOS_EMITIDOS_CONTABILIZADAS,PORCENTAJE_PARTICIPACIÓN_CIUDADANA
86,86,100.0000,86,100.0000,0,31570,17878,56.6297

MESA,DEPARTAMENTO,ID_DEPARTAMENTO,MUNICIPIO,ID_MUNICIPIO,CENTRO_DE_VOTACIÓN,PADRÓN,AZUL,WINAQ,PHG,UNE,SEMILLA,U R N G - MAIZ,CABAL,MLP,VAMOS,VICTORIA,TODOS,PODEMOS,CREO,ELEFANTE,PPN,VÁLIDOS,NULOS,BLANCO,EMITIDOS,INVÁLIDOS,TOTAL,IMPUGNACIONES,PAPELETAS-RECIBIDAS,PAPELETAS-NO-USADAS,VALIDOS_CALCULADO,EMITIDOS_CALCULADO,TOTAL_CALCULADO,OBSERVACIONES,CONTABILIZADA,CÓDIGO_INTEGRIDAD,FECHA_HORA_PUBLICACIÓN,DIGITALIZACIÓN
13362,"San Marcos",12,"Comitancillo",4,1830,400,1,34,45,68,13,4,35,2,44,1,0,1,0,0,1,249,9,5,263,0,263,0,400,137,249,263,263,,1,db1f06c1db2af77dc44f10b707092458768e0795cb31ded5c2af1dd12a25ce67,26/06/2023 01:19:22,ESCANER
13363,"San Marcos",12,"Comitancillo",4,1830,400,2,26,72,62,11,3,35,2,42,4,1,0,0,0,0,260,15,6,281,0,281,0,400,119,260,281,281,,1,a813ef893ae878d8ddcee985645d46d99717612851478e266bc893ce94a05bad,26/06/2023 01:27:01,ESCANER
13364,"San Marcos",12,"Comitancillo",4,1830,400,7,27,76,65,12,2,37,3,37,3,1,0,0,2,0,272,10,4,286,0,286,0,400,114,272,286,286,,1,1cdb2b88ae568de76589d32dcee6b9020b91b4e81b5483b9a589a2810341a019,26/06/2023 01:35:45,ESCANER
13365,"San Marcos",12,"Comitancillo",4,1830,400,2,18,71,57,10,3,45,3,45,5,0,0,1,0,0,260,10,1,271,0,271,0,400,129,260,271,271,,1,8876968c7531e96eda6188fcc7f956e2e0e060e7b00b26fcd78144a459b94221,26/06/2023 00:43:13,ESCANER
13366,"San Marcos",12,"Comitancillo",4,1830,400,2,35,55,64,12,3,23,3,43,1,0,3,0,0,1,245,5,7,257,0,257,0,400,143,245,257,257,,1,c6b34835e21a352c391a2ed1ea1374126c79d26156eb970260733aaa82642175,25/06/2023 23:52:50,ESCANER
13367,"San Marcos",12,"Comitancillo",4,1831,400,3,24,50,61,11,1,31,4,32,3,0,0,2,0,1,223,4,3,230,0,230,0,400,170,223,230,230,,1,e6be66c5a5d4fda0207ed495e3227ca5e4088a1ee3352499d4e2832a3a920329,26/06/2023 01:23:30,ESCANER
13368,"San Marcos",12,"Comitancillo",4,1831,372,5,25,32,55,9,2,29,2,19,0,0,0,0,0,1,179,1,1,181,0,181,0,372,191,179,181,181,,1,d41aeb4a366c4ef85a715a0cd4cf377a2225e97e5a76bee1ae1f5d77031e4fd4,26/06/2023 00:36:23,ESCANER
13369,"San Marcos",12,"Comitancillo",4,1831,371,0,21,47,50,20,0,19,4,31,1,0,0,0,0,0,193,2,0,195,1,196,--,368,175,193,195,196,Algún campo sin dato,1,ec732d7bfe3badc1341d064a40f2feea034058f331d3971eb52c5eb5d645d129,25/06/2023 23:41:49,ESCANER
13370,"San Marcos",12,"Comitancillo",4,1832,400,8,34,67,53,3,1,25,1,36,2,0,0,1,0,1,232,14,13,259,0,259,0,400,141,232,259,259,,1,f673a13dba9a8b62dc0e309df90c29ea2b7aac8b523e0d17512ffd6f861e5b46,26/06/2023 01:49:42,ESCANER
13371,"San Marcos",12,"Comitancillo",4,1832,400,6,41,82,55,8,3,22,1,40,1,1,0,0,0,0,260,12,9,281,0,281,0,400,119,260,281,281,,1,21bd23fd90528987e2c7b6448061957ee0a711bedd995bb70d0d2fc7d4696e1d,26/06/2023 03:36:26,ESCANER
13372,"San Marcos",12,"Comitancillo",4,1832,400,3,29,65,54,11,0,17,1,41,1,0,1,1,0,0,224,6,2,232,0,232,0,400,168,224,232,232,,1,7b4a644bb5545b21bf0e8d8fefb38c604f8adc69800b1ac01bf3a647ba82814b,26/06/2023 00:28:42,ESCANER
13373,"San Marcos",12,"Comitancillo",4,1833,340,9,21,32,37,4,1,12,0,19,2,0,0,3,0,0,140,5,1,146,0,146,0,340,194,140,146,146,,1,3809186bd90e2389087f9c4784e9af5a15aa8ef8e16e1e9cb9d74778920292be,25/06/2023 23:32:36,ESCANER
13374,"San Marcos",12,"Comitancillo",4,1833,340,1,13,34,32,4,0,14,1,29,0,0,0,1,0,0,129,6,1,136,0,136,0,340,204,129,136,136,,1,d5a7c98cf255a8bb263de80df86950f1dea68d04f4ba294e30961759bb807b7d,25/06/2023 23:39:01,ESCANER
13375,"San Marcos",12,"Comitancillo",4,1834,380,4,7,25,109,3,1,14,0,39,1,1,0,0,0,1,205,10,6,221,0,221,0,380,159,205,221,221,,1,046586027121d086167120bcc7eec2aa77d5f742357650340fcb7e6d1cc54c8c,26/06/2023 04:20:20,ESCANER
13376,"San Marcos",12,"Comitancillo",4,1834,380,1,13,41,131,4,3,14,0,36,1,0,1,0,0,0,245,10,6,261,0,261,0,380,119,245,261,261,,1,9d23b72e35791389c8e997a73800d19032480038cd9bed39dbc9c50ec6e5d692,26/06/2023 02:38:11,ESCANER
13377,"San Marcos",12,"Comitancillo",4,1834,380,1,6,50,126,4,4,14,2,33,0,0,0,1,0,0,241,11,19,271,0,271,0,389,118,241,271,271,,1,71e0c3e52f17c16621d03af712514d0eb46dc9f21b58df09659df5762caba3e5,26/06/2023 04:24:41,ESCANER
13378,"San Marcos",12,"Comitancillo",4,1834,380,2,9,33,132,7,0,13,1,35,1,1,1,1,0,0,236,13,9,258,0,258,0,380,122,236,258,258,,1,797bffbd74bd01b3caf5eae3be717d05c3ec0525bbfec11e375c6e54c5b0bcbe,26/06/2023 01:06:50,ESCANER
13379,"San Marcos",12,"Comitancillo",4,1834,380,1,5,33,125,6,1,19,2,32,3,0,0,0,0,1,228,18,6,252,24,252,--,380,128,228,252,276,Sumas Asentadas sin cuadrar,1,1bbf54e461665ab95a41bc94dcf906a356ebafe08cbc5671d8fda87fd7a50102,26/06/2023 05:51:35,ESCANER
13380,"San Marcos",12,"Comitancillo",4,1834,380,4,6,35,111,4,2,23,1,24,2,1,0,0,0,0,213,4,5,222,0,222,0,380,158,213,222,222,,1,920585fb5a4302c5895aa36a76b7960459b5d17d59bff34db7f5cb9dc4f54106,26/06/2023 00:32:35,ESCANER
13381,"San Marcos",12,"Comitancillo",4,1835,380,3,7,28,82,7,1,11,0,39,1,0,0,0,0,0,179,7,6,192,0,192,--,380,185,179,192,192,Algún campo sin dato,1,04bf00ead067f9c8488ee8952328dc9245626b73a4fa38309c8ec5882766faf0,26/06/2023 02:13:38,ESCANER
13382,"San Marcos",12,"Comitancillo",4,1835,380,3,6,34,97,3,1,14,1,23,0,0,0,0,0,0,182,6,5,193,0,193,--,380,187,182,193,193,Algún campo sin dato,1,cbe6b117e034cb0c98a40754f22c4f39c870e7e2de6e00b07581491840c70d26,26/06/2023 02:43:52,ESCANER
13383,"San Marcos",12,"Comitancillo",4,1835,380,3,10,32,94,4,0,11,2,27,1,0,0,0,0,0,184,0,0,184,0,184,--,380,196,184,184,184,Algún campo sin dato,1,9e29fb793edba096274d101d973bfacb61c44ef7d9ca45a7a1add4c02c02fa99,25/06/2023 23:42:52,ESCANER
13384,"San Marcos",12,"Comitancillo",4,1835,273,0,8,19,54,2,0,12,0,23,2,0,0,0,0,0,120,1,1,122,0,122,0,273,151,120,122,122,,1,cfd8417f5d1f008cb8b61a2012746c7d789ab473ec98c28489d0ddc65c839348,26/06/2023 02:07:49,ESCANER
13385,"San Marcos",12,"Comitancillo",4,1835,273,1,7,23,46,2,1,11,1,22,1,0,0,0,0,0,115,1,3,119,0,119,--,273,154,115,119,119,Algún campo sin dato,1,55dbd81faf6e754fdd856996dd2cfaba99f4ae58505c5584ba00918b18a5923e,25/06/2023 23:52:49,ESCANER
13386,"San Marcos",12,"Comitancillo",4,1836,380,0,65,27,57,1,1,30,0,29,0,0,0,0,3,0,213,23,8,244,0,244,1,380,136,213,244,244,,1,0593f50013e1d0323b9c172a3d8d408e32dcfd2dec38e8e869b89288e6b69125,26/06/2023 00:28:21,ESCANER
13387,"San Marcos",12,"Comitancillo",4,1836,380,3,86,47,48,2,1,23,0,34,0,1,0,1,0,2,246,27,4,271,0,271,--,380,109,248,279,279,Sumas Asentadas sin cuadrar,1,643eae706d321b0dccbf976a51bd0b0a92c622ba2028d1cb8f4ce2f2c9d08777,26/06/2023 04:13:38,ESCANER
13388,"San Marcos",12,"Comitancillo",4,1836,380,1,76,54,31,1,3,25,2,40,1,3,0,1,0,0,238,24,3,265,0,265,0,380,115,238,265,265,,1,02eb53975236e994d1fba279ee3db98a4be4b7edcc80b2ad3dd94a261a214e10,26/06/2023 02:31:53,ESCANER
13389,"San Marcos",12,"Comitancillo",4,1836,380,2,94,29,40,1,0,23,1,34,0,0,0,1,0,0,225,6,3,234,0,234,0,380,146,225,234,234,,1,55e163ed3bb8f011c601a362891ecfed2ab070b0d48c2cb36cfec40addb12a30,26/06/2023 00:49:00,ESCANER
13390,"San Marcos",12,"Comitancillo",4,1837,380,1,66,34,31,1,2,28,3,23,1,0,0,0,0,0,190,10,4,204,0,204,--,380,176,190,204,204,Algún campo sin dato,1,d679843dee9d213e90b3361f3f40807f1ab7d95adc593e3d4c62292f927d0559,25/06/2023 23:17:14,ESCANER
13391,"San Marcos",12,"Comitancillo",4,1837,323,0,51,31,24,2,0,21,0,21,0,0,0,0,0,0,150,5,1,156,0,156,0,323,167,150,156,156,,1,62d88ecd1884295ea5605743f82eccbc1a40af9c05a8b599b54b8ece9f347311,25/06/2023 23:44:58,ESCANER
13392,"San Marcos",12,"Comitancillo",4,1837,322,1,64,25,24,2,0,14,0,18,1,0,0,0,0,0,149,2,2,153,0,153,--,322,169,149,153,153,Algún campo sin dato,1,4e3f0db68d12728dcc1829c94d57489dbfcc5291d15ea3f29f7ba507f46d46b5,25/06/2023 23:01:12,ESCANER
13393,"San Marcos",12,"Comitancillo",4,1838,380,1,10,79,83,2,0,14,2,61,0,4,0,0,1,0,257,18,11,286,0,286,0,380,94,257,286,286,,1,dba8681759be27610b50a458b3934ce33bfebb8c93a7a96284342f6c4dfeb527,26/06/2023 03:46:58,ESCANER
13394,"San Marcos",12,"Comitancillo",4,1838,380,2,11,68,84,1,1,3,0,53,4,2,0,0,0,1,230,22,11,263,0,263,0,380,117,230,263,263,,1,d4dbda4e5daa5fbf05c23c6ec8798c1c7d694864c196246b2458c0394220d92f,26/06/2023 00:39:15,ESCANER
13395,"San Marcos",12,"Comitancillo",4,1838,380,5,25,75,88,3,1,15,0,65,0,1,0,0,0,0,278,1,8,287,21,308,2,311,61,278,287,308,,1,1f0620ac177df49331ba3523580f37cf41df10c9e75dde003d9d7d7cb6d7528a,26/06/2023 04:05:47,ESCANER
13396,"San Marcos",12,"Comitancillo",4,1838,380,4,11,93,70,2,0,7,2,67,1,2,0,0,0,0,259,30,11,300,0,377,--,--,--,259,300,300,Sumas Asentadas sin cuadrar,1,7cac5812a61ff72345c3d9c8408f6f018240a6f7d30b6e06f528ff7cfe8e224a,26/06/2023 03:44:19,ESCANER
13397,"San Marcos",12,"Comitancillo",4,1838,380,2,17,103,87,2,3,12,0,42,2,1,0,0,0,0,271,23,14,308,0,308,0,380,72,271,308,308,,1,c6cc5af481dccbf5ff0d04356f5379b0f90b07adae560f5f9bd35d57232a8d33,26/06/2023 03:49:31,ESCANER
13398,"San Marcos",12,"Comitancillo",4,1838,380,0,15,76,82,0,1,15,0,64,0,1,0,0,0,0,254,6,11,271,0,271,0,380,109,254,271,271,,1,014416e035a12423f44497206ecc2412af9da89f3bc3a48d9526cc432f5607dd,25/06/2023 22:41:52,ESCANER
13399,"San Marcos",12,"Comitancillo",4,1838,380,0,7,73,79,2,2,13,0,45,1,1,0,0,0,0,223,10,11,244,0,223,--,380,136,223,244,244,Sumas Asentadas sin cuadrar,1,95c6f4bebac3bc2e6ab6e7659fcae87548f5ee64ab1f35bb1cc94b964b3568f4,26/06/2023 05:45:08,ESCANER
13400,"San Marcos",12,"Comitancillo",4,1838,380,1,12,76,69,2,1,20,0,49,0,1,0,0,0,0,231,18,5,254,0,254,0,380,126,231,254,254,,1,184e446f41eb01411b51cd214bbeca9b6de606976fa7b05ec005ec901e2a9a04,25/06/2023 23:46:50,ESCANER
13401,"San Marcos",12,"Comitancillo",4,1838,380,1,4,63,62,2,0,19,1,40,1,2,0,0,0,0,195,7,4,206,0,206,0,380,174,195,206,206,,1,144abe9a7167db83728af6c381883a026d299ff4cf68948ef67f140f40d615d8,26/06/2023 00:16:31,ESCANER
13402,"San Marcos",12,"Comitancillo",4,1839,380,3,5,78,49,3,0,10,0,46,0,6,0,0,0,0,200,2,1,203,0,203,0,380,177,200,203,203,,1,46aa7e2bde59c5560b2a0213ade08a43d507e0587d333b355d3cdfe7fc768577,25/06/2023 23:10:08,ESCANER
13403,"San Marcos",12,"Comitancillo",4,1839,200,0,1,36,37,0,0,4,1,22,1,1,0,0,0,0,103,4,3,110,0,110,0,200,90,103,110,110,,1,c4e6857e88fb1d47645faae44c4146c4c28364ae7abfbb02412834fa285a220c,25/06/2023 23:31:04,ESCANER
13404,"San Marcos",12,"Comitancillo",4,1839,200,0,4,29,24,0,0,7,0,28,0,1,0,0,0,0,93,3,2,98,0,98,0,196,98,93,98,98,,1,5dfa4d3f5faa689a735b7d85d4b96638ffdb55765e707a22bbae534b9d159dc1,25/06/2023 22:01:31,ESCANER
13405,"San Marcos",12,"Comitancillo",4,1840,380,1,6,49,35,3,2,19,0,44,0,1,0,0,0,0,160,26,7,193,0,193,0,380,187,160,193,193,,1,7c9d5333c17d760c89ca743bb2cbb549aa3ba4e02ef81cbf2d037edcf0cb9c08,26/06/2023 01:32:09,ESCANER
13406,"San Marcos",12,"Comitancillo",4,1840,380,1,9,49,52,7,6,13,2,35,2,0,1,0,0,0,177,34,8,219,0,219,0,380,161,177,219,219,,1,ee6bd84627bc1af0499cb0b1b0baa5d9c49074c464a7b219728e1938e8a91f9e,26/06/2023 06:54:27,ESCANER
13407,"San Marcos",12,"Comitancillo",4,1840,380,2,6,47,32,8,3,17,0,35,0,0,0,0,1,0,151,29,15,195,0,195,--,380,185,151,195,195,Algún campo sin dato,1,845cef8bda2e914157fb92e4532ea2d111849b13de995adac71589249a73b3f7,26/06/2023 03:05:23,ESCANER
13408,"San Marcos",12,"Comitancillo",4,1841,342,1,5,40,27,1,4,15,0,19,0,0,0,0,0,0,112,16,8,136,0,136,0,342,206,112,136,136,,1,0952e30a6bc234e8769a181417ef5913c414531e0fe8cf0d0f41a0002761d433,26/06/2023 01:46:07,ESCANER
13409,"San Marcos",12,"Comitancillo",4,1841,341,0,5,37,21,4,0,14,0,21,0,0,0,0,0,0,102,8,9,119,0,119,0,341,222,102,119,119,,1,fffbf9ce9e8ba8c92327d558b575b901bb8f7d4b6b53c70bc574e8af535ae225,26/06/2023 00:47:34,ESCANER
13410,"San Marcos",12,"Comitancillo",4,1842,380,0,21,104,30,2,2,22,0,33,0,0,0,0,0,0,214,20,7,241,0,241,0,377,136,214,241,241,,1,95ddedef040c909dad468709da048d64d7b5c3a5c705ee6618dd4579ea315ea7,26/06/2023 00:42:21,ESCANER
13411,"San Marcos",12,"Comitancillo",4,1842,380,2,17,116,25,2,2,21,0,27,1,0,0,0,0,0,213,17,14,244,0,244,0,380,136,213,244,244,,1,d6d61aaf0c834a70fc1e2a01fbdbbe0ea0610364a364eb0fa8ba1fd211a261b9,26/06/2023 02:18:53,ESCANER
13412,"San Marcos",12,"Comitancillo",4,1842,380,3,18,108,27,0,1,23,1,37,1,0,0,1,0,1,221,23,11,255,0,255,--,380,125,221,255,255,Algún campo sin dato,1,1d280432d4536a5f24c4af126c59cab2e6ef10cbaa1e955128c9ce71f576f376,26/06/2023 01:59:38,ESCANER
13413,"San Marcos",12,"Comitancillo",4,1842,380,1,26,65,24,3,3,13,1,44,1,0,0,0,1,0,182,13,6,201,0,201,--,380,179,182,201,201,Algún campo sin dato,1,6ff147a5a2ff332cad3a2e237446ff85d923d4b1ba9e4634916ecb94e1cffaa4,26/06/2023 02:26:17,ESCANER
13414,"San Marcos",12,"Comitancillo",4,1843,342,0,22,63,16,1,0,17,0,26,0,0,0,0,0,0,145,10,3,158,0,158,0,342,184,145,158,158,,1,4324daa09201da97c582549d00013a0fe09ee62abda8c2ced7f27008b0c5b24a,26/06/2023 01:23:52,ESCANER
13415,"San Marcos",12,"Comitancillo",4,1843,342,0,15,85,14,1,0,24,0,28,0,0,0,0,0,1,168,5,2,175,0,175,0,339,164,168,175,175,,1,2b8ac085380bee5357fe091bf7abe5b28956be2d4c3567436e22c43d4548f482,26/06/2023 01:19:09,ESCANER
13416,"San Marcos",12,"Comitancillo",4,1844,380,9,7,46,65,1,1,13,2,39,1,1,1,5,1,1,193,28,10,231,0,231,0,380,149,193,231,231,,1,cb51934b5837bb2db47d469e3c7714d7469fe2fe1f825edb2e7f3a33f8c4bfdb,26/06/2023 01:42:25,ESCANER
13417,"San Marcos",12,"Comitancillo",4,1844,380,6,6,48,65,3,2,11,1,53,3,3,0,1,0,0,202,46,10,258,0,258,--,380,118,202,258,258,Algún campo sin dato,1,e8c84d782b52dfdb2f8dbeb5b0f19beccd24f1ae57a42b32ea611a8eac761f5b,26/06/2023 03:36:19,ESCANER
13418,"San Marcos",12,"Comitancillo",4,1844,380,9,2,46,66,1,4,16,0,45,2,3,0,0,0,1,195,29,8,232,0,232,--,380,148,195,232,232,Algún campo sin dato,1,3a9916411f0f4ca63d229fc5aaf60368c4c6b0542761a61057c1f7f21d2c2a9f,26/06/2023 00:39:48,ESCANER
13419,"San Marcos",12,"Comitancillo",4,1844,380,5,4,31,45,1,2,6,1,35,2,0,0,0,0,0,132,27,4,163,0,163,--,380,217,132,163,163,Algún campo sin dato,1,c3904038a87d43aef3e8daa4f5d379f272bec1178f1b0ed052dd4ce5ef89ff8d,26/06/2023 03:01:25,ESCANER
13420,"San Marcos",12,"Comitancillo",4,1844,279,5,4,17,28,3,0,6,0,14,0,1,0,0,0,0,78,24,5,107,0,107,0,279,172,78,107,107,,1,5bcd35451c5c9939d1306f8727f851e6ca77b1626ec9bdb71a58c8bb25f5fc13,26/06/2023 03:17:09,ESCANER
13421,"San Marcos",12,"Comitancillo",4,1844,279,4,5,20,14,1,0,5,0,15,1,1,0,0,0,0,66,5,4,75,0,75,0,279,201,66,75,75,,1,b16a2de142e298d32cefd54b127c5e7b9c682aacb6f8c6b7f723d52c225e82d3,26/06/2023 03:13:54,ESCANER
13422,"San Marcos",12,"Comitancillo",4,1845,380,1,85,30,71,1,1,2,0,28,1,3,0,0,4,1,228,19,3,250,0,250,--,38,130,228,250,250,Algún campo sin dato,1,edd06e78bd7d1b672e4b5e49b38c93cc4e5f69b969a6cafa549ec7df89aca323,26/06/2023 00:55:06,ESCANER
13423,"San Marcos",12,"Comitancillo",4,1845,380,1,85,30,85,5,0,4,0,28,1,0,0,0,1,0,240,28,4,272,0,272,0,380,108,240,272,272,,1,b7b89cfb94aa74607159b52859c34a8597579444fe5477182520c328d2b3efb0,26/06/2023 00:25:55,ESCANER
13424,"San Marcos",12,"Comitancillo",4,1845,380,0,82,31,90,0,5,9,1,29,1,1,0,0,4,0,253,24,5,282,0,282,--,380,98,253,282,282,Algún campo sin dato,1,ff1bc18f3aa396b74b59bcea432c138f5c64015c071c072a0328fe76b562d846,26/06/2023 05:09:28,ESCANER
13425,"San Marcos",12,"Comitancillo",4,1845,380,1,66,26,65,1,5,7,0,19,1,0,1,0,7,0,199,7,8,214,0,214,--,380,166,199,214,214,Algún campo sin dato,1,75cdc4d02e09587f59c048836becbe7f6c188b9780e0ecc172360956cc5c000e,26/06/2023 00:38:18,ESCANER
13426,"San Marcos",12,"Comitancillo",4,1845,368,1,57,21,57,2,1,5,0,22,0,1,0,0,0,0,167,11,4,182,0,182,0,--,--,167,182,182,Algún campo sin dato,1,787f5daac893e5a755b81f9daa1acf83a68929a472d24714bba271fceb62f1a6,26/06/2023 02:33:10,ESCANER
13427,"San Marcos",12,"Comitancillo",4,1845,368,0,45,20,41,1,0,6,0,12,1,0,0,0,2,0,128,1,1,130,0,130,--,368,238,128,130,130,Algún campo sin dato,1,0998a18137096bf268d8299d3827c1cfadcf665c2d5cce12608d530be70ac79b,26/06/2023 00:10:04,ESCANER
13428,"San Marcos",12,"Comitancillo",4,1846,380,0,16,83,54,2,4,24,6,15,1,0,0,0,1,0,206,18,8,232,0,0,--,380,148,206,232,232,Algún campo sin dato,1,2663830928c5557b031e41412f16855279aa05543f77a0e0f5aa42d882f9ed6a,26/06/2023 05:16:15,ESCANER
13429,"San Marcos",12,"Comitancillo",4,1846,380,2,12,123,39,3,1,30,3,11,2,1,0,0,0,0,227,16,6,249,0,249,--,381,132,227,249,249,Algún campo sin dato,1,9d32722c107394857cb64864f2662b63dde62205a01a167d1df8e8341a06ac99,26/06/2023 02:35:19,ESCANER
13430,"San Marcos",12,"Comitancillo",4,1846,380,1,5,90,52,2,2,24,5,23,1,0,1,0,0,0,206,13,8,227,0,227,--,380,153,206,227,227,Algún campo sin dato,1,1a8171ed6b3fb45a3fc55319119304450c18d7c0bd0d3aac1dcae378a05e2169,26/06/2023 03:48:07,ESCANER
13431,"San Marcos",12,"Comitancillo",4,1847,309,0,9,60,30,1,1,24,1,11,0,1,0,0,0,0,138,10,6,154,0,154,--,309,155,138,154,154,Algún campo sin dato,1,3b3f7aba3a8b4598ab8031c92412af183ab36750787cf4214e26648638514df8,26/06/2023 01:04:13,ESCANER
13432,"San Marcos",12,"Comitancillo",4,1847,308,0,6,64,22,0,1,20,5,7,0,0,0,0,0,0,125,3,2,130,0,130,0,308,178,125,130,130,,1,01c626a73eafab1557499ff75443e421c7023cc21fa3d410ddbf24929d9b32a6,26/06/2023 00:30:59,ESCANER
13433,"San Marcos",12,"Comitancillo",4,1848,380,4,4,65,39,1,4,23,0,23,0,3,0,1,0,2,169,20,17,206,0,206,--,380,174,169,206,206,Algún campo sin dato,1,332a332c68d383a1cb8085b3de8f5c0b729c43318a8c40e4c32c294cfd778a35,26/06/2023 01:49:28,ESCANER
13434,"San Marcos",12,"Comitancillo",4,1848,380,1,2,60,58,2,5,20,2,28,0,6,0,2,0,1,187,24,12,223,0,223,--,380,157,187,223,223,Algún campo sin dato,1,8ad6f5e8105351b758849e5da960d9350329f15056c3b426ccb28b464df612d4,26/06/2023 01:34:43,ESCANER
13435,"San Marcos",12,"Comitancillo",4,1848,380,7,7,66,53,3,5,31,0,24,0,0,0,0,1,2,199,29,18,246,0,246,--,380,134,199,246,246,Algún campo sin dato,1,8e39c22a1c19ba34db4dfbe18be391a3cf2d2161e63c3b4108188088b9d4e398,26/06/2023 02:01:34,ESCANER
13436,"San Marcos",12,"Comitancillo",4,1849,380,5,5,47,24,4,5,17,0,22,1,1,0,1,0,2,134,19,10,163,0,163,--,377,214,134,163,163,Algún campo sin dato,1,6d6c6b0aa086f0381f46680edacc407367d7b234f18d9136b775ecfcb2a4c70b,26/06/2023 00:50:20,ESCANER
13437,"San Marcos",12,"Comitancillo",4,1849,365,2,6,58,25,2,1,20,0,16,0,1,0,1,2,1,135,20,16,171,0,171,--,365,193,135,171,171,Algún campo sin dato,1,af748ff058c7e1ba8aa448412c1d344c11a35f2c9df0cd5324e71ac5c3126ab6,26/06/2023 00:16:44,ESCANER
13438,"San Marcos",12,"Comitancillo",4,1850,364,2,6,38,27,1,2,23,0,15,1,0,0,0,0,1,116,12,3,131,0,131,0,361,230,116,131,131,,1,8478d858937552d495bf890cab909d62185ff41328c111aba034e461d9e1e457,25/06/2023 23:44:51,ESCANER
13439,"San Marcos",12,"Comitancillo",4,1851,380,3,12,38,79,3,1,20,1,18,1,0,0,0,0,0,176,16,10,202,0,202,0,377,175,176,202,202,,1,7d2edb4ab6ef1277e739dff9fa3f1607f3bfea9c2667fa4eeeac7117d0c7ad34,26/06/2023 03:44:45,ESCANER
13440,"San Marcos",12,"Comitancillo",4,1851,380,1,13,36,99,8,4,22,1,21,0,0,1,0,0,0,206,18,15,239,0,239,0,380,141,206,239,239,,1,6679bedfde202998b9bceff67f85d0f1c22a437f3efab26f6befc97792f0bfd1,26/06/2023 01:04:30,ESCANER
13441,"San Marcos",12,"Comitancillo",4,1851,380,1,17,69,89,6,0,31,1,17,1,0,0,1,0,0,233,20,18,271,0,271,0,380,109,233,271,271,,1,762885e39f907a0db05400a8858e4fcfe3b81156dd0cb673c6ef02788356dbe7,26/06/2023 01:38:34,ESCANER
13442,"San Marcos",12,"Comitancillo",4,1851,380,2,17,61,58,10,1,31,1,29,0,0,0,0,0,0,210,11,3,224,0,224,0,380,156,210,224,224,,1,09ab406530b5b06c35175ceb81687911f20be01842a75cdb7e6683edecb03aee,26/06/2023 01:14:12,ESCANER
13443,"San Marcos",12,"Comitancillo",4,1851,380,2,14,30,56,5,0,33,1,21,0,0,0,0,0,0,162,9,4,175,0,175,--,380,205,162,175,175,Algún campo sin dato,1,1c49088b0f002f5973d5fc7de95bfead242bf4fb78de559cb3ab572f21626e81,26/06/2023 01:57:39,ESCANER
13444,"San Marcos",12,"Comitancillo",4,1852,354,0,8,31,54,2,0,31,1,18,2,0,0,0,0,0,147,1,1,149,0,149,0,354,205,147,149,149,,1,87a1b0469e6e3025925a93c46ee9c01476837ada6576ed2f555652b5ce704e96,25/06/2023 22:58:03,ESCANER
13445,"San Marcos",12,"Comitancillo",4,1852,354,1,13,41,53,7,0,20,1,11,0,0,0,0,0,0,147,4,3,154,0,154,0,350,196,147,154,154,,1,edcee4c2d20054a8d12a44ceab10b0ae0c79d0d677f67890e1696972f17b51c4,26/06/2023 00:32:41,ESCANER
13446,"San Marcos",12,"Comitancillo",4,1853,431,3,13,14,12,2,1,6,0,13,0,1,0,0,3,0,68,5,5,78,0,78,0,431,353,68,78,78,,1,2c0337236a71a4cd7f32e88529e3111abb983f2c8827f441078df5ed9d619476,25/06/2023 23:07:51,ESCANER
13447,"San Marcos",12,"Comitancillo",4,1853,430,1,8,9,6,3,1,4,0,9,0,0,0,0,0,0,41,3,0,44,0,44,--,430,386,41,44,44,Algún campo sin dato,1,d2d5aee03907ea70c8d217809e17c92879dfa23cf0c1892466e453541bc3816c,25/06/2023 21:29:27,ESCANER