﻿TIPO_DE_ELECCIÓN:,CORPORACIÓN MUNICIPAL
28 junio 2023 21:35 (UTC -6)
ACTAS_ESPERADAS,ACTAS_CAPTURADAS,PORCENTAJE_ACTAS_CAPTURADAS,ACTAS_CONTABILIZADAS,PORCENTAJE_ACTAS_CONTABILIZADAS,ACTAS_NO_CONTABILIZADAS,LISTA_NOMINAL_ACTAS_CONTABILIZADAS,VOTOS_EMITIDOS_CONTABILIZADAS,PORCENTAJE_PARTICIPACIÓN_CIUDADANA
208,208,100.0000,208,100.0000,0,78651,44789,56.9465

MESA,DEPARTAMENTO,ID_DEPARTAMENTO,MUNICIPIO,ID_MUNICIPIO,CENTRO_DE_VOTACIÓN,PADRÓN,VALOR,MLP,VAMOS,UNE,U R N G - MAIZ,VIVA,BIEN,CABAL,UR,PPN,FCN-NACION,MI FAMILIA,VOS,PHG,PR,TODOS,P A N,VICTORIA,AZUL,PODEMOS,CAMBIO,CREO,VÁLIDOS,NULOS,BLANCO,EMITIDOS,INVÁLIDOS,TOTAL,IMPUGNACIONES,PAPELETAS-RECIBIDAS,PAPELETAS-NO-USADAS,VALIDOS_CALCULADO,EMITIDOS_CALCULADO,TOTAL_CALCULADO,OBSERVACIONES,CONTABILIZADA,CÓDIGO_INTEGRIDAD,FECHA_HORA_PUBLICACIÓN,DIGITALIZACIÓN
4038,"Guatemala",1,"Amatitlán",14,405,400,51,6,6,12,10,7,59,42,3,19,1,10,6,12,1,1,2,1,6,1,0,1,257,25,0,282,0,282,--,400,118,257,282,282,Algún campo sin dato,1,e60f44458612fa418e796e1dc8b6024ec8186bca620dc6492d6daf8fbe0237d2,26/06/2023 00:44:38,ESCANER
4039,"Guatemala",1,"Amatitlán",14,405,400,43,8,9,18,8,6,52,46,5,21,1,12,6,5,4,1,3,2,9,0,1,2,262,10,1,273,0,273,--,400,127,262,273,273,Algún campo sin dato,1,d729f269a383c4e170514e61e3d0d6c6f4f16adc19afb52c175c110530aba40f,25/06/2023 22:27:46,ESCANER
4040,"Guatemala",1,"Amatitlán",14,405,400,43,6,8,20,10,5,50,47,5,11,0,5,7,8,1,1,4,2,8,0,1,3,245,12,2,259,0,259,--,400,141,245,259,259,Algún campo sin dato,1,8bf91c2c68a29806eac5bc52da3668e67bb94e5dfb9f4fc9cd564c6862c24bd7,25/06/2023 23:41:33,ESCANER
4041,"Guatemala",1,"Amatitlán",14,405,400,57,4,4,6,13,3,50,54,1,16,0,7,5,5,1,1,6,3,4,0,1,2,243,17,1,261,0,261,--,400,139,243,261,261,Algún campo sin dato,1,a8d94da6bbf2dc2f95bc034fb0e7e470c7b45469a8ea84bf634a434f1e3713d1,26/06/2023 01:13:01,ESCANER
4042,"Guatemala",1,"Amatitlán",14,405,400,58,6,14,12,6,4,56,49,3,23,5,6,9,2,2,5,0,3,6,4,0,0,273,18,2,293,0,293,--,400,107,273,293,293,Algún campo sin dato,1,bb34ee7c1d59890872f356c5b209ad00abbd89eee66e9458506b36995cdd8103,26/06/2023 01:33:23,ESCANER
4043,"Guatemala",1,"Amatitlán",14,405,400,49,5,12,10,11,8,50,42,6,17,0,7,10,8,0,1,3,3,8,1,3,2,256,18,3,277,0,277,--,397,120,256,277,277,Algún campo sin dato,1,fa3669992cca2b2baa2343791f069fff202afb4dce51b10acaad0c65bfe95d03,26/06/2023 01:59:55,ESCANER
4044,"Guatemala",1,"Amatitlán",14,405,400,48,5,2,16,12,6,60,54,2,15,1,4,10,5,0,2,3,3,8,1,1,4,262,20,2,284,0,284,--,400,116,262,284,284,Algún campo sin dato,1,514cbfd2e8e75c7088f4926b794f9b5f94ad8250b051df30f377e7d507aaed8e,26/06/2023 01:22:16,ESCANER
4045,"Guatemala",1,"Amatitlán",14,405,400,49,3,8,14,13,3,43,65,1,28,2,15,14,7,1,1,1,3,5,1,0,1,278,16,0,294,0,294,0,400,106,278,294,294,,1,d7a65854ed877379c45af5a69063083fac2b215c7321b7ad8ad8a82cf3d5952a,26/06/2023 00:33:55,ESCANER
4046,"Guatemala",1,"Amatitlán",14,405,400,46,4,8,17,11,6,47,46,4,18,1,8,5,8,0,1,5,2,4,2,4,5,252,22,2,276,0,276,0,401,125,252,276,276,,1,8ee7744984f3aaa79d57111059a1c50989acd278f8ada20bdd30a8c1fcc40b2c,26/06/2023 02:13:21,ESCANER
4047,"Guatemala",1,"Amatitlán",14,405,400,51,5,6,16,16,3,51,44,3,12,3,4,7,2,2,0,3,0,5,4,2,5,244,23,2,269,0,269,0,403,134,244,269,269,,1,3b288b8cf8c537f7b0b0eb8c127733a518441d7e2860abd571eb08a38023d3ce,26/06/2023 01:06:13,ESCANER
4048,"Guatemala",1,"Amatitlán",14,406,400,41,4,7,7,10,3,50,41,1,16,0,6,11,10,2,1,1,2,1,0,4,0,218,13,1,232,0,232,--,400,168,218,232,232,Algún campo sin dato,1,efd76326648a16a44c5294bda350d7bc7096b0290279ac3958eafbf245f9f89d,26/06/2023 02:52:35,ESCANER
4049,"Guatemala",1,"Amatitlán",14,406,400,54,2,8,11,9,3,49,48,2,10,2,11,7,7,0,1,1,0,8,0,3,2,238,12,0,250,1,251,--,400,149,238,250,251,Algún campo sin dato,1,16e8dc86ee6c442b388628e92901e203fce25b9a4c1e2e182328a18259021aed,26/06/2023 02:15:10,ESCANER
4050,"Guatemala",1,"Amatitlán",14,406,400,55,2,12,19,12,0,41,41,3,21,1,6,10,2,1,0,3,1,10,1,1,0,242,22,0,264,0,264,--,400,136,242,264,264,Algún campo sin dato,1,138d356689f0c73be32f63dfdc315f602ebea88ac2d9ac06d37d93d002e3efae,25/06/2023 23:07:46,ESCANER
4051,"Guatemala",1,"Amatitlán",14,406,400,43,4,11,20,5,7,48,43,4,12,0,10,11,9,1,2,4,2,8,1,2,1,248,9,3,260,0,260,--,400,140,248,260,260,Algún campo sin dato,1,73b840426585f90ef16afc925a37b75e28c2d83d716df7aa4bd8ceedf7b29735,25/06/2023 23:44:23,ESCANER
4052,"Guatemala",1,"Amatitlán",14,407,400,39,2,10,28,9,7,56,42,3,14,1,6,9,5,2,0,3,3,6,3,3,1,252,10,1,263,0,--,--,400,137,252,263,263,Algún campo sin dato,1,2e5a5c9cbdb2a2b9a5ce160d46a35ba4fcb1bf0796b5428429011b750b9e474c,26/06/2023 02:58:15,ESCANER
4053,"Guatemala",1,"Amatitlán",14,407,400,50,4,4,11,12,3,57,60,3,20,1,5,9,14,1,0,5,1,9,3,1,2,275,10,0,285,0,285,0,400,115,275,285,285,,1,059b9f52b18c3755a9c92af35fc8eabd6135e302d1359e6e42dc2affb2a0b30a,26/06/2023 02:06:50,ESCANER
4054,"Guatemala",1,"Amatitlán",14,407,400,56,5,5,17,9,3,42,55,3,16,4,5,3,4,0,0,4,1,4,2,5,3,246,11,2,259,0,259,--,400,141,246,259,259,Algún campo sin dato,1,b8cf7091fc1b0574919b6c6a1a707d46cdfb02f21026fcdf9117a79824b009a8,26/06/2023 00:42:25,ESCANER
4055,"Guatemala",1,"Amatitlán",14,407,400,56,5,11,14,12,4,60,35,6,15,3,5,8,6,1,0,1,0,5,0,0,2,249,12,2,263,0,263,0,400,137,249,263,263,,1,3ea45985ca10b2516d75cd0098ff419d43958ef023341b0611cd8a8c25171d68,26/06/2023 01:17:04,ESCANER
4056,"Guatemala",1,"Amatitlán",14,407,400,43,2,6,9,8,6,53,40,6,16,3,8,3,8,3,1,1,0,6,4,2,0,228,17,1,246,0,246,--,400,154,228,246,246,Algún campo sin dato,1,ca9010a3c7f2f419dba566eb11785e091f8845086b391655f1ada88f7741efbf,26/06/2023 04:07:37,ESCANER
4057,"Guatemala",1,"Amatitlán",14,408,400,58,7,8,13,11,5,42,57,0,12,1,6,8,9,1,1,0,2,8,0,1,1,251,12,1,264,0,264,0,400,136,251,264,264,,1,59eb77ec3d90e0c384b143461fffbfd6f68a537ee48ecb360c0053bfb175cba9,26/06/2023 02:15:46,ESCANER
4058,"Guatemala",1,"Amatitlán",14,408,400,53,5,4,16,10,4,47,47,1,12,4,8,9,6,0,0,4,0,9,4,2,2,247,9,0,256,1,257,1,400,143,247,256,257,,1,dd26c47704365966f1babf0946b81c6eea80ee49424618c903783de88b334fba,26/06/2023 01:03:16,ESCANER
4059,"Guatemala",1,"Amatitlán",14,408,400,42,4,10,14,10,6,46,42,2,19,1,3,6,10,3,3,0,2,3,3,0,2,231,4,2,237,0,237,--,400,163,231,237,237,Algún campo sin dato,1,e1b49b6bea4b1f60d77e20a74d8c72d64a22b588946c4294d159ea57f9a9ffb2,26/06/2023 00:12:47,ESCANER
4060,"Guatemala",1,"Amatitlán",14,408,400,50,0,7,13,11,6,41,29,0,13,2,3,11,8,3,1,5,2,6,1,2,3,222,14,2,238,0,238,--,403,165,217,233,233,Sumas Asentadas sin cuadrar,1,c30cd0cab6e1131f1b83d25e34247da94b73db291ed16ad2d3ae30b96478aff7,26/06/2023 00:25:15,ESCANER
4061,"Guatemala",1,"Amatitlán",14,408,400,44,10,10,14,7,1,51,40,4,23,1,6,11,8,5,0,0,1,4,2,2,2,246,14,0,260,1,261,--,400,139,246,260,261,Algún campo sin dato,1,2c4f28a8f7242975c204aad7a86a5e0b21eeabe4b6aa73b2ed788bc00e3ad7b2,26/06/2023 00:34:51,ESCANER
4062,"Guatemala",1,"Amatitlán",14,408,400,27,3,5,6,8,6,43,45,4,15,0,4,7,5,3,0,2,1,8,0,2,2,196,10,0,206,0,206,--,400,196,196,206,206,Algún campo sin dato,1,2cdbb7dea3d108639a5f1e700f3896de841f88b0aea3cf55a2e29634fefbe0fe,26/06/2023 00:49:38,ESCANER
4063,"Guatemala",1,"Amatitlán",14,409,400,44,5,6,12,9,3,47,31,2,14,1,13,19,4,4,0,1,1,2,3,0,1,222,10,0,232,0,232,--,401,168,222,232,232,Algún campo sin dato,1,a7158777712d8c166f4ee98b26cdbae93163a4ba053b8463bc04a0980dacde5f,26/06/2023 00:21:22,ESCANER
4064,"Guatemala",1,"Amatitlán",14,409,400,47,6,4,7,6,5,57,51,2,11,0,6,6,5,5,0,2,1,6,1,1,3,232,8,160,400,0,240,0,400,160,232,400,400,Sumas Asentadas sin cuadrar,1,abf9e75eaa124a7595c8d1c94190076cfcfbe088d15ca7b9ec9ef2f983e67859,25/06/2023 23:30:48,ESCANER
4065,"Guatemala",1,"Amatitlán",14,409,400,35,5,4,11,7,2,61,40,2,14,1,11,11,4,0,0,2,0,4,0,1,0,215,8,0,223,0,223,--,400,177,215,223,223,Algún campo sin dato,1,983d10b184c47336a5b40748d6243b6e149d5969f564ab3a8ada7b71f524c6d8,26/06/2023 01:16:20,ESCANER
4066,"Guatemala",1,"Amatitlán",14,409,400,42,2,2,8,10,2,64,53,1,12,1,8,12,5,3,0,2,1,5,1,3,1,238,5,0,243,0,243,--,400,157,238,243,243,Algún campo sin dato,1,349d1820980dc0ebad2d10368e7d6f549ff678119a04482ab32dce6989fc2a99,26/06/2023 01:30:55,ESCANER
4067,"Guatemala",1,"Amatitlán",14,409,344,22,1,6,8,7,3,36,25,0,7,1,7,11,2,1,1,0,2,4,0,0,0,144,10,0,154,0,154,--,344,190,144,154,154,Algún campo sin dato,1,ade922deb920b23c3969eef60b89a0a21d2c2d113c3044a5eebb3c96b99f7978,25/06/2023 23:09:20,ESCANER
4068,"Guatemala",1,"Amatitlán",14,409,343,26,6,3,7,7,1,26,36,4,8,3,3,2,2,2,1,2,2,9,0,1,0,151,3,1,155,0,155,--,343,188,151,155,155,Algún campo sin dato,1,835e90b630938a47ad56092beacbee4ed9cd1dfe99ef0478bbac74389b7b02a9,25/06/2023 23:53:15,ESCANER
4069,"Guatemala",1,"Amatitlán",14,410,400,36,10,3,27,5,13,30,48,2,20,1,10,7,5,1,0,1,3,8,0,1,0,231,19,3,253,0,253,--,397,144,231,253,253,Algún campo sin dato,1,c86efbc751f027274f6e13c2f67ec651f5207d16cddebc4abd56edaf4e0c130c,26/06/2023 02:06:28,ESCANER
4070,"Guatemala",1,"Amatitlán",14,410,211,23,0,3,14,0,3,27,28,1,7,0,5,2,1,0,0,0,0,5,1,2,0,125,10,2,137,0,137,--,211,74,122,134,134,Sumas Asentadas sin cuadrar,1,60d7ccf9655724598d3c2096f37462b6d1e5eb2b598d7cb20b755531800cbc17,26/06/2023 03:52:47,ESCANER
4071,"Guatemala",1,"Amatitlán",14,410,210,17,5,4,8,1,2,21,31,2,7,0,5,3,0,1,0,0,0,2,1,2,0,112,2,0,114,0,114,--,210,96,112,114,114,Algún campo sin dato,1,a6ad3491019d2c8c386fde097f8433d8c9dd6180220ff05739d3313650b3b500,25/06/2023 23:21:56,ESCANER
4072,"Guatemala",1,"Amatitlán",14,411,400,38,4,7,13,26,7,48,34,2,17,2,5,7,2,1,--,3,2,26,2,--,1,247,20,1,268,--,268,--,404,135,247,268,268,Algún campo sin dato,1,138aa8c9defa91d155fd2e7cefe02c5d53564a46336e2c496c7b1cd94d3778f1,26/06/2023 04:59:24,ESCANER
4073,"Guatemala",1,"Amatitlán",14,411,400,38,5,8,10,21,5,41,41,8,21,1,5,7,2,1,0,2,3,19,1,0,4,243,15,5,263,0,263,--,400,137,243,263,263,Algún campo sin dato,1,86bc60563b786dce42a64a3109cedadf75aa14c54e43c89c40299f2f3edd730d,26/06/2023 00:28:17,ESCANER
4074,"Guatemala",1,"Amatitlán",14,411,400,44,4,7,12,27,3,50,44,7,13,0,8,9,5,0,0,0,2,30,1,1,5,272,28,5,305,0,305,--,400,95,272,305,305,Algún campo sin dato,1,844b8689a2fc4bc2ff965ffa8e2d2cb6507358a3b12ce889547979820cabd838,26/06/2023 02:53:49,ESCANER
4075,"Guatemala",1,"Amatitlán",14,411,400,50,0,2,12,19,4,42,39,0,0,1,5,8,0,3,1,4,0,24,0,0,1,247,7,1,255,0,255,--,400,145,215,223,223,Sumas Asentadas sin cuadrar,1,390f1935a74957781f04feb57f06c70d4828bbef5bfd91e4875785064bbf3d07,26/06/2023 01:10:37,ESCANER
4076,"Guatemala",1,"Amatitlán",14,411,400,39,3,9,17,16,3,38,49,4,29,2,10,3,3,1,1,2,5,18,2,0,1,255,16,1,272,0,272,--,400,128,255,272,272,Algún campo sin dato,1,3a260f206dcca92bc7b24b4f2f0238e25d3d5f757c30df0cd784f88eb1c739a1,26/06/2023 00:57:59,ESCANER
4077,"Guatemala",1,"Amatitlán",14,411,400,32,2,13,12,14,5,36,45,7,21,1,9,4,4,1,0,1,0,24,3,2,4,240,25,0,265,0,265,--,400,135,240,265,265,Algún campo sin dato,1,a1f1ce4bab0d4d2287921b14470f4e908edf32045dd90dcb93ec7dfdee320ad6,26/06/2023 01:17:58,ESCANER
4078,"Guatemala",1,"Amatitlán",14,411,400,39,1,8,13,22,4,34,55,7,14,2,6,2,2,0,0,1,1,24,0,0,4,239,12,2,253,0,253,--,400,147,239,253,253,Algún campo sin dato,1,42da898ea149e52f882c45cabe97c45086bf1317ab1f18bea942326d1f97210a,26/06/2023 01:54:01,ESCANER
4079,"Guatemala",1,"Amatitlán",14,411,400,26,3,4,9,11,1,50,38,0,23,0,16,9,1,1,1,2,1,13,3,1,2,215,5,0,220,0,220,--,400,180,215,220,220,Algún campo sin dato,1,72805175a2240da716e70e6f41fe640cb85cd688753034bc3326a13ae731d0a6,26/06/2023 02:00:39,ESCANER
4080,"Guatemala",1,"Amatitlán",14,411,314,33,1,4,6,14,2,35,27,2,8,0,10,7,2,1,0,0,1,16,1,1,4,175,6,0,181,0,181,--,314,133,175,181,181,Algún campo sin dato,1,26699501d4f7f84bc6323d736a285efd47329f158a7dc7e409949e6a649e0ef3,26/06/2023 01:24:34,ESCANER
4081,"Guatemala",1,"Amatitlán",14,411,314,28,4,6,4,10,2,27,31,2,7,1,6,8,2,2,1,0,0,10,0,2,1,154,8,1,164,0,164,1,314,150,154,163,163,Sumas Asentadas sin cuadrar,1,730dcc1df8ac52b9b8319963f31fdf4e1bcfc7083ea286011becc71e73f4165b,26/06/2023 00:01:07,ESCANER
4082,"Guatemala",1,"Amatitlán",14,412,400,50,3,15,23,16,3,37,36,1,23,0,14,11,6,0,1,2,2,4,1,4,1,253,15,0,268,0,268,--,400,132,253,268,268,Algún campo sin dato,1,401d5ee1d54e9d45ec0b9ea781b5ca88fc6d207a98aa41f24e368437c841109d,26/06/2023 00:37:57,ESCANER
4083,"Guatemala",1,"Amatitlán",14,412,335,39,3,4,14,12,3,23,33,8,12,1,9,1,4,1,0,1,2,7,0,2,2,181,17,3,201,0,201,--,335,134,181,201,201,Algún campo sin dato,1,25a67bf44cf522482450a903e08352df1084f72eeec461618a4c3f74d1d39742,25/06/2023 23:13:37,ESCANER
4084,"Guatemala",1,"Amatitlán",14,412,334,30,4,6,7,7,2,30,43,3,12,2,8,7,4,1,0,0,2,5,1,0,1,175,7,0,182,0,182,--,334,152,175,182,182,Algún campo sin dato,1,29079e83231febce260b96d05f1a88595eadbee0e0289a3c33c2e8bcb74f5619,25/06/2023 23:57:25,ESCANER
4085,"Guatemala",1,"Amatitlán",14,413,400,38,3,3,2,14,7,53,62,5,12,5,11,15,2,3,1,10,4,6,4,1,3,264,20,4,288,0,288,--,400,112,264,288,288,Algún campo sin dato,1,4e22402947cf609f227283c191897e54f880d04ebc8706d2539ad3eae2afe97b,25/06/2023 23:29:30,ESCANER
4086,"Guatemala",1,"Amatitlán",14,413,400,53,3,10,11,15,10,37,56,2,11,1,9,12,1,2,0,11,3,8,3,5,1,264,22,0,286,0,286,--,400,114,264,286,286,Algún campo sin dato,1,5c5ece4b7657150539ed4016b601c5864404a6831bef3097508f6eaeab789d01,26/06/2023 02:01:39,ESCANER
4087,"Guatemala",1,"Amatitlán",14,413,400,44,1,9,11,15,3,51,61,2,6,5,9,10,3,2,2,5,3,6,0,2,2,252,17,0,269,0,269,--,400,131,252,269,269,Algún campo sin dato,1,3560e819b5a8f1bd174ae10d6344cab8ee4cca89153e874f8bb15ec7d59f73ae,26/06/2023 01:53:19,ESCANER
4088,"Guatemala",1,"Amatitlán",14,413,400,53,3,10,6,8,3,55,61,2,12,4,3,24,2,3,0,2,2,4,1,2,2,262,12,0,274,0,274,--,400,126,262,274,274,Algún campo sin dato,1,962a30a7f9082628e0eb62c0f676926aaa3d82083485c427454217e5dae4cc19,26/06/2023 01:41:29,ESCANER
4089,"Guatemala",1,"Amatitlán",14,413,400,47,1,8,5,10,5,56,50,6,6,3,4,14,3,1,0,7,5,5,3,5,3,247,23,2,272,0,272,--,401,129,247,272,272,Algún campo sin dato,1,7d6a53b9b8a78da05e333764a97d28a356d6234476ca81cf6d550ee8856f2b27,26/06/2023 05:15:11,ESCANER
4090,"Guatemala",1,"Amatitlán",14,413,400,34,4,7,3,6,8,54,50,4,14,2,4,11,4,0,1,2,2,6,4,2,3,225,47,0,272,0,272,--,400,128,225,272,272,Algún campo sin dato,1,2ed3a1f4b3e2a4fcaa6d627336d81b29fcba88c31ec7bcedae0f89e319ccf8ae,26/06/2023 00:51:03,ESCANER
4091,"Guatemala",1,"Amatitlán",14,413,400,43,2,12,7,10,9,59,53,5,10,1,10,19,0,3,0,3,0,6,3,1,4,260,16,0,276,1,277,1,400,123,260,276,277,,1,a2432b93d6d8ac9c33210ef1b0a7df6c8a8aab82f754e139c37291a2fba3c6ce,26/06/2023 02:19:10,ESCANER
4092,"Guatemala",1,"Amatitlán",14,413,400,54,2,10,6,20,5,46,53,7,11,2,9,22,4,2,0,4,0,4,1,3,1,266,18,2,286,0,286,0,400,114,266,286,286,,1,7c01e191dde7e08d010821deca44b71ed8cf7dc5aa2b50f158ef9c05e1e00b1d,26/06/2023 01:38:08,ESCANER
4093,"Guatemala",1,"Amatitlán",14,413,400,42,6,11,7,7,5,60,52,8,13,3,10,9,5,1,0,6,2,6,1,2,4,260,14,1,275,0,275,--,400,125,260,275,275,Algún campo sin dato,1,6082a828ea81280939c54cd4f65e1f6de482a7da7d60c03fb7cdbd185ab284d4,26/06/2023 01:23:30,ESCANER
4094,"Guatemala",1,"Amatitlán",14,413,400,39,7,7,5,14,4,56,56,3,8,0,5,15,2,4,0,2,1,3,0,2,5,238,15,1,254,0,254,--,400,146,238,254,254,Algún campo sin dato,1,9a9c5f16cd62fbc1c0d2538801885ba3b50021701a60192e96a5617b1174d907,26/06/2023 01:33:09,ESCANER
4095,"Guatemala",1,"Amatitlán",14,413,400,44,5,9,7,6,2,66,60,3,12,2,8,21,2,4,0,5,2,5,0,3,2,268,14,0,282,0,282,--,397,115,268,282,282,Algún campo sin dato,1,cbcd2e423afb4d13a3c3308e26ce3b408b80da32482346b3ee4e5f40d36268e1,26/06/2023 02:36:24,ESCANER
4096,"Guatemala",1,"Amatitlán",14,413,400,47,3,2,5,14,1,64,64,3,11,3,2,15,4,5,0,3,1,2,0,1,0,250,12,0,262,0,262,--,400,138,250,262,262,Algún campo sin dato,1,ed9ed9a395d90b90fc94b465abc168e4d33a26bdf17d3fdd834ef7a5c8e981c0,26/06/2023 01:20:27,ESCANER
4097,"Guatemala",1,"Amatitlán",14,414,244,15,4,4,3,6,2,28,20,1,8,1,4,17,1,2,0,3,1,4,1,2,2,129,7,1,137,0,137,0,244,107,129,137,137,,1,511ce82ca9857542e7b40dae6d483be3e769042f6b8a521e8834d1d9aa3b81bf,25/06/2023 23:34:51,ESCANER
4098,"Guatemala",1,"Amatitlán",14,414,244,21,1,3,3,7,2,30,40,2,8,0,8,8,2,3,0,2,0,1,2,1,0,144,7,1,152,0,152,0,244,92,144,152,152,,1,b44574fc72449d24e691872623ea10d294c9c0a76a5e1f19df30ea38679fa6af,25/06/2023 23:42:43,ESCANER
4099,"Guatemala",1,"Amatitlán",14,415,400,65,40,3,14,12,2,28,28,0,22,0,16,0,0,1,0,2,4,7,0,0,0,248,18,0,266,0,266,0,400,134,244,262,262,Sumas Asentadas sin cuadrar,1,aebe17e2e5446c4c91a2ef2d38c1d50830b8ae5ad0d7a6f32664ca2ecfb28a5a,26/06/2023 00:50:59,ESCANER
4100,"Guatemala",1,"Amatitlán",14,415,400,74,27,1,23,8,11,28,36,3,19,2,15,6,4,3,0,1,0,4,1,1,2,269,23,4,296,0,296,0,400,104,269,296,296,,1,555308866bafd927de7dc20e6b6f36359c4b7de90f1c746ead275c57f4c70409,26/06/2023 01:27:48,ESCANER
4101,"Guatemala",1,"Amatitlán",14,415,400,51,24,9,9,8,9,36,37,0,15,0,22,9,3,0,0,3,10,7,1,0,0,253,9,2,264,0,264,0,399,135,253,264,264,,1,97282795c290ace463caf267bd44740fac44270a134776f394c62534a5919a00,26/06/2023 00:58:21,ESCANER
4102,"Guatemala",1,"Amatitlán",14,415,400,57,20,10,19,5,2,32,23,2,25,0,14,8,2,3,1,5,7,5,0,0,0,240,17,3,260,0,260,0,400,140,240,260,260,,1,0b49b2d4a6a51376a73c5f5e199fdfe6a9155d52ba020a838053e0588a2799ee,26/06/2023 02:01:53,ESCANER
4103,"Guatemala",1,"Amatitlán",14,415,331,38,19,2,5,6,4,27,20,1,21,0,13,4,1,1,0,1,3,5,0,0,0,171,14,1,186,0,186,0,331,145,171,186,186,,1,ba9e06bdaea683bba0fc99bbdd7a1cc2ce60ba4ed2e233ce9933ea5945dcb4dd,25/06/2023 23:57:58,ESCANER
4104,"Guatemala",1,"Amatitlán",14,415,330,37,11,4,7,5,1,28,27,1,17,1,9,6,2,0,0,0,0,6,0,2,0,164,8,0,172,0,172,--,330,158,164,172,172,Algún campo sin dato,1,65647ef08a7c6840ffec5e037be56a72c6845989e80e3af09f28551028502d28,26/06/2023 02:38:07,ESCANER
4105,"Guatemala",1,"Amatitlán",14,416,400,52,7,7,27,8,18,28,23,1,20,4,13,2,1,2,0,2,3,4,2,1,0,225,14,2,241,1,242,0,401,159,225,241,242,,1,9b806b13f198db2502411949704eff4dfdf4f7e45e9648b11896a58cd6e172b2,25/06/2023 23:47:15,ESCANER
4106,"Guatemala",1,"Amatitlán",14,416,400,48,5,6,29,7,11,27,24,0,23,1,8,6,3,0,1,0,1,4,2,1,3,210,33,1,244,0,244,0,0,0,210,244,244,,1,b0d68e753e9d32f794b91b261d7d9c561bb4ede35cb0f039917242453e766f3e,25/06/2023 23:59:18,ESCANER
4107,"Guatemala",1,"Amatitlán",14,416,400,57,2,11,33,5,11,23,29,5,18,0,10,7,0,1,0,1,3,3,2,1,0,222,22,1,222,0,245,--,400,155,222,245,245,Sumas Asentadas sin cuadrar,1,82d4baef6185150e88df505ce0691221412cd12b31910a0f5e2b4454aaaf7287,25/06/2023 23:11:37,ESCANER
4108,"Guatemala",1,"Amatitlán",14,416,400,40,6,4,24,6,5,33,25,2,13,1,13,3,2,0,0,1,1,4,2,1,2,188,17,2,207,0,207,0,400,193,188,207,207,,1,0c42de6d84c19f715fc890d05aeb9ed368138f5a07a7d27040fce38db1a9f1fc,26/06/2023 01:26:42,ESCANER
4109,"Guatemala",1,"Amatitlán",14,416,400,43,4,4,26,1,10,18,20,0,11,2,13,5,3,0,2,2,0,2,1,3,1,171,17,4,192,0,192,--,--,--,171,192,192,Algún campo sin dato,1,4c3359b1858ce5ca4bfdfadc9b1f8e6e186b194ff0396bf25dfb434bde1cee6d,26/06/2023 02:55:53,ESCANER
4110,"Guatemala",1,"Amatitlán",14,416,400,54,3,6,25,7,7,13,27,3,25,3,11,3,2,1,2,2,2,5,1,1,2,205,15,4,224,0,224,0,400,173,205,224,224,,1,8e9385b7839b18af89bf5bb01609f8c349cc30a7c0973d7670aa2f43999e3f41,26/06/2023 01:13:13,ESCANER
4111,"Guatemala",1,"Amatitlán",14,416,400,41,7,10,20,3,5,24,12,1,9,4,12,7,5,0,1,2,0,2,2,1,0,168,19,1,188,0,188,0,400,212,168,188,188,,1,64099775c9964bb53c2bc8bb8e94ab6555f7420f1a01baeafdf0574757306a4b,25/06/2023 23:29:12,ESCANER
4112,"Guatemala",1,"Amatitlán",14,416,400,52,4,7,17,3,0,34,16,1,13,1,13,8,1,2,0,3,1,1,1,1,0,179,13,1,193,0,193,0,400,207,179,193,193,,1,2e398c3cfcc429eef24576f0cee193a29defb7bdbd5c7d457663335ba8ec3fdb,26/06/2023 01:19:08,ESCANER
4113,"Guatemala",1,"Amatitlán",14,416,287,20,5,3,11,10,3,14,20,0,9,0,5,5,0,0,0,1,0,2,0,0,2,110,6,0,116,0,116,0,287,171,110,116,116,,1,331e0f665a160ebc4e5058de5298362f4f76d19ba77f48d7c9ee8a4287065bc9,25/06/2023 22:24:43,ESCANER
4114,"Guatemala",1,"Amatitlán",14,416,287,21,6,4,11,3,3,16,13,0,8,1,6,7,0,1,1,1,1,0,1,2,2,108,7,0,115,0,115,0,287,172,108,115,115,,1,91a35ec90a3de2222224424cff13389b81083b6e03f6c50c1f77d9f1d4f90a4b,26/06/2023 01:07:49,ESCANER
4115,"Guatemala",1,"Amatitlán",14,417,400,50,16,5,18,4,7,43,36,2,19,1,16,5,1,1,1,2,2,5,1,1,0,236,16,1,253,0,253,0,400,147,236,253,253,,1,24c66e97ae78a668ac0667da7da3a0bf7616c49968a3182de9e7f674bd14441f,26/06/2023 00:42:34,ESCANER
4116,"Guatemala",1,"Amatitlán",14,417,400,52,14,5,20,5,10,34,35,0,26,1,17,5,0,0,2,1,0,3,3,0,0,233,23,6,262,0,262,0,397,135,233,262,262,,1,6d31b8b6afc7740f27159e74476dfa6093ddfe99a7289a51549dae9d5b1df1e7,26/06/2023 00:30:43,ESCANER
4117,"Guatemala",1,"Amatitlán",14,417,400,60,16,4,16,3,6,34,45,1,30,0,21,7,0,1,3,4,1,4,1,1,2,260,16,3,279,2,281,2,397,116,260,279,281,,1,efaac1aafbd08a4011d1a477a047bf293a42d4e0f4b054eac8ee38109e70fcef,26/06/2023 00:51:33,ESCANER
4118,"Guatemala",1,"Amatitlán",14,417,400,59,11,5,13,2,3,41,33,2,27,1,18,5,1,2,0,3,0,5,1,2,1,235,15,0,250,0,250,0,400,150,235,250,250,,1,6a5600fce42fb3bfb78c5e2a78e8a0981ce0ffcca5a0afe2c9fd4b926382ff4c,26/06/2023 00:12:12,ESCANER
4119,"Guatemala",1,"Amatitlán",14,418,400,54,13,4,10,8,6,41,38,2,24,1,21,8,2,0,1,4,2,3,2,0,1,245,19,0,264,0,264,--,400,136,245,264,264,Algún campo sin dato,1,60d67cec32fcc67070439371d72037ca23a8b3230e0750536d6cc3e146adb3fc,25/06/2023 22:55:37,ESCANER
4120,"Guatemala",1,"Amatitlán",14,418,400,58,15,3,16,6,5,47,42,3,20,1,16,6,0,1,0,4,2,5,2,0,2,254,13,0,267,0,267,--,403,136,254,267,267,Algún campo sin dato,1,ff2db81f493b1faace718a1d1637bf24d8a20cf70d9c6a2b625fb8e22d2ebc34,25/06/2023 23:49:40,ESCANER
4121,"Guatemala",1,"Amatitlán",14,418,400,59,11,7,20,5,6,44,45,0,16,0,22,7,1,0,0,2,2,3,0,2,5,257,14,0,271,0,271,--,400,129,257,271,271,Algún campo sin dato,1,57dced53c439624ba71d97d230afb05aba8c1697e05504e5e9ff7038338b78be,26/06/2023 01:32:54,ESCANER
4122,"Guatemala",1,"Amatitlán",14,418,400,48,8,3,14,10,6,34,32,1,15,1,13,9,2,0,2,2,1,5,3,0,2,211,13,2,226,0,226,--,400,174,211,226,226,Algún campo sin dato,1,b2a2fd5130771fa5bd2fee864f6e7bd394942387c17b87fdc880a12487e6658f,26/06/2023 00:36:24,ESCANER
4123,"Guatemala",1,"Amatitlán",14,419,400,36,16,6,6,5,3,39,38,4,23,1,20,8,0,2,1,1,0,9,3,1,2,224,9,0,233,0,233,--,400,167,224,233,233,Algún campo sin dato,1,d6a06b5dc4ee398ff36560cfaaaa6f0845866d29bb84cd65ef8079357f7b30ca,26/06/2023 01:09:08,ESCANER
4124,"Guatemala",1,"Amatitlán",14,419,349,24,15,0,10,4,1,36,42,3,21,2,18,1,3,2,0,2,0,7,1,3,1,196,5,0,201,4,205,--,349,141,196,201,205,Algún campo sin dato,1,eb8c3f956c30f9d6f7963cdda71f3b66cbdc38f0a05ec5516e66c863c06d677b,26/06/2023 02:59:03,ESCANER
4125,"Guatemala",1,"Amatitlán",14,419,348,33,11,4,9,4,4,22,28,1,17,2,17,9,0,4,1,0,1,3,3,0,0,173,9,0,182,0,182,--,348,166,173,182,182,Algún campo sin dato,1,e56d771c74a2e77dbc97498f36e3003ad6e260bd2945c05e28402e9c8414a7bf,26/06/2023 00:17:04,ESCANER
4126,"Guatemala",1,"Amatitlán",14,420,339,67,5,3,15,6,4,30,40,6,16,3,20,7,1,0,0,1,0,4,1,1,5,235,6,0,241,0,241,--,339,98,235,241,241,Algún campo sin dato,1,90ce62d468441b0e414a3e4eb5bfd5978907cb86330d8ef8eb8e260316a4efec,26/06/2023 01:13:29,ESCANER
4127,"Guatemala",1,"Amatitlán",14,420,338,54,5,5,13,5,2,32,40,0,19,1,14,6,3,1,0,1,3,3,0,1,5,213,10,0,223,0,223,1,335,111,213,223,223,,1,f9abfb050cd09a8f8d343df59ebe97eeddde63c454c3f8456546f95759376445,26/06/2023 02:10:07,ESCANER
4128,"Guatemala",1,"Amatitlán",14,421,400,42,8,6,18,4,8,18,32,3,20,0,16,14,4,0,0,2,2,2,1,2,0,202,19,6,227,0,0,0,400,173,202,227,227,,1,141672bde318f07f4b450349bbcbcd1fcdbe961561523c1534c07091ed2909f9,26/06/2023 00:54:47,ESCANER
4129,"Guatemala",1,"Amatitlán",14,421,400,43,9,2,22,10,4,22,35,3,20,2,20,6,3,0,1,1,1,1,1,3,5,214,12,2,228,0,228,0,400,172,214,228,228,,1,dc9cddab6d6375b476593314ddca06de40902f28b1df0f80080af4ec665a4e07,26/06/2023 00:36:39,ESCANER
4130,"Guatemala",1,"Amatitlán",14,421,400,47,6,7,28,4,7,31,25,5,20,1,21,7,3,0,1,1,3,1,0,1,1,220,15,6,241,0,241,0,400,159,220,241,241,,1,3b3987d23b20e3522a178bcfb1e280e0d0cb7db702f7f3eaca252fde1e619dc8,26/06/2023 00:45:31,ESCANER
4131,"Guatemala",1,"Amatitlán",14,421,400,54,4,9,24,10,8,22,34,1,20,1,13,5,4,1,1,5,2,5,1,1,3,228,18,1,247,0,247,--,400,153,228,247,247,Algún campo sin dato,1,24b0c79487dd4d21bcde9db45debfda14ff595af4560e1d78251e313de519dd8,26/06/2023 02:56:38,ESCANER
4132,"Guatemala",1,"Amatitlán",14,421,400,30,9,3,17,9,6,39,41,1,28,1,11,6,3,1,1,5,2,5,0,1,0,219,14,4,237,0,237,--,400,163,219,237,237,Algún campo sin dato,1,1d0691bb12160d3755c0cfd4a1b2159d3ea36c2d5b9b162f2685b7584f8580d3,26/06/2023 01:45:56,ESCANER
4133,"Guatemala",1,"Amatitlán",14,421,400,56,6,6,20,10,1,27,48,3,17,0,15,7,4,0,0,1,1,2,1,1,0,226,17,2,245,0,245,--,400,155,226,245,245,Algún campo sin dato,1,910eb8fa485b53509fc0e62bc9cd1d06fb5ae2022175e42fb3b454fcb3999c13,26/06/2023 00:24:00,ESCANER
4134,"Guatemala",1,"Amatitlán",14,421,400,45,8,10,20,6,7,31,37,0,0,0,16,6,1,2,0,2,0,4,2,1,3,219,21,2,242,0,242,0,400,158,201,224,224,Sumas Asentadas sin cuadrar,1,603c45c33dc2c6c3c0f83446f91b28908404d86ec0b2847462de8c4251acc6ff,26/06/2023 01:13:16,ESCANER
4135,"Guatemala",1,"Amatitlán",14,421,400,38,5,5,18,6,4,29,37,2,15,0,12,12,2,1,0,1,1,1,0,3,1,193,18,2,213,0,213,0,400,186,193,213,213,,1,0d460aae2653a3f347119a61962ae68c768898f52f8ea0eed098f8559ba29eee,26/06/2023 00:50:52,ESCANER
4136,"Guatemala",1,"Amatitlán",14,422,400,35,4,8,25,9,6,33,34,1,12,1,14,13,2,2,0,0,1,2,1,1,2,206,14,3,223,0,223,--,400,176,206,223,223,Algún campo sin dato,1,49d6bbfdf70da78693ed42a2123794ef6bfabda5d93118266489db83c80f2aad,26/06/2023 01:19:39,ESCANER
4137,"Guatemala",1,"Amatitlán",14,422,400,32,5,9,25,2,7,27,30,1,14,1,16,6,5,1,3,1,1,4,2,0,1,193,18,2,213,1,214,--,400,187,193,213,214,Algún campo sin dato,1,b47da1fa72e08134b5a8a5b92b778de64e4d242e70a50b5a29931fed17d9c6c7,26/06/2023 00:27:53,ESCANER
4138,"Guatemala",1,"Amatitlán",14,422,400,43,5,10,14,12,6,27,29,2,18,2,9,8,3,0,1,2,1,6,0,1,1,200,13,1,214,0,214,--,400,186,200,214,214,Algún campo sin dato,1,c1278da23d0bc3606ad3a8ba6bc73ca2ffede2bee1948c8d4d29732c2be2415f,26/06/2023 00:42:51,ESCANER
4139,"Guatemala",1,"Amatitlán",14,422,400,51,6,3,19,9,5,34,41,3,13,1,18,3,0,2,1,1,1,0,0,1,0,214,18,1,233,1,234,--,401,166,212,231,232,Sumas Asentadas sin cuadrar,1,b1e34814939529af7a328a610a09c94248fb368c18603118c9d911b4b6b69060,26/06/2023 02:19:24,ESCANER
4140,"Guatemala",1,"Amatitlán",14,422,400,39,4,4,17,1,6,39,36,2,12,0,12,7,2,0,3,5,2,6,2,2,1,202,26,0,228,0,228,--,--,--,202,228,228,Algún campo sin dato,1,0ffc0bf073eaec83bb01533aecea3e8905711516a782793945f9e4b3dd3dc1ef,26/06/2023 02:26:55,ESCANER
4141,"Guatemala",1,"Amatitlán",14,422,400,39,6,4,15,8,11,28,32,2,15,0,15,8,3,2,1,1,1,5,0,1,0,198,19,1,217,0,217,--,400,153,197,217,217,Sumas Asentadas sin cuadrar,1,1e969d8458e879061b196865c47dac7a487d4888f64f615946d78704a0b70c0e,26/06/2023 04:37:18,ESCANER
4142,"Guatemala",1,"Amatitlán",14,422,400,40,2,6,18,9,12,22,35,3,10,0,11,8,1,1,1,3,6,3,2,0,1,194,14,1,209,0,209,--,400,191,194,209,209,Algún campo sin dato,1,4af76bb49f043a1f81c8992ac14f895c6d36b32ea7f62eeece530d21ff27af8a,26/06/2023 02:51:14,ESCANER
4143,"Guatemala",1,"Amatitlán",14,422,400,35,4,7,20,4,12,24,38,2,16,2,7,4,4,1,0,4,0,4,1,0,1,190,11,3,204,0,204,0,400,196,190,204,204,,1,a696204525ae44eff96908064b5048b3de4996a956ec4aad1aa8003f81313029,26/06/2023 02:22:15,ESCANER
4144,"Guatemala",1,"Amatitlán",14,423,400,31,5,2,19,11,8,17,29,3,19,1,10,7,3,0,2,2,2,6,0,0,2,179,14,2,201,0,396,0,396,201,179,195,195,Sumas Asentadas sin cuadrar,1,b16152aab1a23fb90bb2aa0edeeb79db50e9e46fdd4097ea240da3b516222186,26/06/2023 01:38:36,ESCANER
4145,"Guatemala",1,"Amatitlán",14,423,400,32,4,2,11,2,8,25,35,1,17,0,13,11,5,2,1,3,3,3,1,1,2,182,8,0,190,0,190,--,400,207,182,190,190,Algún campo sin dato,1,6a840938e2af96e1138bfa5c4c39fceb6c2df79c88b385f5df044da516ae881a,26/06/2023 00:50:25,ESCANER
4146,"Guatemala",1,"Amatitlán",14,423,400,39,9,4,5,6,3,29,44,1,10,3,11,9,2,1,1,0,1,2,1,0,1,182,14,2,198,0,198,--,398,200,182,198,198,Algún campo sin dato,1,10a47348f60f66ade89df5dc822f6b9da7b0ff95d8f2f22c5827f8ab5d59ea55,26/06/2023 00:45:48,ESCANER
4147,"Guatemala",1,"Amatitlán",14,423,400,27,4,4,14,8,4,25,37,7,14,0,10,7,2,0,1,1,0,1,1,3,1,171,7,1,179,0,179,--,400,221,171,179,179,Algún campo sin dato,1,06108d1d20802469a18bf7be34f86a021f89b430c7719bdb456f05e754fd2b9d,26/06/2023 01:51:41,ESCANER
4148,"Guatemala",1,"Amatitlán",14,423,400,37,5,2,8,5,2,33,41,1,16,0,11,10,2,0,2,2,3,4,0,1,2,187,11,0,198,0,198,0,400,202,187,198,198,,1,1541c8b4ab907682cdbc848e6764a811b7bf5c50076910512fa423439d0f9544,26/06/2023 00:31:51,ESCANER
4149,"Guatemala",1,"Amatitlán",14,423,400,30,3,3,6,6,0,26,23,2,12,0,5,6,0,0,0,1,0,3,1,1,0,128,7,1,136,0,136,--,400,264,128,136,136,Algún campo sin dato,1,520cc7bf47799e70e75a1f3e7254273a8e4544ff553cd39c94b27e942ee39843,25/06/2023 23:19:37,ESCANER
4150,"Guatemala",1,"Amatitlán",14,423,287,17,2,0,9,4,4,21,31,1,4,0,7,7,1,0,0,2,2,0,1,1,1,115,4,1,120,0,120,0,287,167,115,120,120,,1,9c22ee61de2b99098a29ec7ba7527e30969bbe770138ea2c1039d0598f9e637f,25/06/2023 22:23:53,ESCANER
4151,"Guatemala",1,"Amatitlán",14,423,286,9,4,8,4,4,4,28,23,1,10,0,5,9,1,1,1,0,0,4,0,1,0,117,11,1,129,0,129,--,285,156,117,129,129,Algún campo sin dato,1,9c029fa4cca22b45b9059021e3186bba931b9768b304927b3f9a26f82a097b4c,25/06/2023 22:35:15,ESCANER
4152,"Guatemala",1,"Amatitlán",14,424,400,43,7,11,12,10,7,34,58,4,24,1,7,10,4,2,0,1,2,3,0,1,1,242,12,1,255,0,255,0,400,145,242,255,255,,1,aff4a042c3bb9c0dabd9f90b7173b72ab48f5208f7ef21a453088bfc9ce9ea61,26/06/2023 00:57:31,ESCANER
4153,"Guatemala",1,"Amatitlán",14,424,400,55,5,8,12,8,11,26,40,2,29,1,8,8,3,1,0,2,5,0,1,1,0,226,29,5,260,0,260,--,399,139,226,260,260,Algún campo sin dato,1,ee86d2c6deff1c9d5b02faa4d92674e2a0c2a797a9add353fcd90385edb27350,26/06/2023 01:35:12,ESCANER
4154,"Guatemala",1,"Amatitlán",14,424,400,36,4,6,11,6,4,36,55,1,0,2,9,5,4,1,2,3,1,2,1,1,1,226,17,0,243,0,243,--,--,769,191,208,208,Sumas Asentadas sin cuadrar,1,a4a660148fb2f79763091ca5ff40cc40dee253d3adf240f8879e04c4fc0a4fa7,26/06/2023 04:23:32,ESCANER
4155,"Guatemala",1,"Amatitlán",14,424,400,48,3,10,12,10,6,35,41,3,29,0,7,5,2,0,0,3,0,2,0,3,1,220,9,2,231,0,231,--,400,169,220,231,231,Algún campo sin dato,1,38fb90a9f982a281edffcb9a0938d465fc076baadd00e399de55981edcd6bb49,26/06/2023 02:14:41,ESCANER
4156,"Guatemala",1,"Amatitlán",14,424,400,43,5,6,16,9,10,25,35,3,26,0,12,7,3,1,0,0,2,2,0,2,3,210,13,1,224,1,225,--,400,175,210,224,225,Algún campo sin dato,1,27197ffca1bd90029c356bb8223710020d86b51188901bb4994ca3a3b41c79cf,26/06/2023 02:00:34,ESCANER
4157,"Guatemala",1,"Amatitlán",14,424,400,55,8,11,10,9,7,32,40,2,31,0,11,3,1,0,0,1,0,1,0,2,2,226,21,0,247,0,247,--,403,156,226,247,247,Algún campo sin dato,1,f71aae62462a9a6558e8014f7bc4edff160670e0ee424de7fa7b763312d23933,26/06/2023 02:08:16,ESCANER
4158,"Guatemala",1,"Amatitlán",14,424,400,40,4,7,12,6,8,29,46,1,22,0,9,9,0,1,0,4,2,4,2,2,0,400,16,4,228,0,228,--,400,172,208,228,228,Sumas Asentadas sin cuadrar,1,bca9017524790ed53c53c7fd27cf6e9702be640863b6ee51cbd4400009a67f68,26/06/2023 03:35:27,ESCANER
4159,"Guatemala",1,"Amatitlán",14,424,400,44,3,6,11,7,4,32,47,1,20,0,4,7,5,0,0,1,0,2,2,0,2,198,11,0,209,0,209,--,399,190,198,209,209,Algún campo sin dato,1,3e068df99196217c4afb8c72a6772cc0868b934c9c63ffebe1537323b455c6d9,26/06/2023 01:54:48,ESCANER
4160,"Guatemala",1,"Amatitlán",14,424,286,33,2,5,5,9,2,22,29,0,18,3,7,10,2,0,0,1,2,3,2,2,1,157,0,3,160,0,160,--,282,123,158,161,161,Sumas Asentadas sin cuadrar,1,5efca27ea26621db47ceedf6dcdad2026b347db65a05f76d0a1912d8e24e4701,26/06/2023 02:13:12,ESCANER
4161,"Guatemala",1,"Amatitlán",14,424,286,18,3,6,7,9,2,9,22,2,9,0,6,5,0,1,1,1,1,1,1,1,1,106,8,1,115,0,115,--,286,171,106,115,115,Algún campo sin dato,1,e8ab717552d6ac67891e8d6ddc9f9149df5c0e6b6c792a573b81fe82f84b4938,26/06/2023 00:11:42,ESCANER
4162,"Guatemala",1,"Amatitlán",14,425,400,46,6,14,18,11,12,17,47,1,24,0,5,7,5,0,1,3,5,5,3,2,3,235,11,0,246,1,247,--,400,153,235,246,247,Algún campo sin dato,1,563aeb2648a04d0e32d42c694f049cd35f9672fb0b9f66797a2ca11e99ee0660,26/06/2023 01:38:53,ESCANER
4163,"Guatemala",1,"Amatitlán",14,425,400,32,3,10,22,16,8,23,50,2,22,3,4,2,5,0,2,2,3,7,0,3,4,223,24,2,249,1,250,--,400,150,223,249,250,Algún campo sin dato,1,fe8a15256822e170bc618cc394acf85cb855bd69ecaa4c016167fe26bb90683e,26/06/2023 00:38:41,ESCANER
4164,"Guatemala",1,"Amatitlán",14,425,400,48,0,8,16,12,5,30,36,2,17,1,8,7,3,2,5,0,2,5,2,0,6,215,12,1,228,0,228,0,400,168,215,228,228,,1,6aa7bce9df398420e584bf2644fde021fa3e9f0b61f059b5781968c9a8802d89,26/06/2023 02:29:26,ESCANER
4165,"Guatemala",1,"Amatitlán",14,425,400,34,2,9,7,12,8,20,49,3,20,3,8,4,5,0,3,2,2,4,3,1,2,201,21,2,224,0,224,--,400,176,201,224,224,Algún campo sin dato,1,ac1ea011413fe728455f4fa9836b4520b90997cfed63aca68cc9bb51664b98e2,26/06/2023 00:22:15,ESCANER
4166,"Guatemala",1,"Amatitlán",14,425,400,46,1,10,18,17,4,22,35,2,16,1,4,7,1,0,1,1,8,4,2,2,4,206,21,2,229,0,206,--,400,171,206,229,229,Sumas Asentadas sin cuadrar,1,140533c4cf43c26942e0b8e67d72e8218b780437c0b97f3277ac5d278de1da00,26/06/2023 01:33:26,ESCANER
4167,"Guatemala",1,"Amatitlán",14,425,400,41,2,4,19,11,10,26,38,4,15,1,2,9,2,1,0,4,1,4,2,2,5,203,21,3,227,0,227,--,400,113,203,227,227,Algún campo sin dato,1,eb6dc19d3b4d7593cd91de64a0655d5154ece0cd5791e5b8b29605e46c80924c,26/06/2023 05:18:07,ESCANER
4168,"Guatemala",1,"Amatitlán",14,425,400,38,5,7,13,8,6,27,40,0,0,2,7,10,7,0,3,1,2,5,0,1,1,202,11,3,216,0,216,--,400,184,183,197,197,Sumas Asentadas sin cuadrar,1,e6dff9b0ec1ef5cd31d1137e04da5e9bcf0676e8b6ecf547a83d88d18e9a66e9,26/06/2023 03:20:16,ESCANER
4169,"Guatemala",1,"Amatitlán",14,425,324,33,3,8,7,7,3,28,35,1,14,0,4,8,1,1,2,1,0,5,2,0,2,165,6,0,171,0,171,--,324,153,165,171,171,Algún campo sin dato,1,4351a8b65facdd64ec2272f0020d545ddc1abc25ec54ab4846654378b353ca12,25/06/2023 23:31:13,ESCANER
4170,"Guatemala",1,"Amatitlán",14,425,324,27,1,6,7,5,4,22,25,0,11,0,3,8,2,1,0,0,1,2,2,1,0,128,7,2,137,0,137,--,321,184,128,137,137,Algún campo sin dato,1,49ec72f648208b6074641d57b483836cc6b7cea502e87c3acec46ca995b89f4f,26/06/2023 00:10:17,ESCANER
4171,"Guatemala",1,"Amatitlán",14,426,400,57,0,8,18,13,1,38,51,3,15,0,6,6,5,1,1,2,2,9,3,1,4,244,13,3,260,0,260,--,380,120,244,260,260,Algún campo sin dato,1,a53d57c362c468256a3fc82eb7f334b47a54a3ad4353329ce867ebc070e9bd41,26/06/2023 01:50:58,ESCANER
4172,"Guatemala",1,"Amatitlán",14,426,400,59,2,14,21,8,6,39,50,5,14,1,7,10,2,0,2,4,3,9,5,0,2,263,15,0,278,0,278,--,400,122,263,278,278,Algún campo sin dato,1,ba1ab88991205181ff65c5e748d493483bc6d0a90efaf8252454d0639b4bd857,26/06/2023 01:57:47,ESCANER
4173,"Guatemala",1,"Amatitlán",14,426,400,55,0,6,18,14,9,43,44,3,16,1,6,9,2,0,2,0,2,9,3,0,4,246,9,0,255,1,256,--,400,144,246,255,256,Algún campo sin dato,1,427bb21c59437c86433a010578a94d1e6feab413a56c07580d509b21a8892589,26/06/2023 00:58:47,ESCANER
4174,"Guatemala",1,"Amatitlán",14,426,400,40,1,8,19,6,2,35,60,8,9,0,7,12,4,0,0,5,1,5,3,1,4,230,16,2,248,0,248,0,400,152,230,248,248,,1,407e20f0c1ea845853d27fee3867c0e6a80f797f6ed95e222002854751e2cacb,25/06/2023 23:56:26,ESCANER
4175,"Guatemala",1,"Amatitlán",14,426,400,52,3,5,12,9,8,46,46,4,14,2,4,7,4,0,2,2,0,4,1,1,3,229,23,2,254,0,254,0,400,146,229,254,254,,1,4a5c88bfb515af2294c5bc88fb8680307fc146c67d06b1785f76d1afb4755d32,26/06/2023 01:47:46,ESCANER
4176,"Guatemala",1,"Amatitlán",14,426,380,44,0,4,14,5,5,38,46,1,8,1,3,8,4,2,0,1,2,10,5,4,3,208,10,0,218,0,218,--,380,162,208,218,218,Algún campo sin dato,1,1190db70766fd3f25e750ee555070f6b263ebe7e380229d1ef5483426503f6a1,26/06/2023 00:22:55,ESCANER
4177,"Guatemala",1,"Amatitlán",14,426,380,29,4,3,12,5,3,30,41,0,12,0,5,10,3,0,0,1,3,6,1,1,3,172,10,0,182,0,182,--,380,198,172,182,182,Algún campo sin dato,1,b5a0ad2082e660d908f2a46a68c307ed9fe3cea244f35caaa1f9442c6fd36308,26/06/2023 01:01:05,ESCANER
4178,"Guatemala",1,"Amatitlán",14,427,380,53,4,18,27,12,7,3,38,2,18,2,2,5,3,1,0,2,1,1,2,0,1,202,15,3,220,0,220,--,380,160,202,220,220,Algún campo sin dato,1,d747f0c5df8b4647d727538f9f7b91a8562456950fa8ae8bf7706b7e1b44f42a,26/06/2023 02:19:34,ESCANER
4179,"Guatemala",1,"Amatitlán",14,427,380,51,1,14,23,13,8,6,30,3,21,1,1,4,3,2,1,2,0,1,0,0,0,187,8,5,200,0,200,--,400,200,185,198,198,Sumas Asentadas sin cuadrar,1,c1bfccf89142cde8fb202c924f225cccd2409321dc85137774769ffb4d200395,26/06/2023 02:32:48,ESCANER
4180,"Guatemala",1,"Amatitlán",14,427,380,58,0,11,14,11,3,9,23,3,15,0,2,6,4,2,2,2,3,1,0,1,1,171,10,1,182,0,182,0,380,198,171,182,182,,1,19214b857aa8160d35a9d9f5a74ef49e628f796434b2511d5101d132996e7de7,26/06/2023 02:42:34,ESCANER
4181,"Guatemala",1,"Amatitlán",14,427,380,52,1,17,11,18,5,7,29,4,20,0,4,2,3,0,2,3,1,3,0,0,2,184,19,3,206,0,206,--,381,175,184,206,206,Algún campo sin dato,1,632ffa304febf5b10acf94e7aea558fddfa24635d89d7105c0019c8db4790feb,26/06/2023 03:10:26,ESCANER
4182,"Guatemala",1,"Amatitlán",14,427,380,62,0,12,17,11,9,8,21,1,15,1,4,4,2,1,2,1,1,5,0,1,2,180,13,1,194,1,195,0,381,186,180,194,195,,1,1e94a8e1a5029a580f9253b9185491293a535cb3c7f32b82eb0ae553cc632b2f,26/06/2023 02:34:10,ESCANER
4183,"Guatemala",1,"Amatitlán",14,428,380,35,1,14,26,10,3,7,23,1,20,2,2,1,2,0,3,3,3,9,0,1,2,168,18,1,187,0,187,--,380,193,168,187,187,Algún campo sin dato,1,1e6dacc27cb4366da20259d6e7e5a1079c312f38c579a8b5a934969c25ff524a,26/06/2023 00:42:12,ESCANER
4184,"Guatemala",1,"Amatitlán",14,428,380,45,2,11,21,13,3,16,21,1,10,0,2,6,1,0,0,2,0,2,1,0,2,159,11,1,171,0,171,--,380,209,159,171,171,Algún campo sin dato,1,f168132a6db8766e6b026e86aa48efed561b11af95c701d617b727343b122a1b,26/06/2023 01:24:45,ESCANER
4185,"Guatemala",1,"Amatitlán",14,428,380,39,1,15,18,15,3,7,23,0,24,2,2,4,2,1,1,3,0,4,0,1,1,166,11,3,180,0,180,0,380,200,166,180,180,,1,e28a2a546e171f2e0bca1e8a7e1a0ddce70cf120882ed23f7664a7774e3a3ab3,25/06/2023 23:48:53,ESCANER
4186,"Guatemala",1,"Amatitlán",14,428,380,52,2,12,9,15,2,11,22,2,17,0,4,4,4,0,1,1,1,2,1,1,1,164,14,0,178,0,178,--,380,202,164,178,178,Algún campo sin dato,1,6ae7cd4a49c1df5f549bd61107aee7879321eb3ba631cee7bd07c01f26c453f9,25/06/2023 23:20:38,ESCANER
4187,"Guatemala",1,"Amatitlán",14,428,237,25,2,6,8,7,2,11,16,1,16,0,2,2,0,0,0,0,0,0,0,2,1,101,4,0,105,0,105,--,237,132,101,105,105,Algún campo sin dato,1,a867019ef415a882eed0e5111a4cb7d21daba253e43814249ea53dfd0825237e,26/06/2023 01:08:18,ESCANER
4188,"Guatemala",1,"Amatitlán",14,428,237,22,1,1,11,3,3,9,8,0,10,0,2,5,0,0,0,0,0,2,0,0,0,77,7,0,84,0,84,--,237,153,77,84,84,Algún campo sin dato,1,2aad0ac857020acdaf86ea652885281c3db53dbdac4fa68ff40211d1cdfa1bad,26/06/2023 00:55:44,ESCANER
4189,"Guatemala",1,"Amatitlán",14,429,380,22,3,27,20,7,6,19,33,1,7,0,13,4,3,1,0,6,1,4,2,0,0,179,20,4,203,--,--,--,380,177,179,203,203,Algún campo sin dato,1,b4e6948236e51e818c010e53ed4785d02b037060922dbddb85f14eaf900ce02d,25/06/2023 23:46:11,ESCANER
4190,"Guatemala",1,"Amatitlán",14,429,380,47,3,32,18,9,7,23,33,3,9,0,8,3,2,0,0,1,3,14,0,0,1,216,12,1,229,0,229,--,380,151,216,229,229,Algún campo sin dato,1,4c2b7122191bdc6937b15d9d95278c763030a5db3ef5f4c1590fc0d882eef681,26/06/2023 00:28:48,ESCANER
4191,"Guatemala",1,"Amatitlán",14,429,380,52,1,30,15,9,7,19,31,1,8,1,12,4,1,0,3,4,2,4,0,0,0,204,23,3,230,0,230,0,380,150,204,230,230,,1,dbd5ffc66f2f20e1c7dfb0415d5055fac5b1c9ad96267157ea39b6a9d1a3106a,26/06/2023 00:17:57,ESCANER
4192,"Guatemala",1,"Amatitlán",14,429,380,42,1,28,11,11,6,28,28,0,11,0,11,6,2,1,0,2,0,5,1,1,3,198,15,2,215,0,215,--,380,165,198,215,215,Algún campo sin dato,1,f21159d319799c2b9218661418b7ac460e00aef74496d3683a5fed6638e79816,25/06/2023 23:56:27,ESCANER
4193,"Guatemala",1,"Amatitlán",14,429,380,26,0,35,15,7,7,16,42,2,8,0,15,2,1,0,0,0,2,2,0,0,3,183,26,0,209,0,209,--,380,171,183,209,209,Algún campo sin dato,1,e83af78061d01ff2ce382871e2f51f70f055683fa0358a8072c272764c2ffd28,25/06/2023 23:37:42,ESCANER
4194,"Guatemala",1,"Amatitlán",14,429,380,34,4,30,19,8,9,19,21,0,9,0,8,5,5,0,1,0,4,5,0,1,0,182,19,7,208,0,208,--,380,172,182,208,208,Algún campo sin dato,1,12e909fd7602eae8b26338d8d2b8b87358ade8ed7b4aca83406731e8a884812c,26/06/2023 00:45:15,ESCANER
4195,"Guatemala",1,"Amatitlán",14,429,380,31,1,32,10,8,3,24,31,2,17,1,9,7,3,0,1,4,0,6,0,0,1,191,15,4,210,0,210,--,380,170,191,210,210,Algún campo sin dato,1,bd833d948c55aaadb9cac34cb5eccb3477aab4a5c4c1539f32d82499b6603a79,26/06/2023 01:55:51,ESCANER
4196,"Guatemala",1,"Amatitlán",14,429,380,33,1,20,28,6,9,33,19,1,5,1,12,5,5,0,0,2,3,5,0,1,1,207,11,6,207,0,207,--,380,173,190,207,207,Sumas Asentadas sin cuadrar,1,4344aab40e712209ae1dd7c901589b553eac833e84692dcedc96fd26ae694fa0,26/06/2023 02:50:50,ESCANER
4197,"Guatemala",1,"Amatitlán",14,429,380,26,1,26,15,10,2,18,26,2,7,1,11,4,3,0,0,3,0,7,0,0,1,163,11,2,176,0,176,--,380,204,163,176,176,Algún campo sin dato,1,3a0ca6df9147a0eb697596af59f6a41bd67fca31e532b61dd2a24e950dcf5ac7,26/06/2023 01:49:27,ESCANER
4198,"Guatemala",1,"Amatitlán",14,430,380,44,1,27,9,5,5,17,26,1,9,0,8,4,2,1,1,1,1,5,0,2,0,169,6,1,176,0,176,--,--,--,169,176,176,Algún campo sin dato,1,e3cb7691aefd8ef8099f54a274eebb226c0fa21b558ffd46cb95a06cd3036f6c,25/06/2023 21:58:56,ESCANER
4199,"Guatemala",1,"Amatitlán",14,430,256,24,2,20,5,2,2,18,19,0,12,1,3,6,4,0,0,0,1,3,1,0,0,123,5,1,129,0,129,--,256,127,123,129,129,Algún campo sin dato,1,4cb9dd686c1d34dd89324a24fef6a2a8b1acf3da4425fe08431118020ccfc06f,26/06/2023 00:47:00,ESCANER
4200,"Guatemala",1,"Amatitlán",14,430,255,16,0,13,8,4,3,19,12,1,10,0,7,5,3,1,0,0,1,2,0,1,0,106,7,0,113,0,113,--,255,142,106,113,113,Algún campo sin dato,1,3d8d88cf86072c0651bb2a79f500fa10dbd1e507b3155dc643998355c2d53a37,25/06/2023 23:33:45,ESCANER
4201,"Guatemala",1,"Amatitlán",14,431,380,59,3,17,8,8,0,28,28,1,29,0,4,4,0,0,1,2,1,0,0,0,0,193,11,3,207,0,207,--,380,173,193,207,207,Algún campo sin dato,1,7aa141ab38c1fdddc61dfdbd8b2c4bfa1845b2c01012980dfbc8650588bb3d4d,26/06/2023 01:59:22,ESCANER
4202,"Guatemala",1,"Amatitlán",14,431,380,58,9,20,13,3,4,25,40,4,34,1,5,1,2,2,0,1,3,1,0,1,0,227,11,3,241,0,241,--,380,139,227,241,241,Algún campo sin dato,1,5330098d6a4c9becc77ee7448df2fd945d512db187c13d98b0e104e35f41621a,26/06/2023 01:20:16,ESCANER
4203,"Guatemala",1,"Amatitlán",14,431,380,46,4,15,10,10,2,25,21,1,35,1,5,5,3,1,0,2,0,0,0,0,2,188,14,3,205,0,205,--,380,175,188,205,205,Algún campo sin dato,1,58cc6003556a9881f9df14488929625372552b9cff269897bd50e1c2df336e72,26/06/2023 00:35:36,ESCANER
4204,"Guatemala",1,"Amatitlán",14,431,380,29,3,18,16,2,5,23,31,2,26,0,4,2,1,1,0,0,3,0,1,1,0,168,16,1,185,0,185,--,380,195,168,185,185,Algún campo sin dato,1,768989da981d3be8953fac07b146e466ee3b1c45323065b813e44cb574370f46,26/06/2023 01:54:51,ESCANER
4205,"Guatemala",1,"Amatitlán",14,431,380,35,2,12,10,4,3,27,19,1,38,0,6,2,0,1,1,1,1,0,1,0,1,165,6,2,173,0,173,--,380,207,165,173,173,Algún campo sin dato,1,aa91cf9ef0f7f6e4ba5b5d797546a335994407ef2a9f2307ad1b3069dc608e8f,26/06/2023 00:51:25,ESCANER
4206,"Guatemala",1,"Amatitlán",14,431,287,23,1,11,3,5,1,29,23,0,17,1,7,4,2,0,0,1,0,1,0,0,0,129,5,1,135,0,135,0,287,152,129,135,135,,1,84aeaacdf7dcae3091437677aa8eb3a36c33f50ab91a5464ecd82b473afec4b8,25/06/2023 23:12:29,ESCANER
4207,"Guatemala",1,"Amatitlán",14,431,286,21,1,4,4,4,2,19,19,0,22,0,3,2,2,0,0,0,1,0,0,0,0,104,2,0,106,0,106,--,286,180,104,106,106,Algún campo sin dato,1,6d6ddd4b11b0e978c449d85c61bc6c08c905b6882fe80271eb1f35ee28ae7ef5,26/06/2023 01:40:30,ESCANER
4208,"Guatemala",1,"Amatitlán",14,432,380,89,9,7,19,8,5,12,8,0,29,0,7,0,0,0,0,1,0,1,1,1,--,197,25,4,226,--,226,--,380,154,197,226,226,Algún campo sin dato,1,810030b1220a5dd315b9555ba00dc802e23282a9199b1aec8543a4e1d2530830,26/06/2023 05:38:48,ESCANER
4209,"Guatemala",1,"Amatitlán",14,432,380,82,15,3,11,5,5,20,17,0,21,0,11,2,2,0,0,1,2,1,0,1,0,199,22,1,222,0,222,--,380,158,199,222,222,Algún campo sin dato,1,963344e6001e1c487534f4576d6e584e984047d04b3daa26636b381581532f5f,26/06/2023 00:14:51,ESCANER
4210,"Guatemala",1,"Amatitlán",14,432,380,94,14,4,11,8,7,14,17,0,18,0,5,3,0,0,2,2,1,0,2,1,0,203,21,2,226,0,226,--,380,154,203,226,226,Algún campo sin dato,1,2e27d7579671038ce6cf3fe8a80ab15b5db60875b40e756c839ea1983b18966d,26/06/2023 04:26:01,ESCANER
4211,"Guatemala",1,"Amatitlán",14,432,380,70,6,6,9,7,4,13,14,4,19,0,8,3,1,0,1,1,1,0,2,0,0,169,16,0,185,0,185,--,380,195,169,185,185,Algún campo sin dato,1,2d958b0a720e57cff454584f1674d5584be313380b838b3cae2c72a44a5b2d13,26/06/2023 03:50:36,ESCANER
4212,"Guatemala",1,"Amatitlán",14,432,228,40,6,1,7,3,1,11,7,0,12,0,6,1,2,0,0,0,0,0,0,1,1,99,10,0,109,0,109,--,228,119,99,109,109,Algún campo sin dato,1,4d2af90fdaf480e8ce5da90a56432fdb4877e5c89a22c16940921b727dd7c680,25/06/2023 23:49:49,ESCANER
4213,"Guatemala",1,"Amatitlán",14,432,227,33,0,2,2,6,3,16,9,1,7,0,5,6,0,1,0,0,0,0,0,0,0,91,8,0,99,0,99,--,227,128,91,99,99,Algún campo sin dato,1,0bd87ed0c54c9cd333b58268ce2854a6a99f5b89dd3963d40e52c301c2dc7f27,25/06/2023 23:23:54,ESCANER
4214,"Guatemala",1,"Amatitlán",14,433,313,16,1,16,55,4,1,13,3,0,36,1,1,2,0,0,0,0,1,0,1,0,0,155,28,2,181,0,181,--,310,129,151,181,181,Sumas Asentadas sin cuadrar,1,582d4c82e3133b68150233823187cb85f4b77655679344fc0fcff48dfd816e3c,26/06/2023 00:38:02,ESCANER
4215,"Guatemala",1,"Amatitlán",14,433,312,18,4,11,39,6,1,6,4,0,32,0,0,0,0,0,0,1,1,0,2,0,1,126,15,5,146,0,146,--,312,166,126,146,146,Algún campo sin dato,1,a9cc355a6b7a9a8b768ad59411f2d347cf96ff322eae47aa51d32e59e458122d,26/06/2023 00:52:24,ESCANER
4216,"Guatemala",1,"Amatitlán",14,434,380,34,10,15,23,6,2,9,29,1,2,1,8,0,0,0,0,1,0,1,0,0,1,143,63,4,210,0,210,0,380,170,143,210,210,,1,f6a5b2fcaea5028a47a0fe24ca162d087d918f28e2645afb596c6a4bccddaf94,26/06/2023 03:40:13,ESCANER
4217,"Guatemala",1,"Amatitlán",14,434,380,59,13,18,23,4,3,5,48,1,3,0,12,3,1,0,0,3,0,0,0,0,0,196,22,4,222,0,222,0,158,0,196,222,222,,1,e8ac8df63b6a32ed7440407e798eb621cb01c6b88829497ad331b8a4242b86a9,26/06/2023 05:24:39,ESCANER
4218,"Guatemala",1,"Amatitlán",14,434,380,70,14,24,19,1,2,14,48,2,7,0,1,0,3,0,0,0,1,0,0,0,0,206,17,1,224,0,224,0,380,156,206,224,224,,1,703c5ec0f64fd10bc8bf8752ef3bf8f91a71fb71916e77151e18ca2a95b1ce0a,26/06/2023 00:40:46,ESCANER
4219,"Guatemala",1,"Amatitlán",14,434,380,49,23,13,19,4,1,11,24,0,3,1,4,1,0,0,1,1,0,4,0,0,1,160,17,5,182,0,182,0,380,198,160,182,182,,1,bfaae9a9794364e372032bc980924771c8a2818b056b060ca3ca037ffef4b449,25/06/2023 23:45:26,ESCANER
4220,"Guatemala",1,"Amatitlán",14,434,380,50,15,13,16,4,3,10,40,0,9,0,6,0,0,0,1,1,1,0,0,0,0,169,26,5,200,0,200,0,380,180,169,200,200,,1,8f6e223fdf35f7f452bd1272e75961751968a6fda0cc82aa7cd354f41efd703d,26/06/2023 00:15:49,ESCANER
4221,"Guatemala",1,"Amatitlán",14,434,272,30,13,17,11,2,3,6,25,1,3,1,3,0,0,0,1,1,0,0,0,0,0,117,9,0,126,9,135,--,272,146,117,126,135,Algún campo sin dato,1,a8faeecb7d1c7295e7e99d97a175112ee5d6d1d02b4f1fbadd8aaa93b4241068,25/06/2023 23:23:45,ESCANER
4222,"Guatemala",1,"Amatitlán",14,434,271,37,6,4,8,1,0,6,23,0,2,1,3,1,0,0,0,0,1,0,0,0,0,93,5,0,98,0,98,--,271,173,93,98,98,Algún campo sin dato,1,8e190d100614fc593a0187b5c5fae471f9d6a935a557094f3027a20f585b54bb,26/06/2023 00:59:21,ESCANER
4223,"Guatemala",1,"Amatitlán",14,435,380,97,0,15,72,3,2,17,6,0,5,1,1,0,0,0,2,1,0,3,1,1,0,227,23,12,262,0,262,--,380,118,227,262,262,Algún campo sin dato,1,5808f8c1aa834c281fdc1a32dcf9cf73bbd9d526c1452bf8fb660ab638c5da51,25/06/2023 23:25:00,ESCANER
4224,"Guatemala",1,"Amatitlán",14,435,380,114,0,3,67,2,3,9,7,1,4,2,0,1,0,0,0,2,0,0,0,1,0,216,26,4,246,0,246,--,380,134,216,246,246,Algún campo sin dato,1,4f899851ce8d1d413e586f16ee9d35190f075dd5895d8762fb044919ae6015a3,26/06/2023 03:31:53,ESCANER
4225,"Guatemala",1,"Amatitlán",14,435,380,113,0,7,43,2,1,11,6,0,7,3,1,3,0,0,0,2,0,2,0,0,0,201,18,1,210,0,210,--,210,170,201,220,220,Sumas Asentadas sin cuadrar,1,2f9f487458e6edd46b9c64a9b46a2c1aa612046aebf37d3a8f80d389763dc8cc,26/06/2023 00:43:55,ESCANER
4226,"Guatemala",1,"Amatitlán",14,435,380,83,0,7,48,1,3,4,0,0,1,0,3,1,0,0,1,0,1,1,0,0,3,157,30,6,193,0,193,0,381,188,157,193,193,,1,bdc403d97ee26fb039d5f9e26b0e35fd762f8404b966efd2841b2678cef4bf88,26/06/2023 01:38:11,ESCANER
4227,"Guatemala",1,"Amatitlán",14,435,230,63,1,3,18,1,0,6,2,0,3,1,2,1,0,0,0,1,0,0,0,0,0,102,3,0,105,0,105,--,230,125,102,105,105,Algún campo sin dato,1,cf852ee1d8a5d452edd4de9d7d6793901776028a89ae9eade103e47907bee8e0,25/06/2023 22:52:03,ESCANER
4228,"Guatemala",1,"Amatitlán",14,435,230,42,0,7,23,1,0,6,1,0,2,1,0,1,0,0,0,0,0,0,0,0,0,84,2,4,90,0,90,0,230,140,84,90,90,,1,eb587fa1bbae7be430ffa33a4f3096e43e504a38e2d495e07f8f1c745837f97f,25/06/2023 23:51:25,ESCANER
4229,"Guatemala",1,"Amatitlán",14,436,380,39,1,9,30,11,10,27,33,3,7,0,6,3,6,0,1,0,1,2,0,2,1,192,26,6,224,0,224,--,380,156,192,224,224,Algún campo sin dato,1,3bacfd2b400190e7b7ae856b32eabd6fb27428674556ea0000bf95eb7082731a,26/06/2023 00:10:30,ESCANER
4230,"Guatemala",1,"Amatitlán",14,436,380,40,0,10,39,12,11,41,15,4,5,2,4,6,6,0,1,3,4,3,0,0,3,209,27,2,238,0,238,--,381,143,209,238,238,Algún campo sin dato,1,ef66836a72411d81a6bb99e328a0c0dd39f83923d122ee26a7a860fc7a6aa296,26/06/2023 02:27:42,ESCANER
4231,"Guatemala",1,"Amatitlán",14,436,380,33,0,13,28,20,13,38,37,2,10,0,4,2,1,0,2,3,1,1,1,1,0,210,19,5,234,0,234,--,380,146,210,234,234,Algún campo sin dato,1,5110ccf523ed7a38e3072b9c93b445962d7e6b9dc4c4a954e7d3e8c29f19ecb8,26/06/2023 01:26:27,ESCANER
4232,"Guatemala",1,"Amatitlán",14,436,380,29,14,8,24,10,7,24,27,12,5,3,5,5,5,1,1,1,3,2,1,1,1,189,14,3,206,1,207,--,380,173,189,206,207,Algún campo sin dato,1,434c94dff78ffac63c56ffa6ddd34257f93f60c500607ae08073da0fe0b09fe3,26/06/2023 03:48:02,ESCANER
4233,"Guatemala",1,"Amatitlán",14,436,380,30,4,14,26,14,11,28,22,0,9,1,12,9,6,1,0,2,1,2,2,1,0,195,28,4,227,0,227,--,380,153,195,227,227,Algún campo sin dato,1,683b383ee8e0307302835292fd24099a688b7e25ee04ef97e3a1b0769c8061b4,26/06/2023 00:17:36,ESCANER
4234,"Guatemala",1,"Amatitlán",14,436,380,35,3,7,28,10,14,27,25,2,10,0,6,3,1,2,0,0,0,3,5,0,1,182,18,3,203,0,203,--,380,177,182,203,203,Algún campo sin dato,1,7e82836d39fae3c9a1206a0ed30daec9e9e3b549c783201fc9bbb643bc277669,25/06/2023 23:14:23,ESCANER
4235,"Guatemala",1,"Amatitlán",14,436,380,42,1,11,29,10,10,33,29,4,9,0,10,2,13,0,0,0,2,4,1,0,0,210,13,4,227,0,227,--,380,153,210,227,227,Algún campo sin dato,1,64c2eb8849befd4c867986b1202802114d7961468d3d4fe08ea22751a214e6a0,26/06/2023 01:31:53,ESCANER
4236,"Guatemala",1,"Amatitlán",14,436,380,28,3,4,23,7,9,26,25,3,9,3,12,4,6,2,1,5,3,1,2,0,1,177,17,4,--,--,--,--,380,182,177,198,198,Algún campo sin dato,1,011e1431eb344d172bf8720905e862dc2d63fc8133b52d0edd3ddd30a09efaee,26/06/2023 03:31:00,ESCANER
4237,"Guatemala",1,"Amatitlán",14,436,380,29,2,9,18,9,4,22,27,3,8,0,8,9,6,0,1,1,2,1,1,0,0,160,13,0,173,0,173,--,380,207,160,173,173,Algún campo sin dato,1,9bc2b2a8260d320af21a2f6883844ea1b8ee4a37c97d4cc29aa3f316127f3677,26/06/2023 01:44:12,ESCANER
4238,"Guatemala",1,"Amatitlán",14,436,380,37,4,6,13,11,3,21,35,2,7,1,4,5,5,0,0,1,0,2,0,0,1,158,7,1,166,0,166,--,380,214,158,166,166,Algún campo sin dato,1,523b379845bffc4e0bddfc63fd76a4dd219b160904ed9bb33eb0eb4dcbdea3db,25/06/2023 23:51:55,ESCANER
4239,"Guatemala",1,"Amatitlán",14,436,326,21,0,5,8,11,5,20,19,4,7,3,1,3,3,0,0,1,1,0,0,0,1,113,9,1,123,0,123,--,326,203,113,123,123,Algún campo sin dato,1,468efaa964e584b237cfd3fc31173bf4ad117f135c013993ca5e1b5a1dd98060,25/06/2023 23:33:52,ESCANER
4240,"Guatemala",1,"Amatitlán",14,436,325,20,2,2,16,11,5,22,25,1,0,0,5,9,6,1,0,1,0,2,1,0,0,129,10,1,140,0,140,--,325,185,129,140,140,Algún campo sin dato,1,a0a0c95dec6311a8bc4d3b304fec9be7245de443b26551daa1cfe4edad713693,25/06/2023 23:24:35,ESCANER
4241,"Guatemala",1,"Amatitlán",14,437,600,50,4,4,11,12,4,21,49,3,13,2,8,3,2,0,3,1,3,4,0,2,2,201,17,2,220,0,220,--,600,380,201,220,220,Algún campo sin dato,1,a390ed7f8e94ab5ac6b564a04fc06af78ab3e4a71fc374dc80ca8bc95d710ad8,26/06/2023 01:41:51,ESCANER
4242,"Guatemala",1,"Amatitlán",14,437,600,42,3,6,23,13,3,34,32,3,21,0,8,3,0,0,1,0,0,1,0,0,1,194,15,0,209,1,210,0,597,387,194,209,210,,1,ea151ebfc034226339e21f6687e16b21858ef71008ca5cc0b4f8f11868a99ce2,26/06/2023 01:11:11,ESCANER
4243,"Guatemala",1,"Amatitlán",14,437,600,45,3,2,11,8,1,36,53,3,16,1,5,8,3,2,3,1,0,6,1,1,1,210,18,0,228,0,228,--,600,372,210,228,228,Algún campo sin dato,1,9528c104ad63c7e25632f1d61d717f05b9c41c33687f1c716d56c88e551b5f0f,26/06/2023 01:18:39,ESCANER
4244,"Guatemala",1,"Amatitlán",14,437,522,23,1,5,6,5,4,20,20,0,7,1,3,1,1,1,0,1,1,5,2,0,3,110,11,3,124,0,124,--,522,398,110,124,124,Algún campo sin dato,1,f723f31b8fdd3e5fad1c395c2cfbadb680845991b5153444a6fb821d1f0bb2c9,25/06/2023 23:29:52,ESCANER
4245,"Guatemala",1,"Amatitlán",14,437,522,13,0,5,2,2,1,9,8,4,5,1,2,1,2,3,1,0,0,2,0,0,0,61,6,1,68,0,68,--,519,451,61,68,68,Algún campo sin dato,1,15060effd4a3713252d4c0675fd1368233c5d1602397a1591acad56dbcd36671,25/06/2023 22:25:06,ESCANER