﻿TIPO_DE_ELECCIÓN:,CORPORACIÓN MUNICIPAL
28 junio 2023 21:35 (UTC -6)
ACTAS_ESPERADAS,ACTAS_CAPTURADAS,PORCENTAJE_ACTAS_CAPTURADAS,ACTAS_CONTABILIZADAS,PORCENTAJE_ACTAS_CONTABILIZADAS,ACTAS_NO_CONTABILIZADAS,LISTA_NOMINAL_ACTAS_CONTABILIZADAS,VOTOS_EMITIDOS_CONTABILIZADAS,PORCENTAJE_PARTICIPACIÓN_CIUDADANA
113,112,99.1150,112,99.1150,0,41406,28682,69.2701

MESA,DEPARTAMENTO,ID_DEPARTAMENTO,MUNICIPIO,ID_MUNICIPIO,CENTRO_DE_VOTACIÓN,PADRÓN,FCN-NACION,AZUL,PHG,CABAL,MLP,VIVA,VAMOS,ELEFANTE,U R N G - MAIZ,TODOS,UNE,SEMILLA,PPN,VOS,VALOR,CREO,P A N,BIEN,VÁLIDOS,NULOS,BLANCO,EMITIDOS,INVÁLIDOS,TOTAL,IMPUGNACIONES,PAPELETAS-RECIBIDAS,PAPELETAS-NO-USADAS,VALIDOS_CALCULADO,EMITIDOS_CALCULADO,TOTAL_CALCULADO,OBSERVACIONES,CONTABILIZADA,CÓDIGO_INTEGRIDAD,FECHA_HORA_PUBLICACIÓN,DIGITALIZACIÓN
19869,"Alta Verapaz",16,"Cahabón",12,3048,400,4,4,79,5,0,12,86,0,2,3,29,1,5,0,47,0,2,0,279,13,7,299,1,300,--,401,101,279,299,300,Algún campo sin dato,1,21c031f0f7c04341492594f59298bd9014258f76bbb4bb7b093ff8b2a8e5ec8c,27/06/2023 14:08:49,MOVIL
19870,"Alta Verapaz",16,"Cahabón",12,3048,400,3,8,114,2,0,9,106,0,1,3,18,3,1,0,30,0,2,0,300,11,4,315,0,315,0,399,84,300,315,315,,1,47d4bccd650c11715593a593b0c3fbfd78b1aaea44583033436019b0547ff98c,27/06/2023 21:50:09,ESCANER
19871,"Alta Verapaz",16,"Cahabón",12,3048,400,,,,,,,,,,,,,,,,,,,,,,,,,,,,,,,,0,,,
19872,"Alta Verapaz",16,"Cahabón",12,3049,400,5,14,90,6,1,18,96,0,0,1,42,2,4,0,24,0,1,1,305,12,11,328,0,328,0,400,72,305,328,328,,1,75b0cfacff593b0c171e1bec92e852c1d02fb787e85be9fe57029597c05dd73a,27/06/2023 21:51:39,ESCANER
19873,"Alta Verapaz",16,"Cahabón",12,3049,400,7,4,75,9,0,32,55,0,0,0,47,3,4,2,41,0,0,1,280,15,13,308,0,308,0,400,92,280,308,308,,1,e9b553a04c1a4523625cda9f325f45739bf40d7528d159d524f9d294bcc688a8,27/06/2023 21:54:12,ESCANER
19874,"Alta Verapaz",16,"Cahabón",12,3049,400,12,4,74,9,0,8,66,0,0,2,60,5,1,0,45,0,1,2,289,14,4,307,0,307,--,400,93,289,307,307,Algún campo sin dato,1,3dbaa2c5b82b88f8351d71fbd96002af50e4aceb9b12f6a57fdf36ed5f94f9d6,28/06/2023 11:38:16,ESCANER
19875,"Alta Verapaz",16,"Cahabón",12,3050,400,6,2,101,8,0,27,64,4,0,0,41,1,1,0,39,0,1,1,296,17,15,328,0,328,--,400,72,296,328,328,Algún campo sin dato,1,412f0962629a6cce82034865b54357748bfbfdb69ac8b066bee238aa4ad09280,26/06/2023 06:53:50,ESCANER
19876,"Alta Verapaz",16,"Cahabón",12,3051,400,3,4,88,10,2,13,78,0,2,0,35,5,3,2,33,0,1,1,280,20,10,310,0,310,--,400,90,280,310,310,Algún campo sin dato,1,c2694469fb61174bf108b47213b5b6cd8c4344cc7b40d90235ca2b95d8d8c4ff,26/06/2023 04:24:34,ESCANER
19877,"Alta Verapaz",16,"Cahabón",12,3051,400,2,5,104,5,0,16,78,0,1,0,33,9,4,0,31,0,3,2,293,15,5,314,0,--,1,400,86,293,313,313,Sumas Asentadas sin cuadrar,1,ba604dd3d8ca1940ed94d49b0ef68b1521d7b2d5d750c9fa0eefbd4cc2b54085,27/06/2023 22:06:51,ESCANER
19878,"Alta Verapaz",16,"Cahabón",12,3051,400,7,5,56,3,1,20,126,0,0,1,18,3,2,0,22,1,2,0,267,15,7,289,0,289,--,400,111,267,289,289,Algún campo sin dato,1,eeb0a59e575fe411880e8c265e2cf284b7dd21f9ece55890fa2fd0e795f626e2,26/06/2023 04:33:56,ESCANER
19879,"Alta Verapaz",16,"Cahabón",12,3051,400,3,3,77,6,0,22,68,0,0,0,38,1,2,1,42,0,0,0,263,5,3,271,0,271,0,400,129,263,271,271,,1,7c74879a7b17c1d9c1016a646cdb37e01747c9ac7c14e8eefc80a29ef0b9f858,26/06/2023 06:34:08,ESCANER
19880,"Alta Verapaz",16,"Cahabón",12,3051,400,3,5,86,8,0,17,73,0,0,6,33,1,4,1,22,0,0,0,259,10,5,274,0,274,--,400,126,259,274,274,Algún campo sin dato,1,9ef6c44036060352fc627864e70c1f9b5c22d82cbbc8a8c7852969818be68713,27/06/2023 22:15:16,ESCANER
19881,"Alta Verapaz",16,"Cahabón",12,3051,400,3,1,87,4,0,14,69,0,1,0,28,3,7,2,43,0,2,0,264,4,2,264,0,270,--,400,130,264,270,270,Sumas Asentadas sin cuadrar,1,c0bf0186937676e95a441f68c03a2b48a7d155a53b8382fdc30830c53f48a92e,27/06/2023 22:27:25,ESCANER
19882,"Alta Verapaz",16,"Cahabón",12,3052,400,3,4,88,7,1,16,47,0,0,2,39,1,8,0,58,0,0,1,275,10,4,289,0,289,0,399,110,275,289,289,,1,570c5874ce52ab64edd5027619cf1956df62066e02c2267d5bfb9a5a41aa46d8,27/06/2023 22:09:32,ESCANER
19883,"Alta Verapaz",16,"Cahabón",12,3052,400,4,3,78,7,0,10,91,0,2,1,21,2,5,0,51,0,0,0,275,1,1,277,8,285,--,400,115,275,277,285,Algún campo sin dato,1,987fd11046990f85616334f41b007eb5a59181e76be551738e8c3d81da386c30,27/06/2023 22:27:42,ESCANER
19884,"Alta Verapaz",16,"Cahabón",12,3053,400,4,2,78,5,0,10,67,0,0,1,33,3,4,0,38,0,2,1,248,9,6,263,0,263,--,400,137,248,263,263,Algún campo sin dato,1,06840f46861203eb35f15dab3c7f448fdc50bba9debf03ea0b6601a068e27f5d,26/06/2023 06:55:07,ESCANER
19885,"Alta Verapaz",16,"Cahabón",12,3054,400,7,4,82,2,0,6,60,0,0,1,31,1,3,0,34,0,0,0,231,8,3,242,0,242,--,400,158,231,242,242,Algún campo sin dato,1,1a437539eb471ef98571f21ab525d56f2f391033add12ebbb86fec446c1081d8,26/06/2023 03:12:42,ESCANER
19886,"Alta Verapaz",16,"Cahabón",12,3054,400,3,2,121,5,0,6,52,0,1,0,18,2,6,0,32,0,0,0,248,5,3,256,0,256,--,400,144,248,256,256,Algún campo sin dato,1,789c1e9a9ff563bcac6d8531b42c16ab1e880f76cce05c1c3286ba88fbe4cf49,26/06/2023 04:32:08,ESCANER
19887,"Alta Verapaz",16,"Cahabón",12,3055,400,3,3,76,2,0,8,67,0,0,0,24,1,2,0,27,0,0,0,213,3,2,218,1,219,0,400,181,213,218,219,,1,e9a83dc09769133058adc2551d9b13c96a6565b17cc0a50d60cac48f6a2795c5,26/06/2023 00:42:02,ESCANER
19888,"Alta Verapaz",16,"Cahabón",12,3055,400,4,3,69,4,1,10,44,1,0,0,19,4,3,1,27,0,0,0,190,3,0,193,0,193,--,400,207,190,193,193,Algún campo sin dato,1,4efa0c61ff165063d85e67a8599a33cde46379ca98df54f6ddc0f44eacab9772,26/06/2023 03:19:21,ESCANER
19889,"Alta Verapaz",16,"Cahabón",12,3056,400,1,4,62,1,0,12,42,1,0,0,8,8,2,0,39,0,1,0,181,0,4,185,0,185,--,400,215,181,185,185,Algún campo sin dato,1,a59c5c0d7f2b4380c66fd51ccbfcc70a4178a61c7543211036a72087094d54e5,26/06/2023 06:37:44,ESCANER
19890,"Alta Verapaz",16,"Cahabón",12,3056,400,5,4,73,8,0,9,52,0,0,1,31,2,6,2,25,0,0,0,218,1,1,220,0,220,--,400,180,218,220,220,Algún campo sin dato,1,fa880c8747e0f9ef0cb6d2a404866f0b6ccb02607d3ed77f6cb6a7dee4a52b61,26/06/2023 04:38:26,ESCANER
19891,"Alta Verapaz",16,"Cahabón",12,3057,400,5,1,88,3,1,21,52,0,0,0,23,0,0,1,28,0,0,0,223,3,3,229,1,230,1,400,170,223,229,230,,1,4c9cf3d571d20ed231ca227e4c4bbd1b141a09fb84f49299d8a448f5f379627f,26/06/2023 02:00:17,ESCANER
19892,"Alta Verapaz",16,"Cahabón",12,3057,400,2,1,52,5,0,17,47,0,0,0,14,0,1,0,17,0,0,0,156,3,3,162,1,163,--,400,237,156,162,163,Algún campo sin dato,1,c4a19c414fe89e06d99a035a4998584cf9c8be06a063ada6e0d8afd67873829e,26/06/2023 01:58:26,ESCANER
19893,"Alta Verapaz",16,"Cahabón",12,3058,400,4,2,58,2,0,7,53,0,0,1,27,3,1,0,21,0,0,0,179,1,2,182,0,182,--,400,218,179,182,182,Algún campo sin dato,1,ded75dd11e6fd3fbddfdc5458d5e3211444749eef45023ba1ac9f3154a951268,26/06/2023 01:15:17,ESCANER
19894,"Alta Verapaz",16,"Cahabón",12,3058,369,3,0,54,4,0,10,46,0,0,0,31,0,1,0,26,0,0,0,175,3,1,179,0,179,--,369,190,175,179,179,Algún campo sin dato,1,ca1ed4b9268a177633e725ced70fa70f3819decb1e7f0975edd5eb79d1d8efa0,26/06/2023 00:43:47,ESCANER
19895,"Alta Verapaz",16,"Cahabón",12,3059,369,3,2,55,2,0,3,50,1,0,1,18,3,2,0,18,0,1,0,159,6,7,172,0,172,--,366,194,159,172,172,Algún campo sin dato,1,a58716c25f971384aa90786c25daf11670ffc328db9eb6368e3594e4e812c66d,26/06/2023 00:03:11,ESCANER
19896,"Alta Verapaz",16,"Cahabón",12,3060,400,2,7,76,24,0,14,80,0,0,2,38,3,3,0,21,0,0,2,272,15,9,296,0,296,0,400,104,272,296,296,,1,c6ee2ff32553a2695e3c6449c013285bbb6b22ca05c189b81aaebb57f3568f30,27/06/2023 22:22:20,ESCANER
19897,"Alta Verapaz",16,"Cahabón",12,3060,400,3,7,65,28,1,27,59,0,0,0,53,1,3,0,27,0,2,2,278,20,14,312,0,312,0,400,88,278,312,312,,1,d2a3ad2b6f64a1e5c35ed5ee3ec463d5c04657b06e05bb1056c0bbaff7c1612d,26/06/2023 03:21:46,ESCANER
19898,"Alta Verapaz",16,"Cahabón",12,3060,400,7,14,100,25,0,4,82,1,1,0,37,3,2,2,32,0,0,1,311,22,6,339,0,339,--,400,61,311,339,339,Algún campo sin dato,1,33dcb5f82188b21215c7d235a98605ec86b2b712ce88b5a7b1a37fabaeb0d978,26/06/2023 05:00:54,ESCANER
19899,"Alta Verapaz",16,"Cahabón",12,3060,400,3,7,79,14,3,10,99,0,0,1,33,4,2,1,33,1,0,0,290,26,13,329,0,329,0,400,71,290,329,329,,1,17009fa66c0beebbfad365d6cccd03827330afe77ef6bae162f3572a79c7ad63,27/06/2023 22:24:46,ESCANER
19900,"Alta Verapaz",16,"Cahabón",12,3060,400,5,8,64,22,0,10,67,1,0,1,85,1,3,0,36,0,0,0,303,13,6,322,0,322,--,400,78,303,322,322,Algún campo sin dato,1,c58b6175057b85b7058523469ab4c6a44c5654e88f93c99018bd9ca2c751008a,26/06/2023 03:06:24,ESCANER
19901,"Alta Verapaz",16,"Cahabón",12,3060,400,3,3,90,16,0,11,121,0,0,0,44,1,3,2,25,0,0,4,323,8,5,336,0,336,--,--,--,323,336,336,Algún campo sin dato,1,510922de152a3d8d11d381d7d689e4f267954a78f57c9dabc57547c63506b35b,26/06/2023 04:32:57,ESCANER
19902,"Alta Verapaz",16,"Cahabón",12,3061,400,4,3,82,19,0,16,65,0,0,0,45,2,3,0,39,0,0,0,278,8,2,288,0,288,--,400,112,278,288,288,Algún campo sin dato,1,824a4b2e5f9134f75a4ca102ca644ed611f66323108baf3d914e76d5d7b309e8,26/06/2023 02:08:52,ESCANER
19903,"Alta Verapaz",16,"Cahabón",12,3061,400,3,7,61,19,0,9,60,0,0,0,45,1,1,0,31,0,0,0,237,12,4,253,0,253,--,400,147,237,253,253,Algún campo sin dato,1,736447b2466b9da632be3322ebe66d96447a79c6d569afd0b99153ff53824c5c,26/06/2023 02:16:27,ESCANER
19904,"Alta Verapaz",16,"Cahabón",12,3061,400,6,3,71,18,0,16,61,0,0,1,46,2,3,0,38,0,0,2,267,7,10,284,0,284,--,400,116,267,284,284,Algún campo sin dato,1,db88f839e913ef39f5f06614f84f208e50e2d70db731b68836cf145d12885e76,26/06/2023 02:06:50,ESCANER
19905,"Alta Verapaz",16,"Cahabón",12,3062,400,10,4,84,21,0,15,57,0,0,1,35,1,3,0,25,0,0,2,258,1,2,261,0,261,--,400,139,258,261,261,Algún campo sin dato,1,fbb58c6328ed7b173cbe8300230b39fb6be516c6c7c72950fdadc1fbb8d04f86,26/06/2023 00:53:04,ESCANER
19906,"Alta Verapaz",16,"Cahabón",12,3062,400,5,7,86,22,0,15,51,0,0,1,25,0,2,0,29,0,0,0,243,3,6,252,0,252,--,400,148,243,252,252,Algún campo sin dato,1,758a926899cf07377911c56fd1f271c56531c1ea7a7bcf5220a6242c7093a9df,26/06/2023 01:05:57,ESCANER
19907,"Alta Verapaz",16,"Cahabón",12,3062,400,3,0,78,22,1,9,57,0,0,0,48,0,3,0,23,0,0,0,244,6,4,254,1,255,--,400,145,244,254,255,Algún campo sin dato,1,3c689f6314b754bf8c6757e6b04750c1c3fe43ad6b1a3d143748e758014daa17,26/06/2023 02:51:38,ESCANER
19908,"Alta Verapaz",16,"Cahabón",12,3062,268,3,1,61,22,0,8,35,0,0,1,23,1,0,0,18,0,0,0,173,2,7,182,0,182,--,268,86,173,182,182,Algún campo sin dato,1,bfe46b2374820a48d17147d08ca95bd23ad475b3b92f442a79d89f5c632d5ea5,26/06/2023 00:40:17,ESCANER
19909,"Alta Verapaz",16,"Cahabón",12,3062,267,2,3,40,6,0,9,33,0,0,0,36,0,3,0,16,0,0,1,149,2,4,155,0,155,--,267,112,149,155,155,Algún campo sin dato,1,188a79be20dfd5fc158f766786cca680be0e76ceba07c4ae1d77adfecce158b8,26/06/2023 00:48:06,ESCANER
19910,"Alta Verapaz",16,"Cahabón",12,3063,380,27,25,39,5,2,13,84,0,0,0,42,6,1,4,10,0,0,0,258,17,14,289,0,289,--,380,91,258,289,289,Algún campo sin dato,1,26745af90c49a1c2c79ff8943e3f301b490645b00fde474181cf9965657a0ecb,26/06/2023 11:59:57,MOVIL
19911,"Alta Verapaz",16,"Cahabón",12,3063,380,31,15,59,9,1,16,74,0,0,0,40,8,10,5,5,0,0,2,275,8,12,295,0,295,--,85,85,275,295,295,Algún campo sin dato,1,7a096af0669930e3545fdf8022fda955ea5752271375a5e97613ed5e9cf8eb96,27/06/2023 14:23:01,MOVIL
19912,"Alta Verapaz",16,"Cahabón",12,3063,380,24,5,52,3,2,16,77,0,1,1,57,14,2,9,1,0,1,0,265,15,20,300,0,300,--,380,80,265,300,300,Algún campo sin dato,1,1d11c25a20aad17936bc6e84a3d780b1a1531dd592e0e2e7660be1c356b8ba05,26/06/2023 11:15:10,MOVIL
19913,"Alta Verapaz",16,"Cahabón",12,3064,380,15,7,45,4,1,15,54,0,0,0,86,10,4,1,4,0,3,1,250,5,10,265,0,265,--,380,115,250,265,265,Algún campo sin dato,1,c1dfdc87e62173abec33f1aba231f639cc21881754817038ef4b06d329fe1110,26/06/2023 18:21:27,MOVIL
19914,"Alta Verapaz",16,"Cahabón",12,3064,380,21,8,36,7,2,26,57,0,1,0,66,14,2,1,5,0,1,2,249,9,11,269,0,269,--,382,113,249,269,269,Algún campo sin dato,1,5ca5a4a6df12025c3264465b28cbda909e7d6eadf63b79b906cbbc55f251ecc2,27/06/2023 14:23:27,MOVIL
19915,"Alta Verapaz",16,"Cahabón",12,3064,380,19,9,56,6,0,15,63,0,1,0,56,7,3,2,4,0,0,1,242,5,7,254,0,254,0,380,126,242,254,254,,1,a4666ef9717ce293fa35388d79d85a1f656e89613e89f4b360cc2453574e0351,27/06/2023 22:27:29,ESCANER
19916,"Alta Verapaz",16,"Cahabón",12,3065,369,24,8,60,2,0,11,81,0,0,1,36,9,2,3,5,0,0,0,242,0,2,244,1,245,--,369,124,242,244,245,Algún campo sin dato,1,4121937779fac446dc71ff8907886aa9c55a50500e71bee965c2483bb79c4b21,26/06/2023 11:03:09,MOVIL
19917,"Alta Verapaz",16,"Cahabón",12,3065,368,14,4,53,12,0,11,64,0,0,0,42,3,1,4,6,0,0,0,214,7,3,224,0,224,--,368,144,214,224,224,Algún campo sin dato,1,7f5119d9510262f40989791fdb7c8456f5577289686dcf0ea0fe42b199b545f4,26/06/2023 12:22:51,MOVIL
19918,"Alta Verapaz",16,"Cahabón",12,3066,380,9,6,37,9,10,10,74,0,1,0,58,9,6,0,33,0,0,2,264,16,5,285,0,285,--,380,95,264,285,285,Algún campo sin dato,1,c60702a8fa32cb7702a6fd1892168a29330aacc93e38b56a26821f5441136416,26/06/2023 11:05:58,ESCANER
19919,"Alta Verapaz",16,"Cahabón",12,3066,380,4,7,46,3,13,21,86,0,1,0,55,2,3,0,37,0,0,0,278,27,4,309,0,309,--,380,71,278,309,309,Algún campo sin dato,1,79eca2fafe170105ae42a8db7ea571649cd845212bad9f350f0dcf8307da6b67,26/06/2023 11:15:43,ESCANER
19920,"Alta Verapaz",16,"Cahabón",12,3066,380,1,2,53,12,1,15,70,0,0,1,45,2,4,2,49,0,0,0,257,18,6,281,0,281,--,380,96,257,281,281,Algún campo sin dato,1,df8e7111fe2fd930158d968fc95390f7e4b5cb975539892c2b217a0167c32f97,26/06/2023 11:41:56,ESCANER
19921,"Alta Verapaz",16,"Cahabón",12,3067,380,11,3,46,9,3,23,96,0,2,1,49,7,2,2,32,0,0,0,286,14,6,306,0,306,--,380,74,286,306,306,Algún campo sin dato,1,d4858974386761e0469b7a40a52d9bd406ace7380d562de3ca2c1490177e18e8,26/06/2023 11:05:23,ESCANER
19922,"Alta Verapaz",16,"Cahabón",12,3067,380,10,4,30,12,2,19,72,0,2,0,52,6,6,0,47,0,0,1,263,27,14,304,0,304,--,377,73,263,304,304,Algún campo sin dato,1,6dd6253e735df6331a8e59756a835b2195602095043909d67dacfb5d37b51be4,26/06/2023 11:13:17,ESCANER
19923,"Alta Verapaz",16,"Cahabón",12,3068,380,5,2,65,11,5,23,57,0,0,0,39,3,4,4,33,0,1,1,253,18,6,277,0,253,--,380,103,253,277,277,Sumas Asentadas sin cuadrar,1,f2a09caa11ffa7c826318d9f5819ba9606febcafdba169107affbfe44118d4b2,26/06/2023 11:19:45,ESCANER
19924,"Alta Verapaz",16,"Cahabón",12,3068,380,3,2,83,15,3,12,78,0,3,0,43,2,7,2,17,1,1,2,274,25,6,305,0,305,--,380,75,274,305,305,Algún campo sin dato,1,006b5c62a02d19d44d900a0a4a08156c34be56138cd8ea9e1e72054de8440149,26/06/2023 12:26:15,ESCANER
19925,"Alta Verapaz",16,"Cahabón",12,3068,380,6,4,56,4,2,18,67,0,1,1,44,4,3,1,37,0,0,1,249,10,6,265,0,265,--,380,115,249,265,265,Algún campo sin dato,1,7c8b78a6cf103082e4c80e6028cc855f221fa2490de13a38b4d3abcbeb9aa7a6,26/06/2023 12:05:59,ESCANER
19926,"Alta Verapaz",16,"Cahabón",12,3069,380,10,3,66,8,3,12,77,0,0,0,46,2,1,0,30,0,0,0,258,8,3,269,2,269,--,377,108,258,269,271,Sumas Asentadas sin cuadrar,1,01db203a2757e3e7c6ef7e1eeb48498dd44edce591110ca80865421af1046338,27/06/2023 11:32:54,ESCANER
19927,"Alta Verapaz",16,"Cahabón",12,3069,380,0,7,47,9,0,18,65,0,0,1,51,2,1,0,34,1,0,1,241,19,9,269,0,269,--,377,108,237,265,265,Sumas Asentadas sin cuadrar,1,42dd839c3fcf08e8346486a8c0cc560eb79f4595558c653270b63fd17fb23826,27/06/2023 13:41:48,ESCANER
19928,"Alta Verapaz",16,"Cahabón",12,3069,380,5,6,49,5,3,9,52,0,2,1,37,5,4,1,39,0,0,2,220,17,8,245,0,245,--,376,131,220,245,245,Algún campo sin dato,1,c8be1cddad86e2a147e6e255f8383d95484c6590eeb8444018c877800b2d6aa2,27/06/2023 13:44:33,ESCANER
19929,"Alta Verapaz",16,"Cahabón",12,3069,380,2,1,63,9,3,14,66,0,0,0,48,2,5,2,26,0,0,1,242,7,4,253,0,253,--,380,127,242,253,253,Algún campo sin dato,1,a41978da2afc7b570655e1058dc87f777367e739f13ae2cda45512e9a4d9af03,27/06/2023 15:14:38,ESCANER
19930,"Alta Verapaz",16,"Cahabón",12,3069,380,2,3,61,8,0,21,56,0,0,0,44,0,9,2,25,0,0,0,231,4,4,239,0,239,--,380,141,231,239,239,Algún campo sin dato,1,29357bf3cac319498af469e1c44f155220f8be758221819d606768425e1b9595,27/06/2023 13:51:33,ESCANER
19931,"Alta Verapaz",16,"Cahabón",12,3069,380,4,2,75,9,3,14,59,0,0,1,32,1,3,0,29,0,0,0,232,6,6,244,0,244,--,380,136,232,244,244,Algún campo sin dato,1,62a48a2e910ff25c510776ab86335101eb0cb3040f4e84527ae28565077ddaff,27/06/2023 13:55:10,ESCANER
19932,"Alta Verapaz",16,"Cahabón",12,3069,380,4,1,48,3,2,18,49,0,0,0,39,2,1,0,26,0,0,0,193,3,3,199,0,199,--,380,181,193,199,199,Algún campo sin dato,1,f49853d88e3b47de3ac0e55d5b024b05b2d7454534335f13302f7dc29d24317b,27/06/2023 13:58:52,ESCANER
19933,"Alta Verapaz",16,"Cahabón",12,3069,274,1,3,40,6,3,8,39,0,0,1,25,1,3,0,23,0,0,1,154,3,3,160,0,160,--,274,114,154,160,160,Algún campo sin dato,1,36290a8eaa253400186437604a0943a29623ae048a9433a33fb9f05156b3d8ae,27/06/2023 14:02:41,ESCANER
19934,"Alta Verapaz",16,"Cahabón",12,3069,273,2,3,29,6,1,10,45,0,1,0,32,1,1,2,25,0,0,0,158,4,4,166,0,166,--,273,107,158,166,166,Algún campo sin dato,1,1d87588dbfe5b2667c83dbce36b5a408b98ac0a426ed4646627f5c6950304770,27/06/2023 14:07:35,ESCANER
19935,"Alta Verapaz",16,"Cahabón",12,3070,380,31,1,47,4,1,10,74,0,4,0,85,7,2,0,11,1,0,2,280,19,14,313,0,313,--,381,68,280,313,313,Algún campo sin dato,1,06f24f10746d5b88856c63bec0b9db7f5b45c131e817a2dff2f72d23af968b53,26/06/2023 11:17:55,MOVIL
19936,"Alta Verapaz",16,"Cahabón",12,3070,380,16,3,27,4,0,10,101,0,0,0,89,16,0,2,13,0,0,0,281,24,11,316,--,--,--,380,64,281,316,316,Algún campo sin dato,1,d687c834369d93801142347744555e54c39573bd57e36f8ea9fd42b0e263eeae,26/06/2023 12:24:09,MOVIL
19937,"Alta Verapaz",16,"Cahabón",12,3070,380,24,4,42,0,1,18,71,5,3,0,82,7,1,0,23,0,1,2,284,19,14,317,0,317,--,376,59,284,317,317,Algún campo sin dato,1,a451de91484ba71232ef21637fdc958fff437b0993a89ffe8dbc6d4006d71503,26/06/2023 13:09:55,MOVIL
19938,"Alta Verapaz",16,"Cahabón",12,3070,380,21,2,42,3,0,29,51,0,1,0,105,7,0,1,7,0,0,2,271,24,14,309,0,309,--,380,71,271,309,309,Algún campo sin dato,1,1bdd4111b1dcc94e0bceff069c8a124ae7f97bdc037eaa37755f63911f8d22be,27/06/2023 14:24:25,MOVIL
19939,"Alta Verapaz",16,"Cahabón",12,3071,380,13,3,43,2,0,11,48,0,1,0,113,8,0,0,14,0,0,0,256,8,4,268,0,268,--,380,112,256,268,268,Algún campo sin dato,1,a91a41befc3830259492e1d986f093ba337b2fcfa9b83a3be2855067187312d2,27/06/2023 13:46:18,ESCANER
19940,"Alta Verapaz",16,"Cahabón",12,3071,380,20,1,21,2,0,12,67,1,2,1,80,7,1,0,16,0,2,1,234,16,8,258,--,--,--,380,122,234,258,258,Algún campo sin dato,1,9e817b9ac7e3b787eecd601d781a642df57fefcadce09fa035609218b0ff2590,27/06/2023 13:38:48,ESCANER
19941,"Alta Verapaz",16,"Cahabón",12,3072,380,17,2,41,3,0,15,58,0,2,0,80,2,0,1,18,0,0,1,240,10,8,258,0,258,0,381,123,240,258,258,,1,880880193cf81860e31bff793c849f896a9ed4ea6ec9b8cdccc9d32d7c9bb1ed,26/06/2023 06:41:19,MOVIL
19942,"Alta Verapaz",16,"Cahabón",12,3072,380,24,1,27,0,0,16,55,1,0,0,67,2,0,0,17,0,0,0,210,18,7,235,0,235,0,380,145,210,235,235,,1,e801cd07f84a2e88bc0ad9c26af33fefa7811628f82bf7c023be7cce024808e3,26/06/2023 06:46:16,MOVIL
19943,"Alta Verapaz",16,"Cahabón",12,3073,380,18,2,35,2,0,13,52,1,0,0,80,8,1,0,8,0,0,2,222,2,3,227,2,229,0,380,151,222,227,229,,1,97b2ee493d3e57b4d75ea7463535924156754a989b8f1a49f4386d36aef5a743,27/06/2023 22:33:42,ESCANER
19944,"Alta Verapaz",16,"Cahabón",12,3073,380,25,2,35,0,2,17,54,0,1,0,70,6,1,1,8,2,0,0,224,4,0,228,0,228,0,380,152,224,228,228,,1,f75e484eacfdbd4ecf6c9ecef58e4385f6be98808eae098ade3cfba3b45f34c6,27/06/2023 22:38:45,ESCANER
19945,"Alta Verapaz",16,"Cahabón",12,3074,207,24,0,8,2,0,5,26,0,0,0,58,4,0,0,7,0,0,0,134,2,0,136,0,136,--,207,71,134,136,136,Algún campo sin dato,1,6fc06cc96547d794bbdb48c5471f30e0f712e2c43562eb3a438ab5b671e7b0a2,27/06/2023 11:13:59,MOVIL
19946,"Alta Verapaz",16,"Cahabón",12,3074,207,11,2,21,1,0,7,36,2,1,0,39,1,2,0,6,0,0,0,129,8,1,138,0,138,--,204,66,129,138,138,Algún campo sin dato,1,0e5886c17dea8ed604526de006790b8319e6a9a774cb42fc6824764f85ec3a83,27/06/2023 15:54:08,MOVIL
19947,"Alta Verapaz",16,"Cahabón",12,3075,380,11,4,31,5,0,36,39,1,2,1,111,19,1,0,15,0,1,0,277,24,6,307,0,307,--,377,70,277,307,307,Algún campo sin dato,1,ca5761d24fa8bc2441d1935d6a48af5f4bdf2359d23efa76e2b2ba9812a32b9d,27/06/2023 10:44:25,MOVIL
19948,"Alta Verapaz",16,"Cahabón",12,3075,380,5,6,25,2,0,21,61,0,6,0,109,23,1,1,17,1,0,4,282,10,8,300,1,301,--,377,75,282,300,301,Algún campo sin dato,1,f9dc7e675c316b83b3c0268b22f75d0dfd876391bc0736c01ab44494dbd51f4b,26/06/2023 12:21:25,MOVIL
19949,"Alta Verapaz",16,"Cahabón",12,3075,380,8,3,34,11,0,29,42,0,0,0,106,20,3,1,15,0,0,2,274,8,12,294,0,294,--,380,86,274,294,294,Algún campo sin dato,1,2f096e21c6fa58d28537c0512127ee51a68cf0ed54b18a892fe8b4cd63808382,27/06/2023 11:10:13,MOVIL
19950,"Alta Verapaz",16,"Cahabón",12,3076,380,18,0,28,14,1,17,48,0,1,1,91,27,0,0,11,0,0,2,259,21,5,285,0,285,--,380,95,259,285,285,Algún campo sin dato,1,c36d2f8398562054feaf08fd307c8c4a0fc8a558ea8eb1264dbef9a2a74c8d23,26/06/2023 12:17:57,MOVIL
19951,"Alta Verapaz",16,"Cahabón",12,3077,380,10,5,24,7,3,10,58,0,2,2,102,40,0,0,3,0,2,4,272,1,5,278,16,294,--,380,86,272,278,294,Algún campo sin dato,1,7244039e45134971fa04728829bf09ccf012029fa58694910e53d93a0685ad51,28/06/2023 11:11:54,ESCANER
19952,"Alta Verapaz",16,"Cahabón",12,3077,380,8,0,41,12,0,28,31,0,2,0,76,25,0,2,17,0,0,1,243,15,9,267,0,267,--,380,113,243,267,267,Algún campo sin dato,1,919f6f0f41612423d83e07d1912c26f03affcac75d9c1f945e99a6ad5541886a,26/06/2023 18:23:57,MOVIL
19953,"Alta Verapaz",16,"Cahabón",12,3078,380,5,3,42,6,0,31,36,0,2,0,93,30,0,0,5,0,0,0,253,4,5,262,0,262,--,380,118,253,262,262,Algún campo sin dato,1,1c67781b7ef9d28e3dc3260f213c9f5838b62f436afab79269b8b5effdc35d19,27/06/2023 10:37:02,MOVIL
19954,"Alta Verapaz",16,"Cahabón",12,3078,288,8,2,30,8,0,14,30,0,0,0,43,13,0,1,22,0,0,0,171,2,3,176,0,176,--,288,112,171,176,176,Algún campo sin dato,1,6be510b0891f9c8290cef683b6b20f860dd905b7fb3cf73fe8952fbe07927884,26/06/2023 22:18:02,MOVIL
19955,"Alta Verapaz",16,"Cahabón",12,3078,287,10,4,23,4,0,11,41,0,0,0,82,9,0,0,8,0,0,1,193,1,7,201,0,201,--,284,83,193,201,201,Algún campo sin dato,1,a27d0c1beb3064a4a594b93ae91768f951e073d5dc0cfdfcc8752d21be0b0f0b,28/06/2023 08:25:13,ESCANER
19956,"Alta Verapaz",16,"Cahabón",12,3079,380,9,7,54,8,0,72,85,0,1,1,33,7,3,0,4,0,0,1,285,20,12,317,0,317,1,380,63,285,317,317,,1,8178385ab5f664e8b2db959b773ca7cbf1ab1dda067b69d459b98bf73b5a1040,26/06/2023 06:43:00,ESCANER
19957,"Alta Verapaz",16,"Cahabón",12,3079,380,9,3,59,1,1,75,71,1,0,0,56,7,3,0,8,0,1,0,295,12,12,319,0,319,--,377,58,295,319,319,Algún campo sin dato,1,142249dc6555f77c46c071cf2da64d6025d3fc755c38c238dcc2c755612f2693,26/06/2023 06:47:44,ESCANER
19958,"Alta Verapaz",16,"Cahabón",12,3080,380,4,1,62,1,1,87,62,0,0,2,43,11,3,0,9,0,4,1,291,11,9,311,0,311,--,377,66,291,311,311,Algún campo sin dato,1,712b0ec70673d5ea74e9361014b0f1ddbe9eb0b908c96fd5bda4bb6a0938ae70,26/06/2023 06:40:40,ESCANER
19959,"Alta Verapaz",16,"Cahabón",12,3081,380,3,3,72,5,2,71,63,1,0,0,39,2,1,0,13,0,1,0,276,6,8,290,0,290,--,380,90,276,290,290,Algún campo sin dato,1,79ee240da70d3ff58a31add0d52cd15db985fda83a628153009e9c696214ed8d,26/06/2023 06:48:21,ESCANER
19960,"Alta Verapaz",16,"Cahabón",12,3082,380,3,3,41,1,0,75,58,0,0,0,51,4,2,0,5,0,1,0,244,13,8,265,0,265,--,380,115,244,265,265,Algún campo sin dato,1,52f0a2bd52def354260453f7d45593f58fb4b29ee5c45be8f8d52e35c0a68953,28/06/2023 11:46:56,ESCANER
19961,"Alta Verapaz",16,"Cahabón",12,3083,380,3,3,52,1,0,94,43,0,0,0,29,2,2,0,4,0,1,0,234,3,4,241,0,241,--,380,139,234,241,241,Algún campo sin dato,1,68ff5d8b63257f2b1d106364dd570c1c75ddf552dd80f60b5a44f751c7fb8664,26/06/2023 00:19:58,ESCANER
19962,"Alta Verapaz",16,"Cahabón",12,3083,304,1,1,46,2,0,46,46,0,0,0,16,2,0,0,5,0,0,0,165,3,4,172,0,172,--,304,132,165,172,172,Algún campo sin dato,1,d6891ba262ec6561f1b8a8a55997ef658fe4fe321b0c633ba29a241328a4adea,26/06/2023 00:26:23,ESCANER
19963,"Alta Verapaz",16,"Cahabón",12,3084,304,5,3,32,3,0,38,49,0,0,0,31,1,4,0,3,0,1,0,170,2,3,175,0,175,--,304,129,170,175,175,Algún campo sin dato,1,1b679a1974f441cd1cc85a034409b8bc8bca665020fbdc82ad4194d613a36bb4,25/06/2023 23:55:03,ESCANER
19964,"Alta Verapaz",16,"Cahabón",12,3085,380,7,1,35,4,3,19,102,0,1,0,53,4,3,2,45,0,1,1,281,24,17,322,0,322,--,380,58,281,322,322,Algún campo sin dato,1,009822021ffac5be9601adaa07aed48ed43a3c6696627481b6cc2c5f06ed1bd5,26/06/2023 04:26:20,ESCANER
19965,"Alta Verapaz",16,"Cahabón",12,3085,380,8,3,31,3,1,21,77,0,2,0,71,17,6,2,36,1,0,1,280,25,13,318,0,318,--,380,62,280,318,318,Algún campo sin dato,1,66cc48c6039d1a0895c4cad081b32f816bcc71775929a54af70dd6cef7a3a013,26/06/2023 03:06:39,ESCANER
19966,"Alta Verapaz",16,"Cahabón",12,3085,380,3,7,43,4,1,12,77,0,0,0,50,3,3,6,57,1,1,1,269,20,8,297,0,297,--,380,83,269,297,297,Algún campo sin dato,1,ff00bcff885837a2afdbf5faff2549c4b2033b0823453f7455c7dc184cb8a5d1,26/06/2023 04:42:16,ESCANER
19967,"Alta Verapaz",16,"Cahabón",12,3085,380,9,1,27,3,2,19,80,0,1,0,58,1,10,6,51,0,0,1,269,20,8,297,0,297,--,377,80,269,297,297,Algún campo sin dato,1,bb5ad17b56052951b8895a2884c7f9a38eb3209645d97b8bcc855b0462882bb5,26/06/2023 02:22:58,ESCANER
19968,"Alta Verapaz",16,"Cahabón",12,3085,380,10,0,28,9,15,29,91,0,1,2,46,0,20,3,32,0,0,0,286,24,10,320,0,320,--,380,60,286,320,320,Algún campo sin dato,1,037a879f358ad4cbaf2e0b1df205098d99878b175615791a4b99250ad6b454f7,26/06/2023 02:02:36,ESCANER
19969,"Alta Verapaz",16,"Cahabón",12,3085,380,3,2,37,5,6,23,73,0,1,1,40,4,8,3,49,0,0,2,257,25,8,290,0,290,--,380,90,257,290,290,Algún campo sin dato,1,c789d297b590743e1b7e7b6e20c39ab137f097eaf119ddecbfe4f968804b5302,26/06/2023 08:59:54,ESCANER
19970,"Alta Verapaz",16,"Cahabón",12,3085,380,8,1,36,5,1,24,60,0,0,0,39,5,4,6,26,0,0,0,215,9,1,225,0,225,--,380,155,215,225,225,Algún campo sin dato,1,1f9814c17077653611c918f233b9aebe7342b1c62364dae6ed3e5fe44c6c1050,26/06/2023 07:42:25,ESCANER
19971,"Alta Verapaz",16,"Cahabón",12,3086,380,3,0,25,3,3,20,74,0,0,0,49,5,5,1,28,0,0,0,216,6,0,222,0,222,--,380,158,216,222,222,Algún campo sin dato,1,4fca12f4919395abfe70ea14ca0853126c3f0585d8da407471f3f49d11dc1092,26/06/2023 04:36:27,ESCANER
19972,"Alta Verapaz",16,"Cahabón",12,3087,380,3,2,29,1,3,16,73,0,0,0,23,1,7,3,53,0,0,0,214,4,3,221,0,221,--,380,159,214,221,221,Algún campo sin dato,1,25c47d2da3f51fc2a5b6f5fd48221162feed22883060a492a6ca4bbe81eb4a7c,26/06/2023 02:38:07,ESCANER
19973,"Alta Verapaz",16,"Cahabón",12,3087,204,1,0,20,2,1,8,28,0,0,0,22,1,5,0,31,0,0,0,119,7,3,129,0,129,--,204,75,119,129,129,Algún campo sin dato,1,cb8320260462afbf0edbbab3df0f8a47d36b1028d31cfba4a3cab46882b60d3a,26/06/2023 02:03:26,ESCANER
19974,"Alta Verapaz",16,"Cahabón",12,3088,204,6,0,18,2,1,9,43,0,0,0,28,3,2,1,12,0,0,0,125,4,2,131,0,131,--,204,73,125,131,131,Algún campo sin dato,1,3393bda48406b4a1ffd1749406e0faf94ee8bf62de5f88a320c229c782aebcb5,26/06/2023 02:01:56,ESCANER
19975,"Alta Verapaz",16,"Cahabón",12,3089,380,21,2,24,4,1,14,55,0,0,0,98,8,3,0,31,0,0,3,264,24,7,295,0,295,--,380,85,264,295,295,Algún campo sin dato,1,77104b026d62d04e35a3ff72b1cd20e42ca6b093fb74fb8e12ce96b6138c17b1,27/06/2023 15:35:08,MOVIL
19976,"Alta Verapaz",16,"Cahabón",12,3089,380,14,0,32,2,1,18,55,0,1,0,75,7,3,1,49,0,0,0,258,16,10,284,0,284,--,--,96,258,284,284,Algún campo sin dato,1,8d1af56400b75c25404e1aa93842e3971273e65c33628c202c28758201600801,27/06/2023 15:51:48,MOVIL
19977,"Alta Verapaz",16,"Cahabón",12,3090,380,9,0,26,6,0,20,52,0,5,0,42,2,4,0,58,1,0,1,226,22,14,262,0,262,--,380,118,226,262,262,Algún campo sin dato,1,cbcd45c25c171a84f2bc885a4eac182a99e7c16a5ac036960206a74aa9b061bf,27/06/2023 15:59:10,MOVIL
19978,"Alta Verapaz",16,"Cahabón",12,3090,380,14,0,15,1,0,25,47,0,1,0,57,8,2,0,53,0,0,0,223,10,5,238,0,238,--,380,139,223,238,238,Algún campo sin dato,1,d50f380ca9de33084053911ef9840f421a04931d41bd8e98df334dc450859f78,27/06/2023 16:05:30,MOVIL
19979,"Alta Verapaz",16,"Cahabón",12,3091,235,6,0,20,0,0,7,40,0,1,1,29,7,3,0,22,0,0,0,136,2,0,138,0,138,--,235,97,136,138,138,Algún campo sin dato,1,2be82530ed679e44038da53f00a39260c2ebcf67d9644cbe152ecfc564751da9,26/06/2023 18:29:25,MOVIL
19980,"Alta Verapaz",16,"Cahabón",12,3091,234,13,0,18,2,0,6,30,0,1,0,40,5,1,0,20,0,0,0,136,2,5,143,0,143,--,234,91,136,143,143,Algún campo sin dato,1,4500e92e995dabecf17ee186a234c51267bcede4a06dfa4b8b6756987eef4300,26/06/2023 18:36:51,MOVIL
19981,"Alta Verapaz",16,"Cahabón",12,3092,315,1,4,10,2,0,1,5,0,0,0,5,0,1,0,3,0,0,0,32,0,1,33,0,33,--,315,282,32,33,33,Algún campo sin dato,1,a55ba2254d5629338d01518da7971f7241646bc6bcbbff53f58a4674f931ed0b,25/06/2023 21:30:16,ESCANER