﻿TIPO_DE_ELECCIÓN:,CORPORACIÓN MUNICIPAL
28 junio 2023 21:35 (UTC -6)
ACTAS_ESPERADAS,ACTAS_CAPTURADAS,PORCENTAJE_ACTAS_CAPTURADAS,ACTAS_CONTABILIZADAS,PORCENTAJE_ACTAS_CONTABILIZADAS,ACTAS_NO_CONTABILIZADAS,LISTA_NOMINAL_ACTAS_CONTABILIZADAS,VOTOS_EMITIDOS_CONTABILIZADAS,PORCENTAJE_PARTICIPACIÓN_CIUDADANA
52,52,100.0000,52,100.0000,0,20604,12414,60.2504

MESA,DEPARTAMENTO,ID_DEPARTAMENTO,MUNICIPIO,ID_MUNICIPIO,CENTRO_DE_VOTACIÓN,PADRÓN,VAMOS,CC NUEVO AMANECER,VALOR UNIONISTA,COMITE CIVICO SOMOS SUMPANGO,UNE,PPN,AZUL,CABAL,MI FAMILIA,VÁLIDOS,NULOS,BLANCO,EMITIDOS,INVÁLIDOS,TOTAL,IMPUGNACIONES,PAPELETAS-RECIBIDAS,PAPELETAS-NO-USADAS,VALIDOS_CALCULADO,EMITIDOS_CALCULADO,TOTAL_CALCULADO,OBSERVACIONES,CONTABILIZADA,CÓDIGO_INTEGRIDAD,FECHA_HORA_PUBLICACIÓN,DIGITALIZACIÓN
5502,"Sacatepéquez",2,"Sumpango",4,561,400,60,46,10,53,16,25,7,22,6,245,14,4,263,1,264,--,400,136,245,263,264,Algún campo sin dato,1,7b7a96c823810d2c2eb01ba9125dedce30271bc22b9dd4aded77feb8202f4715,26/06/2023 00:42:24,ESCANER
5503,"Sacatepéquez",2,"Sumpango",4,561,400,73,30,6,44,10,21,8,18,2,212,19,6,237,0,237,--,400,163,212,237,237,Algún campo sin dato,1,056848f4ff89a8b8b14c3f4c24346f32ebe15d296dad63bf1a7c6050ebb4ded2,26/06/2023 03:18:28,ESCANER
5504,"Sacatepéquez",2,"Sumpango",4,561,400,66,33,3,62,9,10,9,11,4,207,21,6,234,0,234,--,400,166,207,234,234,Algún campo sin dato,1,57039be7326846927cc234c0b13934b53934e01e71093db01d9400b27beb4706,26/06/2023 00:43:08,ESCANER
5505,"Sacatepéquez",2,"Sumpango",4,561,294,41,31,4,32,8,9,5,12,4,146,7,1,154,0,154,--,287,133,146,154,154,Algún campo sin dato,1,4b464431f70b0377e25a816e75a2da7b69909b87ecbea2fadc677a54dd002292,25/06/2023 22:14:02,ESCANER
5506,"Sacatepéquez",2,"Sumpango",4,561,294,37,36,1,17,3,14,5,6,2,121,3,1,125,0,125,--,291,166,121,125,125,Algún campo sin dato,1,a3ec689c15197bb1543898cba98b9a429c6dac13defc9ba0185b88d5b112f121,25/06/2023 22:54:32,ESCANER
5507,"Sacatepéquez",2,"Sumpango",4,562,400,40,20,17,55,8,67,13,16,4,240,27,9,276,0,276,--,400,121,240,276,276,Algún campo sin dato,1,0363f546197fd666470f4876d4cdd11c9a362be375f31e675af98af1a8e6e26e,26/06/2023 00:40:28,ESCANER
5508,"Sacatepéquez",2,"Sumpango",4,562,400,35,26,23,47,21,63,18,14,4,251,21,4,276,0,276,--,400,124,251,276,276,Algún campo sin dato,1,8b0f0829f8c592d4b0bd3a71fc7f5d8f34e1e4175750f87190de03835699c83c,25/06/2023 22:59:23,ESCANER
5509,"Sacatepéquez",2,"Sumpango",4,562,400,39,42,15,46,15,65,14,25,3,264,17,10,291,0,291,--,396,105,264,291,291,Algún campo sin dato,1,d99e797641d2874e6b2161dc78f18f3fca7ae4a772b5eca2a3d2455f8b65d9da,25/06/2023 23:46:08,ESCANER
5510,"Sacatepéquez",2,"Sumpango",4,562,400,41,34,12,34,14,71,17,13,2,238,28,9,275,0,275,--,400,125,238,275,275,Algún campo sin dato,1,de506b4ae58fbe74e310d358c26981295bbd1aa3f51708da04a1942f29b8316d,26/06/2023 01:14:09,ESCANER
5511,"Sacatepéquez",2,"Sumpango",4,562,400,38,30,34,39,13,52,15,20,4,245,10,5,260,0,260,--,400,140,245,260,260,Algún campo sin dato,1,7274126d742d37ebda55ab05c88ac368c97dc8b407c9c7f1bb89ad8e603a83e5,25/06/2023 23:57:17,ESCANER
5512,"Sacatepéquez",2,"Sumpango",4,562,400,41,24,14,26,13,74,17,22,7,238,16,9,263,0,263,--,400,137,238,263,263,Algún campo sin dato,1,0b94836f39499ad2f46b09cdc51fef6fc3ec0b218e0f8dd1cd12ff78d4d388d5,25/06/2023 23:48:08,ESCANER
5513,"Sacatepéquez",2,"Sumpango",4,562,400,27,28,16,37,12,85,15,15,8,243,30,7,280,0,280,--,397,117,243,280,280,Algún campo sin dato,1,28a85c9d174aa9c2953084f11f6a1a033cd058485fd8dbe14fe31c95d2ac69d1,26/06/2023 01:07:32,ESCANER
5514,"Sacatepéquez",2,"Sumpango",4,562,400,28,21,13,34,23,76,11,13,4,223,30,8,261,0,261,--,399,138,223,261,261,Algún campo sin dato,1,98e13aed9d7ffe4beee013f1f6564990dc192c89a6f3727420bb474711402dd6,26/06/2023 04:02:26,ESCANER
5515,"Sacatepéquez",2,"Sumpango",4,562,400,23,31,18,32,12,63,12,12,5,208,34,5,247,0,247,--,400,153,208,247,247,Algún campo sin dato,1,5d5ffb6461bffe75dbfc13a08f038a51337b46f2a12f6ad04cd88d563e87a8a9,25/06/2023 23:24:44,ESCANER
5516,"Sacatepéquez",2,"Sumpango",4,562,400,29,17,13,29,9,40,10,12,4,163,11,2,176,0,176,--,400,224,163,176,176,Algún campo sin dato,1,439d10c9dc4ea9567e042bd18ef212872249748a48ec5f4f12282259345ec3f9,25/06/2023 23:27:41,ESCANER
5517,"Sacatepéquez",2,"Sumpango",4,562,336,30,16,16,28,9,51,14,7,5,176,5,1,182,0,182,--,333,151,176,182,182,Algún campo sin dato,1,6b16f8ea5004527ebfc5e369e57cce5506365d4ee95710637828c22d7d68d412,25/06/2023 22:50:10,ESCANER
5518,"Sacatepéquez",2,"Sumpango",4,562,335,25,22,9,23,10,41,9,4,1,144,8,7,159,0,159,--,336,177,144,159,159,Algún campo sin dato,1,722f2241b820d30495af470b54d6f48e728a6b12c946bcbafea98e57767bea58,26/06/2023 00:17:10,ESCANER
5519,"Sacatepéquez",2,"Sumpango",4,563,400,31,57,2,51,5,40,13,43,3,245,9,5,259,0,259,--,400,141,245,259,259,Algún campo sin dato,1,3ce8d0068634041497d6bf207363734ec4e6b3fc9e39b60428157d1293ae7bb8,26/06/2023 01:06:24,ESCANER
5520,"Sacatepéquez",2,"Sumpango",4,563,400,39,39,4,64,5,31,14,40,1,237,9,1,247,0,247,--,400,153,237,247,247,Algún campo sin dato,1,d4cfa5eda2b9e574b59db8b87f6bddd7e6d236c8da0a95b823366b785af32ce5,26/06/2023 02:20:20,ESCANER
5521,"Sacatepéquez",2,"Sumpango",4,563,400,23,48,2,77,5,41,13,40,4,253,9,4,266,0,266,--,400,134,253,266,266,Algún campo sin dato,1,b73567ce2525183c39293d12bef1f6f133ed20178774efe6c846ace7c903ae21,26/06/2023 01:06:40,ESCANER
5522,"Sacatepéquez",2,"Sumpango",4,563,400,30,70,3,46,9,39,12,43,2,254,12,8,274,0,274,--,400,126,254,274,274,Algún campo sin dato,1,f953ee7734a08c8f6d52cb77741c6fc17c02bb674400d75a90dcfd2d304dbbef,26/06/2023 02:25:33,ESCANER
5523,"Sacatepéquez",2,"Sumpango",4,563,400,21,57,6,72,4,27,12,37,8,244,7,4,255,0,255,--,400,145,244,255,255,Algún campo sin dato,1,7105286e08d152d0a02f341f8a7090073eae235d1eb6809c176ce2db97207f3e,26/06/2023 00:09:24,ESCANER
5524,"Sacatepéquez",2,"Sumpango",4,563,400,31,60,7,64,6,33,13,28,4,246,17,3,266,0,266,--,400,134,246,266,266,Algún campo sin dato,1,928a359a2bd878bc53e12daf124695cd1601e0fe84232f65c9f6c39221a94187,26/06/2023 02:00:55,ESCANER
5525,"Sacatepéquez",2,"Sumpango",4,563,400,22,64,4,48,5,41,12,36,2,234,20,4,258,142,400,--,400,142,234,258,400,Algún campo sin dato,1,218d5fa8d2715366ee47350e35afab88319f7def9415c03bf7029c8f8369b978,25/06/2023 23:12:31,ESCANER
5526,"Sacatepéquez",2,"Sumpango",4,563,400,23,70,6,68,8,40,10,37,5,267,12,4,283,0,283,--,400,117,267,283,283,Algún campo sin dato,1,310b3352b50e95474a50834520dac0d46a2a6a3991bba369a8901808b64d0ca8,25/06/2023 23:54:22,ESCANER
5527,"Sacatepéquez",2,"Sumpango",4,563,400,27,61,4,66,6,33,15,29,4,245,8,4,257,0,257,--,400,143,245,257,257,Algún campo sin dato,1,db0155bb2f7384b98c1644087d45a3fd1bda3eeba3cdd533997a4671caa0b1a0,26/06/2023 01:41:32,ESCANER
5528,"Sacatepéquez",2,"Sumpango",4,563,400,26,56,5,56,9,30,11,48,2,243,12,7,262,0,262,--,400,138,243,262,262,Algún campo sin dato,1,d46d20a401dedb105d2c63fac37885a987d4c7d807c7a989e3dae7b9b68c6574,25/06/2023 23:57:57,ESCANER
5529,"Sacatepéquez",2,"Sumpango",4,563,400,27,50,4,49,9,44,12,48,4,247,12,2,261,0,261,--,400,139,247,261,261,Algún campo sin dato,1,d09bd0c0a0df34964a3524e862b55be7a94a9c26e7c64298612e1b6117b2dc8e,26/06/2023 02:19:56,ESCANER
5530,"Sacatepéquez",2,"Sumpango",4,564,400,28,60,8,60,7,27,8,38,2,238,8,1,247,0,247,--,400,153,238,247,247,Algún campo sin dato,1,73da7ef53c1ece659d60cd0574b69a3765bc08ba1f975f068962228a669610c1,26/06/2023 00:30:55,ESCANER
5531,"Sacatepéquez",2,"Sumpango",4,564,400,24,62,4,56,2,36,10,49,2,245,8,3,256,0,256,--,401,145,245,256,256,Algún campo sin dato,1,d3eddbefc3e8a173272d6929d08c508226252175c67a10e2b614aa392ee7f1db,26/06/2023 01:09:05,ESCANER
5532,"Sacatepéquez",2,"Sumpango",4,564,400,30,57,3,65,12,30,7,35,2,241,12,4,257,0,257,--,399,142,241,257,257,Algún campo sin dato,1,f09bf7fe0830bbf0e1738ec314186d8402c645749927b10874a14a0817572083,25/06/2023 23:57:42,ESCANER
5533,"Sacatepéquez",2,"Sumpango",4,564,400,24,59,7,53,5,38,11,33,4,234,7,3,244,0,244,1,400,156,234,244,244,,1,cd6627880b1257a7802e0c3f86bd8898a379818ff3e19db4e90738fd1a9cb297,26/06/2023 00:48:14,ESCANER
5534,"Sacatepéquez",2,"Sumpango",4,564,400,38,51,7,59,2,41,13,32,8,251,9,0,260,0,260,--,396,136,251,260,260,Algún campo sin dato,1,562a2d1535e18c8eb77972eba84858a0c307550550bba68a3969e7cc43a5cc9e,26/06/2023 00:49:36,ESCANER
5535,"Sacatepéquez",2,"Sumpango",4,564,400,26,55,3,56,2,37,10,33,4,226,13,0,239,0,239,--,400,161,226,239,239,Algún campo sin dato,1,a0671d053c00c63fcf8e5e127fd90fec6ae93f4a26b07eaf37c3c8e685ad765f,26/06/2023 01:50:22,ESCANER
5536,"Sacatepéquez",2,"Sumpango",4,564,400,24,54,5,59,5,38,12,34,1,232,8,2,244,0,244,2,400,156,232,242,242,Sumas Asentadas sin cuadrar,1,e64c547c38848e71b88df68ae2a3e5f93480bb8a4acd4fde8d52e06a08faa445,26/06/2023 01:28:30,ESCANER
5537,"Sacatepéquez",2,"Sumpango",4,564,400,24,58,7,59,3,36,14,35,1,237,15,3,255,0,255,--,397,142,237,255,255,Algún campo sin dato,1,5e987f9b3ca22b9da616c6905445e65970d220cf401cfe11957d9d6e8c49a17f,26/06/2023 00:20:08,ESCANER
5538,"Sacatepéquez",2,"Sumpango",4,564,400,28,75,3,54,4,37,17,31,7,256,13,1,270,0,270,--,416,146,256,270,270,Algún campo sin dato,1,7e41446619136c9b66c1a4e4a94c1d580064e2c11246da3ded18ef6a3aabaf2b,26/06/2023 00:26:31,ESCANER
5539,"Sacatepéquez",2,"Sumpango",4,564,400,29,51,1,67,5,28,14,39,4,238,6,7,251,0,251,--,400,149,238,251,251,Algún campo sin dato,1,cbd9621d36f7ba460cea85fcf77d99b46fbd13b88ec45d218342b00b17763b23,26/06/2023 01:10:45,ESCANER
5540,"Sacatepéquez",2,"Sumpango",4,564,400,18,59,4,67,3,44,12,20,5,232,15,4,251,1,252,--,400,115,232,251,252,Algún campo sin dato,1,2fc701ffc50d4ece5c4ff2650f01df2bd8edf8eebf582d5e5563bf926f3b9e0a,26/06/2023 00:47:23,ESCANER
5541,"Sacatepéquez",2,"Sumpango",4,564,400,34,66,5,51,2,27,7,26,3,221,8,3,232,0,232,--,400,168,221,232,232,Algún campo sin dato,1,553e6243cfbcf1a1c66a05db75090a15cadf8b1a4f4937b38532099905f331ed,26/06/2023 00:47:46,ESCANER
5542,"Sacatepéquez",2,"Sumpango",4,564,400,36,65,4,45,2,30,8,13,4,207,9,3,219,0,219,--,400,181,207,219,219,Algún campo sin dato,1,b6963ec1eec4ca4b59bf16cb61a2219397fc2e63a846cffb18c925adf430b455,26/06/2023 00:21:56,ESCANER
5543,"Sacatepéquez",2,"Sumpango",4,564,400,29,58,4,54,6,47,14,25,2,239,8,1,248,0,248,--,397,149,239,248,248,Algún campo sin dato,1,ea7d3a29c8cd3a2250829e4d9f5db4f817700e8ac64072feb7efe6ecdfad711b,25/06/2023 23:11:20,ESCANER
5544,"Sacatepéquez",2,"Sumpango",4,564,400,33,70,1,62,3,28,8,20,5,230,5,1,236,0,236,--,400,164,230,236,236,Algún campo sin dato,1,fe026eabe0377e4567503eed71bca2159d14cbecb371443d080d5c2dcb096718,26/06/2023 01:08:06,ESCANER
5545,"Sacatepéquez",2,"Sumpango",4,564,400,25,67,7,52,5,41,9,17,0,223,5,1,229,0,229,--,400,171,223,229,229,Algún campo sin dato,1,1ab285ddb9e7e9f59060bbe46c73408b25f71f0fd3d29c47744cdb931cd74151,26/06/2023 00:20:19,ESCANER
5546,"Sacatepéquez",2,"Sumpango",4,564,400,40,69,5,52,6,24,10,26,0,232,4,0,236,0,236,--,400,164,232,236,236,Algún campo sin dato,1,47616b044fed587f74222b6ced7f10b1a4f6a8a5c1d8a1f52c2366cdc3c0cf50,26/06/2023 03:04:03,ESCANER
5547,"Sacatepéquez",2,"Sumpango",4,564,400,28,57,5,65,2,28,12,35,2,234,2,0,236,0,236,--,400,164,234,236,236,Algún campo sin dato,1,104fbe00d5efab38fc6d6f8d12852fa11d899e08b15fa5b171860a2d4f16ee95,26/06/2023 01:38:22,ESCANER
5548,"Sacatepéquez",2,"Sumpango",4,564,361,27,37,1,49,7,30,10,16,1,178,3,1,182,0,182,--,357,175,178,182,182,Algún campo sin dato,1,108ba82c2949445ad36fe5a088616a18b9f2c47f6ec2bed1527bf5864f9edfd7,25/06/2023 23:09:25,ESCANER
5549,"Sacatepéquez",2,"Sumpango",4,564,360,17,41,6,49,6,16,6,19,2,162,11,0,173,0,173,--,360,187,162,173,173,Algún campo sin dato,1,10c169e2d9a01af8b31267537ad9b138f8a9baae8f2891cf6dd7be1150851dbf,26/06/2023 00:10:23,ESCANER
5550,"Sacatepéquez",2,"Sumpango",4,565,600,26,49,3,65,8,28,17,43,3,242,10,6,258,0,258,--,600,342,242,258,258,Algún campo sin dato,1,c4b7fc2ec55f97b9602f4350d96e173224c240231a369398910f8f63752bac0e,26/06/2023 00:43:35,ESCANER
5551,"Sacatepéquez",2,"Sumpango",4,565,600,18,59,8,74,4,31,14,48,3,259,19,6,284,0,284,--,600,316,259,284,284,Algún campo sin dato,1,dda4a86b824bf20cbcd19bccb30aeb4293b417fbaeaab6113fa7c92566a790ff,26/06/2023 00:27:50,ESCANER
5552,"Sacatepéquez",2,"Sumpango",4,565,312,13,36,3,40,4,21,10,7,3,137,5,6,148,0,148,--,312,164,137,148,148,Algún campo sin dato,1,308999de48fc38ff4ef1f9dd3e377689aef4f4628daefdcd3016614e66505177,25/06/2023 22:37:44,ESCANER
5553,"Sacatepéquez",2,"Sumpango",4,565,312,10,25,4,25,5,13,6,16,0,104,9,1,114,0,114,--,312,198,104,114,114,Algún campo sin dato,1,0fe990d4f68aaedb072035a759b08c8aca27d0178170fe9395ba1e9c96eaf239,25/06/2023 22:37:14,ESCANER