﻿TIPO_DE_ELECCIÓN:,CORPORACIÓN MUNICIPAL
28 junio 2023 21:35 (UTC -6)
ACTAS_ESPERADAS,ACTAS_CAPTURADAS,PORCENTAJE_ACTAS_CAPTURADAS,ACTAS_CONTABILIZADAS,PORCENTAJE_ACTAS_CONTABILIZADAS,ACTAS_NO_CONTABILIZADAS,LISTA_NOMINAL_ACTAS_CONTABILIZADAS,VOTOS_EMITIDOS_CONTABILIZADAS,PORCENTAJE_PARTICIPACIÓN_CIUDADANA
24,24,100.0000,24,100.0000,0,8985,6064,67.4902

MESA,DEPARTAMENTO,ID_DEPARTAMENTO,MUNICIPIO,ID_MUNICIPIO,CENTRO_DE_VOTACIÓN,PADRÓN,CABAL,VALOR,VAMOS,MLP,UNE,UR,PPN,PODEMOS,VÁLIDOS,NULOS,BLANCO,EMITIDOS,INVÁLIDOS,TOTAL,IMPUGNACIONES,PAPELETAS-RECIBIDAS,PAPELETAS-NO-USADAS,VALIDOS_CALCULADO,EMITIDOS_CALCULADO,TOTAL_CALCULADO,OBSERVACIONES,CONTABILIZADA,CÓDIGO_INTEGRIDAD,FECHA_HORA_PUBLICACIÓN,DIGITALIZACIÓN
12788,"Retalhuleu",11,"Santa Cruz Muluá",3,1744,400,73,33,88,4,62,1,5,0,266,20,5,291,0,291,--,400,109,266,291,291,Algún campo sin dato,1,54feb3dc6006c6f327c0b50dc266f88468fd2b8092f0d0167371ae5bf8c7cfd7,26/06/2023 02:26:54,ESCANER
12789,"Retalhuleu",11,"Santa Cruz Muluá",3,1744,400,45,43,73,3,79,1,12,3,259,16,4,279,0,279,--,400,121,259,279,279,Algún campo sin dato,1,2d0675549702c0ac1072e6c7149f996507c8e68106c3a16bd78cd097c5983b63,26/06/2023 01:11:40,ESCANER
12790,"Retalhuleu",11,"Santa Cruz Muluá",3,1744,400,70,40,80,3,65,0,11,2,271,13,4,288,--,288,--,400,112,271,288,288,Algún campo sin dato,1,dea17fdc8c4e6ab4b2eea988f9e5807b7b9d117618b2a9297f71d319c6ac476f,26/06/2023 00:12:10,ESCANER
12791,"Retalhuleu",11,"Santa Cruz Muluá",3,1744,400,79,48,84,6,76,0,9,2,304,10,0,314,0,314,--,400,86,304,314,314,Algún campo sin dato,1,119d9a90d87d93a390b1732ee5a86c58f5f71d93cc1e19ff1451b43621462560,26/06/2023 03:01:09,ESCANER
12792,"Retalhuleu",11,"Santa Cruz Muluá",3,1744,400,82,46,74,5,62,0,7,0,276,11,4,291,1,292,1,400,108,276,291,292,,1,8cbf8817777f2faae4b83329c9a4b3cc179445be745998b4eb76c27e4d83078c,26/06/2023 02:20:30,ESCANER
12793,"Retalhuleu",11,"Santa Cruz Muluá",3,1744,400,91,46,91,1,66,0,10,4,309,20,4,333,--,333,--,400,67,309,333,333,Algún campo sin dato,1,59e99a9b8600b4971cae70b61ea25c35a6595ea5fc70066c26279a2c6d5fd8e4,26/06/2023 02:49:41,ESCANER
12794,"Retalhuleu",11,"Santa Cruz Muluá",3,1744,400,86,64,78,3,58,0,10,2,301,27,5,333,0,333,--,400,67,301,333,333,Algún campo sin dato,1,833e97e7dc220b74cfa86773487369463acb4a9a576cd978e28dc750551ddde4,26/06/2023 02:03:04,ESCANER
12795,"Retalhuleu",11,"Santa Cruz Muluá",3,1744,400,64,50,57,2,78,0,8,1,260,8,3,271,6,277,--,400,123,260,271,277,Algún campo sin dato,1,77339a5a59130e60f9ad27daf588bb1b50b55271c16219f45c16d5b6030223d9,26/06/2023 01:33:00,ESCANER
12796,"Retalhuleu",11,"Santa Cruz Muluá",3,1744,400,70,35,64,1,66,1,4,0,241,14,5,260,0,260,--,400,140,241,260,260,Algún campo sin dato,1,96a8b9d558b6fe48b0baefeb745e6df4ab5d7186dbc0bfbad57f607abbc30806,26/06/2023 01:51:41,ESCANER
12797,"Retalhuleu",11,"Santa Cruz Muluá",3,1744,400,81,46,58,7,68,2,5,0,267,9,2,278,0,278,--,397,119,267,278,278,Algún campo sin dato,1,28c68bae9e29ae01ad7415bec4922e38d597f28c512ada72cf9cb5bf4e7d902d,26/06/2023 00:48:04,ESCANER
12798,"Retalhuleu",11,"Santa Cruz Muluá",3,1744,400,70,39,78,9,65,0,8,2,271,10,4,285,0,285,--,400,115,271,285,285,Algún campo sin dato,1,3fa8faec70eaee403ce6a95b007b05b9184fd18314bb8ee05029850d2b48af5e,25/06/2023 23:44:36,ESCANER
12799,"Retalhuleu",11,"Santa Cruz Muluá",3,1744,400,77,26,62,1,62,3,8,2,241,3,1,245,7,252,--,400,148,241,245,252,Algún campo sin dato,1,807f74bdf1d89dbc2c3f505d4a56f298da418fbc28d0cd1f838b8eaf1f2770f9,26/06/2023 01:01:33,ESCANER
12800,"Retalhuleu",11,"Santa Cruz Muluá",3,1744,400,71,52,57,6,69,0,10,1,266,8,0,274,0,274,--,400,126,266,274,274,Algún campo sin dato,1,6a5484f55949552c370e2c69d8eea71517f62c10bfd1979e3a4213f1d7596c27,26/06/2023 01:35:32,ESCANER
12801,"Retalhuleu",11,"Santa Cruz Muluá",3,1744,400,78,33,74,4,61,0,6,4,260,8,0,268,0,268,2,400,130,260,268,268,,1,3cb18760fdec512c692d32557bae08d53caf7aa67e60a686c3dadac2bf496f4f,26/06/2023 00:33:00,ESCANER
12802,"Retalhuleu",11,"Santa Cruz Muluá",3,1744,400,100,27,80,5,75,0,6,2,295,2,0,297,0,297,--,400,103,295,297,297,Algún campo sin dato,1,4893ad2947af729577bd6604aaa76d9813fd06b70f0d2bf7e9c597972d2470ea,26/06/2023 00:37:10,ESCANER
12803,"Retalhuleu",11,"Santa Cruz Muluá",3,1744,323,64,39,70,1,62,0,6,0,242,0,0,242,0,242,--,321,79,242,242,242,Algún campo sin dato,1,fc685a9a9de84cd7756c188cf5d14ccb0de130371f9106b13f81458dbfe0049c,26/06/2023 02:18:33,ESCANER
12804,"Retalhuleu",11,"Santa Cruz Muluá",3,1744,322,46,31,38,2,49,0,6,0,172,1,0,173,0,173,--,323,150,172,173,173,Algún campo sin dato,1,1d279cb2fec098a4d873e62fedd929834dba5a995d904c314e0258cc986ed730,25/06/2023 23:20:09,ESCANER
12805,"Retalhuleu",11,"Santa Cruz Muluá",3,1745,400,21,69,69,20,69,4,1,0,253,22,5,280,0,280,--,397,117,253,280,280,Algún campo sin dato,1,74f2b9890d9abab9208b13910b472f6a3522b93f348dd771d7d3f31de885c03b,26/06/2023 01:52:28,ESCANER
12806,"Retalhuleu",11,"Santa Cruz Muluá",3,1745,400,10,81,93,27,32,2,1,0,246,16,4,266,0,266,--,400,134,246,266,266,Algún campo sin dato,1,9fef8bb148b35d2049d5b89f444c49b52c79bb3fe5666316b990b9c770973522,26/06/2023 01:08:56,ESCANER
12807,"Retalhuleu",11,"Santa Cruz Muluá",3,1745,400,12,75,79,7,33,3,3,1,213,16,4,233,0,233,--,400,167,213,233,233,Algún campo sin dato,1,890d8e65d7f5c551c350a42c6be6ca25599a960b878269305faf8613adb44e8c,26/06/2023 00:26:37,ESCANER
12808,"Retalhuleu",11,"Santa Cruz Muluá",3,1745,400,12,60,69,16,49,3,2,0,211,22,3,236,0,236,--,400,164,211,236,236,Algún campo sin dato,1,d29f0dc8e59609245341900ce3c2d8c622c3f6658b37abe81af96fd7ddba5aed,26/06/2023 01:59:55,ESCANER
12809,"Retalhuleu",11,"Santa Cruz Muluá",3,1745,202,8,40,49,7,15,3,2,1,125,4,1,130,0,130,0,203,73,125,130,130,,1,970888e9b198fe312af94a1dbabc624e59c24b1b9ccbe5389195fce005452b15,25/06/2023 23:27:04,ESCANER
12810,"Retalhuleu",11,"Santa Cruz Muluá",3,1745,201,9,33,39,7,26,2,1,0,117,3,0,120,0,120,--,202,82,117,120,120,Algún campo sin dato,1,e7daff7c9783eb2be4efca5f1212c0ed539d11ecb0556f3a2e4f895920ba4f8b,25/06/2023 23:42:57,ESCANER
12811,"Retalhuleu",11,"Santa Cruz Muluá",3,1746,337,25,13,16,2,14,0,4,0,74,3,0,77,0,77,--,337,260,74,77,77,Algún campo sin dato,1,1ef69daa122f9053dcca909a45d2efa44a47ec297ea151da8780f3117138f8fd,26/06/2023 00:11:22,ESCANER