﻿TIPO_DE_ELECCIÓN:,CORPORACIÓN MUNICIPAL
28 junio 2023 21:35 (UTC -6)
ACTAS_ESPERADAS,ACTAS_CAPTURADAS,PORCENTAJE_ACTAS_CAPTURADAS,ACTAS_CONTABILIZADAS,PORCENTAJE_ACTAS_CONTABILIZADAS,ACTAS_NO_CONTABILIZADAS,LISTA_NOMINAL_ACTAS_CONTABILIZADAS,VOTOS_EMITIDOS_CONTABILIZADAS,PORCENTAJE_PARTICIPACIÓN_CIUDADANA
51,51,100.0000,51,100.0000,0,19179,15018,78.3043

MESA,DEPARTAMENTO,ID_DEPARTAMENTO,MUNICIPIO,ID_MUNICIPIO,CENTRO_DE_VOTACIÓN,PADRÓN,VAMOS,CABAL,UNE,MLP,TODOS,AZUL,VICTORIA,SEMILLA,VOS,VIVA,PODEMOS,PPN,CCEA,CCSP,VÁLIDOS,NULOS,BLANCO,EMITIDOS,INVÁLIDOS,TOTAL,IMPUGNACIONES,PAPELETAS-RECIBIDAS,PAPELETAS-NO-USADAS,VALIDOS_CALCULADO,EMITIDOS_CALCULADO,TOTAL_CALCULADO,OBSERVACIONES,CONTABILIZADA,CÓDIGO_INTEGRIDAD,FECHA_HORA_PUBLICACIÓN,DIGITALIZACIÓN
9553,"Sololá",7,"San Lucas Tolimán",13,1189,400,56,27,19,31,23,4,30,2,3,15,3,53,8,23,297,12,6,315,0,315,--,404,89,297,315,315,Algún campo sin dato,1,790e3070eb9b747141df0bbfbb50ef44d260b6579f97a7173a6ae0becf348847,26/06/2023 02:23:19,ESCANER
9554,"Sololá",7,"San Lucas Tolimán",13,1189,400,61,32,31,27,14,1,28,3,7,9,7,58,7,28,313,8,1,322,0,322,--,400,78,313,322,322,Algún campo sin dato,1,be239bacca0af649b20f51a85945ffe317a3f139c6ba8c88edb44691207658a0,26/06/2023 02:29:56,ESCANER
9555,"Sololá",7,"San Lucas Tolimán",13,1189,400,57,17,21,35,26,7,20,3,2,14,8,43,22,26,301,8,6,315,0,315,--,404,89,301,315,315,Algún campo sin dato,1,df97cca0a964a196c10550fec420a268f9cb1f99a82930f14641ae19fb04a226,26/06/2023 02:40:32,ESCANER
9556,"Sololá",7,"San Lucas Tolimán",13,1189,400,65,18,35,43,24,1,16,1,5,6,6,62,3,25,310,7,6,323,0,323,--,400,77,310,323,323,Algún campo sin dato,1,75de2945d5565cc03087f795d240b4839c37ad35f93db3d6dba6d9b9cad5b73e,26/06/2023 03:07:44,ESCANER
9557,"Sololá",7,"San Lucas Tolimán",13,1189,400,54,34,24,35,23,4,18,2,1,17,4,47,9,23,295,16,7,318,0,318,--,400,82,295,318,318,Algún campo sin dato,1,929b0ff75b80212152292ecc6a7cf81dc619b22877ffc3243ad54f59307b2867,26/06/2023 03:00:50,ESCANER
9558,"Sololá",7,"San Lucas Tolimán",13,1189,400,57,16,33,39,19,2,22,0,5,9,4,61,6,32,305,18,7,330,0,330,--,400,70,305,330,330,Algún campo sin dato,1,62223c353ac6cddee231d246f88913a757dbd93ef401239052b456ee6f1420f9,26/06/2023 02:36:19,ESCANER
9559,"Sololá",7,"San Lucas Tolimán",13,1189,400,60,22,22,43,21,4,28,2,3,8,5,65,3,28,314,6,4,324,0,324,--,404,80,314,324,324,Algún campo sin dato,1,2047c7f8f2204a686182cca10cc0b3f361425b843cbb717b62dd2a34c68adc04,26/06/2023 02:49:21,ESCANER
9560,"Sololá",7,"San Lucas Tolimán",13,1189,400,52,24,47,39,27,1,17,2,7,12,2,51,11,26,318,8,3,329,0,329,--,400,71,318,329,329,Algún campo sin dato,1,fb9268d465118d9e8ba88ade639d9d055bc62068693e64c1ae4289ca64919a90,26/06/2023 01:23:44,ESCANER
9561,"Sololá",7,"San Lucas Tolimán",13,1189,400,59,23,26,26,22,0,18,2,8,9,4,66,21,22,306,11,4,321,79,400,--,400,79,306,321,400,Algún campo sin dato,1,85c0ca9eeb4921435ea39f2adb80ae68ad65f832908cb75d69b6b57d5eda9245,26/06/2023 02:16:29,ESCANER
9562,"Sololá",7,"San Lucas Tolimán",13,1189,400,51,20,28,46,23,3,21,1,2,12,8,62,12,27,316,10,2,328,0,328,--,403,75,316,328,328,Algún campo sin dato,1,7517c193ac22ab493e6e2cf7acf2c07b96b6b8beedd25e52e3d548b4b48fb84f,26/06/2023 00:32:37,ESCANER
9563,"Sololá",7,"San Lucas Tolimán",13,1190,400,58,35,15,33,32,3,25,2,6,11,4,57,10,27,318,10,3,331,0,331,--,400,69,318,331,331,Algún campo sin dato,1,475f1e2202a4b7f22086dfd31bfea50466a5606f07ac52daa1ec53963a82e013,26/06/2023 01:45:09,ESCANER
9564,"Sololá",7,"San Lucas Tolimán",13,1190,400,65,30,28,29,32,2,13,0,3,16,5,70,19,20,332,13,3,16,0,348,--,400,52,332,348,348,Sumas Asentadas sin cuadrar,1,3323a123b8ef8477326d974e697e32a0fb6f7bc704b929f53fd12d903c102973,26/06/2023 01:20:43,ESCANER
9565,"Sololá",7,"San Lucas Tolimán",13,1190,400,67,16,21,47,34,2,22,0,7,8,5,48,11,26,314,15,4,333,0,333,--,400,67,314,333,333,Algún campo sin dato,1,436bc4bfae502076693390cdb91bdf08c90befe49257433a425b01a141193a8b,26/06/2023 00:47:14,ESCANER
9566,"Sololá",7,"San Lucas Tolimán",13,1190,400,60,23,35,31,27,1,36,1,5,16,3,42,7,23,310,4,1,315,0,315,--,400,85,310,315,315,Algún campo sin dato,1,70f707ad050ad9469ff60dd9c8740391a74d3398984bfc832169932696d87785,26/06/2023 00:33:46,ESCANER
9567,"Sololá",7,"San Lucas Tolimán",13,1190,400,72,26,31,34,31,0,26,3,4,12,8,46,7,11,311,3,3,317,0,317,--,400,83,311,317,317,Algún campo sin dato,1,10a571633d0980071032461d79cc334a33edc0e7bba0e88ab5f220051e4d004a,26/06/2023 01:53:33,ESCANER
9568,"Sololá",7,"San Lucas Tolimán",13,1191,400,60,25,30,41,17,2,27,1,6,14,1,48,5,28,305,5,2,312,0,312,--,400,88,305,312,312,Algún campo sin dato,1,2e3ddf71e41e930ba52b86e73f44c209eb60d9480a840fc0eacc36d2bb23334e,26/06/2023 03:17:02,ESCANER
9569,"Sololá",7,"San Lucas Tolimán",13,1191,400,62,21,27,39,19,5,25,2,2,12,3,55,6,19,297,6,3,306,0,306,--,400,94,297,306,306,Algún campo sin dato,1,44e667329e28df18ee092b21f79484c995ad4b309dd91ff50d7727384448c726,26/06/2023 02:02:24,ESCANER
9570,"Sololá",7,"San Lucas Tolimán",13,1192,400,45,28,17,41,40,2,27,0,3,6,9,47,16,21,302,4,2,308,0,308,--,400,92,302,308,308,Algún campo sin dato,1,6f57e1e88e67817153c7e604268042b1a3137208f320f0d5bcf0a61c5de87d66,26/06/2023 02:00:25,ESCANER
9571,"Sololá",7,"San Lucas Tolimán",13,1192,400,44,24,22,45,20,2,34,0,1,16,8,61,10,29,316,8,3,327,--,--,--,400,73,316,327,327,Algún campo sin dato,1,55505af41f1f230d66a36ac7e9c2a2637ee96978c092a41e823a101c57610bad,26/06/2023 01:08:44,ESCANER
9572,"Sololá",7,"San Lucas Tolimán",13,1192,400,46,32,19,45,22,2,29,2,0,13,5,64,7,21,307,10,2,319,81,400,--,400,81,307,319,400,Algún campo sin dato,1,967e3af306093bad381e8c5c0668b0d0fa9327dd65d8258b3c9bae8d253dd7c7,26/06/2023 02:40:05,ESCANER
9573,"Sololá",7,"San Lucas Tolimán",13,1192,400,65,25,20,38,25,3,33,1,1,12,7,42,10,31,313,5,3,321,0,321,--,400,79,313,321,321,Algún campo sin dato,1,f02db395902ce46d23d771fb786229903f61f771804751090d1a1be53b329352,26/06/2023 01:11:01,ESCANER
9574,"Sololá",7,"San Lucas Tolimán",13,1193,400,46,26,19,30,22,3,32,3,3,8,6,54,7,19,278,7,4,289,0,289,--,400,111,278,289,289,Algún campo sin dato,1,4dd8ba6b7e2b8867aa3186c9d336140278686d6acdeb1b0634798475570babdc,26/06/2023 00:32:23,ESCANER
9575,"Sololá",7,"San Lucas Tolimán",13,1193,400,51,26,35,50,31,2,28,2,2,9,3,43,6,18,306,2,0,308,0,308,--,400,92,306,308,308,Algún campo sin dato,1,da41ab336008355b9a18ff177140da7f0834c3ff1b7809e8d52a7f2ada96752a,26/06/2023 01:41:18,ESCANER
9576,"Sololá",7,"San Lucas Tolimán",13,1193,400,35,26,28,58,24,0,26,4,4,16,6,46,14,15,302,1,0,303,0,303,--,400,97,302,303,303,Algún campo sin dato,1,c6fae5b8aaaf2a9ac3250e3cfba64564577c18c342dab47f69814d6cf16f601b,26/06/2023 01:34:20,ESCANER
9577,"Sololá",7,"San Lucas Tolimán",13,1193,400,43,27,21,48,25,4,32,2,6,5,5,55,13,20,306,4,0,310,0,310,--,400,90,306,310,310,Algún campo sin dato,1,450218750e0bb60ed5cb39eec58ec6589e1a62013ecc1021c510f1e1c158be48,26/06/2023 01:07:27,ESCANER
9578,"Sololá",7,"San Lucas Tolimán",13,1193,400,40,25,22,51,27,1,34,6,2,7,4,57,7,23,306,2,0,308,0,308,--,400,92,306,308,308,Algún campo sin dato,1,3e682759f02fc68001a3578e8b31de204d84234a957031c4077f5c8a57b8d024,26/06/2023 01:26:47,ESCANER
9579,"Sololá",7,"San Lucas Tolimán",13,1193,400,52,31,22,40,27,6,22,1,2,10,2,44,8,25,292,5,0,297,0,297,--,400,103,292,297,297,Algún campo sin dato,1,5d7bb5db4e2e016067111b6668362055d9ae868d44a9159c299d080f9c0de8de,26/06/2023 01:12:56,ESCANER
9580,"Sololá",7,"San Lucas Tolimán",13,1193,400,49,24,27,27,31,2,19,0,8,14,7,53,3,15,279,3,1,283,0,283,--,400,117,279,283,283,Algún campo sin dato,1,4c336688971ed4deb9995bd2162a9608f0e97f0b6093872712ea1e0dee03345b,26/06/2023 01:05:16,ESCANER
9581,"Sololá",7,"San Lucas Tolimán",13,1193,287,31,19,14,24,16,2,31,1,1,7,5,26,9,13,199,3,0,202,--,202,--,287,85,199,202,202,Algún campo sin dato,1,9d6be2c20e70964d9ab1e1727c651ed54499089f1fe401c71ac7ff206711ec32,26/06/2023 00:27:15,ESCANER
9582,"Sololá",7,"San Lucas Tolimán",13,1193,286,29,16,14,22,16,5,26,1,1,8,0,34,4,15,191,4,0,195,0,195,--,286,91,191,195,195,Algún campo sin dato,1,c1e527515b493db69bb75f0ce258a7be4ed4c70f8d0111023ce62b07f64b9434,25/06/2023 22:37:45,ESCANER
9583,"Sololá",7,"San Lucas Tolimán",13,1194,380,97,87,29,5,21,2,5,8,8,4,0,54,6,1,327,9,3,339,0,339,--,380,41,327,339,339,Algún campo sin dato,1,2f99f62c738205cda9615f41e6047f840b1a76d8b02104990a8f4c3e6f1c5e33,25/06/2023 23:48:12,ESCANER
9584,"Sololá",7,"San Lucas Tolimán",13,1194,380,92,105,20,6,18,1,5,5,9,0,0,59,2,4,326,13,0,339,0,339,--,380,41,326,339,339,Algún campo sin dato,1,65960d305778d9373ec4fed1f52edaee54db6031588f7d195b98ce5cd04d58cd,26/06/2023 01:02:33,ESCANER
9585,"Sololá",7,"San Lucas Tolimán",13,1194,380,109,92,21,11,32,1,7,11,7,0,0,38,0,1,330,6,0,336,0,336,--,380,44,330,336,336,Algún campo sin dato,1,9b387008b252465d8b508829ed4ae82d99124bc07228eb53927ad74b7d1b2f62,26/06/2023 01:40:24,ESCANER
9586,"Sololá",7,"San Lucas Tolimán",13,1194,380,76,90,13,5,33,0,11,16,10,3,0,36,3,4,300,7,0,307,0,307,--,380,73,300,307,307,Algún campo sin dato,1,7e5b9c24f348bb7cd421bdadef8eeda379d6b7e790708ad1a772a28caa9e6e55,26/06/2023 00:55:37,ESCANER
9587,"Sololá",7,"San Lucas Tolimán",13,1194,326,85,79,14,3,15,1,1,5,4,1,0,31,7,2,248,0,0,248,0,248,--,326,78,248,248,248,Algún campo sin dato,1,8e02d322f22ff8f16372152f31f90ebe2bc9216945d1f3fb424ce7f716c86524,26/06/2023 00:43:32,ESCANER
9588,"Sololá",7,"San Lucas Tolimán",13,1194,326,79,71,13,8,18,0,10,11,5,0,0,37,4,4,260,2,0,262,0,262,--,326,64,260,262,262,Algún campo sin dato,1,90a82dde9c9e51c9f739a6a04d622fe3d366ef4685c1d6e1f991ea4eb844b3c8,25/06/2023 23:33:10,ESCANER
9589,"Sololá",7,"San Lucas Tolimán",13,1195,380,100,78,39,4,41,5,3,6,4,3,--,27,1,--,311,10,7,328,0,328,--,380,52,311,328,328,Algún campo sin dato,1,7d5ba6ce95be864d343619d125dc854588e23d80821cd5aff4f418f218370bf3,26/06/2023 00:05:24,ESCANER
9590,"Sololá",7,"San Lucas Tolimán",13,1195,380,91,88,53,3,41,3,3,3,3,3,0,33,1,0,325,11,6,342,0,342,--,380,38,325,342,342,Algún campo sin dato,1,8b6e711e4344687f100f34fb1bfe94e79fe1c09cb4f1df41bf5e14d115939c13,25/06/2023 23:56:03,ESCANER
9591,"Sololá",7,"San Lucas Tolimán",13,1195,380,76,89,49,3,44,1,1,3,5,3,2,43,1,0,320,18,8,346,0,346,--,380,34,320,346,346,Algún campo sin dato,1,b3922ae5a7fd9601e4e1e447004612744ae95f64f05d953ad939a9e2e8727dbe,26/06/2023 01:11:39,ESCANER
9592,"Sololá",7,"San Lucas Tolimán",13,1195,380,81,71,33,9,41,4,4,9,4,3,2,25,3,3,292,4,1,297,0,297,--,380,83,292,297,297,Algún campo sin dato,1,3b9c88c557ff9df31e1fa990fb2d0f8bbc382eb7234e45ede9b06c99e6458ca5,26/06/2023 00:41:36,ESCANER
9593,"Sololá",7,"San Lucas Tolimán",13,1195,380,70,64,33,10,40,8,2,0,4,2,1,40,4,0,278,4,1,283,0,283,--,380,97,278,283,283,Algún campo sin dato,1,8ccdfdfc5991f3fc6a8cbc398690dc85e219893a0025229ad641086c6725bdcc,25/06/2023 23:53:03,ESCANER
9594,"Sololá",7,"San Lucas Tolimán",13,1195,201,41,37,24,5,21,2,0,2,1,3,0,14,0,1,151,2,2,155,0,155,--,201,46,151,155,155,Algún campo sin dato,1,16cb4b65fc718328e3f3892ca1f925ffc3873ca505ac065f94ed6436691404e9,26/06/2023 00:08:16,ESCANER
9595,"Sololá",7,"San Lucas Tolimán",13,1195,200,52,33,16,3,19,1,3,0,3,2,1,22,0,1,156,2,1,159,0,159,--,200,41,156,159,159,Algún campo sin dato,1,6cab94095e569a20a482815f6aee89e83556687e8ac7a4226419b6bc283a8025,25/06/2023 23:49:04,ESCANER
9596,"Sololá",7,"San Lucas Tolimán",13,1196,380,34,41,81,3,67,0,33,0,19,3,0,15,1,1,298,4,2,304,0,304,--,380,76,298,304,304,Algún campo sin dato,1,05b3b23497c50921fa59a30cf76e7b8ac8432abcfcdf42ca144d9151b015494f,25/06/2023 22:55:52,ESCANER
9597,"Sololá",7,"San Lucas Tolimán",13,1196,380,40,42,98,2,62,1,23,1,7,3,1,17,1,1,299,17,5,321,0,321,--,380,59,299,321,321,Algún campo sin dato,1,523a1d63cfcfdca5cb400a0ff0e85687ee7b84222b01186c437a7eae5c577d48,26/06/2023 01:28:15,ESCANER
9598,"Sololá",7,"San Lucas Tolimán",13,1196,380,48,41,93,2,52,1,25,0,15,3,1,18,2,4,305,3,0,308,4,312,--,380,68,305,308,312,Algún campo sin dato,1,5557e8e6b274adc2ab7f61888d1c20ba8c19e7989676ad172115334949fa494c,26/06/2023 01:15:18,ESCANER
9599,"Sololá",7,"San Lucas Tolimán",13,1196,380,32,43,74,0,42,2,31,0,21,1,1,22,0,0,269,10,4,283,0,283,--,380,97,269,283,283,Algún campo sin dato,1,43bd42e12c2538c9d0a4c5b465f8134f8d72072b1cf7663cb723035b0712d987,26/06/2023 00:09:30,ESCANER
9600,"Sololá",7,"San Lucas Tolimán",13,1196,379,26,39,65,2,61,0,33,1,14,1,1,14,0,1,258,2,2,262,0,262,--,376,114,258,262,262,Algún campo sin dato,1,351f66c8652f15ecf961bb2754b6c781c68cc9c470b088ebb1f4eaea7fcaf23d,26/06/2023 00:36:33,ESCANER
9601,"Sololá",7,"San Lucas Tolimán",13,1196,379,21,41,66,3,57,0,28,0,19,1,1,19,0,0,256,1,0,257,8,376,--,376,119,256,257,265,Sumas Asentadas sin cuadrar,1,b24d92524c23113fec07a12f4f3b58137218102047e77866dbb268429d915b2d,26/06/2023 01:40:29,ESCANER
9602,"Sololá",7,"San Lucas Tolimán",13,1197,328,21,12,9,16,11,1,9,2,0,8,4,18,7,13,131,7,6,144,0,144,--,328,184,131,144,144,Algún campo sin dato,1,ab312bd4b447622ff647e1cb5c38ac0bea39324ea64952bd69e5969fe6d43f54,25/06/2023 23:37:58,ESCANER
9603,"Sololá",7,"San Lucas Tolimán",13,1197,327,22,8,11,20,7,2,6,3,2,10,3,22,4,12,132,6,3,141,0,141,1,327,185,132,141,141,,1,31f015c44d80ff8438a61fbf31073cff167f82c5ac3873ecd19e803751d51897,26/06/2023 00:45:26,ESCANER