﻿TIPO_DE_ELECCIÓN:,CORPORACIÓN MUNICIPAL
28 junio 2023 21:35 (UTC -6)
ACTAS_ESPERADAS,ACTAS_CAPTURADAS,PORCENTAJE_ACTAS_CAPTURADAS,ACTAS_CONTABILIZADAS,PORCENTAJE_ACTAS_CONTABILIZADAS,ACTAS_NO_CONTABILIZADAS,LISTA_NOMINAL_ACTAS_CONTABILIZADAS,VOTOS_EMITIDOS_CONTABILIZADAS,PORCENTAJE_PARTICIPACIÓN_CIUDADANA
33,33,100.0000,33,100.0000,0,11962,8191,68.4751

MESA,DEPARTAMENTO,ID_DEPARTAMENTO,MUNICIPIO,ID_MUNICIPIO,CENTRO_DE_VOTACIÓN,PADRÓN,UNE,MLP,VAMOS,CABAL,VALOR,BIEN,VÁLIDOS,NULOS,BLANCO,EMITIDOS,INVÁLIDOS,TOTAL,IMPUGNACIONES,PAPELETAS-RECIBIDAS,PAPELETAS-NO-USADAS,VALIDOS_CALCULADO,EMITIDOS_CALCULADO,TOTAL_CALCULADO,OBSERVACIONES,CONTABILIZADA,CÓDIGO_INTEGRIDAD,FECHA_HORA_PUBLICACIÓN,DIGITALIZACIÓN
10355,"Totonicapán",8,"Santa Lucía La Reforma",7,1363,400,103,4,99,1,17,0,224,11,6,241,0,241,0,400,159,224,241,241,,1,a300c8d09f0e7cfea1a699042224c31982e8cdaee29819df775e635fd77d153d,26/06/2023 01:31:42,ESCANER
10356,"Totonicapán",8,"Santa Lucía La Reforma",7,1363,400,129,5,94,1,17,1,247,9,7,263,0,263,1,400,136,247,263,263,,1,647b66c2b240e9bc04318f7d6f23d533881aacd8cecbb242428778ebcbe5753e,26/06/2023 01:49:27,ESCANER
10357,"Totonicapán",8,"Santa Lucía La Reforma",7,1363,400,172,9,105,0,5,0,291,9,8,308,0,308,0,400,92,291,308,308,,1,def94c215a77bbe18c1baa654d83597a3ae109d4edee23b2a605d17faad56d12,26/06/2023 00:52:57,ESCANER
10358,"Totonicapán",8,"Santa Lucía La Reforma",7,1363,400,164,3,111,4,6,2,290,18,7,315,0,315,0,400,85,290,315,315,,1,1335825f342ec2783b2d974912b7c5b306c0bae196ba51e6243fed090000a3fb,26/06/2023 01:16:57,ESCANER
10359,"Totonicapán",8,"Santa Lucía La Reforma",7,1363,400,140,2,108,2,0,3,255,8,5,268,0,268,0,400,132,255,268,268,,1,8e62d6b94547018d28b36de2139dadb8325b407f71b58e4ee5a3ee35add6f216,26/06/2023 00:49:15,ESCANER
10360,"Totonicapán",8,"Santa Lucía La Reforma",7,1363,400,143,5,125,4,13,3,293,9,11,313,0,313,0,400,87,293,313,313,,1,48171e27ceb176f014375ad03d3f14faf877a560436b83b9a5eea9f72d4b11d0,26/06/2023 01:10:17,ESCANER
10361,"Totonicapán",8,"Santa Lucía La Reforma",7,1363,400,151,7,88,6,18,1,271,19,8,298,0,298,0,400,102,271,298,298,,1,d4dccc1a82edb063683645e0efbdc5fa46b995a893b856c466094e3891351ffd,26/06/2023 01:15:33,ESCANER
10362,"Totonicapán",8,"Santa Lucía La Reforma",7,1363,400,183,6,95,1,7,1,293,9,12,314,0,314,0,400,86,293,314,314,,1,c2234e6535856559d6baf0d3017a26511ea7ededb7fdcc17b8dbc8ba7a6d7f8d,26/06/2023 01:25:44,ESCANER
10363,"Totonicapán",8,"Santa Lucía La Reforma",7,1363,400,173,1,98,0,5,1,278,17,3,298,0,298,0,398,100,278,298,298,,1,04140f6b6d0e72ec4fe4cfff116ffb0ddef6796f208420a97564a1f792f5f744,26/06/2023 00:51:56,ESCANER
10364,"Totonicapán",8,"Santa Lucía La Reforma",7,1363,400,173,3,90,1,12,2,281,3,2,286,0,286,0,400,114,281,286,286,,1,c1cd16f71e28dafc5f6a49500881a82b015763c6f6f130163297932409204f28,25/06/2023 23:41:45,ESCANER
10365,"Totonicapán",8,"Santa Lucía La Reforma",7,1363,400,148,1,82,1,3,0,235,4,5,244,0,244,0,400,156,235,244,244,,1,a931811266c96d7a86f784be62e564104db19af8363b5eece7f9b33e22a6d461,26/06/2023 00:16:23,ESCANER
10366,"Totonicapán",8,"Santa Lucía La Reforma",7,1363,400,123,1,88,1,7,0,220,7,4,231,0,231,0,400,169,220,231,231,,1,bb3c2f0c03595272b3b7ca89535945394d42b7e6fd8d16266c323bae7b48fe98,25/06/2023 23:09:18,ESCANER
10367,"Totonicapán",8,"Santa Lucía La Reforma",7,1363,400,128,4,67,4,5,3,211,7,4,222,0,222,--,400,178,211,222,222,Algún campo sin dato,1,64c45a0420821e5076c2731a41497cf96d9ac041af160b26c71816e374efe9a4,25/06/2023 23:39:04,ESCANER
10368,"Totonicapán",8,"Santa Lucía La Reforma",7,1363,400,114,2,78,0,4,1,199,3,4,206,0,206,0,400,194,199,206,206,,1,5292679399a8d97b7730f17176dc066235d2f097e6897628f7f502a4f9115e7e,25/06/2023 22:43:44,ESCANER
10369,"Totonicapán",8,"Santa Lucía La Reforma",7,1363,400,147,4,72,1,9,0,233,4,1,238,0,238,0,400,162,233,238,238,,1,2fca83d2d776f5fc53bfbaa30348a5b914fb296095194389f9d67544a62c7d75,25/06/2023 23:17:19,ESCANER
10370,"Totonicapán",8,"Santa Lucía La Reforma",7,1363,400,144,2,72,4,5,0,227,1,0,228,0,228,0,400,172,227,228,228,,1,8c50f46b3ea371db6b575abcffe94a797db2ac969576ca257199bad63d3a304c,26/06/2023 01:49:57,ESCANER
10371,"Totonicapán",8,"Santa Lucía La Reforma",7,1363,400,129,2,68,1,11,0,211,3,0,214,0,214,0,400,186,211,214,214,,1,6e204b67884caf7a794f3d6e35ea8ebb983ea71b69c48b9ba00cb49aec5d39f8,25/06/2023 23:01:43,ESCANER
10372,"Totonicapán",8,"Santa Lucía La Reforma",7,1363,234,86,1,44,2,2,0,135,2,0,137,0,137,0,233,96,135,137,137,,1,ff63a6c156da6d2475c14b77e01f1ebffc9b0c164aab93778929887c6ea66356,25/06/2023 22:48:03,ESCANER
10373,"Totonicapán",8,"Santa Lucía La Reforma",7,1363,233,80,0,34,1,4,0,119,2,1,122,0,122,--,234,112,119,122,122,Algún campo sin dato,1,6747e6527a226d0c5a561b76913980ad19a8c2b0d299caca11ef1cb80a6c2bc0,25/06/2023 21:02:42,ESCANER
10374,"Totonicapán",8,"Santa Lucía La Reforma",7,1364,380,138,5,112,2,11,2,270,8,16,294,0,294,0,380,86,270,294,294,,1,8565ce95f53d55d47b3caecf2d299bd41a91b71620cb1fa6f69ba27a46963107,25/06/2023 23:51:49,ESCANER
10375,"Totonicapán",8,"Santa Lucía La Reforma",7,1364,380,154,5,126,6,10,7,308,15,7,330,0,330,0,378,48,308,330,330,,1,3a3ec87c21c7d0d20265d29b19ba0a69f1eabbc7260e6e5268840605ee300638,26/06/2023 01:34:04,ESCANER
10376,"Totonicapán",8,"Santa Lucía La Reforma",7,1364,380,171,2,115,2,8,1,299,3,4,306,0,306,0,380,74,299,306,306,,1,ef3dca7ea3693293944e65110e904c7e32b9b949099e86c1b91a40e64ba340c3,26/06/2023 00:40:06,ESCANER
10377,"Totonicapán",8,"Santa Lucía La Reforma",7,1364,380,132,1,121,4,5,2,265,3,4,272,0,272,0,380,108,265,272,272,,1,29b4dca10ae07ad1cb5ca9e444a8a909594d900d582c2b8a2f8e1fd2dcbbc9ba,26/06/2023 00:23:19,ESCANER
10378,"Totonicapán",8,"Santa Lucía La Reforma",7,1364,380,145,2,95,2,10,2,256,3,4,263,0,263,--,380,117,256,263,263,Algún campo sin dato,1,47d1f87a279a6d5a5e884912ec04fcac05946da93aabe669419d11bf625f67aa,26/06/2023 00:11:42,ESCANER
10379,"Totonicapán",8,"Santa Lucía La Reforma",7,1364,380,153,3,85,1,13,2,257,4,4,265,0,265,0,380,115,257,265,265,,1,ccc248df9f4507b825eb8f26e48dc6df95bfb0310d7bdebf08c7288d077746a4,25/06/2023 23:33:26,ESCANER
10380,"Totonicapán",8,"Santa Lucía La Reforma",7,1364,239,76,3,66,1,7,0,153,0,3,156,0,156,0,236,80,153,156,156,,1,d6ff8758f13087c6ed6632e6d0e7be52574fb9fa26eeaaea1c665de09e926928,25/06/2023 21:51:53,ESCANER
10381,"Totonicapán",8,"Santa Lucía La Reforma",7,1364,239,85,2,61,1,5,0,154,0,4,158,0,158,0,239,81,154,158,158,,1,3de5f79ae91d3471ca7b49f73a849e7bc7578c4791fd9e2b6b4163d0672d42af,25/06/2023 22:44:36,ESCANER
10382,"Totonicapán",8,"Santa Lucía La Reforma",7,1365,380,192,3,73,0,1,1,270,7,9,286,0,286,0,380,94,270,286,286,,1,52b166cf6df1afc5c183a9304f4680cd562aee6808b19047ae2fa9d472cd84df,26/06/2023 00:49:24,ESCANER
10383,"Totonicapán",8,"Santa Lucía La Reforma",7,1365,380,199,7,99,1,3,2,311,7,16,334,0,334,0,380,46,311,334,334,,1,3f70ad43319738932017b1a0ee38ad4a2f8dd1c57f8824e36661f546c0e46d30,26/06/2023 02:06:42,ESCANER
10384,"Totonicapán",8,"Santa Lucía La Reforma",7,1365,380,177,1,79,1,7,1,266,9,8,283,0,283,0,380,97,266,283,283,,1,b1587f449b6967e2befbfc6204da3de8ac59f0b9e937b0f8c42675231c01d329,26/06/2023 00:16:17,ESCANER
10385,"Totonicapán",8,"Santa Lucía La Reforma",7,1366,380,173,6,62,2,4,1,248,4,0,252,0,252,0,378,126,248,252,252,,1,3704e0aafee567bdf5963d7b5e1668d76a6a438ea66b27d2eb6765ed8dda6fe7,26/06/2023 00:43:36,ESCANER
10386,"Totonicapán",8,"Santa Lucía La Reforma",7,1366,209,95,4,29,1,3,0,132,2,1,135,0,135,0,209,74,132,135,135,,1,3d6cdffde8efd803dbe8e7e1983845e8e7631743335b0d97a77fe28c82a230eb,25/06/2023 21:03:11,ESCANER
10387,"Totonicapán",8,"Santa Lucía La Reforma",7,1366,208,82,1,22,1,1,0,107,1,3,111,0,111,0,208,97,107,111,111,,1,b4a9966a6eb5fbce5e3667886f84f3a122a26e1489ada162f3e6ee3b557750bb,25/06/2023 21:37:16,ESCANER