﻿TIPO_DE_ELECCIÓN:,CORPORACIÓN MUNICIPAL
28 junio 2023 21:35 (UTC -6)
ACTAS_ESPERADAS,ACTAS_CAPTURADAS,PORCENTAJE_ACTAS_CAPTURADAS,ACTAS_CONTABILIZADAS,PORCENTAJE_ACTAS_CONTABILIZADAS,ACTAS_NO_CONTABILIZADAS,LISTA_NOMINAL_ACTAS_CONTABILIZADAS,VOTOS_EMITIDOS_CONTABILIZADAS,PORCENTAJE_PARTICIPACIÓN_CIUDADANA
76,76,100.0000,76,100.0000,0,29355,12335,42.0200

MESA,DEPARTAMENTO,ID_DEPARTAMENTO,MUNICIPIO,ID_MUNICIPIO,CENTRO_DE_VOTACIÓN,PADRÓN,MLP,VAMOS,UNE,TODOS,PODEMOS,CABAL,AZUL,VIVA,VALOR,PPN,VÁLIDOS,NULOS,BLANCO,EMITIDOS,INVÁLIDOS,TOTAL,IMPUGNACIONES,PAPELETAS-RECIBIDAS,PAPELETAS-NO-USADAS,VALIDOS_CALCULADO,EMITIDOS_CALCULADO,TOTAL_CALCULADO,OBSERVACIONES,CONTABILIZADA,CÓDIGO_INTEGRIDAD,FECHA_HORA_PUBLICACIÓN,DIGITALIZACIÓN
15416,"Huehuetenango",13,"Soloma",8,2244,400,8,19,18,10,42,64,2,12,16,1,192,11,6,209,0,209,--,400,191,192,209,209,Algún campo sin dato,1,18d7c0cdc1aa683c2b817a3fd26d5fabb1bf06504dca444d240c3118c411efd5,26/06/2023 00:05:06,ESCANER
15417,"Huehuetenango",13,"Soloma",8,2244,400,3,7,13,9,51,44,2,19,19,4,171,8,4,183,217,400,2,400,217,171,183,400,,1,29a50c6759d62ed1b2e7f803f4eb354b8d287aa7505ef07d6d4e79f2548111a6,26/06/2023 02:07:59,ESCANER
15418,"Huehuetenango",13,"Soloma",8,2244,400,4,10,24,7,44,32,4,41,8,0,174,3,3,180,1,181,--,397,217,174,180,181,Algún campo sin dato,1,ce239f77639b761f8fbe531ca61a1d2d35f81f2f56269085729a93d0f3d80f4b,26/06/2023 02:12:37,ESCANER
15419,"Huehuetenango",13,"Soloma",8,2244,400,5,28,32,8,45,54,3,8,8,0,191,11,9,211,0,211,--,400,189,191,211,211,Algún campo sin dato,1,84ae4fef6dbdfd4178109eb342027ffcad4f2baeac8662c6303b26ab27f863e9,26/06/2023 01:04:34,ESCANER
15420,"Huehuetenango",13,"Soloma",8,2244,400,1,10,21,9,60,64,2,12,6,0,185,8,11,204,1,205,--,399,194,185,204,205,Algún campo sin dato,1,ed710366a16f339ed08a59f067e4afe0991d049700afc2f7673fd4e8900b933e,26/06/2023 01:57:53,ESCANER
15421,"Huehuetenango",13,"Soloma",8,2244,400,6,10,16,17,49,47,3,12,12,3,175,10,10,195,0,195,--,400,205,175,195,195,Algún campo sin dato,1,e727a5cd8f6d10851d09bdb694da4e7db1f8c94222fe6e1354b6d122be009b32,26/06/2023 03:20:36,ESCANER
15422,"Huehuetenango",13,"Soloma",8,2244,400,1,23,21,9,53,50,0,9,13,0,179,12,4,195,0,195,--,397,202,179,195,195,Algún campo sin dato,1,cd5b1aad828ab1a07c3fabf94a6776ffdd9118883d6cb4c4f3cadcfb9ade28b6,26/06/2023 01:40:20,ESCANER
15423,"Huehuetenango",13,"Soloma",8,2244,400,1,11,27,11,39,49,2,4,16,5,165,12,5,182,0,182,--,400,218,165,182,182,Algún campo sin dato,1,d86db378c55ea70ca376e9384e7b36a299f91ac9f722d86e5f002c1f9dba83e5,26/06/2023 01:42:39,ESCANER
15424,"Huehuetenango",13,"Soloma",8,2244,400,4,9,24,6,40,53,6,7,10,2,161,7,8,176,0,177,1,400,220,161,176,176,Sumas Asentadas sin cuadrar,1,c96f3b3cc72a88e578a4ab2f11957a2552ecc6965e3ef12e32e452ab2d7fba13,26/06/2023 02:46:34,ESCANER
15425,"Huehuetenango",13,"Soloma",8,2244,400,1,16,13,14,50,59,2,7,10,5,177,8,5,190,1,191,1,400,209,177,190,191,,1,d85d1ea1a56fd2b4899f2b026534003d16264672ec2c7d5e9ca0549fe57df952,26/06/2023 02:25:07,ESCANER
15426,"Huehuetenango",13,"Soloma",8,2245,400,2,18,13,18,52,63,2,20,17,0,205,12,0,217,0,217,--,400,183,205,217,217,Algún campo sin dato,1,e94cd53e84863b1bc9bd7126d3b8b7ad0e4d3132df8b1711bc5bfcdbc0677548,26/06/2023 01:32:35,ESCANER
15427,"Huehuetenango",13,"Soloma",8,2245,400,0,17,13,19,53,61,1,3,13,1,181,8,5,194,0,194,--,400,206,181,194,194,Algún campo sin dato,1,79d7b16ee5c1073b763d3510417cf00090b8ed98dd0cd37f01266274e1330fa9,26/06/2023 01:26:59,ESCANER
15428,"Huehuetenango",13,"Soloma",8,2245,400,0,23,17,24,62,52,2,10,15,0,205,7,7,221,176,397,2,397,176,205,219,395,Sumas Asentadas sin cuadrar,1,e52ad806d2c15a31ec1ce2f956db675ab22f2a1e89637d689f95c5fb4c1993f1,26/06/2023 02:42:20,ESCANER
15429,"Huehuetenango",13,"Soloma",8,2245,400,3,16,13,27,56,51,3,11,23,1,204,7,7,218,0,218,--,400,182,204,218,218,Algún campo sin dato,1,bdb1ce0971d9e403ec0cb9078d31f5aaa32af14a0329c3cc13b5e4d57c811615,26/06/2023 01:13:17,ESCANER
15430,"Huehuetenango",13,"Soloma",8,2245,400,4,9,7,13,64,64,2,6,19,2,190,2,6,198,0,198,--,400,202,190,198,198,Algún campo sin dato,1,c94ef34273a5b3e7c0263ada1e5b2ed1b4a68381b56fef7a8cf76c86ef151f0c,26/06/2023 01:04:15,ESCANER
15431,"Huehuetenango",13,"Soloma",8,2245,400,2,15,23,15,44,61,2,1,24,4,191,7,3,201,1,202,2,400,196,191,201,202,,1,1438001029ebe17fbf48ef73257f795cd75e99836048ca7a09a152602c547fde,26/06/2023 00:57:16,ESCANER
15432,"Huehuetenango",13,"Soloma",8,2245,400,2,12,19,19,40,84,3,3,17,1,200,10,4,214,186,400,--,400,186,200,214,400,Algún campo sin dato,1,dbd0da4e34c9ef7904277d51605d2de43c634f8fab6154290055aada77ef9341,26/06/2023 00:42:55,ESCANER
15433,"Huehuetenango",13,"Soloma",8,2245,400,1,18,18,10,84,65,0,3,9,0,208,9,4,221,0,221,--,400,179,208,221,221,Algún campo sin dato,1,5da9d2f7d8dcfc96281c5aa88283959e29f2ac1a2d657de737885b2eb458c2df,26/06/2023 01:41:16,ESCANER
15434,"Huehuetenango",13,"Soloma",8,2246,400,0,9,12,12,70,50,1,11,12,0,177,4,3,184,0,184,--,400,216,177,184,184,Algún campo sin dato,1,f637c84d411e1c26162e6dfea7fbc7098479e1d9a6f4661354b9e58941f1a3b5,26/06/2023 01:44:02,ESCANER
15435,"Huehuetenango",13,"Soloma",8,2246,400,0,11,12,9,46,49,1,8,15,1,152,3,1,156,0,152,--,400,244,152,156,156,Sumas Asentadas sin cuadrar,1,3425b8448ca298fb9f64535cba712dd2232deb1c57c6b362c590d6385c64da68,25/06/2023 23:53:22,ESCANER
15436,"Huehuetenango",13,"Soloma",8,2246,400,3,12,9,12,44,36,0,16,5,0,137,6,2,145,0,145,--,400,255,137,145,145,Algún campo sin dato,1,f628e0d3882c862785b4de32e4bc82050a59968e0e9e499a7825f823c568fde9,26/06/2023 00:26:17,ESCANER
15437,"Huehuetenango",13,"Soloma",8,2246,400,1,9,13,15,57,40,1,17,12,1,165,8,7,181,0,181,--,400,197,166,181,181,Sumas Asentadas sin cuadrar,1,34ac352a1804943bdb3148dcd8f08f2d96fe31fd9a98e263bd0b65498d0bc319,26/06/2023 01:04:06,ESCANER
15438,"Huehuetenango",13,"Soloma",8,2246,400,1,13,15,10,47,49,1,15,13,0,165,9,3,177,0,177,--,400,223,164,176,176,Sumas Asentadas sin cuadrar,1,0a5a61314794d73e025f671cc0e97a38cb0501624f885da0ca0f2c32ea52f6f2,26/06/2023 01:45:07,ESCANER
15439,"Huehuetenango",13,"Soloma",8,2246,400,2,16,25,12,56,64,1,12,15,1,204,8,7,219,0,219,--,400,181,204,219,219,Algún campo sin dato,1,c0fb3c23ff09db14ace2fa3c3aaaad8b0aa8b5bcc18f78374dcd9eedf8d467b3,25/06/2023 23:49:41,ESCANER
15440,"Huehuetenango",13,"Soloma",8,2246,400,1,15,15,18,47,44,1,5,17,2,165,11,4,180,0,180,--,400,217,165,180,180,Algún campo sin dato,1,9dbc1a669230ac836b7c228bbf21164b2c4ff6bb7d8d03c251d050fbff2677d5,26/06/2023 01:05:20,ESCANER
15441,"Huehuetenango",13,"Soloma",8,2246,400,2,13,13,11,53,47,2,4,18,1,164,1,2,167,0,167,--,400,230,164,167,167,Algún campo sin dato,1,2da060f4c52288cdac4aa4134a85c214835779116cd70ab943d0470757920df9,26/06/2023 01:16:04,ESCANER
15442,"Huehuetenango",13,"Soloma",8,2247,400,2,18,12,16,54,50,0,5,13,2,172,4,3,179,0,179,--,400,221,172,179,179,Algún campo sin dato,1,0b0bd955f918e849baf90bf622fd07272035e9e7ddbefd8e363c63935381b587,26/06/2023 01:06:49,ESCANER
15443,"Huehuetenango",13,"Soloma",8,2247,400,1,15,28,11,57,46,0,8,12,2,180,5,0,185,0,185,--,400,215,180,185,185,Algún campo sin dato,1,5154f2f8ae6e75bc8f92ecc4c3353e0686f4b4204fffa60e558386d07f0e7481,26/06/2023 02:18:27,ESCANER
15444,"Huehuetenango",13,"Soloma",8,2247,400,2,16,14,12,54,51,1,5,13,0,168,3,2,173,0,173,--,400,227,168,173,173,Algún campo sin dato,1,2c5e87250131618b983bf8ae9d394546792ac76735a25742bba7518e5f2e33a6,26/06/2023 01:38:56,ESCANER
15445,"Huehuetenango",13,"Soloma",8,2247,400,1,13,15,18,51,46,1,10,10,0,165,9,5,179,0,179,--,400,221,165,179,179,Algún campo sin dato,1,d36fc1f691f92b2bc885e39f697b3fd3295b3c681dd51f9f2d4162226fc694f4,26/06/2023 01:46:42,ESCANER
15446,"Huehuetenango",13,"Soloma",8,2247,400,0,27,75,8,67,54,3,19,16,0,198,7,3,--,--,208,--,400,208,269,279,279,Sumas Asentadas sin cuadrar,1,d06e5632d1e169fa5a905c4c132a229b7e1e03598af8aa55530f998e46e6064e,26/06/2023 04:54:36,ESCANER
15447,"Huehuetenango",13,"Soloma",8,2247,400,2,14,14,9,53,51,2,12,10,1,168,1,6,175,0,175,--,400,225,168,175,175,Algún campo sin dato,1,a7d4ab59ec2626bf1011d7f77c4e6411b6fc086940d010cb08b07a42a32495bc,26/06/2023 00:31:45,ESCANER
15448,"Huehuetenango",13,"Soloma",8,2247,400,3,9,14,10,39,37,1,11,26,0,150,2,1,153,153,--,153,--,--,150,153,306,Algún campo sin dato,1,b8a46cd273eef6fd442bb423ec43e3e5728986ddc689f4068227d1b39234afe1,26/06/2023 04:41:34,ESCANER
15449,"Huehuetenango",13,"Soloma",8,2247,400,2,15,17,13,49,45,1,7,14,1,164,7,2,173,2,175,2,400,225,164,173,175,,1,036b869106246aeaed5d288955cabaa3810dd441aa677d99a680e95118da5708,26/06/2023 02:09:02,ESCANER
15450,"Huehuetenango",13,"Soloma",8,2247,400,1,17,19,16,53,36,1,10,10,1,164,3,1,168,0,168,--,400,232,164,168,168,Algún campo sin dato,1,786cab1c031ea9778f2afec23842ec5456bd0353331067a8bd4676f13465ad8e,26/06/2023 00:11:37,ESCANER
15451,"Huehuetenango",13,"Soloma",8,2247,400,1,8,15,17,50,52,0,8,10,0,161,4,1,166,0,166,--,400,234,161,166,166,Algún campo sin dato,1,54e4a412caff80411d688f4374d01814337d8a7f83e26c46f4fc6944edbc0009,26/06/2023 00:58:41,ESCANER
15452,"Huehuetenango",13,"Soloma",8,2248,400,0,19,14,11,45,43,1,8,13,4,158,0,0,158,0,158,--,400,242,158,158,158,Algún campo sin dato,1,338789b18d5306db0b99ef442aa003af873e8b0f75dbb9cf3b6e0f856499284b,26/06/2023 00:31:26,ESCANER
15453,"Huehuetenango",13,"Soloma",8,2248,400,4,15,9,8,40,60,0,4,12,2,154,1,3,158,242,400,--,400,242,154,158,400,Algún campo sin dato,1,3d96fff76a8d9459aea7abb26d254c296bf0e703ff2580829c3817b3408b0ee7,25/06/2023 23:11:00,ESCANER
15454,"Huehuetenango",13,"Soloma",8,2248,400,1,14,17,8,55,42,2,5,12,2,158,2,2,162,0,162,--,400,238,158,162,162,Algún campo sin dato,1,542c61e6916538087132fe4ceb077d5c2ba093c3af1993b469f397a5d16f0ad2,25/06/2023 23:46:25,ESCANER
15455,"Huehuetenango",13,"Soloma",8,2248,400,0,15,16,14,40,59,0,9,15,1,169,1,0,170,0,170,--,400,230,169,170,170,Algún campo sin dato,1,84ff8b797c86973ce3de0ac6af1e0c16a186148961f73da81bbabc68703e8fbf,25/06/2023 23:41:47,ESCANER
15456,"Huehuetenango",13,"Soloma",8,2248,400,1,14,17,7,47,41,0,7,13,1,150,0,0,150,2,150,--,400,250,148,148,150,Sumas Asentadas sin cuadrar,1,c8b2dd4c540fa444a2708aaa90749e865c8fb01b45353e258da2dadd29a4807d,26/06/2023 01:05:06,ESCANER
15457,"Huehuetenango",13,"Soloma",8,2248,400,2,12,7,13,41,38,1,6,16,1,137,0,0,137,0,137,--,400,260,137,137,137,Algún campo sin dato,1,1489f91e4af065d267b6dff236863cb2332cb3e6a288edec6255f96e708b395e,26/06/2023 01:08:28,ESCANER
15458,"Huehuetenango",13,"Soloma",8,2248,400,0,18,15,8,57,43,0,5,15,1,162,0,0,162,0,162,--,386,224,162,162,162,Algún campo sin dato,1,0cfba6bb82eb514a13b014e17fd0e64fcfe88e192948f0b5a38566fc9b4f9d63,26/06/2023 00:17:58,ESCANER
15459,"Huehuetenango",13,"Soloma",8,2248,400,1,10,17,17,43,37,0,5,15,0,145,4,0,149,0,149,1,400,251,145,149,149,,1,edbbad10b52b850035e8d0a0af2bd2dc89c66176b14a894cfe3601f8709a1a03,26/06/2023 00:50:22,ESCANER
15460,"Huehuetenango",13,"Soloma",8,2248,400,2,10,8,11,44,55,1,15,12,1,159,3,1,163,0,163,--,400,237,159,163,163,Algún campo sin dato,1,c3e861058cad65bd15c807d2ef659473636a2a05df50973b6cd9d608f68b73df,25/06/2023 23:34:56,ESCANER
15461,"Huehuetenango",13,"Soloma",8,2248,400,1,12,11,8,45,50,1,13,13,1,155,1,0,156,2,158,--,400,242,155,156,158,Algún campo sin dato,1,b771a161511ebbef3c8463f79cf461242ac7ef2e7080534cfc1f2b3e7377b80d,25/06/2023 23:36:48,ESCANER
15462,"Huehuetenango",13,"Soloma",8,2248,340,2,8,16,7,40,35,0,11,7,1,127,4,2,133,0,133,--,340,207,127,133,133,Algún campo sin dato,1,4c48ff84eb3e2a56e9a9f3617e9ef9619f0bb298ba254442dc95861e7ff8d2fd,26/06/2023 01:22:47,ESCANER
15463,"Huehuetenango",13,"Soloma",8,2248,340,0,7,13,12,33,22,0,11,6,0,104,3,2,109,0,109,--,340,231,104,109,109,Algún campo sin dato,1,fa65329d757e03a1ec50523212c3d3cda405d9f6764ceaed02748c9377b711e6,25/06/2023 22:40:57,ESCANER
15464,"Huehuetenango",13,"Soloma",8,2249,380,0,4,25,11,93,27,9,9,18,0,196,2,13,211,0,211,--,380,169,196,211,211,Algún campo sin dato,1,c909a323a56ae84eb31d5fa77fa707b1ef0bd46d9f0eebc364538ad5eefb8d7c,26/06/2023 02:09:59,ESCANER
15465,"Huehuetenango",13,"Soloma",8,2249,248,1,0,17,12,39,13,3,8,12,0,105,5,6,116,0,116,--,248,132,105,116,116,Algún campo sin dato,1,2fc374d05d86c92326bbe7b94a5c5af2fe3fc57b36cbdf14e73344f1642affdc,25/06/2023 22:25:11,ESCANER
15466,"Huehuetenango",13,"Soloma",8,2249,248,0,4,14,6,58,9,4,4,11,0,110,2,5,117,0,117,--,248,131,110,117,117,Algún campo sin dato,1,827d4efa1a86ac461c97caa831cf6609c322e65df7971001ec3a77d53b6100d9,26/06/2023 00:18:22,ESCANER
15467,"Huehuetenango",13,"Soloma",8,2250,380,0,17,9,9,61,46,0,2,12,0,156,5,9,170,0,170,--,380,210,156,170,170,Algún campo sin dato,1,239fa80f790ae3bcc915c04e147f2d9a7b20047db533096d7132b939679776f0,26/06/2023 01:07:18,ESCANER
15468,"Huehuetenango",13,"Soloma",8,2250,380,1,12,13,4,71,54,1,3,3,0,162,8,7,177,0,177,--,380,203,162,177,177,Algún campo sin dato,1,caac06ab8806a416a7f075ef0cef8ec5df0badd3fd5f22c5f9dffc30667d41e2,26/06/2023 01:31:59,ESCANER
15469,"Huehuetenango",13,"Soloma",8,2250,380,0,26,8,3,41,60,2,3,9,2,154,4,3,161,7,168,1,377,216,154,161,168,,1,08ce2196a4d6aa7d4f086643728a395b114790185ca82517c61325c23c356b2d,26/06/2023 01:43:07,ESCANER
15470,"Huehuetenango",13,"Soloma",8,2250,380,2,18,10,9,60,39,2,4,19,0,163,5,0,163,0,168,--,--,--,163,168,168,Sumas Asentadas sin cuadrar,1,4d485cfd7e9c3e91cb46a3145e9cddd5bdaf0410a8cdab0c0cfaa556b6644907,26/06/2023 03:28:07,ESCANER
15471,"Huehuetenango",13,"Soloma",8,2250,317,0,22,3,4,40,30,0,2,13,0,114,0,3,117,0,117,--,317,200,114,117,117,Algún campo sin dato,1,5cd970f992928c80dc0ae439630cb92f6c9c75543c1d87a889d8a5ed4b353993,26/06/2023 00:08:34,ESCANER
15472,"Huehuetenango",13,"Soloma",8,2250,317,0,15,3,6,45,39,0,3,6,0,117,7,2,126,188,314,--,314,188,117,126,314,Algún campo sin dato,1,c55bfd1644dcf27d23dd92f6ee6359ac5c606960a4d096d4fe784db66e658749,26/06/2023 00:58:28,ESCANER
15473,"Huehuetenango",13,"Soloma",8,2251,380,11,22,6,10,35,16,1,2,11,0,114,6,5,125,0,125,2,380,253,114,125,125,,1,37ffe4ad41172d1b0f705e05f13aadc55213409391ddcea929e4c3775884adc2,26/06/2023 00:32:21,ESCANER
15474,"Huehuetenango",13,"Soloma",8,2251,380,5,17,5,20,45,18,4,1,6,1,122,6,4,132,0,132,--,369,238,122,132,132,Algún campo sin dato,1,d757aeed3498283e13ca647230e9085c14ea51cd9b223cf14cade3e8aaa6351c,26/06/2023 00:44:51,ESCANER
15475,"Huehuetenango",13,"Soloma",8,2251,380,9,54,6,4,45,29,2,1,6,1,157,5,14,176,0,176,--,380,204,157,176,176,Algún campo sin dato,1,84c16bdaa5dbb48b0eb93ef4adeed87080ac81b771be49a228959d239a33d899,26/06/2023 00:48:42,ESCANER
15476,"Huehuetenango",13,"Soloma",8,2251,380,4,24,2,10,52,15,2,3,6,0,118,4,6,128,0,128,--,380,252,118,128,128,Algún campo sin dato,1,df86803c9ce2ed4d58f748ba3127bcbbe3224c8635dd59516951ff921be81726,26/06/2023 00:55:06,ESCANER
15477,"Huehuetenango",13,"Soloma",8,2251,380,7,26,3,10,36,18,0,3,3,0,106,2,1,109,0,109,--,380,271,106,109,109,Algún campo sin dato,1,5c258faf03a9ff120f7d921e8ba15e9ed2977f8045d44022e02e53c6576fac8d,25/06/2023 23:48:12,ESCANER
15478,"Huehuetenango",13,"Soloma",8,2251,292,2,18,4,6,33,14,0,0,8,0,85,0,0,85,0,85,--,292,207,85,85,85,Algún campo sin dato,1,215b1b94d85cf6b627ba676d13eafc23aee00fa94cc1cb26b9e088861c2dc250,26/06/2023 00:04:37,ESCANER
15479,"Huehuetenango",13,"Soloma",8,2251,291,2,16,3,11,23,11,3,0,5,0,74,0,0,74,0,74,--,288,214,74,74,74,Algún campo sin dato,1,188ba0311bb9336617520a22ede4ca590c004dedc9b4c6659807fb65123f63d7,26/06/2023 00:19:24,ESCANER
15480,"Huehuetenango",13,"Soloma",8,2252,380,3,16,18,4,34,60,5,2,3,0,145,11,6,162,0,162,--,380,218,145,162,162,Algún campo sin dato,1,59048c1c5cb071896921d327728da5f972e59f3c20bdc2d2d84d2c7a8af8903a,26/06/2023 00:54:43,ESCANER
15481,"Huehuetenango",13,"Soloma",8,2252,380,2,20,18,6,23,73,5,1,6,2,156,5,5,166,--,--,--,380,214,156,166,166,Algún campo sin dato,1,ca0e24e989b170f89522e38fa8c052e878534ea35de58d40c799bd75e645ee51,26/06/2023 00:36:05,ESCANER
15482,"Huehuetenango",13,"Soloma",8,2252,380,1,72,13,4,38,16,3,2,3,1,153,8,5,166,0,166,--,380,214,153,166,166,Algún campo sin dato,1,552c70bf9b461489dae858fd6df58d8d9a876f2b4a971288a1701d5b16acac62,26/06/2023 01:48:03,ESCANER
15483,"Huehuetenango",13,"Soloma",8,2252,380,3,51,21,2,32,38,1,3,8,0,159,8,4,171,1,172,--,380,208,159,171,172,Algún campo sin dato,1,5bfe5b7384bf78a1135796cf635d7f5f22e32c816fbc3c9fbb03ad129d0f697f,26/06/2023 01:33:06,ESCANER
15484,"Huehuetenango",13,"Soloma",8,2252,380,1,47,13,3,32,26,3,2,8,0,135,6,11,152,0,152,--,380,228,135,152,152,Algún campo sin dato,1,035149c3bc8853ab2cf39e41b0793f8e18cd309e4711609297836aea2b123a5c,26/06/2023 00:10:17,ESCANER
15485,"Huehuetenango",13,"Soloma",8,2252,380,1,28,12,3,26,38,2,0,4,0,114,4,2,120,0,120,--,380,260,114,120,120,Algún campo sin dato,1,8b8d8956e9e98c67df4d281fda03f73cd7dceb67341aad7c100f82c062576664,26/06/2023 00:13:36,ESCANER
15486,"Huehuetenango",13,"Soloma",8,2252,380,0,36,15,1,19,44,5,1,2,0,123,2,1,126,0,126,--,380,254,123,126,126,Algún campo sin dato,1,f244d6608bb3e87344043d16c808852524957ead82fa73298143f1aaab7f0460,26/06/2023 01:01:21,ESCANER
15487,"Huehuetenango",13,"Soloma",8,2252,380,0,35,18,2,31,43,4,1,3,0,137,1,1,139,0,139,--,377,238,137,139,139,Algún campo sin dato,1,d18a728e0df177cf41b047342477d2dd23d8f0694e29212cc7b0993694f86ef3,26/06/2023 01:35:52,ESCANER
15488,"Huehuetenango",13,"Soloma",8,2252,308,0,33,10,1,25,34,1,1,6,0,111,0,2,113,0,113,--,308,195,111,113,113,Algún campo sin dato,1,eeb0ae5be45c47e8a6cc984ed9047566720f5b6eb7b33345c549bbf63e401e31,26/06/2023 01:35:00,ESCANER
15489,"Huehuetenango",13,"Soloma",8,2252,307,1,26,7,1,19,27,2,3,4,--,90,1,6,97,0,97,--,307,210,90,97,97,Algún campo sin dato,1,2bb0334b117bb0475bd18403a43b3a3bbd74d8751fc4f78b0d840ecc9e8154a9,26/06/2023 01:11:30,ESCANER
15490,"Huehuetenango",13,"Soloma",8,2253,554,0,10,5,7,13,12,1,0,2,0,50,1,2,53,0,53,--,551,498,50,53,53,Algún campo sin dato,1,c46bd874e833bbc746d29c1bb7ad80faf6ecfe7a3390f51ea2f0ec0247af7153,25/06/2023 22:40:22,ESCANER
15491,"Huehuetenango",13,"Soloma",8,2253,553,0,4,0,2,7,6,1,1,2,0,23,3,2,28,0,28,--,550,522,23,28,28,Algún campo sin dato,1,01c5546e0e60654f3678c24e0fd24fd3f6a1a436acd23e4cc002f7e022482a55,25/06/2023 21:24:32,ESCANER