﻿TIPO_DE_ELECCIÓN:,CORPORACIÓN MUNICIPAL
28 junio 2023 21:35 (UTC -6)
ACTAS_ESPERADAS,ACTAS_CAPTURADAS,PORCENTAJE_ACTAS_CAPTURADAS,ACTAS_CONTABILIZADAS,PORCENTAJE_ACTAS_CONTABILIZADAS,ACTAS_NO_CONTABILIZADAS,LISTA_NOMINAL_ACTAS_CONTABILIZADAS,VOTOS_EMITIDOS_CONTABILIZADAS,PORCENTAJE_PARTICIPACIÓN_CIUDADANA
71,71,100.0000,71,100.0000,0,25563,16477,64.4564

MESA,DEPARTAMENTO,ID_DEPARTAMENTO,MUNICIPIO,ID_MUNICIPIO,CENTRO_DE_VOTACIÓN,PADRÓN,VAMOS,UNE,MLP,U R N G - MAIZ,PODEMOS,PHG,TODOS,AZUL,ELEFANTE,BIEN,VALOR,CABAL,WINAQ,PPN,VIVA,VÁLIDOS,NULOS,BLANCO,EMITIDOS,INVÁLIDOS,TOTAL,IMPUGNACIONES,PAPELETAS-RECIBIDAS,PAPELETAS-NO-USADAS,VALIDOS_CALCULADO,EMITIDOS_CALCULADO,TOTAL_CALCULADO,OBSERVACIONES,CONTABILIZADA,CÓDIGO_INTEGRIDAD,FECHA_HORA_PUBLICACIÓN,DIGITALIZACIÓN
15492,"Huehuetenango",13,"Ixtahuacán",9,2254,400,53,24,5,4,11,17,44,5,3,72,1,10,11,3,1,264,22,8,294,0,294,--,400,106,264,294,294,Algún campo sin dato,1,01d986096419a583384f3c0829e93b6a158c340d6dc499248eab9154291ecd51,26/06/2023 01:11:13,ESCANER
15493,"Huehuetenango",13,"Ixtahuacán",9,2254,400,42,33,2,5,17,17,54,4,1,97,4,7,9,1,2,295,26,6,327,0,327,--,400,73,295,327,327,Algún campo sin dato,1,8b537fc81013c357cce512f81bcd1cba516555d483307a28cc302e080e60c1b2,26/06/2023 01:49:20,ESCANER
15494,"Huehuetenango",13,"Ixtahuacán",9,2254,400,23,28,3,7,4,10,36,6,0,99,1,8,7,2,1,235,26,10,271,0,271,--,400,129,235,271,271,Algún campo sin dato,1,cd5b8661c1910a617d4dfa0dd70d93001e6de0ac39b663a2d0b366f20dc11dde,26/06/2023 01:52:09,ESCANER
15495,"Huehuetenango",13,"Ixtahuacán",9,2254,400,30,32,3,1,12,9,36,3,1,113,2,5,13,1,1,262,15,9,286,0,286,--,400,114,262,286,286,Algún campo sin dato,1,935fd61bc1b6fdff7596eb92604490a35fcf612853a048ef5b7f1623208ba665,25/06/2023 23:45:05,ESCANER
15496,"Huehuetenango",13,"Ixtahuacán",9,2254,400,44,38,4,4,8,13,29,4,2,104,1,8,4,1,4,268,19,3,290,0,290,--,400,110,268,290,290,Algún campo sin dato,1,9a343a8081ca3de21a4bd677d0cbc1a6ea8809b31866bc6fb17ecab924770cf9,26/06/2023 00:25:04,ESCANER
15497,"Huehuetenango",13,"Ixtahuacán",9,2255,400,34,19,3,3,8,7,45,3,2,90,0,7,6,2,0,229,10,2,241,0,241,--,400,159,229,241,241,Algún campo sin dato,1,1a6f37f497bc6bfdc5c6f0f9ad73b5bfef7286cb580873643f5791240d7d3f39,26/06/2023 00:01:44,ESCANER
15498,"Huehuetenango",13,"Ixtahuacán",9,2255,400,45,20,7,3,19,5,43,4,1,89,1,8,3,1,2,251,10,6,267,0,267,--,400,133,251,267,267,Algún campo sin dato,1,e8f58d52efcd4072545ba0e429326840de06a4c44bda3ca6a41e7519b0aafffd,26/06/2023 00:02:59,ESCANER
15499,"Huehuetenango",13,"Ixtahuacán",9,2255,400,29,27,3,1,8,7,43,5,0,98,2,8,5,0,0,236,18,8,262,0,262,--,400,138,236,262,262,Algún campo sin dato,1,eb45cef8fc2606a746f4bbf514a1bb6381e0178ac32fbcf1878e19c4cdc07cbf,25/06/2023 23:46:50,ESCANER
15500,"Huehuetenango",13,"Ixtahuacán",9,2255,400,31,23,4,5,12,11,25,6,2,87,3,7,7,1,2,226,17,7,250,0,250,--,400,150,226,250,250,Algún campo sin dato,1,d5264d6fd8a58802b530588995b89b4ee3628660817a3d3b6eb7254a53ceb756,26/06/2023 00:19:02,ESCANER
15501,"Huehuetenango",13,"Ixtahuacán",9,2255,400,33,20,6,2,11,4,40,5,1,90,4,6,12,1,0,235,11,5,251,0,251,--,399,148,235,251,251,Algún campo sin dato,1,6dc62e6c5f3fc5773f6a1429229dd4d7a3ca998946e6db03bccd5787f484f00d,25/06/2023 23:53:27,ESCANER
15502,"Huehuetenango",13,"Ixtahuacán",9,2255,400,44,20,2,2,8,2,33,4,1,85,1,5,9,0,0,216,11,2,229,0,229,--,400,171,216,229,229,Algún campo sin dato,1,f4119b19589c50ea27b1ac1c0f4f870481fcb77863eecea77315d39bc35f6f2f,25/06/2023 23:25:49,ESCANER
15503,"Huehuetenango",13,"Ixtahuacán",9,2255,400,40,40,0,4,8,8,45,3,0,83,0,4,5,0,2,242,12,4,258,0,258,--,400,142,242,258,258,Algún campo sin dato,1,4388d0797bc70425e810b7ce3c4ba66b587ce7966a323ca8cce317af75f88f5e,26/06/2023 00:13:01,ESCANER
15504,"Huehuetenango",13,"Ixtahuacán",9,2255,238,30,24,1,4,6,8,25,2,0,38,1,1,5,0,2,147,7,6,160,0,160,--,238,78,147,160,160,Algún campo sin dato,1,f62a74e40b449739336cf5b90f7dcd733a1177feba3dd1f59bc72ad7ef9460f6,25/06/2023 21:28:44,ESCANER
15505,"Huehuetenango",13,"Ixtahuacán",9,2255,238,13,14,1,0,6,5,12,1,1,38,0,2,3,0,2,98,6,1,105,0,105,--,235,130,98,105,105,Algún campo sin dato,1,1d1fab5020632ae54d9dcbab0a75153402c01e3e5ac504d6c28db643fbd784ae,25/06/2023 23:30:12,ESCANER
15506,"Huehuetenango",13,"Ixtahuacán",9,2256,400,54,31,1,6,10,14,47,4,1,67,2,16,5,2,3,263,31,11,305,0,305,--,400,95,263,305,305,Algún campo sin dato,1,8a1971c0c3c1411e430d49fff09b719dcdfedf49c999b467cf3df794cdefcbbf,26/06/2023 00:52:44,ESCANER
15507,"Huehuetenango",13,"Ixtahuacán",9,2257,400,69,27,1,4,10,13,46,4,3,72,1,10,3,1,3,267,22,7,296,0,296,--,397,101,267,296,296,Algún campo sin dato,1,7b7a42040a166f8d2617e3033a44bdf010107ad3f996cf517ec8159b88d0aa6e,26/06/2023 00:19:20,ESCANER
15508,"Huehuetenango",13,"Ixtahuacán",9,2257,400,71,21,0,5,7,4,34,6,2,68,1,7,2,1,2,231,15,6,252,1,253,--,400,147,231,252,253,Algún campo sin dato,1,21bff29f9602de06f357c784dba0a76f01fbadb7ecbf92c9cdc66cb2fa5c60d7,25/06/2023 23:55:07,ESCANER
15509,"Huehuetenango",13,"Ixtahuacán",9,2257,400,44,30,0,6,9,3,37,1,1,64,1,14,8,3,3,224,35,9,268,0,268,--,400,132,224,268,268,Algún campo sin dato,1,c3297941b74f33e25fd8d9be3c3b22de7527f6dfd35f8c8983b8a645bc0cb37c,25/06/2023 22:50:31,ESCANER
15510,"Huehuetenango",13,"Ixtahuacán",9,2257,295,34,22,0,2,9,7,31,3,1,39,0,7,5,2,2,164,6,1,171,0,171,--,295,124,164,171,171,Algún campo sin dato,1,f44cc22a69b50d88c806c42a11dc6e2d194959e0d86777627875336e2ca36862,26/06/2023 00:39:30,ESCANER
15511,"Huehuetenango",13,"Ixtahuacán",9,2257,295,48,20,1,3,10,4,29,0,0,36,0,12,6,2,3,174,5,2,181,7,181,--,292,111,174,181,188,Sumas Asentadas sin cuadrar,1,715597964936333bcd8e7d9a5bd42fa6890a537b5242caf2e517b4bc6f070d3f,26/06/2023 00:30:02,ESCANER
15512,"Huehuetenango",13,"Ixtahuacán",9,2258,380,52,40,2,7,26,0,56,2,2,33,3,18,8,4,4,257,15,17,289,0,289,--,380,91,257,289,289,Algún campo sin dato,1,03172bb6aa9afa58d84f38720c702556577081de7724a25e13cce399de24b9a1,26/06/2023 01:47:05,ESCANER
15513,"Huehuetenango",13,"Ixtahuacán",9,2258,380,60,31,2,3,26,0,38,0,1,26,0,8,14,9,9,227,17,10,254,0,254,--,380,126,227,254,254,Algún campo sin dato,1,686366301fc465ec256141c80bad55cdbca96cf1bca9618a3803d5c62a03bf5f,26/06/2023 02:14:36,ESCANER
15514,"Huehuetenango",13,"Ixtahuacán",9,2258,380,68,27,1,5,28,0,27,6,0,24,1,20,4,5,3,219,20,11,250,0,250,--,380,130,219,250,250,Algún campo sin dato,1,e92af9dd68361588521ccb5c699d92147ca982f08f09198b19638260823ea947,26/06/2023 01:13:21,ESCANER
15515,"Huehuetenango",13,"Ixtahuacán",9,2258,380,33,26,1,3,34,3,31,2,3,30,0,24,5,6,7,208,28,14,250,0,250,--,380,130,208,250,250,Algún campo sin dato,1,3cbe32a4a89c751d9e2535d639fbc6e47b891e9f4a85393d4849c5386f22cea3,26/06/2023 01:22:58,ESCANER
15516,"Huehuetenango",13,"Ixtahuacán",9,2258,380,41,20,0,1,30,2,40,3,1,24,3,25,3,3,10,206,15,16,237,0,237,--,379,142,206,237,237,Algún campo sin dato,1,0437747e4db32d7cff98c48b9d8114c9f398ab0d3d928544bc5884a06ee2fefd,26/06/2023 01:32:35,ESCANER
15517,"Huehuetenango",13,"Ixtahuacán",9,2258,380,41,35,1,2,20,1,45,3,2,24,1,17,9,2,7,210,17,6,233,0,233,--,380,147,210,233,233,Algún campo sin dato,1,b5da9fbabdc8c6cb9cd60c46e5117e79ff269b5c69ca5181a6a409c696205ce3,26/06/2023 01:51:47,ESCANER
15518,"Huehuetenango",13,"Ixtahuacán",9,2258,358,51,29,0,1,25,0,43,1,3,23,0,25,2,0,0,203,7,1,211,0,211,--,358,147,203,211,211,Algún campo sin dato,1,f3a2004035c6f9150b76e91ad40bc8d0c9a0b55ded858db4002f55e39f189b79,26/06/2023 04:21:40,ESCANER
15519,"Huehuetenango",13,"Ixtahuacán",9,2258,358,45,18,1,3,18,1,34,2,0,40,4,15,4,6,11,202,6,5,213,0,213,--,358,145,202,213,213,Algún campo sin dato,1,52e598fb12ecb46aed3604c879ccc01238da4ed753095f64584125da5f06bedc,26/06/2023 01:25:36,ESCANER
15520,"Huehuetenango",13,"Ixtahuacán",9,2259,380,24,23,15,40,14,6,33,1,0,42,2,22,8,2,2,234,35,9,378,0,378,--,380,102,234,278,278,Sumas Asentadas sin cuadrar,1,7b50fde69e7b1bb7c8e5cbe4f270494cd39a78a9dd722b81c49ffde4af4705b4,26/06/2023 01:20:17,ESCANER
15521,"Huehuetenango",13,"Ixtahuacán",9,2259,380,11,33,19,70,13,7,27,2,1,52,0,17,3,1,1,257,27,8,292,0,292,--,380,88,257,292,292,Algún campo sin dato,1,3f29cf1f5d2b12db8cc8f81842623de286d94c981eb843d6b8bb83ec2a90c45b,26/06/2023 00:30:39,ESCANER
15522,"Huehuetenango",13,"Ixtahuacán",9,2259,380,20,30,21,50,15,6,29,3,4,48,5,17,6,0,3,261,19,5,285,0,285,--,377,92,257,281,281,Sumas Asentadas sin cuadrar,1,cc42f60ee466111f907f1fe98c62f05de2006e02be061b7ae58c6b3ec52e3e9b,26/06/2023 01:15:18,ESCANER
15523,"Huehuetenango",13,"Ixtahuacán",9,2259,380,23,21,17,33,6,4,36,2,2,47,0,22,1,0,2,216,12,11,239,0,239,--,380,141,216,239,239,Algún campo sin dato,1,98e79a7cef2ebbd8acf5e33701601b5503f18e39f70eeedc2b41194bb39c9166,26/06/2023 00:24:25,ESCANER
15524,"Huehuetenango",13,"Ixtahuacán",9,2259,380,20,29,4,25,15,7,29,5,4,41,2,23,2,0,3,209,19,8,236,0,236,--,380,144,209,236,236,Algún campo sin dato,1,3dfae5ae78b5ad772646a8a4a025f5cc74bbcbd82cd85c81855edd006f132df9,25/06/2023 23:48:23,ESCANER
15525,"Huehuetenango",13,"Ixtahuacán",9,2259,380,10,33,16,36,9,3,26,5,3,37,2,23,3,0,1,207,23,5,235,0,235,--,380,145,207,235,235,Algún campo sin dato,1,09dc590251f2568fff27ed22747e9798163f0bed8e66080419607e549c9b88f7,25/06/2023 22:45:45,ESCANER
15526,"Huehuetenango",13,"Ixtahuacán",9,2259,380,15,26,22,42,12,5,17,3,1,32,1,19,3,0,2,200,20,17,237,0,237,--,380,143,200,237,237,Algún campo sin dato,1,e4e26278c7e335f6bcdfec5bdbeae25a43ae3671f8ea9076f2d1eb2b32e7cbe6,25/06/2023 23:26:30,ESCANER
15527,"Huehuetenango",13,"Ixtahuacán",9,2259,380,9,36,17,30,9,2,35,2,1,38,1,33,5,0,0,218,10,5,233,0,233,--,380,147,218,233,233,Algún campo sin dato,1,765623561dbd0469813ca4d09e7828a1f5e1bf31c09ab27c4b1d7947827bc967,26/06/2023 00:20:42,ESCANER
15528,"Huehuetenango",13,"Ixtahuacán",9,2259,289,12,19,15,39,7,1,15,2,2,45,1,14,3,1,1,177,8,3,188,0,188,--,289,101,177,188,188,Algún campo sin dato,1,1801d04402250860fc5f9855ccfb397ea8a04a2a307c3b5061b4203b40e30137,26/06/2023 01:44:08,ESCANER
15529,"Huehuetenango",13,"Ixtahuacán",9,2259,289,12,26,12,23,8,0,10,2,2,40,0,13,1,0,2,151,9,6,166,0,166,--,289,123,151,166,166,Algún campo sin dato,1,803fc7d5bc5cee752b9c676dfa798db649dc2932508a211ac8a2daf3f1293ac5,25/06/2023 23:06:08,ESCANER
15530,"Huehuetenango",13,"Ixtahuacán",9,2260,380,47,18,3,0,98,7,6,0,0,54,0,19,4,0,3,259,18,10,287,0,287,--,380,93,259,287,287,Algún campo sin dato,1,a7a20ab3c58f7cd6530265acdd1c482e08a5cdc88541294650486cbf9d039246,25/06/2023 23:25:43,ESCANER
15531,"Huehuetenango",13,"Ixtahuacán",9,2260,380,49,24,4,0,85,7,5,3,2,53,2,17,2,4,0,257,23,11,291,0,291,--,380,89,257,291,291,Algún campo sin dato,1,6be1701b8a460082df3c7e674d11885fe607e29410182619d8427a254c466b7a,26/06/2023 04:24:51,ESCANER
15532,"Huehuetenango",13,"Ixtahuacán",9,2260,380,61,13,2,0,81,5,6,2,1,42,0,12,2,3,0,230,16,7,253,0,253,--,380,127,230,253,253,Algún campo sin dato,1,e227157bc095c1c5bd6105cc4536ed69aa5b25d141d62510e18130111f3d8c93,26/06/2023 01:47:59,ESCANER
15533,"Huehuetenango",13,"Ixtahuacán",9,2260,380,52,20,4,0,92,3,6,1,2,47,0,9,2,2,0,240,9,12,261,0,261,--,380,119,240,261,261,Algún campo sin dato,1,632642e4267d1e9b6fc642b44b7ff60cac7b6c19c0a0e505bd539b8ce04e0a68,26/06/2023 02:40:46,ESCANER
15534,"Huehuetenango",13,"Ixtahuacán",9,2260,380,66,20,5,0,78,5,2,1,0,50,1,15,1,2,0,246,24,6,276,1,277,--,380,103,246,276,277,Algún campo sin dato,1,5cc92661d99be04cfc6f8281ccdd24e604278ca32a755fbc4745179a1787a093,26/06/2023 02:00:28,ESCANER
15535,"Huehuetenango",13,"Ixtahuacán",9,2260,380,43,11,1,1,79,8,5,3,2,40,3,19,0,5,0,220,27,13,260,0,260,--,379,119,220,260,260,Algún campo sin dato,1,fbe2e744e2de0ae11fe3e0e94b1bafbe0ab527cd0c43e1b9aed8a1f814cd7f84,25/06/2023 23:55:55,ESCANER
15536,"Huehuetenango",13,"Ixtahuacán",9,2260,380,40,13,5,0,73,3,7,1,1,43,0,24,1,1,0,212,7,7,226,0,226,--,380,154,212,226,226,Algún campo sin dato,1,395318d2adc093c07c70f0401efaea609d93a37122571b490b8b85918a86db53,26/06/2023 00:25:38,ESCANER
15537,"Huehuetenango",13,"Ixtahuacán",9,2260,380,45,7,3,0,85,4,3,1,1,41,1,17,2,2,1,213,7,3,223,0,223,--,380,157,213,223,223,Algún campo sin dato,1,f57b8ca8e1b42cb6d58ed8d165d140c7288ad7d26bda281164a7ddf1ec11ecd4,26/06/2023 01:13:53,ESCANER
15538,"Huehuetenango",13,"Ixtahuacán",9,2260,380,39,7,0,0,67,7,3,0,2,52,1,12,1,1,2,194,11,5,210,0,210,--,380,170,194,210,210,Algún campo sin dato,1,75ee6696e978bc48b1c59d98d9c8adb0bb9da5e9f417f6962f449bf14106e5a4,26/06/2023 00:40:31,ESCANER
15539,"Huehuetenango",13,"Ixtahuacán",9,2261,380,16,23,2,1,31,2,21,5,1,66,2,9,3,6,3,191,29,15,235,0,235,--,380,145,191,235,235,Algún campo sin dato,1,a57d1b6f6324bb7100833c8cf1b4b917e623a6fca1ffece547ab62fed7b238ef,26/06/2023 01:32:18,ESCANER
15540,"Huehuetenango",13,"Ixtahuacán",9,2261,380,17,18,2,0,74,2,32,5,0,52,2,6,1,7,6,224,17,19,260,0,260,--,380,120,224,260,260,Algún campo sin dato,1,8b82c1b6853200120e0d48eaa12e91dd47ceeb29087bc62ea3b8d78a187f3952,26/06/2023 02:13:34,ESCANER
15541,"Huehuetenango",13,"Ixtahuacán",9,2261,380,17,10,1,1,38,7,23,7,2,42,3,4,4,12,4,175,35,19,229,0,229,--,380,151,175,229,229,Algún campo sin dato,1,6dd6ed2905ba669a5fb0f2cad070a0832b8362d905a1aa208ea2607cce821676,26/06/2023 04:49:24,ESCANER
15542,"Huehuetenango",13,"Ixtahuacán",9,2261,380,19,18,1,2,59,3,26,6,2,37,1,7,1,7,7,196,27,14,237,143,380,--,380,143,196,237,380,Algún campo sin dato,1,791458ccc939eba1cd1054c323f8245c186d1f83060527a733acc4a3e75e4833,26/06/2023 01:53:04,ESCANER
15543,"Huehuetenango",13,"Ixtahuacán",9,2261,380,14,17,1,3,48,6,16,1,0,47,1,5,0,4,7,170,18,15,203,0,203,--,380,177,170,203,203,Algún campo sin dato,1,ee8657d8b8a2acbc98206c1038bc81ceed493aca768eb68e68d992ef2ed456d6,25/06/2023 23:29:25,ESCANER
15544,"Huehuetenango",13,"Ixtahuacán",9,2261,286,14,20,0,0,61,1,16,3,0,32,1,3,2,9,1,163,13,3,179,0,179,--,286,104,163,179,179,Algún campo sin dato,1,6ef046dff75947eee6d65e89e3419dffeca8499eefd21d1a77de3de8997cbbc2,26/06/2023 01:56:14,ESCANER
15545,"Huehuetenango",13,"Ixtahuacán",9,2261,285,16,8,2,1,36,3,11,0,1,37,2,2,2,8,2,131,13,7,151,0,151,--,285,134,131,151,151,Algún campo sin dato,1,b3db9390d1b502310ad93a8a05770795922112b202910076cc344ae9adb29eff,26/06/2023 01:36:43,ESCANER
15546,"Huehuetenango",13,"Ixtahuacán",9,2262,380,91,17,0,2,32,13,3,2,0,35,1,31,3,0,3,233,26,14,273,0,273,--,380,107,233,273,273,Algún campo sin dato,1,7836e8790acd7155b53df7418e7e37467c901ca445409d536df98bffab9d2a07,26/06/2023 04:33:04,ESCANER
15547,"Huehuetenango",13,"Ixtahuacán",9,2262,380,97,15,1,3,28,5,4,2,0,35,1,44,10,0,2,247,21,8,276,0,276,--,380,104,247,276,276,Algún campo sin dato,1,aeba7e3a9ad611f4b9753d6d61ab12035fa4539fa28b757f881db26af97b8a82,26/06/2023 00:03:38,ESCANER
15548,"Huehuetenango",13,"Ixtahuacán",9,2262,257,47,5,1,0,24,5,1,1,0,23,0,27,1,0,1,136,15,5,156,0,156,--,254,98,136,156,156,Algún campo sin dato,1,fafa4fdc9f60fd848b1571a44e4998880b08580e565e2f688929364305f70169,25/06/2023 22:41:03,ESCANER
15549,"Huehuetenango",13,"Ixtahuacán",9,2262,257,59,13,1,0,27,5,1,0,0,18,0,21,2,0,1,148,10,2,160,0,160,--,257,97,148,160,160,Algún campo sin dato,1,ed112efc727b21e18ba3194ff9481a2d242784e85ee241409596a88b20d5d595,26/06/2023 00:11:11,ESCANER
15550,"Huehuetenango",13,"Ixtahuacán",9,2263,380,49,15,4,2,55,3,14,2,1,64,2,38,0,2,9,260,20,12,292,0,292,--,380,88,260,292,292,Algún campo sin dato,1,73836777580389b09ae9c65ead4c340fc453b8850ff6b7a461f2af2cc32831f6,25/06/2023 23:44:05,ESCANER
15551,"Huehuetenango",13,"Ixtahuacán",9,2263,380,47,18,1,1,98,2,19,4,4,31,2,24,0,1,4,256,21,13,290,0,290,--,381,91,256,290,290,Algún campo sin dato,1,2b7425516278963d4506bdebb6714c99a70a08a9ded94166b0be07e5618350fa,26/06/2023 04:31:14,ESCANER
15552,"Huehuetenango",13,"Ixtahuacán",9,2263,380,47,15,7,1,58,4,16,1,9,48,1,26,1,2,3,239,19,9,267,0,267,--,380,113,239,267,267,Algún campo sin dato,1,40b4932df07b5220ac6d45ee4900af3e9319e77b9b21f67b6d06e6f231acb197,25/06/2023 22:50:40,ESCANER
15553,"Huehuetenango",13,"Ixtahuacán",9,2263,380,37,17,9,3,54,8,14,0,3,44,1,24,1,0,4,219,24,11,254,123,377,--,--,--,219,254,377,Algún campo sin dato,1,d22ace8b145d178d072dd44c95cb4b008fe1de6dfbb303e005c5ceea78906f8a,26/06/2023 01:45:27,ESCANER
15554,"Huehuetenango",13,"Ixtahuacán",9,2263,380,55,12,6,1,47,2,13,2,3,45,1,25,1,0,2,215,21,11,247,1,248,--,380,132,215,247,248,Algún campo sin dato,1,ea23f863e31ac5eed6afdb46ba30a091b54feb9d3b9ddcabdf4cddf9542d20a2,26/06/2023 02:07:02,ESCANER
15555,"Huehuetenango",13,"Ixtahuacán",9,2263,255,32,6,3,1,46,1,6,2,5,24,1,22,2,0,3,154,7,1,162,0,162,--,255,93,154,162,162,Algún campo sin dato,1,0f0f9a990b98431ebbb5ef733ca3385da1afdaae89e6ac8207b03263c2c7d669,25/06/2023 21:55:03,ESCANER
15556,"Huehuetenango",13,"Ixtahuacán",9,2263,254,22,9,3,0,30,1,7,0,1,25,1,26,0,0,2,127,9,5,141,0,141,--,254,113,127,141,141,Algún campo sin dato,1,e8291e3a9ed19e6e0432b95ad10914795d1df2e1337bac9c9f148db022c4da1a,25/06/2023 23:42:57,ESCANER
15557,"Huehuetenango",13,"Ixtahuacán",9,2264,380,121,18,2,2,6,6,28,1,3,39,2,12,2,0,0,242,29,20,291,0,291,--,380,89,242,291,291,Algún campo sin dato,1,cf83099f875d898b88d4ab5589543d3d77d9440cbc885ad7d537ea6ce5d7e6a9,26/06/2023 00:40:38,ESCANER
15558,"Huehuetenango",13,"Ixtahuacán",9,2264,380,114,8,1,1,11,6,12,1,2,47,2,8,3,0,2,238,18,2,238,0,238,--,380,142,218,238,238,Sumas Asentadas sin cuadrar,1,241273846e6fdd08ac7a9feddb8c36e415fd77d94afcbabb9f785a073fe11adc,26/06/2023 02:40:41,ESCANER
15559,"Huehuetenango",13,"Ixtahuacán",9,2264,191,62,11,1,0,4,1,13,0,0,27,1,3,1,1,0,125,5,1,131,0,131,--,--,--,125,131,131,Algún campo sin dato,1,f10985f4885325125de876dbc0358ec1dd597b8ad7c38918565142fb2643a993,25/06/2023 22:42:27,ESCANER
15560,"Huehuetenango",13,"Ixtahuacán",9,2264,191,46,3,1,0,3,1,6,0,2,8,1,13,0,1,0,85,3,2,90,0,90,--,191,101,85,90,90,Algún campo sin dato,1,1b75142e635460925cf14147b1b1f3386b4a5d22b4a0514a9e12b2407c0164b2,25/06/2023 21:48:51,ESCANER
15561,"Huehuetenango",13,"Ixtahuacán",9,2265,384,3,3,0,6,9,2,9,1,0,37,0,4,6,1,1,82,11,5,98,0,98,--,384,286,82,98,98,Algún campo sin dato,1,6ac0d4884016a790234fe5f64a478e99f1836603a94747793bd679cd171b76c3,25/06/2023 22:34:50,ESCANER
15562,"Huehuetenango",13,"Ixtahuacán",9,2265,383,6,5,0,3,4,0,5,1,1,15,0,0,1,0,0,41,3,0,44,0,44,--,383,339,41,44,44,Algún campo sin dato,1,8e00b349c881bfaedcc5fd1de6e0bfda5150f9cf0e666c450db500e7517444fb,25/06/2023 23:20:48,ESCANER