﻿TIPO_DE_ELECCIÓN:,CORPORACIÓN MUNICIPAL
28 junio 2023 21:35 (UTC -6)
ACTAS_ESPERADAS,ACTAS_CAPTURADAS,PORCENTAJE_ACTAS_CAPTURADAS,ACTAS_CONTABILIZADAS,PORCENTAJE_ACTAS_CONTABILIZADAS,ACTAS_NO_CONTABILIZADAS,LISTA_NOMINAL_ACTAS_CONTABILIZADAS,VOTOS_EMITIDOS_CONTABILIZADAS,PORCENTAJE_PARTICIPACIÓN_CIUDADANA
138,138,100.0000,138,100.0000,0,52409,37118,70.8237

MESA,DEPARTAMENTO,ID_DEPARTAMENTO,MUNICIPIO,ID_MUNICIPIO,CENTRO_DE_VOTACIÓN,PADRÓN,VAMOS,SUD,U R N G - MAIZ,TICC,VÁLIDOS,NULOS,BLANCO,EMITIDOS,INVÁLIDOS,TOTAL,IMPUGNACIONES,PAPELETAS-RECIBIDAS,PAPELETAS-NO-USADAS,VALIDOS_CALCULADO,EMITIDOS_CALCULADO,TOTAL_CALCULADO,OBSERVACIONES,CONTABILIZADA,CÓDIGO_INTEGRIDAD,FECHA_HORA_PUBLICACIÓN,DIGITALIZACIÓN
9043,"Sololá",7,"Sololá",1,1103,400,44,137,100,11,292,9,1,302,0,302,--,400,98,292,302,302,Algún campo sin dato,1,cad2c723ef6fde0f64e46dd9b7f74203e4e3e46032e32ed97fcc8a15c1dc0bc7,25/06/2023 22:24:59,MOVIL
9044,"Sololá",7,"Sololá",1,1103,400,46,115,115,9,285,6,9,300,0,300,--,400,100,285,300,300,Algún campo sin dato,1,178142fedb14ec39bc55afbc147c2da40dafbfb2af9a01c69b1f5fc79f3b15e0,26/06/2023 02:54:44,ESCANER
9045,"Sololá",7,"Sololá",1,1103,400,33,120,130,8,291,16,3,310,0,310,--,400,90,291,310,310,Algún campo sin dato,1,b89c2e0a64ed96914cce749e1c92ffbf0b614cba1abfae5d72a97a45596a5225,26/06/2023 03:32:17,ESCANER
9046,"Sololá",7,"Sololá",1,1103,400,45,109,131,15,300,12,3,315,0,315,--,400,85,300,315,315,Algún campo sin dato,1,75fcf2744a73446ec0e175713b6368df0150f3d90043968e1b5b6bc6160d976a,26/06/2023 03:02:48,ESCANER
9047,"Sololá",7,"Sololá",1,1103,400,36,136,130,17,319,8,1,328,0,328,--,400,72,319,328,328,Algún campo sin dato,1,4abec972aadcb6acf6e3a5bc75cf180a9980852aa4a2ba4048642f6f7a030922,26/06/2023 03:00:35,ESCANER
9048,"Sololá",7,"Sololá",1,1103,400,46,134,94,25,299,9,1,309,0,309,--,400,91,299,309,309,Algún campo sin dato,1,71827157ec44f1a102d4a150e187546fb8d4ae52c16a67f8c6fb42547eca662f,26/06/2023 03:48:40,ESCANER
9049,"Sololá",7,"Sololá",1,1103,400,38,138,90,16,282,7,1,290,0,290,--,400,110,282,290,290,Algún campo sin dato,1,e4fa556630686cd4d4c20ca419e0c3ab6f621748d084b9cc61a498f4341ecb56,26/06/2023 00:25:10,ESCANER
9050,"Sololá",7,"Sololá",1,1103,400,43,118,116,7,284,5,1,290,0,290,--,400,110,284,290,290,Algún campo sin dato,1,b929c751baec4b21c90ff57e538eb2fa3c32c3b51832b4b7736e3bdebb4d4895,26/06/2023 02:44:01,ESCANER
9051,"Sololá",7,"Sololá",1,1103,400,32,149,75,15,271,5,4,280,1,281,--,400,119,271,280,281,Algún campo sin dato,1,309a03d3bf67d80729f40328f04358035485e599cb3fa79dae1c908dad5c1aef,26/06/2023 00:06:17,ESCANER
9052,"Sololá",7,"Sololá",1,1103,400,32,135,116,11,294,13,2,309,0,309,--,400,91,294,309,309,Algún campo sin dato,1,6adb734dd678a1791da0c7063396b413c8f2237449408c952dcf88c6c6ebf846,26/06/2023 03:48:11,ESCANER
9053,"Sololá",7,"Sololá",1,1103,400,31,137,99,13,280,13,2,295,0,295,--,400,105,280,295,295,Algún campo sin dato,1,83764d6ed5e1e6836d60b72c8f175b20b322d55454bbd9917502a5aaae78ab11,25/06/2023 23:26:47,ESCANER
9054,"Sololá",7,"Sololá",1,1103,400,38,136,96,12,282,12,2,296,0,296,--,400,104,282,296,296,Algún campo sin dato,1,e940375405ceed0daa76df6b89720e4902c65ac1b84e375571b75fe0b27e3f66,26/06/2023 03:10:13,ESCANER
9055,"Sololá",7,"Sololá",1,1103,400,41,135,80,11,267,6,1,274,0,274,--,400,126,267,274,274,Algún campo sin dato,1,8616411b3712c418bbe14abb7d132868b4ca3c0c2285ca6db510790b7e8b9fc0,26/06/2023 01:59:02,ESCANER
9056,"Sololá",7,"Sololá",1,1103,400,27,145,62,13,247,2,2,251,0,251,--,400,149,247,251,251,Algún campo sin dato,1,fe537bc64e0e4782434d80f82521818b6289a612a6a6a280ab76dc87883fe9be,26/06/2023 02:52:52,ESCANER
9057,"Sololá",7,"Sololá",1,1103,400,47,119,84,16,266,3,0,269,0,269,--,397,128,266,269,269,Algún campo sin dato,1,ec689bbcc889be3b690baf45b9aec641a8d341760e65e1e0a7ad0ebe8e2f82c3,26/06/2023 01:21:44,ESCANER
9058,"Sololá",7,"Sololá",1,1103,249,16,83,51,9,159,2,1,162,0,162,--,248,86,159,162,162,Algún campo sin dato,1,5528b752cea04b535fcd38d5c8bbd53ef8ed65deb8f5b36a20e78a98e3a03257,26/06/2023 00:25:02,ESCANER
9059,"Sololá",7,"Sololá",1,1103,248,16,66,59,4,145,2,0,147,0,147,--,248,101,145,147,147,Algún campo sin dato,1,0337c06489819418d1e832ac67f576292d49e1f9d332e0e33e5bae5e38edc987,26/06/2023 00:43:46,ESCANER
9060,"Sololá",7,"Sololá",1,1104,400,47,119,122,12,300,8,3,311,0,311,--,400,89,300,311,311,Algún campo sin dato,1,4e426f32e684ac6c051af5e38b4f93a68771b708a7091bac184e419b93ab21f6,26/06/2023 01:10:37,ESCANER
9061,"Sololá",7,"Sololá",1,1104,400,62,108,117,10,300,5,5,310,0,310,--,400,90,297,307,307,Sumas Asentadas sin cuadrar,1,8cffc603b1726fbfbc3ff3ace5b5e350b40f997e423603b7170fa7ec6945dcfc,26/06/2023 03:14:36,ESCANER
9062,"Sololá",7,"Sololá",1,1104,400,43,117,124,5,289,11,4,304,0,304,2,400,96,289,304,304,,1,b079c51d6d2fd8cf10d611d2773f23d57a9ced257a7d23023d43f830bc8fe302,26/06/2023 01:29:55,ESCANER
9063,"Sololá",7,"Sololá",1,1104,400,38,93,176,8,315,11,3,329,0,329,--,400,68,315,329,329,Algún campo sin dato,1,6236eba9d095b081f5f5a1166526e560f27b4e42d1ebcb99f3e147d0f5c71418,26/06/2023 04:16:40,ESCANER
9064,"Sololá",7,"Sololá",1,1104,400,40,113,143,13,309,13,4,326,0,326,--,400,74,309,326,326,Algún campo sin dato,1,b6175546a2deed875028ad00856688db8d83188c18653f99192191a258630b6a,26/06/2023 00:57:13,ESCANER
9065,"Sololá",7,"Sololá",1,1104,400,60,110,135,12,317,10,2,329,0,329,--,400,71,317,329,329,Algún campo sin dato,1,74be0e526d706a08adffa021fe13e3cf894ccfd23ddb5d316a78909a4470f85a,26/06/2023 02:11:23,ESCANER
9066,"Sololá",7,"Sololá",1,1104,400,28,110,169,16,323,3,3,329,0,329,--,400,71,323,329,329,Algún campo sin dato,1,feff31173ade4cca86185c220cddf5733d7f3d4a03a79b3a95077920908ba677,25/06/2023 23:56:53,ESCANER
9067,"Sololá",7,"Sololá",1,1105,400,41,110,150,8,309,9,2,320,0,320,--,--,--,309,320,320,Algún campo sin dato,1,c3af0b57a9fec4fbfcdc69f529f6b87878be5896f0c6666d25fb99a64bd13526,25/06/2023 23:55:02,ESCANER
9068,"Sololá",7,"Sololá",1,1105,400,26,86,180,7,299,10,5,314,0,314,--,396,82,299,314,314,Algún campo sin dato,1,4f6617c357b7aa1a7222a4c8c7d75dc3501c97e411038cd19265880d5506998c,26/06/2023 01:05:48,ESCANER
9069,"Sololá",7,"Sololá",1,1105,400,28,127,150,6,311,7,3,321,0,321,--,400,79,311,321,321,Algún campo sin dato,1,7cd5e0465b2aeb23f83256ffce0d2e6d90c37dfc3f0e1c4509fafe65c534ed0a,25/06/2023 23:21:00,ESCANER
9070,"Sololá",7,"Sololá",1,1105,400,47,133,124,16,320,9,4,333,0,333,--,100,67,320,333,333,Algún campo sin dato,1,fb033c295c3ddd811cdb6c2e7086d7df40606b07fbd7e2d2a6b5f61924ac7fad,26/06/2023 00:15:24,ESCANER
9071,"Sololá",7,"Sololá",1,1105,400,36,121,118,15,290,8,5,303,0,303,--,400,97,290,303,303,Algún campo sin dato,1,620d845181cd90cc66669cf20ec358bcd82c6b3658f97b0749c41d2f4deaa29f,26/06/2023 01:36:52,ESCANER
9072,"Sololá",7,"Sololá",1,1105,400,34,94,144,8,280,3,2,285,0,400,--,400,115,280,285,285,Sumas Asentadas sin cuadrar,1,85436b7fc4c507d27c1c48383d6a809d2e63b0640f9adeeeba88cd05afbcccbe,26/06/2023 01:25:53,ESCANER
9073,"Sololá",7,"Sololá",1,1106,400,27,119,112,10,268,5,0,273,0,273,--,400,127,268,273,273,Algún campo sin dato,1,f8ef59c694cd9670c2e7d0246fbf94a067d5a255b72aebbf8e84d494a2981d29,26/06/2023 01:35:59,ESCANER
9074,"Sololá",7,"Sololá",1,1106,400,41,120,116,10,287,6,2,295,1,296,--,400,104,287,295,296,Algún campo sin dato,1,eeaee8f375e437f59c513980b2a044139dbf32a5904602789207d753549680ed,26/06/2023 01:21:16,ESCANER
9075,"Sololá",7,"Sololá",1,1106,400,38,130,112,14,294,10,2,306,0,306,--,400,94,294,306,306,Algún campo sin dato,1,b3d89ee13b14287738e62daa5161bbd01f69f2c4fe054824f344963d54795a6b,26/06/2023 01:16:35,ESCANER
9076,"Sololá",7,"Sololá",1,1106,400,28,131,102,13,274,4,4,282,0,282,0,400,118,274,282,282,,1,a5923f1b6b9e28947d89654f628c02f9ee4c03aac8375966dfc7d193f32a8875,26/06/2023 00:10:17,ESCANER
9077,"Sololá",7,"Sololá",1,1106,400,31,104,131,6,272,4,0,276,0,276,--,400,124,272,276,276,Algún campo sin dato,1,5eb745a1a04ed2cc5f908c335341d9e0cd6a86c273b41a45b9ea9b1974b23de3,25/06/2023 22:37:22,ESCANER
9078,"Sololá",7,"Sololá",1,1107,400,37,123,110,7,277,1,0,278,1,279,--,400,121,277,278,279,Algún campo sin dato,1,208ec681228b68d4354789967109fd887022fe116a90f033fd2be4accfeee531,26/06/2023 02:15:59,ESCANER
9079,"Sololá",7,"Sololá",1,1107,400,46,119,104,14,283,2,1,286,0,0,--,400,114,283,286,286,Algún campo sin dato,1,6e635d592ba1703e30c69a379584aa937c0cf9b11e4ca5e2739a1b880be65713,26/06/2023 02:29:11,ESCANER
9080,"Sololá",7,"Sololá",1,1108,400,34,126,109,6,275,2,0,277,0,277,--,401,124,275,277,277,Algún campo sin dato,1,3862ae5f45151049d56bd6247d38a92e950a43632852c2d98746f07113b0283a,26/06/2023 02:38:06,ESCANER
9081,"Sololá",7,"Sololá",1,1109,400,22,101,139,7,269,6,0,275,0,275,--,400,125,269,275,275,Algún campo sin dato,1,5dac5abc36e08200380c45b1b60c8291e35d0eb65f38c4d584c1e7e99d692fe2,26/06/2023 00:27:29,ESCANER
9082,"Sololá",7,"Sololá",1,1109,245,20,47,92,5,164,1,0,165,0,165,--,245,80,164,165,165,Algún campo sin dato,1,80d13dbe6fb91ee4ae0d8681a4f5e81a61a59b39eaa32fed8ee5524a260d16bf,26/06/2023 00:10:41,ESCANER
9083,"Sololá",7,"Sololá",1,1109,244,17,73,82,4,176,4,0,180,0,180,--,244,64,176,180,180,Algún campo sin dato,1,d0f3e16a21dfbd4541ea381b7e46ade5d618ac06e67d2a2f756e46cf968ed507,25/06/2023 23:48:55,ESCANER
9084,"Sololá",7,"Sololá",1,1110,400,145,82,77,9,313,3,3,319,0,319,--,400,81,313,319,319,Algún campo sin dato,1,9304b7115595254d00c5d7fb64b8d37ce3d8353bdd93857426bd13931e4ef940,26/06/2023 00:02:18,ESCANER
9085,"Sololá",7,"Sololá",1,1110,400,140,96,72,11,319,6,9,334,0,334,--,400,66,319,334,334,Algún campo sin dato,1,2d4f6e9b19962bc6b84792752c39a29c302b83f0ba89d068fa0a115b8d17c8f7,25/06/2023 23:25:07,ESCANER
9086,"Sololá",7,"Sololá",1,1110,400,152,77,90,8,327,11,6,344,0,344,--,400,56,327,344,344,Algún campo sin dato,1,4bad8a9bca48eb6b663bb837195593e34848a92721b5d65b01ef1a22f116d616,26/06/2023 02:57:37,ESCANER
9087,"Sololá",7,"Sololá",1,1110,400,131,73,111,5,320,2,2,324,0,324,--,400,76,320,324,324,Algún campo sin dato,1,9027f11560d64287a27f0399f14b32c5b9fe38d7e810e8940d9dc063953d2a6a,25/06/2023 23:45:45,ESCANER
9088,"Sololá",7,"Sololá",1,1110,400,140,93,72,4,309,8,7,324,0,324,--,400,76,309,324,324,Algún campo sin dato,1,dd2e75254e980ce1dc7802c11f7182b2b81a0392a7043ad217187f64850a9764,26/06/2023 01:47:18,ESCANER
9089,"Sololá",7,"Sololá",1,1110,400,116,111,85,6,318,9,12,339,0,339,--,400,61,318,339,339,Algún campo sin dato,1,cc145df84d57c91eb727d84a3314404dd75a89d1402730919663b7c8dda1dfa3,26/06/2023 01:34:40,ESCANER
9090,"Sololá",7,"Sololá",1,1110,400,110,97,98,3,308,6,7,321,0,321,--,400,79,308,321,321,Algún campo sin dato,1,e392b4ea205b5ca58922509a32f9c152fd8421c49cb2f8360827584e83b507ce,26/06/2023 01:09:41,ESCANER
9091,"Sololá",7,"Sololá",1,1110,400,139,118,69,3,329,3,0,332,0,332,--,400,68,329,332,332,Algún campo sin dato,1,2487651e785359ad28ea7b8a5181d535cfbadda3e55e8bb2d475f1a2e07f2e25,26/06/2023 00:58:48,ESCANER
9092,"Sololá",7,"Sololá",1,1110,400,138,120,41,12,311,6,2,319,0,319,--,400,81,311,319,319,Algún campo sin dato,1,40ebd6ab1e5688518b548d2adab437086e0b33178ddbdfcdcac5b51b9c03f8f1,26/06/2023 03:08:08,ESCANER
9093,"Sololá",7,"Sololá",1,1110,400,125,90,95,7,317,10,4,331,0,331,--,400,69,317,331,331,Algún campo sin dato,1,ae1a344afaa65109359b43a2ed5b78f06f445f2b4f1c730aa02c5853617e60da,26/06/2023 00:17:31,ESCANER
9094,"Sololá",7,"Sololá",1,1110,400,128,107,92,10,337,8,3,348,0,348,--,400,52,337,348,348,Algún campo sin dato,1,1dfa07f709e6896ef1b61ba4a198bde1dd7a4cf88b1949683582ea797efac96f,26/06/2023 00:40:31,ESCANER
9095,"Sololá",7,"Sololá",1,1110,400,134,110,66,8,318,3,0,321,0,321,--,400,79,318,321,321,Algún campo sin dato,1,67a16bf1916360e475d174056e71841f849497d801098cd26125485b522cc62f,26/06/2023 02:13:46,ESCANER
9096,"Sololá",7,"Sololá",1,1110,400,121,88,63,7,279,2,1,282,0,282,--,400,118,279,282,282,Algún campo sin dato,1,da011c7cdfcbbb880b7fc6b18dcb6bcd35b300b2caf6dd361ab1cf6850e792c1,26/06/2023 00:35:26,ESCANER
9097,"Sololá",7,"Sololá",1,1110,400,108,90,77,16,291,3,1,295,0,295,--,400,105,291,295,295,Algún campo sin dato,1,c446d48b9e1a3be293e63b5c84b0e722a09e07ebfe868a7c56199cc39e460816,26/06/2023 02:38:38,ESCANER
9098,"Sololá",7,"Sololá",1,1110,400,100,102,76,9,287,3,0,290,0,290,--,400,110,287,290,290,Algún campo sin dato,1,75832e188f7229eb021eb50ed6b1bcfa921280e68f251e00d6ffe483a6815756,25/06/2023 23:37:44,ESCANER
9099,"Sololá",7,"Sololá",1,1110,400,121,106,66,5,298,0,0,298,0,298,--,400,102,298,298,298,Algún campo sin dato,1,9f37809bb16b03b6bcbbcf455f883e450b1c6e39fcc008e8091464c047d96c8a,25/06/2023 23:29:51,ESCANER
9100,"Sololá",7,"Sololá",1,1110,400,117,76,75,5,273,0,0,273,0,273,--,400,127,273,273,273,Algún campo sin dato,1,2e1fe02c5b32215bd6c750a915f171f56df3f4b1908aab9c522be7bba453c6d2,26/06/2023 01:54:24,ESCANER
9101,"Sololá",7,"Sololá",1,1110,400,125,91,77,2,295,0,0,295,0,295,--,400,105,295,295,295,Algún campo sin dato,1,223987eb1296d5bdcf1d3fafc31a13a9ddb6060e84f5ac4f0cb7c505d727ea0f,26/06/2023 03:07:55,ESCANER
9102,"Sololá",7,"Sololá",1,1110,275,58,68,55,2,183,2,0,185,0,185,--,275,90,183,185,185,Algún campo sin dato,1,fa11997eb8e6aaf3e22fb66cff6aeffd52ee8af20b5dd766ad13e68b9a32fac2,25/06/2023 23:42:06,ESCANER
9103,"Sololá",7,"Sololá",1,1110,274,84,54,56,2,196,3,1,200,0,200,--,274,74,196,200,200,Algún campo sin dato,1,b3d054296df7c53c791a3b7093df0dd3c55f1636a1b7b49a682ff1949ed0fca7,25/06/2023 22:13:17,ESCANER
9104,"Sololá",7,"Sololá",1,1111,400,45,102,94,88,329,5,2,336,0,336,--,400,64,329,336,336,Algún campo sin dato,1,570c8ee6b3908a3043284d0726adfa50d4410d7f3ca6a9c88c3925f79bb4f92e,26/06/2023 00:56:42,ESCANER
9105,"Sololá",7,"Sololá",1,1111,400,46,102,103,78,329,11,1,341,0,341,--,400,59,329,341,341,Algún campo sin dato,1,342eafa8828e56388df5162fcd5e3f724ebbe706ae36ab799508f23d4d0c79d8,26/06/2023 01:46:25,ESCANER
9106,"Sololá",7,"Sololá",1,1112,400,40,94,106,67,307,10,3,320,0,320,--,400,80,307,320,320,Algún campo sin dato,1,ff2e01df4817b134f0404b273748c0ac1e409b14a5d13155a9cfb7b20eb05e9f,26/06/2023 02:33:05,ESCANER
9107,"Sololá",7,"Sololá",1,1112,219,14,62,47,29,152,2,0,154,0,154,--,219,65,152,154,154,Algún campo sin dato,1,6623329e4bee57ed6be701c32697031602127ace3349c2c3d1c7710840fbb965,25/06/2023 23:13:57,ESCANER
9108,"Sololá",7,"Sololá",1,1112,218,32,46,49,23,150,2,0,0,0,152,--,--,--,150,152,152,Algún campo sin dato,1,00a5d5687195651685cbf19686649c0956806c3d8537980b1c4834878f7dcd51,25/06/2023 23:04:32,ESCANER
9109,"Sololá",7,"Sololá",1,1113,380,39,147,102,6,294,6,0,300,0,300,--,380,80,294,300,300,Algún campo sin dato,1,a4ac8a99115f51a04f72b7b7386fd69aa9edbb376b7eabd11c00172fdea6a2d5,26/06/2023 00:34:43,ESCANER
9110,"Sololá",7,"Sololá",1,1113,380,50,141,104,3,298,5,6,309,0,309,--,380,71,298,309,309,Algún campo sin dato,1,cc1c1ae69d4143cc580ee833ce6746ff0a3c7b5a2fa7913faa9f3ae096d5d707,26/06/2023 04:03:11,ESCANER
9111,"Sololá",7,"Sololá",1,1113,380,46,126,86,2,260,5,6,271,0,271,--,377,106,260,271,271,Algún campo sin dato,1,628a68e93fe51badb0251ca6b93cb8065cb3b108404b76fb3af0e3d6e8007583,26/06/2023 02:13:58,ESCANER
9112,"Sololá",7,"Sololá",1,1113,380,48,99,149,7,303,3,1,307,0,307,--,380,73,303,307,307,Algún campo sin dato,1,0b9f872af878c2a6d65ff2401f245971006305d9820359e88c57130c51b58216,25/06/2023 23:06:53,ESCANER
9113,"Sololá",7,"Sololá",1,1113,380,52,133,90,11,286,4,6,296,0,296,--,380,84,286,296,296,Algún campo sin dato,1,be5470e00292b4986af2fb70a72fc6f9fa971471203775457b8bc491f1f6c365,26/06/2023 01:47:02,ESCANER
9114,"Sololá",7,"Sololá",1,1113,380,34,163,64,8,269,11,0,280,0,280,--,380,100,269,280,280,Algún campo sin dato,1,64f51fbce32830473f11cc2bd799350a68a565985e2b6cc0180de491704870f7,26/06/2023 03:28:54,ESCANER
9115,"Sololá",7,"Sololá",1,1113,380,40,154,73,2,269,7,4,280,0,280,--,380,100,269,280,280,Algún campo sin dato,1,0d8f257b65e7331b1b65b174a360d9852e1fe2b7b1c20b98d753e4e0297d0b5d,26/06/2023 03:57:14,ESCANER
9116,"Sololá",7,"Sololá",1,1113,380,30,110,152,3,295,9,2,306,0,306,--,380,74,295,306,306,Algún campo sin dato,1,f94a415e4afaed975848f9591b55aafa4cd6510c30a188738c76a0302e68c605,26/06/2023 03:41:43,ESCANER
9117,"Sololá",7,"Sololá",1,1113,380,36,131,98,6,271,7,1,279,0,--,--,380,101,271,279,279,Algún campo sin dato,1,5485a81a1b95e97e67244fe7d177dae4359e25b09d9fdfe1d1947eae1d96568a,26/06/2023 00:26:40,ESCANER
9118,"Sololá",7,"Sololá",1,1113,380,26,104,84,4,218,7,0,225,0,225,--,380,155,218,225,225,Algún campo sin dato,1,d61bfd61b896dd55e46b219d268c62043085b606a7633ed5942edb3fa0e8a341,25/06/2023 23:12:51,ESCANER
9119,"Sololá",7,"Sololá",1,1113,380,34,114,84,3,235,6,4,245,0,245,--,380,135,235,245,245,Algún campo sin dato,1,8d113fe0275a6731c395bd4df557a5030924c87c80361b8d9937d46e0d00f279,26/06/2023 02:37:04,ESCANER
9120,"Sololá",7,"Sololá",1,1113,380,30,119,76,5,230,2,0,232,0,232,--,380,148,230,232,232,Algún campo sin dato,1,3e0ba20213df68500973094a117fbfb0148b797ea7602ca67c42ade4a0acec70,25/06/2023 23:55:19,ESCANER
9121,"Sololá",7,"Sololá",1,1113,380,30,98,110,6,244,1,0,245,0,245,--,380,135,244,245,245,Algún campo sin dato,1,2ff67b1b542664bf0e93d8ba8f8ba58910ca55e5a7b2aa1b4f366d8872880c7c,26/06/2023 02:08:22,ESCANER
9122,"Sololá",7,"Sololá",1,1113,351,18,122,55,6,201,1,2,204,0,204,--,351,147,201,204,204,Algún campo sin dato,1,07f47f6ef7257b0fcea09cbc960e96d2b4ae893478784d93d4505eded7c253e7,26/06/2023 00:15:38,ESCANER
9123,"Sololá",7,"Sololá",1,1113,351,39,114,62,1,216,1,0,217,0,217,--,348,131,216,217,217,Algún campo sin dato,1,cfbd495310f2c735f2ced35219d6349c5a4232404bc623783bf560a5fc49c147,25/06/2023 23:20:51,ESCANER
9124,"Sololá",7,"Sololá",1,1114,380,49,107,76,4,236,6,4,246,0,246,--,380,134,236,246,246,Algún campo sin dato,1,bbdd3ce905d70392c04fcc212bb0a926f533bd01ff54921d83a01f593a3ec819,26/06/2023 00:39:13,ESCANER
9125,"Sololá",7,"Sololá",1,1114,380,38,136,87,4,265,9,4,278,0,278,--,380,102,265,278,278,Algún campo sin dato,1,cee31e025e55c6cfbbc2f1cdd5ac2be37aa67e94208fd04baad2829050fdbe5a,26/06/2023 00:58:35,ESCANER
9126,"Sololá",7,"Sololá",1,1114,380,47,89,114,3,253,13,4,270,--,270,--,380,110,253,270,270,Algún campo sin dato,1,dc738f1c1599611a0cf4ddd4e7527912e618a76814da51feae66f396feee96fc,26/06/2023 01:42:57,ESCANER
9127,"Sololá",7,"Sololá",1,1114,380,59,77,130,7,273,15,7,295,0,295,0,380,85,273,295,295,,1,5f2cef2e7318e315c4b5f87a01ce7ac202fcfc1217191a7c4b97facd2c511f2f,26/06/2023 00:54:40,ESCANER
9128,"Sololá",7,"Sololá",1,1114,380,50,109,112,4,275,9,5,289,0,289,--,380,91,275,289,289,Algún campo sin dato,1,95e3a309a816911d654eade16133a173923d99009891b9662d97dc65c2ac5827,25/06/2023 23:22:03,ESCANER
9129,"Sololá",7,"Sololá",1,1114,380,65,122,78,3,268,16,4,288,0,288,--,389,90,268,288,288,Algún campo sin dato,1,eb6bde2ca8d46e3ebdcce8a8c99850bdf76a9dcd79771dad3d56479ecb9db3fe,25/06/2023 23:13:09,ESCANER
9130,"Sololá",7,"Sololá",1,1114,380,53,111,77,11,252,10,6,268,0,268,--,380,112,252,268,268,Algún campo sin dato,1,9dcb22887ebd439afac3915efe4791f07c7851f68f640a83ef5f3776e26de2f8,25/06/2023 23:37:05,ESCANER
9131,"Sololá",7,"Sololá",1,1114,380,59,70,141,3,273,10,6,289,0,289,--,380,91,273,289,289,Algún campo sin dato,1,5096ccf9676c2f50a05c0f32801216d1bcebbd69e7f3f997b5c699424c4d7926,26/06/2023 00:13:27,ESCANER
9132,"Sololá",7,"Sololá",1,1114,380,51,103,108,4,266,10,4,280,0,280,--,380,100,266,280,280,Algún campo sin dato,1,27d30e4a033bd30bb938fe4d20716eed1cd6bd6d9f54081d99490431778e0d4b,26/06/2023 01:47:56,ESCANER
9133,"Sololá",7,"Sololá",1,1114,380,54,114,90,5,263,6,4,273,0,273,--,380,107,263,273,273,Algún campo sin dato,1,af76abca6b0d361e05043467ac133696754bb226edbbd76ef9e181d17bb7f38a,25/06/2023 23:47:17,ESCANER
9134,"Sololá",7,"Sololá",1,1114,380,33,103,113,5,254,8,3,265,0,265,--,377,112,254,265,265,Algún campo sin dato,1,51a9f0d4ed8060632c407f442c900a2af9b8c92e13cb64579b34b74faf3811b7,26/06/2023 01:19:00,ESCANER
9135,"Sololá",7,"Sololá",1,1114,380,89,109,84,6,288,12,3,303,0,303,--,380,77,288,303,303,Algún campo sin dato,1,9985eeff6b8df3dde709c27f22dfc1936b244439cd545c272e03d5f0b4af58b1,26/06/2023 00:36:40,ESCANER
9136,"Sololá",7,"Sololá",1,1115,380,58,106,110,8,282,11,5,298,0,298,--,380,82,282,298,298,Algún campo sin dato,1,615684ffd1118663d4d1498df107f19087bad9583ccdb993d1b423499ee91fac,25/06/2023 21:59:49,ESCANER
9137,"Sololá",7,"Sololá",1,1115,380,41,103,86,4,234,5,1,240,0,240,--,380,140,234,240,240,Algún campo sin dato,1,7967e61db1dd2e17923bfa0291cb6bb294562b7c7359bba5cfe9fbfd32080a8e,26/06/2023 01:53:52,ESCANER
9138,"Sololá",7,"Sololá",1,1115,380,48,92,90,2,232,4,0,236,0,236,--,380,144,232,236,236,Algún campo sin dato,1,cdc682092df6f310a94a09662e201711a623ec6c1bca7a53777ea78166f4fda7,26/06/2023 02:20:36,ESCANER
9139,"Sololá",7,"Sololá",1,1115,380,55,95,26,5,241,6,2,249,0,249,--,320,131,181,189,189,Sumas Asentadas sin cuadrar,1,1ea367504e91ddc4e2af4dfbb0fb354cca99d7e6f3b578dc48ada84368dfc364,26/06/2023 05:18:38,MOVIL
9140,"Sololá",7,"Sololá",1,1115,380,39,91,96,4,230,4,2,236,0,236,--,380,144,230,236,236,Algún campo sin dato,1,93429a7373aba166cd095a8b27f6a7afc9f81ed9961ef9d16bbd12f5d0ce6f52,25/06/2023 23:57:07,ESCANER
9141,"Sololá",7,"Sololá",1,1115,380,58,108,88,3,257,5,0,262,0,262,--,380,118,257,262,262,Algún campo sin dato,1,5d500ee79e8e884a92da094989ea6dc96ab8cf55392c3ad8f6e2f252dec9bdde,26/06/2023 02:10:25,MOVIL
9142,"Sololá",7,"Sololá",1,1116,380,40,98,82,7,227,1,0,228,0,228,--,380,152,227,228,228,Algún campo sin dato,1,e33acd9ddfc1934be4443a9d35f5cb69f5ca5ba7a28f9a8ff2ab6b0f2d5dcbef,26/06/2023 02:17:46,MOVIL
9143,"Sololá",7,"Sololá",1,1116,380,56,98,66,3,223,0,0,223,0,223,--,380,157,223,223,223,Algún campo sin dato,1,61847c033f86a399566a755b2d8ae1b3fd8d62705ca707653712a2552df4d106,26/06/2023 02:31:06,MOVIL
9144,"Sololá",7,"Sololá",1,1116,380,31,82,112,3,228,0,1,229,0,229,--,380,151,228,229,229,Algún campo sin dato,1,7849540db2c57f2235f623841cd123b7e77a4582f5b395e2831ed741a27ae60f,25/06/2023 23:08:09,ESCANER
9145,"Sololá",7,"Sololá",1,1116,380,59,98,72,4,233,0,1,234,0,234,--,380,146,233,234,234,Algún campo sin dato,1,76fb7f76cb33b48f5e369ceaf6a3d24d6af0e5d1e2200cc9e68ae68b637066b9,26/06/2023 02:01:00,MOVIL
9146,"Sololá",7,"Sololá",1,1116,222,29,54,55,3,141,5,2,148,70,218,--,218,70,141,148,218,Algún campo sin dato,1,f2b8cfb3eb51f1b1c4e53558e2b33faaa5f6e1dcd8b5717b1f713437a2993b67,26/06/2023 01:31:54,MOVIL
9147,"Sololá",7,"Sololá",1,1116,221,34,55,63,3,155,4,2,161,0,161,--,221,60,155,161,161,Algún campo sin dato,1,6ac5f21ff9a7900972f19b25be9ea8bc74deda2e120d00a3157a22388897e55d,25/06/2023 23:30:53,ESCANER
9148,"Sololá",7,"Sololá",1,1117,380,67,109,93,7,276,14,7,297,0,297,--,380,83,276,297,297,Algún campo sin dato,1,0312b4ceecb7a3b7cc723f3cd2edfd59445c49e55bdf0c66de2c8a2af91919dd,25/06/2023 23:18:27,ESCANER
9149,"Sololá",7,"Sololá",1,1117,380,61,103,124,4,292,11,5,308,0,308,--,381,73,292,308,308,Algún campo sin dato,1,9cb75b6818fcb11fd11ea8f973fd795bb95fe9e61121cdeeccdd4c91f958888d,26/06/2023 00:05:18,ESCANER
9150,"Sololá",7,"Sololá",1,1117,380,99,154,44,10,307,5,5,317,0,317,--,377,60,307,317,317,Algún campo sin dato,1,2ff7be0ae4b7b4c451f591222c4cf997bf406e6ff6629539b4dbd509c02bd7fe,26/06/2023 01:05:05,ESCANER
9151,"Sololá",7,"Sololá",1,1117,380,81,56,149,2,288,7,2,297,0,297,--,380,83,288,297,297,Algún campo sin dato,1,887d1d9e1605866480cbe8ce76ea19a6debd5a32f55df1c86c0227b917e8032a,25/06/2023 23:52:14,ESCANER
9152,"Sololá",7,"Sololá",1,1117,380,83,113,89,3,288,5,6,299,0,299,--,380,81,288,299,299,Algún campo sin dato,1,9420553410e3600184301cda4787e9c59a2007ed3a59f771f3bae16d8d3fa2b4,26/06/2023 03:18:41,ESCANER
9153,"Sololá",7,"Sololá",1,1117,380,91,123,52,6,272,9,2,283,0,283,--,380,97,272,283,283,Algún campo sin dato,1,b0dc682de04a6ae96c97114187ab8e7200f19ac715770600b0f1723f2c6cee61,25/06/2023 23:30:32,ESCANER
9154,"Sololá",7,"Sololá",1,1117,380,61,105,97,4,267,11,2,280,0,280,--,380,100,267,280,280,Algún campo sin dato,1,28bde684ce1c5880d1be53dc00f10c06e11b40dfb5e5c8d2b6475b03939fbbd5,25/06/2023 23:33:56,ESCANER
9155,"Sololá",7,"Sololá",1,1117,380,58,138,87,5,288,4,4,296,0,296,--,380,84,288,296,296,Algún campo sin dato,1,21fefdeb4d05433a8727d7140f6afd8276b200be346c8e372287da4c8b2dae90,25/06/2023 23:26:55,ESCANER
9156,"Sololá",7,"Sololá",1,1117,380,67,110,108,8,293,8,3,304,0,304,--,380,76,293,304,304,Algún campo sin dato,1,b89ae4e520e439b0c755b273d6b1db4512067efd253cb15049ad98c70e610bfd,26/06/2023 02:26:53,ESCANER
9157,"Sololá",7,"Sololá",1,1117,380,80,90,76,5,251,3,0,254,0,254,--,380,126,251,254,254,Algún campo sin dato,1,0c7dacc38a337a8a011c5b50b6d17cf571574a3a2887cd49da5034751775faec,26/06/2023 03:27:27,ESCANER
9158,"Sololá",7,"Sololá",1,1117,380,72,100,23,14,269,1,1,271,0,271,--,350,109,209,211,211,Sumas Asentadas sin cuadrar,1,d1c427cc868664bd57cbbce0671bae61f05d7d81377cce6e7d281022aaa110d1,26/06/2023 02:06:14,ESCANER
9159,"Sololá",7,"Sololá",1,1117,380,66,100,76,9,251,3,1,255,--,255,--,380,125,251,255,255,Algún campo sin dato,1,3c17e83f22f86ab46eca03ceeb6b0bfa63d7b402d9045cb2c50fe0e590880a23,26/06/2023 01:22:10,ESCANER
9160,"Sololá",7,"Sololá",1,1117,380,59,96,72,7,234,1,1,236,0,236,--,380,144,234,236,236,Algún campo sin dato,1,7f1b23d0918da9f1de677a97bc1c036a827cd806cc3dbfa659abb4b5fc967468,26/06/2023 00:03:26,ESCANER
9161,"Sololá",7,"Sololá",1,1117,380,69,96,81,8,254,1,0,255,0,255,--,377,122,254,255,255,Algún campo sin dato,1,5c57d587fa9c40d4381b89e2f44a0fccad12cede238a753d240d97db4d6e148e,26/06/2023 00:58:50,ESCANER
9162,"Sololá",7,"Sololá",1,1117,228,41,77,38,4,160,2,0,162,0,162,--,228,66,160,162,162,Algún campo sin dato,1,9dc5bf43e7a4e9bc407f5916228afe90ab54b8c8ea68a6d397ad365bc629a3af,25/06/2023 22:16:28,ESCANER
9163,"Sololá",7,"Sololá",1,1117,227,41,67,45,4,157,1,0,158,0,158,--,224,66,157,158,158,Algún campo sin dato,1,20c6d4cd9ebfcf3dcf7a204eb8b536f89ad6b9fe902550793ecba90f6c11d3f6,25/06/2023 23:44:16,ESCANER
9164,"Sololá",7,"Sololá",1,1118,380,101,84,64,5,254,5,7,266,0,266,--,380,114,254,266,266,Algún campo sin dato,1,33b88ed18f07121e095064ea70b84246ccee944775669c2f04d968b7b26bb7c3,26/06/2023 00:06:33,ESCANER
9165,"Sololá",7,"Sololá",1,1118,380,60,126,74,3,263,14,5,282,0,282,--,380,98,263,282,282,Algún campo sin dato,1,7a6552ed79eab8334748e1f6c3f7de82366e40951b1455817ae171f74a8d3dc4,25/06/2023 23:42:01,ESCANER
9166,"Sololá",7,"Sololá",1,1118,380,48,118,89,8,263,11,1,275,0,275,--,380,105,263,275,275,Algún campo sin dato,1,c7ae0499770f9c4f799b6ac11e177364d1888b81b502caa65b9bd891448a1bde,26/06/2023 00:45:05,ESCANER
9167,"Sololá",7,"Sololá",1,1118,380,56,80,129,10,275,20,4,299,0,299,--,380,81,275,299,299,Algún campo sin dato,1,1163cb434d4c8a4f9d361ee5d525b54bd9a9062a1f76fe13e996568f140e4ba7,26/06/2023 00:41:48,ESCANER
9168,"Sololá",7,"Sololá",1,1118,380,31,74,122,10,237,11,3,251,0,251,--,380,129,237,251,251,Algún campo sin dato,1,38be1405d715e70e62b90f6a7407119aeb96ebdb4614caab66b323af79690b29,26/06/2023 00:26:48,ESCANER
9169,"Sololá",7,"Sololá",1,1118,380,30,90,105,15,240,12,4,256,0,256,--,380,124,240,256,256,Algún campo sin dato,1,6f528b77387ac3274e44629098480c003b159870303e169dea7680a37c9b596f,25/06/2023 22:48:07,ESCANER
9170,"Sololá",7,"Sololá",1,1118,380,66,101,89,5,261,8,3,272,0,272,--,380,108,261,272,272,Algún campo sin dato,1,c85fd4736837cbeb9e50208ca8972856c5bf19560677e2c02af205c0950af9ea,25/06/2023 23:34:04,ESCANER
9171,"Sololá",7,"Sololá",1,1118,380,60,78,67,3,208,6,2,216,0,216,--,377,161,208,216,216,Algún campo sin dato,1,ce7de2506247f53e57ed031850073735c8968318d417c7e662b4fc3c128b57fc,26/06/2023 00:03:13,ESCANER
9172,"Sololá",7,"Sololá",1,1118,380,47,85,79,6,217,7,4,217,0,228,--,380,152,217,228,228,Sumas Asentadas sin cuadrar,1,ccbbf45f4b93abdca3644f4a1fe84f508ca231a1555ebe8acfe5cc15bc011203,26/06/2023 00:00:24,ESCANER
9173,"Sololá",7,"Sololá",1,1118,380,41,107,75,6,229,1,0,230,0,230,--,381,151,229,230,230,Algún campo sin dato,1,18e41f35126e8580a0741554a7bcdab34f267707370fa1c51d1e79a9e8e23a1d,26/06/2023 00:36:37,ESCANER
9174,"Sololá",7,"Sololá",1,1118,205,15,47,48,1,111,1,1,113,0,113,--,207,94,111,113,113,Algún campo sin dato,1,6cb964ed848bb763c0b3dbcdd094cb84d41c04e870344795af9d9b619b3ab3f3,25/06/2023 22:42:58,ESCANER
9175,"Sololá",7,"Sololá",1,1118,204,25,48,41,2,116,1,1,118,0,118,--,204,86,116,118,118,Algún campo sin dato,1,92e58ab07e694cd0e175f3c68f58d01ee58f0f1addf77bb5c617a8b109dc9766,25/06/2023 21:53:35,ESCANER
9176,"Sololá",7,"Sololá",1,1119,600,49,71,65,8,193,6,4,203,0,203,--,600,397,193,203,203,Algún campo sin dato,1,f125d61db02fc9da4e2732417ed1d7502c30fe8309dea2ba36183a8b14e5bf67,25/06/2023 21:20:48,ESCANER
9177,"Sololá",7,"Sololá",1,1119,600,30,63,113,12,218,6,6,230,0,230,--,600,369,218,230,230,Algún campo sin dato,1,642fe6519e02cc7d3a5bad50c85bb40db3524db1197c35d5e68ccbb3d014a639,26/06/2023 04:51:46,ESCANER
9178,"Sololá",7,"Sololá",1,1119,600,28,82,103,14,227,8,4,239,0,239,--,600,361,227,239,239,Algún campo sin dato,1,7f2922699ee6fe3135e04a7db1c166cb3e14469bc2315f8ad6fbb79bd6d6b00e,26/06/2023 03:42:45,ESCANER
9179,"Sololá",7,"Sololá",1,1119,504,24,79,58,6,167,10,2,179,0,179,--,503,324,167,179,179,Algún campo sin dato,1,79201ef18a6b0f24e55b06830a3b576f51886968f12c2d3ef0103d79ace1c379,25/06/2023 23:11:04,ESCANER
9180,"Sololá",7,"Sololá",1,1119,504,21,43,44,5,113,2,2,117,0,117,--,504,387,113,117,117,Algún campo sin dato,1,d2a6ee68131a3d6ab4231a64f393aa6b9708c4966b95541b3db0bfad0feac6e2,25/06/2023 22:27:00,ESCANER