﻿TIPO_DE_ELECCIÓN:,CORPORACIÓN MUNICIPAL
28 junio 2023 21:35 (UTC -6)
ACTAS_ESPERADAS,ACTAS_CAPTURADAS,PORCENTAJE_ACTAS_CAPTURADAS,ACTAS_CONTABILIZADAS,PORCENTAJE_ACTAS_CONTABILIZADAS,ACTAS_NO_CONTABILIZADAS,LISTA_NOMINAL_ACTAS_CONTABILIZADAS,VOTOS_EMITIDOS_CONTABILIZADAS,PORCENTAJE_PARTICIPACIÓN_CIUDADANA
70,70,100.0000,70,100.0000,0,25921,14405,55.5727

MESA,DEPARTAMENTO,ID_DEPARTAMENTO,MUNICIPIO,ID_MUNICIPIO,CENTRO_DE_VOTACIÓN,PADRÓN,VAMOS,UR,TODOS,CABAL,UNE,VALOR,PHG,URNG-MAIZ   SEMILLA,VÁLIDOS,NULOS,BLANCO,EMITIDOS,INVÁLIDOS,TOTAL,IMPUGNACIONES,PAPELETAS-RECIBIDAS,PAPELETAS-NO-USADAS,VALIDOS_CALCULADO,EMITIDOS_CALCULADO,TOTAL_CALCULADO,OBSERVACIONES,CONTABILIZADA,CÓDIGO_INTEGRIDAD,FECHA_HORA_PUBLICACIÓN,DIGITALIZACIÓN
15346,"Huehuetenango",13,"Jacaltenango",7,2233,400,50,2,0,200,32,1,1,3,289,0,3,292,6,298,--,400,102,289,292,298,Algún campo sin dato,1,c96d774aa8d216976668e0781975c660eb8484dc6feaad8357ec9de221660366,26/06/2023 01:11:01,ESCANER
15347,"Huehuetenango",13,"Jacaltenango",7,2233,400,49,9,0,174,49,1,2,7,291,8,3,302,0,302,--,400,98,291,302,302,Algún campo sin dato,1,f3030e4d3baf9f5ccaa200d2f668248d56647f70e590e68eec17948ad1fc2efa,26/06/2023 01:16:34,ESCANER
15348,"Huehuetenango",13,"Jacaltenango",7,2233,400,57,4,0,176,55,0,5,6,303,8,3,314,0,314,--,397,83,303,314,314,Algún campo sin dato,1,07e996afb5f832de1dbc00a14f03719a636d6fec1331227996cb1b281debde03,26/06/2023 01:18:41,ESCANER
15349,"Huehuetenango",13,"Jacaltenango",7,2233,400,47,7,0,179,43,1,2,7,286,5,2,293,0,293,--,400,107,286,293,293,Algún campo sin dato,1,b2f4e7543c737e970d3651ac8b97cc54a989819fa92347bd5c27bfb76987aae3,25/06/2023 23:58:24,ESCANER
15350,"Huehuetenango",13,"Jacaltenango",7,2233,400,31,9,1,186,40,0,2,4,273,3,0,276,0,276,--,400,124,273,276,276,Algún campo sin dato,1,439eb2eac630eb206d63654c17c1d19614e97075994c1a455e20e200edfc1dc3,26/06/2023 01:19:28,ESCANER
15351,"Huehuetenango",13,"Jacaltenango",7,2233,400,30,9,0,145,40,2,1,3,230,4,1,235,0,235,--,402,167,230,235,235,Algún campo sin dato,1,006a99826ed8b2e61bcf1da97cee4a72c2d9093a2f378e04f14f1fd95fff07fa,25/06/2023 23:44:27,ESCANER
15352,"Huehuetenango",13,"Jacaltenango",7,2233,400,54,5,2,157,40,1,4,5,268,7,0,275,0,275,--,400,125,268,275,275,Algún campo sin dato,1,9e2d86fa62802b00359392ce2ce87fe71675ef640988a2964cdf42c9d464d0d4,26/06/2023 00:30:03,ESCANER
15353,"Huehuetenango",13,"Jacaltenango",7,2233,400,48,3,2,178,46,0,1,3,281,8,4,293,1,294,--,400,107,281,293,294,Algún campo sin dato,1,30fe6f32a0420d69494ac69ce6cd5ae7f5fa67e377800818d499ede4fe6bc066,26/06/2023 00:55:32,ESCANER
15354,"Huehuetenango",13,"Jacaltenango",7,2234,400,38,7,3,159,31,2,2,5,255,5,3,255,0,255,--,400,145,247,255,255,Sumas Asentadas sin cuadrar,1,ee8a4c2b5b7a31a19e5db63f27f739834f4d79bc6eb7517606eadb3a131eaf59,26/06/2023 04:40:30,ESCANER
15355,"Huehuetenango",13,"Jacaltenango",7,2234,400,36,3,1,136,22,0,1,7,206,5,3,214,--,214,--,--,--,206,214,214,Algún campo sin dato,1,f681c26f80716e162abe9e7143627dc4ddefddcfc5bc2ce263500f9c29d1e30d,26/06/2023 02:30:51,ESCANER
15356,"Huehuetenango",13,"Jacaltenango",7,2234,400,23,3,0,168,46,0,1,9,250,5,0,255,0,255,--,400,145,250,255,255,Algún campo sin dato,1,49c70db7452ef6f15114cd00fd957b49ea231138d2f6194ff30f3e049f9dd5bc,26/06/2023 02:08:17,ESCANER
15357,"Huehuetenango",13,"Jacaltenango",7,2234,268,17,0,0,102,21,0,1,3,144,2,1,147,0,147,--,268,121,144,147,147,Algún campo sin dato,1,67884714913573730337ceb902da6d007bd46f9e47c0da0578f28919d4d66ef0,25/06/2023 21:55:16,ESCANER
15358,"Huehuetenango",13,"Jacaltenango",7,2234,268,23,4,0,75,26,0,2,2,132,3,4,139,0,139,--,268,129,132,139,139,Algún campo sin dato,1,cc1990e2103dbc5e91a01689323a31c89b0a7db9bc4b04f19fcf93696ed1bf7c,25/06/2023 22:02:50,ESCANER
15359,"Huehuetenango",13,"Jacaltenango",7,2235,400,55,1,3,139,51,0,0,5,254,10,7,271,0,271,--,400,129,254,271,271,Algún campo sin dato,1,bf7ea135ee263b505509d3e14d431e315f85fd741bf1c7d1b12e84702fa980e4,26/06/2023 01:15:07,ESCANER
15360,"Huehuetenango",13,"Jacaltenango",7,2235,400,55,2,3,167,53,1,0,2,283,6,3,292,0,292,--,400,108,283,292,292,Algún campo sin dato,1,c91974f8ec2bdbd25de024a126dbe24ca492d202220eb5e782fabbced700f063,26/06/2023 02:22:37,ESCANER
15361,"Huehuetenango",13,"Jacaltenango",7,2235,400,54,5,2,178,61,3,0,4,307,4,2,313,0,313,--,400,87,307,313,313,Algún campo sin dato,1,63120f39e6f9ca354ed5f908973ab4d0941ba1b789d6332302812d5ede742a86,26/06/2023 00:56:03,ESCANER
15362,"Huehuetenango",13,"Jacaltenango",7,2235,400,55,1,0,203,45,1,0,2,307,6,4,317,0,317,--,401,81,307,317,317,Algún campo sin dato,1,a46c0ab550abb2fd3d4b069fb013f48ed66801d71721cbf58ec380e81f82a5ea,26/06/2023 02:59:07,ESCANER
15363,"Huehuetenango",13,"Jacaltenango",7,2235,400,45,4,2,123,46,--,3,2,225,3,2,230,0,230,--,400,170,225,230,230,Algún campo sin dato,1,0e397ada9e8c8ceae62eb6a1559a6875941f18d31862f86a61beecd4f1f3a94e,26/06/2023 00:21:53,ESCANER
15364,"Huehuetenango",13,"Jacaltenango",7,2235,400,42,3,1,134,44,1,1,4,230,3,2,235,0,235,--,400,164,230,235,235,Algún campo sin dato,1,98214d8f7b9ed9479803ffcec5fffe0b4594c472659f7dff7ea544a7601f40f1,26/06/2023 01:27:31,ESCANER
15365,"Huehuetenango",13,"Jacaltenango",7,2235,400,45,4,1,140,41,0,4,3,238,15,7,260,0,397,--,397,137,238,260,260,Sumas Asentadas sin cuadrar,1,47dfcfb656a1578552a6ac400615bd044dc67e866a91d7b2bf6a65dc7ea671db,26/06/2023 02:17:44,ESCANER
15366,"Huehuetenango",13,"Jacaltenango",7,2235,400,53,3,3,149,52,2,0,2,264,8,4,276,0,276,--,397,121,264,276,276,Algún campo sin dato,1,fe58f445c70a0e429e7c354f0dea95159a72e1bb530516b1804d6185ec6ab456,26/06/2023 00:33:33,ESCANER
15367,"Huehuetenango",13,"Jacaltenango",7,2235,400,44,4,2,122,50,0,1,5,228,3,1,232,0,232,--,400,168,228,232,232,Algún campo sin dato,1,0ed83030e4a48a1690986cfd7a1eedc2d00f3a579a4f93c49f8fec5aebf5e0cf,26/06/2023 02:51:36,ESCANER
15368,"Huehuetenango",13,"Jacaltenango",7,2235,347,25,2,1,116,40,0,0,2,186,1,0,187,0,187,--,345,158,186,187,187,Algún campo sin dato,1,1a55668d33b83ecbeb39c5cea47615f2c026270feaf1d04ae18c7df8ca12fe76,26/06/2023 02:10:57,ESCANER
15369,"Huehuetenango",13,"Jacaltenango",7,2235,347,29,1,2,97,38,0,0,4,171,4,0,175,0,175,--,347,172,171,175,175,Algún campo sin dato,1,25457954a2e1c90c038dbf24001606b27e0b6c10c85d571894e2914207287bdd,25/06/2023 22:17:36,ESCANER
15370,"Huehuetenango",13,"Jacaltenango",7,2236,380,45,4,0,151,10,10,1,4,225,7,8,240,0,240,--,380,140,225,240,240,Algún campo sin dato,1,d278f8c029a8be7be6bdf74cb77cc3c919d51bf1ab8a2439adad1b0a4859c19f,26/06/2023 01:51:55,ESCANER
15371,"Huehuetenango",13,"Jacaltenango",7,2236,380,35,5,0,148,11,11,5,5,220,7,2,229,0,229,--,376,147,220,229,229,Algún campo sin dato,1,5f0816d30fcdf2e59d066c337864d27efc2b8a5a31a8c153eb959335faf3205c,26/06/2023 01:35:57,ESCANER
15372,"Huehuetenango",13,"Jacaltenango",7,2236,315,44,1,0,93,11,6,5,4,164,10,2,176,0,176,--,312,136,164,176,176,Algún campo sin dato,1,1d86fc5736e6918e5829432e70492c63e58be8ea3675123279a4ab07c02dcf6e,26/06/2023 01:29:05,ESCANER
15373,"Huehuetenango",13,"Jacaltenango",7,2236,315,19,6,0,83,14,8,2,6,138,3,3,144,0,144,--,315,171,138,144,144,Algún campo sin dato,1,6b8bd03013d3365fa04ea828346a83d0b6dc70ac1d39ca2cb64632d4df554e23,26/06/2023 01:27:36,ESCANER
15374,"Huehuetenango",13,"Jacaltenango",7,2237,380,10,6,1,118,49,1,1,7,193,5,2,200,0,200,--,380,180,193,200,200,Algún campo sin dato,1,9d23c20473a0ffe8cb23980b9e045d445aa347dc3720183d397400001f6f6ad4,26/06/2023 01:14:48,ESCANER
15375,"Huehuetenango",13,"Jacaltenango",7,2237,380,18,6,0,99,50,2,2,8,185,4,3,192,0,192,--,389,197,185,192,192,Algún campo sin dato,1,5db46fd4a254872c1dc0f32e467a0f7de6e07914aab5f663d5f5251e974331b7,26/06/2023 02:21:57,ESCANER
15376,"Huehuetenango",13,"Jacaltenango",7,2237,380,14,4,0,91,54,2,2,10,177,4,3,184,0,184,--,389,205,177,184,184,Algún campo sin dato,1,1b44ee2e1d7d172d4c02d165847155dab84d09c4987a0db341ffaddcc755aef2,26/06/2023 01:24:34,ESCANER
15377,"Huehuetenango",13,"Jacaltenango",7,2237,284,20,5,1,46,21,1,1,7,102,6,0,108,0,108,--,284,176,102,108,108,Algún campo sin dato,1,d5a5ea8bb3e51ed962fd66dce1b3f0cc7b34dc20970ceffdc38d38212094ad77,26/06/2023 00:48:42,ESCANER
15378,"Huehuetenango",13,"Jacaltenango",7,2237,283,6,3,1,56,23,2,0,1,92,3,2,97,0,97,--,283,186,92,97,97,Algún campo sin dato,1,c9b7367bd7c723ccce48368ff1e49d2998f47f0197f7b5461ef7d8f315eb5a34,26/06/2023 00:07:46,ESCANER
15379,"Huehuetenango",13,"Jacaltenango",7,2238,380,16,0,30,33,155,1,2,0,237,3,3,243,0,243,--,380,137,237,243,243,Algún campo sin dato,1,bd37d0ace5651c33183a451e37bd72bd86ef57d5310a7db1eea2ae6495493691,26/06/2023 01:22:11,ESCANER
15380,"Huehuetenango",13,"Jacaltenango",7,2238,380,18,3,24,16,170,0,2,1,234,5,8,247,0,247,--,389,142,234,247,247,Algún campo sin dato,1,5b7acd9f588ff76c9d28dc4de4706915b6b660ec0bec467225322bd546f09d31,26/06/2023 01:29:21,ESCANER
15381,"Huehuetenango",13,"Jacaltenango",7,2238,380,25,2,19,21,172,0,1,1,241,13,6,260,0,260,--,392,132,241,260,260,Algún campo sin dato,1,3a448375747514357d85a7b60d2a1748cf97ab09758fcac60ba8580debff961b,26/06/2023 00:37:10,ESCANER
15382,"Huehuetenango",13,"Jacaltenango",7,2238,380,16,1,24,19,196,0,5,1,262,16,4,282,0,282,--,392,110,262,282,282,Algún campo sin dato,1,0c95bb34a5bd41bfca28a7e33da494ea23a790df891b641b9c252fa8f16f9326,26/06/2023 01:33:58,ESCANER
15383,"Huehuetenango",13,"Jacaltenango",7,2238,380,15,3,17,18,193,1,2,1,250,3,0,253,0,253,--,383,130,250,253,253,Algún campo sin dato,1,c96eb0789afe0ee78bd02f989c7365ca341d12f80f7df91a52e32424e5df41ac,26/06/2023 00:07:29,ESCANER
15384,"Huehuetenango",13,"Jacaltenango",7,2238,380,11,1,24,22,120,0,3,1,182,3,2,187,0,187,--,401,214,182,187,187,Algún campo sin dato,1,214b750417b11cdc587499da6bdd90d578514a01130f5af2ae1f29776c111021,25/06/2023 23:36:43,ESCANER
15385,"Huehuetenango",13,"Jacaltenango",7,2238,380,12,1,24,32,156,1,1,0,227,1,1,229,0,229,--,389,160,227,229,229,Algún campo sin dato,1,5ab5b806d62ed347c78342beaa66f05f0a291cac3d005ff1be543ebf93d21e19,26/06/2023 01:44:36,ESCANER
15386,"Huehuetenango",13,"Jacaltenango",7,2238,380,12,1,17,33,129,2,5,0,199,5,4,208,0,208,--,375,167,199,208,208,Algún campo sin dato,1,b9d4c0e0ae56e7080dd4b84daa5c9d76f3a014b4ed9fe54cc1c1c161cb104f27,26/06/2023 01:16:41,ESCANER
15387,"Huehuetenango",13,"Jacaltenango",7,2238,380,15,0,19,18,137,0,2,1,192,3,0,195,0,195,--,380,185,192,195,195,Algún campo sin dato,1,58ec4ba9003ce467457cd1a2f997d5e0178357930eb7ee9350c03b5589b44cbf,26/06/2023 00:11:07,ESCANER
15388,"Huehuetenango",13,"Jacaltenango",7,2238,344,8,0,30,12,99,0,5,0,154,0,0,154,0,154,--,341,187,154,154,154,Algún campo sin dato,1,c95aaa0d918866240bcaea1df36c492005e09cc7786f1209fb2cc7c4af1d21d4,25/06/2023 23:14:12,ESCANER
15389,"Huehuetenango",13,"Jacaltenango",7,2238,343,11,1,12,13,129,0,2,0,168,1,2,171,3,174,--,343,169,168,171,174,Algún campo sin dato,1,942260e21f422511b0c8851cc7423e940b2f3fe8eafa8c1d8b1b0835be3fcc8c,26/06/2023 00:27:51,ESCANER
15390,"Huehuetenango",13,"Jacaltenango",7,2239,380,32,0,1,11,128,0,1,2,175,5,3,183,0,183,--,377,194,175,183,183,Algún campo sin dato,1,b1741c8f275df348dae7c1ec10db004d04cc9e54c0c85589721e1ba7984f5431,26/06/2023 01:09:39,ESCANER
15391,"Huehuetenango",13,"Jacaltenango",7,2239,380,33,0,5,7,147,0,1,2,195,13,3,211,0,211,--,377,166,195,211,211,Algún campo sin dato,1,3fc232db360c54dcc34cf75a789d725600b951d5242e8446988643cc3f1aed30,26/06/2023 00:23:29,ESCANER
15392,"Huehuetenango",13,"Jacaltenango",7,2239,380,28,1,3,14,137,0,2,2,187,7,5,199,0,199,--,377,178,187,199,199,Algún campo sin dato,1,b5c846a0c49c559a323dbe062c49fab1d93486bc49656999fd2b34a6872c2d01,26/06/2023 01:43:40,ESCANER
15393,"Huehuetenango",13,"Jacaltenango",7,2239,380,35,0,0,8,104,0,1,0,148,8,3,159,1,160,--,389,229,148,159,160,Algún campo sin dato,1,2308e3fa7201e3588c9b134930e9f6ef407f086f7eb42990be1f2b2a4166f7a6,26/06/2023 03:50:32,ESCANER
15394,"Huehuetenango",13,"Jacaltenango",7,2239,380,39,2,2,7,91,1,0,0,142,9,7,158,0,158,--,377,219,142,158,158,Algún campo sin dato,1,14a62bd50c802239ed8412791f270a8b6fa2653a72b17ab51285105a9edc2835,26/06/2023 01:47:17,ESCANER
15395,"Huehuetenango",13,"Jacaltenango",7,2239,380,30,0,2,13,99,1,1,3,149,8,6,163,0,163,--,380,217,149,163,163,Algún campo sin dato,1,22fd8bc47ce7a24fcacc2015e55441a66a93ad75300d83dfaf7021541982fcfa,26/06/2023 02:05:07,ESCANER
15396,"Huehuetenango",13,"Jacaltenango",7,2239,380,19,0,0,6,105,0,0,0,130,2,2,134,0,134,--,380,246,130,134,134,Algún campo sin dato,1,394f80abea1be3031471744d9cb1085269bd8cc2e1da1fadcc5e5a5b2386d88a,25/06/2023 23:41:43,ESCANER
15397,"Huehuetenango",13,"Jacaltenango",7,2239,229,10,1,2,7,47,0,0,1,68,1,4,73,0,73,--,226,153,68,73,73,Algún campo sin dato,1,fa1960a79293f4a82509c622d0a6f1d3f5226817df96967d232bd656039f7bbf,26/06/2023 01:28:41,ESCANER
15398,"Huehuetenango",13,"Jacaltenango",7,2239,229,14,0,2,5,57,1,1,0,80,3,1,84,0,84,--,229,145,80,84,84,Algún campo sin dato,1,a940b829e397695afe09f29a809169d2322f9783c734ac37470340121be1f094,25/06/2023 23:16:42,ESCANER
15399,"Huehuetenango",13,"Jacaltenango",7,2240,380,10,3,0,121,53,1,6,2,196,6,2,204,0,204,--,380,176,196,204,204,Algún campo sin dato,1,19c17e99a7ff8cd9b9b981877fd38ad8fbb8a4adce9a8ddf0628fbe6f9abd0d1,26/06/2023 00:21:31,ESCANER
15400,"Huehuetenango",13,"Jacaltenango",7,2240,380,6,5,0,130,60,3,8,3,215,7,1,223,0,223,--,380,157,215,223,223,Algún campo sin dato,1,bb0891c60a1bee8377583fccb25fd4b1cbbf9cd664caea29ab3a011e13c54e78,26/06/2023 01:10:41,ESCANER
15401,"Huehuetenango",13,"Jacaltenango",7,2240,380,9,5,0,97,43,4,7,1,166,5,1,172,0,172,--,392,220,166,172,172,Algún campo sin dato,1,5fcd7f2fe115d535aea525476f167bcc69fd286983aa5b60903e0cda6bd1caf7,26/06/2023 00:08:00,ESCANER
15402,"Huehuetenango",13,"Jacaltenango",7,2240,380,12,2,0,107,44,2,3,0,170,4,5,179,0,179,--,368,189,170,179,179,Algún campo sin dato,1,9a12677d2a2d80d95405bbeb5ff3f82aa3c810c24926e3a03b2ebe2e188ae84d,25/06/2023 23:25:31,ESCANER
15403,"Huehuetenango",13,"Jacaltenango",7,2240,284,8,3,0,65,20,0,1,1,98,2,1,101,0,101,--,284,183,98,101,101,Algún campo sin dato,1,b6904fa54644a74a6abac9655f83bb9b9cb511ad8eea23efda12bc795ffd61b6,25/06/2023 22:33:38,ESCANER
15404,"Huehuetenango",13,"Jacaltenango",7,2240,283,7,3,0,58,25,1,2,0,96,2,3,101,0,101,--,283,182,96,101,101,Algún campo sin dato,1,2e3c23e7f860af2e613e1cc8107ea1ea9fc9f804c974f41b43131e966328631d,25/06/2023 23:17:25,ESCANER
15405,"Huehuetenango",13,"Jacaltenango",7,2241,380,76,0,1,122,22,3,0,6,230,5,1,236,0,236,--,391,155,230,236,236,Algún campo sin dato,1,b3e6586372624b000952533661e0db6185b83268ec73922e05c2ced50f2c0558,26/06/2023 00:34:38,ESCANER
15406,"Huehuetenango",13,"Jacaltenango",7,2241,380,57,1,0,134,22,1,0,8,223,6,2,231,0,231,--,380,149,223,231,231,Algún campo sin dato,1,8ae937be9626af91d05ea1412dd662fd2012243482687e340f0f0c3bab2f70b2,25/06/2023 23:53:15,ESCANER
15407,"Huehuetenango",13,"Jacaltenango",7,2241,348,57,2,0,109,23,0,0,2,193,5,4,202,0,202,--,348,146,193,202,202,Algún campo sin dato,1,3a9f2a3d689f285e27d5451d777bbbda8482290f619ab86f5583f6408762dbdc,25/06/2023 23:37:01,ESCANER
15408,"Huehuetenango",13,"Jacaltenango",7,2241,348,35,3,0,81,27,2,0,1,149,4,0,153,0,153,--,348,195,149,153,153,Algún campo sin dato,1,57be3e26a5cce0cf6eaeb3b24692a5c6cf7a7447728aa152e1b1afb8293c15f7,26/06/2023 01:08:42,ESCANER
15409,"Huehuetenango",13,"Jacaltenango",7,2242,380,28,0,2,148,44,0,6,3,231,8,1,240,0,240,--,380,140,231,240,240,Algún campo sin dato,1,25d3a56fca4c66915850685da16ce10c712cfdcac63aab90f31dd267b41fc83e,26/06/2023 00:45:53,ESCANER
15410,"Huehuetenango",13,"Jacaltenango",7,2242,380,26,4,2,151,26,0,0,0,209,1,0,210,0,210,--,380,170,209,210,210,Algún campo sin dato,1,d41a6de6199c6750b1e44af47391d7538a16060c9c547c4fa9c4675bed07634a,26/06/2023 01:59:49,ESCANER
15411,"Huehuetenango",13,"Jacaltenango",7,2242,380,25,1,0,131,43,0,1,3,204,5,6,215,--,215,--,--,--,204,215,215,Algún campo sin dato,1,cf8309b9de059f69baf95c889e2f9ae7e5857473cc7287953c80b28e5539bac6,26/06/2023 01:50:18,ESCANER
15412,"Huehuetenango",13,"Jacaltenango",7,2242,249,12,0,2,83,19,0,0,2,118,9,3,130,0,130,--,249,119,118,130,130,Algún campo sin dato,1,4052b40c953b7f9b6e48a685555d7f7592e7566a3683f6bdd63cd8952878c5f4,25/06/2023 23:46:53,ESCANER
15413,"Huehuetenango",13,"Jacaltenango",7,2242,249,21,1,1,78,16,1,2,2,122,0,0,122,0,122,--,249,127,122,122,122,Algún campo sin dato,1,619c9aaf1bf2d1625b6a52bc0594567964e19e8b016e6f114c8e09a25400e6d5,25/06/2023 22:50:51,ESCANER
15414,"Huehuetenango",13,"Jacaltenango",7,2243,594,22,4,2,87,30,1,1,2,149,5,1,155,0,155,--,594,439,149,155,155,Algún campo sin dato,1,dfb6d787e6a52f2b14d2dd3f19c272034a05b3b50e222a422f5af1f0069c7ecf,25/06/2023 23:03:42,ESCANER
15415,"Huehuetenango",13,"Jacaltenango",7,2243,594,12,0,2,51,20,0,1,0,86,3,1,90,0,90,--,593,503,86,90,90,Algún campo sin dato,1,905e2434a0f6cb45051240270022310d66139569d1e9da45b1a8f4c87d644ca1,25/06/2023 22:40:18,ESCANER