﻿TIPO_DE_ELECCIÓN:,CORPORACIÓN MUNICIPAL
28 junio 2023 21:35 (UTC -6)
ACTAS_ESPERADAS,ACTAS_CAPTURADAS,PORCENTAJE_ACTAS_CAPTURADAS,ACTAS_CONTABILIZADAS,PORCENTAJE_ACTAS_CONTABILIZADAS,ACTAS_NO_CONTABILIZADAS,LISTA_NOMINAL_ACTAS_CONTABILIZADAS,VOTOS_EMITIDOS_CONTABILIZADAS,PORCENTAJE_PARTICIPACIÓN_CIUDADANA
18,18,100.0000,18,100.0000,0,6267,4823,76.9586

MESA,DEPARTAMENTO,ID_DEPARTAMENTO,MUNICIPIO,ID_MUNICIPIO,CENTRO_DE_VOTACIÓN,PADRÓN,CABAL,VAMOS,VALOR,UNE,PODEMOS,VICTORIA,CAMBIO,VÁLIDOS,NULOS,BLANCO,EMITIDOS,INVÁLIDOS,TOTAL,IMPUGNACIONES,PAPELETAS-RECIBIDAS,PAPELETAS-NO-USADAS,VALIDOS_CALCULADO,EMITIDOS_CALCULADO,TOTAL_CALCULADO,OBSERVACIONES,CONTABILIZADA,CÓDIGO_INTEGRIDAD,FECHA_HORA_PUBLICACIÓN,DIGITALIZACIÓN
6554,"Chimaltenango",3,"Santa Cruz Balanyá",10,696,400,87,141,11,5,46,15,1,306,7,5,318,0,318,--,400,82,306,318,318,Algún campo sin dato,1,c482dad80f43871b01be620939b66ad066197f28a51baecf6f19cedf82a3fbde,26/06/2023 01:12:01,ESCANER
6555,"Chimaltenango",3,"Santa Cruz Balanyá",10,696,400,103,143,18,13,50,3,1,331,3,3,337,0,337,--,400,63,331,337,337,Algún campo sin dato,1,61a08c5d66edba6a6fe0b68f5f3201f68d1c38e1633f1d74c8827f8747b3c7f8,26/06/2023 01:48:36,ESCANER
6556,"Chimaltenango",3,"Santa Cruz Balanyá",10,696,400,117,123,32,13,32,8,1,326,7,4,337,0,337,--,400,63,326,337,337,Algún campo sin dato,1,d038cef9da8fabd1812702b067dc764f5e9fb2e868a2c78dafd621b9cdeea9bd,26/06/2023 01:02:52,ESCANER
6557,"Chimaltenango",3,"Santa Cruz Balanyá",10,696,400,105,143,9,13,41,12,2,325,9,3,337,0,337,--,399,62,325,337,337,Algún campo sin dato,1,090bd2704b30d7ab5b1ed03903500141240be820df88b9b41a15b56619ba46ec,26/06/2023 02:24:41,ESCANER
6558,"Chimaltenango",3,"Santa Cruz Balanyá",10,696,400,112,140,11,15,35,15,4,332,3,1,336,0,336,--,401,65,332,336,336,Algún campo sin dato,1,78134f81c908b82dd35b2b0d426624f5e100cef6e8107b01b546ee29f4ee098c,26/06/2023 01:53:55,ESCANER
6559,"Chimaltenango",3,"Santa Cruz Balanyá",10,696,400,96,113,10,9,39,13,2,282,2,2,286,1,287,--,400,113,282,286,287,Algún campo sin dato,1,ede502a54085ccc272865416274f18eae03e2848a3dd85033dd54b0ad5765338,26/06/2023 00:57:49,ESCANER
6560,"Chimaltenango",3,"Santa Cruz Balanyá",10,696,400,92,149,8,3,48,9,2,311,2,1,314,0,314,--,399,85,311,314,314,Algún campo sin dato,1,2e2198f2e961c0ec0caa085568ce7890a60387a30febabd6625b4f7c365e2a23,26/06/2023 02:09:13,ESCANER
6561,"Chimaltenango",3,"Santa Cruz Balanyá",10,696,400,113,113,9,8,41,9,3,296,5,3,304,0,304,--,400,96,296,304,304,Algún campo sin dato,1,a1b2506492197dcf624514106895c17dc6b443d903b66688aa4db1275cd1920a,26/06/2023 00:01:17,ESCANER
6562,"Chimaltenango",3,"Santa Cruz Balanyá",10,697,400,90,118,19,12,49,7,3,298,2,0,300,0,300,--,400,100,298,300,300,Algún campo sin dato,1,1964b422fbafb61f1688fb67bf93a9ad35ed407c83ff0791e9ef867ddc3d89f8,26/06/2023 02:09:37,ESCANER
6563,"Chimaltenango",3,"Santa Cruz Balanyá",10,697,400,82,121,15,16,43,11,0,288,9,0,297,0,297,--,399,102,288,297,297,Algún campo sin dato,1,6b4d479d6386f69014352263bbb6b52a7250c23c0c855968068e268e09314167,26/06/2023 00:38:04,ESCANER
6564,"Chimaltenango",3,"Santa Cruz Balanyá",10,697,260,77,84,6,13,20,6,0,206,1,1,208,0,208,1,260,52,206,208,208,,1,462d42f29363ef4aab2ca3c62453176d2e5ff16f0a1ace5a9198d5b93b3bf361,25/06/2023 23:41:34,ESCANER
6565,"Chimaltenango",3,"Santa Cruz Balanyá",10,697,259,78,60,7,9,21,2,1,178,2,0,180,0,180,--,259,79,178,180,180,Algún campo sin dato,1,6d35a1a2835be2ed6a9621562a35bb5378e40b3adaa5a6cc0015b5812323dcbe,25/06/2023 23:51:59,ESCANER
6566,"Chimaltenango",3,"Santa Cruz Balanyá",10,698,380,48,73,138,1,13,4,3,280,7,5,294,0,294,2,380,86,280,292,292,Sumas Asentadas sin cuadrar,1,d25adb1f34792a32177d178017ce850170b762284872c793d049dbc98012a983,26/06/2023 01:02:09,ESCANER
6567,"Chimaltenango",3,"Santa Cruz Balanyá",10,698,380,46,67,149,2,19,1,2,286,8,5,299,0,299,--,380,81,286,299,299,Algún campo sin dato,1,c78f386e00c492286a50ee04b9a20639aef212e9c3a117d2c0087d98ee81794e,25/06/2023 23:43:13,ESCANER
6568,"Chimaltenango",3,"Santa Cruz Balanyá",10,698,380,50,61,146,1,8,5,3,274,8,0,282,0,282,--,380,98,274,282,282,Algún campo sin dato,1,a2e9acfa4d6b1f3d14992a7a5d17d9fce05862db7d2b917f1e10a8f112b6ac0a,26/06/2023 01:15:50,ESCANER
6569,"Chimaltenango",3,"Santa Cruz Balanyá",10,698,238,24,45,82,0,10,3,3,167,1,1,169,0,169,--,238,69,167,169,169,Algún campo sin dato,1,ba802bf0ad498cdeac72dac402afa8b791a990cfe0d729bb84e137aa014774b6,26/06/2023 00:10:17,ESCANER
6570,"Chimaltenango",3,"Santa Cruz Balanyá",10,698,238,26,40,84,2,11,4,0,167,3,0,170,0,170,--,238,68,167,170,170,Algún campo sin dato,1,b68180a5d08b4461b302a9a21fe6b3b78fcaca82efa036501a110b2319572f38,25/06/2023 22:29:29,ESCANER
6571,"Chimaltenango",3,"Santa Cruz Balanyá",10,699,132,10,25,7,1,10,0,1,54,3,0,57,0,57,--,132,75,54,57,57,Algún campo sin dato,1,10578805494cbc084317916a853faea50cfe45daabaae3aadd34a878eee26522,25/06/2023 22:17:30,ESCANER