﻿TIPO_DE_ELECCIÓN:,CORPORACIÓN MUNICIPAL
28 junio 2023 21:35 (UTC -6)
ACTAS_ESPERADAS,ACTAS_CAPTURADAS,PORCENTAJE_ACTAS_CAPTURADAS,ACTAS_CONTABILIZADAS,PORCENTAJE_ACTAS_CONTABILIZADAS,ACTAS_NO_CONTABILIZADAS,LISTA_NOMINAL_ACTAS_CONTABILIZADAS,VOTOS_EMITIDOS_CONTABILIZADAS,PORCENTAJE_PARTICIPACIÓN_CIUDADANA
109,109,100.0000,109,100.0000,0,41283,23685,57.3722

MESA,DEPARTAMENTO,ID_DEPARTAMENTO,MUNICIPIO,ID_MUNICIPIO,CENTRO_DE_VOTACIÓN,PADRÓN,TODOS,UNIONISTA,PODEMOS,CABAL,MAS UNIDOS,BIEN,AZUL,MLP,VICTORIA,ELEFANTE,VIVA,VOS,UNE,CAMBIO,VALOR,PPN,URNG-MAIZ WINAQ,MI FAMILIA,FCN-NACION,VÁLIDOS,NULOS,BLANCO,EMITIDOS,INVÁLIDOS,TOTAL,IMPUGNACIONES,PAPELETAS-RECIBIDAS,PAPELETAS-NO-USADAS,VALIDOS_CALCULADO,EMITIDOS_CALCULADO,TOTAL_CALCULADO,OBSERVACIONES,CONTABILIZADA,CÓDIGO_INTEGRIDAD,FECHA_HORA_PUBLICACIÓN,DIGITALIZACIÓN
6081,"Chimaltenango",3,"San Martín Jilotepeque",3,648,400,49,5,72,12,18,19,2,1,30,3,0,1,4,12,7,4,11,4,2,256,5,4,265,0,265,0,397,132,256,265,265,,1,609fe948aeec8e0e227545a6042f9fd28cd5caf4af2e7f2abc35e338ec65c462,26/06/2023 03:05:30,ESCANER
6082,"Chimaltenango",3,"San Martín Jilotepeque",3,648,400,31,11,62,7,27,20,1,2,24,4,5,1,5,14,6,2,15,4,0,241,16,6,263,0,263,0,400,137,241,263,263,,1,b951842feb210add7613470669c74296945b9a1ac15739445a8791dc1446b3a1,26/06/2023 02:43:10,ESCANER
6083,"Chimaltenango",3,"San Martín Jilotepeque",3,648,400,32,8,56,12,26,11,3,0,36,7,0,3,3,15,2,1,7,6,2,230,16,2,248,0,248,--,400,152,230,248,248,Algún campo sin dato,1,be09abba2afc731aa4f106b9847920ea0eb6b417771b8b186781b565169b20d5,26/06/2023 02:52:46,ESCANER
6084,"Chimaltenango",3,"San Martín Jilotepeque",3,648,400,33,9,63,13,28,16,5,2,23,3,2,2,3,15,6,0,14,4,5,252,16,7,252,0,275,--,400,125,246,269,269,Sumas Asentadas sin cuadrar,1,88bb6591c86c1048e3aa9f4b2b56b30b8b4fcaafb6a6b320eae6e02fb29d27c4,26/06/2023 02:55:51,ESCANER
6085,"Chimaltenango",3,"San Martín Jilotepeque",3,648,400,54,9,50,16,23,20,3,3,22,6,4,6,4,12,6,4,12,5,5,264,12,5,281,0,281,0,397,116,264,281,281,,1,9055647014eb1b36c2997436f16a89f6aecd74bc57515bc1dbccd830bb5cdd4d,26/06/2023 03:32:30,ESCANER
6086,"Chimaltenango",3,"San Martín Jilotepeque",3,648,400,46,9,69,7,24,15,1,1,25,4,5,2,3,7,4,3,14,6,1,246,17,2,265,0,265,--,400,135,246,265,265,Algún campo sin dato,1,f93597c95701305fdc328599034c1db8347b5a739d523636bba6f83b0171eafd,26/06/2023 02:19:58,ESCANER
6087,"Chimaltenango",3,"San Martín Jilotepeque",3,648,400,38,8,62,11,32,19,5,1,30,4,5,2,3,11,5,2,6,3,3,250,18,4,272,0,272,0,400,128,250,272,272,,1,b7b7e4033260ef2e78862d4014395274c3ef3ff7cef60620b3d37a04437b00fd,26/06/2023 01:16:18,ESCANER
6088,"Chimaltenango",3,"San Martín Jilotepeque",3,648,400,44,14,62,6,25,19,1,0,24,3,9,4,3,11,1,1,11,5,2,245,17,5,267,0,267,0,400,133,245,267,267,,1,195a70f7fbb8e57715d29a079be41f3ac596436d602701ab10347e70fbf3b6f5,26/06/2023 04:32:14,ESCANER
6089,"Chimaltenango",3,"San Martín Jilotepeque",3,648,400,42,11,65,11,30,22,1,2,33,6,4,0,4,18,3,1,9,1,1,264,19,3,286,0,286,--,400,114,264,286,286,Algún campo sin dato,1,eb2dde00d2d2aece13250531604d2bdecb2960657108f18f76fcfc5df63f0a73,26/06/2023 03:39:21,ESCANER
6090,"Chimaltenango",3,"San Martín Jilotepeque",3,648,400,40,11,55,19,28,13,0,1,38,6,3,2,3,19,6,4,18,10,3,279,12,6,297,0,297,0,400,103,279,297,297,,1,264b0eaca3a683216f1d7d5aa51724b333d97bcce03896350ccc0aa073b252f5,26/06/2023 01:52:44,ESCANER
6091,"Chimaltenango",3,"San Martín Jilotepeque",3,648,400,44,9,64,16,32,18,2,0,40,8,2,4,3,11,10,5,12,4,0,284,13,5,302,0,302,0,400,98,284,302,302,,1,8d0038c1415b71a8d6eca04510e3b027543c0a2b84c1ae2a08728a6883c0e165,26/06/2023 02:37:30,ESCANER
6092,"Chimaltenango",3,"San Martín Jilotepeque",3,648,400,51,7,50,16,21,16,2,3,34,8,1,1,3,19,8,1,8,3,1,253,9,4,266,0,266,0,399,133,253,266,266,,1,d59e91bef8462a76e261e57a45896bf56be96abad409b8820fcfe84a3b4fd58f,26/06/2023 01:15:30,ESCANER
6093,"Chimaltenango",3,"San Martín Jilotepeque",3,648,400,39,5,52,12,27,20,0,1,22,2,3,3,1,22,6,2,8,5,2,232,1,0,233,0,233,0,400,167,232,233,233,,1,2864888c92de7e15aebce82460f411faeaa8486ab26ce1473c3331a0ff057932,26/06/2023 02:07:18,ESCANER
6094,"Chimaltenango",3,"San Martín Jilotepeque",3,648,400,48,5,50,14,20,14,1,2,35,4,4,2,1,11,6,4,11,1,3,236,5,0,241,0,241,0,400,159,236,241,241,,1,b16fac370bfbe48a48506ff99ac4d0e9b57d4195dddad517660d42bf67d9c3a2,26/06/2023 00:48:37,MOVIL
6095,"Chimaltenango",3,"San Martín Jilotepeque",3,648,400,36,6,65,15,24,9,0,1,22,8,8,1,3,10,4,1,13,5,0,231,17,4,252,0,252,--,399,148,231,252,252,Algún campo sin dato,1,32132fc7b86832578cdba05bb19badc0be84f52055c6d6f6212573274f430ee8,26/06/2023 03:58:21,ESCANER
6096,"Chimaltenango",3,"San Martín Jilotepeque",3,648,400,37,5,52,9,24,13,1,1,29,6,1,8,4,14,4,6,13,4,3,234,11,7,252,0,252,0,396,144,234,252,252,,1,a5a272f9236efa2b1c861cbf7ba0ce2d308e9729e797ef7ea6ad3bf0d55a721f,26/06/2023 03:14:47,ESCANER
6097,"Chimaltenango",3,"San Martín Jilotepeque",3,648,400,41,16,68,11,28,9,2,2,25,5,4,5,0,13,6,6,16,2,2,261,8,0,269,0,269,--,394,126,261,269,269,Algún campo sin dato,1,c6f7c516ea8ccb0fce2d6bfcb91d367d4454a598c907bae6512a19fcba93c58b,26/06/2023 04:05:24,ESCANER
6098,"Chimaltenango",3,"San Martín Jilotepeque",3,648,400,37,12,53,10,27,11,4,1,19,5,4,3,6,17,4,5,16,4,2,240,20,2,262,0,262,0,400,138,240,262,262,,1,7b90cbc0c87646dc31e957a9406e3ad1e35b70bfd08af6ac868cd70fa50d7777,26/06/2023 02:00:13,ESCANER
6099,"Chimaltenango",3,"San Martín Jilotepeque",3,648,400,37,8,74,11,18,21,2,0,24,2,0,1,5,6,7,0,16,5,0,236,21,7,264,1,265,0,400,136,237,265,266,Sumas Asentadas sin cuadrar,1,cbefe40452029818bfeac483586c44c2a981b3f054cf6a56f5761c14e1d23c04,26/06/2023 02:40:35,ESCANER
6100,"Chimaltenango",3,"San Martín Jilotepeque",3,648,400,39,15,58,16,31,20,3,1,29,4,3,4,3,7,6,2,14,2,2,259,11,6,276,1,277,--,400,123,259,276,277,Algún campo sin dato,1,6f7402d8b036b172a3fbe53c4ee5a5d8fd767d602fd46f922aa46624d27c74b6,26/06/2023 03:46:30,ESCANER
6101,"Chimaltenango",3,"San Martín Jilotepeque",3,648,400,45,10,54,22,19,17,8,2,22,3,3,5,5,12,9,4,10,4,4,258,10,4,272,0,272,0,400,128,258,272,272,,1,f42d293b6f15bea06ecd7dcbf3ff21a82aee65c0e68fd085ee2feb1dbcb8f17d,25/06/2023 23:33:04,ESCANER
6102,"Chimaltenango",3,"San Martín Jilotepeque",3,648,400,34,12,52,13,39,17,1,1,30,12,5,1,4,14,2,2,18,1,1,259,12,2,273,0,273,--,400,127,259,273,273,Algún campo sin dato,1,c5123fd45311e50a22bb13ae790cccb4118ef98b6ef9ba85d3828db6c7b71884,26/06/2023 00:49:07,ESCANER
6103,"Chimaltenango",3,"San Martín Jilotepeque",3,649,400,43,14,47,15,40,6,0,2,25,4,5,5,1,16,4,5,19,2,4,257,10,2,269,0,269,--,400,131,257,269,269,Algún campo sin dato,1,70d136e80ac20039f614f57ae8bb3db4669a0311feed1a276f3bb3ccc82b3a1f,26/06/2023 02:50:08,ESCANER
6104,"Chimaltenango",3,"San Martín Jilotepeque",3,649,400,51,7,51,9,20,12,1,2,27,3,2,3,6,13,7,1,10,4,1,230,9,2,241,0,241,--,399,158,230,241,241,Algún campo sin dato,1,cbd97e6ed61739292fcec840a8c70bdc575cc4e3c7755a29f62a11e4ac8f5c88,26/06/2023 03:09:12,ESCANER
6105,"Chimaltenango",3,"San Martín Jilotepeque",3,649,400,44,5,58,16,18,18,2,0,29,3,2,4,3,13,9,3,14,3,1,245,8,5,258,0,258,--,400,142,245,258,258,Algún campo sin dato,1,0150284c6b7660ab82a08d624c4518dac4dae29de64677f3368b14a366db2be7,26/06/2023 02:16:50,ESCANER
6106,"Chimaltenango",3,"San Martín Jilotepeque",3,649,400,26,8,47,21,24,15,3,--,32,3,5,2,1,16,6,2,10,3,1,225,11,2,238,0,238,--,400,162,225,238,238,Algún campo sin dato,1,47e40ddf97b35a4e89d8f501aaed30fda66415e180c49519835a66fe0f062948,26/06/2023 02:52:18,ESCANER
6107,"Chimaltenango",3,"San Martín Jilotepeque",3,649,400,35,5,53,10,18,18,0,0,19,1,5,1,1,11,8,1,12,1,0,199,9,0,208,0,208,--,400,192,199,208,208,Algún campo sin dato,1,7e73c8eb58dfcc26bcb3a3981587310d6b5d40b2f5b935846789a4de54c0cb14,26/06/2023 00:38:55,ESCANER
6108,"Chimaltenango",3,"San Martín Jilotepeque",3,649,400,39,11,43,12,19,16,0,0,18,0,1,3,1,13,9,1,9,3,3,201,9,0,210,0,210,--,400,190,201,210,210,Algún campo sin dato,1,9691633d240f840f3040fa7fefe60f72b3af6ea0ab46ad29573b00c9770deeeb,26/06/2023 01:47:52,ESCANER
6109,"Chimaltenango",3,"San Martín Jilotepeque",3,649,400,34,10,54,9,26,11,0,2,28,1,3,4,2,17,8,2,10,0,0,221,2,0,223,0,223,--,402,179,221,223,223,Algún campo sin dato,1,8d4e6baee434cca65f917332284514d664e485aeede3c01964733412ea3ab182,26/06/2023 01:33:16,ESCANER
6110,"Chimaltenango",3,"San Martín Jilotepeque",3,649,400,49,4,52,11,28,16,2,1,23,8,1,4,0,17,10,4,19,5,1,255,2,0,257,0,257,0,400,143,255,257,257,,1,2004f57d9a0c6b284163db6faff465965d24fc7839a66788659e28a768ecebd0,26/06/2023 01:12:27,ESCANER
6111,"Chimaltenango",3,"San Martín Jilotepeque",3,649,400,39,4,47,16,24,15,0,1,24,7,1,3,0,24,6,1,17,3,1,233,3,0,236,0,236,--,400,164,233,236,236,Algún campo sin dato,1,061274854535fd8e196c7b42b111e72ef2a188517318d53a22cfd8d6706b7018,26/06/2023 03:15:14,ESCANER
6112,"Chimaltenango",3,"San Martín Jilotepeque",3,649,400,51,11,49,9,24,12,0,0,26,5,0,2,2,11,8,4,21,0,2,237,4,0,241,0,241,0,400,159,237,241,241,,1,03058b91260293bd436adcdfe2a86822a283125b1e76ce4be45480bef8e6d199,26/06/2023 03:12:28,ESCANER
6113,"Chimaltenango",3,"San Martín Jilotepeque",3,649,400,24,4,50,16,28,17,0,2,15,3,2,3,0,21,2,5,16,1,0,209,1,0,210,0,210,0,400,190,209,210,210,,1,58d3173a3132fef1a541838e329851e9d1844d66fc2cbced91e1136899625116,26/06/2023 01:19:49,ESCANER
6114,"Chimaltenango",3,"San Martín Jilotepeque",3,649,400,40,7,51,9,21,13,0,2,13,2,1,3,0,18,8,4,8,2,1,203,3,0,206,0,206,--,400,194,203,206,206,Algún campo sin dato,1,de008614056892755574d458ca0c11fe45c0bbd1024433a2a3119977d49b49e9,26/06/2023 02:45:36,ESCANER
6115,"Chimaltenango",3,"San Martín Jilotepeque",3,649,400,37,5,47,8,28,21,1,1,16,4,5,5,0,15,7,1,18,2,1,222,7,1,230,0,230,--,400,170,222,230,230,Algún campo sin dato,1,866794bb75d6f359588bee50f72da446378c6ba9ff407066de017ca150179f84,26/06/2023 00:53:56,ESCANER
6116,"Chimaltenango",3,"San Martín Jilotepeque",3,649,208,19,1,25,10,10,3,0,0,13,1,3,2,0,8,2,1,3,3,0,104,0,0,104,2,106,--,208,102,104,104,106,Algún campo sin dato,1,a64236350e12a77b045984f1d78068470089de29f0b526a5161b23fc49670465,25/06/2023 23:11:27,ESCANER
6117,"Chimaltenango",3,"San Martín Jilotepeque",3,649,208,14,2,26,6,10,4,0,0,8,3,0,2,0,3,2,2,2,3,0,87,7,0,94,0,94,--,208,114,87,94,94,Algún campo sin dato,1,48e05f3c8308163f01956e7bbb488bd14dba921533b012b9f76a5dea9632adc4,26/06/2023 00:18:12,ESCANER
6118,"Chimaltenango",3,"San Martín Jilotepeque",3,650,380,54,4,34,32,16,17,0,3,25,1,2,0,2,7,14,4,3,3,1,222,11,8,241,0,241,0,380,139,222,241,241,,1,a6b710cb4efd5998de89b5077cfcb0453710662ccd940086e95f567a57c6bc6b,26/06/2023 00:56:16,ESCANER
6119,"Chimaltenango",3,"San Martín Jilotepeque",3,650,380,62,1,33,19,16,18,1,1,20,3,4,0,10,6,30,1,4,5,0,173,9,6,249,--,249,--,380,131,234,249,249,Sumas Asentadas sin cuadrar,1,b0c14e2e523aced6ffce39b84ea4ddf2897ca29cb2515aab58aa4a8371488685,26/06/2023 03:11:07,ESCANER
6120,"Chimaltenango",3,"San Martín Jilotepeque",3,650,380,44,3,37,21,13,12,1,1,17,0,2,0,2,4,10,3,4,5,0,179,22,11,212,--,212,--,380,168,179,212,212,Algún campo sin dato,1,9bc3a485f40c2b2d69913c36e64db130df23cee5df712e8ab5eec12fb814a14d,26/06/2023 00:13:35,ESCANER
6121,"Chimaltenango",3,"San Martín Jilotepeque",3,650,380,55,1,28,22,7,8,0,1,19,2,3,0,7,9,10,2,4,1,0,179,18,8,205,0,205,1,380,175,179,205,205,,1,e6ff768e6215543015cbe7e739527d357c18330e2172f6dc88189cd9b474949d,25/06/2023 23:59:39,ESCANER
6122,"Chimaltenango",3,"San Martín Jilotepeque",3,650,266,44,2,24,15,9,7,0,3,9,1,0,0,0,6,13,2,4,4,2,145,5,1,151,0,151,0,266,115,145,151,151,,1,543316210776c0a37ec1d559f2506c4a0faa001f0cac131b02ba39ea0f77edfa,25/06/2023 23:17:06,ESCANER
6123,"Chimaltenango",3,"San Martín Jilotepeque",3,650,266,31,0,25,10,7,12,0,0,8,1,1,0,0,6,7,0,2,0,0,110,3,0,113,0,113,--,266,153,110,113,113,Algún campo sin dato,1,f05d03a1b302a62d6e634b968df5acacca1dcb80baaef0b3a39b0d200b4ce0ae,26/06/2023 00:34:05,ESCANER
6124,"Chimaltenango",3,"San Martín Jilotepeque",3,651,380,31,13,50,12,28,6,3,1,5,1,1,1,10,1,3,1,2,3,0,172,31,9,212,0,172,--,380,168,172,212,212,Sumas Asentadas sin cuadrar,1,97f8344289dd1b59f639c9de3dd20ff40823dba000ee710d3fda786b7e78f0de,26/06/2023 01:19:52,ESCANER
6125,"Chimaltenango",3,"San Martín Jilotepeque",3,651,380,29,3,51,8,49,15,2,0,3,0,1,2,4,2,5,2,2,2,0,180,26,9,215,0,215,--,380,165,180,215,215,Algún campo sin dato,1,001e6545303388be275e836c47b5826d77a50301f8d587374698c4e71df06c04,25/06/2023 23:47:35,ESCANER
6126,"Chimaltenango",3,"San Martín Jilotepeque",3,651,380,34,10,35,17,42,9,2,2,3,1,0,0,6,1,7,4,0,6,0,179,24,2,205,0,205,--,380,175,179,205,205,Algún campo sin dato,1,6c0d4738d9ba09054fc58ee2201f40550f706728a69115d24856cc71b8bdacdb,26/06/2023 03:35:45,ESCANER
6127,"Chimaltenango",3,"San Martín Jilotepeque",3,651,380,35,7,43,18,27,10,3,0,7,1,2,1,1,1,5,5,0,1,0,167,21,8,196,0,196,--,380,184,167,196,196,Algún campo sin dato,1,e3a6e270cdd503d130c90ffe5d206e6d18c255338948048cdab0711ff263705b,26/06/2023 03:01:59,ESCANER
6128,"Chimaltenango",3,"San Martín Jilotepeque",3,651,380,29,16,49,11,29,18,3,1,3,3,1,0,4,3,3,3,0,0,0,176,31,4,211,0,211,--,380,169,176,211,211,Algún campo sin dato,1,5ee663cb556574468247974eef8148c71c540b3e3c5c5ded51d72b2b9f6da2fe,26/06/2023 03:43:43,ESCANER
6129,"Chimaltenango",3,"San Martín Jilotepeque",3,651,380,31,13,75,12,34,14,1,0,8,0,1,0,6,1,3,4,1,3,0,207,16,5,228,0,228,--,380,152,207,228,228,Algún campo sin dato,1,76774acc8e4cc836e3b3c1d53784d12221aa34d0f8061e4e83c72e1a35fefa43,26/06/2023 02:18:44,ESCANER
6130,"Chimaltenango",3,"San Martín Jilotepeque",3,651,380,39,17,45,11,45,20,0,0,7,2,0,2,2,2,6,6,1,2,1,208,10,6,224,0,224,--,380,156,208,224,224,Algún campo sin dato,1,7d8c96a529b30bec032ee65c47039a15d194d315d6ef134b3b12700c98196571,26/06/2023 02:26:55,ESCANER
6131,"Chimaltenango",3,"San Martín Jilotepeque",3,651,380,29,11,45,9,23,9,0,1,5,1,0,2,4,3,6,1,1,2,0,152,15,3,170,0,170,--,380,210,152,170,170,Algún campo sin dato,1,b9c8662b14291f3de92128f0a72a5016e84201fe82921217c87a583d6c1c338a,25/06/2023 23:12:50,ESCANER
6132,"Chimaltenango",3,"San Martín Jilotepeque",3,651,380,21,14,70,16,28,10,1,0,5,1,3,2,4,8,5,3,0,2,1,194,20,6,220,0,220,--,380,160,194,220,220,Algún campo sin dato,1,f755ebcba24d819ad28d207e6f850774e855650c12cfadc7fee735ad9bdd7161,26/06/2023 02:45:21,ESCANER
6133,"Chimaltenango",3,"San Martín Jilotepeque",3,651,380,27,9,54,15,38,11,1,0,8,2,1,0,4,1,4,1,2,1,0,179,25,11,215,0,215,--,383,168,179,215,215,Algún campo sin dato,1,e4d3a36c2b2d843f78252217e47a24c9313ab4b7a6348f606ffa9b465c3c4e14,26/06/2023 02:59:10,ESCANER
6134,"Chimaltenango",3,"San Martín Jilotepeque",3,651,380,28,6,60,13,33,7,0,0,4,0,1,1,5,1,3,5,0,1,0,168,12,9,189,0,189,--,380,191,168,189,189,Algún campo sin dato,1,3d21bc4a80fbae7c990a4bfacaf2598f250e08d786015023d6269bc09bf41da0,26/06/2023 02:13:04,ESCANER
6135,"Chimaltenango",3,"San Martín Jilotepeque",3,651,380,29,9,63,15,24,6,0,2,3,0,0,0,5,0,2,1,2,0,1,162,27,12,201,0,201,0,380,179,162,201,201,,1,27778b2aee96e316c2b984b6b222ad095862f56731d0ac04619c6099fdfb3cce,26/06/2023 00:21:29,ESCANER
6136,"Chimaltenango",3,"San Martín Jilotepeque",3,651,380,37,12,52,15,19,15,0,0,3,0,1,4,1,0,0,3,1,2,0,165,13,8,186,0,186,0,380,194,165,186,186,,1,c661fc89738533c3c18794f596db91dbb9cfc1a77bdbf9cc09e9f28e91bfd776,25/06/2023 23:29:10,ESCANER
6137,"Chimaltenango",3,"San Martín Jilotepeque",3,651,380,43,9,56,13,27,13,0,2,7,1,2,1,1,1,5,2,6,0,0,189,6,1,196,0,196,--,380,184,189,196,196,Algún campo sin dato,1,f5404abc86efcdf691e826bb763bdfcf5f0a0426f0de5500cb2f2815394fdbb0,26/06/2023 02:25:10,ESCANER
6138,"Chimaltenango",3,"San Martín Jilotepeque",3,651,362,37,10,45,7,22,4,0,0,2,0,0,0,0,0,2,1,0,2,0,132,3,0,135,--,--,0,362,227,132,135,135,Algún campo sin dato,1,e51612d778bf08b78fba0d5432260accd10da8f4c03b2f27b35c93ec13da69a2,25/06/2023 23:28:24,ESCANER
6139,"Chimaltenango",3,"San Martín Jilotepeque",3,651,362,26,16,31,12,26,13,1,2,4,1,0,2,0,1,3,3,0,0,0,142,9,5,155,0,155,--,362,207,141,155,155,Sumas Asentadas sin cuadrar,1,fbc236a9ef94008af10fa6eb8132e90becb7bf9efa3706e090483fe11cd1d820,26/06/2023 00:54:11,ESCANER
6140,"Chimaltenango",3,"San Martín Jilotepeque",3,652,380,83,9,61,6,5,6,2,0,7,0,3,0,5,5,3,2,3,1,0,201,21,6,228,0,228,0,380,152,201,228,228,,1,38333d06f44576d50b2afb86a34d952f641d745afcf6a67c48c7f07de01739ab,25/06/2023 23:39:48,ESCANER
6141,"Chimaltenango",3,"San Martín Jilotepeque",3,652,380,115,5,47,4,7,4,1,2,2,1,2,0,0,4,0,1,7,1,1,204,12,10,226,0,226,0,380,154,204,226,226,,1,9355308b5e2019056cd391e61f994b8c4a5a194c9a39cede8ac136a144b17ad8,26/06/2023 00:03:52,ESCANER
6142,"Chimaltenango",3,"San Martín Jilotepeque",3,652,380,102,4,43,1,6,8,0,0,6,2,1,0,10,3,1,7,3,3,1,201,5,0,206,14,220,0,380,160,201,206,220,,1,f4b0277dbc8696f3b462276fd528fcee832b6ecdbe6804302c0ae00007d75964,25/06/2023 23:53:30,ESCANER
6143,"Chimaltenango",3,"San Martín Jilotepeque",3,652,380,80,2,45,4,7,7,1,0,6,0,1,0,2,8,0,2,3,1,1,170,9,1,180,1,181,0,380,199,170,180,181,,1,b6e50ea21639dbbdfc628e68657428795da898ad6f6cc8678b9b51a3a43be08e,26/06/2023 00:18:33,ESCANER
6144,"Chimaltenango",3,"San Martín Jilotepeque",3,652,380,102,1,52,3,12,11,0,0,4,1,1,0,3,3,0,3,10,0,1,207,18,7,232,0,232,0,380,148,207,232,232,,1,bd9e6709fa2a1d90e22989f56f6ecc3a2ba11cf9f73dd804773140a3a0f2ea70,26/06/2023 00:10:02,ESCANER
6145,"Chimaltenango",3,"San Martín Jilotepeque",3,652,380,79,0,35,7,6,11,1,1,6,1,1,0,5,3,3,3,4,3,0,169,15,6,190,0,190,0,380,190,169,190,190,,1,90e537226388fa4073afbabc6f17040b8c870f6b9189f007ec737da66ba258ad,25/06/2023 23:34:34,ESCANER
6146,"Chimaltenango",3,"San Martín Jilotepeque",3,652,219,56,3,26,4,3,6,0,0,0,1,0,3,1,0,1,1,4,1,0,110,5,0,115,0,115,0,219,104,110,115,115,,1,173be38a5c0ebaecd07883ee36930084dbd38b34198841c03dcb5d2d7a32ee0a,25/06/2023 22:19:51,ESCANER
6147,"Chimaltenango",3,"San Martín Jilotepeque",3,652,218,44,2,26,6,4,5,0,0,2,1,0,0,3,1,0,1,0,0,0,95,3,3,101,0,101,0,218,117,95,101,101,,1,665e92eb39bc681f1b4a183a072169f96aa6d4987fca67a958303196f0497f13,25/06/2023 23:50:28,ESCANER
6148,"Chimaltenango",3,"San Martín Jilotepeque",3,653,380,14,7,64,20,87,15,0,0,7,10,1,0,5,5,1,2,4,0,0,242,22,3,267,0,267,0,380,113,242,267,267,,1,b67816f354b28e547c7fcf85e0918ed4646b22bc7283da2c74224799a42674c2,26/06/2023 02:33:00,ESCANER
6149,"Chimaltenango",3,"San Martín Jilotepeque",3,653,380,18,6,59,11,101,9,3,0,10,4,1,1,8,3,6,4,5,1,0,250,14,5,269,0,269,--,380,111,250,269,269,Algún campo sin dato,1,3267f6aa256f9d954d2b9b06be3df4b0bb58b7d9afdd6adfd0a46030ef1103fd,26/06/2023 05:23:31,ESCANER
6150,"Chimaltenango",3,"San Martín Jilotepeque",3,653,380,22,3,44,13,90,14,1,0,6,2,3,0,5,3,3,2,4,1,0,216,24,1,241,0,241,0,380,139,216,241,241,,1,a0752bc2cb8d69a2b40184e8bd8cefc5208c3a67a0530f69597e984e2b0d5019,26/06/2023 04:38:35,ESCANER
6151,"Chimaltenango",3,"San Martín Jilotepeque",3,653,380,11,3,41,10,92,17,1,0,5,2,2,0,5,3,1,3,3,1,0,200,24,1,225,0,225,0,381,156,200,225,225,,1,d60d5591afab71cc4937ba3b323967fa86bd06035415f05411149ffd28bd0197,26/06/2023 02:51:52,ESCANER
6152,"Chimaltenango",3,"San Martín Jilotepeque",3,653,380,14,2,52,11,74,15,1,0,6,2,2,0,2,4,3,4,1,0,0,193,9,4,206,0,206,--,380,174,193,206,206,Algún campo sin dato,1,79b058caa1e1def85b1c251d817f7f53c70a1a01e5e95398c6d151d505e6c4f3,26/06/2023 03:41:48,ESCANER
6153,"Chimaltenango",3,"San Martín Jilotepeque",3,653,380,13,2,50,15,89,11,1,0,6,4,4,0,7,2,1,4,2,1,0,212,14,3,229,1,230,0,380,150,212,229,230,,1,ae68b6978adb4f286a02dc41a8a84ce37fde983543456287a359f1bd39fa6eb9,26/06/2023 00:43:48,ESCANER
6154,"Chimaltenango",3,"San Martín Jilotepeque",3,653,380,11,3,47,12,109,26,1,1,4,3,0,2,6,4,2,1,2,2,0,236,20,7,263,0,263,0,380,117,236,263,263,,1,bbbe9441f95b7f3bb14182b984cfc5742be25f06d2f50d6df77f57cd96d733c8,26/06/2023 01:03:46,ESCANER
6155,"Chimaltenango",3,"San Martín Jilotepeque",3,653,380,15,0,34,17,75,22,0,0,8,5,1,0,2,4,2,1,4,1,1,192,21,3,216,0,216,0,380,164,192,216,216,,1,a614bb48fac3ce33d5ee02abb6f50aff7028911631d2cd213343332303d842cb,26/06/2023 02:10:09,ESCANER
6156,"Chimaltenango",3,"San Martín Jilotepeque",3,653,380,16,2,34,13,63,10,2,0,6,8,4,1,5,2,3,2,1,1,1,174,17,2,193,0,193,--,380,187,174,193,193,Algún campo sin dato,1,cfab7836e2c3ac50858cd5873a51316bcfdafdeeb4d6571f13d94d04cab0cc26,26/06/2023 03:47:47,ESCANER
6157,"Chimaltenango",3,"San Martín Jilotepeque",3,653,380,10,4,66,12,79,18,0,0,5,4,0,3,2,3,8,2,4,1,0,221,8,0,229,0,229,0,380,151,221,229,229,,1,353fc0e7d09fe23dc2781d60983cd47cdbd23231bc494fbdea3291f7c9f7e392,26/06/2023 02:33:59,ESCANER
6158,"Chimaltenango",3,"San Martín Jilotepeque",3,653,311,20,1,38,10,92,8,0,0,2,0,1,2,2,2,4,1,4,0,2,189,1,3,193,0,193,--,311,118,189,193,193,Algún campo sin dato,1,e5276a78df3bc20b35ef3d2b708a496acddba4ab7f482476cd674275789ab71b,26/06/2023 03:58:21,ESCANER
6159,"Chimaltenango",3,"San Martín Jilotepeque",3,653,311,7,0,30,11,52,11,0,0,5,3,3,0,5,6,0,2,1,0,0,136,6,2,144,0,144,--,311,167,136,144,144,Algún campo sin dato,1,d17dc17f70e3b0d196bd2fcf08e272b1a97fdf5c5e391d8acdd8c214bf8762d3,26/06/2023 04:25:26,ESCANER
6160,"Chimaltenango",3,"San Martín Jilotepeque",3,654,380,20,2,133,4,15,4,0,0,20,2,3,0,8,13,3,1,3,0,3,234,19,10,263,0,263,0,378,115,234,263,263,,1,68e264c6cb4b1c607da40d1d5bfdb7b909e96b19a635a0ff538c956fc315fa2d,26/06/2023 00:47:16,ESCANER
6161,"Chimaltenango",3,"San Martín Jilotepeque",3,654,380,32,1,98,2,24,9,0,2,13,2,2,0,4,10,2,1,4,0,0,206,3,5,214,20,234,0,380,146,206,214,234,,1,89f3ffeacfb10ca926d4dc001118ba3352126c0039836bbd1819a14ea44e8406,26/06/2023 02:04:40,ESCANER
6162,"Chimaltenango",3,"San Martín Jilotepeque",3,654,380,20,3,121,4,23,11,3,0,20,2,1,0,5,9,1,0,7,1,0,231,21,3,255,0,255,0,380,125,231,255,255,,1,12972e8de1d4fe6eb013166cbf05d42a09ebe7231bc78144153b12ad33d6461b,26/06/2023 00:09:16,ESCANER
6163,"Chimaltenango",3,"San Martín Jilotepeque",3,654,380,22,1,113,3,16,2,2,2,13,3,0,0,4,12,2,1,2,1,0,199,11,4,214,1,215,0,380,165,199,214,215,,1,5bd371bf0b263281beee9bc2cd65d0ea68f205beae8e1b076b1de2b3221670e7,26/06/2023 01:20:00,ESCANER
6164,"Chimaltenango",3,"San Martín Jilotepeque",3,654,380,34,4,101,2,26,7,1,1,10,2,1,0,1,10,5,1,2,3,0,211,11,7,229,0,229,0,380,151,211,229,229,,1,0b3a2ac61fa22865acde1f790aa88779e8655095072a2a9ad59a0598007e00d3,26/06/2023 00:52:03,ESCANER
6165,"Chimaltenango",3,"San Martín Jilotepeque",3,654,380,18,1,120,8,14,2,3,0,19,0,3,0,3,14,2,1,3,0,0,211,18,3,232,0,232,--,380,148,211,232,232,Algún campo sin dato,1,8e1d4c9ee742b1e39e8055314aeb0a52cb5d8eec911d64f780f7505da3498d33,26/06/2023 02:23:22,ESCANER
6166,"Chimaltenango",3,"San Martín Jilotepeque",3,654,380,33,2,106,4,12,3,0,1,12,1,4,0,3,9,3,0,2,2,0,197,27,6,230,0,230,--,379,149,197,230,230,Algún campo sin dato,1,471e854f5496724d7a783d908114e1e8b1b2b92f4a4da42dceb443a0021373d9,26/06/2023 02:15:39,ESCANER
6167,"Chimaltenango",3,"San Martín Jilotepeque",3,654,380,22,3,82,5,24,5,3,0,11,1,1,0,2,4,1,1,5,0,0,170,22,5,197,0,197,0,380,183,170,197,197,,1,f920508d9b47e2a6fcb14cb6b9673c7a0e5a893a0f4eee7886b30a42acbe2a87,26/06/2023 00:32:00,ESCANER
6168,"Chimaltenango",3,"San Martín Jilotepeque",3,654,380,22,3,106,5,26,3,0,1,14,0,0,6,2,6,4,0,3,2,0,203,2,0,205,0,205,--,380,174,203,205,205,Algún campo sin dato,1,bf9bed353546b40def0361f10621ad5b27645e06331683f659ad60b2c213fe42,26/06/2023 01:59:45,ESCANER
6169,"Chimaltenango",3,"San Martín Jilotepeque",3,654,216,13,1,51,6,13,3,0,1,13,0,0,2,0,7,1,0,3,0,0,114,1,1,116,0,116,0,213,97,114,116,116,,1,5b0b8bf4fa3fb54d8d2fead454648bb20c434429513cb8f7bf6b96277192969c,26/06/2023 01:30:42,ESCANER
6170,"Chimaltenango",3,"San Martín Jilotepeque",3,654,215,10,2,60,3,12,2,1,1,3,0,2,2,0,6,1,0,2,0,0,107,6,1,114,0,114,0,215,101,107,114,114,,1,d901ca4f23513a67819b9b4429e7e011e54a5f89eb80c8e9907bb7f6227a0bbf,25/06/2023 23:28:29,ESCANER
6171,"Chimaltenango",3,"San Martín Jilotepeque",3,655,380,42,3,113,12,25,4,5,6,20,5,2,1,2,2,0,1,7,1,0,251,14,3,268,0,268,0,380,112,251,268,268,,1,537540d06f86445f555dcda411813e3a56731ac214112f2c1c0578a1e09d7c94,26/06/2023 01:49:16,ESCANER
6172,"Chimaltenango",3,"San Martín Jilotepeque",3,655,380,40,1,110,16,28,7,2,1,23,2,1,1,1,1,4,1,7,4,0,250,4,3,257,0,257,--,380,123,250,257,257,Algún campo sin dato,1,edd4719b3ebe58e8f9c2747f0d536ad71d92790d6f4b51f054781e0b4e780497,26/06/2023 02:15:39,ESCANER
6173,"Chimaltenango",3,"San Martín Jilotepeque",3,655,380,39,1,108,11,21,7,3,1,15,2,1,1,1,3,4,1,5,1,0,225,11,5,241,0,241,0,380,139,225,241,241,,1,0f6cd8cd45ff9efd9ef72ec33e9eb80422aa6abb95933a0661ea3a47e64c2e83,26/06/2023 02:01:22,ESCANER
6174,"Chimaltenango",3,"San Martín Jilotepeque",3,655,380,40,3,104,9,23,10,3,--,10,2,3,3,3,1,3,--,4,2,1,224,10,5,15,--,--,0,381,142,224,239,239,Sumas Asentadas sin cuadrar,1,4ffa4033a6e212c51efb90629cef3c9da6416d054201c44a920cf505bc2b6d4e,26/06/2023 03:05:09,ESCANER
6175,"Chimaltenango",3,"San Martín Jilotepeque",3,655,282,22,0,66,6,13,3,1,1,19,2,0,1,1,2,2,0,7,0,0,146,5,2,153,0,153,--,282,129,146,153,153,Algún campo sin dato,1,94c00c7e35acfe74415078ea8083c344d51217bce9d8e4e61357c9910ebcdb0e,25/06/2023 22:05:51,ESCANER
6176,"Chimaltenango",3,"San Martín Jilotepeque",3,655,281,32,0,53,9,17,3,1,1,8,0,1,1,0,0,2,1,2,1,0,132,5,0,137,0,137,0,277,140,132,137,137,,1,8a8d67486454417f1b297eedc1d6d13b84a02f510f49a92040d0779a7ad42781,26/06/2023 01:32:28,ESCANER
6177,"Chimaltenango",3,"San Martín Jilotepeque",3,656,380,45,4,82,7,14,44,3,1,7,5,7,1,7,23,3,1,6,9,0,298,18,11,380,0,380,0,380,79,269,298,298,Sumas Asentadas sin cuadrar,1,eee3f5181da4afd6538f94079593cf4adfce103682f6a38de835e43b11ac9690,26/06/2023 01:04:00,ESCANER
6178,"Chimaltenango",3,"San Martín Jilotepeque",3,656,380,46,4,84,6,18,38,1,0,13,3,3,0,3,14,6,0,1,15,1,256,10,6,272,0,272,--,380,108,256,272,272,Algún campo sin dato,1,d7af69fb18083996f0cf61a4081fed71be64e94246e4a4c10940edc3f7d86ddb,26/06/2023 01:05:38,ESCANER
6179,"Chimaltenango",3,"San Martín Jilotepeque",3,656,380,38,5,88,5,12,31,2,1,9,3,0,0,3,15,1,2,5,5,0,225,9,4,238,0,238,0,380,142,225,238,238,,1,f07664fdb15ce3fc865559dfcb3f11b28331dd98d59c99f36a7579942048753a,25/06/2023 23:17:29,ESCANER
6180,"Chimaltenango",3,"San Martín Jilotepeque",3,656,380,42,3,70,6,16,42,1,0,14,2,0,0,3,22,3,0,10,17,0,251,9,3,251,12,263,--,380,118,251,263,275,Sumas Asentadas sin cuadrar,1,dd0ef23590cd4bf0d4979c19c5a97ddb49390345049cf4c39cb367367e92badb,26/06/2023 01:49:49,ESCANER
6181,"Chimaltenango",3,"San Martín Jilotepeque",3,656,380,33,4,61,5,14,32,5,0,9,7,3,0,1,11,4,1,3,10,0,203,13,5,221,0,221,--,360,139,203,221,221,Algún campo sin dato,1,eeddd9cd61e60b96054d1481c4c57c7af2883debc589f38f3bf5f285af0d9e69,26/06/2023 03:00:44,ESCANER
6182,"Chimaltenango",3,"San Martín Jilotepeque",3,656,262,24,3,51,4,7,30,0,0,11,2,0,0,1,9,3,0,3,8,0,156,0,1,157,0,157,--,262,105,156,157,157,Algún campo sin dato,1,f19950beddac7676c42497060805ead50b2bdc762c967c55999784d8a44c5b3e,26/06/2023 00:21:39,ESCANER
6183,"Chimaltenango",3,"San Martín Jilotepeque",3,656,261,17,3,31,4,8,18,0,0,6,1,1,0,1,11,7,1,4,12,0,125,3,0,128,0,128,--,261,133,125,128,128,Algún campo sin dato,1,290aab1a9b0b28c4f45988a3b169341ad97e3f632d645d9655c55ab93adf93d7,25/06/2023 22:40:17,ESCANER
6184,"Chimaltenango",3,"San Martín Jilotepeque",3,657,600,31,4,46,7,24,13,0,3,11,4,1,0,4,9,5,2,10,3,2,179,21,0,200,0,200,0,600,400,179,200,200,,1,58b34f0cf854b3708fcd7107a43beae1f2f981827820f360aadf306dfda2c733,26/06/2023 00:55:22,ESCANER
6185,"Chimaltenango",3,"San Martín Jilotepeque",3,657,600,34,8,56,10,24,13,4,3,22,4,2,0,0,6,4,3,5,2,0,200,19,2,221,0,221,0,600,379,200,221,221,,1,0cd2ff1b84da7a44c6abfb1e332d5c71cfa74f4542a293898d0a5a3d4ac9cc82,26/06/2023 01:36:44,ESCANER
6186,"Chimaltenango",3,"San Martín Jilotepeque",3,657,600,24,4,37,8,26,15,5,3,16,7,1,0,4,2,3,5,13,5,2,180,17,4,201,0,201,0,600,399,180,201,201,,1,a975d3e24112bfe9196f812684ed2db0068c71b323862d9e1f682ca406508bf3,26/06/2023 02:03:18,ESCANER
6187,"Chimaltenango",3,"San Martín Jilotepeque",3,657,600,19,6,35,12,21,9,3,0,14,2,4,1,4,11,3,0,11,4,1,160,14,5,179,0,179,0,600,421,160,179,179,,1,291e8725893d54c5cbcdac81c58c57ddb70579a718a7f098d2ea6a17d820adab,26/06/2023 00:09:37,ESCANER
6188,"Chimaltenango",3,"San Martín Jilotepeque",3,657,438,17,3,33,4,14,7,0,0,8,5,0,1,2,2,4,1,2,0,0,103,11,2,116,0,116,0,438,322,103,116,116,,1,9ee8ac9a6162b177422214045a0821746f6c872507010a4b68bed1f8bc0734d8,26/06/2023 00:01:19,ESCANER
6189,"Chimaltenango",3,"San Martín Jilotepeque",3,657,437,6,1,6,1,6,2,1,3,1,1,0,0,1,2,1,0,3,3,0,38,5,1,44,0,44,--,437,393,38,44,44,Algún campo sin dato,1,644181715a2c95bcbc80c8f65130afc1afa8cac8e240878612fd009c12f516ea,25/06/2023 21:57:02,ESCANER