﻿TIPO_DE_ELECCIÓN:,CORPORACIÓN MUNICIPAL
28 junio 2023 21:35 (UTC -6)
ACTAS_ESPERADAS,ACTAS_CAPTURADAS,PORCENTAJE_ACTAS_CAPTURADAS,ACTAS_CONTABILIZADAS,PORCENTAJE_ACTAS_CONTABILIZADAS,ACTAS_NO_CONTABILIZADAS,LISTA_NOMINAL_ACTAS_CONTABILIZADAS,VOTOS_EMITIDOS_CONTABILIZADAS,PORCENTAJE_PARTICIPACIÓN_CIUDADANA
5,5,100.0000,5,100.0000,0,1777,1496,84.1868

MESA,DEPARTAMENTO,ID_DEPARTAMENTO,MUNICIPIO,ID_MUNICIPIO,CENTRO_DE_VOTACIÓN,PADRÓN,VAMOS,CABAL,VALOR UNIONISTA,VÁLIDOS,NULOS,BLANCO,EMITIDOS,INVÁLIDOS,TOTAL,IMPUGNACIONES,PAPELETAS-RECIBIDAS,PAPELETAS-NO-USADAS,VALIDOS_CALCULADO,EMITIDOS_CALCULADO,TOTAL_CALCULADO,OBSERVACIONES,CONTABILIZADA,CÓDIGO_INTEGRIDAD,FECHA_HORA_PUBLICACIÓN,DIGITALIZACIÓN
9190,"Sololá",7,"Santa María Visitación",3,1122,400,180,146,14,326,4,4,349,0,349,1,400,51,340,348,348,Sumas Asentadas sin cuadrar,1,570bb47f272bef8b4b57f25b122051ce71084e1ee68265eb9855fe43040d37b3,26/06/2023 01:54:26,ESCANER
9191,"Sololá",7,"Santa María Visitación",3,1122,400,177,172,9,358,5,2,365,0,365,1,400,35,358,365,365,,1,363311bded2e35873787daa097d05c5ed81253c4333c2b09846e0b4d0693e9dd,26/06/2023 02:39:59,ESCANER
9192,"Sololá",7,"Santa María Visitación",3,1122,400,154,148,10,312,3,2,317,0,317,--,400,83,312,317,317,Algún campo sin dato,1,6d83f33ad0d7b12e7e59355c6a242ae877941c82bbd0d88f7b2d8bc54f467d50,26/06/2023 01:44:43,ESCANER
9193,"Sololá",7,"Santa María Visitación",3,1122,289,116,114,5,235,2,1,238,0,238,--,289,51,235,238,238,Algún campo sin dato,1,9751d81afcb51fe85782294534aaf9d004c65041aff5e4b0d4868c3402447962,26/06/2023 01:08:40,ESCANER
9194,"Sololá",7,"Santa María Visitación",3,1122,288,114,98,12,224,4,0,228,0,228,--,288,60,224,228,228,Algún campo sin dato,1,bc42b781db6a46e1d1fd3917bd06abab8d845aa6efbdbaabe18c19708daeda3a,26/06/2023 01:15:23,ESCANER