﻿TIPO_DE_ELECCIÓN:,CORPORACIÓN MUNICIPAL
28 junio 2023 21:35 (UTC -6)
ACTAS_ESPERADAS,ACTAS_CAPTURADAS,PORCENTAJE_ACTAS_CAPTURADAS,ACTAS_CONTABILIZADAS,PORCENTAJE_ACTAS_CONTABILIZADAS,ACTAS_NO_CONTABILIZADAS,LISTA_NOMINAL_ACTAS_CONTABILIZADAS,VOTOS_EMITIDOS_CONTABILIZADAS,PORCENTAJE_PARTICIPACIÓN_CIUDADANA
89,89,100.0000,89,100.0000,0,34018,18159,53.3805

MESA,DEPARTAMENTO,ID_DEPARTAMENTO,MUNICIPIO,ID_MUNICIPIO,CENTRO_DE_VOTACIÓN,PADRÓN,CAMBIO,UNE,VIVA,CABAL,MLP,VAMOS,PODEMOS,WINAQ,BIEN,VALOR UNIONISTA,VÁLIDOS,NULOS,BLANCO,EMITIDOS,INVÁLIDOS,TOTAL,IMPUGNACIONES,PAPELETAS-RECIBIDAS,PAPELETAS-NO-USADAS,VALIDOS_CALCULADO,EMITIDOS_CALCULADO,TOTAL_CALCULADO,OBSERVACIONES,CONTABILIZADA,CÓDIGO_INTEGRIDAD,FECHA_HORA_PUBLICACIÓN,DIGITALIZACIÓN
21052,"Petén",17,"Poptún",12,3279,400,5,115,13,18,3,53,1,2,3,20,233,10,2,245,0,245,--,400,155,233,245,245,Algún campo sin dato,1,5405a6a54f6641daca8b60ffff6ca5d3218795be99927e3dc9dd7f5adfa5b88f,26/06/2023 00:06:09,ESCANER
21053,"Petén",17,"Poptún",12,3279,400,11,114,19,17,1,51,1,2,5,23,244,12,2,258,0,258,--,400,142,244,258,258,Algún campo sin dato,1,b53569de301621d3fd04f93355af6fbac1ca9fad4dbb487df21e6603bef06b52,25/06/2023 23:39:31,ESCANER
21054,"Petén",17,"Poptún",12,3279,400,15,93,13,13,2,54,1,2,4,30,227,16,4,247,0,247,--,400,153,227,247,247,Algún campo sin dato,1,b35e5d6a20bea16f65c934ac13ebf4d10462149315ff3ba743eb69a6648541bf,26/06/2023 03:17:44,ESCANER
21055,"Petén",17,"Poptún",12,3279,400,8,119,6,22,0,64,1,3,2,24,249,15,4,268,0,268,--,399,131,249,268,268,Algún campo sin dato,1,3eb320cd940d6acc13b14c23342b00ea2800a0cdfd5479033c6e7385266aa971,26/06/2023 03:27:01,ESCANER
21056,"Petén",17,"Poptún",12,3279,400,12,108,8,20,2,58,1,5,6,19,239,16,3,258,0,258,--,400,142,239,258,258,Algún campo sin dato,1,3bbe3c9116d209c400a0a579c8afcceb2e6d9967d8c04a4707dd7b1b901f3d76,25/06/2023 23:51:06,ESCANER
21057,"Petén",17,"Poptún",12,3279,400,7,105,17,23,0,66,0,3,6,29,256,12,2,270,0,270,--,400,130,256,270,270,Algún campo sin dato,1,17769f39e21829a0d2a895e3a344cb6760161003f9ce8c659b6e87938ed49a99,26/06/2023 01:37:59,ESCANER
21058,"Petén",17,"Poptún",12,3279,400,13,119,12,22,0,72,2,4,7,19,270,7,1,278,0,278,--,400,122,270,278,278,Algún campo sin dato,1,202f5a53dc3f733771a50feb517c97bebd05cdbc8dc06714c98b66c911f73a43,26/06/2023 01:51:34,ESCANER
21059,"Petén",17,"Poptún",12,3279,400,14,111,13,14,2,56,0,2,6,28,246,11,2,259,0,259,--,400,141,246,259,259,Algún campo sin dato,1,de4dcdd453db361d4d9502f760326e5d73f0d1d9528f4ecba21d2eeed8cfea52,25/06/2023 22:33:45,ESCANER
21060,"Petén",17,"Poptún",12,3279,400,14,110,13,21,0,55,0,2,5,21,241,11,6,258,0,258,--,400,142,241,258,258,Algún campo sin dato,1,5c55494e83e029ac69914eb1a136a4d2efee085aab9cab3e20daf288f8e0a591,25/06/2023 22:53:37,ESCANER
21061,"Petén",17,"Poptún",12,3279,400,17,99,8,16,2,58,0,3,7,17,227,3,2,232,0,232,--,400,168,227,232,232,Algún campo sin dato,1,0f83a3d70e068de6fe8f7babe6f39df1a6be652a144429c08c0d0fbb3b22ecd0,26/06/2023 03:11:24,ESCANER
21062,"Petén",17,"Poptún",12,3279,400,15,83,14,14,0,42,0,1,7,15,191,3,2,196,0,196,--,400,204,191,196,196,Algún campo sin dato,1,5f16e27749f19d1fb51b30cdbaf3790cef64ed97e917c87fe94a3cbcabd7a213,26/06/2023 03:08:02,ESCANER
21063,"Petén",17,"Poptún",12,3279,400,6,93,14,12,2,53,0,4,2,23,209,10,3,222,0,222,--,400,178,209,222,222,Algún campo sin dato,1,63dcf1b737a15c95d49b9a24508b4f44396bd849a4ff0894f6fe55f3b98dfeb1,26/06/2023 00:19:42,ESCANER
21064,"Petén",17,"Poptún",12,3279,400,7,102,17,17,3,48,0,1,2,24,221,6,4,231,0,231,--,400,169,221,231,231,Algún campo sin dato,1,130fcf910172aaf4623e9fddeb474c32ef1656d114346ca65cbdf3ddd331d267,26/06/2023 03:58:30,ESCANER
21065,"Petén",17,"Poptún",12,3279,400,10,89,15,22,0,39,2,3,3,25,208,13,3,224,0,224,--,400,176,208,224,224,Algún campo sin dato,1,6db38d1d469a2b0f96601831b82cf4a1514117dbdcbd23841a2be56dbea14887,26/06/2023 01:08:28,ESCANER
21066,"Petén",17,"Poptún",12,3279,400,8,123,5,18,1,67,2,3,6,15,248,3,2,253,0,253,--,400,144,248,253,253,Algún campo sin dato,1,f8848dee6e404940d9fb2727f2ab3bf4c5669dd736b63ebe83f05a3d05196284,26/06/2023 03:12:07,ESCANER
21067,"Petén",17,"Poptún",12,3279,400,12,91,15,19,1,55,0,1,5,22,221,13,2,236,0,236,--,400,164,221,236,236,Algún campo sin dato,1,fb938cd79df927e2906a210fdc7a17b67dff38b0ec3d1df035286eb804b977e4,26/06/2023 01:55:15,ESCANER
21068,"Petén",17,"Poptún",12,3279,400,12,101,12,14,1,68,0,2,3,26,239,8,5,252,0,252,--,398,146,239,252,252,Algún campo sin dato,1,969fad6059029e73edac6bdf252a734046979da2a48683ef207a2dda5e703ad0,26/06/2023 03:09:55,ESCANER
21069,"Petén",17,"Poptún",12,3279,400,16,112,11,19,0,49,0,5,3,28,243,6,3,252,0,252,--,400,148,243,252,252,Algún campo sin dato,1,834d1c1fc3421ba0a43955ea24adbe52d8b7dff7a3d1f3ce8665b50bb45145eb,26/06/2023 01:34:17,ESCANER
21070,"Petén",17,"Poptún",12,3279,400,16,100,17,11,1,41,2,4,2,23,217,13,4,234,0,234,--,399,165,217,234,234,Algún campo sin dato,1,67892079c37bbe145576cc9e70aef482c4880eb492e5509000d52b68babff90d,25/06/2023 22:38:33,ESCANER
21071,"Petén",17,"Poptún",12,3279,400,7,101,12,14,0,45,1,4,4,32,220,8,2,230,0,230,--,396,166,220,230,230,Algún campo sin dato,1,3d5a22ec7e5935439db3d4ddc3efe1bb5e791369f37c40300bf49742f933c728,26/06/2023 02:28:20,ESCANER
21072,"Petén",17,"Poptún",12,3279,400,5,97,12,18,3,56,1,6,2,10,210,11,0,221,0,221,--,--,--,210,221,221,Algún campo sin dato,1,9f2f638375110d76935428ba2244f7f152824106deeb0c6575a405ba4aeb10d1,26/06/2023 02:21:37,ESCANER
21073,"Petén",17,"Poptún",12,3279,400,6,84,10,7,1,44,1,3,6,21,183,5,2,190,0,190,--,400,210,183,190,190,Algún campo sin dato,1,e2afa1e0c2efeee3684669cf59948340bf0193c84de2aaddee2b2e295cc281fe,26/06/2023 02:58:28,ESCANER
21074,"Petén",17,"Poptún",12,3280,400,11,75,18,22,1,50,0,1,5,23,206,7,4,217,0,217,--,400,183,206,217,217,Algún campo sin dato,1,a5517b7ab444998bc0facf516b04413bb7a73e91fb701e3f8e3eeeee0344fdbf,26/06/2023 01:43:09,ESCANER
21075,"Petén",17,"Poptún",12,3280,400,8,95,13,15,2,34,0,3,3,21,194,3,1,198,0,198,--,400,202,194,198,198,Algún campo sin dato,1,443bde1361e657d79e2a0865d0cc1858040faeb9d3a90cdd972784485d842007,25/06/2023 22:32:07,ESCANER
21076,"Petén",17,"Poptún",12,3280,400,8,93,14,13,0,37,0,2,5,16,188,1,0,189,0,189,--,400,211,188,189,189,Algún campo sin dato,1,07ccfb701f76a2634247a8d780b1814f7ffbfea5d9b9123e61dda38c59a08f3a,26/06/2023 00:55:13,ESCANER
21077,"Petén",17,"Poptún",12,3280,400,11,88,14,12,4,62,0,2,3,13,209,1,2,212,0,212,--,400,188,209,212,212,Algún campo sin dato,1,c7c69b6b1c461f9d54234689b03958589442042a5f140637e1c3c9c07f663250,25/06/2023 22:45:46,ESCANER
21078,"Petén",17,"Poptún",12,3280,400,16,108,20,13,1,50,0,2,4,18,232,2,0,234,0,234,--,400,166,232,234,234,Algún campo sin dato,1,1c3834879a7b94325e0131b383188d6307bb8cee148ce67dcd23ae1e68f93248,26/06/2023 02:45:59,ESCANER
21079,"Petén",17,"Poptún",12,3280,400,13,109,20,18,0,43,1,5,4,13,226,1,1,228,0,228,--,400,172,226,228,228,Algún campo sin dato,1,20a4fac10bc829c83114040200d2ee8e672aae71ed6f90e61d3b04be0662ae56,26/06/2023 01:07:50,ESCANER
21080,"Petén",17,"Poptún",12,3280,400,10,91,16,7,0,37,0,2,0,23,186,1,1,188,0,188,--,400,212,186,188,188,Algún campo sin dato,1,6e685671c394e200ef231f6f2ddb3655ebc11ae8af306733bb1e2fe2ff57b7de,25/06/2023 23:16:32,ESCANER
21081,"Petén",17,"Poptún",12,3280,270,9,63,6,13,0,22,0,0,3,12,128,2,1,131,0,131,--,270,139,128,131,131,Algún campo sin dato,1,85eb3cb0d4182b4e4c53b97c65f1fe89383c0d0b76dee5bfb9c2434eb316de49,25/06/2023 22:53:39,ESCANER
21082,"Petén",17,"Poptún",12,3280,269,6,51,3,7,1,20,0,1,1,11,101,7,0,108,0,108,1,269,160,101,108,108,,1,6695eff1106935fbe58198b5ac430e737482835f2d59a2d0da81bfc30d937caa,26/06/2023 01:26:13,ESCANER
21083,"Petén",17,"Poptún",12,3281,400,31,92,8,21,2,37,0,2,4,32,229,17,2,248,0,248,--,400,152,229,248,248,Algún campo sin dato,1,43040f2ba29f18a6ec9be68010af16cf61fa311405442fd240d6bb580e0850d8,26/06/2023 02:51:48,ESCANER
21084,"Petén",17,"Poptún",12,3281,400,22,98,13,17,1,39,0,4,6,28,228,14,7,249,0,0,--,400,151,228,249,249,Algún campo sin dato,1,4aa2fe701aed0dce43f445880e642234a342a277f70bafeeaabf2164ed914b15,26/06/2023 03:48:03,ESCANER
21085,"Petén",17,"Poptún",12,3281,400,18,97,4,34,2,45,1,1,4,50,256,12,5,273,0,273,--,400,127,256,273,273,Algún campo sin dato,1,9b78920dcec7c86db6e8ebec91e0697c57e5e8321a8f2b2cbe04090332105f05,25/06/2023 22:43:49,ESCANER
21086,"Petén",17,"Poptún",12,3281,400,20,76,7,24,2,55,0,5,17,39,245,13,3,261,0,261,--,400,139,245,261,261,Algún campo sin dato,1,0608c63227cc8c5896a475e10242ba064000add213e74c5643b6cf9329ffdb3e,26/06/2023 04:29:32,ESCANER
21087,"Petén",17,"Poptún",12,3281,400,21,99,15,22,2,32,2,5,6,30,234,20,1,255,0,255,--,400,145,234,255,255,Algún campo sin dato,1,961d8f3c1f70cb3b4e9945c8a796a1d1f5f1f50593179f6efcd3a20dd6c8e5ce,26/06/2023 02:08:28,ESCANER
21088,"Petén",17,"Poptún",12,3281,400,28,90,7,26,0,32,2,2,7,22,216,9,2,227,0,227,--,400,173,216,227,227,Algún campo sin dato,1,8900fc07028fd66d5462280b6c0fbbf0b8c7446b3cf4c6d49f0f8e7c276b65b4,25/06/2023 23:41:05,ESCANER
21089,"Petén",17,"Poptún",12,3281,400,22,86,15,10,1,31,2,1,6,30,204,9,1,214,0,214,--,400,186,204,214,214,Algún campo sin dato,1,1f2905fb60033c6caa94c0a57f0f39b26ef5a28526f9da7213026672bdcb816d,25/06/2023 23:24:59,ESCANER
21090,"Petén",17,"Poptún",12,3281,400,26,83,12,14,0,31,0,1,5,42,214,11,0,225,0,225,--,400,175,214,225,225,Algún campo sin dato,1,04c9f41bc22b6c7643581c1e59feee8951cd736c07afcceb45f91eb9aeefc8b6,26/06/2023 04:01:04,ESCANER
21091,"Petén",17,"Poptún",12,3281,400,26,74,6,12,1,45,1,0,10,42,217,12,2,231,0,231,--,400,169,217,231,231,Algún campo sin dato,1,fa88cf564d6eff0ef0c1dbb77881b99fc38326ff4bfe4d8ec4c73a492eee2893,26/06/2023 03:22:34,ESCANER
21092,"Petén",17,"Poptún",12,3281,400,16,72,10,19,0,42,1,2,8,36,206,16,5,227,0,227,--,397,170,206,227,227,Algún campo sin dato,1,d301095297b2ce77aa7a63a6a24ee6d57dd86ddd9ac2a6fe46c34c61685020e2,26/06/2023 03:03:49,ESCANER
21093,"Petén",17,"Poptún",12,3281,400,25,70,11,20,1,35,0,1,8,33,204,11,3,218,0,218,--,400,182,204,218,218,Algún campo sin dato,1,1baf6a711a2455f30760b4712781f4461abc13dbcab545b797ecbe3059b32ddd,26/06/2023 02:01:24,ESCANER
21094,"Petén",17,"Poptún",12,3281,400,17,76,8,19,2,31,1,0,7,32,193,4,5,202,0,202,--,400,198,193,202,202,Algún campo sin dato,1,cc9d729fbae80fb514963f3829c21d16fc5f7385f45a8f70c46887fc8aa7dfa8,26/06/2023 00:07:40,ESCANER
21095,"Petén",17,"Poptún",12,3281,400,28,76,7,25,3,40,0,2,7,17,205,3,3,211,0,211,--,400,189,205,211,211,Algún campo sin dato,1,f748b0fe9469ad49273eb9a5beee3e128536e865d81d82416ca165065050cb23,25/06/2023 22:50:36,ESCANER
21096,"Petén",17,"Poptún",12,3281,400,25,88,6,11,1,23,1,0,6,20,181,4,1,186,215,401,--,401,215,181,186,401,Algún campo sin dato,1,c531e0f15053fd3846683bf41d6a2bd702c2d5b5d7c76dab7136ea9226b7c8a4,26/06/2023 01:04:16,ESCANER
21097,"Petén",17,"Poptún",12,3281,400,28,68,9,17,0,33,0,0,10,22,187,3,1,191,0,191,--,400,209,187,191,191,Algún campo sin dato,1,314ef9d7177071f77ade230ded8f8ead91f55ecae5b021f843d600ce25496092,25/06/2023 23:37:39,ESCANER
21098,"Petén",17,"Poptún",12,3281,400,20,79,4,18,1,39,0,2,13,27,203,5,0,208,0,208,--,400,192,203,208,208,Algún campo sin dato,1,15b32a85fbcb3d41e03305b8885ab6806d957fb73b30898db5d1cbd88eaceec8,26/06/2023 00:13:54,ESCANER
21099,"Petén",17,"Poptún",12,3281,279,17,73,5,7,1,27,0,0,2,12,144,2,0,146,0,146,--,279,133,144,146,146,Algún campo sin dato,1,fabbc3856ea7072e6e8776c5dbcd0392cdd68f9e7801c9eb12aeff4409055ea8,25/06/2023 23:21:02,ESCANER
21100,"Petén",17,"Poptún",12,3281,279,14,45,3,7,1,16,0,0,5,17,108,6,0,114,0,114,--,279,165,108,114,114,Algún campo sin dato,1,c51f0b416dfeceea739defd6722ce3c1df725896ea612108aa3f54cdc034d43e,26/06/2023 01:35:49,ESCANER
21101,"Petén",17,"Poptún",12,3282,380,2,130,10,15,0,17,0,0,1,12,193,12,4,209,0,209,--,380,171,187,203,203,Sumas Asentadas sin cuadrar,1,f6b4e54046046c15205fae9e8887415cbeb53d440c680c181ebfa8967eabf7bf,26/06/2023 03:37:13,ESCANER
21102,"Petén",17,"Poptún",12,3282,380,2,129,7,7,6,15,1,0,1,17,185,21,2,208,0,208,--,380,172,185,208,208,Algún campo sin dato,1,2c8f2b75a1e897f60c6118d94465263801cbcdc01cee1226cab43de03c0ea6b2,26/06/2023 03:50:01,ESCANER
21103,"Petén",17,"Poptún",12,3282,380,5,151,11,7,3,17,0,0,1,12,207,7,6,220,0,220,--,380,160,207,220,220,Algún campo sin dato,1,63ea0035b09bf5842dc4975d9af4c3c69375722a68c962af139f9eb6149c3a5b,26/06/2023 04:09:31,ESCANER
21104,"Petén",17,"Poptún",12,3282,380,2,151,19,4,6,17,1,0,0,14,214,19,8,241,0,241,--,380,139,214,241,241,Algún campo sin dato,1,3ae769ad6725fa5a1df1cf07d88807a0c6873b3fb9e6a33eaf33349b511a792d,26/06/2023 04:15:33,ESCANER
21105,"Petén",17,"Poptún",12,3282,380,1,130,9,8,12,21,0,0,2,24,207,15,2,224,0,224,--,380,156,207,224,224,Algún campo sin dato,1,34a6e31fad988c07395396ad9a859f703891b1c7539a904ba7d3b99b0d61fcd8,26/06/2023 03:41:32,ESCANER
21106,"Petén",17,"Poptún",12,3282,380,0,118,6,3,4,16,0,0,2,15,164,7,1,172,0,172,--,380,208,164,172,172,Algún campo sin dato,1,9594f0bc4da276d0b11f1eb1e954d0f894176f229f3b464b5fcd14e3ae6466a5,26/06/2023 04:22:04,ESCANER
21107,"Petén",17,"Poptún",12,3282,380,4,98,5,3,2,15,0,0,1,22,150,14,4,168,0,168,--,380,212,150,168,168,Algún campo sin dato,1,e475e33cdb2b3b87738297d083d28e9d6971406b8b38af3c17d6350aaae0d8e6,26/06/2023 03:19:59,ESCANER
21108,"Petén",17,"Poptún",12,3282,380,1,140,9,3,3,14,0,1,0,15,186,10,5,201,0,201,--,380,179,186,201,201,Algún campo sin dato,1,0ccc193b8bad31b690e37a4ade2775e9232eee61440e8e6094f94a061d96ed7a,26/06/2023 03:56:37,ESCANER
21109,"Petén",17,"Poptún",12,3282,380,2,116,0,3,11,16,0,0,2,16,166,12,5,183,0,183,--,380,197,166,183,183,Algún campo sin dato,1,833d9317c84bca51b0fc0d07f85eb9b13b2baa89c6aba985252e393ef1449d28,26/06/2023 04:03:53,ESCANER
21110,"Petén",17,"Poptún",12,3282,380,3,120,9,5,4,20,0,0,0,16,177,6,4,187,0,187,--,380,193,177,187,187,Algún campo sin dato,1,db17c4d7f035308be89424b82813d15b7e92b8648576651ca5aa4b2c9797c1dc,26/06/2023 03:22:21,ESCANER
21111,"Petén",17,"Poptún",12,3282,380,2,100,4,5,5,12,1,0,0,10,139,12,3,154,0,154,--,380,226,139,154,154,Algún campo sin dato,1,65763245f4d78b176b63679a404b6af65cefbe04a35b402982eb58e7d868478a,26/06/2023 03:16:22,ESCANER
21112,"Petén",17,"Poptún",12,3282,380,3,101,10,7,4,21,1,1,0,15,163,6,1,170,0,170,--,380,210,163,170,170,Algún campo sin dato,1,bc1c65218a9821dff06b128caaceeb69aac5e13b6d082812e665c8fd98dfac0a,26/06/2023 03:39:36,ESCANER
21113,"Petén",17,"Poptún",12,3282,380,6,128,8,4,7,21,0,0,0,11,185,4,0,189,0,189,--,380,191,185,189,189,Algún campo sin dato,1,76c4bad606e0428ca2b31e9abafd2506cc400079a58e1d847fe17991be5a0e0f,26/06/2023 03:15:34,ESCANER
21114,"Petén",17,"Poptún",12,3282,380,5,119,5,5,3,12,0,0,0,14,163,0,1,164,0,164,--,380,216,163,164,164,Algún campo sin dato,1,d7be8c9b23786029225f4047061f59e9dde375de9805ec99e025212bdc3f8d4d,26/06/2023 03:56:09,ESCANER
21115,"Petén",17,"Poptún",12,3282,277,1,90,3,2,1,5,0,1,0,8,111,1,1,113,0,113,--,277,164,111,113,113,Algún campo sin dato,1,b0402a668d6f72b6c8cb9d5d193e6cf44b9095a31a3b33cdff3c050df09bce22,26/06/2023 03:32:09,ESCANER
21116,"Petén",17,"Poptún",12,3282,277,1,59,4,1,2,8,0,1,0,7,83,9,5,97,0,97,--,274,177,83,97,97,Algún campo sin dato,1,dac9861c276666c8bfb67076f01d22a4aa8337a8685c728193e52b72844cdecd,26/06/2023 03:49:46,ESCANER
21117,"Petén",17,"Poptún",12,3283,380,3,144,2,1,0,17,0,2,0,32,201,13,8,222,0,222,--,380,158,201,222,222,Algún campo sin dato,1,8582473d2259937bbfb84b15fd7d50f617a578f62b72221fedbef57e48f88695,26/06/2023 02:37:28,ESCANER
21118,"Petén",17,"Poptún",12,3283,380,0,142,6,6,1,10,0,0,2,20,187,17,5,209,0,209,--,380,171,187,209,209,Algún campo sin dato,1,b0cfa2c70e010729919c6fbc10f72957bf2f8e6d1d3661ce17cf4be7cbaeb73a,26/06/2023 01:35:22,ESCANER
21119,"Petén",17,"Poptún",12,3283,380,2,138,1,4,0,23,0,0,0,25,193,17,7,217,0,217,--,380,163,193,217,217,Algún campo sin dato,1,6db6e81dfacf3c119ab9897998af9306ac8f959df10cbed5c846fbdbfffd3c34,26/06/2023 02:44:00,ESCANER
21120,"Petén",17,"Poptún",12,3283,270,1,106,3,4,0,9,0,3,1,13,140,4,1,145,0,145,--,270,125,140,145,145,Algún campo sin dato,1,aaa285e0dc363286a2ddb5e55b61115be3b96f28e8656f4547a8242ad341cf91,26/06/2023 02:52:15,ESCANER
21121,"Petén",17,"Poptún",12,3283,269,0,91,1,3,1,8,0,0,0,17,121,6,0,127,0,127,--,269,142,121,127,127,Algún campo sin dato,1,17a9ef44770eb145acc3486c65d9d0b3990e35913d4c1905ff1d00c125bc40e5,26/06/2023 03:09:59,ESCANER
21122,"Petén",17,"Poptún",12,3284,380,0,148,4,1,1,10,0,0,3,15,182,12,2,196,0,196,--,380,184,182,196,196,Algún campo sin dato,1,827d2f124c5001e6f741cec7c9118b0826304d84c98f22b79642028266d32a10,26/06/2023 03:44:44,ESCANER
21123,"Petén",17,"Poptún",12,3284,380,2,187,4,3,1,11,0,0,5,14,227,9,3,239,0,239,--,380,141,227,239,239,Algún campo sin dato,1,3f3d2076db92e536276e50825a27882ceaac6ec6a0fad51434fd846dd0744fde,26/06/2023 03:59:49,ESCANER
21124,"Petén",17,"Poptún",12,3284,380,0,115,4,3,0,18,0,1,3,22,166,14,9,189,0,189,--,377,188,166,189,189,Algún campo sin dato,1,e6cf2b9cd3e6a4fd390a7d5167edbcd39e8a046866ef1f2c70af8585871152d4,26/06/2023 04:14:41,ESCANER
21125,"Petén",17,"Poptún",12,3284,359,0,123,1,1,0,9,1,0,3,14,152,11,3,166,0,166,--,359,193,152,166,166,Algún campo sin dato,1,8abe2ec5b8dc9979522f7c32200ff4130a8dcba02b3aa3d589a74ce0b987b242,26/06/2023 04:34:59,ESCANER
21126,"Petén",17,"Poptún",12,3284,359,2,136,3,5,0,4,0,2,0,8,160,2,2,164,0,164,--,359,195,160,164,164,Algún campo sin dato,1,24865eb1a2a0180a89677541b2d51fcf1d6a102b1d9e6121b9af2931a133af39,26/06/2023 04:42:49,ESCANER
21127,"Petén",17,"Poptún",12,3285,380,10,157,9,5,2,19,0,3,1,21,227,8,2,237,0,237,--,380,143,227,237,237,Algún campo sin dato,1,1f76b37ded7c982b268bd130b04f43fb78849267ef3d07b1c71e44abb3811091,26/06/2023 03:37:23,ESCANER
21128,"Petén",17,"Poptún",12,3285,380,3,162,7,6,0,16,0,1,1,15,211,13,2,226,0,226,--,380,154,211,226,226,Algún campo sin dato,1,31085a0f1f99c95c3d56b5ec556eb7d08734c923ce103d22c4256732fbbf18b8,26/06/2023 03:45:01,ESCANER
21129,"Petén",17,"Poptún",12,3285,380,7,166,4,4,1,13,1,0,3,19,218,13,1,232,0,232,--,380,148,218,232,232,Algún campo sin dato,1,199b382099e48d11a4db54be8f76204cec09ba94bd420e2634fd075b28bda5b9,26/06/2023 03:49:51,ESCANER
21130,"Petén",17,"Poptún",12,3285,380,5,145,4,9,0,9,0,0,0,11,183,24,4,211,0,211,--,380,169,183,211,211,Algún campo sin dato,1,34bde056a654a08cd172950bd74db44fda734b93d049cd838bd2be402201712f,26/06/2023 03:58:07,ESCANER
21131,"Petén",17,"Poptún",12,3285,380,4,120,4,5,0,4,0,0,1,9,147,9,5,161,0,161,--,380,219,147,161,161,Algún campo sin dato,1,43945ba7d6df81899f5e549901679345741eac9ef1d950243dfdff302adc593f,26/06/2023 04:03:42,ESCANER
21132,"Petén",17,"Poptún",12,3285,319,4,98,4,3,0,5,0,0,0,21,140,4,1,140,0,140,--,319,179,135,140,140,Sumas Asentadas sin cuadrar,1,31e733320986909e1ef29f3a25169f8935d7b73c08b33a8a58e36dc3bb1497f3,26/06/2023 04:11:34,ESCANER
21133,"Petén",17,"Poptún",12,3285,319,2,113,5,2,1,3,0,0,0,10,136,10,0,146,0,146,--,319,173,136,146,146,Algún campo sin dato,1,ad56284dc2e4de65791aa83f72c1f66092392af7d18805598bc4865e2186b81a,26/06/2023 04:16:14,ESCANER
21134,"Petén",17,"Poptún",12,3286,380,1,142,1,3,0,5,0,0,3,46,201,2,7,210,0,210,--,380,170,201,210,210,Algún campo sin dato,1,8f73ed43783ff0be038359fd403f38a3af6f85efbcd1679968a947795e602f9f,26/06/2023 03:58:55,ESCANER
21135,"Petén",17,"Poptún",12,3287,380,2,147,1,6,2,2,0,0,1,44,205,13,7,225,0,225,--,380,155,205,225,225,Algún campo sin dato,1,3d417eab34ae376e902a63c2ec85d586f9b1bbea8cd4d4b45abaeb46f6743b6f,26/06/2023 03:48:06,ESCANER
21136,"Petén",17,"Poptún",12,3287,304,1,85,1,3,0,5,0,0,0,28,123,4,2,129,0,129,--,304,175,123,129,129,Algún campo sin dato,1,9bdf43321bd88b7c4ecd11c5641bd864d3dbaadba3c8ef8ac5134c6250be93f5,26/06/2023 03:59:13,ESCANER
21137,"Petén",17,"Poptún",12,3287,303,0,99,1,1,1,4,0,0,3,28,137,9,4,150,0,150,--,303,153,137,150,150,Algún campo sin dato,1,23c65f4d0c1508cf96726cfb1dbf0f788a9b71b47704f8b8b24d56d46fb64697,26/06/2023 04:09:53,ESCANER
21138,"Petén",17,"Poptún",12,3288,600,6,76,8,12,0,32,2,2,3,14,155,17,2,174,0,174,--,600,426,155,174,174,Algún campo sin dato,1,f9100fd5ce554ab99c6081976e40eb09a845cadf2e88fd12d40a88f69a592e76,25/06/2023 23:00:58,ESCANER
21139,"Petén",17,"Poptún",12,3288,503,6,70,9,13,0,42,0,0,7,18,165,9,3,177,0,177,--,503,326,165,177,177,Algún campo sin dato,1,3874d03309a97c39843f10c4af246347dabf9d9a9f970865abeca7f68d304760,26/06/2023 00:58:50,ESCANER
21140,"Petén",17,"Poptún",12,3288,502,4,20,3,9,0,17,1,0,1,7,62,2,4,68,0,68,--,502,434,62,68,68,Algún campo sin dato,1,79d701e20f25291dba50f5c9232e7cb8848e62d05842cf0e8b6a6b14b2bdebd3,25/06/2023 23:17:12,ESCANER