﻿TIPO_DE_ELECCIÓN:,CORPORACIÓN MUNICIPAL
28 junio 2023 21:35 (UTC -6)
ACTAS_ESPERADAS,ACTAS_CAPTURADAS,PORCENTAJE_ACTAS_CAPTURADAS,ACTAS_CONTABILIZADAS,PORCENTAJE_ACTAS_CONTABILIZADAS,ACTAS_NO_CONTABILIZADAS,LISTA_NOMINAL_ACTAS_CONTABILIZADAS,VOTOS_EMITIDOS_CONTABILIZADAS,PORCENTAJE_PARTICIPACIÓN_CIUDADANA
25,25,100.0000,25,100.0000,0,8930,6442,72.1388

MESA,DEPARTAMENTO,ID_DEPARTAMENTO,MUNICIPIO,ID_MUNICIPIO,CENTRO_DE_VOTACIÓN,PADRÓN,PODEMOS,CABAL,UNE,CAMBIO,VAMOS,PPN,VALOR,MLP,TODOS,VÁLIDOS,NULOS,BLANCO,EMITIDOS,INVÁLIDOS,TOTAL,IMPUGNACIONES,PAPELETAS-RECIBIDAS,PAPELETAS-NO-USADAS,VALIDOS_CALCULADO,EMITIDOS_CALCULADO,TOTAL_CALCULADO,OBSERVACIONES,CONTABILIZADA,CÓDIGO_INTEGRIDAD,FECHA_HORA_PUBLICACIÓN,DIGITALIZACIÓN
12039,"Suchitepéquez",10,"San Lorenzo",7,1625,400,73,67,0,5,127,1,0,0,3,276,11,5,292,0,292,--,400,108,276,292,292,Algún campo sin dato,1,b6c59c2b550adda9f3b10d891407c3c37365345facae8fec1149814837fed275,26/06/2023 00:53:56,ESCANER
12040,"Suchitepéquez",10,"San Lorenzo",7,1625,400,83,72,3,15,126,1,0,0,1,301,10,5,316,0,316,--,400,84,301,316,316,Algún campo sin dato,1,ad6225110226cb648fe46b361dc9fdc3551e752db634cebea4d7633f15d67726,26/06/2023 02:08:58,ESCANER
12041,"Suchitepéquez",10,"San Lorenzo",7,1625,400,77,72,0,8,118,1,1,2,4,283,12,4,299,0,299,--,400,101,283,299,299,Algún campo sin dato,1,ddc44e095241ffbb3436941dc469708a4aaa2ed2b7eb3bdbe0519f23583eed78,26/06/2023 01:12:51,ESCANER
12042,"Suchitepéquez",10,"San Lorenzo",7,1625,368,76,51,1,13,96,2,0,0,3,242,9,1,252,0,252,--,368,116,242,252,252,Algún campo sin dato,1,41c4788f20ac5eaacb3cd3caea5cbfbbfe54389925f4ec0d162b4d18a4eeebb2,26/06/2023 01:31:32,ESCANER
12043,"Suchitepéquez",10,"San Lorenzo",7,1625,368,70,69,--,14,103,--,--,--,--,256,1,1,258,--,--,--,--,--,256,258,258,Algún campo sin dato,1,400e940eaec31ff0f68893b266a4fb92ef7249737cf1c70489d6922a6f6373fc,26/06/2023 03:51:27,ESCANER
12044,"Suchitepéquez",10,"San Lorenzo",7,1626,400,148,63,3,10,65,1,0,2,4,296,9,10,315,0,315,--,400,85,296,315,315,Algún campo sin dato,1,268c76ee37aba75ade57486685d59ef5d3c50f29555447e32095bbde74244037,26/06/2023 01:39:14,ESCANER
12045,"Suchitepéquez",10,"San Lorenzo",7,1626,400,145,73,4,11,70,0,0,4,1,308,8,4,320,0,320,--,400,80,308,320,320,Algún campo sin dato,1,882d66ef87fd8528707e55c62064aea15ca0b666337586d7299e1baaa16572bf,26/06/2023 02:14:14,ESCANER
12046,"Suchitepéquez",10,"San Lorenzo",7,1626,400,162,71,2,8,82,0,2,1,4,332,8,4,344,0,344,--,400,56,332,344,344,Algún campo sin dato,1,72a8b2367e3c7f1854e171628c173788cba9a6ec0bc4d40851517e7171af12eb,26/06/2023 00:41:51,ESCANER
12047,"Suchitepéquez",10,"San Lorenzo",7,1626,400,155,56,2,5,96,1,0,1,0,316,10,4,330,0,330,--,400,70,316,330,330,Algún campo sin dato,1,7493d9af3399fea1b4c55720f530081c62f096e2e4b7f99b957d50bfe845274a,26/06/2023 01:59:01,ESCANER
12048,"Suchitepéquez",10,"San Lorenzo",7,1626,400,126,58,1,7,76,0,1,0,1,270,3,1,274,0,274,--,400,126,270,274,274,Algún campo sin dato,1,50f82ae726756212777f4931de473fafcb5239bcf7a90a7b3e9a01acf2dc65a6,26/06/2023 01:23:38,ESCANER
12049,"Suchitepéquez",10,"San Lorenzo",7,1627,400,116,75,3,6,81,0,1,0,8,290,16,5,311,0,0,--,400,89,290,311,311,Algún campo sin dato,1,b1fd39274ac5bc865a25d45c3ef90cdc4e60e2ee8dadaf4c247649987e452c80,26/06/2023 04:46:53,ESCANER
12050,"Suchitepéquez",10,"San Lorenzo",7,1627,400,149,51,1,8,78,0,1,1,3,292,2,1,295,0,295,--,400,105,292,295,295,Algún campo sin dato,1,25991492ce59c6b65b7deb93597aef498b8aab2f4233c35bb10541c3e4c73c3e,26/06/2023 01:28:42,ESCANER
12051,"Suchitepéquez",10,"San Lorenzo",7,1627,400,143,55,1,8,69,0,0,1,4,281,4,1,286,0,286,1,400,114,281,286,286,,1,317598d585f3a6d794555d4e6bc58994632fa2e6bdecef71f3e42eff7ab45bf2,26/06/2023 01:09:11,ESCANER
12052,"Suchitepéquez",10,"San Lorenzo",7,1627,211,76,36,0,4,42,1,0,0,3,162,0,0,162,0,162,--,211,49,162,162,162,Algún campo sin dato,1,85e49e1a67e84d10e19f97cdec5fd11cc74891c8f3051a903f70b19b62a80897,25/06/2023 22:02:15,ESCANER
12053,"Suchitepéquez",10,"San Lorenzo",7,1627,210,51,35,0,8,44,0,0,0,2,140,3,1,144,0,144,--,210,66,140,144,144,Algún campo sin dato,1,2c9135109802e5620a673bfce750e426b0303b6658a9c232cf9f8d989f3d53f3,25/06/2023 23:06:11,ESCANER
12054,"Suchitepéquez",10,"San Lorenzo",7,1628,400,153,34,2,15,75,0,0,0,6,285,21,9,315,2,317,--,400,85,285,315,317,Algún campo sin dato,1,4eba60694c79677e2b3bb2a48934a422496feceecb366948e526c8eb53231a6a,25/06/2023 23:30:28,ESCANER
12055,"Suchitepéquez",10,"San Lorenzo",7,1628,400,166,33,2,4,72,0,0,0,12,289,15,9,313,3,316,--,400,84,289,313,316,Algún campo sin dato,1,d853bd70aad0693a2cacfac086f2214fd5bf648886ac5ee737fded0c6bdab639,26/06/2023 02:08:25,ESCANER
12056,"Suchitepéquez",10,"San Lorenzo",7,1628,400,138,28,1,5,65,0,0,0,8,245,10,2,257,1,258,--,400,143,245,257,258,Algún campo sin dato,1,732b8e86bd6c38885b9567c8b2fbb3d69a58a3ed5bff5097ca9e014ccace3264,26/06/2023 00:12:30,ESCANER
12057,"Suchitepéquez",10,"San Lorenzo",7,1628,314,123,30,1,6,55,0,0,0,8,223,4,0,227,0,227,--,311,84,223,227,227,Algún campo sin dato,1,8027c0bcd91ee9c231dced01b3412337941b0e79e0e26cde8e1fd5d1a3b353c3,26/06/2023 00:56:29,ESCANER
12058,"Suchitepéquez",10,"San Lorenzo",7,1628,314,113,26,0,8,60,0,0,0,5,212,2,2,216,0,216,--,314,98,212,216,216,Algún campo sin dato,1,73724b55000698a346027445ff3aa124bd1e4d840503dad1eb918710757cd52b,26/06/2023 01:02:53,ESCANER
12059,"Suchitepéquez",10,"San Lorenzo",7,1629,380,126,27,5,4,95,1,0,1,8,267,13,4,284,--,--,--,380,96,267,284,284,Algún campo sin dato,1,d4820f9476da5e62c6d42e32b94d3bb3567749b18e13d07bc5f3867bbe93a60a,26/06/2023 02:55:36,ESCANER
12060,"Suchitepéquez",10,"San Lorenzo",7,1629,380,110,20,2,3,74,0,1,3,6,219,4,2,225,5,230,--,--,--,219,225,230,Algún campo sin dato,1,9cbcb7d293364ce4cbf7fae4ee062b662097638ed05d2259b6727d3cb39d7a3c,26/06/2023 01:15:10,ESCANER
12061,"Suchitepéquez",10,"San Lorenzo",7,1629,236,63,8,2,4,54,0,1,0,4,136,3,1,140,--,--,--,236,96,136,140,140,Algún campo sin dato,1,70846816a63e8d0910c84fafcf732260dd6d208692aa0ce0762b66b820aebf21,25/06/2023 21:54:13,ESCANER
12062,"Suchitepéquez",10,"San Lorenzo",7,1629,236,78,20,0,4,59,0,3,0,1,165,2,1,168,--,--,--,233,65,165,168,168,Algún campo sin dato,1,686a802fba00b44a8750b8eb648ffbe7c0069e430847bfb91030d64fd3a9c331,26/06/2023 00:04:11,ESCANER
12063,"Suchitepéquez",10,"San Lorenzo",7,1630,313,37,27,1,0,28,0,0,0,1,94,2,3,99,0,99,--,313,214,94,99,99,Algún campo sin dato,1,357f8d1fbdec518e1405b777fd6735febb0465abcbd5b2818734cfcb3c8096e9,25/06/2023 23:36:53,ESCANER