﻿TIPO_DE_ELECCIÓN:,CORPORACIÓN MUNICIPAL
28 junio 2023 21:35 (UTC -6)
ACTAS_ESPERADAS,ACTAS_CAPTURADAS,PORCENTAJE_ACTAS_CAPTURADAS,ACTAS_CONTABILIZADAS,PORCENTAJE_ACTAS_CONTABILIZADAS,ACTAS_NO_CONTABILIZADAS,LISTA_NOMINAL_ACTAS_CONTABILIZADAS,VOTOS_EMITIDOS_CONTABILIZADAS,PORCENTAJE_PARTICIPACIÓN_CIUDADANA
97,97,100.0000,97,100.0000,0,37134,26112,70.3183

MESA,DEPARTAMENTO,ID_DEPARTAMENTO,MUNICIPIO,ID_MUNICIPIO,CENTRO_DE_VOTACIÓN,PADRÓN,MLP,PPN,FCN-NACION,PHG,VAMOS,VALOR,VIVA,UNE,CABAL,CAMBIO,VICTORIA,MI FAMILIA,PODEMOS,ELEFANTE,AZUL,KAQ KOJ,SEMILLA,VOS,PR,VÁLIDOS,NULOS,BLANCO,EMITIDOS,INVÁLIDOS,TOTAL,IMPUGNACIONES,PAPELETAS-RECIBIDAS,PAPELETAS-NO-USADAS,VALIDOS_CALCULADO,EMITIDOS_CALCULADO,TOTAL_CALCULADO,OBSERVACIONES,CONTABILIZADA,CÓDIGO_INTEGRIDAD,FECHA_HORA_PUBLICACIÓN,DIGITALIZACIÓN
18956,"Alta Verapaz",16,"San Cristóbal Verapaz",3,2907,400,0,9,0,13,53,38,1,11,12,2,3,3,65,7,2,6,5,1,58,289,13,3,305,0,305,--,400,95,289,305,305,Algún campo sin dato,1,0fc35ca3b85470a867c963c8927d6a204ecf0c6eb570238087cfdafa4c5e2da8,26/06/2023 01:46:07,ESCANER
18957,"Alta Verapaz",16,"San Cristóbal Verapaz",3,2907,400,2,5,2,12,55,46,1,6,12,6,2,3,63,10,2,4,3,0,41,275,11,2,288,0,288,--,400,112,275,288,288,Algún campo sin dato,1,c0211e3ab11a184e382ad85ec62171e1039cd33eea312fd07eab8b0ae0dc596d,26/06/2023 00:49:59,ESCANER
18958,"Alta Verapaz",16,"San Cristóbal Verapaz",3,2907,400,2,3,0,9,42,43,5,15,4,3,1,3,66,14,5,4,3,2,39,261,24,6,291,0,291,--,400,109,263,293,293,Sumas Asentadas sin cuadrar,1,6e00ec6e3195279e0ab5a12fe26928414fbfd80889d7a4586451d4cc3bd1981f,26/06/2023 04:43:24,ESCANER
18959,"Alta Verapaz",16,"San Cristóbal Verapaz",3,2907,400,2,2,0,9,74,37,7,12,9,5,5,2,64,11,3,5,3,0,0,298,19,2,319,--,--,--,400,78,250,271,271,Sumas Asentadas sin cuadrar,1,213928b8efa1bd57a4de4e3a67e0aa1497de3a00b1d39c536cf661e9e383b635,26/06/2023 02:23:42,ESCANER
18960,"Alta Verapaz",16,"San Cristóbal Verapaz",3,2907,400,5,3,0,10,57,45,3,8,14,2,0,3,65,6,3,7,2,1,50,284,19,1,304,1,305,0,400,95,284,304,305,,1,f865d6d935389585da1b096bdd4a5060cf844cc1b6a9b604fec9017b9ed1ce6c,25/06/2023 23:57:13,ESCANER
18961,"Alta Verapaz",16,"San Cristóbal Verapaz",3,2907,400,5,3,2,6,69,78,2,14,9,0,5,0,51,7,2,8,2,0,49,312,17,1,330,0,330,--,400,700,312,330,330,Algún campo sin dato,1,8d1127a652a1fa09b093f2e4959782853f8f45f6392aa53be8a5055537657595,26/06/2023 04:51:09,ESCANER
18962,"Alta Verapaz",16,"San Cristóbal Verapaz",3,2907,400,16,3,0,14,47,42,4,9,10,3,3,0,46,7,2,7,4,0,74,291,23,6,320,80,400,--,400,80,291,320,400,Algún campo sin dato,1,be3c894a0f613a55bf2ca527e1905561ce11a38989aac8e0842490d696cf2c9f,26/06/2023 03:26:35,ESCANER
18963,"Alta Verapaz",16,"San Cristóbal Verapaz",3,2907,400,1,4,0,15,61,55,4,7,8,0,3,0,79,10,5,5,7,1,47,312,13,2,327,0,327,0,400,73,312,327,327,,1,4d5ec82d6ab99b6cdbf050364ed56b7d7534d8d90206b754d6b367f55cb252ba,26/06/2023 03:20:57,ESCANER
18964,"Alta Verapaz",16,"San Cristóbal Verapaz",3,2907,400,6,7,3,13,51,32,2,13,13,4,3,0,59,11,9,5,3,1,56,291,12,1,304,0,304,--,400,96,291,304,304,Algún campo sin dato,1,39d29591d0571c6d22da3c78e41e5eff8dae3161c2a57598487ce021c3cff66f,26/06/2023 05:03:29,ESCANER
18965,"Alta Verapaz",16,"San Cristóbal Verapaz",3,2907,400,10,12,2,25,46,34,7,17,7,0,3,0,59,7,1,6,1,0,37,274,24,1,299,0,299,2,400,101,274,299,299,,1,b8678ae6a15838c49b3628a78fc34b38f0c8a7693f0f1986cee63e872b8c6a21,26/06/2023 05:07:14,ESCANER
18966,"Alta Verapaz",16,"San Cristóbal Verapaz",3,2907,400,2,8,2,17,66,44,4,12,21,1,4,1,62,10,8,8,4,0,34,308,3,5,316,10,326,--,400,74,308,316,326,Algún campo sin dato,1,d8ac25e4d9d6fb6fecb45adca3dd791a3f8eb366ba53040bba203d9cadb86e05,26/06/2023 02:08:03,ESCANER
18967,"Alta Verapaz",16,"San Cristóbal Verapaz",3,2907,400,5,4,1,14,69,47,4,15,12,2,6,2,67,12,7,5,1,0,45,318,13,2,333,0,333,--,400,67,318,333,333,Algún campo sin dato,1,cfc99b528052f1a2fd08bc385c7740ac625ced07411c0f1f06e1d700c7fa4f95,26/06/2023 02:48:06,ESCANER
18968,"Alta Verapaz",16,"San Cristóbal Verapaz",3,2908,400,2,3,2,7,67,53,9,13,10,4,2,2,56,5,3,7,3,2,37,287,18,9,314,0,314,--,400,86,287,314,314,Algún campo sin dato,1,3be95e20c4c84912be4b8efe5e26b32df7b292a36d8ec9018c6e3f0310fe251d,26/06/2023 02:24:50,ESCANER
18969,"Alta Verapaz",16,"San Cristóbal Verapaz",3,2908,400,1,5,1,8,47,46,3,6,12,1,3,0,73,5,3,7,1,3,47,272,16,2,290,0,290,--,400,110,272,290,290,Algún campo sin dato,1,0209b3fd500ce260d5fb875b7af19754d63591c9759bc33fdeed681623f08027,26/06/2023 01:51:06,ESCANER
18970,"Alta Verapaz",16,"San Cristóbal Verapaz",3,2908,400,0,8,0,16,51,43,7,8,12,2,3,1,65,4,2,2,3,0,49,276,4,0,280,0,280,--,400,120,276,280,280,Algún campo sin dato,1,c04eaa88d15494ebb91e095cdb5702ba01eeb6a2012bf6497ce5ee6056abca9e,26/06/2023 01:22:16,ESCANER
18971,"Alta Verapaz",16,"San Cristóbal Verapaz",3,2908,400,1,8,0,13,39,42,0,10,13,2,5,0,59,10,0,7,1,1,52,263,17,1,281,0,281,--,400,119,263,281,281,Algún campo sin dato,1,45812726177ca52aa0fff19d1f3caa72cf4bfb606a4bc16eaec5d5605e8c2bc8,26/06/2023 02:07:03,ESCANER
18972,"Alta Verapaz",16,"San Cristóbal Verapaz",3,2908,400,2,2,1,10,49,39,8,7,9,4,4,0,78,7,2,11,2,1,34,270,13,66,289,0,289,--,400,111,270,349,349,Sumas Asentadas sin cuadrar,1,10f068aecc6603a38269cd60cb12db853c5a6f13b6ad27df81767585ef1ddeeb,26/06/2023 00:43:28,ESCANER
18973,"Alta Verapaz",16,"San Cristóbal Verapaz",3,2908,400,2,4,2,10,46,32,3,18,9,4,3,0,70,8,1,6,3,1,40,262,11,3,276,0,276,--,396,120,262,276,276,Algún campo sin dato,1,38a785b7b698f7c61b9958f77f3b057ad162deb78bbc4f1b8bc69fd384b07db7,26/06/2023 00:25:46,ESCANER
18974,"Alta Verapaz",16,"San Cristóbal Verapaz",3,2908,400,4,5,1,11,48,44,5,7,13,0,0,3,55,11,4,5,4,0,40,260,15,0,275,0,275,--,400,125,260,275,275,Algún campo sin dato,1,5dc7bf78c31cd1c4cf956c0fb09f064cdacca1992119497ef7c0b592000e28c2,26/06/2023 01:17:59,ESCANER
18975,"Alta Verapaz",16,"San Cristóbal Verapaz",3,2908,400,4,7,0,8,43,42,3,11,18,3,5,1,69,6,0,9,3,0,36,268,10,0,278,0,278,--,400,122,268,278,278,Algún campo sin dato,1,570921410648642fb06f68316d0187e83b7d413655c47ea50acc70cffc2a7e8b,26/06/2023 01:30:29,ESCANER
18976,"Alta Verapaz",16,"San Cristóbal Verapaz",3,2908,400,1,12,3,14,62,44,3,7,15,3,3,1,78,6,1,6,0,1,38,298,10,0,308,1,309,1,400,91,298,308,309,,1,37ef99bd08ce2c53d5d535caaea458d7576cda4a98771f15496859ab19aa6627,26/06/2023 01:46:56,ESCANER
18977,"Alta Verapaz",16,"San Cristóbal Verapaz",3,2908,400,0,3,0,10,57,39,3,13,13,4,3,2,62,10,2,4,1,2,44,272,6,2,280,0,280,--,400,120,272,280,280,Algún campo sin dato,1,a7145d5e121ab0c36a4e2c85dbf9c777fcc8e8d1b4bdf7861a247d44d0bc7ee9,26/06/2023 01:05:10,ESCANER
18978,"Alta Verapaz",16,"San Cristóbal Verapaz",3,2909,400,4,2,0,8,51,35,1,9,15,3,0,2,65,10,4,3,3,0,43,258,11,2,271,0,271,--,400,129,258,271,271,Algún campo sin dato,1,121c94b4dc752b4019fd531aec2fc6365d73bd7fb34c15c8f21b67fd9742a7d5,26/06/2023 01:56:09,ESCANER
18979,"Alta Verapaz",16,"San Cristóbal Verapaz",3,2909,400,1,2,1,6,51,44,0,3,10,3,2,1,54,8,1,7,0,1,39,234,8,1,243,3,246,0,400,154,234,243,246,,1,b836a585092486b6a1770a37cbff3c33b692c0fc6440b94118a38b04efd9d1ec,26/06/2023 00:47:25,ESCANER
18980,"Alta Verapaz",16,"San Cristóbal Verapaz",3,2909,400,2,2,0,7,46,41,2,7,10,1,4,1,79,11,1,8,11,0,35,268,6,0,274,0,274,--,--,--,268,274,274,Algún campo sin dato,1,b8354e45a199227ccbe6a7d9ffec33a4b7004372d658c1c2953bab3555d9348b,26/06/2023 01:05:56,ESCANER
18981,"Alta Verapaz",16,"San Cristóbal Verapaz",3,2910,400,1,3,1,6,43,44,1,8,15,8,0,0,70,10,1,10,5,0,25,251,5,0,256,0,256,--,400,144,251,256,256,Algún campo sin dato,1,a49524b1219129ecd65db36763f093b9532a389fe9d8d0a6d3f3043963846d21,26/06/2023 00:50:30,ESCANER
18982,"Alta Verapaz",16,"San Cristóbal Verapaz",3,2910,400,1,4,0,7,52,33,1,6,16,3,0,0,65,8,0,5,1,0,37,239,3,0,242,0,242,--,400,158,239,242,242,Algún campo sin dato,1,ffd72d4f0b1b7782c03749dd00118684eec96f3a5949ff11e24c368e39b75f48,26/06/2023 00:43:45,ESCANER
18983,"Alta Verapaz",16,"San Cristóbal Verapaz",3,2910,400,2,5,1,9,46,40,0,4,14,3,5,2,59,5,1,5,3,0,30,234,6,0,240,0,240,--,400,160,234,240,240,Algún campo sin dato,1,eb7c08e094709110d2db1e508e5959ca588f7f095933d3232274e754528f9e08,26/06/2023 00:07:39,ESCANER
18984,"Alta Verapaz",16,"San Cristóbal Verapaz",3,2911,400,2,2,0,8,59,29,3,6,13,3,1,2,68,3,4,8,3,0,39,253,6,0,259,0,0,--,400,141,253,259,259,Algún campo sin dato,1,65d08a74050b358d231fc1ecf033a571ccbf90214e382b2b61b41e18e7585008,26/06/2023 01:31:50,ESCANER
18985,"Alta Verapaz",16,"San Cristóbal Verapaz",3,2911,400,1,5,0,8,51,51,2,4,8,1,4,1,60,2,4,3,2,0,32,239,2,1,242,0,242,--,400,158,239,242,242,Algún campo sin dato,1,5b5700bd2bd1485ea718109c1acf86ecbbd8832b65e90667b47ab64e64517779,26/06/2023 01:15:45,ESCANER
18986,"Alta Verapaz",16,"San Cristóbal Verapaz",3,2911,400,6,0,0,8,53,38,1,3,12,3,2,0,57,3,3,3,3,0,45,240,3,0,243,--,243,--,400,157,240,243,243,Algún campo sin dato,1,d85d8dabef77a99c227bdd4b6c5fc1bc648d8d29d141514b709e5dfa8d2ddf59,26/06/2023 00:22:51,ESCANER
18987,"Alta Verapaz",16,"San Cristóbal Verapaz",3,2911,247,4,4,0,5,29,26,2,2,5,1,0,1,35,2,0,4,1,1,20,142,3,1,146,0,146,--,247,98,142,146,146,Algún campo sin dato,1,ebd8a2e7510d78c218e1b6dfb587b68542ad0d5739fe7fc56f8a4ec9ea53fc84,25/06/2023 22:30:50,ESCANER
18988,"Alta Verapaz",16,"San Cristóbal Verapaz",3,2911,246,0,4,0,3,29,20,2,2,5,0,1,2,29,3,1,1,0,0,23,125,8,0,133,0,133,--,246,113,125,133,133,Algún campo sin dato,1,7502c3e630fcc554652c2dddcb364613da3acdc0a6873a199ec51ac7be023e08,25/06/2023 22:24:30,ESCANER
18989,"Alta Verapaz",16,"San Cristóbal Verapaz",3,2912,400,9,3,0,27,59,47,3,4,9,4,5,1,47,2,2,6,0,1,26,255,24,6,285,0,285,--,403,118,255,285,285,Algún campo sin dato,1,abf18af433e65e385026cb3f19c039127687998feac17794cfbe56b777c8d69e,26/06/2023 02:52:40,ESCANER
18990,"Alta Verapaz",16,"San Cristóbal Verapaz",3,2912,400,4,2,1,28,66,57,1,11,13,2,6,0,52,2,3,8,1,1,28,286,27,8,321,0,321,--,400,79,286,321,321,Algún campo sin dato,1,b4319cd700bd8f12d124240fdfda42827ce1e14fa033e6219de3b22bf5760295,26/06/2023 03:03:15,ESCANER
18991,"Alta Verapaz",16,"San Cristóbal Verapaz",3,2912,400,6,5,0,48,71,41,2,14,23,2,7,2,45,3,0,8,1,0,24,302,31,9,342,0,342,--,400,58,302,342,342,Algún campo sin dato,1,876fdac15d456659818868bb49dee9e34bd8fc587fadc01d6f88a40565faba69,25/06/2023 23:33:54,ESCANER
18992,"Alta Verapaz",16,"San Cristóbal Verapaz",3,2912,400,1,6,2,16,67,70,2,8,17,2,9,1,29,2,3,2,0,1,54,292,24,7,323,0,323,--,400,77,292,323,323,Algún campo sin dato,1,92cdd5faae7fba528c400055cc81d661286bfa48d505fd367e8740d1c5f4e02c,26/06/2023 01:27:23,ESCANER
18993,"Alta Verapaz",16,"San Cristóbal Verapaz",3,2912,400,1,1,0,21,48,123,3,3,8,2,4,1,50,2,1,5,1,0,42,316,19,6,341,0,341,--,400,59,316,341,341,Algún campo sin dato,1,a02419f3eab01ef10597206aadac7f31e5588c5ba7812522affe86f256181470,26/06/2023 00:48:19,ESCANER
18994,"Alta Verapaz",16,"San Cristóbal Verapaz",3,2913,400,3,1,0,22,69,51,2,8,6,4,35,0,63,0,1,5,0,0,6,276,28,17,321,0,321,--,400,79,276,321,321,Algún campo sin dato,1,852dedb207c06253e8f7755e1b7e886fbb0270e694f1f115208ef18b243335e9,26/06/2023 01:13:14,ESCANER
18995,"Alta Verapaz",16,"San Cristóbal Verapaz",3,2913,400,0,1,1,30,57,64,0,10,8,2,8,0,30,0,1,4,3,0,31,250,25,5,280,0,280,--,400,120,250,280,280,Algún campo sin dato,1,9b734463124338201180769c21d40955452445d544194f596d5bdf7153c5ebe5,26/06/2023 00:45:27,ESCANER
18996,"Alta Verapaz",16,"San Cristóbal Verapaz",3,2913,400,3,2,0,17,62,53,2,5,13,2,4,0,42,3,2,8,0,0,32,250,11,2,263,0,263,--,400,137,250,263,263,Algún campo sin dato,1,05c63ff9b696cc004de4b28e91b7d629643eba2614c895c8b6cfce14dba3e0a2,26/06/2023 01:42:03,ESCANER
18997,"Alta Verapaz",16,"San Cristóbal Verapaz",3,2914,400,0,1,0,24,60,48,0,10,7,1,11,0,33,1,2,7,1,0,30,236,9,2,247,0,247,--,--,--,236,247,247,Algún campo sin dato,1,54c01d436c4b2f29c38faa736438bebd30919f870e614cedbdde104c1fb5a099,26/06/2023 02:05:14,ESCANER
18998,"Alta Verapaz",16,"San Cristóbal Verapaz",3,2914,400,4,0,0,29,56,56,0,5,13,4,4,0,41,1,0,4,1,0,29,247,3,0,250,0,250,--,400,150,247,250,250,Algún campo sin dato,1,35c5793878e7ec4bd9b495d819240443a711e57a0fbe04aa068db73786843c9c,26/06/2023 00:44:12,ESCANER
18999,"Alta Verapaz",16,"San Cristóbal Verapaz",3,2914,338,1,1,0,19,34,63,0,3,4,1,5,0,38,2,0,2,1,0,17,191,6,2,199,0,199,--,338,139,191,199,199,Algún campo sin dato,1,47184ac37754a7c89d6e4e9dae16c0301cab6e712e761629e25ea5a08adabdd0,26/06/2023 00:36:46,ESCANER
19000,"Alta Verapaz",16,"San Cristóbal Verapaz",3,2914,337,1,0,0,21,36,62,0,2,4,2,8,0,29,1,3,4,0,0,26,199,3,1,203,0,203,--,337,134,199,203,203,Algún campo sin dato,1,3956d4cc8b876d89f3cb233384d28c82b04d977cb3077272699094e6197dd1fb,26/06/2023 01:19:17,ESCANER
19001,"Alta Verapaz",16,"San Cristóbal Verapaz",3,2915,400,5,4,0,7,52,41,4,4,12,0,6,0,36,1,1,5,1,1,73,253,38,3,294,1,295,--,400,105,253,294,295,Algún campo sin dato,1,498226301394ecce08eca14f2b2a69d03f60dcd66d482e512f5285c559209ded,26/06/2023 00:58:55,ESCANER
19002,"Alta Verapaz",16,"San Cristóbal Verapaz",3,2915,400,8,2,2,8,66,40,4,10,17,2,10,1,34,1,5,4,0,1,45,260,34,6,300,0,300,--,400,100,260,300,300,Algún campo sin dato,1,948b96bbb2965834a90891cb7245d433ed6bfc202ea2f621acfe47863ba76d36,26/06/2023 01:47:45,ESCANER
19003,"Alta Verapaz",16,"San Cristóbal Verapaz",3,2915,400,5,4,1,9,72,45,4,13,14,2,10,0,54,3,2,3,0,1,28,270,41,6,317,0,317,--,400,83,270,317,317,Algún campo sin dato,1,3f35c2ad61261ef84fbffaa716df7bbc610b8580f5ceed25b5f52aa742c142e8,25/06/2023 23:51:49,ESCANER
19004,"Alta Verapaz",16,"San Cristóbal Verapaz",3,2915,400,4,8,1,12,104,17,4,9,14,2,8,1,64,2,2,10,0,0,16,278,38,6,322,0,322,--,400,78,278,322,322,Algún campo sin dato,1,3a07c758ea574f4eca25af6605652801c1950d38da3b99c975ce01157c476985,26/06/2023 03:02:21,ESCANER
19005,"Alta Verapaz",16,"San Cristóbal Verapaz",3,2915,400,9,3,0,7,139,44,3,8,16,0,3,1,38,1,2,18,1,0,17,310,24,7,341,0,341,--,400,59,310,341,341,Algún campo sin dato,1,2aa5e9b07329ccf1ad5e4a67b075c86e95762f8455d52529413beb1b611eb558,26/06/2023 02:09:06,ESCANER
19006,"Alta Verapaz",16,"San Cristóbal Verapaz",3,2915,400,10,3,0,9,124,40,3,3,6,0,7,1,41,1,3,13,1,1,24,290,32,8,330,0,330,--,400,70,290,330,330,Algún campo sin dato,1,82b80d680e6858b486ad9de86b18e9ae7a2f51aa355f981450c9351f6fa417b2,26/06/2023 02:12:31,ESCANER
19007,"Alta Verapaz",16,"San Cristóbal Verapaz",3,2915,400,7,10,0,20,85,26,3,5,11,0,4,0,52,2,6,8,1,0,49,289,21,6,316,0,316,--,400,84,289,316,316,Algún campo sin dato,1,e629cf6eb9db3cf047ff46bc200fabf18ecf63dd88a08dc2e04eea8895439268,26/06/2023 00:43:30,ESCANER
19008,"Alta Verapaz",16,"San Cristóbal Verapaz",3,2915,400,5,5,0,8,98,33,0,5,13,2,3,0,40,4,4,4,1,0,29,254,15,4,273,0,273,--,397,124,254,273,273,Algún campo sin dato,1,3470cd4080ff51ae522ab1ac3016ee898bafa605cb9635c2c65baef0795d63f8,26/06/2023 00:13:13,ESCANER
19009,"Alta Verapaz",16,"San Cristóbal Verapaz",3,2915,400,4,3,0,5,90,34,2,9,16,0,6,0,42,1,3,5,0,1,28,249,15,2,266,0,266,1,--,--,249,266,266,Algún campo sin dato,1,77bb0a07a67646c94297d4608592f867cae5177577ebb28fe01517bba9f3cafc,25/06/2023 23:29:07,ESCANER
19010,"Alta Verapaz",16,"San Cristóbal Verapaz",3,2915,400,2,8,0,11,85,35,1,2,16,1,7,0,34,1,3,8,0,1,29,244,3,0,247,0,247,--,400,153,244,247,247,Algún campo sin dato,1,79077c53008d6c348aae137171b89c2fa89efc38bc2615677cf4665b7ab631d0,25/06/2023 23:33:12,ESCANER
19011,"Alta Verapaz",16,"San Cristóbal Verapaz",3,2915,400,4,2,0,7,109,35,0,4,5,2,1,0,34,0,0,8,0,3,23,237,5,2,244,0,244,--,400,156,237,244,244,Algún campo sin dato,1,41daf8e97d93b33d4084c79b98613f85237203296f919554f1ebf245f15737e8,26/06/2023 01:03:45,ESCANER
19012,"Alta Verapaz",16,"San Cristóbal Verapaz",3,2915,215,1,2,0,6,46,16,1,6,7,2,5,0,16,0,3,1,0,0,13,125,4,1,130,0,130,--,215,85,125,130,130,Algún campo sin dato,1,37f8f4b6688a9099f8bde77786bdc236e2e22cfed1e2cf4ac4f3c8558c1232fa,25/06/2023 21:59:12,ESCANER
19013,"Alta Verapaz",16,"San Cristóbal Verapaz",3,2915,214,4,1,0,9,40,12,2,1,3,0,2,0,21,1,2,2,0,0,15,115,6,2,123,0,123,--,214,91,115,123,123,Algún campo sin dato,1,91fb1692fefa720dc77dcb92d29044527c65813639f92a6585f26b73d78ca7f6,25/06/2023 23:01:48,ESCANER
19014,"Alta Verapaz",16,"San Cristóbal Verapaz",3,2916,380,8,2,1,4,66,59,1,14,17,3,8,3,40,2,3,2,0,2,8,243,10,13,266,0,266,--,380,114,243,266,266,Algún campo sin dato,1,1b372acda50bb10a3351aed15567b3ab5abf1d3ea4fd1332b99e3259717bdfd6,26/06/2023 02:17:06,ESCANER
19015,"Alta Verapaz",16,"San Cristóbal Verapaz",3,2916,380,3,1,2,6,64,100,1,14,11,2,7,2,39,0,1,2,0,0,6,261,37,7,305,0,305,--,380,75,261,305,305,Algún campo sin dato,1,02bf37e765779aeb0b2ff24a734c4277de0de64486f0cb80c5089e443f243eaa,26/06/2023 01:25:25,ESCANER
19016,"Alta Verapaz",16,"San Cristóbal Verapaz",3,2916,380,2,1,2,4,92,80,3,22,20,3,0,1,36,0,3,4,1,1,5,280,33,10,323,0,323,--,380,57,280,323,323,Algún campo sin dato,1,00e2202592a0482b7a8a422ee790499d43df64244facb027f35e3208047b5941,26/06/2023 01:52:41,ESCANER
19017,"Alta Verapaz",16,"San Cristóbal Verapaz",3,2916,380,2,3,1,5,76,102,3,26,16,2,3,0,25,1,5,2,0,0,4,276,35,11,322,0,322,--,380,58,276,322,322,Algún campo sin dato,1,14a7e0c0b66fd38c48b765a8ae3e86fe50ba853ac617feb4c54d183784bebeba,26/06/2023 03:52:34,ESCANER
19018,"Alta Verapaz",16,"San Cristóbal Verapaz",3,2916,380,15,3,0,4,72,65,1,7,13,1,3,0,46,2,2,12,0,0,3,249,33,16,298,0,298,--,380,82,249,298,298,Algún campo sin dato,1,9af64ccc909c28b141ba1775e535161d6562daf8f600cc05f8e23a321641462f,26/06/2023 03:05:49,ESCANER
19019,"Alta Verapaz",16,"San Cristóbal Verapaz",3,2916,380,18,3,0,7,92,82,3,10,10,3,3,1,29,0,4,5,0,0,8,278,23,9,310,0,310,--,380,70,278,310,310,Algún campo sin dato,1,870aaa882cdb9ad3b201108e16118ce51f8835f0d44f00b5ce1908aa7410311a,26/06/2023 05:04:28,ESCANER
19020,"Alta Verapaz",16,"San Cristóbal Verapaz",3,2916,380,12,0,1,10,105,71,0,9,4,8,1,1,32,0,2,2,1,2,17,278,32,12,322,0,322,--,380,58,278,322,322,Algún campo sin dato,1,78ce8c4210e29c0624d5fed7f18a4c894a9792825d70c8f7cfc09d93db9d3e4f,26/06/2023 05:05:31,ESCANER
19021,"Alta Verapaz",16,"San Cristóbal Verapaz",3,2916,380,5,1,1,6,111,67,0,7,3,4,4,0,48,1,0,0,1,1,23,283,18,7,308,0,308,--,383,75,283,308,308,Algún campo sin dato,1,0e740bed3dec9dc4fa6e7b143d060a2f030fa242f69ac2dcc1e74fb3767aa942,26/06/2023 03:40:35,ESCANER
19022,"Alta Verapaz",16,"San Cristóbal Verapaz",3,2916,380,5,2,1,4,89,72,1,0,14,2,3,0,58,0,0,4,0,0,7,262,20,6,288,0,288,--,380,92,262,288,288,Algún campo sin dato,1,524f872d5a8ccc61c5589d31b551676677acd2262da9c77143e122b5a05f49c6,26/06/2023 01:45:46,ESCANER
19023,"Alta Verapaz",16,"San Cristóbal Verapaz",3,2916,380,15,4,0,3,64,82,0,5,7,5,4,0,41,2,1,5,0,0,8,246,13,7,266,0,266,--,380,114,246,266,266,Algún campo sin dato,1,7e405379b54ca69bb446ca57c0d1ba9ff8301fdf5985a9e92b7467587b222d35,26/06/2023 02:45:19,ESCANER
19024,"Alta Verapaz",16,"San Cristóbal Verapaz",3,2916,380,6,3,0,6,88,83,1,4,2,7,3,0,34,0,0,3,0,0,8,248,15,2,265,4,269,--,380,111,248,265,269,Algún campo sin dato,1,5b8cb3121d844575cd2446406d48ce9d44199b97a70eff95c8109df3dcc73dac,25/06/2023 23:33:19,ESCANER
19025,"Alta Verapaz",16,"San Cristóbal Verapaz",3,2916,380,8,0,0,9,80,89,1,10,2,4,8,0,36,1,0,1,0,0,12,261,7,2,270,0,270,--,380,110,261,270,270,Algún campo sin dato,1,d5bf6523cf02517e0953687d77a344166d414e90d70bf3311c86bac0ca6504fe,26/06/2023 03:31:45,ESCANER
19026,"Alta Verapaz",16,"San Cristóbal Verapaz",3,2916,380,4,0,1,7,72,85,1,1,8,3,10,0,38,0,1,4,0,0,13,248,10,2,260,0,260,--,380,120,248,260,260,Algún campo sin dato,1,57c1b6a3876c9adf1b97eb200524fabb0b4e076477ad25b289a47c8f87121499,26/06/2023 00:47:44,ESCANER
19027,"Alta Verapaz",16,"San Cristóbal Verapaz",3,2916,380,6,0,1,5,92,93,1,1,7,3,4,0,33,0,0,1,1,0,8,256,5,0,261,0,261,--,380,119,256,261,261,Algún campo sin dato,1,aff9799b625b029fd155d85d5a07ab057b302464cee130349f7c3312a302ac5b,26/06/2023 01:42:05,ESCANER
19028,"Alta Verapaz",16,"San Cristóbal Verapaz",3,2916,317,4,0,0,6,55,59,1,7,4,3,7,0,34,1,0,2,0,0,11,194,9,2,205,0,205,0,317,112,194,205,205,,1,03b6391f807d64814f0940d2db06976d16b4631b758523a84c0b27809a968d98,25/06/2023 23:41:36,ESCANER
19029,"Alta Verapaz",16,"San Cristóbal Verapaz",3,2916,317,7,0,0,9,62,59,1,7,3,8,4,0,24,0,0,2,0,1,12,199,16,3,218,0,218,--,317,99,199,218,218,Algún campo sin dato,1,274731bf90ea5ffdf401e1fbcf6d1a0c9152aff2cd416e88f438490646817910,26/06/2023 02:11:02,ESCANER
19030,"Alta Verapaz",16,"San Cristóbal Verapaz",3,2917,380,4,6,0,1,25,65,1,14,6,0,21,0,50,0,2,11,1,0,1,208,33,8,249,1,250,--,380,130,208,249,250,Algún campo sin dato,1,a148bba6618ca7f824fbd7e3e71ea26a4f8fa0b0cb5b971c39d76207fd75c5fb,26/06/2023 01:38:53,ESCANER
19031,"Alta Verapaz",16,"San Cristóbal Verapaz",3,2917,380,34,6,1,1,51,41,2,13,4,1,39,2,42,1,1,9,0,1,4,253,29,10,292,0,292,--,380,88,253,292,292,Algún campo sin dato,1,fb9c4a9393654180247dee3c5888cf59876c13d2bb0255900795e686423b01b2,26/06/2023 01:58:53,ESCANER
19032,"Alta Verapaz",16,"San Cristóbal Verapaz",3,2917,380,35,8,1,4,30,77,3,24,3,2,30,1,68,0,1,0,0,1,23,311,15,2,328,0,328,--,380,52,311,328,328,Algún campo sin dato,1,d4b86061d903091f493d1de8881e84e8fb48b2ac53d4ef59bbc8f0d996abba52,26/06/2023 02:29:26,ESCANER
19033,"Alta Verapaz",16,"San Cristóbal Verapaz",3,2917,380,22,22,0,6,29,57,3,19,5,0,14,0,50,0,0,9,0,1,7,244,22,8,274,0,274,--,380,106,244,274,274,Algún campo sin dato,1,ba693a586c44cb2b0d7219d3213537a0b799a28af421258d5f223a5b2f31f51f,26/06/2023 03:34:26,ESCANER
19034,"Alta Verapaz",16,"San Cristóbal Verapaz",3,2917,380,9,10,0,3,29,62,4,13,5,1,27,1,59,0,0,2,0,0,8,233,11,5,249,0,249,--,380,131,233,249,249,Algún campo sin dato,1,275f0c863cb276b51f63f920a619e983dbf94dc2d647cebbbbe2503b2e691b12,26/06/2023 02:08:26,ESCANER
19035,"Alta Verapaz",16,"San Cristóbal Verapaz",3,2917,380,19,6,0,2,24,73,1,12,2,0,22,1,52,0,0,7,0,0,5,226,9,8,243,3,246,3,380,134,226,243,246,,1,9b49d49fdcf2e20338089524af2a01355b03efbee451609312c672b433970703,26/06/2023 01:24:39,ESCANER
19036,"Alta Verapaz",16,"San Cristóbal Verapaz",3,2917,262,14,6,0,1,17,53,1,4,1,0,16,0,36,0,0,3,0,0,7,159,5,2,166,0,166,--,262,96,159,166,166,Algún campo sin dato,1,9db0b36dcd387e3d807718326ca7ef9a695c5d2d8ee039d0b439fe9099da5c8f,25/06/2023 22:33:34,ESCANER
19037,"Alta Verapaz",16,"San Cristóbal Verapaz",3,2917,262,4,3,1,4,11,41,0,14,5,1,9,0,26,0,0,9,0,0,8,136,5,3,144,0,136,--,262,118,136,144,144,Sumas Asentadas sin cuadrar,1,0538bf52d0133c6e3e2e5a08e16f79f746291633d9bba65a5d47dd0725e0207a,26/06/2023 01:08:08,ESCANER
19038,"Alta Verapaz",16,"San Cristóbal Verapaz",3,2918,380,6,1,0,1,61,44,1,7,8,2,25,0,42,0,0,1,0,0,3,202,24,11,237,0,237,--,380,143,202,237,237,Algún campo sin dato,1,ea9b9a2d2b06569d9bb0d4fa11546c6bc70f0cc4f5ed458b83f13fb34359214d,26/06/2023 02:13:29,ESCANER
19039,"Alta Verapaz",16,"San Cristóbal Verapaz",3,2918,380,3,5,1,0,65,31,2,18,9,4,26,2,49,2,1,3,0,0,2,223,24,12,259,0,259,--,380,121,223,259,259,Algún campo sin dato,1,857ae185672bdec2aa3801939b15dcbfc268968e834d4e3fe649099bcadf9546,26/06/2023 01:56:24,ESCANER
19040,"Alta Verapaz",16,"San Cristóbal Verapaz",3,2918,380,3,3,0,1,76,20,5,10,10,2,23,1,60,0,1,3,0,0,1,219,30,16,265,0,265,--,380,115,219,265,265,Algún campo sin dato,1,bea844541df0fd2e00b6d290412146c68754a82adcd2cd112d1c6b764e1a4082,26/06/2023 00:31:00,ESCANER
19041,"Alta Verapaz",16,"San Cristóbal Verapaz",3,2918,380,2,2,1,2,61,27,1,9,11,1,21,0,64,0,5,4,1,0,3,215,43,15,273,0,273,--,380,107,215,273,273,Algún campo sin dato,1,f99780b702b160cbd6c6ca0abf6041116512e0023b8ac4920860c9352550ea32,26/06/2023 01:20:27,ESCANER
19042,"Alta Verapaz",16,"San Cristóbal Verapaz",3,2918,380,8,1,0,1,47,47,3,13,10,12,62,1,50,1,1,4,1,0,1,263,32,9,263,0,304,0,380,76,263,304,304,Sumas Asentadas sin cuadrar,1,4fa779ebb46c0d568966f74ab6df64b93d4a30837fdbaa561f04048ed149e625,25/06/2023 22:55:07,ESCANER
19043,"Alta Verapaz",16,"San Cristóbal Verapaz",3,2918,380,9,0,1,4,45,47,0,14,4,16,46,0,59,1,2,3,0,0,1,252,52,8,312,0,312,--,380,68,252,312,312,Algún campo sin dato,1,2a2e914be800df6713d9bcff29204390183481e56fd2f285e5a26dfd405a0075,25/06/2023 23:22:26,ESCANER
19044,"Alta Verapaz",16,"San Cristóbal Verapaz",3,2918,380,10,2,0,3,57,37,2,14,3,5,41,1,51,0,2,4,0,0,1,233,40,8,281,0,281,0,380,99,233,281,281,,1,5a045825c483655dbe72fedc8b351f8b47630b945f6843cac4814df7494cd1fc,25/06/2023 23:53:11,ESCANER
19045,"Alta Verapaz",16,"San Cristóbal Verapaz",3,2918,380,5,1,0,2,53,30,0,12,3,2,40,0,62,2,1,1,0,0,3,217,23,8,248,0,248,--,380,132,217,248,248,Algún campo sin dato,1,f01ddd18d54ec94f61d002517c1a79d157e61029f9919979070cbae296610cf8,26/06/2023 00:23:53,ESCANER
19046,"Alta Verapaz",16,"San Cristóbal Verapaz",3,2918,380,1,0,0,1,59,31,2,5,7,2,48,0,42,1,0,0,1,0,0,200,22,5,227,0,227,--,380,153,200,227,227,Algún campo sin dato,1,b853f741c8bdb082411ea9b1af30585a357ca52974f324557d9981479eb31546,26/06/2023 00:42:21,ESCANER
19047,"Alta Verapaz",16,"San Cristóbal Verapaz",3,2918,380,7,1,1,4,38,30,4,6,4,5,54,1,41,0,2,4,0,0,1,203,24,7,234,0,234,--,380,146,203,234,234,Algún campo sin dato,1,f4f1071b9f69eb96e17bc6a3cacd63f0cb01741ccdbb6f9dcb7d166fd52a81f9,25/06/2023 23:07:18,ESCANER
19048,"Alta Verapaz",16,"San Cristóbal Verapaz",3,2919,380,2,1,0,3,31,34,1,3,6,3,80,0,36,0,0,2,1,0,0,203,12,1,216,0,216,--,380,164,203,216,216,Algún campo sin dato,1,f177afc77d0a7a34c20f842e46d58d6e5bf093c49c4cc7a0788f746a63a5e142,26/06/2023 00:29:36,ESCANER
19049,"Alta Verapaz",16,"San Cristóbal Verapaz",3,2919,349,3,1,0,1,44,24,1,5,1,1,19,0,68,0,0,1,0,0,1,170,8,2,181,0,181,1,349,165,170,180,180,Sumas Asentadas sin cuadrar,1,264d9046468979759cba8b4c099c10e85ce49f5ff833af06aa9276760381b835,26/06/2023 00:54:39,ESCANER
19050,"Alta Verapaz",16,"San Cristóbal Verapaz",3,2920,349,2,2,0,2,28,34,0,11,3,4,21,0,53,1,0,2,1,0,0,164,20,3,187,0,187,--,349,162,164,187,187,Algún campo sin dato,1,fbba7138b84a0867e0ca4e9f3991bf7eddf0f74e79e7f2126252d3343b410547,26/06/2023 01:28:40,ESCANER
19051,"Alta Verapaz",16,"San Cristóbal Verapaz",3,2921,551,3,2,0,10,44,27,8,4,6,0,7,2,48,7,5,6,2,1,29,211,22,8,241,0,241,--,551,310,211,241,241,Algún campo sin dato,1,8348c212e9752eba092408e0110b35962f1e7243dc0aec4b0f16ff8e5e67b481,25/06/2023 22:16:20,ESCANER
19052,"Alta Verapaz",16,"San Cristóbal Verapaz",3,2921,550,3,4,1,11,38,21,2,5,2,1,4,2,28,7,2,1,4,0,22,158,9,1,168,0,168,--,550,382,158,168,168,Algún campo sin dato,1,712286f262090d364df18d80a684f4ec29866ed6fefc41e0012bf14673cd45f6,26/06/2023 00:26:46,ESCANER