﻿TIPO_DE_ELECCIÓN:,CORPORACIÓN MUNICIPAL
28 junio 2023 21:35 (UTC -6)
ACTAS_ESPERADAS,ACTAS_CAPTURADAS,PORCENTAJE_ACTAS_CAPTURADAS,ACTAS_CONTABILIZADAS,PORCENTAJE_ACTAS_CONTABILIZADAS,ACTAS_NO_CONTABILIZADAS,LISTA_NOMINAL_ACTAS_CONTABILIZADAS,VOTOS_EMITIDOS_CONTABILIZADAS,PORCENTAJE_PARTICIPACIÓN_CIUDADANA
70,70,100.0000,70,100.0000,0,26720,21105,78.9857

MESA,DEPARTAMENTO,ID_DEPARTAMENTO,MUNICIPIO,ID_MUNICIPIO,CENTRO_DE_VOTACIÓN,PADRÓN,VAMOS,VIVA,CABAL,UNE,AZUL,CAMBIO,ELEFANTE,CREO,VOS,TODOS,VALOR UNIONISTA,VÁLIDOS,NULOS,BLANCO,EMITIDOS,INVÁLIDOS,TOTAL,IMPUGNACIONES,PAPELETAS-RECIBIDAS,PAPELETAS-NO-USADAS,VALIDOS_CALCULADO,EMITIDOS_CALCULADO,TOTAL_CALCULADO,OBSERVACIONES,CONTABILIZADA,CÓDIGO_INTEGRIDAD,FECHA_HORA_PUBLICACIÓN,DIGITALIZACIÓN
9679,"Sololá",7,"Santiago Atitlán",19,1215,400,50,91,111,1,4,16,25,1,21,5,3,328,7,1,336,0,400,--,400,64,328,336,336,Sumas Asentadas sin cuadrar,1,cd433436b104abd87c64ae28f843359172ed40dca354753637e72c7afd7c3ddc,26/06/2023 00:43:53,ESCANER
9680,"Sololá",7,"Santiago Atitlán",19,1215,400,46,105,96,1,3,15,30,1,13,2,2,314,8,6,328,--,328,--,400,72,314,328,328,Algún campo sin dato,1,dc4ba52f8c75b71121329f0e2c76606c79309b60f298313e628a45938f37708e,25/06/2023 22:45:25,ESCANER
9681,"Sololá",7,"Santiago Atitlán",19,1215,400,55,85,98,5,0,23,33,1,16,0,6,322,10,4,336,0,336,--,400,64,322,336,336,Algún campo sin dato,1,64cfbd8494b972cce975b605a8a3e92db5f0da537311693beec24fdce6d5a4c1,25/06/2023 21:18:56,ESCANER
9682,"Sololá",7,"Santiago Atitlán",19,1215,400,57,80,112,3,1,22,20,2,13,2,4,316,7,2,325,0,325,--,400,75,316,325,325,Algún campo sin dato,1,720e347edd17b2d20d54796294e11d4eca8459919e6a23b76b0179a198505506,26/06/2023 00:38:19,ESCANER
9683,"Sololá",7,"Santiago Atitlán",19,1215,400,59,76,97,1,3,21,32,2,15,0,6,312,9,5,326,0,326,--,400,74,312,326,326,Algún campo sin dato,1,530d6e65b768d83b4e6e7a8f8fd0004e52a1d68f3f9c8b1c00ba4e46d2aaa1d3,26/06/2023 00:26:48,ESCANER
9684,"Sololá",7,"Santiago Atitlán",19,1215,400,51,91,106,4,1,23,34,1,20,5,7,343,11,3,357,0,357,--,400,43,343,357,357,Algún campo sin dato,1,5f93ba0df551f2d63812b4c310e76d5444e2d6bca4d3e3b47a737c0001d21348,26/06/2023 01:29:17,ESCANER
9685,"Sololá",7,"Santiago Atitlán",19,1215,400,56,121,76,8,1,12,36,0,17,3,3,333,6,5,338,0,344,--,400,56,333,344,344,Sumas Asentadas sin cuadrar,1,7de85143073adff92cc495b4d8b024293a6af770649a6702f3e1d0339a3d2975,26/06/2023 01:30:11,ESCANER
9686,"Sololá",7,"Santiago Atitlán",19,1215,400,54,96,88,3,0,25,30,0,15,2,5,318,5,3,326,0,326,--,400,74,318,326,326,Algún campo sin dato,1,fff2682e9115a0bc849430431bd6a29435ca4944f11d0ac5d2d2f99f1b217aa7,25/06/2023 22:07:51,ESCANER
9687,"Sololá",7,"Santiago Atitlán",19,1215,400,48,110,101,2,1,13,35,5,12,2,4,333,11,2,346,0,346,--,400,54,333,346,346,Algún campo sin dato,1,9ada2ebbbac116b304ef8e14fe6833e653ac493ca43c00574e52f3b752debb2e,26/06/2023 00:51:17,ESCANER
9688,"Sololá",7,"Santiago Atitlán",19,1215,400,47,95,118,3,1,19,26,2,13,4,7,335,9,5,349,0,349,--,400,51,335,349,349,Algún campo sin dato,1,36f7038acd996e7cd520aff6db5763f4d0c51d57a0d1015adf7b8bd4b713e5f3,26/06/2023 01:32:48,ESCANER
9689,"Sololá",7,"Santiago Atitlán",19,1216,400,48,108,98,2,8,19,28,1,10,1,2,325,16,5,0,0,0,--,--,--,325,346,346,Algún campo sin dato,1,f37d235973e9cfcd2145a256e86d907e68f916635ca9f67caacca95b08eb50e8,26/06/2023 00:36:58,ESCANER
9690,"Sololá",7,"Santiago Atitlán",19,1216,400,39,100,100,5,3,15,35,2,19,4,6,328,9,3,340,0,340,--,400,60,328,340,340,Algún campo sin dato,1,b5ca709746eb4399ab17c30f532258514c809336e16e76a1475832de0d350250,25/06/2023 23:23:49,ESCANER
9691,"Sololá",7,"Santiago Atitlán",19,1216,400,64,110,82,2,2,23,30,2,17,3,4,339,5,4,348,0,348,--,400,52,339,348,348,Algún campo sin dato,1,a25a96a028cdfbddc9366b0e23e370d9d77f9d5468afb8ed729bcece57713a9f,26/06/2023 00:40:47,ESCANER
9692,"Sololá",7,"Santiago Atitlán",19,1216,400,64,107,100,0,2,12,38,1,13,2,1,--,4,8,352,1,353,--,--,--,340,352,353,Algún campo sin dato,1,dcdd406db15ff441d42984392cd1e2c38273adeed11dab572c1a7810583a71a3,26/06/2023 01:56:05,ESCANER
9693,"Sololá",7,"Santiago Atitlán",19,1216,400,55,102,95,3,6,28,23,1,12,3,3,331,13,0,344,0,344,--,400,56,331,344,344,Algún campo sin dato,1,e37d9c11a424d521fe2ab4b69425885e0a0c0d675739ee19866af6d7cac6361f,26/06/2023 01:35:04,ESCANER
9694,"Sololá",7,"Santiago Atitlán",19,1216,400,43,101,110,1,1,19,24,1,21,1,8,330,3,2,--,--,335,--,400,65,330,335,335,Algún campo sin dato,1,44e449ca43d1a2f51e76ae77b1c97dc491fab381fdc349e9bece54ef6a51a97a,25/06/2023 22:37:45,ESCANER
9695,"Sololá",7,"Santiago Atitlán",19,1216,400,40,97,108,5,3,14,32,1,20,2,4,326,5,4,335,0,335,--,400,65,326,335,335,Algún campo sin dato,1,bbf032c895c10e27825b333bf3819abd4436956a7b1bda44bbace567a4a65653,26/06/2023 00:50:20,ESCANER
9696,"Sololá",7,"Santiago Atitlán",19,1216,400,54,106,100,3,1,22,20,1,29,2,5,343,11,--,354,--,--,--,354,45,343,354,354,Algún campo sin dato,1,a4a1a92e226589e078233ce93f99cbcb46676ba7c6a48326c383774dc9ca7429,26/06/2023 02:09:19,ESCANER
9697,"Sololá",7,"Santiago Atitlán",19,1217,400,54,90,89,3,0,29,28,1,10,2,6,312,8,0,320,0,320,--,400,80,312,320,320,Algún campo sin dato,1,81685adf2fd4b514c27f31b8f25a234adc9b7e2dca875bae06bf7f794f51309a,26/06/2023 00:48:31,ESCANER
9698,"Sololá",7,"Santiago Atitlán",19,1217,400,65,88,101,5,1,18,26,2,18,1,6,331,3,0,334,0,334,--,400,66,331,334,334,Algún campo sin dato,1,babed7acb16a71417484632d57ec74737179656988d53e8b0bd7be36c6b42613,26/06/2023 00:54:58,ESCANER
9699,"Sololá",7,"Santiago Atitlán",19,1217,400,59,104,91,2,1,22,30,0,16,6,1,332,1,2,335,0,335,--,400,65,332,335,335,Algún campo sin dato,1,7d1efe85bd04057e51ddc89ad28fb1b7002ec7131d43c73cfe37a0530cce0f13,25/06/2023 23:29:03,ESCANER
9700,"Sololá",7,"Santiago Atitlán",19,1218,400,64,86,108,0,0,17,34,0,11,4,3,327,2,0,329,0,329,--,400,71,327,329,329,Algún campo sin dato,1,5d8144a1955868a0064095df9c48602c1b01b519a153929aa61f9b7e42a12efb,26/06/2023 00:28:38,ESCANER
9701,"Sololá",7,"Santiago Atitlán",19,1218,400,58,85,94,1,2,14,21,1,18,3,1,298,10,1,309,0,309,--,400,91,298,309,309,Algún campo sin dato,1,70a269365335ba833c9fc21c8045c875936d6c2849ca42207d8526ac52c7ae9a,26/06/2023 00:52:08,ESCANER
9702,"Sololá",7,"Santiago Atitlán",19,1218,400,53,100,101,5,2,14,31,0,14,6,2,328,5,0,333,0,333,--,400,67,328,333,333,Algún campo sin dato,1,e5b3a0c7a181762159036b99034554f881aaec8b23d306f9c5a642e722616445,26/06/2023 01:02:53,ESCANER
9703,"Sololá",7,"Santiago Atitlán",19,1218,400,53,86,111,4,1,14,33,1,17,2,5,327,1,6,334,0,334,--,400,66,327,334,334,Algún campo sin dato,1,15f212ff8767cde694ff9aba02fcdeffacb88d323b5bb6858d6965df9b0e1fef,25/06/2023 23:19:10,ESCANER
9704,"Sololá",7,"Santiago Atitlán",19,1218,400,44,97,80,4,0,18,21,1,20,5,7,297,8,8,313,0,313,--,400,87,297,313,313,Algún campo sin dato,1,b30ff1122cf8c463ac7a4f67f15ea17fbd95b263458a1ef966d785765699ad0d,25/06/2023 23:24:28,ESCANER
9705,"Sololá",7,"Santiago Atitlán",19,1219,400,43,96,101,2,0,20,27,0,16,4,2,311,7,3,321,0,321,1,400,79,311,321,321,,1,9ff02c6d52f040339b8943512406ee88462842679cf51f9854753139f8dc795e,26/06/2023 00:27:23,ESCANER
9706,"Sololá",7,"Santiago Atitlán",19,1219,400,50,96,99,4,1,15,28,1,22,2,6,324,2,5,331,0,331,--,400,69,324,331,331,Algún campo sin dato,1,df73f9fa084df807c687b26ad0f28efc3d2c1ee44b5c57b2c8f0d80f1248d71d,26/06/2023 00:55:30,ESCANER
9707,"Sololá",7,"Santiago Atitlán",19,1219,400,60,75,79,4,2,13,28,1,15,2,3,282,11,8,301,0,301,--,--,--,282,301,301,Algún campo sin dato,1,eb94f0299111af36adbe394ea8bf316777e62724da20be8cbcd29617823bc267,26/06/2023 00:18:13,ESCANER
9708,"Sololá",7,"Santiago Atitlán",19,1219,400,81,74,79,3,7,6,33,0,18,1,5,307,6,1,314,0,314,--,400,86,307,314,314,Algún campo sin dato,1,1b040c40b61788f70d8fec606ddf6be59fd82905eb51ca4730ce67513a3cac92,26/06/2023 01:07:49,ESCANER
9709,"Sololá",7,"Santiago Atitlán",19,1219,400,57,96,88,2,0,17,25,1,11,3,2,302,12,7,321,0,321,1,400,79,302,321,321,,1,6aca25b5a3bca08a02059b5e9c4c4d1c7f796308ddc5e07d516c4de4927c130b,25/06/2023 23:46:33,ESCANER
9710,"Sololá",7,"Santiago Atitlán",19,1219,400,62,89,90,4,1,14,31,0,11,0,3,305,4,5,314,0,314,--,400,86,305,314,314,Algún campo sin dato,1,93a8e5bbfa4761205772a8fda960cb3a46be782dcedd792804aadd91fd093805,26/06/2023 00:16:31,ESCANER
9711,"Sololá",7,"Santiago Atitlán",19,1220,400,56,93,74,3,4,25,21,0,16,1,6,299,9,4,312,0,312,--,400,88,299,312,312,Algún campo sin dato,1,419afcaa7b256dbbd7f316e223f248f0bacb084bf2f7a681f59da70bf8d7286d,25/06/2023 23:08:29,ESCANER
9712,"Sololá",7,"Santiago Atitlán",19,1220,400,56,77,87,6,1,23,40,2,22,3,7,324,2,9,335,2,337,--,400,63,324,335,337,Algún campo sin dato,1,f918d5ceb027abd140a203acbe90a8b7304c1ca939d9306fff0d296e3eb4ec82,26/06/2023 00:39:51,ESCANER
9713,"Sololá",7,"Santiago Atitlán",19,1220,400,49,84,103,3,2,12,26,1,13,2,6,301,13,2,316,--,316,--,400,84,301,316,316,Algún campo sin dato,1,929e9df952e078e41f895f1810a4a1cee44e7ecc0b79eb41c3f9146362f6d46c,26/06/2023 01:47:12,ESCANER
9714,"Sololá",7,"Santiago Atitlán",19,1220,400,57,89,87,2,3,12,22,1,14,1,6,294,4,7,305,0,305,--,400,95,294,305,305,Algún campo sin dato,1,784e7870a11c6a1aabbbc3012e398c3dad752fd527d8c6c1ac3a92d22bad903e,25/06/2023 21:40:15,ESCANER
9715,"Sololá",7,"Santiago Atitlán",19,1220,400,40,91,67,8,6,14,34,0,18,3,2,283,9,2,294,0,294,--,400,106,283,294,294,Algún campo sin dato,1,1234ff451a85a6f37e25d703f4deafcb4a06ac500bcf45e21ee733cc995062d0,26/06/2023 00:29:43,ESCANER
9716,"Sololá",7,"Santiago Atitlán",19,1220,400,43,101,87,3,1,16,13,1,27,0,3,295,1,1,297,0,297,--,400,103,295,297,297,Algún campo sin dato,1,7695c739fb2a6f583db5c6c428fc709ed4ed935c49787cc318da30bb695f4e96,26/06/2023 01:13:03,ESCANER
9717,"Sololá",7,"Santiago Atitlán",19,1221,400,44,87,98,4,4,15,23,0,11,0,5,291,4,2,297,0,297,--,400,103,291,297,297,Algún campo sin dato,1,9042ff4960e9a87a46f212640708c3e1f5def73d5b69443b7420dddb4c5f781d,26/06/2023 00:21:34,ESCANER
9718,"Sololá",7,"Santiago Atitlán",19,1221,400,43,112,84,3,0,21,20,0,17,0,6,306,2,0,308,0,308,--,400,92,306,308,308,Algún campo sin dato,1,df20d011f71f788216cfedc2d70e1c7e6a947c0fd2d585c2a48af8d46661c0e1,25/06/2023 23:48:36,ESCANER
9719,"Sololá",7,"Santiago Atitlán",19,1221,400,57,96,92,2,3,27,14,1,21,2,9,324,2,0,326,0,326,--,400,74,324,326,326,Algún campo sin dato,1,06beb78204f364c849a226fde0442f285fea6606c7663234ac1a9749f9e4df1e,25/06/2023 23:09:41,ESCANER
9720,"Sololá",7,"Santiago Atitlán",19,1221,400,67,86,77,1,3,14,25,1,18,1,4,297,0,0,297,0,297,--,400,103,297,297,297,Algún campo sin dato,1,ea4ad886298fb8b8990889288ce0feabdca0c62705c3881b118fce8bad6716a4,25/06/2023 22:32:51,ESCANER
9721,"Sololá",7,"Santiago Atitlán",19,1221,400,57,90,83,2,1,11,40,0,18,1,3,306,1,0,307,1,308,--,400,92,306,307,308,Algún campo sin dato,1,9e16db5f65ef4bc8c9efb24803eb16ee0d868b9f8381c2f5b1d18cf70350e469,25/06/2023 22:50:29,ESCANER
9722,"Sololá",7,"Santiago Atitlán",19,1221,400,57,81,78,2,3,15,40,1,10,2,4,293,1,0,294,0,294,--,400,106,293,294,294,Algún campo sin dato,1,354c12344796a51f7418177db88e617f67c1655238c72b2835b1a241bbd6f96c,25/06/2023 22:39:07,ESCANER
9723,"Sololá",7,"Santiago Atitlán",19,1222,348,40,70,74,2,3,17,30,0,17,3,1,257,2,1,260,0,260,--,345,85,257,260,260,Algún campo sin dato,1,04f682bfc63a890178f00fdd25951ad3b748c1cb93cc477357017cc0df4b7ec0,26/06/2023 00:41:03,ESCANER
9724,"Sololá",7,"Santiago Atitlán",19,1222,348,44,81,63,4,1,15,35,0,6,3,4,256,4,2,262,0,262,--,348,86,256,262,262,Algún campo sin dato,1,2ee988476ba122daff64d987fc9f1c50b0513a983a842c5145346d597d2fcbfc,26/06/2023 00:44:20,ESCANER
9725,"Sololá",7,"Santiago Atitlán",19,1223,400,54,93,91,6,6,21,35,0,13,5,4,328,10,3,341,1,342,--,400,58,328,341,342,Algún campo sin dato,1,95d184592afba42c9452a2650d219b9e20236f527bcb1f25e186acfc0d08498c,26/06/2023 01:44:43,ESCANER
9726,"Sololá",7,"Santiago Atitlán",19,1223,400,46,112,83,6,3,22,34,1,19,3,2,331,8,7,346,0,346,--,397,54,331,346,346,Algún campo sin dato,1,8831482f6cb3495722abf8fcd64f491962658ff0a8305f158a08b4f3e24663dc,26/06/2023 01:52:27,ESCANER
9727,"Sololá",7,"Santiago Atitlán",19,1223,400,59,71,77,1,6,22,34,0,18,2,2,292,15,3,310,--,--,--,400,90,292,310,310,Algún campo sin dato,1,367854fba76cb2e9e21cedbc50c0e2a0222c747b2a038c81a21b4f11f777df85,26/06/2023 01:44:15,ESCANER
9728,"Sololá",7,"Santiago Atitlán",19,1223,400,45,74,86,8,2,22,34,3,15,1,6,296,5,6,307,0,307,--,400,93,296,307,307,Algún campo sin dato,1,3892f9880a4851a12759e16abf0d750ac22560beb096fffa2090e49c7719e73b,26/06/2023 02:12:16,ESCANER
9729,"Sololá",7,"Santiago Atitlán",19,1223,400,36,81,92,4,1,22,28,2,15,1,7,289,11,4,304,0,304,--,400,96,289,304,304,Algún campo sin dato,1,d86286a6672451298b85012fd39f292c7d5201f588b6dfe3f15f90dfbd1f4433,26/06/2023 02:15:01,ESCANER
9730,"Sololá",7,"Santiago Atitlán",19,1224,209,16,58,47,0,0,21,16,0,12,2,2,174,0,1,175,0,175,--,209,34,174,175,175,Algún campo sin dato,1,50f0bb611a47c021bcdad383611b25a90c9a6798092d5186fe9b91c07e0fb5c9,26/06/2023 00:54:14,ESCANER
9731,"Sololá",7,"Santiago Atitlán",19,1224,208,17,65,31,2,1,4,12,1,6,1,2,142,2,1,145,0,145,--,208,63,142,145,145,Algún campo sin dato,1,015671381fa79d8c1fc535a3bb6a075572af1813b7f2bb5e80eeb3250feff54c,26/06/2023 01:37:57,ESCANER
9732,"Sololá",7,"Santiago Atitlán",19,1225,380,4,23,106,70,1,21,12,2,17,5,10,271,12,4,287,--,287,--,380,93,271,287,287,Algún campo sin dato,1,e50da85ff04dfd22b8683f3e76540a087a7c1f413dff386b0d6243883e18b28e,26/06/2023 03:39:47,ESCANER
9733,"Sololá",7,"Santiago Atitlán",19,1225,380,4,24,110,62,1,28,27,0,22,1,10,289,9,6,304,0,304,--,377,73,289,304,304,Algún campo sin dato,1,9eb3e147c7266253d81191dc81f2aae0265e04b61ea5a360381ff833d2570f7e,26/06/2023 01:59:22,ESCANER
9734,"Sololá",7,"Santiago Atitlán",19,1225,380,5,24,85,70,2,27,12,2,13,2,12,254,26,3,283,0,283,--,380,97,254,283,283,Algún campo sin dato,1,2c45b3bd2dd21110736ea032619cf73a15bd6c8c728f40c886d950ba6be8682a,26/06/2023 01:45:58,ESCANER
9735,"Sololá",7,"Santiago Atitlán",19,1225,380,4,38,102,67,2,27,15,1,22,3,5,286,20,6,312,--,--,--,380,68,286,312,312,Algún campo sin dato,1,537e3a19d7423f1e9a455b87374d1d4748897f0c7facb286498341b2e0f0f0bb,26/06/2023 01:11:15,ESCANER
9736,"Sololá",7,"Santiago Atitlán",19,1225,380,3,33,106,62,2,25,19,2,18,1,8,279,13,1,293,0,293,--,380,87,279,293,293,Algún campo sin dato,1,dac6b506fcd58dd3eae2b58700e5fdf0d15bce420953b10772cdd059de976fa7,26/06/2023 02:20:53,ESCANER
9737,"Sololá",7,"Santiago Atitlán",19,1225,380,4,28,118,62,1,22,11,0,20,0,3,269,16,2,287,0,287,--,380,90,269,287,287,Algún campo sin dato,1,7c6c91e216fc5efaa61066b05f13b9384f39e4f57f33d37d4429a8241439b306,26/06/2023 00:55:51,ESCANER
9738,"Sololá",7,"Santiago Atitlán",19,1225,380,3,27,88,81,3,21,15,1,19,5,11,274,7,4,285,1,376,--,376,91,274,285,286,Sumas Asentadas sin cuadrar,1,8a73c73272cb363784f3dde5a51a8ea448509d13c64ffdd4cc36ae049d26de79,26/06/2023 03:31:54,ESCANER
9739,"Sololá",7,"Santiago Atitlán",19,1226,380,4,44,92,56,0,24,16,1,16,2,7,262,10,2,274,0,274,--,380,106,262,274,274,Algún campo sin dato,1,49f0ea6a856be6338fd06eab384242edd8d57fb4f7c8b4c335facc8309ebb26f,25/06/2023 22:51:08,ESCANER
9740,"Sololá",7,"Santiago Atitlán",19,1226,380,2,22,81,60,0,27,4,0,16,1,4,217,4,0,221,0,221,--,369,148,217,221,221,Algún campo sin dato,1,1d2b00b14ccb8e85224c2cef8d9357664eff3aa91807fa9207668b0dc355defb,26/06/2023 00:50:41,ESCANER
9741,"Sololá",7,"Santiago Atitlán",19,1226,216,1,28,47,33,0,13,6,0,24,0,0,152,2,0,154,0,154,--,--,--,152,154,154,Algún campo sin dato,1,81564c72a419b210f5bd983cd3df0fec59ac6bc2c3d42135e06dd9e2d1fe2c42,26/06/2023 03:25:26,ESCANER
9742,"Sololá",7,"Santiago Atitlán",19,1226,216,4,17,50,27,1,13,13,0,8,1,5,139,4,0,143,0,143,--,216,73,139,143,143,Algún campo sin dato,1,4962294fc27bf74273ac6b0378b5641868ea115c2cc3f3a5483b6fb61af3f24c,26/06/2023 00:41:51,ESCANER
9743,"Sololá",7,"Santiago Atitlán",19,1227,380,53,87,92,7,1,34,48,--,6,4,1,333,7,6,346,--,--,--,380,34,333,346,346,Algún campo sin dato,1,e78edca5ddf1e44e0943fc1b47388f59ced9a546e59227d214b20c4c2faf8782,26/06/2023 00:39:50,ESCANER
9744,"Sololá",7,"Santiago Atitlán",19,1227,219,26,46,73,1,--,9,25,--,2,2,--,184,1,4,189,--,189,--,219,30,184,189,189,Algún campo sin dato,1,0d7c01c21e55cea209becb099fa63329467ce94b51e527eec0b588c9e105849b,25/06/2023 23:59:15,ESCANER
9745,"Sololá",7,"Santiago Atitlán",19,1228,219,21,45,73,2,0,15,19,0,6,0,0,181,3,0,184,0,184,--,219,35,181,184,184,Algún campo sin dato,1,0e552739bca612e9f9e421528529ef64ea4afedc72b8e3662d7d8af6de13a449,26/06/2023 00:08:32,ESCANER
9746,"Sololá",7,"Santiago Atitlán",19,1229,600,49,69,102,10,7,32,40,1,25,3,9,347,13,5,365,0,365,--,600,235,347,365,365,Algún campo sin dato,1,de45d726c0a7342a0ee75b731ded557dc4712ff113448de159fa45c251c8aa33,26/06/2023 00:15:04,ESCANER
9747,"Sololá",7,"Santiago Atitlán",19,1229,369,42,43,57,3,2,16,24,1,9,4,5,206,8,4,218,--,--,--,366,148,206,218,218,Algún campo sin dato,1,df3cfb6089a1f6b351a487b6c2f065d4568ca7652e17833d4a63fb2e0aeb9e43,26/06/2023 01:02:25,ESCANER
9748,"Sololá",7,"Santiago Atitlán",19,1229,368,37,37,52,4,1,12,24,0,6,1,2,176,5,5,186,1,187,--,368,181,176,186,187,Algún campo sin dato,1,6e4d8acb023999b51729443be8f0e1631a5a212e5b64e03d27e89f5a18469915,26/06/2023 01:14:17,ESCANER