﻿TIPO_DE_ELECCIÓN:,CORPORACIÓN MUNICIPAL
28 junio 2023 21:35 (UTC -6)
ACTAS_ESPERADAS,ACTAS_CAPTURADAS,PORCENTAJE_ACTAS_CAPTURADAS,ACTAS_CONTABILIZADAS,PORCENTAJE_ACTAS_CONTABILIZADAS,ACTAS_NO_CONTABILIZADAS,LISTA_NOMINAL_ACTAS_CONTABILIZADAS,VOTOS_EMITIDOS_CONTABILIZADAS,PORCENTAJE_PARTICIPACIÓN_CIUDADANA
61,61,100.0000,61,100.0000,0,21863,15243,69.7205

MESA,DEPARTAMENTO,ID_DEPARTAMENTO,MUNICIPIO,ID_MUNICIPIO,CENTRO_DE_VOTACIÓN,PADRÓN,VAMOS,UNE,CABAL,ELEFANTE,VICTORIA,VALOR UNIONISTA,VÁLIDOS,NULOS,BLANCO,EMITIDOS,INVÁLIDOS,TOTAL,IMPUGNACIONES,PAPELETAS-RECIBIDAS,PAPELETAS-NO-USADAS,VALIDOS_CALCULADO,EMITIDOS_CALCULADO,TOTAL_CALCULADO,OBSERVACIONES,CONTABILIZADA,CÓDIGO_INTEGRIDAD,FECHA_HORA_PUBLICACIÓN,DIGITALIZACIÓN
22923,"Chiquimula",20,"Quezaltepeque",9,3597,400,130,158,1,5,0,0,294,13,6,313,0,313,--,400,87,294,313,313,Algún campo sin dato,1,5d7c257cf32abd83a5759527b86ed6c5cfce4b2d503a490f504af49dec0455ff,26/06/2023 03:23:54,ESCANER
22924,"Chiquimula",20,"Quezaltepeque",9,3597,377,119,125,2,5,1,1,253,9,4,266,0,266,1,377,111,253,266,266,,1,2d5899487f55c5a110473b0805a2d2114dd6dde0321345b83821fcbb3d734e1c,26/06/2023 03:03:44,ESCANER
22925,"Chiquimula",20,"Quezaltepeque",9,3597,377,137,128,3,4,0,2,274,5,1,280,0,280,--,374,94,274,280,280,Algún campo sin dato,1,55cabc7ccaedfe11c05cd9cf7d3c5993ad6fd753e1856805c270ed155ea2cc60,26/06/2023 03:49:29,ESCANER
22926,"Chiquimula",20,"Quezaltepeque",9,3598,400,150,128,1,0,1,5,285,8,3,296,0,296,--,400,104,285,296,296,Algún campo sin dato,1,60101dba9bb08da71dbdfae928254800a5320f85e852f7bf174e6dec52ef00f8,26/06/2023 02:19:02,ESCANER
22927,"Chiquimula",20,"Quezaltepeque",9,3598,400,174,111,2,5,0,7,299,9,2,310,0,310,--,398,88,299,310,310,Algún campo sin dato,1,2b7937aae841ef93efc6c0ecc787067658cdecc53c4879eb31978b8ee8e2ff88,26/06/2023 02:28:08,ESCANER
22928,"Chiquimula",20,"Quezaltepeque",9,3598,400,150,134,1,1,0,4,290,10,2,302,0,302,--,400,98,290,302,302,Algún campo sin dato,1,f41c3f4651958dcea87a03305bcfff4ff17dc901f675369b1c7b1a873a29ee22,26/06/2023 02:21:34,ESCANER
22929,"Chiquimula",20,"Quezaltepeque",9,3598,400,170,127,3,3,2,5,310,1,4,315,0,315,--,400,85,310,315,315,Algún campo sin dato,1,23530be674ab257428076e6b0d24077b02ceb16e6ba0861ba9c13dc470d2b149,26/06/2023 02:49:24,ESCANER
22930,"Chiquimula",20,"Quezaltepeque",9,3598,400,170,127,2,1,2,3,305,11,1,317,0,317,--,400,83,305,317,317,Algún campo sin dato,1,fa6e39f53a80494fba6e7b0b7d30876e42930f3ffa28a9e29705732e84c09d0f,26/06/2023 02:36:46,ESCANER
22931,"Chiquimula",20,"Quezaltepeque",9,3598,400,152,123,0,3,0,4,282,7,2,291,0,291,0,400,109,282,291,291,,1,1e17477ee5cdd29fbf2376f6e48788396158adfaab30b5d9f8512fc4862b6021,26/06/2023 04:30:47,ESCANER
22932,"Chiquimula",20,"Quezaltepeque",9,3598,400,128,114,5,2,1,2,252,5,0,257,0,257,--,401,144,252,257,257,Algún campo sin dato,1,5dbfe4f9b9b4faf248596f507911e91a90048d127edbf13c522b8cfcdfa7b9d8,26/06/2023 00:14:00,ESCANER
22933,"Chiquimula",20,"Quezaltepeque",9,3598,400,135,125,3,2,0,7,272,10,0,282,0,282,--,400,118,272,282,282,Algún campo sin dato,1,6262e5d4e02c7575c9958245a89b08931e6670baccd35290b10f2f8e3e1d8102,26/06/2023 01:59:44,ESCANER
22934,"Chiquimula",20,"Quezaltepeque",9,3598,400,141,108,2,2,3,5,261,6,2,269,0,269,1,397,127,261,269,269,,1,c46453a61121040fb22ba9eb55edbe8fe566e6403e5a988ff5f2c1355a3ef525,26/06/2023 02:50:13,ESCANER
22935,"Chiquimula",20,"Quezaltepeque",9,3598,400,145,105,4,2,0,2,258,6,0,264,0,264,--,400,136,258,264,264,Algún campo sin dato,1,a9387a3a2902554f734d08515e1ee9904c3b987dcd4d82e40d683a43898f8704,26/06/2023 02:11:24,ESCANER
22936,"Chiquimula",20,"Quezaltepeque",9,3598,400,169,93,4,2,0,5,273,3,1,277,0,277,--,400,123,273,277,277,Algún campo sin dato,1,6aaf469c79c9afa92d23b695cd291b5feb9a3de11052b82b8c29ea20e10823b3,26/06/2023 02:23:12,ESCANER
22937,"Chiquimula",20,"Quezaltepeque",9,3598,400,175,101,5,3,0,4,288,3,0,291,0,291,--,400,109,288,291,291,Algún campo sin dato,1,27773ca924ec1e8a2230e52b546033b6a1154cdf82818ac54ddf0c44c42797dd,26/06/2023 02:04:08,ESCANER
22938,"Chiquimula",20,"Quezaltepeque",9,3598,326,164,89,0,4,1,3,261,1,0,262,0,262,--,326,61,261,262,262,Algún campo sin dato,1,eb335e071a4850b77ff5aea23c86e1479109898ed30264f07f40cff8ddd211f9,26/06/2023 02:31:40,ESCANER
22939,"Chiquimula",20,"Quezaltepeque",9,3598,326,103,75,4,3,1,2,188,2,0,190,0,190,--,326,136,188,190,190,Algún campo sin dato,1,e6a953a67333661de82a67606e7c72bbcc2e05ecb2827cbd13cc02e08db0b0c1,26/06/2023 02:30:24,ESCANER
22940,"Chiquimula",20,"Quezaltepeque",9,3599,400,164,112,7,14,1,4,302,10,3,315,0,315,--,400,85,302,315,315,Algún campo sin dato,1,5a991d5a915958379efab2e3fe1dc5a1fabb3088ed3602cfbf3986d07fcb8dbb,26/06/2023 03:02:03,ESCANER
22941,"Chiquimula",20,"Quezaltepeque",9,3599,400,135,153,5,3,0,4,300,11,2,313,0,313,--,400,87,300,313,313,Algún campo sin dato,1,479a8323b86fd28f54f167a36f274acbf221eae8e9da44c4c54fb593e1024147,26/06/2023 03:21:35,ESCANER
22942,"Chiquimula",20,"Quezaltepeque",9,3599,400,111,174,2,12,0,4,303,6,0,309,0,309,--,400,91,303,309,309,Algún campo sin dato,1,760bfd849915c2fc1538bef7548d1bb2c3e59ffc1c44572ab73a77044126e851,26/06/2023 00:24:10,ESCANER
22943,"Chiquimula",20,"Quezaltepeque",9,3599,400,145,123,2,6,0,1,277,2,2,281,0,281,--,380,99,277,281,281,Algún campo sin dato,1,db92c415cb09601b02888fe280f5423f2082df9c46b327c16819b4cc5d20a9d2,26/06/2023 02:39:43,ESCANER
22944,"Chiquimula",20,"Quezaltepeque",9,3599,400,123,133,5,7,0,0,268,6,3,277,0,277,--,400,123,268,277,277,Algún campo sin dato,1,ed749af50c7c615595181c099e5e3ede21f4803afdc1c18b9d4f960424891775,26/06/2023 03:45:58,ESCANER
22945,"Chiquimula",20,"Quezaltepeque",9,3600,400,150,132,2,6,1,0,291,4,3,298,0,298,--,376,78,291,298,298,Algún campo sin dato,1,aec06336373c23bdbfe499c8fb04fe656d2479a97583240a674f5fd55b306491,26/06/2023 01:22:37,ESCANER
22946,"Chiquimula",20,"Quezaltepeque",9,3600,237,112,70,2,5,0,4,193,0,0,193,0,193,--,234,41,193,193,193,Algún campo sin dato,1,9bf22b8bf42987b650deb48f207dbb98df92d35791149f8044fe1268c1622585,26/06/2023 00:36:18,ESCANER
22947,"Chiquimula",20,"Quezaltepeque",9,3600,237,96,59,4,3,1,0,163,3,0,166,0,166,--,237,71,163,166,166,Algún campo sin dato,1,184ddc116e0339ae6b11e361d3d942d9c3a8b152334b20101e54eb27338df207,25/06/2023 22:39:35,ESCANER
22948,"Chiquimula",20,"Quezaltepeque",9,3601,380,143,106,7,0,0,0,256,14,6,276,0,276,0,378,104,256,276,276,,1,57b8ca8b4ff3a4181cbad71c686ad8155ab34c740df52a5d6e8773a256885b88,26/06/2023 03:51:15,ESCANER
22949,"Chiquimula",20,"Quezaltepeque",9,3601,380,138,127,8,2,1,2,278,13,5,296,0,296,3,380,84,278,296,296,,1,1872411e43d2c1b4e07e126ebd0fc292eaae7530173214db2e993c16701b991b,26/06/2023 03:53:05,ESCANER
22950,"Chiquimula",20,"Quezaltepeque",9,3601,380,131,80,7,3,1,0,222,4,2,228,0,228,0,380,152,222,228,228,,1,7ae04305930162729584c441b14ce29fdb560ad3499102cd5c866c687caa5011,26/06/2023 03:59:00,ESCANER
22951,"Chiquimula",20,"Quezaltepeque",9,3601,291,101,60,9,0,0,1,171,1,1,173,0,173,--,291,118,171,173,173,Algún campo sin dato,1,689d55bfcc79821f8ebc99e0db952cb533d583fcd563e286eb41847d7cefaa61,26/06/2023 04:27:20,ESCANER
22952,"Chiquimula",20,"Quezaltepeque",9,3601,291,107,77,4,0,0,0,188,2,2,192,0,192,--,291,99,188,192,192,Algún campo sin dato,1,ad88b32ebf65c76dce857870315f2a08f7269f2ba030a3c6b424bdf38d25c83c,26/06/2023 05:52:05,ESCANER
22953,"Chiquimula",20,"Quezaltepeque",9,3602,380,103,165,4,1,2,1,276,8,2,286,0,286,--,385,99,276,286,286,Algún campo sin dato,1,00a0c6be8d56de97c05fff07d41e90781914f3bf3835a6bd8456c59f3d2d9114,26/06/2023 02:58:21,ESCANER
22954,"Chiquimula",20,"Quezaltepeque",9,3602,380,86,168,4,1,3,0,262,11,8,281,0,281,3,380,99,262,281,281,,1,1df40bc6fb8ba3f228cbc8d7a3f5525f3c2e2ea81ced171d12f7cae52512b80a,26/06/2023 02:53:29,ESCANER
22955,"Chiquimula",20,"Quezaltepeque",9,3602,376,89,134,4,0,4,0,231,10,5,246,0,246,--,373,127,231,246,246,Algún campo sin dato,1,1f81e0f7c866e80c86ebf8a81fb197e39b4f14f5c320e400eea1bc6894f353fd,26/06/2023 03:08:33,ESCANER
22956,"Chiquimula",20,"Quezaltepeque",9,3602,375,105,156,4,0,2,0,267,2,1,270,0,270,0,372,102,267,270,270,,1,f4a10957c73f782ddac4895bb96671cb70813dfd09902916a8690ac4b324774a,26/06/2023 03:13:48,ESCANER
22957,"Chiquimula",20,"Quezaltepeque",9,3603,380,174,107,2,2,0,0,285,8,2,295,0,295,--,380,85,285,295,295,Algún campo sin dato,1,61d123c694cb99d5e17a16db6585e7dbfcca1884a3b1f023b61ae80ac4d06314,26/06/2023 02:30:10,ESCANER
22958,"Chiquimula",20,"Quezaltepeque",9,3603,380,163,116,2,0,0,1,282,8,1,291,0,291,--,377,86,282,291,291,Algún campo sin dato,1,46953548d2ab302d3f25817b3a366f7fb334d73fbc3d42cd9396dcb4721aebb0,26/06/2023 02:52:05,ESCANER
22959,"Chiquimula",20,"Quezaltepeque",9,3603,308,140,70,2,1,0,0,213,3,0,216,0,216,--,305,89,213,216,216,Algún campo sin dato,1,f1aca062ce2d73b29b6745b5ec1adb5f5e567d88e3a47afad4162096665bf00b,26/06/2023 03:09:58,ESCANER
22960,"Chiquimula",20,"Quezaltepeque",9,3603,308,128,81,1,0,0,0,210,5,0,215,0,215,--,308,93,210,215,215,Algún campo sin dato,1,a6797d03d398ada935783058532e097b8fe0f60ea7ba3f82ba58077cd329dc34,26/06/2023 02:54:59,ESCANER
22961,"Chiquimula",20,"Quezaltepeque",9,3604,380,98,146,18,3,3,--,268,11,2,281,0,281,0,400,119,268,281,281,Algún campo sin dato,1,c3a479efadb3495c8b026593b5393fc7d350a5b0294306a3161227fcc6993b9e,26/06/2023 03:25:26,ESCANER
22962,"Chiquimula",20,"Quezaltepeque",9,3604,380,141,122,4,2,2,2,273,8,4,285,0,285,0,381,96,273,285,285,,1,9c10389df7fe1c64c2e8b6ec6bfd787ef66d7dd5d7923861bca7e70154b65f35,26/06/2023 03:39:41,ESCANER
22963,"Chiquimula",20,"Quezaltepeque",9,3604,380,129,142,13,3,0,0,287,10,5,302,0,302,1,400,98,287,302,302,,1,475b0dc77db777a6a4f43665736472e8a31ca48deefb4799fcb898503ebb4eac,26/06/2023 03:52:17,ESCANER
22964,"Chiquimula",20,"Quezaltepeque",9,3604,380,102,104,5,2,1,2,216,5,1,222,0,222,1,378,156,216,222,222,,1,66bfbf203b133d7b6cca280a0b4eb48301a763254b0478f7c7f385d5b777527d,26/06/2023 04:39:21,ESCANER
22965,"Chiquimula",20,"Quezaltepeque",9,3604,380,118,104,11,2,0,1,236,1,2,239,0,239,--,400,161,236,239,239,Algún campo sin dato,1,4cb818338aa47766b0521a02bd0c107cd155c73e01fc7ac52329214d1063f4bc,26/06/2023 04:26:37,ESCANER
22966,"Chiquimula",20,"Quezaltepeque",9,3604,194,63,72,3,1,1,0,140,3,0,143,0,143,0,194,51,140,143,143,,1,a7a952fe4d08a2f6a6ae57a2b293dcf6416bd9ac98a3dfdb4a02afb1da48e1c7,26/06/2023 04:32:42,ESCANER
22967,"Chiquimula",20,"Quezaltepeque",9,3604,193,68,64,2,2,0,0,136,0,1,137,0,137,0,190,53,136,137,137,,1,c1fec0310b4dba5686c030fe90139853a8cbfdb9a1c3935ae4fbb1cce6669383,26/06/2023 04:38:41,ESCANER
22968,"Chiquimula",20,"Quezaltepeque",9,3605,380,177,99,3,3,0,0,282,13,5,300,0,300,--,380,80,282,300,300,Algún campo sin dato,1,2d0e3f6a4c624802fb007d62af501ee7b22b5db0e715f31a440e05893621cbe5,26/06/2023 03:51:46,ESCANER
22969,"Chiquimula",20,"Quezaltepeque",9,3605,353,134,79,5,0,0,0,218,6,4,228,0,228,1,350,121,218,228,228,,1,0411a8097cc7797018e2e8d1937f4d10d18ff2979657732acd5c88399da0df91,26/06/2023 03:55:12,ESCANER
22970,"Chiquimula",20,"Quezaltepeque",9,3605,352,151,71,1,0,0,0,223,5,3,231,0,231,--,349,118,223,231,231,Algún campo sin dato,1,076f49795968623a2b4158ddd60ccac9981ce3c912ca8fb03d15023122d43155,26/06/2023 04:03:43,ESCANER
22971,"Chiquimula",20,"Quezaltepeque",9,3606,380,162,80,3,6,0,2,253,7,4,264,0,264,--,380,116,253,264,264,Algún campo sin dato,1,e09ccca3488a87bd8dfa2a2c8e06878837df8ca838c34dd513ade2b5c3fb5ef6,26/06/2023 04:39:44,ESCANER
22972,"Chiquimula",20,"Quezaltepeque",9,3606,380,184,87,5,6,0,2,284,11,4,299,0,299,1,380,81,284,299,299,,1,d39ed74b835e0da8761668d478602d854f8d15b8ecca1f1b5fc6a5c151368402,26/06/2023 04:53:11,ESCANER
22973,"Chiquimula",20,"Quezaltepeque",9,3606,380,119,85,4,5,0,0,213,10,5,228,0,228,0,377,149,213,228,228,,1,a3372ed7bbeb6cca4f9b9af65fb1f29ead7b21f6ec7bd3e9d13a0aae2c0890a6,26/06/2023 05:40:14,ESCANER
22974,"Chiquimula",20,"Quezaltepeque",9,3606,220,103,58,1,0,0,1,163,1,1,165,0,165,0,220,55,163,165,165,,1,965bed01f0cd2cd3673590c4cdf6c555602f56576f265263a5d5b51a6ff7002c,26/06/2023 05:55:09,ESCANER
22975,"Chiquimula",20,"Quezaltepeque",9,3606,220,94,56,1,3,0,0,154,2,0,156,0,156,--,220,64,154,156,156,Algún campo sin dato,1,8dda7edfd13404a5b278c123153c681dcdd2284104f992ac53e1cbdef4e915f2,26/06/2023 06:12:39,ESCANER
22976,"Chiquimula",20,"Quezaltepeque",9,3607,380,203,80,3,3,0,2,291,7,6,304,0,304,--,377,73,291,304,304,Algún campo sin dato,1,75246ca84cb7d7d88be20ccd638c97a2193cf86331a657cd2f39535083983773,26/06/2023 04:40:45,ESCANER
22977,"Chiquimula",20,"Quezaltepeque",9,3607,380,208,68,6,0,1,1,284,7,6,297,0,297,0,380,83,284,297,297,,1,d5c21fcc5a9ff0fa7eb0de997ba59f6e22b7e67e9b1a3430ba80e0008029d55a,26/06/2023 04:53:04,ESCANER
22978,"Chiquimula",20,"Quezaltepeque",9,3607,380,190,65,7,2,1,0,265,11,1,277,0,277,1,380,102,265,277,277,,1,4258489c3a0c0c74d9a84818736456c6a054a86c9029a2471d00308616a4b117,26/06/2023 04:56:57,ESCANER
22979,"Chiquimula",20,"Quezaltepeque",9,3607,380,160,48,6,1,0,1,216,7,3,226,0,226,0,380,154,216,226,226,,1,1e4df9ddd97130745707dc92d76141b57e5b4a35f5edfdb1802153f959ebc598,26/06/2023 05:56:56,ESCANER
22980,"Chiquimula",20,"Quezaltepeque",9,3607,289,156,48,4,0,1,1,210,0,1,211,0,211,--,289,78,210,211,211,Algún campo sin dato,1,8b4175e19f9a0100355b40b0d1e4805b14a49a5cbebd2f30612a57d6561e3d06,26/06/2023 06:13:06,ESCANER
22981,"Chiquimula",20,"Quezaltepeque",9,3607,288,128,51,0,3,0,0,182,3,0,185,0,185,--,288,103,182,185,185,Algún campo sin dato,1,8b30baa03fc1b7ed2d7741f5173a08fccecded0b9c2c798a7b992d87a9945d6d,26/06/2023 06:15:26,ESCANER
22982,"Chiquimula",20,"Quezaltepeque",9,3608,363,36,9,1,2,0,0,48,0,1,49,0,49,1,363,313,48,49,49,,1,f165d10df27e45bf081309abf020d69d24c11d3fda4b6e8e74efe92a5e4829a3,26/06/2023 02:08:20,ESCANER
22983,"Chiquimula",20,"Quezaltepeque",9,3608,362,8,7,0,0,0,0,15,0,0,15,0,15,--,362,347,15,15,15,Algún campo sin dato,1,712a6d1ec64195a1d61540a60a8c44432f920916b75a022d98ac775975eadf58,25/06/2023 22:49:33,ESCANER