﻿TIPO_DE_ELECCIÓN:,CORPORACIÓN MUNICIPAL
28 junio 2023 21:35 (UTC -6)
ACTAS_ESPERADAS,ACTAS_CAPTURADAS,PORCENTAJE_ACTAS_CAPTURADAS,ACTAS_CONTABILIZADAS,PORCENTAJE_ACTAS_CONTABILIZADAS,ACTAS_NO_CONTABILIZADAS,LISTA_NOMINAL_ACTAS_CONTABILIZADAS,VOTOS_EMITIDOS_CONTABILIZADAS,PORCENTAJE_PARTICIPACIÓN_CIUDADANA
94,94,100.0000,94,100.0000,0,33993,20959,61.6568

MESA,DEPARTAMENTO,ID_DEPARTAMENTO,MUNICIPIO,ID_MUNICIPIO,CENTRO_DE_VOTACIÓN,PADRÓN,BIEN,VALOR,UNE,CABAL,VAMOS,VOS,VICTORIA,CAMBIO,MLP,PPN,PODEMOS,AZUL,CREO,VÁLIDOS,NULOS,BLANCO,EMITIDOS,INVÁLIDOS,TOTAL,IMPUGNACIONES,PAPELETAS-RECIBIDAS,PAPELETAS-NO-USADAS,VALIDOS_CALCULADO,EMITIDOS_CALCULADO,TOTAL_CALCULADO,OBSERVACIONES,CONTABILIZADA,CÓDIGO_INTEGRIDAD,FECHA_HORA_PUBLICACIÓN,DIGITALIZACIÓN
10001,"Totonicapán",8,"San Francisco El Alto",3,1289,400,31,13,44,23,111,4,10,2,3,7,8,1,2,259,15,1,275,0,275,0,400,125,259,275,275,,1,9dba502d52a2acd53af68c78cacce8478228849c065f81f6cff5f52d436bf24c,25/06/2023 23:23:29,ESCANER
10002,"Totonicapán",8,"San Francisco El Alto",3,1289,400,39,6,59,29,102,5,8,1,1,10,10,3,3,276,21,2,299,0,299,0,400,101,276,299,299,,1,dee3079d5cbd4d44e46b2ba885b97292b3d213adf514e2a70bde791f36604c1d,25/06/2023 23:49:32,ESCANER
10003,"Totonicapán",8,"San Francisco El Alto",3,1289,400,30,7,50,16,101,3,12,3,4,12,5,2,3,248,13,5,266,0,267,1,400,133,248,266,266,Sumas Asentadas sin cuadrar,1,5568f4a6a7f52825a12cb3f68748c44f2630ad927661ea822ceca2801f602717,26/06/2023 00:19:04,ESCANER
10004,"Totonicapán",8,"San Francisco El Alto",3,1289,400,27,10,54,21,99,3,9,0,2,5,8,1,2,241,12,6,259,0,259,0,400,141,241,259,259,,1,968c8c2358ad8c8f24f4485ae1255f17f2a27a27d0e8127ff811d187ea034dec,25/06/2023 23:15:09,ESCANER
10005,"Totonicapán",8,"San Francisco El Alto",3,1290,400,39,12,57,28,100,2,4,0,0,5,3,2,1,253,12,2,267,0,267,0,399,132,253,267,267,,1,892fef3189e2f769d5842e4e8160e91b5fc4a0939099bbfb6934441fa551119c,25/06/2023 22:10:27,ESCANER
10006,"Totonicapán",8,"San Francisco El Alto",3,1290,400,32,16,54,27,120,1,9,2,0,4,7,0,5,277,7,2,286,0,286,0,396,110,277,286,286,,1,769b53ff176817e675e39040dc2df3fba51f36b37be9734f3496367743c26f61,25/06/2023 23:43:00,ESCANER
10007,"Totonicapán",8,"San Francisco El Alto",3,1290,380,26,10,58,19,83,5,4,1,3,12,3,1,2,227,7,1,235,0,235,0,379,144,227,235,235,,1,9d6fc24d014511fb6ca3cdc766593fc82a0aef10e8b293e716d82b8fecda4d1d,25/06/2023 23:51:35,ESCANER
10008,"Totonicapán",8,"San Francisco El Alto",3,1290,379,19,5,66,16,66,1,3,0,2,4,7,0,1,190,3,2,195,0,195,0,379,184,190,195,195,,1,13698b30081dd55f1be54c93384cc8cdc6a04c9b49a2fb9ea981e8e0643c098e,25/06/2023 21:58:00,ESCANER
10009,"Totonicapán",8,"San Francisco El Alto",3,1291,400,20,10,68,33,103,16,6,1,3,4,3,0,2,269,10,7,286,0,286,1,400,113,269,286,286,,1,b0555b33702014b456c5ca7221bc9d0a72b0264dfd273c1d9196612e6e16641b,25/06/2023 21:55:25,ESCANER
10010,"Totonicapán",8,"San Francisco El Alto",3,1291,400,15,8,74,31,86,25,3,5,4,6,3,3,0,263,16,15,294,0,294,--,397,103,263,294,294,Algún campo sin dato,1,ce066ddc6f89a7a0a3a9810435df19ebcd0fe7e540c008c58119b053f7bb4c88,25/06/2023 23:38:14,ESCANER
10011,"Totonicapán",8,"San Francisco El Alto",3,1291,400,23,7,69,38,82,24,3,0,1,4,6,4,0,261,11,7,279,0,279,--,400,121,261,279,279,Algún campo sin dato,1,bd88c098bb473f06e5398786ca1a364ba917e260ed0b62386de7ffaef70feb8d,25/06/2023 21:33:50,ESCANER
10012,"Totonicapán",8,"San Francisco El Alto",3,1291,252,8,8,44,20,58,8,0,0,4,2,6,3,1,162,4,1,167,0,167,--,252,85,162,167,167,Algún campo sin dato,1,0ac7e4910e61b17d72fd1e64fa19e42375acc7c2655ca474c840d02ab7269efb,25/06/2023 21:41:18,ESCANER
10013,"Totonicapán",8,"San Francisco El Alto",3,1291,252,12,4,26,29,51,8,1,0,3,4,1,2,0,141,2,1,144,0,144,--,252,108,141,144,144,Algún campo sin dato,1,ecb9c81b2fe56322ac52beba778417fe865f52b23cbc38cf8432eef7f37df832,25/06/2023 21:48:24,ESCANER
10014,"Totonicapán",8,"San Francisco El Alto",3,1292,400,52,15,66,26,134,7,5,1,1,6,7,1,1,322,13,2,337,0,337,--,400,63,322,337,337,Algún campo sin dato,1,253b8f3d69f46e6b0653dfc0c1170b93c04276c621930d0a14bcb7dbaa1630bb,26/06/2023 00:25:35,ESCANER
10015,"Totonicapán",8,"San Francisco El Alto",3,1292,400,30,9,76,32,120,2,9,2,0,9,7,1,2,299,7,6,312,0,312,--,397,85,299,312,312,Algún campo sin dato,1,c0e231b6857767129fb3459ec2f20e38fc9e82813bd0111066a7b20c6ecb8a2e,25/06/2023 23:17:57,ESCANER
10016,"Totonicapán",8,"San Francisco El Alto",3,1292,387,24,18,69,22,142,4,2,0,2,6,6,0,3,298,6,1,305,0,305,--,387,82,298,305,305,Algún campo sin dato,1,c02f4f560fc89c44ad4ff60d857934d785d77e4455d8dcfb6251efc24c2dab51,26/06/2023 00:43:52,ESCANER
10017,"Totonicapán",8,"San Francisco El Alto",3,1292,387,38,11,70,34,102,3,1,0,2,4,7,2,2,276,6,1,283,0,283,0,387,104,276,283,283,,1,ad9374a6b8b44db788dff39ec5604a16bf56c1e18372a323a7e07c1584c45f1c,25/06/2023 23:52:02,ESCANER
10018,"Totonicapán",8,"San Francisco El Alto",3,1293,400,46,9,75,16,116,1,8,0,2,10,11,3,2,299,11,7,317,0,317,0,400,83,299,317,317,,1,3970d593eebbd48c6270d5ff846e1143939bf39d1cc6d609f6a7e319c04504f0,26/06/2023 01:16:30,ESCANER
10019,"Totonicapán",8,"San Francisco El Alto",3,1293,266,23,6,56,13,76,1,6,2,0,7,4,1,4,199,4,1,204,0,204,0,266,62,199,204,204,,1,5c532715da38bbca3fd80fe8c186d10be8901a643c12becfeb5084122f516e78,26/06/2023 00:24:32,ESCANER
10020,"Totonicapán",8,"San Francisco El Alto",3,1293,265,21,5,52,21,58,2,6,1,2,1,6,0,1,176,4,0,180,0,180,0,265,85,176,180,180,,1,54f23ce801a311ab5e662da26c1781586df7289cfba24b3cc5d1915ff34d1ae2,26/06/2023 00:14:17,ESCANER
10021,"Totonicapán",8,"San Francisco El Alto",3,1294,286,26,7,53,14,107,1,5,1,0,1,2,1,2,220,10,3,233,0,233,--,286,53,220,233,233,Algún campo sin dato,1,3ecb7476869ffd26a42c3c8e614e4958f7007a4be8489f72cacac25435163d8f,26/06/2023 00:03:49,ESCANER
10022,"Totonicapán",8,"San Francisco El Alto",3,1294,285,26,4,57,16,78,3,3,0,1,1,3,0,3,195,3,3,201,0,201,0,282,81,195,201,201,,1,9857a84b15f56b7394600d7ef27027afb6007bd353123485da51728f8beb85b7,25/06/2023 23:16:08,ESCANER
10023,"Totonicapán",8,"San Francisco El Alto",3,1295,271,15,12,68,10,58,0,33,3,1,6,6,1,0,213,5,5,223,0,223,0,271,48,213,223,223,,1,31311015f9f784ef7d66adcf76d0af9ddf9f546820d3a2ebdb79269a0a985584,26/06/2023 00:08:32,ESCANER
10024,"Totonicapán",8,"San Francisco El Alto",3,1295,271,8,13,42,15,53,1,20,3,0,8,2,0,0,165,4,4,173,0,173,0,271,98,165,173,173,,1,9b21b059ce14217a948fb53b522dfdd097412f2cf6d4e3ea296c6bd109657451,25/06/2023 23:28:57,ESCANER
10025,"Totonicapán",8,"San Francisco El Alto",3,1296,400,36,53,70,19,56,5,3,1,0,2,5,1,1,252,12,4,268,0,268,0,400,132,252,268,268,,1,ecf07a26bcd637584b8f818144c3db759fc0d5e893d40757de627ddc2579af7a,26/06/2023 00:54:52,ESCANER
10026,"Totonicapán",8,"San Francisco El Alto",3,1296,400,25,49,75,22,57,11,2,1,1,5,14,1,0,263,13,9,285,0,285,--,397,112,263,285,285,Algún campo sin dato,1,ae84aede00b5859a5bc8d120f020bd3a0a6425665269ec77ccc76569e4ddd80a,26/06/2023 01:08:05,ESCANER
10027,"Totonicapán",8,"San Francisco El Alto",3,1296,400,35,42,73,26,41,8,2,4,5,3,16,1,0,256,16,7,279,0,279,0,400,121,256,279,279,,1,4f41124ce594e2e7772f8430c5008c4c13505bf25efc7b9adc0538307c8c1a3c,26/06/2023 01:17:59,ESCANER
10028,"Totonicapán",8,"San Francisco El Alto",3,1296,332,16,40,59,21,35,9,0,1,1,2,8,1,0,193,10,3,206,0,206,2,332,126,193,206,206,,1,880b87aca08676c9fc06ab08c01f9945917cfe24975ed5e003c64ef098283ce4,25/06/2023 22:47:41,ESCANER
10029,"Totonicapán",8,"San Francisco El Alto",3,1296,332,16,30,53,28,42,6,1,2,5,2,6,2,0,193,2,1,196,0,196,0,332,136,193,196,196,,1,4416edeea8a65196ce30651d55c4883e565d77fc1f24b7735c1daa23990b06a9,26/06/2023 00:15:58,ESCANER
10030,"Totonicapán",8,"San Francisco El Alto",3,1297,400,4,5,57,91,43,10,6,2,1,1,3,10,0,233,19,11,263,0,263,0,400,137,233,263,263,,1,74504e47e8f4f278d5c4e06918e5853d44cbb42c19d93abba4b2649f2844c1bb,26/06/2023 00:56:09,ESCANER
10031,"Totonicapán",8,"San Francisco El Alto",3,1297,400,5,7,49,117,45,9,3,2,6,5,1,2,1,252,19,13,284,0,284,0,400,116,252,284,284,,1,0c57500d7f179cb9c5f070f14de48cac26938e0937805a73e7ff11022695188c,25/06/2023 23:25:22,ESCANER
10032,"Totonicapán",8,"San Francisco El Alto",3,1297,400,2,12,40,122,35,12,3,3,2,3,2,15,2,253,23,6,282,--,--,0,--,--,253,282,282,Algún campo sin dato,1,6475d84058a5150d03e3f716c9d71d951888e30db48038b063745322bfdb21ce,25/06/2023 23:31:01,ESCANER
10033,"Totonicapán",8,"San Francisco El Alto",3,1297,297,5,3,32,92,21,5,2,1,1,1,2,8,0,173,10,4,187,0,187,--,297,110,173,187,187,Algún campo sin dato,1,8e37a73b17318710ca891a14e3451cfb7f808b4f6b3136a915fa7fb84518992d,25/06/2023 23:38:06,ESCANER
10034,"Totonicapán",8,"San Francisco El Alto",3,1297,296,2,3,27,74,27,4,3,0,0,1,1,2,0,144,2,3,149,0,149,0,296,147,144,149,149,,1,61b4be0ee652b6a0efabb0b2a40eb22196422c954261d41b971e2de3c716b86c,26/06/2023 00:28:31,ESCANER
10035,"Totonicapán",8,"San Francisco El Alto",3,1298,380,26,28,47,25,38,3,3,0,1,9,7,0,0,187,16,9,212,0,212,0,380,168,187,212,212,,1,881a1412c6feb8513f39f196236a04846eb91f7a10090a2cc6e4240111bcdfcc,26/06/2023 00:25:22,ESCANER
10036,"Totonicapán",8,"San Francisco El Alto",3,1298,380,28,34,43,36,52,1,3,0,3,6,0,0,0,206,11,12,229,0,229,0,380,151,206,229,229,,1,43800ca3fab8d416656c2cd9a652d22f34619f49c45be21bee0a7ad02b2df20a,26/06/2023 01:07:02,ESCANER
10037,"Totonicapán",8,"San Francisco El Alto",3,1298,380,35,29,48,43,49,1,1,0,3,5,5,0,0,219,18,10,247,0,247,0,380,133,219,247,247,,1,7b5b924dda96f61f1d02c2d0d4d926b01d0e52bba535f4334aa9f5f86628675f,25/06/2023 23:09:41,ESCANER
10038,"Totonicapán",8,"San Francisco El Alto",3,1298,380,33,40,45,42,34,1,3,1,5,5,2,0,1,212,14,13,239,1,240,0,378,138,212,239,240,,1,f7f5e782af72884fb8be21f93b5269f015fdc8937e1b2794665ef3501a0523f7,26/06/2023 01:01:32,ESCANER
10039,"Totonicapán",8,"San Francisco El Alto",3,1298,380,36,31,44,34,35,2,8,0,3,3,2,0,1,199,21,11,231,0,231,0,231,149,199,231,231,,1,750f39d499b5e2f72cf1f423ec5204d4ef77aa8fe1c628cf05816b53360f4d15,25/06/2023 23:53:47,ESCANER
10040,"Totonicapán",8,"San Francisco El Alto",3,1298,380,36,42,47,42,40,0,2,1,3,7,4,2,0,226,19,15,260,0,260,0,380,120,226,260,260,,1,15a15a466d584a862dda87837b23585ef5d92a5644343c5c0716ae97496e7439,26/06/2023 00:55:13,ESCANER
10041,"Totonicapán",8,"San Francisco El Alto",3,1298,380,38,33,52,37,35,2,1,0,5,10,3,4,1,221,21,10,252,0,252,0,380,128,221,252,252,,1,e353d9211e34d45782a57e9e270a6b727e4311d8543b8cb6191bf5bd14acae6c,26/06/2023 00:34:19,ESCANER
10042,"Totonicapán",8,"San Francisco El Alto",3,1298,380,23,26,46,31,40,3,3,0,0,11,5,0,0,188,11,8,207,0,207,0,380,173,188,207,207,,1,f74226216e2f86b3c01be74c296a40caaa38ac4110975c3c6bbb2a5426b080f1,26/06/2023 00:45:55,ESCANER
10043,"Totonicapán",8,"San Francisco El Alto",3,1299,380,31,25,48,28,38,1,0,0,4,3,7,0,1,186,8,6,200,0,200,0,377,177,186,200,200,,1,5ef0b22655aefb6f02f8eb12bf00c81805ccac4a5ac1cadea73f18f872e69cb3,25/06/2023 23:39:25,ESCANER
10044,"Totonicapán",8,"San Francisco El Alto",3,1299,380,34,29,45,28,43,1,4,0,3,9,2,1,1,200,10,3,213,0,213,0,377,164,200,213,213,,1,a9d03ded36e32fbe0bf02a09d308322ccb263940df3914c60d50c4e3efdbbb4b,26/06/2023 00:48:34,ESCANER
10045,"Totonicapán",8,"San Francisco El Alto",3,1299,380,28,31,40,31,23,1,1,0,1,8,1,0,2,167,5,5,177,0,177,0,380,203,167,177,177,,1,ab40873eff9b9fc092f57be32e2cb986375f48156d9683f4bec1c64cbf72162b,25/06/2023 23:44:35,ESCANER
10046,"Totonicapán",8,"San Francisco El Alto",3,1299,380,22,28,33,24,27,1,1,0,4,6,2,0,0,148,1,2,151,0,151,0,380,229,148,151,151,,1,8bfca2018700f28db00d9d4efc11738f890ee881e7544c05907d6de0e61609bc,25/06/2023 23:20:02,ESCANER
10047,"Totonicapán",8,"San Francisco El Alto",3,1299,201,15,14,24,13,16,3,3,0,2,1,1,0,0,92,5,0,97,0,97,0,201,104,92,97,97,,1,35506f4982236f526870b597b954618cdb7a80fcf76c7ae44b90523194b1ac11,25/06/2023 23:26:51,ESCANER
10048,"Totonicapán",8,"San Francisco El Alto",3,1299,201,9,17,11,14,12,0,0,0,1,4,1,0,0,69,2,3,74,0,74,0,201,127,69,74,74,,1,d1777a9ea696f516eb86dd6d8fcb6c446cae83d5d85d799d5ef86288a05e8d3b,25/06/2023 23:34:09,ESCANER
10049,"Totonicapán",8,"San Francisco El Alto",3,1300,380,3,24,159,6,7,5,2,0,1,2,6,3,0,218,15,5,238,0,238,0,380,142,218,238,238,,1,ef37768ef206dae9dc531c9d8a8f0a82a7e4837fba8a130cdd1a22b870eae8eb,25/06/2023 23:09:53,ESCANER
10050,"Totonicapán",8,"San Francisco El Alto",3,1300,380,2,21,161,16,7,2,2,0,2,1,8,1,0,223,14,14,251,0,251,0,380,129,223,251,251,,1,90c243fbcc806b9bf4665c193be25c42c3cdc6314ca2147077d056440c70d049,25/06/2023 22:59:19,ESCANER
10051,"Totonicapán",8,"San Francisco El Alto",3,1300,380,3,25,191,9,10,2,1,1,1,2,5,0,2,252,7,6,265,0,265,0,380,115,252,265,265,,1,8375ac1bbda1fff66c49407fc18f1b5fdc682008cf95bcfacba74facc3d52d1a,25/06/2023 23:33:45,ESCANER
10052,"Totonicapán",8,"San Francisco El Alto",3,1300,380,2,19,176,7,10,1,2,0,1,1,13,1,1,234,7,3,244,0,244,0,380,132,234,244,244,,1,6976e1a8a6e3409cf8ec70edd4cc5612d0a9489d20d7f4aecce21dfe494a5660,25/06/2023 23:25:57,ESCANER
10053,"Totonicapán",8,"San Francisco El Alto",3,1300,380,2,24,171,8,9,1,0,0,1,2,3,2,1,224,17,6,247,0,247,0,380,133,224,247,247,,1,c72565ce8ab725a28a1b3eb609fc1ea5efacf69af147db196083395b36c5f4a5,26/06/2023 00:16:21,ESCANER
10054,"Totonicapán",8,"San Francisco El Alto",3,1300,380,3,16,169,8,2,3,2,2,1,0,2,1,0,209,18,7,234,0,234,0,379,145,209,234,234,,1,7c846d8320055bb02f02921f3bf9d7a2ab2f0e18f3d7c292caca956b28c03672,26/06/2023 00:37:17,ESCANER
10055,"Totonicapán",8,"San Francisco El Alto",3,1300,380,2,19,162,12,6,2,2,0,0,0,5,0,0,210,9,12,231,0,231,0,378,147,210,231,231,,1,7367380e7789808a48c3143e627ad50cff7f8ef151f8432a4feb4bb95a8473de,25/06/2023 23:38:56,ESCANER
10056,"Totonicapán",8,"San Francisco El Alto",3,1300,380,5,23,174,13,6,2,1,0,2,2,5,4,0,237,13,11,261,0,261,0,380,119,237,261,261,,1,c2aabb91ef0d1119d4c86e4d3133d8e0dea89eac97cb3806ad0e9802384484ca,25/06/2023 23:15:57,ESCANER
10057,"Totonicapán",8,"San Francisco El Alto",3,1300,380,4,23,192,13,11,0,1,0,0,0,5,0,0,249,23,7,279,0,279,0,377,98,249,279,279,,1,94d9589f34e1753c1876d4224ede17e30e1eea054a74258280dd5bfd8483e978,25/06/2023 22:39:25,ESCANER
10058,"Totonicapán",8,"San Francisco El Alto",3,1300,380,1,24,186,5,4,1,2,3,1,0,1,1,0,229,2,6,237,0,237,0,380,143,229,237,237,,1,21c49e60783851c734b13172924fe48920a3bc6712bfd98f57e2086afa1dd01f,26/06/2023 00:09:08,ESCANER
10059,"Totonicapán",8,"San Francisco El Alto",3,1300,380,4,19,183,5,5,1,1,1,0,1,7,2,0,229,4,5,238,0,238,0,380,142,229,238,238,,1,14eb477702edf23273903da379f60b8d324f4ffaa37fa37c85006ee71d725b7e,25/06/2023 23:56:22,ESCANER
10060,"Totonicapán",8,"San Francisco El Alto",3,1300,380,2,14,176,7,3,2,2,2,0,0,2,0,1,211,5,5,221,0,221,0,380,159,211,221,221,,1,1c774bcd60e4aed26211c9374970438cb32d6e0e79792d103404ad9e72a8ccd4,25/06/2023 22:45:01,ESCANER
10061,"Totonicapán",8,"San Francisco El Alto",3,1300,380,3,17,184,8,6,2,0,1,0,1,3,0,1,226,5,2,233,0,233,0,380,147,226,233,233,,1,340394c757b0ef7149685f9ae1cc087825c887e7107cce8e38e361946f2fe677,26/06/2023 00:12:29,ESCANER
10062,"Totonicapán",8,"San Francisco El Alto",3,1300,380,3,15,201,3,2,2,1,3,0,4,3,0,0,237,0,2,239,0,239,0,377,138,237,239,239,,1,1c60bd903657876ad5bc6089005a06c31aac561374b20ac24c57ee27942a17f6,26/06/2023 00:21:57,ESCANER
10063,"Totonicapán",8,"San Francisco El Alto",3,1301,380,3,17,193,4,2,0,0,0,1,0,3,0,0,223,5,1,229,0,229,0,380,151,223,229,229,,1,b0bf71b26185ae0aec09105863f50bbf1ee1c861467b1525d5659afbe47299af,26/06/2023 01:48:29,ESCANER
10064,"Totonicapán",8,"San Francisco El Alto",3,1301,380,3,14,177,8,1,2,0,2,1,1,2,0,0,211,1,0,212,0,212,0,380,168,211,212,212,,1,ceb2c0b3a38df3843aaaf7346989db2521d780ff1cc86a5c205364f7c3b331e0,26/06/2023 00:13:51,ESCANER
10065,"Totonicapán",8,"San Francisco El Alto",3,1302,230,2,9,129,1,1,2,0,0,0,0,2,0,0,146,4,0,150,0,150,0,230,80,146,150,150,,1,e7e6e456785c7d3952977d68f1aa306a9b3a65764ee0ac2bcb91a102777d81c3,25/06/2023 23:07:14,ESCANER
10066,"Totonicapán",8,"San Francisco El Alto",3,1302,229,2,13,88,8,7,1,0,0,0,1,5,1,0,126,4,0,130,0,130,0,229,99,126,130,130,,1,8819302595c7ccb67ecc08605e49b01e69e63372ed0724b49769d47d019554e5,25/06/2023 22:44:30,ESCANER
10067,"Totonicapán",8,"San Francisco El Alto",3,1303,380,5,11,27,88,35,2,15,1,8,1,8,1,0,202,17,14,233,0,233,0,380,147,202,233,233,,1,92b7232ee00c5f6bf32cca776874f5b514134b5bc6ed9ecd69b86f0a9dd701ed,25/06/2023 23:22:44,ESCANER
10068,"Totonicapán",8,"San Francisco El Alto",3,1303,380,4,15,35,84,37,3,4,0,3,8,4,3,0,200,23,12,235,0,235,--,380,145,200,235,235,Algún campo sin dato,1,eefb3732250607e8a29ff966c031ffee38b03cdcdc104e2321572da3c80000da,25/06/2023 22:13:01,ESCANER
10069,"Totonicapán",8,"San Francisco El Alto",3,1303,380,9,11,25,92,36,1,3,0,3,1,6,0,1,188,29,25,242,0,242,0,380,138,188,242,242,,1,f14006955bf071a63586d0c596495c66c1a9c6c3bc40402d0b7d4350a52df183,25/06/2023 22:01:01,ESCANER
10070,"Totonicapán",8,"San Francisco El Alto",3,1303,380,6,13,24,98,38,1,2,1,4,4,3,0,1,195,20,17,232,0,232,0,380,148,195,232,232,,1,1f5feb67bdb1010b5c649344bc9fd11953ae7965fb0eb92a588da6cf80e5fa88,26/06/2023 00:13:04,ESCANER
10071,"Totonicapán",8,"San Francisco El Alto",3,1303,380,7,6,34,85,34,3,8,0,3,6,1,3,0,190,22,11,223,0,223,0,380,157,190,223,223,,1,c77ad32e3110ecb4ea9a0882a9d0ce16eaa548b0c155b687e41dca622ee9bd49,26/06/2023 00:05:09,ESCANER
10072,"Totonicapán",8,"San Francisco El Alto",3,1303,380,1,14,28,77,52,0,4,0,1,3,2,1,0,183,15,4,202,0,202,0,380,178,183,202,202,,1,2a77dda78891e0e05fb50d76ca775fa70bbefc378c1b1b873b685a91641c5612,25/06/2023 23:36:11,ESCANER
10073,"Totonicapán",8,"San Francisco El Alto",3,1303,380,5,8,25,89,42,2,3,1,4,2,7,0,0,188,6,5,199,0,199,0,380,181,188,199,199,,1,e94fdc53f05a8383ca19d640bbb8388fbaf76f1d8849ebe3ea8529e0075c8f0d,25/06/2023 22:57:41,ESCANER
10074,"Totonicapán",8,"San Francisco El Alto",3,1303,380,10,7,20,81,36,1,4,2,0,1,2,0,0,164,4,3,171,0,171,0,379,208,164,171,171,,1,e804abbd5a45ca15b6a244ce60a0dded5d6c7d88f84691563162743f6c95d2df,25/06/2023 22:06:10,ESCANER
10075,"Totonicapán",8,"San Francisco El Alto",3,1303,283,5,9,18,53,16,1,5,0,3,1,1,0,0,112,1,4,117,0,117,0,283,166,112,117,117,,1,aaf55818ef07198a346c162237b642f5983e3fe5dfb6c95109e7fbcd761cb2ed,25/06/2023 23:17:41,ESCANER
10076,"Totonicapán",8,"San Francisco El Alto",3,1303,283,1,8,9,51,20,0,0,0,0,1,3,0,0,93,4,2,99,0,99,0,283,184,93,99,99,,1,73a069023da7dc8483de6172659bb67c150cd55956bc9a07cde1d971d7f01258,25/06/2023 21:14:54,ESCANER
10077,"Totonicapán",8,"San Francisco El Alto",3,1304,380,17,34,73,20,62,5,2,2,10,7,10,4,0,246,16,10,272,0,272,0,380,108,246,272,272,,1,88b2b16ca5f5a1198a46266e812afdd3652133de9b1e0000f9f23221c11eb8b4,25/06/2023 23:54:19,ESCANER
10078,"Totonicapán",8,"San Francisco El Alto",3,1304,380,12,43,75,21,66,6,4,4,12,5,7,1,0,256,21,2,279,0,279,0,380,101,256,279,279,,1,968fb159911b772fff2dec7a2b64a5d1f1a1f85a9f5f5e4334a010b361894563,26/06/2023 00:52:04,ESCANER
10079,"Totonicapán",8,"San Francisco El Alto",3,1304,380,16,39,66,18,64,2,6,3,7,2,13,4,0,240,19,5,264,0,264,0,380,116,240,264,264,,1,e00df1c71c06d7bf17d6642688ab165ecf66ad804112d5e60ed3f565c373b984,26/06/2023 00:14:58,ESCANER
10080,"Totonicapán",8,"San Francisco El Alto",3,1304,380,14,48,67,17,58,2,1,2,10,0,12,2,1,234,17,11,262,0,262,0,380,118,234,262,262,,1,2da40d59de9913ec0e3cb9fa00b4eb2fc454e44b078892e48b62e4170c5ac07f,25/06/2023 23:20:07,ESCANER
10081,"Totonicapán",8,"San Francisco El Alto",3,1304,380,14,40,71,22,49,4,2,3,10,2,14,2,0,233,12,5,250,0,250,0,380,130,233,250,250,,1,4a1285aab0e3cfe3c0925cb4b80e3f8ad9862e680b0bb8cb7193e9dd9c5e6330,26/06/2023 00:48:53,ESCANER
10082,"Totonicapán",8,"San Francisco El Alto",3,1304,380,13,40,69,13,42,4,5,2,20,1,13,0,0,222,5,1,228,0,228,0,380,152,222,228,228,,1,25bd61654f35c7c75111b1b24cab614c6b3e5404221be1f4ff33eb36a3c8c328,26/06/2023 00:21:28,ESCANER
10083,"Totonicapán",8,"San Francisco El Alto",3,1304,247,2,32,35,12,29,2,1,1,10,2,2,0,0,128,3,2,133,0,133,0,247,114,128,133,133,,1,b72df88418fc52fdd0a6324031cd8db9d3fdb3a71a7a60b4323445faf65f4071,25/06/2023 22:16:24,ESCANER
10084,"Totonicapán",8,"San Francisco El Alto",3,1304,246,5,24,47,10,42,2,0,1,7,1,6,1,0,146,2,3,151,0,151,0,246,95,146,151,151,,1,f90febe86d415ad32546b6c117d1b5677eb45d2a6ea3650697104488c82ad217,25/06/2023 23:38:18,ESCANER
10085,"Totonicapán",8,"San Francisco El Alto",3,1305,380,3,8,95,39,41,4,2,0,2,6,6,1,0,207,18,8,233,0,233,0,380,147,207,233,233,,1,64f68e3577b22c2457462bba23c76613a7692388eac0c9d8e2d21d2ca8ac96ba,26/06/2023 00:10:45,ESCANER
10086,"Totonicapán",8,"San Francisco El Alto",3,1305,380,3,12,101,38,46,0,2,3,0,1,5,1,1,213,13,10,236,0,236,0,380,144,213,236,236,,1,d0641647e536b676c659d4391de86ae11a3eea22e66ec73647df20b7534d148b,25/06/2023 22:26:13,ESCANER
10087,"Totonicapán",8,"San Francisco El Alto",3,1305,380,8,11,87,28,44,1,0,2,0,3,1,3,0,188,18,14,220,0,188,--,380,160,188,220,220,Sumas Asentadas sin cuadrar,1,969a740159617bcf62ffd4f018e92f00be913e0dd8fb70903f59ea2808be018a,26/06/2023 01:22:27,ESCANER
10088,"Totonicapán",8,"San Francisco El Alto",3,1305,380,2,9,103,22,50,2,3,0,3,7,5,0,0,206,22,11,239,0,239,0,378,139,206,239,239,,1,0a9df42173a3ddc2a6591b09be0b9474a2ca570892b83b2beec26a06f70d5b61,26/06/2023 00:48:01,ESCANER
10089,"Totonicapán",8,"San Francisco El Alto",3,1305,380,0,13,115,34,35,3,2,1,2,1,5,0,0,211,15,7,233,0,380,0,380,147,211,233,233,Sumas Asentadas sin cuadrar,1,a3152d55f871af968742c15f97d73068f20da796bbc64741aabc0a0a6acaac6a,25/06/2023 23:19:20,ESCANER
10090,"Totonicapán",8,"San Francisco El Alto",3,1305,340,1,6,94,35,30,2,2,1,0,0,5,1,0,180,0,1,181,0,181,0,337,156,177,178,178,Sumas Asentadas sin cuadrar,1,f8f9950a512bd2ac74492bbe5d3f2b6dba5a72dc9f1c4cbc6350dee505470959,25/06/2023 22:53:50,ESCANER
10091,"Totonicapán",8,"San Francisco El Alto",3,1305,340,3,8,85,22,32,0,2,2,0,1,4,0,0,159,3,2,164,0,164,--,340,176,159,164,164,Algún campo sin dato,1,05f6b7f487a62c37ae2278dc26572f43e309a506242d7f9f68d9dfff729d271f,26/06/2023 01:13:05,ESCANER
10092,"Totonicapán",8,"San Francisco El Alto",3,1306,600,14,8,34,13,51,3,2,0,1,3,2,2,1,134,13,4,151,0,151,0,600,449,134,151,151,,1,4f44dbd8d240697bc27795d427b957636ddb1c58417052aa0f141922fa8349a4,25/06/2023 23:36:39,ESCANER
10093,"Totonicapán",8,"San Francisco El Alto",3,1306,398,13,10,23,31,32,3,1,1,2,3,1,2,2,124,3,3,130,0,130,0,398,268,124,130,130,,1,44496c2b97810a9496642774af4184875880bb3ef31ffe7da325bcf3eb42f8a1,25/06/2023 23:45:46,ESCANER
10094,"Totonicapán",8,"San Francisco El Alto",3,1306,397,3,3,10,3,10,0,2,0,1,0,1,0,0,33,1,2,36,0,36,0,397,361,33,36,36,,1,c826e46748bc4b10f6b6e1bf06506ee47ca03388f86eb1d387d2f5fa8b4a4d5f,25/06/2023 20:21:48,ESCANER