﻿TIPO_DE_ELECCIÓN:,CORPORACIÓN MUNICIPAL
28 junio 2023 21:35 (UTC -6)
ACTAS_ESPERADAS,ACTAS_CAPTURADAS,PORCENTAJE_ACTAS_CAPTURADAS,ACTAS_CONTABILIZADAS,PORCENTAJE_ACTAS_CONTABILIZADAS,ACTAS_NO_CONTABILIZADAS,LISTA_NOMINAL_ACTAS_CONTABILIZADAS,VOTOS_EMITIDOS_CONTABILIZADAS,PORCENTAJE_PARTICIPACIÓN_CIUDADANA
73,73,100.0000,72,98.6301,1,26289,16750,63.7148

MESA,DEPARTAMENTO,ID_DEPARTAMENTO,MUNICIPIO,ID_MUNICIPIO,CENTRO_DE_VOTACIÓN,PADRÓN,TODOS,CAMBIO,MORENA,VAMOS,PIN,RENOVADOR,VALOR,AZUL,UNE,FCN-NACION,PODEMOS,UC,VÁLIDOS,NULOS,BLANCO,EMITIDOS,INVÁLIDOS,TOTAL,IMPUGNACIONES,PAPELETAS-RECIBIDAS,PAPELETAS-NO-USADAS,VALIDOS_CALCULADO,EMITIDOS_CALCULADO,TOTAL_CALCULADO,OBSERVACIONES,CONTABILIZADA,CÓDIGO_INTEGRIDAD,FECHA_HORA_PUBLICACIÓN,DIGITALIZACIÓN
6897,"El Progreso",4,"San Agustín Acasaguastlán",3,754,400,3,9,7,36,4,128,81,1,3,1,2,2,277,14,5,296,0,296,--,400,104,277,296,296,Algún campo sin dato,1,d3efeae7e09d27c1447b90de9f13139fb83f9d1125a2325430c389e761be47fa,26/06/2023 00:37:02,ESCANER
6898,"El Progreso",4,"San Agustín Acasaguastlán",3,754,400,5,7,11,34,4,133,86,1,4,1,2,0,288,16,2,306,0,306,--,--,--,288,306,306,Algún campo sin dato,1,e80fdfa6e81144116a9363de3b2d53582c108845b1db2facd617395e00b3cc9c,26/06/2023 01:52:21,ESCANER
6899,"El Progreso",4,"San Agustín Acasaguastlán",3,754,400,4,5,9,37,3,116,82,4,8,0,4,0,272,16,4,292,0,292,--,400,108,272,292,292,Algún campo sin dato,1,293369fa7cba93141f42cc3769f43e9b21a21311803311a11206aa42cc816ae3,26/06/2023 03:03:11,ESCANER
6900,"El Progreso",4,"San Agustín Acasaguastlán",3,754,400,2,14,3,24,0,139,96,1,8,1,7,0,295,15,3,313,0,313,--,380,67,295,313,313,Algún campo sin dato,1,a22cc273fc25f238683922ba2cade75afb3f495555ccdee73b5b86fa8c15546d,26/06/2023 02:37:25,ESCANER
6901,"El Progreso",4,"San Agustín Acasaguastlán",3,754,400,1,4,3,29,0,156,78,0,7,1,3,0,282,11,2,295,0,295,--,400,105,282,295,295,Algún campo sin dato,1,01c5c91a0a9610680d1c6b5e5b65fba2341cccba4fd1389fd8b96a88a605c148,26/06/2023 00:31:43,ESCANER
6902,"El Progreso",4,"San Agustín Acasaguastlán",3,754,400,1,7,4,32,1,136,70,0,3,0,3,0,257,7,1,265,0,265,--,380,115,257,265,265,Algún campo sin dato,1,b9e61e417fb9cc4008d5989740c86992bb8d3df389f029e618add56340585493,26/06/2023 01:14:35,ESCANER
6903,"El Progreso",4,"San Agustín Acasaguastlán",3,754,400,1,9,6,31,2,127,73,1,5,1,5,0,261,6,1,268,0,268,--,400,132,261,268,268,Algún campo sin dato,1,fe24ec488762edcf0e6e30ac3323f8dcaf8a900b1f66270466c2f9ada1466a0e,26/06/2023 01:39:32,ESCANER
6904,"El Progreso",4,"San Agustín Acasaguastlán",3,754,400,1,6,8,32,3,140,87,2,4,1,3,0,287,5,1,293,0,293,--,380,87,287,293,293,Algún campo sin dato,1,700ca3a12e768d1ef7e0b86f533457d7fffe05f028fe92fa6a3d0a7175ae53a6,26/06/2023 01:43:53,ESCANER
6905,"El Progreso",4,"San Agustín Acasaguastlán",3,754,400,4,9,3,43,6,113,71,1,5,0,5,0,260,18,3,281,0,281,--,400,119,260,281,281,Algún campo sin dato,1,cc4945025aa1901141d45d48a5a47fa7d943a5e11bb7e654bf41428376f25da5,25/06/2023 23:42:16,ESCANER
6906,"El Progreso",4,"San Agustín Acasaguastlán",3,754,400,1,10,5,34,2,122,95,3,3,0,6,1,282,9,0,291,0,291,--,400,109,282,291,291,Algún campo sin dato,1,e529e3b7ff6ef825b5b7f72fa05d82d9dca50244645eeed7c86d4f703bfcff0c,26/06/2023 00:48:44,ESCANER
6907,"El Progreso",4,"San Agustín Acasaguastlán",3,754,400,2,7,6,26,1,107,83,2,7,2,6,0,249,11,5,265,0,265,1,400,135,249,265,265,,1,a2ccca6d5d9e77a560b90775558a136ca7161db1b8427b3d944d4f7fc0d620c8,26/06/2023 02:07:16,ESCANER
6908,"El Progreso",4,"San Agustín Acasaguastlán",3,754,400,4,6,6,16,1,128,97,1,5,1,1,1,267,3,0,270,0,270,--,380,110,267,270,270,Algún campo sin dato,1,75c178ea567bb12bf42b6fdc3b3e76878603076e525b9edea61a886377c27c13,26/06/2023 00:08:48,ESCANER
6909,"El Progreso",4,"San Agustín Acasaguastlán",3,754,400,0,7,2,30,2,131,79,2,3,0,5,1,262,2,0,264,0,264,--,400,136,262,264,264,Algún campo sin dato,1,3b2aa7fc316fa1b0b860d5e8efe859d778e7da99e94b318cfa16a46ae7d497d5,25/06/2023 23:27:27,ESCANER
6910,"El Progreso",4,"San Agustín Acasaguastlán",3,754,400,2,11,6,34,4,140,81,0,5,0,1,1,285,0,0,285,0,285,--,379,94,285,285,285,Algún campo sin dato,1,4d416bed4e8cb258faebdb18797604dc2626d847216fcaba21b776facdfe8ac8,26/06/2023 01:38:17,ESCANER
6911,"El Progreso",4,"San Agustín Acasaguastlán",3,754,206,0,2,0,15,0,68,58,1,3,0,0,0,147,0,0,147,0,147,--,206,59,147,147,147,Algún campo sin dato,1,4e452896d61a350cd3e44ddd648de0a5ed0ac3ef9b1d50025d15b43223c1cb0f,25/06/2023 23:17:35,ESCANER
6912,"El Progreso",4,"San Agustín Acasaguastlán",3,754,206,0,6,1,11,0,52,46,3,3,0,0,1,123,3,0,126,0,126,--,206,80,123,126,126,Algún campo sin dato,1,0acc4decf015b1cdd046dd4fa6b6e66ad6a08a4fb560ca5dcf762521b6b394f8,25/06/2023 21:28:48,ESCANER
6913,"El Progreso",4,"San Agustín Acasaguastlán",3,755,400,1,8,5,117,10,57,52,2,9,1,4,2,268,40,2,310,0,310,--,400,90,268,310,310,Algún campo sin dato,1,0e410de4a02df49a45e5f685aa97ef130b6b06fd4c43d4c91c3881be46d946fa,26/06/2023 04:22:55,ESCANER
6914,"El Progreso",4,"San Agustín Acasaguastlán",3,755,400,0,11,3,112,1,57,51,1,4,2,4,1,247,23,3,273,1,274,--,380,106,247,273,274,Algún campo sin dato,1,e0db42d2a696bc6eb61be241e4fefc5c9e5c0e72f334fd8b58061f09d5256383,26/06/2023 00:04:16,ESCANER
6915,"El Progreso",4,"San Agustín Acasaguastlán",3,755,394,2,13,2,108,8,55,51,0,9,2,1,2,253,16,5,274,0,274,--,395,121,253,274,274,Algún campo sin dato,1,153e17968bf0f9b604cf988d1dc070892732a0c98ded13e517a88982311c4c9a,26/06/2023 00:29:10,ESCANER
6916,"El Progreso",4,"San Agustín Acasaguastlán",3,755,394,0,9,2,101,3,34,51,0,5,0,1,0,206,12,0,218,0,218,--,396,178,206,218,218,Algún campo sin dato,1,7098b3d5993feb53d57f21338b50714f39d9aa5afe7fe4db5a2eb31307189825,26/06/2023 00:12:00,ESCANER
6917,"El Progreso",4,"San Agustín Acasaguastlán",3,756,294,8,3,5,43,4,31,73,3,14,4,3,2,193,8,2,203,2,205,--,294,89,193,203,205,Algún campo sin dato,1,dbadafdf0684639772a1fe1b4f7e87a2fb03a7773170f3a51330e7f772929855,26/06/2023 01:00:59,ESCANER
6918,"El Progreso",4,"San Agustín Acasaguastlán",3,756,294,4,4,2,57,2,27,79,0,9,2,4,2,192,3,0,195,0,195,--,294,99,192,195,195,Algún campo sin dato,1,811f097fe34219c8f13bc2a23fd9238b15fc97f3ca18a8af7f592bb07d0f6c8e,26/06/2023 00:15:09,ESCANER
6919,"El Progreso",4,"San Agustín Acasaguastlán",3,757,270,2,2,1,24,0,51,98,3,5,0,0,0,186,6,2,194,0,194,--,270,76,186,194,194,Algún campo sin dato,1,1b336772a8deb59d8314824781a550c9bd85f2ee4023ff81e5c63b45e4120bfa,25/06/2023 23:03:01,ESCANER
6920,"El Progreso",4,"San Agustín Acasaguastlán",3,757,270,0,1,3,20,0,50,114,4,4,0,0,1,197,11,2,210,0,210,--,270,60,197,210,210,Algún campo sin dato,1,0692565b52af2f8d5dab7e4728b16558e9382116b487ae6efc52f06315ee4ccd,25/06/2023 22:00:23,ESCANER
6921,"El Progreso",4,"San Agustín Acasaguastlán",3,758,380,3,24,5,158,1,28,53,1,3,0,2,0,278,15,5,298,0,298,--,380,67,278,298,298,Algún campo sin dato,1,12477f66c3e42e9f8eb5ab872838674364d2ba49bbb235cf977772f6b0860f74,26/06/2023 01:30:49,ESCANER
6922,"El Progreso",4,"San Agustín Acasaguastlán",3,758,380,7,23,6,145,1,23,53,4,6,1,1,0,270,30,5,305,0,305,--,400,95,270,305,305,Algún campo sin dato,1,332835c6b7cf546b01740509765948bde7712f8c3a3a2c71a19f39da37cd3c94,25/06/2023 23:39:46,ESCANER
6923,"El Progreso",4,"San Agustín Acasaguastlán",3,758,380,2,24,5,153,1,34,57,5,3,0,2,0,286,14,2,302,0,302,--,380,78,286,302,302,Algún campo sin dato,1,68af6e2cd4058e6c81c6bf177e62a7bc5c565f26c2eac22d36e591e9b2b61a81,25/06/2023 23:33:02,ESCANER
6924,"El Progreso",4,"San Agustín Acasaguastlán",3,758,380,6,24,3,144,0,18,71,5,3,1,4,1,280,19,2,301,0,301,--,400,99,280,301,301,Algún campo sin dato,1,87de15199e93274870e5bb65ae2db8258de7c12e23f796bfc6bf32571ebbf936,26/06/2023 00:04:30,ESCANER
6925,"El Progreso",4,"San Agustín Acasaguastlán",3,758,380,3,27,3,152,0,19,69,1,3,2,2,0,281,9,0,290,--,--,--,380,90,281,290,290,Algún campo sin dato,1,a838940bdfefc3252d9983cb361caba3afb006cfb7b80626d234b140dde4eb84,26/06/2023 02:29:04,ESCANER
6926,"El Progreso",4,"San Agustín Acasaguastlán",3,758,380,--,--,--,--,--,--,--,--,--,--,--,--,--,--,--,--,--,--,--,--,--,,,,Acta en Blanco,0,81d7d8ae4e91a35d0a59eccf887b33922404c4445e4022421c0b720531629c22,26/06/2023 04:45:32,ESCANER
6927,"El Progreso",4,"San Agustín Acasaguastlán",3,758,380,8,24,4,144,0,14,66,0,2,0,0,1,263,11,4,278,--,--,--,380,102,263,278,278,Algún campo sin dato,1,662d3730e7149d6d7bedcdf4862b94e9e119f232d8c6df844b2912a2cb495a6a,25/06/2023 23:05:25,ESCANER
6928,"El Progreso",4,"San Agustín Acasaguastlán",3,758,380,9,12,3,159,1,21,55,1,2,1,0,0,264,5,2,271,--,--,--,400,129,264,271,271,Algún campo sin dato,1,97fae59f0f7b1e544928100078814227b932a24b503d7c582f6e9118fc1f1e40,26/06/2023 00:38:07,ESCANER
6929,"El Progreso",4,"San Agustín Acasaguastlán",3,758,380,6,25,1,150,0,16,45,2,1,0,1,1,248,13,2,263,0,263,--,380,117,248,263,263,Algún campo sin dato,1,39ee5e4ba3ddd17191a8cf8f0f8c1c247e267cec7b70ce6d9b9d232e565585d8,26/06/2023 00:43:29,ESCANER
6930,"El Progreso",4,"San Agustín Acasaguastlán",3,758,380,8,15,1,151,0,17,56,1,2,0,3,0,254,18,6,278,0,278,--,400,122,254,278,278,Algún campo sin dato,1,05b1f234eca899947300e158a3db98f1555caf8699f2e64bea79186d410142aa,26/06/2023 01:38:34,ESCANER
6931,"El Progreso",4,"San Agustín Acasaguastlán",3,758,380,2,16,1,149,1,21,64,2,1,0,0,0,257,1,4,262,11,273,0,380,107,257,262,273,,1,b70b74a9189f60f62766a21ae4eca2dc5d19e5a9ee3291159c7c6e06f6288fef,26/06/2023 04:03:28,ESCANER
6932,"El Progreso",4,"San Agustín Acasaguastlán",3,758,380,7,17,2,148,0,17,59,3,2,0,1,0,276,19,1,276,0,276,--,400,124,256,276,276,Sumas Asentadas sin cuadrar,1,f65fabd658370ebe05c7f9cc6ce1e452051029aca51394eb374b0d60e2025a0c,26/06/2023 02:14:03,ESCANER
6933,"El Progreso",4,"San Agustín Acasaguastlán",3,758,380,5,17,2,130,1,19,62,2,1,0,1,0,240,5,3,248,0,248,--,377,129,240,248,248,Algún campo sin dato,1,b9d87fed91bc9452c7929100949d59ee39b2285a3f1a54e6432d5b1253438beb,26/06/2023 00:54:06,ESCANER
6934,"El Progreso",4,"San Agustín Acasaguastlán",3,758,380,7,11,4,134,0,26,89,0,0,1,2,0,274,4,1,279,0,279,0,400,121,274,279,279,,1,82951548b566cbcd8a331581e5a80466a603b48a816af8c8aee03a267ac2527b,26/06/2023 01:46:29,ESCANER
6935,"El Progreso",4,"San Agustín Acasaguastlán",3,758,380,10,15,3,166,1,24,69,1,0,0,0,0,289,2,2,293,0,293,--,380,87,289,293,293,Algún campo sin dato,1,e7917764f18b36b96c79119ede1c0f148236360f404cd4bd68233dcb4174e693,26/06/2023 02:41:57,ESCANER
6936,"El Progreso",4,"San Agustín Acasaguastlán",3,758,314,8,13,6,128,0,19,54,0,1,0,0,0,229,6,0,235,0,235,--,314,79,229,235,235,Algún campo sin dato,1,96b8dff3851791de12c91909152f85ae63e6fbdef5df728fa03500f2ce3fff9e,26/06/2023 02:09:13,ESCANER
6937,"El Progreso",4,"San Agustín Acasaguastlán",3,758,313,8,12,2,97,0,19,51,1,1,0,2,0,193,5,1,199,0,199,--,313,114,193,199,199,Algún campo sin dato,1,7a66abfa7d26a55ce77dd02b1d89138edc459f396a1ec7394cf86e6a534f65e4,26/06/2023 01:54:05,ESCANER
6938,"El Progreso",4,"San Agustín Acasaguastlán",3,759,380,4,3,1,69,3,47,60,3,17,2,1,7,217,26,7,250,0,250,--,400,150,217,250,250,Algún campo sin dato,1,ac359fcb2f9d38a2d9e2d7331c2b4ab37fe1b17cd307fa55d5b179706f6ae831,26/06/2023 01:07:28,ESCANER
6939,"El Progreso",4,"San Agustín Acasaguastlán",3,759,380,14,2,2,59,1,41,58,6,18,3,2,6,212,22,5,239,0,239,--,380,141,212,239,239,Algún campo sin dato,1,401c21d439b48ca61adbc154dbe87f4acd82407af59c219d409142e4f4835768,25/06/2023 23:39:37,ESCANER
6940,"El Progreso",4,"San Agustín Acasaguastlán",3,759,380,5,1,2,62,0,52,44,8,16,1,4,12,207,25,5,237,0,237,--,380,143,207,237,237,Algún campo sin dato,1,decb721c03c2640a29875a994a2586665c4e51cb5b2e091fa8f20f21c9481f11,26/06/2023 00:01:55,ESCANER
6941,"El Progreso",4,"San Agustín Acasaguastlán",3,760,380,4,0,1,54,0,55,48,5,8,0,1,12,188,26,9,223,0,223,--,380,157,188,223,223,Algún campo sin dato,1,61b48d907721207f8cecdf6fa31e178ae9be4a9514d7ae8959f342e6f5b1e511,26/06/2023 01:51:34,ESCANER
6942,"El Progreso",4,"San Agustín Acasaguastlán",3,760,380,5,8,3,68,1,37,67,8,11,1,3,6,218,35,9,262,0,262,--,380,118,218,262,262,Algún campo sin dato,1,ab2caf6bdf72d54270e371af2311e76958dbffb2d1771659ad96439cfbe6db6d,26/06/2023 00:26:23,ESCANER
6943,"El Progreso",4,"San Agustín Acasaguastlán",3,760,380,5,0,2,57,1,51,47,2,16,1,1,16,199,35,11,245,0,245,--,380,135,199,245,245,Algún campo sin dato,1,81d846610fe0a8046fe1ea45740bfed33b4a926aa2de109c7203d45ceb0d608f,26/06/2023 02:32:59,ESCANER
6944,"El Progreso",4,"San Agustín Acasaguastlán",3,760,380,3,4,1,57,0,51,40,2,8,0,0,10,176,27,3,206,0,206,--,380,174,176,206,206,Algún campo sin dato,1,6ab441115995d93ce2e23d1ac1169a63a50d515de2b51218fd4fbf7e20a3cef7,25/06/2023 23:13:09,ESCANER
6945,"El Progreso",4,"San Agustín Acasaguastlán",3,760,380,4,4,6,42,3,58,36,5,9,0,0,10,177,26,5,208,0,208,--,380,172,177,208,208,Algún campo sin dato,1,492cc8a1a36c88379759b2d4b76af065a6e2828d5e180d117d496afeab391cb7,26/06/2023 02:07:49,ESCANER
6946,"El Progreso",4,"San Agustín Acasaguastlán",3,760,380,7,3,0,52,0,41,43,2,15,1,0,7,171,33,7,211,0,211,--,380,169,171,211,211,Algún campo sin dato,1,6156b92154407fd35b58b5cc459b3c062c608b3f5c5f0b91a5c28aebebcbc93e,25/06/2023 23:34:26,ESCANER
6947,"El Progreso",4,"San Agustín Acasaguastlán",3,760,380,5,3,3,52,0,42,40,6,11,1,1,8,172,15,8,195,0,195,--,380,185,172,195,195,Algún campo sin dato,1,bb03bf2b941714c6689edb6997f4c5dd65b2afd1a542b41eb051f3d81947327a,26/06/2023 01:02:28,ESCANER
6948,"El Progreso",4,"San Agustín Acasaguastlán",3,760,380,3,4,0,47,0,35,39,9,8,1,1,8,155,21,4,180,0,180,--,380,200,155,180,180,Algún campo sin dato,1,1d5fe62302cb0859f74cc5bc3ae56d850a799e3ccc950f35f5314e7047fe32ca,25/06/2023 23:58:02,ESCANER
6949,"El Progreso",4,"San Agustín Acasaguastlán",3,760,380,8,1,1,60,0,33,41,7,4,0,1,5,161,10,4,175,0,175,--,380,205,161,175,175,Algún campo sin dato,1,94b1b768308fbd01107f96192340775cb556e6fa8eaba0a69b5f90c94aa32396,26/06/2023 01:59:30,ESCANER
6950,"El Progreso",4,"San Agustín Acasaguastlán",3,760,380,2,1,0,56,0,45,48,1,3,1,0,11,168,8,1,177,0,177,--,380,203,168,177,177,Algún campo sin dato,1,355ccbd9650ae2b123196c62fcba78a7c7f5feb284bea47d1d55b6403474fdc1,26/06/2023 01:40:57,ESCANER
6951,"El Progreso",4,"San Agustín Acasaguastlán",3,760,226,1,2,0,31,1,30,27,4,2,0,0,10,108,6,1,115,0,115,--,223,108,108,115,115,Algún campo sin dato,1,90ecefcb5962e30c66f86d7efa4b826ad029007d0ede7f4577144a914f1baf97,25/06/2023 23:43:46,ESCANER
6952,"El Progreso",4,"San Agustín Acasaguastlán",3,760,225,2,1,1,28,0,27,21,3,2,0,2,4,91,9,4,104,0,104,--,225,121,91,104,104,Algún campo sin dato,1,f91da9b12b975f2eeaf37983774c7a8ea9da04c5d046f6c8ea5d423b8a2821ea,26/06/2023 00:32:59,ESCANER
6953,"El Progreso",4,"San Agustín Acasaguastlán",3,761,380,4,10,51,67,1,33,37,3,4,1,9,1,221,13,3,237,0,237,--,380,143,221,237,237,Algún campo sin dato,1,738c9a8489ad102d5deed83dd7b85a960819cd3cb90daac482972bd852f2e646,25/06/2023 22:52:05,ESCANER
6954,"El Progreso",4,"San Agustín Acasaguastlán",3,761,380,2,9,48,53,1,35,46,0,6,0,6,1,207,17,7,231,0,231,--,381,150,207,231,231,Algún campo sin dato,1,71b806c1fbb984c8240b74045d223fad308eee9bfbe2b6eab118602569d15fe2,25/06/2023 23:40:16,ESCANER
6955,"El Progreso",4,"San Agustín Acasaguastlán",3,761,380,6,13,28,65,1,36,59,3,2,1,3,0,217,30,3,250,0,250,--,380,130,217,250,250,Algún campo sin dato,1,5628808ac6a389753adc22736760a76397d0cd4859d820e320c18c7443d98b57,26/06/2023 00:58:07,ESCANER
6956,"El Progreso",4,"San Agustín Acasaguastlán",3,761,380,1,6,46,66,2,27,48,1,4,0,5,0,206,17,7,230,0,230,--,--,--,206,230,230,Algún campo sin dato,1,a22a1141f454e842c97a4395ca923cdf67c042539f3786b6ec9eec39fd6b12a4,25/06/2023 23:50:34,ESCANER
6957,"El Progreso",4,"San Agustín Acasaguastlán",3,761,380,1,17,44,53,1,36,63,--,9,--,8,1,233,19,3,255,0,255,--,380,125,233,255,255,Algún campo sin dato,1,7ab896f97d7c19e14145ef70298f9d5868a807da03e20b59bc96f32cd61e876b,26/06/2023 02:24:58,ESCANER
6958,"El Progreso",4,"San Agustín Acasaguastlán",3,761,380,4,13,32,55,1,24,44,0,1,0,8,0,182,12,2,196,0,196,--,380,184,182,196,196,Algún campo sin dato,1,b4c5ff9e9df10b68e191b1cbb28a4beb329bd73604a1915946287e395a9eb994,26/06/2023 00:41:12,ESCANER
6959,"El Progreso",4,"San Agustín Acasaguastlán",3,761,380,0,16,47,55,1,28,36,0,10,1,9,0,203,18,5,226,0,226,--,380,154,203,226,226,Algún campo sin dato,1,851c8f299062ab77b7e0f0c378444659b9b6c10242a80b5b34b812c2dceb081c,26/06/2023 00:49:36,ESCANER
6960,"El Progreso",4,"San Agustín Acasaguastlán",3,761,380,2,13,56,58,0,33,45,1,4,2,6,0,220,15,8,243,0,243,--,380,137,220,243,243,Algún campo sin dato,1,4e1306ff88c6820db090d018855b392d57f2eaa0a35f9bbf584acf9d36c25666,26/06/2023 01:59:40,ESCANER
6961,"El Progreso",4,"San Agustín Acasaguastlán",3,761,380,4,9,61,36,0,34,43,0,7,2,7,1,204,9,8,221,0,221,--,380,159,204,221,221,Algún campo sin dato,1,8d94198453069d199fbddf4bc34841e38e44832551ca750356a540595b75696b,26/06/2023 00:20:06,ESCANER
6962,"El Progreso",4,"San Agustín Acasaguastlán",3,761,380,2,8,55,35,0,24,40,0,1,2,3,0,170,15,2,187,0,187,--,380,193,170,187,187,Algún campo sin dato,1,a140281da5fa0b748ecf80c57b6276a1d1b9f603c0d0afb687c7615cd5b7fee6,25/06/2023 23:15:51,ESCANER
6963,"El Progreso",4,"San Agustín Acasaguastlán",3,761,380,4,20,36,38,1,18,50,0,3,0,2,1,173,12,3,188,0,188,--,380,192,173,188,188,Algún campo sin dato,1,4f6d6f208055c6e7a5077bd4038fdf86c766a0e19af4f4d7b6ae52c7ba9a8ca1,25/06/2023 23:32:28,ESCANER
6964,"El Progreso",4,"San Agustín Acasaguastlán",3,761,380,4,12,44,55,1,31,57,0,4,0,6,0,214,4,2,220,0,220,--,380,160,214,220,220,Algún campo sin dato,1,0e1e7af9c91d36b9aa1be3297a6fb9a68c4e6881f370cebc7b69ae44e9afeaff,26/06/2023 01:12:37,ESCANER
6965,"El Progreso",4,"San Agustín Acasaguastlán",3,761,227,2,4,27,35,0,18,26,0,1,0,2,0,115,6,2,123,0,123,--,227,104,115,123,123,Algún campo sin dato,1,b4547a2383f38269cb4ff4d0c347475985828092537bec0b49cd7ea7ce00fa89,25/06/2023 22:35:17,ESCANER
6966,"El Progreso",4,"San Agustín Acasaguastlán",3,761,227,2,5,20,20,0,21,26,0,1,0,0,0,95,5,1,101,0,101,--,227,126,95,101,101,Algún campo sin dato,1,f2913f88e9af0bfe7576e3aa1c2815417738e251b6cc8d573475539488652678,25/06/2023 22:43:19,ESCANER
6967,"El Progreso",4,"San Agustín Acasaguastlán",3,762,600,5,4,9,25,3,62,47,1,6,0,3,2,167,17,6,190,0,190,--,603,413,167,190,190,Algún campo sin dato,1,0c6fee41892d2a4dc63e8ffa2ca0aa18b4b5931bf92e0bc053f954267ec5cd1c,25/06/2023 23:08:55,ESCANER
6968,"El Progreso",4,"San Agustín Acasaguastlán",3,762,305,1,5,1,8,1,24,23,3,3,0,2,0,71,8,0,79,0,79,--,305,226,71,79,79,Algún campo sin dato,1,e3154b8a4baaaff1f6981ac104141ca3ca725d2a256b4c4106ad924832c02a5d,25/06/2023 21:59:53,ESCANER
6969,"El Progreso",4,"San Agustín Acasaguastlán",3,762,304,1,3,3,7,0,13,6,0,1,0,0,0,34,0,0,34,0,34,--,304,270,34,34,34,Algún campo sin dato,1,e270adda6f43d84087bef97b8c219237274359d1a837ecb3ac651605c4cc3c2b,25/06/2023 21:31:01,ESCANER