﻿TIPO_DE_ELECCIÓN:,CORPORACIÓN MUNICIPAL
28 junio 2023 21:35 (UTC -6)
ACTAS_ESPERADAS,ACTAS_CAPTURADAS,PORCENTAJE_ACTAS_CAPTURADAS,ACTAS_CONTABILIZADAS,PORCENTAJE_ACTAS_CONTABILIZADAS,ACTAS_NO_CONTABILIZADAS,LISTA_NOMINAL_ACTAS_CONTABILIZADAS,VOTOS_EMITIDOS_CONTABILIZADAS,PORCENTAJE_PARTICIPACIÓN_CIUDADANA
48,48,100.0000,48,100.0000,0,19012,12018,63.2127

MESA,DEPARTAMENTO,ID_DEPARTAMENTO,MUNICIPIO,ID_MUNICIPIO,CENTRO_DE_VOTACIÓN,PADRÓN,VAMOS,PPN,UNE,CABAL,LIBRE CIUDAD VIEJA,WINAQ,MI FAMILIA,VIVA,AZUL,CREO,VÁLIDOS,NULOS,BLANCO,EMITIDOS,INVÁLIDOS,TOTAL,IMPUGNACIONES,PAPELETAS-RECIBIDAS,PAPELETAS-NO-USADAS,VALIDOS_CALCULADO,EMITIDOS_CALCULADO,TOTAL_CALCULADO,OBSERVACIONES,CONTABILIZADA,CÓDIGO_INTEGRIDAD,FECHA_HORA_PUBLICACIÓN,DIGITALIZACIÓN
5760,"Sacatepéquez",2,"Ciudad Vieja",12,599,400,39,20,25,54,120,2,1,3,6,2,272,4,3,279,0,279,--,400,121,272,279,279,Algún campo sin dato,1,de9b69b7a3959ee9fdc8db919ce1753a7a99a15c9dda4c5207d4055ce6937a09,26/06/2023 00:12:05,ESCANER
5761,"Sacatepéquez",2,"Ciudad Vieja",12,599,400,37,24,33,59,96,3,1,3,6,0,262,10,3,275,0,275,--,400,125,262,275,275,Algún campo sin dato,1,ffa212c73df8bfc6ac7812fa319f471ef3c631f015cad1725b3d0cb71ec72297,26/06/2023 00:04:28,ESCANER
5762,"Sacatepéquez",2,"Ciudad Vieja",12,599,400,45,20,27,47,114,1,2,5,5,0,266,11,1,278,0,278,--,401,123,266,278,278,Algún campo sin dato,1,b74393c15ec25e725e0caa18d101c25a5fcfe19273fef9601fcc03da79e59128,26/06/2023 01:33:19,ESCANER
5763,"Sacatepéquez",2,"Ciudad Vieja",12,599,400,44,16,38,39,95,1,1,10,13,2,259,13,1,273,0,273,--,400,127,259,273,273,Algún campo sin dato,1,16d565373697ce882bc7c7e8efe204eea2bf5ee80f913e5d4b3f68d5cc59a3e2,26/06/2023 00:35:18,ESCANER
5764,"Sacatepéquez",2,"Ciudad Vieja",12,599,400,43,13,36,39,127,0,3,0,4,1,266,6,4,276,0,276,--,400,124,266,276,276,Algún campo sin dato,1,e28dc419b3f811325f63d5523f8a9bb3b609683d0800513a045abbc4441cfd4b,26/06/2023 01:10:36,ESCANER
5765,"Sacatepéquez",2,"Ciudad Vieja",12,599,400,49,14,29,33,118,1,5,4,11,1,265,12,2,279,0,279,--,400,121,265,279,279,Algún campo sin dato,1,b8c194ad3731c0e59681d44dd1c3db5c407eb6da1c0811f1047be64f741444aa,26/06/2023 00:49:09,ESCANER
5766,"Sacatepéquez",2,"Ciudad Vieja",12,599,400,36,18,34,51,104,3,3,2,8,3,262,14,0,276,0,276,--,400,124,262,276,276,Algún campo sin dato,1,a50046c2dd09e7b9d5e4ac56f35508d872b3ca1d725923d47f0da943b90fd994,26/06/2023 01:55:39,ESCANER
5767,"Sacatepéquez",2,"Ciudad Vieja",12,599,400,39,12,22,43,139,1,1,2,7,2,268,4,0,272,0,272,--,400,128,268,272,272,Algún campo sin dato,1,4c4e69628e253b3a8ec22eb20b493a29b942b7c5d38bffd82b5a13531e95b2f2,26/06/2023 00:20:23,ESCANER
5768,"Sacatepéquez",2,"Ciudad Vieja",12,599,400,43,18,34,42,115,4,1,5,2,1,265,7,1,273,0,273,--,400,127,265,273,273,Algún campo sin dato,1,f214ac311e9da80b3946e97b9d92827623c7c835bbd376261c99659f78f2a292,26/06/2023 01:58:37,ESCANER
5769,"Sacatepéquez",2,"Ciudad Vieja",12,599,400,40,15,28,54,125,1,0,3,5,0,271,7,2,280,0,280,--,400,120,271,280,280,Algún campo sin dato,1,f9bacc4fb6e74135099b108c6ceb1e281255de1424692762cd9cb4f636aa6d61,26/06/2023 01:44:04,ESCANER
5770,"Sacatepéquez",2,"Ciudad Vieja",12,599,400,40,17,26,52,120,1,0,3,8,0,267,2,3,272,0,272,--,400,128,267,272,272,Algún campo sin dato,1,75b213400954c079a6cfdafe7192cbe4f546d82ac269ff1998258ce2044f965f,26/06/2023 03:22:10,ESCANER
5771,"Sacatepéquez",2,"Ciudad Vieja",12,599,400,27,14,36,43,120,3,1,6,6,1,257,8,3,268,0,268,--,400,132,257,268,268,Algún campo sin dato,1,b849abca16895440e654c9ba5c025f9e316669921e0a767167d7e7fc3951e005,26/06/2023 00:39:57,ESCANER
5772,"Sacatepéquez",2,"Ciudad Vieja",12,599,400,30,11,23,48,132,1,2,3,4,0,254,5,0,259,0,259,--,400,141,254,259,259,Algún campo sin dato,1,e0a249e9e26df3a7c9830d4adbb9a36c96925f91f7b5a716f84f0f37ecd6a223,26/06/2023 00:19:15,ESCANER
5773,"Sacatepéquez",2,"Ciudad Vieja",12,600,400,42,14,29,52,109,5,0,3,4,1,259,8,2,269,0,269,--,400,131,259,269,269,Algún campo sin dato,1,130bba5c14c9d1011a99cfdc276b7d0b5da7d65f6981c5f3453ec2a845f83dca,26/06/2023 01:24:21,ESCANER
5774,"Sacatepéquez",2,"Ciudad Vieja",12,600,400,31,16,25,32,126,1,0,8,1,2,242,11,3,256,0,256,--,400,144,242,256,256,Algún campo sin dato,1,25131793f9a3ccdccb5d911bdb20d21026d7fc0e97f8d029b88188c0a7776864,25/06/2023 22:21:59,ESCANER
5775,"Sacatepéquez",2,"Ciudad Vieja",12,600,400,45,25,26,55,110,5,0,3,4,3,276,4,1,281,0,281,--,400,119,276,281,281,Algún campo sin dato,1,0a21d5d2c53398e52862519c05ffba4b72597ed3f30105060541cebed8833897,25/06/2023 23:48:33,ESCANER
5776,"Sacatepéquez",2,"Ciudad Vieja",12,600,400,42,20,23,37,130,3,1,5,8,0,269,8,0,277,0,277,--,400,123,269,277,277,Algún campo sin dato,1,5dd5431f4c81058548c31627a47e6a7d70fe83b22bb55509a89a271748df350d,25/06/2023 23:42:13,ESCANER
5777,"Sacatepéquez",2,"Ciudad Vieja",12,600,400,28,14,23,45,124,1,1,2,2,4,244,3,1,248,0,248,--,400,152,244,248,248,Algún campo sin dato,1,7b87886ead0ef994aa8f504871a4836d14d047bd83200811c000cea5f0fac9b7,26/06/2023 00:39:02,ESCANER
5778,"Sacatepéquez",2,"Ciudad Vieja",12,600,400,31,10,32,48,128,5,1,4,6,1,266,6,2,274,0,274,--,400,126,266,274,274,Algún campo sin dato,1,b71c2ceb319966e995b274c841cf482c442e5f73fd785cb0e888fc434304f45a,25/06/2023 23:56:36,ESCANER
5779,"Sacatepéquez",2,"Ciudad Vieja",12,600,400,35,11,31,45,122,4,2,3,7,1,261,3,4,268,2,270,--,400,130,261,268,270,Algún campo sin dato,1,257ea9c4a09459632f5761704ba1c6ad1eb754184b255ccca75c6ba0e7667dcf,26/06/2023 02:14:13,ESCANER
5780,"Sacatepéquez",2,"Ciudad Vieja",12,600,400,41,16,35,49,124,2,2,3,0,1,273,5,4,282,0,282,--,400,118,273,282,282,Algún campo sin dato,1,58b077f0a8c8eef7aa721683befe0323cf9eea94eb0a8f3faa5afef2320eec6a,26/06/2023 01:17:53,ESCANER
5781,"Sacatepéquez",2,"Ciudad Vieja",12,600,400,41,15,27,37,117,1,1,1,4,1,245,8,1,254,0,254,--,400,146,245,254,254,Algún campo sin dato,1,04c2e74a3230801ff16187a2fcbd72e4785e68318d3baca76b5e2054a1d3605e,25/06/2023 22:51:10,ESCANER
5782,"Sacatepéquez",2,"Ciudad Vieja",12,600,400,40,18,17,42,95,2,1,3,5,1,224,8,1,233,0,233,--,400,167,224,233,233,Algún campo sin dato,1,f5da7470d56782124e020924e80a5c279bea38f13b0aba8be33afe7fc0cc1948,26/06/2023 04:03:43,ESCANER
5783,"Sacatepéquez",2,"Ciudad Vieja",12,600,400,45,10,27,60,89,3,1,2,8,0,245,14,0,259,0,259,--,400,141,245,259,259,Algún campo sin dato,1,f5c13f25a05a9afa195b348bd81ac61a032c76ae3ebfa196349038e0044c3fed,26/06/2023 01:21:09,ESCANER
5784,"Sacatepéquez",2,"Ciudad Vieja",12,600,400,37,11,18,45,123,4,4,3,1,1,247,4,1,252,0,252,--,400,148,247,252,252,Algún campo sin dato,1,b3061a902dec625b38a133c20d7dc2bfca6731140166ae9729cc2c76d181c29c,26/06/2023 02:53:19,ESCANER
5785,"Sacatepéquez",2,"Ciudad Vieja",12,600,400,33,14,26,47,97,1,1,4,2,2,227,11,2,240,0,240,--,400,160,227,240,240,Algún campo sin dato,1,f5da56c518faaf8b5e035e29ef6699b5629f5a47d7724ca6f4e8c6546ea79787,25/06/2023 23:28:33,ESCANER
5786,"Sacatepéquez",2,"Ciudad Vieja",12,600,400,36,13,24,37,109,0,0,5,3,3,230,5,2,237,0,237,--,400,163,230,237,237,Algún campo sin dato,1,416f0f06b4c29e7a529d253c3aad0ac82dc341333e18168cdbb301ce625276a3,26/06/2023 02:39:22,ESCANER
5787,"Sacatepéquez",2,"Ciudad Vieja",12,600,400,34,14,26,29,122,3,3,2,2,1,236,7,0,243,0,243,--,400,157,236,243,243,Algún campo sin dato,1,731e7b6cc976b42a8a485ad63fce1a886024df5d85499c54f8e043f3ec602155,25/06/2023 23:36:21,ESCANER
5788,"Sacatepéquez",2,"Ciudad Vieja",12,600,400,39,11,18,35,119,10,0,3,7,1,243,1,2,246,0,246,--,400,154,243,246,246,Algún campo sin dato,1,9b97a9573b37574dd2ed178203e9335c4133e1700a42cf998454419c4a386a2f,26/06/2023 03:07:39,ESCANER
5789,"Sacatepéquez",2,"Ciudad Vieja",12,601,400,27,12,22,48,123,3,0,1,3,1,240,1,0,241,0,241,--,400,159,240,241,241,Algún campo sin dato,1,cda31aefaf83e4b265e0b3ffbd2b50802e15fd19f589bb03a3cd7ebcb3d7c2e7,26/06/2023 00:42:32,ESCANER
5790,"Sacatepéquez",2,"Ciudad Vieja",12,601,400,29,11,19,45,133,2,2,6,6,0,253,4,1,258,0,258,--,400,142,253,258,258,Algún campo sin dato,1,231ab86cdcf7813f1bbd7ead4cea2b129ecc70706060a9ab3e9f85fb511ffc17,26/06/2023 00:55:18,ESCANER
5791,"Sacatepéquez",2,"Ciudad Vieja",12,601,400,30,9,17,45,158,0,1,1,7,0,268,3,0,271,0,271,--,400,129,268,271,271,Algún campo sin dato,1,3fde1d1c3a13b72172c9b33d878e864dd33075223733a32a3b8f5b1c1d60c7ce,26/06/2023 00:58:19,ESCANER
5792,"Sacatepéquez",2,"Ciudad Vieja",12,601,400,33,7,17,45,126,1,1,3,2,0,235,1,0,236,0,236,--,400,164,235,236,236,Algún campo sin dato,1,a69ae9ef2d44bd331968f0e5bccc6f1867a06eafc36eb597a09b6c38924db102,26/06/2023 01:04:23,ESCANER
5793,"Sacatepéquez",2,"Ciudad Vieja",12,601,400,42,8,20,47,143,2,0,2,1,1,266,2,0,268,0,268,--,397,129,266,268,268,Algún campo sin dato,1,4226bf3d6a6ea856956af048a76b611b78f06fed3bd367b4ef2bddd4e169d009,26/06/2023 01:27:18,ESCANER
5794,"Sacatepéquez",2,"Ciudad Vieja",12,601,286,20,6,19,29,94,2,1,5,1,--,177,1,0,178,0,178,--,286,108,177,178,178,Algún campo sin dato,1,ea9ff2707ed4eb3b59642d8d405c362cfda9bb9b53b79b1894b896b4377dccb5,26/06/2023 00:34:52,ESCANER
5795,"Sacatepéquez",2,"Ciudad Vieja",12,601,286,19,5,14,38,75,0,0,5,1,0,157,4,2,163,0,163,--,286,123,157,163,163,Algún campo sin dato,1,136ab685ad4d7bb46f790d75a4518ff527b2b86fee6149ff0e4e0a96d53d001e,26/06/2023 01:14:00,ESCANER
5796,"Sacatepéquez",2,"Ciudad Vieja",12,602,380,13,28,31,19,144,3,5,9,4,1,257,7,4,268,0,268,--,377,109,257,268,268,Algún campo sin dato,1,6c17008356219effb918620bf0e67c41b254fed499c4aec9082d9dbec891fd5a,26/06/2023 01:07:10,ESCANER
5797,"Sacatepéquez",2,"Ciudad Vieja",12,602,380,16,29,19,25,160,2,4,10,4,0,269,11,1,281,0,281,--,380,99,269,281,281,Algún campo sin dato,1,56327c4acaa16ce46d078658175794cbfffc612c294ab20da9209b324cc30a71,25/06/2023 23:24:52,ESCANER
5798,"Sacatepéquez",2,"Ciudad Vieja",12,602,380,13,29,21,20,164,1,7,10,2,1,268,18,2,288,0,288,--,380,92,268,288,288,Algún campo sin dato,1,8fa9e3027b56b0a7488d64939a3bfba3a62e0a4a5d272ded280a41776771ed19,26/06/2023 00:01:54,ESCANER
5799,"Sacatepéquez",2,"Ciudad Vieja",12,602,380,15,29,27,24,159,3,1,1,4,0,263,5,0,268,0,268,--,380,112,263,268,268,Algún campo sin dato,1,d806b8c980fbc6136b866a1e2a7f67dc24fb4596c55dabd65fce839d52a3155c,26/06/2023 00:36:42,ESCANER
5800,"Sacatepéquez",2,"Ciudad Vieja",12,602,380,14,32,18,22,150,3,6,9,7,0,261,9,3,273,0,273,--,380,107,261,273,273,Algún campo sin dato,1,70d0e32292e38a507aa6fbacbd85a9257d778c7aa46aa7488f2d3e7a77c9bdaf,26/06/2023 01:42:09,ESCANER
5801,"Sacatepéquez",2,"Ciudad Vieja",12,602,380,18,35,21,18,142,3,2,4,2,0,245,7,8,260,0,260,--,380,120,245,260,260,Algún campo sin dato,1,206e5e55a53184e633868c48cca38fa7c52c124403829af8c6e20ec9260ff22a,26/06/2023 00:50:48,ESCANER
5802,"Sacatepéquez",2,"Ciudad Vieja",12,602,339,13,21,12,10,140,2,5,2,2,0,207,2,1,210,0,210,--,339,129,207,210,210,Algún campo sin dato,1,8f66d7d4b044895dc66eb6ff36249bc43d5339e31a2c97a9ea0a3c20f069520a,25/06/2023 22:42:43,ESCANER
5803,"Sacatepéquez",2,"Ciudad Vieja",12,602,338,14,11,16,9,127,6,3,5,2,3,196,3,1,200,0,200,--,338,138,196,200,200,Algún campo sin dato,1,b892a328aa8d23d0fb296be0c5a474c4c4eb4b926da64c4aaa87b1b54a8c6f85,26/06/2023 00:59:16,ESCANER
5804,"Sacatepéquez",2,"Ciudad Vieja",12,603,600,41,9,25,46,83,5,2,2,4,0,217,12,2,231,0,231,--,600,369,217,231,231,Algún campo sin dato,1,9a3deb358e586841892e1304b4fa92d18b831f6b6db0b31a1a1c35d0120bc4c5,26/06/2023 00:28:48,ESCANER
5805,"Sacatepéquez",2,"Ciudad Vieja",12,603,600,27,18,26,40,109,1,1,3,5,0,230,8,0,238,0,238,--,603,365,230,238,238,Algún campo sin dato,1,803e1e4af16138db1a1faae31fd66cdf29bd57c40b4272e8f4aff5331c4e7b36,26/06/2023 01:30:39,ESCANER
5806,"Sacatepéquez",2,"Ciudad Vieja",12,603,342,18,6,21,23,51,0,2,3,4,1,129,5,1,135,0,135,--,342,207,129,135,135,Algún campo sin dato,1,f4cd5de6f333359dacd94e6a1ee9ae05ac6acdb1cf2e7fdc8414970abf56d15c,26/06/2023 03:05:36,ESCANER
5807,"Sacatepéquez",2,"Ciudad Vieja",12,603,341,10,4,11,11,28,1,2,0,2,0,69,3,0,72,0,72,--,341,269,69,72,72,Algún campo sin dato,1,5e69ea6ab295fe191a06c29b4b5ce64a4aedf0726790a0d81440494bfb6d116e,25/06/2023 22:37:32,ESCANER