﻿TIPO_DE_ELECCIÓN:,CORPORACIÓN MUNICIPAL
28 junio 2023 21:35 (UTC -6)
ACTAS_ESPERADAS,ACTAS_CAPTURADAS,PORCENTAJE_ACTAS_CAPTURADAS,ACTAS_CONTABILIZADAS,PORCENTAJE_ACTAS_CONTABILIZADAS,ACTAS_NO_CONTABILIZADAS,LISTA_NOMINAL_ACTAS_CONTABILIZADAS,VOTOS_EMITIDOS_CONTABILIZADAS,PORCENTAJE_PARTICIPACIÓN_CIUDADANA
41,41,100.0000,41,100.0000,0,15844,11734,74.0595

MESA,DEPARTAMENTO,ID_DEPARTAMENTO,MUNICIPIO,ID_MUNICIPIO,CENTRO_DE_VOTACIÓN,PADRÓN,VAMOS,AZUL,PODEMOS,TODOS,VIVA,PPN,CAMBIO,UNE,VALOR,VÁLIDOS,NULOS,BLANCO,EMITIDOS,INVÁLIDOS,TOTAL,IMPUGNACIONES,PAPELETAS-RECIBIDAS,PAPELETAS-NO-USADAS,VALIDOS_CALCULADO,EMITIDOS_CALCULADO,TOTAL_CALCULADO,OBSERVACIONES,CONTABILIZADA,CÓDIGO_INTEGRIDAD,FECHA_HORA_PUBLICACIÓN,DIGITALIZACIÓN
11897,"Suchitepéquez",10,"San Francisco Zapotitlán",3,1601,400,104,5,25,18,4,104,6,5,6,277,15,3,295,0,295,--,403,108,277,295,295,Algún campo sin dato,1,d432649bef581360063c1a97a1c5d5c68dd6563002a851ce63d5c391d0a77a28,26/06/2023 02:23:03,ESCANER
11898,"Suchitepéquez",10,"San Francisco Zapotitlán",3,1601,400,108,5,21,24,8,103,7,6,1,283,22,3,308,0,308,--,400,92,283,308,308,Algún campo sin dato,1,88e27ba9208fe747472e444a2667e2877979263787124fa46a8b510069c33e35,26/06/2023 01:43:59,ESCANER
11899,"Suchitepéquez",10,"San Francisco Zapotitlán",3,1601,400,115,7,21,34,1,94,2,1,6,281,14,3,298,0,298,--,400,102,281,298,298,Algún campo sin dato,1,ecd39117112fd2b96e2884c77b1ea458d5e2ebf17cbb9b1f422dc40c708d9a04,26/06/2023 01:49:57,ESCANER
11900,"Suchitepéquez",10,"San Francisco Zapotitlán",3,1601,400,118,4,33,23,1,130,3,2,2,316,19,0,335,0,335,--,400,65,316,335,335,Algún campo sin dato,1,eab7e2ef7f5368c4d7254622a9a88c9a0f83b0696f9fe4bf9278042f035686bb,26/06/2023 01:49:17,ESCANER
11901,"Suchitepéquez",10,"San Francisco Zapotitlán",3,1601,400,115,1,21,20,4,116,4,2,3,286,19,4,309,0,309,--,400,91,286,309,309,Algún campo sin dato,1,03768cd1e54ad61be5ccc9f8ce1c0679c9f083e79ac358e28f3f7142da21aa1c,25/06/2023 23:01:10,ESCANER
11902,"Suchitepéquez",10,"San Francisco Zapotitlán",3,1601,400,125,3,28,17,4,112,2,1,5,297,18,5,320,0,320,--,400,80,297,320,320,Algún campo sin dato,1,ce48b8be295384afa5b2f5d80a64653310ee41b8e6086ced176448e094b55150,26/06/2023 02:27:19,ESCANER
11903,"Suchitepéquez",10,"San Francisco Zapotitlán",3,1601,400,131,8,18,28,3,116,5,2,2,313,19,0,332,62,394,--,394,62,313,332,394,Algún campo sin dato,1,0e2895287fb18c05434fc75661d088bc9e496ae0d85a617398e65f5b69e7a528,26/06/2023 02:49:56,ESCANER
11904,"Suchitepéquez",10,"San Francisco Zapotitlán",3,1601,400,114,2,31,20,1,111,4,4,3,290,5,0,295,105,400,--,400,105,290,295,400,Algún campo sin dato,1,93c15d762a43d75108ed68d4cff6d0c3d64b5ed898d408de97c402dc4914c805,26/06/2023 01:13:40,ESCANER
11905,"Suchitepéquez",10,"San Francisco Zapotitlán",3,1601,400,102,7,30,12,0,119,3,2,2,277,4,2,283,0,283,--,400,117,277,283,283,Algún campo sin dato,1,53b25f1fe80ac014375788483744286937dbfc386901f4a82b8af2c5b2970d6a,26/06/2023 02:29:19,ESCANER
11906,"Suchitepéquez",10,"San Francisco Zapotitlán",3,1602,400,96,2,25,33,1,99,4,4,0,264,5,1,279,9,279,--,403,124,264,270,279,Sumas Asentadas sin cuadrar,1,fe09655cd9d2a0bb8322e6a84f1ebeb6dc9042b856e46167837150187827356f,26/06/2023 04:19:18,MOVIL
11907,"Suchitepéquez",10,"San Francisco Zapotitlán",3,1602,400,98,4,21,30,2,100,8,2,2,274,7,0,274,0,274,--,397,123,267,274,274,Sumas Asentadas sin cuadrar,1,70508c4df68c6c4927d924e4d048b44853b85276be6e42353fa603f6b8abb8ff,26/06/2023 02:46:55,ESCANER
11908,"Suchitepéquez",10,"San Francisco Zapotitlán",3,1602,400,108,5,32,18,1,114,6,2,5,291,9,0,300,0,300,--,400,100,291,300,300,Algún campo sin dato,1,376838770a715f27f240cb704023d098d24878f29858ddf94096cecb5a3db9b1,26/06/2023 02:08:23,MOVIL
11909,"Suchitepéquez",10,"San Francisco Zapotitlán",3,1602,400,109,4,27,29,1,104,3,0,3,280,1,0,281,0,281,--,400,119,280,281,281,Algún campo sin dato,1,0f91c59f6a1c4d321da212fe2e20c5748fe4b73e2fde2108b3776e286a38e9e4,26/06/2023 01:52:33,MOVIL
11910,"Suchitepéquez",10,"San Francisco Zapotitlán",3,1602,400,80,11,28,17,2,122,6,5,3,274,5,0,279,0,279,--,400,121,274,279,279,Algún campo sin dato,1,666929a27413e78732cbcfdc9767432e79522281002972dbe297de848b65db43,26/06/2023 01:17:15,ESCANER
11911,"Suchitepéquez",10,"San Francisco Zapotitlán",3,1602,269,68,1,16,10,2,81,2,2,3,185,6,0,191,0,191,--,270,79,185,191,191,Algún campo sin dato,1,e6780fe2a6b1d03038bbea68fef1d91a0746830058e5981b6357c1ff69597a79,25/06/2023 23:36:23,ESCANER
11912,"Suchitepéquez",10,"San Francisco Zapotitlán",3,1602,268,66,2,25,9,1,60,1,5,1,170,1,0,171,0,171,--,268,97,170,171,171,Algún campo sin dato,1,ce20017f30841153ef841a99df53aa9664da2e1791386c8c23219698dd7ee8aa,26/06/2023 04:22:28,MOVIL
11913,"Suchitepéquez",10,"San Francisco Zapotitlán",3,1603,400,126,2,16,5,6,138,0,3,3,299,23,2,324,76,400,--,397,76,299,324,400,Algún campo sin dato,1,4d2cfa4f89d7491f7e17fa2ee9ad08317e9a5a788a985a2cad908d4aacac45fc,26/06/2023 01:36:33,ESCANER
11914,"Suchitepéquez",10,"San Francisco Zapotitlán",3,1603,400,115,2,17,11,2,140,2,2,1,292,21,7,320,80,400,2,400,80,292,320,400,,1,15fbbbe31b19591b967c7cf1a3a85bf8edfb04bc4acb77eeb9b59940630d4f15,26/06/2023 05:43:02,ESCANER
11915,"Suchitepéquez",10,"San Francisco Zapotitlán",3,1603,400,119,2,32,12,1,134,0,6,1,307,28,6,341,0,341,--,399,59,307,341,341,Algún campo sin dato,1,0debdf21c5153975ecb46089261bc56a011427c00c3806d42b755213b72ff8d8,26/06/2023 03:21:27,ESCANER
11916,"Suchitepéquez",10,"San Francisco Zapotitlán",3,1603,400,128,2,26,11,3,141,0,5,0,316,20,1,337,0,337,--,400,63,316,337,337,Algún campo sin dato,1,81d5f74e872f0aabef11914a56356063f2815615a7401bb8eae9a9362f549859,26/06/2023 02:11:21,ESCANER
11917,"Suchitepéquez",10,"San Francisco Zapotitlán",3,1604,400,124,1,15,8,3,124,3,1,1,280,20,7,307,0,307,--,400,93,280,307,307,Algún campo sin dato,1,70ed98cc7b85b513f96241e7d73c119deb2104d938a3dbb59d4125463cce40fb,26/06/2023 00:25:29,ESCANER
11918,"Suchitepéquez",10,"San Francisco Zapotitlán",3,1604,400,107,6,20,10,0,130,0,2,3,278,13,3,294,0,294,--,410,116,278,294,294,Algún campo sin dato,1,49f6632e5152ba03bc60dab9f15c30b6185ba36e9de086ce092b3f78581ca6f3,26/06/2023 02:07:50,ESCANER
11919,"Suchitepéquez",10,"San Francisco Zapotitlán",3,1604,400,108,6,23,13,2,121,1,8,5,287,10,1,298,0,298,--,400,102,287,298,298,Algún campo sin dato,1,5d6652a71f51052218fc30651078a79b6cdb47aa82ec5853b8e891ab5b6e9554,25/06/2023 23:26:50,ESCANER
11920,"Suchitepéquez",10,"San Francisco Zapotitlán",3,1604,400,93,5,28,11,2,163,1,4,0,307,1,0,308,0,308,--,397,89,307,308,308,Algún campo sin dato,1,9cd8f2953ded0944e02c02bafd4200082f43e1110de0b7c5f6efc63664a9cbfd,26/06/2023 00:03:01,ESCANER
11921,"Suchitepéquez",10,"San Francisco Zapotitlán",3,1604,322,84,1,20,9,1,105,0,3,1,224,4,0,228,0,228,--,319,91,224,228,228,Algún campo sin dato,1,da244794e279aa077738c2f9baf9944ef0a92d0a5ee1b41fc03ee0070e3dbf2b,26/06/2023 02:27:02,ESCANER
11922,"Suchitepéquez",10,"San Francisco Zapotitlán",3,1604,322,73,0,28,8,2,106,3,1,2,223,4,0,227,0,227,--,322,95,223,227,227,Algún campo sin dato,1,850f0a211b15811e78ff88dfb0f3b1c932f95d27a1e20d5e4fdf917ef57cc977,25/06/2023 23:38:04,ESCANER
11923,"Suchitepéquez",10,"San Francisco Zapotitlán",3,1605,400,86,2,17,12,0,151,1,4,2,275,25,3,303,0,303,--,400,97,275,303,303,Algún campo sin dato,1,f5f990f0ef9890656fcee171178fcb34e6764c0b1569c1a9e486fa31f2658b0e,26/06/2023 01:55:22,ESCANER
11924,"Suchitepéquez",10,"San Francisco Zapotitlán",3,1605,400,99,4,18,7,4,178,2,0,1,313,21,3,337,0,337,--,400,63,313,337,337,Algún campo sin dato,1,e69dbf17804474862ab3b5d2c01dc5d0fdd487cbfdc2190cf280bc4964022dad,26/06/2023 01:43:21,ESCANER
11925,"Suchitepéquez",10,"San Francisco Zapotitlán",3,1605,400,99,2,13,8,1,185,1,3,2,314,21,1,336,0,336,1,400,63,314,336,336,,1,ba608c95dd8a2537bdb1c810f4bba7a927cbd4448674ab9393c1459e11f75edc,26/06/2023 01:47:15,ESCANER
11926,"Suchitepéquez",10,"San Francisco Zapotitlán",3,1605,400,97,1,22,11,11,183,1,4,1,322,20,2,344,0,344,--,400,56,331,353,353,Sumas Asentadas sin cuadrar,1,054f53eb6b24c508b93c7297a491fe3bc37753f2647a563237c646d129c39e6b,26/06/2023 12:10:50,ESCANER
11927,"Suchitepéquez",10,"San Francisco Zapotitlán",3,1605,400,121,1,17,11,2,166,0,1,0,319,18,2,339,0,339,--,400,61,319,339,339,Algún campo sin dato,1,b56f515a9039282909f47f0e4f7d40e5259fe701f42fddd514a727905cd1a2bb,26/06/2023 02:03:48,ESCANER
11928,"Suchitepéquez",10,"San Francisco Zapotitlán",3,1605,400,81,1,14,11,0,189,0,2,1,299,24,4,327,0,327,--,400,73,299,327,327,Algún campo sin dato,1,48f2ac464e2ef4830391ccd0c06a75f21c72488a17a95cba568ed9f82642df79,26/06/2023 04:52:44,ESCANER
11929,"Suchitepéquez",10,"San Francisco Zapotitlán",3,1605,400,87,1,17,9,3,162,3,1,0,283,15,1,299,0,299,--,400,101,283,299,299,Algún campo sin dato,1,52fa596d2a92ec8cf7e8c6358d467abc0b7356ed4f644eca7b42158746617323,26/06/2023 00:51:46,ESCANER
11930,"Suchitepéquez",10,"San Francisco Zapotitlán",3,1605,400,78,0,19,8,0,162,2,1,1,271,5,1,277,0,277,--,400,123,271,277,277,Algún campo sin dato,1,63a11946ce3bb604472648a266d1549576c9da39ec826ae825105e18b66f6449,26/06/2023 02:10:17,ESCANER
11931,"Suchitepéquez",10,"San Francisco Zapotitlán",3,1606,400,91,2,21,10,1,158,0,2,2,287,11,1,299,0,299,--,400,101,287,299,299,Algún campo sin dato,1,dd7b579083c97f471489bcdaa9c5892c027077efff2136044b61b4ce986f9482,25/06/2023 23:48:46,ESCANER
11932,"Suchitepéquez",10,"San Francisco Zapotitlán",3,1606,400,75,1,18,7,1,164,1,0,0,267,6,1,274,0,274,--,400,126,267,274,274,Algún campo sin dato,1,36e45d404d5061647cdc500cc52e283376dbb0f73fce17373bed87be60a8731b,26/06/2023 01:25:39,ESCANER
11933,"Suchitepéquez",10,"San Francisco Zapotitlán",3,1606,400,72,1,25,6,1,180,0,0,2,287,3,0,290,0,290,--,400,110,287,290,290,Algún campo sin dato,1,d7c5255bfd7922904bd116fd090af19bc9cb5cf03afe095156136ed9a1a1bc55,26/06/2023 00:24:35,ESCANER
11934,"Suchitepéquez",10,"San Francisco Zapotitlán",3,1606,392,96,1,19,9,1,156,2,0,0,284,0,0,284,0,284,--,392,108,284,284,284,Algún campo sin dato,1,7d431dd76626cd0ce9e16390550e3cb9ce40637a4afbef422cdf2e641e607dee,26/06/2023 01:14:18,ESCANER
11935,"Suchitepéquez",10,"San Francisco Zapotitlán",3,1606,391,64,1,20,9,1,158,0,3,1,257,3,1,261,1,262,--,391,129,257,261,262,Algún campo sin dato,1,28875da29b5e1716ed38600c25bd54d09332b11b1c856282c0820433f0a2b332,26/06/2023 01:32:56,ESCANER
11936,"Suchitepéquez",10,"San Francisco Zapotitlán",3,1607,340,51,0,11,14,0,50,0,2,4,132,10,4,146,0,146,--,--,--,132,146,146,Algún campo sin dato,1,ddf83b9c34d1fb26562bd153d8410013b7deb298e5e4b67e8aa565538cedf38d,26/06/2023 00:58:40,ESCANER
11937,"Suchitepéquez",10,"San Francisco Zapotitlán",3,1607,340,33,0,8,7,1,27,1,1,2,80,3,1,84,0,84,--,340,256,80,84,84,Algún campo sin dato,1,b7ac548089d273a5f8cfd11020c71a9ff5a56a79656c8a08b9f6902827f3fb26,26/06/2023 00:02:15,ESCANER