﻿TIPO_DE_ELECCIÓN:,CORPORACIÓN MUNICIPAL
28 junio 2023 21:35 (UTC -6)
ACTAS_ESPERADAS,ACTAS_CAPTURADAS,PORCENTAJE_ACTAS_CAPTURADAS,ACTAS_CONTABILIZADAS,PORCENTAJE_ACTAS_CONTABILIZADAS,ACTAS_NO_CONTABILIZADAS,LISTA_NOMINAL_ACTAS_CONTABILIZADAS,VOTOS_EMITIDOS_CONTABILIZADAS,PORCENTAJE_PARTICIPACIÓN_CIUDADANA
58,58,100.0000,58,100.0000,0,22477,12966,57.6856

MESA,DEPARTAMENTO,ID_DEPARTAMENTO,MUNICIPIO,ID_MUNICIPIO,CENTRO_DE_VOTACIÓN,PADRÓN,CABAL,VAMOS,UNE,PODEMOS,VALOR,BIEN,CAMBIO,VIVA,VÁLIDOS,NULOS,BLANCO,EMITIDOS,INVÁLIDOS,TOTAL,IMPUGNACIONES,PAPELETAS-RECIBIDAS,PAPELETAS-NO-USADAS,VALIDOS_CALCULADO,EMITIDOS_CALCULADO,TOTAL_CALCULADO,OBSERVACIONES,CONTABILIZADA,CÓDIGO_INTEGRIDAD,FECHA_HORA_PUBLICACIÓN,DIGITALIZACIÓN
15950,"Huehuetenango",13,"Santa Eulalia",17,2344,400,54,66,96,14,13,2,0,0,245,12,4,261,0,261,--,400,139,245,261,261,Algún campo sin dato,1,bac9c45bc854fa54b5e1aefd23f4bf8ebb4b4804ae425898ccead3eebeecc5c9,25/06/2023 23:23:56,ESCANER
15951,"Huehuetenango",13,"Santa Eulalia",17,2344,400,57,80,64,14,4,5,2,0,226,21,6,253,0,253,--,400,147,226,253,253,Algún campo sin dato,1,dff46248de329fd7e072f701327fda7695b1ec32a40e361fd0e90471203c34bd,26/06/2023 00:54:10,ESCANER
15952,"Huehuetenango",13,"Santa Eulalia",17,2344,400,61,70,94,10,8,0,1,2,246,17,5,268,0,268,--,400,132,246,268,268,Algún campo sin dato,1,648721754f6b86e7e35a348546ed5e31ed4545a5e384242d0238207b3f11a1fc,25/06/2023 23:32:38,ESCANER
15953,"Huehuetenango",13,"Santa Eulalia",17,2344,400,43,82,121,9,20,0,0,1,276,15,3,294,0,294,--,397,103,276,294,294,Algún campo sin dato,1,0c5f06643fe30e8220da4a84dd29fa277f5cf22d0c5b98035c9a970b00804e4f,26/06/2023 01:14:55,ESCANER
15954,"Huehuetenango",13,"Santa Eulalia",17,2344,400,69,99,93,9,12,1,1,1,285,11,7,303,0,303,--,400,95,285,303,303,Algún campo sin dato,1,7789772db23f56fb30ec3754eec8ea0d0f0e696130723b32731b763a0777ef80,26/06/2023 00:45:54,ESCANER
15955,"Huehuetenango",13,"Santa Eulalia",17,2344,400,76,56,100,10,10,1,0,1,254,12,3,269,1,270,--,402,131,254,269,270,Algún campo sin dato,1,8be295554a05806f6f26450f54c9ffed3d440c9f1463713474602027dddf700e,26/06/2023 00:30:12,ESCANER
15956,"Huehuetenango",13,"Santa Eulalia",17,2344,400,54,78,85,9,17,2,0,0,245,11,12,268,2,270,--,397,127,245,268,270,Algún campo sin dato,1,8a48ff2828dff012d28dd35436a2feb9ca8e44cb1a601188c7d502cf611d9fc3,26/06/2023 01:06:31,ESCANER
15957,"Huehuetenango",13,"Santa Eulalia",17,2344,400,50,68,91,11,24,4,1,1,250,9,7,266,0,266,--,400,134,250,266,266,Algún campo sin dato,1,d09462a49b7debf364a6a9856ee8051e8ff8ca0e7302b245e0eeab4be4cf47be,26/06/2023 01:59:02,ESCANER
15958,"Huehuetenango",13,"Santa Eulalia",17,2345,400,50,77,73,5,19,0,0,2,226,4,0,230,3,233,--,400,167,226,230,233,Algún campo sin dato,1,d38d1946b7674df6639f311ba35f1e8135fd62832405857cdc74179983f81b05,25/06/2023 23:33:11,ESCANER
15959,"Huehuetenango",13,"Santa Eulalia",17,2345,400,41,71,78,11,20,1,0,2,224,6,9,239,0,239,--,400,161,224,239,239,Algún campo sin dato,1,2809da4dda08c70911893419e26a0426a513baff10e847c3f2e20b873daddbb6,26/06/2023 00:04:08,ESCANER
15960,"Huehuetenango",13,"Santa Eulalia",17,2345,400,45,94,62,6,17,3,0,1,228,6,10,244,0,244,--,400,156,228,244,244,Algún campo sin dato,1,5adc927c22ca625eef9e30b09186bfdb1e35439e8f4af160a95e4c26e3ecd511,25/06/2023 23:45:27,ESCANER
15961,"Huehuetenango",13,"Santa Eulalia",17,2345,400,37,87,98,9,19,0,1,3,254,8,7,269,1,270,--,400,130,254,269,270,Algún campo sin dato,1,50cf56881c3cb62e94cf78ac485d2b0df4b4f72f447f416a23705c04c0103080,26/06/2023 02:32:13,ESCANER
15962,"Huehuetenango",13,"Santa Eulalia",17,2345,400,51,97,70,3,25,2,0,1,249,10,13,272,128,400,--,400,128,249,272,400,Algún campo sin dato,1,4dd3e3a1bfc024143e2bef123929de47bd17d76a8fadb19c81a0bf5e46c02238,26/06/2023 00:52:54,ESCANER
15963,"Huehuetenango",13,"Santa Eulalia",17,2345,400,66,83,63,4,15,1,0,2,234,10,10,254,0,254,--,400,146,234,254,254,Algún campo sin dato,1,344262ef8d3105bcc191cd2a41b8d011ba926e10183ae39dcf508d3ca54f0acc,26/06/2023 00:17:31,ESCANER
15964,"Huehuetenango",13,"Santa Eulalia",17,2345,400,50,81,76,7,20,4,0,0,238,15,12,265,3,268,--,400,132,238,265,268,Algún campo sin dato,1,3a4d6503659b5c9c22e8c1d6f4d76203dafeb8407ada604bf76a783e657c3e9e,26/06/2023 01:05:44,ESCANER
15965,"Huehuetenango",13,"Santa Eulalia",17,2345,400,55,62,84,13,10,4,1,1,230,9,5,244,0,244,--,400,156,230,244,244,Algún campo sin dato,1,52194b9093a7e316aae28505d58b72150b05bab5bb8185d4001190b9cba3e0eb,26/06/2023 00:30:12,ESCANER
15966,"Huehuetenango",13,"Santa Eulalia",17,2345,400,46,85,68,9,18,3,0,1,230,4,4,238,162,400,--,400,162,230,238,400,Algún campo sin dato,1,a4b6389ca27ecddb86ef85efee8e84b36a03aa9fbfa4e19e40b616946383e2ce,26/06/2023 00:49:10,ESCANER
15967,"Huehuetenango",13,"Santa Eulalia",17,2345,400,55,61,56,13,18,1,0,1,205,7,7,219,0,219,--,400,181,205,219,219,Algún campo sin dato,1,a20c3d00d43b917d45da71594ee1a49aa8721bb1394ab551891cb04abe671907,25/06/2023 23:52:08,ESCANER
15968,"Huehuetenango",13,"Santa Eulalia",17,2346,400,60,55,71,5,13,2,1,0,207,6,2,215,2,217,--,400,183,207,215,217,Algún campo sin dato,1,04683424f79ef4e7f7777a23cdc1e5e89a6d94d4a2e5c4da1a55ed3c523636ad,25/06/2023 23:03:09,ESCANER
15969,"Huehuetenango",13,"Santa Eulalia",17,2346,400,42,72,65,10,13,2,0,0,204,10,10,224,0,224,--,400,176,204,224,224,Algún campo sin dato,1,8ae2224d08b7103d63ed90337dede0e17fc027d33336f19e4a7ae6f051059a6f,26/06/2023 02:07:31,ESCANER
15970,"Huehuetenango",13,"Santa Eulalia",17,2346,400,43,73,62,8,14,1,1,2,204,11,8,223,0,223,--,397,174,204,223,223,Algún campo sin dato,1,660e7c9d25d53b9b4e430c215063c565be9afb00bbb7d804d0c9e8fa0a6d45f7,26/06/2023 03:15:42,MOVIL
15971,"Huehuetenango",13,"Santa Eulalia",17,2346,400,29,85,70,11,17,4,0,2,218,2,4,224,0,224,--,400,176,218,224,224,Algún campo sin dato,1,50f0121428ff0edc17959140455b74a8d0945a1cf60e535ae17e2eec6cb35af2,25/06/2023 23:11:33,ESCANER
15972,"Huehuetenango",13,"Santa Eulalia",17,2346,400,38,91,65,11,17,0,0,0,222,4,0,226,174,400,--,400,174,222,226,400,Algún campo sin dato,1,1a8b67c08f94515a8f7262d6a4f7860066aa2211fcae07cd898a4348965bed0b,25/06/2023 23:06:09,ESCANER
15973,"Huehuetenango",13,"Santa Eulalia",17,2346,400,54,73,96,5,17,1,0,1,247,5,3,255,1,256,--,400,144,247,255,256,Algún campo sin dato,1,54616c363d580e5c81368753939a64310a4fa5db3c9d1832c3577efc26a3ffeb,26/06/2023 00:46:39,ESCANER
15974,"Huehuetenango",13,"Santa Eulalia",17,2346,400,53,86,78,7,18,0,0,0,242,3,0,245,0,245,--,400,155,242,245,245,Algún campo sin dato,1,e171709f43b15dedf45942407dd06db395705e977c9833553420387cba329a65,26/06/2023 00:17:20,ESCANER
15975,"Huehuetenango",13,"Santa Eulalia",17,2346,400,57,74,81,6,12,0,0,0,230,4,1,235,0,235,--,400,165,230,235,235,Algún campo sin dato,1,9ef992de4475fb6cc52959f4f59b722d88ecb98fde569b278769851372bf9410,26/06/2023 01:10:27,ESCANER
15976,"Huehuetenango",13,"Santa Eulalia",17,2347,400,64,77,69,8,24,2,0,1,245,1,3,249,0,249,--,400,151,245,249,249,Algún campo sin dato,1,62ac5513a75f8a56f57076fe15bccb24691501c4253946b0c36070a281fc6fde,26/06/2023 00:30:37,ESCANER
15977,"Huehuetenango",13,"Santa Eulalia",17,2347,400,52,76,77,8,16,1,0,1,231,1,2,234,0,234,--,401,167,231,234,234,Algún campo sin dato,1,ed28678b52465245f8802863f08bd601fc693e3b53feca2d326adc115cd927a7,26/06/2023 00:44:40,ESCANER
15978,"Huehuetenango",13,"Santa Eulalia",17,2347,325,35,53,57,5,9,1,0,1,161,8,6,175,0,175,--,322,147,161,175,175,Algún campo sin dato,1,e09ad341fe9348141b03ed7ef710ce15067aa8ec4f3178d5124a7bc489349fd7,26/06/2023 01:07:36,ESCANER
15979,"Huehuetenango",13,"Santa Eulalia",17,2347,325,32,49,46,7,17,1,0,0,152,7,0,159,0,159,--,322,163,152,159,159,Algún campo sin dato,1,80467f5adb23367e831785fb903bb587f287cfa26930421abc425edba5319bfe,25/06/2023 22:51:06,ESCANER
15980,"Huehuetenango",13,"Santa Eulalia",17,2348,400,92,50,44,5,21,1,1,1,215,10,10,235,0,235,--,400,165,215,235,235,Algún campo sin dato,1,c9562f1cbde5358be305b616c13ab6889402187f2167f109288ac8b81bb5f698,26/06/2023 00:26:24,ESCANER
15981,"Huehuetenango",13,"Santa Eulalia",17,2348,400,121,54,87,4,8,2,0,1,277,8,3,288,0,288,--,400,112,277,288,288,Algún campo sin dato,1,38093725b3a0b8349c32dc61003d971b4500477b792b0ecddb08b8e174907df4,26/06/2023 01:29:57,ESCANER
15982,"Huehuetenango",13,"Santa Eulalia",17,2348,400,77,74,48,3,20,1,0,3,226,10,3,239,0,239,--,400,161,226,239,239,Algún campo sin dato,1,273de1916ec006e5cbee73e6b9284e17f686289f8ee9c21452a715842b03de18,26/06/2023 00:17:25,ESCANER
15983,"Huehuetenango",13,"Santa Eulalia",17,2348,400,75,65,46,5,12,0,0,0,203,4,5,212,0,212,0,396,184,203,212,212,,1,d1811d563cdc25e5a5f713c72787cd1ae4a9045dde5cfa95a539d6c5b4b3f7a3,25/06/2023 22:44:02,ESCANER
15984,"Huehuetenango",13,"Santa Eulalia",17,2348,400,83,42,69,7,19,1,1,1,223,3,3,229,0,229,--,400,171,223,229,229,Algún campo sin dato,1,62d6164d5c6ce19354698f63629f01ee7c07b35b98f1b60b620ed0eb1bc4425d,25/06/2023 22:26:56,ESCANER
15985,"Huehuetenango",13,"Santa Eulalia",17,2348,321,73,41,47,3,17,0,0,0,181,1,1,183,0,183,0,321,138,181,183,183,,1,06250851d52bddf69ad99cd544962a9dea53ebc889735542ad99b8a343675fc7,25/06/2023 23:02:29,ESCANER
15986,"Huehuetenango",13,"Santa Eulalia",17,2348,321,68,40,57,4,17,0,0,0,186,2,1,189,0,189,--,321,132,186,189,189,Algún campo sin dato,1,48d865f308d0a686aa37fb82661d3970d19d6c4391b7604378be594e6598cf51,26/06/2023 00:14:20,ESCANER
15987,"Huehuetenango",13,"Santa Eulalia",17,2349,380,71,57,74,1,26,0,1,1,231,12,11,254,1,255,--,377,122,231,254,255,Algún campo sin dato,1,fada6ac712ed4a0ddfa481ba66ffef1595550217264b53a04620ad3279776aa4,26/06/2023 02:38:17,ESCANER
15988,"Huehuetenango",13,"Santa Eulalia",17,2349,380,78,43,68,1,36,0,0,1,227,15,8,250,0,250,--,377,127,227,250,250,Algún campo sin dato,1,25e1555d0a289dee8a355afcb5428865cbb8f288b40b105e006227bd261e991b,26/06/2023 01:17:38,ESCANER
15989,"Huehuetenango",13,"Santa Eulalia",17,2349,380,94,81,56,4,33,0,0,0,268,10,7,285,0,285,--,377,92,268,285,285,Algún campo sin dato,1,0b4d33f76ed307842ed6e059443efd957261c1cbc635b65e6b3c15672fcd985c,26/06/2023 02:25:28,ESCANER
15990,"Huehuetenango",13,"Santa Eulalia",17,2349,380,66,88,74,1,35,0,0,0,264,16,7,287,0,187,--,393,106,264,287,287,Sumas Asentadas sin cuadrar,1,de3ef78960615c7db55564d83703cafa7b5bf3e1452eb68b44b1204527664de1,26/06/2023 04:51:11,ESCANER
15991,"Huehuetenango",13,"Santa Eulalia",17,2349,380,74,73,65,5,25,1,0,1,244,6,6,256,1,257,--,376,119,244,256,257,Algún campo sin dato,1,541bb26c81a86b326ab6ed7976511a55d170b0f15adc63a798ce8587d20d2f28,26/06/2023 01:38:22,ESCANER
15992,"Huehuetenango",13,"Santa Eulalia",17,2350,380,58,64,54,3,29,0,0,1,209,8,6,223,1,224,--,377,153,209,223,224,Algún campo sin dato,1,7ea19bba3d762d39684e3a9b15ac5f6e12679039d81623652c658d76fbfd6a19,26/06/2023 00:56:45,ESCANER
15993,"Huehuetenango",13,"Santa Eulalia",17,2350,380,70,76,64,2,30,0,0,0,242,2,3,247,0,247,--,377,130,242,247,247,Algún campo sin dato,1,3d8e009b78984ac4882838b6bde22d6edee1c6b444bb9d49004823d6f6d98f29,25/06/2023 23:47:22,ESCANER
15994,"Huehuetenango",13,"Santa Eulalia",17,2350,339,54,73,58,5,39,0,0,0,229,0,1,230,0,230,--,336,106,229,230,230,Algún campo sin dato,1,5d13c1340ab3f4a2aee4464f8ce9ed91e1ced6985ad7b705a0c9e7b5bcd09169,25/06/2023 22:27:00,ESCANER
15995,"Huehuetenango",13,"Santa Eulalia",17,2350,338,65,48,59,3,35,0,0,0,210,0,4,214,1,215,--,335,120,210,214,215,Algún campo sin dato,1,8db3aa6b9ae54021bb66bcf93d3e9c813d6a9bdb8ac9dcb6d02d69ab54e7dced,25/06/2023 22:31:49,ESCANER
15996,"Huehuetenango",13,"Santa Eulalia",17,2351,380,38,79,37,26,1,0,1,3,185,13,10,208,0,208,0,377,121,185,208,208,,1,cdf519cb45de8e1b71b8e1cff68a133dbdbb1a1137b8e8b9b7fffa30b6a6dd2b,26/06/2023 00:29:16,ESCANER
15997,"Huehuetenango",13,"Santa Eulalia",17,2351,380,49,64,29,24,1,0,0,1,168,15,14,197,0,197,--,377,180,168,197,197,Algún campo sin dato,1,83b7be517c4c443d4ee0b005fabadc7bacd00642d1337d2b5a0cd8fe39c84856,26/06/2023 01:33:33,ESCANER
15998,"Huehuetenango",13,"Santa Eulalia",17,2351,380,64,49,8,35,0,0,0,0,156,12,7,175,0,175,--,475,201,156,175,175,Algún campo sin dato,1,72058df169a7c06aee838fe68378db09d6054c165e28cdc3e7399bdbb87af243,26/06/2023 01:00:21,ESCANER
15999,"Huehuetenango",13,"Santa Eulalia",17,2351,380,26,55,13,29,0,0,0,0,123,7,9,139,1,124,--,375,235,123,139,140,Sumas Asentadas sin cuadrar,1,c43d3dd43eb05fb466f01bc53c9a0cec44f962666340313a3073c3c34c677b19,25/06/2023 22:40:20,ESCANER
16000,"Huehuetenango",13,"Santa Eulalia",17,2351,380,42,45,30,37,0,1,1,0,156,5,6,167,0,168,--,377,209,156,167,167,Sumas Asentadas sin cuadrar,1,111cfe508d88f126aa895c94f351ec7b505fd4e2c2bc03f3db8883cff6824092,26/06/2023 04:10:39,ESCANER
16001,"Huehuetenango",13,"Santa Eulalia",17,2352,380,37,48,36,26,0,0,1,2,150,7,10,167,0,167,--,377,210,150,167,167,Algún campo sin dato,1,5f423aa63023ea72f892014c5b7a645035a459c4d3ec4bcdfc25f1494669bf5f,25/06/2023 23:39:10,ESCANER
16002,"Huehuetenango",13,"Santa Eulalia",17,2352,380,26,59,28,32,1,0,0,0,146,14,7,167,0,167,--,380,213,146,167,167,Algún campo sin dato,1,b2429931f1dcd651a5f6ed13253a9c79e48dd396409df955f887ef0e6d8550da,25/06/2023 23:22:46,ESCANER
16003,"Huehuetenango",13,"Santa Eulalia",17,2352,380,39,67,35,36,0,0,1,1,179,6,2,187,0,187,--,353,166,179,187,187,Algún campo sin dato,1,cdfe88aa97d95f9d80e770cb28b2d51fc6095304c3f0f6a8b831e2af18132fdb,26/06/2023 00:18:01,ESCANER
16004,"Huehuetenango",13,"Santa Eulalia",17,2352,279,42,47,26,20,0,0,0,0,135,2,1,138,0,138,--,279,141,135,138,138,Algún campo sin dato,1,20f066e38f8a100f75d974b3b683469b03d9217dda4611c98ef96056d3785b52,26/06/2023 00:08:14,ESCANER
16005,"Huehuetenango",13,"Santa Eulalia",17,2352,279,33,51,26,22,0,0,0,0,132,9,3,144,0,144,--,276,132,132,144,144,Algún campo sin dato,1,797378ca03176c10300cdf73019259984dcfdeca3fbbbb7336873e688fb12d65,26/06/2023 02:00:04,ESCANER
16006,"Huehuetenango",13,"Santa Eulalia",17,2353,525,26,17,29,7,8,0,0,0,87,5,5,97,0,97,--,525,428,87,97,97,Algún campo sin dato,1,e7ae4f7b1a4e99767185a4c779376a0d9cc9c8c84ed74d55a0301f1a262c8f6a,25/06/2023 21:33:43,ESCANER
16007,"Huehuetenango",13,"Santa Eulalia",17,2353,525,12,6,13,3,2,0,0,0,36,3,0,39,0,39,--,525,486,36,39,39,Algún campo sin dato,1,59a9245bbdcb78cf7ce3382a6ea9392833426038c2ecb6643128e5b49e78e3f4,25/06/2023 21:41:32,ESCANER