﻿TIPO_DE_ELECCIÓN:,CORPORACIÓN MUNICIPAL
28 junio 2023 21:35 (UTC -6)
ACTAS_ESPERADAS,ACTAS_CAPTURADAS,PORCENTAJE_ACTAS_CAPTURADAS,ACTAS_CONTABILIZADAS,PORCENTAJE_ACTAS_CONTABILIZADAS,ACTAS_NO_CONTABILIZADAS,LISTA_NOMINAL_ACTAS_CONTABILIZADAS,VOTOS_EMITIDOS_CONTABILIZADAS,PORCENTAJE_PARTICIPACIÓN_CIUDADANA
83,83,100.0000,83,100.0000,0,30187,18913,62.6527

MESA,DEPARTAMENTO,ID_DEPARTAMENTO,MUNICIPIO,ID_MUNICIPIO,CENTRO_DE_VOTACIÓN,PADRÓN,UNIONISTA,CUM,TODOS,ELEFANTE,PODEMOS,VICTORIA,CREO,VIVA,SEMILLA,PHG,UR,CABAL,PR,AZUL,VOS,PPN,UNE,VÁLIDOS,NULOS,BLANCO,EMITIDOS,INVÁLIDOS,TOTAL,IMPUGNACIONES,PAPELETAS-RECIBIDAS,PAPELETAS-NO-USADAS,VALIDOS_CALCULADO,EMITIDOS_CALCULADO,TOTAL_CALCULADO,OBSERVACIONES,CONTABILIZADA,CÓDIGO_INTEGRIDAD,FECHA_HORA_PUBLICACIÓN,DIGITALIZACIÓN
13131,"San Marcos",12,"San Marcos",1,1790,400,15,61,76,14,1,7,5,1,14,11,3,8,0,3,7,12,11,249,14,1,264,0,264,0,400,136,249,264,264,,1,e6eb0240b094a242504ca2f64c60791c32bdd8ebe4d9360a21dba95de7a14ec6,26/06/2023 01:25:10,ESCANER
13132,"San Marcos",12,"San Marcos",1,1790,400,8,64,62,15,0,8,9,4,17,14,1,14,1,10,4,15,10,256,18,0,274,1,275,0,400,125,256,274,275,,1,e38ea7162cf462e632c1009e9e48904fce754a7e24863e366b4cc30b6f7f3d81,26/06/2023 01:25:12,ESCANER
13133,"San Marcos",12,"San Marcos",1,1790,400,12,60,61,21,2,14,7,1,14,16,4,14,1,3,4,17,7,258,8,1,267,4,271,0,400,129,258,267,271,,1,ed987764a4ac60076f7a7b0634d81d777e1743d0d6722c7a896b98f3448f4019,26/06/2023 00:29:52,ESCANER
13134,"San Marcos",12,"San Marcos",1,1790,365,13,46,53,8,2,5,10,4,12,20,0,15,2,1,5,18,5,222,10,1,233,0,233,--,363,130,219,230,230,Sumas Asentadas sin cuadrar,1,41d7af05b998b13ea37f12d73f97781910d007a8053105772bc9a84fe37de0f2,26/06/2023 05:23:37,ESCANER
13135,"San Marcos",12,"San Marcos",1,1790,364,7,36,65,3,1,8,6,0,17,17,2,9,0,2,5,13,7,198,4,0,202,0,202,0,364,159,198,202,202,,1,cf99f9b7ba1f43f18b227ca938ce60258c65f4cc363f093f2d44712889e0cf92,26/06/2023 02:02:31,ESCANER
13136,"San Marcos",12,"San Marcos",1,1791,400,10,74,80,15,0,10,4,2,9,22,5,6,2,4,7,1,16,267,114,1,282,0,282,--,400,118,267,382,382,Sumas Asentadas sin cuadrar,1,bed681aba54bfe80f0a8829c23076646c9814bcc0fa39c618b30c3de1db01456,26/06/2023 04:40:33,ESCANER
13137,"San Marcos",12,"San Marcos",1,1791,400,7,75,94,11,2,6,6,6,10,12,5,6,3,1,8,7,12,272,16,6,294,0,294,--,400,106,271,293,293,Sumas Asentadas sin cuadrar,1,dbf02828ebf8517804ea1c38e8ce81d439d0a47863d6f2498c635199c0863e7b,26/06/2023 03:00:59,ESCANER
13138,"San Marcos",12,"San Marcos",1,1791,400,10,64,74,15,1,22,5,7,13,9,2,6,2,1,7,5,13,256,14,3,273,0,273,0,400,127,256,273,273,,1,9a6e4bea688215ffeed4035d0921d2938b5ea5f132b3541bb560fb9c2e97f362,26/06/2023 02:00:53,ESCANER
13139,"San Marcos",12,"San Marcos",1,1791,400,7,54,111,15,2,7,10,0,12,18,3,5,0,3,8,6,16,277,14,2,293,0,293,0,396,103,277,293,293,,1,6d94ddbce1c9e9bed9cb5b26dd5dc01b0024748536d80cd9fa12ae85d344148b,25/06/2023 22:57:19,ESCANER
13140,"San Marcos",12,"San Marcos",1,1791,400,6,61,89,11,1,11,3,2,14,8,3,4,0,1,12,4,9,239,10,1,250,0,250,0,398,148,239,250,250,,1,58118aa36f400c922d941f430a9ea2166ad3c9c00ded01a79c0ec5a7acb4cbe2,25/06/2023 22:53:00,ESCANER
13141,"San Marcos",12,"San Marcos",1,1791,400,5,61,103,12,1,5,4,2,15,12,4,11,2,1,11,3,10,262,9,1,272,0,272,0,401,129,262,272,272,,1,2e3d8f1eca1d9898f05913bd0ba78f25068b8cba74b5e85e0eac0af465638805,26/06/2023 01:51:36,ESCANER
13142,"San Marcos",12,"San Marcos",1,1792,400,8,74,87,10,1,10,10,1,5,18,2,10,0,2,8,2,10,258,12,8,278,0,278,1,397,118,258,278,278,,1,86cfecd10e1f0693bcaeac8316a43f70f2854755f514e12dda6a9cf16bab75ec,26/06/2023 01:16:59,ESCANER
13143,"San Marcos",12,"San Marcos",1,1792,400,5,73,97,12,1,7,10,1,9,10,3,9,1,2,7,4,9,260,7,0,267,0,267,0,397,130,260,267,267,,1,9e6d15379431e6a2682d3913a209947ea6775d2a2cd515c403ad238aa46c5138,26/06/2023 01:20:55,ESCANER
13144,"San Marcos",12,"San Marcos",1,1792,400,4,51,103,5,1,9,3,4,7,9,4,10,1,4,4,2,15,236,19,4,259,0,259,0,400,141,236,259,259,,1,85283c375ccca10e7162d12c2552997c3c08ed88c3c76532be5cf52688301ca1,26/06/2023 00:16:27,ESCANER
13145,"San Marcos",12,"San Marcos",1,1792,400,10,57,81,6,0,18,8,1,9,10,5,6,2,3,13,2,11,242,3,0,245,2,247,--,400,153,242,245,247,Algún campo sin dato,1,dde942a40ac02c7c564a1b10d4c0fccb3c4d15a68c12f1696778a27b345aca1b,26/06/2023 00:31:14,ESCANER
13146,"San Marcos",12,"San Marcos",1,1792,350,4,57,76,7,0,10,3,2,14,17,5,8,1,2,3,4,8,221,9,1,231,0,231,0,349,118,221,231,231,,1,7fd849b80e13e656ecdccdd8f9d1782da905c864c58c82eace41e3fb14e806ce,25/06/2023 23:11:46,ESCANER
13147,"San Marcos",12,"San Marcos",1,1792,350,4,50,69,7,0,11,3,1,9,9,1,9,1,0,3,4,5,186,1,1,188,0,188,0,350,162,186,188,188,,1,bf2a0fcc14d279c0cb4be8ebd4a61e2eec7d81610194acec8cee9a7f264795c2,26/06/2023 00:16:55,ESCANER
13148,"San Marcos",12,"San Marcos",1,1793,400,4,70,82,19,4,5,13,5,16,12,1,7,0,6,14,6,16,280,12,3,295,0,295,0,400,104,280,295,295,,1,8966091aff600cd05bf5cad46148c4311be31538b9c06dd6e8f85a09feccbda1,25/06/2023 23:25:42,ESCANER
13149,"San Marcos",12,"San Marcos",1,1793,400,4,69,79,14,1,5,18,1,16,13,1,8,1,11,9,5,12,267,12,1,280,0,280,0,400,120,267,280,280,,1,6669224d3bc2334dc019ff1799156023b18830b2961de8a62e316a3bdd4fe4b1,26/06/2023 01:05:30,ESCANER
13150,"San Marcos",12,"San Marcos",1,1793,400,6,52,87,17,1,6,12,4,14,17,4,13,4,3,10,4,18,272,13,0,285,0,285,0,400,115,272,285,285,,1,cabba82cf1d35ad654ba83f9dc6ccc12344fe0d395a2e43eaf756e0f119d3c29,25/06/2023 23:33:32,ESCANER
13151,"San Marcos",12,"San Marcos",1,1793,262,5,50,50,7,2,6,11,0,8,9,0,4,1,0,3,4,6,166,11,3,180,0,180,--,262,82,166,180,180,Algún campo sin dato,1,e8d6ce7bd942d8049ac4f6a70c2103213be0e4220774e66949b6235ab12e6c5e,26/06/2023 03:25:47,ESCANER
13152,"San Marcos",12,"San Marcos",1,1793,261,2,45,53,5,0,2,8,1,19,10,2,10,0,1,6,3,9,176,9,0,185,0,185,--,261,76,176,185,185,Algún campo sin dato,1,8f657b07afd3931e36dec11b708bcd35c8d1f2958794bd170ad7e1916737ecc1,26/06/2023 01:03:42,ESCANER
13153,"San Marcos",12,"San Marcos",1,1794,400,9,83,108,7,4,11,8,5,9,11,0,12,0,1,12,3,9,292,6,1,299,0,299,0,400,101,292,299,299,,1,2129730b7e445be0c6e5b05fe76579a4993fd8f591e907ec87a7148a84585243,26/06/2023 00:55:02,ESCANER
13154,"San Marcos",12,"San Marcos",1,1794,400,11,90,118,5,3,7,4,5,14,16,0,11,2,7,1,5,6,305,10,1,316,0,316,0,400,84,305,316,316,,1,0468ab4a29ea7dde720fd6907531e8ff5160df5f29d961d29123de06ebf4c009,26/06/2023 00:29:49,ESCANER
13155,"San Marcos",12,"San Marcos",1,1794,400,8,71,103,5,5,15,7,0,9,19,1,9,0,1,9,9,12,283,3,0,286,0,286,1,400,110,283,286,286,,1,74deb3d9e34135849c74591fe84f8e9e4d29414fa8465780e2cdf693ba9120ca,26/06/2023 00:34:29,ESCANER
13156,"San Marcos",12,"San Marcos",1,1794,400,13,64,103,4,1,4,8,6,14,20,2,11,0,4,5,9,9,277,7,0,284,0,284,0,400,116,277,284,284,,1,f67fdbf481030781f62570fab1f1c0d599b67d9b8d8d21f6d98a8dd0ca0b9078,26/06/2023 00:26:15,ESCANER
13157,"San Marcos",12,"San Marcos",1,1794,400,5,76,101,7,1,11,2,4,18,12,1,8,2,2,10,3,11,274,15,1,290,0,290,1,400,0,274,290,290,,1,7fd446430b8f953b6479ddcd3d40d3fd206c8d38e3d29e05f54eb80fd89173ad,26/06/2023 00:20:49,ESCANER
13158,"San Marcos",12,"San Marcos",1,1794,400,9,65,92,9,0,9,5,1,18,18,0,7,1,1,4,8,3,251,7,1,259,0,259,1,400,140,250,258,258,Sumas Asentadas sin cuadrar,1,1e222460549714e761d62257fd529080a147180394219e36fd12d6896f2411f5,26/06/2023 00:49:12,ESCANER
13159,"San Marcos",12,"San Marcos",1,1794,201,5,47,47,2,0,0,3,1,17,7,1,3,0,2,3,2,5,145,1,1,147,0,147,0,217,70,145,147,147,,1,209005d85cc388c1cd61a731f56c43d25d8caaf36f8f8169e4552ac503194c9e,25/06/2023 23:07:06,ESCANER
13160,"San Marcos",12,"San Marcos",1,1794,201,6,26,62,1,0,6,0,2,9,5,0,6,0,1,3,2,3,132,0,1,133,0,133,--,201,68,132,133,133,Algún campo sin dato,1,a5842ecbc8f26db74dc153e6ab6175aed5e822c5600748f4243d0cca8d4f9d0b,25/06/2023 22:00:00,ESCANER
13161,"San Marcos",12,"San Marcos",1,1795,400,10,66,83,13,1,13,4,3,17,14,4,15,2,7,5,6,12,275,14,2,291,0,291,0,400,109,275,291,291,,1,3618312758420614e03cb276e40b56df9c0b69d6f3d03b9c9c010cbb04dd0755,25/06/2023 23:58:16,ESCANER
13162,"San Marcos",12,"San Marcos",1,1795,400,7,77,89,12,3,8,8,1,19,7,4,21,1,5,9,5,7,283,10,0,293,0,293,0,400,107,283,293,293,,1,c8e90e0c27091204801c0cfac408e0f8d47dbd16b528afc770307ec3647069ab,26/06/2023 01:24:21,ESCANER
13163,"San Marcos",12,"San Marcos",1,1795,400,8,73,101,11,0,10,10,4,17,11,2,9,0,5,7,3,10,282,7,0,289,0,289,--,--,--,281,288,288,Sumas Asentadas sin cuadrar,1,0b805cf46745b0a83fc9a5e7346f35f3e81de065a8919b81db4f9dca7e2c05b7,26/06/2023 01:02:07,ESCANER
13164,"San Marcos",12,"San Marcos",1,1795,400,13,70,87,10,5,12,7,1,14,8,2,19,1,6,10,9,6,280,5,1,286,0,286,1,--,--,280,286,286,Algún campo sin dato,1,9992948e741b28ae23130c91b5c057d3e32c5a4b60bcac72ceb9906537cbb361,26/06/2023 01:22:23,ESCANER
13165,"San Marcos",12,"San Marcos",1,1795,400,8,60,95,14,3,16,6,3,22,9,1,9,0,2,12,10,13,283,8,1,292,0,292,0,400,108,283,292,292,,1,a636b1015564854a28a4481cca49ef84cddb07ca1625b7977fa96b19c93a554b,26/06/2023 01:17:36,ESCANER
13166,"San Marcos",12,"San Marcos",1,1795,388,6,56,91,11,1,11,1,2,25,8,5,11,2,1,6,7,5,249,10,1,260,0,260,0,388,128,249,260,260,,1,ce397746c6f01333280fa14e334807da82804a33add33fefb7e93b4ae8b9dc61,26/06/2023 00:20:27,ESCANER
13167,"San Marcos",12,"San Marcos",1,1795,388,5,64,92,8,0,4,6,1,28,9,1,9,2,1,9,11,7,257,4,0,261,0,261,0,388,127,257,261,261,,1,1d220e28f2062408806ea981d2075623febf03dd92ab823d6f518433b810b31a,26/06/2023 00:37:02,ESCANER
13168,"San Marcos",12,"San Marcos",1,1796,400,4,58,94,16,1,4,4,5,5,2,4,4,2,3,4,1,12,223,21,5,249,0,249,0,390,141,223,249,249,,1,26733d9cfe866c66aeda28360506dff7755ae66a4e13529a832711bb787f3fa4,26/06/2023 00:25:10,ESCANER
13169,"San Marcos",12,"San Marcos",1,1796,400,1,92,86,15,1,4,3,3,5,2,8,4,1,1,5,0,15,271,23,2,271,1,272,1,400,128,246,271,272,Sumas Asentadas sin cuadrar,1,f04ef2834fe8f91fad7cc49b16a4ab2c5b3f15a1ccc85f490f52801a9814b647,26/06/2023 00:06:15,ESCANER
13170,"San Marcos",12,"San Marcos",1,1796,400,3,59,91,20,2,5,6,4,10,5,2,5,0,3,6,1,11,233,16,1,250,0,250,0,400,150,233,250,250,,1,0f108ce20ddf3a81bb4d9100073101fa699fb08e1c228f5b25d56d883a34e91e,26/06/2023 00:13:32,ESCANER
13171,"San Marcos",12,"San Marcos",1,1796,400,5,85,100,13,0,6,6,3,5,3,3,7,1,0,3,0,9,249,11,4,264,0,264,0,400,136,249,264,264,,1,11052f3ca7997a9b967bdc55173f33d38e3023f3889006415a3a4a0990338280,26/06/2023 01:05:56,ESCANER
13172,"San Marcos",12,"San Marcos",1,1796,400,8,73,96,8,1,4,3,4,0,4,4,8,2,0,2,0,9,225,11,6,17,0,242,--,400,242,226,243,243,Sumas Asentadas sin cuadrar,1,f4618c3fc42b3bade7cd4e5c7dcd6224d2dbe52e1698118e425dc505f1e9588e,26/06/2023 00:24:48,ESCANER
13173,"San Marcos",12,"San Marcos",1,1796,275,5,47,58,3,3,7,6,1,5,4,8,0,0,3,1,0,10,161,3,0,164,0,164,0,272,108,161,164,164,,1,0b219335fd61f9ee12c9f0216740fd8b592f39700c1cb947ce546fc30bb3ec1d,25/06/2023 23:41:38,ESCANER
13174,"San Marcos",12,"San Marcos",1,1796,274,0,49,64,6,1,6,4,1,3,3,0,1,1,0,3,0,5,147,7,2,156,9,165,--,274,109,147,156,165,Algún campo sin dato,1,0a565bbb525e7212fdeec179675efb1b9e8828fd6e96edaacd573f4d435c41dc,25/06/2023 20:49:22,ESCANER
13175,"San Marcos",12,"San Marcos",1,1797,380,3,99,70,8,1,2,0,3,3,1,0,4,0,3,1,0,17,215,19,5,239,0,239,0,380,141,215,239,239,,1,d897616734af66759d9927333b67b5a8e6bce6b70d874a325e2d22c3e99f962d,25/06/2023 23:05:12,ESCANER
13176,"San Marcos",12,"San Marcos",1,1797,380,0,116,92,0,0,1,1,1,1,0,3,5,0,4,1,0,19,244,12,1,257,0,257,0,380,123,244,257,257,,1,ba3109a6460920418c8b136acbe51cd0ec549986ee307fb2acea85cab94bc27a,25/06/2023 23:18:20,ESCANER
13177,"San Marcos",12,"San Marcos",1,1797,380,4,82,68,2,1,1,3,5,0,2,1,2,0,3,1,1,10,186,25,1,212,0,212,0,380,168,186,212,212,,1,fe923db0eac89a2f5d5208b8912bd118bb470a578ead897f00c65bc479bc7481,25/06/2023 23:56:50,ESCANER
13178,"San Marcos",12,"San Marcos",1,1797,380,7,91,57,3,0,1,3,3,1,2,0,2,0,6,2,1,8,187,9,2,198,0,198,1,380,182,187,198,198,,1,9a335ba48014cd588e8352ae20c93dcec95ae05b63b34b9ec8d05ee07b5f26c3,26/06/2023 00:46:30,ESCANER
13179,"San Marcos",12,"San Marcos",1,1797,200,1,41,43,2,0,0,0,1,1,0,0,1,0,4,0,0,7,101,9,1,111,0,111,0,197,86,101,111,111,,1,fe505a7f1ab351fc1d0ab4d1f9d19508395e24fcba1b30e89c9867a360792896,25/06/2023 22:24:20,ESCANER
13180,"San Marcos",12,"San Marcos",1,1797,199,2,52,38,0,0,0,1,0,2,1,1,2,0,1,0,0,3,103,2,0,105,0,105,0,199,94,103,105,105,,1,8a88c8efa1959dc16653529d6d8c6c6fc77cf63d7f76a235e655b0eea6fc89a0,25/06/2023 22:58:18,ESCANER
13181,"San Marcos",12,"San Marcos",1,1798,380,3,55,98,3,0,8,2,5,3,4,7,4,0,3,1,0,5,201,37,9,247,0,247,0,380,133,201,247,247,,1,c739124294fdb8ab23b5a19046a1f1e3881519be54e2b7b5ba1b7e360ea474a7,26/06/2023 00:06:37,ESCANER
13182,"San Marcos",12,"San Marcos",1,1798,380,6,47,96,1,1,5,2,1,0,4,5,3,0,6,1,2,8,188,15,9,212,0,212,0,377,165,188,212,212,,1,92476faf9cb9b0fa6f5d31a26075f16585f749899acd7b07e04ea2c26d66cdfa,26/06/2023 01:15:39,ESCANER
13183,"San Marcos",12,"San Marcos",1,1798,380,3,45,96,3,1,9,6,3,1,3,7,4,1,2,0,1,6,191,15,6,212,2,214,2,380,166,191,212,214,,1,b21fac7657e3d55bbbdfa626893e4ff805ea7d0e4676ad074c0f41d594c52e67,25/06/2023 23:51:12,ESCANER
13184,"San Marcos",12,"San Marcos",1,1798,230,0,30,49,2,0,7,2,4,3,2,4,5,1,1,1,1,7,119,13,0,132,0,132,0,230,98,119,132,132,,1,9cc508c6b40622510efdbc52d3c168e9874f82d89e0561aaedcaf134f6282f8e,26/06/2023 00:44:57,ESCANER
13185,"San Marcos",12,"San Marcos",1,1798,229,4,33,37,0,0,6,2,1,3,0,2,5,0,2,1,1,1,98,4,1,103,0,103,0,229,126,98,103,103,,1,59db60097f25800b77dcb4318dbfb991dd4f052d118920994cf2a45ceaf93cd9,25/06/2023 23:23:19,ESCANER
13186,"San Marcos",12,"San Marcos",1,1799,380,2,91,49,2,2,1,4,2,2,4,0,3,1,5,0,0,18,186,26,9,221,0,221,0,380,159,186,221,221,,1,c998f27afc469ba0fa8f18c2c561f26325ec1c7e4cbb36383c633b6f17c3e215,26/06/2023 00:03:02,ESCANER
13187,"San Marcos",12,"San Marcos",1,1799,380,4,89,59,3,1,1,0,3,4,2,2,1,0,2,2,0,13,186,24,3,213,0,213,0,380,167,186,213,213,,1,0f812a960ef55926da3ba54fa00d9eab6343f72b074123ea15ed5409c42c5bb6,25/06/2023 23:13:34,ESCANER
13188,"San Marcos",12,"San Marcos",1,1799,380,0,87,72,5,0,3,4,3,0,1,2,5,0,2,0,0,16,200,18,5,223,0,223,0,380,157,200,223,223,,1,61117ad6a48e139e28bf05c7115a2c27120f4a1338417b9974250ee98cc45f20,26/06/2023 01:49:54,ESCANER
13189,"San Marcos",12,"San Marcos",1,1799,380,2,105,72,1,1,1,6,4,2,1,0,1,0,3,4,0,16,219,39,8,266,0,266,0,380,111,219,266,266,,1,b8b10c491570e1303151184998aabf94ffc79725f7fda24013407d07e509e14c,26/06/2023 01:27:07,ESCANER
13190,"San Marcos",12,"San Marcos",1,1799,380,2,72,53,1,0,2,4,2,2,1,2,3,0,1,1,0,10,156,9,0,165,0,165,0,380,215,156,165,165,,1,2bc5188c70624fe581966729018bb9af2321aaa2e0af059d400491a2a4b2f494,26/06/2023 01:58:20,ESCANER
13191,"San Marcos",12,"San Marcos",1,1799,380,2,61,74,1,1,1,5,1,1,3,1,5,0,2,1,0,9,168,20,0,188,0,188,0,380,192,168,188,188,,1,f8b7127ee959b5b3c7c50331992948d4d1b53902bb9f5f5badf495c5ffb35bc0,25/06/2023 22:58:53,ESCANER
13192,"San Marcos",12,"San Marcos",1,1799,274,0,67,38,2,0,1,3,2,0,0,0,3,0,3,0,0,14,133,8,2,143,0,143,--,274,131,133,143,143,Algún campo sin dato,1,88a883ee16e63fb260b0070bf7811570fb6c7de8a9030b08840bb4d7c110a4df,25/06/2023 21:49:33,ESCANER
13193,"San Marcos",12,"San Marcos",1,1799,273,1,37,34,0,0,0,1,0,2,0,2,1,0,0,2,0,15,95,8,3,106,0,106,0,73,167,95,106,106,,1,79d1678080b018b4ebaf5a8d5014a087e493b6983189cc13fe74e0da1fbc5a7f,26/06/2023 04:38:47,ESCANER
13194,"San Marcos",12,"San Marcos",1,1800,380,9,41,111,4,1,7,3,6,2,8,5,9,0,4,1,3,15,229,18,5,252,0,252,--,380,128,229,252,252,Algún campo sin dato,1,10c7b4b36bf24642469f9cac4640dbc44ec5a281e0e7b24569448f8c461dceb0,26/06/2023 05:06:44,ESCANER
13195,"San Marcos",12,"San Marcos",1,1800,380,5,41,125,12,5,8,12,12,6,3,5,13,1,5,1,0,21,247,20,5,272,0,273,0,380,107,275,300,300,Sumas Asentadas sin cuadrar,1,c2c047f514f50add4a01e4fee6dcc119a756de2c3d5fb26c99a465664c6894a4,26/06/2023 02:46:06,ESCANER
13196,"San Marcos",12,"San Marcos",1,1800,380,4,23,120,5,1,5,5,4,2,2,1,13,0,3,3,2,22,215,11,3,229,0,229,0,377,148,215,229,229,,1,3c39c00c50b3dff8449b26d3b97b1b0213e41b9403172db1a4819389d9ed530e,26/06/2023 02:37:50,ESCANER
13197,"San Marcos",12,"San Marcos",1,1800,380,5,35,115,4,2,6,6,4,0,4,2,18,1,0,2,0,7,211,13,3,227,0,227,0,380,153,211,227,227,,1,0c2ad05b8a58e7b2f9c61bdbe3778321b159fff5f807dc65576d6e42ba181759,26/06/2023 02:42:22,ESCANER
13198,"San Marcos",12,"San Marcos",1,1800,380,5,36,133,9,2,4,1,6,2,4,4,8,0,2,0,1,14,231,19,4,254,0,254,0,380,126,231,254,254,,1,c89c9818274ba4b1f5e111e44e4e2a474b0391fd8834b0f829597c3b19d3937e,26/06/2023 01:20:58,ESCANER
13199,"San Marcos",12,"San Marcos",1,1800,380,9,24,102,4,0,5,7,4,3,0,3,7,1,0,1,0,6,176,10,6,192,0,192,0,380,188,176,192,192,,1,60f64042f7d949b3d5cf598d8fe185859d825eafe571ece3c5b31084c10e6c09,25/06/2023 23:54:27,ESCANER
13200,"San Marcos",12,"San Marcos",1,1800,199,0,18,55,4,0,5,3,2,1,5,1,2,0,0,2,0,3,101,4,1,106,0,106,--,199,93,101,106,106,Algún campo sin dato,1,a118eba073330b9c79eb6fbb3c00e61d8d3fee7674a0ed39fca01598909861d9,25/06/2023 22:46:27,ESCANER
13201,"San Marcos",12,"San Marcos",1,1800,199,3,19,53,3,0,4,1,2,2,2,4,2,0,0,0,0,3,98,1,0,99,0,99,--,199,100,98,99,99,Algún campo sin dato,1,0db2c432a465c932adf429ce03f29a3311a4eb55ac31ae276c83402add18c36d,25/06/2023 21:23:11,ESCANER
13202,"San Marcos",12,"San Marcos",1,1801,380,3,71,102,3,0,40,2,2,3,2,4,16,1,3,3,1,6,263,14,5,282,0,282,--,380,98,262,281,281,Sumas Asentadas sin cuadrar,1,cc83e45f4915dd6b596d6a987028a654c28040faf087393eae89ff4665906e90,26/06/2023 02:51:11,ESCANER
13203,"San Marcos",12,"San Marcos",1,1801,380,1,80,99,3,0,40,2,3,3,3,0,8,0,4,1,1,10,258,12,6,276,0,276,0,377,101,258,276,276,,1,7db3b269bebe13eb2a39567ff00e72b86fd10c05d7d5fca10cb3ba6ff7c7b61f,26/06/2023 01:15:17,ESCANER
13204,"San Marcos",12,"San Marcos",1,1801,380,2,62,100,6,0,52,5,3,2,7,1,11,1,0,0,0,3,255,7,0,262,1,263,0,380,117,255,262,263,,1,697ca893245c01cd5c0da460af6ec760fd5a25b831ebf9a52b5f98c8b2bbd4a0,26/06/2023 01:20:20,ESCANER
13205,"San Marcos",12,"San Marcos",1,1801,380,2,78,107,1,1,40,2,0,1,1,1,10,1,5,1,1,9,261,9,2,272,0,272,0,380,108,261,272,272,,1,69bb99448527f027f7e6597a015e50b0ed3e8819c737ea1c1590b6cddafb306a,26/06/2023 01:21:38,ESCANER
13206,"San Marcos",12,"San Marcos",1,1801,380,3,66,12,3,0,37,0,2,0,4,3,14,3,2,2,1,10,67,15,3,285,0,285,--,375,110,162,180,180,Sumas Asentadas sin cuadrar,1,3d360512dee0f483affca727381f27635a03b7978b745c223b0ddd6e7ad08ddc,26/06/2023 04:40:28,ESCANER
13207,"San Marcos",12,"San Marcos",1,1801,380,1,56,91,3,2,42,3,2,5,4,0,5,0,2,3,1,7,227,9,0,236,0,236,0,377,141,227,236,236,,1,b6af48c042cd4a4dc95a280827e7d45281b13183bef3877f41c8619da30ce280,26/06/2023 01:52:12,ESCANER
13208,"San Marcos",12,"San Marcos",1,1801,204,1,31,54,0,0,13,5,1,2,2,1,3,0,0,0,3,3,119,1,0,120,0,120,0,204,84,119,120,120,,1,2cd059a00220434ae0b331e9fc51671be4f95687f8aaf5327fbb8b5a554eacbc,25/06/2023 23:15:53,ESCANER
13209,"San Marcos",12,"San Marcos",1,1801,203,1,22,45,1,0,17,0,1,4,2,0,9,0,1,0,0,1,104,5,3,112,0,112,0,203,91,104,112,112,,1,3f42c283e6d459838e43e87867b33c986cf5abf10ca2f6e53a6d3b9f66546ae9,26/06/2023 00:29:43,ESCANER
13210,"San Marcos",12,"San Marcos",1,1802,600,3,68,83,8,0,9,1,4,11,4,0,15,0,3,6,2,8,225,14,3,242,0,242,0,596,354,225,242,242,,1,24a1af9fd99e5f7f40520ea3097d57f3327d77a262ceb0d2c647bfb98361ac02,26/06/2023 02:19:18,ESCANER
13211,"San Marcos",12,"San Marcos",1,1802,600,7,60,97,8,5,9,5,6,11,8,2,7,0,5,9,4,10,253,22,3,278,0,278,0,600,322,253,278,278,,1,f7eebeb778bcc5ba36fc0547144b90f5d3665f26fd6c8d7a33d2b8277e041462,26/06/2023 00:11:31,ESCANER
13212,"San Marcos",12,"San Marcos",1,1802,399,2,38,36,2,0,5,4,1,6,5,0,6,1,2,3,4,6,121,6,1,128,0,128,0,396,268,121,128,128,,1,781bad3274335ea3947edb40208e8e91401ff0a884e5f34f608c3eddf40a8aed,25/06/2023 23:55:01,ESCANER
13213,"San Marcos",12,"San Marcos",1,1802,399,0,12,14,1,0,1,0,2,3,1,1,2,0,1,1,0,1,40,0,0,40,0,40,0,396,356,40,40,40,,1,e2ccd5661cbf044eabc6ca78431fb303b85f84f36a74e33a44e6d8f458a8f79e,26/06/2023 00:05:56,ESCANER