﻿TIPO_DE_ELECCIÓN:,CORPORACIÓN MUNICIPAL
28 junio 2023 21:35 (UTC -6)
ACTAS_ESPERADAS,ACTAS_CAPTURADAS,PORCENTAJE_ACTAS_CAPTURADAS,ACTAS_CONTABILIZADAS,PORCENTAJE_ACTAS_CONTABILIZADAS,ACTAS_NO_CONTABILIZADAS,LISTA_NOMINAL_ACTAS_CONTABILIZADAS,VOTOS_EMITIDOS_CONTABILIZADAS,PORCENTAJE_PARTICIPACIÓN_CIUDADANA
71,71,100.0000,71,100.0000,0,25822,13287,51.4561

MESA,DEPARTAMENTO,ID_DEPARTAMENTO,MUNICIPIO,ID_MUNICIPIO,CENTRO_DE_VOTACIÓN,PADRÓN,CREO,PHG,UNE,CABAL,TODOS,AZUL,VICTORIA,VIVA,PODEMOS,PPN,VALOR,WINAQ,UR,MLP,ELEFANTE,BIEN,PODER,VAMOS,VÁLIDOS,NULOS,BLANCO,EMITIDOS,INVÁLIDOS,TOTAL,IMPUGNACIONES,PAPELETAS-RECIBIDAS,PAPELETAS-NO-USADAS,VALIDOS_CALCULADO,EMITIDOS_CALCULADO,TOTAL_CALCULADO,OBSERVACIONES,CONTABILIZADA,CÓDIGO_INTEGRIDAD,FECHA_HORA_PUBLICACIÓN,DIGITALIZACIÓN
13757,"San Marcos",12,"Tajumulco",9,1915,400,10,3,29,127,14,1,20,3,7,6,2,1,3,0,0,2,2,10,240,20,3,263,0,263,--,400,137,240,263,263,Algún campo sin dato,1,3c418b5a315e07229c79e76867ac8b265c18c010d06f92970773320d018fb89d,26/06/2023 01:20:09,ESCANER
13758,"San Marcos",12,"Tajumulco",9,1916,400,9,12,33,110,29,1,7,6,3,1,1,1,2,0,0,1,1,17,234,21,6,261,0,261,0,400,139,234,261,261,,1,ade74fc77b7aa747cf8a1b09eb2bce9496db5751fc90ec82916801358a9f38b3,26/06/2023 05:30:42,MOVIL
13759,"San Marcos",12,"Tajumulco",9,1916,400,8,10,37,109,26,1,31,1,5,0,2,1,1,1,0,1,0,14,248,12,11,271,0,271,--,400,129,248,271,271,Algún campo sin dato,1,3bdaf05ff65db4ca0e4392eb5d59d1983b80443b9962c496a962effbd532a861,26/06/2023 03:14:47,MOVIL
13760,"San Marcos",12,"Tajumulco",9,1916,400,7,3,28,130,36,0,39,3,3,4,0,0,2,0,0,0,0,11,266,11,6,283,0,283,--,400,117,266,283,283,Algún campo sin dato,1,5b8e193c85e336987015eb2d0ed8ca7b80a3897c90c5b9d27df58c859519261e,26/06/2023 03:38:43,MOVIL
13761,"San Marcos",12,"Tajumulco",9,1916,400,10,6,44,119,34,2,19,1,4,6,1,2,0,0,0,0,1,16,266,16,7,289,0,289,--,397,109,265,288,288,Sumas Asentadas sin cuadrar,1,0bd3ca5026058bf4ef71d8b1f7d9684576a58fa110d65fa0a6f0b4c5d0241774,26/06/2023 04:10:52,MOVIL
13762,"San Marcos",12,"Tajumulco",9,1917,400,6,4,39,100,31,2,16,1,5,3,3,0,3,4,1,3,0,23,244,21,10,275,0,275,--,400,125,244,275,275,Algún campo sin dato,1,cbaaab1aac0419c4d0f89d88c511289d9260c7e3e35b5912633c2806ddd5ad77,25/06/2023 23:48:59,ESCANER
13763,"San Marcos",12,"Tajumulco",9,1918,400,11,3,37,114,31,2,22,2,5,4,1,2,2,0,1,2,2,20,261,22,7,261,0,290,0,400,110,261,290,290,Sumas Asentadas sin cuadrar,1,c362567781854d266bb6ad67c0733fa57fcadfb37c90c157d2ecaf76e73c3f5f,26/06/2023 04:26:32,MOVIL
13764,"San Marcos",12,"Tajumulco",9,1919,400,7,12,43,117,27,3,20,2,4,1,3,0,2,2,0,4,0,20,267,17,10,294,0,294,--,400,106,267,294,294,Algún campo sin dato,1,1fd0da3c9679b601082388d3a131d7c582a6d9269f00492b19542ff5c879b6fe,26/06/2023 03:10:26,ESCANER
13765,"San Marcos",12,"Tajumulco",9,1919,400,6,1,19,85,21,0,22,0,3,1,1,2,0,0,0,0,1,16,178,9,8,195,0,195,--,400,205,178,195,195,Algún campo sin dato,1,c441748cf47471b672f2f47aede26d1688ec76a7b03218bb0ab2054fbbfe9d3f,26/06/2023 03:18:18,ESCANER
13766,"San Marcos",12,"Tajumulco",9,1919,400,12,4,25,77,24,1,18,0,1,3,1,0,2,0,0,2,1,17,188,9,5,202,0,202,--,400,198,188,202,202,Algún campo sin dato,1,ea1acdbfb8c4b42b5d43dc818d709c44a7a5cc20d714049800479fa0b5a2e0c2,26/06/2023 03:06:00,ESCANER
13767,"San Marcos",12,"Tajumulco",9,1919,400,15,2,32,95,25,1,17,0,2,4,1,1,2,1,0,2,1,19,220,5,2,227,0,227,--,400,173,220,227,227,Algún campo sin dato,1,a08c191026bb922f493e217e6702b49a556c3a494f058b336c581b14bd39aeee,26/06/2023 03:32:14,ESCANER
13768,"San Marcos",12,"Tajumulco",9,1919,400,9,6,32,93,18,1,17,0,1,5,3,1,0,0,0,0,1,22,209,6,5,220,180,400,--,--,--,209,220,400,Algún campo sin dato,1,6ffd96f28585e0177a1bdcef49ca84117ea891cb68ee393a0b53e1b62fceb6af,25/06/2023 23:13:41,ESCANER
13769,"San Marcos",12,"Tajumulco",9,1919,400,11,5,25,77,15,3,17,2,2,2,1,0,2,1,0,0,0,13,176,12,4,192,0,192,--,400,208,176,192,192,Algún campo sin dato,1,234a16bfb2f739aa35b45df516495703227a1ebb600328a201b14d7e7ed21bda,26/06/2023 01:36:09,ESCANER
13770,"San Marcos",12,"Tajumulco",9,1919,400,7,5,31,75,14,1,14,0,2,0,1,0,2,2,0,1,0,19,174,1,1,176,0,176,--,400,224,174,176,176,Algún campo sin dato,1,0b0e99ba2d06cc3ec4d0fe6846bf534bf65a616205620640fdb699607ee8f682,25/06/2023 22:53:48,ESCANER
13771,"San Marcos",12,"Tajumulco",9,1919,400,5,3,23,71,24,0,17,1,0,2,0,0,0,1,0,4,0,13,164,3,1,168,0,168,--,400,232,164,168,168,Algún campo sin dato,1,b2317e7f582af62e9bcc25753e2d39ffb26a37c96b3cd3293a9bf118774bd00a,26/06/2023 01:43:22,ESCANER
13772,"San Marcos",12,"Tajumulco",9,1919,374,8,2,20,67,20,1,6,0,2,3,0,0,1,1,0,3,0,8,142,6,2,150,0,150,--,374,224,142,150,150,Algún campo sin dato,1,237c2fdc9d44dfaeef2ee3a6ec12bcbfd0921fa9adc7681632a53cce2797248a,26/06/2023 02:30:59,ESCANER
13773,"San Marcos",12,"Tajumulco",9,1919,374,7,4,18,75,14,2,19,1,1,2,2,0,0,1,1,5,1,12,165,6,7,178,0,178,--,376,198,165,178,178,Algún campo sin dato,1,6ba6efc0540141fb81c9963df387b4baed108b27479b42de2ecf41c424cfb5ea,26/06/2023 01:55:38,ESCANER
13774,"San Marcos",12,"Tajumulco",9,1920,380,9,12,70,58,32,0,5,32,3,0,1,0,1,0,0,3,2,30,258,14,7,279,0,279,--,380,101,258,279,279,Algún campo sin dato,1,bbdc3017060293836a09d0d28c7efad8a241970a7d8a6937f2b7f7b892a1e3f2,26/06/2023 02:32:34,ESCANER
13775,"San Marcos",12,"Tajumulco",9,1920,380,6,7,50,59,29,1,2,42,5,1,2,0,2,1,0,1,1,16,225,10,6,241,0,241,--,377,136,225,241,241,Algún campo sin dato,1,0a178c58b35fb036fa2283b1aef496ef96f9c5b9b90f47a1e7ca2a149fc01eed,26/06/2023 02:35:24,ESCANER
13776,"San Marcos",12,"Tajumulco",9,1920,380,5,10,50,62,29,0,5,35,2,0,1,1,0,1,0,2,2,23,228,5,0,233,0,233,--,380,147,228,233,233,Algún campo sin dato,1,d42539e5a9467d0e1a0ec2929026ad6062fc682a87a56b62469828dbb19102ab,26/06/2023 00:29:34,ESCANER
13777,"San Marcos",12,"Tajumulco",9,1920,380,10,13,49,57,24,1,3,37,1,0,1,0,1,1,0,0,1,18,217,12,9,238,0,238,--,380,42,217,238,238,Algún campo sin dato,1,d6ba11cf1f6fafdeb556176cd65f4f3fc450bca48f5603ace280e2be5b27bb61,26/06/2023 01:42:36,ESCANER
13778,"San Marcos",12,"Tajumulco",9,1920,255,9,5,19,29,14,0,3,32,1,0,0,0,0,0,0,0,1,13,126,3,2,131,0,126,--,255,124,126,131,131,Sumas Asentadas sin cuadrar,1,205f809e7cfe7d0c664cf7273143c65959319b7546697e4f879adb310169325a,26/06/2023 01:10:20,ESCANER
13779,"San Marcos",12,"Tajumulco",9,1920,255,8,6,24,20,15,0,1,23,2,0,0,0,0,0,0,1,2,12,114,7,2,123,0,123,--,255,132,114,123,123,Algún campo sin dato,1,4133fc9106658cdf675a3e27e132c57ab686cc7b573c1f579b5c3d859442b0d4,26/06/2023 00:22:17,ESCANER
13780,"San Marcos",12,"Tajumulco",9,1921,380,31,11,32,27,5,1,30,4,3,6,--,--,1,1,2,1,--,15,170,17,5,--,--,192,--,380,188,170,192,192,Algún campo sin dato,1,4790f520a4f2072797b9b22e17baa0157e51e723b001821bef4ecab2606af60c,26/06/2023 05:55:06,MOVIL
13781,"San Marcos",12,"Tajumulco",9,1921,380,27,7,31,25,7,1,34,0,3,5,2,0,0,0,1,1,0,6,150,17,5,172,--,--,0,381,209,150,172,172,Algún campo sin dato,1,16ba253442f7652e315ede95941a7753fbf32a73e96c8d6213fb5a7cc44f4169,26/06/2023 05:17:19,MOVIL
13782,"San Marcos",12,"Tajumulco",9,1921,380,23,8,21,38,8,0,36,1,2,5,0,0,2,0,0,0,0,5,149,20,6,175,0,175,0,380,205,149,175,175,,1,46093c97239dc0da6eb87b8424f8aa16c549182eca33d8180e00feb6f517c5ce,26/06/2023 05:44:55,MOVIL
13783,"San Marcos",12,"Tajumulco",9,1922,282,28,2,13,22,8,2,18,0,2,7,0,0,0,0,0,0,0,5,107,7,11,125,18,125,0,279,154,107,125,143,Sumas Asentadas sin cuadrar,1,af90593ab91ae2df178ed50637db8516fef8bfbefee7bcadd07206d64879c88a,26/06/2023 05:12:50,MOVIL
13784,"San Marcos",12,"Tajumulco",9,1922,281,14,5,19,15,3,0,22,0,0,1,1,0,0,0,0,0,0,4,84,2,2,88,--,88,0,278,190,84,88,88,Algún campo sin dato,1,ce5b2354f6b1547d012fbdb80c4ee4b8a6bc1b790996d9983e81486cdf87a5a7,26/06/2023 05:31:20,MOVIL
13785,"San Marcos",12,"Tajumulco",9,1923,380,17,1,35,57,14,2,4,0,2,4,1,0,2,1,15,1,0,15,171,10,9,190,0,190,--,380,190,171,190,190,Algún campo sin dato,1,f7b36c91a2989c553fc45142d4d01ca72506cceb1a0d6c5c02f9b2c867d46d65,26/06/2023 05:48:00,ESCANER
13786,"San Marcos",12,"Tajumulco",9,1923,246,10,2,28,20,8,0,6,0,0,6,1,0,0,0,8,0,0,6,95,14,6,115,0,115,--,243,128,95,115,115,Algún campo sin dato,1,c77aee8c12615dd921f86d3a3ef84caeda2efd4c602248c009a664ca73c479b1,26/06/2023 05:56:01,ESCANER
13787,"San Marcos",12,"Tajumulco",9,1923,246,9,5,21,21,10,0,10,0,1,3,1,0,0,0,7,0,0,1,89,3,9,101,0,101,--,246,145,89,101,101,Algún campo sin dato,1,e52ae51f9a1c5d4668fa17b9ee46c1a97a3727661d420f3091b09e6e12f2b608,26/06/2023 05:46:53,ESCANER
13788,"San Marcos",12,"Tajumulco",9,1924,380,11,1,50,39,18,3,17,8,13,3,0,0,0,0,0,0,0,1,164,19,5,--,--,--,--,--,--,164,188,188,Algún campo sin dato,1,bc7a55a0023a882861a3ac1c71633e14d563a52971ec5dc34302f99eb0555744,26/06/2023 03:31:24,ESCANER
13789,"San Marcos",12,"Tajumulco",9,1924,380,4,1,48,41,26,2,16,0,13,8,2,0,2,0,0,0,0,2,165,18,6,189,0,189,--,380,191,165,189,189,Algún campo sin dato,1,6af211a131c0171fb6a42063c129ea3d6d449a8b4797e1afd53c776baede25c4,26/06/2023 03:41:32,ESCANER
13790,"San Marcos",12,"Tajumulco",9,1925,330,4,0,26,28,16,1,9,2,17,7,4,0,1,0,0,0,2,1,118,7,13,138,0,138,--,330,192,118,138,138,Algún campo sin dato,1,d50ca6026a48d4bc3342486c2b7317cab6aa16a79ac1283e5c0a5f9ae4e67efa,26/06/2023 04:03:14,ESCANER
13791,"San Marcos",12,"Tajumulco",9,1925,329,7,0,28,25,20,0,12,1,2,4,1,0,0,0,0,0,0,1,101,9,0,110,0,110,--,326,216,101,110,110,Algún campo sin dato,1,53925293cdf3609ed18d2e850ca448a43cf6d25939f62e8178ac2f24aac98623,26/06/2023 03:42:02,ESCANER
13792,"San Marcos",12,"Tajumulco",9,1926,380,54,2,52,22,4,2,7,2,4,3,1,0,0,0,3,2,0,4,162,28,12,202,0,202,--,380,178,162,202,202,Algún campo sin dato,1,03ec65f233a77e1f654240b7d5bfe310be180ee391312c64c78f1222a6d0c311,26/06/2023 06:16:07,ESCANER
13793,"San Marcos",12,"Tajumulco",9,1926,380,36,0,36,23,11,3,3,4,2,1,0,0,1,1,3,1,0,9,134,21,9,164,0,164,--,380,216,134,164,164,Algún campo sin dato,1,09eebce86fb3fdfe4175a6af6e29f7f7c54bdd5dc8ba84df6fef1b11f0d24e7c,26/06/2023 05:53:24,ESCANER
13794,"San Marcos",12,"Tajumulco",9,1926,380,38,0,41,22,13,3,8,0,0,4,0,0,2,0,5,1,0,3,140,28,6,174,0,174,--,380,206,140,174,174,Algún campo sin dato,1,08e143f8ed84e5c7e94e2ce36a40b30848a0ba11c15de636f0693f76703596a6,26/06/2023 05:55:28,ESCANER
13795,"San Marcos",12,"Tajumulco",9,1926,364,34,3,43,18,11,1,0,5,1,0,0,0,0,0,1,1,0,7,125,29,7,161,0,161,0,364,203,125,161,161,,1,eab5d4a578ed2b494971b12d38c184b671b182b8ee06555458c6a74a793ae5b1,26/06/2023 06:01:50,ESCANER
13796,"San Marcos",12,"Tajumulco",9,1926,364,34,0,46,24,10,0,3,2,3,2,1,0,1,0,1,0,0,2,129,14,12,155,0,155,0,361,206,129,155,155,,1,a0b0dba612d84db229628f3edbe52ddaf3dadf8d3d287499a59595455602f9c8,26/06/2023 06:15:13,ESCANER
13797,"San Marcos",12,"Tajumulco",9,1927,380,5,0,37,42,40,0,8,1,2,0,2,0,0,2,1,1,0,3,188,29,13,230,0,230,--,377,147,144,186,186,Sumas Asentadas sin cuadrar,1,09b009cfd3129042fb62e78cc1ab8ab03c0a78230d29fc8f42007e848be431d6,26/06/2023 02:58:08,ESCANER
13798,"San Marcos",12,"Tajumulco",9,1927,380,1,33,46,32,56,1,11,2,0,10,2,0,0,0,0,2,0,10,213,38,15,266,0,266,--,377,111,206,259,259,Sumas Asentadas sin cuadrar,1,7c116e7ff7d83cf19ca229884bb0976800b56b8c37a74359ffcc2f19bd3bdfb0,26/06/2023 04:30:39,ESCANER
13799,"San Marcos",12,"Tajumulco",9,1927,380,5,19,41,31,54,2,9,0,0,9,6,0,0,0,1,0,0,2,172,21,5,205,0,205,--,377,172,179,205,205,Sumas Asentadas sin cuadrar,1,5baf121fa96fc11c0c124447699c51a4170a8a6575dec5e68fb52a013ffca93e,26/06/2023 02:14:55,ESCANER
13800,"San Marcos",12,"Tajumulco",9,1928,380,2,21,20,26,49,2,20,0,0,8,0,0,1,0,0,1,1,3,154,18,10,182,0,182,--,378,196,154,182,182,Algún campo sin dato,1,6b2a97565fd6d5d38f8164dddf524d3ff4868090bd1d25538d76a83c02d9b108,25/06/2023 22:50:19,ESCANER
13801,"San Marcos",12,"Tajumulco",9,1928,314,6,13,23,22,42,1,5,1,2,3,1,0,0,0,0,2,0,1,122,4,4,130,0,130,--,301,171,122,130,130,Algún campo sin dato,1,6e1b700af709232f660d84a4d77377e4f2dcc3e05bd0be64b21d4bcf4c4c2313,26/06/2023 02:19:47,ESCANER
13802,"San Marcos",12,"Tajumulco",9,1928,313,3,21,26,13,46,0,6,0,3,12,0,0,0,0,0,0,1,5,136,13,3,152,0,152,--,310,158,136,152,152,Algún campo sin dato,1,3e8f7c8e7b6531792dc7fd42161a4ebb3d8ee08ad8e0a46c4b8d29a741be69a4,26/06/2023 01:47:07,ESCANER
13803,"San Marcos",12,"Tajumulco",9,1929,380,3,3,67,20,35,2,15,3,5,5,3,0,0,0,0,1,1,4,167,29,5,201,0,201,--,201,179,167,201,201,Algún campo sin dato,1,1b9b4e9141c8d40a1f2f62cf0c3b9677bda25b4221da7730a657dd3be1bb1b26,26/06/2023 04:36:46,ESCANER
13804,"San Marcos",12,"Tajumulco",9,1929,380,12,2,53,13,62,1,24,3,5,7,1,0,3,2,1,0,4,7,200,7,14,221,13,234,--,379,145,200,221,234,Algún campo sin dato,1,fa5b85cf9af776d3b590241160a5b4f7ceb4df898c6bf2bfa725b320ccc9c92d,26/06/2023 04:41:31,ESCANER
13805,"San Marcos",12,"Tajumulco",9,1929,380,8,2,41,13,66,1,21,5,1,3,4,0,1,1,0,0,0,10,177,15,3,195,0,195,--,380,182,177,195,195,Algún campo sin dato,1,3dfe5144ccaebdfea2f8f776b8bdd99d8f854c7c8b59628a2c49b244d1678e24,26/06/2023 04:40:00,ESCANER
13806,"San Marcos",12,"Tajumulco",9,1929,306,2,0,38,15,35,2,5,0,1,2,1,0,2,0,0,0,0,9,112,8,7,127,0,127,--,306,179,112,127,127,Algún campo sin dato,1,3e626da3fb1b5aa55f2a91ea240c488a4f6244c38e413afee19010347fa4883d,26/06/2023 04:54:16,ESCANER
13807,"San Marcos",12,"Tajumulco",9,1929,306,6,2,17,12,25,1,7,1,4,0,2,0,0,0,0,0,0,5,82,3,4,89,10,99,0,305,206,82,89,99,,1,2e0cec8bcb787570f0d3cb5e352fad234bf8322c536c56c2dcdb6a8f9da3f925,26/06/2023 04:28:44,ESCANER
13808,"San Marcos",12,"Tajumulco",9,1930,380,3,4,45,57,76,0,2,1,6,0,4,1,1,1,0,1,0,15,217,9,10,236,0,236,--,380,144,217,236,236,Algún campo sin dato,1,bccd7cb558b4c09d7a1ee035a4382016d57d66e7201ff2e92c28b3512e218c48,26/06/2023 04:01:21,ESCANER
13809,"San Marcos",12,"Tajumulco",9,1930,380,3,2,39,49,92,1,2,0,25,0,1,1,0,0,0,0,0,4,219,15,19,253,0,253,--,380,127,219,253,253,Algún campo sin dato,1,2f473fd3a4bac9c3ada47370867b7913271b01e4881a8aa5f812fd4126ffedae,26/06/2023 04:17:11,ESCANER
13810,"San Marcos",12,"Tajumulco",9,1930,380,6,2,43,67,56,3,3,2,8,1,1,0,1,0,0,0,1,5,199,14,5,218,0,218,--,380,162,199,218,218,Algún campo sin dato,1,a462ea9852eb7da7e52fe41e06e95ad006ad57523751e02af37f92115d1e4041,26/06/2023 04:16:37,ESCANER
13811,"San Marcos",12,"Tajumulco",9,1930,362,5,4,33,52,52,2,5,3,12,1,0,--,1,--,--,--,1,6,177,9,6,192,0,192,--,362,170,177,192,192,Algún campo sin dato,1,5569880146293d96cb12371560359ae023ec1817254e767ea47c34eda39c15ed,26/06/2023 05:53:07,ESCANER
13812,"San Marcos",12,"Tajumulco",9,1930,362,5,6,16,57,49,0,4,1,14,1,1,0,2,0,0,0,0,0,156,5,4,165,0,165,0,362,197,156,165,165,,1,7031aa149eb6e496ff855c2d8b039e48fdfbadd2df7892debcfa61b3683628d0,26/06/2023 05:51:38,ESCANER
13813,"San Marcos",12,"Tajumulco",9,1931,380,33,1,81,28,18,5,5,1,0,2,1,0,0,2,0,3,0,7,187,16,7,210,2,212,--,380,168,187,210,212,Algún campo sin dato,1,bd9d7042448a9f7f6c9f4e9c318205fa6fba4f163517c801b71ec9ac8c295ac6,26/06/2023 07:12:30,ESCANER
13814,"San Marcos",12,"Tajumulco",9,1931,222,22,0,49,10,16,3,3,1,0,0,0,0,0,1,1,1,0,10,117,9,6,132,1,133,0,219,86,117,132,133,,1,6ecab98c223283e727fabacb3dc6976faba2c4495cf6eb74bf790605709fef10,26/06/2023 07:09:34,ESCANER
13815,"San Marcos",12,"Tajumulco",9,1931,221,16,0,36,17,11,1,3,1,0,0,1,0,0,2,0,1,0,0,89,8,5,102,0,102,--,221,119,89,102,102,Algún campo sin dato,1,bd718252368df7dd724419cebf8e82cf37a8468804bcc626f5e77a09cb2cdd16,26/06/2023 07:10:20,ESCANER
13816,"San Marcos",12,"Tajumulco",9,1932,380,14,0,39,45,10,1,5,0,3,1,1,0,1,1,14,5,0,4,144,22,6,172,0,172,--,377,206,144,172,172,Algún campo sin dato,1,0f1ec3acaaf4f48d7a74dc98d6b12495130656fe07803f1ab78cdb77917fc346,26/06/2023 07:24:59,ESCANER
13817,"San Marcos",12,"Tajumulco",9,1932,380,13,1,39,58,16,1,7,1,4,1,5,0,0,0,29,2,0,7,184,22,9,215,0,215,--,380,165,184,215,215,Algún campo sin dato,1,17492863a4d78b2231e7dd801e9f72ab31b0c1485797ff79dad4414e228939da,26/06/2023 07:41:11,ESCANER
13818,"San Marcos",12,"Tajumulco",9,1932,380,15,0,29,48,12,1,3,0,5,1,1,0,0,0,22,2,1,5,145,12,6,163,0,163,--,377,214,145,163,163,Algún campo sin dato,1,f1d6c5d87e203f36bd07dcd0db4adaa3aa20a5cf78ba0ef0d8ccd46a92811fe8,26/06/2023 07:20:32,ESCANER
13819,"San Marcos",12,"Tajumulco",9,1932,380,17,1,23,39,22,1,3,0,3,1,1,1,0,0,71,3,0,7,143,24,7,174,0,174,--,377,203,193,224,224,Sumas Asentadas sin cuadrar,1,427da93ff63b8d5b6c3f3d438e16a3707c91f77cd19ca612cbc3c13bcc0469c3,26/06/2023 07:28:58,ESCANER
13820,"San Marcos",12,"Tajumulco",9,1932,312,11,1,20,45,16,2,5,0,3,0,0,0,2,1,9,1,0,2,118,3,4,125,0,125,--,312,187,118,125,125,Algún campo sin dato,1,38426248c70a7f25682163b5dcd9ef6b4747f796c5012119d721fa8a8bd233c1,26/06/2023 07:29:26,ESCANER
13821,"San Marcos",12,"Tajumulco",9,1932,311,9,2,24,34,10,1,8,0,1,0,1,0,0,0,6,4,0,1,101,8,4,113,0,113,--,308,195,101,113,113,Algún campo sin dato,1,48ec765da49ec7565851a347b9f437bade1a2d13bbecfa274c7ac4ccd6cc867c,26/06/2023 07:22:47,ESCANER
13822,"San Marcos",12,"Tajumulco",9,1933,380,19,29,55,54,94,0,1,0,6,1,5,0,1,0,0,0,0,13,278,9,6,293,0,293,--,380,87,278,293,293,Algún campo sin dato,1,4d1ee7851374c35bfde8ccf574d33ec2014f9a243c09126227bcc0202c8222cf,26/06/2023 03:41:03,ESCANER
13823,"San Marcos",12,"Tajumulco",9,1933,294,8,44,30,27,71,0,1,4,6,1,0,0,0,0,0,0,0,18,210,3,5,218,1,219,--,294,75,210,218,219,Algún campo sin dato,1,4853c6c6fe64eb2d122c0e43542123069435c4c7d9c78a41c460ad6d53eb4a6c,26/06/2023 01:07:37,ESCANER
13824,"San Marcos",12,"Tajumulco",9,1933,293,10,33,25,27,70,0,1,3,7,2,0,0,0,0,0,0,0,12,190,4,5,199,0,199,--,293,94,190,199,199,Algún campo sin dato,1,6c3162f31c6a231185cef0557f364b8ffceb843877d618b5a4a27fbae0efbc6c,26/06/2023 03:45:36,ESCANER
13825,"San Marcos",12,"Tajumulco",9,1934,600,9,5,29,68,29,0,13,3,5,4,1,0,0,0,0,1,1,7,175,6,9,190,0,190,--,600,410,175,190,190,Algún campo sin dato,1,4db2679f322cb53b64022965fb8b52c003b12d57cd3f978b0d3598b73771761d,26/06/2023 02:22:49,ESCANER
13826,"San Marcos",12,"Tajumulco",9,1934,443,3,0,12,18,9,0,3,1,2,0,0,0,0,0,0,2,0,4,54,3,2,59,0,59,--,443,384,54,59,59,Algún campo sin dato,1,1dfa397cbf0f6c653ad1806234daaa4372df757cfd095de76fa76e9399520597,26/06/2023 02:21:10,ESCANER
13827,"San Marcos",12,"Tajumulco",9,1934,443,3,1,6,11,11,0,4,0,1,0,0,0,0,0,0,2,0,2,41,3,0,44,1,45,--,440,395,41,44,45,Algún campo sin dato,1,9e6a78637905fedaaff6cf9a7d8cb3721dd3de16dd9af982ed9d424f9822b436,25/06/2023 23:27:45,ESCANER