﻿TIPO_DE_ELECCIÓN:,CORPORACIÓN MUNICIPAL
28 junio 2023 21:35 (UTC -6)
ACTAS_ESPERADAS,ACTAS_CAPTURADAS,PORCENTAJE_ACTAS_CAPTURADAS,ACTAS_CONTABILIZADAS,PORCENTAJE_ACTAS_CONTABILIZADAS,ACTAS_NO_CONTABILIZADAS,LISTA_NOMINAL_ACTAS_CONTABILIZADAS,VOTOS_EMITIDOS_CONTABILIZADAS,PORCENTAJE_PARTICIPACIÓN_CIUDADANA
45,45,100.0000,45,100.0000,0,17281,11497,66.5297

MESA,DEPARTAMENTO,ID_DEPARTAMENTO,MUNICIPIO,ID_MUNICIPIO,CENTRO_DE_VOTACIÓN,PADRÓN,VAMOS,MLP,UNE,AZUL,PPN,VIVA,CABAL,UR,PODEMOS,VICTORIA,VÁLIDOS,NULOS,BLANCO,EMITIDOS,INVÁLIDOS,TOTAL,IMPUGNACIONES,PAPELETAS-RECIBIDAS,PAPELETAS-NO-USADAS,VALIDOS_CALCULADO,EMITIDOS_CALCULADO,TOTAL_CALCULADO,OBSERVACIONES,CONTABILIZADA,CÓDIGO_INTEGRIDAD,FECHA_HORA_PUBLICACIÓN,DIGITALIZACIÓN
5636,"Sacatepéquez",2,"San Lucas Sacatepéquez",8,582,400,53,39,83,25,34,19,10,5,2,1,271,13,3,287,1,288,--,400,112,271,287,288,Algún campo sin dato,1,ea099b00951e78e22d9f0ae104b1b443b1a66ff7520063ef986c1bbfdfa8fab8,26/06/2023 01:38:23,ESCANER
5637,"Sacatepéquez",2,"San Lucas Sacatepéquez",8,582,400,55,42,92,19,28,19,3,15,3,0,276,13,3,292,0,292,--,400,108,276,292,292,Algún campo sin dato,1,ba5440c4256effa74e3f265e32d2bcca4dd7c8d2ae830d841b3c37f720ab15ae,26/06/2023 03:52:07,ESCANER
5638,"Sacatepéquez",2,"San Lucas Sacatepéquez",8,582,400,53,32,90,23,30,13,12,8,3,2,266,11,0,277,0,277,--,400,123,266,277,277,Algún campo sin dato,1,e88358406f26b99cab2e42b33055634c5ce0e355085f377a07edac059e0fd6eb,26/06/2023 03:23:18,ESCANER
5639,"Sacatepéquez",2,"San Lucas Sacatepéquez",8,582,400,51,33,98,24,33,9,12,6,4,5,275,8,5,288,0,288,--,400,112,275,288,288,Algún campo sin dato,1,650ee5b7f2e066ba544c4f4ca83c8892b6d1109852688e6a55006b31c9e4d1ca,26/06/2023 00:52:04,ESCANER
5640,"Sacatepéquez",2,"San Lucas Sacatepéquez",8,582,400,51,38,81,16,28,12,13,12,5,6,262,18,2,282,0,282,--,400,118,262,282,282,Algún campo sin dato,1,0168232f7956ad9864501a9a030c20386a153306cf6e2a90bd77a0907beb65fc,26/06/2023 00:28:34,ESCANER
5641,"Sacatepéquez",2,"San Lucas Sacatepéquez",8,582,400,55,33,92,26,28,13,7,8,2,6,270,12,3,285,0,285,--,400,115,270,285,285,Algún campo sin dato,1,9fca826ff4ef7abbf337dc95397cb6f0b68d391e5aeb113e0ce09fe387f4d38a,26/06/2023 02:55:37,ESCANER
5642,"Sacatepéquez",2,"San Lucas Sacatepéquez",8,582,400,61,32,96,19,26,12,13,9,2,5,275,11,0,286,0,286,--,400,114,275,286,286,Algún campo sin dato,1,3418d1f3c00466626ec27370d68dd0bbe7a9f732317eca7434d28f1c7e325bd7,26/06/2023 02:37:02,ESCANER
5643,"Sacatepéquez",2,"San Lucas Sacatepéquez",8,582,400,55,37,103,35,28,10,8,9,0,5,290,24,3,317,0,317,--,400,83,290,317,317,Algún campo sin dato,1,098b425a73bc3ddae7d5a5860e59f04dfd87e8a362a58f49916a6f574b09086d,26/06/2023 02:04:37,ESCANER
5644,"Sacatepéquez",2,"San Lucas Sacatepéquez",8,582,400,57,43,102,15,26,15,5,10,4,1,278,19,1,298,0,298,--,400,102,278,298,298,Algún campo sin dato,1,2a47b0f7fb3c2e39b62dfb889edce91b0e726a3230f81abc599659874427ebf2,26/06/2023 02:06:58,ESCANER
5645,"Sacatepéquez",2,"San Lucas Sacatepéquez",8,582,400,54,37,94,17,17,14,6,6,2,2,249,10,3,262,0,262,--,400,138,249,262,262,Algún campo sin dato,1,fd36df13743136091ed8eb0e4dde3f7e2957a30c488c909f89c374db3b27f11d,26/06/2023 01:59:28,ESCANER
5646,"Sacatepéquez",2,"San Lucas Sacatepéquez",8,582,400,60,33,96,16,22,10,7,5,2,3,254,16,4,274,0,274,1,400,125,254,274,274,,1,445b1c2d996abf5c5dc306cd8fe5a581e8ec2f8d381d1a4338991ba408bbdf0e,26/06/2023 00:20:33,ESCANER
5647,"Sacatepéquez",2,"San Lucas Sacatepéquez",8,582,400,51,30,87,20,30,11,6,3,3,5,246,8,2,256,0,256,--,400,144,246,256,256,Algún campo sin dato,1,0fa2be2f91cc931a6d9959f59f16ad9246e83841ddebe2ce0bc7b9faa0f201a1,26/06/2023 01:50:10,ESCANER
5648,"Sacatepéquez",2,"San Lucas Sacatepéquez",8,583,400,48,34,83,27,17,10,15,7,0,1,242,8,0,250,0,250,--,400,150,242,250,250,Algún campo sin dato,1,33c722e901115f2e7f6b88aa187270dd3090d2563cba25ca1ae20759a9328ae1,26/06/2023 01:00:28,ESCANER
5649,"Sacatepéquez",2,"San Lucas Sacatepéquez",8,583,400,57,22,91,22,26,8,12,6,6,1,251,16,2,269,131,400,--,400,131,251,269,400,Algún campo sin dato,1,9d7ca12c5a41d353bf68f8cab64dda6086fa9d630867bb8649f1d62b88a36f36,26/06/2023 01:48:12,ESCANER
5650,"Sacatepéquez",2,"San Lucas Sacatepéquez",8,583,400,55,26,90,14,24,9,10,3,1,6,238,14,0,252,0,252,1,400,147,238,252,252,,1,797cac8fcf8a3f2b0faca30d675c541d4cb235a6e9ae78c8bf3aba3af8a3faae,26/06/2023 02:05:21,ESCANER
5651,"Sacatepéquez",2,"San Lucas Sacatepéquez",8,583,400,37,28,87,15,22,10,15,9,7,3,233,8,2,243,0,243,--,400,157,233,243,243,Algún campo sin dato,1,e4c2dd36b7ebf93a8bd98203a1349fd56a24e12cca9bc9f76cc8953dbdbc5195,26/06/2023 02:38:36,ESCANER
5652,"Sacatepéquez",2,"San Lucas Sacatepéquez",8,583,400,41,40,73,22,32,16,15,4,3,3,249,16,3,268,0,268,1,400,131,249,268,268,,1,0482d754af508ccc0bb5371bfffee48e7bfe41c74946fe4c5e4fbc09c0bd321f,26/06/2023 03:25:29,ESCANER
5653,"Sacatepéquez",2,"San Lucas Sacatepéquez",8,583,400,48,40,80,15,32,13,12,8,3,5,256,8,0,264,0,264,--,400,136,256,264,264,Algún campo sin dato,1,0b28b2e7b4e4d4c9dfd8ad6d8bb43fe216fb42cff97391eb96269a4c59298f6f,26/06/2023 02:09:47,ESCANER
5654,"Sacatepéquez",2,"San Lucas Sacatepéquez",8,583,400,43,44,83,21,32,14,7,8,3,2,257,16,1,274,0,274,--,400,126,257,274,274,Algún campo sin dato,1,dc1379b8e08e28901648ba170d87a8da2086c349f508df1e2fbf6e0cbf71cf8f,26/06/2023 01:04:42,ESCANER
5655,"Sacatepéquez",2,"San Lucas Sacatepéquez",8,583,400,57,28,87,23,26,16,10,4,5,4,260,13,2,275,0,275,--,400,125,260,275,275,Algún campo sin dato,1,acef2fb1507406609b22f2020b055be1b159204f89e6666054d092fdf2ff4aec,26/06/2023 01:42:41,ESCANER
5656,"Sacatepéquez",2,"San Lucas Sacatepéquez",8,583,400,53,38,89,15,20,9,12,6,2,1,245,12,1,258,0,258,--,400,142,245,258,258,Algún campo sin dato,1,fd2b87967edd885dcc66bb55d9b3ea566c7fc280a74e824287c7d283ba7e440a,26/06/2023 02:14:56,ESCANER
5657,"Sacatepéquez",2,"San Lucas Sacatepéquez",8,583,400,66,40,83,17,19,12,11,9,2,4,263,17,1,281,0,281,--,400,119,263,281,281,Algún campo sin dato,1,ab23d0a38b19bddba2167fc0eae75259f5792f584223a5afdfe957349380e901,26/06/2023 02:31:38,ESCANER
5658,"Sacatepéquez",2,"San Lucas Sacatepéquez",8,583,400,55,27,101,29,35,11,11,6,1,4,280,8,3,291,0,291,--,392,101,280,291,291,Algún campo sin dato,1,6a36c25198226aff7e1fab4f7afdbaa7be178c58827ed0e37fa7b5233bd974bc,26/06/2023 01:38:56,ESCANER
5659,"Sacatepéquez",2,"San Lucas Sacatepéquez",8,583,400,48,35,98,21,38,11,8,8,4,3,274,5,0,279,3,282,--,400,118,274,279,282,Algún campo sin dato,1,4fd8a186b382ed62c321aa251cc022921928fc276d8ad5c2a9f82ad11d972ee4,26/06/2023 01:27:24,ESCANER
5660,"Sacatepéquez",2,"San Lucas Sacatepéquez",8,584,400,65,31,88,18,31,7,13,3,3,2,261,9,1,271,--,271,1,400,129,261,271,271,Algún campo sin dato,1,d8c909c5e65540f7b486c7e989a6ec91e1f222269e3ad03ceb6cf587dfe03c2d,26/06/2023 05:08:55,ESCANER
5661,"Sacatepéquez",2,"San Lucas Sacatepéquez",8,584,400,50,40,75,17,24,17,5,6,2,3,239,18,1,258,0,258,--,400,142,239,258,258,Algún campo sin dato,1,b3b29e1742075d9aecb6f7e1d2d6e74f2e7261335efe7595ba1f1b7f0c63b919,26/06/2023 02:22:01,ESCANER
5662,"Sacatepéquez",2,"San Lucas Sacatepéquez",8,584,400,58,35,97,15,29,16,8,0,1,1,260,4,0,264,--,264,--,396,132,260,264,264,Algún campo sin dato,1,177b8fa3f52c4f1c44ac32104e827ec138315143f262cd7c10134a52056fdfd7,26/06/2023 01:32:11,ESCANER
5663,"Sacatepéquez",2,"San Lucas Sacatepéquez",8,584,400,74,38,96,14,23,12,8,4,2,4,275,14,0,289,0,289,--,400,111,275,289,289,Algún campo sin dato,1,affd90e80db8ebdf40f8d1ef6600f4ba373280fb4c9097e3ffed1e8c9f87865d,26/06/2023 01:28:56,ESCANER
5664,"Sacatepéquez",2,"San Lucas Sacatepéquez",8,584,400,62,37,84,25,27,10,11,6,1,2,265,11,0,276,0,276,--,400,124,265,276,276,Algún campo sin dato,1,5bfd38cb1c0315f6763bdfdd1f8c5ad4ce8f95affd50631b5cdcbc941c35907d,26/06/2023 00:44:59,ESCANER
5665,"Sacatepéquez",2,"San Lucas Sacatepéquez",8,584,400,31,38,104,36,25,4,24,10,1,8,281,13,1,281,0,295,--,400,105,281,295,295,Sumas Asentadas sin cuadrar,1,1e2d9a2520eb2db69f78507d37730d72a6e21151cd2dc4a92cdc6d839bf369a3,26/06/2023 04:07:26,ESCANER
5666,"Sacatepéquez",2,"San Lucas Sacatepéquez",8,584,400,57,30,88,19,24,16,16,1,4,3,258,9,0,267,0,267,--,400,133,258,267,267,Algún campo sin dato,1,ec224edba9df37af63a179dc21736bf89a4ab88e4f50dbef31c672be221a9c85,26/06/2023 02:07:13,ESCANER
5667,"Sacatepéquez",2,"San Lucas Sacatepéquez",8,584,400,54,23,89,10,48,11,6,1,2,1,245,4,0,249,--,249,--,397,150,245,249,249,Algún campo sin dato,1,27604d6a6e33bd848ced1752843b4771fa0948ad98164870dfbadb2bf7c7c2a9,26/06/2023 01:55:13,ESCANER
5668,"Sacatepéquez",2,"San Lucas Sacatepéquez",8,584,400,49,30,74,16,27,13,16,2,3,7,237,3,1,241,0,241,--,400,159,237,241,241,Algún campo sin dato,1,ccdc465b1085321053a9907ab7a281c9710d386fb50829f0bd361679acaf8cb7,26/06/2023 01:47:56,ESCANER
5669,"Sacatepéquez",2,"San Lucas Sacatepéquez",8,584,217,22,20,48,7,23,3,5,4,1,3,136,5,1,142,0,142,--,217,75,136,142,142,Algún campo sin dato,1,d1c61c313767d5da68bec62ee230a9f0716ebc89a2bead5efc8c7ec25df66e9c,26/06/2023 00:04:37,ESCANER
5670,"Sacatepéquez",2,"San Lucas Sacatepéquez",8,584,216,16,20,32,13,12,5,5,4,2,3,112,4,2,118,0,118,--,216,98,112,118,118,Algún campo sin dato,1,4ed9cf64d54a991105ddc8084f7d53652bdb9211f806db16686f7ece5e843b3f,25/06/2023 22:16:24,ESCANER
5671,"Sacatepéquez",2,"San Lucas Sacatepéquez",8,585,380,45,12,109,17,31,17,14,7,10,1,263,8,2,273,0,273,--,380,107,263,273,273,Algún campo sin dato,1,ca1ec6c0508f1bfec2523fbf3366b3e55b2d8e5c678e5353f3b104b706a8b842,26/06/2023 01:22:42,ESCANER
5672,"Sacatepéquez",2,"San Lucas Sacatepéquez",8,585,380,44,6,126,20,33,24,5,2,--,1,261,6,4,271,0,271,--,377,106,261,271,271,Algún campo sin dato,1,26f750ebf225af9dec29bd68d6462afa6191c1cb92a5a1b2f7668f18646d23d0,26/06/2023 01:42:47,ESCANER
5673,"Sacatepéquez",2,"San Lucas Sacatepéquez",8,585,380,43,13,76,26,27,23,11,5,5,3,232,12,0,244,0,244,--,380,136,232,244,244,Algún campo sin dato,1,dfb6db0382b2fde8e54212910b21a0506fe91132e12ec089cc9fa460c23c5f0a,26/06/2023 01:02:21,ESCANER
5674,"Sacatepéquez",2,"San Lucas Sacatepéquez",8,585,352,31,25,72,20,34,16,8,5,3,0,214,17,3,234,0,234,--,352,118,214,234,234,Algún campo sin dato,1,9820ed95f12148277e87d69535e7df32a5078ecee99f58f28f5ffc11fd380695,25/06/2023 23:30:23,ESCANER
5675,"Sacatepéquez",2,"San Lucas Sacatepéquez",8,585,351,39,22,86,30,19,17,9,3,9,1,235,4,1,240,0,240,--,351,111,235,240,240,Algún campo sin dato,1,9c4b52a1bc2eac061da1a738e2cd47e4e96c92a8ce1c26bb41b2202b5f3edccd,26/06/2023 00:51:40,ESCANER
5676,"Sacatepéquez",2,"San Lucas Sacatepéquez",8,586,299,36,7,93,14,18,8,2,3,0,0,181,6,3,190,0,190,--,299,109,181,190,190,Algún campo sin dato,1,9dd1fdd7aa3a3c61359cad85e3cefe2ca4cf3acfd323df783b592e17446ffcf5,25/06/2023 22:51:59,ESCANER
5677,"Sacatepéquez",2,"San Lucas Sacatepéquez",8,586,299,27,7,72,25,12,6,3,2,1,0,155,10,2,167,0,167,--,199,132,155,167,167,Algún campo sin dato,1,3a4f8b770851a61ee6650223a1375abd57b0fa302c0314a71fb191ba799d3207,25/06/2023 22:32:12,ESCANER
5678,"Sacatepéquez",2,"San Lucas Sacatepéquez",8,587,600,67,43,115,14,19,10,11,3,2,8,292,19,1,312,0,--,--,600,285,292,312,312,Algún campo sin dato,1,61665a9db3fd9f3055581034214ada7e8768b29647b06274f12df59fecfb8ed2,26/06/2023 01:39:07,ESCANER
5679,"Sacatepéquez",2,"San Lucas Sacatepéquez",8,587,304,28,28,48,5,29,2,5,5,4,2,156,11,2,169,0,169,--,304,135,156,169,169,Algún campo sin dato,1,7a711b8a08b3ab8e7e18286ea7676c889c68241e48abe640aad257872d67cbf0,25/06/2023 23:38:29,ESCANER
5680,"Sacatepéquez",2,"San Lucas Sacatepéquez",8,587,303,15,20,53,5,10,4,4,3,0,1,115,2,2,119,0,119,--,303,184,115,119,119,Algún campo sin dato,1,19138342895935c4b3bc0b83569378bf1246da50c38de63d0ecd0ddc4a2446fb,25/06/2023 22:34:15,ESCANER