﻿TIPO_DE_ELECCIÓN:,CORPORACIÓN MUNICIPAL
28 junio 2023 21:35 (UTC -6)
ACTAS_ESPERADAS,ACTAS_CAPTURADAS,PORCENTAJE_ACTAS_CAPTURADAS,ACTAS_CONTABILIZADAS,PORCENTAJE_ACTAS_CONTABILIZADAS,ACTAS_NO_CONTABILIZADAS,LISTA_NOMINAL_ACTAS_CONTABILIZADAS,VOTOS_EMITIDOS_CONTABILIZADAS,PORCENTAJE_PARTICIPACIÓN_CIUDADANA
206,206,100.0000,204,99.0291,2,76935,49192,63.9396

MESA,DEPARTAMENTO,ID_DEPARTAMENTO,MUNICIPIO,ID_MUNICIPIO,CENTRO_DE_VOTACIÓN,PADRÓN,CABAL,UNE,MLP,TODOS,VICTORIA,VAMOS,PPN,PODEMOS,UR,AZUL,VIVA,U R N G - MAIZ,CREO,VALOR UNIONISTA,VÁLIDOS,NULOS,BLANCO,EMITIDOS,INVÁLIDOS,TOTAL,IMPUGNACIONES,PAPELETAS-RECIBIDAS,PAPELETAS-NO-USADAS,VALIDOS_CALCULADO,EMITIDOS_CALCULADO,TOTAL_CALCULADO,OBSERVACIONES,CONTABILIZADA,CÓDIGO_INTEGRIDAD,FECHA_HORA_PUBLICACIÓN,DIGITALIZACIÓN
17016,"Quiché",14,"Chichicastenango",6,2571,400,34,55,7,5,16,107,4,1,3,2,10,2,6,10,262,10,9,281,0,281,0,400,119,262,281,281,,1,c7d3e6a1cdb639be7fecb825434d92b958401d4565065ac2a68f708d035c241e,26/06/2023 02:54:17,ESCANER
17017,"Quiché",14,"Chichicastenango",6,2571,400,29,71,3,5,11,111,2,3,1,3,12,3,2,19,275,15,4,294,0,294,0,400,106,275,294,294,,1,afa81653f7db3f7e6157a95e10bc1184f0ff1df9a4429d8ba8fc53441dd6205b,26/06/2023 01:09:50,ESCANER
17018,"Quiché",14,"Chichicastenango",6,2571,400,33,77,5,1,21,116,2,3,2,1,12,5,2,12,292,13,3,308,0,308,0,400,92,292,308,308,,1,92995f8ad59360ed47917b20b99b14c75f2e24a7b1f670eb919785c209eb1033,26/06/2023 01:18:44,ESCANER
17019,"Quiché",14,"Chichicastenango",6,2571,400,31,72,1,7,16,118,3,0,5,3,11,6,1,14,288,15,3,306,0,306,0,400,94,288,306,306,,1,ca49f67715645d3de5e550e5aa71844f7ff4f3b415c535c8462d3763919f0b6e,26/06/2023 00:33:05,ESCANER
17020,"Quiché",14,"Chichicastenango",6,2571,400,31,71,1,7,16,105,3,--,2,1,7,2,2,14,262,8,2,272,0,272,0,400,128,262,272,272,Algún campo sin dato,1,7947dae3866dfd10e0b14fc6ad53960704055edc848582aeb5670184dc223ddd,26/06/2023 01:23:29,ESCANER
17021,"Quiché",14,"Chichicastenango",6,2571,400,34,50,3,9,11,91,2,1,4,4,4,2,3,8,226,15,4,245,0,245,0,400,155,226,245,245,,1,f410c323b0fb131a08784c4a042c6a5fa3272c87b0dbacee5cbf48448d45a9ca,26/06/2023 01:59:29,ESCANER
17022,"Quiché",14,"Chichicastenango",6,2571,400,26,63,3,3,17,103,6,0,2,0,8,2,5,9,247,15,0,262,0,400,0,400,138,247,262,262,Sumas Asentadas sin cuadrar,1,78f34416c2e460b1cc0969c6f63bbcbd2cdc0318a4550fec610ba1807bbf17a0,26/06/2023 00:51:47,ESCANER
17023,"Quiché",14,"Chichicastenango",6,2571,400,22,63,4,8,15,102,3,1,3,4,13,4,6,15,263,16,0,279,0,279,0,400,121,263,279,279,,1,4efe58f3a4d110ea3aff5ee4c12067f77dd82f971cf0e2b2a1d2ba1f7dda5274,26/06/2023 01:50:51,ESCANER
17024,"Quiché",14,"Chichicastenango",6,2571,400,24,68,2,6,13,107,2,2,0,2,8,7,3,7,251,10,10,271,0,271,--,400,129,251,271,271,Algún campo sin dato,1,15f8672037ed41f85ccee6ec7b0537c55b36c2c470c2aaf88309b25bf4c18a32,26/06/2023 01:57:15,ESCANER
17025,"Quiché",14,"Chichicastenango",6,2571,400,34,52,3,4,13,90,3,0,3,2,3,2,3,12,224,15,8,247,0,247,0,400,153,224,247,247,,1,f932d03338cde2ba0e194847d85f0d8d5b937e2fcbc0eef3b65751779b35e359,26/06/2023 02:30:05,ESCANER
17026,"Quiché",14,"Chichicastenango",6,2571,400,23,58,7,4,13,90,2,2,3,3,6,4,2,16,233,7,2,242,0,242,0,400,158,233,242,242,,1,66a9fb9c0938688a869d4e5071f74c14ce8804d500b1cf5f5d39f33414aeaae1,26/06/2023 01:57:19,ESCANER
17027,"Quiché",14,"Chichicastenango",6,2571,400,33,50,4,5,11,98,6,0,2,1,6,4,4,14,238,7,0,245,0,245,0,400,155,238,245,245,,1,4fb26d73e263737911a6f9b8ba2457231bc17e5b0485e9bc7a919b27c2d1a1aa,26/06/2023 01:04:31,ESCANER
17028,"Quiché",14,"Chichicastenango",6,2571,265,7,34,0,1,7,59,0,2,5,5,5,2,2,13,142,6,2,150,0,150,0,265,115,142,150,150,,1,95f5abc655c8c20d8b195a09c7b5efb60994fa887fbc1387800d04d3098f9185,26/06/2023 00:01:50,ESCANER
17029,"Quiché",14,"Chichicastenango",6,2571,264,19,32,1,2,8,56,2,0,1,1,4,1,0,5,132,1,3,136,128,264,--,264,128,132,136,264,Algún campo sin dato,1,473eb834001a79519d614fb71d1ada83b232510be6cd8ccae09c16fc01a7820a,26/06/2023 01:22:18,ESCANER
17030,"Quiché",14,"Chichicastenango",6,2572,400,56,48,1,6,11,138,2,3,4,4,6,4,7,23,313,9,6,328,0,328,0,400,72,313,328,328,,1,95ce782e796660b41e3637af9c87476a2f4089d0716bbf8ee1ef56585496039f,26/06/2023 00:40:02,ESCANER
17031,"Quiché",14,"Chichicastenango",6,2573,400,53,53,3,7,12,149,1,4,2,6,9,4,2,8,313,21,10,344,0,344,0,400,56,313,344,344,,1,e395fd41a59c2d2c68eb9727975635f35ca85779f469d8ecd9cb0064355b14c6,26/06/2023 02:19:27,ESCANER
17032,"Quiché",14,"Chichicastenango",6,2573,400,39,69,1,7,17,109,4,1,2,2,4,3,2,16,276,22,7,305,0,305,0,400,95,276,305,305,,1,6a354a009e66e0631da27495e3921b2b676e2017a60d5050166a5a2aea37b8dc,26/06/2023 03:03:47,ESCANER
17033,"Quiché",14,"Chichicastenango",6,2573,400,36,84,1,5,11,79,1,5,3,3,9,4,3,24,268,13,6,287,0,287,0,400,113,268,287,287,,1,ee92fbaef46494c0798e0ae97941b174150423358c3374fa61c1c5192952a769,26/06/2023 02:34:06,ESCANER
17034,"Quiché",14,"Chichicastenango",6,2573,400,54,47,1,8,8,111,4,4,1,4,4,1,1,18,266,14,5,285,0,285,0,400,115,266,285,285,,1,bfa04787434c1598e42aaa559165112d208c18d101911063a534e5142a0c274e,26/06/2023 01:12:53,ESCANER
17035,"Quiché",14,"Chichicastenango",6,2573,400,35,63,5,3,15,138,1,2,0,0,6,1,3,20,292,11,4,307,0,307,0,400,93,292,307,307,,1,ef23775e57551cc190aed27c2fb61e7d373cfc64150cfc879307bc51722beab3,26/06/2023 03:07:49,ESCANER
17036,"Quiché",14,"Chichicastenango",6,2573,400,57,56,3,3,11,119,0,0,2,0,4,3,2,13,294,11,7,293,1,294,--,400,106,273,291,292,Sumas Asentadas sin cuadrar,1,f09f634b1ab1888620726063ab9005b125cdb6b3410f375d2ccb5ed5e50280d4,26/06/2023 01:58:50,ESCANER
17037,"Quiché",14,"Chichicastenango",6,2573,400,42,51,3,6,11,95,2,8,2,1,2,2,3,17,245,19,5,269,0,269,0,400,131,245,269,269,,1,4dbccd4cf8e7bca03dee5478f7038094c40438a50c65d052ee2c1363bedbdf2a,26/06/2023 04:14:40,ESCANER
17038,"Quiché",14,"Chichicastenango",6,2574,400,45,51,0,5,7,102,2,6,4,2,7,0,1,11,243,5,2,250,0,250,0,400,150,243,250,250,,1,60325612a1997cdcd0efc91f53a8e349b6596677f4981d2f02e0ad4461e2538f,26/06/2023 01:06:55,ESCANER
17039,"Quiché",14,"Chichicastenango",6,2574,363,49,54,1,7,4,99,2,4,1,0,3,2,1,4,231,6,1,238,0,238,--,--,--,231,238,238,Algún campo sin dato,1,843690a3a1c255d2b83a18bf4034ea0d246910bb3ea2b0f33da09946d0df63fb,26/06/2023 04:08:22,ESCANER
17040,"Quiché",14,"Chichicastenango",6,2574,362,35,43,2,5,4,93,3,8,3,1,2,2,1,7,209,6,2,217,0,217,0,362,145,209,217,217,,1,f7d041f479162e7ac467b0634265db68216ceb746dc20d2b13e615db1754aaaf,25/06/2023 23:12:55,ESCANER
17041,"Quiché",14,"Chichicastenango",6,2575,400,85,93,2,7,5,72,0,0,1,1,6,0,2,6,280,13,17,310,0,310,0,397,87,280,310,310,,1,fe90890b23c2b22e1953c6ddd404519b0eb111eaa0cfbf108b805a73247f7b3f,25/06/2023 23:35:46,ESCANER
17042,"Quiché",14,"Chichicastenango",6,2575,400,86,83,2,9,2,81,1,0,1,1,5,1,3,7,282,10,8,300,0,300,--,400,100,282,300,300,Algún campo sin dato,1,6bd0b38097b02f0844209220bbfbb5da718e96d66cacb62bf1b26c68ed9817cd,26/06/2023 00:25:48,ESCANER
17043,"Quiché",14,"Chichicastenango",6,2575,255,65,49,1,4,0,41,0,1,0,1,5,1,0,9,177,2,2,181,0,181,0,252,71,177,181,181,,1,0856bb2d063bdb386e9cb15694117571c6de5f0a5ae7f90695890926d8ce8d34,26/06/2023 00:43:00,ESCANER
17044,"Quiché",14,"Chichicastenango",6,2575,254,56,44,1,3,2,32,1,0,0,0,2,0,1,7,149,2,1,152,0,152,0,254,102,149,152,152,,1,7b4a887762d94a8094d38987c1d598b62c34e87c9a34dcac0a18391c41353132,25/06/2023 23:09:15,ESCANER
17045,"Quiché",14,"Chichicastenango",6,2576,400,54,41,3,10,2,134,1,6,1,8,3,5,2,10,280,20,9,309,0,309,0,400,91,280,309,309,,1,9d2a1a6a92ffcb4cb1612153f2a44781f12910be8d8c729445226959e94aa78e,26/06/2023 01:54:59,ESCANER
17046,"Quiché",14,"Chichicastenango",6,2577,400,38,40,3,17,19,131,4,3,2,1,5,5,0,5,273,10,7,290,0,290,0,400,110,273,290,290,,1,fe80cd7eba4894bf6d9cdc13be20d680daa1b7543fe372be9762b4fe6e8f321d,26/06/2023 04:03:05,ESCANER
17047,"Quiché",14,"Chichicastenango",6,2577,400,80,34,1,2,3,110,1,5,6,3,3,6,1,10,265,6,6,277,0,277,0,400,123,265,277,277,,1,408d3c99e7221c7cffc4fd40ec9caf0b7d1cf0d5f728e9c94cb63d53fa517c74,26/06/2023 04:10:19,ESCANER
17048,"Quiché",14,"Chichicastenango",6,2577,400,63,55,5,3,6,89,2,9,3,1,4,5,1,15,261,12,12,285,0,285,0,400,115,261,285,285,,1,a2152fc98f2eb66270fdde7aa757e43200b2a0996fbcb61df82b067afd0d9005,26/06/2023 03:50:51,ESCANER
17049,"Quiché",14,"Chichicastenango",6,2577,400,76,106,2,5,4,59,0,4,1,3,1,1,0,28,290,8,8,306,0,306,0,400,94,290,306,306,,1,9bcb2c565d39da334a0e8fcd8772a47fa02b807dd99dc4338baf7cebb789227e,26/06/2023 03:55:37,ESCANER
17050,"Quiché",14,"Chichicastenango",6,2577,400,56,48,3,4,5,100,1,7,0,1,2,2,1,18,248,12,1,261,0,261,0,400,139,248,261,261,,1,0c1404ddeb4cf80ad4d5740a994576850d93e79b0318edc9cec6538c34e34c6b,26/06/2023 04:14:34,ESCANER
17051,"Quiché",14,"Chichicastenango",6,2577,400,50,32,1,5,3,117,2,6,3,6,3,3,3,12,246,14,8,268,0,268,0,399,131,246,268,268,,1,a3717894ace219b0e5141cbe12c91d459ff0600f0bc540090b335dbe403f8251,26/06/2023 03:43:42,ESCANER
17052,"Quiché",14,"Chichicastenango",6,2577,400,51,39,2,9,4,124,1,3,1,1,1,5,0,10,251,10,7,268,0,268,0,400,132,251,268,268,,1,deb5c3dfa64f981516d506dd7d9502c9d77d726150ef02f9618076067f277f9c,26/06/2023 03:44:27,ESCANER
17053,"Quiché",14,"Chichicastenango",6,2578,400,43,29,1,5,11,137,1,6,2,3,3,8,1,15,265,10,2,277,0,277,--,400,123,265,277,277,Algún campo sin dato,1,a01305156920b7744714630f162fbcdb79390e7f122b946a7515c155c7044247,26/06/2023 01:27:25,ESCANER
17054,"Quiché",14,"Chichicastenango",6,2578,400,50,53,2,6,7,100,1,6,2,1,4,3,0,9,244,8,4,256,0,256,--,400,144,244,256,256,Algún campo sin dato,1,f6ff7efcdd338ba55d28e86820622bbdcbd3f662f8b31f8bacd938a5b049dd83,26/06/2023 01:18:45,ESCANER
17055,"Quiché",14,"Chichicastenango",6,2578,400,31,42,3,5,9,95,1,7,2,1,7,2,0,7,212,10,1,223,0,223,--,400,--,212,223,223,Algún campo sin dato,1,baa1f2179444d7c4ace03a89883cc9e05292dfee51472e00cba851b4caf8aee9,26/06/2023 04:37:33,ESCANER
17056,"Quiché",14,"Chichicastenango",6,2579,400,50,34,1,3,12,95,0,4,1,1,3,4,0,14,222,5,2,229,0,229,0,400,171,222,229,229,,1,e0198aa1857da42594b3805cb7b138ce247f1cdb142853f4cc4b916b28af05ae,26/06/2023 00:26:24,ESCANER
17057,"Quiché",14,"Chichicastenango",6,2579,400,27,62,0,1,8,105,0,4,0,1,5,1,0,18,232,2,0,234,0,234,0,397,163,232,234,234,,1,6c58f9296d7a3128af4acd3be63a9ef4ee6439139477bbe5a222bfb9f5bf25ec,25/06/2023 23:53:54,ESCANER
17058,"Quiché",14,"Chichicastenango",6,2579,332,27,28,1,7,5,81,2,2,4,0,1,3,0,12,173,3,0,176,0,176,0,332,156,173,176,176,,1,aa4cad3d8326764461a0934492b917980ae4a69dd7048b44fd999383d0d1698b,26/06/2023 00:15:14,ESCANER
17059,"Quiché",14,"Chichicastenango",6,2579,332,37,42,2,6,7,79,0,5,0,1,1,0,0,10,190,4,1,195,0,195,0,329,134,190,195,195,,1,e83429caa055b4141ef7ce5fc05cdc192725c7fe4ec9c985a7dce8910e0131e0,25/06/2023 23:39:57,ESCANER
17060,"Quiché",14,"Chichicastenango",6,2580,380,45,35,2,4,27,102,0,17,4,4,4,0,3,15,262,10,8,280,0,280,0,380,100,262,280,280,,1,c49ea40b540ed4ae3e76b1ad57e1a47321c63f1223f06cf92e9b3d6068bc7dcd,26/06/2023 00:40:42,ESCANER
17061,"Quiché",14,"Chichicastenango",6,2580,380,37,44,3,7,17,104,1,15,3,2,7,2,1,23,266,5,7,278,0,278,0,377,99,266,278,278,,1,c9a3a5321085618816f800378df40bc98a42cebea0069030a0e50208cf19d24b,26/06/2023 00:26:30,ESCANER
17062,"Quiché",14,"Chichicastenango",6,2580,380,15,47,1,4,7,128,1,10,--,3,2,3,1,29,251,11,10,272,0,272,--,377,105,251,272,272,Algún campo sin dato,1,5867b929b865faf0f4ae864da4a8b1b98b78fac1846e77776e1ff85d80ca2812,26/06/2023 04:43:11,ESCANER
17063,"Quiché",14,"Chichicastenango",6,2580,380,38,38,1,16,15,138,3,10,1,3,4,2,1,36,306,10,14,330,0,330,0,375,45,306,330,330,,1,d1f22b57b3f18d6f42457e4faef0d34f3ff01d56dc0b5854d5d565d25309559e,26/06/2023 01:10:05,ESCANER
17064,"Quiché",14,"Chichicastenango",6,2580,380,23,49,3,12,9,102,0,11,0,4,1,2,2,19,237,4,8,249,0,249,0,377,128,237,249,249,,1,aeacef969bdfc52041998f7e5fd3ecbc4ed6b80e6eb97bc67a078ffc107a2e55,25/06/2023 23:26:30,ESCANER
17065,"Quiché",14,"Chichicastenango",6,2580,380,24,69,2,21,13,84,0,4,5,9,6,2,0,28,267,5,6,278,0,278,0,380,102,267,278,278,,1,fba22ebe00704ee2b9cc40ab5e7cfd152a0401adb9cf90713df7db1bceecc279,26/06/2023 00:00:10,ESCANER
17066,"Quiché",14,"Chichicastenango",6,2580,380,24,35,3,5,15,92,2,5,0,7,6,1,2,26,223,8,5,236,0,236,0,380,144,223,236,236,,1,9c54f046d8ea9a9ac512f35ae251dce0575e66729f607e3bb59f88d3a64bd942,26/06/2023 01:04:51,ESCANER
17067,"Quiché",14,"Chichicastenango",6,2581,380,16,43,4,11,7,85,2,7,2,2,4,0,2,31,216,7,8,231,1,232,0,380,148,216,231,232,,1,a566b84d153cc50003044111acd750924066729428fc6182da8b13e9957c0373,25/06/2023 23:55:33,ESCANER
17068,"Quiché",14,"Chichicastenango",6,2581,380,44,40,1,11,9,89,1,5,0,1,3,2,0,29,235,2,1,238,0,238,0,380,142,235,238,238,,1,a31c1ff4a99bc24a36721eb7573bc1e7adc0c58152e8436fd74c0cfd408b04a9,25/06/2023 22:45:28,ESCANER
17069,"Quiché",14,"Chichicastenango",6,2581,298,19,25,1,11,5,63,1,4,0,4,0,0,2,25,160,2,1,163,0,163,0,298,135,160,163,163,,1,8efdee0872b002e301e93a669ec0d0355bda254d2bf4bf2689f1cd6a04466efb,25/06/2023 22:56:43,ESCANER
17070,"Quiché",14,"Chichicastenango",6,2581,297,17,26,1,5,9,57,0,6,0,2,2,0,0,23,148,2,1,151,0,151,0,293,142,148,151,151,,1,ebb09ccc519a68bb2704bf7cb3a1c8d1f3004bb89e8399795790801f36d59970,25/06/2023 23:20:44,ESCANER
17071,"Quiché",14,"Chichicastenango",6,2582,380,35,27,2,18,5,104,10,2,0,0,1,0,0,16,220,8,11,239,0,239,0,380,141,220,239,239,,1,45681fb8dcd652b2611aec72a9134c94b2d078d15bd763e1ebb988f84b02dc7e,25/06/2023 23:29:19,ESCANER
17072,"Quiché",14,"Chichicastenango",6,2582,380,55,51,2,15,8,68,8,0,1,0,1,1,1,16,227,13,14,254,0,254,0,380,122,227,254,254,,1,dd190c6c2968cf036a5fe5a8783b379b04e47ff1449a88d39e33325eba99d786,26/06/2023 01:19:17,ESCANER
17073,"Quiché",14,"Chichicastenango",6,2582,380,45,50,10,9,7,102,5,0,2,3,3,1,0,9,246,13,9,268,0,268,--,380,112,246,268,268,Algún campo sin dato,1,4c639cc1a5c21d11525adc41d9148c6d9b5e3425a863568e5f4f252f47a19a58,26/06/2023 01:32:20,ESCANER
17074,"Quiché",14,"Chichicastenango",6,2582,380,62,27,2,12,8,101,5,1,0,2,3,1,0,14,238,17,7,262,0,262,0,380,118,238,262,262,,1,23fc3b67425ea97edfee485be623dde27d1707638cb52436fd4b87646810fc89,26/06/2023 01:25:59,ESCANER
17075,"Quiché",14,"Chichicastenango",6,2582,380,27,33,2,5,2,145,4,1,0,1,1,1,1,9,232,9,7,248,0,248,0,380,132,232,248,248,,1,31b7cbf4188d7dfa45b88b6542b4106fd628f9f6e17d96135bd294682722a6fc,26/06/2023 00:39:47,ESCANER
17076,"Quiché",14,"Chichicastenango",6,2582,380,28,33,2,19,7,135,1,1,1,2,2,0,4,10,245,11,8,264,0,264,0,380,116,245,264,264,,1,e4ddad5677611212cc1a5c28bf76957410eb3bc878e1b81104fd36480a40517e,26/06/2023 00:03:10,ESCANER
17077,"Quiché",14,"Chichicastenango",6,2582,380,16,33,2,4,8,173,13,0,0,2,2,0,2,0,263,17,11,291,--,291,--,380,89,255,283,283,Sumas Asentadas sin cuadrar,1,fa551f9def50e662cae49f28a0406e725bb49d3d6c1f53e7115b1e368f504eeb,26/06/2023 02:00:24,ESCANER
17078,"Quiché",14,"Chichicastenango",6,2582,380,19,32,0,16,6,161,12,1,0,2,3,1,1,13,267,12,9,288,0,288,--,380,92,267,288,288,Algún campo sin dato,1,edcf3de7227a56055227d65d9be74cbb7f91323d3b0497b051651caa99d4e5f4,26/06/2023 02:56:17,ESCANER
17079,"Quiché",14,"Chichicastenango",6,2582,380,28,27,1,16,6,180,8,1,0,0,1,1,1,8,278,14,13,305,0,305,0,380,75,278,305,305,,1,6451b1643a84803a0a29ec3e6975d36a3bd8cc7516936efd15ac5fed3ab1a132,26/06/2023 01:14:44,ESCANER
17080,"Quiché",14,"Chichicastenango",6,2582,380,51,44,2,14,15,89,4,1,1,0,3,3,0,18,245,6,12,263,2,265,0,380,115,245,263,265,,1,73d35674a33f2efc80541dda66db16ccd33df1aeb181a6b1f5f4bc14fee336ce,26/06/2023 00:32:20,ESCANER
17081,"Quiché",14,"Chichicastenango",6,2582,380,47,35,0,10,10,109,5,0,0,0,2,2,0,16,236,14,13,263,0,263,--,380,117,236,263,263,Algún campo sin dato,1,ceb2bc36a9b7b28ca8d2ffbbebbebeb8adc8a12ce91e8d2e6937c959d018c596,26/06/2023 01:10:49,ESCANER
17082,"Quiché",14,"Chichicastenango",6,2582,380,31,21,3,15,6,114,12,0,0,1,1,0,0,14,218,6,1,225,0,225,0,380,155,218,225,225,,1,7568db7ee992f8ddf8e4895e02592cb8f0d0f63f9a8511086b2b45ff6f114724,25/06/2023 23:21:16,ESCANER
17083,"Quiché",14,"Chichicastenango",6,2582,380,37,25,9,9,6,101,21,0,2,3,3,1,0,29,246,13,9,268,0,268,0,380,112,246,268,268,,1,bacfae776a98061783f899317c7321e5bceb3edfd6e0020401a5aff589732098,26/06/2023 00:46:11,ESCANER
17084,"Quiché",14,"Chichicastenango",6,2582,380,21,30,4,9,5,89,27,0,0,1,1,0,1,35,223,18,6,247,0,247,0,380,133,223,247,247,,1,33047a259f87ac0d8f0cf09bc04c9ec0e77d32f2ccb97eeb8c9d2699ca37878a,26/06/2023 02:24:05,ESCANER
17085,"Quiché",14,"Chichicastenango",6,2582,380,41,31,2,10,7,106,14,0,0,1,1,0,0,14,227,11,5,243,0,243,0,380,137,227,243,243,,1,b8d96d8d1f89c53eb359a5ca447d007cc2b6f676fe4e520cf449156ecb3fbd45,25/06/2023 22:23:50,ESCANER
17086,"Quiché",14,"Chichicastenango",6,2582,380,34,22,1,10,21,83,21,0,1,3,1,2,0,17,216,13,8,237,0,237,0,380,143,216,237,237,,1,fcf7de1678ecfd5f180cc38739e9c68e4dd1d09bb5a327dd14798b498702e930,26/06/2023 00:47:38,ESCANER
17087,"Quiché",14,"Chichicastenango",6,2582,380,24,24,0,14,10,115,29,60,1,2,4,4,0,22,249,13,11,273,0,273,--,380,107,309,333,333,Sumas Asentadas sin cuadrar,1,478afca652c8744815086460aef37cdd4d906944bb00a5e58332b37d63674657,26/06/2023 02:23:50,ESCANER
17088,"Quiché",14,"Chichicastenango",6,2582,380,26,41,3,20,7,115,9,0,0,0,0,2,1,19,243,14,7,264,0,264,0,377,113,243,264,264,,1,a13e0b07b24aa3129d155fb89fa1972103e3d66d6e166a50033c60015e25dc0f,26/06/2023 00:22:00,ESCANER
17089,"Quiché",14,"Chichicastenango",6,2583,380,29,33,5,15,7,99,17,0,0,0,2,1,0,6,214,4,4,222,9,231,0,380,150,214,222,231,,1,28359ccd3e9e5431b815f9606e73b5a2aa341802c8a3030bb2057617324fa02c,26/06/2023 03:13:32,ESCANER
17090,"Quiché",14,"Chichicastenango",6,2583,380,25,29,4,22,9,79,16,0,0,1,3,0,0,17,205,6,10,221,0,221,0,377,156,205,221,221,,1,eb51935fc6b47791e2c638419cd67c5dba769a21dea530f29e7659a173180a5f,26/06/2023 01:03:47,ESCANER
17091,"Quiché",14,"Chichicastenango",6,2583,380,35,27,3,9,10,101,12,1,1,0,0,2,0,12,213,9,4,226,0,226,0,380,154,213,226,226,,1,d28c422b594c35e159db01650c7d36107ad76d0dcd6d4f1373368200fd2ce0d9,25/06/2023 23:21:59,ESCANER
17092,"Quiché",14,"Chichicastenango",6,2583,380,27,32,3,11,8,103,8,0,0,0,0,0,0,7,199,3,3,205,0,205,0,380,175,199,205,205,,1,88ce8f8c865491e46771654c00f0ed1d0a839439c42a3f313ed512bfd88de839,25/06/2023 23:42:10,ESCANER
17093,"Quiché",14,"Chichicastenango",6,2583,380,16,24,6,8,12,123,11,0,1,0,2,1,1,14,219,9,1,229,0,229,0,380,151,219,229,229,,1,11332efa11e64e2e418b2febdfd852bf0bdb96c0a86fe8b13a1868be24e03b46,25/06/2023 22:47:54,ESCANER
17094,"Quiché",14,"Chichicastenango",6,2583,380,33,36,2,5,8,95,18,0,0,3,0,1,0,12,213,4,0,217,0,217,0,380,163,213,217,217,,1,b16a9e14d2739bd3a153284978a861a30e1fe7da4f5f8d7f465c738feeb2e260,26/06/2023 00:04:04,ESCANER
17095,"Quiché",14,"Chichicastenango",6,2583,380,32,27,1,10,6,100,6,1,0,0,3,0,0,11,197,4,2,203,0,203,0,380,177,197,203,203,,1,50fa417c8b65f92b013e85affd5afcc19731381f67283c56998ed2f09986323a,25/06/2023 23:56:53,ESCANER
17096,"Quiché",14,"Chichicastenango",6,2583,380,20,26,0,10,2,113,6,0,1,0,1,0,0,13,192,4,2,198,0,198,0,380,182,192,198,198,,1,d8046ea51156665b56de9f3931cb0a520ad071aa35013f3303497755e4e4e1f9,26/06/2023 00:07:05,ESCANER
17097,"Quiché",14,"Chichicastenango",6,2583,314,24,23,1,4,4,82,3,0,0,0,1,0,0,5,147,1,4,152,0,152,0,314,162,147,152,152,,1,0b29778d6749c94547a9dee5b76dd66926f77ee12d8a8eb268d0e15b9bf7ff91,26/06/2023 00:39:03,ESCANER
17098,"Quiché",14,"Chichicastenango",6,2583,313,24,32,1,16,6,84,7,0,0,0,1,0,0,14,185,5,7,197,0,197,--,--,--,185,197,197,Algún campo sin dato,1,b7f8c5fef91e9e1b4aba40d8599cf9df7de595eee381c7629e069a84f3f2a5be,26/06/2023 01:37:56,ESCANER
17099,"Quiché",14,"Chichicastenango",6,2584,380,55,30,6,5,6,76,3,3,0,2,1,2,0,14,203,8,3,214,0,214,0,380,166,203,214,214,,1,936c95cefc2d701c7524b335b3f2e2c1e92e3227db9b11a7229c53a5e52deac4,25/06/2023 23:23:54,ESCANER
17100,"Quiché",14,"Chichicastenango",6,2584,380,50,34,7,9,1,65,1,3,0,0,3,3,0,16,192,12,12,216,--,--,0,380,164,192,216,216,Algún campo sin dato,1,5a5ed861b71fc4fc1e5ff19c69132531b9531df599ad88e1622033d28d63e97d,26/06/2023 00:59:17,ESCANER
17101,"Quiché",14,"Chichicastenango",6,2584,380,66,40,11,22,1,60,1,2,1,0,3,3,1,11,222,18,22,262,0,--,0,380,118,222,262,262,Algún campo sin dato,1,06ecb18810f7c1d50210a7dc05d4f7701f92dcea4e7c44f77b05ffe1ba125225,26/06/2023 00:00:54,ESCANER
17102,"Quiché",14,"Chichicastenango",6,2584,380,76,30,4,5,1,49,1,1,2,2,4,1,1,25,202,11,18,231,0,231,0,380,149,202,231,231,,1,702caa9952a0b922dfe2012aec9126924663c3292effb8258f77a81cf53a2a86,26/06/2023 01:57:28,ESCANER
17103,"Quiché",14,"Chichicastenango",6,2584,380,65,51,2,15,1,72,0,2,1,0,1,2,0,19,232,14,10,256,0,256,0,380,124,231,255,255,Sumas Asentadas sin cuadrar,1,176e500d0233db554af661b9ac7a3ba0f87a9c4ebdb1fdd04885832b54c43a9e,26/06/2023 01:47:34,ESCANER
17104,"Quiché",14,"Chichicastenango",6,2584,380,60,47,3,7,3,71,1,2,0,3,4,3,0,11,215,18,7,240,0,240,0,377,137,215,240,240,,1,b0b2f03031da980960d55b45aee9097955bf4144a59371e34e1d172ca8114481,26/06/2023 02:23:29,ESCANER
17105,"Quiché",14,"Chichicastenango",6,2584,380,56,45,4,4,0,104,1,0,0,3,5,1,0,17,240,20,10,270,0,270,0,380,110,240,270,270,,1,e1afaa1e45cfb9102365281e41041a9932bd78cbb69292dd100c3d21de44a38b,26/06/2023 01:42:06,ESCANER
17106,"Quiché",14,"Chichicastenango",6,2584,380,69,65,2,8,1,53,2,1,2,3,2,2,1,9,220,8,15,243,0,243,0,380,137,220,243,243,,1,6d6cd73a351267d094638fd027bce57ed1750ac46f4da03c0318232acb211a2c,25/06/2023 23:46:15,ESCANER
17107,"Quiché",14,"Chichicastenango",6,2584,380,62,42,3,18,0,50,1,1,0,0,1,1,0,17,196,6,8,210,0,210,0,380,170,196,210,210,,1,da9a59de63b7c34c1948ce4a58693cdc330dc135c0f02c8ccb6b4fc536e62981,25/06/2023 23:28:04,ESCANER
17108,"Quiché",14,"Chichicastenango",6,2584,380,72,57,1,10,0,59,0,1,0,2,2,2,0,14,220,10,11,241,0,--,0,380,139,220,241,241,Algún campo sin dato,1,f9646178594a8b76acc8c075825b9d59c31eac0b02fc879b7c66786d0e1f69fe,26/06/2023 00:47:31,ESCANER
17109,"Quiché",14,"Chichicastenango",6,2584,380,67,51,8,18,3,64,1,3,2,0,0,0,0,19,236,14,6,256,0,256,0,368,112,236,256,256,,1,f10366a0315238343f1a0f514790edbef1368d4ac4533c8e4470407f6706760b,26/06/2023 01:11:01,ESCANER
17110,"Quiché",14,"Chichicastenango",6,2584,380,83,49,1,4,1,44,0,0,0,2,0,0,0,10,227,10,10,247,0,247,--,380,133,194,214,214,Sumas Asentadas sin cuadrar,1,0f06f3b024346f2e91619182b573c11ef2b5262750f295545eb6414fe24db055,26/06/2023 05:46:11,ESCANER
17111,"Quiché",14,"Chichicastenango",6,2584,380,100,39,2,7,2,50,1,0,1,1,1,0,0,5,209,6,7,222,0,222,--,380,158,209,222,222,Algún campo sin dato,1,89ffa3932a5ffe06b75972a6ef1e37daa4375f5d27ea43a313baaa6f04813b5c,25/06/2023 21:16:12,ESCANER
17112,"Quiché",14,"Chichicastenango",6,2584,380,92,44,0,18,1,45,1,0,0,0,1,2,1,7,212,8,9,0,0,229,0,380,150,212,229,229,,1,a1b56ad9f5b7a920ee349e44b2d4d02dd8ebf270135b1268f2f7622ecffecbd6,25/06/2023 22:58:23,ESCANER
17113,"Quiché",14,"Chichicastenango",6,2585,380,69,35,4,19,1,59,3,2,2,0,1,2,0,0,212,12,11,235,0,235,0,380,145,197,220,220,Sumas Asentadas sin cuadrar,1,525eace0b3448ca6782542fe0ae38802e1403f0fc0de451c68638d5f83f411ee,25/06/2023 23:52:16,ESCANER
17114,"Quiché",14,"Chichicastenango",6,2585,380,71,35,4,13,1,50,2,5,1,0,5,4,2,15,208,0,11,--,12,231,--,380,149,208,219,231,Algún campo sin dato,1,cdf891be05d1b790f8e2630b9a634c5b5b145d6cf04b09d70c3b54b168684a2c,26/06/2023 02:30:58,ESCANER
17115,"Quiché",14,"Chichicastenango",6,2585,380,71,48,3,14,0,55,0,2,0,0,2,2,0,17,217,17,6,237,0,237,0,381,144,214,237,237,Sumas Asentadas sin cuadrar,1,ac1aa3f22664a1de95eab93a3db0e27d7a9743eb2fb1612e2932832d6f013a9c,26/06/2023 01:08:35,ESCANER
17116,"Quiché",14,"Chichicastenango",6,2585,380,54,34,2,11,2,35,1,1,1,0,0,2,0,13,156,10,4,170,0,170,0,380,210,156,170,170,,1,f9bbda67f2f7b5e5f8f1425dd86285a02b4e887b042246f6eb46b98e6eebccca,26/06/2023 02:28:09,ESCANER
17117,"Quiché",14,"Chichicastenango",6,2585,380,69,39,4,12,1,51,0,2,1,5,2,1,0,15,202,9,7,218,0,218,0,380,162,202,218,218,,1,e2cc692a53b9a8efcfa1b4793d1a5a3ce199f203c6b093aceaaad636fb81f8b2,26/06/2023 01:22:28,ESCANER
17118,"Quiché",14,"Chichicastenango",6,2585,380,55,30,4,21,1,48,3,1,0,0,3,1,1,20,189,10,13,212,0,212,0,380,168,188,211,211,Sumas Asentadas sin cuadrar,1,d393abb4252803733161427048330bd8bf3fa7bd4f4551da7ab4d8441e399241,26/06/2023 02:20:05,ESCANER
17119,"Quiché",14,"Chichicastenango",6,2585,380,66,43,2,10,2,60,0,1,1,1,3,0,1,13,203,6,10,219,0,0,--,376,157,203,219,219,Algún campo sin dato,1,92bed343222df5f1513e3d0031d6ef33c98479716a89b0aeb50d54667c05d8a2,26/06/2023 05:47:03,ESCANER
17120,"Quiché",14,"Chichicastenango",6,2585,380,62,42,6,5,0,47,0,2,2,0,1,3,0,15,185,7,1,193,0,--,--,375,182,185,193,193,Algún campo sin dato,1,57a45f7b497f0c1f05f6883a67d385959bac5dcc5cb643886174baa62a3a2f8b,26/06/2023 03:24:08,ESCANER
17121,"Quiché",14,"Chichicastenango",6,2585,380,66,42,3,15,2,53,0,4,0,2,0,0,0,15,202,7,5,214,0,--,0,380,166,202,214,214,Algún campo sin dato,1,4cd7d106c867be21db8ee03026ecf9738b9366ad4d0b669d7dcf25e13709aa28,26/06/2023 01:29:49,ESCANER
17122,"Quiché",14,"Chichicastenango",6,2585,380,78,41,2,8,2,45,0,1,1,0,2,0,0,16,196,2,0,198,--,--,0,--,--,196,198,198,Algún campo sin dato,1,3c8bdc42625c096cc6a47e420d836d9cb407c2b92351f85785ea1fd0e62bdb22,26/06/2023 01:27:10,ESCANER
17123,"Quiché",14,"Chichicastenango",6,2585,380,81,36,2,12,2,72,1,4,1,0,1,0,0,11,223,5,152,380,0,380,--,380,152,223,380,380,Algún campo sin dato,1,d6789836d2a0fa549e49287d79dc6c3f4e4e0e76334c4407da7a91bde34c59c8,26/06/2023 01:58:04,ESCANER
17124,"Quiché",14,"Chichicastenango",6,2585,380,58,38,1,25,0,50,0,0,0,0,1,0,0,13,186,3,5,194,0,194,0,380,186,186,194,194,,1,8ddee277cbc811eb6a35c2c612286d1575a815301366c3abdc0f0b4043d152e4,25/06/2023 23:09:35,ESCANER
17125,"Quiché",14,"Chichicastenango",6,2585,312,48,41,4,6,0,42,0,1,1,0,2,0,0,11,156,3,5,164,--,--,0,312,148,156,164,164,Algún campo sin dato,1,5188bd0a1c3c9962f7e92304f345efce4622002ae1696f5f7737fd71d304315b,26/06/2023 03:58:51,ESCANER
17126,"Quiché",14,"Chichicastenango",6,2585,311,57,31,4,13,1,40,0,0,0,0,1,3,0,12,162,5,6,173,--,--,--,--,--,162,173,173,Algún campo sin dato,1,c0cccf2bbd6113cf27902516c9b4e607aa3cc348d5be789bac360c157ac0bdc0,26/06/2023 00:49:31,ESCANER
17127,"Quiché",14,"Chichicastenango",6,2586,380,--,--,--,--,--,--,--,--,--,--,--,--,--,--,--,--,--,--,--,--,--,--,--,,,,Acta ilegible,0,fa8bf8ad0062e737ab4673935ba5a21b7a0b3316b2d2d42b6665c20322af0314,26/06/2023 04:58:30,ESCANER
17128,"Quiché",14,"Chichicastenango",6,2586,380,145,40,0,0,3,71,0,1,0,0,0,1,0,11,272,6,8,286,0,286,0,380,94,272,286,286,,1,c84ca7ef932e56c860bb26d15e1509de8535edceb742a6dcc37b755fa2d982b7,26/06/2023 03:21:36,ESCANER
17129,"Quiché",14,"Chichicastenango",6,2586,380,90,64,0,1,5,101,1,2,0,2,6,2,1,9,284,7,15,306,0,--,--,380,74,284,306,306,Algún campo sin dato,1,429707c65dcbf7569c09ef201926535770864a27b45612379af9425334036029,26/06/2023 05:45:23,ESCANER
17130,"Quiché",14,"Chichicastenango",6,2586,380,113,47,0,3,7,57,2,1,0,0,5,2,0,14,251,11,7,269,0,269,0,387,191,251,269,269,,1,1ae121be2a553d7535899d892f6592d19648361032d262ccdc83faf4814f1bc4,26/06/2023 03:27:24,MOVIL
17131,"Quiché",14,"Chichicastenango",6,2586,380,109,44,0,1,6,71,2,3,1,1,2,0,0,8,248,6,9,263,0,--,0,380,117,248,263,263,Algún campo sin dato,1,ad89ff00cd66abe6862dd1415064f1539f56feb2917daa78bd39322ccae42dfc,26/06/2023 04:09:39,ESCANER
17132,"Quiché",14,"Chichicastenango",6,2586,380,101,54,1,3,3,79,0,2,0,1,3,0,1,4,252,12,13,277,0,277,0,400,123,252,277,277,,1,dba63772564905d949c4470bee2f9bb4a0a6f820b3f8018d9276399d11fa6bbb,26/06/2023 03:59:04,ESCANER
17133,"Quiché",14,"Chichicastenango",6,2586,380,115,44,1,1,1,76,3,3,0,3,1,1,2,7,258,6,7,271,0,271,--,380,109,258,271,271,Algún campo sin dato,1,9941d53d2e6cc788947ba899e7fed23dfd333828a3b1e8e7f614c4a0f8ba6f0d,26/06/2023 05:46:11,ESCANER
17134,"Quiché",14,"Chichicastenango",6,2586,380,126,47,1,1,0,77,1,2,1,1,0,3,0,3,263,9,9,281,0,281,0,380,99,263,281,281,,1,02dea7e520e87497bada1dcd1e3052568e9c2a064f624b35dc6ceed1a0429e42,26/06/2023 03:51:39,MOVIL
17135,"Quiché",14,"Chichicastenango",6,2586,380,84,58,0,0,3,99,1,2,1,4,1,0,1,7,261,5,12,278,0,278,--,380,102,261,278,278,Algún campo sin dato,1,019c5f5c3d2516662bb5383782d79e3e54ddeff413ad08b8152aabc36942280d,26/06/2023 05:26:51,ESCANER
17136,"Quiché",14,"Chichicastenango",6,2586,380,103,42,1,0,2,64,1,0,2,3,3,0,0,15,236,15,8,259,0,259,0,380,121,236,259,259,,1,ce232d689e80f56bb2d23708913c50ee63fd59184a95cd3550b0494a0df5124a,26/06/2023 03:50:56,ESCANER
17137,"Quiché",14,"Chichicastenango",6,2586,380,88,50,1,0,0,62,0,0,0,2,0,0,0,13,216,14,9,239,0,239,--,380,141,216,239,239,Algún campo sin dato,1,934d2e7e45f3a441a20f65eb3229ea4f18ef485739502a07a5f2e20debf3e3f0,26/06/2023 05:28:21,MOVIL
17138,"Quiché",14,"Chichicastenango",6,2586,380,104,52,1,1,1,74,2,1,0,3,1,1,0,9,250,4,1,255,--,--,0,380,122,250,255,255,Algún campo sin dato,1,319f8ac751c9b573efe964369f821646a923a36a7b1f1d2c014c4a9054adb954,26/06/2023 03:06:46,ESCANER
17139,"Quiché",14,"Chichicastenango",6,2586,380,112,40,0,0,0,87,0,1,0,1,1,0,1,12,255,1,0,256,0,256,0,377,121,255,256,256,,1,66678a176a0b9bfde4ac6c98bd6a8061e2a375e7bfc13993ea2d0e0fd43f3529,26/06/2023 03:55:52,ESCANER
17140,"Quiché",14,"Chichicastenango",6,2586,380,92,48,0,0,2,80,1,1,0,1,2,2,0,16,245,1,2,248,0,248,--,380,132,245,248,248,Algún campo sin dato,1,daadd66aac5d5d90c5e093e0117e3a000bdd8b64361eaaf5edfe1bbd0afb0643,26/06/2023 03:32:51,ESCANER
17141,"Quiché",14,"Chichicastenango",6,2586,327,69,51,0,1,0,70,0,3,0,0,1,0,1,10,206,0,1,207,0,207,0,327,120,206,207,207,,1,182e88afb951bb8a61ebc6f5fc5645137b7fabc432d4ab688acf6134012fdc3f,26/06/2023 03:42:01,ESCANER
17142,"Quiché",14,"Chichicastenango",6,2586,327,77,30,--,--,4,62,1,--,--,1,5,--,--,11,191,8,4,203,121,324,--,324,121,191,203,324,Algún campo sin dato,1,447a6aab063539613e35e0f921d490b78f8be5d991cc885ef00c80bdaa6d7aaa,26/06/2023 05:45:26,MOVIL
17143,"Quiché",14,"Chichicastenango",6,2587,380,122,53,2,3,10,67,0,3,0,4,4,1,1,8,278,11,21,310,0,310,0,376,66,278,310,310,,1,1ec43d79da82c5e1bcfc48b56597e5403085ad9a442575d37cc1df432379328f,26/06/2023 02:28:55,ESCANER
17144,"Quiché",14,"Chichicastenango",6,2587,380,88,51,2,1,5,60,2,5,0,1,2,1,0,12,230,21,16,267,0,267,0,380,113,230,267,267,,1,8da8b88e3bec6172190fd365d8214d9733ffe63e1c1821a398727e5cf2f35c89,26/06/2023 01:10:12,ESCANER
17145,"Quiché",14,"Chichicastenango",6,2587,380,67,82,2,4,4,97,0,6,7,3,10,0,4,28,314,13,8,335,12,335,--,--,--,314,335,347,Sumas Asentadas sin cuadrar,1,172008167043aad0db0ce12d7f1b32511fbe8decf3b0e8324b0241495517678d,26/06/2023 02:17:42,ESCANER
17146,"Quiché",14,"Chichicastenango",6,2587,380,60,89,2,9,11,77,0,6,5,2,5,0,3,25,296,16,9,321,2,323,0,380,57,294,319,321,Sumas Asentadas sin cuadrar,1,7495afe7b56fb9c6febc97ae3ed9451acbfeba8e0352119ea865701209f11578,26/06/2023 00:16:39,ESCANER
17147,"Quiché",14,"Chichicastenango",6,2587,380,66,91,1,9,21,79,0,2,2,3,5,1,0,12,292,20,0,312,0,312,0,380,68,292,312,312,,1,29dc06f4c115c0eebb45a1c4bfc2d1cc54e2791f1d959adb4ad790b807a9dbb5,26/06/2023 00:27:16,ESCANER
17148,"Quiché",14,"Chichicastenango",6,2587,380,92,65,4,2,11,63,1,2,1,1,3,0,3,11,259,5,10,274,0,274,0,380,106,259,274,274,,1,9beb0096660158b2d38ecd8abd89baefc2c90277cb75af93dcb2f5bca12577d9,26/06/2023 01:10:37,ESCANER
17149,"Quiché",14,"Chichicastenango",6,2587,380,74,76,2,5,6,50,0,2,3,7,8,3,2,0,238,12,14,264,0,264,0,380,116,238,264,264,,1,c2dc6125e250aa8428b0e5cfba051e3025f643ae2442fea5e62e44d20769e11e,25/06/2023 23:41:15,ESCANER
17150,"Quiché",14,"Chichicastenango",6,2588,380,71,54,1,7,9,67,1,3,3,4,6,2,3,13,244,20,7,271,0,271,0,380,109,244,271,271,,1,e6ee449528589d9353bd927d420e9965e91b4eb04378c059fa9947c3d2896a8e,25/06/2023 22:20:54,ESCANER
17151,"Quiché",14,"Chichicastenango",6,2588,380,67,74,2,4,8,56,1,1,2,4,6,0,0,14,251,1,7,259,4,255,--,380,129,239,247,251,Sumas Asentadas sin cuadrar,1,e4714e5753dc17ab89c8642afeac8318fdad76545ced12fb4487b5d3be523b04,26/06/2023 03:30:48,ESCANER
17152,"Quiché",14,"Chichicastenango",6,2588,380,86,68,2,3,8,61,1,1,5,1,3,0,0,10,249,1,0,250,0,250,0,380,130,249,250,250,,1,b700ac78781034440e073aebda2909ce9cf0634de3713322e74b69e73d159b5f,26/06/2023 00:24:05,ESCANER
17153,"Quiché",14,"Chichicastenango",6,2588,314,52,63,0,1,4,50,1,4,0,0,0,0,4,17,196,1,1,198,0,198,0,314,116,196,198,198,,1,83ee42762752b2f6b685bc5e8a9ef5a011110ffd664ad023ce7486d47a3213db,25/06/2023 23:17:07,ESCANER
17154,"Quiché",14,"Chichicastenango",6,2588,314,63,35,5,2,7,41,4,3,1,1,3,1,1,17,184,3,3,190,0,190,0,314,124,184,190,190,,1,c281b732aaf579d2f0b3e43d86fa3155838d1e531201b643709dfd8d5d56e972,26/06/2023 00:51:35,ESCANER
17155,"Quiché",14,"Chichicastenango",6,2589,380,114,28,0,0,0,75,0,1,1,1,1,0,0,7,228,11,8,247,0,247,--,380,133,228,247,247,Algún campo sin dato,1,c97a3682804b1090942c8cab3660d82694253e63b5949ba5030f4a71c7309f16,26/06/2023 03:58:42,ESCANER
17156,"Quiché",14,"Chichicastenango",6,2589,380,115,67,0,2,1,48,0,9,0,0,2,0,0,9,253,11,12,276,0,276,0,380,104,253,276,276,,1,ee622e9e6f75ed02af31a9f7d2778d213ff71ccab3b8fbcb8a893cd240abd653,26/06/2023 01:43:08,ESCANER
17157,"Quiché",14,"Chichicastenango",6,2589,380,117,41,0,1,0,78,0,9,0,0,0,0,0,17,263,14,24,301,0,301,0,380,79,263,301,301,,1,7c5671befc9569b2ebd07d314b1f2f5f5d397f08c1dc554632909d7236ae5d63,26/06/2023 02:33:11,ESCANER
17158,"Quiché",14,"Chichicastenango",6,2589,380,107,36,1,2,0,75,0,5,0,0,0,0,1,26,253,24,19,296,0,296,0,377,81,253,296,296,,1,e628b7ffc8a84368194cde161c74b429746752795e6b6ac28e56dd59f53d4ebe,26/06/2023 02:25:28,ESCANER
17159,"Quiché",14,"Chichicastenango",6,2589,380,92,42,0,3,2,68,0,5,1,2,0,0,0,24,239,8,8,255,0,255,--,380,125,239,255,255,Algún campo sin dato,1,57f8ba4445148ee51bd99e65772b64f022845b2c05862877d0b562d53e061090,26/06/2023 05:50:56,ESCANER
17160,"Quiché",14,"Chichicastenango",6,2589,380,93,37,0,3,1,68,0,10,0,0,0,0,2,10,224,3,9,236,4,240,--,380,140,224,236,240,Algún campo sin dato,1,d29e8c6aa4958cc379829be1f2c4a1153e328e0b3de43c88ea4e60a92fcc51ec,26/06/2023 02:28:30,ESCANER
17161,"Quiché",14,"Chichicastenango",6,2589,377,123,29,0,1,0,82,1,5,0,0,0,0,0,9,250,2,3,255,0,255,--,376,121,250,255,255,Algún campo sin dato,1,39d7bd121daa4e5ac1ab404ed0a50e5254f1a57872ff3b6e34143df849aa2705,26/06/2023 04:31:44,ESCANER
17162,"Quiché",14,"Chichicastenango",6,2589,376,67,31,1,5,0,54,1,15,0,0,0,0,1,22,197,5,8,210,0,210,0,--,--,197,210,210,Algún campo sin dato,1,8518f8e7dd770f1d210a3c47ae672d8a8a4f8a68e4ce402a8a81d04cbee67806,26/06/2023 01:53:02,ESCANER
17163,"Quiché",14,"Chichicastenango",6,2590,380,74,57,1,1,1,72,73,2,0,1,3,0,0,10,227,11,14,252,0,252,0,382,128,295,320,320,Sumas Asentadas sin cuadrar,1,a2c7463fff617daa1972f8eecca080f7d85ed5d12ee6f76cec2836f88cc1a5a8,26/06/2023 03:00:39,ESCANER
17164,"Quiché",14,"Chichicastenango",6,2590,380,129,37,1,2,2,71,1,1,1,0,2,0,1,19,267,16,7,290,0,290,0,380,90,267,290,290,,1,eb1c98714e715e8bf5546f71a8ef1587bcb880fd25368d3a29d7beb60440ab68,26/06/2023 01:03:54,ESCANER
17165,"Quiché",14,"Chichicastenango",6,2590,380,90,101,2,1,6,66,1,1,0,0,5,1,1,5,280,9,13,302,0,302,0,379,77,280,302,302,,1,93580bbdd03e29240a6ef65a5b92d6eb05ea1f1f28ce51ced81c8efcd90193ff,26/06/2023 02:26:35,ESCANER
17166,"Quiché",14,"Chichicastenango",6,2590,380,55,79,1,1,1,63,0,1,1,0,5,0,2,14,223,14,9,246,0,246,0,380,134,223,246,246,,1,87b6c8b1886b45c6ad5abd7d6143fc618400977bbccd2a87ca912cc846345c18,26/06/2023 00:50:57,ESCANER
17167,"Quiché",14,"Chichicastenango",6,2590,380,88,69,4,1,1,29,5,0,0,1,1,2,1,13,215,17,10,242,0,242,0,380,138,215,242,242,,1,22e9ee4297f82b286caaccd86a9390f80956e39fc22d0ce59145b8a82f2ac9c6,26/06/2023 01:38:58,ESCANER
17168,"Quiché",14,"Chichicastenango",6,2590,380,100,37,2,1,3,40,1,2,0,0,3,0,1,41,231,15,13,259,0,259,0,380,121,231,259,259,,1,f037d8fd67f3a9ac4408c59adf4dfe70aa0581b2d881219eb5b2626ae89813de,26/06/2023 00:15:49,ESCANER
17169,"Quiché",14,"Chichicastenango",6,2590,380,34,87,3,1,4,33,4,12,0,0,4,3,0,10,195,7,6,208,--,208,--,380,172,195,208,208,Algún campo sin dato,1,a1ba1dbec5f5efa9e1ab732a52852be8a2d3d2710485553554c593a5feb74470,26/06/2023 04:18:40,ESCANER
17170,"Quiché",14,"Chichicastenango",6,2590,380,103,44,3,0,0,39,2,0,2,2,3,2,0,4,204,20,10,234,0,234,0,380,146,204,234,234,,1,bf67666a8b9d88d6fcac598a3e83c3e80534190014b7d172a8452762abeea48a,26/06/2023 01:27:43,ESCANER
17171,"Quiché",14,"Chichicastenango",6,2590,380,44,95,2,0,10,46,3,2,1,1,4,2,1,17,228,11,13,252,0,252,0,380,128,228,252,252,,1,3d7b8c7962eadd7f15b0cc9bb9d85a0b239e074eb869a8215317edb43cba686b,26/06/2023 01:17:04,ESCANER
17172,"Quiché",14,"Chichicastenango",6,2590,380,63,60,2,0,3,44,4,0,0,0,5,0,1,12,194,4,5,203,0,203,0,381,178,194,203,203,,1,484b29e4a737f9a832200643c81a9f93efd1332298a4fec3ac86699e78fdbba7,26/06/2023 02:00:29,ESCANER
17173,"Quiché",14,"Chichicastenango",6,2590,380,103,53,2,0,1,28,11,0,1,2,2,0,1,4,208,20,5,233,0,233,0,381,148,208,233,233,,1,ee434aabb2da57649d9fc14309926d78cb92e868152191a1bf7f818044fa6fbf,26/06/2023 00:45:02,ESCANER
17174,"Quiché",14,"Chichicastenango",6,2590,380,68,53,2,1,1,59,1,0,1,1,3,0,2,16,208,9,5,222,0,222,0,377,155,208,222,222,,1,dbc3023660910535f9fb75d5496d5c7de082006a3054e40ff39856541dbceea2,25/06/2023 23:24:39,ESCANER
17175,"Quiché",14,"Chichicastenango",6,2590,380,86,34,4,0,1,57,3,0,0,0,6,1,0,20,212,10,14,236,0,236,0,380,144,212,236,236,,1,bbbe08b39a8ca8ddb4a317e94f099052551a4c7ee76d8c9a116f8ca0d2a7e173,26/06/2023 01:08:06,ESCANER
17176,"Quiché",14,"Chichicastenango",6,2590,380,72,44,2,0,8,46,2,2,0,2,4,1,1,13,197,7,8,212,0,212,--,380,168,197,212,212,Algún campo sin dato,1,edcdb02529063412317425b2135c57652fa2d644105dc1d35edb5d4bc306cc42,26/06/2023 04:17:51,ESCANER
17177,"Quiché",14,"Chichicastenango",6,2590,380,68,37,1,3,2,42,1,1,0,1,3,0,2,17,178,10,6,194,0,194,0,380,186,178,194,194,,1,1ad118f2e66c6b2885d07a2face1ec0612368b76bc25ac82238a5240930d44c9,26/06/2023 00:29:27,ESCANER
17178,"Quiché",14,"Chichicastenango",6,2590,380,69,56,1,1,1,50,2,1,1,--,4,--,--,15,201,2,3,206,--,206,0,380,174,201,206,206,Algún campo sin dato,1,00e5e1de59e821764e0042382411dc749ff3e0d49553693b7ffb2f5b73bf5ce1,26/06/2023 01:23:46,ESCANER
17179,"Quiché",14,"Chichicastenango",6,2590,380,54,57,2,1,8,53,3,0,0,1,4,1,1,28,213,1,1,215,0,215,0,380,165,213,215,215,,1,40c41cd0ba1ff4a5a4586626f38afa4dc7e1ec8064e8be89def349f95bfc9888,26/06/2023 01:10:27,ESCANER
17180,"Quiché",14,"Chichicastenango",6,2590,380,65,58,2,2,4,45,0,0,0,0,2,0,0,18,196,4,1,201,0,201,0,380,179,196,201,201,,1,4373f1cfbf0a6f5dd53f56d6a3c45d49f9b9033e8a65b6df3a675faf7dfdbd96,26/06/2023 00:16:46,ESCANER
17181,"Quiché",14,"Chichicastenango",6,2590,380,55,39,0,2,3,47,4,0,0,2,3,0,1,24,180,4,6,190,0,190,0,380,190,180,190,190,,1,a02dfd8abae579060c5e79f0c621020d803a6c52899c4cbc3e4cd70bc6525f6a,25/06/2023 23:17:40,ESCANER
17182,"Quiché",14,"Chichicastenango",6,2591,380,56,44,2,8,2,43,1,1,15,4,8,1,0,19,204,23,28,255,--,255,0,380,125,204,255,255,Algún campo sin dato,1,514b0752afeefc918f9d7e5277ffaa0463255d657fe23244e6f4e88e8ed99f53,26/06/2023 00:15:17,ESCANER
17183,"Quiché",14,"Chichicastenango",6,2591,380,37,78,2,5,0,36,2,0,1,5,2,0,0,8,176,16,14,206,0,206,0,380,174,176,206,206,,1,6cc00f5d4fd4b2e32e85dd4b8157d7e9ddf15e2a68e227c495ed52905e4d69c9,26/06/2023 00:35:17,ESCANER
17184,"Quiché",14,"Chichicastenango",6,2591,380,21,44,6,26,1,37,2,0,12,0,3,1,1,25,179,16,13,208,0,208,0,378,170,179,208,208,,1,893ab93217e644df8d9de4486a6f3505001ef05935ca3291431612055562f224,26/06/2023 01:23:25,ESCANER
17185,"Quiché",14,"Chichicastenango",6,2591,380,21,50,3,16,1,41,2,1,14,1,8,4,1,26,189,3,12,204,10,214,0,380,166,189,204,214,,1,c26e5ebede69b06781909baaed75f35713531780353b75b34889eecfe2e268e6,26/06/2023 00:27:20,ESCANER
17186,"Quiché",14,"Chichicastenango",6,2591,380,10,42,3,9,2,47,1,0,6,0,5,1,1,26,153,9,11,173,0,173,0,380,207,153,173,173,,1,2d82d7ddb57d5885745182daf8e037b7b42ac0d6cc78ac35237294e7f726297d,25/06/2023 22:55:11,ESCANER
17187,"Quiché",14,"Chichicastenango",6,2591,314,16,39,2,4,0,31,1,0,15,2,1,0,0,17,128,10,1,139,0,139,0,314,175,128,139,139,,1,de930959a370fe8ed08aac0f6f60f3d52c429efb4c9409e6aba446ecb2ba41cc,25/06/2023 23:15:18,ESCANER
17188,"Quiché",14,"Chichicastenango",6,2592,314,40,27,3,2,1,31,2,1,3,0,7,2,0,11,130,5,2,137,0,137,0,314,174,130,137,137,,1,3e82a7b5fdea00adfc7f08bba862e7a95df8124a42e0c76152c8533d3f09f95e,25/06/2023 22:48:46,ESCANER
17189,"Quiché",14,"Chichicastenango",6,2593,380,68,53,5,13,1,43,2,2,1,2,5,3,5,37,236,25,14,275,0,275,0,380,105,240,279,279,Sumas Asentadas sin cuadrar,1,ca340d83462c237e9ab2b41ed6b6b6092c0593516c727db5196db507890c7a3b,25/06/2023 22:52:21,ESCANER
17190,"Quiché",14,"Chichicastenango",6,2593,380,70,47,1,26,1,27,1,1,0,3,9,0,1,49,236,19,13,268,0,268,0,380,112,236,268,268,,1,dcd467455e0bbaceda5a1d814d707901401f0607be39580b404130c8a70b4fe0,26/06/2023 01:44:11,ESCANER
17191,"Quiché",14,"Chichicastenango",6,2593,380,49,35,5,11,2,27,3,0,1,2,37,4,2,68,246,16,6,268,2,270,2,381,111,246,268,270,,1,49c3e3dd4bf99527c4d99b4d07d1c67433dd5f0c7ff8b3fc241f8d3b5e761583,25/06/2023 23:19:50,ESCANER
17192,"Quiché",14,"Chichicastenango",6,2593,380,52,50,3,3,8,29,1,0,1,0,18,6,0,91,262,8,7,277,0,277,0,380,103,262,277,277,,1,89436888ccbbdd81cf88bd14d9ca3dd1365631bb7e2d34b3f9e4743d1362e03d,25/06/2023 23:41:47,ESCANER
17193,"Quiché",14,"Chichicastenango",6,2593,380,35,74,0,15,2,32,0,1,0,0,6,1,2,91,259,12,2,273,0,273,0,380,107,259,273,273,,1,98f2b2d310cafe3298e7529d0ee72437a05116b3dcdaa8b8a85486c21ac2c3b1,25/06/2023 23:04:33,ESCANER
17194,"Quiché",14,"Chichicastenango",6,2593,380,84,54,2,13,3,39,2,0,0,2,8,2,2,37,248,14,9,271,0,271,0,389,118,248,271,271,,1,f715bc1bbf7099c980232b2a33341e4fbc8ac5d23e3c8149e51888e08e34e089,25/06/2023 23:51:00,ESCANER
17195,"Quiché",14,"Chichicastenango",6,2593,380,49,38,0,11,2,60,1,0,0,0,1,2,1,93,258,15,7,280,0,280,0,380,100,258,280,280,,1,b0763b4a8f563311e38487fa220aec60717537e557a8786cfc40c6fe17cc1f34,26/06/2023 01:53:57,ESCANER
17196,"Quiché",14,"Chichicastenango",6,2593,380,36,61,6,19,1,50,0,0,1,1,6,0,0,62,243,13,6,262,0,262,0,380,118,243,262,262,,1,215ec92f6d9f771f503bade690bb7864ea3db9e886e8cb68ae4f869cefbbe701,26/06/2023 00:01:31,ESCANER
17197,"Quiché",14,"Chichicastenango",6,2593,380,42,28,4,18,3,43,0,0,1,0,2,3,1,50,195,5,5,205,0,205,0,376,171,195,205,205,,1,33f2441d80ecba413402d062ed8ee545c0488742b48a39e47d34ebbf20216b91,26/06/2023 00:36:44,ESCANER
17198,"Quiché",14,"Chichicastenango",6,2593,380,--,--,--,--,--,--,--,--,--,--,--,--,--,--,--,--,--,--,--,--,--,--,--,,,,Acta ilegible,0,c4a31e23526da72adc549ad1fe84f5bf91a98374ed9a49eeedf15b92b04b50c8,26/06/2023 03:52:58,ESCANER
17199,"Quiché",14,"Chichicastenango",6,2593,380,49,34,3,10,3,44,2,0,1,0,4,3,0,59,212,2,5,219,7,226,--,380,154,212,219,226,Algún campo sin dato,1,902a2d49394b6469a8bc17c72253efce0b1fc297d58506a02a977e8d6d517b3d,26/06/2023 01:16:37,ESCANER
17200,"Quiché",14,"Chichicastenango",6,2593,380,63,46,1,19,1,55,0,0,0,0,2,0,0,40,227,6,0,233,0,233,0,380,147,227,233,233,,1,3953bacd5123b9d66f3d05dd8f33cec2da2c5ca828296dff0f935dab63521287,26/06/2023 01:25:58,ESCANER
17201,"Quiché",14,"Chichicastenango",6,2593,380,54,35,1,16,2,46,1,1,0,0,7,0,0,71,234,2,2,238,0,238,0,380,139,234,238,238,,1,bb1abed552809ee71d513fee4c7e94b7dea4d18721031952638ac581b91898c2,26/06/2023 00:18:07,ESCANER
17202,"Quiché",14,"Chichicastenango",6,2593,209,25,19,2,4,1,27,0,0,0,0,3,0,0,21,102,2,2,106,0,106,0,209,103,102,106,106,,1,72ec5280838715393b5cc731ef7ab0239574db4c9f91efc0569ce70e65ef6241,25/06/2023 23:33:00,ESCANER
17203,"Quiché",14,"Chichicastenango",6,2593,209,38,18,2,3,4,27,0,1,0,1,4,1,0,19,118,2,3,123,0,123,0,209,86,118,123,123,,1,ee49168e949091bf32503d8865225c9264d567f47add4262814e6c0860e46dd9,25/06/2023 23:28:34,ESCANER
17204,"Quiché",14,"Chichicastenango",6,2594,380,64,46,0,5,0,100,0,3,4,2,2,2,0,13,241,6,22,269,111,380,0,380,111,241,269,380,,1,1148c4f98a5daf1181d9a5b1b5ffa0075862e644c29a33476f524ad0c53f9b7b,26/06/2023 00:05:19,ESCANER
17205,"Quiché",14,"Chichicastenango",6,2594,380,25,51,1,6,1,101,0,4,1,1,2,1,1,33,228,12,23,263,117,380,0,380,117,228,263,380,,1,d4a58dad70fcc28d90e6dc7503ed70dabbaa284afffb596a6781d5c9c33f4dee,26/06/2023 00:02:15,ESCANER
17206,"Quiché",14,"Chichicastenango",6,2594,380,72,15,2,0,1,114,0,1,2,0,2,1,0,35,245,12,16,0,0,0,0,380,104,245,273,273,,1,b1d600988d507522804870b1cc1f8368d3a8b58c305d29094159e34c41327c79,26/06/2023 01:09:46,ESCANER
17207,"Quiché",14,"Chichicastenango",6,2594,380,44,44,5,1,0,97,0,4,1,2,1,3,1,19,222,7,9,238,142,380,--,380,142,222,238,380,Algún campo sin dato,1,5dd09770263896ba84b5ae4b675ac21e5548d0e40690215b0fc6d039093841d8,26/06/2023 01:56:43,ESCANER
17208,"Quiché",14,"Chichicastenango",6,2594,380,63,64,0,1,0,62,0,14,7,4,2,1,1,11,230,10,7,247,0,247,0,380,133,230,247,247,,1,511a75a95833216eea4c22ac5cd82a19a04b5546737b96efed72fcda06bd4d18,26/06/2023 01:01:27,ESCANER
17209,"Quiché",14,"Chichicastenango",6,2594,380,35,42,1,1,0,88,1,4,1,0,1,1,0,19,194,10,11,215,0,215,0,380,165,194,215,215,,1,87640543913cd48cc9d1bd1002caef983fd7932010ef3bc856183934b237d1b8,26/06/2023 00:31:36,ESCANER
17210,"Quiché",14,"Chichicastenango",6,2594,380,38,33,4,4,0,80,2,5,0,3,1,0,0,21,191,14,5,210,0,210,0,380,167,191,210,210,,1,888aef37682f2db20fbb027955c470f90bc18915fbc6af7a441ac95362b42fd5,26/06/2023 00:34:34,ESCANER
17211,"Quiché",14,"Chichicastenango",6,2594,380,47,46,1,2,0,79,0,1,2,0,0,0,0,27,205,10,5,220,0,220,0,380,160,205,220,220,,1,dbfe0f774cd7c0a6874331f4a3476bad0697fa3feee48973a547c0fef77a36bb,26/06/2023 04:17:20,ESCANER
17212,"Quiché",14,"Chichicastenango",6,2594,380,21,33,2,1,0,86,0,5,0,0,0,2,0,25,175,8,12,195,185,380,0,380,152,175,195,380,,1,e1356c5afa963ec30820eeea64df945799699f4307f87b258ab63da4cf8fcf28,26/06/2023 05:53:03,ESCANER
17213,"Quiché",14,"Chichicastenango",6,2594,380,31,42,2,2,0,76,0,1,0,0,0,0,0,27,181,5,9,195,0,195,0,377,182,181,195,195,,1,e38fe2c2c47dcd5ad7ecf312021c28af05a0123ec93f7f4763fc7ed985ccadd5,26/06/2023 00:04:55,ESCANER
17214,"Quiché",14,"Chichicastenango",6,2594,348,29,25,3,1,0,73,0,3,1,0,0,0,0,18,153,3,4,160,0,160,0,347,187,153,160,160,,1,9186d62ff9904c672f9531352b4f04ff7d6db9ef9183405845a3d44e4b41583b,26/06/2023 04:09:07,ESCANER
17215,"Quiché",14,"Chichicastenango",6,2594,347,27,28,2,1,0,45,0,4,0,0,0,0,0,21,128,8,16,152,195,347,0,347,195,128,152,347,,1,4bf7b09a869cb86e694791ffcce98587198c5c835a9cc3f6ec44f03260830b09,25/06/2023 23:35:49,ESCANER
17216,"Quiché",14,"Chichicastenango",6,2595,361,47,70,17,15,2,54,4,3,3,2,8,3,1,20,249,9,9,267,0,267,0,361,94,249,267,267,,1,cde44d2729f9fab4cc95cb28916a52ca1f9e5e8fc4d5744f1d4ff90cd304ddd6,26/06/2023 00:04:10,ESCANER
17217,"Quiché",14,"Chichicastenango",6,2595,360,50,53,20,16,2,51,3,1,1,0,6,0,0,6,209,10,6,225,0,225,0,360,132,209,225,225,,1,4b1bc48d0b727065f86271b30709edf19d2645955c540128c2577b7413eccca3,26/06/2023 01:12:34,ESCANER
17218,"Quiché",14,"Chichicastenango",6,2596,600,19,36,2,5,2,35,4,1,0,1,4,2,2,8,121,14,3,138,0,138,0,600,462,121,138,138,,1,df0a7c2751b1c0c6915d5dda21d7e32ab182357db46b07c2e8c45e0aa1b9849d,26/06/2023 00:01:44,ESCANER
17219,"Quiché",14,"Chichicastenango",6,2596,600,10,30,3,3,5,56,3,0,1,4,7,4,1,8,135,9,6,150,0,150,0,600,450,135,150,150,,1,97e2fb29fe3ca31f7c14f540e6d298ebd446ddb156aab6548e75f761aac37977,26/06/2023 01:18:51,ESCANER
17220,"Quiché",14,"Chichicastenango",6,2596,443,15,26,2,4,3,34,1,1,0,2,7,1,2,1,99,9,1,109,0,109,--,440,331,99,109,109,Algún campo sin dato,1,4d483150c804eeedc32f250758e0d9da81a95d2598431b89d3adb7f47f9d5873,26/06/2023 01:30:18,ESCANER
17221,"Quiché",14,"Chichicastenango",6,2596,443,9,16,0,1,5,22,1,1,1,0,4,0,1,4,65,0,2,67,0,67,0,440,373,65,67,67,,1,456bc33fb61de8670e53aa273020a11df7590510348b70be613484e64b4fd567,25/06/2023 21:37:43,ESCANER