﻿TIPO_DE_ELECCIÓN:,CORPORACIÓN MUNICIPAL
28 junio 2023 21:35 (UTC -6)
ACTAS_ESPERADAS,ACTAS_CAPTURADAS,PORCENTAJE_ACTAS_CAPTURADAS,ACTAS_CONTABILIZADAS,PORCENTAJE_ACTAS_CONTABILIZADAS,ACTAS_NO_CONTABILIZADAS,LISTA_NOMINAL_ACTAS_CONTABILIZADAS,VOTOS_EMITIDOS_CONTABILIZADAS,PORCENTAJE_PARTICIPACIÓN_CIUDADANA
85,85,100.0000,85,100.0000,0,31252,20761,66.4309

MESA,DEPARTAMENTO,ID_DEPARTAMENTO,MUNICIPIO,ID_MUNICIPIO,CENTRO_DE_VOTACIÓN,PADRÓN,VAMOS,UNE,AZUL,ELEFANTE,TODOS,PODEMOS,CABAL,VOS,MI FAMILIA,P A N,URNG-MAIZ WINAQ,VALOR UNIONISTA,VÁLIDOS,NULOS,BLANCO,EMITIDOS,INVÁLIDOS,TOTAL,IMPUGNACIONES,PAPELETAS-RECIBIDAS,PAPELETAS-NO-USADAS,VALIDOS_CALCULADO,EMITIDOS_CALCULADO,TOTAL_CALCULADO,OBSERVACIONES,CONTABILIZADA,CÓDIGO_INTEGRIDAD,FECHA_HORA_PUBLICACIÓN,DIGITALIZACIÓN
22683,"Chiquimula",20,"Camotán",5,3543,400,94,65,2,65,5,1,2,1,12,0,0,6,253,12,4,269,0,269,--,400,131,253,269,269,Algún campo sin dato,1,b5e25e0e274584789a54d9c74126ddb19a389941501741fe69856270a4d99ea0,26/06/2023 03:33:18,ESCANER
22684,"Chiquimula",20,"Camotán",5,3543,400,99,50,2,79,3,0,2,0,17,0,0,4,259,16,2,277,0,277,--,400,123,256,274,274,Sumas Asentadas sin cuadrar,1,8116b50f0b8eea6dbe50d152217733e9ebca7031078cc2fd10ab02bb15afdde6,25/06/2023 23:31:23,ESCANER
22685,"Chiquimula",20,"Camotán",5,3543,400,109,50,2,75,1,0,2,2,7,1,0,13,262,16,4,282,0,282,--,400,118,262,282,282,Algún campo sin dato,1,9a3682c82a6f0447a2bb0a276cd75fd84082cfe339637b07d3031ff7c931ae5c,26/06/2023 02:21:35,ESCANER
22686,"Chiquimula",20,"Camotán",5,3543,400,92,76,2,45,1,0,0,0,17,3,3,13,252,10,8,270,0,270,1,400,130,252,270,270,,1,359553271ac68664bef103570cb9943d2740e24929441fa95b600a4f73977a5b,26/06/2023 03:55:41,ESCANER
22687,"Chiquimula",20,"Camotán",5,3543,400,95,61,0,51,2,1,1,1,11,1,1,6,231,6,3,240,0,240,--,400,160,231,240,240,Algún campo sin dato,1,84600bdff5b70634908ca838efbac602f1f83b72ad75f94d5fbd5b90334e3496,26/06/2023 03:01:00,ESCANER
22688,"Chiquimula",20,"Camotán",5,3543,400,92,93,0,48,1,0,0,1,8,1,1,8,253,13,1,267,0,267,2,400,133,253,267,267,,1,e8e2ced368e32274947937e5333432ed92a908910c18304bad4da1bbcb043303,26/06/2023 01:08:09,ESCANER
22689,"Chiquimula",20,"Camotán",5,3543,400,75,81,0,40,1,0,3,1,6,3,2,5,217,8,2,227,0,227,--,400,173,217,227,227,Algún campo sin dato,1,9e4e577e29cad3e4ccd0d15a5801770a904a7e9a1af1ab4799aded89af41284a,26/06/2023 04:05:35,ESCANER
22690,"Chiquimula",20,"Camotán",5,3543,400,68,78,1,51,2,0,2,0,4,1,0,8,215,3,3,221,0,221,--,400,179,215,221,221,Algún campo sin dato,1,f815aa74a9edc0f38fc6f62906523d93f63a1b310986244e9421fcc9e63742c5,25/06/2023 23:34:44,ESCANER
22691,"Chiquimula",20,"Camotán",5,3544,304,59,42,1,62,1,0,1,0,11,0,1,3,181,1,0,182,0,182,--,301,119,181,182,182,Algún campo sin dato,1,c498276b674c61d181a80445f75ed4624e1adc3e78659a5091826eaa1d44f0be,25/06/2023 22:20:10,ESCANER
22692,"Chiquimula",20,"Camotán",5,3544,303,44,52,0,31,0,0,1,2,5,0,1,10,146,5,0,151,0,151,--,303,152,146,151,151,Algún campo sin dato,1,65087fae0fbfa6a245764fbf23c064525e51b6772513ddfbd074e1337ce5f0e8,25/06/2023 22:40:50,ESCANER
22693,"Chiquimula",20,"Camotán",5,3545,400,142,28,1,62,1,1,0,2,0,5,0,25,267,11,5,283,0,283,--,400,117,267,283,283,Algún campo sin dato,1,92bf32dee39609f7c32df1fdf22d6a2a5d27f45abb67c7f9106b70e5d8850188,25/06/2023 22:48:03,ESCANER
22694,"Chiquimula",20,"Camotán",5,3545,400,157,37,3,55,5,0,1,0,3,1,0,13,275,23,7,305,0,305,--,400,95,275,305,305,Algún campo sin dato,1,f231e760c12a2aaa387c5bf6cbbd07a37553ae3a4990cedf4d6deb2ea7fa29e1,26/06/2023 00:42:55,ESCANER
22695,"Chiquimula",20,"Camotán",5,3545,400,159,30,2,52,1,0,0,1,0,1,0,23,269,16,4,289,0,289,--,400,111,269,289,289,Algún campo sin dato,1,eefe5eb7bec1401f4fdafe2e107cd3761fe02fe00b62e965518f9265813e408f,25/06/2023 23:56:48,ESCANER
22696,"Chiquimula",20,"Camotán",5,3546,400,125,25,1,42,5,0,1,4,0,1,0,30,234,8,4,246,0,246,--,400,154,234,246,246,Algún campo sin dato,1,18dbca9c6720541433d48c666c7ae0b5a6af6f6dbf90715fb39a7f5207f995b2,25/06/2023 23:53:47,ESCANER
22697,"Chiquimula",20,"Camotán",5,3546,347,115,17,2,51,0,0,1,1,0,1,0,15,203,4,1,208,0,208,--,347,139,203,208,208,Algún campo sin dato,1,efe2efef9a9abd9b197f49b1176844b627215a6b6f318fc66435a29bf7da4478,26/06/2023 02:05:04,ESCANER
22698,"Chiquimula",20,"Camotán",5,3546,346,116,22,0,47,3,0,0,0,0,3,0,12,203,3,3,209,0,209,--,346,137,203,209,209,Algún campo sin dato,1,9f9e59aefbdececc51c06f5e2c0b4376b2baacca78370a1321617af2cbdca6ce,25/06/2023 22:24:36,ESCANER
22699,"Chiquimula",20,"Camotán",5,3547,380,175,27,2,19,1,0,2,0,0,0,1,54,281,8,5,294,0,294,2,380,84,281,294,294,,1,38438054e99fb77b9918fe36813c9cedd7585f0fc3df05419993ae0b2cb4706d,26/06/2023 01:22:03,ESCANER
22700,"Chiquimula",20,"Camotán",5,3547,380,158,35,1,27,4,0,0,0,1,0,1,63,290,10,9,309,0,309,--,380,71,290,309,309,Algún campo sin dato,1,8c1cc8a01434089d545f04df6980b4e0df669812d2c23931bb595711d3e585bf,26/06/2023 00:44:16,ESCANER
22701,"Chiquimula",20,"Camotán",5,3547,380,164,24,4,20,2,0,3,0,0,0,1,37,255,11,12,278,3,281,--,380,100,255,278,281,Algún campo sin dato,1,4508a85d8e672d7dab629e833e1dcaa72017fb693a5cf37b38669e72b3907580,26/06/2023 01:14:07,ESCANER
22702,"Chiquimula",20,"Camotán",5,3548,380,145,54,2,27,5,0,1,1,0,0,1,54,290,13,5,308,0,308,--,380,72,290,308,308,Algún campo sin dato,1,3a929af02209fe4460b8d1eb02912af93fa0d308f5be067db9f3f86364d5eaf4,25/06/2023 23:27:17,ESCANER
22703,"Chiquimula",20,"Camotán",5,3548,380,154,36,3,30,2,0,1,0,1,1,0,46,274,13,3,290,0,290,--,380,90,274,290,290,Algún campo sin dato,1,43054f1e5f9170f6b197888bbb22bd82562cb43e46c113dfbc335ffe30cc7416,25/06/2023 23:35:06,ESCANER
22704,"Chiquimula",20,"Camotán",5,3548,380,132,26,2,23,2,0,1,0,1,0,0,73,260,8,6,274,0,274,--,380,116,260,274,274,Algún campo sin dato,1,88d33bb3d5a7a441ec3c72cb1098d7bdc025b322497eba51b540c1ddef5bd15b,25/06/2023 23:51:51,ESCANER
22705,"Chiquimula",20,"Camotán",5,3549,380,117,30,1,25,1,0,1,1,0,1,1,59,237,13,4,254,0,254,--,380,126,237,254,254,Algún campo sin dato,1,5891358ce5423c2cd2521bc8b39c1b8d6e5e27e327b959c8cdfd65c2cfc2bf01,26/06/2023 00:09:54,ESCANER
22706,"Chiquimula",20,"Camotán",5,3549,380,165,30,0,20,3,0,1,0,0,0,1,43,263,2,1,266,0,266,--,375,109,263,266,266,Algún campo sin dato,1,b631e74a9f4bfe527c9ed4e97b848ddfc76cca8f3c9a546bf5c34179639ac922,26/06/2023 00:02:19,ESCANER
22707,"Chiquimula",20,"Camotán",5,3549,380,128,46,0,24,1,0,0,0,0,0,0,56,255,3,7,265,0,265,--,380,115,255,265,265,Algún campo sin dato,1,80b6163470f02fa3760cb1c68fe9b846eed4590c6370800ca64e87b15f01eedf,26/06/2023 00:17:23,ESCANER
22708,"Chiquimula",20,"Camotán",5,3550,350,121,24,0,18,3,0,2,0,0,0,0,53,221,3,1,225,0,225,--,350,125,221,225,225,Algún campo sin dato,1,4e7663d263f1720ca407f04a3a6100a65d7248cf4fc6ed589a28930676145f46,26/06/2023 00:31:18,ESCANER
22709,"Chiquimula",20,"Camotán",5,3550,349,115,24,2,8,0,1,2,0,0,0,1,63,216,8,7,231,0,231,--,349,118,216,231,231,Algún campo sin dato,1,ff40fc1bb5016f5249cb48dc5bbb52b5aacd81a29e8f38568a58557b2c026b6d,25/06/2023 22:36:07,ESCANER
22710,"Chiquimula",20,"Camotán",5,3551,380,96,26,6,98,1,2,12,0,0,1,0,29,271,21,9,301,0,301,--,380,79,271,301,301,Algún campo sin dato,1,863fac3fb85ad2144106351098c264b23e2a932cb8155cce0ea9016c52c104ec,26/06/2023 01:52:11,ESCANER
22711,"Chiquimula",20,"Camotán",5,3551,380,104,50,4,94,3,0,7,1,0,0,1,39,303,16,9,328,0,328,--,385,57,303,328,328,Algún campo sin dato,1,9b693a37d569aceb375c54703811782d3913106d55702e634964bab2ee823f11,26/06/2023 02:05:53,ESCANER
22712,"Chiquimula",20,"Camotán",5,3551,380,78,27,6,86,2,0,15,0,2,0,0,39,255,14,7,276,1,277,1,377,103,255,276,277,,1,96fb814967cb4cf4c6da3aa6b212e5a0478dfb9d09036767ccce569e701a960f,26/06/2023 03:36:20,ESCANER
22713,"Chiquimula",20,"Camotán",5,3551,380,63,22,4,108,3,1,18,0,1,0,0,24,244,11,9,264,0,264,--,380,166,244,264,264,Algún campo sin dato,1,64995e20bc80d111f3ea9e4c443d83ccc358f1f6ece22819a394dd0dc3df8d44,26/06/2023 02:17:54,ESCANER
22714,"Chiquimula",20,"Camotán",5,3551,317,69,30,2,73,3,0,7,0,0,0,0,21,205,1,5,211,0,211,--,317,106,205,211,211,Algún campo sin dato,1,56acff2bc9a7ecd93b9ab933b09c245ef133c7c993562bcf7df94e4956cdf0b6,26/06/2023 01:12:04,ESCANER
22715,"Chiquimula",20,"Camotán",5,3552,316,67,19,1,86,2,1,3,1,0,1,0,24,205,2,0,207,0,207,--,316,109,205,207,207,Algún campo sin dato,1,e2220345bb143d3778855c689ebe2d955931f4c316426a113d6f32517ef336f6,26/06/2023 04:18:10,ESCANER
22716,"Chiquimula",20,"Camotán",5,3553,380,113,26,0,79,3,8,1,1,3,0,4,8,268,5,7,268,10,268,--,377,109,246,258,268,Sumas Asentadas sin cuadrar,1,b2882a1e2fa616a74ef109725b394e7eabe9b698f7b43364afc634fcab931754,26/06/2023 02:23:06,ESCANER
22717,"Chiquimula",20,"Camotán",5,3553,380,126,22,3,78,2,5,1,0,2,1,1,10,251,23,8,282,1,283,--,380,97,251,282,283,Algún campo sin dato,1,eb71edb3ba1678dddde510cfe0f21809a89e4de583c835f63cc749997d10ce25,25/06/2023 22:57:53,ESCANER
22718,"Chiquimula",20,"Camotán",5,3553,380,118,34,3,81,3,7,1,1,2,0,2,15,267,10,7,284,3,287,3,380,93,267,284,287,,1,75691b45a71a2a1e757d4edaaab5747af086f9913dc0f5538c03e343a88c19d3,26/06/2023 00:48:12,ESCANER
22719,"Chiquimula",20,"Camotán",5,3553,380,93,33,0,72,2,5,1,0,1,0,5,5,217,9,5,231,2,233,1,380,147,217,231,233,,1,2c4788664b9f9e542db32990ee99ab09426c68124567c5a81a58d238b6db9de8,26/06/2023 02:29:36,ESCANER
22720,"Chiquimula",20,"Camotán",5,3553,354,92,33,0,64,1,4,1,0,1,0,0,9,205,4,0,209,0,209,--,351,142,205,209,209,Algún campo sin dato,1,89a89d284198005b27be0a54e19f0c84fa61cca4b4c81da3a2933a388cb1c838,26/06/2023 01:17:48,ESCANER
22721,"Chiquimula",20,"Camotán",5,3553,354,79,25,2,74,0,2,2,0,1,0,0,5,190,5,0,195,0,195,--,351,156,190,195,195,Algún campo sin dato,1,5ec10414a59937559407a79f3575a854255fef95705a6dd523bc7e47d9d6dcf6,26/06/2023 00:34:58,ESCANER
22722,"Chiquimula",20,"Camotán",5,3554,380,87,23,7,60,1,4,1,1,2,1,1,31,219,12,9,240,0,240,1,380,140,219,240,240,,1,36fd0b982ba7274d933c6f8f4054cd9b0b90b74cab5e30443310ccddaa2872d6,26/06/2023 02:03:30,MOVIL
22723,"Chiquimula",20,"Camotán",5,3554,380,114,12,3,46,5,0,2,0,1,0,1,25,209,23,8,240,1,241,--,380,139,209,240,241,Algún campo sin dato,1,d75d554647df9a71e6bcdda8587fb6931475a0c57b48968fb251b1398e8c60a5,25/06/2023 23:04:09,MOVIL
22724,"Chiquimula",20,"Camotán",5,3554,380,132,12,4,57,4,2,2,2,2,1,0,23,241,18,5,264,0,264,--,380,116,241,264,264,Algún campo sin dato,1,350b8e2a46e716f3019430f7ade8f988aed0aeac75ecefb1e92ea8bacf7f5720,26/06/2023 02:04:29,MOVIL
22725,"Chiquimula",20,"Camotán",5,3554,380,128,23,4,68,1,1,3,0,0,1,1,24,254,18,4,276,0,276,1,380,104,254,276,276,,1,c10fb38a579c33a45a296ac4e38bfe70d442094d8bd0fb6e23ad60fcd21cc7e6,26/06/2023 04:45:23,MOVIL
22726,"Chiquimula",20,"Camotán",5,3555,380,83,16,2,87,0,3,0,1,1,1,0,29,223,21,0,244,0,244,--,380,136,223,244,244,Algún campo sin dato,1,e0d240fe9d795b73d4ec3fe2dbc530d9eabd6db58a945a420c8532ae63c8068b,26/06/2023 00:03:07,ESCANER
22727,"Chiquimula",20,"Camotán",5,3555,380,80,16,7,60,1,1,1,0,0,0,0,32,198,10,8,216,0,216,--,380,164,198,216,216,Algún campo sin dato,1,142066bc3020dbcc95013bc8cfc3e8f19318635ecd572f0acfd172eafe2ddd32,25/06/2023 22:40:03,ESCANER
22728,"Chiquimula",20,"Camotán",5,3555,380,68,18,8,51,6,0,2,0,2,0,1,22,178,12,5,195,0,195,--,376,184,178,195,195,Algún campo sin dato,1,9b69afaa279150b746c5dbcb090f2af18f93d55375e6bd66afb6530cebdfc1a9,26/06/2023 02:21:00,ESCANER
22729,"Chiquimula",20,"Camotán",5,3555,380,104,17,2,59,1,1,3,0,2,0,1,29,219,2,3,224,0,224,--,380,156,219,224,224,Algún campo sin dato,1,3f093ea2cc1846fe6739b4c7215158a767b3572569b5b9893bddd9f19cb4e60e,26/06/2023 01:49:50,ESCANER
22730,"Chiquimula",20,"Camotán",5,3555,380,92,11,3,69,1,1,2,0,1,0,1,33,214,5,1,220,0,220,--,380,160,214,220,220,Algún campo sin dato,1,690f0fe4cac222fb771ae5ce6cd30532c78ac4d976698e1e96100aca0f688f01,25/06/2023 23:12:20,ESCANER
22731,"Chiquimula",20,"Camotán",5,3556,343,83,15,6,45,3,2,2,0,1,0,0,42,199,5,1,205,0,205,--,343,138,199,205,205,Algún campo sin dato,1,c6f7b1031a4e99f27f6c219e213a2a33f002334441feb4c9454c81ff1d4be833,26/06/2023 02:12:40,ESCANER
22732,"Chiquimula",20,"Camotán",5,3556,342,83,9,5,47,0,2,2,0,1,0,0,29,178,5,2,185,0,185,--,342,157,178,185,185,Algún campo sin dato,1,54693893da828aa55d23bf6751dd4de360a4ba05c85c401e0d97df24b626f183,26/06/2023 02:19:51,ESCANER
22733,"Chiquimula",20,"Camotán",5,3557,380,90,61,7,55,2,1,1,1,0,0,0,23,241,15,7,263,0,263,--,380,117,241,263,263,Algún campo sin dato,1,4faf07c0b6f03ecfbaefa73ec759c0f6fbe7304e92dd9de75a114f21cee75766,26/06/2023 03:32:12,ESCANER
22734,"Chiquimula",20,"Camotán",5,3557,380,90,61,11,74,2,0,2,1,0,0,1,33,275,17,9,301,0,301,--,380,79,275,301,301,Algún campo sin dato,1,a50238f370512b6aeab424acbb0bd14d31e7b84c55bc088b599f2058d77dfd52,26/06/2023 02:23:02,ESCANER
22735,"Chiquimula",20,"Camotán",5,3557,380,80,46,7,63,3,2,0,0,0,0,1,21,223,1,4,228,12,240,4,377,140,223,228,240,,1,de4c59498d33da7751b46db2f91ae605781bbf2c305b0640cdcd1e04ae018280,26/06/2023 02:24:32,ESCANER
22736,"Chiquimula",20,"Camotán",5,3558,337,65,43,11,58,2,0,1,0,0,1,1,21,203,10,2,215,0,215,8,337,122,203,215,215,,1,c8e57ea9504b141f7688bc81904ddfe68a01a31930cac5530fc8dcfef604a360,26/06/2023 00:16:40,MOVIL
22737,"Chiquimula",20,"Camotán",5,3558,337,70,57,11,44,0,0,1,0,0,0,0,9,192,2,2,196,0,196,2,334,136,192,196,196,,1,7041ad4fab4cfe6de7b9605633e413493d7c2b78cb95866a69e5de598cb5e865,26/06/2023 03:08:21,ESCANER
22738,"Chiquimula",20,"Camotán",5,3559,380,129,47,2,76,2,0,2,0,0,0,0,1,259,12,4,275,0,275,--,377,102,259,275,275,Algún campo sin dato,1,dda5abe5c2b0e0544c10c1faff611f25dd39af9104be16c3b27a3d286d312d3d,26/06/2023 01:48:39,ESCANER
22739,"Chiquimula",20,"Camotán",5,3559,380,134,58,1,90,6,0,0,1,0,1,0,3,294,22,7,323,0,323,--,380,57,294,323,323,Algún campo sin dato,1,5eb5617ffbaa3f135583c400926135e4f2bf5be2416929a9e3aeb13bf284e2d6,26/06/2023 02:01:54,ESCANER
22740,"Chiquimula",20,"Camotán",5,3559,380,94,56,3,96,3,0,2,0,2,0,1,1,258,24,4,286,0,286,--,377,91,258,286,286,Algún campo sin dato,1,e68c0d943946fbb14c1729cabf0434c2d1dcbad96ff013b00667678f378c1b24,26/06/2023 03:30:00,ESCANER
22741,"Chiquimula",20,"Camotán",5,3559,380,86,36,5,78,2,0,3,0,0,0,0,2,212,19,8,239,0,239,--,380,141,212,239,239,Algún campo sin dato,1,10dbc489eb334fa76678b9976e999698d349705e4e1c8e8d8f0a2251cc31177d,26/06/2023 02:13:37,ESCANER
22742,"Chiquimula",20,"Camotán",5,3560,349,98,42,1,72,2,2,1,0,0,0,0,1,219,4,0,223,0,223,1,349,126,219,223,223,,1,efe44657569a8db93713a0446d295874b596934cb2936070b6e9f599f25d32bd,25/06/2023 23:28:03,ESCANER
22743,"Chiquimula",20,"Camotán",5,3560,348,79,40,0,73,3,0,1,0,0,0,0,2,213,7,8,228,0,228,--,350,137,198,213,213,Sumas Asentadas sin cuadrar,1,58ddf972f2872d463c33d0c9b15242f3fac4e1c00ae9118a8c1c511c816e725d,26/06/2023 03:21:46,ESCANER
22744,"Chiquimula",20,"Camotán",5,3561,380,47,33,23,112,1,0,2,0,0,0,0,7,226,24,7,257,0,257,--,380,123,225,256,256,Sumas Asentadas sin cuadrar,1,7ad3334f919b39c24d1bc7ef66132138cdf6c9dea3bc67ff5ba7137a0a9cb45a,26/06/2023 05:01:50,ESCANER
22745,"Chiquimula",20,"Camotán",5,3561,380,52,23,31,142,3,1,2,0,0,1,0,1,256,15,8,279,0,279,--,380,101,256,279,279,Algún campo sin dato,1,d9fd2a2262d6e5250984bea550941dbcfec96869b5c9c6cfdcdf08b2f214f367,26/06/2023 04:04:04,ESCANER
22746,"Chiquimula",20,"Camotán",5,3561,380,58,36,25,106,1,0,1,1,0,0,0,5,233,17,11,263,0,263,2,381,119,233,261,261,Sumas Asentadas sin cuadrar,1,8d2b46556b8d4adda8fb166f6da33261612b850a08d173b3ec0b742dfe3e781f,26/06/2023 05:50:41,ESCANER
22747,"Chiquimula",20,"Camotán",5,3561,380,62,34,15,118,1,0,2,0,0,1,0,4,237,9,3,249,0,249,--,379,130,237,249,249,Algún campo sin dato,1,f0e4545337547f7f80b96dd5978f3be834f23e1ddfd841a61881a4f70b89f787,26/06/2023 04:15:19,ESCANER
22748,"Chiquimula",20,"Camotán",5,3561,380,39,21,20,112,1,1,3,1,0,0,0,5,203,16,3,222,0,222,--,380,158,203,222,222,Algún campo sin dato,1,000425edeb6d0a338c683f0ec9e03a2a8f5900bc7cc88623a7ca0031e906bd6b,26/06/2023 03:54:57,ESCANER
22749,"Chiquimula",20,"Camotán",5,3562,380,43,29,10,116,0,0,3,0,0,0,0,4,205,0,5,210,5,215,--,380,165,205,210,215,Algún campo sin dato,1,30e318e00cc7d0f2d7c2142aad420fbd6ed4fa75c1db3bddb1d2cb63b3c7d7ba,26/06/2023 01:29:50,ESCANER
22750,"Chiquimula",20,"Camotán",5,3562,208,21,15,12,79,0,0,1,0,1,0,0,3,132,2,1,135,0,135,--,208,73,132,135,135,Algún campo sin dato,1,4c23dba9ae34b73d17f075c9fc94922329f0d12ad13c1f8665dfe59cb23a0eb0,26/06/2023 00:58:13,ESCANER
22751,"Chiquimula",20,"Camotán",5,3562,208,21,12,9,59,1,0,0,0,0,0,0,1,103,5,5,113,0,113,--,205,92,103,113,113,Algún campo sin dato,1,277289c64a9b1b99415e854e215c4fa3341083e970c85764e3c04d12cbae4500,25/06/2023 23:43:46,ESCANER
22752,"Chiquimula",20,"Camotán",5,3563,380,83,122,5,59,3,1,3,1,0,0,0,2,279,11,8,298,3,301,--,377,76,279,298,301,Algún campo sin dato,1,a2c4be4c698914a28908d7f595e1e27d7ef1221b9858a050385a02369ab0c32e,26/06/2023 02:13:51,ESCANER
22753,"Chiquimula",20,"Camotán",5,3563,380,86,142,2,50,6,0,1,0,0,0,0,1,288,13,9,310,0,310,--,377,67,288,310,310,Algún campo sin dato,1,7da6c2914954923737f7392e77061ee89369a820179fc40d0ebd0d5737521688,26/06/2023 04:48:55,ESCANER
22754,"Chiquimula",20,"Camotán",5,3563,379,82,94,1,59,4,0,2,0,0,1,0,1,244,14,4,262,0,262,--,376,114,244,262,262,Algún campo sin dato,1,b8ec8b532f33008d75b967f74946ce9b0a26b6a9396f464c1e17bb13d497bf56,26/06/2023 00:59:04,ESCANER
22755,"Chiquimula",20,"Camotán",5,3563,378,73,117,2,58,2,0,0,0,0,0,0,0,252,3,1,256,0,256,--,378,122,252,256,256,Algún campo sin dato,1,1c6c2b70109265a9490d7263e29dcdd83cffed903f379e85a94678a12bd4e90d,25/06/2023 23:16:17,ESCANER
22756,"Chiquimula",20,"Camotán",5,3564,380,89,50,0,53,5,2,2,2,3,1,0,12,235,15,8,242,0,242,--,380,135,219,242,242,Sumas Asentadas sin cuadrar,1,c379e2a831b06fce4b3fb46f41412dc8eeee1994325d66547d51685c755dacea,26/06/2023 03:48:43,ESCANER
22757,"Chiquimula",20,"Camotán",5,3564,380,96,58,3,71,3,1,3,1,1,0,0,11,248,20,6,274,0,274,7,380,102,248,274,274,,1,a0dd8da20a3cbeb8b511db4c863077a462ca82d2568e201fdb266c03d0e1c13c,26/06/2023 01:27:59,MOVIL
22758,"Chiquimula",20,"Camotán",5,3564,380,102,78,2,55,2,1,0,0,1,0,0,15,256,19,6,281,0,281,--,--,--,256,281,281,Algún campo sin dato,1,e74e5fc9ffbcfd1cce9a9a0996569cff3138803f2c09a561c5eb25864a9958e4,26/06/2023 03:31:11,ESCANER
22759,"Chiquimula",20,"Camotán",5,3564,380,92,69,3,77,2,0,2,2,3,0,0,26,276,23,9,308,0,308,--,377,69,276,308,308,Algún campo sin dato,1,d985780beb7e50ee3e28adc5406f28a5eb9e7474b265a6dfad986216a0c9665a,26/06/2023 02:10:14,MOVIL
22760,"Chiquimula",20,"Camotán",5,3564,380,113,50,0,61,6,0,2,0,3,0,0,25,260,18,2,280,0,280,--,380,100,260,280,280,Algún campo sin dato,1,fa83ea8dba961e8c0d7c39b90c3ebcd414a511a1093dcc8ff0a762bfbad7a7a0,26/06/2023 01:53:34,MOVIL
22761,"Chiquimula",20,"Camotán",5,3565,380,93,41,0,53,8,0,0,0,2,0,0,13,210,15,5,230,0,230,--,380,150,210,230,230,Algún campo sin dato,1,141b50a59a6dba125edcbcc631937e88ea54eac4382599b9606b2d4670485492,26/06/2023 01:26:34,MOVIL
22762,"Chiquimula",20,"Camotán",5,3566,380,89,37,1,47,3,2,2,1,1,0,0,22,206,14,0,220,0,220,--,376,156,205,219,219,Sumas Asentadas sin cuadrar,1,51c6aa2570dc724d2db1e4f06527949cf618828fee7cbe811718e9890f249865,26/06/2023 03:52:49,ESCANER
22763,"Chiquimula",20,"Camotán",5,3566,380,82,37,1,53,3,0,0,0,0,0,0,14,190,5,2,197,0,197,--,380,183,190,197,197,Algún campo sin dato,1,9cde86e9afc79a5f8dc2f50422799d7d033cec5378ec9fe9cdf24d7c21aaf640,26/06/2023 04:00:45,ESCANER
22764,"Chiquimula",20,"Camotán",5,3566,380,82,36,1,51,1,0,0,0,2,0,0,20,193,8,6,207,0,207,--,380,173,193,207,207,Algún campo sin dato,1,acad8f2aec4ea89a810fa1abff509001732dac289bb1099895a77ea1b72bb20d,26/06/2023 03:32:06,ESCANER
22765,"Chiquimula",20,"Camotán",5,3567,252,47,42,0,39,1,0,0,0,0,0,0,5,134,3,115,252,0,137,--,252,115,134,252,252,Sumas Asentadas sin cuadrar,1,59b22ef322fea0569d7d8ab9c9b07ef18b0e49ee6d53fd42803e129d8ea4ae02,25/06/2023 20:10:15,MOVIL
22766,"Chiquimula",20,"Camotán",5,3567,252,60,25,1,23,4,0,0,0,0,0,0,7,120,11,4,135,1,136,--,249,113,120,135,136,Algún campo sin dato,1,17da9bad78b833691c9667f8264b9e787e6fd5376c913bdf4b760e8765694afb,26/06/2023 00:26:10,MOVIL
22767,"Chiquimula",20,"Camotán",5,3568,379,21,9,1,9,0,0,1,0,0,0,0,2,43,5,3,51,0,51,--,379,328,43,51,51,Algún campo sin dato,1,8119ea704d235d981d77ab7f558620fa325cc573d0edf6d20e6f9d6b9e067589,25/06/2023 21:35:43,ESCANER