﻿TIPO_DE_ELECCIÓN:,CORPORACIÓN MUNICIPAL
28 junio 2023 21:35 (UTC -6)
ACTAS_ESPERADAS,ACTAS_CAPTURADAS,PORCENTAJE_ACTAS_CAPTURADAS,ACTAS_CONTABILIZADAS,PORCENTAJE_ACTAS_CONTABILIZADAS,ACTAS_NO_CONTABILIZADAS,LISTA_NOMINAL_ACTAS_CONTABILIZADAS,VOTOS_EMITIDOS_CONTABILIZADAS,PORCENTAJE_PARTICIPACIÓN_CIUDADANA
303,303,100.0000,299,98.6798,4,118863,69977,58.8719

MESA,DEPARTAMENTO,ID_DEPARTAMENTO,MUNICIPIO,ID_MUNICIPIO,CENTRO_DE_VOTACIÓN,PADRÓN,TODOS,VALOR UNIONISTA,VICTORIA,VAMOS,UR,PHG,MLP,PODEMOS,MI FAMILIA,PPN,CREO,URNG-MAIZ WINAQ,CABAL,UNE,BIEN,ELEFANTE,SBX,AZUL,PX,FCN-NACION,PR,VIVA,SEMILLA,CAMBIO,VOS,VÁLIDOS,NULOS,BLANCO,EMITIDOS,INVÁLIDOS,TOTAL,IMPUGNACIONES,PAPELETAS-RECIBIDAS,PAPELETAS-NO-USADAS,VALIDOS_CALCULADO,EMITIDOS_CALCULADO,TOTAL_CALCULADO,OBSERVACIONES,CONTABILIZADA,CÓDIGO_INTEGRIDAD,FECHA_HORA_PUBLICACIÓN,DIGITALIZACIÓN
10407,"Quetzaltenango",9,"Quetzaltenango",1,1373,400,5,28,8,7,1,83,11,0,9,3,17,4,4,9,4,2,25,1,18,4,10,4,11,4,5,277,13,0,290,0,290,--,395,105,277,290,290,Algún campo sin dato,1,b11c0d0e4e9f7c93057e366b60e366bed6c692ef9c5dc4a420dc91924189d78f,26/06/2023 04:04:45,ESCANER
10408,"Quetzaltenango",9,"Quetzaltenango",1,1373,400,2,25,8,17,5,68,6,0,10,3,10,0,7,8,5,1,29,1,19,5,4,2,10,1,12,258,14,1,273,0,273,--,401,128,258,273,273,Algún campo sin dato,1,fb532c12360e95c1637efe369aba79cc821d9e806a3a01d73ddcf75397fa5bf9,26/06/2023 02:57:02,ESCANER
10409,"Quetzaltenango",9,"Quetzaltenango",1,1373,400,6,36,11,12,4,77,2,0,4,5,11,4,5,12,2,0,35,5,10,7,5,3,11,0,9,276,8,1,--,0,285,0,398,112,276,285,285,Algún campo sin dato,1,cd221885471cbc86e0e9c1b65fab57826d5b8bc8a1c34ba9800ba46542230214,26/06/2023 03:10:34,ESCANER
10410,"Quetzaltenango",9,"Quetzaltenango",1,1373,400,10,27,13,13,5,80,15,1,4,1,5,6,5,6,4,1,25,3,16,3,3,5,13,--,7,271,19,2,292,0,292,--,400,108,271,292,292,Algún campo sin dato,1,50ef574580c786a80e09310a72a092ecae9f857f01d0b2647cd42b5daa2e8b6a,26/06/2023 03:13:10,ESCANER
10411,"Quetzaltenango",9,"Quetzaltenango",1,1373,400,5,31,10,7,3,69,14,0,10,7,10,2,6,8,2,2,40,4,15,2,3,4,9,2,4,269,14,3,286,0,286,--,400,114,269,286,286,Algún campo sin dato,1,857b7d5a129d4c513694a2c73498fcfb4988a3fe630ef04a706b23e18dbfb7b0,26/06/2023 02:55:37,ESCANER
10412,"Quetzaltenango",9,"Quetzaltenango",1,1373,400,6,28,4,11,3,85,5,0,16,5,8,2,8,13,5,0,30,1,13,1,3,2,9,1,7,266,19,2,287,0,287,--,400,113,266,287,287,Algún campo sin dato,1,e014c337e0d94bec7bdfd80c9ab75fb0f89f6ac882e20ac3f2dc49578f10c480,26/06/2023 02:21:31,ESCANER
10413,"Quetzaltenango",9,"Quetzaltenango",1,1374,400,4,16,7,8,1,64,12,1,13,6,8,3,2,9,9,0,29,5,15,6,3,7,7,2,4,241,11,4,256,0,256,--,--,--,241,256,256,Algún campo sin dato,1,8f069ec3bb270cc3f97a7642dcbde65c1c5c2108080dff9f8955557f35eb231f,26/06/2023 04:52:15,ESCANER
10414,"Quetzaltenango",9,"Quetzaltenango",1,1374,400,14,22,11,12,3,59,10,0,5,5,6,4,3,11,2,0,26,1,6,5,5,1,9,2,8,230,19,0,249,0,249,--,400,151,230,249,249,Algún campo sin dato,1,5124bb9480892aa60937001b1b6a9f882b387e1b2cf69c6be06ff3d2dfc904fc,26/06/2023 04:15:21,ESCANER
10415,"Quetzaltenango",9,"Quetzaltenango",1,1374,400,6,18,7,16,4,69,17,1,9,1,13,2,4,10,4,1,31,2,11,5,1,4,10,2,3,251,10,5,266,0,266,--,--,--,251,266,266,Algún campo sin dato,1,0624f15bf1ccb1bcfbd20c900354a3504876a9f1a1d1166a3570ba26ad6dc521,26/06/2023 04:34:54,ESCANER
10416,"Quetzaltenango",9,"Quetzaltenango",1,1374,400,7,20,6,9,4,74,5,0,12,3,11,5,8,10,6,1,32,2,19,1,4,3,9,0,8,272,12,1,272,0,272,--,400,128,259,272,272,Sumas Asentadas sin cuadrar,1,800dec7937790e95c54de0d48beab31bb02a3ae728e74752f73c7a8c5911761f,26/06/2023 04:41:55,ESCANER
10417,"Quetzaltenango",9,"Quetzaltenango",1,1374,400,6,36,7,13,3,65,7,0,8,6,11,5,5,7,10,1,31,2,16,1,1,1,12,3,4,272,11,0,272,0,272,--,400,128,261,272,272,Sumas Asentadas sin cuadrar,1,9a5c07e4aa9d0227ba7a4c335774a6153fc57e9ddf4f36c08f37e0282e13b162,26/06/2023 02:43:35,ESCANER
10418,"Quetzaltenango",9,"Quetzaltenango",1,1374,400,11,22,8,10,2,77,7,0,11,2,13,3,4,6,5,2,26,3,15,4,3,1,15,1,3,254,8,2,264,0,264,--,400,136,254,264,264,Algún campo sin dato,1,721898f8f30aae7393daeb2f6b4f2fa9b0c2d23fea44cd6388588198951ed3a3,26/06/2023 01:12:31,ESCANER
10419,"Quetzaltenango",9,"Quetzaltenango",1,1374,400,5,26,13,9,3,77,15,1,8,2,11,4,2,11,2,1,30,5,21,1,4,3,8,3,2,277,8,4,289,0,289,--,400,111,267,279,279,Sumas Asentadas sin cuadrar,1,d41106c05f8922e92b0bffb5c2d02bf3151b7b7ee162a868a590168005117cdd,26/06/2023 02:31:10,ESCANER
10420,"Quetzaltenango",9,"Quetzaltenango",1,1374,400,5,28,5,7,5,68,10,0,11,3,8,3,6,14,6,2,40,2,10,4,1,3,11,3,6,261,15,2,278,0,278,--,400,122,261,278,278,Algún campo sin dato,1,06b1e5fde5f61e517ddeced9dd18802ac5449792d4bbe83945bbe89dbc5e02b0,26/06/2023 02:56:58,ESCANER
10421,"Quetzaltenango",9,"Quetzaltenango",1,1374,400,8,32,9,12,1,68,11,0,12,4,18,4,4,4,2,2,31,3,14,5,3,4,9,3,3,266,11,2,279,0,279,--,400,121,266,279,279,Algún campo sin dato,1,07b730c5f18a927e67e5b06a150c6350aa6d247172aed7f2181c6d7d72cd75f8,26/06/2023 02:11:56,ESCANER
10422,"Quetzaltenango",9,"Quetzaltenango",1,1374,400,--,--,--,--,--,--,--,--,--,--,--,--,--,--,--,--,--,--,--,--,--,--,--,--,--,--,--,--,--,--,--,--,--,--,,,,Acta ilegible,0,28d9f04d66dc40fc605eb3a7d132718e9f13b61dec08b669fe0b23af0295449f,26/06/2023 05:13:01,ESCANER
10423,"Quetzaltenango",9,"Quetzaltenango",1,1374,400,10,25,10,8,1,71,14,1,8,1,8,5,8,7,5,2,40,4,10,3,4,4,11,3,4,269,13,0,284,0,284,--,400,116,267,280,280,Sumas Asentadas sin cuadrar,1,69195fc865f347bcc49960e399496711b1511586af46f345b1df74534080b316,26/06/2023 03:35:06,ESCANER
10424,"Quetzaltenango",9,"Quetzaltenango",1,1374,400,--,--,--,--,--,--,--,--,--,--,--,--,--,--,--,--,--,--,--,--,--,--,--,--,--,--,--,--,--,--,--,--,--,--,,,,Suma Excede Padrón,0,d49af13104182863a41c627f60579056017764476864bfc8ec8c23cd4ab54d4b,26/06/2023 05:48:43,ESCANER
10425,"Quetzaltenango",9,"Quetzaltenango",1,1375,400,4,23,6,11,2,75,10,2,13,2,10,3,11,5,9,4,36,1,17,0,7,5,8,6,2,272,13,1,286,0,286,--,400,114,272,286,286,Algún campo sin dato,1,58d0290ec3ef605bd2ac7aa164d2598c59add81c5c54346a45cf0e86059e70f5,26/06/2023 02:05:57,ESCANER
10426,"Quetzaltenango",9,"Quetzaltenango",1,1375,400,7,29,6,12,2,72,5,0,10,1,14,5,6,17,2,3,32,6,11,4,3,3,6,4,4,259,8,1,268,0,268,--,400,132,264,273,273,Sumas Asentadas sin cuadrar,1,b4f593073fe3200db5433522c1c97642832d0b7a782e23c1eb324b27312d81f4,26/06/2023 02:27:52,ESCANER
10427,"Quetzaltenango",9,"Quetzaltenango",1,1375,400,8,35,3,7,3,60,4,0,4,5,3,2,4,5,7,0,62,0,15,1,4,3,11,2,10,258,1,4,263,0,263,--,--,--,258,263,263,Algún campo sin dato,1,3906889620703d9fd38c3a28705140eaed162c37bd92ad585618966d684a9e32,26/06/2023 03:33:59,ESCANER
10428,"Quetzaltenango",9,"Quetzaltenango",1,1375,400,3,18,5,9,4,67,2,0,9,6,7,4,4,2,5,0,62,3,15,1,5,3,9,2,2,247,4,0,251,0,251,--,400,149,247,251,251,Algún campo sin dato,1,1f296f4ba7808cd1126a1123ce9e8ee5d3f486a1f2cb12a1b70a7d878ae0ee6b,26/06/2023 01:31:35,ESCANER
10429,"Quetzaltenango",9,"Quetzaltenango",1,1375,400,4,22,1,8,3,58,10,0,11,2,5,5,9,2,2,1,48,1,16,2,6,3,9,2,9,239,7,0,246,0,246,--,400,154,239,246,246,Algún campo sin dato,1,b4c86504214e13e68fd6a9c6309ef62544a2ab76046246cb269707ff70280fc5,26/06/2023 03:06:58,ESCANER
10430,"Quetzaltenango",9,"Quetzaltenango",1,1375,400,5,27,12,8,3,66,3,0,7,5,9,7,2,7,6,6,38,1,13,3,4,1,12,2,4,251,8,2,261,0,261,--,400,139,251,261,261,Algún campo sin dato,1,f83fe7472d60a2beaedb4919304b1e54ba14dd00ba0a23cb3a031803f704dd87,26/06/2023 01:43:32,ESCANER
10431,"Quetzaltenango",9,"Quetzaltenango",1,1376,400,9,22,9,9,2,63,8,1,8,4,11,6,8,11,2,2,38,3,8,3,0,1,6,2,1,237,16,1,254,0,254,--,400,146,237,254,254,Algún campo sin dato,1,618abcd943096cf6f5c5a083e42a21a6790fab91ad082f310ccda7e1a8da0142,26/06/2023 04:53:27,ESCANER
10432,"Quetzaltenango",9,"Quetzaltenango",1,1376,400,15,24,9,6,2,78,8,1,4,0,15,3,3,12,5,6,37,3,12,3,4,4,5,1,3,263,8,0,271,0,271,--,400,129,263,271,271,Algún campo sin dato,1,2ad0e3fd9bbf412be3362f59abd87a390a6d5006965d4af99243f546479b0023,26/06/2023 05:19:04,ESCANER
10433,"Quetzaltenango",9,"Quetzaltenango",1,1376,400,9,21,10,17,2,46,5,0,11,2,14,4,3,11,7,1,36,2,11,2,2,1,10,2,6,235,13,3,251,0,251,--,400,150,235,251,251,Algún campo sin dato,1,0d3dfc38cdb3c3586a2a0c26da6d44d093cc6aca8fd376c070657d6b78ff7213,26/06/2023 03:52:38,ESCANER
10434,"Quetzaltenango",9,"Quetzaltenango",1,1376,400,9,26,3,13,3,81,3,0,4,2,7,5,0,7,1,1,42,4,13,1,0,2,10,7,4,248,10,1,259,0,259,--,400,141,248,259,259,Algún campo sin dato,1,d257700b15a7f7e62dc5be060284cb7205073eb9f2456fb0c5dd866f74750c4e,26/06/2023 03:43:11,ESCANER
10435,"Quetzaltenango",9,"Quetzaltenango",1,1376,400,10,24,9,10,3,75,6,2,8,3,7,2,2,7,9,3,47,4,18,2,3,2,2,0,6,264,7,3,274,0,274,--,400,126,264,274,274,Algún campo sin dato,1,3bae350fb83fd29e810cbdd4d90211a35415a05ed3a9026b7c59bee9294539b6,26/06/2023 04:06:54,ESCANER
10436,"Quetzaltenango",9,"Quetzaltenango",1,1376,400,2,23,6,9,2,78,6,1,12,1,6,3,4,7,6,1,45,5,11,4,1,3,7,2,4,249,13,2,264,0,264,--,396,132,249,264,264,Algún campo sin dato,1,ba4f284e8edcc5a0c9db7c4fb9d1862b36b9c4d772c8130f3c4d80bdc67416dc,26/06/2023 04:12:33,ESCANER
10437,"Quetzaltenango",9,"Quetzaltenango",1,1377,400,4,23,7,9,1,60,13,3,11,3,8,7,9,10,7,0,40,1,22,2,5,2,6,1,3,257,6,2,265,0,265,11,401,136,257,265,265,,1,b924c5803e2f0f4c7983c15708b8d8bf3b5fb7ecc7744c2c92b13f5cc3b57843,26/06/2023 03:27:28,ESCANER
10438,"Quetzaltenango",9,"Quetzaltenango",1,1377,400,7,37,4,20,1,72,13,0,10,3,5,2,2,11,10,3,35,0,13,1,3,4,5,1,3,265,5,1,271,0,271,--,400,129,265,271,271,Algún campo sin dato,1,0e7471e7a4ddda689a8a7c1b79a145d6566fce920152d15b6e39f203572a6e36,26/06/2023 04:08:26,ESCANER
10439,"Quetzaltenango",9,"Quetzaltenango",1,1377,400,13,25,5,7,5,64,6,0,16,4,10,4,2,9,9,1,45,4,10,3,4,2,9,4,4,265,14,1,280,0,280,--,400,120,265,280,280,Algún campo sin dato,1,36c9561deef98c74acb3f16e2052fb860315ae097eda8d64f9d6c069b9ca33ec,26/06/2023 04:11:57,ESCANER
10440,"Quetzaltenango",9,"Quetzaltenango",1,1377,400,6,16,4,11,2,67,7,1,8,3,16,5,4,9,5,1,48,6,11,1,3,0,7,2,6,249,11,0,260,0,260,--,--,--,249,260,260,Algún campo sin dato,1,e2ae3115ccdd6d6ba1bfe7fd62283db0398e45a6d518fa229a1380b54ed672e6,26/06/2023 04:18:57,ESCANER
10441,"Quetzaltenango",9,"Quetzaltenango",1,1377,400,3,22,7,8,4,77,5,0,5,3,15,5,6,6,3,2,40,1,11,5,4,2,14,3,6,257,13,2,272,0,272,--,400,128,257,272,272,Algún campo sin dato,1,698a92fbdf7aaa76a17cc171716c503814e6d7d723bcee5b9aa095f5dfd49fcc,26/06/2023 04:23:54,ESCANER
10442,"Quetzaltenango",9,"Quetzaltenango",1,1377,400,3,21,6,9,3,80,8,1,7,3,20,3,5,4,8,0,48,2,24,3,0,1,9,0,1,269,16,0,285,0,285,--,400,115,269,285,285,Algún campo sin dato,1,a0ec770efdef8472fe950f47c22599f991a5113dcf9debaf4cd8030bff17a62b,26/06/2023 04:28:22,ESCANER
10443,"Quetzaltenango",9,"Quetzaltenango",1,1378,400,9,18,2,17,3,86,6,0,8,1,12,10,2,9,3,0,46,4,13,2,1,0,11,6,5,274,8,5,287,0,287,--,400,113,274,287,287,Algún campo sin dato,1,1984f23f4c57e9917692d5954f8c6dd85e49d86a347f353661c5da205f47ebbf,26/06/2023 00:46:30,ESCANER
10444,"Quetzaltenango",9,"Quetzaltenango",1,1378,400,9,30,9,12,3,64,9,2,12,1,15,3,3,8,3,5,45,1,13,3,1,1,11,4,5,272,4,1,277,0,277,--,400,123,272,277,277,Algún campo sin dato,1,fb69f77aacb095851b9706b220988f1ab84476fc6cce7b4271e3543cd6187d84,26/06/2023 03:08:54,ESCANER
10445,"Quetzaltenango",9,"Quetzaltenango",1,1378,400,10,29,5,11,0,75,13,0,11,3,11,4,4,9,4,4,40,0,21,0,2,5,8,3,4,281,10,2,293,1,294,--,--,--,276,288,289,Sumas Asentadas sin cuadrar,1,1f03a1c6186d62d54c43555a59018ec0e1c1b4f4adde257a28582bf1cb3b84a6,26/06/2023 03:25:09,ESCANER
10446,"Quetzaltenango",9,"Quetzaltenango",1,1378,400,2,30,3,8,1,80,4,0,6,3,11,7,6,13,8,1,43,3,21,1,3,2,11,3,5,277,7,3,287,0,287,--,400,113,275,285,285,Sumas Asentadas sin cuadrar,1,5bb301bcff757413a699eeb68b0dc27242d383e2302c3db624ae8cb33b6f92ce,26/06/2023 01:51:17,ESCANER
10447,"Quetzaltenango",9,"Quetzaltenango",1,1378,400,9,33,8,11,3,71,4,0,15,2,10,7,1,6,3,4,36,4,21,6,4,2,10,0,3,243,12,2,287,--,287,--,400,113,273,287,287,Sumas Asentadas sin cuadrar,1,09ba38e17d3320f61f95f7f2dea50bcc4c253c27d201cb083c5b27322c5a0aa8,26/06/2023 04:35:04,ESCANER
10448,"Quetzaltenango",9,"Quetzaltenango",1,1378,400,11,33,7,10,3,66,6,2,9,6,10,3,3,7,8,3,36,4,17,1,3,2,11,2,4,267,9,0,276,--,276,--,400,124,267,276,276,Algún campo sin dato,1,b592f3ac1b55fcfe6b7021c1e112431cbb9d9ad16f7ce6e5a98f2b4b8c8492a7,26/06/2023 01:38:40,ESCANER
10449,"Quetzaltenango",9,"Quetzaltenango",1,1379,400,5,24,7,12,1,89,12,1,6,--,20,--,1,9,8,3,33,2,18,3,2,--,7,4,4,271,12,--,283,--,283,--,400,117,271,283,283,Algún campo sin dato,1,02e6e0ee69b11b99893458c455662291488ab64c5cccc5f21ebccf0e7c45882d,26/06/2023 02:53:46,ESCANER
10450,"Quetzaltenango",9,"Quetzaltenango",1,1379,400,0,31,7,10,1,64,14,0,11,1,7,10,5,10,5,1,33,1,12,4,5,0,6,1,8,253,15,3,271,0,271,--,399,128,247,265,265,Sumas Asentadas sin cuadrar,1,07695e9669d8b0e250d4959a20d452a29400de853635dfa727c49a2e0bb77cc6,26/06/2023 03:44:31,ESCANER
10451,"Quetzaltenango",9,"Quetzaltenango",1,1379,400,5,35,10,8,3,70,7,2,6,5,11,3,3,7,6,4,40,1,9,2,3,2,7,6,7,262,9,2,273,0,273,1,400,126,262,273,273,,1,0bcf044c8b94f6866d9ebb054c358469ae67d9016d70ec13ea65d8eb55bc084b,26/06/2023 02:07:49,ESCANER
10452,"Quetzaltenango",9,"Quetzaltenango",1,1379,400,5,26,7,15,5,57,6,0,9,5,11,4,3,6,8,2,30,3,14,2,2,2,4,4,5,235,7,5,247,0,247,--,400,153,235,247,247,Algún campo sin dato,1,2c15582490b41146f32e328c969ffc8fd91bc2d504e752fb1ead2e587dc51f05,26/06/2023 02:54:37,ESCANER
10453,"Quetzaltenango",9,"Quetzaltenango",1,1379,400,7,31,8,7,0,76,8,0,7,2,9,4,3,5,4,1,25,4,15,3,2,1,6,4,3,235,12,0,247,0,247,--,400,153,235,247,247,Algún campo sin dato,1,737383ee23c0f81068e6afb7061606180bfd733795df1652edb3937e043b15ac,26/06/2023 00:54:32,ESCANER
10454,"Quetzaltenango",9,"Quetzaltenango",1,1379,400,7,32,9,2,0,59,16,0,5,12,8,4,3,12,4,5,31,2,12,7,2,1,10,4,3,250,11,1,262,0,262,--,400,138,250,262,262,Algún campo sin dato,1,c72e1dddf187885fee518aaaa3b510ac3567266a6ccb37705029d800863c14c3,26/06/2023 03:30:54,ESCANER
10455,"Quetzaltenango",9,"Quetzaltenango",1,1379,400,7,26,8,5,1,64,6,1,4,4,11,4,1,3,2,2,32,2,9,1,7,2,8,3,8,221,8,2,231,0,231,--,400,169,221,231,231,Algún campo sin dato,1,749740bff41ef35d0695f938c75bbfb369d59b894598d1df943472efe6f5fdca,26/06/2023 03:16:28,ESCANER
10456,"Quetzaltenango",9,"Quetzaltenango",1,1379,400,6,28,5,9,0,43,7,0,9,5,14,4,2,8,3,2,50,1,21,1,3,1,8,4,8,242,6,2,250,0,--,--,--,--,242,250,250,Algún campo sin dato,1,29aebee1241afc2288226a0e93add828d0d7fce1c30866933be95184cdce0f00,26/06/2023 02:56:01,ESCANER
10457,"Quetzaltenango",9,"Quetzaltenango",1,1379,400,7,19,3,23,0,61,2,0,12,6,14,2,6,7,6,2,49,0,14,0,2,4,11,1,8,259,12,0,271,0,271,--,400,129,259,271,271,Algún campo sin dato,1,72585599fcc77a10e698b9cfd48f67e296a6529538ea81b2e6cb4042e916e3f0,26/06/2023 03:00:29,ESCANER
10458,"Quetzaltenango",9,"Quetzaltenango",1,1379,400,6,28,5,7,2,64,3,0,5,2,10,1,4,5,5,0,60,1,14,4,3,1,17,6,5,258,8,0,266,0,266,--,400,134,258,266,266,Algún campo sin dato,1,40b4b2a292b76998ee0a5bca06a99235749b209211632641f8b61f7269003b15,26/06/2023 03:07:46,ESCANER
10459,"Quetzaltenango",9,"Quetzaltenango",1,1379,400,7,17,2,9,2,60,7,4,8,2,8,4,4,12,6,0,70,2,17,3,2,3,12,0,3,264,5,0,269,0,264,--,400,131,264,269,269,Sumas Asentadas sin cuadrar,1,11224bc4bc652f366a8c8d26715f605f89aa2bed54642f352ef73108040fbe2d,26/06/2023 03:59:07,ESCANER
10460,"Quetzaltenango",9,"Quetzaltenango",1,1379,400,6,37,6,7,3,42,4,0,8,4,6,2,7,1,7,0,47,3,7,3,3,0,15,3,2,232,8,1,232,0,232,--,--,--,223,232,232,Sumas Asentadas sin cuadrar,1,ee1dfba3e85b280669d7b21a73313d9258c5459143889d0fb1a8ebe3ae5be7a0,26/06/2023 01:14:03,ESCANER
10461,"Quetzaltenango",9,"Quetzaltenango",1,1380,400,8,21,4,5,2,49,6,0,5,1,5,1,3,3,3,3,78,1,7,4,1,0,24,1,13,248,4,0,252,0,252,--,400,148,248,252,252,Algún campo sin dato,1,ecfaa1ffbc31c046b4656decccb1b1f05bab3f5879c00830bd9ed2ea681db2c8,26/06/2023 01:47:21,ESCANER
10462,"Quetzaltenango",9,"Quetzaltenango",1,1380,400,8,16,5,7,3,64,7,0,11,4,10,6,3,6,4,0,75,3,7,2,5,0,15,8,2,271,5,0,276,0,276,--,400,124,271,276,276,Algún campo sin dato,1,80103f61c489832a6301598c8e221d6b8d9ddddd60d61da5f542d1345392a2a8,26/06/2023 03:09:41,ESCANER
10463,"Quetzaltenango",9,"Quetzaltenango",1,1380,400,5,28,3,4,1,61,5,1,6,1,7,3,6,4,1,2,54,1,14,2,1,3,27,4,5,249,4,0,253,0,253,--,--,--,249,253,253,Algún campo sin dato,1,3d7f6f5ddc105ff321bd28cb65dc07f96f0dd71feccaee80ff8a927702d082ba,26/06/2023 01:41:24,ESCANER
10464,"Quetzaltenango",9,"Quetzaltenango",1,1380,400,4,20,2,5,3,45,5,0,8,5,12,4,0,5,2,0,61,1,6,0,1,1,19,2,3,214,5,0,219,0,219,--,400,181,214,219,219,Algún campo sin dato,1,d9a3fb0d0e1b6a049d4ba6256a6ed910bc496dfe191535ad7ad3ad2a2a2cf968,26/06/2023 02:52:39,ESCANER
10465,"Quetzaltenango",9,"Quetzaltenango",1,1380,400,6,14,3,10,4,52,6,0,5,3,8,4,6,5,5,0,82,1,11,1,0,1,25,2,9,263,9,1,273,0,273,--,400,127,263,273,273,Algún campo sin dato,1,8eea91fb7873603aa163cb63937506f4da77ad59f5a9e4d451ca8d78f4253bd7,26/06/2023 02:39:38,ESCANER
10466,"Quetzaltenango",9,"Quetzaltenango",1,1380,400,4,25,5,8,1,49,5,1,19,4,5,4,4,3,0,1,58,1,16,1,5,2,17,6,1,246,0,0,246,0,246,400,4,154,245,245,245,Sumas Asentadas sin cuadrar,1,9168c52ec660088946058f1d211f7efed705de9d6f97c97a75b5ff6d8bd929d5,26/06/2023 01:40:20,ESCANER
10467,"Quetzaltenango",9,"Quetzaltenango",1,1381,400,2,18,5,11,2,36,2,0,5,2,4,2,4,4,2,1,54,1,21,4,2,1,22,1,3,209,5,0,214,0,214,--,400,186,209,214,214,Algún campo sin dato,1,4cddda099db203fb177d34f71964c8a058e56549c267b1ebac1cf642ec0dedf9,26/06/2023 02:27:56,ESCANER
10468,"Quetzaltenango",9,"Quetzaltenango",1,1381,400,6,22,5,9,4,63,8,0,8,0,15,2,2,6,2,1,51,1,8,3,2,0,13,0,3,234,6,0,240,0,240,--,400,160,234,240,240,Algún campo sin dato,1,771a6d173b5f2f03e62ca7d2184817a5051400c0a10051541a3bc792910db8eb,26/06/2023 04:08:10,ESCANER
10469,"Quetzaltenango",9,"Quetzaltenango",1,1381,376,7,20,4,3,1,53,5,1,7,1,5,4,0,11,4,1,45,4,16,1,2,1,14,2,0,212,5,0,217,0,217,--,376,157,212,217,217,Algún campo sin dato,1,6803cd6ab36a91b61242af3313984e754a5ae78d72e4f82023c07bb85800284c,26/06/2023 04:47:13,ESCANER
10470,"Quetzaltenango",9,"Quetzaltenango",1,1381,376,4,12,4,5,5,31,4,--,3,1,4,2,2,1,3,1,14,2,2,2,--,2,10,--,8,122,5,--,127,--,127,--,376,249,122,127,127,Algún campo sin dato,1,1d886942ee8b732ec13f080485d86059d361aba9f3fd87d3174921779b495b4e,26/06/2023 04:54:18,ESCANER
10471,"Quetzaltenango",9,"Quetzaltenango",1,1382,255,2,22,1,6,0,15,1,0,2,1,5,35,3,2,2,0,8,1,3,0,2,2,4,1,3,121,6,6,133,0,133,--,255,122,121,133,133,Algún campo sin dato,1,de32f61b2e0c5141de4eee65a3df554de193542e1480e68be743ca7aa0dbc597,26/06/2023 02:48:18,ESCANER
10472,"Quetzaltenango",9,"Quetzaltenango",1,1382,254,0,8,1,6,2,26,0,0,4,4,1,27,2,3,3,0,13,0,9,2,1,0,7,0,3,122,4,0,126,0,126,--,254,128,122,126,126,Algún campo sin dato,1,cdd6ae2f950be6af3d627262937c40f621354dd75f64f8b9b8a80519b06b96c8,26/06/2023 03:07:58,ESCANER
10473,"Quetzaltenango",9,"Quetzaltenango",1,1383,400,4,24,7,13,3,58,8,0,12,10,6,5,2,11,3,0,20,4,13,1,1,22,11,1,8,229,17,5,251,0,251,--,400,149,247,269,269,Sumas Asentadas sin cuadrar,1,d1d6c30d273a58612ccbf9c452ac48b7c107a7443ad36c8b509dbb792c880baf,26/06/2023 03:47:30,ESCANER
10474,"Quetzaltenango",9,"Quetzaltenango",1,1383,400,3,29,5,6,1,58,4,1,6,6,7,1,4,19,4,3,20,1,11,0,2,8,3,5,5,212,8,4,224,0,--,--,400,176,212,224,224,Algún campo sin dato,1,1dfbe4670355a7cc0b5ab6288df48e1227aac55131f54740040b43d9be89b458,26/06/2023 04:02:39,ESCANER
10475,"Quetzaltenango",9,"Quetzaltenango",1,1383,400,2,26,8,15,0,55,4,1,4,7,5,3,3,12,0,1,27,6,11,2,1,5,13,2,13,226,17,1,244,0,244,--,400,156,226,244,244,Algún campo sin dato,1,6ce3de9dfaad22040c385c7c7d9f852b5266cdda139ce67dd592eb055c7f5e19,26/06/2023 04:08:01,ESCANER
10476,"Quetzaltenango",9,"Quetzaltenango",1,1383,400,4,29,15,14,0,54,1,0,6,4,9,7,8,15,5,2,18,1,10,5,2,2,11,1,4,227,12,1,240,0,240,--,400,160,227,240,240,Algún campo sin dato,1,af75fb26cd7ca6debb4b70aff4b94a47a1cbd363afed889297bc5857ad22568f,26/06/2023 04:15:05,ESCANER
10477,"Quetzaltenango",9,"Quetzaltenango",1,1383,400,8,30,6,10,6,59,2,0,6,6,6,0,1,14,5,2,17,3,22,3,2,5,9,1,8,231,21,1,253,0,253,--,401,148,231,253,253,Algún campo sin dato,1,6e458866b136982e7d8a4ab88a874195aaf5afb7e3e9fb9f0798c99709bf2fe4,26/06/2023 04:16:52,ESCANER
10478,"Quetzaltenango",9,"Quetzaltenango",1,1383,400,3,42,6,13,5,64,0,0,6,9,7,3,3,11,3,1,20,3,10,1,4,4,12,3,6,242,10,3,255,0,255,--,400,145,239,252,252,Sumas Asentadas sin cuadrar,1,9648db13598a24f74b54b640330b719aac57633b95b744e870c872cae96d6bbb,26/06/2023 05:50:17,ESCANER
10479,"Quetzaltenango",9,"Quetzaltenango",1,1384,400,5,25,3,14,2,54,5,0,7,1,11,5,7,12,4,4,28,3,15,5,5,2,13,0,5,235,8,0,243,0,243,--,200,789,235,243,243,Algún campo sin dato,1,b40ae179f4fc657641abca4b58c2a6170b752f4be41e49be5be2d7f6e083eb47,26/06/2023 04:49:01,ESCANER
10480,"Quetzaltenango",9,"Quetzaltenango",1,1384,400,3,30,6,16,1,63,2,1,5,4,4,1,3,13,2,0,16,3,11,3,5,6,9,2,4,213,8,4,225,0,225,--,400,175,213,225,225,Algún campo sin dato,1,281e1ec40cecb47346497bae934e2aaa087245a1606a75b0572a740d629084b3,26/06/2023 03:37:00,ESCANER
10481,"Quetzaltenango",9,"Quetzaltenango",1,1384,400,5,37,4,10,2,52,1,1,8,2,6,5,5,6,2,4,22,2,9,3,2,4,8,1,7,208,16,0,224,0,--,--,--,--,208,224,224,Algún campo sin dato,1,ae25364d6665c764fc912a86565aa31d0d04c345b7acadd43185c010324e5e17,26/06/2023 03:40:22,ESCANER
10482,"Quetzaltenango",9,"Quetzaltenango",1,1384,400,4,24,4,12,2,55,7,1,8,9,10,2,3,16,3,2,22,1,12,5,1,4,9,3,9,228,9,1,238,162,400,--,400,162,228,238,400,Algún campo sin dato,1,59ec2caa4110ec99f26a665e9338205a41c9b3ad3543eb3c832c2146f8674504,26/06/2023 03:50:10,ESCANER
10483,"Quetzaltenango",9,"Quetzaltenango",1,1384,400,2,30,9,10,3,61,2,2,6,5,11,7,1,17,1,2,20,3,14,2,0,1,14,4,5,232,15,4,251,0,251,--,400,149,232,251,251,Algún campo sin dato,1,d7a7f0ee2602f8cc2b60b36f07e4bbfa412a8aae2bd2abfc343afa420ee2f40d,26/06/2023 03:59:36,ESCANER
10484,"Quetzaltenango",9,"Quetzaltenango",1,1384,400,4,16,7,10,2,59,8,0,6,5,7,2,7,10,6,2,35,3,9,4,4,2,9,1,4,215,20,2,244,0,244,--,397,153,222,244,244,Sumas Asentadas sin cuadrar,1,df19ce99f985e22ff45ea77e321e79de925d42924b65344615e2dc3391763472,26/06/2023 04:08:54,ESCANER
10485,"Quetzaltenango",9,"Quetzaltenango",1,1384,400,2,31,8,11,2,47,1,0,5,6,13,2,3,14,1,1,25,5,8,3,1,5,12,1,4,211,13,1,225,175,400,--,400,175,211,225,400,Algún campo sin dato,1,de5f7654ba87ebe3659098c51ce8c9877537548937c9e4a93708edb982a6d656,26/06/2023 04:10:21,ESCANER
10486,"Quetzaltenango",9,"Quetzaltenango",1,1385,400,4,24,7,14,3,46,4,0,5,7,7,4,6,6,0,2,26,6,6,1,3,4,9,4,2,200,13,7,220,0,220,--,400,180,200,220,220,Algún campo sin dato,1,c1d471a5eb1de00c9b8d6afccc85378177caa59556725dd57e13dfb02b161350,26/06/2023 03:31:59,ESCANER
10487,"Quetzaltenango",9,"Quetzaltenango",1,1385,400,3,28,8,5,2,52,4,0,3,5,9,3,1,13,2,0,24,4,13,6,0,1,8,0,3,209,11,1,209,0,209,--,400,191,197,209,209,Sumas Asentadas sin cuadrar,1,e4005add76541dc3b1282b5ebd5968fcb3bb804e15d2ecd402d8c78cea3f30d2,26/06/2023 03:43:20,ESCANER
10488,"Quetzaltenango",9,"Quetzaltenango",1,1385,400,1,23,5,8,3,48,5,0,5,7,4,0,4,8,3,0,46,2,8,1,1,1,21,2,6,193,6,1,220,0,220,--,400,180,212,219,219,Sumas Asentadas sin cuadrar,1,9b801266b35531e465544c4b2486efb74543fb8549f078ab27f915a5abe777c9,26/06/2023 01:13:03,ESCANER
10489,"Quetzaltenango",9,"Quetzaltenango",1,1385,400,4,34,2,6,1,49,2,1,5,4,8,2,2,7,1,1,53,0,8,1,2,2,13,1,4,213,3,0,216,0,216,--,400,184,213,216,216,Algún campo sin dato,1,62658d6bd08f9c7be9111e020537cc17f9eaf8715f9663940a8315e922b3449e,26/06/2023 03:50:38,ESCANER
10490,"Quetzaltenango",9,"Quetzaltenango",1,1385,400,6,20,5,5,0,38,0,1,5,6,4,0,3,6,3,0,40,0,9,3,1,0,24,2,3,184,5,1,190,0,190,--,400,210,184,190,190,Algún campo sin dato,1,b5bb5ddb1d87aaca006d616ca398c7de432d14f15d8b8bf5f09c8be50040f7c8,26/06/2023 01:25:36,ESCANER
10491,"Quetzaltenango",9,"Quetzaltenango",1,1385,293,4,15,5,6,1,18,2,1,4,3,2,2,1,9,1,0,30,3,7,3,1,0,14,0,5,137,4,0,141,0,141,--,293,152,137,141,141,Algún campo sin dato,1,e440bbe14acecc84efb2de0b32c12b55cb9bc54d274ce862ed3c08cc8a7bcce8,26/06/2023 04:05:59,ESCANER
10492,"Quetzaltenango",9,"Quetzaltenango",1,1385,292,1,14,4,3,0,23,5,1,2,4,5,3,2,7,1,2,19,2,11,2,3,0,9,1,3,127,3,0,130,0,130,--,--,--,127,130,130,Algún campo sin dato,1,833e8d7df00390b782bafc361d2ddfee9acb68d595eeda15eb969b28c4eb827e,26/06/2023 02:33:55,ESCANER
10493,"Quetzaltenango",9,"Quetzaltenango",1,1386,400,8,16,5,11,3,81,9,1,10,3,17,8,4,11,2,2,53,4,15,3,1,2,13,5,5,292,9,0,301,0,301,--,400,99,292,301,301,Algún campo sin dato,1,9eaa37eda477b75579dc11607b86791aed4cac11febf6ac08024106eb22366d7,26/06/2023 01:45:33,ESCANER
10494,"Quetzaltenango",9,"Quetzaltenango",1,1386,213,2,20,2,4,2,50,5,0,1,1,10,1,1,5,1,0,15,0,13,4,2,2,4,1,3,152,3,0,155,0,155,--,212,57,149,152,152,Sumas Asentadas sin cuadrar,1,3036e8fea1b0c4baaf33a6b081fcf9e2ce8a8bf34ae8ac7fc1b41a0f275a2660,26/06/2023 02:18:49,ESCANER
10495,"Quetzaltenango",9,"Quetzaltenango",1,1386,212,3,15,1,2,0,43,4,0,3,0,7,2,1,1,1,1,22,1,5,1,1,2,5,0,4,125,7,0,132,0,132,--,209,77,125,132,132,Algún campo sin dato,1,afd09f9365cfb71b2cace1c5cc004d8d62b0b7c8feccde331a525d0db4e0bd73,26/06/2023 02:27:06,ESCANER
10496,"Quetzaltenango",9,"Quetzaltenango",1,1387,400,8,23,9,8,0,68,2,0,6,7,12,3,0,10,5,2,41,2,18,1,1,5,10,2,3,246,10,6,262,--,262,--,400,138,246,262,262,Algún campo sin dato,1,65144b248e09c8c6ee0f959e41227a7b36130b5e0c1693a74a33208d84654756,26/06/2023 04:09:44,ESCANER
10497,"Quetzaltenango",9,"Quetzaltenango",1,1387,400,5,32,4,12,2,86,5,0,6,5,4,4,5,8,3,4,32,6,20,1,0,3,5,1,4,262,12,0,274,0,274,--,400,126,257,269,269,Sumas Asentadas sin cuadrar,1,fc6bc5e2653cadfc8d91ce2618949df842889870af94d012de65c62cd84b0092,26/06/2023 03:37:02,ESCANER
10498,"Quetzaltenango",9,"Quetzaltenango",1,1387,400,10,23,6,13,5,66,5,2,10,3,12,7,5,12,0,1,36,2,3,1,2,1,6,2,6,262,13,1,262,0,262,--,400,138,239,253,253,Sumas Asentadas sin cuadrar,1,4d6721cf4aafadb3ba96676296dfa37904ecde1f1d9262ca99f765397928d8d8,26/06/2023 02:59:00,ESCANER
10499,"Quetzaltenango",9,"Quetzaltenango",1,1387,400,--,--,--,--,--,--,--,--,--,--,--,--,--,--,--,--,--,--,--,--,--,--,--,--,--,--,--,--,--,--,--,--,--,--,,,,Suma Excede Padrón,0,30b18a1c96bc1adf24a5b0b1762cf08d9613499ba42448323f022b0d6e6aafba,26/06/2023 05:46:09,ESCANER
10500,"Quetzaltenango",9,"Quetzaltenango",1,1387,400,5,30,5,8,5,65,10,0,8,8,10,3,4,8,5,2,57,3,14,0,0,4,10,2,4,270,8,2,280,0,280,--,397,117,270,280,280,Algún campo sin dato,1,c96f432098354a4853265fece43acdcfbf5ed587552dad862ca564966e5ca92a,26/06/2023 03:56:08,ESCANER
10501,"Quetzaltenango",9,"Quetzaltenango",1,1387,400,8,28,3,16,2,83,6,2,10,0,10,2,4,9,3,4,23,2,7,3,2,2,12,1,2,249,9,--,--,--,258,--,400,400,244,253,253,Sumas Asentadas sin cuadrar,1,8ef672abe0a5a6807e468f127563e67eb1ab985112c710b0f93e337d66a25206,26/06/2023 05:25:47,ESCANER
10502,"Quetzaltenango",9,"Quetzaltenango",1,1387,400,4,34,7,13,2,76,6,--,10,5,13,2,2,14,3,3,36,7,36,7,13,2,3,1,2,273,12,1,286,--,286,--,400,114,301,314,314,Sumas Asentadas sin cuadrar,1,31e210460cbeacba3a55e496da93e8be5cdd23ea2e3d62770b72eea41efb2fa6,26/06/2023 05:48:40,ESCANER
10503,"Quetzaltenango",9,"Quetzaltenango",1,1387,400,8,33,8,9,7,70,10,0,1,4,15,1,7,13,3,2,28,4,20,3,1,0,11,0,6,264,17,0,281,119,281,--,400,119,264,281,400,Sumas Asentadas sin cuadrar,1,51b32089fe62f5913b67e5652fd23fe8d5ede2d756641f587d984cb9e94b12bc,26/06/2023 03:44:33,ESCANER
10504,"Quetzaltenango",9,"Quetzaltenango",1,1387,400,6,20,7,14,0,64,11,0,8,3,11,3,1,7,3,1,0,2,16,2,0,8,4,2,3,250,11,2,263,0,263,--,400,137,196,209,209,Sumas Asentadas sin cuadrar,1,ea3da70faaf3d77905cd70bda7f45e6e7bd371e6585be2dc96831f8276ac6db8,26/06/2023 03:55:10,ESCANER
10505,"Quetzaltenango",9,"Quetzaltenango",1,1387,400,6,25,3,6,6,61,8,0,6,5,15,1,2,9,0,3,62,3,13,3,0,4,10,1,5,257,7,1,265,0,265,--,400,135,257,265,265,Algún campo sin dato,1,7245456b3148b5444669a609c7724b3e493ec3da7461c98ad2203ada18d40d63,26/06/2023 04:00:01,ESCANER
10506,"Quetzaltenango",9,"Quetzaltenango",1,1387,400,13,22,2,14,1,63,7,--,10,5,11,--,4,5,4,1,60,2,5,5,2,3,11,--,6,256,8,1,265,--,265,--,400,135,256,265,265,Algún campo sin dato,1,7ecf07afde5da48cd7e5dc5f5ca9d3f331cd7b45f14cf0f4468f65f9a8369639,26/06/2023 05:42:35,ESCANER
10507,"Quetzaltenango",9,"Quetzaltenango",1,1387,400,7,41,1,9,3,56,6,0,6,3,10,6,4,10,6,3,57,3,12,2,1,1,9,1,5,262,11,0,273,0,273,--,399,126,262,273,273,Algún campo sin dato,1,beb607ea90bdf4fa4aee3956a8ddc9a3d3ef553a228766653188c299600821c6,26/06/2023 02:44:40,ESCANER
10508,"Quetzaltenango",9,"Quetzaltenango",1,1388,400,5,15,2,9,2,87,10,0,8,9,9,2,4,9,5,0,44,1,7,1,2,5,12,2,1,251,5,5,261,0,261,--,400,139,251,261,261,Algún campo sin dato,1,8549ae92cda01bd1b1ec25e38f68269d15404bfa72eac313a80b54afd645aceb,26/06/2023 02:29:46,ESCANER
10509,"Quetzaltenango",9,"Quetzaltenango",1,1388,400,7,27,7,9,3,55,16,2,10,0,16,4,4,1,2,1,51,4,17,3,3,6,6,0,7,261,13,4,278,0,278,--,400,118,261,278,278,Algún campo sin dato,1,ac0e1f768836ee23e8207904fd8cf59dbc8fcdfa5edbbc1273c86b9343cae2ce,26/06/2023 04:16:26,ESCANER
10510,"Quetzaltenango",9,"Quetzaltenango",1,1388,400,9,18,2,11,2,75,13,--,3,2,9,3,5,10,4,--,37,3,12,4,1,3,13,--,6,245,12,0,257,0,257,--,400,143,245,257,257,Algún campo sin dato,1,4f3d85caa1c63b27483478172060a6076dffc293d91590c0d4a69fe342da079b,26/06/2023 01:48:05,ESCANER
10511,"Quetzaltenango",9,"Quetzaltenango",1,1388,400,11,28,1,13,5,75,5,1,3,4,20,3,6,6,4,2,43,2,7,4,1,5,10,3,4,266,12,1,279,0,279,--,400,121,266,279,279,Algún campo sin dato,1,be5261d03cf8424f66cf6bf44296e17038cd4e6f25819a76be2439ad50c24642,26/06/2023 03:17:19,ESCANER
10512,"Quetzaltenango",9,"Quetzaltenango",1,1388,400,9,32,4,15,2,77,6,0,3,1,14,2,5,5,3,2,55,5,12,2,0,6,10,0,6,276,12,1,289,0,289,--,400,111,276,289,289,Algún campo sin dato,1,c3fb7b588bc3e8f01ab387b1481cd4e774522c58734beea2c82224fbc062fd67,26/06/2023 02:18:31,ESCANER
10513,"Quetzaltenango",9,"Quetzaltenango",1,1388,400,6,23,2,14,2,68,9,0,11,4,19,4,4,10,2,0,57,1,18,3,1,3,7,0,5,272,5,1,278,0,278,--,400,122,273,279,279,Sumas Asentadas sin cuadrar,1,74f7c10b9347887c3a13661b0b69776ef33957042c53938dae8c7fe150fb2667,26/06/2023 03:08:38,ESCANER
10514,"Quetzaltenango",9,"Quetzaltenango",1,1389,400,7,25,3,6,1,75,11,0,8,4,16,1,2,8,7,5,47,4,15,3,1,5,7,3,6,270,10,4,284,0,284,--,400,116,270,284,284,Algún campo sin dato,1,aa82bc53e0674ec1a1fc8a812a7b995f09b73e0ad6164fae3fe0cc906d325132,26/06/2023 03:57:23,ESCANER
10515,"Quetzaltenango",9,"Quetzaltenango",1,1389,400,8,22,3,10,4,80,8,0,8,6,10,2,6,9,2,2,46,3,14,2,4,3,7,1,10,270,10,--,--,--,280,--,400,120,270,280,280,Algún campo sin dato,1,5c4f3b40286e7309964a104e81a04e9fbe2046039ecc9c5a04c632009a6d1b5e,26/06/2023 04:08:49,ESCANER
10516,"Quetzaltenango",9,"Quetzaltenango",1,1389,400,7,25,3,7,2,77,1,1,9,3,20,4,6,10,2,3,33,2,12,5,0,2,15,2,2,253,10,2,265,--,--,--,397,132,253,265,265,Algún campo sin dato,1,efe48bf29fa4c939b1176f4f6fa5feccd26e5292c5f140d298650f140069c725,26/06/2023 04:13:28,ESCANER
10517,"Quetzaltenango",9,"Quetzaltenango",1,1389,400,5,32,4,9,2,64,5,0,7,6,14,9,2,7,2,2,31,1,17,5,0,3,8,6,4,245,9,1,255,0,255,--,400,145,245,255,255,Algún campo sin dato,1,2290a91aabef4c3aa9b5d4819ec788df5e4f382d0e92cfa4fa3a2ce9e640d7a2,26/06/2023 05:47:31,ESCANER
10518,"Quetzaltenango",9,"Quetzaltenango",1,1389,400,8,21,8,11,0,68,2,0,3,8,12,2,5,7,6,2,49,4,10,3,0,1,8,1,2,241,10,0,251,0,251,--,400,149,241,251,251,Algún campo sin dato,1,0993bc3c9b2a25598ef29d0f58f1f78d522ddff9a94e0770c56c117c96241d8f,26/06/2023 04:21:28,ESCANER
10519,"Quetzaltenango",9,"Quetzaltenango",1,1389,400,15,12,3,10,0,52,3,1,7,4,6,3,2,7,1,2,73,0,7,2,2,1,14,1,7,235,6,0,241,0,241,--,400,159,235,241,241,Algún campo sin dato,1,16429f82447208b16928900ab82c269328331248de3183e996975cbec9377174,26/06/2023 04:27:09,ESCANER
10520,"Quetzaltenango",9,"Quetzaltenango",1,1389,400,4,20,4,7,0,51,9,2,7,3,8,1,2,3,2,1,85,2,11,5,0,1,23,1,5,263,6,0,263,0,263,--,400,137,257,263,263,Sumas Asentadas sin cuadrar,1,66159ff8744a73fa86245f64ea412574b685cad658e1131c4cc59d73733f5154,26/06/2023 04:31:24,ESCANER
10521,"Quetzaltenango",9,"Quetzaltenango",1,1389,400,3,29,2,5,1,46,8,3,3,4,4,2,0,10,5,1,63,1,11,2,3,1,22,2,7,238,3,3,244,0,244,--,400,156,238,244,244,Algún campo sin dato,1,4c22edc0c972395c6ca9be5212e848b536d8fdbdb9e30573ea9160cc822d686d,26/06/2023 04:45:36,ESCANER
10522,"Quetzaltenango",9,"Quetzaltenango",1,1390,400,8,29,3,6,1,49,5,0,2,1,5,0,2,13,2,1,86,2,10,0,1,1,20,2,2,251,3,0,254,0,254,--,400,146,251,254,254,Algún campo sin dato,1,bd2286a76c121050d44ed76e873311a13165bcd40808b2df7b399585ac6b77c2,26/06/2023 02:56:07,ESCANER
10523,"Quetzaltenango",9,"Quetzaltenango",1,1390,228,4,18,2,4,1,29,5,3,1,3,4,2,1,8,1,0,29,0,6,1,2,2,14,0,6,146,4,0,150,0,150,--,228,78,146,150,150,Algún campo sin dato,1,85e7c97284ccce23c3c287a10addcb7a83b9ed06e9bb35e54ec50c8cc131ce22,26/06/2023 03:12:00,ESCANER
10524,"Quetzaltenango",9,"Quetzaltenango",1,1390,228,3,9,1,2,1,20,1,0,2,1,2,2,1,6,2,0,24,0,3,1,0,0,7,2,0,90,4,0,94,0,94,--,228,134,90,94,94,Algún campo sin dato,1,b65123b31d22c57c749e826a40512792a12e548f2b4f8b7e2de1f4c485504fc4,26/06/2023 03:24:25,ESCANER
10525,"Quetzaltenango",9,"Quetzaltenango",1,1391,400,10,22,7,18,0,86,8,0,6,4,13,2,3,4,3,1,56,1,12,4,2,2,13,4,2,283,23,0,306,0,306,--,400,94,283,306,306,Algún campo sin dato,1,b107bdaa6b37f9af33e6c5698890b28c6e7e7fec0386102ae07d469b0cd3794c,26/06/2023 02:36:54,ESCANER
10526,"Quetzaltenango",9,"Quetzaltenango",1,1391,275,7,16,2,7,0,63,4,0,6,1,8,0,3,4,5,2,36,1,8,1,2,0,9,5,6,196,6,0,202,0,202,--,275,73,196,202,202,Algún campo sin dato,1,e769883834a3c2e672c7b5eeb593bfb6fb81aa0a62e19afb798b9689687dfbe7,26/06/2023 00:50:17,ESCANER
10527,"Quetzaltenango",9,"Quetzaltenango",1,1391,275,6,15,3,7,1,49,5,0,5,0,8,0,1,4,0,1,68,1,7,2,0,1,17,2,2,205,8,0,213,0,213,--,275,62,205,213,213,Algún campo sin dato,1,a1006a23f0c627834ba34dec87a18bdd9b2c950da3cec2f22e3707b0d047eca5,26/06/2023 01:30:44,ESCANER
10528,"Quetzaltenango",9,"Quetzaltenango",1,1392,400,0,10,3,6,0,8,0,0,8,2,8,19,0,8,2,7,0,6,0,2,0,4,33,1,28,157,112,15,284,0,284,--,391,107,155,282,282,Sumas Asentadas sin cuadrar,1,fb5330c1f5b58e59fb00fa7a5734a153e82bf88060df80cea1ce51d502faf096,26/06/2023 05:27:50,ESCANER
10529,"Quetzaltenango",9,"Quetzaltenango",1,1392,400,7,44,10,8,2,61,9,0,9,3,5,5,5,13,4,4,34,1,32,0,5,5,10,5,4,285,15,0,300,0,300,--,400,100,285,300,300,Algún campo sin dato,1,dc7649fb167f025b33637cec8eef9146c537584bf4fca9279c4d0aa8764c5534,26/06/2023 02:50:50,ESCANER
10530,"Quetzaltenango",9,"Quetzaltenango",1,1392,400,5,26,8,10,2,56,10,1,14,3,7,6,6,11,7,3,42,1,28,2,2,3,11,3,6,272,9,2,283,0,283,--,400,117,273,284,284,Sumas Asentadas sin cuadrar,1,15ca7ce528bb2231326be559305c37f8d4691884da91328ceee5c4a2ce1a29aa,26/06/2023 03:01:56,ESCANER
10531,"Quetzaltenango",9,"Quetzaltenango",1,1392,400,4,24,4,5,0,91,11,0,4,4,5,7,10,10,6,3,38,0,31,3,4,5,12,4,3,288,8,1,297,0,297,--,--,--,288,297,297,Algún campo sin dato,1,017de037ae57031ae325fe908b2720d445072f9e29c2dc070168f25fa1d12cde,26/06/2023 04:26:53,ESCANER
10532,"Quetzaltenango",9,"Quetzaltenango",1,1392,400,12,31,5,13,0,61,8,0,20,2,7,5,8,7,3,3,30,2,30,0,2,1,10,1,7,268,8,6,282,0,282,--,400,118,268,282,282,Algún campo sin dato,1,3098c4d4956c72744293c6399ca4ded9423586344543140128757b81b07ff4cc,26/06/2023 04:05:45,ESCANER
10533,"Quetzaltenango",9,"Quetzaltenango",1,1392,258,5,15,3,3,0,29,6,0,5,4,4,2,0,8,4,2,35,1,19,2,1,1,14,1,3,167,4,0,171,0,171,--,258,87,167,171,171,Algún campo sin dato,1,585520e8f455164c38715c7fa04acbeb8f3b90969d6b6ebc8fc12184dcf5c868,26/06/2023 03:19:51,ESCANER
10534,"Quetzaltenango",9,"Quetzaltenango",1,1392,258,4,18,1,5,0,26,5,0,11,3,2,3,5,7,1,1,25,1,22,0,1,1,13,1,3,159,4,0,163,0,163,--,258,95,159,163,163,Algún campo sin dato,1,59486995c40f89065648324b4d5491cd718347ab895c3c9462f43bbced3c6906,26/06/2023 03:09:18,ESCANER
10535,"Quetzaltenango",9,"Quetzaltenango",1,1393,400,7,26,8,4,2,58,7,0,11,0,11,5,11,13,4,2,27,8,19,3,0,3,12,1,1,243,14,2,259,0,259,--,400,138,243,259,259,Algún campo sin dato,1,351b2eb5706f67a7da095dd6312101840660accde607c85d425ac4a18276c2b4,26/06/2023 04:20:45,ESCANER
10536,"Quetzaltenango",9,"Quetzaltenango",1,1393,400,7,29,9,14,0,69,7,0,7,5,3,6,7,13,3,1,32,3,10,1,2,3,8,1,6,246,12,1,259,0,259,--,400,141,246,259,259,Algún campo sin dato,1,61e887f9961303f7cb6d123eba00ffe57444e92b4aaec522c4bc8fc080568071,26/06/2023 04:19:28,ESCANER
10537,"Quetzaltenango",9,"Quetzaltenango",1,1393,400,10,23,8,14,1,77,9,0,7,1,10,6,5,16,5,5,23,2,16,2,3,3,8,0,6,257,12,3,400,0,272,--,400,128,260,275,275,Sumas Asentadas sin cuadrar,1,99c94b801dff11b55b497dc162fe5bd1c112f63d0cf815d24695768bdec54c17,26/06/2023 04:24:37,ESCANER
10538,"Quetzaltenango",9,"Quetzaltenango",1,1393,400,0,19,2,15,1,79,5,0,5,4,18,4,7,12,4,3,28,3,11,0,2,5,13,0,3,247,16,12,275,0,275,--,--,--,243,271,271,Sumas Asentadas sin cuadrar,1,bf9aac61a9be68767c3b49fd4389ae4771792ffa4cfd77657d941b0e687be97c,26/06/2023 03:59:59,ESCANER
10539,"Quetzaltenango",9,"Quetzaltenango",1,1393,400,7,18,6,15,2,75,5,1,11,7,10,5,5,9,1,4,22,9,13,1,1,6,7,2,3,245,15,3,263,0,263,--,400,137,245,263,263,Algún campo sin dato,1,f8a5909aca31cc7e54c5a1808eac9717a212f11e0e8831b25ce0d06f1a0031a1,26/06/2023 04:21:20,ESCANER
10540,"Quetzaltenango",9,"Quetzaltenango",1,1393,400,9,32,6,13,2,59,5,1,9,3,9,5,9,18,2,2,37,5,9,2,0,3,8,4,3,255,12,4,271,0,271,--,399,128,255,271,271,Algún campo sin dato,1,ae53c340e05f8637af6f07392f3ec0a0015747e773958a5f44d121feaf25f764,26/06/2023 04:10:35,ESCANER
10541,"Quetzaltenango",9,"Quetzaltenango",1,1393,400,8,27,6,12,1,55,7,1,11,4,8,9,7,15,2,3,24,2,19,1,3,5,7,4,3,244,13,7,264,0,264,--,400,136,244,264,264,Algún campo sin dato,1,ef1f0345fdefbbc25462fc61ca9295e00c86c368b8e704e3efd55a3f924d903e,26/06/2023 04:08:02,ESCANER
10542,"Quetzaltenango",9,"Quetzaltenango",1,1393,400,4,40,4,10,0,71,4,0,2,5,9,3,4,11,4,1,32,0,11,3,4,5,5,3,8,243,11,2,256,0,256,--,400,144,243,256,256,Algún campo sin dato,1,a6200921be1657bd2e5db4187b65e65f0689c21d805c090b1a132c566a96ffe7,26/06/2023 04:26:25,ESCANER
10543,"Quetzaltenango",9,"Quetzaltenango",1,1394,400,8,22,3,12,1,43,8,2,8,1,9,2,11,4,4,4,38,3,9,1,0,4,7,2,3,220,5,2,225,0,225,--,400,175,209,216,216,Sumas Asentadas sin cuadrar,1,b8d844667299e8cf4c4b36b491a9d0ece25fee16e51f9108705c5adf727454e1,26/06/2023 03:13:35,ESCANER
10544,"Quetzaltenango",9,"Quetzaltenango",1,1394,400,4,31,2,10,4,59,4,0,8,6,9,3,5,8,2,1,33,2,12,0,2,3,10,1,2,221,9,3,233,3,236,1,400,237,221,233,236,,1,7e445a02cae177656673e8748130e9c02017c567827396668b21d4e37abed514,26/06/2023 04:48:27,ESCANER
10545,"Quetzaltenango",9,"Quetzaltenango",1,1394,400,3,28,5,11,2,58,5,1,17,7,7,0,4,11,6,3,29,3,10,2,1,5,14,3,3,238,4,2,244,0,244,--,400,156,238,244,244,Algún campo sin dato,1,b3ced565e3bfae5ce3fff8c888f341f8bb5a76a3a26e9a1c78657837691953ed,26/06/2023 03:33:07,ESCANER
10546,"Quetzaltenango",9,"Quetzaltenango",1,1394,400,7,27,3,10,2,71,9,3,9,0,4,3,2,4,1,8,39,6,11,3,1,6,11,2,4,246,11,0,257,0,246,--,400,143,246,257,257,Sumas Asentadas sin cuadrar,1,98902e5fca026146c5946470a4f7c62f6a47c445cfb5ac1a11a2fd9edc51e636,26/06/2023 03:47:54,ESCANER
10547,"Quetzaltenango",9,"Quetzaltenango",1,1395,400,8,18,10,15,1,73,9,2,11,1,4,3,5,16,2,1,27,4,10,4,1,3,14,6,5,253,15,2,270,0,270,--,400,130,253,270,270,Algún campo sin dato,1,339ec99482a97a240d852d0cb0720c13608d8f4d57d56c50d19111e90d729d8e,26/06/2023 04:27:39,ESCANER
10548,"Quetzaltenango",9,"Quetzaltenango",1,1395,400,6,28,7,12,1,70,11,0,8,1,8,1,7,9,5,2,27,3,16,3,4,2,4,0,9,244,13,0,257,0,257,--,400,143,244,257,257,Algún campo sin dato,1,d5d9fd4a77a4631f0222122fe86c7233ff168e49b9781449ec55ee7a739c1b38,26/06/2023 02:49:51,ESCANER
10549,"Quetzaltenango",9,"Quetzaltenango",1,1395,400,10,20,6,16,1,79,6,0,8,6,10,4,2,16,5,1,31,2,11,1,1,5,7,6,0,254,16,0,270,0,270,--,399,129,254,270,270,Algún campo sin dato,1,3665e04976f7424d8524e1c8a87e410ba6c47b1e493747d06c6ff64b0fbf6862,26/06/2023 04:26:49,ESCANER
10550,"Quetzaltenango",9,"Quetzaltenango",1,1395,400,7,27,3,8,2,58,3,1,6,2,11,0,4,12,2,5,38,3,19,2,2,4,10,2,2,233,9,3,245,--,245,--,399,154,233,245,245,Algún campo sin dato,1,f0a07adcf1d1373aa98f9d5d3e968c60045a2d01c08fc16035433bf0a266b44c,26/06/2023 03:23:42,ESCANER
10551,"Quetzaltenango",9,"Quetzaltenango",1,1395,400,5,32,7,14,1,61,1,1,12,3,12,1,3,13,6,3,24,5,7,1,0,2,9,4,4,231,6,2,239,0,239,--,400,161,231,239,239,Algún campo sin dato,1,0058e883dffa7bc6ebdd5505877bde2735a874bdadb3e958be25fec144cf3775,26/06/2023 03:48:16,ESCANER
10552,"Quetzaltenango",9,"Quetzaltenango",1,1395,400,7,18,7,8,2,66,6,1,10,3,5,3,3,7,5,3,29,4,17,7,1,3,8,4,4,231,6,1,238,0,238,--,400,162,231,238,238,Algún campo sin dato,1,3e2a146c3416d730ced054e51e1c505d5cf5a1ac9643832d1f44b65a6b4aacb0,26/06/2023 04:35:25,ESCANER
10553,"Quetzaltenango",9,"Quetzaltenango",1,1395,400,6,27,2,13,0,56,7,0,6,2,5,4,9,7,0,0,65,3,23,0,1,2,15,1,8,262,11,2,275,0,275,--,400,125,262,275,275,Algún campo sin dato,1,37ea22a45c7b553c5fad74e9f1a1348245908eb19eb7b4f27d04bad3341b9afd,26/06/2023 04:47:12,ESCANER
10554,"Quetzaltenango",9,"Quetzaltenango",1,1395,400,13,15,3,9,0,46,6,0,9,4,5,3,4,5,4,2,48,4,10,0,1,2,19,1,8,221,6,0,227,173,400,--,400,173,221,227,400,Algún campo sin dato,1,d4ac92760d8dc22112f6117b1d75e5954b2b312a1635452a1110ca46d8f07a32,26/06/2023 05:06:41,ESCANER
10555,"Quetzaltenango",9,"Quetzaltenango",1,1395,400,1,22,7,15,1,48,8,1,6,3,8,2,4,8,1,3,45,1,15,0,0,4,21,1,7,232,4,0,236,0,236,--,400,164,232,236,236,Algún campo sin dato,1,8df679492586612d38b7e09018930bce3958dc534d86d88dab2d0cd82f9fc5aa,26/06/2023 03:30:13,ESCANER
10556,"Quetzaltenango",9,"Quetzaltenango",1,1395,400,9,19,3,6,2,55,10,1,4,0,3,4,0,5,4,1,46,5,12,0,3,2,15,2,7,218,7,0,225,0,225,--,400,175,218,225,225,Algún campo sin dato,1,9beb700222064f8eb33825749844e4c5c51e7cb43cb0b2c59b7160ec13851eab,26/06/2023 03:34:51,ESCANER
10557,"Quetzaltenango",9,"Quetzaltenango",1,1395,261,3,13,1,7,1,37,3,0,5,5,3,0,2,3,3,0,31,5,4,2,1,2,13,1,3,148,8,0,156,0,261,--,261,105,148,156,156,Sumas Asentadas sin cuadrar,1,3163f2491639821a19659a18ad7226a316abbda895974e5d37f1ddb4e0a32ad9,26/06/2023 04:57:08,ESCANER
10558,"Quetzaltenango",9,"Quetzaltenango",1,1395,261,1,12,0,5,0,28,1,1,1,1,5,6,2,2,1,3,24,2,7,1,0,2,9,1,2,107,13,0,120,0,120,--,261,141,117,130,130,Sumas Asentadas sin cuadrar,1,322c889bfecb14f319cfe8086feda11aec6013fec86faf737f9e3e2032b68414,26/06/2023 03:14:54,ESCANER
10559,"Quetzaltenango",9,"Quetzaltenango",1,1396,400,7,27,7,20,3,59,8,1,4,5,6,1,9,6,1,0,35,2,18,7,3,7,7,5,8,244,9,0,253,0,253,--,400,147,256,265,265,Sumas Asentadas sin cuadrar,1,0629df59cc752ae22bac6b76be88d82620b136382d278a3b070cf46a1dc50dab,26/06/2023 02:31:17,MOVIL
10560,"Quetzaltenango",9,"Quetzaltenango",1,1396,400,4,29,6,10,5,77,10,0,7,7,4,2,3,8,3,4,29,3,4,6,1,2,7,2,6,239,17,2,258,0,258,--,400,142,239,258,258,Algún campo sin dato,1,a3624e8e58ac627da86e8407f81ed7270d6849cfe9a009bc9674b42b484344a8,26/06/2023 03:08:44,MOVIL
10561,"Quetzaltenango",9,"Quetzaltenango",1,1396,400,6,37,4,10,3,69,5,1,7,8,9,3,7,12,2,3,28,3,8,1,3,7,10,0,4,250,12,1,263,0,263,--,400,137,250,263,263,Algún campo sin dato,1,ad3fe04c2f4e73fef39bd50fdcb850bbcfc385f1b4db5f4123b73cc286392ffb,26/06/2023 03:39:23,ESCANER
10562,"Quetzaltenango",9,"Quetzaltenango",1,1396,400,5,26,5,10,2,59,5,0,8,9,7,5,9,13,5,0,38,3,10,2,2,1,18,1,2,--,--,--,--,--,--,--,400,132,245,245,245,Algún campo sin dato,1,efe751c18030c54944af8849a45929fbd48e9e1034202d5ebb9212777436fdc3,26/06/2023 03:46:39,ESCANER
10563,"Quetzaltenango",9,"Quetzaltenango",1,1396,400,4,37,4,10,1,50,8,0,5,2,12,2,7,9,7,2,30,2,13,2,0,3,7,2,14,233,11,2,246,0,246,--,400,154,233,246,246,Algún campo sin dato,1,dd40c1aa265d290360ef08347e800863e2d07232cf8416a1054c3a7bcc69b1c8,26/06/2023 03:49:49,ESCANER
10564,"Quetzaltenango",9,"Quetzaltenango",1,1396,400,4,28,8,12,0,74,5,0,6,7,2,6,3,5,3,2,33,4,7,2,0,3,12,4,7,237,11,1,249,--,0,--,411,249,237,249,249,Algún campo sin dato,1,f8e5c362b6c2facd0981e0e46ce3d0a65e355402ca2f9e6fcc7cb1e34cdea231,26/06/2023 03:55:45,ESCANER
10565,"Quetzaltenango",9,"Quetzaltenango",1,1396,400,2,19,4,9,1,63,5,0,9,4,4,4,6,6,4,1,40,1,7,0,5,3,13,3,4,217,9,4,230,0,230,--,400,170,217,230,230,Algún campo sin dato,1,284e7cdb5a8bd00f513346636de90b84abf99dd1e1389daff1f10368f60482c4,26/06/2023 04:02:02,ESCANER
10566,"Quetzaltenango",9,"Quetzaltenango",1,1396,400,5,31,7,8,1,64,8,2,3,7,7,2,7,15,0,2,28,1,4,1,3,5,11,2,5,229,11,0,240,0,240,--,--,--,229,240,240,Algún campo sin dato,1,5bb7702949c5db3c5d3fcd4447b976672dbcdc1e3bc4db553ed5b0c4466d78e8,26/06/2023 05:45:38,ESCANER
10567,"Quetzaltenango",9,"Quetzaltenango",1,1396,400,2,29,2,10,1,0,4,1,10,5,6,2,2,13,1,0,49,3,10,3,4,3,7,3,5,246,10,2,258,0,258,--,400,142,175,187,187,Sumas Asentadas sin cuadrar,1,6ecba4aadd6d356f9023fcd7773923d508fbeccb7fac994676145e64a853965b,26/06/2023 04:11:40,ESCANER
10568,"Quetzaltenango",9,"Quetzaltenango",1,1396,400,9,30,4,10,0,71,0,0,9,6,4,0,5,5,2,0,44,1,19,5,1,4,12,2,5,259,0,4,263,0,263,--,400,137,248,252,252,Sumas Asentadas sin cuadrar,1,d0d973a76d7573c83de9ce8bd13c0d2f81478de1661d7f9be5e3f2b6286ca350,26/06/2023 04:17:08,ESCANER
10569,"Quetzaltenango",9,"Quetzaltenango",1,1396,400,6,18,3,11,0,76,5,2,4,3,5,3,9,0,2,3,40,5,10,5,0,2,11,1,7,242,10,1,253,0,253,1,400,147,231,242,242,Sumas Asentadas sin cuadrar,1,e88d7e1fa092bd475358fe27563f215ca4f1382277cab714598fd24385d97ad8,26/06/2023 04:18:53,ESCANER
10570,"Quetzaltenango",9,"Quetzaltenango",1,1396,400,0,25,4,10,2,70,8,0,6,12,9,1,1,15,5,2,31,4,9,4,1,6,12,4,7,248,9,1,258,0,258,--,400,142,248,258,258,Algún campo sin dato,1,c9c5b92cd46cef180e9c547cac75f21e7ebce69aeabd4d7a539bb879262f12eb,26/06/2023 04:27:07,ESCANER
10571,"Quetzaltenango",9,"Quetzaltenango",1,1397,400,5,22,2,7,1,64,5,0,3,2,6,2,4,8,2,2,40,1,6,1,1,4,10,1,17,216,11,3,230,0,230,--,400,170,216,230,230,Algún campo sin dato,1,203bd66cbe03ebacb16b3d78f229067f0fa31a08c19ebb89fdc2f62d834ae2aa,26/06/2023 03:01:11,ESCANER
10572,"Quetzaltenango",9,"Quetzaltenango",1,1397,400,6,27,0,13,0,55,3,0,4,3,9,2,5,2,1,2,30,1,12,2,2,3,8,1,3,194,9,0,203,0,203,--,400,197,194,203,203,Algún campo sin dato,1,0d13aabe309a056edde544e6a70c34062833d21d10e6c2195e5887a55022259d,26/06/2023 02:26:24,MOVIL
10573,"Quetzaltenango",9,"Quetzaltenango",1,1397,400,3,35,2,10,1,44,4,0,3,3,7,3,3,5,4,1,67,0,3,1,0,3,16,3,3,224,2,0,226,0,226,--,400,174,224,226,226,Algún campo sin dato,1,404c666d6b46424d1ab9c878f3bc04e34c57fe519024c69ff39490cd276ae337,26/06/2023 03:08:54,ESCANER
10574,"Quetzaltenango",9,"Quetzaltenango",1,1397,400,10,22,2,11,3,43,7,0,13,1,4,1,3,6,1,2,47,0,5,0,0,0,17,0,4,202,2,0,204,0,204,--,400,196,202,204,204,Algún campo sin dato,1,f2bf0319870fbd445ac2c6d7d0022c918968709fcb031850c0b6055a7a70f881,26/06/2023 03:11:41,ESCANER
10575,"Quetzaltenango",9,"Quetzaltenango",1,1397,287,5,10,0,6,0,39,6,1,0,4,1,1,1,3,2,0,44,0,4,2,2,0,15,1,2,149,4,0,153,0,153,--,286,133,149,153,153,Algún campo sin dato,1,afb5db73eca3daa4e5630ffb348b4f01ec81287e906cc0750c5edfbc78a31474,26/06/2023 03:21:41,ESCANER
10576,"Quetzaltenango",9,"Quetzaltenango",1,1397,287,0,15,1,8,1,25,4,1,2,2,3,1,3,1,0,2,26,2,12,2,0,0,9,0,0,120,2,0,122,0,122,--,287,165,120,122,122,Algún campo sin dato,1,583dacd6409678c5e326b4c195fd4d138a360c4480b7d67f5b6c9ad5e244fd37,26/06/2023 03:23:15,ESCANER
10577,"Quetzaltenango",9,"Quetzaltenango",1,1398,400,8,26,5,13,3,81,16,0,8,5,5,3,6,9,5,2,37,1,12,2,2,3,9,2,6,269,20,0,289,0,289,--,400,111,269,289,289,Algún campo sin dato,1,725004e28e21836bc6867956691b6e598fb7fdd8d5becbca8690da276f74dfec,26/06/2023 02:35:50,ESCANER
10578,"Quetzaltenango",9,"Quetzaltenango",1,1398,400,8,28,3,20,0,64,7,0,7,4,14,2,7,13,7,5,37,0,12,1,1,4,22,6,6,278,9,0,287,0,287,--,400,113,278,287,287,Algún campo sin dato,1,58dbe7939e334d592b5e0000458382cbad4a6c797c2fc9d0da158d3ffe16e28e,26/06/2023 01:40:09,ESCANER
10579,"Quetzaltenango",9,"Quetzaltenango",1,1398,400,6,22,2,16,1,76,5,0,11,5,10,3,4,18,8,0,39,5,7,4,2,5,12,1,9,271,21,7,299,101,400,--,400,101,271,299,400,Algún campo sin dato,1,1bc10fad0b1cdd40c93061c9f1ea13afa1216b4c09cc740458890855b1f353da,26/06/2023 02:53:25,ESCANER
10580,"Quetzaltenango",9,"Quetzaltenango",1,1398,400,8,17,3,17,1,74,12,0,9,3,18,3,3,15,5,4,33,0,11,2,1,1,16,2,5,262,13,2,277,0,277,--,--,--,263,278,278,Sumas Asentadas sin cuadrar,1,4538c9a89cc7d6c8e50acd5b291ca100445a9f5adcb01f6ba3b0a43d52169fbb,26/06/2023 02:59:25,ESCANER
10581,"Quetzaltenango",9,"Quetzaltenango",1,1398,400,5,26,6,18,0,60,11,0,6,2,10,2,3,11,5,3,58,2,14,1,2,4,16,6,7,278,17,0,295,0,295,--,400,105,278,295,295,Algún campo sin dato,1,20b60bd3c3365242b9bb5700bd672e15fa9e8c9659c6220b637e6bca31af3349,26/06/2023 03:20:26,ESCANER
10582,"Quetzaltenango",9,"Quetzaltenango",1,1398,400,9,22,6,13,1,65,5,0,8,2,6,3,0,12,0,0,64,2,10,5,2,4,12,1,5,257,11,0,268,0,268,--,400,132,257,268,268,Algún campo sin dato,1,f46af79fadeb4f364007d73ee58b477c05617d2def15baa89971c95d6a8eb06f,26/06/2023 01:57:02,ESCANER
10583,"Quetzaltenango",9,"Quetzaltenango",1,1398,400,6,20,4,18,2,72,6,0,13,1,5,3,7,9,3,1,50,3,9,5,4,3,11,5,7,267,15,1,283,0,283,--,400,117,267,283,283,Algún campo sin dato,1,913260024d0ed1a46d7ff5fa9f7bc73db38c2752d09dc306e26b097bc28f6787,26/06/2023 02:20:02,ESCANER
10584,"Quetzaltenango",9,"Quetzaltenango",1,1398,400,11,26,4,8,3,65,11,0,6,5,8,3,5,10,2,4,46,6,9,4,3,0,14,2,5,260,15,1,276,0,276,--,400,124,260,276,276,Algún campo sin dato,1,46ccd1d56924e6ecb34432ff1428b5d1f41c3aa9efac8abd9ffe9e5ce97a5a61,26/06/2023 03:13:14,ESCANER
10585,"Quetzaltenango",9,"Quetzaltenango",1,1398,400,6,28,3,22,2,69,9,2,8,3,10,6,5,12,4,1,32,2,11,2,1,2,15,5,7,267,20,4,291,0,291,--,400,109,267,291,291,Algún campo sin dato,1,db7553f36a27832ac4029dbfb5bb5d1a5839c811a8bc5a3458876e6f0ceee0f1,26/06/2023 03:08:49,ESCANER
10586,"Quetzaltenango",9,"Quetzaltenango",1,1399,400,5,27,2,19,0,64,10,1,6,4,19,1,3,15,3,3,43,0,13,3,2,2,10,1,10,280,11,3,280,0,280,--,400,240,266,280,280,Sumas Asentadas sin cuadrar,1,7fd76e388b28099e831cef8fa757ccba26dd83ae280dadbdc050d9c0459f4a98,26/06/2023 01:53:33,ESCANER
10587,"Quetzaltenango",9,"Quetzaltenango",1,1399,400,4,19,7,23,3,79,6,0,7,8,10,5,5,12,3,0,53,1,10,1,0,4,8,2,1,71,9,0,280,0,280,--,400,120,271,280,280,Sumas Asentadas sin cuadrar,1,a0c6d82cf8f0d5dc2e4302af484ee9a1f6400f62523aca4c64956ab7061799b7,26/06/2023 05:14:56,ESCANER
10588,"Quetzaltenango",9,"Quetzaltenango",1,1399,400,6,30,3,4,0,74,7,0,4,4,11,1,5,9,7,2,41,3,14,4,3,8,8,3,5,256,13,1,270,0,270,--,400,130,256,270,270,Algún campo sin dato,1,7c76bbfea64d1fab887c7906caa94e2ff56738658a0e0c9eeb61f2fce4ee9f86,26/06/2023 02:35:46,ESCANER
10589,"Quetzaltenango",9,"Quetzaltenango",1,1399,400,11,20,1,8,3,65,3,0,4,5,7,4,3,11,4,0,72,3,4,3,3,2,14,3,5,258,6,0,264,0,264,--,400,136,258,264,264,Algún campo sin dato,1,b8724a59c9ab8ee0460194abdd2e2d7f9c30d1a9134763e372b7cc0ddf6fa700,26/06/2023 01:11:58,ESCANER
10590,"Quetzaltenango",9,"Quetzaltenango",1,1400,400,5,23,2,11,2,52,6,0,4,1,4,0,3,8,2,1,80,1,9,3,2,4,26,3,7,259,4,1,264,0,264,--,400,136,259,264,264,Algún campo sin dato,1,b88cd697e7e727ab05d8f7ebb8995ed085131b5412a87d842d4275a400ceff88,26/06/2023 03:15:31,ESCANER
10591,"Quetzaltenango",9,"Quetzaltenango",1,1400,400,6,19,4,13,3,48,5,0,3,1,13,6,0,7,2,0,73,0,4,1,3,4,38,3,5,261,5,2,268,0,268,--,400,132,261,268,268,Algún campo sin dato,1,37d75d5048e5d5f20bb5db57d3bde41b339ee90bde0622201ea3cd5323de7e38,26/06/2023 03:26:32,ESCANER
10592,"Quetzaltenango",9,"Quetzaltenango",1,1400,295,4,7,4,11,3,38,2,0,3,0,5,0,3,9,1,0,73,1,9,2,3,3,19,1,9,210,2,0,212,0,212,--,295,83,210,212,212,Algún campo sin dato,1,53fb6d80a23ebb9914dd5aaa36249a5301e82582949cc1bc4f99788f8b6b5e5c,26/06/2023 03:35:05,ESCANER
10593,"Quetzaltenango",9,"Quetzaltenango",1,1400,294,4,11,2,9,0,42,4,0,5,1,7,4,3,7,1,4,46,2,4,1,0,2,17,3,5,184,1,1,186,0,186,--,294,108,184,186,186,Algún campo sin dato,1,08113857d4e1bbe032ce179efd7a449d5df158449ce47265c733d9522341d817,26/06/2023 03:54:51,ESCANER
10594,"Quetzaltenango",9,"Quetzaltenango",1,1401,400,6,19,3,13,0,61,9,1,2,6,5,2,8,17,6,2,24,4,11,0,2,5,16,3,3,228,12,2,242,0,242,--,400,158,228,242,242,Algún campo sin dato,1,1bddee5be1c8f915b094c47e7b8c9b5357ed4eb9a0ac487c4b5954571183248d,26/06/2023 04:04:49,ESCANER
10595,"Quetzaltenango",9,"Quetzaltenango",1,1401,400,8,23,2,9,2,71,6,0,4,5,17,5,6,9,4,4,43,3,20,4,0,2,19,1,4,271,17,2,290,0,290,--,400,110,271,290,290,Algún campo sin dato,1,d09f09bb4ce29d98aa7363f5b575d9670963a0f84a0b2da601a82867e3eca0a5,26/06/2023 04:07:46,ESCANER
10596,"Quetzaltenango",9,"Quetzaltenango",1,1401,400,6,21,2,10,0,76,2,0,4,10,9,1,12,18,4,1,22,5,13,1,0,3,11,2,5,238,17,0,255,0,255,--,400,145,238,255,255,Algún campo sin dato,1,b251d8e668a954893135059eaafb6817beb1dac7001b80e98094a2f5f70ffe9f,26/06/2023 04:12:30,ESCANER
10597,"Quetzaltenango",9,"Quetzaltenango",1,1401,400,5,25,7,8,2,79,6,0,6,4,15,6,3,12,6,3,28,2,9,5,0,4,14,0,2,270,23,5,280,0,280,--,400,120,251,279,279,Sumas Asentadas sin cuadrar,1,51fe6fde5a900512a5cbebb680b03b79f4191e44828e3f19926fcce5a4adc87d,26/06/2023 04:14:19,ESCANER
10598,"Quetzaltenango",9,"Quetzaltenango",1,1401,400,3,25,2,7,0,57,4,2,5,3,9,5,4,14,5,1,41,2,16,3,2,6,12,1,3,232,19,5,256,0,256,--,403,147,232,256,256,Algún campo sin dato,1,cfc6ba0fe3d14d3d3d935faa66d6d7a0be4ff45897940789037413f799f9e67e,26/06/2023 04:16:16,ESCANER
10599,"Quetzaltenango",9,"Quetzaltenango",1,1401,400,8,24,5,10,2,50,9,0,7,4,15,0,8,18,3,1,33,1,18,3,3,3,13,1,5,244,13,5,262,0,262,--,400,138,244,262,262,Algún campo sin dato,1,6a646383059b697daa2edf95f69fd32be4f337ee4c2472983bb25ea8a608d16b,26/06/2023 04:19:52,ESCANER
10600,"Quetzaltenango",9,"Quetzaltenango",1,1401,400,7,25,4,8,3,74,6,0,0,3,13,5,8,10,0,1,34,3,12,7,3,5,12,5,6,254,13,1,268,0,268,--,400,132,254,268,268,Algún campo sin dato,1,e2e01953b5f9df1355f74f3ec65a6bb5552eaf644b8549f1a93f6704e7003cec,26/06/2023 05:49:53,ESCANER
10601,"Quetzaltenango",9,"Quetzaltenango",1,1401,400,7,22,4,11,1,60,6,1,3,2,11,2,4,10,2,4,47,1,10,3,0,3,12,3,4,235,11,0,246,0,400,--,400,151,233,244,244,Sumas Asentadas sin cuadrar,1,6dad1c1ec9f1b714c5e0b06a7339f28f6f4e48ed1ebaca70b0c683aea8082728,26/06/2023 04:25:04,ESCANER
10602,"Quetzaltenango",9,"Quetzaltenango",1,1402,400,7,26,4,7,3,59,3,0,1,3,12,1,7,14,4,0,42,2,12,2,0,7,11,2,8,237,16,2,255,0,255,--,400,145,237,255,255,Algún campo sin dato,1,e359e979781ac7cfc67408b0cbf5b6bfd85932457e82bddb5e6ec59159f8143a,26/06/2023 03:50:34,ESCANER
10603,"Quetzaltenango",9,"Quetzaltenango",1,1402,400,5,28,4,11,0,74,1,0,6,5,9,2,6,16,3,1,42,2,10,1,0,2,11,5,6,250,11,2,263,0,263,--,400,137,250,263,263,Algún campo sin dato,1,3f8eb036ad48a55320d0b8d6ce3033a6445bf2a6e9841ed921de0ee6eee63fd3,26/06/2023 03:54:32,ESCANER
10604,"Quetzaltenango",9,"Quetzaltenango",1,1402,400,3,31,0,16,1,54,6,0,4,7,12,5,7,15,3,1,39,4,7,7,7,4,8,1,8,251,16,3,270,--,400,--,--,--,250,269,269,Sumas Asentadas sin cuadrar,1,603d8f15551aa96107ba0b5e717d305624728d5f15158a7e9c7565cf3f5fd3e4,26/06/2023 04:01:28,ESCANER
10605,"Quetzaltenango",9,"Quetzaltenango",1,1402,400,4,25,0,5,0,67,6,1,10,5,11,4,7,6,3,3,43,1,13,3,3,3,13,1,3,240,14,6,260,0,260,--,400,140,240,260,260,Algún campo sin dato,1,b26ea9eba735623500472ce41fe4fb9881514d27bd32c1935bb88e8d3f1a8ae5,26/06/2023 04:06:40,ESCANER
10606,"Quetzaltenango",9,"Quetzaltenango",1,1402,400,6,22,4,7,2,56,4,0,6,1,22,6,5,17,3,1,58,4,12,3,1,4,7,2,6,259,13,3,275,0,275,--,400,125,259,275,275,Algún campo sin dato,1,e203a210305475889a68b7e16251a0d280cad8838958dc3836481be0b3046418,26/06/2023 04:11:50,ESCANER
10607,"Quetzaltenango",9,"Quetzaltenango",1,1402,400,5,20,1,9,0,50,5,0,2,1,15,4,7,15,6,1,57,3,15,1,6,3,12,2,2,242,17,4,263,0,263,--,397,134,242,263,263,Algún campo sin dato,1,ee6fd48a7d50a65fa02bdbc8c7511fe6dbf026f420b782dfc453155685a8b105,26/06/2023 04:15:38,ESCANER
10608,"Quetzaltenango",9,"Quetzaltenango",1,1402,400,5,25,2,11,0,70,5,0,1,2,20,0,7,27,6,2,46,2,10,2,3,8,10,2,4,270,13,3,286,0,286,--,400,114,270,286,286,Algún campo sin dato,1,8e9d7f46040b79b7487189f825ed73ca1dc350e4167131d0216dcda429c3f6ee,26/06/2023 04:19:47,ESCANER
10609,"Quetzaltenango",9,"Quetzaltenango",1,1402,400,3,25,2,7,0,62,2,1,5,5,13,7,2,13,7,2,40,1,9,3,2,5,6,4,7,233,15,1,249,0,249,--,400,151,233,249,249,Algún campo sin dato,1,bba2d8f308135701893730ea5bddf47efdf5f6c94fb3164a0bbd991b82cbf081,26/06/2023 04:22:35,ESCANER
10610,"Quetzaltenango",9,"Quetzaltenango",1,1402,400,2,16,5,11,2,71,2,1,4,6,4,4,6,12,1,2,30,2,8,3,1,3,3,3,3,205,9,5,219,0,219,--,400,181,205,219,219,Algún campo sin dato,1,4087bdd7fc43202c6a19e72fe7a02a3c3b300ba4d4d1e95c90b72293e7f5e18d,26/06/2023 04:28:38,ESCANER
10611,"Quetzaltenango",9,"Quetzaltenango",1,1403,400,5,30,3,11,0,49,0,0,7,5,10,2,5,12,4,0,56,1,8,2,1,3,15,4,4,237,7,1,245,0,245,--,400,155,237,245,245,Algún campo sin dato,1,9b943c4385f6be108c776a0394c10ea0c0698db6fdc041d3bfd4d63c3b93128e,26/06/2023 02:56:35,ESCANER
10612,"Quetzaltenango",9,"Quetzaltenango",1,1403,400,8,25,1,10,0,33,3,2,4,2,13,2,1,12,2,1,58,2,10,2,1,2,22,2,5,223,14,1,238,0,238,--,400,162,223,238,238,Algún campo sin dato,1,efd0727502e1d5cb3de1f447d0e058bff1b5a60fd37a845d8ba622fa3059dd8a,26/06/2023 03:07:11,ESCANER
10613,"Quetzaltenango",9,"Quetzaltenango",1,1403,400,6,13,2,8,0,56,2,0,4,3,11,1,4,9,1,5,70,1,8,4,1,2,20,1,5,237,9,0,246,0,246,--,400,154,237,246,246,Algún campo sin dato,1,b542567bf397c13acc854f336fa3ca5cb20ad91faa03789e0835d66e7c57adee,26/06/2023 03:16:56,ESCANER
10614,"Quetzaltenango",9,"Quetzaltenango",1,1403,400,4,21,3,10,1,47,9,1,2,2,7,3,4,7,0,2,55,3,10,1,2,1,25,1,5,226,9,0,235,0,235,--,399,165,226,235,235,Algún campo sin dato,1,d8656f8f85424ba25cac0c25a38c254b2824b1539901a2eabaef0a29b9d814f3,26/06/2023 03:23:43,ESCANER
10615,"Quetzaltenango",9,"Quetzaltenango",1,1403,278,3,16,0,2,2,26,4,0,0,34,6,6,1,4,1,3,35,1,8,1,1,2,15,1,2,144,4,0,148,0,148,--,278,130,174,178,178,Sumas Asentadas sin cuadrar,1,dfc37a784b4df4b8213d180f07c67bd1898b5485f575e72e053ec5051b773b62,26/06/2023 04:57:20,ESCANER
10616,"Quetzaltenango",9,"Quetzaltenango",1,1403,278,4,11,3,6,0,29,1,0,2,5,6,3,4,6,1,1,38,0,2,3,2,0,12,1,2,142,5,0,147,0,147,--,278,131,142,147,147,Algún campo sin dato,1,d2af7b3580d4fa925fcfe0f076a8b803bcfcbdc7219611176863a8303a350718,26/06/2023 03:37:57,ESCANER
10617,"Quetzaltenango",9,"Quetzaltenango",1,1404,400,2,21,5,11,2,91,6,1,8,2,16,3,5,6,1,1,64,3,27,3,1,5,8,1,5,298,13,1,312,0,312,--,400,88,298,312,312,Algún campo sin dato,1,f9b16c08526a88e7ad4a723e95d7afc09a3fe07785f747479d2b11f96c9bdc07,26/06/2023 04:06:29,ESCANER
10618,"Quetzaltenango",9,"Quetzaltenango",1,1404,400,5,25,4,12,1,63,5,0,5,4,18,4,2,8,5,2,63,6,10,3,4,3,11,4,4,271,10,1,282,0,282,--,400,118,271,282,282,Algún campo sin dato,1,580cabed68798fffda3f4f8c92df50e4528818cc251faa496b8da7e0b3e9ebc2,26/06/2023 04:16:18,ESCANER
10619,"Quetzaltenango",9,"Quetzaltenango",1,1404,221,1,8,3,6,1,42,2,0,5,2,11,2,2,2,1,1,40,2,5,0,1,1,3,2,3,146,10,0,156,0,156,--,221,65,146,156,156,Algún campo sin dato,1,46c01f7e0005d5a2589e6ea5add9662db7f3ef8e5e29baf96a680bfdc2c3f7af,26/06/2023 04:14:53,ESCANER
10620,"Quetzaltenango",9,"Quetzaltenango",1,1404,221,5,15,1,7,0,32,3,0,2,1,7,1,3,1,1,0,44,2,6,2,0,2,8,2,5,150,5,1,156,0,156,--,218,62,150,156,156,Algún campo sin dato,1,06996f7dab84b805af00e0f3b377dd7301db907f4f03bcf427188a40658dc88d,26/06/2023 04:22:14,ESCANER
10621,"Quetzaltenango",9,"Quetzaltenango",1,1405,400,2,22,3,8,2,99,6,2,5,9,8,4,8,7,9,3,18,1,4,5,7,3,11,3,9,258,13,8,279,0,279,--,400,121,258,279,279,Algún campo sin dato,1,3ecb8e6d9bf8be890207939f0f2a543a0891959953fe0c71be3330a90c927a02,26/06/2023 03:29:11,ESCANER
10622,"Quetzaltenango",9,"Quetzaltenango",1,1405,400,4,31,6,8,0,64,5,0,8,3,11,3,7,11,1,3,15,3,7,6,4,6,8,9,8,231,19,7,257,0,257,1,397,140,231,257,257,,1,98beaaa2c3f64b8930d925f0d011605dad987059783f7ffdecaafcdc68be6452,26/06/2023 03:40:23,ESCANER
10623,"Quetzaltenango",9,"Quetzaltenango",1,1405,400,4,29,4,12,1,69,4,1,6,5,7,5,7,13,14,1,24,1,5,2,4,3,9,1,7,238,10,4,252,0,252,--,400,148,238,252,252,Algún campo sin dato,1,22e6f57bfd8649315c31fca24e32d4823381d8c4c0b97c848a8dd08611231e4f,26/06/2023 03:41:25,ESCANER
10624,"Quetzaltenango",9,"Quetzaltenango",1,1405,400,2,17,9,14,1,80,6,0,5,5,14,5,4,13,4,2,18,2,3,3,5,3,16,1,2,234,18,3,255,0,255,0,397,142,234,255,255,,1,9d73f6b03825df1e4db727b065a78dd3b42fdb99c32b19e688a80cd77a5078b9,26/06/2023 05:27:22,ESCANER
10625,"Quetzaltenango",9,"Quetzaltenango",1,1405,400,5,20,3,9,1,81,5,--,3,6,13,4,9,18,6,3,13,1,7,1,4,7,18,2,8,247,18,0,265,0,265,--,400,135,247,265,265,Algún campo sin dato,1,ec57d21807a1c79e53dcdf515f39d39db83a01f1bce5a8cbf3a81089a55a2b47,26/06/2023 03:54:17,ESCANER
10626,"Quetzaltenango",9,"Quetzaltenango",1,1405,400,4,24,4,6,0,81,3,0,10,6,13,3,7,8,5,1,32,2,5,7,3,3,8,1,7,243,11,1,255,0,255,--,400,145,243,255,255,Algún campo sin dato,1,1a11827bf18cfba38bdbf6618d6583cc1a944c49105a2f7a2cc0e2b38aa3d7fd,26/06/2023 04:01:19,ESCANER
10627,"Quetzaltenango",9,"Quetzaltenango",1,1405,400,4,24,5,6,2,87,3,0,3,2,4,2,6,8,7,1,36,1,3,4,4,3,15,1,6,237,5,2,244,0,244,--,400,156,237,244,244,Algún campo sin dato,1,959ff5201e0086fa5d5ee8c4afcc64d29fc4376a2749d0193a952d8a9e5f673f,26/06/2023 04:08:06,ESCANER
10628,"Quetzaltenango",9,"Quetzaltenango",1,1405,400,3,20,7,9,0,86,4,0,7,2,8,2,4,9,3,6,25,2,4,6,4,3,11,0,9,234,12,0,246,0,--,--,400,154,234,246,246,Algún campo sin dato,1,dd6aceea55e8ca12c063bdf8453434d501e3547fd704173dac721f3e91413e3a,26/06/2023 05:45:56,ESCANER
10629,"Quetzaltenango",9,"Quetzaltenango",1,1405,400,5,21,4,7,2,83,8,0,7,1,7,7,8,7,4,1,36,2,8,9,6,4,5,1,11,254,15,0,269,0,269,--,400,131,254,269,269,Algún campo sin dato,1,daf49e4d42efd8a12b37bbe1eed7760f45025d826bd78bf3cc309dd2343966a5,26/06/2023 04:12:24,ESCANER
10630,"Quetzaltenango",9,"Quetzaltenango",1,1405,400,7,18,6,12,3,72,9,1,3,5,9,5,10,20,8,3,22,1,6,4,5,8,8,2,2,249,9,2,260,0,260,--,400,140,249,260,260,Algún campo sin dato,1,d713a289dde2511d4e20899a21300115432a4b76b2f995b400a431603fd45026,26/06/2023 04:14:50,ESCANER
10631,"Quetzaltenango",9,"Quetzaltenango",1,1406,400,2,24,6,6,2,77,5,0,9,3,11,4,5,13,6,4,35,1,8,5,6,3,10,1,4,250,8,0,258,0,258,--,400,142,250,258,258,Algún campo sin dato,1,cac7cce583f0ca1dbc5d047261eff04e788df8deeed2aa75dec8daf0609ed4f1,26/06/2023 03:38:29,ESCANER
10632,"Quetzaltenango",9,"Quetzaltenango",1,1406,400,3,21,10,4,1,3,3,--,3,3,6,5,5,10,6,--,21,1,5,2,6,1,7,1,2,209,14,4,--,--,--,--,401,174,129,147,147,Sumas Asentadas sin cuadrar,1,de035ffcd8ba5064c4b23dfce4266fdffb9722ab981be030f38f1fd628c20501,26/06/2023 03:53:19,ESCANER
10633,"Quetzaltenango",9,"Quetzaltenango",1,1406,400,1,15,3,5,0,64,4,0,5,3,4,11,5,17,13,0,18,2,5,5,6,2,8,3,8,207,9,3,219,0,219,--,399,180,207,219,219,Algún campo sin dato,1,77df91b1e64e24568430f6a3b595e5439040165d08515e04a6955de9df1bf080,26/06/2023 03:56:55,ESCANER
10634,"Quetzaltenango",9,"Quetzaltenango",1,1406,400,4,25,3,6,1,67,1,1,5,5,7,2,4,15,8,3,29,4,8,2,3,3,5,3,3,217,13,1,14,0,231,--,400,169,217,231,231,Sumas Asentadas sin cuadrar,1,37808859f9d1b3c372844a97fadbec34c738908460c4cd211a3c5eb56d587942,26/06/2023 04:12:50,ESCANER
10635,"Quetzaltenango",9,"Quetzaltenango",1,1406,400,3,23,7,3,0,64,8,0,7,0,1,4,6,2,8,2,32,0,7,7,7,2,12,5,6,216,8,2,226,0,226,--,400,174,216,226,226,Algún campo sin dato,1,5662cf93375c6920d619392c582a7b4f6e0a93542af71c3ea8e61a17abf10d72,26/06/2023 04:19:07,ESCANER
10636,"Quetzaltenango",9,"Quetzaltenango",1,1407,400,2,13,2,2,2,67,5,0,5,1,7,9,7,5,4,2,48,0,4,5,2,1,18,1,8,220,5,0,225,0,225,1,400,175,220,225,225,,1,b58eba754876fe38d22ec203ebe701e3c5b57df5f0339249c4e3efa4dbda52dd,26/06/2023 04:10:51,ESCANER
10637,"Quetzaltenango",9,"Quetzaltenango",1,1407,400,3,19,0,3,0,49,2,0,4,1,2,4,4,7,4,1,39,2,7,4,2,1,18,2,8,186,5,2,193,0,193,--,400,207,186,193,193,Algún campo sin dato,1,adc9da425fb853923006297064b8d42a23d16b811bd8965a4394beb4c5d9a8e0,26/06/2023 03:07:05,ESCANER
10638,"Quetzaltenango",9,"Quetzaltenango",1,1407,400,1,20,4,5,0,55,3,0,3,4,2,10,6,6,2,5,47,1,0,5,4,0,20,1,8,210,4,0,214,1,215,--,400,185,212,216,217,Sumas Asentadas sin cuadrar,1,04864f467ad171a42be340ebc4d9a71a8e2263a4a6e57b59169692c099c9924a,26/06/2023 03:19:36,ESCANER
10639,"Quetzaltenango",9,"Quetzaltenango",1,1407,201,2,8,2,4,1,34,7,0,0,1,1,2,3,5,1,1,11,0,3,2,3,0,8,2,1,102,6,0,108,0,108,--,201,93,102,108,108,Algún campo sin dato,1,45eff0e93ce645bb45a8d939ce982e821dc2b6108ac86199c8973dfdb73b66b9,26/06/2023 03:26:44,ESCANER
10640,"Quetzaltenango",9,"Quetzaltenango",1,1407,200,2,6,1,5,0,21,1,0,4,3,5,2,1,6,3,0,11,0,2,1,2,0,7,1,1,88,3,0,88,0,88,--,200,112,85,88,88,Sumas Asentadas sin cuadrar,1,fcef5b5dd595f33946eef6e9471f31033b2bfc5186a4d312f78f35b16dc83df8,26/06/2023 03:32:53,ESCANER
10641,"Quetzaltenango",9,"Quetzaltenango",1,1408,400,5,20,7,7,2,67,2,1,5,1,9,4,6,11,1,2,26,4,9,2,0,7,11,3,1,213,19,3,235,0,235,--,400,165,213,235,235,Algún campo sin dato,1,1227692f1a7ec1e898f0e88cf7f3c7fec413282470da253a71f9c69f071e9c22,26/06/2023 00:30:38,ESCANER
10642,"Quetzaltenango",9,"Quetzaltenango",1,1408,400,5,23,6,13,5,47,4,1,2,3,5,1,7,9,2,4,22,2,10,1,2,5,10,2,5,196,13,2,211,0,211,--,400,189,196,211,211,Algún campo sin dato,1,f6eca86e38e97990c640b9c79a0b5b76964914874ecf53012f8384ce7dc1d21c,26/06/2023 01:22:05,ESCANER
10643,"Quetzaltenango",9,"Quetzaltenango",1,1408,400,3,28,5,16,1,53,6,0,7,4,10,1,8,13,1,1,24,5,8,1,2,3,7,0,6,229,12,4,229,0,229,--,400,171,213,229,229,Sumas Asentadas sin cuadrar,1,b05b5b6c69ace805594ed42967498d7ec448262150a015be6f9f8bb03d32ac38,26/06/2023 01:34:58,ESCANER
10644,"Quetzaltenango",9,"Quetzaltenango",1,1408,344,3,20,2,14,1,39,4,0,4,9,5,4,6,13,2,2,26,3,16,5,1,1,9,1,3,193,8,1,202,0,202,--,344,142,193,202,202,Algún campo sin dato,1,df84efb9e5ef97d48959eca73baf3583e003556ea28508c3723b319d6087a454,26/06/2023 01:52:20,ESCANER
10645,"Quetzaltenango",9,"Quetzaltenango",1,1408,343,4,27,4,5,0,29,6,0,5,2,4,4,3,4,0,3,26,1,4,2,0,1,28,1,1,163,3,1,168,0,168,--,343,175,164,168,168,Sumas Asentadas sin cuadrar,1,91796e0dee66729c8f0f2377ce9f25c1524c9c094bf1a96f473ffae19454f0df,26/06/2023 00:39:16,ESCANER
10646,"Quetzaltenango",9,"Quetzaltenango",1,1409,334,9,22,3,8,--,68,11,--,5,1,21,2,5,2,5,2,37,1,15,3,2,1,14,2,2,241,13,3,257,--,257,--,331,74,241,257,257,Algún campo sin dato,1,fc4ace42904f7fb0c25c69d9a00187da6793ae7c24db286075dfc27501b80c87,26/06/2023 04:21:54,ESCANER
10647,"Quetzaltenango",9,"Quetzaltenango",1,1409,334,5,18,4,6,0,58,11,0,8,3,6,3,8,4,5,3,40,0,4,2,1,2,11,4,4,210,15,0,225,0,225,--,334,109,210,225,225,Algún campo sin dato,1,6337ed26f1e4b9e631d4d5c85f4743629f2e5d1455322b0e22bbd107e757e2a6,26/06/2023 03:22:24,ESCANER
10648,"Quetzaltenango",9,"Quetzaltenango",1,1410,400,2,16,4,6,2,65,2,0,5,5,12,3,37,6,2,1,26,1,12,4,3,1,12,2,4,233,20,2,255,0,255,--,0,0,233,255,255,Algún campo sin dato,1,1fc650a10b796df1b716a412409de2bfde4e503b556be0f5e51f1a93ca850918,26/06/2023 03:21:39,ESCANER
10649,"Quetzaltenango",9,"Quetzaltenango",1,1410,400,4,22,4,8,1,51,5,1,5,2,9,4,23,6,4,1,38,1,6,9,3,4,13,4,1,225,22,3,254,0,254,--,400,146,229,254,254,Sumas Asentadas sin cuadrar,1,582e33fe2058cd9d29d52e88487ba0510abc32e558d34b7892e4b3a553cdfa59,26/06/2023 03:28:50,ESCANER
10650,"Quetzaltenango",9,"Quetzaltenango",1,1410,400,2,25,3,3,2,64,4,0,4,2,12,4,30,9,4,1,30,5,14,2,4,8,5,2,4,243,11,1,255,0,255,--,400,145,243,255,255,Algún campo sin dato,1,68f803192518e62d40c5fdbcc63c60040fc7cdee3c8854f26d322da22ae5cc79,26/06/2023 03:38:41,ESCANER
10651,"Quetzaltenango",9,"Quetzaltenango",1,1410,400,6,24,5,11,1,60,5,--,4,3,9,10,17,6,3,1,37,4,10,12,1,1,2,5,4,241,16,--,257,0,257,--,397,143,241,257,257,Algún campo sin dato,1,8832f94c9d5cc3dc25b4e9644954608d4051e95e3d67d6c9f8f8ce213ab086f9,26/06/2023 03:38:00,ESCANER
10652,"Quetzaltenango",9,"Quetzaltenango",1,1410,400,3,24,3,10,0,67,5,0,3,1,8,--,5,5,3,0,37,8,12,11,2,2,10,1,2,248,6,1,256,0,256,--,400,144,222,229,229,Sumas Asentadas sin cuadrar,1,7035c6b6728273ba03adc79230992a260da55ac1d98eb07899898f1918e784bf,26/06/2023 03:55:37,ESCANER
10653,"Quetzaltenango",9,"Quetzaltenango",1,1411,400,13,15,3,11,1,57,3,1,3,6,11,3,18,7,0,5,41,2,15,9,7,5,7,1,5,249,11,1,261,0,261,--,400,139,249,261,261,Algún campo sin dato,1,8000c7705ae6af6636d62dc7ef8af4c683af5d6d413db2cb69eead8e82c32536,26/06/2023 02:56:31,ESCANER
10654,"Quetzaltenango",9,"Quetzaltenango",1,1411,400,6,20,5,11,0,56,0,1,1,2,5,5,12,8,2,1,33,4,9,8,3,4,7,2,3,208,10,5,223,0,223,--,400,177,208,223,223,Algún campo sin dato,1,45720e44e1ed22876fc3d9f459101b3ce337f011923b6ed51a768daa869531e6,26/06/2023 02:15:38,ESCANER
10655,"Quetzaltenango",9,"Quetzaltenango",1,1411,353,3,16,1,4,1,34,5,0,2,4,3,4,17,0,1,1,42,1,12,7,1,0,5,1,7,172,3,0,175,0,175,--,353,178,172,175,175,Algún campo sin dato,1,debccb1d60e46410ba32960567004ae85f9ba238c634f8a8055aa665876f480e,26/06/2023 02:41:26,ESCANER
10656,"Quetzaltenango",9,"Quetzaltenango",1,1411,353,1,14,1,3,1,28,0,0,2,3,1,3,11,1,0,0,50,0,6,4,0,2,7,2,3,143,6,0,149,0,149,--,353,204,143,149,149,Algún campo sin dato,1,3498d92a605b92f490a196b843fc8dc1df9e99677349061f8199ef72965aafea,26/06/2023 02:26:01,ESCANER
10657,"Quetzaltenango",9,"Quetzaltenango",1,1412,380,1,19,2,4,2,8,3,0,2,0,1,1,6,24,0,0,2,0,7,1,0,3,3,0,6,95,46,12,153,0,153,0,380,227,95,153,153,,1,4667c662bec83e799093ac4533225f6ef9eb2cc8710cd2826d2edd98df75c52b,26/06/2023 01:33:13,ESCANER
10658,"Quetzaltenango",9,"Quetzaltenango",1,1412,380,0,18,3,5,1,19,2,0,0,4,4,3,1,31,0,1,4,4,5,1,0,2,7,1,4,120,19,7,146,0,146,--,380,234,120,146,146,Algún campo sin dato,1,fbe88d6c72820a4a7b929ce07533fd4d04b0d6a5f993820cd1e7ec187b6d3ffb,26/06/2023 02:48:23,ESCANER
10659,"Quetzaltenango",9,"Quetzaltenango",1,1412,380,2,25,1,2,0,13,3,0,2,2,2,5,6,34,2,3,4,4,6,0,0,7,4,1,1,129,29,5,163,0,163,--,380,217,129,163,163,Algún campo sin dato,1,49be4caf7cab3556abe2193401bd0f774c32ea0ae11977091689e74f21182504,26/06/2023 00:48:43,ESCANER
10660,"Quetzaltenango",9,"Quetzaltenango",1,1412,380,2,23,3,4,1,12,1,2,1,2,2,1,8,41,0,2,3,1,8,0,2,5,9,0,3,136,21,12,169,0,169,--,--,--,136,169,169,Algún campo sin dato,1,8a4edb2ff31a9332968647949930c94faa581df81796283029d04a443d7fefa5,26/06/2023 02:48:39,ESCANER
10661,"Quetzaltenango",9,"Quetzaltenango",1,1412,380,2,31,1,3,1,7,1,0,1,3,1,2,3,37,1,2,6,3,7,0,0,5,7,1,4,129,23,5,157,0,157,--,380,223,129,157,157,Algún campo sin dato,1,fe50bfa17de5a3ea78347a3f20e975ac75106e6934ff694e8e0d753d774c7ab0,26/06/2023 02:19:19,ESCANER
10662,"Quetzaltenango",9,"Quetzaltenango",1,1412,380,2,30,3,3,0,15,1,0,0,3,1,2,2,25,0,1,4,1,3,0,1,3,4,0,5,109,13,11,133,0,133,--,380,247,109,133,133,Algún campo sin dato,1,a70ac69a8bce85495d4c4b521ddb14ec09fe90aaaf63031c56131b916a00ee93,25/06/2023 22:57:31,ESCANER
10663,"Quetzaltenango",9,"Quetzaltenango",1,1412,380,1,30,0,3,0,14,1,1,2,2,1,2,3,19,1,0,4,4,6,2,0,5,4,0,5,110,11,5,126,0,126,--,380,254,110,126,126,Algún campo sin dato,1,1a31d3caf27be2381aa5423e002d2d90dbe10f2d562c27c3227b9c4762d857c0,26/06/2023 00:51:52,ESCANER
10664,"Quetzaltenango",9,"Quetzaltenango",1,1412,380,0,30,2,0,1,10,2,1,4,5,4,4,1,30,0,2,0,0,2,1,0,2,7,0,1,109,20,5,134,0,134,--,380,246,109,134,134,Algún campo sin dato,1,d31192046fe78fac09afb33e698769ec0adb537891faee8d0ec7cbd0b2574f8c,26/06/2023 01:04:02,ESCANER
10665,"Quetzaltenango",9,"Quetzaltenango",1,1412,380,0,24,0,4,0,6,4,0,0,4,2,0,0,20,0,0,4,2,7,0,1,3,8,0,2,91,9,2,102,0,102,--,380,278,91,102,102,Algún campo sin dato,1,731174876aada007ec935bdb3bcbe7abcd01d312f218bfcfae5a13183b32349d,26/06/2023 02:40:02,ESCANER
10666,"Quetzaltenango",9,"Quetzaltenango",1,1412,380,1,24,2,6,1,3,2,0,0,4,2,4,3,20,2,0,6,2,8,0,0,4,7,1,2,104,13,5,122,0,122,--,0,0,104,122,122,Algún campo sin dato,1,ad856be6695d94adee898cbaf0d66d2167e041e5d528e7d62f7a1b7b16572305,26/06/2023 02:38:16,ESCANER
10667,"Quetzaltenango",9,"Quetzaltenango",1,1412,380,1,27,4,2,0,14,0,0,1,2,0,1,5,17,1,1,10,1,4,1,0,4,3,0,2,101,7,1,109,0,109,--,189,--,101,109,109,Algún campo sin dato,1,17e0d68129cde460c56bb1c8d57f1e7eb0865e3accc7c6f98e1e291710f7c4b8,26/06/2023 05:15:52,ESCANER
10668,"Quetzaltenango",9,"Quetzaltenango",1,1412,260,1,15,0,1,0,6,4,1,2,1,1,3,2,5,0,1,4,1,2,0,0,1,9,0,1,61,1,1,63,0,61,--,260,197,61,63,63,Sumas Asentadas sin cuadrar,1,4bdec6b587a632f708e2eee1eecd881b2ea77c3baeb7cb485d90131a1a6e91e3,26/06/2023 00:41:49,ESCANER
10669,"Quetzaltenango",9,"Quetzaltenango",1,1412,259,3,14,1,1,0,0,6,1,0,0,0,0,0,10,0,0,3,0,3,1,0,5,3,0,2,53,4,1,58,0,58,--,259,201,53,58,58,Algún campo sin dato,1,2189fd55e65996087a333c204816d31b04d8251ae684098de792fbaac8123baa,26/06/2023 00:37:30,ESCANER
10670,"Quetzaltenango",9,"Quetzaltenango",1,1413,380,4,13,9,11,0,98,0,1,5,6,1,2,3,9,0,1,0,3,1,2,0,3,1,0,1,174,14,5,193,0,193,--,193,187,174,193,193,Algún campo sin dato,1,297441521659b75067a41e51a7014cc1cc9c0e385323e44869ede34c5eb8d7f7,26/06/2023 03:58:36,ESCANER
10671,"Quetzaltenango",9,"Quetzaltenango",1,1413,380,4,14,4,17,1,89,1,0,2,4,1,4,0,8,1,2,0,2,2,1,0,3,3,0,0,163,18,10,191,0,191,--,380,189,163,191,191,Algún campo sin dato,1,68653d2e7dfbeae818648ee17cfc355c351a090628d6aa5afa61dfbdfdee6208,26/06/2023 04:04:33,ESCANER
10672,"Quetzaltenango",9,"Quetzaltenango",1,1413,380,1,10,6,12,0,88,2,1,3,3,7,3,6,15,0,2,0,0,1,2,0,2,8,0,3,175,20,9,204,0,204,--,380,176,175,204,204,Algún campo sin dato,1,a0cd7e8e9bd60710b7defbac7f14ca0b59301ba9e9db90111007017da9d0e09b,26/06/2023 04:09:08,ESCANER
10673,"Quetzaltenango",9,"Quetzaltenango",1,1413,380,4,10,9,7,1,79,1,0,1,7,1,3,4,18,2,1,2,3,1,2,1,2,8,2,2,174,13,9,196,1,197,--,380,183,171,193,194,Sumas Asentadas sin cuadrar,1,f9d2eb2f9415a859f399d95ac6d586b2355b3a7bf2af31a86ef75ec1869895a8,26/06/2023 05:46:50,ESCANER
10674,"Quetzaltenango",9,"Quetzaltenango",1,1413,380,1,14,10,15,0,90,2,1,5,5,2,0,1,9,3,2,8,1,6,0,1,5,4,1,1,187,11,3,201,0,201,--,380,179,187,201,201,Algún campo sin dato,1,43135fa00cab984384dc4d2205d2bbaffd5fb70271aa7cfd4f9db15c3a7b9f5d,26/06/2023 04:05:16,ESCANER
10675,"Quetzaltenango",9,"Quetzaltenango",1,1413,380,2,10,3,10,0,98,2,0,7,6,5,4,2,12,2,0,4,3,3,3,1,5,7,2,3,194,12,4,210,0,210,--,380,170,194,210,210,Algún campo sin dato,1,b1ae8ab047791a0c587ca67c5766af4c0025fde7bdccb528f9a60d179648032f,26/06/2023 04:21:13,ESCANER
10676,"Quetzaltenango",9,"Quetzaltenango",1,1413,350,1,9,6,17,0,79,2,0,1,4,1,0,1,13,0,1,3,0,3,1,1,6,5,0,2,156,9,2,167,0,167,--,350,183,156,167,167,Algún campo sin dato,1,2b5f5217a260af71d1828d593f9f21b323ae38372f2bd51a4fdccdc365c12540,26/06/2023 04:26:36,ESCANER
10677,"Quetzaltenango",9,"Quetzaltenango",1,1413,349,2,4,2,7,0,72,3,0,3,4,3,0,0,6,1,1,8,1,1,2,0,0,13,1,0,134,8,0,142,0,142,--,350,208,134,142,142,Algún campo sin dato,1,379731a588f0085bab438a1e06f1e5f877c2d79dc3ab7b539a84390fc5c6e367,26/06/2023 04:33:31,ESCANER
10678,"Quetzaltenango",9,"Quetzaltenango",1,1414,380,2,68,0,16,1,20,4,1,2,6,1,4,4,37,2,1,6,1,1,0,1,1,6,0,6,191,16,3,210,0,210,--,380,170,191,210,210,Algún campo sin dato,1,3ffda56f84069e5b6556bfe9a5f8749db16bf301f4072ef3b13d209f0e53f7d1,26/06/2023 03:22:00,ESCANER
10679,"Quetzaltenango",9,"Quetzaltenango",1,1414,380,0,47,1,13,0,25,1,1,1,2,5,4,5,29,1,1,7,4,2,3,6,5,7,0,4,174,17,6,0,0,197,--,--,--,174,197,197,Algún campo sin dato,1,ef042e37f2973e6e8e0441a625e719321d5c1d1105430e3324b60afce30bbca1,26/06/2023 03:20:19,ESCANER
10680,"Quetzaltenango",9,"Quetzaltenango",1,1414,380,1,54,4,4,0,19,7,2,3,1,3,2,3,28,1,0,5,4,2,0,1,3,9,0,2,158,5,11,174,14,188,--,377,189,158,174,188,Algún campo sin dato,1,ac91ac5a8c6b5fbbae7f147fe94d886d09f5b5c5fdd5fc9e1966adbb8e285ed4,26/06/2023 03:01:15,ESCANER
10681,"Quetzaltenango",9,"Quetzaltenango",1,1414,380,0,47,1,6,0,15,3,0,4,1,2,3,10,26,0,0,3,0,0,0,1,5,3,0,4,137,9,2,148,3,151,--,379,228,134,145,148,Sumas Asentadas sin cuadrar,1,41f662785fff6123b7c4ea0fc509c01e2ff94669e8ea0e0630365c41815c2849,26/06/2023 01:11:51,ESCANER
10682,"Quetzaltenango",9,"Quetzaltenango",1,1414,380,2,64,1,11,1,27,1,1,4,1,3,0,7,21,0,2,4,3,3,0,1,3,6,0,2,170,19,6,195,2,197,--,380,183,168,193,195,Sumas Asentadas sin cuadrar,1,e6be58ad3279dadb37a7dfcb609bdbc3a2db0a27219b7dd1f97d1c86da28edce,26/06/2023 03:16:06,ESCANER
10683,"Quetzaltenango",9,"Quetzaltenango",1,1414,380,0,51,1,9,0,21,2,0,3,3,1,5,2,27,0,1,3,3,2,1,1,2,5,0,4,147,10,1,158,0,158,--,380,222,147,158,158,Algún campo sin dato,1,3b61e56f443e549e5bae690091b31c21de9d92db8f6b818834252eddfb9d5936,26/06/2023 02:51:02,ESCANER
10684,"Quetzaltenango",9,"Quetzaltenango",1,1414,380,5,55,2,10,1,25,2,0,0,2,0,2,0,20,2,0,6,0,1,0,1,3,9,1,2,149,7,1,157,0,157,--,380,223,149,157,157,Algún campo sin dato,1,47c16b56a94e8619a5c60684715c8b389e729333f4945bc1389cb42bd1b8adab,26/06/2023 01:36:00,ESCANER
10685,"Quetzaltenango",9,"Quetzaltenango",1,1414,246,1,26,1,4,1,20,1,0,1,2,1,4,2,8,1,0,8,0,0,0,1,1,4,0,3,90,1,0,91,0,91,--,243,152,90,91,91,Algún campo sin dato,1,78867ad7c86e1f44c6ec48b7ffa10c61dac10c2375c58f26ea32a58718d67fb7,26/06/2023 01:36:10,ESCANER
10686,"Quetzaltenango",9,"Quetzaltenango",1,1414,246,0,25,0,3,0,20,1,1,2,0,1,2,5,7,0,0,11,0,0,0,0,4,8,0,6,96,2,0,98,0,98,--,246,148,96,98,98,Algún campo sin dato,1,df590d112b16dece3db08cb0212783c5e9affc3ee8dc9fe0c1bf05d070c841fd,26/06/2023 02:21:17,ESCANER
10687,"Quetzaltenango",9,"Quetzaltenango",1,1415,600,14,19,9,11,4,62,10,0,7,9,6,3,4,15,7,1,22,1,8,2,2,4,10,4,5,239,18,7,264,1,265,--,610,335,239,264,265,Algún campo sin dato,1,b821300f483a68f522dd35b7dc6c24432a34a1b72e6fba90912f9f6ab4e52e30,26/06/2023 04:13:48,ESCANER
10688,"Quetzaltenango",9,"Quetzaltenango",1,1415,600,3,25,4,12,4,63,6,1,5,3,8,6,9,15,4,0,19,2,8,1,3,8,8,1,9,227,12,7,246,0,246,--,605,359,227,246,246,Algún campo sin dato,1,6f29340d413fdc5fd00ae3751fb2c1841816e37f10f197073d92d71490e79722,26/06/2023 04:19:06,ESCANER
10689,"Quetzaltenango",9,"Quetzaltenango",1,1415,600,7,28,7,15,6,62,6,2,8,3,2,10,7,10,7,1,16,5,12,3,4,3,10,0,5,239,22,6,267,0,267,--,600,333,239,267,267,Algún campo sin dato,1,29867a5c238d7a160e748562d21212b337a7fe633af45d26e659b95a2c5de617,26/06/2023 04:28:14,ESCANER
10690,"Quetzaltenango",9,"Quetzaltenango",1,1415,600,--,--,--,--,--,--,--,--,--,--,--,--,--,--,--,--,--,--,--,--,--,--,--,--,--,--,--,--,--,--,--,--,--,--,,,,Acta ilegible,0,ede472a96410abc016917e63fad433a701daf149dc2a8d10f801992f3ab021cb,26/06/2023 05:13:49,ESCANER
10691,"Quetzaltenango",9,"Quetzaltenango",1,1415,600,8,23,4,7,5,60,3,1,3,4,7,3,11,18,4,1,23,3,9,2,1,5,10,2,2,219,15,2,236,0,236,--,600,364,219,236,236,Algún campo sin dato,1,2665c48664ae32a1feb1187f31964ee7bdc9fc040699d9011660f2de5b6990fb,26/06/2023 04:37:15,ESCANER
10692,"Quetzaltenango",9,"Quetzaltenango",1,1415,600,5,18,4,9,3,62,5,0,9,3,6,4,3,15,7,1,18,3,11,2,3,5,10,3,2,211,18,2,231,0,231,--,600,369,211,231,231,Algún campo sin dato,1,20ec47f28974c50a3966899588ed566f8301516b0007d981df958c7fdbbf137d,26/06/2023 04:44:06,ESCANER
10693,"Quetzaltenango",9,"Quetzaltenango",1,1415,600,9,24,4,10,2,66,6,0,5,1,13,4,11,14,3,2,17,3,5,2,1,4,8,0,4,218,13,2,233,0,233,--,600,367,218,233,233,Algún campo sin dato,1,4b97129a402e0623917dab1bdfa7b82ac80d29e56bfa67b6797194436d0a0514,26/06/2023 04:57:20,ESCANER
10694,"Quetzaltenango",9,"Quetzaltenango",1,1415,600,6,19,0,14,2,83,6,1,3,2,4,7,12,11,5,5,20,0,7,3,6,3,10,3,6,238,14,2,254,0,254,--,600,346,238,254,254,Algún campo sin dato,1,b684eb978963036fffe975ea1de7846643b367d12b7aaa957139cca6e49490d3,26/06/2023 05:00:23,ESCANER
10695,"Quetzaltenango",9,"Quetzaltenango",1,1416,600,6,26,5,12,2,69,6,0,6,2,7,3,1,13,10,0,8,2,12,3,4,4,11,0,5,217,20,6,243,0,243,--,600,357,217,243,243,Algún campo sin dato,1,47b14eaad84bff3ccfcf2ea7c1b5a9463c2d2eeffa7e7138417a6c23e8a177e1,26/06/2023 02:36:58,ESCANER
10696,"Quetzaltenango",9,"Quetzaltenango",1,1416,600,8,21,3,8,3,76,6,2,10,6,8,4,7,9,12,0,24,5,17,10,12,2,11,5,10,261,14,--,275,--,--,--,600,325,279,293,293,Sumas Asentadas sin cuadrar,1,1a25860c5a597e60cfbee40e1ff5f65ba7a1d5c28f5e50fc743b7b8fcfbfd978,26/06/2023 05:07:43,ESCANER
10697,"Quetzaltenango",9,"Quetzaltenango",1,1416,600,2,25,6,16,2,97,7,0,6,5,8,5,4,8,7,2,26,2,21,5,4,5,11,5,10,289,16,4,309,0,309,--,600,291,289,309,309,Algún campo sin dato,1,2c237e18dd1ed2cb128f4ddec7237b25dfe2a96b9d835461626f8de0fbc62ffd,26/06/2023 03:04:59,ESCANER
10698,"Quetzaltenango",9,"Quetzaltenango",1,1416,600,12,25,10,14,3,67,7,1,8,5,4,6,3,9,4,2,28,8,10,4,2,3,5,0,7,247,23,2,272,0,272,--,600,328,247,272,272,Algún campo sin dato,1,80de746c3cfdf5b70af3d90f60f7abcc9bb03b2c295e1c897fff1a3049ad8129,26/06/2023 04:30:46,ESCANER
10699,"Quetzaltenango",9,"Quetzaltenango",1,1416,600,9,23,8,7,2,94,5,0,8,2,16,5,12,14,7,3,32,3,8,1,3,5,7,2,8,292,18,3,313,0,313,--,596,283,284,305,305,Sumas Asentadas sin cuadrar,1,2f629b9fafa882fb23bf3558564f194e0ba7bef8b0e0dd20000984c77280e6e8,26/06/2023 05:01:14,ESCANER
10700,"Quetzaltenango",9,"Quetzaltenango",1,1416,600,3,40,7,18,5,82,2,0,7,3,11,2,5,9,13,1,27,4,17,4,4,3,10,4,10,296,21,5,322,0,322,--,--,--,291,317,317,Sumas Asentadas sin cuadrar,1,7b193851a10603551a84085634fcbb37657e56824275803977e84e10626590a9,26/06/2023 04:25:05,ESCANER
10701,"Quetzaltenango",9,"Quetzaltenango",1,1416,600,4,30,6,15,1,67,4,0,8,3,10,3,7,11,2,3,21,4,16,1,3,5,9,3,2,238,18,6,262,0,262,--,603,341,238,262,262,Algún campo sin dato,1,28f864520f1afee13ced84c91e2605daa74cdb448cb956d7d459b6798d0fac80,26/06/2023 03:16:38,ESCANER
10702,"Quetzaltenango",9,"Quetzaltenango",1,1416,600,10,25,2,10,0,73,4,1,6,10,8,3,6,11,3,2,21,4,14,5,2,4,10,3,2,239,18,4,261,0,261,--,600,339,239,261,261,Algún campo sin dato,1,a874f71b353ae29a20929b14634d09d97da0eba8628656aa8f2e624de573f1d6,26/06/2023 03:25:00,ESCANER
10703,"Quetzaltenango",9,"Quetzaltenango",1,1417,600,6,19,10,7,3,65,4,0,15,3,9,4,5,18,3,4,23,0,11,2,1,3,9,3,5,232,10,4,246,0,246,--,601,355,232,246,246,Algún campo sin dato,1,39e26dc8726aae32a80b32d85a0a264e902077c35423bf6b1311814519784305,26/06/2023 02:41:11,ESCANER
10704,"Quetzaltenango",9,"Quetzaltenango",1,1417,600,9,22,4,11,2,53,5,0,9,5,7,5,7,13,1,1,21,3,13,0,1,4,8,1,6,211,12,3,226,0,226,--,600,374,211,226,226,Algún campo sin dato,1,7b777455cf478336aa13f92c4025b3ea4ae0862e8bc92e6b5be3389eba5f3083,26/06/2023 03:11:53,ESCANER
10705,"Quetzaltenango",9,"Quetzaltenango",1,1417,600,11,24,6,7,2,55,6,1,9,5,6,5,5,12,2,0,19,1,12,1,2,24,5,2,7,179,9,1,189,1,190,--,600,385,229,239,240,Sumas Asentadas sin cuadrar,1,4db0c1f37cb195ba58c22dbf59c8125170fecc780b642066c10cd187479de680,26/06/2023 03:44:07,ESCANER
10706,"Quetzaltenango",9,"Quetzaltenango",1,1417,600,0,14,7,4,2,30,1,0,3,2,5,2,3,5,2,4,4,3,3,1,2,3,6,1,6,113,15,0,128,0,128,--,600,472,113,128,128,Algún campo sin dato,1,3ce75d8ff9fe39e14442d54f8e2922284c7d7e9d227f13291bf0325733ec46aa,26/06/2023 01:49:56,ESCANER
10707,"Quetzaltenango",9,"Quetzaltenango",1,1417,600,0,8,1,2,1,13,0,0,3,0,2,5,0,4,0,0,4,1,4,0,2,0,0,0,0,50,11,2,63,--,--,--,600,537,50,63,63,Algún campo sin dato,1,e02058ec576898382cc933627f694545d60a40d8254d02c588263c427ca86292,26/06/2023 01:05:29,ESCANER
10708,"Quetzaltenango",9,"Quetzaltenango",1,1417,548,--,4,--,--,--,9,--,--,3,--,1,--,--,2,1,2,5,--,3,--,--,--,--,--,1,31,4,0,35,--,35,--,549,514,31,35,35,Algún campo sin dato,1,15c9f5f7257a9b42bc5a8bb4d5556e82b3bc4435c4b7a96e5557f92663565c33,25/06/2023 22:31:05,ESCANER
10709,"Quetzaltenango",9,"Quetzaltenango",1,1417,547,2,5,1,1,0,5,1,0,0,1,1,2,0,2,1,1,1,0,1,0,0,0,0,0,1,26,0,0,26,0,26,--,547,521,26,26,26,Algún campo sin dato,1,6e58dbd676b79abe7e58a890efb9e0a2577c83e0e5d09b6c5ad2564542744d77,25/06/2023 22:32:58,ESCANER