﻿TIPO_DE_ELECCIÓN:,CORPORACIÓN MUNICIPAL
28 junio 2023 21:35 (UTC -6)
ACTAS_ESPERADAS,ACTAS_CAPTURADAS,PORCENTAJE_ACTAS_CAPTURADAS,ACTAS_CONTABILIZADAS,PORCENTAJE_ACTAS_CONTABILIZADAS,ACTAS_NO_CONTABILIZADAS,LISTA_NOMINAL_ACTAS_CONTABILIZADAS,VOTOS_EMITIDOS_CONTABILIZADAS,PORCENTAJE_PARTICIPACIÓN_CIUDADANA
87,87,100.0000,87,100.0000,0,32804,19741,60.1786

MESA,DEPARTAMENTO,ID_DEPARTAMENTO,MUNICIPIO,ID_MUNICIPIO,CENTRO_DE_VOTACIÓN,PADRÓN,UNE,CABAL,CAMBIO,VAMOS,AZUL,BIEN,TODOS,MLP,VALOR UNIONISTA,VÁLIDOS,NULOS,BLANCO,EMITIDOS,INVÁLIDOS,TOTAL,IMPUGNACIONES,PAPELETAS-RECIBIDAS,PAPELETAS-NO-USADAS,VALIDOS_CALCULADO,EMITIDOS_CALCULADO,TOTAL_CALCULADO,OBSERVACIONES,CONTABILIZADA,CÓDIGO_INTEGRIDAD,FECHA_HORA_PUBLICACIÓN,DIGITALIZACIÓN
20421,"Petén",17,"San Benito",3,3184,400,87,11,9,120,4,2,0,3,4,240,17,2,259,0,259,--,400,141,240,259,259,Algún campo sin dato,1,54db0d5f9d65c41fab84ef34c44eb4c05c692e39860ed252a7025e989a425b44,26/06/2023 00:21:24,ESCANER
20422,"Petén",17,"San Benito",3,3184,400,124,10,5,98,10,3,2,1,4,257,22,2,285,1,286,--,400,114,257,281,282,Sumas Asentadas sin cuadrar,1,e4d1f721e0befc944c61ffe07357bcdfce7c04901f96ee31f997a9a4262138ed,26/06/2023 04:37:59,ESCANER
20423,"Petén",17,"San Benito",3,3184,400,112,5,4,124,5,0,0,4,0,262,10,0,272,0,272,--,399,127,254,264,264,Sumas Asentadas sin cuadrar,1,b002782206e232bc208ec54b12482ee977b0184a398fb966bc5f1ac1085c8274,26/06/2023 03:29:40,ESCANER
20424,"Petén",17,"San Benito",3,3184,400,96,3,5,104,2,3,0,3,3,216,20,1,238,0,238,--,400,162,219,240,240,Sumas Asentadas sin cuadrar,1,7ca4ae310fe3f95ed0e4296669a59f35afd360e5e93309a695c3510cb0d41b8b,26/06/2023 04:46:29,ESCANER
20425,"Petén",17,"San Benito",3,3184,400,85,11,6,112,6,4,2,1,9,236,8,1,245,0,245,0,400,155,236,245,245,,1,69dff8742c1528ecf541cc513fea51e6c35ca170243552cbc66f50af2381f4ee,26/06/2023 03:10:11,ESCANER
20426,"Petén",17,"San Benito",3,3184,400,91,5,5,103,3,0,1,2,2,212,10,4,226,0,226,0,404,178,212,226,226,,1,136ee1c785f858b6f7d59850238ff6d6b166b3cb6e42dd2df5346db90096fb2a,25/06/2023 23:19:40,ESCANER
20427,"Petén",17,"San Benito",3,3184,360,96,6,8,99,5,4,1,6,2,227,2,0,229,1,230,1,360,128,227,229,230,,1,4f8e731dcabbc48606d9bc9ca79de5df17da13f35df460a40a0975b622e516f5,26/06/2023 02:13:38,ESCANER
20428,"Petén",17,"San Benito",3,3184,360,72,11,6,59,3,4,1,1,1,158,9,4,171,0,171,--,362,191,158,171,171,Algún campo sin dato,1,01630e4df8542b7dff97f45c4047b615401a65d1dced4023b30c30485eba5757,25/06/2023 22:08:47,ESCANER
20429,"Petén",17,"San Benito",3,3185,400,100,6,7,100,3,1,0,1,7,225,17,7,249,1,250,--,400,150,225,249,250,Algún campo sin dato,1,7e645d471345d27244ea921f00a71c5789d8592a579e115936739a432d84a7ed,26/06/2023 03:03:41,ESCANER
20430,"Petén",17,"San Benito",3,3185,400,90,14,5,114,8,3,1,3,2,240,23,3,266,0,266,1,397,130,240,266,266,,1,92a55107fc49e8cc637c9198d8f5bc9f18a3ec69ef177fa811210a8710162d85,26/06/2023 00:09:25,ESCANER
20431,"Petén",17,"San Benito",3,3185,400,76,9,11,139,2,2,3,5,4,251,20,0,271,0,271,--,400,129,251,271,271,Algún campo sin dato,1,18e4a47517f5d80bb6e18acd4bda796e1a83a1a6f9c330212c6e01d6874ea52a,26/06/2023 02:59:32,ESCANER
20432,"Petén",17,"San Benito",3,3185,400,81,5,15,104,3,2,1,9,0,220,20,2,242,0,242,--,400,158,220,242,242,Algún campo sin dato,1,bd23df9ddf430adc51402216d269bf42cbac68fb2fbc7bfcf8934a63e34f817f,25/06/2023 23:46:18,ESCANER
20433,"Petén",17,"San Benito",3,3185,400,101,12,4,113,4,2,2,3,4,245,6,2,253,0,253,--,400,147,245,253,253,Algún campo sin dato,1,0649e4fc78bb6b85af0d8b6e7e7aa9d40a2513b91d25096024de016b12dfc741,25/06/2023 23:55:18,ESCANER
20434,"Petén",17,"San Benito",3,3185,400,87,11,11,115,2,2,3,7,7,245,18,4,267,0,267,--,397,130,245,267,267,Algún campo sin dato,1,b5e7060d8651ea93b2d47d82632f18bc0fa788367eb3dc5ce1b3d62fdeb1f949,26/06/2023 01:44:44,ESCANER
20435,"Petén",17,"San Benito",3,3185,400,70,2,7,134,6,1,2,5,4,231,14,5,250,0,250,--,400,150,231,250,250,Algún campo sin dato,1,daddbee2fc81b775d9b05576f79884bf1294d7fe6006f326c6f5f2061c36b7f0,26/06/2023 03:13:03,ESCANER
20436,"Petén",17,"San Benito",3,3185,400,91,11,11,101,1,4,3,3,2,227,18,6,251,0,251,--,400,149,227,251,251,Algún campo sin dato,1,61a52febe6bd8f0c93643e9f55cdbc82cb1a40c4275bdf265e8af5b75ae6366c,25/06/2023 23:11:25,ESCANER
20437,"Petén",17,"San Benito",3,3185,400,82,13,7,101,5,3,1,5,3,220,10,2,232,0,232,--,400,168,220,232,232,Algún campo sin dato,1,3e1d19062d2c2221c3a15962d50e5d422b5a552ce15ae631df28084d110d5f16,26/06/2023 01:06:40,ESCANER
20438,"Petén",17,"San Benito",3,3185,400,93,10,10,135,3,0,0,2,2,255,7,1,263,137,400,--,400,137,255,263,400,Algún campo sin dato,1,e103d8c65e6ff6cfed06439be4e9320adb65dcb72b0c8a34913e45b7bdce5fe4,26/06/2023 02:03:50,ESCANER
20439,"Petén",17,"San Benito",3,3185,340,79,5,2,101,0,3,0,3,1,194,9,1,204,0,204,--,340,136,194,204,204,Algún campo sin dato,1,eed6fe2dd89b5d327a283084d3c8555397cabceb48f8758c2132cfcc9778933e,26/06/2023 01:34:23,ESCANER
20440,"Petén",17,"San Benito",3,3185,340,71,11,5,92,0,1,0,1,0,181,4,2,187,0,187,--,339,149,181,187,187,Algún campo sin dato,1,21dfd3ee7f87216dfac434f4a8b9a71a43daa621eb0d54bdeb8fdccab9679f8c,26/06/2023 00:10:27,ESCANER
20441,"Petén",17,"San Benito",3,3186,400,96,5,8,106,6,2,2,0,3,228,16,2,246,0,246,--,400,154,228,246,246,Algún campo sin dato,1,f6763ee4bd3acaf79fbe0f1f504a445c4f3a98a887a579496f518692b65d682c,26/06/2023 01:17:15,ESCANER
20442,"Petén",17,"San Benito",3,3186,400,107,8,6,112,10,3,1,4,3,254,13,3,270,0,270,--,397,127,254,270,270,Algún campo sin dato,1,5323e141b3d239d76beaf5a0a0a5bdf7f643ad99c67ec5ac8e5775d432998c0c,26/06/2023 03:11:22,ESCANER
20443,"Petén",17,"San Benito",3,3186,400,113,1,11,108,9,2,3,5,3,255,9,2,265,1,267,--,399,132,255,266,267,Sumas Asentadas sin cuadrar,1,889ca681e051e869f169924003ad321fe58b149afc0ba35d8dcc3e6b65256a98,26/06/2023 03:18:14,ESCANER
20444,"Petén",17,"San Benito",3,3186,400,76,5,9,106,9,4,0,2,1,212,15,0,227,1,228,--,399,171,212,227,228,Algún campo sin dato,1,ce15cc91a044dda8468eb2f5d14beabf62e6465a19606c64956c1531fa6364aa,26/06/2023 01:28:08,ESCANER
20445,"Petén",17,"San Benito",3,3186,400,106,4,9,127,7,1,4,2,2,262,8,1,271,0,271,--,400,129,262,271,271,Algún campo sin dato,1,99500bfe5e09fc65565db0bc90c9b9294abcfb48efe65b729d6f1c78788ee821,26/06/2023 02:17:51,ESCANER
20446,"Petén",17,"San Benito",3,3186,400,91,6,7,110,7,4,2,1,3,231,15,0,246,0,246,--,400,154,231,246,246,Algún campo sin dato,1,129109bcbe89fe8206f92c969eb678b7b8f8f4bcd8ddb071fdee3d1ec088864b,26/06/2023 03:07:31,ESCANER
20447,"Petén",17,"San Benito",3,3186,400,115,6,3,104,0,1,2,1,2,234,10,1,245,0,245,--,400,155,234,245,245,Algún campo sin dato,1,7c4d2706fd5eb57c818b43dfff162f4bce27cc0276e0e4e34120a5d08313830a,26/06/2023 03:03:24,ESCANER
20448,"Petén",17,"San Benito",3,3186,275,72,5,6,74,0,5,0,3,3,168,4,0,172,0,172,--,275,103,168,172,172,Algún campo sin dato,1,6135ea4158ca084dee8d902a45caa0e648ef8cc5f13eff0b5a9edf1048aab116,26/06/2023 00:17:54,ESCANER
20449,"Petén",17,"San Benito",3,3186,275,57,2,3,68,1,2,0,2,1,136,5,0,141,0,141,--,275,134,136,141,141,Algún campo sin dato,1,73a8efbcca38a42e9cf7df3078b7d973a77ee1e7652b1c3a23201bcbd19bd0c2,25/06/2023 23:51:42,ESCANER
20450,"Petén",17,"San Benito",3,3187,400,77,11,12,131,3,1,1,3,8,247,17,2,266,0,266,--,400,134,247,266,266,Algún campo sin dato,1,5def8fa792f24e00d493314e60cbaf7ef76777dbf3962a3b6abcf8e8e49da4b9,26/06/2023 01:48:14,ESCANER
20451,"Petén",17,"San Benito",3,3187,400,81,6,12,127,3,4,0,5,7,245,16,6,267,0,267,--,400,133,245,267,267,Algún campo sin dato,1,75281b21893b6d2098a34cee49316c7171e5172c73004bd91296a27220a12107,26/06/2023 01:00:51,ESCANER
20452,"Petén",17,"San Benito",3,3187,400,78,12,8,113,6,2,0,6,8,233,11,5,249,0,249,--,400,151,233,249,249,Algún campo sin dato,1,def990b2ae9961f7c3188b40e9c888bc0914db5451f8e830e14ebe9ff2333fb3,26/06/2023 02:26:48,ESCANER
20453,"Petén",17,"San Benito",3,3187,400,84,4,6,96,3,2,0,5,5,205,7,3,205,--,205,--,400,185,205,215,215,Sumas Asentadas sin cuadrar,1,43f83eb740efa71c2ea0be47320db160fe3d313f0757938a27aef0dd72e80c42,26/06/2023 04:39:24,ESCANER
20454,"Petén",17,"San Benito",3,3187,400,89,9,8,115,5,1,2,7,5,241,9,2,252,0,252,--,400,148,241,252,252,Algún campo sin dato,1,18a1a8260e63378235a650dc1a3ffd6e23a94942c46a0f2543f308888de6d18f,26/06/2023 02:38:32,ESCANER
20455,"Petén",17,"San Benito",3,3187,400,79,12,12,103,6,3,1,6,5,227,5,6,238,8,246,--,193,730,227,238,246,Algún campo sin dato,1,797e95ca5dd1e4dca4be3bcb5f603fc6eebe50136ddeca41696347b42116d112,26/06/2023 03:38:55,ESCANER
20456,"Petén",17,"San Benito",3,3187,400,86,9,7,94,2,3,1,1,7,210,11,0,221,1,222,1,400,178,210,221,222,,1,66d47b4ecb012f4108c37284cf9e104a6fe78b54bfb53f21bba2198878d8b7c6,26/06/2023 03:07:35,ESCANER
20457,"Petén",17,"San Benito",3,3187,400,94,6,4,104,2,4,0,5,4,223,5,1,229,0,229,--,400,171,223,229,229,Algún campo sin dato,1,6fd5d67d6928b7380c2a7b804df885cbc5f3f7484f9915b9e0ebc701d188ed07,26/06/2023 03:54:49,ESCANER
20458,"Petén",17,"San Benito",3,3187,219,52,5,7,42,1,0,0,0,1,108,5,0,113,0,113,--,219,106,108,113,113,Algún campo sin dato,1,d8d3ea79a15c56fd10c588da7c29365a023d65e95df94c1504a565ffb562aaf8,25/06/2023 22:07:18,ESCANER
20459,"Petén",17,"San Benito",3,3187,218,45,5,2,38,1,3,0,0,7,101,3,1,105,113,218,--,218,113,101,105,218,Algún campo sin dato,1,a5d4a534ea3f310834bd57fdb64f3358164e4facdb0e0cceca0dc9202ed3a7a7,25/06/2023 22:09:17,ESCANER
20460,"Petén",17,"San Benito",3,3188,400,74,11,11,127,2,4,0,2,4,235,25,2,262,0,--,--,400,138,235,262,262,Algún campo sin dato,1,04514d85e1deff41868d12ae7aed57026dcb467c2b1d991ff40a3bf786240bf0,26/06/2023 03:10:53,ESCANER
20461,"Petén",17,"San Benito",3,3188,400,76,8,10,125,7,6,1,2,2,237,14,4,255,0,255,--,400,145,237,255,255,Algún campo sin dato,1,acbeb92fd7df1d992130971260cb0bea5233a0538e1ffbcfc736f80a59e9198c,25/06/2023 23:49:58,ESCANER
20462,"Petén",17,"San Benito",3,3188,400,71,3,9,110,0,3,0,5,5,206,26,3,235,--,--,--,400,165,206,235,235,Algún campo sin dato,1,cb07122346833ab3ebb964a6718536b913de4bd9c17939a3d0616aa42b9f54e1,26/06/2023 01:35:01,ESCANER
20463,"Petén",17,"San Benito",3,3188,400,79,1,10,99,5,0,0,2,2,198,17,7,222,0,222,--,400,178,198,222,222,Algún campo sin dato,1,3bb71f403a7783eabe40f8f9a7e45ba0acae84e138762c84f78ee97e4d170ff1,26/06/2023 02:57:18,ESCANER
20464,"Petén",17,"San Benito",3,3188,315,59,9,9,87,3,2,0,1,0,170,3,0,173,0,173,--,315,142,170,173,173,Algún campo sin dato,1,fc17af7917328b835b2bdfc231d9cc4e26926a97857e7398b96d55ac68b5b7fd,26/06/2023 03:46:43,ESCANER
20465,"Petén",17,"San Benito",3,3188,315,49,3,8,91,0,1,0,0,0,152,5,2,159,0,--,--,315,153,152,159,159,Algún campo sin dato,1,24177f328626582e0df2c8969ddb2c600f6e8fd10a00a9f1dbd8632aa9242494,26/06/2023 01:25:15,ESCANER
20466,"Petén",17,"San Benito",3,3189,400,100,16,16,96,1,3,0,1,3,236,19,3,258,0,258,--,400,142,236,258,258,Algún campo sin dato,1,7e92f9779bd612eafdd608ddda7eda858200d261f00f33751c9ccaaf93cadd05,26/06/2023 02:57:58,ESCANER
20467,"Petén",17,"San Benito",3,3189,400,96,9,17,111,4,1,2,5,4,249,16,5,270,0,270,--,400,127,249,270,270,Algún campo sin dato,1,fd1f9d2b768d6d66fb153201e80749e08c7bce75664cbdcfd4f3c3b3a14f6c11,26/06/2023 03:04:41,ESCANER
20468,"Petén",17,"San Benito",3,3189,400,103,8,19,95,1,1,0,6,2,235,10,3,248,0,248,--,400,152,235,248,248,Algún campo sin dato,1,fb1b173be796d11a7506c586b45c45b6920aa99a6d2ec28bcffdb15228a4dab3,25/06/2023 23:02:54,ESCANER
20469,"Petén",17,"San Benito",3,3189,400,105,10,8,88,2,0,0,3,1,217,19,1,237,0,237,--,400,163,217,237,237,Algún campo sin dato,1,51ab76ac1faa83d2329ff7e7408feb004e3afd683203882aa7056ee12cf292e8,26/06/2023 00:15:39,ESCANER
20470,"Petén",17,"San Benito",3,3189,400,110,5,8,100,3,2,0,4,1,233,27,4,264,0,264,--,400,136,233,264,264,Algún campo sin dato,1,c510afd474c14ba611b30e6c67c25206f96642e1016c540329dc4b8e15ccce67,26/06/2023 00:43:11,ESCANER
20471,"Petén",17,"San Benito",3,3189,400,91,5,8,107,1,7,0,4,2,225,9,2,236,0,236,--,400,164,225,236,236,Algún campo sin dato,1,b0658782bd9748cf970047cc65d800d702c8b3847c1bbfe46231c5ca91339c4b,26/06/2023 02:18:28,ESCANER
20472,"Petén",17,"San Benito",3,3189,316,80,6,13,70,4,0,0,2,2,177,4,0,181,0,181,--,316,135,177,181,181,Algún campo sin dato,1,b2458c65d2b5a8b4649190f387fd9f3029cc40e1038d59055ac623dece2c7bf3,26/06/2023 02:57:31,ESCANER
20473,"Petén",17,"San Benito",3,3189,315,86,3,3,63,1,1,1,2,5,165,6,0,171,0,171,--,315,144,165,171,171,Algún campo sin dato,1,e96bd9d6d29c1a24991a949e53d23ade115a6ccf93a769282ef0c18d804dfac9,26/06/2023 00:03:24,ESCANER
20474,"Petén",17,"San Benito",3,3190,400,79,9,10,115,2,6,3,1,2,227,13,2,242,3,245,1,400,154,227,242,245,,1,9936bd5373b350d85522f3c69afa594e1a3a695116308665b617ab11018d2e64,26/06/2023 02:41:00,ESCANER
20475,"Petén",17,"San Benito",3,3190,400,93,7,4,137,2,1,1,0,5,250,13,3,266,0,266,--,399,133,250,266,266,Algún campo sin dato,1,52e2d6f7b15725ceaa5cfce1a155efc4f581db1c9f4f2fe83decb940e238c2b3,25/06/2023 23:23:18,ESCANER
20476,"Petén",17,"San Benito",3,3190,400,95,6,5,161,5,5,5,1,3,286,13,2,301,0,301,1,400,99,286,301,301,,1,b218941a4c24496876728dfeeefdca0b588dea0d811a231b1fb2180c87615342,25/06/2023 23:52:58,ESCANER
20477,"Petén",17,"San Benito",3,3190,400,80,8,9,142,3,4,5,1,1,253,5,2,260,0,260,--,400,140,253,260,260,Algún campo sin dato,1,cf6d5c411eec20e375e6a0bc070ab3edd2e71cc8d41d20bcd7a0b5c1f820011c,26/06/2023 02:58:51,ESCANER
20478,"Petén",17,"San Benito",3,3190,400,93,9,6,134,1,1,1,3,5,253,10,2,265,0,265,--,400,135,253,265,265,Algún campo sin dato,1,dc2ae4cdef63cb8f7663b8440603461997ab16150c1958b4db499f73d98869a6,25/06/2023 23:26:32,ESCANER
20479,"Petén",17,"San Benito",3,3190,400,85,8,9,113,2,1,3,4,4,229,9,4,242,0,242,--,400,158,229,242,242,Algún campo sin dato,1,430e668e067ccbea33f94e43d3000a0e28e8a348e7bac35a1c7f7d081ab801e7,26/06/2023 01:53:32,ESCANER
20480,"Petén",17,"San Benito",3,3190,400,77,5,4,127,1,2,4,1,5,226,15,2,243,0,243,--,--,--,226,243,243,Algún campo sin dato,1,2ecea8129417d0155631b1a857946a17a826461804050ecb227ede2ff47e694c,26/06/2023 05:12:54,ESCANER
20481,"Petén",17,"San Benito",3,3190,400,92,7,4,107,1,1,0,2,6,220,16,3,239,0,239,--,396,157,220,239,239,Algún campo sin dato,1,283acbbbb00986ab40caad3b4cb02bb30aff53ee0f8ea92747908c4822c373a0,26/06/2023 02:57:07,ESCANER
20482,"Petén",17,"San Benito",3,3190,400,99,2,5,134,0,3,1,6,5,255,2,2,259,0,259,--,396,137,255,259,259,Algún campo sin dato,1,bdea399da83cad0fdfa626c159d191696b965fab442b9a00dbc74f3ad63b0b6a,26/06/2023 00:07:39,ESCANER
20483,"Petén",17,"San Benito",3,3190,269,80,2,6,82,0,3,0,1,1,175,0,0,175,0,175,--,269,94,175,175,175,Algún campo sin dato,1,5d2cb2f4dcde065ff72c78a4d091e5ffdf272345726ed56d77fe69eca93eca24,26/06/2023 02:52:26,ESCANER
20484,"Petén",17,"San Benito",3,3190,269,61,4,2,68,1,4,4,2,1,147,4,2,153,0,153,--,269,116,147,153,153,Algún campo sin dato,1,6211b574017b7ebece4ae3ad28159f5dfe9522106cfc7cef09894253e4f661ee,25/06/2023 22:42:07,ESCANER
20485,"Petén",17,"San Benito",3,3191,400,95,12,8,105,3,0,1,4,3,231,23,4,258,0,258,--,400,142,231,258,258,Algún campo sin dato,1,ab4363ad2a9820e3d77e1ab93e2b0f7e8b660eba253577022d956be673e79a65,26/06/2023 03:05:40,ESCANER
20486,"Petén",17,"San Benito",3,3191,400,105,10,3,115,2,3,--,6,1,245,16,4,265,7,272,--,400,128,245,265,272,Algún campo sin dato,1,06e49ae13b28d0cd318dfc125615477ac3f09505f3a93cd9e8ee0c0e6b2038c6,26/06/2023 03:17:06,ESCANER
20487,"Petén",17,"San Benito",3,3191,400,96,5,9,114,4,2,2,5,6,264,17,4,264,0,264,1,400,136,243,264,264,Sumas Asentadas sin cuadrar,1,7e6bd47a3de949dd297a90117d5d0bf815b598573d5f4288acae4432160691cd,25/06/2023 23:00:21,ESCANER
20488,"Petén",17,"San Benito",3,3191,400,102,5,6,111,6,2,0,6,0,238,8,4,250,0,250,--,397,147,238,250,250,Algún campo sin dato,1,a5e4bee60bd54249608f69fd2ab1848a5ea4eb627efaa89ae718e00fa64aa6b1,26/06/2023 03:08:17,ESCANER
20489,"Petén",17,"San Benito",3,3191,400,100,7,5,102,2,2,1,1,1,221,19,3,243,0,243,--,400,157,221,243,243,Algún campo sin dato,1,1321b28884bfe4e8111f41b059facef733350bedcfdf358c6dcdd95daddec07a,26/06/2023 02:54:44,ESCANER
20490,"Petén",17,"San Benito",3,3191,400,101,7,5,126,5,2,2,5,1,254,14,2,270,0,270,--,400,130,254,270,270,Algún campo sin dato,1,78c495e4c454bcdee96eac1db41f01efc56d2f31e30b5975cbd325a1aaf40c99,26/06/2023 01:42:02,ESCANER
20491,"Petén",17,"San Benito",3,3191,400,93,13,10,105,1,2,0,11,2,237,17,0,254,0,254,--,399,145,237,254,254,Algún campo sin dato,1,cf62ef5abd189e2f20cdec19117bd440f43799189f2f701ecb36be7f8caa1d0e,26/06/2023 02:39:23,ESCANER
20492,"Petén",17,"San Benito",3,3191,400,95,9,3,91,2,1,2,4,1,208,37,5,250,1,251,1,400,149,208,250,251,,1,633c8431c345177d6f82e99755019c3d3f49e67bd6228a65caa39b66239db32f,26/06/2023 02:58:51,ESCANER
20493,"Petén",17,"San Benito",3,3191,400,93,3,9,110,2,2,2,2,0,223,10,2,235,0,235,--,400,165,223,235,235,Algún campo sin dato,1,9633906847a9b51481de121d22ca79fa30779cc749c9be30d3214064e9e6e600,26/06/2023 02:32:45,ESCANER
20494,"Petén",17,"San Benito",3,3191,400,115,5,8,94,3,2,0,4,0,231,9,0,240,0,240,--,380,160,231,240,240,Algún campo sin dato,1,ceed23e9ab2c27220b253b144dea38c15acc6f9c52d77deffa61a2a1e96a52cb,26/06/2023 01:53:14,ESCANER
20495,"Petén",17,"San Benito",3,3191,400,99,4,4,105,1,2,0,3,1,219,7,0,226,0,226,--,400,174,219,226,226,Algún campo sin dato,1,a87b2235bb211b9586fb42e259bdee20a9fed29e96a2bd6b14fda06f0bd54ceb,26/06/2023 01:20:24,ESCANER
20496,"Petén",17,"San Benito",3,3191,228,56,3,5,60,0,3,1,0,0,128,4,0,132,0,132,--,228,96,128,132,132,Algún campo sin dato,1,8f8a64a4ad04f08e76bcfb05616e4357892b348a9a893702a8483768c8accee7,25/06/2023 21:19:06,ESCANER
20497,"Petén",17,"San Benito",3,3191,227,52,5,1,49,--,--,--,1,2,110,6,2,118,0,118,--,225,107,110,118,118,Algún campo sin dato,1,1d15eb0917fbd139adaa0bb055af5013d711b302f69faf102d3c663659065d68,25/06/2023 22:47:05,ESCANER
20498,"Petén",17,"San Benito",3,3192,380,122,6,1,73,2,1,2,2,8,218,22,6,246,0,218,1,380,134,217,245,245,Sumas Asentadas sin cuadrar,1,5d55d054a38e6ff3f5e3683399400823e82337c6646951f4212fe5c4f775420c,26/06/2023 01:44:49,ESCANER
20499,"Petén",17,"San Benito",3,3192,380,128,6,0,86,2,4,0,0,5,231,12,5,248,0,248,--,380,132,231,248,248,Algún campo sin dato,1,bd6678b9ed5ed85a306e856167bab47c95634d45bd79d1d56db1394ec26025d0,26/06/2023 00:19:51,ESCANER
20500,"Petén",17,"San Benito",3,3192,380,137,6,3,59,3,5,0,0,3,216,17,4,237,0,237,--,380,143,216,237,237,Algún campo sin dato,1,6d346a8528b14231e3836ba41e220654247c99fc28cb8e44c662ce0cf127988f,26/06/2023 01:18:29,ESCANER
20501,"Petén",17,"San Benito",3,3192,380,125,5,3,60,0,0,1,0,2,196,23,5,224,0,224,--,376,152,196,224,224,Algún campo sin dato,1,e8da51ec81fd0ba4174a794b13527ad00b574ae51f760bda161fd81f09f70830,26/06/2023 01:00:35,ESCANER
20502,"Petén",17,"San Benito",3,3192,380,134,5,3,77,0,0,1,0,1,221,2,4,227,0,227,--,379,152,221,227,227,Algún campo sin dato,1,b839aa11bd94e7acdbac378ce5d92ca1d806135314a30944c99e16b6dbd3792e,26/06/2023 00:05:29,ESCANER
20503,"Petén",17,"San Benito",3,3192,300,113,1,2,51,0,0,0,0,2,169,5,2,176,0,176,--,300,124,169,176,176,Algún campo sin dato,1,7fde09ececa27c9d19b3c91448af78f30b2be0a9bc7af939d0aa8aa1238f9b76,25/06/2023 23:24:37,ESCANER
20504,"Petén",17,"San Benito",3,3192,299,115,1,1,36,2,0,0,1,2,158,5,5,168,0,168,--,299,131,158,168,168,Algún campo sin dato,1,a72297873ae5fb335105b45f8261f26d97ed247c0d8d6c7ae7b63cbf78a98e9e,25/06/2023 23:17:06,ESCANER
20505,"Petén",17,"San Benito",3,3193,600,61,7,7,95,4,0,3,2,7,186,12,1,199,0,199,--,599,401,186,199,199,Algún campo sin dato,1,230eaa7029c12b5d8ac539f91e2e10750bd387949d7c714e1f99db74c7b6f9cc,26/06/2023 02:00:15,ESCANER
20506,"Petén",17,"San Benito",3,3193,332,25,3,6,41,0,1,0,1,0,77,3,2,82,0,82,--,332,249,77,82,82,Algún campo sin dato,1,19662f9d7535d0ccfa60b31be7f974feb71f125f0fa076882b4024c91c719213,26/06/2023 03:10:04,ESCANER
20507,"Petén",17,"San Benito",3,3193,332,6,2,1,14,0,0,0,0,2,25,0,0,25,1,25,--,332,307,25,25,26,Sumas Asentadas sin cuadrar,1,401d86e85b83b0c315cd5f068691de403071d58b92a5c7d9f3d0a770481f2f11,25/06/2023 22:40:14,ESCANER