﻿TIPO_DE_ELECCIÓN:,CORPORACIÓN MUNICIPAL
28 junio 2023 21:35 (UTC -6)
ACTAS_ESPERADAS,ACTAS_CAPTURADAS,PORCENTAJE_ACTAS_CAPTURADAS,ACTAS_CONTABILIZADAS,PORCENTAJE_ACTAS_CONTABILIZADAS,ACTAS_NO_CONTABILIZADAS,LISTA_NOMINAL_ACTAS_CONTABILIZADAS,VOTOS_EMITIDOS_CONTABILIZADAS,PORCENTAJE_PARTICIPACIÓN_CIUDADANA
32,32,100.0000,32,100.0000,0,12530,10470,83.5594

MESA,DEPARTAMENTO,ID_DEPARTAMENTO,MUNICIPIO,ID_MUNICIPIO,CENTRO_DE_VOTACIÓN,PADRÓN,PIN,VAMOS,VALOR UNIONISTA,C.C.A.,VÁLIDOS,NULOS,BLANCO,EMITIDOS,INVÁLIDOS,TOTAL,IMPUGNACIONES,PAPELETAS-RECIBIDAS,PAPELETAS-NO-USADAS,VALIDOS_CALCULADO,EMITIDOS_CALCULADO,TOTAL_CALCULADO,OBSERVACIONES,CONTABILIZADA,CÓDIGO_INTEGRIDAD,FECHA_HORA_PUBLICACIÓN,DIGITALIZACIÓN
11097,"Quetzaltenango",9,"Almolonga",13,1486,400,2,164,5,167,338,2,8,348,0,348,--,400,52,338,348,348,Algún campo sin dato,1,70f387a36bd655337f051b1778f280af2984355bf3a2990520c01fa0d34150bb,25/06/2023 21:59:18,ESCANER
11098,"Quetzaltenango",9,"Almolonga",13,1486,400,1,154,4,180,339,3,4,346,0,346,--,400,54,339,346,346,Algún campo sin dato,1,825fefac85eb2f698e84413381a4b7f05266321bf466a378156b6fc12f18b9b8,25/06/2023 23:18:14,ESCANER
11099,"Quetzaltenango",9,"Almolonga",13,1486,400,0,181,7,165,353,3,1,357,0,357,--,397,40,353,357,357,Algún campo sin dato,1,e8bbe5f87f8aef08509531dcce51e0a24b262531d81cada216a13f4287f0edbd,25/06/2023 23:11:22,ESCANER
11100,"Quetzaltenango",9,"Almolonga",13,1486,400,1,160,6,174,341,4,5,350,0,350,--,400,50,341,350,350,Algún campo sin dato,1,10ae76b3fe8abe937b5c1dcc2c376b2a1bf00ca684cd5d83919706538434409a,26/06/2023 00:42:12,ESCANER
11101,"Quetzaltenango",9,"Almolonga",13,1486,400,2,152,3,181,338,2,6,346,0,346,--,400,54,338,346,346,Algún campo sin dato,1,e83c4350348eb5327ac13f0fc3bd39f76113acfeaa3f49da3fb255ec2909471d,25/06/2023 23:48:22,ESCANER
11102,"Quetzaltenango",9,"Almolonga",13,1486,400,1,167,4,176,348,1,3,352,0,352,--,400,48,348,352,352,Algún campo sin dato,1,988224d36695542e29e2dae5d783eaa03332a049dc818536c4b89033459f0c11,25/06/2023 23:46:04,ESCANER
11103,"Quetzaltenango",9,"Almolonga",13,1486,400,1,161,7,170,339,2,7,348,0,348,--,400,52,339,348,348,Algún campo sin dato,1,44d16e3267e6ce77d64cb02b3d1b4166a1d482d4d2052319d7f720500179bdfe,25/06/2023 23:42:08,ESCANER
11104,"Quetzaltenango",9,"Almolonga",13,1486,400,0,164,5,174,343,2,8,353,0,353,--,400,47,343,353,353,Algún campo sin dato,1,a4833906df288c6e04b96ec003cf9817d75aa691def119bf60aa2185c523e43b,26/06/2023 00:05:19,ESCANER
11105,"Quetzaltenango",9,"Almolonga",13,1487,400,1,156,11,176,344,0,2,346,0,346,--,400,54,344,346,346,Algún campo sin dato,1,ec6cbf2e42e118abcce21202938917dfb1c22f8a0fffca5fb62ad7a251903068,25/06/2023 22:58:41,ESCANER
11106,"Quetzaltenango",9,"Almolonga",13,1487,400,2,148,1,143,294,4,2,300,0,300,--,400,100,294,300,300,Algún campo sin dato,1,4399448e645eaf52aaa4fecfe15b39e75a45894ec8c19fd92bbb65d012721b61,26/06/2023 00:04:54,ESCANER
11107,"Quetzaltenango",9,"Almolonga",13,1487,400,1,141,5,155,302,4,0,306,0,306,--,400,94,302,306,306,Algún campo sin dato,1,6fe6d724b9012222703b2ca3c23506005dcea40650914cc7dc1680ee535d63e9,26/06/2023 00:04:13,ESCANER
11108,"Quetzaltenango",9,"Almolonga",13,1487,400,0,142,6,178,326,4,3,333,0,333,--,400,67,326,333,333,Algún campo sin dato,1,aedca99a528fd380345a02fbc0bd262b6a72ed2f7734ea9bbde5faf26ee9c077,25/06/2023 23:55:09,ESCANER
11109,"Quetzaltenango",9,"Almolonga",13,1487,400,1,137,5,185,328,1,1,330,0,330,--,400,70,328,330,330,Algún campo sin dato,1,b0d405b305abb92d3cb3c40c99cfd84b178a10662a509a48c7213697685358c6,26/06/2023 00:29:36,ESCANER
11110,"Quetzaltenango",9,"Almolonga",13,1487,400,0,134,7,189,330,0,0,330,0,330,--,400,70,330,330,330,Algún campo sin dato,1,e8ae7abbfb0503262aa98c8f0e7a06d037923fd27cce3f899a35fb9cc843bd0c,26/06/2023 00:11:31,ESCANER
11111,"Quetzaltenango",9,"Almolonga",13,1487,400,1,156,14,179,350,2,1,353,0,353,--,400,47,350,353,353,Algún campo sin dato,1,076f9fdcd52d15a474805d0bdb9706b43236878a6baf028259de19932b135218,26/06/2023 00:36:37,ESCANER
11112,"Quetzaltenango",9,"Almolonga",13,1487,400,1,164,4,167,336,4,1,341,0,341,--,400,59,336,341,341,Algún campo sin dato,1,1129f2f5f62890ce5e8a140483a019e56e44050d9e44fd568e0042b166c1ebea,26/06/2023 00:31:16,ESCANER
11113,"Quetzaltenango",9,"Almolonga",13,1488,400,1,183,7,170,361,4,3,368,0,368,--,400,32,361,368,368,Algún campo sin dato,1,02a5979bfce870b03e88ced70345b253283e587060bf6b70771ab8dfca47768b,25/06/2023 23:08:58,ESCANER
11114,"Quetzaltenango",9,"Almolonga",13,1488,400,0,149,5,176,330,0,1,331,0,331,--,400,69,330,331,331,Algún campo sin dato,1,0789ad1e29b396b7fd139187f9ab683296377c66bdc4f5a8ccee7087b3d98ced,25/06/2023 22:57:39,ESCANER
11115,"Quetzaltenango",9,"Almolonga",13,1488,400,0,160,1,185,346,1,2,349,0,349,--,400,51,346,349,349,Algún campo sin dato,1,103e5e147a1295386ba75e88bfbc745e1aff27eb6d351cb8f4e8da22616fdbd1,25/06/2023 22:31:55,ESCANER
11116,"Quetzaltenango",9,"Almolonga",13,1488,400,1,160,3,163,327,2,1,330,0,330,--,400,70,327,330,330,Algún campo sin dato,1,18eb0a364c7408bad40250cf2b0d1a48d4dc89a2ff24804c5b40b7f92eec60b3,25/06/2023 22:49:03,ESCANER
11117,"Quetzaltenango",9,"Almolonga",13,1489,400,1,166,3,169,339,1,0,340,0,340,--,400,60,339,340,340,Algún campo sin dato,1,754c10b1c797ce68dade3808b2334eec5600c39a43ad3823756ffca272d4ffbd,26/06/2023 00:21:44,ESCANER
11118,"Quetzaltenango",9,"Almolonga",13,1489,400,1,154,6,180,341,2,0,343,0,343,--,400,57,341,343,343,Algún campo sin dato,1,18fc78046d397d33e0dfac12f0fc90da2d9546da2555cdd337ec3ba053a95262,25/06/2023 23:46:39,ESCANER
11119,"Quetzaltenango",9,"Almolonga",13,1489,400,0,145,5,191,341,4,1,346,0,346,--,400,54,341,346,346,Algún campo sin dato,1,d6ce176de076a02d16dc7cad6cb5ab6688248864fa4ba76f239b969d7a406157,26/06/2023 00:19:27,ESCANER
11120,"Quetzaltenango",9,"Almolonga",13,1490,293,0,120,6,119,245,1,1,247,0,247,--,293,46,245,247,247,Algún campo sin dato,1,abc28f84599223ca54ce57071e46bbd9aca9817a70d4d24455c5676775efc1e6,26/06/2023 01:09:51,ESCANER
11121,"Quetzaltenango",9,"Almolonga",13,1490,292,0,94,2,132,228,0,1,229,0,229,--,292,63,228,229,229,Algún campo sin dato,1,10d6c8dd6dd879abdd17e17538b19724588b140157f649b3209e11c136a65d24,25/06/2023 23:11:13,ESCANER
11122,"Quetzaltenango",9,"Almolonga",13,1491,400,3,176,10,164,353,2,7,362,0,362,--,400,38,353,362,362,Algún campo sin dato,1,39ba37b769f4da79f42b9b6ccf8f042ce58d0551e97de2b82a99bc4f3b59e470,25/06/2023 23:34:16,ESCANER
11123,"Quetzaltenango",9,"Almolonga",13,1491,400,3,151,2,172,328,1,5,334,0,334,--,400,66,328,334,334,Algún campo sin dato,1,2fa097f6ba290ef7a71ba18455837d560b97c22c6e1b473b78b870ea82bacd7e,25/06/2023 23:28:45,ESCANER
11124,"Quetzaltenango",9,"Almolonga",13,1492,400,2,152,2,169,325,3,1,329,0,329,--,400,71,325,329,329,Algún campo sin dato,1,623d590b917b20ca4ab169a4825d009dd032a07d895f287b579c3c841dd7a3c2,26/06/2023 01:01:54,ESCANER
11125,"Quetzaltenango",9,"Almolonga",13,1492,400,3,162,6,146,317,4,4,325,0,325,--,400,75,317,325,325,Algún campo sin dato,1,e3f0f81e79992637398de9aaa663ddd6e9c8b06b15535bd410b91bc1e34d8713,26/06/2023 00:49:15,ESCANER
11126,"Quetzaltenango",9,"Almolonga",13,1493,324,1,130,2,119,252,2,2,256,0,256,--,324,68,252,256,256,Algún campo sin dato,1,93fd568584c820067daca6093d489fc00b54f1ee77ab36e1a469cb8c9ad1a061,25/06/2023 23:53:22,ESCANER
11127,"Quetzaltenango",9,"Almolonga",13,1493,324,3,128,1,132,264,2,2,268,0,268,--,324,56,264,268,268,Algún campo sin dato,1,b606adb4d17d207d57c54061e98f3a4885a53ed90b639bbbef41250119c3bb64,25/06/2023 23:21:14,ESCANER
11128,"Quetzaltenango",9,"Almolonga",13,1494,497,2,108,5,145,260,11,3,274,0,274,--,497,223,260,274,274,Algún campo sin dato,1,db527410485140a9ece8417839553dd75d39c24ecdd266d5c285d386615b61f9,26/06/2023 01:27:02,ESCANER