﻿TIPO_DE_ELECCIÓN:,CORPORACIÓN MUNICIPAL
28 junio 2023 21:35 (UTC -6)
ACTAS_ESPERADAS,ACTAS_CAPTURADAS,PORCENTAJE_ACTAS_CAPTURADAS,ACTAS_CONTABILIZADAS,PORCENTAJE_ACTAS_CONTABILIZADAS,ACTAS_NO_CONTABILIZADAS,LISTA_NOMINAL_ACTAS_CONTABILIZADAS,VOTOS_EMITIDOS_CONTABILIZADAS,PORCENTAJE_PARTICIPACIÓN_CIUDADANA
120,120,100.0000,120,100.0000,0,44970,22189,49.3417

MESA,DEPARTAMENTO,ID_DEPARTAMENTO,MUNICIPIO,ID_MUNICIPIO,CENTRO_DE_VOTACIÓN,PADRÓN,VAMOS,TODOS,UNE,CABAL,PODEMOS,MLP,VICTORIA,VIVA,CAMBIO,PR,WINAQ,AZUL,VALOR UNIONISTA,URNG-MAIZ SEMILLA,VÁLIDOS,NULOS,BLANCO,EMITIDOS,INVÁLIDOS,TOTAL,IMPUGNACIONES,PAPELETAS-RECIBIDAS,PAPELETAS-NO-USADAS,VALIDOS_CALCULADO,EMITIDOS_CALCULADO,TOTAL_CALCULADO,OBSERVACIONES,CONTABILIZADA,CÓDIGO_INTEGRIDAD,FECHA_HORA_PUBLICACIÓN,DIGITALIZACIÓN
17995,"Quiché",14,"Ixcán",20,2751,400,23,35,50,24,2,4,13,20,6,1,2,2,2,15,199,28,5,232,0,232,--,400,168,199,232,232,Algún campo sin dato,1,0ef5a7a9119a40d95dce93e7112a3a04812db45fe8e51fc8b3352c0de9d9a685,26/06/2023 02:27:29,ESCANER
17996,"Quiché",14,"Ixcán",20,2751,400,26,65,33,31,0,1,9,13,1,3,3,0,0,26,211,28,6,245,0,245,--,400,155,211,245,245,Algún campo sin dato,1,59a723794a7ec50e9f62897b65aa65a032f56e9ebb5b720aa5d4a9c738fe7c5e,25/06/2023 23:26:45,ESCANER
17997,"Quiché",14,"Ixcán",20,2751,400,28,50,52,16,0,1,10,13,7,0,3,2,1,16,199,23,4,226,0,226,--,400,174,199,226,226,Algún campo sin dato,1,0033f4223c8b462c240ed1bca407cb269d4011809b71649aaf1854d190bd7784,26/06/2023 03:00:52,ESCANER
17998,"Quiché",14,"Ixcán",20,2751,400,30,55,37,19,0,2,3,16,7,2,3,2,2,29,207,30,4,241,0,241,--,400,159,207,241,241,Algún campo sin dato,1,edb8f4479706f5b66a637bce3a55860b5a081c47924bab1ce1725b4f69d7167b,26/06/2023 03:22:33,ESCANER
17999,"Quiché",14,"Ixcán",20,2751,400,19,47,36,18,0,2,2,16,14,10,3,0,2,25,194,20,6,220,0,220,--,400,180,194,220,220,Algún campo sin dato,1,e71467b2c54584d5473ad7acc7cb06dc3e6eeae7f214ac0601e9afa8be54a7e0,25/06/2023 23:44:46,ESCANER
18000,"Quiché",14,"Ixcán",20,2751,400,15,36,38,43,1,2,4,15,8,3,1,2,1,26,195,16,4,215,0,215,--,400,185,195,215,215,Algún campo sin dato,1,e5f5a6cf3a63486519c665d9683ab1ee758666e4ca2d617d59c721b9f59bf8ed,26/06/2023 02:12:50,ESCANER
18001,"Quiché",14,"Ixcán",20,2751,400,27,42,31,34,0,5,11,17,8,4,3,1,2,26,211,11,6,228,0,228,--,400,172,211,228,228,Algún campo sin dato,1,09d99a5dd45f87df0397b33838fbd473a8cf035846fa860933b235e4f3d98d74,26/06/2023 01:47:33,ESCANER
18002,"Quiché",14,"Ixcán",20,2751,400,13,55,38,28,2,1,3,3,14,5,0,0,3,0,212,20,6,212,--,212,--,400,188,165,191,191,Sumas Asentadas sin cuadrar,1,9ab029c7b325a7608d4c1acddf17262390202033118b48b22a3a831b0004a8d2,26/06/2023 02:43:41,ESCANER
18003,"Quiché",14,"Ixcán",20,2751,400,17,49,38,37,0,1,11,14,9,2,0,1,1,26,206,21,3,230,0,230,--,400,170,206,230,230,Algún campo sin dato,1,7e48deef9662249e3597c506eaf515673108808f49fc0cf711fb2ff372450867,26/06/2023 02:46:22,ESCANER
18004,"Quiché",14,"Ixcán",20,2751,400,27,40,42,28,0,5,12,22,8,4,3,3,3,21,218,20,3,241,0,241,--,400,159,218,241,241,Algún campo sin dato,1,5063d9453beac76b44bcece784c328ad47028168d2788e4d7b240a34c1b3e232,26/06/2023 02:05:35,ESCANER
18005,"Quiché",14,"Ixcán",20,2751,400,17,41,35,43,0,0,7,21,11,4,1,1,4,26,211,17,12,240,0,240,--,400,160,211,240,240,Algún campo sin dato,1,53ba3ef6cf28957f05643e2f0a687d9fb125f644980a82636740a6cc39ebc154,26/06/2023 00:21:35,ESCANER
18006,"Quiché",14,"Ixcán",20,2751,400,34,52,29,32,0,4,8,14,9,3,2,1,1,13,202,28,7,237,0,237,--,400,163,202,237,237,Algún campo sin dato,1,b0882f127350eedff38a5c53429ca9b123052abaf57cd170be69e6d1b5d19df5,26/06/2023 01:12:39,ESCANER
18007,"Quiché",14,"Ixcán",20,2751,400,15,43,23,29,1,1,16,18,5,1,4,1,1,22,180,18,3,201,0,201,--,400,199,180,201,201,Algún campo sin dato,1,a17517f6ffeb94361dc4fc420594a09a0eac03b50cb95fba3d43de80394c85e4,26/06/2023 01:51:37,ESCANER
18008,"Quiché",14,"Ixcán",20,2751,400,17,40,27,51,1,4,6,11,8,0,0,2,3,34,204,13,1,221,0,221,--,400,180,204,218,218,Sumas Asentadas sin cuadrar,1,9e1ae5628fbd57228e86162d8b1581ea34fa8d601e2a84c1f0d67d3ab50a0ed2,26/06/2023 05:44:51,ESCANER
18009,"Quiché",14,"Ixcán",20,2751,400,13,46,25,25,1,2,3,25,9,4,1,1,3,24,182,9,8,199,0,199,--,400,201,182,199,199,Algún campo sin dato,1,b7f054e222f8b1d05440004d0079a75efaa73be2d7faaa14d2c2e5a7674f2444,25/06/2023 23:47:24,ESCANER
18010,"Quiché",14,"Ixcán",20,2751,400,15,40,26,28,1,2,8,16,11,1,0,2,5,24,179,4,1,184,0,184,--,400,216,179,184,184,Algún campo sin dato,1,0ffaa24aa48fe10f39169521df0f1b4c7f376c605b83b5d25073a3bc01dd83bf,26/06/2023 00:07:46,ESCANER
18011,"Quiché",14,"Ixcán",20,2752,400,23,41,25,23,0,1,8,11,5,3,0,0,5,19,164,4,3,171,0,171,--,400,229,164,171,171,Algún campo sin dato,1,6b74e662a7f8cf8c501d5eff489da85e8aa8389a40d6668c564c7441547f4575,25/06/2023 21:56:10,ESCANER
18012,"Quiché",14,"Ixcán",20,2752,400,19,37,26,26,1,2,5,15,8,0,3,1,4,17,164,22,4,190,0,190,--,400,210,164,190,190,Algún campo sin dato,1,7570fa46f203ef863c4ee00e65c5928cc8e80e7b4b5a2af8353a84330f2a1fcb,25/06/2023 23:11:45,ESCANER
18013,"Quiché",14,"Ixcán",20,2752,400,24,34,42,32,0,0,5,13,12,1,1,0,1,26,191,22,5,218,0,218,--,400,182,191,218,218,Algún campo sin dato,1,8538cf219a7b0b72d3297c398284a30f4466cfe650e4fe5a0a0765896ca76319,26/06/2023 00:27:24,ESCANER
18014,"Quiché",14,"Ixcán",20,2752,400,15,33,36,26,1,5,11,13,8,4,2,0,5,20,179,16,8,203,0,203,--,400,197,179,203,203,Algún campo sin dato,1,aeea4ecc5285756fd2c3dfb1822927618009aecfabc60ec7d19149fe463e8f56,25/06/2023 23:43:49,ESCANER
18015,"Quiché",14,"Ixcán",20,2752,400,18,33,27,32,1,4,10,16,8,3,1,0,2,21,176,14,4,194,0,194,--,400,206,176,194,194,Algún campo sin dato,1,b747ad4163230163b568cc010436dc844e9ef9193e37407ad9972310fd23b647,26/06/2023 00:13:37,ESCANER
18016,"Quiché",14,"Ixcán",20,2752,400,16,46,34,25,0,1,4,14,4,1,1,1,5,25,177,10,3,190,0,190,--,388,198,177,190,190,Algún campo sin dato,1,fac43010f5ee4f0bbe760077d0c63a42439418882434a25f52c8acc039ca7626,25/06/2023 23:54:24,ESCANER
18017,"Quiché",14,"Ixcán",20,2752,400,13,40,33,25,0,6,4,14,7,6,4,0,3,18,173,20,7,200,0,200,--,400,200,173,200,200,Algún campo sin dato,1,096fd3bac1142f03af2ff4bd630a62cb87962deb96fb1f0efa030ab35821eec7,26/06/2023 00:06:35,ESCANER
18018,"Quiché",14,"Ixcán",20,2752,400,21,43,32,34,0,1,18,14,7,1,2,1,3,27,204,20,4,228,0,228,--,400,172,204,228,228,Algún campo sin dato,1,e6837f88a9be78792db7cc69c456ca3c3bf2411a8ea389df78e978060aaa7d23,25/06/2023 22:31:10,ESCANER
18019,"Quiché",14,"Ixcán",20,2752,400,22,51,38,23,0,3,7,9,9,2,1,1,3,20,189,14,10,213,0,213,--,400,187,189,213,213,Algún campo sin dato,1,bccb6c4cc5e626fb265313869fe0213a0d08f3e3a8a03bce7941bf2ff0677f1b,25/06/2023 22:55:03,ESCANER
18020,"Quiché",14,"Ixcán",20,2752,400,19,38,33,33,2,8,12,17,9,1,3,0,6,25,206,17,5,228,0,228,--,400,172,206,228,228,Algún campo sin dato,1,c9e4b19862b1f4b78d957a976576134ee6c460b9ff4b8f5a9a867b035dd683b6,25/06/2023 22:39:57,ESCANER
18021,"Quiché",14,"Ixcán",20,2752,400,22,37,34,23,1,0,3,24,9,0,3,0,2,29,187,12,2,201,0,201,--,400,199,187,201,201,Algún campo sin dato,1,ebc6e75357c8b9c7dfe6d8e261b897ecd1a3eb6b1ac5d7970a2f6a15250a33d3,25/06/2023 23:02:06,ESCANER
18022,"Quiché",14,"Ixcán",20,2753,400,14,48,42,23,1,1,2,11,4,5,2,0,2,25,180,14,3,197,1,198,--,400,202,180,197,198,Algún campo sin dato,1,33ab7423f78ff9b4448dcf43e5c18ff53ead95bce79abba76649ee42e6ce10db,26/06/2023 00:25:23,ESCANER
18023,"Quiché",14,"Ixcán",20,2753,400,14,47,30,19,0,1,12,9,4,4,2,2,1,26,171,18,7,196,0,196,--,400,204,171,196,196,Algún campo sin dato,1,1fe0dc7bfaf76c241644d98344647f47470c365f5dde313fea3af89d1737ab42,26/06/2023 02:35:48,ESCANER
18024,"Quiché",14,"Ixcán",20,2753,400,20,39,36,26,1,2,6,9,12,1,3,2,3,35,195,11,3,209,0,209,--,397,188,195,209,209,Algún campo sin dato,1,b425bb173fe3925fde619ffe9c1f6590059daa4708e0c868a5764056ae232c28,26/06/2023 01:11:38,ESCANER
18025,"Quiché",14,"Ixcán",20,2753,400,18,34,39,19,0,0,4,17,10,2,3,2,4,32,184,14,1,199,0,199,--,400,201,184,199,199,Algún campo sin dato,1,1229199b0ffc26afca4f2ce79e04033b031ea182c833a02c09139eb63c5106b0,26/06/2023 02:39:33,ESCANER
18026,"Quiché",14,"Ixcán",20,2753,400,12,35,32,19,0,1,10,10,2,2,1,1,4,21,150,11,2,163,0,163,--,400,237,150,163,163,Algún campo sin dato,1,f5302ee961f76056647351f45f738592bac9094bd3c8b0072af973c07fcf0166,25/06/2023 22:58:00,ESCANER
18027,"Quiché",14,"Ixcán",20,2754,400,21,44,21,31,0,4,5,6,6,2,1,0,7,14,162,7,6,175,0,175,--,400,225,162,175,175,Algún campo sin dato,1,df49f476c45aa02fab967186d70633a3603d061e8142fb8a0cb39701b1596ec6,26/06/2023 01:23:50,ESCANER
18028,"Quiché",14,"Ixcán",20,2754,400,20,50,34,22,0,1,6,11,6,1,1,4,1,20,177,11,4,192,0,192,--,400,208,177,192,192,Algún campo sin dato,1,b5d22df362d3a1ff4d64ac434fa2a3d848c925e9bda76e364466c8b531376e5a,26/06/2023 01:51:59,ESCANER
18029,"Quiché",14,"Ixcán",20,2754,400,24,36,30,24,0,0,7,9,12,2,0,0,2,14,160,4,4,168,0,168,--,400,232,160,168,168,Algún campo sin dato,1,d9705d67b428a97dcad49c19fda2d5337686977d69f914672f04e2fa5dcb5035,25/06/2023 23:28:04,ESCANER
18030,"Quiché",14,"Ixcán",20,2754,400,24,25,17,18,0,3,5,8,8,2,1,0,4,15,130,6,1,137,0,137,--,412,275,130,137,137,Algún campo sin dato,1,885249efa41ec90573622b365576060a48cb243e52f09778b50aebe191980f49,25/06/2023 23:55:04,ESCANER
18031,"Quiché",14,"Ixcán",20,2754,400,16,37,19,19,0,0,7,17,7,7,1,0,1,31,162,2,2,166,0,166,--,364,198,162,166,166,Algún campo sin dato,1,216057580cbb464b2383e13e6873c470d3e1b1198fb6600b9bea09204267bcbe,26/06/2023 02:01:59,ESCANER
18032,"Quiché",14,"Ixcán",20,2754,400,25,53,17,31,0,1,5,16,1,0,1,1,4,29,184,6,2,192,0,192,--,400,208,184,192,192,Algún campo sin dato,1,976878e78385b46380b01cce9e672db0474f139437a439b2d715edcf90df7749,25/06/2023 23:17:58,ESCANER
18033,"Quiché",14,"Ixcán",20,2754,400,14,51,30,23,0,0,14,11,3,2,0,0,3,26,177,4,2,183,1,184,--,400,216,177,183,184,Algún campo sin dato,1,e6558b8273af1ff204ec1e59a955bf3f632eeb2d44d7580a7b66d733f0c2ba7f,26/06/2023 02:17:36,ESCANER
18034,"Quiché",14,"Ixcán",20,2755,400,17,45,25,24,0,0,5,10,5,3,0,0,7,22,163,5,1,169,0,169,--,400,231,163,169,169,Algún campo sin dato,1,41d9627f0faf6d8e47d84c78f8d78438bfa6675074e95ded377fd5dc124dbdec,26/06/2023 00:35:30,ESCANER
18035,"Quiché",14,"Ixcán",20,2755,400,28,39,25,21,0,1,11,8,3,1,2,0,3,20,162,5,0,167,0,167,--,400,233,162,167,167,Algún campo sin dato,1,b169663f001bc6f5aa7fc22d70636be4f0fe847fa705ce7b3a874ea68d5320db,25/06/2023 22:17:02,ESCANER
18036,"Quiché",14,"Ixcán",20,2755,349,12,37,24,20,0,0,5,10,4,1,1,3,0,21,138,11,4,153,0,153,--,346,193,138,153,153,Algún campo sin dato,1,1c98784f0ebc2380c4b89b5ceab7d33822f07ff9bcf5d59e474d95736fae48db,26/06/2023 00:12:05,ESCANER
18037,"Quiché",14,"Ixcán",20,2755,348,13,20,14,35,0,0,3,6,5,3,0,0,0,19,118,6,3,127,0,127,--,348,221,118,127,127,Algún campo sin dato,1,980c1d96648baa14f2597f3ca0330dc445cf4cedff84bffafd0bd14bbd140a9d,25/06/2023 23:31:19,ESCANER
18038,"Quiché",14,"Ixcán",20,2756,380,3,1,65,57,0,0,1,0,2,2,0,0,0,5,136,15,14,165,0,165,--,380,215,136,165,165,Algún campo sin dato,1,071676dcf0f5f22ac4b572202b4f49ba123834b2e62b313143ed72ea6d176ba1,25/06/2023 22:57:07,ESCANER
18039,"Quiché",14,"Ixcán",20,2756,380,4,4,35,78,1,1,0,2,4,1,0,0,1,4,135,10,8,153,0,153,--,380,227,135,153,153,Algún campo sin dato,1,ecac8f910ba82556fa96cff16f627ad2d9995b56e647cdb7ffaa18a96cd77f44,25/06/2023 22:41:43,ESCANER
18040,"Quiché",14,"Ixcán",20,2756,380,2,3,72,68,0,1,0,5,1,1,0,0,0,5,158,15,10,183,0,183,--,300,181,158,183,183,Algún campo sin dato,1,6cbe5c1984d9aa5ad7a00cfb876015ef17df48aa375ba00841d332957bf20f60,25/06/2023 23:05:46,ESCANER
18041,"Quiché",14,"Ixcán",20,2756,300,10,5,36,36,0,2,0,1,2,1,0,0,0,2,95,17,7,119,0,119,--,300,181,95,119,119,Algún campo sin dato,1,1e1430a1ef4383ac8c6ecf33f760b005bd5f824c4bd33d6d52581db851abd8d5,25/06/2023 22:59:56,ESCANER
18042,"Quiché",14,"Ixcán",20,2756,299,3,2,35,64,0,0,0,2,1,1,1,0,0,7,116,4,6,126,0,126,--,299,173,116,126,126,Algún campo sin dato,1,8e535c5f310ca40d5e27b6cb89fe7e9d0fc018a55d6fb9b157acf86ec53d0f59,25/06/2023 23:37:39,ESCANER
18043,"Quiché",14,"Ixcán",20,2757,380,12,71,38,14,0,1,12,3,30,2,0,0,0,7,190,26,3,219,0,219,--,376,157,190,219,219,Algún campo sin dato,1,f962537c4a907d0d83f01cc354e2df74c471d33bd599025fc6da9826dd0e8fb8,26/06/2023 01:49:58,ESCANER
18044,"Quiché",14,"Ixcán",20,2757,380,12,73,28,19,0,3,8,5,40,2,1,0,1,9,201,33,8,242,0,242,--,380,138,201,242,242,Algún campo sin dato,1,8e15b2fd2faeed0c5e2b7f3afc0b78087dc032e249bcebf86714a8c7db32c2c9,26/06/2023 04:09:47,ESCANER
18045,"Quiché",14,"Ixcán",20,2757,380,10,75,29,16,1,0,18,1,34,0,0,1,0,10,195,30,7,232,0,232,--,380,148,195,232,232,Algún campo sin dato,1,9f3fc5ca0dae46c6bfe527c7bf0e3655a47d4e35c246a06af628fa89b70b4fdc,26/06/2023 03:32:50,ESCANER
18046,"Quiché",14,"Ixcán",20,2757,380,21,59,45,23,0,0,15,2,33,1,0,0,1,7,207,14,8,229,0,229,--,380,151,207,229,229,Algún campo sin dato,1,0ebf8ed246963d258a3a6bf56a8d81b2186f232cca1705d38f2330490ddcd0f0,26/06/2023 00:31:55,ESCANER
18047,"Quiché",14,"Ixcán",20,2757,380,14,86,23,12,0,1,13,3,26,0,0,0,0,9,187,12,1,200,0,200,--,380,180,187,200,200,Algún campo sin dato,1,4baecc79cc0b95493d24ea66a501a1ad54c564cb71df4dec0e439f86900e1327,25/06/2023 23:54:33,ESCANER
18048,"Quiché",14,"Ixcán",20,2758,380,20,59,42,22,0,0,11,4,27,2,0,2,2,7,198,28,8,234,0,234,--,380,146,198,234,234,Algún campo sin dato,1,5ce9bb0824682cc7b7552290f01189ad44cee051c0a2171830b56895652c23b2,26/06/2023 01:06:36,ESCANER
18049,"Quiché",14,"Ixcán",20,2758,380,13,73,23,8,1,1,7,4,32,1,1,1,0,4,169,25,7,201,0,201,--,380,179,169,201,201,Algún campo sin dato,1,2258e6d19657933e40a13ec365a08b7dcf02f1f267689f5c7e915eb6ecb5c6c5,25/06/2023 22:56:46,ESCANER
18050,"Quiché",14,"Ixcán",20,2758,380,24,80,30,9,0,0,9,5,23,1,1,1,0,6,189,27,5,221,0,221,--,380,159,189,221,221,Algún campo sin dato,1,038ca876db37127076562815cd3f7925fce5c43e9bde3019ca531894fd73140b,26/06/2023 00:32:47,ESCANER
18051,"Quiché",14,"Ixcán",20,2758,380,19,75,26,7,0,2,7,6,23,2,0,1,0,8,176,27,8,211,0,211,--,344,133,176,211,211,Algún campo sin dato,1,da5cec2a5c904d30337a9617a23edddf434a1dda663145571b2e3f45c4768df1,26/06/2023 00:39:41,ESCANER
18052,"Quiché",14,"Ixcán",20,2758,380,17,89,22,6,1,0,7,3,27,0,0,5,0,5,182,28,8,218,0,218,--,380,162,182,218,218,Algún campo sin dato,1,45814dc13f3f59d10a209f466cf1cac55b5bf615d9cee36cba84a3691b6637d6,25/06/2023 23:31:14,ESCANER
18053,"Quiché",14,"Ixcán",20,2758,380,12,57,24,8,1,0,6,3,35,0,1,1,3,5,156,26,7,189,0,189,--,380,191,156,189,189,Algún campo sin dato,1,d118e7b0cccf21c9419a68776f08edb06421e00c0cce422a7773ff333777f990,26/06/2023 05:01:28,ESCANER
18054,"Quiché",14,"Ixcán",20,2759,380,14,60,18,13,1,1,11,3,32,1,0,1,0,6,161,24,2,187,0,187,--,381,194,161,187,187,Algún campo sin dato,1,ac883a68cc1f6daeb4e65cb5d75e8f5bf60fa09f2bd8424c6c77b5f04ba7ec3c,25/06/2023 23:46:58,ESCANER
18055,"Quiché",14,"Ixcán",20,2759,380,9,80,25,5,0,1,9,4,25,0,1,0,1,3,163,11,1,175,0,175,--,380,205,163,175,175,Algún campo sin dato,1,d640466e803f3e52b0ec9e86116833be22221572c913000a19fbee87e31ca4ba,25/06/2023 22:44:24,ESCANER
18056,"Quiché",14,"Ixcán",20,2759,380,16,54,18,8,0,0,11,2,31,2,0,0,0,6,148,9,0,157,0,157,--,377,220,148,157,157,Algún campo sin dato,1,b0c8f57b34b84473d80833f714dd04749a33abb79e44b59e49ed361a77251a69,25/06/2023 22:54:39,ESCANER
18057,"Quiché",14,"Ixcán",20,2759,217,10,39,12,6,0,0,11,1,15,0,1,0,1,4,100,2,0,102,0,102,--,217,115,100,102,102,Algún campo sin dato,1,cf9ff693cf2530f8468cf86a3ee9ae0760f0c283135ad1198b3ef9d617853907,25/06/2023 23:17:15,ESCANER
18058,"Quiché",14,"Ixcán",20,2759,217,6,31,15,8,1,--,6,1,18,--,--,--,1,5,92,12,2,106,--,106,--,214,108,92,106,106,Algún campo sin dato,1,be0345b1f616aa6d5ecaddcb255ede0f5e3872901c67c84dae6bd71f8e055ae6,26/06/2023 00:22:18,ESCANER
18059,"Quiché",14,"Ixcán",20,2760,380,2,1,43,61,0,3,2,2,15,2,3,1,0,29,164,10,3,177,0,177,--,380,203,164,177,177,Algún campo sin dato,1,10d76388ffa44daa972cab79a18d46c7ba58f544ada80d0cf3161a3f5230a878,26/06/2023 00:00:46,ESCANER
18060,"Quiché",14,"Ixcán",20,2760,380,1,4,23,50,0,4,2,0,21,3,0,0,0,19,127,13,5,145,0,145,--,380,232,127,145,145,Algún campo sin dato,1,8cf37268ea4ee100c71436485d58724e1057f9b82f5e4cf1f1bd63df3e30a508,26/06/2023 01:08:34,ESCANER
18061,"Quiché",14,"Ixcán",20,2760,380,4,4,27,49,0,1,1,2,16,2,0,1,1,28,136,16,4,156,0,156,--,380,224,136,156,156,Algún campo sin dato,1,79a763ecd11c53e6ef46530d4fd4026ea4c62d5840f1dde773d74183693bec1d,26/06/2023 00:34:40,ESCANER
18062,"Quiché",14,"Ixcán",20,2760,380,1,2,34,44,0,1,1,5,12,1,1,1,0,19,122,14,9,145,0,145,--,380,235,122,145,145,Algún campo sin dato,1,a9b59b79a0360bf21e49aba9cee4bdafe89f1ac07fefc64f2f95838bce8b218a,26/06/2023 01:13:43,ESCANER
18063,"Quiché",14,"Ixcán",20,2760,342,1,4,22,38,1,1,2,2,4,2,0,0,0,22,99,9,3,111,0,111,--,342,231,99,111,111,Algún campo sin dato,1,614eb39e7343a12e092223fe287d7a566a466d3b6925f51fb5945594dcfc0a0b,26/06/2023 00:53:48,ESCANER
18064,"Quiché",14,"Ixcán",20,2760,341,1,3,31,36,0,1,2,3,9,0,0,0,0,20,106,8,2,116,0,116,1,341,224,106,116,116,,1,4d0298ade9f2f8d0d43589f9a065d804988d9e8764d3f656d124f681abf89c46,25/06/2023 23:58:57,ESCANER
18065,"Quiché",14,"Ixcán",20,2761,380,6,7,64,29,0,1,0,6,12,3,0,1,0,27,156,14,6,176,1,177,1,380,203,156,176,177,,1,322d5fdc9d6a2d32519f6c83d9930b2fa1b5a0ea70d1253cea88e59e6031b63a,26/06/2023 01:52:10,ESCANER
18066,"Quiché",14,"Ixcán",20,2761,380,3,1,71,25,0,2,0,4,19,2,0,1,0,49,177,9,6,192,0,192,--,380,188,177,192,192,Algún campo sin dato,1,cf8e7cd31ec35b9cd02290329bed40d29b9bc368b538182365ba3e6214f06f9c,26/06/2023 00:53:56,ESCANER
18067,"Quiché",14,"Ixcán",20,2761,380,4,3,40,19,0,4,0,5,13,1,2,2,0,54,147,13,5,165,0,165,--,379,216,147,165,165,Algún campo sin dato,1,762ea7e7b63072bcf598f5fa0240d4b8052839a9f711c55f276f1516d6a9a2e2,26/06/2023 01:24:26,ESCANER
18068,"Quiché",14,"Ixcán",20,2761,380,8,3,59,31,0,0,1,2,10,0,1,0,0,40,155,7,5,167,0,167,--,380,213,155,167,167,Algún campo sin dato,1,5531cb55fb6bee206f6a950360c983375d529fd6564ed866ae7972330455019f,25/06/2023 22:50:47,ESCANER
18069,"Quiché",14,"Ixcán",20,2761,380,4,2,29,23,0,2,0,4,13,1,1,0,0,48,127,6,7,140,0,140,--,380,240,127,140,140,Algún campo sin dato,1,118c48397d5727d18f4644dd9e6df12b9c40d235ba4f134033969eadb7191162,26/06/2023 00:14:28,ESCANER
18070,"Quiché",14,"Ixcán",20,2761,380,2,0,46,13,1,0,0,6,12,0,4,0,0,32,116,9,4,129,0,129,--,380,251,116,129,129,Algún campo sin dato,1,d4d5049e9ede42870574609e44d5e8f6ac696f153e9c2f1e11bfa751fd32e2a3,25/06/2023 23:18:36,ESCANER
18071,"Quiché",14,"Ixcán",20,2761,380,4,4,32,20,1,0,1,1,11,0,2,0,0,27,103,8,3,114,0,114,--,377,263,103,114,114,Algún campo sin dato,1,cb6f07c83720c42c41749df6b0480c13152aaeac4b150b103654693cd6eb7922,25/06/2023 23:56:21,ESCANER
18072,"Quiché",14,"Ixcán",20,2761,325,4,1,30,10,0,1,0,2,9,2,0,0,0,34,93,4,4,101,0,101,--,325,224,93,101,101,Algún campo sin dato,1,897a555a2a20c9647695c8df93ae0e3bcde4d2288d9d6b04946d7d807489240b,25/06/2023 22:26:02,ESCANER
18073,"Quiché",14,"Ixcán",20,2761,325,4,3,39,20,0,2,0,1,9,2,0,0,0,33,113,2,4,119,0,119,--,325,206,113,119,119,Algún campo sin dato,1,7756ee39c5d45b0634639f293ccf5e253068b716e929056ece56664734ae887f,25/06/2023 23:45:06,ESCANER
18074,"Quiché",14,"Ixcán",20,2762,380,21,52,29,42,1,1,8,9,18,1,3,0,0,23,208,5,14,227,26,253,--,380,124,208,227,253,Algún campo sin dato,1,d4c4104dbf80d51bc4e7cb82ed1e5c91dd7e87865e7988cc39400a957839df17,26/06/2023 00:01:14,ESCANER
18075,"Quiché",14,"Ixcán",20,2762,380,25,81,20,33,0,0,11,6,33,2,1,1,0,20,233,16,2,251,0,251,--,380,129,233,251,251,Algún campo sin dato,1,081fb4c599ae5ddbab1b3795edc31c28f78dc665807354ab8f61638d43202651,25/06/2023 23:22:22,ESCANER
18076,"Quiché",14,"Ixcán",20,2762,380,20,68,27,40,1,0,9,8,23,0,4,4,0,20,224,19,8,251,0,251,--,380,129,224,251,251,Algún campo sin dato,1,fc738495fd7b2c603ee08c6442989527a9220a77061dd993ba9de3a9b68ed32b,25/06/2023 23:39:23,ESCANER
18077,"Quiché",14,"Ixcán",20,2762,380,23,55,32,40,2,5,16,4,29,0,5,0,1,17,229,20,4,253,0,229,--,380,127,229,253,253,Sumas Asentadas sin cuadrar,1,8da9242b2346dec86db148dd83270766323459a3ae9744639277c53a9e99bd23,26/06/2023 01:59:55,ESCANER
18078,"Quiché",14,"Ixcán",20,2762,380,13,56,28,30,0,1,16,3,24,4,3,0,1,35,214,20,6,240,0,240,--,380,140,214,240,240,Algún campo sin dato,1,6eb4b1151d78251ee80554338fb8ac5264ff1bc9708fa9e7504e429dffcced8b,25/06/2023 23:14:57,ESCANER
18079,"Quiché",14,"Ixcán",20,2762,380,11,49,16,35,1,2,7,6,33,3,2,2,0,25,192,12,16,220,0,192,--,380,160,192,220,220,Sumas Asentadas sin cuadrar,1,0dadf3d441e638ff57983df70e94624112e367214e1de65899aa7ee11183db10,26/06/2023 01:36:11,ESCANER
18080,"Quiché",14,"Ixcán",20,2762,380,26,42,22,33,1,0,12,5,16,1,3,1,0,17,179,19,9,207,0,207,--,381,174,179,207,207,Algún campo sin dato,1,df50c54a958f4f30c3b994a5816fb0fcf593661a9e4a506018b579a52bf660ef,26/06/2023 01:05:52,ESCANER
18081,"Quiché",14,"Ixcán",20,2762,380,21,43,17,31,1,3,9,5,27,2,3,1,0,20,183,17,11,211,0,211,--,380,169,183,211,211,Algún campo sin dato,1,a15bda3472c8e64958ffa317413b7ef7dbf5bc1e93851479bc50268c446a92e3,26/06/2023 03:29:35,ESCANER
18082,"Quiché",14,"Ixcán",20,2762,380,22,48,15,42,1,1,7,7,29,1,0,1,1,19,194,6,1,201,0,201,--,380,179,194,201,201,Algún campo sin dato,1,dd119b2e13ce333485e072459a82c38c36a868e068985233b5e65e1effe46633,25/06/2023 23:51:02,ESCANER
18083,"Quiché",14,"Ixcán",20,2762,263,19,43,9,21,0,0,8,3,17,1,0,0,0,23,144,4,1,149,0,149,--,263,114,144,149,149,Algún campo sin dato,1,bbfa993c967d93e9900ca9d613a2f73822661f1a30dd0e63e2933918c22c0d67,25/06/2023 22:43:18,ESCANER
18084,"Quiché",14,"Ixcán",20,2762,263,11,41,17,24,0,1,10,0,22,1,2,2,0,12,143,11,4,158,0,158,--,263,105,143,158,158,Algún campo sin dato,1,fd7a06216ba132aa3a43b536bc4afa1873a7375cfc0f474f506f15cd1fc65d19,25/06/2023 22:15:21,ESCANER
18085,"Quiché",14,"Ixcán",20,2763,380,4,8,35,68,0,0,4,3,1,4,1,2,8,50,188,19,13,220,0,220,--,380,160,188,220,220,Algún campo sin dato,1,4a3d081021c3197445361ea766131507503ea92d6e103c5d19370ac9fa2adca3,26/06/2023 03:13:16,ESCANER
18086,"Quiché",14,"Ixcán",20,2763,380,18,12,27,50,0,3,1,8,7,1,2,1,2,50,182,18,2,202,0,202,--,380,178,182,202,202,Algún campo sin dato,1,61839f7bade702c94542fb2d2e90fc59a4d8d5c7ed6449b1f0b0d7b2fd22c973,26/06/2023 00:33:27,ESCANER
18087,"Quiché",14,"Ixcán",20,2763,361,6,13,23,25,1,1,2,5,2,2,2,1,4,37,124,17,3,144,0,144,--,361,217,124,144,144,Algún campo sin dato,1,e9b3e28dc9faf6c9ce7aad78bb184c28964d79ea33489265537358efda9df3a4,26/06/2023 03:07:49,ESCANER
18088,"Quiché",14,"Ixcán",20,2763,361,15,6,20,32,0,0,4,2,2,1,0,0,5,60,147,3,1,151,0,151,--,361,210,147,151,151,Algún campo sin dato,1,23a5aacafc759915affc8042113ecc2f6e690400e0ded21115e28b3a8f61096e,26/06/2023 01:46:41,ESCANER
18089,"Quiché",14,"Ixcán",20,2764,380,16,40,31,17,1,2,14,9,8,0,3,2,1,82,226,17,4,247,0,247,--,377,130,226,247,247,Algún campo sin dato,1,7fdf569fd9288de74cfb9004dfbf32b771ba15c9c457831a44c385574ae34c92,26/06/2023 03:18:51,ESCANER
18090,"Quiché",14,"Ixcán",20,2764,380,18,32,15,16,0,1,6,1,5,0,2,1,1,124,222,7,2,231,0,231,--,380,149,222,231,231,Algún campo sin dato,1,695c1808193e0be904a31a4b1e027d40f3c3861fb02f619b098d159bf023ce7e,26/06/2023 03:09:29,ESCANER
18091,"Quiché",14,"Ixcán",20,2764,380,21,39,24,17,0,0,17,4,6,1,1,0,2,49,181,22,3,206,0,206,1,380,173,181,206,206,,1,f89a486bcbdec8b362122eea6d1db96df7127dd6522e7d1f603312a603e3a319,26/06/2023 03:33:06,ESCANER
18092,"Quiché",14,"Ixcán",20,2764,380,16,44,33,25,0,4,23,7,10,2,2,1,0,46,213,15,9,237,0,237,--,380,143,213,237,237,Algún campo sin dato,1,4e05568c4e18bdea67464af0ab7641477407420a98b3edb31fd4ae049dfab5ef,26/06/2023 03:42:06,ESCANER
18093,"Quiché",14,"Ixcán",20,2764,380,10,48,31,24,2,0,13,4,7,1,2,2,2,35,181,13,9,203,0,203,--,380,177,181,203,203,Algún campo sin dato,1,a0d9cacf4862d700ac34648b4c9a6f763175baab61923741b4b9e3c64e9566f4,26/06/2023 01:07:39,ESCANER
18094,"Quiché",14,"Ixcán",20,2764,380,15,41,31,22,0,2,17,5,11,2,1,0,2,47,196,21,10,227,0,227,--,380,153,196,227,227,Algún campo sin dato,1,6b0b71400323a051dd9c006b7ce7113ea89e39700d8cf0a7a46dfe2869215e69,26/06/2023 02:13:51,ESCANER
18095,"Quiché",14,"Ixcán",20,2764,380,22,48,19,19,0,0,22,0,7,2,0,1,0,30,170,13,4,187,0,187,--,356,169,170,187,187,Algún campo sin dato,1,3ef9e6619da532d611d825a00f1cbb80c509737be23ad50868dffc96cd401c4b,26/06/2023 03:44:12,ESCANER
18096,"Quiché",14,"Ixcán",20,2764,380,12,43,25,21,0,2,15,5,10,2,0,1,0,24,160,11,5,176,0,176,--,380,204,160,176,176,Algún campo sin dato,1,ccca5980ad9330b3ee640fdce53a007d6b63809324499244fef799617d7ed18f,25/06/2023 23:41:57,ESCANER
18097,"Quiché",14,"Ixcán",20,2765,380,13,39,15,18,1,2,13,1,11,2,2,1,1,42,161,11,1,173,0,173,0,--,207,161,173,173,Algún campo sin dato,1,7ef20b818b821d1fba7bf71fa132b65ebe25edea380b49c37d620a94ef422778,26/06/2023 05:27:21,ESCANER
18098,"Quiché",14,"Ixcán",20,2765,380,22,45,22,20,0,1,16,6,3,6,0,3,0,24,168,2,1,171,0,171,--,380,209,168,171,171,Algún campo sin dato,1,47f9cd5885672d4ba1921de9fe584fd9fe76f5990142bee7318ddb117709d4fc,25/06/2023 23:19:41,ESCANER
18099,"Quiché",14,"Ixcán",20,2765,196,8,11,6,9,0,0,4,1,6,1,1,1,0,31,79,2,0,81,0,81,--,196,115,79,81,81,Algún campo sin dato,1,2a79c72972810b86bc10d3c371567988d51ddfdd4eda5bc1556ecf7ce20d5297,25/06/2023 22:06:39,ESCANER
18100,"Quiché",14,"Ixcán",20,2765,195,7,14,9,11,0,1,7,3,4,0,0,0,3,20,79,3,2,84,0,84,--,195,111,79,84,84,Algún campo sin dato,1,76357e9d39df0aa850dff7bf8271f2d5753f5a4340c26d2fe15437a9dd159e63,26/06/2023 00:14:26,ESCANER
18101,"Quiché",14,"Ixcán",20,2766,380,8,21,60,48,0,5,9,4,2,0,0,2,1,19,179,19,9,207,1,208,--,404,196,179,207,208,Algún campo sin dato,1,d6b7e14c996f922010e7b39662397352aa06779f2fff357fdd95dd85890bb13b,26/06/2023 06:53:39,ESCANER
18102,"Quiché",14,"Ixcán",20,2766,380,9,20,61,52,0,4,6,9,3,1,2,0,1,22,190,17,7,214,0,214,--,379,165,190,214,214,Algún campo sin dato,1,73d53a6a51901fa01a7a3345fa80a5de83f6218e002ad8e0bb3ebd1a8d5900a5,26/06/2023 06:59:33,ESCANER
18103,"Quiché",14,"Ixcán",20,2766,380,18,25,57,26,0,7,12,6,5,0,0,2,0,19,177,17,2,196,--,196,--,380,184,177,196,196,Algún campo sin dato,1,f328805db5c901df868edf71993ff9915614ce32921309455d2d3469825f572a,26/06/2023 06:51:49,ESCANER
18104,"Quiché",14,"Ixcán",20,2766,380,27,20,72,20,1,1,6,7,5,0,2,1,1,22,185,22,10,217,0,0,--,380,163,185,217,217,Algún campo sin dato,1,c7bcb05522f9801657e2eabc3e9a567dfdf4610c53b73859ddee5a3db3666c73,26/06/2023 07:06:43,ESCANER
18105,"Quiché",14,"Ixcán",20,2766,380,19,23,61,27,0,3,7,7,2,1,4,2,0,15,171,0,12,183,14,197,--,380,183,171,183,197,Algún campo sin dato,1,d186b704cc1b39e57011735addd8e34ffa121e883a53491411a673bca9c1bcbc,26/06/2023 06:50:33,ESCANER
18106,"Quiché",14,"Ixcán",20,2766,380,35,32,54,35,0,5,9,6,5,0,1,0,0,13,195,28,7,230,0,230,--,380,150,195,230,230,Algún campo sin dato,1,d1a6d2da9db183de0980f9bd9ff9e0805e77563bdb954a554712626dd4caac93,26/06/2023 07:01:56,ESCANER
18107,"Quiché",14,"Ixcán",20,2766,380,18,25,42,23,0,0,16,6,7,2,4,2,0,12,157,28,5,190,0,190,--,380,190,157,190,190,Algún campo sin dato,1,98e9dd6530f5314bdcaee21aee1a8e72e3a9818bfac2881d68f2b4e6a3c79157,26/06/2023 06:49:18,ESCANER
18108,"Quiché",14,"Ixcán",20,2766,380,24,25,69,26,1,5,9,3,1,0,2,0,2,12,179,10,6,195,0,195,--,380,185,179,195,195,Algún campo sin dato,1,1b2c8d5feea706f927771b8efa4525fc177204387f6f0dc2e59d580a90484046,26/06/2023 06:54:07,ESCANER
18109,"Quiché",14,"Ixcán",20,2766,380,33,22,51,37,0,3,20,8,8,1,4,0,0,10,197,6,4,207,0,207,--,377,170,197,207,207,Algún campo sin dato,1,a017fb2ba4657430252d65f8657f2751e8953eef522b18ae65609947aed3e5e3,26/06/2023 06:56:39,ESCANER
18110,"Quiché",14,"Ixcán",20,2766,268,15,18,31,21,0,1,14,4,2,0,3,0,1,8,118,4,2,124,0,124,--,268,144,118,124,124,Algún campo sin dato,1,d4d94e8c86cfafc8f736faaa7a0544b6a8271572e10e311453f36f0a7e78df4b,26/06/2023 07:00:33,ESCANER
18111,"Quiché",14,"Ixcán",20,2766,268,4,14,35,26,0,7,10,5,3,0,2,0,1,14,121,7,3,131,0,131,--,268,137,121,131,131,Algún campo sin dato,1,da813162f525f959f2deaf581555d9790b94b2950317bc8edc4dbbf25b57b495,26/06/2023 07:06:24,ESCANER
18112,"Quiché",14,"Ixcán",20,2767,600,4,9,18,11,0,0,3,5,2,5,1,1,0,22,81,7,4,92,0,81,--,599,507,81,92,92,Sumas Asentadas sin cuadrar,1,d8fd93bd85f92d9be5208ceaa71735b0535a0c19ed43541831b90e3fc82f9f64,25/06/2023 23:33:49,ESCANER
18113,"Quiché",14,"Ixcán",20,2767,346,3,12,12,8,0,1,3,2,2,1,1,0,0,8,53,2,4,59,0,59,--,346,287,53,59,59,Algún campo sin dato,1,83bb1f0ad85e43929b0f8b025b046cc3af020b2955ac6f7391c400d2eed4951e,25/06/2023 20:58:21,ESCANER
18114,"Quiché",14,"Ixcán",20,2767,346,3,5,6,7,0,1,0,4,3,0,1,0,0,4,34,2,1,37,3,37,0,346,309,34,37,40,Sumas Asentadas sin cuadrar,1,f8aa681c99a0f866d9d58b343803688db61da3cdfb69fb188c4c785ff39bd8a2,25/06/2023 20:39:52,ESCANER