﻿TIPO_DE_ELECCIÓN:,CORPORACIÓN MUNICIPAL
28 junio 2023 21:35 (UTC -6)
ACTAS_ESPERADAS,ACTAS_CAPTURADAS,PORCENTAJE_ACTAS_CAPTURADAS,ACTAS_CONTABILIZADAS,PORCENTAJE_ACTAS_CONTABILIZADAS,ACTAS_NO_CONTABILIZADAS,LISTA_NOMINAL_ACTAS_CONTABILIZADAS,VOTOS_EMITIDOS_CONTABILIZADAS,PORCENTAJE_PARTICIPACIÓN_CIUDADANA
95,95,100.0000,95,100.0000,0,35822,18636,52.0238

MESA,DEPARTAMENTO,ID_DEPARTAMENTO,MUNICIPIO,ID_MUNICIPIO,CENTRO_DE_VOTACIÓN,PADRÓN,CABAL,VALOR,AZUL,UNE,CAMBIO,MLP,PODEMOS,VICTORIA,TODOS,UR,BIEN,PR,PPN,VAMOS,VIVA,VOS,VÁLIDOS,NULOS,BLANCO,EMITIDOS,INVÁLIDOS,TOTAL,IMPUGNACIONES,PAPELETAS-RECIBIDAS,PAPELETAS-NO-USADAS,VALIDOS_CALCULADO,EMITIDOS_CALCULADO,TOTAL_CALCULADO,OBSERVACIONES,CONTABILIZADA,CÓDIGO_INTEGRIDAD,FECHA_HORA_PUBLICACIÓN,DIGITALIZACIÓN
7712,"Escuintla",5,"Tiquisate",6,870,400,47,48,6,50,13,2,40,4,0,4,3,8,3,0,6,1,235,15,5,255,0,255,0,400,145,235,255,255,,1,8d3bb790154b6b416e26cf20dc0dc22aefda6c85e682bb4ee6c5baaaeec349a0,26/06/2023 00:48:08,ESCANER
7713,"Escuintla",5,"Tiquisate",6,870,400,44,48,8,27,13,2,62,2,0,1,2,8,3,4,2,1,227,19,7,253,0,253,0,400,147,227,253,253,,1,9390c1500fd7162507a567307fa0b94347d3a6f07c42a8d3de8390389ec3d163,26/06/2023 00:53:54,ESCANER
7714,"Escuintla",5,"Tiquisate",6,870,400,40,65,10,29,21,1,36,4,0,3,0,8,5,3,9,2,236,17,1,254,0,254,0,400,145,236,254,254,,1,98d91b7c9eb0e615b3759190ed9576e09d460d5756b12f0c92c65f88edf028ec,26/06/2023 01:45:22,ESCANER
7715,"Escuintla",5,"Tiquisate",6,870,400,48,70,4,22,13,3,44,4,0,3,1,10,4,5,8,0,239,24,0,263,0,263,--,400,137,239,263,263,Algún campo sin dato,1,52682197d13d85da983f391084317a93396a0737d252ce852ec704d24f172ab8,26/06/2023 01:43:25,ESCANER
7716,"Escuintla",5,"Tiquisate",6,870,400,47,57,12,35,13,1,50,3,1,4,1,18,2,5,1,0,250,21,1,272,0,272,0,397,125,250,272,272,,1,35804fa50ce2723400b841553900e499356921efcbdcabece156e546dd5b3f78,25/06/2023 23:48:43,ESCANER
7717,"Escuintla",5,"Tiquisate",6,870,400,44,72,9,32,8,2,52,6,0,1,0,7,4,5,13,0,255,14,1,270,0,270,0,400,130,255,270,270,,1,bed047e972968e43802e0e6986972d6fe2ebe4972a96aea4ee0a92b37d14ba83,26/06/2023 00:55:10,ESCANER
7718,"Escuintla",5,"Tiquisate",6,870,400,29,79,8,21,19,0,63,2,1,4,2,20,3,6,3,3,263,12,2,277,0,277,0,400,123,263,277,277,,1,8894bbd6acef2218f395bfaa62f68249ba68a8c62f90ea436b9585ea7cfb096b,26/06/2023 00:04:47,ESCANER
7719,"Escuintla",5,"Tiquisate",6,870,400,46,59,13,19,16,0,52,5,1,3,3,8,3,4,4,1,237,9,4,250,0,250,0,400,150,237,250,250,,1,a5a466a1da0ebf97f9bf8962cf3f20d4dadd25922784cbea2de62c3c4cfc80a7,26/06/2023 00:51:52,ESCANER
7720,"Escuintla",5,"Tiquisate",6,870,400,35,62,8,39,11,0,51,2,0,2,0,9,2,0,2,1,224,10,2,236,0,236,0,400,164,224,236,236,,1,a80bb139835c9c1f80e745583e97e9d55966701984f8143f702886e4d3c8bcbc,26/06/2023 00:36:19,ESCANER
7721,"Escuintla",5,"Tiquisate",6,870,400,53,55,9,32,21,2,39,4,2,3,2,9,0,0,3,4,238,14,4,256,0,256,0,400,144,238,256,256,,1,b1d8fd1b71ec60d732ace4d67d3af6185e7eedd43c089f021f25b656016d35c4,26/06/2023 00:44:41,ESCANER
7722,"Escuintla",5,"Tiquisate",6,870,400,41,49,6,39,14,1,54,1,0,2,0,11,2,4,2,2,228,15,1,244,0,244,0,400,156,228,244,244,,1,0ea943d8f2028be10c8e09f222c6e4d62985abfa8728b641d1ebdbd801db6993,26/06/2023 00:43:44,ESCANER
7723,"Escuintla",5,"Tiquisate",6,870,400,33,50,8,27,12,1,58,4,3,0,1,17,3,3,13,0,233,11,3,247,0,247,0,400,153,233,247,247,,1,ef8cda606791c08ea8379c0d68d2631b308be88670db29760ea8e0ba0bad672a,26/06/2023 00:20:14,ESCANER
7724,"Escuintla",5,"Tiquisate",6,870,400,43,51,7,33,13,0,50,1,1,1,0,10,5,3,5,0,223,10,0,233,0,233,0,400,167,223,233,233,,1,490e38490ec27d8efd4f571da310690d91765f5defaed3a2ae8bac37da9ea9d2,26/06/2023 00:14:13,ESCANER
7725,"Escuintla",5,"Tiquisate",6,870,400,41,55,12,28,15,1,55,1,0,3,0,17,6,1,7,0,243,16,3,262,0,262,--,400,138,242,261,261,Sumas Asentadas sin cuadrar,1,f0e0f4205f53eb723027b4872eba8b30ef984d122645d9f5259a84f79f5714d1,26/06/2023 01:23:05,ESCANER
7726,"Escuintla",5,"Tiquisate",6,870,400,52,45,7,28,10,0,52,2,1,1,2,11,2,0,3,0,216,15,2,233,0,233,0,400,167,216,233,233,,1,a49c8ed864d4678637c32e538fc07062f67c629cddfe6312c2a35749de95b163,26/06/2023 00:27:13,ESCANER
7727,"Escuintla",5,"Tiquisate",6,871,400,30,48,6,38,11,0,54,5,0,0,0,0,0,2,4,0,230,12,4,246,0,246,0,397,151,198,214,214,Sumas Asentadas sin cuadrar,1,ef3fea48c44fada99f00fee6dfacb5a809af5edd9fe605e10bfa3001415f5437,26/06/2023 00:55:20,ESCANER
7728,"Escuintla",5,"Tiquisate",6,871,400,47,40,7,23,10,2,29,1,1,1,2,8,2,2,3,0,178,13,7,198,0,198,0,397,199,178,198,198,,1,86bd1772be8e30f320814949e026246801a1a2e81e88946689a28dc30d408d6b,26/06/2023 01:07:22,ESCANER
7729,"Escuintla",5,"Tiquisate",6,871,400,45,42,8,31,10,1,50,5,0,4,0,9,4,4,2,0,215,5,2,222,0,222,0,400,178,215,222,222,,1,812d06502ba081233f80442c607867ca4174715ba7394b39687965b18f39a984,26/06/2023 00:34:08,ESCANER
7730,"Escuintla",5,"Tiquisate",6,871,400,48,44,4,17,20,3,42,0,0,2,1,8,4,1,5,1,200,4,0,204,0,204,0,400,196,200,204,204,,1,5b5f4059bf56ce6a349cb005d1645c8d377c4724fb0394d5e1151e31dce4bd0c,26/06/2023 01:46:32,ESCANER
7731,"Escuintla",5,"Tiquisate",6,871,400,38,47,9,27,9,0,61,1,1,1,0,7,3,4,1,1,207,8,0,215,0,215,0,400,188,210,218,218,Sumas Asentadas sin cuadrar,1,c48dc08d1c662c2778fc2c5a71a0ae86bdc4dda181fa08ac29efcac059f21280,26/06/2023 01:43:16,ESCANER
7732,"Escuintla",5,"Tiquisate",6,871,332,41,19,6,15,15,0,37,3,0,0,2,8,1,2,3,0,152,6,1,159,0,159,0,332,173,152,159,159,,1,84b874fafcf795f8f27e5fd27a6b6777d77bfa06a83e2213119b6c3405b551ed,25/06/2023 23:25:41,ESCANER
7733,"Escuintla",5,"Tiquisate",6,871,332,32,21,7,24,4,0,21,3,0,0,0,3,3,2,0,1,121,5,1,127,0,127,0,329,205,121,127,127,,1,77787667c81745bb7a6e573abbe0d54a9c2df965e2791617f8cfdf55ba2dee4e,26/06/2023 00:50:14,ESCANER
7734,"Escuintla",5,"Tiquisate",6,872,400,42,49,11,32,6,0,41,7,0,1,0,5,6,0,7,0,207,24,6,237,0,237,0,400,163,207,237,237,,1,29a6e80dda9c8eab60c0a7299cdf620bd76000d37e5e1d7801aee33c3457104d,26/06/2023 00:17:55,ESCANER
7735,"Escuintla",5,"Tiquisate",6,872,400,43,67,7,36,3,0,50,2,2,1,0,7,4,3,4,1,230,28,2,260,0,260,0,400,140,230,260,260,,1,62980872c8123be001334f09c19e2fc3dfb4905f9bf3881a9d34f50f82b03964,25/06/2023 22:44:28,ESCANER
7736,"Escuintla",5,"Tiquisate",6,872,400,32,61,8,32,12,0,56,3,0,1,0,11,6,5,4,5,236,25,2,263,0,236,0,397,161,236,263,263,Sumas Asentadas sin cuadrar,1,9198b12eb36bd70c552af67a5c4219752781e127e8dbdd650a2287b78a1b6dba,25/06/2023 23:40:31,ESCANER
7737,"Escuintla",5,"Tiquisate",6,872,400,40,61,6,31,13,4,53,2,0,4,0,10,2,3,5,1,235,21,1,257,0,257,0,399,142,235,257,257,,1,1d323b468ea48a85960d213019ca841d848db3e1d6aaa73a9ecf3bb8fc1fd8a4,26/06/2023 00:21:23,ESCANER
7738,"Escuintla",5,"Tiquisate",6,872,400,43,39,8,18,14,0,56,3,3,1,0,11,3,1,3,1,204,11,2,217,0,217,0,405,188,204,217,217,,1,d6a4fcac50eca33f6512632fe27530c37bfb2c391a101f30c99310c46885481a,25/06/2023 22:43:19,ESCANER
7739,"Escuintla",5,"Tiquisate",6,872,400,39,41,6,37,7,2,59,6,0,0,1,10,9,0,4,3,224,11,1,236,0,236,0,400,164,224,236,236,,1,4432b85a9b1f5efe6eec080bd488c055c1b68f12e0528196c080d5863b9c6f27,26/06/2023 00:09:37,ESCANER
7740,"Escuintla",5,"Tiquisate",6,872,400,45,34,11,28,7,0,45,4,0,2,1,11,4,3,3,1,199,23,6,228,0,228,0,400,172,199,228,228,,1,7df9bbac746b281f2033ad4121f7f8be0e6d2b942226eddc2f05fc7b18bc852f,26/06/2023 00:45:25,ESCANER
7741,"Escuintla",5,"Tiquisate",6,872,400,39,47,11,30,11,1,40,4,0,3,0,8,2,2,4,0,202,17,0,219,0,219,0,400,181,202,219,219,,1,8443313ee0124aa746d73ceb399808f9d8dea55cdae276b646a2127c2e743890,25/06/2023 23:55:07,ESCANER
7742,"Escuintla",5,"Tiquisate",6,872,400,42,41,9,18,6,0,57,2,0,0,0,11,3,0,0,3,192,9,0,201,0,201,0,400,199,192,201,201,,1,71c0e28879e94de61296d421ea6872b80dc301a5c3d2b6c52a27dd1826a769ff,25/06/2023 22:29:14,ESCANER
7743,"Escuintla",5,"Tiquisate",6,872,214,24,24,0,9,4,0,37,2,1,0,0,3,0,1,2,0,107,3,1,111,0,111,0,214,103,107,111,111,,1,ac3a2e86edfc1d718da871fe73c3a976d0e4e76d2232cb4dfc17a1567408baf2,26/06/2023 00:02:19,ESCANER
7744,"Escuintla",5,"Tiquisate",6,872,213,25,15,3,12,3,0,18,1,1,1,1,1,2,2,1,0,80,5,0,87,0,87,0,213,126,86,91,91,Sumas Asentadas sin cuadrar,1,8444757e771ed2faef1447c68f224dfc0df97eb9851aaefb866c35bd8174dd9e,25/06/2023 23:03:10,ESCANER
7745,"Escuintla",5,"Tiquisate",6,873,400,59,48,7,33,10,1,57,4,2,4,1,6,2,4,2,1,241,17,1,259,0,259,0,400,141,241,259,259,,1,1c84af34f0482a37b3680a09d06dab36303842d9b7b0188f8c13a4552986ce3e,25/06/2023 22:55:30,ESCANER
7746,"Escuintla",5,"Tiquisate",6,873,400,46,46,10,42,8,0,46,4,0,1,1,5,5,1,3,3,221,19,2,242,0,242,0,400,158,221,242,242,,1,dbf39c40e401e6cf929cf9fb0014e3878da298e70a8c2e4bdf714220323af95d,25/06/2023 23:48:37,ESCANER
7747,"Escuintla",5,"Tiquisate",6,873,280,32,40,5,16,11,1,41,2,0,0,1,7,1,0,5,1,163,9,1,173,0,173,0,280,107,163,173,173,,1,ee3a869d2b09246807ae85f1d6e21d1fcf8b9e383aff15a7e2b297395228a3dc,25/06/2023 23:17:32,ESCANER
7748,"Escuintla",5,"Tiquisate",6,873,280,35,42,7,22,9,2,34,0,0,2,0,5,2,0,2,1,163,6,0,169,0,169,0,280,111,163,169,169,,1,1b9511edf2d2bf64b8f2d7dd8ee3b1663cecceec78ebe81e6da08310fb5e28d5,26/06/2023 00:06:05,ESCANER
7749,"Escuintla",5,"Tiquisate",6,874,400,68,55,17,28,13,2,46,1,1,1,1,11,0,3,4,2,253,14,1,268,0,268,0,400,132,253,268,268,,1,55e5d71a15a5b827797ab65e90c5b99554d3ea2da547f1ded4fee6b9d49cc56f,26/06/2023 00:19:29,ESCANER
7750,"Escuintla",5,"Tiquisate",6,874,400,51,60,18,37,7,4,52,2,0,1,2,13,2,1,4,1,255,6,0,261,0,261,0,400,139,255,261,261,,1,213f690e2440b70ff960ca7bdba6714f98b644d3fdd6ee24ef11721ba8209025,26/06/2023 00:13:42,ESCANER
7751,"Escuintla",5,"Tiquisate",6,874,204,31,38,9,12,19,1,26,0,0,0,0,6,0,0,3,1,146,2,1,149,0,149,0,204,55,146,149,149,,1,1d9ecd8f00abafe534e51329950bd552463517ce220692aa417c6c903f5117fc,25/06/2023 22:42:17,ESCANER
7752,"Escuintla",5,"Tiquisate",6,874,203,26,27,8,13,8,0,24,0,0,0,0,5,1,1,2,0,115,5,1,121,0,121,0,203,82,115,121,121,,1,894487980d04fc2b67679964ed0d3a834f2a373494e85f5c5e3159f76ce6b897,25/06/2023 22:05:09,ESCANER
7753,"Escuintla",5,"Tiquisate",6,875,221,24,53,0,24,4,2,13,2,0,1,0,8,1,2,4,0,138,7,0,145,0,145,0,0,0,138,145,145,,1,fa4a35fb468ced8bfc6e0603dd61b7c75e9208fce4718c836165a4d85049ac24,25/06/2023 21:53:19,ESCANER
7754,"Escuintla",5,"Tiquisate",6,875,220,16,37,8,21,5,0,32,1,0,0,0,5,2,3,5,1,136,5,0,141,0,141,0,220,79,136,141,141,,1,f3f46633a5c1e45051609927e6e1d5c8a26bf6007321098155a625fa2e55cc07,25/06/2023 22:50:09,ESCANER
7755,"Escuintla",5,"Tiquisate",6,876,380,36,75,5,18,27,2,48,3,0,4,1,13,4,1,3,0,240,10,1,251,0,251,0,380,129,240,251,251,,1,200ea2284e999cf9bb70a9e3ba520108f0454bd2581be9d9feaefa948e7d0ff9,26/06/2023 00:50:40,ESCANER
7756,"Escuintla",5,"Tiquisate",6,877,380,18,6,6,16,2,0,153,13,1,0,0,4,1,2,2,1,225,34,2,261,0,261,0,380,119,225,261,261,,1,6d66c687fe3fd3526f1c21aa21bdd3e6d5ff06843b246b4dfe729dfbada80a1a,25/06/2023 23:17:09,ESCANER
7757,"Escuintla",5,"Tiquisate",6,877,380,21,11,4,15,4,2,164,23,0,0,0,1,0,1,1,0,247,12,3,262,0,262,0,380,118,247,262,262,,1,1fa196c03f4d417a6654de805f6ec730e836dcdcd3188cd98dd8fcebf56837cb,25/06/2023 22:54:14,ESCANER
7758,"Escuintla",5,"Tiquisate",6,877,380,33,17,3,9,1,2,146,9,0,0,0,4,1,1,0,0,226,18,6,250,0,250,0,380,130,226,250,250,,1,bc9a615678c1eeec3e2dc4ad6357d4b633eac801e5bcc9acfc0648d8e4adedf6,25/06/2023 21:49:58,ESCANER
7759,"Escuintla",5,"Tiquisate",6,877,380,28,17,3,8,0,2,166,9,0,0,0,4,0,0,1,0,238,25,2,265,0,265,0,380,115,238,265,265,,1,6e566bf4e2bf228134c1e376ea4d52df47f55c1d22d0d39d67f67cd28405b7a9,26/06/2023 00:22:18,ESCANER
7760,"Escuintla",5,"Tiquisate",6,877,380,23,10,5,5,2,1,147,12,0,0,0,0,1,0,2,0,208,21,1,230,0,208,0,380,150,208,230,230,Sumas Asentadas sin cuadrar,1,8232bd88400e83484aaa2f761cf6ed119370ba9a0ee238e651baca863262af5b,26/06/2023 00:35:32,ESCANER
7761,"Escuintla",5,"Tiquisate",6,877,277,15,9,1,2,0,0,152,9,0,0,0,0,0,1,0,0,189,1,3,193,0,193,0,277,84,189,193,193,,1,206df172997720b8cdeea2e948984223e24e28ba5c2df6273249075bfb682372,25/06/2023 22:48:27,ESCANER
7762,"Escuintla",5,"Tiquisate",6,877,276,23,4,2,5,0,0,103,7,0,0,0,1,0,1,1,0,147,8,0,155,0,155,0,276,121,147,155,155,,1,770a10d38e0e609df093e554bd9dabb8754367de8ae7749234902a9fe4577d8a,25/06/2023 23:09:12,ESCANER
7763,"Escuintla",5,"Tiquisate",6,878,380,41,43,3,34,2,1,56,4,0,1,0,3,2,3,2,0,195,23,6,224,0,224,0,380,195,195,224,224,,1,83102403e9e7ff57102a2644f356783bcb881b2ee9f923fede7ac0168cd98cb3,26/06/2023 00:55:54,ESCANER
7764,"Escuintla",5,"Tiquisate",6,878,380,35,38,2,29,1,1,52,11,0,0,0,6,2,2,1,0,180,40,4,224,0,224,0,380,156,180,224,224,,1,5c821af84ea0c93b716160ddb8b5ad9600c476396ce3b2c1c9bf8cccf93ee199,26/06/2023 00:50:17,ESCANER
7765,"Escuintla",5,"Tiquisate",6,878,380,35,43,3,23,2,0,56,6,2,0,0,1,4,2,7,0,184,21,8,213,0,213,0,376,163,184,213,213,,1,24e45c772a605417054aeb66522a7d60b314abbea8181d61a426d9c822faed34,26/06/2023 00:10:51,ESCANER
7766,"Escuintla",5,"Tiquisate",6,878,380,36,34,5,17,0,2,49,5,0,1,0,4,0,3,4,0,160,15,5,180,0,0,0,380,200,160,180,180,,1,19f883ccf6c25b934716f3efda280304e5aeb031fa879b6de347185ce8d146f8,25/06/2023 23:45:08,ESCANER
7767,"Escuintla",5,"Tiquisate",6,878,380,43,20,3,16,2,1,46,4,1,0,0,0,0,4,5,0,145,26,3,174,0,174,0,380,203,145,174,174,,1,744978433da08f01ff4846737b155fd3841f8d994c0f7683b4c9491313206539,25/06/2023 22:19:58,ESCANER
7768,"Escuintla",5,"Tiquisate",6,878,380,40,29,5,31,1,1,44,5,2,1,0,2,0,0,5,0,166,28,3,197,0,197,0,380,183,166,197,197,,1,a4b635cbe5ffa535f2861f3ed7cc14de4e97eba5cc1ccb15011ecc9fa5965036,25/06/2023 23:27:52,ESCANER
7769,"Escuintla",5,"Tiquisate",6,878,380,32,34,3,29,2,0,69,1,0,1,0,1,2,2,5,1,182,24,9,215,0,215,0,380,165,182,215,215,,1,617dd101e09d1409f4609c50e6cb4b3fccd3c3812ea1533f0f57f3eb95891c75,25/06/2023 22:54:43,ESCANER
7770,"Escuintla",5,"Tiquisate",6,878,380,38,24,3,21,2,2,52,5,0,0,0,6,1,1,4,0,159,11,4,0,6,180,0,380,199,159,174,180,,1,9f25634ce94de912a71dc024dff0a29f794e0b02a1987bc7aac6523efa8e4251,26/06/2023 00:53:17,ESCANER
7771,"Escuintla",5,"Tiquisate",6,878,380,32,24,4,19,3,0,45,3,0,2,0,2,2,2,3,0,141,14,1,156,0,156,0,380,224,141,156,156,,1,d44ac54c9838aa216a7bcb6af1086f14e44d1c4066ec08085012bbf145a4368c,25/06/2023 23:47:53,ESCANER
7772,"Escuintla",5,"Tiquisate",6,878,208,11,16,3,5,0,0,33,3,0,2,0,2,0,0,0,0,75,14,1,90,0,90,0,208,118,75,90,90,,1,8d767249c7bbb51267f3cf074674e212717042f666b54fafe5fa3f472227ebe4,25/06/2023 21:47:14,ESCANER
7773,"Escuintla",5,"Tiquisate",6,878,207,21,11,3,13,0,0,15,1,0,0,0,2,1,0,0,0,67,7,0,74,0,74,0,207,133,67,74,74,,1,1f4906e8662ce889a2534a8979795df18cb59d42313a016ef2e53bfc1c3de78a,25/06/2023 22:24:06,ESCANER
7774,"Escuintla",5,"Tiquisate",6,879,380,97,4,0,30,1,0,20,1,1,1,0,3,1,8,3,0,170,1,5,192,16,176,--,380,188,170,176,192,Sumas Asentadas sin cuadrar,1,0759f1276bb5fbb68e5b41ba1e4534c8af6e12e7640771e6f8b233666829d17f,26/06/2023 05:51:31,ESCANER
7775,"Escuintla",5,"Tiquisate",6,879,380,141,6,2,32,3,0,8,2,1,0,0,2,0,16,3,1,217,21,3,241,0,241,--,380,139,217,241,241,Algún campo sin dato,1,4253df41f84beadc11dccbd22a9f4e2a2430af70bae175a723eec95f82ff39bd,26/06/2023 05:57:00,ESCANER
7776,"Escuintla",5,"Tiquisate",6,879,380,102,6,2,20,8,1,8,2,0,2,0,0,2,2,2,1,158,11,1,170,0,170,--,380,210,158,170,170,Algún campo sin dato,1,6a6180a977170e11973487b46306a285eefd39bbaebcd9f9867fecff906c3c44,26/06/2023 05:51:10,ESCANER
7777,"Escuintla",5,"Tiquisate",6,879,380,105,5,1,35,1,3,24,6,0,0,2,0,0,9,4,2,197,28,2,227,0,227,--,380,103,197,227,227,Algún campo sin dato,1,6a71399fee443e0da613bb32dfe6075a0dedd5d0132a43a0050fa516044d781a,26/06/2023 04:52:08,ESCANER
7778,"Escuintla",5,"Tiquisate",6,879,380,102,5,1,23,3,3,19,6,0,0,0,2,1,10,0,0,175,22,4,201,0,201,--,380,179,175,201,201,Algún campo sin dato,1,1433500cfeafcd2f2c022ee6abfd5645e68f3aa7152870c1619272d218b15d75,26/06/2023 04:50:42,ESCANER
7779,"Escuintla",5,"Tiquisate",6,879,380,120,4,1,29,0,0,11,2,1,1,0,1,0,5,2,0,177,5,1,183,0,183,0,380,197,177,183,183,,1,a3cb3fcc550a0ef3e326281034321f8c9646f542f273bf026c927a4e0aaba52a,25/06/2023 23:22:20,ESCANER
7780,"Escuintla",5,"Tiquisate",6,879,380,124,3,1,26,1,1,15,3,0,0,0,2,0,7,1,0,184,21,4,209,0,209,0,380,171,184,209,209,,1,47c47d6b0a0c8e2e13eb5966e5f5ab5ddd2ca0ec022bd3b846695b2f0edc7c1d,25/06/2023 22:31:13,ESCANER
7781,"Escuintla",5,"Tiquisate",6,879,380,112,5,4,17,0,2,12,1,0,1,0,1,1,6,3,0,165,13,5,183,0,183,--,380,197,165,183,183,Algún campo sin dato,1,347581d0d9cac01d0cb460a9f4db54d187d25b6b4465a4d377764d9d1c9baf7a,26/06/2023 05:53:01,ESCANER
7782,"Escuintla",5,"Tiquisate",6,879,380,117,6,1,30,1,0,9,1,0,1,0,2,0,2,2,0,172,15,5,192,0,192,--,380,188,172,192,192,Algún campo sin dato,1,0a1118402061cd70d754fb623cb51a59972ad1c85e15fdf8497afee32c297ee8,26/06/2023 00:40:43,ESCANER
7783,"Escuintla",5,"Tiquisate",6,879,380,91,4,1,32,0,0,12,2,0,0,0,0,0,6,3,0,151,17,4,172,0,172,--,380,208,151,172,172,Algún campo sin dato,1,e0e012cefb1bf5adc8a805965a58371ef07ccfd4a7ee08f4077243027a38b0f1,26/06/2023 05:53:20,ESCANER
7784,"Escuintla",5,"Tiquisate",6,879,380,114,4,2,35,1,0,10,0,0,0,0,0,0,2,3,0,171,18,6,195,0,195,0,380,185,171,195,195,,1,11961746eeb46a500d43060235193fb89d99a1ff2b83fe0cd85c1920b3611e1e,25/06/2023 23:19:59,ESCANER
7785,"Escuintla",5,"Tiquisate",6,879,380,75,5,1,33,0,3,7,1,1,0,0,0,0,6,0,0,132,18,7,157,0,157,--,380,223,132,157,157,Algún campo sin dato,1,65a06931a9bbca9c9ea8e1f0b72f5c61c7a0b557565184f905887356edf1642a,26/06/2023 05:51:41,ESCANER
7786,"Escuintla",5,"Tiquisate",6,879,380,94,2,1,31,1,0,11,3,1,0,0,2,0,10,1,0,157,14,1,172,0,172,0,380,208,157,172,172,,1,cb96b29e62a5503dcf5e81829350c64b30cb2bd18f4f91cb37dca9c6e04e2694,26/06/2023 00:47:51,ESCANER
7787,"Escuintla",5,"Tiquisate",6,879,380,102,3,2,19,0,0,16,0,0,0,0,1,0,2,1,1,147,7,0,154,0,154,0,380,226,147,154,154,,1,45727d54d60271eb3addb1a52bee80f5b96a75165c6408231caee08e12d2b505,26/06/2023 00:38:38,ESCANER
7788,"Escuintla",5,"Tiquisate",6,880,380,104,4,2,30,2,1,19,1,0,0,0,2,0,1,3,0,169,5,0,174,0,174,0,380,206,169,174,174,,1,3081387c24e0a9336792c8ba12a51ab783cb24415e939cca661877273e11c53e,26/06/2023 00:27:06,ESCANER
7789,"Escuintla",5,"Tiquisate",6,880,355,67,4,1,23,0,0,12,1,1,0,0,1,0,2,0,0,112,5,2,119,0,119,0,355,236,112,119,119,,1,f8111e438a0400ee5ffff76648ef379279b5b640a8ca8322380d2eed3a2c5d72,26/06/2023 00:00:56,ESCANER
7790,"Escuintla",5,"Tiquisate",6,880,354,72,3,1,14,1,0,8,1,0,0,2,0,0,1,1,0,104,5,0,109,0,109,0,354,245,104,109,109,,1,00a28bd6e1713b48c67007f67446fdfefd131951f9feb9b67ab86397f0f66d52,25/06/2023 23:59:24,ESCANER
7791,"Escuintla",5,"Tiquisate",6,881,353,27,18,2,47,3,5,12,0,0,0,1,1,0,2,7,1,126,10,0,136,0,136,2,350,212,126,136,136,,1,a29a70721a77933fd8d085422088dd0c5e31dc20f93b42d923e6bed76f1369cf,25/06/2023 23:07:38,ESCANER
7792,"Escuintla",5,"Tiquisate",6,881,353,31,11,5,28,0,0,14,0,0,0,0,2,1,0,5,1,100,10,0,110,0,110,0,253,243,98,108,108,Sumas Asentadas sin cuadrar,1,b18c160f2b8dd3413c3c97a708df9b250eb185aae22393a6851b8af2c5ae968d,25/06/2023 23:09:56,ESCANER
7793,"Escuintla",5,"Tiquisate",6,882,380,26,27,20,47,9,5,38,1,2,0,0,8,2,2,5,1,193,22,4,219,0,219,0,380,161,193,219,219,,1,63085c420230039ac8ee5c7ae3392f3cfb1c02b479fc2e8df7256adcdf2f7b94,26/06/2023 00:38:40,ESCANER
7794,"Escuintla",5,"Tiquisate",6,882,380,35,24,18,45,10,3,35,3,0,0,1,5,4,1,7,1,192,20,5,217,0,217,0,380,163,192,217,217,,1,937c775b9803431351d7da224eae27bf4bea4409eea232df7e3e7d85e403d163,26/06/2023 00:53:26,ESCANER
7795,"Escuintla",5,"Tiquisate",6,882,380,35,21,24,30,8,6,22,2,1,0,0,5,4,4,6,1,169,19,1,189,0,189,0,371,182,169,189,189,,1,67ba92c56de1d11dced73ec292620a135c1037777ad843c3a6a35938098ce990,26/06/2023 02:07:09,ESCANER
7796,"Escuintla",5,"Tiquisate",6,882,380,32,11,24,37,7,4,34,2,2,1,1,5,3,1,7,0,171,10,4,185,0,0,0,0,0,171,185,185,,1,d733db35e81ed645eeeedd504e5d708bb51e03aadb42205071d4dd4b721f4d9b,26/06/2023 01:31:41,ESCANER
7797,"Escuintla",5,"Tiquisate",6,882,247,15,12,7,13,9,1,17,4,0,0,0,1,4,0,3,1,87,3,2,92,5,97,0,247,150,87,92,97,,1,61895e616b180e8a23956c33ba7ef405b88556e60fbcdd697a0604b1d2be42f7,26/06/2023 00:11:31,ESCANER
7798,"Escuintla",5,"Tiquisate",6,882,247,27,8,11,17,5,1,12,0,0,1,0,4,2,1,1,0,90,4,0,94,0,94,0,247,153,90,94,94,,1,40ab19a9d3e9cd19e640dc2cf9560fe320c15dfdeffef5083bc76d4ba4290589,25/06/2023 23:02:47,ESCANER
7799,"Escuintla",5,"Tiquisate",6,883,600,45,38,4,20,11,2,39,4,0,1,0,6,4,3,4,0,181,15,1,197,0,197,0,600,403,181,197,197,,1,0f15ab5e61f1ab97829f63c1c469c0a52e7cca7bcd29446a6a62b4566b9a3e91,26/06/2023 00:07:12,ESCANER
7800,"Escuintla",5,"Tiquisate",6,883,600,41,49,10,17,13,3,48,4,1,0,1,7,1,2,5,1,203,21,3,227,0,227,0,597,370,203,227,227,,1,3dbdacc8b9407d12b02f8b6206ea7717909e79806fbfe03ce7cc21cb80a328f7,26/06/2023 00:23:01,ESCANER
7801,"Escuintla",5,"Tiquisate",6,883,600,34,45,7,17,16,4,49,4,1,3,1,10,5,3,6,0,206,10,3,218,0,218,0,597,379,205,218,218,Sumas Asentadas sin cuadrar,1,875238e9e8e1e97809c06b4495611371f1a568807c5d8d38243735726e9a8921,25/06/2023 23:36:50,ESCANER
7802,"Escuintla",5,"Tiquisate",6,883,600,42,66,8,19,13,0,59,6,0,3,1,9,5,2,8,0,241,14,2,257,0,257,0,0,0,241,257,257,,1,d7ce8836a19168fe96182881c0c02edaf7d2458335df2962212cca51a6688e97,26/06/2023 00:26:26,ESCANER
7803,"Escuintla",5,"Tiquisate",6,883,600,26,34,8,19,12,0,31,5,0,1,1,5,3,2,4,0,151,11,3,165,0,165,0,600,435,151,165,165,,1,5c999b81ab42c3674b1f164e129deef74add0e43863fba2ba24e963cb00bf873,25/06/2023 23:19:57,ESCANER
7804,"Escuintla",5,"Tiquisate",6,883,600,12,19,5,10,0,0,7,2,0,0,0,6,1,2,0,0,64,11,0,75,2,77,0,600,523,64,75,77,,1,f326aebea4fa5b7aa2bd6f85cdd25f0f44e36690d1bd845e717e660dd9b925f1,25/06/2023 22:52:01,ESCANER
7805,"Escuintla",5,"Tiquisate",6,883,363,4,4,--,5,2,--,4,1,--,--,--,1,--,--,--,--,21,--,--,--,--,21,--,363,342,21,21,21,Algún campo sin dato,1,8695938e702857c813811ce3b7fde12b125f7bf3cc43a067e8167957f4f19200,25/06/2023 21:01:33,ESCANER
7806,"Escuintla",5,"Tiquisate",6,883,363,6,3,1,3,3,--,2,--,--,--,--,1,--,--,--,--,19,--,1,20,--,20,--,20,343,19,20,20,Algún campo sin dato,1,fc3ec39e482ac570e31120da5e2a4254ba3e2551e87d3fef097a563faeff890c,25/06/2023 20:12:08,ESCANER