﻿TIPO_DE_ELECCIÓN:,CORPORACIÓN MUNICIPAL
28 junio 2023 21:35 (UTC -6)
ACTAS_ESPERADAS,ACTAS_CAPTURADAS,PORCENTAJE_ACTAS_CAPTURADAS,ACTAS_CONTABILIZADAS,PORCENTAJE_ACTAS_CONTABILIZADAS,ACTAS_NO_CONTABILIZADAS,LISTA_NOMINAL_ACTAS_CONTABILIZADAS,VOTOS_EMITIDOS_CONTABILIZADAS,PORCENTAJE_PARTICIPACIÓN_CIUDADANA
27,27,100.0000,27,100.0000,0,9941,6310,63.4744

MESA,DEPARTAMENTO,ID_DEPARTAMENTO,MUNICIPIO,ID_MUNICIPIO,CENTRO_DE_VOTACIÓN,PADRÓN,CABAL,CREO,PHG,UNE,BIEN,SEMILLA,VÁLIDOS,NULOS,BLANCO,EMITIDOS,INVÁLIDOS,TOTAL,IMPUGNACIONES,PAPELETAS-RECIBIDAS,PAPELETAS-NO-USADAS,VALIDOS_CALCULADO,EMITIDOS_CALCULADO,TOTAL_CALCULADO,OBSERVACIONES,CONTABILIZADA,CÓDIGO_INTEGRIDAD,FECHA_HORA_PUBLICACIÓN,DIGITALIZACIÓN
13730,"San Marcos",12,"Sibinal",8,1907,400,91,6,4,35,39,85,260,7,6,273,0,273,0,400,127,260,273,273,,1,c33876a76406d1cc26c5cb216c9f33e66ed54cfc4618893df8e730d5af987139,26/06/2023 01:07:19,ESCANER
13731,"San Marcos",12,"Sibinal",8,1907,400,88,9,4,46,41,64,252,11,6,269,0,269,0,400,131,252,269,269,,1,7cbb3ba0048acef053f0400634bc1ff516ee77343b50e2e09526ca9f1dcfe083,25/06/2023 23:21:44,ESCANER
13732,"San Marcos",12,"Sibinal",8,1907,400,102,8,2,56,44,78,290,6,4,300,0,300,--,400,100,290,300,300,Algún campo sin dato,1,9af88af1ee7184727afb2c35f20bf4c12e3a51a214dbef7e39b706704fcb45f5,25/06/2023 22:22:28,ESCANER
13733,"San Marcos",12,"Sibinal",8,1907,400,68,12,5,78,40,75,278,11,8,297,0,297,1,400,103,278,297,297,,1,14e60029d0da1f9c2448b9da3f8394ba1cd4e5cb126110b3c7213e6adcf83ff7,26/06/2023 01:38:05,ESCANER
13734,"San Marcos",12,"Sibinal",8,1907,400,79,12,7,42,54,62,256,14,8,278,0,278,0,400,122,256,278,278,,1,14d71e94187864741bf477714198ec77afc05f71dd7f02e0385afc2b85da4c51,25/06/2023 23:54:30,ESCANER
13735,"San Marcos",12,"Sibinal",8,1907,400,92,7,10,18,122,57,306,15,4,325,0,325,1,400,75,306,325,325,,1,83c70cdc9dbe611639e0ca11986c3cbe939ef76f94101d0399b6986000638f0f,26/06/2023 01:22:11,ESCANER
13736,"San Marcos",12,"Sibinal",8,1907,400,127,3,12,32,67,60,301,6,10,317,0,317,0,400,83,301,317,317,,1,32cabe358f9e01cd1a15f2731ec218ebd855d3c96a977d31699438c1db63f26b,26/06/2023 00:14:25,ESCANER
13737,"San Marcos",12,"Sibinal",8,1907,400,139,3,3,60,16,52,273,8,10,291,0,291,0,400,109,273,291,291,,1,6a1e98be1397402dbf9a2cd92c6c3559135d2df0fb74f88d26986d24b16b187a,26/06/2023 00:52:33,ESCANER
13738,"San Marcos",12,"Sibinal",8,1908,400,133,4,13,29,39,56,274,9,6,289,0,289,0,398,109,274,289,289,,1,9514765de3be93cae982a7103daa69355ff94f2085b67cedbbc7f7f9c8e7dd16,26/06/2023 03:57:59,ESCANER
13739,"San Marcos",12,"Sibinal",8,1908,400,70,7,4,23,34,50,188,1,1,190,0,190,0,400,210,188,190,190,,1,8f9c671c0f1c2818afbc3b064977a6ea2201397bf3195697cd1d55aa53670f68,25/06/2023 23:58:38,ESCANER
13740,"San Marcos",12,"Sibinal",8,1908,400,95,7,8,24,34,63,231,7,0,238,0,238,0,398,160,231,238,238,,1,c6a849312f5a17770c28d26dcd79c7c6a46109d6906e52796cf61bf76963721d,25/06/2023 23:48:15,ESCANER
13741,"San Marcos",12,"Sibinal",8,1908,400,105,5,4,29,43,52,238,3,5,246,0,246,0,400,154,238,246,246,,1,eca7d1f39831ccf6b9901421ae9f1599751f757cb95c31a7cf430a79ca87245b,26/06/2023 00:32:56,ESCANER
13742,"San Marcos",12,"Sibinal",8,1908,400,118,6,10,27,38,48,247,8,4,259,0,259,0,400,141,247,259,259,,1,fb86e0f99f819119a1254d9f184c22c08aaf73911475cbea98f425d84f8c4e33,26/06/2023 01:13:15,ESCANER
13743,"San Marcos",12,"Sibinal",8,1909,400,116,5,1,16,26,50,214,3,5,222,0,222,0,398,176,214,222,222,,1,56e041386b067ad4a7542c0d9d6962d3f895f46dca27037101d6214277f73039,26/06/2023 01:46:25,ESCANER
13744,"San Marcos",12,"Sibinal",8,1909,400,97,2,4,47,24,62,236,0,0,236,0,236,0,400,164,236,236,236,,1,e4f783fd68e3883769f2d0604cf8888ba4899911644da0b3d08700114c18a67e,26/06/2023 00:11:35,ESCANER
13745,"San Marcos",12,"Sibinal",8,1909,400,77,9,7,33,50,60,236,0,0,236,0,236,0,398,162,236,236,236,,1,4fc6b7dfd374cd79454bd4438bb98ad217de3ed3d1b04a71375bdb395826e140,26/06/2023 00:18:43,ESCANER
13746,"San Marcos",12,"Sibinal",8,1909,392,81,3,3,52,51,33,223,1,2,226,0,226,0,392,166,223,226,226,,1,8e673c0d8444df2b5514df492fdd11fe07fbb63a4b484c17572f986283a325f5,25/06/2023 23:10:55,ESCANER
13747,"San Marcos",12,"Sibinal",8,1909,391,88,6,3,38,43,34,212,0,2,214,0,214,--,393,179,212,214,214,Algún campo sin dato,1,265d2d24fd59affa6afcc2ff33d238570587706edbf5f6f75c3446dc220a25ef,25/06/2023 22:15:12,ESCANER
13748,"San Marcos",12,"Sibinal",8,1910,331,75,9,2,16,31,76,209,7,4,220,0,220,0,331,111,209,220,220,,1,dc6b18532385eeb65b38de3086f944b782fff3ea82b7f0d6c2d6132271c1ebc1,25/06/2023 23:04:00,ESCANER
13749,"San Marcos",12,"Sibinal",8,1910,330,51,2,4,10,27,57,151,6,5,162,0,162,0,332,170,151,162,162,,1,1752bee03606655dc29d461e643aff1a82b6c0fe9350e2480d3354e842288564,25/06/2023 23:55:05,ESCANER
13750,"San Marcos",12,"Sibinal",8,1911,276,18,2,1,3,20,135,179,12,9,200,0,200,0,276,76,179,200,200,,1,f1e417d37a23503722005045f934c0ae106f0a4e29a8bbd247e6a734fcbebf8f,26/06/2023 02:18:52,ESCANER
13751,"San Marcos",12,"Sibinal",8,1911,276,15,1,0,3,12,99,130,4,2,136,0,136,0,277,141,130,136,136,,1,d4a89c771733fdba0a06863bb01e7bbe6170745085dffc560ef090eb28ca3fa2,26/06/2023 02:10:26,ESCANER
13752,"San Marcos",12,"Sibinal",8,1912,380,110,5,2,70,7,71,265,7,6,278,0,278,0,380,102,265,278,278,,1,d8be14907403c1a4ec7dd5a6a444ce0a1b651481fe076490f40ad3c26e3c581b,26/06/2023 03:13:42,ESCANER
13753,"San Marcos",12,"Sibinal",8,1912,380,79,2,2,73,14,70,240,10,5,255,0,255,0,380,125,240,255,255,,1,f3fe663f82fd974b637ff46df8d738e6c2c1d40511e591ab3080de6bbfa81aec,26/06/2023 03:06:40,ESCANER
13754,"San Marcos",12,"Sibinal",8,1913,205,54,2,1,35,4,32,128,1,1,130,0,130,0,206,76,128,130,130,,1,1b97c961b272b8dc92bf82e6ed537ff3ed62c4122749651b76820b74aad0299d,26/06/2023 02:49:43,ESCANER
13755,"San Marcos",12,"Sibinal",8,1913,204,53,3,0,30,3,38,127,2,1,130,0,130,0,204,74,127,130,130,,1,13854a5bbcbf49b5f7035041ceddc1d2b23f90016280b1f17db31262bbb91466,26/06/2023 02:38:43,ESCANER
13756,"San Marcos",12,"Sibinal",8,1914,376,33,2,3,20,9,21,88,2,3,93,0,93,1,377,284,88,93,93,,1,ddd79b015e01ecdf058629b29e7d17036013fad9ccc5aedf973d61ea4e854a15,26/06/2023 00:01:02,ESCANER