﻿TIPO_DE_ELECCIÓN:,CORPORACIÓN MUNICIPAL
28 junio 2023 21:35 (UTC -6)
ACTAS_ESPERADAS,ACTAS_CAPTURADAS,PORCENTAJE_ACTAS_CAPTURADAS,ACTAS_CONTABILIZADAS,PORCENTAJE_ACTAS_CONTABILIZADAS,ACTAS_NO_CONTABILIZADAS,LISTA_NOMINAL_ACTAS_CONTABILIZADAS,VOTOS_EMITIDOS_CONTABILIZADAS,PORCENTAJE_PARTICIPACIÓN_CIUDADANA
162,162,100.0000,161,99.3827,1,60558,34654,57.2244

MESA,DEPARTAMENTO,ID_DEPARTAMENTO,MUNICIPIO,ID_MUNICIPIO,CENTRO_DE_VOTACIÓN,PADRÓN,VAMOS,TODOS,VALOR,MLP,UNE,ELEFANTE,VIVA,CAMBIO,BIEN,PPN,CABAL,VÁLIDOS,NULOS,BLANCO,EMITIDOS,INVÁLIDOS,TOTAL,IMPUGNACIONES,PAPELETAS-RECIBIDAS,PAPELETAS-NO-USADAS,VALIDOS_CALCULADO,EMITIDOS_CALCULADO,TOTAL_CALCULADO,OBSERVACIONES,CONTABILIZADA,CÓDIGO_INTEGRIDAD,FECHA_HORA_PUBLICACIÓN,DIGITALIZACIÓN
21631,"Izabal",18,"Morales",4,3357,400,85,40,43,0,51,4,7,3,4,1,3,241,25,2,268,0,268,1,397,129,241,268,268,,1,d8a2e291cd56fe62cfdd921270d1e3e74d9e05288a258ce9ba20dcb227f1bc4e,26/06/2023 01:05:51,ESCANER
21632,"Izabal",18,"Morales",4,3357,400,71,43,35,2,61,2,11,1,5,0,0,231,26,5,262,0,262,--,400,138,231,262,262,Algún campo sin dato,1,dea335ced757b3501f9104f409a9eb0e0adc80b829a55c37bffcbe5ceda61086,26/06/2023 02:28:18,ESCANER
21633,"Izabal",18,"Morales",4,3357,400,83,29,39,0,44,1,11,0,3,2,1,213,35,4,252,0,252,--,400,148,213,252,252,Algún campo sin dato,1,6e0336a5da996a3ae5e877ceaa5a87ebf84bcbb4f15b88eb778469e0c2c9dfbe,26/06/2023 00:29:05,ESCANER
21634,"Izabal",18,"Morales",4,3357,400,84,43,44,1,51,7,8,5,1,1,1,246,20,5,271,0,271,--,399,128,246,271,271,Algún campo sin dato,1,df824d86a84664946fcdf4eff8055f4c133e4f3f7c0ebd065b80df861bb49328,26/06/2023 01:39:44,ESCANER
21635,"Izabal",18,"Morales",4,3357,400,82,49,52,1,39,6,2,3,3,1,2,240,16,3,259,1,260,--,400,140,240,259,260,Algún campo sin dato,1,1cf2a9aba52c60dc8dbe28d2e85bbce0975fef4bc9c173f8ae5a50f73d141300,26/06/2023 00:37:21,ESCANER
21636,"Izabal",18,"Morales",4,3357,400,77,44,46,1,48,4,11,1,2,1,1,236,25,5,266,1,267,--,400,133,236,266,267,Algún campo sin dato,1,b534bf1ff64983e06ed714df0323de6df22336171f66f79e036292a443ec1a92,26/06/2023 01:22:20,ESCANER
21637,"Izabal",18,"Morales",4,3357,400,77,50,43,0,69,8,11,1,6,1,2,268,28,1,297,0,297,--,400,103,268,297,297,Algún campo sin dato,1,c7094ceebec6c17ce5ada33995f143493e336bb0b06fd5351a48e5bc6d2fbf0a,26/06/2023 01:32:19,ESCANER
21638,"Izabal",18,"Morales",4,3357,400,73,46,47,1,60,9,10,0,0,1,1,248,24,3,275,0,275,--,400,125,248,275,275,Algún campo sin dato,1,b4a8c0d77c1de8ed1757e50380754a463ecf14781ffaf96882d6cf1eaac28039,26/06/2023 00:10:11,ESCANER
21639,"Izabal",18,"Morales",4,3357,400,90,48,47,0,49,2,14,1,2,0,6,259,24,4,287,0,287,--,400,113,259,287,287,Algún campo sin dato,1,b08f7c2fa153e0c060698fd510654b5ffed2f3badd86a0d6df0dbc6b7f4c6386,26/06/2023 00:54:22,ESCANER
21640,"Izabal",18,"Morales",4,3357,400,77,37,56,1,55,2,13,1,3,0,3,248,25,1,274,123,397,--,397,123,248,274,397,Algún campo sin dato,1,5ada6b98dc9bc651c767945003337c028ec303005e6f2ef2666935dd21fc486f,26/06/2023 02:38:17,ESCANER
21641,"Izabal",18,"Morales",4,3357,400,59,45,56,1,40,5,3,0,2,0,5,216,11,0,227,0,227,--,400,173,216,227,227,Algún campo sin dato,1,561466c4dc585c9b93c9b000b2c24523cd85e417ab354785ac46bc14feda25ab,26/06/2023 01:33:42,ESCANER
21642,"Izabal",18,"Morales",4,3357,400,68,60,44,0,49,5,10,1,1,1,0,239,19,1,259,0,259,--,400,141,239,259,259,Algún campo sin dato,1,e9c0b9a9af71932e04bbb67dac5b5815349fa0d9f26209217428e078a553c290,26/06/2023 00:56:38,ESCANER
21643,"Izabal",18,"Morales",4,3357,400,88,45,46,0,50,0,10,0,2,2,1,244,23,1,268,0,268,--,400,132,244,268,268,Algún campo sin dato,1,8e088cc60d3df31e201e506f3521ccc3030fda9c37234ace21077acb3d369157,25/06/2023 23:37:38,ESCANER
21644,"Izabal",18,"Morales",4,3357,400,70,59,51,2,32,2,5,1,1,2,1,226,19,4,249,1,250,--,399,149,226,249,250,Algún campo sin dato,1,a772648a66f64c0e4687d26cb456ef4670908876cb9fb3319517e3eac2834c26,26/06/2023 03:46:23,ESCANER
21645,"Izabal",18,"Morales",4,3357,400,76,37,45,1,48,5,7,2,2,0,3,226,20,2,248,0,248,--,400,152,226,248,248,Algún campo sin dato,1,a209e848f0943f5d6c527d16be314d3f8646dc30abac52cef078b356159e4243,26/06/2023 01:47:09,ESCANER
21646,"Izabal",18,"Morales",4,3357,400,86,45,40,0,43,5,8,3,3,0,1,234,22,1,257,0,257,--,400,143,234,257,257,Algún campo sin dato,1,6436d66a9934cbfe3b1401fc98d51507fa90b8f35613d47d50cc3b05dfbac303,26/06/2023 01:57:13,ESCANER
21647,"Izabal",18,"Morales",4,3357,400,92,43,59,0,56,2,4,2,0,0,0,258,29,4,291,0,291,0,400,109,258,291,291,,1,fe6ff8a3e8ba9c199ed10be5e1dc89835a0f718ff10c1e44c432aa961b6261e6,26/06/2023 00:31:46,ESCANER
21648,"Izabal",18,"Morales",4,3357,400,90,40,37,1,52,3,7,3,1,2,1,237,12,7,256,0,256,--,400,144,237,256,256,Algún campo sin dato,1,22ecfb3cac5d33bb74a2a7bd6b131f83265e1e0bc585cf07a8e1e1caf4500804,26/06/2023 01:01:49,ESCANER
21649,"Izabal",18,"Morales",4,3357,400,91,45,37,0,51,5,4,0,2,0,0,235,20,3,258,0,258,--,400,142,235,258,258,Algún campo sin dato,1,501f843f7a7b09713f169f53224a8683f365082a82f3aade180bb108463d83d4,26/06/2023 02:23:40,ESCANER
21650,"Izabal",18,"Morales",4,3357,400,84,36,31,0,45,2,5,0,2,0,2,207,20,0,227,1,228,--,379,151,207,227,228,Algún campo sin dato,1,ea606b41c524af312e540c822446a3136df9b84758fa6be157b2cb412060de60,26/06/2023 03:00:52,ESCANER
21651,"Izabal",18,"Morales",4,3357,400,94,38,39,0,48,3,7,0,0,0,2,231,18,0,249,0,249,--,400,--,231,249,249,Algún campo sin dato,1,a1524b32156db96361860fd7acc11e3c3b77415e116e43a6438019c422cea8b1,26/06/2023 02:08:59,ESCANER
21652,"Izabal",18,"Morales",4,3357,400,74,43,45,0,43,3,6,1,1,2,0,218,12,1,231,0,231,--,400,169,218,231,231,Algún campo sin dato,1,761960d3256ff7dec6fc55445ce84b4dd766641b61067fa1c2e9756420600d58,26/06/2023 00:14:28,ESCANER
21653,"Izabal",18,"Morales",4,3357,400,58,55,44,0,44,2,4,1,4,0,0,212,19,0,231,0,231,--,400,169,212,231,231,Algún campo sin dato,1,7d885bbd6a95c027ea07f7d9d3a2e9229691e0adcefdce01b36bf28407f29a60,25/06/2023 22:45:06,ESCANER
21654,"Izabal",18,"Morales",4,3357,400,70,40,49,0,36,3,3,3,1,1,0,206,7,3,216,0,216,--,400,184,206,216,216,Algún campo sin dato,1,b21ae6aee3f0112598c355a0be97871e61e622525882f1efdf4f12e00efc31b2,25/06/2023 23:07:30,ESCANER
21655,"Izabal",18,"Morales",4,3357,400,91,74,61,0,42,0,2,1,3,0,0,274,6,0,280,6,286,--,397,111,274,280,286,Algún campo sin dato,1,61d7a269ad3ab734ba6cf2bb7aa91ee37f6400d728a00a8ec763c8bcbe30388f,26/06/2023 00:07:34,ESCANER
21656,"Izabal",18,"Morales",4,3357,400,68,58,55,1,45,6,5,2,1,1,1,243,10,0,253,0,253,--,400,147,243,253,253,Algún campo sin dato,1,77338ae58cee5f62a0455723b9d3db120f90f9049c169faf7cda06add77a3c90,26/06/2023 00:49:41,ESCANER
21657,"Izabal",18,"Morales",4,3357,400,92,51,48,0,28,4,3,3,4,1,0,234,6,1,241,0,241,--,400,159,234,241,241,Algún campo sin dato,1,9c7ecc6072f118e1225ff00c5193e70d46ee2a95acb8bc6661a46d67f038afe4,26/06/2023 00:16:52,ESCANER
21658,"Izabal",18,"Morales",4,3357,400,84,41,47,1,26,3,6,1,3,0,0,212,12,2,226,0,226,--,400,174,212,226,226,Algún campo sin dato,1,465ca1a49a44b5b9a127fd4eacd182a68b22ee327f1c514410dbbc8ce5e2e06f,26/06/2023 01:29:35,ESCANER
21659,"Izabal",18,"Morales",4,3357,311,70,24,28,0,26,3,3,1,3,1,3,162,8,0,170,0,170,--,311,141,162,170,170,Algún campo sin dato,1,dbc617d09483d8e3d03ebf8e89f5f53e2ccdfcd905efdca31d79efa00baf1f03,26/06/2023 00:11:21,ESCANER
21660,"Izabal",18,"Morales",4,3357,311,43,14,18,0,19,2,2,0,0,0,1,99,11,5,115,0,115,--,311,196,99,115,115,Algún campo sin dato,1,83a8e6fef150bb13ea32c887cf9ea176b96e59a3980e8d872cf25d799718cd85,25/06/2023 23:51:37,ESCANER
21661,"Izabal",18,"Morales",4,3358,400,87,37,57,2,45,2,6,1,8,1,3,249,27,2,278,0,278,--,400,122,249,278,278,Algún campo sin dato,1,9ea8953686287ce63e519f7d623fb11db7f01325d8dd06d7acdf15d646894efe,26/06/2023 02:37:15,ESCANER
21662,"Izabal",18,"Morales",4,3358,400,74,27,45,0,79,4,8,1,7,1,2,248,25,0,273,1,274,1,400,126,248,273,274,,1,96eb74156ee43203941950307f9e472b6d36a77a326397393f95c0efb76ed45f,26/06/2023 02:43:56,ESCANER
21663,"Izabal",18,"Morales",4,3358,400,99,44,44,0,45,6,5,0,4,0,2,249,14,2,265,0,265,--,400,135,249,265,265,Algún campo sin dato,1,67bb4f674ff6c9e60c89dc270e15c16e134736f27753e2821fd21d12275cbe43,26/06/2023 02:46:38,ESCANER
21664,"Izabal",18,"Morales",4,3358,400,87,32,56,1,45,8,7,2,4,0,2,244,19,3,266,0,266,--,400,134,244,266,266,Algún campo sin dato,1,34a21ee467f1f902a4617e11f92d04a3d59c45baa822c6fbd31904d1d27a0dc6,26/06/2023 02:51:06,ESCANER
21665,"Izabal",18,"Morales",4,3358,400,69,44,51,1,58,8,9,2,3,4,2,251,25,2,278,0,278,--,400,122,251,278,278,Algún campo sin dato,1,e81cdb5a946a7fdf89ee09dfe2cee954f4f470405a5bdec91496f563a342e34c,26/06/2023 02:56:28,ESCANER
21666,"Izabal",18,"Morales",4,3358,400,86,38,48,2,46,4,9,1,3,0,2,239,20,5,264,0,264,--,399,135,239,264,264,Algún campo sin dato,1,728356de28f44fbd11fff058927b822a90c1fb97ab664ce9515407d0d423231b,26/06/2023 03:30:27,ESCANER
21667,"Izabal",18,"Morales",4,3358,400,80,43,48,1,49,6,2,1,3,0,2,235,17,0,252,0,252,--,400,148,235,252,252,Algún campo sin dato,1,4582597866b938e3a790981fb3eab88dec2b3a72a18f50d6bca4dc87cc688d9d,26/06/2023 02:59:36,ESCANER
21668,"Izabal",18,"Morales",4,3358,211,59,26,23,0,22,2,4,2,6,0,0,144,9,0,153,0,153,1,211,57,144,153,153,,1,9b1d2e2f71032fb69768f117a39bd367b5a5f1fd87c379fd57dd7227d2ae141e,26/06/2023 02:33:22,ESCANER
21669,"Izabal",18,"Morales",4,3358,210,30,25,22,0,19,1,3,0,4,0,0,104,9,1,114,0,114,--,210,96,104,114,114,Algún campo sin dato,1,b61b1f45b35683ab89c24774c0384490ea4bcf003e731d15fad1ac9edb6a6205,25/06/2023 21:21:23,ESCANER
21670,"Izabal",18,"Morales",4,3359,220,62,28,23,0,37,2,1,1,2,0,2,158,4,1,163,0,163,--,220,57,158,163,163,Algún campo sin dato,1,27f289151d59b2a8853bdf57faeb1b0d75a804172ccff12063d92bc6d85c431e,25/06/2023 22:28:46,MOVIL
21671,"Izabal",18,"Morales",4,3359,220,45,25,30,0,32,0,1,0,3,1,0,137,10,1,148,0,148,--,220,72,137,148,148,Algún campo sin dato,1,ae8119753313cec6080725a5026b3058eb599a9714452c8cf69466aa1313e685,26/06/2023 02:35:01,ESCANER
21672,"Izabal",18,"Morales",4,3360,400,74,42,42,4,51,2,7,1,2,0,2,227,26,3,256,0,256,--,400,144,227,256,256,Algún campo sin dato,1,20a3282ee05032029c52bc75c333b2431ac0557dcd24ab84a157295b689190a5,26/06/2023 00:48:52,ESCANER
21673,"Izabal",18,"Morales",4,3360,400,76,40,39,2,50,2,9,1,6,--,--,225,21,3,249,0,249,--,400,151,225,249,249,Algún campo sin dato,1,b8233b537896980a789ccdb114b4d8ded0d8b00043355ce6c9d80089996b7cf1,26/06/2023 00:16:08,ESCANER
21674,"Izabal",18,"Morales",4,3360,400,62,42,38,--,58,5,9,--,4,1,2,221,28,9,258,--,258,--,396,138,221,258,258,Algún campo sin dato,1,793e1a3b22d380977dc795826336c40881e8962cd7e3bfb32511a2ad2e4b6b4d,26/06/2023 02:04:51,ESCANER
21675,"Izabal",18,"Morales",4,3360,400,59,37,37,1,45,3,7,0,4,1,1,195,23,2,220,2,222,--,400,178,195,220,222,Algún campo sin dato,1,2a594088887fc594c0a6bdd68eb73c930ebbddfc32c9412c2ee1064160485ca7,26/06/2023 01:48:56,ESCANER
21676,"Izabal",18,"Morales",4,3360,319,59,38,42,0,33,2,3,1,3,0,0,181,12,0,193,0,193,--,319,126,181,193,193,Algún campo sin dato,1,411e4dc37344674749cc0c2294bfe83ca957cb09fc49b6131980247e2d6c934c,26/06/2023 01:45:11,ESCANER
21677,"Izabal",18,"Morales",4,3360,318,47,28,36,0,37,1,10,0,3,0,1,163,13,1,177,0,177,--,318,141,163,177,177,Algún campo sin dato,1,70c862dcf135d52ad8f59f8644a6ba2c7bffd7f2706499946cc1ba1d651e43b0,26/06/2023 00:56:03,ESCANER
21678,"Izabal",18,"Morales",4,3361,400,109,30,39,0,48,3,21,4,3,2,3,262,29,4,295,0,295,--,400,105,262,295,295,Algún campo sin dato,1,7afcc3002a5f6d8139efcc556fe97b8f9a2b8dc9ce7f2a9afc983e20117f3996,26/06/2023 02:31:27,ESCANER
21679,"Izabal",18,"Morales",4,3361,400,91,43,59,1,38,1,6,3,3,1,0,246,29,5,280,0,280,--,400,120,246,280,280,Algún campo sin dato,1,2cf5bfbfd36bc764c24bd8f71cef6b63fdca56da6d2971512bb0dc2504b569e0,26/06/2023 03:00:28,ESCANER
21680,"Izabal",18,"Morales",4,3361,351,71,26,42,0,41,2,8,1,2,0,2,195,16,4,215,0,215,--,351,136,195,215,215,Algún campo sin dato,1,91d2198e112b819450f234ef02c297d8b9e1c202e70f511c6b0acb37e3413ed1,26/06/2023 02:54:54,ESCANER
21681,"Izabal",18,"Morales",4,3361,350,88,32,46,0,25,2,9,0,3,0,0,205,9,1,215,0,215,--,350,135,205,215,215,Algún campo sin dato,1,1cca5b7011b0e8ba84bdab53114adbe22c868616169f64a23316ce3591f0472a,26/06/2023 03:47:26,ESCANER
21682,"Izabal",18,"Morales",4,3362,306,20,4,29,2,24,5,7,1,2,0,2,96,8,3,107,8,115,--,306,191,96,107,115,Algún campo sin dato,1,a41c2bce0e4cad7b8297871a101753a347fbef13161926d6f3c297f0270f543e,25/06/2023 23:56:22,ESCANER
21683,"Izabal",18,"Morales",4,3362,305,25,12,24,0,16,2,2,1,2,1,0,85,8,3,96,2,98,--,305,207,85,96,98,Algún campo sin dato,1,528003e84265f9bd525c2a9f2ee535d46656805edfcd409704ed4e55fe06afb9,26/06/2023 00:18:17,ESCANER
21684,"Izabal",18,"Morales",4,3363,400,58,28,18,1,69,4,8,2,1,1,3,193,36,4,233,0,233,--,400,167,193,233,233,Algún campo sin dato,1,b062eb5cd895f5842421baa5f3954ad3b6aeb43748c506eadf8303217b42f23b,25/06/2023 23:35:51,ESCANER
21685,"Izabal",18,"Morales",4,3363,400,76,23,38,0,57,3,6,0,2,0,2,207,33,6,246,0,246,--,400,154,207,246,246,Algún campo sin dato,1,cda21db31fc8d5a46b791f894be20ff3d94745e84efe018e9dca55edf965f4af,25/06/2023 22:58:31,ESCANER
21686,"Izabal",18,"Morales",4,3363,400,74,29,31,2,54,2,3,0,7,0,2,204,23,5,232,0,232,--,400,168,204,232,232,Algún campo sin dato,1,0b899d6c86b58adcc21f0ba863881259da68bbf82cf8ab9d6f61fc092fa364e5,26/06/2023 00:28:56,ESCANER
21687,"Izabal",18,"Morales",4,3363,400,78,25,25,1,61,4,4,0,2,1,1,202,20,3,225,1,226,--,400,174,202,225,226,Algún campo sin dato,1,298a90baf60774eabfb63b423ac65703e34e7b6e934cd7ad7231199db205a044,26/06/2023 01:14:33,ESCANER
21688,"Izabal",18,"Morales",4,3363,356,64,27,36,0,37,1,2,0,2,2,2,173,6,3,182,0,182,--,353,171,173,182,182,Algún campo sin dato,1,e3cb563eb800a40d8bc4439d9ed4943dd1b920b416ad160fcf20e9c3e824136c,25/06/2023 23:23:58,ESCANER
21689,"Izabal",18,"Morales",4,3363,356,53,13,43,0,42,1,1,0,0,1,0,154,12,2,168,0,168,--,355,187,154,168,168,Algún campo sin dato,1,d3f22e7bd70b658bdd51d3d61407d794dd9b404d5714d1293b12daeddee8df10,25/06/2023 23:07:36,ESCANER
21690,"Izabal",18,"Morales",4,3364,380,141,48,10,0,17,0,11,0,3,1,0,231,22,7,260,0,260,--,380,120,231,260,260,Algún campo sin dato,1,b066ca15d1c43126acd08c8ec638af27980be48d716ab96fd8b22a7b7489d43c,26/06/2023 01:00:30,ESCANER
21691,"Izabal",18,"Morales",4,3364,380,140,71,13,2,17,1,5,0,0,0,1,250,11,2,263,0,263,--,382,119,250,263,263,Algún campo sin dato,1,98bd14cca573f210ebcc68bbcc1538e16ffd64ca670beb54ff34b39bd1e46cee,26/06/2023 00:25:56,ESCANER
21692,"Izabal",18,"Morales",4,3364,323,116,44,8,0,20,1,6,0,2,1,0,198,17,4,219,0,219,--,323,104,198,219,219,Algún campo sin dato,1,ce879e2bccc788a66c09cdaa514cf885711330e7c40075286adefac88df837ce,26/06/2023 00:04:05,ESCANER
21693,"Izabal",18,"Morales",4,3364,322,105,55,10,2,7,1,3,0,1,0,1,185,11,2,198,0,198,--,322,124,185,198,198,Algún campo sin dato,1,2c18a97a71c10fa4f27f383cf67b84c09a763720dd1dcdeb762135ff2ff3d194,26/06/2023 00:23:17,ESCANER
21694,"Izabal",18,"Morales",4,3365,380,76,34,53,7,16,7,14,1,0,0,0,208,23,3,234,0,234,--,380,146,208,234,234,Algún campo sin dato,1,67071ab9206df25b21d863590b32693246e33f2986b50774a3ef4014c9f8e5d5,26/06/2023 01:08:43,ESCANER
21695,"Izabal",18,"Morales",4,3365,380,89,33,47,3,18,5,5,2,1,0,1,204,27,5,236,0,236,--,380,144,204,236,236,Algún campo sin dato,1,f0cb94c91b82da96b920004d23896d8439a69c92003a90fcecc777253ce38f9c,26/06/2023 00:38:48,ESCANER
21696,"Izabal",18,"Morales",4,3365,380,85,37,42,3,14,4,7,1,0,1,1,195,32,2,229,0,229,--,380,151,195,229,229,Algún campo sin dato,1,8c8523e20f0a744225fbbd3a5c9329b9cc0736c845c193100567f45f9b40a124,26/06/2023 00:04:28,ESCANER
21697,"Izabal",18,"Morales",4,3365,380,72,46,43,8,8,4,9,0,2,0,0,192,26,3,221,0,221,--,380,156,192,221,221,Algún campo sin dato,1,72121e09096728a3916cacca2de382c6ef17b364960c61bebe04f6a5877d34a9,26/06/2023 01:27:40,ESCANER
21698,"Izabal",18,"Morales",4,3365,380,68,36,34,3,12,6,10,0,2,0,4,175,24,8,207,0,207,--,381,174,175,207,207,Algún campo sin dato,1,db537d86ac871f310e47671eb18ddd7d7dd66cb91c4623ddcab4cae4dbb0605a,26/06/2023 01:54:23,ESCANER
21699,"Izabal",18,"Morales",4,3365,380,71,45,50,2,10,6,9,0,0,1,1,195,16,1,212,0,212,--,280,168,195,212,212,Algún campo sin dato,1,c75d5a1fa1bda9920098049a87d2558f174ec9800ab14cd0e135be19353f34e9,26/06/2023 01:39:30,ESCANER
21700,"Izabal",18,"Morales",4,3365,283,66,30,45,6,4,1,4,0,0,0,0,159,7,1,167,0,167,--,283,116,156,164,164,Sumas Asentadas sin cuadrar,1,40991286739be98895b3f5f9565b1aa604c99af820b60ff48442a5f5bc77c0e8,26/06/2023 01:19:25,ESCANER
21701,"Izabal",18,"Morales",4,3365,283,38,22,28,3,4,0,6,0,0,0,1,102,11,1,114,0,114,--,283,169,102,114,114,Algún campo sin dato,1,36d8ea8332e0107e69a0aff8cedfeacf8e52d7123975f07314b9c7034f63add6,25/06/2023 23:31:55,ESCANER
21702,"Izabal",18,"Morales",4,3366,380,62,30,85,0,28,2,0,1,2,0,3,213,27,4,244,0,244,--,380,136,213,244,244,Algún campo sin dato,1,247477642ffe1a26da052d65ad6cc48d2f5422f990ae1cf350fcfb57cf9e3bec,26/06/2023 00:33:52,ESCANER
21703,"Izabal",18,"Morales",4,3366,380,73,24,62,2,49,3,5,1,2,1,1,223,27,4,254,0,254,--,380,126,223,254,254,Algún campo sin dato,1,27fe33e6a796dc78aeb0819c453ed3f27e49e7f19fe78140f8184b3d8c7e9c9e,26/06/2023 00:24:00,ESCANER
21704,"Izabal",18,"Morales",4,3366,380,90,17,74,0,22,6,5,0,1,0,0,215,19,3,237,0,237,--,380,143,215,237,237,Algún campo sin dato,1,57a74edb602c20a6749d2f4dedf1b00d68d32684f0b6e725a095b07338c786d3,25/06/2023 23:44:40,ESCANER
21705,"Izabal",18,"Morales",4,3366,380,62,19,80,0,35,3,4,0,0,2,1,206,25,7,238,0,238,--,380,142,206,238,238,Algún campo sin dato,1,fa40af248697d778413df100729ee19bbf38094b264c69a31c2e563fd7740d18,26/06/2023 00:40:57,ESCANER
21706,"Izabal",18,"Morales",4,3366,380,69,24,85,0,20,3,4,1,0,1,1,208,13,6,227,0,227,--,380,153,208,227,227,Algún campo sin dato,1,d93d2004a102a3a87359eb66d6c6200ea8064f1120eecab16ec542f8fb6b598b,26/06/2023 01:31:15,ESCANER
21707,"Izabal",18,"Morales",4,3366,380,65,27,81,0,29,4,5,0,3,2,1,217,19,6,242,0,242,--,380,138,217,242,242,Algún campo sin dato,1,2870c0244c3c17f73b2e522ed87bf89e6efb605f842f9e423d38763ae59efaa2,26/06/2023 02:26:59,ESCANER
21708,"Izabal",18,"Morales",4,3366,380,70,10,86,0,37,3,7,1,0,1,0,215,22,3,240,0,240,--,380,140,215,240,240,Algún campo sin dato,1,010749483ff4680749f81595311e425b8cf8c67939c75ca328dd9baffc7512ab,26/06/2023 00:57:36,ESCANER
21709,"Izabal",18,"Morales",4,3366,380,71,19,70,0,25,2,2,0,0,2,0,191,23,3,217,0,217,--,380,163,191,217,217,Algún campo sin dato,1,feca9206b0e0498edc0cab43dc774bbd21d4cefb6e06b2476765389068cc9fba,26/06/2023 01:08:33,ESCANER
21710,"Izabal",18,"Morales",4,3366,380,58,26,90,0,15,2,2,0,0,1,0,194,16,4,214,0,214,--,380,166,194,214,214,Algún campo sin dato,1,1bd822df519168cff1ddfa100cec0ebe59a96c621d3eb22efb5a279b6d88d850,26/06/2023 00:18:14,ESCANER
21711,"Izabal",18,"Morales",4,3366,380,75,34,107,0,16,1,0,0,0,2,0,235,7,2,244,0,244,--,380,136,235,244,244,Algún campo sin dato,1,b24667929b56001e55eae893da9dd6a9f93d078f1ad5ad2930d87170e912b107,26/06/2023 02:45:33,ESCANER
21712,"Izabal",18,"Morales",4,3366,367,66,30,111,0,15,2,0,0,1,0,0,225,5,0,230,0,230,--,367,137,225,230,230,Algún campo sin dato,1,7b26649d78db58f855896ca2e51ea73c74dce6c142134afd526b1743f551951d,26/06/2023 01:26:20,ESCANER
21713,"Izabal",18,"Morales",4,3366,366,55,20,75,0,17,1,3,1,1,1,0,174,11,5,190,0,190,--,366,176,174,190,190,Algún campo sin dato,1,8f065175f3afd2257685152071055a468a6b75e9ce1a98db0b51e2f75c5b2332,26/06/2023 00:28:12,ESCANER
21714,"Izabal",18,"Morales",4,3367,380,87,48,30,12,14,2,14,1,0,1,1,210,24,6,240,0,240,--,380,140,210,240,240,Algún campo sin dato,1,01a32e14f7b478dc36d075f3acff787738fbac2f5c3f3aa17e6db03a3d130518,26/06/2023 02:05:12,ESCANER
21715,"Izabal",18,"Morales",4,3367,380,73,47,35,8,28,0,20,0,3,1,2,217,25,7,249,0,249,--,380,131,217,249,249,Algún campo sin dato,1,c257a4fa24a54a4bc8751d89a0473766cc7d0bd61d659f5eb158a6732935c8d3,26/06/2023 04:53:13,ESCANER
21716,"Izabal",18,"Morales",4,3367,380,83,48,34,12,25,0,22,2,0,0,0,226,34,3,263,0,263,--,380,117,226,263,263,Algún campo sin dato,1,1062d15f9f5d60861da2777bfdc3e38796dd2907ba67876315408b7a2e70b8d5,26/06/2023 02:49:17,ESCANER
21717,"Izabal",18,"Morales",4,3367,380,81,57,30,5,27,1,21,0,1,0,0,223,26,2,251,1,252,--,380,129,223,251,252,Algún campo sin dato,1,aea28001c38537ec0b38578695b01009438a51761c45a3d87c2714764750422e,26/06/2023 00:52:20,ESCANER
21718,"Izabal",18,"Morales",4,3367,380,71,60,39,11,14,0,20,0,2,1,0,218,22,2,242,0,242,--,377,134,218,242,242,Algún campo sin dato,1,919d06383529108959d4edb8692feb90d97116fdc44a47e3b0fda4c9e904fea9,26/06/2023 03:21:51,ESCANER
21719,"Izabal",18,"Morales",4,3367,380,90,46,36,13,16,0,8,0,2,1,0,212,12,5,229,0,229,1,379,149,212,229,229,,1,cb0b771a05d269d1ae16eedc936c6c0ad83d991c501d42619199b64e89fd8c43,26/06/2023 04:57:42,ESCANER
21720,"Izabal",18,"Morales",4,3367,380,83,50,34,9,11,0,14,1,0,0,2,204,17,5,226,0,226,--,381,155,204,226,226,Algún campo sin dato,1,f4d2ddf05fec087ea732d71eecdbe63071af432e3fff0169586d76239d70a8a1,26/06/2023 03:46:36,ESCANER
21721,"Izabal",18,"Morales",4,3367,380,81,49,27,4,16,0,18,1,1,0,3,200,15,7,222,1,223,--,377,155,200,222,223,Algún campo sin dato,1,c5f27854695476b6fe26f8b57145fb92bd202561484ff938b45004df703a57b4,26/06/2023 03:30:13,ESCANER
21722,"Izabal",18,"Morales",4,3367,380,78,48,22,11,16,0,18,0,2,0,0,195,33,0,228,0,228,--,380,152,195,228,228,Algún campo sin dato,1,d0d309d568187d4a3295138a63fdba0fc2a7d123e6b66380072035d23dd9255d,26/06/2023 04:42:01,ESCANER
21723,"Izabal",18,"Morales",4,3367,380,74,51,14,3,21,0,10,0,2,0,0,175,27,3,205,1,206,--,380,174,175,205,206,Algún campo sin dato,1,9e97bf517120ee4b2eb069c55459d9e607347c952b7d65639c652933e8dde588,26/06/2023 02:33:45,ESCANER
21724,"Izabal",18,"Morales",4,3367,380,68,57,41,6,9,0,12,0,0,0,0,193,9,2,204,0,204,--,377,173,193,204,204,Algún campo sin dato,1,9d5669dee906c71d3177503ab8e1e43a919dffd1adf83a02f992b603e69b5892,26/06/2023 01:11:39,ESCANER
21725,"Izabal",18,"Morales",4,3367,380,59,77,56,2,9,0,11,0,1,0,0,215,6,0,221,0,221,--,377,156,215,221,221,Algún campo sin dato,1,0abbf60f8d0ec71efbeccb2b332bc31bf74546dac587edeb16d5a2ffb3f6800b,26/06/2023 01:26:21,ESCANER
21726,"Izabal",18,"Morales",4,3367,374,78,51,37,8,10,0,13,0,0,2,0,199,7,0,206,1,207,--,371,164,199,206,207,Algún campo sin dato,1,945638c607bf1c24613566f767057f1198e636c57eaa738c75e13fa4b19cab36,26/06/2023 01:56:49,ESCANER
21727,"Izabal",18,"Morales",4,3367,374,70,38,30,2,13,1,11,0,0,0,0,165,11,1,177,1,178,--,371,193,165,177,178,Algún campo sin dato,1,a478cc38092e38b6cb3c3249ae47609c8543b2927b5996135f3d9e3acfe25d9d,26/06/2023 04:44:28,ESCANER
21728,"Izabal",18,"Morales",4,3368,380,104,15,15,0,44,0,9,0,13,0,2,202,37,7,246,0,246,--,376,130,202,246,246,Algún campo sin dato,1,e548cab0cc0ec4d6200893fa39f1349cc417318a78eef775752181526929d141,26/06/2023 01:56:53,ESCANER
21729,"Izabal",18,"Morales",4,3368,380,125,28,24,1,30,2,3,0,4,2,1,220,31,3,254,0,254,--,379,125,220,254,254,Algún campo sin dato,1,2d1829a5e539fae267ef11925e72276adda88a999a50e824f394c94684138762,26/06/2023 01:24:11,ESCANER
21730,"Izabal",18,"Morales",4,3368,380,141,13,14,0,47,0,12,1,0,0,0,228,24,5,257,0,257,--,337,115,228,257,257,Algún campo sin dato,1,a4b93289a8f143b2382fccac4c51800ec99c6f429b1d07fcdfb12714fd91c6b7,26/06/2023 04:55:27,ESCANER
21731,"Izabal",18,"Morales",4,3368,380,114,22,23,0,41,0,6,0,8,0,0,214,2,3,219,17,236,--,377,141,214,219,236,Algún campo sin dato,1,0e2b790fc4ff7fc5fc89fa1b440f3cd13091b4945609b6cb4dc19d893a7c2336,26/06/2023 03:01:27,ESCANER
21732,"Izabal",18,"Morales",4,3368,380,117,16,14,40,1,13,7,1,0,0,0,209,15,2,226,0,226,--,377,151,209,226,226,Algún campo sin dato,1,3f318e43c1376be4bbbc3c6868ee559f63e202797d1be63a697ad2575083401c,26/06/2023 03:23:47,ESCANER
21733,"Izabal",18,"Morales",4,3368,380,120,9,10,0,35,0,5,1,2,0,0,182,27,4,213,0,213,--,380,167,182,213,213,Algún campo sin dato,1,425ce5852134f5cffebb14919a28b4ec456c396014ca2db3a48085786a221985,25/06/2023 23:41:50,ESCANER
21734,"Izabal",18,"Morales",4,3368,380,114,9,22,0,37,0,8,0,6,0,0,196,16,0,212,0,212,--,380,168,196,212,212,Algún campo sin dato,1,b5f2119c2acf7ff969e919757db7e8fc2dccde52c4645cf277ae1ca9991ef293,26/06/2023 00:46:27,ESCANER
21735,"Izabal",18,"Morales",4,3368,380,112,33,26,0,29,0,4,0,4,0,0,208,11,1,220,0,220,--,380,160,208,220,220,Algún campo sin dato,1,36c5a62ea255dbcbe5c51fa4937fb41b0936e8cf9c61c1cbed2c3ded7548fdda,26/06/2023 00:05:39,ESCANER
21736,"Izabal",18,"Morales",4,3368,215,63,9,14,0,25,0,1,0,0,0,0,112,6,2,120,0,120,--,212,92,112,120,120,Algún campo sin dato,1,3d0000c5ab2c2fd790d4db99c30b951947f37a06992649730d8627ce45fa425e,25/06/2023 23:18:18,ESCANER
21737,"Izabal",18,"Morales",4,3368,214,51,12,8,0,17,0,0,0,2,0,0,90,16,3,109,0,109,--,211,102,90,109,109,Algún campo sin dato,1,513544d466b0122f77d9ab10709900669711f1453d53244a08580100ccca328a,26/06/2023 00:05:45,ESCANER
21738,"Izabal",18,"Morales",4,3369,380,97,36,21,5,28,0,6,0,2,0,4,199,34,5,238,0,238,--,380,142,199,238,238,Algún campo sin dato,1,f0f1206aef1759aa3ada6ba096f175e4e9d2d4635ebac36aa8b40784c2b368f1,25/06/2023 23:22:58,ESCANER
21739,"Izabal",18,"Morales",4,3369,380,111,52,10,0,27,0,10,0,3,1,0,214,29,9,252,0,252,--,380,128,214,252,252,Algún campo sin dato,1,8279acb0860ae80197a71c128e33be1dc4e5804868b005622d2c6b22239f56cf,26/06/2023 01:40:42,ESCANER
21740,"Izabal",18,"Morales",4,3369,380,106,48,18,1,18,0,8,0,2,0,2,203,24,4,231,0,231,--,380,149,203,231,231,Algún campo sin dato,1,2fce6efb04905d67ff645d2b854193a36a13161e075d2fa2c2b640435fc47415,26/06/2023 02:39:07,ESCANER
21741,"Izabal",18,"Morales",4,3369,380,138,45,11,0,18,0,3,2,2,0,0,219,9,2,230,16,246,--,380,134,219,230,246,Algún campo sin dato,1,7c0e408f52b38d9b3bf69b7e79f9ebe97cab6216b76e16eaa276da6bac6225e9,26/06/2023 00:20:49,ESCANER
21742,"Izabal",18,"Morales",4,3369,380,112,41,15,2,19,0,6,0,1,0,4,200,13,1,214,0,214,--,380,166,200,214,214,Algún campo sin dato,1,08649020ebbe0c08222cc46633aeae2bf467748efdfe5880db3ce676d8db7219,25/06/2023 23:59:13,ESCANER
21743,"Izabal",18,"Morales",4,3369,380,85,39,24,2,25,1,6,1,2,1,0,186,16,7,209,0,209,--,381,171,186,209,209,Algún campo sin dato,1,36eb1d76a229313de8a2aed64665df602b5a9084bb2e2e6153723155f80f403d,26/06/2023 02:22:52,ESCANER
21744,"Izabal",18,"Morales",4,3369,380,112,43,17,1,25,3,7,0,1,0,0,209,22,3,234,0,234,--,380,146,209,234,234,Algún campo sin dato,1,c67c2e89980fb7f682438bcda9a7dc9d8eee462b58a7e1a2a8f053520d7b4f6a,26/06/2023 00:13:28,ESCANER
21745,"Izabal",18,"Morales",4,3369,380,101,35,15,1,23,1,5,0,0,1,2,184,22,4,210,0,210,--,380,170,184,210,210,Algún campo sin dato,1,60d1431811ef2554ef35795ffff878b9d78f52fd51602133e3e77b6f30eb5ac2,26/06/2023 01:49:32,ESCANER
21746,"Izabal",18,"Morales",4,3369,380,116,33,16,0,22,0,4,0,0,0,2,193,26,4,223,0,223,--,380,157,193,223,223,Algún campo sin dato,1,eeed715998937541f650bf7601df52f2cc95807f7920de2d37268741cdd63b67,26/06/2023 02:00:18,ESCANER
21747,"Izabal",18,"Morales",4,3369,380,97,35,14,2,17,0,5,0,3,0,2,175,22,6,203,0,203,--,380,177,175,203,203,Algún campo sin dato,1,cfa92c3880d813abd5624dcf9c0e267d3b6fc760bd722540bda0e5fe44fd2cea,26/06/2023 02:29:34,ESCANER
21748,"Izabal",18,"Morales",4,3369,380,115,65,25,1,15,0,5,0,1,0,6,233,4,1,238,0,238,--,380,142,233,238,238,Algún campo sin dato,1,67153632feafe1a2113b0f78e62e6948c624240f22f549f34a086deae2f49910,26/06/2023 00:58:55,ESCANER
21749,"Izabal",18,"Morales",4,3369,359,118,32,29,0,18,0,7,0,0,0,0,204,5,3,212,0,212,--,359,147,204,212,212,Algún campo sin dato,1,6ec247f24c8cf451f91aa00adfa4d187b289a9bf0c9a8750310e673c81b7af5a,26/06/2023 01:04:45,ESCANER
21750,"Izabal",18,"Morales",4,3369,358,78,19,21,0,15,0,2,0,3,0,1,139,17,3,159,0,159,--,358,199,139,159,159,Algún campo sin dato,1,d46a4c00e0cb49a1f9a431449ca1bd8a471c75fc170984570e5e3836adb2e695,25/06/2023 23:50:17,ESCANER
21751,"Izabal",18,"Morales",4,3370,380,122,15,15,0,19,2,7,2,0,0,0,182,35,7,224,0,224,--,377,153,182,224,224,Algún campo sin dato,1,53bc85799bf94f42b988f577a5584389f4eabfb1dabd775f60a77518272bb93f,26/06/2023 00:21:16,ESCANER
21752,"Izabal",18,"Morales",4,3370,380,102,23,27,0,24,3,6,1,2,0,3,191,26,5,222,0,222,--,380,158,191,222,222,Algún campo sin dato,1,fea5efc24d37b2ef1b5b86fb465d3a289573436157d144fe73a4fa3e7c74907c,25/06/2023 23:47:16,ESCANER
21753,"Izabal",18,"Morales",4,3370,380,92,11,11,0,23,0,7,0,7,1,0,152,21,5,178,0,178,--,397,219,152,178,178,Algún campo sin dato,1,eca0f3be03e2c24cb303f055f05324719dd1e7eb3ed62aa7dfb80c4fc198bef0,25/06/2023 23:08:32,ESCANER
21754,"Izabal",18,"Morales",4,3370,380,110,13,19,0,24,0,5,1,0,0,1,173,24,8,205,0,205,--,370,165,173,205,205,Algún campo sin dato,1,fe29a980ddc608f265c30bb86461ad2bc93f8a3b88a728b92876236352e81b73,25/06/2023 23:41:01,ESCANER
21755,"Izabal",18,"Morales",4,3370,380,94,12,27,1,31,1,2,0,0,0,1,169,26,4,199,0,199,--,378,179,169,199,199,Algún campo sin dato,1,56e93068fdd42ad989849b182e71fd139cba542c03edec963d9679fa3e228690,26/06/2023 00:50:17,ESCANER
21756,"Izabal",18,"Morales",4,3370,330,101,15,33,0,19,0,3,0,1,1,0,173,7,2,182,0,182,--,330,148,173,182,182,Algún campo sin dato,1,7cf0a76d1418459d362c0b6f763f19fc91c11ecca94256e3903bc3ecb0d8269a,25/06/2023 23:33:55,ESCANER
21757,"Izabal",18,"Morales",4,3370,330,83,13,13,0,28,1,4,0,1,0,0,143,15,0,158,1,159,--,331,169,143,158,159,Algún campo sin dato,1,9c168fcbdd792d6d5a365484d254071e87aaff0ecf430557a36c8b8d1858e576,26/06/2023 00:01:01,ESCANER
21758,"Izabal",18,"Morales",4,3371,380,83,51,15,1,59,1,7,1,3,0,3,224,31,9,264,0,264,--,381,117,224,264,264,Algún campo sin dato,1,a251bf0ac93bccdf2591dd0ef4378e9c3c14e3c05ce3bec9cc3f5836e4b3eb3c,26/06/2023 01:00:13,ESCANER
21759,"Izabal",18,"Morales",4,3371,380,83,55,38,1,27,0,12,0,2,1,0,219,28,4,251,0,251,--,380,129,219,251,251,Algún campo sin dato,1,d5209559b2dfa465e1cdf90b88069b6bf26743707fcd6a43d4cdab28dda2893a,26/06/2023 02:29:38,ESCANER
21760,"Izabal",18,"Morales",4,3371,380,98,72,25,0,13,3,9,3,3,0,2,228,21,9,258,0,258,--,380,122,228,258,258,Algún campo sin dato,1,2a74c762d05f8ad727b9058d5bf8ecf4631500974f42d49d945640ed2c6c7c07,26/06/2023 02:16:05,ESCANER
21761,"Izabal",18,"Morales",4,3371,380,64,81,22,0,22,1,7,0,1,1,1,200,23,3,226,0,226,--,380,154,200,226,226,Algún campo sin dato,1,81a436ed410cf30ebd638fba4a66631cd2cd27485c5a909ae63984e49589beb3,26/06/2023 00:39:12,ESCANER
21762,"Izabal",18,"Morales",4,3371,380,77,52,34,1,27,2,3,0,0,0,0,196,15,4,215,0,215,--,380,165,196,215,215,Algún campo sin dato,1,016dbd70334fd7204f73e4c96522e0c9d34232ce7a887cffcd242df78c41883d,26/06/2023 02:25:05,ESCANER
21763,"Izabal",18,"Morales",4,3371,380,74,49,28,1,28,4,7,1,2,1,0,195,19,2,216,0,216,--,380,164,195,216,216,Algún campo sin dato,1,0cd574e1da90fc402344aaa32bea58c0b92765bc96952b42aefb4b60daa96b21,26/06/2023 02:37:59,ESCANER
21764,"Izabal",18,"Morales",4,3371,380,64,46,28,0,20,0,9,0,2,0,2,171,18,6,195,1,196,--,376,180,171,195,196,Algún campo sin dato,1,ca93e44907b90e203a4580fc3a0b20a5ae4509accff6d9827a4b1de67aa1b8d6,26/06/2023 01:58:47,ESCANER
21765,"Izabal",18,"Morales",4,3371,380,61,46,20,0,19,1,7,1,3,0,0,158,25,8,191,1,192,--,380,188,158,191,192,Algún campo sin dato,1,2c3dd005c9bb26e6346a8e7484deeb835b1b242d8434dc81fe5d4c56a4018450,26/06/2023 01:18:20,ESCANER
21766,"Izabal",18,"Morales",4,3371,380,69,61,46,1,21,1,5,1,3,0,0,208,16,2,226,0,226,--,381,155,208,226,226,Algún campo sin dato,1,a3ab63793b31158f17682f84101b89bfd2110395c76baea85ff420f848119683,26/06/2023 02:20:45,ESCANER
21767,"Izabal",18,"Morales",4,3371,380,60,59,24,0,25,1,4,0,0,0,0,173,13,0,186,0,186,--,379,193,173,186,186,Algún campo sin dato,1,38336851b985ebeae75986e9b00a08acfd323bf82abae17a7aeffe87b05b31a4,25/06/2023 23:35:28,ESCANER
21768,"Izabal",18,"Morales",4,3371,223,24,21,12,0,19,1,3,0,0,0,0,80,7,1,88,0,88,--,223,135,80,88,88,Algún campo sin dato,1,36d27591366cfef75b87ce0ef2f0740d4a50c59ea68135ddeef4e9ad74b82e07,26/06/2023 00:03:38,ESCANER
21769,"Izabal",18,"Morales",4,3371,223,28,32,15,0,10,1,4,0,1,0,0,91,9,0,100,0,100,--,222,122,91,100,100,Algún campo sin dato,1,b7b6e1694c1012523ba7eb2632b4467098674987af820cac31a59ca9a3f3c811,25/06/2023 23:39:20,ESCANER
21770,"Izabal",18,"Morales",4,3372,380,57,23,21,3,82,0,6,2,3,1,2,200,24,1,225,0,225,--,380,155,200,225,225,Algún campo sin dato,1,45c49aa8d19990c597d68d3d4b072d1e591d0498615a801854c39dd10589f040,26/06/2023 01:49:04,ESCANER
21771,"Izabal",18,"Morales",4,3372,380,55,19,31,0,87,3,3,0,0,1,0,199,33,3,235,0,235,--,380,145,199,235,235,Algún campo sin dato,1,cf178d0e2edd5b6a5d6d16c1d87f24ad46d1f3a409688181f1fac023bcb7bad1,26/06/2023 04:38:08,ESCANER
21772,"Izabal",18,"Morales",4,3372,380,41,26,28,1,64,1,14,0,4,0,0,179,22,1,202,0,202,--,380,178,179,202,202,Algún campo sin dato,1,ee75b8363812543ccff70321d7dee8387bb44d2220c5c4b3abb650f3c0b1a978,26/06/2023 02:06:10,ESCANER
21773,"Izabal",18,"Morales",4,3372,370,46,21,18,1,55,1,7,1,0,1,0,151,23,6,180,0,180,0,370,190,151,180,180,,1,4f87f82e31224e3838329370b0f073534da7e1d0c5422759ba90a7bd53e11f2d,26/06/2023 03:58:11,ESCANER
21774,"Izabal",18,"Morales",4,3372,369,43,27,34,0,59,3,0,1,3,0,1,171,12,0,183,0,183,--,366,183,171,183,183,Algún campo sin dato,1,2d6bef42008b5aebea3bd37a06a335cc110ed199196be993b8360bcdcacd285c,26/06/2023 01:32:06,ESCANER
21775,"Izabal",18,"Morales",4,3373,380,96,29,27,1,14,18,15,1,1,0,1,203,41,7,251,0,251,--,380,129,203,251,251,Algún campo sin dato,1,00eeb1388d1c86eb272ba974cdf7c8c8ab7b8df65126d9514e0e85c060cac62c,26/06/2023 00:42:45,ESCANER
21776,"Izabal",18,"Morales",4,3373,380,60,61,37,2,15,19,6,1,1,0,0,202,24,9,235,0,235,--,381,146,202,235,235,Algún campo sin dato,1,fcc4b8a2318051f450ec7595d1ed7c77f140ffbd9ac6806d9d505cb95546859b,26/06/2023 00:24:40,ESCANER
21777,"Izabal",18,"Morales",4,3373,380,70,36,33,6,11,19,7,0,4,0,0,186,25,6,217,0,217,--,381,164,186,217,217,Algún campo sin dato,1,cc109e8b839d16adb1c22f70abed7bf7c2ce101289bf9c695222456ae7321f24,26/06/2023 01:22:28,ESCANER
21778,"Izabal",18,"Morales",4,3373,380,63,33,36,1,10,13,9,0,0,0,0,165,26,3,194,0,194,--,380,186,165,194,194,Algún campo sin dato,1,31564dae1f8c7ad52515ef7ea9830675ffd7b76049a53e2d1268f467d75a3e09,25/06/2023 23:05:33,ESCANER
21779,"Izabal",18,"Morales",4,3373,227,46,37,19,1,8,12,5,1,0,0,0,129,8,2,139,0,139,--,227,88,129,139,139,Algún campo sin dato,1,171d1b2e1f21f956d1738fbaa67b363a31bd511530d4f89610b67bb778c34fb3,25/06/2023 22:03:43,ESCANER
21780,"Izabal",18,"Morales",4,3373,226,38,16,15,1,7,6,1,0,0,0,0,84,12,2,98,0,98,--,226,128,84,98,98,Algún campo sin dato,1,0d36a73644bdf5d670b3830186de61f50a02d6af4139b3c63797860965889101,25/06/2023 22:57:37,ESCANER
21781,"Izabal",18,"Morales",4,3374,380,118,64,12,4,30,1,3,0,0,0,2,234,25,2,261,0,261,--,380,119,234,261,261,Algún campo sin dato,1,16c249e0845c160144098eb37c7aa60d35d668837a50bc403c165a54d18c3dec,26/06/2023 00:53:12,ESCANER
21782,"Izabal",18,"Morales",4,3374,380,91,76,9,12,19,1,8,0,2,3,0,221,18,1,240,0,240,--,400,160,221,240,240,Algún campo sin dato,1,19eacd2b1f50daab969db6dcf64c449e7bfaadb7e5d20d5551b62feb9d545a14,26/06/2023 00:16:45,ESCANER
21783,"Izabal",18,"Morales",4,3374,255,79,44,9,6,8,0,8,0,1,0,1,156,14,1,171,0,171,--,255,84,156,171,171,Algún campo sin dato,1,910ab54fe0753cf7f6a258943faddf1e88f8ba06f25d8ac980c35c02b09db3c9,25/06/2023 22:46:32,ESCANER
21784,"Izabal",18,"Morales",4,3374,254,83,29,7,4,10,0,10,0,1,0,1,145,12,1,158,0,158,--,252,94,145,158,158,Algún campo sin dato,1,491a52361ec66cefcdb163591e796e4efe8cbb4a27e3fb04eb526fe117a3e534,26/06/2023 00:27:02,ESCANER
21785,"Izabal",18,"Morales",4,3375,600,36,31,15,0,21,2,8,1,3,0,1,118,28,3,149,0,149,--,600,451,118,149,149,Algún campo sin dato,1,86de58c68122717756f20187db8b0b3c862e9e0747020fbff52275b57ac856f8,26/06/2023 01:59:41,ESCANER
21786,"Izabal",18,"Morales",4,3375,600,--,--,--,--,--,--,--,--,--,--,--,--,--,--,--,--,--,--,--,--,,,,Acta ilegible,0,2a033dd68206f362cd3151712950669d6c7ad866b6af3bf090e2794d43d81661,26/06/2023 05:51:35,ESCANER
21787,"Izabal",18,"Morales",4,3375,600,44,15,24,2,35,2,11,0,3,0,1,137,11,3,151,0,151,--,600,449,137,151,151,Algún campo sin dato,1,d831331c114d5808ebb05c8e2c6feeacc9c69bd403b77d5d2d9dddb08e910a59,26/06/2023 00:00:54,ESCANER
21788,"Izabal",18,"Morales",4,3375,600,42,19,25,0,38,2,16,2,2,0,1,147,14,4,165,5,170,--,600,430,147,165,170,Algún campo sin dato,1,b21fd39bcd1496ac7be770bcc85974adb04325b2b7619148e33f21a693054eab,26/06/2023 01:07:37,ESCANER
21789,"Izabal",18,"Morales",4,3375,600,34,18,14,0,28,2,6,0,0,0,1,103,11,3,117,1,118,--,600,482,103,117,118,Algún campo sin dato,1,b407e9904b2862428785fb03ed8c3749b34c583b94732bc9b0ae9caa90cfcb50,26/06/2023 00:23:15,ESCANER
21790,"Izabal",18,"Morales",4,3375,600,17,7,13,0,14,3,5,0,1,0,0,60,8,1,69,0,69,--,600,531,60,69,69,Algún campo sin dato,1,645f6f35613bd7090e49d631d0620dc2aaae461748f28c6fc2e76aa6d3223db7,25/06/2023 23:17:22,ESCANER
21791,"Izabal",18,"Morales",4,3375,515,4,5,7,0,4,0,2,0,1,0,0,23,1,0,24,0,24,--,--,--,23,24,24,Algún campo sin dato,1,efa66467b55d1fb056b5d5a396b44ff91ee2ef46f9b33444d33eb7480e2b52bd,25/06/2023 22:10:29,ESCANER
21792,"Izabal",18,"Morales",4,3375,514,5,4,4,--,--,--,--,--,--,--,--,13,3,--,--,--,16,--,514,498,13,16,16,Algún campo sin dato,1,1d1e83a1cfa1ed51a6c98b9d8931fa4679d23a921d9effd42d01948204796acf,25/06/2023 21:11:12,ESCANER