﻿TIPO_DE_ELECCIÓN:,CORPORACIÓN MUNICIPAL
28 junio 2023 21:35 (UTC -6)
ACTAS_ESPERADAS,ACTAS_CAPTURADAS,PORCENTAJE_ACTAS_CAPTURADAS,ACTAS_CONTABILIZADAS,PORCENTAJE_ACTAS_CONTABILIZADAS,ACTAS_NO_CONTABILIZADAS,LISTA_NOMINAL_ACTAS_CONTABILIZADAS,VOTOS_EMITIDOS_CONTABILIZADAS,PORCENTAJE_PARTICIPACIÓN_CIUDADANA
69,69,100.0000,68,98.5507,1,24355,16541,67.9162

MESA,DEPARTAMENTO,ID_DEPARTAMENTO,MUNICIPIO,ID_MUNICIPIO,CENTRO_DE_VOTACIÓN,PADRÓN,CREO,MLP,UNE,BIEN,AZUL,TODOS,WINAQ,VIVA,VAMOS,PODEMOS,PPN,VÁLIDOS,NULOS,BLANCO,EMITIDOS,INVÁLIDOS,TOTAL,IMPUGNACIONES,PAPELETAS-RECIBIDAS,PAPELETAS-NO-USADAS,VALIDOS_CALCULADO,EMITIDOS_CALCULADO,TOTAL_CALCULADO,OBSERVACIONES,CONTABILIZADA,CÓDIGO_INTEGRIDAD,FECHA_HORA_PUBLICACIÓN,DIGITALIZACIÓN
13448,"San Marcos",12,"San Miguel Ixtahuacán",5,1854,400,146,1,2,73,6,58,4,3,1,0,0,294,15,5,314,0,314,--,400,86,294,314,314,Algún campo sin dato,1,15656c2c9d7ecf643dce897072616f0ce5a1cddb79386831cc4ddee8a703ef4b,26/06/2023 03:59:47,MOVIL
13449,"San Marcos",12,"San Miguel Ixtahuacán",5,1854,400,123,0,6,70,10,76,0,2,2,0,0,289,19,6,314,0,314,--,400,86,289,314,314,Algún campo sin dato,1,48d93a79caddcdd745b32f729a9e4cd4219edfca7845295ed0b60dbb87174633,26/06/2023 03:50:17,MOVIL
13450,"San Marcos",12,"San Miguel Ixtahuacán",5,1854,400,148,2,2,72,6,54,1,3,3,--,--,290,24,3,317,0,317,0,400,83,291,318,318,Sumas Asentadas sin cuadrar,1,789d5a09d4c66db66a10a40453f58fc111f4e0901eea6abb85a2405aa3357973,27/06/2023 14:23:18,ESCANER
13451,"San Marcos",12,"San Miguel Ixtahuacán",5,1854,400,113,0,2,135,5,36,2,2,2,0,0,297,17,3,317,0,317,--,400,83,297,317,317,Algún campo sin dato,1,fbc2dbeba7d68f969db63f962c6ac4bd5d0fee31e79d831bbb81b3a40729491d,26/06/2023 01:40:58,ESCANER
13452,"San Marcos",12,"San Miguel Ixtahuacán",5,1854,400,129,2,0,93,6,58,1,3,4,0,0,296,16,5,317,0,317,--,400,83,296,317,317,Algún campo sin dato,1,b8ee366faa9d47efed487cc775162a65ffb3b886771f839b5979e0053dddff71,26/06/2023 00:49:50,ESCANER
13453,"San Marcos",12,"San Miguel Ixtahuacán",5,1854,400,106,0,0,94,7,43,1,0,0,0,0,251,19,4,274,0,274,--,400,126,251,274,274,Algún campo sin dato,1,0f7b45df697bc57553c15ba77b8fd661b6074ab6bcb74eac408608a05f312a04,26/06/2023 02:03:06,ESCANER
13454,"San Marcos",12,"San Miguel Ixtahuacán",5,1854,400,107,2,2,74,4,35,5,2,4,0,0,235,12,6,253,0,253,0,400,147,235,253,253,,1,7e128c95b29ec3bd1aeeea593728a607004842a2fc5a0e395fc205d4be5c9bcf,26/06/2023 11:31:14,ESCANER
13455,"San Marcos",12,"San Miguel Ixtahuacán",5,1854,400,132,2,0,72,0,28,2,3,2,1,0,242,22,8,272,0,272,--,400,128,242,272,272,Algún campo sin dato,1,52e6bd31dbdde63e984921cc7bcfa2a9e98ed2c69a25e84c7fa103f432a96bef,26/06/2023 02:10:05,ESCANER
13456,"San Marcos",12,"San Miguel Ixtahuacán",5,1854,400,127,0,2,74,7,45,1,2,1,0,0,259,10,3,0,0,272,--,400,128,259,272,272,Algún campo sin dato,1,cef339138add04c724ac50fc0748a9478b1fca432b32d92e841d96b0dd4971f5,26/06/2023 01:28:43,ESCANER
13457,"San Marcos",12,"San Miguel Ixtahuacán",5,1855,400,127,1,0,69,5,47,0,4,4,0,0,257,9,0,266,0,266,--,400,134,257,266,266,Algún campo sin dato,1,150ea0358d9a93e3e52fa1ad49a5791071698fc3a53dc077ac180330959b0bba,26/06/2023 01:54:56,ESCANER
13458,"San Marcos",12,"San Miguel Ixtahuacán",5,1855,400,103,3,3,81,4,48,2,3,1,0,0,248,19,3,270,1,271,1,400,129,248,270,271,,1,f9580b6d835c649984bddf1c6c8a565a7812eb0fef7db9ebd420ce4569c3e065,26/06/2023 01:10:56,ESCANER
13459,"San Marcos",12,"San Miguel Ixtahuacán",5,1855,400,95,0,0,61,4,55,0,2,2,0,0,219,10,1,230,0,230,0,400,170,219,230,230,,1,fdf6bf116578c1287cb3292d26cfa026fc4d614459b70128d2b1832019da7745,25/06/2023 21:30:11,ESCANER
13460,"San Marcos",12,"San Miguel Ixtahuacán",5,1856,400,103,0,2,79,5,40,5,1,1,0,0,236,7,1,244,0,244,--,400,153,236,244,244,Algún campo sin dato,1,1e354f6707f1e067bc9632241dec278fb8dfc810179fb5f066366c1ff135cb86,26/06/2023 00:33:02,ESCANER
13461,"San Marcos",12,"San Miguel Ixtahuacán",5,1856,400,102,0,0,57,2,61,1,2,0,0,0,225,2,0,227,0,227,--,400,173,225,227,227,Algún campo sin dato,1,10268deb22fd8aa36b34fd82f780ac3dc2233ac82d06ed7b407a214f5366dd2b,26/06/2023 00:02:54,ESCANER
13462,"San Marcos",12,"San Miguel Ixtahuacán",5,1857,269,76,0,0,61,3,26,1,0,0,0,0,167,3,0,170,0,170,--,269,99,167,170,170,Algún campo sin dato,1,5dd8e9bca56af1c30dbf18efb4632708ae42cbb0ac2ee1fae743728c17ce7663,25/06/2023 23:28:27,ESCANER
13463,"San Marcos",12,"San Miguel Ixtahuacán",5,1857,269,65,1,0,37,2,28,0,3,0,0,0,136,4,0,140,0,140,--,269,129,136,140,140,Algún campo sin dato,1,059fc87190ba057d4edd380657a667ae26828e9b7c56e21939f71f0825154777,25/06/2023 22:33:16,ESCANER
13464,"San Marcos",12,"San Miguel Ixtahuacán",5,1858,371,118,0,4,50,2,46,2,0,1,0,0,223,23,11,257,0,0,--,371,114,223,257,257,Algún campo sin dato,1,4dccc530422ae468cfccf65c22c7bb8bcdc24d4147b1351a63c9e5f882ba5b73,26/06/2023 01:37:36,ESCANER
13465,"San Marcos",12,"San Miguel Ixtahuacán",5,1858,371,119,0,0,47,1,47,0,0,0,0,0,214,8,0,222,0,222,--,371,149,214,222,222,Algún campo sin dato,1,0930bd38df4c8638aa597b86c9624baffbba4e9334862c099c8b98fdc958d192,26/06/2023 01:26:00,ESCANER
13466,"San Marcos",12,"San Miguel Ixtahuacán",5,1859,380,131,3,5,71,2,25,1,0,2,0,1,241,19,13,273,0,273,--,380,107,241,273,273,Algún campo sin dato,1,3754d9e9278c8a71fe1f66df0913179a22b46c02b41c661c1a5e0a439e0f4b3c,26/06/2023 00:12:49,ESCANER
13467,"San Marcos",12,"San Miguel Ixtahuacán",5,1859,380,131,0,2,62,3,38,1,3,3,0,0,243,22,9,274,0,274,--,380,106,243,274,274,Algún campo sin dato,1,3658cc59210d01c0c6bd2c87ac7eba5e3f1d819dec6f3d938346b16d8178d60b,26/06/2023 00:39:01,ESCANER
13468,"San Marcos",12,"San Miguel Ixtahuacán",5,1859,380,115,0,3,93,2,25,4,6,3,0,0,251,27,17,295,0,295,--,380,85,251,295,295,Algún campo sin dato,1,e6671759b85e737b149aa0f764f99d72348f4bca47c785c69f25cdd59def996d,26/06/2023 02:42:10,ESCANER
13469,"San Marcos",12,"San Miguel Ixtahuacán",5,1859,380,136,1,2,67,6,22,1,2,2,0,0,239,16,1,256,0,256,--,380,124,239,256,256,Algún campo sin dato,1,b095472efbc0873d014488bf04fd77c0258d808a542d383610eb6f0f81257eb6,26/06/2023 02:57:40,ESCANER
13470,"San Marcos",12,"San Miguel Ixtahuacán",5,1859,380,112,0,4,72,6,34,4,3,2,0,1,238,23,5,266,0,266,--,380,114,238,266,266,Algún campo sin dato,1,855944f0750315f0b4ecfb340f72890126fc2596a4dfdeae4d93909c6cf37174,26/06/2023 00:34:03,ESCANER
13471,"San Marcos",12,"San Miguel Ixtahuacán",5,1859,380,101,0,0,81,9,38,4,1,3,0,0,237,15,3,255,0,255,--,380,125,237,255,255,Algún campo sin dato,1,97e6ea9a36b7be7a34dbfb1172d1a972d77230380abff58fbd3c274ceb042328,26/06/2023 00:20:19,ESCANER
13472,"San Marcos",12,"San Miguel Ixtahuacán",5,1859,380,108,0,1,64,4,24,3,5,2,1,0,212,11,8,231,1,232,--,380,148,212,231,232,Algún campo sin dato,1,851852d209ba79a13f88da3cb423ef754e296234b1cfc4f3f6e66abd12fa1a60,26/06/2023 01:26:38,ESCANER
13473,"San Marcos",12,"San Miguel Ixtahuacán",5,1859,269,90,0,1,57,3,12,0,0,0,0,0,163,7,1,172,1,172,0,--,--,163,171,172,Sumas Asentadas sin cuadrar,1,e168778c6134583f8f934949b29b636bb189569d2f7bd2bb8446a7c2ff03f41d,26/06/2023 04:34:14,ESCANER
13474,"San Marcos",12,"San Miguel Ixtahuacán",5,1859,269,73,0,0,35,2,18,5,0,0,0,0,133,5,1,139,0,139,--,269,130,133,139,139,Algún campo sin dato,1,d912f3d92580182c52eba0e5ae256fd2bb8826667cd646e0af741b9601060a72,25/06/2023 22:32:02,ESCANER
13475,"San Marcos",12,"San Miguel Ixtahuacán",5,1860,380,134,0,3,65,7,11,2,1,2,0,0,225,44,15,284,0,284,--,380,96,225,284,284,Algún campo sin dato,1,d83f93556419f601fbc52c3ead5e91d883afdc2cea03b8e50464eae9b663d622,26/06/2023 00:53:46,ESCANER
13476,"San Marcos",12,"San Miguel Ixtahuacán",5,1860,380,128,0,8,86,6,16,2,3,2,0,0,251,39,10,300,0,300,--,380,80,251,300,300,Algún campo sin dato,1,98dee7863cf46fbe232d47208d3e35338023e4257825f0b184c1ac28e979f595,26/06/2023 01:04:16,ESCANER
13477,"San Marcos",12,"San Miguel Ixtahuacán",5,1860,380,116,0,5,81,5,16,1,0,1,0,0,225,25,6,256,0,256,--,380,124,225,256,256,Algún campo sin dato,1,36fde668c851954e12b944934521ad4be1882bafd70c7984bff9bebe0e5f3dfd,25/06/2023 22:52:11,ESCANER
13478,"San Marcos",12,"San Miguel Ixtahuacán",5,1860,380,122,0,7,74,1,12,0,1,0,0,0,217,28,5,250,0,250,--,380,130,217,250,250,Algún campo sin dato,1,33da9fb09c8469865582fec8125631ac08969b666e6071ab8f4b85b735601074,26/06/2023 00:15:15,ESCANER
13479,"San Marcos",12,"San Miguel Ixtahuacán",5,1860,380,105,0,1,87,1,25,0,1,2,0,0,222,18,5,245,0,245,--,380,135,222,245,245,Algún campo sin dato,1,79bf9083bf253706652f458b60e0ffc7343791b688f6868b975fa60827d5eac2,26/06/2023 01:15:32,ESCANER
13480,"San Marcos",12,"San Miguel Ixtahuacán",5,1860,380,102,0,2,86,5,20,0,1,5,0,1,222,17,8,247,0,247,--,380,133,222,247,247,Algún campo sin dato,1,832dc84a619c99de47b667c54ccc31dd5cb5cee0992377d3360ecb5b74465dbe,26/06/2023 00:22:13,ESCANER
13481,"San Marcos",12,"San Miguel Ixtahuacán",5,1860,380,116,0,1,65,0,15,0,1,1,0,0,199,9,2,210,0,210,--,380,170,199,210,210,Algún campo sin dato,1,0c5a48df6c4090b976e0251fb31851dd0116d70e3c4808689f865193e6d5415a,26/06/2023 00:35:23,ESCANER
13482,"San Marcos",12,"San Miguel Ixtahuacán",5,1861,211,80,0,2,39,1,6,0,2,0,0,0,130,5,2,137,0,137,--,211,74,130,137,137,Algún campo sin dato,1,86025f37ed7a8f93fcd73f3f0e12bf4fa3709457c3355dea15d9e19f5323f386,26/06/2023 00:03:57,ESCANER
13483,"San Marcos",12,"San Miguel Ixtahuacán",5,1861,211,67,0,0,33,0,8,0,1,0,0,0,109,1,2,112,1,113,--,211,98,109,112,113,Algún campo sin dato,1,41edb653a78eb36b4641d8f5d089d530f5ba7cc14c4fd684d911ac10d0375eba,26/06/2023 00:09:43,ESCANER
13484,"San Marcos",12,"San Miguel Ixtahuacán",5,1862,380,196,2,2,65,4,5,0,1,2,0,0,277,20,8,305,0,305,--,380,75,277,305,305,Algún campo sin dato,1,a6a04909326f6060be989ed5615484c3a71dd08830ca057a216aae61adbd95bd,26/06/2023 01:32:40,ESCANER
13485,"San Marcos",12,"San Miguel Ixtahuacán",5,1862,380,147,0,1,92,1,10,0,1,2,0,0,254,24,2,254,24,278,--,380,100,254,280,304,Sumas Asentadas sin cuadrar,1,f4b011692c214434c07332cb495e798027f3c634bb866d846524e900ac9f3133,26/06/2023 02:05:03,ESCANER
13486,"San Marcos",12,"San Miguel Ixtahuacán",5,1862,313,--,--,--,--,--,--,--,--,--,--,--,--,--,--,--,--,--,--,--,--,,,,Suma Excede Padrón,0,72351b31934b93ce476c24b15046ffa7559ffee3c782f6fd41e6791dc21ecf7a,26/06/2023 02:21:00,ESCANER
13487,"San Marcos",12,"San Miguel Ixtahuacán",5,1862,313,118,0,0,57,0,4,0,0,1,0,0,180,5,0,185,0,185,--,313,128,180,185,185,Algún campo sin dato,1,8402bc22351e6bc37b4c557b17b08c5f26ecfe3e3c17915a386fa0bc4a82b4b3,26/06/2023 01:18:15,ESCANER
13488,"San Marcos",12,"San Miguel Ixtahuacán",5,1863,380,164,2,2,60,5,21,0,1,13,0,0,268,24,11,303,0,303,--,380,77,268,303,303,Algún campo sin dato,1,653a88c123af6e819f6553a69b6c84340d494971e7a0f7412fb22b8ffc2b18a7,25/06/2023 23:50:11,ESCANER
13489,"San Marcos",12,"San Miguel Ixtahuacán",5,1863,356,142,1,1,49,2,12,1,2,16,0,0,226,23,2,251,0,251,--,356,105,226,251,251,Algún campo sin dato,1,3823ad1fe9283d9667027415001e9491107ff4a624c316ad0cf7c3beef56982e,25/06/2023 23:36:25,ESCANER
13490,"San Marcos",12,"San Miguel Ixtahuacán",5,1863,356,123,0,0,38,2,14,1,0,6,0,0,184,5,3,192,0,192,--,353,161,184,192,192,Algún campo sin dato,1,debb08e64333104eab8497d23946c17af67768f28bb6ed5bedca6c3da9c31373,25/06/2023 22:51:17,ESCANER
13491,"San Marcos",12,"San Miguel Ixtahuacán",5,1864,328,148,0,0,45,2,32,0,1,4,0,0,232,10,10,252,1,253,--,328,75,232,252,253,Algún campo sin dato,1,426661ae5c136a6f10181bcf3ed3e8b06e990883302ccab4105dc876ad4103f1,26/06/2023 01:43:46,ESCANER
13492,"San Marcos",12,"San Miguel Ixtahuacán",5,1864,327,160,0,4,31,1,19,0,0,0,0,0,215,4,0,219,0,219,--,327,108,215,219,219,Algún campo sin dato,1,2fdc080fe13984c6b9cdb30a19a862e1b87085ed07a29f8a7b96d49623859730,26/06/2023 01:32:29,ESCANER
13493,"San Marcos",12,"San Miguel Ixtahuacán",5,1865,380,132,0,4,95,3,26,5,5,3,0,0,273,14,4,291,0,291,--,380,89,273,291,291,Algún campo sin dato,1,f815a497e56a7eb362f19b407d2a8f227481e8c14b5aa551dfa21aa1c08640bd,26/06/2023 00:28:47,ESCANER
13494,"San Marcos",12,"San Miguel Ixtahuacán",5,1865,380,152,1,5,98,4,19,2,1,2,0,0,284,1,6,291,17,308,--,380,72,284,291,308,Algún campo sin dato,1,2d22ec263a30a95b687964b7b930ae33aec20f1692f89ffff1af5d919d2023dd,26/06/2023 01:32:36,ESCANER
13495,"San Marcos",12,"San Miguel Ixtahuacán",5,1865,380,136,1,6,79,3,20,1,3,3,1,0,253,35,8,296,0,296,--,380,84,253,296,296,Algún campo sin dato,1,fb6b2db5798f73f52c8e3d768d4a8b815c2c3382053eb192ec776ad9f9662182,26/06/2023 00:20:48,ESCANER
13496,"San Marcos",12,"San Miguel Ixtahuacán",5,1865,380,119,1,4,85,2,36,2,1,0,1,0,251,19,11,281,0,281,--,380,99,251,281,281,Algún campo sin dato,1,5566f2dabae673461989e4986c40169606f0963cde7dfb612ef3a8d76ecdcb77,25/06/2023 23:46:58,ESCANER
13497,"San Marcos",12,"San Miguel Ixtahuacán",5,1865,380,130,0,3,85,0,19,0,2,2,0,0,241,24,4,269,0,269,--,380,111,241,269,269,Algún campo sin dato,1,ac7a08dac7b7dd7a22c3df6f1fef039d6a31213f6c138e6047bea76c84678ee2,26/06/2023 00:48:30,ESCANER
13498,"San Marcos",12,"San Miguel Ixtahuacán",5,1865,380,141,0,3,79,2,35,1,2,4,0,0,267,19,5,291,0,291,--,380,89,267,291,291,Algún campo sin dato,1,3201a9ae54fb57ff78a55d8a0d1c8c923ffa08cc21f95c7d85ae849153f8a268,26/06/2023 00:11:34,ESCANER
13499,"San Marcos",12,"San Miguel Ixtahuacán",5,1865,380,129,0,5,80,3,22,0,3,1,0,0,271,18,10,271,0,271,--,380,109,243,271,271,Sumas Asentadas sin cuadrar,1,eb754e41706c24ed2945da81bc7b6b08c5dec28695f727a32a31c48c64e1a49c,26/06/2023 01:57:03,ESCANER
13500,"San Marcos",12,"San Miguel Ixtahuacán",5,1865,380,123,1,0,72,0,32,0,0,0,0,0,228,10,1,239,0,239,--,380,141,228,239,239,Algún campo sin dato,1,a748b3596aee15acc5b0fe536a5a78eb204c0617e840069848e09b358f5a11d9,26/06/2023 01:25:27,ESCANER
13501,"San Marcos",12,"San Miguel Ixtahuacán",5,1865,291,96,0,1,55,0,19,0,0,1,1,0,173,6,1,180,0,180,--,291,111,173,180,180,Algún campo sin dato,1,0ea069150353dd1123efa2611ea813dc81ad3414b7e8280f17b968afd5324db9,26/06/2023 00:56:42,ESCANER
13502,"San Marcos",12,"San Miguel Ixtahuacán",5,1865,290,89,0,1,60,2,18,0,1,1,0,0,172,5,1,178,0,178,--,290,112,172,178,178,Algún campo sin dato,1,6a5877a462459115c08ff8337d0ed63355d08f54c22a77a2b69982a7c71535e4,26/06/2023 01:07:51,ESCANER
13503,"San Marcos",12,"San Miguel Ixtahuacán",5,1866,380,116,2,2,89,2,29,3,6,2,0,0,251,28,7,286,0,286,--,380,94,251,286,286,Algún campo sin dato,1,f045272bea6bb310e0155f1598664f837e77ae80d4a4c25db9d0894ae3f92fda,26/06/2023 04:24:31,MOVIL
13504,"San Marcos",12,"San Miguel Ixtahuacán",5,1866,380,83,1,0,141,6,34,2,6,4,0,0,283,30,5,318,0,318,--,380,62,277,312,312,Sumas Asentadas sin cuadrar,1,6850c08d3bf638b49e0e9c8d71d71a76bc97dbe7c002dda86be91a64419eae2a,26/06/2023 05:48:30,MOVIL
13505,"San Marcos",12,"San Miguel Ixtahuacán",5,1866,380,137,0,3,93,2,35,8,10,4,0,0,292,21,9,322,0,322,--,380,58,292,322,322,Algún campo sin dato,1,4296fd882edb2c656eedbd62ca7f34436dca9da04bd3929773ba62f956795c68,26/06/2023 05:46:24,MOVIL
13506,"San Marcos",12,"San Miguel Ixtahuacán",5,1866,380,132,4,5,98,3,31,0,5,3,0,0,281,30,3,314,0,314,--,380,66,281,314,314,Algún campo sin dato,1,bb7defdc058b9c46418da0cb4681bf94e69cfb70e25ad70f257e81f93b102cd5,26/06/2023 11:14:09,ESCANER
13507,"San Marcos",12,"San Miguel Ixtahuacán",5,1866,380,99,3,2,90,1,26,3,4,1,0,1,230,13,5,248,0,248,--,380,132,230,248,248,Algún campo sin dato,1,b362140a9b928c7e72f54ab71f3135ffd7cb679e24eb1edf5ac3536c659db779,26/06/2023 01:26:35,ESCANER
13508,"San Marcos",12,"San Miguel Ixtahuacán",5,1866,380,113,2,1,75,1,23,5,8,5,0,0,233,13,3,249,0,249,--,380,131,233,249,249,Algún campo sin dato,1,b9a76967e60bc7d0e559879b06bed06ef5081e135e129b8b35e56a163ec439f6,25/06/2023 23:40:16,ESCANER
13509,"San Marcos",12,"San Miguel Ixtahuacán",5,1866,380,95,2,0,90,1,21,2,1,0,0,1,213,4,3,220,0,220,--,381,161,213,220,220,Algún campo sin dato,1,6bbf15f00fa9d12c7410c8132c32c202af0e26721a75a1f1e629cf36f2dd4db0,26/06/2023 04:50:12,MOVIL
13510,"San Marcos",12,"San Miguel Ixtahuacán",5,1866,199,57,0,0,41,0,11,0,2,0,0,0,111,1,2,114,0,114,--,199,85,111,114,114,Algún campo sin dato,1,c2e6d079db7d25bff6b658e293737c289f27315a53ca99fd5b6ad11da0ce3c34,25/06/2023 23:08:53,ESCANER
13511,"San Marcos",12,"San Miguel Ixtahuacán",5,1866,198,63,1,0,44,1,10,1,0,0,0,0,120,5,1,126,0,126,--,198,72,120,126,126,Algún campo sin dato,1,fe308b1af3d2a68626cd40030e5a87f91d9f0974c47ce8910c44bcad6fcdcd1a,25/06/2023 23:03:03,ESCANER
13512,"San Marcos",12,"San Miguel Ixtahuacán",5,1867,380,103,2,1,27,1,126,5,4,0,0,0,269,13,12,294,0,294,--,380,86,269,294,294,Algún campo sin dato,1,9de36857d0b194d28593dda23ede40847a349abb6fe28ec89f77a064c811db1e,26/06/2023 01:38:57,ESCANER
13513,"San Marcos",12,"San Miguel Ixtahuacán",5,1867,222,66,1,1,16,0,50,4,0,0,0,0,138,8,2,148,0,148,--,222,74,138,148,148,Algún campo sin dato,1,51b28d4691eec9a9ab886f9ff9f5c6380adbb35b84bd8b985e8ee0b5fe03df13,26/06/2023 01:18:55,ESCANER
13514,"San Marcos",12,"San Miguel Ixtahuacán",5,1867,221,60,0,0,13,0,53,3,0,0,0,0,129,3,0,132,0,132,--,221,89,129,132,132,Algún campo sin dato,1,8c18c36916de38bac963adf3bb33b3ef4abeb3a02c0b734b57d64bf0f7d51a4e,26/06/2023 00:06:42,ESCANER
13515,"San Marcos",12,"San Miguel Ixtahuacán",5,1868,437,95,0,6,60,3,30,1,5,0,0,0,200,15,8,223,0,223,0,437,214,200,223,223,,1,beee0ed43ec2ca34fa76b4c65fa66817119cf6d9516400dfb258cec59fea3e71,26/06/2023 02:37:48,ESCANER
13516,"San Marcos",12,"San Miguel Ixtahuacán",5,1868,437,50,0,3,23,0,9,1,0,1,0,0,87,10,4,101,0,101,0,437,336,87,101,101,,1,39861617bc71b50956eea3fc816ab85d7177cd4de4effb60b18ebc536deef886,26/06/2023 01:59:40,ESCANER