﻿TIPO_DE_ELECCIÓN:,CORPORACIÓN MUNICIPAL
28 junio 2023 21:35 (UTC -6)
ACTAS_ESPERADAS,ACTAS_CAPTURADAS,PORCENTAJE_ACTAS_CAPTURADAS,ACTAS_CONTABILIZADAS,PORCENTAJE_ACTAS_CONTABILIZADAS,ACTAS_NO_CONTABILIZADAS,LISTA_NOMINAL_ACTAS_CONTABILIZADAS,VOTOS_EMITIDOS_CONTABILIZADAS,PORCENTAJE_PARTICIPACIÓN_CIUDADANA
37,37,100.0000,36,97.2972,1,14376,10525,73.2122

MESA,DEPARTAMENTO,ID_DEPARTAMENTO,MUNICIPIO,ID_MUNICIPIO,CENTRO_DE_VOTACIÓN,PADRÓN,VAMOS,UNE,MARCUS,VOS,CABAL,WINAQ,VALOR UNIONISTA,SEMILLA,VÁLIDOS,NULOS,BLANCO,EMITIDOS,INVÁLIDOS,TOTAL,IMPUGNACIONES,PAPELETAS-RECIBIDAS,PAPELETAS-NO-USADAS,VALIDOS_CALCULADO,EMITIDOS_CALCULADO,TOTAL_CALCULADO,OBSERVACIONES,CONTABILIZADA,CÓDIGO_INTEGRIDAD,FECHA_HORA_PUBLICACIÓN,DIGITALIZACIÓN
5437,"Sacatepéquez",2,"Jocotenango",2,546,400,9,44,72,30,103,5,27,11,301,9,1,311,--,311,--,399,88,301,311,311,Algún campo sin dato,1,53baeae14d321e895185a45054f13866da60ff0447112d82215879325af3772d,26/06/2023 02:06:39,ESCANER
5438,"Sacatepéquez",2,"Jocotenango",2,546,400,7,42,64,37,113,8,18,8,297,6,1,304,0,304,--,400,96,297,304,304,Algún campo sin dato,1,eb5c884f8ca299776feb104e0d9122362c82f76bce5619b4daa095ad58c24f62,26/06/2023 00:42:27,ESCANER
5439,"Sacatepéquez",2,"Jocotenango",2,546,400,4,51,64,49,91,8,25,20,312,12,1,325,0,325,0,399,74,312,325,325,,1,70d427a550c7fbb0f276dc0a4ca9b565d5f278feebaea2f485ae601d702df76e,26/06/2023 01:12:10,ESCANER
5440,"Sacatepéquez",2,"Jocotenango",2,546,400,5,48,76,42,107,5,15,13,311,11,2,324,0,324,--,400,76,311,324,324,Algún campo sin dato,1,719232b47ca2cb96e47cd4c179e97b25731fa984571bc167cac4f38f05251ed0,26/06/2023 02:33:12,ESCANER
5441,"Sacatepéquez",2,"Jocotenango",2,546,400,7,43,60,40,106,8,22,6,302,9,1,302,0,302,--,400,98,292,302,302,Sumas Asentadas sin cuadrar,1,303d5e78a8baa406245ccd721544154a3de105ceae0035a7c4d99fbc8573f58d,26/06/2023 00:57:18,ESCANER
5442,"Sacatepéquez",2,"Jocotenango",2,546,400,6,45,62,44,100,8,18,17,300,9,1,310,0,310,--,399,89,300,310,310,Algún campo sin dato,1,0fc12b3f3a7244619cda51bb6fc03d5b26fe15e7727f12c820d26b13d6a4ffe9,26/06/2023 01:41:59,ESCANER
5443,"Sacatepéquez",2,"Jocotenango",2,547,400,3,39,92,55,75,4,29,13,310,10,2,322,0,322,--,400,78,310,322,322,Algún campo sin dato,1,380956e332e41083512308dfa764f5f7ead8f460aabd743b2c7cf005ff9b2d93,25/06/2023 22:50:32,ESCANER
5444,"Sacatepéquez",2,"Jocotenango",2,547,400,5,55,74,43,103,6,18,5,309,9,1,319,0,319,--,400,81,309,319,319,Algún campo sin dato,1,2240d89ec38244a1fc977aee4e0aca23e730d63a167d4c9586f0e15a2482c2bb,26/06/2023 00:54:33,ESCANER
5445,"Sacatepéquez",2,"Jocotenango",2,547,400,4,38,78,42,102,7,20,10,301,11,1,313,0,313,--,400,87,301,313,313,Algún campo sin dato,1,ca88bb7148f8e88a5c0edc0a8078887125529fafbfc0096a771fe75ba07efef7,26/06/2023 00:49:31,ESCANER
5446,"Sacatepéquez",2,"Jocotenango",2,547,400,8,47,67,41,114,3,15,13,308,13,0,321,0,321,--,400,79,308,321,321,Algún campo sin dato,1,661ec876cd17a1e04a0d8c2ec71639d5058d0d79f42bb46f561b60365f525f2c,26/06/2023 00:32:09,ESCANER
5447,"Sacatepéquez",2,"Jocotenango",2,547,400,4,34,82,26,101,5,14,6,272,11,0,283,0,283,1,400,117,272,283,283,,1,35bbd0c0eda454603cd30966058272700d92b260ff76d333bee296dba296c918,26/06/2023 00:30:56,ESCANER
5448,"Sacatepéquez",2,"Jocotenango",2,547,400,2,26,67,43,112,6,16,12,284,8,0,292,0,292,--,403,111,284,292,292,Algún campo sin dato,1,c85d0dcf67eeaa913dc3d00aa7e0859bb5083e61abe2030a61b6d33606acd93f,25/06/2023 22:17:51,ESCANER
5449,"Sacatepéquez",2,"Jocotenango",2,548,400,7,45,79,30,77,8,24,8,278,7,0,285,0,285,1,400,115,278,285,285,,1,fa6f631ce62009b14f2085b5bf4c6c8316953135c234f527a27b8bb1056d0972,26/06/2023 04:17:10,ESCANER
5450,"Sacatepéquez",2,"Jocotenango",2,548,400,3,34,76,26,96,5,33,8,281,8,3,292,0,292,--,400,108,281,292,292,Algún campo sin dato,1,d7ff43188e5df70a79ea50b3657ffddd98fd1d201b50c192cdd643b0addfb680,25/06/2023 23:24:22,ESCANER
5451,"Sacatepéquez",2,"Jocotenango",2,548,400,4,31,60,36,97,11,18,21,278,3,1,282,--,--,0,400,118,278,282,282,Algún campo sin dato,1,4eeb96a9cf78423c62083475695145ac3c74be0a50b50abfc3d67e8b8051a442,25/06/2023 23:39:02,ESCANER
5452,"Sacatepéquez",2,"Jocotenango",2,548,400,5,57,78,35,85,6,28,15,309,11,0,320,0,320,--,403,83,309,320,320,Algún campo sin dato,1,6795b2a0085ef4630fa5abb6c1bf532081cc726ad842301edd4a95f826e4972d,26/06/2023 01:11:01,ESCANER
5453,"Sacatepéquez",2,"Jocotenango",2,548,400,1,39,78,35,94,8,21,7,290,0,0,290,0,290,--,400,110,283,283,283,Sumas Asentadas sin cuadrar,1,ea0005149895d35c550350ab1b0f3959dc3f148c61c49fd8c1f6ebcbb9fddab8,25/06/2023 23:09:11,ESCANER
5454,"Sacatepéquez",2,"Jocotenango",2,548,400,6,43,71,41,97,10,14,12,294,6,0,300,0,300,--,397,97,294,300,300,Algún campo sin dato,1,2d36aa8cb2ab1396ca848b87a097d24a3f502849b6ed28879eded98c00ebbe9e,25/06/2023 23:10:50,ESCANER
5455,"Sacatepéquez",2,"Jocotenango",2,548,400,6,55,63,45,108,4,19,14,314,8,0,322,0,322,--,400,78,314,322,322,Algún campo sin dato,1,818cc462da1a21194e50d4e5acfcb95834420f97ebb74a1cd96c642af3885473,25/06/2023 23:52:27,ESCANER
5456,"Sacatepéquez",2,"Jocotenango",2,549,400,2,45,83,46,87,7,27,6,303,8,3,314,0,314,--,400,86,303,314,314,Algún campo sin dato,1,7b14369d751df72c0eed8370062bb0f7e4a53d5f56a7a9dbcc590574a4dfdcac,26/06/2023 02:14:13,ESCANER
5457,"Sacatepéquez",2,"Jocotenango",2,549,400,2,42,75,36,93,14,25,2,301,5,0,306,0,306,--,400,94,289,294,294,Sumas Asentadas sin cuadrar,1,36295b4369561a5259a711e9b3535b5a01626a11c4c2f715082373b6a202d3ad,26/06/2023 02:01:33,ESCANER
5458,"Sacatepéquez",2,"Jocotenango",2,549,400,9,32,74,36,91,6,30,8,286,6,3,295,2,297,2,400,103,286,295,297,,1,2ec67bebf42426a7e270207ca144ae58ed5721a2de1dd2abd79a2a155953a692,26/06/2023 00:58:42,ESCANER
5459,"Sacatepéquez",2,"Jocotenango",2,549,400,--,--,--,--,--,--,--,--,--,--,--,--,--,--,--,--,--,,,,Acta ilegible,0,791f9a4469879b04e0ebef49c40e0c80c41f7b69df6c4232a9dafeb2c4c636c8,26/06/2023 03:44:52,ESCANER
5460,"Sacatepéquez",2,"Jocotenango",2,549,400,5,40,82,30,91,3,22,6,279,13,3,295,--,--,0,400,105,279,295,295,Algún campo sin dato,1,817b7b4441f06c377cd62ea48886b748c9354c1e0a84b3c3531d7aeb5d29a954,25/06/2023 23:15:41,ESCANER
5461,"Sacatepéquez",2,"Jocotenango",2,549,400,4,39,86,40,83,4,12,17,285,10,0,295,0,295,0,400,105,285,295,295,,1,2bf71e20a7e75c0886262b67100c867ae9c431331b22c45a0b13b7c523f3b786,25/06/2023 23:35:27,ESCANER
5462,"Sacatepéquez",2,"Jocotenango",2,549,400,6,27,65,42,90,5,22,15,277,5,118,--,--,--,--,400,118,272,395,395,Sumas Asentadas sin cuadrar,1,e92a02db6e8644493535ca25220b72633cdae13f160583fc58c48174a86159fe,26/06/2023 03:18:27,ESCANER
5463,"Sacatepéquez",2,"Jocotenango",2,549,400,3,34,70,23,87,3,31,12,262,14,0,276,0,276,--,401,125,263,277,277,Sumas Asentadas sin cuadrar,1,6ef86c6a133415a075d907afb972482cf297f8ad02618e4b318dab4259d89d21,26/06/2023 01:35:44,ESCANER
5464,"Sacatepéquez",2,"Jocotenango",2,550,400,3,39,63,33,102,6,19,14,279,1,1,281,0,281,--,403,122,279,281,281,Algún campo sin dato,1,51133aef3e899c2471476b665da3e1c450921618d4cd06ba5c011647f2f0bff2,25/06/2023 22:34:34,ESCANER
5465,"Sacatepéquez",2,"Jocotenango",2,550,400,2,25,77,37,95,8,17,23,284,1,0,285,0,285,--,400,115,284,285,285,Algún campo sin dato,1,6b12abb6b58a6afc8226324ee2cad52c9392900d5e7e866737a551cd0d45083f,25/06/2023 23:21:27,ESCANER
5466,"Sacatepéquez",2,"Jocotenango",2,550,400,1,39,92,33,94,3,21,19,302,2,0,304,0,304,0,400,96,302,304,304,,1,6757fd98cdaad6056ee4b0d6c28be790bc79eae04f775ded6667afd0c11ea131,26/06/2023 00:35:06,ESCANER
5467,"Sacatepéquez",2,"Jocotenango",2,550,400,3,33,71,48,97,4,20,25,301,2,0,303,0,303,0,400,97,301,303,303,,1,420c5ab2771301b532d801ce5e20b3715e2aa7d222f0f00d96c88856e7433866,26/06/2023 00:29:08,ESCANER
5468,"Sacatepéquez",2,"Jocotenango",2,550,400,1,38,94,43,97,7,25,11,316,3,0,319,0,319,0,397,81,316,319,319,,1,09a70488cb735741b8d780716ae463826e6b33c66895e0fd205caa65d5d5cba9,26/06/2023 00:29:47,ESCANER
5469,"Sacatepéquez",2,"Jocotenango",2,550,400,2,23,78,21,104,1,21,10,260,4,1,265,0,265,0,397,129,260,265,265,,1,162e60d269d73cedab050d915c2de18d55b249102437dffe2035ba181ea41135,26/06/2023 00:18:27,ESCANER
5470,"Sacatepéquez",2,"Jocotenango",2,551,284,2,13,49,23,59,6,18,13,183,0,0,183,0,183,--,284,101,183,183,183,Algún campo sin dato,1,b60addc034d937a70b40bd9db9b2ac87f47818d81e6d58a5541f409dc3212317,25/06/2023 22:26:52,ESCANER
5471,"Sacatepéquez",2,"Jocotenango",2,551,284,4,26,49,18,58,2,15,6,178,9,0,187,0,187,0,284,97,178,187,187,,1,b775deae3727afea50dd2a856f736d8402d22874e41d4e62447a384179537f19,25/06/2023 22:48:59,ESCANER
5472,"Sacatepéquez",2,"Jocotenango",2,552,504,5,36,38,42,58,10,18,15,222,17,4,243,0,243,--,504,261,222,243,243,Algún campo sin dato,1,3b6a1f32bb56bd037b327f4205efc183a9e0e8b9635f0230ff6ed7bd36835a1b,26/06/2023 00:19:24,ESCANER
5473,"Sacatepéquez",2,"Jocotenango",2,552,504,5,34,31,32,41,1,16,13,173,7,0,484,1,181,--,501,320,173,180,181,Sumas Asentadas sin cuadrar,1,4d88f7c3fe6b7060cc5d3fd90d81803af1df859f2e869e65c6041d2536598cd1,25/06/2023 23:03:47,ESCANER