﻿TIPO_DE_ELECCIÓN:,CORPORACIÓN MUNICIPAL
28 junio 2023 21:35 (UTC -6)
ACTAS_ESPERADAS,ACTAS_CAPTURADAS,PORCENTAJE_ACTAS_CAPTURADAS,ACTAS_CONTABILIZADAS,PORCENTAJE_ACTAS_CONTABILIZADAS,ACTAS_NO_CONTABILIZADAS,LISTA_NOMINAL_ACTAS_CONTABILIZADAS,VOTOS_EMITIDOS_CONTABILIZADAS,PORCENTAJE_PARTICIPACIÓN_CIUDADANA
73,72,98.6301,72,98.6301,0,26956,14463,53.6541

MESA,DEPARTAMENTO,ID_DEPARTAMENTO,MUNICIPIO,ID_MUNICIPIO,CENTRO_DE_VOTACIÓN,PADRÓN,VAMOS,MLP,UNE,VALOR UNIONISTA,BIEN,VIVA,CABAL,AZUL,P A N,PHG,MI FAMILIA,VÁLIDOS,NULOS,BLANCO,EMITIDOS,INVÁLIDOS,TOTAL,IMPUGNACIONES,PAPELETAS-RECIBIDAS,PAPELETAS-NO-USADAS,VALIDOS_CALCULADO,EMITIDOS_CALCULADO,TOTAL_CALCULADO,OBSERVACIONES,CONTABILIZADA,CÓDIGO_INTEGRIDAD,FECHA_HORA_PUBLICACIÓN,DIGITALIZACIÓN
8334,"Santa Rosa",6,"Cuilapa",1,975,400,132,0,42,11,7,1,3,2,7,0,0,205,21,4,230,0,230,--,400,170,205,230,230,Algún campo sin dato,1,f8a65c79b197ba61e703ffd0a4ad19616b4029cb2f97ce789564b28603e09679,25/06/2023 21:55:17,ESCANER
8335,"Santa Rosa",6,"Cuilapa",1,975,400,151,0,40,10,15,1,7,2,5,2,0,233,26,0,259,0,259,--,400,141,233,259,259,Algún campo sin dato,1,52b3461573f9d0c581f1235bccf32d97ec7a26fbb7716331e89d4290d446bb6a,26/06/2023 00:36:02,ESCANER
8336,"Santa Rosa",6,"Cuilapa",1,975,400,164,3,39,18,10,4,4,2,3,2,2,251,19,3,273,0,273,1,400,127,251,273,273,,1,7db3052d2776f986f4428cbda3907ec0975f484eb376a962ca47d4fa18ba5244,26/06/2023 01:08:24,ESCANER
8337,"Santa Rosa",6,"Cuilapa",1,975,400,144,1,50,15,7,4,6,3,6,2,1,239,25,0,264,2,266,--,408,131,239,264,266,Algún campo sin dato,1,89427a4d9ce9c3ec95356e1a8a57d9dca03152b963054abf73eda00d43375567,25/06/2023 23:08:26,ESCANER
8338,"Santa Rosa",6,"Cuilapa",1,975,400,175,2,50,17,7,1,6,2,4,2,3,269,17,2,288,0,288,--,400,112,269,288,288,Algún campo sin dato,1,41bb11a6dea4ed795a79e1e23856c8b849388803b0b0e9e757ae60548fc17aa6,26/06/2023 03:25:34,ESCANER
8339,"Santa Rosa",6,"Cuilapa",1,975,400,148,0,52,9,13,5,8,3,7,3,1,249,25,1,275,2,277,--,400,123,249,275,277,Algún campo sin dato,1,72b4ecd2aafc4cb8b6e8201a37538a5451d2e18a4ed59ea47e99eb5ca2a9642d,26/06/2023 01:24:04,ESCANER
8340,"Santa Rosa",6,"Cuilapa",1,975,400,154,1,34,33,10,1,8,8,2,3,0,254,24,2,280,0,280,--,399,119,254,280,280,Algún campo sin dato,1,977f40df39be04fc88f42e3758064a52272b6190b0a403f71b7c1f05b769d48a,26/06/2023 01:30:25,ESCANER
8341,"Santa Rosa",6,"Cuilapa",1,975,400,154,1,43,17,6,1,10,3,5,0,1,241,22,1,264,0,264,--,400,136,241,264,264,Algún campo sin dato,1,3cf67b4711e37550a9218be34fc03fa8ce7c71b828809232826645e4800ab26d,25/06/2023 23:16:40,ESCANER
8342,"Santa Rosa",6,"Cuilapa",1,975,400,134,2,46,9,9,3,3,1,4,0,1,212,20,1,233,1,234,--,400,166,212,233,234,Algún campo sin dato,1,0cb194bcad78b6ec9b249f6a16cf5a829d6070c66b85ea6ffba9c49e629375b4,26/06/2023 00:08:48,ESCANER
8343,"Santa Rosa",6,"Cuilapa",1,975,400,138,3,36,16,13,3,3,2,6,2,0,222,15,3,240,0,240,3,400,157,222,240,240,,1,c403d9ddac4f879f50dc062bff34f9e5cb5f6b0f0e83ef8423c673b904a8cdf0,26/06/2023 04:05:31,ESCANER
8344,"Santa Rosa",6,"Cuilapa",1,975,400,145,1,35,20,6,4,10,3,4,1,0,229,25,1,255,0,229,--,400,145,229,255,255,Sumas Asentadas sin cuadrar,1,ab2a6cb5998fa97524c203646c81025edc1b656ccc1d9a1746d1b2fc01562b37,25/06/2023 23:26:05,ESCANER
8345,"Santa Rosa",6,"Cuilapa",1,975,400,149,2,31,11,5,2,4,1,7,1,1,214,14,0,228,0,228,--,398,170,214,228,228,Algún campo sin dato,1,81b8f7356c5042fb86064bcdd39fb2e6a9b4317115e3fdd31eab0f4d1b465139,25/06/2023 23:49:41,ESCANER
8346,"Santa Rosa",6,"Cuilapa",1,975,400,148,1,42,19,8,2,5,2,3,1,1,232,16,0,248,0,248,--,400,152,232,248,248,Algún campo sin dato,1,9e603d7063ed59cf24678b554a09deedd7d260c32cd99bf58264c838165bc7a9,25/06/2023 22:41:26,ESCANER
8347,"Santa Rosa",6,"Cuilapa",1,975,400,136,1,37,17,13,4,6,2,14,0,0,230,12,0,242,0,242,1,399,156,230,242,242,,1,91c2727d1a331da4e5e764a8d4a3fafb5d999545f3a01a976b904b877e7fc594,26/06/2023 04:03:45,ESCANER
8348,"Santa Rosa",6,"Cuilapa",1,975,400,122,1,35,20,3,3,10,2,4,1,3,204,10,1,215,0,215,--,400,185,204,215,215,Algún campo sin dato,1,294e977d92030007d33032ac54c0553fd0e1fa7934e6b17096cfc5b5545d1fd9,25/06/2023 23:17:50,ESCANER
8349,"Santa Rosa",6,"Cuilapa",1,975,400,124,1,30,8,4,2,10,1,5,1,0,186,13,0,199,0,199,--,400,201,186,199,199,Algún campo sin dato,1,899dade4767945756f420ad8c61e5ab030da2b2f2e33c194d085e89f658a5c4f,26/06/2023 01:49:13,ESCANER
8350,"Santa Rosa",6,"Cuilapa",1,975,400,113,3,49,12,3,1,3,5,2,0,0,191,14,18,223,0,223,--,400,177,191,223,223,Algún campo sin dato,1,f09520768395a5282a413d495aa1bc146218b3c0defd0e897d519342941a7863,25/06/2023 23:05:41,ESCANER
8351,"Santa Rosa",6,"Cuilapa",1,975,400,146,1,30,23,5,0,3,2,7,2,0,219,11,3,233,0,233,--,400,167,219,233,233,Algún campo sin dato,1,a3e02cc44fd95168d2e26a783c5ea1813b2fbe42676988288784dddc0aa2434f,25/06/2023 23:51:33,ESCANER
8352,"Santa Rosa",6,"Cuilapa",1,975,400,130,4,45,15,9,1,8,3,3,0,1,219,11,2,232,0,232,--,403,171,219,232,232,Algún campo sin dato,1,0b6a34c36d31293562c3e235e4cc747f0f089fac779b7ceda7f26e83eaf311d8,26/06/2023 01:21:44,ESCANER
8353,"Santa Rosa",6,"Cuilapa",1,975,400,145,2,44,10,5,0,5,2,3,1,2,219,9,0,228,0,228,--,400,172,219,228,228,Algún campo sin dato,1,ad9f83792b5f8e1aecdf991555b026e0e59986e4b6f327cf33b58b5be4a864af,25/06/2023 23:46:33,ESCANER
8354,"Santa Rosa",6,"Cuilapa",1,975,344,84,1,25,4,5,0,3,0,1,0,0,123,8,1,132,1,133,--,341,208,123,132,133,Algún campo sin dato,1,39d51ff0f316415905d44cbf15e0639a0922bac8ae5d3663c9819a641a4cbb78,25/06/2023 23:26:47,ESCANER
8355,"Santa Rosa",6,"Cuilapa",1,975,343,76,3,32,6,1,0,2,4,3,0,2,129,9,2,140,0,140,--,343,203,129,140,140,Algún campo sin dato,1,7ed439a5f1d1a11bb330bd4ee6320b9e49d5ea94e69631acd3b8c46c5d6c1dd1,26/06/2023 00:03:36,ESCANER
8356,"Santa Rosa",6,"Cuilapa",1,976,400,108,0,68,12,3,5,9,2,10,2,0,219,18,2,0,0,239,--,398,159,219,239,239,Algún campo sin dato,1,9051862b4df614e51c61294efa05ee3ce1596a3410204310343057ee1c26e985,26/06/2023 02:31:54,ESCANER
8357,"Santa Rosa",6,"Cuilapa",1,976,400,109,1,100,8,4,5,10,4,1,2,1,245,17,2,264,0,264,--,400,136,245,264,264,Algún campo sin dato,1,7ae10cd97f42cac8a55ea72af387318fca049ee03fa38aabd0e59133719c4f7d,26/06/2023 01:57:10,ESCANER
8358,"Santa Rosa",6,"Cuilapa",1,976,400,74,0,102,7,3,3,5,3,4,2,1,204,14,3,221,0,221,--,400,179,204,221,221,Algún campo sin dato,1,7fca742644003d1f88fb218096560dbd9577ac58cf5e4b4ee1bf1796d8bc0900,26/06/2023 00:39:06,ESCANER
8359,"Santa Rosa",6,"Cuilapa",1,976,400,100,2,63,11,5,6,4,2,1,0,0,194,18,1,213,1,214,--,390,176,194,213,214,Algún campo sin dato,1,d0580575af95c4e31ed6b235c4de240aa895f35b3ecd5a6b629d0d7fce69ad06,26/06/2023 01:35:57,ESCANER
8360,"Santa Rosa",6,"Cuilapa",1,976,240,53,0,35,4,2,0,3,2,2,0,0,101,4,1,106,0,106,--,240,134,101,106,106,Algún campo sin dato,1,b515115cf341173aebe101a5ae081c2b467d0bc1ab634d5205d67d8612261e4f,26/06/2023 00:51:22,ESCANER
8361,"Santa Rosa",6,"Cuilapa",1,976,239,56,1,39,3,0,0,3,0,0,0,0,102,3,1,106,0,106,--,236,130,102,106,106,Algún campo sin dato,1,6cd76e10a2fd3a10c48ed865b0157919bb02fef962baa6e022a21e168befe2cd,26/06/2023 01:26:01,ESCANER
8362,"Santa Rosa",6,"Cuilapa",1,977,400,69,0,108,8,1,5,11,0,1,1,1,205,21,6,232,0,232,--,400,168,205,232,232,Algún campo sin dato,1,a7a3444329a7844b88324d4e126cd028a76cc1eaf6b1134717f6bae2e22a3dba,26/06/2023 01:12:15,ESCANER
8363,"Santa Rosa",6,"Cuilapa",1,977,289,51,0,89,2,2,1,3,1,0,1,0,150,10,3,163,0,163,--,290,124,150,163,163,Algún campo sin dato,1,77ab69a3a7f482bb56232428e606cd11c4977b5fefe5b19921324d27ad0eb3ca,26/06/2023 02:51:25,ESCANER
8364,"Santa Rosa",6,"Cuilapa",1,977,289,38,1,64,2,2,2,2,1,2,1,1,116,3,0,119,0,119,--,289,170,116,119,119,Algún campo sin dato,1,215952680dac846a0ced92d88630782efdb2c9d904aa9a5f09db0a46eeac829a,26/06/2023 00:34:20,ESCANER
8365,"Santa Rosa",6,"Cuilapa",1,978,400,90,0,100,8,1,2,8,1,4,0,2,216,27,4,247,3,250,--,400,150,216,247,250,Algún campo sin dato,1,36e4577f8d7fc445270b56f954de7440b1b5495cb847cc06dfa0086051249bc2,26/06/2023 00:16:57,ESCANER
8366,"Santa Rosa",6,"Cuilapa",1,978,400,96,1,84,15,1,7,9,3,1,2,3,222,22,0,244,8,252,--,400,148,222,244,252,Algún campo sin dato,1,fbf4e4bbd0df4ed544c5e42cfc38a5f90659f30d0d51034760042328a09a7e22,26/06/2023 02:36:11,ESCANER
8367,"Santa Rosa",6,"Cuilapa",1,978,365,74,1,61,10,1,3,8,1,1,0,2,162,15,3,181,0,181,1,365,184,162,180,180,Sumas Asentadas sin cuadrar,1,84edd201fc79804ccad43bae09e54d4975cda09cf907800a47f0cc18e8be9969,26/06/2023 00:05:32,ESCANER
8368,"Santa Rosa",6,"Cuilapa",1,978,364,82,1,63,4,3,1,7,1,0,0,0,162,9,1,172,0,172,--,364,192,162,172,172,Algún campo sin dato,1,64765438e86ef44a713329069b8e0acc7d1bb56e0ed55587b4edf0d3dd1e0de5,25/06/2023 23:38:22,ESCANER
8369,"Santa Rosa",6,"Cuilapa",1,979,380,32,1,91,3,12,1,47,0,0,2,0,189,21,3,213,0,213,0,384,171,189,213,213,,1,22734cd5a2875a895dd83841405f2344a93454f11d735a31e78bf2fb0d7d191c,26/06/2023 00:24:17,ESCANER
8370,"Santa Rosa",6,"Cuilapa",1,979,380,41,0,105,5,5,0,48,2,0,0,0,206,11,4,221,0,221,--,380,159,206,221,221,Algún campo sin dato,1,8c0fd474ff4cbdd71acdadc70efbb914428e6722d271660e19a7d2489b519035,25/06/2023 23:48:53,ESCANER
8371,"Santa Rosa",6,"Cuilapa",1,979,380,50,2,73,3,8,1,66,1,0,1,0,205,23,2,230,0,230,--,380,150,205,230,230,Algún campo sin dato,1,2eea11bd4d21f798419e2044e57c58d549cc674bf3fff6fd018f1887675672f9,25/06/2023 23:34:32,ESCANER
8372,"Santa Rosa",6,"Cuilapa",1,979,380,48,0,66,3,8,0,93,3,0,0,2,223,41,3,267,0,267,--,380,113,223,267,267,Algún campo sin dato,1,b44b2192663a3bb5e3cb879a9165275a170695ad9cdb942432d3aade550dba5c,26/06/2023 00:47:47,ESCANER
8373,"Santa Rosa",6,"Cuilapa",1,979,380,28,0,61,5,12,3,64,0,0,1,1,175,15,5,195,0,195,--,380,185,175,195,195,Algún campo sin dato,1,2de7e1d58eb0e67a5d2a7215b266747cf73595bde0ab11e86ccffa54c87128de,25/06/2023 22:31:31,ESCANER
8374,"Santa Rosa",6,"Cuilapa",1,979,380,37,0,53,5,8,3,50,2,0,2,1,161,19,1,181,0,181,--,380,199,161,181,181,Algún campo sin dato,1,f279fa1a731f1d3f1cca435fb3e64864567126898dbefbc78e00539bce967c7f,25/06/2023 23:04:06,ESCANER
8375,"Santa Rosa",6,"Cuilapa",1,980,380,,,,,,,,,,,,,,,,,,,,,,,,,0,,,
8376,"Santa Rosa",6,"Cuilapa",1,980,373,36,0,83,4,10,1,52,0,0,1,1,188,15,2,205,0,205,--,373,168,188,205,205,Algún campo sin dato,1,1acd25da6120d1b9a0d730c8af4f18e1ac757f5d87886939ac08df6d5cf6ba39,26/06/2023 01:42:53,ESCANER
8377,"Santa Rosa",6,"Cuilapa",1,980,372,20,1,59,7,5,0,54,1,0,0,0,147,6,0,153,0,153,--,372,219,147,153,153,Algún campo sin dato,1,b6ef08f72987e5a5a67f8ec9a7f66ed2bd0814bd277e49b8c00a8ec226265dba,25/06/2023 23:20:41,ESCANER
8378,"Santa Rosa",6,"Cuilapa",1,981,380,67,--,56,42,3,3,4,6,2,--,4,187,21,6,--,--,214,0,380,166,187,214,214,Algún campo sin dato,1,93768c085378aaa2bcd5e881c3078e9b3206729909bb4b5733c8d39ace6ffbaa,26/06/2023 04:30:44,ESCANER
8379,"Santa Rosa",6,"Cuilapa",1,981,380,82,0,53,53,5,7,7,3,3,1,0,214,33,3,250,0,250,--,380,130,214,250,250,Algún campo sin dato,1,680be6ccc40fa6c5269426f864f7d4c0e68aadca7e3919497beafc9c6420a141,26/06/2023 03:38:25,ESCANER
8380,"Santa Rosa",6,"Cuilapa",1,981,380,84,1,86,39,4,6,8,1,2,0,1,232,24,6,262,0,262,--,380,118,232,262,262,Algún campo sin dato,1,c234f74ce551654513626b19dc8c0b7872f3ff21dc3a2c82db6b310b140acff1,26/06/2023 00:28:02,ESCANER
8381,"Santa Rosa",6,"Cuilapa",1,981,380,94,1,51,28,7,4,2,0,4,0,3,194,29,1,224,0,224,--,381,157,194,224,224,Algún campo sin dato,1,8439a568908cebb990046d7757267ce8b2bc97d21a6f4de01cc0fc7d0390fe41,26/06/2023 02:10:42,ESCANER
8382,"Santa Rosa",6,"Cuilapa",1,981,380,75,0,73,29,5,9,3,1,0,0,0,195,21,2,218,2,220,--,380,160,195,218,220,Algún campo sin dato,1,27fb8804aa4cbf127246c96688a2e6b0e0e56d75185351d7001d48d16b101e7d,26/06/2023 02:18:47,ESCANER
8383,"Santa Rosa",6,"Cuilapa",1,981,233,40,2,51,25,4,6,0,2,0,0,1,131,9,1,141,0,141,--,233,92,131,141,141,Algún campo sin dato,1,54d14cbd69eb97ae82902ccbd8a78d4491df7aa30d5ab8347d7dec000ef6f93f,25/06/2023 22:47:41,ESCANER
8384,"Santa Rosa",6,"Cuilapa",1,981,233,30,0,38,17,0,2,2,2,1,0,1,93,12,1,106,0,106,--,233,127,93,106,106,Algún campo sin dato,1,f3c623bf432cb93365b7f3af25152683c163e5760a4341cdb40f75b40c79abff,25/06/2023 21:17:47,ESCANER
8385,"Santa Rosa",6,"Cuilapa",1,982,380,41,0,126,4,2,2,5,1,0,1,0,182,13,3,198,1,199,--,377,178,182,198,199,Algún campo sin dato,1,be2316ce1c06a1830846d125d062fc1f8a208f148aa7b386e8c7d100aedf6f19,25/06/2023 23:26:13,ESCANER
8386,"Santa Rosa",6,"Cuilapa",1,982,380,54,1,135,6,1,0,2,0,4,1,0,204,10,2,216,2,218,--,377,159,204,216,218,Algún campo sin dato,1,e61c948713695b26d65428969f92a544ee4d8b212b6f24efe84832fcc2d54a36,25/06/2023 23:53:57,ESCANER
8387,"Santa Rosa",6,"Cuilapa",1,982,380,60,0,147,6,2,1,0,0,0,1,0,217,21,2,240,0,240,--,377,137,217,240,240,Algún campo sin dato,1,b4befddb398e0db21a1ad5f439573110b8601af780bd1181101dbbe5bf54dac9,26/06/2023 00:49:49,ESCANER
8388,"Santa Rosa",6,"Cuilapa",1,982,380,43,1,157,5,4,0,3,0,2,0,0,215,8,2,225,0,225,--,380,155,215,225,225,Algún campo sin dato,1,88a09c1fe2451522c5ca937a26d23aa777f478aff7694d656910c43e2a780d3d,26/06/2023 00:25:42,ESCANER
8389,"Santa Rosa",6,"Cuilapa",1,982,380,29,1,124,5,0,1,1,0,2,0,0,163,5,2,170,0,380,--,380,210,163,170,170,Sumas Asentadas sin cuadrar,1,664d98d795ea847d35c7143f840b166d70006bf88ac10bc2ea0f9b040a333a7c,25/06/2023 23:31:39,ESCANER
8390,"Santa Rosa",6,"Cuilapa",1,982,380,41,0,135,4,1,1,2,0,0,0,0,184,1,2,187,0,187,--,380,193,184,187,187,Algún campo sin dato,1,b6d7527c70a2814e04e125ae29c56d684c6907af168ad816a3079ed6711589e2,25/06/2023 22:59:24,ESCANER
8391,"Santa Rosa",6,"Cuilapa",1,983,308,33,1,98,3,--,1,1,--,--,--,--,137,1,--,138,--,138,--,308,170,137,138,138,Algún campo sin dato,1,0ee8eff8d1507a8790786e30eebebebe0818c676ede646fe693786d36f8202f8,25/06/2023 22:07:25,ESCANER
8392,"Santa Rosa",6,"Cuilapa",1,983,308,23,--,75,--,1,1,--,--,--,--,--,100,3,2,105,0,105,--,308,203,100,105,105,Algún campo sin dato,1,bc599559174dc657ce6815e91899a5a795eed56582b50ac43f86dcbb33cf38fd,25/06/2023 23:17:06,ESCANER
8393,"Santa Rosa",6,"Cuilapa",1,984,380,22,11,95,7,5,3,12,--,--,--,--,198,39,4,198,--,198,--,380,182,155,198,198,Sumas Asentadas sin cuadrar,1,56869af06d8516fbc1b49b3488de45abc80431bfa752a5d4ffbe7bddaa33d318,25/06/2023 22:27:51,ESCANER
8394,"Santa Rosa",6,"Cuilapa",1,984,380,32,7,113,9,5,3,6,0,0,0,1,176,22,7,205,0,205,--,376,171,176,205,205,Algún campo sin dato,1,b2e52825aa0d56bc638063bcbeb28b8f6289da7950bdfbaed0dfe4aa738dd448,25/06/2023 23:02:24,ESCANER
8395,"Santa Rosa",6,"Cuilapa",1,984,380,32,6,97,11,3,5,13,0,3,1,1,172,31,5,208,0,208,--,380,172,172,208,208,Algún campo sin dato,1,72aa1e0686619320e3b7734774ba26921b01c2283ea6960fc37118b09374cfdb,26/06/2023 00:44:14,ESCANER
8396,"Santa Rosa",6,"Cuilapa",1,984,380,24,163,96,13,3,2,14,2,0,0,0,163,31,7,201,0,201,--,380,176,317,355,355,Sumas Asentadas sin cuadrar,1,e5cd3ef4461dc342d3055503a51c23b4770349c0038b6925734e180b2668dd3c,26/06/2023 00:06:40,ESCANER
8397,"Santa Rosa",6,"Cuilapa",1,984,380,21,8,81,5,3,0,7,0,0,0,0,148,28,8,184,3,184,--,378,191,125,161,164,Sumas Asentadas sin cuadrar,1,50dba74ed478ee52c0a054f1dc82e9c9a8c5b3a248a0acc81b9462cfc7bdba60,26/06/2023 00:06:09,ESCANER
8398,"Santa Rosa",6,"Cuilapa",1,984,380,19,10,98,5,3,3,9,0,3,0,3,153,31,3,187,1,188,--,380,192,153,187,188,Algún campo sin dato,1,9d13ced24b10a09a2ca23b92b9fbedbd449f112c182e987cb9e54b4b94956469,26/06/2023 02:35:58,ESCANER
8399,"Santa Rosa",6,"Cuilapa",1,984,380,17,8,75,14,3,6,8,1,0,0,1,134,29,7,160,0,330,--,380,210,133,169,169,Sumas Asentadas sin cuadrar,1,66a9be7cb047546d5221d970145c64d2c6e5212ff0a9c99263d25d824a568769,26/06/2023 00:34:58,ESCANER
8400,"Santa Rosa",6,"Cuilapa",1,984,380,20,9,81,5,1,1,7,1,0,1,1,127,24,5,156,0,156,--,380,224,127,156,156,Algún campo sin dato,1,f59a65b224650315303cd4a7f0d59fa7b6fa1d43eafd25994f9a875011dd0389,26/06/2023 00:19:18,ESCANER
8401,"Santa Rosa",6,"Cuilapa",1,984,380,18,5,82,8,2,2,7,0,1,0,0,125,7,1,133,0,133,--,380,247,125,133,133,Algún campo sin dato,1,bc763e1b604e8c351d2c7904c87c13014b055f8d29b6d829e6c30a155952fc4f,25/06/2023 23:16:20,ESCANER
8402,"Santa Rosa",6,"Cuilapa",1,984,218,12,3,42,3,1,0,3,0,0,0,1,65,7,0,72,0,72,--,218,146,65,72,72,Algún campo sin dato,1,96b469cd92666d9cfc2ffdef942302b3462a4289f76c967788eebd547a482f15,25/06/2023 21:57:53,ESCANER
8403,"Santa Rosa",6,"Cuilapa",1,984,218,13,1,40,0,1,1,4,0,1,0,0,61,7,0,68,0,68,--,218,150,61,68,68,Algún campo sin dato,1,5c831846176b411785180e0986d5c89c0d69c1f8b40bebbd871cd0a7ba44d96c,25/06/2023 21:42:35,ESCANER
8404,"Santa Rosa",6,"Cuilapa",1,985,600,70,7,44,12,4,2,11,1,1,0,2,154,10,3,167,0,167,1,600,432,154,167,167,,1,af4a9b1640e7e22ba94bda54b092cd0f6272690163bc6aa5fbb2ea7cd073a4f4,26/06/2023 04:53:09,ESCANER
8405,"Santa Rosa",6,"Cuilapa",1,985,470,52,1,24,9,11,1,2,0,1,0,0,101,9,1,111,0,111,--,470,359,101,111,111,Algún campo sin dato,1,70fddbbe1d699fd5b4d87c1dd0017503dda33262369776e1d71636005ecabb7a,25/06/2023 22:13:10,ESCANER
8406,"Santa Rosa",6,"Cuilapa",1,985,470,11,0,6,2,0,0,3,0,3,1,0,26,1,0,27,0,27,--,470,443,26,27,27,Algún campo sin dato,1,b7b4c6cab0fd004cdf9d5570bdf85f7e934fe970dec6250866ec93af934f0bf6,25/06/2023 23:52:49,ESCANER