﻿TIPO_DE_ELECCIÓN:,CORPORACIÓN MUNICIPAL
28 junio 2023 21:35 (UTC -6)
ACTAS_ESPERADAS,ACTAS_CAPTURADAS,PORCENTAJE_ACTAS_CAPTURADAS,ACTAS_CONTABILIZADAS,PORCENTAJE_ACTAS_CONTABILIZADAS,ACTAS_NO_CONTABILIZADAS,LISTA_NOMINAL_ACTAS_CONTABILIZADAS,VOTOS_EMITIDOS_CONTABILIZADAS,PORCENTAJE_PARTICIPACIÓN_CIUDADANA
23,23,100.0000,23,100.0000,0,8023,5994,74.7102

MESA,DEPARTAMENTO,ID_DEPARTAMENTO,MUNICIPIO,ID_MUNICIPIO,CENTRO_DE_VOTACIÓN,PADRÓN,VAMOS,UNE,U R N G - MAIZ,TODOS,VIVA,VÁLIDOS,NULOS,BLANCO,EMITIDOS,INVÁLIDOS,TOTAL,IMPUGNACIONES,PAPELETAS-RECIBIDAS,PAPELETAS-NO-USADAS,VALIDOS_CALCULADO,EMITIDOS_CALCULADO,TOTAL_CALCULADO,OBSERVACIONES,CONTABILIZADA,CÓDIGO_INTEGRIDAD,FECHA_HORA_PUBLICACIÓN,DIGITALIZACIÓN
9473,"Sololá",7,"San Andrés Semetabaj",9,1171,400,171,23,79,27,9,309,12,6,327,0,327,--,400,73,309,327,327,Algún campo sin dato,1,5c4840cba04b2374edd5cba1ff415af34aa75fde51764f0f07b3466dfbcc88c4,26/06/2023 01:52:19,ESCANER
9474,"Sololá",7,"San Andrés Semetabaj",9,1171,400,170,26,75,31,8,310,9,2,321,0,321,--,400,79,310,321,321,Algún campo sin dato,1,8f2c0d2e9ca6394071957881bf43741d007a78953c6e5c3c7f6c95a785b8d61c,26/06/2023 00:53:59,ESCANER
9475,"Sololá",7,"San Andrés Semetabaj",9,1171,400,148,36,89,21,13,307,12,3,322,0,322,--,400,78,307,322,322,Algún campo sin dato,1,ea042f8ab093bfa5197e95baa08234614b8ee9b7d93aa77fb53759bdc3d03a74,25/06/2023 23:41:16,ESCANER
9476,"Sololá",7,"San Andrés Semetabaj",9,1171,400,140,40,68,34,12,294,9,2,305,0,--,--,400,95,294,305,305,Algún campo sin dato,1,c3b4a5ab2c72e42a7f9840dcc700c45708b6f60944766cd0ae1729e119782287,25/06/2023 23:26:20,ESCANER
9477,"Sololá",7,"San Andrés Semetabaj",9,1171,400,155,22,75,17,12,281,3,2,286,0,286,--,400,114,281,286,286,Algún campo sin dato,1,6dd88d94e37ebe05c17cceab93f3bf23fbd492e7b6d1537492b490184e1034ce,26/06/2023 03:37:06,ESCANER
9478,"Sololá",7,"San Andrés Semetabaj",9,1171,400,162,19,79,22,11,293,10,3,306,0,306,--,400,94,293,306,306,Algún campo sin dato,1,11e68f44f1c5f9437679b1d324735e549011905d3aa5a7a53598307c2a5f38d8,25/06/2023 23:57:51,ESCANER
9479,"Sololá",7,"San Andrés Semetabaj",9,1172,400,123,34,81,23,18,279,4,0,283,0,283,--,--,--,279,283,283,Algún campo sin dato,1,6b1b7f76f8d36f65ea7091d17105b1ab1f64dda2917a025733619ad21431846d,26/06/2023 00:25:07,ESCANER
9480,"Sololá",7,"San Andrés Semetabaj",9,1172,400,139,18,82,25,12,276,3,0,279,0,279,1,400,121,276,279,279,,1,b365ffeb5f69f17a5557c43b08f506fcdbc18c6f73a24b727b6a478b1397bb91,25/06/2023 23:35:31,ESCANER
9481,"Sololá",7,"San Andrés Semetabaj",9,1172,225,74,10,37,13,7,141,0,0,141,0,141,--,225,84,141,141,141,Algún campo sin dato,1,4e1c5050935f8eefe46c60050a787107c33f4c8bf65d2529ac69e1f5628ca401,25/06/2023 22:50:54,ESCANER
9482,"Sololá",7,"San Andrés Semetabaj",9,1172,225,62,22,31,19,6,140,2,0,142,0,142,--,225,83,140,142,142,Algún campo sin dato,1,fc063a3f66e8ca75dc31fae20572cccb7548c396ab255d4069149f5fe5622159,25/06/2023 22:17:23,ESCANER
9483,"Sololá",7,"San Andrés Semetabaj",9,1173,400,80,27,41,175,3,326,11,2,339,0,339,--,401,62,326,339,339,Algún campo sin dato,1,66f16cee31e159a54ecd418db827cf806632dcc23a8b45aaace52ecffa6c8a57,25/06/2023 23:12:30,ESCANER
9484,"Sololá",7,"San Andrés Semetabaj",9,1173,400,118,21,37,148,0,324,12,2,338,0,338,--,400,62,324,338,338,Algún campo sin dato,1,97712a86a7e719f88c7d180705d921619ba4ab509ca8b201396d598e6758153b,26/06/2023 00:31:00,ESCANER
9485,"Sololá",7,"San Andrés Semetabaj",9,1174,400,80,32,36,133,5,286,7,1,294,0,294,--,400,106,286,294,294,Algún campo sin dato,1,af062069b18fed8413693cc8aa0c16d734d897969448df9fdbf4434d6583154b,25/06/2023 23:21:14,ESCANER
9486,"Sololá",7,"San Andrés Semetabaj",9,1174,349,73,30,24,116,1,244,5,1,250,0,250,--,349,99,244,250,250,Algún campo sin dato,1,cbe78c075c9b3240ca300875a1cc78cb529c24ceeb42dcfffa0edd8b3599ab35,25/06/2023 23:01:03,ESCANER
9487,"Sololá",7,"San Andrés Semetabaj",9,1174,349,62,39,30,116,5,252,3,1,256,0,256,--,--,--,252,256,256,Algún campo sin dato,1,3b3174c62ddb797698e1c5b7fefbbe3634d48b99cf5f587944285a3f0fd7a66a,25/06/2023 23:35:19,ESCANER
9488,"Sololá",7,"San Andrés Semetabaj",9,1175,380,69,52,62,107,4,294,20,7,321,4,325,--,380,55,294,321,325,Algún campo sin dato,1,02a5db10f8912c16484c3a3414ae0e1cc661d4702c068ce7fd029ea6e9f89e44,25/06/2023 23:38:27,ESCANER
9489,"Sololá",7,"San Andrés Semetabaj",9,1175,380,102,62,62,62,7,0,16,4,0,0,380,--,--,--,295,315,315,Sumas Asentadas sin cuadrar,1,dd0cd7f22d66a8945e8b9796be99600f58503ac8bcf25a18906e438bc884af2b,26/06/2023 00:57:56,ESCANER
9490,"Sololá",7,"San Andrés Semetabaj",9,1175,380,57,22,137,73,1,290,19,8,317,0,317,--,380,63,290,317,317,Algún campo sin dato,1,d11bea4c3d8be9842c621e6205b15ddd35808d6b653f0529ea411b9175a8ee3e,25/06/2023 23:54:06,ESCANER
9491,"Sololá",7,"San Andrés Semetabaj",9,1175,380,66,34,77,86,4,267,9,2,278,0,278,--,380,102,267,278,278,Algún campo sin dato,1,70ffbc242ceec9c254d7c91c8916d709dfb50661662f96c2bdb13fe9e93311c8,26/06/2023 01:53:55,ESCANER
9492,"Sololá",7,"San Andrés Semetabaj",9,1175,380,57,40,87,61,6,251,4,2,257,0,257,--,380,123,251,257,257,Algún campo sin dato,1,c0b6b32a792949505b7f4d144dfd60ba5e3cbbe6c7269a2ade1a052ba41fc115,25/06/2023 23:19:10,ESCANER
9493,"Sololá",7,"San Andrés Semetabaj",9,1175,192,22,22,57,25,2,128,1,0,129,0,129,--,192,63,128,129,129,Algún campo sin dato,1,3a7617bfcda6b56f4f33b7d52168a10809295aff7c815fa2117334f8b6700945,25/06/2023 21:16:02,ESCANER
9494,"Sololá",7,"San Andrés Semetabaj",9,1175,191,30,30,33,33,0,126,4,0,130,0,130,1,191,60,126,130,130,,1,c03caef093db9320b544e6c359dc5f8c86e0d625e37504a039a323f1a211b914,25/06/2023 22:53:53,ESCANER
9495,"Sololá",7,"San Andrés Semetabaj",9,1176,192,29,4,11,10,2,56,2,0,58,0,58,--,192,134,56,58,58,Algún campo sin dato,1,07040539be8f0cfc0b92ac01b9ad81a78fb1c65918cc58e7240a95889ee97a18,25/06/2023 22:46:04,ESCANER