﻿TIPO_DE_ELECCIÓN:,CORPORACIÓN MUNICIPAL
28 junio 2023 21:35 (UTC -6)
ACTAS_ESPERADAS,ACTAS_CAPTURADAS,PORCENTAJE_ACTAS_CAPTURADAS,ACTAS_CONTABILIZADAS,PORCENTAJE_ACTAS_CONTABILIZADAS,ACTAS_NO_CONTABILIZADAS,LISTA_NOMINAL_ACTAS_CONTABILIZADAS,VOTOS_EMITIDOS_CONTABILIZADAS,PORCENTAJE_PARTICIPACIÓN_CIUDADANA
47,47,100.0000,47,100.0000,0,17357,12474,71.8672

MESA,DEPARTAMENTO,ID_DEPARTAMENTO,MUNICIPIO,ID_MUNICIPIO,CENTRO_DE_VOTACIÓN,PADRÓN,VICTORIA,MLP,VALOR,UNE,CAMBIO,CABAL,VAMOS,VIVA,TODOS,ELEFANTE,PPN,PODEMOS,AZUL,PHG,MI FAMILIA,CREO,VÁLIDOS,NULOS,BLANCO,EMITIDOS,INVÁLIDOS,TOTAL,IMPUGNACIONES,PAPELETAS-RECIBIDAS,PAPELETAS-NO-USADAS,VALIDOS_CALCULADO,EMITIDOS_CALCULADO,TOTAL_CALCULADO,OBSERVACIONES,CONTABILIZADA,CÓDIGO_INTEGRIDAD,FECHA_HORA_PUBLICACIÓN,DIGITALIZACIÓN
18909,"Alta Verapaz",16,"Santa Cruz Verapaz",2,2899,400,50,4,47,9,5,10,34,15,7,4,11,5,6,43,0,1,251,20,3,274,0,274,0,400,126,251,274,274,,1,a05532ed638a8ac1d3569ae0be5669ed7f259cf337a911039cb988d99a4409de,26/06/2023 04:21:33,ESCANER
18910,"Alta Verapaz",16,"Santa Cruz Verapaz",2,2899,400,66,3,53,9,5,6,20,10,4,3,13,17,0,44,1,9,263,18,7,288,0,288,0,396,108,263,288,288,,1,692d24aee33776816bd179a2773af096a165f5a17876bfde64d3f354ab862b68,26/06/2023 01:43:49,ESCANER
18911,"Alta Verapaz",16,"Santa Cruz Verapaz",2,2899,400,74,12,49,11,3,15,34,11,6,8,16,11,2,38,0,1,291,10,5,306,3,309,0,400,91,291,306,309,,1,8fcb554ad8ae2c87e86d35ed76d7087f9735f4691842b15517eda362e766a69a,26/06/2023 05:24:02,ESCANER
18912,"Alta Verapaz",16,"Santa Cruz Verapaz",2,2899,400,57,9,59,16,3,8,32,6,5,6,6,8,2,56,2,5,280,25,2,307,0,307,0,400,93,280,307,307,,1,e47fce519a94f36c475e0e9974435b7749ec36e2b1d70de7288089b81f7395ae,26/06/2023 02:51:49,ESCANER
18913,"Alta Verapaz",16,"Santa Cruz Verapaz",2,2899,400,47,9,53,24,4,5,30,6,8,5,11,7,2,54,1,0,266,29,7,302,0,302,0,400,98,266,302,302,,1,962a98bb257423fc5676e09bbb98bda21a34dc873350c75cafb8da1ccb19cac0,26/06/2023 02:29:43,ESCANER
18914,"Alta Verapaz",16,"Santa Cruz Verapaz",2,2899,400,91,10,69,14,2,9,30,6,5,4,6,7,1,47,1,1,303,20,2,325,0,325,0,400,75,303,325,325,,1,6196a2d8daabe78ca8eeffc1c87587249ad912cb219bd72ed4f20e9579638e11,26/06/2023 01:44:32,ESCANER
18915,"Alta Verapaz",16,"Santa Cruz Verapaz",2,2900,400,56,16,92,25,0,4,21,11,2,2,4,3,4,39,2,0,281,16,9,306,0,306,0,400,94,281,306,306,,1,3dad3ea25def064e1e6ad1dba7f4dd1ace918b04adcdb618b9364cb5354d6799,26/06/2023 02:16:41,ESCANER
18916,"Alta Verapaz",16,"Santa Cruz Verapaz",2,2900,400,73,5,68,11,1,13,20,3,3,8,9,2,3,43,3,0,265,13,1,279,0,279,0,400,121,265,279,279,,1,5ca74d66b704fc610301d0c5eb7e6d2177793ef1495c8e200a2bfb71d6aa1d4d,26/06/2023 00:20:48,ESCANER
18917,"Alta Verapaz",16,"Santa Cruz Verapaz",2,2900,400,46,5,55,11,3,10,20,18,8,9,12,8,1,35,0,3,244,17,3,264,0,264,0,400,136,244,264,264,,1,46e61240216bb4a768549d976f669f8ed88696d5df1099d1148cac5f2c5cca47,26/06/2023 03:20:31,ESCANER
18918,"Alta Verapaz",16,"Santa Cruz Verapaz",2,2900,400,42,5,52,7,4,4,28,11,5,5,15,13,2,32,0,3,228,16,3,247,0,247,0,396,149,228,247,247,,1,c7c1afdbb5ec99fcafa6a690b00adc4bf6ffaa7109ba17810a890abc7536822b,26/06/2023 02:40:28,ESCANER
18919,"Alta Verapaz",16,"Santa Cruz Verapaz",2,2900,400,53,3,59,8,4,11,31,8,4,9,5,12,4,33,0,6,250,17,1,269,1,269,0,400,131,250,268,269,Sumas Asentadas sin cuadrar,1,c0f8acbaa8a7f5688253326fc3a00bfbc374bb984037caa40c488d529a19616f,26/06/2023 02:50:43,ESCANER
18920,"Alta Verapaz",16,"Santa Cruz Verapaz",2,2900,400,49,5,56,7,1,10,31,7,5,14,10,6,1,31,3,9,245,11,3,259,0,259,0,400,141,245,259,259,,1,debb8ee59b716ce345ef59eabea2c423bb90f415c3054ee1793439c9843baaa9,26/06/2023 01:53:00,ESCANER
18921,"Alta Verapaz",16,"Santa Cruz Verapaz",2,2900,400,63,4,49,5,3,10,28,5,1,9,13,9,0,39,2,6,246,15,3,264,0,264,0,400,136,246,264,264,,1,ad33c4d6b26ad93f990789baa5a7ab6a1953617f0eee3866e0fe6e42f67c499d,26/06/2023 03:09:28,ESCANER
18922,"Alta Verapaz",16,"Santa Cruz Verapaz",2,2900,400,52,9,61,7,1,6,28,13,3,5,11,3,1,38,4,5,247,13,3,263,0,263,0,400,137,247,263,263,,1,c5c9c68c18ce25c71cfa39a9a16aa5fe2e116b18a38f4054a3a663b912fcc8e7,26/06/2023 01:27:24,ESCANER
18923,"Alta Verapaz",16,"Santa Cruz Verapaz",2,2900,400,66,8,88,7,0,0,15,3,4,6,11,9,1,36,3,2,259,9,1,269,0,269,0,400,131,259,269,269,,1,dad8b46778bfc68494450ea4f8fd486413722c69d3ac016525a2c7ce0de8d039,26/06/2023 00:55:19,ESCANER
18924,"Alta Verapaz",16,"Santa Cruz Verapaz",2,2900,400,49,1,56,6,1,9,27,6,6,5,7,6,0,34,0,1,214,3,1,218,0,218,0,397,179,214,218,218,,1,3c50641b99747c6149003cf6b15bdfd5888197dacda324758088992b641fbd67,26/06/2023 02:47:37,ESCANER
18925,"Alta Verapaz",16,"Santa Cruz Verapaz",2,2901,400,38,3,74,5,2,7,32,15,4,9,12,4,1,44,2,3,255,7,1,263,0,263,0,396,133,255,263,263,,1,a5c7d6f9e13d159f7b7871ae9b5366c16b0ec07200eeddf96477d6984cdaccb1,26/06/2023 03:06:38,ESCANER
18926,"Alta Verapaz",16,"Santa Cruz Verapaz",2,2901,400,62,5,67,8,2,5,16,4,6,8,13,7,1,45,1,1,251,4,0,255,0,255,0,400,145,251,255,255,,1,324857565ca27f1ba56d50a677f13220dab82cb0b99fc990b3eb8c518a3a2a74,26/06/2023 01:29:23,ESCANER
18927,"Alta Verapaz",16,"Santa Cruz Verapaz",2,2901,332,49,2,48,9,3,5,23,4,4,5,8,5,0,42,0,0,207,1,0,208,1,209,0,332,123,207,208,209,,1,29e91e0d76b4a1d626b1ccadde3758382f6e236aedf742df6ad20e7fb3e6c8d7,26/06/2023 03:16:23,ESCANER
18928,"Alta Verapaz",16,"Santa Cruz Verapaz",2,2901,332,43,3,47,4,0,5,12,7,0,5,9,9,0,42,1,2,189,7,0,196,0,196,--,333,137,189,196,196,Algún campo sin dato,1,7ccceaea010268a30753c47e8404008c2c46d011371fb664f4c68c3963c0a954,26/06/2023 00:22:58,ESCANER
18929,"Alta Verapaz",16,"Santa Cruz Verapaz",2,2902,400,52,6,66,19,4,15,41,5,3,6,4,2,2,80,1,3,309,9,27,345,0,345,0,400,55,309,345,345,,1,745baa0ef994c00f8d2fb5a375572199f6cb9117f5e1079df72508ae1a262612,26/06/2023 02:10:42,ESCANER
18930,"Alta Verapaz",16,"Santa Cruz Verapaz",2,2902,400,59,9,55,7,1,18,46,5,4,10,4,3,3,90,1,0,315,29,6,350,1,351,0,396,45,315,350,351,,1,773fefd2c321d424d5428637e28c5936db508526ba678bdbc6e6ea2416e67c82,26/06/2023 01:29:03,ESCANER
18931,"Alta Verapaz",16,"Santa Cruz Verapaz",2,2902,400,63,8,45,14,4,26,48,6,5,10,4,2,1,63,0,1,300,5,3,308,11,319,0,393,74,300,308,319,,1,86ed733d0080b63326178047332a4f057540a92fd9b28afb206c44cc9a1242fe,26/06/2023 02:58:26,ESCANER
18932,"Alta Verapaz",16,"Santa Cruz Verapaz",2,2902,400,65,4,50,19,4,12,30,5,6,2,7,3,0,53,0,2,262,9,3,274,0,274,0,396,122,262,274,274,,1,5c5a9c3cfccc10a591133ae8375e60f5091234e4f35d484ea38ab91d92f383e5,26/06/2023 02:21:22,ESCANER
18933,"Alta Verapaz",16,"Santa Cruz Verapaz",2,2902,226,39,7,30,9,3,2,19,4,1,0,1,1,0,39,0,0,155,0,0,155,0,155,0,223,68,155,155,155,,1,a49556b3eefbf5b26d83e92bd433522d059085a2f456dec092c4e6fd8be49b82,25/06/2023 23:42:49,ESCANER
18934,"Alta Verapaz",16,"Santa Cruz Verapaz",2,2902,226,24,4,27,10,3,5,12,3,2,2,0,6,1,55,0,0,154,3,2,159,0,159,0,227,68,154,159,159,,1,ea9184ca5b1af50469bacb8aee96d6681ab95fb96c32177f9409e4db2c41f576,26/06/2023 00:52:20,ESCANER
18935,"Alta Verapaz",16,"Santa Cruz Verapaz",2,2903,400,56,6,76,36,2,8,34,2,4,6,4,11,4,48,0,0,297,27,10,334,0,334,0,400,66,297,334,334,,1,69be907d6a37bda205ddabc12bc59234e23eb3a161a83a6cb295102043754eec,26/06/2023 04:22:40,ESCANER
18936,"Alta Verapaz",16,"Santa Cruz Verapaz",2,2903,400,67,3,95,40,1,5,47,4,1,8,6,4,4,38,1,2,326,17,7,350,0,350,0,400,50,326,350,350,,1,59ab11edfc189066ed804a3aa0e515170ca0d20b2cf5e0bff995616370a44820,26/06/2023 03:13:28,ESCANER
18937,"Alta Verapaz",16,"Santa Cruz Verapaz",2,2903,400,66,8,68,31,3,5,51,5,4,6,1,12,13,52,1,0,326,14,7,347,0,347,1,400,52,326,347,347,,1,c8128c9f2240871b5e1b9a7e1f97324e272fe5f2ab9e71162c35fd332c1be6b4,26/06/2023 02:49:35,ESCANER
18938,"Alta Verapaz",16,"Santa Cruz Verapaz",2,2903,400,62,7,72,43,0,5,19,4,4,5,2,8,7,53,0,2,293,18,4,315,1,316,0,400,84,293,315,316,,1,a90e13c51b886e8f5652cb85312720f5a5f64db8c2e67f95903c13326858e962,26/06/2023 04:26:57,ESCANER
18939,"Alta Verapaz",16,"Santa Cruz Verapaz",2,2903,400,80,3,48,32,0,14,29,4,1,2,8,12,7,31,4,0,275,13,3,291,1,292,0,400,108,275,291,292,,1,f21042d02925064028b07c7f8e6c85c535a62acfb557d0a0f2edf9c250f26de6,26/06/2023 03:35:25,ESCANER
18940,"Alta Verapaz",16,"Santa Cruz Verapaz",2,2903,400,65,8,63,33,1,1,23,4,5,6,8,6,4,29,1,2,259,3,1,263,0,263,0,400,137,259,263,263,,1,99884c9cd50f4891f9a50bedf139af47ab25bfbe86ddd199ccd2f1c9c84dc727,25/06/2023 23:59:29,ESCANER
18941,"Alta Verapaz",16,"Santa Cruz Verapaz",2,2903,316,43,3,64,38,0,4,20,2,1,6,1,5,5,34,0,0,226,4,1,231,0,231,0,316,85,226,231,231,,1,fe35f78c8527fb3c85d4fb10e38dc73a1635cd328555af7e33e64a02e86bc435,26/06/2023 02:20:45,ESCANER
18942,"Alta Verapaz",16,"Santa Cruz Verapaz",2,2903,316,47,3,56,36,0,7,16,1,1,4,1,2,8,29,1,1,213,4,2,219,0,219,0,316,97,213,219,219,,1,6b3299b613f66335a6169157e956ba54e2c4b9fc6e923f6e23a9da7e9bebe466,26/06/2023 03:03:09,ESCANER
18943,"Alta Verapaz",16,"Santa Cruz Verapaz",2,2904,380,55,12,62,16,3,6,12,6,11,3,5,11,1,73,0,0,276,13,9,298,0,298,0,377,79,276,298,298,,1,b1488de32ced1641aa8180e0d8c4d852b5bc46e2158c57fab2e679a99c12f913,26/06/2023 04:50:03,ESCANER
18944,"Alta Verapaz",16,"Santa Cruz Verapaz",2,2904,380,70,8,49,15,2,14,9,4,14,1,8,4,1,95,0,0,294,24,7,325,1,326,2,383,55,294,325,326,,1,4cc302bf4016664e8accbddcb51e1ad8efe2e80930013b7ed27542c78902ad5d,26/06/2023 04:54:17,ESCANER
18945,"Alta Verapaz",16,"Santa Cruz Verapaz",2,2904,380,52,13,50,18,2,5,24,9,16,3,5,1,0,74,1,0,273,25,4,302,0,302,0,380,78,273,302,302,,1,462792f452d44cdc22fa829d6ef6f9ef425b83bd66f1c58a9238b23432900a65,26/06/2023 05:49:10,ESCANER
18946,"Alta Verapaz",16,"Santa Cruz Verapaz",2,2904,380,45,14,86,8,5,4,13,4,13,1,7,4,5,71,0,0,280,19,7,306,0,306,0,377,71,280,306,306,,1,a609592961f73f8cef89f389c960d142836e382722a4703ea397281ef3f41cdf,26/06/2023 03:58:22,ESCANER
18947,"Alta Verapaz",16,"Santa Cruz Verapaz",2,2904,380,51,9,69,7,1,9,12,4,14,0,3,5,3,76,1,2,266,12,3,281,0,281,0,380,99,266,281,281,,1,0283ae523961419080b34b5cf437d50d1d57ae608e0b06c9c8500bb517ccdb66,26/06/2023 03:34:43,ESCANER
18948,"Alta Verapaz",16,"Santa Cruz Verapaz",2,2904,380,52,8,65,7,1,4,9,10,13,2,6,7,0,63,0,0,247,20,0,267,0,267,0,377,110,247,267,267,,1,917b2a66cbf2883a13e08bc69cfc46603b9e11e9df4a7292c21caa13469413f3,26/06/2023 03:28:18,ESCANER
18949,"Alta Verapaz",16,"Santa Cruz Verapaz",2,2904,380,42,10,62,8,3,8,13,8,22,5,2,4,4,67,0,0,258,3,1,262,0,262,0,380,118,258,262,262,,1,fa2506bfcbe6971b836942e6c45f57b160d04431abefdd37798c4152919dd235,26/06/2023 02:17:52,ESCANER
18950,"Alta Verapaz",16,"Santa Cruz Verapaz",2,2904,218,22,4,28,4,0,7,6,2,12,3,0,2,0,53,0,0,143,3,1,147,1,148,0,218,70,143,147,148,,1,07d5112d0ef462e8aeb0176a63a9c2e63d71e639fee6275e118dc6e26c3070fc,26/06/2023 00:26:58,ESCANER
18951,"Alta Verapaz",16,"Santa Cruz Verapaz",2,2904,218,31,6,24,2,0,2,4,2,4,1,2,3,0,40,0,0,121,5,0,126,0,126,0,215,89,121,126,126,,1,cd98d805d0f96772307237fc03e62f2c69f8a580390da7cb9c81a5fd1345df6e,26/06/2023 00:54:39,ESCANER
18952,"Alta Verapaz",16,"Santa Cruz Verapaz",2,2905,380,50,1,52,13,6,1,23,5,1,1,5,18,3,76,0,1,256,33,13,302,0,302,2,30,76,256,302,302,,1,0b97aaf7408a534db44174c0d1d0e3510a01ffccd7ce44e69fe805f206c8c8dc,26/06/2023 03:56:00,ESCANER
18953,"Alta Verapaz",16,"Santa Cruz Verapaz",2,2905,341,45,1,40,10,6,0,17,3,5,0,10,20,4,58,0,0,219,15,7,241,0,241,1,338,96,219,241,241,,1,1be4a94e11613e1f5f78991cbf02f1f830c5181cd85dd8231455d8ec56b2e81f,26/06/2023 01:57:34,ESCANER
18954,"Alta Verapaz",16,"Santa Cruz Verapaz",2,2905,340,37,1,53,7,5,0,22,2,2,3,2,17,0,72,0,0,223,6,3,232,0,232,0,340,108,223,232,232,,1,3a9352f9d8a883c2fd7cf96614381aaf6ddeb2e9de2757f986ac311604250b68,26/06/2023 00:40:28,ESCANER
18955,"Alta Verapaz",16,"Santa Cruz Verapaz",2,2906,252,8,3,24,1,2,3,7,5,3,3,3,1,0,7,0,2,72,10,1,83,0,83,0,252,169,72,83,83,,1,c7bec0e20af89e0d5614feb0fe508b01b5603a618882bc7bad4ee8691838f463,25/06/2023 23:40:58,ESCANER