﻿TIPO_DE_ELECCIÓN:,CORPORACIÓN MUNICIPAL
28 junio 2023 21:35 (UTC -6)
ACTAS_ESPERADAS,ACTAS_CAPTURADAS,PORCENTAJE_ACTAS_CAPTURADAS,ACTAS_CONTABILIZADAS,PORCENTAJE_ACTAS_CONTABILIZADAS,ACTAS_NO_CONTABILIZADAS,LISTA_NOMINAL_ACTAS_CONTABILIZADAS,VOTOS_EMITIDOS_CONTABILIZADAS,PORCENTAJE_PARTICIPACIÓN_CIUDADANA
25,25,100.0000,25,100.0000,0,9421,5950,63.1567

MESA,DEPARTAMENTO,ID_DEPARTAMENTO,MUNICIPIO,ID_MUNICIPIO,CENTRO_DE_VOTACIÓN,PADRÓN,UNE,CABAL,AZUL,VAMOS,VALOR UNIONISTA,VÁLIDOS,NULOS,BLANCO,EMITIDOS,INVÁLIDOS,TOTAL,IMPUGNACIONES,PAPELETAS-RECIBIDAS,PAPELETAS-NO-USADAS,VALIDOS_CALCULADO,EMITIDOS_CALCULADO,TOTAL_CALCULADO,OBSERVACIONES,CONTABILIZADA,CÓDIGO_INTEGRIDAD,FECHA_HORA_PUBLICACIÓN,DIGITALIZACIÓN
22329,"Zacapa",19,"San Jorge",11,3481,400,74,52,4,114,4,248,6,5,259,0,259,0,403,144,248,259,259,,1,4a8c70f2eb2942ab620ef2e809866a4d6e8df47f44d981dc94abeee7c5bd9580,26/06/2023 03:44:42,ESCANER
22330,"Zacapa",19,"San Jorge",11,3481,400,58,58,11,112,6,245,16,5,266,0,266,0,400,134,245,266,266,,1,b9046cb24315fbdff4841c71685f7c212ec204f70b98949c6c85ae89b8825c44,26/06/2023 04:32:27,ESCANER
22331,"Zacapa",19,"San Jorge",11,3481,400,64,59,13,117,5,258,11,1,270,0,270,1,400,129,258,270,270,,1,848ee43877455a136516e13198b4a8f4e84d19d57dd326eb88904a3cbd44aab8,26/06/2023 02:46:43,ESCANER
22332,"Zacapa",19,"San Jorge",11,3481,400,72,40,12,110,5,239,8,5,252,0,252,0,390,138,239,252,252,,1,6e402d9a607b76f9f49e0aaf4cb4797e415281e29eb94206e2c47bf50942591f,26/06/2023 03:33:14,ESCANER
22333,"Zacapa",19,"San Jorge",11,3481,400,38,51,7,111,2,209,3,2,214,10,224,2,400,176,209,214,224,,1,8180fd3ab9292fa7f43ff12ed6e412ca253ec9cc918fd3c16eac12380eeaecf6,26/06/2023 05:54:50,ESCANER
22334,"Zacapa",19,"San Jorge",11,3482,400,76,66,4,99,1,246,8,5,260,0,260,1,400,140,246,259,259,Sumas Asentadas sin cuadrar,1,84ba43cb28ea75674a9fa15ec068db2f831846a8defc8d71543a2398c6c83824,26/06/2023 04:49:28,ESCANER
22335,"Zacapa",19,"San Jorge",11,3482,400,69,48,8,91,4,220,14,2,236,0,236,1,403,166,220,236,236,,1,5adc0dc26d49fa4e36b0f044b182497b15c9a524457dff672a1fb4c2f6a1531d,26/06/2023 03:35:29,ESCANER
22336,"Zacapa",19,"San Jorge",11,3482,400,51,46,8,101,1,207,9,5,221,0,221,0,390,169,207,221,221,,1,489ce83e6de81d2bd9d1a64105d7b39b5784d200856e48281fd93a8509ca082e,26/06/2023 03:46:21,ESCANER
22337,"Zacapa",19,"San Jorge",11,3482,400,86,59,7,86,3,241,4,2,247,0,247,0,397,150,241,247,247,,1,f32ff77ecaa3aed51e069b970cf38bf49584f85bc643326de769ec6bb227b717,26/06/2023 04:01:39,ESCANER
22338,"Zacapa",19,"San Jorge",11,3482,400,74,58,8,86,2,228,3,0,231,0,231,--,397,169,228,231,231,Algún campo sin dato,1,a222d65ab66917929cb2ebe3cef545ae8e34a1dabfe887f6de7271f636626d57,26/06/2023 03:44:33,ESCANER
22339,"Zacapa",19,"San Jorge",11,3482,302,50,44,3,79,3,179,1,0,180,0,180,0,302,122,179,180,180,,1,536e083e32aae21d5fc2f68ac99748fe249a4f711f3b069b2bd27a7959ae4e98,26/06/2023 00:58:36,ESCANER
22340,"Zacapa",19,"San Jorge",11,3482,301,44,25,1,59,2,131,6,4,141,0,141,1,301,160,131,141,141,,1,8d590ba59fd9996ec26b1ae1a7e504c84bf82a0eb177c89a28c52e2e17cdba6c,26/06/2023 00:59:22,ESCANER
22341,"Zacapa",19,"San Jorge",11,3483,400,109,57,5,81,16,268,17,4,289,0,289,1,400,111,268,289,289,,1,69efd22d817c0fbafbccd568d14e139e9d1009817cd62e438e87958e07fde908,26/06/2023 02:16:10,ESCANER
22342,"Zacapa",19,"San Jorge",11,3483,400,101,70,3,90,11,275,15,4,294,0,294,0,400,106,275,294,294,,1,c93484365268962b78f1f5c96b0aeec1c7747602f6b380787b6f23a5cd355e9d,26/06/2023 04:56:02,ESCANER
22343,"Zacapa",19,"San Jorge",11,3483,400,97,65,7,101,11,281,16,3,300,0,300,0,400,100,281,300,300,,1,5ff3e5aad0c14a3ab2139e96ccbab976a476ff0aca646c17aac2709b89ac7bfd,26/06/2023 01:09:46,ESCANER
22344,"Zacapa",19,"San Jorge",11,3483,400,103,62,9,87,14,275,9,2,286,0,286,0,400,114,275,286,286,,1,6815c52d2f07213e20542a79031862f104f4ed69598a9cf9373e0cc52bfede49,26/06/2023 03:48:23,ESCANER
22345,"Zacapa",19,"San Jorge",11,3483,400,97,61,12,100,6,276,11,3,290,0,290,2,400,107,276,290,290,,1,c3d7620faa3b69bb19a756cf5a244d0389dab0720a9e6d5d47f978c3a7e32cf1,26/06/2023 05:08:04,ESCANER
22346,"Zacapa",19,"San Jorge",11,3483,400,87,47,8,79,6,227,16,2,245,0,245,1,390,144,227,245,245,,1,cc54d6dda6c35199c9131d8ac8925b66dd85598136f92732ee81f5050832e0c5,26/06/2023 04:10:47,ESCANER
22347,"Zacapa",19,"San Jorge",11,3483,400,82,69,6,92,6,255,13,1,269,0,269,1,400,131,255,269,269,,1,5c966ff39c1afbe0fc95c7d2266319329a0ebccd8cbfc55c818e393e2d452fc9,26/06/2023 04:00:26,ESCANER
22348,"Zacapa",19,"San Jorge",11,3484,400,100,68,5,76,3,252,18,2,272,0,272,0,400,128,252,272,272,,1,1d28637ac048f5ccbdc64b9175f6e6a2dfa4882502376d3a046ca407497108ad,26/06/2023 01:14:02,ESCANER
22349,"Zacapa",19,"San Jorge",11,3484,400,70,33,3,92,4,202,6,2,210,1,211,1,397,186,202,210,211,,1,4a8312a1450c9b10b133e2a162fe52add5bea3861113f634c35c759b9c8bee0e,26/06/2023 00:01:58,ESCANER
22350,"Zacapa",19,"San Jorge",11,3484,400,110,60,3,48,8,229,7,2,238,0,238,0,403,165,229,238,238,,1,28d165163b7dbe2aca2f3c48c68f6ded62250971287c227ab059510329d358a6,26/06/2023 03:19:15,ESCANER
22351,"Zacapa",19,"San Jorge",11,3484,400,89,55,7,85,4,240,3,0,243,2,245,0,403,158,240,243,245,,1,19872aa1b498b6b707f2db06620dd5812ef99a6a1046f5797057c0e0de7d63ed,25/06/2023 23:37:39,ESCANER
22352,"Zacapa",19,"San Jorge",11,3484,209,52,29,0,35,10,126,1,2,129,0,129,0,209,80,126,129,129,,1,d7bb7d3b2d53f8f8fe2136cadec11e74f7c04040820fc9fdb7c3176b253631e1,25/06/2023 23:10:26,ESCANER
22353,"Zacapa",19,"San Jorge",11,3484,209,43,24,1,34,1,103,4,2,109,0,109,0,209,100,103,109,109,,1,1775ac42548ab663f02b84a8420af86e0cb9a08c5dda5d31d6967189b912384f,26/06/2023 00:58:10,ESCANER