﻿TIPO_DE_ELECCIÓN:,CORPORACIÓN MUNICIPAL
28 junio 2023 21:35 (UTC -6)
ACTAS_ESPERADAS,ACTAS_CAPTURADAS,PORCENTAJE_ACTAS_CAPTURADAS,ACTAS_CONTABILIZADAS,PORCENTAJE_ACTAS_CONTABILIZADAS,ACTAS_NO_CONTABILIZADAS,LISTA_NOMINAL_ACTAS_CONTABILIZADAS,VOTOS_EMITIDOS_CONTABILIZADAS,PORCENTAJE_PARTICIPACIÓN_CIUDADANA
62,62,100.0000,62,100.0000,0,23084,11898,51.5421

MESA,DEPARTAMENTO,ID_DEPARTAMENTO,MUNICIPIO,ID_MUNICIPIO,CENTRO_DE_VOTACIÓN,PADRÓN,CABAL,UNE,VAMOS,TODOS,BIEN,PPN,MI FAMILIA,AZUL,VALOR UNIONISTA,VÁLIDOS,NULOS,BLANCO,EMITIDOS,INVÁLIDOS,TOTAL,IMPUGNACIONES,PAPELETAS-RECIBIDAS,PAPELETAS-NO-USADAS,VALIDOS_CALCULADO,EMITIDOS_CALCULADO,TOTAL_CALCULADO,OBSERVACIONES,CONTABILIZADA,CÓDIGO_INTEGRIDAD,FECHA_HORA_PUBLICACIÓN,DIGITALIZACIÓN
8981,"Santa Rosa",6,"Nueva Santa Rosa",14,1093,400,149,27,31,5,2,2,3,12,8,239,13,4,256,0,256,--,404,148,239,256,256,Algún campo sin dato,1,5d99fd56c8a37f1ec416b140810e0a2447bb414667b3cb7b6637b5d2719e44e3,26/06/2023 00:25:33,ESCANER
8982,"Santa Rosa",6,"Nueva Santa Rosa",14,1093,400,134,27,30,3,2,1,1,16,8,222,23,2,247,0,247,--,404,157,222,247,247,Algún campo sin dato,1,48814324e5e02eaa7f470eb972fa1a5f69bee75429f0662180780890acfe091f,26/06/2023 00:04:26,ESCANER
8983,"Santa Rosa",6,"Nueva Santa Rosa",14,1093,400,133,28,36,1,1,4,3,11,8,225,23,2,250,0,250,--,397,147,225,250,250,Algún campo sin dato,1,f7a94af6c6a231762e2d6b435dc3f1b8de85078c5beb9e3dfa5a20cb4652a41b,26/06/2023 01:35:46,ESCANER
8984,"Santa Rosa",6,"Nueva Santa Rosa",14,1093,400,136,31,26,4,0,5,0,8,11,221,23,0,244,0,244,--,394,150,221,244,244,Algún campo sin dato,1,4c6a0ae7625b42f1e2d2ca90b4b0d59a912eb6e541bdbe5018cf903133d219c9,26/06/2023 00:39:00,ESCANER
8985,"Santa Rosa",6,"Nueva Santa Rosa",14,1093,400,150,23,18,1,3,4,0,6,9,214,11,0,225,0,225,--,400,175,214,225,225,Algún campo sin dato,1,07674fe1a4b48b71939d20684deb3e850a526f23c50923b3e8f8dea4b6d8f8fd,25/06/2023 23:34:10,ESCANER
8986,"Santa Rosa",6,"Nueva Santa Rosa",14,1093,400,111,24,27,2,3,6,0,20,14,207,18,3,228,0,228,--,400,172,207,228,228,Algún campo sin dato,1,3119cf82043d1bbf0c1d7447629df226ebe132f6e46295192fcfd6f26d1bb4cf,26/06/2023 01:23:48,ESCANER
8987,"Santa Rosa",6,"Nueva Santa Rosa",14,1093,400,129,18,27,2,4,5,1,12,6,204,18,0,222,--,222,--,400,178,204,222,222,Algún campo sin dato,1,97cadf8072baa9e7c72adcdc722c83a803b7db14ba9d57a28e3fb72a821efd56,25/06/2023 23:40:54,ESCANER
8988,"Santa Rosa",6,"Nueva Santa Rosa",14,1093,400,146,26,18,2,0,1,0,16,7,216,8,0,224,0,224,--,400,176,216,224,224,Algún campo sin dato,1,89eccd28b8fcb91bb88bb3bfaa4ab668c30f67ad5b6ff3c2144612b514d1c8a7,26/06/2023 01:16:37,ESCANER
8989,"Santa Rosa",6,"Nueva Santa Rosa",14,1093,226,78,11,16,0,0,2,0,11,7,125,10,91,226,0,226,--,226,91,125,226,226,Algún campo sin dato,1,b13e386f01ca612a467b5c68c2e58c008b32e0a99aa1ed688a00b7b25164d9f3,25/06/2023 22:45:10,ESCANER
8990,"Santa Rosa",6,"Nueva Santa Rosa",14,1093,226,54,9,6,1,1,0,0,0,4,75,0,0,75,0,75,--,226,151,75,75,75,Algún campo sin dato,1,87475173d8bf8711a1f936f22b5b763af6cd48850dfdfffa5b1784e7f6ca0be5,25/06/2023 22:13:47,ESCANER
8991,"Santa Rosa",6,"Nueva Santa Rosa",14,1094,400,110,24,19,6,3,3,1,1,3,170,20,6,196,0,196,--,400,204,170,196,196,Algún campo sin dato,1,1415f97220c065aeb1812d77e9077090e74a8d45656c51a61952a112b4036602,25/06/2023 21:57:48,ESCANER
8992,"Santa Rosa",6,"Nueva Santa Rosa",14,1094,400,138,21,19,9,2,0,0,2,2,193,18,5,216,0,216,--,--,--,193,216,216,Algún campo sin dato,1,efb3e96d7f8a30ed43390a3770e1427938237c41e32ffcf8291e957d37f13942,25/06/2023 23:22:30,ESCANER
8993,"Santa Rosa",6,"Nueva Santa Rosa",14,1094,400,132,38,22,10,1,2,0,2,5,212,23,4,239,0,239,--,400,161,212,239,239,Algún campo sin dato,1,e014bae641e9a3480a3f90516cc9d0c3ef7150f092ae53b1dc9f20d8b2df7bf6,25/06/2023 22:31:18,ESCANER
8994,"Santa Rosa",6,"Nueva Santa Rosa",14,1094,400,115,23,24,9,1,3,0,3,2,180,20,5,205,0,205,--,397,192,180,205,205,Algún campo sin dato,1,f93831fd65f0e0bac25485a525dca173a91f43b4b85a4c99d7685c7da02d63be,25/06/2023 23:26:07,ESCANER
8995,"Santa Rosa",6,"Nueva Santa Rosa",14,1094,400,98,26,26,3,1,1,1,6,7,169,10,6,185,0,185,--,400,215,169,185,185,Algún campo sin dato,1,6d7e75361e26761a8fb8ee658aab250b5349c15cec4c35b739ab40408c28e77e,25/06/2023 23:04:47,ESCANER
8996,"Santa Rosa",6,"Nueva Santa Rosa",14,1094,400,92,24,18,4,1,2,0,7,5,153,11,3,167,0,167,--,400,233,153,167,167,Algún campo sin dato,1,536dd29c4c86f63ea7118c64a1d4e774a89b51edec258ae8281b2d6196d72036,25/06/2023 22:15:31,ESCANER
8997,"Santa Rosa",6,"Nueva Santa Rosa",14,1094,220,69,10,6,6,0,1,2,7,3,104,2,0,106,0,106,--,220,114,104,106,106,Algún campo sin dato,1,85e03010d09247b4f9c80f6877cc1eb886b35d193bdf92bbf1ccce7750a2a1ee,25/06/2023 22:26:39,ESCANER
8998,"Santa Rosa",6,"Nueva Santa Rosa",14,1094,220,42,18,4,2,1,1,0,2,2,72,7,0,79,0,79,--,--,--,72,79,79,Algún campo sin dato,1,5924e594ae03666c5c005036b7ea16381c05a0ee07a7b9b77da64b6223abfbbb,25/06/2023 20:44:21,ESCANER
8999,"Santa Rosa",6,"Nueva Santa Rosa",14,1095,400,99,30,42,4,2,2,2,8,7,196,19,5,220,0,220,--,397,177,196,220,220,Algún campo sin dato,1,7e8f89b11f3dd02131bf8948d1df8676202094a1b3199e627a9f95bf75b553e9,25/06/2023 23:12:29,ESCANER
9000,"Santa Rosa",6,"Nueva Santa Rosa",14,1095,400,123,18,28,1,3,5,1,12,8,199,32,1,232,1,233,--,404,171,199,232,233,Algún campo sin dato,1,77b0ffb476a17a079c859684619161e06d8fcc8af85d198340794cad79f43db6,25/06/2023 21:45:31,ESCANER
9001,"Santa Rosa",6,"Nueva Santa Rosa",14,1095,400,97,28,18,5,2,3,0,7,12,172,21,1,194,0,194,--,399,205,172,194,194,Algún campo sin dato,1,9a7a3de69b7fa3545d674f5c03bb27d94f06dc2c1a16e944c458b04741db1dbc,25/06/2023 23:05:20,ESCANER
9002,"Santa Rosa",6,"Nueva Santa Rosa",14,1095,268,65,18,10,0,2,3,0,7,11,116,14,1,131,4,135,--,268,133,116,131,135,Algún campo sin dato,1,f3120e7710464607cc4fff58cdd654449170bb3555815e35303aa72f7c4af5f3,25/06/2023 22:37:23,ESCANER
9003,"Santa Rosa",6,"Nueva Santa Rosa",14,1095,268,61,10,5,1,3,2,3,7,10,102,8,0,110,0,110,--,268,158,102,110,110,Algún campo sin dato,1,a54f7b5cccd251aa96423dcb65e8a07f1c053d2a47253e32d0dbbe5ed9de9be0,25/06/2023 23:43:03,ESCANER
9004,"Santa Rosa",6,"Nueva Santa Rosa",14,1096,400,125,17,37,3,0,3,1,5,10,201,23,7,231,0,231,--,400,169,201,231,231,Algún campo sin dato,1,ced37e36adf0afdff91760e08718e85c1ba4beee5afdd5a51bcd795525266a74,26/06/2023 02:46:43,ESCANER
9005,"Santa Rosa",6,"Nueva Santa Rosa",14,1096,342,113,16,29,1,0,2,1,1,7,170,12,4,186,0,186,--,342,156,170,186,186,Algún campo sin dato,1,b9a47c275adbf2cbe33097100d3ab81d91ee8e43812d4289008e5e5384d3a982,26/06/2023 00:55:50,ESCANER
9006,"Santa Rosa",6,"Nueva Santa Rosa",14,1096,342,95,12,12,4,0,1,1,6,12,143,10,2,155,0,155,--,342,187,143,155,155,Algún campo sin dato,1,95fa0e3a1ea67258921cc7f89bec0cfc6f3a80a4d7ea995ad56ef5daa5d56707,25/06/2023 22:28:13,ESCANER
9007,"Santa Rosa",6,"Nueva Santa Rosa",14,1097,380,79,17,43,0,2,3,0,3,47,194,22,2,218,0,218,--,377,159,194,218,218,Algún campo sin dato,1,5fc1b060d62fbfe8bfb336ce576fc9a1eb0cf5456ab04ace406db8c534a4242d,25/06/2023 23:58:47,ESCANER
9008,"Santa Rosa",6,"Nueva Santa Rosa",14,1097,380,86,13,48,1,1,0,2,3,28,184,17,4,205,0,205,--,380,175,182,203,203,Sumas Asentadas sin cuadrar,1,0d7328d1356f3ff35a17d60dbf00da059f7decb9c8b3f3547bf757d399d597ea,25/06/2023 22:17:49,ESCANER
9009,"Santa Rosa",6,"Nueva Santa Rosa",14,1097,380,91,14,54,2,1,2,0,4,34,202,14,1,217,0,217,--,380,163,202,217,217,Algún campo sin dato,1,e25830d2487500d9c3f1d7adeae3c255bba4d7b4c876e45b1c150a85613cc2e8,25/06/2023 22:55:22,ESCANER
9010,"Santa Rosa",6,"Nueva Santa Rosa",14,1097,380,85,11,33,3,0,2,1,0,48,183,13,3,199,--,199,--,380,181,183,199,199,Algún campo sin dato,1,31eabc619f8da1e4ffc0187a668b5762ec6c0d22aa3fed840ce9723613d2ddd0,25/06/2023 23:40:04,ESCANER
9011,"Santa Rosa",6,"Nueva Santa Rosa",14,1097,336,64,7,20,0,1,2,0,1,39,134,10,0,144,0,144,--,336,192,134,144,144,Algún campo sin dato,1,f6862ff5a18edfe7e87c7c212bfb5cf98dc9268555d7c53c6f998db083fa9843,25/06/2023 23:17:11,ESCANER
9012,"Santa Rosa",6,"Nueva Santa Rosa",14,1097,336,70,4,39,1,0,0,0,2,27,143,4,0,147,0,147,--,336,189,143,147,147,Algún campo sin dato,1,d1bee12490bacb4377f89f31b6d6b9ab18a08c2fec7139f8304545c7e1c67378,25/06/2023 23:25:12,ESCANER
9013,"Santa Rosa",6,"Nueva Santa Rosa",14,1098,380,105,29,42,2,1,0,1,0,4,184,24,3,211,0,211,--,380,169,184,211,211,Algún campo sin dato,1,0da1f7761105d104e006603b5be707f16fe5656f6e526abf69f7bcd192e8ffca,25/06/2023 23:22:29,ESCANER
9014,"Santa Rosa",6,"Nueva Santa Rosa",14,1098,380,101,33,41,4,2,0,0,0,6,187,24,38,219,0,219,--,380,161,187,249,249,Sumas Asentadas sin cuadrar,1,fdf9b23ca74a2f256d188b5905a25a8db9c0b5290bb8536f4ce81f9c46cac241,26/06/2023 01:34:52,ESCANER
9015,"Santa Rosa",6,"Nueva Santa Rosa",14,1098,380,99,31,55,4,0,0,3,0,12,204,19,3,226,0,226,--,380,154,204,226,226,Algún campo sin dato,1,39d846ac8085b76bcac193cc95a0f679c94df0b2fc5302a0cb48026d4f5267ac,26/06/2023 00:30:40,ESCANER
9016,"Santa Rosa",6,"Nueva Santa Rosa",14,1098,380,100,38,30,8,1,1,3,3,8,192,14,3,209,1,210,--,380,170,192,209,210,Algún campo sin dato,1,5c0df23453be51fe203e3f5512d65f22c6b11c87c437051d0252e10f4c02a6ff,25/06/2023 23:47:39,ESCANER
9017,"Santa Rosa",6,"Nueva Santa Rosa",14,1098,380,68,31,28,3,0,0,0,0,11,141,16,1,158,0,158,--,380,222,141,158,158,Algún campo sin dato,1,56698bffc1bf514a688f0e75ffe8dea0e02f01fee83787bafaaba185b7793a05,26/06/2023 00:40:21,ESCANER
9018,"Santa Rosa",6,"Nueva Santa Rosa",14,1098,380,67,36,30,3,0,0,1,1,4,142,12,2,156,0,156,--,380,224,142,156,156,Algún campo sin dato,1,85ca118a7f8537c26f7966ee94327c6a0c9bb911f71494d9087fb89ee1366464,25/06/2023 23:00:04,ESCANER
9019,"Santa Rosa",6,"Nueva Santa Rosa",14,1098,295,45,23,21,2,0,0,0,0,12,103,8,0,111,0,111,--,292,181,103,111,111,Algún campo sin dato,1,d55f9ef0c94e13bd314f229b2e3f250ac339637d2919968e43a35359eaecb28f,25/06/2023 23:39:25,ESCANER
9020,"Santa Rosa",6,"Nueva Santa Rosa",14,1098,295,50,25,25,2,1,0,0,0,4,107,8,2,117,0,117,--,295,178,107,117,117,Algún campo sin dato,1,12df4fea52a1f73abc910d1c32f94843f81bdcbba87a7dfab38d4062e6b5ec93,25/06/2023 22:45:19,ESCANER
9021,"Santa Rosa",6,"Nueva Santa Rosa",14,1099,380,75,48,90,0,0,1,1,1,12,228,18,0,246,0,246,--,380,134,228,246,246,Algún campo sin dato,1,8eac317614873bdfbb2c22812e00bc30e4a35b0fcf274a33f7932b5912c449f0,26/06/2023 02:03:04,ESCANER
9022,"Santa Rosa",6,"Nueva Santa Rosa",14,1099,380,79,62,97,0,2,0,0,1,3,244,11,2,257,0,257,--,380,123,244,257,257,Algún campo sin dato,1,26e056ffef4ada64434065d05f6338fd613ed54a5fdc9675ff68e476157a9e04,26/06/2023 02:27:57,ESCANER
9023,"Santa Rosa",6,"Nueva Santa Rosa",14,1099,380,91,56,100,3,4,0,0,1,6,261,11,3,275,0,275,--,380,105,261,275,275,Algún campo sin dato,1,4174de3e188b4473b8e9c537fe6ebab700ca8cdb61d7fffe436a911c556b4899,26/06/2023 02:10:38,ESCANER
9024,"Santa Rosa",6,"Nueva Santa Rosa",14,1099,380,80,66,113,5,1,2,0,0,10,277,7,1,285,0,285,--,379,94,277,285,285,Algún campo sin dato,1,da37cf3080fad9385083bcf8d28d36fe2ff27947b688950ccdbc9c626e56c5cf,26/06/2023 02:18:48,ESCANER
9025,"Santa Rosa",6,"Nueva Santa Rosa",14,1099,380,90,54,88,2,4,0,1,1,10,250,14,3,267,0,267,--,380,113,250,267,267,Algún campo sin dato,1,36b6e2e7f1162283601933c09c305c47dc8bfab96358d71acbb7ba2479dea482,26/06/2023 01:52:52,ESCANER
9026,"Santa Rosa",6,"Nueva Santa Rosa",14,1099,380,94,55,96,1,4,1,0,1,7,259,8,2,269,0,269,--,380,111,259,269,269,Algún campo sin dato,1,340775958220bde2a409a32cb23cf3efbaf7369435542c8d64659d4d800cf20d,26/06/2023 02:36:27,ESCANER
9027,"Santa Rosa",6,"Nueva Santa Rosa",14,1099,380,69,46,85,1,1,0,0,2,9,213,7,3,223,0,223,--,380,157,213,223,223,Algún campo sin dato,1,d7bbc37be37311c279ae52725ff8ec2762d6bc67d667abc657b35b4d7b9305c2,25/06/2023 21:55:29,ESCANER
9028,"Santa Rosa",6,"Nueva Santa Rosa",14,1099,380,76,57,66,1,1,0,0,0,8,209,12,6,227,0,227,--,380,153,209,227,227,Algún campo sin dato,1,ec9a2ecb46e2b225988e654d8ea42d2dab25c66e5cf14faa02eca06d3b67e1d2,25/06/2023 22:41:08,ESCANER
9029,"Santa Rosa",6,"Nueva Santa Rosa",14,1100,380,75,49,74,0,4,1,0,1,7,211,14,2,227,0,227,--,380,153,211,227,227,Algún campo sin dato,1,b36df860b12f251e109b701b46c154f0a2605e2eca612585aa4c73d46160097a,25/06/2023 23:59:15,ESCANER
9030,"Santa Rosa",6,"Nueva Santa Rosa",14,1100,380,73,46,69,--,3,--,--,1,6,198,10,0,208,0,208,1,380,171,198,208,208,Algún campo sin dato,1,a50a282546fd35fb7907f07c736e9e76df773b81dd82b8c6bed743240d965362,26/06/2023 02:03:22,ESCANER
9031,"Santa Rosa",6,"Nueva Santa Rosa",14,1100,332,55,48,61,0,2,1,0,0,11,178,3,0,181,0,181,--,329,149,178,181,181,Algún campo sin dato,1,6ae1324eeef8da4860959c91155e9548ee0ece97e39b82033cca45539d6a1147,26/06/2023 02:09:44,ESCANER
9032,"Santa Rosa",6,"Nueva Santa Rosa",14,1100,331,55,34,57,0,1,1,0,0,9,157,4,2,163,0,163,--,331,168,157,163,163,Algún campo sin dato,1,bc67b341f699c16d0a618c07051df4c63fc77da2e0d004f897b8a902abc711c8,25/06/2023 22:51:44,ESCANER
9033,"Santa Rosa",6,"Nueva Santa Rosa",14,1101,380,79,31,57,11,3,1,2,2,8,194,27,7,228,0,228,--,380,152,194,228,228,Algún campo sin dato,1,d6399c3bb8a9f854edcbf1c8b3e5ec99686de4c689ba89cc6e312c82574c2f50,25/06/2023 21:37:34,ESCANER
9034,"Santa Rosa",6,"Nueva Santa Rosa",14,1101,380,75,33,77,11,1,0,0,1,8,206,31,3,240,0,240,--,380,140,206,240,240,Algún campo sin dato,1,74b4d63a6a64c9e146387d38f5c829c7426f87db0b6c5b9410fd80d7eb126a40,25/06/2023 23:35:28,ESCANER
9035,"Santa Rosa",6,"Nueva Santa Rosa",14,1101,380,92,22,58,12,1,1,1,3,7,197,35,4,236,0,236,--,380,144,197,236,236,Algún campo sin dato,1,5ed0984dc3f4a7f668788ec0edb705666ff93b94a5ac42cc2c372c14909f1ced,26/06/2023 00:05:19,ESCANER
9036,"Santa Rosa",6,"Nueva Santa Rosa",14,1101,380,81,24,56,8,0,0,2,1,1,173,20,2,195,0,195,--,380,185,173,195,195,Algún campo sin dato,1,2edf0eafd771295d89063349fbbb02b69749d6d0b8317fdaf0a827718f51bda3,26/06/2023 00:47:39,ESCANER
9037,"Santa Rosa",6,"Nueva Santa Rosa",14,1101,256,42,15,39,5,0,0,0,0,4,105,12,3,120,0,120,--,256,136,105,120,120,Algún campo sin dato,1,984f5e802aca092220bc20ad355a94c5fef6a73606666d04753680afde23a4f9,25/06/2023 22:36:48,ESCANER
9038,"Santa Rosa",6,"Nueva Santa Rosa",14,1101,255,30,19,21,10,0,0,1,0,6,87,5,1,93,0,93,--,255,162,87,93,93,Algún campo sin dato,1,70af1cc20832316a834a5cbf9c302bd8594a6771a4ddafe0f66209a47609f9a6,25/06/2023 21:43:33,ESCANER
9039,"Santa Rosa",6,"Nueva Santa Rosa",14,1102,600,67,26,28,1,1,2,0,3,8,136,10,4,150,0,150,--,604,454,136,150,150,Algún campo sin dato,1,e4f51b8093d9f47da2fc7ef7f48c0356154d928c9f9071259d58615741e82fa8,25/06/2023 23:17:42,ESCANER
9040,"Santa Rosa",6,"Nueva Santa Rosa",14,1102,600,54,19,17,2,0,1,0,2,4,99,8,1,108,0,600,--,600,492,99,108,108,Sumas Asentadas sin cuadrar,1,5cf56531a3ebe8084732d15c441a05f4142c64c3dbfc75b541b205f9ffbd0d99,26/06/2023 00:49:11,ESCANER
9041,"Santa Rosa",6,"Nueva Santa Rosa",14,1102,508,30,9,8,3,0,0,0,1,2,53,3,2,58,0,58,--,509,451,53,58,58,Algún campo sin dato,1,caea8de92307d7cfdc7a4a66a0557fb291b6cc504a66bc3c157cf0fe2e1b7c5b,26/06/2023 01:20:41,ESCANER
9042,"Santa Rosa",6,"Nueva Santa Rosa",14,1102,508,13,2,7,1,--,1,--,1,2,27,1,0,28,0,28,--,512,484,27,28,28,Algún campo sin dato,1,530f4fb9ed2885860de4df4b0e926144c3f4ef1da2d09fa6ed1f0f204534b8e5,25/06/2023 21:11:23,ESCANER