﻿TIPO_DE_ELECCIÓN:,CORPORACIÓN MUNICIPAL
28 junio 2023 21:35 (UTC -6)
ACTAS_ESPERADAS,ACTAS_CAPTURADAS,PORCENTAJE_ACTAS_CAPTURADAS,ACTAS_CONTABILIZADAS,PORCENTAJE_ACTAS_CONTABILIZADAS,ACTAS_NO_CONTABILIZADAS,LISTA_NOMINAL_ACTAS_CONTABILIZADAS,VOTOS_EMITIDOS_CONTABILIZADAS,PORCENTAJE_PARTICIPACIÓN_CIUDADANA
50,50,100.0000,50,100.0000,0,18958,10911,57.5535

MESA,DEPARTAMENTO,ID_DEPARTAMENTO,MUNICIPIO,ID_MUNICIPIO,CENTRO_DE_VOTACIÓN,PADRÓN,PHG,CABAL,PPN,BIEN,UNE,VÁLIDOS,NULOS,BLANCO,EMITIDOS,INVÁLIDOS,TOTAL,IMPUGNACIONES,PAPELETAS-RECIBIDAS,PAPELETAS-NO-USADAS,VALIDOS_CALCULADO,EMITIDOS_CALCULADO,TOTAL_CALCULADO,OBSERVACIONES,CONTABILIZADA,CÓDIGO_INTEGRIDAD,FECHA_HORA_PUBLICACIÓN,DIGITALIZACIÓN
14747,"San Marcos",12,"La Blanca",30,2109,400,78,12,110,30,1,231,10,5,246,0,246,--,400,154,231,246,246,Algún campo sin dato,1,3eed46fa3973dfef78fe8c9775f88440accd9abcb527503543f5ca57d74cfe3f,26/06/2023 02:54:05,ESCANER
14748,"San Marcos",12,"La Blanca",30,2109,400,91,14,98,36,3,242,11,6,259,0,259,0,400,141,242,259,259,,1,bffde6d9bd67ea50281735577694cedbc87666a8c7c6b4825cceafc6b876d1f5,26/06/2023 00:54:14,ESCANER
14749,"San Marcos",12,"La Blanca",30,2109,400,72,13,102,27,0,214,8,6,228,0,228,--,400,172,214,228,228,Algún campo sin dato,1,e789b13496f7469635e0233ca172f2a2de0bc5f9b2b3507c0267f48e2403488f,26/06/2023 01:07:56,ESCANER
14750,"San Marcos",12,"La Blanca",30,2109,400,77,16,115,18,1,227,17,3,247,153,400,--,400,153,227,247,400,Algún campo sin dato,1,02367bf97e6b435f580f2e94e5956d84cf7263cd1050fa2ca50e8681c8f7d35d,26/06/2023 00:25:24,ESCANER
14751,"San Marcos",12,"La Blanca",30,2109,400,66,16,93,31,4,210,9,4,223,0,223,--,400,174,210,223,223,Algún campo sin dato,1,811c28c93b840938c00012c217e67da06e371bfbfae365be63f3633397b2c0ef,26/06/2023 03:00:07,ESCANER
14752,"San Marcos",12,"La Blanca",30,2109,400,71,13,107,29,2,222,5,1,228,0,228,1,400,171,222,228,228,,1,cd506283cceedf283bc5b7571389f7618f613f2d99fbdd21908efd206982796b,26/06/2023 01:42:36,ESCANER
14753,"San Marcos",12,"La Blanca",30,2109,241,46,7,70,15,1,139,2,1,142,0,142,--,241,99,139,142,142,Algún campo sin dato,1,5b601bcc830188fdb0428d45a90d7c400fcc1f3583557d9312a17f85fe88b016,26/06/2023 01:00:38,ESCANER
14754,"San Marcos",12,"La Blanca",30,2109,241,29,8,48,9,2,96,3,3,102,0,102,0,242,140,96,102,102,,1,6c40faf40f942f16e466a458d480e734086faa5d8534a30cb33510e3a67c03f6,25/06/2023 23:33:39,ESCANER
14755,"San Marcos",12,"La Blanca",30,2110,400,118,10,95,24,8,255,19,5,279,0,279,--,400,121,255,279,279,Algún campo sin dato,1,2603a225615519f33161019a1ad5129cc6eeb787f55584c8e43416ae8c9e69d4,26/06/2023 03:09:01,ESCANER
14756,"San Marcos",12,"La Blanca",30,2110,400,111,10,118,22,1,262,13,7,282,0,282,--,400,118,262,282,282,Algún campo sin dato,1,d95056970049d92ec5ada8e2ea0e4318dd1d7c917d2b14981a4f2ed45a5ac646,26/06/2023 03:08:13,ESCANER
14757,"San Marcos",12,"La Blanca",30,2110,400,87,20,119,26,8,260,15,3,278,0,278,2,400,120,260,278,278,,1,fbc3de0ce0fd5485a6a1c8b26fd665d09a3f1b747892d76d4a2d71e941b876cb,26/06/2023 01:38:16,ESCANER
14758,"San Marcos",12,"La Blanca",30,2110,400,99,10,124,29,1,263,14,0,277,0,277,--,410,133,263,277,277,Algún campo sin dato,1,24488b0800c0144eac51415bd49b0aaf8144abbe647c175bb071cdc91cd757e1,26/06/2023 02:02:37,ESCANER
14759,"San Marcos",12,"La Blanca",30,2111,400,80,23,125,23,2,253,15,5,273,0,273,--,400,127,253,273,273,Algún campo sin dato,1,d4d5b8edebf413144d8a1b3c904ddbbee5359941ee590eaaece6422b1dce69b4,26/06/2023 02:22:18,ESCANER
14760,"San Marcos",12,"La Blanca",30,2111,400,89,9,105,28,2,233,4,0,237,0,237,--,400,163,233,237,237,Algún campo sin dato,1,f63de3f7b9c82c02d4c45617d1e11bc00c7e2516e19d9d0f996c52c9c4913741,26/06/2023 02:21:30,ESCANER
14761,"San Marcos",12,"La Blanca",30,2111,400,101,10,100,21,2,234,14,1,249,0,249,1,400,151,234,249,249,,1,11da04c227ad4319105959044226635dc98ac7d35b7e2ecaa8b2975df196e4c3,26/06/2023 02:24:02,ESCANER
14762,"San Marcos",12,"La Blanca",30,2111,400,98,11,93,30,4,236,10,3,249,0,249,1,400,150,236,249,249,,1,1e7ce3192873a8d612110c964f89df12cbdc286277136bfb1122db656291748b,26/06/2023 03:20:38,ESCANER
14763,"San Marcos",12,"La Blanca",30,2111,400,90,11,95,37,3,146,18,9,--,0,--,2,400,135,236,263,263,Sumas Asentadas sin cuadrar,1,6e577b25bf7515444254cd23ace0e9f41804f234b4d7bac48703d14e9159474e,26/06/2023 02:32:23,ESCANER
14764,"San Marcos",12,"La Blanca",30,2111,400,101,17,95,24,8,263,13,5,0,0,400,3,400,133,245,263,263,Sumas Asentadas sin cuadrar,1,43fe59ce4883affed56faa6a7256078b9b2a74af7f81fbdb910c0a2fee0991b4,26/06/2023 02:25:01,ESCANER
14765,"San Marcos",12,"La Blanca",30,2111,400,77,13,121,21,3,235,12,2,249,0,249,--,400,151,235,249,249,Algún campo sin dato,1,c7d98422631882eb88d6d8843c65a874c69e80c5da5013bdcbb6c0cbef0ec2d6,26/06/2023 04:19:23,ESCANER
14766,"San Marcos",12,"La Blanca",30,2111,400,69,15,77,23,3,187,15,7,215,0,215,5,400,193,187,209,209,Sumas Asentadas sin cuadrar,1,fef95bd6d941e83f8f6afbd9a9d89c18d0d6b934c31d0e3df05713b72788984a,26/06/2023 02:18:34,ESCANER
14767,"San Marcos",12,"La Blanca",30,2111,400,84,12,97,21,1,215,8,1,224,2,226,2,409,183,215,224,226,,1,29c40788584665f7f572cd18c496a43d15d99093f436df4f5c978f8f70ca5eba,26/06/2023 01:27:42,ESCANER
14768,"San Marcos",12,"La Blanca",30,2111,400,93,8,104,34,0,239,4,1,244,0,244,2,400,154,239,244,244,,1,602e07b76ef4db938752dff0703071fae00463f24f8173087ffec4ce00e85db5,26/06/2023 02:11:07,ESCANER
14769,"San Marcos",12,"La Blanca",30,2111,400,83,13,114,20,1,231,7,2,240,0,240,1,400,159,231,240,240,,1,c0e8e3899e8510e306b3f3eb036bb57f673b85e807e07627744513bc1e1c48f5,26/06/2023 02:29:58,ESCANER
14770,"San Marcos",12,"La Blanca",30,2111,295,50,10,67,14,1,142,11,1,154,0,154,--,295,141,142,154,154,Algún campo sin dato,1,4dcf2373e8d11c6de85ee43782ddc8a6bf445d2261ca14e2b0e84cac44d70bda,26/06/2023 02:18:00,ESCANER
14771,"San Marcos",12,"La Blanca",30,2112,295,32,10,62,11,2,117,11,5,133,0,133,--,292,159,117,133,133,Algún campo sin dato,1,056756540d7a5aa166f8bc3d8187d26aa75fb97fd4fe69e08f8d7fbf1d4e1964,26/06/2023 01:17:28,ESCANER
14772,"San Marcos",12,"La Blanca",30,2113,400,42,26,91,26,5,190,22,8,220,0,220,1,400,179,190,220,220,,1,ec269da61b7d3ca4c6cdaec4a85be16b6110ec05d64f9c31381dc4e5d89903f5,26/06/2023 01:27:14,ESCANER
14773,"San Marcos",12,"La Blanca",30,2113,400,58,22,86,34,4,204,18,3,225,0,225,--,399,174,204,225,225,Algún campo sin dato,1,ff13edab1ef12775a1aa33fc0adf9d1cac32a0b062523e35c17f258ef4d5a94d,26/06/2023 01:39:26,ESCANER
14774,"San Marcos",12,"La Blanca",30,2113,400,41,31,75,45,6,198,14,5,217,0,217,--,400,183,198,217,217,Algún campo sin dato,1,06ce1a8a313e26c65116fcd2df11569af43ab2550a266e1821543fdbce8d8c5c,26/06/2023 01:45:13,ESCANER
14775,"San Marcos",12,"La Blanca",30,2113,400,31,26,95,26,4,182,17,198,397,0,397,3,400,198,182,397,397,,1,47245c6c650dbdf1747f76fc05d63eb26f6381d707355df984959e9f346a2d95,26/06/2023 01:48:17,ESCANER
14776,"San Marcos",12,"La Blanca",30,2113,400,44,30,69,24,4,171,4,9,184,0,184,4,400,212,171,184,184,,1,cac1fcbdda502b5c3f9e7da25f640055c7e1e9f54e0ab1c966dc20a78672b1c0,26/06/2023 01:38:18,ESCANER
14777,"San Marcos",12,"La Blanca",30,2113,400,46,23,73,34,8,184,17,3,204,0,204,2,400,194,184,204,204,,1,3b9c99b5a115e546686d60f7390f1ccfde02a9b02150f40f5ff0dfd6843bf66a,26/06/2023 01:46:02,ESCANER
14778,"San Marcos",12,"La Blanca",30,2113,400,46,22,85,22,4,179,25,6,210,0,210,--,400,190,179,210,210,Algún campo sin dato,1,10fbfd3daf88fe8127149af2fb68ebd302d986f6b1a7f29f0bbd5bf4e4f88543,26/06/2023 01:54:27,ESCANER
14779,"San Marcos",12,"La Blanca",30,2113,400,37,30,76,31,5,179,23,3,205,0,205,--,400,195,179,205,205,Algún campo sin dato,1,8005794792cd783b1dc0295f9dd57c87828949faac0331116e3c10048aee4cc7,26/06/2023 01:57:47,ESCANER
14780,"San Marcos",12,"La Blanca",30,2113,400,43,23,60,32,5,163,14,3,181,0,181,1,400,219,163,180,180,Sumas Asentadas sin cuadrar,1,c264ddcca5df55410acabc9b14e9d25831cc3f7f84436e3d7d8a11657a89b129,26/06/2023 02:10:10,ESCANER
14781,"San Marcos",12,"La Blanca",30,2113,400,43,22,80,32,1,178,7,1,186,0,272,--,--,--,178,186,186,Sumas Asentadas sin cuadrar,1,dcf4ce741196f81c25c35404dad2b71f967e127b3799e3a26c10463fc53ae22f,26/06/2023 04:19:02,ESCANER
14782,"San Marcos",12,"La Blanca",30,2113,400,56,19,102,32,2,211,10,2,223,0,223,1,400,176,211,223,223,,1,c7171258055404d18ce5bd5c8d81d005b09422e705ff4516c3b97a0337de235d,26/06/2023 02:29:27,ESCANER
14783,"San Marcos",12,"La Blanca",30,2113,266,30,15,58,10,3,116,6,0,122,0,122,--,266,144,116,122,122,Algún campo sin dato,1,6a666489713245ccc7dc177d04c76047a6bedbd487608cb5ac1096e416f73f19,26/06/2023 04:22:37,ESCANER
14784,"San Marcos",12,"La Blanca",30,2113,265,19,15,32,10,0,76,3,2,81,0,81,7,265,177,76,81,81,,1,daf193e8d03f6dc1110084ff15a6c23ba064cc0f67826b7e07bac35ac04a909f,26/06/2023 02:23:00,ESCANER
14785,"San Marcos",12,"La Blanca",30,2114,400,61,30,81,25,10,207,18,4,229,0,229,--,400,171,207,229,229,Algún campo sin dato,1,f20829c9d61079b64bde93b65f4a5a41d2fa1cd18f8514cd1ab33649fcc40faf,26/06/2023 01:59:31,ESCANER
14786,"San Marcos",12,"La Blanca",30,2114,400,81,24,111,18,7,241,20,5,266,0,266,3,--,--,241,266,266,Algún campo sin dato,1,c71cbc151e37037580f956db89b1eed38d407fcd496ab4c503bea1b6e04f5be7,26/06/2023 02:01:08,ESCANER
14787,"San Marcos",12,"La Blanca",30,2114,400,105,22,80,20,5,232,25,5,262,0,--,--,400,138,232,262,262,Algún campo sin dato,1,fec2014a5cfba2df40a6119406ce265ee0f0ea6af9737fa45278d94a8c162a70,26/06/2023 02:02:07,ESCANER
14788,"San Marcos",12,"La Blanca",30,2114,400,65,23,86,18,2,194,8,4,206,0,206,--,400,194,194,206,206,Algún campo sin dato,1,17794ce06b68bdbbff7e93a14e73be5abffd46cf86bd7b61c073f41e3b0b78cf,26/06/2023 02:04:05,ESCANER
14789,"San Marcos",12,"La Blanca",30,2114,400,56,22,72,21,7,178,13,5,196,0,196,3,400,201,178,196,196,,1,00171a07a4ceb82a6471a9d4e601307b6756d6c9b37f80927d4d6ef664fd6256,26/06/2023 02:06:24,ESCANER
14790,"San Marcos",12,"La Blanca",30,2114,400,79,23,73,20,5,200,12,2,214,0,215,1,400,185,200,214,214,Sumas Asentadas sin cuadrar,1,9c5e47ce2bfbde474c0737a60cb5d3146eceed92053658461cd6c5ee8d6bd28a,26/06/2023 02:22:07,ESCANER
14791,"San Marcos",12,"La Blanca",30,2114,400,59,19,95,12,8,193,19,6,218,0,218,--,401,183,193,218,218,Algún campo sin dato,1,672891a4a02917fc0f445774134b19b9665a6d5b8c6f6f35ad34874f25834770,26/06/2023 02:13:27,ESCANER
14792,"San Marcos",12,"La Blanca",30,2114,400,68,23,81,16,3,191,12,5,208,190,398,2,400,191,191,208,398,,1,312d539666bbb358b0216e7a6049edd9f35160a27a535119af7a440426b8473b,26/06/2023 02:04:41,ESCANER
14793,"San Marcos",12,"La Blanca",30,2114,400,70,22,89,18,4,203,13,4,220,0,221,1,400,179,203,220,220,Sumas Asentadas sin cuadrar,1,ebf830f2ccd01ac7888c31b0450c9e151bbaefba9a6ad6e46a55c4c32ffe764d,26/06/2023 02:30:38,ESCANER
14794,"San Marcos",12,"La Blanca",30,2114,400,75,28,91,26,0,220,7,2,229,0,229,--,400,171,220,229,229,Algún campo sin dato,1,f1bcf1930419ab73724a7a92182fd87536f1b84a190e362fdc1cbed8e5435add,26/06/2023 02:35:38,ESCANER
14795,"San Marcos",12,"La Blanca",30,2114,278,47,16,54,8,5,130,4,1,135,0,135,8,278,135,130,135,135,,1,bad435c351026b0583405f5edced0530789801b97e84876f182d455caf7abbd2,26/06/2023 02:31:03,ESCANER
14796,"San Marcos",12,"La Blanca",30,2114,277,25,5,52,5,3,90,6,0,96,0,96,2,277,179,90,96,96,,1,745416bb0b47c9b50fcd5b81a165db3b2718ee6cb7062cad135353b9f23b175c,26/06/2023 02:31:29,ESCANER