﻿TIPO_DE_ELECCIÓN:,CORPORACIÓN MUNICIPAL
28 junio 2023 21:35 (UTC -6)
ACTAS_ESPERADAS,ACTAS_CAPTURADAS,PORCENTAJE_ACTAS_CAPTURADAS,ACTAS_CONTABILIZADAS,PORCENTAJE_ACTAS_CONTABILIZADAS,ACTAS_NO_CONTABILIZADAS,LISTA_NOMINAL_ACTAS_CONTABILIZADAS,VOTOS_EMITIDOS_CONTABILIZADAS,PORCENTAJE_PARTICIPACIÓN_CIUDADANA
32,32,100.0000,32,100.0000,0,12853,8809,68.5365

MESA,DEPARTAMENTO,ID_DEPARTAMENTO,MUNICIPIO,ID_MUNICIPIO,CENTRO_DE_VOTACIÓN,PADRÓN,CABAL,UNE,MLP,PPN,ELEFANTE,VAMOS,AZUL,MI FAMILIA,UR,CREO,VIVA,VALOR UNIONISTA,VÁLIDOS,NULOS,BLANCO,EMITIDOS,INVÁLIDOS,TOTAL,IMPUGNACIONES,PAPELETAS-RECIBIDAS,PAPELETAS-NO-USADAS,VALIDOS_CALCULADO,EMITIDOS_CALCULADO,TOTAL_CALCULADO,OBSERVACIONES,CONTABILIZADA,CÓDIGO_INTEGRIDAD,FECHA_HORA_PUBLICACIÓN,DIGITALIZACIÓN
5827,"Sacatepéquez",2,"Alotenango",14,606,400,53,29,3,28,64,41,9,11,5,17,1,7,268,11,2,281,0,281,--,400,119,268,281,281,Algún campo sin dato,1,fdab4251d81f688e8b0fc34c39a830ea59419bcab5f24366910ea1c09a706992,26/06/2023 00:32:41,ESCANER
5828,"Sacatepéquez",2,"Alotenango",14,606,400,34,29,1,43,70,39,5,8,6,13,9,1,258,14,2,274,0,274,--,400,126,258,274,274,Algún campo sin dato,1,a7970ca11c141791d6932b8c5eb430a47a72cf6df0dd32f66767d2cef8b67b31,25/06/2023 23:10:12,ESCANER
5829,"Sacatepéquez",2,"Alotenango",14,606,400,25,25,5,28,77,46,9,8,2,26,9,5,265,10,1,276,0,276,--,400,124,265,276,276,Algún campo sin dato,1,f85feec052e910a75f6b3ad3f86df25bd817664eab13a09abec9d790bf5f26f8,26/06/2023 00:49:43,ESCANER
5830,"Sacatepéquez",2,"Alotenango",14,606,400,35,24,3,33,63,59,5,4,2,18,8,5,259,10,10,279,0,279,--,400,121,259,279,279,Algún campo sin dato,1,844a73a205bef9a203fe63286afd29dd03f5a42edc2ad3c1774191eb337c0ee9,26/06/2023 00:05:07,ESCANER
5831,"Sacatepéquez",2,"Alotenango",14,606,400,32,32,3,28,80,38,7,7,0,25,10,3,265,13,6,284,0,284,--,399,115,265,284,284,Algún campo sin dato,1,50098ad5bc321f11b27bb18c722d92a94e1db5c295158a2cdba03dc916ba0ebb,26/06/2023 01:24:29,ESCANER
5832,"Sacatepéquez",2,"Alotenango",14,606,400,51,27,3,20,78,40,6,6,3,30,6,3,273,12,7,292,0,292,--,400,108,273,292,292,Algún campo sin dato,1,e9b7b5d96aa21accdac70d3f5e1680b2ea18e31a652f0ff0bbb33e4340d4bef2,25/06/2023 23:24:53,ESCANER
5833,"Sacatepéquez",2,"Alotenango",14,606,400,46,34,0,39,82,42,3,11,0,18,6,4,285,8,4,297,0,297,--,399,102,285,297,297,Algún campo sin dato,1,01422497b1fa2a730580f9d4ddf2bcf2128d51adec0a45d458beeb692aea12c2,26/06/2023 00:04:06,ESCANER
5834,"Sacatepéquez",2,"Alotenango",14,606,400,44,31,9,23,60,49,2,5,6,31,11,4,275,9,9,293,0,293,--,400,293,275,293,293,Algún campo sin dato,1,c88b56992a207c0a7f8ba99af8d1995f737c59c736ea3547527a8fcf5dfcb641,26/06/2023 02:04:55,ESCANER
5835,"Sacatepéquez",2,"Alotenango",14,606,400,53,35,0,35,48,48,3,9,1,27,5,5,269,16,9,--,--,269,--,396,102,269,294,294,Sumas Asentadas sin cuadrar,1,eecf24876795dc758800676fdecf582d7b0ccae61bdf80a9a19af36a7190b129,26/06/2023 05:04:43,ESCANER
5836,"Sacatepéquez",2,"Alotenango",14,606,400,42,48,1,13,75,42,4,9,2,23,7,3,269,14,11,294,--,--,--,400,106,269,294,294,Algún campo sin dato,1,b9fb981e456937865404036c4d2f45536f51255cf637838571f078a3478db731,25/06/2023 23:56:40,ESCANER
5837,"Sacatepéquez",2,"Alotenango",14,606,400,39,39,4,27,63,58,4,10,1,25,6,3,279,15,12,306,0,306,--,400,94,279,306,306,Algún campo sin dato,1,e6018f58bae5a315fe1deac75c3d45b8b94e6a735d3489cb797fcfa40e27953a,25/06/2023 23:52:25,ESCANER
5838,"Sacatepéquez",2,"Alotenango",14,606,400,47,38,3,25,51,71,6,2,5,26,5,4,283,15,1,299,0,299,--,400,101,283,299,299,Algún campo sin dato,1,2eed7a11f4544044a11b59df57b15d519e8b567b00c7a6d087af300960e2272c,25/06/2023 22:59:34,ESCANER
5839,"Sacatepéquez",2,"Alotenango",14,607,400,38,38,6,32,69,48,3,9,4,16,8,4,275,2,2,279,0,279,--,400,121,275,279,279,Algún campo sin dato,1,7379063c59ebb2a8741b11d80802a4031048fe89c7c0fdea1b4dabba0bde2843,26/06/2023 00:49:12,ESCANER
5840,"Sacatepéquez",2,"Alotenango",14,607,400,48,27,5,36,58,55,6,3,0,24,6,11,279,7,2,288,0,288,--,400,112,279,288,288,Algún campo sin dato,1,0f5fc40d53838579d0b91e44c7d3a156d2aa88524a109ee19ce0531637917652,26/06/2023 01:31:39,ESCANER
5841,"Sacatepéquez",2,"Alotenango",14,607,400,51,30,4,29,68,44,9,10,2,22,3,3,275,8,2,285,0,285,--,400,115,275,285,285,Algún campo sin dato,1,bc2b5ec2ed864822c0f3b6dfd9ce112ae5fa4326d53d5270a80209f9a844832f,26/06/2023 01:15:00,ESCANER
5842,"Sacatepéquez",2,"Alotenango",14,607,400,32,37,5,31,60,49,1,15,2,18,8,3,261,9,1,271,0,271,--,400,129,261,271,271,Algún campo sin dato,1,6f2feb440e969acb19a1a9ddd3a0dacd16df9097e7a5f67de5fc40416d281251,26/06/2023 01:24:49,ESCANER
5843,"Sacatepéquez",2,"Alotenango",14,608,400,44,37,5,31,51,46,7,5,1,23,9,9,268,10,2,280,0,280,--,400,120,268,280,280,Algún campo sin dato,1,83c2718ca6527a0c47b65ff436c82f8fc2daa5896915386521e019090902183b,26/06/2023 00:11:54,ESCANER
5844,"Sacatepéquez",2,"Alotenango",14,608,400,49,26,4,31,64,42,7,5,6,27,6,6,273,8,8,289,0,289,--,400,111,273,289,289,Algún campo sin dato,1,1d45a42c317a9c5bb5a2a65d690b212493be5da6eb475dc4e45f21f97d91c49c,26/06/2023 00:56:06,ESCANER
5845,"Sacatepéquez",2,"Alotenango",14,608,400,42,18,1,35,62,47,9,11,1,19,8,7,260,11,1,272,0,272,--,398,126,260,272,272,Algún campo sin dato,1,95a137e2b70086a99960341d206925ab0fc8ebea815fb9f7192b984fd0814b57,25/06/2023 23:50:00,ESCANER
5846,"Sacatepéquez",2,"Alotenango",14,608,400,43,27,3,35,57,47,6,6,3,24,4,9,264,10,3,277,0,277,--,400,123,264,277,277,Algún campo sin dato,1,e181a440e493e6363e6887067f93b1c281fcabae3a122548eeea44f1b1cb4e4e,25/06/2023 21:55:18,ESCANER
5847,"Sacatepéquez",2,"Alotenango",14,608,400,47,33,4,23,69,34,6,4,3,18,11,8,260,14,3,277,0,277,--,400,123,260,277,277,Algún campo sin dato,1,025f52d622a285ae2820ecdb9398044dde74b6fc73ad3874bf56b163e911a521,26/06/2023 02:58:34,ESCANER
5848,"Sacatepéquez",2,"Alotenango",14,608,400,46,25,5,28,66,31,4,9,2,24,6,7,253,12,4,269,0,269,--,399,130,253,269,269,Algún campo sin dato,1,e4a8bb0be88cd0c20635d9bd405bdc99132ace8c75cea9cc360c8f56dc9c60d1,26/06/2023 00:47:04,ESCANER
5849,"Sacatepéquez",2,"Alotenango",14,609,400,52,29,3,34,58,41,5,7,2,12,5,5,253,7,5,265,0,265,--,398,133,253,265,265,Algún campo sin dato,1,5193320f10c2fa6a865ddbd3f2e6c9eaaa4aaad409b18fa82fbd68920d657765,26/06/2023 01:27:47,ESCANER
5850,"Sacatepéquez",2,"Alotenango",14,609,400,41,36,5,30,50,40,5,7,3,14,11,2,244,9,3,256,0,256,--,399,143,244,256,256,Algún campo sin dato,1,eced087e4fcf4f46db3d3986be4d5a83cb976fd8091aabb5cca5766adc7371be,26/06/2023 01:04:54,ESCANER
5851,"Sacatepéquez",2,"Alotenango",14,609,400,42,32,3,25,54,45,7,6,3,27,4,2,250,8,5,263,0,263,--,401,138,250,263,263,Algún campo sin dato,1,9f2971c543ed7c38cb5264a2f979da184f1e4b9c95fc260cfda44ac717fd8d69,26/06/2023 00:30:17,ESCANER
5852,"Sacatepéquez",2,"Alotenango",14,609,400,64,25,3,21,70,57,8,5,4,33,4,8,302,5,0,307,0,307,--,397,90,302,307,307,Algún campo sin dato,1,ddc076069fe8605e79e79f92739299656d9770f076439f89012a64cd149b9526,26/06/2023 00:44:24,ESCANER
5853,"Sacatepéquez",2,"Alotenango",14,609,400,67,16,7,27,71,46,3,5,2,25,4,9,282,7,2,291,0,291,--,400,109,282,291,291,Algún campo sin dato,1,8697ef7a38403e4439601d71d43151f9d7341ba7f4ec09c4d34c641150667093,25/06/2023 23:54:39,ESCANER
5854,"Sacatepéquez",2,"Alotenango",14,609,400,50,30,2,25,58,50,8,9,5,30,6,7,280,4,3,287,0,287,--,400,113,280,287,287,Algún campo sin dato,1,6633f3f7af85a0b8a0b3656e93499b05e77db9be9a5ff96a5ca99dffab544aee,26/06/2023 00:51:53,ESCANER
5855,"Sacatepéquez",2,"Alotenango",14,609,275,35,27,1,25,34,22,3,7,1,13,4,6,178,4,3,185,0,185,--,275,90,178,185,185,Algún campo sin dato,1,bd17933b0ae9986e97a29ef2f967b3808672d9532cf4dc283799f35bd4360737,25/06/2023 22:38:07,ESCANER
5856,"Sacatepéquez",2,"Alotenango",14,609,274,36,16,1,26,35,25,2,7,1,14,4,4,171,2,1,174,0,--,--,274,100,171,174,174,Algún campo sin dato,1,acba0094c82af6e21b0c69f010268ae910f2837b38a637b4247b39d0e5e78184,25/06/2023 23:22:18,ESCANER
5857,"Sacatepéquez",2,"Alotenango",14,610,552,34,34,3,18,65,54,2,3,1,17,19,7,257,20,6,283,0,283,--,--,--,257,283,283,Algún campo sin dato,1,ee4007959aa0ee72dba2e446998407560ed36fedad07656be5b40037a6e7db76,26/06/2023 00:25:32,ESCANER
5858,"Sacatepéquez",2,"Alotenango",14,610,552,33,25,4,24,53,45,4,5,4,15,5,3,220,17,5,242,0,242,--,549,307,220,242,242,Algún campo sin dato,1,b913ae61349fb11ff690458d6c8ce7c4048e289e34a006a0ddec27448bf4fedb,26/06/2023 00:12:17,ESCANER