﻿TIPO_DE_ELECCIÓN:,CORPORACIÓN MUNICIPAL
28 junio 2023 21:35 (UTC -6)
ACTAS_ESPERADAS,ACTAS_CAPTURADAS,PORCENTAJE_ACTAS_CAPTURADAS,ACTAS_CONTABILIZADAS,PORCENTAJE_ACTAS_CONTABILIZADAS,ACTAS_NO_CONTABILIZADAS,LISTA_NOMINAL_ACTAS_CONTABILIZADAS,VOTOS_EMITIDOS_CONTABILIZADAS,PORCENTAJE_PARTICIPACIÓN_CIUDADANA
31,30,96.7741,30,96.7741,0,10384,5299,51.0304

MESA,DEPARTAMENTO,ID_DEPARTAMENTO,MUNICIPIO,ID_MUNICIPIO,CENTRO_DE_VOTACIÓN,PADRÓN,PHG,CABAL,VAMOS,UR,UNE,VIVA,PPN,VÁLIDOS,NULOS,BLANCO,EMITIDOS,INVÁLIDOS,TOTAL,IMPUGNACIONES,PAPELETAS-RECIBIDAS,PAPELETAS-NO-USADAS,VALIDOS_CALCULADO,EMITIDOS_CALCULADO,TOTAL_CALCULADO,OBSERVACIONES,CONTABILIZADA,CÓDIGO_INTEGRIDAD,FECHA_HORA_PUBLICACIÓN,DIGITALIZACIÓN
14559,"San Marcos",12,"Ixchiguán",23,2047,400,3,78,71,12,7,1,2,174,20,6,200,0,200,0,400,200,174,200,200,,1,a3672bd5c4b31666684cd8c7e01c190155c08e39980ec0ea0b4f267e77f59b7a,25/06/2023 23:26:51,ESCANER
14560,"San Marcos",12,"Ixchiguán",23,2047,400,2,136,57,15,4,7,2,223,14,5,242,0,242,0,400,158,223,242,242,,1,7ebada3ed28a3f6f9f0c7dd44e7d2182c0d9fa9e26dbf721704a8ffcf7900af5,26/06/2023 00:58:56,ESCANER
14561,"San Marcos",12,"Ixchiguán",23,2047,400,,,,,,,,,,,,,,,,,,,,,0,,,
14562,"San Marcos",12,"Ixchiguán",23,2047,400,3,132,52,43,3,3,1,237,15,9,261,0,261,0,400,139,237,261,261,,1,a58c349bb398ab36e6af81c594b7a4c679a793476f2819836543880b5f714fc3,26/06/2023 00:26:48,ESCANER
14563,"San Marcos",12,"Ixchiguán",23,2047,400,5,136,60,17,4,3,5,230,6,2,238,--,--,--,400,162,230,238,238,Algún campo sin dato,1,f0a47166cc8272c44143c36f4cff797472fe07bd5251c9ba832bd6173e24d392,26/06/2023 04:31:33,ESCANER
14564,"San Marcos",12,"Ixchiguán",23,2047,400,8,80,46,11,0,2,2,149,8,3,160,0,160,0,400,240,149,160,160,,1,5126a9495b7ecdba96c71e12dc0e6443d4eb75eb28326a16c27c383c7041e259,26/06/2023 02:36:41,ESCANER
14565,"San Marcos",12,"Ixchiguán",23,2047,400,0,106,39,16,1,3,7,181,0,3,172,6,181,0,400,219,172,175,181,Sumas Asentadas sin cuadrar,1,ee4c783bf4de736c1d8d3408d0a9ad5b208217a0988c4099e132c44ef7d01a7c,26/06/2023 02:34:53,MOVIL
14566,"San Marcos",12,"Ixchiguán",23,2047,232,1,58,24,16,0,1,4,104,2,0,106,0,106,0,232,126,104,106,106,,1,674ca67d2d51474cc281e01b90dd66bc0696e5405bf36d003c7c78f2553b787e,25/06/2023 23:12:25,ESCANER
14567,"San Marcos",12,"Ixchiguán",23,2047,232,1,47,26,12,1,5,0,92,1,1,94,0,94,0,232,135,92,94,94,,1,a2ce25c5b0ecf65d843746976ab049822471af6c0d2e26433d4c154e6bff0ca0,25/06/2023 23:10:29,ESCANER
14568,"San Marcos",12,"Ixchiguán",23,2048,380,14,68,94,6,5,3,1,191,19,7,217,0,217,0,380,163,191,217,217,,1,99fc4fcab2a9b91c180d340cf1eeaac9f4a65211259f58a48d1fcaf40b487fc4,26/06/2023 01:29:45,ESCANER
14569,"San Marcos",12,"Ixchiguán",23,2048,244,6,56,33,2,3,3,0,103,8,2,113,0,113,0,244,131,103,113,113,,1,3a703d05eea3d01dbaa918fd5fd9fb0ee45cc5670a86a7146e2106a8ca31e30e,26/06/2023 01:36:18,ESCANER
14570,"San Marcos",12,"Ixchiguán",23,2048,243,9,47,48,2,1,2,1,110,12,4,126,0,126,1,243,116,110,126,126,,1,023b12d54eabc21dda18813c85e62aa979d9b521e0428f8f89428b96bbb71eb7,26/06/2023 01:43:18,ESCANER
14571,"San Marcos",12,"Ixchiguán",23,2049,380,13,82,60,9,5,12,8,189,15,8,212,0,212,0,380,168,189,212,212,,1,b6d5be84c723a553165e722698b467323c59a6e0f7b454911f0f5f36700eeca1,26/06/2023 00:05:13,MOVIL
14572,"San Marcos",12,"Ixchiguán",23,2049,380,9,101,57,7,4,16,8,202,36,5,243,0,243,0,380,137,202,243,243,,1,37fe63587cef88c77c57b0194263dfee9565f4216438010c1da0d39e95599077,26/06/2023 02:06:24,MOVIL
14573,"San Marcos",12,"Ixchiguán",23,2050,380,14,48,74,22,2,6,1,167,23,7,197,0,197,--,380,180,167,197,197,Algún campo sin dato,1,9f65b8db072f8e0071aae339e159842437d05e4d0b0deaad7b479bd862960bfb,26/06/2023 01:18:05,MOVIL
14574,"San Marcos",12,"Ixchiguán",23,2050,202,4,42,32,3,1,8,3,93,9,3,105,0,105,--,202,97,93,105,105,Algún campo sin dato,1,5aa7bfea7fead078b02cf411b8578c048afd3e137b842ecc89b20f07c22f467a,26/06/2023 01:18:46,MOVIL
14575,"San Marcos",12,"Ixchiguán",23,2050,202,5,41,24,9,1,3,3,86,2,2,90,0,90,--,202,112,86,90,90,Algún campo sin dato,1,6eb6b9c09705126ebacf26f223e7a78cde5f1f380726680c21a340aa2c2de4a4,26/06/2023 01:13:40,MOVIL
14576,"San Marcos",12,"Ixchiguán",23,2051,380,4,116,61,1,4,15,9,210,19,5,234,0,234,--,380,146,210,234,234,Algún campo sin dato,1,566850b763a4e4fc6d5aedc94a5e7ef0dc57f0eb6fc9f8553e67f8a1597c5f5e,26/06/2023 01:52:07,ESCANER
14577,"San Marcos",12,"Ixchiguán",23,2051,380,5,90,48,5,6,22,7,183,18,6,207,0,207,0,380,173,183,207,207,,1,f73d60a5aa0c93486ada005802a3d74e52c78eb99df8a78bdb5ba4b9e3f21a6d,26/06/2023 02:03:30,ESCANER
14578,"San Marcos",12,"Ixchiguán",23,2051,295,4,68,32,2,1,6,11,124,11,3,138,0,138,0,295,157,124,138,138,,1,af1891876162965980fb709ea8fc596e34620dcfa0007c394bcc8e497f455e41,26/06/2023 01:43:30,ESCANER
14579,"San Marcos",12,"Ixchiguán",23,2051,295,2,59,35,7,0,8,3,114,6,2,122,0,122,--,295,173,114,122,122,Algún campo sin dato,1,5168f756de82390cddcc79d4f8e33483753d01372c76d48c5708a178766f3052,26/06/2023 01:44:43,ESCANER
14580,"San Marcos",12,"Ixchiguán",23,2052,380,4,95,83,11,2,3,2,200,19,18,237,0,237,--,380,143,200,237,237,Algún campo sin dato,1,4fcd285d354550143664defc9ead3014ce80a354d05ed0299b4b4000578ba47e,26/06/2023 03:21:09,ESCANER
14581,"San Marcos",12,"Ixchiguán",23,2052,361,3,55,89,9,5,3,0,164,18,16,198,1,199,--,361,162,164,198,199,Algún campo sin dato,1,cfaa87822db9ff21bcb5d4f12be1506b8a3369b1363d20dd5d35bd0624dbe968,26/06/2023 03:07:25,ESCANER
14582,"San Marcos",12,"Ixchiguán",23,2052,361,2,80,82,7,2,3,1,177,13,5,195,0,195,--,--,--,177,195,195,Algún campo sin dato,1,eb135248390e87e352f4bd5bbcd61f8f0d2c070baba152e89a0c34c0c6065796,26/06/2023 03:15:22,ESCANER
14583,"San Marcos",12,"Ixchiguán",23,2053,324,11,34,116,16,4,3,2,186,22,5,213,0,213,0,324,111,186,213,213,,1,afd6da731171322e05c78453a08dec3e53b1342321f0588a39d7f49f9f2be536,26/06/2023 02:28:20,ESCANER
14584,"San Marcos",12,"Ixchiguán",23,2053,323,2,27,103,17,0,4,1,154,12,10,176,0,176,0,323,147,154,176,176,,1,aa0814166c672646fb7fc16f2bf3be9d89a155522fd44e70365cfdb0bb7b1be2,26/06/2023 02:01:52,ESCANER
14585,"San Marcos",12,"Ixchiguán",23,2054,380,6,75,53,39,5,1,0,179,35,10,224,0,224,0,377,153,179,224,224,,1,8c195c13989393fe2d3ae86f5d5b614a5d07bb93dbaf3806483b3e475e99e46a,26/06/2023 02:23:18,ESCANER
14586,"San Marcos",12,"Ixchiguán",23,2054,319,6,43,45,42,4,2,0,142,13,3,158,0,158,--,316,157,142,158,158,Algún campo sin dato,1,80e030e8a86ca7e395bce04ce8acc2ab1558112598b2084a0044eea35a551a20,26/06/2023 04:53:23,ESCANER
14587,"San Marcos",12,"Ixchiguán",23,2054,318,3,68,40,45,0,1,0,157,10,2,169,--,--,--,315,146,157,169,169,Algún campo sin dato,1,506327cd5a591777031ef5569b40c5ddfd9fe2c91748496949012f95feb05a6e,26/06/2023 04:35:54,ESCANER
14588,"San Marcos",12,"Ixchiguán",23,2055,497,4,90,39,5,4,6,3,151,16,5,172,0,172,--,497,325,151,172,172,Algún campo sin dato,1,486668fc852051e9956787bc62636a702cd947baaeb84015b8902caa10b91a44,26/06/2023 01:21:25,ESCANER
14589,"San Marcos",12,"Ixchiguán",23,2055,496,4,40,19,4,3,2,1,73,4,0,77,0,77,0,496,419,73,77,77,,1,abc706633b995b985ef1c69f3c3e878f9a62b639feadff910a7770c24cf0f457,26/06/2023 01:39:23,ESCANER