﻿TIPO_DE_ELECCIÓN:,CORPORACIÓN MUNICIPAL
28 junio 2023 21:35 (UTC -6)
ACTAS_ESPERADAS,ACTAS_CAPTURADAS,PORCENTAJE_ACTAS_CAPTURADAS,ACTAS_CONTABILIZADAS,PORCENTAJE_ACTAS_CONTABILIZADAS,ACTAS_NO_CONTABILIZADAS,LISTA_NOMINAL_ACTAS_CONTABILIZADAS,VOTOS_EMITIDOS_CONTABILIZADAS,PORCENTAJE_PARTICIPACIÓN_CIUDADANA
48,48,100.0000,48,100.0000,0,18000,10841,60.2277

MESA,DEPARTAMENTO,ID_DEPARTAMENTO,MUNICIPIO,ID_MUNICIPIO,CENTRO_DE_VOTACIÓN,PADRÓN,VAMOS,CABAL,MLP,TODOS,UNE,C.S.S.,UR,AZUL,VICTORIA,WINAQ,PODEMOS,VIVA,MI FAMILIA,VÁLIDOS,NULOS,BLANCO,EMITIDOS,INVÁLIDOS,TOTAL,IMPUGNACIONES,PAPELETAS-RECIBIDAS,PAPELETAS-NO-USADAS,VALIDOS_CALCULADO,EMITIDOS_CALCULADO,TOTAL_CALCULADO,OBSERVACIONES,CONTABILIZADA,CÓDIGO_INTEGRIDAD,FECHA_HORA_PUBLICACIÓN,DIGITALIZACIÓN
5574,"Sacatepéquez",2,"Santiago Sacatepéquez",6,569,202,3,12,8,28,1,60,4,5,5,5,6,9,3,149,8,1,158,0,158,0,202,44,149,158,158,,1,fc9e9b20975ee24931e6b4ce56f529671ccf8d3cd5f69744381fd1f0c785a851,25/06/2023 22:32:06,ESCANER
5575,"Sacatepéquez",2,"Santiago Sacatepéquez",6,569,202,4,9,3,23,3,72,3,2,4,1,3,2,0,129,14,1,144,0,144,0,202,58,129,144,144,,1,842d617d2f8ab4b773971b8aa8fc42ee04ae838f0194cfcaa63e9641e24660e3,25/06/2023 22:28:55,ESCANER
5576,"Sacatepéquez",2,"Santiago Sacatepéquez",6,570,400,12,41,5,62,0,65,12,8,7,1,2,17,2,234,15,4,253,0,253,0,400,147,234,253,253,,1,f94d8173959f9ebb52c805f535cae7f874abdeb1cf8f1f8e82796cd5b5351b27,26/06/2023 00:07:12,ESCANER
5577,"Sacatepéquez",2,"Santiago Sacatepéquez",6,570,400,17,37,4,68,9,57,5,9,5,2,7,17,0,237,10,2,249,0,249,0,400,151,237,249,249,,1,0baf01b22ffd102b1cafbfe7e6a3d4a4006b394ad9c5793a504009247829bfae,25/06/2023 23:26:45,ESCANER
5578,"Sacatepéquez",2,"Santiago Sacatepéquez",6,570,400,16,55,6,58,4,64,6,6,3,3,4,14,1,240,7,4,251,0,251,0,400,149,240,251,251,,1,b531ce5dc3dc388496861a959334a3a9fca781f6c1657b7687e90bc40484ba12,25/06/2023 23:59:33,ESCANER
5579,"Sacatepéquez",2,"Santiago Sacatepéquez",6,570,400,14,44,2,64,4,72,9,5,6,2,3,16,1,242,14,4,260,0,260,0,400,140,242,260,260,,1,df4b8b4d5bc2a9dd50d1880e5e350c697e4ac6d84697a2ac7f55c6f974590a60,26/06/2023 00:49:27,ESCANER
5580,"Sacatepéquez",2,"Santiago Sacatepéquez",6,570,400,15,45,1,64,4,57,8,4,4,3,4,17,1,227,10,5,242,0,242,0,400,158,227,242,242,,1,78c99c06092a3917d0ea001563d373f50e399e24e81e167ec65f5514f9cf2606,26/06/2023 00:25:23,ESCANER
5581,"Sacatepéquez",2,"Santiago Sacatepéquez",6,570,400,16,54,4,58,4,57,11,6,5,3,2,19,0,239,9,3,251,2,253,0,400,149,239,251,253,,1,d68254ea643f0d544d717686bcb384c8fd6626c600037c8ef3e6c1cb9d185874,25/06/2023 23:38:41,ESCANER
5582,"Sacatepéquez",2,"Santiago Sacatepéquez",6,570,400,13,58,2,55,6,75,7,15,5,2,6,13,0,257,9,5,271,0,271,--,400,129,257,271,271,Algún campo sin dato,1,80ea818fe29d73a7c558ee7108f8487f67cd6f3eebb5d8c95f63cb8dd05ff64f,25/06/2023 23:40:29,ESCANER
5583,"Sacatepéquez",2,"Santiago Sacatepéquez",6,570,400,25,39,3,65,2,67,9,9,4,5,6,17,0,251,9,2,262,0,262,--,400,138,251,262,262,Algún campo sin dato,1,701e879f6127ebdfcb144e74f146ef829cc35a2c1217b6c78a378e28753058fb,25/06/2023 21:38:06,ESCANER
5584,"Sacatepéquez",2,"Santiago Sacatepéquez",6,570,400,20,52,3,52,7,52,2,5,7,6,4,12,2,224,11,2,237,0,237,0,400,163,224,237,237,,1,285d7d2503224534398ee3e4a976f6e694a795db9a40829316e95260fd041060,26/06/2023 00:49:07,ESCANER
5585,"Sacatepéquez",2,"Santiago Sacatepéquez",6,570,400,20,48,8,48,5,73,6,8,7,3,7,16,1,250,7,2,259,6,265,0,400,135,250,259,265,,1,837f359233ccccdc6552c57e752188e6d9381cc00f5fb9218cc305969576c9f2,26/06/2023 01:49:27,ESCANER
5586,"Sacatepéquez",2,"Santiago Sacatepéquez",6,571,400,19,44,1,57,8,54,8,7,8,2,4,24,1,237,4,4,245,0,245,0,400,155,237,245,245,,1,1b585b6171549d2d51448f075e3304f652139dac56c1255a06babc0d70f0b60e,25/06/2023 23:16:38,ESCANER
5587,"Sacatepéquez",2,"Santiago Sacatepéquez",6,571,400,29,34,4,76,2,56,11,8,4,1,5,15,0,245,9,3,257,0,257,--,400,143,245,257,257,Algún campo sin dato,1,c9270180a658474fd2dd687f26c11de3a4b1dd92eb37cb50b95357b3b2e09a63,26/06/2023 01:40:23,ESCANER
5588,"Sacatepéquez",2,"Santiago Sacatepéquez",6,571,400,22,43,6,76,3,65,4,6,4,2,3,9,0,243,4,5,252,0,252,--,397,145,243,252,252,Algún campo sin dato,1,43ca0dab42fbe6575c11c4ddebb05bcb2eb3b732ac80a0fdb29538a3c6a9e215,25/06/2023 22:37:21,ESCANER
5589,"Sacatepéquez",2,"Santiago Sacatepéquez",6,571,400,20,40,2,75,5,52,3,9,5,1,7,16,1,236,6,1,243,0,243,0,400,157,236,243,243,,1,37a796af6c6eccd935c055d00f635c4af330ffb17143c491aa6c786173478d48,26/06/2023 00:13:10,ESCANER
5590,"Sacatepéquez",2,"Santiago Sacatepéquez",6,571,400,16,38,8,72,4,62,2,3,7,2,9,11,0,234,3,0,237,0,237,0,400,163,234,237,237,,1,8b1963709f1bb22539abafc38cbeedca0e07117613bfb7019fd08810249bedf0,25/06/2023 23:06:57,ESCANER
5591,"Sacatepéquez",2,"Santiago Sacatepéquez",6,571,400,16,42,8,58,5,62,8,9,3,2,2,9,0,224,3,0,227,173,400,0,400,173,224,227,400,,1,ef0d8268ed2a609660ca53ca95df23d9d703383e1b858ed856c10442fb87f58a,26/06/2023 00:46:29,ESCANER
5592,"Sacatepéquez",2,"Santiago Sacatepéquez",6,572,400,18,46,7,73,5,68,8,5,6,6,5,11,0,258,6,0,264,0,264,0,400,136,258,264,264,,1,931e3f31542327d3eb4e88645ff6aba8df7e6ff086a014e88b142aafff83d0c9,26/06/2023 00:54:35,ESCANER
5593,"Sacatepéquez",2,"Santiago Sacatepéquez",6,572,400,19,32,5,62,7,63,8,4,10,5,7,19,0,241,4,2,247,0,247,0,400,153,241,247,247,,1,96a9711bc5955aaed78bd90664714d56ff1737d5030f4b5a1b914694e2896cfd,26/06/2023 01:06:03,ESCANER
5594,"Sacatepéquez",2,"Santiago Sacatepéquez",6,573,400,19,40,4,54,5,65,8,11,17,4,2,15,0,244,13,0,257,0,257,--,400,143,244,257,257,Algún campo sin dato,1,013e20dd204b5bc9215eaf31d5a204a5a8ed027f117785a32e80a9966651ad28,25/06/2023 22:37:28,ESCANER
5595,"Sacatepéquez",2,"Santiago Sacatepéquez",6,573,400,9,38,3,52,2,68,6,4,5,2,4,11,0,204,4,1,209,5,214,--,400,186,204,209,214,Algún campo sin dato,1,69bb03162a10041b1656b4e4eb5d28186f2f33ba50c2a96609196b59b07bcf9b,25/06/2023 23:35:52,ESCANER
5596,"Sacatepéquez",2,"Santiago Sacatepéquez",6,573,400,17,38,4,59,4,54,6,9,9,2,4,13,0,219,10,0,229,0,229,0,400,171,219,229,229,,1,aabab9c2d12c996ac37e77502d2928756996946d03b6e963e71af3a47e3bc19f,26/06/2023 00:14:24,ESCANER
5597,"Sacatepéquez",2,"Santiago Sacatepéquez",6,573,400,10,28,2,60,6,54,5,7,4,3,2,13,0,194,7,1,202,0,202,1,397,194,194,202,202,,1,e84f1a489b593c9ab106a14db7244a5d10da1b01d078af8b2aa9697c0b1f81cd,26/06/2023 00:35:56,ESCANER
5598,"Sacatepéquez",2,"Santiago Sacatepéquez",6,574,400,7,33,3,56,7,70,16,8,11,2,1,12,1,227,5,2,234,0,234,0,400,166,227,234,234,,1,1b54639d77e6a4e9026fe4c0a978e193b37e83ed09f738e56637065baee3247c,25/06/2023 23:55:08,ESCANER
5599,"Sacatepéquez",2,"Santiago Sacatepéquez",6,574,400,14,38,5,49,4,73,4,3,4,2,3,9,0,208,2,0,210,0,210,0,396,187,208,210,210,,1,860dc7976f1d765cf26e18f898f6c3ae4359d4452b85fcf0b30f724cbcf3da3f,25/06/2023 23:38:53,ESCANER
5600,"Sacatepéquez",2,"Santiago Sacatepéquez",6,574,400,9,22,4,60,2,81,5,2,5,3,7,8,0,208,3,0,211,0,211,0,400,186,208,211,211,,1,6fa2988d798d52bdc704fb5b6946d08fe6d22b3a3f6cc78ada44f4c6d2541a28,26/06/2023 00:50:52,ESCANER
5601,"Sacatepéquez",2,"Santiago Sacatepéquez",6,574,400,13,25,7,52,3,81,3,7,3,5,3,7,0,209,6,0,215,0,215,0,400,185,209,215,215,,1,0956f0cd56964d1b6ca00464f5f0e817b476e8a67e89cb8336160851ed8146be,25/06/2023 23:19:01,ESCANER
5602,"Sacatepéquez",2,"Santiago Sacatepéquez",6,575,400,11,40,6,57,4,67,7,6,10,0,6,13,0,227,3,1,231,0,231,0,400,169,227,231,231,,1,a7858857d563550015beaf79e01a83b831993b2a86fd6c24bb08b3fa50d40759,26/06/2023 00:57:42,ESCANER
5603,"Sacatepéquez",2,"Santiago Sacatepéquez",6,575,338,4,33,4,50,6,45,9,3,6,0,5,13,1,179,1,0,180,0,180,0,338,158,179,180,180,,1,284f5b1948ad6cc94110a6f1e426b599f2197a5c6f5a2d21f03e8751745541aa,25/06/2023 23:25:25,ESCANER
5604,"Sacatepéquez",2,"Santiago Sacatepéquez",6,575,337,10,35,2,53,6,47,4,3,10,3,5,6,0,184,0,0,184,0,184,0,337,153,184,184,184,,1,89d5e38e829d30d14a7846c061a2ff2150be790a7008a36a7979dfa89447c7e5,26/06/2023 02:16:13,ESCANER
5605,"Sacatepéquez",2,"Santiago Sacatepéquez",6,576,400,31,28,3,63,9,93,4,2,1,2,2,23,3,264,15,5,284,0,284,0,400,116,264,284,284,,1,91f1fcad7a0828faba12e9dc497096ece061fbec3878644c8dddf69c4d49aebb,25/06/2023 21:56:23,ESCANER
5606,"Sacatepéquez",2,"Santiago Sacatepéquez",6,576,400,31,35,3,55,4,77,5,6,2,1,4,18,0,241,16,0,257,0,257,--,400,143,241,257,257,Algún campo sin dato,1,48f3108349377fa9e3aa933c69dcf2eb569259e0dcb1a93beca10ace0f86500d,25/06/2023 22:14:56,ESCANER
5607,"Sacatepéquez",2,"Santiago Sacatepéquez",6,576,279,12,24,5,44,9,38,1,2,1,0,4,17,3,160,9,1,170,0,170,0,279,109,160,170,170,,1,657b41814b49ebda1685850d4ab0dc005341c2442e767ccf2a966e2f5fd84f2a,25/06/2023 23:34:29,ESCANER
5608,"Sacatepéquez",2,"Santiago Sacatepéquez",6,576,279,11,13,3,28,1,57,6,2,3,1,5,15,1,146,1,0,147,0,147,1,279,131,146,147,147,,1,1a24296a67fb8fbf0a8b680577d8c9e7ee0668ba7083e35f0b47690932848918,26/06/2023 00:07:18,ESCANER
5609,"Sacatepéquez",2,"Santiago Sacatepéquez",6,577,380,56,51,3,87,8,8,1,5,2,4,4,10,1,240,11,5,256,0,256,0,380,124,240,256,256,,1,e6e89c5e38103512aeba051e33debc29058b5e35fd31b9b609c3e1a899e06367,26/06/2023 00:42:53,ESCANER
5610,"Sacatepéquez",2,"Santiago Sacatepéquez",6,577,380,69,65,1,79,12,4,5,11,3,2,0,8,0,259,18,0,277,0,277,0,380,103,259,277,277,,1,0f2e9f7551db3f94be886e7080f28bede9ef4652c580e674961e9ba6d08f987a,26/06/2023 00:01:52,ESCANER
5611,"Sacatepéquez",2,"Santiago Sacatepéquez",6,577,380,58,52,6,87,5,15,3,2,3,4,3,9,1,248,13,3,264,0,264,--,380,116,248,264,264,Algún campo sin dato,1,345c5288b1b61cd4ca591d4cc91369ccfe69d89bfa2caa542cac555c068fdb71,26/06/2023 00:33:03,ESCANER
5612,"Sacatepéquez",2,"Santiago Sacatepéquez",6,577,380,76,49,3,65,9,4,4,3,3,3,4,7,0,230,17,4,251,0,251,0,380,129,230,251,251,,1,23427aabdcdaa55bcae2b5a67d58d9b04320bd1ef37ed6130030dd51729694d9,26/06/2023 01:24:24,ESCANER
5613,"Sacatepéquez",2,"Santiago Sacatepéquez",6,577,380,53,32,1,104,6,5,1,4,7,4,1,7,0,225,7,2,234,6,240,--,380,140,225,234,240,Algún campo sin dato,1,9863108ad34f3fb38ab8a1a1bb91c49d552f737d8778b204303cd53048ff96f2,25/06/2023 23:24:08,ESCANER
5614,"Sacatepéquez",2,"Santiago Sacatepéquez",6,577,380,49,25,1,92,8,15,2,2,7,3,1,10,0,215,15,1,231,0,231,--,281,149,215,231,231,Algún campo sin dato,1,91f8750205d24370843c6edf4b56aa83089bc49316ad1fdffb426431ca490f6c,26/06/2023 03:09:47,ESCANER
5615,"Sacatepéquez",2,"Santiago Sacatepéquez",6,577,380,39,40,2,90,4,18,4,3,7,9,1,5,3,225,14,4,243,0,243,0,377,134,225,243,243,,1,5a231908591d2e8fda7f3d1602b02418b967e53e27871abf00ec865e96e71e9f,26/06/2023 01:55:43,ESCANER
5616,"Sacatepéquez",2,"Santiago Sacatepéquez",6,577,311,31,25,2,78,1,11,2,2,2,5,3,3,1,166,6,3,175,0,175,0,311,136,166,175,175,,1,e9e631fbb1e9f503cf5ac9eb22242b07deed6161c1cc321c39a2ff37ed0cdcf6,25/06/2023 23:47:42,ESCANER
5617,"Sacatepéquez",2,"Santiago Sacatepéquez",6,577,310,23,31,3,75,3,7,2,1,1,5,2,4,0,157,6,1,164,0,164,0,310,146,157,164,164,,1,6bc7a7c8e1cabba2584931d42e49919baeb8731869f04b643545acc0867465c4,25/06/2023 23:01:46,ESCANER
5618,"Sacatepéquez",2,"Santiago Sacatepéquez",6,578,328,94,16,2,84,4,6,2,1,2,1,1,3,1,217,15,6,238,0,238,0,328,90,217,238,238,,1,1d5e730373ba442fd0844769086bc313e87957264c00195a020ae8305d4d52ee,26/06/2023 00:45:29,ESCANER
5619,"Sacatepéquez",2,"Santiago Sacatepéquez",6,578,327,65,11,2,94,5,6,0,1,1,0,2,3,1,191,11,6,208,1,209,1,327,118,191,208,209,,1,5f98529acf0602946f916617f20f606dd5453ef40f6e768bab36022f674434f9,26/06/2023 00:34:22,ESCANER
5620,"Sacatepéquez",2,"Santiago Sacatepéquez",6,579,414,14,26,7,20,3,19,5,3,5,2,3,13,0,120,6,3,129,0,129,--,411,282,120,129,129,Algún campo sin dato,1,aab8cac18da227669aaf13340b46ae5fb03e542183b3dacbf6bfd261f6ea1123,26/06/2023 00:36:39,ESCANER
5621,"Sacatepéquez",2,"Santiago Sacatepéquez",6,579,413,16,21,3,36,3,30,1,4,1,2,7,10,0,134,6,2,142,0,142,0,413,271,134,142,142,,1,b937f582e9f0d5daa2b3fa958ce588786aa563dc7e811f5475af8e374e47d9ec,25/06/2023 22:55:51,ESCANER