﻿TIPO_DE_ELECCIÓN:,CORPORACIÓN MUNICIPAL
28 junio 2023 21:35 (UTC -6)
ACTAS_ESPERADAS,ACTAS_CAPTURADAS,PORCENTAJE_ACTAS_CAPTURADAS,ACTAS_CONTABILIZADAS,PORCENTAJE_ACTAS_CONTABILIZADAS,ACTAS_NO_CONTABILIZADAS,LISTA_NOMINAL_ACTAS_CONTABILIZADAS,VOTOS_EMITIDOS_CONTABILIZADAS,PORCENTAJE_PARTICIPACIÓN_CIUDADANA
94,94,100.0000,93,98.9361,1,34281,19688,57.4312

MESA,DEPARTAMENTO,ID_DEPARTAMENTO,MUNICIPIO,ID_MUNICIPIO,CENTRO_DE_VOTACIÓN,PADRÓN,UNE,TODOS,PODEMOS,VAMOS,U R N G - MAIZ,VIVA,SEMILLA,CREO,PPN,PR,CAMBIO,AZUL,VALOR UNIONISTA,VÁLIDOS,NULOS,BLANCO,EMITIDOS,INVÁLIDOS,TOTAL,IMPUGNACIONES,PAPELETAS-RECIBIDAS,PAPELETAS-NO-USADAS,VALIDOS_CALCULADO,EMITIDOS_CALCULADO,TOTAL_CALCULADO,OBSERVACIONES,CONTABILIZADA,CÓDIGO_INTEGRIDAD,FECHA_HORA_PUBLICACIÓN,DIGITALIZACIÓN
17715,"Quiché",14,"Uspantán",15,2698,400,101,3,10,32,2,0,1,13,0,2,0,0,25,189,17,6,212,0,212,0,400,188,189,212,212,,1,3b26fd825d89daa339c75bb02a1db8b76b85074e678cba467591bda077af49c6,26/06/2023 05:46:09,ESCANER
17716,"Quiché",14,"Uspantán",15,2698,400,79,6,27,36,4,3,1,15,0,1,0,2,31,205,26,4,235,0,235,--,400,165,205,235,235,Algún campo sin dato,1,0d4cac4bd8b72e5f6bf0b6d719101696ca65bbe060d0480671d9badd09c2f514,26/06/2023 02:09:56,ESCANER
17717,"Quiché",14,"Uspantán",15,2698,400,94,3,14,46,1,0,0,15,0,1,1,2,41,218,25,5,248,0,248,1,400,152,218,248,248,,1,54d4f72128350a2af41842b679b77c738fe0d2ac47b33067ff3e470ce173517f,26/06/2023 03:38:04,ESCANER
17718,"Quiché",14,"Uspantán",15,2698,400,92,4,22,36,1,3,2,10,0,1,1,0,42,214,19,12,245,0,245,--,400,155,214,245,245,Algún campo sin dato,1,29d7e33eb5051eb483d9dc907e6b8dce40a2479c22be78c59eb2d8efabf22d2a,26/06/2023 00:01:07,ESCANER
17719,"Quiché",14,"Uspantán",15,2698,400,92,5,13,43,1,3,2,13,0,2,0,2,34,210,18,9,237,0,237,2,400,163,210,237,237,,1,7a77acfc29e8a6231333e2432009cf3b078749925c372a94a1d6ec37ed4730a0,26/06/2023 02:05:43,ESCANER
17720,"Quiché",14,"Uspantán",15,2698,400,134,2,11,44,4,4,2,14,2,1,0,1,32,251,16,14,281,0,281,--,400,119,251,281,281,Algún campo sin dato,1,4042108167e8b14977cff8aa6aa308b1507ce0487f25324bbd8840b82797eeb8,26/06/2023 00:18:09,ESCANER
17721,"Quiché",14,"Uspantán",15,2698,400,152,2,11,32,5,2,1,9,0,2,0,0,27,243,14,4,261,0,261,--,400,139,243,261,261,Algún campo sin dato,1,25897ecb3eb88b779dd2ccaaae332507d0c26948e3eba37d77c976b3aefea062,26/06/2023 01:33:29,ESCANER
17722,"Quiché",14,"Uspantán",15,2698,400,136,3,6,37,4,5,6,20,1,1,1,2,32,254,19,5,278,0,278,--,400,122,254,278,278,Algún campo sin dato,1,e84ad489f2efd07260fec246774fe1906e82e01bf1dac533c51100ed87df37fd,26/06/2023 02:08:56,ESCANER
17723,"Quiché",14,"Uspantán",15,2698,400,153,5,9,33,6,1,0,22,0,0,0,2,25,256,8,7,271,0,271,--,397,126,256,271,271,Algún campo sin dato,1,b36aa695b0ab1b934ad509cbe0d27f5e4c29d8216cdae9a208cb0e919c8ccce0,26/06/2023 03:59:58,ESCANER
17724,"Quiché",14,"Uspantán",15,2698,400,145,2,11,34,3,1,3,20,1,2,0,0,28,250,9,3,262,0,262,--,400,138,250,262,262,Algún campo sin dato,1,0fc6d7294620b64df616e05d6af4f24a32695a09f643a680b53f9588bca105b7,26/06/2023 03:48:14,ESCANER
17725,"Quiché",14,"Uspantán",15,2699,400,154,3,9,28,3,6,1,17,0,2,0,0,32,255,7,4,266,0,266,0,400,134,255,266,266,,1,31a3a879f44196b678e3d36fc5aff947dd5477d26588f3a269c91e2e908a5af1,26/06/2023 05:53:32,ESCANER
17726,"Quiché",14,"Uspantán",15,2699,400,126,8,5,28,3,4,5,17,2,2,0,3,37,240,14,8,262,0,262,--,397,135,240,262,262,Algún campo sin dato,1,dc10cb3c142bb096066f9ba1344985f2d22a72e9d3acad6d0334bff12492f39a,26/06/2023 00:55:39,ESCANER
17727,"Quiché",14,"Uspantán",15,2699,400,163,3,6,24,2,3,5,22,2,1,1,0,27,259,10,3,272,0,272,--,400,128,259,272,272,Algún campo sin dato,1,3d885f876a1ef43644cb82c5a8d2435295951bb4d7d2c91f97ec1c74a8558168,26/06/2023 00:35:27,ESCANER
17728,"Quiché",14,"Uspantán",15,2699,400,143,2,8,36,5,3,0,6,0,0,0,2,35,240,17,6,263,0,263,--,400,137,240,263,263,Algún campo sin dato,1,80702e47a71d1efd93c0dd3cec41d60fd2874f83b0dd8fedd470232e94409047,26/06/2023 01:47:09,ESCANER
17729,"Quiché",14,"Uspantán",15,2699,400,172,1,25,19,6,1,0,8,1,0,0,0,8,241,22,2,265,0,265,--,400,135,241,265,265,Algún campo sin dato,1,332267d6c50f193f7de11f93e86d925d3bea74551fb46bc674d8ca04ea016802,26/06/2023 00:23:57,ESCANER
17730,"Quiché",14,"Uspantán",15,2699,400,112,2,10,51,2,4,0,10,0,0,0,1,50,242,11,1,254,0,254,--,--,--,242,254,254,Algún campo sin dato,1,18038e12dcef880255fca0ffe249de6132ceffff65a1af92e7f6f27dcc399e38,26/06/2023 04:53:32,ESCANER
17731,"Quiché",14,"Uspantán",15,2699,400,149,5,3,26,9,2,0,10,0,2,0,1,32,239,18,4,261,0,261,--,400,139,239,261,261,Algún campo sin dato,1,68b2255b99cdbe8369e854195f2bb9ddc00ae36254a91cc9a9727f2ea1167813,26/06/2023 03:44:06,ESCANER
17732,"Quiché",14,"Uspantán",15,2699,400,207,3,6,9,2,2,3,10,0,0,0,1,34,277,21,2,300,0,300,--,400,100,277,300,300,Algún campo sin dato,1,625914be302829453770214ad1e513de038565e1526db3fe970ca397063c27a8,26/06/2023 01:30:03,ESCANER
17733,"Quiché",14,"Uspantán",15,2700,400,191,9,5,30,1,4,0,7,0,3,0,0,35,285,6,1,292,0,292,--,400,108,285,292,292,Algún campo sin dato,1,6064843a623b7177134242426891dd832a88eef25b5c5df95aee7ae19945bb80,26/06/2023 00:22:59,ESCANER
17734,"Quiché",14,"Uspantán",15,2700,400,115,0,10,33,0,1,0,6,0,1,0,0,33,199,6,7,212,0,212,--,400,188,199,212,212,Algún campo sin dato,1,4e9995616ea05dd7d45962c280d5a5c2dab212cd7aeff2de2d8992aac95d2daf,26/06/2023 00:16:22,ESCANER
17735,"Quiché",14,"Uspantán",15,2700,400,102,2,17,28,2,2,4,8,0,0,0,0,31,196,5,2,203,0,203,--,400,197,196,203,203,Algún campo sin dato,1,d9b4e5f288eb2a2eab323f6fa50d39eabff3667b3d915a122a365e6445c36339,25/06/2023 23:00:08,ESCANER
17736,"Quiché",14,"Uspantán",15,2700,400,114,2,15,21,2,0,4,9,1,0,0,1,17,186,8,3,197,0,197,--,400,203,186,197,197,Algún campo sin dato,1,ed2e41613d267dbd8fe68e9655f2771894d9dcacde9822f81b18d298373a1c3b,25/06/2023 23:44:04,ESCANER
17737,"Quiché",14,"Uspantán",15,2700,400,120,0,12,27,3,2,5,8,0,1,0,0,20,198,9,2,209,0,209,--,400,191,198,209,209,Algún campo sin dato,1,6ec9590c87a17d3448e76c23fbddcfafb52b517938d2f641a4ebea760a5c800d,25/06/2023 23:56:26,ESCANER
17738,"Quiché",14,"Uspantán",15,2700,400,129,0,7,30,4,1,2,13,1,2,1,0,17,207,10,2,219,0,219,--,400,181,207,219,219,Algún campo sin dato,1,dcfabf8f707448329334b1824bc85f912db086c956136d93debfb3d538092436,26/06/2023 00:06:09,ESCANER
17739,"Quiché",14,"Uspantán",15,2701,400,104,1,13,41,1,4,2,9,0,1,0,0,22,198,8,2,208,0,208,--,400,192,198,208,208,Algún campo sin dato,1,42c0cf8979690e422369dd6748a33aec7ae1f792e16d3d2d766d0da6f2e13703,26/06/2023 00:03:19,ESCANER
17740,"Quiché",14,"Uspantán",15,2701,400,102,4,12,26,2,0,4,11,1,2,0,0,15,179,5,1,185,0,185,--,400,215,179,185,185,Algún campo sin dato,1,4d28a96b28fba69d6ffdbdbe67fd60907cd661b24a74725b8b246b0ae98ce9ee,25/06/2023 23:36:35,ESCANER
17741,"Quiché",14,"Uspantán",15,2701,400,113,2,12,40,2,2,3,15,0,2,0,1,25,217,5,2,224,0,400,--,400,176,217,224,224,Sumas Asentadas sin cuadrar,1,b41cc28fb8b8dc8fa07b0c27a311edeaca6e6ed0edc27a59ec07c533370695bb,25/06/2023 23:43:19,ESCANER
17742,"Quiché",14,"Uspantán",15,2701,400,123,0,7,34,1,3,1,12,0,2,0,0,32,215,3,0,218,0,218,--,400,182,215,218,218,Algún campo sin dato,1,983b74e0f4c84dd6a92f3737adcb03b9c8a4fdeb2cb167fd1bfa883896496d24,26/06/2023 00:18:14,ESCANER
17743,"Quiché",14,"Uspantán",15,2701,400,102,1,14,30,1,0,2,15,0,1,0,0,36,202,8,1,211,0,211,--,400,189,202,211,211,Algún campo sin dato,1,3d3fd3c76b399e51a6b5f3648b6155af7e6686b09f1336ea95c1c413360b7e7c,26/06/2023 00:16:54,ESCANER
17744,"Quiché",14,"Uspantán",15,2701,400,124,7,13,31,1,0,0,17,0,0,1,1,22,217,4,3,224,0,224,--,400,176,217,224,224,Algún campo sin dato,1,0c7dea8c48d10fa3a47cdf5215fafb1332ca6e0cbe467a2338c5e5d6ffe00af5,25/06/2023 23:32:22,ESCANER
17745,"Quiché",14,"Uspantán",15,2701,400,124,0,13,29,2,1,0,7,0,0,0,0,25,201,1,2,204,0,204,--,400,196,201,204,204,Algún campo sin dato,1,26fbd75738697f5532fba0f33bfb29c6ca0a1e9c2509834c4786ed32355000e8,25/06/2023 22:57:50,ESCANER
17746,"Quiché",14,"Uspantán",15,2701,400,154,1,14,28,1,2,3,9,0,0,0,0,30,242,0,1,243,0,243,--,400,157,242,243,243,Algún campo sin dato,1,9f172cd22b4075de4eb66d03264a84353744f53c70711501fcbb52ace32bbde9,26/06/2023 00:21:02,ESCANER
17747,"Quiché",14,"Uspantán",15,2702,400,107,0,10,43,1,0,1,7,0,0,0,0,22,191,8,5,204,0,204,--,400,196,191,204,204,Algún campo sin dato,1,33dbbb916347b523613c7535f54776b9fe79bea509b8d988e0b4f869537092e5,25/06/2023 22:56:46,ESCANER
17748,"Quiché",14,"Uspantán",15,2702,400,105,2,11,33,1,1,1,17,0,0,0,0,29,200,7,2,209,0,209,--,400,191,200,209,209,Algún campo sin dato,1,c566121c46c8b0f81ba4db1e97f3cf83cb9453693858cddf8e8cdfe8699b1166,26/06/2023 00:50:01,ESCANER
17749,"Quiché",14,"Uspantán",15,2702,238,61,0,12,15,0,0,0,12,0,0,0,0,8,108,5,0,113,0,113,--,238,125,108,113,113,Algún campo sin dato,1,f0e0df3cccde53774e4a6131cadb269d8d36e9e20538d00629ec2a483802ccc0,25/06/2023 22:37:07,ESCANER
17750,"Quiché",14,"Uspantán",15,2702,237,70,0,4,12,2,0,0,4,0,0,0,0,19,111,0,2,113,0,113,--,237,124,111,113,113,Algún campo sin dato,1,6b73bba426fd21d2b5bfadd85932a3430a866acaf28813319a5458aff84e2b8d,25/06/2023 23:31:16,ESCANER
17751,"Quiché",14,"Uspantán",15,2703,380,127,4,14,46,2,0,0,12,2,1,1,1,22,232,17,3,252,0,252,--,380,128,232,252,252,Algún campo sin dato,1,ea747651dc372d5ab2240de834273b6bae9bd9cd121bc647f2fdb894aa7cb001,26/06/2023 00:32:33,MOVIL
17752,"Quiché",14,"Uspantán",15,2703,380,148,2,10,38,0,1,0,18,1,1,1,3,28,251,14,9,274,0,274,--,380,106,251,274,274,Algún campo sin dato,1,42f604873abfc93bfbd4bc8e27867c831b2a2a8871d83b2ecf69ecab8c613f91,26/06/2023 00:49:09,MOVIL
17753,"Quiché",14,"Uspantán",15,2703,380,118,4,13,37,0,2,1,21,0,0,1,1,21,219,5,4,228,0,228,--,377,149,219,228,228,Algún campo sin dato,1,ebd769a58e4fbf88952453411119fa1123f25da4f71b08829d6b7f750ce00e97,26/06/2023 03:05:42,MOVIL
17754,"Quiché",14,"Uspantán",15,2703,198,45,0,7,27,0,0,1,5,0,0,0,1,13,99,9,2,110,0,110,0,198,88,99,110,110,,1,a186e578045ca6c6ed280ef7829cdf3930aeef4aebd73597819e425dc9d8a585,25/06/2023 22:49:33,MOVIL
17755,"Quiché",14,"Uspantán",15,2703,197,65,0,5,25,0,0,1,7,0,0,1,0,10,114,1,1,116,0,116,--,197,81,114,116,116,Algún campo sin dato,1,cd616dca8d56290eaa04d7259807facf2383367b8a5bb73615e8976f2a6c0aee,25/06/2023 22:36:22,MOVIL
17756,"Quiché",14,"Uspantán",15,2704,380,62,8,6,110,1,3,0,13,0,0,0,4,29,236,10,7,253,0,253,--,380,127,236,253,253,Algún campo sin dato,1,23b4ebef1028a2912667e39111af0c60a8acf62515d07851c0953bae1dd640be,26/06/2023 02:20:45,ESCANER
17757,"Quiché",14,"Uspantán",15,2704,380,72,12,7,89,0,0,0,18,0,0,0,1,22,221,12,10,243,0,243,0,380,137,221,243,243,,1,62e18fa8c2138016afdb6788a0d57176eb30849299376a0af3236e2083730658,26/06/2023 01:00:42,ESCANER
17758,"Quiché",14,"Uspantán",15,2704,199,21,6,0,45,2,1,0,5,0,0,0,0,7,87,3,0,90,0,90,--,199,109,87,90,90,Algún campo sin dato,1,1fb46092aa9eeed5e02b4f2434885c9abdcf928d3cf6717af7c0fb3e2841d75e,25/06/2023 23:41:30,ESCANER
17759,"Quiché",14,"Uspantán",15,2704,199,29,5,1,30,1,0,1,9,0,0,0,0,7,83,6,2,91,0,91,--,199,108,83,91,91,Algún campo sin dato,1,8c22b4d3a04fcb799b98f251784a38ee4d43e7ad56e108cfb32ffca29f7cf78a,25/06/2023 23:47:58,ESCANER
17760,"Quiché",14,"Uspantán",15,2705,380,--,--,--,--,--,--,--,--,--,--,--,--,--,--,--,--,--,--,--,--,--,--,,,,Acta ilegible,0,714d5e2bf108c7d2b8ec02558269cc74e5f93d2a3335bb250738d2764d845f6c,26/06/2023 05:39:21,ESCANER
17761,"Quiché",14,"Uspantán",15,2705,380,76,3,9,94,1,2,1,11,0,0,0,4,16,217,26,12,255,0,255,0,380,125,217,255,255,,1,97d1a2b2b40fa027c58ef56b9882573435eaecf70c95883ac1065ddefe95789e,26/06/2023 04:37:38,ESCANER
17762,"Quiché",14,"Uspantán",15,2705,380,62,1,7,79,0,2,0,11,1,1,0,3,20,187,55,7,250,0,250,--,360,130,187,249,249,Sumas Asentadas sin cuadrar,1,409cb484da423ccc90e35c75fb8d1256cc23ae0e50dba7b2ea87e015a2c287b6,26/06/2023 04:18:24,ESCANER
17763,"Quiché",14,"Uspantán",15,2705,380,80,5,7,98,0,2,0,21,1,0,0,3,14,231,23,15,269,0,269,0,380,111,231,269,269,,1,4f3bc53ee11e705553e305a63deec57a6e68ef1362ea0877190c593e45fbf0a0,26/06/2023 02:14:46,ESCANER
17764,"Quiché",14,"Uspantán",15,2705,380,83,4,3,81,2,0,0,22,0,0,0,2,7,204,20,11,235,0,235,--,379,145,204,235,235,Algún campo sin dato,1,0e570f3d2c0167c71cf2730a3bbac0ab4e470a878383c93fd3d2dad12f7a80d2,26/06/2023 00:56:27,ESCANER
17765,"Quiché",14,"Uspantán",15,2705,380,55,1,2,70,0,2,2,11,0,0,0,1,10,154,17,4,175,0,175,0,380,205,154,175,175,,1,468b6116b56106edc13a9a935adf889b4ba2c98e6286c39c4112c4f2c2fc91d8,25/06/2023 23:37:03,ESCANER
17766,"Quiché",14,"Uspantán",15,2705,380,56,5,3,74,1,0,0,12,0,1,0,1,13,167,18,10,195,0,195,--,380,185,166,194,194,Sumas Asentadas sin cuadrar,1,0355103a584dc31f31f33602ab922493656f647376877fd6b6fa9ed2323101d0,25/06/2023 23:26:51,ESCANER
17767,"Quiché",14,"Uspantán",15,2705,294,54,3,6,57,0,3,1,11,0,0,0,0,8,143,2,2,147,0,147,--,294,147,143,147,147,Algún campo sin dato,1,dad431f6f2615e1a3dc544d150087ae2a86ab9628d646f9e65303e3fbb4347df,26/06/2023 00:31:05,ESCANER
17768,"Quiché",14,"Uspantán",15,2705,294,44,3,6,61,0,1,1,7,0,0,1,1,8,133,6,5,144,0,144,--,294,150,133,144,144,Algún campo sin dato,1,4a461674bc62c2ec92b01227f685379513800772afcb245324a904a08e9db032,26/06/2023 01:08:36,ESCANER
17769,"Quiché",14,"Uspantán",15,2706,380,47,11,5,111,2,5,1,8,0,0,0,1,16,207,22,9,238,0,238,0,380,142,207,238,238,,1,c1b351ab9b2b4da43736a7f0abb6dfd57a9f4d328e013260f14a1413d61205ef,26/06/2023 06:43:55,ESCANER
17770,"Quiché",14,"Uspantán",15,2706,380,53,25,5,91,1,8,0,15,0,0,0,0,4,202,11,3,216,0,216,0,380,164,202,216,216,,1,2d4db25a5237f1d182c55199f047de72a82a7f3f5efed8894fd312b6fd7a702d,26/06/2023 06:14:34,ESCANER
17771,"Quiché",14,"Uspantán",15,2706,380,77,11,5,78,2,8,1,7,1,1,0,1,13,205,49,16,270,0,270,0,380,110,205,270,270,,1,a36b1667b86a24a6f10b10075b20836936d948eabd59391896360a255ff03337,26/06/2023 06:40:15,ESCANER
17772,"Quiché",14,"Uspantán",15,2706,380,46,13,7,87,2,5,1,20,1,0,0,7,13,202,34,13,249,5,249,--,377,128,202,249,254,Sumas Asentadas sin cuadrar,1,e6fed14a1101c717d4050e0cb0773b7590160d3421c03bf5844b25cd99c91679,26/06/2023 06:56:45,ESCANER
17773,"Quiché",14,"Uspantán",15,2707,380,54,15,5,101,2,7,0,11,2,0,0,1,6,204,30,13,247,0,247,0,380,133,204,247,247,,1,be4655384bda603165cff69d8f8f3ae5ee481a37793881e6c12a9026c747d6e3,26/06/2023 06:17:24,ESCANER
17774,"Quiché",14,"Uspantán",15,2707,380,59,18,3,83,4,10,1,8,0,0,1,2,12,201,26,4,231,0,231,--,380,146,201,231,231,Algún campo sin dato,1,971ec4ee00f59e085e25f9c89dd2e9f1319ca5ef03e8763a62644c1c30b39628,26/06/2023 06:50:47,ESCANER
17775,"Quiché",14,"Uspantán",15,2707,380,57,18,3,91,2,7,0,8,1,0,0,1,10,198,21,10,229,0,229,0,380,151,198,229,229,,1,b3ff05c1a9d19bbde15c02dbfd22dab912808c197a629484bdc7c57ecba52541,26/06/2023 06:39:38,ESCANER
17776,"Quiché",14,"Uspantán",15,2707,380,64,19,4,80,0,6,0,5,0,2,0,0,11,191,23,16,230,0,230,0,380,150,191,230,230,,1,ce9b4e0fed2d47d81c22f396a08e9669d32189ebdb20b2310f8abb539b06f76e,26/06/2023 06:44:00,ESCANER
17777,"Quiché",14,"Uspantán",15,2708,380,64,21,2,66,3,6,1,8,0,0,0,0,5,176,39,11,226,0,226,0,379,153,176,226,226,,1,ce4b9db3a812f51cfbb1c65e84b2163ff2ea7d4294fe27527c212f77fdef96a4,26/06/2023 06:35:15,ESCANER
17778,"Quiché",14,"Uspantán",15,2709,380,48,14,2,69,6,11,2,11,0,0,0,1,6,170,38,8,216,0,216,--,380,164,170,216,216,Algún campo sin dato,1,884706d1b4cb3c2cd2f8956600145770b2d3f5a0e668ef47b6dde8ef55e9e1b2,26/06/2023 06:48:19,ESCANER
17779,"Quiché",14,"Uspantán",15,2709,380,42,11,5,74,2,7,0,8,0,0,1,1,7,144,21,5,187,0,187,0,380,193,158,184,184,Sumas Asentadas sin cuadrar,1,87b187d4dc7b76132515548d49697a84e1f634bead3465318c069d28fd4f56c2,26/06/2023 06:42:29,ESCANER
17780,"Quiché",14,"Uspantán",15,2709,380,58,12,3,96,1,16,1,11,1,0,0,0,5,204,0,6,210,15,225,0,380,155,204,210,225,,1,4d6fdab914e5784d922bb5cb4dca95cb627927d853b4a8349107017441df8622,26/06/2023 06:24:09,ESCANER
17781,"Quiché",14,"Uspantán",15,2709,380,58,21,2,65,1,4,1,22,0,0,0,0,5,179,12,0,191,0,191,0,377,186,179,191,191,,1,bdb59cf611a17e003e18332f54ce0a1a6dd83d3910db130a03bc1208fd7258f0,26/06/2023 06:16:33,ESCANER
17782,"Quiché",14,"Uspantán",15,2709,291,31,15,1,63,1,3,0,8,1,1,0,1,7,132,13,4,149,0,149,--,288,139,132,149,149,Algún campo sin dato,1,a892504fbc0fc0feb54b6eb7959c8dc631f3f9c21f4a6edd4d60d21a83f69816,26/06/2023 06:50:16,ESCANER
17783,"Quiché",14,"Uspantán",15,2709,290,38,19,1,66,1,4,0,6,0,0,0,0,9,144,10,2,156,0,156,--,287,131,144,156,156,Algún campo sin dato,1,c9cf0fe30716c4fd61cac3eca59ccee0cf5e589d859a58b737d70339b58a64be,26/06/2023 06:49:15,ESCANER
17784,"Quiché",14,"Uspantán",15,2710,380,65,15,8,51,7,3,1,23,2,0,0,2,20,197,20,3,220,0,220,--,380,160,197,220,220,Algún campo sin dato,1,52e86816266c505cc748ddd0a9621ea32a2bc988d4a8fa2df9207fc5c2414d19,25/06/2023 22:53:11,ESCANER
17785,"Quiché",14,"Uspantán",15,2710,380,48,21,13,46,6,1,1,19,1,1,0,0,22,179,10,5,194,0,194,--,377,183,179,194,194,Algún campo sin dato,1,2a9c5454c30bad5b0ce03226e35280c8975bcd986c7cbd03c42687ed84aa6844,26/06/2023 00:07:32,ESCANER
17786,"Quiché",14,"Uspantán",15,2710,380,49,26,5,45,2,2,0,23,2,0,0,0,14,168,18,7,193,0,193,--,380,187,168,193,193,Algún campo sin dato,1,fca01f62fcbacf53944a045511da7b6865d11d82c12ff31799f8e0498b036eae,26/06/2023 00:28:14,ESCANER
17787,"Quiché",14,"Uspantán",15,2710,380,56,39,7,52,8,3,1,18,2,0,0,3,13,202,22,9,233,0,233,--,380,147,202,233,233,Algún campo sin dato,1,d61c02be25554162da384379359558a327fc7c240a9914d8ce994ce051c59e2d,26/06/2023 00:21:34,ESCANER
17788,"Quiché",14,"Uspantán",15,2710,380,72,40,6,43,4,4,0,17,1,0,0,2,20,209,33,6,248,0,248,--,380,132,209,248,248,Algún campo sin dato,1,a59a38da38ed0599c3fce92accde03130baaef8c2934db41517ad4ecb608489d,26/06/2023 00:45:05,ESCANER
17789,"Quiché",14,"Uspantán",15,2710,380,65,27,9,47,4,3,0,17,1,1,0,0,17,191,31,9,231,0,231,--,380,146,191,231,231,Algún campo sin dato,1,4525c18145f2602d2d14de7bf7df5d103c9701cbb6b0a00dfce9f4d453be94f4,26/06/2023 02:06:01,ESCANER
17790,"Quiché",14,"Uspantán",15,2710,380,66,24,11,50,11,3,0,30,2,1,0,1,14,213,12,6,231,0,231,--,380,149,213,231,231,Algún campo sin dato,1,6bf2afcfe53b2a7a983b50db98280a86c3a35445cd646fde0f9d16a45fad2757,26/06/2023 04:53:43,ESCANER
17791,"Quiché",14,"Uspantán",15,2710,380,63,23,5,59,5,1,0,30,0,0,0,1,17,204,25,7,236,0,236,--,380,144,204,236,236,Algún campo sin dato,1,3272043101e64f5a4a7f172a39250972bd07155edf0d35157326dbc167b3d31a,26/06/2023 01:10:33,ESCANER
17792,"Quiché",14,"Uspantán",15,2710,380,68,27,14,46,10,7,0,19,1,0,0,0,14,206,11,11,228,--,--,--,376,148,206,228,228,Algún campo sin dato,1,f86e509fa001574d7eb5f839f31aac9a6f790fd9c937c9cbfdcd9532635da594,26/06/2023 01:30:26,ESCANER
17793,"Quiché",14,"Uspantán",15,2710,380,67,24,6,44,13,2,0,31,0,0,0,1,14,202,24,12,238,0,238,--,380,142,202,238,238,Algún campo sin dato,1,56ac917ddaa57c5dd5554364d0417330945ad551d40eaa4c1fc5f48ce0e81273,26/06/2023 00:37:02,ESCANER
17794,"Quiché",14,"Uspantán",15,2711,380,68,15,12,46,8,4,0,24,0,0,0,1,5,183,24,13,220,0,220,--,378,158,183,220,220,Algún campo sin dato,1,7115640d1f2c303d3e50c4d0e1d62143be08180a0d08891d6d9f586826eef0f7,26/06/2023 02:38:51,ESCANER
17795,"Quiché",14,"Uspantán",15,2711,380,62,17,6,44,7,1,0,25,1,1,0,2,17,183,30,9,222,0,222,--,380,158,183,222,222,Algún campo sin dato,1,12664133d8f1aa5e5975ceea59c46a0262424bd99c542ecec32860e92bc812ad,26/06/2023 00:48:30,ESCANER
17796,"Quiché",14,"Uspantán",15,2711,380,58,22,9,35,7,3,1,27,1,0,0,3,11,177,22,6,205,0,205,--,380,175,177,205,205,Algún campo sin dato,1,cfcc76d7bf7a1a1550e87a1c14d13855824012bf85ecbb666c42e66f9a4867ab,26/06/2023 02:22:00,ESCANER
17797,"Quiché",14,"Uspantán",15,2711,380,48,31,5,49,6,2,0,29,2,0,0,0,7,179,21,6,206,0,206,--,380,174,179,206,206,Algún campo sin dato,1,1d123984dc4b25b2c5e9f1e84c137fc651e3b7e293ea841354ea65f4e1280f6d,26/06/2023 02:17:24,ESCANER
17798,"Quiché",14,"Uspantán",15,2711,380,69,21,5,38,5,3,0,39,1,0,1,3,10,195,21,14,230,0,230,--,380,150,195,230,230,Algún campo sin dato,1,b9160a7a02102515bee5af1fd50105a0567315abc84fa2214a79aa908cdde222,26/06/2023 01:59:38,ESCANER
17799,"Quiché",14,"Uspantán",15,2711,380,43,17,8,45,4,1,1,28,5,0,0,1,11,164,19,14,197,0,197,--,380,183,164,197,197,Algún campo sin dato,1,d889890604b70a99146f08fc5a817d302282b1958bca10a5d9390b82da56ad97,26/06/2023 00:57:45,ESCANER
17800,"Quiché",14,"Uspantán",15,2711,380,53,16,14,45,3,3,0,27,2,0,0,0,7,170,8,2,180,0,180,--,380,200,170,180,180,Algún campo sin dato,1,4bee1465bee1c5c865aa612ea0eb5ac218cf00796e2fdebaf5d5c36b10ade733,26/06/2023 00:34:02,ESCANER
17801,"Quiché",14,"Uspantán",15,2711,380,41,10,9,45,0,2,1,30,2,0,0,0,21,161,7,4,172,0,172,--,380,208,161,172,172,Algún campo sin dato,1,d011572da2f44229f2b3bb8451837c8daeeb176c2ec3efa8ef6695b7802d3f27,26/06/2023 02:59:06,ESCANER
17802,"Quiché",14,"Uspantán",15,2712,380,66,22,9,45,0,4,1,23,2,0,0,0,17,189,7,2,198,0,198,--,380,182,189,198,198,Algún campo sin dato,1,087774ac17a04682846f4f0d83fa2bb77fe3e0bfa8e76794523149ec12417b87,26/06/2023 00:49:23,ESCANER
17803,"Quiché",14,"Uspantán",15,2712,380,47,13,3,48,1,0,0,27,4,0,0,0,10,153,9,1,165,0,--,--,380,215,153,163,163,Sumas Asentadas sin cuadrar,1,be5786a348671217fc1244fe996f2376f79e6ada496e0ac5ac05ec78995d7c5b,26/06/2023 04:26:52,ESCANER
17804,"Quiché",14,"Uspantán",15,2712,380,43,23,3,40,7,0,1,19,2,0,0,1,7,146,11,1,158,0,158,--,380,222,146,158,158,Algún campo sin dato,1,e62db57bdb04459942181e5c157314cf98414387f053f62797f918b1b1aa14f7,25/06/2023 23:23:36,ESCANER
17805,"Quiché",14,"Uspantán",15,2713,197,30,15,8,27,2,1,0,14,1,0,0,1,4,103,7,2,112,0,103,--,197,85,103,112,112,Sumas Asentadas sin cuadrar,1,76e0eaf67dd75f92b359b52ada6d636a727fe5aab5a8f1ce71848089ae0123cb,26/06/2023 03:16:39,ESCANER
17806,"Quiché",14,"Uspantán",15,2713,196,26,9,6,29,2,1,0,14,0,0,0,0,5,92,8,5,105,0,92,--,196,91,92,105,105,Sumas Asentadas sin cuadrar,1,fb5a2c5964b3f830a117dc0b23ffdac42383f7afd9a4bc54bf06ed39133df010,26/06/2023 05:16:12,ESCANER
17807,"Quiché",14,"Uspantán",15,2714,376,53,1,2,16,1,1,1,11,0,0,0,3,10,99,9,5,113,0,113,--,376,261,99,113,113,Algún campo sin dato,1,68bcb8b17799a7b0dc01642c296d069a0b25fdb0af050603481820319e20fac7,25/06/2023 23:36:28,ESCANER
17808,"Quiché",14,"Uspantán",15,2714,375,11,1,0,6,0,1,0,1,0,0,0,0,5,25,2,0,27,0,27,--,375,348,25,27,27,Algún campo sin dato,1,8737417ca0a0e1bcc0fabb4e7ea91587fe464624c3095c6f08dd2717dc95e02a,25/06/2023 21:39:08,ESCANER