﻿TIPO_DE_ELECCIÓN:,CORPORACIÓN MUNICIPAL
28 junio 2023 21:35 (UTC -6)
ACTAS_ESPERADAS,ACTAS_CAPTURADAS,PORCENTAJE_ACTAS_CAPTURADAS,ACTAS_CONTABILIZADAS,PORCENTAJE_ACTAS_CONTABILIZADAS,ACTAS_NO_CONTABILIZADAS,LISTA_NOMINAL_ACTAS_CONTABILIZADAS,VOTOS_EMITIDOS_CONTABILIZADAS,PORCENTAJE_PARTICIPACIÓN_CIUDADANA
37,37,100.0000,37,100.0000,0,12392,6914,55.7940

MESA,DEPARTAMENTO,ID_DEPARTAMENTO,MUNICIPIO,ID_MUNICIPIO,CENTRO_DE_VOTACIÓN,PADRÓN,PHG,PODEMOS,ELEFANTE,VAMOS,UNE,VIVA,CABAL,BIEN,PPN,VALOR,VÁLIDOS,NULOS,BLANCO,EMITIDOS,INVÁLIDOS,TOTAL,IMPUGNACIONES,PAPELETAS-RECIBIDAS,PAPELETAS-NO-USADAS,VALIDOS_CALCULADO,EMITIDOS_CALCULADO,TOTAL_CALCULADO,OBSERVACIONES,CONTABILIZADA,CÓDIGO_INTEGRIDAD,FECHA_HORA_PUBLICACIÓN,DIGITALIZACIÓN
14033,"San Marcos",12,"El Rodeo",14,1972,400,37,38,5,69,11,4,8,7,1,9,189,21,6,216,0,216,--,400,184,189,216,216,Algún campo sin dato,1,e151a2d511e5363590d7f752cbb26b5ab2d986e96cdb4a4dcf1b55b9e9ca4502,26/06/2023 03:17:53,ESCANER
14034,"San Marcos",12,"El Rodeo",14,1972,400,52,55,2,70,10,0,9,9,2,8,217,29,6,252,0,252,1,400,147,217,252,252,,1,a806f33be6472e8b98cd8ecea8caaffb2b24c3f95002d151be3d7daf539ce2f4,26/06/2023 01:44:30,ESCANER
14035,"San Marcos",12,"El Rodeo",14,1972,400,44,60,4,89,5,6,12,12,0,8,240,24,5,269,0,269,--,400,131,240,269,269,Algún campo sin dato,1,6d7f344b6bafc4efad16c546a40ba6e313fc1c1ba170ddd9e475a46e552dea5e,26/06/2023 03:01:01,ESCANER
14036,"San Marcos",12,"El Rodeo",14,1972,400,49,59,3,121,3,3,8,16,4,21,287,16,4,307,0,307,--,400,93,287,307,307,Algún campo sin dato,1,54d51c90fea8a39c2bfde4c321aeffdb9625839f4f31da87fc18423a3193109c,26/06/2023 03:04:05,ESCANER
14037,"San Marcos",12,"El Rodeo",14,1972,400,24,49,2,71,5,0,4,10,3,14,182,7,2,191,1,192,--,400,208,182,191,192,Algún campo sin dato,1,a6e891be12f45d38db5f57480b5282a4311abfb2bbb4d0c81c18e9c318a86480,26/06/2023 02:09:22,ESCANER
14038,"San Marcos",12,"El Rodeo",14,1972,400,31,45,4,78,2,6,1,12,1,5,185,9,2,196,0,196,--,400,204,185,196,196,Algún campo sin dato,1,d1e81b701ba45334da7183d35fd27bc6cea86b2da66cd26df8f134cc1f352690,26/06/2023 01:33:23,ESCANER
14039,"San Marcos",12,"El Rodeo",14,1972,400,36,45,4,72,4,2,8,12,0,14,197,9,0,206,0,206,--,380,171,197,206,206,Algún campo sin dato,1,0b77df1f02b77b27635d104fbf3d68824e2086fd00e006f1c79284f78768f542,26/06/2023 03:30:13,ESCANER
14040,"San Marcos",12,"El Rodeo",14,1972,263,31,36,3,57,0,3,6,9,0,11,156,0,0,156,0,156,--,260,104,156,156,156,Algún campo sin dato,1,e19ca30fe17274083f1251829359cb6a39e177e90e398e5ae644b49239c29284,26/06/2023 01:29:42,ESCANER
14041,"San Marcos",12,"El Rodeo",14,1972,263,16,33,1,33,1,4,4,2,0,6,100,2,3,105,0,105,--,263,158,100,105,105,Algún campo sin dato,1,836b1833028c35b1033239c160fbdfc15ccfa8ea8b3963efa429a4e614784da5,26/06/2023 01:13:12,ESCANER
14042,"San Marcos",12,"El Rodeo",14,1973,380,23,76,2,88,3,4,4,5,0,8,213,26,2,241,0,241,--,380,139,213,241,241,Algún campo sin dato,1,c5d41ec06c25c6ee156bb527283710a385bba19ca6e83524cfb3fc605b8133cf,26/06/2023 03:31:16,ESCANER
14043,"San Marcos",12,"El Rodeo",14,1973,380,11,110,4,95,4,4,4,3,8,4,247,26,5,278,1,279,--,380,101,247,278,279,Algún campo sin dato,1,c966ee14069710fbe2568c0c0cd47538a9f08c5a2e3dce562a68fbf556eda138,26/06/2023 03:35:24,ESCANER
14044,"San Marcos",12,"El Rodeo",14,1973,380,14,78,3,83,6,1,5,2,1,3,196,24,4,224,--,--,--,380,156,196,224,224,Algún campo sin dato,1,7ce5d7d08e7ef8a2910749fdfc0c99600d513c66115a8ac515e90d61e3fe1193,26/06/2023 00:13:35,ESCANER
14045,"San Marcos",12,"El Rodeo",14,1973,380,15,88,2,70,3,1,2,0,2,0,183,12,3,198,0,198,--,377,179,183,198,198,Algún campo sin dato,1,1f997a00928e8b554d3d52f75bfd66e3cc06ebb7d77a494229171360b43b53e6,26/06/2023 01:57:34,ESCANER
14046,"San Marcos",12,"El Rodeo",14,1974,195,11,60,1,38,1,0,0,3,0,0,114,1,1,116,2,118,--,--,--,114,116,118,Algún campo sin dato,1,34f9514cd30a06a947a5f584194b795359ab2c236673c727df34d3474ec9d13d,26/06/2023 00:27:34,ESCANER
14047,"San Marcos",12,"El Rodeo",14,1974,194,12,42,2,46,0,0,0,2,3,1,108,3,1,112,0,112,--,194,82,108,112,112,Algún campo sin dato,1,b3493eee06c560b75b27e09b67b97d1c30d5b7cef66b7299affd5368813a5157,25/06/2023 22:31:02,ESCANER
14048,"San Marcos",12,"El Rodeo",14,1975,380,19,77,23,41,6,4,3,5,6,20,204,35,4,243,0,243,--,380,137,204,243,243,Algún campo sin dato,1,28efeace7e92b1955af06afa58bf5bb65ae5e162720716c79b548a825ba69c99,26/06/2023 00:15:25,MOVIL
14049,"San Marcos",12,"El Rodeo",14,1975,380,17,78,18,37,7,4,2,3,9,21,196,41,8,245,0,245,--,380,135,196,245,245,Algún campo sin dato,1,4af9be6e1c50dca86517c8d17d4701f8e0e234b0f1005f49f7e6e4a643a94386,26/06/2023 00:12:17,MOVIL
14050,"San Marcos",12,"El Rodeo",14,1975,380,29,97,17,38,8,2,1,3,5,27,227,34,3,264,0,264,--,380,116,227,264,264,Algún campo sin dato,1,e51e5a6e33d68c578baf0dff48512205b2b1123440e3000dd72801c335ebf38b,25/06/2023 23:54:39,MOVIL
14051,"San Marcos",12,"El Rodeo",14,1975,380,13,58,26,38,5,1,0,1,7,16,184,15,4,184,0,184,--,380,196,165,184,184,Sumas Asentadas sin cuadrar,1,c96cd7909c23ad056605db08b32baf92d0fc1f125e39cd15ee19c2b0818806b7,26/06/2023 00:40:08,MOVIL
14052,"San Marcos",12,"El Rodeo",14,1976,380,12,49,23,30,6,2,1,2,4,21,150,27,3,180,0,180,--,380,200,150,180,180,Algún campo sin dato,1,ae44648600ee8e08b8442f10d6711fd9a384c2d6aa2427c604345e6de913f89f,26/06/2023 03:04:28,MOVIL
14053,"San Marcos",12,"El Rodeo",14,1976,380,13,62,14,35,4,1,2,1,4,16,152,9,1,162,0,162,--,380,218,152,162,162,Algún campo sin dato,1,9828c8dce92b31cb6725c8d3076bdfc341a4094868f5e8d73b892cbdf6b94a0a,26/06/2023 00:39:26,MOVIL
14054,"San Marcos",12,"El Rodeo",14,1976,223,15,53,17,26,3,1,1,1,2,11,130,1,0,131,0,131,--,223,92,130,131,131,Algún campo sin dato,1,5f5afc45445a32613814317c9476e8e5f0b2c646b9859a9de47d3a0bb5998a5f,25/06/2023 23:32:53,MOVIL
14055,"San Marcos",12,"El Rodeo",14,1976,222,10,27,11,17,2,2,0,1,1,8,79,6,4,89,0,89,--,222,133,79,89,89,Algún campo sin dato,1,98b310564cd1a367cb2f65a0923e4ebe1a0c635fd5e098d8b5e862ad2ddf5f00,25/06/2023 23:53:57,MOVIL
14056,"San Marcos",12,"El Rodeo",14,1977,380,20,90,3,110,3,1,2,1,0,8,238,10,8,256,0,256,--,380,124,238,256,256,Algún campo sin dato,1,9087c108ec0f8618f16b8e65d18a00376ca28d1447dde41dc9418316d5ad97c0,26/06/2023 03:47:22,MOVIL
14057,"San Marcos",12,"El Rodeo",14,1977,380,26,77,8,132,10,2,3,7,0,7,272,11,8,291,0,--,--,380,89,272,291,291,Algún campo sin dato,1,074ddc605412cc0c495454c79cdb3704194ce8d2527f4f59cd36006e6d587d14,26/06/2023 02:51:01,ESCANER
14058,"San Marcos",12,"El Rodeo",14,1977,380,21,64,7,79,2,3,4,1,3,4,188,12,2,202,0,202,--,380,178,188,202,202,Algún campo sin dato,1,b8e4f69f2cfdcefa456c7eb36daa8ad2fc6be7a8582421ed1ef921676bdc5f9d,26/06/2023 01:19:50,ESCANER
14059,"San Marcos",12,"El Rodeo",14,1977,230,13,41,6,61,0,1,1,1,1,2,127,3,0,130,0,130,--,231,101,127,130,130,Algún campo sin dato,1,204fc3d3f23e8aab016e47f5919c502247f4acd1dfe043eaaee174f8ebebda6d,26/06/2023 00:08:24,ESCANER
14060,"San Marcos",12,"El Rodeo",14,1977,230,11,56,7,50,2,1,4,2,2,3,136,1,0,137,0,137,--,230,93,138,139,139,Sumas Asentadas sin cuadrar,1,bd04cc998096da23e597d3385b654f6253485a63e500686673e55451d5d12dc2,26/06/2023 00:50:35,ESCANER
14061,"San Marcos",12,"El Rodeo",14,1978,380,3,115,7,51,5,2,2,7,0,5,197,17,6,220,0,220,--,380,160,197,220,220,Algún campo sin dato,1,946359348c20357a339b137f7c3de7adb458cb3ddb4a4fd8b91010e57c5fccc8,25/06/2023 23:13:04,ESCANER
14062,"San Marcos",12,"El Rodeo",14,1978,380,8,111,8,69,8,1,1,9,1,2,218,23,11,252,0,252,--,377,128,218,252,252,Algún campo sin dato,1,95a9776b3a9ba02211df24ddd308b2c5454dbeda7836c428aed367ed0075c062,26/06/2023 01:39:48,ESCANER
14063,"San Marcos",12,"El Rodeo",14,1978,380,2,101,8,36,5,0,0,4,0,7,163,12,6,181,0,181,--,400,219,163,181,181,Algún campo sin dato,1,d91ad8bc36597a2121c463621728961fc7aa22ddad3b67d843d4a39c8f3ce3d1,25/06/2023 23:05:24,ESCANER
14064,"San Marcos",12,"El Rodeo",14,1978,206,3,52,6,22,2,0,2,2,1,3,93,3,2,98,0,98,--,207,109,93,98,98,Algún campo sin dato,1,157db5aaec62f43b12e0e97f45346fb1cac231b74cbfb1fb2244671142f1a173,25/06/2023 22:11:10,ESCANER
14065,"San Marcos",12,"El Rodeo",14,1978,205,2,56,5,21,2,0,0,1,1,0,88,0,1,89,4,93,--,205,112,88,89,93,Algún campo sin dato,1,043d7b28ea4c4b3017447d473a241ba5a5c8dcc1707c7acb75204cfa4a0abb6f,25/06/2023 21:45:27,ESCANER
14066,"San Marcos",12,"El Rodeo",14,1979,380,19,74,11,72,12,7,8,4,3,8,218,23,5,246,0,246,--,380,131,218,246,246,Algún campo sin dato,1,c0bd0fe55ca399e4cd5b6a30efb35341e57e882591817c6102366e62428a81df,26/06/2023 02:25:21,ESCANER
14067,"San Marcos",12,"El Rodeo",14,1979,219,10,44,5,35,4,1,2,3,3,4,111,3,2,116,0,116,--,219,103,111,116,116,Algún campo sin dato,1,a695b5340f930ae100f776f5a1717093e3e4bd9d55b01bca6a67b5645abff43b,26/06/2023 00:49:23,ESCANER
14068,"San Marcos",12,"El Rodeo",14,1979,218,17,42,3,23,1,4,1,2,4,3,100,2,0,102,0,102,--,218,116,100,102,102,Algún campo sin dato,1,b7ec4d26d3f88fd1408327a90b2f4def5e5a663ade81720ee089b23273c7b01d,25/06/2023 23:55:09,ESCANER
14069,"San Marcos",12,"El Rodeo",14,1980,464,2,8,0,6,2,1,0,4,0,1,24,2,1,24,3,27,--,461,434,24,27,30,Sumas Asentadas sin cuadrar,1,a02a74cb757306efe054022e5e12a4cdce3fbaf3bad6e3eb293fd20886b0a472,25/06/2023 22:52:08,ESCANER