﻿TIPO_DE_ELECCIÓN:,CORPORACIÓN MUNICIPAL
28 junio 2023 21:35 (UTC -6)
ACTAS_ESPERADAS,ACTAS_CAPTURADAS,PORCENTAJE_ACTAS_CAPTURADAS,ACTAS_CONTABILIZADAS,PORCENTAJE_ACTAS_CONTABILIZADAS,ACTAS_NO_CONTABILIZADAS,LISTA_NOMINAL_ACTAS_CONTABILIZADAS,VOTOS_EMITIDOS_CONTABILIZADAS,PORCENTAJE_PARTICIPACIÓN_CIUDADANA
57,57,100.0000,57,100.0000,0,21598,12745,59.0100

MESA,DEPARTAMENTO,ID_DEPARTAMENTO,MUNICIPIO,ID_MUNICIPIO,CENTRO_DE_VOTACIÓN,PADRÓN,CABAL,VALOR,VAMOS,MLP,UNE,VIVA,ELEFANTE,PIN,TODOS,UR,PPN,BIEN,CREO,URNG-MAIZ WINAQ SEMILLA,VÁLIDOS,NULOS,BLANCO,EMITIDOS,INVÁLIDOS,TOTAL,IMPUGNACIONES,PAPELETAS-RECIBIDAS,PAPELETAS-NO-USADAS,VALIDOS_CALCULADO,EMITIDOS_CALCULADO,TOTAL_CALCULADO,OBSERVACIONES,CONTABILIZADA,CÓDIGO_INTEGRIDAD,FECHA_HORA_PUBLICACIÓN,DIGITALIZACIÓN
12947,"Retalhuleu",11,"Champerico",7,1770,400,27,30,26,4,23,110,7,0,0,1,1,1,0,14,244,7,2,253,0,253,--,400,150,244,253,253,Algún campo sin dato,1,9cb22bffab181374beadff2ca10b0d74bf36ee9a4d4d130b25ab41c6022f9fb0,25/06/2023 22:55:45,ESCANER
12948,"Retalhuleu",11,"Champerico",7,1770,400,35,36,39,3,15,90,10,0,2,0,2,0,1,6,239,16,2,257,1,258,--,400,142,239,257,258,Algún campo sin dato,1,28b2212cc5131dcd65ee46e023d08b492c3c4732d66413259870aaa95d31e0bf,25/06/2023 23:59:04,ESCANER
12949,"Retalhuleu",11,"Champerico",7,1770,400,26,29,46,3,21,102,8,1,1,0,6,1,2,5,251,13,4,268,--,268,--,401,133,251,268,268,Algún campo sin dato,1,b50a01c1dc3e9616b380ded7367c7b2f89170bf6cf0a230004ef554b55df2fbe,26/06/2023 02:40:47,ESCANER
12950,"Retalhuleu",11,"Champerico",7,1770,400,36,38,44,3,18,112,5,0,0,2,2,2,0,6,268,7,5,280,0,280,--,403,123,268,280,280,Algún campo sin dato,1,f6d70541ff0947799bd2be48fdaa373775f49aa2a1c823759451491c22133302,26/06/2023 00:43:22,ESCANER
12951,"Retalhuleu",11,"Champerico",7,1770,400,32,26,29,9,26,108,11,0,1,0,5,0,4,9,260,11,1,272,0,272,--,404,132,260,272,272,Algún campo sin dato,1,75a1f89bf71e52db1028d35fcefc6aa57c01433ed3906bb2c5525fd96ac31494,25/06/2023 23:49:50,ESCANER
12952,"Retalhuleu",11,"Champerico",7,1770,400,43,29,25,9,35,102,17,1,1,0,4,3,0,14,283,9,1,293,0,293,--,404,111,283,293,293,Algún campo sin dato,1,4aee79bdceac7f8185827454456c14122ffca045018419d6dc185ed9c365c704,25/06/2023 23:43:02,ESCANER
12953,"Retalhuleu",11,"Champerico",7,1770,400,26,29,41,6,19,115,4,1,1,0,4,1,0,5,252,15,3,270,0,270,--,404,134,252,270,270,Algún campo sin dato,1,73f496e27be823d78441bc7f67cb2c5083b68eb195d8783d72c83cb59cc946de,26/06/2023 00:56:23,ESCANER
12954,"Retalhuleu",11,"Champerico",7,1770,400,39,20,35,5,20,101,6,0,0,2,6,1,0,9,244,8,1,253,0,253,--,404,151,244,253,253,Algún campo sin dato,1,f7fb6390e7287bbe1fd7d44678c71cb5f65251e919c350f872cd5663a16e5ef2,26/06/2023 01:04:59,ESCANER
12955,"Retalhuleu",11,"Champerico",7,1770,400,30,33,34,3,20,81,6,0,0,0,5,1,0,13,226,17,4,247,0,247,--,400,153,226,247,247,Algún campo sin dato,1,661b7c4ef69710d3c14fab877bcacedb66337488eb055da408782b08d0604478,26/06/2023 00:46:14,ESCANER
12956,"Retalhuleu",11,"Champerico",7,1771,400,24,25,25,3,14,110,12,1,1,0,5,2,0,8,230,11,2,243,0,243,--,404,161,230,243,243,Algún campo sin dato,1,8e4fdcf0abc930f9795503fc49f5630081f58c87bf1bff1d46ca6e580742c615,26/06/2023 02:40:34,ESCANER
12957,"Retalhuleu",11,"Champerico",7,1771,400,23,32,36,5,22,91,5,1,2,2,4,0,0,10,233,8,1,242,0,242,--,--,--,233,242,242,Algún campo sin dato,1,23701075ba2dcf5bcd80b75367f2f0acab47360b02662432f54a7aa647bdc159,26/06/2023 02:56:32,ESCANER
12958,"Retalhuleu",11,"Champerico",7,1771,400,31,31,31,1,17,112,1,0,0,0,4,0,3,12,243,8,3,254,0,254,1,404,149,243,254,254,,1,10c66ecd08975c443d53351f1916fedbd581449d719c662aa4ce6b03bf4715d8,26/06/2023 03:06:55,ESCANER
12959,"Retalhuleu",11,"Champerico",7,1771,400,26,48,33,8,21,97,4,1,3,1,5,0,1,10,258,10,1,269,0,269,--,404,135,258,269,269,Algún campo sin dato,1,442e3c3159444b6aaeac4fae098e614451db26d38fdd69f87ba332f553dba760,25/06/2023 23:44:51,ESCANER
12960,"Retalhuleu",11,"Champerico",7,1771,400,41,21,25,2,22,101,2,0,0,1,1,0,0,8,224,7,1,232,0,232,--,401,169,224,232,232,Algún campo sin dato,1,35f434d8743946246bfb3f9ea0834a9f382f9301127cb2b1e581ef2f6b425ec7,26/06/2023 03:20:12,ESCANER
12961,"Retalhuleu",11,"Champerico",7,1771,400,44,22,28,3,17,96,9,0,1,1,4,1,0,12,238,4,0,242,0,242,--,404,162,238,242,242,Algún campo sin dato,1,55056e8d2a9e40c051cc992fd9845a3850184ff82a79ae0cb012ac96cd1f37c1,26/06/2023 03:30:00,ESCANER
12962,"Retalhuleu",11,"Champerico",7,1771,400,38,30,17,2,18,102,7,0,0,0,2,0,0,7,223,3,0,226,0,226,--,404,178,223,226,226,Algún campo sin dato,1,7723717b4df70fb03826e8d355833f59c4d22265bc43c70851eb0ce840b617d8,26/06/2023 03:38:33,ESCANER
12963,"Retalhuleu",11,"Champerico",7,1771,392,35,33,27,2,23,105,10,0,0,0,5,0,0,11,251,4,1,256,0,256,--,388,132,251,256,256,Algún campo sin dato,1,2647b21ef5457ea037697d0942b5acff181fbf5bb147f8bad74c7e0fbcb7d651,26/06/2023 03:53:52,ESCANER
12964,"Retalhuleu",11,"Champerico",7,1771,392,33,26,29,3,16,65,7,0,0,2,2,0,0,7,190,2,2,194,0,194,--,393,199,190,194,194,Algún campo sin dato,1,e06104f5de354dd3b6d8bef4e13b4da27936b4987be3f351cbfa2d2a1751a5ef,26/06/2023 03:45:21,ESCANER
12965,"Retalhuleu",11,"Champerico",7,1772,380,31,42,24,20,19,35,9,0,0,0,4,3,1,24,212,22,6,240,0,240,0,380,140,212,240,240,,1,3ba5e815b90705f7ac85f4c9177b0778a95d4c86c4aba17b637c02710a0a4c9b,26/06/2023 00:34:38,ESCANER
12966,"Retalhuleu",11,"Champerico",7,1772,380,36,49,27,15,19,46,7,0,2,1,3,0,0,25,230,21,3,254,0,254,1,384,129,230,254,254,,1,cc004cc9f0e883c518d58a87f8d7b7774100b6cf252ba6e8b6fc1c3fca34e4d8,26/06/2023 01:22:32,ESCANER
12967,"Retalhuleu",11,"Champerico",7,1772,380,34,46,33,20,25,40,0,0,3,0,6,0,0,25,232,13,8,253,0,253,--,381,131,232,253,253,Algún campo sin dato,1,749235f4c0617b48cf8c3ffeed6cf10d671e3343b54055ac6689770aff493777,26/06/2023 02:33:28,ESCANER
12968,"Retalhuleu",11,"Champerico",7,1772,380,30,47,26,22,20,57,4,0,1,0,5,2,0,30,244,19,0,263,0,263,0,384,121,244,263,263,,1,b0a41b7ef27edc2d109a979c51ff31468f55489a808f4cedc0deb4124daf6e60,26/06/2023 02:36:58,ESCANER
12969,"Retalhuleu",11,"Champerico",7,1772,380,31,30,26,22,24,44,3,0,0,0,2,0,0,35,217,18,1,236,0,236,--,396,160,217,236,236,Algún campo sin dato,1,5d53a9877751cc79fb7d3f5e156bc8ce1a9fcbbd567dc2312a055aa1139765c7,26/06/2023 02:00:20,ESCANER
12970,"Retalhuleu",11,"Champerico",7,1772,380,26,40,15,20,19,52,1,0,0,0,4,0,0,22,199,13,2,214,0,214,--,383,169,199,214,214,Algún campo sin dato,1,fc766274e368bdd8202cb6e329a7c43ba8ebf03354a76276dddfe458ea5cf311,25/06/2023 23:38:59,ESCANER
12971,"Retalhuleu",11,"Champerico",7,1772,380,33,51,22,28,21,53,2,0,0,0,7,0,0,21,238,14,3,255,0,255,--,381,126,238,255,255,Algún campo sin dato,1,d301d89004c952bf3ae723517bf2f1d4907a3712ca7de92e25a9bdfefe20575a,26/06/2023 01:01:35,ESCANER
12972,"Retalhuleu",11,"Champerico",7,1772,380,32,43,28,21,25,36,2,0,0,0,6,1,0,37,231,17,4,252,0,252,1,384,129,231,252,252,,1,53f0cea404241fe67835e78362d59e19711663df94fef25fa8c24795ded704dc,26/06/2023 01:56:14,ESCANER
12973,"Retalhuleu",11,"Champerico",7,1772,380,32,42,22,27,18,45,5,0,0,0,4,0,0,25,220,13,11,244,0,244,0,383,139,220,244,244,,1,7a937d2d4cf56af80d115783d81cf7fa9bf956d9b747e2e287d36730ce7b233a,25/06/2023 23:06:59,ESCANER
12974,"Retalhuleu",11,"Champerico",7,1772,380,46,25,24,23,23,40,6,1,1,0,5,1,2,30,227,18,5,250,0,250,--,384,134,227,250,250,Algún campo sin dato,1,60ec1821cfc663897bb63d2938ec2e83e789b936ae786092b36059e6fc985bfb,26/06/2023 01:15:19,ESCANER
12975,"Retalhuleu",11,"Champerico",7,1772,380,32,61,23,18,17,38,1,0,0,0,4,1,0,25,220,16,6,242,0,242,--,--,--,220,242,242,Algún campo sin dato,1,d6131e2e13b3aba23f98bd1c47c5e0c8fafb87c00cb81961abd363d523933451,26/06/2023 00:07:22,ESCANER
12976,"Retalhuleu",11,"Champerico",7,1772,380,26,40,24,18,14,38,1,0,0,1,4,3,0,24,193,18,4,215,0,215,--,384,166,193,215,215,Algún campo sin dato,1,77c6c6919ba438e220846c785f56205a81ba27f5dce60d0d7f5e31b814238c4f,25/06/2023 23:13:34,ESCANER
12977,"Retalhuleu",11,"Champerico",7,1772,380,37,49,13,25,15,41,2,0,0,0,1,2,0,27,212,3,1,216,0,216,--,304,168,212,216,216,Algún campo sin dato,1,2217394b720d7930422d4e0b0958e9c8e27d123647e2bbb888f66d126303c010,26/06/2023 02:43:39,ESCANER
12978,"Retalhuleu",11,"Champerico",7,1772,380,44,54,16,16,25,34,2,0,0,0,3,0,0,30,224,2,3,229,0,229,--,381,152,224,229,229,Algún campo sin dato,1,b6fafc19bd754d9e0064faa126d3106ce00b04db18b748e1651cd7b1201c8d39,26/06/2023 01:27:47,ESCANER
12979,"Retalhuleu",11,"Champerico",7,1772,363,55,41,21,10,28,48,4,0,1,0,5,2,0,23,238,3,0,241,0,241,--,363,122,238,241,241,Algún campo sin dato,1,e1290bc56ea41c4c1f68a1404462df4b5679b1429000f64f4f5d87cbb34c3083,26/06/2023 02:13:04,ESCANER
12980,"Retalhuleu",11,"Champerico",7,1772,363,32,27,9,36,17,30,2,0,1,0,5,0,0,16,175,3,3,181,0,181,--,367,186,175,181,181,Algún campo sin dato,1,650011f9d4458b850201cd1fb8ef55b8ca7cd613d7f878e511d01915efb74520,26/06/2023 00:52:50,ESCANER
12981,"Retalhuleu",11,"Champerico",7,1773,380,12,59,31,20,10,3,0,0,1,0,4,2,0,56,198,23,8,229,1,230,--,377,147,198,229,230,Algún campo sin dato,1,399529c82be55a326f9daa32593d5f9e67936fadde31b738a2960a9a1e96036a,26/06/2023 05:54:09,ESCANER
12982,"Retalhuleu",11,"Champerico",7,1773,380,18,61,18,17,3,4,2,0,1,0,7,0,0,68,199,4,2,205,6,211,--,381,170,199,205,211,Algún campo sin dato,1,78209ef6225481ef5cf1f98a2347f3dc2520280dc8cfde4ecc42b529d4c85da5,25/06/2023 23:30:00,ESCANER
12983,"Retalhuleu",11,"Champerico",7,1773,230,8,43,17,11,4,5,0,0,1,0,2,0,0,35,126,6,5,137,0,137,--,231,94,126,137,137,Algún campo sin dato,1,ffe9c8b462f7524ef8141c931bfcc13d6ce58157e4cc993dfcc65fc88ad96992,26/06/2023 00:59:33,ESCANER
12984,"Retalhuleu",11,"Champerico",7,1773,229,5,36,14,17,1,7,1,0,0,0,2,0,0,26,109,3,2,114,0,114,--,220,114,109,114,114,Algún campo sin dato,1,8a01dd6d2a19d255312982543dedae20baec4e3ec388bd05961200992e4bf1de,25/06/2023 22:26:43,ESCANER
12985,"Retalhuleu",11,"Champerico",7,1774,380,29,34,36,16,15,24,1,1,1,2,61,1,0,6,227,26,1,254,0,254,--,384,130,227,254,254,Algún campo sin dato,1,8c2ad8ac66fb3bd9a6ffeb9db410baa58384499cb590af2215f9accf194ed815,26/06/2023 00:23:44,ESCANER
12986,"Retalhuleu",11,"Champerico",7,1774,380,26,54,42,23,14,41,0,1,0,0,44,3,0,6,254,13,1,268,0,268,--,384,116,254,268,268,Algún campo sin dato,1,e4c9bfccc95545ebad854a976686a296b75e5611e7d735cda47c17a8fcc81abd,26/06/2023 01:59:34,ESCANER
12987,"Retalhuleu",11,"Champerico",7,1774,380,25,42,16,14,14,43,4,0,0,0,41,0,0,4,203,8,1,212,0,212,--,384,172,203,212,212,Algún campo sin dato,1,91ea769857c2ffb90cd24d24097e966baab6a801813644a19b90c0eaca895f88,26/06/2023 00:44:07,ESCANER
12988,"Retalhuleu",11,"Champerico",7,1774,380,41,40,32,31,5,30,2,0,0,0,38,1,0,5,225,14,2,241,0,241,--,384,143,225,241,241,Algún campo sin dato,1,262865e2e9d04107e25f0fbc353c8c9e8e242da6d3fa3d54acbeac2bb4bfa729,25/06/2023 23:18:24,ESCANER
12989,"Retalhuleu",11,"Champerico",7,1774,380,19,44,28,23,10,28,4,0,0,0,55,0,0,2,213,19,4,236,--,236,--,384,148,213,236,236,Algún campo sin dato,1,82aee4d37ea5d466656e09c758e6da40709e8a41460a5b8121d59cac7944cfb1,26/06/2023 00:04:03,ESCANER
12990,"Retalhuleu",11,"Champerico",7,1774,380,34,28,26,29,8,30,1,0,0,0,54,0,0,10,220,24,5,249,0,249,--,384,135,220,249,249,Algún campo sin dato,1,966a1580d1fa6e45100d7a28cb5b222aeaed566a6709db95d33e346b1baead45,26/06/2023 01:13:39,ESCANER
12991,"Retalhuleu",11,"Champerico",7,1774,380,26,32,18,25,16,29,1,0,2,0,58,0,1,5,213,13,3,229,0,229,--,384,155,213,229,229,Algún campo sin dato,1,c2c9ac8353be2266fdd07a05ea325d616b9e218e26d1f2c52c2672a10faa2ed0,25/06/2023 22:29:51,ESCANER
12992,"Retalhuleu",11,"Champerico",7,1774,380,24,30,34,14,11,26,1,0,0,0,51,0,1,5,197,11,2,210,0,210,--,380,170,197,210,210,Algún campo sin dato,1,117854d6794f7e0758f7cbee0b914bdc1e6fbed4362e67cd703fe26096a0d475,25/06/2023 22:16:35,ESCANER
12993,"Retalhuleu",11,"Champerico",7,1774,361,36,40,26,9,15,39,1,0,0,0,54,0,0,5,225,8,0,233,0,233,--,365,132,225,233,233,Algún campo sin dato,1,0fea9093c67f223c535cc8e8ac46f0293ad0b6c1c8ce9971816b443cb4df15dd,25/06/2023 22:22:45,ESCANER
12994,"Retalhuleu",11,"Champerico",7,1774,361,30,21,17,32,11,18,2,0,1,0,38,0,0,3,173,8,1,182,0,182,--,361,179,173,182,182,Algún campo sin dato,1,72b22eb056480138751ecf119234d08bd83ab18b2b9224187aca639f82dd0b6b,26/06/2023 03:27:56,ESCANER
12995,"Retalhuleu",11,"Champerico",7,1775,380,6,19,13,111,9,17,6,0,0,3,15,1,0,29,229,26,9,264,0,264,--,384,120,229,264,264,Algún campo sin dato,1,913aacc8bab5531b11317844f7f21b6b7b28856d20830ee1bd7b54aa468de579,25/06/2023 23:27:14,ESCANER
12996,"Retalhuleu",11,"Champerico",7,1775,380,11,15,13,46,12,21,1,0,2,1,20,0,1,65,208,27,6,241,0,241,--,384,143,208,241,241,Algún campo sin dato,1,e2bbe89bd511f4ec96b1f8283125d218fe2a985dd50678903b9f2470edef17f5,26/06/2023 00:28:14,ESCANER
12997,"Retalhuleu",11,"Champerico",7,1775,380,12,15,16,65,14,12,1,0,1,0,19,0,0,34,189,14,7,210,0,210,--,383,173,189,210,210,Algún campo sin dato,1,9cf1084401d72ae3d36a170c2ec98e167be7ea799668aecf0e393a9ec5d7fdd4,26/06/2023 00:48:54,ESCANER
12998,"Retalhuleu",11,"Champerico",7,1775,380,16,18,20,35,13,16,3,3,1,1,28,3,1,32,190,12,2,204,0,204,--,384,180,190,204,204,Algún campo sin dato,1,991db9d062d8ae75d038bd6adb276b46c5ff250d0e9a424fb0460752b170c99c,26/06/2023 00:40:52,ESCANER
12999,"Retalhuleu",11,"Champerico",7,1775,223,6,8,13,43,15,11,1,0,0,0,13,0,0,17,127,4,3,134,0,134,--,227,93,127,134,134,Algún campo sin dato,1,eaee8d3885865613f1f94d701af186771bdb6f04877b2bc15a05c2410f60394e,25/06/2023 22:05:24,ESCANER
13000,"Retalhuleu",11,"Champerico",7,1775,223,16,3,12,39,5,16,0,0,0,0,11,0,0,16,118,3,1,122,0,122,--,223,101,118,122,122,Algún campo sin dato,1,3d15b48ed39aa73861db9eb9b6d63dcc01c794af1cd033e9fd447340cedd7393,25/06/2023 23:20:53,ESCANER
13001,"Retalhuleu",11,"Champerico",7,1776,600,17,21,11,5,7,39,4,0,0,0,12,1,0,8,125,13,6,144,0,144,--,600,456,125,144,144,Algún campo sin dato,1,f58545e51aeeb5682cbacd0de7031705298a364bdc55aa0c691ec31be17798bd,25/06/2023 22:35:00,ESCANER
13002,"Retalhuleu",11,"Champerico",7,1776,411,7,10,5,3,6,15,1,0,0,0,6,4,1,4,62,3,0,65,0,65,--,412,347,62,65,65,Algún campo sin dato,1,a8209c943f5073a0938b8327e47c66a0f63c2a7d9297209f6c500b584113e509,25/06/2023 22:47:24,ESCANER
13003,"Retalhuleu",11,"Champerico",7,1776,410,4,4,2,1,2,6,2,0,0,0,2,1,0,1,25,1,0,26,--,26,--,414,388,25,26,26,Algún campo sin dato,1,1ef4862840814b78904ba264770a4c8e81ad4fab14ce79af6ba6793af5c41129,25/06/2023 22:03:25,ESCANER