﻿TIPO_DE_ELECCIÓN:,CORPORACIÓN MUNICIPAL
28 junio 2023 21:35 (UTC -6)
ACTAS_ESPERADAS,ACTAS_CAPTURADAS,PORCENTAJE_ACTAS_CAPTURADAS,ACTAS_CONTABILIZADAS,PORCENTAJE_ACTAS_CONTABILIZADAS,ACTAS_NO_CONTABILIZADAS,LISTA_NOMINAL_ACTAS_CONTABILIZADAS,VOTOS_EMITIDOS_CONTABILIZADAS,PORCENTAJE_PARTICIPACIÓN_CIUDADANA
89,89,100.0000,89,100.0000,0,32145,16909,52.6022

MESA,DEPARTAMENTO,ID_DEPARTAMENTO,MUNICIPIO,ID_MUNICIPIO,CENTRO_DE_VOTACIÓN,PADRÓN,MLP,PHG,UNE,VIVA,CAMBIO,VALOR,VAMOS,PODEMOS,CABAL,PPN,AZUL,WINAQ,U R N G - MAIZ,LI INUP,VÁLIDOS,NULOS,BLANCO,EMITIDOS,INVÁLIDOS,TOTAL,IMPUGNACIONES,PAPELETAS-RECIBIDAS,PAPELETAS-NO-USADAS,VALIDOS_CALCULADO,EMITIDOS_CALCULADO,TOTAL_CALCULADO,OBSERVACIONES,CONTABILIZADA,CÓDIGO_INTEGRIDAD,FECHA_HORA_PUBLICACIÓN,DIGITALIZACIÓN
20140,"Alta Verapaz",16,"Fray Bartolomé De Las Casas",15,3130,400,3,70,29,17,2,6,9,11,1,42,0,3,2,4,199,25,11,235,0,235,--,400,165,199,235,235,Algún campo sin dato,1,dc718178a483bd18138906f5de9ecec18eb588231838edaa0ca442bbf3b8beb8,26/06/2023 04:35:23,ESCANER
20141,"Alta Verapaz",16,"Fray Bartolomé De Las Casas",15,3130,400,3,59,47,29,1,13,14,7,0,50,0,0,6,4,233,32,6,271,0,271,--,400,129,233,271,271,Algún campo sin dato,1,58dabbe5711c8220ae4fe237bde7e86aeaffc80dce5082bef6fe0bd31c0cbf3e,26/06/2023 04:29:36,ESCANER
20142,"Alta Verapaz",16,"Fray Bartolomé De Las Casas",15,3130,400,14,57,29,24,1,7,5,19,2,39,0,2,4,4,207,28,5,240,0,240,--,400,160,207,240,240,Algún campo sin dato,1,9881c7babdfb83f61ed0337f6164dc0ee826b254aa8a2704b71f833f23ad26ce,26/06/2023 02:51:45,ESCANER
20143,"Alta Verapaz",16,"Fray Bartolomé De Las Casas",15,3130,400,4,66,29,15,1,7,8,9,1,46,1,3,3,2,195,25,5,225,0,225,--,400,175,195,225,225,Algún campo sin dato,1,5f1b1417fb743f23cdbbf941787775747ff97becd37cc340188dc3b3a332025c,26/06/2023 02:17:17,ESCANER
20144,"Alta Verapaz",16,"Fray Bartolomé De Las Casas",15,3130,400,1,70,25,18,2,9,6,8,4,41,3,1,10,2,200,34,5,239,0,239,--,400,161,200,239,239,Algún campo sin dato,1,c8479c905229eacf46730f7512dffbaf9007971005060bdd47009d8ffc921c98,25/06/2023 21:07:19,ESCANER
20145,"Alta Verapaz",16,"Fray Bartolomé De Las Casas",15,3130,400,2,61,40,10,1,9,9,8,3,42,2,3,4,2,196,25,5,226,0,226,--,400,174,196,226,226,Algún campo sin dato,1,1681af605c98ecc5b8dbe2fac094b53ab97320a31a5a6181eeac28e00c461e98,26/06/2023 04:00:48,ESCANER
20146,"Alta Verapaz",16,"Fray Bartolomé De Las Casas",15,3130,400,1,76,30,28,3,5,12,5,4,32,1,1,6,3,207,19,7,233,0,233,--,400,167,207,233,233,Algún campo sin dato,1,45e17638daafa42977ab15b56882b640967831094dfb9246a5079ef32225a090,26/06/2023 03:54:26,ESCANER
20147,"Alta Verapaz",16,"Fray Bartolomé De Las Casas",15,3130,400,1,88,34,14,1,2,11,10,3,39,0,1,3,10,217,19,6,242,0,242,--,400,158,217,242,242,Algún campo sin dato,1,c492bf1165acd3071925d7fbc8d51a2e6a7c741d5bc01ff7fefca7d44747e5ba,26/06/2023 04:08:32,ESCANER
20148,"Alta Verapaz",16,"Fray Bartolomé De Las Casas",15,3130,400,1,64,27,12,4,2,26,19,4,33,1,0,9,4,206,30,5,241,0,241,--,400,159,206,241,241,Algún campo sin dato,1,faa75f2bb19dca0ab2edb5d5f785821eb073a0bfd9c6df673f776486e0e69e30,26/06/2023 02:35:09,ESCANER
20149,"Alta Verapaz",16,"Fray Bartolomé De Las Casas",15,3130,400,0,90,10,12,1,7,11,30,8,50,1,5,2,5,232,17,2,251,0,251,--,400,149,232,251,251,Algún campo sin dato,1,57d9c89cef64235f66c692df309416467c61fd86c755d0e6c57c4f1284c81452,26/06/2023 04:24:32,ESCANER
20150,"Alta Verapaz",16,"Fray Bartolomé De Las Casas",15,3130,400,1,80,22,11,3,9,13,10,4,41,1,3,5,4,207,7,1,215,0,215,--,400,185,207,215,215,Algún campo sin dato,1,5f7f2e49083ef4ade54056653ad8964fb568829a947aee1722f96facec62d019,26/06/2023 04:07:44,ESCANER
20151,"Alta Verapaz",16,"Fray Bartolomé De Las Casas",15,3130,400,2,75,19,17,1,6,8,11,1,42,0,2,3,0,187,12,2,201,0,201,--,400,199,187,201,201,Algún campo sin dato,1,1e808eaf22da2491cfb6262302f0cd6b135c27964079c0fb319b0fc0de51df35,25/06/2023 23:24:04,ESCANER
20152,"Alta Verapaz",16,"Fray Bartolomé De Las Casas",15,3130,400,4,63,31,9,0,13,11,8,3,29,2,3,6,6,188,9,2,199,0,199,--,400,201,188,199,199,Algún campo sin dato,1,4a94cd6b8a10d1fa9e0a31a3fa514841dde280a64f91dae9ed2f957fe02cc88f,26/06/2023 02:53:00,ESCANER
20153,"Alta Verapaz",16,"Fray Bartolomé De Las Casas",15,3130,400,3,83,17,29,2,3,6,7,5,31,1,1,4,0,192,7,1,200,0,200,--,400,200,192,200,200,Algún campo sin dato,1,9e0039baadb40ac7987e5ad3c4d84898b64fef5ce8e73c405dcbd09e3f6d83c0,26/06/2023 03:58:56,ESCANER
20154,"Alta Verapaz",16,"Fray Bartolomé De Las Casas",15,3130,400,3,67,22,18,5,5,5,9,3,32,0,1,4,6,180,12,4,196,0,196,--,399,203,180,196,196,Algún campo sin dato,1,48e792893c47842b7d979d4b415792255e99b25cf77f6afb77e4e8def13395fd,26/06/2023 04:22:33,ESCANER
20155,"Alta Verapaz",16,"Fray Bartolomé De Las Casas",15,3130,400,4,68,29,24,3,5,10,13,4,36,1,2,9,6,214,13,1,228,0,228,--,397,169,214,228,228,Algún campo sin dato,1,812bfdfea4cda1a665aaabb961c84e5fc4e302c93bdf4fd814024c4d3123a683,26/06/2023 04:03:24,ESCANER
20156,"Alta Verapaz",16,"Fray Bartolomé De Las Casas",15,3130,400,1,68,27,10,7,3,4,6,2,44,0,0,4,5,181,19,3,203,--,--,--,400,197,181,203,203,Algún campo sin dato,1,cfed621d2f5c6fed98d56ddadfbcdc13f051df591ed09c05dc4144937f183127,26/06/2023 04:00:56,ESCANER
20157,"Alta Verapaz",16,"Fray Bartolomé De Las Casas",15,3131,400,1,71,19,16,3,7,6,11,2,35,0,3,5,2,181,21,3,205,--,205,--,397,192,181,205,205,Algún campo sin dato,1,fd93c29cf167fc2176b7a1964d0fb844d7a009a22b364e2ef7f6a11c133151ad,26/06/2023 00:47:02,ESCANER
20158,"Alta Verapaz",16,"Fray Bartolomé De Las Casas",15,3131,400,0,79,14,13,3,4,5,13,4,61,0,0,2,8,206,8,0,214,0,214,--,400,186,206,214,214,Algún campo sin dato,1,efa6d6415d040de77029b04963c048461d3adc294e3ec1435e1c27cc6cccf3cb,26/06/2023 00:44:16,ESCANER
20159,"Alta Verapaz",16,"Fray Bartolomé De Las Casas",15,3131,400,1,76,23,18,3,1,9,12,4,40,0,0,4,3,194,2,1,197,0,197,--,400,203,194,197,197,Algún campo sin dato,1,4374d0e0bd6f9f5a9a64ba89cd217e634eea793cb74c3c523eadf383bb84c5da,26/06/2023 04:23:49,ESCANER
20160,"Alta Verapaz",16,"Fray Bartolomé De Las Casas",15,3131,400,0,52,27,13,3,2,7,8,0,20,0,1,3,5,141,13,1,155,0,155,--,400,245,141,155,155,Algún campo sin dato,1,b6d910e0a3b44749185c1df7dcd843908587081c0ca078480de0f9f56a8b6ad0,26/06/2023 01:39:41,ESCANER
20161,"Alta Verapaz",16,"Fray Bartolomé De Las Casas",15,3131,400,0,75,18,15,0,4,10,6,2,31,1,2,5,1,170,2,0,172,0,172,--,397,225,170,172,172,Algún campo sin dato,1,d8f1f3df91a9744bde43d63014631dc3baaa3faab224183a712ee25906b8966a,26/06/2023 02:15:18,ESCANER
20162,"Alta Verapaz",16,"Fray Bartolomé De Las Casas",15,3132,400,1,55,31,20,2,15,12,11,2,36,0,0,2,1,188,11,0,199,0,199,--,397,198,188,199,199,Algún campo sin dato,1,38f0dc960af648f3ac61377cd2e256cdfa27f9243d62d909984bb43ed6cc32f5,25/06/2023 21:41:48,ESCANER
20163,"Alta Verapaz",16,"Fray Bartolomé De Las Casas",15,3132,400,1,77,15,12,5,0,6,8,2,29,0,1,4,0,160,3,3,166,0,166,--,400,234,160,166,166,Algún campo sin dato,1,ad77309db93ba98ea7db2eee02cef394637563b1d9ababcbec45fe9056b68c33,26/06/2023 00:50:21,ESCANER
20164,"Alta Verapaz",16,"Fray Bartolomé De Las Casas",15,3132,279,0,40,21,10,4,2,6,6,4,20,0,1,2,1,117,2,2,121,0,121,--,279,158,117,121,121,Algún campo sin dato,1,77b5dcb8e7b8182ad46a8e8fe5df93a569883cb0d420a71df23f4f0d2568a899,26/06/2023 04:01:51,ESCANER
20165,"Alta Verapaz",16,"Fray Bartolomé De Las Casas",15,3132,279,2,40,15,13,4,0,2,8,4,18,0,1,1,1,109,6,4,119,0,119,--,278,159,109,119,119,Algún campo sin dato,1,8dd572f440e004e62e90fecc2bf058a4d9e616af39b5f078960065d48feb74ae,26/06/2023 01:16:49,ESCANER
20166,"Alta Verapaz",16,"Fray Bartolomé De Las Casas",15,3133,212,5,46,18,14,2,4,1,5,0,10,0,3,2,0,110,21,4,135,0,135,--,211,76,110,135,135,Algún campo sin dato,1,3f1f55fcc28ad3e2262d2e0ca437a128f662b6a0e0d262da61067401c5458f81,26/06/2023 00:02:51,ESCANER
20167,"Alta Verapaz",16,"Fray Bartolomé De Las Casas",15,3133,211,1,33,15,11,3,3,3,2,2,16,0,1,1,1,92,8,3,103,0,103,--,211,108,92,103,103,Algún campo sin dato,1,769f22f6881a48e1c19f4fda5d1d1b6a93667b5ef766b7d5cde7bbd1b242821e,25/06/2023 23:58:12,ESCANER
20168,"Alta Verapaz",16,"Fray Bartolomé De Las Casas",15,3134,400,1,58,26,31,1,19,24,7,0,25,0,3,9,0,204,24,6,234,0,234,--,400,166,204,234,234,Algún campo sin dato,1,9d5d43a4e755062666e6836148ff292040bbe38f55d9bef2afe25e5b96acdd8e,26/06/2023 02:59:54,ESCANER
20169,"Alta Verapaz",16,"Fray Bartolomé De Las Casas",15,3134,378,2,54,27,16,1,7,27,8,3,29,1,1,2,5,183,24,5,212,0,212,--,381,169,183,212,212,Algún campo sin dato,1,3a14bd59fffeefbe957f12bb7a486acf4ec0463fffe2fd3aa18145139cb33f8e,26/06/2023 01:13:21,ESCANER
20170,"Alta Verapaz",16,"Fray Bartolomé De Las Casas",15,3134,377,0,46,19,18,2,12,11,2,1,15,0,0,3,0,129,16,1,146,0,146,--,374,228,129,146,146,Algún campo sin dato,1,980acc169bc0aa43cb30f56e9b1fb01db18353cae8bcb602da58e001a0171d68,26/06/2023 02:23:11,ESCANER
20171,"Alta Verapaz",16,"Fray Bartolomé De Las Casas",15,3135,380,1,34,16,37,6,2,8,7,2,7,2,2,19,1,144,37,7,188,0,188,--,380,192,144,188,188,Algún campo sin dato,1,c982cd72153a407012ae8cc928027891a03ec14d90a5d8719d091bdf9e2b37b7,26/06/2023 04:23:33,ESCANER
20172,"Alta Verapaz",16,"Fray Bartolomé De Las Casas",15,3135,380,0,38,16,25,2,8,19,17,7,12,5,1,4,2,156,24,8,188,0,188,--,380,192,156,188,188,Algún campo sin dato,1,d6d2cfc17e9e4ca441dd6c41c0b4b6b596a4bc93d7cc3386647137686978a006,26/06/2023 04:20:55,ESCANER
20173,"Alta Verapaz",16,"Fray Bartolomé De Las Casas",15,3135,380,0,83,14,6,4,4,9,24,6,10,3,2,2,4,171,26,7,204,0,204,--,380,176,171,204,204,Algún campo sin dato,1,9208733844e73e414097e952b182449445a3bf3454ac09b60c1a4cc46e9a288c,26/06/2023 04:09:52,ESCANER
20174,"Alta Verapaz",16,"Fray Bartolomé De Las Casas",15,3135,380,0,51,14,42,0,2,9,8,6,9,5,1,17,4,168,25,2,195,0,195,--,380,185,168,195,195,Algún campo sin dato,1,632bcfe6ba4d11f9141b16a82205c6161e1a23573674367ee77c82f78048dd59,26/06/2023 04:17:54,ESCANER
20175,"Alta Verapaz",16,"Fray Bartolomé De Las Casas",15,3135,380,2,31,20,48,5,6,8,17,2,8,10,1,16,3,177,31,6,214,0,214,--,380,166,177,214,214,Algún campo sin dato,1,dd4350e5f1f8127df4881c97504dadd3f0d74907423d4eb629e9f6d64923f67c,26/06/2023 04:33:26,ESCANER
20176,"Alta Verapaz",16,"Fray Bartolomé De Las Casas",15,3135,295,0,33,11,13,2,3,7,3,1,8,5,1,7,1,95,15,0,110,0,110,--,294,184,95,110,110,Algún campo sin dato,1,5694da8b5a8c4f190ff97faa5cb261b22432048d0b25afe908e434fe285bbc10,26/06/2023 04:16:32,ESCANER
20177,"Alta Verapaz",16,"Fray Bartolomé De Las Casas",15,3135,295,1,29,8,11,0,3,5,7,3,2,4,1,3,2,79,5,3,87,0,87,--,297,210,79,87,87,Algún campo sin dato,1,33d204e87ab8b99a86c6365e48eee6dc47c556b91cc8cae8e36fc4e8adf59712,26/06/2023 04:11:58,ESCANER
20178,"Alta Verapaz",16,"Fray Bartolomé De Las Casas",15,3136,380,0,89,54,6,1,24,14,3,8,21,3,1,13,3,240,26,10,276,0,276,--,380,104,240,276,276,Algún campo sin dato,1,fcff771977c0679cca5c113846a02ba34913a4f21580b72b0dcd70813629ab1d,26/06/2023 04:28:05,ESCANER
20179,"Alta Verapaz",16,"Fray Bartolomé De Las Casas",15,3136,380,0,60,75,2,1,34,25,3,4,33,3,2,0,0,242,40,5,287,0,287,--,380,93,242,287,287,Algún campo sin dato,1,72ce88acba93deaa83742caa8448b2beabebaf002e44ff65f2290ab19547d165,26/06/2023 04:30:57,ESCANER
20180,"Alta Verapaz",16,"Fray Bartolomé De Las Casas",15,3136,380,0,50,62,5,4,24,10,5,2,51,0,0,16,2,231,24,6,261,0,261,--,380,119,231,261,261,Algún campo sin dato,1,ec28a773bb66d75d72b96a72004e5571b133ca66c38335924704d32b9678d07e,26/06/2023 06:06:56,ESCANER
20181,"Alta Verapaz",16,"Fray Bartolomé De Las Casas",15,3136,380,0,55,52,4,2,20,8,7,5,29,1,9,0,0,192,32,7,231,0,231,--,380,149,192,231,231,Algún campo sin dato,1,689a48ff47ada71af6b02a8c3f9372515ceaf43c2cb03e9bfe2f47ec1bef1245,26/06/2023 04:25:25,ESCANER
20182,"Alta Verapaz",16,"Fray Bartolomé De Las Casas",15,3136,230,0,31,33,4,1,13,7,2,2,20,0,0,3,0,116,7,2,125,0,125,--,230,105,116,125,125,Algún campo sin dato,1,0922de66bee5c4642967ae7b149b5270c2cb28eeb8f0e442992b552ecb7e34a5,26/06/2023 04:14:20,ESCANER
20183,"Alta Verapaz",16,"Fray Bartolomé De Las Casas",15,3136,229,0,19,21,8,2,9,1,3,4,22,0,0,4,0,93,6,4,103,0,103,--,229,126,93,103,103,Algún campo sin dato,1,b1a670fea9baf3ce57a3870f274dca817f2ea42c499097cd28317eda535642dc,26/06/2023 04:40:16,ESCANER
20184,"Alta Verapaz",16,"Fray Bartolomé De Las Casas",15,3137,380,0,41,47,25,2,2,19,0,1,44,1,1,9,3,195,26,6,227,0,227,--,380,153,195,227,227,Algún campo sin dato,1,a990f1995f38ad90a9f8be2a7ae90bec8cc6685d71aea3aa4ac81d23b1b144b5,26/06/2023 05:51:33,ESCANER
20185,"Alta Verapaz",16,"Fray Bartolomé De Las Casas",15,3137,380,11,44,29,36,3,4,12,2,1,63,0,1,19,1,226,35,0,261,0,261,--,380,119,226,261,261,Algún campo sin dato,1,bdb1e79f1a1ff03530dec459136cbbae2f792f35256b13ab17a4217a52fed941,26/06/2023 04:14:11,ESCANER
20186,"Alta Verapaz",16,"Fray Bartolomé De Las Casas",15,3137,380,16,37,33,25,0,3,15,2,0,44,0,1,30,0,206,44,5,255,0,255,--,377,122,206,255,255,Algún campo sin dato,1,60adb00286ebbe83771e9c2d3e7a510b41fe40cd4464d129019187a6e3a3e036,26/06/2023 04:47:41,ESCANER
20187,"Alta Verapaz",16,"Fray Bartolomé De Las Casas",15,3137,380,2,62,38,39,3,4,24,2,1,26,1,--,11,1,214,32,6,252,0,252,--,380,128,214,252,252,Algún campo sin dato,1,4f3557e1963cbf144783aad27ca02977e3cacdc17bb7f8311a67b8c7413efbfc,26/06/2023 04:08:22,ESCANER
20188,"Alta Verapaz",16,"Fray Bartolomé De Las Casas",15,3137,380,4,53,29,22,3,0,11,5,1,28,0,2,14,0,172,24,6,202,0,202,--,377,175,172,202,202,Algún campo sin dato,1,2ce6cb5fdd526a74d7376b3711d19fe5be3821823b1e5823e6f4cbdc6eca12b2,26/06/2023 04:06:44,ESCANER
20189,"Alta Verapaz",16,"Fray Bartolomé De Las Casas",15,3137,234,2,34,21,31,1,1,5,1,0,38,0,0,12,0,146,6,4,156,0,156,--,235,79,146,156,156,Algún campo sin dato,1,b362be78bafeb6b38d96a23c6dadb8abfc5b70ebb638eadcd4d278f255ba9114,26/06/2023 04:05:08,ESCANER
20190,"Alta Verapaz",16,"Fray Bartolomé De Las Casas",15,3137,234,7,30,17,14,2,3,3,3,1,23,0,0,7,0,110,6,1,117,0,117,--,235,117,110,117,117,Algún campo sin dato,1,a50b009912262ec4adff73628c5205e922ad48fda9315f51d1f0404808e84014,26/06/2023 05:14:47,ESCANER
20191,"Alta Verapaz",16,"Fray Bartolomé De Las Casas",15,3138,380,0,68,49,37,1,4,22,5,0,23,0,2,6,1,218,24,6,248,0,248,--,380,132,218,248,248,Algún campo sin dato,1,448b52efc3e6486558dd49901d663f73319bcc22fba630cdb28d5f65e52a9e44,26/06/2023 05:04:39,ESCANER
20192,"Alta Verapaz",16,"Fray Bartolomé De Las Casas",15,3138,380,5,51,21,13,4,6,12,6,0,85,0,3,4,1,211,28,2,241,0,241,--,381,140,211,241,241,Algún campo sin dato,1,eaa5bf7fc68d930861d3d77d5ae057fa06a264d1262856a3f2bba9b95f4981f9,26/06/2023 04:29:25,ESCANER
20193,"Alta Verapaz",16,"Fray Bartolomé De Las Casas",15,3138,380,1,62,32,37,1,2,26,5,0,54,0,3,6,2,231,20,5,256,0,256,--,380,123,231,256,256,Algún campo sin dato,1,4a715500fb0d69dc239023044d129287baf3031bbd75a503066082f8737cea67,26/06/2023 04:51:29,ESCANER
20194,"Alta Verapaz",16,"Fray Bartolomé De Las Casas",15,3138,380,0,63,29,21,0,5,18,1,3,38,1,0,3,0,182,19,7,208,0,208,--,380,172,182,208,208,Algún campo sin dato,1,a66ddd890b56e6004412523949df01de7960d142259cad77b5438339b78a7805,26/06/2023 04:22:44,ESCANER
20195,"Alta Verapaz",16,"Fray Bartolomé De Las Casas",15,3138,258,3,24,12,15,1,1,11,7,0,27,0,1,3,0,105,9,0,114,0,114,--,260,146,105,114,114,Algún campo sin dato,1,c191d4c8e22604ee050df0784a637df58181223420a780ec3cdbadfbe01564bb,26/06/2023 04:22:20,ESCANER
20196,"Alta Verapaz",16,"Fray Bartolomé De Las Casas",15,3138,257,0,38,14,17,0,2,2,3,0,27,0,2,0,0,105,1,1,107,0,107,--,254,147,105,107,107,Algún campo sin dato,1,3f727dbcb8224ee3534c4afbc6e89fb040f465ebd1e6ee9a868d7aa229dacffa,25/06/2023 21:36:09,ESCANER
20197,"Alta Verapaz",16,"Fray Bartolomé De Las Casas",15,3139,380,0,49,43,8,5,5,3,11,2,16,3,3,8,1,157,29,6,192,0,192,--,380,188,157,192,192,Algún campo sin dato,1,a29c5b4224c1215de24835d339fec7eb3fdf1a6db60958162fe5fd22021c61e9,26/06/2023 04:33:18,ESCANER
20198,"Alta Verapaz",16,"Fray Bartolomé De Las Casas",15,3139,380,0,61,51,8,2,8,8,3,11,21,0,0,9,0,182,35,7,224,0,224,--,380,156,182,224,224,Algún campo sin dato,1,43027ce73bc82777677920fbe5c3b61c638ca2e6b608188f5e6f40ceaf75e713,26/06/2023 04:43:48,ESCANER
20199,"Alta Verapaz",16,"Fray Bartolomé De Las Casas",15,3139,380,1,57,42,3,2,6,6,5,8,10,0,0,6,0,146,26,7,179,0,179,--,380,201,146,179,179,Algún campo sin dato,1,f5c544b2508ef43724e9897e431d25fcce7d9afb3487a230b9d6ae1cf3bca985,26/06/2023 04:41:54,ESCANER
20200,"Alta Verapaz",16,"Fray Bartolomé De Las Casas",15,3139,380,1,56,44,9,2,2,8,12,2,9,2,1,8,1,157,44,5,206,0,206,--,380,174,157,206,206,Algún campo sin dato,1,9e533d022fd416c2ddea5bd3605c7fea176429f80dcbca3ebfd0ef259f66fd24,26/06/2023 04:23:33,ESCANER
20201,"Alta Verapaz",16,"Fray Bartolomé De Las Casas",15,3139,284,1,45,19,2,0,4,2,2,2,9,0,1,0,0,87,17,4,108,0,108,--,284,176,87,108,108,Algún campo sin dato,1,7f218a63da25fc75123b76cb28bf87199d48cda63e953bdc14127cf18a234916,26/06/2023 04:29:32,ESCANER
20202,"Alta Verapaz",16,"Fray Bartolomé De Las Casas",15,3139,283,0,38,20,4,1,8,2,4,3,7,0,0,2,0,89,4,1,94,0,94,--,285,191,89,94,94,Algún campo sin dato,1,52156149827143a82c09b75e8c362da0681b51240c182c45871e960cc1d71e2a,26/06/2023 04:26:27,ESCANER
20203,"Alta Verapaz",16,"Fray Bartolomé De Las Casas",15,3140,380,1,20,20,18,3,1,8,58,1,11,0,0,6,0,147,34,7,188,0,188,--,380,192,147,188,188,Algún campo sin dato,1,f5d27c326becf6709790a1b12a8d1938a8af04af0bd2e046132443e5583f0c83,26/06/2023 04:45:07,ESCANER
20204,"Alta Verapaz",16,"Fray Bartolomé De Las Casas",15,3140,380,4,36,15,17,0,2,6,61,1,10,4,2,5,0,163,29,6,198,0,198,--,380,182,163,198,198,Algún campo sin dato,1,8ef8d5e687711648a1ce0e9d6cd202d1772e483e8a232299c668fabf5a4ffe91,26/06/2023 04:37:40,ESCANER
20205,"Alta Verapaz",16,"Fray Bartolomé De Las Casas",15,3140,380,0,57,17,9,1,2,16,46,3,11,1,0,5,0,168,29,14,211,0,211,--,380,169,168,211,211,Algún campo sin dato,1,663a8d16dfddec6d97dcc57c685e63b87d431f5c4b14aa0b6011a540001ab648,26/06/2023 04:27:15,ESCANER
20206,"Alta Verapaz",16,"Fray Bartolomé De Las Casas",15,3140,380,0,39,12,9,1,1,10,47,1,10,0,0,6,1,137,14,4,155,6,161,--,380,219,137,155,161,Algún campo sin dato,1,e2075dcf59891feef53ff4e86d2f3a76a509fa6044f54e52ab6b0b6370049221,26/06/2023 04:31:32,ESCANER
20207,"Alta Verapaz",16,"Fray Bartolomé De Las Casas",15,3140,380,1,34,20,13,0,1,1,53,0,12,0,0,11,0,146,18,7,171,0,171,--,380,209,146,171,171,Algún campo sin dato,1,1a6f4dc73e8f53ed4015e96048b71b23c1e4cc60e1f46bfdd436aaf7f4798090,26/06/2023 04:26:36,ESCANER
20208,"Alta Verapaz",16,"Fray Bartolomé De Las Casas",15,3140,380,0,24,16,11,0,1,4,47,1,13,0,0,5,0,122,33,6,161,0,161,--,380,219,122,161,161,Algún campo sin dato,1,c89293ad6d7d240c036bf73dae2b10491455cd3d9d1db2dcd036a3004ff54350,26/06/2023 04:22:20,ESCANER
20209,"Alta Verapaz",16,"Fray Bartolomé De Las Casas",15,3140,358,0,39,8,11,0,2,7,41,0,6,0,1,6,0,121,15,3,139,0,139,--,361,222,121,139,139,Algún campo sin dato,1,c35ca878fbd286176c5230e948b9f4fa4c90f123f7de2a0402c29b98a8edc963,26/06/2023 04:45:20,ESCANER
20210,"Alta Verapaz",16,"Fray Bartolomé De Las Casas",15,3140,357,1,30,20,11,1,1,6,50,1,5,0,0,2,0,128,11,1,140,0,140,--,357,217,128,140,140,Algún campo sin dato,1,cb676018b0d829705684287046b093570b2ae21b395b3748e2b01ea779ac1b68,26/06/2023 04:38:17,ESCANER
20211,"Alta Verapaz",16,"Fray Bartolomé De Las Casas",15,3141,380,13,55,39,1,1,8,14,1,0,55,0,0,7,0,194,41,2,237,0,237,--,377,140,194,237,237,Algún campo sin dato,1,5467234d1aea1e0234c81db06cf12ba4b154d59697204825874d6303a41d9344,26/06/2023 05:03:53,ESCANER
20212,"Alta Verapaz",16,"Fray Bartolomé De Las Casas",15,3141,380,11,63,35,10,2,3,20,4,0,62,0,3,16,0,229,26,125,380,--,--,--,--,--,229,380,380,Algún campo sin dato,1,6f099469ebc233377391ecd3d5ac3d1fc90feabdd4988ce00d8f7995fc49e420,26/06/2023 06:05:00,ESCANER
20213,"Alta Verapaz",16,"Fray Bartolomé De Las Casas",15,3141,380,16,45,40,10,3,4,9,4,4,17,0,3,40,0,195,41,8,244,0,244,--,376,132,195,244,244,Algún campo sin dato,1,57a0a35adcf932b20879c32ca59f846dd50019d375e18c59344f37dcafa3a559,26/06/2023 06:09:44,ESCANER
20214,"Alta Verapaz",16,"Fray Bartolomé De Las Casas",15,3141,349,4,34,31,7,1,3,13,1,2,40,0,3,18,0,157,21,9,187,0,187,--,349,162,157,187,187,Algún campo sin dato,1,27a53ba17e4ad98cafde3f5ae504905ab3c98bf84196799b86c2ef159fd38cbc,26/06/2023 06:07:29,ESCANER
20215,"Alta Verapaz",16,"Fray Bartolomé De Las Casas",15,3141,349,12,39,18,2,0,5,6,0,0,33,0,2,17,0,134,12,1,147,134,134,--,349,189,134,147,281,Sumas Asentadas sin cuadrar,1,544d44c2a08465bbba8008881b4827bbb271486fc2b6c3ee74570df1a8516802,26/06/2023 06:15:32,ESCANER
20216,"Alta Verapaz",16,"Fray Bartolomé De Las Casas",15,3142,380,1,84,19,30,0,8,6,20,1,13,1,1,4,0,188,19,6,213,0,213,--,380,167,188,213,213,Algún campo sin dato,1,356e00558366f5c68891ae12fdc90045680433cd80ab6eca84ba886ed3c87d2c,26/06/2023 00:04:19,ESCANER
20217,"Alta Verapaz",16,"Fray Bartolomé De Las Casas",15,3142,380,1,97,17,35,4,8,12,5,4,7,1,1,15,0,207,17,6,230,0,230,--,377,147,207,230,230,Algún campo sin dato,1,d6e85b7d353cbe24d97a63fec3ec73af413ec8cddc026c33be344c274aef28d7,26/06/2023 00:13:50,ESCANER
20218,"Alta Verapaz",16,"Fray Bartolomé De Las Casas",15,3142,380,3,89,27,31,3,9,5,14,1,14,0,0,18,0,214,22,13,249,0,249,--,380,131,214,249,249,Algún campo sin dato,1,27997ee23a36d9a4717c3c803d7b00d9a9297c8f37843f1cb33e6a88e18499ef,26/06/2023 00:30:12,ESCANER
20219,"Alta Verapaz",16,"Fray Bartolomé De Las Casas",15,3142,380,5,56,22,24,2,9,8,6,0,12,0,0,6,0,150,12,6,168,0,168,0,380,212,150,168,168,,1,f586887a27805fb8c5e6d33ec543d3398647c4799ca6a0125ccb8167d946bc77,26/06/2023 00:34:08,ESCANER
20220,"Alta Verapaz",16,"Fray Bartolomé De Las Casas",15,3142,322,1,40,21,11,0,6,5,2,1,4,1,0,6,0,98,17,7,122,0,122,--,322,200,98,122,122,Algún campo sin dato,1,8ed65c86287e6cf086fabf5a302d930cf036a95bb40b9d8e0045fce2a7b63692,26/06/2023 00:19:08,ESCANER
20221,"Alta Verapaz",16,"Fray Bartolomé De Las Casas",15,3142,321,1,68,13,11,3,8,0,5,0,6,0,0,8,0,123,1,3,127,0,127,--,323,196,123,127,127,Algún campo sin dato,1,6a63afec92548ea0d0e060ff174f2cc366202c2e98cecb57ec70e5d282f1a62d,26/06/2023 00:34:18,ESCANER
20222,"Alta Verapaz",16,"Fray Bartolomé De Las Casas",15,3143,380,2,30,33,22,3,4,20,20,5,21,1,0,5,0,166,10,32,208,0,208,--,380,172,166,208,208,Algún campo sin dato,1,36ed657c95fd56824edfc08316696d9687823a6aa426c0a511dd8db754c583af,26/06/2023 04:39:47,ESCANER
20223,"Alta Verapaz",16,"Fray Bartolomé De Las Casas",15,3143,380,6,44,31,10,3,2,10,21,3,22,0,1,1,0,154,25,10,189,0,189,--,380,191,154,189,189,Algún campo sin dato,1,e120289428461564dd5dd49b95398fd2d3d7657ff432ae33bd74c4e8ed27d064,26/06/2023 04:28:44,ESCANER
20224,"Alta Verapaz",16,"Fray Bartolomé De Las Casas",15,3143,380,1,27,30,14,2,6,26,23,1,22,1,0,1,0,154,35,10,199,0,199,--,380,181,154,199,199,Algún campo sin dato,1,745afcc58e24edd4fca9887313f491b39a6be603671b8173c13550f5424666e1,26/06/2023 04:24:19,ESCANER
20225,"Alta Verapaz",16,"Fray Bartolomé De Las Casas",15,3143,305,2,24,29,13,2,4,8,10,3,13,2,2,2,0,114,18,9,141,0,141,--,305,164,114,141,141,Algún campo sin dato,1,75b310df693c1f69e7ff9e2f6f6ec317a7f0f52d107d79ef12a8321dd9edbf3d,26/06/2023 04:44:14,ESCANER
20226,"Alta Verapaz",16,"Fray Bartolomé De Las Casas",15,3143,305,3,22,13,8,0,0,5,12,1,8,0,0,2,0,74,12,3,89,--,89,--,308,219,74,89,89,Algún campo sin dato,1,5c0da8f71946ac6b713dac1400259802b4f0540a2332a6022e5640bf0a32dc7c,26/06/2023 04:40:36,ESCANER
20227,"Alta Verapaz",16,"Fray Bartolomé De Las Casas",15,3144,352,1,8,6,3,3,2,5,1,0,12,0,1,0,2,44,6,0,50,0,50,--,354,304,44,50,50,Algún campo sin dato,1,806182698183e71f1d71be92c34a4e6ef00e244917d52789fb4d52eaad921503,26/06/2023 00:13:30,ESCANER
20228,"Alta Verapaz",16,"Fray Bartolomé De Las Casas",15,3144,352,0,6,2,2,1,1,1,1,1,5,0,0,1,1,22,5,0,27,0,27,--,354,327,22,27,27,Algún campo sin dato,1,f0729cc950d580d79a2ee17d23a74daec38a767f0bd455dbfe53afa6a3c2aa2e,26/06/2023 00:12:51,ESCANER