﻿TIPO_DE_ELECCIÓN:,CORPORACIÓN MUNICIPAL
28 junio 2023 21:35 (UTC -6)
ACTAS_ESPERADAS,ACTAS_CAPTURADAS,PORCENTAJE_ACTAS_CAPTURADAS,ACTAS_CONTABILIZADAS,PORCENTAJE_ACTAS_CONTABILIZADAS,ACTAS_NO_CONTABILIZADAS,LISTA_NOMINAL_ACTAS_CONTABILIZADAS,VOTOS_EMITIDOS_CONTABILIZADAS,PORCENTAJE_PARTICIPACIÓN_CIUDADANA
111,111,100.0000,111,100.0000,0,41651,18627,44.7216

MESA,DEPARTAMENTO,ID_DEPARTAMENTO,MUNICIPIO,ID_MUNICIPIO,CENTRO_DE_VOTACIÓN,PADRÓN,UNE,MLP,VAMOS,CAMBIO,CABAL,AZUL,PODEMOS,VALOR UNIONISTA,VÁLIDOS,NULOS,BLANCO,EMITIDOS,INVÁLIDOS,TOTAL,IMPUGNACIONES,PAPELETAS-RECIBIDAS,PAPELETAS-NO-USADAS,VALIDOS_CALCULADO,EMITIDOS_CALCULADO,TOTAL_CALCULADO,OBSERVACIONES,CONTABILIZADA,CÓDIGO_INTEGRIDAD,FECHA_HORA_PUBLICACIÓN,DIGITALIZACIÓN
20556,"Petén",17,"La Libertad",5,3202,400,39,6,44,93,12,5,0,0,199,13,4,216,0,216,--,400,184,199,216,216,Algún campo sin dato,1,b8df66ab3e931db825aa237b22a35246b325e7fc365981df27c4430405b7f1fc,26/06/2023 01:19:50,ESCANER
20557,"Petén",17,"La Libertad",5,3202,400,42,6,36,95,17,2,0,5,203,19,6,228,0,228,--,400,172,203,228,228,Algún campo sin dato,1,9902039c1c176301172039a79811177826f8e7eec6d54935519644e86f970d2f,26/06/2023 03:20:40,ESCANER
20558,"Petén",17,"La Libertad",5,3202,400,36,4,35,109,19,3,1,4,211,20,5,236,1,237,--,400,163,211,236,237,Algún campo sin dato,1,3df6aa9148ef9703d849284fd7d4e6bdf5da46b1409b8bd93594ee6f389049cf,26/06/2023 02:50:41,ESCANER
20559,"Petén",17,"La Libertad",5,3202,400,31,12,34,123,11,3,1,4,219,19,7,245,0,245,0,401,156,219,245,245,,1,d22b0f50641f6b43518713b16bb3302dc55382a51f69a65a351d5b3df0782266,26/06/2023 03:07:17,ESCANER
20560,"Petén",17,"La Libertad",5,3202,400,42,8,34,124,15,3,1,3,230,16,2,248,1,249,--,400,151,230,248,249,Algún campo sin dato,1,3d7eb1cce5259088646918bced6d9d30f54f5fb9f41c7a7b907b08bd070967f5,26/06/2023 00:21:52,ESCANER
20561,"Petén",17,"La Libertad",5,3202,400,41,7,33,120,17,7,0,1,226,18,9,253,0,253,--,400,147,226,253,253,Algún campo sin dato,1,daece42c42022d7e7ec274ac56cb4a3023f8615e2c271eb212dd01143632d062,26/06/2023 01:30:11,ESCANER
20562,"Petén",17,"La Libertad",5,3202,400,37,5,35,141,13,4,0,1,236,8,5,249,0,249,--,400,151,236,249,249,Algún campo sin dato,1,68a8dd5de5814168d935f56ee3eb51e4551f631097e5d8017ca73a7e89003fa2,26/06/2023 01:45:17,ESCANER
20563,"Petén",17,"La Libertad",5,3202,400,36,5,42,129,17,2,0,4,235,11,3,249,0,249,--,400,151,235,249,249,Algún campo sin dato,1,32648e91f7513474f4544492e6620570e0dae454b713f77cad1752917f642438,26/06/2023 01:51:22,ESCANER
20564,"Petén",17,"La Libertad",5,3202,400,42,7,39,118,19,6,1,2,234,19,6,259,0,259,--,400,141,234,259,259,Algún campo sin dato,1,08ed0df52203bdc2035426620c2f96b3fd93d01f8c6fd69268a675b4c03e67fc,26/06/2023 02:49:32,ESCANER
20565,"Petén",17,"La Libertad",5,3202,400,45,5,37,100,19,0,0,1,207,11,2,220,0,220,--,400,180,207,220,220,Algún campo sin dato,1,550b842a5db6b33996dc05f52e0f8b8bb45321d73c5b9255944676f82a8a0289,26/06/2023 02:29:26,ESCANER
20566,"Petén",17,"La Libertad",5,3202,400,26,8,29,113,10,3,0,1,190,8,2,200,0,200,--,400,200,190,200,200,Algún campo sin dato,1,ddf76e3411d5402fe231a58a1a58ce63d4d37239b44a3760c9cb13a214a61b43,25/06/2023 23:04:36,ESCANER
20567,"Petén",17,"La Libertad",5,3202,400,29,8,34,113,16,1,0,2,203,13,5,221,0,221,--,400,179,203,221,221,Algún campo sin dato,1,2e8e97d14a5f4ba10463c2c78434a3010f48a24730c814bea51dc11013f5ca5a,26/06/2023 01:49:00,ESCANER
20568,"Petén",17,"La Libertad",5,3202,400,38,6,35,82,29,3,1,4,198,10,3,211,0,211,--,400,189,198,211,211,Algún campo sin dato,1,7ca37136c6abfb4d06bf6621bae65b3bb47d7969e867bb1eca44d194743225e1,26/06/2023 03:23:23,ESCANER
20569,"Petén",17,"La Libertad",5,3202,400,48,5,24,95,11,2,0,7,192,14,3,209,0,209,--,400,191,192,209,209,Algún campo sin dato,1,9e0ad35bd1f6e9ca1769267c600a87c84e948f3eff4ad5557c10d0e8a9d72871,26/06/2023 03:03:07,ESCANER
20570,"Petén",17,"La Libertad",5,3202,400,29,3,32,119,16,1,0,2,202,16,5,223,0,223,--,400,177,202,223,223,Algún campo sin dato,1,69bb340488351e281bdb0d2ada5e41b365029d36cdb4388ce22ef3bdbdc9495f,26/06/2023 03:09:01,ESCANER
20571,"Petén",17,"La Libertad",5,3202,400,34,5,30,99,11,6,0,2,187,20,4,211,0,211,--,400,189,187,211,211,Algún campo sin dato,1,12392e00ba7500f48433b7f1829c90c8cfff00905fec3d008098ec791bab7bd8,26/06/2023 02:27:48,ESCANER
20572,"Petén",17,"La Libertad",5,3202,400,40,3,35,106,13,4,0,5,206,9,5,220,0,220,--,400,180,206,220,220,Algún campo sin dato,1,dcd1037b9a360f754c491a96dfab5f1e95eb1422ade46959d797cfd6415ff988,26/06/2023 03:15:38,ESCANER
20573,"Petén",17,"La Libertad",5,3203,400,39,6,27,112,6,4,0,1,195,12,2,209,0,209,--,400,191,195,209,209,Algún campo sin dato,1,a4ca2059e4f50da0931fe11da1c9a967170346bb59b5d8597a15fa1635aa831a,26/06/2023 02:57:41,ESCANER
20574,"Petén",17,"La Libertad",5,3203,400,28,8,35,112,8,0,0,1,192,19,4,215,0,215,--,400,185,192,215,215,Algún campo sin dato,1,4f86dfeabdd705de3d039a0d141b667e6fbd8b2e3c2c15dbed32facc55ace874,26/06/2023 03:10:15,ESCANER
20575,"Petén",17,"La Libertad",5,3203,400,31,2,33,86,14,1,1,5,173,14,7,194,0,194,--,400,206,173,194,194,Algún campo sin dato,1,1e4cd45fafdab5f009167fdb79201b87b0b7b034ba4c7e28728292285a29806e,26/06/2023 01:39:24,ESCANER
20576,"Petén",17,"La Libertad",5,3203,400,23,6,30,85,13,5,0,2,164,17,2,183,1,184,1,400,216,164,183,184,,1,d1e20e4652a4136afa875556f4bc47b506fcdccba57c148e34e81ff78a3fbfa6,26/06/2023 03:05:44,ESCANER
20577,"Petén",17,"La Libertad",5,3203,400,44,2,32,95,11,0,0,4,188,3,2,193,0,193,--,400,207,188,193,193,Algún campo sin dato,1,41266e49e5429e7baefb4930b458b7571fce1133eefcfe700c7f59d14304fdff,26/06/2023 00:14:58,ESCANER
20578,"Petén",17,"La Libertad",5,3203,400,35,7,17,121,16,0,1,3,200,7,1,208,0,208,--,400,192,200,208,208,Algún campo sin dato,1,2d489b205637f8a3372bb099b766de862d50faed7b3249dcfcd8c38bfe0893a3,26/06/2023 00:55:19,ESCANER
20579,"Petén",17,"La Libertad",5,3203,400,40,3,23,105,15,2,0,1,189,2,0,191,0,191,--,400,209,189,191,191,Algún campo sin dato,1,2a5a43e4caab590bcc34be3ab4db325547dc092f68019517a9bbe9b9eefcc50b,25/06/2023 23:15:57,ESCANER
20580,"Petén",17,"La Libertad",5,3203,400,38,2,26,122,13,0,0,2,203,1,0,204,0,204,--,399,195,203,204,204,Algún campo sin dato,1,1af9e38b9977009fac7c0519e7777cf76ceece4c9c0dcfefac5dbfa1d29df0e0,26/06/2023 02:50:08,ESCANER
20581,"Petén",17,"La Libertad",5,3203,400,24,2,23,121,27,0,0,3,200,2,1,203,0,203,--,400,197,200,203,203,Algún campo sin dato,1,2f2c40a71e45802d65f3f50901edc26e5ae935a27d38ffc0cba107c50d1f43e5,26/06/2023 02:52:12,ESCANER
20582,"Petén",17,"La Libertad",5,3203,400,26,3,17,116,5,2,0,0,169,3,2,174,0,174,--,397,223,169,174,174,Algún campo sin dato,1,8ce2f467ac826837f7ee774f1cfcf4c86986e463c219caf27d7e4905b4294e97,26/06/2023 03:17:57,ESCANER
20583,"Petén",17,"La Libertad",5,3203,400,29,5,25,84,5,2,0,1,151,6,0,157,0,157,--,400,243,151,157,157,Algún campo sin dato,1,97ae84113cb37ece80acf4f1e90ad5c07dbac9c396bccb1fc5fbdd0d7b79109a,25/06/2023 22:27:14,ESCANER
20584,"Petén",17,"La Libertad",5,3203,400,35,4,19,97,6,1,0,4,166,3,4,173,3,176,--,400,224,166,173,176,Algún campo sin dato,1,fbd57053ee950932b86428afbec0115da5cd10784d26da95beef7eb591f3e149,26/06/2023 01:22:11,ESCANER
20585,"Petén",17,"La Libertad",5,3203,297,15,2,15,67,8,0,0,2,109,7,8,124,0,124,--,299,175,109,124,124,Algún campo sin dato,1,a84d5e1132d488e1a2ed76b1599fde66a102b33aea42da1a310dbce2003c0420,26/06/2023 02:36:17,ESCANER
20586,"Petén",17,"La Libertad",5,3203,297,24,2,21,50,10,1,0,5,113,2,2,117,0,117,--,299,182,113,117,117,Algún campo sin dato,1,f2d06237282dea688ef4c0d47ec7fac0c76997b3ade0a60930b95e02202fb67a,25/06/2023 22:10:07,ESCANER
20587,"Petén",17,"La Libertad",5,3204,380,54,3,31,39,17,1,0,1,146,17,8,171,0,171,--,380,209,146,171,171,Algún campo sin dato,1,18c39907916b75d10ff2363997236ee8c1690e4244ed46e90824e6bd8eb6f4f6,26/06/2023 00:51:39,ESCANER
20588,"Petén",17,"La Libertad",5,3204,380,47,9,43,38,19,1,0,1,158,20,7,185,0,185,--,380,195,158,185,185,Algún campo sin dato,1,f4b147f65e1dd810cde91ee1ad145b6b81183e0eaf3278b94ac4b0c939312374,26/06/2023 03:18:49,ESCANER
20589,"Petén",17,"La Libertad",5,3204,380,56,9,45,46,25,4,0,1,186,23,7,216,0,216,--,380,164,186,216,216,Algún campo sin dato,1,a50a52d6416859de916d235b71851ca29e057448535def9e9cbb757b3ad78915,26/06/2023 03:20:36,ESCANER
20590,"Petén",17,"La Libertad",5,3204,380,43,3,49,35,29,1,0,1,161,13,3,177,0,177,--,380,203,161,177,177,Algún campo sin dato,1,d619e2499e06e11b057d3830f725c0e020cbcf36d9380cad9dca5f84459bb8af,25/06/2023 23:30:02,ESCANER
20591,"Petén",17,"La Libertad",5,3204,380,46,2,50,37,20,0,0,1,156,8,3,168,1,168,1,380,212,156,167,168,Sumas Asentadas sin cuadrar,1,ab5a95a0de3d29390a0914a0c3b79e522bd74aab8748f16390f7828b3324a6bf,26/06/2023 02:52:41,ESCANER
20592,"Petén",17,"La Libertad",5,3204,380,39,5,35,38,19,1,0,3,140,9,3,152,0,152,--,380,228,140,152,152,Algún campo sin dato,1,4aaf0ba6d8441fdbb25643ec83b88ecfebead540ed8db8c7c3b619d83e585009,25/06/2023 23:56:37,ESCANER
20593,"Petén",17,"La Libertad",5,3204,380,49,4,27,40,21,2,0,1,144,5,3,152,8,160,--,380,220,144,152,160,Algún campo sin dato,1,b93c7b0a2a80a016b22e478a4584d0d9bdcdc8d5904ffb4e3d182c0535fe11f1,26/06/2023 03:16:09,ESCANER
20594,"Petén",17,"La Libertad",5,3204,380,50,5,33,34,19,2,1,0,144,15,6,165,0,165,--,380,215,144,165,165,Algún campo sin dato,1,80e64c305d6c054e45aee59c657eda89a34f13e84def200f5c8d9d8c8c497a81,25/06/2023 22:51:03,ESCANER
20595,"Petén",17,"La Libertad",5,3204,380,34,4,42,45,24,1,0,2,152,10,8,170,0,170,--,380,210,152,170,170,Algún campo sin dato,1,455452beedadb728009ca51d4ac600b66d9ba355ce000018c452314a4a4df60c,26/06/2023 03:20:54,ESCANER
20596,"Petén",17,"La Libertad",5,3204,380,56,5,37,33,15,2,0,1,149,13,0,162,0,162,--,380,218,149,162,162,Algún campo sin dato,1,a0a54fde7bc70957d5e3c0994b495f7dbfec711b17277e58a7082b324e887278,25/06/2023 22:58:12,ESCANER
20597,"Petén",17,"La Libertad",5,3204,380,36,2,36,27,19,1,0,3,124,7,3,134,0,134,--,380,246,124,134,134,Algún campo sin dato,1,6626a4e9183eebd6541d4e6ec5d867079bd538c2a081ddf25d3986d8785ac229,26/06/2023 00:38:41,ESCANER
20598,"Petén",17,"La Libertad",5,3204,380,53,1,27,29,17,1,1,3,132,12,3,147,0,147,--,380,233,132,147,147,Algún campo sin dato,1,8f82f1f55708eb7b90032dc76e450c3fdd5122de08b5e0521d712587caf3fb80,26/06/2023 03:03:32,ESCANER
20599,"Petén",17,"La Libertad",5,3204,380,43,5,27,38,15,0,0,2,130,18,4,152,0,152,--,380,228,130,152,152,Algún campo sin dato,1,1d16b7da39538c5dfed949cbcb043983de84436df10990f27118ad6728fe8217,26/06/2023 01:10:50,ESCANER
20600,"Petén",17,"La Libertad",5,3204,380,46,2,40,29,19,0,0,0,136,7,5,148,0,148,--,380,232,136,148,148,Algún campo sin dato,1,937baac1659aaabf0a3715fe47b8680cb8a3248e44e4728ea48817497f271973,26/06/2023 00:20:37,ESCANER
20601,"Petén",17,"La Libertad",5,3204,380,37,3,39,42,20,0,0,1,142,2,3,147,12,159,--,380,221,142,147,159,Algún campo sin dato,1,fceb0d33d399da14096e10b8c8f2820c3925a40f61723a3ee6bdff1ffc8b9128,26/06/2023 01:48:48,ESCANER
20602,"Petén",17,"La Libertad",5,3204,380,56,3,37,48,19,2,0,2,167,9,0,176,0,176,--,380,204,167,176,176,Algún campo sin dato,1,b77e8760a475d1836d6068080d3e69d6fe26116bdd577d2804b522bbc7212f60,26/06/2023 02:56:00,ESCANER
20603,"Petén",17,"La Libertad",5,3204,380,32,2,41,41,19,0,0,0,135,4,3,142,0,142,--,380,238,135,142,142,Algún campo sin dato,1,dab054a4f40a72c18653619955e9aa4747d6e30d1a07e76316a1fb21921b9789,26/06/2023 03:08:08,ESCANER
20604,"Petén",17,"La Libertad",5,3204,380,48,9,46,46,14,0,0,5,168,3,0,171,0,171,--,380,209,168,171,171,Algún campo sin dato,1,29d051ad7317d99e7e970a5ef6f95afee8dd05339dc9fb5e4eda0b814cb08a55,26/06/2023 02:21:50,ESCANER
20605,"Petén",17,"La Libertad",5,3204,380,34,2,48,40,23,1,--,4,152,3,--,155,--,155,--,380,225,152,155,155,Algún campo sin dato,1,34c8de8313337cc4b6446d409dba2073aa87125e3fe4bd1926da22c695fb1697,26/06/2023 02:53:49,ESCANER
20606,"Petén",17,"La Libertad",5,3204,380,41,0,37,40,27,0,0,2,147,6,0,153,0,153,--,380,227,147,153,153,Algún campo sin dato,1,d670481356aa9ec8a31ec7c637eeae7bcc5d642e2e8913c69fe7a98011516b93,25/06/2023 23:13:46,ESCANER
20607,"Petén",17,"La Libertad",5,3204,282,29,2,25,35,13,1,0,1,106,3,4,113,0,113,--,279,166,106,113,113,Algún campo sin dato,1,60ae0f046ad2e6937f044d26d83fa5b87fea67b38072291010cda462f20d5797,26/06/2023 03:14:48,ESCANER
20608,"Petén",17,"La Libertad",5,3204,281,14,0,21,18,11,0,0,0,64,5,1,70,0,70,--,278,208,64,70,70,Algún campo sin dato,1,cd55ccefbee0f36d18a75f0a7f03df24c2b766d4129077e54a69b85093febb94,25/06/2023 22:11:30,ESCANER
20609,"Petén",17,"La Libertad",5,3205,380,45,3,21,90,23,0,3,6,191,13,2,206,0,206,--,380,174,191,206,206,Algún campo sin dato,1,52c84bb55dc28c69a9d3323dae9eef415897b7b83910716039150ed507874f69,26/06/2023 02:12:29,ESCANER
20610,"Petén",17,"La Libertad",5,3205,380,59,6,24,79,12,0,1,3,184,8,4,196,0,196,--,380,184,184,196,196,Algún campo sin dato,1,5182bd73c27c33a3db0e52685a76561125372788375e0a32de9c6791a5dcdc73,26/06/2023 01:39:48,ESCANER
20611,"Petén",17,"La Libertad",5,3205,380,46,2,16,59,11,2,1,5,142,17,10,169,0,169,--,380,211,142,169,169,Algún campo sin dato,1,6be5cc17058f6b51853a332e343353b9057f60f223b6d0a165795f3220aff1e3,26/06/2023 00:49:09,ESCANER
20612,"Petén",17,"La Libertad",5,3205,380,34,4,16,61,13,0,0,5,133,8,2,143,0,143,--,380,237,133,143,143,Algún campo sin dato,1,2c386c3b9460b15aa506f8875fbf1b2c2f93047eb629a14f19b378d5c016a024,25/06/2023 23:40:32,ESCANER
20613,"Petén",17,"La Libertad",5,3205,380,49,0,14,67,18,0,0,2,150,13,3,166,0,166,--,380,214,150,166,166,Algún campo sin dato,1,26abdb6c7ec078ae2cf511afe6005c62f57a033352f6b0fabce1987fed81c986,25/06/2023 22:00:16,ESCANER
20614,"Petén",17,"La Libertad",5,3205,380,50,3,21,51,16,1,0,5,147,8,1,156,0,156,--,379,223,147,156,156,Algún campo sin dato,1,0b0730ce08a1f6e6ad0ee1677c40032c3ee09ed52614ff01b616272a11276c1d,25/06/2023 23:49:03,ESCANER
20615,"Petén",17,"La Libertad",5,3205,380,44,5,23,45,16,2,1,6,142,16,5,163,0,163,--,380,217,142,163,163,Algún campo sin dato,1,3fe53ec2b25f2015b7d72ef8676078c9ce47c76ad1d90a4a8a639c16a3e938f5,25/06/2023 23:55:47,ESCANER
20616,"Petén",17,"La Libertad",5,3205,380,53,4,7,55,19,0,1,6,145,15,4,164,0,164,--,377,213,145,164,164,Algún campo sin dato,1,d7dc07cbdeb30c0fc602d52699f9c54c8912030627388bd948003859aa6de88b,25/06/2023 22:51:29,ESCANER
20617,"Petén",17,"La Libertad",5,3205,380,55,2,10,55,12,2,0,8,144,14,3,161,0,161,--,380,219,144,161,161,Algún campo sin dato,1,66ea240e2069569591b4f2ab7ca78a42712645fbb035230ad0e29701d5498708,26/06/2023 00:52:41,ESCANER
20618,"Petén",17,"La Libertad",5,3205,380,51,1,16,53,16,3,0,4,144,14,3,161,0,161,--,380,219,144,161,161,Algún campo sin dato,1,5143810d8aad1daebbdcce31e7f66de48ffbcbc6baa201b918af7f755e3eaa58,25/06/2023 23:24:44,ESCANER
20619,"Petén",17,"La Libertad",5,3205,380,39,5,17,74,11,2,0,4,152,6,4,162,0,162,--,380,218,152,162,162,Algún campo sin dato,1,c1d77b5b1054e08a01f06ee5a782ffabb9ad516ae4681ec1ac7be73dbbb35d0b,26/06/2023 01:21:51,ESCANER
20620,"Petén",17,"La Libertad",5,3205,380,46,2,13,76,22,0,0,8,167,2,0,169,0,169,--,380,211,167,169,169,Algún campo sin dato,1,cebcc72502bef4fef9e86bec2ef67b3886e23df1b5084a55d10cbd672d7fcf7f,26/06/2023 01:28:18,ESCANER
20621,"Petén",17,"La Libertad",5,3205,380,57,0,21,64,11,0,0,5,158,3,3,164,0,164,--,380,216,158,164,164,Algún campo sin dato,1,d359366064413381e33dc43b8d29dc66a3e690035acd905a5c150453e4035f49,25/06/2023 21:40:38,ESCANER
20622,"Petén",17,"La Libertad",5,3205,228,36,0,4,32,2,0,0,5,79,1,2,82,0,82,--,227,145,79,82,82,Algún campo sin dato,1,c6671f0f6caf8978f0469ae4f7759666e54f03d6777fcc2acb85868213e99e29,25/06/2023 21:06:11,ESCANER
20623,"Petén",17,"La Libertad",5,3205,227,28,0,7,31,7,0,0,4,88,8,3,88,0,88,--,227,139,77,88,88,Sumas Asentadas sin cuadrar,1,aaaf5aa2df737ca2a3eddacb5dfb930ef21a0f10efd41906262ff5cfc2f6a548,25/06/2023 21:29:32,ESCANER
20624,"Petén",17,"La Libertad",5,3206,380,67,5,14,24,34,2,0,2,148,21,6,175,0,175,0,380,205,148,175,175,,1,ac63bfceb463de65e8796ec75b816bbf3383d7ce2a618859d8688a58fcae1b8e,25/06/2023 21:14:26,ESCANER
20625,"Petén",17,"La Libertad",5,3206,380,55,1,17,38,42,0,0,4,157,20,3,180,0,180,--,380,200,157,180,180,Algún campo sin dato,1,d8151646e7f2368d1792a5db314c80d890dc02f664b48f3b25d90c98c5ce00b7,26/06/2023 03:04:58,ESCANER
20626,"Petén",17,"La Libertad",5,3206,380,57,6,28,50,41,2,1,1,186,13,3,202,0,202,--,380,178,186,202,202,Algún campo sin dato,1,c5fbda25fcc5594600c61668d89b736953582ff544cfa514f020279a65156740,25/06/2023 21:26:11,ESCANER
20627,"Petén",17,"La Libertad",5,3206,380,46,9,22,47,41,2,1,0,168,12,6,186,0,186,--,380,194,168,186,186,Algún campo sin dato,1,8ae1a51caa264213bb983569fde63825c13a24cabb69120ba1f9f31d90265a42,26/06/2023 02:52:45,ESCANER
20628,"Petén",17,"La Libertad",5,3206,380,70,1,15,39,39,1,1,1,167,5,1,173,0,173,--,380,207,167,173,173,Algún campo sin dato,1,438430a5cf55cdb586f3883b2a7749661b451a533e23657a3007584f58df6577,26/06/2023 02:58:12,ESCANER
20629,"Petén",17,"La Libertad",5,3206,380,72,3,20,21,33,1,0,3,153,20,2,175,0,175,--,380,205,153,175,175,Algún campo sin dato,1,f49ab614bb648adf158caa9492d8e064ba1fab208fac41317706639eab33a54b,25/06/2023 21:57:52,ESCANER
20630,"Petén",17,"La Libertad",5,3206,380,60,1,14,33,30,1,1,2,142,16,4,162,0,162,--,380,218,142,162,162,Algún campo sin dato,1,0ca607e1138b36f5f320081f4d2176acdf8097d6782487ffe1c02ee0484469d1,26/06/2023 02:08:37,ESCANER
20631,"Petén",17,"La Libertad",5,3206,380,70,1,20,23,38,0,1,0,153,13,6,172,0,172,--,380,208,153,172,172,Algún campo sin dato,1,515e8d4f698debfeea550fca8ad7fa601944289f3185abbf1fe8e3c7a087b586,25/06/2023 22:56:35,ESCANER
20632,"Petén",17,"La Libertad",5,3206,380,67,1,15,30,28,0,0,1,142,12,8,0,0,162,--,377,215,142,162,162,Algún campo sin dato,1,6954f8fdfadbf739df2330de06cfc0fd8dfb48099649c903cc0ba89aaa2d98fc,26/06/2023 01:45:42,ESCANER
20633,"Petén",17,"La Libertad",5,3206,380,68,1,9,29,39,0,0,1,147,13,4,164,0,164,--,--,--,147,164,164,Algún campo sin dato,1,b99e616350dc2c1f8810af29718e41673429c59b8f070c0da0847b677ad4559b,25/06/2023 23:29:31,ESCANER
20634,"Petén",17,"La Libertad",5,3206,380,60,1,23,30,36,1,1,3,155,11,8,174,0,174,--,380,206,155,174,174,Algún campo sin dato,1,a70f933c9243d65cc9c8fe1cc740f29c67d98506ffd59a65bbb498777333f6ab,26/06/2023 01:51:55,ESCANER
20635,"Petén",17,"La Libertad",5,3206,380,64,2,18,24,34,4,2,2,150,14,2,166,0,166,--,380,214,150,166,166,Algún campo sin dato,1,759d565a06c701c57b429597bf4fa394b2d1814266eead6fd690eacc98a32ba6,26/06/2023 02:44:27,ESCANER
20636,"Petén",17,"La Libertad",5,3206,380,61,2,14,25,41,0,0,2,145,13,1,159,0,159,--,380,221,145,159,159,Algún campo sin dato,1,58642b5e00f2592d178c7a5e589f78b460fd8c1d3ff1d4c6c3a87298d5e84b87,25/06/2023 22:41:19,ESCANER
20637,"Petén",17,"La Libertad",5,3206,380,55,2,13,39,40,0,1,0,150,5,0,155,0,155,--,373,218,150,155,155,Algún campo sin dato,1,681a708a08b344a4744478a9f85e17c8cc737559f38d291b5377e921aab05604,26/06/2023 01:27:35,ESCANER
20638,"Petén",17,"La Libertad",5,3206,380,68,0,12,37,32,0,1,0,150,3,0,153,0,153,--,380,227,150,153,153,Algún campo sin dato,1,c0245ab903969d85cf6e2a9e7ae24dc3fc795d55c2563664e9c3075ffc9803d0,25/06/2023 21:36:40,ESCANER
20639,"Petén",17,"La Libertad",5,3206,380,74,0,15,23,24,0,0,2,138,6,1,145,0,145,--,380,235,138,145,145,Algún campo sin dato,1,1808dc7e94741363cdda0677ba742120bf614e840a4da2a62772c88542eac7a0,25/06/2023 23:39:50,ESCANER
20640,"Petén",17,"La Libertad",5,3206,203,41,1,9,19,12,1,0,1,84,1,0,85,0,85,--,197,112,84,85,85,Algún campo sin dato,1,3e8efadaec51c33180409b5a58fe2b4f089a0dcb51f7acae4c19f961f97f6405,25/06/2023 23:44:57,ESCANER
20641,"Petén",17,"La Libertad",5,3206,203,22,1,8,21,10,0,0,1,63,6,8,77,0,77,--,195,118,63,77,77,Algún campo sin dato,1,723d392163af8c8511b87a961fe2082f3ef341d89e5cf0d4fd0d7fb107bb6f90,25/06/2023 21:13:58,ESCANER
20642,"Petén",17,"La Libertad",5,3207,380,79,3,8,54,20,3,0,2,169,17,9,195,0,195,--,380,185,169,195,195,Algún campo sin dato,1,8466c5414294bb646b7865731dcfb43929aaeccb3c76e2a905a008aa0ebb041b,25/06/2023 22:59:18,ESCANER
20643,"Petén",17,"La Libertad",5,3207,380,104,0,6,53,11,1,0,3,178,8,1,187,0,187,--,381,194,178,187,187,Algún campo sin dato,1,b8bc0776d7c956b2c226f1cc569a3fba5566a73c1e0f2829a8e3026ee3cf88a7,25/06/2023 22:11:53,ESCANER
20644,"Petén",17,"La Libertad",5,3207,380,86,1,11,53,32,1,0,1,185,10,6,201,0,201,--,381,180,185,201,201,Algún campo sin dato,1,4f78b60b1ae0f80f90532fafca8420cf45fa465f81587406e6b2ad56d53ce1dd,25/06/2023 22:48:32,ESCANER
20645,"Petén",17,"La Libertad",5,3207,283,60,0,10,55,12,1,0,3,141,6,2,149,0,149,--,281,132,141,149,149,Algún campo sin dato,1,e086a0e7f9d31c92ffd8d520afc8ded565ce4085e4d6b8edee11d0439866de60,25/06/2023 22:28:39,ESCANER
20646,"Petén",17,"La Libertad",5,3207,283,58,1,5,40,16,0,0,5,125,2,2,129,0,129,--,281,152,125,129,129,Algún campo sin dato,1,7ca126ee070298cd45746ae3a13997eeda2ba2bedfe5614106bb21e5fc8afded,25/06/2023 22:21:36,ESCANER
20647,"Petén",17,"La Libertad",5,3208,380,73,2,10,48,20,2,0,4,159,16,8,183,0,0,--,380,197,159,183,183,Algún campo sin dato,1,01c0a7e9a5f2f03a0ac5e3d9163e45f05ceaaa941bdb30de90b91d3e55881930,26/06/2023 03:01:45,ESCANER
20648,"Petén",17,"La Libertad",5,3208,380,63,3,15,59,24,1,0,3,168,17,5,190,0,190,--,380,190,168,190,190,Algún campo sin dato,1,e65c383dc8b3c33ca07276573250aa3d420acc9b5787858347a952086c79ffd0,26/06/2023 01:25:49,ESCANER
20649,"Petén",17,"La Libertad",5,3208,380,54,8,19,68,29,1,0,3,182,12,0,194,0,194,--,380,186,182,194,194,Algún campo sin dato,1,bbdfd5b4b8f791023a8bc0baef82874c2622317f3f5320c839204ff7927a9317,26/06/2023 03:21:29,ESCANER
20650,"Petén",17,"La Libertad",5,3208,380,57,2,8,66,35,3,0,1,172,15,2,189,0,189,--,380,191,172,189,189,Algún campo sin dato,1,fefd4e402374db1b76a4d962614f0dab261f5061a2a31cba3694564110e2cabd,26/06/2023 03:07:52,ESCANER
20651,"Petén",17,"La Libertad",5,3208,380,61,0,6,54,24,2,0,2,149,10,1,160,0,160,--,380,220,149,160,160,Algún campo sin dato,1,bdee8a26059b2941a2b3dbf980278cd2f41a768cf15e6b878545b6f09a18c869,26/06/2023 03:14:09,ESCANER
20652,"Petén",17,"La Libertad",5,3208,380,51,1,10,50,29,3,0,2,146,11,1,158,0,0,--,381,223,146,158,158,Algún campo sin dato,1,90ca22d7f6472b76f7fec44374da1a58a91a8f2b9876cf39b873ba24dae3bc25,26/06/2023 03:19:48,ESCANER
20653,"Petén",17,"La Libertad",5,3208,380,59,3,14,46,24,1,0,2,149,12,5,166,0,166,--,380,214,149,166,166,Algún campo sin dato,1,50e3f1ab6d720eeb2a0adafdd6d2084193f2a609d8382212fdffe2da074c0e74,26/06/2023 03:28:37,ESCANER
20654,"Petén",17,"La Libertad",5,3208,380,51,2,15,45,23,1,0,3,140,15,8,163,0,163,--,380,217,140,163,163,Algún campo sin dato,1,93c0354ea9d2a13a8e9d1732cfe5a8dbd1d2334761571bcffed15909696f524f,26/06/2023 00:26:42,ESCANER
20655,"Petén",17,"La Libertad",5,3208,380,54,4,16,37,19,3,0,2,135,17,2,154,0,154,--,376,222,135,154,154,Algún campo sin dato,1,f58b1b685f33dee4e757524f53ea6f950749d5d2125125dfaafd74b831d7c1c3,26/06/2023 02:50:04,ESCANER
20656,"Petén",17,"La Libertad",5,3208,380,44,2,11,31,16,1,0,2,107,9,9,125,0,125,--,380,255,107,125,125,Algún campo sin dato,1,58e7dcbcd94642359635c39a6df9c4cfc66e9dfa3f575861f22d87e138c440ce,26/06/2023 02:31:13,ESCANER
20657,"Petén",17,"La Libertad",5,3208,380,56,2,11,43,21,1,0,1,135,9,3,147,0,147,--,380,233,135,147,147,Algún campo sin dato,1,f6fe1ea2cec2aeeb607f64ed227e0d96e7794b41734d8932b27aeb79be2320c0,26/06/2023 01:37:35,ESCANER
20658,"Petén",17,"La Libertad",5,3208,380,51,2,7,56,17,0,0,0,133,1,1,135,3,138,0,380,242,133,135,138,,1,34d5a63b9fcac99c03c3e6d1eb18d7602ffcb2746b35f969ccd15c561c92971d,26/06/2023 03:22:08,ESCANER
20659,"Petén",17,"La Libertad",5,3208,380,52,4,11,45,20,0,0,5,137,5,0,142,0,142,--,379,237,137,142,142,Algún campo sin dato,1,29cf9ee0ccc2ce5a18716892001a5fe4b7528a8a04d1f90b462791757e8d0914,26/06/2023 03:20:08,ESCANER
20660,"Petén",17,"La Libertad",5,3208,275,33,2,4,36,10,0,0,1,86,4,0,90,0,90,--,275,185,86,90,90,Algún campo sin dato,1,2c459217bb8d6b6671317dd12021a086b03ca6b30527f5f78f8a463333d59132,25/06/2023 23:57:56,ESCANER
20661,"Petén",17,"La Libertad",5,3208,275,27,3,3,31,16,0,0,1,81,7,3,91,0,91,--,275,184,81,91,91,Algún campo sin dato,1,b7096b235a6e52d6bbdefcbc73808fc356c3931a98dec0d51a3948e0e860917b,25/06/2023 22:39:24,ESCANER
20662,"Petén",17,"La Libertad",5,3209,291,91,0,9,27,12,0,0,2,141,8,2,151,0,151,1,288,136,141,151,151,,1,7244ef0065eb42327707bf25efe31aea0915c4b51832eb88679400b85220f153,26/06/2023 01:15:43,MOVIL
20663,"Petén",17,"La Libertad",5,3209,291,79,1,15,21,10,0,0,1,127,6,2,135,0,135,--,289,154,127,135,135,Algún campo sin dato,1,452468c9dc2330ff605cf10446fb90de6e2aeaf9afc94de67775dcabcc02c291,26/06/2023 00:22:25,MOVIL
20664,"Petén",17,"La Libertad",5,3210,600,10,0,8,27,8,0,0,0,53,7,0,60,0,60,--,597,537,53,60,60,Algún campo sin dato,1,3de5f4fb2dc74fe6e5386ab2870c933ac6cef4892ca1d1629d6608bef4376041,25/06/2023 23:24:21,ESCANER
20665,"Petén",17,"La Libertad",5,3210,518,9,0,2,17,3,0,0,0,31,4,0,35,0,35,--,523,488,31,35,35,Algún campo sin dato,1,9b75022ca2d46f566c609877aa3356e8de25ef9a127ae66e8a7ddefd204deea0,25/06/2023 20:24:59,ESCANER
20666,"Petén",17,"La Libertad",5,3210,517,4,0,2,8,0,0,0,0,14,1,0,15,0,15,--,517,502,14,15,15,Algún campo sin dato,1,840f321f82fe68cbaeb756a567798ef14c124aa97a46306469b58370fca55dd1,25/06/2023 19:34:47,ESCANER