﻿TIPO_DE_ELECCIÓN:,CORPORACIÓN MUNICIPAL
28 junio 2023 21:35 (UTC -6)
ACTAS_ESPERADAS,ACTAS_CAPTURADAS,PORCENTAJE_ACTAS_CAPTURADAS,ACTAS_CONTABILIZADAS,PORCENTAJE_ACTAS_CONTABILIZADAS,ACTAS_NO_CONTABILIZADAS,LISTA_NOMINAL_ACTAS_CONTABILIZADAS,VOTOS_EMITIDOS_CONTABILIZADAS,PORCENTAJE_PARTICIPACIÓN_CIUDADANA
43,43,100.0000,43,100.0000,0,16049,11057,68.8952

MESA,DEPARTAMENTO,ID_DEPARTAMENTO,MUNICIPIO,ID_MUNICIPIO,CENTRO_DE_VOTACIÓN,PADRÓN,VAMOS,PODEMOS,VIVA,MLP,CAMBIO,TODOS,CABAL,VALOR,UNE,BIEN,VÁLIDOS,NULOS,BLANCO,EMITIDOS,INVÁLIDOS,TOTAL,IMPUGNACIONES,PAPELETAS-RECIBIDAS,PAPELETAS-NO-USADAS,VALIDOS_CALCULADO,EMITIDOS_CALCULADO,TOTAL_CALCULADO,OBSERVACIONES,CONTABILIZADA,CÓDIGO_INTEGRIDAD,FECHA_HORA_PUBLICACIÓN,DIGITALIZACIÓN
12513,"Suchitepéquez",10,"Río Bravo",20,1710,400,123,5,6,0,1,103,7,21,6,1,273,22,2,297,0,297,--,400,102,273,297,297,Algún campo sin dato,1,46d8dc85bdb552df7b10185fc624cc8d353be01745649572100c186fdd1799aa,26/06/2023 00:45:14,ESCANER
12514,"Suchitepéquez",10,"Río Bravo",20,1710,400,108,0,6,0,0,112,3,26,6,1,262,24,1,287,113,400,--,400,113,262,287,400,Algún campo sin dato,1,5577847077e9962cbe4a8de10f60f00bfc69ec202d0bd61225439fc1552a7453,26/06/2023 00:03:40,ESCANER
12515,"Suchitepéquez",10,"Río Bravo",20,1710,400,125,7,6,0,1,110,3,25,6,0,283,21,1,305,95,400,--,400,95,283,305,400,Algún campo sin dato,1,56f64e9033d3d94f3b875553171b4051e9916e5ebc7d8b82a1462809e84c43f7,25/06/2023 23:42:58,ESCANER
12516,"Suchitepéquez",10,"Río Bravo",20,1710,400,121,1,7,1,1,93,3,27,12,0,266,22,4,292,0,292,1,400,108,266,292,292,,1,84195462f8fb5d11f69f719d392e7e8a165b4664f60c0e18f8a8d0e089e56b22,26/06/2023 02:34:00,ESCANER
12517,"Suchitepéquez",10,"Río Bravo",20,1710,400,129,2,8,0,1,105,3,32,5,1,286,18,2,306,0,306,0,400,94,286,306,306,,1,97534a84d722b21878b769ff63f136f27ae5f308386a820a49e4537925d846a5,25/06/2023 23:56:29,ESCANER
12518,"Suchitepéquez",10,"Río Bravo",20,1711,400,117,4,5,3,2,93,5,39,10,0,278,17,5,300,0,300,--,--,--,278,300,300,Algún campo sin dato,1,c51169156e59dd6ab6c610bedefb06a4b5d0c458f4507499f49da4f30d97ff59,26/06/2023 03:07:14,ESCANER
12519,"Suchitepéquez",10,"Río Bravo",20,1711,400,114,2,9,1,0,114,3,41,4,0,288,26,4,318,0,318,--,400,82,288,318,318,Algún campo sin dato,1,3d9753f7ed22a44d71aeac16304e7cc2d8375cca04278df15ca142e4aa3964bb,26/06/2023 04:31:45,ESCANER
12520,"Suchitepéquez",10,"Río Bravo",20,1711,400,117,5,9,2,1,104,5,33,10,1,287,20,83,390,7,397,--,397,83,287,390,397,Algún campo sin dato,1,2b0375e2e2ab95721112f5dc0af75799b35ad23b90140bf10160e0f083910eab,26/06/2023 03:03:07,ESCANER
12521,"Suchitepéquez",10,"Río Bravo",20,1711,400,115,2,10,2,1,102,5,35,12,1,281,10,2,293,0,293,--,400,107,285,297,297,Sumas Asentadas sin cuadrar,1,550a5535f362c4a632fd697dd048daf29b1f566fab38e8c7985ad89123e8013d,26/06/2023 00:56:19,ESCANER
12522,"Suchitepéquez",10,"Río Bravo",20,1711,400,103,1,4,0,1,100,5,20,3,0,237,3,0,240,8,248,--,400,152,237,240,248,Algún campo sin dato,1,aaec3a5baddeabad14e0a205e5737e6ed3767d11a3eaad44e2f09fcc1fa41b54,26/06/2023 03:03:00,ESCANER
12523,"Suchitepéquez",10,"Río Bravo",20,1711,400,90,0,5,0,1,90,1,25,4,0,216,21,4,216,25,241,--,397,158,216,241,266,Sumas Asentadas sin cuadrar,1,0b3a5b728513c8c985cb92c04b7efd6b73cf841adee6b29a05710bcb817927f0,26/06/2023 02:51:52,ESCANER
12524,"Suchitepéquez",10,"Río Bravo",20,1711,400,108,0,6,0,0,99,4,24,4,1,246,8,2,256,0,256,--,400,144,246,256,256,Algún campo sin dato,1,543117155beb0ac4b8a5737d47e0652a69ae213381e0e3fd6090a3ba6458b235,25/06/2023 23:20:48,ESCANER
12525,"Suchitepéquez",10,"Río Bravo",20,1711,400,105,3,8,0,0,99,3,28,0,0,246,11,1,258,0,258,--,400,142,246,258,258,Algún campo sin dato,1,60e91e38027fe3eb5216edd85e4d21d8a0ff9e15ab1e79eb9acd4116c9403d42,26/06/2023 01:50:48,ESCANER
12526,"Suchitepéquez",10,"Río Bravo",20,1712,400,93,1,7,--,3,108,4,24,4,2,246,14,5,265,--,265,--,400,132,246,265,265,Algún campo sin dato,1,fcf5ff40fac72d0698158300fe0d6ace224c5f0e6e0a5e9a750053294db88d5a,26/06/2023 04:25:10,ESCANER
12527,"Suchitepéquez",10,"Río Bravo",20,1712,400,107,2,3,1,0,79,2,18,6,1,219,21,3,243,0,243,--,--,--,219,243,243,Algún campo sin dato,1,fcf1b44a568c43bab29d7b93c9a6ace52dbaff776a1f8b0a0802640f98042501,26/06/2023 05:06:36,MOVIL
12528,"Suchitepéquez",10,"Río Bravo",20,1712,400,99,1,5,0,0,98,1,27,3,0,234,10,0,244,0,244,--,400,156,234,244,244,Algún campo sin dato,1,898a10b700692af745fee0f9b667b60939640c1e268e48a111ceb1504a65487b,26/06/2023 04:29:39,ESCANER
12529,"Suchitepéquez",10,"Río Bravo",20,1712,400,106,2,1,0,1,90,2,27,0,0,229,3,0,232,0,232,--,400,168,229,232,232,Algún campo sin dato,1,13f93ad5b38209a5f3ad9e1c3550b16de83499c2b59d2d0f2ec6dd494330452a,26/06/2023 04:21:26,ESCANER
12530,"Suchitepéquez",10,"Río Bravo",20,1712,400,104,1,5,1,0,77,5,20,4,0,217,4,0,221,0,221,--,400,179,217,221,221,Algún campo sin dato,1,94f3e7aef052dcf04a7bc68931388bf346b827609f213f3b9ac31bad2844370f,26/06/2023 04:35:47,ESCANER
12531,"Suchitepéquez",10,"Río Bravo",20,1712,400,137,1,3,0,0,106,3,32,1,0,283,1,1,285,0,285,--,--,--,283,285,285,Algún campo sin dato,1,815e75f3c0939bdd1267c21449b1c288c2d123eb1c2d337e8819fb622f9bf65b,26/06/2023 00:40:09,ESCANER
12532,"Suchitepéquez",10,"Río Bravo",20,1712,400,105,0,3,0,1,96,2,37,3,1,248,9,1,258,0,258,--,400,142,248,258,258,Algún campo sin dato,1,69faafd0169f19222b7e7a806b0c83886d580cc935fcad816cf9777e1fdfddef,26/06/2023 05:52:14,ESCANER
12533,"Suchitepéquez",10,"Río Bravo",20,1712,219,45,0,3,1,1,54,0,17,2,0,123,2,1,126,0,126,--,219,93,123,126,126,Algún campo sin dato,1,f8f83ae0dd8350255329927bae8d94bd28ab524196013972fa018625dd8b6f47,25/06/2023 23:42:08,ESCANER
12534,"Suchitepéquez",10,"Río Bravo",20,1712,218,49,1,4,0,1,37,1,10,1,0,104,4,2,110,0,110,--,218,108,104,110,110,Algún campo sin dato,1,077c5d6ce4bdb5cfcdfcb3d4ebb84029d55bc683725c718f8048b7035bc6452f,25/06/2023 23:25:33,ESCANER
12535,"Suchitepéquez",10,"Río Bravo",20,1713,400,106,7,8,0,1,103,8,11,4,2,250,36,2,288,0,288,--,400,112,250,288,288,Algún campo sin dato,1,3b25c678a6801f7df63c64629c525c74af9707950d26fd8c5a7391a548c70bcc,26/06/2023 01:13:22,ESCANER
12536,"Suchitepéquez",10,"Río Bravo",20,1713,400,111,5,15,1,1,93,12,24,11,1,274,30,5,309,0,309,0,400,91,274,309,309,,1,6327b9515064318054622adfdf3293ad7ecb86876f98908655f49caf1141e314,25/06/2023 23:58:39,ESCANER
12537,"Suchitepéquez",10,"Río Bravo",20,1713,400,103,3,16,1,1,102,14,26,10,0,276,43,83,400,0,400,--,400,81,276,402,402,Sumas Asentadas sin cuadrar,1,4f0c8ec8a6428bc1c84369f1038a41d1b21e0a50bed78e0026896e52d8155526,26/06/2023 01:35:04,ESCANER
12538,"Suchitepéquez",10,"Río Bravo",20,1713,400,111,3,8,0,1,98,5,25,11,1,263,40,7,310,0,310,--,400,90,263,310,310,Algún campo sin dato,1,64878e14599330a3e6527f70acde0aa17ff9fe5bac15d6e82fc7f2e62986e012,25/06/2023 23:49:43,ESCANER
12539,"Suchitepéquez",10,"Río Bravo",20,1713,400,96,0,7,1,2,117,6,12,9,2,252,25,2,279,0,279,--,400,118,252,279,279,Algún campo sin dato,1,620c1c39a1f379365df9420e9388ade56f45b24d37a74627932f18bfb6761f22,26/06/2023 00:13:51,ESCANER
12540,"Suchitepéquez",10,"Río Bravo",20,1713,400,93,3,12,0,2,96,6,15,9,1,237,21,2,260,0,260,--,--,--,237,260,260,Algún campo sin dato,1,bb135c2f071916b62738d4ba17d26473d35d40994115da11ac7d0a280e338176,26/06/2023 00:52:50,ESCANER
12541,"Suchitepéquez",10,"Río Bravo",20,1713,400,92,5,7,1,2,102,9,18,3,2,241,19,136,396,4,400,--,400,136,241,396,400,Algún campo sin dato,1,79512420135f7e8fd88aba432ed747d151581b1aea05ef543d17decf2c6e0ce2,26/06/2023 00:06:07,ESCANER
12542,"Suchitepéquez",10,"Río Bravo",20,1713,400,119,3,7,0,0,85,2,26,2,0,244,4,1,249,0,249,--,397,148,244,249,249,Algún campo sin dato,1,aebfa8e9d61790b3c50b44c5dc65bce4a974e0d2dd6be25df0c34547d3257862,26/06/2023 01:03:22,ESCANER
12543,"Suchitepéquez",10,"Río Bravo",20,1713,264,63,2,7,1,0,78,4,12,2,0,169,4,0,173,0,169,--,264,91,169,173,173,Sumas Asentadas sin cuadrar,1,2b99488494768ed58049a7b1e6ee23b86462f3883713d04660dc08c12d6f1e45,25/06/2023 23:40:09,ESCANER
12544,"Suchitepéquez",10,"Río Bravo",20,1713,263,74,1,3,0,0,51,4,13,5,1,152,5,2,159,0,159,--,260,101,152,159,159,Algún campo sin dato,1,d6f6c17d4f15e04f6a9f9836c35ac8927f945bc2574c94f6ba07b51d4fe76754,25/06/2023 23:27:22,ESCANER
12545,"Suchitepéquez",10,"Río Bravo",20,1714,380,89,0,13,0,1,113,2,45,5,1,269,28,5,302,0,302,--,380,78,269,302,302,Algún campo sin dato,1,38e6a48d6157adb83fc71aecd8fa9b9934ad9c6ae4694e5e69b0e60f27eaf93d,26/06/2023 01:06:50,ESCANER
12546,"Suchitepéquez",10,"Río Bravo",20,1714,380,110,1,8,0,0,124,2,41,5,1,292,23,3,318,0,318,--,377,59,292,318,318,Algún campo sin dato,1,51c6bee3325d07808038b69d3fc6e01bf85120f7c2dc6b962c8261e0a2bc0d77,26/06/2023 03:14:28,MOVIL
12547,"Suchitepéquez",10,"Río Bravo",20,1714,380,82,0,6,0,1,124,0,35,1,2,251,17,4,272,0,272,--,380,108,251,272,272,Algún campo sin dato,1,798c657eb54d7aed7512681f14c79dde379df9b09f95ebaf60f81d9a5fdd4871,26/06/2023 00:23:15,ESCANER
12548,"Suchitepéquez",10,"Río Bravo",20,1714,380,87,1,7,0,0,106,1,45,2,1,250,31,2,283,0,283,--,380,97,250,283,283,Algún campo sin dato,1,acf28e8d7ea3f09f1713bf303d3824a6045ed88d42abeea72229cae7a3a3234e,26/06/2023 00:50:53,ESCANER
12549,"Suchitepéquez",10,"Río Bravo",20,1714,298,72,0,6,1,0,91,0,45,1,0,216,4,3,223,0,223,--,298,75,216,223,223,Algún campo sin dato,1,b04208033418f897f3ed54202d83e3cd6a57da329459c786bb05e4b3d1ebd01a,26/06/2023 01:01:56,ESCANER
12550,"Suchitepéquez",10,"Río Bravo",20,1714,298,73,0,4,0,0,78,1,37,0,0,193,3,1,197,0,197,1,198,101,193,197,197,,1,ac0781c20ac17b06b6d9e8b31691f0a3189db4025ec136544d86e0103027e954,26/06/2023 00:49:45,ESCANER
12551,"Suchitepéquez",10,"Río Bravo",20,1715,380,62,1,11,0,4,114,9,6,15,0,222,30,12,264,0,264,--,380,116,222,264,264,Algún campo sin dato,1,496d8ac26c3beffaecdc78c16a2188b7452f0d22f2aa77e09929e8bace333b12,26/06/2023 02:08:14,ESCANER
12552,"Suchitepéquez",10,"Río Bravo",20,1715,380,62,0,18,0,0,97,4,13,14,1,209,27,2,238,0,238,--,380,142,209,238,238,Algún campo sin dato,1,ba198dcb8bffc1c2d899e846365c1d782f14a795e85eb39acf22147068d1633a,26/06/2023 00:42:37,ESCANER
12553,"Suchitepéquez",10,"Río Bravo",20,1715,206,34,2,5,0,0,63,3,9,3,0,119,16,1,136,0,136,--,203,67,119,136,136,Algún campo sin dato,1,3333ac286e05e559810b0684046e430d517618d8b078cde3b28a3b936f412ebe,25/06/2023 23:40:49,ESCANER
12554,"Suchitepéquez",10,"Río Bravo",20,1715,206,29,0,2,0,0,55,2,5,4,0,97,5,1,103,--,103,--,206,103,97,103,103,Algún campo sin dato,1,5f12551447b3bdc7361f36b3fd6b7a94025f501eb76df62c4f4eb007f2393cad,25/06/2023 22:57:47,ESCANER
12555,"Suchitepéquez",10,"Río Bravo",20,1716,597,49,0,6,0,3,43,3,7,2,0,113,11,1,125,0,125,--,593,468,113,125,125,Algún campo sin dato,1,ebd0aa7a45adc12d630796d218ae2ce3ee36eae867d05206623759f67f6cd8ad,26/06/2023 00:21:25,ESCANER