﻿TIPO_DE_ELECCIÓN:,CORPORACIÓN MUNICIPAL
28 junio 2023 21:35 (UTC -6)
ACTAS_ESPERADAS,ACTAS_CAPTURADAS,PORCENTAJE_ACTAS_CAPTURADAS,ACTAS_CONTABILIZADAS,PORCENTAJE_ACTAS_CONTABILIZADAS,ACTAS_NO_CONTABILIZADAS,LISTA_NOMINAL_ACTAS_CONTABILIZADAS,VOTOS_EMITIDOS_CONTABILIZADAS,PORCENTAJE_PARTICIPACIÓN_CIUDADANA
174,174,100.0000,174,100.0000,0,65904,31957,48.4902

MESA,DEPARTAMENTO,ID_DEPARTAMENTO,MUNICIPIO,ID_MUNICIPIO,CENTRO_DE_VOTACIÓN,PADRÓN,CABAL,VALOR UNIONISTA,AZUL,UNE,VAMOS,VICTORIA,ELEFANTE,PODEMOS,TODOS,CAMBIO,VIVA,P A N,SEMILLA,EL TAJAS,VÁLIDOS,NULOS,BLANCO,EMITIDOS,INVÁLIDOS,TOTAL,IMPUGNACIONES,PAPELETAS-RECIBIDAS,PAPELETAS-NO-USADAS,VALIDOS_CALCULADO,EMITIDOS_CALCULADO,TOTAL_CALCULADO,OBSERVACIONES,CONTABILIZADA,CÓDIGO_INTEGRIDAD,FECHA_HORA_PUBLICACIÓN,DIGITALIZACIÓN
22354,"Chiquimula",20,"Chiquimula",1,3485,400,8,34,6,29,25,3,49,3,1,18,9,1,6,49,241,12,0,253,0,253,--,400,147,241,253,253,Algún campo sin dato,1,17dcccbe140b75590fa3eefcbe9f0c797cc7ff43aa30b7a12fd832e0e3b90bdb,25/06/2023 23:27:50,ESCANER
22355,"Chiquimula",20,"Chiquimula",1,3485,400,8,30,11,30,25,2,41,2,1,27,2,1,2,59,241,12,1,254,0,254,--,400,146,241,254,254,Algún campo sin dato,1,f7909e096dab34ff5793d2b82fe627bcd8c8cbacf9e16b4f4577354ad8588007,25/06/2023 22:31:19,ESCANER
22356,"Chiquimula",20,"Chiquimula",1,3485,400,10,35,18,29,25,5,53,2,0,28,2,0,0,44,251,7,1,259,0,259,1,400,140,251,259,259,,1,cf361c0aa171d2b59f10443532838b60f74a93c347403b692d439830455925f3,26/06/2023 00:46:52,ESCANER
22357,"Chiquimula",20,"Chiquimula",1,3485,400,13,30,10,31,32,2,45,1,2,32,2,3,4,41,248,11,3,262,0,262,--,400,138,248,262,262,Algún campo sin dato,1,1d718ca48f8f571b4761d7cedc2f68c3f66adb53110a00762c04e0ae7ac2acd5,25/06/2023 21:37:27,ESCANER
22358,"Chiquimula",20,"Chiquimula",1,3485,400,18,33,8,34,20,3,44,4,2,35,1,2,3,44,251,14,3,268,0,268,--,400,132,251,268,268,Algún campo sin dato,1,1f8d1556e9754444ea84913d1a94c03c4be1b4e91b78428c05d7a43954815fc9,25/06/2023 23:52:37,ESCANER
22359,"Chiquimula",20,"Chiquimula",1,3485,400,13,32,9,32,19,5,47,4,0,25,5,2,1,46,240,14,0,254,0,254,--,400,146,240,254,254,Algún campo sin dato,1,0bd53cf2fe2b8b052c6bfdd0b6f92ff51fa81a76b6f087bdbbb2299c452b9f31,26/06/2023 00:45:00,ESCANER
22360,"Chiquimula",20,"Chiquimula",1,3486,400,6,24,9,20,31,0,62,3,2,24,1,2,2,61,247,3,1,251,0,251,--,400,149,247,251,251,Algún campo sin dato,1,52b26be71d745eb10c3acb658922cf2b06875225c556409d9c740e6c8a52649c,25/06/2023 23:53:45,ESCANER
22361,"Chiquimula",20,"Chiquimula",1,3486,400,10,34,8,33,21,2,50,2,0,28,5,3,3,36,235,10,0,245,0,245,--,400,155,235,245,245,Algún campo sin dato,1,70d00ebc3f004af6f38020147e6631b14d00f84c6708124503b8e7ad849c2834,26/06/2023 00:50:12,ESCANER
22362,"Chiquimula",20,"Chiquimula",1,3486,400,14,25,3,25,13,0,48,4,1,37,3,2,1,58,234,10,0,244,0,244,1,395,155,234,244,244,,1,f37ee204759f5167ef9a92ae42bbb6db5ac6b4020ef0815d7837b060a970e3a4,26/06/2023 02:11:53,ESCANER
22363,"Chiquimula",20,"Chiquimula",1,3486,400,17,31,9,31,29,5,46,9,2,23,0,3,0,49,254,13,1,268,0,268,--,400,132,254,268,268,Algún campo sin dato,1,3d365c03b51f1b4ded531630f61bf723304a97882606d3732590f1447cc4632a,26/06/2023 02:36:47,ESCANER
22364,"Chiquimula",20,"Chiquimula",1,3486,400,13,33,12,24,26,0,47,2,0,21,3,4,3,63,251,6,3,260,0,260,--,400,140,251,260,260,Algún campo sin dato,1,d3bd6bb460ae9abe8f622f4f3856cfe4968657b68dda21243e52a49ce559d232,26/06/2023 01:37:14,ESCANER
22365,"Chiquimula",20,"Chiquimula",1,3486,400,5,25,7,18,24,1,66,1,1,38,0,0,8,64,258,4,0,262,0,262,--,396,134,258,262,262,Algún campo sin dato,1,a967a82d042177d454cbc5190ddb4a93914e2b90b63958f7ac3120bdd8a8bec9,26/06/2023 01:28:56,ESCANER
22366,"Chiquimula",20,"Chiquimula",1,3487,400,4,22,5,17,33,0,45,2,2,26,1,1,12,50,220,4,1,225,0,225,--,400,175,220,225,225,Algún campo sin dato,1,bf8dcfd20091f3e6cd26685641945506d17172d4efe75118536b0d97f65f9d56,26/06/2023 00:29:48,ESCANER
22367,"Chiquimula",20,"Chiquimula",1,3487,400,13,30,5,21,16,4,58,0,3,26,3,3,1,38,221,8,3,232,0,232,--,400,168,221,232,232,Algún campo sin dato,1,38af3eaee1d4f79feb857c899acec82525e838de888fc40d5ef54175c042edf0,26/06/2023 00:56:02,ESCANER
22368,"Chiquimula",20,"Chiquimula",1,3487,400,11,26,5,22,20,3,54,5,0,34,1,2,6,59,248,15,2,265,0,265,1,454,189,248,265,265,,1,0ed1d9cc03e625d055e765a691025f3a5d9ecf8e0c25480a9821a8d7061aafa6,26/06/2023 00:44:39,ESCANER
22369,"Chiquimula",20,"Chiquimula",1,3488,400,8,25,7,23,28,2,41,3,1,35,0,4,3,46,226,5,2,233,0,233,--,401,168,226,233,233,Algún campo sin dato,1,d4a1751a096f0b55e41f90ffc6142c816065fb9c3896e6dde284886732b8a197,26/06/2023 01:10:43,ESCANER
22370,"Chiquimula",20,"Chiquimula",1,3488,400,10,14,6,20,24,1,46,2,1,21,2,1,4,37,189,6,0,195,0,195,--,400,205,189,195,195,Algún campo sin dato,1,757ccd6bac0407ed3d1d7c203038491a20028474cfef48b67e890bee9d516ac7,25/06/2023 22:47:11,ESCANER
22371,"Chiquimula",20,"Chiquimula",1,3488,400,9,22,9,23,18,1,45,1,3,21,5,1,5,46,209,6,0,215,0,215,--,400,185,209,215,215,Algún campo sin dato,1,915e865849682ed4a510af6b145b4c9908a9fdd69cc6b90f8930be3332f0f2b2,25/06/2023 23:32:13,ESCANER
22372,"Chiquimula",20,"Chiquimula",1,3489,242,6,8,4,4,15,0,18,0,0,4,0,3,7,21,90,8,0,98,0,98,--,242,144,90,98,98,Algún campo sin dato,1,4cdff866651313b074e20df32da3e681883d345dffc1be80fb66d5beef67ef12,25/06/2023 22:15:59,ESCANER
22373,"Chiquimula",20,"Chiquimula",1,3489,241,1,10,4,8,5,0,15,0,0,9,0,1,2,19,74,4,1,79,0,79,--,241,162,74,79,79,Algún campo sin dato,1,ff03999b5c0ffe16abd510f3a33b213e0fbfa03ee753d4118d49cb3863ebe3f5,25/06/2023 21:41:03,ESCANER
22374,"Chiquimula",20,"Chiquimula",1,3490,400,7,26,13,18,30,5,52,4,2,20,0,0,4,37,218,15,3,236,0,236,--,400,164,218,236,236,Algún campo sin dato,1,42fdb61c7f0b86c6489b33cd0bfce6bf73b458651bd18f009b164e7521fef8c7,26/06/2023 01:38:25,ESCANER
22375,"Chiquimula",20,"Chiquimula",1,3490,400,12,35,14,14,30,2,46,6,3,22,3,4,2,68,261,12,4,277,0,277,--,400,123,261,277,277,Algún campo sin dato,1,9d99e8ba7376878a40caeb9f239b58a98d79cc3b365e04673ba3229a7d88f86e,26/06/2023 01:37:32,ESCANER
22376,"Chiquimula",20,"Chiquimula",1,3490,400,17,30,9,29,27,1,42,4,2,133,1,1,2,55,252,16,2,271,0,271,--,400,129,353,371,371,Sumas Asentadas sin cuadrar,1,2c3f52265f2ed544cc6588da64de330ba8ec2e1484ae63eb8fe8fc28adba0afa,26/06/2023 02:25:21,ESCANER
22377,"Chiquimula",20,"Chiquimula",1,3490,400,13,35,5,18,34,3,47,8,1,28,5,1,0,46,244,13,4,261,0,261,--,400,139,244,261,261,Algún campo sin dato,1,8aa7a18069878e5da0ec13af54f096d28dc58ff8bc633f12781b10db2a0b7981,26/06/2023 03:38:18,ESCANER
22378,"Chiquimula",20,"Chiquimula",1,3490,400,6,27,18,20,31,1,47,2,1,25,0,0,3,40,221,11,1,233,0,233,1,397,164,221,233,233,,1,25051286ac35b910ca0212fa6350655c2e621d70aed6b99671596067d4c7ab41,26/06/2023 02:11:20,ESCANER
22379,"Chiquimula",20,"Chiquimula",1,3490,400,6,30,10,15,36,3,52,4,1,20,1,0,5,43,226,4,1,231,0,231,--,400,169,226,231,231,Algún campo sin dato,1,de727a1f7db246a6e580068b17f3bd3ce8ffecab62862ea76829430ef1abae0a,26/06/2023 01:13:47,ESCANER
22380,"Chiquimula",20,"Chiquimula",1,3490,400,7,26,9,16,34,2,52,2,1,24,2,2,4,46,227,11,4,242,0,242,--,401,159,227,242,242,Algún campo sin dato,1,d08dc71b7ea506ff712b69f887d8e26fcb3be859556982593abf7d1958c84dd6,26/06/2023 01:35:32,ESCANER
22381,"Chiquimula",20,"Chiquimula",1,3490,400,12,32,6,21,25,3,48,3,0,28,0,3,5,54,240,11,0,251,0,251,--,400,149,240,251,251,Algún campo sin dato,1,9a6a979765274f2ae2140d77e49c47583faf8093f7d418546a947f63dd9caa88,26/06/2023 03:14:47,ESCANER
22382,"Chiquimula",20,"Chiquimula",1,3490,400,8,21,12,10,28,0,53,2,1,25,1,1,11,61,234,7,0,241,0,241,--,400,159,234,241,241,Algún campo sin dato,1,9fb59a15d103e4e7465bc4c1d4e949b993ad30445037c26e97add7a837af44f2,26/06/2023 01:47:58,ESCANER
22383,"Chiquimula",20,"Chiquimula",1,3490,400,0,24,9,20,37,1,39,2,1,29,0,4,10,56,232,10,0,242,0,242,1,400,157,232,242,242,,1,d9d018e86abc08f3a26fdf7561c33e811fbb618e7268b7109d8c108618147d82,26/06/2023 02:45:34,ESCANER
22384,"Chiquimula",20,"Chiquimula",1,3490,400,10,30,14,18,36,2,60,2,2,24,2,0,1,47,248,6,2,256,0,256,--,400,144,248,256,256,Algún campo sin dato,1,df65b479c99bcb6f9b08e011e8906bcedb9a9a005f0b2f4730f7496c91d91605,26/06/2023 01:31:15,ESCANER
22385,"Chiquimula",20,"Chiquimula",1,3490,400,7,34,8,20,29,4,39,3,1,17,3,0,1,47,213,11,5,229,0,229,--,400,171,213,229,229,Algún campo sin dato,1,c08869baf017047636cae2675516b6fac8db75729364f62de9b06a3d6ac86e99,26/06/2023 00:13:33,ESCANER
22386,"Chiquimula",20,"Chiquimula",1,3490,400,14,21,15,17,28,0,53,1,3,22,2,2,2,34,214,5,3,222,0,222,--,399,177,214,222,222,Algún campo sin dato,1,16ec71a0e0014fef082a9d7d185ecb778d081b7cf3423a04ee14a1203d1545bd,26/06/2023 01:41:45,ESCANER
22387,"Chiquimula",20,"Chiquimula",1,3490,272,6,14,8,6,19,0,39,0,1,22,0,2,6,25,148,3,0,151,0,151,--,269,118,148,151,151,Algún campo sin dato,1,f2ee98a6a978c00c5c4eca84e6b24eb0425b2694cdc2d75ca4f0250c5c23c6d0,26/06/2023 00:26:36,ESCANER
22388,"Chiquimula",20,"Chiquimula",1,3490,271,4,9,6,7,11,2,19,1,0,7,1,1,6,21,95,6,2,103,0,103,--,271,168,95,103,103,Algún campo sin dato,1,c26dda468262c182126b4425fd40f5e9d6cf13d7dd241dc195cfe66cc250d9a8,26/06/2023 00:36:05,ESCANER
22389,"Chiquimula",20,"Chiquimula",1,3491,400,11,14,14,23,35,0,40,4,0,26,3,1,2,28,201,19,2,222,0,222,--,400,178,201,222,222,Algún campo sin dato,1,15ea3ce40084e6b02934c32d2a7b0eedb0ed3a86afc83b14233aa66e9153e49c,26/06/2023 02:36:24,ESCANER
22390,"Chiquimula",20,"Chiquimula",1,3491,400,15,27,8,26,22,3,34,4,2,32,0,6,3,31,213,12,1,226,0,226,--,400,174,213,226,226,Algún campo sin dato,1,bfb07253762b98749ced5c9cad547ceae41aef15c51b4133ea305999cb161686,26/06/2023 04:10:20,ESCANER
22391,"Chiquimula",20,"Chiquimula",1,3491,400,11,20,10,28,23,3,36,5,2,24,5,1,2,42,212,24,2,238,0,238,--,400,162,212,238,238,Algún campo sin dato,1,20023c86e9ecf79d39df79dcae8d13a7ef55fd2d7167c9a3cd5e8b3a06927621,26/06/2023 04:06:28,ESCANER
22392,"Chiquimula",20,"Chiquimula",1,3491,400,15,24,6,20,36,2,35,4,1,23,3,1,5,34,209,9,1,219,0,219,--,400,181,209,219,219,Algún campo sin dato,1,e694c7959f60a55356a91a2b376862da69282924ef2e45401d7e3e14d3d3a42d,26/06/2023 02:43:27,ESCANER
22393,"Chiquimula",20,"Chiquimula",1,3491,400,8,32,11,18,23,2,51,7,1,20,3,4,2,48,230,6,0,236,0,236,--,400,164,230,236,236,Algún campo sin dato,1,65a25f67ed50ec254cd882dbc29676ae4a35bf218d69138107543c5896dca027,26/06/2023 03:52:59,ESCANER
22394,"Chiquimula",20,"Chiquimula",1,3491,400,12,25,11,22,32,3,42,9,1,32,4,1,5,42,241,7,1,249,0,249,--,402,153,241,249,249,Algún campo sin dato,1,aba6d8cc4901683cf743c4e5137ea4f7d4f1a0ac18574d87f7f98be02506070d,26/06/2023 04:11:56,ESCANER
22395,"Chiquimula",20,"Chiquimula",1,3491,400,8,19,6,17,29,0,46,3,1,15,1,2,6,52,205,8,1,214,0,214,--,396,182,205,214,214,Algún campo sin dato,1,7445b6295ac8a312ca4449e33a974097707e0b7fbe2b5a71b31b4ffb61175002,26/06/2023 03:04:45,ESCANER
22396,"Chiquimula",20,"Chiquimula",1,3491,400,8,17,9,25,23,1,44,4,0,21,1,0,8,45,206,4,0,210,0,210,--,400,190,206,210,210,Algún campo sin dato,1,9dca41404429044a22901b19befe6c078f73c0e36d54ce4e6e98fcdd28d77fb5,26/06/2023 01:50:10,ESCANER
22397,"Chiquimula",20,"Chiquimula",1,3491,400,11,27,7,20,22,2,36,2,2,15,4,1,1,39,189,6,1,196,0,196,--,400,204,189,196,196,Algún campo sin dato,1,3dd1247f0d87608370939688ca71e767d4e2d544a47b6e70d860bc611552bdfc,26/06/2023 01:33:32,ESCANER
22398,"Chiquimula",20,"Chiquimula",1,3492,228,3,10,4,8,11,0,27,1,1,14,2,2,1,20,104,1,2,107,3,110,--,225,115,104,107,110,Algún campo sin dato,1,5f9b0c3d5a7d5d365575b81cc567d11e300b497508d640fcd36000f40a1e0735,25/06/2023 23:05:19,ESCANER
22399,"Chiquimula",20,"Chiquimula",1,3492,228,6,4,1,9,14,0,17,0,0,6,0,1,0,12,70,5,0,75,0,75,--,228,153,70,75,75,Algún campo sin dato,1,5d9a9c7f6014a7e77ba52c48295f190e9091fadad1c049714da7c4acf5dde206,25/06/2023 22:08:26,ESCANER
22400,"Chiquimula",20,"Chiquimula",1,3493,400,16,25,20,15,28,1,36,3,2,11,6,1,4,22,190,16,5,211,0,211,--,400,189,190,211,211,Algún campo sin dato,1,b4274104567a6b108a1fee2bb6f8e05c0a290bd483393e4af7891b4c484abbce,26/06/2023 00:13:25,ESCANER
22401,"Chiquimula",20,"Chiquimula",1,3493,400,7,22,26,18,55,2,29,2,2,20,5,1,2,26,217,16,2,235,0,235,--,403,168,217,235,235,Algún campo sin dato,1,44aef11a6cfa0af3a1f64cec096961e798ed31a4ade51eba7b4cdb2573e33fd9,26/06/2023 02:09:57,ESCANER
22402,"Chiquimula",20,"Chiquimula",1,3493,400,10,34,12,15,35,1,29,2,6,17,5,1,2,39,208,17,2,227,0,227,--,400,173,208,227,227,Algún campo sin dato,1,ecd32d669194306512eb8b299809c71112bf8ed593b35fa51f85dcf38fdc5a40,25/06/2023 23:10:21,ESCANER
22403,"Chiquimula",20,"Chiquimula",1,3493,400,14,25,19,29,29,3,41,3,9,19,4,0,4,40,239,11,3,253,5,258,--,397,139,239,253,258,Algún campo sin dato,1,9700e2c04fc57ef8c0db70b778f46dc984a607233c3b24318ef231eb067f0f46,26/06/2023 00:29:08,ESCANER
22404,"Chiquimula",20,"Chiquimula",1,3493,400,8,31,17,20,45,2,47,1,6,14,1,0,2,39,233,13,3,249,0,249,--,401,152,233,249,249,Algún campo sin dato,1,c8b11f8b0d4ffa9eb7921ea4caca5958800b27f96bd67b964841e5d6061663ae,26/06/2023 01:13:44,ESCANER
22405,"Chiquimula",20,"Chiquimula",1,3493,400,6,32,19,23,45,1,31,5,6,21,3,1,2,42,237,10,5,252,0,252,--,400,148,237,252,252,Algún campo sin dato,1,77711f8aab129d9d66e9979d98df3b3825cd74e6d83fe199d9c1a441f2d3c8ac,26/06/2023 01:29:43,ESCANER
22406,"Chiquimula",20,"Chiquimula",1,3494,400,2,19,21,16,47,1,51,1,3,17,1,2,1,34,216,9,0,225,0,225,--,400,175,216,225,225,Algún campo sin dato,1,272f64d3199a929e57db5d679cbe8d6b56f2fa6e916eac4aa492e6979c012511,26/06/2023 01:30:36,ESCANER
22407,"Chiquimula",20,"Chiquimula",1,3494,400,3,31,14,23,42,1,30,3,3,15,2,3,1,28,199,8,6,213,0,213,--,400,187,199,213,213,Algún campo sin dato,1,a82a5074760928beb7d634692abf11f2f0e7ca7a417f59c7b0d0b34e6c631587,25/06/2023 23:18:13,ESCANER
22408,"Chiquimula",20,"Chiquimula",1,3494,400,9,20,11,15,44,0,31,1,2,16,2,0,5,40,196,12,2,210,0,210,--,400,190,196,210,210,Algún campo sin dato,1,34512fe595b94fcadc34970bdc8d62d8573c23836a52e5210807e29edc241253,25/06/2023 23:50:49,ESCANER
22409,"Chiquimula",20,"Chiquimula",1,3494,400,8,29,14,26,31,0,39,2,5,20,1,0,4,39,218,11,2,231,--,--,--,400,169,218,231,231,Algún campo sin dato,1,ef4e3df4fd81be185eb3ccdff907950d4107c580f14b2f312b98728096e659e1,26/06/2023 01:44:12,ESCANER
22410,"Chiquimula",20,"Chiquimula",1,3494,400,6,40,11,24,34,--,41,--,2,16,--,--,2,49,225,7,0,232,0,232,--,400,168,225,232,232,Algún campo sin dato,1,bbe8764fd1fb2cf869dc8b0a11654cf2712bf4e02281279b20331db9e6f277db,26/06/2023 03:15:09,ESCANER
22411,"Chiquimula",20,"Chiquimula",1,3494,400,9,29,9,35,43,1,42,2,4,22,0,0,10,48,254,5,0,259,0,259,--,358,141,254,259,259,Algún campo sin dato,1,a8ba17c0eecc2a5ded0d62d53470c0735eaadc2769d32912fa95f821b8c00a15,25/06/2023 23:37:25,ESCANER
22412,"Chiquimula",20,"Chiquimula",1,3494,400,5,18,12,14,42,2,53,3,4,21,2,1,9,28,214,3,0,217,0,217,--,400,183,214,217,217,Algún campo sin dato,1,a6006083aadd6e7bf513043456298c2240777e9b8b34d0a6d9a9376037d5efe2,25/06/2023 23:14:29,ESCANER
22413,"Chiquimula",20,"Chiquimula",1,3495,400,4,14,9,20,34,0,37,1,1,14,3,0,8,31,176,6,0,182,1,183,--,400,217,176,182,183,Algún campo sin dato,1,84da3ce9303217f83405b0b69c97f0a733307834fc51d885b6d412c4791d43fd,26/06/2023 00:31:53,ESCANER
22414,"Chiquimula",20,"Chiquimula",1,3495,400,9,35,15,21,34,1,28,2,4,16,2,1,--,41,209,13,1,223,0,223,--,400,177,209,223,223,Algún campo sin dato,1,bb0268385fb88988e789a2d3fa314094398a4a294c71fed047e36ffa8421908d,26/06/2023 00:05:36,ESCANER
22415,"Chiquimula",20,"Chiquimula",1,3495,400,5,28,20,21,27,3,24,2,4,19,1,1,3,34,192,5,2,199,0,199,--,400,201,192,199,199,Algún campo sin dato,1,be9aa6b2b1a9719b1f49671ab8123c4be172e1da3ad3c7ad0d54d52a34e5cc93,25/06/2023 23:49:26,ESCANER
22416,"Chiquimula",20,"Chiquimula",1,3495,400,3,18,15,15,43,1,35,0,4,9,1,2,4,24,174,6,3,183,0,183,--,400,217,174,183,183,Algún campo sin dato,1,5eddb9f6894287d614b8bbc706ea566a8ce7aee985b9eac50176b01a95c73ba5,26/06/2023 01:24:54,ESCANER
22417,"Chiquimula",20,"Chiquimula",1,3495,400,9,24,12,10,31,0,29,1,3,10,3,0,1,22,155,9,3,167,0,167,--,400,230,155,167,167,Algún campo sin dato,1,84bb1e4d12d51dbf9ebac4f047b366b8a15b5d10b083df3793b88600240126f4,26/06/2023 01:57:15,ESCANER
22418,"Chiquimula",20,"Chiquimula",1,3496,400,9,19,14,10,27,2,42,3,7,7,3,1,4,25,173,9,3,185,0,185,--,399,214,173,185,185,Algún campo sin dato,1,317d57bdc9e0e955d2185b51451890b9d0373dd43cc384dfe3b0e743dc40c802,26/06/2023 01:29:42,ESCANER
22419,"Chiquimula",20,"Chiquimula",1,3496,400,2,21,20,15,38,1,42,1,2,13,0,1,6,37,199,7,0,206,0,206,--,397,191,199,206,206,Algún campo sin dato,1,d0702df5e98d513eb4d95c2ee9b6f2be7e7d37cad0dfb79b96d7ffeb1bc4a47f,26/06/2023 01:11:17,ESCANER
22420,"Chiquimula",20,"Chiquimula",1,3496,269,5,11,10,3,23,1,20,2,2,6,0,1,2,15,101,5,0,106,0,106,--,266,160,101,106,106,Algún campo sin dato,1,54b9edb48d3bb90bbf9a6d2180985ccd0934861e967ac750762f33c81b625c86,26/06/2023 00:42:02,ESCANER
22421,"Chiquimula",20,"Chiquimula",1,3496,268,4,7,4,5,21,0,15,0,3,4,2,3,1,10,79,3,1,83,0,83,--,265,182,79,83,83,Algún campo sin dato,1,d77c5ef027b0f098c8cb48b88888a6ad2a4cdb7000cfb6cdae454d93af4a0647,26/06/2023 01:17:26,ESCANER
22422,"Chiquimula",20,"Chiquimula",1,3497,400,5,29,8,23,24,1,40,2,2,31,1,3,1,26,196,18,5,219,0,219,1,400,181,196,219,219,,1,4e3d55eabc51885fa0faee8ef7a28334e7e3680c8ddc9377bc3d1c1308e9b3c4,25/06/2023 23:11:55,ESCANER
22423,"Chiquimula",20,"Chiquimula",1,3497,400,5,45,4,32,36,2,34,1,3,38,2,4,0,23,229,18,4,251,0,251,--,400,149,229,251,251,Algún campo sin dato,1,2572a130b396f078f84be039a87693f633b005607ae644d901be2944f3d5726d,25/06/2023 23:43:00,ESCANER
22424,"Chiquimula",20,"Chiquimula",1,3497,400,4,23,8,24,22,0,42,1,0,32,1,1,2,26,186,16,1,203,0,203,--,400,197,186,203,203,Algún campo sin dato,1,73359bcd4210ba20121f5090280f78bb8a3d5eb0ad4edd85e09eebaec0dc3394,26/06/2023 00:11:32,ESCANER
22425,"Chiquimula",20,"Chiquimula",1,3497,400,8,42,11,21,26,1,37,3,1,36,2,1,2,21,212,10,2,224,0,224,--,397,173,212,224,224,Algún campo sin dato,1,2ce8a23623b178ce274ac51e9e91e4afa96b390b30a72b208735bacdde0220eb,25/06/2023 22:44:57,ESCANER
22426,"Chiquimula",20,"Chiquimula",1,3497,400,8,28,8,21,28,1,45,1,0,32,0,1,8,30,211,5,3,219,8,219,--,400,181,211,219,227,Sumas Asentadas sin cuadrar,1,e3139bc1430a1aea6dd8491e9e3bbc55a434f5a485e37f4cb7a805579c8b4fc2,25/06/2023 23:57:53,ESCANER
22427,"Chiquimula",20,"Chiquimula",1,3497,400,3,34,4,19,31,0,29,2,0,42,0,1,6,24,195,10,3,208,0,208,3,380,169,195,208,208,,1,985777283144b0f69c69c8a20f450388561fbbfc8dfcf258a10a8966c0824d90,25/06/2023 23:34:25,ESCANER
22428,"Chiquimula",20,"Chiquimula",1,3497,384,2,22,5,20,19,0,38,0,4,20,2,1,0,19,152,9,5,166,0,166,--,381,215,152,166,166,Algún campo sin dato,1,60f2dd7d11b09d8309322483409571aeec6f1fd2f8d49509a01149ce0f5eb62e,25/06/2023 23:02:35,ESCANER
22429,"Chiquimula",20,"Chiquimula",1,3497,383,2,14,6,20,21,0,30,2,1,17,1,1,11,17,143,10,2,155,0,155,0,383,228,143,155,155,,1,b8040733ca3b64127cf61af6a7175f332d9032a310e2c01c5ceefc60c420b04e,26/06/2023 01:21:44,ESCANER
22430,"Chiquimula",20,"Chiquimula",1,3498,400,1,53,6,51,23,1,19,1,3,12,6,1,0,41,218,18,7,243,0,243,--,400,157,218,243,243,Algún campo sin dato,1,a8c26e3cfc48e5b620f08c2277e6afd0fd5f083cd4d4755913452ea81ff9fdbd,26/06/2023 02:34:44,ESCANER
22431,"Chiquimula",20,"Chiquimula",1,3498,400,4,64,7,23,27,4,13,1,2,23,1,3,1,56,229,9,6,244,0,244,--,380,136,229,244,244,Algún campo sin dato,1,19716ea95be1ceb952745e7e291154cb182e3a8474e0d307f9e0c84f356657dd,26/06/2023 02:04:10,ESCANER
22432,"Chiquimula",20,"Chiquimula",1,3498,400,4,45,6,24,29,1,14,2,0,21,4,1,1,45,197,11,1,209,0,209,--,380,171,197,209,209,Algún campo sin dato,1,71f93f4e9cd373faa259a15909a15597028b495ba62f78e88fceefc213775c55,25/06/2023 23:49:15,ESCANER
22433,"Chiquimula",20,"Chiquimula",1,3498,400,5,38,4,22,32,5,20,0,2,21,1,0,0,62,212,9,2,223,0,223,--,380,157,212,223,223,Algún campo sin dato,1,8d4002431f5021b104c4436a6ab501def9cb07697c553d20c8d88b9e0b48aae3,26/06/2023 00:38:11,ESCANER
22434,"Chiquimula",20,"Chiquimula",1,3498,400,1,42,4,24,27,3,22,4,0,9,0,1,4,62,203,7,1,211,0,211,--,380,169,203,211,211,Algún campo sin dato,1,288e115938201decb73811ac17c15896a67169dbd9aaee72a5ee7d5fb8f30d29,26/06/2023 00:56:37,ESCANER
22435,"Chiquimula",20,"Chiquimula",1,3498,400,2,33,8,14,21,3,17,0,3,28,0,1,4,49,183,14,4,201,0,201,--,377,176,183,201,201,Algún campo sin dato,1,9db6f1b63c92da6d9cf1e91149bf5a0dafb908b5ceb6c97933877a9f5a3da57c,26/06/2023 01:18:32,ESCANER
22436,"Chiquimula",20,"Chiquimula",1,3498,229,0,16,6,13,17,0,13,0,0,16,2,2,0,23,108,3,0,111,0,111,1,226,115,108,111,111,,1,754faab46841f1e7b7df86009e8b2f5a3cd9ba8c04d4eb79c1e2cc227f429c5b,25/06/2023 23:27:42,ESCANER
22437,"Chiquimula",20,"Chiquimula",1,3498,229,1,11,0,9,12,5,8,1,0,11,0,0,1,22,81,10,1,92,0,92,--,229,137,81,92,92,Algún campo sin dato,1,5628f379e20992d4bca3492df13ce78cb300e8f31dec2fb803cde6467dc80860,26/06/2023 01:36:55,ESCANER
22438,"Chiquimula",20,"Chiquimula",1,3499,380,1,6,35,5,45,1,0,1,0,4,4,3,1,3,109,26,5,140,0,140,--,400,260,109,140,140,Algún campo sin dato,1,559a98fe74861edb55fa344ee679c2037287932951d673bfa4d3ded991131b58,26/06/2023 01:36:01,ESCANER
22439,"Chiquimula",20,"Chiquimula",1,3499,220,0,3,20,4,30,1,1,0,0,3,0,1,3,2,68,8,2,78,0,78,--,--,--,68,78,78,Algún campo sin dato,1,059f88ef027fd1e9768a2e381ca6c6856dfd68b4473ac04f389d8380e4d01265,26/06/2023 01:41:11,ESCANER
22440,"Chiquimula",20,"Chiquimula",1,3499,220,1,2,15,3,24,2,3,1,0,1,1,1,1,0,55,5,5,65,0,65,--,217,152,55,65,65,Algún campo sin dato,1,b38324697034cdb91fdbc4832c6e66602598442219a52a734c78b1be4bee25ab,26/06/2023 01:48:18,ESCANER
22441,"Chiquimula",20,"Chiquimula",1,3500,380,5,23,7,13,56,2,18,1,1,15,4,0,0,13,158,18,9,185,0,370,--,380,195,158,185,185,Sumas Asentadas sin cuadrar,1,ec27614d210022d852e26bf08bc1064c0291f62c2b2daed8efa2b7705346e33b,26/06/2023 03:54:35,ESCANER
22442,"Chiquimula",20,"Chiquimula",1,3500,380,6,23,8,15,78,3,20,0,1,13,3,0,2,22,194,30,3,227,0,227,--,400,173,194,227,227,Algún campo sin dato,1,ddeebc26cd225a5d426f2a628a301121be99b149d5c8a8fb13692c4edf6afb07,25/06/2023 23:28:49,ESCANER
22443,"Chiquimula",20,"Chiquimula",1,3500,380,7,25,9,17,69,0,5,3,2,9,2,1,0,27,176,26,4,206,0,206,--,377,177,176,206,206,Algún campo sin dato,1,ef32d16cea70b23fe2e27fe347f56b8a906986accb53230205e6d988fe83b1c1,26/06/2023 02:21:20,ESCANER
22444,"Chiquimula",20,"Chiquimula",1,3500,380,7,29,10,8,74,3,21,0,3,11,5,2,0,33,206,20,7,233,0,233,--,397,164,206,233,233,Algún campo sin dato,1,5128ae838b7c1651fa8a0e138fd5bfb2d34a36bf63aa038522f063cc9c16fda9,26/06/2023 02:43:21,ESCANER
22445,"Chiquimula",20,"Chiquimula",1,3500,380,8,22,8,3,47,2,25,1,1,14,0,0,0,23,154,14,6,174,0,174,--,378,203,154,174,174,Algún campo sin dato,1,16cf458b537c2d4e491a8caee0628fecc7cf59d873766b2af7f20d065ddb79ec,26/06/2023 05:49:47,ESCANER
22446,"Chiquimula",20,"Chiquimula",1,3500,380,3,17,10,10,66,2,19,0,2,8,4,1,1,24,167,23,7,197,0,197,--,380,183,167,197,197,Algún campo sin dato,1,52e0ee2033fb43b93d4716552fc5921567f7b995da1c2948cb4249dbebec29f5,26/06/2023 01:19:06,ESCANER
22447,"Chiquimula",20,"Chiquimula",1,3500,380,1,22,9,8,55,0,24,2,3,11,2,0,5,33,175,4,4,183,0,183,--,377,197,175,183,183,Algún campo sin dato,1,97da27e60d54f2f4227bb8d63547c11c11cfbff7b8e56b8509fe654ce20ed6ad,26/06/2023 04:19:23,ESCANER
22448,"Chiquimula",20,"Chiquimula",1,3500,380,0,16,1,8,53,0,20,0,1,6,1,0,1,18,125,4,1,130,0,130,--,380,250,125,130,130,Algún campo sin dato,1,80f7e5c501491a7d3c162df8b76edcfe049cfe46483e3432b1e73b21edf134ed,26/06/2023 00:22:05,ESCANER
22449,"Chiquimula",20,"Chiquimula",1,3501,380,1,14,11,7,46,3,16,0,1,5,3,0,3,22,132,25,6,163,0,163,--,380,217,132,163,163,Algún campo sin dato,1,bcfd7b08675f6644fa3c0cdee4e7943970d47d406d29470c31e1cb96bc3084b2,25/06/2023 23:49:54,ESCANER
22450,"Chiquimula",20,"Chiquimula",1,3501,277,1,9,6,8,27,1,6,0,1,4,1,1,1,11,77,10,2,89,0,89,--,277,188,77,89,89,Algún campo sin dato,1,50db67db070a69ca05120045dddb9f8eda2efdc6ef5fde8dcb8dacd3b46f70ed,25/06/2023 22:39:35,ESCANER
22451,"Chiquimula",20,"Chiquimula",1,3501,277,1,8,4,3,35,0,11,0,1,6,1,2,1,8,81,8,1,90,0,90,--,277,187,81,90,90,Algún campo sin dato,1,9db07bac7ab5dcbf4fe6eb00f3fc868a615a6c75209a77cbaec4c53a24adb73e,25/06/2023 23:04:34,ESCANER
22452,"Chiquimula",20,"Chiquimula",1,3502,380,2,7,36,30,28,0,4,1,1,11,3,0,0,2,125,28,17,170,0,170,--,345,225,125,170,170,Algún campo sin dato,1,ed11661263f8fe885b09407951b8d4594a0c6cc05967d40d188dc39af8cf1af9,25/06/2023 23:13:48,MOVIL
22453,"Chiquimula",20,"Chiquimula",1,3502,380,0,4,29,34,38,1,4,1,1,16,5,1,0,2,136,39,6,181,0,181,--,380,199,136,181,181,Algún campo sin dato,1,0eb4f1f7479a5b5f510dba9a975ba2c194482a14ef8c5c821a14051185e4df70,25/06/2023 22:58:49,MOVIL
22454,"Chiquimula",20,"Chiquimula",1,3502,380,1,5,36,30,31,0,2,0,0,9,1,2,0,1,118,32,8,158,0,158,--,380,222,118,158,158,Algún campo sin dato,1,330434c1d74284c8a716ccaf05fae1949791db0b60f23c61cd7f37114a062d7b,25/06/2023 23:40:06,MOVIL
22455,"Chiquimula",20,"Chiquimula",1,3502,380,3,3,48,25,25,0,5,0,0,13,4,0,1,1,128,20,3,151,0,151,--,380,229,128,151,151,Algún campo sin dato,1,d4ddfd11c4344e25e2d45bf7d75382bbef4a7b0a5a4b7ef06a9fd21dd2e88c36,25/06/2023 23:25:38,MOVIL
22456,"Chiquimula",20,"Chiquimula",1,3502,380,4,6,54,15,29,2,6,1,1,10,2,0,1,1,132,26,14,172,0,172,--,380,208,132,172,172,Algún campo sin dato,1,4d8ae2fd8984fd376a87bb7c1b3d45f6538e0f8b2d0cad5b1860c8d5a897c2f6,26/06/2023 00:26:43,MOVIL
22457,"Chiquimula",20,"Chiquimula",1,3502,380,0,6,33,19,34,0,6,0,1,14,2,0,0,1,116,12,5,133,0,133,--,380,247,116,133,133,Algún campo sin dato,1,0ad0f5350f9b32fde7a9a4997782ad8924f5eb80d5150f7312909782b3098ea2,25/06/2023 22:32:55,MOVIL
22458,"Chiquimula",20,"Chiquimula",1,3502,380,2,6,36,15,23,0,4,1,2,8,0,0,0,4,101,35,4,140,0,140,--,365,225,101,140,140,Algún campo sin dato,1,651905bd6943b419fec858b68e603c1bb67d63e40f7f851905feff0dfa7fb0ab,26/06/2023 00:22:58,MOVIL
22459,"Chiquimula",20,"Chiquimula",1,3502,377,0,3,44,21,18,0,5,1,2,7,0,1,0,3,105,21,10,136,0,136,--,377,241,105,136,136,Algún campo sin dato,1,e81bf3a909c5da4a27b415a3908c8a02a4bc26ffbf7b108058e2d2d93d9b7f39,25/06/2023 23:59:45,MOVIL
22460,"Chiquimula",20,"Chiquimula",1,3502,377,0,5,34,19,22,2,2,0,1,6,1,1,0,3,96,20,6,122,0,122,--,374,252,96,122,122,Algún campo sin dato,1,9dab54e619574f0a7f2477dd3bf91fceb88fde99301603eedbd3e89144fceec8,26/06/2023 00:27:57,MOVIL
22461,"Chiquimula",20,"Chiquimula",1,3503,380,3,6,19,15,44,1,24,0,2,3,1,1,0,1,120,36,13,169,0,169,--,380,210,120,169,169,Algún campo sin dato,1,ac8027434317dfcffb557c07fd9b9f6fbc65083bf3f18317416416909fe85219,26/06/2023 05:07:44,ESCANER
22462,"Chiquimula",20,"Chiquimula",1,3503,380,6,9,24,10,41,2,16,1,0,4,3,0,1,2,119,44,2,165,1,166,--,380,215,119,165,166,Algún campo sin dato,1,b1a38de5170069bfaff3cec2e2a1da59ace4e53400baf9918924baf384575e0b,26/06/2023 04:44:45,ESCANER
22463,"Chiquimula",20,"Chiquimula",1,3503,380,0,2,36,20,48,2,14,1,1,1,3,1,1,3,133,48,9,190,--,--,--,380,190,133,190,190,Algún campo sin dato,1,aa151f2e85d2eade22f217cd173bf2616c0e6028204c8f91271ab55bad45c3b0,26/06/2023 04:59:37,ESCANER
22464,"Chiquimula",20,"Chiquimula",1,3503,380,2,2,28,20,38,1,17,0,1,0,0,0,1,4,114,49,8,171,0,171,--,380,207,114,171,171,Algún campo sin dato,1,38dbaf145b52e19cbe17924cc227c77a6411c7567120ac6f152747ccb40d8a2f,26/06/2023 04:53:29,ESCANER
22465,"Chiquimula",20,"Chiquimula",1,3503,380,3,2,32,17,32,1,15,1,3,0,2,0,0,2,110,23,6,139,4,143,--,380,237,110,139,143,Algún campo sin dato,1,2240fda89acc1fc25a2512520a1f56dc1ab001db34d9db1183cd6b74a4529b2f,26/06/2023 05:09:31,ESCANER
22466,"Chiquimula",20,"Chiquimula",1,3503,380,2,6,32,12,35,0,10,0,2,3,3,2,1,2,110,26,11,--,--,--,--,400,253,110,147,147,Algún campo sin dato,1,ac98eb374fcef7b06ecd00d2450ca30de85df9d04763ccd845055e1eaf735e80,26/06/2023 03:58:37,ESCANER
22467,"Chiquimula",20,"Chiquimula",1,3503,380,5,2,22,17,31,2,13,1,1,3,0,0,1,4,102,32,13,147,0,147,--,380,233,102,147,147,Algún campo sin dato,1,d1be5d69c1d36a15c3f3e4f7a40dbb6b26157655ec77f9816a8280705f114abd,26/06/2023 04:08:30,ESCANER
22468,"Chiquimula",20,"Chiquimula",1,3503,380,2,6,26,11,37,1,17,2,1,2,1,1,2,3,112,38,3,153,0,153,--,418,265,112,153,153,Algún campo sin dato,1,add35dd263167a4eb780ac31c2211489a9378d2f533763235dbe7352cc581a48,26/06/2023 04:18:04,ESCANER
22469,"Chiquimula",20,"Chiquimula",1,3503,348,1,2,21,9,28,0,12,0,0,2,0,1,3,1,80,23,5,108,--,--,--,348,240,80,108,108,Algún campo sin dato,1,e431046a98033db3fdfaa8adada705971f487c84762a0c7e217107bedae94954,26/06/2023 04:29:31,ESCANER
22470,"Chiquimula",20,"Chiquimula",1,3503,348,0,3,32,5,22,0,14,1,0,3,2,0,1,2,85,12,5,102,0,102,--,348,246,85,102,102,Algún campo sin dato,1,da706a32c0b905bb116bbb66633ccc632a266152c3cce7791f83e4ae1272c3fc,26/06/2023 04:36:38,ESCANER
22471,"Chiquimula",20,"Chiquimula",1,3504,380,3,7,52,51,35,1,7,0,1,8,5,1,0,10,184,26,7,217,1,218,--,380,162,181,214,215,Sumas Asentadas sin cuadrar,1,018002ef1cc13eee01cb1708f4d2d12cd99bed98a872b94ba7ad826b498c9b4b,26/06/2023 00:15:53,ESCANER
22472,"Chiquimula",20,"Chiquimula",1,3504,380,4,13,52,65,56,0,13,0,1,9,3,1,3,8,228,20,9,257,0,257,--,380,123,228,257,257,Algún campo sin dato,1,91c0a0a3c15680c0abc1399d732b42d4fef4e8fd3fbdbfe4dcaece7a9b7298d3,26/06/2023 00:26:04,ESCANER
22473,"Chiquimula",20,"Chiquimula",1,3504,380,5,14,73,65,44,0,7,0,0,9,2,2,2,9,232,17,3,252,0,252,--,380,128,232,252,252,Algún campo sin dato,1,aff38caecec3830424e3aabb72d0415b195732fc18e62dffd63cbe18cadf4e31,26/06/2023 00:39:57,ESCANER
22474,"Chiquimula",20,"Chiquimula",1,3504,380,3,12,39,42,45,0,11,0,0,6,1,2,0,5,166,12,4,182,1,183,--,377,194,166,182,183,Algún campo sin dato,1,c0b17b88f014468e450899d37d93ea6b40e696954a886433bb2f857c1aeaf63b,26/06/2023 01:49:33,ESCANER
22475,"Chiquimula",20,"Chiquimula",1,3504,380,4,19,37,53,37,0,16,0,0,11,3,1,4,10,195,7,6,208,0,208,--,376,168,195,208,208,Algún campo sin dato,1,92a59038818efb0abdb5aa4a0531c5a5e71d916c5deb852e2cd00327c46bf53c,26/06/2023 00:07:42,ESCANER
22476,"Chiquimula",20,"Chiquimula",1,3504,380,1,11,25,40,51,1,11,0,0,19,0,0,10,10,179,3,0,182,0,182,--,380,198,179,182,182,Algún campo sin dato,1,d559f6e4f204df7f76f335f3fcb1c9c401344edfe814b9a6c364cf49e1f33aea,25/06/2023 23:49:36,ESCANER
22477,"Chiquimula",20,"Chiquimula",1,3504,380,1,13,39,38,46,2,15,2,0,7,5,1,3,7,179,16,4,199,0,199,--,380,181,179,199,199,Algún campo sin dato,1,3a4b586d704c7d3a58b0b3260a0f87c7daa80c057484981ba5a4faa3e8ba6d9f,26/06/2023 00:28:32,ESCANER
22478,"Chiquimula",20,"Chiquimula",1,3504,380,3,10,35,41,31,0,11,2,0,5,2,1,3,5,149,17,3,169,0,169,1,380,211,149,169,169,,1,a6166265c91f7a744f9078b2999f6c59c07617f4fbd6abeef2376d4d515bf658,25/06/2023 23:28:12,ESCANER
22479,"Chiquimula",20,"Chiquimula",1,3504,235,3,2,23,22,17,1,8,2,0,4,1,0,5,4,92,3,1,96,0,96,--,235,139,92,96,96,Algún campo sin dato,1,956fc72905c85a62ecb59fdb8a4a757955822976043196a7d8ee2e3b21e1cd7a,25/06/2023 23:19:41,ESCANER
22480,"Chiquimula",20,"Chiquimula",1,3504,235,1,5,19,15,19,0,6,0,0,2,0,0,0,4,71,5,0,76,0,76,0,235,159,71,76,76,,1,c843e98756e6474bbbcfe8f3d315af9c11b92fe9406c5c81ce691328813b039c,25/06/2023 21:43:23,ESCANER
22481,"Chiquimula",20,"Chiquimula",1,3505,380,5,10,18,29,51,1,29,1,0,21,3,0,0,7,175,24,7,206,0,206,--,379,173,175,206,206,Algún campo sin dato,1,0bc704bec4e2e133c3ebca32b7239bcff11666e4029e48af7c9e5153dc2efe5e,25/06/2023 23:26:30,ESCANER
22482,"Chiquimula",20,"Chiquimula",1,3505,380,3,15,17,19,56,3,36,3,2,15,3,2,1,11,186,24,6,216,0,216,--,380,164,186,216,216,Algún campo sin dato,1,de002e4acfbbd5166993831bfba3f27707583f8843fb68755548f94eab482acb,25/06/2023 22:05:54,ESCANER
22483,"Chiquimula",20,"Chiquimula",1,3505,380,4,21,23,21,65,0,32,1,2,16,1,1,3,17,207,12,1,220,0,220,--,379,159,207,220,220,Algún campo sin dato,1,506e90496748aa2222c9f583db6cb64500fd0a0bd8536e01ad41790d6efdd88f,26/06/2023 03:19:21,ESCANER
22484,"Chiquimula",20,"Chiquimula",1,3505,303,0,12,15,24,45,0,22,0,0,8,2,1,1,7,137,11,0,148,0,148,--,303,155,137,148,148,Algún campo sin dato,1,172001765ef1bc3dd060fe8d9d6d0a5b3569aad6fdf0558fbffc9ea4224a417e,25/06/2023 22:40:22,ESCANER
22485,"Chiquimula",20,"Chiquimula",1,3505,302,5,18,10,17,31,0,18,0,0,7,0,1,5,7,119,8,0,127,0,127,--,302,175,119,127,127,Algún campo sin dato,1,17034513e4d0bf71638c763071b336eeb6ebcf2cd44f98de0ab68cafc464684b,25/06/2023 21:46:36,ESCANER
22486,"Chiquimula",20,"Chiquimula",1,3506,380,5,15,12,22,64,2,26,4,1,3,5,0,0,7,166,39,13,218,0,--,1,377,158,166,218,218,Algún campo sin dato,1,266d5d94fa4103d7771a922cbb8a7b38ce23244919f102effb4c29f31a2c4536,26/06/2023 00:06:27,ESCANER
22487,"Chiquimula",20,"Chiquimula",1,3506,380,3,17,20,27,56,1,19,5,5,2,1,1,7,--,166,40,11,217,0,--,1,377,159,164,215,215,Sumas Asentadas sin cuadrar,1,7ccb3f7c679b3a88e7ab903d549a2e930b17c89a17483359ff503cce28badc3c,26/06/2023 05:53:47,ESCANER
22488,"Chiquimula",20,"Chiquimula",1,3506,380,0,20,16,29,52,2,29,4,3,5,0,1,0,5,166,39,16,221,0,221,--,377,156,166,221,221,Algún campo sin dato,1,743b7c7f2ad21f95cb6290f24e24be97973698ca670b713e1ab8d50fc4f04a14,26/06/2023 01:40:22,ESCANER
22489,"Chiquimula",20,"Chiquimula",1,3506,380,1,19,11,28,48,1,23,0,5,8,2,3,0,1,151,40,7,198,0,198,--,380,182,150,197,197,Sumas Asentadas sin cuadrar,1,c8d0f93f949b0fcf8eb4da9939f552e52cb5c998dbbb60962d106898dfc77f3e,25/06/2023 22:53:03,ESCANER
22490,"Chiquimula",20,"Chiquimula",1,3507,380,3,13,15,32,55,2,24,0,2,4,1,0,0,6,157,25,11,193,1,194,--,380,186,157,193,194,Algún campo sin dato,1,cc3eb460d47b2949efcbd7c068c40e30417d8a7d13956d7fecf599a87928b962,25/06/2023 23:01:37,MOVIL
22491,"Chiquimula",20,"Chiquimula",1,3507,380,3,20,19,25,39,0,12,2,4,4,0,2,0,1,131,39,13,183,1,184,--,377,193,131,183,184,Algún campo sin dato,1,548f51b91a0f18925a108e2a7bc9f1f1c456c4e2aaa2035cd702478735e5574f,25/06/2023 23:09:13,MOVIL
22492,"Chiquimula",20,"Chiquimula",1,3507,203,0,17,5,9,37,0,10,2,0,2,1,0,0,2,85,4,5,94,1,95,--,200,105,85,94,95,Algún campo sin dato,1,d43c2cdd3e6caab49b922da703f732d479d37d40c7008adcca4f7ce98427f0b4,25/06/2023 22:14:01,MOVIL
22493,"Chiquimula",20,"Chiquimula",1,3507,202,1,5,8,15,35,1,7,0,0,3,1,2,0,2,80,5,4,89,0,89,--,202,113,80,89,89,Algún campo sin dato,1,832e321ecbb43cc4053dc070942c8481563b1afbda8c6fbe3f51c70042ab9c09,25/06/2023 21:41:43,MOVIL
22494,"Chiquimula",20,"Chiquimula",1,3508,380,4,7,3,21,53,1,14,0,1,13,6,3,2,16,143,30,2,176,0,176,--,377,201,144,176,176,Sumas Asentadas sin cuadrar,1,dfb23f4239d5011e6f4a1836323d8f38cca65a45d7fa298e1d1b70b5c42dabe8,25/06/2023 23:56:46,ESCANER
22495,"Chiquimula",20,"Chiquimula",1,3508,380,5,12,2,36,42,1,26,0,1,10,2,1,1,19,158,32,5,195,0,195,--,380,185,158,195,195,Algún campo sin dato,1,6dffe3b4f320fe6c161428a0bad6797b3bc3757a5a343ecd3fca393de93f7f83,26/06/2023 00:49:39,ESCANER
22496,"Chiquimula",20,"Chiquimula",1,3508,380,3,5,7,27,39,0,21,1,0,13,0,3,0,4,123,17,4,144,0,144,--,380,236,123,144,144,Algún campo sin dato,1,0742956d6ba10495240cbf83c296a82db044137db61b59779f573e17addeb292,26/06/2023 00:13:15,ESCANER
22497,"Chiquimula",20,"Chiquimula",1,3508,380,2,20,6,20,46,2,19,0,0,12,2,1,1,15,146,22,3,171,1,172,--,380,208,146,171,172,Algún campo sin dato,1,6c88c8610157421694d4fea31a087e9b12312974d9342569bf2433403c13e8a8,26/06/2023 03:24:02,ESCANER
22498,"Chiquimula",20,"Chiquimula",1,3508,380,2,7,0,19,56,1,16,2,2,6,2,0,1,12,126,22,2,150,0,150,--,379,229,126,150,150,Algún campo sin dato,1,c899a999f762c8045bfbc1cf2f2f82fc99dcda3bf1a560a2a88280d5136445b0,25/06/2023 22:57:40,ESCANER
22499,"Chiquimula",20,"Chiquimula",1,3508,365,1,8,3,15,38,0,17,2,1,9,1,0,2,9,106,16,9,131,0,131,--,365,234,106,131,131,Algún campo sin dato,1,e86f1b5e9db9b8676810c2a31729d10566c467f77afb437385493dc3f4e135cc,25/06/2023 23:17:14,ESCANER
22500,"Chiquimula",20,"Chiquimula",1,3508,364,2,6,4,14,27,0,15,0,1,7,2,0,3,5,46,15,1,62,0,62,--,361,258,86,102,102,Sumas Asentadas sin cuadrar,1,1bd410fb79db98504a90dd7202623dee273c54d2398959bafc1004079894643c,25/06/2023 23:58:33,ESCANER
22501,"Chiquimula",20,"Chiquimula",1,3509,380,4,8,22,91,26,2,6,0,4,3,2,2,0,1,171,3,10,184,21,205,--,380,175,171,184,205,Algún campo sin dato,1,ca2134819dfbab400c3f9a090277af64f97f53d8c597fed5721ca5a4e289a3d1,26/06/2023 02:34:20,ESCANER
22502,"Chiquimula",20,"Chiquimula",1,3509,380,3,9,20,75,29,2,6,1,1,1,4,1,0,0,152,31,13,196,0,196,--,50,50,152,196,196,Algún campo sin dato,1,a6de182d22f402acffcfca52a18ea72cfab7439be820d8a132f24b4639f0752b,26/06/2023 02:40:56,ESCANER
22503,"Chiquimula",20,"Chiquimula",1,3509,326,1,6,13,64,10,2,2,2,0,1,3,0,1,0,145,29,11,185,0,185,--,326,181,105,145,145,Sumas Asentadas sin cuadrar,1,a50d12d8c5c1b447255227f180057f4e12daafa9f77b7e945bfcb134ed97852b,25/06/2023 22:34:42,MOVIL
22504,"Chiquimula",20,"Chiquimula",1,3509,325,1,7,11,48,13,0,1,0,3,1,2,2,0,2,91,16,5,112,0,112,--,322,210,91,112,112,Algún campo sin dato,1,79c6c2c51a9d8c5d974e68fb23b2d7c0a3f0fdd6555d62075e16c1c84e3ef64d,26/06/2023 02:42:18,ESCANER
22505,"Chiquimula",20,"Chiquimula",1,3510,380,10,12,26,35,54,0,15,1,2,5,5,2,0,2,169,32,11,212,0,212,--,380,168,169,212,212,Algún campo sin dato,1,f681a8c2c0667a0ffeec8a9929062df7ffd595cd1a08eec15095fb18fb577abb,26/06/2023 02:53:04,ESCANER
22506,"Chiquimula",20,"Chiquimula",1,3510,380,5,8,15,36,49,2,10,2,3,8,1,1,0,2,142,49,10,201,1,202,--,380,178,142,201,202,Algún campo sin dato,1,9a83de7a29b08825e9ac811f17116bd2f4c94fae9fc83d36f363bae84eed84fe,26/06/2023 03:02:27,ESCANER
22507,"Chiquimula",20,"Chiquimula",1,3510,380,7,5,29,15,45,1,10,0,1,7,2,2,1,3,128,32,7,167,0,167,--,380,213,128,167,167,Algún campo sin dato,1,4f1baa4f84260ee0df1d9cb4322bce8688898c2f4ff82a9e289b31d4974281da,26/06/2023 03:09:34,ESCANER
22508,"Chiquimula",20,"Chiquimula",1,3510,284,3,7,22,23,29,--,4,--,2,7,2,2,1,3,105,29,8,142,0,142,--,284,142,105,142,142,Algún campo sin dato,1,d7d4995fbcdf2e855fde45d882fc9c920e71143be8323e7e26c8d3280ad1778d,26/06/2023 03:18:41,ESCANER
22509,"Chiquimula",20,"Chiquimula",1,3510,283,3,4,14,20,24,2,5,0,1,5,4,1,0,4,87,24,4,115,0,115,--,283,168,87,115,115,Algún campo sin dato,1,c6d890ec78abe7be2c147dc0e61bb5f7b62dbad0a20ca8cb75615fe34655227e,26/06/2023 03:26:49,ESCANER
22510,"Chiquimula",20,"Chiquimula",1,3511,380,2,28,15,24,32,2,20,1,3,20,2,2,1,11,163,25,6,194,0,194,--,380,186,163,194,194,Algún campo sin dato,1,bb7b3d674bba8da5712041e48794808a5754b616eda36bbdaa67c74345bea3ff,26/06/2023 01:14:44,ESCANER
22511,"Chiquimula",20,"Chiquimula",1,3511,380,4,15,8,17,41,2,18,1,0,25,2,3,2,13,151,20,2,173,0,173,--,380,207,151,173,173,Algún campo sin dato,1,6685bb890c3f3e44dfd1dbd51e18330543a15846cf1de4097ba8016e884bf340,25/06/2023 23:25:07,ESCANER
22512,"Chiquimula",20,"Chiquimula",1,3511,380,6,29,10,9,27,1,26,2,2,31,2,1,0,12,158,15,6,179,0,179,--,376,197,158,179,179,Algún campo sin dato,1,50a9bd7ff2697873e9d123392d1a95328da207fa592aecf8d265d44a56186803,26/06/2023 00:42:11,ESCANER
22513,"Chiquimula",20,"Chiquimula",1,3511,380,4,17,8,15,40,0,24,2,0,22,3,3,3,21,162,15,5,182,0,182,--,380,198,162,182,182,Algún campo sin dato,1,fd7558a22011853a8fc1c9960a5aef2e6f78085c091a43ca7ebfbbcd98cf45b7,25/06/2023 23:00:24,ESCANER
22514,"Chiquimula",20,"Chiquimula",1,3511,380,9,15,10,19,29,1,20,0,1,28,3,2,3,9,149,17,5,171,0,0,--,380,209,149,171,171,Algún campo sin dato,1,c03f8f4f1b514112c48dc487b23cec24af1c22a0b7b04263e68ba35de887bd86,25/06/2023 22:48:13,ESCANER
22515,"Chiquimula",20,"Chiquimula",1,3511,380,2,18,9,16,19,2,14,0,1,18,0,3,2,6,110,8,4,122,0,122,--,380,258,110,122,122,Algún campo sin dato,1,3484092446e8689c8b25a6ccd77bd6c5c3b02e903dba1aa9448da767b7a2e917,26/06/2023 00:49:07,ESCANER
22516,"Chiquimula",20,"Chiquimula",1,3511,260,0,6,6,4,19,0,9,0,1,8,0,0,1,16,70,3,0,73,0,73,--,260,187,70,73,73,Algún campo sin dato,1,3207add2f304c584fac3ee11410afd723a25ef7931dad085a9ccf824a833a88c,25/06/2023 22:28:38,ESCANER
22517,"Chiquimula",20,"Chiquimula",1,3511,260,2,7,4,4,12,0,8,1,0,3,2,1,1,2,47,6,3,56,0,56,--,260,204,47,56,56,Algún campo sin dato,1,ced0c90014bf623a1a73b5fa1da33ba10fe688232820521779b72db72d863651,25/06/2023 22:11:17,ESCANER
22518,"Chiquimula",20,"Chiquimula",1,3512,600,6,12,12,27,7,1,18,3,1,8,3,2,0,17,117,12,6,135,0,135,--,600,465,117,135,135,Algún campo sin dato,1,1113c45157daa775625210ad9bea2a6babc08d7d3c3b9f09af441c898f974412,26/06/2023 00:00:04,ESCANER
22519,"Chiquimula",20,"Chiquimula",1,3512,600,7,20,7,19,20,0,24,2,1,11,1,1,2,15,130,13,3,146,454,600,--,600,454,130,146,600,Algún campo sin dato,1,0e222c144bdba8414d53d56044713a22bb46375332ae452d314641fcd3840995,25/06/2023 23:46:39,ESCANER
22520,"Chiquimula",20,"Chiquimula",1,3512,600,1,8,8,16,21,0,13,1,1,18,0,2,1,19,109,6,4,119,0,119,--,599,480,109,119,119,Algún campo sin dato,1,487b49621f75a431f38572204b3e0116e730dcf1efac61527e7bb387ee22471e,25/06/2023 22:23:46,ESCANER
22521,"Chiquimula",20,"Chiquimula",1,3512,600,6,14,8,14,10,1,26,0,0,22,3,1,2,16,123,12,2,137,0,137,--,600,463,123,137,137,Algún campo sin dato,1,54d84b31833d4b54d3fcfaf52f3b62398483edc25189746f027be8f8e58f9c28,26/06/2023 01:09:38,ESCANER
22522,"Chiquimula",20,"Chiquimula",1,3512,600,3,20,11,22,16,2,21,0,2,13,3,3,0,14,130,19,5,354,0,354,--,601,447,130,154,154,Sumas Asentadas sin cuadrar,1,ffc5ea9267532c953f7ef7d261fe434e73c96d7c2bccd21ea480520e0a2dd2ed,26/06/2023 01:37:08,ESCANER
22523,"Chiquimula",20,"Chiquimula",1,3513,600,3,12,9,14,18,1,17,3,1,14,2,5,0,22,121,10,2,133,0,133,--,600,467,121,133,133,Algún campo sin dato,1,553fdf1fd7b69c85685abe5becbbc0c4b2ded2dd2592299b61d13cfa42f8e22f,25/06/2023 22:49:15,ESCANER
22524,"Chiquimula",20,"Chiquimula",1,3513,600,2,10,4,11,10,0,22,1,0,7,3,1,0,15,86,6,1,93,0,93,--,600,507,86,93,93,Algún campo sin dato,1,ae35e3a9e2e20e1f875b1243bd43fef397d5c93ee75dc638dd87acc5c38c4a4a,25/06/2023 21:49:33,ESCANER
22525,"Chiquimula",20,"Chiquimula",1,3513,600,3,6,4,3,6,0,8,1,1,5,0,0,1,9,47,3,2,52,0,52,--,600,548,47,52,52,Algún campo sin dato,1,e8b306aac0f9e705abff5c527a1449613387a40a4db19d3b4cd97804a1a5fa23,25/06/2023 22:58:33,ESCANER
22526,"Chiquimula",20,"Chiquimula",1,3513,315,0,2,1,0,2,0,4,0,0,1,0,0,0,4,14,3,0,17,0,17,2,315,295,14,17,17,,1,0dccd2c727c12969ea343f1e2bbdef420b76519bda42ded6ba20024a92609a26,25/06/2023 21:14:11,ESCANER
22527,"Chiquimula",20,"Chiquimula",1,3513,314,1,2,0,1,2,0,4,0,0,0,0,0,0,3,13,2,0,15,0,15,--,314,299,13,15,15,Algún campo sin dato,1,ae1dd76dc94eea3fa328444fc725b6f228561526fc8ebfbdc1bff4ad22529609,25/06/2023 20:52:53,ESCANER