﻿TIPO_DE_ELECCIÓN:,CORPORACIÓN MUNICIPAL
28 junio 2023 21:35 (UTC -6)
ACTAS_ESPERADAS,ACTAS_CAPTURADAS,PORCENTAJE_ACTAS_CAPTURADAS,ACTAS_CONTABILIZADAS,PORCENTAJE_ACTAS_CONTABILIZADAS,ACTAS_NO_CONTABILIZADAS,LISTA_NOMINAL_ACTAS_CONTABILIZADAS,VOTOS_EMITIDOS_CONTABILIZADAS,PORCENTAJE_PARTICIPACIÓN_CIUDADANA
98,97,98.9795,96,97.9591,1,34446,18528,53.7885

MESA,DEPARTAMENTO,ID_DEPARTAMENTO,MUNICIPIO,ID_MUNICIPIO,CENTRO_DE_VOTACIÓN,PADRÓN,CABAL,MLP,ELEFANTE,BIEN,AZUL,UNE,WINAQ,PODEMOS,VICTORIA,VIVA,VAMOS,VOS,PPN,VÁLIDOS,NULOS,BLANCO,EMITIDOS,INVÁLIDOS,TOTAL,IMPUGNACIONES,PAPELETAS-RECIBIDAS,PAPELETAS-NO-USADAS,VALIDOS_CALCULADO,EMITIDOS_CALCULADO,TOTAL_CALCULADO,OBSERVACIONES,CONTABILIZADA,CÓDIGO_INTEGRIDAD,FECHA_HORA_PUBLICACIÓN,DIGITALIZACIÓN
13517,"San Marcos",12,"Concepción Tutuapa",6,1869,400,124,2,26,63,1,10,2,0,0,1,0,0,0,229,10,5,244,0,244,--,400,156,229,244,244,Algún campo sin dato,1,b556f991dd4821efebb70e658ec6df9f09d661fa48963286720493b329c8eead,25/06/2023 23:24:59,ESCANER
13518,"San Marcos",12,"Concepción Tutuapa",6,1869,400,,,,,,,,,,,,,,,,,,,,,,,,,,,0,,,
13519,"San Marcos",12,"Concepción Tutuapa",6,1869,400,126,2,15,85,4,6,2,0,3,5,0,0,0,248,20,8,276,0,276,--,400,124,248,276,276,Algún campo sin dato,1,b4e40f849ab9d6597def7454e9971b70fd7218a1603eeac7643d4acc882290ac,25/06/2023 23:06:22,ESCANER
13520,"San Marcos",12,"Concepción Tutuapa",6,1869,400,125,0,18,108,0,4,1,1,3,1,1,0,0,262,24,8,294,0,294,--,400,106,262,294,294,Algún campo sin dato,1,54eb793a343b69d41af74c326fc67eddb78fc9b2851a61c83163f062effe5aea,25/06/2023 22:52:57,ESCANER
13521,"San Marcos",12,"Concepción Tutuapa",6,1869,400,137,3,25,79,3,11,2,0,1,5,5,1,0,272,8,1,281,0,281,0,400,119,272,281,281,,1,3849fe492cabfe0fdd2618b730180ca3fbfc6e5b29f4ea0d021ac8adbec2bb65,25/06/2023 22:23:14,ESCANER
13522,"San Marcos",12,"Concepción Tutuapa",6,1869,400,98,2,17,74,1,8,0,0,2,2,0,0,0,204,7,2,213,0,213,0,400,187,204,213,213,,1,eba38fe66929707fe8ed9d57195884ffe7fd3175ae6705d01bdef8ffaec262dd,25/06/2023 22:09:35,ESCANER
13523,"San Marcos",12,"Concepción Tutuapa",6,1869,400,101,1,25,75,4,3,2,0,2,4,2,2,0,221,10,3,234,0,234,--,400,166,221,234,234,Algún campo sin dato,1,4008d7559af21cffa75964dd378418c8de3f5adc5d593f676dfae4d002d98bb4,25/06/2023 22:24:12,ESCANER
13524,"San Marcos",12,"Concepción Tutuapa",6,1869,400,108,1,14,68,3,9,0,0,1,2,0,1,0,207,12,7,226,0,226,--,400,174,207,226,226,Algún campo sin dato,1,6acbc45698c898997e425ba2cf99bdc749bd3a784f3a0e2b23e006a317df9b19,25/06/2023 23:40:26,ESCANER
13525,"San Marcos",12,"Concepción Tutuapa",6,1869,400,89,1,18,68,3,6,0,0,3,2,0,2,0,192,10,4,206,0,206,--,400,194,192,206,206,Algún campo sin dato,1,11a0b99350410c878ad7ea5e19011cbcdc159efcfd413abfb9ee300316216fd7,25/06/2023 23:25:31,ESCANER
13526,"San Marcos",12,"Concepción Tutuapa",6,1869,400,111,1,17,83,1,8,3,0,2,0,0,0,0,226,3,0,229,0,--,--,400,171,226,229,229,Algún campo sin dato,1,dcc695d8c201331ceb7f415f1de7473f06a384b4b954dec664342fc044940409,25/06/2023 22:50:59,ESCANER
13527,"San Marcos",12,"Concepción Tutuapa",6,1869,251,61,1,2,54,0,5,0,0,0,1,1,1,0,126,1,0,127,0,127,--,251,124,126,127,127,Algún campo sin dato,1,95d684a64daa371716b5bfc7c4e920e97bf91a1c7e849efe03e784edb1f6ff20,25/06/2023 22:45:23,ESCANER
13528,"San Marcos",12,"Concepción Tutuapa",6,1869,250,49,1,8,43,0,2,0,0,0,0,0,2,0,105,1,3,109,0,109,--,250,141,105,109,109,Algún campo sin dato,1,aec67a5019a46fd7bf273ff69986e3497231317f220cf48460ee5e8e9ccffb18,25/06/2023 22:25:48,ESCANER
13529,"San Marcos",12,"Concepción Tutuapa",6,1870,376,84,1,31,97,2,2,1,1,1,2,3,1,0,226,20,8,254,0,254,--,376,122,226,254,254,Algún campo sin dato,1,8d2201f9e36f7bbc152806965318af409617304a053b5b682ac5dbc441a1474c,26/06/2023 00:53:50,ESCANER
13530,"San Marcos",12,"Concepción Tutuapa",6,1870,376,71,1,24,76,1,1,1,0,1,0,0,0,0,177,3,6,186,0,186,--,376,190,176,185,185,Sumas Asentadas sin cuadrar,1,74da5169f8f35b160fa84b27e9819de73aa05b9e41a6066772fc20e84aa8c19d,26/06/2023 00:49:28,ESCANER
13531,"San Marcos",12,"Concepción Tutuapa",6,1871,380,105,0,26,58,1,5,1,2,10,1,1,0,0,210,26,15,251,0,251,--,380,129,210,251,251,Algún campo sin dato,1,8e9e7fb12fe68cf075990df16f133d188f62ab2c6a57e161389c7f008228131e,25/06/2023 23:27:36,ESCANER
13532,"San Marcos",12,"Concepción Tutuapa",6,1871,380,86,1,27,70,0,6,0,0,11,2,0,1,0,204,5,19,228,0,228,--,380,152,204,228,228,Algún campo sin dato,1,f1d6e8a92f5caae33fc43ed5ab357c171fc7de28c2834eb418153d7a240e425f,25/06/2023 23:34:18,ESCANER
13533,"San Marcos",12,"Concepción Tutuapa",6,1871,380,90,2,22,50,5,2,1,1,1,1,1,0,0,176,31,10,217,0,217,--,380,163,176,217,217,Algún campo sin dato,1,0fe05ac62e665dfeecf6a6151d8d06aa169bf38c6131200f094d359a54d77947,25/06/2023 23:29:52,ESCANER
13534,"San Marcos",12,"Concepción Tutuapa",6,1871,380,87,2,25,74,0,2,1,0,1,4,0,1,0,197,19,4,220,0,220,--,380,160,197,220,220,Algún campo sin dato,1,02dd0d9acc5643042f28bec9591a3a98a51e32c7eeb05c346c8657a6f322ea09,25/06/2023 23:43:22,ESCANER
13535,"San Marcos",12,"Concepción Tutuapa",6,1871,280,47,1,14,38,0,4,0,1,2,1,0,0,0,108,8,2,118,0,118,--,277,159,108,118,118,Algún campo sin dato,1,e61e83b616eed465d752135cb324030a587ae137ba6cf7feaa9d7e8244c654e3,25/06/2023 23:15:01,ESCANER
13536,"San Marcos",12,"Concepción Tutuapa",6,1871,279,47,1,17,37,1,3,0,0,4,0,0,0,0,110,11,1,122,0,122,--,276,154,110,122,122,Algún campo sin dato,1,9b97a504941b3781120d6a7e3416a1f37c4097674489f4485d8422fe1da77808,25/06/2023 23:38:22,ESCANER
13537,"San Marcos",12,"Concepción Tutuapa",6,1872,380,34,2,80,32,2,2,0,0,1,1,0,0,0,154,18,12,184,0,184,--,380,196,154,184,184,Algún campo sin dato,1,020d32cb6eec939c68d0059670ad6d01dd1aa4fac78ea1403e9f04340d4f1f95,26/06/2023 00:26:51,ESCANER
13538,"San Marcos",12,"Concepción Tutuapa",6,1872,380,50,0,84,50,2,1,3,1,1,3,2,0,0,197,13,10,220,0,220,--,380,160,197,220,220,Algún campo sin dato,1,915ace216709e336e7147523904b02371fe48bca39e7c3e96e14376462756663,26/06/2023 00:08:51,ESCANER
13539,"San Marcos",12,"Concepción Tutuapa",6,1872,380,55,0,36,78,0,2,0,1,1,3,1,0,0,177,18,13,208,0,208,--,380,169,177,208,208,Algún campo sin dato,1,bfd124c50a2bed385976a736b060bdeaecee54b0a5fa5fd0589bdba709dbc9c5,26/06/2023 00:37:56,ESCANER
13540,"San Marcos",12,"Concepción Tutuapa",6,1872,380,30,1,59,46,3,1,0,0,2,0,1,0,0,143,15,10,168,0,168,--,380,212,143,168,168,Algún campo sin dato,1,92814f652c14be4dd9ee135294160ee0e6ebc5df9bf12a7e1d3df233ca597177,26/06/2023 00:21:21,ESCANER
13541,"San Marcos",12,"Concepción Tutuapa",6,1873,380,44,1,46,48,1,2,0,0,1,4,0,0,0,147,6,7,160,0,160,--,380,220,147,160,160,Algún campo sin dato,1,949f567b2685d1d36b4652dba2fd52080769e4d1bb2fd4fc933fc399003659fe,26/06/2023 00:58:58,ESCANER
13542,"San Marcos",12,"Concepción Tutuapa",6,1873,380,37,0,44,58,3,3,0,0,1,1,0,0,0,147,9,9,0,0,165,--,380,215,147,165,165,Algún campo sin dato,1,223390ef2fd828b8286e787c645ad9777ed3e08250b9a4c596a8c81ef4a10e0d,26/06/2023 01:06:10,ESCANER
13543,"San Marcos",12,"Concepción Tutuapa",6,1873,225,20,1,36,59,0,2,0,0,0,0,0,0,0,118,4,1,123,0,123,--,225,102,118,123,123,Algún campo sin dato,1,c8fbb797dd04379be816ae53a960b0960e400be65951b83cd0144b30093aa8d4,26/06/2023 00:25:36,ESCANER
13544,"San Marcos",12,"Concepción Tutuapa",6,1873,225,16,0,16,50,0,1,0,0,0,0,1,0,0,84,5,5,94,0,94,--,225,131,84,94,94,Algún campo sin dato,1,0c6b98b976ebae4a856eae5ed280644522865e32d98c7f8dd5970d5774489946,26/06/2023 00:40:57,ESCANER
13545,"San Marcos",12,"Concepción Tutuapa",6,1874,380,84,5,12,79,1,4,2,0,0,0,0,0,0,187,39,11,237,0,237,--,380,143,187,237,237,Algún campo sin dato,1,bdcd4e3fca790d7f378831c5f5804fe8917f732bf507914d6288f6499b8b91e5,26/06/2023 01:40:48,ESCANER
13546,"San Marcos",12,"Concepción Tutuapa",6,1874,380,82,6,20,84,4,9,3,0,1,3,3,0,0,215,20,4,239,0,239,--,380,141,215,239,239,Algún campo sin dato,1,ecb058fb41c3c914941f21b8390253ad298ba38276b2fa70e6d6fbb525e58fe6,26/06/2023 02:00:11,ESCANER
13547,"San Marcos",12,"Concepción Tutuapa",6,1874,380,81,2,19,92,2,7,2,1,1,1,0,0,1,209,21,10,240,0,240,--,380,140,209,240,240,Algún campo sin dato,1,c7625b8952745ff7dc037b0406f966f4a7656f0dc955a437ca3488205aeb7447,26/06/2023 01:56:29,ESCANER
13548,"San Marcos",12,"Concepción Tutuapa",6,1874,380,73,2,8,95,2,9,1,1,1,2,0,0,0,194,29,8,231,0,231,--,380,146,194,231,231,Algún campo sin dato,1,34144ad62d7a238a43a04049376ab15334174415768f222190e75d266dfc199e,26/06/2023 01:50:07,ESCANER
13549,"San Marcos",12,"Concepción Tutuapa",6,1874,380,69,2,17,61,2,2,0,0,1,1,1,0,0,156,16,6,179,0,179,1,380,201,156,178,178,Sumas Asentadas sin cuadrar,1,08d6db38838ad83322e3687d335e37573586464bdb3a1a7dae7e15ddad1d5a2d,26/06/2023 04:24:04,ESCANER
13550,"San Marcos",12,"Concepción Tutuapa",6,1874,380,62,2,19,71,1,2,1,0,1,0,4,1,1,165,18,10,193,0,193,--,380,187,165,193,193,Algún campo sin dato,1,1c50cc486054017312235651fee40f93705590d818555af0c33c5b21e3bde1b1,26/06/2023 01:45:17,ESCANER
13551,"San Marcos",12,"Concepción Tutuapa",6,1874,380,62,3,13,64,1,8,0,1,1,0,2,0,0,155,11,8,174,0,174,--,377,203,155,174,174,Algún campo sin dato,1,008cbd9157a429970e60b5d5c44ab59f9c05ececcbf5ef8bd322fc22f98255d5,26/06/2023 01:30:43,ESCANER
13552,"San Marcos",12,"Concepción Tutuapa",6,1874,380,47,2,10,67,0,1,0,0,1,0,0,0,0,128,5,2,135,0,135,--,380,245,128,135,135,Algún campo sin dato,1,6d41ff76be2ed7789e06f614230e41b9d2b439803ca41e2433b1b6d24b015916,26/06/2023 01:33:25,ESCANER
13553,"San Marcos",12,"Concepción Tutuapa",6,1874,208,29,0,6,39,0,1,0,0,0,0,0,0,0,75,0,5,80,0,80,--,208,128,75,80,80,Algún campo sin dato,1,11f6ec1a4b33979731d6d3b7466b7e35f9978cd1071c4af4e811105857c851bc,25/06/2023 21:59:18,MOVIL
13554,"San Marcos",12,"Concepción Tutuapa",6,1874,208,25,0,7,28,1,1,0,0,0,0,0,0,0,62,4,6,72,0,72,--,208,136,62,72,72,Algún campo sin dato,1,ec37917f351bc14c7a8432a067bf5fff8425ec3f6bb1bd9145b8b42ae065bc04,25/06/2023 22:50:05,MOVIL
13555,"San Marcos",12,"Concepción Tutuapa",6,1875,380,86,3,11,82,2,1,0,0,2,3,0,0,0,190,17,12,219,0,219,--,380,161,190,219,219,Algún campo sin dato,1,d36dcb36bd783d8af6244bf0703763ac645e937f3395f9b0a75f93c64e3adfce,25/06/2023 22:01:08,ESCANER
13556,"San Marcos",12,"Concepción Tutuapa",6,1875,380,94,2,13,85,2,2,0,0,3,2,1,0,0,204,19,7,230,0,230,--,380,150,204,230,230,Algún campo sin dato,1,0539ddd13943136588d3869c1739609af333bab98e6cb98b29fd20ac025f94ee,25/06/2023 22:29:31,ESCANER
13557,"San Marcos",12,"Concepción Tutuapa",6,1875,380,89,1,8,107,0,3,2,0,3,2,2,0,1,118,22,8,248,0,248,--,380,129,218,248,248,Sumas Asentadas sin cuadrar,1,9de0da8ffda6b5303218d0f1594dd51279fd3fc9cb0368d2759ac741ec615500,26/06/2023 00:34:20,ESCANER
13558,"San Marcos",12,"Concepción Tutuapa",6,1875,380,85,3,3,116,1,3,0,0,5,2,0,1,0,219,32,11,262,0,262,--,380,118,219,262,262,Algún campo sin dato,1,bb1d746e889d62640277ab0936595b9905d2f20a63ef39aabc1a11dbae05f940,26/06/2023 00:14:06,ESCANER
13559,"San Marcos",12,"Concepción Tutuapa",6,1875,380,85,2,6,122,0,2,0,0,11,2,1,1,1,233,19,15,267,0,267,--,380,113,233,267,267,Algún campo sin dato,1,880441397bf047aeca8aca7f3ee33584554a9599a3f62adc8737ff643cf28b1b,25/06/2023 22:18:03,ESCANER
13560,"San Marcos",12,"Concepción Tutuapa",6,1876,380,71,0,4,106,0,0,3,0,3,0,0,1,0,188,8,4,200,0,200,--,380,180,188,200,200,Algún campo sin dato,1,0b39582b86ad24388d46a1179e5cddb14b6a35726ec71953326e3694b05e8d3a,26/06/2023 00:33:44,ESCANER
13561,"San Marcos",12,"Concepción Tutuapa",6,1876,380,82,1,6,73,0,4,1,2,5,1,0,0,0,175,11,10,196,0,196,--,350,154,175,196,196,Algún campo sin dato,1,0141bb56548af63e9cc1d4a4879eb4d609a469a9a90643a51f86f5e1e9fd7c15,26/06/2023 01:14:07,ESCANER
13562,"San Marcos",12,"Concepción Tutuapa",6,1876,380,76,1,5,83,0,3,1,0,3,1,0,0,0,173,9,4,186,0,186,--,380,194,173,186,186,Algún campo sin dato,1,15e435fb49097c9970bd723dce5f0e622434dba89d7f3cb87f98935e644ed439,26/06/2023 00:44:51,ESCANER
13563,"San Marcos",12,"Concepción Tutuapa",6,1876,368,65,1,4,107,0,3,0,0,5,1,0,0,0,186,8,3,197,0,197,--,368,171,186,197,197,Algún campo sin dato,1,1c2311368523c54c01a6508df6f0ae7f8912c1e30241bf9b0ad41fbd82de8921,25/06/2023 22:50:18,ESCANER
13564,"San Marcos",12,"Concepción Tutuapa",6,1876,368,49,0,4,88,0,0,1,0,4,1,0,0,0,147,5,1,153,0,153,0,368,215,147,153,153,,1,13cbe988aeef955d88ec947272efdbdd346bc8453c9c5a1405056cee2d891475,25/06/2023 21:07:49,ESCANER
13565,"San Marcos",12,"Concepción Tutuapa",6,1877,380,77,6,17,66,3,13,0,2,1,2,1,1,0,189,21,8,218,0,218,--,380,162,189,218,218,Algún campo sin dato,1,e9e6e0b7b14363dfa86be446c048e1b879ed0df87baac3ded583fbdf57f6d31e,25/06/2023 23:28:38,ESCANER
13566,"San Marcos",12,"Concepción Tutuapa",6,1877,380,84,8,22,63,3,10,1,0,0,0,3,0,0,194,31,11,236,0,236,--,380,144,194,236,236,Algún campo sin dato,1,a52cf22bca3c77f5f3d4b70732c90bc911903caeae42bc51c3317d66dc4541fb,25/06/2023 22:43:30,ESCANER
13567,"San Marcos",12,"Concepción Tutuapa",6,1877,380,79,5,21,97,1,6,0,0,2,2,3,0,0,216,26,6,248,0,248,--,380,132,216,248,248,Algún campo sin dato,1,f4d223d3eec6cfa5062928a7de4f26973138141442d2d01dd066f139438d91b3,25/06/2023 23:31:57,ESCANER
13568,"San Marcos",12,"Concepción Tutuapa",6,1877,380,113,0,17,52,5,23,3,0,2,9,1,1,0,226,17,8,251,0,251,--,380,129,226,251,251,Algún campo sin dato,1,24cd6df3f900a730ff481ca5c783e519c09b4f894e3f0f967f5b4005489dd56b,25/06/2023 23:29:12,ESCANER
13569,"San Marcos",12,"Concepción Tutuapa",6,1877,380,84,5,21,58,3,7,3,1,0,2,2,0,0,185,26,16,227,0,227,--,380,153,186,228,228,Sumas Asentadas sin cuadrar,1,88d574d7dbcd87e09e391d86d6d8c05d3d8175eb1d8c5c2c6c6931fc6f237cfa,26/06/2023 00:49:46,ESCANER
13570,"San Marcos",12,"Concepción Tutuapa",6,1877,380,83,0,16,64,5,19,1,0,5,3,1,2,0,199,21,6,226,0,226,--,380,154,199,226,226,Algún campo sin dato,1,3726b481813cb8618493973e7fab918a8f83aa3b484fc216fabc7a2793bc73b2,25/06/2023 23:36:37,ESCANER
13571,"San Marcos",12,"Concepción Tutuapa",6,1877,380,70,3,12,50,7,4,0,0,2,2,0,0,0,150,7,4,161,0,161,--,380,219,150,161,161,Algún campo sin dato,1,70b8024f4494f8a3c3c237cba070b91f48b00f7eb63d8cf47a47d95221e4465e,25/06/2023 23:26:28,ESCANER
13572,"San Marcos",12,"Concepción Tutuapa",6,1877,380,72,3,14,49,3,9,0,0,0,5,0,1,0,156,9,7,172,--,172,--,380,208,156,172,172,Algún campo sin dato,1,fcbf1090aa4d7b610d97249a8ecfad5e8639035513409ab0ff8b10a0e6793d32,25/06/2023 23:20:21,ESCANER
13573,"San Marcos",12,"Concepción Tutuapa",6,1878,380,76,0,11,47,2,3,0,0,2,2,2,1,0,146,8,4,158,0,158,--,380,222,146,158,158,Algún campo sin dato,1,3afd2db4120e8657d4da87aaebe7c8214b966ab78eb5c96bc57eaab2052841a7,25/06/2023 22:46:11,ESCANER
13574,"San Marcos",12,"Concepción Tutuapa",6,1878,281,47,0,7,44,1,5,0,0,0,0,0,0,0,104,3,3,110,0,110,--,278,168,104,110,110,Algún campo sin dato,1,f8b441c7bd160e4a2a47d11cb4d5b2c0e0b33738cef463233cf71500ad59bd28,26/06/2023 00:50:09,ESCANER
13575,"San Marcos",12,"Concepción Tutuapa",6,1878,281,45,2,9,33,1,6,0,0,0,0,0,0,0,96,8,6,205,0,705,--,281,173,96,110,110,Sumas Asentadas sin cuadrar,1,b2cd33abd9d0305a91225c0e48ac09e49bdff0ee75eaa89b4da62d29d772a085,26/06/2023 03:19:20,ESCANER
13576,"San Marcos",12,"Concepción Tutuapa",6,1879,380,40,9,48,64,2,11,0,1,2,2,2,0,0,181,36,11,228,0,228,--,380,152,181,228,228,Algún campo sin dato,1,e70b538d56ce58100a0e0fbb9ef716e2be80c24ae26bd03b59eacae003612281,26/06/2023 00:33:01,MOVIL
13577,"San Marcos",12,"Concepción Tutuapa",6,1879,380,30,17,34,58,5,27,1,1,4,2,1,0,0,180,20,18,218,0,218,--,380,162,180,218,218,Algún campo sin dato,1,e33afa5b53706323bc75fa31127860f1800c3948ec2ea3943ce35a9f110a39ac,26/06/2023 00:02:22,MOVIL
13578,"San Marcos",12,"Concepción Tutuapa",6,1879,380,--,--,--,--,--,--,--,--,--,--,--,--,--,--,--,--,--,--,--,--,--,--,,,,Acta ilegible,0,9a62addc04fb6fbd11ac0c44ba02b28b281203f4fd7e1afc40c05a7bb816ba3e,26/06/2023 03:59:46,MOVIL
13579,"San Marcos",12,"Concepción Tutuapa",6,1879,338,20,10,31,80,0,3,1,2,1,1,0,0,0,149,7,3,159,1,160,--,338,179,149,159,160,Algún campo sin dato,1,33c5ecbafc51bff6ce021a61c7d5904f77127f7b017c8e11bfd8c300ef1d641c,26/06/2023 03:40:24,MOVIL
13580,"San Marcos",12,"Concepción Tutuapa",6,1879,337,29,8,23,85,0,5,0,0,0,0,0,0,0,150,8,2,160,0,160,--,337,174,150,160,160,Algún campo sin dato,1,145eaa49db8e8b6e40d6184d03b1bccb91e14a1f1eaf6138912ecbc26440df44,26/06/2023 02:16:37,MOVIL
13581,"San Marcos",12,"Concepción Tutuapa",6,1880,380,88,0,20,78,4,3,0,1,15,4,2,0,0,215,26,3,244,0,244,0,380,136,215,244,244,,1,6c05557e027ba92e9275def790b667bf1b2aa610a69742a48e57e27066fa90f5,26/06/2023 00:46:54,ESCANER
13582,"San Marcos",12,"Concepción Tutuapa",6,1880,380,83,2,35,64,3,5,0,0,7,1,3,0,0,203,22,14,239,0,239,--,380,141,203,239,239,Algún campo sin dato,1,0ff7a75173d98f2e93410f886d61f212dde0f3644610fe3bc2d439e1355c22d4,26/06/2023 00:48:31,ESCANER
13583,"San Marcos",12,"Concepción Tutuapa",6,1880,380,66,0,35,62,3,5,1,0,1,2,2,0,0,177,28,11,216,0,216,--,380,164,177,216,216,Algún campo sin dato,1,9ea4529742c841dc26dbdceb156b1564e77f73b7ca5ceaf1d26bbcc944b90fa2,26/06/2023 00:52:53,ESCANER
13584,"San Marcos",12,"Concepción Tutuapa",6,1880,222,25,0,10,33,1,0,0,0,1,1,1,0,0,72,4,4,80,0,80,--,219,139,72,80,80,Algún campo sin dato,1,c1651a2e8a640cfc4e42f7e3c7303b1671fe636483ec73a1d8dae71eff9a68f2,26/06/2023 00:38:09,ESCANER
13585,"San Marcos",12,"Concepción Tutuapa",6,1880,222,27,0,4,26,0,1,0,0,2,0,0,0,0,60,8,1,69,0,69,--,219,150,60,69,69,Algún campo sin dato,1,dac2af15f8c9e6be98f06c70a189e56cfb744a924dfaae5205ef7b3e1d19d86e,25/06/2023 21:23:31,MOVIL
13586,"San Marcos",12,"Concepción Tutuapa",6,1881,380,29,6,64,105,4,7,0,0,2,6,1,0,0,--,19,7,250,--,--,0,380,130,224,250,250,Algún campo sin dato,1,6e27b4662fa7d491d473f9b2df2a99c9f18e49724253c18a6942c429dd188cc0,27/06/2023 14:13:32,ESCANER
13587,"San Marcos",12,"Concepción Tutuapa",6,1881,380,48,8,55,88,3,7,0,1,0,1,2,0,0,213,15,8,236,0,236,0,380,144,213,236,236,,1,b3b153739bde2174de5e8bbf9627159e88bdc4ef40afbdc604bffe4085a17f8a,27/06/2023 14:21:23,ESCANER
13588,"San Marcos",12,"Concepción Tutuapa",6,1881,380,32,7,24,89,2,0,0,0,0,5,0,0,0,159,26,7,192,0,192,--,376,184,159,192,192,Algún campo sin dato,1,bdb224b038240301356c0f8f7c3502c47246c442f25529adfbcb0d4014f5007c,26/06/2023 02:02:43,ESCANER
13589,"San Marcos",12,"Concepción Tutuapa",6,1881,216,18,3,21,47,0,3,0,0,1,3,0,0,0,96,3,4,103,0,103,0,216,113,96,103,103,,1,8b56c71912e47c0ca5378257ac2e1e03bf9795e940d2a49884d46b2202249326,26/06/2023 04:34:13,ESCANER
13590,"San Marcos",12,"Concepción Tutuapa",6,1881,216,17,2,21,50,0,1,0,0,1,0,0,0,0,92,3,1,96,0,96,0,216,120,92,96,96,,1,d1279a9cea067d87730a301fac85b07c80beda066bc1f298ae87a1c5c51257cd,27/06/2023 14:27:38,ESCANER
13591,"San Marcos",12,"Concepción Tutuapa",6,1882,380,79,5,3,126,1,13,1,0,2,5,1,0,0,236,18,15,269,0,269,--,380,111,236,269,269,Algún campo sin dato,1,13b390203637269c05f969e480e110616cd504abc87537b04d0a0b3d1696080b,26/06/2023 01:35:11,ESCANER
13592,"San Marcos",12,"Concepción Tutuapa",6,1882,380,84,1,4,135,0,11,0,0,2,2,1,1,--,241,14,5,260,0,260,--,380,120,241,260,260,Algún campo sin dato,1,161af10afd0e4d46e599e9337a86818e65402e623ef759178ab7f05d1dc81a6e,26/06/2023 04:12:04,ESCANER
13593,"San Marcos",12,"Concepción Tutuapa",6,1882,380,81,2,4,129,0,11,0,2,0,1,2,3,0,235,23,11,269,--,269,--,377,108,235,269,269,Algún campo sin dato,1,50e072d11f8b6055cc3e8ff871e22ce1b9ee18028036f16b6c584eb4529ef452,26/06/2023 00:55:24,ESCANER
13594,"San Marcos",12,"Concepción Tutuapa",6,1882,380,55,1,4,100,0,7,2,0,1,8,1,0,0,179,7,2,188,0,188,--,380,192,179,188,188,Algún campo sin dato,1,4fa642cf679590e75477e7b69dafb2382164afe079240fda57db3ba5fc5281bd,26/06/2023 01:02:18,ESCANER
13595,"San Marcos",12,"Concepción Tutuapa",6,1882,379,63,0,5,107,0,7,1,0,1,1,0,1,0,186,9,6,201,0,201,--,379,178,186,201,201,Algún campo sin dato,1,755da868effe20a625daa1fd5b2170644d7b7bf47436dc0bb50fcaf6296afd78,26/06/2023 01:11:47,ESCANER
13596,"San Marcos",12,"Concepción Tutuapa",6,1882,378,56,2,2,122,0,4,0,0,0,0,0,4,0,190,8,3,201,--,--,--,378,177,190,201,201,Algún campo sin dato,1,f17bbeec1577654864898d53db436d20ca8ceb24f8ae5fdf9a4f4147aa8215fd,26/06/2023 01:26:02,ESCANER
13597,"San Marcos",12,"Concepción Tutuapa",6,1883,380,69,5,34,78,2,4,0,1,5,3,0,2,0,203,18,15,236,144,380,--,380,144,203,236,380,Algún campo sin dato,1,9aaab07315be615e042613aec98b667ac68c6c30501b9e9295d3df2ddf1a8d5b,26/06/2023 02:09:38,ESCANER
13598,"San Marcos",12,"Concepción Tutuapa",6,1883,380,79,4,19,103,3,5,0,0,1,1,1,1,0,217,15,11,243,0,243,--,380,137,217,243,243,Algún campo sin dato,1,0e2c8ef1d036396a5f8542b79b78b93924a43e13be2f25f2c621114af41d4735,26/06/2023 02:02:11,ESCANER
13599,"San Marcos",12,"Concepción Tutuapa",6,1883,380,82,1,25,87,0,3,1,0,5,2,0,0,0,206,12,12,230,1,231,--,380,149,206,230,231,Algún campo sin dato,1,3dc171e87a712540d28453a473f2f10eccbf8d1c886b79b04d1bd83b50c5a0a4,26/06/2023 01:57:20,ESCANER
13600,"San Marcos",12,"Concepción Tutuapa",6,1883,380,53,1,20,67,0,3,0,0,0,2,1,0,0,147,7,6,160,0,160,--,380,220,147,160,160,Algún campo sin dato,1,f1ee7a4db58a3973867844829d1fd2b9735c2198ace115b9e4c4402d2be6b5e9,26/06/2023 01:50:02,ESCANER
13601,"San Marcos",12,"Concepción Tutuapa",6,1883,317,52,2,23,73,1,0,0,0,2,0,0,0,0,153,9,2,164,150,314,0,314,150,153,164,314,,1,899299f903d0f9b56080a4f334481c63675818649be7f8a5ad67a22160221a7a,27/06/2023 14:05:53,ESCANER
13602,"San Marcos",12,"Concepción Tutuapa",6,1883,316,50,0,18,77,0,2,0,0,2,1,0,0,0,150,5,2,157,159,316,0,316,159,150,157,316,,1,3d5f222928dc57dc73cb910d882d119316e030cef506c37e16240938bbd5c925,26/06/2023 02:52:59,ESCANER
13603,"San Marcos",12,"Concepción Tutuapa",6,1884,380,91,1,25,80,0,8,1,1,1,6,1,1,1,217,15,11,243,0,243,--,380,137,217,243,243,Algún campo sin dato,1,4dc276f1f8f658929679942e5cec865367c5a87a79c9c7068779c657c3501f45,26/06/2023 01:25:38,ESCANER
13604,"San Marcos",12,"Concepción Tutuapa",6,1884,380,88,4,18,63,2,3,0,0,1,4,0,1,0,184,14,4,202,0,202,--,380,178,184,202,202,Algún campo sin dato,1,c2ab0dbc1dcf8a230632adcf5593bf8d9685849569deb77499318c32714895c9,26/06/2023 01:25:29,ESCANER
13605,"San Marcos",12,"Concepción Tutuapa",6,1884,380,96,1,20,77,3,6,1,--,1,1,2,2,0,0,10,6,210,210,226,--,381,155,210,226,436,Sumas Asentadas sin cuadrar,1,f2096e408c862226f77a03b0ead1baf0e525cbf5b280a03dfec7add309aea4ee,26/06/2023 01:59:42,ESCANER
13606,"San Marcos",12,"Concepción Tutuapa",6,1884,380,90,1,20,61,2,6,0,0,1,0,0,0,0,181,17,12,210,0,210,--,380,170,181,210,210,Algún campo sin dato,1,8fd68923d26cabeb865e5f0ab9c50b6f88dd73d3f53a90dd60d7d8c862be9298,26/06/2023 01:16:48,ESCANER
13607,"San Marcos",12,"Concepción Tutuapa",6,1884,380,85,0,17,76,0,9,0,0,1,3,0,0,0,191,13,8,212,0,212,--,377,165,191,212,212,Algún campo sin dato,1,50e8f539452878d5455fc55439286085ba105dd755d5bbb2a649d8f31c7666e8,26/06/2023 01:01:25,ESCANER
13608,"San Marcos",12,"Concepción Tutuapa",6,1884,380,78,0,17,69,1,6,0,0,3,2,0,0,0,176,12,11,199,--,199,--,380,181,176,199,199,Algún campo sin dato,1,954a6b8500ed693fbfaa5d668df0fe4617ef030d5312c0fdd086422b60ef0352,26/06/2023 01:32:07,ESCANER
13609,"San Marcos",12,"Concepción Tutuapa",6,1884,380,64,0,19,73,3,3,1,0,0,3,0,2,0,168,11,5,184,0,184,--,380,196,168,184,184,Algún campo sin dato,1,e0fd415fcdc382d346497a2e77e5dc020a660ed19829c19a00642e352406197b,26/06/2023 01:31:21,ESCANER
13610,"San Marcos",12,"Concepción Tutuapa",6,1884,271,54,1,8,59,0,2,0,0,1,0,0,0,0,125,3,1,129,0,129,--,271,142,125,129,129,Algún campo sin dato,1,d0237ed27883e74af9d2697092f35340b291b2a53be9c206145ff61989e69bb3,26/06/2023 01:11:02,ESCANER
13611,"San Marcos",12,"Concepción Tutuapa",6,1884,271,38,1,8,45,1,1,0,1,0,0,0,0,0,95,3,5,103,0,103,0,271,168,95,103,103,,1,c7eec814d19217ec8ef2d6c17c6d648aa921b226168654616a167d2fd0a731c6,26/06/2023 01:03:36,ESCANER
13612,"San Marcos",12,"Concepción Tutuapa",6,1885,600,71,1,21,52,3,11,0,0,3,6,3,1,0,172,27,7,206,0,206,0,598,392,172,206,206,,1,de1069c528da7c6c58fca7d3070e43dc3f5775e37851749e7194116fab218b75,25/06/2023 23:11:38,ESCANER
13613,"San Marcos",12,"Concepción Tutuapa",6,1885,374,35,0,10,28,0,4,1,0,0,1,1,0,0,80,11,3,94,0,94,0,374,280,80,94,94,,1,1ea2a86def5468b962aff9956a6c8fb214eca88cf9d3b7f09c211f1775110c56,25/06/2023 23:14:13,ESCANER
13614,"San Marcos",12,"Concepción Tutuapa",6,1885,373,16,1,6,10,0,0,0,1,1,2,0,0,0,37,3,1,41,0,41,--,373,332,37,41,41,Algún campo sin dato,1,8dcc585c5163e3365f0dd1604e8c7f334cc10c8039d2640ba3b3a90e80ec7fbf,25/06/2023 23:06:04,ESCANER