﻿TIPO_DE_ELECCIÓN:,CORPORACIÓN MUNICIPAL
28 junio 2023 21:35 (UTC -6)
ACTAS_ESPERADAS,ACTAS_CAPTURADAS,PORCENTAJE_ACTAS_CAPTURADAS,ACTAS_CONTABILIZADAS,PORCENTAJE_ACTAS_CONTABILIZADAS,ACTAS_NO_CONTABILIZADAS,LISTA_NOMINAL_ACTAS_CONTABILIZADAS,VOTOS_EMITIDOS_CONTABILIZADAS,PORCENTAJE_PARTICIPACIÓN_CIUDADANA
218,218,100.0000,217,99.5412,1,82231,51520,62.6527

MESA,DEPARTAMENTO,ID_DEPARTAMENTO,MUNICIPIO,ID_MUNICIPIO,CENTRO_DE_VOTACIÓN,PADRÓN,VAMOS,TODOS,CABAL,SEMILLA,PPN,VICTORIA,CREO,PPG,PODEMOS,VOS,UNE,VALOR,U R N G - MAIZ,CAMBIO,UR,ELEFANTE,PHG,MI FAMILIA,PR,UNIONISTA,AZUL,P A N,MLP,PIN,BIEN,VIVA,VÁLIDOS,NULOS,BLANCO,EMITIDOS,INVÁLIDOS,TOTAL,IMPUGNACIONES,PAPELETAS-RECIBIDAS,PAPELETAS-NO-USADAS,VALIDOS_CALCULADO,EMITIDOS_CALCULADO,TOTAL_CALCULADO,OBSERVACIONES,CONTABILIZADA,CÓDIGO_INTEGRIDAD,FECHA_HORA_PUBLICACIÓN,DIGITALIZACIÓN
5119,"Guatemala",1,"Petapa",17,509,400,9,6,6,23,27,9,0,0,13,15,51,47,1,1,3,3,1,0,1,1,0,2,8,0,2,4,233,22,0,255,0,255,--,400,145,233,255,255,Algún campo sin dato,1,3ab3a7a83993638726b092abead2649aaf9e7cd368c4ef87387e3ad963a3841c,26/06/2023 03:25:11,ESCANER
5120,"Guatemala",1,"Petapa",17,509,400,5,9,7,32,19,16,0,1,3,17,45,36,2,2,5,6,0,3,1,3,1,1,9,0,3,6,232,18,2,252,0,252,--,397,145,232,252,252,Algún campo sin dato,1,ce330935312877800865a563bd0b43c3ceae87c65d1d27e9ea83f6a3f0ff6756,26/06/2023 03:01:11,ESCANER
5121,"Guatemala",1,"Petapa",17,509,400,9,11,2,33,22,17,0,1,6,12,45,56,4,0,3,6,2,3,0,1,1,1,5,0,2,7,249,25,2,276,0,276,--,400,124,249,276,276,Algún campo sin dato,1,d6fcd405d7a1741e265e273d1f691a9c3bbed1ccedbce12a46f6b2bb989fd3e5,26/06/2023 02:51:22,ESCANER
5122,"Guatemala",1,"Petapa",17,509,400,14,7,4,26,27,23,0,0,6,20,40,46,2,2,4,6,1,1,1,2,0,1,6,1,3,7,250,16,3,269,0,269,--,--,--,250,269,269,Algún campo sin dato,1,d71de5739415753db3349ebabd0adc01353e53f2960a069df1ca8e5d88c40dba,26/06/2023 03:16:12,ESCANER
5123,"Guatemala",1,"Petapa",17,509,400,6,9,5,34,24,21,0,2,5,19,59,46,1,0,7,3,0,2,0,1,0,1,5,1,3,6,260,14,2,276,0,276,--,412,136,260,276,276,Algún campo sin dato,1,8749bb0ab04be0609c5888fb04383ee7d2e0eb5edd8788e29e424ee3e429e103,26/06/2023 05:38:19,ESCANER
5124,"Guatemala",1,"Petapa",17,509,400,5,6,7,33,19,8,0,2,7,13,42,60,5,1,2,4,2,0,0,0,0,2,9,1,2,6,236,18,2,256,0,256,--,400,144,236,256,256,Algún campo sin dato,1,cafbd2cc49ea13b8c1b227b6d1827379007f956aa05d942a93cf3be61acac213,26/06/2023 03:17:36,ESCANER
5125,"Guatemala",1,"Petapa",17,509,400,11,9,1,36,20,7,0,1,9,21,55,55,0,3,3,6,1,3,1,0,1,2,9,1,3,4,262,13,1,276,0,276,--,412,136,262,276,276,Algún campo sin dato,1,8d7f7b3eacb676f729aa562228295a4b2a2e3b75a224ef9a4653c489610d4459,26/06/2023 02:51:28,ESCANER
5126,"Guatemala",1,"Petapa",17,509,400,10,7,2,44,14,11,0,0,6,17,80,61,3,0,5,2,1,1,1,0,0,0,6,0,3,2,276,9,1,286,0,286,1,--,--,276,286,286,Algún campo sin dato,1,0f1be617616fd4f1913c03b813f4b76c58a7c7bf666a9db0a0b236ef11243fc8,26/06/2023 03:45:16,ESCANER
5127,"Guatemala",1,"Petapa",17,509,400,7,2,4,49,28,20,0,0,6,21,44,60,0,1,8,2,0,0,1,0,0,2,5,3,0,2,265,12,3,280,0,280,--,297,17,265,280,280,Algún campo sin dato,1,f5bbd5bce097a97dc71f041c722eefd6afe1f01ffa9fa7dd99a063adf5d53fc1,26/06/2023 03:03:20,ESCANER
5128,"Guatemala",1,"Petapa",17,509,400,5,13,7,22,18,44,0,2,6,21,48,50,3,1,3,4,2,1,1,1,0,4,7,2,3,5,273,12,4,289,0,289,289,400,111,273,289,289,,1,3551ea83e7afc0f191b8b1a98513d7ec7dcfc58eba1560680e75f5dbb87fe3cd,26/06/2023 01:57:09,ESCANER
5129,"Guatemala",1,"Petapa",17,509,400,9,7,2,53,28,15,0,2,4,10,47,47,4,0,1,1,2,2,1,2,0,0,9,1,3,8,258,14,0,272,0,272,--,400,128,258,272,272,Algún campo sin dato,1,7f86438fdf6570d4d3c53f7223f7098ebc3ecfdc6b50da23b7aa8587f5be68b4,26/06/2023 03:01:32,ESCANER
5130,"Guatemala",1,"Petapa",17,509,400,4,4,3,30,24,12,0,0,4,21,46,41,0,0,2,5,0,1,0,1,0,0,2,3,1,4,208,9,1,218,0,218,--,398,180,208,218,218,Algún campo sin dato,1,4ec6c4ff79718de763d6f11d03cf030970c0b8d6a0375f624afc07028046ea91,26/06/2023 01:40:16,ESCANER
5131,"Guatemala",1,"Petapa",17,509,400,6,6,4,40,19,12,0,2,6,15,51,46,1,1,2,5,0,0,3,0,0,1,0,3,1,3,227,14,0,241,1,242,1,399,157,227,241,242,,1,66d135fbb2f2190e4edef781125eab90bd4f821503302890f8feb16d3a97cc0a,26/06/2023 02:51:05,ESCANER
5132,"Guatemala",1,"Petapa",17,509,400,7,6,3,34,20,12,0,1,3,17,46,48,4,1,3,5,1,0,1,1,1,2,7,1,2,5,231,16,3,250,0,250,--,400,150,231,250,250,Algún campo sin dato,1,48816b949b9a646264d3b5e8d7ce308266c23c189a1d631a525baff44c3163a3,26/06/2023 02:58:06,ESCANER
5133,"Guatemala",1,"Petapa",17,509,400,10,5,6,31,20,12,0,1,8,13,40,46,2,2,6,3,1,2,0,1,0,1,3,2,3,1,219,13,4,236,0,236,--,400,164,219,236,236,Algún campo sin dato,1,19ab347914aafb250bd39c117de0b84edcbe1e7f3d63963d9cf183f2bcffe13d,26/06/2023 01:59:15,ESCANER
5134,"Guatemala",1,"Petapa",17,509,400,6,9,4,29,24,10,0,2,5,15,43,49,1,3,3,3,0,0,2,1,2,0,4,1,2,2,220,18,0,238,0,238,--,400,162,220,238,238,Algún campo sin dato,1,985ae7a34610e08d00c0c59c4c041bf026b868279ac766fa4175ea4fa83cbbbc,26/06/2023 01:26:20,ESCANER
5135,"Guatemala",1,"Petapa",17,509,400,7,11,2,44,15,13,0,0,7,8,46,45,2,2,4,8,1,1,2,1,2,0,4,1,3,8,237,20,3,260,0,260,--,408,148,237,260,260,Algún campo sin dato,1,b1d7b8266eb392430ccd16292842bebbaa3e274bc83b29dcc6d93f408090d703,26/06/2023 03:09:23,ESCANER
5136,"Guatemala",1,"Petapa",17,509,400,13,11,4,33,14,13,0,0,3,23,43,51,0,1,2,4,0,3,0,1,0,0,6,1,3,0,229,13,1,243,0,243,--,400,157,229,243,243,Algún campo sin dato,1,524602cff15d2723cd9b890c3aee86bed82cfbc86d90e09867f5fa28daa23da7,26/06/2023 00:54:56,ESCANER
5137,"Guatemala",1,"Petapa",17,510,400,6,12,2,33,25,15,0,2,8,23,43,64,1,1,1,4,0,5,0,1,0,3,7,1,1,7,265,16,4,285,0,285,--,400,115,265,285,285,Algún campo sin dato,1,16c7db18caaf9978dc873b5cf94cb2cf7571e1fabc228eadb07483b4c743b73b,26/06/2023 02:04:05,ESCANER
5138,"Guatemala",1,"Petapa",17,510,400,13,9,5,37,17,10,0,1,5,20,37,65,1,1,3,3,1,2,0,0,0,1,9,0,3,4,247,22,0,269,0,269,--,400,131,247,269,269,Algún campo sin dato,1,403984460e53b523af004615ac939f607191f4415f371bb1fae0d030c3df0ba2,26/06/2023 03:03:00,ESCANER
5139,"Guatemala",1,"Petapa",17,510,400,7,1,5,41,17,11,0,2,3,12,55,53,2,1,4,4,1,0,0,0,1,0,4,0,1,6,231,14,2,247,0,247,--,412,165,231,247,247,Algún campo sin dato,1,bf5ea358449e3df4c816e19113f7a478b35c4ae02a9675be82b3340ae46f62ac,26/06/2023 02:44:05,ESCANER
5140,"Guatemala",1,"Petapa",17,510,400,9,6,1,34,17,15,0,4,5,13,46,54,0,0,7,6,1,3,2,0,0,3,13,4,4,3,250,9,3,262,0,262,--,397,135,250,262,262,Algún campo sin dato,1,d007fc93114ecaf7ec069d017ee052a4619f7b958a0e4b4ef27596e9330edc35,26/06/2023 02:25:27,ESCANER
5141,"Guatemala",1,"Petapa",17,510,400,6,11,1,40,20,13,0,1,3,15,50,57,2,0,2,4,1,1,0,2,0,1,10,0,0,0,257,15,2,257,0,257,--,400,143,240,257,257,Sumas Asentadas sin cuadrar,1,f5c56667903edc775620b1b0297b438307210805e49927b2028f0107b6df5204,26/06/2023 02:30:42,ESCANER
5142,"Guatemala",1,"Petapa",17,510,400,5,4,4,41,25,15,0,2,11,17,39,42,0,0,4,3,0,1,1,0,1,1,2,0,1,2,221,20,2,243,1,244,--,393,149,221,243,244,Algún campo sin dato,1,722cc06472c1f7e5ee7d891cf2990f77262d894b195b287d3a6cd3878d2d7db1,26/06/2023 02:45:25,ESCANER
5143,"Guatemala",1,"Petapa",17,510,400,6,2,3,33,23,14,0,1,9,15,46,45,0,0,3,6,0,0,0,1,3,3,8,1,3,3,228,10,1,239,0,239,--,400,161,228,239,239,Algún campo sin dato,1,754cff89fb1369a5d4fd8cea34293ceb6a83228553e5c9b30a95cae3a1110ed8,26/06/2023 03:05:01,ESCANER
5144,"Guatemala",1,"Petapa",17,510,400,5,3,0,32,14,13,0,0,3,13,43,55,0,0,6,4,0,1,0,1,0,2,4,0,3,4,207,11,1,219,0,219,1,400,181,206,218,218,Sumas Asentadas sin cuadrar,1,96f2ae623615e78a74d60d7b41d58de8de14837f24ffa721704c64437f06dc3d,26/06/2023 02:39:48,ESCANER
5145,"Guatemala",1,"Petapa",17,510,400,3,5,3,40,17,9,0,1,8,7,29,50,0,1,5,6,2,1,0,0,1,1,3,1,3,1,197,15,1,213,0,213,--,400,187,197,213,213,Algún campo sin dato,1,61d2234894e919e9754ba4b53558a41c7a0cb133fb28a52bd572e04cce43d635,26/06/2023 03:01:21,ESCANER
5146,"Guatemala",1,"Petapa",17,510,400,8,5,7,27,23,10,0,2,7,12,47,40,0,1,1,3,0,0,1,0,1,3,3,1,0,3,205,15,0,220,0,220,--,400,180,205,220,220,Algún campo sin dato,1,f514629c2ff656416a7a0b42222d82857ad6bc5887299ef43d7e2841a97549c9,26/06/2023 02:44:26,ESCANER
5147,"Guatemala",1,"Petapa",17,510,400,6,7,1,67,18,4,0,4,2,24,35,42,0,1,1,2,2,0,0,0,1,0,6,2,0,2,227,7,1,235,0,235,--,400,162,227,235,235,Algún campo sin dato,1,acd00b3fe8c02056197582661dbfaafc463bc31ab800d2f3804d2ad29cfc08dd,26/06/2023 02:54:30,ESCANER
5148,"Guatemala",1,"Petapa",17,510,400,3,3,2,61,17,2,0,2,7,20,27,69,1,0,2,4,1,0,1,0,1,1,2,5,6,7,251,3,0,254,0,254,--,394,143,244,247,247,Sumas Asentadas sin cuadrar,1,0ead0a8158e82d91547c35b4fb511ef0ac81be457a0163221ae6cdf8ee22c34f,26/06/2023 02:58:59,ESCANER
5149,"Guatemala",1,"Petapa",17,510,400,9,5,2,48,15,8,0,0,3,16,57,41,1,0,3,2,1,0,0,0,0,0,4,0,2,1,218,6,0,224,0,224,--,400,176,218,224,224,Algún campo sin dato,1,1118ef57e5737ee55e6b911f7177c4d9f03b7c962a877777daf851ffc659b996,26/06/2023 04:46:21,ESCANER
5150,"Guatemala",1,"Petapa",17,510,400,6,5,0,44,25,10,0,0,2,16,70,45,0,0,4,0,1,1,0,1,0,0,4,0,0,1,235,9,0,244,0,244,1,400,156,235,244,244,,1,e16e6d83d0f62c8091a1dbbbd0a9b68853f15b815d21c00826010df2f7cf46bf,26/06/2023 02:38:55,ESCANER
5151,"Guatemala",1,"Petapa",17,510,400,6,8,2,20,22,6,0,1,5,15,53,47,2,0,0,1,1,1,2,0,0,0,0,1,2,3,197,12,0,209,0,209,1,400,191,198,210,210,Sumas Asentadas sin cuadrar,1,93ce7a58a1cfd57c33b356173f708fec34251d001ff5626025c13a65d127f301,26/06/2023 05:44:27,ESCANER
5152,"Guatemala",1,"Petapa",17,510,400,9,0,4,32,21,15,0,0,6,8,30,42,0,1,2,3,1,2,0,0,2,1,2,0,2,2,185,7,1,193,0,193,--,400,207,185,193,193,Algún campo sin dato,1,062e5a86074e88eac6d6df1cc1b01171b5b4f508d84029f74617964c69481afb,26/06/2023 02:51:35,ESCANER
5153,"Guatemala",1,"Petapa",17,510,245,3,5,2,20,9,1,--,1,4,8,16,39,--,--,6,2,--,--,--,--,--,--,1,--,2,2,121,7,--,121,--,128,1,--,--,121,128,128,Sumas Asentadas sin cuadrar,1,a7b0e186f3f8553d48d89b441bca9458733ba638cbb2de49b25979a252a2bcc5,25/06/2023 21:49:15,ESCANER
5154,"Guatemala",1,"Petapa",17,510,245,4,3,1,22,11,4,0,0,2,8,11,29,0,3,4,1,0,0,0,0,0,2,2,0,0,1,106,3,1,110,0,110,--,245,135,108,112,112,Sumas Asentadas sin cuadrar,1,13afb2c503ea8cc11777a4396104a696697a3fec4c810f8ac52c73238482f241,25/06/2023 23:15:33,ESCANER
5155,"Guatemala",1,"Petapa",17,511,400,12,3,6,28,23,13,0,4,5,14,45,62,2,1,9,8,2,5,1,2,2,2,3,0,1,2,255,10,1,266,0,266,--,401,135,255,266,266,Algún campo sin dato,1,7f8d7bf3201772354a76727b81cd18e532379a3c468689f0d2d95269eae4053e,26/06/2023 01:39:53,ESCANER
5156,"Guatemala",1,"Petapa",17,511,400,17,2,2,33,29,16,0,4,6,11,44,54,1,0,4,3,0,6,0,0,2,1,4,1,1,9,250,14,2,266,0,266,--,400,134,250,266,266,Algún campo sin dato,1,bb4d662c90a5842c22ff33971725a5d504df885c632d85b46be94cd2b11d21d2,26/06/2023 01:37:15,ESCANER
5157,"Guatemala",1,"Petapa",17,511,400,23,2,3,32,26,14,0,5,6,15,38,65,4,0,0,7,1,7,0,0,3,2,3,2,3,11,272,16,1,289,0,289,1,399,110,272,289,289,,1,5ce10c171d26e0a92a3e620d4db0f2c79815a284c177862309fc55d3df561125,26/06/2023 02:17:27,ESCANER
5158,"Guatemala",1,"Petapa",17,511,400,19,6,5,36,26,14,0,5,7,18,43,56,3,1,2,3,0,5,0,0,1,3,4,3,7,7,270,8,2,280,0,280,1,400,120,274,284,284,Sumas Asentadas sin cuadrar,1,ea6be0552ca016b5c3f14a16fc458a853cdc22fd4d7a05d125cd8a3d32ccb394,26/06/2023 01:49:31,ESCANER
5159,"Guatemala",1,"Petapa",17,511,400,11,7,5,34,19,10,0,1,3,17,35,68,2,2,5,5,1,5,1,1,0,5,0,1,3,6,247,14,0,261,0,261,--,400,139,247,261,261,Algún campo sin dato,1,8aef4add71cbca0fdc29ba532e0ebb013d2da1c764d27027e63cd12b9b592fec,26/06/2023 02:43:48,ESCANER
5160,"Guatemala",1,"Petapa",17,511,400,10,0,2,36,22,10,0,5,10,20,32,76,3,1,1,5,0,3,1,0,1,1,3,3,4,11,260,6,0,266,4,270,--,400,130,260,266,270,Algún campo sin dato,1,09be9dbedfd60fabd176bc7e2fd5a6ec285a0c9c68a83ff243903944e71dcd7b,26/06/2023 05:08:06,ESCANER
5161,"Guatemala",1,"Petapa",17,511,400,11,5,5,33,20,9,0,2,5,15,33,73,2,3,5,7,1,3,0,1,3,0,2,1,1,3,243,12,1,256,0,256,--,400,144,243,256,256,Algún campo sin dato,1,42195fe7cfd30a48ef2149feb9d5e47ce3ead608ea1cb5cb1ded506a36e0df4e,25/06/2023 23:28:08,ESCANER
5162,"Guatemala",1,"Petapa",17,511,400,17,8,3,27,30,10,0,2,4,16,38,64,2,3,2,2,0,3,0,0,0,2,6,0,2,8,249,12,0,261,0,261,--,400,139,249,261,261,Algún campo sin dato,1,2714866d4c4cef0ca8b39f18a7c500e60dac057da990305a3265be151eecf594,26/06/2023 02:01:16,ESCANER
5163,"Guatemala",1,"Petapa",17,512,400,7,3,2,33,19,9,0,--,4,11,29,55,1,3,2,6,0,4,--,0,4,3,4,1,4,7,211,13,2,226,0,226,--,397,171,211,226,226,Algún campo sin dato,1,59393e89d9c92bb1d1cdb7dee2f5cffa54caac533a57b192237d8e9be5cd7348,26/06/2023 01:59:52,ESCANER
5164,"Guatemala",1,"Petapa",17,512,400,2,10,5,43,18,9,0,1,4,19,33,74,0,4,1,3,1,2,0,0,1,0,1,2,4,2,239,6,0,245,0,245,2,400,155,239,245,245,,1,92c79ad6915d9c3bc19c7e3111d6e4144600485f16cbecf593c01859286da49e,26/06/2023 01:42:39,ESCANER
5165,"Guatemala",1,"Petapa",17,512,400,10,3,1,44,18,4,0,1,2,13,41,49,1,1,5,2,1,3,2,0,0,0,0,3,0,4,208,7,1,215,1,217,--,400,184,208,216,217,Sumas Asentadas sin cuadrar,1,ed2c2cda0811fac54cfbe173c149881389f360648142fb114d16f3ce518f5e11,26/06/2023 01:56:45,ESCANER
5166,"Guatemala",1,"Petapa",17,512,211,4,3,2,23,15,8,0,1,3,5,16,23,2,0,0,3,0,1,1,0,1,0,0,0,1,0,112,4,1,117,0,117,--,211,94,112,117,117,Algún campo sin dato,1,8c1d5baf862cf08b7e3baabacc088d3b362ba00b1a2304a79589505643a92043,26/06/2023 01:08:25,ESCANER
5167,"Guatemala",1,"Petapa",17,512,211,3,3,0,33,15,5,0,0,3,6,16,35,1,0,2,1,0,0,1,2,0,0,2,0,0,1,129,7,0,136,0,129,--,210,72,129,136,136,Sumas Asentadas sin cuadrar,1,c40f31b2b571a4746385f99e82679081d18086a46d68bb5043eee1064a8bf460,26/06/2023 02:33:50,ESCANER
5168,"Guatemala",1,"Petapa",17,513,400,6,2,6,25,26,17,0,2,15,11,48,52,4,3,2,7,0,4,0,1,2,1,0,1,4,10,249,16,2,267,0,267,--,400,133,249,267,267,Algún campo sin dato,1,4d15e140f90531e78c5d42a37fe079fa79b92a081be527c65a6587121ff45a94,26/06/2023 02:14:24,ESCANER
5169,"Guatemala",1,"Petapa",17,513,400,10,5,9,16,32,21,0,0,19,13,41,48,0,1,5,6,3,5,0,1,1,3,7,0,2,2,250,13,2,265,0,265,--,400,135,250,265,265,Algún campo sin dato,1,94b02d53f73b566e2c464edaa57fbafd967a1387b01d542ea2af07f05641cac1,26/06/2023 03:00:23,ESCANER
5170,"Guatemala",1,"Petapa",17,513,400,6,3,5,20,23,22,0,0,10,13,45,57,5,1,2,8,0,2,0,1,0,2,1,1,3,6,236,21,1,258,0,258,--,399,141,236,258,258,Algún campo sin dato,1,87daef1043376a8993ea565a515394bcf85e71558bf85fb68b9f041a2c1113bc,26/06/2023 02:55:01,ESCANER
5171,"Guatemala",1,"Petapa",17,513,400,6,1,1,23,22,16,0,1,20,12,44,50,1,0,2,1,0,2,1,0,0,1,2,0,2,11,219,18,0,237,0,237,--,396,159,219,237,237,Algún campo sin dato,1,8cf34546b1850869f99a32e8c4f63058c734da9fbd94905ac4dd6203beebf439,26/06/2023 02:35:24,ESCANER
5172,"Guatemala",1,"Petapa",17,513,400,7,4,2,28,31,17,0,0,14,15,28,58,0,0,2,6,1,1,2,0,0,4,4,1,2,5,232,12,0,244,0,244,--,396,152,232,244,244,Algún campo sin dato,1,7a526a621692c8b26dd43cdf99f11d3d082c270648c43b4b3b67ff277804988c,25/06/2023 22:28:08,ESCANER
5173,"Guatemala",1,"Petapa",17,513,400,8,2,4,26,26,20,0,1,19,10,52,54,2,0,1,4,2,1,1,0,2,1,1,0,4,6,247,26,1,274,0,274,--,400,126,247,274,274,Algún campo sin dato,1,2b1af18f32e1ca4bc04a12575a9dc9ea16a3d05016f96a1447fa2ec33ed65d39,25/06/2023 23:56:52,ESCANER
5174,"Guatemala",1,"Petapa",17,513,400,2,5,2,34,25,17,0,1,13,11,37,56,2,2,1,3,1,2,0,0,0,3,1,0,4,8,230,17,2,249,0,249,1,400,151,230,249,249,,1,86ced53d095ff8273746e589eccd621c91ae7dbfdc0b93074161dd2e582cd360,26/06/2023 00:59:59,ESCANER
5175,"Guatemala",1,"Petapa",17,513,400,8,1,2,24,30,13,0,1,18,15,27,60,1,0,4,2,5,1,2,1,1,1,1,1,0,6,225,22,3,250,--,250,--,397,147,225,250,250,Algún campo sin dato,1,1e5e2a5484e7acdfdb9ac447e22a4b32fb052d45bb262ac353ef9d0af7c6e27f,26/06/2023 04:47:25,ESCANER
5176,"Guatemala",1,"Petapa",17,513,400,9,1,3,31,29,13,0,1,16,17,30,47,1,0,4,4,0,4,0,0,3,0,2,1,1,8,225,22,--,--,--,247,--,--,150,225,247,247,Algún campo sin dato,1,587db06e0c08818896c77ec2e34c89abb0a2829bbaa3deb08081ec04eff50ec5,27/06/2023 18:56:26,ESCANER
5177,"Guatemala",1,"Petapa",17,513,400,9,1,4,22,23,14,0,1,15,8,28,51,3,2,3,6,1,2,0,2,0,2,5,1,5,6,214,11,0,225,0,225,--,397,172,214,225,225,Algún campo sin dato,1,3ca927d8b5cb83c160c059175f80cee0742e62fbd9c332832b0c1daf4a21f91b,26/06/2023 02:31:47,ESCANER
5178,"Guatemala",1,"Petapa",17,513,400,5,4,2,49,15,13,0,0,11,25,27,60,0,0,2,1,1,0,0,2,2,0,1,1,3,2,226,9,0,235,0,235,--,400,165,226,235,235,Algún campo sin dato,1,2bd9f408506717fae77000dc6e0ca26d6a788c089f2cc49c5315641aa47d8cca,26/06/2023 02:39:15,ESCANER
5179,"Guatemala",1,"Petapa",17,513,361,4,1,0,30,13,9,0,0,11,11,38,48,1,0,5,0,0,1,1,0,0,1,2,1,3,5,185,2,0,187,0,187,--,361,174,185,187,187,Algún campo sin dato,1,79cf9dc59fe410b14b39a6d378dac3d53d316315c7d75f6cfba6f4f7e2c5279c,26/06/2023 02:48:14,ESCANER
5180,"Guatemala",1,"Petapa",17,513,361,3,4,1,39,21,7,0,1,7,5,26,38,0,1,2,6,0,1,0,1,2,0,0,0,2,2,169,10,0,179,0,179,--,361,182,169,179,179,Algún campo sin dato,1,edf8f0a2a793a7653e5c55fd56f2dd8c1aeb43e072b7305c18ef52e739f7be3f,26/06/2023 02:00:17,ESCANER
5181,"Guatemala",1,"Petapa",17,514,380,7,5,9,23,34,5,0,2,15,8,4,65,2,10,0,16,0,0,0,4,1,2,1,5,0,6,224,20,2,246,0,246,1,380,134,224,246,246,,1,9b2c1d324c33b33ff954741ceb647abb2ffc1f149cc44290768663034699e97b,26/06/2023 00:45:34,ESCANER
5182,"Guatemala",1,"Petapa",17,514,380,8,6,12,17,32,4,0,3,15,11,3,67,2,12,0,9,1,0,2,4,2,0,0,1,2,6,219,24,3,246,0,246,--,377,131,219,246,246,Algún campo sin dato,1,25e4a6711180465d4ecdf393f4265ea4eb0ae6f84949387f5994dddccac0718d,25/06/2023 23:22:04,ESCANER
5183,"Guatemala",1,"Petapa",17,514,380,8,5,10,15,32,13,0,1,14,12,5,78,4,6,0,6,1,0,1,2,2,1,2,0,1,5,224,16,1,241,0,241,--,380,139,224,241,241,Algún campo sin dato,1,2f4b1e0bb8dbc362951fd10c6cfe55b693b28bbb22bb2d40ed5da29120135a9b,25/06/2023 23:32:35,ESCANER
5184,"Guatemala",1,"Petapa",17,514,380,9,4,4,10,25,4,0,2,13,13,6,83,2,5,1,15,0,0,3,1,2,0,2,4,1,5,214,18,0,232,0,232,--,384,152,214,232,232,Algún campo sin dato,1,6780713c198922dac6bd31b0478f2a6739e8765eef5f2d0f263822213d9e95c5,26/06/2023 00:48:41,ESCANER
5185,"Guatemala",1,"Petapa",17,514,380,6,7,4,22,28,4,0,0,16,12,6,74,0,8,0,10,1,1,0,4,3,0,0,2,2,3,213,16,3,232,0,232,--,380,148,213,232,232,Algún campo sin dato,1,dfb8a8cf1fa9b8cb9dfd05ef6fe03ff4b17fe25e786709e8ceffcebe0100df17,26/06/2023 02:05:36,ESCANER
5186,"Guatemala",1,"Petapa",17,514,380,10,7,6,17,31,4,0,1,22,13,3,73,2,5,1,14,2,3,1,2,2,2,2,4,0,6,233,12,2,247,0,247,--,380,133,233,247,247,Algún campo sin dato,1,b9e01a1c0c2aa27f1b1600a581a2edc91a1f22a77be64aa2cfb21fb9a050def2,26/06/2023 01:43:10,ESCANER
5187,"Guatemala",1,"Petapa",17,514,380,12,10,6,15,35,0,0,1,13,16,1,86,1,7,0,10,1,1,3,0,1,1,1,3,3,5,232,19,1,252,0,252,--,380,128,232,252,252,Algún campo sin dato,1,2f2e58ad859d1c085802294087f296f2ec15c192f8a055af3f49a43f5712f658,25/06/2023 23:58:44,ESCANER
5188,"Guatemala",1,"Petapa",17,514,380,6,7,8,18,39,11,0,0,19,16,7,72,1,7,2,8,3,2,3,1,2,0,1,3,4,6,246,15,1,262,0,262,1,392,130,246,262,262,,1,f9bee2e8432f9e5954d1dea858b43b7a1b90031422686e70501e3329f4a4931a,26/06/2023 00:46:12,ESCANER
5189,"Guatemala",1,"Petapa",17,514,380,8,5,16,11,39,6,0,0,12,13,9,86,0,11,1,10,0,0,2,2,1,2,1,2,0,4,241,13,5,259,0,259,--,392,133,241,259,259,Algún campo sin dato,1,bc6bdd04981681caafcd81054f4c55057d26f473b2d5e2e9381519797992c7e4,26/06/2023 01:42:15,ESCANER
5190,"Guatemala",1,"Petapa",17,514,380,7,12,8,13,31,6,0,2,21,17,6,93,0,6,0,8,0,1,0,4,3,1,2,2,0,3,246,20,1,267,102,380,--,--,--,246,267,369,Sumas Asentadas sin cuadrar,1,3ba4b68fccc21f267ef23abc486ddb27601cbfbfce95033bfafc98f49a8d00ce,26/06/2023 01:30:06,ESCANER
5191,"Guatemala",1,"Petapa",17,514,380,7,16,14,17,22,11,0,1,11,13,2,72,1,2,0,11,0,3,0,4,2,0,1,1,0,4,215,20,0,235,0,235,--,381,143,215,235,235,Algún campo sin dato,1,4d0d5f68a3248a7986d13dfef8bfddcb2886db43ea0e62fe58ddaf2e954941c5,26/06/2023 00:53:44,ESCANER
5192,"Guatemala",1,"Petapa",17,514,380,7,5,17,15,37,3,0,3,24,15,7,87,3,6,0,12,1,1,2,1,0,0,4,0,2,8,260,10,4,274,0,274,--,380,106,260,274,274,Algún campo sin dato,1,ddf08d3f66d8a6998a0abed293e9015a1d56b2000bcb34c076b229130e118802,25/06/2023 23:57:28,ESCANER
5193,"Guatemala",1,"Petapa",17,514,380,9,10,9,22,35,7,0,1,18,22,3,83,1,7,0,8,2,1,1,2,2,1,1,0,1,4,250,17,1,268,0,268,1,380,112,250,268,268,,1,6aa6386ad7a34e2c639a6a0163caaf8c5cc4f37eb9a64a8b6d6a433be2f52d27,26/06/2023 00:00:59,ESCANER
5194,"Guatemala",1,"Petapa",17,514,380,5,12,7,15,34,5,0,2,13,9,4,91,5,5,1,12,1,2,2,0,1,1,3,2,1,7,240,12,8,260,0,260,--,--,--,240,260,260,Algún campo sin dato,1,36537bb61268c400e63698baa17cd26d182bcf53ba3c48c1e54d8f80f593ce57,26/06/2023 05:06:36,ESCANER
5195,"Guatemala",1,"Petapa",17,514,380,12,9,16,18,29,5,0,1,15,7,2,80,3,9,1,7,0,3,3,1,3,0,0,0,2,4,230,19,1,250,0,250,--,380,130,230,250,250,Algún campo sin dato,1,082d26514460611499737dbc47450f0cd3c5302d1333fb619d6e9865ec1d240d,26/06/2023 02:31:10,ESCANER
5196,"Guatemala",1,"Petapa",17,514,380,15,16,14,9,18,3,0,0,11,17,6,82,1,7,2,10,2,2,0,3,2,1,1,0,0,7,229,18,1,248,0,248,--,392,144,229,248,248,Algún campo sin dato,1,870ca25f643d5be00fe25e237c3d10f72ee5206f2c942e42eeacadb387f124d9,25/06/2023 23:59:30,ESCANER
5197,"Guatemala",1,"Petapa",17,514,380,6,8,7,16,31,4,0,2,18,16,6,77,6,4,1,7,1,0,5,0,0,0,2,1,1,2,221,16,1,238,0,238,--,380,142,221,238,238,Algún campo sin dato,1,ee8a23c2745a13abdd8b20de6a4af48fd52832f2404ac4c447537c58df10a706,26/06/2023 00:29:39,ESCANER
5198,"Guatemala",1,"Petapa",17,515,380,9,6,6,24,24,8,0,2,9,26,3,71,2,11,0,8,0,1,0,2,0,0,0,0,2,1,215,9,0,224,0,224,2,392,168,215,224,224,,1,22d00afd4ab70f6371782e82c71d11bc3d4c9bbb1ebb8bcfed54c7cdd4e681b6,26/06/2023 02:00:32,ESCANER
5199,"Guatemala",1,"Petapa",17,515,380,5,7,6,20,28,8,0,0,15,24,1,63,1,9,0,11,1,0,6,1,1,2,2,2,2,2,217,5,0,222,0,222,--,384,162,217,222,222,Algún campo sin dato,1,9c5d5402e87f3f22e82433d508d26c229d3e7c1904673debf692271ac278048d,25/06/2023 22:17:37,ESCANER
5200,"Guatemala",1,"Petapa",17,515,380,1,6,10,29,33,3,0,2,8,19,3,77,0,4,0,9,0,0,7,1,0,0,1,3,0,2,218,9,0,227,0,227,--,376,149,218,227,227,Algún campo sin dato,1,4855abeb45c8c1b9a26838e0d587ac769026aaab8c543099d4fcc31b01a9004f,25/06/2023 23:42:23,ESCANER
5201,"Guatemala",1,"Petapa",17,515,380,4,10,8,25,27,5,0,0,13,18,6,82,1,8,3,12,1,1,2,2,5,1,1,2,2,2,241,6,0,247,0,247,1,379,132,241,247,247,,1,f5aa3bcbb0ce0ad9aeb949366c9dbad1b493b94ad42a507d84a0679f029cc882,26/06/2023 02:08:38,ESCANER
5202,"Guatemala",1,"Petapa",17,515,380,7,9,11,11,28,5,0,0,10,14,4,79,0,7,0,8,2,1,5,4,3,1,5,1,0,2,217,11,2,230,0,230,--,380,150,217,230,230,Algún campo sin dato,1,df08bdaf1f0136ac72e4327cdffd2e9db1e5457f6fb9ecb6ad4d24c553120867,26/06/2023 01:54:02,ESCANER
5203,"Guatemala",1,"Petapa",17,515,380,9,5,10,22,35,4,0,1,13,21,4,67,1,6,3,9,0,1,0,4,1,0,1,2,2,4,225,20,1,246,0,246,--,380,134,225,246,246,Algún campo sin dato,1,d03090937e6241e27417e684bca1f1d2c61dd71acc50f89bb9c8cb08d9b69ae8,25/06/2023 22:30:31,ESCANER
5204,"Guatemala",1,"Petapa",17,515,380,8,7,9,18,26,3,0,2,5,21,2,89,1,8,1,4,1,2,2,5,1,2,0,4,5,2,228,14,0,242,0,242,--,--,--,228,242,242,Algún campo sin dato,1,cee5b840f75c3bc7a55f145dfe9c3e74d7a85b20c48de7f5accd2de7e06e42b7,25/06/2023 23:13:33,ESCANER
5205,"Guatemala",1,"Petapa",17,515,380,6,7,7,16,30,4,0,3,10,12,4,85,2,8,0,13,0,0,4,2,3,0,4,0,0,1,221,10,0,231,0,231,--,380,149,221,231,231,Algún campo sin dato,1,fd025dd326a9ce83b5e5a960f78bc6a1e10083408f4aef62288d7960eeb756b7,25/06/2023 23:22:13,ESCANER
5206,"Guatemala",1,"Petapa",17,515,380,9,5,10,19,20,9,0,2,20,16,4,68,0,6,0,7,1,1,3,8,0,0,4,3,1,4,220,7,1,228,0,228,--,380,152,220,228,228,Algún campo sin dato,1,3b177f2e64fc08ab7ed10805dc21eb8c917b2ef234e87884baa0366712ba900a,26/06/2023 02:15:22,ESCANER
5207,"Guatemala",1,"Petapa",17,515,380,11,9,7,20,34,7,0,4,22,13,1,73,1,7,1,12,0,1,2,2,1,0,1,2,0,4,235,15,0,250,0,250,--,380,130,235,250,250,Algún campo sin dato,1,0a02f885c1253fb6d9542d02e3e170dcb514f2b83d062f2425329b682ecfae19,26/06/2023 01:44:58,ESCANER
5208,"Guatemala",1,"Petapa",17,515,380,5,7,5,25,27,3,0,0,18,16,7,80,2,4,0,9,0,0,2,5,1,0,0,3,1,3,223,15,0,238,0,238,2,377,139,223,238,238,,1,d616d06b30db0cd427337f5c0b7b195a2615ddf1fe46f819ad7dd85ceb4fd964,26/06/2023 02:27:35,ESCANER
5209,"Guatemala",1,"Petapa",17,515,380,7,13,10,15,33,6,0,1,11,19,5,74,1,7,0,11,2,0,1,2,1,1,0,2,2,7,231,10,2,243,0,243,1,377,134,231,243,243,,1,eff35a18c2a2afa57ebed3540a33584645791c8d8ae0c1e6a21b1b85a920ade9,26/06/2023 02:36:36,ESCANER
5210,"Guatemala",1,"Petapa",17,515,380,3,8,10,17,22,3,0,1,14,8,4,103,5,12,0,10,0,0,4,3,3,0,0,3,2,4,239,11,3,253,0,253,--,261,114,239,253,253,Algún campo sin dato,1,a84eb5db3ff97c0276ea03e468f126e86e177eec350ced9e2fec34d093cffe9e,26/06/2023 04:55:36,ESCANER
5211,"Guatemala",1,"Petapa",17,515,380,12,8,7,20,29,6,0,0,10,15,2,95,3,10,0,8,0,2,3,2,1,1,2,3,2,4,242,14,4,260,0,260,--,376,116,245,263,263,Sumas Asentadas sin cuadrar,1,33ab6e3953414b59dd18c4f5c1ceb84ae6b91b199a116f0314dbf9b8671a437a,26/06/2023 02:09:57,ESCANER
5212,"Guatemala",1,"Petapa",17,515,380,5,8,10,16,20,7,0,1,13,24,4,89,0,6,1,8,0,0,1,2,3,1,0,2,6,3,230,10,1,241,0,241,--,392,151,230,241,241,Algún campo sin dato,1,df2d9b3b9443708eed88e472418f133a04c4368d6a58bf890f27fdd8c62dde2f,26/06/2023 05:07:37,ESCANER
5213,"Guatemala",1,"Petapa",17,515,380,4,7,7,22,27,7,0,1,15,15,5,81,0,9,3,9,0,2,0,1,1,1,1,1,2,2,223,15,1,239,0,239,--,388,149,223,239,239,Algún campo sin dato,1,712b4266b1e84eba3b2a105173f8726a3812e76e5df586a0722a72205327b2eb,26/06/2023 03:22:12,ESCANER
5214,"Guatemala",1,"Petapa",17,515,380,8,7,9,13,35,5,0,0,22,12,2,89,2,8,0,7,8,1,2,2,1,2,0,6,0,4,237,11,1,249,1,250,--,380,130,245,257,258,Sumas Asentadas sin cuadrar,1,397d0445ccdd349ffdc60c981f2c6669a5427d168ddc131d6219a23da65deb30,26/06/2023 01:25:33,ESCANER
5215,"Guatemala",1,"Petapa",17,515,380,7,8,10,21,0,6,0,0,7,9,6,96,0,7,0,6,0,0,0,4,2,1,0,2,1,5,223,25,1,249,0,249,--,379,130,198,224,224,Sumas Asentadas sin cuadrar,1,8b33bc01c195c02a7c5f0a950308e091b11ab59cdcece8057237f9c6c138f3f6,25/06/2023 22:50:25,ESCANER
5216,"Guatemala",1,"Petapa",17,515,380,7,8,7,16,26,0,0,2,11,11,2,83,1,10,0,5,2,1,0,5,3,0,2,5,1,3,211,12,4,227,0,227,--,380,153,211,227,227,Algún campo sin dato,1,fd8af2e904d84a692170192974104300a8302a15492485bec571a1412352d743,26/06/2023 03:08:30,ESCANER
5217,"Guatemala",1,"Petapa",17,515,380,9,9,9,19,30,4,0,0,13,11,5,73,5,5,0,8,3,2,4,3,2,2,0,1,3,4,224,16,3,243,0,243,--,380,137,224,243,243,Algún campo sin dato,1,0e44e46d35951ea1a5f06f0cbcea6da9ea6970f467a3ae80c74165adc6fe354a,26/06/2023 01:55:15,ESCANER
5218,"Guatemala",1,"Petapa",17,515,380,8,7,11,11,26,7,0,1,22,15,11,67,1,7,0,10,0,1,1,1,2,1,2,0,1,6,219,9,1,229,4,233,--,380,147,219,229,233,Algún campo sin dato,1,596e304f6a0c15b368e252e91c8441fbbfbcee9cfa7a3e2cd7b7cc645a7b29fa,26/06/2023 02:10:16,ESCANER
5219,"Guatemala",1,"Petapa",17,515,380,10,6,5,7,30,3,0,1,24,15,3,85,2,7,1,11,0,3,1,2,2,0,1,3,2,3,227,--,--,--,--,227,--,326,129,227,227,227,Algún campo sin dato,1,a3d26cc2e3fb70983d3f66481410f1be68e89f714fd96e97c221e7cfbcbd246b,25/06/2023 22:43:46,ESCANER
5220,"Guatemala",1,"Petapa",17,515,380,9,8,9,19,2,7,0,2,15,11,3,93,2,11,0,14,3,1,0,2,0,1,1,3,1,5,256,20,102,380,0,276,--,--,--,222,344,344,Sumas Asentadas sin cuadrar,1,b99ccd7e16d1def4aee2d0354356dea7f7c2d8e608ef2fdd93cfb7990f0cb79f,26/06/2023 02:17:01,ESCANER
5221,"Guatemala",1,"Petapa",17,516,380,7,8,4,11,9,6,11,1,1,32,9,25,8,3,2,16,1,2,2,1,3,1,5,0,2,9,213,24,2,239,138,377,--,377,138,179,205,343,Sumas Asentadas sin cuadrar,1,ecc6f99e0d7670355e83270e0d9858c80f9f19dcdaabab1637d0ae37bd265c53,26/06/2023 05:47:49,ESCANER
5222,"Guatemala",1,"Petapa",17,516,380,6,7,5,17,36,5,0,2,10,15,10,75,2,8,0,16,0,0,2,4,1,1,3,0,1,6,232,12,0,244,0,244,1,380,136,232,244,244,,1,614f055e9cb8c34709becbf53991c8e3aaa30e51fa1e497e8c4cec28447ae5c6,25/06/2023 23:32:59,ESCANER
5223,"Guatemala",1,"Petapa",17,516,380,4,10,5,16,28,1,0,0,4,15,8,74,0,5,0,6,0,2,5,5,4,3,0,1,5,4,205,14,0,219,0,219,--,380,161,205,219,219,Algún campo sin dato,1,20b83ad7c98f3a383d1fc4b1ea1040f013f272497d2675f6b9508a5b39cbfdb9,25/06/2023 23:43:42,ESCANER
5224,"Guatemala",1,"Petapa",17,516,380,9,8,7,14,27,8,0,0,10,12,8,70,2,10,0,6,0,1,2,3,2,2,2,2,1,4,210,5,2,217,0,217,1,375,158,210,217,217,,1,e0f61994a49e28487928b3590418e4da5717fc94e9b2ba1b5fed0eb320e72b22,26/06/2023 00:07:02,ESCANER
5225,"Guatemala",1,"Petapa",17,516,380,5,7,8,17,35,4,0,3,9,17,5,77,0,5,0,2,0,0,2,0,2,0,3,2,2,3,208,7,0,215,0,215,1,380,165,208,215,215,,1,44b347e21dfbe93acab8661a7c758fb3d3769ee51f241c4c50769f5f668c3dfa,26/06/2023 00:04:23,ESCANER
5226,"Guatemala",1,"Petapa",17,516,380,7,10,3,24,25,8,0,1,12,13,0,69,1,14,0,3,0,0,6,3,0,1,1,3,1,3,208,7,0,215,0,215,1,380,165,208,215,215,,1,b610185cba45018c069a6a2492eb7d8c7ad4e63a4849cadbeecf02dab4ee491a,26/06/2023 00:09:32,ESCANER
5227,"Guatemala",1,"Petapa",17,516,380,7,8,7,27,20,5,0,1,21,13,4,68,1,9,1,6,0,1,6,2,3,0,3,3,0,6,222,7,3,232,0,232,--,380,148,222,232,232,Algún campo sin dato,1,a4101672910df79996ea30d6ccfceda25eae74d29fd03e4d2f5494c8f531e48d,26/06/2023 02:39:20,ESCANER
5228,"Guatemala",1,"Petapa",17,516,380,5,8,7,26,28,2,0,1,9,26,4,69,1,5,0,2,0,0,2,2,0,1,0,1,4,2,205,6,2,213,0,213,--,376,163,205,213,213,Algún campo sin dato,1,cec8016d4677862eac7c4ef65623ad32a9bc309026e6e573e257aacdb9d39a81,26/06/2023 00:39:41,ESCANER
5229,"Guatemala",1,"Petapa",17,516,380,4,4,5,43,31,2,0,4,14,27,3,78,1,13,0,2,0,0,5,1,0,0,1,2,1,2,243,6,0,249,0,249,--,380,131,243,249,249,Algún campo sin dato,1,97a12d0f30b8def13fdd051cfd01141ba05fe583b844f4ecc8b49bc3808275ed,25/06/2023 23:33:48,ESCANER
5230,"Guatemala",1,"Petapa",17,516,380,10,7,4,47,24,5,0,1,16,21,4,78,2,9,0,10,0,1,9,3,0,0,2,3,3,4,263,8,0,271,0,271,1,384,113,263,271,271,,1,3260323da9643a2aa8f012a01f112a4a6c4b54a3d1606e854ad5175a7f9d5d25,26/06/2023 00:09:30,ESCANER
5231,"Guatemala",1,"Petapa",17,516,380,10,4,5,63,25,4,0,0,12,18,1,78,1,8,0,3,1,0,3,2,1,0,1,3,1,3,247,13,0,260,0,260,1,380,120,247,260,260,,1,126ba19a745cf07c8c88ac9972399776625d674aefa9f7c357a466ea0aa240ab,26/06/2023 00:35:03,ESCANER
5232,"Guatemala",1,"Petapa",17,516,380,4,3,11,42,28,3,0,3,10,20,2,93,1,1,0,7,0,1,3,0,0,1,1,0,2,2,238,2,0,240,0,240,1,380,140,238,240,240,,1,ef9b3c8b01e5673cb454215f47800e511d9cc3b07aa060c4da4401f521daa4c8,26/06/2023 00:49:21,ESCANER
5233,"Guatemala",1,"Petapa",17,517,380,3,6,12,29,26,4,0,1,20,17,1,60,0,6,0,3,0,0,4,0,0,0,1,4,0,2,199,5,0,204,0,204,--,380,176,199,204,204,Algún campo sin dato,1,129e24680979899bc32a72959cea6f22f754109bb59e14c66fa091782a866158,26/06/2023 02:03:25,ESCANER
5234,"Guatemala",1,"Petapa",17,517,380,4,1,7,27,31,3,0,0,15,13,2,50,1,8,0,4,0,0,2,0,0,0,0,3,0,2,173,5,1,179,0,179,--,397,218,173,179,179,Algún campo sin dato,1,68a450f56de2438ee201a51f7ac4fd5405d057debd476569e164c0e57c40d3dd,26/06/2023 01:38:39,ESCANER
5235,"Guatemala",1,"Petapa",17,517,380,6,2,12,28,29,0,0,1,6,17,1,45,1,6,0,11,0,0,4,0,0,0,1,1,0,0,171,11,0,182,0,182,--,380,198,171,182,182,Algún campo sin dato,1,2a0870dbbb3a70644717d50876651383f1c684188f1fc9d2f8acc39910c7492b,26/06/2023 01:54:05,ESCANER
5236,"Guatemala",1,"Petapa",17,517,380,4,3,9,27,32,2,0,1,9,16,3,65,1,6,0,12,0,2,1,0,0,0,0,1,1,1,196,5,0,201,0,201,--,392,191,196,201,201,Algún campo sin dato,1,919f9b422b5c58d185cff4176bf573a10ae8ae1eb2f3f3e67f17c49040a319d9,26/06/2023 01:26:18,ESCANER
5237,"Guatemala",1,"Petapa",17,517,380,3,4,6,26,22,6,0,3,10,15,3,74,1,4,1,5,0,1,4,0,0,0,2,2,0,5,197,5,0,202,0,202,--,380,178,197,202,202,Algún campo sin dato,1,c4a7c1d12664480e964537d2ff65cef2d15dd5f3caef6ab589f85a3e65ade86e,25/06/2023 23:53:29,ESCANER
5238,"Guatemala",1,"Petapa",17,517,333,2,0,6,33,23,4,0,2,4,8,1,51,0,2,1,3,0,1,1,1,0,0,1,1,0,2,153,5,1,159,--,159,--,333,171,147,153,153,Sumas Asentadas sin cuadrar,1,bd081e9718cd0bd503457305f10be14ac316b7d8eb5dd232584f17e800f088b5,26/06/2023 00:16:26,ESCANER
5239,"Guatemala",1,"Petapa",17,517,333,5,1,4,27,14,1,0,1,12,10,2,54,1,2,0,2,0,0,7,1,1,0,0,0,0,2,147,4,0,151,0,151,--,333,179,147,151,151,Algún campo sin dato,1,cda86f44a62bab44e11fd3ba51296100506d3dc7ce4ff8b0d14a89893ee79786,26/06/2023 00:18:54,ESCANER
5240,"Guatemala",1,"Petapa",17,518,380,14,3,3,19,20,10,0,3,9,13,45,50,3,2,3,11,1,0,0,0,3,1,0,4,2,14,233,18,0,251,0,251,--,387,137,233,251,251,Algún campo sin dato,1,08afcdccca74a9c2d68bf717f3fa07075b671dabc4ddb3dd2a10163b32e6cf8c,26/06/2023 02:19:41,ESCANER
5241,"Guatemala",1,"Petapa",17,518,380,12,7,2,19,21,9,0,2,3,3,48,46,6,0,5,4,1,2,0,0,0,0,5,0,4,16,213,14,1,228,0,227,--,377,152,215,230,230,Sumas Asentadas sin cuadrar,1,619550e97d7d5797e08f27c949b059b2b05156c6f9306acad12124234639dc76,25/06/2023 23:51:17,ESCANER
5242,"Guatemala",1,"Petapa",17,518,380,12,6,3,14,26,15,0,3,12,11,48,41,2,1,0,9,0,1,3,0,1,1,1,2,4,17,233,20,4,257,0,257,257,392,135,233,257,257,,1,a24a1815d5f6a838fbd07741a7ec4e717b8f49062fb165e8508b279491d5a740,25/06/2023 23:22:46,ESCANER
5243,"Guatemala",1,"Petapa",17,518,380,14,7,6,22,16,11,0,1,8,4,50,53,3,0,3,7,1,4,1,3,0,0,4,1,2,12,233,22,2,257,0,257,--,372,114,233,257,257,Algún campo sin dato,1,8498b12c99d6590a66a3e0d3a2b34a3ce9d690d5b0c0242cf0bbb75a7908fc04,26/06/2023 00:09:39,ESCANER
5244,"Guatemala",1,"Petapa",17,518,380,18,6,4,31,16,10,0,0,11,12,46,57,3,0,5,3,0,0,0,0,1,1,1,2,1,11,261,21,0,282,0,282,--,380,119,239,260,260,Sumas Asentadas sin cuadrar,1,13bea438d009013569dce766f27b911a63b1e216998e35abcdc079e0efc20109,26/06/2023 01:16:06,ESCANER
5245,"Guatemala",1,"Petapa",17,518,380,13,8,2,30,17,7,0,3,4,18,51,49,2,0,3,1,0,2,1,0,0,2,2,1,0,8,224,12,0,236,0,236,--,380,144,224,236,236,Algún campo sin dato,1,16553368afdfbf1580a16ccaf1fd38094eb5404a3594325891b30f48e8bd82fa,26/06/2023 01:37:26,ESCANER
5246,"Guatemala",1,"Petapa",17,518,380,12,3,2,16,13,7,--,0,8,10,47,52,2,1,2,3,1,2,1,0,1,1,6,0,3,11,204,17,0,221,0,221,4,380,159,204,221,221,Algún campo sin dato,1,e75578f5053bd11620faa261edc36c2fe31566d4776737b9f96d3e6b919f7bf1,26/06/2023 00:46:28,ESCANER
5247,"Guatemala",1,"Petapa",17,518,380,13,4,3,31,22,6,--,--,6,4,48,56,--,3,2,4,2,2,1,--,--,2,2,3,--,8,--,8,1,231,3,234,3,380,142,222,231,234,Algún campo sin dato,1,ce0141e2a21ed73e308b23f766ce1a379cb5756627bac22da5a4e7edcfbbea95,26/06/2023 02:54:58,ESCANER
5248,"Guatemala",1,"Petapa",17,518,380,12,4,1,19,14,13,0,0,12,13,36,56,3,1,2,1,0,1,1,0,2,2,0,3,2,9,207,18,3,228,0,228,1,389,161,207,228,228,,1,4e2d9099e765f2d3a5f5f71ebc3de23d28161d399b62c02a7f1c4c393f6d98a4,26/06/2023 00:16:32,ESCANER
5249,"Guatemala",1,"Petapa",17,518,380,11,7,1,19,20,4,0,2,5,6,42,46,4,2,4,6,0,4,0,0,4,1,6,0,0,16,210,26,1,237,1,238,1,377,139,210,237,238,,1,c86e910f6037eee43b5990d0c20600c7713ed0c9feef2ee2365738e415aff6e3,26/06/2023 01:25:10,ESCANER
5250,"Guatemala",1,"Petapa",17,518,380,13,6,4,20,27,16,0,2,8,8,44,62,13,0,5,8,2,2,0,0,2,1,0,0,1,9,245,14,1,260,0,260,--,387,127,253,268,268,Sumas Asentadas sin cuadrar,1,52b53a1f99a458ade8dcf276d5da8017d26e815e980bdb3ce890e8132489d21a,26/06/2023 03:32:50,ESCANER
5251,"Guatemala",1,"Petapa",17,518,380,14,9,2,23,13,5,0,3,8,15,39,47,2,2,6,7,3,0,1,0,2,1,3,0,7,11,223,21,3,247,0,247,3,--,--,223,247,247,Algún campo sin dato,1,b86602e09e17fcfcf600ea8dc30ceb825819f08be673eedf180b2fadf404f2df,26/06/2023 00:11:39,ESCANER
5252,"Guatemala",1,"Petapa",17,518,380,12,8,2,27,22,7,0,2,11,11,35,40,0,1,5,3,0,2,2,1,0,2,5,1,1,17,217,20,1,238,0,238,1,480,152,217,238,238,,1,eeb11425bd370d1172174f9bb07376577e97411f556ef0700a60fe4f7239efbe,26/06/2023 01:30:13,ESCANER
5253,"Guatemala",1,"Petapa",17,518,380,13,32,2,16,21,8,0,0,10,11,40,43,3,0,0,7,0,1,1,16,0,0,2,1,2,4,232,7,5,244,0,244,4,380,136,233,245,245,Sumas Asentadas sin cuadrar,1,5b897be5b1cb3bd55b0ec0d4c72a2bc675220ab8f905594bbabfa483805a18f3,26/06/2023 02:04:59,ESCANER
5254,"Guatemala",1,"Petapa",17,518,380,8,6,2,20,27,2,0,1,10,17,32,45,1,2,2,1,3,1,0,1,2,2,1,0,0,15,200,24,0,224,0,224,3,377,154,201,225,225,Sumas Asentadas sin cuadrar,1,04cb7eadf6772f002c380c38d6c6f439406b3836e6c46feaa324155475ca20fa,25/06/2023 22:22:13,ESCANER
5255,"Guatemala",1,"Petapa",17,518,380,9,5,6,27,13,5,0,1,8,16,52,42,0,1,5,3,1,1,0,1,1,3,1,1,2,4,210,11,0,221,0,221,52,380,159,208,219,219,Sumas Asentadas sin cuadrar,1,c5da62df03f79c2549bd2c63913e636217cf954c0fcf5445fe96993f618212fd,25/06/2023 22:54:34,ESCANER
5256,"Guatemala",1,"Petapa",17,518,380,13,5,1,56,10,5,1,3,5,10,38,56,2,1,6,1,1,1,0,0,0,0,1,1,0,3,220,3,0,223,0,223,--,380,157,220,223,223,Algún campo sin dato,1,58d3ee1ed4e2d38dca9f48649422e72cfe57231b6c2087b85856af138d2ad6fd,26/06/2023 01:53:29,ESCANER
5257,"Guatemala",1,"Petapa",17,518,380,9,7,1,32,27,13,0,1,10,12,60,30,3,1,3,1,2,0,11,0,0,1,0,0,2,8,236,2,1,239,0,239,--,--,149,234,237,237,Sumas Asentadas sin cuadrar,1,0c8c07c4559927b796600d49f6f274e110bf3ee432f3eb99834c87eefd285ff0,25/06/2023 23:42:03,ESCANER
5258,"Guatemala",1,"Petapa",17,518,285,6,4,2,21,18,5,0,0,6,12,23,33,0,0,3,1,1,1,1,0,0,0,1,2,1,3,144,10,0,154,0,154,3,285,128,144,154,154,,1,621fee14e627cdf9ed984fbb02046f60b8e5e9805dfb40c8561e2f8fa64aaefd,26/06/2023 00:49:42,ESCANER
5259,"Guatemala",1,"Petapa",17,518,284,4,4,2,31,10,5,0,0,2,5,17,48,1,0,2,0,0,1,0,0,1,0,1,1,1,7,144,13,0,157,0,157,157,284,127,143,156,156,Sumas Asentadas sin cuadrar,1,271cbf0a3475aba230ba76b3387e516a0daaaff1138281ac3b35a38065cdc24c,26/06/2023 01:50:13,ESCANER
5260,"Guatemala",1,"Petapa",17,519,380,21,4,2,12,22,7,0,2,6,6,108,14,2,0,2,3,0,2,0,1,1,3,4,1,7,4,234,16,6,256,--,256,--,380,124,234,256,256,Algún campo sin dato,1,d2f33a1a9bb7bb355d747a88c2adf7c26934042aa025cabfbc51043b5a1dfd42,26/06/2023 02:20:18,ESCANER
5261,"Guatemala",1,"Petapa",17,519,380,18,4,3,8,21,7,0,1,6,4,120,25,2,1,2,3,2,2,0,0,0,4,3,0,5,3,244,14,2,260,0,260,--,379,119,244,260,260,Algún campo sin dato,1,733b57cc2fe2654229a21e66265b2244776ebd047e1b1a368e3a0c29367ab3b4,26/06/2023 02:17:12,ESCANER
5262,"Guatemala",1,"Petapa",17,519,380,16,5,5,6,23,12,0,5,7,1,120,16,2,0,2,2,2,1,0,1,2,1,3,1,3,6,241,20,4,265,0,265,1,377,113,242,266,266,Sumas Asentadas sin cuadrar,1,8b878408a39e673943075e80f8ae9ccb1cba5df9e36a79cc2a5bb52e390e1295,26/06/2023 02:38:28,ESCANER
5263,"Guatemala",1,"Petapa",17,519,380,20,3,3,10,12,7,0,0,6,0,141,11,1,1,2,2,0,0,1,1,1,4,3,0,4,3,236,19,4,259,--,--,--,380,120,236,259,259,Algún campo sin dato,1,3b1c40e565053acc996164109d9a0a61b1bc61f097c3c3bb219eb0d7c8e75dca,25/06/2023 23:53:11,ESCANER
5264,"Guatemala",1,"Petapa",17,519,380,12,2,0,10,13,10,0,1,8,6,110,22,1,0,0,2,1,2,1,2,0,0,2,2,6,4,217,15,2,234,0,234,--,381,147,217,234,234,Algún campo sin dato,1,3642bded56f8ad2063aa07112e92a8c3597a22bffd2e1cf92f1d8d2703f7f943,26/06/2023 01:49:21,ESCANER
5265,"Guatemala",1,"Petapa",17,519,380,16,2,4,10,21,8,0,2,4,6,100,23,4,1,3,2,0,0,1,2,2,3,2,0,5,4,225,22,0,247,0,247,--,--,--,225,247,247,Algún campo sin dato,1,e9979fa0ee7142d03063fe784a9f0032acf89aa5321c499132dd4d43150f03e8,26/06/2023 02:40:24,ESCANER
5266,"Guatemala",1,"Petapa",17,519,380,18,1,1,10,17,5,0,1,5,3,112,24,1,0,3,3,0,1,0,0,0,3,1,1,3,7,224,24,4,252,0,252,--,--,--,220,248,248,Sumas Asentadas sin cuadrar,1,804950b5fef75334092ce36784e28a21f1d7dafb451af875c295ba0f2385145a,26/06/2023 02:47:40,ESCANER
5267,"Guatemala",1,"Petapa",17,519,380,12,4,2,12,20,6,0,2,5,8,103,26,2,0,1,1,0,1,1,0,0,1,2,2,5,2,218,16,2,236,0,218,--,380,144,218,236,236,Sumas Asentadas sin cuadrar,1,005730c58dc7cb47bb7e8778239da19714258c880c0b44ff164f0424f7fe0c3e,26/06/2023 02:34:16,ESCANER
5268,"Guatemala",1,"Petapa",17,519,380,15,2,3,10,14,6,0,1,3,3,112,25,2,0,1,2,0,1,0,0,0,3,0,0,9,3,215,12,3,230,0,230,--,375,145,215,230,230,Algún campo sin dato,1,f467b072ce8768b6bb5a47fac4e022a4ac70211f65ca292a665d520194ff5434,26/06/2023 02:33:10,ESCANER
5269,"Guatemala",1,"Petapa",17,519,380,12,4,0,9,17,4,0,1,6,3,107,27,1,0,0,2,0,0,0,1,0,0,1,0,3,4,202,12,0,214,0,214,1,377,163,202,214,214,,1,8dc9f36f007d2d4734b112b157785b516484f3f4136319a5b88175f82fecce15,26/06/2023 01:32:24,ESCANER
5270,"Guatemala",1,"Petapa",17,519,380,5,2,1,12,16,9,0,0,4,8,101,21,0,0,0,3,2,1,1,1,0,0,2,1,5,2,197,10,1,208,0,208,--,380,172,197,208,208,Algún campo sin dato,1,ff71eeeafa569ad4186aa08786b1157fe347427607aaddb0bc0ef18be68c045c,25/06/2023 23:00:44,ESCANER
5271,"Guatemala",1,"Petapa",17,519,207,15,1,0,4,4,3,0,0,1,2,74,13,1,0,0,0,0,1,0,0,0,0,0,0,5,0,124,1,0,125,0,125,--,204,79,124,125,125,Algún campo sin dato,1,d27fd0a8a583301721f01a54e708dfe3333078f670f42ed606995d1f5e80620c,25/06/2023 23:23:28,ESCANER
5272,"Guatemala",1,"Petapa",17,519,206,7,3,2,12,5,1,0,0,1,2,53,6,1,1,0,2,0,0,0,0,1,0,0,0,1,1,99,5,0,104,0,104,--,206,102,99,104,104,Algún campo sin dato,1,8588f99520d87752eb0b242b8675952820da6f16329e55235b15730f8fece317,25/06/2023 23:44:52,ESCANER
5273,"Guatemala",1,"Petapa",17,520,380,11,9,11,52,11,5,0,10,9,22,8,60,1,0,0,12,4,4,4,2,4,3,1,2,2,7,260,19,1,260,0,280,1,378,98,254,274,274,Sumas Asentadas sin cuadrar,1,1ff7c86275d9727e863d1927a6850fbc4cbb1a1bffb08edda3dc11f060bfde4c,26/06/2023 04:32:12,ESCANER
5274,"Guatemala",1,"Petapa",17,520,380,8,10,9,57,9,4,0,4,6,22,3,52,1,2,0,4,0,0,4,2,6,2,3,7,8,5,228,22,0,250,0,250,--,392,142,228,250,250,Algún campo sin dato,1,e84443ab89fc664f9706fb47f961c4556bcce3b638a71880a3ff5db76039f01b,26/06/2023 00:10:47,ESCANER
5275,"Guatemala",1,"Petapa",17,520,380,10,11,8,61,6,8,0,6,3,22,2,50,5,0,1,13,1,1,1,1,6,1,5,2,5,7,236,19,0,255,0,255,--,380,125,236,255,255,Algún campo sin dato,1,a7bfeb39c9d32cc45a29db771c25529cdaa82029c8d76c1aee8fd309d7342665,26/06/2023 01:34:22,ESCANER
5276,"Guatemala",1,"Petapa",17,520,380,7,5,15,49,8,2,0,4,5,28,4,44,5,2,2,21,2,0,5,1,1,1,3,0,4,9,227,21,1,249,0,249,1,389,14,227,249,249,,1,47c348dff114bc05c2eaeb3f82d5cbd6846b0e9522a28f6e9095194b38e7172f,26/06/2023 00:50:32,ESCANER
5277,"Guatemala",1,"Petapa",17,520,380,12,10,14,60,12,5,0,3,4,23,5,51,8,0,0,6,1,2,5,10,2,2,4,4,5,4,252,29,0,281,0,281,--,377,96,252,281,281,Algún campo sin dato,1,81f0022897aa277832168b041fcef52809be67914a96e4977866315a6ce7c9a4,26/06/2023 01:57:09,ESCANER
5278,"Guatemala",1,"Petapa",17,520,380,--,--,--,--,--,--,--,--,--,--,--,--,--,--,--,--,--,--,--,--,--,--,--,--,--,--,--,--,--,--,--,--,--,--,--,,,,Suma Excede Padrón,0,db4efcda87419d762aaf57dd555d184f70d2b0d5021380fe3961ec3292acc3cb,26/06/2023 00:37:01,ESCANER
5279,"Guatemala",1,"Petapa",17,520,379,8,10,10,120,7,7,0,10,6,26,5,36,2,0,0,8,0,2,2,3,3,1,4,2,10,3,285,7,0,292,0,376,--,292,84,285,292,292,Sumas Asentadas sin cuadrar,1,64d7d15ceec2001b98b5b22af16f5123cff2547399148084ad81743ea1b49f8e,26/06/2023 02:13:27,ESCANER
5280,"Guatemala",1,"Petapa",17,520,378,6,4,2,99,10,4,0,4,3,26,8,37,1,2,1,8,0,1,1,1,3,0,1,1,4,8,227,7,0,242,0,242,--,375,133,235,242,242,Sumas Asentadas sin cuadrar,1,0ebf287457fcc7c66e11bbd86f3d5c8f8fcd65313b9bcccbc304b36ca1ab7763,26/06/2023 02:12:40,ESCANER
5281,"Guatemala",1,"Petapa",17,521,380,5,10,15,26,42,3,0,2,5,14,9,97,6,0,0,7,1,1,0,1,7,2,1,3,5,9,270,23,4,297,0,297,--,377,80,271,298,298,Sumas Asentadas sin cuadrar,1,253b25a075ee66b086c6e10a4f00f3f30527cee1d81c9422ca49d2c0f26ca6f2,26/06/2023 02:24:15,ESCANER
5282,"Guatemala",1,"Petapa",17,521,380,6,8,11,23,24,4,0,2,11,20,7,97,0,1,1,12,0,1,1,2,9,3,3,3,3,8,260,26,3,289,0,289,--,380,91,260,289,289,Algún campo sin dato,1,e69ea1c27c0df6df7578766c5ddfd5ae5926a2506b6e25dee9a7ac08d2416089,26/06/2023 02:19:39,ESCANER
5283,"Guatemala",1,"Petapa",17,521,380,6,6,6,26,20,8,0,4,12,11,13,88,3,3,2,14,0,1,4,4,5,1,2,5,3,4,251,13,1,265,0,265,--,375,110,251,265,265,Algún campo sin dato,1,9c961b893662d8933282c0a7fb2923e7b248cc2802b146578a4931bf78fa1abd,26/06/2023 01:48:05,ESCANER
5284,"Guatemala",1,"Petapa",17,521,380,8,7,7,30,17,7,0,4,1,19,6,102,0,1,0,14,0,0,1,0,8,1,3,3,5,7,251,26,0,277,0,277,--,380,103,251,277,277,Algún campo sin dato,1,a03724313bcd409c2835a3e3756e3e972ad66303756ca33a5c5f469dae8845f2,26/06/2023 01:50:09,ESCANER
5285,"Guatemala",1,"Petapa",17,521,380,4,6,6,28,16,4,0,11,9,11,8,95,1,1,0,9,1,3,3,2,9,3,2,4,5,5,246,21,3,270,0,270,--,--,--,246,270,270,Algún campo sin dato,1,1678b7098b867565c1639f6d9e9350fb8e2a569f67e6c2f53c160886c20d75da,25/06/2023 23:39:04,ESCANER
5286,"Guatemala",1,"Petapa",17,521,380,6,5,8,33,17,5,0,7,4,15,7,91,6,2,0,6,0,1,2,2,2,4,1,0,2,6,232,15,0,247,0,247,--,376,129,232,247,247,Algún campo sin dato,1,c0ad11d51d5440ccd06308bd8ccd269a0c45dad0ee74f3157ccb3c99053ceda0,25/06/2023 23:51:59,ESCANER
5287,"Guatemala",1,"Petapa",17,521,304,2,3,11,60,14,2,0,4,9,14,5,48,3,2,1,6,1,0,2,0,3,2,5,2,4,1,211,7,0,218,0,218,--,--,--,204,211,211,Sumas Asentadas sin cuadrar,1,b8532003b46911a205c0afa2421a32802a50ca2d6a4de6619742dca4d79c291d,26/06/2023 02:10:43,ESCANER
5288,"Guatemala",1,"Petapa",17,521,304,2,5,10,53,18,4,0,0,14,13,3,30,0,1,0,3,1,1,1,0,2,0,2,5,2,1,171,16,0,187,0,187,--,--,--,171,187,187,Algún campo sin dato,1,c8cb43450d79b5286dfc5385d2600dc522d50a7175caed992aa248400b780beb,26/06/2023 01:21:18,ESCANER
5289,"Guatemala",1,"Petapa",17,522,380,14,4,10,36,13,5,--,--,11,15,14,68,2,--,2,16,1,1,2,2,5,--,3,2,4,15,259,12,2,259,--,259,1,377,111,245,259,259,Sumas Asentadas sin cuadrar,1,ea9e763508fd7cf7b0fc78ce1d0a360fd28381684826ed3545436d85af1190c9,26/06/2023 00:47:14,ESCANER
5290,"Guatemala",1,"Petapa",17,522,380,8,3,7,35,13,14,0,1,5,14,9,68,4,2,0,22,0,2,1,3,3,4,0,4,3,13,238,18,0,256,0,256,--,386,130,238,256,256,Algún campo sin dato,1,822b02a31249e6ee70c1968360ed863d8113e2df37cac631f580fad754cf7fd5,26/06/2023 01:53:23,ESCANER
5291,"Guatemala",1,"Petapa",17,522,380,4,2,3,34,9,8,0,0,6,19,10,84,3,3,1,11,3,1,1,3,4,1,2,0,6,6,224,15,2,241,0,241,--,380,139,224,241,241,Algún campo sin dato,1,409150cf30fc562e3bda8baf9d389158194e6b630b509408048cb79f95dff020,25/06/2023 23:42:44,ESCANER
5292,"Guatemala",1,"Petapa",17,522,380,10,2,6,46,13,9,0,1,9,25,4,67,1,4,0,9,1,0,1,1,1,2,5,4,2,7,230,8,3,241,0,241,--,380,139,230,241,241,Algún campo sin dato,1,418dc0dda6fd36486209ebb5f4908a5a64c196f152ba4733c9e0bf9913f421d0,26/06/2023 00:49:36,ESCANER
5293,"Guatemala",1,"Petapa",17,522,380,10,1,8,37,11,9,0,4,12,14,8,65,1,3,0,11,2,1,2,0,3,0,0,1,1,10,214,17,0,231,0,231,--,380,149,214,231,231,Algún campo sin dato,1,a1965592a1acd5f8074a022ae424e3da2673ed791f0a334b7124780d941a705f,26/06/2023 01:29:19,ESCANER
5294,"Guatemala",1,"Petapa",17,522,380,16,5,2,39,19,3,0,0,7,20,6,66,3,0,0,21,0,1,2,1,4,0,4,4,7,12,242,24,1,267,0,267,--,380,113,242,267,267,Algún campo sin dato,1,e791446bba2101697feade97a035eba93c6755fbb2a4727134106bde03a02a79,25/06/2023 23:29:29,ESCANER
5295,"Guatemala",1,"Petapa",17,522,380,7,5,5,49,14,5,0,1,7,18,8,69,2,2,1,21,2,0,2,5,3,3,0,2,0,5,236,15,1,252,0,252,--,377,125,236,252,252,Algún campo sin dato,1,af6998aba0166158adbd7dd9fb40a33b6233486b8bc3b18bab4f308d378f312a,26/06/2023 00:15:45,ESCANER
5296,"Guatemala",1,"Petapa",17,522,380,8,7,5,39,13,4,0,3,11,22,7,61,2,2,1,11,1,0,0,1,2,0,2,2,7,6,217,17,0,234,0,234,--,388,154,217,234,234,Algún campo sin dato,1,23bbd3a17bfb9f16eeb9762cdbd61802ef549a99c046a751912e2947ec516b4b,25/06/2023 23:01:57,ESCANER
5297,"Guatemala",1,"Petapa",17,522,380,5,2,3,85,11,2,--,2,7,21,5,73,--,2,--,10,1,--,1,1,--,--,3,5,3,5,247,5,--,252,--,252,1,--,--,247,252,252,Algún campo sin dato,1,ccdb8bed9b48e8e5d5cfefc9c8015d355f0a55c84be55c95f3f945b5a9e2d88b,26/06/2023 04:16:40,ESCANER
5298,"Guatemala",1,"Petapa",17,522,294,5,1,5,46,4,7,0,0,8,10,3,38,0,1,0,14,0,0,0,1,1,0,0,1,1,1,147,3,--,150,--,--,--,291,141,147,150,150,Algún campo sin dato,1,455c63c6fa90bc06f6cda7e1e358dba63b4d19b9846190fc02b6a4b199a23b1b,26/06/2023 00:51:36,ESCANER
5299,"Guatemala",1,"Petapa",17,522,293,4,4,3,75,5,4,0,1,10,12,3,43,1,2,1,9,2,0,1,0,0,0,0,0,2,5,187,6,0,193,0,193,--,293,100,187,193,193,Algún campo sin dato,1,758e050ae78cccc954a792e074511cb31e8609d18ce499fee7b0783a8413394e,26/06/2023 00:02:36,ESCANER
5300,"Guatemala",1,"Petapa",17,523,380,5,2,9,21,45,9,0,0,10,19,2,65,3,10,1,22,3,1,0,0,2,2,3,1,3,5,244,17,1,262,0,262,--,--,--,243,261,261,Sumas Asentadas sin cuadrar,1,f4a751ccd7052525a92d1e6e9b630687b5f07a875c0d887bcea579a44d57f9e2,26/06/2023 02:18:48,ESCANER
5301,"Guatemala",1,"Petapa",17,523,380,4,5,9,24,64,8,0,1,4,21,5,53,3,9,3,13,4,2,1,0,0,1,2,1,3,5,245,17,0,262,0,262,--,380,118,245,262,262,Algún campo sin dato,1,63e4634fd04201cbb8962f1fc541f51d3356b1383df68dfc354dbe3852c19d85,25/06/2023 23:34:41,ESCANER
5302,"Guatemala",1,"Petapa",17,523,380,3,2,8,18,44,3,0,0,9,10,5,85,5,7,0,20,3,4,0,0,2,2,2,0,1,8,241,18,3,262,21,262,--,380,118,241,262,283,Sumas Asentadas sin cuadrar,1,fcb8177c79cc816190b288248e20e77484d8fb64cef529ea08bf920a6ecb78a2,26/06/2023 05:55:21,ESCANER
5303,"Guatemala",1,"Petapa",17,523,380,9,4,12,26,47,5,0,1,9,16,3,84,3,5,0,13,3,2,2,1,2,1,1,1,2,2,254,9,2,265,2,267,--,380,110,254,265,267,Algún campo sin dato,1,111f82ab9ce50156e7a6cd6ca870766b0463caf4d1253027c38203582727e9e7,26/06/2023 05:35:57,ESCANER
5304,"Guatemala",1,"Petapa",17,523,380,4,1,8,17,47,3,0,0,13,19,3,66,3,1,0,24,1,0,0,1,0,5,2,1,1,7,227,16,3,246,0,246,--,392,146,227,246,246,Algún campo sin dato,1,f59cdb6b3ea3649a043e856feb3958397cc33e3843991fe559020b6881819fc5,26/06/2023 02:49:47,ESCANER
5305,"Guatemala",1,"Petapa",17,523,380,5,4,12,20,52,4,0,2,10,26,1,64,3,5,1,21,2,2,1,0,0,1,0,1,0,8,245,17,2,264,0,264,--,376,131,245,264,264,Algún campo sin dato,1,72c1fdbf16c3a2ecdbcbcc1552f666227663097a95826a93f33ab3b96b9f35c8,26/06/2023 02:48:42,ESCANER
5306,"Guatemala",1,"Petapa",17,523,380,9,7,12,23,42,6,0,0,10,20,5,58,2,5,0,22,5,1,1,0,0,0,5,2,0,6,239,35,2,276,0,276,--,380,104,241,278,278,Sumas Asentadas sin cuadrar,1,1ebd3396c5fa58f6a226c749934c431a3261657512ca896e9c9b90dc0dfd9bdd,26/06/2023 02:35:53,ESCANER
5307,"Guatemala",1,"Petapa",17,523,380,6,1,11,21,33,9,0,1,12,23,6,78,3,8,1,16,4,0,1,1,0,4,1,1,1,4,246,17,2,265,0,265,--,380,115,246,265,265,Algún campo sin dato,1,0994b56e5ec172e67c9a09b1cb9f9487bab43a5cbeb5f710b269da6d8f903e84,26/06/2023 02:57:21,ESCANER
5308,"Guatemala",1,"Petapa",17,523,380,3,2,6,31,46,4,0,0,14,16,4,68,4,5,1,11,1,1,3,0,2,2,2,0,2,6,234,9,0,243,0,243,--,392,149,234,243,243,Algún campo sin dato,1,45bc6c99168b24888503b1998f3e33378260c01c627714270d111b108426ec6c,25/06/2023 22:50:23,ESCANER
5309,"Guatemala",1,"Petapa",17,523,380,5,1,4,25,39,5,0,1,11,31,1,55,1,5,1,12,2,0,1,3,3,1,2,3,4,1,217,10,0,227,0,227,--,380,153,217,227,227,Algún campo sin dato,1,bd289bf924f651860d3bb88be2e6b2e8a16ddd3f7d1c9ef888a7539e4ac30de4,26/06/2023 00:24:17,ESCANER
5310,"Guatemala",1,"Petapa",17,523,380,2,5,4,15,37,4,0,0,10,27,3,70,2,8,0,16,3,0,2,0,1,1,2,0,3,2,219,12,0,231,0,231,--,380,149,217,229,229,Sumas Asentadas sin cuadrar,1,54dd49fb5af01fb6d20759894a84c0f1a7f29571cd36befb84acad8659adf987,26/06/2023 01:58:18,ESCANER
5311,"Guatemala",1,"Petapa",17,523,380,6,6,5,23,49,2,0,1,5,20,3,63,6,2,0,20,1,0,4,1,2,1,3,1,0,5,229,16,2,247,0,247,--,380,133,229,247,247,Algún campo sin dato,1,21f5d127243d88d676c7930172a494c6d9b057d61e2894b60c1ab57d78b35208,26/06/2023 02:44:07,ESCANER
5312,"Guatemala",1,"Petapa",17,523,380,9,4,5,20,36,5,0,0,8,23,3,82,2,3,0,19,3,0,0,0,0,0,4,1,3,7,238,10,0,248,0,248,--,389,141,237,247,247,Sumas Asentadas sin cuadrar,1,cc49a9c0ae674cb95a0454f35481e126aa19f1163a06903c2b953501270334dd,26/06/2023 05:55:13,ESCANER
5313,"Guatemala",1,"Petapa",17,523,380,2,1,10,29,41,5,0,1,9,20,2,73,3,9,0,18,0,1,1,0,0,0,0,1,0,9,236,26,1,262,0,262,--,380,118,235,262,262,Sumas Asentadas sin cuadrar,1,49e0038ab559d62f5a95e14ee21420adfa25af6871093025187eefa8e9dba895,26/06/2023 02:42:46,ESCANER
5314,"Guatemala",1,"Petapa",17,523,380,2,2,11,31,42,3,0,3,9,21,3,81,2,8,1,16,2,0,2,0,0,1,2,4,3,8,257,9,0,266,0,266,--,388,122,257,266,266,Algún campo sin dato,1,533865501bc4d76bc490941067a44bac8db59ca1941d2df69f1cb7776cd55f92,26/06/2023 02:47:15,ESCANER
5315,"Guatemala",1,"Petapa",17,523,380,6,3,7,24,38,6,0,1,13,22,4,65,3,7,0,14,1,2,0,1,1,1,3,1,1,6,229,12,1,242,0,242,--,380,138,230,243,243,Sumas Asentadas sin cuadrar,1,2600b7a42cc84fc5ddfa795d5bb57656450eab76b86edc4cfcbfc1a0ce27735d,26/06/2023 02:13:41,ESCANER
5316,"Guatemala",1,"Petapa",17,523,380,12,7,7,28,43,10,0,1,9,21,5,61,3,7,2,15,2,2,0,1,1,1,2,1,2,8,251,12,2,265,0,265,--,389,124,251,265,265,Algún campo sin dato,1,1ed0865875444d003d7dbb15ad3af279ff73418165405915761d706fd75ad9b3,26/06/2023 04:22:20,ESCANER
5317,"Guatemala",1,"Petapa",17,523,380,12,1,5,20,44,10,0,1,13,24,7,77,1,5,2,8,1,2,1,1,0,1,1,2,1,5,245,10,2,257,0,257,--,380,123,245,257,257,Algún campo sin dato,1,1b123bbbca433407b6f01ae2758b3eae4a62105b0b0ac5206905fd8559bfe180,26/06/2023 05:05:30,ESCANER
5318,"Guatemala",1,"Petapa",17,524,380,8,1,9,20,52,4,0,0,16,12,6,78,3,7,1,14,6,0,0,3,1,3,0,0,1,4,249,16,2,267,1,268,--,337,112,249,267,268,Algún campo sin dato,1,7326a6b87cf951cb209232014ae0f85655a1b1167db42d45cfe58d3a7f3abe76,26/06/2023 03:55:30,ESCANER
5319,"Guatemala",1,"Petapa",17,524,380,10,4,5,21,36,6,0,5,4,19,4,72,1,6,1,13,2,0,2,0,0,1,0,2,0,9,223,16,0,239,0,139,--,380,141,223,239,239,Sumas Asentadas sin cuadrar,1,e348d2c3cc041dcd877c9666065b97b91a40732c8bd8cbbd024e8b8ada4f52b4,26/06/2023 02:21:05,ESCANER
5320,"Guatemala",1,"Petapa",17,524,380,10,1,7,18,32,12,--,1,5,17,2,63,--,6,2,12,4,--,--,1,--,--,1,--,1,3,198,11,6,215,--,215,--,165,--,198,215,215,Algún campo sin dato,1,3f32d18421cec83c61d45f68d580d26d9a7555e3b31794f045acd1602f188bf6,26/06/2023 02:30:16,ESCANER
5321,"Guatemala",1,"Petapa",17,524,380,5,3,6,19,36,6,0,1,11,24,3,60,4,3,0,25,2,0,0,0,0,0,1,2,1,6,218,12,2,232,0,232,--,380,148,218,232,232,Algún campo sin dato,1,0aea8f3f16b6593ad781d9e1b611a653f3d2c9da3a56a444d9db75cb4f5273c1,26/06/2023 02:27:30,ESCANER
5322,"Guatemala",1,"Petapa",17,524,380,3,1,10,22,36,7,0,1,13,17,1,57,0,4,1,18,1,0,1,0,1,0,0,0,1,5,203,21,1,225,0,225,--,391,166,200,222,222,Sumas Asentadas sin cuadrar,1,7a1b919384bc5b9bad1e3326cac73eeb6e04d5498b2c15d1c1e99b3c04eacfa2,26/06/2023 02:12:07,ESCANER
5323,"Guatemala",1,"Petapa",17,524,380,9,3,9,15,39,7,0,0,7,23,5,65,4,3,1,14,2,4,1,0,2,2,3,0,2,2,222,7,4,233,0,233,--,380,147,222,233,233,Algún campo sin dato,1,18ef52a0c522d86a2ee3dfdc37878673c98b97e855f4677db19ea9e83b6b2291,26/06/2023 02:16:10,ESCANER
5324,"Guatemala",1,"Petapa",17,524,380,11,4,6,25,35,10,0,2,5,32,6,47,2,7,0,12,1,7,0,0,1,0,1,0,2,8,224,15,3,242,0,242,--,394,152,224,242,242,Algún campo sin dato,1,f26af4c4888f67ad04b72aaa610fc109619a6040f59cf7b688fbda8c88d936cb,26/06/2023 02:22:23,ESCANER
5325,"Guatemala",1,"Petapa",17,524,380,7,2,4,34,49,2,0,0,11,33,3,57,1,6,0,10,2,0,0,0,2,0,0,2,0,9,234,8,1,243,0,243,--,379,136,234,243,243,Algún campo sin dato,1,548304fbd8a2b9abd702dec026d4733602289849322ca77c2e1ed06b8f5b0d67,26/06/2023 01:40:36,ESCANER
5326,"Guatemala",1,"Petapa",17,524,380,4,1,10,29,45,3,0,0,8,28,3,47,1,2,0,11,2,0,0,0,0,1,0,0,1,0,196,10,0,206,0,206,--,392,186,196,206,206,Algún campo sin dato,1,dfcdd1519d17340461f871e55971eed69760d2305a16f465d944f7f0afc42d76,26/06/2023 02:12:17,ESCANER
5327,"Guatemala",1,"Petapa",17,524,380,2,2,7,43,40,3,0,1,9,42,2,66,0,5,0,15,0,0,0,1,0,1,2,0,1,1,243,8,1,252,0,252,--,380,128,243,252,252,Algún campo sin dato,1,5ae20f914fa9eb6fd64d3c7c721ff4699aecc0f9a93ff3b41a8d99a851ac9d61,26/06/2023 00:17:04,ESCANER
5328,"Guatemala",1,"Petapa",17,525,380,7,3,7,49,32,2,0,1,5,47,2,74,2,5,0,16,2,0,2,0,1,0,1,0,2,0,260,11,0,271,0,271,--,389,117,260,271,271,Algún campo sin dato,1,f16ef0c6d9dff08d36d614ba72519ca6a962b4ddd88da66332892877ffd43a55,26/06/2023 02:33:12,ESCANER
5329,"Guatemala",1,"Petapa",17,525,380,1,1,5,56,38,6,0,0,8,29,3,56,0,10,0,12,0,0,5,0,0,0,2,0,0,5,237,8,0,245,1,246,--,378,132,237,245,246,Algún campo sin dato,1,dbbf5488101193a45900e79890b7e8902963ff4aeebb1809dea16fc8bcaa4717,26/06/2023 02:22:24,ESCANER
5330,"Guatemala",1,"Petapa",17,525,380,8,0,6,27,41,0,0,1,8,32,3,41,0,2,0,15,2,1,3,0,0,1,2,0,0,3,196,3,0,199,0,199,0,388,189,196,199,199,,1,ccbef2f753beed2108aba32d0670470e98d28ddad7b4fe0d2679c567b28b5f97,26/06/2023 02:26:09,ESCANER
5331,"Guatemala",1,"Petapa",17,525,380,4,2,4,22,38,2,0,1,6,20,2,42,0,7,0,6,1,0,1,0,1,0,0,1,1,2,163,6,0,169,0,169,--,378,209,163,169,169,Algún campo sin dato,1,4ca87e96d8f0359ac4466e8c11c24cabdf210dbd4de2364f5bf779ccbdc53dad,26/06/2023 01:31:44,ESCANER
5332,"Guatemala",1,"Petapa",17,525,380,5,1,3,26,42,5,0,0,7,24,2,54,1,5,1,13,1,1,0,0,1,0,2,0,2,7,203,6,0,209,1,204,--,391,184,203,209,210,Sumas Asentadas sin cuadrar,1,fa5734d3af69efd953bf9026caa0ca4e9e08d8544f2e31e58339300624a91b64,26/06/2023 04:06:43,ESCANER
5333,"Guatemala",1,"Petapa",17,525,380,5,2,9,41,34,4,0,0,8,23,1,68,1,8,0,12,0,1,2,0,0,1,1,0,2,2,0,5,0,0,3,233,1,376,143,225,230,233,,1,28f5522b47eca6a177aa398549638ea0f5163b2f91aaadcee36756121909b0c8,26/06/2023 01:29:47,ESCANER
5334,"Guatemala",1,"Petapa",17,525,379,5,1,4,42,28,3,--,3,6,24,3,60,1,6,1,12,1,0,0,0,1,0,2,1,0,3,207,0,1,208,0,208,--,393,167,207,208,208,Algún campo sin dato,1,6a7bfc3c4ef86316236532de370e42a84191569f10ad2ade3f76747ef7e6bbf9,26/06/2023 02:58:59,ESCANER
5335,"Guatemala",1,"Petapa",17,526,509,3,6,3,19,13,11,0,2,1,7,20,28,2,2,2,5,3,2,1,2,1,0,7,1,4,9,154,22,1,177,0,177,0,506,329,154,177,177,,1,4427bebcd26c7d68d9a57cc4da1c90d9b6cd260ec607292be6d74ed48fafc856,25/06/2023 23:56:27,ESCANER
5336,"Guatemala",1,"Petapa",17,526,509,4,2,0,18,9,2,0,0,2,4,17,15,0,0,0,4,0,0,0,0,0,3,0,0,0,5,85,8,0,93,0,93,17,509,416,85,93,93,,1,1de95aed10debf62b509388467448a2ac0fd3637820d000c3ea36bcfc9243725,25/06/2023 23:17:15,ESCANER