﻿TIPO_DE_ELECCIÓN:,CORPORACIÓN MUNICIPAL
28 junio 2023 21:35 (UTC -6)
ACTAS_ESPERADAS,ACTAS_CAPTURADAS,PORCENTAJE_ACTAS_CAPTURADAS,ACTAS_CONTABILIZADAS,PORCENTAJE_ACTAS_CONTABILIZADAS,ACTAS_NO_CONTABILIZADAS,LISTA_NOMINAL_ACTAS_CONTABILIZADAS,VOTOS_EMITIDOS_CONTABILIZADAS,PORCENTAJE_PARTICIPACIÓN_CIUDADANA
24,24,100.0000,24,100.0000,0,8725,5945,68.1375

MESA,DEPARTAMENTO,ID_DEPARTAMENTO,MUNICIPIO,ID_MUNICIPIO,CENTRO_DE_VOTACIÓN,PADRÓN,VAMOS,UNE,CABAL,TODOS,CAMBIO,VIVA,AZUL,VALOR UNIONISTA,VÁLIDOS,NULOS,BLANCO,EMITIDOS,INVÁLIDOS,TOTAL,IMPUGNACIONES,PAPELETAS-RECIBIDAS,PAPELETAS-NO-USADAS,VALIDOS_CALCULADO,EMITIDOS_CALCULADO,TOTAL_CALCULADO,OBSERVACIONES,CONTABILIZADA,CÓDIGO_INTEGRIDAD,FECHA_HORA_PUBLICACIÓN,DIGITALIZACIÓN
22190,"Zacapa",19,"Usumatlán",6,3446,400,94,19,32,70,8,2,1,49,275,16,1,292,0,292,0,400,108,275,292,292,,1,43688d154a8d6d8fbd5527354cd6767d807661a0a9259fda2e20fef8c7e96ee2,26/06/2023 00:34:58,ESCANER
22191,"Zacapa",19,"Usumatlán",6,3446,400,91,20,32,55,23,1,3,60,285,13,2,300,0,300,2,400,98,285,300,300,,1,3b4cb56e4516adfe53b419ed7a50f90fe4366a5126c950fd46a09e3ec4b188a2,26/06/2023 03:18:20,ESCANER
22192,"Zacapa",19,"Usumatlán",6,3446,400,97,22,34,51,21,7,4,50,286,9,4,299,0,299,0,400,101,286,299,299,,1,1649539057ec6a9182d06b934c3ca0de7863f56e4b6cc45c47c46ab4c7aa3c1f,26/06/2023 01:28:27,ESCANER
22193,"Zacapa",19,"Usumatlán",6,3446,400,112,11,43,45,19,6,2,45,283,16,2,301,0,301,0,400,99,283,301,301,,1,268581711fb8b349f6b8e399ccd636cc1a18e22b65a8a4d60490566e21255b8a,26/06/2023 00:46:07,ESCANER
22194,"Zacapa",19,"Usumatlán",6,3446,400,111,14,28,48,24,5,7,47,284,9,1,294,0,294,0,400,106,284,294,294,,1,5ff2ee7ef83e9313b4a10f267e4af1df9114b506fa996f6bbac92017d1efb768,26/06/2023 01:18:05,ESCANER
22195,"Zacapa",19,"Usumatlán",6,3446,400,90,14,36,47,14,6,2,43,252,7,2,261,0,261,0,400,139,252,261,261,,1,f976d3f685dcf775f1dc5d0369a319965b21a5be5313608c85023010421814c3,25/06/2023 23:47:46,ESCANER
22196,"Zacapa",19,"Usumatlán",6,3446,400,93,17,36,41,18,4,5,58,272,2,1,275,0,275,0,400,125,272,275,275,,1,a0c913c8aa66ef7cd92ff38e04d9e6ffae2896b9a0fe38bfd5dd6cc469d29d02,26/06/2023 01:53:36,ESCANER
22197,"Zacapa",19,"Usumatlán",6,3446,400,104,17,44,46,23,6,2,45,287,3,2,292,0,292,0,400,108,287,292,292,,1,1048f5df7178bc14de260d84da694e5c72b620a04c31a1c487c42e529dd2358f,26/06/2023 02:03:11,ESCANER
22198,"Zacapa",19,"Usumatlán",6,3447,392,83,23,31,60,11,6,3,54,271,4,0,275,0,275,0,394,119,271,275,275,,1,40cec46811456f73acba7c8127de5436855db4be5de40ebca60039c87a31dd2c,26/06/2023 01:42:20,ESCANER
22199,"Zacapa",19,"Usumatlán",6,3447,392,72,17,27,45,12,0,2,46,221,7,2,230,0,230,0,392,162,221,230,230,,1,e0b85cec20c6a125ed48f58a5a2b6238564f794f37bf92e73b6098d17a4cddd9,26/06/2023 01:03:24,ESCANER
22200,"Zacapa",19,"Usumatlán",6,3448,380,61,13,110,20,1,11,3,36,255,19,6,280,0,280,0,380,100,255,280,280,,1,3a848d5d66355e0ff78eb68394bf141dfc987423a47f7c387dc9ca4950c2a64e,26/06/2023 02:33:28,ESCANER
22201,"Zacapa",19,"Usumatlán",6,3448,380,86,4,119,30,0,8,1,28,276,12,2,290,0,290,0,380,90,276,290,290,,1,8dc9993a2b8e038a09316395ade83f9a0fa5d0cb6c8a96711b2bdccc11220626,26/06/2023 02:40:13,ESCANER
22202,"Zacapa",19,"Usumatlán",6,3448,380,39,6,111,14,2,6,2,35,215,14,5,234,0,234,0,382,148,215,234,234,,1,1b3837aa6aebee73d57456efc34d0263cbd826538c4ebedca8d7780a40fc5ab9,26/06/2023 01:40:33,ESCANER
22203,"Zacapa",19,"Usumatlán",6,3448,223,41,3,78,11,0,6,1,16,156,4,0,160,0,160,0,222,62,156,160,160,,1,97847735827ab6a0b01ac91b4af611e3d4065ed534db32919f4e40c07b86f3fe,26/06/2023 01:50:35,ESCANER
22204,"Zacapa",19,"Usumatlán",6,3448,223,27,2,86,13,1,4,0,12,145,4,1,150,0,150,0,222,72,145,150,150,,1,02669d584e0d1059cd8677b1b696800f69a49aa86d24bd0621175e804aaf3745,26/06/2023 02:10:41,ESCANER
22205,"Zacapa",19,"Usumatlán",6,3449,380,63,5,58,104,4,1,0,12,247,19,6,272,0,272,2,380,107,247,272,272,,1,6287873b8e9155680618ced9f8fbf8240ae8d956ec6b9b58391e0e33ab3ce1e7,26/06/2023 02:39:13,ESCANER
22206,"Zacapa",19,"Usumatlán",6,3449,380,74,7,84,84,3,1,2,18,273,19,3,295,0,295,0,379,84,273,295,295,,1,1247fd912423931bfccf7f1e7129595b142c68b0cadea48eb2322ec4bc76d81c,26/06/2023 03:27:59,ESCANER
22207,"Zacapa",19,"Usumatlán",6,3449,380,65,7,86,78,4,7,2,20,269,23,4,296,0,296,0,380,84,269,296,296,,1,9ae680547701733ea865fe871b4dc0aa986518e5a9e3171a8abf9a1a033c3633,26/06/2023 03:19:56,ESCANER
22208,"Zacapa",19,"Usumatlán",6,3449,380,75,1,90,84,0,3,0,7,260,13,2,275,0,275,0,380,105,260,275,275,,1,ba1b748f165df970342ffee1fd4c5abd402aff6ad79b566d49b0eae6864c6015,26/06/2023 03:15:34,ESCANER
22209,"Zacapa",19,"Usumatlán",6,3449,380,60,6,58,86,3,7,0,15,235,13,1,249,0,249,0,380,131,235,249,249,,1,c105f48618c637c85cfce8f5c02ed1be65d0b292057827a3595737a69dadd88b,26/06/2023 02:59:54,ESCANER
22210,"Zacapa",19,"Usumatlán",6,3449,380,52,6,84,72,1,2,0,15,232,10,3,245,0,245,0,379,131,232,245,245,,1,a05a80749e478e7f6054b41a81d96413d1bbcdac8726894043d2cc06f712d9b9,26/06/2023 03:06:32,ESCANER
22211,"Zacapa",19,"Usumatlán",6,3449,248,40,5,73,52,0,2,0,5,177,1,0,178,0,178,0,248,70,177,178,178,,1,14d7413c31b908cdd06cc2131a2e5dd9f2bfae20ec0c377d860af22f8bc43528,26/06/2023 02:47:56,ESCANER
22212,"Zacapa",19,"Usumatlán",6,3449,248,45,1,50,42,2,1,0,4,145,0,1,146,7,153,0,247,94,145,146,153,,1,2f5b9094f4e487beec2425f6f58c78ddb018e8a8a2c355262db88bcb0d770e4f,26/06/2023 02:55:05,ESCANER
22213,"Zacapa",19,"Usumatlán",6,3450,379,14,9,7,12,5,0,0,5,52,3,1,56,0,56,0,379,323,52,56,56,,1,afd9c58a42e6e60d44a2bb021fa15880e47d886c9e1ce965210f2ddce488a978,26/06/2023 01:00:27,ESCANER