﻿TIPO_DE_ELECCIÓN:,CORPORACIÓN MUNICIPAL
28 junio 2023 21:35 (UTC -6)
ACTAS_ESPERADAS,ACTAS_CAPTURADAS,PORCENTAJE_ACTAS_CAPTURADAS,ACTAS_CONTABILIZADAS,PORCENTAJE_ACTAS_CONTABILIZADAS,ACTAS_NO_CONTABILIZADAS,LISTA_NOMINAL_ACTAS_CONTABILIZADAS,VOTOS_EMITIDOS_CONTABILIZADAS,PORCENTAJE_PARTICIPACIÓN_CIUDADANA
211,211,100.0000,207,98.1042,4,84334,47654,56.5062

MESA,DEPARTAMENTO,ID_DEPARTAMENTO,MUNICIPIO,ID_MUNICIPIO,CENTRO_DE_VOTACIÓN,PADRÓN,CABAL,TODOS,VALOR,UNE,AZUL,MLP,CAMBIO,WINAQ,PODEMOS,UR,VAMOS,TCB,BIEN,VICTORIA,PPN,PR,U R N G - MAIZ,VOS,VIVA,MI FAMILIA,SEMILLA,ELEFANTE,VÁLIDOS,NULOS,BLANCO,EMITIDOS,INVÁLIDOS,TOTAL,IMPUGNACIONES,PAPELETAS-RECIBIDAS,PAPELETAS-NO-USADAS,VALIDOS_CALCULADO,EMITIDOS_CALCULADO,TOTAL_CALCULADO,OBSERVACIONES,CONTABILIZADA,CÓDIGO_INTEGRIDAD,FECHA_HORA_PUBLICACIÓN,DIGITALIZACIÓN
7156,"Escuintla",5,"Escuintla",1,800,400,14,2,10,54,3,0,0,2,14,2,16,5,5,56,12,0,3,8,1,3,2,9,221,31,1,253,0,253,0,400,147,221,253,253,,1,4611abb75ddbc7b1769bd9473984b4ef31575095b585d839543345aa5f655717,26/06/2023 01:51:23,ESCANER
7157,"Escuintla",5,"Escuintla",1,800,400,41,6,14,46,3,1,1,3,9,1,22,4,6,54,7,1,4,6,9,1,1,10,230,21,3,254,1,255,1,400,145,250,274,275,Sumas Asentadas sin cuadrar,1,24853fc2814deebc7646b254f2cdaef3b706569c1dc0f937bde066c46978197d,26/06/2023 05:20:06,ESCANER
7158,"Escuintla",5,"Escuintla",1,800,400,12,0,14,50,3,1,2,0,10,1,21,0,13,50,4,2,6,6,12,1,2,9,220,15,4,239,15,239,0,397,158,219,238,253,Sumas Asentadas sin cuadrar,1,db2fe5bdb3cd7231a19c6dfe42ff01861003dbabe73d949d776a4a1eb87a4e8d,26/06/2023 00:07:45,ESCANER
7159,"Escuintla",5,"Escuintla",1,800,400,10,2,8,49,4,2,1,4,8,6,27,6,5,54,9,3,0,3,10,1,5,10,227,24,6,257,0,257,--,400,143,227,257,257,Algún campo sin dato,1,6b07d9a505efa7a46cfb15d7334ae1b7649c5554e038c98725691e7450037a0d,26/06/2023 00:32:43,ESCANER
7160,"Escuintla",5,"Escuintla",1,800,400,9,2,17,44,4,0,1,1,11,5,27,3,4,62,8,0,4,3,5,2,4,6,222,36,1,259,0,259,--,400,141,222,259,259,Algún campo sin dato,1,a788e4c51160ad52e83776e06832a8aee136671395cd576dc8d627e68252c06e,26/06/2023 01:33:40,ESCANER
7161,"Escuintla",5,"Escuintla",1,800,400,4,4,15,46,6,1,2,2,23,3,38,7,7,55,6,0,4,4,12,0,6,5,250,18,2,270,0,270,--,--,--,250,270,270,Algún campo sin dato,1,cf989d46ff0b758c35590a49d2d1ba7e37eae1504c502914edd7225335f01212,26/06/2023 02:01:10,ESCANER
7162,"Escuintla",5,"Escuintla",1,800,400,5,4,10,44,1,1,2,1,18,3,23,6,3,67,2,0,1,7,7,4,4,5,218,14,2,234,22,256,--,--,--,218,234,256,Algún campo sin dato,1,43c5d3aac14c7b10dfda7b27bd112cc5dfc422f3c1f68bd7ad181ef07a0b045a,26/06/2023 02:29:05,ESCANER
7163,"Escuintla",5,"Escuintla",1,800,400,6,6,15,38,2,4,2,2,13,1,31,1,4,67,7,0,3,5,7,0,9,7,230,19,2,251,0,251,0,400,149,230,251,251,,1,de02c77d7957fcb11444d80c49cc5987a4fad74a08a4886e2b8a5b7f98eddd3c,26/06/2023 03:05:06,ESCANER
7164,"Escuintla",5,"Escuintla",1,800,400,4,3,15,56,4,0,0,0,14,2,22,4,1,59,5,1,2,5,7,1,9,6,220,22,2,244,0,244,--,403,159,220,244,244,Algún campo sin dato,1,e0232a5d7a7ef644fd758085d59333445f6c8bbd96148a233776df511e3d2fc2,25/06/2023 23:23:09,ESCANER
7165,"Escuintla",5,"Escuintla",1,800,400,9,2,9,45,2,3,1,3,11,1,35,5,6,59,6,1,3,3,10,2,6,3,225,20,--,--,--,245,--,400,155,225,245,245,Algún campo sin dato,1,1f4ede2c622a31611ac07f033695db665279c6767865d196ae9daa55d4ed8ae7,26/06/2023 00:42:39,ESCANER
7166,"Escuintla",5,"Escuintla",1,800,400,15,3,14,33,6,0,3,0,6,3,33,6,2,54,7,2,1,5,10,1,5,10,219,23,1,243,0,243,--,400,157,219,243,243,Algún campo sin dato,1,3cd55e6dbedbc538a7ba4b07367e746f8e336fb654ad6a42c0b3957fdbb737f7,26/06/2023 01:34:03,ESCANER
7167,"Escuintla",5,"Escuintla",1,800,400,12,1,12,36,5,1,2,1,6,3,34,9,3,55,6,0,6,6,13,2,5,10,228,21,0,249,0,249,--,400,151,228,249,249,Algún campo sin dato,1,bf86c7fb5f0496be4da5c31aacdc7993b9b42012bc3c7e5b2efa45faa855cb2c,26/06/2023 03:48:31,ESCANER
7168,"Escuintla",5,"Escuintla",1,800,400,4,6,14,51,3,1,3,2,9,1,25,7,3,57,10,--,1,5,8,1,17,5,233,9,0,242,0,242,--,400,158,233,242,242,Algún campo sin dato,1,b37836fd261c3407d8f577f7df6c94bf5081aecb6f0b61901df6f7dfc6b27967,26/06/2023 01:59:41,ESCANER
7169,"Escuintla",5,"Escuintla",1,800,400,6,3,14,30,2,0,0,1,16,3,30,4,2,64,8,1,3,2,11,1,6,5,212,20,1,233,0,233,--,400,167,212,233,233,Algún campo sin dato,1,d4f0184a4f1c64bb5a7fbf17faca0045fd013f141ba88241cbcc6c012735e6a5,26/06/2023 00:49:41,ESCANER
7170,"Escuintla",5,"Escuintla",1,800,400,8,3,21,40,1,0,0,1,8,3,25,7,3,50,7,2,4,6,7,2,12,7,217,26,1,244,--,244,--,400,156,217,244,244,Algún campo sin dato,1,21e59ab2ee58598dbd2a2bbbf068a84b97bd9647634253243ebd7a06581a88af,25/06/2023 23:41:53,ESCANER
7171,"Escuintla",5,"Escuintla",1,800,400,10,4,16,42,5,0,1,1,11,1,36,7,5,64,9,0,4,3,10,0,7,6,242,20,0,262,0,262,--,400,138,242,262,262,Algún campo sin dato,1,1ce9b0ee25c11633d550c8ad893348f2a9b01e6d70493f82563d053582412404,26/06/2023 02:06:13,ESCANER
7172,"Escuintla",5,"Escuintla",1,800,400,8,4,8,31,4,0,3,0,14,4,24,3,1,62,9,2,4,4,5,0,13,14,217,17,1,235,0,235,--,400,165,217,235,235,Algún campo sin dato,1,8599a0f0023fe24c8cc8fdb5b55928206dde6d52733171fcac27e819e23935ce,26/06/2023 00:16:04,ESCANER
7173,"Escuintla",5,"Escuintla",1,800,400,7,5,12,42,6,0,1,2,8,4,40,5,4,70,9,0,1,2,9,1,10,5,243,17,1,261,0,261,--,398,134,243,261,261,Algún campo sin dato,1,b3cd9eec2f28bf54c0a4534e24a79458401d57f12814ad00ce03970d32777acd,26/06/2023 01:26:29,ESCANER
7174,"Escuintla",5,"Escuintla",1,800,400,11,3,16,38,2,1,3,1,16,2,25,3,2,67,9,1,1,0,11,0,7,3,222,16,2,240,0,240,--,400,160,222,240,240,Algún campo sin dato,1,c16fc205765e6c88fe6c61021182ae81c19c81a974e0524c08e3d70bfd72f372,26/06/2023 01:29:46,ESCANER
7175,"Escuintla",5,"Escuintla",1,800,400,12,1,16,47,4,1,0,0,11,3,22,6,2,56,8,1,1,5,8,3,5,7,219,15,0,234,0,234,--,400,166,219,234,234,Algún campo sin dato,1,be6ac069b600362367240c0b1af5f5a301bef17afe8777b2666f7479d64ecea6,26/06/2023 04:11:23,ESCANER
7176,"Escuintla",5,"Escuintla",1,801,400,5,6,9,44,2,--,--,2,11,--,29,8,3,52,7,1,2,6,11,3,10,5,216,16,--,--,--,232,--,400,168,216,232,232,Algún campo sin dato,1,ebfab23878bc8dc8934d0339bcc631042c4d6009767f17f967dec52669fa98a6,25/06/2023 22:56:37,ESCANER
7177,"Escuintla",5,"Escuintla",1,801,400,10,4,19,42,7,0,0,0,18,3,28,6,2,52,5,1,1,4,7,1,6,6,222,14,1,237,0,237,0,400,163,222,237,237,,1,5cb478a911766188739cd9b3d85cf3d9d67640b74314e365ec534cb359af41f2,26/06/2023 01:19:13,ESCANER
7178,"Escuintla",5,"Escuintla",1,801,400,8,1,20,40,2,0,2,1,12,0,24,6,5,44,9,2,1,4,12,1,13,6,213,14,1,228,0,228,--,400,172,213,228,228,Algún campo sin dato,1,c6a0819830bcc8f8e62f8426389b64ea9cb5e3dfa696c72d60a1647e91118029,26/06/2023 02:56:22,ESCANER
7179,"Escuintla",5,"Escuintla",1,801,400,10,1,11,38,4,2,3,1,10,2,22,3,4,59,5,2,4,5,7,0,7,5,205,22,1,228,0,228,0,400,172,205,228,228,,1,2ed318d2a577011dec1c25301f7c76fcd89c2a283f65706b2ee9d515da6b71fb,26/06/2023 01:12:30,ESCANER
7180,"Escuintla",5,"Escuintla",1,801,400,14,3,11,37,3,0,4,1,9,3,32,4,2,46,5,2,2,3,6,0,8,3,199,14,2,215,--,--,0,402,187,198,214,214,Sumas Asentadas sin cuadrar,1,63df0175e7cb642b19f5814923ee253e2d8dd0654315b4ebd742527607c76a1a,25/06/2023 23:17:15,ESCANER
7181,"Escuintla",5,"Escuintla",1,801,400,10,4,23,42,2,1,3,2,7,0,27,4,4,46,4,2,2,2,5,1,12,6,209,26,4,239,0,239,--,400,161,209,239,239,Algún campo sin dato,1,9ff3ff922acc16a38cbf19c62b1a8ac4485ec97e70c161d50076169d8c92284e,26/06/2023 01:47:53,ESCANER
7182,"Escuintla",5,"Escuintla",1,801,400,5,2,12,47,5,1,4,0,11,3,38,2,5,49,10,0,0,6,6,1,12,6,225,13,1,239,0,239,--,400,161,225,239,239,Algún campo sin dato,1,9491ab1eea317b76948896de6aaaf091d2ba49ef1130b29d8b4684383a920e8e,25/06/2023 23:26:50,ESCANER
7183,"Escuintla",5,"Escuintla",1,801,400,3,2,13,36,3,1,2,1,9,2,38,1,5,61,4,1,2,2,6,0,16,5,214,14,1,228,0,214,--,401,172,213,228,228,Sumas Asentadas sin cuadrar,1,76b50490af2c937fc098f194c2da1966abba2ce9750e702ce16910e23a197439,26/06/2023 00:36:51,ESCANER
7184,"Escuintla",5,"Escuintla",1,801,400,10,3,19,28,4,0,3,0,14,1,40,2,2,67,7,1,1,7,5,1,22,3,240,11,0,251,0,251,0,400,149,240,251,251,,1,acd3017070b58baf42ff373152cfe2eba508006345c3da0787c08075418581dc,26/06/2023 02:07:14,ESCANER
7185,"Escuintla",5,"Escuintla",1,801,400,11,1,15,35,2,1,0,0,15,1,39,3,3,48,7,0,1,4,6,0,15,7,214,18,1,233,0,233,--,400,167,214,233,233,Algún campo sin dato,1,b4db6628a7e7b790ec54872a2b77ee056b47c9370e2954fd5faf5697069ac15e,25/06/2023 22:41:37,ESCANER
7186,"Escuintla",5,"Escuintla",1,801,400,--,--,--,--,--,--,--,--,--,--,--,--,--,--,--,--,--,--,--,--,--,--,--,--,--,--,--,--,--,--,--,,,,Suma Excede Padrón,0,a8c56d789388f4fcf1e2e5e4150a7c3dad5dbd1a62f6f55dd4ee74862f1c8372,26/06/2023 02:29:10,ESCANER
7187,"Escuintla",5,"Escuintla",1,801,400,10,4,15,32,3,1,0,2,9,1,19,6,0,53,5,0,3,5,4,0,19,7,198,10,0,208,0,208,0,400,189,198,208,208,,1,336e402e360944e78bc9832e4277041782003318c4e6904c589fbf6ccfec47a5,26/06/2023 00:14:11,ESCANER
7188,"Escuintla",5,"Escuintla",1,801,254,3,2,7,22,1,1,0,1,8,1,14,0,0,25,1,0,2,1,3,2,6,4,104,5,0,109,0,109,--,--,--,104,109,109,Algún campo sin dato,1,4f6e4ed5c6a04c714746a0d7dc7e0eeb756cf675e72b3255f25a52697c0a9e08,25/06/2023 23:19:16,ESCANER
7189,"Escuintla",5,"Escuintla",1,801,254,2,0,8,18,2,0,0,0,6,2,14,2,1,18,4,0,1,1,3,0,6,1,89,5,1,95,0,95,--,254,159,89,95,95,Algún campo sin dato,1,7419bc66a45b858cb576f2c1cdae08ff61cbc4692b1715d99d2d7c58dc380235,25/06/2023 22:26:26,ESCANER
7190,"Escuintla",5,"Escuintla",1,802,400,11,4,9,52,1,2,2,1,15,0,17,3,4,58,11,2,4,8,7,3,6,7,227,16,3,246,0,246,0,400,154,227,246,246,,1,ffd490271e1e3f91798cd8a5ba81806653d9b76be1a8f4fee91658c12ca19016,26/06/2023 02:26:32,ESCANER
7191,"Escuintla",5,"Escuintla",1,802,400,10,6,10,49,0,1,0,1,9,3,22,5,4,18,13,4,5,4,8,2,6,8,229,25,1,255,0,255,--,397,142,188,214,214,Sumas Asentadas sin cuadrar,1,4224e6ee3a5b5ac9bb8cee03e3426f4ba118a65820cf165713bb7aef8efcd698,26/06/2023 04:50:11,ESCANER
7192,"Escuintla",5,"Escuintla",1,802,400,7,4,8,48,3,0,2,0,13,1,32,2,2,66,6,3,4,5,6,1,4,11,228,27,4,259,0,259,--,396,137,228,259,259,Algún campo sin dato,1,dfdadce8f61749f300b32fa4c8885ec7dda30255f6c55a4541753e33ac55cd27,26/06/2023 04:54:20,ESCANER
7193,"Escuintla",5,"Escuintla",1,802,400,10,6,14,50,7,2,0,0,9,5,35,0,9,65,7,4,7,3,10,0,2,4,249,12,7,268,0,268,0,400,132,249,268,268,,1,dbd3bb6187fb80f8fc0c6611efdf4d65541496667af2a8984b7b9300e828e838,26/06/2023 03:05:45,ESCANER
7194,"Escuintla",5,"Escuintla",1,802,400,8,4,9,44,4,4,1,2,21,2,28,0,2,53,9,2,4,5,3,2,4,14,225,31,5,261,0,261,--,400,137,225,261,261,Algún campo sin dato,1,68dd5f1276426540ed45c8ba61aa94256d3b44d47072cd702864c3bd0f948e46,26/06/2023 05:09:29,ESCANER
7195,"Escuintla",5,"Escuintla",1,802,400,9,3,9,60,7,4,0,1,21,2,27,1,3,52,6,3,7,4,7,1,6,4,237,20,0,257,0,257,--,400,143,237,257,257,Algún campo sin dato,1,7dcf84619566f9174ce49f4e5cec4dc3a5f502de51e6b1699042b8b7be9ee9c3,26/06/2023 05:16:25,ESCANER
7196,"Escuintla",5,"Escuintla",1,802,400,11,2,8,52,3,3,1,3,17,4,23,4,4,73,4,1,2,4,9,0,5,8,241,33,2,276,0,276,0,400,124,241,276,276,,1,5cadf81df117a689566459ae3c7cf5f165354e0863228d219a4a88854dc4cb5b,26/06/2023 03:07:12,ESCANER
7197,"Escuintla",5,"Escuintla",1,802,400,3,5,15,43,3,1,1,1,19,4,23,2,2,68,10,5,6,6,3,1,7,8,236,28,6,270,130,400,1,400,130,236,270,400,,1,d2c3899a753d347ef6e34be9ef225fdbdfef89551cb800715c7876ba5d0eb531,26/06/2023 03:12:06,ESCANER
7198,"Escuintla",5,"Escuintla",1,802,400,11,6,7,47,2,1,0,1,21,0,25,7,3,57,5,2,3,8,4,1,6,14,231,23,3,257,0,257,0,400,143,231,257,257,,1,7115a2b87215f6cef82b851d8ed2669e83e0318ccd02fda6c69a6db71a41596d,26/06/2023 03:47:47,ESCANER
7199,"Escuintla",5,"Escuintla",1,802,400,10,0,11,51,1,1,1,2,19,0,23,5,4,54,6,4,4,4,10,1,5,11,227,20,3,250,0,250,0,400,150,227,250,250,,1,03ed1a224c7703aac479d10c32ed8cf2beef7fea51757fee42c879d994e49863,26/06/2023 03:54:04,ESCANER
7200,"Escuintla",5,"Escuintla",1,802,400,9,3,11,44,0,0,2,1,11,1,31,4,3,54,7,1,0,5,4,3,7,8,209,18,0,227,0,0,--,400,173,209,227,227,Algún campo sin dato,1,b0406ec5d46bec92ba4990dd4932eb19f0a12c54ad1fe956a2e055b1fa9f0ec5,26/06/2023 05:48:23,ESCANER
7201,"Escuintla",5,"Escuintla",1,802,400,3,4,6,40,5,5,1,2,10,0,35,2,4,65,10,2,2,7,6,0,3,3,215,13,1,229,0,229,0,397,168,215,229,229,,1,04c81cf020d0b492ebacf37ab090976039985d271c5d0811c51394b6aacebd1f,26/06/2023 04:05:51,ESCANER
7202,"Escuintla",5,"Escuintla",1,802,400,17,1,8,49,1,1,1,1,16,2,25,2,1,60,11,4,4,3,4,0,7,8,226,18,0,244,0,244,0,400,156,226,244,244,,1,dfe622f3ab3594b80e2466c8287d427037cc4576eb9eed866fa8793394dbbb19,26/06/2023 04:10:49,ESCANER
7203,"Escuintla",5,"Escuintla",1,803,400,6,3,8,50,2,3,0,0,14,3,28,3,5,55,6,1,3,3,8,1,4,4,210,12,0,222,0,222,--,400,178,210,222,222,Algún campo sin dato,1,1b998ca04c4174c69d0cf4df33589310bf82df385057fd42e9acf19ef5603241,26/06/2023 02:23:32,ESCANER
7204,"Escuintla",5,"Escuintla",1,803,400,10,5,15,49,6,3,0,0,15,0,31,7,3,51,6,3,4,3,6,0,4,4,220,18,1,239,--,239,--,400,161,225,244,244,Sumas Asentadas sin cuadrar,1,12bedcd64ea73fadf46a4c11f74ce4eeb1f3d182677515dfa1e6976a6e29cace,26/06/2023 01:58:29,ESCANER
7205,"Escuintla",5,"Escuintla",1,803,400,9,0,9,55,4,0,0,0,10,4,25,3,1,65,6,6,7,4,9,2,1,11,231,29,3,263,137,400,--,400,137,231,263,400,Algún campo sin dato,1,8c1f50558ddc2f710ccab64eeee14e16b3d4e2188c79c8f78d9a74d607890b20,26/06/2023 02:10:03,ESCANER
7206,"Escuintla",5,"Escuintla",1,803,400,6,3,7,42,1,2,1,0,11,1,36,4,1,79,7,4,5,4,8,1,4,7,234,20,3,257,0,257,--,400,143,234,257,257,Algún campo sin dato,1,f73cda12018df075a3e41daf8a700656ee3dbe770aff63d95e47a6612273344a,26/06/2023 03:06:03,ESCANER
7207,"Escuintla",5,"Escuintla",1,803,400,10,2,14,41,2,3,1,1,11,2,26,3,3,71,0,3,2,5,3,2,8,7,220,16,6,242,0,242,--,400,158,220,242,242,Algún campo sin dato,1,764d531464cb4fa32b725f80acd3c790d3ed1ad47b9b85266c3611628e9a2e5d,26/06/2023 00:32:42,ESCANER
7208,"Escuintla",5,"Escuintla",1,803,400,15,1,7,42,5,1,0,1,16,2,37,5,3,54,11,0,2,3,7,1,5,9,227,23,2,252,0,252,--,398,146,227,252,252,Algún campo sin dato,1,8b3fa7034432686dc2e030d6e7647b987254722354c1a4f4cee4556e1bc2f184,25/06/2023 23:49:03,ESCANER
7209,"Escuintla",5,"Escuintla",1,804,400,4,5,5,44,7,1,0,1,13,5,31,7,2,66,11,3,8,3,7,1,4,5,233,15,4,252,0,252,--,398,145,233,252,252,Algún campo sin dato,1,7789f6a902fb93116f7a035b12832c3e3a5ab8c06ff8ab627307a3ee701b5edd,26/06/2023 01:52:19,ESCANER
7210,"Escuintla",5,"Escuintla",1,804,400,3,2,14,57,2,0,1,1,18,0,21,2,4,73,9,1,5,2,7,0,7,10,239,20,2,261,0,261,--,400,139,239,261,261,Algún campo sin dato,1,20d986b9775331a58fe9c262bceac573daa53fbeb5507157308fcd971dba17a5,26/06/2023 01:36:53,ESCANER
7211,"Escuintla",5,"Escuintla",1,804,400,5,4,18,48,10,2,0,0,16,1,16,3,3,61,7,2,6,3,3,1,7,7,223,21,2,246,0,246,--,398,152,223,246,246,Algún campo sin dato,1,5a40f03e426924346d29715b21ab1092837e08d52c3f717cb28162035554e0bc,26/06/2023 02:02:00,ESCANER
7212,"Escuintla",5,"Escuintla",1,804,400,9,3,15,48,3,1,0,1,21,0,36,5,2,60,6,1,2,2,4,0,10,6,237,20,2,259,1,260,--,409,149,235,257,258,Sumas Asentadas sin cuadrar,1,a2a678891e78fccde9b07b8cab5cdd60de979be5ad9689f3a732349733a9374a,26/06/2023 02:09:00,ESCANER
7213,"Escuintla",5,"Escuintla",1,804,400,15,4,6,48,5,2,0,0,13,2,21,3,3,56,9,1,1,2,10,1,5,9,216,16,2,234,0,234,--,400,166,216,234,234,Algún campo sin dato,1,82579afc67369647d6b4ccc7681d8991a00c063bf8865277ca8d87e47ba9444c,26/06/2023 01:25:58,ESCANER
7214,"Escuintla",5,"Escuintla",1,804,400,10,3,10,50,0,0,0,0,15,2,41,3,3,77,5,4,3,2,6,0,4,5,243,14,4,261,0,261,0,400,139,243,261,261,,1,a14d727e31979c3a623f7149630080e4078b408ff497fd772a86227d7bf21b5c,25/06/2023 23:17:08,ESCANER
7215,"Escuintla",5,"Escuintla",1,804,400,14,2,5,39,3,2,0,0,14,1,29,3,4,57,7,1,3,5,8,1,7,3,208,12,2,222,0,222,--,400,178,208,222,222,Algún campo sin dato,1,c59753db138b3054581518a7ea01607044ee6c114855e36a65ad9f7fb14f397e,26/06/2023 00:33:56,ESCANER
7216,"Escuintla",5,"Escuintla",1,804,400,14,0,8,48,4,0,0,1,11,1,28,5,6,54,6,4,0,7,9,1,3,5,215,15,0,230,0,230,--,400,170,215,230,230,Algún campo sin dato,1,cc9e12efa195104e799d2fa1d28f44e88e8879636ce0d958a5298d7fd6fa9db1,26/06/2023 02:25:24,ESCANER
7217,"Escuintla",5,"Escuintla",1,804,400,16,3,8,36,2,0,0,0,9,0,24,3,5,46,6,4,7,3,9,1,6,6,194,16,4,214,186,400,--,400,186,194,214,400,Algún campo sin dato,1,d6447355b505aaabb6378cb6bea728271ad47d5170f2a9569a6ef002b827ada8,26/06/2023 00:01:48,ESCANER
7218,"Escuintla",5,"Escuintla",1,804,400,10,3,10,49,3,1,1,0,8,1,33,2,2,52,7,6,1,4,9,0,7,5,214,16,0,230,0,230,0,400,170,214,230,230,,1,20c62c553ace5a9d262b5ac50c30cbbf63259205fbf31ac888598d2b0d57c8da,25/06/2023 22:18:52,ESCANER
7219,"Escuintla",5,"Escuintla",1,805,400,10,0,10,54,4,1,0,1,16,2,24,4,2,44,7,0,1,2,4,0,6,5,197,19,2,218,0,218,0,400,182,197,218,218,,1,59f24e9925492ebd6a2ca4b1caa09f894b1f5d2f644851508105c9e2d9c9e525,26/06/2023 00:03:38,ESCANER
7220,"Escuintla",5,"Escuintla",1,805,400,8,2,6,48,4,3,0,0,10,1,24,4,6,54,4,1,1,3,7,1,0,5,192,23,1,216,0,216,--,400,184,192,216,216,Algún campo sin dato,1,a1f1a77079463f05b443030c68528d1643587c3f3bbe1277ef58b33c17ede7fb,25/06/2023 22:44:14,ESCANER
7221,"Escuintla",5,"Escuintla",1,805,400,11,2,11,51,2,0,1,2,10,2,31,3,1,37,5,1,4,3,4,0,3,9,193,25,2,220,0,220,0,400,180,193,220,220,,1,cf651b8f087e3f6af123ecc0de819e10057d45b2d92e4c1fc1d382de0b88f9cb,26/06/2023 01:53:14,ESCANER
7222,"Escuintla",5,"Escuintla",1,805,400,5,2,7,55,5,0,1,0,13,0,22,4,3,51,8,1,0,1,5,1,4,4,192,12,0,204,0,204,--,--,--,192,204,204,Algún campo sin dato,1,4bdcea6a380baad157d3ca4ebed29076401f6161967ad0343c3db9154022ab67,25/06/2023 23:01:58,ESCANER
7223,"Escuintla",5,"Escuintla",1,805,400,10,4,13,40,2,2,0,0,13,0,26,2,3,62,5,5,2,7,6,0,4,7,213,14,1,228,0,228,--,400,172,213,228,228,Algún campo sin dato,1,b82c01eee707f029f27c33623e00be7e124b8226e224141ceb510661a8c3ee4a,25/06/2023 22:50:08,ESCANER
7224,"Escuintla",5,"Escuintla",1,805,400,13,1,9,40,2,0,0,3,18,0,21,5,1,58,8,4,5,2,7,0,10,8,215,17,1,233,0,233,--,397,165,215,233,233,Algún campo sin dato,1,5a2394917f5d353b4370702058fd0f843783aa73699a72ddf6f9787ab1fed480,26/06/2023 01:51:49,ESCANER
7225,"Escuintla",5,"Escuintla",1,805,400,9,1,12,36,4,0,1,1,16,2,33,2,8,59,4,1,0,0,6,1,9,4,209,12,3,224,0,224,--,400,176,209,224,224,Algún campo sin dato,1,ee194df4dbf443ea3fab738ed7444aab5c744e1cbac04888fee446d38f787aca,25/06/2023 23:34:13,ESCANER
7226,"Escuintla",5,"Escuintla",1,805,400,7,5,14,42,1,0,1,2,8,2,32,3,4,55,6,6,2,1,1,0,18,6,216,17,2,235,165,400,--,400,--,216,235,400,Algún campo sin dato,1,e517c6f207ce1543e08e71a43e7973d45405bbe7f34598397acc033dd07f53f3,26/06/2023 01:58:10,ESCANER
7227,"Escuintla",5,"Escuintla",1,805,400,10,10,16,34,5,2,0,1,19,2,32,2,1,74,9,3,0,5,3,0,12,3,243,5,0,248,0,248,--,400,152,243,248,248,Algún campo sin dato,1,38425b3989be00ac53145f8642cb2732688f2e38bdd2a2c0f0dbbcfed196cc57,26/06/2023 01:09:01,ESCANER
7228,"Escuintla",5,"Escuintla",1,805,400,4,10,16,38,3,0,0,0,28,1,32,3,3,57,9,0,1,6,3,0,19,6,239,7,0,246,0,246,--,400,154,239,246,246,Algún campo sin dato,1,d40b9b563fc74f447c55128e07baf9dc3165ce5393fde24437d1ff44950669b2,26/06/2023 01:46:57,ESCANER
7229,"Escuintla",5,"Escuintla",1,805,400,9,1,10,36,6,1,0,2,11,1,27,4,2,66,9,3,2,4,2,0,12,8,216,12,0,228,0,228,--,396,68,216,228,228,Algún campo sin dato,1,afbc3e547aa049da420433a6814826fbd3e7e8bdd226e87ef9d769213f4e844a,26/06/2023 04:53:15,ESCANER
7230,"Escuintla",5,"Escuintla",1,805,400,8,0,6,43,2,2,0,0,17,0,18,5,2,54,4,4,0,3,6,0,16,5,195,9,3,207,2,209,0,397,188,195,207,209,,1,1fa9fa7810615cc257f4f12cba16f6a9f92a58fc0d0a290967f5b4968e70a98a,25/06/2023 23:19:39,ESCANER
7231,"Escuintla",5,"Escuintla",1,805,400,8,4,8,51,5,3,0,0,13,2,21,1,0,49,8,2,2,3,6,2,9,6,203,10,8,221,179,400,--,400,179,203,221,400,Algún campo sin dato,1,29819ca4fad966bbc5a3ebf8486b058dc051b062f645a2c1e5133dbfb23c6980,26/06/2023 00:31:20,ESCANER
7232,"Escuintla",5,"Escuintla",1,805,285,7,0,1,27,3,1,0,1,6,2,19,2,2,29,4,0,1,4,2,0,4,5,119,8,1,128,0,128,--,285,157,120,129,129,Sumas Asentadas sin cuadrar,1,1a203a8a7b96e35d3a910334ef4611ffdb58eaad6052b9905c0850fc31909c1e,25/06/2023 22:20:17,ESCANER
7233,"Escuintla",5,"Escuintla",1,805,284,9,1,4,21,3,0,1,0,5,0,20,0,3,16,2,3,1,2,5,0,2,2,100,9,0,109,0,109,--,284,175,100,109,109,Algún campo sin dato,1,d77993c85009e60fc8af05d5e83fb73d244bc6646b85afdb5e314bb415628884,25/06/2023 23:33:33,ESCANER
7234,"Escuintla",5,"Escuintla",1,806,400,4,1,16,46,3,3,3,0,10,1,30,5,2,79,3,0,6,4,9,2,7,3,237,23,2,262,0,262,--,400,138,237,262,262,Algún campo sin dato,1,1fb7dfc4856f30847142a32f7dc0c89282f8db581a694a5283be6958ff77b461,26/06/2023 00:52:23,ESCANER
7235,"Escuintla",5,"Escuintla",1,806,400,11,4,15,50,9,3,0,2,13,5,32,4,3,62,3,2,3,2,12,1,7,9,252,21,6,279,--,279,0,400,121,252,279,279,Algún campo sin dato,1,62ae41713401bddd339c3ebfc404c8e5ac74bb3cef454f955350afa4fd3c462c,26/06/2023 00:36:29,ESCANER
7236,"Escuintla",5,"Escuintla",1,806,400,11,4,14,50,13,2,1,1,11,4,35,4,2,64,3,4,5,3,8,1,3,10,253,23,4,280,0,280,0,400,120,253,280,280,,1,1a0b619007c2ab0e8d2a1dbedb31dc426151f32fba3b26112e96a072c840a6ae,26/06/2023 01:22:24,ESCANER
7237,"Escuintla",5,"Escuintla",1,806,400,9,3,16,37,5,0,3,3,18,4,38,9,2,68,7,1,5,6,7,3,5,6,255,22,2,279,24,279,--,--,--,255,279,303,Sumas Asentadas sin cuadrar,1,29689cbc88120ae125cea457821f18a2bd6c298fcf138a243cc3735da124f2c5,26/06/2023 05:54:40,MOVIL
7238,"Escuintla",5,"Escuintla",1,806,400,11,3,11,47,6,0,2,1,16,1,35,10,1,61,7,2,3,3,12,0,6,9,247,17,2,266,0,266,0,401,135,247,266,266,,1,7693e8214e80dcb2d31f957dba03bede104b474e9b2d4ad22edc0adbbe457e37,26/06/2023 00:55:41,ESCANER
7239,"Escuintla",5,"Escuintla",1,806,400,7,1,24,38,3,3,0,1,14,2,24,--,--,65,3,0,4,3,12,6,7,6,236,24,3,263,1,264,--,400,136,223,250,251,Sumas Asentadas sin cuadrar,1,28918ea9442df7b6323c77b38f95e528aee2cd85c35da5bce4aabbf668bed86b,26/06/2023 05:50:03,MOVIL
7240,"Escuintla",5,"Escuintla",1,806,400,14,5,16,50,4,2,1,2,6,4,26,8,1,52,5,2,1,4,8,2,4,8,225,18,1,244,1,245,--,400,155,225,244,245,Algún campo sin dato,1,266b8313a735e3761b610de44c36553f9ce2b03c2a4b0f76695885088c07dda7,26/06/2023 00:34:29,ESCANER
7241,"Escuintla",5,"Escuintla",1,807,400,--,--,--,--,--,--,--,--,--,--,--,--,--,--,--,--,--,--,--,--,--,--,--,--,--,--,--,--,--,--,--,,,,Acta ilegible,0,3d084fce2db4983ed8e92924f7936f704951da3ab5fd4e29d67cff2eb8edd4ac,26/06/2023 05:55:28,ESCANER
7242,"Escuintla",5,"Escuintla",1,807,400,9,8,18,46,3,0,2,1,9,5,30,8,2,52,5,4,4,7,11,0,4,4,232,22,1,255,--,255,--,400,145,232,255,255,Algún campo sin dato,1,34dc30905e4cb7215f3efbf2b15ce03be35eebea6c0fc2711293054f787d7f90,26/06/2023 04:24:04,ESCANER
7243,"Escuintla",5,"Escuintla",1,807,400,9,3,15,45,8,1,0,0,11,5,38,4,3,59,5,2,5,5,8,1,7,9,243,22,3,268,0,268,--,--,--,243,268,268,Algún campo sin dato,1,a178a9d770c0f227b160e082eedaef1a12afd1066cc43c5374e88441f5c5cd7c,26/06/2023 01:48:58,ESCANER
7244,"Escuintla",5,"Escuintla",1,807,400,12,3,13,56,2,3,2,4,10,7,24,3,4,55,4,5,--,5,12,2,7,4,268,26,1,27,0,268,--,400,132,237,264,264,Sumas Asentadas sin cuadrar,1,938739eb3805ef9c01735964faa88833841955751eab093ccf96d2f1234dfc30,26/06/2023 05:51:24,ESCANER
7245,"Escuintla",5,"Escuintla",1,808,400,6,6,18,41,8,3,1,2,9,0,24,4,6,64,10,5,8,3,10,1,9,4,242,25,1,268,0,268,--,400,132,242,268,268,Algún campo sin dato,1,fcef95c4638c7e5d53fcab135a397e82db33c5b15e72bc7291cf41bf491eab8c,26/06/2023 02:44:09,ESCANER
7246,"Escuintla",5,"Escuintla",1,808,400,16,3,12,38,8,0,1,2,10,3,32,5,8,68,5,4,2,2,13,2,3,5,242,20,1,--,--,263,0,400,137,242,263,263,Algún campo sin dato,1,b2af41abe61b039843c28e49da2e3ded07f460dda8ea0b3e99d43319edac89e1,26/06/2023 02:09:47,ESCANER
7247,"Escuintla",5,"Escuintla",1,808,400,9,6,15,40,3,1,3,2,13,2,30,5,2,58,4,3,4,5,8,0,8,3,224,19,2,245,0,245,--,400,155,224,245,245,Algún campo sin dato,1,3380a5363c555f23238b4988dd4c1d5c9da40f08d2c99b3215c8d6f4431105ad,26/06/2023 03:40:55,ESCANER
7248,"Escuintla",5,"Escuintla",1,808,400,12,5,13,46,7,1,0,1,18,3,33,4,2,66,3,0,2,6,17,0,7,6,252,14,2,268,0,268,0,400,132,252,268,268,,1,28884a92d5b0c5cd4ba03048715fe85690b330c11ee7cddceab9855bf5f8dd39,26/06/2023 02:24:53,ESCANER
7249,"Escuintla",5,"Escuintla",1,808,400,9,6,15,47,5,2,2,1,17,5,36,7,1,69,3,2,3,3,10,1,8,3,255,18,0,273,0,273,--,400,127,255,273,273,Algún campo sin dato,1,0a5e6a8163a011311f104231a6219b48331742654e2b3ccf2540ab7f2e689d65,26/06/2023 00:27:57,ESCANER
7250,"Escuintla",5,"Escuintla",1,808,400,9,5,19,45,7,0,1,2,10,2,29,5,5,51,2,1,5,6,11,1,11,7,234,15,4,253,0,253,0,400,147,234,253,253,,1,eb9141be4af048d8cfb61ce26f0c0310d6eb8e1462b43faf4a149ead9de229b1,26/06/2023 02:01:39,ESCANER
7251,"Escuintla",5,"Escuintla",1,808,400,13,5,12,46,3,1,0,2,10,3,41,6,1,74,3,0,4,3,6,1,2,4,240,22,1,263,0,263,0,400,137,240,263,263,,1,74be72e5e3d68bf4818b8d111233c0e684d064aa2274179f1fb2eb6fdd78f2a8,26/06/2023 02:35:23,ESCANER
7252,"Escuintla",5,"Escuintla",1,809,400,4,8,18,48,5,1,0,0,13,3,31,2,3,66,5,4,3,2,18,0,4,4,232,19,4,255,0,255,--,399,145,242,265,265,Sumas Asentadas sin cuadrar,1,d0b77f6de734ef91395d6f645adc0f4ece647f7eb05c83f23750b78a635e4161,26/06/2023 02:22:14,ESCANER
7253,"Escuintla",5,"Escuintla",1,809,400,3,4,10,43,2,4,2,3,11,6,36,7,3,59,2,1,3,3,8,1,5,7,223,20,3,246,0,246,0,400,154,223,246,246,,1,88b74691422fef4f6f7bb4ca99f62d4e13d08c70e13f1648f018df1c29862eae,26/06/2023 02:15:01,ESCANER
7254,"Escuintla",5,"Escuintla",1,809,400,14,3,10,42,3,2,1,0,11,1,31,3,3,59,5,5,1,3,6,0,6,6,215,15,6,236,0,236,--,400,164,215,236,236,Algún campo sin dato,1,06cbfad4009ff24921e21a9f5d71eb93cc2633c85f23874788ae60217d9012d6,25/06/2023 23:18:21,ESCANER
7255,"Escuintla",5,"Escuintla",1,809,400,7,5,16,53,4,3,1,0,10,4,27,2,0,51,4,1,4,6,10,0,4,2,214,11,1,226,0,226,0,399,173,214,226,226,,1,1fe7a3733f20150240248a68add2d623ead3afb2fd8b6dfd7227eb143fd6fae4,26/06/2023 01:47:51,ESCANER
7256,"Escuintla",5,"Escuintla",1,809,400,7,3,20,54,6,1,--,--,13,2,35,3,4,57,2,1,4,6,10,--,8,3,239,12,--,251,--,251,--,400,149,239,251,251,Algún campo sin dato,1,24665ce222b1adb1a0e0acd818b7896f57ab82de9436679294a52b39f8f2a4b1,26/06/2023 02:29:28,ESCANER
7257,"Escuintla",5,"Escuintla",1,809,400,8,10,12,52,7,1,0,1,14,3,26,3,2,65,3,6,5,4,4,1,7,2,248,11,1,248,0,248,0,248,152,236,248,248,Sumas Asentadas sin cuadrar,1,5154b105d97c5f01208052081b2ed62bdc6a328b47e2e2694b8ed934ccc461c0,26/06/2023 00:34:40,ESCANER
7258,"Escuintla",5,"Escuintla",1,809,400,8,3,14,28,1,2,2,1,11,1,47,6,6,49,3,5,5,6,5,0,12,3,218,12,1,231,0,231,0,400,169,218,231,231,,1,532a817e6788d474a2ad0f393b9c1a315c1df0ec2d5a60a3c55fcd6f82f04de9,26/06/2023 01:50:52,ESCANER
7259,"Escuintla",5,"Escuintla",1,809,400,6,3,8,40,3,1,0,--,24,3,35,2,4,68,3,3,3,4,7,1,15,4,237,19,0,256,0,256,0,400,144,237,256,256,Algún campo sin dato,1,11bd57cff1f5752eedb85dfb363c5eac3e390842a91dc9216e302803e40e06d0,25/06/2023 23:37:12,ESCANER
7260,"Escuintla",5,"Escuintla",1,809,400,6,3,17,32,5,1,1,4,19,0,26,3,3,71,5,4,0,0,0,0,19,5,224,12,0,236,0,236,0,400,164,224,236,236,,1,b005c26226fa26d2477a45c88092fd5ee4e069c9e7defffd4fceee906a8e4ab8,26/06/2023 02:05:00,ESCANER
7261,"Escuintla",5,"Escuintla",1,809,400,6,4,12,29,6,0,0,0,14,0,33,3,1,54,1,3,3,3,0,1,23,5,201,10,1,212,0,212,--,400,188,201,212,212,Algún campo sin dato,1,a2fd56bc88ad6aacf3ad3a250dde3a24dd426d20478211891f77fa25fbd527a3,26/06/2023 00:06:03,ESCANER
7262,"Escuintla",5,"Escuintla",1,809,363,16,1,5,37,3,0,0,3,6,2,24,0,1,40,0,2,1,4,5,3,18,3,180,13,1,192,0,192,0,360,167,174,188,188,Sumas Asentadas sin cuadrar,1,28f19e884eb0a713911dfb53e2b8ce4577fcff56370838b45dd219b96d8aa2e0,26/06/2023 02:31:11,ESCANER
7263,"Escuintla",5,"Escuintla",1,809,362,9,4,14,30,4,0,0,1,5,0,16,1,0,36,2,1,2,2,4,1,8,7,147,8,0,155,0,155,0,359,204,147,155,155,,1,0a8a3b7f590ab442b4c65929b89ed099dfea3355f1e892e3437dcbe76329a2fb,25/06/2023 21:21:07,ESCANER
7264,"Escuintla",5,"Escuintla",1,810,400,11,5,8,48,5,2,1,1,10,1,36,8,2,49,3,0,2,3,10,0,7,3,215,28,2,245,1,246,--,400,154,215,245,246,Algún campo sin dato,1,4d3839136f5e8e14843361c889fa741683905059569b4ae5232afd0a590f6630,26/06/2023 00:57:35,ESCANER
7265,"Escuintla",5,"Escuintla",1,810,400,11,5,15,49,2,3,0,0,12,5,33,1,5,51,3,2,1,0,17,0,3,4,222,31,145,398,0,222,--,398,145,222,398,398,Sumas Asentadas sin cuadrar,1,ae7bc7f8d265ca6b5a1f40d55cdc70bf5b37963d7d1292ffac04edb33a862e52,25/06/2023 23:33:43,ESCANER
7266,"Escuintla",5,"Escuintla",1,810,400,4,5,13,57,6,0,1,0,21,5,30,2,1,50,4,0,3,2,5,0,4,4,217,22,5,244,0,244,0,395,151,217,244,244,,1,173f3e61d6d3bda542a53f463db851bb2da98920ae65c1329be3a297f252e7ce,26/06/2023 03:09:18,ESCANER
7267,"Escuintla",5,"Escuintla",1,810,400,9,1,7,46,3,8,1,2,17,1,35,3,3,46,2,2,2,7,6,1,4,4,210,35,152,187,--,397,--,397,152,210,397,397,Sumas Asentadas sin cuadrar,1,29eafd055acf0d4f47c105d43333090e3689ff42ba455dd7d2b5cf23fe3d23d4,26/06/2023 02:42:42,ESCANER
7268,"Escuintla",5,"Escuintla",1,811,400,6,1,9,52,6,1,1,1,15,6,28,5,1,51,3,2,5,2,9,0,6,6,216,21,6,243,0,243,--,400,157,216,243,243,Algún campo sin dato,1,74fdc1833b45da4aef8abf91badefbde6146a1bd95dbe3169e3ab64302498a41,26/06/2023 00:39:59,ESCANER
7269,"Escuintla",5,"Escuintla",1,811,400,16,2,9,47,3,1,1,2,25,1,33,3,2,58,0,2,2,2,16,1,2,5,233,25,0,258,0,258,--,400,142,233,258,258,Algún campo sin dato,1,9ab58eb4534ac895ad430c687b21365fef19508bc8a114aefd8464f5f039ac2f,26/06/2023 03:20:43,ESCANER
7270,"Escuintla",5,"Escuintla",1,811,400,7,3,9,36,3,2,0,0,15,1,41,2,5,52,5,5,4,3,4,3,7,4,211,32,2,245,0,245,--,400,155,211,245,245,Algún campo sin dato,1,c3f3a39af8be7e47acfbd4489ac394a416ff2986d3ba26441a7b509f7a18fb24,25/06/2023 22:59:17,ESCANER
7271,"Escuintla",5,"Escuintla",1,811,400,8,1,11,48,6,2,1,3,20,3,34,4,4,57,3,0,3,2,13,1,7,6,234,19,2,255,0,255,--,400,145,237,258,258,Sumas Asentadas sin cuadrar,1,4722b594604f6203d7b798414ea30d73a713358b1c35020513d65ee87f1782b6,26/06/2023 01:43:45,ESCANER
7272,"Escuintla",5,"Escuintla",1,811,400,9,4,11,43,5,3,1,0,24,2,24,3,4,64,9,3,4,6,11,3,6,2,241,26,1,268,0,268,--,400,132,241,268,268,Algún campo sin dato,1,180f024938e97d8201b4df4435de67a8851e5b30a3fc3a398e60e39ddca72cb1,26/06/2023 01:43:44,ESCANER
7273,"Escuintla",5,"Escuintla",1,812,400,8,3,2,60,9,3,0,4,12,4,18,1,3,56,3,1,4,8,7,1,13,3,223,37,2,262,0,262,0,392,136,223,262,262,,1,bec65cf3b0952bfcac18eb2a2610f371c0b5e7c492f3e95167c8479741b3114f,26/06/2023 03:01:14,ESCANER
7274,"Escuintla",5,"Escuintla",1,812,400,13,6,18,45,4,3,5,1,13,1,24,3,5,60,7,1,3,7,8,2,9,4,242,24,3,269,1,270,0,400,131,242,269,270,,1,6aab9b8ce4aa0d49d11c22e93ae16bbb7e21937f57ddf9c898a40778f5669cbc,26/06/2023 02:30:07,ESCANER
7275,"Escuintla",5,"Escuintla",1,812,400,11,3,11,42,4,0,2,0,13,1,38,2,7,38,0,0,3,8,8,1,2,3,199,22,1,222,0,222,0,400,177,197,220,220,Sumas Asentadas sin cuadrar,1,fca149a62ac86c8039c857295ae065a0b3bbcaa270154659aaba35ad80063adb,26/06/2023 02:53:47,ESCANER
7276,"Escuintla",5,"Escuintla",1,812,400,5,6,12,51,7,1,0,0,23,3,36,4,2,48,5,2,4,2,8,2,6,4,231,14,0,245,0,245,--,400,155,231,245,245,Algún campo sin dato,1,4fd4299d972d2db4dfced92da5c951bea5bd68a23fe68c04920726d455cdbefc,26/06/2023 01:44:38,ESCANER
7277,"Escuintla",5,"Escuintla",1,812,400,8,0,8,33,2,0,0,1,21,3,39,3,0,61,2,3,0,2,6,0,13,4,209,22,0,231,0,231,1,400,169,209,231,231,,1,1b33fbe27c7cd5b877036cf32420bed6d2158c0bcecf4236e12c0aabfbb023cc,26/06/2023 04:11:10,ESCANER
7278,"Escuintla",5,"Escuintla",1,812,400,11,0,10,50,4,1,1,0,17,3,30,3,4,53,6,1,2,3,11,1,3,5,219,24,7,250,0,250,0,400,150,219,250,250,,1,e4ec2873a734c8e8540473034860d3ae53cc4a7c427cc4fbc15cb74d1ee19561,26/06/2023 02:58:57,ESCANER
7279,"Escuintla",5,"Escuintla",1,812,400,14,0,11,52,4,3,1,0,9,1,42,5,3,44,2,1,1,2,6,0,2,5,208,27,1,236,0,236,0,399,163,208,236,236,,1,19eebb0edc7a20468e6b1fe5433c0ea175891e4238aef18dd520bbb85b394e9f,26/06/2023 03:07:36,ESCANER
7280,"Escuintla",5,"Escuintla",1,812,400,10,7,12,48,4,2,2,1,15,2,27,3,6,47,2,2,6,3,7,2,5,2,--,26,3,--,--,--,--,396,149,215,244,244,Algún campo sin dato,1,125c6338ad25f94db5eb7d66c6ea717399dbcba11f43448b3d85b03ee94d4102,26/06/2023 02:47:09,ESCANER
7281,"Escuintla",5,"Escuintla",1,812,400,13,5,9,40,4,0,1,0,16,1,36,5,1,65,7,2,4,3,4,2,12,3,233,24,2,259,0,259,--,400,141,233,259,259,Algún campo sin dato,1,9e11baa3035b6f4a7b2948d9b8f2300f855b0f66d8a8031275a5499470b55260,26/06/2023 02:51:51,ESCANER
7282,"Escuintla",5,"Escuintla",1,812,400,12,8,15,58,3,3,0,0,13,1,35,5,4,52,5,--,5,2,5,1,5,5,237,27,1,265,--,265,--,--,--,237,265,265,Algún campo sin dato,1,2ae30cb837a2c9f85595a8a15d0486c710ccaef2c221437401d7632d883408f1,26/06/2023 03:55:30,ESCANER
7283,"Escuintla",5,"Escuintla",1,812,400,8,1,22,49,3,0,2,2,20,3,30,4,4,53,1,2,2,4,1,1,6,7,225,21,1,247,0,247,0,400,153,225,247,247,,1,790d9cc620df25866b523001162b5eff95b15633c0e4598cfc4abca76fe7b1fc,26/06/2023 02:21:56,ESCANER
7284,"Escuintla",5,"Escuintla",1,812,400,10,5,9,50,3,5,1,1,13,1,30,2,4,58,3,1,1,10,12,3,5,6,233,20,4,257,0,257,0,400,143,233,257,257,,1,f7a5dff466fe3eab792610faaedd5a71391149027ca675ffd32cf8d1da602df3,26/06/2023 02:06:06,ESCANER
7285,"Escuintla",5,"Escuintla",1,812,400,2,1,11,44,5,1,3,1,12,4,25,4,2,64,5,2,9,5,6,1,3,8,218,29,5,252,148,400,--,400,148,218,252,400,Algún campo sin dato,1,be2454a8a6f23871ffc310372c1ce8e985c48a8bdda6681495fae0427ef0aa3c,26/06/2023 00:11:39,ESCANER
7286,"Escuintla",5,"Escuintla",1,812,400,18,0,15,45,2,0,0,1,17,2,34,3,1,44,3,1,6,3,9,2,4,11,221,22,1,244,156,400,0,400,156,221,244,400,,1,7e7166f24585a073e5b5880733a91e8a25568bd88318b8d8ba03740bfb920da3,26/06/2023 03:00:09,ESCANER
7287,"Escuintla",5,"Escuintla",1,812,400,7,3,14,47,1,2,2,3,14,5,36,2,4,63,3,1,3,3,8,1,3,2,227,2,3,232,0,232,0,400,147,227,232,232,,1,15da50e33f9c4eca6fa13894b8f290838a5b3d76257e164278f3bba4c049d059,26/06/2023 03:05:20,ESCANER
7288,"Escuintla",5,"Escuintla",1,813,400,9,0,10,60,3,2,2,1,13,1,31,1,3,67,3,1,5,3,12,0,6,8,241,16,5,262,0,262,0,400,138,241,262,262,,1,9abaed4bb825faf836ec8d043a73e8f90d937113ad756aa13fac96136f5f6450,25/06/2023 20:58:10,ESCANER
7289,"Escuintla",5,"Escuintla",1,813,400,7,5,16,37,10,0,2,0,10,4,23,2,3,58,3,0,3,3,7,3,13,5,214,27,2,243,157,400,--,400,157,214,243,400,Algún campo sin dato,1,40bb605632e4ab36ad97e0b1a54a377b29ca57a78695b714a15edf2d234740f3,26/06/2023 01:18:36,ESCANER
7290,"Escuintla",5,"Escuintla",1,813,400,11,3,6,52,3,1,2,1,15,1,45,6,3,52,2,1,0,3,9,2,6,7,231,31,2,264,0,264,--,400,136,231,264,264,Algún campo sin dato,1,4f21dced8d06a036eb93ccb0f5e2ad8a63bd95b6d60a81beaa5533e355d43aa3,26/06/2023 01:01:31,ESCANER
7291,"Escuintla",5,"Escuintla",1,813,400,10,3,9,51,6,2,3,1,11,1,40,1,2,54,3,1,2,5,1,1,3,5,215,19,0,234,0,234,0,400,166,215,234,234,,1,cab640e571124e0e27503ffe8694f20cfe8b0b0f7189a80440249899952d558b,26/06/2023 00:31:11,ESCANER
7292,"Escuintla",5,"Escuintla",1,813,400,7,5,15,49,2,1,1,2,8,4,39,3,4,61,4,0,3,1,14,1,6,2,232,13,3,248,0,248,--,--,--,232,248,248,Algún campo sin dato,1,788c79a649e0d69030fecababaa7b278ac8620a4f40e9b6b0cd2910477bdf4db,26/06/2023 01:03:26,ESCANER
7293,"Escuintla",5,"Escuintla",1,813,400,10,2,11,48,3,2,1,1,23,3,30,3,3,57,2,0,0,1,5,0,2,5,212,15,3,230,0,230,--,--,--,212,230,230,Algún campo sin dato,1,c3c5377cb056275d5c3473a4ac10058ee3c3408aaa7ae41efa70f863f4381bd1,25/06/2023 21:50:49,ESCANER
7294,"Escuintla",5,"Escuintla",1,814,400,4,3,8,37,3,1,1,1,14,3,44,8,3,49,2,2,1,3,9,2,7,2,207,17,1,225,0,225,--,400,175,207,225,225,Algún campo sin dato,1,99834b77899cece51a29445d85412716416e7e9e45e06cd97fa5499b86713177,27/06/2023 16:48:38,ESCANER
7295,"Escuintla",5,"Escuintla",1,814,400,5,1,13,49,7,3,0,0,24,5,27,3,0,60,3,2,3,2,15,0,7,3,232,13,1,246,0,246,0,400,152,232,246,246,,1,2701d6a6d6524fa70c5baab74dd835f207ce6471f0973732a6a201c1592a11d6,26/06/2023 02:38:57,ESCANER
7296,"Escuintla",5,"Escuintla",1,814,400,9,3,4,48,0,3,2,0,12,1,33,5,2,42,5,2,2,3,14,2,7,3,202,16,2,220,0,220,--,--,--,202,220,220,Algún campo sin dato,1,113426f782995ee70ef27a9fd1506bfcd59e508d59fd6dacca7dc2d43e95675b,25/06/2023 22:07:22,ESCANER
7297,"Escuintla",5,"Escuintla",1,814,400,8,5,10,32,6,2,1,1,16,2,32,2,2,36,1,1,1,7,8,1,5,3,182,28,2,212,0,212,0,400,188,182,212,212,,1,f9e936ed964cfd0035ab29f8231e4888c3af93b8744cc3f0915526a52f4d7f64,26/06/2023 01:19:17,ESCANER
7298,"Escuintla",5,"Escuintla",1,814,400,9,2,5,32,13,2,0,1,15,4,24,2,3,44,3,2,1,4,7,2,4,3,182,12,3,197,0,197,--,400,203,182,197,197,Algún campo sin dato,1,8a3fff887dc975aa03b167b4d63cdf730dc20e3fe21c8c9f3b2e85de2acef7c0,26/06/2023 02:48:52,ESCANER
7299,"Escuintla",5,"Escuintla",1,814,400,7,3,6,50,2,2,0,0,17,0,27,4,2,54,2,3,1,1,6,0,7,4,198,16,0,214,0,214,--,400,186,198,214,214,Algún campo sin dato,1,846aee215df2ad30cc987d04b7711b6d8da7adf5d6ce5dba9c663cf3518ae556,26/06/2023 04:11:36,ESCANER
7300,"Escuintla",5,"Escuintla",1,814,400,10,4,12,56,6,1,3,2,10,0,35,1,4,49,4,2,2,3,5,1,4,3,217,12,2,231,0,231,0,400,169,217,231,231,,1,03a42400bde5752965cf0be99db7b1ce041e430a46acb0e1470a2ee66fbae8dc,26/06/2023 02:39:40,ESCANER
7301,"Escuintla",5,"Escuintla",1,814,400,11,5,12,41,4,0,0,0,14,2,36,4,2,45,1,1,0,0,8,0,4,4,194,18,3,215,0,215,0,400,185,194,215,215,,1,3cc993b15c849d690cc59549f6e90b0286578656ef07635e37c8207b9284e5ae,26/06/2023 02:58:11,ESCANER
7302,"Escuintla",5,"Escuintla",1,814,400,12,4,19,35,4,4,1,1,18,2,35,5,1,43,1,0,2,4,2,0,5,3,201,21,0,222,0,222,--,400,178,201,222,222,Algún campo sin dato,1,30398b6d9cada3f1f70b07b402f6db94e36961e85cfcf386cf174ca9b4aa1651,26/06/2023 03:02:22,ESCANER
7303,"Escuintla",5,"Escuintla",1,814,400,11,3,19,47,5,0,1,2,12,1,28,2,5,40,7,1,3,2,5,1,10,3,208,19,1,228,0,228,0,400,172,208,228,228,,1,3ea3c3193bcd7c891a4780af0173892afadd9c8d4b1744c19349bd6974b869bd,26/06/2023 02:01:03,ESCANER
7304,"Escuintla",5,"Escuintla",1,814,400,10,2,15,41,6,1,4,0,9,6,39,4,5,47,5,0,1,3,11,0,5,5,219,8,0,227,0,227,--,399,172,219,227,227,Algún campo sin dato,1,c2e0e32d02da260c3e70afd4308b4a86399f2b81cf6fcbe7285a8edc77ac3e72,26/06/2023 00:23:39,ESCANER
7305,"Escuintla",5,"Escuintla",1,814,400,8,8,14,53,3,2,0,1,14,3,34,3,2,45,3,0,1,3,3,1,6,2,209,25,4,238,0,238,--,400,162,209,238,238,Algún campo sin dato,1,65aaba5f698b51d397d07df7f4bdb0cef5f447b02e3e0cc6207efeca74de3da8,26/06/2023 00:34:35,ESCANER
7306,"Escuintla",5,"Escuintla",1,814,400,8,5,19,37,5,2,0,0,12,1,26,0,5,51,6,1,0,4,5,2,14,3,206,9,1,216,0,216,0,400,184,206,216,216,,1,7e540b89fe8aed6b9b079fc5765bd4a428c918c42f438fa2c4e1e19f184a97e0,26/06/2023 02:41:31,ESCANER
7307,"Escuintla",5,"Escuintla",1,814,400,--,--,--,--,--,--,--,--,--,--,--,--,--,--,--,--,--,--,--,--,--,--,--,--,--,--,--,--,--,--,--,,,,Acta ilegible,0,2db3a8559686ec8905f04444ba14df2a8beec618651df07b16711d01b958b539,26/06/2023 03:45:30,ESCANER
7308,"Escuintla",5,"Escuintla",1,814,400,8,4,18,31,4,1,1,0,13,0,39,3,3,51,2,0,0,1,5,1,10,1,196,11,0,207,0,207,0,400,193,196,207,207,,1,615f992a494591f8cc28c4c21b37781413be02faaf38df9c46cfcd55744e8363,26/06/2023 00:59:40,ESCANER
7309,"Escuintla",5,"Escuintla",1,814,400,4,4,9,34,2,3,0,1,16,0,31,4,2,66,2,2,3,8,4,0,21,1,217,6,0,223,0,223,0,397,174,217,223,223,,1,e4e75a4f9499f361d2728a40422f7ad49e5514bd850665fea720125add354647,26/06/2023 02:56:33,ESCANER
7310,"Escuintla",5,"Escuintla",1,814,400,--,--,--,--,--,--,--,--,--,--,--,--,--,--,--,--,--,--,--,--,--,--,--,--,--,--,--,--,--,--,--,,,,Acta ilegible,0,09e86a700b903322ad29723f8de7a3fbb2a98144b0ab1d15783b02ca1761c54b,26/06/2023 01:58:28,ESCANER
7311,"Escuintla",5,"Escuintla",1,814,400,6,4,11,27,4,4,0,1,10,3,20,5,3,39,3,1,1,4,3,0,16,4,169,19,0,188,0,188,--,--,--,169,188,188,Algún campo sin dato,1,5917296e210d97369b1417e7bfc0a943edf4a49d6dbf534db72e7da5b495d611,25/06/2023 23:22:58,ESCANER
7312,"Escuintla",5,"Escuintla",1,814,400,4,4,14,24,4,1,1,2,14,2,42,1,3,38,4,0,1,9,6,0,11,3,188,8,1,197,0,197,0,400,203,188,197,197,,1,8b68c7e029f30a9af0b9820a021e4946f0a4af09d3fda028b6e346914540fbb4,26/06/2023 00:30:15,ESCANER
7313,"Escuintla",5,"Escuintla",1,814,380,5,3,7,30,2,1,3,0,11,2,30,3,4,37,4,3,0,2,8,0,8,6,169,19,2,190,0,190,--,377,187,169,190,190,Algún campo sin dato,1,467fc24af5dba39ec31248fa59f6a17647697c5e4e53066ed1654ad7f3b6e6be,26/06/2023 05:20:45,ESCANER
7314,"Escuintla",5,"Escuintla",1,814,379,8,1,11,28,1,1,0,0,3,0,19,3,2,21,2,1,0,1,2,0,0,1,108,7,5,120,0,120,0,376,256,105,117,117,Sumas Asentadas sin cuadrar,1,fc288eb7dca264b76f6059b1ff5c38c0f11ed2289fa3e819351f14cd81227bf1,26/06/2023 03:05:17,ESCANER
7315,"Escuintla",5,"Escuintla",1,815,380,7,2,5,46,5,0,1,1,6,0,19,0,0,20,2,0,6,12,9,0,3,6,150,31,12,193,0,193,--,380,127,150,193,193,Algún campo sin dato,1,e5dfde6efc97ecb04639ee683c87d7210ed9a49708c29f1343c98a52df509159,26/06/2023 00:20:17,ESCANER
7316,"Escuintla",5,"Escuintla",1,815,380,6,4,9,38,2,0,1,2,16,0,22,0,0,27,1,0,3,12,9,0,1,3,156,29,0,185,0,185,0,378,192,156,185,185,,1,5bd0d7befbf05cafa20320ac59a267baa55d87d7cc0da3613b7b0ec4a0265e47,26/06/2023 00:30:27,ESCANER
7317,"Escuintla",5,"Escuintla",1,815,380,5,1,11,44,7,0,1,2,16,2,26,0,2,25,3,0,4,9,7,0,5,3,173,43,3,219,0,219,--,381,162,173,219,219,Algún campo sin dato,1,dbbd02d5ff1fc22e13784a8329267b83aded3fd0fcf5f9b1ce786b341f0e1746,25/06/2023 23:43:19,ESCANER
7318,"Escuintla",5,"Escuintla",1,815,380,8,4,9,44,4,2,0,1,13,1,26,0,0,20,0,0,4,5,7,0,0,5,153,33,7,193,0,193,0,376,183,153,193,193,,1,1505e0c123a77e7fb64e42a2a3d082588784885c0d49d42fbd54962adc360581,26/06/2023 01:06:35,ESCANER
7319,"Escuintla",5,"Escuintla",1,816,380,2,6,8,49,5,0,0,0,6,1,9,2,1,15,1,0,2,5,5,0,4,3,124,57,7,188,1,189,0,380,185,124,188,189,,1,6fef56680b861bbadfb5dbc2ef57d15fc3d5302a341aee6184152d7a1d9fa621,26/06/2023 02:53:51,ESCANER
7320,"Escuintla",5,"Escuintla",1,816,193,2,1,12,18,4,1,2,1,5,0,10,4,1,6,0,0,3,4,4,0,4,0,49,20,3,72,0,72,--,193,91,82,105,105,Sumas Asentadas sin cuadrar,1,a955e50540af52fa4ded4eee959793432035fc681806cfc7764e8799b64a8ddc,26/06/2023 00:17:28,ESCANER
7321,"Escuintla",5,"Escuintla",1,816,192,3,0,7,17,2,0,0,1,4,0,8,0,1,10,0,0,0,5,0,0,2,2,62,19,1,82,0,82,--,192,110,62,82,82,Algún campo sin dato,1,a54c9b5f7f02164972d2bb8b4b5ed842611089319d9c5ebab90a1592c90eb292,25/06/2023 22:00:21,ESCANER
7322,"Escuintla",5,"Escuintla",1,817,380,11,5,28,33,2,0,0,0,5,0,79,0,5,29,1,0,1,3,3,0,0,0,205,33,15,253,0,253,--,380,127,205,253,253,Algún campo sin dato,1,7b530dca816205c4b2e3b3a15db92cb588de7fe1fe2f5a153bcea07e4d0a717d,26/06/2023 02:46:43,ESCANER
7323,"Escuintla",5,"Escuintla",1,817,380,10,6,27,41,3,0,0,0,6,0,72,0,1,35,3,0,1,1,4,0,1,1,212,36,7,255,0,255,0,380,125,212,255,255,,1,0bf5a4bb46a7a49ba66f83a34b652257161c062d0698bc5f8757e4b9651ac80d,26/06/2023 01:43:38,ESCANER
7324,"Escuintla",5,"Escuintla",1,817,360,12,3,24,36,2,0,0,0,6,0,71,0,1,40,0,0,1,2,1,0,0,0,199,28,10,237,0,237,0,260,120,199,237,237,,1,1cca468a59716733d54681fb54ce8b57222a64f856e10726e46ec7aca48cb2ed,25/06/2023 22:38:49,ESCANER
7325,"Escuintla",5,"Escuintla",1,817,360,11,1,18,25,3,0,0,0,8,0,65,0,2,43,2,0,0,1,1,0,3,0,183,19,5,207,0,207,0,360,153,183,207,207,,1,e91a19fc866a272eb840fd7600e39e661d3115f331e6ded8c8a134a7bb9a0dee,25/06/2023 22:26:06,ESCANER
7326,"Escuintla",5,"Escuintla",1,818,380,14,1,21,23,1,0,0,0,4,1,38,1,4,59,2,1,2,9,4,0,0,0,164,27,6,218,0,218,0,380,162,185,218,218,Sumas Asentadas sin cuadrar,1,70f0cb0638e1b080f2af547554c0a58450046b9352dd7d2bc89a7ecb682a365f,26/06/2023 02:02:11,ESCANER
7327,"Escuintla",5,"Escuintla",1,818,380,10,2,33,26,2,1,0,0,1,0,64,0,2,54,1,1,1,10,5,0,0,0,213,26,8,0,0,247,--,--,--,213,247,247,Algún campo sin dato,1,7a17695b0c3b58473921d9e98859992f7a8a86a4e0323b986ff02b8bfdf84e2a,26/06/2023 01:42:15,ESCANER
7328,"Escuintla",5,"Escuintla",1,818,380,9,3,30,23,1,1,1,1,5,1,46,0,2,53,0,0,3,13,5,0,2,2,201,20,12,233,0,233,--,380,147,201,233,233,Algún campo sin dato,1,1aa8923fa4c7d6fe3240c1e6eaea1e877d76e39b9d60568c0ee5e9f3a92dc0b3,26/06/2023 01:12:07,ESCANER
7329,"Escuintla",5,"Escuintla",1,818,380,14,2,37,21,2,1,0,0,3,1,58,1,0,56,0,0,0,8,7,0,4,1,216,29,13,258,0,258,--,380,122,216,258,258,Algún campo sin dato,1,e457d49cb453c6ebb2f8fa94fdbf1f98d498e72844be1be584200ffdda4c6bef,26/06/2023 02:09:17,ESCANER
7330,"Escuintla",5,"Escuintla",1,818,380,10,0,27,21,2,0,1,0,2,1,44,0,4,65,1,1,0,7,1,1,2,1,191,13,9,213,0,213,--,380,167,191,213,213,Algún campo sin dato,1,6a1fc0525216300172da5a4078e64c492da5500d8ee8359177aacd435fb9ea6c,26/06/2023 00:41:49,ESCANER
7331,"Escuintla",5,"Escuintla",1,818,380,13,2,26,20,4,0,0,1,3,1,50,0,1,58,1,0,0,9,5,0,3,0,197,19,4,220,0,220,--,379,159,197,220,220,Algún campo sin dato,1,d33adffa28413b4393de10ce7df65f5e7ad1394eca300c421b82a4c4fba83081,26/06/2023 01:53:12,ESCANER
7332,"Escuintla",5,"Escuintla",1,818,191,3,0,12,6,0,0,0,0,2,0,19,0,1,32,0,0,0,4,5,0,1,1,86,2,1,89,0,89,--,191,102,86,89,89,Algún campo sin dato,1,af25754c309487f9310bcdbe8f410ab465ced949927c742b9119c83557b6679c,25/06/2023 22:11:48,ESCANER
7333,"Escuintla",5,"Escuintla",1,818,190,2,2,7,7,0,0,0,0,1,0,15,0,2,29,1,0,1,7,1,0,0,0,75,9,3,87,0,87,--,190,103,75,87,87,Algún campo sin dato,1,d15a1fd956b7d728ccf40de91f742c45787d7a74d47470e00e1a4005fc4f7ccb,25/06/2023 22:16:58,ESCANER
7334,"Escuintla",5,"Escuintla",1,819,380,14,2,4,70,4,1,1,5,7,0,35,0,10,30,1,5,0,1,9,1,1,0,201,24,4,229,0,229,--,380,151,201,229,229,Algún campo sin dato,1,808436603fb5cdbbd8803c499779b9a2fd6ed158044895ef873513f337dee777,26/06/2023 00:40:46,ESCANER
7335,"Escuintla",5,"Escuintla",1,819,380,9,2,5,75,0,0,1,2,8,--,28,0,8,25,0,1,0,3,7,0,3,0,177,23,4,204,0,204,--,380,176,177,204,204,Algún campo sin dato,1,1b2039df6995c696d09cc4a6c09358c69da3bfbcef0b02f220944c53bfd8188a,26/06/2023 01:30:46,ESCANER
7336,"Escuintla",5,"Escuintla",1,819,380,10,1,7,93,4,1,0,1,9,0,28,0,11,26,2,3,3,2,8,0,0,0,209,20,3,232,0,232,--,380,148,209,232,232,Algún campo sin dato,1,d12dec9fa7199abebabcffac22b5ce9637c410866da1bad039b8f3b8aba5db9c,25/06/2023 23:24:35,ESCANER
7337,"Escuintla",5,"Escuintla",1,819,380,9,0,3,74,6,2,0,0,6,1,21,1,4,26,0,2,1,2,8,0,2,1,169,16,3,188,0,188,--,380,192,169,188,188,Algún campo sin dato,1,9f0199d366a0c65dbbeba17f2188c7639f674257bb6f00acd438a86998619f59,26/06/2023 00:29:41,ESCANER
7338,"Escuintla",5,"Escuintla",1,819,380,14,0,3,59,2,1,0,1,8,1,24,0,3,32,1,3,0,0,6,1,0,1,160,18,5,183,--,--,--,380,197,160,183,183,Algún campo sin dato,1,79a8de30a8e17db1f302963ad2a4097684fe2e0ac3f0d7d4a7ce36da823bc291,25/06/2023 23:05:42,ESCANER
7339,"Escuintla",5,"Escuintla",1,819,361,9,1,3,66,3,1,0,0,8,2,38,1,3,30,4,1,2,0,3,0,3,2,180,13,4,197,0,197,--,361,164,180,197,197,Algún campo sin dato,1,c2f5317a0ca0c3524af1faa09214a2e9d24c906d897d6204b58a18055b5cc410,25/06/2023 21:38:33,ESCANER
7340,"Escuintla",5,"Escuintla",1,819,361,5,3,11,67,2,2,0,1,4,1,20,1,2,24,0,5,0,2,4,0,1,1,156,10,0,166,0,166,--,361,195,156,166,166,Algún campo sin dato,1,cf0fc97633d33ef9f793e0385f5abe6cdc8e862539181b6ecfcb2a3442f2a045,26/06/2023 01:03:19,ESCANER
7341,"Escuintla",5,"Escuintla",1,820,380,13,2,25,62,1,1,2,1,3,2,40,1,4,7,0,1,1,2,24,1,1,4,198,35,6,239,0,239,--,380,141,198,239,239,Algún campo sin dato,1,849b891a7d2f85e040eaa5bdf11fae7425b573bafa320dae76ca57dc55adaac4,25/06/2023 23:37:18,ESCANER
7342,"Escuintla",5,"Escuintla",1,820,380,12,2,17,52,1,--,--,--,3,1,37,--,3,12,3,2,6,3,27,--,2,5,188,31,7,226,--,226,--,280,154,188,226,226,Algún campo sin dato,1,fb10f355052ed3a962e3663184990f7b88a3d55f497d5441d7fb86fb29c2a95d,26/06/2023 00:24:11,ESCANER
7343,"Escuintla",5,"Escuintla",1,820,380,14,0,18,48,0,0,0,2,4,0,38,0,3,13,2,0,0,1,16,2,2,4,169,29,7,205,0,205,0,380,175,167,203,203,Sumas Asentadas sin cuadrar,1,ce0e92ccacaa7fc201d534678ff835720dbbab76d7fc8dd914b5f0880bf27f4f,25/06/2023 22:59:37,ESCANER
7344,"Escuintla",5,"Escuintla",1,820,347,12,0,15,51,1,1,0,0,3,0,33,0,4,4,2,1,2,1,13,0,2,5,143,27,15,185,42,--,--,344,159,150,192,234,Sumas Asentadas sin cuadrar,1,8d17bc4e644a41f04efe4e37c465eb8b3e032e7d0e2efb0e3e0e1c75807b151e,25/06/2023 23:29:48,ESCANER
7345,"Escuintla",5,"Escuintla",1,820,347,15,0,18,42,0,0,0,1,2,1,35,0,4,16,0,1,1,2,19,0,3,6,180,12,4,196,0,196,--,--,--,166,182,182,Sumas Asentadas sin cuadrar,1,0e91448f37aa7e3a8f205e09299762b967ea5ecd797651b0aca66abed7fa8f18,25/06/2023 22:46:07,ESCANER
7346,"Escuintla",5,"Escuintla",1,821,600,10,3,19,33,4,0,0,0,15,2,26,4,3,46,3,2,3,6,8,2,6,7,202,18,2,222,0,222,--,600,378,202,222,222,Algún campo sin dato,1,0f5e062647d1adbdf1b88639c55215e95a4aa9cf4484632751d14821626e6549,25/06/2023 23:32:42,ESCANER
7347,"Escuintla",5,"Escuintla",1,821,600,11,1,12,49,4,1,1,0,13,3,18,2,4,51,8,2,2,3,15,0,5,8,213,25,4,242,0,242,--,--,--,213,242,242,Algún campo sin dato,1,5abbf2e01c53fc651f49532581407434be51c3d69edbfc5b2dcd61be6cfa5298,26/06/2023 00:37:06,ESCANER
7348,"Escuintla",5,"Escuintla",1,821,600,10,3,13,36,5,4,2,1,15,2,31,2,5,47,2,3,5,4,11,0,8,5,215,36,5,256,344,600,0,600,344,214,255,599,Sumas Asentadas sin cuadrar,1,6056c1b8a49ece8dab95f58ae8e9cef4361d4d6922f8744b3f5bd008e8047b47,26/06/2023 02:32:36,ESCANER
7349,"Escuintla",5,"Escuintla",1,821,600,11,2,14,40,5,3,0,1,18,5,21,5,5,64,3,4,1,2,7,0,7,8,226,23,6,255,0,255,0,594,339,226,255,255,,1,1b947be4d049ed1d3a15c0eafa63a4a2c075bf1703d3543141fc163eacfd7a13,26/06/2023 01:48:16,ESCANER
7350,"Escuintla",5,"Escuintla",1,821,600,11,1,11,39,8,2,1,0,9,3,28,3,8,54,5,2,4,5,11,2,4,4,215,25,0,240,0,240,--,599,359,215,240,240,Algún campo sin dato,1,b6fb2afba3d1b4c374de1b552a9ed8104ff4097efc8f6ea1053176e74917f461,26/06/2023 01:57:24,ESCANER
7351,"Escuintla",5,"Escuintla",1,821,600,10,4,14,47,5,4,1,2,14,1,32,5,5,63,3,1,3,2,11,2,10,8,247,27,4,278,0,278,0,600,322,247,278,278,,1,25a8e51ebf384835f2cb50346d98387be4eeaa5d8d35d452509e22cdffa872ba,26/06/2023 02:11:38,ESCANER
7352,"Escuintla",5,"Escuintla",1,821,600,9,0,6,36,3,2,1,0,15,1,37,3,5,53,9,0,6,4,9,0,7,4,210,22,4,236,0,236,0,600,364,210,236,236,,1,d7bbd0870d920a953326a0b1ee037168a29c0a5d583884a72ae694f809592417,26/06/2023 02:41:54,ESCANER
7353,"Escuintla",5,"Escuintla",1,821,600,3,7,9,40,4,2,0,1,9,1,33,0,1,74,6,0,3,1,10,2,10,5,221,19,2,242,0,242,--,599,357,221,242,242,Algún campo sin dato,1,64f79300663ce6f6061d48f51865633c8897437ca90381b5bacc114d72afa4d6,26/06/2023 00:08:19,ESCANER
7354,"Escuintla",5,"Escuintla",1,821,600,13,3,13,39,6,0,1,2,13,3,36,6,3,61,11,0,4,1,6,2,8,11,242,32,1,275,0,275,--,600,325,242,275,275,Algún campo sin dato,1,568fed72006bdd94dad22f6903f284257e34e011ef4c826fef58b14153992777,26/06/2023 00:57:44,ESCANER
7355,"Escuintla",5,"Escuintla",1,821,600,6,5,13,47,2,1,3,0,17,4,26,11,2,65,6,3,3,2,14,2,7,9,248,18,1,267,0,267,--,603,336,248,267,267,Algún campo sin dato,1,535e5acbb4ad4b297f471ec5b4ec0af4c02d2f016aede5e715774f0b15cb0b0e,26/06/2023 03:01:19,ESCANER
7356,"Escuintla",5,"Escuintla",1,821,600,8,2,13,51,2,0,1,4,15,0,27,5,1,60,3,2,3,2,12,2,9,5,227,23,2,252,0,252,--,600,348,227,252,252,Algún campo sin dato,1,70ca2ca7e7f38863e99b0b4f9d6e5851deaa29ed7a59cb14dcd16b9d47701015,26/06/2023 01:35:40,ESCANER
7357,"Escuintla",5,"Escuintla",1,821,600,11,1,11,42,0,0,2,1,20,4,33,4,2,63,7,1,2,3,10,0,6,7,230,18,6,254,0,254,--,597,343,230,254,254,Algún campo sin dato,1,97cb03a1e95a9835a6140a3eb600f5f9ba08fbc2f32f9474a72b170eda18940d,26/06/2023 01:17:29,ESCANER
7358,"Escuintla",5,"Escuintla",1,821,600,8,1,14,43,2,2,0,0,10,1,28,4,1,47,9,3,1,2,10,1,6,8,201,23,1,225,0,225,0,600,375,201,225,225,,1,266a85a0fbbe3175f20961b10d08b974479173a840f4e763e11c8d5314e678dc,26/06/2023 02:44:22,ESCANER
7359,"Escuintla",5,"Escuintla",1,822,600,7,2,12,29,5,0,1,1,13,0,24,4,4,54,2,2,7,3,10,4,4,4,192,15,0,207,0,207,0,600,393,192,207,207,,1,2107bb3f909497dfd43bd1ea78dd98383596c328f4b95f6b6a3f1be23dd9d497,25/06/2023 23:37:57,ESCANER
7360,"Escuintla",5,"Escuintla",1,822,600,2,3,7,36,2,0,1,1,9,2,21,2,2,33,4,1,1,1,3,0,2,7,140,26,2,168,0,168,--,643,475,140,168,168,Algún campo sin dato,1,416a680b050b0c2c5011d8a827ff441066830dbbc9d20eaac81843ef43063861,26/06/2023 02:10:26,ESCANER
7361,"Escuintla",5,"Escuintla",1,822,600,7,2,8,39,2,2,1,1,8,2,26,3,2,47,2,0,1,2,7,0,4,3,169,20,0,189,0,189,0,600,411,169,189,189,,1,faee3859b56d41fb257ff261cb6deb0d4c56c7cb9a2c67606037571684b9894a,26/06/2023 00:51:14,ESCANER
7362,"Escuintla",5,"Escuintla",1,822,600,13,2,17,33,2,0,0,2,10,0,21,3,1,35,5,1,3,1,10,0,1,4,154,24,0,178,0,178,0,601,423,164,188,188,Sumas Asentadas sin cuadrar,1,1805290d53f01f9db26334c7f2192a5c4c8c0dd498dae3574bf426316d9659a4,26/06/2023 02:36:53,ESCANER
7363,"Escuintla",5,"Escuintla",1,822,600,2,2,6,22,4,1,0,1,4,0,15,1,1,30,0,1,1,1,6,0,0,1,99,10,1,110,0,110,0,600,490,99,110,110,,1,60d54b56c0f3298679b0f380388f6d0c10f88ee2dad7b1bebcf525d683e84f9e,25/06/2023 23:39:38,ESCANER
7364,"Escuintla",5,"Escuintla",1,822,600,2,0,5,11,0,0,0,0,0,2,13,1,0,8,1,1,0,1,0,1,2,1,49,3,3,55,540,595,0,595,540,49,55,595,,1,865d404629afff4fd7ae379f71c39b2ab00083bfff002fb7685a8c7d3b744828,25/06/2023 21:52:26,ESCANER
7365,"Escuintla",5,"Escuintla",1,822,346,3,0,0,2,0,0,0,0,1,1,1,0,0,3,1,0,1,0,1,0,0,0,14,2,0,16,0,16,0,346,330,14,16,16,,1,9967a853fac928c9c167af2359ed820f2300b17ddeaa842454468a9d1ef4d63a,25/06/2023 21:13:02,ESCANER
7366,"Escuintla",5,"Escuintla",1,822,345,0,0,1,5,2,0,0,0,1,1,3,0,0,7,1,0,1,1,1,0,0,0,24,1,317,342,0,342,--,342,317,24,342,342,Algún campo sin dato,1,fd0b0875df92c494bfe5cf17dd60ce831963b71dacccbdfd568188e9634b4679,25/06/2023 22:00:55,ESCANER