﻿TIPO_DE_ELECCIÓN:,CORPORACIÓN MUNICIPAL
28 junio 2023 21:35 (UTC -6)
ACTAS_ESPERADAS,ACTAS_CAPTURADAS,PORCENTAJE_ACTAS_CAPTURADAS,ACTAS_CONTABILIZADAS,PORCENTAJE_ACTAS_CONTABILIZADAS,ACTAS_NO_CONTABILIZADAS,LISTA_NOMINAL_ACTAS_CONTABILIZADAS,VOTOS_EMITIDOS_CONTABILIZADAS,PORCENTAJE_PARTICIPACIÓN_CIUDADANA
48,48,100.0000,48,100.0000,0,17478,7658,43.8150

MESA,DEPARTAMENTO,ID_DEPARTAMENTO,MUNICIPIO,ID_MUNICIPIO,CENTRO_DE_VOTACIÓN,PADRÓN,AZUL,CABAL,MLP,VAMOS,PPN,VIVA,TODOS,U R N G - MAIZ,VOS,VALOR UNIONISTA,VÁLIDOS,NULOS,BLANCO,EMITIDOS,INVÁLIDOS,TOTAL,IMPUGNACIONES,PAPELETAS-RECIBIDAS,PAPELETAS-NO-USADAS,VALIDOS_CALCULADO,EMITIDOS_CALCULADO,TOTAL_CALCULADO,OBSERVACIONES,CONTABILIZADA,CÓDIGO_INTEGRIDAD,FECHA_HORA_PUBLICACIÓN,DIGITALIZACIÓN
10786,"Quetzaltenango",9,"San Carlos Sija",4,1432,400,26,52,0,12,38,7,10,6,3,54,208,14,8,230,0,230,--,400,170,208,230,230,Algún campo sin dato,1,c554c0560fba911cdfa1a8dbcc73ac82687c9b5ff5aaee3a9481bda80054f051,26/06/2023 01:07:27,ESCANER
10787,"Quetzaltenango",9,"San Carlos Sija",4,1432,400,27,39,0,20,40,15,7,9,2,50,209,12,3,224,0,224,--,400,176,209,224,224,Algún campo sin dato,1,cd828527d573aa4847d5a27237d5dd7fed1e413023fd2e0194b7fcb288a9ab03,25/06/2023 23:58:44,ESCANER
10788,"Quetzaltenango",9,"San Carlos Sija",4,1432,400,19,43,1,23,27,7,5,8,1,71,205,16,6,227,0,227,--,400,173,205,227,227,Algún campo sin dato,1,8371cdd1a34922722be882f107bf9e9c0de8d7e175e9a7402c39b8933a675409,26/06/2023 00:18:40,ESCANER
10789,"Quetzaltenango",9,"San Carlos Sija",4,1432,400,25,45,1,29,30,11,1,14,2,57,215,14,3,0,0,232,--,--,--,215,232,232,Algún campo sin dato,1,aa23646c53b322795af588a129b116d5ba8c969cdcbee32e616ed1967e1ff7da,26/06/2023 00:21:34,ESCANER
10790,"Quetzaltenango",9,"San Carlos Sija",4,1432,400,24,44,0,25,27,12,8,9,2,51,202,6,4,212,0,212,--,400,188,202,212,212,Algún campo sin dato,1,acd9d1598b18261acf32a738e851c41353abec9ac694868c8cc616201ea93295,26/06/2023 01:17:28,ESCANER
10791,"Quetzaltenango",9,"San Carlos Sija",4,1432,400,23,43,0,23,37,4,5,11,2,44,192,6,3,201,0,201,--,400,199,192,201,201,Algún campo sin dato,1,a4ee19f3bb0381d81e8160f80dba037068c92327be0ca03b01877b1039bc4802,26/06/2023 01:24:34,ESCANER
10792,"Quetzaltenango",9,"San Carlos Sija",4,1432,400,15,46,1,16,50,7,6,4,3,52,200,7,6,213,0,213,--,400,187,200,213,213,Algún campo sin dato,1,33dfaa041e9022a92d748b9f884112606796f9cf380bef7e2035e30ff1faa887,26/06/2023 00:24:14,ESCANER
10793,"Quetzaltenango",9,"San Carlos Sija",4,1432,400,30,31,1,29,44,7,12,17,3,59,233,10,2,245,0,245,--,--,--,233,245,245,Algún campo sin dato,1,5f4c5c68ab114785198a4e334ac34c81cfcd9b0aeee8af9a9871473a090a1baf,26/06/2023 00:31:32,ESCANER
10794,"Quetzaltenango",9,"San Carlos Sija",4,1433,400,24,44,1,29,37,2,3,10,5,42,197,7,7,211,0,211,--,400,189,197,211,211,Algún campo sin dato,1,cda54485927910def1547aa10e4069828ae79371a72e0c1efe633477aa19ee89,25/06/2023 23:57:45,ESCANER
10795,"Quetzaltenango",9,"San Carlos Sija",4,1433,400,29,36,0,29,29,9,2,11,0,46,191,7,1,199,0,199,--,400,201,191,199,199,Algún campo sin dato,1,e94db83c73bb4cf5f3eebd4df8bc8507045405cf8bda6cfb380ad83401b849f0,25/06/2023 22:38:01,ESCANER
10796,"Quetzaltenango",9,"San Carlos Sija",4,1433,310,12,36,0,14,23,5,4,16,2,57,169,2,1,172,0,172,--,310,138,169,172,172,Algún campo sin dato,1,0d945322eb5a31851706c8f00ab0d9f07c3697e51e2680ec7091b745a7573fa2,26/06/2023 01:01:36,ESCANER
10797,"Quetzaltenango",9,"San Carlos Sija",4,1433,309,13,27,1,12,19,1,3,6,2,28,112,2,1,115,0,115,--,309,194,112,115,115,Algún campo sin dato,1,f021cc330d046a6be06d4fa8117e5e1b0e1d4b1ef5d1cbf400f3946b13a30a4a,25/06/2023 23:54:00,ESCANER
10798,"Quetzaltenango",9,"San Carlos Sija",4,1434,380,9,40,0,40,16,3,45,8,0,25,186,11,10,207,0,207,--,380,173,186,207,207,Algún campo sin dato,1,777b90ebb4d2c7f8fe49296a8417a8488592e86dba0b3d33721a1972e89f1040,26/06/2023 01:44:55,ESCANER
10799,"Quetzaltenango",9,"San Carlos Sija",4,1434,380,10,46,1,20,12,1,22,4,3,50,169,12,24,205,0,205,--,380,175,169,205,205,Algún campo sin dato,1,947662b4e5b0351cdb72ac4a629af4e092d804c631b0ada1895b938c0467f0f7,26/06/2023 01:49:26,ESCANER
10800,"Quetzaltenango",9,"San Carlos Sija",4,1434,380,4,36,0,16,30,1,39,5,2,32,165,14,6,185,0,185,--,380,195,165,185,185,Algún campo sin dato,1,5d65d7e6f44df873f7de53e28ff30c2332c69435fd22765617df1fe9ddb08ec8,26/06/2023 01:58:39,ESCANER
10801,"Quetzaltenango",9,"San Carlos Sija",4,1434,380,14,36,0,22,11,1,35,4,0,25,148,12,7,167,0,167,--,380,213,148,167,167,Algún campo sin dato,1,f9b9bf3f509794490199a08b4b8ba48fb1ad79fc3745d2527792ae9e45e13ed3,26/06/2023 02:30:36,ESCANER
10802,"Quetzaltenango",9,"San Carlos Sija",4,1434,194,7,14,0,19,6,0,20,1,1,13,81,4,4,89,0,89,--,194,105,81,89,89,Algún campo sin dato,1,b9b0d969a13c22e766a892a14ecf5d13f1c012a00d84a4b3ac2b7649b800770c,26/06/2023 04:38:15,ESCANER
10803,"Quetzaltenango",9,"San Carlos Sija",4,1434,193,3,16,0,8,9,0,13,1,0,8,58,2,1,61,0,61,--,193,132,58,61,61,Algún campo sin dato,1,aebc1e397a005009e03a10458e64eb5c1efd3a8bc1e59ee30bacd77ddc571874,26/06/2023 02:29:11,ESCANER
10804,"Quetzaltenango",9,"San Carlos Sija",4,1435,380,3,21,0,39,8,1,15,3,0,41,131,13,2,146,0,146,--,380,234,131,146,146,Algún campo sin dato,1,fad9d1f3d7228c68113df2c2ad69ad726ead7ad191b89a008076ae290b5674ef,25/06/2023 22:55:54,ESCANER
10805,"Quetzaltenango",9,"San Carlos Sija",4,1435,380,4,21,1,67,18,0,16,5,2,32,166,8,9,183,2,185,--,380,195,166,183,185,Algún campo sin dato,1,d1f604def4baa9a3c6a6fe83ad164b8c33e31faea1b47f31d2fae0ab556d1296,25/06/2023 23:41:15,ESCANER
10806,"Quetzaltenango",9,"San Carlos Sija",4,1435,380,2,12,0,60,7,0,16,3,2,40,142,8,9,159,0,159,--,380,221,142,159,159,Algún campo sin dato,1,2c1425b3ff25b04657de81622f2940e932ee62a747b90170a5e8cbd09c262ce3,25/06/2023 22:09:53,ESCANER
10807,"Quetzaltenango",9,"San Carlos Sija",4,1435,380,7,19,0,39,8,3,14,7,1,48,146,6,3,155,0,155,--,380,225,146,155,155,Algún campo sin dato,1,013b8ed028cc688ff3c6352a5c61993fe738ff4762550b8d6b7bb1c3e78724d3,25/06/2023 22:43:18,ESCANER
10808,"Quetzaltenango",9,"San Carlos Sija",4,1435,380,2,16,0,50,6,7,14,2,3,36,136,6,12,154,0,154,--,380,226,136,154,154,Algún campo sin dato,1,8ac66a2dd5ccc166e4e00ede07efb8fc725b1519f8add64349549510ced36f12,25/06/2023 22:50:56,ESCANER
10809,"Quetzaltenango",9,"San Carlos Sija",4,1435,315,8,13,0,31,11,1,10,3,0,23,100,4,1,105,0,105,--,315,210,100,105,105,Algún campo sin dato,1,62b295b6b59f8dd4c2033a6a7b8d6fa19a9845240d7c79c488a16a50c1c3f7f8,25/06/2023 22:14:06,ESCANER
10810,"Quetzaltenango",9,"San Carlos Sija",4,1435,315,3,10,0,21,5,1,6,0,0,36,82,2,0,84,2,86,--,315,229,82,84,86,Algún campo sin dato,1,0d88ad6973cec88b00e2cc7e43bcc1d7a75a38e3151291acd14d8f7c3f004b9c,25/06/2023 23:21:54,ESCANER
10811,"Quetzaltenango",9,"San Carlos Sija",4,1436,380,8,33,2,27,22,2,2,20,1,43,160,18,6,184,0,184,--,380,196,160,184,184,Algún campo sin dato,1,f7cb21fd5a786f91890b833eccdcbd3c0a08314b41c9ec3a94711d5dea39043a,26/06/2023 01:25:49,ESCANER
10812,"Quetzaltenango",9,"San Carlos Sija",4,1436,380,9,55,2,24,13,1,1,20,1,38,164,7,7,178,0,178,--,376,198,164,178,178,Algún campo sin dato,1,8d4751e7f39f6b817caee7c02a58148ee578f6ac18cbb98606efe5c5cb3c15f3,26/06/2023 02:04:21,ESCANER
10813,"Quetzaltenango",9,"San Carlos Sija",4,1436,380,10,36,0,21,22,3,1,21,1,36,151,10,5,166,0,166,--,376,210,151,166,166,Algún campo sin dato,1,55e89179294003b20aaf40289f5ea8ebdf745ff8c405cc7e054138c78013645f,26/06/2023 02:35:42,ESCANER
10814,"Quetzaltenango",9,"San Carlos Sija",4,1436,380,10,33,1,22,18,4,0,25,0,41,154,5,1,160,0,160,--,379,219,154,160,160,Algún campo sin dato,1,4e62425701355ce3d3c0bce074a3f703b87b42dd6c6199c621e04796ac2bf92c,26/06/2023 01:34:03,ESCANER
10815,"Quetzaltenango",9,"San Carlos Sija",4,1436,294,6,16,0,19,11,1,3,17,2,22,97,4,5,106,0,106,--,294,188,97,106,106,Algún campo sin dato,1,2344e8d87f163155255653f0509ccc4545db42ca9d2cbc71cf008b5f46078136,26/06/2023 01:52:05,ESCANER
10816,"Quetzaltenango",9,"San Carlos Sija",4,1436,293,8,23,0,16,12,3,1,16,0,17,96,3,0,99,0,99,--,293,194,96,99,99,Algún campo sin dato,1,7eb4c6e15bbd1b80d51eaa32ef765d151902c10bca85250d211304fd2839f078,26/06/2023 01:40:23,ESCANER
10817,"Quetzaltenango",9,"San Carlos Sija",4,1437,380,23,60,7,6,49,2,5,3,0,37,192,10,4,206,0,206,--,380,174,192,206,206,Algún campo sin dato,1,340b976483f9698dd6282333c5ac52636638dbfb83b91a3165cb53c1215744d4,26/06/2023 00:28:33,ESCANER
10818,"Quetzaltenango",9,"San Carlos Sija",4,1437,380,35,65,4,8,31,2,1,1,0,44,191,13,3,207,0,207,--,380,173,191,207,207,Algún campo sin dato,1,2952b68997e8fe602ae14fca55a520d5d39b9562c302a1032b95175bbb41c252,26/06/2023 00:33:15,ESCANER
10819,"Quetzaltenango",9,"San Carlos Sija",4,1437,380,28,60,10,8,34,0,7,2,0,35,184,9,5,198,0,198,--,380,182,184,198,198,Algún campo sin dato,1,db9abb24bbdada3eddf6ddd900f6c8b5e9efbbee3540bcc7ac0b3b449bacd680,26/06/2023 00:40:10,ESCANER
10820,"Quetzaltenango",9,"San Carlos Sija",4,1437,380,18,51,7,11,28,4,1,6,1,38,165,10,3,178,0,178,--,377,199,165,178,178,Algún campo sin dato,1,a6ae6a26adce347aab2fe53c25ee6be7c794bfd98eef9b0e0cd9324755103efb,26/06/2023 00:48:32,ESCANER
10821,"Quetzaltenango",9,"San Carlos Sija",4,1437,380,21,49,7,7,38,2,3,3,4,43,177,2,2,181,0,181,--,380,199,177,181,181,Algún campo sin dato,1,2b9a8375439c906d091847dd2bc8aa2fc105461639b28dec59f4175e08293267,26/06/2023 00:52:40,ESCANER
10822,"Quetzaltenango",9,"San Carlos Sija",4,1437,238,18,30,0,4,20,2,0,4,1,22,101,3,0,104,0,104,--,238,134,101,104,104,Algún campo sin dato,1,3dacaf487f5c01cabb5b9c1e256641327365477952c715381b64930eef9ac692,26/06/2023 01:01:22,ESCANER
10823,"Quetzaltenango",9,"San Carlos Sija",4,1437,238,14,20,1,3,16,1,0,6,0,18,79,2,0,81,0,81,--,238,157,79,81,81,Algún campo sin dato,1,f6c9f22e15e94492491b56225d93c008ffa395db5a553d79a11cff309f88f1eb,26/06/2023 01:05:46,ESCANER
10824,"Quetzaltenango",9,"San Carlos Sija",4,1438,380,10,18,5,63,27,8,5,1,0,45,182,18,8,208,0,208,--,380,172,182,208,208,Algún campo sin dato,1,8f30e82ebfbf40c39b814909f18b7d176c42173d3cbf8453276228fbb032f2e8,26/06/2023 02:58:16,ESCANER
10825,"Quetzaltenango",9,"San Carlos Sija",4,1438,380,17,23,9,57,39,2,3,8,0,38,196,5,6,207,0,207,--,380,173,196,207,207,Algún campo sin dato,1,ede1173b19268497f9152ab9d3401e542d4b9235724de42ebaf532db77dd7ad8,26/06/2023 01:46:49,ESCANER
10826,"Quetzaltenango",9,"San Carlos Sija",4,1438,380,11,38,7,57,27,4,3,5,0,34,186,10,3,199,0,199,--,380,181,186,199,199,Algún campo sin dato,1,a8cd2db38fa7485f59f82854d1b2b35bd78809f985152792003006a3ec07061e,26/06/2023 02:26:19,ESCANER
10827,"Quetzaltenango",9,"San Carlos Sija",4,1438,380,15,34,6,53,32,10,1,7,1,30,189,9,4,202,0,202,--,380,178,189,202,202,Algún campo sin dato,1,ed84591eed6c201da7600c0889345123e5654e1caa1b0a3e0e5ccf4c274b1172,26/06/2023 02:28:24,ESCANER
10828,"Quetzaltenango",9,"San Carlos Sija",4,1438,205,4,8,1,31,4,2,2,5,1,17,75,2,5,82,0,82,--,205,123,75,82,82,Algún campo sin dato,1,a5ceafa849cee0b86ef98c4a34994d246e20da5adb1864e8c47bead80e60ff36,26/06/2023 01:55:54,ESCANER
10829,"Quetzaltenango",9,"San Carlos Sija",4,1438,204,5,8,1,29,14,6,1,3,0,11,78,3,0,81,0,81,--,205,124,78,81,81,Algún campo sin dato,1,ab3f75b5673568190187eae57ad4de8e07ac3d4c475f61d53a95bf2cbff7b167,26/06/2023 02:02:24,ESCANER
10830,"Quetzaltenango",9,"San Carlos Sija",4,1439,600,10,15,0,18,16,4,3,7,2,16,91,8,5,104,0,104,--,600,496,91,104,104,Algún campo sin dato,1,2f276861703afeb2300a878132cb1fa975579f6fbe09d00244c9dda44c5ed18f,25/06/2023 23:48:53,ESCANER
10831,"Quetzaltenango",9,"San Carlos Sija",4,1439,600,11,15,2,9,20,6,2,9,0,12,86,6,3,95,0,95,--,600,505,86,95,95,Algún campo sin dato,1,7258a34a9cb975edfdcdb4191afe94cdf30416bbfceb15138d9766098e9d42e7,25/06/2023 22:19:31,ESCANER
10832,"Quetzaltenango",9,"San Carlos Sija",4,1439,405,1,9,0,10,7,3,0,0,0,4,34,1,0,35,0,35,--,405,370,34,35,35,Algún campo sin dato,1,66715f25569066e30d65766b8fb2c91c2be99f70402a8c36f21ff24321eac4a6,25/06/2023 22:24:29,ESCANER
10833,"Quetzaltenango",9,"San Carlos Sija",4,1439,405,4,5,0,1,1,1,0,1,0,2,15,--,1,16,--,16,0,405,389,15,16,16,Algún campo sin dato,1,83b3547331f20bb3e84383bff6b33f4a4f9cc99b4bf9cfe2465fea54755e773a,25/06/2023 22:34:37,ESCANER