﻿TIPO_DE_ELECCIÓN:,CORPORACIÓN MUNICIPAL
28 junio 2023 21:35 (UTC -6)
ACTAS_ESPERADAS,ACTAS_CAPTURADAS,PORCENTAJE_ACTAS_CAPTURADAS,ACTAS_CONTABILIZADAS,PORCENTAJE_ACTAS_CONTABILIZADAS,ACTAS_NO_CONTABILIZADAS,LISTA_NOMINAL_ACTAS_CONTABILIZADAS,VOTOS_EMITIDOS_CONTABILIZADAS,PORCENTAJE_PARTICIPACIÓN_CIUDADANA
58,58,100.0000,58,100.0000,0,21679,15988,73.7487

MESA,DEPARTAMENTO,ID_DEPARTAMENTO,MUNICIPIO,ID_MUNICIPIO,CENTRO_DE_VOTACIÓN,PADRÓN,CABAL,VAMOS,TODOS,UNE,VALOR UNIONISTA,VÁLIDOS,NULOS,BLANCO,EMITIDOS,INVÁLIDOS,TOTAL,IMPUGNACIONES,PAPELETAS-RECIBIDAS,PAPELETAS-NO-USADAS,VALIDOS_CALCULADO,EMITIDOS_CALCULADO,TOTAL_CALCULADO,OBSERVACIONES,CONTABILIZADA,CÓDIGO_INTEGRIDAD,FECHA_HORA_PUBLICACIÓN,DIGITALIZACIÓN
16887,"Quiché",14,"Zacualpa",4,2537,400,51,178,50,2,1,282,10,1,293,0,293,--,400,107,282,293,293,Algún campo sin dato,1,6d68c2c5c661d47b41bb96bd3823fb8e45886172809a8e83490563ce8dc6b200,26/06/2023 01:05:15,ESCANER
16888,"Quiché",14,"Zacualpa",4,2537,400,64,188,48,0,1,301,0,2,303,0,303,0,400,97,301,303,303,,1,7f5648af079ef41ea6a125528c192a6b2e7081cbd26a13fd32eb77644b9a0cbe,26/06/2023 02:35:23,ESCANER
16889,"Quiché",14,"Zacualpa",4,2537,400,85,173,41,1,1,301,3,5,309,0,309,--,400,91,301,309,309,Algún campo sin dato,1,bff6c036d411ff769a031a22b943fcbfb07ac0ffea3a929d119c61c89defac19,26/06/2023 02:34:14,ESCANER
16890,"Quiché",14,"Zacualpa",4,2538,400,76,181,43,1,2,303,8,2,313,0,--,--,400,87,303,313,313,Algún campo sin dato,1,7989f01eb5a14c9c08944e410b6f994fa1b2eaaae01d3559177ae02965738ae2,26/06/2023 04:58:53,ESCANER
16891,"Quiché",14,"Zacualpa",4,2538,400,95,157,51,3,0,306,4,4,314,0,314,--,400,86,306,314,314,Algún campo sin dato,1,82e84962fd6d7f3bf223fdfbd1b7e39d9e76a3041561c9b85ae2767ac604b575,26/06/2023 01:03:53,ESCANER
16892,"Quiché",14,"Zacualpa",4,2538,400,138,137,38,1,0,314,9,3,326,0,326,--,400,74,314,326,326,Algún campo sin dato,1,845e2dc7adba17a6707cbbab9326d7f027e0d346944607bcad8c3750f7170855,25/06/2023 23:23:17,ESCANER
16893,"Quiché",14,"Zacualpa",4,2538,400,171,106,34,3,1,315,6,2,323,0,323,--,400,77,315,323,323,Algún campo sin dato,1,6894f47115c74fbaf8b0d952982721777c055f55d86c3418f2076bef79c2ce93,26/06/2023 00:34:15,ESCANER
16894,"Quiché",14,"Zacualpa",4,2538,400,183,105,18,2,0,306,6,1,315,2,317,2,400,83,308,315,317,Sumas Asentadas sin cuadrar,1,99cc18c8679b4f4ba35a9f301be8278a630cc2fb63ea912aa47adeeea0d55872,26/06/2023 04:00:49,ESCANER
16895,"Quiché",14,"Zacualpa",4,2539,400,160,114,26,6,1,307,7,6,320,0,320,--,400,80,307,320,320,Algún campo sin dato,1,520b752defb721f816b2dc821cb8b055b1fe4a63b3f8431dc94e5f7c807c0b10,25/06/2023 23:09:04,ESCANER
16896,"Quiché",14,"Zacualpa",4,2539,400,93,134,38,2,0,267,5,4,276,0,276,--,400,124,267,276,276,Algún campo sin dato,1,bc26403fa41ad0a1f5d40990be3b57424c0beeec8f3b594984b3b3a8bbdec6e5,26/06/2023 00:38:59,ESCANER
16897,"Quiché",14,"Zacualpa",4,2539,400,75,128,30,0,0,233,7,1,241,0,241,--,400,159,233,241,241,Algún campo sin dato,1,cbef4008446ed3a3b83d99f4fc8e5d3ee109a9c03541dc46964dae2841da4c7b,26/06/2023 00:03:08,ESCANER
16898,"Quiché",14,"Zacualpa",4,2539,400,62,160,35,3,0,260,7,1,268,0,268,--,400,132,260,268,268,Algún campo sin dato,1,8f47d37c9c4a59836d92e54bd68bd98e9aa3b4b8812fa623b84dc16df94a394e,26/06/2023 01:06:04,ESCANER
16899,"Quiché",14,"Zacualpa",4,2539,400,57,168,45,2,0,272,4,3,279,0,279,--,399,120,272,279,279,Algún campo sin dato,1,ca92e798f98e319ef63b540fc516fdb716e6143d2a5a2e2968317a267d1f6453,26/06/2023 01:08:13,ESCANER
16900,"Quiché",14,"Zacualpa",4,2539,400,50,177,56,0,4,287,5,0,292,0,292,--,400,108,287,292,292,Algún campo sin dato,1,88c1b2f2a4acc1c3e40d5d8d49320ea6fd9bbc999c6088026914787e5dae878c,25/06/2023 23:52:09,ESCANER
16901,"Quiché",14,"Zacualpa",4,2540,400,48,157,41,5,1,252,8,2,262,1,263,--,400,237,252,262,263,Algún campo sin dato,1,1d11c66baf7b458ff1fba505533d0df3103ae6b9971abd65923224646634a6f7,26/06/2023 00:35:31,ESCANER
16902,"Quiché",14,"Zacualpa",4,2540,400,108,124,25,2,0,259,3,0,262,0,262,--,400,138,259,262,262,Algún campo sin dato,1,98092eef97d17f44d9152bfcd6968956afee78b599c6daad484b0c273007770b,26/06/2023 02:08:50,ESCANER
16903,"Quiché",14,"Zacualpa",4,2540,400,86,157,26,0,0,269,3,0,272,0,272,--,400,128,269,272,272,Algún campo sin dato,1,368d31b0b848e2a3a5e895e52ddf9a9f9af916691d9627f9d73ba7815eaa88f9,26/06/2023 00:02:13,ESCANER
16904,"Quiché",14,"Zacualpa",4,2541,400,101,158,24,3,0,286,8,1,295,0,295,--,380,85,286,295,295,Algún campo sin dato,1,26fce5d6c78b60b553d2d83de488325bac8c2f48fee305d689db09d7c47fe181,26/06/2023 00:03:25,ESCANER
16905,"Quiché",14,"Zacualpa",4,2541,400,140,143,20,3,0,310,4,0,310,0,310,--,400,90,306,310,310,Sumas Asentadas sin cuadrar,1,f539276d14cc38d066ecb681c58ac8473bed16369ec4b9d713214b2fe5d02317,26/06/2023 00:27:50,ESCANER
16906,"Quiché",14,"Zacualpa",4,2541,368,110,148,26,1,0,285,1,3,289,0,289,--,368,79,285,289,289,Algún campo sin dato,1,2e8819e211b6ffbb8efc6b2482e669476ba4a5fa772d1eb5e060bc1bc8f14906,26/06/2023 01:03:19,ESCANER
16907,"Quiché",14,"Zacualpa",4,2541,368,80,124,28,1,1,234,4,0,238,0,238,--,368,130,234,238,238,Algún campo sin dato,1,070dc954d3795887a2b12a77575b51cd64c7d939d0f7d88ee38dcb1aa39b35dd,25/06/2023 23:40:33,ESCANER
16908,"Quiché",14,"Zacualpa",4,2542,380,51,149,55,2,0,257,5,4,266,0,266,0,380,114,257,266,266,,1,68733a353486a4f0a488a6667d612bf6b21166d0d8f8cc47fb3b34aa125766e0,26/06/2023 02:24:46,MOVIL
16909,"Quiché",14,"Zacualpa",4,2542,380,43,163,65,1,0,272,9,6,287,0,287,--,380,93,272,287,287,Algún campo sin dato,1,1b36672184f9fc1cb8d75d8950679d00a92b311d622dbc084638dca94c7ae9f5,26/06/2023 02:24:45,MOVIL
16910,"Quiché",14,"Zacualpa",4,2542,380,83,169,53,2,0,307,5,2,314,0,314,--,383,69,307,314,314,Algún campo sin dato,1,fc8949627bf29fd9703b5e8fc91e06c96d593e938050e75ec286247a0a61dbf2,26/06/2023 02:30:36,MOVIL
16911,"Quiché",14,"Zacualpa",4,2542,380,64,149,75,2,0,290,13,7,310,1,311,0,380,69,290,310,311,,1,d8bed704a4b8f5d37034298bfb22a5a6151fcc239594ddced98f98ae7f5c608b,26/06/2023 02:30:02,MOVIL
16912,"Quiché",14,"Zacualpa",4,2542,380,67,122,72,2,0,263,4,2,269,0,269,--,380,111,263,269,269,Algún campo sin dato,1,787ba61fa218f5c13ae2758a977d653aa3f8aa31315bd313d2319debdb32307a,26/06/2023 02:33:34,MOVIL
16913,"Quiché",14,"Zacualpa",4,2542,380,34,124,59,0,0,217,7,5,229,0,229,--,380,151,217,229,229,Algún campo sin dato,1,9e85031efbb1c28bd613fb392e40bfd73112ac7e16e96702c612723af54e5747,26/06/2023 02:25:24,MOVIL
16914,"Quiché",14,"Zacualpa",4,2542,380,37,155,58,1,0,251,4,2,257,0,257,0,380,123,251,257,257,,1,cde3dc36e3ea0419a71b375b7fa2e29e46d7e014d0000863b4ba7a3bb3d73940,26/06/2023 02:18:26,MOVIL
16915,"Quiché",14,"Zacualpa",4,2542,365,73,134,67,0,0,274,5,0,279,0,279,--,365,86,274,279,279,Algún campo sin dato,1,0efd24683b648d9215cc2c298f225feb93b987f1404212f566d80062cf84f1ed,26/06/2023 02:30:44,MOVIL
16916,"Quiché",14,"Zacualpa",4,2542,365,49,135,56,0,1,241,5,2,248,0,248,--,364,116,241,248,248,Algún campo sin dato,1,0b8f5205fbe2bccb49bdc01a421f94aea3ea04c7c580f4691fec297b70ce3759,26/06/2023 02:21:22,MOVIL
16917,"Quiché",14,"Zacualpa",4,2543,380,103,126,58,2,2,291,6,3,300,0,300,--,--,80,291,300,300,Algún campo sin dato,1,9220c85b344f2fe88d05a20d10631f13956e2b4e633c4fc4ae3749c70fbae40b,25/06/2023 23:42:00,ESCANER
16918,"Quiché",14,"Zacualpa",4,2543,380,112,96,102,1,0,311,7,3,321,0,321,--,380,59,311,321,321,Algún campo sin dato,1,aabc17081bf7477be842273b5f4aba6116eb6140a60fee74b7109b2dfd970bf9,26/06/2023 00:14:46,ESCANER
16919,"Quiché",14,"Zacualpa",4,2543,380,73,101,66,4,0,244,3,0,247,0,247,--,380,133,244,247,247,Algún campo sin dato,1,2c08d0ec666eb590380f54cbae15f7e47a0d7154429913c8a6d4e6f4a206e7ef,25/06/2023 23:23:52,ESCANER
16920,"Quiché",14,"Zacualpa",4,2543,246,70,62,56,1,0,189,0,2,191,0,191,--,246,55,189,191,191,Algún campo sin dato,1,13743042a64edf733b15c0bfcec165af73963dc685a2bdd73ed42b962b49b6c3,26/06/2023 00:43:36,ESCANER
16921,"Quiché",14,"Zacualpa",4,2543,245,65,79,38,2,0,184,4,0,188,0,188,--,245,57,184,188,188,Algún campo sin dato,1,f17d2e1a3c15662b7dd12f8883f4c979af65798d43dcd02047abcbdf824a4907,25/06/2023 21:48:16,ESCANER
16922,"Quiché",14,"Zacualpa",4,2544,380,151,126,20,2,0,299,3,4,306,0,306,--,380,74,299,306,306,Algún campo sin dato,1,63aa8155be3f6bac247b2c362b5a158c2df0c3e6f7821a9b41abdc5b24b5de5a,26/06/2023 01:15:06,ESCANER
16923,"Quiché",14,"Zacualpa",4,2544,332,120,102,32,1,0,255,1,1,257,0,257,--,332,75,255,257,257,Algún campo sin dato,1,90f302e3e1153d92bb9723a54703735e5b7b160a7931e5feefe1c091b9a41078,26/06/2023 00:33:38,ESCANER
16924,"Quiché",14,"Zacualpa",4,2544,331,131,93,26,1,--,251,2,--,253,--,253,--,331,78,251,253,253,Algún campo sin dato,1,739606f4730afbdb5fdacc8b6c04e5800f67644175f513db86ff1b4df64140a9,26/06/2023 02:12:09,ESCANER
16925,"Quiché",14,"Zacualpa",4,2545,380,51,138,95,3,2,289,11,2,302,0,302,--,380,78,289,302,302,Algún campo sin dato,1,ed18861ac054f7efbdb2af5379a5c9cb7cbb7858ef70e33cf510365faf8ab340,25/06/2023 22:15:51,ESCANER
16926,"Quiché",14,"Zacualpa",4,2545,380,58,148,98,2,0,306,1,5,312,0,312,--,380,68,306,312,312,Algún campo sin dato,1,3ebda6947db2479dd8e88b56871ae03d382e98997f8ef17eddc659cf43947861,25/06/2023 22:24:05,ESCANER
16927,"Quiché",14,"Zacualpa",4,2545,380,141,103,74,1,2,321,4,4,329,0,--,--,380,51,321,329,329,Algún campo sin dato,1,ad680e5831d80cfc9c88d8cdfd628d08fa7217e89539a20c077740579133ecb4,25/06/2023 23:13:28,ESCANER
16928,"Quiché",14,"Zacualpa",4,2545,380,137,114,59,2,1,313,10,4,327,0,327,--,377,50,313,327,327,Algún campo sin dato,1,c2a407955975ad67c388afea80b5a762e9e199956f04ab581bc375110fa64f63,26/06/2023 02:06:34,ESCANER
16929,"Quiché",14,"Zacualpa",4,2545,380,102,95,86,2,2,287,3,3,294,1,294,--,380,86,287,293,294,Sumas Asentadas sin cuadrar,1,1c83c6d4a5472882fb6f484d8df8e94b75fe98e603fb872eeebd309afc1bad4e,26/06/2023 01:46:50,ESCANER
16930,"Quiché",14,"Zacualpa",4,2545,380,55,144,70,1,3,273,3,1,277,0,277,--,380,103,273,277,277,Algún campo sin dato,1,466091e686feedce298089436ee4f8ed45d70b1daaef67580645960ff44b016e,25/06/2023 23:01:12,ESCANER
16931,"Quiché",14,"Zacualpa",4,2545,380,75,104,75,1,2,257,2,2,261,0,261,--,380,119,257,261,261,Algún campo sin dato,1,dfdd9ac6c7fd15e36c05a14d7503f6adfadfc2a243baa438c1981485c0779643,25/06/2023 23:26:23,ESCANER
16932,"Quiché",14,"Zacualpa",4,2545,319,81,93,87,0,1,262,3,0,265,0,265,--,319,54,262,265,265,Algún campo sin dato,1,8df432c52bca660cb72bbe87924485119993ca520098324aadf357f9130e8143,26/06/2023 02:30:02,ESCANER
16933,"Quiché",14,"Zacualpa",4,2545,318,56,98,69,0,1,224,1,3,228,0,228,--,315,87,224,228,228,Algún campo sin dato,1,2254565a63c15658a205a3b7676c1ce6fd028478d48a32a8b411c0beef87ef7d,25/06/2023 23:31:55,ESCANER
16934,"Quiché",14,"Zacualpa",4,2546,380,93,160,23,2,0,278,1,1,280,0,280,--,344,64,278,280,280,Algún campo sin dato,1,685856193bd11267ce13999c00ff6ac053bf599f76490fe09a0ae357bd8d773f,26/06/2023 02:09:40,ESCANER
16935,"Quiché",14,"Zacualpa",4,2546,380,206,95,7,0,0,308,2,4,314,0,314,--,380,66,308,314,314,Algún campo sin dato,1,96a7ee893e4b19af79f81b1291aa7ed044b7240744dffa8859be3bdd9093d494,26/06/2023 01:07:18,ESCANER
16936,"Quiché",14,"Zacualpa",4,2546,380,157,101,8,2,0,268,3,0,271,0,271,--,380,109,268,271,271,Algún campo sin dato,1,311a12a37fd7fe508c4fb566de910b7185924ffa2acbc664b4e1dccb0b3230e4,25/06/2023 22:18:09,ESCANER
16937,"Quiché",14,"Zacualpa",4,2546,374,131,113,13,0,0,257,0,2,259,1,260,--,374,114,257,259,260,Algún campo sin dato,1,3701428767df6afe703cb59f44f621cfebc1c0f9dd7e1c6f8bd103643933f28b,26/06/2023 02:37:36,ESCANER
16938,"Quiché",14,"Zacualpa",4,2546,373,133,135,4,1,0,273,0,0,273,0,273,--,373,100,273,273,273,Algún campo sin dato,1,df37d0946cb0870062747feac94978a7c91e4a2f5a54a77fc48794a32167fc72,26/06/2023 00:34:46,ESCANER
16939,"Quiché",14,"Zacualpa",4,2547,380,116,106,64,4,1,291,5,3,299,0,299,--,380,78,291,299,299,Algún campo sin dato,1,7e42680dacb6748875ac4fc9d08d44ddadc91bb6c4ab143250230cdbfac68424,26/06/2023 00:54:14,ESCANER
16940,"Quiché",14,"Zacualpa",4,2547,380,197,97,36,1,2,333,2,3,338,59,400,--,400,62,333,338,397,Sumas Asentadas sin cuadrar,1,d3dcbadfcc35493fd2aaaeb197fe57292c8846c4b123e1c15997abd1a7c9be4c,26/06/2023 01:00:55,ESCANER
16941,"Quiché",14,"Zacualpa",4,2547,380,121,102,33,1,0,257,4,1,262,0,262,--,380,118,257,262,262,Algún campo sin dato,1,d970f659148c624d6a04ffa8c10395de4978d7d0d3b34153c061246930f04b0f,26/06/2023 00:03:40,ESCANER
16942,"Quiché",14,"Zacualpa",4,2547,304,115,61,26,1,0,203,0,1,204,0,204,--,304,100,203,204,204,Algún campo sin dato,1,f7491718f8440cf8cfcdbef8485588ee3097c1c2b3fb2ee73edf8779586c1422,25/06/2023 23:58:39,ESCANER
16943,"Quiché",14,"Zacualpa",4,2547,304,100,87,31,1,2,221,1,1,223,0,223,--,304,81,221,223,223,Algún campo sin dato,1,2f5a24fc8d83e6a28c46753e424a5995db8da3001fd464c77970d9792181d699,25/06/2023 21:56:15,ESCANER
16944,"Quiché",14,"Zacualpa",4,2548,347,3,34,9,1,0,47,2,0,49,0,49,--,347,298,47,49,49,Algún campo sin dato,1,3f71d51a1779431ba2b657822c2fd6d1d7a01dd0f6bcb26b37351dd76dec4ed7,25/06/2023 22:33:14,ESCANER