﻿TIPO_DE_ELECCIÓN:,CORPORACIÓN MUNICIPAL
28 junio 2023 21:35 (UTC -6)
ACTAS_ESPERADAS,ACTAS_CAPTURADAS,PORCENTAJE_ACTAS_CAPTURADAS,ACTAS_CONTABILIZADAS,PORCENTAJE_ACTAS_CONTABILIZADAS,ACTAS_NO_CONTABILIZADAS,LISTA_NOMINAL_ACTAS_CONTABILIZADAS,VOTOS_EMITIDOS_CONTABILIZADAS,PORCENTAJE_PARTICIPACIÓN_CIUDADANA
52,52,100.0000,52,100.0000,0,18886,13106,69.3953

MESA,DEPARTAMENTO,ID_DEPARTAMENTO,MUNICIPIO,ID_MUNICIPIO,CENTRO_DE_VOTACIÓN,PADRÓN,VAMOS,MLP,UNE,TODOS,AZUL,BIEN,PHG,SEMILLA,VALOR,UNIONISTA,PR,VÁLIDOS,NULOS,BLANCO,EMITIDOS,INVÁLIDOS,TOTAL,IMPUGNACIONES,PAPELETAS-RECIBIDAS,PAPELETAS-NO-USADAS,VALIDOS_CALCULADO,EMITIDOS_CALCULADO,TOTAL_CALCULADO,OBSERVACIONES,CONTABILIZADA,CÓDIGO_INTEGRIDAD,FECHA_HORA_PUBLICACIÓN,DIGITALIZACIÓN
15563,"Huehuetenango",13,"Santa Bárbara",10,2266,400,173,1,5,134,2,0,1,1,1,1,1,320,13,0,333,0,333,--,403,67,320,333,333,Algún campo sin dato,1,9759f0498e6546739ed0f051bb7dc9cbfd36755cdbd92f04d12a0c99b57c6698,25/06/2023 23:22:09,ESCANER
15564,"Huehuetenango",13,"Santa Bárbara",10,2266,400,171,0,1,125,2,0,0,0,0,0,2,301,11,2,314,0,314,0,400,86,301,314,314,,1,36b57c475803e05ea9bb27c9f54248537afad9154a2f538af6c0e491f84abf98,26/06/2023 04:29:28,ESCANER
15565,"Huehuetenango",13,"Santa Bárbara",10,2266,400,171,0,6,132,3,0,0,1,0,0,0,313,12,5,330,0,330,--,400,70,313,330,330,Algún campo sin dato,1,74ed490dcbe2b96aae3e57f9eeafe045f285b1d874cde17dbfeab8927c0be09b,26/06/2023 01:22:13,ESCANER
15566,"Huehuetenango",13,"Santa Bárbara",10,2266,400,152,1,7,140,5,1,3,2,0,1,1,313,9,5,327,0,327,--,400,73,313,327,327,Algún campo sin dato,1,f3c58f44acd17154e61bd442fb142df6ba3bb73f3ea5045484681b5f79fe4a7e,26/06/2023 02:14:46,ESCANER
15567,"Huehuetenango",13,"Santa Bárbara",10,2266,400,152,4,12,134,2,2,0,1,0,0,0,307,7,3,317,0,317,--,400,83,307,317,317,Algún campo sin dato,1,58441355567df9dd5f9624cfc451374a5f29da502965425647f5beb140328483,26/06/2023 02:04:18,ESCANER
15568,"Huehuetenango",13,"Santa Bárbara",10,2266,400,148,0,10,144,2,2,0,0,2,1,0,309,11,5,325,0,325,--,400,75,309,325,325,Algún campo sin dato,1,17c6795d5c03b7a77db4331b083419c8e719eaa2c36665c5d08546b49e6114cf,25/06/2023 23:55:11,ESCANER
15569,"Huehuetenango",13,"Santa Bárbara",10,2266,400,155,0,5,118,3,1,0,1,0,0,0,283,9,6,298,0,298,--,400,102,283,298,298,Algún campo sin dato,1,edb7dc72abe4f83b3f039a5a57068cae7a28e55ecdbf0b72952d44224c1aac35,26/06/2023 00:40:24,ESCANER
15570,"Huehuetenango",13,"Santa Bárbara",10,2267,400,114,3,5,124,1,0,0,1,0,0,0,248,13,4,265,0,265,--,400,135,248,265,265,Algún campo sin dato,1,ea9ddd742e96d8b4ebe146999227d287ba42e96ee296f0330cb20ef470322adf,25/06/2023 23:20:07,ESCANER
15571,"Huehuetenango",13,"Santa Bárbara",10,2267,400,147,1,5,92,2,2,0,2,3,0,0,164,10,10,284,0,284,--,400,116,254,274,274,Sumas Asentadas sin cuadrar,1,4862f70938e8360b1f958e90db1ebdec99cda7ac9f58728c824f24df002a03ae,26/06/2023 03:48:31,ESCANER
15572,"Huehuetenango",13,"Santa Bárbara",10,2267,400,123,3,6,122,1,0,1,0,1,0,0,257,4,5,266,2,268,--,400,132,257,266,268,Algún campo sin dato,1,08893fdd6147032555f255bcb3716e414e9194237a60e881905e768d3aae9ce6,25/06/2023 23:31:42,ESCANER
15573,"Huehuetenango",13,"Santa Bárbara",10,2267,400,164,1,6,94,0,0,0,1,1,0,0,267,7,5,279,0,279,--,400,121,267,279,279,Algún campo sin dato,1,24ddfdbcde9028de219cb6e363a07d0457840674fec0ba0fe84b0da5c301e3bd,26/06/2023 01:03:03,ESCANER
15574,"Huehuetenango",13,"Santa Bárbara",10,2267,400,136,0,3,104,3,1,0,0,1,0,0,248,6,7,261,0,261,--,400,139,248,261,261,Algún campo sin dato,1,49dfe819333267bb517157049d4466a4f60f05ea104d3d37a773422bea4d27cf,26/06/2023 01:14:39,ESCANER
15575,"Huehuetenango",13,"Santa Bárbara",10,2267,400,122,1,6,104,1,0,0,0,1,0,0,235,5,0,240,0,240,--,400,160,235,240,240,Algún campo sin dato,1,34c944c282bb697c493d09b3d2edd0da907a8d204f8b05e99e2fffa533ade53f,25/06/2023 23:47:36,ESCANER
15576,"Huehuetenango",13,"Santa Bárbara",10,2267,400,121,1,8,116,0,0,0,0,3,0,0,249,1,4,254,0,254,--,400,146,249,254,254,Algún campo sin dato,1,8d89db496319953a4a7068b21ebca1bede99f98d885c7f8f7a3c1a3cdd4830b4,25/06/2023 22:18:03,ESCANER
15577,"Huehuetenango",13,"Santa Bárbara",10,2268,400,148,0,5,90,0,0,0,0,1,0,0,244,1,0,245,0,245,--,400,155,244,245,245,Algún campo sin dato,1,d1573bac7384744e999cfadaceec3a3dc1d7ebaa5800877037c708281d917b6b,25/06/2023 23:14:33,ESCANER
15578,"Huehuetenango",13,"Santa Bárbara",10,2268,400,125,2,5,124,0,0,0,0,0,0,0,256,3,4,263,0,263,--,400,137,256,263,263,Algún campo sin dato,1,b2b1346b551412928068bb88a7bd3881bb16148cb421740cffeeb0a90d066ce8,25/06/2023 23:21:39,ESCANER
15579,"Huehuetenango",13,"Santa Bárbara",10,2268,373,116,0,2,117,0,0,0,0,0,0,0,235,2,2,239,1,240,--,370,125,235,239,240,Algún campo sin dato,1,d1eaa3e8b4fb6db5a1bf1ce9335c8d1525d7c6db5a9bdcdeeb5b88d6f4cc1b4b,25/06/2023 23:42:57,ESCANER
15580,"Huehuetenango",13,"Santa Bárbara",10,2268,372,112,0,2,102,4,0,0,0,4,0,0,224,4,5,233,0,233,--,372,139,224,233,233,Algún campo sin dato,1,2a3e0256264a6828d5c1f4182dc918af7a500442e99a3dec622c1a03ece1969f,25/06/2023 23:10:43,ESCANER
15581,"Huehuetenango",13,"Santa Bárbara",10,2269,380,96,2,0,161,0,1,1,0,2,0,0,263,7,5,275,0,275,--,380,98,263,275,275,Algún campo sin dato,1,3a5120014b1b584de327bfaf550f98b82153af944079e25b5c632b48b4dacdd9,26/06/2023 01:07:33,ESCANER
15582,"Huehuetenango",13,"Santa Bárbara",10,2269,380,81,0,0,191,1,0,1,1,0,0,0,275,4,6,285,0,285,--,389,104,275,285,285,Algún campo sin dato,1,1d0a9b621a14abc9e678b230a4d571dda2abc043f598d6dc34a022de3d75fb3e,26/06/2023 01:56:37,ESCANER
15583,"Huehuetenango",13,"Santa Bárbara",10,2269,380,106,2,6,178,1,2,1,0,0,1,0,297,4,5,306,0,306,--,380,70,297,306,306,Algún campo sin dato,1,14a1db09f480d0e1216080912119f48df11d45b9561bbd048564280954dbc5cc,26/06/2023 01:18:39,ESCANER
15584,"Huehuetenango",13,"Santa Bárbara",10,2269,380,115,1,2,180,3,0,0,0,0,2,0,303,9,6,318,0,318,--,380,61,303,318,318,Algún campo sin dato,1,124e1b935302832018ac198e1815c71891d55c23a05cce90bc034732be11d3ce,26/06/2023 04:47:43,ESCANER
15585,"Huehuetenango",13,"Santa Bárbara",10,2269,380,93,0,4,152,1,0,1,0,0,1,1,253,4,1,258,0,258,--,380,122,253,258,258,Algún campo sin dato,1,34ea3300b4f8f2b42774c1a982ac21a04b4a6d3b827a9b9770ab42f4efe4f0aa,26/06/2023 02:12:15,ESCANER
15586,"Huehuetenango",13,"Santa Bárbara",10,2270,380,80,1,2,144,1,0,1,0,1,0,0,230,2,0,232,0,232,--,380,148,230,232,232,Algún campo sin dato,1,f9acd8732f29ba9735780bab8d99421a5563ff654c81e91f794f936fc1470940,26/06/2023 03:41:51,ESCANER
15587,"Huehuetenango",13,"Santa Bárbara",10,2270,380,86,0,0,157,0,0,0,0,0,0,0,243,2,1,246,0,246,--,380,134,243,246,246,Algún campo sin dato,1,01996bfa0b90c41ac78aee410c65ae82a754064ec2af7d4e40e3f11a3ff1d704,25/06/2023 23:18:59,ESCANER
15588,"Huehuetenango",13,"Santa Bárbara",10,2270,380,79,0,0,158,1,0,2,0,1,0,0,241,1,0,242,0,242,--,380,138,241,242,242,Algún campo sin dato,1,46476f784694a70b6890493ded189eebf80fa4fd1a63788ed4f0fa07d9a40ab9,26/06/2023 00:41:19,ESCANER
15589,"Huehuetenango",13,"Santa Bárbara",10,2270,209,59,0,1,91,0,0,0,0,1,0,0,152,2,1,155,0,155,--,206,51,152,155,155,Algún campo sin dato,1,011c04a1e94ff76baced33a3ee63180e108d8efc53201acf308173df68e1c0b7,25/06/2023 22:30:40,ESCANER
15590,"Huehuetenango",13,"Santa Bárbara",10,2270,208,44,0,2,80,0,0,2,0,1,0,0,129,1,0,130,0,130,--,208,78,129,130,130,Algún campo sin dato,1,97ff010c7448def9197a88c8c46692dec93509771276612eaa5b986dedfec1e8,25/06/2023 23:18:33,ESCANER
15591,"Huehuetenango",13,"Santa Bárbara",10,2271,380,160,1,5,80,2,1,0,0,3,0,0,252,18,8,278,0,278,--,380,102,252,278,278,Algún campo sin dato,1,d3158fc5f59cebe667b86e3611a49cc56dd778e126636372d45b67a9e1f575d5,26/06/2023 02:07:02,ESCANER
15592,"Huehuetenango",13,"Santa Bárbara",10,2271,380,146,4,10,111,1,0,1,0,0,0,0,273,14,5,292,0,292,--,380,88,273,292,292,Algún campo sin dato,1,e64017ab256e12570396ecdd1d3f08d07a8940b2dcbe74da73f9565024e88a9c,25/06/2023 23:21:52,ESCANER
15593,"Huehuetenango",13,"Santa Bárbara",10,2271,380,163,2,5,102,3,0,3,0,1,1,0,280,15,2,297,--,--,--,380,83,280,297,297,Algún campo sin dato,1,5be2bc49425fb46e3eaee75aef846845b0121c2731af0094af25955fbcd87714,26/06/2023 04:29:14,ESCANER
15594,"Huehuetenango",13,"Santa Bárbara",10,2271,380,194,1,12,74,0,0,1,3,3,0,0,288,12,7,307,0,307,--,380,70,288,307,307,Algún campo sin dato,1,dfbc4ca38ee77b48d08fd3ab7a07db4f2bc967d0a7252aaa0ee0e7f348a07e0b,26/06/2023 02:15:56,ESCANER
15595,"Huehuetenango",13,"Santa Bárbara",10,2271,380,206,1,3,73,2,0,0,1,0,0,0,286,19,2,307,0,307,--,380,73,286,307,307,Algún campo sin dato,1,08702ea2478c7989972e6b341b7f6144c77920ca69487e815312644a2c093222,26/06/2023 01:23:39,ESCANER
15596,"Huehuetenango",13,"Santa Bárbara",10,2271,380,184,1,4,89,3,4,0,2,0,0,0,287,13,5,305,0,305,--,380,75,287,305,305,Algún campo sin dato,1,e54fb82e85eae9507d2148e3fc2466a643860ec082653e38292044f76c4b432f,25/06/2023 22:25:47,ESCANER
15597,"Huehuetenango",13,"Santa Bárbara",10,2271,380,160,2,3,107,0,0,1,0,0,1,0,274,14,2,290,0,290,--,380,90,274,290,290,Algún campo sin dato,1,036649d247c7ccb25e65b2e650f102a048537b4ad8e12ed699d5820b478db514,26/06/2023 01:34:48,ESCANER
15598,"Huehuetenango",13,"Santa Bárbara",10,2271,380,143,1,9,78,0,0,0,3,2,1,0,237,5,5,247,0,247,--,380,133,237,247,247,Algún campo sin dato,1,1f6eb25a0ac7dd911a1b47d0a1f0c5cff26161adf82e0b5b7eabc57eb5d6bc47,25/06/2023 23:53:36,ESCANER
15599,"Huehuetenango",13,"Santa Bárbara",10,2271,380,133,1,2,90,3,0,0,1,0,2,1,233,10,4,247,0,247,--,380,129,233,247,247,Algún campo sin dato,1,8905162a9ea76e307e4203820ba67ddf901a4ab48635a1aba57f271d7e2be5b8,26/06/2023 00:59:42,ESCANER
15600,"Huehuetenango",13,"Santa Bárbara",10,2272,380,149,3,1,83,1,0,1,0,1,0,0,239,11,4,254,0,254,--,380,126,239,254,254,Algún campo sin dato,1,cbbbaa883d935e87b140f36c80d1a9f0dd2ece6be954c0b9b6caea43601cc850,26/06/2023 01:08:14,ESCANER
15601,"Huehuetenango",13,"Santa Bárbara",10,2273,380,146,1,0,82,0,1,0,0,0,1,0,231,1,5,237,2,239,--,380,143,231,237,239,Algún campo sin dato,1,fd86b1f05bfaf3b8221a337aaf0e058caeb8d2bc8d8da1c4e1ad9cc17d7551e6,26/06/2023 00:56:02,ESCANER
15602,"Huehuetenango",13,"Santa Bárbara",10,2273,380,137,0,3,80,0,0,0,0,1,0,0,221,4,2,227,0,227,--,380,152,221,227,227,Algún campo sin dato,1,0746484303ff7178652ed3101ca7fbd36dd0cfe15f94c55f59c09ad1fda51a97,26/06/2023 01:08:41,ESCANER
15603,"Huehuetenango",13,"Santa Bárbara",10,2273,380,145,0,1,96,0,0,1,0,0,0,0,243,2,1,246,2,248,--,--,--,243,246,248,Algún campo sin dato,1,3dfbdda25e5641cdcdb4803dc0f75c024311770a62990563074167cbf6407f93,26/06/2023 00:42:39,ESCANER
15604,"Huehuetenango",13,"Santa Bárbara",10,2273,380,138,0,5,107,0,0,1,2,1,0,0,254,2,1,0,0,257,--,380,123,254,257,257,Algún campo sin dato,1,8af33c1942175187cf3493fc2ab174451eb5eb64857b9104651b922ccdc03713,26/06/2023 00:38:05,ESCANER
15605,"Huehuetenango",13,"Santa Bárbara",10,2273,262,88,0,3,56,0,0,0,0,0,0,0,147,2,0,149,0,149,--,262,113,147,149,149,Algún campo sin dato,1,5b1eddb88d52bbe0fb66aee809ea7627b62f89e2381c8b2ff55d207d80385b6f,26/06/2023 01:14:35,ESCANER
15606,"Huehuetenango",13,"Santa Bárbara",10,2273,261,92,0,3,46,0,0,0,0,2,2,0,145,3,2,150,0,150,--,261,111,145,150,150,Algún campo sin dato,1,f7de7b4b0aba11033af41b173d41b7c0791cb12e1b03edb3e93cc06d9444858c,25/06/2023 23:30:28,ESCANER
15607,"Huehuetenango",13,"Santa Bárbara",10,2274,380,149,0,4,101,3,1,4,0,0,0,0,262,17,3,282,0,282,--,377,95,262,282,282,Algún campo sin dato,1,698bf09bfb8b25d954e1ffc114ef2a050c3e2e356ce69e2f815e00c8c89143e2,26/06/2023 02:33:07,ESCANER
15608,"Huehuetenango",13,"Santa Bárbara",10,2274,380,145,1,1,95,3,0,0,0,0,0,0,245,11,4,260,0,260,--,380,120,245,260,260,Algún campo sin dato,1,b100c2fd2ad4a579e36da7faea42cfa6bc012e120a6daaf8ebce2230836c878e,26/06/2023 01:31:52,ESCANER
15609,"Huehuetenango",13,"Santa Bárbara",10,2274,243,85,2,1,42,2,0,0,0,1,1,0,134,3,2,139,0,139,--,242,104,134,139,139,Algún campo sin dato,1,65941d46eab8033d4e4ed58715fad384ed54cfa33d7fbb4a3dcc1bf5cfecee75,26/06/2023 01:32:24,ESCANER
15610,"Huehuetenango",13,"Santa Bárbara",10,2274,242,80,0,1,55,0,0,0,1,0,0,0,137,5,0,142,0,142,--,239,97,137,142,142,Algún campo sin dato,1,49975cc9dd4797a7e6ed183040d5806a84516967777fd2daca13a7d2d6debbcb,25/06/2023 23:54:46,ESCANER
15611,"Huehuetenango",13,"Santa Bárbara",10,2275,380,181,2,5,53,2,2,2,1,0,0,1,249,10,13,278,0,278,--,380,278,249,272,272,Sumas Asentadas sin cuadrar,1,549b8425f378d48b0f01aa2ab58dae772783bd6707bd8d3e8d67b56b01f58eb2,26/06/2023 04:51:23,ESCANER
15612,"Huehuetenango",13,"Santa Bárbara",10,2275,300,146,0,2,46,0,0,0,0,0,0,0,194,7,1,202,0,202,--,302,100,194,202,202,Algún campo sin dato,1,b28a41c0f66d191a160940ef3472b022f9a0a9bcf980417e0c1466ff0f9cf136,26/06/2023 01:40:09,ESCANER
15613,"Huehuetenango",13,"Santa Bárbara",10,2275,299,142,0,1,36,0,0,0,0,0,0,0,179,6,0,185,0,185,--,299,114,179,185,185,Algún campo sin dato,1,54e0305aaa0e9d933eafd5e69184fa6108ddbf862c68b8aa0bd15379f21073c2,26/06/2023 01:30:00,ESCANER
15614,"Huehuetenango",13,"Santa Bárbara",10,2276,217,11,0,1,11,0,0,0,0,0,0,0,23,1,0,24,0,24,--,217,193,23,24,24,Algún campo sin dato,1,dba1b6d235d5ec9324e3c9ba19554dd7344299cbc2fc1ed17fe17ad26d850783,25/06/2023 22:18:22,ESCANER