﻿TIPO_DE_ELECCIÓN:,CORPORACIÓN MUNICIPAL
28 junio 2023 21:35 (UTC -6)
ACTAS_ESPERADAS,ACTAS_CAPTURADAS,PORCENTAJE_ACTAS_CAPTURADAS,ACTAS_CONTABILIZADAS,PORCENTAJE_ACTAS_CONTABILIZADAS,ACTAS_NO_CONTABILIZADAS,LISTA_NOMINAL_ACTAS_CONTABILIZADAS,VOTOS_EMITIDOS_CONTABILIZADAS,PORCENTAJE_PARTICIPACIÓN_CIUDADANA
33,33,100.0000,33,100.0000,0,12035,9205,76.4852

MESA,DEPARTAMENTO,ID_DEPARTAMENTO,MUNICIPIO,ID_MUNICIPIO,CENTRO_DE_VOTACIÓN,PADRÓN,AZUL,MLP,VICTORIA,CABAL,VAMOS,BIEN,UNE,UR,VÁLIDOS,NULOS,BLANCO,EMITIDOS,INVÁLIDOS,TOTAL,IMPUGNACIONES,PAPELETAS-RECIBIDAS,PAPELETAS-NO-USADAS,VALIDOS_CALCULADO,EMITIDOS_CALCULADO,TOTAL_CALCULADO,OBSERVACIONES,CONTABILIZADA,CÓDIGO_INTEGRIDAD,FECHA_HORA_PUBLICACIÓN,DIGITALIZACIÓN
23416,"Jalapa",21,"San Carlos Alzatate",5,3681,400,25,5,12,128,120,3,14,2,309,11,4,324,0,324,--,400,76,309,324,324,Algún campo sin dato,1,002e7070f82d61bc89c520eaff98148cdf250e8b8338748db9aa2e193a27e1ac,26/06/2023 02:14:02,ESCANER
23417,"Jalapa",21,"San Carlos Alzatate",5,3681,400,27,4,15,146,119,2,10,4,327,6,10,343,0,343,--,397,54,327,343,343,Algún campo sin dato,1,d12bff4026f1018e548e30c4578006aa85623a863f70b9804cacf408797f9587,26/06/2023 01:12:11,ESCANER
23418,"Jalapa",21,"San Carlos Alzatate",5,3681,400,25,5,5,124,129,2,6,2,298,14,9,321,0,321,--,400,79,298,321,321,Algún campo sin dato,1,e018243d78b8eda6476c70fc012f075d21399e81d79c3f0ca3df86035fec4e6f,26/06/2023 03:43:38,ESCANER
23419,"Jalapa",21,"San Carlos Alzatate",5,3681,400,27,1,9,139,132,0,6,3,317,20,6,343,0,343,--,400,57,317,343,343,Algún campo sin dato,1,671e8d733c140ade4f8e165944fdeab005fa37246156cd404b3a03e6ec5d1d15,26/06/2023 05:14:21,ESCANER
23420,"Jalapa",21,"San Carlos Alzatate",5,3681,400,40,4,9,143,118,0,5,1,320,11,1,332,0,332,--,400,68,320,332,332,Algún campo sin dato,1,8394884ba75b766a21efca9f4fbf81dd63962a48f21c3a5e64fd023fa9f3f1f0,26/06/2023 01:24:41,ESCANER
23421,"Jalapa",21,"San Carlos Alzatate",5,3681,400,36,0,7,132,115,1,4,3,298,7,2,307,0,307,--,400,93,298,307,307,Algún campo sin dato,1,5f8cfbd6a5724466a87c1c0d9382553f09e1ead17e7ae7640eb65597bb971f28,26/06/2023 00:41:57,ESCANER
23422,"Jalapa",21,"San Carlos Alzatate",5,3681,400,36,1,6,108,117,2,6,2,278,8,3,289,0,289,--,400,117,278,289,289,Algún campo sin dato,1,df2e11711e8ada4f4075107d14ccb4155651e976216d4998ed7fe77ce4714dfc,26/06/2023 00:49:21,ESCANER
23423,"Jalapa",21,"San Carlos Alzatate",5,3681,400,21,2,6,114,132,0,1,0,276,12,3,291,0,291,--,400,109,276,291,291,Algún campo sin dato,1,705c4dc6fa8d95093cc6c1c0308b21733ad22f2d839509e1f72dcdcb399b797e,26/06/2023 02:31:16,ESCANER
23424,"Jalapa",21,"San Carlos Alzatate",5,3681,400,24,2,8,108,120,3,7,1,273,7,4,284,0,284,--,400,116,273,284,284,Algún campo sin dato,1,f0a95ad763f19ca97b08f70fd6ce09d1b3ffbbd0b9f4f76f2d4e7ca5a0ee21e9,26/06/2023 00:24:58,ESCANER
23425,"Jalapa",21,"San Carlos Alzatate",5,3681,400,24,2,6,119,127,0,1,1,280,3,0,283,0,283,--,400,117,280,283,283,Algún campo sin dato,1,a51bf525500a2948f5054885f25cba700cd9e8210e1b913cea04d92e178fc8c4,26/06/2023 02:43:01,ESCANER
23426,"Jalapa",21,"San Carlos Alzatate",5,3682,400,38,4,5,131,102,0,4,3,287,3,2,292,0,292,--,400,108,287,292,292,Algún campo sin dato,1,447ae1b00f8fba941ecd4182c4f370d3c277613f0afb801eb34a9a362b2723e4,26/06/2023 00:52:24,ESCANER
23427,"Jalapa",21,"San Carlos Alzatate",5,3682,400,26,3,7,122,104,0,0,1,263,7,2,272,0,272,--,400,128,263,272,272,Algún campo sin dato,1,91f85f1e80d7a47c4b688e1b16a99fdef1f92ab1dabbd99eac000dd5ee8dcd32,26/06/2023 01:27:42,ESCANER
23428,"Jalapa",21,"San Carlos Alzatate",5,3682,252,19,0,8,84,69,0,1,1,182,4,0,186,0,186,--,283,63,182,186,186,Algún campo sin dato,1,9c9d85ca4e06f8ed0125724e8e79c404c6d0c606572fdd85069d3c655166733b,26/06/2023 00:55:26,ESCANER
23429,"Jalapa",21,"San Carlos Alzatate",5,3682,252,15,1,8,75,68,0,1,1,169,7,1,177,0,177,--,252,75,169,177,177,Algún campo sin dato,1,ea98e5c44c95c2b7c11243096a4ee2720aabd1f9ea4ef24bc431a6f4c425dc49,25/06/2023 23:27:35,ESCANER
23430,"Jalapa",21,"San Carlos Alzatate",5,3683,400,21,3,11,118,111,3,10,4,281,24,3,308,0,308,--,400,92,281,308,308,Algún campo sin dato,1,ff43730992e1b477e7d6b8d3ac02cdb95666cbb346ca5af3fb79cdfe50f97ea6,25/06/2023 23:39:32,ESCANER
23431,"Jalapa",21,"San Carlos Alzatate",5,3683,400,21,4,13,96,145,4,8,3,294,28,8,330,0,330,--,400,70,294,330,330,Algún campo sin dato,1,26aee79374a3979f0dfa493edc35c138a69122c28c8d662e48ef3b1b52c14d12,26/06/2023 02:22:10,ESCANER
23432,"Jalapa",21,"San Carlos Alzatate",5,3683,400,17,4,17,116,117,6,15,2,294,25,8,327,0,327,--,400,73,294,327,327,Algún campo sin dato,1,c36e3ea028dde74c5dfd0310239ff75fd3ad145fd5d66507b8373d03d3c296c4,26/06/2023 02:01:53,ESCANER
23433,"Jalapa",21,"San Carlos Alzatate",5,3684,400,15,4,10,124,116,1,4,2,276,11,3,290,0,290,--,400,110,276,290,290,Algún campo sin dato,1,f71d04f0f6c474b4022ec727d161e38998a694fbaa5b3f6d566af628baec3809,26/06/2023 00:41:19,ESCANER
23434,"Jalapa",21,"San Carlos Alzatate",5,3684,400,15,3,6,114,112,4,4,3,261,12,6,279,0,279,--,400,118,261,279,279,Algún campo sin dato,1,f85a9b853b440f5b392236b229ac8d1fbdbf5e4d2a349177689e563245b8208b,26/06/2023 01:42:37,ESCANER
23435,"Jalapa",21,"San Carlos Alzatate",5,3684,400,20,0,9,125,115,3,5,0,277,0,1,278,0,278,--,400,122,277,278,278,Algún campo sin dato,1,cf590a2d780955652eaeb7476635acdad007e53949368c8e764c38583bf9d4e2,25/06/2023 23:39:47,ESCANER
23436,"Jalapa",21,"San Carlos Alzatate",5,3684,257,18,0,7,74,81,1,6,0,187,0,1,188,0,188,--,257,69,187,188,188,Algún campo sin dato,1,1850622ddb490ce8504846f95e6f21bc8513f11f21c15c3f58d0a516c137ab6a,26/06/2023 00:17:08,ESCANER
23437,"Jalapa",21,"San Carlos Alzatate",5,3684,256,9,2,6,67,75,0,9,2,170,7,3,180,0,180,--,256,76,170,180,180,Algún campo sin dato,1,7931d90d760aff5a8a879571f962dae5163e356bccf8998720f8b224b738d81c,25/06/2023 23:00:18,ESCANER
23438,"Jalapa",21,"San Carlos Alzatate",5,3685,400,7,8,7,121,175,2,2,1,323,12,3,338,0,338,--,400,62,323,338,338,Algún campo sin dato,1,c2fa7b3c3687a51942d3c3d1e45c7530dba4c791eb54157da80a5ba5db9138a2,26/06/2023 01:19:31,ESCANER
23439,"Jalapa",21,"San Carlos Alzatate",5,3685,400,13,6,7,107,185,4,8,0,330,15,3,348,0,348,--,400,52,330,348,348,Algún campo sin dato,1,ec65d6f11a4f6ec05b88579170ac3e91cb3666a762549896911d75617cd9efea,26/06/2023 03:25:03,ESCANER
23440,"Jalapa",21,"San Carlos Alzatate",5,3685,400,19,6,3,119,170,3,2,1,323,13,5,341,0,341,0,400,59,323,341,341,,1,efd1c041e8296a1e5ae6ec3746287ddf8f47bf6b1b11fb125e1cb8ebcb469ab3,26/06/2023 01:25:20,ESCANER
23441,"Jalapa",21,"San Carlos Alzatate",5,3685,400,13,4,2,147,164,0,3,0,333,17,5,355,0,355,0,400,45,333,355,355,,1,b9822650b24383090386549a63efe5622ce36d4adcac123303966403bbdfd701,26/06/2023 03:44:00,ESCANER
23442,"Jalapa",21,"San Carlos Alzatate",5,3685,400,12,1,7,114,161,3,0,0,298,7,5,310,0,310,--,400,90,298,310,310,Algún campo sin dato,1,c9193271b215e52e50f3cb3960921bf01576c708b9a2fcd5738a6a9eb02ecd5c,25/06/2023 23:41:48,ESCANER
23443,"Jalapa",21,"San Carlos Alzatate",5,3685,400,18,2,4,101,149,0,1,1,276,5,0,281,0,281,--,400,119,276,281,281,Algún campo sin dato,1,ecd9184a749a0ba3d9bdfade41121cbe89dc4def98f3fc7e110eced95f5d75b2,26/06/2023 00:23:55,ESCANER
23444,"Jalapa",21,"San Carlos Alzatate",5,3685,400,13,3,6,134,138,0,1,0,295,5,2,302,0,302,--,401,99,295,302,302,Algún campo sin dato,1,06dc46f948a7c9dc053de9e291339e750f4d837cf223b9c7c6475b57bcc5e7dd,26/06/2023 03:34:42,ESCANER
23445,"Jalapa",21,"San Carlos Alzatate",5,3685,400,16,0,4,100,165,0,0,1,286,3,3,292,0,292,--,400,108,286,292,292,Algún campo sin dato,1,90fda4c2e377dcd1308216a6b809b4319e33aa751b251c8fa9cdbf89f3f51901,26/06/2023 00:31:49,ESCANER
23446,"Jalapa",21,"San Carlos Alzatate",5,3685,228,6,0,1,82,83,0,0,0,172,2,0,174,0,174,--,228,54,172,174,174,Algún campo sin dato,1,d3a69ac038c13a58dfcb4fbf05c52cd69fd242374c67ff254fbc3ecb20ec7f8e,26/06/2023 00:37:37,ESCANER
23447,"Jalapa",21,"San Carlos Alzatate",5,3685,227,2,1,3,60,108,1,0,0,175,3,2,180,0,180,--,227,47,175,180,180,Algún campo sin dato,1,92b8fcd950a41b90feff35c31e8150a8bebee31b8d54bfab8fba4a7d7edee495,25/06/2023 22:20:16,ESCANER
23448,"Jalapa",21,"San Carlos Alzatate",5,3686,163,6,1,1,23,18,1,4,0,54,5,1,60,0,60,--,163,103,54,60,60,Algún campo sin dato,1,ec430d183e42158f7c5a8e3e6b0664ac1411ec40c69884364ccc2545fba0d7a0,25/06/2023 23:41:48,ESCANER