﻿TIPO_DE_ELECCIÓN:,CORPORACIÓN MUNICIPAL
28 junio 2023 21:35 (UTC -6)
ACTAS_ESPERADAS,ACTAS_CAPTURADAS,PORCENTAJE_ACTAS_CAPTURADAS,ACTAS_CONTABILIZADAS,PORCENTAJE_ACTAS_CONTABILIZADAS,ACTAS_NO_CONTABILIZADAS,LISTA_NOMINAL_ACTAS_CONTABILIZADAS,VOTOS_EMITIDOS_CONTABILIZADAS,PORCENTAJE_PARTICIPACIÓN_CIUDADANA
32,32,100.0000,32,100.0000,0,11796,7034,59.6303

MESA,DEPARTAMENTO,ID_DEPARTAMENTO,MUNICIPIO,ID_MUNICIPIO,CENTRO_DE_VOTACIÓN,PADRÓN,CABAL,UNE,PHG,VICTORIA,U R N G - MAIZ,VAMOS,AZUL,TODOS,PODEMOS,BIEN,VIVA,CAMBIO,VÁLIDOS,NULOS,BLANCO,EMITIDOS,INVÁLIDOS,TOTAL,IMPUGNACIONES,PAPELETAS-RECIBIDAS,PAPELETAS-NO-USADAS,VALIDOS_CALCULADO,EMITIDOS_CALCULADO,TOTAL_CALCULADO,OBSERVACIONES,CONTABILIZADA,CÓDIGO_INTEGRIDAD,FECHA_HORA_PUBLICACIÓN,DIGITALIZACIÓN
15108,"Huehuetenango",13,"Malacatancito",3,2173,400,52,13,0,30,5,101,4,8,13,1,7,0,234,22,5,261,0,261,--,400,139,234,261,261,Algún campo sin dato,1,dcd1119d9d6f3feaa27363fbf729454d926bce8fd5abe57dae6ddc50800b1ac4,26/06/2023 01:43:34,ESCANER
15109,"Huehuetenango",13,"Malacatancito",3,2173,400,80,6,2,37,10,111,3,4,11,0,5,0,269,9,3,281,0,281,--,401,120,269,281,281,Algún campo sin dato,1,d138d299ad7ff36e6d492aba6868837091275f8de08abf639e8002e421380161,26/06/2023 02:14:38,ESCANER
15110,"Huehuetenango",13,"Malacatancito",3,2173,400,53,7,1,41,6,116,1,7,13,0,8,0,253,15,5,273,0,273,2,400,127,253,273,273,,1,81c36ec60a828934dc5d39d1e852a8a080a1b52cff4944fe09d2407389382926,26/06/2023 01:30:10,ESCANER
15111,"Huehuetenango",13,"Malacatancito",3,2173,400,73,10,1,29,10,116,3,6,13,2,6,0,269,14,7,290,0,290,--,400,110,269,290,290,Algún campo sin dato,1,4dd703fe1fbff4523c964fa7a07249f9d350e967aa7e763cb7b0407d59a076ae,26/06/2023 02:08:52,ESCANER
15112,"Huehuetenango",13,"Malacatancito",3,2173,400,40,18,0,32,11,104,2,6,13,0,5,0,231,21,9,261,0,261,--,400,139,231,261,261,Algún campo sin dato,1,084c6e8926df8ada5f2a6f52444bd47e6258f5cd4212258ff76a379d26f0ada7,26/06/2023 01:23:03,ESCANER
15113,"Huehuetenango",13,"Malacatancito",3,2173,400,51,17,0,36,11,127,2,10,11,0,3,1,269,11,4,284,0,284,--,400,116,269,284,284,Algún campo sin dato,1,d8e89b21d70cd9b3bfa957243e550596920dffd2957ccd5fc6825c0d82ad4cd3,26/06/2023 03:32:33,ESCANER
15114,"Huehuetenango",13,"Malacatancito",3,2174,400,47,9,0,43,3,98,4,8,12,0,7,0,231,13,6,250,1,251,--,400,149,231,250,251,Algún campo sin dato,1,ea22f4e1bf8491d52fd108b01b365010494ea8692a984fea259e4f48dd65f289,26/06/2023 01:55:44,ESCANER
15115,"Huehuetenango",13,"Malacatancito",3,2174,400,58,15,0,32,9,109,10,9,12,1,1,1,257,15,4,276,0,276,--,400,124,257,276,276,Algún campo sin dato,1,731edeee842485c9da864349e8d7a7cd9752cf66876cf9ca2308be3068654a06,26/06/2023 01:35:07,ESCANER
15116,"Huehuetenango",13,"Malacatancito",3,2174,400,41,8,6,31,7,123,8,21,16,1,3,0,265,11,11,287,0,287,0,400,113,265,287,287,,1,e9eff435221bc60e22bf55b4f55c28baf38c1a2c4f11a116906c51837a8b94ad,26/06/2023 01:25:36,ESCANER
15117,"Huehuetenango",13,"Malacatancito",3,2174,400,44,11,2,19,6,145,2,12,12,4,1,0,258,3,3,264,0,264,--,400,136,258,264,264,Algún campo sin dato,1,ec37795e93c990a305c31e9ea15ff7c4995cf7f7c06416edf32b7231d474f23d,26/06/2023 01:47:55,ESCANER
15118,"Huehuetenango",13,"Malacatancito",3,2175,400,54,12,0,33,10,84,3,8,11,0,2,0,217,10,0,227,1,228,1,400,172,217,227,228,,1,544414ca116506f366886301909c901629052f73076f5a0b0ee0580f6c4259ca,26/06/2023 01:47:37,ESCANER
15119,"Huehuetenango",13,"Malacatancito",3,2175,400,54,7,0,28,12,92,6,4,17,1,7,0,228,5,3,--,--,236,--,400,164,228,236,236,Algún campo sin dato,1,2ee7d8e598ca0b6402ad92b84518c1ed632de6f39c52605ae3b78bb7c3bcb293,26/06/2023 01:26:07,ESCANER
15120,"Huehuetenango",13,"Malacatancito",3,2175,400,63,9,2,24,9,98,3,13,8,1,8,2,238,3,0,241,0,241,--,397,156,240,243,243,Sumas Asentadas sin cuadrar,1,9519eff797668713aa8559702c60b01f6f29f65f6c8f1df41dca9cc3ae194d31,26/06/2023 04:27:25,ESCANER
15121,"Huehuetenango",13,"Malacatancito",3,2175,400,54,9,0,28,7,100,6,6,9,1,5,0,225,4,7,236,0,236,--,400,164,225,236,236,Algún campo sin dato,1,41f44e04ffa79ae6ef2e4e31ab1f16dce0eec0ee9bdd3f936b69ee7f15d67dc9,26/06/2023 01:41:24,ESCANER
15122,"Huehuetenango",13,"Malacatancito",3,2176,400,51,12,0,25,8,90,8,7,17,0,4,1,223,5,2,230,0,230,--,391,161,223,230,230,Algún campo sin dato,1,e1f93c0ef03e4dcce3340ee3b078b865d042a764ee97160eecd29ff1ec3228c5,26/06/2023 00:15:01,ESCANER
15123,"Huehuetenango",13,"Malacatancito",3,2176,400,52,10,2,22,6,95,4,5,13,2,8,0,219,4,1,224,0,224,--,400,176,219,224,224,Algún campo sin dato,1,8c9f94ac5c17cfdcbc9d1acb6c4e7e92eea64cda13ea42eaee544ad71a437770,26/06/2023 01:38:40,ESCANER
15124,"Huehuetenango",13,"Malacatancito",3,2176,400,45,8,0,38,8,87,4,6,12,0,1,0,209,2,2,213,0,213,2,400,187,209,213,213,,1,8995782e7a11a3366e561ebda5fcf75266e7b924a76aec7be04a7ba09e166ba4,26/06/2023 02:11:52,ESCANER
15125,"Huehuetenango",13,"Malacatancito",3,2176,252,38,8,0,17,5,53,5,7,8,0,2,0,143,6,0,149,0,149,--,252,103,143,149,149,Algún campo sin dato,1,8faa5250ccc4e11415d989e39be210105c17020ad9302e2ee1c1520cfdb35b65,26/06/2023 00:29:49,ESCANER
15126,"Huehuetenango",13,"Malacatancito",3,2176,251,23,8,2,18,5,43,2,3,12,0,3,0,119,1,0,120,0,120,0,251,131,119,120,120,,1,4edcfa03c9b294070963d50d7123c3ac052b8d0082e91b1da579a6dbf9895a19,26/06/2023 02:08:58,ESCANER
15127,"Huehuetenango",13,"Malacatancito",3,2177,380,56,7,5,31,21,74,3,0,5,0,4,0,206,17,8,231,0,231,--,354,123,206,231,231,Algún campo sin dato,1,e9ffa5646a4913aed9d5011f77586353f5b8762d872fd178ab0359bcfff63ee5,26/06/2023 00:50:06,ESCANER
15128,"Huehuetenango",13,"Malacatancito",3,2177,380,31,10,4,50,21,84,5,1,2,0,2,0,210,19,11,240,0,240,1,354,114,210,240,240,,1,68ddb48c775929e5b4ba952b47a6e50b17752c95aec3242a0dce7bbdc6ed7415,26/06/2023 00:47:02,ESCANER
15129,"Huehuetenango",13,"Malacatancito",3,2177,380,38,16,4,52,15,82,0,1,15,0,3,1,227,13,14,254,0,254,--,354,100,227,254,254,Algún campo sin dato,1,54f97b55f263b63b5e9d8fc003240ed6cdb2a4c7dfde513248a2fbf9fd511434,26/06/2023 00:36:21,ESCANER
15130,"Huehuetenango",13,"Malacatancito",3,2177,380,23,5,3,35,16,71,1,1,16,1,2,0,174,11,5,190,0,190,--,380,190,174,190,190,Algún campo sin dato,1,63aad287805e6a3c7c6145094dee5956a3cf9aba31350c09c8ae7ce0aafceccd,26/06/2023 00:32:11,ESCANER
15131,"Huehuetenango",13,"Malacatancito",3,2177,380,28,6,3,34,16,63,0,0,9,1,2,1,177,6,8,163,0,177,--,354,177,163,177,177,Sumas Asentadas sin cuadrar,1,ccc6f36ab6543c0e01acae8516be0e046fc514e1fc6f9739848f580b62f179ff,26/06/2023 01:07:05,ESCANER
15132,"Huehuetenango",13,"Malacatancito",3,2177,380,33,10,1,37,14,60,2,1,7,1,1,0,167,9,2,178,0,178,--,380,202,167,178,178,Algún campo sin dato,1,0764abb4094b343af65c3214e7165e3116659fc1b52cccb7622d1bf99d0437d3,26/06/2023 01:10:43,ESCANER
15133,"Huehuetenango",13,"Malacatancito",3,2178,380,59,9,0,70,27,67,1,0,17,0,2,1,253,9,7,269,0,269,--,380,111,253,269,269,Algún campo sin dato,1,34619d15ed02e10ab5003bf2c391e8a58b72f8bbd6bb110832ca8fd0bb2648bc,26/06/2023 01:08:39,ESCANER
15134,"Huehuetenango",13,"Malacatancito",3,2178,380,52,7,2,99,24,61,0,0,4,1,1,0,251,13,2,266,0,266,--,380,114,251,266,266,Algún campo sin dato,1,e45f9ff9049c3dab4770dd87c59790b11284c271504030602be709ba9993eeb5,26/06/2023 01:59:13,ESCANER
15135,"Huehuetenango",13,"Malacatancito",3,2178,231,35,5,2,25,11,31,0,3,7,0,2,0,121,2,2,125,0,125,--,231,103,121,125,125,Algún campo sin dato,1,7169c8e88d947d20d2f911ccec7b54eab67702b2d85168970520ccd356f83739,26/06/2023 00:20:27,ESCANER
15136,"Huehuetenango",13,"Malacatancito",3,2178,231,31,3,1,51,9,41,0,1,9,0,0,0,146,2,0,148,0,148,--,231,83,146,148,148,Algún campo sin dato,1,22fc59282b132d06d210a38da235461e0bcc148c6ad3baefa90d5844f73447e8,26/06/2023 00:17:54,ESCANER
15137,"Huehuetenango",13,"Malacatancito",3,2179,360,62,11,0,18,3,104,2,0,2,1,1,0,204,9,3,216,0,216,--,360,144,204,216,216,Algún campo sin dato,1,92b6b5f425379314823078957dae5c57fc2d21ffa2cc415102044b075f1c3ad5,26/06/2023 01:19:12,ESCANER
15138,"Huehuetenango",13,"Malacatancito",3,2180,316,20,4,0,14,2,32,0,1,2,1,1,0,77,5,1,83,0,83,--,316,233,77,83,83,Algún campo sin dato,1,5fbd0f740366c1fd1caaa89227a07937a5c0980415c5e32ec3b6c00e07f76ed0,25/06/2023 21:53:30,ESCANER
15139,"Huehuetenango",13,"Malacatancito",3,2180,315,12,2,0,3,3,24,0,2,1,0,3,0,50,1,1,52,0,52,--,315,263,50,52,52,Algún campo sin dato,1,b83950a86e25eeda02916c4a46e7272ce1c1cf8287713d8af9a5599a21575d8c,25/06/2023 22:17:46,ESCANER