﻿TIPO_DE_ELECCIÓN:,CORPORACIÓN MUNICIPAL
28 junio 2023 21:35 (UTC -6)
ACTAS_ESPERADAS,ACTAS_CAPTURADAS,PORCENTAJE_ACTAS_CAPTURADAS,ACTAS_CONTABILIZADAS,PORCENTAJE_ACTAS_CONTABILIZADAS,ACTAS_NO_CONTABILIZADAS,LISTA_NOMINAL_ACTAS_CONTABILIZADAS,VOTOS_EMITIDOS_CONTABILIZADAS,PORCENTAJE_PARTICIPACIÓN_CIUDADANA
57,57,100.0000,56,98.2456,1,20271,12149,59.9329

MESA,DEPARTAMENTO,ID_DEPARTAMENTO,MUNICIPIO,ID_MUNICIPIO,CENTRO_DE_VOTACIÓN,PADRÓN,UNE,VAMOS,CABAL,BIEN,U R N G - MAIZ,TODOS,AZUL,PODEMOS,PHG,VIVA,PR,VÁLIDOS,NULOS,BLANCO,EMITIDOS,INVÁLIDOS,TOTAL,IMPUGNACIONES,PAPELETAS-RECIBIDAS,PAPELETAS-NO-USADAS,VALIDOS_CALCULADO,EMITIDOS_CALCULADO,TOTAL_CALCULADO,OBSERVACIONES,CONTABILIZADA,CÓDIGO_INTEGRIDAD,FECHA_HORA_PUBLICACIÓN,DIGITALIZACIÓN
16077,"Huehuetenango",13,"Colotenango",19,2366,400,92,71,35,15,3,8,5,4,5,1,0,239,14,10,263,0,263,--,400,137,239,263,263,Algún campo sin dato,1,758887d7f874e15cef8b7dfba5b19a2301e84a5544bec2ec4a152519cc1978f0,26/06/2023 01:10:53,ESCANER
16078,"Huehuetenango",13,"Colotenango",19,2366,400,122,80,42,5,2,7,1,2,6,3,0,270,14,13,297,0,297,--,400,103,270,297,297,Algún campo sin dato,1,e70f45eb1b7dfb27258f3aab21d8ce8b9cf4e1e081a09fb71bfac935200cf456,26/06/2023 02:23:08,ESCANER
16079,"Huehuetenango",13,"Colotenango",19,2366,400,105,77,23,20,5,11,3,0,5,3,0,252,12,11,275,0,275,--,400,125,252,275,275,Algún campo sin dato,1,11394ef8e9b6d7065101b6b47a96f7d817fb5bb25e7fab6031eb87423c6cc672,26/06/2023 00:26:06,ESCANER
16080,"Huehuetenango",13,"Colotenango",19,2366,400,132,69,23,27,3,8,1,4,7,5,0,279,9,6,294,0,294,--,400,106,279,294,294,Algún campo sin dato,1,27b3d669affc3f2703c1181979ad0b3fdd055a8e33f165c6491837d91e75d36c,26/06/2023 01:34:50,ESCANER
16081,"Huehuetenango",13,"Colotenango",19,2366,400,84,68,18,65,1,10,1,0,6,5,0,258,9,11,278,0,278,--,400,122,258,278,278,Algún campo sin dato,1,1375a97944a70fb08797afef9eef53b34d54c8faca5fbd6efe041d1cf37ead90,25/06/2023 23:48:14,ESCANER
16082,"Huehuetenango",13,"Colotenango",19,2366,400,110,43,12,32,0,7,0,3,0,4,0,211,7,2,220,0,220,--,400,180,211,220,220,Algún campo sin dato,1,45257af31e5c9928626ab423a6d4bf5a1aa39d369c877ac50a06306e9c74d525,25/06/2023 23:00:54,ESCANER
16083,"Huehuetenango",13,"Colotenango",19,2367,400,81,61,17,44,3,12,0,0,0,1,0,219,14,10,243,0,243,--,400,157,219,243,243,Algún campo sin dato,1,8c52b50be438499c5a198022d40fbed3562e560bf3a778bf230e11ff09242687,26/06/2023 00:00:14,ESCANER
16084,"Huehuetenango",13,"Colotenango",19,2367,400,75,56,16,31,7,9,0,0,4,1,0,199,5,6,210,1,211,--,400,189,199,210,211,Algún campo sin dato,1,f254f5caa9927b7b033400083c57b2b6ea0335b8429d3dd2a03d14f75324f36b,26/06/2023 01:04:43,ESCANER
16085,"Huehuetenango",13,"Colotenango",19,2368,400,88,43,12,28,1,8,0,1,3,0,1,185,1,3,193,7,192,--,398,202,185,189,196,Sumas Asentadas sin cuadrar,1,51bdddb0f298bb6a8a16a12c3c41586bd24316d795afef55ccf77054103a9e9f,26/06/2023 01:23:11,ESCANER
16086,"Huehuetenango",13,"Colotenango",19,2368,400,102,73,14,28,2,6,0,1,1,0,0,227,5,2,234,1,235,--,400,165,227,234,235,Algún campo sin dato,1,71f8efc65f5419780c8329017da461f1c55618f014d9e986c68b1e3d0d7c3466,25/06/2023 22:39:01,ESCANER
16087,"Huehuetenango",13,"Colotenango",19,2368,277,70,38,11,18,0,4,0,1,5,0,0,147,2,4,153,--,--,--,--,--,147,153,153,Algún campo sin dato,1,e9a19661dc7e10ff29589457404a079b1f80c358a38bbd55f279670f0df740bd,25/06/2023 21:15:23,ESCANER
16088,"Huehuetenango",13,"Colotenango",19,2368,277,43,37,8,19,0,6,0,0,2,1,0,116,3,4,123,2,125,--,277,152,116,123,125,Algún campo sin dato,1,4e3f33dff2d157d3bb63b90c96dc2cb7cfeff28c3e53e319a58474e1412dfc54,25/06/2023 21:36:16,ESCANER
16089,"Huehuetenango",13,"Colotenango",19,2369,400,117,68,30,13,8,13,3,1,15,1,1,270,15,4,289,0,289,--,401,112,270,289,289,Algún campo sin dato,1,f3e4bf524d0c99b12597ec7d39d2a73836c4915bb9839dd4229494cd08e2078c,26/06/2023 01:13:34,ESCANER
16090,"Huehuetenango",13,"Colotenango",19,2369,400,164,34,6,13,5,14,0,1,5,0,0,242,9,11,262,138,400,--,400,138,242,262,400,Algún campo sin dato,1,8b11f54023b1bed8798d4cf83985ca07fdf7087192442f92e81ea554bf425a70,25/06/2023 23:05:31,ESCANER
16091,"Huehuetenango",13,"Colotenango",19,2369,400,137,38,18,57,8,8,2,0,2,2,0,272,16,7,295,1,296,--,400,104,272,295,296,Algún campo sin dato,1,459f5320027b5da5c4d7ad491d55a8b845cd3bd3a7550f1871bb02d8f16cc947,26/06/2023 00:59:01,ESCANER
16092,"Huehuetenango",13,"Colotenango",19,2369,400,140,53,4,17,12,12,0,1,4,0,0,243,9,2,254,0,254,--,400,146,243,254,254,Algún campo sin dato,1,8428e7be57b72cef17c838ecb90c98d4e14ae66b8bbfee15d7b64a8d638199f9,26/06/2023 01:05:51,ESCANER
16093,"Huehuetenango",13,"Colotenango",19,2369,372,113,40,20,14,5,19,0,0,1,0,0,212,2,2,216,0,216,--,372,153,212,216,216,Algún campo sin dato,1,984725f466c331d168f6993e414312671670ed26dc1d34b5620123e75fd698c1,26/06/2023 00:26:20,ESCANER
16094,"Huehuetenango",13,"Colotenango",19,2369,372,112,31,15,31,7,8,0,0,1,0,0,205,2,1,208,0,208,--,--,--,205,208,208,Algún campo sin dato,1,8aaec6c80cca86bf16ae85da1bf22ce1f3ce719b248c527c86b155713cb32a70,25/06/2023 23:52:27,ESCANER
16095,"Huehuetenango",13,"Colotenango",19,2370,400,125,23,25,12,10,53,3,0,0,1,0,252,12,7,271,0,271,--,401,130,252,271,271,Algún campo sin dato,1,8aeef5e47c71b172fce5f4a3b7298303a6ca09a9622f9211753b402787f43ce3,25/06/2023 23:03:08,ESCANER
16096,"Huehuetenango",13,"Colotenango",19,2370,257,58,10,9,4,8,30,0,0,1,0,0,120,1,5,126,0,126,--,257,128,120,126,126,Algún campo sin dato,1,adda7d5d4cfed3883934114b1aedf4b0444b72d562a0d66ff3517031f1d4e9b8,25/06/2023 21:27:10,ESCANER
16097,"Huehuetenango",13,"Colotenango",19,2370,257,50,9,14,7,4,35,0,0,0,0,0,119,1,3,123,0,123,--,257,134,119,123,123,Algún campo sin dato,1,e056dfa0dadaa21286e153f70aafbb506a5ea35728d3b445c09e865c454a7d80,25/06/2023 20:39:29,ESCANER
16098,"Huehuetenango",13,"Colotenango",19,2371,380,113,33,7,10,16,19,1,1,2,1,--,203,15,5,223,0,223,--,380,157,203,223,223,Algún campo sin dato,1,b3eb2483b9ade92d5c77bf60627db3f238a18412b2e719c9de97a431e0e7d3aa,26/06/2023 01:07:13,ESCANER
16099,"Huehuetenango",13,"Colotenango",19,2371,380,95,53,12,21,38,24,2,2,1,4,0,252,11,4,267,0,267,--,377,110,252,267,267,Algún campo sin dato,1,3dbae20ffd6cf23b76b8cf2712d755d20066a9b9f6c83c91f2ae8c7ba07ac985,26/06/2023 02:09:30,ESCANER
16100,"Huehuetenango",13,"Colotenango",19,2371,380,--,--,--,--,--,--,--,--,--,--,--,--,--,--,--,--,--,--,--,--,,,,Suma Excede Padrón,0,9a2d300b17e7800beb85483c1ba513fc825cb93d6f70319c7974bd13faeec439,26/06/2023 05:17:22,ESCANER
16101,"Huehuetenango",13,"Colotenango",19,2371,380,127,14,21,12,40,32,1,0,3,2,0,252,14,15,281,0,281,--,380,99,252,281,281,Algún campo sin dato,1,130152f01a637ab67e71c18f1b9514d99e77faaf6d443b688e6fb909b9e4b3d3,26/06/2023 01:08:14,ESCANER
16102,"Huehuetenango",13,"Colotenango",19,2371,380,121,17,7,4,24,18,1,0,1,1,0,193,14,6,213,0,213,--,380,167,194,214,214,Sumas Asentadas sin cuadrar,1,a8c3f5179822ad0bbe4a5c480f1995fdbe55a3c22243e1519b704ecf5f31f8d2,26/06/2023 00:13:20,ESCANER
16103,"Huehuetenango",13,"Colotenango",19,2371,380,83,22,9,15,16,27,0,1,0,1,0,174,3,2,179,0,179,--,380,198,174,179,179,Algún campo sin dato,1,e77cec0f169be9389eea1720d1c094d93a39d8d9bba4e4ce349698ca6e73791c,25/06/2023 23:49:48,ESCANER
16104,"Huehuetenango",13,"Colotenango",19,2371,380,79,21,15,8,14,18,0,0,2,0,0,157,9,2,168,--,168,--,380,212,157,168,168,Algún campo sin dato,1,79c573bd3a4e5557f68734a8684446e74a9b8afa1466f323b3e52e4d9d092bc6,26/06/2023 01:16:50,ESCANER
16105,"Huehuetenango",13,"Colotenango",19,2371,332,87,18,19,16,11,18,0,1,5,0,0,175,2,4,181,0,181,--,332,151,175,181,181,Algún campo sin dato,1,4b76a4e5dc3c02c1370bdf98c7d78ef3565cf9ca3f428e7d6169a803f52e07c4,26/06/2023 01:59:41,ESCANER
16106,"Huehuetenango",13,"Colotenango",19,2371,331,82,21,11,17,16,24,0,3,1,1,0,176,2,2,180,0,180,--,331,151,176,180,180,Algún campo sin dato,1,88d51370a58bd40aeaae665405e6f48f0f4251c01c8a4a840c7e90d8a3b326bb,26/06/2023 03:53:01,ESCANER
16107,"Huehuetenango",13,"Colotenango",19,2372,380,84,63,8,8,26,10,1,0,9,0,0,209,14,11,234,0,234,--,380,146,209,234,234,Algún campo sin dato,1,beb5c07a20e611b82ba80c43718efba99e730fcf944247154f19ca1f389d38de,25/06/2023 23:41:53,ESCANER
16108,"Huehuetenango",13,"Colotenango",19,2372,380,69,40,21,6,38,23,0,0,0,1,0,198,9,11,198,20,218,--,380,162,198,218,238,Sumas Asentadas sin cuadrar,1,7f32c2cff3444369bb252d910680a2aac05095a9cc2beabc5dec58758bd61797,26/06/2023 03:48:37,ESCANER
16109,"Huehuetenango",13,"Colotenango",19,2372,380,64,103,6,3,24,17,0,2,3,1,0,223,15,9,247,3,250,--,381,131,223,247,250,Algún campo sin dato,1,0e7ba44c7464b17ff5d0d7c3f8360058e98a14a49c2ff4c67e2ce61c8665fcec,26/06/2023 01:43:34,ESCANER
16110,"Huehuetenango",13,"Colotenango",19,2372,380,66,70,1,5,23,14,0,0,3,0,0,182,10,4,196,0,196,--,379,183,182,196,196,Algún campo sin dato,1,d08a197a9104c5a7dfacabc568d8f5ceed36b2769d85184336abf8bdbe842bd1,26/06/2023 00:24:17,ESCANER
16111,"Huehuetenango",13,"Colotenango",19,2372,380,57,47,7,6,21,18,0,0,1,0,0,157,7,5,169,0,169,--,380,211,157,169,169,Algún campo sin dato,1,e690b77386c412e45a19b473658c0c15eb6ad9a9ccaa85e4dceadfb2bfed0659,25/06/2023 23:45:52,ESCANER
16112,"Huehuetenango",13,"Colotenango",19,2372,197,32,28,7,1,9,3,0,1,3,0,0,84,2,2,88,0,88,--,197,109,84,88,88,Algún campo sin dato,1,4716db2e866dd38b06d861388bb584361d72e7dfbaeb94e372fd73a0ec70408a,25/06/2023 21:59:21,ESCANER
16113,"Huehuetenango",13,"Colotenango",19,2372,197,37,12,3,3,6,4,0,0,4,0,0,69,1,0,70,2,72,--,197,125,69,70,72,Algún campo sin dato,1,a6799362f6772dd59c050b4560e819ad3451368c87363a99129acd6d823420c3,25/06/2023 21:23:44,ESCANER
16114,"Huehuetenango",13,"Colotenango",19,2373,380,95,24,24,24,10,18,1,0,5,3,0,204,15,6,225,0,225,--,377,152,204,225,225,Algún campo sin dato,1,8586d3579175727ea4a0156ece43c234839c5834e74b14ec027399b4e401aec9,26/06/2023 04:21:51,ESCANER
16115,"Huehuetenango",13,"Colotenango",19,2373,380,114,26,12,26,14,17,1,0,7,0,0,217,10,11,238,--,238,--,380,142,217,238,238,Algún campo sin dato,1,49386671b52ff4afc4a239725e3ee3369423a84e1263a0bddcb545d161cc7e7d,26/06/2023 04:13:02,ESCANER
16116,"Huehuetenango",13,"Colotenango",19,2373,380,108,40,40,16,7,19,1,1,5,1,1,239,10,7,256,0,256,--,380,124,239,256,256,Algún campo sin dato,1,243f26e10728820eb362898b5395af28e9977ae3c24aa4bf5da35063abc67c66,26/06/2023 04:26:29,ESCANER
16117,"Huehuetenango",13,"Colotenango",19,2373,380,57,24,26,39,5,35,0,1,6,3,1,197,1,14,220,8,220,--,383,--,197,212,220,Sumas Asentadas sin cuadrar,1,a40b9e8d4c160ab3a5ac392e9ad37b05ee10bf11f91d7e4b82acc99f9cbf19a3,26/06/2023 04:50:24,ESCANER
16118,"Huehuetenango",13,"Colotenango",19,2373,380,76,24,28,18,6,22,0,2,0,1,0,185,7,6,198,0,198,--,380,182,177,190,190,Sumas Asentadas sin cuadrar,1,6d9a7b7efb4890a5ca43a4da25d2ca11b3036f3a0712a625a774673f7f753272,26/06/2023 04:44:10,ESCANER
16119,"Huehuetenango",13,"Colotenango",19,2373,333,73,27,16,8,6,18,0,0,4,0,0,152,3,2,157,1,158,--,333,175,152,157,158,Algún campo sin dato,1,1262f372ab2a1eb6d7dfdab8ad5b34cbf9cfc0fbe494f9bf7b5a3451698ea2fe,26/06/2023 04:33:37,ESCANER
16120,"Huehuetenango",13,"Colotenango",19,2373,333,90,23,11,19,1,18,0,0,5,0,0,167,7,3,177,0,177,--,333,153,167,177,177,Algún campo sin dato,1,cb53d649c7e9ad1b68c68d18dc1c19ea26e858bcd26d2a9ea5618ea8dc641012,26/06/2023 04:30:06,ESCANER
16121,"Huehuetenango",13,"Colotenango",19,2374,380,49,84,21,69,5,13,1,1,3,0,1,247,14,8,269,--,269,--,380,111,247,269,269,Algún campo sin dato,1,8ff6b5a88ed9191ae5e548f12997b95d6ac5e1bf6c54bd41cddd72a2608c2d41,26/06/2023 03:35:06,ESCANER
16122,"Huehuetenango",13,"Colotenango",19,2374,380,47,56,13,107,10,17,1,1,1,0,1,254,20,19,293,0,293,--,380,87,254,293,293,Algún campo sin dato,1,2782f8d66f3ee325104d1d5b8b977d3a3963d2e2739fe434a0319c83fd674030,26/06/2023 03:23:40,ESCANER
16123,"Huehuetenango",13,"Colotenango",19,2374,353,42,48,18,60,7,17,1,0,0,0,0,193,9,4,206,0,206,--,350,99,193,206,206,Algún campo sin dato,1,5481c3fb2486cf015e945e1936bea5bba1bda12f8106358c47bc115a6be6c6e7,26/06/2023 02:32:32,ESCANER
16124,"Huehuetenango",13,"Colotenango",19,2374,353,24,55,15,94,3,15,0,0,0,0,0,206,8,2,216,0,216,--,353,134,206,216,216,Algún campo sin dato,1,56aab50f841b2e57cb5a66b751909d3c5e4fd65f05f5bdcb8d78a1ee1a146acd,26/06/2023 01:19:04,ESCANER
16125,"Huehuetenango",13,"Colotenango",19,2375,380,70,156,16,5,3,12,1,0,0,2,0,265,6,16,287,0,287,--,380,91,265,287,287,Algún campo sin dato,1,b65272c6f4e00da274cb6741dab6f42e42e7d8c56f6797cbefc41ecf02cd0675,26/06/2023 01:49:59,ESCANER
16126,"Huehuetenango",13,"Colotenango",19,2375,380,85,118,12,12,1,14,1,2,3,2,1,251,7,6,264,0,264,--,380,113,251,264,264,Algún campo sin dato,1,ae941169bdc8878da57d1b635169c48c1a7a960263f6ffd4ec1204babb2ce615,26/06/2023 01:23:48,ESCANER
16127,"Huehuetenango",13,"Colotenango",19,2375,380,100,70,9,19,29,24,4,0,0,0,1,186,12,12,210,0,210,--,375,97,256,280,280,Sumas Asentadas sin cuadrar,1,fd530f20070bad6ccd5cdcb25d1d92d6e44a4381e270a59aed217d2850ac9a6d,26/06/2023 04:22:11,ESCANER
16128,"Huehuetenango",13,"Colotenango",19,2375,380,107,92,10,30,12,17,1,0,1,--,1,271,10,8,289,--,289,--,351,62,271,289,289,Algún campo sin dato,1,21078e6dcd5f5187fd0d6749e5dc0f30232e8f4e966570c22602e0d21dd33177,26/06/2023 01:16:40,ESCANER
16129,"Huehuetenango",13,"Colotenango",19,2375,380,83,101,11,10,5,17,2,1,1,0,0,131,9,12,252,0,231,--,--,--,231,252,252,Sumas Asentadas sin cuadrar,1,4657adf83dac77d06c06068cb005e5ce59c86b1aae0ce076bbb59b6cfd5ccd54,26/06/2023 04:03:58,ESCANER
16130,"Huehuetenango",13,"Colotenango",19,2375,380,69,93,12,13,1,12,2,2,0,0,0,204,9,5,218,0,218,--,380,162,204,218,218,Algún campo sin dato,1,b292f8cf550f2c8741b9ceec1b5a5ef7bca40519b736f80c89c0cf1bb12655ae,26/06/2023 01:21:18,ESCANER
16131,"Huehuetenango",13,"Colotenango",19,2375,274,57,75,4,11,3,12,0,0,0,0,0,162,0,5,167,2,169,--,274,105,162,167,169,Algún campo sin dato,1,48a4238b007fd2996b63d159b21f636aa5a5ea3f130dd0c634298791237db9c2,26/06/2023 01:02:19,ESCANER
16132,"Huehuetenango",13,"Colotenango",19,2375,273,53,73,7,4,4,10,0,0,0,0,0,151,6,9,166,15,166,--,273,107,151,166,181,Sumas Asentadas sin cuadrar,1,5bf0df2abd437743382845a24f071ad243f372d73e8870c4c0bfe78bb4dc7946,26/06/2023 00:52:05,ESCANER
16133,"Huehuetenango",13,"Colotenango",19,2376,363,11,11,5,5,6,4,0,1,0,0,0,43,4,2,49,0,49,--,361,312,43,49,49,Algún campo sin dato,1,36ddd1fcf65543b5130c52ca4d31355af0084216b3f5df88f80d1baa1f16440b,25/06/2023 21:47:46,ESCANER