﻿TIPO_DE_ELECCIÓN:,CORPORACIÓN MUNICIPAL
28 junio 2023 21:35 (UTC -6)
ACTAS_ESPERADAS,ACTAS_CAPTURADAS,PORCENTAJE_ACTAS_CAPTURADAS,ACTAS_CONTABILIZADAS,PORCENTAJE_ACTAS_CONTABILIZADAS,ACTAS_NO_CONTABILIZADAS,LISTA_NOMINAL_ACTAS_CONTABILIZADAS,VOTOS_EMITIDOS_CONTABILIZADAS,PORCENTAJE_PARTICIPACIÓN_CIUDADANA
23,23,100.0000,22,95.6521,1,8056,6994,86.8172

MESA,DEPARTAMENTO,ID_DEPARTAMENTO,MUNICIPIO,ID_MUNICIPIO,CENTRO_DE_VOTACIÓN,PADRÓN,VAMOS,CABAL,UNE,TODOS,VALOR UNIONISTA,VÁLIDOS,NULOS,BLANCO,EMITIDOS,INVÁLIDOS,TOTAL,IMPUGNACIONES,PAPELETAS-RECIBIDAS,PAPELETAS-NO-USADAS,VALIDOS_CALCULADO,EMITIDOS_CALCULADO,TOTAL_CALCULADO,OBSERVACIONES,CONTABILIZADA,CÓDIGO_INTEGRIDAD,FECHA_HORA_PUBLICACIÓN,DIGITALIZACIÓN
9634,"Sololá",7,"San Juan La Laguna",17,1205,400,225,1,11,106,4,347,4,0,351,0,351,--,400,49,347,351,351,Algún campo sin dato,1,35c0ae0b73d217908c06e0469809883ee811d7f5bdb7e206d468fcd4fb3f55b2,26/06/2023 00:48:27,ESCANER
9635,"Sololá",7,"San Juan La Laguna",17,1205,400,209,2,9,142,1,363,5,0,368,0,368,0,400,32,363,368,368,,1,9a711f805d49a2060166c61c545ab572e03c4f3a8f8390c29a288aa724119c7a,26/06/2023 00:53:10,ESCANER
9636,"Sololá",7,"San Juan La Laguna",17,1205,400,189,1,7,168,0,365,2,0,367,0,367,0,400,33,365,367,367,,1,96a817ed77b668310c4ba8522189b2e0e10a070082a037a3e99bf57dd1af45a0,26/06/2023 00:32:27,ESCANER
9637,"Sololá",7,"San Juan La Laguna",17,1205,400,199,0,4,177,0,380,2,0,382,0,382,0,400,18,380,382,382,,1,f8e170f9d5bd5d0429b2a226bf138bbad08a41668438c6d64a9e0a441a419560,26/06/2023 00:20:49,ESCANER
9638,"Sololá",7,"San Juan La Laguna",17,1205,400,219,0,12,141,0,372,2,0,374,0,374,--,400,26,372,374,374,Algún campo sin dato,1,89dd7ffe5f409da1f84752ea4b581094a031a657369ed89a318d62184472ae26,26/06/2023 01:09:40,ESCANER
9639,"Sololá",7,"San Juan La Laguna",17,1206,400,192,0,6,166,1,365,6,0,371,0,371,--,400,29,365,371,371,Algún campo sin dato,1,51c9973d64201b447aa09700f246523aeabe7c3302efbcdd447a03fdc241144c,26/06/2023 00:47:04,ESCANER
9640,"Sololá",7,"San Juan La Laguna",17,1206,400,209,--,9,114,1,333,0,0,333,0,333,--,400,67,333,333,333,Algún campo sin dato,1,030da88a0e69bc9701ad917a608d38aa1bee9bb6c3a44d59573a5eaa96bc555e,26/06/2023 02:13:34,ESCANER
9641,"Sololá",7,"San Juan La Laguna",17,1206,400,205,6,6,108,2,321,3,0,324,0,324,--,400,76,327,330,330,Sumas Asentadas sin cuadrar,1,04d9a7b58b117bfc211ec4f1804f02cefad486223488e79f6f948a7ca3d78d93,25/06/2023 23:02:26,ESCANER
9642,"Sololá",7,"San Juan La Laguna",17,1206,400,215,1,5,115,1,337,4,0,341,0,341,--,400,59,337,341,341,Algún campo sin dato,1,c426b127f6862db04863bcf1643c2c19ac1ac3f1f042db7beabc842baad11e10,25/06/2023 23:20:46,ESCANER
9643,"Sololá",7,"San Juan La Laguna",17,1207,400,173,0,6,142,1,322,5,0,327,0,327,1,400,73,322,327,327,,1,43531eaffc2f23dfdd4ca5a81fbb88b699d0f4b545258abff7e369ee28697f94,26/06/2023 00:38:46,ESCANER
9644,"Sololá",7,"San Juan La Laguna",17,1207,308,142,0,6,96,4,248,1,0,249,0,249,0,308,59,248,249,249,,1,36629196142bc3508088f7a0398f4d9ded8beb1bf0353aa133e6aae3726df866,25/06/2023 23:36:11,ESCANER
9645,"Sololá",7,"San Juan La Laguna",17,1207,308,138,2,5,101,0,246,1,0,247,0,247,0,308,61,246,247,247,,1,9489d01c3043029c9ece80d9ffed6cf71cce5239ae0f1ebb9aaadc732ca9590b,25/06/2023 23:39:41,ESCANER
9646,"Sololá",7,"San Juan La Laguna",17,1208,380,93,0,165,68,2,328,6,3,337,0,337,--,380,43,328,337,337,Algún campo sin dato,1,b5d128a571a7ea9e6d6d28de8bb544b5fd47180d125ccb9b29db14bf55f117c8,25/06/2023 22:49:46,ESCANER
9647,"Sololá",7,"San Juan La Laguna",17,1208,380,111,0,174,57,0,342,6,2,350,0,350,--,380,30,342,350,350,Algún campo sin dato,1,12c730cf8869e301e5c42b444508391d9e3460537fec820e4e8dc0b2c9527615,26/06/2023 00:46:17,ESCANER
9648,"Sololá",7,"San Juan La Laguna",17,1208,380,--,--,--,--,--,--,--,--,--,--,--,--,--,--,,,,Acta ilegible,0,fc767a1914c66d610594199fb936b363145426a3a183e6b0909d91c488402d8d,26/06/2023 05:58:30,ESCANER
9649,"Sololá",7,"San Juan La Laguna",17,1208,330,65,0,155,43,0,263,1,0,264,0,264,--,330,66,263,264,264,Algún campo sin dato,1,ef57f8f5751b72c21970fc759beef6519f5725e3caca77fd1d58f63c72722939,26/06/2023 04:16:10,ESCANER
9650,"Sololá",7,"San Juan La Laguna",17,1208,330,66,0,146,47,2,261,1,2,264,0,264,--,330,66,261,264,264,Algún campo sin dato,1,f09c9d0ae235bcfdc30a1035128bd482e945345d2076503872dfe92ee685c51f,25/06/2023 23:03:40,ESCANER
9651,"Sololá",7,"San Juan La Laguna",17,1209,380,135,1,52,142,0,330,7,2,339,0,339,9,380,41,330,339,339,,1,05acc01972ce460546cf9fda5a9310b817777b1011d6ebae691b22caad681017,26/06/2023 03:16:40,ESCANER
9652,"Sololá",7,"San Juan La Laguna",17,1209,278,96,0,51,81,1,229,1,2,232,0,232,1,278,45,229,232,232,,1,dd560bb772525c8c33c12ec36f4ebf02626292ba0b5de8770b74fa6977f18bc5,26/06/2023 00:27:58,ESCANER
9653,"Sololá",7,"San Juan La Laguna",17,1209,277,100,0,46,73,2,221,2,1,224,0,224,0,277,53,221,224,224,,1,98dcb2c2237271ca91abc49031c2953ba6e22010c2258769ace89732bd8424d5,26/06/2023 01:31:34,ESCANER
9654,"Sololá",7,"San Juan La Laguna",17,1210,380,101,0,136,100,0,337,7,5,349,0,349,--,377,28,337,349,349,Algún campo sin dato,1,20e02a2dfac661964e2cdfb58c27f826e0ef01c3fbbf23299b54c6622b993ac1,26/06/2023 00:38:44,ESCANER
9655,"Sololá",7,"San Juan La Laguna",17,1210,353,79,0,149,77,2,307,7,3,317,0,317,--,350,33,307,317,317,Algún campo sin dato,1,5eab17cd3b409def24c96dde11dba2d07d1035824f71c1930a245f539bbfb41c,26/06/2023 00:12:56,ESCANER
9656,"Sololá",7,"San Juan La Laguna",17,1210,352,69,0,135,72,0,276,1,1,278,0,278,0,349,71,276,278,278,,1,23c448932cc512a44fef51b19de34236c93ec7687d89dd70ba21c36948d58154,25/06/2023 23:45:05,ESCANER