﻿TIPO_DE_ELECCIÓN:,CORPORACIÓN MUNICIPAL
28 junio 2023 21:35 (UTC -6)
ACTAS_ESPERADAS,ACTAS_CAPTURADAS,PORCENTAJE_ACTAS_CAPTURADAS,ACTAS_CONTABILIZADAS,PORCENTAJE_ACTAS_CONTABILIZADAS,ACTAS_NO_CONTABILIZADAS,LISTA_NOMINAL_ACTAS_CONTABILIZADAS,VOTOS_EMITIDOS_CONTABILIZADAS,PORCENTAJE_PARTICIPACIÓN_CIUDADANA
77,77,100.0000,77,100.0000,0,28211,19862,70.4051

MESA,DEPARTAMENTO,ID_DEPARTAMENTO,MUNICIPIO,ID_MUNICIPIO,CENTRO_DE_VOTACIÓN,PADRÓN,UNE,VAMOS,MLP,TODOS,VICTORIA,PODEMOS,CABAL,ELEFANTE,BIEN,PHG,U R N G - MAIZ,PPN,VALOR UNIONISTA,VÁLIDOS,NULOS,BLANCO,EMITIDOS,INVÁLIDOS,TOTAL,IMPUGNACIONES,PAPELETAS-RECIBIDAS,PAPELETAS-NO-USADAS,VALIDOS_CALCULADO,EMITIDOS_CALCULADO,TOTAL_CALCULADO,OBSERVACIONES,CONTABILIZADA,CÓDIGO_INTEGRIDAD,FECHA_HORA_PUBLICACIÓN,DIGITALIZACIÓN
18536,"Baja Verapaz",15,"Purulhá",8,2849,400,31,47,6,73,53,2,11,11,3,11,2,4,2,256,20,6,282,0,282,--,376,94,256,282,282,Algún campo sin dato,1,30b8cca21d78cbeff7732f2fd8e4b2c9a958856a3ddf36dfef1f9ddfcf9f92d6,26/06/2023 02:03:10,ESCANER
18537,"Baja Verapaz",15,"Purulhá",8,2849,400,41,44,7,98,54,3,10,6,6,7,4,9,2,291,21,6,318,0,318,--,372,54,291,318,318,Algún campo sin dato,1,4b0cde85533999b8eb252515938e9992ba54a1d2a42d0cb99115d65647530690,26/06/2023 01:37:03,ESCANER
18538,"Baja Verapaz",15,"Purulhá",8,2850,400,26,49,2,99,53,11,24,9,3,7,2,5,3,293,20,6,319,0,319,--,376,57,293,319,319,Algún campo sin dato,1,f59f2986cae86913c1d99645af62c386aed812eee87903097d026bdce2e26001,26/06/2023 02:18:21,ESCANER
18539,"Baja Verapaz",15,"Purulhá",8,2850,400,36,51,5,91,68,7,16,9,1,8,1,2,0,295,30,3,328,0,328,--,375,47,295,328,328,Algún campo sin dato,1,075280000d15a89f7eb606424d521771ad376ad24ba58683d3de36ab4c9462e0,26/06/2023 02:05:37,ESCANER
18540,"Baja Verapaz",15,"Purulhá",8,2850,400,51,46,4,77,72,9,8,15,5,7,2,4,1,301,19,7,327,0,327,1,376,48,301,327,327,,1,758816d4ba22b36f7e43cbf1ce4e87f50748306994373378ae9866ebbfcee401,26/06/2023 03:07:55,ESCANER
18541,"Baja Verapaz",15,"Purulhá",8,2850,400,34,39,3,91,47,5,12,11,7,12,2,8,2,273,25,6,304,0,304,--,400,96,273,304,304,Algún campo sin dato,1,0aa9db3450ccb668b1df88ac03ae336bc58c8811ca4d3e9b8cc725499691c253,25/06/2023 23:19:26,ESCANER
18542,"Baja Verapaz",15,"Purulhá",8,2851,400,31,54,4,72,62,2,10,4,7,13,4,3,7,273,23,11,307,0,307,0,376,69,273,307,307,,1,027547a6b62f3104f78197af9675bfe6ba8a0eb92fa3ca694767fe95632bb33f,26/06/2023 02:42:29,ESCANER
18543,"Baja Verapaz",15,"Purulhá",8,2852,400,35,38,4,61,55,2,17,12,6,9,2,2,2,245,14,5,264,0,264,--,376,112,245,264,264,Algún campo sin dato,1,27e846fa367d5e796c6610300a01537d9448b720384b2f84b60eed377a0fa03c,26/06/2023 01:42:52,ESCANER
18544,"Baja Verapaz",15,"Purulhá",8,2853,400,35,43,4,72,46,2,11,8,4,10,1,4,1,241,12,2,255,0,255,--,400,145,241,255,255,Algún campo sin dato,1,5bac8e2663f40c18ae2354497472037b2ec0b4123c464f2f442e6bd05598ccf2,25/06/2023 23:24:22,ESCANER
18545,"Baja Verapaz",15,"Purulhá",8,2854,400,29,43,4,67,48,5,21,3,6,13,2,5,5,251,11,4,266,0,266,--,376,110,251,266,266,Algún campo sin dato,1,3eb04e1dc2bf24e08a2cdd60c0711353a830f3946d67e235fef5ab1584534919,26/06/2023 01:32:55,ESCANER
18546,"Baja Verapaz",15,"Purulhá",8,2854,400,30,52,8,76,43,4,15,14,6,7,3,0,3,261,13,2,276,0,276,--,395,119,261,276,276,Algún campo sin dato,1,021704c5fbf4c7517229205b20f005964fdd667819119ff56dc83c64494e4d78,26/06/2023 02:28:50,ESCANER
18547,"Baja Verapaz",15,"Purulhá",8,2855,400,27,33,3,71,42,4,7,8,6,9,1,6,6,223,20,10,253,0,253,--,412,159,223,253,253,Algún campo sin dato,1,5024af4977d8f36180afb6d21380864a14c85971a3ceb991587116bec3e7c939,26/06/2023 01:52:20,ESCANER
18548,"Baja Verapaz",15,"Purulhá",8,2855,400,28,40,1,81,46,6,4,4,6,8,2,3,3,232,10,3,245,0,245,--,399,154,232,245,245,Algún campo sin dato,1,4e2eb025704a97d8e60009b288b544ec9fd93cb264c92874c189c9847f5d714a,26/06/2023 00:20:38,ESCANER
18549,"Baja Verapaz",15,"Purulhá",8,2855,400,25,33,2,81,67,7,10,8,3,12,1,2,3,254,6,3,263,0,263,--,376,113,254,263,263,Algún campo sin dato,1,204a02cc5d9be04eb6d854afa46d0837d909d128fa2ce23f1a72545a27cbcd0d,25/06/2023 21:59:49,ESCANER
18550,"Baja Verapaz",15,"Purulhá",8,2856,400,35,45,0,81,33,8,22,6,7,10,3,2,0,252,2,0,254,0,254,--,400,146,252,254,254,Algún campo sin dato,1,853e8c566efc86b74f93d665e5a66dadf7d2e80ef07df02b4b9cdada72b396e9,26/06/2023 01:06:47,ESCANER
18551,"Baja Verapaz",15,"Purulhá",8,2856,400,35,23,4,92,75,5,8,8,9,10,3,1,0,273,4,2,279,0,279,--,376,97,273,279,279,Algún campo sin dato,1,55fa4018d834a9519969866223b579d6a41549ca0b247d9c3f22fab2506ce538,26/06/2023 00:37:15,ESCANER
18552,"Baja Verapaz",15,"Purulhá",8,2856,382,25,32,4,72,53,4,8,11,2,3,1,3,5,223,8,3,234,0,234,0,382,148,223,234,234,,1,efc34a934eb6bc90f90b6074decfea86bf1c7834c3c9f2d63b9588f12dc40519,26/06/2023 00:10:50,ESCANER
18553,"Baja Verapaz",15,"Purulhá",8,2856,382,22,40,4,76,50,5,11,11,3,5,1,1,3,232,8,1,241,0,241,1,382,141,232,241,241,,1,eb05ec531ae4e921ad6d6e9156dc841a7d738bcd43bbbdd25e3b366a67f10d5d,26/06/2023 00:02:53,ESCANER
18554,"Baja Verapaz",15,"Purulhá",8,2857,400,38,25,12,94,59,3,7,12,2,8,2,8,1,271,27,11,309,0,309,--,400,91,271,309,309,Algún campo sin dato,1,4a12d4b9111879b624440b88df9fb6395806576f0f0b612fe2d6cf088a1a2470,26/06/2023 01:20:55,ESCANER
18555,"Baja Verapaz",15,"Purulhá",8,2857,400,47,35,11,91,62,5,6,14,8,8,4,2,1,294,21,10,325,0,325,--,400,75,294,325,325,Algún campo sin dato,1,290196e884f6933944022c66b5d27fbd07aa623dded5cfa3bcb5b4b91e6cc38a,26/06/2023 00:12:34,ESCANER
18556,"Baja Verapaz",15,"Purulhá",8,2857,400,42,29,7,89,74,2,3,18,5,9,3,2,2,285,30,12,327,0,327,--,400,73,285,327,327,Algún campo sin dato,1,7dbf2a12b8d4ba633842277568e6e284a1f162b42be36a44869e8276ce6f3586,26/06/2023 00:35:10,ESCANER
18557,"Baja Verapaz",15,"Purulhá",8,2857,400,36,27,10,95,55,2,9,10,8,16,1,5,0,274,12,2,288,0,288,--,400,112,274,288,288,Algún campo sin dato,1,cca2a93b79b9ae47e25bddf277efd4dc12f52de380ea0f01b34beb734c5264b8,26/06/2023 01:29:35,ESCANER
18558,"Baja Verapaz",15,"Purulhá",8,2857,400,27,26,14,79,50,3,6,14,6,7,1,4,1,238,10,5,253,0,253,--,400,147,238,253,253,Algún campo sin dato,1,9ca2025454585dde5840a3abfa94569dda2d2246f902bf19b8434f1ac106376a,26/06/2023 00:08:53,ESCANER
18559,"Baja Verapaz",15,"Purulhá",8,2857,337,26,28,7,71,61,2,4,21,6,7,2,3,0,238,3,2,243,0,243,--,337,94,238,243,243,Algún campo sin dato,1,4d30d1a0608aed7e8d805d2ecde55f6b92f61b82679698012e98936d995cce82,25/06/2023 23:53:23,ESCANER
18560,"Baja Verapaz",15,"Purulhá",8,2857,337,25,13,5,80,57,1,2,8,2,9,1,1,1,205,7,3,215,--,--,--,337,122,205,215,215,Algún campo sin dato,1,450a414d853f2f48b224a4799ad7217b66cb8744234aaa30cb1358937f8057a8,25/06/2023 23:42:08,ESCANER
18561,"Baja Verapaz",15,"Purulhá",8,2858,380,17,80,1,75,32,8,12,29,5,3,1,1,2,266,15,8,289,0,289,--,380,91,266,289,289,Algún campo sin dato,1,a8311dd9b04763c0f32e3aa8dd9a0a419983462626c4fa83a6c5c6e56ec703ad,26/06/2023 00:12:41,ESCANER
18562,"Baja Verapaz",15,"Purulhá",8,2858,380,21,76,2,84,42,6,12,24,5,6,8,4,4,294,16,8,318,0,318,0,380,62,294,318,318,,1,48ae45aaa381177638ac3e4ac7d72b2416cff237e9a5be058e60fb8b67b68e36,25/06/2023 23:26:55,ESCANER
18563,"Baja Verapaz",15,"Purulhá",8,2858,380,19,72,2,72,52,4,8,19,1,3,2,1,5,260,13,8,281,0,281,--,380,99,260,281,281,Algún campo sin dato,1,5aedb9d3912e949b59a6ddab4fec8a5bd36c76d242528c5afc3cbf548ecd2af5,26/06/2023 00:38:49,ESCANER
18564,"Baja Verapaz",15,"Purulhá",8,2858,365,16,55,1,58,42,4,5,18,2,6,4,1,1,213,11,2,226,0,226,--,365,139,213,226,226,Algún campo sin dato,1,7d2bf1e0a27ad4c4dd789ede12e63ddfbe2127ad5c3b8386230546d9176cfb78,26/06/2023 00:32:35,ESCANER
18565,"Baja Verapaz",15,"Purulhá",8,2858,365,18,55,1,58,46,8,4,6,5,8,2,2,3,216,5,4,225,0,225,0,365,140,216,225,225,,1,290656e2c394bad9c4de13f2e3bb9603c5e98fc48247477f8cfafd7cd7028288,25/06/2023 23:31:15,ESCANER
18566,"Baja Verapaz",15,"Purulhá",8,2859,380,41,48,12,74,15,0,2,19,1,1,7,0,4,224,41,11,276,0,276,0,380,104,224,276,276,,1,0cab29886baa0e12d32564d538a8343fad3301bb61106a7bf1683121b45c1911,26/06/2023 02:17:42,MOVIL
18567,"Baja Verapaz",15,"Purulhá",8,2859,380,20,121,17,53,16,0,1,14,0,0,12,0,2,256,22,7,285,1,285,--,380,95,256,285,286,Sumas Asentadas sin cuadrar,1,434a66aa202aff77b1d2a9cad008d63bcdb73e949a202eab2696b97099d1109b,26/06/2023 03:02:23,MOVIL
18568,"Baja Verapaz",15,"Purulhá",8,2859,380,24,78,8,67,9,3,0,10,0,0,3,0,3,205,22,3,230,0,230,--,380,150,205,230,230,Algún campo sin dato,1,ea40b16f32c36bfe2ed8217881b49aa706a6a4bb5167e864c1f20dd9cb5f3569,25/06/2023 23:44:41,MOVIL
18569,"Baja Verapaz",15,"Purulhá",8,2859,223,13,64,1,53,15,0,1,7,0,0,2,0,0,156,3,0,159,0,159,0,223,64,156,159,159,,1,3edee36e9436857bf580a6c1078bf3f072c1e520590a47df76a166d1dc3da9c2,25/06/2023 23:09:41,MOVIL
18570,"Baja Verapaz",15,"Purulhá",8,2859,223,15,32,2,40,8,1,2,9,0,0,5,0,1,115,5,2,122,0,122,0,223,98,115,122,122,,1,efa4bdd0c8b1d1424882f76ef0361603fe9fa785de4ae44672f7678b720ad8a0,26/06/2023 04:45:50,ESCANER
18571,"Baja Verapaz",15,"Purulhá",8,2860,380,15,45,1,42,17,2,3,42,1,3,72,1,1,245,13,7,265,0,265,--,380,115,245,265,265,Algún campo sin dato,1,757f03c543d4623ce44f6c2cd6631b586ea2d221c1276bb2b73f45e20fa9af33,25/06/2023 23:30:09,ESCANER
18572,"Baja Verapaz",15,"Purulhá",8,2860,380,25,44,0,31,20,0,2,48,2,4,78,0,0,254,19,8,281,0,281,--,380,99,254,281,281,Algún campo sin dato,1,26b8014f8341bc7d922b3d630fef3ca9e3e6cdb2c7bb6f559103ec5828fbcb34,25/06/2023 22:41:49,ESCANER
18573,"Baja Verapaz",15,"Purulhá",8,2860,380,38,50,0,66,16,2,7,42,2,9,52,0,0,284,20,9,313,0,313,--,380,67,284,313,313,Algún campo sin dato,1,c07a81c8a601e0dadf591c4650a0f09a021a668ebd4cf3e1f3400b778fe0aec7,25/06/2023 23:40:51,ESCANER
18574,"Baja Verapaz",15,"Purulhá",8,2860,380,18,62,0,35,10,0,2,35,0,14,58,1,0,235,18,5,258,0,258,--,404,146,235,258,258,Algún campo sin dato,1,a42afdddfee089f693802e1a6a226333031625f4c34ee3f33093891e1239ea43,25/06/2023 22:51:55,ESCANER
18575,"Baja Verapaz",15,"Purulhá",8,2861,380,19,54,0,32,10,2,2,37,0,5,52,0,0,213,12,3,228,0,228,--,380,152,213,228,228,Algún campo sin dato,1,6696567e369c2569029140e88915459acd2af4170204d56691d3ca33bc2543bf,25/06/2023 22:51:26,ESCANER
18576,"Baja Verapaz",15,"Purulhá",8,2861,324,10,47,1,42,13,2,3,32,0,6,25,0,0,181,4,0,185,0,185,--,324,139,181,185,185,Algún campo sin dato,1,83c52bedc0b811b71c23457e1b6346e0d27bf12954012fc80977ac52d857a1b3,25/06/2023 23:27:38,ESCANER
18577,"Baja Verapaz",15,"Purulhá",8,2862,324,6,25,1,22,7,1,1,28,1,7,57,0,0,156,12,3,171,0,171,--,323,152,156,171,171,Algún campo sin dato,1,a39cb7bdd9ac2b6e9968609db08ba8d376c7aebf0122b5ac94f754876daf963a,25/06/2023 23:44:20,ESCANER
18578,"Baja Verapaz",15,"Purulhá",8,2863,380,49,35,0,55,7,24,2,50,0,0,20,1,1,244,31,5,280,0,280,--,380,100,244,280,280,Algún campo sin dato,1,85349b484065c3cc513fbe9ef229a23b86d4419ca732e694636f2ff3b3e9c0db,26/06/2023 06:20:41,ESCANER
18579,"Baja Verapaz",15,"Purulhá",8,2863,380,43,38,0,64,5,44,4,43,0,0,12,2,2,257,31,1,289,0,289,--,380,91,257,289,289,Algún campo sin dato,1,1231fa54f71d1fbe360d212c3f5aa0005c260a407ed756f16306f096b551a457,26/06/2023 02:09:52,ESCANER
18580,"Baja Verapaz",15,"Purulhá",8,2863,380,51,25,0,66,3,50,3,56,0,1,23,0,1,279,20,6,305,0,305,--,380,75,279,305,305,Algún campo sin dato,1,41ea97c80c4f09f25b6249261af08e278eceb92ed7794ac7477727af6fa18bea,26/06/2023 01:54:19,ESCANER
18581,"Baja Verapaz",15,"Purulhá",8,2863,380,42,25,1,54,8,25,1,56,0,3,17,0,0,232,26,4,262,0,262,--,380,118,232,262,262,Algún campo sin dato,1,8af52571e9681905b66e81396d2d0ba2ecd9b60c821ccc681672291de6df1a9f,26/06/2023 01:43:09,ESCANER
18582,"Baja Verapaz",15,"Purulhá",8,2863,380,39,29,0,59,5,16,3,65,0,1,8,0,1,226,22,7,255,0,255,--,380,125,226,255,255,Algún campo sin dato,1,13808d1abb4cce0df7c41df94015e5a3dfff1afc9a55e2d2bd29563b61e32820,26/06/2023 01:11:52,ESCANER
18583,"Baja Verapaz",15,"Purulhá",8,2863,380,33,39,0,65,4,31,0,56,1,2,13,0,1,245,11,6,262,0,262,--,380,118,245,262,262,Algún campo sin dato,1,574d2ec9952e652aef83dda71ba224f47977beded7c0c63fbcba53fd511b69e7,26/06/2023 01:36:43,ESCANER
18584,"Baja Verapaz",15,"Purulhá",8,2863,304,28,23,0,40,3,19,2,41,0,0,14,1,1,172,6,2,180,0,180,--,304,124,172,180,180,Algún campo sin dato,1,a1026bc62c71e53b13e39ad5982d2f22630532f0e31935a7e13810849a017e35,25/06/2023 23:28:59,ESCANER
18585,"Baja Verapaz",15,"Purulhá",8,2863,303,24,30,0,48,2,14,2,45,0,1,6,0,1,173,14,1,188,0,188,--,303,115,173,188,188,Algún campo sin dato,1,b7b43bd9eaf06eccb5078a48b34919466a9fe7b5bd330f69cc52b99916da1a2e,26/06/2023 00:44:40,ESCANER
18586,"Baja Verapaz",15,"Purulhá",8,2864,380,21,11,1,37,5,6,4,129,2,0,40,1,1,258,11,13,282,0,282,--,380,98,258,282,282,Algún campo sin dato,1,dbb7b257a63ab53b2f95a8091ece20df8c4adf2b17c89cd78b50c190ca8b8b62,26/06/2023 05:56:45,ESCANER
18587,"Baja Verapaz",15,"Purulhá",8,2864,380,23,14,0,43,13,11,0,109,2,2,47,1,0,265,43,4,312,0,312,--,380,68,265,312,312,Algún campo sin dato,1,9ed2a77b52797927753999ea7a25caf01d7f3062ecf1b8ad648846d2b3a5bbec,26/06/2023 06:23:18,ESCANER
18588,"Baja Verapaz",15,"Purulhá",8,2864,380,19,21,0,41,9,2,4,106,1,0,41,0,1,245,19,6,270,0,270,0,380,110,245,270,270,,1,b00d45ad60dbc234f59ff5208bac28006dfa15d660726f5c4119b6c9f6272ab6,26/06/2023 06:02:38,ESCANER
18589,"Baja Verapaz",15,"Purulhá",8,2864,380,16,18,0,48,12,6,1,96,0,0,38,2,0,237,20,5,262,0,262,--,380,118,237,262,262,Algún campo sin dato,1,6cb37517850f8ab43811e616407df0a22e465901fe170e8e9c4d3917c7691a5f,26/06/2023 06:15:27,ESCANER
18590,"Baja Verapaz",15,"Purulhá",8,2864,251,13,10,0,33,4,5,0,70,1,0,21,0,0,157,8,2,167,0,167,--,248,81,157,167,167,Algún campo sin dato,1,1316f67c5fae4669ffa00e7fcfde0aeca44b358761182c4344a2cd8785786b4a,26/06/2023 06:10:41,ESCANER
18591,"Baja Verapaz",15,"Purulhá",8,2864,250,9,9,0,28,4,4,1,63,0,0,25,0,0,143,12,2,157,0,157,--,250,93,143,157,157,Algún campo sin dato,1,00b7d814746b1da4b27531137701dad0abbaf9383757ee8cf96caf7c171f6b8c,26/06/2023 06:05:32,ESCANER
18592,"Baja Verapaz",15,"Purulhá",8,2865,380,31,61,0,101,33,1,1,22,2,28,9,0,16,305,16,9,330,0,330,--,380,50,305,330,330,Algún campo sin dato,1,4805850b36c665798a7dd5cce8d90459beade8614d9db2621fc0b8e91589f501,26/06/2023 07:22:49,ESCANER
18593,"Baja Verapaz",15,"Purulhá",8,2865,380,36,39,0,75,31,2,7,33,0,41,33,3,8,308,14,8,330,0,330,--,380,50,308,330,330,Algún campo sin dato,1,6dd9c90200f312c7b71ebb00fd0849c6f370d319e5aad4188aded2cf62f20a86,26/06/2023 00:12:31,ESCANER
18594,"Baja Verapaz",15,"Purulhá",8,2865,380,40,22,0,47,41,0,8,31,2,68,5,2,7,273,17,7,297,0,297,--,380,83,273,297,297,Algún campo sin dato,1,73e899fcd79d43c532e6f33288c959505b6f06194c8dd27b203459993edd626a,26/06/2023 03:51:14,ESCANER
18595,"Baja Verapaz",15,"Purulhá",8,2865,380,26,49,1,56,33,2,1,23,2,43,10,1,11,258,21,1,280,0,280,--,380,100,258,280,280,Algún campo sin dato,1,333b244476706dd3dc65bee01312a1f202bb723c63ee6c09f7f70aab646a3db6,26/06/2023 00:26:52,ESCANER
18596,"Baja Verapaz",15,"Purulhá",8,2865,321,25,34,0,75,31,3,2,26,0,19,8,1,13,237,3,0,240,0,240,0,321,81,237,240,240,,1,685ae43e622c90404a082fe2eecdf1afe03eff8b533095eec7bea358ec97aebd,26/06/2023 02:13:31,ESCANER
18597,"Baja Verapaz",15,"Purulhá",8,2865,321,26,19,0,44,29,2,4,21,0,42,19,1,5,212,6,5,223,0,223,--,321,98,212,223,223,Algún campo sin dato,1,ff91de0670d7d8c0bca06faf0a1cfec4a65180e747def06c4de9c60d0d0f4088,26/06/2023 02:04:18,ESCANER
18598,"Baja Verapaz",15,"Purulhá",8,2866,380,11,11,0,4,10,2,2,39,1,5,147,1,0,233,21,3,257,0,257,--,380,123,233,257,257,Algún campo sin dato,1,e4bac0fcf5903edf7695113143be946d711c512648787eac8493b550e7aeb505,26/06/2023 01:01:42,MOVIL
18599,"Baja Verapaz",15,"Purulhá",8,2866,342,13,12,0,6,17,0,3,32,0,6,151,1,0,241,7,4,252,0,252,--,339,87,241,252,252,Algún campo sin dato,1,1e08d62897e6b5287b2d592beedf5c5a99fe1f12ab5be354bc8d8ce7b70e5b22,26/06/2023 01:01:04,MOVIL
18600,"Baja Verapaz",15,"Purulhá",8,2866,341,7,5,0,7,8,0,2,20,0,6,131,0,2,188,4,2,194,0,194,--,341,147,188,194,194,Algún campo sin dato,1,dae63a042d06a40b09cdd63952975a4487a5e6e44a946049a2ce0a62c12d013c,26/06/2023 01:06:51,MOVIL
18601,"Baja Verapaz",15,"Purulhá",8,2867,380,36,41,8,74,45,7,7,9,6,12,8,5,1,259,24,5,288,0,288,--,380,92,259,288,288,Algún campo sin dato,1,69fbd44bde9cf60ea58a152621e79e7a1f8acfd78ff5950a749cdf33f5e6d0f9,26/06/2023 03:45:09,ESCANER
18602,"Baja Verapaz",15,"Purulhá",8,2867,380,44,54,6,81,53,5,5,3,0,11,3,7,0,272,25,4,301,0,301,1,380,79,272,301,301,,1,bdb1bf7756eb926c7161bf349f39c06064930264121169fd366465d81d6fea0e,26/06/2023 03:51:52,ESCANER
18603,"Baja Verapaz",15,"Purulhá",8,2867,380,42,43,13,94,58,3,7,2,4,12,3,3,1,285,25,4,314,0,314,--,356,42,285,314,314,Algún campo sin dato,1,24e21bd70a283ea3d2e519f634ce16da04d272d337489794e69e01f0be3e206c,25/06/2023 23:51:17,ESCANER
18604,"Baja Verapaz",15,"Purulhá",8,2867,380,32,50,6,84,47,5,9,8,6,22,2,4,2,277,15,3,295,0,295,--,380,85,277,295,295,Algún campo sin dato,1,5ecb89d15c3e44728d8b3b5a9eb2695a39ec5c6e04fb3f5a3b9ee2e9d13b6bc6,26/06/2023 01:39:06,ESCANER
18605,"Baja Verapaz",15,"Purulhá",8,2867,380,31,46,4,90,56,5,3,4,6,18,4,4,0,271,11,5,287,0,287,--,380,93,271,287,287,Algún campo sin dato,1,2cd99f183cbeda47e6ea8713b7f124867fd036bb429ddead66180341c1d05864,25/06/2023 23:31:01,ESCANER
18606,"Baja Verapaz",15,"Purulhá",8,2868,365,28,46,3,79,41,4,5,4,2,4,1,5,1,223,10,3,236,0,236,--,365,129,223,236,236,Algún campo sin dato,1,2643e0b6c949b77c52b0543e7a55dfb7c34493d9bf9d7263ee710be03f23d59a,25/06/2023 23:39:08,ESCANER
18607,"Baja Verapaz",15,"Purulhá",8,2868,365,7,42,9,91,56,6,0,4,3,12,3,2,1,236,9,2,247,0,247,--,365,118,236,247,247,Algún campo sin dato,1,b2c03337814519076d2a01fb3164dcb6467ec658bbc2b6c58e32cf7a78ffc89b,26/06/2023 00:34:49,ESCANER
18608,"Baja Verapaz",15,"Purulhá",8,2869,380,7,14,0,18,4,0,2,109,1,34,56,1,0,246,36,4,286,0,286,--,380,94,246,286,286,Algún campo sin dato,1,3ac8b547770558f05d1b62e9e3324b3eff441badf8ad6db0f85a1124b253d0e1,26/06/2023 01:34:31,ESCANER
18609,"Baja Verapaz",15,"Purulhá",8,2869,380,4,10,1,17,5,1,2,107,0,35,69,2,0,253,17,6,276,0,276,--,380,104,253,276,276,Algún campo sin dato,1,7578bf96179cde30024e4ecd6b202913e883f4ba795b3c36074d6b8782014aa3,26/06/2023 00:44:25,ESCANER
18610,"Baja Verapaz",15,"Purulhá",8,2870,231,2,14,1,6,5,0,0,60,0,22,24,0,0,134,6,0,140,0,140,--,231,91,134,140,140,Algún campo sin dato,1,c9264ea446cac0eaf7a73e79fb89fd9d8169a0865b52d5a434e4d4aa294c243a,25/06/2023 22:54:06,ESCANER
18611,"Baja Verapaz",15,"Purulhá",8,2870,230,5,3,0,15,2,2,0,48,0,16,48,1,0,140,8,5,153,0,153,0,230,77,140,153,153,,1,06885542e2823cb96605644645f7d7e9ae40ebd6225a907b20c0c1021367feb8,26/06/2023 00:09:26,ESCANER
18612,"Baja Verapaz",15,"Purulhá",8,2871,385,15,15,1,15,10,0,1,6,1,0,1,1,2,68,8,2,78,0,78,--,385,307,68,78,78,Algún campo sin dato,1,7ff60cad3a7448d0e58a8ea35092e0a8de53257de08e88c4acbac240cfaac7b5,25/06/2023 23:25:09,ESCANER