﻿TIPO_DE_ELECCIÓN:,CORPORACIÓN MUNICIPAL
28 junio 2023 21:35 (UTC -6)
ACTAS_ESPERADAS,ACTAS_CAPTURADAS,PORCENTAJE_ACTAS_CAPTURADAS,ACTAS_CONTABILIZADAS,PORCENTAJE_ACTAS_CONTABILIZADAS,ACTAS_NO_CONTABILIZADAS,LISTA_NOMINAL_ACTAS_CONTABILIZADAS,VOTOS_EMITIDOS_CONTABILIZADAS,PORCENTAJE_PARTICIPACIÓN_CIUDADANA
55,55,100.0000,55,100.0000,0,20883,12948,62.0025

MESA,DEPARTAMENTO,ID_DEPARTAMENTO,MUNICIPIO,ID_MUNICIPIO,CENTRO_DE_VOTACIÓN,PADRÓN,ELEFANTE,VICTORIA,VAMOS,CREO,TODOS,PHG,CABAL,AZUL,PPN,UR,VALOR,VIVA,UNE,PIN,VÁLIDOS,NULOS,BLANCO,EMITIDOS,INVÁLIDOS,TOTAL,IMPUGNACIONES,PAPELETAS-RECIBIDAS,PAPELETAS-NO-USADAS,VALIDOS_CALCULADO,EMITIDOS_CALCULADO,TOTAL_CALCULADO,OBSERVACIONES,CONTABILIZADA,CÓDIGO_INTEGRIDAD,FECHA_HORA_PUBLICACIÓN,DIGITALIZACIÓN
14227,"San Marcos",12,"Catarina",16,1995,400,5,5,54,69,5,10,9,5,3,1,1,1,90,0,258,29,3,0,0,290,--,400,110,258,290,290,Algún campo sin dato,1,bec50aa53a99c92cabd5eb75f8157f7b35b1871aeb12844e0aae2c0dfd0d3d77,26/06/2023 02:34:43,ESCANER
14228,"San Marcos",12,"Catarina",16,1995,400,14,3,74,64,8,6,10,3,3,0,2,2,68,0,257,27,2,286,0,286,0,400,114,257,286,286,,1,4bd8a5521eaf10cc26d71ebc6366ce61d518437774fedcd0205d745836f9495d,26/06/2023 03:06:56,ESCANER
14229,"San Marcos",12,"Catarina",16,1995,400,18,3,51,88,3,11,9,2,0,0,1,0,64,0,250,15,6,271,0,0,--,400,129,250,271,271,Algún campo sin dato,1,b3eb66486d5fdd371dc6c7b3627f2acaf73c023441a37a23b802564e743c65c5,26/06/2023 04:54:09,ESCANER
14230,"San Marcos",12,"Catarina",16,1995,400,17,3,55,47,3,3,21,6,12,3,1,2,62,0,235,22,6,263,0,263,--,400,137,235,263,263,Algún campo sin dato,1,7f1814d9b43a4ae7cab9d5eb693669c257700649d4c69a6016e463d1369d269c,25/06/2023 22:55:48,ESCANER
14231,"San Marcos",12,"Catarina",16,1995,400,15,4,58,75,5,10,8,3,2,0,1,0,50,1,232,8,2,242,2,244,--,400,156,232,242,244,Algún campo sin dato,1,99b5108695be484473c61c233117ddb973902e32333066fc92e50f9946c88a58,26/06/2023 00:23:09,ESCANER
14232,"San Marcos",12,"Catarina",16,1995,400,15,2,69,78,2,8,9,5,4,1,0,0,62,0,255,18,1,274,0,274,0,400,126,255,274,274,,1,48e9bdbe2b65ef66f85c3836378775e90ed8689adfbc086c4227c5f1b5030a40,26/06/2023 01:28:05,ESCANER
14233,"San Marcos",12,"Catarina",16,1995,400,8,6,58,83,4,9,12,3,2,1,0,0,46,0,232,30,5,267,0,267,--,200,665,232,267,267,Algún campo sin dato,1,7c3fdf75e82865183b3c13f2afac3ccf290d0a71c5a10566b203880e00a0ad60,26/06/2023 02:46:56,ESCANER
14234,"San Marcos",12,"Catarina",16,1995,400,5,3,53,76,5,5,8,6,1,0,0,1,69,0,232,24,3,259,0,259,--,400,141,232,259,259,Algún campo sin dato,1,ff315edac5aee6b81a7264341ae02390e0cf31c0de8a1ca947d81dec29b8d94f,26/06/2023 00:47:36,ESCANER
14235,"San Marcos",12,"Catarina",16,1995,400,17,5,50,74,5,5,7,2,1,0,0,1,54,1,222,17,6,245,0,245,--,400,155,222,245,245,Algún campo sin dato,1,86f2ad4c266e528a35f4aefc1e916a21766ea2265364971c1bc161b45b3905ea,25/06/2023 23:45:09,ESCANER
14236,"San Marcos",12,"Catarina",16,1995,400,8,8,53,54,5,4,14,3,1,3,0,1,54,0,208,14,2,224,0,224,2,400,176,208,224,224,,1,2e3bbb0fb5110067915b33be67b7e61e822de3a609f620d34a07d2e58f819b76,26/06/2023 01:20:57,ESCANER
14237,"San Marcos",12,"Catarina",16,1995,400,9,3,59,73,3,5,11,2,0,0,0,1,71,0,237,8,2,247,1,248,--,400,152,237,247,248,Algún campo sin dato,1,7557c4287e2eb19c07a14da0a4e457d024cfee91b8edb18be637527a4ad1ba32,26/06/2023 00:35:53,ESCANER
14238,"San Marcos",12,"Catarina",16,1995,400,7,3,65,68,4,5,24,1,2,0,0,0,57,0,236,5,3,244,0,244,--,400,156,236,244,244,Algún campo sin dato,1,6402a133339e2e54093371900b57f3bacd091df0d96fdf0808ad525f53c4d252,26/06/2023 00:47:25,ESCANER
14239,"San Marcos",12,"Catarina",16,1995,288,8,2,52,51,1,6,6,4,1,0,0,0,48,0,179,1,0,180,0,180,--,288,108,179,180,180,Algún campo sin dato,1,f0a542456d729d9e9f46911e8f49bd1f3847c905500eb2c75f226b860641bbdf,25/06/2023 22:48:17,ESCANER
14240,"San Marcos",12,"Catarina",16,1995,288,10,2,28,29,3,5,10,2,1,0,0,0,37,0,127,7,2,136,0,136,--,288,152,127,136,136,Algún campo sin dato,1,bb2e8a8ff711fe04f91038c2657a2835b95cf7e9de277a0864f303f7206518f2,25/06/2023 23:50:00,ESCANER
14241,"San Marcos",12,"Catarina",16,1996,400,22,4,70,81,5,10,10,2,4,3,1,0,45,0,257,15,6,278,0,278,--,401,123,257,278,278,Algún campo sin dato,1,03636c498d80bcaa73650a99c01bc8989403ab369249a89e85b9623efb2f7d0f,26/06/2023 01:13:34,ESCANER
14242,"San Marcos",12,"Catarina",16,1996,400,8,8,105,77,8,8,10,4,4,1,2,0,46,0,281,17,7,305,0,305,--,400,95,281,305,305,Algún campo sin dato,1,f18d20790cff93bb950b9ae799d5733cf865b6aa42af1f899e08023e1034fac9,25/06/2023 22:47:04,ESCANER
14243,"San Marcos",12,"Catarina",16,1996,400,3,6,87,79,12,2,13,4,4,0,1,0,38,0,249,16,3,268,0,268,--,400,132,249,268,268,Algún campo sin dato,1,a7a4ca0429668be3b93f977d6e2c00e293c89eaa09114db16dd100a00d5cc2ad,26/06/2023 01:28:17,ESCANER
14244,"San Marcos",12,"Catarina",16,1996,400,12,1,47,59,39,1,33,4,4,2,3,0,53,0,258,25,10,293,0,293,--,400,107,258,293,293,Algún campo sin dato,1,88528a16aa66b84a3d39076e6d4843ca03e580802b5269b348347745d240d3f9,26/06/2023 00:56:51,ESCANER
14245,"San Marcos",12,"Catarina",16,1996,400,7,5,44,81,11,4,9,4,0,1,3,0,34,0,203,25,5,233,0,233,--,400,167,203,233,233,Algún campo sin dato,1,5d19512dfa6022f74b0a1ad937c1a74720a85ffb378502987bb952d8d8534cd5,26/06/2023 00:48:21,ESCANER
14246,"San Marcos",12,"Catarina",16,1996,400,11,8,68,75,5,6,12,2,3,1,6,0,28,0,225,18,3,246,0,246,--,400,154,225,246,246,Algún campo sin dato,1,296e4966ad444d1c71559fbd2083065631c00c90632daf45fc8f58aef14dba3e,26/06/2023 01:31:02,ESCANER
14247,"San Marcos",12,"Catarina",16,1996,400,18,5,74,80,8,8,11,3,4,1,4,0,30,0,246,9,1,256,0,256,--,400,144,246,256,256,Algún campo sin dato,1,351b35f11dfd5c6ba1a54bb540855f7157083bbc66017d091d1de5bc577d360b,25/06/2023 23:31:56,ESCANER
14248,"San Marcos",12,"Catarina",16,1996,400,8,11,52,94,13,13,17,1,2,0,4,0,41,1,257,11,4,272,0,272,--,400,128,257,272,272,Algún campo sin dato,1,f11fdae5e4e52e692ad782959e7a4fceb0c3ac0db4496b7faf80c188151614b9,25/06/2023 22:38:01,ESCANER
14249,"San Marcos",12,"Catarina",16,1996,400,13,10,76,94,11,3,8,3,0,2,4,1,39,0,264,10,3,277,0,277,--,400,123,264,277,277,Algún campo sin dato,1,fb3bb51cb9544e750162f29c2c1dd790077e5fe9ad9ca3549721effa4c4ec433,26/06/2023 01:22:46,ESCANER
14250,"San Marcos",12,"Catarina",16,1996,400,18,5,60,77,8,4,15,6,4,1,5,0,37,0,240,7,3,250,0,250,--,400,150,240,250,250,Algún campo sin dato,1,a55eea4603736cabeef247b9007cb0b6cc62af27ab7321e4690be16fd68c850f,26/06/2023 01:32:36,ESCANER
14251,"San Marcos",12,"Catarina",16,1996,400,7,6,65,72,16,7,13,5,0,1,2,1,33,0,228,2,1,231,0,231,--,400,169,228,231,231,Algún campo sin dato,1,19fa0ecec8033a06522586ec2a3e2731da1a35709759cbf67ea7b8c1186ed86c,26/06/2023 01:35:59,ESCANER
14252,"San Marcos",12,"Catarina",16,1996,400,7,4,75,69,9,6,12,5,3,3,4,0,36,0,233,2,0,235,0,235,--,400,165,233,235,235,Algún campo sin dato,1,4a1d56d16ef333ddf8510266a7ef5b255d47556155fc63ef3201d5fa9588e44b,26/06/2023 01:56:18,ESCANER
14253,"San Marcos",12,"Catarina",16,1996,358,14,4,60,71,11,4,12,4,1,1,0,1,26,0,209,2,4,215,0,215,--,358,140,209,215,215,Algún campo sin dato,1,63331cd2202cbda0851124c11f062904271d581c91db56884679d979471471c2,26/06/2023 01:40:25,ESCANER
14254,"San Marcos",12,"Catarina",16,1996,358,10,2,56,42,8,2,8,1,2,1,0,0,36,1,169,4,1,174,0,174,--,358,184,169,174,174,Algún campo sin dato,1,ba3b2ac5e935cb15f852f19f36845e1aa3a2405bbe27c81ca470bd1ba3a135ba,26/06/2023 01:49:32,ESCANER
14255,"San Marcos",12,"Catarina",16,1997,380,5,3,54,96,6,0,37,3,8,2,0,0,42,0,256,15,5,276,0,276,--,380,104,256,276,276,Algún campo sin dato,1,8ba289fb5fa94b75373e730fa7711619acc9d87a708f45a98f32899005fa6207,26/06/2023 01:19:59,ESCANER
14256,"San Marcos",12,"Catarina",16,1997,380,6,3,68,106,11,2,15,2,3,0,0,0,40,0,256,14,1,271,0,271,--,380,109,256,271,271,Algún campo sin dato,1,e5a07178ceb0e2af3e680db3d2f1a5723e7c8d3ff070231f914b329a2f0dba08,25/06/2023 23:34:18,ESCANER
14257,"San Marcos",12,"Catarina",16,1997,380,5,3,70,101,11,3,30,1,3,2,1,1,35,5,271,5,5,281,0,281,--,380,99,271,281,281,Algún campo sin dato,1,5b59c8977c8d89aba8b33571fea658b288c33db494afa08939b2f275ce5a53f8,25/06/2023 23:51:32,ESCANER
14258,"San Marcos",12,"Catarina",16,1997,380,2,2,72,90,8,3,31,0,2,1,1,1,17,0,230,10,2,242,0,242,--,380,138,230,242,242,Algún campo sin dato,1,b65dc5d8a3977240a583ee23e56738b103e6bb961eeac7685b50165c504d22a0,26/06/2023 00:09:53,ESCANER
14259,"San Marcos",12,"Catarina",16,1997,380,1,2,52,79,10,6,25,1,4,4,1,0,40,2,227,7,2,236,0,236,--,380,144,227,236,236,Algún campo sin dato,1,90f7075c3a250cb5a46561f021c29ecda9b17e800d1390786297ae8e9c670d64,26/06/2023 00:33:07,ESCANER
14260,"San Marcos",12,"Catarina",16,1997,380,5,2,32,84,3,4,13,4,7,1,0,0,40,0,195,11,3,209,0,209,--,381,172,195,209,209,Algún campo sin dato,1,4b6a201c71b70898b948376588a3a35755662b8a8ca6e87aaaac1a369dcc198a,26/06/2023 00:52:29,ESCANER
14261,"San Marcos",12,"Catarina",16,1997,367,5,2,68,76,4,6,20,1,5,1,1,2,41,1,233,4,1,238,0,238,--,367,129,233,238,238,Algún campo sin dato,1,dd5e767a4a7d138edbbbd1fd834b28d4d3d0173edc46adf0613ba6c140c02713,26/06/2023 00:55:59,ESCANER
14262,"San Marcos",12,"Catarina",16,1997,367,4,0,58,82,5,4,17,1,3,0,2,0,33,1,210,5,2,217,0,217,--,367,150,210,217,217,Algún campo sin dato,1,54e199eb7c758bd598401f0b2979a5979f77a4977243069715bf076c7827f7ab,26/06/2023 01:05:54,ESCANER
14263,"San Marcos",12,"Catarina",16,1998,380,9,8,44,54,25,1,3,20,12,1,0,1,34,0,212,14,5,231,0,231,--,383,152,212,231,231,Algún campo sin dato,1,7060c04d58db0e3769a5eb6063b5dfea07fb4918f6ac093a1aa65edfe05fe5ba,26/06/2023 01:25:22,ESCANER
14264,"San Marcos",12,"Catarina",16,1998,380,4,10,72,61,33,0,1,8,2,0,0,0,30,0,221,20,2,243,0,243,--,381,138,221,243,243,Algún campo sin dato,1,d0a42211667ec878e9e9c6bb82b6fc023b825dd9f82ec250b94582295ae2ac38,26/06/2023 01:15:13,ESCANER
14265,"San Marcos",12,"Catarina",16,1998,304,7,8,45,46,15,3,4,7,10,0,1,0,24,0,170,8,7,185,0,185,--,304,119,170,185,185,Algún campo sin dato,1,e23cb58820226cf7ef90c2f28ac15c6ea0395744f27f55860aa6b92b40b70804,26/06/2023 01:34:57,ESCANER
14266,"San Marcos",12,"Catarina",16,1998,304,11,9,53,55,21,1,2,10,3,0,0,0,15,0,180,4,3,187,0,187,--,304,117,180,187,187,Algún campo sin dato,1,35f98d319acc429da518bc6cf8d88bb411a2e1959438577a6a053031cc47bea7,26/06/2023 02:04:02,ESCANER
14267,"San Marcos",12,"Catarina",16,1999,380,6,5,44,88,13,1,2,2,2,1,4,2,71,0,241,24,3,268,0,268,--,380,112,241,268,268,Algún campo sin dato,1,314959a5188bce206680c3958f439666f436f4accb81e64296c025f812135417,26/06/2023 00:34:52,ESCANER
14268,"San Marcos",12,"Catarina",16,1999,380,6,4,64,52,24,4,4,4,6,6,3,1,63,0,241,23,9,273,0,273,--,380,107,241,273,273,Algún campo sin dato,1,e0a52099fa339a74470490fe9718ab7b91ecdf709df87f53dc224f9ee09fa05e,26/06/2023 00:52:00,ESCANER
14269,"San Marcos",12,"Catarina",16,1999,380,8,2,54,81,16,0,8,2,4,1,1,0,49,0,226,22,4,252,0,252,1,380,124,226,252,252,,1,e47658e57882c560343db0ccaa20ae5cf7c896d9ee83141cb2b9dba9cd0a975a,26/06/2023 00:02:12,ESCANER
14270,"San Marcos",12,"Catarina",16,1999,380,12,5,55,77,10,4,6,4,5,1,0,2,50,0,231,22,8,231,0,231,--,380,119,231,261,261,Sumas Asentadas sin cuadrar,1,76172fc51c488006faf1e5accb091ea36713a6e3361040eeaf2162c0b6f92e6b,26/06/2023 01:23:21,ESCANER
14271,"San Marcos",12,"Catarina",16,1999,380,7,3,50,62,21,3,1,5,2,3,2,1,47,0,207,11,4,222,0,222,--,380,158,207,222,222,Algún campo sin dato,1,9d43346c81a5f51b0da7b8ce4e0dfeea95a1ccdb1331cad3e2ce2d1d47889f03,26/06/2023 01:33:36,ESCANER
14272,"San Marcos",12,"Catarina",16,1999,260,3,0,48,50,6,9,4,1,1,3,9,0,46,0,166,2,0,168,0,168,--,256,88,180,182,182,Sumas Asentadas sin cuadrar,1,1e715f53dccc6262942cda46821c662f589e07acf2b83e69a1f5b88ee409bca7,26/06/2023 01:26:13,ESCANER
14273,"San Marcos",12,"Catarina",16,1999,260,3,0,28,48,11,1,3,1,4,2,4,0,47,1,153,2,3,158,0,158,--,260,102,153,158,158,Algún campo sin dato,1,f248d19891cbdb1ffef8b4cd74964cb9d05b5c26a38e8540f20650de7a8f96c1,25/06/2023 22:59:58,ESCANER
14274,"San Marcos",12,"Catarina",16,2000,380,0,3,61,78,20,4,50,3,0,0,1,4,25,0,249,14,2,265,0,265,--,380,115,249,265,265,Algún campo sin dato,1,ba2595bb5c33e88d87243f7236acea51df7a3cbe781325585dde9aaec7a7c4ae,26/06/2023 03:42:38,ESCANER
14275,"San Marcos",12,"Catarina",16,2000,380,4,8,76,92,20,3,41,3,3,1,0,0,18,1,270,12,3,285,0,285,--,378,93,270,285,285,Algún campo sin dato,1,848e1840f73ffe22ee9f312ca442bed23dbb891d1ef7b0a328a8a04565feabbf,26/06/2023 03:51:33,ESCANER
14276,"San Marcos",12,"Catarina",16,2000,380,2,7,83,68,11,2,22,3,0,0,1,2,28,0,229,2,2,233,0,233,--,383,150,229,233,233,Algún campo sin dato,1,a39777f7f9102a697d8bb4868b33b9e5b2026f65a815ccc2a136577c016eeb5e,26/06/2023 03:07:28,ESCANER
14277,"San Marcos",12,"Catarina",16,2000,380,5,2,65,76,11,4,44,5,2,1,0,2,23,0,230,17,1,248,0,248,--,380,132,240,258,258,Sumas Asentadas sin cuadrar,1,9d02700f472608ef05ff26e46fffaeda8a48baaafb4fbddd1ddd61cb17067f31,26/06/2023 03:12:14,ESCANER
14278,"San Marcos",12,"Catarina",16,2000,270,2,3,58,46,8,3,17,2,1,1,0,0,17,0,158,11,1,170,0,170,--,271,101,158,170,170,Algún campo sin dato,1,6c333c113a6ed1880d4266e49c871fc8e361c91b38bacd08b7c2527947ad8da1,26/06/2023 03:11:20,ESCANER
14279,"San Marcos",12,"Catarina",16,2000,269,1,7,51,43,15,3,24,1,2,0,0,0,14,0,161,3,0,164,0,164,--,269,105,161,164,164,Algún campo sin dato,1,43477e245f85c8faac7da846b79af37eb0724a67f0c76b6f93e1dc9298f8ec04,26/06/2023 03:23:14,ESCANER
14280,"San Marcos",12,"Catarina",16,2001,565,8,0,35,43,6,6,3,3,2,0,1,2,9,0,118,13,3,134,0,134,--,565,431,118,134,134,Algún campo sin dato,1,e5ea63fa1a1db96c955aa622a8a1cea0f31e2876b21276fe700f6646161cff32,26/06/2023 01:18:07,ESCANER
14281,"San Marcos",12,"Catarina",16,2001,565,1,2,9,17,3,1,1,2,1,1,0,0,8,0,46,0,0,46,0,46,--,565,519,46,46,46,Algún campo sin dato,1,7b4c9fa0fc36e2070ed95ca424f64427eb3baec7ea9dc58411030c04d3c2e9e0,25/06/2023 22:24:16,ESCANER