﻿TIPO_DE_ELECCIÓN:,CORPORACIÓN MUNICIPAL
28 junio 2023 21:35 (UTC -6)
ACTAS_ESPERADAS,ACTAS_CAPTURADAS,PORCENTAJE_ACTAS_CAPTURADAS,ACTAS_CONTABILIZADAS,PORCENTAJE_ACTAS_CONTABILIZADAS,ACTAS_NO_CONTABILIZADAS,LISTA_NOMINAL_ACTAS_CONTABILIZADAS,VOTOS_EMITIDOS_CONTABILIZADAS,PORCENTAJE_PARTICIPACIÓN_CIUDADANA
26,26,100.0000,26,100.0000,0,9982,6323,63.3440

MESA,DEPARTAMENTO,ID_DEPARTAMENTO,MUNICIPIO,ID_MUNICIPIO,CENTRO_DE_VOTACIÓN,PADRÓN,AZUL,VAMOS,UNE,MLP,VÁLIDOS,NULOS,BLANCO,EMITIDOS,INVÁLIDOS,TOTAL,IMPUGNACIONES,PAPELETAS-RECIBIDAS,PAPELETAS-NO-USADAS,VALIDOS_CALCULADO,EMITIDOS_CALCULADO,TOTAL_CALCULADO,OBSERVACIONES,CONTABILIZADA,CÓDIGO_INTEGRIDAD,FECHA_HORA_PUBLICACIÓN,DIGITALIZACIÓN
6987,"El Progreso",4,"El Jícaro",5,767,400,53,155,16,11,235,24,3,262,0,262,--,397,138,235,262,262,Algún campo sin dato,1,70a434185e659d80de5f268fd0d82d60f7d41ef0e603bfc3c3071df4d8064a81,26/06/2023 00:43:55,ESCANER
6988,"El Progreso",4,"El Jícaro",5,767,400,56,153,13,11,233,20,3,256,0,256,--,400,144,233,256,256,Algún campo sin dato,1,e5f3b2223f8beddae5e50b12cafab9e7fdae4ef5498260983c4c2634731d26a3,25/06/2023 23:54:08,ESCANER
6989,"El Progreso",4,"El Jícaro",5,767,400,57,163,9,10,239,25,1,265,--,265,--,400,135,239,265,265,Algún campo sin dato,1,f0ad663f8647a2a9b00e6870c8defe86f18e23f88e94da313f9479033c56bb0f,26/06/2023 03:32:55,ESCANER
6990,"El Progreso",4,"El Jícaro",5,768,400,64,180,13,6,263,13,3,279,0,279,--,400,121,263,279,279,Algún campo sin dato,1,9fea392385ca0c3842bda4a83c31385444dfe53a2c48829c0d64b861522884e0,26/06/2023 01:02:17,ESCANER
6991,"El Progreso",4,"El Jícaro",5,768,400,59,155,23,16,253,19,5,277,0,277,--,400,123,253,277,277,Algún campo sin dato,1,9275ec1ebc58bda33530fbc15a1ba58dad19d668396e3fca7b08cc65faab60a0,26/06/2023 00:18:03,ESCANER
6992,"El Progreso",4,"El Jícaro",5,768,400,76,157,13,10,256,9,8,273,0,273,--,400,127,256,273,273,Algún campo sin dato,1,ed5a6b85f71043dec71e27843b3e05a845da39c01619472f87b8011f67921030,26/06/2023 01:50:15,ESCANER
6993,"El Progreso",4,"El Jícaro",5,768,400,65,194,20,10,289,11,5,305,0,305,--,400,95,289,305,305,Algún campo sin dato,1,88aba3afed610654181a3e2f99bfd409c2b1568f132ad455e5f6698d70caa87e,26/06/2023 01:35:12,ESCANER
6994,"El Progreso",4,"El Jícaro",5,768,400,72,161,12,8,253,16,5,274,0,274,--,400,126,253,274,274,Algún campo sin dato,1,60b9fea013fccedb752a32b45505161f6ea2f7a342d7e83fa13821d9f16431ab,26/06/2023 02:42:46,ESCANER
6995,"El Progreso",4,"El Jícaro",5,769,400,52,169,16,12,249,9,5,263,0,263,--,400,137,249,263,263,Algún campo sin dato,1,ed626e4b4cd3e92407e336b3060999392cb0e75a8804e10abbcae853789e1666,26/06/2023 01:56:11,ESCANER
6996,"El Progreso",4,"El Jícaro",5,769,400,60,166,15,8,249,4,3,256,0,256,--,400,144,249,256,256,Algún campo sin dato,1,29aef84a503c568d651caf6705224ecfa773089f58e9022beb3b8744e1f5209f,26/06/2023 01:11:29,ESCANER
6997,"El Progreso",4,"El Jícaro",5,770,400,70,140,10,14,234,5,2,241,0,241,--,400,159,234,241,241,Algún campo sin dato,1,6262f5ba8ff6985de8cf2acd2763b63bedf031df640562e55b1fc91a1aac266f,26/06/2023 01:11:40,ESCANER
6998,"El Progreso",4,"El Jícaro",5,770,400,48,176,12,3,239,14,4,257,0,257,--,400,143,239,257,257,Algún campo sin dato,1,fedc70cbd60e0a905ef435c81f642979d4679fa2dbdc21ecf8c81e10dff38bda,26/06/2023 01:24:55,ESCANER
6999,"El Progreso",4,"El Jícaro",5,770,400,62,154,9,8,233,15,3,251,0,251,--,400,149,233,251,251,Algún campo sin dato,1,6295a2895cb4083440d11194bf9cdd4b7c943c5086365a586c3ad59f23cb2184,25/06/2023 23:57:16,ESCANER
7000,"El Progreso",4,"El Jícaro",5,770,400,54,166,19,9,248,6,1,255,0,255,--,397,142,248,255,255,Algún campo sin dato,1,c9688491745d5e009d10aafd3b0510e328261ffe076581fb057dcc426cfd92b3,26/06/2023 01:04:14,ESCANER
7001,"El Progreso",4,"El Jícaro",5,771,400,58,195,5,4,262,2,1,265,0,265,--,400,135,262,265,265,Algún campo sin dato,1,1411ddfa18f69d5f03f61c0e472fd873df25db3429c1ee5d6358021f7fb7c9c1,26/06/2023 00:29:14,ESCANER
7002,"El Progreso",4,"El Jícaro",5,771,400,62,172,8,7,249,8,1,258,0,258,--,400,142,249,258,258,Algún campo sin dato,1,05430b70dce63955108c19466a078803e002c944b5898c8c38f2c74015bccd2b,25/06/2023 23:58:49,ESCANER
7003,"El Progreso",4,"El Jícaro",5,772,310,56,131,13,7,207,4,0,211,1,212,--,310,98,207,211,212,Algún campo sin dato,1,cb574a333e2e9cd0af01c5d4ca0ab98439b6ad3ba24b088a05bad344742a70f5,26/06/2023 01:11:06,ESCANER
7004,"El Progreso",4,"El Jícaro",5,772,309,32,99,7,4,142,7,1,150,0,150,--,309,159,142,150,150,Algún campo sin dato,1,1350ca2619b3e45b7ccfe9ab7719c82fa4b3ca09f99bda463fcac5cb86788bcf,25/06/2023 23:50:20,ESCANER
7005,"El Progreso",4,"El Jícaro",5,773,380,17,178,57,3,255,22,4,281,0,281,0,380,99,255,281,281,,1,4f5ba74504b12f47522f113331944b6900eac4510ae8c982468160ddb8f52ff9,26/06/2023 00:52:59,ESCANER
7006,"El Progreso",4,"El Jícaro",5,773,380,15,163,60,1,239,20,1,260,0,260,0,380,120,239,260,260,,1,271328b311620d6f06dee2ffb0954db8a27422bfe7b61d42d379b7383809b912,26/06/2023 01:19:49,ESCANER
7007,"El Progreso",4,"El Jícaro",5,773,380,24,173,64,1,262,14,2,278,0,278,0,380,102,262,278,278,,1,dac77d02539364dc6421d5055e3b6717658b2e7f8f7fd7579d7e2eab88b4f341,26/06/2023 01:28:08,ESCANER
7008,"El Progreso",4,"El Jícaro",5,773,380,14,150,63,1,228,9,2,239,0,239,0,380,141,228,239,239,,1,b66999b66d218677aba10275af5be8bc21b96177428a60b11c38d0427281404b,25/06/2023 23:56:19,ESCANER
7009,"El Progreso",4,"El Jícaro",5,773,380,16,148,60,2,226,13,2,241,0,241,--,380,139,226,241,241,Algún campo sin dato,1,f91dc9d51ff42b3d8d0944eb320d406df6a1f84d9171c40c9b57af837fb95478,25/06/2023 22:54:12,ESCANER
7010,"El Progreso",4,"El Jícaro",5,773,249,10,111,39,1,161,1,0,162,0,162,--,249,87,161,162,162,Algún campo sin dato,1,ac3823b2f7e2f1ae6ff22e48eaf9ac7e29e203b30602f36075ba656a4cba7235,25/06/2023 22:28:22,ESCANER
7011,"El Progreso",4,"El Jícaro",5,773,248,6,104,38,1,149,8,0,157,0,157,0,248,91,149,157,157,,1,2d9cdcb91470b44051f63c647a6ae8fcfb491a8805b7887a2e2558df0445c69d,25/06/2023 23:28:06,ESCANER
7012,"El Progreso",4,"El Jícaro",5,774,566,29,45,15,6,95,11,1,107,0,107,--,566,459,95,107,107,Algún campo sin dato,1,c1857b84907306451274c928f2153e332a30d5ba347f403d4f3cae31766367db,26/06/2023 01:12:34,ESCANER