﻿TIPO_DE_ELECCIÓN:,CORPORACIÓN MUNICIPAL
28 junio 2023 21:35 (UTC -6)
ACTAS_ESPERADAS,ACTAS_CAPTURADAS,PORCENTAJE_ACTAS_CAPTURADAS,ACTAS_CONTABILIZADAS,PORCENTAJE_ACTAS_CONTABILIZADAS,ACTAS_NO_CONTABILIZADAS,LISTA_NOMINAL_ACTAS_CONTABILIZADAS,VOTOS_EMITIDOS_CONTABILIZADAS,PORCENTAJE_PARTICIPACIÓN_CIUDADANA
122,122,100.0000,122,100.0000,0,46334,29441,63.5408

MESA,DEPARTAMENTO,ID_DEPARTAMENTO,MUNICIPIO,ID_MUNICIPIO,CENTRO_DE_VOTACIÓN,PADRÓN,CABAL,VAMOS,BIEN,UNE,SEMILLA,PPG,PR,AZUL,CREO,VALOR,VICTORIA,FCN-NACION,UR,CAMBIO,P A N,PODEMOS,MLP,UNIONISTA,PPN,VÁLIDOS,NULOS,BLANCO,EMITIDOS,INVÁLIDOS,TOTAL,IMPUGNACIONES,PAPELETAS-RECIBIDAS,PAPELETAS-NO-USADAS,VALIDOS_CALCULADO,EMITIDOS_CALCULADO,TOTAL_CALCULADO,OBSERVACIONES,CONTABILIZADA,CÓDIGO_INTEGRIDAD,FECHA_HORA_PUBLICACIÓN,DIGITALIZACIÓN
2175,"Guatemala",1,"San José Pinula",3,173,400,69,12,16,67,6,3,6,25,12,27,5,0,5,1,0,2,3,2,3,264,20,0,284,0,284,--,400,116,264,284,284,Algún campo sin dato,1,1db37b95e6e521ee6d9e9d3481a1c347af6134e0a77d18cb15068408db4bd957,26/06/2023 02:02:18,ESCANER
2176,"Guatemala",1,"San José Pinula",3,173,400,89,13,8,50,8,4,4,20,7,25,3,1,4,1,0,1,1,4,3,246,14,1,261,0,261,--,400,139,246,261,261,Algún campo sin dato,1,7a31455b2acd1319982d22e3baa99eb06a19e880445d8ed2e2984297d8b7a795,25/06/2023 23:46:47,ESCANER
2177,"Guatemala",1,"San José Pinula",3,173,400,59,8,14,52,4,2,0,23,9,41,1,0,2,2,1,0,4,8,6,236,15,1,252,0,252,--,397,145,236,252,252,Algún campo sin dato,1,40a06337bc7358546d63042fbda14adb866335640df0176d97cdadca84ef4731,26/06/2023 02:47:53,ESCANER
2178,"Guatemala",1,"San José Pinula",3,173,400,62,13,11,67,16,4,5,24,13,28,2,0,9,2,0,0,3,4,5,268,11,5,284,0,284,--,400,116,268,284,284,Algún campo sin dato,1,c46cdf5ecd7981acd241bb8857698c3feab537f5f661830bbaaab500dfdd868e,26/06/2023 02:32:47,ESCANER
2179,"Guatemala",1,"San José Pinula",3,173,400,71,14,13,65,6,1,2,29,8,33,3,1,4,0,0,1,1,2,5,259,20,1,280,120,400,--,400,120,259,280,400,Algún campo sin dato,1,c611c5d1a062e3d45ba35d326da413b1a85f2ee34beab3a9e1cdbc18be9ee1af,26/06/2023 03:01:46,ESCANER
2180,"Guatemala",1,"San José Pinula",3,173,400,89,7,14,55,3,3,4,23,9,30,1,0,3,0,0,1,4,1,7,254,8,2,264,4,268,--,400,132,254,264,268,Algún campo sin dato,1,8a9b53556439ab2f1019acbc98d3d3b2d5832296afe36047648eb4bb5e973de5,26/06/2023 01:12:17,ESCANER
2181,"Guatemala",1,"San José Pinula",3,173,400,60,10,9,56,15,3,7,29,8,37,1,1,5,0,2,1,2,3,7,256,18,4,278,0,278,--,400,122,256,278,278,Algún campo sin dato,1,6f5845dca999c772bdf1b2f94c4f71b60319f539df723610051d2e3d1ea84c79,26/06/2023 00:25:28,ESCANER
2182,"Guatemala",1,"San José Pinula",3,173,400,67,9,14,49,10,7,3,37,11,28,2,1,7,0,1,0,4,4,13,267,18,3,288,0,288,--,400,112,267,288,288,Algún campo sin dato,1,221491cc347a4a3b6bbea02a4f94e77296703e1bbc48a0e182f6c6ab7b12e763,26/06/2023 02:14:47,ESCANER
2183,"Guatemala",1,"San José Pinula",3,173,400,68,5,12,60,9,2,1,20,8,34,4,0,6,2,0,0,5,6,7,249,16,0,265,0,265,--,400,135,249,265,265,Algún campo sin dato,1,d1475f8837b90ad161417e29d408bf0ca9028dc931d0e9bece21e9930c0ad44e,26/06/2023 01:38:00,ESCANER
2184,"Guatemala",1,"San José Pinula",3,173,400,89,6,12,64,8,2,9,27,10,32,5,0,8,2,1,0,3,2,3,283,12,6,301,0,301,--,400,99,283,301,301,Algún campo sin dato,1,8afdd94e904ae6c454c4a22446296dcd8e4a21c98406c8e6ad136d0218a0587b,26/06/2023 00:48:13,ESCANER
2185,"Guatemala",1,"San José Pinula",3,173,400,79,8,10,46,14,3,4,31,12,44,1,1,6,0,2,1,3,6,4,275,21,5,301,0,301,--,416,115,275,301,301,Algún campo sin dato,1,14ac503e559d6f57091c3e8731f632c00244db6b18aed2b831bd970ecc390524,25/06/2023 23:58:24,ESCANER
2186,"Guatemala",1,"San José Pinula",3,174,400,75,9,11,48,12,2,5,27,8,50,3,0,6,0,0,1,5,3,11,276,7,2,285,0,285,--,400,115,276,285,285,Algún campo sin dato,1,7983223e3a9edb4c23204abe3ef230594bc214dfa6003730f1b574f9871f9534,26/06/2023 00:20:01,ESCANER
2187,"Guatemala",1,"San José Pinula",3,174,400,78,9,12,40,14,1,4,31,8,24,0,0,4,0,0,0,3,7,3,238,8,1,247,0,247,--,400,153,238,247,247,Algún campo sin dato,1,b65a7dd2ad208754ecde57cd66ffe0bf1ed1130d28ec73a639dc542fa75d5b21,26/06/2023 00:07:31,ESCANER
2188,"Guatemala",1,"San José Pinula",3,174,400,69,5,4,58,16,2,4,26,7,33,2,1,4,1,0,0,0,8,6,246,2,1,249,0,249,--,400,151,246,249,249,Algún campo sin dato,1,90e8f583ea9d691b55c0ab4c2af0ef25c3e69559af595e67fbb5cc7b126b2706,26/06/2023 00:25:04,ESCANER
2189,"Guatemala",1,"San José Pinula",3,174,400,53,8,12,48,8,1,8,27,5,35,1,1,1,0,0,0,4,3,6,221,13,6,240,0,240,--,400,160,221,240,240,Algún campo sin dato,1,504cb4f387168baa943744b42d227bb0281f2560906595137467234e3e731b27,26/06/2023 00:52:43,ESCANER
2190,"Guatemala",1,"San José Pinula",3,174,400,78,10,10,42,11,3,5,30,6,33,0,0,2,1,0,2,2,4,6,245,14,1,260,0,260,--,400,140,245,260,260,Algún campo sin dato,1,3779e022b17fa83c9a56b81afe40af03d8731ad31b9e35477949a7af6699959f,26/06/2023 00:36:23,ESCANER
2191,"Guatemala",1,"San José Pinula",3,174,400,50,8,10,47,29,3,5,28,8,38,3,0,8,1,2,0,2,5,7,254,6,0,260,0,260,--,400,140,254,260,260,Algún campo sin dato,1,0f4a4abc78f28de7a08ca574d6899ec6aa843de425077d4d28179ed26f2ddfdc,26/06/2023 01:04:49,ESCANER
2192,"Guatemala",1,"San José Pinula",3,174,400,69,7,11,44,15,4,6,29,8,41,1,0,4,2,2,1,2,5,3,254,5,1,260,0,260,--,397,137,254,260,260,Algún campo sin dato,1,73881bc4dac4cc85061c7d9c495a33cd0181c50cdaf8a9882fe19c0e471755b3,25/06/2023 23:49:21,ESCANER
2193,"Guatemala",1,"San José Pinula",3,174,400,71,10,11,37,21,4,5,32,10,39,5,3,2,1,3,9,1,3,0,267,9,1,277,0,277,--,397,120,267,277,277,Algún campo sin dato,1,1b2e2b53aeabb04afcf2aee9c00dfe1b4ab384fcf7616efa09d5b464aba9f35f,26/06/2023 00:48:23,ESCANER
2194,"Guatemala",1,"San José Pinula",3,174,400,76,7,11,49,8,3,7,36,7,38,1,1,8,1,1,0,4,9,5,272,16,0,288,0,288,--,400,112,272,288,288,Algún campo sin dato,1,0e7f98b6894e331e2b738772b92dacfc722e53e6b13c035327402d40f7cc3b4b,26/06/2023 02:03:53,ESCANER
2195,"Guatemala",1,"San José Pinula",3,174,400,61,9,15,51,3,4,7,30,10,31,1,0,11,1,2,0,3,0,6,245,17,3,252,0,265,--,400,135,245,265,265,Sumas Asentadas sin cuadrar,1,4a40665b36f8cf66d00ba95179e44670c9ce5334d82f26ce3c0a830576d486fd,26/06/2023 00:34:04,ESCANER
2196,"Guatemala",1,"San José Pinula",3,174,400,59,10,8,51,14,2,6,32,8,32,0,2,5,0,2,1,2,10,8,252,0,1,253,12,265,--,400,135,252,253,265,Algún campo sin dato,1,28a0b0b94288ef286527f4f0b0425f3bcbca8de9c37f54d0d61982f2bb668366,26/06/2023 01:21:30,ESCANER
2197,"Guatemala",1,"San José Pinula",3,175,400,56,5,13,33,12,6,5,36,13,44,1,1,6,0,0,1,4,7,5,248,13,1,262,0,262,--,400,138,248,262,262,Algún campo sin dato,1,f23882b7e2ee0779c4ec514998d9f157ac36c26141621a4d9c0358b57c52922e,26/06/2023 01:53:02,ESCANER
2198,"Guatemala",1,"San José Pinula",3,175,400,56,8,12,40,17,3,10,27,11,40,2,0,4,0,1,0,1,8,2,242,11,2,255,0,255,--,400,145,242,255,255,Algún campo sin dato,1,713786ca854dbcbca0832f8b30d40e53d9cec6ce9fc082d77873a4de40b83232,25/06/2023 23:13:03,ESCANER
2199,"Guatemala",1,"San José Pinula",3,175,400,55,8,10,38,9,4,7,33,8,34,0,1,6,1,3,0,3,3,8,231,14,0,245,0,245,--,400,155,231,245,245,Algún campo sin dato,1,2d4a387e3cc44dc6d7c7398234e0443a386b72cd6e6c390eb59a8c8aaf770b2a,25/06/2023 22:53:43,ESCANER
2200,"Guatemala",1,"San José Pinula",3,175,400,64,1,8,39,19,1,6,35,8,30,2,0,5,0,0,2,1,6,4,231,6,0,237,0,237,--,400,163,231,237,237,Algún campo sin dato,1,85669d4ef55a66dc8c8b2197fea33eebaa8b185612f4c6f2b36255ebe228c9d0,25/06/2023 22:40:16,ESCANER
2201,"Guatemala",1,"San José Pinula",3,175,400,52,7,6,43,16,2,0,36,7,22,2,0,3,0,0,1,5,3,4,209,4,0,213,0,213,--,400,187,209,213,213,Algún campo sin dato,1,8f0ac59325d6682c27beb0bdd189e1331a91c69e7aad4ad62f10c86c4366d03f,25/06/2023 22:13:48,ESCANER
2202,"Guatemala",1,"San José Pinula",3,175,400,35,9,10,25,58,6,3,36,14,24,0,0,7,0,1,1,2,13,5,249,6,0,255,0,255,--,400,145,249,255,255,Algún campo sin dato,1,8b3ed0fcc459fd14dd1c3c48abccbd248df1c3ffcdaba7d392413c1a374489bf,26/06/2023 00:19:13,ESCANER
2203,"Guatemala",1,"San José Pinula",3,175,400,76,8,7,41,9,5,3,25,3,30,1,0,3,0,0,0,3,2,7,223,7,0,230,0,230,--,400,170,223,230,230,Algún campo sin dato,1,a171434d8d651da60296b9f18d73ac0313fe213305792f764b1e9ba54590adcf,26/06/2023 00:13:30,ESCANER
2204,"Guatemala",1,"San José Pinula",3,175,400,64,5,10,37,5,4,4,27,6,33,3,0,7,1,0,0,2,5,7,220,2,0,222,0,222,--,400,178,220,222,222,Algún campo sin dato,1,b2698924919ab7430fe4a49cbcfb1310b5c08b186eb616a0049d94d58d100343,26/06/2023 01:51:32,ESCANER
2205,"Guatemala",1,"San José Pinula",3,175,400,52,9,6,21,19,2,1,19,7,14,2,1,1,1,1,0,1,8,6,171,6,0,177,0,177,0,400,223,171,177,177,,1,d3db5cf63ee6114d1c9f456cbb2669c5dc3ba3fe187a346a0ae74354ec0b1cb5,26/06/2023 01:16:41,ESCANER
2206,"Guatemala",1,"San José Pinula",3,175,209,17,5,4,18,17,1,2,15,4,12,0,0,4,1,0,1,1,5,1,108,1,0,109,0,109,--,206,97,108,109,109,Algún campo sin dato,1,f8569361058a21bda000c89b97ec466d206899853ec02a0034582edde4730f14,25/06/2023 22:00:34,ESCANER
2207,"Guatemala",1,"San José Pinula",3,175,209,26,3,1,8,13,4,2,15,4,6,0,0,2,0,0,0,0,3,2,89,3,0,92,0,92,--,209,117,89,92,92,Algún campo sin dato,1,0a30e81d5ce57dea645368497aaf245987f440a5a85df68ed08cc0840da0cc63,26/06/2023 01:10:58,ESCANER
2208,"Guatemala",1,"San José Pinula",3,176,400,78,6,6,43,8,3,4,32,6,53,2,1,2,2,0,1,1,4,10,262,9,5,276,0,276,--,400,123,262,276,276,Algún campo sin dato,1,b574a90b55da16a7221ff571d4b9f7f5170e982ab680802689304a869b89831c,26/06/2023 01:17:15,ESCANER
2209,"Guatemala",1,"San José Pinula",3,176,400,77,3,5,45,10,3,4,26,13,46,1,1,3,0,0,0,1,4,13,255,11,0,266,3,269,--,400,132,255,266,269,Algún campo sin dato,1,85de7dcf1a0e6a6abf09ed5785d9c21e499e39781135615acfccb734275eee1c,26/06/2023 02:58:39,ESCANER
2210,"Guatemala",1,"San José Pinula",3,176,400,78,5,7,41,6,5,3,29,6,55,2,0,2,0,0,0,3,2,11,255,22,2,279,0,279,--,400,121,255,279,279,Algún campo sin dato,1,14dda9cec34cc5b663509b46f5d26089b72e449c7fa9a6e4689de45511cc8a18,26/06/2023 00:08:35,ESCANER
2211,"Guatemala",1,"San José Pinula",3,176,400,76,5,6,60,7,4,6,25,7,36,2,3,1,0,0,1,4,5,6,254,9,4,267,0,267,--,400,133,254,267,267,Algún campo sin dato,1,6061f7ccfd7bb0387cbb0f03c7e61996926454223d5a71d0cd87b1548ac91d97,26/06/2023 00:56:24,ESCANER
2212,"Guatemala",1,"San José Pinula",3,176,400,71,7,6,38,6,4,3,39,7,51,1,1,4,0,1,0,5,1,13,258,14,2,274,0,274,--,400,126,258,274,274,Algún campo sin dato,1,df75bf9d025b57f0498d1e123b64fd62e82de123d4dcff600793b03e97a65d60,26/06/2023 01:03:26,ESCANER
2213,"Guatemala",1,"San José Pinula",3,176,400,91,10,7,58,10,1,2,31,6,35,1,0,7,0,0,0,2,2,14,277,11,1,289,0,289,--,400,111,277,289,289,Algún campo sin dato,1,5dcd7717132c96f1a7b7e1a4f899e7ae52c8507e8ecf43a9e5e7bcf3e62a7dc3,26/06/2023 01:10:08,ESCANER
2214,"Guatemala",1,"San José Pinula",3,177,400,58,7,6,42,13,2,5,31,8,47,3,0,7,0,0,2,5,4,8,248,14,3,265,0,265,--,397,132,248,265,265,Algún campo sin dato,1,9c19f78b411c161830cd078c8621d33e06ed894bdb76c5eb39f48345c9e9a46d,26/06/2023 01:51:39,ESCANER
2215,"Guatemala",1,"San José Pinula",3,177,400,97,12,9,42,11,2,4,28,14,49,2,1,3,0,2,1,2,4,6,289,11,3,303,0,303,--,400,97,289,303,303,Algún campo sin dato,1,520ea6aed46d66cd1d3647f69678339299ae5ced76fb695275b27489024dd15c,26/06/2023 03:14:42,ESCANER
2216,"Guatemala",1,"San José Pinula",3,177,400,86,4,8,45,8,1,5,32,11,44,2,1,6,3,0,0,0,3,6,265,16,1,282,0,282,--,400,118,265,282,282,Algún campo sin dato,1,f993b873a669ff95e0e8a9bc13ca05dfc86055f22a2ff010761344aab9a25a4d,26/06/2023 00:35:17,ESCANER
2217,"Guatemala",1,"San José Pinula",3,177,400,80,2,5,35,6,4,2,41,10,38,0,3,2,0,0,0,2,2,8,240,8,0,248,0,248,--,400,152,240,248,248,Algún campo sin dato,1,f4a512dc86102bdb5f966ef26f49aee70fa277a1ad80e5aa830cc857075b7b58,26/06/2023 01:35:13,ESCANER
2218,"Guatemala",1,"San José Pinula",3,177,400,58,6,5,42,13,3,3,40,3,35,1,0,1,0,0,0,4,2,15,231,6,0,237,0,237,--,400,163,231,237,237,Algún campo sin dato,1,14bce56fbba19dffc0a0b8da224b7ed26353be59641b19f4c6598e04914280bb,26/06/2023 03:25:43,ESCANER
2219,"Guatemala",1,"San José Pinula",3,177,400,85,6,5,41,9,3,2,26,3,41,0,1,4,0,0,1,2,3,7,239,16,1,256,0,256,0,400,144,239,256,256,,1,2f0cf77056c5b0ba29f80b287227b0d2b4429ef0baf9443cde661341abb4eda9,26/06/2023 01:25:43,ESCANER
2220,"Guatemala",1,"San José Pinula",3,178,400,73,8,9,34,16,4,2,29,9,44,1,2,3,0,0,0,2,3,3,242,19,2,263,0,263,--,400,137,242,263,263,Algún campo sin dato,1,77ae044dc32e32a3a00d0a4715f7664d6526c97e350532d0acd2fe1dfdeb0d1a,25/06/2023 23:53:55,ESCANER
2221,"Guatemala",1,"San José Pinula",3,178,400,63,5,9,29,7,5,6,55,10,38,1,1,2,0,0,1,5,0,14,251,10,2,263,0,263,--,400,137,251,263,263,Algún campo sin dato,1,68fbcc853881a7cf0f8ff1adfc043795b66925d4f3b104d119aee1055e7c91b8,26/06/2023 00:32:47,ESCANER
2222,"Guatemala",1,"San José Pinula",3,178,400,68,9,5,43,14,1,11,31,6,42,1,2,2,0,0,1,6,9,12,263,10,2,275,0,275,--,400,125,263,275,275,Algún campo sin dato,1,06677d76d2d725fd24e864597530ee9a53bba089826f8006d98f89b1e89cc4cb,26/06/2023 00:15:58,ESCANER
2223,"Guatemala",1,"San José Pinula",3,178,400,80,7,10,42,14,3,6,30,6,47,2,0,5,1,1,0,4,6,10,274,4,2,280,0,280,--,400,120,274,280,280,Algún campo sin dato,1,08a29c8f53adb623938ebf60abe0feac4a44fbb8ce90e803f8638d5b6707f986,25/06/2023 23:41:09,ESCANER
2224,"Guatemala",1,"San José Pinula",3,178,400,76,7,8,43,11,1,3,33,11,34,2,1,0,1,0,0,3,6,10,250,10,2,262,0,262,--,400,138,250,262,262,Algún campo sin dato,1,27e8c2a16afb8133b1fdae85f3806219136dfc44ec6193fee5b302feaecc28f7,26/06/2023 00:18:40,ESCANER
2225,"Guatemala",1,"San José Pinula",3,178,400,56,11,5,30,14,1,4,35,7,45,0,0,2,0,1,1,2,1,14,229,11,2,242,0,242,--,400,158,229,242,242,Algún campo sin dato,1,f4a8cfcacb699dacfcf19229d206956660c9d6f45b9fcffecee8e9f0de53a3b7,26/06/2023 00:06:17,ESCANER
2226,"Guatemala",1,"San José Pinula",3,179,400,74,2,4,42,10,3,2,31,11,38,0,1,5,0,1,1,2,2,6,235,10,3,248,0,248,--,400,152,235,248,248,Algún campo sin dato,1,529f0068b8884ffb7adf766c222db3e249aacdefdc2d11b0d722b5c244e9e16c,25/06/2023 23:32:42,ESCANER
2227,"Guatemala",1,"San José Pinula",3,179,400,77,8,3,30,8,4,3,37,6,38,0,2,8,0,1,0,4,2,10,241,5,0,246,0,246,--,400,154,241,246,246,Algún campo sin dato,1,5269834af46a1fbad67e40bace47d15ada33196fb3cab53cebfaeec2b1c96100,26/06/2023 04:08:47,ESCANER
2228,"Guatemala",1,"San José Pinula",3,180,400,75,6,4,40,30,7,7,36,11,38,0,0,2,0,1,0,0,3,6,266,4,0,270,0,270,--,400,130,266,270,270,Algún campo sin dato,1,30f4ba9a426fd4359cea164d7a9cfd818dfa6eabb0407d4f28b43ec41d65777c,25/06/2023 23:46:17,ESCANER
2229,"Guatemala",1,"San José Pinula",3,180,400,75,4,5,47,15,1,4,30,13,50,1,0,2,0,0,0,2,4,5,258,2,1,261,0,261,--,400,139,258,261,261,Algún campo sin dato,1,c0fef3f84dde4c15c210424cf0df0551e842b494c93c1996dcc48ed8d50f32a1,26/06/2023 02:14:14,ESCANER
2230,"Guatemala",1,"San José Pinula",3,180,400,81,6,8,42,8,4,2,23,6,44,0,1,2,0,0,0,2,2,6,237,3,0,240,0,240,--,400,160,237,240,240,Algún campo sin dato,1,df7be45241332543b38d1630d7fe23deb9b72798de4b7b40004a3a2e4cbd67aa,26/06/2023 00:53:40,ESCANER
2231,"Guatemala",1,"San José Pinula",3,180,303,42,3,1,28,9,5,1,19,7,19,0,0,3,0,0,0,1,0,7,145,6,0,151,0,151,--,303,152,145,151,151,Algún campo sin dato,1,b94c4f2bf5a6c61c6b1ef38829e77cbcb24f995e824891e7aa12000d6c951757,26/06/2023 01:40:19,ESCANER
2232,"Guatemala",1,"San José Pinula",3,180,302,45,4,1,12,12,0,2,24,2,23,0,1,3,1,1,1,1,3,3,139,5,0,144,1,145,--,302,157,139,144,145,Algún campo sin dato,1,8f0743093d7a90d2e092c7fe0e15c7b1b04827c49f582fe3f508f60b934775b4,26/06/2023 00:14:06,ESCANER
2233,"Guatemala",1,"San José Pinula",3,181,400,53,12,5,14,27,1,5,20,33,19,0,4,23,1,4,0,4,42,4,271,23,2,296,0,296,--,400,104,271,296,296,Algún campo sin dato,1,657670c2d57b9caf902d00168f2148a8aa6d394dbbce51f3be0ab9e119201484,26/06/2023 01:57:13,MOVIL
2234,"Guatemala",1,"San José Pinula",3,181,400,55,13,7,19,29,0,9,23,24,21,0,4,22,1,2,2,3,43,2,279,13,5,297,0,297,--,397,100,279,297,297,Algún campo sin dato,1,4eb138f5d6466b4bd857f2af6ea8155e95a31287c75aa8a81d4fa23f2033d6df,26/06/2023 00:12:07,ESCANER
2235,"Guatemala",1,"San José Pinula",3,181,400,40,5,5,19,22,3,5,22,19,28,1,5,12,0,1,0,2,47,2,238,22,1,261,0,261,--,400,139,238,261,261,Algún campo sin dato,1,e9bf545f8c59479337e98df2a95fd8912d6e7111af15e9fbc39ba978fb099ef7,26/06/2023 00:18:37,ESCANER
2236,"Guatemala",1,"San José Pinula",3,181,400,37,12,8,12,27,0,5,21,27,27,0,3,21,3,5,1,0,24,0,233,21,1,255,0,255,--,255,143,233,255,255,Algún campo sin dato,1,8f17f535fdcb6a770a8bd75fbdf6390ee14ca5d4dcf72445e38bac34200cc090,26/06/2023 00:29:07,ESCANER
2237,"Guatemala",1,"San José Pinula",3,181,400,53,7,9,6,28,2,8,27,25,18,1,3,25,0,0,0,3,36,6,257,28,2,287,0,287,--,400,113,257,287,287,Algún campo sin dato,1,71fc615e7e20979e5b402d1d1ba2cf4eb40055282dd9b8047f903393c1d3e4c1,26/06/2023 01:48:53,ESCANER
2238,"Guatemala",1,"San José Pinula",3,181,400,45,10,13,11,31,1,8,24,18,24,0,7,31,0,3,0,4,41,3,274,13,1,288,0,288,0,397,109,274,288,288,,1,eb6a433a9c79933fc6336482d79f445d081b5b5c8fd711210d0df19d2b513ca8,26/06/2023 01:29:34,ESCANER
2239,"Guatemala",1,"San José Pinula",3,181,400,44,8,13,11,37,4,3,26,16,27,0,0,16,0,3,0,1,33,6,248,14,1,263,0,263,--,400,137,248,263,263,Algún campo sin dato,1,2f4a410d5c57569e5f7b4b277e29b186a60e545c9173e2fb25a83c1bdb995c57,25/06/2023 23:10:34,ESCANER
2240,"Guatemala",1,"San José Pinula",3,181,305,24,7,10,4,60,1,1,20,17,15,0,1,29,1,0,0,3,28,0,221,5,0,226,0,226,--,304,78,221,226,226,Algún campo sin dato,1,7277e879f9a6406c9ba693cc3dfa019038df577e3779251b22bd950054c34b42,25/06/2023 22:49:27,ESCANER
2241,"Guatemala",1,"San José Pinula",3,181,305,23,6,5,11,31,2,1,19,13,21,0,2,14,3,0,0,0,22,1,174,5,0,179,0,179,--,179,126,174,179,179,Algún campo sin dato,1,48a4183dc0bc116ec0f95308fa28ce2e3696e2a489604d61ff433701fe797eb7,25/06/2023 22:28:51,ESCANER
2242,"Guatemala",1,"San José Pinula",3,182,400,56,11,13,25,32,9,5,55,14,25,0,2,8,1,2,0,6,9,9,282,19,2,303,0,303,--,400,97,282,303,303,Algún campo sin dato,1,a015163c8480ad70deccd746526863dab0cf29c49ba7e60618201291efddb995,26/06/2023 01:47:04,ESCANER
2243,"Guatemala",1,"San José Pinula",3,182,400,75,15,9,30,22,11,2,59,10,22,1,1,3,1,1,1,6,7,7,283,19,1,303,0,303,--,400,97,283,303,303,Algún campo sin dato,1,255cfb290913e9435249d87a6c502f776791c61b7e13c611dd9db31dda44f1c0,26/06/2023 04:47:25,ESCANER
2244,"Guatemala",1,"San José Pinula",3,182,400,81,6,10,31,15,9,4,68,7,21,1,1,6,1,1,1,6,6,4,279,21,0,300,0,300,--,400,100,279,300,300,Algún campo sin dato,1,db48fc350e753a8985d0a9d45098d9046612b0aa18917169bc9188339927cb6a,26/06/2023 01:53:20,ESCANER
2245,"Guatemala",1,"San José Pinula",3,182,400,60,9,3,19,30,11,5,58,7,18,1,1,6,0,2,1,4,8,7,250,18,1,269,0,269,--,400,131,250,269,269,Algún campo sin dato,1,2a92557fc2dced166d2c6de2c14729c18c6255b232e366c6abf61ee4be1d2f4b,26/06/2023 02:39:44,ESCANER
2246,"Guatemala",1,"San José Pinula",3,182,400,64,11,14,35,29,9,2,71,4,25,0,2,5,1,1,3,2,8,7,293,15,1,309,0,309,--,400,91,293,309,309,Algún campo sin dato,1,ab276bbdafb58cd85ccff05227161d9a07bd0f671b2549fb54225601a517c3db,26/06/2023 03:14:10,ESCANER
2247,"Guatemala",1,"San José Pinula",3,182,400,60,10,14,35,25,11,1,68,9,22,0,2,4,0,0,3,0,8,9,281,19,3,303,0,303,--,400,97,281,303,303,Algún campo sin dato,1,722a47eb8cb9ca7c8a1c4b11c02707411e1c4ebe3eb0002a4804ca717623db97,26/06/2023 00:39:15,ESCANER
2248,"Guatemala",1,"San José Pinula",3,183,400,57,8,6,24,29,15,3,66,6,18,3,1,8,2,1,1,4,5,8,265,8,3,276,1,277,--,400,123,265,276,277,Algún campo sin dato,1,c80f116372e80a185fd66e13970141cbaee58d0c3d16f1e6d4655bfedecb7878,26/06/2023 00:46:51,ESCANER
2249,"Guatemala",1,"San José Pinula",3,183,400,52,10,7,28,41,18,1,55,5,18,2,2,4,0,2,2,4,6,7,264,11,1,276,0,276,--,400,124,264,276,276,Algún campo sin dato,1,80a787432d4bf555be918646b77bf4f178289a887db679ab2d29818442ce69c0,26/06/2023 01:32:21,ESCANER
2250,"Guatemala",1,"San José Pinula",3,183,400,76,6,7,24,45,6,1,44,7,23,0,1,5,1,1,4,2,4,6,263,7,0,270,0,270,--,400,130,263,270,270,Algún campo sin dato,1,8414ea42485b7ab3803f9ffb1b6f467f2cb5ca4eb7d2ca63a0c01429ec1a2d8d,26/06/2023 01:13:07,ESCANER
2251,"Guatemala",1,"San José Pinula",3,183,299,42,3,5,23,26,7,1,31,7,12,0,1,3,0,1,0,0,9,5,176,5,0,181,0,181,--,299,118,176,181,181,Algún campo sin dato,1,e0e14d1bbc1b9b4652dacf88e2c2f2cf0fbd0c91bf6f6eb93e3e6a7d67525630,26/06/2023 00:14:56,ESCANER
2252,"Guatemala",1,"San José Pinula",3,183,299,37,2,2,11,27,8,0,25,3,4,1,0,9,0,1,1,2,4,3,140,9,0,149,0,149,--,299,150,140,149,149,Algún campo sin dato,1,770263ea154b852f1e52d298d6a48b81647c10b76feb4853fe279891deb2fc11,25/06/2023 22:27:55,ESCANER
2253,"Guatemala",1,"San José Pinula",3,184,400,72,12,5,39,5,2,2,27,20,32,3,0,14,0,4,1,2,26,3,269,0,17,286,0,286,--,400,114,269,286,286,Algún campo sin dato,1,8327e397129fb444727103c7a71d04dd9d84430f25b6ef375fbb9b4165d7ca56,26/06/2023 00:25:52,ESCANER
2254,"Guatemala",1,"San José Pinula",3,184,400,77,5,7,46,2,3,2,18,26,37,3,2,18,2,3,7,1,15,5,279,13,1,293,0,--,--,--,--,279,293,293,Algún campo sin dato,1,961027cb5c4212a4ad9c406882b41f5f2a2934f8a1dd27384eab6b4f3b9d61fa,25/06/2023 23:48:40,ESCANER
2255,"Guatemala",1,"San José Pinula",3,184,400,84,13,6,29,12,2,3,26,12,34,1,1,26,0,1,1,0,13,6,270,15,1,286,0,286,--,384,98,270,286,286,Algún campo sin dato,1,ff047f5cf9e52a500011018014de270205c687d2396891550228be96b990ad00,26/06/2023 03:16:04,ESCANER
2256,"Guatemala",1,"San José Pinula",3,184,400,67,14,4,31,13,0,6,26,19,23,2,0,15,1,3,0,1,18,1,244,15,2,261,0,261,--,400,139,244,261,261,Algún campo sin dato,1,44dc515bf8a98bd4137556f654c8377440af182b3b8347d14325570c9c462d98,26/06/2023 00:11:24,ESCANER
2257,"Guatemala",1,"San José Pinula",3,184,400,82,9,7,36,14,3,4,21,20,27,2,1,13,0,3,0,0,19,0,261,14,1,276,0,276,--,400,124,261,276,276,Algún campo sin dato,1,0a30ebd54ffcce4f32e77e8cdbca4d446b3272ad954fa772c577023f8d17b1ee,26/06/2023 01:36:13,ESCANER
2258,"Guatemala",1,"San José Pinula",3,184,297,51,5,4,20,16,1,6,18,18,14,3,0,13,0,1,0,2,13,0,185,9,1,195,0,195,--,297,102,185,195,195,Algún campo sin dato,1,84487ceeeaf2dfac859953f2fd8ffde70d67307015ca445db19abee2972330b3,25/06/2023 22:02:59,ESCANER
2259,"Guatemala",1,"San José Pinula",3,184,297,41,3,4,18,12,0,3,15,11,10,0,0,7,0,0,0,0,20,1,145,6,0,151,0,151,--,297,146,145,151,151,Algún campo sin dato,1,8df0bacdf99686c6dcb33cfe826e54eae32c1edfd2ce18114bc08a0be908ce16,26/06/2023 00:04:57,ESCANER
2260,"Guatemala",1,"San José Pinula",3,185,400,85,14,10,50,6,1,2,8,12,47,3,0,9,0,1,0,2,1,12,263,16,10,289,0,289,--,400,111,263,289,289,Algún campo sin dato,1,90eb432309ae70ee5dcbcad2f2d3210f7de67210c356188ccc9d85ec7f229d61,26/06/2023 01:29:24,ESCANER
2261,"Guatemala",1,"San José Pinula",3,185,400,92,7,11,68,6,1,2,20,15,35,5,1,9,1,2,2,1,0,5,282,10,1,293,1,294,--,397,103,283,294,295,Sumas Asentadas sin cuadrar,1,55c963cc42987f7c1f7353716e88cd58c3af603257be0600a7d9b2bc5c6fdab5,26/06/2023 01:53:16,ESCANER
2262,"Guatemala",1,"San José Pinula",3,185,400,97,15,9,53,6,3,1,13,16,28,4,0,12,1,2,0,0,3,5,268,16,3,287,0,287,--,400,113,268,287,287,Algún campo sin dato,1,5e37e30e692b7bd5b0278fc56b6a3e9223a90955903bdd11a8734178e9bcf23d,26/06/2023 01:56:13,ESCANER
2263,"Guatemala",1,"San José Pinula",3,185,400,86,9,0,46,6,2,2,13,23,41,0,1,10,0,2,0,2,2,7,252,10,8,270,0,270,--,400,130,252,270,270,Algún campo sin dato,1,ac7773108334e53e88f89e9ccd943f51f8454aa4ec9d0905ecf76c1129ec2d8c,26/06/2023 00:06:53,ESCANER
2264,"Guatemala",1,"San José Pinula",3,185,400,68,12,12,59,9,1,1,17,19,37,1,0,16,1,1,0,3,3,4,273,8,1,273,0,273,--,400,127,264,273,273,Sumas Asentadas sin cuadrar,1,b5de4c098c1e27cbd09f8bad3ba28463e72263a708ac5cb471c384d6bc3833c7,26/06/2023 04:11:01,ESCANER
2265,"Guatemala",1,"San José Pinula",3,185,400,84,7,9,42,5,1,3,20,14,41,0,1,17,0,1,0,2,5,4,256,5,0,261,0,261,--,400,139,256,261,261,Algún campo sin dato,1,5c87329e270bbe1c063139bdb2d0cd75dc800e2b7d69b2b9285389777b93e5f4,25/06/2023 23:51:48,ESCANER
2266,"Guatemala",1,"San José Pinula",3,185,244,50,6,4,22,7,1,1,13,8,23,0,0,11,0,1,0,2,1,1,151,4,0,155,0,155,--,244,89,151,155,155,Algún campo sin dato,1,851e03e1e5e806cb0cfdf1e08bba87d31b8fac80b449b70a1c2533ae2f6f6c7c,26/06/2023 00:42:26,ESCANER
2267,"Guatemala",1,"San José Pinula",3,185,244,29,3,2,23,16,0,1,8,11,13,0,0,12,0,2,0,1,2,2,125,1,0,126,0,126,--,244,118,125,126,126,Algún campo sin dato,1,26522f5846d039d5ce1125fdd86c977a9978d5ea442610979743ebbae754a3bd,25/06/2023 23:05:12,ESCANER
2268,"Guatemala",1,"San José Pinula",3,186,380,51,32,1,45,2,1,2,14,8,27,0,1,10,1,1,0,0,2,6,204,31,10,245,1,246,--,380,134,204,245,246,Algún campo sin dato,1,1f4de7abf0defa5a4da1cc0f1648eef43da8aba6662ee9413e5845bd463d8e91,26/06/2023 04:03:07,ESCANER
2269,"Guatemala",1,"San José Pinula",3,186,380,49,33,4,56,1,2,1,6,18,22,1,1,8,0,0,0,0,1,2,205,26,7,238,0,238,--,381,143,205,238,238,Algún campo sin dato,1,b833465d00b37f95083fd3019c2d1964b7cd2cadce5cfd3a4971f1a4285873f9,25/06/2023 23:38:52,ESCANER
2270,"Guatemala",1,"San José Pinula",3,186,380,62,33,2,57,2,1,0,12,15,17,2,1,7,0,0,0,0,0,6,217,21,5,243,0,243,--,380,137,217,243,243,Algún campo sin dato,1,f34e484725092e00d5267b91561b642e3f9f45e4335a2af7be38ce9a117f0769,25/06/2023 23:16:04,ESCANER
2271,"Guatemala",1,"San José Pinula",3,186,380,56,24,3,55,2,3,1,15,12,15,0,1,1,0,1,0,1,1,5,196,19,4,219,0,219,--,380,161,196,219,219,Algún campo sin dato,1,c965e687dba19cecaf174f6e6979b45327f5cfa2c9357a68cb42f0c58bc3bf56,26/06/2023 00:08:36,ESCANER
2272,"Guatemala",1,"San José Pinula",3,186,215,32,20,3,15,4,0,1,14,5,11,0,0,0,0,0,0,0,1,5,111,8,1,120,0,120,--,215,95,111,120,120,Algún campo sin dato,1,ac3f5074f153b60ba03057ec91b03cbd632e9c2d539a10b14ad9cf82d8a03fed,25/06/2023 22:44:45,ESCANER
2273,"Guatemala",1,"San José Pinula",3,186,215,32,18,2,20,1,1,3,9,8,6,0,2,0,0,0,0,0,5,1,108,4,1,113,0,113,--,215,102,108,113,113,Algún campo sin dato,1,21620a7f81f5f13c8aba90bd08e9c5f62d5f9db4ec42a7a8e744fa847b27f1a3,25/06/2023 23:27:38,ESCANER
2274,"Guatemala",1,"San José Pinula",3,187,380,46,5,2,72,0,0,1,11,3,19,1,0,1,1,1,0,0,0,3,166,9,1,176,0,176,--,380,204,166,176,176,Algún campo sin dato,1,31a1bd54d4a8eea5abc7aa5683b347fe284480448fa68dc1c0e1182b7aa1f7a0,26/06/2023 00:27:37,ESCANER
2275,"Guatemala",1,"San José Pinula",3,187,380,52,5,10,66,2,2,0,2,0,10,0,0,1,0,0,0,0,1,6,157,9,6,172,1,173,--,380,208,157,172,173,Algún campo sin dato,1,69598686f14de2ef02704674e0ad193151334104cd85ded5a155bc8ef89f6f5c,25/06/2023 23:14:19,ESCANER
2276,"Guatemala",1,"San José Pinula",3,187,380,61,2,10,53,1,1,3,3,1,9,1,0,3,1,2,0,1,0,6,158,12,1,171,0,171,--,380,209,158,171,171,Algún campo sin dato,1,56ab244b415c5dd4a77b9382f40358b658b58a87aab74694d8bc6574695004da,25/06/2023 23:49:55,ESCANER
2277,"Guatemala",1,"San José Pinula",3,187,380,58,5,9,59,0,2,3,7,2,12,0,1,0,0,0,0,0,0,3,161,8,0,169,0,169,--,380,211,161,169,169,Algún campo sin dato,1,a18160e1bd218d210eeee380b7c935b986a680566cc4548eb1d4db00a391f5a2,25/06/2023 22:35:47,ESCANER
2278,"Guatemala",1,"San José Pinula",3,187,301,34,5,12,35,0,1,0,7,2,12,0,0,1,0,0,0,0,0,4,113,11,4,128,0,128,--,301,173,113,128,128,Algún campo sin dato,1,cf78caa6fa090e78baf0e922376f9a17a4d10e360c2c6eb6c17da816782c62db,25/06/2023 22:42:49,ESCANER
2279,"Guatemala",1,"San José Pinula",3,187,301,39,1,12,63,0,3,0,7,3,9,1,0,0,0,0,0,0,0,1,139,0,0,139,0,139,--,301,162,139,139,139,Algún campo sin dato,1,68f608a02b2f92d50f1ea67b3f21d22554d9e47551c746442dd25a01a56bee08,25/06/2023 22:55:33,ESCANER
2280,"Guatemala",1,"San José Pinula",3,188,380,64,18,2,30,4,1,3,19,14,24,0,1,0,0,2,0,0,1,6,189,20,5,214,0,214,--,380,166,189,214,214,Algún campo sin dato,1,72d6b12a37a0a1936b1a879fc99ad79e43f8c4b14f27801aca56e779fe48acfc,26/06/2023 00:23:53,ESCANER
2281,"Guatemala",1,"San José Pinula",3,188,380,70,21,4,48,3,1,2,20,16,23,3,0,1,0,2,0,4,2,13,233,19,2,254,0,254,--,382,128,233,254,254,Algún campo sin dato,1,b62647a0c6276a9ed43d94abf0eb5ad2de175e1fb3a50cfb690058ae0d0cbb19,26/06/2023 00:35:25,ESCANER
2282,"Guatemala",1,"San José Pinula",3,188,380,77,23,4,50,7,2,8,16,16,18,2,0,2,0,0,1,1,3,8,238,21,8,267,1,268,1,380,112,238,267,268,,1,b4b8c4725b64e77be62ad7310e315dfc7fc20d7959a24a03612e4ab3a3273fbf,26/06/2023 00:48:02,ESCANER
2283,"Guatemala",1,"San José Pinula",3,188,380,85,21,8,37,2,2,2,29,30,29,0,1,4,2,2,0,5,3,5,267,18,3,288,0,288,--,377,89,267,288,288,Algún campo sin dato,1,bf556f200b11688e7ebc9766d689cf2a72e7c961b2784d4467a30c8de7b549b4,26/06/2023 01:03:53,ESCANER
2284,"Guatemala",1,"San José Pinula",3,188,380,65,19,3,38,4,4,4,21,19,23,1,2,4,0,0,0,0,0,9,216,21,5,242,0,242,--,380,138,216,242,242,Algún campo sin dato,1,ae94ce5b5d51508aff6baf24ea43d59c6486923e2234ade9514dd710583fe651,26/06/2023 01:19:00,ESCANER
2285,"Guatemala",1,"San José Pinula",3,188,380,66,17,5,36,4,5,4,17,17,38,1,1,5,0,1,0,0,2,4,223,17,0,240,0,240,--,381,141,223,240,240,Algún campo sin dato,1,3ccf541365132a0c3d2c0fd6a215501de6805ac16c4add2de671883b838cbad5,26/06/2023 00:54:47,ESCANER
2286,"Guatemala",1,"San José Pinula",3,188,380,81,12,1,42,2,1,4,28,6,28,0,0,2,0,0,0,1,2,9,219,8,3,230,0,230,--,380,150,219,230,230,Algún campo sin dato,1,8c26715147a3f74dc9480778598f94c47c22e602eb801dc4920aba28bcf80165,25/06/2023 23:47:30,ESCANER
2287,"Guatemala",1,"San José Pinula",3,188,380,62,7,2,44,4,1,5,22,11,27,2,0,6,0,2,1,0,3,6,205,19,3,227,0,227,--,380,153,205,227,227,Algún campo sin dato,1,7923e10c208d5a3efde20e4f0958f70097b610785b1b3ace483590dd36efd312,26/06/2023 00:12:58,ESCANER
2288,"Guatemala",1,"San José Pinula",3,188,380,74,14,3,30,3,1,7,25,13,15,0,0,2,1,0,0,3,1,12,204,12,3,219,0,219,--,381,162,204,219,219,Algún campo sin dato,1,00ab0a3d14d6167eaae815598a21f693dd24d046ac5578fe8440ffc5ef7de8d9,25/06/2023 22:43:48,ESCANER
2289,"Guatemala",1,"San José Pinula",3,188,380,54,15,4,50,2,0,6,20,14,22,1,0,0,0,0,0,1,1,9,199,7,2,208,0,208,--,380,172,199,208,208,Algún campo sin dato,1,ecc5291e50601523ac25268f69e3a2c2bb48fec0783b3b84e3f86da9aae479ad,26/06/2023 00:28:03,ESCANER
2290,"Guatemala",1,"San José Pinula",3,188,380,72,6,3,33,9,0,2,23,9,20,0,0,0,1,2,0,0,0,5,185,4,2,191,0,--,--,380,189,185,191,191,Algún campo sin dato,1,9bf854dd3da33eea0763fd737abe540a8fef71ae6fbc80bdbef15a383b3a0f0e,26/06/2023 00:07:43,ESCANER
2291,"Guatemala",1,"San José Pinula",3,188,225,34,3,2,24,6,0,2,13,4,10,1,0,0,0,0,0,1,2,3,105,3,0,108,0,108,--,225,117,105,108,108,Algún campo sin dato,1,2943d987ca3c73c07794ef10a717b37d31586873da5a3934ff5a0ca628cd631b,25/06/2023 23:21:03,ESCANER
2292,"Guatemala",1,"San José Pinula",3,188,224,30,2,1,16,4,0,1,11,10,11,0,0,3,1,0,0,2,0,3,95,1,2,98,0,98,--,225,127,95,98,98,Algún campo sin dato,1,85948c169649718189aa36317b05be2b9235ef52d239065fe8fce71be36fc96a,25/06/2023 22:21:07,ESCANER
2293,"Guatemala",1,"San José Pinula",3,189,600,82,8,10,48,6,1,3,33,12,53,3,1,9,0,2,0,0,9,5,285,21,4,310,0,310,--,600,290,285,310,310,Algún campo sin dato,1,a6fa87ddc19ebd6942b97e1492a9f249f9d80f9efb6009639c13acb59f24a194,26/06/2023 00:03:17,ESCANER
2294,"Guatemala",1,"San José Pinula",3,189,600,82,12,13,52,7,0,9,26,13,65,1,1,5,0,0,1,2,6,10,305,15,4,324,0,324,--,600,276,305,324,324,Algún campo sin dato,1,6374992ad4462e5b77da59a8f7e081077440299cfb16b67025e773ce7b2110dc,26/06/2023 00:52:09,ESCANER
2295,"Guatemala",1,"San José Pinula",3,189,360,37,6,4,31,9,1,0,16,9,27,2,0,7,0,2,1,3,5,8,168,14,0,182,0,182,--,360,178,168,182,182,Algún campo sin dato,1,cb72738c0f40805f92bb6dbb2ca66da8d49e3a7bab7bc062012368562f8d2b6f,25/06/2023 23:40:07,ESCANER
2296,"Guatemala",1,"San José Pinula",3,189,360,24,2,2,14,1,3,3,6,5,15,0,0,2,0,0,0,1,1,3,82,3,1,86,0,86,--,360,274,82,86,86,Algún campo sin dato,1,f0f3b863a4c24ca4c0532bf526948d0d0e0c8b2cccac50e2fdac1797e5364917,25/06/2023 22:12:54,ESCANER