﻿TIPO_DE_ELECCIÓN:,CORPORACIÓN MUNICIPAL
28 junio 2023 21:35 (UTC -6)
ACTAS_ESPERADAS,ACTAS_CAPTURADAS,PORCENTAJE_ACTAS_CAPTURADAS,ACTAS_CONTABILIZADAS,PORCENTAJE_ACTAS_CONTABILIZADAS,ACTAS_NO_CONTABILIZADAS,LISTA_NOMINAL_ACTAS_CONTABILIZADAS,VOTOS_EMITIDOS_CONTABILIZADAS,PORCENTAJE_PARTICIPACIÓN_CIUDADANA
130,130,100.0000,130,100.0000,0,47515,32039,67.4292

MESA,DEPARTAMENTO,ID_DEPARTAMENTO,MUNICIPIO,ID_MUNICIPIO,CENTRO_DE_VOTACIÓN,PADRÓN,UNE,CABAL,CAMBIO,PHG,VALOR,AZUL,PPN,ELEFANTE,WINAQ,VIVA,FCN-NACION,VAMOS,CREO,VOS,BIEN,VÁLIDOS,NULOS,BLANCO,EMITIDOS,INVÁLIDOS,TOTAL,IMPUGNACIONES,PAPELETAS-RECIBIDAS,PAPELETAS-NO-USADAS,VALIDOS_CALCULADO,EMITIDOS_CALCULADO,TOTAL_CALCULADO,OBSERVACIONES,CONTABILIZADA,CÓDIGO_INTEGRIDAD,FECHA_HORA_PUBLICACIÓN,DIGITALIZACIÓN
19302,"Alta Verapaz",16,"Senahú",8,2963,400,40,40,2,23,15,3,66,0,0,0,1,45,0,1,0,236,19,2,400,0,400,--,400,143,236,257,257,Sumas Asentadas sin cuadrar,1,117102c2b0805d47721d73ebf236b9d1cd62ba253be84b2e94358cd1da40eb30,26/06/2023 01:50:00,MOVIL
19303,"Alta Verapaz",16,"Senahú",8,2963,400,64,48,1,13,20,1,73,0,1,1,2,41,1,0,1,267,21,0,288,0,288,--,400,112,267,288,288,Algún campo sin dato,1,f095f00bb2af94bb9f86c95df4820d2e7de2851210235c7ec766ba56601fe875,26/06/2023 01:12:59,MOVIL
19304,"Alta Verapaz",16,"Senahú",8,2963,400,65,38,0,17,13,1,0,0,1,0,0,35,0,0,1,256,27,4,287,0,287,1,287,113,171,202,202,Sumas Asentadas sin cuadrar,1,3b13533019224444a48d9935eb041a1ef5fbf71bd8bcf04e5d16ed578ef553f4,26/06/2023 03:19:15,MOVIL
19305,"Alta Verapaz",16,"Senahú",8,2963,400,41,41,0,15,29,4,65,1,1,0,3,55,1,2,0,258,14,2,274,0,0,--,342,117,258,274,274,Algún campo sin dato,1,ff873366e276198a1451a9d733062b6c95ad27fdec42ae47c84f7c2b9ec1fdc8,26/06/2023 03:55:12,MOVIL
19306,"Alta Verapaz",16,"Senahú",8,2963,400,55,46,1,19,16,0,60,1,0,2,4,55,1,1,0,261,22,3,286,0,286,--,400,114,261,286,286,Algún campo sin dato,1,3ce3c78c954f1d536422b9e1402a963945b9ae005ab732266c181890009b0225,26/06/2023 01:39:09,MOVIL
19307,"Alta Verapaz",16,"Senahú",8,2964,400,55,33,1,18,15,3,86,0,0,1,3,69,1,0,0,285,13,2,300,0,300,--,400,100,285,300,300,Algún campo sin dato,1,f3b1d06af96c86db62e9e71b3ad0ede1434a4bfc499c84be3be589c3161b8a86,26/06/2023 04:19:42,ESCANER
19308,"Alta Verapaz",16,"Senahú",8,2964,400,45,54,1,27,18,3,98,0,1,0,3,67,0,2,1,342,19,3,342,0,342,--,400,55,320,342,342,Sumas Asentadas sin cuadrar,1,ba5c86728170882bf87f5eb63f7fa31fcf0161a14befb7703de24276c920ce54,26/06/2023 04:32:25,ESCANER
19309,"Alta Verapaz",16,"Senahú",8,2964,400,52,56,1,18,19,1,57,0,0,3,3,47,0,0,0,257,7,1,265,0,265,--,397,132,257,265,265,Algún campo sin dato,1,706df3c330d5bcdac56cf2cfa5be387885711d4c130b2f5f584443bdaca1614f,26/06/2023 05:37:10,ESCANER
19310,"Alta Verapaz",16,"Senahú",8,2964,400,54,36,3,16,15,0,64,1,0,0,1,34,0,0,1,225,17,0,242,0,242,--,396,151,225,242,242,Algún campo sin dato,1,ffbf337894f0c312ca82f36075a570839aecdbaa471a905db3d8daf8cb50e469,26/06/2023 04:09:40,ESCANER
19311,"Alta Verapaz",16,"Senahú",8,2965,400,52,68,1,18,13,4,47,0,1,2,1,43,1,0,0,251,6,0,257,0,257,--,400,143,251,257,257,Algún campo sin dato,1,009da3580bb27bf06f25f0966aea63ce98028240695b8a8b1983bee66d43a8b1,26/06/2023 01:06:40,ESCANER
19312,"Alta Verapaz",16,"Senahú",8,2965,400,42,54,3,11,21,2,61,0,1,1,2,42,0,0,0,240,8,2,250,0,250,--,400,150,240,250,250,Algún campo sin dato,1,0a37d9fd8b0c6bd983f745a3c547862d15ba80c185b25371a3d4a7b5bb3bae74,26/06/2023 01:25:03,ESCANER
19313,"Alta Verapaz",16,"Senahú",8,2965,400,28,43,1,18,22,3,52,0,0,0,1,40,1,0,0,209,9,2,220,0,220,--,400,180,209,220,220,Algún campo sin dato,1,5816caa926274bb4467d4331e10b195100413359f501e1e2474627b2ad7c51c4,26/06/2023 01:40:39,ESCANER
19314,"Alta Verapaz",16,"Senahú",8,2965,400,37,44,1,21,20,2,58,0,0,0,0,37,0,0,0,220,1,0,221,0,221,--,400,179,220,221,221,Algún campo sin dato,1,31f9a180d4a46deb1ded6503182114c94c1c2ee020a740144a1ce5b6103c8c5f,26/06/2023 01:58:55,ESCANER
19315,"Alta Verapaz",16,"Senahú",8,2965,400,42,46,3,15,11,1,51,0,0,0,4,31,0,0,0,204,6,1,211,0,211,--,400,189,204,211,211,Algún campo sin dato,1,d310c58e6be38ab31b5c681f9bb0dae42de94ceb78cb973635d9fea1acec6431,26/06/2023 03:48:56,ESCANER
19316,"Alta Verapaz",16,"Senahú",8,2965,400,40,36,0,11,12,1,66,2,0,0,1,31,0,0,0,200,1,0,201,0,201,--,400,199,200,201,201,Algún campo sin dato,1,173614bf94e1e33a0af0998c3d624080c5e9fce189a8ea1ab7006a993f2f928f,26/06/2023 02:03:51,ESCANER
19317,"Alta Verapaz",16,"Senahú",8,2965,221,26,6,1,6,7,1,36,0,0,0,2,8,0,0,0,93,7,0,100,0,100,--,222,122,93,100,100,Algún campo sin dato,1,d92f39ef4f2abf8fc71f04e314d79e279c961834e2e9de0f8d583e2c89ee2b61,26/06/2023 04:05:43,ESCANER
19318,"Alta Verapaz",16,"Senahú",8,2965,221,19,14,0,6,7,3,33,0,0,0,1,22,0,0,0,105,2,0,107,0,107,--,222,115,105,107,107,Algún campo sin dato,1,64173eb308b4c39dfea5f6330914b46c9f599d833492d47f4ca2024406ba8140,26/06/2023 04:08:09,ESCANER
19319,"Alta Verapaz",16,"Senahú",8,2966,400,53,32,0,26,7,0,80,0,2,0,0,32,0,0,0,232,19,3,254,0,254,--,400,146,232,254,254,Algún campo sin dato,1,ba888357cb2d6b029c1f750bddc7eeb80b114761b15661cedf37b5fe385db0a5,26/06/2023 03:29:00,MOVIL
19320,"Alta Verapaz",16,"Senahú",8,2966,400,73,50,0,21,3,1,1,0,1,3,2,44,1,0,0,300,13,3,316,84,400,--,400,84,200,216,300,Sumas Asentadas sin cuadrar,1,15c9b3d371f970ac0eb51910c30f210c9ff5f2f4cd11f49674d45129d998e911,26/06/2023 05:46:00,MOVIL
19321,"Alta Verapaz",16,"Senahú",8,2967,400,72,46,0,26,8,0,110,0,0,2,3,42,0,0,0,309,18,4,331,0,331,331,400,69,309,331,331,,1,a92e7d10bcda860776521887ac2ab74f33ead3505d6fadca0c7df1808c2fa0ea,26/06/2023 05:47:59,ESCANER
19322,"Alta Verapaz",16,"Senahú",8,2967,400,84,41,0,29,4,1,80,0,0,0,1,32,0,0,0,272,16,5,293,0,293,--,400,107,272,293,293,Algún campo sin dato,1,a9642fa14c9e75b5000da10677f61ca95c6d96a1e3a7f29cb6cc98e174916c7c,26/06/2023 04:31:16,ESCANER
19323,"Alta Verapaz",16,"Senahú",8,2967,400,75,38,0,19,14,1,120,0,0,1,1,37,0,0,0,306,11,0,317,0,317,--,400,83,306,317,317,Algún campo sin dato,1,d2ec2bc0d1256fabed682b28dbba92890df7ff806616addc2786708789d53aac,26/06/2023 04:43:30,ESCANER
19324,"Alta Verapaz",16,"Senahú",8,2967,400,62,26,0,35,17,2,105,0,0,1,0,55,0,1,1,305,9,4,318,0,318,--,400,82,305,318,318,Algún campo sin dato,1,3d871cae1ce2e674e75475214025b21e46e6f9afb0cbd37516971c85f70300b5,26/06/2023 05:47:20,ESCANER
19325,"Alta Verapaz",16,"Senahú",8,2967,400,64,21,0,34,18,0,110,0,1,1,1,54,0,0,2,306,2,2,310,17,327,--,400,73,306,310,327,Algún campo sin dato,1,c6d57f4907a283912aa1d0695adce17dcad950aaae3fb481f1f7ac60d2dc5622,26/06/2023 04:08:44,ESCANER
19326,"Alta Verapaz",16,"Senahú",8,2967,400,49,37,--,33,16,2,115,1,--,--,2,49,--,--,1,305,1,1,307,21,328,--,400,72,305,307,328,Algún campo sin dato,1,b175240366cdc986fb8a69ccb5ac2bd4ad42e28f99fa9eb960b2293686268715,26/06/2023 04:55:42,ESCANER
19327,"Alta Verapaz",16,"Senahú",8,2968,400,40,31,--,31,8,1,99,1,--,1,--,50,--,--,--,262,11,3,276,0,276,--,400,124,262,276,276,Algún campo sin dato,1,28be3436720a2ca5ecebe4f48cd0e7e974e7685a697a249aac7da8d55dd14d12,26/06/2023 04:22:38,ESCANER
19328,"Alta Verapaz",16,"Senahú",8,2968,400,80,40,0,25,9,0,80,0,2,1,1,40,0,1,0,279,6,0,285,0,285,--,400,115,279,285,285,Algún campo sin dato,1,d6e2265860ee0c0115ab720b52a7536217b7cc30cc4d79517cf7d2a519562be1,26/06/2023 04:17:38,ESCANER
19329,"Alta Verapaz",16,"Senahú",8,2968,400,69,34,0,38,8,1,72,0,5,0,0,27,0,0,0,254,17,0,271,0,271,--,400,129,254,271,271,Algún campo sin dato,1,a917f8c31bb69b51c5d049c2c07f4831bbdb863c88bc2b75fdaa41844ff59dc5,26/06/2023 04:20:23,ESCANER
19330,"Alta Verapaz",16,"Senahú",8,2968,400,60,32,0,23,10,0,65,0,0,1,0,33,1,0,0,225,14,2,241,0,241,--,400,159,225,241,241,Algún campo sin dato,1,c2a117cda480347e51d0f431633fcad9d17d9e96ef948f8c382a58b72c496503,26/06/2023 04:20:51,ESCANER
19331,"Alta Verapaz",16,"Senahú",8,2968,400,61,31,0,23,13,2,92,0,0,1,0,33,0,0,1,257,3,1,261,0,261,--,400,139,257,261,261,Algún campo sin dato,1,c79d8c4dbd386203849ec0adc23f0808cd887cb552a643bfce3a70fc47ec2c90,26/06/2023 04:31:28,ESCANER
19332,"Alta Verapaz",16,"Senahú",8,2968,400,64,39,0,20,10,0,99,0,0,1,0,46,0,0,0,279,0,1,280,0,280,--,400,120,279,280,280,Algún campo sin dato,1,1242a4ddc3bb2f1dff8061d359579078c36a8a224d9d22c9ca9ca0ed48ebd2c1,26/06/2023 04:32:22,ESCANER
19333,"Alta Verapaz",16,"Senahú",8,2969,400,50,22,0,28,12,0,100,0,0,0,1,33,0,0,0,246,6,2,254,--,--,--,400,143,246,254,254,Algún campo sin dato,1,040d2f8be54932bf9bab8ac66bdbedea91c833f9c62887545f179af6194b1408,26/06/2023 02:00:17,ESCANER
19334,"Alta Verapaz",16,"Senahú",8,2969,400,54,43,0,20,10,0,104,0,0,0,0,26,0,0,0,257,6,0,263,0,263,--,400,137,257,263,263,Algún campo sin dato,1,507f4c8b8cc9f0fc5b1e787c8aa4e542cc385045606191396416d27b6590bfc7,26/06/2023 04:03:55,ESCANER
19335,"Alta Verapaz",16,"Senahú",8,2969,400,48,22,0,18,8,0,113,0,0,0,0,22,0,0,0,231,4,0,235,0,235,--,400,165,231,235,235,Algún campo sin dato,1,025c58bebe014e9e3aa7ffba90d4f8ec52e98080409806f3b9699d20bd32f146,26/06/2023 00:27:49,ESCANER
19336,"Alta Verapaz",16,"Senahú",8,2969,227,32,25,0,13,5,0,31,0,0,0,0,8,0,0,0,114,4,0,118,0,118,--,227,109,114,118,118,Algún campo sin dato,1,a70493b72ff5f646faaa16f82715a5ee3ba05451586ace19d2d1d768a505d6c6,26/06/2023 01:06:50,ESCANER
19337,"Alta Verapaz",16,"Senahú",8,2969,227,36,13,0,16,10,0,42,0,0,0,0,11,1,0,1,130,3,3,136,0,136,--,227,91,130,136,136,Algún campo sin dato,1,7e7634b609194d0519fc753b49fec1d8880ae90adda4b770b1700a2b64422e33,26/06/2023 03:39:41,ESCANER
19338,"Alta Verapaz",16,"Senahú",8,2970,380,87,56,0,3,2,1,53,0,0,0,0,11,0,0,0,213,20,4,237,0,237,1,380,142,213,237,237,,1,3965a33ceaecf1e1711d8f8257561c154dd6cfc7b2513fcdfe8ec317ce75d195,26/06/2023 05:49:26,ESCANER
19339,"Alta Verapaz",16,"Senahú",8,2970,380,86,53,0,3,2,0,59,1,1,1,0,18,1,0,2,227,10,3,240,0,240,--,380,140,227,240,240,Algún campo sin dato,1,cfd73ce3232d40e6bdc195a5c3b6a42994098719b4dd6371568e329f719792ac,26/06/2023 06:09:41,ESCANER
19340,"Alta Verapaz",16,"Senahú",8,2970,380,92,55,1,10,4,1,70,0,0,2,1,21,1,0,0,258,11,2,271,0,271,--,375,104,258,271,271,Algún campo sin dato,1,47567b0fab6341c0f0d495f2bcb39b209d67e0092a9f6052350c7743352e51e1,26/06/2023 06:04:24,ESCANER
19341,"Alta Verapaz",16,"Senahú",8,2970,380,106,46,0,8,4,1,64,0,0,1,0,16,1,0,0,247,13,3,263,0,263,--,380,117,247,263,263,Algún campo sin dato,1,628895ab5d72d866e364c598806cee83e5c2dce2868ebceb2884f437ade00637,26/06/2023 05:35:09,ESCANER
19342,"Alta Verapaz",16,"Senahú",8,2970,380,122,63,1,12,3,2,58,0,1,0,0,15,0,0,1,278,0,4,282,15,297,--,379,82,278,282,297,Algún campo sin dato,1,7f17d03c7dd2246ef747f996998cb9c829539cd10c4dde326a21560318a1200f,26/06/2023 05:38:53,ESCANER
19343,"Alta Verapaz",16,"Senahú",8,2970,380,95,48,0,15,3,0,66,0,0,0,1,20,0,1,0,249,28,9,286,0,286,--,380,94,249,286,286,Algún campo sin dato,1,dce3dce4ea8212f54cd6a31da63416e279a77b24213c55a2b685616198e689a7,26/06/2023 06:19:10,ESCANER
19344,"Alta Verapaz",16,"Senahú",8,2970,380,95,84,0,7,2,0,57,0,0,0,0,14,1,0,0,260,2,5,267,10,277,--,380,103,260,267,277,Algún campo sin dato,1,701d76245184816803d3b80e7fa8b562dc5503e01bda58f740e358f05c8a9873,26/06/2023 06:10:47,ESCANER
19345,"Alta Verapaz",16,"Senahú",8,2970,380,109,48,1,8,4,0,59,0,1,0,0,15,1,0,0,246,21,0,267,0,267,--,377,110,246,267,267,Algún campo sin dato,1,fbd84aafc45ddf4926be97429f3fe3fe0aff44de7d3dd87a0ba955ffde7e30ea,26/06/2023 05:47:28,ESCANER
19346,"Alta Verapaz",16,"Senahú",8,2970,380,112,56,0,5,4,2,68,0,0,1,0,12,0,0,0,260,11,3,274,0,274,--,377,103,260,274,274,Algún campo sin dato,1,9481f8f82a127b530fdc12ddd73fec9c753576619429792d47c0b5bb966fe4b8,26/06/2023 05:57:22,ESCANER
19347,"Alta Verapaz",16,"Senahú",8,2970,380,102,47,0,5,4,3,61,1,0,4,1,16,2,0,--,246,16,3,265,0,0,--,377,112,246,265,265,Algún campo sin dato,1,cf9dfff8f0ed8e607d764e544b3cfbfee2dd7d80c7cd831917bb9d259f3b5f46,26/06/2023 06:17:39,ESCANER
19348,"Alta Verapaz",16,"Senahú",8,2970,380,117,57,0,5,4,3,59,0,0,0,0,11,1,0,0,257,7,2,266,0,257,--,380,114,257,266,266,Sumas Asentadas sin cuadrar,1,a9ae6dc4b97bccbdf4d17e77b73e3202cbe4e949b46e3c132c82027a94b69e42,26/06/2023 05:58:53,ESCANER
19349,"Alta Verapaz",16,"Senahú",8,2970,380,85,74,0,13,0,0,69,0,0,1,0,5,0,0,0,247,16,0,263,0,263,--,380,117,247,263,263,Algún campo sin dato,1,3472a30126a5d593134af9c712df462cc22efa13279029250d0daed87f7e00e5,26/06/2023 05:57:20,ESCANER
19350,"Alta Verapaz",16,"Senahú",8,2970,380,108,58,1,6,3,1,55,0,0,0,1,9,0,0,1,243,18,2,263,0,263,--,380,117,243,263,263,Algún campo sin dato,1,bff689c8124db6b3106f592ee100f20c34392fdc3c6a3b7a08b8452ed73bceca,26/06/2023 05:55:30,ESCANER
19351,"Alta Verapaz",16,"Senahú",8,2970,380,105,67,2,4,1,0,60,0,0,0,0,10,0,0,0,249,13,6,268,0,268,--,380,112,249,268,268,Algún campo sin dato,1,2adef1788df6b5e4e64f142d0a168c2c65c37f3ce60d7949ad1f677acd4c21b3,26/06/2023 06:22:55,ESCANER
19352,"Alta Verapaz",16,"Senahú",8,2970,380,88,61,1,5,4,2,51,0,0,1,1,4,0,0,0,218,14,4,236,2,238,--,380,142,218,236,238,Algún campo sin dato,1,6f333e66037e73e5c5a032a9277b85fc92075335b7ac4c5a7e185326a51ca205,26/06/2023 06:32:57,ESCANER
19353,"Alta Verapaz",16,"Senahú",8,2970,380,91,44,1,10,3,0,54,0,1,0,0,11,1,0,0,216,2,2,220,0,220,--,380,160,216,220,220,Algún campo sin dato,1,f8c3ffafae188a68decb0a528c15bd911e11ffcc3a40552df7a9def77b3f31f8,26/06/2023 06:10:42,ESCANER
19354,"Alta Verapaz",16,"Senahú",8,2970,262,60,45,0,5,1,1,34,0,0,0,0,5,0,0,0,151,2,2,155,1,156,--,262,106,151,155,156,Algún campo sin dato,1,ac862f2b1a6ac972ee53668c6ea70889971befe8cb77a0dd9f7943bfb0eaf5c2,26/06/2023 05:56:20,ESCANER
19355,"Alta Verapaz",16,"Senahú",8,2970,262,63,43,0,5,0,1,42,0,0,1,0,7,0,0,0,162,9,4,175,0,175,--,259,84,162,175,175,Algún campo sin dato,1,c8ca32f3494b5dc423b195df07a2167c892e9114716b87df149079209b7e608b,26/06/2023 06:02:13,ESCANER
19356,"Alta Verapaz",16,"Senahú",8,2971,380,86,33,0,7,10,2,74,11,0,0,1,31,0,1,1,257,24,4,285,0,285,--,380,95,257,285,285,Algún campo sin dato,1,76016089473d7789d9e7fbabaa9cfa0764bf973d06795d8a795d726e6396f946,26/06/2023 03:32:26,ESCANER
19357,"Alta Verapaz",16,"Senahú",8,2971,380,111,29,0,11,7,1,89,3,0,0,5,55,0,0,0,311,10,8,329,0,329,--,379,50,311,329,329,Algún campo sin dato,1,3dc5072598fcf88a50e4dc1488acfd9843e69c53618a456cf34ead1f2d94a7b1,26/06/2023 03:24:05,ESCANER
19358,"Alta Verapaz",16,"Senahú",8,2971,380,103,24,0,8,19,3,64,11,1,1,0,22,0,0,0,256,30,7,293,0,293,--,380,87,256,293,293,Algún campo sin dato,1,fddbdea5c52cd97d733aec3cc5280982ecb7e57b0df8b2f458a913744c71c74a,26/06/2023 03:46:05,ESCANER
19359,"Alta Verapaz",16,"Senahú",8,2971,380,116,25,0,8,2,1,81,6,0,1,5,39,1,0,1,286,22,1,309,0,309,--,380,71,286,309,309,Algún campo sin dato,1,2243dd5e3728556215400eddc7cf88778c93d4ed6838d694aa7dc1c65a9e01c6,26/06/2023 03:41:07,ESCANER
19360,"Alta Verapaz",16,"Senahú",8,2971,380,74,22,1,9,10,1,56,6,1,2,0,37,0,0,0,219,15,3,237,0,237,--,380,143,219,237,237,Algún campo sin dato,1,a98710d0a2b38c2ecd00400f5b2a7d92c3f9c71f12393c7cd1fc166a619140f2,26/06/2023 03:14:21,ESCANER
19361,"Alta Verapaz",16,"Senahú",8,2971,380,83,31,1,7,11,1,61,16,1,0,1,43,0,0,1,257,13,0,270,0,270,--,380,110,257,270,270,Algún campo sin dato,1,bfb719e536d5652c2cc47cf05727603563441052cc3d155b06ac2d45934fe6fa,26/06/2023 03:13:55,ESCANER
19362,"Alta Verapaz",16,"Senahú",8,2971,380,70,23,--,8,7,--,71,11,--,1,--,31,--,--,--,222,13,2,237,0,237,--,380,143,222,237,237,Algún campo sin dato,1,c57c32fe9c64c1bbacae3741e9b64e22ee1e30cbd7e0fb76e250777ea313bd2b,26/06/2023 05:45:27,ESCANER
19363,"Alta Verapaz",16,"Senahú",8,2971,380,89,18,0,14,7,1,83,3,0,1,4,40,0,0,0,260,6,1,113,0,380,--,380,113,260,267,267,Sumas Asentadas sin cuadrar,1,1a54ec8504cc76438e8f945efd535815aa0607cf1ea0a56db190fe5962cc441d,26/06/2023 02:53:07,ESCANER
19364,"Alta Verapaz",16,"Senahú",8,2971,241,56,17,0,8,6,0,46,13,0,1,2,10,0,1,0,142,5,1,166,0,166,--,241,75,160,166,166,Sumas Asentadas sin cuadrar,1,eba84d298066dcfe0cbcdfcaeee51ce10912a8c92d6be8c67e0af4a83c7eeb90,26/06/2023 03:55:02,ESCANER
19365,"Alta Verapaz",16,"Senahú",8,2971,241,54,14,1,6,3,2,37,5,0,1,0,18,0,0,1,142,11,3,156,0,156,--,241,85,142,156,156,Algún campo sin dato,1,5ca4fe4423f1c2af0486c4ade19e4e319945b8181d72877c2904cbe5c516c6a2,26/06/2023 03:43:30,ESCANER
19366,"Alta Verapaz",16,"Senahú",8,2972,380,53,11,0,30,8,3,156,0,0,0,3,17,0,0,0,282,2,7,302,11,302,--,377,75,281,290,301,Sumas Asentadas sin cuadrar,1,4725da7824cd370424263a49a54a6480aafbcc303e7f7de247727c8d8642a58e,26/06/2023 02:14:44,ESCANER
19367,"Alta Verapaz",16,"Senahú",8,2972,380,71,29,1,29,13,0,116,0,0,2,8,30,0,0,0,299,17,7,323,0,323,--,--,--,299,323,323,Algún campo sin dato,1,38932027cad4fc248e976c25f5a5f3ad50863ec3de34525ac050c02a99c3d340,26/06/2023 04:46:41,ESCANER
19368,"Alta Verapaz",16,"Senahú",8,2972,380,70,47,1,21,15,0,112,0,1,1,8,22,0,0,1,299,12,2,313,0,313,--,380,67,299,313,313,Algún campo sin dato,1,cbfe9eda1eea9dc31ba6cb0aa8711b9474da098a2d2da39793caff2cc1214efc,26/06/2023 04:50:35,ESCANER
19369,"Alta Verapaz",16,"Senahú",8,2972,380,77,45,2,15,16,0,67,0,1,3,25,18,3,0,0,272,13,2,287,0,287,0,380,93,272,287,287,,1,e80e1bbd256cb3f341298c05c18255657343c64c7e83775c8a6f6a9a37d19c90,26/06/2023 05:51:55,ESCANER
19370,"Alta Verapaz",16,"Senahú",8,2972,380,49,29,0,19,8,0,116,0,1,1,5,20,1,0,0,249,10,8,267,0,267,--,--,113,249,267,267,Algún campo sin dato,1,aa4035ad1e27a67cc7acdd10c0a081f43e1ac040aa8fbcd87cc3dd3205c39121,26/06/2023 05:52:05,ESCANER
19371,"Alta Verapaz",16,"Senahú",8,2972,380,62,35,0,12,9,0,90,0,0,2,10,15,1,0,0,236,4,2,242,0,242,--,380,138,236,242,242,Algún campo sin dato,1,e3a67cc3e1a0fc6bc450fd2d596eabab2bf7aee367c6370a72a4cdfff7e73c18,26/06/2023 03:24:24,ESCANER
19372,"Alta Verapaz",16,"Senahú",8,2972,262,49,9,0,12,5,0,62,0,0,0,4,12,0,0,0,153,5,1,159,0,159,--,262,103,153,159,159,Algún campo sin dato,1,c349527e4fcc3f132c0fd7e1c337a84a1d2aca39f6a0b3b36bb1e26007460f1f,26/06/2023 04:41:00,ESCANER
19373,"Alta Verapaz",16,"Senahú",8,2972,262,37,11,0,10,9,0,79,0,0,1,6,12,0,0,0,165,2,0,167,0,167,--,262,95,165,167,167,Algún campo sin dato,1,1a6d7565d16c5e7b82024da0ef40341e63ec6068a8576a267e4c0b1fe399d1fd,26/06/2023 04:45:38,ESCANER
19374,"Alta Verapaz",16,"Senahú",8,2973,380,137,53,1,4,6,3,32,0,0,3,0,21,1,0,0,262,14,7,283,0,283,--,380,97,261,282,282,Sumas Asentadas sin cuadrar,1,6dd8a937ea483a7c4eba180c007199de2b16a8d745440e8d7ad8204b3369b029,26/06/2023 05:18:54,ESCANER
19375,"Alta Verapaz",16,"Senahú",8,2973,380,120,33,0,13,5,4,41,0,1,2,1,33,0,1,0,254,32,10,296,0,296,0,380,84,254,296,296,,1,c02257704ce2f03ba6135ce76aed98a60b999353cf7dd7b544ec04505528486c,26/06/2023 05:05:35,ESCANER
19376,"Alta Verapaz",16,"Senahú",8,2973,380,59,69,1,3,4,1,36,0,0,3,1,104,0,0,1,282,18,8,308,0,308,--,380,72,282,308,308,Algún campo sin dato,1,61079c11c70009c53687c67e862316ac130f80c2fb10ab8cbfdb13ea2374b14f,26/06/2023 05:30:14,ESCANER
19377,"Alta Verapaz",16,"Senahú",8,2973,380,54,86,1,4,7,3,69,0,0,3,1,53,0,0,0,281,16,7,--,--,--,--,--,--,281,304,304,Algún campo sin dato,1,6358cf6300cf8e813f9eb8912a07a2f545965dcf0445dade8b4df78674d00e5e,26/06/2023 05:14:00,ESCANER
19378,"Alta Verapaz",16,"Senahú",8,2973,380,77,108,0,3,3,3,77,0,0,0,2,23,1,0,0,297,20,3,320,0,320,--,380,60,297,320,320,Algún campo sin dato,1,d446f317e62f218644d4f7624bee77bd79c47e701904668a1330f9de81a39e9c,26/06/2023 05:38:35,ESCANER
19379,"Alta Verapaz",16,"Senahú",8,2973,380,62,49,0,8,3,5,49,0,0,2,0,43,0,0,0,221,19,5,245,132,377,--,--,--,221,245,377,Algún campo sin dato,1,77eca99fce69b6c771d84f8b75f3b60bf537d43cad4d3f19114b874a72bc93fe,26/06/2023 05:56:07,ESCANER
19380,"Alta Verapaz",16,"Senahú",8,2973,380,70,59,1,3,2,0,52,0,0,0,1,32,0,1,0,221,9,7,237,0,237,--,380,143,221,237,237,Algún campo sin dato,1,d3ae6311b13bdce41637ad6cf20bd6ebbcc31ca93352a26b3e406978e899b5b2,26/06/2023 05:53:15,ESCANER
19381,"Alta Verapaz",16,"Senahú",8,2973,380,62,80,0,3,1,0,52,0,0,0,0,15,0,0,0,213,10,3,226,0,226,0,380,154,213,226,226,,1,db491e631ecf64bd5876197711a79c24073fe69136f0890b9493b2e33f6ad8fb,26/06/2023 05:44:29,ESCANER
19382,"Alta Verapaz",16,"Senahú",8,2973,258,41,38,0,4,1,0,34,0,0,1,0,30,1,0,0,150,3,2,155,0,155,--,258,103,150,155,155,Algún campo sin dato,1,40228c8d19c035b7b394a8dc6cf88d06efd6e0fe53acae06006279c07f7d02dd,26/06/2023 05:39:24,ESCANER
19383,"Alta Verapaz",16,"Senahú",8,2973,257,33,28,0,3,1,0,36,0,1,1,0,36,1,0,0,140,6,4,150,0,--,--,254,104,140,150,150,Algún campo sin dato,1,48b30a61f5675cfbcaf279b8060b25def3707bbf9d801e455ba7c3420af35d2a,26/06/2023 05:55:47,ESCANER
19384,"Alta Verapaz",16,"Senahú",8,2974,380,56,52,0,2,2,28,43,0,0,1,3,28,0,0,0,215,0,3,218,39,257,--,380,123,215,218,257,Algún campo sin dato,1,68f2c4f30b107eea5a03488d9afdeb78dfffc3984709bfc9c65da0acaa4f490b,26/06/2023 04:21:48,ESCANER
19385,"Alta Verapaz",16,"Senahú",8,2974,380,75,47,1,2,3,10,57,0,0,0,2,22,0,0,0,219,17,2,238,142,380,--,380,142,219,238,380,Algún campo sin dato,1,31078b370688abe010a4eaf3ee3f3c0f544e25dc1e3d78bace25ddbbb98f5cbc,26/06/2023 04:22:58,ESCANER
19386,"Alta Verapaz",16,"Senahú",8,2974,380,88,56,0,2,5,11,54,0,0,0,5,21,0,0,0,242,22,11,275,0,275,--,380,105,242,275,275,Algún campo sin dato,1,533dff55daa6e146ead47b2054f5d54f1cbd8392de582f7045c66da089b53bde,26/06/2023 03:20:12,ESCANER
19387,"Alta Verapaz",16,"Senahú",8,2974,380,75,61,1,1,2,10,68,0,0,0,0,17,0,0,0,235,33,5,273,0,273,--,380,107,235,273,273,Algún campo sin dato,1,a7c17c9e7d595be483b7bff9c24a3e8d2957c251bc64d01b4a30dd75876f0198,26/06/2023 03:24:37,ESCANER
19388,"Alta Verapaz",16,"Senahú",8,2974,380,67,40,1,1,2,6,72,0,0,0,3,23,0,0,2,218,25,2,245,0,245,1,380,135,217,244,244,Sumas Asentadas sin cuadrar,1,638e2ec70852769fcde9c17c1994e2a5518641539cd6ebf15c02b4a3ab4a72f6,26/06/2023 03:43:01,ESCANER
19389,"Alta Verapaz",16,"Senahú",8,2974,380,75,47,0,1,4,8,50,0,0,0,1,13,0,0,0,199,16,7,222,158,380,--,380,158,199,222,380,Algún campo sin dato,1,5db3981c66947e414424086f3a212ef11456272fede1c21ad3f4c67832447bfb,26/06/2023 03:44:00,ESCANER
19390,"Alta Verapaz",16,"Senahú",8,2974,380,87,37,0,1,3,7,64,0,0,0,2,15,0,0,0,216,35,9,260,116,376,--,376,116,216,260,376,Algún campo sin dato,1,1f183dc3900ea4f379c0a76f8ea12ea7b6f373068bfb15c6d94c5ff244972ba1,26/06/2023 03:47:42,ESCANER
19391,"Alta Verapaz",16,"Senahú",8,2974,380,55,43,0,1,1,8,64,0,0,0,6,9,0,1,1,190,21,4,215,165,380,1,380,165,189,214,379,Sumas Asentadas sin cuadrar,1,69534ce437ecfb5d6dcc2953e2d25382526487afb5ced6f9324b80ff59c6cb26,26/06/2023 04:07:42,ESCANER
19392,"Alta Verapaz",16,"Senahú",8,2974,324,36,45,0,1,0,13,51,0,0,0,1,26,0,0,0,173,7,2,182,0,182,--,324,142,173,182,182,Algún campo sin dato,1,9585ddecb19ba9111c9f7213349eeb9ff3ed078ba14ca969896f11c5856e3a32,26/06/2023 04:15:00,ESCANER
19393,"Alta Verapaz",16,"Senahú",8,2974,323,30,33,0,1,3,12,38,0,0,0,2,19,0,0,0,138,17,6,161,0,161,--,320,159,138,161,161,Algún campo sin dato,1,09dd66b03e1fd279dba6bd7739263167afa5b2813e2f75584a7ac0967735db89,26/06/2023 04:16:27,ESCANER
19394,"Alta Verapaz",16,"Senahú",8,2975,380,61,11,1,24,14,3,58,0,3,2,3,51,3,0,1,235,26,17,278,0,278,0,380,102,235,278,278,,1,96af2c5bc2aca1d8baf65c0f7f11aa62d51aa42fcd2c71c09ad05aa791bf67a4,26/06/2023 06:02:39,ESCANER
19395,"Alta Verapaz",16,"Senahú",8,2975,380,60,21,0,28,9,3,65,0,1,3,1,69,2,1,0,263,21,1,285,0,285,--,380,95,263,285,285,Algún campo sin dato,1,2d04ba3036c13ddacf0fd59572b1cff2fe168abb5907957d8eb0e2f06701d785,26/06/2023 06:00:29,ESCANER
19396,"Alta Verapaz",16,"Senahú",8,2975,380,62,16,1,32,10,1,67,0,0,3,4,77,3,0,1,277,31,4,312,0,312,--,380,68,277,312,312,Algún campo sin dato,1,533f7adde642b310c18b06a2f18e8c8e68f46bdd8d5044dccf76db53fc115bf3,26/06/2023 05:54:14,ESCANER
19397,"Alta Verapaz",16,"Senahú",8,2975,380,53,22,0,15,7,0,82,0,0,0,3,74,5,0,1,262,19,3,284,0,284,--,377,93,262,284,284,Algún campo sin dato,1,f7d40191aa58bc9afcbf91cdb55ea1a79b12385019d060ebdec762e5fd4426a5,26/06/2023 05:51:13,ESCANER
19398,"Alta Verapaz",16,"Senahú",8,2976,380,43,10,1,20,10,0,70,0,0,3,3,61,0,0,0,221,19,3,243,0,243,--,--,--,221,243,243,Algún campo sin dato,1,e1ea78eb8011e0d98f4db57fc7a448f9409f743805102baa35e7738a3f22b551,26/06/2023 06:43:07,ESCANER
19399,"Alta Verapaz",16,"Senahú",8,2976,380,58,20,0,17,8,1,52,0,0,0,4,51,1,0,0,212,13,6,231,0,231,--,377,146,212,231,231,Algún campo sin dato,1,e662792f08c5ab8f61221dd0efd26bf80cca0662a94ba86bd3e9b06bbf26ef58,26/06/2023 06:46:45,ESCANER
19400,"Alta Verapaz",16,"Senahú",8,2976,288,40,17,0,10,3,0,47,0,0,0,2,30,3,0,0,152,6,3,162,0,162,1,285,123,152,161,161,Sumas Asentadas sin cuadrar,1,2bf04a1e73e19bef7cb4b55f2ba50f90202cbad1d564bdae1bef81c13bdc1070,26/06/2023 06:34:45,ESCANER
19401,"Alta Verapaz",16,"Senahú",8,2976,288,45,10,1,13,7,1,55,0,0,0,2,22,0,0,0,156,3,2,161,--,--,--,285,124,156,161,161,Algún campo sin dato,1,b22992500984ffc89396358bc474df9027954e1522b63972dfa7276a2cc19c11,26/06/2023 06:39:09,ESCANER
19402,"Alta Verapaz",16,"Senahú",8,2977,380,78,65,2,17,10,3,53,0,0,2,2,27,2,0,2,263,20,5,288,0,288,--,380,92,263,288,288,Algún campo sin dato,1,eb6d2e195500789e698c2444086e48d99920ce741a61cdd96d8457a976cde968,26/06/2023 05:54:26,ESCANER
19403,"Alta Verapaz",16,"Senahú",8,2977,380,84,87,0,16,4,3,60,0,0,3,5,30,0,0,0,292,7,4,303,10,313,--,380,67,292,303,313,Algún campo sin dato,1,811a661acfa12ceed75ca60ca2b982880a9a4973f28ec7a97e9dc7c214cd045c,26/06/2023 05:57:52,ESCANER
19404,"Alta Verapaz",16,"Senahú",8,2977,380,78,72,1,8,4,4,62,0,0,3,8,40,0,0,0,280,19,4,303,0,303,1,380,76,280,303,303,,1,0e030611013f3313939820a275edde3af3d7e1dd6942322be3a31e696b238682,26/06/2023 05:25:11,ESCANER
19405,"Alta Verapaz",16,"Senahú",8,2977,380,92,58,0,12,3,1,88,0,0,0,5,25,0,0,1,285,6,6,297,0,297,--,379,82,285,297,297,Algún campo sin dato,1,afb9a2460970215f61ce28fa35b10b88609bb27f90d8375e7cf10c271b0a5746,26/06/2023 05:25:54,ESCANER
19406,"Alta Verapaz",16,"Senahú",8,2977,380,105,59,1,9,7,3,87,0,0,1,3,15,0,0,0,290,1,1,292,7,299,--,380,81,290,292,299,Algún campo sin dato,1,da3dd3a11d27c40e1459f1a2d2976dd40fa41d60f3742d64d2e82cd992263904,26/06/2023 05:51:35,ESCANER
19407,"Alta Verapaz",16,"Senahú",8,2978,380,61,56,1,15,6,3,75,0,1,0,4,16,1,0,0,239,8,1,248,0,248,0,380,132,239,248,248,,1,5c7ca20636047b4c2b0e5fc666d1f5d18594ad82a7dde1ac4254bb3af95dcdef,26/06/2023 05:25:03,ESCANER
19408,"Alta Verapaz",16,"Senahú",8,2978,380,58,69,1,10,7,1,77,0,0,1,3,12,0,0,0,239,8,1,248,0,248,--,380,132,239,248,248,Algún campo sin dato,1,9368ca9fcfef487d1af81573f18aaf629d4f7e61f77199a05ee05d78aa0a2e0f,26/06/2023 05:38:36,ESCANER
19409,"Alta Verapaz",16,"Senahú",8,2978,380,54,71,0,5,7,2,75,0,0,0,3,10,0,0,0,227,5,5,237,0,237,--,377,140,227,237,237,Algún campo sin dato,1,72c9129cbe3b4f450a0671073af245b09b495c99dc502728a0730bf865a7a96b,26/06/2023 05:14:36,ESCANER
19410,"Alta Verapaz",16,"Senahú",8,2978,249,63,27,0,4,2,0,42,0,0,0,1,5,0,0,0,144,6,2,152,0,152,--,249,97,144,152,152,Algún campo sin dato,1,6e4f8f305c8a9ef900928ff2132c61fa614c48e1b725558af890a1fd0a1b38ec,26/06/2023 05:21:57,ESCANER
19411,"Alta Verapaz",16,"Senahú",8,2978,248,47,34,0,5,1,2,57,0,0,0,2,6,0,0,0,154,1,2,157,0,157,--,248,91,154,157,157,Algún campo sin dato,1,c9a0c10055fcedfafe923ccf0f14f93e0301ad61a557d495e2b2117f6373aab2,26/06/2023 05:30:57,ESCANER
19412,"Alta Verapaz",16,"Senahú",8,2979,380,63,15,3,14,4,13,53,0,0,2,1,42,1,0,1,212,25,6,243,0,243,--,380,137,212,243,243,Algún campo sin dato,1,e99b44098e3e9ad70d9b4987cc65207de857a4981e1abc70a2388c63637e7e08,26/06/2023 03:29:33,ESCANER
19413,"Alta Verapaz",16,"Senahú",8,2979,380,91,32,1,11,5,4,55,0,0,1,0,32,0,0,0,232,5,4,241,18,259,--,380,121,232,241,259,Algún campo sin dato,1,c552b39b5a6f705a7a69101ae4cda4b56cd28bd9cb674984e43255309ae99802,26/06/2023 03:32:48,ESCANER
19414,"Alta Verapaz",16,"Senahú",8,2979,380,93,42,1,9,4,2,65,0,1,1,2,23,5,0,1,249,14,9,272,0,272,--,380,108,249,272,272,Algún campo sin dato,1,6c64706698a1c900bc17ea43fa3934ce6538060ca10997295b612a12e356a59c,26/06/2023 03:40:47,ESCANER
19415,"Alta Verapaz",16,"Senahú",8,2980,380,82,38,2,12,7,7,53,0,1,1,0,29,1,0,0,233,20,6,259,0,259,--,380,121,233,259,259,Algún campo sin dato,1,315bf20caddde928369b722ea59297bde32c5b636bdc1f5b4a16a7e934b2c5ed,26/06/2023 03:31:30,ESCANER
19416,"Alta Verapaz",16,"Senahú",8,2980,380,93,29,0,15,8,4,60,0,1,0,0,26,1,0,0,237,19,4,260,0,260,--,380,120,237,260,260,Algún campo sin dato,1,0ae8c4341c9155742a3a478b035a1c8dbc9cadaee22fb5a9af0f0495ea2214b0,26/06/2023 03:35:42,ESCANER
19417,"Alta Verapaz",16,"Senahú",8,2981,380,72,29,2,13,2,1,72,0,2,0,2,22,0,2,0,219,14,3,236,0,236,--,380,144,219,236,236,Algún campo sin dato,1,58bbd5eb467aef4cc2c1ef6b6ee882c117f26f7bbd620005bfe60555d43be6a7,26/06/2023 03:42:46,ESCANER
19418,"Alta Verapaz",16,"Senahú",8,2981,214,32,12,1,5,2,3,36,0,0,2,1,13,0,0,0,107,4,0,111,0,111,--,214,103,107,111,111,Algún campo sin dato,1,039be93e8931fc9fec2ec56d816d029ccd14b26e74eda5ff0e342524f57e596d,26/06/2023 03:50:53,ESCANER
19419,"Alta Verapaz",16,"Senahú",8,2981,214,36,6,1,11,2,4,28,0,0,0,1,12,0,1,0,102,5,0,107,0,107,--,214,107,102,107,107,Algún campo sin dato,1,b6bc475a006219db38427e0305513acbbc2ea36f641b4367f114dbe194acbf7c,26/06/2023 03:37:30,ESCANER
19420,"Alta Verapaz",16,"Senahú",8,2982,380,77,33,0,15,11,4,56,0,0,1,3,69,2,0,0,271,19,5,295,0,295,--,380,85,271,295,295,Algún campo sin dato,1,3cc8f781332ee9b50c322769192f7e8050d5fec824258fa8386adf8cb8d87c2c,26/06/2023 03:21:56,ESCANER
19421,"Alta Verapaz",16,"Senahú",8,2982,380,59,78,0,13,7,3,118,0,5,1,1,29,0,2,0,316,18,2,41,0,377,--,377,41,316,336,336,Sumas Asentadas sin cuadrar,1,b0b2c4d0addc35dd95062b55009e4ce4a97145425b1bc1dfcd79953d19de4f61,26/06/2023 03:23:20,ESCANER
19422,"Alta Verapaz",16,"Senahú",8,2982,359,63,51,0,22,11,2,51,0,2,1,2,38,0,0,0,243,9,3,255,0,255,--,356,101,243,255,255,Algún campo sin dato,1,02a30242c6f7b71f54dfa36322b2944d991f2c6fecf37f17c66f11a3b360a04d,26/06/2023 03:14:33,ESCANER
19423,"Alta Verapaz",16,"Senahú",8,2982,359,49,54,0,6,4,0,95,0,1,0,1,27,0,0,0,238,8,1,247,0,247,--,357,110,237,246,246,Sumas Asentadas sin cuadrar,1,47143257fc6203eaf97c09617a5b568ae49748762bd498b2b759953dc6f0d62f,26/06/2023 03:19:59,ESCANER
19424,"Alta Verapaz",16,"Senahú",8,2983,380,71,6,0,10,4,3,114,0,0,2,1,13,0,0,0,224,39,7,270,0,270,--,380,110,224,270,270,Algún campo sin dato,1,913b8b72e48e16b08b5b019a968ba5f9198f401cbcbf3756f849cc87038aa754,26/06/2023 04:18:35,ESCANER
19425,"Alta Verapaz",16,"Senahú",8,2983,380,58,10,0,7,5,0,127,0,1,0,7,14,1,0,0,230,47,4,0,0,281,--,380,99,230,281,281,Algún campo sin dato,1,002cad7d9fa20ddc39f19a26234f0462b93f1c2ca8799e67509ea91baa8b5735,26/06/2023 04:33:51,ESCANER
19426,"Alta Verapaz",16,"Senahú",8,2983,380,91,15,0,5,5,4,98,0,1,0,12,19,1,0,0,251,29,6,286,--,--,--,380,94,251,286,286,Algún campo sin dato,1,b8e7ad932e2a20ee8ac389992b122a35fff3bc1aa8a72387595c227fa9c7b385,26/06/2023 04:21:16,ESCANER
19427,"Alta Verapaz",16,"Senahú",8,2983,380,68,14,0,2,5,1,112,0,0,0,5,23,1,0,0,231,13,2,246,0,246,--,380,134,231,246,246,Algún campo sin dato,1,1103d6e23befb4a736525e4ab5ae658cec1a55fe4c745170cca33375131de3d9,26/06/2023 04:23:30,ESCANER
19428,"Alta Verapaz",16,"Senahú",8,2983,380,47,9,0,8,3,2,114,0,0,2,1,17,1,0,0,204,21,3,228,0,228,--,377,149,204,228,228,Algún campo sin dato,1,8803c89c6474d4675fba4063c8b4fa1a22881903486449b21c51015ab57a8c0e,26/06/2023 05:48:05,ESCANER
19429,"Alta Verapaz",16,"Senahú",8,2983,339,46,14,0,4,2,4,115,0,0,0,4,7,2,0,0,198,8,1,207,0,207,--,339,132,198,207,207,Algún campo sin dato,1,a471cdaf0472bd41f34847df02e4310aa99e00ee93953ecea2885a27f69349f8,26/06/2023 04:36:15,ESCANER
19430,"Alta Verapaz",16,"Senahú",8,2983,339,59,7,0,4,3,0,90,0,0,0,4,10,1,0,0,178,16,3,197,0,197,--,336,139,178,197,197,Algún campo sin dato,1,abf3fada414e0209699890b0bab439ccf3feb2713e2ffc9b8fb501fb05a42b17,26/06/2023 04:35:03,ESCANER
19431,"Alta Verapaz",16,"Senahú",8,2984,490,25,13,0,8,7,1,16,0,0,0,1,6,1,0,0,78,10,1,89,0,89,--,490,401,78,89,89,Algún campo sin dato,1,c1e22261d8e137793e1041933d8372975ebaf323c97907bc8cbeb714c5699245,26/06/2023 02:17:47,MOVIL