﻿TIPO_DE_ELECCIÓN:,CORPORACIÓN MUNICIPAL
28 junio 2023 21:35 (UTC -6)
ACTAS_ESPERADAS,ACTAS_CAPTURADAS,PORCENTAJE_ACTAS_CAPTURADAS,ACTAS_CONTABILIZADAS,PORCENTAJE_ACTAS_CONTABILIZADAS,ACTAS_NO_CONTABILIZADAS,LISTA_NOMINAL_ACTAS_CONTABILIZADAS,VOTOS_EMITIDOS_CONTABILIZADAS,PORCENTAJE_PARTICIPACIÓN_CIUDADANA
46,46,100.0000,46,100.0000,0,18111,11117,61.3825

MESA,DEPARTAMENTO,ID_DEPARTAMENTO,MUNICIPIO,ID_MUNICIPIO,CENTRO_DE_VOTACIÓN,PADRÓN,CABAL,TODOS,UNIONISTA,VALOR,PODEMOS,COMITE CIVICO EL CORAZÓN,UNE,VOS,PPN,DIFERENTE POR ITZAPA,AZUL,VAMOS,ELEFANTE,VICTORIA,UR,VÁLIDOS,NULOS,BLANCO,EMITIDOS,INVÁLIDOS,TOTAL,IMPUGNACIONES,PAPELETAS-RECIBIDAS,PAPELETAS-NO-USADAS,VALIDOS_CALCULADO,EMITIDOS_CALCULADO,TOTAL_CALCULADO,OBSERVACIONES,CONTABILIZADA,CÓDIGO_INTEGRIDAD,FECHA_HORA_PUBLICACIÓN,DIGITALIZACIÓN
6659,"Chimaltenango",3,"San Andrés Itzapa",13,713,400,16,23,83,2,14,14,10,2,7,14,1,50,3,2,3,244,17,4,265,0,265,--,400,135,244,265,265,Algún campo sin dato,1,9ce3019f90991e419222b570fd66ba4179b439f37e52b03a15a99968f5ac5e64,25/06/2023 23:31:23,ESCANER
6660,"Chimaltenango",3,"San Andrés Itzapa",13,713,400,16,16,74,5,7,12,7,4,6,13,2,68,8,3,1,242,13,5,260,2,262,2,400,138,242,260,262,,1,0bb3420ec3e7ed9e433f8ab0cfe3fa64546b19a153d38530c3102aac903b1af9,26/06/2023 00:23:07,ESCANER
6661,"Chimaltenango",3,"San Andrés Itzapa",13,713,400,32,26,66,5,13,17,12,2,7,5,3,54,16,1,2,261,14,9,284,0,284,--,284,116,261,284,284,Algún campo sin dato,1,3e0a47b666d5078af0ebb057bcacdb6150ca66a14cee1586f9350cd68b88f20d,26/06/2023 00:28:20,ESCANER
6662,"Chimaltenango",3,"San Andrés Itzapa",13,713,400,25,23,78,3,20,20,11,2,10,13,0,60,7,3,1,276,17,2,295,1,296,--,400,104,276,295,296,Algún campo sin dato,1,d61d1cdf3df62946fc98a64a70d5dbf6b75dfc505b4e18ec1d3a48d0e57ce081,26/06/2023 01:29:00,ESCANER
6663,"Chimaltenango",3,"San Andrés Itzapa",13,714,400,24,30,65,6,17,17,9,3,6,10,1,55,13,2,2,260,10,1,271,0,271,--,400,129,260,271,271,Algún campo sin dato,1,d8d7806696677b742c9b5aa96f3cf92e31948f3c895e6a6f806d86e5d5b3bffe,26/06/2023 00:37:38,ESCANER
6664,"Chimaltenango",3,"San Andrés Itzapa",13,714,400,13,20,71,4,18,20,11,2,7,19,4,59,16,2,1,267,9,3,279,0,279,--,400,127,267,279,279,Algún campo sin dato,1,258021ec7e91725df2b9d2c7862b2d713bd699b331e1177dff0203da79647259,26/06/2023 00:41:31,ESCANER
6665,"Chimaltenango",3,"San Andrés Itzapa",13,714,400,16,23,82,2,13,14,6,3,6,19,4,61,11,0,0,260,12,6,266,0,266,--,400,119,260,278,278,Sumas Asentadas sin cuadrar,1,cb7553903b9778611920e4e2ccfdb27c8a60362a87c09c2c835ccc96cc709fde,26/06/2023 00:51:08,ESCANER
6666,"Chimaltenango",3,"San Andrés Itzapa",13,714,400,21,19,78,4,16,21,15,1,6,13,3,60,8,3,1,269,17,2,288,0,288,--,400,112,269,288,288,Algún campo sin dato,1,2236a16349abffc12cedc58416f54d62503858e1822d268069fb4dc5e559ddfd,26/06/2023 00:12:36,ESCANER
6667,"Chimaltenango",3,"San Andrés Itzapa",13,714,400,19,22,74,2,23,17,8,2,7,5,0,48,10,3,1,241,18,6,265,0,265,--,400,135,241,265,265,Algún campo sin dato,1,71e3cfa14c4ad0b61b512f0de8e1fdc4f30e2ab96fa4d63d28abcf202302abc9,26/06/2023 00:33:39,ESCANER
6668,"Chimaltenango",3,"San Andrés Itzapa",13,714,400,18,24,71,4,10,17,7,0,6,23,1,53,11,1,1,247,14,9,270,0,270,--,400,130,247,270,270,Algún campo sin dato,1,bbca5f944837ab0fefadb0163d3065abac49d36fad2e4d629ab2dd23091b375e,25/06/2023 23:43:33,ESCANER
6669,"Chimaltenango",3,"San Andrés Itzapa",13,714,400,14,23,52,3,18,14,11,1,3,21,2,60,17,4,0,243,11,8,262,0,262,--,400,138,243,262,262,Algún campo sin dato,1,8e2fd53a8fc3b7363529a4ad8d100935271579aa6d6c72ddaba7b5992455f98f,25/06/2023 23:57:10,ESCANER
6670,"Chimaltenango",3,"San Andrés Itzapa",13,714,400,16,22,86,4,16,18,9,3,3,14,2,58,11,2,2,266,5,2,273,0,273,--,400,127,266,273,273,Algún campo sin dato,1,edc649a5973dcd92c321b902e48835aba13c4a7c6d3c08106172cfc1634532d4,25/06/2023 23:51:28,ESCANER
6671,"Chimaltenango",3,"San Andrés Itzapa",13,715,400,15,22,66,9,13,16,5,2,3,6,0,53,10,5,2,227,7,1,235,0,235,--,399,164,227,235,235,Algún campo sin dato,1,e23d6a1bc737420931be9ddd3f64c5809067df07453f745e6ca9d054a23c06d1,26/06/2023 00:52:36,ESCANER
6672,"Chimaltenango",3,"San Andrés Itzapa",13,715,400,14,22,77,3,16,14,10,1,6,10,0,56,9,6,1,244,9,0,253,0,253,--,399,146,245,254,254,Sumas Asentadas sin cuadrar,1,7350831b3a988321685b3ffefa93c50b604bd5c7984feb7294e49c5462531fe2,26/06/2023 00:06:25,ESCANER
6673,"Chimaltenango",3,"San Andrés Itzapa",13,715,400,30,35,74,3,12,12,8,0,4,12,1,64,5,1,1,262,13,6,281,0,281,1,400,119,262,281,281,,1,7ce464105b6fced00f7e963b7712b0cbe16648a9356e3a90701bebc0eb9ac6d5,26/06/2023 01:30:04,ESCANER
6674,"Chimaltenango",3,"San Andrés Itzapa",13,715,400,11,30,65,5,24,21,6,2,5,12,4,49,13,1,2,250,7,1,258,0,258,0,400,142,250,258,258,,1,b905bd481f31d8a9e1cdb6cc8b7c2302e5b4aef4e6c232b69ed60fa1ce86c4c6,26/06/2023 01:47:38,ESCANER
6675,"Chimaltenango",3,"San Andrés Itzapa",13,715,400,23,15,55,7,15,14,5,4,9,12,0,51,7,5,0,219,13,3,238,0,238,--,400,162,222,238,238,Sumas Asentadas sin cuadrar,1,45a875e0e138db0378015716b07b393afd5246323eb0c38063d5349cd509cf16,25/06/2023 23:57:34,ESCANER
6676,"Chimaltenango",3,"San Andrés Itzapa",13,715,400,16,24,71,4,17,17,7,2,10,24,0,59,10,5,1,267,9,2,278,0,278,--,400,122,267,278,278,Algún campo sin dato,1,b4d216041e770a353a65c51019b5de4c58b8a03e176255b670a73fd39d26485b,25/06/2023 23:32:25,ESCANER
6677,"Chimaltenango",3,"San Andrés Itzapa",13,715,400,15,23,76,6,21,22,15,2,2,16,3,52,11,2,0,266,9,2,277,0,277,--,404,127,266,277,277,Algún campo sin dato,1,2c31c57829967f81ff4e347135836fd4fa62706dce722929408e2e6378e1d8af,26/06/2023 00:38:42,ESCANER
6678,"Chimaltenango",3,"San Andrés Itzapa",13,715,400,20,28,56,5,16,12,13,5,3,11,6,69,10,0,1,255,10,2,267,0,267,--,400,133,255,267,267,Algún campo sin dato,1,740f4f04c9e2e872af638dc91d7083be1e3a22207806b2eb4ca4ff312d5bd713,25/06/2023 23:42:28,ESCANER
6679,"Chimaltenango",3,"San Andrés Itzapa",13,716,400,18,37,56,2,17,15,10,3,4,20,3,54,10,3,2,254,16,3,273,0,273,--,400,127,254,273,273,Algún campo sin dato,1,bbab68500169839bb51d7da4d6f01deae0ff11a0133052dfbe4bfa0d81fd17c4,26/06/2023 01:22:29,ESCANER
6680,"Chimaltenango",3,"San Andrés Itzapa",13,716,400,14,27,74,5,13,16,6,2,7,13,3,52,7,7,2,248,13,1,262,0,262,--,400,138,248,262,262,Algún campo sin dato,1,b3170aa7e6247aacee4e1c93a4efeb8e2389cb48adfe7cdfc4ba61413a11e3bc,26/06/2023 01:28:09,ESCANER
6681,"Chimaltenango",3,"San Andrés Itzapa",13,716,400,16,17,78,5,11,18,9,3,4,7,3,55,16,0,1,243,5,0,248,0,248,--,404,156,243,248,248,Algún campo sin dato,1,4c3f2d5959efb34a4a7cae38cdc192dc7bd7b2f54ac30123ea068b995314d624,26/06/2023 00:33:27,ESCANER
6682,"Chimaltenango",3,"San Andrés Itzapa",13,716,400,11,22,82,5,13,18,13,4,5,12,2,53,6,2,3,251,7,1,259,0,259,--,400,138,251,259,259,Algún campo sin dato,1,61d47642c89fd30f4f867241508193f4b7a667b51f0dae02e20c18bb85f26ab8,26/06/2023 00:52:42,ESCANER
6683,"Chimaltenango",3,"San Andrés Itzapa",13,716,400,16,29,79,5,12,19,8,5,4,7,3,56,8,2,0,253,14,2,269,0,269,--,400,131,253,269,269,Algún campo sin dato,1,8e75ea3ce296d4207313f7240f06146ff9a96dd8c427e6f91817601e7fe57556,26/06/2023 01:56:37,ESCANER
6684,"Chimaltenango",3,"San Andrés Itzapa",13,716,400,20,20,62,2,18,18,9,4,11,8,5,55,10,1,0,243,15,2,260,0,260,--,400,140,243,260,260,Algún campo sin dato,1,a0aca1266ba82bb511bd157f4c896ee3a4d2de18c4c6ede4477c327534ee7e1f,26/06/2023 01:49:21,ESCANER
6685,"Chimaltenango",3,"San Andrés Itzapa",13,717,400,20,17,69,2,17,12,4,2,6,3,2,44,7,0,1,206,8,3,217,0,217,--,400,183,206,217,217,Algún campo sin dato,1,3c40146191cdeb4701827d8a03c8ba66e1b309baa661863a1e44e5dc7fd0428f,26/06/2023 00:38:32,ESCANER
6686,"Chimaltenango",3,"San Andrés Itzapa",13,717,400,22,12,69,5,8,21,11,3,9,9,2,30,8,2,1,213,21,5,239,0,239,1,400,161,212,238,238,Sumas Asentadas sin cuadrar,1,0cb0bf1bbd82f406dcd51c5d04511134d6213cf8f5d6ce52b353b43a59cb2fa2,25/06/2023 23:57:58,ESCANER
6687,"Chimaltenango",3,"San Andrés Itzapa",13,717,400,11,15,65,4,11,21,7,4,9,9,1,45,5,0,1,208,13,1,222,0,222,--,400,178,208,222,222,Algún campo sin dato,1,48e239f83766c9d7743599c167ce21fc1586bb30b4a62c5cb684d3bc28bf6493,26/06/2023 00:50:33,ESCANER
6688,"Chimaltenango",3,"San Andrés Itzapa",13,717,400,12,16,62,3,22,24,6,3,4,13,1,54,14,4,2,240,7,3,250,0,250,--,400,150,240,250,250,Algún campo sin dato,1,66134d95de5005d33f5498c3ebb1753f690597370e13d6a0c9316f49f7139b59,26/06/2023 02:10:37,ESCANER
6689,"Chimaltenango",3,"San Andrés Itzapa",13,717,400,28,26,68,2,12,27,4,2,5,11,--,61,20,1,--,257,4,--,261,--,--,--,400,139,267,271,271,Sumas Asentadas sin cuadrar,1,38abc0f5a3018790be591178d2e30bed0472bf0c61500c9d7adefcb5c4146bb0,26/06/2023 01:55:52,ESCANER
6690,"Chimaltenango",3,"San Andrés Itzapa",13,717,400,18,33,54,6,10,16,11,6,2,16,0,29,13,3,1,218,4,0,222,0,222,--,400,178,218,222,222,Algún campo sin dato,1,ff24e7fc7650719b7e84c93edc51e647078a0cda7dc1def41f8382bef910f7a8,26/06/2023 00:09:59,ESCANER
6691,"Chimaltenango",3,"San Andrés Itzapa",13,717,400,11,32,57,6,18,8,12,2,9,23,0,31,9,1,3,222,6,0,228,0,228,--,400,172,222,228,228,Algún campo sin dato,1,da69d10edfb41a8ce1578019f024958d91043ef84b40e13d7aa58d71e21e892a,25/06/2023 23:44:39,ESCANER
6692,"Chimaltenango",3,"San Andrés Itzapa",13,717,400,10,19,71,4,13,16,12,3,4,20,1,48,9,1,0,231,5,0,236,5,236,--,400,164,231,236,241,Sumas Asentadas sin cuadrar,1,13c086f38fc0650670adb616be5f7be62242eabe3d52fff37fca70b7ecd8b581,26/06/2023 02:12:44,ESCANER
6693,"Chimaltenango",3,"San Andrés Itzapa",13,717,400,11,29,64,4,10,19,10,4,7,16,3,57,8,6,0,248,5,0,253,0,253,--,400,147,248,253,253,Algún campo sin dato,1,1eeb7f6045804257521b93395694d7f33b392ef9f94e40de161660194b7c6ee1,26/06/2023 01:12:20,ESCANER
6694,"Chimaltenango",3,"San Andrés Itzapa",13,717,400,10,22,56,4,10,20,5,1,6,11,1,53,6,1,1,207,4,0,211,0,211,--,400,189,207,211,211,Algún campo sin dato,1,de0f51f221cd892eb14d8792ec42147f90cbe0899ba63cd2eadc0b1e2986e202,26/06/2023 01:25:26,ESCANER
6695,"Chimaltenango",3,"San Andrés Itzapa",13,717,400,9,19,63,4,5,16,5,3,4,14,0,64,6,1,0,213,2,1,216,0,216,--,400,184,213,216,216,Algún campo sin dato,1,e76b8dffcf69b08097d65b7181fa8708f53d7514a81f361e8c33eae9ebcbab96,25/06/2023 23:29:45,ESCANER
6696,"Chimaltenango",3,"San Andrés Itzapa",13,717,400,9,8,81,2,5,8,7,3,4,4,0,53,15,2,1,202,2,0,204,0,204,--,400,196,202,204,204,Algún campo sin dato,1,edf88e3f9092d0520eb09d1c03b2810f6158bc5090ce06ce76d775ca13789756,26/06/2023 00:42:51,ESCANER
6697,"Chimaltenango",3,"San Andrés Itzapa",13,717,324,13,13,48,3,4,8,6,0,4,6,0,41,8,3,1,158,7,0,165,0,165,--,326,161,158,165,165,Algún campo sin dato,1,61adcd46ae2f8ce82a03796269a97b8d53f113bf2294436c9f656de45a4f3510,25/06/2023 23:39:08,ESCANER
6698,"Chimaltenango",3,"San Andrés Itzapa",13,717,324,10,14,43,4,7,5,6,3,1,9,2,25,8,2,1,140,6,2,148,0,148,--,324,176,140,148,148,Algún campo sin dato,1,e7fec7b267e2bab4d9be6c378d390fe4da95f900989ed7781bc0d6a5ad650254,26/06/2023 00:24:17,ESCANER
6699,"Chimaltenango",3,"San Andrés Itzapa",13,718,343,19,6,41,1,3,3,4,2,2,3,0,117,2,2,0,205,15,2,222,0,222,--,343,121,205,222,222,Algún campo sin dato,1,a9e7a1fc85a2107c181fe02ff8c0002bc992533042c1b9847b73570b9618cdc6,25/06/2023 23:19:27,ESCANER
6700,"Chimaltenango",3,"San Andrés Itzapa",13,718,342,12,2,62,2,3,7,2,0,3,4,1,97,3,1,0,199,9,1,209,0,209,--,342,133,199,209,209,Algún campo sin dato,1,b9c1ab8b05a1f388ff81c18dabb960f5ff56f9674defef235ae7dd059420c3de,25/06/2023 22:39:21,ESCANER
6701,"Chimaltenango",3,"San Andrés Itzapa",13,719,378,29,3,51,0,1,16,12,0,2,17,0,35,9,1,2,178,29,4,211,0,211,--,378,167,178,211,211,Algún campo sin dato,1,cecd8a5c8a885442b36545d7eba7ab64a02e5d3005d489b9c1e19f6db1aa29e7,25/06/2023 22:51:37,ESCANER
6702,"Chimaltenango",3,"San Andrés Itzapa",13,719,378,35,3,46,0,2,20,9,0,1,15,0,43,11,2,1,188,14,7,209,0,209,--,378,169,188,209,209,Algún campo sin dato,1,99ae89e782f160dbada3eed45d91ba11e9c288d29bec124cdc4ff8760e65cbb0,25/06/2023 23:00:47,ESCANER
6703,"Chimaltenango",3,"San Andrés Itzapa",13,720,411,5,18,27,2,8,6,6,0,3,9,3,37,3,1,0,128,3,4,135,0,135,--,408,273,128,135,135,Algún campo sin dato,1,e2ef80123d83cf919befea83802c14aac34963af73dac29e7a0ede020ad7aa96,25/06/2023 22:59:08,ESCANER
6704,"Chimaltenango",3,"San Andrés Itzapa",13,720,411,8,19,18,0,10,2,2,2,3,3,1,25,2,0,--,96,5,1,102,0,102,--,--,--,95,101,101,Sumas Asentadas sin cuadrar,1,90b30bfaacdf3299133aeedd84c86fcf735aa1d2425544ec39bf7c1afe116d01,25/06/2023 22:01:25,ESCANER