﻿TIPO_DE_ELECCIÓN:,CORPORACIÓN MUNICIPAL
28 junio 2023 21:35 (UTC -6)
ACTAS_ESPERADAS,ACTAS_CAPTURADAS,PORCENTAJE_ACTAS_CAPTURADAS,ACTAS_CONTABILIZADAS,PORCENTAJE_ACTAS_CONTABILIZADAS,ACTAS_NO_CONTABILIZADAS,LISTA_NOMINAL_ACTAS_CONTABILIZADAS,VOTOS_EMITIDOS_CONTABILIZADAS,PORCENTAJE_PARTICIPACIÓN_CIUDADANA
63,63,100.0000,63,100.0000,0,23367,12448,53.2717

MESA,DEPARTAMENTO,ID_DEPARTAMENTO,MUNICIPIO,ID_MUNICIPIO,CENTRO_DE_VOTACIÓN,PADRÓN,AZUL,UNE,CABAL,VAMOS,MLP,UR,VALOR,PHG,CAMBIO,BIEN,VÁLIDOS,NULOS,BLANCO,EMITIDOS,INVÁLIDOS,TOTAL,IMPUGNACIONES,PAPELETAS-RECIBIDAS,PAPELETAS-NO-USADAS,VALIDOS_CALCULADO,EMITIDOS_CALCULADO,TOTAL_CALCULADO,OBSERVACIONES,CONTABILIZADA,CÓDIGO_INTEGRIDAD,FECHA_HORA_PUBLICACIÓN,DIGITALIZACIÓN
23502,"Jalapa",21,"Mataquescuintla",7,3692,400,33,73,91,30,2,3,3,3,0,0,238,8,2,248,10,248,0,400,152,238,248,258,Sumas Asentadas sin cuadrar,1,e03a2ef9784ed426913620106541f8ae051ac17f83aa21c93a79b4bfa0513f87,26/06/2023 00:23:58,ESCANER
23503,"Jalapa",21,"Mataquescuintla",7,3692,400,21,69,84,33,1,6,2,9,1,1,227,12,3,242,0,469,--,--,--,227,242,242,Sumas Asentadas sin cuadrar,1,9c79b8e57cb362df8ae40c0cc3c0f51c605ecfffdea85e60ed75d3f1b9d29ef6,26/06/2023 00:40:48,ESCANER
23504,"Jalapa",21,"Mataquescuintla",7,3692,400,17,78,85,27,3,6,2,5,0,2,225,15,0,240,0,240,--,400,160,225,240,240,Algún campo sin dato,1,13cb8611b6d887a065f3217a7839c98aeb2f6f8ec58d41c2efbbdc8813f5b872,25/06/2023 23:22:39,ESCANER
23505,"Jalapa",21,"Mataquescuintla",7,3692,400,18,54,77,42,1,5,4,0,1,2,204,10,7,221,0,221,--,400,179,204,221,221,Algún campo sin dato,1,5736af977ef3f1ebfbb36b253867eff1b4dca4f5fa3f8dbd58917b1c9cb200f9,25/06/2023 23:39:53,ESCANER
23506,"Jalapa",21,"Mataquescuintla",7,3692,400,21,70,79,38,1,2,5,8,0,1,225,14,1,240,0,240,--,--,--,225,240,240,Algún campo sin dato,1,344292239fe9799fa2e5a7880bed0be41e533afd25dd4980bbe3648e8baa4390,25/06/2023 23:36:52,ESCANER
23507,"Jalapa",21,"Mataquescuintla",7,3692,400,14,98,114,39,0,0,3,1,0,0,269,10,7,286,0,286,--,395,109,269,286,286,Algún campo sin dato,1,5c1a9823949d35f922b41376d979f87761a4de545aded12cbebdc0889f831cc2,25/06/2023 23:29:57,ESCANER
23508,"Jalapa",21,"Mataquescuintla",7,3692,400,33,73,76,29,2,2,12,3,0,1,231,13,2,246,0,246,--,400,154,231,246,246,Algún campo sin dato,1,05bdc1cc2ec503a4797de4362f72af38db39338698ee266821b397b81e15292a,25/06/2023 23:33:31,ESCANER
23509,"Jalapa",21,"Mataquescuintla",7,3692,400,17,63,79,27,1,2,4,3,0,1,197,10,4,211,0,211,--,400,186,197,211,211,Algún campo sin dato,1,74eea705e84c5828070a0c516da3b9f32d27e9ea56f98830897e1bd75aa96842,26/06/2023 00:07:01,ESCANER
23510,"Jalapa",21,"Mataquescuintla",7,3692,400,24,68,75,40,1,1,4,3,0,1,217,12,1,230,--,--,--,--,--,217,230,230,Algún campo sin dato,1,dfb98169c5657cdce7bf4de296b3b0cfb9b7f044447f4830fe2ef5a453e22c52,26/06/2023 01:13:53,ESCANER
23511,"Jalapa",21,"Mataquescuintla",7,3692,400,23,61,89,38,1,0,3,2,1,2,220,3,2,--,--,225,--,400,175,220,225,225,Algún campo sin dato,1,042ce11987627f76f6ae195900893b51262f5d82dedceb68166690d65087ae4c,25/06/2023 23:25:42,ESCANER
23512,"Jalapa",21,"Mataquescuintla",7,3692,400,23,71,80,40,0,2,6,6,0,0,228,10,2,240,0,240,--,400,160,228,240,240,Algún campo sin dato,1,e2e4659388c76c7de24d411c29cb531a6df16ed9cb356ef6ccb3b60a9c64f7df,26/06/2023 00:16:03,ESCANER
23513,"Jalapa",21,"Mataquescuintla",7,3692,400,22,58,85,29,1,3,5,4,0,0,207,2,2,211,0,211,--,400,189,207,211,211,Algún campo sin dato,1,7fd31d2e74e6693c1da85b757998e59cc634130145cc89d2f30a5d935df3b61d,25/06/2023 22:58:57,ESCANER
23514,"Jalapa",21,"Mataquescuintla",7,3692,400,13,47,74,27,1,5,8,2,0,1,178,4,0,182,0,182,--,400,218,178,182,182,Algún campo sin dato,1,cc070b8d9c4fe6083dd7b8f29665d9befe82a2caa7b80a7b360798e40eba2d25,25/06/2023 23:07:30,ESCANER
23515,"Jalapa",21,"Mataquescuintla",7,3692,276,10,41,54,16,2,1,3,8,0,2,137,0,0,137,0,137,--,273,136,137,137,137,Algún campo sin dato,1,9da39cc5c46946c681ae6c9a9eaea11cf1732c25be2bb587d33c864f9d9c2c70,25/06/2023 23:20:37,ESCANER
23516,"Jalapa",21,"Mataquescuintla",7,3692,275,7,27,46,16,0,1,4,1,0,1,103,4,0,107,0,107,--,275,168,103,107,107,Algún campo sin dato,1,371db571e14ec354d9bf03f10dead9ca1138914c7c5afcf2d648466f382b1e32,25/06/2023 22:35:32,ESCANER
23517,"Jalapa",21,"Mataquescuintla",7,3693,400,12,115,74,39,0,1,5,3,0,1,250,12,1,263,0,263,--,400,137,250,263,263,Algún campo sin dato,1,56685a57738c5d3cd8461fff9f0f5e333f1ca05e9d44aa4ab4b84e907ee4010b,26/06/2023 00:43:52,ESCANER
23518,"Jalapa",21,"Mataquescuintla",7,3693,400,25,108,62,48,3,2,8,2,1,0,259,10,3,272,0,272,--,400,128,259,272,272,Algún campo sin dato,1,9054b3b3ac8f4336d12b3c640cae46e3f88b0361bd12ec0383380f79e5c83d71,25/06/2023 23:58:34,ESCANER
23519,"Jalapa",21,"Mataquescuintla",7,3693,400,14,109,71,40,0,6,4,3,1,1,249,16,5,270,0,270,--,400,130,249,270,270,Algún campo sin dato,1,2f0c9cf9e2e3a424c82ff9526392b36e4b0fc7e0dacd966875baba88d25f5244,25/06/2023 23:06:34,ESCANER
23520,"Jalapa",21,"Mataquescuintla",7,3693,400,8,105,94,38,2,6,5,3,1,1,263,14,1,278,0,278,--,400,122,263,278,278,Algún campo sin dato,1,c26ebf4f5ecc310db719fc4113fb05d8045ab4095e4f6d3d870564e98bd0ab05,26/06/2023 00:50:13,ESCANER
23521,"Jalapa",21,"Mataquescuintla",7,3693,400,12,125,67,43,2,1,5,4,0,0,259,13,5,277,123,400,--,400,123,259,277,400,Algún campo sin dato,1,774d047cdd6ad750c5a3f5fa399af397187f6a79ea95a784037d86e8ac4304c5,26/06/2023 01:01:23,ESCANER
23522,"Jalapa",21,"Mataquescuintla",7,3693,400,9,111,72,41,3,0,2,3,0,0,241,15,4,260,0,260,--,400,140,241,260,260,Algún campo sin dato,1,9285b9cfcccc5295181579c5d9255e8b68ee2c165bc336e1b269b3eb91bcd01b,26/06/2023 01:09:55,ESCANER
23523,"Jalapa",21,"Mataquescuintla",7,3693,400,13,104,68,62,0,2,4,7,0,1,283,13,9,283,0,283,--,400,117,261,283,283,Sumas Asentadas sin cuadrar,1,aa5effffddb6277e55c8af8f4c60265888e01f0307d48e761dffae7458649dc4,26/06/2023 00:44:51,ESCANER
23524,"Jalapa",21,"Mataquescuintla",7,3694,400,10,102,69,42,1,3,4,5,0,1,251,14,0,251,0,251,--,397,146,237,251,251,Sumas Asentadas sin cuadrar,1,d8993017b54644f4d690ef24a558d1b59a7735a09ba5f01cf61b8f42cdac077b,26/06/2023 00:31:26,ESCANER
23525,"Jalapa",21,"Mataquescuintla",7,3694,400,9,88,69,41,0,1,3,1,0,0,212,8,3,223,0,223,--,400,177,212,223,223,Algún campo sin dato,1,8ca8ab157b7ae74174d268f6da6579a30df069b02a069c5bd35a93d5b005b234,25/06/2023 22:49:28,ESCANER
23526,"Jalapa",21,"Mataquescuintla",7,3694,400,14,95,64,39,2,6,3,6,2,0,231,14,2,247,0,247,--,400,153,231,247,247,Algún campo sin dato,1,1cd51fa4f98dc005d62e6a778198ffb9810523a832e98df7b87c2e649de75b51,26/06/2023 00:13:03,ESCANER
23527,"Jalapa",21,"Mataquescuintla",7,3694,400,16,97,72,50,0,0,1,2,0,0,238,7,2,247,0,247,--,396,149,238,247,247,Algún campo sin dato,1,9436813825e20d8d35a4c1b505697c33b1234da521c7fc545b4fdbbe1d3c7ddf,26/06/2023 00:04:48,ESCANER
23528,"Jalapa",21,"Mataquescuintla",7,3694,400,11,106,69,44,1,1,3,1,0,2,238,6,5,249,0,249,--,400,151,238,249,249,Algún campo sin dato,1,c805b2f2ff6e64e6193ee79ce9b1d3a17a27c200e9ddbca623803f67714c7e12,25/06/2023 23:58:45,ESCANER
23529,"Jalapa",21,"Mataquescuintla",7,3694,400,11,109,66,32,1,1,1,3,0,0,224,2,3,229,0,229,--,381,152,224,229,229,Algún campo sin dato,1,354ae317f59cfab2e2cee94c4b6ed2a3274f0202648412cc584d4e9bf39d5b82,25/06/2023 23:12:08,ESCANER
23530,"Jalapa",21,"Mataquescuintla",7,3694,400,9,81,80,35,2,0,1,2,1,0,211,3,0,214,0,214,--,400,186,211,214,214,Algún campo sin dato,1,ddcbeb84112bff352a954afd60db481ee556b8b9b70389345b6b1fc3a55a6109,26/06/2023 00:47:13,ESCANER
23531,"Jalapa",21,"Mataquescuintla",7,3694,400,10,94,70,34,3,1,1,1,2,0,216,2,0,218,0,218,--,400,182,216,218,218,Algún campo sin dato,1,4bfed25273556036a9c72d3cfdc702b58c292b90b5e0c5e2975b1685c7785b9f,25/06/2023 23:00:44,ESCANER
23532,"Jalapa",21,"Mataquescuintla",7,3695,400,13,80,71,54,2,0,2,4,0,2,228,2,0,230,0,230,--,400,170,228,230,230,Algún campo sin dato,1,a1978fa80719a1a1255993fb6bd49bb2e9cbc8fa017e8e8360034ee9683d6a49,25/06/2023 23:48:09,ESCANER
23533,"Jalapa",21,"Mataquescuintla",7,3695,267,6,46,39,23,1,1,2,1,1,0,120,2,1,123,0,123,--,267,144,120,123,123,Algún campo sin dato,1,9eba46476d619b966ca9e97e9f459a996e405870880be87d154d566edd6adfb8,25/06/2023 21:14:32,ESCANER
23534,"Jalapa",21,"Mataquescuintla",7,3695,267,6,49,27,21,2,3,3,0,0,0,111,5,2,118,0,118,--,264,146,111,118,118,Algún campo sin dato,1,c0afa8f2923b01407952673f9cdbc8a1e0c75d07c29a8129ca1b7f615a4a0c9a,25/06/2023 23:34:05,ESCANER
23535,"Jalapa",21,"Mataquescuintla",7,3696,380,1,130,43,20,4,0,1,2,0,0,201,15,2,218,0,218,--,380,162,201,218,218,Algún campo sin dato,1,8bf07ac1bc4cdee2c47153ccf7ecf1293f2259952d0c419df05596d9b8228338,26/06/2023 00:19:49,ESCANER
23536,"Jalapa",21,"Mataquescuintla",7,3696,380,3,109,55,27,11,1,2,1,1,0,210,8,4,222,0,222,--,379,157,210,222,222,Algún campo sin dato,1,2866fc93453d530f7d041bc16ae572f43794eb1be796503871eb3b2713722f02,25/06/2023 22:14:02,ESCANER
23537,"Jalapa",21,"Mataquescuintla",7,3696,380,6,144,32,20,24,0,3,3,1,0,233,9,4,246,0,246,--,376,130,233,246,246,Algún campo sin dato,1,099aad3dfafb75d9a7bc8a7443809fdb7e4201e39c0e30b6682f738688e1b32a,25/06/2023 22:36:14,ESCANER
23538,"Jalapa",21,"Mataquescuintla",7,3696,380,3,127,38,16,6,3,5,0,1,1,200,12,9,221,0,221,--,377,156,200,221,221,Algún campo sin dato,1,1d978f1d0f55d1fd6dada552f92035f4565b61aaf9f7ffb7e199acdaef78bbff,25/06/2023 23:07:28,ESCANER
23539,"Jalapa",21,"Mataquescuintla",7,3696,380,2,111,47,12,6,3,4,2,1,1,189,4,7,200,0,200,--,380,180,189,200,200,Algún campo sin dato,1,b2c0f9446fdd9926862ef1769525c68cb4cac73c3707e67ddd75b724031c3510,25/06/2023 23:20:29,ESCANER
23540,"Jalapa",21,"Mataquescuintla",7,3697,380,5,103,28,15,7,2,4,1,0,1,175,8,1,175,0,175,--,380,205,166,175,175,Sumas Asentadas sin cuadrar,1,e8a95f34f23fa98c9206907c62aee5f5b599c9ccb31989c94b7c320164be0911,25/06/2023 23:01:46,ESCANER
23541,"Jalapa",21,"Mataquescuintla",7,3697,380,2,91,31,15,9,1,2,--,--,--,151,12,5,168,0,168,--,380,212,151,168,168,Algún campo sin dato,1,dd978260a462e7b85b0a2d8342a2b6970ad2969d7a204baf8777d01baef2ccbf,25/06/2023 22:29:53,ESCANER
23542,"Jalapa",21,"Mataquescuintla",7,3697,208,3,38,24,15,4,0,5,0,1,0,90,0,2,92,0,92,--,208,116,90,92,92,Algún campo sin dato,1,393f7319a16efa2d5872d7cea6808fa2a85a0db7e2551ab160bb32a30306f1e2,25/06/2023 21:38:06,ESCANER
23543,"Jalapa",21,"Mataquescuintla",7,3697,207,3,36,11,6,7,0,1,0,0,1,65,1,1,67,0,67,--,204,137,65,67,67,Algún campo sin dato,1,b454c0a02dd8f3369bc60e63536187b44191d216ba8060fff9179bedce341293,25/06/2023 23:12:08,ESCANER
23544,"Jalapa",21,"Mataquescuintla",7,3698,380,18,43,44,32,2,3,4,1,0,0,147,1,5,153,10,163,--,380,217,147,153,163,Algún campo sin dato,1,6ef7f50e0e93dfd1d3437f72ac80016ebe29f61f9c936e39142733a6ced7a5c6,26/06/2023 00:24:33,ESCANER
23545,"Jalapa",21,"Mataquescuintla",7,3698,380,21,63,46,26,0,2,1,3,0,0,162,16,2,180,0,180,--,378,198,162,180,180,Algún campo sin dato,1,2a6d072a5c7169561b11b72da9c5ff849371389e8bd805620bd6a89ca00cfff8,26/06/2023 00:18:12,ESCANER
23546,"Jalapa",21,"Mataquescuintla",7,3698,380,8,83,42,32,1,0,1,0,0,1,168,15,2,185,0,185,--,380,195,168,185,185,Algún campo sin dato,1,b438b70df3d4b69ac7b7ba7a0d4f052bba01e587979d61199131cb23e6f4c76c,25/06/2023 23:24:33,ESCANER
23547,"Jalapa",21,"Mataquescuintla",7,3698,380,11,39,58,30,1,4,4,4,4,0,155,10,8,173,0,173,--,380,207,155,173,173,Algún campo sin dato,1,158c10fd5505b05f9e3d2cb7a63436ddf6236e59e52027df82ebaf7cdf4a5356,26/06/2023 00:47:37,ESCANER
23548,"Jalapa",21,"Mataquescuintla",7,3698,380,9,53,43,25,0,4,5,3,0,0,142,9,1,152,--,--,--,380,228,142,152,152,Algún campo sin dato,1,16828e21e275e1426cca64482434b51ca776240f8cf949587b21792916399fe0,25/06/2023 23:50:31,ESCANER
23549,"Jalapa",21,"Mataquescuintla",7,3698,380,9,37,43,17,0,1,1,3,2,0,113,5,0,118,0,118,--,380,262,113,118,118,Algún campo sin dato,1,4571d1425d2d6383c144f109cef54260627c41eedb4b7ba48a9d137ef90d7419,25/06/2023 23:45:55,ESCANER
23550,"Jalapa",21,"Mataquescuintla",7,3698,199,5,30,25,12,0,2,0,0,0,0,74,1,2,77,0,77,--,199,122,74,77,77,Algún campo sin dato,1,db87d10ae44fb47594e1703f7f9ff9b41675748cd058b6fcbad09171bc48a3e3,25/06/2023 21:50:24,ESCANER
23551,"Jalapa",21,"Mataquescuintla",7,3698,199,2,35,17,10,0,1,4,0,0,0,69,2,0,71,0,71,--,199,128,69,71,71,Algún campo sin dato,1,1dddd5030390d02deb6c3846d7b14a51834c5647aee15a5e0a162d8a1023cad3,25/06/2023 22:03:31,ESCANER
23552,"Jalapa",21,"Mataquescuintla",7,3699,380,8,86,62,19,2,4,5,5,0,2,193,16,5,214,0,214,--,380,166,193,214,214,Algún campo sin dato,1,8254a31bda9c093476c9feccc345f56870a9e644e9c5b96186aca9f8915a6061,25/06/2023 23:09:15,ESCANER
23553,"Jalapa",21,"Mataquescuintla",7,3699,380,7,137,50,29,1,10,5,5,1,0,245,17,6,268,0,268,--,380,112,245,268,268,Algún campo sin dato,1,be4d29631c84bc162d1c281cf311b9b422576e5a7a6dffd8738e915f784b4da1,25/06/2023 23:44:00,ESCANER
23554,"Jalapa",21,"Mataquescuintla",7,3699,380,4,110,44,28,0,1,13,1,1,0,202,18,5,225,0,225,--,380,155,202,225,225,Algún campo sin dato,1,3fa0de03abddf4831eb01642ddd620b9f7f9356912b1c47c2d0286388db35b43,25/06/2023 23:15:02,ESCANER
23555,"Jalapa",21,"Mataquescuintla",7,3699,380,8,84,44,27,1,2,6,7,0,2,181,7,2,190,0,190,0,380,190,181,190,190,,1,9b45656d95cb52ce34e9ad33883af69e452d02016c8e413c6d6885267532c3a1,25/06/2023 23:23:19,ESCANER
23556,"Jalapa",21,"Mataquescuintla",7,3699,380,11,67,47,26,0,2,0,2,0,0,155,8,4,167,0,167,--,379,213,155,167,167,Algún campo sin dato,1,7a9806f3a31195d273754e1bf3fba657605df30a36fc29c37b23a2b5d4d9802e,25/06/2023 22:29:28,ESCANER
23557,"Jalapa",21,"Mataquescuintla",7,3699,214,9,34,22,13,0,4,2,2,1,0,87,3,1,91,0,91,--,214,123,87,91,91,Algún campo sin dato,1,9a3952da0c562266c6a8bd24e849dbb48e92b935c2774e6efbb70c93fc8a633d,25/06/2023 21:41:43,ESCANER
23558,"Jalapa",21,"Mataquescuintla",7,3699,214,5,20,23,10,0,1,4,0,0,0,63,0,1,64,0,64,--,214,150,63,64,64,Algún campo sin dato,1,31f0c82937629f406f2da5e0619d8eadbc47e4901b0b8f65783c2ff2999b08f2,25/06/2023 21:25:44,ESCANER
23559,"Jalapa",21,"Mataquescuintla",7,3700,380,6,36,91,9,0,10,9,2,6,1,170,30,9,209,0,209,--,380,171,170,209,209,Algún campo sin dato,1,983ac8ce7789059756ae7784115493c8fd22102d09bccbb18f29dc14d70574db,26/06/2023 01:03:01,ESCANER
23560,"Jalapa",21,"Mataquescuintla",7,3700,380,3,59,58,10,3,5,14,1,1,0,154,19,6,179,0,179,--,380,201,154,179,179,Algún campo sin dato,1,39ac25a9d5972281d4aa1f5c0b18a27bca39de1561eab8331794d080bbdaeeab,25/06/2023 23:53:21,ESCANER
23561,"Jalapa",21,"Mataquescuintla",7,3700,329,2,30,70,3,1,4,24,2,8,0,144,6,2,152,0,152,--,329,177,144,152,152,Algún campo sin dato,1,22597db3615e37c93100aa2166464fbb34d550567a8252efbab7280b20369fed,26/06/2023 01:09:41,ESCANER
23562,"Jalapa",21,"Mataquescuintla",7,3700,329,2,37,55,4,1,3,5,1,2,0,120,7,3,120,0,120,--,329,209,110,120,120,Sumas Asentadas sin cuadrar,1,6664d81dcaa8689139d38df1a1857ac62cb8aaf7406274c5a22dc54c4eff1dff,25/06/2023 23:17:15,ESCANER
23563,"Jalapa",21,"Mataquescuintla",7,3701,592,21,68,56,22,0,0,7,4,0,0,178,12,6,196,--,196,--,592,396,178,196,196,Algún campo sin dato,1,46997c68b77b62f6c2ec077dd1b1b4b201d04d97d11410cd4c97c627988ee506,25/06/2023 23:14:53,ESCANER
23564,"Jalapa",21,"Mataquescuintla",7,3701,591,10,47,35,31,3,0,4,4,0,0,134,3,0,137,0,137,--,588,451,134,137,137,Algún campo sin dato,1,7937bedd8053cbf8eced944969c713a748c1fd41fd5c2327a5ab842bffa6e53a,26/06/2023 01:18:35,ESCANER