﻿TIPO_DE_ELECCIÓN:,CORPORACIÓN MUNICIPAL
28 junio 2023 21:35 (UTC -6)
ACTAS_ESPERADAS,ACTAS_CAPTURADAS,PORCENTAJE_ACTAS_CAPTURADAS,ACTAS_CONTABILIZADAS,PORCENTAJE_ACTAS_CONTABILIZADAS,ACTAS_NO_CONTABILIZADAS,LISTA_NOMINAL_ACTAS_CONTABILIZADAS,VOTOS_EMITIDOS_CONTABILIZADAS,PORCENTAJE_PARTICIPACIÓN_CIUDADANA
181,181,100.0000,180,99.4475,1,67663,36396,53.7901

MESA,DEPARTAMENTO,ID_DEPARTAMENTO,MUNICIPIO,ID_MUNICIPIO,CENTRO_DE_VOTACIÓN,PADRÓN,CABAL,VAMOS,VALOR,TODOS,AZUL,UNE,MLP,VICTORIA,PPN,VIVA,UR,CAMBIO,PODEMOS,VOS,SEMILLA,BIEN,PPG,ELEFANTE,VÁLIDOS,NULOS,BLANCO,EMITIDOS,INVÁLIDOS,TOTAL,IMPUGNACIONES,PAPELETAS-RECIBIDAS,PAPELETAS-NO-USADAS,VALIDOS_CALCULADO,EMITIDOS_CALCULADO,TOTAL_CALCULADO,OBSERVACIONES,CONTABILIZADA,CÓDIGO_INTEGRIDAD,FECHA_HORA_PUBLICACIÓN,DIGITALIZACIÓN
21216,"Izabal",18,"Puerto Barrios",1,3304,400,4,35,21,5,1,6,0,0,0,2,1,0,3,2,2,1,0,0,83,7,4,94,0,94,--,403,309,83,94,94,Algún campo sin dato,1,7a314adf0f17b84a81b16888c165cffde36aee3f9d971ef51d2ee6a2626e8be0,26/06/2023 00:04:46,ESCANER
21217,"Izabal",18,"Puerto Barrios",1,3304,400,5,26,17,7,1,--,--,2,4,1,--,--,2,--,2,--,1,--,68,9,2,79,--,79,--,400,321,68,79,79,Algún campo sin dato,1,4ac77295ed39e4f57529cbfa7b7794b21d6eceee3cb3f087929ef40c062be175,25/06/2023 22:29:41,ESCANER
21218,"Izabal",18,"Puerto Barrios",1,3304,400,5,31,13,5,4,0,0,3,0,1,1,0,1,1,0,0,1,1,67,10,0,77,0,77,--,400,323,67,77,77,Algún campo sin dato,1,4695356f6f4820c5eefb063e966c2c8c8dd770c3c429e9b8cbf04086c43441d5,26/06/2023 00:43:52,ESCANER
21219,"Izabal",18,"Puerto Barrios",1,3304,400,9,45,15,13,1,4,2,5,3,2,1,0,3,2,2,1,0,3,111,13,0,124,0,124,0,396,272,111,124,124,,1,00df29520f43d205f45e5e0026f322faca5d5ec94780377674b8f5d267964f89,26/06/2023 00:25:13,ESCANER
21220,"Izabal",18,"Puerto Barrios",1,3304,400,4,32,5,6,1,3,1,4,3,2,1,0,0,0,1,1,0,3,67,10,1,78,0,78,--,400,322,67,78,78,Algún campo sin dato,1,2409219ccb75473e6cbfd1394ab301ccc4c27c35d3c74b9684bf6851fa1a1e77,26/06/2023 01:14:30,ESCANER
21221,"Izabal",18,"Puerto Barrios",1,3304,400,3,35,17,10,3,2,0,2,2,1,1,0,0,2,3,0,0,0,81,8,0,89,0,89,--,400,311,81,89,89,Algún campo sin dato,1,cf5427cec5195e8b96dd90ef9fa4ef76aafef44e0f0b73d47309d4ad3991af2a,26/06/2023 03:01:19,ESCANER
21222,"Izabal",18,"Puerto Barrios",1,3304,400,5,53,20,7,2,3,0,2,0,2,1,2,2,0,0,1,0,0,100,3,1,104,0,104,--,395,241,100,104,104,Algún campo sin dato,1,f1e992eab9280a21875b511449444da1e7c5cfc100540d44858e778c20dec3d8,26/06/2023 02:21:16,ESCANER
21223,"Izabal",18,"Puerto Barrios",1,3304,400,3,49,15,7,3,3,0,3,1,2,1,1,2,1,2,0,1,1,95,7,2,104,0,104,--,400,296,95,104,104,Algún campo sin dato,1,15c562a0d501b7eea623ee0bac77d4856631219b61a85f87133caf9f08912be9,26/06/2023 01:32:19,ESCANER
21224,"Izabal",18,"Puerto Barrios",1,3304,400,3,29,10,9,2,2,0,2,0,2,0,0,1,0,2,2,2,2,68,10,0,78,0,78,--,400,322,68,78,78,Algún campo sin dato,1,e9ab446245769eba4f1e81b50ca4f1b05e6401fb26b5b918cb222bca46ab9980,26/06/2023 00:37:14,ESCANER
21225,"Izabal",18,"Puerto Barrios",1,3304,400,2,19,12,8,6,3,0,2,0,1,1,1,1,0,1,2,0,3,62,6,2,70,0,70,--,400,330,62,70,70,Algún campo sin dato,1,23b0dd9315bb5753ee74addb708c64d2b53a8fcdf692bc6b3e4904720b1c51ef,25/06/2023 23:41:41,ESCANER
21226,"Izabal",18,"Puerto Barrios",1,3304,400,1,13,7,1,1,0,0,1,0,0,1,0,1,0,3,0,0,0,29,3,1,33,0,33,--,400,367,29,33,33,Algún campo sin dato,1,e61cc0d156f357bcfe6e235974a0657283367ce0af647af993e01c0ad737f6c5,25/06/2023 21:57:27,ESCANER
21227,"Izabal",18,"Puerto Barrios",1,3304,400,2,1,1,1,0,2,0,1,0,1,0,0,0,1,1,1,0,0,12,9,1,22,0,22,--,397,375,12,22,22,Algún campo sin dato,1,2750ad228c2d66141080078bd2598b7594c215ea7519186bd1aa6eded24d9054,25/06/2023 23:33:28,ESCANER
21228,"Izabal",18,"Puerto Barrios",1,3304,400,3,10,4,2,2,1,0,0,0,1,0,0,0,0,0,0,0,1,24,1,1,26,0,26,--,400,374,24,26,26,Algún campo sin dato,1,4e86091ce79acbde263ad32f8e1de9cbf62a579e9402ed2a93e6f80bc766ffdc,25/06/2023 21:38:46,ESCANER
21229,"Izabal",18,"Puerto Barrios",1,3304,284,1,4,4,0,0,0,0,0,0,0,0,0,0,0,0,0,0,0,9,1,1,11,0,11,--,281,270,9,11,11,Algún campo sin dato,1,d5e0e3bde49dd374b42a0fc44a29517ae3f365284bc1581814008fe7b62df626,25/06/2023 21:46:50,ESCANER
21230,"Izabal",18,"Puerto Barrios",1,3305,283,1,8,4,0,1,0,0,0,1,0,1,0,0,0,0,0,0,0,16,0,0,16,0,16,--,283,267,16,16,16,Algún campo sin dato,1,4e814ae1fa55b8f962401c6dfba7be8f252813d9705f3e9c926d445e69544e08,26/06/2023 00:05:57,ESCANER
21231,"Izabal",18,"Puerto Barrios",1,3306,400,3,103,37,23,15,6,1,14,2,4,0,2,0,4,2,0,0,4,220,21,2,243,0,243,--,400,157,220,243,243,Algún campo sin dato,1,ca60ebb47e04bc5ed5d894387b09db1a3eea327e0b558b6ce1209d427a52bb73,26/06/2023 00:36:20,ESCANER
21232,"Izabal",18,"Puerto Barrios",1,3306,400,10,93,38,22,12,8,1,9,3,1,1,5,2,1,1,3,0,6,216,18,2,236,0,236,--,400,164,216,236,236,Algún campo sin dato,1,cde0277c756ecd220249f1868eebf364e9e510864bd945d19215634f9a3f4556,26/06/2023 03:22:45,ESCANER
21233,"Izabal",18,"Puerto Barrios",1,3306,400,7,79,42,24,15,4,0,16,6,1,2,3,1,2,0,4,1,3,210,27,1,238,0,238,--,400,162,210,238,238,Algún campo sin dato,1,9225ccefb9c8e463783c2f6b1dabc501c9eb8d3cd4655b0d2ba1d3e95354e791,26/06/2023 01:30:58,ESCANER
21234,"Izabal",18,"Puerto Barrios",1,3306,400,6,95,43,12,11,7,1,13,3,4,6,4,0,4,3,2,5,3,222,17,7,247,0,247,--,399,152,222,246,246,Sumas Asentadas sin cuadrar,1,8f0492ad3ec97804dbd81f59e98e776d13ac0b7636ab7cd62a686c77ac0b74e8,26/06/2023 03:12:14,ESCANER
21235,"Izabal",18,"Puerto Barrios",1,3306,400,6,107,46,13,8,9,0,11,6,2,2,2,5,3,3,0,2,8,233,21,2,256,0,256,--,400,144,233,256,256,Algún campo sin dato,1,2ec7e046b8410886ca1465105e9713d4311fee55f573cded32dd4cdf11bb094c,26/06/2023 01:08:09,ESCANER
21236,"Izabal",18,"Puerto Barrios",1,3306,400,5,98,46,31,11,13,1,8,2,4,3,3,4,2,1,1,1,3,237,15,5,257,--,257,--,400,143,237,257,257,Algún campo sin dato,1,c2d793ea2a6361a95fca38e531ca8935448865a60e2536603f6cfdfd95778ebe,26/06/2023 02:47:53,ESCANER
21237,"Izabal",18,"Puerto Barrios",1,3306,400,6,96,36,19,9,11,0,9,4,4,4,1,4,2,4,2,0,5,216,19,1,236,0,236,--,399,163,216,236,236,Algún campo sin dato,1,2b4cdb82b8d6709e5d9b9ade3d9c5325b3327cece08a6d328ead8b67bca728ec,26/06/2023 02:55:40,ESCANER
21238,"Izabal",18,"Puerto Barrios",1,3306,400,8,118,42,22,8,11,--,5,3,1,4,4,2,2,2,--,1,4,237,20,0,257,0,257,--,400,143,237,257,257,Algún campo sin dato,1,24511a0470be392f9774298cb5734a005289a5ca7ed977b6a25e4ea8855ecb32,26/06/2023 01:15:06,ESCANER
21239,"Izabal",18,"Puerto Barrios",1,3306,400,14,102,48,16,13,5,1,10,3,4,1,5,2,1,6,0,1,5,237,12,3,252,0,252,--,400,148,237,252,252,Algún campo sin dato,1,33e6a0cf39f3cb6e7151104d78d31ee15e9315fc60254b53964c0f017bd1541f,26/06/2023 00:15:50,ESCANER
21240,"Izabal",18,"Puerto Barrios",1,3306,400,6,120,42,20,10,6,2,8,1,3,--,2,6,1,6,2,3,4,242,26,3,268,--,268,--,400,129,242,271,271,Sumas Asentadas sin cuadrar,1,94cb13ea28b6af9836caf90260188a3b8bdc09a1450c377670d653e54d945133,26/06/2023 04:12:53,ESCANER
21241,"Izabal",18,"Puerto Barrios",1,3306,400,2,97,40,22,18,3,0,8,1,3,4,0,5,2,2,3,2,5,217,19,2,238,0,238,--,397,159,217,238,238,Algún campo sin dato,1,33b3e77ea355ec09361be6995850f9e5ec539b26441f97af7389d4b55c9ba861,26/06/2023 01:27:45,ESCANER
21242,"Izabal",18,"Puerto Barrios",1,3306,400,13,111,52,16,10,2,0,12,2,3,1,2,2,2,1,0,1,3,233,20,3,256,0,256,--,396,140,233,256,256,Algún campo sin dato,1,ad84f0dcb6bb5b82a53116a83a7101b072ce4f8c139f13f6a5a9f06e401498cf,26/06/2023 04:52:54,ESCANER
21243,"Izabal",18,"Puerto Barrios",1,3306,400,7,103,43,27,12,4,0,11,2,2,3,4,2,2,4,4,1,3,234,24,0,258,0,258,--,400,142,234,258,258,Algún campo sin dato,1,1e07c5fc6826d2a5cfd9ad56bad6feeeee7c740129d92912eb6cc860b3ee4103,25/06/2023 23:38:19,ESCANER
21244,"Izabal",18,"Puerto Barrios",1,3306,400,8,91,34,29,10,8,0,7,2,7,5,3,5,4,4,0,2,5,224,28,4,256,0,256,--,400,144,224,256,256,Algún campo sin dato,1,187bc6579787e9bd47d0b9f2fffdfe451fd284ba3ddaa3f6f18cecaa22f93ea4,26/06/2023 02:47:55,ESCANER
21245,"Izabal",18,"Puerto Barrios",1,3306,400,6,84,41,18,8,12,1,13,4,5,1,3,5,5,1,0,3,4,214,21,1,236,0,236,--,400,164,214,236,236,Algún campo sin dato,1,64e93c8a62dba777106d0de0b4b81e337a4c7bc57bad1f4b057b499033eaa66d,25/06/2023 23:58:19,ESCANER
21246,"Izabal",18,"Puerto Barrios",1,3306,400,11,82,40,19,24,3,0,5,0,3,2,1,4,0,4,2,2,4,206,10,0,216,0,216,0,400,184,206,216,216,,1,ee450ad794d23a82846b6e08b8dd01c35f32db7f4f64329c8205ef0cf23d591f,25/06/2023 23:08:53,ESCANER
21247,"Izabal",18,"Puerto Barrios",1,3306,400,11,93,42,21,25,4,0,6,5,2,2,1,1,2,2,0,2,6,225,9,0,234,0,234,--,400,166,225,234,234,Algún campo sin dato,1,36c1983f083b655d199bd4d606de25f973f1d9bc2b0d5cbf8305a7c1ec0d084a,25/06/2023 23:50:23,ESCANER
21248,"Izabal",18,"Puerto Barrios",1,3306,400,10,85,35,26,18,0,0,7,2,1,1,1,2,1,2,3,4,3,201,15,0,216,0,216,--,400,184,201,216,216,Algún campo sin dato,1,8ac9f7cca6d0a71743af5662f3d7828ce17c1f6b859174adb3a5693b7750af96,26/06/2023 00:34:39,ESCANER
21249,"Izabal",18,"Puerto Barrios",1,3306,400,7,97,30,22,9,6,0,8,1,5,2,2,4,0,2,3,3,4,205,20,0,225,0,225,--,400,175,205,225,225,Algún campo sin dato,1,b302e71136742caf02d7463bab3b05e2e18d83608b3140be7b5004d3c3c0ac2d,26/06/2023 00:09:05,ESCANER
21250,"Izabal",18,"Puerto Barrios",1,3306,400,3,100,36,17,20,6,0,7,1,2,4,3,3,2,1,3,2,3,213,20,3,236,0,236,--,400,164,213,236,236,Algún campo sin dato,1,df34b03bcd23569b5286588270cdcad3103ba8f862a3ad79c6911d83b6466dee,26/06/2023 01:24:19,ESCANER
21251,"Izabal",18,"Puerto Barrios",1,3306,400,7,93,33,20,13,12,0,9,2,6,3,1,2,2,2,2,2,3,212,16,3,231,0,231,0,400,169,212,231,231,,1,191e46bfc5fc3fd68468d6ae897c92637952341013e8e40f44b04ca175387d19,26/06/2023 01:06:19,ESCANER
21252,"Izabal",18,"Puerto Barrios",1,3306,400,6,90,48,21,10,7,0,5,2,3,3,5,4,0,2,2,1,3,212,11,1,224,0,224,--,400,176,212,224,224,Algún campo sin dato,1,73789deb70a07df261d28edec177b98e7240d358b750c581983ee8b16f48635a,26/06/2023 02:38:44,ESCANER
21253,"Izabal",18,"Puerto Barrios",1,3306,400,13,93,31,25,13,3,0,7,1,3,0,6,1,2,5,4,2,3,212,17,0,229,0,229,--,400,171,212,229,229,Algún campo sin dato,1,e97acb9b466003165a41ddb4579cade5fbbbc85d72247254a634b3a110d735f0,26/06/2023 00:43:34,ESCANER
21254,"Izabal",18,"Puerto Barrios",1,3306,400,7,77,43,26,13,4,1,9,0,5,1,2,5,2,4,0,3,5,207,13,1,221,0,221,--,400,179,207,221,221,Algún campo sin dato,1,cac64c03f863019b43d8383431f98897cb691763c1dabadc3bfbb0914c33046b,25/06/2023 23:18:10,ESCANER
21255,"Izabal",18,"Puerto Barrios",1,3306,400,13,88,49,17,13,5,0,5,2,2,5,1,1,2,3,3,1,3,213,10,1,214,0,224,--,400,176,213,224,224,Sumas Asentadas sin cuadrar,1,f19f2495f5b3b584732a9a2e2e67fe4226dad02b518118a41ca0d56f6a0b406e,25/06/2023 23:50:37,ESCANER
21256,"Izabal",18,"Puerto Barrios",1,3306,400,6,112,40,31,5,6,0,7,1,1,0,3,8,4,2,2,4,1,233,14,1,248,0,248,--,400,152,233,248,248,Algún campo sin dato,1,1f356207e3150b480bcf8b58c82f2fe13054d16514c2ecbff318290abe29da81,25/06/2023 23:58:50,ESCANER
21257,"Izabal",18,"Puerto Barrios",1,3306,400,7,94,36,27,7,8,0,6,3,2,1,6,6,6,4,1,3,4,221,13,1,235,0,235,--,400,165,221,235,235,Algún campo sin dato,1,7f08e0ff7d84be8270cc58d459fbf599fcc9dbbd63c66e6b1922a81afcb9e4fa,26/06/2023 02:46:51,ESCANER
21258,"Izabal",18,"Puerto Barrios",1,3306,400,8,101,31,25,9,6,2,6,0,1,7,0,8,2,2,0,2,2,212,26,4,242,0,242,--,400,158,212,242,242,Algún campo sin dato,1,c88afa1be58eb5f7b7e0239d096f529026353b1bb7db26bddc35e9796e810e51,26/06/2023 02:29:22,ESCANER
21259,"Izabal",18,"Puerto Barrios",1,3306,400,5,95,33,22,12,6,0,9,3,1,5,1,4,3,3,3,3,1,209,24,0,233,0,233,1,398,165,209,233,233,,1,dbff97b7c32a933df211f2a173ef8ec9822b28b826751b1da9e8545ac75653c4,26/06/2023 01:15:37,ESCANER
21260,"Izabal",18,"Puerto Barrios",1,3306,400,11,99,41,25,8,5,0,8,4,7,1,4,2,4,3,2,2,4,230,18,0,248,0,248,--,400,152,230,248,248,Algún campo sin dato,1,842bc3f7822ade1f7335829799abc8ad46b9dac0efbf5a48dca33b1cd00f2b40,26/06/2023 01:55:36,ESCANER
21261,"Izabal",18,"Puerto Barrios",1,3306,400,12,101,48,21,7,10,0,10,0,6,2,3,2,2,2,2,4,2,234,11,1,246,0,246,--,400,154,234,246,246,Algún campo sin dato,1,30a73b37461668da09c5ec2213260ffa55f9fba3aa21152336cb838aaeb164b2,26/06/2023 00:38:22,ESCANER
21262,"Izabal",18,"Puerto Barrios",1,3306,400,5,93,41,17,15,6,0,11,3,7,5,6,5,4,5,3,2,3,231,14,4,249,0,249,--,400,151,231,249,249,Algún campo sin dato,1,3bbe7bd2cd3bf6307f60c734a4fb331c8a563596d399d3d2873b218674d19da5,25/06/2023 22:33:33,ESCANER
21263,"Izabal",18,"Puerto Barrios",1,3306,400,6,113,34,22,13,7,1,8,1,2,0,0,3,2,2,3,1,8,226,13,2,241,0,241,--,399,158,226,241,241,Algún campo sin dato,1,9881a2733b3e1a6e236cd795e46a189cda5d65e626d41d1bd2e995def0204ec6,26/06/2023 01:28:49,ESCANER
21264,"Izabal",18,"Puerto Barrios",1,3306,400,9,83,34,25,14,4,2,4,1,2,0,2,6,4,1,4,3,0,198,18,1,217,0,217,--,400,183,198,217,217,Algún campo sin dato,1,79a5a8c572f723f81e9fc4cebdc288f90bab0b57850c80abb2a2dc2ee3fee4f7,26/06/2023 00:32:32,ESCANER
21265,"Izabal",18,"Puerto Barrios",1,3306,400,10,93,57,27,14,7,0,5,2,1,1,2,2,2,2,2,1,0,228,14,2,244,0,244,--,400,156,228,244,244,Algún campo sin dato,1,d3c63eaa892994e5bd12744e26ffc72339cb1fd2b8362cc2b565cc65c76fd49d,26/06/2023 01:01:30,ESCANER
21266,"Izabal",18,"Puerto Barrios",1,3306,400,7,100,40,16,13,6,0,10,1,1,2,6,3,3,0,2,4,5,219,18,3,240,0,240,--,396,156,219,240,240,Algún campo sin dato,1,bef45bcf7b68c4b37093b839caee3fbb38967cb7ff3d0b0cbb80a8f83e64c048,26/06/2023 01:11:08,ESCANER
21267,"Izabal",18,"Puerto Barrios",1,3306,400,8,105,38,18,11,8,0,6,3,0,4,1,5,2,3,3,2,3,220,15,1,161,0,397,--,397,161,220,236,236,Sumas Asentadas sin cuadrar,1,b4c7cfe889912c61452a2fe4a36fbc8121b4f92793f6c88af96014017047994b,26/06/2023 03:05:07,ESCANER
21268,"Izabal",18,"Puerto Barrios",1,3306,400,8,78,35,25,16,4,0,11,1,3,4,1,3,4,6,1,1,3,204,14,1,219,0,219,--,400,181,204,219,219,Algún campo sin dato,1,40e932dd5ab16c1612feced1c347f52a57adda967bf93fa1a32784d4e09dd689,25/06/2023 23:07:59,ESCANER
21269,"Izabal",18,"Puerto Barrios",1,3306,400,7,89,41,20,10,9,0,8,2,2,1,2,12,2,2,1,1,3,212,25,1,238,0,238,--,400,162,212,238,238,Algún campo sin dato,1,5c1550e36cbb99a3c9a9fca965d9631e4909dea970d33a095921aa67ce62e42e,26/06/2023 00:04:57,ESCANER
21270,"Izabal",18,"Puerto Barrios",1,3306,400,10,91,32,23,8,8,0,7,2,5,4,1,3,1,4,1,2,4,227,20,1,248,0,248,--,400,152,206,227,227,Sumas Asentadas sin cuadrar,1,be1c18de0026a8b1c3ddf5daf6ce9d6bea19e1e67f7d372c8feb3610f59804b0,26/06/2023 00:30:03,ESCANER
21271,"Izabal",18,"Puerto Barrios",1,3306,400,9,86,36,25,7,7,0,8,1,2,1,2,2,1,0,1,0,1,189,24,1,214,0,214,--,397,183,189,214,214,Algún campo sin dato,1,90b16a894c2a133ce386103d54f5089615fca57a779aaf186d6c4d71ecfa6997,26/06/2023 01:43:39,ESCANER
21272,"Izabal",18,"Puerto Barrios",1,3306,400,6,79,25,15,11,7,0,7,5,4,2,2,7,2,4,1,4,5,186,13,5,204,0,204,--,400,196,186,204,204,Algún campo sin dato,1,7d4ec2e022c8db02254c1da73fb8b55aa4685e1ef6e1a5ea5f641dd3e4aead8b,26/06/2023 00:19:38,ESCANER
21273,"Izabal",18,"Puerto Barrios",1,3306,400,3,78,40,14,6,8,0,5,3,4,5,2,1,1,2,0,2,0,174,11,1,186,0,186,--,400,214,174,186,186,Algún campo sin dato,1,1d1f3c9f56e2628c9e5d2b94d43ec2dbf6fab7cd6a829dc3167f8d14d2f9d160,26/06/2023 02:14:02,ESCANER
21274,"Izabal",18,"Puerto Barrios",1,3306,400,6,71,44,20,13,11,0,7,0,3,3,1,4,4,3,0,1,0,191,17,2,210,0,210,--,400,--,191,210,210,Algún campo sin dato,1,731339bb2bd3da9de8c33cb00462cdf2d83f1cf252086ef27375a38498c95d2d,26/06/2023 00:46:32,ESCANER
21275,"Izabal",18,"Puerto Barrios",1,3306,400,9,86,50,9,11,8,0,7,5,2,3,0,0,1,3,2,3,3,202,15,1,218,0,218,--,400,182,202,218,218,Algún campo sin dato,1,5041d7714a08073b49d1ba9929a6d47d25267489c56850742a8282c5520320b8,26/06/2023 01:54:32,ESCANER
21276,"Izabal",18,"Puerto Barrios",1,3306,400,5,73,48,26,14,8,0,7,1,0,1,3,3,2,3,2,1,9,206,19,1,226,1,227,1,400,173,206,226,227,,1,e1ed8ce19e19a0db426347cb1e6adeb3bef969512f9c0b96caa2617d024aeece,26/06/2023 00:56:19,ESCANER
21277,"Izabal",18,"Puerto Barrios",1,3306,400,6,90,34,20,15,3,1,6,0,3,3,4,1,2,2,2,1,6,199,14,2,215,0,215,--,400,185,199,215,215,Algún campo sin dato,1,0c1a043eb520aa0110a7f493d33b459617c99ff77af259744ec081d62d68297d,25/06/2023 22:47:20,ESCANER
21278,"Izabal",18,"Puerto Barrios",1,3306,400,7,84,43,20,15,4,0,8,2,1,0,0,3,0,2,0,2,2,193,9,1,203,0,203,--,400,197,193,203,203,Algún campo sin dato,1,ae9967994c0b64b661582de718ee1c2c48e6a8e1a8f83148a8d09b6e77e25cc5,25/06/2023 23:37:07,ESCANER
21279,"Izabal",18,"Puerto Barrios",1,3306,400,7,85,27,17,8,4,0,7,1,3,2,1,1,2,7,0,1,1,174,11,3,188,0,188,--,397,209,174,188,188,Algún campo sin dato,1,81927c37696a3dd01de55ce5ddf94ddba3e60717f32def6194f1bec5e3fa449b,25/06/2023 23:31:49,ESCANER
21280,"Izabal",18,"Puerto Barrios",1,3306,400,11,88,56,16,20,0,1,7,1,0,5,4,2,4,12,0,2,3,232,15,0,247,0,247,--,400,153,232,247,247,Algún campo sin dato,1,79444816887173dffc5e5eceaa628bc142c7b4fb56c4c8f57d3818de32d05146,26/06/2023 02:41:21,ESCANER
21281,"Izabal",18,"Puerto Barrios",1,3306,400,8,94,34,19,22,9,0,7,0,0,0,3,1,3,11,1,3,1,216,15,1,232,0,232,--,398,166,216,232,232,Algún campo sin dato,1,2f4cc803c2f2aa7d25fbe78568ed99595f69e05151762e4dcc0ba1369e08bd24,26/06/2023 05:15:33,ESCANER
21282,"Izabal",18,"Puerto Barrios",1,3306,400,11,82,32,22,17,6,0,6,2,2,2,2,3,2,3,1,0,1,194,14,0,208,0,208,--,400,192,194,208,208,Algún campo sin dato,1,d37b372b63f26ff718df38ecdda6b8e4301e975638dfaa04c6fd6a3ca7316cdf,25/06/2023 22:10:25,ESCANER
21283,"Izabal",18,"Puerto Barrios",1,3306,400,8,83,28,26,20,9,0,6,1,3,5,2,3,1,9,4,0,3,211,12,2,225,2,227,--,398,171,211,225,227,Algún campo sin dato,1,3e2ad35d2c6ee5338402a8abf3fb119a540c019786ad6353081de82a275df86c,26/06/2023 01:00:25,ESCANER
21284,"Izabal",18,"Puerto Barrios",1,3306,400,6,91,46,21,24,4,0,2,1,1,2,1,4,0,11,2,0,0,216,14,0,230,0,230,--,416,186,216,230,230,Algún campo sin dato,1,80f46c6c7f7de1a53e479911f157ca1e4f15d7d83bcb7b3827ec8b82c74ed6c0,26/06/2023 01:04:47,ESCANER
21285,"Izabal",18,"Puerto Barrios",1,3306,400,3,72,38,23,12,3,0,8,0,1,2,1,4,3,8,1,2,5,186,11,0,197,0,197,--,400,203,186,197,197,Algún campo sin dato,1,5c4128ef869c9041443210ccb2b9c1a4101b8227a0b3ece809f5752c44e4a700,26/06/2023 00:53:51,ESCANER
21286,"Izabal",18,"Puerto Barrios",1,3306,400,5,72,41,19,13,6,0,4,3,0,0,3,1,1,8,2,2,1,181,13,0,194,0,194,--,400,206,181,194,194,Algún campo sin dato,1,a733d952a169c66535d5c82a55a42fea151264ef9e4437411ab8bb8d46329008,26/06/2023 04:43:21,ESCANER
21287,"Izabal",18,"Puerto Barrios",1,3306,400,4,65,44,19,6,3,0,7,1,2,2,0,2,2,7,0,1,3,168,9,1,178,0,178,--,400,222,168,178,178,Algún campo sin dato,1,46d78e079e310ce0670aba360833a321400735dcd8cd124350dc6495bbaca7f9,26/06/2023 00:25:33,ESCANER
21288,"Izabal",18,"Puerto Barrios",1,3306,400,15,61,37,16,10,2,0,3,2,3,3,0,3,1,7,0,0,4,167,13,1,181,0,181,--,400,219,167,181,181,Algún campo sin dato,1,c2df11b9f031d51433a25840b4fd6fc1fbc0d7fe7976e698fe6bc937d269d5b7,26/06/2023 01:24:32,ESCANER
21289,"Izabal",18,"Puerto Barrios",1,3306,400,7,72,47,18,12,7,0,3,1,3,2,2,1,2,5,0,1,2,185,7,2,194,0,194,--,400,206,185,194,194,Algún campo sin dato,1,00372f73044955dee3cc8009c04b7343641e9d0d1705d7a65548be882a722c4c,25/06/2023 23:21:17,ESCANER
21290,"Izabal",18,"Puerto Barrios",1,3306,259,4,36,22,7,5,2,0,9,1,1,0,2,2,1,1,1,0,1,95,2,2,99,0,99,--,259,160,95,99,99,Algún campo sin dato,1,77baeabbb2137ab603bbf651a3e2cd5418b58839b244490a1801913c53d59eb3,25/06/2023 23:51:46,ESCANER
21291,"Izabal",18,"Puerto Barrios",1,3306,259,4,25,13,1,3,1,0,2,0,0,0,0,0,1,1,1,1,1,54,4,4,62,0,62,--,256,194,54,62,62,Algún campo sin dato,1,eb97bb8fc33a745f14fd1b0efe0554b939d97cc66f65a61eaffc16c3090f87f2,26/06/2023 01:18:39,ESCANER
21292,"Izabal",18,"Puerto Barrios",1,3307,400,9,95,53,14,6,9,0,15,3,3,2,1,3,3,4,0,4,6,230,20,3,253,0,253,--,400,147,230,253,253,Algún campo sin dato,1,143ab8913c13f0eec7e710637ff7109774ac66978f20145926c4bdca3ec2bf6d,26/06/2023 01:52:55,ESCANER
21293,"Izabal",18,"Puerto Barrios",1,3307,400,8,81,47,18,12,9,1,13,3,4,3,0,1,3,4,2,8,4,221,12,2,235,0,235,--,400,165,221,235,235,Algún campo sin dato,1,315b00805e2f77420d1ce26831e15cb8b9c87ec8f34d1404dda072377a9ea060,26/06/2023 00:13:00,ESCANER
21294,"Izabal",18,"Puerto Barrios",1,3307,370,8,86,45,13,7,5,0,14,3,3,2,2,6,5,2,1,1,6,209,14,0,223,0,223,--,370,147,209,223,223,Algún campo sin dato,1,f05e6d94ba46aa088d24d3e183c3e2b5495749ff888edfaaf99e1c3c82f74cdf,26/06/2023 03:00:07,ESCANER
21295,"Izabal",18,"Puerto Barrios",1,3307,369,6,73,45,16,8,2,0,15,2,0,3,1,3,1,3,1,0,1,180,9,0,189,0,189,--,369,180,180,189,189,Algún campo sin dato,1,9f1589450a5abe00c48e8dbd29cd3aa9074d6c3a64dc236bd9fe1b2e167eed0d,25/06/2023 22:40:15,ESCANER
21296,"Izabal",18,"Puerto Barrios",1,3308,400,11,87,52,19,6,9,1,5,1,4,2,2,2,2,2,3,1,3,212,27,3,242,0,242,--,399,157,212,242,242,Algún campo sin dato,1,bc56d6c362c9288d6c39351dd90bdda84b74ab3cc9a07a6524564a91dadc15c6,25/06/2023 22:18:42,ESCANER
21297,"Izabal",18,"Puerto Barrios",1,3308,400,15,67,50,19,12,7,0,4,1,7,1,2,3,5,4,2,2,10,211,24,5,240,0,240,--,400,160,211,240,240,Algún campo sin dato,1,7617bcd65c0182a9036fb18a91e066cf2fc3b436610bad872e819cff9f327219,26/06/2023 01:49:50,ESCANER
21298,"Izabal",18,"Puerto Barrios",1,3308,400,11,68,56,28,8,8,1,2,1,4,1,2,2,1,3,0,3,6,205,16,2,223,0,223,--,400,177,205,223,223,Algún campo sin dato,1,6d5cd17cf39b06e32b6cdf4130969ca60fd513710e9860f29ac1d9f5b4444266,25/06/2023 23:55:58,ESCANER
21299,"Izabal",18,"Puerto Barrios",1,3308,400,7,54,58,17,14,11,0,8,2,2,1,2,1,6,4,2,3,4,196,14,2,212,0,212,--,400,188,196,212,212,Algún campo sin dato,1,e0cd0812c8ff7a7d07e931ef86c218aec049c57e64428a5c52a93e2b512d819d,26/06/2023 00:54:49,ESCANER
21300,"Izabal",18,"Puerto Barrios",1,3308,400,7,85,46,12,9,9,0,3,4,3,2,1,0,3,1,3,4,4,196,26,2,198,7,203,--,--,--,196,224,231,Sumas Asentadas sin cuadrar,1,814f1bc163194fd8831eb8faeea44609e849dbb9a218f0c9e8f35626a2b1cc8c,26/06/2023 18:36:04,ESCANER
21301,"Izabal",18,"Puerto Barrios",1,3308,400,5,91,54,12,6,6,0,2,4,1,2,0,1,1,5,1,1,8,200,21,6,227,0,227,--,400,173,200,227,227,Algún campo sin dato,1,2b081f746de6cb2a6a748ace94ebe98a9ab3ae4e707296df571e38860810e392,26/06/2023 00:14:55,ESCANER
21302,"Izabal",18,"Puerto Barrios",1,3308,400,9,59,45,19,11,4,0,1,2,2,4,3,1,2,6,4,4,7,183,14,0,197,0,197,--,400,203,183,197,197,Algún campo sin dato,1,b2a1fdd3d92134ac564ad89c20403af84e7c0237f26946f3a2b04a1dfa9d659b,26/06/2023 00:22:03,ESCANER
21303,"Izabal",18,"Puerto Barrios",1,3308,229,3,30,23,12,5,2,0,0,0,0,3,0,2,0,5,0,1,2,88,4,0,92,0,92,--,224,137,88,92,92,Algún campo sin dato,1,fa4e71c697a0e5f0051e94a356ed2c7b5b4e73efdb201fe903343da388c1fc35,25/06/2023 22:49:56,ESCANER
21304,"Izabal",18,"Puerto Barrios",1,3308,228,1,29,19,7,2,1,0,2,1,1,0,0,1,0,4,0,1,1,70,11,0,81,0,81,--,228,147,70,81,81,Algún campo sin dato,1,96feb4a28c3787b9635262cc76db6f339f16fb00899593e258cec3ba76c9d139,25/06/2023 21:49:13,ESCANER
21305,"Izabal",18,"Puerto Barrios",1,3309,231,7,19,18,4,0,4,0,1,0,0,2,0,2,0,0,1,0,1,59,8,4,71,0,71,--,231,160,59,71,71,Algún campo sin dato,1,36fdcd727551eaa9fc5b0194b5bf6470cb4dac75f4eb0f1a01851e45c9bd0988,25/06/2023 22:34:40,ESCANER
21306,"Izabal",18,"Puerto Barrios",1,3310,380,14,55,88,8,3,5,1,6,1,5,7,0,6,2,2,1,0,1,205,36,6,247,0,247,--,380,133,205,247,247,Algún campo sin dato,1,f5ed81f827fe40adb5e5a4fc1d05beb5cb100ff1c8ee6d0cf557d840b1002de5,26/06/2023 02:42:48,ESCANER
21307,"Izabal",18,"Puerto Barrios",1,3310,380,27,64,82,5,1,8,3,3,0,7,7,0,5,3,0,0,1,2,218,27,5,250,0,250,--,376,126,218,250,250,Algún campo sin dato,1,f50130d6a7159fefbf5973951aad1ff124720aba97a26f3a3e4e6295ae276d5d,26/06/2023 02:48:29,ESCANER
21308,"Izabal",18,"Puerto Barrios",1,3310,380,16,54,77,9,2,8,1,3,8,10,15,1,8,0,2,0,1,1,216,25,2,243,0,243,--,377,134,216,243,243,Algún campo sin dato,1,e03a09a80fdf9623df237f5800d57d54c2225673efe70c68a5d58c80ee499b9c,26/06/2023 00:27:23,ESCANER
21309,"Izabal",18,"Puerto Barrios",1,3310,380,20,56,74,15,5,6,0,3,8,6,4,1,8,0,3,1,1,3,214,24,12,250,0,250,--,380,130,214,250,250,Algún campo sin dato,1,f88639d2460f45832c658c40705cb9f826f5f2d87a460ff6cb22f229d6741544,26/06/2023 01:25:42,ESCANER
21310,"Izabal",18,"Puerto Barrios",1,3310,380,12,45,89,15,4,4,0,7,4,3,8,0,8,1,0,4,2,0,206,18,6,230,0,230,--,386,156,206,230,230,Algún campo sin dato,1,74cff1c744ec5a692793cb7001d6b30555802658f034724539c624ddff7c8556,26/06/2023 00:56:18,ESCANER
21311,"Izabal",18,"Puerto Barrios",1,3310,380,13,53,66,10,3,4,1,5,1,8,10,0,4,1,2,0,1,0,182,24,3,209,0,209,--,380,171,182,209,209,Algún campo sin dato,1,06246ffc977ecff8ef2dd0c811c94f0dcea612e109f347d5e477bbbd9ee6a102,26/06/2023 02:52:30,ESCANER
21312,"Izabal",18,"Puerto Barrios",1,3310,380,16,48,77,11,6,8,0,8,6,5,7,1,2,1,0,2,3,0,201,16,6,223,0,223,--,380,157,201,223,223,Algún campo sin dato,1,321afe9cbaf1c9477461a52447215743026fdcabdb71070ae002498313f91df2,26/06/2023 02:33:02,ESCANER
21313,"Izabal",18,"Puerto Barrios",1,3310,380,18,47,76,6,5,5,0,5,6,6,2,0,8,2,3,1,1,2,193,14,2,209,0,209,--,380,171,193,209,209,Algún campo sin dato,1,7647cf4e0962b7702b2663beaeb1e44304a6392150a6fd66515c931b62e018ef,26/06/2023 02:57:05,ESCANER
21314,"Izabal",18,"Puerto Barrios",1,3310,380,18,76,60,11,4,3,1,6,5,7,9,0,6,1,4,1,0,2,214,17,4,235,0,235,1,380,145,214,235,235,,1,7801d18f59728dd4fc4e7375252280e37057ac8b441747589a038fb86c5ea915,26/06/2023 01:15:02,ESCANER
21315,"Izabal",18,"Puerto Barrios",1,3310,380,15,47,81,12,1,4,--,3,4,7,1,--,4,1,1,0,1,1,183,20,4,207,0,207,--,380,173,183,207,207,Algún campo sin dato,1,ad5b137cd54afed0086f874359d9591d1c8f0c20ffc02d876249da324f16d001,26/06/2023 01:56:02,ESCANER
21316,"Izabal",18,"Puerto Barrios",1,3311,380,14,39,93,12,4,9,2,10,1,4,2,1,4,0,2,1,0,4,202,14,3,219,0,219,--,381,162,202,219,219,Algún campo sin dato,1,5f68c8899f184fe93e4f456421c8208bb626a035e3b623a4b677235ac75567f5,26/06/2023 02:12:37,ESCANER
21317,"Izabal",18,"Puerto Barrios",1,3311,380,16,65,62,12,4,5,0,4,1,5,7,0,7,1,3,0,2,5,199,25,1,225,0,225,--,380,155,199,225,225,Algún campo sin dato,1,b9319a3d1e848b965f0356befca1fec0efc1f5c221e53fc0b3c84d415e8fecac,26/06/2023 02:26:14,ESCANER
21318,"Izabal",18,"Puerto Barrios",1,3311,380,16,61,70,6,3,7,2,9,4,7,6,1,1,1,1,1,1,0,197,10,4,211,11,222,--,380,158,197,211,222,Algún campo sin dato,1,35ff835c8a3e12d0ecae7ea39429d04378987e5f9fe395e8bbdb0d63f90de116,26/06/2023 01:18:26,ESCANER
21319,"Izabal",18,"Puerto Barrios",1,3311,380,17,59,64,11,5,7,2,9,0,3,4,1,5,1,1,1,0,0,190,22,1,213,0,213,--,380,167,190,213,213,Algún campo sin dato,1,1153f6bf2e6b87536485a25bda0913df8eeb85203041c8db82c322c7f830d91c,26/06/2023 01:07:28,ESCANER
21320,"Izabal",18,"Puerto Barrios",1,3311,380,13,43,72,10,9,3,1,6,1,4,9,0,5,3,1,0,3,1,184,5,3,192,0,192,--,377,185,184,192,192,Algún campo sin dato,1,89a3ae13e52224a63f2b008bc8a859a9dc3a8c9ae8c37df5e6bef7a68f100b20,26/06/2023 03:17:45,ESCANER
21321,"Izabal",18,"Puerto Barrios",1,3311,380,20,53,89,12,5,4,2,3,3,2,7,0,4,0,2,1,2,2,211,8,2,221,3,224,--,380,156,211,221,224,Algún campo sin dato,1,0882a31e6c34708333af0d52dbacb567bcbebffef63d68f490472df75c76dc10,26/06/2023 00:55:36,ESCANER
21322,"Izabal",18,"Puerto Barrios",1,3311,380,7,45,70,5,4,10,0,3,3,2,5,1,7,3,4,1,1,1,172,10,2,184,0,184,--,380,196,172,184,184,Algún campo sin dato,1,19c879e7fbba73a43606806aa1914e2536b70725a251788ea99b722208b3eed5,26/06/2023 00:30:28,ESCANER
21323,"Izabal",18,"Puerto Barrios",1,3311,330,14,33,60,8,1,2,1,5,0,1,2,0,3,0,3,1,4,1,139,5,2,146,0,146,--,327,181,139,146,146,Algún campo sin dato,1,e723a42adc5daac3fc5173b337d7e5235d16730b027db187484a7e119306250f,25/06/2023 23:49:25,ESCANER
21324,"Izabal",18,"Puerto Barrios",1,3311,330,5,32,39,7,2,3,1,2,2,3,6,0,2,0,2,0,0,1,107,12,4,123,0,123,--,327,204,107,123,123,Algún campo sin dato,1,116f853a93030936680b18abfa334b0570bf5df2505528aed290eb0218b73c7c,26/06/2023 00:43:58,ESCANER
21325,"Izabal",18,"Puerto Barrios",1,3312,380,38,42,22,20,1,30,0,4,6,4,1,1,30,1,3,0,0,2,205,33,9,247,0,247,--,378,131,205,247,247,Algún campo sin dato,1,65cf452a7cd54c0afa786c6eb768aadafe2b52beba969c7b2954cd66c070bf01,26/06/2023 01:54:52,ESCANER
21326,"Izabal",18,"Puerto Barrios",1,3312,380,22,34,29,32,1,25,2,2,5,--,5,2,13,2,--,1,2,3,180,31,6,217,--,217,--,377,160,180,217,217,Algún campo sin dato,1,1aa04574a0e83bb331c79aa7ed393f2d87a16e4a06cad8b12969260104cb81d6,26/06/2023 00:21:44,ESCANER
21327,"Izabal",18,"Puerto Barrios",1,3312,380,27,36,26,19,3,18,0,3,5,2,4,0,23,3,2,0,1,1,173,24,5,202,0,202,--,377,175,173,202,202,Algún campo sin dato,1,649c6c0fb6f12ed10937016b05926314266730f25990b0ccba4d4f17de08c2ed,25/06/2023 23:23:27,ESCANER
21328,"Izabal",18,"Puerto Barrios",1,3312,380,34,29,15,16,2,18,3,2,5,3,6,0,23,0,2,3,0,3,164,36,13,213,0,213,--,380,167,164,213,213,Algún campo sin dato,1,7a129e2ab7804a3d8ef8a1b072526b90f664658ef5a82e321529b2100f06020f,25/06/2023 23:02:10,ESCANER
21329,"Izabal",18,"Puerto Barrios",1,3312,380,29,26,31,24,0,21,1,1,1,1,1,1,18,2,2,0,2,1,162,27,3,192,0,192,--,376,184,162,192,192,Algún campo sin dato,1,1fb838ee9f6093ae498515e8f5335b81bda601b4bec6c48aa5d42ff9e91a283e,25/06/2023 23:31:30,ESCANER
21330,"Izabal",18,"Puerto Barrios",1,3312,220,20,28,15,15,2,11,0,2,1,2,0,0,19,0,0,1,0,1,117,8,2,127,0,127,--,220,93,117,127,127,Algún campo sin dato,1,7fe4b56b55ce22aee62b6cc2e03e1386954b6eefb219da7ed42c54c46108fd40,25/06/2023 21:42:24,ESCANER
21331,"Izabal",18,"Puerto Barrios",1,3312,220,18,9,19,14,0,6,1,0,1,1,0,0,15,1,0,0,0,0,85,15,3,103,0,103,--,220,117,85,103,103,Algún campo sin dato,1,d6c8456c85b0b01dbd925511412f8dd0fa779eb281dbc2a7b07b0231a35307db,25/06/2023 21:35:54,ESCANER
21332,"Izabal",18,"Puerto Barrios",1,3313,380,10,94,41,18,8,13,0,0,2,1,3,1,6,3,2,4,2,4,212,38,4,254,0,254,--,380,126,212,254,254,Algún campo sin dato,1,a4aba06c95fafdc9db4cd0e2d2fbee19b0661e62ba81b421dac7249880423dd7,26/06/2023 02:42:55,ESCANER
21333,"Izabal",18,"Puerto Barrios",1,3313,380,14,98,38,25,2,13,0,3,1,1,2,0,2,6,3,5,3,1,217,25,5,247,0,247,--,382,135,217,247,247,Algún campo sin dato,1,943eb5edf545a0346c134f4e2e468752f13b7731ab86af6cd9ca6fc3552032af,25/06/2023 23:42:01,ESCANER
21334,"Izabal",18,"Puerto Barrios",1,3313,380,14,106,35,17,4,9,0,0,1,0,4,3,3,3,5,3,4,3,214,23,2,239,0,239,--,380,141,214,239,239,Algún campo sin dato,1,01352f4b973710f416ed4f3d9dd2def4f8a8bb2c5c0bc3d19702c8007ba104d6,26/06/2023 00:58:19,ESCANER
21335,"Izabal",18,"Puerto Barrios",1,3313,380,10,92,38,22,3,16,0,1,0,2,2,1,1,1,5,4,3,4,205,25,3,233,0,233,--,380,147,205,233,233,Algún campo sin dato,1,9e969aa3348425c9d900b821b88040950e83e94903752ab4f7c7f1a3f268418e,25/06/2023 22:26:16,ESCANER
21336,"Izabal",18,"Puerto Barrios",1,3313,380,19,88,44,15,12,13,0,1,0,6,2,1,2,2,4,2,6,6,223,28,1,252,0,252,--,377,125,223,252,252,Algún campo sin dato,1,ef5eb8d0c04b96d90a292837cf80b8ed7e26fca67c5b52ee011574574ec8d140,25/06/2023 22:40:05,ESCANER
21337,"Izabal",18,"Puerto Barrios",1,3313,380,14,98,47,16,8,11,1,2,0,2,2,1,1,3,3,2,9,2,222,22,2,246,0,246,--,380,134,222,246,246,Algún campo sin dato,1,1a128954660586d6d9dc9fdf2c65ddf2a562c3f40ae1efff4c5685ecea8f7a09,25/06/2023 22:20:59,ESCANER
21338,"Izabal",18,"Puerto Barrios",1,3313,380,15,88,40,33,8,10,0,3,1,2,4,4,3,9,2,2,4,2,230,26,3,259,0,259,--,380,121,230,259,259,Algún campo sin dato,1,675ef8d1138304b89afecba078c70c604dcf09527a201dbf2071c21c98ddf167,26/06/2023 01:42:31,ESCANER
21339,"Izabal",18,"Puerto Barrios",1,3313,380,11,90,49,22,7,8,0,2,1,4,5,1,1,1,5,4,7,3,221,37,9,267,0,267,--,380,113,221,267,267,Algún campo sin dato,1,655508c69de35ac28d5d7e20d5ca603808c5173caeb2eb09ea3c22cd8179a6f6,25/06/2023 23:35:37,ESCANER
21340,"Izabal",18,"Puerto Barrios",1,3313,380,9,83,39,25,6,11,1,3,0,4,6,1,3,5,3,6,5,6,216,35,2,253,0,253,--,380,127,216,253,253,Algún campo sin dato,1,7cfe51135d8e61f5e27c72d3b936da1cdaf65cd724e3118520df4b0a9b89ba17,26/06/2023 00:08:06,ESCANER
21341,"Izabal",18,"Puerto Barrios",1,3313,380,11,101,33,25,15,9,1,1,1,3,2,2,0,2,4,5,2,10,227,16,6,249,0,249,--,380,131,227,249,249,Algún campo sin dato,1,b1b33d8cddb3f1344f644a914641c89b89aa46fd7c9190c6cdc60da3f74d6a09,26/06/2023 00:55:30,ESCANER
21342,"Izabal",18,"Puerto Barrios",1,3313,380,10,83,31,21,9,12,0,3,0,3,4,1,3,3,3,0,5,3,194,22,0,216,0,216,--,380,164,194,216,216,Algún campo sin dato,1,4d74583d00bcdede0cca4a4a742b1ee1557a1696d60cc9caa433beaec777185d,26/06/2023 00:29:50,ESCANER
21343,"Izabal",18,"Puerto Barrios",1,3313,380,18,68,39,24,5,7,0,2,0,1,2,0,1,5,2,4,7,5,190,7,0,197,0,197,--,380,183,190,197,197,Algún campo sin dato,1,a9b03fb0742c5a8294f493991495199f71e82c822de01c9cc22fdba6f9f15b53,26/06/2023 02:34:04,ESCANER
21344,"Izabal",18,"Puerto Barrios",1,3313,380,12,76,37,17,14,11,0,0,2,0,0,0,2,1,7,4,7,1,191,10,0,201,0,201,--,377,176,191,201,201,Algún campo sin dato,1,3e381ded35bdc8be0766c95a9a63ef5c1f4012757167caa503d1ee3ca34dd7f8,26/06/2023 00:42:55,ESCANER
21345,"Izabal",18,"Puerto Barrios",1,3313,380,14,69,41,23,12,11,0,3,0,4,1,1,2,2,4,1,4,2,194,23,0,217,0,217,--,377,160,194,217,217,Algún campo sin dato,1,f4b985ba00889b82150c7a1361b0ae227a8ce2e73962c811d621902d7188dc10,26/06/2023 03:02:23,ESCANER
21346,"Izabal",18,"Puerto Barrios",1,3313,380,15,74,34,18,9,12,1,2,3,5,4,0,0,1,6,1,5,3,193,23,5,221,0,221,--,380,159,193,221,221,Algún campo sin dato,1,9d52eb4833ba4c0c36f2ddb3362d92bc7fddcceadeab4dea9c383445a7eb5cfe,26/06/2023 01:22:21,ESCANER
21347,"Izabal",18,"Puerto Barrios",1,3313,380,17,94,40,26,10,3,0,3,2,1,1,1,4,2,5,4,10,4,227,17,0,244,0,244,--,380,136,227,244,244,Algún campo sin dato,1,2a4022425e11a570778f8cb44b2c4336270f14c07c39aac11d4f593e179a6871,26/06/2023 00:34:58,ESCANER
21348,"Izabal",18,"Puerto Barrios",1,3313,380,13,82,34,32,8,14,0,2,3,2,6,1,3,2,3,6,3,5,219,23,2,244,0,244,--,380,136,219,244,244,Algún campo sin dato,1,3be098ac254784225dd7b3f6d5bc76080bfe4596e1f9c197928b37b2b8ad1226,26/06/2023 01:17:44,ESCANER
21349,"Izabal",18,"Puerto Barrios",1,3313,380,14,100,30,17,8,8,0,2,4,1,0,0,0,1,7,3,7,4,206,10,4,220,1,221,--,377,156,206,220,221,Algún campo sin dato,1,46439c4eb4caac6d880c11a8b9e0a468a8cc39cfa9cede964013c1c034974b8d,26/06/2023 01:49:52,ESCANER
21350,"Izabal",18,"Puerto Barrios",1,3313,380,16,81,37,18,9,8,0,1,1,0,2,0,4,3,3,0,2,5,190,24,1,215,0,215,--,380,165,190,215,215,Algún campo sin dato,1,b60fd05759870f00f4b60d75b0b9e6ba80cb8ec94cb6a8a179b76cf25aa4ea7b,25/06/2023 23:34:39,ESCANER
21351,"Izabal",18,"Puerto Barrios",1,3313,380,9,81,39,22,6,12,0,2,1,4,3,1,4,0,2,7,11,5,209,17,3,229,0,229,--,380,151,209,229,229,Algún campo sin dato,1,cdab22dac4ed0c998ba44aac16503d09484b690df84e0e9af3cf35a3c00578be,26/06/2023 02:24:31,ESCANER
21352,"Izabal",18,"Puerto Barrios",1,3313,380,--,--,--,--,--,--,--,--,--,--,--,--,--,--,--,--,--,--,--,--,--,--,--,--,--,--,--,,,,Acta ilegible,0,37d01651191e022d05bb4f3beedde28652ed0eedfb78989bece1d46f3dbf5e02,26/06/2023 04:24:30,ESCANER
21353,"Izabal",18,"Puerto Barrios",1,3313,380,12,100,42,20,10,8,0,2,2,2,1,0,3,5,2,3,3,3,218,18,2,238,1,239,--,380,142,218,238,239,Algún campo sin dato,1,bf438ff23f89bc2d3300fb8b437f3e5e74dc8e600d028d2612095492d11d2e02,26/06/2023 02:57:50,ESCANER
21354,"Izabal",18,"Puerto Barrios",1,3313,380,16,93,45,18,8,12,0,3,0,3,5,0,2,4,2,2,7,3,223,22,3,248,1,249,--,380,130,223,248,249,Algún campo sin dato,1,cbef43e3b7c209ef3d64969a927decf9e73e7b6c500a691dee0fefcf69eab08e,26/06/2023 02:52:16,ESCANER
21355,"Izabal",18,"Puerto Barrios",1,3313,380,11,88,40,23,9,8,1,2,0,1,1,0,1,1,7,0,2,7,202,22,3,227,0,227,--,379,152,202,227,227,Algún campo sin dato,1,c90b0d00d13fb860fee8c4e03e4a98711b72cf74715c3e4bb5d35ddb11d9ca2b,26/06/2023 00:20:11,ESCANER
21356,"Izabal",18,"Puerto Barrios",1,3313,380,14,100,35,17,13,11,0,4,0,3,3,1,4,6,2,2,2,6,223,17,1,241,0,241,--,380,139,223,241,241,Algún campo sin dato,1,b0ffe5c1f8175bcd49e49ed6b54bc156b5e453fed2df3cc8dc4498a8bba81eb1,26/06/2023 01:12:02,ESCANER
21357,"Izabal",18,"Puerto Barrios",1,3313,380,14,4,0,19,12,0,2,35,2,8,3,1,4,2,4,4,3,6,208,14,4,226,0,222,--,319,154,123,141,141,Sumas Asentadas sin cuadrar,1,14f62efd267d44e235aac481366b82f210f01d865fa905c6dafe32fae6852522,26/06/2023 04:12:27,ESCANER
21358,"Izabal",18,"Puerto Barrios",1,3313,380,7,93,39,21,5,16,0,1,0,4,2,0,4,4,5,2,11,2,216,18,1,235,0,235,--,379,144,216,235,235,Algún campo sin dato,1,12626753570a590d0360d0ab2ecb85ef7bf5ba52520428011df78195f45073ca,25/06/2023 23:19:02,ESCANER
21359,"Izabal",18,"Puerto Barrios",1,3314,380,9,91,39,16,11,16,0,0,0,5,4,0,3,1,3,0,5,5,208,24,147,379,1,380,--,380,145,208,379,380,Algún campo sin dato,1,963aefb5dc75011cf14cddeb4f8cc2f37a358a209c65512dbe9cee2aedf6695a,26/06/2023 03:18:53,ESCANER
21360,"Izabal",18,"Puerto Barrios",1,3314,380,16,92,35,21,10,14,1,1,0,3,1,0,7,2,5,1,4,5,218,15,3,236,1,237,0,392,155,218,236,237,,1,b5c7d06af68faa78deaae92677192d4a961ae8f2a0584629720e88b6cd60cde6,26/06/2023 03:38:52,ESCANER
21361,"Izabal",18,"Puerto Barrios",1,3314,380,15,81,48,20,6,13,0,5,0,1,2,0,3,2,2,4,5,5,212,17,2,231,0,231,--,380,149,212,231,231,Algún campo sin dato,1,25228cd4e99c13cd1cc6d693806b5186cd402e15c42bde87430b097f8f679d5b,26/06/2023 00:59:19,ESCANER
21362,"Izabal",18,"Puerto Barrios",1,3314,380,15,87,33,21,3,10,0,1,0,1,3,0,4,3,8,2,7,2,200,26,1,227,0,227,--,380,153,200,227,227,Algún campo sin dato,1,2cd75b2c93d458b75b9d4d78d0752bc94afa324378a76a8d00e08a03f1d84c62,26/06/2023 03:59:56,ESCANER
21363,"Izabal",18,"Puerto Barrios",1,3314,380,10,80,36,21,6,9,1,1,2,2,2,1,2,1,0,1,6,2,183,13,3,199,4,203,--,382,179,183,199,203,Algún campo sin dato,1,dcacda2574c0f9815c5b1d534cfa8b46961806d3535215fd9200c02e86613311,26/06/2023 01:43:09,ESCANER
21364,"Izabal",18,"Puerto Barrios",1,3314,380,7,63,44,17,12,9,0,1,1,1,2,2,0,4,5,2,4,3,177,19,0,196,0,196,--,380,184,177,196,196,Algún campo sin dato,1,dd5912c402c34fc070d4ffee7c6e35896dbdf3f9d9907038c44a3d81bb529f2d,25/06/2023 23:27:42,ESCANER
21365,"Izabal",18,"Puerto Barrios",1,3314,380,18,73,35,24,7,10,--,1,1,1,2,--,1,--,5,4,7,4,193,17,1,211,--,211,1,379,166,193,211,211,Algún campo sin dato,1,e12119760e2ddd35e47f02a9c3756f96a1bc2f553325a6c5bec87c3f842a2b24,26/06/2023 02:22:07,ESCANER
21366,"Izabal",18,"Puerto Barrios",1,3314,380,18,71,48,16,5,6,--,--,2,1,2,3,5,2,3,5,4,2,193,22,2,217,0,217,--,380,163,193,217,217,Algún campo sin dato,1,df2271d4596b37f20731ec6811f208cfda7a0924f6933afa0fd2ae9f74335299,26/06/2023 02:11:11,ESCANER
21367,"Izabal",18,"Puerto Barrios",1,3314,380,13,56,31,30,12,9,0,2,0,2,3,1,2,3,6,1,3,3,17,10,0,187,0,187,--,379,192,177,187,187,Sumas Asentadas sin cuadrar,1,9122bd4a5485bfc7376b35cd73221842849bec09609bf39eda66048a1ed0eca3,25/06/2023 23:18:06,ESCANER
21368,"Izabal",18,"Puerto Barrios",1,3314,380,11,76,40,20,4,11,1,1,1,2,2,0,5,0,8,2,9,3,196,10,0,206,0,206,--,380,174,196,206,206,Algún campo sin dato,1,157f204eb08979174e872547a9bef884c453573ba5ba9aa14c1e02ed28d66322,26/06/2023 01:05:55,ESCANER
21369,"Izabal",18,"Puerto Barrios",1,3314,380,13,78,37,21,12,7,0,3,0,2,3,0,2,2,13,0,1,4,198,14,0,212,0,212,--,380,168,198,212,212,Algún campo sin dato,1,f4cb889d1c468e2359258135db1ac070128a2ebf027fd077d9bfee868f545c51,26/06/2023 02:53:05,ESCANER
21370,"Izabal",18,"Puerto Barrios",1,3314,380,15,90,48,28,15,5,1,0,0,1,3,1,0,2,9,2,8,5,233,15,0,248,0,249,1,380,131,233,248,248,Sumas Asentadas sin cuadrar,1,901176398bf2d7c97032b89dd846c4b771205cb301499f52a807682cc7105317,26/06/2023 03:50:34,ESCANER
21371,"Izabal",18,"Puerto Barrios",1,3314,380,12,86,46,23,15,10,0,0,2,0,1,2,2,2,7,3,3,4,218,10,0,228,0,228,--,380,152,218,228,228,Algún campo sin dato,1,28c1e502a20b3d0b867f78395371d12b44d6eb0a722f018116a8aad7b1619684,26/06/2023 00:21:58,ESCANER
21372,"Izabal",18,"Puerto Barrios",1,3314,380,12,77,44,33,8,7,0,3,2,0,3,0,2,4,7,1,4,3,234,24,0,234,0,234,--,380,143,210,234,234,Sumas Asentadas sin cuadrar,1,16562c7c6133849bf36c24aa579d623417732a9eb2a1aff5b8089f307e22396f,26/06/2023 01:59:32,ESCANER
21373,"Izabal",18,"Puerto Barrios",1,3315,380,8,97,39,24,13,8,0,0,0,0,1,1,1,2,10,2,2,5,212,8,0,220,2,222,--,380,158,213,221,223,Sumas Asentadas sin cuadrar,1,8b485553b2a0d74cd6905d9fb29589905709bd76f89a3fcdd048f0f6cc2b77f4,25/06/2023 23:49:58,ESCANER
21374,"Izabal",18,"Puerto Barrios",1,3315,380,8,80,36,18,7,4,0,2,1,1,7,1,2,1,7,2,5,2,184,12,0,196,0,196,--,376,180,184,196,196,Algún campo sin dato,1,1a5d8223fe8c63ef177b88eb1ca468d42b43a7b8ccbe56ec6b42f288c254e738,26/06/2023 02:33:45,ESCANER
21375,"Izabal",18,"Puerto Barrios",1,3315,380,7,65,31,22,9,10,1,2,2,0,3,0,1,0,7,2,5,0,167,7,1,175,0,175,--,380,205,167,175,175,Algún campo sin dato,1,a884bc134c20298dd5d8fa0e8db17e243e221dfe741f82027249e8621ab89683,26/06/2023 02:50:40,ESCANER
21376,"Izabal",18,"Puerto Barrios",1,3315,380,7,56,40,18,8,7,0,0,3,2,4,0,4,1,5,0,5,3,163,7,1,171,0,171,--,383,212,163,171,171,Algún campo sin dato,1,c5517844adbd69f1d9cb588ac613f35f5fe2c647dc0dcee8fdeb4d9c9974aacb,25/06/2023 23:58:11,ESCANER
21377,"Izabal",18,"Puerto Barrios",1,3315,380,16,66,31,19,7,10,0,1,3,1,0,0,0,0,5,0,0,3,162,17,1,180,0,180,2,377,197,162,180,180,,1,372f4742a88bd4ccb28a9e3a017535423b945169ee18e13bc6167d149bdcd947,25/06/2023 23:42:18,ESCANER
21378,"Izabal",18,"Puerto Barrios",1,3315,264,6,47,26,14,8,1,0,2,1,0,3,0,0,1,5,2,4,3,123,7,2,132,0,132,--,261,129,123,132,132,Algún campo sin dato,1,a92d0df693dc89872bcdf320116a6a26ea6fffb9a20e3714397670671a01317b,25/06/2023 22:51:36,ESCANER
21379,"Izabal",18,"Puerto Barrios",1,3315,264,5,25,18,10,3,6,0,0,2,0,1,0,1,2,1,0,0,3,77,5,0,82,179,261,--,261,179,77,82,261,Algún campo sin dato,1,003258111e7fe52ba65ff72d777cf624361d07e012f073a7ee28ad42604a2f34,25/06/2023 23:34:51,ESCANER
21380,"Izabal",18,"Puerto Barrios",1,3316,380,4,24,136,10,2,14,3,2,4,3,4,1,7,0,1,1,0,0,216,23,5,244,0,244,--,380,134,216,244,244,Algún campo sin dato,1,f18bc25d9576e0ce3e94c583f7d9822bb4f2380b8230708afa73257a4e7d7610,26/06/2023 01:37:28,ESCANER
21381,"Izabal",18,"Puerto Barrios",1,3316,327,3,28,100,10,1,14,1,2,3,1,2,0,1,1,0,2,0,2,171,11,11,--,--,193,--,327,134,171,193,193,Algún campo sin dato,1,a6ca92b5c73c5df187f11533f2f447900463096f22101a48d1b87140bee4dd70,26/06/2023 02:59:56,ESCANER
21382,"Izabal",18,"Puerto Barrios",1,3316,326,4,27,102,2,0,16,1,1,1,2,1,0,0,0,0,2,0,0,159,11,6,0,0,176,--,326,150,159,176,176,Algún campo sin dato,1,886734c0c3a63338d468eb8b5ef4e3280a18aae5242cf9039691376b5f0d9f99,26/06/2023 01:23:37,ESCANER
21383,"Izabal",18,"Puerto Barrios",1,3317,380,13,46,94,3,0,14,0,1,0,1,3,0,0,2,1,2,0,1,181,22,7,210,0,210,--,380,170,181,210,210,Algún campo sin dato,1,929e68e456b5c5babe0592d2727a5cabb356bb5365ba15acc51e5536c1297c93,26/06/2023 00:27:03,ESCANER
21384,"Izabal",18,"Puerto Barrios",1,3317,309,13,27,72,8,4,9,2,3,1,2,1,0,1,0,2,0,0,2,147,20,3,170,0,170,--,309,139,147,170,170,Algún campo sin dato,1,2ee1573a0641ad9b7b5a34fef8fe859facb0f2d0e9732ac419a862976db06209,25/06/2023 23:37:31,ESCANER
21385,"Izabal",18,"Puerto Barrios",1,3317,309,2,27,66,1,0,7,0,2,1,2,4,0,1,0,0,0,0,1,114,14,3,131,0,131,--,309,178,114,131,131,Algún campo sin dato,1,94369bbcdee53a60b0c6c712cffb600f2edce73a923933eaa4f0ea1082d0fc96,25/06/2023 23:48:13,ESCANER
21386,"Izabal",18,"Puerto Barrios",1,3318,380,12,44,92,8,5,18,0,3,4,3,3,0,3,2,3,2,1,3,206,28,9,243,0,243,--,377,134,206,243,243,Algún campo sin dato,1,ee0e9f85b1cd6648df0fffc6090b9a2a9589218f7398d013e4b0ad61b007b927,26/06/2023 02:05:53,ESCANER
21387,"Izabal",18,"Puerto Barrios",1,3318,380,12,53,96,8,11,16,4,5,4,6,1,2,3,2,1,1,1,5,231,32,5,268,--,268,--,380,112,231,268,268,Algún campo sin dato,1,8a03fa0276a8157aa45e471d104fb16f7f13c0bbfe1b47d614151f6d6a2c9dc8,26/06/2023 01:34:51,ESCANER
21388,"Izabal",18,"Puerto Barrios",1,3318,380,13,52,83,11,8,14,3,2,1,3,5,0,0,0,1,1,1,4,202,36,0,238,1,239,1,377,138,202,238,239,,1,2d487ab0653e273fd61de4c51bbead54db775fb5aecb4239fcb5489e6515bcb5,26/06/2023 01:56:46,ESCANER
21389,"Izabal",18,"Puerto Barrios",1,3318,366,15,51,75,8,9,9,1,2,2,6,1,0,1,1,0,0,0,0,181,29,4,214,0,214,--,363,150,181,214,214,Algún campo sin dato,1,7ff22693c5426a292a541b75cfa8f2f562c9defa7359bf3704344a8f85e840aa,26/06/2023 00:18:16,ESCANER
21390,"Izabal",18,"Puerto Barrios",1,3318,366,11,36,99,8,5,9,0,1,0,0,3,0,0,0,4,1,0,2,179,12,3,194,0,194,--,366,172,179,194,194,Algún campo sin dato,1,a24f35ddd311e4400166e5734f44aed43672a2cd08d01569b59d7d090166aabc,25/06/2023 23:25:15,ESCANER
21391,"Izabal",18,"Puerto Barrios",1,3319,380,11,51,87,23,7,4,1,4,1,5,17,0,5,0,6,0,1,2,225,26,6,257,0,257,--,380,123,225,257,257,Algún campo sin dato,1,27052ef8147510202c2d7efdebc21cc1d3e878a354549ace557e47a06f8e3236,26/06/2023 01:47:28,ESCANER
21392,"Izabal",18,"Puerto Barrios",1,3319,284,5,33,63,21,1,4,3,3,1,3,13,0,4,1,8,3,0,2,168,14,1,183,--,183,--,284,101,168,183,183,Algún campo sin dato,1,d49b093a9e49fb769565ad13e64009f49888270c79b4267da700513c69ecbcec,25/06/2023 23:27:31,ESCANER
21393,"Izabal",18,"Puerto Barrios",1,3319,284,14,31,62,9,6,2,2,0,1,3,7,0,3,2,6,1,1,3,153,9,3,165,0,165,--,284,119,153,165,165,Algún campo sin dato,1,d75e9e8fd97d2bdb564cbcf72ca2945af7d5ec5ae49c31ae99d97bdad7ded819,26/06/2023 00:23:11,ESCANER
21394,"Izabal",18,"Puerto Barrios",1,3320,380,37,19,42,10,1,13,1,11,0,0,1,2,37,1,1,0,0,4,180,28,9,217,0,217,--,377,160,180,217,217,Algún campo sin dato,1,c23aa7afe73b3241763fde698661a6a40c79168db40fe5adaec34f032d7417df,26/06/2023 03:40:38,MOVIL
21395,"Izabal",18,"Puerto Barrios",1,3320,216,7,10,14,7,1,1,1,3,0,0,1,0,22,0,1,0,0,0,68,14,4,86,0,86,--,214,131,68,86,86,Algún campo sin dato,1,a97b55867ee62be10d898ef829a249810de0272c94c3f69d547dcb1e8ba79470,26/06/2023 00:30:36,MOVIL
21396,"Izabal",18,"Puerto Barrios",1,3320,216,8,5,21,4,0,1,0,14,0,0,0,0,20,1,0,0,0,1,75,11,2,88,0,88,--,211,126,75,88,88,Algún campo sin dato,1,7c011ef8090f10c0bfac7fbe6571fa99e2ff5438acaa659394bfde9806cb106e,26/06/2023 00:00:00,MOVIL