﻿TIPO_DE_ELECCIÓN:,CORPORACIÓN MUNICIPAL
28 junio 2023 21:35 (UTC -6)
ACTAS_ESPERADAS,ACTAS_CAPTURADAS,PORCENTAJE_ACTAS_CAPTURADAS,ACTAS_CONTABILIZADAS,PORCENTAJE_ACTAS_CONTABILIZADAS,ACTAS_NO_CONTABILIZADAS,LISTA_NOMINAL_ACTAS_CONTABILIZADAS,VOTOS_EMITIDOS_CONTABILIZADAS,PORCENTAJE_PARTICIPACIÓN_CIUDADANA
27,27,100.0000,27,100.0000,0,9934,6399,64.4151

MESA,DEPARTAMENTO,ID_DEPARTAMENTO,MUNICIPIO,ID_MUNICIPIO,CENTRO_DE_VOTACIÓN,PADRÓN,UNE,VAMOS,BIEN,VÁLIDOS,NULOS,BLANCO,EMITIDOS,INVÁLIDOS,TOTAL,IMPUGNACIONES,PAPELETAS-RECIBIDAS,PAPELETAS-NO-USADAS,VALIDOS_CALCULADO,EMITIDOS_CALCULADO,TOTAL_CALCULADO,OBSERVACIONES,CONTABILIZADA,CÓDIGO_INTEGRIDAD,FECHA_HORA_PUBLICACIÓN,DIGITALIZACIÓN
15825,"Huehuetenango",13,"San Rafael La Independencia",14,2311,400,135,139,1,275,4,1,280,0,280,--,399,119,275,280,280,Algún campo sin dato,1,c432c0d057083100fb04b4526d15aa8c6f8de72816864a156165c328c98b575b,25/06/2023 22:57:16,ESCANER
15826,"Huehuetenango",13,"San Rafael La Independencia",14,2311,400,138,139,0,277,3,2,282,0,282,--,400,118,277,282,282,Algún campo sin dato,1,428847093606d419e6359d5a0bb1a7f1440ee3d155ec028d46a0dad83cfc2f58,26/06/2023 00:36:55,ESCANER
15827,"Huehuetenango",13,"San Rafael La Independencia",14,2311,400,129,142,1,272,2,6,280,0,280,--,400,120,272,280,280,Algún campo sin dato,1,44746d1aef013f4035441eb37d8bbc9eebfa7186872a0114788afa01de332133,25/06/2023 23:42:10,ESCANER
15828,"Huehuetenango",13,"San Rafael La Independencia",14,2311,400,131,171,0,302,5,1,308,0,308,--,400,92,302,308,308,Algún campo sin dato,1,6e66ee3559c12c66b0490a3fc3d36d1599990b9d4eddd3139bef8aae274fe4c2,25/06/2023 23:24:42,ESCANER
15829,"Huehuetenango",13,"San Rafael La Independencia",14,2311,400,123,124,0,247,0,1,248,0,248,--,400,152,247,248,248,Algún campo sin dato,1,2027665adfb4d5547a32be0952249f9f5904ac029c4811576344ae9017b1c207,26/06/2023 00:44:26,ESCANER
15830,"Huehuetenango",13,"San Rafael La Independencia",14,2311,400,112,112,1,225,0,2,227,2,229,--,400,171,225,227,229,Algún campo sin dato,1,2a871c8358865bb46562eb1a274e353e169ce6c97289b6fce1bc9e883280a5f6,26/06/2023 00:53:35,ESCANER
15831,"Huehuetenango",13,"San Rafael La Independencia",14,2312,400,148,113,3,264,2,4,270,0,270,--,400,130,264,270,270,Algún campo sin dato,1,e0d8443ee8d7d096f9bdacd9163414bb818123bbdd52cb7ed3389a3d12431161,26/06/2023 04:19:44,ESCANER
15832,"Huehuetenango",13,"San Rafael La Independencia",14,2312,400,140,145,0,285,2,0,287,0,287,--,400,113,285,287,287,Algún campo sin dato,1,033b8d30e7475e87f1965eb918535d8285d40fc18875e4736e9cc8b88913a948,25/06/2023 23:14:49,ESCANER
15833,"Huehuetenango",13,"San Rafael La Independencia",14,2312,400,152,141,2,295,2,2,299,0,299,--,400,101,295,299,299,Algún campo sin dato,1,9d152c9aa035e9f4d63bf86c4aa8515e6bb7e02a329d3eb30b08569e0d76c666,26/06/2023 00:08:32,ESCANER
15834,"Huehuetenango",13,"San Rafael La Independencia",14,2312,201,81,61,1,143,0,2,145,0,145,--,201,56,143,145,145,Algún campo sin dato,1,10fededa16a1b80ec29318088ceabc2a5bbbbd29454914ec4d70ece61c8fc8a5,25/06/2023 23:07:06,ESCANER
15835,"Huehuetenango",13,"San Rafael La Independencia",14,2312,200,49,47,1,97,2,0,99,0,99,--,200,101,97,99,99,Algún campo sin dato,1,5e1b8190429a778fe69a26cd838468dd1e8933ba3f8dd6f6d6472a39583e329b,25/06/2023 23:40:02,ESCANER
15836,"Huehuetenango",13,"San Rafael La Independencia",14,2313,400,179,100,1,280,2,3,285,0,285,--,400,115,280,285,285,Algún campo sin dato,1,ae6e685a28debc0346bb12e91892dd4f493f0e86ff01e55584dbd19981d24050,26/06/2023 03:57:40,ESCANER
15837,"Huehuetenango",13,"San Rafael La Independencia",14,2313,400,133,153,4,290,4,2,296,0,296,--,400,104,290,296,296,Algún campo sin dato,1,8740811044c61c966aae8d5987e295905b86a8bc7d6d24796d940b9a5a42de36,26/06/2023 01:52:37,ESCANER
15838,"Huehuetenango",13,"San Rafael La Independencia",14,2313,400,146,150,1,297,2,2,301,0,301,--,400,99,297,301,301,Algún campo sin dato,1,3d6e731028be78d1439cc2bba9687391116ae0c85981b39ae941619f93443302,26/06/2023 00:51:26,ESCANER
15839,"Huehuetenango",13,"San Rafael La Independencia",14,2313,400,119,174,2,295,1,1,297,0,400,--,400,103,295,297,297,Sumas Asentadas sin cuadrar,1,dff40010d938c8b27c5cfbfe721c92eeee5e25ba669c0d7504989f1f898a2264,26/06/2023 04:12:00,ESCANER
15840,"Huehuetenango",13,"San Rafael La Independencia",14,2313,400,108,128,0,236,4,3,243,0,243,--,400,157,236,243,243,Algún campo sin dato,1,7b3e782b7f6de923fef270b5cf4a2b65468e3dd478c62480ffd624abaa25173e,26/06/2023 01:22:43,ESCANER
15841,"Huehuetenango",13,"San Rafael La Independencia",14,2313,400,112,105,2,219,0,4,223,0,223,--,401,178,219,223,223,Algún campo sin dato,1,9a228b5aa449f20775f337db9fb22035badd61404ef663152dd8b56af584f3a9,26/06/2023 01:27:31,ESCANER
15842,"Huehuetenango",13,"San Rafael La Independencia",14,2313,400,107,143,0,250,4,3,257,0,257,--,400,143,250,257,257,Algún campo sin dato,1,ab5d8181c87b0c2ce2768f0d0b879558a485562768ccaf0699134b32d252708a,25/06/2023 23:42:54,ESCANER
15843,"Huehuetenango",13,"San Rafael La Independencia",14,2313,356,110,146,0,256,1,0,257,0,257,--,356,99,256,257,257,Algún campo sin dato,1,1570ec7f398d42c1684ac49cee90389b4cc559fcbba30e5f9eb6883c1f645afb,26/06/2023 01:05:00,ESCANER
15844,"Huehuetenango",13,"San Rafael La Independencia",14,2313,356,105,95,3,203,3,1,207,0,207,--,356,149,203,207,207,Algún campo sin dato,1,58e76ad098338e94e65db0ba5d01c99eaade850d645a14aba6cdd4b0ef3f25ea,25/06/2023 22:19:16,ESCANER
15845,"Huehuetenango",13,"San Rafael La Independencia",14,2314,380,155,128,2,285,4,6,295,0,295,--,383,88,285,295,295,Algún campo sin dato,1,40bd92162f2c2eb7a2956f3d37eb42fb041d393d1a52516bda7802b0106f7c16,26/06/2023 04:10:56,ESCANER
15846,"Huehuetenango",13,"San Rafael La Independencia",14,2314,380,158,134,0,292,3,3,298,0,298,--,380,82,292,298,298,Algún campo sin dato,1,921ddbb325a388a25eb32d402cc076e64de174b995e471ed96e89f6a501c8369,26/06/2023 00:06:31,ESCANER
15847,"Huehuetenango",13,"San Rafael La Independencia",14,2314,380,123,113,0,236,3,2,241,0,241,--,380,139,236,241,241,Algún campo sin dato,1,cf25683a1a3695d3c49ec2ce2edc5cfc7567313b1085c4f79939422cb847817d,26/06/2023 01:19:50,ESCANER
15848,"Huehuetenango",13,"San Rafael La Independencia",14,2315,339,115,97,0,212,0,1,213,0,213,--,339,126,212,213,213,Algún campo sin dato,1,fac5953a40af154bc59987b3ef19942b44e2127c1f6f56d586275fede3b600ee,25/06/2023 23:40:32,ESCANER
15849,"Huehuetenango",13,"San Rafael La Independencia",14,2315,339,122,106,0,228,0,0,228,0,228,--,339,111,228,228,228,Algún campo sin dato,1,f434471c187f614248dc8395284f11a3b5ba50fff0959b59e1d5de79807e4809,25/06/2023 22:58:53,ESCANER
15850,"Huehuetenango",13,"San Rafael La Independencia",14,2316,302,15,5,0,20,0,0,20,0,20,--,302,282,20,20,20,Algún campo sin dato,1,9c5b5bdabd2e07c4675ff84d831774e9e26ac43e58fa251124c6499702167a7d,25/06/2023 22:18:50,ESCANER
15851,"Huehuetenango",13,"San Rafael La Independencia",14,2316,301,8,5,0,13,0,0,13,0,13,--,301,288,13,13,13,Algún campo sin dato,1,e05137a563c218a5c043693afd72b16afe1c41c2590c8960658d5e1494ba7cd9,25/06/2023 20:07:28,ESCANER