﻿TIPO_DE_ELECCIÓN:,CORPORACIÓN MUNICIPAL
28 junio 2023 21:35 (UTC -6)
ACTAS_ESPERADAS,ACTAS_CAPTURADAS,PORCENTAJE_ACTAS_CAPTURADAS,ACTAS_CONTABILIZADAS,PORCENTAJE_ACTAS_CONTABILIZADAS,ACTAS_NO_CONTABILIZADAS,LISTA_NOMINAL_ACTAS_CONTABILIZADAS,VOTOS_EMITIDOS_CONTABILIZADAS,PORCENTAJE_PARTICIPACIÓN_CIUDADANA
48,48,100.0000,48,100.0000,0,16767,9195,54.8398

MESA,DEPARTAMENTO,ID_DEPARTAMENTO,MUNICIPIO,ID_MUNICIPIO,CENTRO_DE_VOTACIÓN,PADRÓN,CAMBIO,UNE,VAMOS,CABAL,AZUL,VALOR UNIONISTA,VÁLIDOS,NULOS,BLANCO,EMITIDOS,INVÁLIDOS,TOTAL,IMPUGNACIONES,PAPELETAS-RECIBIDAS,PAPELETAS-NO-USADAS,VALIDOS_CALCULADO,EMITIDOS_CALCULADO,TOTAL_CALCULADO,OBSERVACIONES,CONTABILIZADA,CÓDIGO_INTEGRIDAD,FECHA_HORA_PUBLICACIÓN,DIGITALIZACIÓN
23008,"Chiquimula",20,"Ipala",11,3615,400,103,33,31,10,9,3,189,0,4,193,29,222,--,397,175,189,193,222,Algún campo sin dato,1,bd9cf9d18d031f54eed2f4cae9fec2e5ba785103f36eb44f12de41654c0b0107,26/06/2023 03:23:04,ESCANER
23009,"Chiquimula",20,"Ipala",11,3615,400,85,47,36,18,15,5,206,28,7,241,0,241,--,400,159,206,241,241,Algún campo sin dato,1,8f5fe98393a51435d4ac85b059b57aa55e5cdbecfdeb5874dd6d4ad82fe50e62,26/06/2023 03:40:48,ESCANER
23010,"Chiquimula",20,"Ipala",11,3615,400,97,14,76,11,8,5,211,22,10,243,0,243,--,400,157,211,243,243,Algún campo sin dato,1,c7be64ea67e96d42d9a6914455993e5740bc36656686eeb1f6655531eac805cc,26/06/2023 03:49:53,ESCANER
23011,"Chiquimula",20,"Ipala",11,3615,400,78,33,34,9,12,4,170,14,3,187,0,187,--,397,210,170,187,187,Algún campo sin dato,1,9bb64d13153b5f24434091267880133f4ac44b8a11fe68bb810da4f079969e46,26/06/2023 04:01:13,ESCANER
23012,"Chiquimula",20,"Ipala",11,3615,216,56,15,23,4,7,0,105,5,1,111,0,111,--,216,105,105,111,111,Algún campo sin dato,1,522db7f4d6dfa059b5b1e7253d0f06aa1d0b775a1c24f1a03f653932f81b52b7,26/06/2023 02:03:57,ESCANER
23013,"Chiquimula",20,"Ipala",11,3615,215,57,8,21,4,8,1,99,5,1,105,0,105,--,215,110,99,105,105,Algún campo sin dato,1,f163f79860754f70a55ee9e60a5347d4f96ae5205975a38463f9de9cbe86e53c,26/06/2023 04:08:26,ESCANER
23014,"Chiquimula",20,"Ipala",11,3616,400,114,35,52,4,11,5,221,21,11,253,0,253,--,400,147,221,253,253,Algún campo sin dato,1,22431443e21d44afeedb954998b1b8e1e3cf982dd6b767afcf81807198e3d7da,26/06/2023 04:23:00,ESCANER
23015,"Chiquimula",20,"Ipala",11,3616,400,94,36,47,3,8,4,192,15,7,214,0,214,--,400,186,192,214,214,Algún campo sin dato,1,9de7f1851223e535bb02e97bd4257afb8d477976be21a00531160d65a3236e22,26/06/2023 03:28:29,ESCANER
23016,"Chiquimula",20,"Ipala",11,3616,205,52,17,20,1,6,3,99,4,3,106,0,106,--,205,99,99,106,106,Algún campo sin dato,1,e2e40cadcfe0ca8cd24c90d0489d14a958565e5a786db80fd89b868acc90f34b,26/06/2023 04:21:57,ESCANER
23017,"Chiquimula",20,"Ipala",11,3616,204,57,14,20,1,1,3,96,2,2,100,0,100,--,204,104,96,100,100,Algún campo sin dato,1,3d0d9947e5fa6945bdaa6c5b69eb392b88a28e57e68d94ff5873010fc0923836,26/06/2023 04:10:32,ESCANER
23018,"Chiquimula",20,"Ipala",11,3617,400,108,33,17,7,10,3,178,15,7,200,0,200,--,400,200,178,200,200,Algún campo sin dato,1,b2ba6557138287d0788a0cbebfc1a286002a069d375121c1e07c35a99dcbc301,26/06/2023 02:05:58,ESCANER
23019,"Chiquimula",20,"Ipala",11,3617,400,132,31,39,7,11,6,226,18,8,252,0,252,--,400,148,226,252,252,Algún campo sin dato,1,24b6c636aaac8cffd6a388285aab4e4555c1fa1c1df818d0634df3bee4ac1fc8,26/06/2023 02:08:17,ESCANER
23020,"Chiquimula",20,"Ipala",11,3617,400,111,31,46,7,9,1,205,9,5,219,0,219,--,400,181,205,219,219,Algún campo sin dato,1,3fc3f14dbbe11ab07580558cc28b7ecaebb3365a235dab042a26feb92f3359f8,26/06/2023 02:26:09,ESCANER
23021,"Chiquimula",20,"Ipala",11,3617,217,75,13,14,8,5,3,118,5,0,123,2,125,--,217,92,118,123,125,Algún campo sin dato,1,a1287826f07ee1f792194c15bc6973bbf7daad9b381759fffb585a694fad1ef2,26/06/2023 02:13:45,ESCANER
23022,"Chiquimula",20,"Ipala",11,3617,217,63,16,22,2,5,5,113,3,0,116,0,116,--,217,101,113,116,116,Algún campo sin dato,1,791569f5e9b4f115e0e84c4ba3063b422ea7cb8bfb38a35a8c7a02e9ad87aecd,26/06/2023 02:15:41,ESCANER
23023,"Chiquimula",20,"Ipala",11,3618,400,71,67,69,7,26,6,246,13,6,265,0,265,--,400,135,246,265,265,Algún campo sin dato,1,2fac93cd48bfc6aa68fc098a85b4cc743baae750b311dc5b4aafb52f031aabc9,26/06/2023 04:15:38,ESCANER
23024,"Chiquimula",20,"Ipala",11,3618,325,66,28,57,7,12,3,173,15,5,193,0,193,--,325,132,173,193,193,Algún campo sin dato,1,37dcdd708816cb3fa6632fb47e8e04c0461bc76a9ea7f7a5affd8722d33c3a20,26/06/2023 05:50:17,ESCANER
23025,"Chiquimula",20,"Ipala",11,3618,325,66,43,45,1,26,4,185,6,1,192,0,192,--,325,133,185,192,192,Algún campo sin dato,1,8ecdb0c72cbf0e2c2527ca02a5ebab4e70b95e9e7942fdac836422ffc1bdbc98,26/06/2023 02:31:55,ESCANER
23026,"Chiquimula",20,"Ipala",11,3619,400,121,45,30,7,8,13,224,5,1,230,0,230,--,400,167,224,230,230,Algún campo sin dato,1,e4af2557e6ecf827ffcad2edfc7e034e93228c8de01535147ceb4cff78ec5619,26/06/2023 02:33:14,ESCANER
23027,"Chiquimula",20,"Ipala",11,3619,400,132,47,81,1,10,9,280,6,4,290,0,290,--,400,110,280,290,290,Algún campo sin dato,1,b6327c681609a19d391835faf16140e8a13fd5c70b2323132d9e51e990c9ed6b,26/06/2023 02:53:40,ESCANER
23028,"Chiquimula",20,"Ipala",11,3619,400,110,42,48,6,17,4,227,9,4,0,0,240,--,400,160,227,240,240,Algún campo sin dato,1,b841b4053f54bc5be4d928052b4732ad107ec86f95b8025af332053b9a6f3b4c,26/06/2023 04:40:32,ESCANER
23029,"Chiquimula",20,"Ipala",11,3619,318,96,35,26,8,8,8,181,4,0,185,0,185,--,318,133,181,185,185,Algún campo sin dato,1,14b76fd60f6053a5729b85a0c1407fa346947b2b0b4e341f433b7a067167339b,26/06/2023 02:57:25,ESCANER
23030,"Chiquimula",20,"Ipala",11,3619,318,82,26,36,8,10,5,167,2,1,170,--,--,--,--,--,167,170,170,Algún campo sin dato,1,2008d8cdca9e5f812ee072c51ae025f2657cc83036a62d8d6b101136b67953a1,26/06/2023 03:05:01,ESCANER
23031,"Chiquimula",20,"Ipala",11,3620,400,139,45,63,5,5,12,269,14,1,284,0,284,--,400,116,269,284,284,Algún campo sin dato,1,b93e33ae91fd21582abf8a31eee46da9d341a43f92332a5fb048eb6c14d37ae4,26/06/2023 04:50:44,ESCANER
23032,"Chiquimula",20,"Ipala",11,3620,400,117,38,97,5,10,9,276,15,5,296,0,296,--,400,104,276,296,296,Algún campo sin dato,1,f0d93464c54b5af422001fd8b8756a01bea63ac7778955498b60d2d736664d3b,26/06/2023 05:13:27,ESCANER
23033,"Chiquimula",20,"Ipala",11,3620,400,136,33,55,4,10,8,246,4,0,250,1,251,--,401,149,246,250,251,Algún campo sin dato,1,df0871071b4e806217684fb119ad954b64991e939ddff94b7b86d993f00f0195,26/06/2023 04:19:01,ESCANER
23034,"Chiquimula",20,"Ipala",11,3620,276,89,18,53,6,5,6,177,2,1,180,0,180,--,176,96,177,180,180,Algún campo sin dato,1,0f1d2a55fa936cb7b3d17e4018b0a0ee7ed70d220eeadb50fa6023b6b5cff63c,26/06/2023 05:38:13,ESCANER
23035,"Chiquimula",20,"Ipala",11,3620,275,88,16,47,4,9,2,166,4,0,170,0,170,--,275,105,166,170,170,Algún campo sin dato,1,09e47bf7fb1a4e04e710a0696789ed1832d969af8251d0188648af3778cb92d6,26/06/2023 03:47:58,ESCANER
23036,"Chiquimula",20,"Ipala",11,3621,286,69,36,51,3,6,5,170,6,2,178,0,178,--,286,108,170,178,178,Algún campo sin dato,1,c12c04e22d63bf551174baae674c68adc06a46bd8ddcd4e4df4fd6cce253d883,26/06/2023 04:32:28,ESCANER
23037,"Chiquimula",20,"Ipala",11,3622,400,114,53,30,3,11,2,213,24,9,246,0,246,--,400,154,213,246,246,Algún campo sin dato,1,24ef3caac809379e1e7b9df4038b47cbf73f73ebfeb53ca68d3c12cd49da2ab7,26/06/2023 03:57:45,ESCANER
23038,"Chiquimula",20,"Ipala",11,3622,400,128,39,41,7,15,2,232,16,9,257,--,257,--,397,140,232,257,257,Algún campo sin dato,1,e34a8604537206e24a52bb8511fbfcfdc39f2537ae9f2df9b2f18ad9f8c2f13a,26/06/2023 04:05:40,ESCANER
23039,"Chiquimula",20,"Ipala",11,3622,400,149,24,59,4,10,6,252,15,5,272,0,272,--,400,128,252,272,272,Algún campo sin dato,1,2fc2c0affbeb726c8881f4d7c3d4a44ea3b96d729d14288524a287ba92971b5e,26/06/2023 03:52:08,ESCANER
23040,"Chiquimula",20,"Ipala",11,3622,319,106,29,22,5,10,3,175,5,0,180,0,180,--,316,136,175,180,180,Algún campo sin dato,1,391db17445f6664e31f37bb48c0368385bbd50e8bcdd46b30b77af5dbf32552b,26/06/2023 04:25:30,ESCANER
23041,"Chiquimula",20,"Ipala",11,3622,319,103,20,27,5,7,1,163,1,0,164,1,165,--,319,154,163,164,165,Algún campo sin dato,1,64fa5885790e454d417a5bcdeb66f864b1d1457eb201c2b436f9be04445434c1,26/06/2023 04:34:23,ESCANER
23042,"Chiquimula",20,"Ipala",11,3623,400,97,53,51,10,8,2,215,21,9,245,0,245,--,400,155,221,251,251,Sumas Asentadas sin cuadrar,1,8cd8a6b18e898ed896450c95c47b952dc4f3c3755f4476909e36c50670cb71aa,26/06/2023 02:24:32,ESCANER
23043,"Chiquimula",20,"Ipala",11,3623,400,93,67,39,9,12,4,224,32,13,269,0,269,--,400,131,224,269,269,Algún campo sin dato,1,1df2b9b3eecfbe480a4e4b7a783877a3e4e34f011eaf58ad03f86479ce9828c1,26/06/2023 02:36:41,ESCANER
23044,"Chiquimula",20,"Ipala",11,3623,400,93,40,60,1,11,3,208,10,3,221,0,221,--,376,155,208,221,221,Algún campo sin dato,1,01192d0517c2dcf72a0dbef8601e6154be7fc5b9c4ffe008230c88d86a607e2c,26/06/2023 02:39:06,ESCANER
23045,"Chiquimula",20,"Ipala",11,3623,256,66,16,23,3,6,1,115,3,2,120,0,120,--,256,136,115,120,120,Algún campo sin dato,1,d792ac203bf9a3dc1840d10f77dc3fa33142dee148d235b88f0ad3e32d514bf4,26/06/2023 02:18:37,ESCANER
23046,"Chiquimula",20,"Ipala",11,3623,255,77,18,22,1,6,4,128,2,2,132,0,132,--,255,123,128,132,132,Algún campo sin dato,1,cf4789c5b640c8e888e794462d6b4cb9e961b978c9e514b9ab99c30906305a4f,26/06/2023 02:29:00,ESCANER
23047,"Chiquimula",20,"Ipala",11,3624,380,134,23,20,3,4,5,189,16,8,213,1,214,--,380,166,189,213,214,Algún campo sin dato,1,b7873621d54bc8988599002b3988ef4ce725ebba5295af2c3aa5e4da2418f0db,25/06/2023 23:53:06,ESCANER
23048,"Chiquimula",20,"Ipala",11,3624,380,125,20,26,2,7,2,182,12,8,202,0,202,--,380,178,182,202,202,Algún campo sin dato,1,20c197b0462f37329df7ed190f89322823f56a03277490c7a91b38099db0ff75,25/06/2023 23:15:02,ESCANER
23049,"Chiquimula",20,"Ipala",11,3624,380,175,17,23,5,8,2,230,26,3,259,0,259,--,380,121,230,259,259,Algún campo sin dato,1,be543d74915eba359f26ee6b89f0f0e02d9d040e69339f9c2171078356273d57,26/06/2023 00:20:30,ESCANER
23050,"Chiquimula",20,"Ipala",11,3624,380,117,19,29,3,3,1,172,5,0,177,0,177,--,380,203,172,177,177,Algún campo sin dato,1,7498700e641008e0c8e1c52e9dd7cffb89ae6a30a4224dc520c70be767d67b3d,26/06/2023 00:07:24,ESCANER
23051,"Chiquimula",20,"Ipala",11,3624,258,85,11,13,1,3,2,115,7,3,125,0,125,--,258,133,115,125,125,Algún campo sin dato,1,15e94784a533472dead2fe7087ac3fd9248f7c52838a3da04661aa3e38c2d5e2,25/06/2023 23:09:58,ESCANER
23052,"Chiquimula",20,"Ipala",11,3624,258,93,12,16,1,6,0,128,0,1,129,0,129,--,258,129,128,129,129,Algún campo sin dato,1,f1a83a4c7323d514166805edc3e5d76071231360011d39687769a3041d8a3755,25/06/2023 23:45:32,ESCANER
23053,"Chiquimula",20,"Ipala",11,3625,600,49,20,16,5,3,8,101,11,9,121,0,121,--,600,479,101,121,121,Algún campo sin dato,1,7acc89bd42f427b1f0037ec28e33d878e99763e71b205a3201693a4e1a1fa817,26/06/2023 03:51:51,ESCANER
23054,"Chiquimula",20,"Ipala",11,3625,393,21,6,9,3,4,4,47,4,0,51,0,51,--,393,342,47,51,51,Algún campo sin dato,1,02c2948f087409069a0ca6da179a9f14c5180e79ab12e04d073503ae075441fd,26/06/2023 04:17:47,ESCANER
23055,"Chiquimula",20,"Ipala",11,3625,392,9,2,5,1,0,0,17,0,3,20,0,20,--,392,372,17,20,20,Algún campo sin dato,1,64f9ff6224908f02ce0cb39500bda0be549d03967c8a109970f15848152b4b59,26/06/2023 04:22:56,ESCANER