﻿TIPO_DE_ELECCIÓN:,CORPORACIÓN MUNICIPAL
28 junio 2023 21:35 (UTC -6)
ACTAS_ESPERADAS,ACTAS_CAPTURADAS,PORCENTAJE_ACTAS_CAPTURADAS,ACTAS_CONTABILIZADAS,PORCENTAJE_ACTAS_CONTABILIZADAS,ACTAS_NO_CONTABILIZADAS,LISTA_NOMINAL_ACTAS_CONTABILIZADAS,VOTOS_EMITIDOS_CONTABILIZADAS,PORCENTAJE_PARTICIPACIÓN_CIUDADANA
43,43,100.0000,43,100.0000,0,16697,10060,60.2503

MESA,DEPARTAMENTO,ID_DEPARTAMENTO,MUNICIPIO,ID_MUNICIPIO,CENTRO_DE_VOTACIÓN,PADRÓN,VALOR,AZUL,CAMBIO,VIVA,UNE,VAMOS,CABAL,WINAQ,VOS,PODEMOS,PR,PPN,VÁLIDOS,NULOS,BLANCO,EMITIDOS,INVÁLIDOS,TOTAL,IMPUGNACIONES,PAPELETAS-RECIBIDAS,PAPELETAS-NO-USADAS,VALIDOS_CALCULADO,EMITIDOS_CALCULADO,TOTAL_CALCULADO,OBSERVACIONES,CONTABILIZADA,CÓDIGO_INTEGRIDAD,FECHA_HORA_PUBLICACIÓN,DIGITALIZACIÓN
7874,"Escuintla",5,"Guanagazapa",8,894,400,10,10,8,15,62,65,34,7,0,5,0,3,219,24,2,245,0,245,1,400,155,219,245,245,,1,da06e138b4064ce09045e02dbee5a9e12347e2317e690157697081c022603462,26/06/2023 00:39:19,ESCANER
7875,"Escuintla",5,"Guanagazapa",8,894,400,17,5,9,18,74,52,32,11,1,5,0,2,226,15,9,250,0,250,--,400,150,226,250,250,Algún campo sin dato,1,57c0ae0028e148bdfb0c43fef706d428abc254b74c855e39461bccd03d5b739b,26/06/2023 00:09:43,ESCANER
7876,"Escuintla",5,"Guanagazapa",8,894,400,10,14,16,24,71,62,31,3,2,8,0,2,243,17,9,269,0,269,0,400,131,243,269,269,,1,e8794f9bd8c73c164e0c4f68a505a6c2fdd1ee5267c2365d36b042ecac8d2020,26/06/2023 00:59:20,ESCANER
7877,"Escuintla",5,"Guanagazapa",8,894,400,16,10,19,31,40,88,37,0,2,10,0,0,253,27,8,288,0,288,0,399,111,253,288,288,,1,3f30d2072baf1ac8f0e732621f467d5f0ea2f8ee230a4b72ba0592ce64ef0c8a,26/06/2023 00:45:33,ESCANER
7878,"Escuintla",5,"Guanagazapa",8,894,400,12,18,11,33,41,95,30,1,0,15,0,1,257,27,9,293,0,293,0,400,107,257,293,293,,1,cbf082d701948b92c1f33b2a8ff24d2f34837b787cfd81248587ca8053b28850,26/06/2023 01:57:50,ESCANER
7879,"Escuintla",5,"Guanagazapa",8,894,400,21,10,11,19,49,90,47,1,0,11,0,3,262,13,5,280,0,280,1,400,120,262,280,280,,1,c016d6618cfca932ebd05d44bcff5462ad89498e5d84e5e4c87f523393b06386,26/06/2023 03:06:06,ESCANER
7880,"Escuintla",5,"Guanagazapa",8,894,400,18,4,12,16,56,98,45,1,0,15,1,1,267,25,7,299,0,299,--,400,101,267,299,299,Algún campo sin dato,1,c7b7265a6cc42e2dd6e0dc6ca3f676cfb1f4fb710f90b0a7ba0cab4b29a33031,26/06/2023 04:02:09,ESCANER
7881,"Escuintla",5,"Guanagazapa",8,894,400,20,9,8,18,51,88,26,2,0,4,0,1,227,15,5,247,0,247,--,400,153,227,247,247,Algún campo sin dato,1,a304e4f060bf8dea7b9e85616b7643f3f14d424c5f0fbc4d0c873875bd793782,26/06/2023 03:39:09,ESCANER
7882,"Escuintla",5,"Guanagazapa",8,894,400,17,10,7,26,55,66,27,4,0,7,0,3,222,8,2,232,0,232,0,400,168,222,232,232,,1,21406117cfe3e09aec117b4360c50368fd79af8a3a46ac5abd476e80fba5037a,26/06/2023 02:30:20,ESCANER
7883,"Escuintla",5,"Guanagazapa",8,894,400,17,6,5,23,73,79,20,2,0,6,1,0,232,13,6,251,0,251,0,400,149,232,251,251,,1,b08087223b710d6f121a70acd5790bcfca71fef1a9f4c6fb52baea31a309d417,26/06/2023 01:08:50,ESCANER
7884,"Escuintla",5,"Guanagazapa",8,895,400,25,7,10,20,70,64,30,2,0,2,1,0,225,8,4,237,0,237,0,400,163,231,243,243,Sumas Asentadas sin cuadrar,1,5991985e8e963c9176272814ecf792186b703b8e548fcaf27faa6ecb9f989a03,26/06/2023 02:23:29,ESCANER
7885,"Escuintla",5,"Guanagazapa",8,895,400,11,4,11,26,66,79,22,2,0,2,0,2,225,13,2,240,0,240,3,400,157,225,240,240,,1,04fa0e26ceafdfec78610ce91d3cf6a29c73b796405d8a0844d5c0beb40d5299,26/06/2023 02:52:44,ESCANER
7886,"Escuintla",5,"Guanagazapa",8,895,400,9,9,6,24,68,55,18,3,1,12,1,0,206,17,9,232,--,232,--,400,--,206,232,232,Algún campo sin dato,1,7f168a909bc993a8ff7b58b0b6e71ed5065613187e9b2b782186f346a148734f,26/06/2023 02:51:54,ESCANER
7887,"Escuintla",5,"Guanagazapa",8,895,400,7,15,7,22,66,80,25,1,1,7,0,3,234,23,6,263,0,263,3,400,134,234,263,263,,1,e4b63bf0584f42f41b1b8e482e1991cfecf79da9066fc3220c0bfeac108cdc05,26/06/2023 01:48:04,ESCANER
7888,"Escuintla",5,"Guanagazapa",8,896,400,11,10,5,11,65,83,17,4,0,2,0,0,208,17,2,227,0,227,1,400,173,208,227,227,,1,dfbe2f6144fe3ed61d8b119ed00f91d5b87b730d8c7c06424d8220611876d385,26/06/2023 01:03:40,ESCANER
7889,"Escuintla",5,"Guanagazapa",8,897,400,5,13,3,20,59,64,19,3,0,9,0,2,197,15,5,217,0,217,--,400,183,197,217,217,Algún campo sin dato,1,b02340839aa7a0f267cc27233b4556a2bb2c9226cee79b2638947ddbb6ea530e,26/06/2023 00:42:17,ESCANER
7890,"Escuintla",5,"Guanagazapa",8,897,400,17,11,8,16,58,73,19,3,0,5,1,0,211,9,1,221,0,221,1,400,178,211,221,221,,1,43f38cc5f8f7840529baf5d07c77858b37718c571e2118e6e33af0cde7ddbb84,26/06/2023 00:27:32,ESCANER
7891,"Escuintla",5,"Guanagazapa",8,897,400,17,9,5,19,52,66,26,5,0,8,1,2,210,5,2,217,0,217,--,400,183,210,217,217,Algún campo sin dato,1,22ab79f41ba4b994d2758ea9a2eee1c7323182f64c32e0931f6ee65c4251888e,26/06/2023 00:57:30,ESCANER
7892,"Escuintla",5,"Guanagazapa",8,898,400,7,8,3,24,83,85,21,3,0,4,1,1,240,4,2,246,0,246,5,400,149,240,246,246,,1,28fe69df2638fdd37b58137487fc52bc4cb2c296e72b1b137f356ae9892c04b7,26/06/2023 01:40:33,ESCANER
7893,"Escuintla",5,"Guanagazapa",8,898,400,19,10,15,20,42,106,46,0,0,11,0,0,269,5,1,275,0,275,1,400,124,269,275,275,,1,fa4d08e315381218f6fd1f36b54a556e163fd448be277a2add9045fa5f175e01,26/06/2023 01:02:56,ESCANER
7894,"Escuintla",5,"Guanagazapa",8,898,400,19,12,8,25,60,93,33,2,0,6,0,0,258,4,2,264,0,264,0,400,136,258,264,264,,1,d30d6f1cc9b4dfb933846b3a3457447cadc3ec0fad24c71c1b0e5fd7eeab12a5,26/06/2023 02:16:02,ESCANER
7895,"Escuintla",5,"Guanagazapa",8,898,381,9,6,2,33,58,82,37,2,1,3,3,2,238,3,1,242,0,242,--,--,--,238,242,242,Algún campo sin dato,1,3c6799f54a1a4a579eec0b764a37114766dcb80629fd0b98124fbea6d2efc60c,26/06/2023 00:22:37,ESCANER
7896,"Escuintla",5,"Guanagazapa",8,898,381,6,7,6,21,65,69,30,1,1,3,1,0,210,3,2,215,0,215,0,381,166,210,215,215,,1,6704422d25d594c9caf05d6857662750b1f26605670210c64d2305ffe15305ef,25/06/2023 23:35:24,ESCANER
7897,"Escuintla",5,"Guanagazapa",8,899,380,3,29,4,30,51,75,13,0,0,8,1,5,219,28,5,252,0,252,--,330,128,219,252,252,Algún campo sin dato,1,899d6f464a97701c15ba3e87bf2c367b19f91bd6c79719b877ef1ef676786fb9,26/06/2023 03:22:14,ESCANER
7898,"Escuintla",5,"Guanagazapa",8,899,380,4,24,12,24,45,76,15,3,2,7,0,1,213,23,2,238,0,238,0,380,142,213,238,238,,1,618d89e914fd50e202f9c2d30431f73f166c6de85c706dad2a86a996000bb1a7,26/06/2023 00:13:37,ESCANER
7899,"Escuintla",5,"Guanagazapa",8,899,380,1,18,4,18,63,83,13,2,1,7,0,3,213,22,0,235,--,--,10,381,136,213,235,235,Algún campo sin dato,1,faa671adf2f1bbb95915af4f4c4ebd32bb9914695a7e2a883b85a567fa8b80a1,26/06/2023 01:06:06,ESCANER
7900,"Escuintla",5,"Guanagazapa",8,899,380,6,29,4,30,57,65,14,3,0,6,1,3,218,26,10,254,0,254,0,381,127,218,254,254,,1,12d3d35a76201463295cc73935f7799231dd38d2afc3cb2c803ac566a5013850,26/06/2023 00:51:39,ESCANER
7901,"Escuintla",5,"Guanagazapa",8,899,380,4,8,4,41,69,81,8,1,1,17,1,2,237,16,4,257,0,257,3,380,120,237,257,257,,1,1d66d861738c160c577136c73d2885f80c3a1b83ccb01b1da8f7942ac170238b,26/06/2023 00:27:21,ESCANER
7902,"Escuintla",5,"Guanagazapa",8,899,380,2,18,7,27,45,79,14,0,2,10,0,2,206,10,3,219,0,222,3,380,158,206,219,219,Sumas Asentadas sin cuadrar,1,fac5933e4c9fdfb0d6736ee1ab58726a337af5ff55c63acc4b0c0efef45d395a,26/06/2023 00:00:57,ESCANER
7903,"Escuintla",5,"Guanagazapa",8,900,380,4,17,3,33,39,73,9,1,2,7,0,3,191,11,5,207,0,207,24,380,149,191,207,207,,1,b105d7ae2e24953e77cf95fe76972eac77f6caa5ce4e3aea443993f8253ab29d,26/06/2023 01:48:36,ESCANER
7904,"Escuintla",5,"Guanagazapa",8,900,380,3,25,5,24,33,81,9,2,0,3,0,4,189,17,10,216,0,216,13,380,151,189,216,216,,1,ecab0c5cb6af4823b6a30903cf359d52727ce565834e9ddf6af7819aee8bcbfc,26/06/2023 01:45:02,ESCANER
7905,"Escuintla",5,"Guanagazapa",8,901,380,4,19,3,33,54,70,7,0,3,7,1,3,204,24,8,236,0,236,--,380,144,204,236,236,Algún campo sin dato,1,a6a1ccee22f2de9c27259e9eaf439c5a71f2dea37f2cfd8cf5326f13e26c4c54,26/06/2023 04:06:13,MOVIL
7906,"Escuintla",5,"Guanagazapa",8,901,380,2,24,8,20,48,77,10,4,2,8,1,1,205,19,9,233,0,233,3,380,144,205,233,233,,1,478f52aaf59d12d97536a0ddc44ae490a73aaeeb3e91b0ca0b6f52ba3c683c68,26/06/2023 00:08:53,ESCANER
7907,"Escuintla",5,"Guanagazapa",8,901,380,5,17,6,23,49,78,8,2,1,6,--,1,181,23,20,224,--,224,--,380,156,196,239,239,Sumas Asentadas sin cuadrar,1,7e239a22f7e668396b09d51e5eaf220d9d0f30878ebabdc32340765e348c4819,26/06/2023 00:41:34,ESCANER
7908,"Escuintla",5,"Guanagazapa",8,901,380,2,16,4,25,41,85,11,1,2,3,1,1,192,15,4,211,0,211,--,380,169,192,211,211,Algún campo sin dato,1,86790b2063821d862f2a70537e02ced06b1d6aed2cb4f31234bfec3959fa3dd1,25/06/2023 23:31:59,ESCANER
7909,"Escuintla",5,"Guanagazapa",8,901,380,1,14,4,28,50,70,5,2,3,8,0,1,186,18,5,209,0,209,1,380,170,186,209,209,,1,db591387baab12938f447929ee38f360cb3197c5e53c61f5d8377928207d8091,26/06/2023 00:11:45,ESCANER
7910,"Escuintla",5,"Guanagazapa",8,901,380,3,20,7,19,44,81,6,0,0,6,1,4,193,17,4,214,0,214,--,377,163,191,212,212,Sumas Asentadas sin cuadrar,1,1b455793a468a711f6d6eeb82f4732d9ed4de4ad7e0387c08b964ffaa5bb65f4,26/06/2023 03:24:26,MOVIL
7911,"Escuintla",5,"Guanagazapa",8,901,380,5,21,6,44,47,84,8,0,1,10,0,0,226,6,1,233,--,--,--,377,61,226,233,233,Algún campo sin dato,1,70f05ffb62853ce2aa0308a65e72974ba4f1b5f4091390a4143850087c334cc2,26/06/2023 03:28:07,ESCANER
7912,"Escuintla",5,"Guanagazapa",8,901,380,2,13,3,22,40,98,6,1,0,6,1,1,193,8,3,204,--,--,3,374,170,193,204,204,Algún campo sin dato,1,16ff22cf1a47fb27980aaee744faba5288e2c90ff00e4768ad6e05cfb1967c82,25/06/2023 23:49:52,ESCANER
7913,"Escuintla",5,"Guanagazapa",8,901,380,3,28,8,26,57,86,2,2,1,7,0,--,221,2,2,225,4,229,--,381,152,220,224,228,Sumas Asentadas sin cuadrar,1,7580cdd808a84eb0b252cdc2fdb629b4d99e6a32b10a79592c87213abe03e115,26/06/2023 00:54:57,ESCANER
7914,"Escuintla",5,"Guanagazapa",8,901,349,4,22,7,35,79,52,3,1,1,6,1,1,212,3,0,215,0,215,9,349,125,212,215,215,,1,0bce491d8fdf4719b069585d8373986885ba62cf5abbb9692cba50c6dd10fc4f,26/06/2023 01:24:01,ESCANER
7915,"Escuintla",5,"Guanagazapa",8,901,349,2,10,3,16,34,47,5,2,3,1,2,1,126,7,3,136,--,--,33,349,180,126,136,136,Algún campo sin dato,1,bd583e5562ee7d29e267354d624470ae5f04f54eb28bb854bad3b00701688116,26/06/2023 00:03:07,ESCANER
7916,"Escuintla",5,"Guanagazapa",8,902,377,4,5,3,8,18,18,8,1,0,3,0,0,68,6,0,74,0,74,--,377,303,68,74,74,Algún campo sin dato,1,8c9d4093e08f4ac80d71eccfa56de5ada15e24241febefcc6d6ff0878e0c3f89,25/06/2023 23:42:27,ESCANER