﻿TIPO_DE_ELECCIÓN:,DIPUTADOS DISTRITALES
26 junio 2023 00:25 (UTC -6)
ACTAS_ESPERADAS,ACTAS_CAPTURADAS,PORCENTAJE_ACTAS_CAPTURADAS,ACTAS_CONTABILIZADAS,PORCENTAJE_ACTAS_CONTABILIZADAS,ACTAS_NO_CONTABILIZADAS,LISTA_NOMINAL_ACTAS_CONTABILIZADAS,VOTOS_EMITIDOS_CONTABILIZADAS,PORCENTAJE_PARTICIPACIÓN_CIUDADANA
346,179,51.7341,179,51.7341,0,62559,39675,63.4201

MESA,DEPARTAMENTO,ID_DEPARTAMENTO,MUNICIPIO,ID_MUNICIPIO,CENTRO_DE_VOTACIÓN,PADRÓN,CABAL,AZUL,VALOR,TODOS,UNE,PODEMOS,PIN,VAMOS,MLP,P A N,PHG,BIEN,URNG-MAIZ WINAQ,CREO,MI FAMILIA,FCN-NACION,CAMBIO,UR,VÁLIDOS,NULOS,BLANCO,EMITIDOS,INVÁLIDOS,TOTAL,IMPUGNACIONES,PAPELETAS-RECIBIDAS,PAPELETAS-NO-USADAS,VALIDOS_CALCULADO,EMITIDOS_CALCULADO,TOTAL_CALCULADO,OBSERVACIONES,CONTABILIZADA,CÓDIGO_INTEGRIDAD,FECHA_HORA_PUBLICACIÓN,DIGITALIZACIÓN
6810,"El Progreso",4,"Guastatoya",1,737,400,,,,,,,,,,,,,,,,,,,,,,,,,,,,,,,,0,,,
6811,"El Progreso",4,"Guastatoya",1,737,400,,,,,,,,,,,,,,,,,,,,,,,,,,,,,,,,0,,,
6812,"El Progreso",4,"Guastatoya",1,737,400,,,,,,,,,,,,,,,,,,,,,,,,,,,,,,,,0,,,
6813,"El Progreso",4,"Guastatoya",1,737,400,,,,,,,,,,,,,,,,,,,,,,,,,,,,,,,,0,,,
6814,"El Progreso",4,"Guastatoya",1,737,400,15,23,64,2,10,49,1,76,0,1,2,7,2,2,4,1,0,0,259,40,11,310,0,310,--,399,89,259,310,310,Algún campo sin dato,1,ae8be8444930a144584c28e6cd69e3a2db399733b84206244a904ba6f678b068,25/06/2023 23:43:21,ESCANER
6815,"El Progreso",4,"Guastatoya",1,737,400,,,,,,,,,,,,,,,,,,,,,,,,,,,,,,,,0,,,
6816,"El Progreso",4,"Guastatoya",1,737,400,11,27,78,6,12,45,0,76,0,1,0,3,4,1,2,1,1,1,269,37,5,311,0,311,--,396,85,269,311,311,Algún campo sin dato,1,f83585d490814a3603e84a7c08f6a1f1b267dc11e01f90d4c1ecf76fbd12cb33,25/06/2023 23:01:27,ESCANER
6817,"El Progreso",4,"Guastatoya",1,737,400,,,,,,,,,,,,,,,,,,,,,,,,,,,,,,,,0,,,
6818,"El Progreso",4,"Guastatoya",1,737,400,11,27,69,3,3,27,0,82,1,1,0,8,1,8,2,0,1,1,245,21,5,271,0,271,--,400,129,245,271,271,Algún campo sin dato,1,7fb29dcbc355e5acef07fe4731827536e76b366df33edd7cee99340a90142a9a,25/06/2023 23:31:40,ESCANER
6819,"El Progreso",4,"Guastatoya",1,737,400,,,,,,,,,,,,,,,,,,,,,,,,,,,,,,,,0,,,
6820,"El Progreso",4,"Guastatoya",1,738,400,,,,,,,,,,,,,,,,,,,,,,,,,,,,,,,,0,,,
6821,"El Progreso",4,"Guastatoya",1,738,400,,,,,,,,,,,,,,,,,,,,,,,,,,,,,,,,0,,,
6822,"El Progreso",4,"Guastatoya",1,738,400,,,,,,,,,,,,,,,,,,,,,,,,,,,,,,,,0,,,
6823,"El Progreso",4,"Guastatoya",1,738,400,,,,,,,,,,,,,,,,,,,,,,,,,,,,,,,,0,,,
6824,"El Progreso",4,"Guastatoya",1,738,400,,,,,,,,,,,,,,,,,,,,,,,,,,,,,,,,0,,,
6825,"El Progreso",4,"Guastatoya",1,738,400,,,,,,,,,,,,,,,,,,,,,,,,,,,,,,,,0,,,
6826,"El Progreso",4,"Guastatoya",1,739,400,13,27,73,10,2,41,0,66,2,0,0,2,3,9,0,0,0,3,251,19,6,276,0,276,--,400,124,251,276,276,Algún campo sin dato,1,b4d020d3b6c05f701f1afaca63cbb5c4f307165dc0178d4d18069d3deccf61eb,25/06/2023 23:51:31,ESCANER
6827,"El Progreso",4,"Guastatoya",1,739,400,,,,,,,,,,,,,,,,,,,,,,,,,,,,,,,,0,,,
6828,"El Progreso",4,"Guastatoya",1,739,400,,,,,,,,,,,,,,,,,,,,,,,,,,,,,,,,0,,,
6829,"El Progreso",4,"Guastatoya",1,739,400,,,,,,,,,,,,,,,,,,,,,,,,,,,,,,,,0,,,
6830,"El Progreso",4,"Guastatoya",1,739,400,10,28,54,6,5,29,0,62,3,2,0,3,6,2,0,0,0,0,210,26,14,250,0,--,--,400,150,210,250,250,Algún campo sin dato,1,812f3f9d5812ec033bb92c28bb87588d0ff9fe9f694071a99d616276092d9400,25/06/2023 22:34:35,ESCANER
6831,"El Progreso",4,"Guastatoya",1,739,215,1,20,35,2,6,14,0,29,0,0,0,7,4,2,2,1,0,0,123,6,3,132,0,132,--,215,83,123,132,132,Algún campo sin dato,1,4eba5a0f991b9251998cc9882e09ffdb1eea1fa6e872af841aed02b35c6927a4,25/06/2023 22:00:22,ESCANER
6832,"El Progreso",4,"Guastatoya",1,739,215,4,13,35,1,1,10,1,30,1,0,1,0,1,2,0,0,1,2,103,12,2,117,0,117,--,215,98,103,117,117,Algún campo sin dato,1,ed9107f6cb9660c1afc4479b4facee14adb5a67552d7f0020a89e935a6f6b415,25/06/2023 22:05:46,ESCANER
6833,"El Progreso",4,"Guastatoya",1,740,400,5,52,72,3,6,25,1,62,0,1,0,6,2,4,2,0,1,1,243,33,15,291,0,291,--,400,109,243,291,291,Algún campo sin dato,1,8b654feef2b819bb2501acecdace232c9d5231a79b0dd4a75e12a059000ccd5e,25/06/2023 23:33:22,ESCANER
6834,"El Progreso",4,"Guastatoya",1,740,359,,,,,,,,,,,,,,,,,,,,,,,,,,,,,,,,0,,,
6835,"El Progreso",4,"Guastatoya",1,740,358,3,40,70,3,8,29,0,44,1,0,0,4,0,2,2,0,2,1,209,27,5,241,0,241,--,357,116,209,241,241,Algún campo sin dato,1,93a46c34783ae28a09c211b78ebae07070408e8cc81fbca51ad5f910c4a3994e,26/06/2023 00:04:49,ESCANER
6836,"El Progreso",4,"Guastatoya",1,741,400,,,,,,,,,,,,,,,,,,,,,,,,,,,,,,,,0,,,
6837,"El Progreso",4,"Guastatoya",1,741,287,4,5,53,1,5,13,1,18,0,0,1,0,0,1,1,0,2,0,105,15,12,132,0,132,0,287,155,105,132,132,,1,7a396252fd0af1783524ba176306ff7906f2de1800ab9f7de6610a6e513e8f03,26/06/2023 00:18:56,ESCANER
6838,"El Progreso",4,"Guastatoya",1,741,287,1,3,41,1,6,18,1,41,0,0,1,0,0,3,0,0,4,1,121,19,5,145,0,145,--,287,142,121,145,145,Algún campo sin dato,1,3284c74de837f60cb9c6ed4a07dd46a3296483c5b57fddd0351b5ef11c6840d1,25/06/2023 22:31:07,ESCANER
6839,"El Progreso",4,"Guastatoya",1,742,400,,,,,,,,,,,,,,,,,,,,,,,,,,,,,,,,0,,,
6840,"El Progreso",4,"Guastatoya",1,742,400,,,,,,,,,,,,,,,,,,,,,,,,,,,,,,,,0,,,
6841,"El Progreso",4,"Guastatoya",1,742,210,,,,,,,,,,,,,,,,,,,,,,,,,,,,,,,,0,,,
6842,"El Progreso",4,"Guastatoya",1,742,210,5,9,81,1,4,7,0,35,1,0,0,4,0,1,0,2,0,1,151,7,1,159,0,159,--,201,42,151,159,159,Algún campo sin dato,1,0491d040aa6789ad405540f2bcf7ae70bb2fb53b4b310ef85245b1dcfb02979d,25/06/2023 23:21:04,ESCANER
6843,"El Progreso",4,"Guastatoya",1,743,329,12,16,75,25,6,28,0,32,0,1,1,3,0,3,2,1,0,2,207,30,9,246,0,246,0,326,80,207,246,246,,1,7c8360dc93c1ea43c01f4670c096ecb6517aae8bca531ae223efe55626bfe84a,25/06/2023 23:53:24,ESCANER
6844,"El Progreso",4,"Guastatoya",1,743,328,6,25,57,20,5,27,0,37,2,0,0,3,4,3,1,0,1,4,195,12,4,211,0,211,--,328,117,195,211,211,Algún campo sin dato,1,155201a49286500d46138e5b579bad98752f58cf8318236b1038afc816eda0c1,25/06/2023 23:00:27,ESCANER
6845,"El Progreso",4,"Guastatoya",1,744,380,,,,,,,,,,,,,,,,,,,,,,,,,,,,,,,,0,,,
6846,"El Progreso",4,"Guastatoya",1,744,380,,,,,,,,,,,,,,,,,,,,,,,,,,,,,,,,0,,,
6847,"El Progreso",4,"Guastatoya",1,744,380,9,10,77,1,6,8,1,115,0,0,0,2,0,44,0,1,0,2,276,26,19,321,0,321,--,377,56,276,321,321,Algún campo sin dato,1,7cfd55f7df4693ebd5054a28e832d416617da35e21fb93f43e4350064b534ef2,25/06/2023 23:55:17,ESCANER
6848,"El Progreso",4,"Guastatoya",1,744,380,6,15,69,3,3,18,0,92,1,0,1,4,1,35,1,1,0,0,250,26,10,286,0,286,--,381,95,250,286,286,Algún campo sin dato,1,270df5d09debeb0d4661d3e1b6b2b0fdd76596720a623433fc73dde10ce8535b,25/06/2023 23:38:54,ESCANER
6849,"El Progreso",4,"Guastatoya",1,744,380,6,10,86,2,1,9,0,91,0,0,0,1,2,58,0,0,0,0,266,18,12,296,0,296,--,380,84,266,296,296,Algún campo sin dato,1,5f1cae9e7b6c32092df0b670afd40962fd29fcf6c60271af064b72f2b4472ff7,25/06/2023 22:58:12,ESCANER
6850,"El Progreso",4,"Guastatoya",1,744,350,,,,,,,,,,,,,,,,,,,,,,,,,,,,,,,,0,,,
6851,"El Progreso",4,"Guastatoya",1,744,350,15,9,83,0,0,16,0,85,0,0,1,3,2,41,1,2,0,0,258,10,6,274,0,274,--,350,76,258,274,274,Algún campo sin dato,1,b77432b08471122e83da2314e9c5bc0ffbd066d20d201bd9ad56cdb0c3542bef,26/06/2023 00:05:57,ESCANER
6852,"El Progreso",4,"Guastatoya",1,745,380,,,,,,,,,,,,,,,,,,,,,,,,,,,,,,,,0,,,
6853,"El Progreso",4,"Guastatoya",1,745,378,,,,,,,,,,,,,,,,,,,,,,,,,,,,,,,,0,,,
6854,"El Progreso",4,"Guastatoya",1,745,378,,,,,,,,,,,,,,,,,,,,,,,,,,,,,,,,0,,,
6855,"El Progreso",4,"Guastatoya",1,746,380,15,10,98,11,0,14,0,74,0,0,2,1,0,3,2,2,1,1,239,40,20,299,0,--,--,381,82,234,294,294,Sumas Asentadas sin cuadrar,1,8b8792ac77c6b4520bee89f9046b958a094979970cc2cece03decaeb6e975728,25/06/2023 23:50:59,ESCANER
6856,"El Progreso",4,"Guastatoya",1,746,380,,,,,,,,,,,,,,,,,,,,,,,,,,,,,,,,0,,,
6857,"El Progreso",4,"Guastatoya",1,746,380,,,,,,,,,,,,,,,,,,,,,,,,,,,,,,,,0,,,
6858,"El Progreso",4,"Guastatoya",1,746,380,,,,,,,,,,,,,,,,,,,,,,,,,,,,,,,,0,,,
6859,"El Progreso",4,"Guastatoya",1,746,380,,,,,,,,,,,,,,,,,,,,,,,,,,,,,,,,0,,,
6860,"El Progreso",4,"Guastatoya",1,746,380,,,,,,,,,,,,,,,,,,,,,,,,,,,,,,,,0,,,
6861,"El Progreso",4,"Guastatoya",1,746,380,,,,,,,,,,,,,,,,,,,,,,,,,,,,,,,,0,,,
6862,"El Progreso",4,"Guastatoya",1,746,380,,,,,,,,,,,,,,,,,,,,,,,,,,,,,,,,0,,,
6863,"El Progreso",4,"Guastatoya",1,746,302,11,17,94,1,0,16,0,57,1,1,0,0,3,3,1,1,2,0,208,9,2,219,0,219,--,302,83,208,219,219,Algún campo sin dato,1,5547538c9039916da3a025b30c6b3e38580be69d9874b5f81f73067206b5cf50,26/06/2023 00:07:56,ESCANER
6864,"El Progreso",4,"Guastatoya",1,746,302,,,,,,,,,,,,,,,,,,,,,,,,,,,,,,,,0,,,
6865,"El Progreso",4,"Guastatoya",1,747,380,2,5,68,0,6,15,0,76,1,2,0,3,1,1,1,1,0,1,183,27,30,240,0,240,--,380,140,183,240,240,Algún campo sin dato,1,12367691ae7fba102badbca45e0b08bc4e520dd2b99a72b36984dcb93a3e2680,25/06/2023 22:59:26,ESCANER
6866,"El Progreso",4,"Guastatoya",1,747,380,,,,,,,,,,,,,,,,,,,,,,,,,,,,,,,,0,,,
6867,"El Progreso",4,"Guastatoya",1,747,342,2,2,63,1,7,16,0,68,1,0,0,3,2,6,1,0,0,0,172,23,21,216,0,216,--,342,126,172,216,216,Algún campo sin dato,1,550ba191e500db1ab51fd9ccb083a0879be09eab0c79ca51b4513bee4d388122,25/06/2023 22:13:47,ESCANER
6868,"El Progreso",4,"Guastatoya",1,747,342,,,,,,,,,,,,,,,,,,,,,,,,,,,,,,,,0,,,
6869,"El Progreso",4,"Guastatoya",1,748,468,,,,,,,,,,,,,,,,,,,,,,,,,,,,,,,,0,,,
6870,"El Progreso",4,"Guastatoya",1,748,468,,,,,,,,,,,,,,,,,,,,,,,,,,,,,,,,0,,,
6871,"El Progreso",4,"Morazán",2,749,400,3,2,68,3,11,15,1,51,1,0,5,7,1,0,3,3,0,0,174,26,28,228,0,228,--,400,172,174,228,228,Algún campo sin dato,1,42decbfed04584511c73dc6601235ef67307098efee2b486ab66c5ef66f1197f,25/06/2023 23:30:14,ESCANER
6872,"El Progreso",4,"Morazán",2,749,400,0,3,75,5,10,16,0,43,2,1,2,3,1,2,2,1,1,1,168,30,37,235,0,235,--,399,164,168,235,235,Algún campo sin dato,1,c15146905fe8c7df4f8af893d19ec953c4acb274db10da2c9aea240aa7fec676,25/06/2023 23:08:56,ESCANER
6873,"El Progreso",4,"Morazán",2,749,400,1,3,57,8,8,15,1,72,0,1,2,4,0,0,1,1,2,2,178,31,42,251,0,251,--,400,149,178,251,251,Algún campo sin dato,1,5a9c998ef929fd2957768cebe236fc8088d156124802faa7c561ac302cacbdf9,25/06/2023 23:30:08,ESCANER
6874,"El Progreso",4,"Morazán",2,749,400,,,,,,,,,,,,,,,,,,,,,,,,,,,,,,,,0,,,
6875,"El Progreso",4,"Morazán",2,749,400,3,2,72,9,9,19,0,81,0,1,10,5,1,1,1,0,0,3,217,48,24,289,--,289,--,400,--,217,289,289,Algún campo sin dato,1,4a65f26f09458fb9c5c1115da6a1e9a49755e6d8b562c7e0327c27a570d9397b,25/06/2023 23:11:46,ESCANER
6876,"El Progreso",4,"Morazán",2,749,400,2,6,85,1,11,13,0,91,0,1,6,5,3,0,1,3,1,0,229,33,41,303,0,--,--,405,102,229,303,303,Algún campo sin dato,1,087fbdf2ad6fec1d333fedf1cc3a42d81c1ede3bd656b1a81cafc4cd9cc9e43c,25/06/2023 23:56:43,ESCANER
6877,"El Progreso",4,"Morazán",2,750,400,4,2,116,3,12,13,0,86,1,1,4,6,2,0,3,3,1,1,258,33,30,321,0,321,1,401,80,258,321,321,,1,ef00c4c64c3a974110826c9c732407bcdfbdfbbfc7bd644c1787b1ba84384a60,25/06/2023 23:15:54,ESCANER
6878,"El Progreso",4,"Morazán",2,750,400,2,3,105,5,13,13,0,109,0,0,7,10,0,2,4,2,1,1,277,36,19,332,0,332,--,400,68,277,332,332,Algún campo sin dato,1,f52c564d7b75d6a984d4968ebbc6128ee6fc5e58a224b0bcead403cb13f4a286,25/06/2023 23:16:32,ESCANER
6879,"El Progreso",4,"Morazán",2,750,400,5,2,84,4,10,11,0,71,0,0,5,7,0,1,0,8,0,0,210,30,21,261,0,261,--,400,139,208,259,259,Sumas Asentadas sin cuadrar,1,fa6d69485df4596fc7697edddf1817cf3ee184a20995a3391e9e4084813bc86e,25/06/2023 22:43:50,ESCANER
6880,"El Progreso",4,"Morazán",2,750,400,2,5,68,3,2,21,0,54,2,0,6,6,2,1,1,1,0,0,174,21,15,210,0,210,--,400,190,174,210,210,Algún campo sin dato,1,cc9a4b2bd80ef95b9494474346e17e2dc5967a12b7fa22a944c2a321f10a237c,25/06/2023 22:00:31,ESCANER
6881,"El Progreso",4,"Morazán",2,750,400,5,1,56,2,10,18,1,57,0,0,10,3,3,2,0,4,1,0,173,30,15,218,0,218,--,400,182,173,218,218,Algún campo sin dato,1,f3d141c7f9d9f5a84f0fe2d7480dd6f24925c6267658d46098434506c1c6f3c1,25/06/2023 22:01:14,ESCANER
6882,"El Progreso",4,"Morazán",2,750,400,7,1,65,0,8,11,0,54,2,3,4,5,0,3,2,2,1,1,169,32,10,211,0,211,--,401,190,169,211,211,Algún campo sin dato,1,f501bfb88966df71c1350a1c07f4f7e61740d7f970d850684f351623106bcc68,25/06/2023 22:44:29,ESCANER
6883,"El Progreso",4,"Morazán",2,751,400,4,0,88,1,9,22,0,74,0,1,7,7,2,2,1,3,1,0,222,14,8,244,0,244,--,400,156,222,244,244,Algún campo sin dato,1,f2e6c6c679b49b15e6788adcddb6785b96357870c33ab820145e7c854d6f16e8,25/06/2023 21:44:54,ESCANER
6884,"El Progreso",4,"Morazán",2,751,400,3,0,72,4,7,30,0,61,1,0,7,5,2,3,2,5,1,1,204,22,10,236,0,236,--,400,164,204,236,236,Algún campo sin dato,1,648070f0821db27bb82f99565df94d2701a0a4dc38f8404566a344ba2024b096,25/06/2023 22:34:31,ESCANER
6885,"El Progreso",4,"Morazán",2,751,337,2,4,47,3,10,29,0,43,0,0,6,4,2,1,1,3,0,0,155,23,6,184,0,184,--,338,154,155,184,184,Algún campo sin dato,1,1513dff7ed935e628505dc28b63bfbc9f604492919988b6036cb699bfc53ea7b,25/06/2023 20:39:59,ESCANER
6886,"El Progreso",4,"Morazán",2,751,337,1,2,52,2,8,9,0,41,0,1,1,3,4,0,0,4,0,0,128,23,11,162,--,--,--,333,171,128,162,162,Algún campo sin dato,1,f83c79c054a4a684e2e9c0fceee3190d6bc07abfd49ac802ec7f4e74561d2780,25/06/2023 21:59:02,ESCANER
6887,"El Progreso",4,"Morazán",2,752,380,0,3,67,2,10,19,0,66,0,1,1,6,0,1,0,1,1,0,178,32,30,240,0,240,--,376,136,178,240,240,Algún campo sin dato,1,6d77f9b38a59392352a7150b5826bddd88e276b101c8819f591b7c9fdf75b0db,25/06/2023 23:58:17,ESCANER
6888,"El Progreso",4,"Morazán",2,752,380,4,4,62,6,9,20,0,62,0,1,1,5,0,3,2,2,1,1,183,26,64,273,0,273,--,384,111,183,273,273,Algún campo sin dato,1,8a591a3f3678a4b0e62023b8af1046e9a5ce27289da75189c96fb9a0e15b281f,25/06/2023 23:57:38,ESCANER
6889,"El Progreso",4,"Morazán",2,752,380,5,3,75,4,16,10,0,70,0,1,4,2,1,2,3,1,0,0,197,35,40,272,0,272,--,370,98,197,272,272,Algún campo sin dato,1,3dde3c5440e276094d74d7009f5381363f359fd91bd350647dca60c3c203ed61,25/06/2023 21:29:40,ESCANER
6890,"El Progreso",4,"Morazán",2,752,380,8,1,69,3,9,8,1,96,0,0,0,5,0,0,2,0,0,1,203,45,52,300,0,300,--,380,80,203,300,300,Algún campo sin dato,1,c29bc48b018b50fdf5b10f61ae5f7aed0b3a2d9b15482c6fdcc71797578644a9,26/06/2023 00:05:53,ESCANER
6891,"El Progreso",4,"Morazán",2,752,380,3,0,59,2,13,13,0,94,1,0,0,2,1,0,3,1,0,0,192,32,29,253,0,253,--,380,127,192,253,253,Algún campo sin dato,1,27d70e322f1bee164f4819c6fe9de6d117b31ce4329716ac87b7f94bff966d25,25/06/2023 23:58:05,ESCANER
6892,"El Progreso",4,"Morazán",2,752,380,5,2,60,2,10,9,0,65,2,1,0,3,1,1,5,1,0,0,167,31,25,223,0,223,--,380,157,167,223,223,Algún campo sin dato,1,53e94c0a1fd21368def4d9fd560fc641a4bf6f2797a88bfdc5642da65bc67bed,25/06/2023 21:11:36,ESCANER
6893,"El Progreso",4,"Morazán",2,752,376,6,1,69,2,13,16,0,80,1,0,0,8,2,2,3,2,1,0,206,29,24,259,0,259,--,376,117,206,259,259,Algún campo sin dato,1,d15d1578231b5acdf8cd9f559ac14f3ef55481a8e99f867267de543d188116c5,25/06/2023 23:32:44,ESCANER
6894,"El Progreso",4,"Morazán",2,752,375,1,0,71,4,6,17,1,70,1,0,3,1,0,1,4,0,0,0,180,31,21,232,0,232,--,375,142,180,232,232,Algún campo sin dato,1,9d27a3f4243c8d1cd82de4e411c01aaf02720a40cdb0909d4c9ee3022d73d4f2,25/06/2023 23:57:09,ESCANER
6895,"El Progreso",4,"Morazán",2,753,343,0,1,21,4,2,4,0,21,0,0,0,2,0,0,2,1,0,0,59,13,9,81,0,81,--,343,262,58,80,80,Sumas Asentadas sin cuadrar,1,9a6f686e07cf72e3fc2555a988f6f6638c5879b79cd2e321df84d923eeb64728,25/06/2023 21:03:42,ESCANER
6896,"El Progreso",4,"Morazán",2,753,343,0,1,4,0,0,3,0,9,0,0,0,0,1,0,1,1,0,0,20,5,4,29,0,29,--,340,311,20,29,29,Algún campo sin dato,1,843c9b96a1d737d01e220547db3badae4240dd572573829fa17c52ee7eba22e5,25/06/2023 21:06:37,ESCANER
6897,"El Progreso",4,"San Agustín Acasaguastlán",3,754,400,,,,,,,,,,,,,,,,,,,,,,,,,,,,,,,,0,,,
6898,"El Progreso",4,"San Agustín Acasaguastlán",3,754,400,,,,,,,,,,,,,,,,,,,,,,,,,,,,,,,,0,,,
6899,"El Progreso",4,"San Agustín Acasaguastlán",3,754,400,,,,,,,,,,,,,,,,,,,,,,,,,,,,,,,,0,,,
6900,"El Progreso",4,"San Agustín Acasaguastlán",3,754,400,,,,,,,,,,,,,,,,,,,,,,,,,,,,,,,,0,,,
6901,"El Progreso",4,"San Agustín Acasaguastlán",3,754,400,,,,,,,,,,,,,,,,,,,,,,,,,,,,,,,,0,,,
6902,"El Progreso",4,"San Agustín Acasaguastlán",3,754,400,,,,,,,,,,,,,,,,,,,,,,,,,,,,,,,,0,,,
6903,"El Progreso",4,"San Agustín Acasaguastlán",3,754,400,,,,,,,,,,,,,,,,,,,,,,,,,,,,,,,,0,,,
6904,"El Progreso",4,"San Agustín Acasaguastlán",3,754,400,,,,,,,,,,,,,,,,,,,,,,,,,,,,,,,,0,,,
6905,"El Progreso",4,"San Agustín Acasaguastlán",3,754,400,3,16,46,6,17,49,1,27,1,1,3,7,4,1,6,0,8,1,197,44,40,281,0,281,--,400,119,197,281,281,Algún campo sin dato,1,225f7b3d9844e04e889738800324a6ef2f44fd18ca5c9e6d641530dd4bb95265,25/06/2023 23:40:53,ESCANER
6906,"El Progreso",4,"San Agustín Acasaguastlán",3,754,400,,,,,,,,,,,,,,,,,,,,,,,,,,,,,,,,0,,,
6907,"El Progreso",4,"San Agustín Acasaguastlán",3,754,400,,,,,,,,,,,,,,,,,,,,,,,,,,,,,,,,0,,,
6908,"El Progreso",4,"San Agustín Acasaguastlán",3,754,400,7,26,46,8,19,53,1,13,2,2,2,5,5,2,5,3,6,1,206,35,29,270,0,270,--,385,115,206,270,270,Algún campo sin dato,1,f173583971cb1e2b23c2017aa6ae5c067cfbed332b494f91fffceb84b465ef49,26/06/2023 00:06:11,ESCANER
6909,"El Progreso",4,"San Agustín Acasaguastlán",3,754,400,5,19,52,3,9,63,0,21,1,1,1,10,7,2,12,1,10,0,217,28,19,264,0,264,--,400,136,217,264,264,Algún campo sin dato,1,b8ee77071e2456044615e1f0180c7f71b7570725ff3de9bc577837dcc6f34a7f,25/06/2023 23:26:21,ESCANER
6910,"El Progreso",4,"San Agustín Acasaguastlán",3,754,400,,,,,,,,,,,,,,,,,,,,,,,,,,,,,,,,0,,,
6911,"El Progreso",4,"San Agustín Acasaguastlán",3,754,206,1,13,29,2,10,28,1,15,0,0,1,3,0,1,3,0,8,1,116,14,17,147,0,147,--,206,59,116,147,147,Algún campo sin dato,1,e108bece22ff1fa2ddd840c025d2a46f099484d604e6e152794e82db59e5d8cb,25/06/2023 23:10:57,ESCANER
6912,"El Progreso",4,"San Agustín Acasaguastlán",3,754,206,0,16,36,1,9,15,0,7,2,1,1,3,0,1,4,0,4,0,100,17,9,126,0,126,--,206,80,100,126,126,Algún campo sin dato,1,5a8c40759930dcbd5be129338a45c054fe21e51a863f861520808fcee1fc952d,25/06/2023 21:27:51,ESCANER
6913,"El Progreso",4,"San Agustín Acasaguastlán",3,755,400,,,,,,,,,,,,,,,,,,,,,,,,,,,,,,,,0,,,
6914,"El Progreso",4,"San Agustín Acasaguastlán",3,755,400,4,2,28,3,33,8,1,54,0,3,2,1,1,0,8,3,10,2,163,46,64,273,0,273,--,400,127,163,273,273,Algún campo sin dato,1,08cdeb07a2c05c533dce5ab1b59cf2608156d04eac0c33636b54f656238720d1,26/06/2023 00:02:47,ESCANER
6915,"El Progreso",4,"San Agustín Acasaguastlán",3,755,394,,,,,,,,,,,,,,,,,,,,,,,,,,,,,,,,0,,,
6916,"El Progreso",4,"San Agustín Acasaguastlán",3,755,394,4,2,34,3,24,12,2,55,0,1,2,1,3,3,3,0,3,1,153,33,32,218,0,218,--,394,176,153,218,218,Algún campo sin dato,1,b6cad6b44203113da0f288e16465dbc5f2dc60725c253f525e7f887a89112760,26/06/2023 00:11:02,ESCANER
6917,"El Progreso",4,"San Agustín Acasaguastlán",3,756,294,,,,,,,,,,,,,,,,,,,,,,,,,,,,,,,,0,,,
6918,"El Progreso",4,"San Agustín Acasaguastlán",3,756,294,9,4,40,4,18,36,2,25,0,1,1,3,2,0,6,1,4,0,156,21,18,195,0,195,--,294,99,156,195,195,Algún campo sin dato,1,9d28001e778ad6bd8b172359253bd76784aa9532540550f6cf8b6e82553be7dd,26/06/2023 00:15:01,ESCANER
6919,"El Progreso",4,"San Agustín Acasaguastlán",3,757,270,3,8,40,1,10,30,0,16,0,0,0,10,1,0,11,0,1,0,131,17,46,194,0,194,--,270,76,131,194,194,Algún campo sin dato,1,1d5a1bb83a96c281dc11c313147f18f057f4ef7dae6714924c6936e95481be28,25/06/2023 22:58:13,ESCANER
6920,"El Progreso",4,"San Agustín Acasaguastlán",3,757,270,4,9,59,4,10,34,0,10,0,0,0,13,1,2,3,0,2,1,152,18,40,210,0,210,--,270,60,152,210,210,Algún campo sin dato,1,e97519e136aef413a6352b48a8be479aa690b35c6efb33e695ed6560f49ab549,25/06/2023 21:59:14,ESCANER
6921,"El Progreso",4,"San Agustín Acasaguastlán",3,758,380,,,,,,,,,,,,,,,,,,,,,,,,,,,,,,,,0,,,
6922,"El Progreso",4,"San Agustín Acasaguastlán",3,758,380,2,9,48,3,8,49,3,82,0,1,0,7,0,1,3,1,16,0,233,36,36,305,0,305,--,381,76,233,305,305,Algún campo sin dato,1,4041125df0d426b710767db82caf77f51c44240b9500bd17e84fc7ef8d2225d6,25/06/2023 23:40:36,ESCANER
6923,"El Progreso",4,"San Agustín Acasaguastlán",3,758,380,9,9,51,5,17,45,0,81,0,2,0,4,2,1,1,0,12,0,239,35,28,302,0,302,--,381,79,239,302,302,Algún campo sin dato,1,e5ed61a1dab9426e61d866a22f63e3a251ba8491fe6620921198e7f50865bf16,25/06/2023 23:32:25,ESCANER
6924,"El Progreso",4,"San Agustín Acasaguastlán",3,758,380,5,9,53,8,12,41,1,71,0,0,0,7,1,2,7,0,10,1,228,42,31,301,0,301,--,380,79,228,301,301,Algún campo sin dato,1,23405ce0ce8fc3ea781f8ef834b3520e3ce26577299bd832df96339b183d3eb3,26/06/2023 00:03:58,ESCANER
6925,"El Progreso",4,"San Agustín Acasaguastlán",3,758,380,,,,,,,,,,,,,,,,,,,,,,,,,,,,,,,,0,,,
6926,"El Progreso",4,"San Agustín Acasaguastlán",3,758,380,,,,,,,,,,,,,,,,,,,,,,,,,,,,,,,,0,,,
6927,"El Progreso",4,"San Agustín Acasaguastlán",3,758,380,1,6,57,6,7,25,0,87,0,0,1,6,0,1,2,0,14,2,215,24,39,278,--,--,--,381,103,215,278,278,Algún campo sin dato,1,c9e3e16d1f96a4dd5984511dec5194ac4f3939849b3639c199bf4624a9db5f03,25/06/2023 23:00:56,ESCANER
6928,"El Progreso",4,"San Agustín Acasaguastlán",3,758,380,,,,,,,,,,,,,,,,,,,,,,,,,,,,,,,,0,,,
6929,"El Progreso",4,"San Agustín Acasaguastlán",3,758,380,,,,,,,,,,,,,,,,,,,,,,,,,,,,,,,,0,,,
6930,"El Progreso",4,"San Agustín Acasaguastlán",3,758,380,,,,,,,,,,,,,,,,,,,,,,,,,,,,,,,,0,,,
6931,"El Progreso",4,"San Agustín Acasaguastlán",3,758,380,,,,,,,,,,,,,,,,,,,,,,,,,,,,,,,,0,,,
6932,"El Progreso",4,"San Agustín Acasaguastlán",3,758,380,,,,,,,,,,,,,,,,,,,,,,,,,,,,,,,,0,,,
6933,"El Progreso",4,"San Agustín Acasaguastlán",3,758,380,,,,,,,,,,,,,,,,,,,,,,,,,,,,,,,,0,,,
6934,"El Progreso",4,"San Agustín Acasaguastlán",3,758,380,,,,,,,,,,,,,,,,,,,,,,,,,,,,,,,,0,,,
6935,"El Progreso",4,"San Agustín Acasaguastlán",3,758,380,,,,,,,,,,,,,,,,,,,,,,,,,,,,,,,,0,,,
6936,"El Progreso",4,"San Agustín Acasaguastlán",3,758,314,,,,,,,,,,,,,,,,,,,,,,,,,,,,,,,,0,,,
6937,"El Progreso",4,"San Agustín Acasaguastlán",3,758,313,,,,,,,,,,,,,,,,,,,,,,,,,,,,,,,,0,,,
6938,"El Progreso",4,"San Agustín Acasaguastlán",3,759,380,,,,,,,,,,,,,,,,,,,,,,,,,,,,,,,,0,,,
6939,"El Progreso",4,"San Agustín Acasaguastlán",3,759,380,2,9,31,4,22,26,1,26,0,0,1,2,1,1,12,0,3,1,142,25,72,239,0,239,--,380,141,142,239,239,Algún campo sin dato,1,ea412d9d4bcc52bbefcb5c13db98899d446f957a2dc68123556d22f87416ba21,25/06/2023 23:38:11,ESCANER
6940,"El Progreso",4,"San Agustín Acasaguastlán",3,759,380,4,17,24,5,34,22,1,23,0,1,0,4,0,0,11,1,0,2,149,26,62,237,0,237,--,380,143,149,237,237,Algún campo sin dato,1,b4367c5e11f67a8fc0302dde8430bcd57be50c99bd04f4d4334acbf304afa08b,26/06/2023 00:00:52,ESCANER
6941,"El Progreso",4,"San Agustín Acasaguastlán",3,760,380,,,,,,,,,,,,,,,,,,,,,,,,,,,,,,,,0,,,
6942,"El Progreso",4,"San Agustín Acasaguastlán",3,760,380,1,10,34,2,46,13,1,34,0,1,2,2,0,2,11,1,4,0,164,30,68,262,0,262,--,380,118,164,262,262,Algún campo sin dato,1,95d03817f552d1f0c00cc5861dcfd0137e1721f7ed1a80058f4e1f757ac3fbdf,26/06/2023 00:24:30,ESCANER
6943,"El Progreso",4,"San Agustín Acasaguastlán",3,760,380,,,,,,,,,,,,,,,,,,,,,,,,,,,,,,,,0,,,
6944,"El Progreso",4,"San Agustín Acasaguastlán",3,760,380,1,6,17,3,34,26,1,24,0,0,0,1,0,0,9,0,0,0,122,25,59,206,0,206,--,380,174,122,206,206,Algún campo sin dato,1,6dcf6271e6dd691c2e2aba61cf2f3efa63b32c7b416ece34af110eceab7ef43c,25/06/2023 23:11:47,ESCANER
6945,"El Progreso",4,"San Agustín Acasaguastlán",3,760,380,,,,,,,,,,,,,,,,,,,,,,,,,,,,,,,,0,,,
6946,"El Progreso",4,"San Agustín Acasaguastlán",3,760,380,2,4,30,4,31,17,1,25,0,0,0,3,0,0,6,2,2,2,129,26,56,211,0,211,--,380,169,129,211,211,Algún campo sin dato,1,122d79b992882075d17365fab3d3392cf4b0cb495dd74509cb08b031f5cf4cb8,25/06/2023 23:34:08,ESCANER
6947,"El Progreso",4,"San Agustín Acasaguastlán",3,760,380,,,,,,,,,,,,,,,,,,,,,,,,,,,,,,,,0,,,
6948,"El Progreso",4,"San Agustín Acasaguastlán",3,760,380,0,12,24,4,30,14,1,19,0,5,1,3,0,0,4,2,2,0,121,21,38,180,0,180,--,381,201,121,180,180,Algún campo sin dato,1,913c47dfe8ee20f89a63c2ae833184e1806d5a5cec4ec90c2784d4c034f6d51e,26/06/2023 00:01:14,ESCANER
6949,"El Progreso",4,"San Agustín Acasaguastlán",3,760,380,,,,,,,,,,,,,,,,,,,,,,,,,,,,,,,,0,,,
6950,"El Progreso",4,"San Agustín Acasaguastlán",3,760,380,,,,,,,,,,,,,,,,,,,,,,,,,,,,,,,,0,,,
6951,"El Progreso",4,"San Agustín Acasaguastlán",3,760,226,1,10,22,3,10,10,0,23,1,0,0,0,2,0,0,0,2,0,84,9,22,115,0,115,--,22,107,84,115,115,Algún campo sin dato,1,9c99ac4cf7485e57cea6ae9c55affcdba5ad2a09aa26c10adbe7a9b7855c23db,25/06/2023 23:42:16,ESCANER
6952,"El Progreso",4,"San Agustín Acasaguastlán",3,760,225,,,,,,,,,,,,,,,,,,,,,,,,,,,,,,,,0,,,
6953,"El Progreso",4,"San Agustín Acasaguastlán",3,761,380,7,4,21,18,14,43,1,24,0,3,1,16,1,0,11,3,6,0,173,33,31,237,0,237,--,380,143,173,237,237,Algún campo sin dato,1,0c61ba1ce34b64d6f815609ee7ff0cc6575aadb0aa23671f023f68fb42864627,25/06/2023 22:51:18,ESCANER
6954,"El Progreso",4,"San Agustín Acasaguastlán",3,761,380,8,4,19,17,21,48,1,28,0,1,2,14,1,4,2,0,3,2,175,27,29,231,0,231,--,380,149,175,231,231,Algún campo sin dato,1,040ded64e0163bea1bd30afe250d8d6cb51a552cea050c243c4c8a74003cdb32,25/06/2023 23:40:57,ESCANER
6955,"El Progreso",4,"San Agustín Acasaguastlán",3,761,380,,,,,,,,,,,,,,,,,,,,,,,,,,,,,,,,0,,,
6956,"El Progreso",4,"San Agustín Acasaguastlán",3,761,380,8,4,36,15,15,37,2,33,0,1,1,6,0,2,3,2,5,1,171,26,33,230,0,230,--,380,150,171,230,230,Algún campo sin dato,1,7cbb3d0884cd4d9aad7c40ff4d4715e1436e23ab91fdade56401178aebf17e9d,25/06/2023 23:50:39,ESCANER
6957,"El Progreso",4,"San Agustín Acasaguastlán",3,761,380,,,,,,,,,,,,,,,,,,,,,,,,,,,,,,,,0,,,
6958,"El Progreso",4,"San Agustín Acasaguastlán",3,761,380,,,,,,,,,,,,,,,,,,,,,,,,,,,,,,,,0,,,
6959,"El Progreso",4,"San Agustín Acasaguastlán",3,761,380,,,,,,,,,,,,,,,,,,,,,,,,,,,,,,,,0,,,
6960,"El Progreso",4,"San Agustín Acasaguastlán",3,761,380,,,,,,,,,,,,,,,,,,,,,,,,,,,,,,,,0,,,
6961,"El Progreso",4,"San Agustín Acasaguastlán",3,761,380,2,5,23,13,17,58,1,13,0,2,0,14,1,4,2,4,3,0,162,24,35,221,0,221,--,383,162,162,221,221,Algún campo sin dato,1,8a99a763f3264b40ade6bbe82a83616b20c45646372b1903e070e729e010373f,26/06/2023 00:18:47,ESCANER
6962,"El Progreso",4,"San Agustín Acasaguastlán",3,761,380,1,1,20,12,13,30,1,27,0,2,1,13,0,2,2,2,4,1,132,32,23,187,0,187,--,371,184,132,187,187,Algún campo sin dato,1,ca26f575dadd63c16f25ad9e1dbd6f7cf0a029a293c5a3b4116c184529a56e33,25/06/2023 23:14:15,ESCANER
6963,"El Progreso",4,"San Agustín Acasaguastlán",3,761,380,4,4,13,18,8,41,0,20,0,0,1,19,3,0,4,2,6,0,143,33,12,188,0,188,--,381,193,143,188,188,Algún campo sin dato,1,ee8a6fb3a97dbfae9fe2ca212e424afba47f5584dee98e9d3cda446a566d3605,25/06/2023 23:29:06,ESCANER
6964,"El Progreso",4,"San Agustín Acasaguastlán",3,761,380,,,,,,,,,,,,,,,,,,,,,,,,,,,,,,,,0,,,
6965,"El Progreso",4,"San Agustín Acasaguastlán",3,761,227,3,3,12,13,2,31,0,17,0,0,0,11,0,0,2,0,2,0,96,9,18,123,0,123,--,227,104,96,123,123,Algún campo sin dato,1,ebbc39ec8fdb5fd22c049c2ce4f619b266c1ca2d8a10bb45c458076cafec5ef8,25/06/2023 22:34:24,ESCANER
6966,"El Progreso",4,"San Agustín Acasaguastlán",3,761,227,3,1,11,6,2,32,0,18,0,2,0,9,1,1,1,0,1,0,88,4,9,101,0,101,--,227,126,88,101,101,Algún campo sin dato,1,e00c78145f9766cad51bfb966013ed509c3e71a5241b001341d8f91f802b4d46,25/06/2023 22:40:49,ESCANER
6967,"El Progreso",4,"San Agustín Acasaguastlán",3,762,600,3,8,26,7,14,21,0,26,2,3,1,3,2,1,7,3,3,1,131,33,26,190,0,190,--,601,411,131,190,190,Algún campo sin dato,1,e3c772f33cebb4e3e228f1cb53ff40d5b0a88ec7f464372dc9c9d829dbe77318,25/06/2023 23:08:23,ESCANER
6968,"El Progreso",4,"San Agustín Acasaguastlán",3,762,305,1,6,13,1,7,12,2,4,0,0,0,1,0,2,1,1,3,0,54,8,17,79,0,79,--,305,226,54,79,79,Algún campo sin dato,1,c3e63c15b29b4111e0a85edf45856ab5ab6cad0aa3fccf9b1567b6107c190c88,25/06/2023 21:53:19,ESCANER
6969,"El Progreso",4,"San Agustín Acasaguastlán",3,762,304,0,1,5,0,2,7,0,4,0,0,0,1,0,2,6,1,0,1,30,2,2,34,0,34,--,303,269,30,34,34,Algún campo sin dato,1,32ae6da999e24f4fe6a415f7e6600f80264fd7156269fa6c320be1354a0fecde,25/06/2023 21:30:32,ESCANER
6970,"El Progreso",4,"San Cristóbal Acasaguastlán",4,763,400,20,5,6,7,8,83,0,51,0,2,1,5,7,0,1,2,8,0,206,47,20,273,0,273,--,401,128,206,273,273,Algún campo sin dato,1,bb53ce6b1cf397f2874cea59a1dde5c6c2429dac1cfcb554fbbaf4a141ace92f,25/06/2023 21:36:54,ESCANER
6971,"El Progreso",4,"San Cristóbal Acasaguastlán",4,763,400,33,3,17,14,17,89,0,65,0,0,0,2,3,1,1,0,5,0,250,31,21,302,--,302,--,400,98,250,302,302,Algún campo sin dato,1,7b211967b8f9a2d45af2e2f8394bc8021fc4d7e794dc349a25395c5942ced090,25/06/2023 23:03:56,ESCANER
6972,"El Progreso",4,"San Cristóbal Acasaguastlán",4,763,400,30,8,11,3,4,122,0,42,0,1,1,1,3,2,4,1,8,0,241,42,16,299,0,299,--,401,101,241,299,299,Algún campo sin dato,1,5c33d5ebefc18c499d2bde9e38a62783a92f621cae945ccb12c4f5aba1660572,25/06/2023 21:18:45,ESCANER
6973,"El Progreso",4,"San Cristóbal Acasaguastlán",4,763,400,24,1,13,1,8,104,1,37,0,2,2,8,6,2,1,0,5,0,215,41,11,267,0,267,1,400,133,215,267,267,,1,34ff1c2cedf61f10dd8b1319e36dd0c2b34b0c3649364c32bc1cb7f4360c4084,25/06/2023 22:09:55,ESCANER
6974,"El Progreso",4,"San Cristóbal Acasaguastlán",4,763,400,24,3,5,6,6,109,1,47,1,0,0,1,4,1,3,0,7,2,220,36,18,274,0,274,--,382,108,220,274,274,Algún campo sin dato,1,ca540dee1880ab11a92effcab78184b5a42e9fd3a3c8bf201eab181dfafed9a1,25/06/2023 21:47:09,ESCANER
6975,"El Progreso",4,"San Cristóbal Acasaguastlán",4,763,223,12,0,10,3,8,67,0,27,3,1,0,0,4,0,0,0,1,0,136,19,5,160,1,161,--,223,62,136,160,161,Algún campo sin dato,1,c5c84fa40aacee76bc607953f538a53e92165edf60a6d92227faef5652fca910,25/06/2023 21:44:18,ESCANER
6976,"El Progreso",4,"San Cristóbal Acasaguastlán",4,763,223,17,0,7,1,2,49,0,28,0,1,0,0,2,1,0,0,3,1,112,7,6,125,7,132,--,223,91,112,125,132,Algún campo sin dato,1,cc40a3f842859e3d161ff7b26289b89c1d259d90f537cbe572ec87416e73510d,25/06/2023 21:16:56,ESCANER
6977,"El Progreso",4,"San Cristóbal Acasaguastlán",4,764,380,14,2,4,2,21,56,0,109,0,1,0,3,1,1,3,0,2,2,221,25,25,271,1,272,--,380,108,221,271,272,Algún campo sin dato,1,470cefa9c1ee294651b927c908f42e2ec21be99f9ac98ee993fc0d1e3fac20e5,25/06/2023 23:51:33,ESCANER
6978,"El Progreso",4,"San Cristóbal Acasaguastlán",4,764,380,10,1,6,1,14,61,0,116,0,2,1,2,0,0,6,0,0,0,220,31,38,289,5,294,--,380,86,220,289,294,Algún campo sin dato,1,6c2b99b6f6bdbe92bf2719713bdec96b2e7843bbe8835d6281820b35f0c5dd90,26/06/2023 00:09:03,ESCANER
6979,"El Progreso",4,"San Cristóbal Acasaguastlán",4,764,380,12,5,2,3,11,38,1,136,1,0,0,3,0,1,3,2,0,0,218,24,35,277,3,280,--,381,101,218,277,280,Algún campo sin dato,1,13023a5e74179e4a0c48e852ea95ab13867a5e0ce2859f2c54d22b15ad5207d4,26/06/2023 00:00:09,ESCANER
6980,"El Progreso",4,"San Cristóbal Acasaguastlán",4,764,380,,,,,,,,,,,,,,,,,,,,,,,,,,,,,,,,0,,,
6981,"El Progreso",4,"San Cristóbal Acasaguastlán",4,764,380,,,,,,,,,,,,,,,,,,,,,,,,,,,,,,,,0,,,
6982,"El Progreso",4,"San Cristóbal Acasaguastlán",4,764,380,12,5,10,2,7,37,0,106,0,2,1,2,1,1,0,0,1,3,190,40,26,256,0,256,--,380,126,190,256,256,Algún campo sin dato,1,470049a63724b7056f5e0a1ff9e9a541a6f1d1b2354aa60c83281834de23b680,25/06/2023 22:52:06,ESCANER
6983,"El Progreso",4,"San Cristóbal Acasaguastlán",4,765,380,19,2,5,0,10,53,1,122,1,3,0,1,2,0,3,1,0,0,223,15,14,252,0,252,--,380,128,223,252,252,Algún campo sin dato,1,cd30cce3abaef1f0f0d06052b8ea7f3e46d5abe53b43ec75b8a89aabe71a6e74,26/06/2023 00:21:30,ESCANER
6984,"El Progreso",4,"San Cristóbal Acasaguastlán",4,765,273,9,3,9,1,8,49,0,85,1,2,1,3,0,0,3,1,3,0,178,7,7,192,5,197,--,270,73,178,192,197,Algún campo sin dato,1,5db3d45a65c960b14554fe98da1cccd7541fd75a1e8cf2faab89e3a4a92fe68d,25/06/2023 23:33:52,ESCANER
6985,"El Progreso",4,"San Cristóbal Acasaguastlán",4,765,272,11,0,4,1,8,34,0,76,0,0,1,3,2,1,1,0,1,0,143,18,10,171,0,171,--,272,101,143,171,171,Algún campo sin dato,1,5f23e5a192fc552a35e819f73d12c1ffb69f0eeeb8b33fcd1cd07db8f1406487,25/06/2023 22:41:56,ESCANER
6986,"El Progreso",4,"San Cristóbal Acasaguastlán",4,766,281,5,0,1,0,3,13,0,14,0,0,0,1,0,1,1,0,1,0,40,9,6,55,0,55,--,281,226,40,55,55,Algún campo sin dato,1,6dee24a5a6453b4150f65dcbd133f7e4c25bd926bf4a618dba8806b5f364b6a1,25/06/2023 21:45:15,ESCANER
6987,"El Progreso",4,"El Jícaro",5,767,400,,,,,,,,,,,,,,,,,,,,,,,,,,,,,,,,0,,,
6988,"El Progreso",4,"El Jícaro",5,767,400,7,15,8,6,15,13,1,105,3,1,--,1,--,4,2,--,1,2,184,41,31,256,0,256,--,400,144,184,256,256,Algún campo sin dato,1,2c463d7f54043eeae340ebdf08d7aebb3fca7a941ed1815d4ef9ca0810105f09,25/06/2023 23:53:19,ESCANER
6989,"El Progreso",4,"El Jícaro",5,767,400,,,,,,,,,,,,,,,,,,,,,,,,,,,,,,,,0,,,
6990,"El Progreso",4,"El Jícaro",5,768,400,,,,,,,,,,,,,,,,,,,,,,,,,,,,,,,,0,,,
6991,"El Progreso",4,"El Jícaro",5,768,400,5,29,10,4,15,12,0,100,6,1,2,3,1,0,2,0,1,3,194,49,34,277,0,277,--,400,123,194,277,277,Algún campo sin dato,1,6635686671810235587f7463b982a818ec579865a467989e1ede2323791bc56c,26/06/2023 00:17:30,ESCANER
6992,"El Progreso",4,"El Jícaro",5,768,400,,,,,,,,,,,,,,,,,,,,,,,,,,,,,,,,0,,,
6993,"El Progreso",4,"El Jícaro",5,768,400,,,,,,,,,,,,,,,,,,,,,,,,,,,,,,,,0,,,
6994,"El Progreso",4,"El Jícaro",5,768,400,,,,,,,,,,,,,,,,,,,,,,,,,,,,,,,,0,,,
6995,"El Progreso",4,"El Jícaro",5,769,400,7,17,10,6,19,18,1,113,7,2,0,4,3,2,2,1,0,0,212,30,21,263,0,263,--,400,137,212,263,263,Algún campo sin dato,1,8ebb70a592d1bbb7373c081a4943f1f656d2f6eb10722cebaf87a78bb1606e3f,25/06/2023 23:01:14,ESCANER
6996,"El Progreso",4,"El Jícaro",5,769,400,2,18,14,5,13,21,0,103,7,0,0,6,3,2,0,0,1,1,196,32,28,256,0,256,--,407,144,196,256,256,Algún campo sin dato,1,56d91b511cd475d3146759425de9489809ad4fa99af430225709493c12f9001a,25/06/2023 23:05:13,ESCANER
6997,"El Progreso",4,"El Jícaro",5,770,400,,,,,,,,,,,,,,,,,,,,,,,,,,,,,,,,0,,,
6998,"El Progreso",4,"El Jícaro",5,770,400,,,,,,,,,,,,,,,,,,,,,,,,,,,,,,,,0,,,
6999,"El Progreso",4,"El Jícaro",5,770,400,8,14,10,12,9,21,--,97,4,1,1,3,2,1,1,1,--,2,187,44,20,251,--,251,--,400,149,187,251,251,Algún campo sin dato,1,aedeaf0cff39e1c10f0667e3bf761c947d4a80acd99cf1c58074bca1b094026b,25/06/2023 23:19:16,ESCANER
7000,"El Progreso",4,"El Jícaro",5,770,400,,,,,,,,,,,,,,,,,,,,,,,,,,,,,,,,0,,,
7001,"El Progreso",4,"El Jícaro",5,771,400,8,27,8,1,4,19,0,148,3,0,1,5,3,4,1,0,1,0,233,23,9,265,0,265,--,403,138,233,265,265,Algún campo sin dato,1,00e3b53f328ca4380eb1fa021a852c6ca6cc525fc96457a04f25e85b09dd2e1f,25/06/2023 23:57:00,ESCANER
7002,"El Progreso",4,"El Jícaro",5,771,400,4,30,7,6,10,20,1,109,7,2,0,2,6,1,3,0,0,0,208,26,24,258,0,258,--,401,143,208,258,258,Algún campo sin dato,1,3927baffefa7790d62aa69ec3c830bcf759f245aae8d21e0377122d165672236,25/06/2023 23:15:31,ESCANER
7003,"El Progreso",4,"El Jícaro",5,772,310,5,14,10,7,10,22,3,88,6,0,0,5,4,0,0,1,0,0,175,21,15,211,1,212,--,308,96,175,211,212,Algún campo sin dato,1,685f7b727b247a5fea5ccd8fdedc42e965f3f919dd50c3bc90a7e36b37b7eb2f,26/06/2023 00:16:41,ESCANER
7004,"El Progreso",4,"El Jícaro",5,772,309,3,11,5,2,7,6,1,70,3,1,0,2,2,3,1,0,0,0,117,23,10,150,0,150,--,308,158,117,150,150,Algún campo sin dato,1,b868d9dc736d224549d3f85a11680d916ce17067149fa78bb947b22642c01358,25/06/2023 23:35:45,ESCANER
7005,"El Progreso",4,"El Jícaro",5,773,380,,,,,,,,,,,,,,,,,,,,,,,,,,,,,,,,0,,,
7006,"El Progreso",4,"El Jícaro",5,773,380,,,,,,,,,,,,,,,,,,,,,,,,,,,,,,,,0,,,
7007,"El Progreso",4,"El Jícaro",5,773,380,,,,,,,,,,,,,,,,,,,,,,,,,,,,,,,,0,,,
7008,"El Progreso",4,"El Jícaro",5,773,380,3,5,11,3,28,57,0,78,2,0,0,2,2,4,1,0,5,1,202,25,12,239,0,239,0,380,141,202,239,239,,1,1dc46df553392b65b57257f510251626810e410d32ca8ebf7cf731c2eb08af32,26/06/2023 00:00:59,ESCANER
7009,"El Progreso",4,"El Jícaro",5,773,380,6,7,22,0,24,47,1,80,0,2,1,5,0,1,1,2,0,0,199,20,22,241,0,241,--,381,140,199,241,241,Algún campo sin dato,1,6587edef4dea142193eacba4142ba0016010764b4e4eaf456601ee72865cc52d,25/06/2023 22:53:32,ESCANER
7010,"El Progreso",4,"El Jícaro",5,773,249,4,5,18,2,15,53,0,50,0,0,0,0,1,1,0,0,0,0,149,9,4,162,0,162,--,250,88,149,162,162,Algún campo sin dato,1,97bb2c87327bcfab0983fffc07137a7cd1de77245abf8e8b6112ebbeaa810216,25/06/2023 22:00:13,ESCANER
7011,"El Progreso",4,"El Jícaro",5,773,248,4,5,12,2,13,40,2,57,1,0,0,2,0,0,0,0,0,0,138,14,5,157,0,157,0,247,90,138,157,157,,1,8812d7821b191f53f67e9b5d3b741f1f130b89185271398607333ce579665fe6,25/06/2023 23:23:39,ESCANER
7012,"El Progreso",4,"El Jícaro",5,774,566,,,,,,,,,,,,,,,,,,,,,,,,,,,,,,,,0,,,
7013,"El Progreso",4,"Sansare",6,775,400,,,,,,,,,,,,,,,,,,,,,,,,,,,,,,,,0,,,
7014,"El Progreso",4,"Sansare",6,775,400,,,,,,,,,,,,,,,,,,,,,,,,,,,,,,,,0,,,
7015,"El Progreso",4,"Sansare",6,775,400,,,,,,,,,,,,,,,,,,,,,,,,,,,,,,,,0,,,
7016,"El Progreso",4,"Sansare",6,775,400,,,,,,,,,,,,,,,,,,,,,,,,,,,,,,,,0,,,
7017,"El Progreso",4,"Sansare",6,775,400,83,2,19,4,51,36,0,40,8,0,1,7,1,0,1,0,1,0,254,28,23,305,0,305,--,400,95,254,305,305,Algún campo sin dato,1,704e4fcdd1f86c86713bbd8ac3e4d9ee0d27c33b912c0d6028999db93d81ffb2,26/06/2023 00:20:04,ESCANER
7018,"El Progreso",4,"Sansare",6,775,400,59,3,12,1,62,34,0,58,4,0,0,3,1,1,3,0,0,0,241,31,20,292,1,293,--,399,107,241,292,293,Algún campo sin dato,1,c3a121218594c3738a61df112ee4604723ac3c5c98c45961766e8653aa3a5b61,25/06/2023 23:09:12,ESCANER
7019,"El Progreso",4,"Sansare",6,775,400,,,,,,,,,,,,,,,,,,,,,,,,,,,,,,,,0,,,
7020,"El Progreso",4,"Sansare",6,775,400,82,3,37,6,64,13,0,52,0,1,0,7,1,4,3,0,0,0,273,33,16,322,0,322,--,400,78,273,322,322,Algún campo sin dato,1,4b841a331fe48dbb85b534f626a61b936c4382ce07953367fb4fca2c48f65cef,25/06/2023 23:33:02,ESCANER
7021,"El Progreso",4,"Sansare",6,775,400,78,2,29,7,58,26,0,57,8,0,0,5,3,3,0,0,0,0,279,27,15,321,0,321,--,413,92,276,318,318,Sumas Asentadas sin cuadrar,1,eb65fe1d114eba8d8dd914ea312278c8d5344cdfe7b960cda9b8f56d48b7e8f6,25/06/2023 23:16:02,ESCANER
7022,"El Progreso",4,"Sansare",6,775,400,81,1,29,1,38,26,0,51,8,2,0,3,4,3,2,0,1,0,250,25,9,284,0,284,--,400,116,250,284,284,Algún campo sin dato,1,92c3f327fcd795df5bd40528bf5213a195fe70444f18ab291e30bb1dc2d2654c,25/06/2023 22:36:24,ESCANER
7023,"El Progreso",4,"Sansare",6,775,400,75,3,24,2,37,18,0,46,10,0,0,4,3,4,1,1,1,0,229,28,16,273,0,273,--,400,127,229,273,273,Algún campo sin dato,1,6ebf93a6ceb6a047685b64f8f1dc2b04a312895f51629c7922880440ac76f412,25/06/2023 23:06:15,ESCANER
7024,"El Progreso",4,"Sansare",6,775,400,69,3,28,0,31,21,0,46,10,0,0,9,3,6,0,0,1,0,227,30,9,266,0,266,--,--,--,227,266,266,Algún campo sin dato,1,a14b7b3ab94777b6ccbca3042d3d404eb63a23bc58e9779794b5f4f95284a8dc,25/06/2023 21:27:11,ESCANER
7025,"El Progreso",4,"Sansare",6,776,400,67,5,19,1,37,32,1,46,10,2,0,9,5,3,2,0,0,0,239,27,11,277,0,277,--,411,134,239,277,277,Algún campo sin dato,1,e70256873eb53e2560fdc7a147f46f9e50464ad9e3eba51aae301f48187304c3,25/06/2023 23:35:57,ESCANER
7026,"El Progreso",4,"Sansare",6,776,400,83,0,29,2,40,22,1,37,9,1,0,3,2,1,2,0,2,0,234,26,13,273,0,273,--,385,112,234,273,273,Algún campo sin dato,1,f3287b43d461475b65b8ba683566cf4a9c02e1cc448a0370288900790bac51e7,25/06/2023 21:26:22,ESCANER
7027,"El Progreso",4,"Sansare",6,776,400,90,5,38,1,30,23,0,54,4,1,0,12,1,4,0,0,0,0,263,20,3,286,4,290,--,400,110,263,286,290,Algún campo sin dato,1,23d6dc0d8b1baa9a51be904637c4cd41c6d00df82b6dc95afd8ad9fe45c392b8,25/06/2023 23:44:56,ESCANER
7028,"El Progreso",4,"Sansare",6,776,400,73,4,19,2,46,19,0,53,6,0,1,6,3,3,0,0,2,2,239,24,3,266,2,268,--,400,132,239,266,268,Algún campo sin dato,1,2a9bb95a1c585b7848936cb79c5012f04a1c95ac206eaec6318fd3a2aa66360f,26/06/2023 00:06:43,ESCANER
7029,"El Progreso",4,"Sansare",6,776,400,98,3,29,3,54,28,0,56,12,0,0,8,0,2,0,1,0,1,295,21,2,318,0,318,--,400,82,295,318,318,Algún campo sin dato,1,19ac63e84649723280d038c7bfdd6a25366ca2e074fa9e4adf8332f064a25ce2,26/06/2023 00:07:18,ESCANER
7030,"El Progreso",4,"Sansare",6,776,262,,,,,,,,,,,,,,,,,,,,,,,,,,,,,,,,0,,,
7031,"El Progreso",4,"Sansare",6,776,261,45,3,14,1,25,8,0,16,5,2,0,4,2,1,1,1,3,0,131,11,4,146,5,151,0,261,110,131,146,151,,1,e5ef92810a16d7aa2ddde930b3eaa048053c35e654799ceac0daeff4aecf5df8,25/06/2023 22:31:10,ESCANER
7032,"El Progreso",4,"Sansare",6,777,380,,,,,,,,,,,,,,,,,,,,,,,,,,,,,,,,0,,,
7033,"El Progreso",4,"Sansare",6,777,380,44,0,30,4,51,7,0,43,5,1,0,3,0,3,2,0,0,0,193,17,25,235,0,235,--,380,145,193,235,235,Algún campo sin dato,1,330ddfabd796939173bd34d40d1ee3193fe53c83b122f68787f38af315a83643,25/06/2023 23:41:05,ESCANER
7034,"El Progreso",4,"Sansare",6,777,240,20,0,15,2,18,10,0,27,3,0,0,1,1,0,0,0,0,0,97,6,8,111,0,111,--,241,130,97,111,111,Algún campo sin dato,1,a58f6f45ad3ccc249699d84850f4f55235806eef32904353aa64f89b1d03c4ed,25/06/2023 21:49:53,ESCANER
7035,"El Progreso",4,"Sansare",6,777,240,23,0,29,3,23,7,0,28,1,0,0,2,2,1,3,0,0,0,122,8,5,135,0,135,--,240,105,122,135,135,Algún campo sin dato,1,d4412ecff2a5463f993018aa5858611864eac510ff20cecf05d21df38bb2151a,25/06/2023 21:12:05,ESCANER
7036,"El Progreso",4,"Sansare",6,778,380,93,1,2,3,26,7,0,112,1,1,0,4,0,1,0,0,0,0,251,13,28,292,0,292,--,380,88,251,292,292,Algún campo sin dato,1,fb07f45f807efe9b6c4209fb9f03da6da7b74a43cea14de2a3044c947fbd27ed,25/06/2023 22:26:33,ESCANER
7037,"El Progreso",4,"Sansare",6,778,332,68,0,8,1,27,8,0,97,0,0,0,1,0,0,1,0,0,0,211,12,28,251,0,251,--,332,81,211,251,251,Algún campo sin dato,1,cc817c22edb22f51bb0622ce2df81a85edbc69b1ef776e781310822d4f7cdde5,25/06/2023 21:35:12,ESCANER
7038,"El Progreso",4,"Sansare",6,778,332,85,0,4,1,16,7,0,99,1,0,0,2,0,0,3,0,0,0,218,17,6,241,0,241,--,331,90,218,241,241,Algún campo sin dato,1,af555baa0b4dbd6e667b5d7aaa6736d69135d84e1ad8a1d12ec2732e3cd72067,25/06/2023 21:59:03,ESCANER
7039,"El Progreso",4,"Sansare",6,779,466,23,0,19,0,13,3,0,10,4,0,0,2,0,2,0,0,0,1,77,13,7,97,0,97,--,466,369,77,97,97,Algún campo sin dato,1,0466c05b28252abed8c329fa8c34003bda620f63b9ac6157438723a2355153ff,25/06/2023 21:16:50,ESCANER
7040,"El Progreso",4,"Sanarate",7,780,400,,,,,,,,,,,,,,,,,,,,,,,,,,,,,,,,0,,,
7041,"El Progreso",4,"Sanarate",7,780,400,,,,,,,,,,,,,,,,,,,,,,,,,,,,,,,,0,,,
7042,"El Progreso",4,"Sanarate",7,780,400,,,,,,,,,,,,,,,,,,,,,,,,,,,,,,,,0,,,
7043,"El Progreso",4,"Sanarate",7,780,400,,,,,,,,,,,,,,,,,,,,,,,,,,,,,,,,0,,,
7044,"El Progreso",4,"Sanarate",7,780,400,,,,,,,,,,,,,,,,,,,,,,,,,,,,,,,,0,,,
7045,"El Progreso",4,"Sanarate",7,780,400,,,,,,,,,,,,,,,,,,,,,,,,,,,,,,,,0,,,
7046,"El Progreso",4,"Sanarate",7,780,400,,,,,,,,,,,,,,,,,,,,,,,,,,,,,,,,0,,,
7047,"El Progreso",4,"Sanarate",7,780,400,,,,,,,,,,,,,,,,,,,,,,,,,,,,,,,,0,,,
7048,"El Progreso",4,"Sanarate",7,780,400,,,,,,,,,,,,,,,,,,,,,,,,,,,,,,,,0,,,
7049,"El Progreso",4,"Sanarate",7,780,400,,,,,,,,,,,,,,,,,,,,,,,,,,,,,,,,0,,,
7050,"El Progreso",4,"Sanarate",7,780,400,,,,,,,,,,,,,,,,,,,,,,,,,,,,,,,,0,,,
7051,"El Progreso",4,"Sanarate",7,780,400,,,,,,,,,,,,,,,,,,,,,,,,,,,,,,,,0,,,
7052,"El Progreso",4,"Sanarate",7,780,400,,,,,,,,,,,,,,,,,,,,,,,,,,,,,,,,0,,,
7053,"El Progreso",4,"Sanarate",7,780,400,,,,,,,,,,,,,,,,,,,,,,,,,,,,,,,,0,,,
7054,"El Progreso",4,"Sanarate",7,780,400,,,,,,,,,,,,,,,,,,,,,,,,,,,,,,,,0,,,
7055,"El Progreso",4,"Sanarate",7,780,400,,,,,,,,,,,,,,,,,,,,,,,,,,,,,,,,0,,,
7056,"El Progreso",4,"Sanarate",7,780,329,,,,,,,,,,,,,,,,,,,,,,,,,,,,,,,,0,,,
7057,"El Progreso",4,"Sanarate",7,780,328,,,,,,,,,,,,,,,,,,,,,,,,,,,,,,,,0,,,
7058,"El Progreso",4,"Sanarate",7,781,400,,,,,,,,,,,,,,,,,,,,,,,,,,,,,,,,0,,,
7059,"El Progreso",4,"Sanarate",7,781,400,,,,,,,,,,,,,,,,,,,,,,,,,,,,,,,,0,,,
7060,"El Progreso",4,"Sanarate",7,781,400,,,,,,,,,,,,,,,,,,,,,,,,,,,,,,,,0,,,
7061,"El Progreso",4,"Sanarate",7,781,304,,,,,,,,,,,,,,,,,,,,,,,,,,,,,,,,0,,,
7062,"El Progreso",4,"Sanarate",7,781,303,,,,,,,,,,,,,,,,,,,,,,,,,,,,,,,,0,,,
7063,"El Progreso",4,"Sanarate",7,782,400,,,,,,,,,,,,,,,,,,,,,,,,,,,,,,,,0,,,
7064,"El Progreso",4,"Sanarate",7,782,400,64,4,13,1,18,1,0,121,2,1,1,2,3,0,2,2,2,0,235,25,5,265,0,265,--,402,137,237,267,267,Sumas Asentadas sin cuadrar,1,b1f2f173dc575c7b69ac44e8a98555bef41318ccf1a5da98a6e7706ca9649b36,26/06/2023 00:04:43,ESCANER
7065,"El Progreso",4,"Sanarate",7,782,236,28,4,8,0,18,3,0,80,0,0,0,2,2,0,2,0,0,0,147,14,5,166,0,166,--,236,70,147,166,166,Algún campo sin dato,1,ab7dba4ffb1248a9b532dcf150d2a2621ebe1430d0911e3464924266fba982b3,25/06/2023 23:27:16,ESCANER
7066,"El Progreso",4,"Sanarate",7,782,236,25,5,6,0,15,1,0,67,1,0,0,5,3,1,0,1,1,0,131,15,4,150,0,150,--,236,86,131,150,150,Algún campo sin dato,1,b828b7ece2da244b917c3330d1c82a22e9f6886726c99883d9c1162c510337fd,25/06/2023 23:12:47,ESCANER
7067,"El Progreso",4,"Sanarate",7,783,400,,,,,,,,,,,,,,,,,,,,,,,,,,,,,,,,0,,,
7068,"El Progreso",4,"Sanarate",7,783,400,,,,,,,,,,,,,,,,,,,,,,,,,,,,,,,,0,,,
7069,"El Progreso",4,"Sanarate",7,783,388,66,6,12,0,23,3,0,112,3,2,0,3,6,3,2,2,0,0,243,26,4,273,0,273,--,388,115,243,273,273,Algún campo sin dato,1,d572ccc25b06409737d1116d1a76362dcdff319156b6812677268fde75e38d59,25/06/2023 23:24:57,ESCANER
7070,"El Progreso",4,"Sanarate",7,783,387,77,14,15,0,20,4,1,114,1,0,0,1,7,0,2,2,0,1,259,15,1,275,0,275,--,387,112,259,275,275,Algún campo sin dato,1,5562be4af37e8b1c8911723fba7c8625e68d2b366148503f060aa7d3b9088f26,25/06/2023 23:04:45,ESCANER
7071,"El Progreso",4,"Sanarate",7,784,400,,,,,,,,,,,,,,,,,,,,,,,,,,,,,,,,0,,,
7072,"El Progreso",4,"Sanarate",7,784,218,23,6,12,8,0,2,0,50,0,4,0,1,1,2,0,1,0,2,113,14,5,132,0,132,--,--,--,112,131,131,Sumas Asentadas sin cuadrar,1,e4287ce49ca3d7234aa682e1078f081ef05ac028e53c6eab0a5c6e0f5dc67095,25/06/2023 21:50:47,ESCANER
7073,"El Progreso",4,"Sanarate",7,784,217,35,7,17,0,14,2,0,51,2,0,0,2,3,1,2,0,0,0,136,13,1,150,0,150,--,217,67,136,150,150,Algún campo sin dato,1,907de191497c181c1a638fde757daddd2b1ff483ce6a0b353f93d02ed4ee3447,25/06/2023 22:46:50,ESCANER
7074,"El Progreso",4,"Sanarate",7,785,295,48,5,4,5,15,6,1,66,2,2,0,6,1,0,1,3,1,1,167,12,10,189,0,189,--,--,--,167,189,189,Algún campo sin dato,1,d8cac4ebf7f43fe9ad97282fedd59a3960f1f1c2e5c9c4c097eb2bbdc1a17289,25/06/2023 21:53:11,ESCANER
7075,"El Progreso",4,"Sanarate",7,786,206,30,3,6,0,22,3,0,58,1,0,0,2,3,1,0,1,0,1,131,12,5,148,0,148,--,206,58,131,148,148,Algún campo sin dato,1,279528439f78345c632d2d2591d1edad9411ff454cd1e23b59c33e5cba808765,25/06/2023 23:12:28,ESCANER
7076,"El Progreso",4,"Sanarate",7,787,400,,,,,,,,,,,,,,,,,,,,,,,,,,,,,,,,0,,,
7077,"El Progreso",4,"Sanarate",7,787,400,72,6,24,0,42,2,0,100,2,0,1,8,8,1,4,1,1,0,272,34,12,318,0,318,--,400,82,272,318,318,Algún campo sin dato,1,60ebba24fec770179e59fed3a603e2232bb092cbec2ca3f560f8b9d952f2bf84,26/06/2023 00:21:13,ESCANER
7078,"El Progreso",4,"Sanarate",7,787,400,,,,,,,,,,,,,,,,,,,,,,,,,,,,,,,,0,,,
7079,"El Progreso",4,"Sanarate",7,787,400,56,7,17,0,48,4,0,70,4,2,0,0,6,1,0,1,1,0,217,35,10,262,0,262,--,393,131,217,262,262,Algún campo sin dato,1,a59ff91bf38c7658faf1ed075cbd67b74359eb3829b6067780f791ff63f44b18,26/06/2023 00:10:42,ESCANER
7080,"El Progreso",4,"Sanarate",7,787,212,43,3,16,0,32,2,1,34,5,0,0,1,2,0,2,0,0,0,141,13,2,0,0,156,0,212,53,141,156,156,,1,ac48750b184cf22667291136c43ba1b795165cafa4ae546d67ee94f63b5429a2,25/06/2023 23:15:17,ESCANER
7081,"El Progreso",4,"Sanarate",7,787,211,35,6,8,0,32,1,0,33,2,1,1,3,2,0,1,3,0,0,128,13,7,148,0,148,--,211,63,128,148,148,Algún campo sin dato,1,734afa6b90e7a9239c7b714eeb7826fc336e32b58f85a95eeda56e7677c6d665,25/06/2023 23:41:10,ESCANER
7082,"El Progreso",4,"Sanarate",7,788,380,20,4,74,2,34,3,0,97,0,2,0,1,3,1,3,3,6,0,253,23,8,284,0,284,--,380,96,253,284,284,Algún campo sin dato,1,fecd66fadcd44f958ea3884168c65491f33a07cebf06bea5cb993970ab91c351,26/06/2023 00:22:11,ESCANER
7083,"El Progreso",4,"Sanarate",7,788,380,35,5,76,1,21,5,0,116,1,2,0,1,1,0,1,0,2,0,267,20,6,293,0,293,--,380,87,267,293,293,Algún campo sin dato,1,5b65945893e3694b4f2782aa0348e700bab081d80c5af6c563307d62dbce4001,25/06/2023 23:54:54,ESCANER
7084,"El Progreso",4,"Sanarate",7,788,380,,,,,,,,,,,,,,,,,,,,,,,,,,,,,,,,0,,,
7085,"El Progreso",4,"Sanarate",7,788,380,31,8,66,2,33,5,1,85,4,1,0,1,1,1,3,0,3,0,245,18,6,269,0,269,--,380,111,245,269,269,Algún campo sin dato,1,fe4d4fa1cc3f2f0976cac55b6ababa5216f6fbf19be04a78472abfa825d31c9e,25/06/2023 23:16:03,ESCANER
7086,"El Progreso",4,"Sanarate",7,788,278,16,7,50,0,18,2,0,72,1,0,0,2,3,2,0,1,1,0,175,18,2,195,0,195,--,278,83,175,195,195,Algún campo sin dato,1,2e3c778a41425022669a37e5e0989fea5a11130a545bd1c5c34e4d2698151f5b,26/06/2023 00:17:56,ESCANER
7087,"El Progreso",4,"Sanarate",7,788,278,22,6,48,2,16,5,0,71,1,0,0,0,4,0,1,1,2,0,179,11,2,192,0,192,--,278,86,179,192,192,Algún campo sin dato,1,4be7b10e51ca50858e9ecac7eec96aaa92005c86b58150c3ddd95cdb15686d85,25/06/2023 23:00:15,ESCANER
7088,"El Progreso",4,"Sanarate",7,789,380,49,1,11,1,24,4,0,103,0,3,2,1,1,0,3,1,0,0,204,29,17,250,0,250,--,380,130,204,250,250,Algún campo sin dato,1,d85979fbda748aaa6aec571cf2ee8f08d08d786b3b9e647ef52bdc6dd41d365a,25/06/2023 23:41:57,ESCANER
7089,"El Progreso",4,"Sanarate",7,789,380,41,4,6,0,17,2,0,144,1,0,0,2,1,1,3,1,0,2,225,44,0,269,0,269,--,380,111,225,269,269,Algún campo sin dato,1,05e37a281bf9d22bcf734b8074218e64fdeb7de3fcd6f3446e2f9dc57c897eca,25/06/2023 23:14:58,ESCANER
7090,"El Progreso",4,"Sanarate",7,789,380,37,5,7,1,20,0,1,161,0,0,0,3,0,0,8,3,1,1,248,22,15,285,0,285,--,380,95,248,285,285,Algún campo sin dato,1,38abeeaeefa4e7427cda7e2c3b79f22051e7b3670e663cd7fb861525b9613805,25/06/2023 23:05:29,ESCANER
7091,"El Progreso",4,"Sanarate",7,789,380,,,,,,,,,,,,,,,,,,,,,,,,,,,,,,,,0,,,
7092,"El Progreso",4,"Sanarate",7,789,380,,,,,,,,,,,,,,,,,,,,,,,,,,,,,,,,0,,,
7093,"El Progreso",4,"Sanarate",7,789,365,,,,,,,,,,,,,,,,,,,,,,,,,,,,,,,,0,,,
7094,"El Progreso",4,"Sanarate",7,789,364,,,,,,,,,,,,,,,,,,,,,,,,,,,,,,,,0,,,
7095,"El Progreso",4,"Sanarate",7,790,380,,,,,,,,,,,,,,,,,,,,,,,,,,,,,,,,0,,,
7096,"El Progreso",4,"Sanarate",7,790,380,,,,,,,,,,,,,,,,,,,,,,,,,,,,,,,,0,,,
7097,"El Progreso",4,"Sanarate",7,790,238,21,4,2,1,42,0,1,42,4,0,0,0,3,1,1,0,1,0,123,11,9,143,1,144,--,235,92,123,143,144,Algún campo sin dato,1,31921740e46d9599952504ea4a15df9a830094b96fa029112c4bbc612aef3f36,25/06/2023 22:00:35,ESCANER
7098,"El Progreso",4,"Sanarate",7,790,238,13,3,1,0,38,1,0,56,8,0,0,1,5,0,0,0,2,1,129,7,8,144,0,144,--,238,92,129,144,144,Algún campo sin dato,1,d5d938b3a8bd909ecdef7c1162a5084507ffaa3eb18ed6d0f5c08ad0c4c649e1,25/06/2023 23:32:37,ESCANER
7099,"El Progreso",4,"Sanarate",7,791,380,,,,,,,,,,,,,,,,,,,,,,,,,,,,,,,,0,,,
7100,"El Progreso",4,"Sanarate",7,791,380,,,,,,,,,,,,,,,,,,,,,,,,,,,,,,,,0,,,
7101,"El Progreso",4,"Sanarate",7,791,380,,,,,,,,,,,,,,,,,,,,,,,,,,,,,,,,0,,,
7102,"El Progreso",4,"Sanarate",7,791,194,44,2,3,1,30,2,0,32,1,0,0,1,2,2,0,1,1,0,122,15,3,140,0,140,--,194,54,122,140,140,Algún campo sin dato,1,566a6687ecda1d0a4349eaf5ddb137ce142e0b310649238b239131c9edc005ce,25/06/2023 23:56:27,ESCANER
7103,"El Progreso",4,"Sanarate",7,791,193,35,3,8,1,27,5,0,27,1,0,0,0,3,1,1,1,2,0,115,19,3,0,0,137,--,193,56,115,137,137,Algún campo sin dato,1,f83eab3f5c2fe8ce68f36d52df6dab986ca595a98bc165b0a4762ae0f5865d2f,26/06/2023 00:07:31,ESCANER
7104,"El Progreso",4,"Sanarate",7,792,380,33,6,10,0,43,5,0,141,1,0,0,7,1,1,7,3,0,1,259,23,12,294,0,294,--,380,86,259,294,294,Algún campo sin dato,1,87eaffab7b1446ee5ac2eba9417de1d1054301b29cf8e74912b916206c389959,25/06/2023 23:26:01,ESCANER
7105,"El Progreso",4,"Sanarate",7,792,359,,,,,,,,,,,,,,,,,,,,,,,,,,,,,,,,0,,,
7106,"El Progreso",4,"Sanarate",7,792,358,36,1,6,1,45,5,1,135,1,2,1,3,4,0,3,1,0,0,245,9,12,266,0,266,--,358,92,245,266,266,Algún campo sin dato,1,08da3ae912cff23210a24e4879a53cdd767d0fe3c7f3cbe5d0365618f25f8792,25/06/2023 22:51:55,ESCANER
7107,"El Progreso",4,"Sanarate",7,793,380,,,,,,,,,,,,,,,,,,,,,,,,,,,,,,,,0,,,
7108,"El Progreso",4,"Sanarate",7,793,380,,,,,,,,,,,,,,,,,,,,,,,,,,,,,,,,0,,,
7109,"El Progreso",4,"Sanarate",7,793,250,,,,,,,,,,,,,,,,,,,,,,,,,,,,,,,,0,,,
7110,"El Progreso",4,"Sanarate",7,793,249,22,2,4,0,25,2,0,78,0,0,0,1,0,0,2,1,0,0,137,17,0,154,0,154,--,249,95,137,154,154,Algún campo sin dato,1,d9e8c4815ba3f47be92fb0564dccf9006fd5ada85c44edc4d1ecb4eb9d1b1dcb,25/06/2023 22:43:25,ESCANER
7111,"El Progreso",4,"Sanarate",7,794,380,,,,,,,,,,,,,,,,,,,,,,,,,,,,,,,,0,,,
7112,"El Progreso",4,"Sanarate",7,794,380,32,4,6,1,15,8,0,159,2,5,0,8,2,2,1,1,0,0,246,26,8,280,0,280,--,380,100,246,280,280,Algún campo sin dato,1,43c1a6ea1a67b594a7706c504147b5f775a2d7ec89d4afcbdd5cb1cada9c7536,26/06/2023 00:22:13,ESCANER
7113,"El Progreso",4,"Sanarate",7,794,238,19,4,0,1,14,8,0,73,0,0,0,5,3,2,0,2,0,1,133,31,6,170,0,170,--,235,65,132,169,169,Sumas Asentadas sin cuadrar,1,69d5761c221a6fb099f60ca4edf303383c8b9cbc6c0e2cae3d34245c9ab3966d,25/06/2023 23:00:39,ESCANER
7114,"El Progreso",4,"Sanarate",7,794,238,18,4,1,0,10,4,0,101,2,0,2,2,3,2,0,0,0,0,149,12,2,163,0,163,--,235,72,149,163,163,Algún campo sin dato,1,d9b0cdfc170e9268a64977eda61bb0efd875044ab5b615f8fcb1ab23837623c0,26/06/2023 00:12:21,ESCANER
7115,"El Progreso",4,"Sanarate",7,795,600,,,,,,,,,,,,,,,,,,,,,,,,,,,,,,,,0,,,
7116,"El Progreso",4,"Sanarate",7,795,493,40,2,22,2,18,1,1,35,0,0,0,1,2,3,2,1,0,1,131,19,7,157,0,157,--,493,336,131,157,157,Algún campo sin dato,1,ed4e46dcf7a69e0b5408fb3c8d0a01342486687cbcd6bfcb57ebd67280969e24,25/06/2023 23:38:07,ESCANER
7117,"El Progreso",4,"Sanarate",7,795,493,8,1,3,0,3,0,0,15,2,0,0,0,0,1,1,0,0,0,34,1,2,37,0,37,--,489,452,34,37,37,Algún campo sin dato,1,5c781df08d46bad294c7410f6667f4c47a866c7e0d2c79460fe17a58b1468e91,25/06/2023 23:13:23,ESCANER
7118,"El Progreso",4,"San Antonio La Paz",8,796,400,49,2,23,12,15,9,0,42,3,2,10,1,3,3,6,1,0,1,182,30,19,231,0,231,--,397,166,182,231,231,Algún campo sin dato,1,98159bb7a2fb21b9bfa95f539264acfef5dfbd86e7355c8264a8703919056384,25/06/2023 23:22:38,ESCANER
7119,"El Progreso",4,"San Antonio La Paz",8,796,400,,,,,,,,,,,,,,,,,,,,,,,,,,,,,,,,0,,,
7120,"El Progreso",4,"San Antonio La Paz",8,796,400,,,,,,,,,,,,,,,,,,,,,,,,,,,,,,,,0,,,
7121,"El Progreso",4,"San Antonio La Paz",8,796,400,63,1,26,13,16,4,0,39,2,2,7,2,3,3,0,1,1,1,184,39,21,244,0,244,--,402,158,184,244,244,Algún campo sin dato,1,dc6c80a5a6a595953f42bb2b5624dc9d3fd04ab2c6b91fccf88445bb48766f91,25/06/2023 23:06:25,ESCANER
7122,"El Progreso",4,"San Antonio La Paz",8,796,400,74,0,14,4,17,7,1,54,3,0,5,2,3,1,6,2,0,1,194,40,22,256,0,256,--,400,144,194,256,256,Algún campo sin dato,1,ee31617cdea4dc46dedbf42b4f01792df8dac0e770ded2189c4008635398a4c3,25/06/2023 22:53:30,ESCANER
7123,"El Progreso",4,"San Antonio La Paz",8,796,400,45,1,18,3,20,7,1,71,2,3,5,4,8,2,3,0,1,0,194,39,28,261,0,261,--,401,140,194,261,261,Algún campo sin dato,1,731ccdebec35ad4e0b0febb2a7eac5ea551c51ea19c30d799d69fa234060d49b,25/06/2023 22:51:42,ESCANER
7124,"El Progreso",4,"San Antonio La Paz",8,796,400,,,,,,,,,,,,,,,,,,,,,,,,,,,,,,,,0,,,
7125,"El Progreso",4,"San Antonio La Paz",8,796,400,52,1,20,6,17,7,1,58,5,1,3,2,3,2,4,0,1,1,184,20,16,220,0,220,--,401,181,184,220,220,Algún campo sin dato,1,6e15f2d08625a69e1327bded1e437aa3923ac1ebcde91b902e404fcdf4020cb5,25/06/2023 23:44:09,ESCANER
7126,"El Progreso",4,"San Antonio La Paz",8,796,400,44,3,18,4,6,4,0,45,5,3,6,0,6,5,4,1,0,2,156,41,7,204,0,204,--,400,196,156,204,204,Algún campo sin dato,1,3f94ee6ceb636b7836e6eccf4e7e3dd60635e51f666a1c5a81c55361e96952dd,26/06/2023 00:17:37,ESCANER
7127,"El Progreso",4,"San Antonio La Paz",8,796,400,,,,,,,,,,,,,,,,,,,,,,,,,,,,,,,,0,,,
7128,"El Progreso",4,"San Antonio La Paz",8,796,400,42,5,22,10,8,5,1,55,4,0,2,3,7,3,0,2,1,1,171,30,25,226,0,226,--,400,174,171,226,226,Algún campo sin dato,1,c2cda1306a8c815b6020021e799ef53e581852c6a8d746535c611c3d6d829b47,25/06/2023 23:15:40,ESCANER
7129,"El Progreso",4,"San Antonio La Paz",8,796,400,,,,,,,,,,,,,,,,,,,,,,,,,,,,,,,,0,,,
7130,"El Progreso",4,"San Antonio La Paz",8,796,400,,,,,,,,,,,,,,,,,,,,,,,,,,,,,,,,0,,,
7131,"El Progreso",4,"San Antonio La Paz",8,796,400,,,,,,,,,,,,,,,,,,,,,,,,,,,,,,,,0,,,
7132,"El Progreso",4,"San Antonio La Paz",8,796,400,58,1,23,19,4,5,0,58,3,1,5,1,6,3,2,0,2,2,193,25,11,229,0,229,--,402,173,193,229,229,Algún campo sin dato,1,ca24d8d0cec4d185c4620bff3fcbe39f59886d3b65b3b4ea64303e4a3b9c6530,26/06/2023 00:04:01,ESCANER
7133,"El Progreso",4,"San Antonio La Paz",8,796,242,28,0,13,11,9,0,0,30,1,0,3,0,2,0,1,1,0,1,100,10,3,113,0,113,--,242,129,100,113,113,Algún campo sin dato,1,21696d658a08b4e947bbae0388f8b814f62b0237711ac4c70e462e2f82129706,25/06/2023 22:40:32,ESCANER
7134,"El Progreso",4,"San Antonio La Paz",8,796,241,20,2,6,8,9,5,0,24,5,0,5,1,0,0,0,0,1,0,86,14,5,105,0,105,--,241,136,86,105,105,Algún campo sin dato,1,8da76f378ef7a0bda0b60ca4893c1c008236208bbe1d1ded1539a610714995b6,25/06/2023 21:38:33,ESCANER
7135,"El Progreso",4,"San Antonio La Paz",8,797,380,,,,,,,,,,,,,,,,,,,,,,,,,,,,,,,,0,,,
7136,"El Progreso",4,"San Antonio La Paz",8,797,380,,,,,,,,,,,,,,,,,,,,,,,,,,,,,,,,0,,,
7137,"El Progreso",4,"San Antonio La Paz",8,797,380,,,,,,,,,,,,,,,,,,,,,,,,,,,,,,,,0,,,
7138,"El Progreso",4,"San Antonio La Paz",8,797,380,,,,,,,,,,,,,,,,,,,,,,,,,,,,,,,,0,,,
7139,"El Progreso",4,"San Antonio La Paz",8,797,380,,,,,,,,,,,,,,,,,,,,,,,,,,,,,,,,0,,,
7140,"El Progreso",4,"San Antonio La Paz",8,797,380,22,13,20,12,24,6,0,30,4,1,12,7,2,3,3,2,1,2,164,32,13,209,0,209,0,380,171,164,209,209,,1,fae623f674fe24808430f9f3e2fad05ef58c437908eb0a4d760b7dc904af318c,25/06/2023 23:10:53,ESCANER
7141,"El Progreso",4,"San Antonio La Paz",8,797,380,,,,,,,,,,,,,,,,,,,,,,,,,,,,,,,,0,,,
7142,"El Progreso",4,"San Antonio La Paz",8,797,380,,,,,,,,,,,,,,,,,,,,,,,,,,,,,,,,0,,,
7143,"El Progreso",4,"San Antonio La Paz",8,797,247,27,3,11,16,22,5,0,25,3,0,9,1,3,2,1,2,1,1,132,20,1,153,--,--,--,247,94,132,153,153,Algún campo sin dato,1,34815c3090b826f58a4b5f53db0c61128978124747ab62604489c4d600607014,25/06/2023 22:24:40,ESCANER
7144,"El Progreso",4,"San Antonio La Paz",8,797,246,21,1,8,12,15,5,1,16,2,0,9,4,2,2,2,1,1,0,102,20,5,127,0,127,0,243,116,102,127,127,,1,ff203399b116580e192e65957588c17ea4f102a446334ad233ccfe6cc337bffd,25/06/2023 23:38:22,ESCANER
7145,"El Progreso",4,"San Antonio La Paz",8,798,380,,,,,,,,,,,,,,,,,,,,,,,,,,,,,,,,0,,,
7146,"El Progreso",4,"San Antonio La Paz",8,798,380,29,3,3,44,18,8,2,66,1,0,2,0,10,1,1,3,1,0,192,48,40,280,0,280,--,383,103,192,280,280,Algún campo sin dato,1,95540c3361817ef5f758b16b775ec0e69c01a3ba4bf1cf87a4012fbdaefa4c92,25/06/2023 23:36:37,ESCANER
7147,"El Progreso",4,"San Antonio La Paz",8,798,380,16,2,18,60,13,10,0,67,1,3,1,2,2,3,2,2,0,2,204,44,37,285,0,285,--,380,95,204,285,285,Algún campo sin dato,1,499b255770a27a38bf5c31ccd289060b295ba69e021bea823a07bd5119d0bead,25/06/2023 23:45:33,ESCANER
7148,"El Progreso",4,"San Antonio La Paz",8,798,380,10,1,14,81,17,13,2,58,1,0,3,3,3,5,2,1,2,0,216,38,35,289,0,289,--,380,91,216,289,289,Algún campo sin dato,1,be90b8810f11ea74df15cdfecb55428070227014ede6cd8c8e756671cf2c86bb,25/06/2023 23:55:43,ESCANER
7149,"El Progreso",4,"San Antonio La Paz",8,798,380,,,,,,,,,,,,,,,,,,,,,,,,,,,,,,,,0,,,
7150,"El Progreso",4,"San Antonio La Paz",8,798,380,,,,,,,,,,,,,,,,,,,,,,,,,,,,,,,,0,,,
7151,"El Progreso",4,"San Antonio La Paz",8,798,380,,,,,,,,,,,,,,,,,,,,,,,,,,,,,,,,0,,,
7152,"El Progreso",4,"San Antonio La Paz",8,798,380,,,,,,,,,,,,,,,,,,,,,,,,,,,,,,,,0,,,
7153,"El Progreso",4,"San Antonio La Paz",8,798,193,9,2,7,45,3,4,0,31,0,0,0,1,5,0,1,0,1,0,109,25,6,140,0,140,--,193,53,109,140,140,Algún campo sin dato,1,0ca926d12bd41126df504e64cbc318720a46c72dd6291a678158089b911ea5a2,25/06/2023 23:19:54,ESCANER
7154,"El Progreso",4,"San Antonio La Paz",8,798,192,10,1,1,29,5,3,0,32,2,2,0,0,3,3,0,1,0,0,92,12,6,110,0,110,--,192,82,92,110,110,Algún campo sin dato,1,aa0e73ab07ecdd180245b619c447138c097687fbb6a0fe3ad65b3c976b4d5831,25/06/2023 22:24:00,ESCANER
7155,"El Progreso",4,"San Antonio La Paz",8,799,542,20,1,10,1,6,0,1,15,0,1,1,3,0,4,1,0,0,1,65,8,12,85,0,85,--,542,457,65,85,85,Algún campo sin dato,1,28ab9019e954648b43966ce3eed4de954fab8653f54dab57c54ad15028b80f15,25/06/2023 22:08:07,ESCANER