﻿TIPO_DE_ELECCIÓN:,DIPUTADOS DISTRITALES
26 junio 2023 00:25 (UTC -6)
ACTAS_ESPERADAS,ACTAS_CAPTURADAS,PORCENTAJE_ACTAS_CAPTURADAS,ACTAS_CONTABILIZADAS,PORCENTAJE_ACTAS_CONTABILIZADAS,ACTAS_NO_CONTABILIZADAS,LISTA_NOMINAL_ACTAS_CONTABILIZADAS,VOTOS_EMITIDOS_CONTABILIZADAS,PORCENTAJE_PARTICIPACIÓN_CIUDADANA
538,166,30.8550,166,30.8550,0,61701,34581,56.0460

MESA,DEPARTAMENTO,ID_DEPARTAMENTO,MUNICIPIO,ID_MUNICIPIO,CENTRO_DE_VOTACIÓN,PADRÓN,CABAL,AZUL,PIN,VALOR,MLP,UNE,VICTORIA,ELEFANTE,WINAQ,VAMOS,U R N G - MAIZ,PPN,TODOS,CREO,BIEN,CAMBIO,PHG,PODEMOS,FCN-NACION,VIVA,PR,MI FAMILIA,UR,SEMILLA,VÁLIDOS,NULOS,BLANCO,EMITIDOS,INVÁLIDOS,TOTAL,IMPUGNACIONES,PAPELETAS-RECIBIDAS,PAPELETAS-NO-USADAS,VALIDOS_CALCULADO,EMITIDOS_CALCULADO,TOTAL_CALCULADO,OBSERVACIONES,CONTABILIZADA,CÓDIGO_INTEGRIDAD,FECHA_HORA_PUBLICACIÓN,DIGITALIZACIÓN
12593,"Retalhuleu",11,"Retalhuleu",1,1722,400,,,,,,,,,,,,,,,,,,,,,,,,,,,,,,,,,,,,,,0,,,
12594,"Retalhuleu",11,"Retalhuleu",1,1722,400,,,,,,,,,,,,,,,,,,,,,,,,,,,,,,,,,,,,,,0,,,
12595,"Retalhuleu",11,"Retalhuleu",1,1722,400,,,,,,,,,,,,,,,,,,,,,,,,,,,,,,,,,,,,,,0,,,
12596,"Retalhuleu",11,"Retalhuleu",1,1722,400,,,,,,,,,,,,,,,,,,,,,,,,,,,,,,,,,,,,,,0,,,
12597,"Retalhuleu",11,"Retalhuleu",1,1722,400,,,,,,,,,,,,,,,,,,,,,,,,,,,,,,,,,,,,,,0,,,
12598,"Retalhuleu",11,"Retalhuleu",1,1722,400,,,,,,,,,,,,,,,,,,,,,,,,,,,,,,,,,,,,,,0,,,
12599,"Retalhuleu",11,"Retalhuleu",1,1722,400,,,,,,,,,,,,,,,,,,,,,,,,,,,,,,,,,,,,,,0,,,
12600,"Retalhuleu",11,"Retalhuleu",1,1722,400,,,,,,,,,,,,,,,,,,,,,,,,,,,,,,,,,,,,,,0,,,
12601,"Retalhuleu",11,"Retalhuleu",1,1722,400,,,,,,,,,,,,,,,,,,,,,,,,,,,,,,,,,,,,,,0,,,
12602,"Retalhuleu",11,"Retalhuleu",1,1722,400,46,2,1,77,7,1,1,0,5,24,3,4,0,0,23,0,0,2,0,8,0,0,0,23,227,12,1,240,3,243,--,400,157,227,240,243,Algún campo sin dato,1,8dd73785da4293f72232aea252a5c74d4bc966b3f19938336f051292e7b104dd,25/06/2023 23:41:40,ESCANER
12603,"Retalhuleu",11,"Retalhuleu",1,1722,400,,,,,,,,,,,,,,,,,,,,,,,,,,,,,,,,,,,,,,0,,,
12604,"Retalhuleu",11,"Retalhuleu",1,1723,400,55,4,2,68,7,5,0,1,4,21,7,10,2,1,30,0,0,0,2,8,0,0,2,16,245,24,7,276,0,276,--,400,124,245,276,276,Algún campo sin dato,1,af46ee0cb621ab396cabaf3edf1af7001ff91475e26bf41383539acc173d5f9f,25/06/2023 23:38:39,ESCANER
12605,"Retalhuleu",11,"Retalhuleu",1,1723,400,,,,,,,,,,,,,,,,,,,,,,,,,,,,,,,,,,,,,,0,,,
12606,"Retalhuleu",11,"Retalhuleu",1,1723,400,,,,,,,,,,,,,,,,,,,,,,,,,,,,,,,,,,,,,,0,,,
12607,"Retalhuleu",11,"Retalhuleu",1,1723,400,,,,,,,,,,,,,,,,,,,,,,,,,,,,,,,,,,,,,,0,,,
12608,"Retalhuleu",11,"Retalhuleu",1,1723,400,,,,,,,,,,,,,,,,,,,,,,,,,,,,,,,,,,,,,,0,,,
12609,"Retalhuleu",11,"Retalhuleu",1,1723,400,,,,,,,,,,,,,,,,,,,,,,,,,,,,,,,,,,,,,,0,,,
12610,"Retalhuleu",11,"Retalhuleu",1,1723,400,41,2,3,62,7,1,2,1,3,20,4,15,2,0,35,0,1,0,0,5,1,0,0,20,225,11,3,239,0,239,--,400,161,225,239,239,Algún campo sin dato,1,4e5547d8ec15be261b884daea7b815da68aba26a4693314423d30cd1e5cb3685,25/06/2023 23:02:48,ESCANER
12611,"Retalhuleu",11,"Retalhuleu",1,1723,400,36,1,2,77,5,2,0,1,1,12,1,4,1,0,36,1,0,1,0,2,1,1,2,24,211,8,3,222,0,222,--,400,178,211,222,222,Algún campo sin dato,1,0bed67fd93b426ca4c815a831c0ab0e3b5f0bcc41b90159f33597d9e6db28ea7,25/06/2023 22:56:20,ESCANER
12612,"Retalhuleu",11,"Retalhuleu",1,1723,400,54,1,1,76,6,3,1,0,3,19,4,4,1,0,38,1,1,2,0,5,2,0,3,28,253,16,3,272,0,272,1,400,128,253,272,272,,1,19c6b2688148bffee378da0cb197aa092a8f96c1a3f96d51b9f0a61cde61af53,25/06/2023 23:48:59,ESCANER
12613,"Retalhuleu",11,"Retalhuleu",1,1723,358,37,0,1,85,8,1,0,0,2,13,4,10,2,0,28,0,0,1,1,6,1,1,1,13,215,6,0,221,0,221,--,358,137,215,221,221,Algún campo sin dato,1,ae1d70cc51658c93ce9485f5350d5290e528ee07adb77bc384956665c4dd9d70,25/06/2023 23:56:33,ESCANER
12614,"Retalhuleu",11,"Retalhuleu",1,1723,358,,,,,,,,,,,,,,,,,,,,,,,,,,,,,,,,,,,,,,0,,,
12615,"Retalhuleu",11,"Retalhuleu",1,1724,400,60,4,4,68,2,2,0,2,2,20,4,5,0,0,32,0,1,2,1,6,1,1,2,14,233,33,7,273,0,273,--,400,127,233,273,273,Algún campo sin dato,1,526ff142182a09c0a1dd96d93592fc421ba45df676faf61b0fdce65bee841012,26/06/2023 00:15:53,ESCANER
12616,"Retalhuleu",11,"Retalhuleu",1,1724,400,,,,,,,,,,,,,,,,,,,,,,,,,,,,,,,,,,,,,,0,,,
12617,"Retalhuleu",11,"Retalhuleu",1,1724,400,,,,,,,,,,,,,,,,,,,,,,,,,,,,,,,,,,,,,,0,,,
12618,"Retalhuleu",11,"Retalhuleu",1,1724,400,,,,,,,,,,,,,,,,,,,,,,,,,,,,,,,,,,,,,,0,,,
12619,"Retalhuleu",11,"Retalhuleu",1,1724,400,63,3,2,55,2,4,1,2,1,12,4,7,3,0,28,1,0,0,2,3,2,0,4,24,223,23,3,249,0,249,--,400,151,223,249,249,Algún campo sin dato,1,563b5e9df249af6e9b1c82a55bd22581a84decf3856e7eb72500a734d6270290,26/06/2023 00:03:43,ESCANER
12620,"Retalhuleu",11,"Retalhuleu",1,1724,400,,,,,,,,,,,,,,,,,,,,,,,,,,,,,,,,,,,,,,0,,,
12621,"Retalhuleu",11,"Retalhuleu",1,1724,323,50,4,1,33,0,1,0,1,3,17,1,4,2,0,25,0,1,0,0,7,0,1,1,18,170,12,0,182,0,182,0,320,138,170,182,182,,1,4587f6cd8ba77840dbef7f2caa9f4261b12f9fde8a2e286e7dda0220d9b5f0b5,25/06/2023 22:50:55,ESCANER
12622,"Retalhuleu",11,"Retalhuleu",1,1724,323,21,0,1,52,0,1,0,0,1,16,2,7,2,1,17,0,1,0,2,1,0,0,4,16,145,15,2,162,0,162,--,320,158,145,162,162,Algún campo sin dato,1,873428911a154e700aa0530869436481a6ef08719e277ed2b9269f0c4d7a2f54,26/06/2023 00:23:32,ESCANER
12623,"Retalhuleu",11,"Retalhuleu",1,1725,400,,,,,,,,,,,,,,,,,,,,,,,,,,,,,,,,,,,,,,0,,,
12624,"Retalhuleu",11,"Retalhuleu",1,1725,400,,,,,,,,,,,,,,,,,,,,,,,,,,,,,,,,,,,,,,0,,,
12625,"Retalhuleu",11,"Retalhuleu",1,1725,400,,,,,,,,,,,,,,,,,,,,,,,,,,,,,,,,,,,,,,0,,,
12626,"Retalhuleu",11,"Retalhuleu",1,1725,400,,,,,,,,,,,,,,,,,,,,,,,,,,,,,,,,,,,,,,0,,,
12627,"Retalhuleu",11,"Retalhuleu",1,1725,400,45,0,0,85,6,5,0,0,3,26,4,7,0,0,31,0,0,0,0,18,2,0,2,9,243,16,13,272,1,273,2,400,125,243,272,273,,1,f99cdb2d7031ac7b24ad59ffb65c3fded9f318ccc42fb57d44f8eedc66d5de62,25/06/2023 23:38:50,ESCANER
12628,"Retalhuleu",11,"Retalhuleu",1,1725,400,,,,,,,,,,,,,,,,,,,,,,,,,,,,,,,,,,,,,,0,,,
12629,"Retalhuleu",11,"Retalhuleu",1,1725,400,,,,,,,,,,,,,,,,,,,,,,,,,,,,,,,,,,,,,,0,,,
12630,"Retalhuleu",11,"Retalhuleu",1,1725,400,,,,,,,,,,,,,,,,,,,,,,,,,,,,,,,,,,,,,,0,,,
12631,"Retalhuleu",11,"Retalhuleu",1,1726,400,50,2,1,107,4,8,1,0,2,17,1,9,0,2,36,0,0,2,0,6,0,0,1,8,257,35,5,297,0,297,--,400,103,257,297,297,Algún campo sin dato,1,adda1aeec32484834ba559de031d6a33d2d8dde8e06fc635c0b6307af7ea2225,25/06/2023 23:17:45,ESCANER
12632,"Retalhuleu",11,"Retalhuleu",1,1726,400,35,1,1,96,1,3,0,0,0,27,2,4,1,1,37,0,0,0,0,3,1,1,0,7,221,12,13,246,0,246,--,400,154,221,246,246,Algún campo sin dato,1,153835d3db592e80ae320fd9885c6314763e8baa1238434f3cc57d4cb124d801,26/06/2023 00:19:12,ESCANER
12633,"Retalhuleu",11,"Retalhuleu",1,1726,400,45,0,2,93,2,2,0,1,2,19,3,9,0,0,28,0,0,0,0,3,0,0,2,7,218,12,3,233,2,235,--,400,165,218,233,235,Algún campo sin dato,1,f161a23bfb03cbd077743c7d70055f6f9afb4cfed223c49d69c94935aced6677,26/06/2023 00:15:31,ESCANER
12634,"Retalhuleu",11,"Retalhuleu",1,1726,373,,,,,,,,,,,,,,,,,,,,,,,,,,,,,,,,,,,,,,0,,,
12635,"Retalhuleu",11,"Retalhuleu",1,1726,372,27,1,0,82,1,1,0,0,3,9,2,4,0,0,36,0,0,0,0,4,0,1,0,6,177,13,4,194,0,194,--,372,178,177,194,194,Algún campo sin dato,1,84fd9469bb5ee34a9aae2b00fdae4cac7c388b0a60753a898897568de03614de,25/06/2023 23:03:55,ESCANER
12636,"Retalhuleu",11,"Retalhuleu",1,1727,400,,,,,,,,,,,,,,,,,,,,,,,,,,,,,,,,,,,,,,0,,,
12637,"Retalhuleu",11,"Retalhuleu",1,1727,400,,,,,,,,,,,,,,,,,,,,,,,,,,,,,,,,,,,,,,0,,,
12638,"Retalhuleu",11,"Retalhuleu",1,1727,400,,,,,,,,,,,,,,,,,,,,,,,,,,,,,,,,,,,,,,0,,,
12639,"Retalhuleu",11,"Retalhuleu",1,1727,400,59,7,6,64,3,4,1,1,2,27,6,12,2,0,34,0,0,0,1,13,0,1,1,11,255,29,9,293,0,293,--,400,107,255,293,293,Algún campo sin dato,1,14e917c236fc500e779c56eea476cdac067839e081dbb43e168d6964ea23cb30,25/06/2023 23:06:48,ESCANER
12640,"Retalhuleu",11,"Retalhuleu",1,1727,400,,,,,,,,,,,,,,,,,,,,,,,,,,,,,,,,,,,,,,0,,,
12641,"Retalhuleu",11,"Retalhuleu",1,1727,400,56,4,1,78,4,2,0,0,1,19,7,14,6,0,43,0,0,0,0,8,0,0,1,17,261,28,2,291,0,291,--,400,109,261,291,291,Algún campo sin dato,1,1984e97ab5c54d20f30a2be37c70205b80909efe0fd4674206e5c4bba9b618a9,25/06/2023 23:41:29,ESCANER
12642,"Retalhuleu",11,"Retalhuleu",1,1727,400,,,,,,,,,,,,,,,,,,,,,,,,,,,,,,,,,,,,,,0,,,
12643,"Retalhuleu",11,"Retalhuleu",1,1727,400,,,,,,,,,,,,,,,,,,,,,,,,,,,,,,,,,,,,,,0,,,
12644,"Retalhuleu",11,"Retalhuleu",1,1727,400,,,,,,,,,,,,,,,,,,,,,,,,,,,,,,,,,,,,,,0,,,
12645,"Retalhuleu",11,"Retalhuleu",1,1727,400,67,2,2,83,2,5,0,3,6,24,2,13,2,1,37,0,1,0,0,6,3,1,2,9,271,32,3,306,0,306,--,400,94,271,306,306,Algún campo sin dato,1,f6d5111fdde9c310d0c89549b2e0593185ea41518a15cb29fe8d1249a91f2683,25/06/2023 22:00:59,ESCANER
12646,"Retalhuleu",11,"Retalhuleu",1,1727,400,56,1,2,79,2,2,1,1,5,15,3,9,2,0,28,0,0,1,0,6,3,1,3,10,230,27,4,261,0,261,--,400,139,230,261,261,Algún campo sin dato,1,6e760fbbefa71483f14786b391ffccb6cd3600621eb9d96a7ad64b70b9742d84,26/06/2023 00:12:39,ESCANER
12647,"Retalhuleu",11,"Retalhuleu",1,1727,400,,,,,,,,,,,,,,,,,,,,,,,,,,,,,,,,,,,,,,0,,,
12648,"Retalhuleu",11,"Retalhuleu",1,1727,400,,,,,,,,,,,,,,,,,,,,,,,,,,,,,,,,,,,,,,0,,,
12649,"Retalhuleu",11,"Retalhuleu",1,1727,400,67,1,2,60,4,2,1,0,2,21,4,12,1,0,32,0,0,1,0,6,0,1,2,15,234,31,4,269,0,269,--,400,131,234,269,269,Algún campo sin dato,1,6471f13d6b43b11140f2a0d9d885bf77ab6d1f8e54473d383ef89af41e498258,25/06/2023 23:23:20,ESCANER
12650,"Retalhuleu",11,"Retalhuleu",1,1728,400,,,,,,,,,,,,,,,,,,,,,,,,,,,,,,,,,,,,,,0,,,
12651,"Retalhuleu",11,"Retalhuleu",1,1728,400,,,,,,,,,,,,,,,,,,,,,,,,,,,,,,,,,,,,,,0,,,
12652,"Retalhuleu",11,"Retalhuleu",1,1728,400,,,,,,,,,,,,,,,,,,,,,,,,,,,,,,,,,,,,,,0,,,
12653,"Retalhuleu",11,"Retalhuleu",1,1728,400,70,4,3,75,3,2,0,0,0,20,2,10,0,0,28,1,0,0,0,11,3,0,1,10,243,22,6,271,0,271,--,400,129,243,271,271,Algún campo sin dato,1,3b9a418d21218a0488a669726eafbb5470a304de49a7b6dd7ba964961ffa32e4,25/06/2023 23:50:57,ESCANER
12654,"Retalhuleu",11,"Retalhuleu",1,1728,400,,,,,,,,,,,,,,,,,,,,,,,,,,,,,,,,,,,,,,0,,,
12655,"Retalhuleu",11,"Retalhuleu",1,1728,400,,,,,,,,,,,,,,,,,,,,,,,,,,,,,,,,,,,,,,0,,,
12656,"Retalhuleu",11,"Retalhuleu",1,1728,400,,,,,,,,,,,,,,,,,,,,,,,,,,,,,,,,,,,,,,0,,,
12657,"Retalhuleu",11,"Retalhuleu",1,1728,400,,,,,,,,,,,,,,,,,,,,,,,,,,,,,,,,,,,,,,0,,,
12658,"Retalhuleu",11,"Retalhuleu",1,1728,400,,,,,,,,,,,,,,,,,,,,,,,,,,,,,,,,,,,,,,0,,,
12659,"Retalhuleu",11,"Retalhuleu",1,1728,400,,,,,,,,,,,,,,,,,,,,,,,,,,,,,,,,,,,,,,0,,,
12660,"Retalhuleu",11,"Retalhuleu",1,1728,400,,,,,,,,,,,,,,,,,,,,,,,,,,,,,,,,,,,,,,0,,,
12661,"Retalhuleu",11,"Retalhuleu",1,1728,400,,,,,,,,,,,,,,,,,,,,,,,,,,,,,,,,,,,,,,0,,,
12662,"Retalhuleu",11,"Retalhuleu",1,1728,281,39,1,0,39,1,0,0,0,0,13,0,13,2,0,23,0,0,0,0,1,0,0,0,8,140,9,1,150,0,150,--,278,128,140,150,150,Algún campo sin dato,1,a4394a615e1c7d169221f75e56b31156ae10243cc2ea3663ca51ac0622d4f9a7,25/06/2023 23:05:16,ESCANER
12663,"Retalhuleu",11,"Retalhuleu",1,1728,281,29,0,0,38,2,2,0,2,1,5,0,10,1,0,16,0,0,0,1,3,0,2,1,8,121,19,2,142,0,142,--,281,139,121,142,142,Algún campo sin dato,1,fe42d3ab2b90b002e448b601a0c18d24869359f2c1a2ab9cef83da781c56aaab,25/06/2023 23:59:07,ESCANER
12664,"Retalhuleu",11,"Retalhuleu",1,1729,400,,,,,,,,,,,,,,,,,,,,,,,,,,,,,,,,,,,,,,0,,,
12665,"Retalhuleu",11,"Retalhuleu",1,1729,400,,,,,,,,,,,,,,,,,,,,,,,,,,,,,,,,,,,,,,0,,,
12666,"Retalhuleu",11,"Retalhuleu",1,1729,400,,,,,,,,,,,,,,,,,,,,,,,,,,,,,,,,,,,,,,0,,,
12667,"Retalhuleu",11,"Retalhuleu",1,1729,400,,,,,,,,,,,,,,,,,,,,,,,,,,,,,,,,,,,,,,0,,,
12668,"Retalhuleu",11,"Retalhuleu",1,1729,400,50,2,3,84,5,6,2,1,1,19,5,9,0,1,22,0,0,1,3,21,3,0,1,9,248,16,14,278,0,278,--,400,122,248,278,278,Algún campo sin dato,1,5805b912a3e81bc931f89e639333cd3e3260ae8a0f6bb61db701ffc68f5697d2,25/06/2023 23:12:03,ESCANER
12669,"Retalhuleu",11,"Retalhuleu",1,1729,400,,,,,,,,,,,,,,,,,,,,,,,,,,,,,,,,,,,,,,0,,,
12670,"Retalhuleu",11,"Retalhuleu",1,1729,400,,,,,,,,,,,,,,,,,,,,,,,,,,,,,,,,,,,,,,0,,,
12671,"Retalhuleu",11,"Retalhuleu",1,1729,349,,,,,,,,,,,,,,,,,,,,,,,,,,,,,,,,,,,,,,0,,,
12672,"Retalhuleu",11,"Retalhuleu",1,1729,349,20,0,2,93,2,0,0,0,3,10,4,4,2,0,27,0,0,1,0,2,0,0,3,9,182,17,1,200,0,200,--,349,149,182,200,200,Algún campo sin dato,1,5a9ef67478ff1317bf8e33741b53ba1ba2020a3073a348eae1e4ce1782daa7f7,26/06/2023 00:09:25,ESCANER
12673,"Retalhuleu",11,"Retalhuleu",1,1730,400,,,,,,,,,,,,,,,,,,,,,,,,,,,,,,,,,,,,,,0,,,
12674,"Retalhuleu",11,"Retalhuleu",1,1730,400,,,,,,,,,,,,,,,,,,,,,,,,,,,,,,,,,,,,,,0,,,
12675,"Retalhuleu",11,"Retalhuleu",1,1730,400,57,7,3,71,1,4,0,1,3,17,5,3,2,0,41,0,0,0,2,9,1,3,3,12,245,38,5,288,0,288,--,400,112,245,288,288,Algún campo sin dato,1,e2b71b3aa786d3f05b278bb858d901e7e7525342916fe6a20dc01b48a448393e,25/06/2023 23:46:15,ESCANER
12676,"Retalhuleu",11,"Retalhuleu",1,1730,400,,,,,,,,,,,,,,,,,,,,,,,,,,,,,,,,,,,,,,0,,,
12677,"Retalhuleu",11,"Retalhuleu",1,1731,400,,,,,,,,,,,,,,,,,,,,,,,,,,,,,,,,,,,,,,0,,,
12678,"Retalhuleu",11,"Retalhuleu",1,1731,400,50,3,2,72,4,1,1,2,2,24,5,9,2,3,33,1,1,0,0,9,1,0,2,15,242,18,1,261,0,261,--,400,139,242,261,261,Algún campo sin dato,1,06e745183377f709c1e52ada93b77d9d1cd78f15d6c6430de09c19770a9f3610,25/06/2023 23:33:20,ESCANER
12679,"Retalhuleu",11,"Retalhuleu",1,1731,400,,,,,,,,,,,,,,,,,,,,,,,,,,,,,,,,,,,,,,0,,,
12680,"Retalhuleu",11,"Retalhuleu",1,1731,400,,,,,,,,,,,,,,,,,,,,,,,,,,,,,,,,,,,,,,0,,,
12681,"Retalhuleu",11,"Retalhuleu",1,1731,400,55,0,6,82,0,2,2,1,7,29,2,15,3,1,26,0,0,0,2,9,1,0,0,16,259,23,1,283,0,283,--,400,117,259,283,283,Algún campo sin dato,1,cfd4cdae5ad3bc17cfeef673510559f77447566bfaf2426a77ef7a02454cb483,25/06/2023 22:54:42,ESCANER
12682,"Retalhuleu",11,"Retalhuleu",1,1731,400,,,,,,,,,,,,,,,,,,,,,,,,,,,,,,,,,,,,,,0,,,
12683,"Retalhuleu",11,"Retalhuleu",1,1731,400,51,3,1,79,2,5,0,0,2,16,2,11,0,0,29,0,0,0,0,16,1,0,6,24,248,22,2,272,0,272,1,400,127,248,272,272,,1,0ad5574da33dc7235e45b6ca0cd8745bdcf517000d112402485b0a5b5b11936f,25/06/2023 23:29:22,ESCANER
12684,"Retalhuleu",11,"Retalhuleu",1,1731,400,52,1,3,73,2,1,0,1,5,12,7,8,0,0,38,1,0,0,2,7,1,1,4,28,247,18,2,267,0,267,1,400,132,247,267,267,,1,bee8ebf7031e148a93582269e19d6fa281b79f088a2ce12de7156cbce699308f,26/06/2023 00:06:22,ESCANER
12685,"Retalhuleu",11,"Retalhuleu",1,1731,262,25,3,3,61,2,1,1,0,2,18,0,8,1,0,14,2,1,0,1,5,0,1,0,13,162,17,2,181,0,181,--,262,81,162,181,181,Algún campo sin dato,1,5da7d74b88220573f221841c8c5ccb0736703674e7ea61533a71499a197ee7c3,25/06/2023 20:29:20,ESCANER
12686,"Retalhuleu",11,"Retalhuleu",1,1731,262,25,2,2,48,0,0,0,0,3,11,1,5,0,0,17,0,0,1,1,1,0,0,0,13,130,10,3,143,0,143,--,262,119,130,143,143,Algún campo sin dato,1,8aa2ca0c62b0e6efca023ff565987d298967c6ae2a4dfe14006bde6850d3bcca,25/06/2023 22:14:23,ESCANER
12687,"Retalhuleu",11,"Retalhuleu",1,1732,380,14,0,1,87,5,13,1,2,0,16,5,5,1,0,31,0,0,0,0,9,1,0,0,3,194,30,12,236,0,236,--,380,144,194,236,236,Algún campo sin dato,1,82313cf3ffead58e84a7cf8223bc559b21545f1f165182388d202df88bafda83,26/06/2023 00:06:22,ESCANER
12688,"Retalhuleu",11,"Retalhuleu",1,1732,380,,,,,,,,,,,,,,,,,,,,,,,,,,,,,,,,,,,,,,0,,,
12689,"Retalhuleu",11,"Retalhuleu",1,1732,380,,,,,,,,,,,,,,,,,,,,,,,,,,,,,,,,,,,,,,0,,,
12690,"Retalhuleu",11,"Retalhuleu",1,1732,380,,,,,,,,,,,,,,,,,,,,,,,,,,,,,,,,,,,,,,0,,,
12691,"Retalhuleu",11,"Retalhuleu",1,1732,380,,,,,,,,,,,,,,,,,,,,,,,,,,,,,,,,,,,,,,0,,,
12692,"Retalhuleu",11,"Retalhuleu",1,1732,380,22,0,0,77,8,7,2,1,1,18,3,6,1,1,51,1,0,0,0,8,3,0,0,1,211,28,10,249,0,249,--,377,128,211,249,249,Algún campo sin dato,1,8671194fa5d2306b2e4988014a96e2811a9662077fa4467194b97ab0bdd4c542,25/06/2023 23:17:41,ESCANER
12693,"Retalhuleu",11,"Retalhuleu",1,1732,380,,,,,,,,,,,,,,,,,,,,,,,,,,,,,,,,,,,,,,0,,,
12694,"Retalhuleu",11,"Retalhuleu",1,1732,380,,,,,,,,,,,,,,,,,,,,,,,,,,,,,,,,,,,,,,0,,,
12695,"Retalhuleu",11,"Retalhuleu",1,1732,380,,,,,,,,,,,,,,,,,,,,,,,,,,,,,,,,,,,,,,0,,,
12696,"Retalhuleu",11,"Retalhuleu",1,1732,380,,,,,,,,,,,,,,,,,,,,,,,,,,,,,,,,,,,,,,0,,,
12697,"Retalhuleu",11,"Retalhuleu",1,1732,380,,,,,,,,,,,,,,,,,,,,,,,,,,,,,,,,,,,,,,0,,,
12698,"Retalhuleu",11,"Retalhuleu",1,1732,380,20,3,0,66,4,4,0,2,0,13,4,2,1,2,56,0,0,0,0,2,1,1,0,2,183,27,13,223,0,223,--,377,154,183,223,223,Algún campo sin dato,1,aa97116ef2f1c6fad662cc91c3ec320d19e9a281ee9469192175ca7b28b8c5dd,25/06/2023 23:47:29,ESCANER
12699,"Retalhuleu",11,"Retalhuleu",1,1733,380,,,,,,,,,,,,,,,,,,,,,,,,,,,,,,,,,,,,,,0,,,
12700,"Retalhuleu",11,"Retalhuleu",1,1733,380,21,1,0,90,5,15,2,0,0,21,5,3,2,2,49,0,0,0,0,5,1,0,1,4,227,27,17,271,0,271,--,380,109,227,271,271,Algún campo sin dato,1,5e9dbc31a50fad71253b9f5d6b39a0c19540891aa8c26a7668f1135af704d9a9,26/06/2023 00:05:24,ESCANER
12701,"Retalhuleu",11,"Retalhuleu",1,1733,380,27,1,0,77,3,12,0,0,1,19,6,3,1,0,40,0,0,0,0,9,0,0,1,1,201,35,16,252,0,252,--,380,128,201,252,252,Algún campo sin dato,1,ec73510d1f964cd9f6ef358d8005804a37a42dc5a1b2e887aabaaede34bfd0bf,25/06/2023 22:30:55,ESCANER
12702,"Retalhuleu",11,"Retalhuleu",1,1733,380,22,2,0,70,3,9,3,0,0,16,8,1,1,0,50,0,0,0,0,5,1,0,1,3,195,36,19,250,2,252,--,380,128,195,250,252,Algún campo sin dato,1,4e2530623f5ef3fa62d0b49fee8f508ee8ac1fb502eae1a3f70c42bde7bcf304,26/06/2023 00:24:44,ESCANER
12703,"Retalhuleu",11,"Retalhuleu",1,1733,380,,,,,,,,,,,,,,,,,,,,,,,,,,,,,,,,,,,,,,0,,,
12704,"Retalhuleu",11,"Retalhuleu",1,1733,380,,,,,,,,,,,,,,,,,,,,,,,,,,,,,,,,,,,,,,0,,,
12705,"Retalhuleu",11,"Retalhuleu",1,1733,380,,,,,,,,,,,,,,,,,,,,,,,,,,,,,,,,,,,,,,0,,,
12706,"Retalhuleu",11,"Retalhuleu",1,1733,380,20,0,0,106,1,2,0,1,1,8,1,5,0,0,29,0,0,0,0,0,3,2,0,2,181,16,3,200,0,200,--,380,180,181,200,200,Algún campo sin dato,1,cfe6c6a778c3d00d3fc3a6a0bb50d65795b8de0587055e12be1ed68c695f22a0,25/06/2023 23:53:29,ESCANER
12707,"Retalhuleu",11,"Retalhuleu",1,1733,380,,,,,,,,,,,,,,,,,,,,,,,,,,,,,,,,,,,,,,0,,,
12708,"Retalhuleu",11,"Retalhuleu",1,1733,380,17,0,0,97,1,9,0,0,0,15,3,0,0,0,42,0,0,0,0,3,2,0,0,1,190,18,11,219,0,219,--,380,161,190,219,219,Algún campo sin dato,1,3d6d2c886adc1564b28585417d310b24218f30d9eac69dcc09a887f87fd759bb,25/06/2023 22:58:32,ESCANER
12709,"Retalhuleu",11,"Retalhuleu",1,1733,380,12,0,0,104,1,1,0,0,0,7,2,4,0,0,37,0,0,0,0,6,0,1,0,3,178,13,2,193,0,193,--,380,187,178,193,193,Algún campo sin dato,1,12f7166b580490eb0b48e64021521235fe65c661fd97caf5bf9de7691dd0b9e0,25/06/2023 23:25:32,ESCANER
12710,"Retalhuleu",11,"Retalhuleu",1,1733,218,11,1,0,43,2,3,0,1,0,7,3,1,0,1,24,0,0,0,0,5,0,1,0,1,104,6,4,114,0,114,--,218,104,104,114,114,Algún campo sin dato,1,5e2e3eab41b3534f5d0a3308bf54370ff51854261d0a6d2368ddcb1c9a1b2f6c,25/06/2023 23:46:27,ESCANER
12711,"Retalhuleu",11,"Retalhuleu",1,1733,217,5,0,0,44,1,3,2,0,1,8,0,1,0,0,15,0,0,0,0,1,0,0,1,1,83,8,8,99,0,99,--,217,118,83,99,99,Algún campo sin dato,1,16c35698b079d93468c382baf3b6b7916cf9960d2c1ad30834262cea6f828e4c,25/06/2023 22:07:28,ESCANER
12712,"Retalhuleu",11,"Retalhuleu",1,1734,380,,,,,,,,,,,,,,,,,,,,,,,,,,,,,,,,,,,,,,0,,,
12713,"Retalhuleu",11,"Retalhuleu",1,1734,380,,,,,,,,,,,,,,,,,,,,,,,,,,,,,,,,,,,,,,0,,,
12714,"Retalhuleu",11,"Retalhuleu",1,1734,380,,,,,,,,,,,,,,,,,,,,,,,,,,,,,,,,,,,,,,0,,,
12715,"Retalhuleu",11,"Retalhuleu",1,1734,380,,,,,,,,,,,,,,,,,,,,,,,,,,,,,,,,,,,,,,0,,,
12716,"Retalhuleu",11,"Retalhuleu",1,1734,380,25,1,0,72,12,10,1,0,0,22,1,2,3,1,28,0,0,0,0,21,1,0,0,3,203,20,11,234,0,234,--,380,146,203,234,234,Algún campo sin dato,1,2a3ff707adca1795b64afab72279e806a4bd7c6f230b7034e83e9f982fdeea16,25/06/2023 23:28:28,ESCANER
12717,"Retalhuleu",11,"Retalhuleu",1,1734,380,24,0,0,70,10,3,1,1,2,23,4,4,0,0,36,0,0,0,0,13,0,0,0,6,197,19,11,227,0,227,--,380,153,197,227,227,Algún campo sin dato,1,d5dd5219bfe2b9b45fc619fb36d1eafd1d40d3b39953aafd7eade3e627cf6fac,26/06/2023 00:03:43,ESCANER
12718,"Retalhuleu",11,"Retalhuleu",1,1734,380,36,0,1,78,17,1,1,0,0,23,1,4,1,1,36,1,0,0,0,8,0,1,1,4,215,8,3,226,0,226,--,380,154,215,226,226,Algún campo sin dato,1,6e06899523cc73f430aa0be7087eeeddf5ceb2ec2a99889b253f1a8534e589af,25/06/2023 23:48:35,ESCANER
12719,"Retalhuleu",11,"Retalhuleu",1,1734,209,14,1,0,61,12,0,0,1,0,8,1,4,1,0,17,0,0,0,0,5,2,0,1,1,129,8,4,141,0,141,--,209,68,129,141,141,Algún campo sin dato,1,6298242cbcc402057407843a4e8339a3fe06e2db6e826fe659c5a3423edf344b,25/06/2023 22:40:46,ESCANER
12720,"Retalhuleu",11,"Retalhuleu",1,1734,209,14,0,0,49,3,2,0,0,0,9,1,1,1,0,11,0,0,0,0,6,1,0,0,3,101,7,0,108,0,108,--,209,101,101,108,108,Algún campo sin dato,1,1a24fca1531c029ee0c16c6c602812a41aadd50b7b48192bb24e9c08ce33564b,25/06/2023 22:21:52,ESCANER
12721,"Retalhuleu",11,"Retalhuleu",1,1735,380,19,3,0,60,22,4,1,1,1,49,7,1,0,2,25,0,0,0,1,10,0,0,1,1,208,34,13,255,0,255,--,380,125,208,255,255,Algún campo sin dato,1,85e0b8b2c40e14765cdd1dce385a6967e76cd3db09ed092b842bcb63f6125d45,25/06/2023 22:27:14,ESCANER
12722,"Retalhuleu",11,"Retalhuleu",1,1735,380,22,1,0,71,20,2,1,0,0,49,3,5,0,0,23,2,0,0,0,19,1,0,1,4,224,26,11,261,0,261,--,380,119,224,261,261,Algún campo sin dato,1,80186d559ae2e35d2b889000784489dd2491b44db4a65e3f63871f1c248d09b0,26/06/2023 00:04:17,ESCANER
12723,"Retalhuleu",11,"Retalhuleu",1,1735,233,11,1,0,39,12,7,1,1,0,28,1,2,0,0,19,0,0,0,1,6,0,0,0,4,133,11,9,153,0,153,--,230,77,133,153,153,Algún campo sin dato,1,47e8ac0aa88c66aa71e91934d453fc755a0e9960171ef2be2f743fea97fa3b70,25/06/2023 21:06:30,ESCANER
12724,"Retalhuleu",11,"Retalhuleu",1,1735,232,16,0,0,45,16,2,0,0,1,24,0,0,0,0,14,0,0,0,0,9,0,0,0,6,133,6,5,144,0,144,--,229,85,133,144,144,Algún campo sin dato,1,fc4f76e8dbc31f53b7e58ef426c0b150a18b7708350b73d2de59c07ae094ffc5,25/06/2023 21:01:55,ESCANER
12725,"Retalhuleu",11,"Retalhuleu",1,1736,380,10,1,0,86,2,5,0,0,2,34,2,3,0,1,51,0,0,1,1,14,1,0,0,2,216,29,15,260,0,260,--,380,120,216,260,260,Algún campo sin dato,1,79af32c8002044294d8c9ce2bbece69faaef952eb36655847904a6725a1a6916,26/06/2023 00:08:01,ESCANER
12726,"Retalhuleu",11,"Retalhuleu",1,1736,380,21,1,0,44,4,5,1,1,0,16,4,7,5,0,42,0,1,0,0,11,0,1,2,1,167,37,20,224,0,224,--,380,156,167,224,224,Algún campo sin dato,1,c39b1b2a9013af28441a086539135a878c865c21701be98592b8d0bd5f41fb84,26/06/2023 00:04:32,ESCANER
12727,"Retalhuleu",11,"Retalhuleu",1,1736,380,7,2,0,64,1,6,0,0,2,25,2,5,1,1,40,0,0,0,0,6,0,0,0,1,163,27,9,199,0,199,--,380,181,163,199,199,Algún campo sin dato,1,0ab6743ead3d529763a1a602933baf5ec88e05c2d2f4237a86eb2e7280122cec,25/06/2023 23:35:27,ESCANER
12728,"Retalhuleu",11,"Retalhuleu",1,1736,380,17,0,1,42,1,4,1,0,4,33,3,3,0,1,47,0,0,1,0,11,0,1,1,2,173,25,13,211,0,211,--,380,169,173,211,211,Algún campo sin dato,1,341b2d7d9d3f380acba34ee7d2c8b8124f339d6e31fa12e9bbbdc8e3a4ff3f3e,25/06/2023 22:56:15,ESCANER
12729,"Retalhuleu",11,"Retalhuleu",1,1736,231,7,0,0,34,0,2,0,0,3,13,1,2,0,0,26,0,0,0,0,7,0,0,2,3,100,11,8,119,0,119,1,228,108,100,119,119,,1,c38e55be1a2d0ae4d0a9bd97c6c795b82f5e4c548b1fa973b37313084b471a31,25/06/2023 22:47:39,ESCANER
12730,"Retalhuleu",11,"Retalhuleu",1,1736,231,12,0,0,41,2,0,0,0,1,18,0,2,1,0,24,0,1,1,0,8,0,0,1,3,115,10,4,129,0,129,--,231,102,115,129,129,Algún campo sin dato,1,f9c03df5a14aadfcfc885b22fdcea7303fb899a464355f02e12b62e004bedf78,25/06/2023 22:21:17,ESCANER
12731,"Retalhuleu",11,"Retalhuleu",1,1737,600,,,,,,,,,,,,,,,,,,,,,,,,,,,,,,,,,,,,,,0,,,
12732,"Retalhuleu",11,"Retalhuleu",1,1737,600,43,4,3,53,0,8,0,2,2,14,4,9,1,0,24,0,0,0,1,5,1,0,1,15,190,18,13,221,0,221,--,600,379,190,221,221,Algún campo sin dato,1,9d3569e6b40f8119dd21389c7a4f11e27e4206e2aaa11b4512657033f10a9cfa,25/06/2023 23:47:50,ESCANER
12733,"Retalhuleu",11,"Retalhuleu",1,1737,600,,,,,,,,,,,,,,,,,,,,,,,,,,,,,,,,,,,,,,0,,,
12734,"Retalhuleu",11,"Retalhuleu",1,1737,600,43,3,0,54,5,3,0,1,3,10,1,4,0,1,31,0,0,0,0,5,0,0,0,14,178,25,4,207,0,207,--,600,393,178,207,207,Algún campo sin dato,1,21a67bf85fa507a6bf92973cfb5dc22faf0d678892dd534e8a9e54818b01c7f3,25/06/2023 23:42:03,ESCANER
12735,"Retalhuleu",11,"Retalhuleu",1,1737,600,32,2,0,45,2,2,1,0,1,9,1,8,0,0,20,1,0,0,0,9,0,0,1,8,142,22,7,171,3,174,--,600,401,142,171,174,Algún campo sin dato,1,c7ff6cbf41cdbf060f3f16d657b5b126ad1e76fae429ea0befdd12d0c52af660,25/06/2023 23:36:25,ESCANER
12736,"Retalhuleu",11,"Retalhuleu",1,1737,600,12,0,1,27,2,2,0,0,0,3,0,2,0,0,4,0,0,0,0,2,0,0,1,5,61,4,4,69,1,70,--,600,530,61,69,70,Algún campo sin dato,1,702ce5f7d91428be28cfb15ece30030cb420c602904719b584a56f1168c1fe6f,25/06/2023 23:58:05,ESCANER
12737,"Retalhuleu",11,"Retalhuleu",1,1737,349,2,1,0,8,0,3,0,0,0,1,0,2,0,1,5,0,0,0,0,1,1,0,0,1,26,5,2,33,0,33,--,350,317,26,33,33,Algún campo sin dato,1,eafa3605a524eaf6140a7bf2d3a0eece1b64e7c87e95a51ab1cef997f47abb6d,25/06/2023 22:26:40,ESCANER
12738,"Retalhuleu",11,"Retalhuleu",1,1737,348,5,0,0,4,0,0,0,1,0,1,0,0,0,1,3,0,0,0,0,1,0,0,0,0,16,1,1,18,0,18,--,--,--,16,18,18,Algún campo sin dato,1,960820d05d699ab1b158c098479fcb96611cadd9b7bba45378eeefa2465a1929,25/06/2023 20:29:39,ESCANER
12739,"Retalhuleu",11,"San Sebastián",2,1738,400,,,,,,,,,,,,,,,,,,,,,,,,,,,,,,,,,,,,,,0,,,
12740,"Retalhuleu",11,"San Sebastián",2,1738,400,,,,,,,,,,,,,,,,,,,,,,,,,,,,,,,,,,,,,,0,,,
12741,"Retalhuleu",11,"San Sebastián",2,1738,400,,,,,,,,,,,,,,,,,,,,,,,,,,,,,,,,,,,,,,0,,,
12742,"Retalhuleu",11,"San Sebastián",2,1738,400,,,,,,,,,,,,,,,,,,,,,,,,,,,,,,,,,,,,,,0,,,
12743,"Retalhuleu",11,"San Sebastián",2,1738,400,,,,,,,,,,,,,,,,,,,,,,,,,,,,,,,,,,,,,,0,,,
12744,"Retalhuleu",11,"San Sebastián",2,1738,400,,,,,,,,,,,,,,,,,,,,,,,,,,,,,,,,,,,,,,0,,,
12745,"Retalhuleu",11,"San Sebastián",2,1738,400,,,,,,,,,,,,,,,,,,,,,,,,,,,,,,,,,,,,,,0,,,
12746,"Retalhuleu",11,"San Sebastián",2,1738,400,,,,,,,,,,,,,,,,,,,,,,,,,,,,,,,,,,,,,,0,,,
12747,"Retalhuleu",11,"San Sebastián",2,1738,400,53,8,1,14,8,6,0,1,3,13,9,1,4,0,10,0,0,0,0,9,1,0,1,23,165,68,10,243,0,243,--,--,--,165,243,243,Algún campo sin dato,1,cf7b444174fd95761cb35bbcec8c657212b259f4962d48420886a6bd7a569ead,26/06/2023 00:08:25,ESCANER
12748,"Retalhuleu",11,"San Sebastián",2,1738,400,,,,,,,,,,,,,,,,,,,,,,,,,,,,,,,,,,,,,,0,,,
12749,"Retalhuleu",11,"San Sebastián",2,1738,400,,,,,,,,,,,,,,,,,,,,,,,,,,,,,,,,,,,,,,0,,,
12750,"Retalhuleu",11,"San Sebastián",2,1738,400,,,,,,,,,,,,,,,,,,,,,,,,,,,,,,,,,,,,,,0,,,
12751,"Retalhuleu",11,"San Sebastián",2,1738,400,,,,,,,,,,,,,,,,,,,,,,,,,,,,,,,,,,,,,,0,,,
12752,"Retalhuleu",11,"San Sebastián",2,1738,400,,,,,,,,,,,,,,,,,,,,,,,,,,,,,,,,,,,,,,0,,,
12753,"Retalhuleu",11,"San Sebastián",2,1738,400,,,,,,,,,,,,,,,,,,,,,,,,,,,,,,,,,,,,,,0,,,
12754,"Retalhuleu",11,"San Sebastián",2,1738,240,,,,,,,,,,,,,,,,,,,,,,,,,,,,,,,,,,,,,,0,,,
12755,"Retalhuleu",11,"San Sebastián",2,1738,240,,,,,,,,,,,,,,,,,,,,,,,,,,,,,,,,,,,,,,0,,,
12756,"Retalhuleu",11,"San Sebastián",2,1739,400,,,,,,,,,,,,,,,,,,,,,,,,,,,,,,,,,,,,,,0,,,
12757,"Retalhuleu",11,"San Sebastián",2,1739,400,,,,,,,,,,,,,,,,,,,,,,,,,,,,,,,,,,,,,,0,,,
12758,"Retalhuleu",11,"San Sebastián",2,1739,400,53,13,2,26,10,20,0,0,2,27,0,4,3,0,9,3,0,1,1,14,5,0,1,7,201,45,16,262,0,262,--,400,138,201,262,262,Algún campo sin dato,1,a8efd5cea42b4788786b0a3e404b915335009f2aac9fd383bb2587132f79cf5f,26/06/2023 00:19:22,ESCANER
12759,"Retalhuleu",11,"San Sebastián",2,1739,400,57,17,1,38,7,12,0,1,3,20,8,1,3,1,14,0,1,1,0,9,3,1,0,8,206,45,12,263,1,264,--,400,136,206,263,264,Algún campo sin dato,1,d231d4747cca4cad9fac242b951bde8e2cf483f8f11443e7d1c9914e9c98155d,25/06/2023 23:43:06,ESCANER
12760,"Retalhuleu",11,"San Sebastián",2,1739,400,48,14,0,24,8,16,2,2,1,14,7,1,3,1,7,1,0,1,1,9,1,0,0,20,181,43,16,240,0,240,--,400,160,181,240,240,Algún campo sin dato,1,57fd47e29c63e166fd0f16b0780eeb9daae2b911357524658c3543f02008680d,25/06/2023 23:43:57,ESCANER
12761,"Retalhuleu",11,"San Sebastián",2,1739,250,,,,,,,,,,,,,,,,,,,,,,,,,,,,,,,,,,,,,,0,,,
12762,"Retalhuleu",11,"San Sebastián",2,1739,250,29,3,0,16,1,10,1,0,1,15,1,0,1,0,7,0,0,1,0,7,3,1,3,9,109,25,4,138,0,138,--,250,112,109,138,138,Algún campo sin dato,1,6858a2936f7ef8bba7182c5324f98c9c78fdb2571d32fbc01e3531ab13846daf,25/06/2023 23:56:33,ESCANER
12763,"Retalhuleu",11,"San Sebastián",2,1740,400,,,,,,,,,,,,,,,,,,,,,,,,,,,,,,,,,,,,,,0,,,
12764,"Retalhuleu",11,"San Sebastián",2,1740,400,,,,,,,,,,,,,,,,,,,,,,,,,,,,,,,,,,,,,,0,,,
12765,"Retalhuleu",11,"San Sebastián",2,1740,400,,,,,,,,,,,,,,,,,,,,,,,,,,,,,,,,,,,,,,0,,,
12766,"Retalhuleu",11,"San Sebastián",2,1740,331,,,,,,,,,,,,,,,,,,,,,,,,,,,,,,,,,,,,,,0,,,
12767,"Retalhuleu",11,"San Sebastián",2,1740,330,48,3,0,17,5,10,2,2,1,12,2,4,3,1,18,1,0,1,2,4,1,1,2,15,155,31,8,194,0,194,--,330,136,155,194,194,Algún campo sin dato,1,ecb4866ae05df35856ec612be4b856af74a06de3ffdb1e1fa2cf4a1d2ffe8622,26/06/2023 00:13:19,ESCANER
12768,"Retalhuleu",11,"San Sebastián",2,1741,380,,,,,,,,,,,,,,,,,,,,,,,,,,,,,,,,,,,,,,0,,,
12769,"Retalhuleu",11,"San Sebastián",2,1741,380,,,,,,,,,,,,,,,,,,,,,,,,,,,,,,,,,,,,,,0,,,
12770,"Retalhuleu",11,"San Sebastián",2,1741,380,,,,,,,,,,,,,,,,,,,,,,,,,,,,,,,,,,,,,,0,,,
12771,"Retalhuleu",11,"San Sebastián",2,1741,380,,,,,,,,,,,,,,,,,,,,,,,,,,,,,,,,,,,,,,0,,,
12772,"Retalhuleu",11,"San Sebastián",2,1741,380,,,,,,,,,,,,,,,,,,,,,,,,,,,,,,,,,,,,,,0,,,
12773,"Retalhuleu",11,"San Sebastián",2,1741,380,,,,,,,,,,,,,,,,,,,,,,,,,,,,,,,,,,,,,,0,,,
12774,"Retalhuleu",11,"San Sebastián",2,1741,380,,,,,,,,,,,,,,,,,,,,,,,,,,,,,,,,,,,,,,0,,,
12775,"Retalhuleu",11,"San Sebastián",2,1741,380,,,,,,,,,,,,,,,,,,,,,,,,,,,,,,,,,,,,,,0,,,
12776,"Retalhuleu",11,"San Sebastián",2,1741,380,,,,,,,,,,,,,,,,,,,,,,,,,,,,,,,,,,,,,,0,,,
12777,"Retalhuleu",11,"San Sebastián",2,1741,380,,,,,,,,,,,,,,,,,,,,,,,,,,,,,,,,,,,,,,0,,,
12778,"Retalhuleu",11,"San Sebastián",2,1741,380,,,,,,,,,,,,,,,,,,,,,,,,,,,,,,,,,,,,,,0,,,
12779,"Retalhuleu",11,"San Sebastián",2,1741,297,,,,,,,,,,,,,,,,,,,,,,,,,,,,,,,,,,,,,,0,,,
12780,"Retalhuleu",11,"San Sebastián",2,1741,296,,,,,,,,,,,,,,,,,,,,,,,,,,,,,,,,,,,,,,0,,,
12781,"Retalhuleu",11,"San Sebastián",2,1742,380,,,,,,,,,,,,,,,,,,,,,,,,,,,,,,,,,,,,,,0,,,
12782,"Retalhuleu",11,"San Sebastián",2,1742,380,,,,,,,,,,,,,,,,,,,,,,,,,,,,,,,,,,,,,,0,,,
12783,"Retalhuleu",11,"San Sebastián",2,1742,380,41,4,2,42,6,15,3,0,4,15,7,4,6,1,5,1,0,0,2,11,0,0,1,7,177,43,24,244,0,244,--,380,136,177,244,244,Algún campo sin dato,1,51fe2a75bce54d57e091f676a1a904adb11d364f29dad5f89a8d5e69e1270425,25/06/2023 23:57:20,ESCANER
12784,"Retalhuleu",11,"San Sebastián",2,1742,310,,,,,,,,,,,,,,,,,,,,,,,,,,,,,,,,,,,,,,0,,,
12785,"Retalhuleu",11,"San Sebastián",2,1742,310,36,3,0,30,5,16,0,1,0,8,5,2,1,0,11,0,0,2,0,13,0,0,0,8,141,27,9,177,0,177,--,310,133,141,177,177,Algún campo sin dato,1,79810ec53f5249c5f2a2b1224357e76324fcaaa97e25d8e238f5d142bd3ddc1d,26/06/2023 00:11:23,ESCANER
12786,"Retalhuleu",11,"San Sebastián",2,1743,482,,,,,,,,,,,,,,,,,,,,,,,,,,,,,,,,,,,,,,0,,,
12787,"Retalhuleu",11,"San Sebastián",2,1743,482,,,,,,,,,,,,,,,,,,,,,,,,,,,,,,,,,,,,,,0,,,
12788,"Retalhuleu",11,"Santa Cruz Muluá",3,1744,400,,,,,,,,,,,,,,,,,,,,,,,,,,,,,,,,,,,,,,0,,,
12789,"Retalhuleu",11,"Santa Cruz Muluá",3,1744,400,,,,,,,,,,,,,,,,,,,,,,,,,,,,,,,,,,,,,,0,,,
12790,"Retalhuleu",11,"Santa Cruz Muluá",3,1744,400,60,4,0,41,3,38,1,1,1,51,7,7,0,0,2,0,0,1,0,16,7,2,3,3,248,26,14,288,--,288,--,400,112,248,288,288,Algún campo sin dato,1,0047967854292c2f2c4ea2019181a2871c77bfa25a7e260d73f9a23fe2a22453,26/06/2023 00:15:36,ESCANER
12791,"Retalhuleu",11,"Santa Cruz Muluá",3,1744,400,,,,,,,,,,,,,,,,,,,,,,,,,,,,,,,,,,,,,,0,,,
12792,"Retalhuleu",11,"Santa Cruz Muluá",3,1744,400,,,,,,,,,,,,,,,,,,,,,,,,,,,,,,,,,,,,,,0,,,
12793,"Retalhuleu",11,"Santa Cruz Muluá",3,1744,400,,,,,,,,,,,,,,,,,,,,,,,,,,,,,,,,,,,,,,0,,,
12794,"Retalhuleu",11,"Santa Cruz Muluá",3,1744,400,,,,,,,,,,,,,,,,,,,,,,,,,,,,,,,,,,,,,,0,,,
12795,"Retalhuleu",11,"Santa Cruz Muluá",3,1744,400,,,,,,,,,,,,,,,,,,,,,,,,,,,,,,,,,,,,,,0,,,
12796,"Retalhuleu",11,"Santa Cruz Muluá",3,1744,400,,,,,,,,,,,,,,,,,,,,,,,,,,,,,,,,,,,,,,0,,,
12797,"Retalhuleu",11,"Santa Cruz Muluá",3,1744,400,,,,,,,,,,,,,,,,,,,,,,,,,,,,,,,,,,,,,,0,,,
12798,"Retalhuleu",11,"Santa Cruz Muluá",3,1744,400,71,0,1,29,9,38,1,2,1,46,7,5,1,0,2,0,0,1,0,10,8,1,1,5,239,27,19,285,0,285,--,400,115,239,285,285,Algún campo sin dato,1,15fd84c84490de16301da617a32f325e35e95b13659decaec54cc865dad4a12f,25/06/2023 23:48:50,ESCANER
12799,"Retalhuleu",11,"Santa Cruz Muluá",3,1744,400,,,,,,,,,,,,,,,,,,,,,,,,,,,,,,,,,,,,,,0,,,
12800,"Retalhuleu",11,"Santa Cruz Muluá",3,1744,400,,,,,,,,,,,,,,,,,,,,,,,,,,,,,,,,,,,,,,0,,,
12801,"Retalhuleu",11,"Santa Cruz Muluá",3,1744,400,,,,,,,,,,,,,,,,,,,,,,,,,,,,,,,,,,,,,,0,,,
12802,"Retalhuleu",11,"Santa Cruz Muluá",3,1744,400,,,,,,,,,,,,,,,,,,,,,,,,,,,,,,,,,,,,,,0,,,
12803,"Retalhuleu",11,"Santa Cruz Muluá",3,1744,323,,,,,,,,,,,,,,,,,,,,,,,,,,,,,,,,,,,,,,0,,,
12804,"Retalhuleu",11,"Santa Cruz Muluá",3,1744,322,50,0,2,17,2,31,0,0,0,26,3,6,0,1,2,0,0,0,0,5,3,1,0,8,157,12,4,173,0,173,--,322,149,157,173,173,Algún campo sin dato,1,ec32385da8f041c52de6446f30be31d3bee7856a80ff54532ae286a3f80deed8,25/06/2023 23:18:31,ESCANER
12805,"Retalhuleu",11,"Santa Cruz Muluá",3,1745,400,,,,,,,,,,,,,,,,,,,,,,,,,,,,,,,,,,,,,,0,,,
12806,"Retalhuleu",11,"Santa Cruz Muluá",3,1745,400,,,,,,,,,,,,,,,,,,,,,,,,,,,,,,,,,,,,,,0,,,
12807,"Retalhuleu",11,"Santa Cruz Muluá",3,1745,400,,,,,,,,,,,,,,,,,,,,,,,,,,,,,,,,,,,,,,0,,,
12808,"Retalhuleu",11,"Santa Cruz Muluá",3,1745,400,,,,,,,,,,,,,,,,,,,,,,,,,,,,,,,,,,,,,,0,,,
12809,"Retalhuleu",11,"Santa Cruz Muluá",3,1745,202,16,0,0,47,14,7,0,0,0,16,1,2,1,0,0,0,0,1,0,4,0,0,2,7,118,9,3,130,0,130,0,202,72,118,130,130,,1,965107148677766f91ac68c7b07fa881e9c1cfb83ff077b4a11780989f7e5593,25/06/2023 23:31:48,ESCANER
12810,"Retalhuleu",11,"Santa Cruz Muluá",3,1745,201,19,0,0,27,17,22,0,0,0,13,0,0,1,1,0,0,0,1,0,3,0,0,2,2,108,9,3,120,0,120,--,201,81,108,120,120,Algún campo sin dato,1,15060cabbee4c4cb4b4384fea863a966a1a4d7f3d52e1b14588fe22ea3ba2ba4,25/06/2023 23:43:59,ESCANER
12811,"Retalhuleu",11,"Santa Cruz Muluá",3,1746,337,15,0,0,11,2,11,1,0,0,7,4,1,1,0,0,0,1,0,0,7,1,0,0,2,64,10,2,76,1,77,--,337,260,64,76,77,Algún campo sin dato,1,15731c00fb0219914c94ddeba823f286cf48d48f03d7c2356771f981799d7b1a,26/06/2023 00:13:10,ESCANER
12812,"Retalhuleu",11,"San Martín Zapotitlán",4,1747,400,,,,,,,,,,,,,,,,,,,,,,,,,,,,,,,,,,,,,,0,,,
12813,"Retalhuleu",11,"San Martín Zapotitlán",4,1747,400,,,,,,,,,,,,,,,,,,,,,,,,,,,,,,,,,,,,,,0,,,
12814,"Retalhuleu",11,"San Martín Zapotitlán",4,1747,400,,,,,,,,,,,,,,,,,,,,,,,,,,,,,,,,,,,,,,0,,,
12815,"Retalhuleu",11,"San Martín Zapotitlán",4,1747,400,,,,,,,,,,,,,,,,,,,,,,,,,,,,,,,,,,,,,,0,,,
12816,"Retalhuleu",11,"San Martín Zapotitlán",4,1747,400,,,,,,,,,,,,,,,,,,,,,,,,,,,,,,,,,,,,,,0,,,
12817,"Retalhuleu",11,"San Martín Zapotitlán",4,1747,400,,,,,,,,,,,,,,,,,,,,,,,,,,,,,,,,,,,,,,0,,,
12818,"Retalhuleu",11,"San Martín Zapotitlán",4,1747,400,,,,,,,,,,,,,,,,,,,,,,,,,,,,,,,,,,,,,,0,,,
12819,"Retalhuleu",11,"San Martín Zapotitlán",4,1747,400,,,,,,,,,,,,,,,,,,,,,,,,,,,,,,,,,,,,,,0,,,
12820,"Retalhuleu",11,"San Martín Zapotitlán",4,1747,400,,,,,,,,,,,,,,,,,,,,,,,,,,,,,,,,,,,,,,0,,,
12821,"Retalhuleu",11,"San Martín Zapotitlán",4,1748,400,,,,,,,,,,,,,,,,,,,,,,,,,,,,,,,,,,,,,,0,,,
12822,"Retalhuleu",11,"San Martín Zapotitlán",4,1748,400,,,,,,,,,,,,,,,,,,,,,,,,,,,,,,,,,,,,,,0,,,
12823,"Retalhuleu",11,"San Martín Zapotitlán",4,1748,400,,,,,,,,,,,,,,,,,,,,,,,,,,,,,,,,,,,,,,0,,,
12824,"Retalhuleu",11,"San Martín Zapotitlán",4,1748,400,,,,,,,,,,,,,,,,,,,,,,,,,,,,,,,,,,,,,,0,,,
12825,"Retalhuleu",11,"San Martín Zapotitlán",4,1748,400,,,,,,,,,,,,,,,,,,,,,,,,,,,,,,,,,,,,,,0,,,
12826,"Retalhuleu",11,"San Martín Zapotitlán",4,1748,400,,,,,,,,,,,,,,,,,,,,,,,,,,,,,,,,,,,,,,0,,,
12827,"Retalhuleu",11,"San Martín Zapotitlán",4,1748,400,,,,,,,,,,,,,,,,,,,,,,,,,,,,,,,,,,,,,,0,,,
12828,"Retalhuleu",11,"San Martín Zapotitlán",4,1748,400,,,,,,,,,,,,,,,,,,,,,,,,,,,,,,,,,,,,,,0,,,
12829,"Retalhuleu",11,"San Martín Zapotitlán",4,1748,400,,,,,,,,,,,,,,,,,,,,,,,,,,,,,,,,,,,,,,0,,,
12830,"Retalhuleu",11,"San Martín Zapotitlán",4,1749,400,,,,,,,,,,,,,,,,,,,,,,,,,,,,,,,,,,,,,,0,,,
12831,"Retalhuleu",11,"San Martín Zapotitlán",4,1749,400,,,,,,,,,,,,,,,,,,,,,,,,,,,,,,,,,,,,,,0,,,
12832,"Retalhuleu",11,"San Martín Zapotitlán",4,1749,400,,,,,,,,,,,,,,,,,,,,,,,,,,,,,,,,,,,,,,0,,,
12833,"Retalhuleu",11,"San Martín Zapotitlán",4,1749,400,,,,,,,,,,,,,,,,,,,,,,,,,,,,,,,,,,,,,,0,,,
12834,"Retalhuleu",11,"San Martín Zapotitlán",4,1750,400,,,,,,,,,,,,,,,,,,,,,,,,,,,,,,,,,,,,,,0,,,
12835,"Retalhuleu",11,"San Martín Zapotitlán",4,1750,400,,,,,,,,,,,,,,,,,,,,,,,,,,,,,,,,,,,,,,0,,,
12836,"Retalhuleu",11,"San Martín Zapotitlán",4,1750,400,,,,,,,,,,,,,,,,,,,,,,,,,,,,,,,,,,,,,,0,,,
12837,"Retalhuleu",11,"San Martín Zapotitlán",4,1750,400,,,,,,,,,,,,,,,,,,,,,,,,,,,,,,,,,,,,,,0,,,
12838,"Retalhuleu",11,"San Martín Zapotitlán",4,1751,400,,,,,,,,,,,,,,,,,,,,,,,,,,,,,,,,,,,,,,0,,,
12839,"Retalhuleu",11,"San Martín Zapotitlán",4,1751,259,,,,,,,,,,,,,,,,,,,,,,,,,,,,,,,,,,,,,,0,,,
12840,"Retalhuleu",11,"San Martín Zapotitlán",4,1751,258,,,,,,,,,,,,,,,,,,,,,,,,,,,,,,,,,,,,,,0,,,
12841,"Retalhuleu",11,"San Felipe",5,1752,400,39,9,2,33,5,6,2,0,0,31,10,15,3,0,27,0,0,1,0,13,11,3,0,23,233,39,18,290,0,290,--,400,110,233,290,290,Algún campo sin dato,1,994793945cedfe101d48af1b85b32e1903186b1a0b660f1897bcdbf82344d00b,25/06/2023 23:48:23,ESCANER
12842,"Retalhuleu",11,"San Felipe",5,1752,400,,,,,,,,,,,,,,,,,,,,,,,,,,,,,,,,,,,,,,0,,,
12843,"Retalhuleu",11,"San Felipe",5,1752,400,,,,,,,,,,,,,,,,,,,,,,,,,,,,,,,,,,,,,,0,,,
12844,"Retalhuleu",11,"San Felipe",5,1752,400,33,3,1,41,3,5,2,0,0,30,6,8,2,1,43,1,0,3,4,15,19,1,5,17,243,52,15,310,0,310,--,401,91,243,310,310,Algún campo sin dato,1,de0f49815ac01826568a9841edcb1e49a7eb1429357d50f3fadb896589c53b12,26/06/2023 00:21:40,ESCANER
12845,"Retalhuleu",11,"San Felipe",5,1753,400,,,,,,,,,,,,,,,,,,,,,,,,,,,,,,,,,,,,,,0,,,
12846,"Retalhuleu",11,"San Felipe",5,1753,400,,,,,,,,,,,,,,,,,,,,,,,,,,,,,,,,,,,,,,0,,,
12847,"Retalhuleu",11,"San Felipe",5,1753,400,,,,,,,,,,,,,,,,,,,,,,,,,,,,,,,,,,,,,,0,,,
12848,"Retalhuleu",11,"San Felipe",5,1753,400,31,9,4,43,1,8,2,2,2,45,5,12,0,0,33,0,0,2,1,12,31,1,1,21,266,24,22,312,0,312,--,400,88,266,312,312,Algún campo sin dato,1,b3208416dd206ee9352d5d97eb06181efd7714784ff8b506f5da40d0bb723418,25/06/2023 23:47:26,ESCANER
12849,"Retalhuleu",11,"San Felipe",5,1753,400,34,8,6,36,3,4,0,1,1,44,7,6,0,1,34,0,0,3,1,12,20,0,0,16,237,35,13,285,1,286,1,400,114,237,285,286,,1,11b933e84052d87d252c5404a46aa451c6700488cc54052b7ef2a97d96adbfd4,26/06/2023 00:07:01,ESCANER
12850,"Retalhuleu",11,"San Felipe",5,1753,400,,,,,,,,,,,,,,,,,,,,,,,,,,,,,,,,,,,,,,0,,,
12851,"Retalhuleu",11,"San Felipe",5,1753,400,,,,,,,,,,,,,,,,,,,,,,,,,,,,,,,,,,,,,,0,,,
12852,"Retalhuleu",11,"San Felipe",5,1753,400,,,,,,,,,,,,,,,,,,,,,,,,,,,,,,,,,,,,,,0,,,
12853,"Retalhuleu",11,"San Felipe",5,1753,400,,,,,,,,,,,,,,,,,,,,,,,,,,,,,,,,,,,,,,0,,,
12854,"Retalhuleu",11,"San Felipe",5,1753,400,40,3,4,42,1,1,1,3,1,38,4,10,1,2,36,0,0,2,1,9,14,0,2,18,233,35,14,282,0,282,--,400,118,233,282,282,Algún campo sin dato,1,635af071d0fb4e053bcb4abb2b54453bde4fa2ac5973fa246aa87d34bb89bfa7,25/06/2023 23:59:45,ESCANER
12855,"Retalhuleu",11,"San Felipe",5,1754,400,,,,,,,,,,,,,,,,,,,,,,,,,,,,,,,,,,,,,,0,,,
12856,"Retalhuleu",11,"San Felipe",5,1754,400,33,7,3,36,4,1,4,1,2,47,7,5,0,2,28,1,0,4,1,9,11,2,7,19,234,29,17,280,0,280,--,400,120,234,280,280,Algún campo sin dato,1,787e489a63f709b1f9a05b53b4b7389ce365373484e4bb0feef0bce413ac0e77,26/06/2023 00:01:54,ESCANER
12857,"Retalhuleu",11,"San Felipe",5,1754,400,,,,,,,,,,,,,,,,,,,,,,,,,,,,,,,,,,,,,,0,,,
12858,"Retalhuleu",11,"San Felipe",5,1755,400,,,,,,,,,,,,,,,,,,,,,,,,,,,,,,,,,,,,,,0,,,
12859,"Retalhuleu",11,"San Felipe",5,1755,400,,,,,,,,,,,,,,,,,,,,,,,,,,,,,,,,,,,,,,0,,,
12860,"Retalhuleu",11,"San Felipe",5,1755,400,31,2,2,30,1,3,1,2,0,59,2,11,2,1,38,0,0,3,2,16,13,0,5,21,245,21,14,280,0,280,--,400,120,245,280,280,Algún campo sin dato,1,6a9da339ea8e9fb281d0dd8c06a5d0297fc2a09ea40195773e17cb724c80664d,25/06/2023 22:25:19,ESCANER
12861,"Retalhuleu",11,"San Felipe",5,1755,400,27,1,5,42,3,2,0,1,1,34,6,7,2,0,29,0,2,2,0,11,13,2,2,28,220,40,12,272,1,273,1,400,127,220,272,273,,1,f4518beafdaaae77982879cfb5202f01c235f873a87fd16d83cef2ec2ddb0615,25/06/2023 23:50:47,ESCANER
12862,"Retalhuleu",11,"San Felipe",5,1755,400,28,3,2,36,3,3,0,3,0,40,10,10,0,1,25,0,0,3,1,6,21,1,5,35,236,31,12,279,0,279,--,400,121,236,279,279,Algún campo sin dato,1,a2e999cee0b91bd15fb06407108423c2c3bcbe22b3fb3a19ffc298745771bf87,25/06/2023 23:42:13,ESCANER
12863,"Retalhuleu",11,"San Felipe",5,1755,400,36,8,3,45,2,1,0,1,1,36,9,8,2,2,36,0,0,3,1,9,22,0,5,37,267,28,3,298,0,298,--,400,102,267,298,298,Algún campo sin dato,1,72059061d4c6a769d1f89a2e7458625e922be9a540782f1f71d2ff2822d848ff,25/06/2023 23:09:32,ESCANER
12864,"Retalhuleu",11,"San Felipe",5,1755,400,,,,,,,,,,,,,,,,,,,,,,,,,,,,,,,,,,,,,,0,,,
12865,"Retalhuleu",11,"San Felipe",5,1755,400,,,,,,,,,,,,,,,,,,,,,,,,,,,,,,,,,,,,,,0,,,
12866,"Retalhuleu",11,"San Felipe",5,1755,237,15,1,0,16,3,0,1,1,0,22,2,7,1,0,12,0,0,1,1,7,9,0,3,26,128,18,7,153,0,153,--,237,84,128,153,153,Algún campo sin dato,1,7e8e09519d1afda558263d7beb97ff7654626a5d9791d87e4792b7e6be00bd81,25/06/2023 23:55:59,ESCANER
12867,"Retalhuleu",11,"San Felipe",5,1755,237,13,2,0,19,2,1,0,0,1,22,1,3,2,0,23,0,0,0,1,5,9,1,2,6,113,16,1,130,0,130,--,237,107,113,130,130,Algún campo sin dato,1,8a8d460ef532e1e82eaa5c67339ff5b6e3d635cc7ec392467585ab5b26138889,25/06/2023 23:00:57,ESCANER
12868,"Retalhuleu",11,"San Felipe",5,1756,380,,,,,,,,,,,,,,,,,,,,,,,,,,,,,,,,,,,,,,0,,,
12869,"Retalhuleu",11,"San Felipe",5,1756,380,,,,,,,,,,,,,,,,,,,,,,,,,,,,,,,,,,,,,,0,,,
12870,"Retalhuleu",11,"San Felipe",5,1756,354,,,,,,,,,,,,,,,,,,,,,,,,,,,,,,,,,,,,,,0,,,
12871,"Retalhuleu",11,"San Felipe",5,1756,353,,,,,,,,,,,,,,,,,,,,,,,,,,,,,,,,,,,,,,0,,,
12872,"Retalhuleu",11,"San Felipe",5,1757,380,,,,,,,,,,,,,,,,,,,,,,,,,,,,,,,,,,,,,,0,,,
12873,"Retalhuleu",11,"San Felipe",5,1757,380,,,,,,,,,,,,,,,,,,,,,,,,,,,,,,,,,,,,,,0,,,
12874,"Retalhuleu",11,"San Felipe",5,1757,380,,,,,,,,,,,,,,,,,,,,,,,,,,,,,,,,,,,,,,0,,,
12875,"Retalhuleu",11,"San Felipe",5,1757,211,,,,,,,,,,,,,,,,,,,,,,,,,,,,,,,,,,,,,,0,,,
12876,"Retalhuleu",11,"San Felipe",5,1757,210,,,,,,,,,,,,,,,,,,,,,,,,,,,,,,,,,,,,,,0,,,
12877,"Retalhuleu",11,"San Felipe",5,1758,591,,,,,,,,,,,,,,,,,,,,,,,,,,,,,,,,,,,,,,0,,,
12878,"Retalhuleu",11,"San Felipe",5,1758,590,,,,,,,,,,,,,,,,,,,,,,,,,,,,,,,,,,,,,,0,,,
12879,"Retalhuleu",11,"San Andrés Villa Seca",6,1759,400,,,,,,,,,,,,,,,,,,,,,,,,,,,,,,,,,,,,,,0,,,
12880,"Retalhuleu",11,"San Andrés Villa Seca",6,1759,400,,,,,,,,,,,,,,,,,,,,,,,,,,,,,,,,,,,,,,0,,,
12881,"Retalhuleu",11,"San Andrés Villa Seca",6,1759,400,,,,,,,,,,,,,,,,,,,,,,,,,,,,,,,,,,,,,,0,,,
12882,"Retalhuleu",11,"San Andrés Villa Seca",6,1759,400,26,2,0,14,4,69,4,1,0,21,8,9,1,1,3,0,0,2,3,14,6,2,0,8,198,41,37,276,0,276,--,400,124,198,276,276,Algún campo sin dato,1,eb2f952d5034172874f136630273d3bf4c089ff4279f46381bb21e1f1975a05b,25/06/2023 23:09:17,ESCANER
12883,"Retalhuleu",11,"San Andrés Villa Seca",6,1760,400,,,,,,,,,,,,,,,,,,,,,,,,,,,,,,,,,,,,,,0,,,
12884,"Retalhuleu",11,"San Andrés Villa Seca",6,1760,400,,,,,,,,,,,,,,,,,,,,,,,,,,,,,,,,,,,,,,0,,,
12885,"Retalhuleu",11,"San Andrés Villa Seca",6,1760,319,21,1,0,15,2,61,3,1,1,23,4,12,3,0,0,2,0,0,1,11,1,1,1,20,184,21,11,216,0,216,--,319,103,184,216,216,Algún campo sin dato,1,ad4cbd1171da9a6ecb1e0ad3db0cb5c26391cf6b853e00abb7a1e9a20b2d915e,25/06/2023 22:47:28,ESCANER
12886,"Retalhuleu",11,"San Andrés Villa Seca",6,1760,319,30,1,1,8,2,35,2,0,0,16,4,10,1,0,3,0,0,1,2,11,1,0,0,12,140,18,7,165,0,165,--,319,154,140,165,165,Algún campo sin dato,1,e72d1bbf12ebebcebaaa08a494964cebbcd2c33d63087e346ee1fcd4d308ae0d,25/06/2023 21:50:02,ESCANER
12887,"Retalhuleu",11,"San Andrés Villa Seca",6,1761,400,,,,,,,,,,,,,,,,,,,,,,,,,,,,,,,,,,,,,,0,,,
12888,"Retalhuleu",11,"San Andrés Villa Seca",6,1761,400,,,,,,,,,,,,,,,,,,,,,,,,,,,,,,,,,,,,,,0,,,
12889,"Retalhuleu",11,"San Andrés Villa Seca",6,1761,400,,,,,,,,,,,,,,,,,,,,,,,,,,,,,,,,,,,,,,0,,,
12890,"Retalhuleu",11,"San Andrés Villa Seca",6,1761,400,,,,,,,,,,,,,,,,,,,,,,,,,,,,,,,,,,,,,,0,,,
12891,"Retalhuleu",11,"San Andrés Villa Seca",6,1761,253,,,,,,,,,,,,,,,,,,,,,,,,,,,,,,,,,,,,,,0,,,
12892,"Retalhuleu",11,"San Andrés Villa Seca",6,1761,252,,,,,,,,,,,,,,,,,,,,,,,,,,,,,,,,,,,,,,0,,,
12893,"Retalhuleu",11,"San Andrés Villa Seca",6,1762,380,,,,,,,,,,,,,,,,,,,,,,,,,,,,,,,,,,,,,,0,,,
12894,"Retalhuleu",11,"San Andrés Villa Seca",6,1762,380,,,,,,,,,,,,,,,,,,,,,,,,,,,,,,,,,,,,,,0,,,
12895,"Retalhuleu",11,"San Andrés Villa Seca",6,1762,380,,,,,,,,,,,,,,,,,,,,,,,,,,,,,,,,,,,,,,0,,,
12896,"Retalhuleu",11,"San Andrés Villa Seca",6,1762,320,24,8,0,5,0,18,3,0,1,47,0,4,1,0,1,0,0,1,1,8,0,1,0,3,126,16,12,154,7,161,--,320,159,126,154,161,Algún campo sin dato,1,bbc44a2c497f316aaaa8abde995f9fd97361485bc53626597bf2eab3f1783244,25/06/2023 23:37:52,ESCANER
12897,"Retalhuleu",11,"San Andrés Villa Seca",6,1762,320,21,4,0,3,2,8,3,2,0,68,1,3,0,0,3,0,0,1,1,7,0,0,0,8,135,15,6,156,4,160,--,320,160,135,156,160,Algún campo sin dato,1,4d5e1683d3f11c2282fc14cc1438c2644f9a0a8fd49e4496fdea565e0c532d59,25/06/2023 22:10:37,ESCANER
12898,"Retalhuleu",11,"San Andrés Villa Seca",6,1763,380,,,,,,,,,,,,,,,,,,,,,,,,,,,,,,,,,,,,,,0,,,
12899,"Retalhuleu",11,"San Andrés Villa Seca",6,1763,380,,,,,,,,,,,,,,,,,,,,,,,,,,,,,,,,,,,,,,0,,,
12900,"Retalhuleu",11,"San Andrés Villa Seca",6,1763,380,,,,,,,,,,,,,,,,,,,,,,,,,,,,,,,,,,,,,,0,,,
12901,"Retalhuleu",11,"San Andrés Villa Seca",6,1763,380,32,9,0,7,12,12,3,0,0,24,2,10,1,0,9,0,0,2,1,8,0,2,0,1,135,32,19,186,0,186,0,380,194,135,186,186,,1,3b3c299e040821ecdd8c846806cd72d34db6e97b4e85532cf5cc3b4a143db2c1,25/06/2023 22:33:40,ESCANER
12902,"Retalhuleu",11,"San Andrés Villa Seca",6,1763,380,35,4,0,3,11,14,3,0,1,37,0,5,0,2,1,1,0,1,0,7,0,1,2,3,131,35,12,178,0,178,0,380,202,131,178,178,,1,5b84b02c256fe00707274a28ec26bbf188b583cc7758bb550687777e6c9ddb52,25/06/2023 22:00:08,ESCANER
12903,"Retalhuleu",11,"San Andrés Villa Seca",6,1763,380,30,4,0,4,2,10,4,0,0,23,1,9,1,0,4,0,0,2,1,6,0,1,0,2,104,36,23,163,0,163,0,380,217,104,163,163,,1,3f314fc4da4d1cc81052a24270f5eb3d2c1882e8adb42426122d89d7d7d89eaf,25/06/2023 22:51:21,ESCANER
12904,"Retalhuleu",11,"San Andrés Villa Seca",6,1763,294,28,1,3,8,3,5,2,0,0,19,1,11,0,0,4,0,1,2,0,2,2,0,0,7,99,17,5,121,0,121,0,294,173,99,121,121,,1,b9c650b1763769168a0f43e66ea28059c0ccf3eff73ad1f1c90a38ac40a498da,25/06/2023 23:45:49,ESCANER
12905,"Retalhuleu",11,"San Andrés Villa Seca",6,1763,293,26,2,1,2,3,5,1,1,0,33,2,4,0,0,1,1,0,1,0,7,0,0,1,6,97,27,6,130,0,130,0,293,163,97,130,130,,1,a40bb28aefca33cd5e31dce8e53ebe9e67d44f1f863161eafe1600c3bfb24669,25/06/2023 23:19:30,ESCANER
12906,"Retalhuleu",11,"San Andrés Villa Seca",6,1764,380,,,,,,,,,,,,,,,,,,,,,,,,,,,,,,,,,,,,,,0,,,
12907,"Retalhuleu",11,"San Andrés Villa Seca",6,1764,380,90,2,1,15,8,35,1,0,0,8,6,13,3,1,1,0,0,2,0,11,1,1,0,2,201,33,15,249,0,249,--,371,122,201,249,249,Algún campo sin dato,1,7cc022b0fb32cdcab70e186e4eebc95113d72874a7833048f26c7593be18cc6e,26/06/2023 00:12:29,ESCANER
12908,"Retalhuleu",11,"San Andrés Villa Seca",6,1764,380,,,,,,,,,,,,,,,,,,,,,,,,,,,,,,,,,,,,,,0,,,
12909,"Retalhuleu",11,"San Andrés Villa Seca",6,1764,380,,,,,,,,,,,,,,,,,,,,,,,,,,,,,,,,,,,,,,0,,,
12910,"Retalhuleu",11,"San Andrés Villa Seca",6,1764,380,94,0,0,14,8,33,2,0,2,8,4,9,2,0,1,0,0,1,0,9,1,1,2,5,196,23,22,241,0,241,--,380,139,196,241,241,Algún campo sin dato,1,e391cdfc21cd26f725ec062e6d3512dc52bdf97020a2c483f59166739aad83f3,26/06/2023 00:10:51,ESCANER
12911,"Retalhuleu",11,"San Andrés Villa Seca",6,1764,380,,,,,,,,,,,,,,,,,,,,,,,,,,,,,,,,,,,,,,0,,,
12912,"Retalhuleu",11,"San Andrés Villa Seca",6,1764,351,,,,,,,,,,,,,,,,,,,,,,,,,,,,,,,,,,,,,,0,,,
12913,"Retalhuleu",11,"San Andrés Villa Seca",6,1764,350,,,,,,,,,,,,,,,,,,,,,,,,,,,,,,,,,,,,,,0,,,
12914,"Retalhuleu",11,"San Andrés Villa Seca",6,1765,380,39,2,2,5,6,8,3,1,0,56,1,9,0,1,5,0,0,4,2,8,1,0,1,3,157,42,18,217,0,217,--,380,163,157,217,217,Algún campo sin dato,1,597b90599d4b4b87c4bcd67bd14b651510eed7882c2606696561eaa8cc900f05,25/06/2023 22:59:32,ESCANER
12915,"Retalhuleu",11,"San Andrés Villa Seca",6,1765,380,,,,,,,,,,,,,,,,,,,,,,,,,,,,,,,,,,,,,,0,,,
12916,"Retalhuleu",11,"San Andrés Villa Seca",6,1765,380,30,3,1,6,2,15,6,2,1,43,3,9,4,0,2,1,0,3,1,15,0,0,0,6,153,46,28,227,0,227,--,380,153,153,227,227,Algún campo sin dato,1,144bc1be135e3be5cd0dc1434492efe07a0b6f19985e4a55881f9149e22797db,26/06/2023 00:08:03,ESCANER
12917,"Retalhuleu",11,"San Andrés Villa Seca",6,1765,380,,,,,,,,,,,,,,,,,,,,,,,,,,,,,,,,,,,,,,0,,,
12918,"Retalhuleu",11,"San Andrés Villa Seca",6,1765,380,,,,,,,,,,,,,,,,,,,,,,,,,,,,,,,,,,,,,,0,,,
12919,"Retalhuleu",11,"San Andrés Villa Seca",6,1765,380,,,,,,,,,,,,,,,,,,,,,,,,,,,,,,,,,,,,,,0,,,
12920,"Retalhuleu",11,"San Andrés Villa Seca",6,1765,380,,,,,,,,,,,,,,,,,,,,,,,,,,,,,,,,,,,,,,0,,,
12921,"Retalhuleu",11,"San Andrés Villa Seca",6,1765,380,,,,,,,,,,,,,,,,,,,,,,,,,,,,,,,,,,,,,,0,,,
12922,"Retalhuleu",11,"San Andrés Villa Seca",6,1765,380,,,,,,,,,,,,,,,,,,,,,,,,,,,,,,,,,,,,,,0,,,
12923,"Retalhuleu",11,"San Andrés Villa Seca",6,1765,380,,,,,,,,,,,,,,,,,,,,,,,,,,,,,,,,,,,,,,0,,,
12924,"Retalhuleu",11,"San Andrés Villa Seca",6,1765,380,,,,,,,,,,,,,,,,,,,,,,,,,,,,,,,,,,,,,,0,,,
12925,"Retalhuleu",11,"San Andrés Villa Seca",6,1765,380,,,,,,,,,,,,,,,,,,,,,,,,,,,,,,,,,,,,,,0,,,
12926,"Retalhuleu",11,"San Andrés Villa Seca",6,1765,380,,,,,,,,,,,,,,,,,,,,,,,,,,,,,,,,,,,,,,0,,,
12927,"Retalhuleu",11,"San Andrés Villa Seca",6,1765,380,,,,,,,,,,,,,,,,,,,,,,,,,,,,,,,,,,,,,,0,,,
12928,"Retalhuleu",11,"San Andrés Villa Seca",6,1765,380,,,,,,,,,,,,,,,,,,,,,,,,,,,,,,,,,,,,,,0,,,
12929,"Retalhuleu",11,"San Andrés Villa Seca",6,1765,380,,,,,,,,,,,,,,,,,,,,,,,,,,,,,,,,,,,,,,0,,,
12930,"Retalhuleu",11,"San Andrés Villa Seca",6,1765,295,,,,,,,,,,,,,,,,,,,,,,,,,,,,,,,,,,,,,,0,,,
12931,"Retalhuleu",11,"San Andrés Villa Seca",6,1765,295,,,,,,,,,,,,,,,,,,,,,,,,,,,,,,,,,,,,,,0,,,
12932,"Retalhuleu",11,"San Andrés Villa Seca",6,1766,380,,,,,,,,,,,,,,,,,,,,,,,,,,,,,,,,,,,,,,0,,,
12933,"Retalhuleu",11,"San Andrés Villa Seca",6,1766,380,,,,,,,,,,,,,,,,,,,,,,,,,,,,,,,,,,,,,,0,,,
12934,"Retalhuleu",11,"San Andrés Villa Seca",6,1766,380,,,,,,,,,,,,,,,,,,,,,,,,,,,,,,,,,,,,,,0,,,
12935,"Retalhuleu",11,"San Andrés Villa Seca",6,1766,380,,,,,,,,,,,,,,,,,,,,,,,,,,,,,,,,,,,,,,0,,,
12936,"Retalhuleu",11,"San Andrés Villa Seca",6,1766,380,,,,,,,,,,,,,,,,,,,,,,,,,,,,,,,,,,,,,,0,,,
12937,"Retalhuleu",11,"San Andrés Villa Seca",6,1766,219,55,0,0,31,2,25,1,1,0,5,1,1,0,0,0,0,0,2,0,3,2,0,0,3,132,8,4,144,0,144,--,216,72,132,144,144,Algún campo sin dato,1,9d896436aed00471c16e5d11cb171e22afb3feff0dbfff68fa12b19437f0933b,25/06/2023 23:17:02,ESCANER
12938,"Retalhuleu",11,"San Andrés Villa Seca",6,1766,218,,,,,,,,,,,,,,,,,,,,,,,,,,,,,,,,,,,,,,0,,,
12939,"Retalhuleu",11,"San Andrés Villa Seca",6,1767,303,,,,,,,,,,,,,,,,,,,,,,,,,,,,,,,,,,,,,,0,,,
12940,"Retalhuleu",11,"San Andrés Villa Seca",6,1767,303,,,,,,,,,,,,,,,,,,,,,,,,,,,,,,,,,,,,,,0,,,
12941,"Retalhuleu",11,"San Andrés Villa Seca",6,1768,380,,,,,,,,,,,,,,,,,,,,,,,,,,,,,,,,,,,,,,0,,,
12942,"Retalhuleu",11,"San Andrés Villa Seca",6,1768,379,,,,,,,,,,,,,,,,,,,,,,,,,,,,,,,,,,,,,,0,,,
12943,"Retalhuleu",11,"San Andrés Villa Seca",6,1768,379,,,,,,,,,,,,,,,,,,,,,,,,,,,,,,,,,,,,,,0,,,
12944,"Retalhuleu",11,"San Andrés Villa Seca",6,1769,600,20,0,1,7,0,21,5,2,1,14,1,2,0,0,3,0,0,1,0,5,0,0,0,4,87,20,4,111,0,111,--,600,489,87,111,111,Algún campo sin dato,1,820616531c8075bed501c82d5f275ec2b28159716fc5cce0acdb4b31b4e7af75,25/06/2023 22:16:47,ESCANER
12945,"Retalhuleu",11,"San Andrés Villa Seca",6,1769,572,5,0,0,2,2,17,1,1,0,7,1,1,0,0,0,0,0,1,0,1,0,0,1,4,44,5,4,53,0,53,--,570,517,44,53,53,Algún campo sin dato,1,72a8aa30116e2288f26d722faf2c7f6d411fbaed9a325f12418469e162f6e456,25/06/2023 22:41:57,ESCANER
12946,"Retalhuleu",11,"San Andrés Villa Seca",6,1769,572,3,1,0,1,0,4,1,0,0,2,0,2,0,0,0,0,0,0,0,2,0,0,0,1,17,4,3,24,0,24,--,572,548,17,24,24,Algún campo sin dato,1,c01c34ceb6c7f0fcd0d85b6af6bab9543967976c954d94a93765035073e23c2e,25/06/2023 20:40:51,ESCANER
12947,"Retalhuleu",11,"Champerico",7,1770,400,27,2,1,27,9,23,--,5,2,28,8,6,1,--,4,--,--,--,--,71,--,--,1,6,221,19,13,253,0,253,--,400,146,221,253,253,Algún campo sin dato,1,79b99fd784d7e73fc3e49b140702aaa5d7bb30064e18dff2f5851f29a81313be,25/06/2023 22:59:16,ESCANER
12948,"Retalhuleu",11,"Champerico",7,1770,400,36,2,0,32,3,12,4,7,4,29,5,4,0,2,2,0,1,2,0,57,0,0,0,4,206,33,19,258,0,258,--,400,142,206,258,258,Algún campo sin dato,1,243eb92ae0c346b4234a4b0a243574e38178a154c74375907bf76e0d8eef8aae,25/06/2023 23:59:55,ESCANER
12949,"Retalhuleu",11,"Champerico",7,1770,400,,,,,,,,,,,,,,,,,,,,,,,,,,,,,,,,,,,,,,0,,,
12950,"Retalhuleu",11,"Champerico",7,1770,400,,,,,,,,,,,,,,,,,,,,,,,,,,,,,,,,,,,,,,0,,,
12951,"Retalhuleu",11,"Champerico",7,1770,400,34,0,1,25,10,27,1,3,3,26,10,5,1,4,1,0,0,0,0,79,1,0,0,6,237,26,9,272,0,272,--,400,128,237,272,272,Algún campo sin dato,1,63b89a7f306a2a5149b234abffd890b4154d1a1b03bd34f684bd1ae0df005ed8,25/06/2023 23:52:16,ESCANER
12952,"Retalhuleu",11,"Champerico",7,1770,400,46,2,3,19,11,27,3,13,0,23,11,3,1,2,5,0,1,0,0,78,0,0,1,8,257,22,14,293,0,293,--,400,107,257,293,293,Algún campo sin dato,1,7147719870b944459485e9719f227f46470cd16a1cfb0327841b79c4ebca1860,25/06/2023 23:45:02,ESCANER
12953,"Retalhuleu",11,"Champerico",7,1770,400,,,,,,,,,,,,,,,,,,,,,,,,,,,,,,,,,,,,,,0,,,
12954,"Retalhuleu",11,"Champerico",7,1770,400,,,,,,,,,,,,,,,,,,,,,,,,,,,,,,,,,,,,,,0,,,
12955,"Retalhuleu",11,"Champerico",7,1770,400,,,,,,,,,,,,,,,,,,,,,,,,,,,,,,,,,,,,,,0,,,
12956,"Retalhuleu",11,"Champerico",7,1771,400,,,,,,,,,,,,,,,,,,,,,,,,,,,,,,,,,,,,,,0,,,
12957,"Retalhuleu",11,"Champerico",7,1771,400,,,,,,,,,,,,,,,,,,,,,,,,,,,,,,,,,,,,,,0,,,
12958,"Retalhuleu",11,"Champerico",7,1771,400,,,,,,,,,,,,,,,,,,,,,,,,,,,,,,,,,,,,,,0,,,
12959,"Retalhuleu",11,"Champerico",7,1771,400,26,0,1,44,10,18,2,6,4,27,7,6,3,1,2,0,0,1,0,65,1,1,1,5,231,22,16,269,0,269,--,400,131,231,269,269,Algún campo sin dato,1,e31b378c9803f3755d3d420d1811cf21cba1f6ada6964c1e010ea45d119db910,25/06/2023 23:32:13,ESCANER
12960,"Retalhuleu",11,"Champerico",7,1771,400,,,,,,,,,,,,,,,,,,,,,,,,,,,,,,,,,,,,,,0,,,
12961,"Retalhuleu",11,"Champerico",7,1771,400,,,,,,,,,,,,,,,,,,,,,,,,,,,,,,,,,,,,,,0,,,
12962,"Retalhuleu",11,"Champerico",7,1771,400,,,,,,,,,,,,,,,,,,,,,,,,,,,,,,,,,,,,,,0,,,
12963,"Retalhuleu",11,"Champerico",7,1771,392,,,,,,,,,,,,,,,,,,,,,,,,,,,,,,,,,,,,,,0,,,
12964,"Retalhuleu",11,"Champerico",7,1771,392,,,,,,,,,,,,,,,,,,,,,,,,,,,,,,,,,,,,,,0,,,
12965,"Retalhuleu",11,"Champerico",7,1772,380,,,,,,,,,,,,,,,,,,,,,,,,,,,,,,,,,,,,,,0,,,
12966,"Retalhuleu",11,"Champerico",7,1772,380,,,,,,,,,,,,,,,,,,,,,,,,,,,,,,,,,,,,,,0,,,
12967,"Retalhuleu",11,"Champerico",7,1772,380,,,,,,,,,,,,,,,,,,,,,,,,,,,,,,,,,,,,,,0,,,
12968,"Retalhuleu",11,"Champerico",7,1772,380,,,,,,,,,,,,,,,,,,,,,,,,,,,,,,,,,,,,,,0,,,
12969,"Retalhuleu",11,"Champerico",7,1772,380,,,,,,,,,,,,,,,,,,,,,,,,,,,,,,,,,,,,,,0,,,
12970,"Retalhuleu",11,"Champerico",7,1772,380,24,1,0,32,26,14,0,1,4,12,12,3,0,1,3,0,2,1,0,29,2,0,0,2,169,29,16,214,0,214,--,380,166,169,214,214,Algún campo sin dato,1,4c0022fb9bc355df061bc694cd54fdf7805310598fe88be17cf8dd1844de02c1,25/06/2023 23:38:20,ESCANER
12971,"Retalhuleu",11,"Champerico",7,1772,380,,,,,,,,,,,,,,,,,,,,,,,,,,,,,,,,,,,,,,0,,,
12972,"Retalhuleu",11,"Champerico",7,1772,380,,,,,,,,,,,,,,,,,,,,,,,,,,,,,,,,,,,,,,0,,,
12973,"Retalhuleu",11,"Champerico",7,1772,380,31,0,1,39,33,17,1,1,8,19,7,5,0,0,1,0,0,0,3,36,1,0,0,1,204,25,15,244,0,244,--,380,136,204,244,244,Algún campo sin dato,1,a0dda17dc9b118ea1cd68f25e92f11e27ea3afbb79110a1550c3efd437aa10ca,25/06/2023 23:05:14,ESCANER
12974,"Retalhuleu",11,"Champerico",7,1772,380,,,,,,,,,,,,,,,,,,,,,,,,,,,,,,,,,,,,,,0,,,
12975,"Retalhuleu",11,"Champerico",7,1772,380,33,0,0,43,22,17,0,1,12,17,11,6,0,0,3,0,0,1,1,29,1,0,0,5,202,24,16,242,0,242,--,--,--,202,242,242,Algún campo sin dato,1,88ff2afb2f9a91239f5f288b3d5a393a8ba539b031d00c101febd4974834227e,25/06/2023 23:54:41,ESCANER
12976,"Retalhuleu",11,"Champerico",7,1772,380,27,0,0,40,18,9,0,2,5,24,13,7,0,0,3,0,0,0,0,31,1,0,2,0,182,17,16,215,0,215,--,378,160,182,215,215,Algún campo sin dato,1,9fe3121a6c077281ed1c1862d4863d29932862cf6ffe9f8ac1acd6b006a9ab5b,25/06/2023 23:13:04,ESCANER
12977,"Retalhuleu",11,"Champerico",7,1772,380,,,,,,,,,,,,,,,,,,,,,,,,,,,,,,,,,,,,,,0,,,
12978,"Retalhuleu",11,"Champerico",7,1772,380,,,,,,,,,,,,,,,,,,,,,,,,,,,,,,,,,,,,,,0,,,
12979,"Retalhuleu",11,"Champerico",7,1772,363,,,,,,,,,,,,,,,,,,,,,,,,,,,,,,,,,,,,,,0,,,
12980,"Retalhuleu",11,"Champerico",7,1772,363,,,,,,,,,,,,,,,,,,,,,,,,,,,,,,,,,,,,,,0,,,
12981,"Retalhuleu",11,"Champerico",7,1773,380,,,,,,,,,,,,,,,,,,,,,,,,,,,,,,,,,,,,,,0,,,
12982,"Retalhuleu",11,"Champerico",7,1773,380,13,1,0,43,24,5,0,1,41,16,16,6,2,0,1,0,0,0,2,11,0,0,0,2,184,9,8,201,10,211,--,--,--,184,201,211,Algún campo sin dato,1,377c07ff0de5d913d99a2fa1dee7b52a45db64cd9ac910416968c2652b6dfd92,25/06/2023 23:32:04,ESCANER
12983,"Retalhuleu",11,"Champerico",7,1773,230,,,,,,,,,,,,,,,,,,,,,,,,,,,,,,,,,,,,,,0,,,
12984,"Retalhuleu",11,"Champerico",7,1773,229,4,0,0,26,21,1,0,1,12,9,7,4,1,1,1,0,0,0,0,5,0,0,1,0,94,11,9,114,0,114,--,--,--,94,114,114,Algún campo sin dato,1,5ccfcd7c79927cbc26c04bf0d72539d5b9abdeb702a01f860da1837173a23081,25/06/2023 22:28:39,ESCANER
12985,"Retalhuleu",11,"Champerico",7,1774,380,28,0,1,27,18,15,3,1,2,36,3,30,1,0,1,0,1,0,0,26,1,1,0,3,198,32,24,254,0,254,--,380,126,198,254,254,Algún campo sin dato,1,5c555fea40b1acdaa5c79c20c497afe369a63dd85221b373d48b15598555475d,26/06/2023 00:24:39,ESCANER
12986,"Retalhuleu",11,"Champerico",7,1774,380,,,,,,,,,,,,,,,,,,,,,,,,,,,,,,,,,,,,,,0,,,
12987,"Retalhuleu",11,"Champerico",7,1774,380,,,,,,,,,,,,,,,,,,,,,,,,,,,,,,,,,,,,,,0,,,
12988,"Retalhuleu",11,"Champerico",7,1774,380,39,1,0,30,33,10,1,2,2,19,3,33,0,0,1,0,0,0,0,24,0,0,0,1,199,25,17,241,0,241,--,379,138,199,241,241,Algún campo sin dato,1,78754741f9ed075f30d907759edcd005337b055665c0682ecdab13cacadc4059,25/06/2023 23:18:55,ESCANER
12989,"Retalhuleu",11,"Champerico",7,1774,380,25,--,--,34,25,13,--,2,2,16,4,39,2,--,2,--,6,--,--,21,--,--,--,2,193,28,15,236,--,236,--,380,144,193,236,236,Algún campo sin dato,1,cc8e357121ecd98fc4942efb0a758a70a7a4913489f9f248ddad117632b39a93,25/06/2023 23:58:26,ESCANER
12990,"Retalhuleu",11,"Champerico",7,1774,380,,,,,,,,,,,,,,,,,,,,,,,,,,,,,,,,,,,,,,0,,,
12991,"Retalhuleu",11,"Champerico",7,1774,380,21,0,0,24,29,11,0,2,2,18,5,47,1,1,1,1,0,0,1,24,0,0,3,3,194,16,19,229,0,229,--,380,151,194,229,229,Algún campo sin dato,1,3f3849b5e691afb22ff7a681107a3ba468480697a7fcd3bbdaa3fbc6fb051250,25/06/2023 22:28:59,ESCANER
12992,"Retalhuleu",11,"Champerico",7,1774,380,32,0,3,20,17,12,0,1,5,26,1,36,0,0,0,0,2,0,0,13,0,4,0,1,173,20,17,210,0,210,--,--,--,173,210,210,Algún campo sin dato,1,56ff82fc96600b23a3e90104af682a0a0d33be351f117eeff14d29fc5f8aeb53,25/06/2023 22:15:49,ESCANER
12993,"Retalhuleu",11,"Champerico",7,1774,361,42,0,3,31,10,11,1,1,4,26,4,37,0,0,0,1,0,0,0,41,0,0,1,1,214,14,5,233,0,233,--,361,128,214,233,233,Algún campo sin dato,1,31d1560240b8654121f6f507b94c00c29e4e9c4fa479f1f0c58b34ed4c5b6749,25/06/2023 22:22:26,ESCANER
12994,"Retalhuleu",11,"Champerico",7,1774,361,,,,,,,,,,,,,,,,,,,,,,,,,,,,,,,,,,,,,,0,,,
12995,"Retalhuleu",11,"Champerico",7,1775,380,12,0,0,14,104,3,0,5,7,10,25,18,0,0,0,0,2,1,0,13,1,0,0,0,215,35,14,264,0,264,--,380,116,215,264,264,Algún campo sin dato,1,a07aa2177d5ef763caeeb3b4227301c41f747536a30108a873265e7ad0cff5a8,25/06/2023 23:26:02,ESCANER
12996,"Retalhuleu",11,"Champerico",7,1775,380,,,,,,,,,,,,,,,,,,,,,,,,,,,,,,,,,,,,,,0,,,
12997,"Retalhuleu",11,"Champerico",7,1775,380,,,,,,,,,,,,,,,,,,,,,,,,,,,,,,,,,,,,,,0,,,
12998,"Retalhuleu",11,"Champerico",7,1775,380,,,,,,,,,,,,,,,,,,,,,,,,,,,,,,,,,,,,,,0,,,
12999,"Retalhuleu",11,"Champerico",7,1775,223,11,0,0,5,42,9,0,0,4,10,12,14,1,0,1,0,0,0,0,8,0,0,0,3,120,11,3,134,0,134,--,223,89,120,134,134,Algún campo sin dato,1,357298a41a9565c9ae97cd7fb4f07d59dd7b6fe7bad8f04b253bd7d7a533f48f,25/06/2023 22:09:29,ESCANER
13000,"Retalhuleu",11,"Champerico",7,1775,223,14,0,1,1,36,9,0,0,3,8,11,9,0,0,0,0,0,0,0,13,0,0,0,0,105,12,5,122,0,122,--,223,101,105,122,122,Algún campo sin dato,1,59608f6be1411b954f3c98e88032b9cf1e504c04a967fc088c8cb9f70cd9604f,25/06/2023 23:19:40,ESCANER
13001,"Retalhuleu",11,"Champerico",7,1776,600,17,0,0,21,6,6,0,3,4,8,5,9,1,0,0,1,1,0,2,22,0,0,0,3,109,21,14,144,0,144,--,600,455,109,144,144,Algún campo sin dato,1,9d34f23fb73b3ba1d38df130aeada2bb293bc7c7dc13421593beddc5f926333d,25/06/2023 22:36:23,ESCANER
13002,"Retalhuleu",11,"Champerico",7,1776,411,11,0,0,8,2,8,0,1,4,3,2,4,0,0,2,0,0,0,0,9,0,0,1,1,56,2,6,64,1,65,--,411,346,56,64,65,Algún campo sin dato,1,451c21edb482dc4d43abf71ad1482409fb7b799ffa14b3ff50c5b6299da7ca8c,25/06/2023 22:42:27,ESCANER
13003,"Retalhuleu",11,"Champerico",7,1776,410,4,0,0,2,1,2,0,1,2,3,0,2,0,1,1,0,0,0,0,5,0,0,0,0,24,1,1,26,--,26,--,410,384,24,26,26,Algún campo sin dato,1,b6a9b280d17eac06ece401a671e5001dd417870c683d751804453d46d1b20e93,25/06/2023 22:03:32,ESCANER
13004,"Retalhuleu",11,"Nuevo San Carlos",8,1777,400,32,1,1,22,4,13,1,1,2,68,1,1,3,0,11,0,0,0,1,16,3,1,1,4,187,35,21,243,0,243,--,400,157,187,243,243,Algún campo sin dato,1,e7197eb956f1045d1f3619c2f51eed7c13b3073b3cf8c2d19dc302ac4a2953c4,25/06/2023 22:57:10,ESCANER
13005,"Retalhuleu",11,"Nuevo San Carlos",8,1777,400,,,,,,,,,,,,,,,,,,,,,,,,,,,,,,,,,,,,,,0,,,
13006,"Retalhuleu",11,"Nuevo San Carlos",8,1777,400,28,1,0,28,5,9,0,1,0,55,4,4,4,0,21,0,0,1,0,7,7,0,1,2,178,27,40,245,0,245,--,400,155,178,245,245,Algún campo sin dato,1,7b49beaffedf579b59c7c258415bd467d4bffdaf7103473f9e3c186a813c0788,25/06/2023 23:00:37,ESCANER
13007,"Retalhuleu",11,"Nuevo San Carlos",8,1777,400,,,,,,,,,,,,,,,,,,,,,,,,,,,,,,,,,,,,,,0,,,
13008,"Retalhuleu",11,"Nuevo San Carlos",8,1777,400,36,2,3,34,6,7,1,0,0,66,8,8,3,0,17,0,1,0,0,13,6,2,0,3,216,35,25,276,0,276,1,400,123,216,276,276,,1,71edbc85f107734b51b9181b61cd0e3737c9ac7783f61fedc3798920fbab0ea7,26/06/2023 00:04:34,ESCANER
13009,"Retalhuleu",11,"Nuevo San Carlos",8,1777,400,35,0,0,42,0,12,0,0,1,61,1,3,0,2,16,0,0,2,1,7,5,0,2,8,198,34,20,252,0,252,--,400,148,198,252,252,Algún campo sin dato,1,69fd19fea7422090e0de1ae44f372315ae06735de3055825bd233e822070e86e,25/06/2023 22:33:01,ESCANER
13010,"Retalhuleu",11,"Nuevo San Carlos",8,1777,400,48,2,0,27,1,12,0,0,0,51,3,5,1,1,14,0,0,0,0,7,6,1,2,3,184,22,13,219,0,219,--,400,181,184,219,219,Algún campo sin dato,1,04777a949a3639234a52610bda9edf98f480c92e3fb5e0fddb0fc2fe13d305ad,25/06/2023 22:45:24,ESCANER
13011,"Retalhuleu",11,"Nuevo San Carlos",8,1777,400,34,0,1,19,4,7,0,0,1,57,2,2,0,1,13,0,0,1,0,8,6,1,1,9,167,26,14,207,0,207,--,400,193,167,207,207,Algún campo sin dato,1,e1a0a2770faa43a2816c55b0bb7b07d534ecd94727b0a69f7cccac4159049311,25/06/2023 23:13:41,ESCANER
13012,"Retalhuleu",11,"Nuevo San Carlos",8,1777,400,28,0,0,28,3,5,1,1,0,80,6,7,1,0,11,0,0,0,1,7,3,0,1,9,192,15,10,217,0,217,--,400,183,192,217,217,Algún campo sin dato,1,505926bef8c2218599c4877b8a13c5e024284837c9d96fa27ef470dcdeb58fae,25/06/2023 22:13:02,ESCANER
13013,"Retalhuleu",11,"Nuevo San Carlos",8,1777,400,34,3,0,21,1,5,0,0,0,53,1,9,3,1,12,1,0,0,1,11,1,3,1,6,167,8,6,181,0,181,--,400,219,167,181,181,Algún campo sin dato,1,c4863dc35586b843b7a54248ceae3070ca4657099a159c0fd01d1e6fff4830f3,25/06/2023 22:17:21,ESCANER
13014,"Retalhuleu",11,"Nuevo San Carlos",8,1777,232,24,3,0,10,2,6,0,1,1,36,3,3,0,0,9,0,0,0,0,10,1,1,0,6,116,6,3,125,0,125,--,232,107,116,125,125,Algún campo sin dato,1,790e8a2efbd862b13971d7efd8b60f87e8d8338fc7cf9ca1a3b5b19526fd1898,25/06/2023 23:20:05,ESCANER
13015,"Retalhuleu",11,"Nuevo San Carlos",8,1777,232,,,,,,,,,,,,,,,,,,,,,,,,,,,,,,,,,,,,,,0,,,
13016,"Retalhuleu",11,"Nuevo San Carlos",8,1778,400,,,,,,,,,,,,,,,,,,,,,,,,,,,,,,,,,,,,,,0,,,
13017,"Retalhuleu",11,"Nuevo San Carlos",8,1778,400,,,,,,,,,,,,,,,,,,,,,,,,,,,,,,,,,,,,,,0,,,
13018,"Retalhuleu",11,"Nuevo San Carlos",8,1778,400,,,,,,,,,,,,,,,,,,,,,,,,,,,,,,,,,,,,,,0,,,
13019,"Retalhuleu",11,"Nuevo San Carlos",8,1778,400,,,,,,,,,,,,,,,,,,,,,,,,,,,,,,,,,,,,,,0,,,
13020,"Retalhuleu",11,"Nuevo San Carlos",8,1778,400,,,,,,,,,,,,,,,,,,,,,,,,,,,,,,,,,,,,,,0,,,
13021,"Retalhuleu",11,"Nuevo San Carlos",8,1778,400,,,,,,,,,,,,,,,,,,,,,,,,,,,,,,,,,,,,,,0,,,
13022,"Retalhuleu",11,"Nuevo San Carlos",8,1778,400,,,,,,,,,,,,,,,,,,,,,,,,,,,,,,,,,,,,,,0,,,
13023,"Retalhuleu",11,"Nuevo San Carlos",8,1778,400,,,,,,,,,,,,,,,,,,,,,,,,,,,,,,,,,,,,,,0,,,
13024,"Retalhuleu",11,"Nuevo San Carlos",8,1778,222,,,,,,,,,,,,,,,,,,,,,,,,,,,,,,,,,,,,,,0,,,
13025,"Retalhuleu",11,"Nuevo San Carlos",8,1778,222,,,,,,,,,,,,,,,,,,,,,,,,,,,,,,,,,,,,,,0,,,
13026,"Retalhuleu",11,"Nuevo San Carlos",8,1779,380,,,,,,,,,,,,,,,,,,,,,,,,,,,,,,,,,,,,,,0,,,
13027,"Retalhuleu",11,"Nuevo San Carlos",8,1779,380,,,,,,,,,,,,,,,,,,,,,,,,,,,,,,,,,,,,,,0,,,
13028,"Retalhuleu",11,"Nuevo San Carlos",8,1779,380,,,,,,,,,,,,,,,,,,,,,,,,,,,,,,,,,,,,,,0,,,
13029,"Retalhuleu",11,"Nuevo San Carlos",8,1779,380,,,,,,,,,,,,,,,,,,,,,,,,,,,,,,,,,,,,,,0,,,
13030,"Retalhuleu",11,"Nuevo San Carlos",8,1779,380,,,,,,,,,,,,,,,,,,,,,,,,,,,,,,,,,,,,,,0,,,
13031,"Retalhuleu",11,"Nuevo San Carlos",8,1779,380,,,,,,,,,,,,,,,,,,,,,,,,,,,,,,,,,,,,,,0,,,
13032,"Retalhuleu",11,"Nuevo San Carlos",8,1779,380,,,,,,,,,,,,,,,,,,,,,,,,,,,,,,,,,,,,,,0,,,
13033,"Retalhuleu",11,"Nuevo San Carlos",8,1779,380,,,,,,,,,,,,,,,,,,,,,,,,,,,,,,,,,,,,,,0,,,
13034,"Retalhuleu",11,"Nuevo San Carlos",8,1779,380,,,,,,,,,,,,,,,,,,,,,,,,,,,,,,,,,,,,,,0,,,
13035,"Retalhuleu",11,"Nuevo San Carlos",8,1779,380,,,,,,,,,,,,,,,,,,,,,,,,,,,,,,,,,,,,,,0,,,
13036,"Retalhuleu",11,"Nuevo San Carlos",8,1779,380,,,,,,,,,,,,,,,,,,,,,,,,,,,,,,,,,,,,,,0,,,
13037,"Retalhuleu",11,"Nuevo San Carlos",8,1779,380,,,,,,,,,,,,,,,,,,,,,,,,,,,,,,,,,,,,,,0,,,
13038,"Retalhuleu",11,"Nuevo San Carlos",8,1779,340,,,,,,,,,,,,,,,,,,,,,,,,,,,,,,,,,,,,,,0,,,
13039,"Retalhuleu",11,"Nuevo San Carlos",8,1779,339,,,,,,,,,,,,,,,,,,,,,,,,,,,,,,,,,,,,,,0,,,
13040,"Retalhuleu",11,"Nuevo San Carlos",8,1780,380,,,,,,,,,,,,,,,,,,,,,,,,,,,,,,,,,,,,,,0,,,
13041,"Retalhuleu",11,"Nuevo San Carlos",8,1780,380,,,,,,,,,,,,,,,,,,,,,,,,,,,,,,,,,,,,,,0,,,
13042,"Retalhuleu",11,"Nuevo San Carlos",8,1780,380,,,,,,,,,,,,,,,,,,,,,,,,,,,,,,,,,,,,,,0,,,
13043,"Retalhuleu",11,"Nuevo San Carlos",8,1780,380,,,,,,,,,,,,,,,,,,,,,,,,,,,,,,,,,,,,,,0,,,
13044,"Retalhuleu",11,"Nuevo San Carlos",8,1780,380,,,,,,,,,,,,,,,,,,,,,,,,,,,,,,,,,,,,,,0,,,
13045,"Retalhuleu",11,"Nuevo San Carlos",8,1780,380,,,,,,,,,,,,,,,,,,,,,,,,,,,,,,,,,,,,,,0,,,
13046,"Retalhuleu",11,"Nuevo San Carlos",8,1780,380,,,,,,,,,,,,,,,,,,,,,,,,,,,,,,,,,,,,,,0,,,
13047,"Retalhuleu",11,"Nuevo San Carlos",8,1780,380,,,,,,,,,,,,,,,,,,,,,,,,,,,,,,,,,,,,,,0,,,
13048,"Retalhuleu",11,"Nuevo San Carlos",8,1780,380,,,,,,,,,,,,,,,,,,,,,,,,,,,,,,,,,,,,,,0,,,
13049,"Retalhuleu",11,"Nuevo San Carlos",8,1780,380,,,,,,,,,,,,,,,,,,,,,,,,,,,,,,,,,,,,,,0,,,
13050,"Retalhuleu",11,"Nuevo San Carlos",8,1780,380,,,,,,,,,,,,,,,,,,,,,,,,,,,,,,,,,,,,,,0,,,
13051,"Retalhuleu",11,"Nuevo San Carlos",8,1780,380,,,,,,,,,,,,,,,,,,,,,,,,,,,,,,,,,,,,,,0,,,
13052,"Retalhuleu",11,"Nuevo San Carlos",8,1780,380,,,,,,,,,,,,,,,,,,,,,,,,,,,,,,,,,,,,,,0,,,
13053,"Retalhuleu",11,"Nuevo San Carlos",8,1780,290,,,,,,,,,,,,,,,,,,,,,,,,,,,,,,,,,,,,,,0,,,
13054,"Retalhuleu",11,"Nuevo San Carlos",8,1780,290,,,,,,,,,,,,,,,,,,,,,,,,,,,,,,,,,,,,,,0,,,
13055,"Retalhuleu",11,"Nuevo San Carlos",8,1781,380,14,1,1,26,1,13,1,1,0,80,3,0,2,0,11,0,1,1,0,8,1,0,0,0,165,20,27,212,0,212,--,380,165,165,212,212,Algún campo sin dato,1,98098a999542d21c984978f2fad7f9faa390260c04006fd3e15bdeb47bcb47ae,25/06/2023 23:49:34,MOVIL
13056,"Retalhuleu",11,"Nuevo San Carlos",8,1781,380,11,1,0,29,1,15,0,1,2,90,1,1,2,1,10,0,0,1,0,10,0,0,1,1,178,24,33,235,0,235,--,380,145,178,235,235,Algún campo sin dato,1,a07b7746e814132541b6f21f6089a4b860d4001b3f02550107aafb1e749eccb5,25/06/2023 22:13:43,ESCANER
13057,"Retalhuleu",11,"Nuevo San Carlos",8,1781,380,13,3,0,38,1,33,2,0,1,78,1,2,3,0,8,0,0,1,0,9,0,2,0,2,197,42,24,263,0,263,--,380,117,197,263,263,Algún campo sin dato,1,bc909b4c76b56424d6bc05983684b3e60effd13fd2b4d6b8700c797a6c6e1da0,26/06/2023 00:02:36,MOVIL
13058,"Retalhuleu",11,"Nuevo San Carlos",8,1781,380,,,,,,,,,,,,,,,,,,,,,,,,,,,,,,,,,,,,,,0,,,
13059,"Retalhuleu",11,"Nuevo San Carlos",8,1781,380,19,3,0,21,3,16,0,2,0,64,2,0,0,2,10,0,0,0,0,6,0,0,1,3,152,30,14,196,0,196,--,380,184,152,196,196,Algún campo sin dato,1,d53cddd6d04c4d243adf0c3698ac18547b94e0dab17712f59e5c4b9e0bbe41f4,25/06/2023 21:58:06,ESCANER
13060,"Retalhuleu",11,"Nuevo San Carlos",8,1781,380,17,2,0,23,0,14,1,1,0,52,3,0,0,0,7,0,0,0,0,8,0,0,0,6,134,13,19,166,0,166,--,380,214,134,166,166,Algún campo sin dato,1,21c0bdfbba5b8e621faf63e07a6dba9d7b3b885ecf7a8104c4288d0c4dfbcdd3,25/06/2023 22:39:12,ESCANER
13061,"Retalhuleu",11,"Nuevo San Carlos",8,1781,329,18,0,0,29,3,16,2,0,0,50,2,1,2,0,3,0,0,0,0,8,0,0,1,4,139,17,7,163,0,163,0,329,166,139,163,163,,1,f19fc5ec6de1cfda46aaa9295d52c0f12506449f28dbd8bd51e2296b22533d62,25/06/2023 21:58:09,ESCANER
13062,"Retalhuleu",11,"Nuevo San Carlos",8,1781,328,18,1,0,24,0,10,0,0,0,73,0,1,1,0,4,1,0,0,1,12,1,0,1,1,149,10,10,169,0,169,--,328,159,149,169,169,Algún campo sin dato,1,308f9f13ced57e09e08578ce71a38489caf55a53ccb9c4b399d88898cfdc2c52,25/06/2023 22:21:53,ESCANER
13063,"Retalhuleu",11,"Nuevo San Carlos",8,1782,380,11,0,0,24,2,16,1,0,4,84,4,0,3,0,22,0,1,2,0,3,1,0,1,7,186,35,30,251,0,251,--,380,129,186,251,251,Algún campo sin dato,1,ac1e21e875dc9ccbd980ffc377613a517ae2cbb0fe08d71487cc6bb4624c4543,25/06/2023 22:45:07,ESCANER
13064,"Retalhuleu",11,"Nuevo San Carlos",8,1782,380,,,,,,,,,,,,,,,,,,,,,,,,,,,,,,,,,,,,,,0,,,
13065,"Retalhuleu",11,"Nuevo San Carlos",8,1782,380,6,1,2,26,3,16,2,2,0,96,6,2,1,1,24,0,0,2,0,4,1,0,1,1,197,32,23,252,0,252,--,380,128,197,252,252,Algún campo sin dato,1,9f38c2b1f5129cad01580449190ab419fae4ac2a2adcad9d2c1994173a2ecf2b,26/06/2023 00:20:56,ESCANER
13066,"Retalhuleu",11,"Nuevo San Carlos",8,1782,342,3,1,0,34,6,7,1,2,0,58,9,1,1,1,8,0,0,2,0,6,0,1,0,3,144,22,26,192,0,192,--,342,150,144,192,192,Algún campo sin dato,1,00531049bf0994e10ee68f69068f9aa19d560e24e3ed5d7a05d0351059ed65ab,25/06/2023 22:04:46,ESCANER
13067,"Retalhuleu",11,"Nuevo San Carlos",8,1782,342,6,0,0,18,2,6,2,0,0,69,3,0,1,0,15,0,0,2,1,4,2,0,1,2,134,17,10,161,0,161,--,342,181,134,161,161,Algún campo sin dato,1,199f625622ab361bf564864c130d72370f474c214d169f7e8ce4e8a8d3ba5bf5,25/06/2023 22:00:33,ESCANER
13068,"Retalhuleu",11,"Nuevo San Carlos",8,1783,543,15,1,0,13,2,6,0,0,0,18,1,2,1,1,3,0,1,1,0,5,0,1,2,3,76,12,10,98,--,98,--,543,445,76,98,98,Algún campo sin dato,1,8580a1c2aa39ad34b4866e2077a3e337166c4c4b3f086b259377bdf37be138c7,25/06/2023 21:30:45,ESCANER
13069,"Retalhuleu",11,"Nuevo San Carlos",8,1783,542,5,0,0,8,0,4,1,0,1,20,0,0,0,1,3,0,0,0,0,3,1,0,0,3,50,9,8,67,0,67,--,542,475,50,67,67,Algún campo sin dato,1,c71d9144bc1415dedcea0e1380ccef4b595cfdb5946d06596a5ace286f560df6,25/06/2023 20:37:39,ESCANER
13070,"Retalhuleu",11,"El Asintal",9,1784,400,,,,,,,,,,,,,,,,,,,,,,,,,,,,,,,,,,,,,,0,,,
13071,"Retalhuleu",11,"El Asintal",9,1784,400,,,,,,,,,,,,,,,,,,,,,,,,,,,,,,,,,,,,,,0,,,
13072,"Retalhuleu",11,"El Asintal",9,1784,400,,,,,,,,,,,,,,,,,,,,,,,,,,,,,,,,,,,,,,0,,,
13073,"Retalhuleu",11,"El Asintal",9,1784,400,,,,,,,,,,,,,,,,,,,,,,,,,,,,,,,,,,,,,,0,,,
13074,"Retalhuleu",11,"El Asintal",9,1784,400,,,,,,,,,,,,,,,,,,,,,,,,,,,,,,,,,,,,,,0,,,
13075,"Retalhuleu",11,"El Asintal",9,1784,400,,,,,,,,,,,,,,,,,,,,,,,,,,,,,,,,,,,,,,0,,,
13076,"Retalhuleu",11,"El Asintal",9,1784,400,,,,,,,,,,,,,,,,,,,,,,,,,,,,,,,,,,,,,,0,,,
13077,"Retalhuleu",11,"El Asintal",9,1784,400,,,,,,,,,,,,,,,,,,,,,,,,,,,,,,,,,,,,,,0,,,
13078,"Retalhuleu",11,"El Asintal",9,1784,400,,,,,,,,,,,,,,,,,,,,,,,,,,,,,,,,,,,,,,0,,,
13079,"Retalhuleu",11,"El Asintal",9,1784,400,,,,,,,,,,,,,,,,,,,,,,,,,,,,,,,,,,,,,,0,,,
13080,"Retalhuleu",11,"El Asintal",9,1784,400,23,2,0,31,16,34,0,2,1,28,3,0,1,1,21,0,0,3,0,12,3,1,2,7,191,10,25,226,0,226,--,400,174,191,226,226,Algún campo sin dato,1,32f6a061643f37a7472aa4e87e90200723507f066a5da63c50d721334cf05575,25/06/2023 23:17:05,ESCANER
13081,"Retalhuleu",11,"El Asintal",9,1784,400,,,,,,,,,,,,,,,,,,,,,,,,,,,,,,,,,,,,,,0,,,
13082,"Retalhuleu",11,"El Asintal",9,1784,400,,,,,,,,,,,,,,,,,,,,,,,,,,,,,,,,,,,,,,0,,,
13083,"Retalhuleu",11,"El Asintal",9,1784,400,,,,,,,,,,,,,,,,,,,,,,,,,,,,,,,,,,,,,,0,,,
13084,"Retalhuleu",11,"El Asintal",9,1784,400,21,2,0,39,12,25,0,0,3,40,1,0,3,0,14,1,1,1,1,14,7,4,4,3,196,29,21,246,0,246,--,400,154,196,246,246,Algún campo sin dato,1,73bc1d386d56905d7c1dff9c3bb23c7b70c06b0dcf89600109a87a7b3f83e955,26/06/2023 00:15:50,ESCANER
13085,"Retalhuleu",11,"El Asintal",9,1785,400,,,,,,,,,,,,,,,,,,,,,,,,,,,,,,,,,,,,,,0,,,
13086,"Retalhuleu",11,"El Asintal",9,1785,400,,,,,,,,,,,,,,,,,,,,,,,,,,,,,,,,,,,,,,0,,,
13087,"Retalhuleu",11,"El Asintal",9,1785,400,,,,,,,,,,,,,,,,,,,,,,,,,,,,,,,,,,,,,,0,,,
13088,"Retalhuleu",11,"El Asintal",9,1785,400,,,,,,,,,,,,,,,,,,,,,,,,,,,,,,,,,,,,,,0,,,
13089,"Retalhuleu",11,"El Asintal",9,1785,400,,,,,,,,,,,,,,,,,,,,,,,,,,,,,,,,,,,,,,0,,,
13090,"Retalhuleu",11,"El Asintal",9,1785,400,17,0,0,34,14,37,0,1,1,33,2,4,2,1,16,1,0,4,0,17,3,0,6,11,204,22,8,234,0,234,--,400,166,204,234,234,Algún campo sin dato,1,eb71427b3a75c5cfcd61b844b9942365a59ba969c262010e145c7aab42fae799,26/06/2023 00:17:23,ESCANER
13091,"Retalhuleu",11,"El Asintal",9,1785,400,17,0,0,33,15,35,2,0,0,41,3,4,3,0,14,1,0,1,0,17,2,0,4,10,202,18,9,229,0,229,--,400,171,202,229,229,Algún campo sin dato,1,b8c6ddd57844d50a96705cf6f233bee86fe8577c9151e093f6fe6c9f2d9c4f2e,25/06/2023 23:18:44,ESCANER
13092,"Retalhuleu",11,"El Asintal",9,1785,400,23,0,0,42,13,45,0,1,0,31,0,3,2,1,20,0,0,1,0,10,2,3,4,8,209,15,12,236,0,236,--,400,164,209,236,236,Algún campo sin dato,1,8910de17bd51e27891bdfe568a443be4d8bb05548403c9c00c04d6ba4ad8b2cf,25/06/2023 22:29:03,ESCANER
13093,"Retalhuleu",11,"El Asintal",9,1785,400,,,,,,,,,,,,,,,,,,,,,,,,,,,,,,,,,,,,,,0,,,
13094,"Retalhuleu",11,"El Asintal",9,1785,392,,,,,,,,,,,,,,,,,,,,,,,,,,,,,,,,,,,,,,0,,,
13095,"Retalhuleu",11,"El Asintal",9,1785,391,,,,,,,,,,,,,,,,,,,,,,,,,,,,,,,,,,,,,,0,,,
13096,"Retalhuleu",11,"El Asintal",9,1786,380,,,,,,,,,,,,,,,,,,,,,,,,,,,,,,,,,,,,,,0,,,
13097,"Retalhuleu",11,"El Asintal",9,1786,380,,,,,,,,,,,,,,,,,,,,,,,,,,,,,,,,,,,,,,0,,,
13098,"Retalhuleu",11,"El Asintal",9,1786,380,,,,,,,,,,,,,,,,,,,,,,,,,,,,,,,,,,,,,,0,,,
13099,"Retalhuleu",11,"El Asintal",9,1786,380,20,1,0,13,45,27,3,2,2,23,5,1,1,1,49,0,0,3,0,12,0,0,1,8,217,38,44,299,0,299,--,381,82,217,299,299,Algún campo sin dato,1,020be8473924b4c800620ebd8b159497a0f387888209f6fafeb964bbcfe2ad01,25/06/2023 23:30:43,ESCANER
13100,"Retalhuleu",11,"El Asintal",9,1786,380,,,,,,,,,,,,,,,,,,,,,,,,,,,,,,,,,,,,,,0,,,
13101,"Retalhuleu",11,"El Asintal",9,1786,380,17,1,0,10,34,26,0,1,1,16,3,1,0,0,25,0,0,5,0,5,0,1,2,12,160,18,18,196,0,196,--,380,184,160,196,196,Algún campo sin dato,1,4438e00f0c99774370a3d63fe0a072963baf9c9725f056d31d7e9ee3973ecd27,25/06/2023 23:47:43,ESCANER
13102,"Retalhuleu",11,"El Asintal",9,1786,380,,,,,,,,,,,,,,,,,,,,,,,,,,,,,,,,,,,,,,0,,,
13103,"Retalhuleu",11,"El Asintal",9,1786,380,,,,,,,,,,,,,,,,,,,,,,,,,,,,,,,,,,,,,,0,,,
13104,"Retalhuleu",11,"El Asintal",9,1786,380,,,,,,,,,,,,,,,,,,,,,,,,,,,,,,,,,,,,,,0,,,
13105,"Retalhuleu",11,"El Asintal",9,1786,380,,,,,,,,,,,,,,,,,,,,,,,,,,,,,,,,,,,,,,0,,,
13106,"Retalhuleu",11,"El Asintal",9,1786,380,16,0,0,11,38,23,1,2,1,11,2,1,0,0,28,1,0,8,0,7,1,2,3,14,170,14,14,198,0,198,--,377,179,170,198,198,Algún campo sin dato,1,18361fa38fdfbd1ebaa1e108bb287993f85bf6cc7ec2ab96e80555a7057e42ef,25/06/2023 23:08:15,ESCANER
13107,"Retalhuleu",11,"El Asintal",9,1786,321,14,1,0,10,26,25,0,0,0,24,2,3,1,0,26,0,0,1,0,3,0,0,2,14,152,8,14,174,0,174,--,318,144,152,174,174,Algún campo sin dato,1,9e59486648377a62f9a19bcc30fc1c5d6f4c5756b6955b4f0add1c45b5b85437,25/06/2023 23:19:43,ESCANER
13108,"Retalhuleu",11,"El Asintal",9,1786,321,,,,,,,,,,,,,,,,,,,,,,,,,,,,,,,,,,,,,,0,,,
13109,"Retalhuleu",11,"El Asintal",9,1787,380,26,6,1,12,22,47,0,0,0,28,3,1,2,0,24,1,1,14,2,10,2,1,3,6,212,23,41,276,0,276,--,380,104,212,276,276,Algún campo sin dato,1,c47aab10d610baccddea052fe23d76565b2c18645ebea79adaa25971feb75859,25/06/2023 23:50:21,ESCANER
13110,"Retalhuleu",11,"El Asintal",9,1787,380,13,5,0,10,23,46,2,0,2,14,6,2,0,0,38,0,0,6,2,7,2,0,4,7,189,27,41,257,0,257,--,380,123,189,257,257,Algún campo sin dato,1,f10a6d5339f771aa3130a66f159d73d0622a5aebe31fe96eac42dde61018ee0d,26/06/2023 00:03:06,ESCANER
13111,"Retalhuleu",11,"El Asintal",9,1787,380,,,,,,,,,,,,,,,,,,,,,,,,,,,,,,,,,,,,,,0,,,
13112,"Retalhuleu",11,"El Asintal",9,1787,380,,,,,,,,,,,,,,,,,,,,,,,,,,,,,,,,,,,,,,0,,,
13113,"Retalhuleu",11,"El Asintal",9,1787,380,,,,,,,,,,,,,,,,,,,,,,,,,,,,,,,,,,,,,,0,,,
13114,"Retalhuleu",11,"El Asintal",9,1787,380,,,,,,,,,,,,,,,,,,,,,,,,,,,,,,,,,,,,,,0,,,
13115,"Retalhuleu",11,"El Asintal",9,1787,380,,,,,,,,,,,,,,,,,,,,,,,,,,,,,,,,,,,,,,0,,,
13116,"Retalhuleu",11,"El Asintal",9,1787,380,,,,,,,,,,,,,,,,,,,,,,,,,,,,,,,,,,,,,,0,,,
13117,"Retalhuleu",11,"El Asintal",9,1787,380,,,,,,,,,,,,,,,,,,,,,,,,,,,,,,,,,,,,,,0,,,
13118,"Retalhuleu",11,"El Asintal",9,1787,380,,,,,,,,,,,,,,,,,,,,,,,,,,,,,,,,,,,,,,0,,,
13119,"Retalhuleu",11,"El Asintal",9,1787,207,9,2,0,4,4,20,0,0,0,10,1,1,0,0,14,0,0,10,0,3,1,0,4,4,87,13,4,104,0,104,--,207,103,87,104,104,Algún campo sin dato,1,84f50e447bf4361bbb30fadcc0b63050b231248f4c0f1bc97a9fc60a515c5cbe,25/06/2023 23:28:20,ESCANER
13120,"Retalhuleu",11,"El Asintal",9,1787,207,,,,,,,,,,,,,,,,,,,,,,,,,,,,,,,,,,,,,,0,,,
13121,"Retalhuleu",11,"El Asintal",9,1788,380,,,,,,,,,,,,,,,,,,,,,,,,,,,,,,,,,,,,,,0,,,
13122,"Retalhuleu",11,"El Asintal",9,1788,380,,,,,,,,,,,,,,,,,,,,,,,,,,,,,,,,,,,,,,0,,,
13123,"Retalhuleu",11,"El Asintal",9,1788,380,,,,,,,,,,,,,,,,,,,,,,,,,,,,,,,,,,,,,,0,,,
13124,"Retalhuleu",11,"El Asintal",9,1788,380,,,,,,,,,,,,,,,,,,,,,,,,,,,,,,,,,,,,,,0,,,
13125,"Retalhuleu",11,"El Asintal",9,1788,380,,,,,,,,,,,,,,,,,,,,,,,,,,,,,,,,,,,,,,0,,,
13126,"Retalhuleu",11,"El Asintal",9,1788,380,,,,,,,,,,,,,,,,,,,,,,,,,,,,,,,,,,,,,,0,,,
13127,"Retalhuleu",11,"El Asintal",9,1788,297,,,,,,,,,,,,,,,,,,,,,,,,,,,,,,,,,,,,,,0,,,
13128,"Retalhuleu",11,"El Asintal",9,1788,296,4,0,3,7,17,23,0,0,0,13,1,0,2,1,2,0,0,6,0,6,2,0,0,7,94,8,17,119,0,119,--,296,177,94,119,119,Algún campo sin dato,1,befc46961b4634a62b55514cee25bc382cc553814f91558fea482b5ad220c2e8,26/06/2023 00:25:05,ESCANER
13129,"Retalhuleu",11,"El Asintal",9,1789,459,,,,,,,,,,,,,,,,,,,,,,,,,,,,,,,,,,,,,,0,,,
13130,"Retalhuleu",11,"El Asintal",9,1789,459,,,,,,,,,,,,,,,,,,,,,,,,,,,,,,,,,,,,,,0,,,