﻿TIPO_DE_ELECCIÓN:,CORPORACIÓN MUNICIPAL
26 junio 2023 00:25 (UTC -6)
ACTAS_ESPERADAS,ACTAS_CAPTURADAS,PORCENTAJE_ACTAS_CAPTURADAS,ACTAS_CONTABILIZADAS,PORCENTAJE_ACTAS_CONTABILIZADAS,ACTAS_NO_CONTABILIZADAS,LISTA_NOMINAL_ACTAS_CONTABILIZADAS,VOTOS_EMITIDOS_CONTABILIZADAS,PORCENTAJE_PARTICIPACIÓN_CIUDADANA
51,4,7.8431,4,7.8431,0,1165,677,58.1115

MESA,DEPARTAMENTO,ID_DEPARTAMENTO,MUNICIPIO,ID_MUNICIPIO,CENTRO_DE_VOTACIÓN,PADRÓN,VALOR,MLP,VOS,VAMOS,SEMILLA,UNE,AZUL,PPN,CAMBIO,PODEMOS,ELEFANTE,VÁLIDOS,NULOS,BLANCO,EMITIDOS,INVÁLIDOS,TOTAL,IMPUGNACIONES,PAPELETAS-RECIBIDAS,PAPELETAS-NO-USADAS,VALIDOS_CALCULADO,EMITIDOS_CALCULADO,TOTAL_CALCULADO,OBSERVACIONES,CONTABILIZADA,CÓDIGO_INTEGRIDAD,FECHA_HORA_PUBLICACIÓN,DIGITALIZACIÓN
6608,"Chimaltenango",3,"Yepocapa",12,705,400,,,,,,,,,,,,,,,,,,,,,,,,,0,,,
6609,"Chimaltenango",3,"Yepocapa",12,705,400,,,,,,,,,,,,,,,,,,,,,,,,,0,,,
6610,"Chimaltenango",3,"Yepocapa",12,705,400,,,,,,,,,,,,,,,,,,,,,,,,,0,,,
6611,"Chimaltenango",3,"Yepocapa",12,705,400,,,,,,,,,,,,,,,,,,,,,,,,,0,,,
6612,"Chimaltenango",3,"Yepocapa",12,706,400,,,,,,,,,,,,,,,,,,,,,,,,,0,,,
6613,"Chimaltenango",3,"Yepocapa",12,706,400,,,,,,,,,,,,,,,,,,,,,,,,,0,,,
6614,"Chimaltenango",3,"Yepocapa",12,706,400,,,,,,,,,,,,,,,,,,,,,,,,,0,,,
6615,"Chimaltenango",3,"Yepocapa",12,706,400,,,,,,,,,,,,,,,,,,,,,,,,,0,,,
6616,"Chimaltenango",3,"Yepocapa",12,706,400,19,3,1,145,6,131,3,0,8,0,1,317,15,5,337,0,337,--,400,63,317,337,337,Algún campo sin dato,1,e3a0050e2e4e097e3b6588b25e15736a0e68ba558429be2dafdb681feaf8db64,26/06/2023 00:03:20,ESCANER
6617,"Chimaltenango",3,"Yepocapa",12,706,400,,,,,,,,,,,,,,,,,,,,,,,,,0,,,
6618,"Chimaltenango",3,"Yepocapa",12,706,400,,,,,,,,,,,,,,,,,,,,,,,,,0,,,
6619,"Chimaltenango",3,"Yepocapa",12,706,400,,,,,,,,,,,,,,,,,,,,,,,,,0,,,
6620,"Chimaltenango",3,"Yepocapa",12,706,400,,,,,,,,,,,,,,,,,,,,,,,,,0,,,
6621,"Chimaltenango",3,"Yepocapa",12,706,400,,,,,,,,,,,,,,,,,,,,,,,,,0,,,
6622,"Chimaltenango",3,"Yepocapa",12,706,400,,,,,,,,,,,,,,,,,,,,,,,,,0,,,
6623,"Chimaltenango",3,"Yepocapa",12,707,400,,,,,,,,,,,,,,,,,,,,,,,,,0,,,
6624,"Chimaltenango",3,"Yepocapa",12,707,400,,,,,,,,,,,,,,,,,,,,,,,,,0,,,
6625,"Chimaltenango",3,"Yepocapa",12,708,400,,,,,,,,,,,,,,,,,,,,,,,,,0,,,
6626,"Chimaltenango",3,"Yepocapa",12,708,400,,,,,,,,,,,,,,,,,,,,,,,,,0,,,
6627,"Chimaltenango",3,"Yepocapa",12,708,400,,,,,,,,,,,,,,,,,,,,,,,,,0,,,
6628,"Chimaltenango",3,"Yepocapa",12,708,400,,,,,,,,,,,,,,,,,,,,,,,,,0,,,
6629,"Chimaltenango",3,"Yepocapa",12,708,400,,,,,,,,,,,,,,,,,,,,,,,,,0,,,
6630,"Chimaltenango",3,"Yepocapa",12,708,400,,,,,,,,,,,,,,,,,,,,,,,,,0,,,
6631,"Chimaltenango",3,"Yepocapa",12,708,400,,,,,,,,,,,,,,,,,,,,,,,,,0,,,
6632,"Chimaltenango",3,"Yepocapa",12,708,400,,,,,,,,,,,,,,,,,,,,,,,,,0,,,
6633,"Chimaltenango",3,"Yepocapa",12,708,400,,,,,,,,,,,,,,,,,,,,,,,,,0,,,
6634,"Chimaltenango",3,"Yepocapa",12,709,400,,,,,,,,,,,,,,,,,,,,,,,,,0,,,
6635,"Chimaltenango",3,"Yepocapa",12,709,400,,,,,,,,,,,,,,,,,,,,,,,,,0,,,
6636,"Chimaltenango",3,"Yepocapa",12,709,400,,,,,,,,,,,,,,,,,,,,,,,,,0,,,
6637,"Chimaltenango",3,"Yepocapa",12,709,400,,,,,,,,,,,,,,,,,,,,,,,,,0,,,
6638,"Chimaltenango",3,"Yepocapa",12,709,400,,,,,,,,,,,,,,,,,,,,,,,,,0,,,
6639,"Chimaltenango",3,"Yepocapa",12,709,400,,,,,,,,,,,,,,,,,,,,,,,,,0,,,
6640,"Chimaltenango",3,"Yepocapa",12,709,400,,,,,,,,,,,,,,,,,,,,,,,,,0,,,
6641,"Chimaltenango",3,"Yepocapa",12,709,400,,,,,,,,,,,,,,,,,,,,,,,,,0,,,
6642,"Chimaltenango",3,"Yepocapa",12,709,234,,,,,,,,,,,,,,,,,,,,,,,,,0,,,
6643,"Chimaltenango",3,"Yepocapa",12,709,234,,,,,,,,,,,,,,,,,,,,,,,,,0,,,
6644,"Chimaltenango",3,"Yepocapa",12,710,380,,,,,,,,,,,,,,,,,,,,,,,,,0,,,
6645,"Chimaltenango",3,"Yepocapa",12,710,380,,,,,,,,,,,,,,,,,,,,,,,,,0,,,
6646,"Chimaltenango",3,"Yepocapa",12,710,380,,,,,,,,,,,,,,,,,,,,,,,,,0,,,
6647,"Chimaltenango",3,"Yepocapa",12,710,380,,,,,,,,,,,,,,,,,,,,,,,,,0,,,
6648,"Chimaltenango",3,"Yepocapa",12,710,380,,,,,,,,,,,,,,,,,,,,,,,,,0,,,
6649,"Chimaltenango",3,"Yepocapa",12,710,380,,,,,,,,,,,,,,,,,,,,,,,,,0,,,
6650,"Chimaltenango",3,"Yepocapa",12,710,195,,,,,,,,,,,,,,,,,,,,,,,,,0,,,
6651,"Chimaltenango",3,"Yepocapa",12,710,194,,,,,,,,,,,,,,,,,,,,,,,,,0,,,
6652,"Chimaltenango",3,"Yepocapa",12,711,380,,,,,,,,,,,,,,,,,,,,,,,,,0,,,
6653,"Chimaltenango",3,"Yepocapa",12,711,380,,,,,,,,,,,,,,,,,,,,,,,,,0,,,
6654,"Chimaltenango",3,"Yepocapa",12,711,380,,,,,,,,,,,,,,,,,,,,,,,,,0,,,
6655,"Chimaltenango",3,"Yepocapa",12,711,193,5,1,9,14,2,32,0,1,17,0,0,81,6,0,87,0,87,--,193,106,81,87,87,Algún campo sin dato,1,c1db80a4963394fde1dc9d3397ab12e9829954d25879fd2764d508d086942075,25/06/2023 22:11:25,ESCANER
6656,"Chimaltenango",3,"Yepocapa",12,711,192,5,0,4,21,0,27,0,3,19,0,0,79,2,1,82,0,0,--,192,110,79,82,82,Algún campo sin dato,1,b944fbb0767a0c625bb4fe1582b3024c15a1eda41aee2af4f4fe5622e7111267,25/06/2023 23:29:23,ESCANER
6657,"Chimaltenango",3,"Yepocapa",12,712,380,17,1,4,42,5,71,1,6,8,0,2,157,10,4,171,0,171,--,380,209,157,171,171,Algún campo sin dato,1,e7f3270338a98329e5ad07926195976d367974badf1a337a0941f9edf08a0dc2,26/06/2023 00:10:31,ESCANER
6658,"Chimaltenango",3,"Yepocapa",12,712,380,,,,,,,,,,,,,,,,,,,,,,,,,0,,,