﻿TIPO_DE_ELECCIÓN:,CORPORACIÓN MUNICIPAL
26 junio 2023 00:25 (UTC -6)
ACTAS_ESPERADAS,ACTAS_CAPTURADAS,PORCENTAJE_ACTAS_CAPTURADAS,ACTAS_CONTABILIZADAS,PORCENTAJE_ACTAS_CONTABILIZADAS,ACTAS_NO_CONTABILIZADAS,LISTA_NOMINAL_ACTAS_CONTABILIZADAS,VOTOS_EMITIDOS_CONTABILIZADAS,PORCENTAJE_PARTICIPACIÓN_CIUDADANA
51,18,35.2941,18,35.2941,0,6701,4084,60.9461

MESA,DEPARTAMENTO,ID_DEPARTAMENTO,MUNICIPIO,ID_MUNICIPIO,CENTRO_DE_VOTACIÓN,PADRÓN,TODOS,PODEMOS,UNE,VIVA,MLP,PPN,VAMOS,VALOR UNIONISTA,VÁLIDOS,NULOS,BLANCO,EMITIDOS,INVÁLIDOS,TOTAL,IMPUGNACIONES,PAPELETAS-RECIBIDAS,PAPELETAS-NO-USADAS,VALIDOS_CALCULADO,EMITIDOS_CALCULADO,TOTAL_CALCULADO,OBSERVACIONES,CONTABILIZADA,CÓDIGO_INTEGRIDAD,FECHA_HORA_PUBLICACIÓN,DIGITALIZACIÓN
17276,"Quiché",14,"San Pedro Jocopilas",9,2607,400,,,,,,,,,,,,,,,,,,,,,,0,,,
17277,"Quiché",14,"San Pedro Jocopilas",9,2607,400,,,,,,,,,,,,,,,,,,,,,,0,,,
17278,"Quiché",14,"San Pedro Jocopilas",9,2607,400,,,,,,,,,,,,,,,,,,,,,,0,,,
17279,"Quiché",14,"San Pedro Jocopilas",9,2608,400,,,,,,,,,,,,,,,,,,,,,,0,,,
17280,"Quiché",14,"San Pedro Jocopilas",9,2608,400,,,,,,,,,,,,,,,,,,,,,,0,,,
17281,"Quiché",14,"San Pedro Jocopilas",9,2608,400,,,,,,,,,,,,,,,,,,,,,,0,,,
17282,"Quiché",14,"San Pedro Jocopilas",9,2608,400,132,3,6,65,3,41,19,16,285,14,12,311,0,311,--,--,--,285,311,311,Algún campo sin dato,1,a25fb0a4e8877ee03fe59d5e4852f78e4ac37a2e840436a6459b6efa12f2a9ab,25/06/2023 22:48:03,ESCANER
17283,"Quiché",14,"San Pedro Jocopilas",9,2608,400,,,,,,,,,,,,,,,,,,,,,,0,,,
17284,"Quiché",14,"San Pedro Jocopilas",9,2609,400,,,,,,,,,,,,,,,,,,,,,,0,,,
17285,"Quiché",14,"San Pedro Jocopilas",9,2609,400,,,,,,,,,,,,,,,,,,,,,,0,,,
17286,"Quiché",14,"San Pedro Jocopilas",9,2609,400,,,,,,,,,,,,,,,,,,,,,,0,,,
17287,"Quiché",14,"San Pedro Jocopilas",9,2609,400,,,,,,,,,,,,,,,,,,,,,,0,,,
17288,"Quiché",14,"San Pedro Jocopilas",9,2609,400,,,,,,,,,,,,,,,,,,,,,,0,,,
17289,"Quiché",14,"San Pedro Jocopilas",9,2609,400,,,,,,,,,,,,,,,,,,,,,,0,,,
17290,"Quiché",14,"San Pedro Jocopilas",9,2609,400,,,,,,,,,,,,,,,,,,,,,,0,,,
17291,"Quiché",14,"San Pedro Jocopilas",9,2609,400,,,,,,,,,,,,,,,,,,,,,,0,,,
17292,"Quiché",14,"San Pedro Jocopilas",9,2610,400,,,,,,,,,,,,,,,,,,,,,,0,,,
17293,"Quiché",14,"San Pedro Jocopilas",9,2610,400,55,12,5,84,0,49,20,19,244,5,3,252,0,252,--,400,148,244,252,252,Algún campo sin dato,1,178df3311b701d824161133d7b9fcd1f1df84ff14653f821ea012d6b31bb08e1,25/06/2023 23:25:53,ESCANER
17294,"Quiché",14,"San Pedro Jocopilas",9,2610,400,65,15,1,64,0,42,16,19,222,7,3,232,0,232,--,400,168,222,232,232,Algún campo sin dato,1,b40a514525fb152b3a62d1002546459457ceb2ac5c9f41fde72300517b853de1,26/06/2023 00:00:20,ESCANER
17295,"Quiché",14,"San Pedro Jocopilas",9,2610,400,,,,,,,,,,,,,,,,,,,,,,0,,,
17296,"Quiché",14,"San Pedro Jocopilas",9,2610,400,,,,,,,,,,,,,,,,,,,,,,0,,,
17297,"Quiché",14,"San Pedro Jocopilas",9,2610,393,,,,,,,,,,,,,,,,,,,,,,0,,,
17298,"Quiché",14,"San Pedro Jocopilas",9,2610,392,,,,,,,,,,,,,,,,,,,,,,0,,,
17299,"Quiché",14,"San Pedro Jocopilas",9,2611,380,,,,,,,,,,,,,,,,,,,,,,0,,,
17300,"Quiché",14,"San Pedro Jocopilas",9,2611,380,26,40,30,60,0,39,31,36,262,21,12,295,0,295,0,380,85,262,295,295,,1,808a14e516e3929fedc6b17bcda9bf0a6be587e7596ac8b3f5608f8e50242aeb,25/06/2023 23:53:43,ESCANER
17301,"Quiché",14,"San Pedro Jocopilas",9,2611,380,23,22,21,96,1,21,29,29,242,16,18,276,0,276,--,380,104,242,276,276,Algún campo sin dato,1,2874e78ccc6e32b37d4026da6448c44614a4d38793488519e6ec3661b6968dc2,26/06/2023 00:02:34,ESCANER
17302,"Quiché",14,"San Pedro Jocopilas",9,2611,380,13,19,13,123,0,47,36,13,264,24,11,299,0,299,0,380,81,264,299,299,,1,add62c96ac0f9d4aaa82f017d765c19156b574bf3e24fd99417f24e35948e7dd,25/06/2023 23:45:48,ESCANER
17303,"Quiché",14,"San Pedro Jocopilas",9,2612,380,22,25,11,129,0,30,29,16,262,14,15,291,0,291,--,377,86,262,291,291,Algún campo sin dato,1,5304dddab42a30f93b59df3dd13abff63ed5c61d5a76a93670387a1591d92b04,26/06/2023 00:19:10,ESCANER
17304,"Quiché",14,"San Pedro Jocopilas",9,2612,380,20,18,12,100,1,30,21,13,215,5,5,225,--,--,--,--,--,215,225,225,Algún campo sin dato,1,46e75a0adaf5f4a0825ea52fde8937b2f21e58aed670f1dce001e1f6416c1db9,25/06/2023 23:20:55,ESCANER
17305,"Quiché",14,"San Pedro Jocopilas",9,2613,380,20,29,6,65,0,42,18,16,196,8,5,209,0,209,--,380,168,196,209,209,Algún campo sin dato,1,fffa89a38b49534c961136e00146f280cfc82bf2711b4aba3a030387275e1dbb,25/06/2023 23:47:18,ESCANER
17306,"Quiché",14,"San Pedro Jocopilas",9,2613,380,21,23,14,79,0,35,26,12,210,23,11,244,0,244,--,380,136,210,244,244,Algún campo sin dato,1,d40c9672615faa38a2c5b7462378c36fc25d0d1e7a9d2993c80a48a14ab16e79,26/06/2023 00:11:06,ESCANER
17307,"Quiché",14,"San Pedro Jocopilas",9,2614,380,15,23,10,107,1,30,16,17,219,6,3,228,0,228,--,380,152,219,228,228,Algún campo sin dato,1,a5e746846e48ac8c07468eb96c58ffaa0fb5af149e6c6440069ec76680e96c24,25/06/2023 22:51:23,ESCANER
17308,"Quiché",14,"San Pedro Jocopilas",9,2614,339,13,17,11,90,0,27,11,8,177,0,2,179,0,179,--,339,160,177,179,179,Algún campo sin dato,1,9737d6f0530f646d8b2a49e7b52eae6d524a02517ffc327dfcc5d58ee65b1276,25/06/2023 22:29:28,ESCANER
17309,"Quiché",14,"San Pedro Jocopilas",9,2614,338,18,19,7,83,1,34,9,12,183,9,4,196,0,196,--,--,--,183,196,196,Algún campo sin dato,1,59d77768948278c6cb9b68c280df6246a17f4f07ddb59ae8922372241a27c7bc,25/06/2023 23:18:55,ESCANER
17310,"Quiché",14,"San Pedro Jocopilas",9,2615,380,,,,,,,,,,,,,,,,,,,,,,0,,,
17311,"Quiché",14,"San Pedro Jocopilas",9,2615,380,,,,,,,,,,,,,,,,,,,,,,0,,,
17312,"Quiché",14,"San Pedro Jocopilas",9,2615,380,,,,,,,,,,,,,,,,,,,,,,0,,,
17313,"Quiché",14,"San Pedro Jocopilas",9,2615,380,,,,,,,,,,,,,,,,,,,,,,0,,,
17314,"Quiché",14,"San Pedro Jocopilas",9,2615,380,,,,,,,,,,,,,,,,,,,,,,0,,,
17315,"Quiché",14,"San Pedro Jocopilas",9,2616,380,,,,,,,,,,,,,,,,,,,,,,0,,,
17316,"Quiché",14,"San Pedro Jocopilas",9,2616,380,,,,,,,,,,,,,,,,,,,,,,0,,,
17317,"Quiché",14,"San Pedro Jocopilas",9,2616,380,,,,,,,,,,,,,,,,,,,,,,0,,,
17318,"Quiché",14,"San Pedro Jocopilas",9,2617,356,,,,,,,,,,,,,,,,,,,,,,0,,,
17319,"Quiché",14,"San Pedro Jocopilas",9,2617,356,16,29,5,59,1,22,43,2,177,8,3,188,0,188,0,356,168,177,188,188,,1,3e2f59e4d1b2a2cbaaff9137cd7fd93634287d98ad8bc57a0111e2edcf7869ad,25/06/2023 23:21:56,ESCANER
17320,"Quiché",14,"San Pedro Jocopilas",9,2618,380,,,,,,,,,,,,,,,,,,,,,,0,,,
17321,"Quiché",14,"San Pedro Jocopilas",9,2618,380,,,,,,,,,,,,,,,,,,,,,,0,,,
17322,"Quiché",14,"San Pedro Jocopilas",9,2618,380,25,9,6,147,0,41,13,7,248,7,8,263,0,263,0,380,117,248,263,263,,1,70d5c6fda6554124ae854967e7dabf461082c17f5487fda958b38aa065e3d9aa,26/06/2023 00:00:07,ESCANER
17323,"Quiché",14,"San Pedro Jocopilas",9,2618,372,,,,,,,,,,,,,,,,,,,,,,0,,,
17324,"Quiché",14,"San Pedro Jocopilas",9,2619,371,22,9,2,153,0,25,8,10,229,7,1,237,0,237,2,368,129,229,237,237,,1,da299885e6fb3a4ee5b21261695474d34bcc479854e8577dc0b8daa58970f67c,25/06/2023 23:46:01,ESCANER
17325,"Quiché",14,"San Pedro Jocopilas",9,2620,339,26,7,2,12,2,16,12,13,90,5,5,100,0,100,0,339,239,90,100,100,,1,91b629e430c99ca1cf1df138278b64d9a7de4f7dc39ea5e4d89f975dd84948c7,25/06/2023 23:09:32,ESCANER
17326,"Quiché",14,"San Pedro Jocopilas",9,2620,338,11,3,3,10,0,17,3,6,53,3,3,59,0,59,0,338,279,53,59,59,,1,82cff08e919f59abf3fd170e11b1debae2d1f3139575a579741271a147e02e88,25/06/2023 23:14:59,ESCANER