﻿TIPO_DE_ELECCIÓN:,CORPORACIÓN MUNICIPAL
26 junio 2023 00:25 (UTC -6)
ACTAS_ESPERADAS,ACTAS_CAPTURADAS,PORCENTAJE_ACTAS_CAPTURADAS,ACTAS_CONTABILIZADAS,PORCENTAJE_ACTAS_CONTABILIZADAS,ACTAS_NO_CONTABILIZADAS,LISTA_NOMINAL_ACTAS_CONTABILIZADAS,VOTOS_EMITIDOS_CONTABILIZADAS,PORCENTAJE_PARTICIPACIÓN_CIUDADANA
12,6,50.0000,6,50.0000,0,2018,1460,72.3488

MESA,DEPARTAMENTO,ID_DEPARTAMENTO,MUNICIPIO,ID_MUNICIPIO,CENTRO_DE_VOTACIÓN,PADRÓN,MLP,CABAL,VAMOS,UNE,VÁLIDOS,NULOS,BLANCO,EMITIDOS,INVÁLIDOS,TOTAL,IMPUGNACIONES,PAPELETAS-RECIBIDAS,PAPELETAS-NO-USADAS,VALIDOS_CALCULADO,EMITIDOS_CALCULADO,TOTAL_CALCULADO,OBSERVACIONES,CONTABILIZADA,CÓDIGO_INTEGRIDAD,FECHA_HORA_PUBLICACIÓN,DIGITALIZACIÓN
17222,"Quiché",14,"Patzité",7,2597,400,19,108,149,3,279,16,2,279,0,297,--,400,103,279,297,297,Sumas Asentadas sin cuadrar,1,f052c0676667564f6f36c2af9bd0501f1ae5b2e8833655a10c802368877cae90,25/06/2023 23:55:25,ESCANER
17223,"Quiché",14,"Patzité",7,2597,400,17,103,180,3,303,15,4,322,0,322,--,400,78,303,322,322,Algún campo sin dato,1,c2eb64bbdae9b1a8ef65e3f52d2b2d2e281752286cf4cf8c606918b609236105,25/06/2023 23:27:29,ESCANER
17224,"Quiché",14,"Patzité",7,2597,400,,,,,,,,,,,,,,,,,,0,,,
17225,"Quiché",14,"Patzité",7,2597,400,,,,,,,,,,,,,,,,,,0,,,
17226,"Quiché",14,"Patzité",7,2597,400,,,,,,,,,,,,,,,,,,0,,,
17227,"Quiché",14,"Patzité",7,2597,400,17,108,145,1,271,7,1,279,0,279,--,400,121,271,279,279,Algún campo sin dato,1,afdade52ea0b0e2b6bf687683956906e123b6b9261788c12f052e1f6ab1eb131,26/06/2023 00:08:06,ESCANER
17228,"Quiché",14,"Patzité",7,2597,400,,,,,,,,,,,,,,,,,,0,,,
17229,"Quiché",14,"Patzité",7,2597,400,,,,,,,,,,,,,,,,,,0,,,
17230,"Quiché",14,"Patzité",7,2597,400,,,,,,,,,,,,,,,,,,0,,,
17231,"Quiché",14,"Patzité",7,2597,400,18,108,147,0,273,7,1,281,116,397,--,397,116,273,281,397,Algún campo sin dato,1,33ea5a2b0686fe1ee3403c58fa3472804d62520c22757c2f24f135bb8262eb88,26/06/2023 00:22:56,ESCANER
17232,"Quiché",14,"Patzité",7,2597,209,7,63,75,0,145,3,0,148,0,148,--,209,61,145,148,148,Algún campo sin dato,1,aa119d081b71c8b9a1fe7120c4223277a18b4d4a1672f016da7ebf8b3f6afd6d,25/06/2023 22:58:03,ESCANER
17233,"Quiché",14,"Patzité",7,2597,209,4,59,68,0,131,1,1,133,0,133,--,209,76,131,133,133,Algún campo sin dato,1,93b2316d5a73fc2512f37963ad12a60d999afe0570538dd5d90752e142314081,25/06/2023 22:08:29,ESCANER