﻿TIPO_DE_ELECCIÓN:,CORPORACIÓN MUNICIPAL
26 junio 2023 00:25 (UTC -6)
ACTAS_ESPERADAS,ACTAS_CAPTURADAS,PORCENTAJE_ACTAS_CAPTURADAS,ACTAS_CONTABILIZADAS,PORCENTAJE_ACTAS_CONTABILIZADAS,ACTAS_NO_CONTABILIZADAS,LISTA_NOMINAL_ACTAS_CONTABILIZADAS,VOTOS_EMITIDOS_CONTABILIZADAS,PORCENTAJE_PARTICIPACIÓN_CIUDADANA
51,11,21.5686,11,21.5686,0,3621,2794,77.1610

MESA,DEPARTAMENTO,ID_DEPARTAMENTO,MUNICIPIO,ID_MUNICIPIO,CENTRO_DE_VOTACIÓN,PADRÓN,VAMOS,CABAL,UNE,MLP,TODOS,AZUL,VICTORIA,SEMILLA,VOS,VIVA,PODEMOS,PPN,CCEA,CCSP,VÁLIDOS,NULOS,BLANCO,EMITIDOS,INVÁLIDOS,TOTAL,IMPUGNACIONES,PAPELETAS-RECIBIDAS,PAPELETAS-NO-USADAS,VALIDOS_CALCULADO,EMITIDOS_CALCULADO,TOTAL_CALCULADO,OBSERVACIONES,CONTABILIZADA,CÓDIGO_INTEGRIDAD,FECHA_HORA_PUBLICACIÓN,DIGITALIZACIÓN
9553,"Sololá",7,"San Lucas Tolimán",13,1189,400,,,,,,,,,,,,,,,,,,,,,,,,,,,,0,,,
9554,"Sololá",7,"San Lucas Tolimán",13,1189,400,,,,,,,,,,,,,,,,,,,,,,,,,,,,0,,,
9555,"Sololá",7,"San Lucas Tolimán",13,1189,400,,,,,,,,,,,,,,,,,,,,,,,,,,,,0,,,
9556,"Sololá",7,"San Lucas Tolimán",13,1189,400,,,,,,,,,,,,,,,,,,,,,,,,,,,,0,,,
9557,"Sololá",7,"San Lucas Tolimán",13,1189,400,,,,,,,,,,,,,,,,,,,,,,,,,,,,0,,,
9558,"Sololá",7,"San Lucas Tolimán",13,1189,400,,,,,,,,,,,,,,,,,,,,,,,,,,,,0,,,
9559,"Sololá",7,"San Lucas Tolimán",13,1189,400,,,,,,,,,,,,,,,,,,,,,,,,,,,,0,,,
9560,"Sololá",7,"San Lucas Tolimán",13,1189,400,,,,,,,,,,,,,,,,,,,,,,,,,,,,0,,,
9561,"Sololá",7,"San Lucas Tolimán",13,1189,400,,,,,,,,,,,,,,,,,,,,,,,,,,,,0,,,
9562,"Sololá",7,"San Lucas Tolimán",13,1189,400,,,,,,,,,,,,,,,,,,,,,,,,,,,,0,,,
9563,"Sololá",7,"San Lucas Tolimán",13,1190,400,,,,,,,,,,,,,,,,,,,,,,,,,,,,0,,,
9564,"Sololá",7,"San Lucas Tolimán",13,1190,400,,,,,,,,,,,,,,,,,,,,,,,,,,,,0,,,
9565,"Sololá",7,"San Lucas Tolimán",13,1190,400,,,,,,,,,,,,,,,,,,,,,,,,,,,,0,,,
9566,"Sololá",7,"San Lucas Tolimán",13,1190,400,,,,,,,,,,,,,,,,,,,,,,,,,,,,0,,,
9567,"Sololá",7,"San Lucas Tolimán",13,1190,400,,,,,,,,,,,,,,,,,,,,,,,,,,,,0,,,
9568,"Sololá",7,"San Lucas Tolimán",13,1191,400,,,,,,,,,,,,,,,,,,,,,,,,,,,,0,,,
9569,"Sololá",7,"San Lucas Tolimán",13,1191,400,,,,,,,,,,,,,,,,,,,,,,,,,,,,0,,,
9570,"Sololá",7,"San Lucas Tolimán",13,1192,400,,,,,,,,,,,,,,,,,,,,,,,,,,,,0,,,
9571,"Sololá",7,"San Lucas Tolimán",13,1192,400,,,,,,,,,,,,,,,,,,,,,,,,,,,,0,,,
9572,"Sololá",7,"San Lucas Tolimán",13,1192,400,,,,,,,,,,,,,,,,,,,,,,,,,,,,0,,,
9573,"Sololá",7,"San Lucas Tolimán",13,1192,400,,,,,,,,,,,,,,,,,,,,,,,,,,,,0,,,
9574,"Sololá",7,"San Lucas Tolimán",13,1193,400,,,,,,,,,,,,,,,,,,,,,,,,,,,,0,,,
9575,"Sololá",7,"San Lucas Tolimán",13,1193,400,,,,,,,,,,,,,,,,,,,,,,,,,,,,0,,,
9576,"Sololá",7,"San Lucas Tolimán",13,1193,400,,,,,,,,,,,,,,,,,,,,,,,,,,,,0,,,
9577,"Sololá",7,"San Lucas Tolimán",13,1193,400,,,,,,,,,,,,,,,,,,,,,,,,,,,,0,,,
9578,"Sololá",7,"San Lucas Tolimán",13,1193,400,,,,,,,,,,,,,,,,,,,,,,,,,,,,0,,,
9579,"Sololá",7,"San Lucas Tolimán",13,1193,400,,,,,,,,,,,,,,,,,,,,,,,,,,,,0,,,
9580,"Sololá",7,"San Lucas Tolimán",13,1193,400,,,,,,,,,,,,,,,,,,,,,,,,,,,,0,,,
9581,"Sololá",7,"San Lucas Tolimán",13,1193,287,,,,,,,,,,,,,,,,,,,,,,,,,,,,0,,,
9582,"Sololá",7,"San Lucas Tolimán",13,1193,286,29,16,14,22,16,5,26,1,1,8,0,34,4,15,191,4,0,195,0,195,--,286,91,191,195,195,Algún campo sin dato,1,c1e527515b493db69bb75f0ce258a7be4ed4c70f8d0111023ce62b07f64b9434,25/06/2023 22:37:45,ESCANER
9583,"Sololá",7,"San Lucas Tolimán",13,1194,380,97,87,29,5,21,2,5,8,8,4,0,54,6,1,327,9,3,339,0,339,--,380,41,327,339,339,Algún campo sin dato,1,2f99f62c738205cda9615f41e6047f840b1a76d8b02104990a8f4c3e6f1c5e33,25/06/2023 23:48:12,ESCANER
9584,"Sololá",7,"San Lucas Tolimán",13,1194,380,,,,,,,,,,,,,,,,,,,,,,,,,,,,0,,,
9585,"Sololá",7,"San Lucas Tolimán",13,1194,380,,,,,,,,,,,,,,,,,,,,,,,,,,,,0,,,
9586,"Sololá",7,"San Lucas Tolimán",13,1194,380,,,,,,,,,,,,,,,,,,,,,,,,,,,,0,,,
9587,"Sololá",7,"San Lucas Tolimán",13,1194,326,,,,,,,,,,,,,,,,,,,,,,,,,,,,0,,,
9588,"Sololá",7,"San Lucas Tolimán",13,1194,326,79,71,13,8,18,0,10,11,5,0,0,37,4,4,260,2,0,262,0,262,--,326,64,260,262,262,Algún campo sin dato,1,90a82dde9c9e51c9f739a6a04d622fe3d366ef4685c1d6e1f991ea4eb844b3c8,25/06/2023 23:33:10,ESCANER
9589,"Sololá",7,"San Lucas Tolimán",13,1195,380,100,78,39,4,41,5,3,6,4,3,--,27,1,--,311,10,7,328,0,328,--,380,52,311,328,328,Algún campo sin dato,1,7d5ba6ce95be864d343619d125dc854588e23d80821cd5aff4f418f218370bf3,26/06/2023 00:05:24,ESCANER
9590,"Sololá",7,"San Lucas Tolimán",13,1195,380,91,88,53,3,41,3,3,3,3,3,0,33,1,0,325,11,6,342,0,342,--,380,38,325,342,342,Algún campo sin dato,1,8b6e711e4344687f100f34fb1bfe94e79fe1c09cb4f1df41bf5e14d115939c13,25/06/2023 23:56:03,ESCANER
9591,"Sololá",7,"San Lucas Tolimán",13,1195,380,,,,,,,,,,,,,,,,,,,,,,,,,,,,0,,,
9592,"Sololá",7,"San Lucas Tolimán",13,1195,380,,,,,,,,,,,,,,,,,,,,,,,,,,,,0,,,
9593,"Sololá",7,"San Lucas Tolimán",13,1195,380,70,64,33,10,40,8,2,0,4,2,1,40,4,0,278,4,1,283,0,283,--,380,97,278,283,283,Algún campo sin dato,1,8ccdfdfc5991f3fc6a8cbc398690dc85e219893a0025229ad641086c6725bdcc,25/06/2023 23:53:03,ESCANER
9594,"Sololá",7,"San Lucas Tolimán",13,1195,201,41,37,24,5,21,2,0,2,1,3,0,14,0,1,151,2,2,155,0,155,--,201,46,151,155,155,Algún campo sin dato,1,16cb4b65fc718328e3f3892ca1f925ffc3873ca505ac065f94ed6436691404e9,26/06/2023 00:08:16,ESCANER
9595,"Sololá",7,"San Lucas Tolimán",13,1195,200,52,33,16,3,19,1,3,0,3,2,1,22,0,1,156,2,1,159,0,159,--,200,41,156,159,159,Algún campo sin dato,1,6cab94095e569a20a482815f6aee89e83556687e8ac7a4226419b6bc283a8025,25/06/2023 23:49:04,ESCANER
9596,"Sololá",7,"San Lucas Tolimán",13,1196,380,34,41,81,3,67,0,33,0,19,3,0,15,1,1,298,4,2,304,0,304,--,380,76,298,304,304,Algún campo sin dato,1,05b3b23497c50921fa59a30cf76e7b8ac8432abcfcdf42ca144d9151b015494f,25/06/2023 22:55:52,ESCANER
9597,"Sololá",7,"San Lucas Tolimán",13,1196,380,,,,,,,,,,,,,,,,,,,,,,,,,,,,0,,,
9598,"Sololá",7,"San Lucas Tolimán",13,1196,380,,,,,,,,,,,,,,,,,,,,,,,,,,,,0,,,
9599,"Sololá",7,"San Lucas Tolimán",13,1196,380,32,43,74,0,42,2,31,0,21,1,1,22,0,0,269,10,4,283,0,283,--,380,97,269,283,283,Algún campo sin dato,1,43bd42e12c2538c9d0a4c5b465f8134f8d72072b1cf7663cb723035b0712d987,26/06/2023 00:09:30,ESCANER
9600,"Sololá",7,"San Lucas Tolimán",13,1196,379,,,,,,,,,,,,,,,,,,,,,,,,,,,,0,,,
9601,"Sololá",7,"San Lucas Tolimán",13,1196,379,,,,,,,,,,,,,,,,,,,,,,,,,,,,0,,,
9602,"Sololá",7,"San Lucas Tolimán",13,1197,328,21,12,9,16,11,1,9,2,0,8,4,18,7,13,131,7,6,144,0,144,--,328,184,131,144,144,Algún campo sin dato,1,ab312bd4b447622ff647e1cb5c38ac0bea39324ea64952bd69e5969fe6d43f54,25/06/2023 23:37:58,ESCANER
9603,"Sololá",7,"San Lucas Tolimán",13,1197,327,,,,,,,,,,,,,,,,,,,,,,,,,,,,0,,,