﻿TIPO_DE_ELECCIÓN:,CORPORACIÓN MUNICIPAL
26 junio 2023 00:25 (UTC -6)
ACTAS_ESPERADAS,ACTAS_CAPTURADAS,PORCENTAJE_ACTAS_CAPTURADAS,ACTAS_CONTABILIZADAS,PORCENTAJE_ACTAS_CONTABILIZADAS,ACTAS_NO_CONTABILIZADAS,LISTA_NOMINAL_ACTAS_CONTABILIZADAS,VOTOS_EMITIDOS_CONTABILIZADAS,PORCENTAJE_PARTICIPACIÓN_CIUDADANA
55,14,25.4545,14,25.4545,0,5321,3149,59.1806

MESA,DEPARTAMENTO,ID_DEPARTAMENTO,MUNICIPIO,ID_MUNICIPIO,CENTRO_DE_VOTACIÓN,PADRÓN,ELEFANTE,VICTORIA,VAMOS,CREO,TODOS,PHG,CABAL,AZUL,PPN,UR,VALOR,VIVA,UNE,PIN,VÁLIDOS,NULOS,BLANCO,EMITIDOS,INVÁLIDOS,TOTAL,IMPUGNACIONES,PAPELETAS-RECIBIDAS,PAPELETAS-NO-USADAS,VALIDOS_CALCULADO,EMITIDOS_CALCULADO,TOTAL_CALCULADO,OBSERVACIONES,CONTABILIZADA,CÓDIGO_INTEGRIDAD,FECHA_HORA_PUBLICACIÓN,DIGITALIZACIÓN
14227,"San Marcos",12,"Catarina",16,1995,400,,,,,,,,,,,,,,,,,,,,,,,,,,,,0,,,
14228,"San Marcos",12,"Catarina",16,1995,400,,,,,,,,,,,,,,,,,,,,,,,,,,,,0,,,
14229,"San Marcos",12,"Catarina",16,1995,400,,,,,,,,,,,,,,,,,,,,,,,,,,,,0,,,
14230,"San Marcos",12,"Catarina",16,1995,400,17,3,55,47,3,3,21,6,12,3,1,2,62,0,235,22,6,263,0,263,--,400,137,235,263,263,Algún campo sin dato,1,7f1814d9b43a4ae7cab9d5eb693669c257700649d4c69a6016e463d1369d269c,25/06/2023 22:55:48,ESCANER
14231,"San Marcos",12,"Catarina",16,1995,400,15,4,58,75,5,10,8,3,2,0,1,0,50,1,232,8,2,242,2,244,--,400,156,232,242,244,Algún campo sin dato,1,99b5108695be484473c61c233117ddb973902e32333066fc92e50f9946c88a58,26/06/2023 00:23:09,ESCANER
14232,"San Marcos",12,"Catarina",16,1995,400,,,,,,,,,,,,,,,,,,,,,,,,,,,,0,,,
14233,"San Marcos",12,"Catarina",16,1995,400,,,,,,,,,,,,,,,,,,,,,,,,,,,,0,,,
14234,"San Marcos",12,"Catarina",16,1995,400,,,,,,,,,,,,,,,,,,,,,,,,,,,,0,,,
14235,"San Marcos",12,"Catarina",16,1995,400,17,5,50,74,5,5,7,2,1,0,0,1,54,1,222,17,6,245,0,245,--,400,155,222,245,245,Algún campo sin dato,1,86f2ad4c266e528a35f4aefc1e916a21766ea2265364971c1bc161b45b3905ea,25/06/2023 23:45:09,ESCANER
14236,"San Marcos",12,"Catarina",16,1995,400,,,,,,,,,,,,,,,,,,,,,,,,,,,,0,,,
14237,"San Marcos",12,"Catarina",16,1995,400,,,,,,,,,,,,,,,,,,,,,,,,,,,,0,,,
14238,"San Marcos",12,"Catarina",16,1995,400,,,,,,,,,,,,,,,,,,,,,,,,,,,,0,,,
14239,"San Marcos",12,"Catarina",16,1995,288,8,2,52,51,1,6,6,4,1,0,0,0,48,0,179,1,0,180,0,180,--,288,108,179,180,180,Algún campo sin dato,1,f0a542456d729d9e9f46911e8f49bd1f3847c905500eb2c75f226b860641bbdf,25/06/2023 22:48:17,ESCANER
14240,"San Marcos",12,"Catarina",16,1995,288,10,2,28,29,3,5,10,2,1,0,0,0,37,0,127,7,2,136,0,136,--,288,152,127,136,136,Algún campo sin dato,1,bb2e8a8ff711fe04f91038c2657a2835b95cf7e9de277a0864f303f7206518f2,25/06/2023 23:50:00,ESCANER
14241,"San Marcos",12,"Catarina",16,1996,400,,,,,,,,,,,,,,,,,,,,,,,,,,,,0,,,
14242,"San Marcos",12,"Catarina",16,1996,400,8,8,105,77,8,8,10,4,4,1,2,0,46,0,281,17,7,305,0,305,--,400,95,281,305,305,Algún campo sin dato,1,f18d20790cff93bb950b9ae799d5733cf865b6aa42af1f899e08023e1034fac9,25/06/2023 22:47:04,ESCANER
14243,"San Marcos",12,"Catarina",16,1996,400,,,,,,,,,,,,,,,,,,,,,,,,,,,,0,,,
14244,"San Marcos",12,"Catarina",16,1996,400,,,,,,,,,,,,,,,,,,,,,,,,,,,,0,,,
14245,"San Marcos",12,"Catarina",16,1996,400,,,,,,,,,,,,,,,,,,,,,,,,,,,,0,,,
14246,"San Marcos",12,"Catarina",16,1996,400,,,,,,,,,,,,,,,,,,,,,,,,,,,,0,,,
14247,"San Marcos",12,"Catarina",16,1996,400,18,5,74,80,8,8,11,3,4,1,4,0,30,0,246,9,1,256,0,256,--,400,144,246,256,256,Algún campo sin dato,1,351b35f11dfd5c6ba1a54bb540855f7157083bbc66017d091d1de5bc577d360b,25/06/2023 23:31:56,ESCANER
14248,"San Marcos",12,"Catarina",16,1996,400,8,11,52,94,13,13,17,1,2,0,4,0,41,1,257,11,4,272,0,272,--,400,128,257,272,272,Algún campo sin dato,1,f11fdae5e4e52e692ad782959e7a4fceb0c3ac0db4496b7faf80c188151614b9,25/06/2023 22:38:01,ESCANER
14249,"San Marcos",12,"Catarina",16,1996,400,,,,,,,,,,,,,,,,,,,,,,,,,,,,0,,,
14250,"San Marcos",12,"Catarina",16,1996,400,,,,,,,,,,,,,,,,,,,,,,,,,,,,0,,,
14251,"San Marcos",12,"Catarina",16,1996,400,,,,,,,,,,,,,,,,,,,,,,,,,,,,0,,,
14252,"San Marcos",12,"Catarina",16,1996,400,,,,,,,,,,,,,,,,,,,,,,,,,,,,0,,,
14253,"San Marcos",12,"Catarina",16,1996,358,,,,,,,,,,,,,,,,,,,,,,,,,,,,0,,,
14254,"San Marcos",12,"Catarina",16,1996,358,,,,,,,,,,,,,,,,,,,,,,,,,,,,0,,,
14255,"San Marcos",12,"Catarina",16,1997,380,,,,,,,,,,,,,,,,,,,,,,,,,,,,0,,,
14256,"San Marcos",12,"Catarina",16,1997,380,6,3,68,106,11,2,15,2,3,0,0,0,40,0,256,14,1,271,0,271,--,380,109,256,271,271,Algún campo sin dato,1,e5a07178ceb0e2af3e680db3d2f1a5723e7c8d3ff070231f914b329a2f0dba08,25/06/2023 23:34:18,ESCANER
14257,"San Marcos",12,"Catarina",16,1997,380,5,3,70,101,11,3,30,1,3,2,1,1,35,5,271,5,5,281,0,281,--,380,99,271,281,281,Algún campo sin dato,1,5b59c8977c8d89aba8b33571fea658b288c33db494afa08939b2f275ce5a53f8,25/06/2023 23:51:32,ESCANER
14258,"San Marcos",12,"Catarina",16,1997,380,2,2,72,90,8,3,31,0,2,1,1,1,17,0,230,10,2,242,0,242,--,380,138,230,242,242,Algún campo sin dato,1,b65dc5d8a3977240a583ee23e56738b103e6bb961eeac7685b50165c504d22a0,26/06/2023 00:09:53,ESCANER
14259,"San Marcos",12,"Catarina",16,1997,380,,,,,,,,,,,,,,,,,,,,,,,,,,,,0,,,
14260,"San Marcos",12,"Catarina",16,1997,380,,,,,,,,,,,,,,,,,,,,,,,,,,,,0,,,
14261,"San Marcos",12,"Catarina",16,1997,367,,,,,,,,,,,,,,,,,,,,,,,,,,,,0,,,
14262,"San Marcos",12,"Catarina",16,1997,367,,,,,,,,,,,,,,,,,,,,,,,,,,,,0,,,
14263,"San Marcos",12,"Catarina",16,1998,380,,,,,,,,,,,,,,,,,,,,,,,,,,,,0,,,
14264,"San Marcos",12,"Catarina",16,1998,380,,,,,,,,,,,,,,,,,,,,,,,,,,,,0,,,
14265,"San Marcos",12,"Catarina",16,1998,304,,,,,,,,,,,,,,,,,,,,,,,,,,,,0,,,
14266,"San Marcos",12,"Catarina",16,1998,304,,,,,,,,,,,,,,,,,,,,,,,,,,,,0,,,
14267,"San Marcos",12,"Catarina",16,1999,380,,,,,,,,,,,,,,,,,,,,,,,,,,,,0,,,
14268,"San Marcos",12,"Catarina",16,1999,380,,,,,,,,,,,,,,,,,,,,,,,,,,,,0,,,
14269,"San Marcos",12,"Catarina",16,1999,380,8,2,54,81,16,0,8,2,4,1,1,0,49,0,226,22,4,252,0,252,1,380,124,226,252,252,,1,e47658e57882c560343db0ccaa20ae5cf7c896d9ee83141cb2b9dba9cd0a975a,26/06/2023 00:02:12,ESCANER
14270,"San Marcos",12,"Catarina",16,1999,380,,,,,,,,,,,,,,,,,,,,,,,,,,,,0,,,
14271,"San Marcos",12,"Catarina",16,1999,380,,,,,,,,,,,,,,,,,,,,,,,,,,,,0,,,
14272,"San Marcos",12,"Catarina",16,1999,260,,,,,,,,,,,,,,,,,,,,,,,,,,,,0,,,
14273,"San Marcos",12,"Catarina",16,1999,260,3,0,28,48,11,1,3,1,4,2,4,0,47,1,153,2,3,158,0,158,--,260,102,153,158,158,Algún campo sin dato,1,f248d19891cbdb1ffef8b4cd74964cb9d05b5c26a38e8540f20650de7a8f96c1,25/06/2023 22:59:58,ESCANER
14274,"San Marcos",12,"Catarina",16,2000,380,,,,,,,,,,,,,,,,,,,,,,,,,,,,0,,,
14275,"San Marcos",12,"Catarina",16,2000,380,,,,,,,,,,,,,,,,,,,,,,,,,,,,0,,,
14276,"San Marcos",12,"Catarina",16,2000,380,,,,,,,,,,,,,,,,,,,,,,,,,,,,0,,,
14277,"San Marcos",12,"Catarina",16,2000,380,,,,,,,,,,,,,,,,,,,,,,,,,,,,0,,,
14278,"San Marcos",12,"Catarina",16,2000,270,,,,,,,,,,,,,,,,,,,,,,,,,,,,0,,,
14279,"San Marcos",12,"Catarina",16,2000,269,,,,,,,,,,,,,,,,,,,,,,,,,,,,0,,,
14280,"San Marcos",12,"Catarina",16,2001,565,,,,,,,,,,,,,,,,,,,,,,,,,,,,0,,,
14281,"San Marcos",12,"Catarina",16,2001,565,1,2,9,17,3,1,1,2,1,1,0,0,8,0,46,0,0,46,0,46,--,565,519,46,46,46,Algún campo sin dato,1,7b4c9fa0fc36e2070ed95ca424f64427eb3baec7ea9dc58411030c04d3c2e9e0,25/06/2023 22:24:16,ESCANER