﻿TIPO_DE_ELECCIÓN:,CORPORACIÓN MUNICIPAL
26 junio 2023 00:25 (UTC -6)
ACTAS_ESPERADAS,ACTAS_CAPTURADAS,PORCENTAJE_ACTAS_CAPTURADAS,ACTAS_CONTABILIZADAS,PORCENTAJE_ACTAS_CONTABILIZADAS,ACTAS_NO_CONTABILIZADAS,LISTA_NOMINAL_ACTAS_CONTABILIZADAS,VOTOS_EMITIDOS_CONTABILIZADAS,PORCENTAJE_PARTICIPACIÓN_CIUDADANA
58,22,37.9310,22,37.9310,0,8086,5758,71.2094

MESA,DEPARTAMENTO,ID_DEPARTAMENTO,MUNICIPIO,ID_MUNICIPIO,CENTRO_DE_VOTACIÓN,PADRÓN,CABAL,VAMOS,TODOS,UNE,VALOR UNIONISTA,VÁLIDOS,NULOS,BLANCO,EMITIDOS,INVÁLIDOS,TOTAL,IMPUGNACIONES,PAPELETAS-RECIBIDAS,PAPELETAS-NO-USADAS,VALIDOS_CALCULADO,EMITIDOS_CALCULADO,TOTAL_CALCULADO,OBSERVACIONES,CONTABILIZADA,CÓDIGO_INTEGRIDAD,FECHA_HORA_PUBLICACIÓN,DIGITALIZACIÓN
16887,"Quiché",14,"Zacualpa",4,2537,400,,,,,,,,,,,,,,,,,,,0,,,
16888,"Quiché",14,"Zacualpa",4,2537,400,,,,,,,,,,,,,,,,,,,0,,,
16889,"Quiché",14,"Zacualpa",4,2537,400,,,,,,,,,,,,,,,,,,,0,,,
16890,"Quiché",14,"Zacualpa",4,2538,400,,,,,,,,,,,,,,,,,,,0,,,
16891,"Quiché",14,"Zacualpa",4,2538,400,,,,,,,,,,,,,,,,,,,0,,,
16892,"Quiché",14,"Zacualpa",4,2538,400,138,137,38,1,0,314,9,3,326,0,326,--,400,74,314,326,326,Algún campo sin dato,1,845e2dc7adba17a6707cbbab9326d7f027e0d346944607bcad8c3750f7170855,25/06/2023 23:23:17,ESCANER
16893,"Quiché",14,"Zacualpa",4,2538,400,,,,,,,,,,,,,,,,,,,0,,,
16894,"Quiché",14,"Zacualpa",4,2538,400,,,,,,,,,,,,,,,,,,,0,,,
16895,"Quiché",14,"Zacualpa",4,2539,400,160,114,26,6,1,307,7,6,320,0,320,--,400,80,307,320,320,Algún campo sin dato,1,520b752defb721f816b2dc821cb8b055b1fe4a63b3f8431dc94e5f7c807c0b10,25/06/2023 23:09:04,ESCANER
16896,"Quiché",14,"Zacualpa",4,2539,400,,,,,,,,,,,,,,,,,,,0,,,
16897,"Quiché",14,"Zacualpa",4,2539,400,75,128,30,0,0,233,7,1,241,0,241,--,400,159,233,241,241,Algún campo sin dato,1,cbef4008446ed3a3b83d99f4fc8e5d3ee109a9c03541dc46964dae2841da4c7b,26/06/2023 00:03:08,ESCANER
16898,"Quiché",14,"Zacualpa",4,2539,400,,,,,,,,,,,,,,,,,,,0,,,
16899,"Quiché",14,"Zacualpa",4,2539,400,,,,,,,,,,,,,,,,,,,0,,,
16900,"Quiché",14,"Zacualpa",4,2539,400,50,177,56,0,4,287,5,0,292,0,292,--,400,108,287,292,292,Algún campo sin dato,1,88c1b2f2a4acc1c3e40d5d8d49320ea6fd9bbc999c6088026914787e5dae878c,25/06/2023 23:52:09,ESCANER
16901,"Quiché",14,"Zacualpa",4,2540,400,,,,,,,,,,,,,,,,,,,0,,,
16902,"Quiché",14,"Zacualpa",4,2540,400,,,,,,,,,,,,,,,,,,,0,,,
16903,"Quiché",14,"Zacualpa",4,2540,400,86,157,26,0,0,269,3,0,272,0,272,--,400,128,269,272,272,Algún campo sin dato,1,368d31b0b848e2a3a5e895e52ddf9a9f9af916691d9627f9d73ba7815eaa88f9,26/06/2023 00:02:13,ESCANER
16904,"Quiché",14,"Zacualpa",4,2541,400,101,158,24,3,0,286,8,1,295,0,295,--,380,85,286,295,295,Algún campo sin dato,1,26fce5d6c78b60b553d2d83de488325bac8c2f48fee305d689db09d7c47fe181,26/06/2023 00:03:25,ESCANER
16905,"Quiché",14,"Zacualpa",4,2541,400,,,,,,,,,,,,,,,,,,,0,,,
16906,"Quiché",14,"Zacualpa",4,2541,368,,,,,,,,,,,,,,,,,,,0,,,
16907,"Quiché",14,"Zacualpa",4,2541,368,80,124,28,1,1,234,4,0,238,0,238,--,368,130,234,238,238,Algún campo sin dato,1,070dc954d3795887a2b12a77575b51cd64c7d939d0f7d88ee38dcb1aa39b35dd,25/06/2023 23:40:33,ESCANER
16908,"Quiché",14,"Zacualpa",4,2542,380,,,,,,,,,,,,,,,,,,,0,,,
16909,"Quiché",14,"Zacualpa",4,2542,380,,,,,,,,,,,,,,,,,,,0,,,
16910,"Quiché",14,"Zacualpa",4,2542,380,,,,,,,,,,,,,,,,,,,0,,,
16911,"Quiché",14,"Zacualpa",4,2542,380,,,,,,,,,,,,,,,,,,,0,,,
16912,"Quiché",14,"Zacualpa",4,2542,380,,,,,,,,,,,,,,,,,,,0,,,
16913,"Quiché",14,"Zacualpa",4,2542,380,,,,,,,,,,,,,,,,,,,0,,,
16914,"Quiché",14,"Zacualpa",4,2542,380,,,,,,,,,,,,,,,,,,,0,,,
16915,"Quiché",14,"Zacualpa",4,2542,365,,,,,,,,,,,,,,,,,,,0,,,
16916,"Quiché",14,"Zacualpa",4,2542,365,,,,,,,,,,,,,,,,,,,0,,,
16917,"Quiché",14,"Zacualpa",4,2543,380,103,126,58,2,2,291,6,3,300,0,300,--,--,80,291,300,300,Algún campo sin dato,1,9220c85b344f2fe88d05a20d10631f13956e2b4e633c4fc4ae3749c70fbae40b,25/06/2023 23:42:00,ESCANER
16918,"Quiché",14,"Zacualpa",4,2543,380,112,96,102,1,0,311,7,3,321,0,321,--,380,59,311,321,321,Algún campo sin dato,1,aabc17081bf7477be842273b5f4aba6116eb6140a60fee74b7109b2dfd970bf9,26/06/2023 00:14:46,ESCANER
16919,"Quiché",14,"Zacualpa",4,2543,380,73,101,66,4,0,244,3,0,247,0,247,--,380,133,244,247,247,Algún campo sin dato,1,2c08d0ec666eb590380f54cbae15f7e47a0d7154429913c8a6d4e6f4a206e7ef,25/06/2023 23:23:52,ESCANER
16920,"Quiché",14,"Zacualpa",4,2543,246,,,,,,,,,,,,,,,,,,,0,,,
16921,"Quiché",14,"Zacualpa",4,2543,245,65,79,38,2,0,184,4,0,188,0,188,--,245,57,184,188,188,Algún campo sin dato,1,f17d2e1a3c15662b7dd12f8883f4c979af65798d43dcd02047abcbdf824a4907,25/06/2023 21:48:16,ESCANER
16922,"Quiché",14,"Zacualpa",4,2544,380,,,,,,,,,,,,,,,,,,,0,,,
16923,"Quiché",14,"Zacualpa",4,2544,332,,,,,,,,,,,,,,,,,,,0,,,
16924,"Quiché",14,"Zacualpa",4,2544,331,,,,,,,,,,,,,,,,,,,0,,,
16925,"Quiché",14,"Zacualpa",4,2545,380,51,138,95,3,2,289,11,2,302,0,302,--,380,78,289,302,302,Algún campo sin dato,1,ed18861ac054f7efbdb2af5379a5c9cb7cbb7858ef70e33cf510365faf8ab340,25/06/2023 22:15:51,ESCANER
16926,"Quiché",14,"Zacualpa",4,2545,380,58,148,98,2,0,306,1,5,312,0,312,--,380,68,306,312,312,Algún campo sin dato,1,3ebda6947db2479dd8e88b56871ae03d382e98997f8ef17eddc659cf43947861,25/06/2023 22:24:05,ESCANER
16927,"Quiché",14,"Zacualpa",4,2545,380,141,103,74,1,2,321,4,4,329,0,--,--,380,51,321,329,329,Algún campo sin dato,1,ad680e5831d80cfc9c88d8cdfd628d08fa7217e89539a20c077740579133ecb4,25/06/2023 23:13:28,ESCANER
16928,"Quiché",14,"Zacualpa",4,2545,380,,,,,,,,,,,,,,,,,,,0,,,
16929,"Quiché",14,"Zacualpa",4,2545,380,,,,,,,,,,,,,,,,,,,0,,,
16930,"Quiché",14,"Zacualpa",4,2545,380,55,144,70,1,3,273,3,1,277,0,277,--,380,103,273,277,277,Algún campo sin dato,1,466091e686feedce298089436ee4f8ed45d70b1daaef67580645960ff44b016e,25/06/2023 23:01:12,ESCANER
16931,"Quiché",14,"Zacualpa",4,2545,380,75,104,75,1,2,257,2,2,261,0,261,--,380,119,257,261,261,Algún campo sin dato,1,dfdd9ac6c7fd15e36c05a14d7503f6adfadfc2a243baa438c1981485c0779643,25/06/2023 23:26:23,ESCANER
16932,"Quiché",14,"Zacualpa",4,2545,319,,,,,,,,,,,,,,,,,,,0,,,
16933,"Quiché",14,"Zacualpa",4,2545,318,56,98,69,0,1,224,1,3,228,0,228,--,315,87,224,228,228,Algún campo sin dato,1,2254565a63c15658a205a3b7676c1ce6fd028478d48a32a8b411c0beef87ef7d,25/06/2023 23:31:55,ESCANER
16934,"Quiché",14,"Zacualpa",4,2546,380,,,,,,,,,,,,,,,,,,,0,,,
16935,"Quiché",14,"Zacualpa",4,2546,380,,,,,,,,,,,,,,,,,,,0,,,
16936,"Quiché",14,"Zacualpa",4,2546,380,157,101,8,2,0,268,3,0,271,0,271,--,380,109,268,271,271,Algún campo sin dato,1,311a12a37fd7fe508c4fb566de910b7185924ffa2acbc664b4e1dccb0b3230e4,25/06/2023 22:18:09,ESCANER
16937,"Quiché",14,"Zacualpa",4,2546,374,,,,,,,,,,,,,,,,,,,0,,,
16938,"Quiché",14,"Zacualpa",4,2546,373,,,,,,,,,,,,,,,,,,,0,,,
16939,"Quiché",14,"Zacualpa",4,2547,380,,,,,,,,,,,,,,,,,,,0,,,
16940,"Quiché",14,"Zacualpa",4,2547,380,,,,,,,,,,,,,,,,,,,0,,,
16941,"Quiché",14,"Zacualpa",4,2547,380,121,102,33,1,0,257,4,1,262,0,262,--,380,118,257,262,262,Algún campo sin dato,1,d970f659148c624d6a04ffa8c10395de4978d7d0d3b34153c061246930f04b0f,26/06/2023 00:03:40,ESCANER
16942,"Quiché",14,"Zacualpa",4,2547,304,115,61,26,1,0,203,0,1,204,0,204,--,304,100,203,204,204,Algún campo sin dato,1,f7491718f8440cf8cfcdbef8485588ee3097c1c2b3fb2ee73edf8779586c1422,25/06/2023 23:58:39,ESCANER
16943,"Quiché",14,"Zacualpa",4,2547,304,100,87,31,1,2,221,1,1,223,0,223,--,304,81,221,223,223,Algún campo sin dato,1,2f5a24fc8d83e6a28c46753e424a5995db8da3001fd464c77970d9792181d699,25/06/2023 21:56:15,ESCANER
16944,"Quiché",14,"Zacualpa",4,2548,347,3,34,9,1,0,47,2,0,49,0,49,--,347,298,47,49,49,Algún campo sin dato,1,3f71d51a1779431ba2b657822c2fd6d1d7a01dd0f6bcb26b37351dd76dec4ed7,25/06/2023 22:33:14,ESCANER