﻿TIPO_DE_ELECCIÓN:,CORPORACIÓN MUNICIPAL
26 junio 2023 00:25 (UTC -6)
ACTAS_ESPERADAS,ACTAS_CAPTURADAS,PORCENTAJE_ACTAS_CAPTURADAS,ACTAS_CONTABILIZADAS,PORCENTAJE_ACTAS_CONTABILIZADAS,ACTAS_NO_CONTABILIZADAS,LISTA_NOMINAL_ACTAS_CONTABILIZADAS,VOTOS_EMITIDOS_CONTABILIZADAS,PORCENTAJE_PARTICIPACIÓN_CIUDADANA
32,14,43.7500,14,43.7500,0,5501,3762,68.3875

MESA,DEPARTAMENTO,ID_DEPARTAMENTO,MUNICIPIO,ID_MUNICIPIO,CENTRO_DE_VOTACIÓN,PADRÓN,CABAL,UNE,MLP,PPN,ELEFANTE,VAMOS,AZUL,MI FAMILIA,UR,CREO,VIVA,VALOR UNIONISTA,VÁLIDOS,NULOS,BLANCO,EMITIDOS,INVÁLIDOS,TOTAL,IMPUGNACIONES,PAPELETAS-RECIBIDAS,PAPELETAS-NO-USADAS,VALIDOS_CALCULADO,EMITIDOS_CALCULADO,TOTAL_CALCULADO,OBSERVACIONES,CONTABILIZADA,CÓDIGO_INTEGRIDAD,FECHA_HORA_PUBLICACIÓN,DIGITALIZACIÓN
5827,"Sacatepéquez",2,"Alotenango",14,606,400,,,,,,,,,,,,,,,,,,,,,,,,,,0,,,
5828,"Sacatepéquez",2,"Alotenango",14,606,400,34,29,1,43,70,39,5,8,6,13,9,1,258,14,2,274,0,274,--,400,126,258,274,274,Algún campo sin dato,1,a7970ca11c141791d6932b8c5eb430a47a72cf6df0dd32f66767d2cef8b67b31,25/06/2023 23:10:12,ESCANER
5829,"Sacatepéquez",2,"Alotenango",14,606,400,,,,,,,,,,,,,,,,,,,,,,,,,,0,,,
5830,"Sacatepéquez",2,"Alotenango",14,606,400,35,24,3,33,63,59,5,4,2,18,8,5,259,10,10,279,0,279,--,400,121,259,279,279,Algún campo sin dato,1,844a73a205bef9a203fe63286afd29dd03f5a42edc2ad3c1774191eb337c0ee9,26/06/2023 00:05:07,ESCANER
5831,"Sacatepéquez",2,"Alotenango",14,606,400,,,,,,,,,,,,,,,,,,,,,,,,,,0,,,
5832,"Sacatepéquez",2,"Alotenango",14,606,400,51,27,3,20,78,40,6,6,3,30,6,3,273,12,7,292,0,292,--,400,108,273,292,292,Algún campo sin dato,1,e9b7b5d96aa21accdac70d3f5e1680b2ea18e31a652f0ff0bbb33e4340d4bef2,25/06/2023 23:24:53,ESCANER
5833,"Sacatepéquez",2,"Alotenango",14,606,400,46,34,0,39,82,42,3,11,0,18,6,4,285,8,4,297,0,297,--,399,102,285,297,297,Algún campo sin dato,1,01422497b1fa2a730580f9d4ddf2bcf2128d51adec0a45d458beeb692aea12c2,26/06/2023 00:04:06,ESCANER
5834,"Sacatepéquez",2,"Alotenango",14,606,400,,,,,,,,,,,,,,,,,,,,,,,,,,0,,,
5835,"Sacatepéquez",2,"Alotenango",14,606,400,,,,,,,,,,,,,,,,,,,,,,,,,,0,,,
5836,"Sacatepéquez",2,"Alotenango",14,606,400,42,48,1,13,75,42,4,9,2,23,7,3,269,14,11,294,--,--,--,400,106,269,294,294,Algún campo sin dato,1,b9fb981e456937865404036c4d2f45536f51255cf637838571f078a3478db731,25/06/2023 23:56:40,ESCANER
5837,"Sacatepéquez",2,"Alotenango",14,606,400,39,39,4,27,63,58,4,10,1,25,6,3,279,15,12,306,0,306,--,400,94,279,306,306,Algún campo sin dato,1,e6018f58bae5a315fe1deac75c3d45b8b94e6a735d3489cb797fcfa40e27953a,25/06/2023 23:52:25,ESCANER
5838,"Sacatepéquez",2,"Alotenango",14,606,400,47,38,3,25,51,71,6,2,5,26,5,4,283,15,1,299,0,299,--,400,101,283,299,299,Algún campo sin dato,1,2eed7a11f4544044a11b59df57b15d519e8b567b00c7a6d087af300960e2272c,25/06/2023 22:59:34,ESCANER
5839,"Sacatepéquez",2,"Alotenango",14,607,400,,,,,,,,,,,,,,,,,,,,,,,,,,0,,,
5840,"Sacatepéquez",2,"Alotenango",14,607,400,,,,,,,,,,,,,,,,,,,,,,,,,,0,,,
5841,"Sacatepéquez",2,"Alotenango",14,607,400,,,,,,,,,,,,,,,,,,,,,,,,,,0,,,
5842,"Sacatepéquez",2,"Alotenango",14,607,400,,,,,,,,,,,,,,,,,,,,,,,,,,0,,,
5843,"Sacatepéquez",2,"Alotenango",14,608,400,44,37,5,31,51,46,7,5,1,23,9,9,268,10,2,280,0,280,--,400,120,268,280,280,Algún campo sin dato,1,83c2718ca6527a0c47b65ff436c82f8fc2daa5896915386521e019090902183b,26/06/2023 00:11:54,ESCANER
5844,"Sacatepéquez",2,"Alotenango",14,608,400,,,,,,,,,,,,,,,,,,,,,,,,,,0,,,
5845,"Sacatepéquez",2,"Alotenango",14,608,400,42,18,1,35,62,47,9,11,1,19,8,7,260,11,1,272,0,272,--,398,126,260,272,272,Algún campo sin dato,1,95a137e2b70086a99960341d206925ab0fc8ebea815fb9f7192b984fd0814b57,25/06/2023 23:50:00,ESCANER
5846,"Sacatepéquez",2,"Alotenango",14,608,400,43,27,3,35,57,47,6,6,3,24,4,9,264,10,3,277,0,277,--,400,123,264,277,277,Algún campo sin dato,1,e181a440e493e6363e6887067f93b1c281fcabae3a122548eeea44f1b1cb4e4e,25/06/2023 21:55:18,ESCANER
5847,"Sacatepéquez",2,"Alotenango",14,608,400,,,,,,,,,,,,,,,,,,,,,,,,,,0,,,
5848,"Sacatepéquez",2,"Alotenango",14,608,400,,,,,,,,,,,,,,,,,,,,,,,,,,0,,,
5849,"Sacatepéquez",2,"Alotenango",14,609,400,,,,,,,,,,,,,,,,,,,,,,,,,,0,,,
5850,"Sacatepéquez",2,"Alotenango",14,609,400,,,,,,,,,,,,,,,,,,,,,,,,,,0,,,
5851,"Sacatepéquez",2,"Alotenango",14,609,400,,,,,,,,,,,,,,,,,,,,,,,,,,0,,,
5852,"Sacatepéquez",2,"Alotenango",14,609,400,,,,,,,,,,,,,,,,,,,,,,,,,,0,,,
5853,"Sacatepéquez",2,"Alotenango",14,609,400,67,16,7,27,71,46,3,5,2,25,4,9,282,7,2,291,0,291,--,400,109,282,291,291,Algún campo sin dato,1,8697ef7a38403e4439601d71d43151f9d7341ba7f4ec09c4d34c641150667093,25/06/2023 23:54:39,ESCANER
5854,"Sacatepéquez",2,"Alotenango",14,609,400,,,,,,,,,,,,,,,,,,,,,,,,,,0,,,
5855,"Sacatepéquez",2,"Alotenango",14,609,275,35,27,1,25,34,22,3,7,1,13,4,6,178,4,3,185,0,185,--,275,90,178,185,185,Algún campo sin dato,1,bd17933b0ae9986e97a29ef2f967b3808672d9532cf4dc283799f35bd4360737,25/06/2023 22:38:07,ESCANER
5856,"Sacatepéquez",2,"Alotenango",14,609,274,36,16,1,26,35,25,2,7,1,14,4,4,171,2,1,174,0,--,--,274,100,171,174,174,Algún campo sin dato,1,acba0094c82af6e21b0c69f010268ae910f2837b38a637b4247b39d0e5e78184,25/06/2023 23:22:18,ESCANER
5857,"Sacatepéquez",2,"Alotenango",14,610,552,,,,,,,,,,,,,,,,,,,,,,,,,,0,,,
5858,"Sacatepéquez",2,"Alotenango",14,610,552,33,25,4,24,53,45,4,5,4,15,5,3,220,17,5,242,0,242,--,549,307,220,242,242,Algún campo sin dato,1,b913ae61349fb11ff690458d6c8ce7c4048e289e34a006a0ddec27448bf4fedb,26/06/2023 00:12:17,ESCANER