﻿TIPO_DE_ELECCIÓN:,CORPORACIÓN MUNICIPAL
26 junio 2023 00:25 (UTC -6)
ACTAS_ESPERADAS,ACTAS_CAPTURADAS,PORCENTAJE_ACTAS_CAPTURADAS,ACTAS_CONTABILIZADAS,PORCENTAJE_ACTAS_CONTABILIZADAS,ACTAS_NO_CONTABILIZADAS,LISTA_NOMINAL_ACTAS_CONTABILIZADAS,VOTOS_EMITIDOS_CONTABILIZADAS,PORCENTAJE_PARTICIPACIÓN_CIUDADANA
55,42,76.3636,42,76.3636,0,15174,10967,72.2749

MESA,DEPARTAMENTO,ID_DEPARTAMENTO,MUNICIPIO,ID_MUNICIPIO,CENTRO_DE_VOTACIÓN,PADRÓN,MLP,CABAL,AZUL,VAMOS,UNE,CAMBIO,VALOR,TODOS,VÁLIDOS,NULOS,BLANCO,EMITIDOS,INVÁLIDOS,TOTAL,IMPUGNACIONES,PAPELETAS-RECIBIDAS,PAPELETAS-NO-USADAS,VALIDOS_CALCULADO,EMITIDOS_CALCULADO,TOTAL_CALCULADO,OBSERVACIONES,CONTABILIZADA,CÓDIGO_INTEGRIDAD,FECHA_HORA_PUBLICACIÓN,DIGITALIZACIÓN
24104,"Jutiapa",22,"Comapa",11,3780,400,,,,,,,,,,,,,,,,,,,,,,0,,,
24105,"Jutiapa",22,"Comapa",11,3780,400,,,,,,,,,,,,,,,,,,,,,,0,,,
24106,"Jutiapa",22,"Comapa",11,3780,400,0,141,0,140,10,0,27,0,318,12,2,332,0,332,--,400,68,318,332,332,Algún campo sin dato,1,e3af62d68094c80aa875c77522a6c1605d8479334c85177cde6f038e4f78f578,25/06/2023 23:47:05,ESCANER
24107,"Jutiapa",22,"Comapa",11,3780,400,1,124,5,120,12,2,24,1,289,7,0,296,0,296,--,400,104,289,296,296,Algún campo sin dato,1,fe53ee3b50115b85ccf37c12a166371cc42a8003d9694b528dd3e6ad3fd17dd4,25/06/2023 22:44:22,ESCANER
24108,"Jutiapa",22,"Comapa",11,3780,400,0,104,3,120,8,3,22,3,263,4,1,268,0,268,--,400,132,263,268,268,Algún campo sin dato,1,97692860c686c97ce0efa1d32a5a49258a52f788e1809b6a1d2801aff548c54b,25/06/2023 23:09:02,ESCANER
24109,"Jutiapa",22,"Comapa",11,3780,296,0,85,1,94,6,1,22,3,212,3,1,216,0,216,--,296,80,212,216,216,Algún campo sin dato,1,88878ec748db564d80c170c2c495e2ab9fa882c8e47449a2333ff7ffbf963af7,25/06/2023 23:22:28,ESCANER
24110,"Jutiapa",22,"Comapa",11,3780,295,0,75,3,98,8,3,21,2,210,3,0,213,0,213,--,295,82,210,213,213,Algún campo sin dato,1,cb0a099abfe07bc160f92968bf77b8c2f4d81d8edc629b8f9499387bb02a16ca,25/06/2023 21:04:23,ESCANER
24111,"Jutiapa",22,"Comapa",11,3781,400,9,112,7,121,8,4,11,6,278,19,6,303,0,303,--,400,97,278,303,303,Algún campo sin dato,1,b581e6ed504438a5421e4ac75f7d3f71f570d4295f16d263a6a206628b6eef18,25/06/2023 23:16:53,ESCANER
24112,"Jutiapa",22,"Comapa",11,3781,400,2,154,1,141,4,5,13,1,321,24,5,350,0,350,--,400,50,321,350,350,Algún campo sin dato,1,59f3210944ea44d15b8c96687f16d573fc09f6cc858e27b33ee55d23d5afddc1,25/06/2023 23:38:05,ESCANER
24113,"Jutiapa",22,"Comapa",11,3781,400,5,137,4,152,13,1,19,3,334,13,7,354,1,355,--,400,45,334,354,355,Algún campo sin dato,1,a3396168d7c7d847b8ab4b9c00fd4f06d4b77867b79e1c4bd0e7a837529f24cc,25/06/2023 22:09:21,ESCANER
24114,"Jutiapa",22,"Comapa",11,3781,400,3,124,3,139,9,2,11,11,302,22,7,331,0,331,--,400,69,302,331,331,Algún campo sin dato,1,a8d811968631516fd57e288ac12b141039111bf7d5c34ec949e8c3cab62a9942,25/06/2023 22:59:02,ESCANER
24115,"Jutiapa",22,"Comapa",11,3781,400,6,84,7,192,16,0,15,4,324,15,5,344,0,344,--,400,56,324,344,344,Algún campo sin dato,1,9b7b0664eb6f727dbccd19cd24e76b440d346a4d5e011faf93f20a82e9c5e2a7,25/06/2023 23:30:08,ESCANER
24116,"Jutiapa",22,"Comapa",11,3781,400,11,100,5,140,18,3,11,6,294,14,4,312,0,312,1,400,88,294,312,312,,1,54f2b38c61d2e4d65324b58ba90f6677fb142bfed41aaf2ffdec8d0e0980fbdc,25/06/2023 23:55:02,ESCANER
24117,"Jutiapa",22,"Comapa",11,3782,400,5,97,4,133,8,4,20,12,283,4,1,288,0,288,0,--,--,283,288,288,Algún campo sin dato,1,3c4ca426224ed8b45ba04c9e253b52435de95ee68e637808282115c7535ff3bc,25/06/2023 22:26:39,ESCANER
24118,"Jutiapa",22,"Comapa",11,3782,400,1,85,7,121,15,2,24,6,261,16,2,279,0,279,--,400,121,261,279,279,Algún campo sin dato,1,a39f3810b412335b49b9c4719309fc526d5eaf7f2b982d87d8d6ad6143f5d451,26/06/2023 00:02:40,ESCANER
24119,"Jutiapa",22,"Comapa",11,3782,400,2,124,1,121,9,1,20,4,282,3,1,286,0,286,--,400,114,282,286,286,Algún campo sin dato,1,ff41cc9f1d86a103d90e79c99bde380def17e26b7aedca4fd8cba8458f4b6fb5,25/06/2023 22:33:04,ESCANER
24120,"Jutiapa",22,"Comapa",11,3782,400,2,99,5,116,6,2,20,6,256,7,3,266,0,266,--,400,134,256,266,266,Algún campo sin dato,1,1fbb7e397126139d09575ac1ce59589396e24cbef18ed6fc036384801e95fb2a,25/06/2023 22:15:52,ESCANER
24121,"Jutiapa",22,"Comapa",11,3783,289,0,85,1,101,4,1,13,2,207,5,1,213,0,213,0,289,76,207,213,213,,1,058ce4b56d10ab67012a16cebdf0c40d5154595e552be7f82f32a8870dfab17f,25/06/2023 23:38:15,ESCANER
24122,"Jutiapa",22,"Comapa",11,3783,289,0,92,0,87,7,3,12,3,204,2,5,211,0,211,--,289,78,204,211,211,Algún campo sin dato,1,f43584e35f372d119059bbd95c66cca8d18e5c31c546499e19fe6baac364a316,25/06/2023 23:12:46,ESCANER
24123,"Jutiapa",22,"Comapa",11,3784,400,,,,,,,,,,,,,,,,,,,,,,0,,,
24124,"Jutiapa",22,"Comapa",11,3784,400,,,,,,,,,,,,,,,,,,,,,,0,,,
24125,"Jutiapa",22,"Comapa",11,3784,400,2,79,4,191,27,2,15,0,320,17,8,345,0,345,--,400,55,320,345,345,Algún campo sin dato,1,6f5b917765f1478c059af490f18a945c1e7edf7e9fea1184ab2d44b4692dbcc7,26/06/2023 00:07:55,ESCANER
24126,"Jutiapa",22,"Comapa",11,3784,400,4,93,2,172,25,4,17,2,319,26,8,353,0,353,--,400,47,319,353,353,Algún campo sin dato,1,9e0fc0e8256af0e9e3c927dfc9847de413c242f7e1d0f282e3e505dec4847dc9,25/06/2023 23:24:36,ESCANER
24127,"Jutiapa",22,"Comapa",11,3784,400,1,72,5,163,48,4,23,1,317,20,3,340,0,340,--,403,63,317,340,340,Algún campo sin dato,1,e2743f8ac2b1f19c088e60d02598b38cf6f0b7dc6f7499887be8c572c7fec7c4,25/06/2023 23:37:21,ESCANER
24128,"Jutiapa",22,"Comapa",11,3784,400,2,92,1,156,29,3,19,1,303,16,1,320,0,320,0,400,80,303,320,320,,1,d27d0bf2d2ec001a9d1593933bc8dafdec73335b272b74ce5ccc820e823d138e,25/06/2023 23:51:11,ESCANER
24129,"Jutiapa",22,"Comapa",11,3784,400,2,67,3,134,18,2,23,1,250,13,2,265,0,265,--,400,135,250,265,265,Algún campo sin dato,1,28b6d1abb70e6dfd183309c6156f7d811925e784179245dd6e5d38e158a8deb9,25/06/2023 22:35:57,ESCANER
24130,"Jutiapa",22,"Comapa",11,3784,400,,,,,,,,,,,,,,,,,,,,,,0,,,
24131,"Jutiapa",22,"Comapa",11,3784,400,,,,,,,,,,,,,,,,,,,,,,0,,,
24132,"Jutiapa",22,"Comapa",11,3784,248,,,,,,,,,,,,,,,,,,,,,,0,,,
24133,"Jutiapa",22,"Comapa",11,3784,248,0,44,1,109,13,1,9,1,178,5,1,184,0,184,--,248,64,178,184,184,Algún campo sin dato,1,a7e98d326582230e71f64697fc679f764b017c6b545f1d8470443f0e9f3796d5,26/06/2023 00:13:30,ESCANER
24134,"Jutiapa",22,"Comapa",11,3785,380,,,,,,,,,,,,,,,,,,,,,,0,,,
24135,"Jutiapa",22,"Comapa",11,3785,380,1,151,1,31,15,17,19,0,235,24,4,263,0,263,--,376,113,235,263,263,Algún campo sin dato,1,c335d9fa854fef0c1a7e864d500fb99d99ad6e3f6e49c9502dc5f8612748e29e,25/06/2023 23:32:57,ESCANER
24136,"Jutiapa",22,"Comapa",11,3785,380,0,147,1,44,13,8,60,0,273,23,6,302,0,302,--,380,78,273,302,302,Algún campo sin dato,1,22fb894fbe5d7e75bff39171336e5954ba6bc8181998e99b71b26212b25480ac,25/06/2023 23:28:25,ESCANER
24137,"Jutiapa",22,"Comapa",11,3785,380,1,81,3,79,15,4,91,0,274,22,10,306,0,306,--,380,74,274,306,306,Algún campo sin dato,1,d3ece48afc1ae62d83f9c6f0133b5423dd71cfc8f5b2a626b8a580ef1dfda1fc,26/06/2023 00:09:13,ESCANER
24138,"Jutiapa",22,"Comapa",11,3785,380,1,88,3,60,10,4,82,0,248,18,10,276,0,276,--,380,104,248,276,276,Algún campo sin dato,1,9871368165b87a0cdffec20b62c3a4e3621a02169c330f2a4cb9b6927507edf1,25/06/2023 23:09:15,ESCANER
24139,"Jutiapa",22,"Comapa",11,3785,380,1,106,0,62,6,5,56,1,237,7,7,251,0,251,--,380,129,237,251,251,Algún campo sin dato,1,47a327899c55b90df39b304b46f2a92829f921e54fc130c5b95428b0f5922d19,25/06/2023 23:49:50,ESCANER
24140,"Jutiapa",22,"Comapa",11,3785,380,1,98,1,50,10,5,58,0,223,16,1,240,0,240,--,380,140,223,240,240,Algún campo sin dato,1,61cf7721c1d9744686f6b21f86d416865475fed07669635c62fef07330ae5e24,25/06/2023 23:02:55,ESCANER
24141,"Jutiapa",22,"Comapa",11,3785,380,0,115,1,56,5,9,51,0,237,7,2,246,0,246,--,380,134,237,246,246,Algún campo sin dato,1,6452259d6247265f8050a886d5acb5a0f484b4f92ed240994b56f2b5fefd504d,25/06/2023 23:05:18,ESCANER
24142,"Jutiapa",22,"Comapa",11,3785,368,0,108,0,48,7,6,77,0,246,2,0,248,0,248,--,368,120,246,248,248,Algún campo sin dato,1,4d092e6904400e0f96375bf3bc311cfc929adab90a646ce997f7a658311b1a1f,25/06/2023 21:00:51,ESCANER
24143,"Jutiapa",22,"Comapa",11,3785,367,0,88,0,71,11,6,63,0,239,3,3,245,0,245,--,365,120,239,245,245,Algún campo sin dato,1,c3316687ec69e01936dc68a77dd565d9c26550400ee9584aafbec722764cf7c8,25/06/2023 22:00:48,ESCANER
24144,"Jutiapa",22,"Comapa",11,3786,380,0,69,4,127,10,3,12,2,227,15,5,247,0,248,1,381,133,227,247,247,Sumas Asentadas sin cuadrar,1,94d40ced6a74bca80ecb23c86e019a65ab66cafc38f08a7771ca5e427b448168,25/06/2023 23:26:04,ESCANER
24145,"Jutiapa",22,"Comapa",11,3786,380,1,80,3,140,16,1,18,0,259,32,7,298,0,298,--,379,81,259,298,298,Algún campo sin dato,1,971cde3fa68f49223282f72393769e5ec7551ef957549123314cebd4ef0c129a,25/06/2023 22:12:46,ESCANER
24146,"Jutiapa",22,"Comapa",11,3786,380,0,68,4,103,9,2,20,0,206,8,6,220,0,220,--,380,160,206,220,220,Algún campo sin dato,1,6fd9c4a1b0878214f5af1fe96952d0c08dd111ed12d7aeb7554f8a0c1e797930,26/06/2023 00:21:22,ESCANER
24147,"Jutiapa",22,"Comapa",11,3786,234,0,49,2,66,7,1,13,0,138,4,3,145,1,146,1,234,88,138,145,146,,1,677b9fc1f3c6842d3b724871aba2af2ea216124ab468e49b094170be3015c87e,25/06/2023 22:56:54,ESCANER
24148,"Jutiapa",22,"Comapa",11,3786,234,0,59,0,76,9,1,15,0,160,6,0,166,0,166,--,234,68,160,166,166,Algún campo sin dato,1,4dbe578c7d8736d433ee8ee94f9a9fc73c6fb280ec30f81f8f529a653bbd3bb8,25/06/2023 23:28:12,ESCANER
24149,"Jutiapa",22,"Comapa",11,3787,380,,,,,,,,,,,,,,,,,,,,,,0,,,
24150,"Jutiapa",22,"Comapa",11,3787,368,0,22,3,202,4,0,4,0,235,15,9,259,0,259,--,368,109,235,259,259,Algún campo sin dato,1,921c371db3453486d84c257a81856473ef7456124558181f04a506fe9ae24a08,25/06/2023 22:55:32,ESCANER
24151,"Jutiapa",22,"Comapa",11,3787,368,0,26,1,176,4,1,7,1,216,8,1,225,0,225,--,368,143,216,225,225,Algún campo sin dato,1,fae00e23f2a0cacc33e663be7def8524f6438e99072f1cca7ec1708ee1f49b44,25/06/2023 22:39:44,ESCANER
24152,"Jutiapa",22,"Comapa",11,3788,380,,,,,,,,,,,,,,,,,,,,,,0,,,
24153,"Jutiapa",22,"Comapa",11,3788,380,,,,,,,,,,,,,,,,,,,,,,0,,,
24154,"Jutiapa",22,"Comapa",11,3788,380,,,,,,,,,,,,,,,,,,,,,,0,,,
24155,"Jutiapa",22,"Comapa",11,3788,380,,,,,,,,,,,,,,,,,,,,,,0,,,
24156,"Jutiapa",22,"Comapa",11,3788,194,0,38,0,87,6,2,9,0,142,2,0,144,0,144,--,195,51,142,144,144,Algún campo sin dato,1,e4292c06420f344a1e004301daea11ec2dfcae62a87854a5dc3cd32add0adf18,25/06/2023 21:55:24,ESCANER
24157,"Jutiapa",22,"Comapa",11,3788,193,0,42,2,88,6,0,11,0,149,3,2,154,0,154,--,193,39,149,154,154,Algún campo sin dato,1,ffb696027aaa2675f8e1b083a43952bfaa2ab2832de5dbf30e526c71b2ba3762,25/06/2023 23:13:18,ESCANER
24158,"Jutiapa",22,"Comapa",11,3789,431,1,16,1,27,7,1,8,0,61,1,1,63,0,63,--,431,368,61,63,63,Algún campo sin dato,1,b2b35c780f847f234fe81875440ce36d39d96faaa30e944d21831761cdbfaa64,25/06/2023 21:38:27,ESCANER