﻿TIPO_DE_ELECCIÓN:,CORPORACIÓN MUNICIPAL
26 junio 2023 00:25 (UTC -6)
ACTAS_ESPERADAS,ACTAS_CAPTURADAS,PORCENTAJE_ACTAS_CAPTURADAS,ACTAS_CONTABILIZADAS,PORCENTAJE_ACTAS_CONTABILIZADAS,ACTAS_NO_CONTABILIZADAS,LISTA_NOMINAL_ACTAS_CONTABILIZADAS,VOTOS_EMITIDOS_CONTABILIZADAS,PORCENTAJE_PARTICIPACIÓN_CIUDADANA
111,43,38.7387,43,38.7387,0,15601,6214,39.8307

MESA,DEPARTAMENTO,ID_DEPARTAMENTO,MUNICIPIO,ID_MUNICIPIO,CENTRO_DE_VOTACIÓN,PADRÓN,UNE,MLP,VAMOS,CAMBIO,CABAL,AZUL,PODEMOS,VALOR UNIONISTA,VÁLIDOS,NULOS,BLANCO,EMITIDOS,INVÁLIDOS,TOTAL,IMPUGNACIONES,PAPELETAS-RECIBIDAS,PAPELETAS-NO-USADAS,VALIDOS_CALCULADO,EMITIDOS_CALCULADO,TOTAL_CALCULADO,OBSERVACIONES,CONTABILIZADA,CÓDIGO_INTEGRIDAD,FECHA_HORA_PUBLICACIÓN,DIGITALIZACIÓN
20556,"Petén",17,"La Libertad",5,3202,400,,,,,,,,,,,,,,,,,,,,,,0,,,
20557,"Petén",17,"La Libertad",5,3202,400,,,,,,,,,,,,,,,,,,,,,,0,,,
20558,"Petén",17,"La Libertad",5,3202,400,,,,,,,,,,,,,,,,,,,,,,0,,,
20559,"Petén",17,"La Libertad",5,3202,400,,,,,,,,,,,,,,,,,,,,,,0,,,
20560,"Petén",17,"La Libertad",5,3202,400,42,8,34,124,15,3,1,3,230,16,2,248,1,249,--,400,151,230,248,249,Algún campo sin dato,1,3d7eb1cce5259088646918bced6d9d30f54f5fb9f41c7a7b907b08bd070967f5,26/06/2023 00:21:52,ESCANER
20561,"Petén",17,"La Libertad",5,3202,400,,,,,,,,,,,,,,,,,,,,,,0,,,
20562,"Petén",17,"La Libertad",5,3202,400,,,,,,,,,,,,,,,,,,,,,,0,,,
20563,"Petén",17,"La Libertad",5,3202,400,,,,,,,,,,,,,,,,,,,,,,0,,,
20564,"Petén",17,"La Libertad",5,3202,400,,,,,,,,,,,,,,,,,,,,,,0,,,
20565,"Petén",17,"La Libertad",5,3202,400,,,,,,,,,,,,,,,,,,,,,,0,,,
20566,"Petén",17,"La Libertad",5,3202,400,26,8,29,113,10,3,0,1,190,8,2,200,0,200,--,400,200,190,200,200,Algún campo sin dato,1,ddf76e3411d5402fe231a58a1a58ce63d4d37239b44a3760c9cb13a214a61b43,25/06/2023 23:04:36,ESCANER
20567,"Petén",17,"La Libertad",5,3202,400,,,,,,,,,,,,,,,,,,,,,,0,,,
20568,"Petén",17,"La Libertad",5,3202,400,,,,,,,,,,,,,,,,,,,,,,0,,,
20569,"Petén",17,"La Libertad",5,3202,400,,,,,,,,,,,,,,,,,,,,,,0,,,
20570,"Petén",17,"La Libertad",5,3202,400,,,,,,,,,,,,,,,,,,,,,,0,,,
20571,"Petén",17,"La Libertad",5,3202,400,,,,,,,,,,,,,,,,,,,,,,0,,,
20572,"Petén",17,"La Libertad",5,3202,400,,,,,,,,,,,,,,,,,,,,,,0,,,
20573,"Petén",17,"La Libertad",5,3203,400,,,,,,,,,,,,,,,,,,,,,,0,,,
20574,"Petén",17,"La Libertad",5,3203,400,,,,,,,,,,,,,,,,,,,,,,0,,,
20575,"Petén",17,"La Libertad",5,3203,400,,,,,,,,,,,,,,,,,,,,,,0,,,
20576,"Petén",17,"La Libertad",5,3203,400,,,,,,,,,,,,,,,,,,,,,,0,,,
20577,"Petén",17,"La Libertad",5,3203,400,44,2,32,95,11,0,0,4,188,3,2,193,0,193,--,400,207,188,193,193,Algún campo sin dato,1,41266e49e5429e7baefb4930b458b7571fce1133eefcfe700c7f59d14304fdff,26/06/2023 00:14:58,ESCANER
20578,"Petén",17,"La Libertad",5,3203,400,,,,,,,,,,,,,,,,,,,,,,0,,,
20579,"Petén",17,"La Libertad",5,3203,400,40,3,23,105,15,2,0,1,189,2,0,191,0,191,--,400,209,189,191,191,Algún campo sin dato,1,2a5a43e4caab590bcc34be3ab4db325547dc092f68019517a9bbe9b9eefcc50b,25/06/2023 23:15:57,ESCANER
20580,"Petén",17,"La Libertad",5,3203,400,,,,,,,,,,,,,,,,,,,,,,0,,,
20581,"Petén",17,"La Libertad",5,3203,400,,,,,,,,,,,,,,,,,,,,,,0,,,
20582,"Petén",17,"La Libertad",5,3203,400,,,,,,,,,,,,,,,,,,,,,,0,,,
20583,"Petén",17,"La Libertad",5,3203,400,29,5,25,84,5,2,0,1,151,6,0,157,0,157,--,400,243,151,157,157,Algún campo sin dato,1,97ae84113cb37ece80acf4f1e90ad5c07dbac9c396bccb1fc5fbdd0d7b79109a,25/06/2023 22:27:14,ESCANER
20584,"Petén",17,"La Libertad",5,3203,400,,,,,,,,,,,,,,,,,,,,,,0,,,
20585,"Petén",17,"La Libertad",5,3203,297,,,,,,,,,,,,,,,,,,,,,,0,,,
20586,"Petén",17,"La Libertad",5,3203,297,24,2,21,50,10,1,0,5,113,2,2,117,0,117,--,299,182,113,117,117,Algún campo sin dato,1,f2d06237282dea688ef4c0d47ec7fac0c76997b3ade0a60930b95e02202fb67a,25/06/2023 22:10:07,ESCANER
20587,"Petén",17,"La Libertad",5,3204,380,,,,,,,,,,,,,,,,,,,,,,0,,,
20588,"Petén",17,"La Libertad",5,3204,380,,,,,,,,,,,,,,,,,,,,,,0,,,
20589,"Petén",17,"La Libertad",5,3204,380,,,,,,,,,,,,,,,,,,,,,,0,,,
20590,"Petén",17,"La Libertad",5,3204,380,43,3,49,35,29,1,0,1,161,13,3,177,0,177,--,380,203,161,177,177,Algún campo sin dato,1,d619e2499e06e11b057d3830f725c0e020cbcf36d9380cad9dca5f84459bb8af,25/06/2023 23:30:02,ESCANER
20591,"Petén",17,"La Libertad",5,3204,380,,,,,,,,,,,,,,,,,,,,,,0,,,
20592,"Petén",17,"La Libertad",5,3204,380,39,5,35,38,19,1,0,3,140,9,3,152,0,152,--,380,228,140,152,152,Algún campo sin dato,1,4aaf0ba6d8441fdbb25643ec83b88ecfebead540ed8db8c7c3b619d83e585009,25/06/2023 23:56:37,ESCANER
20593,"Petén",17,"La Libertad",5,3204,380,,,,,,,,,,,,,,,,,,,,,,0,,,
20594,"Petén",17,"La Libertad",5,3204,380,50,5,33,34,19,2,1,0,144,15,6,165,0,165,--,380,215,144,165,165,Algún campo sin dato,1,80e64c305d6c054e45aee59c657eda89a34f13e84def200f5c8d9d8c8c497a81,25/06/2023 22:51:03,ESCANER
20595,"Petén",17,"La Libertad",5,3204,380,,,,,,,,,,,,,,,,,,,,,,0,,,
20596,"Petén",17,"La Libertad",5,3204,380,56,5,37,33,15,2,0,1,149,13,0,162,0,162,--,380,218,149,162,162,Algún campo sin dato,1,a0a54fde7bc70957d5e3c0994b495f7dbfec711b17277e58a7082b324e887278,25/06/2023 22:58:12,ESCANER
20597,"Petén",17,"La Libertad",5,3204,380,,,,,,,,,,,,,,,,,,,,,,0,,,
20598,"Petén",17,"La Libertad",5,3204,380,,,,,,,,,,,,,,,,,,,,,,0,,,
20599,"Petén",17,"La Libertad",5,3204,380,,,,,,,,,,,,,,,,,,,,,,0,,,
20600,"Petén",17,"La Libertad",5,3204,380,46,2,40,29,19,0,0,0,136,7,5,148,0,148,--,380,232,136,148,148,Algún campo sin dato,1,937baac1659aaabf0a3715fe47b8680cb8a3248e44e4728ea48817497f271973,26/06/2023 00:20:37,ESCANER
20601,"Petén",17,"La Libertad",5,3204,380,,,,,,,,,,,,,,,,,,,,,,0,,,
20602,"Petén",17,"La Libertad",5,3204,380,,,,,,,,,,,,,,,,,,,,,,0,,,
20603,"Petén",17,"La Libertad",5,3204,380,,,,,,,,,,,,,,,,,,,,,,0,,,
20604,"Petén",17,"La Libertad",5,3204,380,,,,,,,,,,,,,,,,,,,,,,0,,,
20605,"Petén",17,"La Libertad",5,3204,380,,,,,,,,,,,,,,,,,,,,,,0,,,
20606,"Petén",17,"La Libertad",5,3204,380,41,0,37,40,27,0,0,2,147,6,0,153,0,153,--,380,227,147,153,153,Algún campo sin dato,1,d670481356aa9ec8a31ec7c637eeae7bcc5d642e2e8913c69fe7a98011516b93,25/06/2023 23:13:46,ESCANER
20607,"Petén",17,"La Libertad",5,3204,282,,,,,,,,,,,,,,,,,,,,,,0,,,
20608,"Petén",17,"La Libertad",5,3204,281,14,0,21,18,11,0,0,0,64,5,1,70,0,70,--,278,208,64,70,70,Algún campo sin dato,1,cd55ccefbee0f36d18a75f0a7f03df24c2b766d4129077e54a69b85093febb94,25/06/2023 22:11:30,ESCANER
20609,"Petén",17,"La Libertad",5,3205,380,,,,,,,,,,,,,,,,,,,,,,0,,,
20610,"Petén",17,"La Libertad",5,3205,380,,,,,,,,,,,,,,,,,,,,,,0,,,
20611,"Petén",17,"La Libertad",5,3205,380,,,,,,,,,,,,,,,,,,,,,,0,,,
20612,"Petén",17,"La Libertad",5,3205,380,34,4,16,61,13,0,0,5,133,8,2,143,0,143,--,380,237,133,143,143,Algún campo sin dato,1,2c386c3b9460b15aa506f8875fbf1b2c2f93047eb629a14f19b378d5c016a024,25/06/2023 23:40:32,ESCANER
20613,"Petén",17,"La Libertad",5,3205,380,49,0,14,67,18,0,0,2,150,13,3,166,0,166,--,380,214,150,166,166,Algún campo sin dato,1,26abdb6c7ec078ae2cf511afe6005c62f57a033352f6b0fabce1987fed81c986,25/06/2023 22:00:16,ESCANER
20614,"Petén",17,"La Libertad",5,3205,380,50,3,21,51,16,1,0,5,147,8,1,156,0,156,--,379,223,147,156,156,Algún campo sin dato,1,0b0730ce08a1f6e6ad0ee1677c40032c3ee09ed52614ff01b616272a11276c1d,25/06/2023 23:49:03,ESCANER
20615,"Petén",17,"La Libertad",5,3205,380,44,5,23,45,16,2,1,6,142,16,5,163,0,163,--,380,217,142,163,163,Algún campo sin dato,1,3fe53ec2b25f2015b7d72ef8676078c9ce47c76ad1d90a4a8a639c16a3e938f5,25/06/2023 23:55:47,ESCANER
20616,"Petén",17,"La Libertad",5,3205,380,53,4,7,55,19,0,1,6,145,15,4,164,0,164,--,377,213,145,164,164,Algún campo sin dato,1,d7dc07cbdeb30c0fc602d52699f9c54c8912030627388bd948003859aa6de88b,25/06/2023 22:51:29,ESCANER
20617,"Petén",17,"La Libertad",5,3205,380,,,,,,,,,,,,,,,,,,,,,,0,,,
20618,"Petén",17,"La Libertad",5,3205,380,51,1,16,53,16,3,0,4,144,14,3,161,0,161,--,380,219,144,161,161,Algún campo sin dato,1,5143810d8aad1daebbdcce31e7f66de48ffbcbc6baa201b918af7f755e3eaa58,25/06/2023 23:24:44,ESCANER
20619,"Petén",17,"La Libertad",5,3205,380,,,,,,,,,,,,,,,,,,,,,,0,,,
20620,"Petén",17,"La Libertad",5,3205,380,,,,,,,,,,,,,,,,,,,,,,0,,,
20621,"Petén",17,"La Libertad",5,3205,380,57,0,21,64,11,0,0,5,158,3,3,164,0,164,--,380,216,158,164,164,Algún campo sin dato,1,d359366064413381e33dc43b8d29dc66a3e690035acd905a5c150453e4035f49,25/06/2023 21:40:38,ESCANER
20622,"Petén",17,"La Libertad",5,3205,228,36,0,4,32,2,0,0,5,79,1,2,82,0,82,--,227,145,79,82,82,Algún campo sin dato,1,c6671f0f6caf8978f0469ae4f7759666e54f03d6777fcc2acb85868213e99e29,25/06/2023 21:06:11,ESCANER
20623,"Petén",17,"La Libertad",5,3205,227,28,0,7,31,7,0,0,4,88,8,3,88,0,88,--,227,139,77,88,88,Sumas Asentadas sin cuadrar,1,aaaf5aa2df737ca2a3eddacb5dfb930ef21a0f10efd41906262ff5cfc2f6a548,25/06/2023 21:29:32,ESCANER
20624,"Petén",17,"La Libertad",5,3206,380,67,5,14,24,34,2,0,2,148,21,6,175,0,175,0,380,205,148,175,175,,1,ac63bfceb463de65e8796ec75b816bbf3383d7ce2a618859d8688a58fcae1b8e,25/06/2023 21:14:26,ESCANER
20625,"Petén",17,"La Libertad",5,3206,380,,,,,,,,,,,,,,,,,,,,,,0,,,
20626,"Petén",17,"La Libertad",5,3206,380,57,6,28,50,41,2,1,1,186,13,3,202,0,202,--,380,178,186,202,202,Algún campo sin dato,1,c5fbda25fcc5594600c61668d89b736953582ff544cfa514f020279a65156740,25/06/2023 21:26:11,ESCANER
20627,"Petén",17,"La Libertad",5,3206,380,,,,,,,,,,,,,,,,,,,,,,0,,,
20628,"Petén",17,"La Libertad",5,3206,380,,,,,,,,,,,,,,,,,,,,,,0,,,
20629,"Petén",17,"La Libertad",5,3206,380,72,3,20,21,33,1,0,3,153,20,2,175,0,175,--,380,205,153,175,175,Algún campo sin dato,1,f49ab614bb648adf158caa9492d8e064ba1fab208fac41317706639eab33a54b,25/06/2023 21:57:52,ESCANER
20630,"Petén",17,"La Libertad",5,3206,380,,,,,,,,,,,,,,,,,,,,,,0,,,
20631,"Petén",17,"La Libertad",5,3206,380,70,1,20,23,38,0,1,0,153,13,6,172,0,172,--,380,208,153,172,172,Algún campo sin dato,1,515e8d4f698debfeea550fca8ad7fa601944289f3185abbf1fe8e3c7a087b586,25/06/2023 22:56:35,ESCANER
20632,"Petén",17,"La Libertad",5,3206,380,,,,,,,,,,,,,,,,,,,,,,0,,,
20633,"Petén",17,"La Libertad",5,3206,380,68,1,9,29,39,0,0,1,147,13,4,164,0,164,--,--,--,147,164,164,Algún campo sin dato,1,b99e616350dc2c1f8810af29718e41673429c59b8f070c0da0847b677ad4559b,25/06/2023 23:29:31,ESCANER
20634,"Petén",17,"La Libertad",5,3206,380,,,,,,,,,,,,,,,,,,,,,,0,,,
20635,"Petén",17,"La Libertad",5,3206,380,,,,,,,,,,,,,,,,,,,,,,0,,,
20636,"Petén",17,"La Libertad",5,3206,380,61,2,14,25,41,0,0,2,145,13,1,159,0,159,--,380,221,145,159,159,Algún campo sin dato,1,58642b5e00f2592d178c7a5e589f78b460fd8c1d3ff1d4c6c3a87298d5e84b87,25/06/2023 22:41:19,ESCANER
20637,"Petén",17,"La Libertad",5,3206,380,,,,,,,,,,,,,,,,,,,,,,0,,,
20638,"Petén",17,"La Libertad",5,3206,380,68,0,12,37,32,0,1,0,150,3,0,153,0,153,--,380,227,150,153,153,Algún campo sin dato,1,c0245ab903969d85cf6e2a9e7ae24dc3fc795d55c2563664e9c3075ffc9803d0,25/06/2023 21:36:40,ESCANER
20639,"Petén",17,"La Libertad",5,3206,380,74,0,15,23,24,0,0,2,138,6,1,145,0,145,--,380,235,138,145,145,Algún campo sin dato,1,1808dc7e94741363cdda0677ba742120bf614e840a4da2a62772c88542eac7a0,25/06/2023 23:39:50,ESCANER
20640,"Petén",17,"La Libertad",5,3206,203,41,1,9,19,12,1,0,1,84,1,0,85,0,85,--,197,112,84,85,85,Algún campo sin dato,1,3e8efadaec51c33180409b5a58fe2b4f089a0dcb51f7acae4c19f961f97f6405,25/06/2023 23:44:57,ESCANER
20641,"Petén",17,"La Libertad",5,3206,203,22,1,8,21,10,0,0,1,63,6,8,77,0,77,--,195,118,63,77,77,Algún campo sin dato,1,723d392163af8c8511b87a961fe2082f3ef341d89e5cf0d4fd0d7fb107bb6f90,25/06/2023 21:13:58,ESCANER
20642,"Petén",17,"La Libertad",5,3207,380,79,3,8,54,20,3,0,2,169,17,9,195,0,195,--,380,185,169,195,195,Algún campo sin dato,1,8466c5414294bb646b7865731dcfb43929aaeccb3c76e2a905a008aa0ebb041b,25/06/2023 22:59:18,ESCANER
20643,"Petén",17,"La Libertad",5,3207,380,104,0,6,53,11,1,0,3,178,8,1,187,0,187,--,381,194,178,187,187,Algún campo sin dato,1,b8bc0776d7c956b2c226f1cc569a3fba5566a73c1e0f2829a8e3026ee3cf88a7,25/06/2023 22:11:53,ESCANER
20644,"Petén",17,"La Libertad",5,3207,380,86,1,11,53,32,1,0,1,185,10,6,201,0,201,--,381,180,185,201,201,Algún campo sin dato,1,4f78b60b1ae0f80f90532fafca8420cf45fa465f81587406e6b2ad56d53ce1dd,25/06/2023 22:48:32,ESCANER
20645,"Petén",17,"La Libertad",5,3207,283,60,0,10,55,12,1,0,3,141,6,2,149,0,149,--,281,132,141,149,149,Algún campo sin dato,1,e086a0e7f9d31c92ffd8d520afc8ded565ce4085e4d6b8edee11d0439866de60,25/06/2023 22:28:39,ESCANER
20646,"Petén",17,"La Libertad",5,3207,283,58,1,5,40,16,0,0,5,125,2,2,129,0,129,--,281,152,125,129,129,Algún campo sin dato,1,7ca126ee070298cd45746ae3a13997eeda2ba2bedfe5614106bb21e5fc8afded,25/06/2023 22:21:36,ESCANER
20647,"Petén",17,"La Libertad",5,3208,380,,,,,,,,,,,,,,,,,,,,,,0,,,
20648,"Petén",17,"La Libertad",5,3208,380,,,,,,,,,,,,,,,,,,,,,,0,,,
20649,"Petén",17,"La Libertad",5,3208,380,,,,,,,,,,,,,,,,,,,,,,0,,,
20650,"Petén",17,"La Libertad",5,3208,380,,,,,,,,,,,,,,,,,,,,,,0,,,
20651,"Petén",17,"La Libertad",5,3208,380,,,,,,,,,,,,,,,,,,,,,,0,,,
20652,"Petén",17,"La Libertad",5,3208,380,,,,,,,,,,,,,,,,,,,,,,0,,,
20653,"Petén",17,"La Libertad",5,3208,380,,,,,,,,,,,,,,,,,,,,,,0,,,
20654,"Petén",17,"La Libertad",5,3208,380,,,,,,,,,,,,,,,,,,,,,,0,,,
20655,"Petén",17,"La Libertad",5,3208,380,,,,,,,,,,,,,,,,,,,,,,0,,,
20656,"Petén",17,"La Libertad",5,3208,380,,,,,,,,,,,,,,,,,,,,,,0,,,
20657,"Petén",17,"La Libertad",5,3208,380,,,,,,,,,,,,,,,,,,,,,,0,,,
20658,"Petén",17,"La Libertad",5,3208,380,,,,,,,,,,,,,,,,,,,,,,0,,,
20659,"Petén",17,"La Libertad",5,3208,380,,,,,,,,,,,,,,,,,,,,,,0,,,
20660,"Petén",17,"La Libertad",5,3208,275,33,2,4,36,10,0,0,1,86,4,0,90,0,90,--,275,185,86,90,90,Algún campo sin dato,1,2c459217bb8d6b6671317dd12021a086b03ca6b30527f5f78f8a463333d59132,25/06/2023 23:57:56,ESCANER
20661,"Petén",17,"La Libertad",5,3208,275,27,3,3,31,16,0,0,1,81,7,3,91,0,91,--,275,184,81,91,91,Algún campo sin dato,1,b7096b235a6e52d6bbdefcbc73808fc356c3931a98dec0d51a3948e0e860917b,25/06/2023 22:39:24,ESCANER
20662,"Petén",17,"La Libertad",5,3209,291,,,,,,,,,,,,,,,,,,,,,,0,,,
20663,"Petén",17,"La Libertad",5,3209,291,79,1,15,21,10,0,0,1,127,6,2,135,0,135,--,289,154,127,135,135,Algún campo sin dato,1,452468c9dc2330ff605cf10446fb90de6e2aeaf9afc94de67775dcabcc02c291,26/06/2023 00:22:25,MOVIL
20664,"Petén",17,"La Libertad",5,3210,600,10,0,8,27,8,0,0,0,53,7,0,60,0,60,--,597,537,53,60,60,Algún campo sin dato,1,3de5f4fb2dc74fe6e5386ab2870c933ac6cef4892ca1d1629d6608bef4376041,25/06/2023 23:24:21,ESCANER
20665,"Petén",17,"La Libertad",5,3210,518,9,0,2,17,3,0,0,0,31,4,0,35,0,35,--,523,488,31,35,35,Algún campo sin dato,1,9b75022ca2d46f566c609877aa3356e8de25ef9a127ae66e8a7ddefd204deea0,25/06/2023 20:24:59,ESCANER
20666,"Petén",17,"La Libertad",5,3210,517,4,0,2,8,0,0,0,0,14,1,0,15,0,15,--,517,502,14,15,15,Algún campo sin dato,1,840f321f82fe68cbaeb756a567798ef14c124aa97a46306469b58370fca55dd1,25/06/2023 19:34:47,ESCANER