﻿TIPO_DE_ELECCIÓN:,CORPORACIÓN MUNICIPAL
26 junio 2023 00:25 (UTC -6)
ACTAS_ESPERADAS,ACTAS_CAPTURADAS,PORCENTAJE_ACTAS_CAPTURADAS,ACTAS_CONTABILIZADAS,PORCENTAJE_ACTAS_CONTABILIZADAS,ACTAS_NO_CONTABILIZADAS,LISTA_NOMINAL_ACTAS_CONTABILIZADAS,VOTOS_EMITIDOS_CONTABILIZADAS,PORCENTAJE_PARTICIPACIÓN_CIUDADANA
324,97,29.9382,97,29.9382,0,35827,19186,53.5517

MESA,DEPARTAMENTO,ID_DEPARTAMENTO,MUNICIPIO,ID_MUNICIPIO,CENTRO_DE_VOTACIÓN,PADRÓN,VAMOS,MLP,TODOS,UNE,VALOR,UR,CABAL,PPN,ELEFANTE,BIEN,VIVA,MI FAMILIA,PODEMOS,CAMBIO,VICTORIA,UNIONISTA,PR,P A N,AZUL,PHG,CREO,FCN-NACION,URNG-MAIZ WINAQ,VÁLIDOS,NULOS,BLANCO,EMITIDOS,INVÁLIDOS,TOTAL,IMPUGNACIONES,PAPELETAS-RECIBIDAS,PAPELETAS-NO-USADAS,VALIDOS_CALCULADO,EMITIDOS_CALCULADO,TOTAL_CALCULADO,OBSERVACIONES,CONTABILIZADA,CÓDIGO_INTEGRIDAD,FECHA_HORA_PUBLICACIÓN,DIGITALIZACIÓN
3541,"Guatemala",1,"San Juan Sacatepéquez",10,348,400,,,,,,,,,,,,,,,,,,,,,,,,,,,,,,,,,,,,,0,,,
3542,"Guatemala",1,"San Juan Sacatepéquez",10,348,400,,,,,,,,,,,,,,,,,,,,,,,,,,,,,,,,,,,,,0,,,
3543,"Guatemala",1,"San Juan Sacatepéquez",10,348,400,22,2,1,114,3,4,16,1,2,29,4,3,0,0,9,10,1,2,11,6,1,0,2,243,12,5,260,0,260,--,400,140,243,260,260,Algún campo sin dato,1,a45812f64040534259e3a1ccb788a0ba85e764e5077622bc7095dfbf090fe407,25/06/2023 23:28:49,ESCANER
3544,"Guatemala",1,"San Juan Sacatepéquez",10,348,400,,,,,,,,,,,,,,,,,,,,,,,,,,,,,,,,,,,,,0,,,
3545,"Guatemala",1,"San Juan Sacatepéquez",10,348,400,,,,,,,,,,,,,,,,,,,,,,,,,,,,,,,,,,,,,0,,,
3546,"Guatemala",1,"San Juan Sacatepéquez",10,348,400,,,,,,,,,,,,,,,,,,,,,,,,,,,,,,,,,,,,,0,,,
3547,"Guatemala",1,"San Juan Sacatepéquez",10,348,400,,,,,,,,,,,,,,,,,,,,,,,,,,,,,,,,,,,,,0,,,
3548,"Guatemala",1,"San Juan Sacatepéquez",10,348,400,,,,,,,,,,,,,,,,,,,,,,,,,,,,,,,,,,,,,0,,,
3549,"Guatemala",1,"San Juan Sacatepéquez",10,348,400,23,2,1,158,3,1,13,2,9,13,2,1,0,2,7,22,0,0,11,0,1,4,5,280,7,3,290,0,290,--,400,110,280,290,290,Algún campo sin dato,1,7d9f6ae31c42ea94d5e2530d2b6158ebc94af56809a6da4942b49e8cd36ac678,26/06/2023 00:07:32,ESCANER
3550,"Guatemala",1,"San Juan Sacatepéquez",10,348,400,,,,,,,,,,,,,,,,,,,,,,,,,,,,,,,,,,,,,0,,,
3551,"Guatemala",1,"San Juan Sacatepéquez",10,348,400,,,,,,,,,,,,,,,,,,,,,,,,,,,,,,,,,,,,,0,,,
3552,"Guatemala",1,"San Juan Sacatepéquez",10,348,400,24,1,0,144,2,1,7,2,2,23,3,0,0,1,10,12,1,0,6,6,1,2,2,250,8,2,260,0,260,--,400,140,250,260,260,Algún campo sin dato,1,2000d1daf2300f3932229a7c68f529b005d544848458076f2af7118bb671126a,26/06/2023 00:00:45,ESCANER
3553,"Guatemala",1,"San Juan Sacatepéquez",10,348,400,,,,,,,,,,,,,,,,,,,,,,,,,,,,,,,,,,,,,0,,,
3554,"Guatemala",1,"San Juan Sacatepéquez",10,348,400,,,,,,,,,,,,,,,,,,,,,,,,,,,,,,,,,,,,,0,,,
3555,"Guatemala",1,"San Juan Sacatepéquez",10,349,400,,,,,,,,,,,,,,,,,,,,,,,,,,,,,,,,,,,,,0,,,
3556,"Guatemala",1,"San Juan Sacatepéquez",10,349,400,,,,,,,,,,,,,,,,,,,,,,,,,,,,,,,,,,,,,0,,,
3557,"Guatemala",1,"San Juan Sacatepéquez",10,349,400,,,,,,,,,,,,,,,,,,,,,,,,,,,,,,,,,,,,,0,,,
3558,"Guatemala",1,"San Juan Sacatepéquez",10,349,400,,,,,,,,,,,,,,,,,,,,,,,,,,,,,,,,,,,,,0,,,
3559,"Guatemala",1,"San Juan Sacatepéquez",10,349,400,,,,,,,,,,,,,,,,,,,,,,,,,,,,,,,,,,,,,0,,,
3560,"Guatemala",1,"San Juan Sacatepéquez",10,349,400,24,2,0,146,6,5,12,4,2,15,5,0,1,1,9,11,0,3,5,4,0,2,2,259,11,4,274,0,274,--,400,126,259,274,274,Algún campo sin dato,1,053d0e4f3eb5acb42aa6a88ad7c8e4d3b9645f9a1cd9a0ba1bd6e71ad0879747,25/06/2023 23:35:56,ESCANER
3561,"Guatemala",1,"San Juan Sacatepéquez",10,349,400,31,0,1,105,3,0,11,0,5,12,4,1,0,2,10,17,1,0,19,0,0,4,3,229,11,4,244,0,244,--,400,156,229,244,244,Algún campo sin dato,1,d8f9628c9720e42d4f4d7c0afeec4038dc7435f6f9cfdff5f4b6528da9a547a3,26/06/2023 00:17:56,ESCANER
3562,"Guatemala",1,"San Juan Sacatepéquez",10,349,400,,,,,,,,,,,,,,,,,,,,,,,,,,,,,,,,,,,,,0,,,
3563,"Guatemala",1,"San Juan Sacatepéquez",10,349,400,,,,,,,,,,,,,,,,,,,,,,,,,,,,,,,,,,,,,0,,,
3564,"Guatemala",1,"San Juan Sacatepéquez",10,349,400,,,,,,,,,,,,,,,,,,,,,,,,,,,,,,,,,,,,,0,,,
3565,"Guatemala",1,"San Juan Sacatepéquez",10,349,400,20,0,1,118,2,3,6,2,4,15,4,2,1,2,5,12,2,2,7,5,0,3,5,221,8,0,229,0,229,--,400,171,221,229,229,Algún campo sin dato,1,2600fd2b44790d5e11db5cd32ede810a84f436451031569bfc7423ae49c91b63,26/06/2023 00:24:32,ESCANER
3566,"Guatemala",1,"San Juan Sacatepéquez",10,349,400,,,,,,,,,,,,,,,,,,,,,,,,,,,,,,,,,,,,,0,,,
3567,"Guatemala",1,"San Juan Sacatepéquez",10,349,400,22,3,3,123,1,5,11,4,5,13,2,3,0,1,3,20,1,0,17,3,0,1,2,243,7,0,250,0,250,--,400,150,243,250,250,Algún campo sin dato,1,087b82e5d9f069f5d7a3093df36cf1aae4df72777aa372e061382d570a7ffac0,26/06/2023 00:12:16,ESCANER
3568,"Guatemala",1,"San Juan Sacatepéquez",10,349,400,,,,,,,,,,,,,,,,,,,,,,,,,,,,,,,,,,,,,0,,,
3569,"Guatemala",1,"San Juan Sacatepéquez",10,349,400,24,4,0,85,1,3,16,2,5,14,0,0,0,0,4,18,1,0,13,3,0,4,8,205,6,0,211,170,381,--,--,--,205,211,381,Algún campo sin dato,1,49130c759931030b4dc8b18f8fe44d3f0a64d407282281c531d2e41c89fb7ab2,25/06/2023 22:24:05,ESCANER
3570,"Guatemala",1,"San Juan Sacatepéquez",10,349,400,19,1,1,135,1,4,13,1,2,17,0,3,0,1,6,18,2,0,8,0,0,2,4,238,5,0,243,0,243,--,400,157,238,243,243,Algún campo sin dato,1,4fcacafca410fea5deff83f4eef49be71d7a0651c73df85c4206193ed62cde37,25/06/2023 23:53:51,ESCANER
3571,"Guatemala",1,"San Juan Sacatepéquez",10,349,400,,,,,,,,,,,,,,,,,,,,,,,,,,,,,,,,,,,,,0,,,
3572,"Guatemala",1,"San Juan Sacatepéquez",10,349,400,,,,,,,,,,,,,,,,,,,,,,,,,,,,,,,,,,,,,0,,,
3573,"Guatemala",1,"San Juan Sacatepéquez",10,350,400,23,2,1,92,1,6,6,2,2,23,5,1,0,1,5,11,0,0,5,1,0,1,4,192,7,0,199,0,199,--,400,201,192,199,199,Algún campo sin dato,1,5a19e8376dce15b55974ee259155670e0be8ffbe4962f7807b527d2d44176ceb,25/06/2023 23:06:02,ESCANER
3574,"Guatemala",1,"San Juan Sacatepéquez",10,350,400,15,0,2,82,6,0,9,1,1,17,1,0,0,1,3,14,0,1,6,2,0,3,4,168,8,2,178,0,178,--,400,222,168,178,178,Algún campo sin dato,1,baa25613f422a2a0cd7cf4bdb982bb1b290ccfde1d196a717047630e9df84a4d,25/06/2023 23:34:34,ESCANER
3575,"Guatemala",1,"San Juan Sacatepéquez",10,350,335,,,,,,,,,,,,,,,,,,,,,,,,,,,,,,,,,,,,,0,,,
3576,"Guatemala",1,"San Juan Sacatepéquez",10,350,334,,,,,,,,,,,,,,,,,,,,,,,,,,,,,,,,,,,,,0,,,
3577,"Guatemala",1,"San Juan Sacatepéquez",10,351,400,,,,,,,,,,,,,,,,,,,,,,,,,,,,,,,,,,,,,0,,,
3578,"Guatemala",1,"San Juan Sacatepéquez",10,351,400,,,,,,,,,,,,,,,,,,,,,,,,,,,,,,,,,,,,,0,,,
3579,"Guatemala",1,"San Juan Sacatepéquez",10,351,400,,,,,,,,,,,,,,,,,,,,,,,,,,,,,,,,,,,,,0,,,
3580,"Guatemala",1,"San Juan Sacatepéquez",10,351,269,8,1,1,99,4,0,3,1,3,12,7,0,0,1,7,3,0,0,2,1,0,1,3,157,10,1,168,0,168,--,266,98,157,168,168,Algún campo sin dato,1,26d16b294779a94d673aedb3d682bd11ea067ac173b6afbad9e521da9243ca60,25/06/2023 23:51:11,ESCANER
3581,"Guatemala",1,"San Juan Sacatepéquez",10,351,269,,,,,,,,,,,,,,,,,,,,,,,,,,,,,,,,,,,,,0,,,
3582,"Guatemala",1,"San Juan Sacatepéquez",10,352,400,,,,,,,,,,,,,,,,,,,,,,,,,,,,,,,,,,,,,0,,,
3583,"Guatemala",1,"San Juan Sacatepéquez",10,352,400,,,,,,,,,,,,,,,,,,,,,,,,,,,,,,,,,,,,,0,,,
3584,"Guatemala",1,"San Juan Sacatepéquez",10,352,400,,,,,,,,,,,,,,,,,,,,,,,,,,,,,,,,,,,,,0,,,
3585,"Guatemala",1,"San Juan Sacatepéquez",10,352,400,,,,,,,,,,,,,,,,,,,,,,,,,,,,,,,,,,,,,0,,,
3586,"Guatemala",1,"San Juan Sacatepéquez",10,352,400,,,,,,,,,,,,,,,,,,,,,,,,,,,,,,,,,,,,,0,,,
3587,"Guatemala",1,"San Juan Sacatepéquez",10,352,400,,,,,,,,,,,,,,,,,,,,,,,,,,,,,,,,,,,,,0,,,
3588,"Guatemala",1,"San Juan Sacatepéquez",10,352,400,24,3,--,83,6,5,9,1,7,20,1,--,--,--,4,11,--,--,3,--,1,2,2,182,8,--,190,--,190,--,400,210,182,190,190,Algún campo sin dato,1,4de7946b6cd5ca73205ec666af63ff1072700ea5ee75ffbf60500cd0df7237f8,25/06/2023 23:24:44,ESCANER
3589,"Guatemala",1,"San Juan Sacatepéquez",10,352,289,,,,,,,,,,,,,,,,,,,,,,,,,,,,,,,,,,,,,0,,,
3590,"Guatemala",1,"San Juan Sacatepéquez",10,352,289,,,,,,,,,,,,,,,,,,,,,,,,,,,,,,,,,,,,,0,,,
3591,"Guatemala",1,"San Juan Sacatepéquez",10,353,400,,,,,,,,,,,,,,,,,,,,,,,,,,,,,,,,,,,,,0,,,
3592,"Guatemala",1,"San Juan Sacatepéquez",10,353,400,14,1,0,114,21,4,4,2,1,45,6,1,0,2,5,3,0,1,2,1,0,0,0,227,16,7,250,0,250,--,400,150,227,250,250,Algún campo sin dato,1,805f7b137794626b798984552124b5fb1696ef4186516345a46b41c0582194be,26/06/2023 00:10:47,ESCANER
3593,"Guatemala",1,"San Juan Sacatepéquez",10,353,400,,,,,,,,,,,,,,,,,,,,,,,,,,,,,,,,,,,,,0,,,
3594,"Guatemala",1,"San Juan Sacatepéquez",10,353,400,,,,,,,,,,,,,,,,,,,,,,,,,,,,,,,,,,,,,0,,,
3595,"Guatemala",1,"San Juan Sacatepéquez",10,353,400,,,,,,,,,,,,,,,,,,,,,,,,,,,,,,,,,,,,,0,,,
3596,"Guatemala",1,"San Juan Sacatepéquez",10,353,400,,,,,,,,,,,,,,,,,,,,,,,,,,,,,,,,,,,,,0,,,
3597,"Guatemala",1,"San Juan Sacatepéquez",10,353,400,,,,,,,,,,,,,,,,,,,,,,,,,,,,,,,,,,,,,0,,,
3598,"Guatemala",1,"San Juan Sacatepéquez",10,353,400,,,,,,,,,,,,,,,,,,,,,,,,,,,,,,,,,,,,,0,,,
3599,"Guatemala",1,"San Juan Sacatepéquez",10,353,363,,,,,,,,,,,,,,,,,,,,,,,,,,,,,,,,,,,,,0,,,
3600,"Guatemala",1,"San Juan Sacatepéquez",10,353,363,15,1,1,67,6,3,8,0,0,25,0,0,0,0,3,7,0,0,1,0,2,0,3,142,3,0,145,0,145,--,363,218,142,145,145,Algún campo sin dato,1,1911e3e22411acfafbf1c31d9278f80a06eb49923ee1d0c383aa1498ede184c1,25/06/2023 23:20:40,ESCANER
3601,"Guatemala",1,"San Juan Sacatepéquez",10,354,400,,,,,,,,,,,,,,,,,,,,,,,,,,,,,,,,,,,,,0,,,
3602,"Guatemala",1,"San Juan Sacatepéquez",10,354,400,,,,,,,,,,,,,,,,,,,,,,,,,,,,,,,,,,,,,0,,,
3603,"Guatemala",1,"San Juan Sacatepéquez",10,354,400,,,,,,,,,,,,,,,,,,,,,,,,,,,,,,,,,,,,,0,,,
3604,"Guatemala",1,"San Juan Sacatepéquez",10,354,400,,,,,,,,,,,,,,,,,,,,,,,,,,,,,,,,,,,,,0,,,
3605,"Guatemala",1,"San Juan Sacatepéquez",10,354,400,,,,,,,,,,,,,,,,,,,,,,,,,,,,,,,,,,,,,0,,,
3606,"Guatemala",1,"San Juan Sacatepéquez",10,354,400,,,,,,,,,,,,,,,,,,,,,,,,,,,,,,,,,,,,,0,,,
3607,"Guatemala",1,"San Juan Sacatepéquez",10,354,400,,,,,,,,,,,,,,,,,,,,,,,,,,,,,,,,,,,,,0,,,
3608,"Guatemala",1,"San Juan Sacatepéquez",10,354,400,,,,,,,,,,,,,,,,,,,,,,,,,,,,,,,,,,,,,0,,,
3609,"Guatemala",1,"San Juan Sacatepéquez",10,354,400,,,,,,,,,,,,,,,,,,,,,,,,,,,,,,,,,,,,,0,,,
3610,"Guatemala",1,"San Juan Sacatepéquez",10,354,400,,,,,,,,,,,,,,,,,,,,,,,,,,,,,,,,,,,,,0,,,
3611,"Guatemala",1,"San Juan Sacatepéquez",10,354,400,,,,,,,,,,,,,,,,,,,,,,,,,,,,,,,,,,,,,0,,,
3612,"Guatemala",1,"San Juan Sacatepéquez",10,354,400,,,,,,,,,,,,,,,,,,,,,,,,,,,,,,,,,,,,,0,,,
3613,"Guatemala",1,"San Juan Sacatepéquez",10,354,400,15,2,0,106,9,2,17,3,2,26,1,0,1,0,6,2,0,3,5,0,0,1,4,205,19,7,231,0,231,--,400,169,205,231,231,Algún campo sin dato,1,c9065db500bda3eb2bca03a876e0d0609d4870b9d12a40b9d26dc3b36d3519e5,26/06/2023 00:14:15,ESCANER
3614,"Guatemala",1,"San Juan Sacatepéquez",10,354,400,,,,,,,,,,,,,,,,,,,,,,,,,,,,,,,,,,,,,0,,,
3615,"Guatemala",1,"San Juan Sacatepéquez",10,354,400,,,,,,,,,,,,,,,,,,,,,,,,,,,,,,,,,,,,,0,,,
3616,"Guatemala",1,"San Juan Sacatepéquez",10,354,400,,,,,,,,,,,,,,,,,,,,,,,,,,,,,,,,,,,,,0,,,
3617,"Guatemala",1,"San Juan Sacatepéquez",10,354,400,,,,,,,,,,,,,,,,,,,,,,,,,,,,,,,,,,,,,0,,,
3618,"Guatemala",1,"San Juan Sacatepéquez",10,354,400,,,,,,,,,,,,,,,,,,,,,,,,,,,,,,,,,,,,,0,,,
3619,"Guatemala",1,"San Juan Sacatepéquez",10,354,290,9,1,1,51,2,1,8,1,0,13,0,1,0,0,1,3,0,0,0,0,0,0,0,92,7,1,100,0,100,--,290,190,92,100,100,Algún campo sin dato,1,bba0d17820eb06a3ab56df703d37c85f9a2d211779eacb33400040717305564a,25/06/2023 22:32:10,ESCANER
3620,"Guatemala",1,"San Juan Sacatepéquez",10,354,290,,,,,,,,,,,,,,,,,,,,,,,,,,,,,,,,,,,,,0,,,
3621,"Guatemala",1,"San Juan Sacatepéquez",10,355,400,,,,,,,,,,,,,,,,,,,,,,,,,,,,,,,,,,,,,0,,,
3622,"Guatemala",1,"San Juan Sacatepéquez",10,355,400,21,0,1,128,17,2,8,6,5,32,0,1,0,1,1,4,0,1,5,2,1,3,6,245,11,1,257,0,257,--,400,143,245,257,257,Algún campo sin dato,1,344f178a45c351f7abb28a5e010c639c251b536305bf0fd714ecfc0ad63ec466,25/06/2023 23:08:36,ESCANER
3623,"Guatemala",1,"San Juan Sacatepéquez",10,355,400,,,,,,,,,,,,,,,,,,,,,,,,,,,,,,,,,,,,,0,,,
3624,"Guatemala",1,"San Juan Sacatepéquez",10,355,400,,,,,,,,,,,,,,,,,,,,,,,,,,,,,,,,,,,,,0,,,
3625,"Guatemala",1,"San Juan Sacatepéquez",10,355,400,,,,,,,,,,,,,,,,,,,,,,,,,,,,,,,,,,,,,0,,,
3626,"Guatemala",1,"San Juan Sacatepéquez",10,355,400,,,,,,,,,,,,,,,,,,,,,,,,,,,,,,,,,,,,,0,,,
3627,"Guatemala",1,"San Juan Sacatepéquez",10,355,400,,,,,,,,,,,,,,,,,,,,,,,,,,,,,,,,,,,,,0,,,
3628,"Guatemala",1,"San Juan Sacatepéquez",10,355,253,14,0,0,83,2,0,3,1,3,15,2,0,0,0,0,3,0,0,1,0,0,0,1,128,3,0,131,0,131,--,253,122,128,131,131,Algún campo sin dato,1,b7b18e7143cffe87c2c61456bdbd2ae1f7d41053496a83c43acfb6847ac07e39,26/06/2023 00:17:22,ESCANER
3629,"Guatemala",1,"San Juan Sacatepéquez",10,355,252,26,0,0,45,7,1,3,0,1,9,2,0,0,1,0,1,0,0,2,0,0,0,1,99,3,1,103,0,103,--,249,146,99,103,103,Algún campo sin dato,1,a7bd98779ee2ed4b2037c9e3e6d700f4d19971a9fa75573b3a2ba2118e27c826,25/06/2023 23:42:22,ESCANER
3630,"Guatemala",1,"San Juan Sacatepéquez",10,356,380,,,,,,,,,,,,,,,,,,,,,,,,,,,,,,,,,,,,,0,,,
3631,"Guatemala",1,"San Juan Sacatepéquez",10,356,380,99,0,2,65,2,4,8,3,2,19,8,0,0,1,4,1,1,0,0,1,1,3,4,228,17,11,256,0,256,0,380,124,228,256,256,,1,45dc448666e47e063c60922d903dec4f9bb7b0a8004f248ddc706b535760b6be,26/06/2023 00:03:36,ESCANER
3632,"Guatemala",1,"San Juan Sacatepéquez",10,356,380,,,,,,,,,,,,,,,,,,,,,,,,,,,,,,,,,,,,,0,,,
3633,"Guatemala",1,"San Juan Sacatepéquez",10,356,380,,,,,,,,,,,,,,,,,,,,,,,,,,,,,,,,,,,,,0,,,
3634,"Guatemala",1,"San Juan Sacatepéquez",10,356,380,84,0,4,50,1,2,9,0,0,17,2,1,1,0,3,2,0,0,1,0,0,2,0,179,7,2,188,0,188,--,380,192,179,188,188,Algún campo sin dato,1,85cef1a882f31afcd98abbe7c3fd60e8f50b7c56154b2fd60cbc1a7ca6edf054,25/06/2023 23:45:57,ESCANER
3635,"Guatemala",1,"San Juan Sacatepéquez",10,356,380,61,0,1,49,6,0,9,4,1,16,8,0,1,2,4,0,1,0,2,0,0,1,1,167,19,5,191,189,380,--,380,189,167,191,380,Algún campo sin dato,1,47dbcb8ac8d004b59145c5f8c43f78e6ccef17fb40faf3b7064cbfc667cfb195,25/06/2023 22:29:15,ESCANER
3636,"Guatemala",1,"San Juan Sacatepéquez",10,356,380,70,0,0,59,3,3,8,0,4,13,4,2,0,0,5,2,1,1,0,0,0,1,0,176,15,5,196,0,196,--,380,184,176,196,196,Algún campo sin dato,1,604838d5c64e8d17e392f12324224093e53ac86d03529851560535fd4b7a5af5,25/06/2023 22:16:44,ESCANER
3637,"Guatemala",1,"San Juan Sacatepéquez",10,356,380,80,0,2,59,2,2,1,0,4,14,4,3,0,0,5,1,0,0,1,1,0,2,4,189,15,7,211,0,211,--,380,169,185,207,207,Sumas Asentadas sin cuadrar,1,aee5a2460b9341b0664fb41f82525a6fbc51735de8b04aaeaa1d2a0da8edf2a6,26/06/2023 00:23:32,ESCANER
3638,"Guatemala",1,"San Juan Sacatepéquez",10,356,380,77,0,1,54,3,2,11,0,2,22,6,3,2,0,1,1,0,0,3,0,0,1,1,190,14,8,212,0,212,--,380,168,190,212,212,Algún campo sin dato,1,773f7778e099336bcf6907ab17861d6729c6634b1e2291c06d3e18240bbadc94,25/06/2023 23:16:15,ESCANER
3639,"Guatemala",1,"San Juan Sacatepéquez",10,356,380,89,0,0,63,0,5,9,2,3,14,9,1,0,0,4,2,0,2,0,0,1,2,2,208,16,6,230,0,230,--,377,147,208,230,230,Algún campo sin dato,1,4a8f67191ad8b91c934de86d8597b2814b06c499b6c78e1b15b4df9d36633b46,25/06/2023 23:32:00,ESCANER
3640,"Guatemala",1,"San Juan Sacatepéquez",10,356,380,,,,,,,,,,,,,,,,,,,,,,,,,,,,,,,,,,,,,0,,,
3641,"Guatemala",1,"San Juan Sacatepéquez",10,357,380,,,,,,,,,,,,,,,,,,,,,,,,,,,,,,,,,,,,,0,,,
3642,"Guatemala",1,"San Juan Sacatepéquez",10,357,380,,,,,,,,,,,,,,,,,,,,,,,,,,,,,,,,,,,,,0,,,
3643,"Guatemala",1,"San Juan Sacatepéquez",10,357,380,,,,,,,,,,,,,,,,,,,,,,,,,,,,,,,,,,,,,0,,,
3644,"Guatemala",1,"San Juan Sacatepéquez",10,357,380,,,,,,,,,,,,,,,,,,,,,,,,,,,,,,,,,,,,,0,,,
3645,"Guatemala",1,"San Juan Sacatepéquez",10,357,380,,,,,,,,,,,,,,,,,,,,,,,,,,,,,,,,,,,,,0,,,
3646,"Guatemala",1,"San Juan Sacatepéquez",10,357,380,,,,,,,,,,,,,,,,,,,,,,,,,,,,,,,,,,,,,0,,,
3647,"Guatemala",1,"San Juan Sacatepéquez",10,358,380,70,1,1,53,3,2,7,1,1,18,6,0,0,0,3,0,1,2,3,0,0,1,1,174,10,6,190,0,190,--,377,187,174,190,190,Algún campo sin dato,1,c8226f57193664a475bd75a4eccd78b0f2f0745abd05bc40e74372f40af80d35,25/06/2023 23:20:46,ESCANER
3648,"Guatemala",1,"San Juan Sacatepéquez",10,358,380,,,,,,,,,,,,,,,,,,,,,,,,,,,,,,,,,,,,,0,,,
3649,"Guatemala",1,"San Juan Sacatepéquez",10,358,380,,,,,,,,,,,,,,,,,,,,,,,,,,,,,,,,,,,,,0,,,
3650,"Guatemala",1,"San Juan Sacatepéquez",10,359,380,82,3,1,44,1,0,6,0,0,16,2,2,0,0,2,3,0,0,1,1,0,0,3,167,5,4,176,0,176,--,380,204,167,176,176,Algún campo sin dato,1,c18632ffb4a0a30bf378b55934974254b53de2e8b0f3aebd8b2f4494d3bedb10,26/06/2023 00:12:03,ESCANER
3651,"Guatemala",1,"San Juan Sacatepéquez",10,359,380,72,0,1,49,1,0,7,0,2,19,6,2,0,0,4,1,0,0,0,0,0,1,0,165,2,0,167,0,167,--,380,213,165,167,167,Algún campo sin dato,1,bd8d94e201e357f47441824f4d09ecc784e63d2f59531fa53498af4e6ce77e9c,25/06/2023 23:55:53,ESCANER
3652,"Guatemala",1,"San Juan Sacatepéquez",10,359,380,80,0,1,41,1,3,1,0,3,16,3,1,1,1,2,1,0,0,0,0,0,0,2,157,11,0,168,0,168,--,377,209,157,168,168,Algún campo sin dato,1,73577becacfbd56bd7a4d3ab8624b65a5b85a436d341bf585474e7ed09d494c0,25/06/2023 23:24:14,ESCANER
3653,"Guatemala",1,"San Juan Sacatepéquez",10,359,380,68,0,0,34,0,0,4,1,0,14,3,3,0,0,2,0,0,0,2,1,0,1,3,136,4,0,140,0,140,--,380,240,136,140,140,Algún campo sin dato,1,411a533912bd7d22ebb9f50852587b77772ac5a4c06feccf5bafd98478b8ca46,25/06/2023 23:16:33,ESCANER
3654,"Guatemala",1,"San Juan Sacatepéquez",10,360,380,75,0,0,33,0,0,1,1,1,13,4,8,0,1,2,0,0,0,0,0,0,0,2,141,1,3,145,0,145,--,380,235,141,145,145,Algún campo sin dato,1,d03d97c3a7ba31a5001b15d461628053b641b05e197462f4b1712f6e849316f2,25/06/2023 22:30:31,ESCANER
3655,"Guatemala",1,"San Juan Sacatepéquez",10,360,297,58,2,0,16,0,1,2,1,2,5,1,2,0,0,2,1,0,0,0,0,0,0,0,93,5,0,98,0,98,--,297,199,93,98,98,Algún campo sin dato,1,fa19b1b6ed6c4eeafddc5725b9d5cb84e7e094b20cbfb954f43e53a329959aa4,25/06/2023 22:11:10,ESCANER
3656,"Guatemala",1,"San Juan Sacatepéquez",10,360,296,52,1,0,31,0,0,1,0,2,9,2,1,0,1,4,0,0,1,0,0,0,0,2,107,8,5,120,0,120,--,296,176,107,120,120,Algún campo sin dato,1,bc137e5bb43501c6e5c0542d0ad82d0d68e272cfeeb643bfae233d6e5b6a772c,25/06/2023 22:03:15,ESCANER
3657,"Guatemala",1,"San Juan Sacatepéquez",10,361,380,,,,,,,,,,,,,,,,,,,,,,,,,,,,,,,,,,,,,0,,,
3658,"Guatemala",1,"San Juan Sacatepéquez",10,361,380,,,,,,,,,,,,,,,,,,,,,,,,,,,,,,,,,,,,,0,,,
3659,"Guatemala",1,"San Juan Sacatepéquez",10,361,380,,,,,,,,,,,,,,,,,,,,,,,,,,,,,,,,,,,,,0,,,
3660,"Guatemala",1,"San Juan Sacatepéquez",10,361,380,,,,,,,,,,,,,,,,,,,,,,,,,,,,,,,,,,,,,0,,,
3661,"Guatemala",1,"San Juan Sacatepéquez",10,361,380,,,,,,,,,,,,,,,,,,,,,,,,,,,,,,,,,,,,,0,,,
3662,"Guatemala",1,"San Juan Sacatepéquez",10,361,380,,,,,,,,,,,,,,,,,,,,,,,,,,,,,,,,,,,,,0,,,
3663,"Guatemala",1,"San Juan Sacatepéquez",10,362,380,190,2,0,7,1,0,2,0,7,3,2,0,0,0,1,1,1,6,1,3,0,0,4,231,4,1,236,0,236,--,380,144,231,236,236,Algún campo sin dato,1,59f66ad065a146b986eb6a2d25a6463de7955ff1963d7eee0242a4fc58f59f19,25/06/2023 22:23:24,ESCANER
3664,"Guatemala",1,"San Juan Sacatepéquez",10,362,380,191,0,4,7,3,0,7,0,8,1,4,1,0,0,4,0,1,1,1,3,1,2,1,240,8,0,248,0,248,--,380,132,240,248,248,Algún campo sin dato,1,69da662d3ac411a06a39ff34a005e440167495de07a4240428da3e88300d7031,25/06/2023 23:32:35,ESCANER
3665,"Guatemala",1,"San Juan Sacatepéquez",10,362,380,187,1,4,6,0,0,5,0,4,1,3,0,0,0,0,0,1,2,1,2,2,0,6,225,11,2,238,0,238,--,380,142,225,238,238,Algún campo sin dato,1,8b4c3fc30bc2696dcf01c95d229d6c8f3790807008a6c79732c105fcc0822149,25/06/2023 23:35:37,ESCANER
3666,"Guatemala",1,"San Juan Sacatepéquez",10,362,380,201,1,2,5,0,1,5,1,7,1,4,0,1,0,3,0,1,4,0,1,0,0,6,244,5,3,252,0,252,--,380,125,244,252,252,Algún campo sin dato,1,2915e44468356596c23258a6b49efc4654db2918719986c025473e2f13939670,26/06/2023 00:14:23,ESCANER
3667,"Guatemala",1,"San Juan Sacatepéquez",10,362,380,,,,,,,,,,,,,,,,,,,,,,,,,,,,,,,,,,,,,0,,,
3668,"Guatemala",1,"San Juan Sacatepéquez",10,362,380,194,0,2,10,0,1,6,0,8,0,7,2,0,0,4,0,0,4,4,2,0,0,8,252,13,3,268,0,268,--,385,117,252,268,268,Algún campo sin dato,1,0ba239b49293d9d99ad00e29365fe0c0dff7a3c66b9b587e659a07ab0a1e6fd1,25/06/2023 21:52:50,ESCANER
3669,"Guatemala",1,"San Juan Sacatepéquez",10,362,380,,,,,,,,,,,,,,,,,,,,,,,,,,,,,,,,,,,,,0,,,
3670,"Guatemala",1,"San Juan Sacatepéquez",10,362,380,195,0,1,9,1,2,4,0,2,3,7,0,0,0,1,0,0,1,1,1,2,0,1,231,11,2,244,0,244,--,380,136,231,244,244,Algún campo sin dato,1,6d8faeae8ed9c30edd2277ab5bd5641ceceae450e0b38542f0f8504a8b16bae6,26/06/2023 00:06:33,ESCANER
3671,"Guatemala",1,"San Juan Sacatepéquez",10,362,380,,,,,,,,,,,,,,,,,,,,,,,,,,,,,,,,,,,,,0,,,
3672,"Guatemala",1,"San Juan Sacatepéquez",10,362,380,172,1,3,8,2,0,0,0,9,5,5,0,0,0,1,2,0,2,0,0,1,0,7,218,17,3,238,0,238,--,380,139,218,238,238,Algún campo sin dato,1,571ea537a352999b9b2d41e1988546151f8534c3cefaaddd72eb91a0d1d18d6d,26/06/2023 00:02:44,ESCANER
3673,"Guatemala",1,"San Juan Sacatepéquez",10,362,380,174,2,3,10,3,0,3,0,9,1,4,1,0,0,1,1,0,0,2,5,1,0,1,221,13,3,237,0,237,--,380,143,221,237,237,Algún campo sin dato,1,2727dfcb30f06f5cde6da45c4ef0336f6dce3ec638ba77e66472611a4e040f7a,25/06/2023 23:21:36,ESCANER
3674,"Guatemala",1,"San Juan Sacatepéquez",10,362,380,155,1,1,7,2,0,1,0,2,4,5,2,1,0,1,0,0,5,0,1,2,0,7,197,26,2,225,0,225,--,380,155,197,225,225,Algún campo sin dato,1,73b36cc1324a0f6aba7a92317926285d3bbba0ee3e7a2f615227f4a653c96e7e,25/06/2023 22:57:11,ESCANER
3675,"Guatemala",1,"San Juan Sacatepéquez",10,362,380,,,,,,,,,,,,,,,,,,,,,,,,,,,,,,,,,,,,,0,,,
3676,"Guatemala",1,"San Juan Sacatepéquez",10,362,380,,,,,,,,,,,,,,,,,,,,,,,,,,,,,,,,,,,,,0,,,
3677,"Guatemala",1,"San Juan Sacatepéquez",10,363,380,151,3,2,9,1,1,10,0,1,4,2,0,3,0,2,0,0,0,3,0,0,1,8,201,7,0,208,0,208,--,379,171,201,208,208,Algún campo sin dato,1,59aeba3e359be4e12cc5475646d8febb5c2f610245866737d18d765e59cb52aa,26/06/2023 00:00:27,ESCANER
3678,"Guatemala",1,"San Juan Sacatepéquez",10,363,380,,,,,,,,,,,,,,,,,,,,,,,,,,,,,,,,,,,,,0,,,
3679,"Guatemala",1,"San Juan Sacatepéquez",10,363,380,,,,,,,,,,,,,,,,,,,,,,,,,,,,,,,,,,,,,0,,,
3680,"Guatemala",1,"San Juan Sacatepéquez",10,363,360,,,,,,,,,,,,,,,,,,,,,,,,,,,,,,,,,,,,,0,,,
3681,"Guatemala",1,"San Juan Sacatepéquez",10,363,360,124,1,0,3,0,0,7,0,3,1,1,2,1,0,0,0,0,1,2,0,0,1,4,151,3,0,154,0,154,--,360,206,151,154,154,Algún campo sin dato,1,2e642605543462cc3e305f47a9ffe34aadc0d277351d94adc00655078154a78d,25/06/2023 23:21:15,ESCANER
3682,"Guatemala",1,"San Juan Sacatepéquez",10,364,380,,,,,,,,,,,,,,,,,,,,,,,,,,,,,,,,,,,,,0,,,
3683,"Guatemala",1,"San Juan Sacatepéquez",10,364,380,,,,,,,,,,,,,,,,,,,,,,,,,,,,,,,,,,,,,0,,,
3684,"Guatemala",1,"San Juan Sacatepéquez",10,364,380,,,,,,,,,,,,,,,,,,,,,,,,,,,,,,,,,,,,,0,,,
3685,"Guatemala",1,"San Juan Sacatepéquez",10,364,380,,,,,,,,,,,,,,,,,,,,,,,,,,,,,,,,,,,,,0,,,
3686,"Guatemala",1,"San Juan Sacatepéquez",10,364,380,15,2,1,71,8,16,2,1,6,40,4,0,0,1,3,0,0,2,2,1,2,0,2,179,26,9,214,0,214,--,380,166,179,214,214,Algún campo sin dato,1,efb340eb8cfdb41c8fff88cc2fa43d556c515b8a5231670ae0ff43ac23b442c2,26/06/2023 00:20:44,ESCANER
3687,"Guatemala",1,"San Juan Sacatepéquez",10,364,380,,,,,,,,,,,,,,,,,,,,,,,,,,,,,,,,,,,,,0,,,
3688,"Guatemala",1,"San Juan Sacatepéquez",10,364,380,,,,,,,,,,,,,,,,,,,,,,,,,,,,,,,,,,,,,0,,,
3689,"Guatemala",1,"San Juan Sacatepéquez",10,364,380,,,,,,,,,,,,,,,,,,,,,,,,,,,,,,,,,,,,,0,,,
3690,"Guatemala",1,"San Juan Sacatepéquez",10,364,380,17,2,0,66,4,18,3,1,5,37,4,0,1,0,7,3,1,1,3,0,0,2,2,177,29,7,213,0,213,--,380,167,177,213,213,Algún campo sin dato,1,38a93d50ee1ff95ce83ce93ff2d8d0b943e28eda136d7353194a8914d55d5f8a,25/06/2023 23:12:14,ESCANER
3691,"Guatemala",1,"San Juan Sacatepéquez",10,364,380,16,2,0,63,5,16,5,2,5,49,1,4,1,0,3,0,0,3,3,0,1,0,3,182,26,11,219,0,219,--,380,161,182,219,219,Algún campo sin dato,1,4ad09852775ebcb6de419ad2f8f93303a4c981d670e45fc3b26b778323f0b2bb,26/06/2023 00:17:30,ESCANER
3692,"Guatemala",1,"San Juan Sacatepéquez",10,364,380,,,,,,,,,,,,,,,,,,,,,,,,,,,,,,,,,,,,,0,,,
3693,"Guatemala",1,"San Juan Sacatepéquez",10,364,380,,,,,,,,,,,,,,,,,,,,,,,,,,,,,,,,,,,,,0,,,
3694,"Guatemala",1,"San Juan Sacatepéquez",10,364,380,,,,,,,,,,,,,,,,,,,,,,,,,,,,,,,,,,,,,0,,,
3695,"Guatemala",1,"San Juan Sacatepéquez",10,364,380,8,3,1,56,3,19,3,0,8,46,4,0,0,1,5,4,0,3,1,0,0,0,2,167,21,3,191,0,191,--,377,186,167,191,191,Algún campo sin dato,1,c593fcc35c1114e2a7b14773c9e8edf20f7856deb2c0ac7e968a911adc0e5f6b,25/06/2023 23:19:54,ESCANER
3696,"Guatemala",1,"San Juan Sacatepéquez",10,364,380,,,,,,,,,,,,,,,,,,,,,,,,,,,,,,,,,,,,,0,,,
3697,"Guatemala",1,"San Juan Sacatepéquez",10,364,380,,,,,,,,,,,,,,,,,,,,,,,,,,,,,,,,,,,,,0,,,
3698,"Guatemala",1,"San Juan Sacatepéquez",10,364,380,12,3,0,67,6,14,4,1,7,37,5,0,2,0,2,2,0,1,1,1,0,0,1,166,20,7,193,0,193,--,380,187,166,193,193,Algún campo sin dato,1,185b453f3b85c0f2f5b4234ab04f4dc8554a2ce8801f71ab6aafd450260197be,25/06/2023 23:56:05,ESCANER
3699,"Guatemala",1,"San Juan Sacatepéquez",10,364,380,,,,,,,,,,,,,,,,,,,,,,,,,,,,,,,,,,,,,0,,,
3700,"Guatemala",1,"San Juan Sacatepéquez",10,364,380,,,,,,,,,,,,,,,,,,,,,,,,,,,,,,,,,,,,,0,,,
3701,"Guatemala",1,"San Juan Sacatepéquez",10,364,380,,,,,,,,,,,,,,,,,,,,,,,,,,,,,,,,,,,,,0,,,
3702,"Guatemala",1,"San Juan Sacatepéquez",10,364,380,15,3,0,60,3,9,3,2,7,47,3,1,1,0,5,2,0,3,1,0,0,0,2,167,27,8,202,0,202,--,380,178,167,202,202,Algún campo sin dato,1,06f18dda71f275f95764e6f7a9ca21c7c063ecd5038b68c983f408836248f5ba,25/06/2023 22:19:36,ESCANER
3703,"Guatemala",1,"San Juan Sacatepéquez",10,364,380,13,5,1,61,4,14,4,1,14,31,4,1,1,0,5,1,0,1,0,0,0,0,3,164,27,8,199,0,199,--,380,181,164,199,199,Algún campo sin dato,1,eb296a9267cecfd00a5f25a878a408ed9f935f90cb089adfff52706ab5fdbe23,25/06/2023 23:39:00,ESCANER
3704,"Guatemala",1,"San Juan Sacatepéquez",10,364,380,,,,,,,,,,,,,,,,,,,,,,,,,,,,,,,,,,,,,0,,,
3705,"Guatemala",1,"San Juan Sacatepéquez",10,365,380,,,,,,,,,,,,,,,,,,,,,,,,,,,,,,,,,,,,,0,,,
3706,"Guatemala",1,"San Juan Sacatepéquez",10,365,380,,,,,,,,,,,,,,,,,,,,,,,,,,,,,,,,,,,,,0,,,
3707,"Guatemala",1,"San Juan Sacatepéquez",10,365,380,6,2,0,52,6,14,3,2,9,25,4,0,2,0,6,1,0,3,5,1,1,0,0,142,22,5,169,0,169,--,381,212,142,169,169,Algún campo sin dato,1,e1fb3a996d5224291444b9e5690ec256c1ebe8abffad20907e8a09df8ca72c2e,25/06/2023 23:58:42,ESCANER
3708,"Guatemala",1,"San Juan Sacatepéquez",10,365,380,,,,,,,,,,,,,,,,,,,,,,,,,,,,,,,,,,,,,0,,,
3709,"Guatemala",1,"San Juan Sacatepéquez",10,365,380,,,,,,,,,,,,,,,,,,,,,,,,,,,,,,,,,,,,,0,,,
3710,"Guatemala",1,"San Juan Sacatepéquez",10,365,380,,,,,,,,,,,,,,,,,,,,,,,,,,,,,,,,,,,,,0,,,
3711,"Guatemala",1,"San Juan Sacatepéquez",10,365,380,,,,,,,,,,,,,,,,,,,,,,,,,,,,,,,,,,,,,0,,,
3712,"Guatemala",1,"San Juan Sacatepéquez",10,365,380,,,,,,,,,,,,,,,,,,,,,,,,,,,,,,,,,,,,,0,,,
3713,"Guatemala",1,"San Juan Sacatepéquez",10,365,380,,,,,,,,,,,,,,,,,,,,,,,,,,,,,,,,,,,,,0,,,
3714,"Guatemala",1,"San Juan Sacatepéquez",10,365,380,,,,,,,,,,,,,,,,,,,,,,,,,,,,,,,,,,,,,0,,,
3715,"Guatemala",1,"San Juan Sacatepéquez",10,365,380,,,,,,,,,,,,,,,,,,,,,,,,,,,,,,,,,,,,,0,,,
3716,"Guatemala",1,"San Juan Sacatepéquez",10,365,380,18,1,0,59,4,14,1,1,8,26,2,0,0,0,2,1,0,0,1,0,0,0,1,139,6,3,148,0,148,--,380,232,139,148,148,Algún campo sin dato,1,d52a122dc2e176a53d86472db07f79e12c97e77c8d3f38240ebe2211675b8727,25/06/2023 23:45:58,ESCANER
3717,"Guatemala",1,"San Juan Sacatepéquez",10,365,380,13,0,0,30,2,6,2,1,3,29,3,0,0,0,1,3,0,1,0,0,0,0,2,96,5,4,105,0,105,--,380,275,96,105,105,Algún campo sin dato,1,f45ca04c99bceeed8b597e142031d29c92fd8b4d4f743faffa6cba0159d27495,25/06/2023 23:19:49,ESCANER
3718,"Guatemala",1,"San Juan Sacatepéquez",10,365,380,16,0,0,40,2,6,3,1,3,25,3,0,1,0,1,0,0,0,0,0,0,1,3,105,4,1,110,0,110,--,380,270,105,110,110,Algún campo sin dato,1,fb5089a54a8dda14222f3ad84bac2c2dee62c31578b22c83244ef2b87390a0fc,25/06/2023 22:44:43,ESCANER
3719,"Guatemala",1,"San Juan Sacatepéquez",10,365,292,,,,,,,,,,,,,,,,,,,,,,,,,,,,,,,,,,,,,0,,,
3720,"Guatemala",1,"San Juan Sacatepéquez",10,365,291,1,2,0,21,2,4,1,1,5,18,0,0,0,0,2,3,0,1,1,0,1,0,0,63,13,6,82,0,82,--,288,206,63,82,82,Algún campo sin dato,1,ee5ce30a7b6b8ad748d11b7cb962bc1692fdccec2459eb993c0d253e48bf4328,25/06/2023 21:53:59,ESCANER
3721,"Guatemala",1,"San Juan Sacatepéquez",10,366,380,151,3,3,30,3,3,1,2,11,1,6,1,1,0,1,0,2,1,3,2,2,1,3,231,19,2,252,0,252,--,--,--,231,252,252,Algún campo sin dato,1,7274499f7e799b79304db9a544aae1d2f55b9c39d19dadeb8bab18dda53bc551,25/06/2023 23:40:21,ESCANER
3722,"Guatemala",1,"San Juan Sacatepéquez",10,366,380,,,,,,,,,,,,,,,,,,,,,,,,,,,,,,,,,,,,,0,,,
3723,"Guatemala",1,"San Juan Sacatepéquez",10,366,380,165,0,6,16,2,1,9,0,14,4,6,2,0,0,2,2,2,0,6,3,2,0,5,247,13,1,261,0,261,--,380,119,247,261,261,Algún campo sin dato,1,5a4aa0475dd158dad03229901b037e34d43f1e5c03127c18a38d57d96df367e9,25/06/2023 23:08:25,ESCANER
3724,"Guatemala",1,"San Juan Sacatepéquez",10,366,380,,,,,,,,,,,,,,,,,,,,,,,,,,,,,,,,,,,,,0,,,
3725,"Guatemala",1,"San Juan Sacatepéquez",10,366,380,,,,,,,,,,,,,,,,,,,,,,,,,,,,,,,,,,,,,0,,,
3726,"Guatemala",1,"San Juan Sacatepéquez",10,366,380,,,,,,,,,,,,,,,,,,,,,,,,,,,,,,,,,,,,,0,,,
3727,"Guatemala",1,"San Juan Sacatepéquez",10,366,380,160,1,4,16,0,1,5,1,10,2,8,1,1,1,1,0,3,0,1,1,0,1,13,231,14,2,247,0,247,--,381,134,231,247,247,Algún campo sin dato,1,3fa7bc5c469a3d86150e192871e3fb5db907716b33f965ae2b166b593e174ceb,26/06/2023 00:22:45,ESCANER
3728,"Guatemala",1,"San Juan Sacatepéquez",10,366,380,135,1,1,12,2,3,6,1,13,0,11,0,1,0,2,0,1,1,3,1,3,2,4,203,16,4,223,0,223,--,380,157,203,223,223,Algún campo sin dato,1,ea2bda370e8b3831367de6759b444c903c516b9358a0336a3dd09c4eca10bdba,25/06/2023 23:49:58,ESCANER
3729,"Guatemala",1,"San Juan Sacatepéquez",10,366,380,,,,,,,,,,,,,,,,,,,,,,,,,,,,,,,,,,,,,0,,,
3730,"Guatemala",1,"San Juan Sacatepéquez",10,366,380,,,,,,,,,,,,,,,,,,,,,,,,,,,,,,,,,,,,,0,,,
3731,"Guatemala",1,"San Juan Sacatepéquez",10,366,380,,,,,,,,,,,,,,,,,,,,,,,,,,,,,,,,,,,,,0,,,
3732,"Guatemala",1,"San Juan Sacatepéquez",10,366,380,169,1,3,8,0,1,7,0,10,0,13,0,0,1,1,1,0,0,0,1,0,0,7,223,16,1,240,0,240,--,380,140,223,240,240,Algún campo sin dato,1,acd7688d6d07aad9613c60ee101961489eb7258ba56ce23093beda94f0038532,25/06/2023 23:01:13,ESCANER
3733,"Guatemala",1,"San Juan Sacatepéquez",10,366,380,,,,,,,,,,,,,,,,,,,,,,,,,,,,,,,,,,,,,0,,,
3734,"Guatemala",1,"San Juan Sacatepéquez",10,366,380,,,,,,,,,,,,,,,,,,,,,,,,,,,,,,,,,,,,,0,,,
3735,"Guatemala",1,"San Juan Sacatepéquez",10,366,380,149,0,4,15,0,2,6,0,15,3,9,0,1,0,0,0,2,2,2,0,1,1,10,222,21,2,245,0,245,--,380,135,222,245,245,Algún campo sin dato,1,a5b8305cc892bb4caa6c7872d5e701abb78f0380d842ecf9c3b66dbfef35fd97,25/06/2023 23:22:22,ESCANER
3736,"Guatemala",1,"San Juan Sacatepéquez",10,366,380,,,,,,,,,,,,,,,,,,,,,,,,,,,,,,,,,,,,,0,,,
3737,"Guatemala",1,"San Juan Sacatepéquez",10,366,380,,,,,,,,,,,,,,,,,,,,,,,,,,,,,,,,,,,,,0,,,
3738,"Guatemala",1,"San Juan Sacatepéquez",10,366,380,,,,,,,,,,,,,,,,,,,,,,,,,,,,,,,,,,,,,0,,,
3739,"Guatemala",1,"San Juan Sacatepéquez",10,366,380,,,,,,,,,,,,,,,,,,,,,,,,,,,,,,,,,,,,,0,,,
3740,"Guatemala",1,"San Juan Sacatepéquez",10,366,380,,,,,,,,,,,,,,,,,,,,,,,,,,,,,,,,,,,,,0,,,
3741,"Guatemala",1,"San Juan Sacatepéquez",10,366,380,,,,,,,,,,,,,,,,,,,,,,,,,,,,,,,,,,,,,0,,,
3742,"Guatemala",1,"San Juan Sacatepéquez",10,366,380,,,,,,,,,,,,,,,,,,,,,,,,,,,,,,,,,,,,,0,,,
3743,"Guatemala",1,"San Juan Sacatepéquez",10,366,380,,,,,,,,,,,,,,,,,,,,,,,,,,,,,,,,,,,,,0,,,
3744,"Guatemala",1,"San Juan Sacatepéquez",10,366,380,,,,,,,,,,,,,,,,,,,,,,,,,,,,,,,,,,,,,0,,,
3745,"Guatemala",1,"San Juan Sacatepéquez",10,366,380,,,,,,,,,,,,,,,,,,,,,,,,,,,,,,,,,,,,,0,,,
3746,"Guatemala",1,"San Juan Sacatepéquez",10,366,380,,,,,,,,,,,,,,,,,,,,,,,,,,,,,,,,,,,,,0,,,
3747,"Guatemala",1,"San Juan Sacatepéquez",10,366,380,,,,,,,,,,,,,,,,,,,,,,,,,,,,,,,,,,,,,0,,,
3748,"Guatemala",1,"San Juan Sacatepéquez",10,366,380,,,,,,,,,,,,,,,,,,,,,,,,,,,,,,,,,,,,,0,,,
3749,"Guatemala",1,"San Juan Sacatepéquez",10,367,380,147,0,3,18,2,1,4,1,10,1,6,1,0,0,1,0,2,3,1,5,0,0,8,214,5,1,220,0,220,0,380,160,214,220,220,,1,ae427421d30309ed87772f11af3d8491dec47946ea681c4a9499adac43bdb72a,25/06/2023 22:02:52,ESCANER
3750,"Guatemala",1,"San Juan Sacatepéquez",10,367,380,172,0,7,9,0,0,9,0,5,0,6,0,1,0,1,0,2,1,2,0,0,1,4,220,2,1,223,0,223,0,380,157,220,223,223,,1,819079ebb9dbef1f32ff0ea0adb29cab5a9624be45fbc05e2b36d91e65fd1cc5,25/06/2023 22:20:22,ESCANER
3751,"Guatemala",1,"San Juan Sacatepéquez",10,367,380,,,,,,,,,,,,,,,,,,,,,,,,,,,,,,,,,,,,,0,,,
3752,"Guatemala",1,"San Juan Sacatepéquez",10,367,380,,,,,,,,,,,,,,,,,,,,,,,,,,,,,,,,,,,,,0,,,
3753,"Guatemala",1,"San Juan Sacatepéquez",10,367,380,,,,,,,,,,,,,,,,,,,,,,,,,,,,,,,,,,,,,0,,,
3754,"Guatemala",1,"San Juan Sacatepéquez",10,367,380,,,,,,,,,,,,,,,,,,,,,,,,,,,,,,,,,,,,,0,,,
3755,"Guatemala",1,"San Juan Sacatepéquez",10,367,380,,,,,,,,,,,,,,,,,,,,,,,,,,,,,,,,,,,,,0,,,
3756,"Guatemala",1,"San Juan Sacatepéquez",10,367,380,,,,,,,,,,,,,,,,,,,,,,,,,,,,,,,,,,,,,0,,,
3757,"Guatemala",1,"San Juan Sacatepéquez",10,367,380,,,,,,,,,,,,,,,,,,,,,,,,,,,,,,,,,,,,,0,,,
3758,"Guatemala",1,"San Juan Sacatepéquez",10,367,241,,,,,,,,,,,,,,,,,,,,,,,,,,,,,,,,,,,,,0,,,
3759,"Guatemala",1,"San Juan Sacatepéquez",10,367,240,89,0,1,6,1,0,3,0,10,1,1,0,1,0,0,0,0,1,2,1,0,0,4,121,2,1,124,0,124,--,236,112,121,124,124,Algún campo sin dato,1,307b27804b36ce8e0665a9f7ae20117a82c231a026e080771459646961660bfd,26/06/2023 00:13:00,ESCANER
3760,"Guatemala",1,"San Juan Sacatepéquez",10,368,380,,,,,,,,,,,,,,,,,,,,,,,,,,,,,,,,,,,,,0,,,
3761,"Guatemala",1,"San Juan Sacatepéquez",10,368,380,,,,,,,,,,,,,,,,,,,,,,,,,,,,,,,,,,,,,0,,,
3762,"Guatemala",1,"San Juan Sacatepéquez",10,368,380,,,,,,,,,,,,,,,,,,,,,,,,,,,,,,,,,,,,,0,,,
3763,"Guatemala",1,"San Juan Sacatepéquez",10,368,380,,,,,,,,,,,,,,,,,,,,,,,,,,,,,,,,,,,,,0,,,
3764,"Guatemala",1,"San Juan Sacatepéquez",10,368,380,,,,,,,,,,,,,,,,,,,,,,,,,,,,,,,,,,,,,0,,,
3765,"Guatemala",1,"San Juan Sacatepéquez",10,368,380,156,0,5,15,2,3,9,1,16,2,7,3,0,1,4,2,1,0,2,1,0,0,17,247,17,0,264,0,264,--,380,116,247,264,264,Algún campo sin dato,1,f31cdac75e7d331dda7b06e0de8f5565a3849c8a74ebb3323d11b96610582d9e,25/06/2023 23:32:02,ESCANER
3766,"Guatemala",1,"San Juan Sacatepéquez",10,368,380,,,,,,,,,,,,,,,,,,,,,,,,,,,,,,,,,,,,,0,,,
3767,"Guatemala",1,"San Juan Sacatepéquez",10,368,380,154,3,4,12,2,0,6,2,15,2,6,1,1,0,2,2,4,0,4,3,1,0,9,233,9,1,243,0,243,--,380,137,233,243,243,Algún campo sin dato,1,861f40270db664699913967d58ae27a79ab44b810e257c30070b18262a0d8a8f,25/06/2023 23:06:38,ESCANER
3768,"Guatemala",1,"San Juan Sacatepéquez",10,368,380,,,,,,,,,,,,,,,,,,,,,,,,,,,,,,,,,,,,,0,,,
3769,"Guatemala",1,"San Juan Sacatepéquez",10,368,380,,,,,,,,,,,,,,,,,,,,,,,,,,,,,,,,,,,,,0,,,
3770,"Guatemala",1,"San Juan Sacatepéquez",10,368,380,,,,,,,,,,,,,,,,,,,,,,,,,,,,,,,,,,,,,0,,,
3771,"Guatemala",1,"San Juan Sacatepéquez",10,368,380,134,3,3,16,0,1,11,1,8,8,2,0,6,0,0,0,1,2,1,1,0,0,9,207,14,1,222,0,222,--,377,155,207,222,222,Algún campo sin dato,1,7fcf938889bdb65635f7331a5730eaf226afedcab0c537361eca67a268a427f2,25/06/2023 23:47:07,ESCANER
3772,"Guatemala",1,"San Juan Sacatepéquez",10,368,380,153,1,5,22,0,1,4,1,17,3,2,0,1,0,0,1,2,2,2,1,2,0,10,230,13,3,246,0,246,--,380,134,230,246,246,Algún campo sin dato,1,e11b1d113fe20a44882481c4ffe42f415246a1a0af13a2a7be2bc35d1dfc6584,25/06/2023 23:53:48,ESCANER
3773,"Guatemala",1,"San Juan Sacatepéquez",10,368,380,,,,,,,,,,,,,,,,,,,,,,,,,,,,,,,,,,,,,0,,,
3774,"Guatemala",1,"San Juan Sacatepéquez",10,368,380,154,1,2,6,3,1,7,2,16,2,8,1,0,0,1,0,4,0,0,3,1,0,14,226,11,2,239,0,239,--,380,141,226,239,239,Algún campo sin dato,1,b1303b18468da8dfc43bc971e84981889570b62d7fbbf3716f2bf1050ade9d8f,25/06/2023 23:56:03,ESCANER
3775,"Guatemala",1,"San Juan Sacatepéquez",10,368,380,,,,,,,,,,,,,,,,,,,,,,,,,,,,,,,,,,,,,0,,,
3776,"Guatemala",1,"San Juan Sacatepéquez",10,368,380,146,1,5,5,2,1,10,0,16,4,5,1,2,0,3,1,3,1,3,3,0,0,10,222,15,1,238,0,238,--,380,142,222,238,238,Algún campo sin dato,1,4571c11f09f0ec6b58bd57034c528dcbd14cba7fde4552bdeeb4d2d2d565cf53,25/06/2023 23:26:36,ESCANER
3777,"Guatemala",1,"San Juan Sacatepéquez",10,368,380,,,,,,,,,,,,,,,,,,,,,,,,,,,,,,,,,,,,,0,,,
3778,"Guatemala",1,"San Juan Sacatepéquez",10,368,380,,,,,,,,,,,,,,,,,,,,,,,,,,,,,,,,,,,,,0,,,
3779,"Guatemala",1,"San Juan Sacatepéquez",10,368,380,,,,,,,,,,,,,,,,,,,,,,,,,,,,,,,,,,,,,0,,,
3780,"Guatemala",1,"San Juan Sacatepéquez",10,368,380,138,0,0,21,1,1,5,0,16,2,11,0,1,0,1,0,5,2,0,3,1,0,14,222,10,1,233,0,233,--,380,147,222,233,233,Algún campo sin dato,1,98373345d4dfc4b6a4b74b848af2f77b6d4684d331a06c151b0b35b38c4c7531,26/06/2023 00:08:57,ESCANER
3781,"Guatemala",1,"San Juan Sacatepéquez",10,368,380,166,0,4,7,0,0,7,1,12,1,3,0,1,0,1,2,3,2,1,1,3,0,9,224,13,4,241,0,241,--,380,139,224,241,241,Algún campo sin dato,1,d582419cfaab10d5b488edf52f67272b02373536fff6ffcb45c8cb05ea180c42,25/06/2023 22:51:11,ESCANER
3782,"Guatemala",1,"San Juan Sacatepéquez",10,368,380,,,,,,,,,,,,,,,,,,,,,,,,,,,,,,,,,,,,,0,,,
3783,"Guatemala",1,"San Juan Sacatepéquez",10,368,380,,,,,,,,,,,,,,,,,,,,,,,,,,,,,,,,,,,,,0,,,
3784,"Guatemala",1,"San Juan Sacatepéquez",10,368,380,,,,,,,,,,,,,,,,,,,,,,,,,,,,,,,,,,,,,0,,,
3785,"Guatemala",1,"San Juan Sacatepéquez",10,368,380,,,,,,,,,,,,,,,,,,,,,,,,,,,,,,,,,,,,,0,,,
3786,"Guatemala",1,"San Juan Sacatepéquez",10,368,380,,,,,,,,,,,,,,,,,,,,,,,,,,,,,,,,,,,,,0,,,
3787,"Guatemala",1,"San Juan Sacatepéquez",10,368,380,,,,,,,,,,,,,,,,,,,,,,,,,,,,,,,,,,,,,0,,,
3788,"Guatemala",1,"San Juan Sacatepéquez",10,368,380,119,1,4,12,2,5,5,0,8,6,9,0,1,0,0,0,4,0,0,5,0,0,10,191,13,0,204,0,204,--,380,176,191,204,204,Algún campo sin dato,1,4d776a3b721688b45fe484a9af0f02226af1b47740165e2b4789bc4160752c75,26/06/2023 00:21:23,ESCANER
3789,"Guatemala",1,"San Juan Sacatepéquez",10,368,380,,,,,,,,,,,,,,,,,,,,,,,,,,,,,,,,,,,,,0,,,
3790,"Guatemala",1,"San Juan Sacatepéquez",10,368,380,,,,,,,,,,,,,,,,,,,,,,,,,,,,,,,,,,,,,0,,,
3791,"Guatemala",1,"San Juan Sacatepéquez",10,369,380,,,,,,,,,,,,,,,,,,,,,,,,,,,,,,,,,,,,,0,,,
3792,"Guatemala",1,"San Juan Sacatepéquez",10,369,380,,,,,,,,,,,,,,,,,,,,,,,,,,,,,,,,,,,,,0,,,
3793,"Guatemala",1,"San Juan Sacatepéquez",10,369,380,,,,,,,,,,,,,,,,,,,,,,,,,,,,,,,,,,,,,0,,,
3794,"Guatemala",1,"San Juan Sacatepéquez",10,369,380,,,,,,,,,,,,,,,,,,,,,,,,,,,,,,,,,,,,,0,,,
3795,"Guatemala",1,"San Juan Sacatepéquez",10,369,380,,,,,,,,,,,,,,,,,,,,,,,,,,,,,,,,,,,,,0,,,
3796,"Guatemala",1,"San Juan Sacatepéquez",10,369,222,,,,,,,,,,,,,,,,,,,,,,,,,,,,,,,,,,,,,0,,,
3797,"Guatemala",1,"San Juan Sacatepéquez",10,369,221,60,0,1,1,2,0,5,0,7,2,1,0,0,0,1,0,0,0,2,0,0,0,5,87,3,1,91,0,91,--,218,127,87,91,91,Algún campo sin dato,1,4580d5c0759589a32600f737b6e75f6636e3df209f8409170539fe246f881a2f,25/06/2023 23:49:01,ESCANER
3798,"Guatemala",1,"San Juan Sacatepéquez",10,370,380,29,0,0,65,2,10,4,1,8,53,4,0,0,1,7,7,1,3,1,0,0,1,0,197,15,2,214,0,214,--,381,167,197,214,214,Algún campo sin dato,1,8c75a939c4e68003557ae0a2fd0cfa979a421598280aea7008d1a71db5f4e95a,25/06/2023 22:43:53,ESCANER
3799,"Guatemala",1,"San Juan Sacatepéquez",10,370,380,,,,,,,,,,,,,,,,,,,,,,,,,,,,,,,,,,,,,0,,,
3800,"Guatemala",1,"San Juan Sacatepéquez",10,370,380,,,,,,,,,,,,,,,,,,,,,,,,,,,,,,,,,,,,,0,,,
3801,"Guatemala",1,"San Juan Sacatepéquez",10,370,380,,,,,,,,,,,,,,,,,,,,,,,,,,,,,,,,,,,,,0,,,
3802,"Guatemala",1,"San Juan Sacatepéquez",10,370,380,,,,,,,,,,,,,,,,,,,,,,,,,,,,,,,,,,,,,0,,,
3803,"Guatemala",1,"San Juan Sacatepéquez",10,370,380,,,,,,,,,,,,,,,,,,,,,,,,,,,,,,,,,,,,,0,,,
3804,"Guatemala",1,"San Juan Sacatepéquez",10,370,380,,,,,,,,,,,,,,,,,,,,,,,,,,,,,,,,,,,,,0,,,
3805,"Guatemala",1,"San Juan Sacatepéquez",10,370,380,30,1,2,65,3,13,11,1,9,40,10,1,0,0,5,2,0,1,2,2,1,2,1,202,17,5,224,0,224,--,380,156,202,224,224,Algún campo sin dato,1,1b21f0e6f3f7b2ba4cb9fa07af6ef0616149bd40a192170a9782e56093ec0d7d,25/06/2023 23:50:05,ESCANER
3806,"Guatemala",1,"San Juan Sacatepéquez",10,370,380,19,0,0,71,2,16,13,0,2,41,3,0,0,3,6,7,1,1,0,0,1,0,1,187,10,0,197,0,197,--,380,183,187,197,197,Algún campo sin dato,1,a74b180ae50cde92aebb915b3c4b6052e45f275e8334b297756e324b2119f559,26/06/2023 00:17:09,ESCANER
3807,"Guatemala",1,"San Juan Sacatepéquez",10,370,380,,,,,,,,,,,,,,,,,,,,,,,,,,,,,,,,,,,,,0,,,
3808,"Guatemala",1,"San Juan Sacatepéquez",10,370,380,28,1,2,77,2,9,10,2,6,31,5,0,1,2,5,4,0,3,0,0,0,1,2,191,16,5,212,0,212,--,381,169,191,212,212,Algún campo sin dato,1,8430f39a932a31dd5860647372f24a7b14cf890716ef1745880c35f587e09703,25/06/2023 23:39:32,ESCANER
3809,"Guatemala",1,"San Juan Sacatepéquez",10,370,380,,,,,,,,,,,,,,,,,,,,,,,,,,,,,,,,,,,,,0,,,
3810,"Guatemala",1,"San Juan Sacatepéquez",10,370,380,,,,,,,,,,,,,,,,,,,,,,,,,,,,,,,,,,,,,0,,,
3811,"Guatemala",1,"San Juan Sacatepéquez",10,370,380,,,,,,,,,,,,,,,,,,,,,,,,,,,,,,,,,,,,,0,,,
3812,"Guatemala",1,"San Juan Sacatepéquez",10,370,380,,,,,,,,,,,,,,,,,,,,,,,,,,,,,,,,,,,,,0,,,
3813,"Guatemala",1,"San Juan Sacatepéquez",10,370,380,,,,,,,,,,,,,,,,,,,,,,,,,,,,,,,,,,,,,0,,,
3814,"Guatemala",1,"San Juan Sacatepéquez",10,370,380,,,,,,,,,,,,,,,,,,,,,,,,,,,,,,,,,,,,,0,,,
3815,"Guatemala",1,"San Juan Sacatepéquez",10,370,380,,,,,,,,,,,,,,,,,,,,,,,,,,,,,,,,,,,,,0,,,
3816,"Guatemala",1,"San Juan Sacatepéquez",10,370,380,13,0,0,76,5,5,6,2,7,31,1,0,0,0,4,1,0,2,2,0,1,0,1,156,24,16,197,0,197,--,380,182,157,197,197,Sumas Asentadas sin cuadrar,1,18bfe1ecc988b21b2cb9a1431d46090805d008062cccbf2c2ce6cab8b658133b,26/06/2023 00:05:10,ESCANER
3817,"Guatemala",1,"San Juan Sacatepéquez",10,370,380,,,,,,,,,,,,,,,,,,,,,,,,,,,,,,,,,,,,,0,,,
3818,"Guatemala",1,"San Juan Sacatepéquez",10,370,380,,,,,,,,,,,,,,,,,,,,,,,,,,,,,,,,,,,,,0,,,
3819,"Guatemala",1,"San Juan Sacatepéquez",10,370,380,,,,,,,,,,,,,,,,,,,,,,,,,,,,,,,,,,,,,0,,,
3820,"Guatemala",1,"San Juan Sacatepéquez",10,371,380,22,1,0,59,2,7,5,0,7,23,2,0,0,0,7,5,0,1,0,0,0,0,1,143,1,0,143,0,143,--,380,237,142,143,143,Sumas Asentadas sin cuadrar,1,de83d552c11a5e340c2f116968e88a63b932988eb04f9ff5ff222c54790e5f0e,25/06/2023 23:08:31,ESCANER
3821,"Guatemala",1,"San Juan Sacatepéquez",10,371,380,13,1,1,88,2,3,3,0,2,23,1,2,0,0,2,2,0,0,1,0,0,0,1,145,4,1,150,0,150,--,376,226,145,150,150,Algún campo sin dato,1,dd0a7e67dbef614b9a963e78e689a5b224711e7757391de9b8d496b2bd21d60f,25/06/2023 22:51:54,ESCANER
3822,"Guatemala",1,"San Juan Sacatepéquez",10,371,380,,,,,,,,,,,,,,,,,,,,,,,,,,,,,,,,,,,,,0,,,
3823,"Guatemala",1,"San Juan Sacatepéquez",10,371,380,11,0,0,51,1,8,4,1,0,20,5,0,0,1,5,7,1,0,2,0,0,0,1,118,7,1,126,0,126,--,377,151,118,126,126,Algún campo sin dato,1,698c7773a9b8da2c3e96c0c3afe08bd00cd43da1d13463ecb04ea763fd83cd76,25/06/2023 23:35:42,ESCANER
3824,"Guatemala",1,"San Juan Sacatepéquez",10,371,264,9,0,0,32,3,5,5,0,2,19,1,0,0,0,3,1,0,1,1,0,0,0,2,84,4,4,92,0,92,--,264,172,84,92,92,Algún campo sin dato,1,15866bf0ab7dd6cccf94c207a35ad80f4b8afa6453cbd73a0be9424dec94963b,25/06/2023 23:21:11,ESCANER
3825,"Guatemala",1,"San Juan Sacatepéquez",10,371,264,12,0,0,33,1,4,3,0,4,18,3,0,0,0,3,1,1,1,4,0,0,0,0,88,9,4,101,0,101,--,264,163,88,101,101,Algún campo sin dato,1,fa23c3808367674650547491b8b6a33b139acf5b25a7132006efbf15a64a7445,25/06/2023 22:25:45,ESCANER
3826,"Guatemala",1,"San Juan Sacatepéquez",10,372,380,,,,,,,,,,,,,,,,,,,,,,,,,,,,,,,,,,,,,0,,,
3827,"Guatemala",1,"San Juan Sacatepéquez",10,372,380,,,,,,,,,,,,,,,,,,,,,,,,,,,,,,,,,,,,,0,,,
3828,"Guatemala",1,"San Juan Sacatepéquez",10,372,380,,,,,,,,,,,,,,,,,,,,,,,,,,,,,,,,,,,,,0,,,
3829,"Guatemala",1,"San Juan Sacatepéquez",10,372,380,,,,,,,,,,,,,,,,,,,,,,,,,,,,,,,,,,,,,0,,,
3830,"Guatemala",1,"San Juan Sacatepéquez",10,372,380,,,,,,,,,,,,,,,,,,,,,,,,,,,,,,,,,,,,,0,,,
3831,"Guatemala",1,"San Juan Sacatepéquez",10,372,380,,,,,,,,,,,,,,,,,,,,,,,,,,,,,,,,,,,,,0,,,
3832,"Guatemala",1,"San Juan Sacatepéquez",10,372,380,,,,,,,,,,,,,,,,,,,,,,,,,,,,,,,,,,,,,0,,,
3833,"Guatemala",1,"San Juan Sacatepéquez",10,372,380,,,,,,,,,,,,,,,,,,,,,,,,,,,,,,,,,,,,,0,,,
3834,"Guatemala",1,"San Juan Sacatepéquez",10,372,380,,,,,,,,,,,,,,,,,,,,,,,,,,,,,,,,,,,,,0,,,
3835,"Guatemala",1,"San Juan Sacatepéquez",10,372,380,,,,,,,,,,,,,,,,,,,,,,,,,,,,,,,,,,,,,0,,,
3836,"Guatemala",1,"San Juan Sacatepéquez",10,372,380,,,,,,,,,,,,,,,,,,,,,,,,,,,,,,,,,,,,,0,,,
3837,"Guatemala",1,"San Juan Sacatepéquez",10,373,380,,,,,,,,,,,,,,,,,,,,,,,,,,,,,,,,,,,,,0,,,
3838,"Guatemala",1,"San Juan Sacatepéquez",10,373,380,,,,,,,,,,,,,,,,,,,,,,,,,,,,,,,,,,,,,0,,,
3839,"Guatemala",1,"San Juan Sacatepéquez",10,373,380,,,,,,,,,,,,,,,,,,,,,,,,,,,,,,,,,,,,,0,,,
3840,"Guatemala",1,"San Juan Sacatepéquez",10,373,380,,,,,,,,,,,,,,,,,,,,,,,,,,,,,,,,,,,,,0,,,
3841,"Guatemala",1,"San Juan Sacatepéquez",10,373,211,26,0,0,23,2,0,5,0,4,6,7,0,0,0,2,1,0,0,1,1,1,1,2,82,3,1,86,0,86,--,211,125,82,86,86,Algún campo sin dato,1,e6a2438d1fb2e3603e91dafb9d347c0805f81818f5686b7865a8c383bf4c44f9,26/06/2023 00:19:20,ESCANER
3842,"Guatemala",1,"San Juan Sacatepéquez",10,373,211,18,1,0,37,0,3,13,0,3,8,4,3,0,0,2,4,1,0,3,0,0,0,1,101,1,0,102,0,102,--,211,109,101,102,102,Algún campo sin dato,1,d2d38c32ad575021e36e9aefd1355003088fd9e207dd034efe24ba3a047212b6,25/06/2023 23:07:17,ESCANER
3843,"Guatemala",1,"San Juan Sacatepéquez",10,374,380,,,,,,,,,,,,,,,,,,,,,,,,,,,,,,,,,,,,,0,,,
3844,"Guatemala",1,"San Juan Sacatepéquez",10,374,380,65,0,2,39,1,0,20,1,57,2,10,1,1,0,2,2,0,0,3,3,0,1,19,229,11,0,240,0,240,--,380,140,229,240,240,Algún campo sin dato,1,8e69eb2e250d82f13f523a2cd87e3cd9e6a77715d040cf976111ebb29fd4ce8e,25/06/2023 23:03:06,ESCANER
3845,"Guatemala",1,"San Juan Sacatepéquez",10,374,380,58,2,1,25,3,1,18,2,58,3,6,2,1,0,2,0,4,1,4,3,1,1,8,204,11,0,215,0,215,--,380,165,204,215,215,Algún campo sin dato,1,0271b4e9d255e0f269e4bebda0582d7a93c45ef1ccac3e9241cbc7bd16171df1,25/06/2023 23:06:12,ESCANER
3846,"Guatemala",1,"San Juan Sacatepéquez",10,374,380,69,0,2,35,3,3,22,0,64,2,7,0,5,2,1,0,1,1,3,4,0,0,8,232,14,0,246,0,246,--,380,134,232,246,246,Algún campo sin dato,1,98f79c4a179a70119ebc1e803653077b6bfed2a88514cfd067af94edbb6553cc,26/06/2023 00:01:37,ESCANER
3847,"Guatemala",1,"San Juan Sacatepéquez",10,374,380,74,2,3,31,4,3,16,1,64,5,4,2,1,0,2,1,1,3,1,8,2,0,17,245,13,0,258,0,258,--,380,122,245,258,258,Algún campo sin dato,1,157f9dbbee63aa3a388b1022b4a672bbc253d478db157a25ff290afab559774b,25/06/2023 23:19:54,ESCANER
3848,"Guatemala",1,"San Juan Sacatepéquez",10,374,380,,,,,,,,,,,,,,,,,,,,,,,,,,,,,,,,,,,,,0,,,
3849,"Guatemala",1,"San Juan Sacatepéquez",10,374,380,63,2,1,26,1,0,15,2,68,3,2,1,2,0,1,2,2,0,6,9,0,1,9,216,6,2,224,0,224,--,380,156,216,224,224,Algún campo sin dato,1,ab3aa245ab0ba292d7b4d12cd6ff82d31afc24997c4551bfb72c33f4acef3f3e,26/06/2023 00:23:45,ESCANER
3850,"Guatemala",1,"San Juan Sacatepéquez",10,374,309,,,,,,,,,,,,,,,,,,,,,,,,,,,,,,,,,,,,,0,,,
3851,"Guatemala",1,"San Juan Sacatepéquez",10,374,309,,,,,,,,,,,,,,,,,,,,,,,,,,,,,,,,,,,,,0,,,
3852,"Guatemala",1,"San Juan Sacatepéquez",10,375,266,,,,,,,,,,,,,,,,,,,,,,,,,,,,,,,,,,,,,0,,,
3853,"Guatemala",1,"San Juan Sacatepéquez",10,375,265,44,0,3,39,2,0,1,1,6,4,7,0,0,0,0,0,0,0,5,0,0,0,10,122,6,1,129,0,129,--,266,137,122,129,129,Algún campo sin dato,1,17b2eac0d39bce1c77782082b4b3e7e372664c1e8763907d49cc0b2ba8b44b2d,26/06/2023 00:07:16,ESCANER
3854,"Guatemala",1,"San Juan Sacatepéquez",10,376,600,,,,,,,,,,,,,,,,,,,,,,,,,,,,,,,,,,,,,0,,,
3855,"Guatemala",1,"San Juan Sacatepéquez",10,376,600,,,,,,,,,,,,,,,,,,,,,,,,,,,,,,,,,,,,,0,,,
3856,"Guatemala",1,"San Juan Sacatepéquez",10,376,600,,,,,,,,,,,,,,,,,,,,,,,,,,,,,,,,,,,,,0,,,
3857,"Guatemala",1,"San Juan Sacatepéquez",10,376,600,,,,,,,,,,,,,,,,,,,,,,,,,,,,,,,,,,,,,0,,,
3858,"Guatemala",1,"San Juan Sacatepéquez",10,377,600,,,,,,,,,,,,,,,,,,,,,,,,,,,,,,,,,,,,,0,,,
3859,"Guatemala",1,"San Juan Sacatepéquez",10,377,600,,,,,,,,,,,,,,,,,,,,,,,,,,,,,,,,,,,,,0,,,
3860,"Guatemala",1,"San Juan Sacatepéquez",10,377,600,,,,,,,,,,,,,,,,,,,,,,,,,,,,,,,,,,,,,0,,,
3861,"Guatemala",1,"San Juan Sacatepéquez",10,377,600,,,,,,,,,,,,,,,,,,,,,,,,,,,,,,,,,,,,,0,,,
3862,"Guatemala",1,"San Juan Sacatepéquez",10,378,600,23,1,1,77,4,5,12,1,3,24,5,2,0,1,7,5,2,2,8,0,0,0,3,186,18,6,210,0,210,--,600,390,186,210,210,Algún campo sin dato,1,2432bb22bd1b96bff3ee743c14c0f45c4c5634670fc1ffcf7062a7a3ee764d51,26/06/2023 00:20:45,ESCANER
3863,"Guatemala",1,"San Juan Sacatepéquez",10,378,560,,,,,,,,,,,,,,,,,,,,,,,,,,,,,,,,,,,,,0,,,
3864,"Guatemala",1,"San Juan Sacatepéquez",10,378,560,9,1,0,24,2,3,2,2,2,5,1,0,0,0,5,0,0,1,2,0,0,3,1,63,8,3,74,0,74,--,557,483,63,74,74,Algún campo sin dato,1,be0c437354232768e359f8ede3f25557c90270e6f8f670e75da70f0d66220992,25/06/2023 21:30:42,ESCANER