﻿TIPO_DE_ELECCIÓN:,CORPORACIÓN MUNICIPAL
26 junio 2023 00:25 (UTC -6)
ACTAS_ESPERADAS,ACTAS_CAPTURADAS,PORCENTAJE_ACTAS_CAPTURADAS,ACTAS_CONTABILIZADAS,PORCENTAJE_ACTAS_CONTABILIZADAS,ACTAS_NO_CONTABILIZADAS,LISTA_NOMINAL_ACTAS_CONTABILIZADAS,VOTOS_EMITIDOS_CONTABILIZADAS,PORCENTAJE_PARTICIPACIÓN_CIUDADANA
40,32,80.0000,32,80.0000,0,12221,6193,50.6750

MESA,DEPARTAMENTO,ID_DEPARTAMENTO,MUNICIPIO,ID_MUNICIPIO,CENTRO_DE_VOTACIÓN,PADRÓN,CABAL,MLP,AZUL,VAMOS,UNE,VALOR UNIONISTA,VÁLIDOS,NULOS,BLANCO,EMITIDOS,INVÁLIDOS,TOTAL,IMPUGNACIONES,PAPELETAS-RECIBIDAS,PAPELETAS-NO-USADAS,VALIDOS_CALCULADO,EMITIDOS_CALCULADO,TOTAL_CALCULADO,OBSERVACIONES,CONTABILIZADA,CÓDIGO_INTEGRIDAD,FECHA_HORA_PUBLICACIÓN,DIGITALIZACIÓN
8542,"Santa Rosa",6,"Casillas",4,1008,400,103,0,2,52,39,3,199,23,4,226,0,226,--,400,174,199,226,226,Algún campo sin dato,1,c55f34d0819295d3d4bdfbfd12f9900a5902f1d32ffb69adb16f8649a26af903,25/06/2023 22:28:36,ESCANER
8543,"Santa Rosa",6,"Casillas",4,1008,400,111,0,3,59,38,3,214,18,9,241,0,241,1,400,159,214,241,241,,1,09bb77a86d8e89c84d13389f24b9f5c02dd8f152f73abb6992905b46fc048a35,25/06/2023 22:59:05,ESCANER
8544,"Santa Rosa",6,"Casillas",4,1008,400,114,0,5,65,47,3,234,12,5,251,0,251,--,400,149,234,251,251,Algún campo sin dato,1,dc0cc08210c594df10b5d64b13fd159547b7c1703a06b836330cfa9d9c5c4fbb,25/06/2023 22:39:32,ESCANER
8545,"Santa Rosa",6,"Casillas",4,1009,400,90,4,7,64,41,4,210,24,6,240,0,240,--,400,160,210,240,240,Algún campo sin dato,1,f953504a93dbd654870612baf8103a786d3c6de698af4a6d644ac5541a447ca3,26/06/2023 00:05:54,ESCANER
8546,"Santa Rosa",6,"Casillas",4,1009,400,115,3,1,54,53,1,227,29,5,261,0,261,--,396,135,227,261,261,Algún campo sin dato,1,1f5c46e2da15a436674e97678498a7539ca8f5923a2234b9f7d181f9b1389ac4,26/06/2023 00:14:57,ESCANER
8547,"Santa Rosa",6,"Casillas",4,1009,400,108,1,1,68,45,6,229,16,7,252,0,400,--,400,148,229,252,252,Sumas Asentadas sin cuadrar,1,cf50db193a098397595fc5f6cd93681f338cec72cba3b53f559484e8ae07bfb0,25/06/2023 23:04:39,ESCANER
8548,"Santa Rosa",6,"Casillas",4,1009,400,106,0,7,53,29,2,197,23,10,230,0,230,--,400,170,197,230,230,Algún campo sin dato,1,5a3bf5243507751eaef31f477fd91ea781899729da56d3d18ba2eb19d67aa01f,25/06/2023 23:31:25,ESCANER
8549,"Santa Rosa",6,"Casillas",4,1009,400,90,0,3,49,40,3,185,12,3,200,--,--,1,400,200,185,200,200,Algún campo sin dato,1,0552f922758ca5db4c2494e03124291d1e936cded17a138abe573beeac48f48f,25/06/2023 22:25:01,ESCANER
8550,"Santa Rosa",6,"Casillas",4,1009,400,,,,,,,,,,,,,,,,,,,,0,,,
8551,"Santa Rosa",6,"Casillas",4,1009,400,91,0,2,44,37,4,178,7,3,188,0,188,--,400,212,178,188,188,Algún campo sin dato,1,68823ed13dbbe0e0f9ac40f081ae06fa9f303aa5273b5f4990c1372ebaed74a0,25/06/2023 23:24:51,ESCANER
8552,"Santa Rosa",6,"Casillas",4,1009,400,115,1,3,39,46,0,204,8,0,212,0,212,--,400,188,204,212,212,Algún campo sin dato,1,510f8b43ed39322884e63ab4aa971500e772294edc7c3d571a671b61a317c96e,25/06/2023 22:46:54,ESCANER
8553,"Santa Rosa",6,"Casillas",4,1009,291,,,,,,,,,,,,,,,,,,,,0,,,
8554,"Santa Rosa",6,"Casillas",4,1009,290,51,0,3,20,27,3,104,5,4,113,0,113,--,290,177,104,113,113,Algún campo sin dato,1,d9f372c4b220b19d48d119a575a663fe9f9a60513ecb6c3ff87c417ec35249a9,25/06/2023 23:55:15,ESCANER
8555,"Santa Rosa",6,"Casillas",4,1010,380,5,8,1,159,19,0,192,45,1,238,0,238,--,380,142,192,238,238,Algún campo sin dato,1,42d7f1a2332b2a7296d3a7a9a4b2a6d0f646a4438adfb6f62c3f26a6fc6c8a1e,25/06/2023 23:37:14,ESCANER
8556,"Santa Rosa",6,"Casillas",4,1010,380,33,4,1,155,22,2,217,16,2,235,0,235,--,380,145,217,235,235,Algún campo sin dato,1,8cddb6d8e326ad5b76e9333eab45c68cd4761861316dedc2342bea3f9ddb2a34,25/06/2023 23:25:52,ESCANER
8557,"Santa Rosa",6,"Casillas",4,1010,380,32,1,1,170,26,0,230,19,7,256,0,256,0,380,124,230,256,256,,1,54c49151befe35d807b7a45045cc2055819ad55e97ff2a228681d86f18faf772,25/06/2023 23:45:05,ESCANER
8558,"Santa Rosa",6,"Casillas",4,1010,380,,,,,,,,,,,,,,,,,,,,0,,,
8559,"Santa Rosa",6,"Casillas",4,1010,380,39,6,0,157,27,0,229,22,8,259,0,259,--,380,121,229,259,259,Algún campo sin dato,1,da9caecbe8ff85f35d7121428c8f3b734c2692b327cb32cc48e582a0617cac20,25/06/2023 23:06:18,ESCANER
8560,"Santa Rosa",6,"Casillas",4,1010,380,,,,,,,,,,,,,,,,,,,,0,,,
8561,"Santa Rosa",6,"Casillas",4,1010,380,,,,,,,,,,,,,,,,,,,,0,,,
8562,"Santa Rosa",6,"Casillas",4,1010,380,24,4,0,138,12,0,178,11,1,190,0,190,--,376,186,178,190,190,Algún campo sin dato,1,92cb11907ec80589461748c29237a8e311dacd81bf4c998addb892cc724f3ea1,25/06/2023 23:17:22,ESCANER
8563,"Santa Rosa",6,"Casillas",4,1010,380,36,5,1,144,19,0,205,19,3,227,0,227,--,380,153,205,227,227,Algún campo sin dato,1,b9364f51e521a85f6219759384fb49af7c6520597ed7b5d74f97d5d1877c5c68,26/06/2023 00:05:13,ESCANER
8564,"Santa Rosa",6,"Casillas",4,1011,380,23,2,2,156,9,1,193,12,0,205,0,205,--,380,175,193,205,205,Algún campo sin dato,1,d675f14c256a43f92b626cb1bb22e6cc0bc1e26e2faf08c3f3dc5f05c350bbe8,26/06/2023 00:18:36,ESCANER
8565,"Santa Rosa",6,"Casillas",4,1011,380,24,0,0,146,14,0,184,9,2,195,0,195,--,381,186,184,195,195,Algún campo sin dato,1,0a64728a2f293b3514d441973d12ba82d8d625c8a567ee49cfb6aa2043f2a23d,25/06/2023 22:55:27,ESCANER
8566,"Santa Rosa",6,"Casillas",4,1011,380,20,0,4,156,13,1,194,8,0,202,0,202,--,380,178,194,202,202,Algún campo sin dato,1,71c977e6a50e05b4d463c619d923ea51d3538f6e38adb66b0ffa571daea9caa1,25/06/2023 23:59:47,ESCANER
8567,"Santa Rosa",6,"Casillas",4,1011,308,23,1,2,115,4,0,145,3,1,149,0,149,--,308,159,145,149,149,Algún campo sin dato,1,532a016378111d19db8f4c12d56ff3532f2ebea38145ae7db0f7611c6f541efb,25/06/2023 21:50:51,ESCANER
8568,"Santa Rosa",6,"Casillas",4,1011,308,20,0,0,96,7,0,123,8,1,132,0,132,--,308,176,123,132,132,Algún campo sin dato,1,c6fe79f6091e89aec35d9f4a328ad160e5bd06c0e109328416bdeb67b32d1e9b,25/06/2023 23:22:40,ESCANER
8569,"Santa Rosa",6,"Casillas",4,1012,380,66,2,2,53,57,1,181,22,8,211,0,211,--,380,169,181,211,211,Algún campo sin dato,1,749c9d9d0707f9de78b31b771c688f8eef9e930130a78d1cf01997f854885f58,26/06/2023 00:04:14,ESCANER
8570,"Santa Rosa",6,"Casillas",4,1012,380,63,0,2,69,50,3,187,14,4,205,0,205,--,380,175,187,205,205,Algún campo sin dato,1,1ff84dfd79baadcf94c93293920a6b2a726dc82e8dcfd6c42cf595f3958f0208,26/06/2023 00:22:58,ESCANER
8571,"Santa Rosa",6,"Casillas",4,1012,380,64,0,2,57,47,2,172,21,11,204,0,204,--,380,176,172,204,204,Algún campo sin dato,1,02a23ec31c85d304cc983477f4244f879cbb2c9034caeb4b3f386cc7b7036ec3,25/06/2023 22:47:12,ESCANER
8572,"Santa Rosa",6,"Casillas",4,1012,380,66,0,5,49,66,2,188,21,4,213,0,213,--,380,167,188,213,213,Algún campo sin dato,1,8bb9c011dfe11b93a3b536ad4f74ec9dd9254c9c7fa1004e04637ef31db81a36,26/06/2023 00:10:05,ESCANER
8573,"Santa Rosa",6,"Casillas",4,1012,380,49,0,3,53,52,0,157,14,1,172,0,172,--,380,208,157,172,172,Algún campo sin dato,1,6227537083cb2e00ff44b01b3cfc81badd582fac06b17a8179d16906a8c5c0cd,25/06/2023 23:15:21,ESCANER
8574,"Santa Rosa",6,"Casillas",4,1013,380,46,0,4,42,59,0,151,11,4,166,0,166,--,380,214,151,166,166,Algún campo sin dato,1,e67163072f65d57d89e81b35adc3a825deae6465f8e5ce360c8322f6ffd0923c,25/06/2023 23:38:42,ESCANER
8575,"Santa Rosa",6,"Casillas",4,1013,227,42,0,2,26,37,2,109,1,0,110,0,110,--,227,117,109,110,110,Algún campo sin dato,1,3be8289956e90af36007bc55def9e44e6f94a01c4e14cb6e3bc2988161095582,25/06/2023 23:24:55,ESCANER
8576,"Santa Rosa",6,"Casillas",4,1013,227,29,0,1,19,22,0,71,7,0,78,0,78,--,227,149,71,78,78,Algún campo sin dato,1,640cd5e2e7a4258958026703a4373d5428d778c4a980917bf05cecc69ae198f5,25/06/2023 23:32:58,ESCANER
8577,"Santa Rosa",6,"Casillas",4,1014,380,,,,,,,,,,,,,,,,,,,,0,,,
8578,"Santa Rosa",6,"Casillas",4,1015,328,,,,,,,,,,,,,,,,,,,,0,,,
8579,"Santa Rosa",6,"Casillas",4,1015,327,,,,,,,,,,,,,,,,,,,,0,,,
8580,"Santa Rosa",6,"Casillas",4,1016,581,52,6,0,15,15,2,90,9,3,102,0,102,--,577,475,90,102,102,Algún campo sin dato,1,22aa1e7aefb868f649adc12aef42cd0b83442e8677f471940f13c3a9933e6beb,25/06/2023 22:09:16,ESCANER
8581,"Santa Rosa",6,"Casillas",4,1016,580,17,0,0,6,4,0,27,2,1,30,0,30,--,580,550,27,30,30,Algún campo sin dato,1,05a86c12b8ec21916c82e0c993f36070d92cc94ccc9d884e23d9762b4a52c3d3,25/06/2023 21:34:17,ESCANER