﻿TIPO_DE_ELECCIÓN:,CORPORACIÓN MUNICIPAL
26 junio 2023 00:25 (UTC -6)
ACTAS_ESPERADAS,ACTAS_CAPTURADAS,PORCENTAJE_ACTAS_CAPTURADAS,ACTAS_CONTABILIZADAS,PORCENTAJE_ACTAS_CONTABILIZADAS,ACTAS_NO_CONTABILIZADAS,LISTA_NOMINAL_ACTAS_CONTABILIZADAS,VOTOS_EMITIDOS_CONTABILIZADAS,PORCENTAJE_PARTICIPACIÓN_CIUDADANA
47,5,10.6382,5,10.6382,0,1610,976,60.6211

MESA,DEPARTAMENTO,ID_DEPARTAMENTO,MUNICIPIO,ID_MUNICIPIO,CENTRO_DE_VOTACIÓN,PADRÓN,VICTORIA,MLP,VALOR,UNE,CAMBIO,CABAL,VAMOS,VIVA,TODOS,ELEFANTE,PPN,PODEMOS,AZUL,PHG,MI FAMILIA,CREO,VÁLIDOS,NULOS,BLANCO,EMITIDOS,INVÁLIDOS,TOTAL,IMPUGNACIONES,PAPELETAS-RECIBIDAS,PAPELETAS-NO-USADAS,VALIDOS_CALCULADO,EMITIDOS_CALCULADO,TOTAL_CALCULADO,OBSERVACIONES,CONTABILIZADA,CÓDIGO_INTEGRIDAD,FECHA_HORA_PUBLICACIÓN,DIGITALIZACIÓN
18909,"Alta Verapaz",16,"Santa Cruz Verapaz",2,2899,400,,,,,,,,,,,,,,,,,,,,,,,,,,,,,,0,,,
18910,"Alta Verapaz",16,"Santa Cruz Verapaz",2,2899,400,,,,,,,,,,,,,,,,,,,,,,,,,,,,,,0,,,
18911,"Alta Verapaz",16,"Santa Cruz Verapaz",2,2899,400,,,,,,,,,,,,,,,,,,,,,,,,,,,,,,0,,,
18912,"Alta Verapaz",16,"Santa Cruz Verapaz",2,2899,400,,,,,,,,,,,,,,,,,,,,,,,,,,,,,,0,,,
18913,"Alta Verapaz",16,"Santa Cruz Verapaz",2,2899,400,,,,,,,,,,,,,,,,,,,,,,,,,,,,,,0,,,
18914,"Alta Verapaz",16,"Santa Cruz Verapaz",2,2899,400,,,,,,,,,,,,,,,,,,,,,,,,,,,,,,0,,,
18915,"Alta Verapaz",16,"Santa Cruz Verapaz",2,2900,400,,,,,,,,,,,,,,,,,,,,,,,,,,,,,,0,,,
18916,"Alta Verapaz",16,"Santa Cruz Verapaz",2,2900,400,73,5,68,11,1,13,20,3,3,8,9,2,3,43,3,0,265,13,1,279,0,279,0,400,121,265,279,279,,1,5ca74d66b704fc610301d0c5eb7e6d2177793ef1495c8e200a2bfb71d6aa1d4d,26/06/2023 00:20:48,ESCANER
18917,"Alta Verapaz",16,"Santa Cruz Verapaz",2,2900,400,,,,,,,,,,,,,,,,,,,,,,,,,,,,,,0,,,
18918,"Alta Verapaz",16,"Santa Cruz Verapaz",2,2900,400,,,,,,,,,,,,,,,,,,,,,,,,,,,,,,0,,,
18919,"Alta Verapaz",16,"Santa Cruz Verapaz",2,2900,400,,,,,,,,,,,,,,,,,,,,,,,,,,,,,,0,,,
18920,"Alta Verapaz",16,"Santa Cruz Verapaz",2,2900,400,,,,,,,,,,,,,,,,,,,,,,,,,,,,,,0,,,
18921,"Alta Verapaz",16,"Santa Cruz Verapaz",2,2900,400,,,,,,,,,,,,,,,,,,,,,,,,,,,,,,0,,,
18922,"Alta Verapaz",16,"Santa Cruz Verapaz",2,2900,400,,,,,,,,,,,,,,,,,,,,,,,,,,,,,,0,,,
18923,"Alta Verapaz",16,"Santa Cruz Verapaz",2,2900,400,,,,,,,,,,,,,,,,,,,,,,,,,,,,,,0,,,
18924,"Alta Verapaz",16,"Santa Cruz Verapaz",2,2900,400,,,,,,,,,,,,,,,,,,,,,,,,,,,,,,0,,,
18925,"Alta Verapaz",16,"Santa Cruz Verapaz",2,2901,400,,,,,,,,,,,,,,,,,,,,,,,,,,,,,,0,,,
18926,"Alta Verapaz",16,"Santa Cruz Verapaz",2,2901,400,,,,,,,,,,,,,,,,,,,,,,,,,,,,,,0,,,
18927,"Alta Verapaz",16,"Santa Cruz Verapaz",2,2901,332,,,,,,,,,,,,,,,,,,,,,,,,,,,,,,0,,,
18928,"Alta Verapaz",16,"Santa Cruz Verapaz",2,2901,332,43,3,47,4,0,5,12,7,0,5,9,9,0,42,1,2,189,7,0,196,0,196,--,333,137,189,196,196,Algún campo sin dato,1,7ccceaea010268a30753c47e8404008c2c46d011371fb664f4c68c3963c0a954,26/06/2023 00:22:58,ESCANER
18929,"Alta Verapaz",16,"Santa Cruz Verapaz",2,2902,400,,,,,,,,,,,,,,,,,,,,,,,,,,,,,,0,,,
18930,"Alta Verapaz",16,"Santa Cruz Verapaz",2,2902,400,,,,,,,,,,,,,,,,,,,,,,,,,,,,,,0,,,
18931,"Alta Verapaz",16,"Santa Cruz Verapaz",2,2902,400,,,,,,,,,,,,,,,,,,,,,,,,,,,,,,0,,,
18932,"Alta Verapaz",16,"Santa Cruz Verapaz",2,2902,400,,,,,,,,,,,,,,,,,,,,,,,,,,,,,,0,,,
18933,"Alta Verapaz",16,"Santa Cruz Verapaz",2,2902,226,39,7,30,9,3,2,19,4,1,0,1,1,0,39,0,0,155,0,0,155,0,155,0,223,68,155,155,155,,1,a49556b3eefbf5b26d83e92bd433522d059085a2f456dec092c4e6fd8be49b82,25/06/2023 23:42:49,ESCANER
18934,"Alta Verapaz",16,"Santa Cruz Verapaz",2,2902,226,,,,,,,,,,,,,,,,,,,,,,,,,,,,,,0,,,
18935,"Alta Verapaz",16,"Santa Cruz Verapaz",2,2903,400,,,,,,,,,,,,,,,,,,,,,,,,,,,,,,0,,,
18936,"Alta Verapaz",16,"Santa Cruz Verapaz",2,2903,400,,,,,,,,,,,,,,,,,,,,,,,,,,,,,,0,,,
18937,"Alta Verapaz",16,"Santa Cruz Verapaz",2,2903,400,,,,,,,,,,,,,,,,,,,,,,,,,,,,,,0,,,
18938,"Alta Verapaz",16,"Santa Cruz Verapaz",2,2903,400,,,,,,,,,,,,,,,,,,,,,,,,,,,,,,0,,,
18939,"Alta Verapaz",16,"Santa Cruz Verapaz",2,2903,400,,,,,,,,,,,,,,,,,,,,,,,,,,,,,,0,,,
18940,"Alta Verapaz",16,"Santa Cruz Verapaz",2,2903,400,65,8,63,33,1,1,23,4,5,6,8,6,4,29,1,2,259,3,1,263,0,263,0,400,137,259,263,263,,1,99884c9cd50f4891f9a50bedf139af47ab25bfbe86ddd199ccd2f1c9c84dc727,25/06/2023 23:59:29,ESCANER
18941,"Alta Verapaz",16,"Santa Cruz Verapaz",2,2903,316,,,,,,,,,,,,,,,,,,,,,,,,,,,,,,0,,,
18942,"Alta Verapaz",16,"Santa Cruz Verapaz",2,2903,316,,,,,,,,,,,,,,,,,,,,,,,,,,,,,,0,,,
18943,"Alta Verapaz",16,"Santa Cruz Verapaz",2,2904,380,,,,,,,,,,,,,,,,,,,,,,,,,,,,,,0,,,
18944,"Alta Verapaz",16,"Santa Cruz Verapaz",2,2904,380,,,,,,,,,,,,,,,,,,,,,,,,,,,,,,0,,,
18945,"Alta Verapaz",16,"Santa Cruz Verapaz",2,2904,380,,,,,,,,,,,,,,,,,,,,,,,,,,,,,,0,,,
18946,"Alta Verapaz",16,"Santa Cruz Verapaz",2,2904,380,,,,,,,,,,,,,,,,,,,,,,,,,,,,,,0,,,
18947,"Alta Verapaz",16,"Santa Cruz Verapaz",2,2904,380,,,,,,,,,,,,,,,,,,,,,,,,,,,,,,0,,,
18948,"Alta Verapaz",16,"Santa Cruz Verapaz",2,2904,380,,,,,,,,,,,,,,,,,,,,,,,,,,,,,,0,,,
18949,"Alta Verapaz",16,"Santa Cruz Verapaz",2,2904,380,,,,,,,,,,,,,,,,,,,,,,,,,,,,,,0,,,
18950,"Alta Verapaz",16,"Santa Cruz Verapaz",2,2904,218,,,,,,,,,,,,,,,,,,,,,,,,,,,,,,0,,,
18951,"Alta Verapaz",16,"Santa Cruz Verapaz",2,2904,218,,,,,,,,,,,,,,,,,,,,,,,,,,,,,,0,,,
18952,"Alta Verapaz",16,"Santa Cruz Verapaz",2,2905,380,,,,,,,,,,,,,,,,,,,,,,,,,,,,,,0,,,
18953,"Alta Verapaz",16,"Santa Cruz Verapaz",2,2905,341,,,,,,,,,,,,,,,,,,,,,,,,,,,,,,0,,,
18954,"Alta Verapaz",16,"Santa Cruz Verapaz",2,2905,340,,,,,,,,,,,,,,,,,,,,,,,,,,,,,,0,,,
18955,"Alta Verapaz",16,"Santa Cruz Verapaz",2,2906,252,8,3,24,1,2,3,7,5,3,3,3,1,0,7,0,2,72,10,1,83,0,83,0,252,169,72,83,83,,1,c7bec0e20af89e0d5614feb0fe508b01b5603a618882bc7bad4ee8691838f463,25/06/2023 23:40:58,ESCANER