﻿TIPO_DE_ELECCIÓN:,CORPORACIÓN MUNICIPAL
26 junio 2023 00:25 (UTC -6)
ACTAS_ESPERADAS,ACTAS_CAPTURADAS,PORCENTAJE_ACTAS_CAPTURADAS,ACTAS_CONTABILIZADAS,PORCENTAJE_ACTAS_CONTABILIZADAS,ACTAS_NO_CONTABILIZADAS,LISTA_NOMINAL_ACTAS_CONTABILIZADAS,VOTOS_EMITIDOS_CONTABILIZADAS,PORCENTAJE_PARTICIPACIÓN_CIUDADANA
14,0,0.0000,0,0.0000,0,0,0,--.----

MESA,DEPARTAMENTO,ID_DEPARTAMENTO,MUNICIPIO,ID_MUNICIPIO,CENTRO_DE_VOTACIÓN,PADRÓN,CABAL,UNE,VAMOS,ELEFANTE,CAMBIO,PPN,VÁLIDOS,NULOS,BLANCO,EMITIDOS,INVÁLIDOS,TOTAL,IMPUGNACIONES,PAPELETAS-RECIBIDAS,PAPELETAS-NO-USADAS,VALIDOS_CALCULADO,EMITIDOS_CALCULADO,TOTAL_CALCULADO,OBSERVACIONES,CONTABILIZADA,CÓDIGO_INTEGRIDAD,FECHA_HORA_PUBLICACIÓN,DIGITALIZACIÓN
12437,"Suchitepéquez",10,"San Juan Bautista",16,1694,400,,,,,,,,,,,,,,,,,,,,0,,,
12438,"Suchitepéquez",10,"San Juan Bautista",16,1694,400,,,,,,,,,,,,,,,,,,,,0,,,
12439,"Suchitepéquez",10,"San Juan Bautista",16,1694,400,,,,,,,,,,,,,,,,,,,,0,,,
12440,"Suchitepéquez",10,"San Juan Bautista",16,1694,400,,,,,,,,,,,,,,,,,,,,0,,,
12441,"Suchitepéquez",10,"San Juan Bautista",16,1694,400,,,,,,,,,,,,,,,,,,,,0,,,
12442,"Suchitepéquez",10,"San Juan Bautista",16,1694,400,,,,,,,,,,,,,,,,,,,,0,,,
12443,"Suchitepéquez",10,"San Juan Bautista",16,1694,400,,,,,,,,,,,,,,,,,,,,0,,,
12444,"Suchitepéquez",10,"San Juan Bautista",16,1694,400,,,,,,,,,,,,,,,,,,,,0,,,
12445,"Suchitepéquez",10,"San Juan Bautista",16,1694,400,,,,,,,,,,,,,,,,,,,,0,,,
12446,"Suchitepéquez",10,"San Juan Bautista",16,1694,400,,,,,,,,,,,,,,,,,,,,0,,,
12447,"Suchitepéquez",10,"San Juan Bautista",16,1694,400,,,,,,,,,,,,,,,,,,,,0,,,
12448,"Suchitepéquez",10,"San Juan Bautista",16,1694,400,,,,,,,,,,,,,,,,,,,,0,,,
12449,"Suchitepéquez",10,"San Juan Bautista",16,1694,347,,,,,,,,,,,,,,,,,,,,0,,,
12450,"Suchitepéquez",10,"San Juan Bautista",16,1694,346,,,,,,,,,,,,,,,,,,,,0,,,