﻿TIPO_DE_ELECCIÓN:,CORPORACIÓN MUNICIPAL
26 junio 2023 00:25 (UTC -6)
ACTAS_ESPERADAS,ACTAS_CAPTURADAS,PORCENTAJE_ACTAS_CAPTURADAS,ACTAS_CONTABILIZADAS,PORCENTAJE_ACTAS_CONTABILIZADAS,ACTAS_NO_CONTABILIZADAS,LISTA_NOMINAL_ACTAS_CONTABILIZADAS,VOTOS_EMITIDOS_CONTABILIZADAS,PORCENTAJE_PARTICIPACIÓN_CIUDADANA
84,42,50.0000,42,50.0000,0,15093,8873,58.7888

MESA,DEPARTAMENTO,ID_DEPARTAMENTO,MUNICIPIO,ID_MUNICIPIO,CENTRO_DE_VOTACIÓN,PADRÓN,TODOS,PODEMOS,VIVA,CABAL,MLP,UNE,BIEN,ELEFANTE,VAMOS,VALOR,AZUL,FCN-NACION,CAMBIO,P A N,PPN,VÁLIDOS,NULOS,BLANCO,EMITIDOS,INVÁLIDOS,TOTAL,IMPUGNACIONES,PAPELETAS-RECIBIDAS,PAPELETAS-NO-USADAS,VALIDOS_CALCULADO,EMITIDOS_CALCULADO,TOTAL_CALCULADO,OBSERVACIONES,CONTABILIZADA,CÓDIGO_INTEGRIDAD,FECHA_HORA_PUBLICACIÓN,DIGITALIZACIÓN
12251,"Suchitepéquez",10,"Chicacao",13,1661,400,,,,,,,,,,,,,,,,,,,,,,,,,,,,,0,,,
12252,"Suchitepéquez",10,"Chicacao",13,1661,400,,,,,,,,,,,,,,,,,,,,,,,,,,,,,0,,,
12253,"Suchitepéquez",10,"Chicacao",13,1661,400,,,,,,,,,,,,,,,,,,,,,,,,,,,,,0,,,
12254,"Suchitepéquez",10,"Chicacao",13,1661,400,,,,,,,,,,,,,,,,,,,,,,,,,,,,,0,,,
12255,"Suchitepéquez",10,"Chicacao",13,1661,400,,,,,,,,,,,,,,,,,,,,,,,,,,,,,0,,,
12256,"Suchitepéquez",10,"Chicacao",13,1661,400,,,,,,,,,,,,,,,,,,,,,,,,,,,,,0,,,
12257,"Suchitepéquez",10,"Chicacao",13,1661,400,,,,,,,,,,,,,,,,,,,,,,,,,,,,,0,,,
12258,"Suchitepéquez",10,"Chicacao",13,1661,400,,,,,,,,,,,,,,,,,,,,,,,,,,,,,0,,,
12259,"Suchitepéquez",10,"Chicacao",13,1662,400,,,,,,,,,,,,,,,,,,,,,,,,,,,,,0,,,
12260,"Suchitepéquez",10,"Chicacao",13,1662,400,28,3,13,48,2,11,7,7,41,50,4,2,20,6,1,243,10,3,256,0,256,--,400,144,243,256,256,Algún campo sin dato,1,ffba96231b1dc03d7c7a77b2fc5c8322ad0eee961c79e41af1e35ddb5fd7dc3e,25/06/2023 23:50:36,ESCANER
12261,"Suchitepéquez",10,"Chicacao",13,1663,400,,,,,,,,,,,,,,,,,,,,,,,,,,,,,0,,,
12262,"Suchitepéquez",10,"Chicacao",13,1663,400,,,,,,,,,,,,,,,,,,,,,,,,,,,,,0,,,
12263,"Suchitepéquez",10,"Chicacao",13,1663,400,24,1,20,45,1,11,2,10,34,50,0,3,29,7,3,240,7,4,251,0,251,--,400,149,240,251,251,Algún campo sin dato,1,7ed1ccff2e73b4dfa05f181da06a858c7e2eb34a21220b5784871499260f92ca,25/06/2023 23:49:34,ESCANER
12264,"Suchitepéquez",10,"Chicacao",13,1663,400,31,5,16,43,2,10,2,13,37,65,1,2,15,4,1,247,21,1,269,0,269,--,400,131,247,269,269,Algún campo sin dato,1,3ca036be527bceb806402e84157eb9dbb6a325ad753b8f0ddbaa10f2accac2a7,26/06/2023 00:05:30,ESCANER
12265,"Suchitepéquez",10,"Chicacao",13,1663,400,25,2,21,48,1,16,0,2,33,54,3,2,18,8,0,233,27,8,268,0,268,--,400,129,233,268,268,Algún campo sin dato,1,24351079fd54b8a0037efe86f76fdfe45e88fe090ae8603dd05717fd7a9fe7b0,25/06/2023 23:21:28,ESCANER
12266,"Suchitepéquez",10,"Chicacao",13,1663,400,23,4,20,61,2,16,3,5,31,43,1,4,19,2,0,234,16,8,258,0,258,--,399,141,234,258,258,Algún campo sin dato,1,f4c70efd73083903e1f6df570989b9c9dfcc678423a0a687fff0ab98eec1f947,26/06/2023 00:13:32,ESCANER
12267,"Suchitepéquez",10,"Chicacao",13,1664,400,,,,,,,,,,,,,,,,,,,,,,,,,,,,,0,,,
12268,"Suchitepéquez",10,"Chicacao",13,1664,400,26,4,20,57,1,14,8,9,37,36,2,5,21,5,2,247,12,3,262,138,400,--,400,138,247,262,400,Algún campo sin dato,1,e81e544d7202a5b5eb1304f0cdeceb8dda1f51375e238820419cca29c94d00f2,25/06/2023 22:50:32,ESCANER
12269,"Suchitepéquez",10,"Chicacao",13,1664,400,34,2,14,44,1,12,3,8,37,58,1,3,20,5,2,244,4,4,252,0,--,--,400,148,244,252,252,Algún campo sin dato,1,a747b6d0e28ebb6dfebd107442ab45aa4092018778cf4c19f555cdc23be1726e,25/06/2023 23:40:51,ESCANER
12270,"Suchitepéquez",10,"Chicacao",13,1664,400,,,,,,,,,,,,,,,,,,,,,,,,,,,,,0,,,
12271,"Suchitepéquez",10,"Chicacao",13,1664,400,26,2,22,48,1,12,2,7,25,57,5,2,11,2,0,222,3,1,226,0,226,--,400,174,222,226,226,Algún campo sin dato,1,757fa7c1741ef9dad3f24ff29c990e5ada6546e89bb9123ba163acd662b430e7,25/06/2023 23:10:44,ESCANER
12272,"Suchitepéquez",10,"Chicacao",13,1664,357,30,4,20,41,1,7,6,7,36,52,1,4,10,2,--,222,9,0,231,0,231,--,357,126,221,230,230,Sumas Asentadas sin cuadrar,1,dc9bd4d43498b55cad914487bf8d00f771fbc9d17e3e731967240266fb2fd341,25/06/2023 23:23:51,ESCANER
12273,"Suchitepéquez",10,"Chicacao",13,1664,356,24,1,13,45,1,8,6,2,31,29,2,7,12,2,0,183,11,0,194,0,194,--,356,162,183,194,194,Algún campo sin dato,1,a916c02f6f1a85843900942d38f3af3eb065b92f2d0aea7c162ac3341c6ba70c,25/06/2023 23:06:08,ESCANER
12274,"Suchitepéquez",10,"Chicacao",13,1665,293,,,,,,,,,,,,,,,,,,,,,,,,,,,,,0,,,
12275,"Suchitepéquez",10,"Chicacao",13,1666,400,,,,,,,,,,,,,,,,,,,,,,,,,,,,,0,,,
12276,"Suchitepéquez",10,"Chicacao",13,1666,400,,,,,,,,,,,,,,,,,,,,,,,,,,,,,0,,,
12277,"Suchitepéquez",10,"Chicacao",13,1666,348,,,,,,,,,,,,,,,,,,,,,,,,,,,,,0,,,
12278,"Suchitepéquez",10,"Chicacao",13,1666,348,22,1,4,18,1,3,5,11,82,29,0,1,27,1,0,205,6,3,214,0,214,--,345,131,205,214,214,Algún campo sin dato,1,7d72b191bcb819f6c21b5bed5ec6d41a3c0efc2b8489cb4db309e0abd5f8962a,25/06/2023 22:41:14,ESCANER
12279,"Suchitepéquez",10,"Chicacao",13,1667,400,,,,,,,,,,,,,,,,,,,,,,,,,,,,,0,,,
12280,"Suchitepéquez",10,"Chicacao",13,1667,400,23,3,15,70,2,4,8,8,19,66,0,0,10,2,0,230,11,0,241,0,241,--,400,159,230,241,241,Algún campo sin dato,1,ceacb1fbcdd59abcea2494f8d5e8e06e0fdb6af70923833fd18e00e0799991b6,25/06/2023 22:51:03,ESCANER
12281,"Suchitepéquez",10,"Chicacao",13,1667,372,17,2,29,72,0,9,5,19,14,38,0,1,4,1,--,211,19,3,233,0,233,1,369,135,211,233,233,Algún campo sin dato,1,f544ffa311308daa4973895faf91dfb302deb9a98c6a9a707eb9eaa226939c80,25/06/2023 23:44:25,ESCANER
12282,"Suchitepéquez",10,"Chicacao",13,1667,372,21,1,14,66,1,6,1,7,17,58,1,0,7,3,0,203,6,3,212,0,212,--,372,160,203,212,212,Algún campo sin dato,1,88741680e0316cee56b1c1d89de759985528e6eb4eb2a674bc5bc285ebdafd8e,25/06/2023 22:28:34,ESCANER
12283,"Suchitepéquez",10,"Chicacao",13,1668,380,11,1,10,4,1,9,30,20,91,11,4,0,2,2,2,196,19,10,225,0,225,--,381,156,198,227,227,Sumas Asentadas sin cuadrar,1,8fe1d7057dd82786caef911b412546d50836cddc6ad259c6af76d0bdf14ac6aa,25/06/2023 23:42:26,ESCANER
12284,"Suchitepéquez",10,"Chicacao",13,1668,380,,,,,,,,,,,,,,,,,,,,,,,,,,,,,0,,,
12285,"Suchitepéquez",10,"Chicacao",13,1668,380,10,0,5,5,0,17,23,21,91,19,5,1,4,0,0,201,26,10,237,0,237,0,380,143,201,237,237,,1,54e2d24c95eac8f75b57c0715ecce89acf84cc6876b4dc99a10b915a989a0c0d,26/06/2023 00:10:41,ESCANER
12286,"Suchitepéquez",10,"Chicacao",13,1668,204,5,1,4,4,0,7,17,11,42,8,4,0,1,0,1,105,8,5,118,0,118,--,204,86,105,118,118,Algún campo sin dato,1,3482cfd5ab0dd1dc1e7344e9817d425f23f9e1bca440b978923b8e079e91fe26,25/06/2023 22:22:17,ESCANER
12287,"Suchitepéquez",10,"Chicacao",13,1668,204,2,0,1,2,1,2,12,15,37,8,1,0,4,1,0,86,3,1,90,0,90,--,201,111,86,90,90,Algún campo sin dato,1,fcea271f512d97cc729cc00ba2e8ec499e297882808768300257f15084b46368,25/06/2023 22:25:58,ESCANER
12288,"Suchitepéquez",10,"Chicacao",13,1669,380,,,,,,,,,,,,,,,,,,,,,,,,,,,,,0,,,
12289,"Suchitepéquez",10,"Chicacao",13,1669,380,,,,,,,,,,,,,,,,,,,,,,,,,,,,,0,,,
12290,"Suchitepéquez",10,"Chicacao",13,1669,380,,,,,,,,,,,,,,,,,,,,,,,,,,,,,0,,,
12291,"Suchitepéquez",10,"Chicacao",13,1669,299,22,3,7,9,8,6,16,12,22,14,2,0,60,0,0,181,15,1,197,0,197,--,--,--,181,197,197,Algún campo sin dato,1,b9d963fd2db0ef0c04af7e9946db32bc9952fba34085f0cffa57fffa725da224,26/06/2023 00:24:45,ESCANER
12292,"Suchitepéquez",10,"Chicacao",13,1669,298,12,0,8,11,2,2,14,9,16,22,4,0,65,0,0,165,3,2,170,0,170,--,298,128,165,170,170,Algún campo sin dato,1,bf108aca428015471944481ad19bf7bff2c10676d6faccc2696e6ceb6f261b9d,25/06/2023 23:45:05,ESCANER
12293,"Suchitepéquez",10,"Chicacao",13,1670,380,90,9,47,10,8,7,2,3,21,38,7,1,5,0,2,250,18,2,270,0,270,--,380,110,250,270,270,Algún campo sin dato,1,6a400db7b44cf45963ce6ed79c4ee2fc4cd251035a95ca35beea4a2e8c415fd8,25/06/2023 23:49:20,ESCANER
12294,"Suchitepéquez",10,"Chicacao",13,1670,380,,,,,,,,,,,,,,,,,,,,,,,,,,,,,0,,,
12295,"Suchitepéquez",10,"Chicacao",13,1670,380,,,,,,,,,,,,,,,,,,,,,,,,,,,,,0,,,
12296,"Suchitepéquez",10,"Chicacao",13,1670,380,80,18,37,15,6,4,2,3,17,47,2,0,1,0,0,232,13,1,246,0,246,--,380,134,232,246,246,Algún campo sin dato,1,bcbde91fcbeb47c200818cc18096cf4ff6a56b8c7d4d074002675a54bf61705d,25/06/2023 23:06:47,ESCANER
12297,"Suchitepéquez",10,"Chicacao",13,1670,380,,,,,,,,,,,,,,,,,,,,,,,,,,,,,0,,,
12298,"Suchitepéquez",10,"Chicacao",13,1670,380,,,,,,,,,,,,,,,,,,,,,,,,,,,,,0,,,
12299,"Suchitepéquez",10,"Chicacao",13,1670,380,91,15,41,8,5,4,1,4,20,40,2,0,1,0,0,232,4,0,236,0,236,--,380,144,232,236,236,Algún campo sin dato,1,ca22921d20557ead1dadf287a6167bd87ce1fcc06f9bb1db191c21849c7c0194,25/06/2023 22:57:58,ESCANER
12300,"Suchitepéquez",10,"Chicacao",13,1671,380,,,,,,,,,,,,,,,,,,,,,,,,,,,,,0,,,
12301,"Suchitepéquez",10,"Chicacao",13,1671,380,,,,,,,,,,,,,,,,,,,,,,,,,,,,,0,,,
12302,"Suchitepéquez",10,"Chicacao",13,1671,380,,,,,,,,,,,,,,,,,,,,,,,,,,,,,0,,,
12303,"Suchitepéquez",10,"Chicacao",13,1671,380,,,,,,,,,,,,,,,,,,,,,,,,,,,,,0,,,
12304,"Suchitepéquez",10,"Chicacao",13,1671,380,,,,,,,,,,,,,,,,,,,,,,,,,,,,,0,,,
12305,"Suchitepéquez",10,"Chicacao",13,1671,380,,,,,,,,,,,,,,,,,,,,,,,,,,,,,0,,,
12306,"Suchitepéquez",10,"Chicacao",13,1671,380,,,,,,,,,,,,,,,,,,,,,,,,,,,,,0,,,
12307,"Suchitepéquez",10,"Chicacao",13,1671,380,,,,,,,,,,,,,,,,,,,,,,,,,,,,,0,,,
12308,"Suchitepéquez",10,"Chicacao",13,1672,380,,,,,,,,,,,,,,,,,,,,,,,,,,,,,0,,,
12309,"Suchitepéquez",10,"Chicacao",13,1672,380,,,,,,,,,,,,,,,,,,,,,,,,,,,,,0,,,
12310,"Suchitepéquez",10,"Chicacao",13,1672,380,,,,,,,,,,,,,,,,,,,,,,,,,,,,,0,,,
12311,"Suchitepéquez",10,"Chicacao",13,1672,380,69,10,51,11,9,2,0,4,21,41,4,0,2,1,0,225,6,1,232,0,232,--,380,148,225,232,232,Algún campo sin dato,1,be6867c86d28c238cc40b83b1514105c92b621f59fbc20c6e0da1135d5a69f80,26/06/2023 00:09:22,ESCANER
12312,"Suchitepéquez",10,"Chicacao",13,1672,380,80,16,61,7,2,4,1,1,28,32,1,1,2,0,0,236,1,1,238,0,238,--,379,141,236,238,238,Algún campo sin dato,1,fb88d6cef70175afec2b293400cc8bdbe3e53d11e0b57209762a09020da66c83,25/06/2023 22:26:29,ESCANER
12313,"Suchitepéquez",10,"Chicacao",13,1672,380,91,9,46,2,4,2,1,3,11,51,3,0,4,1,0,228,1,1,230,0,230,--,380,150,228,230,230,Algún campo sin dato,1,7011db9f47dd15411278fc8ec79d452379c5261aa79a6f450f80a4c74848054f,25/06/2023 22:37:25,ESCANER
12314,"Suchitepéquez",10,"Chicacao",13,1672,267,61,11,24,4,2,1,3,5,7,29,1,0,2,0,0,150,3,1,154,0,154,--,267,113,150,154,154,Algún campo sin dato,1,a7324192e98641606369be23efa2521f9cff547927899794c6e3349daccc7d83,25/06/2023 22:35:18,ESCANER
12315,"Suchitepéquez",10,"Chicacao",13,1672,267,50,6,27,6,5,5,2,3,8,20,3,0,1,0,0,136,6,2,144,0,144,--,267,123,136,144,144,Algún campo sin dato,1,11934425e901de7609bf53583b00ba31132969b5051918ac6bf9414ef069d832,25/06/2023 22:53:53,ESCANER
12316,"Suchitepéquez",10,"Chicacao",13,1673,380,27,3,17,16,13,15,11,28,59,27,--,2,8,1,--,227,23,10,260,--,227,--,380,120,227,260,260,Sumas Asentadas sin cuadrar,1,73cd56c4fbaf0a00c1d2ce6a6467c6adf2d785020512c7d34ca6afb1fc084623,26/06/2023 00:23:40,ESCANER
12317,"Suchitepéquez",10,"Chicacao",13,1673,380,,,,,,,,,,,,,,,,,,,,,,,,,,,,,0,,,
12318,"Suchitepéquez",10,"Chicacao",13,1673,380,40,3,17,15,12,12,7,39,49,29,5,0,7,3,1,239,19,7,265,0,265,--,379,114,239,265,265,Algún campo sin dato,1,ac9c6b4ca044b4d1d2c36f249abe104db651b97367cc36e7ee2a9e3c8a05d6c7,25/06/2023 23:52:25,ESCANER
12319,"Suchitepéquez",10,"Chicacao",13,1673,380,,,,,,,,,,,,,,,,,,,,,,,,,,,,,0,,,
12320,"Suchitepéquez",10,"Chicacao",13,1673,380,25,2,12,13,12,18,11,28,51,12,3,3,18,2,0,210,19,10,239,0,239,--,380,141,210,239,239,Algún campo sin dato,1,7b7e51f46172c5c247fa993f200c5407e3d8c7b1deca46db6ad8ec4ab61b76d4,25/06/2023 23:07:33,ESCANER
12321,"Suchitepéquez",10,"Chicacao",13,1673,380,46,1,13,8,7,16,6,37,50,35,1,3,6,4,0,233,25,8,266,0,266,--,380,114,233,266,266,Algún campo sin dato,1,0539876ef92d36297763c4b90ab221074f33512495d666b5dd3eb4e24e011300,26/06/2023 00:06:00,ESCANER
12322,"Suchitepéquez",10,"Chicacao",13,1673,380,,,,,,,,,,,,,,,,,,,,,,,,,,,,,0,,,
12323,"Suchitepéquez",10,"Chicacao",13,1673,241,14,2,12,7,5,3,6,27,30,21,1,0,6,0,0,134,1,0,135,0,135,--,241,106,134,135,135,Algún campo sin dato,1,30ba177c12ec67a325df415e52c571d964df2f397af7beebfadc9fbfd20a154d,25/06/2023 22:40:59,ESCANER
12324,"Suchitepéquez",10,"Chicacao",13,1673,241,18,0,5,8,9,7,8,14,23,10,0,0,0,2,0,106,6,1,113,11,124,--,--,--,104,111,122,Sumas Asentadas sin cuadrar,1,989ed1493470f943df4029ac6bbb7f2ec1938a994ca9121c7f3cbf910be1a515,25/06/2023 22:15:45,ESCANER
12325,"Suchitepéquez",10,"Chicacao",13,1674,380,45,59,13,6,3,11,18,8,24,9,1,0,2,4,1,206,26,6,238,0,238,--,380,142,204,236,236,Sumas Asentadas sin cuadrar,1,fc32bee2ebfa2dc8b8e23eb0b31b817420a8ca7a5223e8158c029fc4cc5df672,26/06/2023 00:16:27,ESCANER
12326,"Suchitepéquez",10,"Chicacao",13,1674,380,,,,,,,,,,,,,,,,,,,,,,,,,,,,,0,,,
12327,"Suchitepéquez",10,"Chicacao",13,1674,380,,,,,,,,,,,,,,,,,,,,,,,,,,,,,0,,,
12328,"Suchitepéquez",10,"Chicacao",13,1674,380,41,57,17,3,2,9,13,6,14,14,6,0,2,3,1,188,37,6,231,0,231,--,380,149,188,231,231,Algún campo sin dato,1,421ff7650ba1aeb93995bfd751509739f1c20e20bb0a90143da5319918e449f7,25/06/2023 23:51:23,ESCANER
12329,"Suchitepéquez",10,"Chicacao",13,1674,380,38,76,12,4,2,17,14,5,13,11,5,1,3,1,0,202,34,8,244,0,244,--,380,136,202,244,244,Algún campo sin dato,1,dabbc5762fc95a5af6a197b8619ac77754c7f6b7c707c89dbf90e972f5837907,26/06/2023 00:22:59,ESCANER
12330,"Suchitepéquez",10,"Chicacao",13,1674,327,42,63,12,1,1,4,10,3,17,13,6,0,3,0,0,175,7,3,185,0,185,--,327,142,175,185,185,Algún campo sin dato,1,2eab4f8c7f670ee0f08c434069983d89ac328171d37d467b05f560e7c8663b2b,25/06/2023 22:25:28,ESCANER
12331,"Suchitepéquez",10,"Chicacao",13,1674,326,41,61,9,2,2,4,10,1,15,5,2,0,1,0,0,153,10,3,166,0,166,--,326,160,153,166,166,Algún campo sin dato,1,d0b405685b3b811530208bcca01f541251eb77f1bb9599dcd546919132a46419,25/06/2023 23:28:16,ESCANER
12332,"Suchitepéquez",10,"Chicacao",13,1675,600,23,5,17,29,3,8,4,15,28,23,1,1,6,3,1,167,12,5,184,--,184,--,597,413,167,184,184,Algún campo sin dato,1,64aece9bb58820eadd9e4da4d229874a47906665ca1c5dc3071bf5107178ee66,25/06/2023 23:08:40,ESCANER
12333,"Suchitepéquez",10,"Chicacao",13,1675,357,20,3,8,16,3,6,1,8,15,18,2,4,6,0,0,110,8,6,124,233,357,--,357,233,110,124,357,Algún campo sin dato,1,0b33de6ad1dbda468992181cedf3285d22c8401750dfbbcfdc83b98fcacdccc5,26/06/2023 00:06:49,ESCANER
12334,"Suchitepéquez",10,"Chicacao",13,1675,357,7,2,8,8,4,3,3,5,13,7,0,1,6,0,0,67,4,1,72,0,72,--,357,285,67,72,72,Algún campo sin dato,1,eaba828515acfd71fd714f217c741f737dcc621dafa6cd445c42707324a8f39d,25/06/2023 22:40:47,ESCANER