﻿TIPO_DE_ELECCIÓN:,CORPORACIÓN MUNICIPAL
26 junio 2023 00:25 (UTC -6)
ACTAS_ESPERADAS,ACTAS_CAPTURADAS,PORCENTAJE_ACTAS_CAPTURADAS,ACTAS_CONTABILIZADAS,PORCENTAJE_ACTAS_CONTABILIZADAS,ACTAS_NO_CONTABILIZADAS,LISTA_NOMINAL_ACTAS_CONTABILIZADAS,VOTOS_EMITIDOS_CONTABILIZADAS,PORCENTAJE_PARTICIPACIÓN_CIUDADANA
43,21,48.8372,21,48.8372,0,7505,4656,62.0386

MESA,DEPARTAMENTO,ID_DEPARTAMENTO,MUNICIPIO,ID_MUNICIPIO,CENTRO_DE_VOTACIÓN,PADRÓN,VAMOS,CABAL,MLP,UNE,BIEN,PPN,SEMILLA,VIVA,CAMBIO,MI FAMILIA,VALOR UNIONISTA,VÁLIDOS,NULOS,BLANCO,EMITIDOS,INVÁLIDOS,TOTAL,IMPUGNACIONES,PAPELETAS-RECIBIDAS,PAPELETAS-NO-USADAS,VALIDOS_CALCULADO,EMITIDOS_CALCULADO,TOTAL_CALCULADO,OBSERVACIONES,CONTABILIZADA,CÓDIGO_INTEGRIDAD,FECHA_HORA_PUBLICACIÓN,DIGITALIZACIÓN
8607,"Santa Rosa",6,"Oratorio",6,1021,400,,,,,,,,,,,,,,,,,,,,,,,,,0,,,
8608,"Santa Rosa",6,"Oratorio",6,1021,400,,,,,,,,,,,,,,,,,,,,,,,,,0,,,
8609,"Santa Rosa",6,"Oratorio",6,1021,400,,,,,,,,,,,,,,,,,,,,,,,,,0,,,
8610,"Santa Rosa",6,"Oratorio",6,1021,400,53,66,0,34,4,32,1,16,18,11,24,259,12,1,272,0,272,--,403,131,259,272,272,Algún campo sin dato,1,c7f8124ee5af2b40b2d0080b65a3897af5776e25ec67e06386f11c8c923c15ef,26/06/2023 00:17:59,ESCANER
8611,"Santa Rosa",6,"Oratorio",6,1021,400,,,,,,,,,,,,,,,,,,,,,,,,,0,,,
8612,"Santa Rosa",6,"Oratorio",6,1021,400,,,,,,,,,,,,,,,,,,,,,,,,,0,,,
8613,"Santa Rosa",6,"Oratorio",6,1022,400,72,43,0,31,3,32,2,19,15,5,12,234,20,1,255,0,255,--,404,149,234,255,255,Algún campo sin dato,1,42a9802c34199844ceeb1c4231b5d9bc94ef67924675529b4022757d9c72ff5a,26/06/2023 00:05:49,ESCANER
8614,"Santa Rosa",6,"Oratorio",6,1022,400,36,52,0,32,1,39,1,12,9,8,12,202,15,0,217,0,217,--,400,183,202,217,217,Algún campo sin dato,1,6fe48e4cddfc3fd3094060856913738355725b01d7d2ad7e43f1f3222c6caf09,26/06/2023 00:12:56,ESCANER
8615,"Santa Rosa",6,"Oratorio",6,1022,400,,,,,,,,,,,,,,,,,,,,,,,,,0,,,
8616,"Santa Rosa",6,"Oratorio",6,1022,400,,,,,,,,,,,,,,,,,,,,,,,,,0,,,
8617,"Santa Rosa",6,"Oratorio",6,1022,400,,,,,,,,,,,,,,,,,,,,,,,,,0,,,
8618,"Santa Rosa",6,"Oratorio",6,1022,400,52,50,1,37,4,40,6,10,9,7,21,237,3,0,240,0,240,--,404,164,237,240,240,Algún campo sin dato,1,643ecbd99e588d601ec1f48dd6d898ecca520b2589e78cc7acc506cb27864ede,26/06/2023 00:15:50,ESCANER
8619,"Santa Rosa",6,"Oratorio",6,1023,233,,,,,,,,,,,,,,,,,,,,,,,,,0,,,
8620,"Santa Rosa",6,"Oratorio",6,1023,232,21,19,0,15,0,18,4,6,7,2,4,96,5,0,101,0,101,--,233,132,96,101,101,Algún campo sin dato,1,6b44fb3b19c101ca2aa960ee475d6a6ba580511ca71509633d8f5834b88d47d8,26/06/2023 00:11:21,ESCANER
8621,"Santa Rosa",6,"Oratorio",6,1024,380,12,36,0,135,9,31,0,11,0,2,1,237,23,5,265,0,265,--,384,119,237,265,265,Algún campo sin dato,1,9f8b51b5af7fc2dbd2581dddce5bbf551741e8e352bae49f546044b187adfdfc,26/06/2023 00:05:08,ESCANER
8622,"Santa Rosa",6,"Oratorio",6,1024,380,,,,,,,,,,,,,,,,,,,,,,,,,0,,,
8623,"Santa Rosa",6,"Oratorio",6,1024,380,,,,,,,,,,,,,,,,,,,,,,,,,0,,,
8624,"Santa Rosa",6,"Oratorio",6,1024,363,10,35,0,92,7,34,0,10,0,0,1,189,14,4,207,0,207,--,364,157,189,207,207,Algún campo sin dato,1,a410939fd623fe2a6832742c8c982edf5f2dc6ec096102f5e24e95f0a8b70171,26/06/2023 00:23:28,ESCANER
8625,"Santa Rosa",6,"Oratorio",6,1024,362,5,43,--,88,7,31,2,8,--,--,--,184,5,0,189,174,363,--,--,--,184,189,363,Algún campo sin dato,1,ac67df20e4eb61d689a82c6d8020d26b69854fbb093d4cdcb3bc62d7b7aff77e,26/06/2023 00:17:04,ESCANER
8626,"Santa Rosa",6,"Oratorio",6,1025,380,89,16,4,76,3,45,3,2,0,0,0,238,17,4,259,0,259,--,384,125,238,259,259,Algún campo sin dato,1,9b82aa510e200199de051e6bbd6be08e3b8f6ca35c04bbeeb35ee19158c2ec1b,25/06/2023 22:46:54,ESCANER
8627,"Santa Rosa",6,"Oratorio",6,1025,380,77,18,1,78,11,42,0,4,1,0,1,233,30,13,276,0,276,--,--,--,233,276,276,Algún campo sin dato,1,d1db793b6eeee1100f7542c441ae8a610237021c71d3e48269efdfc296e28281,25/06/2023 22:58:57,ESCANER
8628,"Santa Rosa",6,"Oratorio",6,1025,380,,,,,,,,,,,,,,,,,,,,,,,,,0,,,
8629,"Santa Rosa",6,"Oratorio",6,1025,380,,,,,,,,,,,,,,,,,,,,,,,,,0,,,
8630,"Santa Rosa",6,"Oratorio",6,1025,380,108,18,3,70,6,39,1,6,0,0,3,254,13,7,274,0,274,--,380,106,254,274,274,Algún campo sin dato,1,f46fda2b41638bdde81658d914b8d3b313157ce5667080e5df1d276085a87f94,26/06/2023 00:16:45,ESCANER
8631,"Santa Rosa",6,"Oratorio",6,1025,380,74,9,1,66,6,48,4,3,3,0,1,215,5,2,222,0,222,--,384,162,215,222,222,Algún campo sin dato,1,2be9be0247f23f859441cadaaaf1e09bce872398bd8db34ca43669369c829dad,25/06/2023 22:05:11,ESCANER
8632,"Santa Rosa",6,"Oratorio",6,1025,380,,,,,,,,,,,,,,,,,,,,,,,,,0,,,
8633,"Santa Rosa",6,"Oratorio",6,1025,380,,,,,,,,,,,,,,,,,,,,,,,,,0,,,
8634,"Santa Rosa",6,"Oratorio",6,1026,380,87,12,0,87,8,46,1,3,1,0,1,246,13,3,262,0,262,--,384,122,246,262,262,Algún campo sin dato,1,a8b1501698741d343fae09020fe5dea713088f7088983ab23119d57ee2a832e9,25/06/2023 23:25:22,ESCANER
8635,"Santa Rosa",6,"Oratorio",6,1026,380,75,13,2,71,6,44,0,0,0,0,0,211,10,1,222,0,222,--,384,162,211,222,222,Algún campo sin dato,1,fccd937fa60d7c6e7ca9a79b825d24e2cc7f517c95bf6056452e282872e3c2d8,25/06/2023 22:18:07,ESCANER
8636,"Santa Rosa",6,"Oratorio",6,1026,380,82,13,1,88,5,43,4,2,0,0,2,240,5,0,245,0,245,--,381,136,240,245,245,Algún campo sin dato,1,487ffc0f5ce932c502eec526eaee3ddb9158f70ab922b9ec4794dcac98fce7e3,25/06/2023 23:06:03,ESCANER
8637,"Santa Rosa",6,"Oratorio",6,1026,314,58,13,0,71,8,43,2,2,0,0,0,197,7,1,205,0,205,--,315,110,197,205,205,Algún campo sin dato,1,55496fe1d1b354e1cb2533f9212db937f6a675110fb029e7533cd53a4d9ba891,25/06/2023 21:40:10,ESCANER
8638,"Santa Rosa",6,"Oratorio",6,1026,314,47,14,1,54,5,35,1,1,0,0,2,160,7,0,167,0,167,--,314,147,160,167,167,Algún campo sin dato,1,5dbd7db8c20758903d112859dd4c6a30588b6acf348dd3736b26f4cff4195c40,25/06/2023 22:12:33,ESCANER
8639,"Santa Rosa",6,"Oratorio",6,1027,380,42,75,0,82,2,12,3,6,4,0,0,226,14,4,244,0,244,0,384,140,226,244,244,,1,57e046325c4be91d91466f9b4e53794546650189e2900054ed09b91e14390e90,26/06/2023 00:04:37,MOVIL
8640,"Santa Rosa",6,"Oratorio",6,1027,380,32,60,0,88,2,15,0,11,2,2,2,214,16,3,233,0,233,--,384,151,214,233,233,Algún campo sin dato,1,5ff48ce6041bfa5c87169832ee198f9919c5eb76ab001e40f5adb16b4f6a0b52,26/06/2023 00:02:21,MOVIL
8641,"Santa Rosa",6,"Oratorio",6,1027,280,20,53,0,56,3,7,0,5,2,2,2,150,12,4,166,0,166,--,284,118,150,166,166,Algún campo sin dato,1,4875a187b49f684c5ca74594096abbdbac3d8b0a7b44ccca7b4686a274e440bd,26/06/2023 00:04:29,MOVIL
8642,"Santa Rosa",6,"Oratorio",6,1027,280,,,,,,,,,,,,,,,,,,,,,,,,,0,,,
8643,"Santa Rosa",6,"Oratorio",6,1028,380,,,,,,,,,,,,,,,,,,,,,,,,,0,,,
8644,"Santa Rosa",6,"Oratorio",6,1028,380,,,,,,,,,,,,,,,,,,,,,,,,,0,,,
8645,"Santa Rosa",6,"Oratorio",6,1028,380,,,,,,,,,,,,,,,,,,,,,,,,,0,,,
8646,"Santa Rosa",6,"Oratorio",6,1028,240,11,28,1,42,4,29,0,9,0,0,1,125,10,0,135,0,135,--,241,106,125,135,135,Algún campo sin dato,1,3cfb5d81d1e11308a3ae6b3b1e2c69f612541151dac6fef46bd95a290dd49399,26/06/2023 00:06:37,ESCANER
8647,"Santa Rosa",6,"Oratorio",6,1028,239,,,,,,,,,,,,,,,,,,,,,,,,,0,,,
8648,"Santa Rosa",6,"Oratorio",6,1029,556,,,,,,,,,,,,,,,,,,,,,,,,,0,,,
8649,"Santa Rosa",6,"Oratorio",6,1029,555,,,,,,,,,,,,,,,,,,,,,,,,,0,,,