﻿TIPO_DE_ELECCIÓN:,CORPORACIÓN MUNICIPAL
26 junio 2023 00:25 (UTC -6)
ACTAS_ESPERADAS,ACTAS_CAPTURADAS,PORCENTAJE_ACTAS_CAPTURADAS,ACTAS_CONTABILIZADAS,PORCENTAJE_ACTAS_CONTABILIZADAS,ACTAS_NO_CONTABILIZADAS,LISTA_NOMINAL_ACTAS_CONTABILIZADAS,VOTOS_EMITIDOS_CONTABILIZADAS,PORCENTAJE_PARTICIPACIÓN_CIUDADANA
174,76,43.6781,76,43.6781,0,28467,12452,43.7418

MESA,DEPARTAMENTO,ID_DEPARTAMENTO,MUNICIPIO,ID_MUNICIPIO,CENTRO_DE_VOTACIÓN,PADRÓN,CABAL,VALOR UNIONISTA,AZUL,UNE,VAMOS,VICTORIA,ELEFANTE,PODEMOS,TODOS,CAMBIO,VIVA,P A N,SEMILLA,EL TAJAS,VÁLIDOS,NULOS,BLANCO,EMITIDOS,INVÁLIDOS,TOTAL,IMPUGNACIONES,PAPELETAS-RECIBIDAS,PAPELETAS-NO-USADAS,VALIDOS_CALCULADO,EMITIDOS_CALCULADO,TOTAL_CALCULADO,OBSERVACIONES,CONTABILIZADA,CÓDIGO_INTEGRIDAD,FECHA_HORA_PUBLICACIÓN,DIGITALIZACIÓN
22354,"Chiquimula",20,"Chiquimula",1,3485,400,8,34,6,29,25,3,49,3,1,18,9,1,6,49,241,12,0,253,0,253,--,400,147,241,253,253,Algún campo sin dato,1,17dcccbe140b75590fa3eefcbe9f0c797cc7ff43aa30b7a12fd832e0e3b90bdb,25/06/2023 23:27:50,ESCANER
22355,"Chiquimula",20,"Chiquimula",1,3485,400,8,30,11,30,25,2,41,2,1,27,2,1,2,59,241,12,1,254,0,254,--,400,146,241,254,254,Algún campo sin dato,1,f7909e096dab34ff5793d2b82fe627bcd8c8cbacf9e16b4f4577354ad8588007,25/06/2023 22:31:19,ESCANER
22356,"Chiquimula",20,"Chiquimula",1,3485,400,,,,,,,,,,,,,,,,,,,,,,,,,,,,0,,,
22357,"Chiquimula",20,"Chiquimula",1,3485,400,13,30,10,31,32,2,45,1,2,32,2,3,4,41,248,11,3,262,0,262,--,400,138,248,262,262,Algún campo sin dato,1,1d718ca48f8f571b4761d7cedc2f68c3f66adb53110a00762c04e0ae7ac2acd5,25/06/2023 21:37:27,ESCANER
22358,"Chiquimula",20,"Chiquimula",1,3485,400,18,33,8,34,20,3,44,4,2,35,1,2,3,44,251,14,3,268,0,268,--,400,132,251,268,268,Algún campo sin dato,1,1f8d1556e9754444ea84913d1a94c03c4be1b4e91b78428c05d7a43954815fc9,25/06/2023 23:52:37,ESCANER
22359,"Chiquimula",20,"Chiquimula",1,3485,400,,,,,,,,,,,,,,,,,,,,,,,,,,,,0,,,
22360,"Chiquimula",20,"Chiquimula",1,3486,400,6,24,9,20,31,0,62,3,2,24,1,2,2,61,247,3,1,251,0,251,--,400,149,247,251,251,Algún campo sin dato,1,52b26be71d745eb10c3acb658922cf2b06875225c556409d9c740e6c8a52649c,25/06/2023 23:53:45,ESCANER
22361,"Chiquimula",20,"Chiquimula",1,3486,400,,,,,,,,,,,,,,,,,,,,,,,,,,,,0,,,
22362,"Chiquimula",20,"Chiquimula",1,3486,400,,,,,,,,,,,,,,,,,,,,,,,,,,,,0,,,
22363,"Chiquimula",20,"Chiquimula",1,3486,400,,,,,,,,,,,,,,,,,,,,,,,,,,,,0,,,
22364,"Chiquimula",20,"Chiquimula",1,3486,400,,,,,,,,,,,,,,,,,,,,,,,,,,,,0,,,
22365,"Chiquimula",20,"Chiquimula",1,3486,400,,,,,,,,,,,,,,,,,,,,,,,,,,,,0,,,
22366,"Chiquimula",20,"Chiquimula",1,3487,400,,,,,,,,,,,,,,,,,,,,,,,,,,,,0,,,
22367,"Chiquimula",20,"Chiquimula",1,3487,400,,,,,,,,,,,,,,,,,,,,,,,,,,,,0,,,
22368,"Chiquimula",20,"Chiquimula",1,3487,400,,,,,,,,,,,,,,,,,,,,,,,,,,,,0,,,
22369,"Chiquimula",20,"Chiquimula",1,3488,400,,,,,,,,,,,,,,,,,,,,,,,,,,,,0,,,
22370,"Chiquimula",20,"Chiquimula",1,3488,400,10,14,6,20,24,1,46,2,1,21,2,1,4,37,189,6,0,195,0,195,--,400,205,189,195,195,Algún campo sin dato,1,757ccd6bac0407ed3d1d7c203038491a20028474cfef48b67e890bee9d516ac7,25/06/2023 22:47:11,ESCANER
22371,"Chiquimula",20,"Chiquimula",1,3488,400,9,22,9,23,18,1,45,1,3,21,5,1,5,46,209,6,0,215,0,215,--,400,185,209,215,215,Algún campo sin dato,1,915e865849682ed4a510af6b145b4c9908a9fdd69cc6b90f8930be3332f0f2b2,25/06/2023 23:32:13,ESCANER
22372,"Chiquimula",20,"Chiquimula",1,3489,242,6,8,4,4,15,0,18,0,0,4,0,3,7,21,90,8,0,98,0,98,--,242,144,90,98,98,Algún campo sin dato,1,4cdff866651313b074e20df32da3e681883d345dffc1be80fb66d5beef67ef12,25/06/2023 22:15:59,ESCANER
22373,"Chiquimula",20,"Chiquimula",1,3489,241,1,10,4,8,5,0,15,0,0,9,0,1,2,19,74,4,1,79,0,79,--,241,162,74,79,79,Algún campo sin dato,1,ff03999b5c0ffe16abd510f3a33b213e0fbfa03ee753d4118d49cb3863ebe3f5,25/06/2023 21:41:03,ESCANER
22374,"Chiquimula",20,"Chiquimula",1,3490,400,,,,,,,,,,,,,,,,,,,,,,,,,,,,0,,,
22375,"Chiquimula",20,"Chiquimula",1,3490,400,,,,,,,,,,,,,,,,,,,,,,,,,,,,0,,,
22376,"Chiquimula",20,"Chiquimula",1,3490,400,,,,,,,,,,,,,,,,,,,,,,,,,,,,0,,,
22377,"Chiquimula",20,"Chiquimula",1,3490,400,,,,,,,,,,,,,,,,,,,,,,,,,,,,0,,,
22378,"Chiquimula",20,"Chiquimula",1,3490,400,,,,,,,,,,,,,,,,,,,,,,,,,,,,0,,,
22379,"Chiquimula",20,"Chiquimula",1,3490,400,,,,,,,,,,,,,,,,,,,,,,,,,,,,0,,,
22380,"Chiquimula",20,"Chiquimula",1,3490,400,,,,,,,,,,,,,,,,,,,,,,,,,,,,0,,,
22381,"Chiquimula",20,"Chiquimula",1,3490,400,,,,,,,,,,,,,,,,,,,,,,,,,,,,0,,,
22382,"Chiquimula",20,"Chiquimula",1,3490,400,,,,,,,,,,,,,,,,,,,,,,,,,,,,0,,,
22383,"Chiquimula",20,"Chiquimula",1,3490,400,,,,,,,,,,,,,,,,,,,,,,,,,,,,0,,,
22384,"Chiquimula",20,"Chiquimula",1,3490,400,,,,,,,,,,,,,,,,,,,,,,,,,,,,0,,,
22385,"Chiquimula",20,"Chiquimula",1,3490,400,7,34,8,20,29,4,39,3,1,17,3,0,1,47,213,11,5,229,0,229,--,400,171,213,229,229,Algún campo sin dato,1,c08869baf017047636cae2675516b6fac8db75729364f62de9b06a3d6ac86e99,26/06/2023 00:13:33,ESCANER
22386,"Chiquimula",20,"Chiquimula",1,3490,400,,,,,,,,,,,,,,,,,,,,,,,,,,,,0,,,
22387,"Chiquimula",20,"Chiquimula",1,3490,272,,,,,,,,,,,,,,,,,,,,,,,,,,,,0,,,
22388,"Chiquimula",20,"Chiquimula",1,3490,271,,,,,,,,,,,,,,,,,,,,,,,,,,,,0,,,
22389,"Chiquimula",20,"Chiquimula",1,3491,400,,,,,,,,,,,,,,,,,,,,,,,,,,,,0,,,
22390,"Chiquimula",20,"Chiquimula",1,3491,400,,,,,,,,,,,,,,,,,,,,,,,,,,,,0,,,
22391,"Chiquimula",20,"Chiquimula",1,3491,400,,,,,,,,,,,,,,,,,,,,,,,,,,,,0,,,
22392,"Chiquimula",20,"Chiquimula",1,3491,400,,,,,,,,,,,,,,,,,,,,,,,,,,,,0,,,
22393,"Chiquimula",20,"Chiquimula",1,3491,400,,,,,,,,,,,,,,,,,,,,,,,,,,,,0,,,
22394,"Chiquimula",20,"Chiquimula",1,3491,400,,,,,,,,,,,,,,,,,,,,,,,,,,,,0,,,
22395,"Chiquimula",20,"Chiquimula",1,3491,400,,,,,,,,,,,,,,,,,,,,,,,,,,,,0,,,
22396,"Chiquimula",20,"Chiquimula",1,3491,400,,,,,,,,,,,,,,,,,,,,,,,,,,,,0,,,
22397,"Chiquimula",20,"Chiquimula",1,3491,400,,,,,,,,,,,,,,,,,,,,,,,,,,,,0,,,
22398,"Chiquimula",20,"Chiquimula",1,3492,228,3,10,4,8,11,0,27,1,1,14,2,2,1,20,104,1,2,107,3,110,--,225,115,104,107,110,Algún campo sin dato,1,5f9b0c3d5a7d5d365575b81cc567d11e300b497508d640fcd36000f40a1e0735,25/06/2023 23:05:19,ESCANER
22399,"Chiquimula",20,"Chiquimula",1,3492,228,6,4,1,9,14,0,17,0,0,6,0,1,0,12,70,5,0,75,0,75,--,228,153,70,75,75,Algún campo sin dato,1,5d9a9c7f6014a7e77ba52c48295f190e9091fadad1c049714da7c4acf5dde206,25/06/2023 22:08:26,ESCANER
22400,"Chiquimula",20,"Chiquimula",1,3493,400,16,25,20,15,28,1,36,3,2,11,6,1,4,22,190,16,5,211,0,211,--,400,189,190,211,211,Algún campo sin dato,1,b4274104567a6b108a1fee2bb6f8e05c0a290bd483393e4af7891b4c484abbce,26/06/2023 00:13:25,ESCANER
22401,"Chiquimula",20,"Chiquimula",1,3493,400,,,,,,,,,,,,,,,,,,,,,,,,,,,,0,,,
22402,"Chiquimula",20,"Chiquimula",1,3493,400,10,34,12,15,35,1,29,2,6,17,5,1,2,39,208,17,2,227,0,227,--,400,173,208,227,227,Algún campo sin dato,1,ecd32d669194306512eb8b299809c71112bf8ed593b35fa51f85dcf38fdc5a40,25/06/2023 23:10:21,ESCANER
22403,"Chiquimula",20,"Chiquimula",1,3493,400,,,,,,,,,,,,,,,,,,,,,,,,,,,,0,,,
22404,"Chiquimula",20,"Chiquimula",1,3493,400,,,,,,,,,,,,,,,,,,,,,,,,,,,,0,,,
22405,"Chiquimula",20,"Chiquimula",1,3493,400,,,,,,,,,,,,,,,,,,,,,,,,,,,,0,,,
22406,"Chiquimula",20,"Chiquimula",1,3494,400,,,,,,,,,,,,,,,,,,,,,,,,,,,,0,,,
22407,"Chiquimula",20,"Chiquimula",1,3494,400,3,31,14,23,42,1,30,3,3,15,2,3,1,28,199,8,6,213,0,213,--,400,187,199,213,213,Algún campo sin dato,1,a82a5074760928beb7d634692abf11f2f0e7ca7a417f59c7b0d0b34e6c631587,25/06/2023 23:18:13,ESCANER
22408,"Chiquimula",20,"Chiquimula",1,3494,400,9,20,11,15,44,0,31,1,2,16,2,0,5,40,196,12,2,210,0,210,--,400,190,196,210,210,Algún campo sin dato,1,34512fe595b94fcadc34970bdc8d62d8573c23836a52e5210807e29edc241253,25/06/2023 23:50:49,ESCANER
22409,"Chiquimula",20,"Chiquimula",1,3494,400,,,,,,,,,,,,,,,,,,,,,,,,,,,,0,,,
22410,"Chiquimula",20,"Chiquimula",1,3494,400,,,,,,,,,,,,,,,,,,,,,,,,,,,,0,,,
22411,"Chiquimula",20,"Chiquimula",1,3494,400,9,29,9,35,43,1,42,2,4,22,0,0,10,48,254,5,0,259,0,259,--,358,141,254,259,259,Algún campo sin dato,1,a8ba17c0eecc2a5ded0d62d53470c0735eaadc2769d32912fa95f821b8c00a15,25/06/2023 23:37:25,ESCANER
22412,"Chiquimula",20,"Chiquimula",1,3494,400,5,18,12,14,42,2,53,3,4,21,2,1,9,28,214,3,0,217,0,217,--,400,183,214,217,217,Algún campo sin dato,1,a6006083aadd6e7bf513043456298c2240777e9b8b34d0a6d9a9376037d5efe2,25/06/2023 23:14:29,ESCANER
22413,"Chiquimula",20,"Chiquimula",1,3495,400,,,,,,,,,,,,,,,,,,,,,,,,,,,,0,,,
22414,"Chiquimula",20,"Chiquimula",1,3495,400,9,35,15,21,34,1,28,2,4,16,2,1,--,41,209,13,1,223,0,223,--,400,177,209,223,223,Algún campo sin dato,1,bb0268385fb88988e789a2d3fa314094398a4a294c71fed047e36ffa8421908d,26/06/2023 00:05:36,ESCANER
22415,"Chiquimula",20,"Chiquimula",1,3495,400,5,28,20,21,27,3,24,2,4,19,1,1,3,34,192,5,2,199,0,199,--,400,201,192,199,199,Algún campo sin dato,1,be9aa6b2b1a9719b1f49671ab8123c4be172e1da3ad3c7ad0d54d52a34e5cc93,25/06/2023 23:49:26,ESCANER
22416,"Chiquimula",20,"Chiquimula",1,3495,400,,,,,,,,,,,,,,,,,,,,,,,,,,,,0,,,
22417,"Chiquimula",20,"Chiquimula",1,3495,400,,,,,,,,,,,,,,,,,,,,,,,,,,,,0,,,
22418,"Chiquimula",20,"Chiquimula",1,3496,400,,,,,,,,,,,,,,,,,,,,,,,,,,,,0,,,
22419,"Chiquimula",20,"Chiquimula",1,3496,400,,,,,,,,,,,,,,,,,,,,,,,,,,,,0,,,
22420,"Chiquimula",20,"Chiquimula",1,3496,269,,,,,,,,,,,,,,,,,,,,,,,,,,,,0,,,
22421,"Chiquimula",20,"Chiquimula",1,3496,268,,,,,,,,,,,,,,,,,,,,,,,,,,,,0,,,
22422,"Chiquimula",20,"Chiquimula",1,3497,400,5,29,8,23,24,1,40,2,2,31,1,3,1,26,196,18,5,219,0,219,1,400,181,196,219,219,,1,4e3d55eabc51885fa0faee8ef7a28334e7e3680c8ddc9377bc3d1c1308e9b3c4,25/06/2023 23:11:55,ESCANER
22423,"Chiquimula",20,"Chiquimula",1,3497,400,5,45,4,32,36,2,34,1,3,38,2,4,0,23,229,18,4,251,0,251,--,400,149,229,251,251,Algún campo sin dato,1,2572a130b396f078f84be039a87693f633b005607ae644d901be2944f3d5726d,25/06/2023 23:43:00,ESCANER
22424,"Chiquimula",20,"Chiquimula",1,3497,400,4,23,8,24,22,0,42,1,0,32,1,1,2,26,186,16,1,203,0,203,--,400,197,186,203,203,Algún campo sin dato,1,73359bcd4210ba20121f5090280f78bb8a3d5eb0ad4edd85e09eebaec0dc3394,26/06/2023 00:11:32,ESCANER
22425,"Chiquimula",20,"Chiquimula",1,3497,400,8,42,11,21,26,1,37,3,1,36,2,1,2,21,212,10,2,224,0,224,--,397,173,212,224,224,Algún campo sin dato,1,2ce8a23623b178ce274ac51e9e91e4afa96b390b30a72b208735bacdde0220eb,25/06/2023 22:44:57,ESCANER
22426,"Chiquimula",20,"Chiquimula",1,3497,400,8,28,8,21,28,1,45,1,0,32,0,1,8,30,211,5,3,219,8,219,--,400,181,211,219,227,Sumas Asentadas sin cuadrar,1,e3139bc1430a1aea6dd8491e9e3bbc55a434f5a485e37f4cb7a805579c8b4fc2,25/06/2023 23:57:53,ESCANER
22427,"Chiquimula",20,"Chiquimula",1,3497,400,3,34,4,19,31,0,29,2,0,42,0,1,6,24,195,10,3,208,0,208,3,380,169,195,208,208,,1,985777283144b0f69c69c8a20f450388561fbbfc8dfcf258a10a8966c0824d90,25/06/2023 23:34:25,ESCANER
22428,"Chiquimula",20,"Chiquimula",1,3497,384,2,22,5,20,19,0,38,0,4,20,2,1,0,19,152,9,5,166,0,166,--,381,215,152,166,166,Algún campo sin dato,1,60f2dd7d11b09d8309322483409571aeec6f1fd2f8d49509a01149ce0f5eb62e,25/06/2023 23:02:35,ESCANER
22429,"Chiquimula",20,"Chiquimula",1,3497,383,,,,,,,,,,,,,,,,,,,,,,,,,,,,0,,,
22430,"Chiquimula",20,"Chiquimula",1,3498,400,,,,,,,,,,,,,,,,,,,,,,,,,,,,0,,,
22431,"Chiquimula",20,"Chiquimula",1,3498,400,,,,,,,,,,,,,,,,,,,,,,,,,,,,0,,,
22432,"Chiquimula",20,"Chiquimula",1,3498,400,4,45,6,24,29,1,14,2,0,21,4,1,1,45,197,11,1,209,0,209,--,380,171,197,209,209,Algún campo sin dato,1,71f93f4e9cd373faa259a15909a15597028b495ba62f78e88fceefc213775c55,25/06/2023 23:49:15,ESCANER
22433,"Chiquimula",20,"Chiquimula",1,3498,400,,,,,,,,,,,,,,,,,,,,,,,,,,,,0,,,
22434,"Chiquimula",20,"Chiquimula",1,3498,400,,,,,,,,,,,,,,,,,,,,,,,,,,,,0,,,
22435,"Chiquimula",20,"Chiquimula",1,3498,400,,,,,,,,,,,,,,,,,,,,,,,,,,,,0,,,
22436,"Chiquimula",20,"Chiquimula",1,3498,229,0,16,6,13,17,0,13,0,0,16,2,2,0,23,108,3,0,111,0,111,1,226,115,108,111,111,,1,754faab46841f1e7b7df86009e8b2f5a3cd9ba8c04d4eb79c1e2cc227f429c5b,25/06/2023 23:27:42,ESCANER
22437,"Chiquimula",20,"Chiquimula",1,3498,229,,,,,,,,,,,,,,,,,,,,,,,,,,,,0,,,
22438,"Chiquimula",20,"Chiquimula",1,3499,380,,,,,,,,,,,,,,,,,,,,,,,,,,,,0,,,
22439,"Chiquimula",20,"Chiquimula",1,3499,220,,,,,,,,,,,,,,,,,,,,,,,,,,,,0,,,
22440,"Chiquimula",20,"Chiquimula",1,3499,220,,,,,,,,,,,,,,,,,,,,,,,,,,,,0,,,
22441,"Chiquimula",20,"Chiquimula",1,3500,380,,,,,,,,,,,,,,,,,,,,,,,,,,,,0,,,
22442,"Chiquimula",20,"Chiquimula",1,3500,380,6,23,8,15,78,3,20,0,1,13,3,0,2,22,194,30,3,227,0,227,--,400,173,194,227,227,Algún campo sin dato,1,ddeebc26cd225a5d426f2a628a301121be99b149d5c8a8fb13692c4edf6afb07,25/06/2023 23:28:49,ESCANER
22443,"Chiquimula",20,"Chiquimula",1,3500,380,,,,,,,,,,,,,,,,,,,,,,,,,,,,0,,,
22444,"Chiquimula",20,"Chiquimula",1,3500,380,,,,,,,,,,,,,,,,,,,,,,,,,,,,0,,,
22445,"Chiquimula",20,"Chiquimula",1,3500,380,,,,,,,,,,,,,,,,,,,,,,,,,,,,0,,,
22446,"Chiquimula",20,"Chiquimula",1,3500,380,,,,,,,,,,,,,,,,,,,,,,,,,,,,0,,,
22447,"Chiquimula",20,"Chiquimula",1,3500,380,,,,,,,,,,,,,,,,,,,,,,,,,,,,0,,,
22448,"Chiquimula",20,"Chiquimula",1,3500,380,0,16,1,8,53,0,20,0,1,6,1,0,1,18,125,4,1,130,0,130,--,380,250,125,130,130,Algún campo sin dato,1,80f7e5c501491a7d3c162df8b76edcfe049cfe46483e3432b1e73b21edf134ed,26/06/2023 00:22:05,ESCANER
22449,"Chiquimula",20,"Chiquimula",1,3501,380,1,14,11,7,46,3,16,0,1,5,3,0,3,22,132,25,6,163,0,163,--,380,217,132,163,163,Algún campo sin dato,1,bcfd7b08675f6644fa3c0cdee4e7943970d47d406d29470c31e1cb96bc3084b2,25/06/2023 23:49:54,ESCANER
22450,"Chiquimula",20,"Chiquimula",1,3501,277,1,9,6,8,27,1,6,0,1,4,1,1,1,11,77,10,2,89,0,89,--,277,188,77,89,89,Algún campo sin dato,1,50db67db070a69ca05120045dddb9f8eda2efdc6ef5fde8dcb8dacd3b46f70ed,25/06/2023 22:39:35,ESCANER
22451,"Chiquimula",20,"Chiquimula",1,3501,277,1,8,4,3,35,0,11,0,1,6,1,2,1,8,81,8,1,90,0,90,--,277,187,81,90,90,Algún campo sin dato,1,9db07bac7ab5dcbf4fe6eb00f3fc868a615a6c75209a77cbaec4c53a24adb73e,25/06/2023 23:04:34,ESCANER
22452,"Chiquimula",20,"Chiquimula",1,3502,380,2,7,36,30,28,0,4,1,1,11,3,0,0,2,125,28,17,170,0,170,--,345,225,125,170,170,Algún campo sin dato,1,ed11661263f8fe885b09407951b8d4594a0c6cc05967d40d188dc39af8cf1af9,25/06/2023 23:13:48,MOVIL
22453,"Chiquimula",20,"Chiquimula",1,3502,380,0,4,29,34,38,1,4,1,1,16,5,1,0,2,136,39,6,181,0,181,--,380,199,136,181,181,Algún campo sin dato,1,0eb4f1f7479a5b5f510dba9a975ba2c194482a14ef8c5c821a14051185e4df70,25/06/2023 22:58:49,MOVIL
22454,"Chiquimula",20,"Chiquimula",1,3502,380,1,5,36,30,31,0,2,0,0,9,1,2,0,1,118,32,8,158,0,158,--,380,222,118,158,158,Algún campo sin dato,1,330434c1d74284c8a716ccaf05fae1949791db0b60f23c61cd7f37114a062d7b,25/06/2023 23:40:06,MOVIL
22455,"Chiquimula",20,"Chiquimula",1,3502,380,3,3,48,25,25,0,5,0,0,13,4,0,1,1,128,20,3,151,0,151,--,380,229,128,151,151,Algún campo sin dato,1,d4ddfd11c4344e25e2d45bf7d75382bbef4a7b0a5a4b7ef06a9fd21dd2e88c36,25/06/2023 23:25:38,MOVIL
22456,"Chiquimula",20,"Chiquimula",1,3502,380,,,,,,,,,,,,,,,,,,,,,,,,,,,,0,,,
22457,"Chiquimula",20,"Chiquimula",1,3502,380,0,6,33,19,34,0,6,0,1,14,2,0,0,1,116,12,5,133,0,133,--,380,247,116,133,133,Algún campo sin dato,1,0ad0f5350f9b32fde7a9a4997782ad8924f5eb80d5150f7312909782b3098ea2,25/06/2023 22:32:55,MOVIL
22458,"Chiquimula",20,"Chiquimula",1,3502,380,2,6,36,15,23,0,4,1,2,8,0,0,0,4,101,35,4,140,0,140,--,365,225,101,140,140,Algún campo sin dato,1,651905bd6943b419fec858b68e603c1bb67d63e40f7f851905feff0dfa7fb0ab,26/06/2023 00:22:58,MOVIL
22459,"Chiquimula",20,"Chiquimula",1,3502,377,0,3,44,21,18,0,5,1,2,7,0,1,0,3,105,21,10,136,0,136,--,377,241,105,136,136,Algún campo sin dato,1,e81bf3a909c5da4a27b415a3908c8a02a4bc26ffbf7b108058e2d2d93d9b7f39,25/06/2023 23:59:45,MOVIL
22460,"Chiquimula",20,"Chiquimula",1,3502,377,,,,,,,,,,,,,,,,,,,,,,,,,,,,0,,,
22461,"Chiquimula",20,"Chiquimula",1,3503,380,,,,,,,,,,,,,,,,,,,,,,,,,,,,0,,,
22462,"Chiquimula",20,"Chiquimula",1,3503,380,,,,,,,,,,,,,,,,,,,,,,,,,,,,0,,,
22463,"Chiquimula",20,"Chiquimula",1,3503,380,,,,,,,,,,,,,,,,,,,,,,,,,,,,0,,,
22464,"Chiquimula",20,"Chiquimula",1,3503,380,,,,,,,,,,,,,,,,,,,,,,,,,,,,0,,,
22465,"Chiquimula",20,"Chiquimula",1,3503,380,,,,,,,,,,,,,,,,,,,,,,,,,,,,0,,,
22466,"Chiquimula",20,"Chiquimula",1,3503,380,,,,,,,,,,,,,,,,,,,,,,,,,,,,0,,,
22467,"Chiquimula",20,"Chiquimula",1,3503,380,,,,,,,,,,,,,,,,,,,,,,,,,,,,0,,,
22468,"Chiquimula",20,"Chiquimula",1,3503,380,,,,,,,,,,,,,,,,,,,,,,,,,,,,0,,,
22469,"Chiquimula",20,"Chiquimula",1,3503,348,,,,,,,,,,,,,,,,,,,,,,,,,,,,0,,,
22470,"Chiquimula",20,"Chiquimula",1,3503,348,,,,,,,,,,,,,,,,,,,,,,,,,,,,0,,,
22471,"Chiquimula",20,"Chiquimula",1,3504,380,3,7,52,51,35,1,7,0,1,8,5,1,0,10,184,26,7,217,1,218,--,380,162,181,214,215,Sumas Asentadas sin cuadrar,1,018002ef1cc13eee01cb1708f4d2d12cd99bed98a872b94ba7ad826b498c9b4b,26/06/2023 00:15:53,ESCANER
22472,"Chiquimula",20,"Chiquimula",1,3504,380,,,,,,,,,,,,,,,,,,,,,,,,,,,,0,,,
22473,"Chiquimula",20,"Chiquimula",1,3504,380,,,,,,,,,,,,,,,,,,,,,,,,,,,,0,,,
22474,"Chiquimula",20,"Chiquimula",1,3504,380,,,,,,,,,,,,,,,,,,,,,,,,,,,,0,,,
22475,"Chiquimula",20,"Chiquimula",1,3504,380,4,19,37,53,37,0,16,0,0,11,3,1,4,10,195,7,6,208,0,208,--,376,168,195,208,208,Algún campo sin dato,1,92a59038818efb0abdb5aa4a0531c5a5e71d916c5deb852e2cd00327c46bf53c,26/06/2023 00:07:42,ESCANER
22476,"Chiquimula",20,"Chiquimula",1,3504,380,1,11,25,40,51,1,11,0,0,19,0,0,10,10,179,3,0,182,0,182,--,380,198,179,182,182,Algún campo sin dato,1,d559f6e4f204df7f76f335f3fcb1c9c401344edfe814b9a6c364cf49e1f33aea,25/06/2023 23:49:36,ESCANER
22477,"Chiquimula",20,"Chiquimula",1,3504,380,,,,,,,,,,,,,,,,,,,,,,,,,,,,0,,,
22478,"Chiquimula",20,"Chiquimula",1,3504,380,3,10,35,41,31,0,11,2,0,5,2,1,3,5,149,17,3,169,0,169,1,380,211,149,169,169,,1,a6166265c91f7a744f9078b2999f6c59c07617f4fbd6abeef2376d4d515bf658,25/06/2023 23:28:12,ESCANER
22479,"Chiquimula",20,"Chiquimula",1,3504,235,3,2,23,22,17,1,8,2,0,4,1,0,5,4,92,3,1,96,0,96,--,235,139,92,96,96,Algún campo sin dato,1,956fc72905c85a62ecb59fdb8a4a757955822976043196a7d8ee2e3b21e1cd7a,25/06/2023 23:19:41,ESCANER
22480,"Chiquimula",20,"Chiquimula",1,3504,235,1,5,19,15,19,0,6,0,0,2,0,0,0,4,71,5,0,76,0,76,0,235,159,71,76,76,,1,c843e98756e6474bbbcfe8f3d315af9c11b92fe9406c5c81ce691328813b039c,25/06/2023 21:43:23,ESCANER
22481,"Chiquimula",20,"Chiquimula",1,3505,380,5,10,18,29,51,1,29,1,0,21,3,0,0,7,175,24,7,206,0,206,--,379,173,175,206,206,Algún campo sin dato,1,0bc704bec4e2e133c3ebca32b7239bcff11666e4029e48af7c9e5153dc2efe5e,25/06/2023 23:26:30,ESCANER
22482,"Chiquimula",20,"Chiquimula",1,3505,380,3,15,17,19,56,3,36,3,2,15,3,2,1,11,186,24,6,216,0,216,--,380,164,186,216,216,Algún campo sin dato,1,de002e4acfbbd5166993831bfba3f27707583f8843fb68755548f94eab482acb,25/06/2023 22:05:54,ESCANER
22483,"Chiquimula",20,"Chiquimula",1,3505,380,,,,,,,,,,,,,,,,,,,,,,,,,,,,0,,,
22484,"Chiquimula",20,"Chiquimula",1,3505,303,0,12,15,24,45,0,22,0,0,8,2,1,1,7,137,11,0,148,0,148,--,303,155,137,148,148,Algún campo sin dato,1,172001765ef1bc3dd060fe8d9d6d0a5b3569aad6fdf0558fbffc9ea4224a417e,25/06/2023 22:40:22,ESCANER
22485,"Chiquimula",20,"Chiquimula",1,3505,302,5,18,10,17,31,0,18,0,0,7,0,1,5,7,119,8,0,127,0,127,--,302,175,119,127,127,Algún campo sin dato,1,17034513e4d0bf71638c763071b336eeb6ebcf2cd44f98de0ab68cafc464684b,25/06/2023 21:46:36,ESCANER
22486,"Chiquimula",20,"Chiquimula",1,3506,380,5,15,12,22,64,2,26,4,1,3,5,0,0,7,166,39,13,218,0,--,1,377,158,166,218,218,Algún campo sin dato,1,266d5d94fa4103d7771a922cbb8a7b38ce23244919f102effb4c29f31a2c4536,26/06/2023 00:06:27,ESCANER
22487,"Chiquimula",20,"Chiquimula",1,3506,380,,,,,,,,,,,,,,,,,,,,,,,,,,,,0,,,
22488,"Chiquimula",20,"Chiquimula",1,3506,380,,,,,,,,,,,,,,,,,,,,,,,,,,,,0,,,
22489,"Chiquimula",20,"Chiquimula",1,3506,380,1,19,11,28,48,1,23,0,5,8,2,3,0,1,151,40,7,198,0,198,--,380,182,150,197,197,Sumas Asentadas sin cuadrar,1,c8d0f93f949b0fcf8eb4da9939f552e52cb5c998dbbb60962d106898dfc77f3e,25/06/2023 22:53:03,ESCANER
22490,"Chiquimula",20,"Chiquimula",1,3507,380,3,13,15,32,55,2,24,0,2,4,1,0,0,6,157,25,11,193,1,194,--,380,186,157,193,194,Algún campo sin dato,1,cc3eb460d47b2949efcbd7c068c40e30417d8a7d13956d7fecf599a87928b962,25/06/2023 23:01:37,MOVIL
22491,"Chiquimula",20,"Chiquimula",1,3507,380,3,20,19,25,39,0,12,2,4,4,0,2,0,1,131,39,13,183,1,184,--,377,193,131,183,184,Algún campo sin dato,1,548f51b91a0f18925a108e2a7bc9f1f1c456c4e2aaa2035cd702478735e5574f,25/06/2023 23:09:13,MOVIL
22492,"Chiquimula",20,"Chiquimula",1,3507,203,0,17,5,9,37,0,10,2,0,2,1,0,0,2,85,4,5,94,1,95,--,200,105,85,94,95,Algún campo sin dato,1,d43c2cdd3e6caab49b922da703f732d479d37d40c7008adcca4f7ce98427f0b4,25/06/2023 22:14:01,MOVIL
22493,"Chiquimula",20,"Chiquimula",1,3507,202,1,5,8,15,35,1,7,0,0,3,1,2,0,2,80,5,4,89,0,89,--,202,113,80,89,89,Algún campo sin dato,1,832e321ecbb43cc4053dc070942c8481563b1afbda8c6fbe3f51c70042ab9c09,25/06/2023 21:41:43,MOVIL
22494,"Chiquimula",20,"Chiquimula",1,3508,380,4,7,3,21,53,1,14,0,1,13,6,3,2,16,143,30,2,176,0,176,--,377,201,144,176,176,Sumas Asentadas sin cuadrar,1,dfb23f4239d5011e6f4a1836323d8f38cca65a45d7fa298e1d1b70b5c42dabe8,25/06/2023 23:56:46,ESCANER
22495,"Chiquimula",20,"Chiquimula",1,3508,380,,,,,,,,,,,,,,,,,,,,,,,,,,,,0,,,
22496,"Chiquimula",20,"Chiquimula",1,3508,380,3,5,7,27,39,0,21,1,0,13,0,3,0,4,123,17,4,144,0,144,--,380,236,123,144,144,Algún campo sin dato,1,0742956d6ba10495240cbf83c296a82db044137db61b59779f573e17addeb292,26/06/2023 00:13:15,ESCANER
22497,"Chiquimula",20,"Chiquimula",1,3508,380,,,,,,,,,,,,,,,,,,,,,,,,,,,,0,,,
22498,"Chiquimula",20,"Chiquimula",1,3508,380,2,7,0,19,56,1,16,2,2,6,2,0,1,12,126,22,2,150,0,150,--,379,229,126,150,150,Algún campo sin dato,1,c899a999f762c8045bfbc1cf2f2f82fc99dcda3bf1a560a2a88280d5136445b0,25/06/2023 22:57:40,ESCANER
22499,"Chiquimula",20,"Chiquimula",1,3508,365,1,8,3,15,38,0,17,2,1,9,1,0,2,9,106,16,9,131,0,131,--,365,234,106,131,131,Algún campo sin dato,1,e86f1b5e9db9b8676810c2a31729d10566c467f77afb437385493dc3f4e135cc,25/06/2023 23:17:14,ESCANER
22500,"Chiquimula",20,"Chiquimula",1,3508,364,2,6,4,14,27,0,15,0,1,7,2,0,3,5,46,15,1,62,0,62,--,361,258,86,102,102,Sumas Asentadas sin cuadrar,1,1bd410fb79db98504a90dd7202623dee273c54d2398959bafc1004079894643c,25/06/2023 23:58:33,ESCANER
22501,"Chiquimula",20,"Chiquimula",1,3509,380,,,,,,,,,,,,,,,,,,,,,,,,,,,,0,,,
22502,"Chiquimula",20,"Chiquimula",1,3509,380,,,,,,,,,,,,,,,,,,,,,,,,,,,,0,,,
22503,"Chiquimula",20,"Chiquimula",1,3509,326,1,6,13,64,10,2,2,2,0,1,3,0,1,0,145,29,11,185,0,185,--,326,181,105,145,145,Sumas Asentadas sin cuadrar,1,a50d12d8c5c1b447255227f180057f4e12daafa9f77b7e945bfcb134ed97852b,25/06/2023 22:34:42,MOVIL
22504,"Chiquimula",20,"Chiquimula",1,3509,325,,,,,,,,,,,,,,,,,,,,,,,,,,,,0,,,
22505,"Chiquimula",20,"Chiquimula",1,3510,380,,,,,,,,,,,,,,,,,,,,,,,,,,,,0,,,
22506,"Chiquimula",20,"Chiquimula",1,3510,380,,,,,,,,,,,,,,,,,,,,,,,,,,,,0,,,
22507,"Chiquimula",20,"Chiquimula",1,3510,380,,,,,,,,,,,,,,,,,,,,,,,,,,,,0,,,
22508,"Chiquimula",20,"Chiquimula",1,3510,284,,,,,,,,,,,,,,,,,,,,,,,,,,,,0,,,
22509,"Chiquimula",20,"Chiquimula",1,3510,283,,,,,,,,,,,,,,,,,,,,,,,,,,,,0,,,
22510,"Chiquimula",20,"Chiquimula",1,3511,380,,,,,,,,,,,,,,,,,,,,,,,,,,,,0,,,
22511,"Chiquimula",20,"Chiquimula",1,3511,380,4,15,8,17,41,2,18,1,0,25,2,3,2,13,151,20,2,173,0,173,--,380,207,151,173,173,Algún campo sin dato,1,6685bb890c3f3e44dfd1dbd51e18330543a15846cf1de4097ba8016e884bf340,25/06/2023 23:25:07,ESCANER
22512,"Chiquimula",20,"Chiquimula",1,3511,380,,,,,,,,,,,,,,,,,,,,,,,,,,,,0,,,
22513,"Chiquimula",20,"Chiquimula",1,3511,380,4,17,8,15,40,0,24,2,0,22,3,3,3,21,162,15,5,182,0,182,--,380,198,162,182,182,Algún campo sin dato,1,fd7558a22011853a8fc1c9960a5aef2e6f78085c091a43ca7ebfbbcd98cf45b7,25/06/2023 23:00:24,ESCANER
22514,"Chiquimula",20,"Chiquimula",1,3511,380,9,15,10,19,29,1,20,0,1,28,3,2,3,9,149,17,5,171,0,0,--,380,209,149,171,171,Algún campo sin dato,1,c03f8f4f1b514112c48dc487b23cec24af1c22a0b7b04263e68ba35de887bd86,25/06/2023 22:48:13,ESCANER
22515,"Chiquimula",20,"Chiquimula",1,3511,380,,,,,,,,,,,,,,,,,,,,,,,,,,,,0,,,
22516,"Chiquimula",20,"Chiquimula",1,3511,260,0,6,6,4,19,0,9,0,1,8,0,0,1,16,70,3,0,73,0,73,--,260,187,70,73,73,Algún campo sin dato,1,3207add2f304c584fac3ee11410afd723a25ef7931dad085a9ccf824a833a88c,25/06/2023 22:28:38,ESCANER
22517,"Chiquimula",20,"Chiquimula",1,3511,260,2,7,4,4,12,0,8,1,0,3,2,1,1,2,47,6,3,56,0,56,--,260,204,47,56,56,Algún campo sin dato,1,ced0c90014bf623a1a73b5fa1da33ba10fe688232820521779b72db72d863651,25/06/2023 22:11:17,ESCANER
22518,"Chiquimula",20,"Chiquimula",1,3512,600,6,12,12,27,7,1,18,3,1,8,3,2,0,17,117,12,6,135,0,135,--,600,465,117,135,135,Algún campo sin dato,1,1113c45157daa775625210ad9bea2a6babc08d7d3c3b9f09af441c898f974412,26/06/2023 00:00:04,ESCANER
22519,"Chiquimula",20,"Chiquimula",1,3512,600,7,20,7,19,20,0,24,2,1,11,1,1,2,15,130,13,3,146,454,600,--,600,454,130,146,600,Algún campo sin dato,1,0e222c144bdba8414d53d56044713a22bb46375332ae452d314641fcd3840995,25/06/2023 23:46:39,ESCANER
22520,"Chiquimula",20,"Chiquimula",1,3512,600,1,8,8,16,21,0,13,1,1,18,0,2,1,19,109,6,4,119,0,119,--,599,480,109,119,119,Algún campo sin dato,1,487b49621f75a431f38572204b3e0116e730dcf1efac61527e7bb387ee22471e,25/06/2023 22:23:46,ESCANER
22521,"Chiquimula",20,"Chiquimula",1,3512,600,,,,,,,,,,,,,,,,,,,,,,,,,,,,0,,,
22522,"Chiquimula",20,"Chiquimula",1,3512,600,,,,,,,,,,,,,,,,,,,,,,,,,,,,0,,,
22523,"Chiquimula",20,"Chiquimula",1,3513,600,3,12,9,14,18,1,17,3,1,14,2,5,0,22,121,10,2,133,0,133,--,600,467,121,133,133,Algún campo sin dato,1,553fdf1fd7b69c85685abe5becbbc0c4b2ded2dd2592299b61d13cfa42f8e22f,25/06/2023 22:49:15,ESCANER
22524,"Chiquimula",20,"Chiquimula",1,3513,600,2,10,4,11,10,0,22,1,0,7,3,1,0,15,86,6,1,93,0,93,--,600,507,86,93,93,Algún campo sin dato,1,ae35e3a9e2e20e1f875b1243bd43fef397d5c93ee75dc638dd87acc5c38c4a4a,25/06/2023 21:49:33,ESCANER
22525,"Chiquimula",20,"Chiquimula",1,3513,600,3,6,4,3,6,0,8,1,1,5,0,0,1,9,47,3,2,52,0,52,--,600,548,47,52,52,Algún campo sin dato,1,e8b306aac0f9e705abff5c527a1449613387a40a4db19d3b4cd97804a1a5fa23,25/06/2023 22:58:33,ESCANER
22526,"Chiquimula",20,"Chiquimula",1,3513,315,0,2,1,0,2,0,4,0,0,1,0,0,0,4,14,3,0,17,0,17,2,315,295,14,17,17,,1,0dccd2c727c12969ea343f1e2bbdef420b76519bda42ded6ba20024a92609a26,25/06/2023 21:14:11,ESCANER
22527,"Chiquimula",20,"Chiquimula",1,3513,314,1,2,0,1,2,0,4,0,0,0,0,0,0,3,13,2,0,15,0,15,--,314,299,13,15,15,Algún campo sin dato,1,ae1dd76dc94eea3fa328444fc725b6f228561526fc8ebfbdc1bff4ad22529609,25/06/2023 20:52:53,ESCANER