﻿TIPO_DE_ELECCIÓN:,CORPORACIÓN MUNICIPAL
26 junio 2023 00:25 (UTC -6)
ACTAS_ESPERADAS,ACTAS_CAPTURADAS,PORCENTAJE_ACTAS_CAPTURADAS,ACTAS_CONTABILIZADAS,PORCENTAJE_ACTAS_CONTABILIZADAS,ACTAS_NO_CONTABILIZADAS,LISTA_NOMINAL_ACTAS_CONTABILIZADAS,VOTOS_EMITIDOS_CONTABILIZADAS,PORCENTAJE_PARTICIPACIÓN_CIUDADANA
40,23,57.5000,23,57.5000,0,8932,6339,70.9695

MESA,DEPARTAMENTO,ID_DEPARTAMENTO,MUNICIPIO,ID_MUNICIPIO,CENTRO_DE_VOTACIÓN,PADRÓN,VAMOS,UNE,TODOS,BIEN,PR,VÁLIDOS,NULOS,BLANCO,EMITIDOS,INVÁLIDOS,TOTAL,IMPUGNACIONES,PAPELETAS-RECIBIDAS,PAPELETAS-NO-USADAS,VALIDOS_CALCULADO,EMITIDOS_CALCULADO,TOTAL_CALCULADO,OBSERVACIONES,CONTABILIZADA,CÓDIGO_INTEGRIDAD,FECHA_HORA_PUBLICACIÓN,DIGITALIZACIÓN
15910,"Huehuetenango",13,"San Juan Atitán",16,2335,400,136,4,150,1,0,291,2,3,296,0,296,--,400,104,291,296,296,Algún campo sin dato,1,d56baee297843309a2141f8d82346ae874af94d614b12939810b2b54978da89d,25/06/2023 23:55:06,ESCANER
15911,"Huehuetenango",13,"San Juan Atitán",16,2335,400,162,1,152,0,1,316,2,0,318,0,318,--,400,82,316,318,318,Algún campo sin dato,1,f6f2e2d204df2b2b0665bff978b34ec91beb412b0c35a43cc9ab62187c3bf1bd,25/06/2023 23:17:18,ESCANER
15912,"Huehuetenango",13,"San Juan Atitán",16,2335,400,177,1,141,3,1,323,8,4,335,0,335,--,400,65,323,335,335,Algún campo sin dato,1,9f128d0a6030cf195615c62bc5452fec79c7cf521f384f1ec371d8958424c105,25/06/2023 23:45:10,ESCANER
15913,"Huehuetenango",13,"San Juan Atitán",16,2335,400,176,1,135,1,0,313,3,3,319,0,319,--,400,81,313,319,319,Algún campo sin dato,1,d26d0b4690ae648bb102261dcbc24021a3d585849ea342a50c17c590f93a0602,25/06/2023 23:30:56,ESCANER
15914,"Huehuetenango",13,"San Juan Atitán",16,2336,400,174,1,155,2,1,333,9,2,344,0,344,--,400,56,333,344,344,Algún campo sin dato,1,4b11bbf6184fb787057fedb50e7224eed9205df079877b318b3444c6a56dc174,25/06/2023 23:23:39,ESCANER
15915,"Huehuetenango",13,"San Juan Atitán",16,2336,400,,,,,,,,,,,,,,,,,,,0,,,
15916,"Huehuetenango",13,"San Juan Atitán",16,2336,400,,,,,,,,,,,,,,,,,,,0,,,
15917,"Huehuetenango",13,"San Juan Atitán",16,2337,400,144,3,176,0,0,323,3,5,331,0,331,--,400,69,323,331,331,Algún campo sin dato,1,1969a0165cdf8307bffb8ec078384e38e0c88adc26faf5c6ca18169fcee88aaa,26/06/2023 00:22:41,ESCANER
15918,"Huehuetenango",13,"San Juan Atitán",16,2337,400,,,,,,,,,,,,,,,,,,,0,,,
15919,"Huehuetenango",13,"San Juan Atitán",16,2337,400,113,0,116,1,0,230,3,1,234,0,234,--,400,166,230,234,234,Algún campo sin dato,1,f63751221493902d1633772ee9dea5e52fd903a86f9f192f617ec854accc101e,25/06/2023 23:24:37,ESCANER
15920,"Huehuetenango",13,"San Juan Atitán",16,2338,400,108,0,151,0,0,259,3,2,264,0,264,--,400,136,259,264,264,Algún campo sin dato,1,2f80c1694494f3cb790e756548add926cba93da42f424223e5aae935daded418,25/06/2023 23:33:44,ESCANER
15921,"Huehuetenango",13,"San Juan Atitán",16,2338,400,88,1,141,0,0,230,2,3,235,0,235,--,400,165,230,235,235,Algún campo sin dato,1,2f81e69193222491105b2d0d69f4b9ad30ef1d9748afc32910c453427dfce9e4,25/06/2023 23:54:21,ESCANER
15922,"Huehuetenango",13,"San Juan Atitán",16,2338,400,110,0,134,0,0,244,4,0,248,0,248,--,400,248,244,248,248,Algún campo sin dato,1,f4175ecbf24dfe1959e9c730750a0e8785cf250d47434017e345b56e0d394f1a,25/06/2023 23:26:55,ESCANER
15923,"Huehuetenango",13,"San Juan Atitán",16,2339,400,107,0,142,0,0,249,1,0,250,0,250,--,400,150,249,250,250,Algún campo sin dato,1,85eccf82475cbb19ba1006ade937e82b7f485c0d9e73865a68e477ba4a36f014,26/06/2023 00:07:46,ESCANER
15924,"Huehuetenango",13,"San Juan Atitán",16,2340,400,121,0,155,0,0,276,0,0,276,0,276,--,400,124,276,276,276,Algún campo sin dato,1,d4c51a350b97dc6e2c23685646f34650fdb5870f6060bcb8bd8832a17c3b573f,25/06/2023 23:29:22,ESCANER
15925,"Huehuetenango",13,"San Juan Atitán",16,2340,400,136,0,156,0,0,292,1,0,293,0,293,--,400,107,292,293,293,Algún campo sin dato,1,18a6ba2bd3781448dfca24b562e2983433a37dc7fa803c7b23afbed986d7ac1c,25/06/2023 23:23:15,ESCANER
15926,"Huehuetenango",13,"San Juan Atitán",16,2340,400,119,0,173,0,0,292,3,1,296,0,296,--,400,104,292,296,296,Algún campo sin dato,1,538b7d7c253841bd12e683369a5a90c4b085dfd938fc7b8d63d2d7a8a8295da1,25/06/2023 23:13:54,ESCANER
15927,"Huehuetenango",13,"San Juan Atitán",16,2340,377,118,0,146,0,0,264,1,2,267,0,267,--,377,110,264,267,267,Algún campo sin dato,1,1fe89994fd71c7d18049c4a49c9f32c2abc0ce5d323312b299f37804ff52d8ec,25/06/2023 23:24:17,ESCANER
15928,"Huehuetenango",13,"San Juan Atitán",16,2340,376,67,0,98,0,0,165,3,0,168,0,168,--,376,208,165,168,168,Algún campo sin dato,1,b851182e5f4483e383b1117e87baf1aea1a42c76d2bb40e4e74b2557235a7522,25/06/2023 21:37:58,ESCANER
15929,"Huehuetenango",13,"San Juan Atitán",16,2341,380,,,,,,,,,,,,,,,,,,,0,,,
15930,"Huehuetenango",13,"San Juan Atitán",16,2341,380,,,,,,,,,,,,,,,,,,,0,,,
15931,"Huehuetenango",13,"San Juan Atitán",16,2341,380,,,,,,,,,,,,,,,,,,,0,,,
15932,"Huehuetenango",13,"San Juan Atitán",16,2341,380,,,,,,,,,,,,,,,,,,,0,,,
15933,"Huehuetenango",13,"San Juan Atitán",16,2341,380,,,,,,,,,,,,,,,,,,,0,,,
15934,"Huehuetenango",13,"San Juan Atitán",16,2341,380,,,,,,,,,,,,,,,,,,,0,,,
15935,"Huehuetenango",13,"San Juan Atitán",16,2341,380,,,,,,,,,,,,,,,,,,,0,,,
15936,"Huehuetenango",13,"San Juan Atitán",16,2341,252,,,,,,,,,,,,,,,,,,,0,,,
15937,"Huehuetenango",13,"San Juan Atitán",16,2341,251,,,,,,,,,,,,,,,,,,,0,,,
15938,"Huehuetenango",13,"San Juan Atitán",16,2342,380,92,3,187,1,0,283,3,4,290,0,290,--,391,101,283,290,290,Algún campo sin dato,1,1ed50055b7e63a0887793bb6dafa79d9560eeb9bbbb8b0a20338973b43f1e60c,26/06/2023 00:09:26,ESCANER
15939,"Huehuetenango",13,"San Juan Atitán",16,2342,380,,,,,,,,,,,,,,,,,,,0,,,
15940,"Huehuetenango",13,"San Juan Atitán",16,2342,380,101,0,203,0,0,304,3,4,311,0,311,--,391,80,304,311,311,Algún campo sin dato,1,154440a8892d0c35aa675f8c23cb3aac15a7c71581a3e2bed5d5780c8ebb2b92,25/06/2023 23:39:47,ESCANER
15941,"Huehuetenango",13,"San Juan Atitán",16,2342,380,93,0,194,0,0,287,1,5,293,0,293,--,380,87,287,293,293,Algún campo sin dato,1,98abfef5fb1ce01b4742ba1b122de02fab6dc1b31faf196d3957d7c77433aa45,25/06/2023 23:47:44,ESCANER
15942,"Huehuetenango",13,"San Juan Atitán",16,2342,380,88,0,143,0,0,231,1,0,232,0,232,--,391,159,231,232,232,Algún campo sin dato,1,df6546cc8fe28a5a2507e245ae80f0c912e9ea1bd5d09c6133cbce477f196a44,25/06/2023 23:50:41,ESCANER
15943,"Huehuetenango",13,"San Juan Atitán",16,2342,380,74,0,168,0,0,242,1,1,244,0,244,--,381,137,242,244,244,Algún campo sin dato,1,a6648f8e3f16a552f5e10ee9d9258206b518e8db459e6664de8ed6f26c6e8acd,25/06/2023 23:54:44,ESCANER
15944,"Huehuetenango",13,"San Juan Atitán",16,2342,340,79,0,172,0,0,251,0,1,252,0,252,--,343,91,251,252,252,Algún campo sin dato,1,14418294b79f4642ce87555ba446d91857d94d0729c6f48f532210b5dd43df93,26/06/2023 00:01:21,ESCANER
15945,"Huehuetenango",13,"San Juan Atitán",16,2342,339,80,0,161,0,0,241,2,0,243,0,243,--,339,96,241,243,243,Algún campo sin dato,1,4e3a65d38f394b4ad9c7942fb165a1afa5ac484d61338faaede72ea076728b39,26/06/2023 00:09:03,ESCANER
15946,"Huehuetenango",13,"San Juan Atitán",16,2343,380,,,,,,,,,,,,,,,,,,,0,,,
15947,"Huehuetenango",13,"San Juan Atitán",16,2343,380,,,,,,,,,,,,,,,,,,,0,,,
15948,"Huehuetenango",13,"San Juan Atitán",16,2343,232,,,,,,,,,,,,,,,,,,,0,,,
15949,"Huehuetenango",13,"San Juan Atitán",16,2343,231,,,,,,,,,,,,,,,,,,,0,,,