﻿TIPO_DE_ELECCIÓN:,CORPORACIÓN MUNICIPAL
26 junio 2023 00:25 (UTC -6)
ACTAS_ESPERADAS,ACTAS_CAPTURADAS,PORCENTAJE_ACTAS_CAPTURADAS,ACTAS_CONTABILIZADAS,PORCENTAJE_ACTAS_CONTABILIZADAS,ACTAS_NO_CONTABILIZADAS,LISTA_NOMINAL_ACTAS_CONTABILIZADAS,VOTOS_EMITIDOS_CONTABILIZADAS,PORCENTAJE_PARTICIPACIÓN_CIUDADANA
70,23,32.8571,23,32.8571,0,9018,7041,78.0771

MESA,DEPARTAMENTO,ID_DEPARTAMENTO,MUNICIPIO,ID_MUNICIPIO,CENTRO_DE_VOTACIÓN,PADRÓN,VAMOS,VIVA,CABAL,UNE,AZUL,CAMBIO,ELEFANTE,CREO,VOS,TODOS,VALOR UNIONISTA,VÁLIDOS,NULOS,BLANCO,EMITIDOS,INVÁLIDOS,TOTAL,IMPUGNACIONES,PAPELETAS-RECIBIDAS,PAPELETAS-NO-USADAS,VALIDOS_CALCULADO,EMITIDOS_CALCULADO,TOTAL_CALCULADO,OBSERVACIONES,CONTABILIZADA,CÓDIGO_INTEGRIDAD,FECHA_HORA_PUBLICACIÓN,DIGITALIZACIÓN
9679,"Sololá",7,"Santiago Atitlán",19,1215,400,,,,,,,,,,,,,,,,,,,,,,,,,0,,,
9680,"Sololá",7,"Santiago Atitlán",19,1215,400,46,105,96,1,3,15,30,1,13,2,2,314,8,6,328,--,328,--,400,72,314,328,328,Algún campo sin dato,1,dc4ba52f8c75b71121329f0e2c76606c79309b60f298313e628a45938f37708e,25/06/2023 22:45:25,ESCANER
9681,"Sololá",7,"Santiago Atitlán",19,1215,400,55,85,98,5,0,23,33,1,16,0,6,322,10,4,336,0,336,--,400,64,322,336,336,Algún campo sin dato,1,64cfbd8494b972cce975b605a8a3e92db5f0da537311693beec24fdce6d5a4c1,25/06/2023 21:18:56,ESCANER
9682,"Sololá",7,"Santiago Atitlán",19,1215,400,,,,,,,,,,,,,,,,,,,,,,,,,0,,,
9683,"Sololá",7,"Santiago Atitlán",19,1215,400,,,,,,,,,,,,,,,,,,,,,,,,,0,,,
9684,"Sololá",7,"Santiago Atitlán",19,1215,400,,,,,,,,,,,,,,,,,,,,,,,,,0,,,
9685,"Sololá",7,"Santiago Atitlán",19,1215,400,,,,,,,,,,,,,,,,,,,,,,,,,0,,,
9686,"Sololá",7,"Santiago Atitlán",19,1215,400,54,96,88,3,0,25,30,0,15,2,5,318,5,3,326,0,326,--,400,74,318,326,326,Algún campo sin dato,1,fff2682e9115a0bc849430431bd6a29435ca4944f11d0ac5d2d2f99f1b217aa7,25/06/2023 22:07:51,ESCANER
9687,"Sololá",7,"Santiago Atitlán",19,1215,400,,,,,,,,,,,,,,,,,,,,,,,,,0,,,
9688,"Sololá",7,"Santiago Atitlán",19,1215,400,,,,,,,,,,,,,,,,,,,,,,,,,0,,,
9689,"Sololá",7,"Santiago Atitlán",19,1216,400,,,,,,,,,,,,,,,,,,,,,,,,,0,,,
9690,"Sololá",7,"Santiago Atitlán",19,1216,400,39,100,100,5,3,15,35,2,19,4,6,328,9,3,340,0,340,--,400,60,328,340,340,Algún campo sin dato,1,b5ca709746eb4399ab17c30f532258514c809336e16e76a1475832de0d350250,25/06/2023 23:23:49,ESCANER
9691,"Sololá",7,"Santiago Atitlán",19,1216,400,,,,,,,,,,,,,,,,,,,,,,,,,0,,,
9692,"Sololá",7,"Santiago Atitlán",19,1216,400,,,,,,,,,,,,,,,,,,,,,,,,,0,,,
9693,"Sololá",7,"Santiago Atitlán",19,1216,400,,,,,,,,,,,,,,,,,,,,,,,,,0,,,
9694,"Sololá",7,"Santiago Atitlán",19,1216,400,43,101,110,1,1,19,24,1,21,1,8,330,3,2,--,--,335,--,400,65,330,335,335,Algún campo sin dato,1,44e449ca43d1a2f51e76ae77b1c97dc491fab381fdc349e9bece54ef6a51a97a,25/06/2023 22:37:45,ESCANER
9695,"Sololá",7,"Santiago Atitlán",19,1216,400,,,,,,,,,,,,,,,,,,,,,,,,,0,,,
9696,"Sololá",7,"Santiago Atitlán",19,1216,400,,,,,,,,,,,,,,,,,,,,,,,,,0,,,
9697,"Sololá",7,"Santiago Atitlán",19,1217,400,,,,,,,,,,,,,,,,,,,,,,,,,0,,,
9698,"Sololá",7,"Santiago Atitlán",19,1217,400,,,,,,,,,,,,,,,,,,,,,,,,,0,,,
9699,"Sololá",7,"Santiago Atitlán",19,1217,400,59,104,91,2,1,22,30,0,16,6,1,332,1,2,335,0,335,--,400,65,332,335,335,Algún campo sin dato,1,7d1efe85bd04057e51ddc89ad28fb1b7002ec7131d43c73cfe37a0530cce0f13,25/06/2023 23:29:03,ESCANER
9700,"Sololá",7,"Santiago Atitlán",19,1218,400,,,,,,,,,,,,,,,,,,,,,,,,,0,,,
9701,"Sololá",7,"Santiago Atitlán",19,1218,400,,,,,,,,,,,,,,,,,,,,,,,,,0,,,
9702,"Sololá",7,"Santiago Atitlán",19,1218,400,,,,,,,,,,,,,,,,,,,,,,,,,0,,,
9703,"Sololá",7,"Santiago Atitlán",19,1218,400,53,86,111,4,1,14,33,1,17,2,5,327,1,6,334,0,334,--,400,66,327,334,334,Algún campo sin dato,1,15f212ff8767cde694ff9aba02fcdeffacb88d323b5bb6858d6965df9b0e1fef,25/06/2023 23:19:10,ESCANER
9704,"Sololá",7,"Santiago Atitlán",19,1218,400,44,97,80,4,0,18,21,1,20,5,7,297,8,8,313,0,313,--,400,87,297,313,313,Algún campo sin dato,1,b30ff1122cf8c463ac7a4f67f15ea17fbd95b263458a1ef966d785765699ad0d,25/06/2023 23:24:28,ESCANER
9705,"Sololá",7,"Santiago Atitlán",19,1219,400,,,,,,,,,,,,,,,,,,,,,,,,,0,,,
9706,"Sololá",7,"Santiago Atitlán",19,1219,400,,,,,,,,,,,,,,,,,,,,,,,,,0,,,
9707,"Sololá",7,"Santiago Atitlán",19,1219,400,60,75,79,4,2,13,28,1,15,2,3,282,11,8,301,0,301,--,--,--,282,301,301,Algún campo sin dato,1,eb94f0299111af36adbe394ea8bf316777e62724da20be8cbcd29617823bc267,26/06/2023 00:18:13,ESCANER
9708,"Sololá",7,"Santiago Atitlán",19,1219,400,,,,,,,,,,,,,,,,,,,,,,,,,0,,,
9709,"Sololá",7,"Santiago Atitlán",19,1219,400,57,96,88,2,0,17,25,1,11,3,2,302,12,7,321,0,321,1,400,79,302,321,321,,1,6aca25b5a3bca08a02059b5e9c4c4d1c7f796308ddc5e07d516c4de4927c130b,25/06/2023 23:46:33,ESCANER
9710,"Sololá",7,"Santiago Atitlán",19,1219,400,62,89,90,4,1,14,31,0,11,0,3,305,4,5,314,0,314,--,400,86,305,314,314,Algún campo sin dato,1,93a8e5bbfa4761205772a8fda960cb3a46be782dcedd792804aadd91fd093805,26/06/2023 00:16:31,ESCANER
9711,"Sololá",7,"Santiago Atitlán",19,1220,400,56,93,74,3,4,25,21,0,16,1,6,299,9,4,312,0,312,--,400,88,299,312,312,Algún campo sin dato,1,419afcaa7b256dbbd7f316e223f248f0bacb084bf2f7a681f59da70bf8d7286d,25/06/2023 23:08:29,ESCANER
9712,"Sololá",7,"Santiago Atitlán",19,1220,400,,,,,,,,,,,,,,,,,,,,,,,,,0,,,
9713,"Sololá",7,"Santiago Atitlán",19,1220,400,,,,,,,,,,,,,,,,,,,,,,,,,0,,,
9714,"Sololá",7,"Santiago Atitlán",19,1220,400,57,89,87,2,3,12,22,1,14,1,6,294,4,7,305,0,305,--,400,95,294,305,305,Algún campo sin dato,1,784e7870a11c6a1aabbbc3012e398c3dad752fd527d8c6c1ac3a92d22bad903e,25/06/2023 21:40:15,ESCANER
9715,"Sololá",7,"Santiago Atitlán",19,1220,400,,,,,,,,,,,,,,,,,,,,,,,,,0,,,
9716,"Sololá",7,"Santiago Atitlán",19,1220,400,,,,,,,,,,,,,,,,,,,,,,,,,0,,,
9717,"Sololá",7,"Santiago Atitlán",19,1221,400,44,87,98,4,4,15,23,0,11,0,5,291,4,2,297,0,297,--,400,103,291,297,297,Algún campo sin dato,1,9042ff4960e9a87a46f212640708c3e1f5def73d5b69443b7420dddb4c5f781d,26/06/2023 00:21:34,ESCANER
9718,"Sololá",7,"Santiago Atitlán",19,1221,400,43,112,84,3,0,21,20,0,17,0,6,306,2,0,308,0,308,--,400,92,306,308,308,Algún campo sin dato,1,df20d011f71f788216cfedc2d70e1c7e6a947c0fd2d585c2a48af8d46661c0e1,25/06/2023 23:48:36,ESCANER
9719,"Sololá",7,"Santiago Atitlán",19,1221,400,57,96,92,2,3,27,14,1,21,2,9,324,2,0,326,0,326,--,400,74,324,326,326,Algún campo sin dato,1,06beb78204f364c849a226fde0442f285fea6606c7663234ac1a9749f9e4df1e,25/06/2023 23:09:41,ESCANER
9720,"Sololá",7,"Santiago Atitlán",19,1221,400,67,86,77,1,3,14,25,1,18,1,4,297,0,0,297,0,297,--,400,103,297,297,297,Algún campo sin dato,1,ea4ad886298fb8b8990889288ce0feabdca0c62705c3881b118fce8bad6716a4,25/06/2023 22:32:51,ESCANER
9721,"Sololá",7,"Santiago Atitlán",19,1221,400,57,90,83,2,1,11,40,0,18,1,3,306,1,0,307,1,308,--,400,92,306,307,308,Algún campo sin dato,1,9e16db5f65ef4bc8c9efb24803eb16ee0d868b9f8381c2f5b1d18cf70350e469,25/06/2023 22:50:29,ESCANER
9722,"Sololá",7,"Santiago Atitlán",19,1221,400,57,81,78,2,3,15,40,1,10,2,4,293,1,0,294,0,294,--,400,106,293,294,294,Algún campo sin dato,1,354c12344796a51f7418177db88e617f67c1655238c72b2835b1a241bbd6f96c,25/06/2023 22:39:07,ESCANER
9723,"Sololá",7,"Santiago Atitlán",19,1222,348,,,,,,,,,,,,,,,,,,,,,,,,,0,,,
9724,"Sololá",7,"Santiago Atitlán",19,1222,348,,,,,,,,,,,,,,,,,,,,,,,,,0,,,
9725,"Sololá",7,"Santiago Atitlán",19,1223,400,,,,,,,,,,,,,,,,,,,,,,,,,0,,,
9726,"Sololá",7,"Santiago Atitlán",19,1223,400,,,,,,,,,,,,,,,,,,,,,,,,,0,,,
9727,"Sololá",7,"Santiago Atitlán",19,1223,400,,,,,,,,,,,,,,,,,,,,,,,,,0,,,
9728,"Sololá",7,"Santiago Atitlán",19,1223,400,,,,,,,,,,,,,,,,,,,,,,,,,0,,,
9729,"Sololá",7,"Santiago Atitlán",19,1223,400,,,,,,,,,,,,,,,,,,,,,,,,,0,,,
9730,"Sololá",7,"Santiago Atitlán",19,1224,209,,,,,,,,,,,,,,,,,,,,,,,,,0,,,
9731,"Sololá",7,"Santiago Atitlán",19,1224,208,,,,,,,,,,,,,,,,,,,,,,,,,0,,,
9732,"Sololá",7,"Santiago Atitlán",19,1225,380,,,,,,,,,,,,,,,,,,,,,,,,,0,,,
9733,"Sololá",7,"Santiago Atitlán",19,1225,380,,,,,,,,,,,,,,,,,,,,,,,,,0,,,
9734,"Sololá",7,"Santiago Atitlán",19,1225,380,,,,,,,,,,,,,,,,,,,,,,,,,0,,,
9735,"Sololá",7,"Santiago Atitlán",19,1225,380,,,,,,,,,,,,,,,,,,,,,,,,,0,,,
9736,"Sololá",7,"Santiago Atitlán",19,1225,380,,,,,,,,,,,,,,,,,,,,,,,,,0,,,
9737,"Sololá",7,"Santiago Atitlán",19,1225,380,,,,,,,,,,,,,,,,,,,,,,,,,0,,,
9738,"Sololá",7,"Santiago Atitlán",19,1225,380,,,,,,,,,,,,,,,,,,,,,,,,,0,,,
9739,"Sololá",7,"Santiago Atitlán",19,1226,380,4,44,92,56,0,24,16,1,16,2,7,262,10,2,274,0,274,--,380,106,262,274,274,Algún campo sin dato,1,49f0ea6a856be6338fd06eab384242edd8d57fb4f7c8b4c335facc8309ebb26f,25/06/2023 22:51:08,ESCANER
9740,"Sololá",7,"Santiago Atitlán",19,1226,380,,,,,,,,,,,,,,,,,,,,,,,,,0,,,
9741,"Sololá",7,"Santiago Atitlán",19,1226,216,,,,,,,,,,,,,,,,,,,,,,,,,0,,,
9742,"Sololá",7,"Santiago Atitlán",19,1226,216,,,,,,,,,,,,,,,,,,,,,,,,,0,,,
9743,"Sololá",7,"Santiago Atitlán",19,1227,380,,,,,,,,,,,,,,,,,,,,,,,,,0,,,
9744,"Sololá",7,"Santiago Atitlán",19,1227,219,26,46,73,1,--,9,25,--,2,2,--,184,1,4,189,--,189,--,219,30,184,189,189,Algún campo sin dato,1,0d7c01c21e55cea209becb099fa63329467ce94b51e527eec0b588c9e105849b,25/06/2023 23:59:15,ESCANER
9745,"Sololá",7,"Santiago Atitlán",19,1228,219,21,45,73,2,0,15,19,0,6,0,0,181,3,0,184,0,184,--,219,35,181,184,184,Algún campo sin dato,1,0e552739bca612e9f9e421528529ef64ea4afedc72b8e3662d7d8af6de13a449,26/06/2023 00:08:32,ESCANER
9746,"Sololá",7,"Santiago Atitlán",19,1229,600,49,69,102,10,7,32,40,1,25,3,9,347,13,5,365,0,365,--,600,235,347,365,365,Algún campo sin dato,1,de45d726c0a7342a0ee75b731ded557dc4712ff113448de159fa45c251c8aa33,26/06/2023 00:15:04,ESCANER
9747,"Sololá",7,"Santiago Atitlán",19,1229,369,,,,,,,,,,,,,,,,,,,,,,,,,0,,,
9748,"Sololá",7,"Santiago Atitlán",19,1229,368,,,,,,,,,,,,,,,,,,,,,,,,,0,,,