﻿TIPO_DE_ELECCIÓN:,CORPORACIÓN MUNICIPAL
26 junio 2023 00:25 (UTC -6)
ACTAS_ESPERADAS,ACTAS_CAPTURADAS,PORCENTAJE_ACTAS_CAPTURADAS,ACTAS_CONTABILIZADAS,PORCENTAJE_ACTAS_CONTABILIZADAS,ACTAS_NO_CONTABILIZADAS,LISTA_NOMINAL_ACTAS_CONTABILIZADAS,VOTOS_EMITIDOS_CONTABILIZADAS,PORCENTAJE_PARTICIPACIÓN_CIUDADANA
98,40,40.8163,40,40.8163,0,14601,7761,53.1538

MESA,DEPARTAMENTO,ID_DEPARTAMENTO,MUNICIPIO,ID_MUNICIPIO,CENTRO_DE_VOTACIÓN,PADRÓN,CABAL,MLP,ELEFANTE,BIEN,AZUL,UNE,WINAQ,PODEMOS,VICTORIA,VIVA,VAMOS,VOS,PPN,VÁLIDOS,NULOS,BLANCO,EMITIDOS,INVÁLIDOS,TOTAL,IMPUGNACIONES,PAPELETAS-RECIBIDAS,PAPELETAS-NO-USADAS,VALIDOS_CALCULADO,EMITIDOS_CALCULADO,TOTAL_CALCULADO,OBSERVACIONES,CONTABILIZADA,CÓDIGO_INTEGRIDAD,FECHA_HORA_PUBLICACIÓN,DIGITALIZACIÓN
13517,"San Marcos",12,"Concepción Tutuapa",6,1869,400,124,2,26,63,1,10,2,0,0,1,0,0,0,229,10,5,244,0,244,--,400,156,229,244,244,Algún campo sin dato,1,b556f991dd4821efebb70e658ec6df9f09d661fa48963286720493b329c8eead,25/06/2023 23:24:59,ESCANER
13518,"San Marcos",12,"Concepción Tutuapa",6,1869,400,,,,,,,,,,,,,,,,,,,,,,,,,,,0,,,
13519,"San Marcos",12,"Concepción Tutuapa",6,1869,400,126,2,15,85,4,6,2,0,3,5,0,0,0,248,20,8,276,0,276,--,400,124,248,276,276,Algún campo sin dato,1,b4e40f849ab9d6597def7454e9971b70fd7218a1603eeac7643d4acc882290ac,25/06/2023 23:06:22,ESCANER
13520,"San Marcos",12,"Concepción Tutuapa",6,1869,400,125,0,18,108,0,4,1,1,3,1,1,0,0,262,24,8,294,0,294,--,400,106,262,294,294,Algún campo sin dato,1,54eb793a343b69d41af74c326fc67eddb78fc9b2851a61c83163f062effe5aea,25/06/2023 22:52:57,ESCANER
13521,"San Marcos",12,"Concepción Tutuapa",6,1869,400,137,3,25,79,3,11,2,0,1,5,5,1,0,272,8,1,281,0,281,0,400,119,272,281,281,,1,3849fe492cabfe0fdd2618b730180ca3fbfc6e5b29f4ea0d021ac8adbec2bb65,25/06/2023 22:23:14,ESCANER
13522,"San Marcos",12,"Concepción Tutuapa",6,1869,400,98,2,17,74,1,8,0,0,2,2,0,0,0,204,7,2,213,0,213,0,400,187,204,213,213,,1,eba38fe66929707fe8ed9d57195884ffe7fd3175ae6705d01bdef8ffaec262dd,25/06/2023 22:09:35,ESCANER
13523,"San Marcos",12,"Concepción Tutuapa",6,1869,400,101,1,25,75,4,3,2,0,2,4,2,2,0,221,10,3,234,0,234,--,400,166,221,234,234,Algún campo sin dato,1,4008d7559af21cffa75964dd378418c8de3f5adc5d593f676dfae4d002d98bb4,25/06/2023 22:24:12,ESCANER
13524,"San Marcos",12,"Concepción Tutuapa",6,1869,400,108,1,14,68,3,9,0,0,1,2,0,1,0,207,12,7,226,0,226,--,400,174,207,226,226,Algún campo sin dato,1,6acbc45698c898997e425ba2cf99bdc749bd3a784f3a0e2b23e006a317df9b19,25/06/2023 23:40:26,ESCANER
13525,"San Marcos",12,"Concepción Tutuapa",6,1869,400,89,1,18,68,3,6,0,0,3,2,0,2,0,192,10,4,206,0,206,--,400,194,192,206,206,Algún campo sin dato,1,11a0b99350410c878ad7ea5e19011cbcdc159efcfd413abfb9ee300316216fd7,25/06/2023 23:25:31,ESCANER
13526,"San Marcos",12,"Concepción Tutuapa",6,1869,400,111,1,17,83,1,8,3,0,2,0,0,0,0,226,3,0,229,0,--,--,400,171,226,229,229,Algún campo sin dato,1,dcc695d8c201331ceb7f415f1de7473f06a384b4b954dec664342fc044940409,25/06/2023 22:50:59,ESCANER
13527,"San Marcos",12,"Concepción Tutuapa",6,1869,251,61,1,2,54,0,5,0,0,0,1,1,1,0,126,1,0,127,0,127,--,251,124,126,127,127,Algún campo sin dato,1,95d684a64daa371716b5bfc7c4e920e97bf91a1c7e849efe03e784edb1f6ff20,25/06/2023 22:45:23,ESCANER
13528,"San Marcos",12,"Concepción Tutuapa",6,1869,250,49,1,8,43,0,2,0,0,0,0,0,2,0,105,1,3,109,0,109,--,250,141,105,109,109,Algún campo sin dato,1,aec67a5019a46fd7bf273ff69986e3497231317f220cf48460ee5e8e9ccffb18,25/06/2023 22:25:48,ESCANER
13529,"San Marcos",12,"Concepción Tutuapa",6,1870,376,,,,,,,,,,,,,,,,,,,,,,,,,,,0,,,
13530,"San Marcos",12,"Concepción Tutuapa",6,1870,376,,,,,,,,,,,,,,,,,,,,,,,,,,,0,,,
13531,"San Marcos",12,"Concepción Tutuapa",6,1871,380,105,0,26,58,1,5,1,2,10,1,1,0,0,210,26,15,251,0,251,--,380,129,210,251,251,Algún campo sin dato,1,8e9e7fb12fe68cf075990df16f133d188f62ab2c6a57e161389c7f008228131e,25/06/2023 23:27:36,ESCANER
13532,"San Marcos",12,"Concepción Tutuapa",6,1871,380,86,1,27,70,0,6,0,0,11,2,0,1,0,204,5,19,228,0,228,--,380,152,204,228,228,Algún campo sin dato,1,f1d6e8a92f5caae33fc43ed5ab357c171fc7de28c2834eb418153d7a240e425f,25/06/2023 23:34:18,ESCANER
13533,"San Marcos",12,"Concepción Tutuapa",6,1871,380,90,2,22,50,5,2,1,1,1,1,1,0,0,176,31,10,217,0,217,--,380,163,176,217,217,Algún campo sin dato,1,0fe05ac62e665dfeecf6a6151d8d06aa169bf38c6131200f094d359a54d77947,25/06/2023 23:29:52,ESCANER
13534,"San Marcos",12,"Concepción Tutuapa",6,1871,380,87,2,25,74,0,2,1,0,1,4,0,1,0,197,19,4,220,0,220,--,380,160,197,220,220,Algún campo sin dato,1,02dd0d9acc5643042f28bec9591a3a98a51e32c7eeb05c346c8657a6f322ea09,25/06/2023 23:43:22,ESCANER
13535,"San Marcos",12,"Concepción Tutuapa",6,1871,280,47,1,14,38,0,4,0,1,2,1,0,0,0,108,8,2,118,0,118,--,277,159,108,118,118,Algún campo sin dato,1,e61e83b616eed465d752135cb324030a587ae137ba6cf7feaa9d7e8244c654e3,25/06/2023 23:15:01,ESCANER
13536,"San Marcos",12,"Concepción Tutuapa",6,1871,279,47,1,17,37,1,3,0,0,4,0,0,0,0,110,11,1,122,0,122,--,276,154,110,122,122,Algún campo sin dato,1,9b97a504941b3781120d6a7e3416a1f37c4097674489f4485d8422fe1da77808,25/06/2023 23:38:22,ESCANER
13537,"San Marcos",12,"Concepción Tutuapa",6,1872,380,,,,,,,,,,,,,,,,,,,,,,,,,,,0,,,
13538,"San Marcos",12,"Concepción Tutuapa",6,1872,380,50,0,84,50,2,1,3,1,1,3,2,0,0,197,13,10,220,0,220,--,380,160,197,220,220,Algún campo sin dato,1,915ace216709e336e7147523904b02371fe48bca39e7c3e96e14376462756663,26/06/2023 00:08:51,ESCANER
13539,"San Marcos",12,"Concepción Tutuapa",6,1872,380,,,,,,,,,,,,,,,,,,,,,,,,,,,0,,,
13540,"San Marcos",12,"Concepción Tutuapa",6,1872,380,30,1,59,46,3,1,0,0,2,0,1,0,0,143,15,10,168,0,168,--,380,212,143,168,168,Algún campo sin dato,1,92814f652c14be4dd9ee135294160ee0e6ebc5df9bf12a7e1d3df233ca597177,26/06/2023 00:21:21,ESCANER
13541,"San Marcos",12,"Concepción Tutuapa",6,1873,380,,,,,,,,,,,,,,,,,,,,,,,,,,,0,,,
13542,"San Marcos",12,"Concepción Tutuapa",6,1873,380,,,,,,,,,,,,,,,,,,,,,,,,,,,0,,,
13543,"San Marcos",12,"Concepción Tutuapa",6,1873,225,,,,,,,,,,,,,,,,,,,,,,,,,,,0,,,
13544,"San Marcos",12,"Concepción Tutuapa",6,1873,225,,,,,,,,,,,,,,,,,,,,,,,,,,,0,,,
13545,"San Marcos",12,"Concepción Tutuapa",6,1874,380,,,,,,,,,,,,,,,,,,,,,,,,,,,0,,,
13546,"San Marcos",12,"Concepción Tutuapa",6,1874,380,,,,,,,,,,,,,,,,,,,,,,,,,,,0,,,
13547,"San Marcos",12,"Concepción Tutuapa",6,1874,380,,,,,,,,,,,,,,,,,,,,,,,,,,,0,,,
13548,"San Marcos",12,"Concepción Tutuapa",6,1874,380,,,,,,,,,,,,,,,,,,,,,,,,,,,0,,,
13549,"San Marcos",12,"Concepción Tutuapa",6,1874,380,,,,,,,,,,,,,,,,,,,,,,,,,,,0,,,
13550,"San Marcos",12,"Concepción Tutuapa",6,1874,380,,,,,,,,,,,,,,,,,,,,,,,,,,,0,,,
13551,"San Marcos",12,"Concepción Tutuapa",6,1874,380,,,,,,,,,,,,,,,,,,,,,,,,,,,0,,,
13552,"San Marcos",12,"Concepción Tutuapa",6,1874,380,,,,,,,,,,,,,,,,,,,,,,,,,,,0,,,
13553,"San Marcos",12,"Concepción Tutuapa",6,1874,208,29,0,6,39,0,1,0,0,0,0,0,0,0,75,0,5,80,0,80,--,208,128,75,80,80,Algún campo sin dato,1,11f6ec1a4b33979731d6d3b7466b7e35f9978cd1071c4af4e811105857c851bc,25/06/2023 21:59:18,MOVIL
13554,"San Marcos",12,"Concepción Tutuapa",6,1874,208,25,0,7,28,1,1,0,0,0,0,0,0,0,62,4,6,72,0,72,--,208,136,62,72,72,Algún campo sin dato,1,ec37917f351bc14c7a8432a067bf5fff8425ec3f6bb1bd9145b8b42ae065bc04,25/06/2023 22:50:05,MOVIL
13555,"San Marcos",12,"Concepción Tutuapa",6,1875,380,86,3,11,82,2,1,0,0,2,3,0,0,0,190,17,12,219,0,219,--,380,161,190,219,219,Algún campo sin dato,1,d36dcb36bd783d8af6244bf0703763ac645e937f3395f9b0a75f93c64e3adfce,25/06/2023 22:01:08,ESCANER
13556,"San Marcos",12,"Concepción Tutuapa",6,1875,380,94,2,13,85,2,2,0,0,3,2,1,0,0,204,19,7,230,0,230,--,380,150,204,230,230,Algún campo sin dato,1,0539ddd13943136588d3869c1739609af333bab98e6cb98b29fd20ac025f94ee,25/06/2023 22:29:31,ESCANER
13557,"San Marcos",12,"Concepción Tutuapa",6,1875,380,,,,,,,,,,,,,,,,,,,,,,,,,,,0,,,
13558,"San Marcos",12,"Concepción Tutuapa",6,1875,380,85,3,3,116,1,3,0,0,5,2,0,1,0,219,32,11,262,0,262,--,380,118,219,262,262,Algún campo sin dato,1,bb1d746e889d62640277ab0936595b9905d2f20a63ef39aabc1a11dbae05f940,26/06/2023 00:14:06,ESCANER
13559,"San Marcos",12,"Concepción Tutuapa",6,1875,380,85,2,6,122,0,2,0,0,11,2,1,1,1,233,19,15,267,0,267,--,380,113,233,267,267,Algún campo sin dato,1,880441397bf047aeca8aca7f3ee33584554a9599a3f62adc8737ff643cf28b1b,25/06/2023 22:18:03,ESCANER
13560,"San Marcos",12,"Concepción Tutuapa",6,1876,380,,,,,,,,,,,,,,,,,,,,,,,,,,,0,,,
13561,"San Marcos",12,"Concepción Tutuapa",6,1876,380,,,,,,,,,,,,,,,,,,,,,,,,,,,0,,,
13562,"San Marcos",12,"Concepción Tutuapa",6,1876,380,,,,,,,,,,,,,,,,,,,,,,,,,,,0,,,
13563,"San Marcos",12,"Concepción Tutuapa",6,1876,368,65,1,4,107,0,3,0,0,5,1,0,0,0,186,8,3,197,0,197,--,368,171,186,197,197,Algún campo sin dato,1,1c2311368523c54c01a6508df6f0ae7f8912c1e30241bf9b0ad41fbd82de8921,25/06/2023 22:50:18,ESCANER
13564,"San Marcos",12,"Concepción Tutuapa",6,1876,368,49,0,4,88,0,0,1,0,4,1,0,0,0,147,5,1,153,0,153,0,368,215,147,153,153,,1,13cbe988aeef955d88ec947272efdbdd346bc8453c9c5a1405056cee2d891475,25/06/2023 21:07:49,ESCANER
13565,"San Marcos",12,"Concepción Tutuapa",6,1877,380,77,6,17,66,3,13,0,2,1,2,1,1,0,189,21,8,218,0,218,--,380,162,189,218,218,Algún campo sin dato,1,e9e6e0b7b14363dfa86be446c048e1b879ed0df87baac3ded583fbdf57f6d31e,25/06/2023 23:28:38,ESCANER
13566,"San Marcos",12,"Concepción Tutuapa",6,1877,380,84,8,22,63,3,10,1,0,0,0,3,0,0,194,31,11,236,0,236,--,380,144,194,236,236,Algún campo sin dato,1,a52cf22bca3c77f5f3d4b70732c90bc911903caeae42bc51c3317d66dc4541fb,25/06/2023 22:43:30,ESCANER
13567,"San Marcos",12,"Concepción Tutuapa",6,1877,380,79,5,21,97,1,6,0,0,2,2,3,0,0,216,26,6,248,0,248,--,380,132,216,248,248,Algún campo sin dato,1,f4d223d3eec6cfa5062928a7de4f26973138141442d2d01dd066f139438d91b3,25/06/2023 23:31:57,ESCANER
13568,"San Marcos",12,"Concepción Tutuapa",6,1877,380,113,0,17,52,5,23,3,0,2,9,1,1,0,226,17,8,251,0,251,--,380,129,226,251,251,Algún campo sin dato,1,24cd6df3f900a730ff481ca5c783e519c09b4f894e3f0f967f5b4005489dd56b,25/06/2023 23:29:12,ESCANER
13569,"San Marcos",12,"Concepción Tutuapa",6,1877,380,,,,,,,,,,,,,,,,,,,,,,,,,,,0,,,
13570,"San Marcos",12,"Concepción Tutuapa",6,1877,380,83,0,16,64,5,19,1,0,5,3,1,2,0,199,21,6,226,0,226,--,380,154,199,226,226,Algún campo sin dato,1,3726b481813cb8618493973e7fab918a8f83aa3b484fc216fabc7a2793bc73b2,25/06/2023 23:36:37,ESCANER
13571,"San Marcos",12,"Concepción Tutuapa",6,1877,380,70,3,12,50,7,4,0,0,2,2,0,0,0,150,7,4,161,0,161,--,380,219,150,161,161,Algún campo sin dato,1,70b8024f4494f8a3c3c237cba070b91f48b00f7eb63d8cf47a47d95221e4465e,25/06/2023 23:26:28,ESCANER
13572,"San Marcos",12,"Concepción Tutuapa",6,1877,380,72,3,14,49,3,9,0,0,0,5,0,1,0,156,9,7,172,--,172,--,380,208,156,172,172,Algún campo sin dato,1,fcbf1090aa4d7b610d97249a8ecfad5e8639035513409ab0ff8b10a0e6793d32,25/06/2023 23:20:21,ESCANER
13573,"San Marcos",12,"Concepción Tutuapa",6,1878,380,76,0,11,47,2,3,0,0,2,2,2,1,0,146,8,4,158,0,158,--,380,222,146,158,158,Algún campo sin dato,1,3afd2db4120e8657d4da87aaebe7c8214b966ab78eb5c96bc57eaab2052841a7,25/06/2023 22:46:11,ESCANER
13574,"San Marcos",12,"Concepción Tutuapa",6,1878,281,,,,,,,,,,,,,,,,,,,,,,,,,,,0,,,
13575,"San Marcos",12,"Concepción Tutuapa",6,1878,281,,,,,,,,,,,,,,,,,,,,,,,,,,,0,,,
13576,"San Marcos",12,"Concepción Tutuapa",6,1879,380,,,,,,,,,,,,,,,,,,,,,,,,,,,0,,,
13577,"San Marcos",12,"Concepción Tutuapa",6,1879,380,30,17,34,58,5,27,1,1,4,2,1,0,0,180,20,18,218,0,218,--,380,162,180,218,218,Algún campo sin dato,1,e33afa5b53706323bc75fa31127860f1800c3948ec2ea3943ce35a9f110a39ac,26/06/2023 00:02:22,MOVIL
13578,"San Marcos",12,"Concepción Tutuapa",6,1879,380,,,,,,,,,,,,,,,,,,,,,,,,,,,0,,,
13579,"San Marcos",12,"Concepción Tutuapa",6,1879,338,,,,,,,,,,,,,,,,,,,,,,,,,,,0,,,
13580,"San Marcos",12,"Concepción Tutuapa",6,1879,337,,,,,,,,,,,,,,,,,,,,,,,,,,,0,,,
13581,"San Marcos",12,"Concepción Tutuapa",6,1880,380,,,,,,,,,,,,,,,,,,,,,,,,,,,0,,,
13582,"San Marcos",12,"Concepción Tutuapa",6,1880,380,,,,,,,,,,,,,,,,,,,,,,,,,,,0,,,
13583,"San Marcos",12,"Concepción Tutuapa",6,1880,380,,,,,,,,,,,,,,,,,,,,,,,,,,,0,,,
13584,"San Marcos",12,"Concepción Tutuapa",6,1880,222,,,,,,,,,,,,,,,,,,,,,,,,,,,0,,,
13585,"San Marcos",12,"Concepción Tutuapa",6,1880,222,27,0,4,26,0,1,0,0,2,0,0,0,0,60,8,1,69,0,69,--,219,150,60,69,69,Algún campo sin dato,1,dac2af15f8c9e6be98f06c70a189e56cfb744a924dfaae5205ef7b3e1d19d86e,25/06/2023 21:23:31,MOVIL
13586,"San Marcos",12,"Concepción Tutuapa",6,1881,380,,,,,,,,,,,,,,,,,,,,,,,,,,,0,,,
13587,"San Marcos",12,"Concepción Tutuapa",6,1881,380,,,,,,,,,,,,,,,,,,,,,,,,,,,0,,,
13588,"San Marcos",12,"Concepción Tutuapa",6,1881,380,,,,,,,,,,,,,,,,,,,,,,,,,,,0,,,
13589,"San Marcos",12,"Concepción Tutuapa",6,1881,216,,,,,,,,,,,,,,,,,,,,,,,,,,,0,,,
13590,"San Marcos",12,"Concepción Tutuapa",6,1881,216,,,,,,,,,,,,,,,,,,,,,,,,,,,0,,,
13591,"San Marcos",12,"Concepción Tutuapa",6,1882,380,,,,,,,,,,,,,,,,,,,,,,,,,,,0,,,
13592,"San Marcos",12,"Concepción Tutuapa",6,1882,380,,,,,,,,,,,,,,,,,,,,,,,,,,,0,,,
13593,"San Marcos",12,"Concepción Tutuapa",6,1882,380,,,,,,,,,,,,,,,,,,,,,,,,,,,0,,,
13594,"San Marcos",12,"Concepción Tutuapa",6,1882,380,,,,,,,,,,,,,,,,,,,,,,,,,,,0,,,
13595,"San Marcos",12,"Concepción Tutuapa",6,1882,379,,,,,,,,,,,,,,,,,,,,,,,,,,,0,,,
13596,"San Marcos",12,"Concepción Tutuapa",6,1882,378,,,,,,,,,,,,,,,,,,,,,,,,,,,0,,,
13597,"San Marcos",12,"Concepción Tutuapa",6,1883,380,,,,,,,,,,,,,,,,,,,,,,,,,,,0,,,
13598,"San Marcos",12,"Concepción Tutuapa",6,1883,380,,,,,,,,,,,,,,,,,,,,,,,,,,,0,,,
13599,"San Marcos",12,"Concepción Tutuapa",6,1883,380,,,,,,,,,,,,,,,,,,,,,,,,,,,0,,,
13600,"San Marcos",12,"Concepción Tutuapa",6,1883,380,,,,,,,,,,,,,,,,,,,,,,,,,,,0,,,
13601,"San Marcos",12,"Concepción Tutuapa",6,1883,317,,,,,,,,,,,,,,,,,,,,,,,,,,,0,,,
13602,"San Marcos",12,"Concepción Tutuapa",6,1883,316,,,,,,,,,,,,,,,,,,,,,,,,,,,0,,,
13603,"San Marcos",12,"Concepción Tutuapa",6,1884,380,,,,,,,,,,,,,,,,,,,,,,,,,,,0,,,
13604,"San Marcos",12,"Concepción Tutuapa",6,1884,380,,,,,,,,,,,,,,,,,,,,,,,,,,,0,,,
13605,"San Marcos",12,"Concepción Tutuapa",6,1884,380,,,,,,,,,,,,,,,,,,,,,,,,,,,0,,,
13606,"San Marcos",12,"Concepción Tutuapa",6,1884,380,,,,,,,,,,,,,,,,,,,,,,,,,,,0,,,
13607,"San Marcos",12,"Concepción Tutuapa",6,1884,380,,,,,,,,,,,,,,,,,,,,,,,,,,,0,,,
13608,"San Marcos",12,"Concepción Tutuapa",6,1884,380,,,,,,,,,,,,,,,,,,,,,,,,,,,0,,,
13609,"San Marcos",12,"Concepción Tutuapa",6,1884,380,,,,,,,,,,,,,,,,,,,,,,,,,,,0,,,
13610,"San Marcos",12,"Concepción Tutuapa",6,1884,271,,,,,,,,,,,,,,,,,,,,,,,,,,,0,,,
13611,"San Marcos",12,"Concepción Tutuapa",6,1884,271,,,,,,,,,,,,,,,,,,,,,,,,,,,0,,,
13612,"San Marcos",12,"Concepción Tutuapa",6,1885,600,71,1,21,52,3,11,0,0,3,6,3,1,0,172,27,7,206,0,206,0,598,392,172,206,206,,1,de1069c528da7c6c58fca7d3070e43dc3f5775e37851749e7194116fab218b75,25/06/2023 23:11:38,ESCANER
13613,"San Marcos",12,"Concepción Tutuapa",6,1885,374,35,0,10,28,0,4,1,0,0,1,1,0,0,80,11,3,94,0,94,0,374,280,80,94,94,,1,1ea2a86def5468b962aff9956a6c8fb214eca88cf9d3b7f09c211f1775110c56,25/06/2023 23:14:13,ESCANER
13614,"San Marcos",12,"Concepción Tutuapa",6,1885,373,16,1,6,10,0,0,0,1,1,2,0,0,0,37,3,1,41,0,41,--,373,332,37,41,41,Algún campo sin dato,1,8dcc585c5163e3365f0dd1604e8c7f334cc10c8039d2640ba3b3a90e80ec7fbf,25/06/2023 23:06:04,ESCANER