﻿TIPO_DE_ELECCIÓN:,CORPORACIÓN MUNICIPAL
26 junio 2023 00:25 (UTC -6)
ACTAS_ESPERADAS,ACTAS_CAPTURADAS,PORCENTAJE_ACTAS_CAPTURADAS,ACTAS_CONTABILIZADAS,PORCENTAJE_ACTAS_CONTABILIZADAS,ACTAS_NO_CONTABILIZADAS,LISTA_NOMINAL_ACTAS_CONTABILIZADAS,VOTOS_EMITIDOS_CONTABILIZADAS,PORCENTAJE_PARTICIPACIÓN_CIUDADANA
69,18,26.0869,18,26.0869,0,6917,2744,39.6703

MESA,DEPARTAMENTO,ID_DEPARTAMENTO,MUNICIPIO,ID_MUNICIPIO,CENTRO_DE_VOTACIÓN,PADRÓN,VAMOS,PPN,CREO,VICTORIA,UNE,MLP,CABAL,VOS,ELEFANTE,PODEMOS,AZUL,BIEN,PHG,SEMILLA,TODOS,VÁLIDOS,NULOS,BLANCO,EMITIDOS,INVÁLIDOS,TOTAL,IMPUGNACIONES,PAPELETAS-RECIBIDAS,PAPELETAS-NO-USADAS,VALIDOS_CALCULADO,EMITIDOS_CALCULADO,TOTAL_CALCULADO,OBSERVACIONES,CONTABILIZADA,CÓDIGO_INTEGRIDAD,FECHA_HORA_PUBLICACIÓN,DIGITALIZACIÓN
13964,"San Marcos",12,"El Tumbador",13,1962,400,,,,,,,,,,,,,,,,,,,,,,,,,,,,,0,,,
13965,"San Marcos",12,"El Tumbador",13,1962,400,,,,,,,,,,,,,,,,,,,,,,,,,,,,,0,,,
13966,"San Marcos",12,"El Tumbador",13,1962,400,,,,,,,,,,,,,,,,,,,,,,,,,,,,,0,,,
13967,"San Marcos",12,"El Tumbador",13,1962,400,,,,,,,,,,,,,,,,,,,,,,,,,,,,,0,,,
13968,"San Marcos",12,"El Tumbador",13,1962,400,,,,,,,,,,,,,,,,,,,,,,,,,,,,,0,,,
13969,"San Marcos",12,"El Tumbador",13,1962,400,,,,,,,,,,,,,,,,,,,,,,,,,,,,,0,,,
13970,"San Marcos",12,"El Tumbador",13,1962,400,,,,,,,,,,,,,,,,,,,,,,,,,,,,,0,,,
13971,"San Marcos",12,"El Tumbador",13,1963,400,,,,,,,,,,,,,,,,,,,,,,,,,,,,,0,,,
13972,"San Marcos",12,"El Tumbador",13,1963,400,,,,,,,,,,,,,,,,,,,,,,,,,,,,,0,,,
13973,"San Marcos",12,"El Tumbador",13,1963,400,,,,,,,,,,,,,,,,,,,,,,,,,,,,,0,,,
13974,"San Marcos",12,"El Tumbador",13,1963,400,,,,,,,,,,,,,,,,,,,,,,,,,,,,,0,,,
13975,"San Marcos",12,"El Tumbador",13,1963,338,,,,,,,,,,,,,,,,,,,,,,,,,,,,,0,,,
13976,"San Marcos",12,"El Tumbador",13,1963,337,48,58,8,3,2,1,0,7,2,3,0,1,1,0,2,136,4,1,141,0,141,--,337,198,136,141,141,Algún campo sin dato,1,145dc6eb12f55d14b6deebf2675a453d83d13166461eb86fa57167f6d44c6e85,26/06/2023 00:08:29,ESCANER
13977,"San Marcos",12,"El Tumbador",13,1964,400,,,,,,,,,,,,,,,,,,,,,,,,,,,,,0,,,
13978,"San Marcos",12,"El Tumbador",13,1964,400,,,,,,,,,,,,,,,,,,,,,,,,,,,,,0,,,
13979,"San Marcos",12,"El Tumbador",13,1964,400,,,,,,,,,,,,,,,,,,,,,,,,,,,,,0,,,
13980,"San Marcos",12,"El Tumbador",13,1964,400,,,,,,,,,,,,,,,,,,,,,,,,,,,,,0,,,
13981,"San Marcos",12,"El Tumbador",13,1964,400,76,74,18,3,8,3,0,1,2,2,0,3,0,0,6,196,22,3,221,0,221,--,400,179,196,221,221,Algún campo sin dato,1,6e32f40e75414571eb198d0cbaf78231bf3c976ea1634650930a7b7b0d27c88e,26/06/2023 00:00:34,ESCANER
13982,"San Marcos",12,"El Tumbador",13,1964,400,,,,,,,,,,,,,,,,,,,,,,,,,,,,,0,,,
13983,"San Marcos",12,"El Tumbador",13,1964,367,83,70,12,0,3,0,0,4,0,3,0,3,1,1,1,181,2,1,184,0,184,--,367,183,181,184,184,Algún campo sin dato,1,2f2ac94a5b3bae5c738446debfc8c19a52691e37c2ed73cfb58e3d2dcb4ee43e,25/06/2023 22:51:47,ESCANER
13984,"San Marcos",12,"El Tumbador",13,1964,367,,,,,,,,,,,,,,,,,,,,,,,,,,,,,0,,,
13985,"San Marcos",12,"El Tumbador",13,1965,380,,,,,,,,,,,,,,,,,,,,,,,,,,,,,0,,,
13986,"San Marcos",12,"El Tumbador",13,1965,380,,,,,,,,,,,,,,,,,,,,,,,,,,,,,0,,,
13987,"San Marcos",12,"El Tumbador",13,1965,380,,,,,,,,,,,,,,,,,,,,,,,,,,,,,0,,,
13988,"San Marcos",12,"El Tumbador",13,1965,380,,,,,,,,,,,,,,,,,,,,,,,,,,,,,0,,,
13989,"San Marcos",12,"El Tumbador",13,1965,380,,,,,,,,,,,,,,,,,,,,,,,,,,,,,0,,,
13990,"San Marcos",12,"El Tumbador",13,1965,380,,,,,,,,,,,,,,,,,,,,,,,,,,,,,0,,,
13991,"San Marcos",12,"El Tumbador",13,1965,380,,,,,,,,,,,,,,,,,,,,,,,,,,,,,0,,,
13992,"San Marcos",12,"El Tumbador",13,1965,380,,,,,,,,,,,,,,,,,,,,,,,,,,,,,0,,,
13993,"San Marcos",12,"El Tumbador",13,1966,380,,,,,,,,,,,,,,,,,,,,,,,,,,,,,0,,,
13994,"San Marcos",12,"El Tumbador",13,1966,380,,,,,,,,,,,,,,,,,,,,,,,,,,,,,0,,,
13995,"San Marcos",12,"El Tumbador",13,1966,380,,,,,,,,,,,,,,,,,,,,,,,,,,,,,0,,,
13996,"San Marcos",12,"El Tumbador",13,1966,380,,,,,,,,,,,,,,,,,,,,,,,,,,,,,0,,,
13997,"San Marcos",12,"El Tumbador",13,1966,380,,,,,,,,,,,,,,,,,,,,,,,,,,,,,0,,,
13998,"San Marcos",12,"El Tumbador",13,1966,380,,,,,,,,,,,,,,,,,,,,,,,,,,,,,0,,,
13999,"San Marcos",12,"El Tumbador",13,1966,380,,,,,,,,,,,,,,,,,,,,,,,,,,,,,0,,,
14000,"San Marcos",12,"El Tumbador",13,1966,379,,,,,,,,,,,,,,,,,,,,,,,,,,,,,0,,,
14001,"San Marcos",12,"El Tumbador",13,1966,379,,,,,,,,,,,,,,,,,,,,,,,,,,,,,0,,,
14002,"San Marcos",12,"El Tumbador",13,1967,380,,,,,,,,,,,,,,,,,,,,,,,,,,,,,0,,,
14003,"San Marcos",12,"El Tumbador",13,1967,380,,,,,,,,,,,,,,,,,,,,,,,,,,,,,0,,,
14004,"San Marcos",12,"El Tumbador",13,1967,380,,,,,,,,,,,,,,,,,,,,,,,,,,,,,0,,,
14005,"San Marcos",12,"El Tumbador",13,1967,380,,,,,,,,,,,,,,,,,,,,,,,,,,,,,0,,,
14006,"San Marcos",12,"El Tumbador",13,1967,380,48,80,17,1,5,7,6,1,2,0,0,2,7,0,1,177,19,0,196,0,196,--,380,184,177,196,196,Algún campo sin dato,1,52efc58fa0ccf264382054897637a655bd9850bca471fd1eef0fb5e95f959628,26/06/2023 00:10:36,ESCANER
14007,"San Marcos",12,"El Tumbador",13,1967,380,,,,,,,,,,,,,,,,,,,,,,,,,,,,,0,,,
14008,"San Marcos",12,"El Tumbador",13,1967,380,,,,,,,,,,,,,,,,,,,,,,,,,,,,,0,,,
14009,"San Marcos",12,"El Tumbador",13,1967,380,61,75,16,6,8,9,4,1,0,1,1,0,4,0,5,191,20,3,214,0,214,--,380,166,191,214,214,Algún campo sin dato,1,675e57d7eb4c42a5d95ad7c58f3767b1b98a4efb1105740967822d0cef1598d1,25/06/2023 22:44:04,ESCANER
14010,"San Marcos",12,"El Tumbador",13,1967,380,57,60,12,6,4,14,6,0,1,2,0,0,8,0,5,175,5,0,180,0,180,--,380,200,175,180,180,Algún campo sin dato,1,3f437c513180d8ca10288821824c547f342053feae2d5c97923e9b96bb2f0000,25/06/2023 23:17:55,ESCANER
14011,"San Marcos",12,"El Tumbador",13,1967,348,,,,,,,,,,,,,,,,,,,,,,,,,,,,,0,,,
14012,"San Marcos",12,"El Tumbador",13,1967,348,,,,,,,,,,,,,,,,,,,,,,,,,,,,,0,,,
14013,"San Marcos",12,"El Tumbador",13,1968,380,106,60,12,0,6,0,0,2,1,3,2,1,0,1,1,195,17,11,225,0,225,2,380,155,195,223,223,Sumas Asentadas sin cuadrar,1,25bacd89ee11d33fcda28d87e19b6485902a8f84e8d57861f3be4f53728bb475,25/06/2023 22:27:02,ESCANER
14014,"San Marcos",12,"El Tumbador",13,1968,317,71,32,14,1,3,1,2,2,1,3,1,2,1,0,1,135,19,2,156,0,156,0,317,161,135,156,156,,1,cf1c5c134f7124ee9159b2d2f69af139edc5118cead93f8fa4cd6df3c233c04a,25/06/2023 22:42:25,ESCANER
14015,"San Marcos",12,"El Tumbador",13,1968,316,69,39,11,1,1,1,0,4,3,1,0,0,2,1,2,135,6,1,142,0,142,--,316,174,135,142,142,Algún campo sin dato,1,873967b6627461f6a5d4d555458021bb34cc5131ab7bcf026db0252ecf8afbb9,25/06/2023 23:21:50,ESCANER
14016,"San Marcos",12,"El Tumbador",13,1969,380,,,,,,,,,,,,,,,,,,,,,,,,,,,,,0,,,
14017,"San Marcos",12,"El Tumbador",13,1969,380,,,,,,,,,,,,,,,,,,,,,,,,,,,,,0,,,
14018,"San Marcos",12,"El Tumbador",13,1969,380,,,,,,,,,,,,,,,,,,,,,,,,,,,,,0,,,
14019,"San Marcos",12,"El Tumbador",13,1969,380,,,,,,,,,,,,,,,,,,,,,,,,,,,,,0,,,
14020,"San Marcos",12,"El Tumbador",13,1969,380,,,,,,,,,,,,,,,,,,,,,,,,,,,,,0,,,
14021,"San Marcos",12,"El Tumbador",13,1969,322,62,65,14,0,3,0,2,0,0,2,0,0,0,1,2,151,2,1,154,3,157,--,322,165,151,154,157,Algún campo sin dato,1,0332c6f75ab4f1b6e57dd9e847d4d60216cbb29c70bca863a09ff02ff916ded0,25/06/2023 23:28:38,ESCANER
14022,"San Marcos",12,"El Tumbador",13,1969,322,,,,,,,,,,,,,,,,,,,,,,,,,,,,,0,,,
14023,"San Marcos",12,"El Tumbador",13,1970,380,,,,,,,,,,,,,,,,,,,,,,,,,,,,,0,,,
14024,"San Marcos",12,"El Tumbador",13,1970,380,55,75,28,1,8,0,5,0,0,0,0,1,2,0,0,175,32,2,209,0,209,--,380,171,175,209,209,Algún campo sin dato,1,2fdf0bb780570e864881d6677ee4ebd2584060df21c54dccc79e5791caa33a35,25/06/2023 23:13:30,ESCANER
14025,"San Marcos",12,"El Tumbador",13,1970,380,52,78,14,2,7,6,0,3,1,4,1,0,0,0,2,170,21,3,194,0,194,--,380,186,170,194,194,Algún campo sin dato,1,c4c562778386ca92b13e364b371927a2a88801de4f381635010fba46e7ff0600,26/06/2023 00:24:27,ESCANER
14026,"San Marcos",12,"El Tumbador",13,1970,380,,,,,,,,,,,,,,,,,,,,,,,,,,,,,0,,,
14027,"San Marcos",12,"El Tumbador",13,1970,321,36,69,13,1,7,2,1,3,1,1,1,0,0,0,1,136,8,2,146,1,147,--,321,174,136,146,147,Algún campo sin dato,1,36f7baf620c47d5f6d74e9890dc465453eecc68746e225ab8f2fcbe444b0c1b2,26/06/2023 00:00:57,ESCANER
14028,"San Marcos",12,"El Tumbador",13,1970,321,33,52,17,0,4,1,0,2,1,3,0,1,1,0,0,115,3,0,118,0,118,--,321,203,115,118,118,Algún campo sin dato,1,d0c519086a1c9a29b4b6e19d6c9f81aa8946aaee7a73c895b2e4ade240e3b84a,25/06/2023 23:32:30,ESCANER
14029,"San Marcos",12,"El Tumbador",13,1971,600,47,22,3,0,6,0,0,0,3,3,1,1,0,1,1,88,13,4,105,0,105,--,--,--,88,105,105,Algún campo sin dato,1,43b4e88db8eaf358134bab0b685ce128a0c3f2a3802ebdc95c214866fa354a95,26/06/2023 00:18:22,ESCANER
14030,"San Marcos",12,"El Tumbador",13,1971,600,37,18,2,1,5,1,3,1,0,1,0,1,0,1,3,74,5,1,80,0,80,--,600,520,74,80,80,Algún campo sin dato,1,f0a4eb3c78b5e806e2c4202e49df8955e897b7a9cb3015255f4bcf2f7d0b2ff0,26/06/2023 00:01:49,ESCANER
14031,"San Marcos",12,"El Tumbador",13,1971,368,18,15,6,0,2,2,0,1,0,0,0,1,0,0,1,46,3,0,49,0,49,--,--,--,46,49,49,Algún campo sin dato,1,afc3b5e284422dd9d058d905fd26a912f11c47fd2a848e3bb53100d3188d455c,25/06/2023 22:58:46,ESCANER
14032,"San Marcos",12,"El Tumbador",13,1971,368,12,7,2,0,0,1,0,3,1,1,0,1,0,0,1,29,3,0,32,0,32,--,368,336,29,32,32,Algún campo sin dato,1,e797cf096421e7b8c48963132ccfe3997f770957457e24f549309c905be9a205,25/06/2023 21:48:49,ESCANER