﻿TIPO_DE_ELECCIÓN:,CORPORACIÓN MUNICIPAL
26 junio 2023 00:25 (UTC -6)
ACTAS_ESPERADAS,ACTAS_CAPTURADAS,PORCENTAJE_ACTAS_CAPTURADAS,ACTAS_CONTABILIZADAS,PORCENTAJE_ACTAS_CONTABILIZADAS,ACTAS_NO_CONTABILIZADAS,LISTA_NOMINAL_ACTAS_CONTABILIZADAS,VOTOS_EMITIDOS_CONTABILIZADAS,PORCENTAJE_PARTICIPACIÓN_CIUDADANA
37,5,13.5135,5,13.5135,0,1655,984,59.4561

MESA,DEPARTAMENTO,ID_DEPARTAMENTO,MUNICIPIO,ID_MUNICIPIO,CENTRO_DE_VOTACIÓN,PADRÓN,CABAL,TODOS,PODEMOS,VIVA,VAMOS,UNE,MLP,FCN-NACION,ELEFANTE,CAMBIO,VALOR,PPN,VÁLIDOS,NULOS,BLANCO,EMITIDOS,INVÁLIDOS,TOTAL,IMPUGNACIONES,PAPELETAS-RECIBIDAS,PAPELETAS-NO-USADAS,VALIDOS_CALCULADO,EMITIDOS_CALCULADO,TOTAL_CALCULADO,OBSERVACIONES,CONTABILIZADA,CÓDIGO_INTEGRIDAD,FECHA_HORA_PUBLICACIÓN,DIGITALIZACIÓN
12556,"Suchitepéquez",10,"San José La Máquina",21,1717,400,,,,,,,,,,,,,,,,,,,,,,,,,,0,,,
12557,"Suchitepéquez",10,"San José La Máquina",21,1717,400,,,,,,,,,,,,,,,,,,,,,,,,,,0,,,
12558,"Suchitepéquez",10,"San José La Máquina",21,1717,400,,,,,,,,,,,,,,,,,,,,,,,,,,0,,,
12559,"Suchitepéquez",10,"San José La Máquina",21,1717,400,,,,,,,,,,,,,,,,,,,,,,,,,,0,,,
12560,"Suchitepéquez",10,"San José La Máquina",21,1717,400,,,,,,,,,,,,,,,,,,,,,,,,,,0,,,
12561,"Suchitepéquez",10,"San José La Máquina",21,1717,400,,,,,,,,,,,,,,,,,,,,,,,,,,0,,,
12562,"Suchitepéquez",10,"San José La Máquina",21,1717,400,,,,,,,,,,,,,,,,,,,,,,,,,,0,,,
12563,"Suchitepéquez",10,"San José La Máquina",21,1717,293,,,,,,,,,,,,,,,,,,,,,,,,,,0,,,
12564,"Suchitepéquez",10,"San José La Máquina",21,1717,293,20,34,26,6,8,2,0,15,1,1,2,2,117,3,4,124,168,292,1,--,--,117,124,292,Algún campo sin dato,1,a811832e659291875ab159d9aa7a6e96ef3fb07102c72c1e9f83dac3664fc89f,25/06/2023 22:58:14,ESCANER
12565,"Suchitepéquez",10,"San José La Máquina",21,1718,400,,,,,,,,,,,,,,,,,,,,,,,,,,0,,,
12566,"Suchitepéquez",10,"San José La Máquina",21,1719,400,,,,,,,,,,,,,,,,,,,,,,,,,,0,,,
12567,"Suchitepéquez",10,"San José La Máquina",21,1719,400,,,,,,,,,,,,,,,,,,,,,,,,,,0,,,
12568,"Suchitepéquez",10,"San José La Máquina",21,1719,400,,,,,,,,,,,,,,,,,,,,,,,,,,0,,,
12569,"Suchitepéquez",10,"San José La Máquina",21,1719,400,,,,,,,,,,,,,,,,,,,,,,,,,,0,,,
12570,"Suchitepéquez",10,"San José La Máquina",21,1719,400,,,,,,,,,,,,,,,,,,,,,,,,,,0,,,
12571,"Suchitepéquez",10,"San José La Máquina",21,1719,400,,,,,,,,,,,,,,,,,,,,,,,,,,0,,,
12572,"Suchitepéquez",10,"San José La Máquina",21,1719,400,,,,,,,,,,,,,,,,,,,,,,,,,,0,,,
12573,"Suchitepéquez",10,"San José La Máquina",21,1719,400,,,,,,,,,,,,,,,,,,,,,,,,,,0,,,
12574,"Suchitepéquez",10,"San José La Máquina",21,1719,400,,,,,,,,,,,,,,,,,,,,,,,,,,0,,,
12575,"Suchitepéquez",10,"San José La Máquina",21,1719,400,,,,,,,,,,,,,,,,,,,,,,,,,,0,,,
12576,"Suchitepéquez",10,"San José La Máquina",21,1719,400,,,,,,,,,,,,,,,,,,,,,,,,,,0,,,
12577,"Suchitepéquez",10,"San José La Máquina",21,1720,400,,,,,,,,,,,,,,,,,,,,,,,,,,0,,,
12578,"Suchitepéquez",10,"San José La Máquina",21,1720,400,,,,,,,,,,,,,,,,,,,,,,,,,,0,,,
12579,"Suchitepéquez",10,"San José La Máquina",21,1720,400,,,,,,,,,,,,,,,,,,,,,,,,,,0,,,
12580,"Suchitepéquez",10,"San José La Máquina",21,1720,400,,,,,,,,,,,,,,,,,,,,,,,,,,0,,,
12581,"Suchitepéquez",10,"San José La Máquina",21,1720,286,,,,,,,,,,,,,,,,,,,,,,,,,,0,,,
12582,"Suchitepéquez",10,"San José La Máquina",21,1720,285,,,,,,,,,,,,,,,,,,,,,,,,,,0,,,
12583,"Suchitepéquez",10,"San José La Máquina",21,1721,380,,,,,,,,,,,,,,,,,,,,,,,,,,0,,,
12584,"Suchitepéquez",10,"San José La Máquina",21,1721,380,51,43,46,22,15,11,13,20,7,0,4,4,236,22,2,260,0,260,--,380,120,236,260,260,Algún campo sin dato,1,f66f154556d4ea32bc21f8082f8babdfc21feec2ac27c728918872d155e998f1,25/06/2023 23:50:07,ESCANER
12585,"Suchitepéquez",10,"San José La Máquina",21,1721,380,72,48,34,5,14,8,6,15,5,0,2,4,213,11,2,226,0,226,--,380,154,213,226,226,Algún campo sin dato,1,94ee9d1e1a8a52577229bca248d8cee179ab50613b2036e4dd3077ce57dbac62,26/06/2023 00:16:42,ESCANER
12586,"Suchitepéquez",10,"San José La Máquina",21,1721,380,,,,,,,,,,,,,,,,,,,,,,,,,,0,,,
12587,"Suchitepéquez",10,"San José La Máquina",21,1721,380,,,,,,,,,,,,,,,,,,,,,,,,,,0,,,
12588,"Suchitepéquez",10,"San José La Máquina",21,1721,380,86,36,34,14,18,11,6,12,7,1,0,5,230,15,10,255,0,255,--,380,125,230,255,255,Algún campo sin dato,1,32e1d4f9afe7e49db332475376315f09f26e094b1ec483c9871417b25d83012a,26/06/2023 00:10:25,ESCANER
12589,"Suchitepéquez",10,"San José La Máquina",21,1721,380,,,,,,,,,,,,,,,,,,,,,,,,,,0,,,
12590,"Suchitepéquez",10,"San José La Máquina",21,1721,380,,,,,,,,,,,,,,,,,,,,,,,,,,0,,,
12591,"Suchitepéquez",10,"San José La Máquina",21,1721,222,,,,,,,,,,,,,,,,,,,,,,,,,,0,,,
12592,"Suchitepéquez",10,"San José La Máquina",21,1721,222,49,17,20,2,6,4,4,5,1,0,1,1,110,8,1,119,--,119,--,219,100,110,119,119,Algún campo sin dato,1,26b95ad654e7d188dde744fa50d39807d41298867fa098179da436fedd606e1e,26/06/2023 00:00:34,ESCANER