﻿TIPO_DE_ELECCIÓN:,CORPORACIÓN MUNICIPAL
26 junio 2023 00:25 (UTC -6)
ACTAS_ESPERADAS,ACTAS_CAPTURADAS,PORCENTAJE_ACTAS_CAPTURADAS,ACTAS_CONTABILIZADAS,PORCENTAJE_ACTAS_CONTABILIZADAS,ACTAS_NO_CONTABILIZADAS,LISTA_NOMINAL_ACTAS_CONTABILIZADAS,VOTOS_EMITIDOS_CONTABILIZADAS,PORCENTAJE_PARTICIPACIÓN_CIUDADANA
27,13,48.1481,13,48.1481,0,4342,2781,64.0488

MESA,DEPARTAMENTO,ID_DEPARTAMENTO,MUNICIPIO,ID_MUNICIPIO,CENTRO_DE_VOTACIÓN,PADRÓN,CABAL,AZUL,UNE,VAMOS,CAMBIO,VALOR UNIONISTA,VÁLIDOS,NULOS,BLANCO,EMITIDOS,INVÁLIDOS,TOTAL,IMPUGNACIONES,PAPELETAS-RECIBIDAS,PAPELETAS-NO-USADAS,VALIDOS_CALCULADO,EMITIDOS_CALCULADO,TOTAL_CALCULADO,OBSERVACIONES,CONTABILIZADA,CÓDIGO_INTEGRIDAD,FECHA_HORA_PUBLICACIÓN,DIGITALIZACIÓN
22214,"Zacapa",19,"Cabañas",7,3451,400,15,4,148,50,2,55,274,10,0,284,0,284,0,399,115,274,284,284,,1,605676ffc0eec1c1f697a95436a9cac47d47c5cee20a0dd35545f43e132f00f6,26/06/2023 00:15:02,ESCANER
22215,"Zacapa",19,"Cabañas",7,3451,400,10,1,153,45,1,72,282,14,2,298,0,298,2,399,99,282,298,298,,1,fbc6c614874f976848ec824da0f42ae3cd73483153c70a15620b4dd05e8e575b,26/06/2023 00:25:00,ESCANER
22216,"Zacapa",19,"Cabañas",7,3451,400,,,,,,,,,,,,,,,,,,,,0,,,
22217,"Zacapa",19,"Cabañas",7,3451,400,,,,,,,,,,,,,,,,,,,,0,,,
22218,"Zacapa",19,"Cabañas",7,3451,400,,,,,,,,,,,,,,,,,,,,0,,,
22219,"Zacapa",19,"Cabañas",7,3451,400,,,,,,,,,,,,,,,,,,,,0,,,
22220,"Zacapa",19,"Cabañas",7,3451,400,,,,,,,,,,,,,,,,,,,,0,,,
22221,"Zacapa",19,"Cabañas",7,3451,400,,,,,,,,,,,,,,,,,,,,0,,,
22222,"Zacapa",19,"Cabañas",7,3451,400,,,,,,,,,,,,,,,,,,,,0,,,
22223,"Zacapa",19,"Cabañas",7,3452,400,,,,,,,,,,,,,,,,,,,,0,,,
22224,"Zacapa",19,"Cabañas",7,3452,387,,,,,,,,,,,,,,,,,,,,0,,,
22225,"Zacapa",19,"Cabañas",7,3452,386,7,1,114,30,1,73,226,9,0,235,0,235,0,386,151,226,235,235,,1,e22febd266b22084a413c1436a6dd5c06928483801191902f9f397908618d453,25/06/2023 23:57:36,ESCANER
22226,"Zacapa",19,"Cabañas",7,3453,380,,,,,,,,,,,,,,,,,,,,0,,,
22227,"Zacapa",19,"Cabañas",7,3453,380,10,2,50,150,1,75,288,11,2,301,0,301,0,380,79,288,301,301,,1,5749b17af35f28c1fee32b339f1b628ad6e616e23a65fe8bc910d3c2cea9971e,25/06/2023 23:50:51,ESCANER
22228,"Zacapa",19,"Cabañas",7,3453,380,,,,,,,,,,,,,,,,,,,,0,,,
22229,"Zacapa",19,"Cabañas",7,3454,380,,,,,,,,,,,,,,,,,,,,0,,,
22230,"Zacapa",19,"Cabañas",7,3454,380,4,2,57,112,0,78,253,10,1,264,0,264,0,378,114,253,264,264,,1,1e2670573e608a6bfa9cc8992f6510c6a539aec50cf7c399f289a15b68805fe4,25/06/2023 23:59:51,ESCANER
22231,"Zacapa",19,"Cabañas",7,3454,276,2,1,41,73,1,80,198,0,1,199,0,199,0,276,77,198,199,199,,1,713d341d9261b4de586ecd46c59d5d9df7d380e7faa526364421d233bd63fb37,25/06/2023 23:07:17,ESCANER
22232,"Zacapa",19,"Cabañas",7,3454,276,0,1,40,78,0,56,175,1,0,176,0,176,0,276,100,175,176,176,,1,eb018d7189c60d43baad6eb10afb57c43fbfe348a1bad35688cc40be96105035,25/06/2023 23:19:37,ESCANER
22233,"Zacapa",19,"Cabañas",7,3455,380,29,1,72,74,1,76,253,17,6,276,0,276,0,379,103,253,276,276,,1,ccf365ad11068fe6d4ed7a8bc04bdaf9be4eb9fc7b8ac4d41daa5a09f5d31761,25/06/2023 23:22:24,ESCANER
22234,"Zacapa",19,"Cabañas",7,3455,237,3,0,40,40,4,43,130,4,1,135,0,135,0,237,102,130,135,135,,1,4585352e1fad2cb1fb8b36f3e1d4bebdddad90dfcfa3e0b1d64c2e561b898459,25/06/2023 21:54:09,ESCANER
22235,"Zacapa",19,"Cabañas",7,3455,237,9,0,40,43,0,56,148,4,1,153,0,153,0,237,84,148,153,153,,1,4cf941cd69133a1dddc6fa64f9c4c37d58d4d60d8c8607778ecd92a42752f0af,25/06/2023 22:01:35,ESCANER
22236,"Zacapa",19,"Cabañas",7,3456,380,,,,,,,,,,,,,,,,,,,,0,,,
22237,"Zacapa",19,"Cabañas",7,3456,380,,,,,,,,,,,,,,,,,,,,0,,,
22238,"Zacapa",19,"Cabañas",7,3457,209,2,0,52,14,0,85,153,8,0,161,0,161,0,209,48,153,161,161,,1,589b9beca00a9870abcb9f83e6c16f47a4fc56ce266edd6ee981ef33741595f9,25/06/2023 23:11:26,ESCANER
22239,"Zacapa",19,"Cabañas",7,3457,209,1,1,56,15,0,77,150,6,0,156,0,156,0,209,53,150,156,156,,1,5744b8c323377797705a30818c825170ce686b550b914dab1dc3ce2d05d22ca5,25/06/2023 23:16:35,ESCANER
22240,"Zacapa",19,"Cabañas",7,3458,572,4,2,63,42,1,24,136,4,3,143,0,143,0,572,429,136,143,143,,1,bb7e09ceb6195dc8f6777eb51e1fdc9b9b85c981f8533dca8bf0a67d1a4f2d3a,25/06/2023 23:36:59,ESCANER