﻿TIPO_DE_ELECCIÓN:,CORPORACIÓN MUNICIPAL
26 junio 2023 00:25 (UTC -6)
ACTAS_ESPERADAS,ACTAS_CAPTURADAS,PORCENTAJE_ACTAS_CAPTURADAS,ACTAS_CONTABILIZADAS,PORCENTAJE_ACTAS_CONTABILIZADAS,ACTAS_NO_CONTABILIZADAS,LISTA_NOMINAL_ACTAS_CONTABILIZADAS,VOTOS_EMITIDOS_CONTABILIZADAS,PORCENTAJE_PARTICIPACIÓN_CIUDADANA
38,18,47.3684,18,47.3684,0,6580,3603,54.7568

MESA,DEPARTAMENTO,ID_DEPARTAMENTO,MUNICIPIO,ID_MUNICIPIO,CENTRO_DE_VOTACIÓN,PADRÓN,VAMOS,PHG,PPN,CREO,UNE,VIVA,CABAL,PODEMOS,VÁLIDOS,NULOS,BLANCO,EMITIDOS,INVÁLIDOS,TOTAL,IMPUGNACIONES,PAPELETAS-RECIBIDAS,PAPELETAS-NO-USADAS,VALIDOS_CALCULADO,EMITIDOS_CALCULADO,TOTAL_CALCULADO,OBSERVACIONES,CONTABILIZADA,CÓDIGO_INTEGRIDAD,FECHA_HORA_PUBLICACIÓN,DIGITALIZACIÓN
14477,"San Marcos",12,"La Reforma",21,2032,400,60,106,48,33,4,2,3,0,256,17,1,274,0,274,--,400,126,256,274,274,Algún campo sin dato,1,59c5de52a7cc5d8c1d90547617047b28a5623b8dffde1ed832c7d73ddfbde454,25/06/2023 23:52:12,ESCANER
14478,"San Marcos",12,"La Reforma",21,2032,400,,,,,,,,,,,,,,,,,,,,,,0,,,
14479,"San Marcos",12,"La Reforma",21,2032,400,63,113,45,34,7,1,1,0,264,21,11,296,0,296,--,401,105,264,296,296,Algún campo sin dato,1,fb9c141ae8779c2c2f8c9112240d9cd39e3d6cf557f3249ce0eef067f75fd45c,25/06/2023 23:51:15,ESCANER
14480,"San Marcos",12,"La Reforma",21,2032,400,61,127,60,32,2,2,0,0,284,22,3,309,1,310,--,401,91,284,309,310,Algún campo sin dato,1,69569cbf6008230cbb9dbf9337336da299624958b98293ef91e54424aa082a5a,25/06/2023 23:42:44,ESCANER
14481,"San Marcos",12,"La Reforma",21,2032,400,77,103,40,47,0,0,0,3,270,14,2,286,0,286,--,400,114,270,286,286,Algún campo sin dato,1,9c9f0de39f297207317782402791375c6ab1391a50983ef2ffd9dda289038503,25/06/2023 23:46:34,ESCANER
14482,"San Marcos",12,"La Reforma",21,2033,400,92,40,51,43,1,2,0,1,230,9,0,239,1,240,1,400,240,230,239,240,,1,121581eba9eaa4c90b31ded4c6411f12a27dc4e7ff5c2c3ac86bbc8339d50bfb,25/06/2023 23:54:31,ESCANER
14483,"San Marcos",12,"La Reforma",21,2033,400,54,91,45,30,1,0,0,0,221,16,1,238,0,238,--,401,163,221,238,238,Algún campo sin dato,1,6d3b3d62c771e304513215f5441c20d5a4ef24af79d95fd4b4f4da1d7dd373ce,26/06/2023 00:03:20,ESCANER
14484,"San Marcos",12,"La Reforma",21,2033,400,,,,,,,,,,,,,,,,,,,,,,0,,,
14485,"San Marcos",12,"La Reforma",21,2033,400,,,,,,,,,,,,,,,,,,,,,,0,,,
14486,"San Marcos",12,"La Reforma",21,2033,400,,,,,,,,,,,,,,,,,,,,,,0,,,
14487,"San Marcos",12,"La Reforma",21,2034,400,,,,,,,,,,,,,,,,,,,,,,0,,,
14488,"San Marcos",12,"La Reforma",21,2034,365,45,114,29,30,0,0,0,0,218,3,0,221,0,221,--,365,144,218,221,221,Algún campo sin dato,1,ae93474d27c40961dcdf189576c1507bf27e7f7e0037166f5cbbbd061514befb,25/06/2023 23:43:58,ESCANER
14489,"San Marcos",12,"La Reforma",21,2034,365,45,90,32,33,1,0,2,4,207,3,2,212,0,212,--,365,153,207,212,212,Algún campo sin dato,1,86b2d746fc01a1f96e70fbcf39f62ee9cb34fbf2ab76a73239fce498b85601bb,26/06/2023 00:01:08,ESCANER
14490,"San Marcos",12,"La Reforma",21,2035,380,75,66,35,17,5,3,2,4,207,25,4,236,2,238,5,380,142,207,236,238,,1,94cb74d3c8f741a6b37a58df105441086a19e70e642dd04ce6b50005ce62b0a3,25/06/2023 23:51:14,ESCANER
14491,"San Marcos",12,"La Reforma",21,2035,380,,,,,,,,,,,,,,,,,,,,,,0,,,
14492,"San Marcos",12,"La Reforma",21,2035,380,,,,,,,,,,,,,,,,,,,,,,0,,,
14493,"San Marcos",12,"La Reforma",21,2036,380,71,52,32,17,1,0,0,1,174,28,2,204,0,204,--,380,176,174,204,204,Algún campo sin dato,1,a44c8e6f929905e491407eb391d639d36bb2c33b779e0474197fcdc3a74193a8,25/06/2023 23:45:17,ESCANER
14494,"San Marcos",12,"La Reforma",21,2036,380,75,52,22,20,5,1,1,3,179,23,2,204,0,204,--,377,173,179,204,204,Algún campo sin dato,1,60518a2d4d36d708196f0f43689df963a8c84e7518b85225e35e7c7031a4d75a,25/06/2023 23:38:56,ESCANER
14495,"San Marcos",12,"La Reforma",21,2036,380,73,43,27,16,4,0,1,1,165,21,4,190,0,190,--,377,187,165,190,190,Algún campo sin dato,1,5bb67ea68a6001d187661ddcdaf3b5835ee63ea168506fab4c64580df49c5edc,26/06/2023 00:05:25,ESCANER
14496,"San Marcos",12,"La Reforma",21,2036,380,65,67,26,21,2,1,0,2,184,8,2,194,0,194,--,377,183,184,194,194,Algún campo sin dato,1,66df5d43dbe7462d57dce8d11218c813a56a18eab40c3a7ee81a23fb2ac3ad61,25/06/2023 23:41:18,ESCANER
14497,"San Marcos",12,"La Reforma",21,2036,227,48,48,24,7,0,0,0,2,129,6,1,136,0,136,--,136,91,129,136,136,Algún campo sin dato,1,773d819012d810d9f007cbda5feb58a856873b877c5e8deebb4b95cb6546a7a4,25/06/2023 23:32:28,ESCANER
14498,"San Marcos",12,"La Reforma",21,2036,227,41,22,20,12,3,0,0,1,99,1,1,101,9,110,2,224,112,99,101,110,,1,14528fe728406d22129cf222f984b22ba2ae2b4faa407912584e49bc884ca288,25/06/2023 23:50:21,ESCANER
14499,"San Marcos",12,"La Reforma",21,2037,380,,,,,,,,,,,,,,,,,,,,,,0,,,
14500,"San Marcos",12,"La Reforma",21,2037,317,,,,,,,,,,,,,,,,,,,,,,0,,,
14501,"San Marcos",12,"La Reforma",21,2037,316,,,,,,,,,,,,,,,,,,,,,,0,,,
14502,"San Marcos",12,"La Reforma",21,2038,380,,,,,,,,,,,,,,,,,,,,,,0,,,
14503,"San Marcos",12,"La Reforma",21,2038,232,,,,,,,,,,,,,,,,,,,,,,0,,,
14504,"San Marcos",12,"La Reforma",21,2038,232,,,,,,,,,,,,,,,,,,,,,,0,,,
14505,"San Marcos",12,"La Reforma",21,2039,380,,,,,,,,,,,,,,,,,,,,,,0,,,
14506,"San Marcos",12,"La Reforma",21,2039,380,,,,,,,,,,,,,,,,,,,,,,0,,,
14507,"San Marcos",12,"La Reforma",21,2039,380,,,,,,,,,,,,,,,,,,,,,,0,,,
14508,"San Marcos",12,"La Reforma",21,2039,281,,,,,,,,,,,,,,,,,,,,,,0,,,
14509,"San Marcos",12,"La Reforma",21,2039,281,53,69,33,20,1,1,0,0,177,5,1,183,0,183,--,278,96,177,183,183,Algún campo sin dato,1,fe36d0d1d56dec47e831d0bd7dd04a0261b30d019f63d111bdd224692468ba23,26/06/2023 00:23:28,MOVIL
14510,"San Marcos",12,"La Reforma",21,2040,380,,,,,,,,,,,,,,,,,,,,,,0,,,
14511,"San Marcos",12,"La Reforma",21,2040,262,,,,,,,,,,,,,,,,,,,,,,0,,,
14512,"San Marcos",12,"La Reforma",21,2040,261,,,,,,,,,,,,,,,,,,,,,,0,,,
14513,"San Marcos",12,"La Reforma",21,2041,408,10,22,9,3,0,2,0,1,47,6,0,53,0,53,--,408,355,47,53,53,Algún campo sin dato,1,455f748f7117325630adfdf5c95f7d56fa2a706694b03fbcda947795e3d6140b,25/06/2023 21:40:38,ESCANER
14514,"San Marcos",12,"La Reforma",21,2041,407,5,9,9,2,1,0,1,0,27,0,0,27,0,27,--,407,380,27,27,27,Algún campo sin dato,1,faf51cd4f507f5aa72a5d5a225bb6a97ed166effcb09fe568c36179877a43b33,25/06/2023 21:34:21,ESCANER