﻿TIPO_DE_ELECCIÓN:,CORPORACIÓN MUNICIPAL
26 junio 2023 00:25 (UTC -6)
ACTAS_ESPERADAS,ACTAS_CAPTURADAS,PORCENTAJE_ACTAS_CAPTURADAS,ACTAS_CONTABILIZADAS,PORCENTAJE_ACTAS_CONTABILIZADAS,ACTAS_NO_CONTABILIZADAS,LISTA_NOMINAL_ACTAS_CONTABILIZADAS,VOTOS_EMITIDOS_CONTABILIZADAS,PORCENTAJE_PARTICIPACIÓN_CIUDADANA
22,16,72.7272,16,72.7272,0,6250,3691,59.0560

MESA,DEPARTAMENTO,ID_DEPARTAMENTO,MUNICIPIO,ID_MUNICIPIO,CENTRO_DE_VOTACIÓN,PADRÓN,CABAL,VAMOS,UNE,PODEMOS,MLP,VIVA,PPN,VALOR UNIONISTA,VÁLIDOS,NULOS,BLANCO,EMITIDOS,INVÁLIDOS,TOTAL,IMPUGNACIONES,PAPELETAS-RECIBIDAS,PAPELETAS-NO-USADAS,VALIDOS_CALCULADO,EMITIDOS_CALCULADO,TOTAL_CALCULADO,OBSERVACIONES,CONTABILIZADA,CÓDIGO_INTEGRIDAD,FECHA_HORA_PUBLICACIÓN,DIGITALIZACIÓN
17920,"Quiché",14,"Canillá",18,2734,400,123,95,14,12,0,5,1,8,258,8,5,271,0,271,--,400,129,258,271,271,Algún campo sin dato,1,4618473d4b14a6d357ad9e777b45251ffcf348531c769e843287c9dca51d04de,25/06/2023 22:49:59,ESCANER
17921,"Quiché",14,"Canillá",18,2734,400,101,109,29,9,2,11,0,3,264,12,3,279,15,279,--,400,121,264,279,294,Sumas Asentadas sin cuadrar,1,ade014acb0072171ba1a6e01a7172277c0c6f1f5e9ca455b770d8555de920bdc,25/06/2023 23:25:28,ESCANER
17922,"Quiché",14,"Canillá",18,2734,400,104,94,21,13,0,17,1,9,259,15,5,279,0,279,--,400,121,259,279,279,Algún campo sin dato,1,65aa45c5e0425baafdb4c83b3a0d7c217f8c2b5701abe2a2e019e7c47e7dc0c8,25/06/2023 23:15:08,ESCANER
17923,"Quiché",14,"Canillá",18,2734,400,90,116,20,5,2,11,1,5,250,11,5,266,0,266,--,400,134,250,266,266,Algún campo sin dato,1,93551cace26d0605c8b30a92932ac3380ede33bf77af57c375903fde357a4118,26/06/2023 00:17:43,ESCANER
17924,"Quiché",14,"Canillá",18,2734,400,,,,,,,,,,,,,,,,,,,,,,0,,,
17925,"Quiché",14,"Canillá",18,2734,400,90,128,20,0,0,12,0,11,271,18,5,294,0,294,--,400,106,261,284,284,Sumas Asentadas sin cuadrar,1,a2dc0879cb8a401f59fc5481ba294845650fcbbaadfa0d8f975f9bb6ea0bb7e3,25/06/2023 22:53:32,ESCANER
17926,"Quiché",14,"Canillá",18,2734,400,83,125,16,13,2,16,1,5,261,4,1,266,0,266,--,400,134,261,266,266,Algún campo sin dato,1,18e127c4fdf0f81e6337657441580e0213d41058bffae720b8d4ba6d2f494e44,25/06/2023 23:05:03,ESCANER
17927,"Quiché",14,"Canillá",18,2734,400,81,80,12,16,0,7,0,5,201,7,3,211,1,212,--,--,--,201,211,212,Algún campo sin dato,1,b902c900c8ed91dfdb5873e9811efda354739714362d0e0f72465a197300fde3,25/06/2023 23:11:26,ESCANER
17928,"Quiché",14,"Canillá",18,2734,400,,,,,,,,,,,,,,,,,,,,,,0,,,
17929,"Quiché",14,"Canillá",18,2734,400,,,,,,,,,,,,,,,,,,,,,,0,,,
17930,"Quiché",14,"Canillá",18,2735,400,89,98,13,12,3,10,1,2,228,10,2,240,0,240,--,400,160,228,240,240,Algún campo sin dato,1,1dfc53b31325e2491decc0be296fda39ea8ec524b17ebfddfe75de7140c1879c,25/06/2023 22:15:27,ESCANER
17931,"Quiché",14,"Canillá",18,2735,400,88,97,13,5,2,7,1,6,219,10,1,230,0,230,--,397,167,219,230,230,Algún campo sin dato,1,43c2b11edd8362fe5204fc6563c31479ca269d0587391a0bfba6c9512453e135,25/06/2023 22:55:00,ESCANER
17932,"Quiché",14,"Canillá",18,2735,400,90,111,7,8,1,12,1,4,400,3,1,238,0,238,--,400,162,234,238,238,Sumas Asentadas sin cuadrar,1,69b342ac9732beab4c34f1a019356ab164d6a5738f5eebb2870edd71d288c9dd,25/06/2023 22:42:08,ESCANER
17933,"Quiché",14,"Canillá",18,2735,362,110,100,12,6,1,4,2,7,242,3,0,245,0,245,--,365,120,242,245,245,Algún campo sin dato,1,d2883a1fe1e47d2d65b05c431db670d0951098a9d4020497e40a7d543f6453c8,25/06/2023 21:54:56,ESCANER
17934,"Quiché",14,"Canillá",18,2735,361,86,68,6,3,6,2,4,6,181,5,1,187,0,187,--,361,174,181,187,187,Algún campo sin dato,1,7169526c478eb3bedb884291ef76b58e92dc56de0259edccea61a4eb022d4fbd,25/06/2023 22:52:33,ESCANER
17935,"Quiché",14,"Canillá",18,2736,380,,,,,,,,,,,,,,,,,,,,,,0,,,
17936,"Quiché",14,"Canillá",18,2736,271,,,,,,,,,,,,,,,,,,,,,,0,,,
17937,"Quiché",14,"Canillá",18,2736,271,,,,,,,,,,,,,,,,,,,,,,0,,,
17938,"Quiché",14,"Canillá",18,2737,380,120,35,20,22,1,3,4,5,210,4,9,223,157,380,--,380,157,210,223,380,Algún campo sin dato,1,451677bdcf3a339e103197faac066c29ba5d9e6ad87a1cd5eeb9110e63e4e23a,26/06/2023 00:15:52,ESCANER
17939,"Quiché",14,"Canillá",18,2737,357,92,34,17,9,3,4,6,9,174,6,5,185,0,185,--,357,172,174,185,185,Algún campo sin dato,1,d94fdef447ce33b4925fe26e9e967c8d383558f582dac8c802ebe943144b243e,26/06/2023 00:06:25,ESCANER
17940,"Quiché",14,"Canillá",18,2737,356,106,23,13,19,2,3,6,2,174,4,5,183,0,183,--,--,--,174,183,183,Algún campo sin dato,1,4fcb5a46e2d40d288b73aa37526e5e5e3b43bf39539659d696364d96d966f116,25/06/2023 23:43:49,ESCANER
17941,"Quiché",14,"Canillá",18,2738,434,30,24,5,3,2,6,1,2,108,14,17,108,0,108,--,434,326,73,104,104,Sumas Asentadas sin cuadrar,1,68316f087ecfd359c16b29ec7cdaebccff972a6d27371712ce2b83e30411e8ae,25/06/2023 23:24:24,ESCANER