﻿TIPO_DE_ELECCIÓN:,CORPORACIÓN MUNICIPAL
26 junio 2023 00:25 (UTC -6)
ACTAS_ESPERADAS,ACTAS_CAPTURADAS,PORCENTAJE_ACTAS_CAPTURADAS,ACTAS_CONTABILIZADAS,PORCENTAJE_ACTAS_CONTABILIZADAS,ACTAS_NO_CONTABILIZADAS,LISTA_NOMINAL_ACTAS_CONTABILIZADAS,VOTOS_EMITIDOS_CONTABILIZADAS,PORCENTAJE_PARTICIPACIÓN_CIUDADANA
14,3,21.4285,3,21.4285,0,1148,630,54.8780

MESA,DEPARTAMENTO,ID_DEPARTAMENTO,MUNICIPIO,ID_MUNICIPIO,CENTRO_DE_VOTACIÓN,PADRÓN,VAMOS,CABAL,PHG,UNE,VALOR,TODOS,BIEN,VÁLIDOS,NULOS,BLANCO,EMITIDOS,INVÁLIDOS,TOTAL,IMPUGNACIONES,PAPELETAS-RECIBIDAS,PAPELETAS-NO-USADAS,VALIDOS_CALCULADO,EMITIDOS_CALCULADO,TOTAL_CALCULADO,OBSERVACIONES,CONTABILIZADA,CÓDIGO_INTEGRIDAD,FECHA_HORA_PUBLICACIÓN,DIGITALIZACIÓN
16603,"Huehuetenango",13,"San Gaspar Ixchil",29,2478,400,,,,,,,,,,,,,,,,,,,,,0,,,
16604,"Huehuetenango",13,"San Gaspar Ixchil",29,2478,400,,,,,,,,,,,,,,,,,,,,,0,,,
16605,"Huehuetenango",13,"San Gaspar Ixchil",29,2478,400,54,136,2,3,15,59,0,269,9,13,291,0,291,--,400,109,269,291,291,Algún campo sin dato,1,058049c0596815cb15516663c43288548598f06505db15bb2452a17c36989e2c,25/06/2023 23:42:12,ESCANER
16606,"Huehuetenango",13,"San Gaspar Ixchil",29,2479,400,,,,,,,,,,,,,,,,,,,,,0,,,
16607,"Huehuetenango",13,"San Gaspar Ixchil",29,2479,400,,,,,,,,,,,,,,,,,,,,,0,,,
16608,"Huehuetenango",13,"San Gaspar Ixchil",29,2479,400,,,,,,,,,,,,,,,,,,,,,0,,,
16609,"Huehuetenango",13,"San Gaspar Ixchil",29,2480,400,,,,,,,,,,,,,,,,,,,,,0,,,
16610,"Huehuetenango",13,"San Gaspar Ixchil",29,2480,400,,,,,,,,,,,,,,,,,,,,,0,,,
16611,"Huehuetenango",13,"San Gaspar Ixchil",29,2480,400,,,,,,,,,,,,,,,,,,,,,0,,,
16612,"Huehuetenango",13,"San Gaspar Ixchil",29,2480,400,,,,,,,,,,,,,,,,,,,,,0,,,
16613,"Huehuetenango",13,"San Gaspar Ixchil",29,2481,400,,,,,,,,,,,,,,,,,,,,,0,,,
16614,"Huehuetenango",13,"San Gaspar Ixchil",29,2481,400,,,,,,,,,,,,,,,,,,,,,0,,,
16615,"Huehuetenango",13,"San Gaspar Ixchil",29,2481,374,26,110,0,1,11,37,1,186,5,0,191,0,191,--,374,183,186,191,191,Algún campo sin dato,1,330e8bbbcf6f5bc4d60cdb8fb0c46b221bd794fff50973a570d10ae143345fdb,25/06/2023 23:15:34,ESCANER
16616,"Huehuetenango",13,"San Gaspar Ixchil",29,2481,374,22,77,1,0,13,32,0,145,1,2,148,0,148,--,374,226,145,148,148,Algún campo sin dato,1,a6aaddb05827d164df4dc0e294e5489c98406885e60950639656b3e25e1dc88b,25/06/2023 23:33:48,ESCANER