﻿TIPO_DE_ELECCIÓN:,CORPORACIÓN MUNICIPAL
26 junio 2023 00:25 (UTC -6)
ACTAS_ESPERADAS,ACTAS_CAPTURADAS,PORCENTAJE_ACTAS_CAPTURADAS,ACTAS_CONTABILIZADAS,PORCENTAJE_ACTAS_CONTABILIZADAS,ACTAS_NO_CONTABILIZADAS,LISTA_NOMINAL_ACTAS_CONTABILIZADAS,VOTOS_EMITIDOS_CONTABILIZADAS,PORCENTAJE_PARTICIPACIÓN_CIUDADANA
69,31,44.9275,31,44.9275,0,11278,6262,55.5240

MESA,DEPARTAMENTO,ID_DEPARTAMENTO,MUNICIPIO,ID_MUNICIPIO,CENTRO_DE_VOTACIÓN,PADRÓN,VAMOS,UNE,VICTORIA,VIVA,PODEMOS,WINAQ,VÁLIDOS,NULOS,BLANCO,EMITIDOS,INVÁLIDOS,TOTAL,IMPUGNACIONES,PAPELETAS-RECIBIDAS,PAPELETAS-NO-USADAS,VALIDOS_CALCULADO,EMITIDOS_CALCULADO,TOTAL_CALCULADO,OBSERVACIONES,CONTABILIZADA,CÓDIGO_INTEGRIDAD,FECHA_HORA_PUBLICACIÓN,DIGITALIZACIÓN
16008,"Huehuetenango",13,"San Mateo Ixtatán",18,2354,400,123,21,9,84,0,14,251,13,7,271,0,251,--,397,126,251,271,271,Sumas Asentadas sin cuadrar,1,6f6a135f3ffe05f0a66a0475aaa4a416f17e22542892a08101691f9493ca32ba,25/06/2023 23:52:37,ESCANER
16009,"Huehuetenango",13,"San Mateo Ixtatán",18,2354,400,,,,,,,,,,,,,,,,,,,,0,,,
16010,"Huehuetenango",13,"San Mateo Ixtatán",18,2354,400,,,,,,,,,,,,,,,,,,,,0,,,
16011,"Huehuetenango",13,"San Mateo Ixtatán",18,2354,400,,,,,,,,,,,,,,,,,,,,0,,,
16012,"Huehuetenango",13,"San Mateo Ixtatán",18,2354,400,,,,,,,,,,,,,,,,,,,,0,,,
16013,"Huehuetenango",13,"San Mateo Ixtatán",18,2355,400,,,,,,,,,,,,,,,,,,,,0,,,
16014,"Huehuetenango",13,"San Mateo Ixtatán",18,2355,400,,,,,,,,,,,,,,,,,,,,0,,,
16015,"Huehuetenango",13,"San Mateo Ixtatán",18,2355,400,,,,,,,,,,,,,,,,,,,,0,,,
16016,"Huehuetenango",13,"San Mateo Ixtatán",18,2355,400,43,7,20,164,0,20,254,6,5,265,0,265,--,400,135,254,265,265,Algún campo sin dato,1,470f17b1bc2143f46ea2e3ecf5a3aaee8f2c34959ddaba11a32bccf11ecf7952,25/06/2023 22:35:39,ESCANER
16017,"Huehuetenango",13,"San Mateo Ixtatán",18,2356,400,92,7,13,138,0,14,264,0,2,266,0,396,--,396,130,264,266,266,Sumas Asentadas sin cuadrar,1,8a2fdcde3a8010eb063190beacb6ebb5997161b2b5c39c69815e015ac114f247,26/06/2023 00:16:39,ESCANER
16018,"Huehuetenango",13,"San Mateo Ixtatán",18,2356,400,26,7,27,187,0,25,272,1,0,273,0,273,--,400,127,272,273,273,Algún campo sin dato,1,49ac85997fc54f0421300dacdf266c87a5a212dddefbcd0e12b3de027947ead1,26/06/2023 00:09:00,ESCANER
16019,"Huehuetenango",13,"San Mateo Ixtatán",18,2356,271,27,5,14,102,0,13,161,3,3,167,0,167,--,271,104,161,167,167,Algún campo sin dato,1,30404c6879ae08558efd452f4af47662e032b8410a1342724897038d98f237f0,25/06/2023 21:45:16,ESCANER
16020,"Huehuetenango",13,"San Mateo Ixtatán",18,2356,271,33,4,20,94,0,14,165,7,5,165,0,177,0,267,91,165,177,177,Sumas Asentadas sin cuadrar,1,dce9f7541f0a02ea965dcd99aeec1b484766e4b44ef1de1ee7cb8fab1b3fb189,25/06/2023 23:56:05,ESCANER
16021,"Huehuetenango",13,"San Mateo Ixtatán",18,2357,400,,,,,,,,,,,,,,,,,,,,0,,,
16022,"Huehuetenango",13,"San Mateo Ixtatán",18,2357,400,,,,,,,,,,,,,,,,,,,,0,,,
16023,"Huehuetenango",13,"San Mateo Ixtatán",18,2357,400,,,,,,,,,,,,,,,,,,,,0,,,
16024,"Huehuetenango",13,"San Mateo Ixtatán",18,2357,400,,,,,,,,,,,,,,,,,,,,0,,,
16025,"Huehuetenango",13,"San Mateo Ixtatán",18,2357,400,38,7,20,158,0,34,257,8,9,274,0,274,--,397,123,257,274,274,Algún campo sin dato,1,99ba641188ad03c3d16fa1a1247cd97e955d5f1fd58b8457f3f1fe482b5ced53,25/06/2023 23:37:21,ESCANER
16026,"Huehuetenango",13,"San Mateo Ixtatán",18,2357,400,66,20,9,117,0,15,227,5,6,238,0,238,0,400,162,227,238,238,,1,ec92ac17efac6cf6e692c729afa6b67df8e6d75c0775ac4782700a82b0787b61,25/06/2023 23:31:04,ESCANER
16027,"Huehuetenango",13,"San Mateo Ixtatán",18,2357,400,89,16,12,70,0,8,195,5,7,207,0,207,--,398,191,195,207,207,Algún campo sin dato,1,522f73216b61a32ab1ecf666e2c0e498d22042728831c92052736f75a88d7902,25/06/2023 21:54:57,ESCANER
16028,"Huehuetenango",13,"San Mateo Ixtatán",18,2357,400,,,,,,,,,,,,,,,,,,,,0,,,
16029,"Huehuetenango",13,"San Mateo Ixtatán",18,2357,400,81,20,15,111,0,22,249,8,7,264,136,400,--,400,136,249,264,400,Algún campo sin dato,1,42053fd457484879d42601fd77c3ea52a27bd2b32616246393b5cb54018f9ad2,25/06/2023 23:56:59,ESCANER
16030,"Huehuetenango",13,"San Mateo Ixtatán",18,2357,400,79,13,10,119,0,18,239,3,3,245,0,245,--,397,152,239,245,245,Algún campo sin dato,1,341c74b74bc84dfce1e232ed3a6084d4da4fc3a6e8af3151d4ef3eb03f0fd265,25/06/2023 22:02:35,ESCANER
16031,"Huehuetenango",13,"San Mateo Ixtatán",18,2357,400,120,17,7,74,0,17,235,2,5,242,0,235,--,400,158,235,242,242,Sumas Asentadas sin cuadrar,1,fbf5810b937ec519ef576fa3981d1554ad8771e7cbe7213a01c7d3add6b04dc6,25/06/2023 22:50:29,ESCANER
16032,"Huehuetenango",13,"San Mateo Ixtatán",18,2357,345,70,18,3,59,0,5,155,3,6,168,4,159,--,345,177,155,164,168,Sumas Asentadas sin cuadrar,1,7c47b1fa3ceb7323fb583f1bf651953a3366ca5a56a71a7f4f3f170910247864,25/06/2023 21:05:42,ESCANER
16033,"Huehuetenango",13,"San Mateo Ixtatán",18,2357,344,,,,,,,,,,,,,,,,,,,,0,,,
16034,"Huehuetenango",13,"San Mateo Ixtatán",18,2358,400,46,85,1,23,0,19,174,4,5,183,0,183,--,400,217,174,183,183,Algún campo sin dato,1,4d6d902ceb0f0361abc5e6d73b97e7f923eb6852d9f9e864458fb283c81c873a,25/06/2023 21:44:51,ESCANER
16035,"Huehuetenango",13,"San Mateo Ixtatán",18,2358,400,12,28,4,38,0,31,113,4,4,121,1,122,--,400,279,113,121,122,Algún campo sin dato,1,ad155249b27f2aef7046c7ea01e9668b74600f0edf5defa5e857864862a1faf8,25/06/2023 21:52:22,ESCANER
16036,"Huehuetenango",13,"San Mateo Ixtatán",18,2358,400,32,52,4,24,0,13,125,3,2,130,0,130,--,400,270,125,130,130,Algún campo sin dato,1,2ec5df1e51d53e8636d311de50e814047292532062963075fb4cf0bf8f32e3cb,25/06/2023 20:34:51,ESCANER
16037,"Huehuetenango",13,"San Mateo Ixtatán",18,2358,400,35,50,2,27,0,20,134,0,3,137,0,137,--,400,263,134,137,137,Algún campo sin dato,1,8c0e39ae5106d10677c667be20cdbfaffb03db8fafc5b93b4e6ddbdbafe89c3d,25/06/2023 21:22:33,ESCANER
16038,"Huehuetenango",13,"San Mateo Ixtatán",18,2358,339,29,50,0,25,0,14,118,3,3,124,0,124,--,339,215,118,124,124,Algún campo sin dato,1,4deaf88ae18191f477ed53c1efa6536482beab9c2a57f5d4884cd96be187390c,25/06/2023 21:33:29,ESCANER
16039,"Huehuetenango",13,"San Mateo Ixtatán",18,2358,339,20,46,2,29,0,8,105,3,1,109,0,109,--,339,230,105,109,109,Algún campo sin dato,1,7e71e07750eb61101ebfe0030b477cfd1ccecd83fc6107f167a3036eaa0aca41,25/06/2023 21:04:14,ESCANER
16040,"Huehuetenango",13,"San Mateo Ixtatán",18,2359,380,,,,,,,,,,,,,,,,,,,,0,,,
16041,"Huehuetenango",13,"San Mateo Ixtatán",18,2359,380,,,,,,,,,,,,,,,,,,,,0,,,
16042,"Huehuetenango",13,"San Mateo Ixtatán",18,2359,380,,,,,,,,,,,,,,,,,,,,0,,,
16043,"Huehuetenango",13,"San Mateo Ixtatán",18,2359,380,111,33,8,43,0,3,198,9,3,210,0,210,--,385,175,198,210,210,Algún campo sin dato,1,e26038fa73e023714261221b7fa3db3bb603d1b860058ccebec3c3dc7fd39e0b,25/06/2023 22:09:08,ESCANER
16044,"Huehuetenango",13,"San Mateo Ixtatán",18,2359,380,,,,,,,,,,,,,,,,,,,,0,,,
16045,"Huehuetenango",13,"San Mateo Ixtatán",18,2359,380,,,,,,,,,,,,,,,,,,,,0,,,
16046,"Huehuetenango",13,"San Mateo Ixtatán",18,2359,380,,,,,,,,,,,,,,,,,,,,0,,,
16047,"Huehuetenango",13,"San Mateo Ixtatán",18,2359,380,,,,,,,,,,,,,,,,,,,,0,,,
16048,"Huehuetenango",13,"San Mateo Ixtatán",18,2359,310,96,29,1,46,1,1,174,0,3,177,0,177,--,307,130,174,177,177,Algún campo sin dato,1,1c30d4fcd3013cb7eb028e724808e809f666e3f61701fa36f22a1a90da90ecce,25/06/2023 22:35:11,ESCANER
16049,"Huehuetenango",13,"San Mateo Ixtatán",18,2359,310,,,,,,,,,,,,,,,,,,,,0,,,
16050,"Huehuetenango",13,"San Mateo Ixtatán",18,2360,380,142,82,0,24,0,1,263,9,5,277,0,277,--,377,114,249,263,263,Sumas Asentadas sin cuadrar,1,91c23cd5056fb19e7472313155e1509d0a88d272e25944613dfa6efd44ffafb6,25/06/2023 23:03:49,ESCANER
16051,"Huehuetenango",13,"San Mateo Ixtatán",18,2360,380,127,107,0,19,1,2,256,16,2,274,0,274,--,380,106,256,274,274,Algún campo sin dato,1,59e3c246118adda1d8afb23e241dfb7ab14b972eb45184f25b02d70d9defeded,25/06/2023 21:53:15,ESCANER
16052,"Huehuetenango",13,"San Mateo Ixtatán",18,2360,380,120,73,--,26,--,3,222,6,1,229,2,231,--,377,146,222,229,231,Algún campo sin dato,1,5a8a14f32dbde02542db97b8dd26f5d713ac6a8395a0346f839ec5b803353592,25/06/2023 22:23:28,ESCANER
16053,"Huehuetenango",13,"San Mateo Ixtatán",18,2360,380,119,97,0,24,0,2,242,2,3,247,0,247,0,377,130,242,247,247,,1,5073deb916cadf3da79636f043be8a98fa1e9d3b352d4f296910930fb50f6709,25/06/2023 22:01:43,ESCANER
16054,"Huehuetenango",13,"San Mateo Ixtatán",18,2361,380,125,14,2,14,0,4,224,5,2,231,0,231,--,381,147,159,166,166,Sumas Asentadas sin cuadrar,1,b60994d94d6d0217a4e972c31cf7d904f7b0b270f28a8469388ed426f21a81c3,25/06/2023 22:54:43,ESCANER
16055,"Huehuetenango",13,"San Mateo Ixtatán",18,2361,311,103,47,--,26,--,1,177,1,2,180,0,180,--,308,128,177,180,180,Algún campo sin dato,1,fc0f7651e4354a8e6438208b53547e10aed356c010df7e424559bcac9a1878bd,25/06/2023 21:51:27,ESCANER
16056,"Huehuetenango",13,"San Mateo Ixtatán",18,2361,310,91,77,1,13,1,2,185,1,2,188,0,188,--,307,119,185,188,188,Algún campo sin dato,1,4d007cb86b146d6aa8a566d18be0557450cb9af55a9a7c4eb130fe88ed00810a,25/06/2023 21:01:59,ESCANER
16057,"Huehuetenango",13,"San Mateo Ixtatán",18,2362,380,187,58,2,11,0,0,258,8,6,272,1,273,0,380,104,258,272,273,,1,e425910825cc43fb928728173c1e540b476d03a76c9648a802cef67e0f96a245,26/06/2023 00:18:15,ESCANER
16058,"Huehuetenango",13,"San Mateo Ixtatán",18,2362,380,,,,,,,,,,,,,,,,,,,,0,,,
16059,"Huehuetenango",13,"San Mateo Ixtatán",18,2362,380,,,,,,,,,,,,,,,,,,,,0,,,
16060,"Huehuetenango",13,"San Mateo Ixtatán",18,2362,380,,,,,,,,,,,,,,,,,,,,0,,,
16061,"Huehuetenango",13,"San Mateo Ixtatán",18,2362,380,,,,,,,,,,,,,,,,,,,,0,,,
16062,"Huehuetenango",13,"San Mateo Ixtatán",18,2362,380,,,,,,,,,,,,,,,,,,,,0,,,
16063,"Huehuetenango",13,"San Mateo Ixtatán",18,2362,380,,,,,,,,,,,,,,,,,,,,0,,,
16064,"Huehuetenango",13,"San Mateo Ixtatán",18,2362,343,,,,,,,,,,,,,,,,,,,,0,,,
16065,"Huehuetenango",13,"San Mateo Ixtatán",18,2362,343,,,,,,,,,,,,,,,,,,,,0,,,
16066,"Huehuetenango",13,"San Mateo Ixtatán",18,2363,380,,,,,,,,,,,,,,,,,,,,0,,,
16067,"Huehuetenango",13,"San Mateo Ixtatán",18,2363,380,,,,,,,,,,,,,,,,,,,,0,,,
16068,"Huehuetenango",13,"San Mateo Ixtatán",18,2363,380,,,,,,,,,,,,,,,,,,,,0,,,
16069,"Huehuetenango",13,"San Mateo Ixtatán",18,2363,380,,,,,,,,,,,,,,,,,,,,0,,,
16070,"Huehuetenango",13,"San Mateo Ixtatán",18,2363,380,,,,,,,,,,,,,,,,,,,,0,,,
16071,"Huehuetenango",13,"San Mateo Ixtatán",18,2364,380,,,,,,,,,,,,,,,,,,,,0,,,
16072,"Huehuetenango",13,"San Mateo Ixtatán",18,2364,380,,,,,,,,,,,,,,,,,,,,0,,,
16073,"Huehuetenango",13,"San Mateo Ixtatán",18,2364,380,,,,,,,,,,,,,,,,,,,,0,,,
16074,"Huehuetenango",13,"San Mateo Ixtatán",18,2364,276,,,,,,,,,,,,,,,,,,,,0,,,
16075,"Huehuetenango",13,"San Mateo Ixtatán",18,2364,276,82,39,0,39,1,1,162,3,1,166,0,166,--,276,107,162,166,166,Algún campo sin dato,1,f5d00d763894e700010212b23e2d6caad578c225593d29c7fcee77e27da1e3c8,26/06/2023 00:00:58,ESCANER
16076,"Huehuetenango",13,"San Mateo Ixtatán",18,2365,246,6,6,3,16,0,1,32,0,1,33,0,33,--,246,213,32,33,33,Algún campo sin dato,1,83413f7cfc9db2992ea9da8db45e70068629f94bc082dc37bfdeb741ccc14282,25/06/2023 22:55:36,ESCANER