﻿TIPO_DE_ELECCIÓN:,CORPORACIÓN MUNICIPAL
26 junio 2023 00:25 (UTC -6)
ACTAS_ESPERADAS,ACTAS_CAPTURADAS,PORCENTAJE_ACTAS_CAPTURADAS,ACTAS_CONTABILIZADAS,PORCENTAJE_ACTAS_CONTABILIZADAS,ACTAS_NO_CONTABILIZADAS,LISTA_NOMINAL_ACTAS_CONTABILIZADAS,VOTOS_EMITIDOS_CONTABILIZADAS,PORCENTAJE_PARTICIPACIÓN_CIUDADANA
25,4,16.0000,4,16.0000,0,1435,645,44.9477

MESA,DEPARTAMENTO,ID_DEPARTAMENTO,MUNICIPIO,ID_MUNICIPIO,CENTRO_DE_VOTACIÓN,PADRÓN,CABAL,UNE,MLP,VAMOS,VALOR UNIONISTA,VÁLIDOS,NULOS,BLANCO,EMITIDOS,INVÁLIDOS,TOTAL,IMPUGNACIONES,PAPELETAS-RECIBIDAS,PAPELETAS-NO-USADAS,VALIDOS_CALCULADO,EMITIDOS_CALCULADO,TOTAL_CALCULADO,OBSERVACIONES,CONTABILIZADA,CÓDIGO_INTEGRIDAD,FECHA_HORA_PUBLICACIÓN,DIGITALIZACIÓN
8582,"Santa Rosa",6,"San Rafael Las Flores",5,1017,400,,,,,,,,,,,,,,,,,,,0,,,
8583,"Santa Rosa",6,"San Rafael Las Flores",5,1017,400,,,,,,,,,,,,,,,,,,,0,,,
8584,"Santa Rosa",6,"San Rafael Las Flores",5,1017,400,,,,,,,,,,,,,,,,,,,0,,,
8585,"Santa Rosa",6,"San Rafael Las Flores",5,1017,400,,,,,,,,,,,,,,,,,,,0,,,
8586,"Santa Rosa",6,"San Rafael Las Flores",5,1017,400,,,,,,,,,,,,,,,,,,,0,,,
8587,"Santa Rosa",6,"San Rafael Las Flores",5,1017,400,,,,,,,,,,,,,,,,,,,0,,,
8588,"Santa Rosa",6,"San Rafael Las Flores",5,1017,400,,,,,,,,,,,,,,,,,,,0,,,
8589,"Santa Rosa",6,"San Rafael Las Flores",5,1017,400,,,,,,,,,,,,,,,,,,,0,,,
8590,"Santa Rosa",6,"San Rafael Las Flores",5,1017,400,,,,,,,,,,,,,,,,,,,0,,,
8591,"Santa Rosa",6,"San Rafael Las Flores",5,1017,400,,,,,,,,,,,,,,,,,,,0,,,
8592,"Santa Rosa",6,"San Rafael Las Flores",5,1017,400,,,,,,,,,,,,,,,,,,,0,,,
8593,"Santa Rosa",6,"San Rafael Las Flores",5,1017,400,,,,,,,,,,,,,,,,,,,0,,,
8594,"Santa Rosa",6,"San Rafael Las Flores",5,1017,400,,,,,,,,,,,,,,,,,,,0,,,
8595,"Santa Rosa",6,"San Rafael Las Flores",5,1017,400,,,,,,,,,,,,,,,,,,,0,,,
8596,"Santa Rosa",6,"San Rafael Las Flores",5,1018,400,106,79,3,34,5,227,4,5,236,0,236,1,400,164,227,236,236,,1,040f126fcc165c29e66bcac4625b934e5760546312db89e2b585774a7784fdb3,25/06/2023 23:04:34,ESCANER
8597,"Santa Rosa",6,"San Rafael Las Flores",5,1018,400,130,72,1,21,2,226,7,1,234,0,234,--,400,166,226,234,234,Algún campo sin dato,1,f21f4148b29cd8123102da5ee71ef35d33e62f43ead66d526d93287e0545e8bd,25/06/2023 23:08:06,ESCANER
8598,"Santa Rosa",6,"San Rafael Las Flores",5,1018,400,,,,,,,,,,,,,,,,,,,0,,,
8599,"Santa Rosa",6,"San Rafael Las Flores",5,1018,400,,,,,,,,,,,,,,,,,,,0,,,
8600,"Santa Rosa",6,"San Rafael Las Flores",5,1018,400,,,,,,,,,,,,,,,,,,,0,,,
8601,"Santa Rosa",6,"San Rafael Las Flores",5,1018,400,,,,,,,,,,,,,,,,,,,0,,,
8602,"Santa Rosa",6,"San Rafael Las Flores",5,1019,400,,,,,,,,,,,,,,,,,,,0,,,
8603,"Santa Rosa",6,"San Rafael Las Flores",5,1019,400,,,,,,,,,,,,,,,,,,,0,,,
8604,"Santa Rosa",6,"San Rafael Las Flores",5,1019,213,,,,,,,,,,,,,,,,,,,0,,,
8605,"Santa Rosa",6,"San Rafael Las Flores",5,1019,213,46,22,2,10,1,81,5,1,87,0,87,--,213,126,81,87,87,Algún campo sin dato,1,78277fb3c619ddd82f153f0c753853c3079306d34571a94810a798bfd4b10f25,25/06/2023 23:07:46,ESCANER
8606,"Santa Rosa",6,"San Rafael Las Flores",5,1020,422,50,15,2,15,1,83,5,0,88,0,88,--,422,334,83,88,88,Algún campo sin dato,1,b4b1af9d0adb2a44052b8a5f71cdc2488cf958e2436f6c87aa49fa1c979e3e3e,25/06/2023 22:52:56,ESCANER