﻿TIPO_DE_ELECCIÓN:,CORPORACIÓN MUNICIPAL
26 junio 2023 00:25 (UTC -6)
ACTAS_ESPERADAS,ACTAS_CAPTURADAS,PORCENTAJE_ACTAS_CAPTURADAS,ACTAS_CONTABILIZADAS,PORCENTAJE_ACTAS_CONTABILIZADAS,ACTAS_NO_CONTABILIZADAS,LISTA_NOMINAL_ACTAS_CONTABILIZADAS,VOTOS_EMITIDOS_CONTABILIZADAS,PORCENTAJE_PARTICIPACIÓN_CIUDADANA
66,3,4.5454,3,4.5454,0,993,553,55.6898

MESA,DEPARTAMENTO,ID_DEPARTAMENTO,MUNICIPIO,ID_MUNICIPIO,CENTRO_DE_VOTACIÓN,PADRÓN,FCN-NACION,UNE,VAMOS,CAMBIO,PPN,VICTORIA,CABAL,WINAQ,VIVA,AZUL,VALOR,CREO,PHG,VÁLIDOS,NULOS,BLANCO,EMITIDOS,INVÁLIDOS,TOTAL,IMPUGNACIONES,PAPELETAS-RECIBIDAS,PAPELETAS-NO-USADAS,VALIDOS_CALCULADO,EMITIDOS_CALCULADO,TOTAL_CALCULADO,OBSERVACIONES,CONTABILIZADA,CÓDIGO_INTEGRIDAD,FECHA_HORA_PUBLICACIÓN,DIGITALIZACIÓN
19139,"Alta Verapaz",16,"Tucurú",6,2934,400,,,,,,,,,,,,,,,,,,,,,,,,,,,0,,,
19140,"Alta Verapaz",16,"Tucurú",6,2934,400,,,,,,,,,,,,,,,,,,,,,,,,,,,0,,,
19141,"Alta Verapaz",16,"Tucurú",6,2935,400,,,,,,,,,,,,,,,,,,,,,,,,,,,0,,,
19142,"Alta Verapaz",16,"Tucurú",6,2935,400,,,,,,,,,,,,,,,,,,,,,,,,,,,0,,,
19143,"Alta Verapaz",16,"Tucurú",6,2936,400,,,,,,,,,,,,,,,,,,,,,,,,,,,0,,,
19144,"Alta Verapaz",16,"Tucurú",6,2936,400,,,,,,,,,,,,,,,,,,,,,,,,,,,0,,,
19145,"Alta Verapaz",16,"Tucurú",6,2937,400,,,,,,,,,,,,,,,,,,,,,,,,,,,0,,,
19146,"Alta Verapaz",16,"Tucurú",6,2937,400,,,,,,,,,,,,,,,,,,,,,,,,,,,0,,,
19147,"Alta Verapaz",16,"Tucurú",6,2937,400,,,,,,,,,,,,,,,,,,,,,,,,,,,0,,,
19148,"Alta Verapaz",16,"Tucurú",6,2937,400,,,,,,,,,,,,,,,,,,,,,,,,,,,0,,,
19149,"Alta Verapaz",16,"Tucurú",6,2937,400,,,,,,,,,,,,,,,,,,,,,,,,,,,0,,,
19150,"Alta Verapaz",16,"Tucurú",6,2937,400,,,,,,,,,,,,,,,,,,,,,,,,,,,0,,,
19151,"Alta Verapaz",16,"Tucurú",6,2937,400,,,,,,,,,,,,,,,,,,,,,,,,,,,0,,,
19152,"Alta Verapaz",16,"Tucurú",6,2937,400,,,,,,,,,,,,,,,,,,,,,,,,,,,0,,,
19153,"Alta Verapaz",16,"Tucurú",6,2938,400,,,,,,,,,,,,,,,,,,,,,,,,,,,0,,,
19154,"Alta Verapaz",16,"Tucurú",6,2938,400,,,,,,,,,,,,,,,,,,,,,,,,,,,0,,,
19155,"Alta Verapaz",16,"Tucurú",6,2938,400,,,,,,,,,,,,,,,,,,,,,,,,,,,0,,,
19156,"Alta Verapaz",16,"Tucurú",6,2938,400,,,,,,,,,,,,,,,,,,,,,,,,,,,0,,,
19157,"Alta Verapaz",16,"Tucurú",6,2938,400,,,,,,,,,,,,,,,,,,,,,,,,,,,0,,,
19158,"Alta Verapaz",16,"Tucurú",6,2938,400,,,,,,,,,,,,,,,,,,,,,,,,,,,0,,,
19159,"Alta Verapaz",16,"Tucurú",6,2938,257,,,,,,,,,,,,,,,,,,,,,,,,,,,0,,,
19160,"Alta Verapaz",16,"Tucurú",6,2938,257,,,,,,,,,,,,,,,,,,,,,,,,,,,0,,,
19161,"Alta Verapaz",16,"Tucurú",6,2939,400,,,,,,,,,,,,,,,,,,,,,,,,,,,0,,,
19162,"Alta Verapaz",16,"Tucurú",6,2939,400,,,,,,,,,,,,,,,,,,,,,,,,,,,0,,,
19163,"Alta Verapaz",16,"Tucurú",6,2939,400,,,,,,,,,,,,,,,,,,,,,,,,,,,0,,,
19164,"Alta Verapaz",16,"Tucurú",6,2939,400,,,,,,,,,,,,,,,,,,,,,,,,,,,0,,,
19165,"Alta Verapaz",16,"Tucurú",6,2939,400,,,,,,,,,,,,,,,,,,,,,,,,,,,0,,,
19166,"Alta Verapaz",16,"Tucurú",6,2939,400,,,,,,,,,,,,,,,,,,,,,,,,,,,0,,,
19167,"Alta Verapaz",16,"Tucurú",6,2940,387,33,52,77,1,21,30,3,0,1,0,27,0,0,245,2,2,249,0,249,--,384,135,245,249,249,Algún campo sin dato,1,a0857a8f931b40f8f5dab61e6c6f516d0d480d10052ef69ec8198320534b3061,26/06/2023 00:13:40,ESCANER
19168,"Alta Verapaz",16,"Tucurú",6,2940,386,33,66,82,1,11,29,0,0,1,0,28,0,1,252,2,3,257,0,257,--,386,129,252,257,257,Algún campo sin dato,1,d48d3b841ddcf99883a8b9979a68aa05c82951e639abccf566aeb90aaf8a3345,26/06/2023 00:19:58,ESCANER
19169,"Alta Verapaz",16,"Tucurú",6,2941,380,,,,,,,,,,,,,,,,,,,,,,,,,,,0,,,
19170,"Alta Verapaz",16,"Tucurú",6,2941,380,,,,,,,,,,,,,,,,,,,,,,,,,,,0,,,
19171,"Alta Verapaz",16,"Tucurú",6,2941,380,,,,,,,,,,,,,,,,,,,,,,,,,,,0,,,
19172,"Alta Verapaz",16,"Tucurú",6,2941,364,,,,,,,,,,,,,,,,,,,,,,,,,,,0,,,
19173,"Alta Verapaz",16,"Tucurú",6,2941,363,,,,,,,,,,,,,,,,,,,,,,,,,,,0,,,
19174,"Alta Verapaz",16,"Tucurú",6,2942,380,,,,,,,,,,,,,,,,,,,,,,,,,,,0,,,
19175,"Alta Verapaz",16,"Tucurú",6,2942,380,,,,,,,,,,,,,,,,,,,,,,,,,,,0,,,
19176,"Alta Verapaz",16,"Tucurú",6,2942,380,,,,,,,,,,,,,,,,,,,,,,,,,,,0,,,
19177,"Alta Verapaz",16,"Tucurú",6,2942,380,,,,,,,,,,,,,,,,,,,,,,,,,,,0,,,
19178,"Alta Verapaz",16,"Tucurú",6,2942,295,,,,,,,,,,,,,,,,,,,,,,,,,,,0,,,
19179,"Alta Verapaz",16,"Tucurú",6,2942,295,,,,,,,,,,,,,,,,,,,,,,,,,,,0,,,
19180,"Alta Verapaz",16,"Tucurú",6,2943,380,,,,,,,,,,,,,,,,,,,,,,,,,,,0,,,
19181,"Alta Verapaz",16,"Tucurú",6,2943,380,,,,,,,,,,,,,,,,,,,,,,,,,,,0,,,
19182,"Alta Verapaz",16,"Tucurú",6,2943,380,,,,,,,,,,,,,,,,,,,,,,,,,,,0,,,
19183,"Alta Verapaz",16,"Tucurú",6,2943,380,,,,,,,,,,,,,,,,,,,,,,,,,,,0,,,
19184,"Alta Verapaz",16,"Tucurú",6,2943,380,,,,,,,,,,,,,,,,,,,,,,,,,,,0,,,
19185,"Alta Verapaz",16,"Tucurú",6,2943,233,,,,,,,,,,,,,,,,,,,,,,,,,,,0,,,
19186,"Alta Verapaz",16,"Tucurú",6,2943,232,,,,,,,,,,,,,,,,,,,,,,,,,,,0,,,
19187,"Alta Verapaz",16,"Tucurú",6,2944,380,,,,,,,,,,,,,,,,,,,,,,,,,,,0,,,
19188,"Alta Verapaz",16,"Tucurú",6,2944,380,,,,,,,,,,,,,,,,,,,,,,,,,,,0,,,
19189,"Alta Verapaz",16,"Tucurú",6,2944,380,,,,,,,,,,,,,,,,,,,,,,,,,,,0,,,
19190,"Alta Verapaz",16,"Tucurú",6,2944,279,,,,,,,,,,,,,,,,,,,,,,,,,,,0,,,
19191,"Alta Verapaz",16,"Tucurú",6,2944,278,,,,,,,,,,,,,,,,,,,,,,,,,,,0,,,
19192,"Alta Verapaz",16,"Tucurú",6,2945,380,,,,,,,,,,,,,,,,,,,,,,,,,,,0,,,
19193,"Alta Verapaz",16,"Tucurú",6,2945,380,,,,,,,,,,,,,,,,,,,,,,,,,,,0,,,
19194,"Alta Verapaz",16,"Tucurú",6,2945,380,,,,,,,,,,,,,,,,,,,,,,,,,,,0,,,
19195,"Alta Verapaz",16,"Tucurú",6,2945,282,,,,,,,,,,,,,,,,,,,,,,,,,,,0,,,
19196,"Alta Verapaz",16,"Tucurú",6,2945,281,,,,,,,,,,,,,,,,,,,,,,,,,,,0,,,
19197,"Alta Verapaz",16,"Tucurú",6,2946,380,,,,,,,,,,,,,,,,,,,,,,,,,,,0,,,
19198,"Alta Verapaz",16,"Tucurú",6,2946,228,,,,,,,,,,,,,,,,,,,,,,,,,,,0,,,
19199,"Alta Verapaz",16,"Tucurú",6,2946,228,,,,,,,,,,,,,,,,,,,,,,,,,,,0,,,
19200,"Alta Verapaz",16,"Tucurú",6,2947,380,,,,,,,,,,,,,,,,,,,,,,,,,,,0,,,
19201,"Alta Verapaz",16,"Tucurú",6,2947,380,,,,,,,,,,,,,,,,,,,,,,,,,,,0,,,
19202,"Alta Verapaz",16,"Tucurú",6,2947,290,,,,,,,,,,,,,,,,,,,,,,,,,,,0,,,
19203,"Alta Verapaz",16,"Tucurú",6,2947,289,,,,,,,,,,,,,,,,,,,,,,,,,,,0,,,
19204,"Alta Verapaz",16,"Tucurú",6,2948,220,5,8,8,1,2,11,1,0,1,0,3,0,2,42,5,0,47,0,47,--,220,173,42,47,47,Algún campo sin dato,1,67662ac661c5ded0150378a53dfcfa108a04b6826d3b7d4b86ebf71a39361c8f,25/06/2023 21:56:14,ESCANER