﻿TIPO_DE_ELECCIÓN:,CORPORACIÓN MUNICIPAL
26 junio 2023 00:25 (UTC -6)
ACTAS_ESPERADAS,ACTAS_CAPTURADAS,PORCENTAJE_ACTAS_CAPTURADAS,ACTAS_CONTABILIZADAS,PORCENTAJE_ACTAS_CONTABILIZADAS,ACTAS_NO_CONTABILIZADAS,LISTA_NOMINAL_ACTAS_CONTABILIZADAS,VOTOS_EMITIDOS_CONTABILIZADAS,PORCENTAJE_PARTICIPACIÓN_CIUDADANA
51,17,33.3333,17,33.3333,0,5592,2735,48.9091

MESA,DEPARTAMENTO,ID_DEPARTAMENTO,MUNICIPIO,ID_MUNICIPIO,CENTRO_DE_VOTACIÓN,PADRÓN,UNE,VAMOS,MLP,TODOS,CABAL,AZUL,SEMILLA,CAMBIO,VIVA,VALOR UNIONISTA,VÁLIDOS,NULOS,BLANCO,EMITIDOS,INVÁLIDOS,TOTAL,IMPUGNACIONES,PAPELETAS-RECIBIDAS,PAPELETAS-NO-USADAS,VALIDOS_CALCULADO,EMITIDOS_CALCULADO,TOTAL_CALCULADO,OBSERVACIONES,CONTABILIZADA,CÓDIGO_INTEGRIDAD,FECHA_HORA_PUBLICACIÓN,DIGITALIZACIÓN
21141,"Petén",17,"Las Cruces",13,3289,400,,,,,,,,,,,,,,,,,,,,,,,,0,,,
21142,"Petén",17,"Las Cruces",13,3289,400,104,54,1,88,2,1,5,0,4,2,261,8,5,274,0,274,--,396,122,261,274,274,Algún campo sin dato,1,bc7fb12a9fb6290f71dec0a6fdc2c954b527f90f0f7b950499c0c118f09991e1,25/06/2023 23:00:45,ESCANER
21143,"Petén",17,"Las Cruces",13,3289,400,129,46,1,83,1,3,3,0,8,2,276,7,3,286,0,286,--,400,114,276,286,286,Algún campo sin dato,1,1505b6eb21c9dd79668010195c5e79f6f472e6dc9742edb7540c1016c9648691,25/06/2023 23:35:51,ESCANER
21144,"Petén",17,"Las Cruces",13,3289,400,,,,,,,,,,,,,,,,,,,,,,,,0,,,
21145,"Petén",17,"Las Cruces",13,3289,400,,,,,,,,,,,,,,,,,,,,,,,,0,,,
21146,"Petén",17,"Las Cruces",13,3289,400,,,,,,,,,,,,,,,,,,,,,,,,0,,,
21147,"Petén",17,"Las Cruces",13,3289,400,,,,,,,,,,,,,,,,,,,,,,,,0,,,
21148,"Petén",17,"Las Cruces",13,3289,400,,,,,,,,,,,,,,,,,,,,,,,,0,,,
21149,"Petén",17,"Las Cruces",13,3289,400,,,,,,,,,,,,,,,,,,,,,,,,0,,,
21150,"Petén",17,"Las Cruces",13,3289,400,106,47,1,48,1,4,2,2,6,2,219,7,3,229,0,229,--,400,117,219,229,229,Algún campo sin dato,1,926c0f3a4889d994bf6a1ca5250730ddc07af2574043c18867d7235d206eb892,25/06/2023 23:40:10,ESCANER
21151,"Petén",17,"Las Cruces",13,3289,400,,,,,,,,,,,,,,,,,,,,,,,,0,,,
21152,"Petén",17,"Las Cruces",13,3289,400,,,,,,,,,,,,,,,,,,,,,,,,0,,,
21153,"Petén",17,"Las Cruces",13,3289,339,,,,,,,,,,,,,,,,,,,,,,,,0,,,
21154,"Petén",17,"Las Cruces",13,3289,338,68,22,2,44,2,2,0,1,1,1,143,0,3,146,1,147,--,338,191,143,146,147,Algún campo sin dato,1,f4b53d00f0d84596bcb5a6273e65ab60ea762bd685e51e52a6add8d3c21df8f5,26/06/2023 00:04:56,ESCANER
21155,"Petén",17,"Las Cruces",13,3290,366,,,,,,,,,,,,,,,,,,,,,,,,0,,,
21156,"Petén",17,"Las Cruces",13,3290,365,,,,,,,,,,,,,,,,,,,,,,,,0,,,
21157,"Petén",17,"Las Cruces",13,3291,380,84,54,3,45,4,0,0,2,10,3,205,16,5,226,0,226,--,380,154,205,226,226,Algún campo sin dato,1,dd8f9a3c6985f65d1570e8b3ffe63b842b7b5a6f5f3edf6f5a16e104d438d847,25/06/2023 23:43:06,ESCANER
21158,"Petén",17,"Las Cruces",13,3291,380,,,,,,,,,,,,,,,,,,,,,,,,0,,,
21159,"Petén",17,"Las Cruces",13,3291,380,,,,,,,,,,,,,,,,,,,,,,,,0,,,
21160,"Petén",17,"Las Cruces",13,3291,380,,,,,,,,,,,,,,,,,,,,,,,,0,,,
21161,"Petén",17,"Las Cruces",13,3291,380,,,,,,,,,,,,,,,,,,,,,,,,0,,,
21162,"Petén",17,"Las Cruces",13,3291,380,,,,,,,,,,,,,,,,,,,,,,,,0,,,
21163,"Petén",17,"Las Cruces",13,3291,380,,,,,,,,,,,,,,,,,,,,,,,,0,,,
21164,"Petén",17,"Las Cruces",13,3291,380,,,,,,,,,,,,,,,,,,,,,,,,0,,,
21165,"Petén",17,"Las Cruces",13,3291,287,34,31,4,46,1,0,2,0,9,1,128,6,1,135,0,135,--,--,--,128,135,135,Algún campo sin dato,1,c75fe168308d054eefd5264ea16bb52398accb860248fcbb3122d9c68373af90,26/06/2023 00:21:40,ESCANER
21166,"Petén",17,"Las Cruces",13,3291,287,32,19,4,33,2,0,0,1,4,0,95,1,3,99,0,99,--,287,188,95,99,99,Algún campo sin dato,1,e8a52b4b937307fb34ae0462b3bce397489707ef53fccb351b247480a6eaf930,25/06/2023 22:41:09,ESCANER
21167,"Petén",17,"Las Cruces",13,3292,380,61,19,4,44,17,3,7,0,3,6,164,13,2,179,0,179,--,377,198,164,179,179,Algún campo sin dato,1,fde4679a23f5696d00d1f7395b52db4b02d03f46bf83cbe058f6d88c31972a12,26/06/2023 00:16:55,ESCANER
21168,"Petén",17,"Las Cruces",13,3292,380,60,17,2,44,28,1,2,0,1,2,157,16,3,176,0,176,--,380,204,157,176,176,Algún campo sin dato,1,45acffbb7cc0bd07e0bb181a128bc6800ec0d2cecde7bf189cf8d4fd2ec0fa4e,26/06/2023 00:07:25,ESCANER
21169,"Petén",17,"Las Cruces",13,3292,303,36,9,3,32,14,0,2,0,3,3,102,8,2,112,0,112,--,303,191,102,112,112,Algún campo sin dato,1,e3493eb218a6088372089626431385156bd364a24d40df83ecca174a6fcca1eb,26/06/2023 00:01:50,ESCANER
21170,"Petén",17,"Las Cruces",13,3292,303,41,13,0,32,11,0,2,0,3,1,103,4,2,109,0,109,--,303,194,103,109,109,Algún campo sin dato,1,40a3bd8d02a1678ad4d33b4981ed451f18abf87e9f797fed64f483c2e0b51336,25/06/2023 23:38:34,ESCANER
21171,"Petén",17,"Las Cruces",13,3293,380,,,,,,,,,,,,,,,,,,,,,,,,0,,,
21172,"Petén",17,"Las Cruces",13,3293,380,,,,,,,,,,,,,,,,,,,,,,,,0,,,
21173,"Petén",17,"Las Cruces",13,3293,380,,,,,,,,,,,,,,,,,,,,,,,,0,,,
21174,"Petén",17,"Las Cruces",13,3293,380,,,,,,,,,,,,,,,,,,,,,,,,0,,,
21175,"Petén",17,"Las Cruces",13,3293,380,,,,,,,,,,,,,,,,,,,,,,,,0,,,
21176,"Petén",17,"Las Cruces",13,3293,380,,,,,,,,,,,,,,,,,,,,,,,,0,,,
21177,"Petén",17,"Las Cruces",13,3293,231,,,,,,,,,,,,,,,,,,,,,,,,0,,,
21178,"Petén",17,"Las Cruces",13,3293,230,,,,,,,,,,,,,,,,,,,,,,,,0,,,
21179,"Petén",17,"Las Cruces",13,3294,277,44,17,2,47,8,1,2,0,2,3,126,2,4,132,0,132,--,277,145,126,132,132,Algún campo sin dato,1,dd625df607c193c35da4955539b62929289ef2a9f44335a819da8f883a61733a,26/06/2023 00:07:32,ESCANER
21180,"Petén",17,"Las Cruces",13,3294,277,38,8,3,33,5,0,0,0,1,5,93,9,2,104,0,104,--,274,170,93,104,104,Algún campo sin dato,1,249f2d922b308ed5edf2760c9ff1a30961377e1bab443b9969d36b67a692df99,25/06/2023 23:07:46,ESCANER
21181,"Petén",17,"Las Cruces",13,3295,380,,,,,,,,,,,,,,,,,,,,,,,,0,,,
21182,"Petén",17,"Las Cruces",13,3295,380,,,,,,,,,,,,,,,,,,,,,,,,0,,,
21183,"Petén",17,"Las Cruces",13,3295,380,46,102,0,22,4,1,2,0,0,2,179,18,2,199,0,199,--,380,181,179,199,199,Algún campo sin dato,1,4162cd65653c1f4deb99a1518644c698c4786201141c82140974981da698cf46,25/06/2023 22:04:18,ESCANER
21184,"Petén",17,"Las Cruces",13,3295,380,,,,,,,,,,,,,,,,,,,,,,,,0,,,
21185,"Petén",17,"Las Cruces",13,3295,341,,,,,,,,,,,,,,,,,,,,,,,,0,,,
21186,"Petén",17,"Las Cruces",13,3295,341,,,,,,,,,,,,,,,,,,,,,,,,0,,,
21187,"Petén",17,"Las Cruces",13,3296,380,,,,,,,,,,,,,,,,,,,,,,,,0,,,
21188,"Petén",17,"Las Cruces",13,3296,380,48,28,1,44,4,1,8,0,3,13,150,8,1,159,0,159,--,377,218,150,159,159,Algún campo sin dato,1,9f6896af495f98eb4d0ef31270c97712eeb839c3beea6b2537402103a88fa845,25/06/2023 23:40:29,ESCANER
21189,"Petén",17,"Las Cruces",13,3296,380,,,,,,,,,,,,,,,,,,,,,,,,0,,,
21190,"Petén",17,"Las Cruces",13,3296,210,33,15,2,24,4,0,3,0,2,6,89,3,0,92,0,92,--,210,118,89,92,92,Algún campo sin dato,1,be9f921d1d268d3e7b35926261b56ae545b3f8c3827fd6fd89b926e921f139ad,25/06/2023 21:34:20,ESCANER
21191,"Petén",17,"Las Cruces",13,3296,210,31,16,3,15,1,0,1,1,1,7,76,2,0,78,0,78,--,213,135,76,78,78,Algún campo sin dato,1,10f9caf661b4c9a8eb2aa8985b1e87a91d1aa85e9c3a00006aee553d3a65d597,25/06/2023 22:23:26,ESCANER