﻿TIPO_DE_ELECCIÓN:,CORPORACIÓN MUNICIPAL
26 junio 2023 00:25 (UTC -6)
ACTAS_ESPERADAS,ACTAS_CAPTURADAS,PORCENTAJE_ACTAS_CAPTURADAS,ACTAS_CONTABILIZADAS,PORCENTAJE_ACTAS_CONTABILIZADAS,ACTAS_NO_CONTABILIZADAS,LISTA_NOMINAL_ACTAS_CONTABILIZADAS,VOTOS_EMITIDOS_CONTABILIZADAS,PORCENTAJE_PARTICIPACIÓN_CIUDADANA
45,8,17.7777,8,17.7777,0,2390,1413,59.1213

MESA,DEPARTAMENTO,ID_DEPARTAMENTO,MUNICIPIO,ID_MUNICIPIO,CENTRO_DE_VOTACIÓN,PADRÓN,VAMOS,MLP,UNE,AZUL,PPN,VIVA,CABAL,UR,PODEMOS,VICTORIA,VÁLIDOS,NULOS,BLANCO,EMITIDOS,INVÁLIDOS,TOTAL,IMPUGNACIONES,PAPELETAS-RECIBIDAS,PAPELETAS-NO-USADAS,VALIDOS_CALCULADO,EMITIDOS_CALCULADO,TOTAL_CALCULADO,OBSERVACIONES,CONTABILIZADA,CÓDIGO_INTEGRIDAD,FECHA_HORA_PUBLICACIÓN,DIGITALIZACIÓN
5636,"Sacatepéquez",2,"San Lucas Sacatepéquez",8,582,400,,,,,,,,,,,,,,,,,,,,,,,,0,,,
5637,"Sacatepéquez",2,"San Lucas Sacatepéquez",8,582,400,,,,,,,,,,,,,,,,,,,,,,,,0,,,
5638,"Sacatepéquez",2,"San Lucas Sacatepéquez",8,582,400,,,,,,,,,,,,,,,,,,,,,,,,0,,,
5639,"Sacatepéquez",2,"San Lucas Sacatepéquez",8,582,400,,,,,,,,,,,,,,,,,,,,,,,,0,,,
5640,"Sacatepéquez",2,"San Lucas Sacatepéquez",8,582,400,,,,,,,,,,,,,,,,,,,,,,,,0,,,
5641,"Sacatepéquez",2,"San Lucas Sacatepéquez",8,582,400,,,,,,,,,,,,,,,,,,,,,,,,0,,,
5642,"Sacatepéquez",2,"San Lucas Sacatepéquez",8,582,400,,,,,,,,,,,,,,,,,,,,,,,,0,,,
5643,"Sacatepéquez",2,"San Lucas Sacatepéquez",8,582,400,,,,,,,,,,,,,,,,,,,,,,,,0,,,
5644,"Sacatepéquez",2,"San Lucas Sacatepéquez",8,582,400,,,,,,,,,,,,,,,,,,,,,,,,0,,,
5645,"Sacatepéquez",2,"San Lucas Sacatepéquez",8,582,400,,,,,,,,,,,,,,,,,,,,,,,,0,,,
5646,"Sacatepéquez",2,"San Lucas Sacatepéquez",8,582,400,60,33,96,16,22,10,7,5,2,3,254,16,4,274,0,274,1,400,125,254,274,274,,1,445b1c2d996abf5c5dc306cd8fe5a581e8ec2f8d381d1a4338991ba408bbdf0e,26/06/2023 00:20:33,ESCANER
5647,"Sacatepéquez",2,"San Lucas Sacatepéquez",8,582,400,,,,,,,,,,,,,,,,,,,,,,,,0,,,
5648,"Sacatepéquez",2,"San Lucas Sacatepéquez",8,583,400,,,,,,,,,,,,,,,,,,,,,,,,0,,,
5649,"Sacatepéquez",2,"San Lucas Sacatepéquez",8,583,400,,,,,,,,,,,,,,,,,,,,,,,,0,,,
5650,"Sacatepéquez",2,"San Lucas Sacatepéquez",8,583,400,,,,,,,,,,,,,,,,,,,,,,,,0,,,
5651,"Sacatepéquez",2,"San Lucas Sacatepéquez",8,583,400,,,,,,,,,,,,,,,,,,,,,,,,0,,,
5652,"Sacatepéquez",2,"San Lucas Sacatepéquez",8,583,400,,,,,,,,,,,,,,,,,,,,,,,,0,,,
5653,"Sacatepéquez",2,"San Lucas Sacatepéquez",8,583,400,,,,,,,,,,,,,,,,,,,,,,,,0,,,
5654,"Sacatepéquez",2,"San Lucas Sacatepéquez",8,583,400,,,,,,,,,,,,,,,,,,,,,,,,0,,,
5655,"Sacatepéquez",2,"San Lucas Sacatepéquez",8,583,400,,,,,,,,,,,,,,,,,,,,,,,,0,,,
5656,"Sacatepéquez",2,"San Lucas Sacatepéquez",8,583,400,,,,,,,,,,,,,,,,,,,,,,,,0,,,
5657,"Sacatepéquez",2,"San Lucas Sacatepéquez",8,583,400,,,,,,,,,,,,,,,,,,,,,,,,0,,,
5658,"Sacatepéquez",2,"San Lucas Sacatepéquez",8,583,400,,,,,,,,,,,,,,,,,,,,,,,,0,,,
5659,"Sacatepéquez",2,"San Lucas Sacatepéquez",8,583,400,,,,,,,,,,,,,,,,,,,,,,,,0,,,
5660,"Sacatepéquez",2,"San Lucas Sacatepéquez",8,584,400,,,,,,,,,,,,,,,,,,,,,,,,0,,,
5661,"Sacatepéquez",2,"San Lucas Sacatepéquez",8,584,400,,,,,,,,,,,,,,,,,,,,,,,,0,,,
5662,"Sacatepéquez",2,"San Lucas Sacatepéquez",8,584,400,,,,,,,,,,,,,,,,,,,,,,,,0,,,
5663,"Sacatepéquez",2,"San Lucas Sacatepéquez",8,584,400,,,,,,,,,,,,,,,,,,,,,,,,0,,,
5664,"Sacatepéquez",2,"San Lucas Sacatepéquez",8,584,400,,,,,,,,,,,,,,,,,,,,,,,,0,,,
5665,"Sacatepéquez",2,"San Lucas Sacatepéquez",8,584,400,,,,,,,,,,,,,,,,,,,,,,,,0,,,
5666,"Sacatepéquez",2,"San Lucas Sacatepéquez",8,584,400,,,,,,,,,,,,,,,,,,,,,,,,0,,,
5667,"Sacatepéquez",2,"San Lucas Sacatepéquez",8,584,400,,,,,,,,,,,,,,,,,,,,,,,,0,,,
5668,"Sacatepéquez",2,"San Lucas Sacatepéquez",8,584,400,,,,,,,,,,,,,,,,,,,,,,,,0,,,
5669,"Sacatepéquez",2,"San Lucas Sacatepéquez",8,584,217,22,20,48,7,23,3,5,4,1,3,136,5,1,142,0,142,--,217,75,136,142,142,Algún campo sin dato,1,d1c61c313767d5da68bec62ee230a9f0716ebc89a2bead5efc8c7ec25df66e9c,26/06/2023 00:04:37,ESCANER
5670,"Sacatepéquez",2,"San Lucas Sacatepéquez",8,584,216,16,20,32,13,12,5,5,4,2,3,112,4,2,118,0,118,--,216,98,112,118,118,Algún campo sin dato,1,4ed9cf64d54a991105ddc8084f7d53652bdb9211f806db16686f7ece5e843b3f,25/06/2023 22:16:24,ESCANER
5671,"Sacatepéquez",2,"San Lucas Sacatepéquez",8,585,380,,,,,,,,,,,,,,,,,,,,,,,,0,,,
5672,"Sacatepéquez",2,"San Lucas Sacatepéquez",8,585,380,,,,,,,,,,,,,,,,,,,,,,,,0,,,
5673,"Sacatepéquez",2,"San Lucas Sacatepéquez",8,585,380,,,,,,,,,,,,,,,,,,,,,,,,0,,,
5674,"Sacatepéquez",2,"San Lucas Sacatepéquez",8,585,352,31,25,72,20,34,16,8,5,3,0,214,17,3,234,0,234,--,352,118,214,234,234,Algún campo sin dato,1,9820ed95f12148277e87d69535e7df32a5078ecee99f58f28f5ffc11fd380695,25/06/2023 23:30:23,ESCANER
5675,"Sacatepéquez",2,"San Lucas Sacatepéquez",8,585,351,,,,,,,,,,,,,,,,,,,,,,,,0,,,
5676,"Sacatepéquez",2,"San Lucas Sacatepéquez",8,586,299,36,7,93,14,18,8,2,3,0,0,181,6,3,190,0,190,--,299,109,181,190,190,Algún campo sin dato,1,9dd1fdd7aa3a3c61359cad85e3cefe2ca4cf3acfd323df783b592e17446ffcf5,25/06/2023 22:51:59,ESCANER
5677,"Sacatepéquez",2,"San Lucas Sacatepéquez",8,586,299,27,7,72,25,12,6,3,2,1,0,155,10,2,167,0,167,--,199,132,155,167,167,Algún campo sin dato,1,3a4f8b770851a61ee6650223a1375abd57b0fa302c0314a71fb191ba799d3207,25/06/2023 22:32:12,ESCANER
5678,"Sacatepéquez",2,"San Lucas Sacatepéquez",8,587,600,,,,,,,,,,,,,,,,,,,,,,,,0,,,
5679,"Sacatepéquez",2,"San Lucas Sacatepéquez",8,587,304,28,28,48,5,29,2,5,5,4,2,156,11,2,169,0,169,--,304,135,156,169,169,Algún campo sin dato,1,7a711b8a08b3ab8e7e18286ea7676c889c68241e48abe640aad257872d67cbf0,25/06/2023 23:38:29,ESCANER
5680,"Sacatepéquez",2,"San Lucas Sacatepéquez",8,587,303,15,20,53,5,10,4,4,3,0,1,115,2,2,119,0,119,--,303,184,115,119,119,Algún campo sin dato,1,19138342895935c4b3bc0b83569378bf1246da50c38de63d0ecd0ddc4a2446fb,25/06/2023 22:34:15,ESCANER