﻿TIPO_DE_ELECCIÓN:,CORPORACIÓN MUNICIPAL
26 junio 2023 00:25 (UTC -6)
ACTAS_ESPERADAS,ACTAS_CAPTURADAS,PORCENTAJE_ACTAS_CAPTURADAS,ACTAS_CONTABILIZADAS,PORCENTAJE_ACTAS_CONTABILIZADAS,ACTAS_NO_CONTABILIZADAS,LISTA_NOMINAL_ACTAS_CONTABILIZADAS,VOTOS_EMITIDOS_CONTABILIZADAS,PORCENTAJE_PARTICIPACIÓN_CIUDADANA
33,19,57.5757,19,57.5757,0,6545,3714,56.7456

MESA,DEPARTAMENTO,ID_DEPARTAMENTO,MUNICIPIO,ID_MUNICIPIO,CENTRO_DE_VOTACIÓN,PADRÓN,VAMOS,UNE,CABAL,BIEN,VÁLIDOS,NULOS,BLANCO,EMITIDOS,INVÁLIDOS,TOTAL,IMPUGNACIONES,PAPELETAS-RECIBIDAS,PAPELETAS-NO-USADAS,VALIDOS_CALCULADO,EMITIDOS_CALCULADO,TOTAL_CALCULADO,OBSERVACIONES,CONTABILIZADA,CÓDIGO_INTEGRIDAD,FECHA_HORA_PUBLICACIÓN,DIGITALIZACIÓN
16210,"Huehuetenango",13,"Concepción Huista",22,2396,400,122,55,44,58,279,3,4,286,0,286,--,400,114,279,286,286,Algún campo sin dato,1,a3b8b9a2f0faadd31c60d7119db1a15b028bdf086965d60c7a823f79ab959dc5,26/06/2023 00:09:44,ESCANER
16211,"Huehuetenango",13,"Concepción Huista",22,2396,400,,,,,,,,,,,,,,,,,,0,,,
16212,"Huehuetenango",13,"Concepción Huista",22,2396,400,111,55,69,51,286,6,1,293,0,293,--,400,107,286,293,293,Algún campo sin dato,1,c97b8260bafcb091c963f053f18c8e12c4464e93b622d3847972b57954798858,25/06/2023 23:27:09,ESCANER
16213,"Huehuetenango",13,"Concepción Huista",22,2396,400,,,,,,,,,,,,,,,,,,0,,,
16214,"Huehuetenango",13,"Concepción Huista",22,2396,400,109,80,46,45,280,3,3,286,0,286,--,400,114,280,286,286,Algún campo sin dato,1,54e72d6afa485a5f24e98ddc3d9f140385f755f9638a14677c8faf9a511adb9b,25/06/2023 22:59:28,ESCANER
16215,"Huehuetenango",13,"Concepción Huista",22,2397,400,,,,,,,,,,,,,,,,,,0,,,
16216,"Huehuetenango",13,"Concepción Huista",22,2397,400,85,48,35,53,221,1,0,222,0,222,--,400,178,221,222,222,Algún campo sin dato,1,c94884ca7c1292c0ff88b18061cfcfefbd75e6d43a4e802334950ac864187ad3,25/06/2023 23:10:14,ESCANER
16217,"Huehuetenango",13,"Concepción Huista",22,2397,400,,,,,,,,,,,,,,,,,,0,,,
16218,"Huehuetenango",13,"Concepción Huista",22,2397,400,85,43,41,55,224,4,7,235,0,235,--,400,165,224,235,235,Algún campo sin dato,1,1c6a99bf932d1dfdbe3c4aa65790ab25641a7c1139aa6eaa7c3a0ab712dd7e1d,26/06/2023 00:00:37,ESCANER
16219,"Huehuetenango",13,"Concepción Huista",22,2397,400,,,,,,,,,,,,,,,,,,0,,,
16220,"Huehuetenango",13,"Concepción Huista",22,2398,400,85,64,50,50,249,2,2,253,0,253,--,400,147,249,253,253,Algún campo sin dato,1,631a25f42fb4a387b5e700803bc665ff57c9db2f674604b69434221f59c2ffed,25/06/2023 23:13:23,ESCANER
16221,"Huehuetenango",13,"Concepción Huista",22,2398,400,,,,,,,,,,,,,,,,,,0,,,
16222,"Huehuetenango",13,"Concepción Huista",22,2398,321,98,45,27,46,216,0,0,216,0,216,--,321,105,216,216,216,Algún campo sin dato,1,1f6214c2a162215775de0535a498e4e04b0e1267425745782d7eaed5d0f37d2c,25/06/2023 23:50:52,ESCANER
16223,"Huehuetenango",13,"Concepción Huista",22,2398,320,,,,,,,,,,,,,,,,,,0,,,
16224,"Huehuetenango",13,"Concepción Huista",22,2399,342,28,61,19,36,144,5,5,154,0,154,--,339,185,144,154,154,Algún campo sin dato,1,170d1824a99f416b3b8bed1f492fa30a7a111d06fe93c5775a64c225041ee3ab,25/06/2023 22:11:18,ESCANER
16225,"Huehuetenango",13,"Concepción Huista",22,2400,363,108,36,30,39,213,13,4,230,0,230,--,361,131,213,230,230,Algún campo sin dato,1,f264cc16ea153eefb686471307f128a971812d05ce1a9cde8639ada826214547,26/06/2023 00:08:07,ESCANER
16226,"Huehuetenango",13,"Concepción Huista",22,2400,362,101,22,27,37,187,1,3,191,0,191,--,362,171,187,191,191,Algún campo sin dato,1,eaa0393a6cdd1ab8efc41853dffbaa95bd3237155551ce2eead73d0576b45e1f,26/06/2023 00:17:43,MOVIL
16227,"Huehuetenango",13,"Concepción Huista",22,2401,380,,,,,,,,,,,,,,,,,,0,,,
16228,"Huehuetenango",13,"Concepción Huista",22,2401,380,,,,,,,,,,,,,,,,,,0,,,
16229,"Huehuetenango",13,"Concepción Huista",22,2401,380,68,81,24,17,190,9,4,203,0,203,--,--,--,190,203,203,Algún campo sin dato,1,c826163c28a52fa057cad6e2bba75ef29965ed3b3e2a5927cd4b8c8c33cda36c,25/06/2023 22:15:22,ESCANER
16230,"Huehuetenango",13,"Concepción Huista",22,2401,357,60,80,23,22,185,2,5,192,--,192,--,357,162,185,192,192,Algún campo sin dato,1,22104892589263b144f5b03ca0a8aa2d459a4e427a1fa21800784e5ef0762524,26/06/2023 00:07:11,ESCANER
16231,"Huehuetenango",13,"Concepción Huista",22,2401,357,63,76,35,20,194,0,6,200,0,200,--,357,157,194,200,200,Algún campo sin dato,1,6d1efb4bce1f7b2a5e85c5ae9a7e31984fb1ae454ced21c4463c4ad807b0303e,26/06/2023 00:22:13,ESCANER
16232,"Huehuetenango",13,"Concepción Huista",22,2402,380,110,40,42,23,215,8,11,234,0,234,--,380,146,215,234,234,Algún campo sin dato,1,13d114124762791da11bf990c5a86dd3e916cd4832fe55934364adf7224086d3,25/06/2023 23:19:53,ESCANER
16233,"Huehuetenango",13,"Concepción Huista",22,2402,265,61,24,30,19,134,3,4,141,0,141,--,265,124,134,141,141,Algún campo sin dato,1,89ebd4ac37fa432c902f05cd38aa8f4603a3de336aa87be5472619a9d46ceb48,25/06/2023 22:52:15,ESCANER
16234,"Huehuetenango",13,"Concepción Huista",22,2402,265,83,31,21,15,150,1,3,154,0,154,--,265,111,150,154,154,Algún campo sin dato,1,1a04dbf61dd0e657a9251a7ae283851f95e8679cd8a18bbd5bab34dd6a5d5768,25/06/2023 22:42:46,ESCANER
16235,"Huehuetenango",13,"Concepción Huista",22,2403,380,,,,,,,,,,,,,,,,,,0,,,
16236,"Huehuetenango",13,"Concepción Huista",22,2403,380,,,,,,,,,,,,,,,,,,0,,,
16237,"Huehuetenango",13,"Concepción Huista",22,2403,202,,,,,,,,,,,,,,,,,,0,,,
16238,"Huehuetenango",13,"Concepción Huista",22,2403,202,,,,,,,,,,,,,,,,,,0,,,
16239,"Huehuetenango",13,"Concepción Huista",22,2404,380,,,,,,,,,,,,,,,,,,0,,,
16240,"Huehuetenango",13,"Concepción Huista",22,2404,225,38,44,2,21,105,5,3,113,0,113,--,225,112,105,113,113,Algún campo sin dato,1,cb26eb27ce6ed4297b1a8421346b68f5f19d69a4b9ecce7712c027a87cf67f69,25/06/2023 21:49:21,MOVIL
16241,"Huehuetenango",13,"Concepción Huista",22,2404,224,29,26,4,26,85,5,4,94,0,94,--,224,130,85,94,94,Algún campo sin dato,1,327970bf7db0019311118c112514f200de4de655c301c81a77183d9632da0d44,25/06/2023 21:20:11,MOVIL
16242,"Huehuetenango",13,"Concepción Huista",22,2405,304,5,6,1,4,16,1,0,17,0,17,--,304,287,16,17,17,Algún campo sin dato,1,0ea98a761fd52a80651f5bbc597d67be18ca2f5311f7dcb116c01a5e9bd2293d,25/06/2023 19:34:41,ESCANER