﻿TIPO_DE_ELECCIÓN:,CORPORACIÓN MUNICIPAL
26 junio 2023 00:25 (UTC -6)
ACTAS_ESPERADAS,ACTAS_CAPTURADAS,PORCENTAJE_ACTAS_CAPTURADAS,ACTAS_CONTABILIZADAS,PORCENTAJE_ACTAS_CONTABILIZADAS,ACTAS_NO_CONTABILIZADAS,LISTA_NOMINAL_ACTAS_CONTABILIZADAS,VOTOS_EMITIDOS_CONTABILIZADAS,PORCENTAJE_PARTICIPACIÓN_CIUDADANA
8,5,62.5000,5,62.5000,0,1936,1620,83.6776

MESA,DEPARTAMENTO,ID_DEPARTAMENTO,MUNICIPIO,ID_MUNICIPIO,CENTRO_DE_VOTACIÓN,PADRÓN,UNE,CABAL,U R N G - MAIZ,VICTORIA,VAMOS,VALOR UNIONISTA,VÁLIDOS,NULOS,BLANCO,EMITIDOS,INVÁLIDOS,TOTAL,IMPUGNACIONES,PAPELETAS-RECIBIDAS,PAPELETAS-NO-USADAS,VALIDOS_CALCULADO,EMITIDOS_CALCULADO,TOTAL_CALCULADO,OBSERVACIONES,CONTABILIZADA,CÓDIGO_INTEGRIDAD,FECHA_HORA_PUBLICACIÓN,DIGITALIZACIÓN
9521,"Sololá",7,"Santa Catarina Palopó",11,1182,400,119,175,13,2,6,20,335,3,5,343,0,343,--,401,58,335,343,343,Algún campo sin dato,1,dc25cf5d67d1b86a7f7b3b5b40293bdf2cb9a45760a59f9fffe77e34e6974d96,25/06/2023 23:36:41,ESCANER
9522,"Sololá",7,"Santa Catarina Palopó",11,1182,400,,,,,,,,,,,,,,,,,,,,0,,,
9523,"Sololá",7,"Santa Catarina Palopó",11,1182,400,124,160,16,1,5,27,333,5,7,345,0,345,--,400,55,333,345,345,Algún campo sin dato,1,f124c30e8d65edbb451949677bd8a461e80deddbd240d5749c3a39197ce368b6,26/06/2023 00:17:33,ESCANER
9524,"Sololá",7,"Santa Catarina Palopó",11,1182,400,,,,,,,,,,,,,,,,,,,,0,,,
9525,"Sololá",7,"Santa Catarina Palopó",11,1182,400,112,160,18,3,2,16,311,4,3,318,82,400,--,--,--,311,318,400,Algún campo sin dato,1,a9d880b6c250bf731c60a7d2a9e67aa45b0844aa48ec7350e284e24da1cc2625,25/06/2023 23:16:56,ESCANER
9526,"Sololá",7,"Santa Catarina Palopó",11,1182,400,,,,,,,,,,,,,,,,,,,,0,,,
9527,"Sololá",7,"Santa Catarina Palopó",11,1182,368,121,145,13,2,3,20,304,2,0,306,0,306,--,366,60,304,306,306,Algún campo sin dato,1,5e78f1e51499f502ce9477eb8a4b8a49042e435350b03e9a8da57babcf6474a5,26/06/2023 00:06:37,ESCANER
9528,"Sololá",7,"Santa Catarina Palopó",11,1182,368,136,136,12,1,2,18,295,0,3,298,0,298,--,363,58,305,308,308,Sumas Asentadas sin cuadrar,1,8aca7784bddda476474eb9829cd43a02251edc39a80f1b3aeca777b0fde8b0ff,26/06/2023 00:17:50,ESCANER