﻿TIPO_DE_ELECCIÓN:,CORPORACIÓN MUNICIPAL
26 junio 2023 00:25 (UTC -6)
ACTAS_ESPERADAS,ACTAS_CAPTURADAS,PORCENTAJE_ACTAS_CAPTURADAS,ACTAS_CONTABILIZADAS,PORCENTAJE_ACTAS_CONTABILIZADAS,ACTAS_NO_CONTABILIZADAS,LISTA_NOMINAL_ACTAS_CONTABILIZADAS,VOTOS_EMITIDOS_CONTABILIZADAS,PORCENTAJE_PARTICIPACIÓN_CIUDADANA
93,45,48.3870,45,48.3870,0,16060,8210,51.1207

MESA,DEPARTAMENTO,ID_DEPARTAMENTO,MUNICIPIO,ID_MUNICIPIO,CENTRO_DE_VOTACIÓN,PADRÓN,TODOS,UNE,CABAL,MLP,VAMOS,PODEMOS,VIVA,VOS,AZUL,VALOR UNIONISTA,VÁLIDOS,NULOS,BLANCO,EMITIDOS,INVÁLIDOS,TOTAL,IMPUGNACIONES,PAPELETAS-RECIBIDAS,PAPELETAS-NO-USADAS,VALIDOS_CALCULADO,EMITIDOS_CALCULADO,TOTAL_CALCULADO,OBSERVACIONES,CONTABILIZADA,CÓDIGO_INTEGRIDAD,FECHA_HORA_PUBLICACIÓN,DIGITALIZACIÓN
18355,"Baja Verapaz",15,"Cubulco",4,2813,400,72,52,7,6,20,3,3,1,10,28,202,20,6,228,0,228,--,--,--,202,228,228,Algún campo sin dato,1,e7c8ac363afa083b769ad5b0d2cc2df72c04095039fe07a3bf2ee753f569c6b6,25/06/2023 23:17:36,ESCANER
18356,"Baja Verapaz",15,"Cubulco",4,2813,400,,,,,,,,,,,,,,,,,,,,,,,,0,,,
18357,"Baja Verapaz",15,"Cubulco",4,2813,400,,,,,,,,,,,,,,,,,,,,,,,,0,,,
18358,"Baja Verapaz",15,"Cubulco",4,2813,400,,,,,,,,,,,,,,,,,,,,,,,,0,,,
18359,"Baja Verapaz",15,"Cubulco",4,2813,400,,,,,,,,,,,,,,,,,,,,,,,,0,,,
18360,"Baja Verapaz",15,"Cubulco",4,2813,400,58,79,5,5,18,6,1,0,8,25,205,15,1,221,0,221,--,400,179,205,221,221,Algún campo sin dato,1,f931ed8d52f48f90f87be7bd6f3408ec4bd34a4468e9c2d07e3f18a7066339ea,25/06/2023 23:38:58,ESCANER
18361,"Baja Verapaz",15,"Cubulco",4,2813,400,74,56,6,4,17,2,2,0,6,26,193,15,6,214,0,214,--,400,186,193,214,214,Algún campo sin dato,1,2912e777cf8a141fdeddf21bbb0180c474da273a195f69643ecc6495a42462e4,26/06/2023 00:18:40,ESCANER
18362,"Baja Verapaz",15,"Cubulco",4,2813,400,,,,,,,,,,,,,,,,,,,,,,,,0,,,
18363,"Baja Verapaz",15,"Cubulco",4,2813,379,,,,,,,,,,,,,,,,,,,,,,,,0,,,
18364,"Baja Verapaz",15,"Cubulco",4,2813,379,,,,,,,,,,,,,,,,,,,,,,,,0,,,
18365,"Baja Verapaz",15,"Cubulco",4,2814,400,,,,,,,,,,,,,,,,,,,,,,,,0,,,
18366,"Baja Verapaz",15,"Cubulco",4,2814,400,,,,,,,,,,,,,,,,,,,,,,,,0,,,
18367,"Baja Verapaz",15,"Cubulco",4,2814,400,,,,,,,,,,,,,,,,,,,,,,,,0,,,
18368,"Baja Verapaz",15,"Cubulco",4,2814,318,37,38,6,2,19,2,1,1,5,36,147,6,1,154,0,154,--,318,164,147,154,154,Algún campo sin dato,1,e560c34a88aca96987ce34c1dc95f4a8f090c20caf35cc08ce9014e2c499e8ec,25/06/2023 23:30:39,ESCANER
18369,"Baja Verapaz",15,"Cubulco",4,2814,317,,,,,,,,,,,,,,,,,,,,,,,,0,,,
18370,"Baja Verapaz",15,"Cubulco",4,2815,400,,,,,,,,,,,,,,,,,,,,,,,,0,,,
18371,"Baja Verapaz",15,"Cubulco",4,2815,400,56,65,16,8,26,5,0,1,4,41,222,20,7,249,0,249,--,400,151,222,249,249,Algún campo sin dato,1,5c0344286f6e209beb41c764faba2754753d6404d3d4c5a96e4be88fa3306161,25/06/2023 22:47:16,ESCANER
18372,"Baja Verapaz",15,"Cubulco",4,2815,400,,,,,,,,,,,,,,,,,,,,,,,,0,,,
18373,"Baja Verapaz",15,"Cubulco",4,2815,400,63,92,8,9,19,3,0,3,8,34,239,22,7,268,0,268,--,400,132,239,268,268,Algún campo sin dato,1,06b4b012944bce0876212c5fc43b77195d6bb388c1a81d77d3ba3bf3f465d8a0,25/06/2023 22:29:13,ESCANER
18374,"Baja Verapaz",15,"Cubulco",4,2815,400,,,,,,,,,,,,,,,,,,,,,,,,0,,,
18375,"Baja Verapaz",15,"Cubulco",4,2815,400,84,42,4,1,54,9,5,1,4,50,254,20,2,276,0,276,--,400,124,254,276,276,Algún campo sin dato,1,43ed0ae5423fd3227d284d8822e5b640a8bd3f4f3ee7cd10a920a701babb3c25,26/06/2023 00:20:27,ESCANER
18376,"Baja Verapaz",15,"Cubulco",4,2815,400,72,43,9,2,44,8,0,3,5,41,227,12,5,244,0,244,--,400,156,227,244,244,Algún campo sin dato,1,15433ab75d50a5603f7b47ca34f37f38bda3eeac0ba8de838bdf5b24073a5840,25/06/2023 23:30:48,ESCANER
18377,"Baja Verapaz",15,"Cubulco",4,2815,400,,,,,,,,,,,,,,,,,,,,,,,,0,,,
18378,"Baja Verapaz",15,"Cubulco",4,2815,400,53,42,13,0,20,5,0,1,5,40,179,7,1,187,0,187,--,400,213,179,187,187,Algún campo sin dato,1,2a38585de4257a9f66975cb6626d5d39d159ecd1b8e6bdf5505e1f3bfc5ad90e,25/06/2023 22:21:34,ESCANER
18379,"Baja Verapaz",15,"Cubulco",4,2815,400,67,56,8,4,41,4,1,1,4,50,236,8,2,246,0,246,--,400,154,236,246,246,Algún campo sin dato,1,c316d97e0b39d637a9d3dd4f01384af519777cbc474679890f947323a107b0a7,26/06/2023 00:17:11,ESCANER
18380,"Baja Verapaz",15,"Cubulco",4,2815,400,60,43,5,2,35,4,1,3,5,43,201,13,3,217,0,217,--,400,183,201,217,217,Algún campo sin dato,1,20fff7c772fcf1e1bfb321d3eb8db54d1ac8b83fc40e4ae0ea24f205bda29453,25/06/2023 23:00:31,ESCANER
18381,"Baja Verapaz",15,"Cubulco",4,2815,400,55,40,8,2,34,3,2,4,5,29,182,10,0,192,0,192,--,400,208,182,192,192,Algún campo sin dato,1,b04e397863a9bc94fe6f432c74e1d06e802ac38c3c51bcd73709ea79afcea829,25/06/2023 22:25:36,ESCANER
18382,"Baja Verapaz",15,"Cubulco",4,2815,400,54,43,5,5,33,2,1,0,6,28,177,7,0,184,0,184,--,400,216,177,184,184,Algún campo sin dato,1,450b5f24a9b13ae77a845c551bfbbbac938393c46d8c935f54395e797a7cb160,25/06/2023 22:55:21,ESCANER
18383,"Baja Verapaz",15,"Cubulco",4,2815,400,60,41,7,4,28,1,1,1,3,32,178,9,1,188,0,188,--,400,212,178,188,188,Algún campo sin dato,1,b3abd5ba7bc7c19aea47c0079be8f1c81782dbc7420af8e095e7a7bbf1081a34,25/06/2023 23:22:39,ESCANER
18384,"Baja Verapaz",15,"Cubulco",4,2815,323,51,25,1,1,26,4,1,4,6,37,156,1,1,0,0,158,--,323,165,156,158,158,Algún campo sin dato,1,6eb83e5afeaa1b7273a0ade5967f60adede1c40459d29701847af5e7b6a74659,25/06/2023 23:30:04,ESCANER
18385,"Baja Verapaz",15,"Cubulco",4,2815,322,,,,,,,,,,,,,,,,,,,,,,,,0,,,
18386,"Baja Verapaz",15,"Cubulco",4,2816,400,62,54,10,1,26,2,0,3,9,33,200,22,10,232,0,232,--,400,168,200,232,232,Algún campo sin dato,1,5825e45551a8de142d749b0ee3e9ae6c2bd461365b2fec78a10acff78c186aa3,25/06/2023 23:35:02,ESCANER
18387,"Baja Verapaz",15,"Cubulco",4,2816,400,,,,,,,,,,,,,,,,,,,,,,,,0,,,
18388,"Baja Verapaz",15,"Cubulco",4,2816,400,,,,,,,,,,,,,,,,,,,,,,,,0,,,
18389,"Baja Verapaz",15,"Cubulco",4,2816,400,,,,,,,,,,,,,,,,,,,,,,,,0,,,
18390,"Baja Verapaz",15,"Cubulco",4,2816,400,59,63,6,3,23,1,1,5,4,28,193,12,1,206,0,206,--,400,194,193,206,206,Algún campo sin dato,1,cf8bbb5e2680aa54823cf294138feb8cb7cd97e55c1b1f83af3be255d74dc592,26/06/2023 00:16:24,ESCANER
18391,"Baja Verapaz",15,"Cubulco",4,2816,301,64,35,6,2,11,1,0,0,1,18,138,3,0,141,0,141,--,301,160,138,141,141,Algún campo sin dato,1,d6e479f27799f64f9cfeddf4fc0096de4211f4e505f9a59014c9417a714f8493,26/06/2023 00:21:46,ESCANER
18392,"Baja Verapaz",15,"Cubulco",4,2816,301,64,37,2,1,8,1,1,0,5,23,142,8,0,150,0,150,--,301,151,142,150,150,Algún campo sin dato,1,367fd5bd2ce3118af987d8bf40b447ebaed1d4c8fbdf1e83226394f24894f771,25/06/2023 23:48:18,ESCANER
18393,"Baja Verapaz",15,"Cubulco",4,2817,380,,,,,,,,,,,,,,,,,,,,,,,,0,,,
18394,"Baja Verapaz",15,"Cubulco",4,2817,380,,,,,,,,,,,,,,,,,,,,,,,,0,,,
18395,"Baja Verapaz",15,"Cubulco",4,2817,380,23,7,27,1,107,2,2,2,2,30,203,13,9,225,0,225,--,380,155,203,225,225,Algún campo sin dato,1,60c51580d1ab297230ba28be67bb3e8bd176955d4b3312abc155ed0965f88bfd,26/06/2023 00:24:25,ESCANER
18396,"Baja Verapaz",15,"Cubulco",4,2817,380,13,14,19,1,74,2,1,0,2,50,176,11,3,190,0,190,1,380,189,176,190,190,,1,c6b261f2f91e0095548adc0dc6c026acac7b3fb34b07ab6d3b5fa9248522b427,25/06/2023 23:17:38,ESCANER
18397,"Baja Verapaz",15,"Cubulco",4,2817,222,15,3,14,0,50,0,1,1,1,25,110,3,2,115,0,115,--,222,107,110,115,115,Algún campo sin dato,1,ee552623e9003a09ee3f0496d9942a0cf703cedf1ab351bf9bf245f67470eb39,25/06/2023 22:37:00,ESCANER
18398,"Baja Verapaz",15,"Cubulco",4,2817,221,11,12,6,0,42,0,0,1,1,21,94,2,1,97,0,97,--,221,124,94,97,97,Algún campo sin dato,1,e37fec2a8f6213caf84f6394de78fcbd0cead9ae691137c4365becdacbd89925,25/06/2023 23:54:04,ESCANER
18399,"Baja Verapaz",15,"Cubulco",4,2818,380,,,,,,,,,,,,,,,,,,,,,,,,0,,,
18400,"Baja Verapaz",15,"Cubulco",4,2818,380,,,,,,,,,,,,,,,,,,,,,,,,0,,,
18401,"Baja Verapaz",15,"Cubulco",4,2818,380,,,,,,,,,,,,,,,,,,,,,,,,0,,,
18402,"Baja Verapaz",15,"Cubulco",4,2818,380,,,,,,,,,,,,,,,,,,,,,,,,0,,,
18403,"Baja Verapaz",15,"Cubulco",4,2818,380,,,,,,,,,,,,,,,,,,,,,,,,0,,,
18404,"Baja Verapaz",15,"Cubulco",4,2818,380,,,,,,,,,,,,,,,,,,,,,,,,0,,,
18405,"Baja Verapaz",15,"Cubulco",4,2818,335,,,,,,,,,,,,,,,,,,,,,,,,0,,,
18406,"Baja Verapaz",15,"Cubulco",4,2818,334,,,,,,,,,,,,,,,,,,,,,,,,0,,,
18407,"Baja Verapaz",15,"Cubulco",4,2819,380,,,,,,,,,,,,,,,,,,,,,,,,0,,,
18408,"Baja Verapaz",15,"Cubulco",4,2819,380,,,,,,,,,,,,,,,,,,,,,,,,0,,,
18409,"Baja Verapaz",15,"Cubulco",4,2819,380,,,,,,,,,,,,,,,,,,,,,,,,0,,,
18410,"Baja Verapaz",15,"Cubulco",4,2819,234,75,37,2,1,3,1,0,0,1,4,124,1,1,126,0,126,--,234,108,124,126,126,Algún campo sin dato,1,a39cb2b10a46bc579e94d0d5e620c38f2dbe02ef05b1f5c95571dda70bca7643,26/06/2023 00:09:58,ESCANER
18411,"Baja Verapaz",15,"Cubulco",4,2819,234,,,,,,,,,,,,,,,,,,,,,,,,0,,,
18412,"Baja Verapaz",15,"Cubulco",4,2820,380,65,20,16,18,32,5,0,0,4,14,174,11,14,199,0,199,0,380,181,174,199,199,,1,805f78fd3398007947a6e7705ebe91d98f5bfb98ccf9281d6ad91390421f59dd,26/06/2023 00:05:46,ESCANER
18413,"Baja Verapaz",15,"Cubulco",4,2820,380,48,15,29,14,41,4,1,0,4,18,174,17,17,208,0,208,--,380,172,174,208,208,Algún campo sin dato,1,3b809cf8970ff8af246df77e3fa5bed8f88ec1cea288c43c89ec5c8cc57bce0b,25/06/2023 23:45:10,ESCANER
18414,"Baja Verapaz",15,"Cubulco",4,2820,380,55,29,16,18,28,1,2,1,6,25,181,21,5,207,0,207,--,379,172,181,207,207,Algún campo sin dato,1,7727b9e7713f9345cec9eb7a2335a8ceb02ebe8447c2b89702f0841340421b64,25/06/2023 23:06:46,ESCANER
18415,"Baja Verapaz",15,"Cubulco",4,2820,342,36,17,30,20,20,1,1,2,1,10,138,12,4,154,0,154,--,345,191,138,154,154,Algún campo sin dato,1,589fca072e8a26d7399ef4003285cd586e0b3d9ee0f47e42224944877374d458,25/06/2023 22:31:43,ESCANER
18416,"Baja Verapaz",15,"Cubulco",4,2820,342,67,29,7,8,22,0,0,0,2,8,143,6,3,152,0,152,--,342,190,143,152,152,Algún campo sin dato,1,f9ed867364ca317b56b5ae3798fe88501a2ab7a0a3055f0ccea20f019fdb9094,25/06/2023 23:13:49,ESCANER
18417,"Baja Verapaz",15,"Cubulco",4,2821,380,,,,,,,,,,,,,,,,,,,,,,,,0,,,
18418,"Baja Verapaz",15,"Cubulco",4,2821,380,,,,,,,,,,,,,,,,,,,,,,,,0,,,
18419,"Baja Verapaz",15,"Cubulco",4,2821,380,56,66,2,17,7,9,0,0,23,10,190,15,5,210,0,210,--,377,167,190,210,210,Algún campo sin dato,1,4f866daa8757d591510534e2741a4db3cdb69b35aa39dd3d4055aca6f182326d,25/06/2023 23:44:00,ESCANER
18420,"Baja Verapaz",15,"Cubulco",4,2821,273,43,38,1,5,4,10,0,0,13,4,118,20,4,142,0,142,--,273,131,118,142,142,Algún campo sin dato,1,f70791cc2acf639b774733cdebb959e3c7719000641f2df20dcd3a88a66c7891,26/06/2023 00:24:31,ESCANER
18421,"Baja Verapaz",15,"Cubulco",4,2821,272,,,,,,,,,,,,,,,,,,,,,,,,0,,,
18422,"Baja Verapaz",15,"Cubulco",4,2822,380,70,18,10,3,26,2,1,0,11,10,151,13,10,174,0,174,--,380,206,151,174,174,Algún campo sin dato,1,12958a09b5d5484630469af85d632e33dd94345ee5958de356b8c74782b198e7,25/06/2023 23:04:06,ESCANER
18423,"Baja Verapaz",15,"Cubulco",4,2822,380,,,,,,,,,,,,,,,,,,,,,,,,0,,,
18424,"Baja Verapaz",15,"Cubulco",4,2822,380,,,,,,,,,,,,,,,,,,,,,,,,0,,,
18425,"Baja Verapaz",15,"Cubulco",4,2822,380,,,,,,,,,,,,,,,,,,,,,,,,0,,,
18426,"Baja Verapaz",15,"Cubulco",4,2822,297,,,,,,,,,,,,,,,,,,,,,,,,0,,,
18427,"Baja Verapaz",15,"Cubulco",4,2822,297,40,23,7,0,29,2,0,0,6,4,111,12,4,127,0,127,--,297,170,111,127,127,Algún campo sin dato,1,3926befefddd146a41fa44ff4a9f6a4ac9020a53ac5b0fef136875aa0122f728,25/06/2023 23:39:35,ESCANER
18428,"Baja Verapaz",15,"Cubulco",4,2823,380,35,26,28,62,24,1,2,0,8,21,207,22,11,240,0,240,--,380,140,207,240,240,Algún campo sin dato,1,8bbb93d8fc6e5ac208af18a87b09fe77841820f4a59f4258e5d67a2b30ae461b,25/06/2023 23:14:23,ESCANER
18429,"Baja Verapaz",15,"Cubulco",4,2823,287,29,19,16,29,22,1,0,0,10,10,136,22,15,173,0,173,--,287,111,136,173,173,Algún campo sin dato,1,6e891f334f2a0569d9a2db3d1cbfdf9a01b3a4adfbc6e5cd85bbf51981618c69,26/06/2023 00:16:25,ESCANER
18430,"Baja Verapaz",15,"Cubulco",4,2823,287,24,9,14,42,14,1,0,0,4,12,120,9,3,132,0,132,1,287,154,120,132,132,,1,64f28ba82d3015dbf30557f0643c3b113c957a078c3a2ee19592578a9a1b34b3,25/06/2023 22:38:17,ESCANER
18431,"Baja Verapaz",15,"Cubulco",4,2824,380,10,42,45,3,36,2,1,0,1,53,193,20,9,222,0,222,--,380,158,193,222,222,Algún campo sin dato,1,6f7c5bbf89525d09a6a7f5eec98a82cee41e551356f64a81dd72f6ec2f6d6cfc,25/06/2023 23:31:30,ESCANER
18432,"Baja Verapaz",15,"Cubulco",4,2824,380,8,26,63,1,35,1,0,1,1,60,196,24,10,230,0,230,--,380,150,196,230,230,Algún campo sin dato,1,30f3261065cf90b8af77d05989ab3f9688b16219de78e1c493a1a1aeb7eed09b,26/06/2023 00:22:51,ESCANER
18433,"Baja Verapaz",15,"Cubulco",4,2824,369,15,28,71,3,22,1,0,0,2,34,176,8,5,189,0,189,--,370,181,176,189,189,Algún campo sin dato,1,f71866b95539b75af3a8cca993903990c8b0970eb8cc83c39505d5381b8fe3b1,25/06/2023 23:09:14,ESCANER
18434,"Baja Verapaz",15,"Cubulco",4,2824,369,5,26,59,1,10,4,1,0,5,44,155,5,1,161,0,161,--,366,205,155,161,161,Algún campo sin dato,1,a2d77fe76095bb88a5d24cfd61f7888a33a44cb83703859ec64ce804f84c7b10,25/06/2023 23:01:47,ESCANER
18435,"Baja Verapaz",15,"Cubulco",4,2825,286,,,,,,,,,,,,,,,,,,,,,,,,0,,,
18436,"Baja Verapaz",15,"Cubulco",4,2825,286,,,,,,,,,,,,,,,,,,,,,,,,0,,,
18437,"Baja Verapaz",15,"Cubulco",4,2826,380,99,72,5,2,19,1,1,0,3,8,210,22,8,240,0,240,--,380,140,210,240,240,Algún campo sin dato,1,a68928d1b2315952a561a0d9ffd0df92195bbd1066878d322165ee18188a45be,25/06/2023 23:52:31,ESCANER
18438,"Baja Verapaz",15,"Cubulco",4,2826,380,,,,,,,,,,,,,,,,,,,,,,,,0,,,
18439,"Baja Verapaz",15,"Cubulco",4,2826,252,69,27,2,0,10,0,1,0,1,4,114,11,4,129,0,129,--,253,124,114,129,129,Algún campo sin dato,1,fc0d149a9e92b9d9e0b1bfd961976bfe00f945ceff018617084fb0d3f5cfdd42,25/06/2023 22:35:20,ESCANER
18440,"Baja Verapaz",15,"Cubulco",4,2826,252,68,26,1,1,10,2,0,0,1,4,113,3,2,118,0,118,--,252,134,113,118,118,Algún campo sin dato,1,a4e641790183b42daff918440e65d5b0a50870466f43629460b53727c8266c37,25/06/2023 23:06:58,ESCANER
18441,"Baja Verapaz",15,"Cubulco",4,2827,380,,,,,,,,,,,,,,,,,,,,,,,,0,,,
18442,"Baja Verapaz",15,"Cubulco",4,2827,380,,,,,,,,,,,,,,,,,,,,,,,,0,,,
18443,"Baja Verapaz",15,"Cubulco",4,2827,380,,,,,,,,,,,,,,,,,,,,,,,,0,,,
18444,"Baja Verapaz",15,"Cubulco",4,2827,242,,,,,,,,,,,,,,,,,,,,,,,,0,,,
18445,"Baja Verapaz",15,"Cubulco",4,2827,242,,,,,,,,,,,,,,,,,,,,,,,,0,,,
18446,"Baja Verapaz",15,"Cubulco",4,2828,445,13,10,3,1,7,2,0,2,5,6,49,4,2,55,0,55,--,445,390,49,55,55,Algún campo sin dato,1,7ed4ad685edda03c8341305cfff4e9459ba6890987487356004c0cef587a2075,25/06/2023 23:05:16,ESCANER
18447,"Baja Verapaz",15,"Cubulco",4,2828,445,14,10,1,0,6,0,0,0,1,6,38,2,0,40,0,40,--,445,405,38,40,40,Algún campo sin dato,1,b796d03568cea82e56360d6c588c6577d05e93386eb33243be9b33e24ea6e9b8,25/06/2023 23:45:05,ESCANER