﻿TIPO_DE_ELECCIÓN:,CORPORACIÓN MUNICIPAL
26 junio 2023 00:25 (UTC -6)
ACTAS_ESPERADAS,ACTAS_CAPTURADAS,PORCENTAJE_ACTAS_CAPTURADAS,ACTAS_CONTABILIZADAS,PORCENTAJE_ACTAS_CONTABILIZADAS,ACTAS_NO_CONTABILIZADAS,LISTA_NOMINAL_ACTAS_CONTABILIZADAS,VOTOS_EMITIDOS_CONTABILIZADAS,PORCENTAJE_PARTICIPACIÓN_CIUDADANA
45,21,46.6666,21,46.6666,0,7852,5171,65.8558

MESA,DEPARTAMENTO,ID_DEPARTAMENTO,MUNICIPIO,ID_MUNICIPIO,CENTRO_DE_VOTACIÓN,PADRÓN,VAMOS,VALOR,UNE,VÁLIDOS,NULOS,BLANCO,EMITIDOS,INVÁLIDOS,TOTAL,IMPUGNACIONES,PAPELETAS-RECIBIDAS,PAPELETAS-NO-USADAS,VALIDOS_CALCULADO,EMITIDOS_CALCULADO,TOTAL_CALCULADO,OBSERVACIONES,CONTABILIZADA,CÓDIGO_INTEGRIDAD,FECHA_HORA_PUBLICACIÓN,DIGITALIZACIÓN
24383,"Jutiapa",22,"Quesada",17,3831,400,,,,,,,,,,,,,,,,,0,,,
24384,"Jutiapa",22,"Quesada",17,3831,400,192,55,10,257,23,8,288,0,288,--,400,112,257,288,288,Algún campo sin dato,1,e7d71e763a3c36f9630e77e643641d6fd6bdc96e620143a635f0adfad663a165,26/06/2023 00:16:09,ESCANER
24385,"Jutiapa",22,"Quesada",17,3831,400,,,,,,,,,,,,,,,,,0,,,
24386,"Jutiapa",22,"Quesada",17,3831,400,203,100,3,306,5,4,315,0,315,--,376,61,306,315,315,Algún campo sin dato,1,eefc8f68ad1e1ea3e512bb85a3a12eed34793706f06207f3ed7e068b470b7522,26/06/2023 00:02:38,ESCANER
24387,"Jutiapa",22,"Quesada",17,3831,400,,,,,,,,,,,,,,,,,0,,,
24388,"Jutiapa",22,"Quesada",17,3831,400,,,,,,,,,,,,,,,,,0,,,
24389,"Jutiapa",22,"Quesada",17,3831,400,,,,,,,,,,,,,,,,,0,,,
24390,"Jutiapa",22,"Quesada",17,3831,400,,,,,,,,,,,,,,,,,0,,,
24391,"Jutiapa",22,"Quesada",17,3831,400,,,,,,,,,,,,,,,,,0,,,
24392,"Jutiapa",22,"Quesada",17,3831,400,177,89,6,272,5,2,279,0,279,--,400,121,272,279,279,Algún campo sin dato,1,cf2e5055d1df910e3f578768c4a309f494ce36a043512654264fde2336763888,25/06/2023 23:49:34,ESCANER
24393,"Jutiapa",22,"Quesada",17,3831,388,,,,,,,,,,,,,,,,,0,,,
24394,"Jutiapa",22,"Quesada",17,3831,388,152,74,0,226,6,1,233,0,233,--,388,155,226,233,233,Algún campo sin dato,1,6d418cd105539542af441acd84ae7228bbb2315c83d62fd09e4f5888d4952965,25/06/2023 23:52:26,ESCANER
24395,"Jutiapa",22,"Quesada",17,3832,400,,,,,,,,,,,,,,,,,0,,,
24396,"Jutiapa",22,"Quesada",17,3832,400,203,92,5,300,18,2,320,0,320,--,400,80,300,320,320,Algún campo sin dato,1,3d362da09a95c8e5f4cd9fb6763639ca2ded1aa0ddb1e8e48ab1c42c70b3dc37,25/06/2023 23:17:42,ESCANER
24397,"Jutiapa",22,"Quesada",17,3832,400,189,100,2,291,14,4,309,0,309,--,400,91,291,309,309,Algún campo sin dato,1,11121da0d8f88c749da7719e66c8a7f3b8a99541f28ba9c8607bc7824f57d58f,25/06/2023 23:58:05,ESCANER
24398,"Jutiapa",22,"Quesada",17,3832,400,,,,,,,,,,,,,,,,,0,,,
24399,"Jutiapa",22,"Quesada",17,3832,400,,,,,,,,,,,,,,,,,0,,,
24400,"Jutiapa",22,"Quesada",17,3832,400,,,,,,,,,,,,,,,,,0,,,
24401,"Jutiapa",22,"Quesada",17,3832,400,160,98,2,260,13,8,281,0,281,--,400,119,260,281,281,Algún campo sin dato,1,8867c4843b1a3de9035ce6e2109f5e732b8c2c53eb8febe00d055b5482e246cb,26/06/2023 00:05:26,ESCANER
24402,"Jutiapa",22,"Quesada",17,3832,400,151,89,2,242,9,1,252,0,252,--,400,148,242,252,252,Algún campo sin dato,1,ef28983ceef272be28687070b44de2009091aaa450078448eb8954e41fb783b7,25/06/2023 23:15:55,ESCANER
24403,"Jutiapa",22,"Quesada",17,3832,358,,,,,,,,,,,,,,,,,0,,,
24404,"Jutiapa",22,"Quesada",17,3832,358,,,,,,,,,,,,,,,,,0,,,
24405,"Jutiapa",22,"Quesada",17,3833,380,,,,,,,,,,,,,,,,,0,,,
24406,"Jutiapa",22,"Quesada",17,3833,380,120,127,3,250,25,10,285,1,286,--,380,95,250,285,286,Algún campo sin dato,1,a69508e4a675aca30e722b643cbf4cd9c89adbaa89deca9a345dfc645ab58b30,25/06/2023 23:57:32,ESCANER
24407,"Jutiapa",22,"Quesada",17,3833,380,,,,,,,,,,,,,,,,,0,,,
24408,"Jutiapa",22,"Quesada",17,3833,380,,,,,,,,,,,,,,,,,0,,,
24409,"Jutiapa",22,"Quesada",17,3833,380,100,168,5,273,13,7,293,0,293,2,380,87,273,293,293,,1,7f8f6f88c54b45a3e6dae7f6730d0ea6125de3521ffd791535fd9f4ee6ac2d1c,26/06/2023 00:19:34,ESCANER
24410,"Jutiapa",22,"Quesada",17,3834,380,,,,,,,,,,,,,,,,,0,,,
24411,"Jutiapa",22,"Quesada",17,3834,380,110,104,1,215,7,2,224,0,224,--,400,176,215,224,224,Algún campo sin dato,1,623c83fc0516fded3aa9e5fe252b9b29f44beba1f642b94e7a4b59dd4db95d37,25/06/2023 23:19:15,ESCANER
24412,"Jutiapa",22,"Quesada",17,3834,380,111,124,2,237,10,5,252,0,252,--,380,128,237,252,252,Algún campo sin dato,1,653d690ba69fcd8b9b9a40443701ac0fab349945fd9e7491dbdbb3901d90f236,25/06/2023 23:11:05,ESCANER
24413,"Jutiapa",22,"Quesada",17,3834,380,100,146,2,248,10,4,262,0,262,--,380,118,248,262,262,Algún campo sin dato,1,cd963fb1062c68f499494b6aa9e42319b2532fc9e2c3b6f86fa0fcdc4cdc21c4,25/06/2023 22:40:07,ESCANER
24414,"Jutiapa",22,"Quesada",17,3835,380,105,140,0,245,11,0,256,0,256,1,380,124,245,256,256,,1,b8ec2fa3e575d4731f8899d73cfe707f05db15bb5fa2025a806c56386b7d11a8,25/06/2023 23:59:05,ESCANER
24415,"Jutiapa",22,"Quesada",17,3835,239,79,87,0,166,4,0,170,0,170,--,239,69,166,170,170,Algún campo sin dato,1,f561d94fd523cd96eace5b669f44ee17a254544b561711180de375a961a964db,25/06/2023 23:00:16,ESCANER
24416,"Jutiapa",22,"Quesada",17,3835,239,50,75,1,126,3,0,129,0,129,--,239,110,126,129,129,Algún campo sin dato,1,6bafa07660d7fb1701f19cb7f1d26b52a0b1e1963f4d155e30ca005622ac90ea,25/06/2023 22:28:58,ESCANER
24417,"Jutiapa",22,"Quesada",17,3836,380,145,55,9,209,26,18,253,0,253,--,380,127,209,253,253,Algún campo sin dato,1,75baa78d08becd6ebff77f179db6f9393f6589cf7f1c88099bf8688e10d261b2,26/06/2023 00:13:22,ESCANER
24418,"Jutiapa",22,"Quesada",17,3836,380,,,,,,,,,,,,,,,,,0,,,
24419,"Jutiapa",22,"Quesada",17,3836,380,162,62,14,238,32,10,280,0,280,--,379,99,238,280,280,Algún campo sin dato,1,8d48eb7d190e661f645d44cbd6640eb6e0298db242d2353d333f34ca14841bb2,25/06/2023 23:42:30,ESCANER
24420,"Jutiapa",22,"Quesada",17,3836,380,,,,,,,,,,,,,,,,,0,,,
24421,"Jutiapa",22,"Quesada",17,3836,380,,,,,,,,,,,,,,,,,0,,,
24422,"Jutiapa",22,"Quesada",17,3836,380,145,67,2,214,14,2,230,0,230,--,380,150,214,230,230,Algún campo sin dato,1,2af9badc97ca126082d6e182d707473d576f6f65b35e314b46c60f5ae5e97a42,26/06/2023 00:21:20,ESCANER
24423,"Jutiapa",22,"Quesada",17,3836,380,,,,,,,,,,,,,,,,,0,,,
24424,"Jutiapa",22,"Quesada",17,3836,300,,,,,,,,,,,,,,,,,0,,,
24425,"Jutiapa",22,"Quesada",17,3836,299,130,45,2,177,4,2,183,0,183,--,299,116,177,183,183,Algún campo sin dato,1,e8114d6881b955eb5c50ddc033327f7ae1cbcdf724f3846da2881a0aa6f0ffaf,25/06/2023 22:49:51,ESCANER
24426,"Jutiapa",22,"Quesada",17,3837,467,,,,,,,,,,,,,,,,,0,,,
24427,"Jutiapa",22,"Quesada",17,3837,467,45,24,2,71,4,2,77,0,77,--,467,390,71,77,77,Algún campo sin dato,1,8c6965521bb5a6039d15c6ab1bd22c3bc0e0d08e752aabcd37e745728c6dade0,25/06/2023 23:35:30,ESCANER