﻿TIPO_DE_ELECCIÓN:,CORPORACIÓN MUNICIPAL
26 junio 2023 00:25 (UTC -6)
ACTAS_ESPERADAS,ACTAS_CAPTURADAS,PORCENTAJE_ACTAS_CAPTURADAS,ACTAS_CONTABILIZADAS,PORCENTAJE_ACTAS_CONTABILIZADAS,ACTAS_NO_CONTABILIZADAS,LISTA_NOMINAL_ACTAS_CONTABILIZADAS,VOTOS_EMITIDOS_CONTABILIZADAS,PORCENTAJE_PARTICIPACIÓN_CIUDADANA
20,2,10.0000,2,10.0000,0,686,403,58.7463

MESA,DEPARTAMENTO,ID_DEPARTAMENTO,MUNICIPIO,ID_MUNICIPIO,CENTRO_DE_VOTACIÓN,PADRÓN,CABAL,AZUL,PODEMOS,UNE,CAMBIO,BIEN,VALOR,VAMOS,FCN-NACION,VIVA,VÁLIDOS,NULOS,BLANCO,EMITIDOS,INVÁLIDOS,TOTAL,IMPUGNACIONES,PAPELETAS-RECIBIDAS,PAPELETAS-NO-USADAS,VALIDOS_CALCULADO,EMITIDOS_CALCULADO,TOTAL_CALCULADO,OBSERVACIONES,CONTABILIZADA,CÓDIGO_INTEGRIDAD,FECHA_HORA_PUBLICACIÓN,DIGITALIZACIÓN
12231,"Suchitepéquez",10,"San Gabriel",12,1658,400,,,,,,,,,,,,,,,,,,,,,,,,0,,,
12232,"Suchitepéquez",10,"San Gabriel",12,1658,400,,,,,,,,,,,,,,,,,,,,,,,,0,,,
12233,"Suchitepéquez",10,"San Gabriel",12,1658,400,,,,,,,,,,,,,,,,,,,,,,,,0,,,
12234,"Suchitepéquez",10,"San Gabriel",12,1658,400,,,,,,,,,,,,,,,,,,,,,,,,0,,,
12235,"Suchitepéquez",10,"San Gabriel",12,1658,400,,,,,,,,,,,,,,,,,,,,,,,,0,,,
12236,"Suchitepéquez",10,"San Gabriel",12,1658,400,,,,,,,,,,,,,,,,,,,,,,,,0,,,
12237,"Suchitepéquez",10,"San Gabriel",12,1658,400,,,,,,,,,,,,,,,,,,,,,,,,0,,,
12238,"Suchitepéquez",10,"San Gabriel",12,1658,400,,,,,,,,,,,,,,,,,,,,,,,,0,,,
12239,"Suchitepéquez",10,"San Gabriel",12,1659,400,,,,,,,,,,,,,,,,,,,,,,,,0,,,
12240,"Suchitepéquez",10,"San Gabriel",12,1659,400,,,,,,,,,,,,,,,,,,,,,,,,0,,,
12241,"Suchitepéquez",10,"San Gabriel",12,1659,400,,,,,,,,,,,,,,,,,,,,,,,,0,,,
12242,"Suchitepéquez",10,"San Gabriel",12,1659,400,,,,,,,,,,,,,,,,,,,,,,,,0,,,
12243,"Suchitepéquez",10,"San Gabriel",12,1659,400,,,,,,,,,,,,,,,,,,,,,,,,0,,,
12244,"Suchitepéquez",10,"San Gabriel",12,1659,400,,,,,,,,,,,,,,,,,,,,,,,,0,,,
12245,"Suchitepéquez",10,"San Gabriel",12,1660,400,,,,,,,,,,,,,,,,,,,,,,,,0,,,
12246,"Suchitepéquez",10,"San Gabriel",12,1660,400,,,,,,,,,,,,,,,,,,,,,,,,0,,,
12247,"Suchitepéquez",10,"San Gabriel",12,1660,400,,,,,,,,,,,,,,,,,,,,,,,,0,,,
12248,"Suchitepéquez",10,"San Gabriel",12,1660,400,33,42,38,9,56,4,5,62,0,3,252,4,0,256,0,256,--,400,144,252,256,256,Algún campo sin dato,1,ee537c98c6af230f476c131992e560449d631fa5d9c3d12c5332342f5fe3dfd9,26/06/2023 00:20:00,ESCANER
12249,"Suchitepéquez",10,"San Gabriel",12,1660,286,,,,,,,,,,,,,,,,,,,,,,,,0,,,
12250,"Suchitepéquez",10,"San Gabriel",12,1660,286,23,23,19,9,32,1,5,27,1,0,140,5,2,147,0,147,--,286,139,140,147,147,Algún campo sin dato,1,e224e826cdb3dd15c16a18f9cb461d71ec4953be10d641dccfca8faaf4dbc0ee,26/06/2023 00:19:31,ESCANER