﻿TIPO_DE_ELECCIÓN:,CORPORACIÓN MUNICIPAL
26 junio 2023 00:25 (UTC -6)
ACTAS_ESPERADAS,ACTAS_CAPTURADAS,PORCENTAJE_ACTAS_CAPTURADAS,ACTAS_CONTABILIZADAS,PORCENTAJE_ACTAS_CONTABILIZADAS,ACTAS_NO_CONTABILIZADAS,LISTA_NOMINAL_ACTAS_CONTABILIZADAS,VOTOS_EMITIDOS_CONTABILIZADAS,PORCENTAJE_PARTICIPACIÓN_CIUDADANA
32,22,68.7500,22,68.7500,0,7786,4688,60.2106

MESA,DEPARTAMENTO,ID_DEPARTAMENTO,MUNICIPIO,ID_MUNICIPIO,CENTRO_DE_VOTACIÓN,PADRÓN,UNE,VIVA,AZUL,MLP,VAMOS,VALOR UNIONISTA,VÁLIDOS,NULOS,BLANCO,EMITIDOS,INVÁLIDOS,TOTAL,IMPUGNACIONES,PAPELETAS-RECIBIDAS,PAPELETAS-NO-USADAS,VALIDOS_CALCULADO,EMITIDOS_CALCULADO,TOTAL_CALCULADO,OBSERVACIONES,CONTABILIZADA,CÓDIGO_INTEGRIDAD,FECHA_HORA_PUBLICACIÓN,DIGITALIZACIÓN
20667,"Petén",17,"San Francisco",6,3211,400,,,,,,,,,,,,,,,,,,,,0,,,
20668,"Petén",17,"San Francisco",6,3211,400,64,6,0,6,170,2,248,12,0,263,0,263,--,400,137,248,260,260,Sumas Asentadas sin cuadrar,1,bf106e9c864190165fae909455fa9d47e12e8aba9db64d78b7c3b388ae4ca707,26/06/2023 00:24:59,ESCANER
20669,"Petén",17,"San Francisco",6,3211,400,,,,,,,,,,,,,,,,,,,,0,,,
20670,"Petén",17,"San Francisco",6,3211,400,,,,,,,,,,,,,,,,,,,,0,,,
20671,"Petén",17,"San Francisco",6,3211,400,73,6,3,9,183,1,275,10,5,290,0,290,--,400,110,275,290,290,Algún campo sin dato,1,9d15a948f4f58a636ae68c42310ecce8e490a43981fa5c24dbb839f9e1aeacf8,26/06/2023 00:03:38,ESCANER
20672,"Petén",17,"San Francisco",6,3212,400,83,4,0,0,133,1,221,12,0,233,0,233,--,397,164,221,233,233,Algún campo sin dato,1,0724a1346b489c4703631fb52c0cad9f5a5bb5f93895cdcff2acb1b0ba24adf5,25/06/2023 22:45:55,ESCANER
20673,"Petén",17,"San Francisco",6,3212,400,59,6,3,3,151,3,225,12,5,242,0,225,--,400,158,225,242,242,Sumas Asentadas sin cuadrar,1,658d7ed27ade5671aa9e81488107b433536c5a03d8b9365b2ac2b6a7aa285e75,25/06/2023 23:38:58,ESCANER
20674,"Petén",17,"San Francisco",6,3212,400,64,4,3,5,142,3,221,18,2,241,0,241,0,400,159,221,241,241,,1,e3e0eba25184b3740503a71e39ea643b6f439607bdc8e837ab830c4b645bb539,25/06/2023 23:44:45,ESCANER
20675,"Petén",17,"San Francisco",6,3213,400,47,4,3,4,154,1,213,10,2,225,0,225,0,400,175,213,225,225,,1,107a539588f38655918e588b0b324165f5ad055d5118e903d12d2192b3bbdd1c,25/06/2023 23:48:35,ESCANER
20676,"Petén",17,"San Francisco",6,3213,400,69,2,2,1,133,1,208,7,0,215,0,215,--,400,185,208,215,215,Algún campo sin dato,1,880e0a60220eaf9760d554195d572ffdc70215a5ea1ea985bca27b2d72b59c29,25/06/2023 22:58:55,ESCANER
20677,"Petén",17,"San Francisco",6,3213,400,59,5,1,2,160,2,229,4,0,233,0,233,--,400,167,229,233,233,Algún campo sin dato,1,b925e7133512082de882cf6d927d80188ae14a14594d28e6f9386d6f3048b8ae,26/06/2023 00:18:38,ESCANER
20678,"Petén",17,"San Francisco",6,3214,400,68,4,1,1,132,2,208,7,3,218,0,218,--,400,182,208,218,218,Algún campo sin dato,1,b22a77645d58791da8c256078d440f2cc52556077b05c426cec5f4a320bc6060,25/06/2023 23:08:03,ESCANER
20679,"Petén",17,"San Francisco",6,3214,400,66,6,0,2,167,2,243,1,3,247,0,247,0,400,153,243,247,247,,1,c4197b339502942be6dbc38cd053dca7f701b0455008e601bc89deec6c03823f,25/06/2023 23:43:13,ESCANER
20680,"Petén",17,"San Francisco",6,3214,251,28,1,0,0,101,2,132,2,1,135,0,135,0,251,116,132,135,135,,1,375ddd4ddd2a308d7fdd338605e0ca884ba0793dc17c475ab660fd71450f64d0,25/06/2023 22:28:09,ESCANER
20681,"Petén",17,"San Francisco",6,3214,251,27,2,0,2,71,0,102,6,1,109,0,109,0,251,142,102,109,109,,1,da0bdc587e9e8bb7547e2873f3b7c3685a7edaa5b3d156762a71b79245d412a5,25/06/2023 22:26:54,ESCANER
20682,"Petén",17,"San Francisco",6,3215,380,,,,,,,,,,,,,,,,,,,,0,,,
20683,"Petén",17,"San Francisco",6,3215,380,56,2,0,0,128,5,191,15,3,209,0,209,--,380,171,191,209,209,Algún campo sin dato,1,6f3df9058f262c3a1e2104261cae48bd9aa9705bff8fa29ebe4ebe90d627406d,25/06/2023 22:44:10,ESCANER
20684,"Petén",17,"San Francisco",6,3215,380,42,1,1,1,160,4,209,14,6,229,0,229,--,380,151,209,229,229,Algún campo sin dato,1,1e0fa8cce86ea1e19d25fccdeee339b34c2098ab9cbb5e7dcc7cfeb47c6c7963,26/06/2023 00:06:34,ESCANER
20685,"Petén",17,"San Francisco",6,3215,380,43,6,1,2,131,2,185,19,3,207,0,207,--,380,173,185,207,207,Algún campo sin dato,1,a3962800c0957aec2a279ec623bfca47f02f9b69e7e1a85fd4eaa9f14d96ebb6,25/06/2023 23:40:34,ESCANER
20686,"Petén",17,"San Francisco",6,3215,275,42,0,1,0,119,4,166,4,1,171,0,171,--,275,104,166,171,171,Algún campo sin dato,1,b9378351d2d0a4fb8d8b12c6682448b3e955df31839a66adf3068fb77fa7ec2f,25/06/2023 23:23:00,ESCANER
20687,"Petén",17,"San Francisco",6,3215,274,32,3,1,2,124,1,163,0,0,163,0,163,--,275,112,163,163,163,Algún campo sin dato,1,ca77b12607c2627ed3d4b9c8e9d7a5389731873ffd7263ab2ea85f35dc801055,25/06/2023 21:55:20,ESCANER
20688,"Petén",17,"San Francisco",6,3216,380,,,,,,,,,,,,,,,,,,,,0,,,
20689,"Petén",17,"San Francisco",6,3216,380,,,,,,,,,,,,,,,,,,,,0,,,
20690,"Petén",17,"San Francisco",6,3216,380,,,,,,,,,,,,,,,,,,,,0,,,
20691,"Petén",17,"San Francisco",6,3216,380,104,3,0,1,108,3,219,9,4,232,0,232,0,380,148,219,232,232,,1,c630cf6113d4a317e64d517ec0e0cb3bfa87037b0af084fb2d12e4dc1be7c0be,25/06/2023 23:18:55,ESCANER
20692,"Petén",17,"San Francisco",6,3216,380,,,,,,,,,,,,,,,,,,,,0,,,
20693,"Petén",17,"San Francisco",6,3216,374,80,2,3,1,125,10,221,5,3,229,0,229,0,374,145,221,229,229,,1,cbc42c08c006e93b7ea6bb411f9ac8543b88b058a8a8bac705d5fd27e2bb85ef,25/06/2023 23:38:19,ESCANER
20694,"Petén",17,"San Francisco",6,3216,374,,,,,,,,,,,,,,,,,,,,0,,,
20695,"Petén",17,"San Francisco",6,3217,380,,,,,,,,,,,,,,,,,,,,0,,,
20696,"Petén",17,"San Francisco",6,3217,380,137,3,3,0,117,0,260,9,2,271,0,271,0,380,109,260,271,271,,1,25c2435c1b41eb1ebaa354e65b1f5337d70029e059ac800c75367f9c6ef6da90,26/06/2023 00:13:24,ESCANER
20697,"Petén",17,"San Francisco",6,3217,231,59,4,0,1,89,0,153,6,0,159,0,159,0,231,72,153,159,159,,1,bfdf73a5f74b6addec5838adacd9729850c128d2f0f87299d51248c5e70b6354,25/06/2023 23:13:44,ESCANER
20698,"Petén",17,"San Francisco",6,3217,230,70,2,0,0,93,0,165,5,0,170,0,170,0,230,60,165,170,170,,1,4e654aa764ddec3ddf638e2f5c967b62b22674916ad0d0b98ac9696282ff871c,25/06/2023 23:08:48,ESCANER