﻿TIPO_DE_ELECCIÓN:,CORPORACIÓN MUNICIPAL
26 junio 2023 00:25 (UTC -6)
ACTAS_ESPERADAS,ACTAS_CAPTURADAS,PORCENTAJE_ACTAS_CAPTURADAS,ACTAS_CONTABILIZADAS,PORCENTAJE_ACTAS_CONTABILIZADAS,ACTAS_NO_CONTABILIZADAS,LISTA_NOMINAL_ACTAS_CONTABILIZADAS,VOTOS_EMITIDOS_CONTABILIZADAS,PORCENTAJE_PARTICIPACIÓN_CIUDADANA
50,22,44.0000,22,44.0000,0,7484,4239,56.6408

MESA,DEPARTAMENTO,ID_DEPARTAMENTO,MUNICIPIO,ID_MUNICIPIO,CENTRO_DE_VOTACIÓN,PADRÓN,VIVA,UNE,VAMOS,CABAL,CAMBIO,PODEMOS,VALOR UNIONISTA,VÁLIDOS,NULOS,BLANCO,EMITIDOS,INVÁLIDOS,TOTAL,IMPUGNACIONES,PAPELETAS-RECIBIDAS,PAPELETAS-NO-USADAS,VALIDOS_CALCULADO,EMITIDOS_CALCULADO,TOTAL_CALCULADO,OBSERVACIONES,CONTABILIZADA,CÓDIGO_INTEGRIDAD,FECHA_HORA_PUBLICACIÓN,DIGITALIZACIÓN
21002,"Petén",17,"Melchor De Mencos",11,3268,400,,,,,,,,,,,,,,,,,,,,,0,,,
21003,"Petén",17,"Melchor De Mencos",11,3268,400,,,,,,,,,,,,,,,,,,,,,0,,,
21004,"Petén",17,"Melchor De Mencos",11,3268,400,,,,,,,,,,,,,,,,,,,,,0,,,
21005,"Petén",17,"Melchor De Mencos",11,3268,400,,,,,,,,,,,,,,,,,,,,,0,,,
21006,"Petén",17,"Melchor De Mencos",11,3268,400,133,28,69,0,1,0,6,237,14,7,258,0,258,--,400,142,237,258,258,Algún campo sin dato,1,8646c97a132755ed50bcd2f25a9d6df55896d28b116959e3694957fd2cb30a95,25/06/2023 22:27:59,ESCANER
21007,"Petén",17,"Melchor De Mencos",11,3268,400,142,24,52,2,1,1,6,228,13,2,243,0,243,--,400,157,228,243,243,Algún campo sin dato,1,73cb63862a2845419739974898f05496ccdf09107fc6ab5e14473464c525af53,25/06/2023 23:08:18,ESCANER
21008,"Petén",17,"Melchor De Mencos",11,3269,400,,,,,,,,,,,,,,,,,,,,,0,,,
21009,"Petén",17,"Melchor De Mencos",11,3269,400,,,,,,,,,,,,,,,,,,,,,0,,,
21010,"Petén",17,"Melchor De Mencos",11,3269,400,,,,,,,,,,,,,,,,,,,,,0,,,
21011,"Petén",17,"Melchor De Mencos",11,3269,400,,,,,,,,,,,,,,,,,,,,,0,,,
21012,"Petén",17,"Melchor De Mencos",11,3269,400,,,,,,,,,,,,,,,,,,,,,0,,,
21013,"Petén",17,"Melchor De Mencos",11,3269,400,,,,,,,,,,,,,,,,,,,,,0,,,
21014,"Petén",17,"Melchor De Mencos",11,3270,400,,,,,,,,,,,,,,,,,,,,,0,,,
21015,"Petén",17,"Melchor De Mencos",11,3270,400,,,,,,,,,,,,,,,,,,,,,0,,,
21016,"Petén",17,"Melchor De Mencos",11,3270,400,128,12,50,6,0,1,1,198,10,0,208,0,208,--,400,192,198,208,208,Algún campo sin dato,1,790276e101bbc84685e467a6950499b7a521d26151abf777d962d9bc5af2be11,25/06/2023 23:20:19,ESCANER
21017,"Petén",17,"Melchor De Mencos",11,3270,400,,,,,,,,,,,,,,,,,,,,,0,,,
21018,"Petén",17,"Melchor De Mencos",11,3270,400,,,,,,,,,,,,,,,,,,,,,0,,,
21019,"Petén",17,"Melchor De Mencos",11,3271,400,,,,,,,,,,,,,,,,,,,,,0,,,
21020,"Petén",17,"Melchor De Mencos",11,3271,400,143,17,66,1,1,0,9,237,10,2,249,0,249,--,400,151,237,249,249,Algún campo sin dato,1,1b7ef963db22bb89b5b3e7c2d908258326dbc24136d7426e7cf15acf1f3e7555,25/06/2023 22:13:01,ESCANER
21021,"Petén",17,"Melchor De Mencos",11,3271,400,134,23,56,4,0,1,5,223,6,2,231,0,231,--,400,169,223,231,231,Algún campo sin dato,1,67c34ef2264dcb9add2000a0e845003ad911465046cf7b0146c6717090bedc13,25/06/2023 23:09:21,ESCANER
21022,"Petén",17,"Melchor De Mencos",11,3271,400,,,,,,,,,,,,,,,,,,,,,0,,,
21023,"Petén",17,"Melchor De Mencos",11,3271,400,143,14,31,4,1,1,6,200,11,1,212,0,212,--,400,188,200,212,212,Algún campo sin dato,1,18e8144e18f2a2e60bacb90a7774a72be7a664b3392788e4df5349011e45e5d5,25/06/2023 23:32:31,ESCANER
21024,"Petén",17,"Melchor De Mencos",11,3271,400,,,,,,,,,,,,,,,,,,,,,0,,,
21025,"Petén",17,"Melchor De Mencos",11,3271,400,,,,,,,,,,,,,,,,,,,,,0,,,
21026,"Petén",17,"Melchor De Mencos",11,3271,400,,,,,,,,,,,,,,,,,,,,,0,,,
21027,"Petén",17,"Melchor De Mencos",11,3271,400,,,,,,,,,,,,,,,,,,,,,0,,,
21028,"Petén",17,"Melchor De Mencos",11,3271,400,,,,,,,,,,,,,,,,,,,,,0,,,
21029,"Petén",17,"Melchor De Mencos",11,3271,400,153,18,72,2,0,0,5,250,7,0,257,0,257,--,400,143,250,257,257,Algún campo sin dato,1,25d80c9364bb5183e11703059844bc581bbee55717e391cf084b18e4d223f4bc,26/06/2023 00:12:10,ESCANER
21030,"Petén",17,"Melchor De Mencos",11,3271,400,144,13,59,0,0,0,1,217,3,2,222,0,222,--,400,178,217,222,222,Algún campo sin dato,1,2937faeff0b90e25aa3c661e1376076940ab51c1ef0cc7d8bfda63d91cec1798,25/06/2023 23:27:10,ESCANER
21031,"Petén",17,"Melchor De Mencos",11,3272,354,86,9,39,1,0,0,1,136,13,4,153,0,153,--,354,201,136,153,153,Algún campo sin dato,1,c85d711bb177fb416b2cc3a1d467e0bb6ee12124e6850315aeeabe60aa36b7a2,26/06/2023 00:15:02,ESCANER
21032,"Petén",17,"Melchor De Mencos",11,3272,354,49,13,35,0,0,0,2,99,10,2,111,0,111,--,351,240,99,111,111,Algún campo sin dato,1,fa56fb5a80091fc6590ed37e518d39a05aa954af457b57f8b6aef02d29693fda,25/06/2023 23:14:37,ESCANER
21033,"Petén",17,"Melchor De Mencos",11,3273,380,137,11,79,1,0,1,1,230,15,2,247,0,247,--,380,133,230,247,247,Algún campo sin dato,1,b12789d75b77def593bbcf31d7e379b11244fc91a8a36ebc7df71ae7a7f03150,25/06/2023 23:11:29,ESCANER
21034,"Petén",17,"Melchor De Mencos",11,3273,380,141,14,61,2,0,1,0,219,13,2,234,0,234,--,380,146,219,234,234,Algún campo sin dato,1,2ca4eb0bc5cdf7a40d1469dcc3b120924b4b6bf53f7a7308d4c7a48a7cd625c5,25/06/2023 22:52:48,ESCANER
21035,"Petén",17,"Melchor De Mencos",11,3273,380,,,,,,,,,,,,,,,,,,,,,0,,,
21036,"Petén",17,"Melchor De Mencos",11,3273,342,124,8,51,0,1,0,1,185,5,5,195,0,195,--,342,147,185,195,195,Algún campo sin dato,1,295075c1bccdebc3a555f7653c2c91df8ac2514532270eb4d24ce576ce5ec24b,25/06/2023 22:48:09,ESCANER
21037,"Petén",17,"Melchor De Mencos",11,3273,341,114,8,56,1,0,0,2,181,10,1,192,0,192,--,341,149,181,192,192,Algún campo sin dato,1,5c7257984a7b62e1267bd198046634c38586f14fd9faad975c1b5e3b95f6856b,25/06/2023 23:24:14,ESCANER
21038,"Petén",17,"Melchor De Mencos",11,3274,380,,,,,,,,,,,,,,,,,,,,,0,,,
21039,"Petén",17,"Melchor De Mencos",11,3274,258,72,26,36,1,1,0,0,136,9,2,147,0,147,--,258,111,136,147,147,Algún campo sin dato,1,70e1a4a3ba0b141f44f52ee73a11dd6c5a978b064f6e92801394015248c6780a,25/06/2023 23:12:39,ESCANER
21040,"Petén",17,"Melchor De Mencos",11,3274,258,99,30,30,0,0,0,1,160,4,2,166,0,166,--,258,92,160,166,166,Algún campo sin dato,1,f64684dea014e05bfe8068226946d3bfd15ebccbf8578d666eaef0c5b825a438,26/06/2023 00:12:14,ESCANER
21041,"Petén",17,"Melchor De Mencos",11,3275,380,,,,,,,,,,,,,,,,,,,,,0,,,
21042,"Petén",17,"Melchor De Mencos",11,3275,312,91,14,41,0,0,0,10,156,20,5,181,0,181,--,312,131,156,181,181,Algún campo sin dato,1,c498f6d727d600883d8cb8d11de6fdf4738a4b8aa7b6be36e59881db21d9f1ae,26/06/2023 00:01:43,ESCANER
21043,"Petén",17,"Melchor De Mencos",11,3275,312,79,7,63,0,0,0,4,153,14,6,173,0,173,--,312,139,153,173,173,Algún campo sin dato,1,16c03ec32c84068102f941ff8ecaad523bb09647626f8feeee4b1a0426f0728a,25/06/2023 23:21:25,ESCANER
21044,"Petén",17,"Melchor De Mencos",11,3276,380,,,,,,,,,,,,,,,,,,,,,0,,,
21045,"Petén",17,"Melchor De Mencos",11,3276,286,71,18,35,0,0,0,1,124,14,3,142,0,142,--,286,144,125,142,142,Sumas Asentadas sin cuadrar,1,44436c4e5d0cedce34ddd93b6f21703030e20fe0fe0348d09213d8ab35cbb76d,26/06/2023 00:13:14,ESCANER
21046,"Petén",17,"Melchor De Mencos",11,3276,285,67,26,43,1,0,0,1,138,10,4,152,0,152,--,285,133,138,152,152,Algún campo sin dato,1,4a627f89d6cd949c2d5ed7c24485f65fcedde1cc455d8f89c2db54bea58c3496,25/06/2023 23:29:26,ESCANER
21047,"Petén",17,"Melchor De Mencos",11,3277,211,58,13,58,1,0,1,1,132,12,1,145,0,145,--,211,66,132,145,145,Algún campo sin dato,1,e0072061cf7250f899a45152d46558dddaa72529e7f2aad7b5cb37258523c32f,25/06/2023 22:46:13,ESCANER
21048,"Petén",17,"Melchor De Mencos",11,3277,211,61,2,43,3,0,0,2,111,9,1,121,0,121,--,211,90,111,121,121,Algún campo sin dato,1,945ae449afd85992dd8c2d6bcea2305d3633529d6422a0971e29a5faa95263db,25/06/2023 22:18:56,ESCANER
21049,"Petén",17,"Melchor De Mencos",11,3278,600,,,,,,,,,,,,,,,,,,,,,0,,,
21050,"Petén",17,"Melchor De Mencos",11,3278,465,,,,,,,,,,,,,,,,,,,,,0,,,
21051,"Petén",17,"Melchor De Mencos",11,3278,465,,,,,,,,,,,,,,,,,,,,,0,,,