﻿TIPO_DE_ELECCIÓN:,CORPORACIÓN MUNICIPAL
26 junio 2023 00:25 (UTC -6)
ACTAS_ESPERADAS,ACTAS_CAPTURADAS,PORCENTAJE_ACTAS_CAPTURADAS,ACTAS_CONTABILIZADAS,PORCENTAJE_ACTAS_CONTABILIZADAS,ACTAS_NO_CONTABILIZADAS,LISTA_NOMINAL_ACTAS_CONTABILIZADAS,VOTOS_EMITIDOS_CONTABILIZADAS,PORCENTAJE_PARTICIPACIÓN_CIUDADANA
33,10,30.3030,10,30.3030,0,3254,1926,59.1886

MESA,DEPARTAMENTO,ID_DEPARTAMENTO,MUNICIPIO,ID_MUNICIPIO,CENTRO_DE_VOTACIÓN,PADRÓN,VAMOS,UNE,AZUL,CABAL,MI FAMILIA,VÁLIDOS,NULOS,BLANCO,EMITIDOS,INVÁLIDOS,TOTAL,IMPUGNACIONES,PAPELETAS-RECIBIDAS,PAPELETAS-NO-USADAS,VALIDOS_CALCULADO,EMITIDOS_CALCULADO,TOTAL_CALCULADO,OBSERVACIONES,CONTABILIZADA,CÓDIGO_INTEGRIDAD,FECHA_HORA_PUBLICACIÓN,DIGITALIZACIÓN
8872,"Santa Rosa",6,"Guazacapán",11,1070,400,,,,,,,,,,,,,,,,,,,0,,,
8873,"Santa Rosa",6,"Guazacapán",11,1070,400,,,,,,,,,,,,,,,,,,,0,,,
8874,"Santa Rosa",6,"Guazacapán",11,1070,400,,,,,,,,,,,,,,,,,,,0,,,
8875,"Santa Rosa",6,"Guazacapán",11,1070,400,,,,,,,,,,,,,,,,,,,0,,,
8876,"Santa Rosa",6,"Guazacapán",11,1070,400,,,,,,,,,,,,,,,,,,,0,,,
8877,"Santa Rosa",6,"Guazacapán",11,1070,400,,,,,,,,,,,,,,,,,,,0,,,
8878,"Santa Rosa",6,"Guazacapán",11,1070,400,,,,,,,,,,,,,,,,,,,0,,,
8879,"Santa Rosa",6,"Guazacapán",11,1071,400,,,,,,,,,,,,,,,,,,,0,,,
8880,"Santa Rosa",6,"Guazacapán",11,1071,400,97,118,10,32,2,259,16,3,278,0,278,--,400,122,259,278,278,Algún campo sin dato,1,98c81272a878d59e752708ac821a7f69453e1d966ae82cc9446d8e5907c6e297,26/06/2023 00:09:34,ESCANER
8881,"Santa Rosa",6,"Guazacapán",11,1071,400,,,,,,,,,,,,,,,,,,,0,,,
8882,"Santa Rosa",6,"Guazacapán",11,1071,400,,,,,,,,,,,,,,,,,,,0,,,
8883,"Santa Rosa",6,"Guazacapán",11,1071,400,,,,,,,,,,,,,,,,,,,0,,,
8884,"Santa Rosa",6,"Guazacapán",11,1071,400,,,,,,,,,,,,,,,,,,,0,,,
8885,"Santa Rosa",6,"Guazacapán",11,1071,400,100,123,9,35,0,267,11,6,284,0,284,--,400,116,267,284,284,Algún campo sin dato,1,ed7f209ebe24eb64e0adc5c01235064d86a19c54f8525fec31fa99da8f4c01c2,26/06/2023 00:21:16,ESCANER
8886,"Santa Rosa",6,"Guazacapán",11,1071,400,,,,,,,,,,,,,,,,,,,0,,,
8887,"Santa Rosa",6,"Guazacapán",11,1072,400,,,,,,,,,,,,,,,,,,,0,,,
8888,"Santa Rosa",6,"Guazacapán",11,1072,235,69,56,3,28,0,156,8,0,164,0,164,--,235,71,156,164,164,Algún campo sin dato,1,9f4f2091b6bb7773c8df25dce491ae5a48fb8a858e651ac9cf6d17d12b4ca612,25/06/2023 22:49:04,ESCANER
8889,"Santa Rosa",6,"Guazacapán",11,1072,234,52,50,5,25,0,132,2,1,135,3,138,--,234,96,132,135,138,Algún campo sin dato,1,3244c20bc339ce3794a9e2f3a8609a2d27dbb46918380a89acbe02e35f596d2d,25/06/2023 23:27:02,ESCANER
8890,"Santa Rosa",6,"Guazacapán",11,1073,400,93,103,9,46,1,252,20,3,275,1,276,--,400,124,252,275,276,Algún campo sin dato,1,6e10d1c83c48670e8cd5cc2bc7321d41f563021cfc83620e87e0a96888d67677,25/06/2023 23:47:47,MOVIL
8891,"Santa Rosa",6,"Guazacapán",11,1073,400,,,,,,,,,,,,,,,,,,,0,,,
8892,"Santa Rosa",6,"Guazacapán",11,1073,400,,,,,,,,,,,,,,,,,,,0,,,
8893,"Santa Rosa",6,"Guazacapán",11,1073,400,,,,,,,,,,,,,,,,,,,0,,,
8894,"Santa Rosa",6,"Guazacapán",11,1073,400,,,,,,,,,,,,,,,,,,,0,,,
8895,"Santa Rosa",6,"Guazacapán",11,1073,400,,,,,,,,,,,,,,,,,,,0,,,
8896,"Santa Rosa",6,"Guazacapán",11,1073,400,,,,,,,,,,,,,,,,,,,0,,,
8897,"Santa Rosa",6,"Guazacapán",11,1073,400,,,,,,,,,,,,,,,,,,,0,,,
8898,"Santa Rosa",6,"Guazacapán",11,1073,400,,,,,,,,,,,,,,,,,,,0,,,
8899,"Santa Rosa",6,"Guazacapán",11,1073,400,,,,,,,,,,,,,,,,,,,0,,,
8900,"Santa Rosa",6,"Guazacapán",11,1073,400,94,77,7,78,0,256,9,0,265,0,265,--,399,134,256,265,265,Algún campo sin dato,1,0bd99c5b1a59d61d8740568a9ea2670727dadb8c747e8407c7abaa68e64b0879,25/06/2023 23:03:46,MOVIL
8901,"Santa Rosa",6,"Guazacapán",11,1074,207,55,58,4,21,0,138,5,0,143,0,143,--,207,64,138,143,143,Algún campo sin dato,1,eb571ac8edc914deefe8f46eabfbac5616fd5f88cda3fce9e33051cb65caf69f,25/06/2023 22:57:43,ESCANER
8902,"Santa Rosa",6,"Guazacapán",11,1074,207,37,53,3,16,0,109,7,0,116,0,116,2,207,91,109,116,116,,1,98a527d1de269f4bb5efcd8d6a6a184ea60553d6466e7cf518ca8a98a645a9d2,25/06/2023 23:36:54,ESCANER
8903,"Santa Rosa",6,"Guazacapán",11,1075,386,54,62,4,26,2,148,6,1,155,8,163,--,386,223,148,155,163,Algún campo sin dato,1,b46445baed043e1efc79ac860d6d4bdc99aa3eede2938cd33c8c760a25b9c9d5,25/06/2023 22:51:35,ESCANER
8904,"Santa Rosa",6,"Guazacapán",11,1075,385,29,51,3,9,1,93,16,2,111,0,111,1,385,274,93,111,111,,1,547c0fbb56995e908a081c8817cea496719ed568f6e6fd5c64a8c83c376caef1,25/06/2023 23:55:13,ESCANER