﻿TIPO_DE_ELECCIÓN:,CORPORACIÓN MUNICIPAL
26 junio 2023 00:25 (UTC -6)
ACTAS_ESPERADAS,ACTAS_CAPTURADAS,PORCENTAJE_ACTAS_CAPTURADAS,ACTAS_CONTABILIZADAS,PORCENTAJE_ACTAS_CONTABILIZADAS,ACTAS_NO_CONTABILIZADAS,LISTA_NOMINAL_ACTAS_CONTABILIZADAS,VOTOS_EMITIDOS_CONTABILIZADAS,PORCENTAJE_PARTICIPACIÓN_CIUDADANA
151,56,37.0860,56,37.0860,0,19828,12046,60.7524

MESA,DEPARTAMENTO,ID_DEPARTAMENTO,MUNICIPIO,ID_MUNICIPIO,CENTRO_DE_VOTACIÓN,PADRÓN,UNIONISTA,TODOS,VAMOS,AZUL,VALOR,VOS,CH ICH,MANO. L. O.,CAMBIO,UNE,PODEMOS,PPN,URNG-MAIZ WINAQ SEMILLA,COLIBRI,MI FAMILIA,VIVA,ELEFANTE,FCN-NACION,VICTORIA,UR,VÁLIDOS,NULOS,BLANCO,EMITIDOS,INVÁLIDOS,TOTAL,IMPUGNACIONES,PAPELETAS-RECIBIDAS,PAPELETAS-NO-USADAS,VALIDOS_CALCULADO,EMITIDOS_CALCULADO,TOTAL_CALCULADO,OBSERVACIONES,CONTABILIZADA,CÓDIGO_INTEGRIDAD,FECHA_HORA_PUBLICACIÓN,DIGITALIZACIÓN
5888,"Chimaltenango",3,"Chimaltenango",1,619,400,1,5,49,6,22,12,49,9,31,11,5,7,7,4,1,11,4,1,7,2,244,19,1,264,0,264,0,--,--,244,264,264,Algún campo sin dato,1,d9e04efa7f2b4e4cfed88d527716151f7baa33ad2ae752b390d3bd2f7bf96ce6,25/06/2023 23:36:52,ESCANER
5889,"Chimaltenango",3,"Chimaltenango",1,619,400,0,9,42,5,19,8,51,5,28,19,4,2,8,6,1,7,2,1,7,2,226,11,1,238,0,238,0,400,162,226,238,238,,1,9a59205812b91d81e761bfa3595dbc003c692882691a5bcd4d06d0dcfebc9294,25/06/2023 23:24:51,ESCANER
5890,"Chimaltenango",3,"Chimaltenango",1,619,400,,,,,,,,,,,,,,,,,,,,,,,,,,,,,,,,,,0,,,
5891,"Chimaltenango",3,"Chimaltenango",1,619,400,,,,,,,,,,,,,,,,,,,,,,,,,,,,,,,,,,0,,,
5892,"Chimaltenango",3,"Chimaltenango",1,620,400,3,9,55,4,12,11,55,10,19,9,2,5,29,4,4,4,4,2,6,2,249,10,1,260,0,260,0,400,140,249,260,260,,1,5a09bc6dc773d06724f7d80d69583a44cf6dc7a74d02b91966b276bfe5ee915a,25/06/2023 22:08:33,ESCANER
5893,"Chimaltenango",3,"Chimaltenango",1,620,400,,,,,,,,,,,,,,,,,,,,,,,,,,,,,,,,,,0,,,
5894,"Chimaltenango",3,"Chimaltenango",1,620,257,3,10,18,2,6,4,34,5,12,4,1,2,12,2,1,4,0,1,4,0,125,5,0,130,0,130,0,257,127,125,130,130,,1,b16b9cad020cf9c11f813bcf1f826be09e16977f7e02c026119fec6f20f1821a,25/06/2023 23:32:43,ESCANER
5895,"Chimaltenango",3,"Chimaltenango",1,620,256,0,9,25,3,11,3,24,1,14,7,4,0,8,3,1,1,1,1,2,0,118,10,0,128,0,128,--,256,128,118,128,128,Algún campo sin dato,1,d99b82c20e24a915cdbdc4359de7ac8689d9cd3209413d7898d2d23df3a244ca,25/06/2023 22:53:34,ESCANER
5896,"Chimaltenango",3,"Chimaltenango",1,621,400,2,4,53,5,17,10,50,15,38,8,2,6,8,5,4,13,5,0,2,5,252,9,1,262,0,262,0,400,138,252,262,262,,1,1b48ab79025bc26d6078d8b7f00171f99da3fc62d11d6fac2efca2e07b98cb06,25/06/2023 23:49:14,ESCANER
5897,"Chimaltenango",3,"Chimaltenango",1,621,400,,,,,,,,,,,,,,,,,,,,,,,,,,,,,,,,,,0,,,
5898,"Chimaltenango",3,"Chimaltenango",1,621,400,3,6,51,5,19,10,56,22,37,9,4,4,8,0,1,13,3,3,11,2,267,14,6,287,0,287,0,400,113,267,287,287,,1,7fef9f924104d8e0311a66e84957ba91f54abc4d3e3d0f0f23355d3bb6fb91dc,26/06/2023 00:04:30,ESCANER
5899,"Chimaltenango",3,"Chimaltenango",1,621,400,6,8,47,3,19,7,54,17,43,13,7,5,3,5,2,5,1,1,7,2,255,13,1,269,0,269,0,400,128,255,269,269,,1,f85b39852943bad374a5e98e7863c64b9af79ca6586bcdb5ac7ad4d0367ddf5d,25/06/2023 23:55:16,ESCANER
5900,"Chimaltenango",3,"Chimaltenango",1,621,400,2,14,58,4,12,7,49,14,36,12,7,3,2,8,0,14,3,0,6,0,251,24,0,275,0,275,--,400,125,251,275,275,Algún campo sin dato,1,a9d8878685800b12494d1e00ed45497d949466505a996f06905f4aa8ced3b46b,25/06/2023 22:16:55,ESCANER
5901,"Chimaltenango",3,"Chimaltenango",1,621,400,3,6,43,3,13,8,74,11,28,11,7,7,8,2,1,11,4,2,4,3,249,8,0,257,0,257,0,400,143,249,257,257,,1,d216d9e8a3352d83b7c697a78bf35fcd9d7dd481744bd192916d68413f9c9b80,26/06/2023 00:21:11,ESCANER
5902,"Chimaltenango",3,"Chimaltenango",1,621,400,,,,,,,,,,,,,,,,,,,,,,,,,,,,,,,,,,0,,,
5903,"Chimaltenango",3,"Chimaltenango",1,621,400,,,,,,,,,,,,,,,,,,,,,,,,,,,,,,,,,,0,,,
5904,"Chimaltenango",3,"Chimaltenango",1,621,400,,,,,,,,,,,,,,,,,,,,,,,,,,,,,,,,,,0,,,
5905,"Chimaltenango",3,"Chimaltenango",1,621,400,1,5,42,2,13,9,58,14,31,9,8,8,5,1,4,9,6,2,11,2,240,18,2,260,--,--,1,400,140,240,260,260,Algún campo sin dato,1,322e8e520cb762aed82341232c3a6d09c001198f294857ca430aacffc9e6790c,26/06/2023 00:11:56,ESCANER
5906,"Chimaltenango",3,"Chimaltenango",1,621,400,7,8,57,3,11,13,52,14,33,12,5,5,8,6,0,11,5,1,6,5,262,12,2,276,0,276,0,400,124,262,276,276,,1,422f1eccd54592235597f8b8189b0ec0f3b5739a75031b0ec029246725dd8f85,25/06/2023 23:57:31,ESCANER
5907,"Chimaltenango",3,"Chimaltenango",1,621,400,,,,,,,,,,,,,,,,,,,,,,,,,,,,,,,,,,0,,,
5908,"Chimaltenango",3,"Chimaltenango",1,621,400,,,,,,,,,,,,,,,,,,,,,,,,,,,,,,,,,,0,,,
5909,"Chimaltenango",3,"Chimaltenango",1,621,400,2,7,55,7,9,7,52,7,23,11,7,3,5,3,1,13,3,0,8,3,226,17,0,243,0,243,0,396,154,226,243,243,,1,fd32c0fb8ec93e1c0cfc925fb4ae85265ffca9e2a8d36a29fcda74ac96bcb757,26/06/2023 00:20:34,ESCANER
5910,"Chimaltenango",3,"Chimaltenango",1,621,400,,,,,,,,,,,,,,,,,,,,,,,,,,,,,,,,,,0,,,
5911,"Chimaltenango",3,"Chimaltenango",1,621,400,,,,,,,,,,,,,,,,,,,,,,,,,,,,,,,,,,0,,,
5912,"Chimaltenango",3,"Chimaltenango",1,621,269,1,4,28,2,7,7,38,6,20,2,0,1,13,0,1,3,1,0,1,1,136,7,0,143,0,143,0,269,126,136,143,143,,1,2c1485e408dba2281c4a619ff3522b1320b3947047dda49587895c9e00bfd107,25/06/2023 22:50:21,ESCANER
5913,"Chimaltenango",3,"Chimaltenango",1,621,269,,,,,,,,,,,,,,,,,,,,,,,,,,,,,,,,,,0,,,
5914,"Chimaltenango",3,"Chimaltenango",1,622,400,4,13,37,4,20,7,61,16,22,14,9,7,3,6,3,5,5,3,8,4,251,11,3,265,0,265,0,400,135,251,265,265,,1,881e3bde812a0c5658439a77bd32c60004fa285bf1d110bf393a51ff9f4ef8b1,25/06/2023 22:57:18,ESCANER
5915,"Chimaltenango",3,"Chimaltenango",1,622,400,,,,,,,,,,,,,,,,,,,,,,,,,,,,,,,,,,0,,,
5916,"Chimaltenango",3,"Chimaltenango",1,622,400,,,,,,,,,,,,,,,,,,,,,,,,,,,,,,,,,,0,,,
5917,"Chimaltenango",3,"Chimaltenango",1,622,400,,,,,,,,,,,,,,,,,,,,,,,,,,,,,,,,,,0,,,
5918,"Chimaltenango",3,"Chimaltenango",1,622,400,,,,,,,,,,,,,,,,,,,,,,,,,,,,,,,,,,0,,,
5919,"Chimaltenango",3,"Chimaltenango",1,622,400,,,,,,,,,,,,,,,,,,,,,,,,,,,,,,,,,,0,,,
5920,"Chimaltenango",3,"Chimaltenango",1,622,400,6,10,51,1,21,6,64,4,28,14,3,2,9,2,4,1,4,2,5,2,251,12,0,263,0,263,--,400,137,239,251,251,Sumas Asentadas sin cuadrar,1,3f5fbf72fcc8731c4c23075777f3bd9d9988ef56cd3512de38d9ab8e77d8529f,26/06/2023 00:17:57,ESCANER
5921,"Chimaltenango",3,"Chimaltenango",1,622,400,5,10,40,5,21,13,77,10,30,18,4,5,11,5,1,11,3,4,11,2,286,16,0,302,0,302,0,400,98,286,302,302,,1,fa487e710705aa8a2ac65e1adb50618049fd99c2d1e2d95cd04514adef14c6e0,25/06/2023 23:27:09,ESCANER
5922,"Chimaltenango",3,"Chimaltenango",1,622,400,5,11,36,6,17,13,61,15,20,14,8,8,6,4,2,6,2,3,6,6,249,7,1,257,0,257,0,400,143,249,257,257,,1,b4f25e1d477077a3e0789a3d076f67563560c395db221ae8d9db14567990a326,25/06/2023 23:46:10,ESCANER
5923,"Chimaltenango",3,"Chimaltenango",1,622,400,,,,,,,,,,,,,,,,,,,,,,,,,,,,,,,,,,0,,,
5924,"Chimaltenango",3,"Chimaltenango",1,622,400,,,,,,,,,,,,,,,,,,,,,,,,,,,,,,,,,,0,,,
5925,"Chimaltenango",3,"Chimaltenango",1,622,400,3,4,50,3,15,15,64,4,23,14,3,3,9,5,1,4,4,1,6,4,235,12,2,249,0,249,--,400,151,235,249,249,Algún campo sin dato,1,b30cf1e4a9098666e55cfc9696bc4a7678a4c17dbc1cd2fdaa3e5ef81b265a3b,25/06/2023 23:50:17,ESCANER
5926,"Chimaltenango",3,"Chimaltenango",1,622,400,,,,,,,,,,,,,,,,,,,,,,,,,,,,,,,,,,0,,,
5927,"Chimaltenango",3,"Chimaltenango",1,622,395,,,,,,,,,,,,,,,,,,,,,,,,,,,,,,,,,,0,,,
5928,"Chimaltenango",3,"Chimaltenango",1,622,395,2,7,34,3,10,5,43,4,26,4,0,1,10,2,2,1,2,2,5,0,163,15,0,178,1,179,0,395,216,163,178,179,,1,5bc89b66ebeb6bcdb442d97716641dff27e1d4f9d2e88d87934c7f7fb8ca6d6d,25/06/2023 22:30:56,ESCANER
5929,"Chimaltenango",3,"Chimaltenango",1,623,400,,,,,,,,,,,,,,,,,,,,,,,,,,,,,,,,,,0,,,
5930,"Chimaltenango",3,"Chimaltenango",1,623,400,,,,,,,,,,,,,,,,,,,,,,,,,,,,,,,,,,0,,,
5931,"Chimaltenango",3,"Chimaltenango",1,623,400,,,,,,,,,,,,,,,,,,,,,,,,,,,,,,,,,,0,,,
5932,"Chimaltenango",3,"Chimaltenango",1,623,400,4,9,60,6,19,15,67,19,42,13,10,9,4,8,1,7,2,2,5,3,305,15,2,322,0,322,--,400,78,305,322,322,Algún campo sin dato,1,0bddca7b7be21e862b8b4b25b3ba73b64d26f292591aecce6e738b988a563c39,26/06/2023 00:04:31,ESCANER
5933,"Chimaltenango",3,"Chimaltenango",1,623,400,,,,,,,,,,,,,,,,,,,,,,,,,,,,,,,,,,0,,,
5934,"Chimaltenango",3,"Chimaltenango",1,624,400,,,,,,,,,,,,,,,,,,,,,,,,,,,,,,,,,,0,,,
5935,"Chimaltenango",3,"Chimaltenango",1,624,400,,,,,,,,,,,,,,,,,,,,,,,,,,,,,,,,,,0,,,
5936,"Chimaltenango",3,"Chimaltenango",1,624,400,,,,,,,,,,,,,,,,,,,,,,,,,,,,,,,,,,0,,,
5937,"Chimaltenango",3,"Chimaltenango",1,624,400,,,,,,,,,,,,,,,,,,,,,,,,,,,,,,,,,,0,,,
5938,"Chimaltenango",3,"Chimaltenango",1,625,400,,,,,,,,,,,,,,,,,,,,,,,,,,,,,,,,,,0,,,
5939,"Chimaltenango",3,"Chimaltenango",1,625,400,,,,,,,,,,,,,,,,,,,,,,,,,,,,,,,,,,0,,,
5940,"Chimaltenango",3,"Chimaltenango",1,625,400,,,,,,,,,,,,,,,,,,,,,,,,,,,,,,,,,,0,,,
5941,"Chimaltenango",3,"Chimaltenango",1,625,400,,,,,,,,,,,,,,,,,,,,,,,,,,,,,,,,,,0,,,
5942,"Chimaltenango",3,"Chimaltenango",1,626,400,,,,,,,,,,,,,,,,,,,,,,,,,,,,,,,,,,0,,,
5943,"Chimaltenango",3,"Chimaltenango",1,626,374,2,5,50,5,13,11,48,19,26,15,2,10,12,5,1,4,1,3,7,0,239,5,0,244,0,244,--,374,130,239,244,244,Algún campo sin dato,1,33c717ba53c816d856ec8690fecbd5cfaa8c7fa78e09cab879dcb9cd172a4be4,26/06/2023 00:15:57,ESCANER
5944,"Chimaltenango",3,"Chimaltenango",1,626,373,0,1,38,1,3,8,44,9,35,4,2,1,7,8,0,5,2,0,3,0,171,5,0,176,0,176,0,373,197,171,176,176,,1,7f3a0c04b324d12e59b6c7d4de5f6aefb158534a1034ab319fe322a809c035f6,25/06/2023 23:11:18,ESCANER
5945,"Chimaltenango",3,"Chimaltenango",1,627,400,,,,,,,,,,,,,,,,,,,,,,,,,,,,,,,,,,0,,,
5946,"Chimaltenango",3,"Chimaltenango",1,627,400,,,,,,,,,,,,,,,,,,,,,,,,,,,,,,,,,,0,,,
5947,"Chimaltenango",3,"Chimaltenango",1,627,400,,,,,,,,,,,,,,,,,,,,,,,,,,,,,,,,,,0,,,
5948,"Chimaltenango",3,"Chimaltenango",1,627,400,,,,,,,,,,,,,,,,,,,,,,,,,,,,,,,,,,0,,,
5949,"Chimaltenango",3,"Chimaltenango",1,627,400,,,,,,,,,,,,,,,,,,,,,,,,,,,,,,,,,,0,,,
5950,"Chimaltenango",3,"Chimaltenango",1,627,400,,,,,,,,,,,,,,,,,,,,,,,,,,,,,,,,,,0,,,
5951,"Chimaltenango",3,"Chimaltenango",1,627,400,,,,,,,,,,,,,,,,,,,,,,,,,,,,,,,,,,0,,,
5952,"Chimaltenango",3,"Chimaltenango",1,627,400,5,15,33,8,15,12,57,8,45,9,4,6,12,4,1,5,2,0,5,1,247,6,0,253,0,253,--,400,147,247,253,253,Algún campo sin dato,1,c5b8be071241d96ded959885bf41721b0c11edd14aca56efcb0bde60a781ee68,25/06/2023 23:25:45,ESCANER
5953,"Chimaltenango",3,"Chimaltenango",1,627,400,,,,,,,,,,,,,,,,,,,,,,,,,,,,,,,,,,0,,,
5954,"Chimaltenango",3,"Chimaltenango",1,627,400,,,,,,,,,,,,,,,,,,,,,,,,,,,,,,,,,,0,,,
5955,"Chimaltenango",3,"Chimaltenango",1,627,400,,,,,,,,,,,,,,,,,,,,,,,,,,,,,,,,,,0,,,
5956,"Chimaltenango",3,"Chimaltenango",1,627,400,,,,,,,,,,,,,,,,,,,,,,,,,,,,,,,,,,0,,,
5957,"Chimaltenango",3,"Chimaltenango",1,627,400,,,,,,,,,,,,,,,,,,,,,,,,,,,,,,,,,,0,,,
5958,"Chimaltenango",3,"Chimaltenango",1,627,400,,,,,,,,,,,,,,,,,,,,,,,,,,,,,,,,,,0,,,
5959,"Chimaltenango",3,"Chimaltenango",1,627,400,,,,,,,,,,,,,,,,,,,,,,,,,,,,,,,,,,0,,,
5960,"Chimaltenango",3,"Chimaltenango",1,627,400,,,,,,,,,,,,,,,,,,,,,,,,,,,,,,,,,,0,,,
5961,"Chimaltenango",3,"Chimaltenango",1,627,400,1,8,35,5,15,7,50,10,33,9,4,7,5,6,1,11,4,0,3,3,217,14,2,233,0,233,0,399,166,217,233,233,,1,c4f2318cf79a616456c16e275eb9bc8b3b638dca502b041e763512a6c576fe50,25/06/2023 23:19:36,ESCANER
5962,"Chimaltenango",3,"Chimaltenango",1,627,400,,,,,,,,,,,,,,,,,,,,,,,,,,,,,,,,,,0,,,
5963,"Chimaltenango",3,"Chimaltenango",1,627,400,,,,,,,,,,,,,,,,,,,,,,,,,,,,,,,,,,0,,,
5964,"Chimaltenango",3,"Chimaltenango",1,627,400,3,8,36,6,17,7,68,8,43,8,5,3,17,4,1,10,0,1,5,2,252,6,0,258,0,258,--,382,124,252,258,258,Algún campo sin dato,1,45bf767711603d885370290beb5338fc101d61126925e96b06afa78dd19fa762,25/06/2023 23:32:55,ESCANER
5965,"Chimaltenango",3,"Chimaltenango",1,627,391,,,,,,,,,,,,,,,,,,,,,,,,,,,,,,,,,,0,,,
5966,"Chimaltenango",3,"Chimaltenango",1,627,390,--,5,43,1,6,3,37,9,26,8,2,3,11,2,1,10,0,2,1,1,171,6,3,180,0,180,--,390,210,171,180,180,Algún campo sin dato,1,72359bb78af82a23a1afc6050efc8333b092628d150ca7bfe86d40f042953d2c,25/06/2023 23:32:09,ESCANER
5967,"Chimaltenango",3,"Chimaltenango",1,628,380,,,,,,,,,,,,,,,,,,,,,,,,,,,,,,,,,,0,,,
5968,"Chimaltenango",3,"Chimaltenango",1,628,380,,,,,,,,,,,,,,,,,,,,,,,,,,,,,,,,,,0,,,
5969,"Chimaltenango",3,"Chimaltenango",1,628,380,,,,,,,,,,,,,,,,,,,,,,,,,,,,,,,,,,0,,,
5970,"Chimaltenango",3,"Chimaltenango",1,628,380,,,,,,,,,,,,,,,,,,,,,,,,,,,,,,,,,,0,,,
5971,"Chimaltenango",3,"Chimaltenango",1,628,380,4,16,35,1,7,3,71,36,15,6,0,2,4,2,0,5,4,1,2,1,215,14,8,237,0,237,0,380,143,215,237,237,,1,5114ac3cfc9a6ec0da1a94b6730fab90f0e12ac536f2227cc5788d48b25a4378,26/06/2023 00:24:42,ESCANER
5972,"Chimaltenango",3,"Chimaltenango",1,628,380,,,,,,,,,,,,,,,,,,,,,,,,,,,,,,,,,,0,,,
5973,"Chimaltenango",3,"Chimaltenango",1,628,380,4,15,54,4,10,3,60,36,7,9,2,2,5,3,0,8,2,3,10,0,237,12,4,253,0,253,0,380,127,237,253,253,,1,6adedfe59c1850da7fe13bc021a08cb796716b3ff069473ab9ce8a4d73a64ccf,26/06/2023 00:12:58,ESCANER
5974,"Chimaltenango",3,"Chimaltenango",1,628,380,2,16,50,1,12,3,54,25,8,14,2,2,1,3,1,17,2,0,7,0,220,14,3,237,0,237,0,380,143,220,237,237,,1,b7d1c60bac37c04b7e33a0b0691ebe957192915a369ebaa8f579c06cf757932a,26/06/2023 00:10:30,ESCANER
5975,"Chimaltenango",3,"Chimaltenango",1,628,380,,,,,,,,,,,,,,,,,,,,,,,,,,,,,,,,,,0,,,
5976,"Chimaltenango",3,"Chimaltenango",1,628,380,,,,,,,,,,,,,,,,,,,,,,,,,,,,,,,,,,0,,,
5977,"Chimaltenango",3,"Chimaltenango",1,628,380,3,18,36,1,18,4,52,27,10,8,1,1,3,2,1,7,1,1,3,1,198,14,4,216,0,216,0,380,164,198,216,216,,1,27fa7e2405b989f6d13245c8413028dbcaa7bbbda6359fa5ef91ae5e9da8130c,25/06/2023 23:58:29,ESCANER
5978,"Chimaltenango",3,"Chimaltenango",1,629,380,1,20,30,3,3,1,49,32,15,11,1,2,9,3,2,6,1,2,2,2,195,11,0,206,0,206,--,380,174,195,206,206,Algún campo sin dato,1,a7b2a185c9d029a2bbf0fb5274a581037f31f21b76d1a86b9057b71668f4dbc8,25/06/2023 23:02:37,ESCANER
5979,"Chimaltenango",3,"Chimaltenango",1,629,269,1,6,15,0,6,1,33,30,9,6,1,0,4,1,0,4,1,0,1,1,120,3,2,125,0,125,--,269,144,120,125,125,Algún campo sin dato,1,7264ca8d2c93e5369b91718d87632663816ab93a22655e462b7b60a4106e8a43,25/06/2023 22:32:19,ESCANER
5980,"Chimaltenango",3,"Chimaltenango",1,629,269,3,5,15,0,5,3,32,13,4,8,1,0,3,0,1,2,0,0,2,0,97,5,0,102,0,102,--,269,167,97,102,102,Algún campo sin dato,1,37ad21c03c292aa70957eae78215dff698011ce9dd5e9421868aefcf9cf96da5,25/06/2023 22:09:56,ESCANER
5981,"Chimaltenango",3,"Chimaltenango",1,630,380,,,,,,,,,,,,,,,,,,,,,,,,,,,,,,,,,,0,,,
5982,"Chimaltenango",3,"Chimaltenango",1,630,380,1,7,49,6,19,28,37,5,26,11,1,7,3,4,2,7,2,7,1,2,225,19,5,249,0,249,0,381,131,225,249,249,,1,e07e005297be7c47a68e84d882ea50ad0a3c9eef88e1176ce443abd43c72023c,25/06/2023 23:29:31,ESCANER
5983,"Chimaltenango",3,"Chimaltenango",1,630,380,,,,,,,,,,,,,,,,,,,,,,,,,,,,,,,,,,0,,,
5984,"Chimaltenango",3,"Chimaltenango",1,630,380,,,,,,,,,,,,,,,,,,,,,,,,,,,,,,,,,,0,,,
5985,"Chimaltenango",3,"Chimaltenango",1,630,380,,,,,,,,,,,,,,,,,,,,,,,,,,,,,,,,,,0,,,
5986,"Chimaltenango",3,"Chimaltenango",1,630,380,,,,,,,,,,,,,,,,,,,,,,,,,,,,,,,,,,0,,,
5987,"Chimaltenango",3,"Chimaltenango",1,630,380,2,8,53,4,24,23,35,7,30,16,6,3,4,5,3,8,1,3,2,0,237,18,2,257,0,257,--,380,123,237,257,257,Algún campo sin dato,1,c08e8c49d9b58a9b3ae0ec0863340addba695c688a73a6c9018ce9cab7139581,26/06/2023 00:22:04,ESCANER
5988,"Chimaltenango",3,"Chimaltenango",1,631,380,,,,,,,,,,,,,,,,,,,,,,,,,,,,,,,,,,0,,,
5989,"Chimaltenango",3,"Chimaltenango",1,631,380,,,,,,,,,,,,,,,,,,,,,,,,,,,,,,,,,,0,,,
5990,"Chimaltenango",3,"Chimaltenango",1,631,380,1,11,44,3,15,24,44,2,21,4,3,9,7,4,1,15,2,5,3,1,219,12,2,233,0,233,--,378,145,219,233,233,Algún campo sin dato,1,21a43d3b55b904f9f2490f52f23fe4e803389d57b8e9ebf3651d3aa2b67757ef,25/06/2023 22:16:27,ESCANER
5991,"Chimaltenango",3,"Chimaltenango",1,631,380,,,,,,,,,,,,,,,,,,,,,,,,,,,,,,,,,,0,,,
5992,"Chimaltenango",3,"Chimaltenango",1,631,380,,,,,,,,,,,,,,,,,,,,,,,,,,,,,,,,,,0,,,
5993,"Chimaltenango",3,"Chimaltenango",1,631,380,5,9,51,2,13,16,29,7,21,8,2,12,12,3,1,12,3,2,1,3,212,13,3,228,0,228,--,380,152,212,228,228,Algún campo sin dato,1,c28475afa8ea2a238cf43c0214da37204cb03dcab9e1b3c8c652f21c0e18e752,25/06/2023 23:54:19,ESCANER
5994,"Chimaltenango",3,"Chimaltenango",1,632,380,,,,,,,,,,,,,,,,,,,,,,,,,,,,,,,,,,0,,,
5995,"Chimaltenango",3,"Chimaltenango",1,632,380,,,,,,,,,,,,,,,,,,,,,,,,,,,,,,,,,,0,,,
5996,"Chimaltenango",3,"Chimaltenango",1,632,380,3,6,55,1,16,11,39,2,14,10,3,4,7,2,0,9,1,2,4,0,189,5,2,196,0,196,--,378,182,189,196,196,Algún campo sin dato,1,73b81f7c37799460666fa0c1999542e449a75b230b37a9cdfc6b3acecae5c731,25/06/2023 23:50:15,ESCANER
5997,"Chimaltenango",3,"Chimaltenango",1,632,380,1,7,37,3,26,20,39,4,17,8,0,6,16,2,1,4,2,6,5,1,205,3,0,208,0,208,0,380,172,205,208,208,,1,d6a0b340dd728549ce0ceb4ac0190383c233ce2390933ab23b7fb86d56a5cbc0,25/06/2023 23:17:58,ESCANER
5998,"Chimaltenango",3,"Chimaltenango",1,632,380,,,,,,,,,,,,,,,,,,,,,,,,,,,,,,,,,,0,,,
5999,"Chimaltenango",3,"Chimaltenango",1,632,247,1,6,19,1,16,13,19,3,8,4,0,6,5,1,0,3,0,2,3,1,111,5,0,116,0,116,--,247,131,111,116,116,Algún campo sin dato,1,6fd62e2ae6aff0e99cd333ffed18e5c7bb4f4e0c4d94e2be7b2fdd91ded45f0e,25/06/2023 23:11:38,ESCANER
6000,"Chimaltenango",3,"Chimaltenango",1,632,247,--,4,24,2,6,11,23,2,11,1,3,2,3,2,--,1,1,1,1,--,98,2,2,102,--,102,--,247,145,98,102,102,Algún campo sin dato,1,4d9e1b0d6a917df9a7da65ff35dad026b1de2ff78aafe9870e335c461a2091e2,25/06/2023 21:13:27,ESCANER
6001,"Chimaltenango",3,"Chimaltenango",1,633,380,,,,,,,,,,,,,,,,,,,,,,,,,,,,,,,,,,0,,,
6002,"Chimaltenango",3,"Chimaltenango",1,633,192,,,,,,,,,,,,,,,,,,,,,,,,,,,,,,,,,,0,,,
6003,"Chimaltenango",3,"Chimaltenango",1,633,191,0,9,28,0,9,7,25,0,13,9,1,5,14,1,1,8,0,0,1,0,131,3,0,134,0,134,--,191,57,131,134,134,Algún campo sin dato,1,683772e8869f7ad842b66e6cfcce868969704502c9208b4ae6aa1e4516df9711,26/06/2023 00:13:33,ESCANER
6004,"Chimaltenango",3,"Chimaltenango",1,634,380,9,19,33,5,26,2,48,8,30,10,1,3,5,3,4,10,6,1,5,4,232,15,1,248,0,248,0,380,248,232,248,248,,1,f4d982c2c8c959ee60835ca595f734e5e294bb2bab7f4005da78c67805017d12,26/06/2023 00:13:55,ESCANER
6005,"Chimaltenango",3,"Chimaltenango",1,634,380,,,,,,,,,,,,,,,,,,,,,,,,,,,,,,,,,,0,,,
6006,"Chimaltenango",3,"Chimaltenango",1,634,380,,,,,,,,,,,,,,,,,,,,,,,,,,,,,,,,,,0,,,
6007,"Chimaltenango",3,"Chimaltenango",1,634,380,,,,,,,,,,,,,,,,,,,,,,,,,,,,,,,,,,0,,,
6008,"Chimaltenango",3,"Chimaltenango",1,634,380,9,7,24,5,23,4,45,5,31,17,3,1,5,2,3,5,7,3,8,1,208,13,2,223,0,223,--,380,157,208,223,223,Algún campo sin dato,1,3f8d09cf2f31fd4b6469e0fa2a9aed62f7cf3876bc788415dd6c6472ecaf5573,25/06/2023 23:28:30,ESCANER
6009,"Chimaltenango",3,"Chimaltenango",1,634,380,,,,,,,,,,,,,,,,,,,,,,,,,,,,,,,,,,0,,,
6010,"Chimaltenango",3,"Chimaltenango",1,634,380,,,,,,,,,,,,,,,,,,,,,,,,,,,,,,,,,,0,,,
6011,"Chimaltenango",3,"Chimaltenango",1,634,380,,,,,,,,,,,,,,,,,,,,,,,,,,,,,,,,,,0,,,
6012,"Chimaltenango",3,"Chimaltenango",1,634,380,,,,,,,,,,,,,,,,,,,,,,,,,,,,,,,,,,0,,,
6013,"Chimaltenango",3,"Chimaltenango",1,634,380,,,,,,,,,,,,,,,,,,,,,,,,,,,,,,,,,,0,,,
6014,"Chimaltenango",3,"Chimaltenango",1,634,230,3,7,19,0,14,2,16,2,17,14,0,2,4,2,7,6,1,0,0,2,118,5,0,123,107,230,0,230,107,118,123,230,,1,9011990844a030499e093b549c14f60d516f7debceb554d507e2997ff8bf173d,25/06/2023 22:22:21,ESCANER
6015,"Chimaltenango",3,"Chimaltenango",1,634,230,4,4,12,0,8,6,23,2,11,7,0,1,6,0,1,2,1,0,3,0,91,6,0,97,0,97,--,230,133,91,97,97,Algún campo sin dato,1,46314b3591ee35cfe068056a8739f4f1df794917bd10f07e686bfdd0bd617e05,25/06/2023 21:23:34,ESCANER
6016,"Chimaltenango",3,"Chimaltenango",1,635,380,1,2,41,2,27,6,41,1,16,15,3,4,6,3,2,24,2,3,3,0,202,23,5,230,0,230,0,380,150,202,230,230,,1,422f4011f9680a98db1e5b1fa3346b68db3a989de0a33a06bb59fc868541c7fa,25/06/2023 23:41:17,ESCANER
6017,"Chimaltenango",3,"Chimaltenango",1,635,343,,,,,,,,,,,,,,,,,,,,,,,,,,,,,,,,,,0,,,
6018,"Chimaltenango",3,"Chimaltenango",1,635,343,0,1,44,1,24,8,29,2,10,18,1,1,7,0,1,8,1,2,3,2,163,8,1,172,0,172,--,343,171,163,172,172,Algún campo sin dato,1,e304c21110df9514b970d11e5112027ed459b0299d12650df194444e2e6ff1e0,25/06/2023 23:53:24,ESCANER
6019,"Chimaltenango",3,"Chimaltenango",1,636,380,1,46,55,1,1,12,43,34,14,34,4,1,2,0,4,16,2,4,2,0,276,23,1,300,0,300,0,380,80,276,300,300,,1,8a9a4000203e12dd3772b6c2c3d2a54a6f1274e39c7a6536bfc277a361c77e15,25/06/2023 23:55:42,ESCANER
6020,"Chimaltenango",3,"Chimaltenango",1,636,380,3,53,53,0,3,4,30,27,14,41,1,0,1,4,5,7,1,2,1,2,252,15,8,275,0,275,0,380,105,252,275,275,,1,43b1e148875d0e7ba4e6b4e6fad565d78d1b0416a9bb2c0c80b1ca39d51914c3,25/06/2023 23:45:51,ESCANER
6021,"Chimaltenango",3,"Chimaltenango",1,636,268,,,,,,,,,,,,,,,,,,,,,,,,,,,,,,,,,,0,,,
6022,"Chimaltenango",3,"Chimaltenango",1,636,267,2,22,44,1,1,3,19,17,10,19,0,0,4,1,1,5,0,0,1,1,151,4,2,157,0,157,0,267,110,151,157,157,,1,a7958dcfb8ab126eb5b5de92b6920be8709fb706d418dec6c91091789664ece7,25/06/2023 23:25:29,ESCANER
6023,"Chimaltenango",3,"Chimaltenango",1,637,375,,,,,,,,,,,,,,,,,,,,,,,,,,,,,,,,,,0,,,
6024,"Chimaltenango",3,"Chimaltenango",1,637,374,3,0,12,0,2,12,72,20,8,59,1,0,2,0,0,7,2,2,1,0,203,9,0,212,--,--,--,371,159,203,212,212,Algún campo sin dato,1,142c415f52cfd148f512eb7170abfb4ea22d0c84bc2d9cb285363319fe6a3923,25/06/2023 23:20:19,ESCANER
6025,"Chimaltenango",3,"Chimaltenango",1,638,380,,,,,,,,,,,,,,,,,,,,,,,,,,,,,,,,,,0,,,
6026,"Chimaltenango",3,"Chimaltenango",1,638,380,,,,,,,,,,,,,,,,,,,,,,,,,,,,,,,,,,0,,,
6027,"Chimaltenango",3,"Chimaltenango",1,638,380,,,,,,,,,,,,,,,,,,,,,,,,,,,,,,,,,,0,,,
6028,"Chimaltenango",3,"Chimaltenango",1,638,380,,,,,,,,,,,,,,,,,,,,,,,,,,,,,,,,,,0,,,
6029,"Chimaltenango",3,"Chimaltenango",1,638,380,1,13,21,3,8,9,94,40,5,14,1,0,3,0,1,2,1,1,3,1,221,7,4,232,0,232,--,377,145,221,232,232,Algún campo sin dato,1,4f123677901bbf474fa3a79701fc01cc595665bf9a4c86b97d179642d3d27053,26/06/2023 00:22:12,ESCANER
6030,"Chimaltenango",3,"Chimaltenango",1,638,194,1,8,17,0,0,3,40,25,10,6,0,0,1,0,1,1,1,1,4,0,119,3,0,122,0,122,--,194,72,119,122,122,Algún campo sin dato,1,035625854c05bba8150d6c19fee03bfc78975b45cb725741b2c9f300a1c57ed8,25/06/2023 23:44:30,ESCANER
6031,"Chimaltenango",3,"Chimaltenango",1,638,193,0,6,9,0,2,4,39,23,3,6,0,1,0,0,0,2,0,0,0,0,95,0,1,96,0,96,0,193,97,95,96,96,,1,4a7491e058d005682afad7505b1dfdfd33971dd73ab2062b42bf4a12b92c2d07,25/06/2023 23:36:22,ESCANER
6032,"Chimaltenango",3,"Chimaltenango",1,639,600,,,,,,,,,,,,,,,,,,,,,,,,,,,,,,,,,,0,,,
6033,"Chimaltenango",3,"Chimaltenango",1,639,600,,,,,,,,,,,,,,,,,,,,,,,,,,,,,,,,,,0,,,
6034,"Chimaltenango",3,"Chimaltenango",1,640,600,,,,,,,,,,,,,,,,,,,,,,,,,,,,,,,,,,0,,,
6035,"Chimaltenango",3,"Chimaltenango",1,640,600,,,,,,,,,,,,,,,,,,,,,,,,,,,,,,,,,,0,,,
6036,"Chimaltenango",3,"Chimaltenango",1,640,600,,,,,,,,,,,,,,,,,,,,,,,,,,,,,,,,,,0,,,
6037,"Chimaltenango",3,"Chimaltenango",1,640,453,,,,,,,,,,,,,,,,,,,,,,,,,,,,,,,,,,0,,,
6038,"Chimaltenango",3,"Chimaltenango",1,640,452,,,,,,,,,,,,,,,,,,,,,,,,,,,,,,,,,,0,,,