﻿TIPO_DE_ELECCIÓN:,CORPORACIÓN MUNICIPAL
26 junio 2023 00:25 (UTC -6)
ACTAS_ESPERADAS,ACTAS_CAPTURADAS,PORCENTAJE_ACTAS_CAPTURADAS,ACTAS_CONTABILIZADAS,PORCENTAJE_ACTAS_CONTABILIZADAS,ACTAS_NO_CONTABILIZADAS,LISTA_NOMINAL_ACTAS_CONTABILIZADAS,VOTOS_EMITIDOS_CONTABILIZADAS,PORCENTAJE_PARTICIPACIÓN_CIUDADANA
89,21,23.5955,21,23.5955,0,8451,4377,51.7926

MESA,DEPARTAMENTO,ID_DEPARTAMENTO,MUNICIPIO,ID_MUNICIPIO,CENTRO_DE_VOTACIÓN,PADRÓN,CAMBIO,UNE,VIVA,CABAL,MLP,VAMOS,PODEMOS,WINAQ,BIEN,VALOR UNIONISTA,VÁLIDOS,NULOS,BLANCO,EMITIDOS,INVÁLIDOS,TOTAL,IMPUGNACIONES,PAPELETAS-RECIBIDAS,PAPELETAS-NO-USADAS,VALIDOS_CALCULADO,EMITIDOS_CALCULADO,TOTAL_CALCULADO,OBSERVACIONES,CONTABILIZADA,CÓDIGO_INTEGRIDAD,FECHA_HORA_PUBLICACIÓN,DIGITALIZACIÓN
21052,"Petén",17,"Poptún",12,3279,400,5,115,13,18,3,53,1,2,3,20,233,10,2,245,0,245,--,400,155,233,245,245,Algún campo sin dato,1,5405a6a54f6641daca8b60ffff6ca5d3218795be99927e3dc9dd7f5adfa5b88f,26/06/2023 00:06:09,ESCANER
21053,"Petén",17,"Poptún",12,3279,400,11,114,19,17,1,51,1,2,5,23,244,12,2,258,0,258,--,400,142,244,258,258,Algún campo sin dato,1,b53569de301621d3fd04f93355af6fbac1ca9fad4dbb487df21e6603bef06b52,25/06/2023 23:39:31,ESCANER
21054,"Petén",17,"Poptún",12,3279,400,,,,,,,,,,,,,,,,,,,,,,,,0,,,
21055,"Petén",17,"Poptún",12,3279,400,,,,,,,,,,,,,,,,,,,,,,,,0,,,
21056,"Petén",17,"Poptún",12,3279,400,12,108,8,20,2,58,1,5,6,19,239,16,3,258,0,258,--,400,142,239,258,258,Algún campo sin dato,1,3bbe3c9116d209c400a0a579c8afcceb2e6d9967d8c04a4707dd7b1b901f3d76,25/06/2023 23:51:06,ESCANER
21057,"Petén",17,"Poptún",12,3279,400,,,,,,,,,,,,,,,,,,,,,,,,0,,,
21058,"Petén",17,"Poptún",12,3279,400,,,,,,,,,,,,,,,,,,,,,,,,0,,,
21059,"Petén",17,"Poptún",12,3279,400,14,111,13,14,2,56,0,2,6,28,246,11,2,259,0,259,--,400,141,246,259,259,Algún campo sin dato,1,de4dcdd453db361d4d9502f760326e5d73f0d1d9528f4ecba21d2eeed8cfea52,25/06/2023 22:33:45,ESCANER
21060,"Petén",17,"Poptún",12,3279,400,14,110,13,21,0,55,0,2,5,21,241,11,6,258,0,258,--,400,142,241,258,258,Algún campo sin dato,1,5c55494e83e029ac69914eb1a136a4d2efee085aab9cab3e20daf288f8e0a591,25/06/2023 22:53:37,ESCANER
21061,"Petén",17,"Poptún",12,3279,400,,,,,,,,,,,,,,,,,,,,,,,,0,,,
21062,"Petén",17,"Poptún",12,3279,400,,,,,,,,,,,,,,,,,,,,,,,,0,,,
21063,"Petén",17,"Poptún",12,3279,400,6,93,14,12,2,53,0,4,2,23,209,10,3,222,0,222,--,400,178,209,222,222,Algún campo sin dato,1,63dcf1b737a15c95d49b9a24508b4f44396bd849a4ff0894f6fe55f3b98dfeb1,26/06/2023 00:19:42,ESCANER
21064,"Petén",17,"Poptún",12,3279,400,,,,,,,,,,,,,,,,,,,,,,,,0,,,
21065,"Petén",17,"Poptún",12,3279,400,,,,,,,,,,,,,,,,,,,,,,,,0,,,
21066,"Petén",17,"Poptún",12,3279,400,,,,,,,,,,,,,,,,,,,,,,,,0,,,
21067,"Petén",17,"Poptún",12,3279,400,,,,,,,,,,,,,,,,,,,,,,,,0,,,
21068,"Petén",17,"Poptún",12,3279,400,,,,,,,,,,,,,,,,,,,,,,,,0,,,
21069,"Petén",17,"Poptún",12,3279,400,,,,,,,,,,,,,,,,,,,,,,,,0,,,
21070,"Petén",17,"Poptún",12,3279,400,16,100,17,11,1,41,2,4,2,23,217,13,4,234,0,234,--,399,165,217,234,234,Algún campo sin dato,1,67892079c37bbe145576cc9e70aef482c4880eb492e5509000d52b68babff90d,25/06/2023 22:38:33,ESCANER
21071,"Petén",17,"Poptún",12,3279,400,,,,,,,,,,,,,,,,,,,,,,,,0,,,
21072,"Petén",17,"Poptún",12,3279,400,,,,,,,,,,,,,,,,,,,,,,,,0,,,
21073,"Petén",17,"Poptún",12,3279,400,,,,,,,,,,,,,,,,,,,,,,,,0,,,
21074,"Petén",17,"Poptún",12,3280,400,,,,,,,,,,,,,,,,,,,,,,,,0,,,
21075,"Petén",17,"Poptún",12,3280,400,8,95,13,15,2,34,0,3,3,21,194,3,1,198,0,198,--,400,202,194,198,198,Algún campo sin dato,1,443bde1361e657d79e2a0865d0cc1858040faeb9d3a90cdd972784485d842007,25/06/2023 22:32:07,ESCANER
21076,"Petén",17,"Poptún",12,3280,400,,,,,,,,,,,,,,,,,,,,,,,,0,,,
21077,"Petén",17,"Poptún",12,3280,400,11,88,14,12,4,62,0,2,3,13,209,1,2,212,0,212,--,400,188,209,212,212,Algún campo sin dato,1,c7c69b6b1c461f9d54234689b03958589442042a5f140637e1c3c9c07f663250,25/06/2023 22:45:46,ESCANER
21078,"Petén",17,"Poptún",12,3280,400,,,,,,,,,,,,,,,,,,,,,,,,0,,,
21079,"Petén",17,"Poptún",12,3280,400,,,,,,,,,,,,,,,,,,,,,,,,0,,,
21080,"Petén",17,"Poptún",12,3280,400,10,91,16,7,0,37,0,2,0,23,186,1,1,188,0,188,--,400,212,186,188,188,Algún campo sin dato,1,6e685671c394e200ef231f6f2ddb3655ebc11ae8af306733bb1e2fe2ff57b7de,25/06/2023 23:16:32,ESCANER
21081,"Petén",17,"Poptún",12,3280,270,9,63,6,13,0,22,0,0,3,12,128,2,1,131,0,131,--,270,139,128,131,131,Algún campo sin dato,1,85eb3cb0d4182b4e4c53b97c65f1fe89383c0d0b76dee5bfb9c2434eb316de49,25/06/2023 22:53:39,ESCANER
21082,"Petén",17,"Poptún",12,3280,269,,,,,,,,,,,,,,,,,,,,,,,,0,,,
21083,"Petén",17,"Poptún",12,3281,400,,,,,,,,,,,,,,,,,,,,,,,,0,,,
21084,"Petén",17,"Poptún",12,3281,400,,,,,,,,,,,,,,,,,,,,,,,,0,,,
21085,"Petén",17,"Poptún",12,3281,400,18,97,4,34,2,45,1,1,4,50,256,12,5,273,0,273,--,400,127,256,273,273,Algún campo sin dato,1,9b78920dcec7c86db6e8ebec91e0697c57e5e8321a8f2b2cbe04090332105f05,25/06/2023 22:43:49,ESCANER
21086,"Petén",17,"Poptún",12,3281,400,,,,,,,,,,,,,,,,,,,,,,,,0,,,
21087,"Petén",17,"Poptún",12,3281,400,,,,,,,,,,,,,,,,,,,,,,,,0,,,
21088,"Petén",17,"Poptún",12,3281,400,28,90,7,26,0,32,2,2,7,22,216,9,2,227,0,227,--,400,173,216,227,227,Algún campo sin dato,1,8900fc07028fd66d5462280b6c0fbbf0b8c7446b3cf4c6d49f0f8e7c276b65b4,25/06/2023 23:41:05,ESCANER
21089,"Petén",17,"Poptún",12,3281,400,22,86,15,10,1,31,2,1,6,30,204,9,1,214,0,214,--,400,186,204,214,214,Algún campo sin dato,1,1f2905fb60033c6caa94c0a57f0f39b26ef5a28526f9da7213026672bdcb816d,25/06/2023 23:24:59,ESCANER
21090,"Petén",17,"Poptún",12,3281,400,,,,,,,,,,,,,,,,,,,,,,,,0,,,
21091,"Petén",17,"Poptún",12,3281,400,,,,,,,,,,,,,,,,,,,,,,,,0,,,
21092,"Petén",17,"Poptún",12,3281,400,,,,,,,,,,,,,,,,,,,,,,,,0,,,
21093,"Petén",17,"Poptún",12,3281,400,,,,,,,,,,,,,,,,,,,,,,,,0,,,
21094,"Petén",17,"Poptún",12,3281,400,17,76,8,19,2,31,1,0,7,32,193,4,5,202,0,202,--,400,198,193,202,202,Algún campo sin dato,1,cc9d729fbae80fb514963f3829c21d16fc5f7385f45a8f70c46887fc8aa7dfa8,26/06/2023 00:07:40,ESCANER
21095,"Petén",17,"Poptún",12,3281,400,28,76,7,25,3,40,0,2,7,17,205,3,3,211,0,211,--,400,189,205,211,211,Algún campo sin dato,1,f748b0fe9469ad49273eb9a5beee3e128536e865d81d82416ca165065050cb23,25/06/2023 22:50:36,ESCANER
21096,"Petén",17,"Poptún",12,3281,400,,,,,,,,,,,,,,,,,,,,,,,,0,,,
21097,"Petén",17,"Poptún",12,3281,400,28,68,9,17,0,33,0,0,10,22,187,3,1,191,0,191,--,400,209,187,191,191,Algún campo sin dato,1,314ef9d7177071f77ade230ded8f8ead91f55ecae5b021f843d600ce25496092,25/06/2023 23:37:39,ESCANER
21098,"Petén",17,"Poptún",12,3281,400,20,79,4,18,1,39,0,2,13,27,203,5,0,208,0,208,--,400,192,203,208,208,Algún campo sin dato,1,15b32a85fbcb3d41e03305b8885ab6806d957fb73b30898db5d1cbd88eaceec8,26/06/2023 00:13:54,ESCANER
21099,"Petén",17,"Poptún",12,3281,279,17,73,5,7,1,27,0,0,2,12,144,2,0,146,0,146,--,279,133,144,146,146,Algún campo sin dato,1,fabbc3856ea7072e6e8776c5dbcd0392cdd68f9e7801c9eb12aeff4409055ea8,25/06/2023 23:21:02,ESCANER
21100,"Petén",17,"Poptún",12,3281,279,,,,,,,,,,,,,,,,,,,,,,,,0,,,
21101,"Petén",17,"Poptún",12,3282,380,,,,,,,,,,,,,,,,,,,,,,,,0,,,
21102,"Petén",17,"Poptún",12,3282,380,,,,,,,,,,,,,,,,,,,,,,,,0,,,
21103,"Petén",17,"Poptún",12,3282,380,,,,,,,,,,,,,,,,,,,,,,,,0,,,
21104,"Petén",17,"Poptún",12,3282,380,,,,,,,,,,,,,,,,,,,,,,,,0,,,
21105,"Petén",17,"Poptún",12,3282,380,,,,,,,,,,,,,,,,,,,,,,,,0,,,
21106,"Petén",17,"Poptún",12,3282,380,,,,,,,,,,,,,,,,,,,,,,,,0,,,
21107,"Petén",17,"Poptún",12,3282,380,,,,,,,,,,,,,,,,,,,,,,,,0,,,
21108,"Petén",17,"Poptún",12,3282,380,,,,,,,,,,,,,,,,,,,,,,,,0,,,
21109,"Petén",17,"Poptún",12,3282,380,,,,,,,,,,,,,,,,,,,,,,,,0,,,
21110,"Petén",17,"Poptún",12,3282,380,,,,,,,,,,,,,,,,,,,,,,,,0,,,
21111,"Petén",17,"Poptún",12,3282,380,,,,,,,,,,,,,,,,,,,,,,,,0,,,
21112,"Petén",17,"Poptún",12,3282,380,,,,,,,,,,,,,,,,,,,,,,,,0,,,
21113,"Petén",17,"Poptún",12,3282,380,,,,,,,,,,,,,,,,,,,,,,,,0,,,
21114,"Petén",17,"Poptún",12,3282,380,,,,,,,,,,,,,,,,,,,,,,,,0,,,
21115,"Petén",17,"Poptún",12,3282,277,,,,,,,,,,,,,,,,,,,,,,,,0,,,
21116,"Petén",17,"Poptún",12,3282,277,,,,,,,,,,,,,,,,,,,,,,,,0,,,
21117,"Petén",17,"Poptún",12,3283,380,,,,,,,,,,,,,,,,,,,,,,,,0,,,
21118,"Petén",17,"Poptún",12,3283,380,,,,,,,,,,,,,,,,,,,,,,,,0,,,
21119,"Petén",17,"Poptún",12,3283,380,,,,,,,,,,,,,,,,,,,,,,,,0,,,
21120,"Petén",17,"Poptún",12,3283,270,,,,,,,,,,,,,,,,,,,,,,,,0,,,
21121,"Petén",17,"Poptún",12,3283,269,,,,,,,,,,,,,,,,,,,,,,,,0,,,
21122,"Petén",17,"Poptún",12,3284,380,,,,,,,,,,,,,,,,,,,,,,,,0,,,
21123,"Petén",17,"Poptún",12,3284,380,,,,,,,,,,,,,,,,,,,,,,,,0,,,
21124,"Petén",17,"Poptún",12,3284,380,,,,,,,,,,,,,,,,,,,,,,,,0,,,
21125,"Petén",17,"Poptún",12,3284,359,,,,,,,,,,,,,,,,,,,,,,,,0,,,
21126,"Petén",17,"Poptún",12,3284,359,,,,,,,,,,,,,,,,,,,,,,,,0,,,
21127,"Petén",17,"Poptún",12,3285,380,,,,,,,,,,,,,,,,,,,,,,,,0,,,
21128,"Petén",17,"Poptún",12,3285,380,,,,,,,,,,,,,,,,,,,,,,,,0,,,
21129,"Petén",17,"Poptún",12,3285,380,,,,,,,,,,,,,,,,,,,,,,,,0,,,
21130,"Petén",17,"Poptún",12,3285,380,,,,,,,,,,,,,,,,,,,,,,,,0,,,
21131,"Petén",17,"Poptún",12,3285,380,,,,,,,,,,,,,,,,,,,,,,,,0,,,
21132,"Petén",17,"Poptún",12,3285,319,,,,,,,,,,,,,,,,,,,,,,,,0,,,
21133,"Petén",17,"Poptún",12,3285,319,,,,,,,,,,,,,,,,,,,,,,,,0,,,
21134,"Petén",17,"Poptún",12,3286,380,,,,,,,,,,,,,,,,,,,,,,,,0,,,
21135,"Petén",17,"Poptún",12,3287,380,,,,,,,,,,,,,,,,,,,,,,,,0,,,
21136,"Petén",17,"Poptún",12,3287,304,,,,,,,,,,,,,,,,,,,,,,,,0,,,
21137,"Petén",17,"Poptún",12,3287,303,,,,,,,,,,,,,,,,,,,,,,,,0,,,
21138,"Petén",17,"Poptún",12,3288,600,6,76,8,12,0,32,2,2,3,14,155,17,2,174,0,174,--,600,426,155,174,174,Algún campo sin dato,1,f9100fd5ce554ab99c6081976e40eb09a845cadf2e88fd12d40a88f69a592e76,25/06/2023 23:00:58,ESCANER
21139,"Petén",17,"Poptún",12,3288,503,,,,,,,,,,,,,,,,,,,,,,,,0,,,
21140,"Petén",17,"Poptún",12,3288,502,4,20,3,9,0,17,1,0,1,7,62,2,4,68,0,68,--,502,434,62,68,68,Algún campo sin dato,1,79d701e20f25291dba50f5c9232e7cb8848e62d05842cf0e8b6a6b14b2bdebd3,25/06/2023 23:17:12,ESCANER