﻿TIPO_DE_ELECCIÓN:,CORPORACIÓN MUNICIPAL
26 junio 2023 00:25 (UTC -6)
ACTAS_ESPERADAS,ACTAS_CAPTURADAS,PORCENTAJE_ACTAS_CAPTURADAS,ACTAS_CONTABILIZADAS,PORCENTAJE_ACTAS_CONTABILIZADAS,ACTAS_NO_CONTABILIZADAS,LISTA_NOMINAL_ACTAS_CONTABILIZADAS,VOTOS_EMITIDOS_CONTABILIZADAS,PORCENTAJE_PARTICIPACIÓN_CIUDADANA
206,61,29.6116,61,29.6116,0,22391,13377,59.7427

MESA,DEPARTAMENTO,ID_DEPARTAMENTO,MUNICIPIO,ID_MUNICIPIO,CENTRO_DE_VOTACIÓN,PADRÓN,CABAL,UNE,MLP,TODOS,VICTORIA,VAMOS,PPN,PODEMOS,UR,AZUL,VIVA,U R N G - MAIZ,CREO,VALOR UNIONISTA,VÁLIDOS,NULOS,BLANCO,EMITIDOS,INVÁLIDOS,TOTAL,IMPUGNACIONES,PAPELETAS-RECIBIDAS,PAPELETAS-NO-USADAS,VALIDOS_CALCULADO,EMITIDOS_CALCULADO,TOTAL_CALCULADO,OBSERVACIONES,CONTABILIZADA,CÓDIGO_INTEGRIDAD,FECHA_HORA_PUBLICACIÓN,DIGITALIZACIÓN
17016,"Quiché",14,"Chichicastenango",6,2571,400,,,,,,,,,,,,,,,,,,,,,,,,,,,,0,,,
17017,"Quiché",14,"Chichicastenango",6,2571,400,,,,,,,,,,,,,,,,,,,,,,,,,,,,0,,,
17018,"Quiché",14,"Chichicastenango",6,2571,400,,,,,,,,,,,,,,,,,,,,,,,,,,,,0,,,
17019,"Quiché",14,"Chichicastenango",6,2571,400,,,,,,,,,,,,,,,,,,,,,,,,,,,,0,,,
17020,"Quiché",14,"Chichicastenango",6,2571,400,,,,,,,,,,,,,,,,,,,,,,,,,,,,0,,,
17021,"Quiché",14,"Chichicastenango",6,2571,400,,,,,,,,,,,,,,,,,,,,,,,,,,,,0,,,
17022,"Quiché",14,"Chichicastenango",6,2571,400,,,,,,,,,,,,,,,,,,,,,,,,,,,,0,,,
17023,"Quiché",14,"Chichicastenango",6,2571,400,,,,,,,,,,,,,,,,,,,,,,,,,,,,0,,,
17024,"Quiché",14,"Chichicastenango",6,2571,400,,,,,,,,,,,,,,,,,,,,,,,,,,,,0,,,
17025,"Quiché",14,"Chichicastenango",6,2571,400,,,,,,,,,,,,,,,,,,,,,,,,,,,,0,,,
17026,"Quiché",14,"Chichicastenango",6,2571,400,,,,,,,,,,,,,,,,,,,,,,,,,,,,0,,,
17027,"Quiché",14,"Chichicastenango",6,2571,400,,,,,,,,,,,,,,,,,,,,,,,,,,,,0,,,
17028,"Quiché",14,"Chichicastenango",6,2571,265,7,34,0,1,7,59,0,2,5,5,5,2,2,13,142,6,2,150,0,150,0,265,115,142,150,150,,1,95f5abc655c8c20d8b195a09c7b5efb60994fa887fbc1387800d04d3098f9185,26/06/2023 00:01:50,ESCANER
17029,"Quiché",14,"Chichicastenango",6,2571,264,,,,,,,,,,,,,,,,,,,,,,,,,,,,0,,,
17030,"Quiché",14,"Chichicastenango",6,2572,400,,,,,,,,,,,,,,,,,,,,,,,,,,,,0,,,
17031,"Quiché",14,"Chichicastenango",6,2573,400,,,,,,,,,,,,,,,,,,,,,,,,,,,,0,,,
17032,"Quiché",14,"Chichicastenango",6,2573,400,,,,,,,,,,,,,,,,,,,,,,,,,,,,0,,,
17033,"Quiché",14,"Chichicastenango",6,2573,400,,,,,,,,,,,,,,,,,,,,,,,,,,,,0,,,
17034,"Quiché",14,"Chichicastenango",6,2573,400,,,,,,,,,,,,,,,,,,,,,,,,,,,,0,,,
17035,"Quiché",14,"Chichicastenango",6,2573,400,,,,,,,,,,,,,,,,,,,,,,,,,,,,0,,,
17036,"Quiché",14,"Chichicastenango",6,2573,400,,,,,,,,,,,,,,,,,,,,,,,,,,,,0,,,
17037,"Quiché",14,"Chichicastenango",6,2573,400,,,,,,,,,,,,,,,,,,,,,,,,,,,,0,,,
17038,"Quiché",14,"Chichicastenango",6,2574,400,,,,,,,,,,,,,,,,,,,,,,,,,,,,0,,,
17039,"Quiché",14,"Chichicastenango",6,2574,363,,,,,,,,,,,,,,,,,,,,,,,,,,,,0,,,
17040,"Quiché",14,"Chichicastenango",6,2574,362,35,43,2,5,4,93,3,8,3,1,2,2,1,7,209,6,2,217,0,217,0,362,145,209,217,217,,1,f7d041f479162e7ac467b0634265db68216ceb746dc20d2b13e615db1754aaaf,25/06/2023 23:12:55,ESCANER
17041,"Quiché",14,"Chichicastenango",6,2575,400,85,93,2,7,5,72,0,0,1,1,6,0,2,6,280,13,17,310,0,310,0,397,87,280,310,310,,1,fe90890b23c2b22e1953c6ddd404519b0eb111eaa0cfbf108b805a73247f7b3f,25/06/2023 23:35:46,ESCANER
17042,"Quiché",14,"Chichicastenango",6,2575,400,,,,,,,,,,,,,,,,,,,,,,,,,,,,0,,,
17043,"Quiché",14,"Chichicastenango",6,2575,255,,,,,,,,,,,,,,,,,,,,,,,,,,,,0,,,
17044,"Quiché",14,"Chichicastenango",6,2575,254,56,44,1,3,2,32,1,0,0,0,2,0,1,7,149,2,1,152,0,152,0,254,102,149,152,152,,1,7b4a887762d94a8094d38987c1d598b62c34e87c9a34dcac0a18391c41353132,25/06/2023 23:09:15,ESCANER
17045,"Quiché",14,"Chichicastenango",6,2576,400,,,,,,,,,,,,,,,,,,,,,,,,,,,,0,,,
17046,"Quiché",14,"Chichicastenango",6,2577,400,,,,,,,,,,,,,,,,,,,,,,,,,,,,0,,,
17047,"Quiché",14,"Chichicastenango",6,2577,400,,,,,,,,,,,,,,,,,,,,,,,,,,,,0,,,
17048,"Quiché",14,"Chichicastenango",6,2577,400,,,,,,,,,,,,,,,,,,,,,,,,,,,,0,,,
17049,"Quiché",14,"Chichicastenango",6,2577,400,,,,,,,,,,,,,,,,,,,,,,,,,,,,0,,,
17050,"Quiché",14,"Chichicastenango",6,2577,400,,,,,,,,,,,,,,,,,,,,,,,,,,,,0,,,
17051,"Quiché",14,"Chichicastenango",6,2577,400,,,,,,,,,,,,,,,,,,,,,,,,,,,,0,,,
17052,"Quiché",14,"Chichicastenango",6,2577,400,,,,,,,,,,,,,,,,,,,,,,,,,,,,0,,,
17053,"Quiché",14,"Chichicastenango",6,2578,400,,,,,,,,,,,,,,,,,,,,,,,,,,,,0,,,
17054,"Quiché",14,"Chichicastenango",6,2578,400,,,,,,,,,,,,,,,,,,,,,,,,,,,,0,,,
17055,"Quiché",14,"Chichicastenango",6,2578,400,,,,,,,,,,,,,,,,,,,,,,,,,,,,0,,,
17056,"Quiché",14,"Chichicastenango",6,2579,400,,,,,,,,,,,,,,,,,,,,,,,,,,,,0,,,
17057,"Quiché",14,"Chichicastenango",6,2579,400,27,62,0,1,8,105,0,4,0,1,5,1,0,18,232,2,0,234,0,234,0,397,163,232,234,234,,1,6c58f9296d7a3128af4acd3be63a9ef4ee6439139477bbe5a222bfb9f5bf25ec,25/06/2023 23:53:54,ESCANER
17058,"Quiché",14,"Chichicastenango",6,2579,332,27,28,1,7,5,81,2,2,4,0,1,3,0,12,173,3,0,176,0,176,0,332,156,173,176,176,,1,aa4cad3d8326764461a0934492b917980ae4a69dd7048b44fd999383d0d1698b,26/06/2023 00:15:14,ESCANER
17059,"Quiché",14,"Chichicastenango",6,2579,332,37,42,2,6,7,79,0,5,0,1,1,0,0,10,190,4,1,195,0,195,0,329,134,190,195,195,,1,e83429caa055b4141ef7ce5fc05cdc192725c7fe4ec9c985a7dce8910e0131e0,25/06/2023 23:39:57,ESCANER
17060,"Quiché",14,"Chichicastenango",6,2580,380,,,,,,,,,,,,,,,,,,,,,,,,,,,,0,,,
17061,"Quiché",14,"Chichicastenango",6,2580,380,,,,,,,,,,,,,,,,,,,,,,,,,,,,0,,,
17062,"Quiché",14,"Chichicastenango",6,2580,380,,,,,,,,,,,,,,,,,,,,,,,,,,,,0,,,
17063,"Quiché",14,"Chichicastenango",6,2580,380,,,,,,,,,,,,,,,,,,,,,,,,,,,,0,,,
17064,"Quiché",14,"Chichicastenango",6,2580,380,23,49,3,12,9,102,0,11,0,4,1,2,2,19,237,4,8,249,0,249,0,377,128,237,249,249,,1,aeacef969bdfc52041998f7e5fd3ecbc4ed6b80e6eb97bc67a078ffc107a2e55,25/06/2023 23:26:30,ESCANER
17065,"Quiché",14,"Chichicastenango",6,2580,380,24,69,2,21,13,84,0,4,5,9,6,2,0,28,267,5,6,278,0,278,0,380,102,267,278,278,,1,fba22ebe00704ee2b9cc40ab5e7cfd152a0401adb9cf90713df7db1bceecc279,26/06/2023 00:00:10,ESCANER
17066,"Quiché",14,"Chichicastenango",6,2580,380,,,,,,,,,,,,,,,,,,,,,,,,,,,,0,,,
17067,"Quiché",14,"Chichicastenango",6,2581,380,16,43,4,11,7,85,2,7,2,2,4,0,2,31,216,7,8,231,1,232,0,380,148,216,231,232,,1,a566b84d153cc50003044111acd750924066729428fc6182da8b13e9957c0373,25/06/2023 23:55:33,ESCANER
17068,"Quiché",14,"Chichicastenango",6,2581,380,44,40,1,11,9,89,1,5,0,1,3,2,0,29,235,2,1,238,0,238,0,380,142,235,238,238,,1,a31c1ff4a99bc24a36721eb7573bc1e7adc0c58152e8436fd74c0cfd408b04a9,25/06/2023 22:45:28,ESCANER
17069,"Quiché",14,"Chichicastenango",6,2581,298,19,25,1,11,5,63,1,4,0,4,0,0,2,25,160,2,1,163,0,163,0,298,135,160,163,163,,1,8efdee0872b002e301e93a669ec0d0355bda254d2bf4bf2689f1cd6a04466efb,25/06/2023 22:56:43,ESCANER
17070,"Quiché",14,"Chichicastenango",6,2581,297,17,26,1,5,9,57,0,6,0,2,2,0,0,23,148,2,1,151,0,151,0,293,142,148,151,151,,1,ebb09ccc519a68bb2704bf7cb3a1c8d1f3004bb89e8399795790801f36d59970,25/06/2023 23:20:44,ESCANER
17071,"Quiché",14,"Chichicastenango",6,2582,380,35,27,2,18,5,104,10,2,0,0,1,0,0,16,220,8,11,239,0,239,0,380,141,220,239,239,,1,45681fb8dcd652b2611aec72a9134c94b2d078d15bd763e1ebb988f84b02dc7e,25/06/2023 23:29:19,ESCANER
17072,"Quiché",14,"Chichicastenango",6,2582,380,,,,,,,,,,,,,,,,,,,,,,,,,,,,0,,,
17073,"Quiché",14,"Chichicastenango",6,2582,380,,,,,,,,,,,,,,,,,,,,,,,,,,,,0,,,
17074,"Quiché",14,"Chichicastenango",6,2582,380,,,,,,,,,,,,,,,,,,,,,,,,,,,,0,,,
17075,"Quiché",14,"Chichicastenango",6,2582,380,,,,,,,,,,,,,,,,,,,,,,,,,,,,0,,,
17076,"Quiché",14,"Chichicastenango",6,2582,380,28,33,2,19,7,135,1,1,1,2,2,0,4,10,245,11,8,264,0,264,0,380,116,245,264,264,,1,e4ddad5677611212cc1a5c28bf76957410eb3bc878e1b81104fd36480a40517e,26/06/2023 00:03:10,ESCANER
17077,"Quiché",14,"Chichicastenango",6,2582,380,,,,,,,,,,,,,,,,,,,,,,,,,,,,0,,,
17078,"Quiché",14,"Chichicastenango",6,2582,380,,,,,,,,,,,,,,,,,,,,,,,,,,,,0,,,
17079,"Quiché",14,"Chichicastenango",6,2582,380,,,,,,,,,,,,,,,,,,,,,,,,,,,,0,,,
17080,"Quiché",14,"Chichicastenango",6,2582,380,,,,,,,,,,,,,,,,,,,,,,,,,,,,0,,,
17081,"Quiché",14,"Chichicastenango",6,2582,380,,,,,,,,,,,,,,,,,,,,,,,,,,,,0,,,
17082,"Quiché",14,"Chichicastenango",6,2582,380,31,21,3,15,6,114,12,0,0,1,1,0,0,14,218,6,1,225,0,225,0,380,155,218,225,225,,1,7568db7ee992f8ddf8e4895e02592cb8f0d0f63f9a8511086b2b45ff6f114724,25/06/2023 23:21:16,ESCANER
17083,"Quiché",14,"Chichicastenango",6,2582,380,,,,,,,,,,,,,,,,,,,,,,,,,,,,0,,,
17084,"Quiché",14,"Chichicastenango",6,2582,380,,,,,,,,,,,,,,,,,,,,,,,,,,,,0,,,
17085,"Quiché",14,"Chichicastenango",6,2582,380,41,31,2,10,7,106,14,0,0,1,1,0,0,14,227,11,5,243,0,243,0,380,137,227,243,243,,1,b8d96d8d1f89c53eb359a5ca447d007cc2b6f676fe4e520cf449156ecb3fbd45,25/06/2023 22:23:50,ESCANER
17086,"Quiché",14,"Chichicastenango",6,2582,380,,,,,,,,,,,,,,,,,,,,,,,,,,,,0,,,
17087,"Quiché",14,"Chichicastenango",6,2582,380,,,,,,,,,,,,,,,,,,,,,,,,,,,,0,,,
17088,"Quiché",14,"Chichicastenango",6,2582,380,26,41,3,20,7,115,9,0,0,0,0,2,1,19,243,14,7,264,0,264,0,377,113,243,264,264,,1,a13e0b07b24aa3129d155fb89fa1972103e3d66d6e166a50033c60015e25dc0f,26/06/2023 00:22:00,ESCANER
17089,"Quiché",14,"Chichicastenango",6,2583,380,,,,,,,,,,,,,,,,,,,,,,,,,,,,0,,,
17090,"Quiché",14,"Chichicastenango",6,2583,380,,,,,,,,,,,,,,,,,,,,,,,,,,,,0,,,
17091,"Quiché",14,"Chichicastenango",6,2583,380,35,27,3,9,10,101,12,1,1,0,0,2,0,12,213,9,4,226,0,226,0,380,154,213,226,226,,1,d28c422b594c35e159db01650c7d36107ad76d0dcd6d4f1373368200fd2ce0d9,25/06/2023 23:21:59,ESCANER
17092,"Quiché",14,"Chichicastenango",6,2583,380,27,32,3,11,8,103,8,0,0,0,0,0,0,7,199,3,3,205,0,205,0,380,175,199,205,205,,1,88ce8f8c865491e46771654c00f0ed1d0a839439c42a3f313ed512bfd88de839,25/06/2023 23:42:10,ESCANER
17093,"Quiché",14,"Chichicastenango",6,2583,380,16,24,6,8,12,123,11,0,1,0,2,1,1,14,219,9,1,229,0,229,0,380,151,219,229,229,,1,11332efa11e64e2e418b2febdfd852bf0bdb96c0a86fe8b13a1868be24e03b46,25/06/2023 22:47:54,ESCANER
17094,"Quiché",14,"Chichicastenango",6,2583,380,33,36,2,5,8,95,18,0,0,3,0,1,0,12,213,4,0,217,0,217,0,380,163,213,217,217,,1,b16a9e14d2739bd3a153284978a861a30e1fe7da4f5f8d7f465c738feeb2e260,26/06/2023 00:04:04,ESCANER
17095,"Quiché",14,"Chichicastenango",6,2583,380,32,27,1,10,6,100,6,1,0,0,3,0,0,11,197,4,2,203,0,203,0,380,177,197,203,203,,1,50fa417c8b65f92b013e85affd5afcc19731381f67283c56998ed2f09986323a,25/06/2023 23:56:53,ESCANER
17096,"Quiché",14,"Chichicastenango",6,2583,380,20,26,0,10,2,113,6,0,1,0,1,0,0,13,192,4,2,198,0,198,0,380,182,192,198,198,,1,d8046ea51156665b56de9f3931cb0a520ad071aa35013f3303497755e4e4e1f9,26/06/2023 00:07:05,ESCANER
17097,"Quiché",14,"Chichicastenango",6,2583,314,,,,,,,,,,,,,,,,,,,,,,,,,,,,0,,,
17098,"Quiché",14,"Chichicastenango",6,2583,313,,,,,,,,,,,,,,,,,,,,,,,,,,,,0,,,
17099,"Quiché",14,"Chichicastenango",6,2584,380,55,30,6,5,6,76,3,3,0,2,1,2,0,14,203,8,3,214,0,214,0,380,166,203,214,214,,1,936c95cefc2d701c7524b335b3f2e2c1e92e3227db9b11a7229c53a5e52deac4,25/06/2023 23:23:54,ESCANER
17100,"Quiché",14,"Chichicastenango",6,2584,380,,,,,,,,,,,,,,,,,,,,,,,,,,,,0,,,
17101,"Quiché",14,"Chichicastenango",6,2584,380,66,40,11,22,1,60,1,2,1,0,3,3,1,11,222,18,22,262,0,--,0,380,118,222,262,262,Algún campo sin dato,1,06ecb18810f7c1d50210a7dc05d4f7701f92dcea4e7c44f77b05ffe1ba125225,26/06/2023 00:00:54,ESCANER
17102,"Quiché",14,"Chichicastenango",6,2584,380,,,,,,,,,,,,,,,,,,,,,,,,,,,,0,,,
17103,"Quiché",14,"Chichicastenango",6,2584,380,,,,,,,,,,,,,,,,,,,,,,,,,,,,0,,,
17104,"Quiché",14,"Chichicastenango",6,2584,380,,,,,,,,,,,,,,,,,,,,,,,,,,,,0,,,
17105,"Quiché",14,"Chichicastenango",6,2584,380,,,,,,,,,,,,,,,,,,,,,,,,,,,,0,,,
17106,"Quiché",14,"Chichicastenango",6,2584,380,69,65,2,8,1,53,2,1,2,3,2,2,1,9,220,8,15,243,0,243,0,380,137,220,243,243,,1,6d6cd73a351267d094638fd027bce57ed1750ac46f4da03c0318232acb211a2c,25/06/2023 23:46:15,ESCANER
17107,"Quiché",14,"Chichicastenango",6,2584,380,62,42,3,18,0,50,1,1,0,0,1,1,0,17,196,6,8,210,0,210,0,380,170,196,210,210,,1,da9a59de63b7c34c1948ce4a58693cdc330dc135c0f02c8ccb6b4fc536e62981,25/06/2023 23:28:04,ESCANER
17108,"Quiché",14,"Chichicastenango",6,2584,380,,,,,,,,,,,,,,,,,,,,,,,,,,,,0,,,
17109,"Quiché",14,"Chichicastenango",6,2584,380,,,,,,,,,,,,,,,,,,,,,,,,,,,,0,,,
17110,"Quiché",14,"Chichicastenango",6,2584,380,,,,,,,,,,,,,,,,,,,,,,,,,,,,0,,,
17111,"Quiché",14,"Chichicastenango",6,2584,380,100,39,2,7,2,50,1,0,1,1,1,0,0,5,209,6,7,222,0,222,--,380,158,209,222,222,Algún campo sin dato,1,89ffa3932a5ffe06b75972a6ef1e37daa4375f5d27ea43a313baaa6f04813b5c,25/06/2023 21:16:12,ESCANER
17112,"Quiché",14,"Chichicastenango",6,2584,380,92,44,0,18,1,45,1,0,0,0,1,2,1,7,212,8,9,0,0,229,0,380,150,212,229,229,,1,a1b56ad9f5b7a920ee349e44b2d4d02dd8ebf270135b1268f2f7622ecffecbd6,25/06/2023 22:58:23,ESCANER
17113,"Quiché",14,"Chichicastenango",6,2585,380,69,35,4,19,1,59,3,2,2,0,1,2,0,0,212,12,11,235,0,235,0,380,145,197,220,220,Sumas Asentadas sin cuadrar,1,525eace0b3448ca6782542fe0ae38802e1403f0fc0de451c68638d5f83f411ee,25/06/2023 23:52:16,ESCANER
17114,"Quiché",14,"Chichicastenango",6,2585,380,,,,,,,,,,,,,,,,,,,,,,,,,,,,0,,,
17115,"Quiché",14,"Chichicastenango",6,2585,380,,,,,,,,,,,,,,,,,,,,,,,,,,,,0,,,
17116,"Quiché",14,"Chichicastenango",6,2585,380,,,,,,,,,,,,,,,,,,,,,,,,,,,,0,,,
17117,"Quiché",14,"Chichicastenango",6,2585,380,,,,,,,,,,,,,,,,,,,,,,,,,,,,0,,,
17118,"Quiché",14,"Chichicastenango",6,2585,380,,,,,,,,,,,,,,,,,,,,,,,,,,,,0,,,
17119,"Quiché",14,"Chichicastenango",6,2585,380,,,,,,,,,,,,,,,,,,,,,,,,,,,,0,,,
17120,"Quiché",14,"Chichicastenango",6,2585,380,,,,,,,,,,,,,,,,,,,,,,,,,,,,0,,,
17121,"Quiché",14,"Chichicastenango",6,2585,380,,,,,,,,,,,,,,,,,,,,,,,,,,,,0,,,
17122,"Quiché",14,"Chichicastenango",6,2585,380,,,,,,,,,,,,,,,,,,,,,,,,,,,,0,,,
17123,"Quiché",14,"Chichicastenango",6,2585,380,,,,,,,,,,,,,,,,,,,,,,,,,,,,0,,,
17124,"Quiché",14,"Chichicastenango",6,2585,380,58,38,1,25,0,50,0,0,0,0,1,0,0,13,186,3,5,194,0,194,0,380,186,186,194,194,,1,8ddee277cbc811eb6a35c2c612286d1575a815301366c3abdc0f0b4043d152e4,25/06/2023 23:09:35,ESCANER
17125,"Quiché",14,"Chichicastenango",6,2585,312,,,,,,,,,,,,,,,,,,,,,,,,,,,,0,,,
17126,"Quiché",14,"Chichicastenango",6,2585,311,,,,,,,,,,,,,,,,,,,,,,,,,,,,0,,,
17127,"Quiché",14,"Chichicastenango",6,2586,380,,,,,,,,,,,,,,,,,,,,,,,,,,,,0,,,
17128,"Quiché",14,"Chichicastenango",6,2586,380,,,,,,,,,,,,,,,,,,,,,,,,,,,,0,,,
17129,"Quiché",14,"Chichicastenango",6,2586,380,,,,,,,,,,,,,,,,,,,,,,,,,,,,0,,,
17130,"Quiché",14,"Chichicastenango",6,2586,380,,,,,,,,,,,,,,,,,,,,,,,,,,,,0,,,
17131,"Quiché",14,"Chichicastenango",6,2586,380,,,,,,,,,,,,,,,,,,,,,,,,,,,,0,,,
17132,"Quiché",14,"Chichicastenango",6,2586,380,,,,,,,,,,,,,,,,,,,,,,,,,,,,0,,,
17133,"Quiché",14,"Chichicastenango",6,2586,380,,,,,,,,,,,,,,,,,,,,,,,,,,,,0,,,
17134,"Quiché",14,"Chichicastenango",6,2586,380,,,,,,,,,,,,,,,,,,,,,,,,,,,,0,,,
17135,"Quiché",14,"Chichicastenango",6,2586,380,,,,,,,,,,,,,,,,,,,,,,,,,,,,0,,,
17136,"Quiché",14,"Chichicastenango",6,2586,380,,,,,,,,,,,,,,,,,,,,,,,,,,,,0,,,
17137,"Quiché",14,"Chichicastenango",6,2586,380,,,,,,,,,,,,,,,,,,,,,,,,,,,,0,,,
17138,"Quiché",14,"Chichicastenango",6,2586,380,,,,,,,,,,,,,,,,,,,,,,,,,,,,0,,,
17139,"Quiché",14,"Chichicastenango",6,2586,380,,,,,,,,,,,,,,,,,,,,,,,,,,,,0,,,
17140,"Quiché",14,"Chichicastenango",6,2586,380,,,,,,,,,,,,,,,,,,,,,,,,,,,,0,,,
17141,"Quiché",14,"Chichicastenango",6,2586,327,,,,,,,,,,,,,,,,,,,,,,,,,,,,0,,,
17142,"Quiché",14,"Chichicastenango",6,2586,327,,,,,,,,,,,,,,,,,,,,,,,,,,,,0,,,
17143,"Quiché",14,"Chichicastenango",6,2587,380,,,,,,,,,,,,,,,,,,,,,,,,,,,,0,,,
17144,"Quiché",14,"Chichicastenango",6,2587,380,,,,,,,,,,,,,,,,,,,,,,,,,,,,0,,,
17145,"Quiché",14,"Chichicastenango",6,2587,380,,,,,,,,,,,,,,,,,,,,,,,,,,,,0,,,
17146,"Quiché",14,"Chichicastenango",6,2587,380,60,89,2,9,11,77,0,6,5,2,5,0,3,25,296,16,9,321,2,323,0,380,57,294,319,321,Sumas Asentadas sin cuadrar,1,7495afe7b56fb9c6febc97ae3ed9451acbfeba8e0352119ea865701209f11578,26/06/2023 00:16:39,ESCANER
17147,"Quiché",14,"Chichicastenango",6,2587,380,,,,,,,,,,,,,,,,,,,,,,,,,,,,0,,,
17148,"Quiché",14,"Chichicastenango",6,2587,380,,,,,,,,,,,,,,,,,,,,,,,,,,,,0,,,
17149,"Quiché",14,"Chichicastenango",6,2587,380,74,76,2,5,6,50,0,2,3,7,8,3,2,0,238,12,14,264,0,264,0,380,116,238,264,264,,1,c2dc6125e250aa8428b0e5cfba051e3025f643ae2442fea5e62e44d20769e11e,25/06/2023 23:41:15,ESCANER
17150,"Quiché",14,"Chichicastenango",6,2588,380,71,54,1,7,9,67,1,3,3,4,6,2,3,13,244,20,7,271,0,271,0,380,109,244,271,271,,1,e6ee449528589d9353bd927d420e9965e91b4eb04378c059fa9947c3d2896a8e,25/06/2023 22:20:54,ESCANER
17151,"Quiché",14,"Chichicastenango",6,2588,380,,,,,,,,,,,,,,,,,,,,,,,,,,,,0,,,
17152,"Quiché",14,"Chichicastenango",6,2588,380,86,68,2,3,8,61,1,1,5,1,3,0,0,10,249,1,0,250,0,250,0,380,130,249,250,250,,1,b700ac78781034440e073aebda2909ce9cf0634de3713322e74b69e73d159b5f,26/06/2023 00:24:05,ESCANER
17153,"Quiché",14,"Chichicastenango",6,2588,314,52,63,0,1,4,50,1,4,0,0,0,0,4,17,196,1,1,198,0,198,0,314,116,196,198,198,,1,83ee42762752b2f6b685bc5e8a9ef5a011110ffd664ad023ce7486d47a3213db,25/06/2023 23:17:07,ESCANER
17154,"Quiché",14,"Chichicastenango",6,2588,314,,,,,,,,,,,,,,,,,,,,,,,,,,,,0,,,
17155,"Quiché",14,"Chichicastenango",6,2589,380,,,,,,,,,,,,,,,,,,,,,,,,,,,,0,,,
17156,"Quiché",14,"Chichicastenango",6,2589,380,,,,,,,,,,,,,,,,,,,,,,,,,,,,0,,,
17157,"Quiché",14,"Chichicastenango",6,2589,380,,,,,,,,,,,,,,,,,,,,,,,,,,,,0,,,
17158,"Quiché",14,"Chichicastenango",6,2589,380,,,,,,,,,,,,,,,,,,,,,,,,,,,,0,,,
17159,"Quiché",14,"Chichicastenango",6,2589,380,,,,,,,,,,,,,,,,,,,,,,,,,,,,0,,,
17160,"Quiché",14,"Chichicastenango",6,2589,380,,,,,,,,,,,,,,,,,,,,,,,,,,,,0,,,
17161,"Quiché",14,"Chichicastenango",6,2589,377,,,,,,,,,,,,,,,,,,,,,,,,,,,,0,,,
17162,"Quiché",14,"Chichicastenango",6,2589,376,,,,,,,,,,,,,,,,,,,,,,,,,,,,0,,,
17163,"Quiché",14,"Chichicastenango",6,2590,380,,,,,,,,,,,,,,,,,,,,,,,,,,,,0,,,
17164,"Quiché",14,"Chichicastenango",6,2590,380,,,,,,,,,,,,,,,,,,,,,,,,,,,,0,,,
17165,"Quiché",14,"Chichicastenango",6,2590,380,,,,,,,,,,,,,,,,,,,,,,,,,,,,0,,,
17166,"Quiché",14,"Chichicastenango",6,2590,380,,,,,,,,,,,,,,,,,,,,,,,,,,,,0,,,
17167,"Quiché",14,"Chichicastenango",6,2590,380,,,,,,,,,,,,,,,,,,,,,,,,,,,,0,,,
17168,"Quiché",14,"Chichicastenango",6,2590,380,100,37,2,1,3,40,1,2,0,0,3,0,1,41,231,15,13,259,0,259,0,380,121,231,259,259,,1,f037d8fd67f3a9ac4408c59adf4dfe70aa0581b2d881219eb5b2626ae89813de,26/06/2023 00:15:49,ESCANER
17169,"Quiché",14,"Chichicastenango",6,2590,380,,,,,,,,,,,,,,,,,,,,,,,,,,,,0,,,
17170,"Quiché",14,"Chichicastenango",6,2590,380,,,,,,,,,,,,,,,,,,,,,,,,,,,,0,,,
17171,"Quiché",14,"Chichicastenango",6,2590,380,,,,,,,,,,,,,,,,,,,,,,,,,,,,0,,,
17172,"Quiché",14,"Chichicastenango",6,2590,380,,,,,,,,,,,,,,,,,,,,,,,,,,,,0,,,
17173,"Quiché",14,"Chichicastenango",6,2590,380,,,,,,,,,,,,,,,,,,,,,,,,,,,,0,,,
17174,"Quiché",14,"Chichicastenango",6,2590,380,68,53,2,1,1,59,1,0,1,1,3,0,2,16,208,9,5,222,0,222,0,377,155,208,222,222,,1,dbc3023660910535f9fb75d5496d5c7de082006a3054e40ff39856541dbceea2,25/06/2023 23:24:39,ESCANER
17175,"Quiché",14,"Chichicastenango",6,2590,380,,,,,,,,,,,,,,,,,,,,,,,,,,,,0,,,
17176,"Quiché",14,"Chichicastenango",6,2590,380,,,,,,,,,,,,,,,,,,,,,,,,,,,,0,,,
17177,"Quiché",14,"Chichicastenango",6,2590,380,,,,,,,,,,,,,,,,,,,,,,,,,,,,0,,,
17178,"Quiché",14,"Chichicastenango",6,2590,380,,,,,,,,,,,,,,,,,,,,,,,,,,,,0,,,
17179,"Quiché",14,"Chichicastenango",6,2590,380,,,,,,,,,,,,,,,,,,,,,,,,,,,,0,,,
17180,"Quiché",14,"Chichicastenango",6,2590,380,65,58,2,2,4,45,0,0,0,0,2,0,0,18,196,4,1,201,0,201,0,380,179,196,201,201,,1,4373f1cfbf0a6f5dd53f56d6a3c45d49f9b9033e8a65b6df3a675faf7dfdbd96,26/06/2023 00:16:46,ESCANER
17181,"Quiché",14,"Chichicastenango",6,2590,380,55,39,0,2,3,47,4,0,0,2,3,0,1,24,180,4,6,190,0,190,0,380,190,180,190,190,,1,a02dfd8abae579060c5e79f0c621020d803a6c52899c4cbc3e4cd70bc6525f6a,25/06/2023 23:17:40,ESCANER
17182,"Quiché",14,"Chichicastenango",6,2591,380,56,44,2,8,2,43,1,1,15,4,8,1,0,19,204,23,28,255,--,255,0,380,125,204,255,255,Algún campo sin dato,1,514b0752afeefc918f9d7e5277ffaa0463255d657fe23244e6f4e88e8ed99f53,26/06/2023 00:15:17,ESCANER
17183,"Quiché",14,"Chichicastenango",6,2591,380,,,,,,,,,,,,,,,,,,,,,,,,,,,,0,,,
17184,"Quiché",14,"Chichicastenango",6,2591,380,,,,,,,,,,,,,,,,,,,,,,,,,,,,0,,,
17185,"Quiché",14,"Chichicastenango",6,2591,380,,,,,,,,,,,,,,,,,,,,,,,,,,,,0,,,
17186,"Quiché",14,"Chichicastenango",6,2591,380,10,42,3,9,2,47,1,0,6,0,5,1,1,26,153,9,11,173,0,173,0,380,207,153,173,173,,1,2d82d7ddb57d5885745182daf8e037b7b42ac0d6cc78ac35237294e7f726297d,25/06/2023 22:55:11,ESCANER
17187,"Quiché",14,"Chichicastenango",6,2591,314,16,39,2,4,0,31,1,0,15,2,1,0,0,17,128,10,1,139,0,139,0,314,175,128,139,139,,1,de930959a370fe8ed08aac0f6f60f3d52c429efb4c9409e6aba446ecb2ba41cc,25/06/2023 23:15:18,ESCANER
17188,"Quiché",14,"Chichicastenango",6,2592,314,40,27,3,2,1,31,2,1,3,0,7,2,0,11,130,5,2,137,0,137,0,314,174,130,137,137,,1,3e82a7b5fdea00adfc7f08bba862e7a95df8124a42e0c76152c8533d3f09f95e,25/06/2023 22:48:46,ESCANER
17189,"Quiché",14,"Chichicastenango",6,2593,380,68,53,5,13,1,43,2,2,1,2,5,3,5,37,236,25,14,275,0,275,0,380,105,240,279,279,Sumas Asentadas sin cuadrar,1,ca340d83462c237e9ab2b41ed6b6b6092c0593516c727db5196db507890c7a3b,25/06/2023 22:52:21,ESCANER
17190,"Quiché",14,"Chichicastenango",6,2593,380,,,,,,,,,,,,,,,,,,,,,,,,,,,,0,,,
17191,"Quiché",14,"Chichicastenango",6,2593,380,49,35,5,11,2,27,3,0,1,2,37,4,2,68,246,16,6,268,2,270,2,381,111,246,268,270,,1,49c3e3dd4bf99527c4d99b4d07d1c67433dd5f0c7ff8b3fc241f8d3b5e761583,25/06/2023 23:19:50,ESCANER
17192,"Quiché",14,"Chichicastenango",6,2593,380,52,50,3,3,8,29,1,0,1,0,18,6,0,91,262,8,7,277,0,277,0,380,103,262,277,277,,1,89436888ccbbdd81cf88bd14d9ca3dd1365631bb7e2d34b3f9e4743d1362e03d,25/06/2023 23:41:47,ESCANER
17193,"Quiché",14,"Chichicastenango",6,2593,380,35,74,0,15,2,32,0,1,0,0,6,1,2,91,259,12,2,273,0,273,0,380,107,259,273,273,,1,98f2b2d310cafe3298e7529d0ee72437a05116b3dcdaa8b8a85486c21ac2c3b1,25/06/2023 23:04:33,ESCANER
17194,"Quiché",14,"Chichicastenango",6,2593,380,84,54,2,13,3,39,2,0,0,2,8,2,2,37,248,14,9,271,0,271,0,389,118,248,271,271,,1,f715bc1bbf7099c980232b2a33341e4fbc8ac5d23e3c8149e51888e08e34e089,25/06/2023 23:51:00,ESCANER
17195,"Quiché",14,"Chichicastenango",6,2593,380,,,,,,,,,,,,,,,,,,,,,,,,,,,,0,,,
17196,"Quiché",14,"Chichicastenango",6,2593,380,36,61,6,19,1,50,0,0,1,1,6,0,0,62,243,13,6,262,0,262,0,380,118,243,262,262,,1,215ec92f6d9f771f503bade690bb7864ea3db9e886e8cb68ae4f869cefbbe701,26/06/2023 00:01:31,ESCANER
17197,"Quiché",14,"Chichicastenango",6,2593,380,,,,,,,,,,,,,,,,,,,,,,,,,,,,0,,,
17198,"Quiché",14,"Chichicastenango",6,2593,380,,,,,,,,,,,,,,,,,,,,,,,,,,,,0,,,
17199,"Quiché",14,"Chichicastenango",6,2593,380,,,,,,,,,,,,,,,,,,,,,,,,,,,,0,,,
17200,"Quiché",14,"Chichicastenango",6,2593,380,,,,,,,,,,,,,,,,,,,,,,,,,,,,0,,,
17201,"Quiché",14,"Chichicastenango",6,2593,380,54,35,1,16,2,46,1,1,0,0,7,0,0,71,234,2,2,238,0,238,0,380,139,234,238,238,,1,bb1abed552809ee71d513fee4c7e94b7dea4d18721031952638ac581b91898c2,26/06/2023 00:18:07,ESCANER
17202,"Quiché",14,"Chichicastenango",6,2593,209,25,19,2,4,1,27,0,0,0,0,3,0,0,21,102,2,2,106,0,106,0,209,103,102,106,106,,1,72ec5280838715393b5cc731ef7ab0239574db4c9f91efc0569ce70e65ef6241,25/06/2023 23:33:00,ESCANER
17203,"Quiché",14,"Chichicastenango",6,2593,209,38,18,2,3,4,27,0,1,0,1,4,1,0,19,118,2,3,123,0,123,0,209,86,118,123,123,,1,ee49168e949091bf32503d8865225c9264d567f47add4262814e6c0860e46dd9,25/06/2023 23:28:34,ESCANER
17204,"Quiché",14,"Chichicastenango",6,2594,380,64,46,0,5,0,100,0,3,4,2,2,2,0,13,241,6,22,269,111,380,0,380,111,241,269,380,,1,1148c4f98a5daf1181d9a5b1b5ffa0075862e644c29a33476f524ad0c53f9b7b,26/06/2023 00:05:19,ESCANER
17205,"Quiché",14,"Chichicastenango",6,2594,380,25,51,1,6,1,101,0,4,1,1,2,1,1,33,228,12,23,263,117,380,0,380,117,228,263,380,,1,d4a58dad70fcc28d90e6dc7503ed70dabbaa284afffb596a6781d5c9c33f4dee,26/06/2023 00:02:15,ESCANER
17206,"Quiché",14,"Chichicastenango",6,2594,380,,,,,,,,,,,,,,,,,,,,,,,,,,,,0,,,
17207,"Quiché",14,"Chichicastenango",6,2594,380,,,,,,,,,,,,,,,,,,,,,,,,,,,,0,,,
17208,"Quiché",14,"Chichicastenango",6,2594,380,,,,,,,,,,,,,,,,,,,,,,,,,,,,0,,,
17209,"Quiché",14,"Chichicastenango",6,2594,380,,,,,,,,,,,,,,,,,,,,,,,,,,,,0,,,
17210,"Quiché",14,"Chichicastenango",6,2594,380,,,,,,,,,,,,,,,,,,,,,,,,,,,,0,,,
17211,"Quiché",14,"Chichicastenango",6,2594,380,,,,,,,,,,,,,,,,,,,,,,,,,,,,0,,,
17212,"Quiché",14,"Chichicastenango",6,2594,380,,,,,,,,,,,,,,,,,,,,,,,,,,,,0,,,
17213,"Quiché",14,"Chichicastenango",6,2594,380,31,42,2,2,0,76,0,1,0,0,0,0,0,27,181,5,9,195,0,195,0,377,182,181,195,195,,1,e38fe2c2c47dcd5ad7ecf312021c28af05a0123ec93f7f4763fc7ed985ccadd5,26/06/2023 00:04:55,ESCANER
17214,"Quiché",14,"Chichicastenango",6,2594,348,,,,,,,,,,,,,,,,,,,,,,,,,,,,0,,,
17215,"Quiché",14,"Chichicastenango",6,2594,347,27,28,2,1,0,45,0,4,0,0,0,0,0,21,128,8,16,152,195,347,0,347,195,128,152,347,,1,4bf7b09a869cb86e694791ffcce98587198c5c835a9cc3f6ec44f03260830b09,25/06/2023 23:35:49,ESCANER
17216,"Quiché",14,"Chichicastenango",6,2595,361,47,70,17,15,2,54,4,3,3,2,8,3,1,20,249,9,9,267,0,267,0,361,94,249,267,267,,1,cde44d2729f9fab4cc95cb28916a52ca1f9e5e8fc4d5744f1d4ff90cd304ddd6,26/06/2023 00:04:10,ESCANER
17217,"Quiché",14,"Chichicastenango",6,2595,360,,,,,,,,,,,,,,,,,,,,,,,,,,,,0,,,
17218,"Quiché",14,"Chichicastenango",6,2596,600,19,36,2,5,2,35,4,1,0,1,4,2,2,8,121,14,3,138,0,138,0,600,462,121,138,138,,1,df0a7c2751b1c0c6915d5dda21d7e32ab182357db46b07c2e8c45e0aa1b9849d,26/06/2023 00:01:44,ESCANER
17219,"Quiché",14,"Chichicastenango",6,2596,600,,,,,,,,,,,,,,,,,,,,,,,,,,,,0,,,
17220,"Quiché",14,"Chichicastenango",6,2596,443,,,,,,,,,,,,,,,,,,,,,,,,,,,,0,,,
17221,"Quiché",14,"Chichicastenango",6,2596,443,9,16,0,1,5,22,1,1,1,0,4,0,1,4,65,0,2,67,0,67,0,440,373,65,67,67,,1,456bc33fb61de8670e53aa273020a11df7590510348b70be613484e64b4fd567,25/06/2023 21:37:43,ESCANER