﻿TIPO_DE_ELECCIÓN:,CORPORACIÓN MUNICIPAL
26 junio 2023 00:25 (UTC -6)
ACTAS_ESPERADAS,ACTAS_CAPTURADAS,PORCENTAJE_ACTAS_CAPTURADAS,ACTAS_CONTABILIZADAS,PORCENTAJE_ACTAS_CONTABILIZADAS,ACTAS_NO_CONTABILIZADAS,LISTA_NOMINAL_ACTAS_CONTABILIZADAS,VOTOS_EMITIDOS_CONTABILIZADAS,PORCENTAJE_PARTICIPACIÓN_CIUDADANA
61,33,54.0983,33,54.0983,0,11117,6467,58.1721

MESA,DEPARTAMENTO,ID_DEPARTAMENTO,MUNICIPIO,ID_MUNICIPIO,CENTRO_DE_VOTACIÓN,PADRÓN,CABAL,AZUL,VAMOS,TODOS,CAMBIO,VALOR,VIVA,UNE,FCN-NACION,VÁLIDOS,NULOS,BLANCO,EMITIDOS,INVÁLIDOS,TOTAL,IMPUGNACIONES,PAPELETAS-RECIBIDAS,PAPELETAS-NO-USADAS,VALIDOS_CALCULADO,EMITIDOS_CALCULADO,TOTAL_CALCULADO,OBSERVACIONES,CONTABILIZADA,CÓDIGO_INTEGRIDAD,FECHA_HORA_PUBLICACIÓN,DIGITALIZACIÓN
24159,"Jutiapa",22,"Jalpatagua",12,3790,400,,,,,,,,,,,,,,,,,,,,,,,0,,,
24160,"Jutiapa",22,"Jalpatagua",12,3790,400,8,80,75,14,51,23,7,7,0,265,9,2,276,0,276,0,402,126,265,276,276,,1,bbe8ce1a7522c71944f45935748b27eef184c469ea2f2516308df172420b1abb,25/06/2023 23:46:12,ESCANER
24161,"Jutiapa",22,"Jalpatagua",12,3790,400,,,,,,,,,,,,,,,,,,,,,,,0,,,
24162,"Jutiapa",22,"Jalpatagua",12,3790,400,9,61,75,7,53,16,7,6,1,235,10,1,246,0,246,0,400,154,235,246,246,,1,870fde0e5be6495391db3353056b6902bc99170a2534661e7b01fadb74a1dd73,25/06/2023 23:27:42,ESCANER
24163,"Jutiapa",22,"Jalpatagua",12,3790,400,10,60,67,7,65,24,5,5,0,243,5,2,250,0,250,0,397,147,243,250,250,,1,60bae79131c81eed10639837dc28c5b5ca2be20355a00dc5a086a4fa8a7c16a6,25/06/2023 23:50:50,ESCANER
24164,"Jutiapa",22,"Jalpatagua",12,3791,400,,,,,,,,,,,,,,,,,,,,,,,0,,,
24165,"Jutiapa",22,"Jalpatagua",12,3791,400,,,,,,,,,,,,,,,,,,,,,,,0,,,
24166,"Jutiapa",22,"Jalpatagua",12,3791,400,9,63,45,9,55,17,6,7,0,211,4,0,215,0,215,0,400,185,211,215,215,,1,a420761a96195dc0922e4c0049ea0630c20991d3162c1db6fce93a89c43f230b,25/06/2023 23:52:09,ESCANER
24167,"Jutiapa",22,"Jalpatagua",12,3791,326,12,46,52,11,46,11,1,5,0,184,3,1,188,0,188,0,326,138,184,188,188,,1,a66d95de13380d94b54f32a346f550a44f62a285f5e1c6a599fe28a45b8c3abc,25/06/2023 23:32:05,ESCANER
24168,"Jutiapa",22,"Jalpatagua",12,3791,326,,,,,,,,,,,,,,,,,,,,,,,0,,,
24169,"Jutiapa",22,"Jalpatagua",12,3792,400,,,,,,,,,,,,,,,,,,,,,,,0,,,
24170,"Jutiapa",22,"Jalpatagua",12,3792,277,3,42,44,7,41,17,9,1,0,164,13,2,179,0,179,0,269,90,164,179,179,,1,9b87e202e76572043dd4c13dfdd2ddf2ffb1bdf86bba3250a8cdd5ea3a225373,25/06/2023 23:28:42,ESCANER
24171,"Jutiapa",22,"Jalpatagua",12,3792,276,0,34,39,5,38,25,10,2,2,155,6,1,162,0,162,0,273,111,155,162,162,,1,0cda64d396d054db93d10e40678206e6713bf7585208335d61c562ce7ddc4c8a,25/06/2023 23:54:34,ESCANER
24172,"Jutiapa",22,"Jalpatagua",12,3793,380,,,,,,,,,,,,,,,,,,,,,,,0,,,
24173,"Jutiapa",22,"Jalpatagua",12,3793,380,,,,,,,,,,,,,,,,,,,,,,,0,,,
24174,"Jutiapa",22,"Jalpatagua",12,3793,380,,,,,,,,,,,,,,,,,,,,,,,0,,,
24175,"Jutiapa",22,"Jalpatagua",12,3793,380,4,124,77,4,18,5,12,4,0,248,13,7,268,0,268,0,377,109,248,268,268,,1,f13815ba557ad8355a1674c257c3df9a58347b967c3097042f731d903b6ca00c,26/06/2023 00:08:20,ESCANER
24176,"Jutiapa",22,"Jalpatagua",12,3793,380,,,,,,,,,,,,,,,,,,,,,,,0,,,
24177,"Jutiapa",22,"Jalpatagua",12,3793,380,,,,,,,,,,,,,,,,,,,,,,,0,,,
24178,"Jutiapa",22,"Jalpatagua",12,3794,380,5,107,59,4,15,7,7,2,0,206,7,3,216,0,216,0,380,164,206,216,216,,1,81705ec971a832dcfc223294824a13776f4e2e3495db628b589fa42d9de3b7be,25/06/2023 23:53:24,ESCANER
24179,"Jutiapa",22,"Jalpatagua",12,3794,290,3,83,46,3,16,7,6,1,0,165,0,0,165,0,165,0,290,125,165,165,165,,1,08e16d002eb3c6f9b5e01dec8c3cf3332b31363ee71bdd82992bcd18ea1d6c1f,25/06/2023 22:45:12,ESCANER
24180,"Jutiapa",22,"Jalpatagua",12,3794,290,2,86,49,4,12,7,4,2,0,166,2,1,169,0,169,0,290,121,166,169,169,,1,15af84149ee09b27368754bb31b03ab61d4a6bcabbffbb6ed1436d7f5e61f4b8,25/06/2023 22:27:20,ESCANER
24181,"Jutiapa",22,"Jalpatagua",12,3795,380,,,,,,,,,,,,,,,,,,,,,,,0,,,
24182,"Jutiapa",22,"Jalpatagua",12,3795,380,,,,,,,,,,,,,,,,,,,,,,,0,,,
24183,"Jutiapa",22,"Jalpatagua",12,3795,380,,,,,,,,,,,,,,,,,,,,,,,0,,,
24184,"Jutiapa",22,"Jalpatagua",12,3795,380,,,,,,,,,,,,,,,,,,,,,,,0,,,
24185,"Jutiapa",22,"Jalpatagua",12,3795,380,,,,,,,,,,,,,,,,,,,,,,,0,,,
24186,"Jutiapa",22,"Jalpatagua",12,3795,380,,,,,,,,,,,,,,,,,,,,,,,0,,,
24187,"Jutiapa",22,"Jalpatagua",12,3796,380,2,86,49,10,63,8,4,7,0,229,29,6,264,0,264,0,377,113,229,264,264,,1,ebf701d3a0401c263e221802e441337359434e830e804e529b42bceb6f5ab780,25/06/2023 23:05:40,ESCANER
24188,"Jutiapa",22,"Jalpatagua",12,3796,380,2,70,55,3,82,7,5,6,0,230,7,0,237,0,237,0,380,143,230,237,237,,1,c3868cc7f55f8c5367fc4121e8673de38e03a4082e2afc46ecb12b391b38ce03,25/06/2023 23:59:01,ESCANER
24189,"Jutiapa",22,"Jalpatagua",12,3796,380,,,,,,,,,,,,,,,,,,,,,,,0,,,
24190,"Jutiapa",22,"Jalpatagua",12,3796,248,1,68,33,3,45,4,2,3,0,159,8,1,168,0,168,0,248,80,159,168,168,,1,eba6af061b01be9a0d75fc9531ecc544abc7844390a4875c39f65e405f6f6d23,25/06/2023 23:09:00,ESCANER
24191,"Jutiapa",22,"Jalpatagua",12,3796,247,2,43,37,8,35,7,1,3,0,136,6,2,144,0,144,0,247,103,136,144,144,,1,36fc8681c5b753dadee685e2bac7dcffdae4367ea8145dfeb07b8e1255b3465b,25/06/2023 23:46:23,ESCANER
24192,"Jutiapa",22,"Jalpatagua",12,3797,380,,,,,,,,,,,,,,,,,,,,,,,0,,,
24193,"Jutiapa",22,"Jalpatagua",12,3797,380,8,44,73,23,44,8,3,9,1,213,22,0,235,0,235,0,380,145,213,235,235,,1,e7940f112131a04a1cbfb19d198a9bf1a256a8af581c44ccdbcdb0f3d1d2810a,25/06/2023 23:28:07,ESCANER
24194,"Jutiapa",22,"Jalpatagua",12,3797,380,4,58,62,21,38,9,3,1,1,197,16,5,218,0,218,0,380,162,197,218,218,,1,f1379299fd8177fb1f5a2085dd1ac636b45597e25157c765c6b130e63bde0be6,25/06/2023 23:54:49,ESCANER
24195,"Jutiapa",22,"Jalpatagua",12,3797,380,0,68,58,29,34,11,3,8,1,212,21,4,237,0,237,0,381,144,212,237,237,,1,9c38747d5293c50a95b3327b26b8f3ea7c5b185a393654203ceeba4361289054,25/06/2023 23:58:07,ESCANER
24196,"Jutiapa",22,"Jalpatagua",12,3797,244,4,30,44,12,38,5,1,4,0,144,5,1,144,0,144,0,244,100,138,144,144,Sumas Asentadas sin cuadrar,1,18f974d0212fad32f49d6c270dea71440e9b20f2722e85e4860721c3f1b4d989,25/06/2023 22:05:02,ESCANER
24197,"Jutiapa",22,"Jalpatagua",12,3797,244,1,34,20,12,29,8,4,7,0,115,4,3,122,0,122,0,244,122,115,122,122,,1,22883317c60276ade032f3f228947094673d9444f8f30f3af7b5d495262f8406,25/06/2023 23:01:52,ESCANER
24198,"Jutiapa",22,"Jalpatagua",12,3798,380,,,,,,,,,,,,,,,,,,,,,,,0,,,
24199,"Jutiapa",22,"Jalpatagua",12,3798,380,,,,,,,,,,,,,,,,,,,,,,,0,,,
24200,"Jutiapa",22,"Jalpatagua",12,3798,380,,,,,,,,,,,,,,,,,,,,,,,0,,,
24201,"Jutiapa",22,"Jalpatagua",12,3798,380,,,,,,,,,,,,,,,,,,,,,,,0,,,
24202,"Jutiapa",22,"Jalpatagua",12,3799,215,7,49,31,7,11,1,7,9,0,122,5,0,127,0,127,0,215,88,122,127,127,,1,4f88d9ca84a44cc770024dd80d8d3eea377cb40970890c7fcb2dc303bbe7f4cf,26/06/2023 00:24:53,ESCANER
24203,"Jutiapa",22,"Jalpatagua",12,3799,214,,,,,,,,,,,,,,,,,,,,,,,0,,,
24204,"Jutiapa",22,"Jalpatagua",12,3800,380,11,35,66,17,83,19,8,7,0,246,32,4,282,0,282,0,380,98,246,282,282,,1,9356834a2249f849f994e3a2b810b1d501226d2793e80be70d6687e3d38bd8b9,25/06/2023 23:02:53,ESCANER
24205,"Jutiapa",22,"Jalpatagua",12,3800,380,,,,,,,,,,,,,,,,,,,,,,,0,,,
24206,"Jutiapa",22,"Jalpatagua",12,3800,380,,,,,,,,,,,,,,,,,,,,,,,0,,,
24207,"Jutiapa",22,"Jalpatagua",12,3800,380,,,,,,,,,,,,,,,,,,,,,,,0,,,
24208,"Jutiapa",22,"Jalpatagua",12,3800,380,11,39,38,16,76,24,7,12,2,225,19,4,248,0,248,0,380,132,225,248,248,,1,88f06f43230237d67e3a509c798b887e6a58c7d10e634c92bcbdd3dc53816cc6,26/06/2023 00:18:01,ESCANER
24209,"Jutiapa",22,"Jalpatagua",12,3801,255,7,29,21,12,60,17,8,2,0,156,2,1,159,0,159,0,252,93,156,159,159,,1,fca0d6934af644c95f1d1bb54b6422391c69cbf7d009a08b611ae4b833a26eaa,25/06/2023 22:58:41,ESCANER
24210,"Jutiapa",22,"Jalpatagua",12,3801,255,4,30,22,6,48,19,4,3,0,136,8,1,145,0,145,0,255,110,136,145,145,,1,b5f2352fa27289881d4d5375accad421bb56855a4917122b9b77c3bcf365d5aa,25/06/2023 22:42:57,ESCANER
24211,"Jutiapa",22,"Jalpatagua",12,3802,380,,,,,,,,,,,,,,,,,,,,,,,0,,,
24212,"Jutiapa",22,"Jalpatagua",12,3802,380,5,72,89,9,79,6,2,5,1,268,24,5,297,0,297,1,380,82,268,297,297,,1,462b145d69e140ff562c8b1f921bdbfa5e07c10e1b209db602f3c14ad6e97c5e,26/06/2023 00:04:55,ESCANER
24213,"Jutiapa",22,"Jalpatagua",12,3802,380,6,70,72,3,85,5,2,4,1,248,12,3,263,0,263,0,380,117,248,263,263,,1,8be53c6790e751cae5bbbdd62812c0b72100af839ee1b64cb9c8e13a999b067c,25/06/2023 23:49:17,ESCANER
24214,"Jutiapa",22,"Jalpatagua",12,3802,380,7,62,61,6,89,9,8,5,0,247,24,3,274,0,271,0,380,105,247,274,274,Sumas Asentadas sin cuadrar,1,2fd7e564845db01178412a4f7d531c137f45841af98331c3c967c917e9de7be2,26/06/2023 00:23:57,ESCANER
24215,"Jutiapa",22,"Jalpatagua",12,3802,206,3,31,57,5,42,1,2,0,0,141,2,0,143,0,143,0,206,63,141,143,143,,1,76ca02acfcb3353de8ba4161f6282a27d63427e2253c63084b94f456b9c2c7d1,25/06/2023 22:45:03,ESCANER
24216,"Jutiapa",22,"Jalpatagua",12,3802,205,5,43,20,2,45,2,1,3,0,121,3,0,124,0,124,0,205,81,121,124,124,,1,4f612a72d04990637ab0249b0d88581075234ae92c73ecc963c8b25e49e9612f,26/06/2023 00:08:28,ESCANER
24217,"Jutiapa",22,"Jalpatagua",12,3803,600,4,42,40,11,20,12,11,6,1,147,17,2,166,0,166,0,600,434,147,166,166,,1,d7058bca956cc478b685c597faae38df0e75290c08202356c28e7439d402087c,25/06/2023 23:49:48,ESCANER
24218,"Jutiapa",22,"Jalpatagua",12,3803,390,4,28,43,4,4,4,2,9,0,98,4,3,105,0,105,0,390,285,98,105,105,,1,a2f8915bfda2c0eb4e495f5cf83edfce1b5a8c061c10458a9225d8c61b002152,25/06/2023 21:20:27,ESCANER
24219,"Jutiapa",22,"Jalpatagua",12,3803,389,2,5,10,1,2,4,2,2,0,28,1,2,31,0,31,0,389,358,28,31,31,,1,be130fb2dd15e6144afb05aa84920452a1629d64006ec791302598af5eb1070d,25/06/2023 21:09:20,ESCANER