﻿TIPO_DE_ELECCIÓN:,CORPORACIÓN MUNICIPAL
26 junio 2023 00:25 (UTC -6)
ACTAS_ESPERADAS,ACTAS_CAPTURADAS,PORCENTAJE_ACTAS_CAPTURADAS,ACTAS_CONTABILIZADAS,PORCENTAJE_ACTAS_CONTABILIZADAS,ACTAS_NO_CONTABILIZADAS,LISTA_NOMINAL_ACTAS_CONTABILIZADAS,VOTOS_EMITIDOS_CONTABILIZADAS,PORCENTAJE_PARTICIPACIÓN_CIUDADANA
33,21,63.6363,21,63.6363,0,8009,4571,57.0732

MESA,DEPARTAMENTO,ID_DEPARTAMENTO,MUNICIPIO,ID_MUNICIPIO,CENTRO_DE_VOTACIÓN,PADRÓN,CABAL,VAMOS,UNE,VICTORIA,PPN,AZUL,WINAQ,VOS,UR,VIVA,VALOR UNIONISTA,VÁLIDOS,NULOS,BLANCO,EMITIDOS,INVÁLIDOS,TOTAL,IMPUGNACIONES,PAPELETAS-RECIBIDAS,PAPELETAS-NO-USADAS,VALIDOS_CALCULADO,EMITIDOS_CALCULADO,TOTAL_CALCULADO,OBSERVACIONES,CONTABILIZADA,CÓDIGO_INTEGRIDAD,FECHA_HORA_PUBLICACIÓN,DIGITALIZACIÓN
5727,"Sacatepéquez",2,"Santa María De Jesús",11,594,400,21,43,42,33,46,24,1,3,19,12,1,245,7,2,254,0,254,--,400,146,245,254,254,Algún campo sin dato,1,8ce85b325782457a10abbd88b5702eeb13f7f69ed7af52c1b00d867bfdc67b16,25/06/2023 22:12:05,ESCANER
5728,"Sacatepéquez",2,"Santa María De Jesús",11,594,400,23,38,44,30,64,21,9,1,20,9,4,263,6,2,--,--,--,1,400,129,263,271,271,Algún campo sin dato,1,9d943be9d837d7689a78ca11aecc7f6f700d53198bd68997a915b7742c14d86b,25/06/2023 22:52:29,ESCANER
5729,"Sacatepéquez",2,"Santa María De Jesús",11,594,400,17,34,47,28,64,13,4,3,20,4,2,236,9,5,250,0,250,--,400,150,236,250,250,Algún campo sin dato,1,a0cfbe280897089d546db409516849d5d31404aa9634304c66cf132441edf57e,26/06/2023 00:16:26,ESCANER
5730,"Sacatepéquez",2,"Santa María De Jesús",11,594,400,,,,,,,,,,,,,,,,,,,,,,,,,0,,,
5731,"Sacatepéquez",2,"Santa María De Jesús",11,594,400,,,,,,,,,,,,,,,,,,,,,,,,,0,,,
5732,"Sacatepéquez",2,"Santa María De Jesús",11,594,400,,,,,,,,,,,,,,,,,,,,,,,,,0,,,
5733,"Sacatepéquez",2,"Santa María De Jesús",11,594,400,,,,,,,,,,,,,,,,,,,,,,,,,0,,,
5734,"Sacatepéquez",2,"Santa María De Jesús",11,594,400,26,38,30,42,62,15,2,4,28,8,6,261,8,3,272,0,272,--,400,128,261,272,272,Algún campo sin dato,1,47b3a04c673fe40027c357ef5c7dc82495d0d08cb5cabe9fbb462cab77bf3778,25/06/2023 23:35:32,ESCANER
5735,"Sacatepéquez",2,"Santa María De Jesús",11,594,400,31,39,49,35,44,12,8,3,21,15,1,258,8,6,272,0,272,--,400,128,258,272,272,Algún campo sin dato,1,6bcaec630f51ac4e177d50db8a9d7a0c1bc146c9462d1aa7375d9916dea60271,26/06/2023 00:01:33,ESCANER
5736,"Sacatepéquez",2,"Santa María De Jesús",11,595,400,,,,,,,,,,,,,,,,,,,,,,,,,0,,,
5737,"Sacatepéquez",2,"Santa María De Jesús",11,595,400,,,,,,,,,,,,,,,,,,,,,,,,,0,,,
5738,"Sacatepéquez",2,"Santa María De Jesús",11,595,400,,,,,,,,,,,,,,,,,,,,,,,,,0,,,
5739,"Sacatepéquez",2,"Santa María De Jesús",11,595,400,,,,,,,,,,,,,,,,,,,,,,,,,0,,,
5740,"Sacatepéquez",2,"Santa María De Jesús",11,595,400,,,,,,,,,,,,,,,,,,,,,,,,,0,,,
5741,"Sacatepéquez",2,"Santa María De Jesús",11,595,400,,,,,,,,,,,,,,,,,,,,,,,,,0,,,
5742,"Sacatepéquez",2,"Santa María De Jesús",11,595,400,,,,,,,,,,,,,,,,,,,,,,,,,0,,,
5743,"Sacatepéquez",2,"Santa María De Jesús",11,596,400,27,35,33,42,48,20,5,7,24,5,1,247,8,1,256,0,256,--,400,144,247,256,256,Algún campo sin dato,1,1456319bd900160de69fbf28031fd8a4182fde3dbbcbdd4d8877b49320760a77,25/06/2023 23:50:09,ESCANER
5744,"Sacatepéquez",2,"Santa María De Jesús",11,596,400,35,36,35,41,48,18,6,1,11,4,6,241,5,2,248,0,248,--,400,152,241,248,248,Algún campo sin dato,1,8f5cda7f11c721dc95943398d5e33c839d906b19308f9f36b308898610591a32,26/06/2023 00:21:02,ESCANER
5745,"Sacatepéquez",2,"Santa María De Jesús",11,596,400,28,25,41,27,59,14,3,0,17,7,3,224,11,3,238,0,238,--,400,162,224,238,238,Algún campo sin dato,1,08a66f18b8c1f403a8ecc1cf20377db013a5b9a75e36aa3dcdb14f67096df109,25/06/2023 23:24:05,ESCANER
5746,"Sacatepéquez",2,"Santa María De Jesús",11,596,400,,,,,,,,,,,,,,,,,,,,,,,,,0,,,
5747,"Sacatepéquez",2,"Santa María De Jesús",11,596,400,37,41,22,25,40,10,7,1,13,2,3,201,11,10,222,0,222,--,400,178,201,222,222,Algún campo sin dato,1,925bdd076ad7d938d6b1f75240fc1ce025c70a5b9e2567b3f69dd3f64bc9e678,25/06/2023 23:41:12,ESCANER
5748,"Sacatepéquez",2,"Santa María De Jesús",11,597,400,21,34,49,24,42,17,4,3,13,8,3,218,7,3,228,0,228,--,400,172,218,228,228,Algún campo sin dato,1,a240fac831eb1293fe163671e7a5fdbf6db5b55be202dc25f7e136acba371abf,25/06/2023 22:46:30,ESCANER
5749,"Sacatepéquez",2,"Santa María De Jesús",11,597,400,18,25,40,38,45,22,3,5,12,10,2,220,1,4,225,1,226,1,400,174,220,225,226,,1,c943a9b42f2bf495b7d8c51bedb5566fd8fcd3707d9d4a62e27eb05c6b5396ad,25/06/2023 23:28:19,ESCANER
5750,"Sacatepéquez",2,"Santa María De Jesús",11,597,400,18,32,47,33,52,17,5,1,9,5,2,221,4,0,225,0,225,--,400,175,221,225,225,Algún campo sin dato,1,32fd433c96de8f59eb00b73c24631cbd8f7e44f79d33240cbdb9ec4cadace995,25/06/2023 22:36:10,ESCANER
5751,"Sacatepéquez",2,"Santa María De Jesús",11,597,400,26,29,40,25,55,15,1,3,14,5,4,217,3,0,220,0,220,--,400,180,217,220,220,Algún campo sin dato,1,e0e55fb06137585e755a130f044db7188c28057bd46156c3b659771b1b1b7d7c,25/06/2023 23:03:00,ESCANER
5752,"Sacatepéquez",2,"Santa María De Jesús",11,597,400,18,34,36,47,48,15,3,2,14,8,1,226,4,2,232,0,232,--,400,168,226,232,232,Algún campo sin dato,1,9746c04946f10088d8fa00b388d74a832e3aaf4a2f275bfd071ecde451e4a6e6,25/06/2023 21:33:00,ESCANER
5753,"Sacatepéquez",2,"Santa María De Jesús",11,597,400,20,36,33,40,41,14,8,3,22,8,2,227,5,2,234,0,234,--,400,166,227,234,234,Algún campo sin dato,1,716af5246a9234c3ecdd0fc34b5b0b6f7be3696000b394c55cde081042620ed7,25/06/2023 22:43:16,ESCANER
5754,"Sacatepéquez",2,"Santa María De Jesús",11,597,400,15,34,39,45,47,8,5,1,27,8,2,231,4,0,235,0,235,--,400,165,231,235,235,Algún campo sin dato,1,b15c15b17996869dfbf6ce03129f57a35d7d86c59e7b143da76bcc335c3d55cf,25/06/2023 23:31:47,ESCANER
5755,"Sacatepéquez",2,"Santa María De Jesús",11,597,400,42,47,34,13,32,10,6,2,17,8,3,214,0,0,214,0,214,--,400,186,214,214,214,Algún campo sin dato,1,98a90ff377232803407b2748a94d41e6e9de5b8c26a7cec54dfc26f0d0d84688,25/06/2023 23:17:01,ESCANER
5756,"Sacatepéquez",2,"Santa María De Jesús",11,597,259,16,25,29,12,20,7,2,1,15,1,0,128,2,0,130,0,130,--,259,129,128,130,130,Algún campo sin dato,1,e21fdd815b9b6f512657aa844f427690aa601a0ab0c0211547ff04b369eca7d6,25/06/2023 21:08:35,ESCANER
5757,"Sacatepéquez",2,"Santa María De Jesús",11,597,258,20,29,23,22,30,15,2,0,12,4,3,160,1,1,162,0,162,--,258,96,160,162,162,Algún campo sin dato,1,d924228f0ad04e17eb04e37200365eb1fd24b1ec055e566a7e85e4077e41daea,26/06/2023 00:21:23,ESCANER
5758,"Sacatepéquez",2,"Santa María De Jesús",11,598,346,3,11,15,18,20,9,2,--,11,6,1,96,7,1,104,0,104,1,346,242,96,104,104,Algún campo sin dato,1,4b0decd2b6f63d7ea84d0494a1af5782cd32de1c8b659c0c1ac454620e3e4d61,25/06/2023 21:46:36,ESCANER
5759,"Sacatepéquez",2,"Santa María De Jesús",11,598,346,4,8,18,10,23,3,2,2,5,1,1,77,2,0,79,0,79,--,346,267,77,79,79,Algún campo sin dato,1,32a5b37e5e29fc21ff672b7660d6c84f1ec54f2c39fd3de70728102d4bf1b786,25/06/2023 21:26:32,ESCANER