﻿TIPO_DE_ELECCIÓN:,CORPORACIÓN MUNICIPAL
26 junio 2023 00:25 (UTC -6)
ACTAS_ESPERADAS,ACTAS_CAPTURADAS,PORCENTAJE_ACTAS_CAPTURADAS,ACTAS_CONTABILIZADAS,PORCENTAJE_ACTAS_CONTABILIZADAS,ACTAS_NO_CONTABILIZADAS,LISTA_NOMINAL_ACTAS_CONTABILIZADAS,VOTOS_EMITIDOS_CONTABILIZADAS,PORCENTAJE_PARTICIPACIÓN_CIUDADANA
26,6,23.0769,6,23.0769,0,2167,1420,65.5283

MESA,DEPARTAMENTO,ID_DEPARTAMENTO,MUNICIPIO,ID_MUNICIPIO,CENTRO_DE_VOTACIÓN,PADRÓN,AZUL,VALOR,CABAL,PODEMOS,PHG,SEMILLA,PPN,UNE,VAMOS,CAMBIO,VOS,VÁLIDOS,NULOS,BLANCO,EMITIDOS,INVÁLIDOS,TOTAL,IMPUGNACIONES,PAPELETAS-RECIBIDAS,PAPELETAS-NO-USADAS,VALIDOS_CALCULADO,EMITIDOS_CALCULADO,TOTAL_CALCULADO,OBSERVACIONES,CONTABILIZADA,CÓDIGO_INTEGRIDAD,FECHA_HORA_PUBLICACIÓN,DIGITALIZACIÓN
6705,"Chimaltenango",3,"Parramos",14,721,400,,,,,,,,,,,,,,,,,,,,,,,,,0,,,
6706,"Chimaltenango",3,"Parramos",14,721,400,7,29,101,16,14,3,4,44,61,0,2,281,14,1,296,0,296,--,400,104,281,296,296,Algún campo sin dato,1,d44bffd1988938fb95ad9169055eae7c79f882ef6b5adb145340af0b487a21e2,26/06/2023 00:00:50,ESCANER
6707,"Chimaltenango",3,"Parramos",14,721,400,,,,,,,,,,,,,,,,,,,,,,,,,0,,,
6708,"Chimaltenango",3,"Parramos",14,721,400,,,,,,,,,,,,,,,,,,,,,,,,,0,,,
6709,"Chimaltenango",3,"Parramos",14,721,400,,,,,,,,,,,,,,,,,,,,,,,,,0,,,
6710,"Chimaltenango",3,"Parramos",14,721,400,,,,,,,,,,,,,,,,,,,,,,,,,0,,,
6711,"Chimaltenango",3,"Parramos",14,721,400,,,,,,,,,,,,,,,,,,,,,,,,,0,,,
6712,"Chimaltenango",3,"Parramos",14,721,400,,,,,,,,,,,,,,,,,,,,,,,,,0,,,
6713,"Chimaltenango",3,"Parramos",14,721,400,,,,,,,,,,,,,,,,,,,,,,,,,0,,,
6714,"Chimaltenango",3,"Parramos",14,721,400,,,,,,,,,,,,,,,,,,,,,,,,,0,,,
6715,"Chimaltenango",3,"Parramos",14,721,400,,,,,,,,,,,,,,,,,,,,,,,,,0,,,
6716,"Chimaltenango",3,"Parramos",14,721,400,,,,,,,,,,,,,,,,,,,,,,,,,0,,,
6717,"Chimaltenango",3,"Parramos",14,721,400,,,,,,,,,,,,,,,,,,,,,,,,,0,,,
6718,"Chimaltenango",3,"Parramos",14,721,400,,,,,,,,,,,,,,,,,,,,,,,,,0,,,
6719,"Chimaltenango",3,"Parramos",14,721,400,,,,,,,,,,,,,,,,,,,,,,,,,0,,,
6720,"Chimaltenango",3,"Parramos",14,721,400,3,15,104,19,8,2,6,33,69,0,0,260,11,4,275,0,275,1,400,125,259,274,274,Sumas Asentadas sin cuadrar,1,36cb7c5bc53bed8b1e63b0e9b3adf20c3b59d3a662f57923fae782a6d3240d5a,25/06/2023 23:37:42,ESCANER
6721,"Chimaltenango",3,"Parramos",14,721,400,,,,,,,,,,,,,,,,,,,,,,,,,0,,,
6722,"Chimaltenango",3,"Parramos",14,721,400,,,,,,,,,,,,,,,,,,,,,,,,,0,,,
6723,"Chimaltenango",3,"Parramos",14,721,400,,,,,,,,,,,,,,,,,,,,,,,,,0,,,
6724,"Chimaltenango",3,"Parramos",14,721,400,,,,,,,,,,,,,,,,,,,,,,,,,0,,,
6725,"Chimaltenango",3,"Parramos",14,722,400,4,19,69,23,6,5,3,61,60,0,3,253,4,1,258,0,258,--,400,142,253,258,258,Algún campo sin dato,1,42afdbd3b0f808773006a5128577bc574e2e22fd49507857e72faa8a59b6652e,25/06/2023 23:21:58,ESCANER
6726,"Chimaltenango",3,"Parramos",14,722,400,3,23,83,13,6,3,2,42,68,0,0,243,4,2,249,152,401,--,401,152,243,249,401,Algún campo sin dato,1,5fe5f9c98a02437aaf54b9a6c888cbe00701b5a722fdf08f6e9d33e72368f44c,25/06/2023 23:19:38,ESCANER
6727,"Chimaltenango",3,"Parramos",14,722,400,,,,,,,,,,,,,,,,,,,,,,,,,0,,,
6728,"Chimaltenango",3,"Parramos",14,722,400,,,,,,,,,,,,,,,,,,,,,,,,,0,,,
6729,"Chimaltenango",3,"Parramos",14,722,284,2,19,69,11,3,1,3,23,45,2,1,179,4,0,183,0,183,--,286,103,179,183,183,Algún campo sin dato,1,9e16ce6e9177a18acc5b1ad7c4c4e617c4756cf8a3984a21df341f594fa7126f,25/06/2023 23:17:00,ESCANER
6730,"Chimaltenango",3,"Parramos",14,722,283,2,11,47,11,8,1,1,22,50,0,1,154,4,2,160,0,160,--,285,125,154,160,160,Algún campo sin dato,1,f70d2ea1eb62ead4d38947fd8bcaf50b059f38b97c404fd649dd4d13cbc79803,25/06/2023 23:37:23,ESCANER