﻿TIPO_DE_ELECCIÓN:,CORPORACIÓN MUNICIPAL
26 junio 2023 00:25 (UTC -6)
ACTAS_ESPERADAS,ACTAS_CAPTURADAS,PORCENTAJE_ACTAS_CAPTURADAS,ACTAS_CONTABILIZADAS,PORCENTAJE_ACTAS_CONTABILIZADAS,ACTAS_NO_CONTABILIZADAS,LISTA_NOMINAL_ACTAS_CONTABILIZADAS,VOTOS_EMITIDOS_CONTABILIZADAS,PORCENTAJE_PARTICIPACIÓN_CIUDADANA
175,6,3.4285,6,3.4285,0,3571,511,14.3097

MESA,DEPARTAMENTO,ID_DEPARTAMENTO,MUNICIPIO,ID_MUNICIPIO,CENTRO_DE_VOTACIÓN,PADRÓN,MLP,VIVA,TODOS,VAMOS,CABAL,AZUL,PPN,PHG,CCCI,VOS,UNE,U R N G - MAIZ,SEMILLA,UR,VICTORIA,VALOR UNIONISTA,VÁLIDOS,NULOS,BLANCO,EMITIDOS,INVÁLIDOS,TOTAL,IMPUGNACIONES,PAPELETAS-RECIBIDAS,PAPELETAS-NO-USADAS,VALIDOS_CALCULADO,EMITIDOS_CALCULADO,TOTAL_CALCULADO,OBSERVACIONES,CONTABILIZADA,CÓDIGO_INTEGRIDAD,FECHA_HORA_PUBLICACIÓN,DIGITALIZACIÓN
11385,"Quetzaltenango",9,"Coatepeque",20,1528,400,,,,,,,,,,,,,,,,,,,,,,,,,,,,,,0,,,
11386,"Quetzaltenango",9,"Coatepeque",20,1528,400,,,,,,,,,,,,,,,,,,,,,,,,,,,,,,0,,,
11387,"Quetzaltenango",9,"Coatepeque",20,1528,400,,,,,,,,,,,,,,,,,,,,,,,,,,,,,,0,,,
11388,"Quetzaltenango",9,"Coatepeque",20,1528,400,,,,,,,,,,,,,,,,,,,,,,,,,,,,,,0,,,
11389,"Quetzaltenango",9,"Coatepeque",20,1528,400,,,,,,,,,,,,,,,,,,,,,,,,,,,,,,0,,,
11390,"Quetzaltenango",9,"Coatepeque",20,1528,400,,,,,,,,,,,,,,,,,,,,,,,,,,,,,,0,,,
11391,"Quetzaltenango",9,"Coatepeque",20,1528,400,,,,,,,,,,,,,,,,,,,,,,,,,,,,,,0,,,
11392,"Quetzaltenango",9,"Coatepeque",20,1528,400,,,,,,,,,,,,,,,,,,,,,,,,,,,,,,0,,,
11393,"Quetzaltenango",9,"Coatepeque",20,1528,400,,,,,,,,,,,,,,,,,,,,,,,,,,,,,,0,,,
11394,"Quetzaltenango",9,"Coatepeque",20,1528,400,,,,,,,,,,,,,,,,,,,,,,,,,,,,,,0,,,
11395,"Quetzaltenango",9,"Coatepeque",20,1528,400,,,,,,,,,,,,,,,,,,,,,,,,,,,,,,0,,,
11396,"Quetzaltenango",9,"Coatepeque",20,1528,400,,,,,,,,,,,,,,,,,,,,,,,,,,,,,,0,,,
11397,"Quetzaltenango",9,"Coatepeque",20,1528,400,,,,,,,,,,,,,,,,,,,,,,,,,,,,,,0,,,
11398,"Quetzaltenango",9,"Coatepeque",20,1528,400,,,,,,,,,,,,,,,,,,,,,,,,,,,,,,0,,,
11399,"Quetzaltenango",9,"Coatepeque",20,1528,400,,,,,,,,,,,,,,,,,,,,,,,,,,,,,,0,,,
11400,"Quetzaltenango",9,"Coatepeque",20,1528,400,,,,,,,,,,,,,,,,,,,,,,,,,,,,,,0,,,
11401,"Quetzaltenango",9,"Coatepeque",20,1528,400,,,,,,,,,,,,,,,,,,,,,,,,,,,,,,0,,,
11402,"Quetzaltenango",9,"Coatepeque",20,1528,400,,,,,,,,,,,,,,,,,,,,,,,,,,,,,,0,,,
11403,"Quetzaltenango",9,"Coatepeque",20,1528,358,,,,,,,,,,,,,,,,,,,,,,,,,,,,,,0,,,
11404,"Quetzaltenango",9,"Coatepeque",20,1528,357,,,,,,,,,,,,,,,,,,,,,,,,,,,,,,0,,,
11405,"Quetzaltenango",9,"Coatepeque",20,1529,400,,,,,,,,,,,,,,,,,,,,,,,,,,,,,,0,,,
11406,"Quetzaltenango",9,"Coatepeque",20,1529,400,,,,,,,,,,,,,,,,,,,,,,,,,,,,,,0,,,
11407,"Quetzaltenango",9,"Coatepeque",20,1529,400,,,,,,,,,,,,,,,,,,,,,,,,,,,,,,0,,,
11408,"Quetzaltenango",9,"Coatepeque",20,1529,400,,,,,,,,,,,,,,,,,,,,,,,,,,,,,,0,,,
11409,"Quetzaltenango",9,"Coatepeque",20,1529,400,,,,,,,,,,,,,,,,,,,,,,,,,,,,,,0,,,
11410,"Quetzaltenango",9,"Coatepeque",20,1529,400,,,,,,,,,,,,,,,,,,,,,,,,,,,,,,0,,,
11411,"Quetzaltenango",9,"Coatepeque",20,1529,400,,,,,,,,,,,,,,,,,,,,,,,,,,,,,,0,,,
11412,"Quetzaltenango",9,"Coatepeque",20,1529,400,,,,,,,,,,,,,,,,,,,,,,,,,,,,,,0,,,
11413,"Quetzaltenango",9,"Coatepeque",20,1529,400,,,,,,,,,,,,,,,,,,,,,,,,,,,,,,0,,,
11414,"Quetzaltenango",9,"Coatepeque",20,1529,400,,,,,,,,,,,,,,,,,,,,,,,,,,,,,,0,,,
11415,"Quetzaltenango",9,"Coatepeque",20,1529,400,,,,,,,,,,,,,,,,,,,,,,,,,,,,,,0,,,
11416,"Quetzaltenango",9,"Coatepeque",20,1529,255,,,,,,,,,,,,,,,,,,,,,,,,,,,,,,0,,,
11417,"Quetzaltenango",9,"Coatepeque",20,1529,254,,,,,,,,,,,,,,,,,,,,,,,,,,,,,,0,,,
11418,"Quetzaltenango",9,"Coatepeque",20,1530,400,,,,,,,,,,,,,,,,,,,,,,,,,,,,,,0,,,
11419,"Quetzaltenango",9,"Coatepeque",20,1530,400,,,,,,,,,,,,,,,,,,,,,,,,,,,,,,0,,,
11420,"Quetzaltenango",9,"Coatepeque",20,1530,400,,,,,,,,,,,,,,,,,,,,,,,,,,,,,,0,,,
11421,"Quetzaltenango",9,"Coatepeque",20,1530,400,,,,,,,,,,,,,,,,,,,,,,,,,,,,,,0,,,
11422,"Quetzaltenango",9,"Coatepeque",20,1530,400,,,,,,,,,,,,,,,,,,,,,,,,,,,,,,0,,,
11423,"Quetzaltenango",9,"Coatepeque",20,1530,400,,,,,,,,,,,,,,,,,,,,,,,,,,,,,,0,,,
11424,"Quetzaltenango",9,"Coatepeque",20,1530,400,,,,,,,,,,,,,,,,,,,,,,,,,,,,,,0,,,
11425,"Quetzaltenango",9,"Coatepeque",20,1530,400,,,,,,,,,,,,,,,,,,,,,,,,,,,,,,0,,,
11426,"Quetzaltenango",9,"Coatepeque",20,1530,400,,,,,,,,,,,,,,,,,,,,,,,,,,,,,,0,,,
11427,"Quetzaltenango",9,"Coatepeque",20,1530,400,,,,,,,,,,,,,,,,,,,,,,,,,,,,,,0,,,
11428,"Quetzaltenango",9,"Coatepeque",20,1531,400,,,,,,,,,,,,,,,,,,,,,,,,,,,,,,0,,,
11429,"Quetzaltenango",9,"Coatepeque",20,1531,400,,,,,,,,,,,,,,,,,,,,,,,,,,,,,,0,,,
11430,"Quetzaltenango",9,"Coatepeque",20,1531,318,,,,,,,,,,,,,,,,,,,,,,,,,,,,,,0,,,
11431,"Quetzaltenango",9,"Coatepeque",20,1531,317,,,,,,,,,,,,,,,,,,,,,,,,,,,,,,0,,,
11432,"Quetzaltenango",9,"Coatepeque",20,1532,400,,,,,,,,,,,,,,,,,,,,,,,,,,,,,,0,,,
11433,"Quetzaltenango",9,"Coatepeque",20,1532,400,,,,,,,,,,,,,,,,,,,,,,,,,,,,,,0,,,
11434,"Quetzaltenango",9,"Coatepeque",20,1532,400,,,,,,,,,,,,,,,,,,,,,,,,,,,,,,0,,,
11435,"Quetzaltenango",9,"Coatepeque",20,1532,400,,,,,,,,,,,,,,,,,,,,,,,,,,,,,,0,,,
11436,"Quetzaltenango",9,"Coatepeque",20,1532,400,,,,,,,,,,,,,,,,,,,,,,,,,,,,,,0,,,
11437,"Quetzaltenango",9,"Coatepeque",20,1533,400,,,,,,,,,,,,,,,,,,,,,,,,,,,,,,0,,,
11438,"Quetzaltenango",9,"Coatepeque",20,1533,400,,,,,,,,,,,,,,,,,,,,,,,,,,,,,,0,,,
11439,"Quetzaltenango",9,"Coatepeque",20,1533,400,,,,,,,,,,,,,,,,,,,,,,,,,,,,,,0,,,
11440,"Quetzaltenango",9,"Coatepeque",20,1533,400,,,,,,,,,,,,,,,,,,,,,,,,,,,,,,0,,,
11441,"Quetzaltenango",9,"Coatepeque",20,1533,400,,,,,,,,,,,,,,,,,,,,,,,,,,,,,,0,,,
11442,"Quetzaltenango",9,"Coatepeque",20,1533,400,,,,,,,,,,,,,,,,,,,,,,,,,,,,,,0,,,
11443,"Quetzaltenango",9,"Coatepeque",20,1533,400,,,,,,,,,,,,,,,,,,,,,,,,,,,,,,0,,,
11444,"Quetzaltenango",9,"Coatepeque",20,1533,400,,,,,,,,,,,,,,,,,,,,,,,,,,,,,,0,,,
11445,"Quetzaltenango",9,"Coatepeque",20,1533,400,,,,,,,,,,,,,,,,,,,,,,,,,,,,,,0,,,
11446,"Quetzaltenango",9,"Coatepeque",20,1533,400,,,,,,,,,,,,,,,,,,,,,,,,,,,,,,0,,,
11447,"Quetzaltenango",9,"Coatepeque",20,1533,241,,,,,,,,,,,,,,,,,,,,,,,,,,,,,,0,,,
11448,"Quetzaltenango",9,"Coatepeque",20,1533,241,,,,,,,,,,,,,,,,,,,,,,,,,,,,,,0,,,
11449,"Quetzaltenango",9,"Coatepeque",20,1534,400,,,,,,,,,,,,,,,,,,,,,,,,,,,,,,0,,,
11450,"Quetzaltenango",9,"Coatepeque",20,1534,400,,,,,,,,,,,,,,,,,,,,,,,,,,,,,,0,,,
11451,"Quetzaltenango",9,"Coatepeque",20,1534,400,,,,,,,,,,,,,,,,,,,,,,,,,,,,,,0,,,
11452,"Quetzaltenango",9,"Coatepeque",20,1534,400,,,,,,,,,,,,,,,,,,,,,,,,,,,,,,0,,,
11453,"Quetzaltenango",9,"Coatepeque",20,1534,400,,,,,,,,,,,,,,,,,,,,,,,,,,,,,,0,,,
11454,"Quetzaltenango",9,"Coatepeque",20,1534,400,,,,,,,,,,,,,,,,,,,,,,,,,,,,,,0,,,
11455,"Quetzaltenango",9,"Coatepeque",20,1534,400,,,,,,,,,,,,,,,,,,,,,,,,,,,,,,0,,,
11456,"Quetzaltenango",9,"Coatepeque",20,1534,400,,,,,,,,,,,,,,,,,,,,,,,,,,,,,,0,,,
11457,"Quetzaltenango",9,"Coatepeque",20,1534,398,,,,,,,,,,,,,,,,,,,,,,,,,,,,,,0,,,
11458,"Quetzaltenango",9,"Coatepeque",20,1534,397,,,,,,,,,,,,,,,,,,,,,,,,,,,,,,0,,,
11459,"Quetzaltenango",9,"Coatepeque",20,1535,380,,,,,,,,,,,,,,,,,,,,,,,,,,,,,,0,,,
11460,"Quetzaltenango",9,"Coatepeque",20,1535,380,,,,,,,,,,,,,,,,,,,,,,,,,,,,,,0,,,
11461,"Quetzaltenango",9,"Coatepeque",20,1535,380,,,,,,,,,,,,,,,,,,,,,,,,,,,,,,0,,,
11462,"Quetzaltenango",9,"Coatepeque",20,1535,380,,,,,,,,,,,,,,,,,,,,,,,,,,,,,,0,,,
11463,"Quetzaltenango",9,"Coatepeque",20,1535,380,,,,,,,,,,,,,,,,,,,,,,,,,,,,,,0,,,
11464,"Quetzaltenango",9,"Coatepeque",20,1535,380,,,,,,,,,,,,,,,,,,,,,,,,,,,,,,0,,,
11465,"Quetzaltenango",9,"Coatepeque",20,1535,380,,,,,,,,,,,,,,,,,,,,,,,,,,,,,,0,,,
11466,"Quetzaltenango",9,"Coatepeque",20,1535,380,,,,,,,,,,,,,,,,,,,,,,,,,,,,,,0,,,
11467,"Quetzaltenango",9,"Coatepeque",20,1535,380,,,,,,,,,,,,,,,,,,,,,,,,,,,,,,0,,,
11468,"Quetzaltenango",9,"Coatepeque",20,1536,380,,,,,,,,,,,,,,,,,,,,,,,,,,,,,,0,,,
11469,"Quetzaltenango",9,"Coatepeque",20,1536,380,,,,,,,,,,,,,,,,,,,,,,,,,,,,,,0,,,
11470,"Quetzaltenango",9,"Coatepeque",20,1536,380,,,,,,,,,,,,,,,,,,,,,,,,,,,,,,0,,,
11471,"Quetzaltenango",9,"Coatepeque",20,1536,380,,,,,,,,,,,,,,,,,,,,,,,,,,,,,,0,,,
11472,"Quetzaltenango",9,"Coatepeque",20,1536,379,,,,,,,,,,,,,,,,,,,,,,,,,,,,,,0,,,
11473,"Quetzaltenango",9,"Coatepeque",20,1536,379,,,,,,,,,,,,,,,,,,,,,,,,,,,,,,0,,,
11474,"Quetzaltenango",9,"Coatepeque",20,1537,380,,,,,,,,,,,,,,,,,,,,,,,,,,,,,,0,,,
11475,"Quetzaltenango",9,"Coatepeque",20,1537,380,,,,,,,,,,,,,,,,,,,,,,,,,,,,,,0,,,
11476,"Quetzaltenango",9,"Coatepeque",20,1537,380,,,,,,,,,,,,,,,,,,,,,,,,,,,,,,0,,,
11477,"Quetzaltenango",9,"Coatepeque",20,1537,380,,,,,,,,,,,,,,,,,,,,,,,,,,,,,,0,,,
11478,"Quetzaltenango",9,"Coatepeque",20,1537,380,,,,,,,,,,,,,,,,,,,,,,,,,,,,,,0,,,
11479,"Quetzaltenango",9,"Coatepeque",20,1537,380,,,,,,,,,,,,,,,,,,,,,,,,,,,,,,0,,,
11480,"Quetzaltenango",9,"Coatepeque",20,1537,380,,,,,,,,,,,,,,,,,,,,,,,,,,,,,,0,,,
11481,"Quetzaltenango",9,"Coatepeque",20,1537,380,,,,,,,,,,,,,,,,,,,,,,,,,,,,,,0,,,
11482,"Quetzaltenango",9,"Coatepeque",20,1537,380,,,,,,,,,,,,,,,,,,,,,,,,,,,,,,0,,,
11483,"Quetzaltenango",9,"Coatepeque",20,1537,380,,,,,,,,,,,,,,,,,,,,,,,,,,,,,,0,,,
11484,"Quetzaltenango",9,"Coatepeque",20,1537,380,,,,,,,,,,,,,,,,,,,,,,,,,,,,,,0,,,
11485,"Quetzaltenango",9,"Coatepeque",20,1537,352,,,,,,,,,,,,,,,,,,,,,,,,,,,,,,0,,,
11486,"Quetzaltenango",9,"Coatepeque",20,1537,352,,,,,,,,,,,,,,,,,,,,,,,,,,,,,,0,,,
11487,"Quetzaltenango",9,"Coatepeque",20,1538,380,,,,,,,,,,,,,,,,,,,,,,,,,,,,,,0,,,
11488,"Quetzaltenango",9,"Coatepeque",20,1538,380,,,,,,,,,,,,,,,,,,,,,,,,,,,,,,0,,,
11489,"Quetzaltenango",9,"Coatepeque",20,1538,380,,,,,,,,,,,,,,,,,,,,,,,,,,,,,,0,,,
11490,"Quetzaltenango",9,"Coatepeque",20,1538,380,,,,,,,,,,,,,,,,,,,,,,,,,,,,,,0,,,
11491,"Quetzaltenango",9,"Coatepeque",20,1538,380,,,,,,,,,,,,,,,,,,,,,,,,,,,,,,0,,,
11492,"Quetzaltenango",9,"Coatepeque",20,1539,380,,,,,,,,,,,,,,,,,,,,,,,,,,,,,,0,,,
11493,"Quetzaltenango",9,"Coatepeque",20,1539,221,,,,,,,,,,,,,,,,,,,,,,,,,,,,,,0,,,
11494,"Quetzaltenango",9,"Coatepeque",20,1539,220,,,,,,,,,,,,,,,,,,,,,,,,,,,,,,0,,,
11495,"Quetzaltenango",9,"Coatepeque",20,1540,380,,,,,,,,,,,,,,,,,,,,,,,,,,,,,,0,,,
11496,"Quetzaltenango",9,"Coatepeque",20,1540,380,,,,,,,,,,,,,,,,,,,,,,,,,,,,,,0,,,
11497,"Quetzaltenango",9,"Coatepeque",20,1540,380,,,,,,,,,,,,,,,,,,,,,,,,,,,,,,0,,,
11498,"Quetzaltenango",9,"Coatepeque",20,1540,380,,,,,,,,,,,,,,,,,,,,,,,,,,,,,,0,,,
11499,"Quetzaltenango",9,"Coatepeque",20,1540,380,,,,,,,,,,,,,,,,,,,,,,,,,,,,,,0,,,
11500,"Quetzaltenango",9,"Coatepeque",20,1540,380,,,,,,,,,,,,,,,,,,,,,,,,,,,,,,0,,,
11501,"Quetzaltenango",9,"Coatepeque",20,1540,380,,,,,,,,,,,,,,,,,,,,,,,,,,,,,,0,,,
11502,"Quetzaltenango",9,"Coatepeque",20,1540,380,,,,,,,,,,,,,,,,,,,,,,,,,,,,,,0,,,
11503,"Quetzaltenango",9,"Coatepeque",20,1540,220,,,,,,,,,,,,,,,,,,,,,,,,,,,,,,0,,,
11504,"Quetzaltenango",9,"Coatepeque",20,1540,219,,,,,,,,,,,,,,,,,,,,,,,,,,,,,,0,,,
11505,"Quetzaltenango",9,"Coatepeque",20,1541,380,,,,,,,,,,,,,,,,,,,,,,,,,,,,,,0,,,
11506,"Quetzaltenango",9,"Coatepeque",20,1541,380,,,,,,,,,,,,,,,,,,,,,,,,,,,,,,0,,,
11507,"Quetzaltenango",9,"Coatepeque",20,1541,380,,,,,,,,,,,,,,,,,,,,,,,,,,,,,,0,,,
11508,"Quetzaltenango",9,"Coatepeque",20,1541,380,,,,,,,,,,,,,,,,,,,,,,,,,,,,,,0,,,
11509,"Quetzaltenango",9,"Coatepeque",20,1541,380,,,,,,,,,,,,,,,,,,,,,,,,,,,,,,0,,,
11510,"Quetzaltenango",9,"Coatepeque",20,1541,380,,,,,,,,,,,,,,,,,,,,,,,,,,,,,,0,,,
11511,"Quetzaltenango",9,"Coatepeque",20,1541,380,,,,,,,,,,,,,,,,,,,,,,,,,,,,,,0,,,
11512,"Quetzaltenango",9,"Coatepeque",20,1542,380,,,,,,,,,,,,,,,,,,,,,,,,,,,,,,0,,,
11513,"Quetzaltenango",9,"Coatepeque",20,1542,380,,,,,,,,,,,,,,,,,,,,,,,,,,,,,,0,,,
11514,"Quetzaltenango",9,"Coatepeque",20,1542,380,,,,,,,,,,,,,,,,,,,,,,,,,,,,,,0,,,
11515,"Quetzaltenango",9,"Coatepeque",20,1542,380,,,,,,,,,,,,,,,,,,,,,,,,,,,,,,0,,,
11516,"Quetzaltenango",9,"Coatepeque",20,1542,324,,,,,,,,,,,,,,,,,,,,,,,,,,,,,,0,,,
11517,"Quetzaltenango",9,"Coatepeque",20,1542,323,,,,,,,,,,,,,,,,,,,,,,,,,,,,,,0,,,
11518,"Quetzaltenango",9,"Coatepeque",20,1543,380,,,,,,,,,,,,,,,,,,,,,,,,,,,,,,0,,,
11519,"Quetzaltenango",9,"Coatepeque",20,1543,380,,,,,,,,,,,,,,,,,,,,,,,,,,,,,,0,,,
11520,"Quetzaltenango",9,"Coatepeque",20,1543,380,,,,,,,,,,,,,,,,,,,,,,,,,,,,,,0,,,
11521,"Quetzaltenango",9,"Coatepeque",20,1543,380,,,,,,,,,,,,,,,,,,,,,,,,,,,,,,0,,,
11522,"Quetzaltenango",9,"Coatepeque",20,1543,380,,,,,,,,,,,,,,,,,,,,,,,,,,,,,,0,,,
11523,"Quetzaltenango",9,"Coatepeque",20,1543,380,,,,,,,,,,,,,,,,,,,,,,,,,,,,,,0,,,
11524,"Quetzaltenango",9,"Coatepeque",20,1543,380,,,,,,,,,,,,,,,,,,,,,,,,,,,,,,0,,,
11525,"Quetzaltenango",9,"Coatepeque",20,1543,380,,,,,,,,,,,,,,,,,,,,,,,,,,,,,,0,,,
11526,"Quetzaltenango",9,"Coatepeque",20,1543,380,,,,,,,,,,,,,,,,,,,,,,,,,,,,,,0,,,
11527,"Quetzaltenango",9,"Coatepeque",20,1543,380,,,,,,,,,,,,,,,,,,,,,,,,,,,,,,0,,,
11528,"Quetzaltenango",9,"Coatepeque",20,1543,380,,,,,,,,,,,,,,,,,,,,,,,,,,,,,,0,,,
11529,"Quetzaltenango",9,"Coatepeque",20,1543,380,,,,,,,,,,,,,,,,,,,,,,,,,,,,,,0,,,
11530,"Quetzaltenango",9,"Coatepeque",20,1543,380,,,,,,,,,,,,,,,,,,,,,,,,,,,,,,0,,,
11531,"Quetzaltenango",9,"Coatepeque",20,1543,380,,,,,,,,,,,,,,,,,,,,,,,,,,,,,,0,,,
11532,"Quetzaltenango",9,"Coatepeque",20,1543,380,,,,,,,,,,,,,,,,,,,,,,,,,,,,,,0,,,
11533,"Quetzaltenango",9,"Coatepeque",20,1543,380,,,,,,,,,,,,,,,,,,,,,,,,,,,,,,0,,,
11534,"Quetzaltenango",9,"Coatepeque",20,1543,380,,,,,,,,,,,,,,,,,,,,,,,,,,,,,,0,,,
11535,"Quetzaltenango",9,"Coatepeque",20,1543,380,,,,,,,,,,,,,,,,,,,,,,,,,,,,,,0,,,
11536,"Quetzaltenango",9,"Coatepeque",20,1543,263,,,,,,,,,,,,,,,,,,,,,,,,,,,,,,0,,,
11537,"Quetzaltenango",9,"Coatepeque",20,1543,263,,,,,,,,,,,,,,,,,,,,,,,,,,,,,,0,,,
11538,"Quetzaltenango",9,"Coatepeque",20,1544,380,,,,,,,,,,,,,,,,,,,,,,,,,,,,,,0,,,
11539,"Quetzaltenango",9,"Coatepeque",20,1544,380,,,,,,,,,,,,,,,,,,,,,,,,,,,,,,0,,,
11540,"Quetzaltenango",9,"Coatepeque",20,1544,380,,,,,,,,,,,,,,,,,,,,,,,,,,,,,,0,,,
11541,"Quetzaltenango",9,"Coatepeque",20,1544,380,,,,,,,,,,,,,,,,,,,,,,,,,,,,,,0,,,
11542,"Quetzaltenango",9,"Coatepeque",20,1544,380,,,,,,,,,,,,,,,,,,,,,,,,,,,,,,0,,,
11543,"Quetzaltenango",9,"Coatepeque",20,1544,380,,,,,,,,,,,,,,,,,,,,,,,,,,,,,,0,,,
11544,"Quetzaltenango",9,"Coatepeque",20,1544,380,,,,,,,,,,,,,,,,,,,,,,,,,,,,,,0,,,
11545,"Quetzaltenango",9,"Coatepeque",20,1544,193,,,,,,,,,,,,,,,,,,,,,,,,,,,,,,0,,,
11546,"Quetzaltenango",9,"Coatepeque",20,1544,193,,,,,,,,,,,,,,,,,,,,,,,,,,,,,,0,,,
11547,"Quetzaltenango",9,"Coatepeque",20,1545,600,,,,,,,,,,,,,,,,,,,,,,,,,,,,,,0,,,
11548,"Quetzaltenango",9,"Coatepeque",20,1545,600,,,,,,,,,,,,,,,,,,,,,,,,,,,,,,0,,,
11549,"Quetzaltenango",9,"Coatepeque",20,1545,600,,,,,,,,,,,,,,,,,,,,,,,,,,,,,,0,,,
11550,"Quetzaltenango",9,"Coatepeque",20,1545,600,,,,,,,,,,,,,,,,,,,,,,,,,,,,,,0,,,
11551,"Quetzaltenango",9,"Coatepeque",20,1545,600,,,,,,,,,,,,,,,,,,,,,,,,,,,,,,0,,,
11552,"Quetzaltenango",9,"Coatepeque",20,1545,600,,,,,,,,,,,,,,,,,,,,,,,,,,,,,,0,,,
11553,"Quetzaltenango",9,"Coatepeque",20,1545,600,,,,,,,,,,,,,,,,,,,,,,,,,,,,,,0,,,
11554,"Quetzaltenango",9,"Coatepeque",20,1546,600,0,39,12,22,4,2,4,1,24,2,6,2,3,0,6,27,154,11,7,172,0,172,--,601,429,154,172,172,Algún campo sin dato,1,44d6ede8bf8769e68b0627a1cd59a8dfabb9b86a211b1adb9851aff557bf9ea1,25/06/2023 23:15:00,ESCANER
11555,"Quetzaltenango",9,"Coatepeque",20,1546,600,--,35,13,18,8,3,--,--,18,5,6,1,4,--,2,13,126,10,1,137,--,137,--,599,462,126,137,137,Algún campo sin dato,1,644fe9f64adf7588d090faeb27dd96917966809cfed64897cebca5f8aedc1ea6,25/06/2023 23:17:56,ESCANER
11556,"Quetzaltenango",9,"Coatepeque",20,1546,600,2,19,8,9,1,4,3,1,19,1,3,0,3,0,3,11,87,8,1,96,0,96,--,600,504,87,96,96,Algún campo sin dato,1,1b058789f9fb27c9408a52b6f85505fa88d72d720e97c86ee1dadf5408f4710e,25/06/2023 23:24:22,ESCANER
11557,"Quetzaltenango",9,"Coatepeque",20,1546,600,1,15,2,9,3,1,0,0,5,1,2,0,0,0,2,7,48,0,0,48,0,48,--,600,552,48,48,48,Algún campo sin dato,1,8824051b346c5f9b6f8fbfb73c813cd826c4df0eac7f46da8b9aeae873833c51,25/06/2023 23:32:40,ESCANER
11558,"Quetzaltenango",9,"Coatepeque",20,1546,586,1,10,4,5,1,0,0,0,5,0,0,1,2,0,1,5,36,0,2,38,0,38,--,586,548,35,37,37,Sumas Asentadas sin cuadrar,1,9d786ac57f027949b9d778a16db45bc3f91c4410fddb319798724af98b7bf931,25/06/2023 23:40:43,ESCANER
11559,"Quetzaltenango",9,"Coatepeque",20,1546,585,1,3,2,3,3,0,1,0,2,0,0,1,0,0,1,1,18,2,1,21,0,21,--,585,564,18,21,21,Algún campo sin dato,1,f8f7f65711cb8a05775597e631c8d9c2e6e3fc0148aaaf710c1cf7f35a2f38e0,25/06/2023 23:53:38,ESCANER