﻿TIPO_DE_ELECCIÓN:,CORPORACIÓN MUNICIPAL
26 junio 2023 00:25 (UTC -6)
ACTAS_ESPERADAS,ACTAS_CAPTURADAS,PORCENTAJE_ACTAS_CAPTURADAS,ACTAS_CONTABILIZADAS,PORCENTAJE_ACTAS_CONTABILIZADAS,ACTAS_NO_CONTABILIZADAS,LISTA_NOMINAL_ACTAS_CONTABILIZADAS,VOTOS_EMITIDOS_CONTABILIZADAS,PORCENTAJE_PARTICIPACIÓN_CIUDADANA
303,3,0.9900,3,0.9900,0,1475,194,13.1525

MESA,DEPARTAMENTO,ID_DEPARTAMENTO,MUNICIPIO,ID_MUNICIPIO,CENTRO_DE_VOTACIÓN,PADRÓN,TODOS,VALOR UNIONISTA,VICTORIA,VAMOS,UR,PHG,MLP,PODEMOS,MI FAMILIA,PPN,CREO,URNG-MAIZ WINAQ,CABAL,UNE,BIEN,ELEFANTE,SBX,AZUL,PX,FCN-NACION,PR,VIVA,SEMILLA,CAMBIO,VOS,VÁLIDOS,NULOS,BLANCO,EMITIDOS,INVÁLIDOS,TOTAL,IMPUGNACIONES,PAPELETAS-RECIBIDAS,PAPELETAS-NO-USADAS,VALIDOS_CALCULADO,EMITIDOS_CALCULADO,TOTAL_CALCULADO,OBSERVACIONES,CONTABILIZADA,CÓDIGO_INTEGRIDAD,FECHA_HORA_PUBLICACIÓN,DIGITALIZACIÓN
10407,"Quetzaltenango",9,"Quetzaltenango",1,1373,400,,,,,,,,,,,,,,,,,,,,,,,,,,,,,,,,,,,,,,,0,,,
10408,"Quetzaltenango",9,"Quetzaltenango",1,1373,400,,,,,,,,,,,,,,,,,,,,,,,,,,,,,,,,,,,,,,,0,,,
10409,"Quetzaltenango",9,"Quetzaltenango",1,1373,400,,,,,,,,,,,,,,,,,,,,,,,,,,,,,,,,,,,,,,,0,,,
10410,"Quetzaltenango",9,"Quetzaltenango",1,1373,400,,,,,,,,,,,,,,,,,,,,,,,,,,,,,,,,,,,,,,,0,,,
10411,"Quetzaltenango",9,"Quetzaltenango",1,1373,400,,,,,,,,,,,,,,,,,,,,,,,,,,,,,,,,,,,,,,,0,,,
10412,"Quetzaltenango",9,"Quetzaltenango",1,1373,400,,,,,,,,,,,,,,,,,,,,,,,,,,,,,,,,,,,,,,,0,,,
10413,"Quetzaltenango",9,"Quetzaltenango",1,1374,400,,,,,,,,,,,,,,,,,,,,,,,,,,,,,,,,,,,,,,,0,,,
10414,"Quetzaltenango",9,"Quetzaltenango",1,1374,400,,,,,,,,,,,,,,,,,,,,,,,,,,,,,,,,,,,,,,,0,,,
10415,"Quetzaltenango",9,"Quetzaltenango",1,1374,400,,,,,,,,,,,,,,,,,,,,,,,,,,,,,,,,,,,,,,,0,,,
10416,"Quetzaltenango",9,"Quetzaltenango",1,1374,400,,,,,,,,,,,,,,,,,,,,,,,,,,,,,,,,,,,,,,,0,,,
10417,"Quetzaltenango",9,"Quetzaltenango",1,1374,400,,,,,,,,,,,,,,,,,,,,,,,,,,,,,,,,,,,,,,,0,,,
10418,"Quetzaltenango",9,"Quetzaltenango",1,1374,400,,,,,,,,,,,,,,,,,,,,,,,,,,,,,,,,,,,,,,,0,,,
10419,"Quetzaltenango",9,"Quetzaltenango",1,1374,400,,,,,,,,,,,,,,,,,,,,,,,,,,,,,,,,,,,,,,,0,,,
10420,"Quetzaltenango",9,"Quetzaltenango",1,1374,400,,,,,,,,,,,,,,,,,,,,,,,,,,,,,,,,,,,,,,,0,,,
10421,"Quetzaltenango",9,"Quetzaltenango",1,1374,400,,,,,,,,,,,,,,,,,,,,,,,,,,,,,,,,,,,,,,,0,,,
10422,"Quetzaltenango",9,"Quetzaltenango",1,1374,400,,,,,,,,,,,,,,,,,,,,,,,,,,,,,,,,,,,,,,,0,,,
10423,"Quetzaltenango",9,"Quetzaltenango",1,1374,400,,,,,,,,,,,,,,,,,,,,,,,,,,,,,,,,,,,,,,,0,,,
10424,"Quetzaltenango",9,"Quetzaltenango",1,1374,400,,,,,,,,,,,,,,,,,,,,,,,,,,,,,,,,,,,,,,,0,,,
10425,"Quetzaltenango",9,"Quetzaltenango",1,1375,400,,,,,,,,,,,,,,,,,,,,,,,,,,,,,,,,,,,,,,,0,,,
10426,"Quetzaltenango",9,"Quetzaltenango",1,1375,400,,,,,,,,,,,,,,,,,,,,,,,,,,,,,,,,,,,,,,,0,,,
10427,"Quetzaltenango",9,"Quetzaltenango",1,1375,400,,,,,,,,,,,,,,,,,,,,,,,,,,,,,,,,,,,,,,,0,,,
10428,"Quetzaltenango",9,"Quetzaltenango",1,1375,400,,,,,,,,,,,,,,,,,,,,,,,,,,,,,,,,,,,,,,,0,,,
10429,"Quetzaltenango",9,"Quetzaltenango",1,1375,400,,,,,,,,,,,,,,,,,,,,,,,,,,,,,,,,,,,,,,,0,,,
10430,"Quetzaltenango",9,"Quetzaltenango",1,1375,400,,,,,,,,,,,,,,,,,,,,,,,,,,,,,,,,,,,,,,,0,,,
10431,"Quetzaltenango",9,"Quetzaltenango",1,1376,400,,,,,,,,,,,,,,,,,,,,,,,,,,,,,,,,,,,,,,,0,,,
10432,"Quetzaltenango",9,"Quetzaltenango",1,1376,400,,,,,,,,,,,,,,,,,,,,,,,,,,,,,,,,,,,,,,,0,,,
10433,"Quetzaltenango",9,"Quetzaltenango",1,1376,400,,,,,,,,,,,,,,,,,,,,,,,,,,,,,,,,,,,,,,,0,,,
10434,"Quetzaltenango",9,"Quetzaltenango",1,1376,400,,,,,,,,,,,,,,,,,,,,,,,,,,,,,,,,,,,,,,,0,,,
10435,"Quetzaltenango",9,"Quetzaltenango",1,1376,400,,,,,,,,,,,,,,,,,,,,,,,,,,,,,,,,,,,,,,,0,,,
10436,"Quetzaltenango",9,"Quetzaltenango",1,1376,400,,,,,,,,,,,,,,,,,,,,,,,,,,,,,,,,,,,,,,,0,,,
10437,"Quetzaltenango",9,"Quetzaltenango",1,1377,400,,,,,,,,,,,,,,,,,,,,,,,,,,,,,,,,,,,,,,,0,,,
10438,"Quetzaltenango",9,"Quetzaltenango",1,1377,400,,,,,,,,,,,,,,,,,,,,,,,,,,,,,,,,,,,,,,,0,,,
10439,"Quetzaltenango",9,"Quetzaltenango",1,1377,400,,,,,,,,,,,,,,,,,,,,,,,,,,,,,,,,,,,,,,,0,,,
10440,"Quetzaltenango",9,"Quetzaltenango",1,1377,400,,,,,,,,,,,,,,,,,,,,,,,,,,,,,,,,,,,,,,,0,,,
10441,"Quetzaltenango",9,"Quetzaltenango",1,1377,400,,,,,,,,,,,,,,,,,,,,,,,,,,,,,,,,,,,,,,,0,,,
10442,"Quetzaltenango",9,"Quetzaltenango",1,1377,400,,,,,,,,,,,,,,,,,,,,,,,,,,,,,,,,,,,,,,,0,,,
10443,"Quetzaltenango",9,"Quetzaltenango",1,1378,400,,,,,,,,,,,,,,,,,,,,,,,,,,,,,,,,,,,,,,,0,,,
10444,"Quetzaltenango",9,"Quetzaltenango",1,1378,400,,,,,,,,,,,,,,,,,,,,,,,,,,,,,,,,,,,,,,,0,,,
10445,"Quetzaltenango",9,"Quetzaltenango",1,1378,400,,,,,,,,,,,,,,,,,,,,,,,,,,,,,,,,,,,,,,,0,,,
10446,"Quetzaltenango",9,"Quetzaltenango",1,1378,400,,,,,,,,,,,,,,,,,,,,,,,,,,,,,,,,,,,,,,,0,,,
10447,"Quetzaltenango",9,"Quetzaltenango",1,1378,400,,,,,,,,,,,,,,,,,,,,,,,,,,,,,,,,,,,,,,,0,,,
10448,"Quetzaltenango",9,"Quetzaltenango",1,1378,400,,,,,,,,,,,,,,,,,,,,,,,,,,,,,,,,,,,,,,,0,,,
10449,"Quetzaltenango",9,"Quetzaltenango",1,1379,400,,,,,,,,,,,,,,,,,,,,,,,,,,,,,,,,,,,,,,,0,,,
10450,"Quetzaltenango",9,"Quetzaltenango",1,1379,400,,,,,,,,,,,,,,,,,,,,,,,,,,,,,,,,,,,,,,,0,,,
10451,"Quetzaltenango",9,"Quetzaltenango",1,1379,400,,,,,,,,,,,,,,,,,,,,,,,,,,,,,,,,,,,,,,,0,,,
10452,"Quetzaltenango",9,"Quetzaltenango",1,1379,400,,,,,,,,,,,,,,,,,,,,,,,,,,,,,,,,,,,,,,,0,,,
10453,"Quetzaltenango",9,"Quetzaltenango",1,1379,400,,,,,,,,,,,,,,,,,,,,,,,,,,,,,,,,,,,,,,,0,,,
10454,"Quetzaltenango",9,"Quetzaltenango",1,1379,400,,,,,,,,,,,,,,,,,,,,,,,,,,,,,,,,,,,,,,,0,,,
10455,"Quetzaltenango",9,"Quetzaltenango",1,1379,400,,,,,,,,,,,,,,,,,,,,,,,,,,,,,,,,,,,,,,,0,,,
10456,"Quetzaltenango",9,"Quetzaltenango",1,1379,400,,,,,,,,,,,,,,,,,,,,,,,,,,,,,,,,,,,,,,,0,,,
10457,"Quetzaltenango",9,"Quetzaltenango",1,1379,400,,,,,,,,,,,,,,,,,,,,,,,,,,,,,,,,,,,,,,,0,,,
10458,"Quetzaltenango",9,"Quetzaltenango",1,1379,400,,,,,,,,,,,,,,,,,,,,,,,,,,,,,,,,,,,,,,,0,,,
10459,"Quetzaltenango",9,"Quetzaltenango",1,1379,400,,,,,,,,,,,,,,,,,,,,,,,,,,,,,,,,,,,,,,,0,,,
10460,"Quetzaltenango",9,"Quetzaltenango",1,1379,400,,,,,,,,,,,,,,,,,,,,,,,,,,,,,,,,,,,,,,,0,,,
10461,"Quetzaltenango",9,"Quetzaltenango",1,1380,400,,,,,,,,,,,,,,,,,,,,,,,,,,,,,,,,,,,,,,,0,,,
10462,"Quetzaltenango",9,"Quetzaltenango",1,1380,400,,,,,,,,,,,,,,,,,,,,,,,,,,,,,,,,,,,,,,,0,,,
10463,"Quetzaltenango",9,"Quetzaltenango",1,1380,400,,,,,,,,,,,,,,,,,,,,,,,,,,,,,,,,,,,,,,,0,,,
10464,"Quetzaltenango",9,"Quetzaltenango",1,1380,400,,,,,,,,,,,,,,,,,,,,,,,,,,,,,,,,,,,,,,,0,,,
10465,"Quetzaltenango",9,"Quetzaltenango",1,1380,400,,,,,,,,,,,,,,,,,,,,,,,,,,,,,,,,,,,,,,,0,,,
10466,"Quetzaltenango",9,"Quetzaltenango",1,1380,400,,,,,,,,,,,,,,,,,,,,,,,,,,,,,,,,,,,,,,,0,,,
10467,"Quetzaltenango",9,"Quetzaltenango",1,1381,400,,,,,,,,,,,,,,,,,,,,,,,,,,,,,,,,,,,,,,,0,,,
10468,"Quetzaltenango",9,"Quetzaltenango",1,1381,400,,,,,,,,,,,,,,,,,,,,,,,,,,,,,,,,,,,,,,,0,,,
10469,"Quetzaltenango",9,"Quetzaltenango",1,1381,376,,,,,,,,,,,,,,,,,,,,,,,,,,,,,,,,,,,,,,,0,,,
10470,"Quetzaltenango",9,"Quetzaltenango",1,1381,376,,,,,,,,,,,,,,,,,,,,,,,,,,,,,,,,,,,,,,,0,,,
10471,"Quetzaltenango",9,"Quetzaltenango",1,1382,255,,,,,,,,,,,,,,,,,,,,,,,,,,,,,,,,,,,,,,,0,,,
10472,"Quetzaltenango",9,"Quetzaltenango",1,1382,254,,,,,,,,,,,,,,,,,,,,,,,,,,,,,,,,,,,,,,,0,,,
10473,"Quetzaltenango",9,"Quetzaltenango",1,1383,400,,,,,,,,,,,,,,,,,,,,,,,,,,,,,,,,,,,,,,,0,,,
10474,"Quetzaltenango",9,"Quetzaltenango",1,1383,400,,,,,,,,,,,,,,,,,,,,,,,,,,,,,,,,,,,,,,,0,,,
10475,"Quetzaltenango",9,"Quetzaltenango",1,1383,400,,,,,,,,,,,,,,,,,,,,,,,,,,,,,,,,,,,,,,,0,,,
10476,"Quetzaltenango",9,"Quetzaltenango",1,1383,400,,,,,,,,,,,,,,,,,,,,,,,,,,,,,,,,,,,,,,,0,,,
10477,"Quetzaltenango",9,"Quetzaltenango",1,1383,400,,,,,,,,,,,,,,,,,,,,,,,,,,,,,,,,,,,,,,,0,,,
10478,"Quetzaltenango",9,"Quetzaltenango",1,1383,400,,,,,,,,,,,,,,,,,,,,,,,,,,,,,,,,,,,,,,,0,,,
10479,"Quetzaltenango",9,"Quetzaltenango",1,1384,400,,,,,,,,,,,,,,,,,,,,,,,,,,,,,,,,,,,,,,,0,,,
10480,"Quetzaltenango",9,"Quetzaltenango",1,1384,400,,,,,,,,,,,,,,,,,,,,,,,,,,,,,,,,,,,,,,,0,,,
10481,"Quetzaltenango",9,"Quetzaltenango",1,1384,400,,,,,,,,,,,,,,,,,,,,,,,,,,,,,,,,,,,,,,,0,,,
10482,"Quetzaltenango",9,"Quetzaltenango",1,1384,400,,,,,,,,,,,,,,,,,,,,,,,,,,,,,,,,,,,,,,,0,,,
10483,"Quetzaltenango",9,"Quetzaltenango",1,1384,400,,,,,,,,,,,,,,,,,,,,,,,,,,,,,,,,,,,,,,,0,,,
10484,"Quetzaltenango",9,"Quetzaltenango",1,1384,400,,,,,,,,,,,,,,,,,,,,,,,,,,,,,,,,,,,,,,,0,,,
10485,"Quetzaltenango",9,"Quetzaltenango",1,1384,400,,,,,,,,,,,,,,,,,,,,,,,,,,,,,,,,,,,,,,,0,,,
10486,"Quetzaltenango",9,"Quetzaltenango",1,1385,400,,,,,,,,,,,,,,,,,,,,,,,,,,,,,,,,,,,,,,,0,,,
10487,"Quetzaltenango",9,"Quetzaltenango",1,1385,400,,,,,,,,,,,,,,,,,,,,,,,,,,,,,,,,,,,,,,,0,,,
10488,"Quetzaltenango",9,"Quetzaltenango",1,1385,400,,,,,,,,,,,,,,,,,,,,,,,,,,,,,,,,,,,,,,,0,,,
10489,"Quetzaltenango",9,"Quetzaltenango",1,1385,400,,,,,,,,,,,,,,,,,,,,,,,,,,,,,,,,,,,,,,,0,,,
10490,"Quetzaltenango",9,"Quetzaltenango",1,1385,400,,,,,,,,,,,,,,,,,,,,,,,,,,,,,,,,,,,,,,,0,,,
10491,"Quetzaltenango",9,"Quetzaltenango",1,1385,293,,,,,,,,,,,,,,,,,,,,,,,,,,,,,,,,,,,,,,,0,,,
10492,"Quetzaltenango",9,"Quetzaltenango",1,1385,292,,,,,,,,,,,,,,,,,,,,,,,,,,,,,,,,,,,,,,,0,,,
10493,"Quetzaltenango",9,"Quetzaltenango",1,1386,400,,,,,,,,,,,,,,,,,,,,,,,,,,,,,,,,,,,,,,,0,,,
10494,"Quetzaltenango",9,"Quetzaltenango",1,1386,213,,,,,,,,,,,,,,,,,,,,,,,,,,,,,,,,,,,,,,,0,,,
10495,"Quetzaltenango",9,"Quetzaltenango",1,1386,212,,,,,,,,,,,,,,,,,,,,,,,,,,,,,,,,,,,,,,,0,,,
10496,"Quetzaltenango",9,"Quetzaltenango",1,1387,400,,,,,,,,,,,,,,,,,,,,,,,,,,,,,,,,,,,,,,,0,,,
10497,"Quetzaltenango",9,"Quetzaltenango",1,1387,400,,,,,,,,,,,,,,,,,,,,,,,,,,,,,,,,,,,,,,,0,,,
10498,"Quetzaltenango",9,"Quetzaltenango",1,1387,400,,,,,,,,,,,,,,,,,,,,,,,,,,,,,,,,,,,,,,,0,,,
10499,"Quetzaltenango",9,"Quetzaltenango",1,1387,400,,,,,,,,,,,,,,,,,,,,,,,,,,,,,,,,,,,,,,,0,,,
10500,"Quetzaltenango",9,"Quetzaltenango",1,1387,400,,,,,,,,,,,,,,,,,,,,,,,,,,,,,,,,,,,,,,,0,,,
10501,"Quetzaltenango",9,"Quetzaltenango",1,1387,400,,,,,,,,,,,,,,,,,,,,,,,,,,,,,,,,,,,,,,,0,,,
10502,"Quetzaltenango",9,"Quetzaltenango",1,1387,400,,,,,,,,,,,,,,,,,,,,,,,,,,,,,,,,,,,,,,,0,,,
10503,"Quetzaltenango",9,"Quetzaltenango",1,1387,400,,,,,,,,,,,,,,,,,,,,,,,,,,,,,,,,,,,,,,,0,,,
10504,"Quetzaltenango",9,"Quetzaltenango",1,1387,400,,,,,,,,,,,,,,,,,,,,,,,,,,,,,,,,,,,,,,,0,,,
10505,"Quetzaltenango",9,"Quetzaltenango",1,1387,400,,,,,,,,,,,,,,,,,,,,,,,,,,,,,,,,,,,,,,,0,,,
10506,"Quetzaltenango",9,"Quetzaltenango",1,1387,400,,,,,,,,,,,,,,,,,,,,,,,,,,,,,,,,,,,,,,,0,,,
10507,"Quetzaltenango",9,"Quetzaltenango",1,1387,400,,,,,,,,,,,,,,,,,,,,,,,,,,,,,,,,,,,,,,,0,,,
10508,"Quetzaltenango",9,"Quetzaltenango",1,1388,400,,,,,,,,,,,,,,,,,,,,,,,,,,,,,,,,,,,,,,,0,,,
10509,"Quetzaltenango",9,"Quetzaltenango",1,1388,400,,,,,,,,,,,,,,,,,,,,,,,,,,,,,,,,,,,,,,,0,,,
10510,"Quetzaltenango",9,"Quetzaltenango",1,1388,400,,,,,,,,,,,,,,,,,,,,,,,,,,,,,,,,,,,,,,,0,,,
10511,"Quetzaltenango",9,"Quetzaltenango",1,1388,400,,,,,,,,,,,,,,,,,,,,,,,,,,,,,,,,,,,,,,,0,,,
10512,"Quetzaltenango",9,"Quetzaltenango",1,1388,400,,,,,,,,,,,,,,,,,,,,,,,,,,,,,,,,,,,,,,,0,,,
10513,"Quetzaltenango",9,"Quetzaltenango",1,1388,400,,,,,,,,,,,,,,,,,,,,,,,,,,,,,,,,,,,,,,,0,,,
10514,"Quetzaltenango",9,"Quetzaltenango",1,1389,400,,,,,,,,,,,,,,,,,,,,,,,,,,,,,,,,,,,,,,,0,,,
10515,"Quetzaltenango",9,"Quetzaltenango",1,1389,400,,,,,,,,,,,,,,,,,,,,,,,,,,,,,,,,,,,,,,,0,,,
10516,"Quetzaltenango",9,"Quetzaltenango",1,1389,400,,,,,,,,,,,,,,,,,,,,,,,,,,,,,,,,,,,,,,,0,,,
10517,"Quetzaltenango",9,"Quetzaltenango",1,1389,400,,,,,,,,,,,,,,,,,,,,,,,,,,,,,,,,,,,,,,,0,,,
10518,"Quetzaltenango",9,"Quetzaltenango",1,1389,400,,,,,,,,,,,,,,,,,,,,,,,,,,,,,,,,,,,,,,,0,,,
10519,"Quetzaltenango",9,"Quetzaltenango",1,1389,400,,,,,,,,,,,,,,,,,,,,,,,,,,,,,,,,,,,,,,,0,,,
10520,"Quetzaltenango",9,"Quetzaltenango",1,1389,400,,,,,,,,,,,,,,,,,,,,,,,,,,,,,,,,,,,,,,,0,,,
10521,"Quetzaltenango",9,"Quetzaltenango",1,1389,400,,,,,,,,,,,,,,,,,,,,,,,,,,,,,,,,,,,,,,,0,,,
10522,"Quetzaltenango",9,"Quetzaltenango",1,1390,400,,,,,,,,,,,,,,,,,,,,,,,,,,,,,,,,,,,,,,,0,,,
10523,"Quetzaltenango",9,"Quetzaltenango",1,1390,228,,,,,,,,,,,,,,,,,,,,,,,,,,,,,,,,,,,,,,,0,,,
10524,"Quetzaltenango",9,"Quetzaltenango",1,1390,228,,,,,,,,,,,,,,,,,,,,,,,,,,,,,,,,,,,,,,,0,,,
10525,"Quetzaltenango",9,"Quetzaltenango",1,1391,400,,,,,,,,,,,,,,,,,,,,,,,,,,,,,,,,,,,,,,,0,,,
10526,"Quetzaltenango",9,"Quetzaltenango",1,1391,275,,,,,,,,,,,,,,,,,,,,,,,,,,,,,,,,,,,,,,,0,,,
10527,"Quetzaltenango",9,"Quetzaltenango",1,1391,275,,,,,,,,,,,,,,,,,,,,,,,,,,,,,,,,,,,,,,,0,,,
10528,"Quetzaltenango",9,"Quetzaltenango",1,1392,400,,,,,,,,,,,,,,,,,,,,,,,,,,,,,,,,,,,,,,,0,,,
10529,"Quetzaltenango",9,"Quetzaltenango",1,1392,400,,,,,,,,,,,,,,,,,,,,,,,,,,,,,,,,,,,,,,,0,,,
10530,"Quetzaltenango",9,"Quetzaltenango",1,1392,400,,,,,,,,,,,,,,,,,,,,,,,,,,,,,,,,,,,,,,,0,,,
10531,"Quetzaltenango",9,"Quetzaltenango",1,1392,400,,,,,,,,,,,,,,,,,,,,,,,,,,,,,,,,,,,,,,,0,,,
10532,"Quetzaltenango",9,"Quetzaltenango",1,1392,400,,,,,,,,,,,,,,,,,,,,,,,,,,,,,,,,,,,,,,,0,,,
10533,"Quetzaltenango",9,"Quetzaltenango",1,1392,258,,,,,,,,,,,,,,,,,,,,,,,,,,,,,,,,,,,,,,,0,,,
10534,"Quetzaltenango",9,"Quetzaltenango",1,1392,258,,,,,,,,,,,,,,,,,,,,,,,,,,,,,,,,,,,,,,,0,,,
10535,"Quetzaltenango",9,"Quetzaltenango",1,1393,400,,,,,,,,,,,,,,,,,,,,,,,,,,,,,,,,,,,,,,,0,,,
10536,"Quetzaltenango",9,"Quetzaltenango",1,1393,400,,,,,,,,,,,,,,,,,,,,,,,,,,,,,,,,,,,,,,,0,,,
10537,"Quetzaltenango",9,"Quetzaltenango",1,1393,400,,,,,,,,,,,,,,,,,,,,,,,,,,,,,,,,,,,,,,,0,,,
10538,"Quetzaltenango",9,"Quetzaltenango",1,1393,400,,,,,,,,,,,,,,,,,,,,,,,,,,,,,,,,,,,,,,,0,,,
10539,"Quetzaltenango",9,"Quetzaltenango",1,1393,400,,,,,,,,,,,,,,,,,,,,,,,,,,,,,,,,,,,,,,,0,,,
10540,"Quetzaltenango",9,"Quetzaltenango",1,1393,400,,,,,,,,,,,,,,,,,,,,,,,,,,,,,,,,,,,,,,,0,,,
10541,"Quetzaltenango",9,"Quetzaltenango",1,1393,400,,,,,,,,,,,,,,,,,,,,,,,,,,,,,,,,,,,,,,,0,,,
10542,"Quetzaltenango",9,"Quetzaltenango",1,1393,400,,,,,,,,,,,,,,,,,,,,,,,,,,,,,,,,,,,,,,,0,,,
10543,"Quetzaltenango",9,"Quetzaltenango",1,1394,400,,,,,,,,,,,,,,,,,,,,,,,,,,,,,,,,,,,,,,,0,,,
10544,"Quetzaltenango",9,"Quetzaltenango",1,1394,400,,,,,,,,,,,,,,,,,,,,,,,,,,,,,,,,,,,,,,,0,,,
10545,"Quetzaltenango",9,"Quetzaltenango",1,1394,400,,,,,,,,,,,,,,,,,,,,,,,,,,,,,,,,,,,,,,,0,,,
10546,"Quetzaltenango",9,"Quetzaltenango",1,1394,400,,,,,,,,,,,,,,,,,,,,,,,,,,,,,,,,,,,,,,,0,,,
10547,"Quetzaltenango",9,"Quetzaltenango",1,1395,400,,,,,,,,,,,,,,,,,,,,,,,,,,,,,,,,,,,,,,,0,,,
10548,"Quetzaltenango",9,"Quetzaltenango",1,1395,400,,,,,,,,,,,,,,,,,,,,,,,,,,,,,,,,,,,,,,,0,,,
10549,"Quetzaltenango",9,"Quetzaltenango",1,1395,400,,,,,,,,,,,,,,,,,,,,,,,,,,,,,,,,,,,,,,,0,,,
10550,"Quetzaltenango",9,"Quetzaltenango",1,1395,400,,,,,,,,,,,,,,,,,,,,,,,,,,,,,,,,,,,,,,,0,,,
10551,"Quetzaltenango",9,"Quetzaltenango",1,1395,400,,,,,,,,,,,,,,,,,,,,,,,,,,,,,,,,,,,,,,,0,,,
10552,"Quetzaltenango",9,"Quetzaltenango",1,1395,400,,,,,,,,,,,,,,,,,,,,,,,,,,,,,,,,,,,,,,,0,,,
10553,"Quetzaltenango",9,"Quetzaltenango",1,1395,400,,,,,,,,,,,,,,,,,,,,,,,,,,,,,,,,,,,,,,,0,,,
10554,"Quetzaltenango",9,"Quetzaltenango",1,1395,400,,,,,,,,,,,,,,,,,,,,,,,,,,,,,,,,,,,,,,,0,,,
10555,"Quetzaltenango",9,"Quetzaltenango",1,1395,400,,,,,,,,,,,,,,,,,,,,,,,,,,,,,,,,,,,,,,,0,,,
10556,"Quetzaltenango",9,"Quetzaltenango",1,1395,400,,,,,,,,,,,,,,,,,,,,,,,,,,,,,,,,,,,,,,,0,,,
10557,"Quetzaltenango",9,"Quetzaltenango",1,1395,261,,,,,,,,,,,,,,,,,,,,,,,,,,,,,,,,,,,,,,,0,,,
10558,"Quetzaltenango",9,"Quetzaltenango",1,1395,261,,,,,,,,,,,,,,,,,,,,,,,,,,,,,,,,,,,,,,,0,,,
10559,"Quetzaltenango",9,"Quetzaltenango",1,1396,400,,,,,,,,,,,,,,,,,,,,,,,,,,,,,,,,,,,,,,,0,,,
10560,"Quetzaltenango",9,"Quetzaltenango",1,1396,400,,,,,,,,,,,,,,,,,,,,,,,,,,,,,,,,,,,,,,,0,,,
10561,"Quetzaltenango",9,"Quetzaltenango",1,1396,400,,,,,,,,,,,,,,,,,,,,,,,,,,,,,,,,,,,,,,,0,,,
10562,"Quetzaltenango",9,"Quetzaltenango",1,1396,400,,,,,,,,,,,,,,,,,,,,,,,,,,,,,,,,,,,,,,,0,,,
10563,"Quetzaltenango",9,"Quetzaltenango",1,1396,400,,,,,,,,,,,,,,,,,,,,,,,,,,,,,,,,,,,,,,,0,,,
10564,"Quetzaltenango",9,"Quetzaltenango",1,1396,400,,,,,,,,,,,,,,,,,,,,,,,,,,,,,,,,,,,,,,,0,,,
10565,"Quetzaltenango",9,"Quetzaltenango",1,1396,400,,,,,,,,,,,,,,,,,,,,,,,,,,,,,,,,,,,,,,,0,,,
10566,"Quetzaltenango",9,"Quetzaltenango",1,1396,400,,,,,,,,,,,,,,,,,,,,,,,,,,,,,,,,,,,,,,,0,,,
10567,"Quetzaltenango",9,"Quetzaltenango",1,1396,400,,,,,,,,,,,,,,,,,,,,,,,,,,,,,,,,,,,,,,,0,,,
10568,"Quetzaltenango",9,"Quetzaltenango",1,1396,400,,,,,,,,,,,,,,,,,,,,,,,,,,,,,,,,,,,,,,,0,,,
10569,"Quetzaltenango",9,"Quetzaltenango",1,1396,400,,,,,,,,,,,,,,,,,,,,,,,,,,,,,,,,,,,,,,,0,,,
10570,"Quetzaltenango",9,"Quetzaltenango",1,1396,400,,,,,,,,,,,,,,,,,,,,,,,,,,,,,,,,,,,,,,,0,,,
10571,"Quetzaltenango",9,"Quetzaltenango",1,1397,400,,,,,,,,,,,,,,,,,,,,,,,,,,,,,,,,,,,,,,,0,,,
10572,"Quetzaltenango",9,"Quetzaltenango",1,1397,400,,,,,,,,,,,,,,,,,,,,,,,,,,,,,,,,,,,,,,,0,,,
10573,"Quetzaltenango",9,"Quetzaltenango",1,1397,400,,,,,,,,,,,,,,,,,,,,,,,,,,,,,,,,,,,,,,,0,,,
10574,"Quetzaltenango",9,"Quetzaltenango",1,1397,400,,,,,,,,,,,,,,,,,,,,,,,,,,,,,,,,,,,,,,,0,,,
10575,"Quetzaltenango",9,"Quetzaltenango",1,1397,287,,,,,,,,,,,,,,,,,,,,,,,,,,,,,,,,,,,,,,,0,,,
10576,"Quetzaltenango",9,"Quetzaltenango",1,1397,287,,,,,,,,,,,,,,,,,,,,,,,,,,,,,,,,,,,,,,,0,,,
10577,"Quetzaltenango",9,"Quetzaltenango",1,1398,400,,,,,,,,,,,,,,,,,,,,,,,,,,,,,,,,,,,,,,,0,,,
10578,"Quetzaltenango",9,"Quetzaltenango",1,1398,400,,,,,,,,,,,,,,,,,,,,,,,,,,,,,,,,,,,,,,,0,,,
10579,"Quetzaltenango",9,"Quetzaltenango",1,1398,400,,,,,,,,,,,,,,,,,,,,,,,,,,,,,,,,,,,,,,,0,,,
10580,"Quetzaltenango",9,"Quetzaltenango",1,1398,400,,,,,,,,,,,,,,,,,,,,,,,,,,,,,,,,,,,,,,,0,,,
10581,"Quetzaltenango",9,"Quetzaltenango",1,1398,400,,,,,,,,,,,,,,,,,,,,,,,,,,,,,,,,,,,,,,,0,,,
10582,"Quetzaltenango",9,"Quetzaltenango",1,1398,400,,,,,,,,,,,,,,,,,,,,,,,,,,,,,,,,,,,,,,,0,,,
10583,"Quetzaltenango",9,"Quetzaltenango",1,1398,400,,,,,,,,,,,,,,,,,,,,,,,,,,,,,,,,,,,,,,,0,,,
10584,"Quetzaltenango",9,"Quetzaltenango",1,1398,400,,,,,,,,,,,,,,,,,,,,,,,,,,,,,,,,,,,,,,,0,,,
10585,"Quetzaltenango",9,"Quetzaltenango",1,1398,400,,,,,,,,,,,,,,,,,,,,,,,,,,,,,,,,,,,,,,,0,,,
10586,"Quetzaltenango",9,"Quetzaltenango",1,1399,400,,,,,,,,,,,,,,,,,,,,,,,,,,,,,,,,,,,,,,,0,,,
10587,"Quetzaltenango",9,"Quetzaltenango",1,1399,400,,,,,,,,,,,,,,,,,,,,,,,,,,,,,,,,,,,,,,,0,,,
10588,"Quetzaltenango",9,"Quetzaltenango",1,1399,400,,,,,,,,,,,,,,,,,,,,,,,,,,,,,,,,,,,,,,,0,,,
10589,"Quetzaltenango",9,"Quetzaltenango",1,1399,400,,,,,,,,,,,,,,,,,,,,,,,,,,,,,,,,,,,,,,,0,,,
10590,"Quetzaltenango",9,"Quetzaltenango",1,1400,400,,,,,,,,,,,,,,,,,,,,,,,,,,,,,,,,,,,,,,,0,,,
10591,"Quetzaltenango",9,"Quetzaltenango",1,1400,400,,,,,,,,,,,,,,,,,,,,,,,,,,,,,,,,,,,,,,,0,,,
10592,"Quetzaltenango",9,"Quetzaltenango",1,1400,295,,,,,,,,,,,,,,,,,,,,,,,,,,,,,,,,,,,,,,,0,,,
10593,"Quetzaltenango",9,"Quetzaltenango",1,1400,294,,,,,,,,,,,,,,,,,,,,,,,,,,,,,,,,,,,,,,,0,,,
10594,"Quetzaltenango",9,"Quetzaltenango",1,1401,400,,,,,,,,,,,,,,,,,,,,,,,,,,,,,,,,,,,,,,,0,,,
10595,"Quetzaltenango",9,"Quetzaltenango",1,1401,400,,,,,,,,,,,,,,,,,,,,,,,,,,,,,,,,,,,,,,,0,,,
10596,"Quetzaltenango",9,"Quetzaltenango",1,1401,400,,,,,,,,,,,,,,,,,,,,,,,,,,,,,,,,,,,,,,,0,,,
10597,"Quetzaltenango",9,"Quetzaltenango",1,1401,400,,,,,,,,,,,,,,,,,,,,,,,,,,,,,,,,,,,,,,,0,,,
10598,"Quetzaltenango",9,"Quetzaltenango",1,1401,400,,,,,,,,,,,,,,,,,,,,,,,,,,,,,,,,,,,,,,,0,,,
10599,"Quetzaltenango",9,"Quetzaltenango",1,1401,400,,,,,,,,,,,,,,,,,,,,,,,,,,,,,,,,,,,,,,,0,,,
10600,"Quetzaltenango",9,"Quetzaltenango",1,1401,400,,,,,,,,,,,,,,,,,,,,,,,,,,,,,,,,,,,,,,,0,,,
10601,"Quetzaltenango",9,"Quetzaltenango",1,1401,400,,,,,,,,,,,,,,,,,,,,,,,,,,,,,,,,,,,,,,,0,,,
10602,"Quetzaltenango",9,"Quetzaltenango",1,1402,400,,,,,,,,,,,,,,,,,,,,,,,,,,,,,,,,,,,,,,,0,,,
10603,"Quetzaltenango",9,"Quetzaltenango",1,1402,400,,,,,,,,,,,,,,,,,,,,,,,,,,,,,,,,,,,,,,,0,,,
10604,"Quetzaltenango",9,"Quetzaltenango",1,1402,400,,,,,,,,,,,,,,,,,,,,,,,,,,,,,,,,,,,,,,,0,,,
10605,"Quetzaltenango",9,"Quetzaltenango",1,1402,400,,,,,,,,,,,,,,,,,,,,,,,,,,,,,,,,,,,,,,,0,,,
10606,"Quetzaltenango",9,"Quetzaltenango",1,1402,400,,,,,,,,,,,,,,,,,,,,,,,,,,,,,,,,,,,,,,,0,,,
10607,"Quetzaltenango",9,"Quetzaltenango",1,1402,400,,,,,,,,,,,,,,,,,,,,,,,,,,,,,,,,,,,,,,,0,,,
10608,"Quetzaltenango",9,"Quetzaltenango",1,1402,400,,,,,,,,,,,,,,,,,,,,,,,,,,,,,,,,,,,,,,,0,,,
10609,"Quetzaltenango",9,"Quetzaltenango",1,1402,400,,,,,,,,,,,,,,,,,,,,,,,,,,,,,,,,,,,,,,,0,,,
10610,"Quetzaltenango",9,"Quetzaltenango",1,1402,400,,,,,,,,,,,,,,,,,,,,,,,,,,,,,,,,,,,,,,,0,,,
10611,"Quetzaltenango",9,"Quetzaltenango",1,1403,400,,,,,,,,,,,,,,,,,,,,,,,,,,,,,,,,,,,,,,,0,,,
10612,"Quetzaltenango",9,"Quetzaltenango",1,1403,400,,,,,,,,,,,,,,,,,,,,,,,,,,,,,,,,,,,,,,,0,,,
10613,"Quetzaltenango",9,"Quetzaltenango",1,1403,400,,,,,,,,,,,,,,,,,,,,,,,,,,,,,,,,,,,,,,,0,,,
10614,"Quetzaltenango",9,"Quetzaltenango",1,1403,400,,,,,,,,,,,,,,,,,,,,,,,,,,,,,,,,,,,,,,,0,,,
10615,"Quetzaltenango",9,"Quetzaltenango",1,1403,278,,,,,,,,,,,,,,,,,,,,,,,,,,,,,,,,,,,,,,,0,,,
10616,"Quetzaltenango",9,"Quetzaltenango",1,1403,278,,,,,,,,,,,,,,,,,,,,,,,,,,,,,,,,,,,,,,,0,,,
10617,"Quetzaltenango",9,"Quetzaltenango",1,1404,400,,,,,,,,,,,,,,,,,,,,,,,,,,,,,,,,,,,,,,,0,,,
10618,"Quetzaltenango",9,"Quetzaltenango",1,1404,400,,,,,,,,,,,,,,,,,,,,,,,,,,,,,,,,,,,,,,,0,,,
10619,"Quetzaltenango",9,"Quetzaltenango",1,1404,221,,,,,,,,,,,,,,,,,,,,,,,,,,,,,,,,,,,,,,,0,,,
10620,"Quetzaltenango",9,"Quetzaltenango",1,1404,221,,,,,,,,,,,,,,,,,,,,,,,,,,,,,,,,,,,,,,,0,,,
10621,"Quetzaltenango",9,"Quetzaltenango",1,1405,400,,,,,,,,,,,,,,,,,,,,,,,,,,,,,,,,,,,,,,,0,,,
10622,"Quetzaltenango",9,"Quetzaltenango",1,1405,400,,,,,,,,,,,,,,,,,,,,,,,,,,,,,,,,,,,,,,,0,,,
10623,"Quetzaltenango",9,"Quetzaltenango",1,1405,400,,,,,,,,,,,,,,,,,,,,,,,,,,,,,,,,,,,,,,,0,,,
10624,"Quetzaltenango",9,"Quetzaltenango",1,1405,400,,,,,,,,,,,,,,,,,,,,,,,,,,,,,,,,,,,,,,,0,,,
10625,"Quetzaltenango",9,"Quetzaltenango",1,1405,400,,,,,,,,,,,,,,,,,,,,,,,,,,,,,,,,,,,,,,,0,,,
10626,"Quetzaltenango",9,"Quetzaltenango",1,1405,400,,,,,,,,,,,,,,,,,,,,,,,,,,,,,,,,,,,,,,,0,,,
10627,"Quetzaltenango",9,"Quetzaltenango",1,1405,400,,,,,,,,,,,,,,,,,,,,,,,,,,,,,,,,,,,,,,,0,,,
10628,"Quetzaltenango",9,"Quetzaltenango",1,1405,400,,,,,,,,,,,,,,,,,,,,,,,,,,,,,,,,,,,,,,,0,,,
10629,"Quetzaltenango",9,"Quetzaltenango",1,1405,400,,,,,,,,,,,,,,,,,,,,,,,,,,,,,,,,,,,,,,,0,,,
10630,"Quetzaltenango",9,"Quetzaltenango",1,1405,400,,,,,,,,,,,,,,,,,,,,,,,,,,,,,,,,,,,,,,,0,,,
10631,"Quetzaltenango",9,"Quetzaltenango",1,1406,400,,,,,,,,,,,,,,,,,,,,,,,,,,,,,,,,,,,,,,,0,,,
10632,"Quetzaltenango",9,"Quetzaltenango",1,1406,400,,,,,,,,,,,,,,,,,,,,,,,,,,,,,,,,,,,,,,,0,,,
10633,"Quetzaltenango",9,"Quetzaltenango",1,1406,400,,,,,,,,,,,,,,,,,,,,,,,,,,,,,,,,,,,,,,,0,,,
10634,"Quetzaltenango",9,"Quetzaltenango",1,1406,400,,,,,,,,,,,,,,,,,,,,,,,,,,,,,,,,,,,,,,,0,,,
10635,"Quetzaltenango",9,"Quetzaltenango",1,1406,400,,,,,,,,,,,,,,,,,,,,,,,,,,,,,,,,,,,,,,,0,,,
10636,"Quetzaltenango",9,"Quetzaltenango",1,1407,400,,,,,,,,,,,,,,,,,,,,,,,,,,,,,,,,,,,,,,,0,,,
10637,"Quetzaltenango",9,"Quetzaltenango",1,1407,400,,,,,,,,,,,,,,,,,,,,,,,,,,,,,,,,,,,,,,,0,,,
10638,"Quetzaltenango",9,"Quetzaltenango",1,1407,400,,,,,,,,,,,,,,,,,,,,,,,,,,,,,,,,,,,,,,,0,,,
10639,"Quetzaltenango",9,"Quetzaltenango",1,1407,201,,,,,,,,,,,,,,,,,,,,,,,,,,,,,,,,,,,,,,,0,,,
10640,"Quetzaltenango",9,"Quetzaltenango",1,1407,200,,,,,,,,,,,,,,,,,,,,,,,,,,,,,,,,,,,,,,,0,,,
10641,"Quetzaltenango",9,"Quetzaltenango",1,1408,400,,,,,,,,,,,,,,,,,,,,,,,,,,,,,,,,,,,,,,,0,,,
10642,"Quetzaltenango",9,"Quetzaltenango",1,1408,400,,,,,,,,,,,,,,,,,,,,,,,,,,,,,,,,,,,,,,,0,,,
10643,"Quetzaltenango",9,"Quetzaltenango",1,1408,400,,,,,,,,,,,,,,,,,,,,,,,,,,,,,,,,,,,,,,,0,,,
10644,"Quetzaltenango",9,"Quetzaltenango",1,1408,344,,,,,,,,,,,,,,,,,,,,,,,,,,,,,,,,,,,,,,,0,,,
10645,"Quetzaltenango",9,"Quetzaltenango",1,1408,343,,,,,,,,,,,,,,,,,,,,,,,,,,,,,,,,,,,,,,,0,,,
10646,"Quetzaltenango",9,"Quetzaltenango",1,1409,334,,,,,,,,,,,,,,,,,,,,,,,,,,,,,,,,,,,,,,,0,,,
10647,"Quetzaltenango",9,"Quetzaltenango",1,1409,334,,,,,,,,,,,,,,,,,,,,,,,,,,,,,,,,,,,,,,,0,,,
10648,"Quetzaltenango",9,"Quetzaltenango",1,1410,400,,,,,,,,,,,,,,,,,,,,,,,,,,,,,,,,,,,,,,,0,,,
10649,"Quetzaltenango",9,"Quetzaltenango",1,1410,400,,,,,,,,,,,,,,,,,,,,,,,,,,,,,,,,,,,,,,,0,,,
10650,"Quetzaltenango",9,"Quetzaltenango",1,1410,400,,,,,,,,,,,,,,,,,,,,,,,,,,,,,,,,,,,,,,,0,,,
10651,"Quetzaltenango",9,"Quetzaltenango",1,1410,400,,,,,,,,,,,,,,,,,,,,,,,,,,,,,,,,,,,,,,,0,,,
10652,"Quetzaltenango",9,"Quetzaltenango",1,1410,400,,,,,,,,,,,,,,,,,,,,,,,,,,,,,,,,,,,,,,,0,,,
10653,"Quetzaltenango",9,"Quetzaltenango",1,1411,400,,,,,,,,,,,,,,,,,,,,,,,,,,,,,,,,,,,,,,,0,,,
10654,"Quetzaltenango",9,"Quetzaltenango",1,1411,400,,,,,,,,,,,,,,,,,,,,,,,,,,,,,,,,,,,,,,,0,,,
10655,"Quetzaltenango",9,"Quetzaltenango",1,1411,353,,,,,,,,,,,,,,,,,,,,,,,,,,,,,,,,,,,,,,,0,,,
10656,"Quetzaltenango",9,"Quetzaltenango",1,1411,353,,,,,,,,,,,,,,,,,,,,,,,,,,,,,,,,,,,,,,,0,,,
10657,"Quetzaltenango",9,"Quetzaltenango",1,1412,380,,,,,,,,,,,,,,,,,,,,,,,,,,,,,,,,,,,,,,,0,,,
10658,"Quetzaltenango",9,"Quetzaltenango",1,1412,380,,,,,,,,,,,,,,,,,,,,,,,,,,,,,,,,,,,,,,,0,,,
10659,"Quetzaltenango",9,"Quetzaltenango",1,1412,380,,,,,,,,,,,,,,,,,,,,,,,,,,,,,,,,,,,,,,,0,,,
10660,"Quetzaltenango",9,"Quetzaltenango",1,1412,380,,,,,,,,,,,,,,,,,,,,,,,,,,,,,,,,,,,,,,,0,,,
10661,"Quetzaltenango",9,"Quetzaltenango",1,1412,380,,,,,,,,,,,,,,,,,,,,,,,,,,,,,,,,,,,,,,,0,,,
10662,"Quetzaltenango",9,"Quetzaltenango",1,1412,380,2,30,3,3,0,15,1,0,0,3,1,2,2,25,0,1,4,1,3,0,1,3,4,0,5,109,13,11,133,0,133,--,380,247,109,133,133,Algún campo sin dato,1,a70ac69a8bce85495d4c4b521ddb14ec09fe90aaaf63031c56131b916a00ee93,25/06/2023 22:57:31,ESCANER
10663,"Quetzaltenango",9,"Quetzaltenango",1,1412,380,,,,,,,,,,,,,,,,,,,,,,,,,,,,,,,,,,,,,,,0,,,
10664,"Quetzaltenango",9,"Quetzaltenango",1,1412,380,,,,,,,,,,,,,,,,,,,,,,,,,,,,,,,,,,,,,,,0,,,
10665,"Quetzaltenango",9,"Quetzaltenango",1,1412,380,,,,,,,,,,,,,,,,,,,,,,,,,,,,,,,,,,,,,,,0,,,
10666,"Quetzaltenango",9,"Quetzaltenango",1,1412,380,,,,,,,,,,,,,,,,,,,,,,,,,,,,,,,,,,,,,,,0,,,
10667,"Quetzaltenango",9,"Quetzaltenango",1,1412,380,,,,,,,,,,,,,,,,,,,,,,,,,,,,,,,,,,,,,,,0,,,
10668,"Quetzaltenango",9,"Quetzaltenango",1,1412,260,,,,,,,,,,,,,,,,,,,,,,,,,,,,,,,,,,,,,,,0,,,
10669,"Quetzaltenango",9,"Quetzaltenango",1,1412,259,,,,,,,,,,,,,,,,,,,,,,,,,,,,,,,,,,,,,,,0,,,
10670,"Quetzaltenango",9,"Quetzaltenango",1,1413,380,,,,,,,,,,,,,,,,,,,,,,,,,,,,,,,,,,,,,,,0,,,
10671,"Quetzaltenango",9,"Quetzaltenango",1,1413,380,,,,,,,,,,,,,,,,,,,,,,,,,,,,,,,,,,,,,,,0,,,
10672,"Quetzaltenango",9,"Quetzaltenango",1,1413,380,,,,,,,,,,,,,,,,,,,,,,,,,,,,,,,,,,,,,,,0,,,
10673,"Quetzaltenango",9,"Quetzaltenango",1,1413,380,,,,,,,,,,,,,,,,,,,,,,,,,,,,,,,,,,,,,,,0,,,
10674,"Quetzaltenango",9,"Quetzaltenango",1,1413,380,,,,,,,,,,,,,,,,,,,,,,,,,,,,,,,,,,,,,,,0,,,
10675,"Quetzaltenango",9,"Quetzaltenango",1,1413,380,,,,,,,,,,,,,,,,,,,,,,,,,,,,,,,,,,,,,,,0,,,
10676,"Quetzaltenango",9,"Quetzaltenango",1,1413,350,,,,,,,,,,,,,,,,,,,,,,,,,,,,,,,,,,,,,,,0,,,
10677,"Quetzaltenango",9,"Quetzaltenango",1,1413,349,,,,,,,,,,,,,,,,,,,,,,,,,,,,,,,,,,,,,,,0,,,
10678,"Quetzaltenango",9,"Quetzaltenango",1,1414,380,,,,,,,,,,,,,,,,,,,,,,,,,,,,,,,,,,,,,,,0,,,
10679,"Quetzaltenango",9,"Quetzaltenango",1,1414,380,,,,,,,,,,,,,,,,,,,,,,,,,,,,,,,,,,,,,,,0,,,
10680,"Quetzaltenango",9,"Quetzaltenango",1,1414,380,,,,,,,,,,,,,,,,,,,,,,,,,,,,,,,,,,,,,,,0,,,
10681,"Quetzaltenango",9,"Quetzaltenango",1,1414,380,,,,,,,,,,,,,,,,,,,,,,,,,,,,,,,,,,,,,,,0,,,
10682,"Quetzaltenango",9,"Quetzaltenango",1,1414,380,,,,,,,,,,,,,,,,,,,,,,,,,,,,,,,,,,,,,,,0,,,
10683,"Quetzaltenango",9,"Quetzaltenango",1,1414,380,,,,,,,,,,,,,,,,,,,,,,,,,,,,,,,,,,,,,,,0,,,
10684,"Quetzaltenango",9,"Quetzaltenango",1,1414,380,,,,,,,,,,,,,,,,,,,,,,,,,,,,,,,,,,,,,,,0,,,
10685,"Quetzaltenango",9,"Quetzaltenango",1,1414,246,,,,,,,,,,,,,,,,,,,,,,,,,,,,,,,,,,,,,,,0,,,
10686,"Quetzaltenango",9,"Quetzaltenango",1,1414,246,,,,,,,,,,,,,,,,,,,,,,,,,,,,,,,,,,,,,,,0,,,
10687,"Quetzaltenango",9,"Quetzaltenango",1,1415,600,,,,,,,,,,,,,,,,,,,,,,,,,,,,,,,,,,,,,,,0,,,
10688,"Quetzaltenango",9,"Quetzaltenango",1,1415,600,,,,,,,,,,,,,,,,,,,,,,,,,,,,,,,,,,,,,,,0,,,
10689,"Quetzaltenango",9,"Quetzaltenango",1,1415,600,,,,,,,,,,,,,,,,,,,,,,,,,,,,,,,,,,,,,,,0,,,
10690,"Quetzaltenango",9,"Quetzaltenango",1,1415,600,,,,,,,,,,,,,,,,,,,,,,,,,,,,,,,,,,,,,,,0,,,
10691,"Quetzaltenango",9,"Quetzaltenango",1,1415,600,,,,,,,,,,,,,,,,,,,,,,,,,,,,,,,,,,,,,,,0,,,
10692,"Quetzaltenango",9,"Quetzaltenango",1,1415,600,,,,,,,,,,,,,,,,,,,,,,,,,,,,,,,,,,,,,,,0,,,
10693,"Quetzaltenango",9,"Quetzaltenango",1,1415,600,,,,,,,,,,,,,,,,,,,,,,,,,,,,,,,,,,,,,,,0,,,
10694,"Quetzaltenango",9,"Quetzaltenango",1,1415,600,,,,,,,,,,,,,,,,,,,,,,,,,,,,,,,,,,,,,,,0,,,
10695,"Quetzaltenango",9,"Quetzaltenango",1,1416,600,,,,,,,,,,,,,,,,,,,,,,,,,,,,,,,,,,,,,,,0,,,
10696,"Quetzaltenango",9,"Quetzaltenango",1,1416,600,,,,,,,,,,,,,,,,,,,,,,,,,,,,,,,,,,,,,,,0,,,
10697,"Quetzaltenango",9,"Quetzaltenango",1,1416,600,,,,,,,,,,,,,,,,,,,,,,,,,,,,,,,,,,,,,,,0,,,
10698,"Quetzaltenango",9,"Quetzaltenango",1,1416,600,,,,,,,,,,,,,,,,,,,,,,,,,,,,,,,,,,,,,,,0,,,
10699,"Quetzaltenango",9,"Quetzaltenango",1,1416,600,,,,,,,,,,,,,,,,,,,,,,,,,,,,,,,,,,,,,,,0,,,
10700,"Quetzaltenango",9,"Quetzaltenango",1,1416,600,,,,,,,,,,,,,,,,,,,,,,,,,,,,,,,,,,,,,,,0,,,
10701,"Quetzaltenango",9,"Quetzaltenango",1,1416,600,,,,,,,,,,,,,,,,,,,,,,,,,,,,,,,,,,,,,,,0,,,
10702,"Quetzaltenango",9,"Quetzaltenango",1,1416,600,,,,,,,,,,,,,,,,,,,,,,,,,,,,,,,,,,,,,,,0,,,
10703,"Quetzaltenango",9,"Quetzaltenango",1,1417,600,,,,,,,,,,,,,,,,,,,,,,,,,,,,,,,,,,,,,,,0,,,
10704,"Quetzaltenango",9,"Quetzaltenango",1,1417,600,,,,,,,,,,,,,,,,,,,,,,,,,,,,,,,,,,,,,,,0,,,
10705,"Quetzaltenango",9,"Quetzaltenango",1,1417,600,,,,,,,,,,,,,,,,,,,,,,,,,,,,,,,,,,,,,,,0,,,
10706,"Quetzaltenango",9,"Quetzaltenango",1,1417,600,,,,,,,,,,,,,,,,,,,,,,,,,,,,,,,,,,,,,,,0,,,
10707,"Quetzaltenango",9,"Quetzaltenango",1,1417,600,,,,,,,,,,,,,,,,,,,,,,,,,,,,,,,,,,,,,,,0,,,
10708,"Quetzaltenango",9,"Quetzaltenango",1,1417,548,--,4,--,--,--,9,--,--,3,--,1,--,--,2,1,2,5,--,3,--,--,--,--,--,1,31,4,0,35,--,35,--,549,514,31,35,35,Algún campo sin dato,1,15c9f5f7257a9b42bc5a8bb4d5556e82b3bc4435c4b7a96e5557f92663565c33,25/06/2023 22:31:05,ESCANER
10709,"Quetzaltenango",9,"Quetzaltenango",1,1417,547,2,5,1,1,0,5,1,0,0,1,1,2,0,2,1,1,1,0,1,0,0,0,0,0,1,26,0,0,26,0,26,--,547,521,26,26,26,Algún campo sin dato,1,6e58dbd676b79abe7e58a890efb9e0a2577c83e0e5d09b6c5ad2564542744d77,25/06/2023 22:32:58,ESCANER