﻿TIPO_DE_ELECCIÓN:,CORPORACIÓN MUNICIPAL
26 junio 2023 00:25 (UTC -6)
ACTAS_ESPERADAS,ACTAS_CAPTURADAS,PORCENTAJE_ACTAS_CAPTURADAS,ACTAS_CONTABILIZADAS,PORCENTAJE_ACTAS_CONTABILIZADAS,ACTAS_NO_CONTABILIZADAS,LISTA_NOMINAL_ACTAS_CONTABILIZADAS,VOTOS_EMITIDOS_CONTABILIZADAS,PORCENTAJE_PARTICIPACIÓN_CIUDADANA
27,10,37.0370,10,37.0370,0,3178,2401,75.5506

MESA,DEPARTAMENTO,ID_DEPARTAMENTO,MUNICIPIO,ID_MUNICIPIO,CENTRO_DE_VOTACIÓN,PADRÓN,WINAQ,CABAL,BIEN,UNE,VAMOS,VÁLIDOS,NULOS,BLANCO,EMITIDOS,INVÁLIDOS,TOTAL,IMPUGNACIONES,PAPELETAS-RECIBIDAS,PAPELETAS-NO-USADAS,VALIDOS_CALCULADO,EMITIDOS_CALCULADO,TOTAL_CALCULADO,OBSERVACIONES,CONTABILIZADA,CÓDIGO_INTEGRIDAD,FECHA_HORA_PUBLICACIÓN,DIGITALIZACIÓN
11208,"Quetzaltenango",9,"Zunil",16,1503,400,,,,,,,,,,,,,,,,,,,0,,,
11209,"Quetzaltenango",9,"Zunil",16,1503,400,,,,,,,,,,,,,,,,,,,0,,,
11210,"Quetzaltenango",9,"Zunil",16,1503,400,,,,,,,,,,,,,,,,,,,0,,,
11211,"Quetzaltenango",9,"Zunil",16,1503,400,,,,,,,,,,,,,,,,,,,0,,,
11212,"Quetzaltenango",9,"Zunil",16,1503,400,164,6,72,0,87,329,4,11,344,0,344,--,399,55,329,344,344,Algún campo sin dato,1,c43b54d35436bdd72c0889cea3d00803e999a8f75f58245e8f0e4b8edc33843b,26/06/2023 00:15:59,ESCANER
11213,"Quetzaltenango",9,"Zunil",16,1503,400,,,,,,,,,,,,,,,,,,,0,,,
11214,"Quetzaltenango",9,"Zunil",16,1503,400,,,,,,,,,,,,,,,,,,,0,,,
11215,"Quetzaltenango",9,"Zunil",16,1503,400,,,,,,,,,,,,,,,,,,,0,,,
11216,"Quetzaltenango",9,"Zunil",16,1503,400,,,,,,,,,,,,,,,,,,,0,,,
11217,"Quetzaltenango",9,"Zunil",16,1504,400,136,5,76,0,95,312,2,1,315,0,315,--,400,85,312,315,315,Algún campo sin dato,1,2b347cf6af2a9d401d611c1f2f3c67cd17e076750041982ec826a70f8ca2fdda,25/06/2023 23:50:44,ESCANER
11218,"Quetzaltenango",9,"Zunil",16,1504,400,153,3,80,2,84,322,4,2,328,0,328,--,400,72,322,328,328,Algún campo sin dato,1,33702092e9e10f2391d4f2c7006297ca0e1fea4f58bada7b2ceeb427442967de,25/06/2023 23:08:35,ESCANER
11219,"Quetzaltenango",9,"Zunil",16,1504,400,160,8,72,1,89,330,7,3,339,0,339,--,--,--,330,340,340,Sumas Asentadas sin cuadrar,1,1b3dd7bb01453d7c059157aa6da010cf0b85dc03d8e076eb768d5f191fb97aa1,26/06/2023 00:00:35,ESCANER
11220,"Quetzaltenango",9,"Zunil",16,1505,400,,,,,,,,,,,,,,,,,,,0,,,
11221,"Quetzaltenango",9,"Zunil",16,1505,400,,,,,,,,,,,,,,,,,,,0,,,
11222,"Quetzaltenango",9,"Zunil",16,1505,400,,,,,,,,,,,,,,,,,,,0,,,
11223,"Quetzaltenango",9,"Zunil",16,1505,400,,,,,,,,,,,,,,,,,,,0,,,
11224,"Quetzaltenango",9,"Zunil",16,1505,400,,,,,,,,,,,,,,,,,,,0,,,
11225,"Quetzaltenango",9,"Zunil",16,1505,221,69,5,58,0,54,186,0,0,186,2,188,--,221,33,186,186,188,Algún campo sin dato,1,e128561d8408838ee26f92f226e188331341d5c0856a2e81402da7b9bd04eab5,25/06/2023 23:45:00,ESCANER
11226,"Quetzaltenango",9,"Zunil",16,1505,220,73,2,32,0,39,146,0,2,148,0,148,--,220,72,146,148,148,Algún campo sin dato,1,62da423e1878f1f6598d0e22ec53d4a4ee5564837513acbe4c4761a40c5b2fd0,25/06/2023 23:06:25,ESCANER
11227,"Quetzaltenango",9,"Zunil",16,1506,400,,,,,,,,,,,,,,,,,,,0,,,
11228,"Quetzaltenango",9,"Zunil",16,1506,400,158,19,95,2,35,309,9,1,319,0,319,--,400,783,309,319,319,Algún campo sin dato,1,e48234ea0236477ad791ade1a9f061666f9f2f4f898c14905d9ed858cc0ad5fd,26/06/2023 00:17:31,ESCANER
11229,"Quetzaltenango",9,"Zunil",16,1506,400,,,,,,,,,,,,,,,,,,,0,,,
11230,"Quetzaltenango",9,"Zunil",16,1506,400,,,,,,,,,,,,,,,,,,,0,,,
11231,"Quetzaltenango",9,"Zunil",16,1506,400,,,,,,,,,,,,,,,,,,,0,,,
11232,"Quetzaltenango",9,"Zunil",16,1507,206,65,18,45,0,9,138,2,0,140,0,140,1,203,63,137,139,139,Sumas Asentadas sin cuadrar,1,dbf9b262a9d2cb326d7e599ff8f1e17bec6ab68ecf1ae75295c964e34a0967f8,26/06/2023 00:00:11,ESCANER
11233,"Quetzaltenango",9,"Zunil",16,1507,206,65,10,40,0,16,131,0,0,131,0,131,--,206,75,131,131,131,Algún campo sin dato,1,413e1d94f5298a977490f6abc93d675490d124263c69dff847d6aaa04e843e31,25/06/2023 23:15:35,ESCANER
11234,"Quetzaltenango",9,"Zunil",16,1508,325,72,2,27,0,44,145,2,4,151,0,151,--,323,172,145,151,151,Algún campo sin dato,1,277bfcaeaf471bfecca4952a3eb4c05ce0d1272e34206690d339bf643e43a5e0,25/06/2023 22:13:36,ESCANER