﻿TIPO_DE_ELECCIÓN:,CORPORACIÓN MUNICIPAL
26 junio 2023 00:25 (UTC -6)
ACTAS_ESPERADAS,ACTAS_CAPTURADAS,PORCENTAJE_ACTAS_CAPTURADAS,ACTAS_CONTABILIZADAS,PORCENTAJE_ACTAS_CONTABILIZADAS,ACTAS_NO_CONTABILIZADAS,LISTA_NOMINAL_ACTAS_CONTABILIZADAS,VOTOS_EMITIDOS_CONTABILIZADAS,PORCENTAJE_PARTICIPACIÓN_CIUDADANA
38,25,65.7894,25,65.7894,0,8492,4892,57.6071

MESA,DEPARTAMENTO,ID_DEPARTAMENTO,MUNICIPIO,ID_MUNICIPIO,CENTRO_DE_VOTACIÓN,PADRÓN,CABAL,VAMOS,CCS,VALOR UNIONISTA,BIEN,TODOS,VÁLIDOS,NULOS,BLANCO,EMITIDOS,INVÁLIDOS,TOTAL,IMPUGNACIONES,PAPELETAS-RECIBIDAS,PAPELETAS-NO-USADAS,VALIDOS_CALCULADO,EMITIDOS_CALCULADO,TOTAL_CALCULADO,OBSERVACIONES,CONTABILIZADA,CÓDIGO_INTEGRIDAD,FECHA_HORA_PUBLICACIÓN,DIGITALIZACIÓN
8504,"Santa Rosa",6,"Santa Rosa De Lima",3,1001,400,,,,,,,,,,,,,,,,,,,,0,,,
8505,"Santa Rosa",6,"Santa Rosa De Lima",3,1001,400,104,58,38,44,1,3,248,12,5,265,0,265,--,397,132,248,265,265,Algún campo sin dato,1,aa4a208572f598602ca1e013d6f2883b027606567e21cacf5a1530395418a847,25/06/2023 23:27:17,ESCANER
8506,"Santa Rosa",6,"Santa Rosa De Lima",3,1001,400,,,,,,,,,,,,,,,,,,,,0,,,
8507,"Santa Rosa",6,"Santa Rosa De Lima",3,1001,400,,,,,,,,,,,,,,,,,,,,0,,,
8508,"Santa Rosa",6,"Santa Rosa De Lima",3,1001,400,106,53,55,20,2,1,237,7,2,246,0,246,--,400,154,237,246,246,Algún campo sin dato,1,02af8f83629eab1808dbb6ebbc0db0d35cf3fa1982ad9b551e4d1f9dcf822bb8,26/06/2023 00:15:13,ESCANER
8509,"Santa Rosa",6,"Santa Rosa De Lima",3,1001,400,,,,,,,,,,,,,,,,,,,,0,,,
8510,"Santa Rosa",6,"Santa Rosa De Lima",3,1001,400,,,,,,,,,,,,,,,,,,,,0,,,
8511,"Santa Rosa",6,"Santa Rosa De Lima",3,1001,400,83,56,30,31,3,1,204,13,1,218,0,218,--,400,182,204,218,218,Algún campo sin dato,1,e74c82fb8423af6f72dac8f45cf71f36c3945e1aa1504af42088d7a69e18fae0,25/06/2023 22:54:35,ESCANER
8512,"Santa Rosa",6,"Santa Rosa De Lima",3,1001,400,,,,,,,,,,,,,,,,,,,,0,,,
8513,"Santa Rosa",6,"Santa Rosa De Lima",3,1001,400,,,,,,,,,,,,,,,,,,,,0,,,
8514,"Santa Rosa",6,"Santa Rosa De Lima",3,1001,400,103,48,45,34,4,1,235,1,0,236,0,236,--,397,161,235,236,236,Algún campo sin dato,1,e53a38f3bd453dca5ae00bb86e54e23ca5d60ce6efce4ebf7d314dd677ba1083,25/06/2023 23:37:57,ESCANER
8515,"Santa Rosa",6,"Santa Rosa De Lima",3,1001,212,53,27,25,24,1,0,130,1,1,132,0,132,--,212,80,130,132,132,Algún campo sin dato,1,777b71c7cf8036c7531baa1daf209964476342c0d8b6c8bb00f8918f94daf2d6,25/06/2023 23:04:38,ESCANER
8516,"Santa Rosa",6,"Santa Rosa De Lima",3,1001,211,42,23,18,15,0,0,98,3,2,103,0,103,--,211,108,98,103,103,Algún campo sin dato,1,498d86f40bd9aae1cdaa1b86d6e90c568ee41d6976d5fa4801c336e98f47aec6,25/06/2023 23:14:04,ESCANER
8517,"Santa Rosa",6,"Santa Rosa De Lima",3,1002,380,50,64,64,40,2,0,220,18,7,245,0,245,--,380,135,220,245,245,Algún campo sin dato,1,8ef4938298257601c59a3aea2110b7e7839d4adeaee1c44c15c7111853734f84,26/06/2023 00:06:02,ESCANER
8518,"Santa Rosa",6,"Santa Rosa De Lima",3,1002,380,62,73,108,24,0,0,267,9,1,277,0,277,--,380,103,267,277,277,Algún campo sin dato,1,15f4f5c31a6d6a524da155c9c9c74d587e907a17027e69a7e16b9e3fec459821,26/06/2023 00:19:22,ESCANER
8519,"Santa Rosa",6,"Santa Rosa De Lima",3,1002,380,57,78,92,35,1,0,263,14,3,280,0,280,--,381,101,263,280,280,Algún campo sin dato,1,40da573e591f9412af031cf8494b8d7b330e9c2a0c87fc7750590f08377907bf,26/06/2023 00:14:03,ESCANER
8520,"Santa Rosa",6,"Santa Rosa De Lima",3,1002,380,57,69,62,26,1,0,215,7,2,224,0,224,--,380,156,215,224,224,Algún campo sin dato,1,2d98e6c2fdd75fde3d96b6735a859021a8439b3b7273e2b39c3665bfa8a24094,25/06/2023 22:16:15,ESCANER
8521,"Santa Rosa",6,"Santa Rosa De Lima",3,1002,380,51,56,57,37,3,1,205,6,1,212,0,212,--,380,168,205,212,212,Algún campo sin dato,1,90b4289fde22925d3ed131722269fb251b72818a21eb9d0ac1630922163d9f12,26/06/2023 00:23:44,ESCANER
8522,"Santa Rosa",6,"Santa Rosa De Lima",3,1002,286,44,44,68,22,0,0,178,3,1,182,0,182,--,286,104,178,182,182,Algún campo sin dato,1,d5a5103bdaf9ff82cb265771eeb10b0a78f010eae722f534677690df10b45b76,25/06/2023 22:28:51,ESCANER
8523,"Santa Rosa",6,"Santa Rosa De Lima",3,1002,285,39,39,52,23,0,0,153,0,0,153,0,153,--,285,132,153,153,153,Algún campo sin dato,1,4338f2f34e973b92fbcd6ded22db1b28a6f3d4e4dc079a7a80bed77ce441f6c3,25/06/2023 22:48:51,ESCANER
8524,"Santa Rosa",6,"Santa Rosa De Lima",3,1003,380,66,66,28,95,1,1,257,16,2,275,0,275,--,380,105,257,275,275,Algún campo sin dato,1,662200d08da0cdd153f7abcb1c079603bf7851ed9f2272e9597beabd837b69dc,25/06/2023 23:51:28,ESCANER
8525,"Santa Rosa",6,"Santa Rosa De Lima",3,1003,380,51,81,41,75,1,0,249,15,13,277,0,277,--,380,103,249,277,277,Algún campo sin dato,1,653e77a4727125bce5b2a77fbd99c5353f4d290229894ccc328d7e453d8ceb9d,25/06/2023 23:30:27,ESCANER
8526,"Santa Rosa",6,"Santa Rosa De Lima",3,1003,380,83,80,29,73,2,2,269,5,5,279,0,279,--,380,101,269,279,279,Algún campo sin dato,1,36b894f3192d719ba9b6ef4c176b109fe0061d87fec80bc0175fa8ad5ed7a467,26/06/2023 00:14:51,ESCANER
8527,"Santa Rosa",6,"Santa Rosa De Lima",3,1003,380,63,45,33,89,0,0,230,1,3,234,0,234,0,380,146,230,234,234,,1,89320fb5d2042f140c7083822b2f802e34cecdc8f52eb10525161961ebf23093,25/06/2023 22:27:29,ESCANER
8528,"Santa Rosa",6,"Santa Rosa De Lima",3,1003,380,,,,,,,,,,,,,,,,,,,,0,,,
8529,"Santa Rosa",6,"Santa Rosa De Lima",3,1004,209,34,45,24,49,0,0,152,0,1,153,0,153,--,209,56,152,153,153,Algún campo sin dato,1,f184780b1e0bf824f2ac9f4cfd188a356a51311df8d0295c3524b9aed30a871b,25/06/2023 22:23:18,ESCANER
8530,"Santa Rosa",6,"Santa Rosa De Lima",3,1004,208,28,30,12,39,0,0,109,2,2,113,0,113,--,208,95,109,113,113,Algún campo sin dato,1,64dc98de25fc2dd62a38fbbe5f2ba09483bcfd7073e1118e48429c9cd22ba78b,25/06/2023 21:35:45,ESCANER
8531,"Santa Rosa",6,"Santa Rosa De Lima",3,1005,380,,,,,,,,,,,,,,,,,,,,0,,,
8532,"Santa Rosa",6,"Santa Rosa De Lima",3,1005,380,,,,,,,,,,,,,,,,,,,,0,,,
8533,"Santa Rosa",6,"Santa Rosa De Lima",3,1005,380,,,,,,,,,,,,,,,,,,,,0,,,
8534,"Santa Rosa",6,"Santa Rosa De Lima",3,1005,380,,,,,,,,,,,,,,,,,,,,0,,,
8535,"Santa Rosa",6,"Santa Rosa De Lima",3,1005,380,,,,,,,,,,,,,,,,,,,,0,,,
8536,"Santa Rosa",6,"Santa Rosa De Lima",3,1005,380,48,76,40,29,1,2,196,10,4,210,0,210,--,381,171,196,210,210,Algún campo sin dato,1,248ab514e87bf0accf3b6f23edf2beb42b27423b2b7dfee65a19291c34b6dbaa,26/06/2023 00:09:54,ESCANER
8537,"Santa Rosa",6,"Santa Rosa De Lima",3,1005,380,69,65,47,28,0,0,209,9,0,218,0,218,--,380,162,209,218,218,Algún campo sin dato,1,ca3931cf16b87f4a4e9cbb5321f1768ce70024376270087ea42915da01f58a92,26/06/2023 00:00:55,ESCANER
8538,"Santa Rosa",6,"Santa Rosa De Lima",3,1006,228,36,52,39,13,0,1,141,0,0,141,0,141,--,228,87,141,141,141,Algún campo sin dato,1,1890a71b8df90387ca81303acb4a81cacc885550a8055fea47877ecbc0952341,25/06/2023 23:00:05,ESCANER
8539,"Santa Rosa",6,"Santa Rosa De Lima",3,1006,228,33,40,20,24,1,0,118,2,1,121,0,121,--,228,107,118,121,121,Algún campo sin dato,1,7e57e42624f84ead654c0d619fd006eeb118e913d4f503932d4b50c3e5b46fe5,25/06/2023 21:21:20,ESCANER
8540,"Santa Rosa",6,"Santa Rosa De Lima",3,1007,423,33,18,16,5,0,0,72,2,1,75,0,75,--,423,348,72,75,75,Algún campo sin dato,1,7fd444b4a001ad7db70299b3e33649beeb5a8952f6b0a08f1aa4789688e8c348,25/06/2023 22:37:20,ESCANER
8541,"Santa Rosa",6,"Santa Rosa De Lima",3,1007,422,11,4,6,2,0,0,23,0,0,23,0,23,--,422,399,23,23,23,Algún campo sin dato,1,2e98ad22812a37fc23501e61fa96222eea1400c5e6bebe0fae4c19369cc3d11d,25/06/2023 22:05:45,ESCANER