﻿TIPO_DE_ELECCIÓN:,CORPORACIÓN MUNICIPAL
26 junio 2023 00:25 (UTC -6)
ACTAS_ESPERADAS,ACTAS_CAPTURADAS,PORCENTAJE_ACTAS_CAPTURADAS,ACTAS_CONTABILIZADAS,PORCENTAJE_ACTAS_CONTABILIZADAS,ACTAS_NO_CONTABILIZADAS,LISTA_NOMINAL_ACTAS_CONTABILIZADAS,VOTOS_EMITIDOS_CONTABILIZADAS,PORCENTAJE_PARTICIPACIÓN_CIUDADANA
25,13,52.0000,13,52.0000,0,4341,1805,41.5802

MESA,DEPARTAMENTO,ID_DEPARTAMENTO,MUNICIPIO,ID_MUNICIPIO,CENTRO_DE_VOTACIÓN,PADRÓN,VAMOS,AZUL,CABAL,BIEN,UNE,TODOS,UR,VIVA,VÁLIDOS,NULOS,BLANCO,EMITIDOS,INVÁLIDOS,TOTAL,IMPUGNACIONES,PAPELETAS-RECIBIDAS,PAPELETAS-NO-USADAS,VALIDOS_CALCULADO,EMITIDOS_CALCULADO,TOTAL_CALCULADO,OBSERVACIONES,CONTABILIZADA,CÓDIGO_INTEGRIDAD,FECHA_HORA_PUBLICACIÓN,DIGITALIZACIÓN
16655,"Huehuetenango",13,"Unión Cantinil",32,2490,400,29,6,72,1,25,5,2,16,156,18,7,181,0,181,--,399,218,156,181,181,Algún campo sin dato,1,06229fd4bfff43b3cc7f7e585aa2e7e4119d75d22efdc29ed57e15482d2565ad,25/06/2023 23:07:03,ESCANER
16656,"Huehuetenango",13,"Unión Cantinil",32,2490,400,,,,,,,,,,,,,,,,,,,,,,0,,,
16657,"Huehuetenango",13,"Unión Cantinil",32,2490,400,,,,,,,,,,,,,,,,,,,,,,0,,,
16658,"Huehuetenango",13,"Unión Cantinil",32,2490,400,,,,,,,,,,,,,,,,,,,,,,0,,,
16659,"Huehuetenango",13,"Unión Cantinil",32,2490,400,,,,,,,,,,,,,,,,,,,,,,0,,,
16660,"Huehuetenango",13,"Unión Cantinil",32,2490,400,38,6,62,3,18,23,4,12,166,9,3,178,0,178,--,403,225,166,178,178,Algún campo sin dato,1,7bac5615ba27135b247bb11c59bc9e3c2649d904f1c2439df8959af30f247eae,25/06/2023 23:41:28,ESCANER
16661,"Huehuetenango",13,"Unión Cantinil",32,2490,400,,,,,,,,,,,,,,,,,,,,,,0,,,
16662,"Huehuetenango",13,"Unión Cantinil",32,2491,400,,,,,,,,,,,,,,,,,,,,,,0,,,
16663,"Huehuetenango",13,"Unión Cantinil",32,2491,400,23,1,86,1,12,16,4,13,156,2,5,163,0,163,--,400,237,156,163,163,Algún campo sin dato,1,38ee97e5578c67a2ba0ff0d8454a22b6fd31e5a618902fc959c5a0c07775e015,25/06/2023 23:34:42,ESCANER
16664,"Huehuetenango",13,"Unión Cantinil",32,2491,222,12,2,44,1,13,5,2,7,86,0,2,88,0,88,--,219,131,86,88,88,Algún campo sin dato,1,9f51b287a3ef7cfe1c94ebd1081f91c5659f64c358b0338b795677982576c15b,25/06/2023 23:58:33,ESCANER
16665,"Huehuetenango",13,"Unión Cantinil",32,2491,222,11,1,33,1,20,6,2,4,78,1,4,83,0,83,--,222,139,78,83,83,Algún campo sin dato,1,926e32f1315d4e437c9d98a9a406b486b0921c0626fe9c8527176ca1a856cd1b,25/06/2023 23:04:15,ESCANER
16666,"Huehuetenango",13,"Unión Cantinil",32,2492,380,,,,,,,,,,,,,,,,,,,,,,0,,,
16667,"Huehuetenango",13,"Unión Cantinil",32,2492,380,89,6,28,10,10,1,2,21,167,16,3,186,0,186,--,380,194,167,186,186,Algún campo sin dato,1,859f8bbd66ba2c8f5f34174d5b3da1fd35975ca456b931ca978f3f8da36d7de7,25/06/2023 23:38:34,ESCANER
16668,"Huehuetenango",13,"Unión Cantinil",32,2492,380,,,,,,,,,,,,,,,,,,,,,,0,,,
16669,"Huehuetenango",13,"Unión Cantinil",32,2492,380,,,,,,,,,,,,,,,,,,,,,,0,,,
16670,"Huehuetenango",13,"Unión Cantinil",32,2493,380,85,3,27,8,10,0,1,10,144,6,1,151,0,151,--,380,229,144,151,151,Algún campo sin dato,1,700a4815434fd71c66d177a09e36e46259ff3a07d83a87228dcdebf4e4ae43f7,25/06/2023 22:36:41,ESCANER
16671,"Huehuetenango",13,"Unión Cantinil",32,2493,380,55,1,14,2,4,0,9,11,96,14,5,115,0,115,--,380,265,96,115,115,Algún campo sin dato,1,55ef74cb221f1ef312efeb9215417e1a487f287076f06717b2ad8b43ca556178,25/06/2023 22:24:12,ESCANER
16672,"Huehuetenango",13,"Unión Cantinil",32,2493,322,68,2,14,7,4,1,6,17,119,9,1,129,0,129,--,322,193,119,129,129,Algún campo sin dato,1,4b8170aa3836a4582fd4c5f707d646642bb077d4db96eb548aea855b0a6a096d,25/06/2023 23:31:38,ESCANER
16673,"Huehuetenango",13,"Unión Cantinil",32,2493,321,39,5,22,12,2,1,3,16,100,9,6,115,0,115,--,318,203,100,115,115,Algún campo sin dato,1,ce96e4b13b121a500b6e78c5de82ffeaad20e069b7f13df21cfc47c83ba22b16,25/06/2023 23:15:21,ESCANER
16674,"Huehuetenango",13,"Unión Cantinil",32,2494,380,,,,,,,,,,,,,,,,,,,,,,0,,,
16675,"Huehuetenango",13,"Unión Cantinil",32,2494,278,,,,,,,,,,,,,,,,,,,,,,0,,,
16676,"Huehuetenango",13,"Unión Cantinil",32,2494,277,,,,,,,,,,,,,,,,,,,,,,0,,,
16677,"Huehuetenango",13,"Unión Cantinil",32,2495,380,108,6,20,7,10,1,3,13,188,19,1,188,0,188,--,380,192,168,188,188,Sumas Asentadas sin cuadrar,1,c3140baca1b7bdcb2bc39d6f7ae2f69df3299ec83a32f43202963475816c36dc,26/06/2023 00:21:08,MOVIL
16678,"Huehuetenango",13,"Unión Cantinil",32,2495,267,48,1,27,6,4,4,1,10,101,16,3,120,0,120,--,264,144,101,120,120,Algún campo sin dato,1,cef1dd67ab4e77efe98bc85077495bdb7485eae8da73568ba639e17895c575e6,25/06/2023 22:39:23,ESCANER
16679,"Huehuetenango",13,"Unión Cantinil",32,2495,267,56,4,22,2,4,0,0,9,97,10,1,108,0,108,--,264,156,97,108,108,Algún campo sin dato,1,8dd907213ab1b634eb44db5890c6f64ff553a8b7ef715125807466aa97264cec,25/06/2023 22:14:11,ESCANER