﻿TIPO_DE_ELECCIÓN:,CORPORACIÓN MUNICIPAL
26 junio 2023 00:25 (UTC -6)
ACTAS_ESPERADAS,ACTAS_CAPTURADAS,PORCENTAJE_ACTAS_CAPTURADAS,ACTAS_CONTABILIZADAS,PORCENTAJE_ACTAS_CONTABILIZADAS,ACTAS_NO_CONTABILIZADAS,LISTA_NOMINAL_ACTAS_CONTABILIZADAS,VOTOS_EMITIDOS_CONTABILIZADAS,PORCENTAJE_PARTICIPACIÓN_CIUDADANA
117,39,33.3333,39,33.3333,0,13939,9428,67.6375

MESA,DEPARTAMENTO,ID_DEPARTAMENTO,MUNICIPIO,ID_MUNICIPIO,CENTRO_DE_VOTACIÓN,PADRÓN,VIVA,MLP,VALOR,UNE,CABAL,PODEMOS,WINAQ,UR,VAMOS,P A N,VOS,PHG,VÁLIDOS,NULOS,BLANCO,EMITIDOS,INVÁLIDOS,TOTAL,IMPUGNACIONES,PAPELETAS-RECIBIDAS,PAPELETAS-NO-USADAS,VALIDOS_CALCULADO,EMITIDOS_CALCULADO,TOTAL_CALCULADO,OBSERVACIONES,CONTABILIZADA,CÓDIGO_INTEGRIDAD,FECHA_HORA_PUBLICACIÓN,DIGITALIZACIÓN
19982,"Alta Verapaz",16,"Chisec",13,3093,400,71,5,137,8,1,82,0,0,2,0,0,0,306,16,1,323,0,323,--,400,77,306,323,323,Algún campo sin dato,1,ab47d65ec97e44bf9c599054fd6cfc2c1c58382b0fc5a3aa16f3a003f8e96a5e,25/06/2023 23:30:41,ESCANER
19983,"Alta Verapaz",16,"Chisec",13,3093,400,,,,,,,,,,,,,,,,,,,,,,,,,,0,,,
19984,"Alta Verapaz",16,"Chisec",13,3093,400,,,,,,,,,,,,,,,,,,,,,,,,,,0,,,
19985,"Alta Verapaz",16,"Chisec",13,3093,400,,,,,,,,,,,,,,,,,,,,,,,,,,0,,,
19986,"Alta Verapaz",16,"Chisec",13,3094,400,,,,,,,,,,,,,,,,,,,,,,,,,,0,,,
19987,"Alta Verapaz",16,"Chisec",13,3094,400,,,,,,,,,,,,,,,,,,,,,,,,,,0,,,
19988,"Alta Verapaz",16,"Chisec",13,3094,400,,,,,,,,,,,,,,,,,,,,,,,,,,0,,,
19989,"Alta Verapaz",16,"Chisec",13,3095,400,,,,,,,,,,,,,,,,,,,,,,,,,,0,,,
19990,"Alta Verapaz",16,"Chisec",13,3095,400,,,,,,,,,,,,,,,,,,,,,,,,,,0,,,
19991,"Alta Verapaz",16,"Chisec",13,3095,400,,,,,,,,,,,,,,,,,,,,,,,,,,0,,,
19992,"Alta Verapaz",16,"Chisec",13,3095,400,,,,,,,,,,,,,,,,,,,,,,,,,,0,,,
19993,"Alta Verapaz",16,"Chisec",13,3095,400,,,,,,,,,,,,,,,,,,,,,,,,,,0,,,
19994,"Alta Verapaz",16,"Chisec",13,3096,400,,,,,,,,,,,,,,,,,,,,,,,,,,0,,,
19995,"Alta Verapaz",16,"Chisec",13,3096,400,,,,,,,,,,,,,,,,,,,,,,,,,,0,,,
19996,"Alta Verapaz",16,"Chisec",13,3096,400,,,,,,,,,,,,,,,,,,,,,,,,,,0,,,
19997,"Alta Verapaz",16,"Chisec",13,3096,400,,,,,,,,,,,,,,,,,,,,,,,,,,0,,,
19998,"Alta Verapaz",16,"Chisec",13,3096,400,,,,,,,,,,,,,,,,,,,,,,,,,,0,,,
19999,"Alta Verapaz",16,"Chisec",13,3096,400,81,1,109,9,0,86,0,0,2,1,0,0,289,16,5,310,0,310,--,400,90,289,310,310,Algún campo sin dato,1,5b76e29ec88cd6108dcad0dbb8f675f3fd43fbf0737968be1f87e2e5bada1e56,25/06/2023 23:03:55,ESCANER
20000,"Alta Verapaz",16,"Chisec",13,3096,400,,,,,,,,,,,,,,,,,,,,,,,,,,0,,,
20001,"Alta Verapaz",16,"Chisec",13,3096,400,,,,,,,,,,,,,,,,,,,,,,,,,,0,,,
20002,"Alta Verapaz",16,"Chisec",13,3097,400,,,,,,,,,,,,,,,,,,,,,,,,,,0,,,
20003,"Alta Verapaz",16,"Chisec",13,3097,400,,,,,,,,,,,,,,,,,,,,,,,,,,0,,,
20004,"Alta Verapaz",16,"Chisec",13,3097,400,,,,,,,,,,,,,,,,,,,,,,,,,,0,,,
20005,"Alta Verapaz",16,"Chisec",13,3097,400,,,,,,,,,,,,,,,,,,,,,,,,,,0,,,
20006,"Alta Verapaz",16,"Chisec",13,3097,400,,,,,,,,,,,,,,,,,,,,,,,,,,0,,,
20007,"Alta Verapaz",16,"Chisec",13,3097,400,,,,,,,,,,,,,,,,,,,,,,,,,,0,,,
20008,"Alta Verapaz",16,"Chisec",13,3097,400,,,,,,,,,,,,,,,,,,,,,,,,,,0,,,
20009,"Alta Verapaz",16,"Chisec",13,3098,400,,,,,,,,,,,,,,,,,,,,,,,,,,0,,,
20010,"Alta Verapaz",16,"Chisec",13,3098,267,49,2,87,6,0,57,0,0,2,1,0,0,204,4,0,208,0,208,--,267,59,204,208,208,Algún campo sin dato,1,70a7eb28ce86c557d6a2ce6da7783b835a823861d6de6826da4d513bbf29587f,26/06/2023 00:24:17,ESCANER
20011,"Alta Verapaz",16,"Chisec",13,3098,267,,,,,,,,,,,,,,,,,,,,,,,,,,0,,,
20012,"Alta Verapaz",16,"Chisec",13,3099,400,,,,,,,,,,,,,,,,,,,,,,,,,,0,,,
20013,"Alta Verapaz",16,"Chisec",13,3099,400,,,,,,,,,,,,,,,,,,,,,,,,,,0,,,
20014,"Alta Verapaz",16,"Chisec",13,3099,400,68,0,90,40,1,88,0,1,6,4,0,0,298,19,2,319,0,319,0,397,78,298,319,319,,1,da143875a77a7a999830a52b9f3eb30af88603c398a4545d28f7f1b5b3cd91b9,26/06/2023 00:19:06,ESCANER
20015,"Alta Verapaz",16,"Chisec",13,3099,400,,,,,,,,,,,,,,,,,,,,,,,,,,0,,,
20016,"Alta Verapaz",16,"Chisec",13,3099,400,,,,,,,,,,,,,,,,,,,,,,,,,,0,,,
20017,"Alta Verapaz",16,"Chisec",13,3099,400,,,,,,,,,,,,,,,,,,,,,,,,,,0,,,
20018,"Alta Verapaz",16,"Chisec",13,3099,400,,,,,,,,,,,,,,,,,,,,,,,,,,0,,,
20019,"Alta Verapaz",16,"Chisec",13,3099,400,80,0,76,29,1,86,0,0,4,2,0,0,278,10,2,290,0,290,--,400,110,278,290,290,Algún campo sin dato,1,3c0cd6b14b33847482f17a9a501b9bcf4bc4a0e4d7a244dcaa65f20a3c3ad90e,25/06/2023 23:32:38,ESCANER
20020,"Alta Verapaz",16,"Chisec",13,3099,400,55,0,86,40,2,71,0,1,18,2,1,0,276,15,4,295,0,295,--,400,105,276,295,295,Algún campo sin dato,1,cfd1ce7e47c4ed7e3c72be7b8d79f220289db395e94fea994f33240f253f80e4,26/06/2023 00:09:08,ESCANER
20021,"Alta Verapaz",16,"Chisec",13,3099,400,,,,,,,,,,,,,,,,,,,,,,,,,,0,,,
20022,"Alta Verapaz",16,"Chisec",13,3100,400,68,1,86,35,1,74,3,0,10,3,0,0,281,11,5,297,0,297,--,400,103,281,297,297,Algún campo sin dato,1,ab7420a7caf0943e79d740ce5bf899fd06ca5291376079673512b2b3235981c1,25/06/2023 22:35:06,ESCANER
20023,"Alta Verapaz",16,"Chisec",13,3100,400,,,,,,,,,,,,,,,,,,,,,,,,,,0,,,
20024,"Alta Verapaz",16,"Chisec",13,3100,400,,,,,,,,,,,,,,,,,,,,,,,,,,0,,,
20025,"Alta Verapaz",16,"Chisec",13,3100,400,,,,,,,,,,,,,,,,,,,,,,,,,,0,,,
20026,"Alta Verapaz",16,"Chisec",13,3100,400,,,,,,,,,,,,,,,,,,,,,,,,,,0,,,
20027,"Alta Verapaz",16,"Chisec",13,3100,400,,,,,,,,,,,,,,,,,,,,,,,,,,0,,,
20028,"Alta Verapaz",16,"Chisec",13,3100,400,,,,,,,,,,,,,,,,,,,,,,,,,,0,,,
20029,"Alta Verapaz",16,"Chisec",13,3100,251,46,0,64,30,1,49,0,0,2,1,0,0,193,0,2,195,0,195,--,251,56,193,195,195,Algún campo sin dato,1,44f895c9d3ac002d74dc1bec0819dada93b3fcc39917456e4445b428360e3b5b,25/06/2023 22:42:07,ESCANER
20030,"Alta Verapaz",16,"Chisec",13,3100,250,,,,,,,,,,,,,,,,,,,,,,,,,,0,,,
20031,"Alta Verapaz",16,"Chisec",13,3101,400,71,0,73,10,0,68,2,0,8,0,0,0,232,2,3,237,16,253,--,398,145,232,237,253,Algún campo sin dato,1,1b330847fdc8f89237efbb4c94049f3834c8254c26d8439a4836682bf52e49c1,26/06/2023 00:18:58,ESCANER
20032,"Alta Verapaz",16,"Chisec",13,3101,400,,,,,,,,,,,,,,,,,,,,,,,,,,0,,,
20033,"Alta Verapaz",16,"Chisec",13,3101,400,70,2,67,28,0,51,0,0,0,0,0,0,218,41,2,261,0,261,0,400,139,218,261,261,,1,911c8ce9cbf7d2270459f76d42ee324ef4c962c06dcb2a635c7f79445cb96c38,25/06/2023 23:27:10,ESCANER
20034,"Alta Verapaz",16,"Chisec",13,3101,400,,,,,,,,,,,,,,,,,,,,,,,,,,0,,,
20035,"Alta Verapaz",16,"Chisec",13,3102,400,67,1,70,9,2,63,2,0,15,0,0,0,229,20,3,252,0,252,0,397,145,229,252,252,,1,3e4dc86962441faba3cd972d5c8c5d92f2359b7dc21aa4613ebec38f0aeb29b3,26/06/2023 00:08:29,ESCANER
20036,"Alta Verapaz",16,"Chisec",13,3102,400,60,0,63,21,0,49,0,0,14,0,0,0,207,13,7,227,3,230,0,400,170,207,227,230,,1,5c4d7df9d3ec2e382f88ee693fde6810aa565cedd788bec0fd4c649bbf0dae99,25/06/2023 23:51:29,ESCANER
20037,"Alta Verapaz",16,"Chisec",13,3102,400,52,4,63,5,1,40,1,1,4,0,0,0,171,15,7,193,0,193,0,400,207,171,193,193,,1,89604172312741975f5f0d36548d48962f89b1df5af57383f79888d0e7885e93,25/06/2023 23:06:02,ESCANER
20038,"Alta Verapaz",16,"Chisec",13,3103,400,69,0,44,11,0,53,0,0,9,0,0,0,186,8,0,4,0,4,--,400,206,186,194,194,Sumas Asentadas sin cuadrar,1,0b7043340c000f615cb28def30ee567ae8141c7481750bdf6776be870919f789,25/06/2023 21:58:52,ESCANER
20039,"Alta Verapaz",16,"Chisec",13,3103,306,66,0,69,5,0,40,0,0,2,0,0,0,182,1,2,185,0,185,--,303,118,182,185,185,Algún campo sin dato,1,bba7f273b90723859d1951948be8f7c3e247d15240cd64acb6cf299947ac35d3,25/06/2023 23:10:00,ESCANER
20040,"Alta Verapaz",16,"Chisec",13,3103,306,65,0,55,10,0,35,0,0,5,0,0,0,170,5,0,175,0,175,--,306,131,170,175,175,Algún campo sin dato,1,8b2b187c8bb79890213fe247cd82ba9badac9eb174e60994f523a0ad58650f3b,25/06/2023 22:55:52,ESCANER
20041,"Alta Verapaz",16,"Chisec",13,3104,380,28,10,23,33,1,82,4,0,9,7,0,0,197,45,5,247,0,247,0,380,133,197,247,247,,1,cb6a3d0d61cce17d07c84023125e0580a37cb6690a5b3cffaa76f2a00f93f562,25/06/2023 23:18:42,ESCANER
20042,"Alta Verapaz",16,"Chisec",13,3105,380,,,,,,,,,,,,,,,,,,,,,,,,,,0,,,
20043,"Alta Verapaz",16,"Chisec",13,3105,380,42,12,28,28,1,79,3,1,10,5,1,0,210,26,17,253,0,253,--,383,130,210,253,253,Algún campo sin dato,1,2af52ffbb784f8d96680f73d9f3abd7e155dfc92cf0580b0d55ab8fd9c5e5c76,25/06/2023 23:56:14,ESCANER
20044,"Alta Verapaz",16,"Chisec",13,3105,380,42,5,26,28,0,75,1,0,12,10,1,0,200,28,7,235,0,235,--,376,141,200,235,235,Algún campo sin dato,1,c1d5106f232cf8ed14d4f42c08316c7133545285f085337ae2e7f3d47c15b846,25/06/2023 22:48:20,ESCANER
20045,"Alta Verapaz",16,"Chisec",13,3106,380,,,,,,,,,,,,,,,,,,,,,,,,,,0,,,
20046,"Alta Verapaz",16,"Chisec",13,3106,380,25,8,20,29,1,104,6,2,4,3,0,0,202,25,5,232,0,232,--,380,148,202,232,232,Algún campo sin dato,1,be69aa3e64b40fca5a91e25ea338ec3ca6d80a50832baab959c5f9350fa1f86a,25/06/2023 21:48:59,ESCANER
20047,"Alta Verapaz",16,"Chisec",13,3106,380,,,,,,,,,,,,,,,,,,,,,,,,,,0,,,
20048,"Alta Verapaz",16,"Chisec",13,3106,380,34,6,25,28,2,72,3,0,9,0,0,0,179,29,3,211,0,211,0,381,170,179,211,211,,1,120f118c3b859a4c3be56d7ad7fd265f58a27fa1b1e168ab1394d07d7c654771,25/06/2023 23:11:35,ESCANER
20049,"Alta Verapaz",16,"Chisec",13,3106,380,32,4,24,36,0,76,1,0,8,6,0,0,187,2,6,195,10,205,0,380,175,187,195,205,,1,d70a7e1520640da4f8cde9e43d460bc041f0884c50d8f35e188dc6cb47a27e9c,25/06/2023 23:26:26,ESCANER
20050,"Alta Verapaz",16,"Chisec",13,3106,380,39,0,28,44,0,114,1,0,9,4,0,0,239,13,1,253,1,254,0,380,126,239,253,254,,1,da4e9eb294a379c539faa98289b746a1aabc1d8222a640a0ecd7cfd91d347786,25/06/2023 22:04:09,ESCANER
20051,"Alta Verapaz",16,"Chisec",13,3107,320,,,,,,,,,,,,,,,,,,,,,,,,,,0,,,
20052,"Alta Verapaz",16,"Chisec",13,3107,320,19,3,21,15,0,91,0,0,3,2,0,0,154,11,2,167,0,167,--,320,153,154,167,167,Algún campo sin dato,1,8b9bf16107f70464894611d91f46032e6b31b46ae907f0627de2457500fbf2ac,25/06/2023 22:59:05,ESCANER
20053,"Alta Verapaz",16,"Chisec",13,3108,380,,,,,,,,,,,,,,,,,,,,,,,,,,0,,,
20054,"Alta Verapaz",16,"Chisec",13,3108,380,,,,,,,,,,,,,,,,,,,,,,,,,,0,,,
20055,"Alta Verapaz",16,"Chisec",13,3108,380,,,,,,,,,,,,,,,,,,,,,,,,,,0,,,
20056,"Alta Verapaz",16,"Chisec",13,3108,380,,,,,,,,,,,,,,,,,,,,,,,,,,0,,,
20057,"Alta Verapaz",16,"Chisec",13,3108,380,,,,,,,,,,,,,,,,,,,,,,,,,,0,,,
20058,"Alta Verapaz",16,"Chisec",13,3108,380,74,3,46,14,0,89,0,0,5,10,0,0,241,35,5,281,0,--,--,381,97,241,281,281,Algún campo sin dato,1,3a7553da3250df68ddd377f756e7426d946298732af86bec6e297762366cffae,26/06/2023 00:02:29,ESCANER
20059,"Alta Verapaz",16,"Chisec",13,3108,380,,,,,,,,,,,,,,,,,,,,,,,,,,0,,,
20060,"Alta Verapaz",16,"Chisec",13,3108,380,,,,,,,,,,,,,,,,,,,,,,,,,,0,,,
20061,"Alta Verapaz",16,"Chisec",13,3109,380,,,,,,,,,,,,,,,,,,,,,,,,,,0,,,
20062,"Alta Verapaz",16,"Chisec",13,3109,380,78,0,58,8,0,108,0,0,0,0,0,0,252,15,0,267,0,267,--,378,111,252,267,267,Algún campo sin dato,1,550af49db3fffdb8428f17bb440a7b0912b57afb0ae2a7cfb673696eac27c6ca,25/06/2023 23:57:44,ESCANER
20063,"Alta Verapaz",16,"Chisec",13,3109,215,41,5,41,5,0,47,0,0,1,4,0,0,144,8,1,153,0,153,0,215,62,144,153,153,,1,23805d45ca9dd06d97e28c982f8a7d5ffe224bbdbfd2499a7d5f4af89cf464fe,25/06/2023 23:37:48,ESCANER
20064,"Alta Verapaz",16,"Chisec",13,3109,215,39,1,19,6,--,50,--,--,1,3,1,--,120,7,--,127,1,128,--,212,84,120,127,128,Algún campo sin dato,1,6326ecc46a7b8ac96711e674c9b8ad4da55ef35dda8a3053b020cf1a6c4e7bca,25/06/2023 23:19:19,ESCANER
20065,"Alta Verapaz",16,"Chisec",13,3110,380,,,,,,,,,,,,,,,,,,,,,,,,,,0,,,
20066,"Alta Verapaz",16,"Chisec",13,3111,380,,,,,,,,,,,,,,,,,,,,,,,,,,0,,,
20067,"Alta Verapaz",16,"Chisec",13,3111,380,,,,,,,,,,,,,,,,,,,,,,,,,,0,,,
20068,"Alta Verapaz",16,"Chisec",13,3111,380,,,,,,,,,,,,,,,,,,,,,,,,,,0,,,
20069,"Alta Verapaz",16,"Chisec",13,3111,380,,,,,,,,,,,,,,,,,,,,,,,,,,0,,,
20070,"Alta Verapaz",16,"Chisec",13,3111,380,,,,,,,,,,,,,,,,,,,,,,,,,,0,,,
20071,"Alta Verapaz",16,"Chisec",13,3111,380,,,,,,,,,,,,,,,,,,,,,,,,,,0,,,
20072,"Alta Verapaz",16,"Chisec",13,3112,380,,,,,,,,,,,,,,,,,,,,,,,,,,0,,,
20073,"Alta Verapaz",16,"Chisec",13,3112,379,,,,,,,,,,,,,,,,,,,,,,,,,,0,,,
20074,"Alta Verapaz",16,"Chisec",13,3112,379,,,,,,,,,,,,,,,,,,,,,,,,,,0,,,
20075,"Alta Verapaz",16,"Chisec",13,3113,380,,,,,,,,,,,,,,,,,,,,,,,,,,0,,,
20076,"Alta Verapaz",16,"Chisec",13,3113,380,,,,,,,,,,,,,,,,,,,,,,,,,,0,,,
20077,"Alta Verapaz",16,"Chisec",13,3113,380,,,,,,,,,,,,,,,,,,,,,,,,,,0,,,
20078,"Alta Verapaz",16,"Chisec",13,3114,380,48,0,22,55,0,70,1,0,11,8,0,0,215,25,6,246,0,246,--,377,131,215,246,246,Algún campo sin dato,1,c50bf59d28f5db1a6a909083958bb2414d158742584c85a496c4892b0710da0a,25/06/2023 23:16:44,ESCANER
20079,"Alta Verapaz",16,"Chisec",13,3114,343,46,1,27,32,0,96,0,0,2,10,0,0,214,8,3,225,0,225,--,340,115,214,225,225,Algún campo sin dato,1,32186f0264da686cb2649e7794e0994b213140e7ebd0b96efedf63b1f9a41b57,25/06/2023 23:43:31,ESCANER
20080,"Alta Verapaz",16,"Chisec",13,3114,342,29,1,31,73,1,77,0,0,5,7,0,0,224,11,4,239,0,239,--,340,101,224,239,239,Algún campo sin dato,1,9a0b5983fa562febe851a87a807ab022c1c06e49f953eee84bc4d4d1454053c4,25/06/2023 23:58:02,ESCANER
20081,"Alta Verapaz",16,"Chisec",13,3115,380,,,,,,,,,,,,,,,,,,,,,,,,,,0,,,
20082,"Alta Verapaz",16,"Chisec",13,3115,380,112,1,101,1,1,85,1,0,18,5,0,0,325,19,5,349,0,349,1,380,30,325,349,349,,1,3519fb443fe3f24b47b936fd48e70f5edd65ded0c72281a6b7c756b21382a4ed,26/06/2023 00:17:27,ESCANER
20083,"Alta Verapaz",16,"Chisec",13,3115,380,99,0,109,5,0,94,0,0,21,8,0,0,336,18,1,355,0,355,2,380,25,336,355,355,,1,ea96955546dfe497efb0270f125c5448f0135d582d1d08ca10dced0144cb8431,26/06/2023 00:13:04,ESCANER
20084,"Alta Verapaz",16,"Chisec",13,3115,380,135,0,112,4,1,67,2,1,13,3,0,0,338,9,5,352,0,352,--,380,28,338,352,352,Algún campo sin dato,1,d742cf13c44c477e6186a899deafcca54b099d93b743276e03d6e260ef7cfea1,25/06/2023 22:58:47,ESCANER
20085,"Alta Verapaz",16,"Chisec",13,3116,380,,,,,,,,,,,,,,,,,,,,,,,,,,0,,,
20086,"Alta Verapaz",16,"Chisec",13,3116,380,,,,,,,,,,,,,,,,,,,,,,,,,,0,,,
20087,"Alta Verapaz",16,"Chisec",13,3116,380,139,0,92,1,0,55,0,0,12,3,0,0,302,1,3,306,0,306,0,381,75,302,306,306,,1,9570b4a0043741cd05a5933633fdc366b1a841f8318de582359eaf00e29b6f18,25/06/2023 23:51:26,ESCANER
20088,"Alta Verapaz",16,"Chisec",13,3116,261,49,0,75,1,0,72,0,0,6,2,0,0,205,0,1,206,0,206,--,258,52,205,206,206,Algún campo sin dato,1,170f86e6dc0678aa38d336af5ce076a16cfb708afcf01a143cdce94b308920e0,25/06/2023 22:40:30,ESCANER
20089,"Alta Verapaz",16,"Chisec",13,3116,260,75,0,67,2,0,49,0,0,5,1,0,0,199,3,3,205,0,205,--,257,52,199,205,205,Algún campo sin dato,1,22d3d616cf7db57057d1c6374ca67a0d0dfc85738388a76d6042bd82077f4f97,25/06/2023 22:49:45,ESCANER
20090,"Alta Verapaz",16,"Chisec",13,3117,380,,,,,,,,,,,,,,,,,,,,,,,,,,0,,,
20091,"Alta Verapaz",16,"Chisec",13,3117,380,,,,,,,,,,,,,,,,,,,,,,,,,,0,,,
20092,"Alta Verapaz",16,"Chisec",13,3117,380,114,0,80,8,0,75,3,0,12,3,0,0,295,5,9,309,0,309,--,380,71,295,309,309,Algún campo sin dato,1,4bde38e9f0428c6e1e3615fe5a4befa93a14009c26b9c9225c644ca5de605b64,26/06/2023 00:21:53,ESCANER
20093,"Alta Verapaz",16,"Chisec",13,3117,380,,,,,,,,,,,,,,,,,,,,,,,,,,0,,,
20094,"Alta Verapaz",16,"Chisec",13,3117,380,,,,,,,,,,,,,,,,,,,,,,,,,,0,,,
20095,"Alta Verapaz",16,"Chisec",13,3118,380,,,,,,,,,,,,,,,,,,,,,,,,,,0,,,
20096,"Alta Verapaz",16,"Chisec",13,3118,367,,,,,,,,,,,,,,,,,,,,,,,,,,0,,,
20097,"Alta Verapaz",16,"Chisec",13,3118,366,,,,,,,,,,,,,,,,,,,,,,,,,,0,,,
20098,"Alta Verapaz",16,"Chisec",13,3119,353,13,1,9,3,0,12,0,0,4,0,0,0,42,8,4,54,0,54,--,353,299,42,54,54,Algún campo sin dato,1,994bbb76fcaaaada7ce6c51128e7d72a40cece71a977686dcceb92b34259cd9d,25/06/2023 21:53:38,ESCANER