﻿TIPO_DE_ELECCIÓN:,CORPORACIÓN MUNICIPAL
26 junio 2023 00:25 (UTC -6)
ACTAS_ESPERADAS,ACTAS_CAPTURADAS,PORCENTAJE_ACTAS_CAPTURADAS,ACTAS_CONTABILIZADAS,PORCENTAJE_ACTAS_CONTABILIZADAS,ACTAS_NO_CONTABILIZADAS,LISTA_NOMINAL_ACTAS_CONTABILIZADAS,VOTOS_EMITIDOS_CONTABILIZADAS,PORCENTAJE_PARTICIPACIÓN_CIUDADANA
97,9,9.2783,9,9.2783,0,3306,1804,54.5674

MESA,DEPARTAMENTO,ID_DEPARTAMENTO,MUNICIPIO,ID_MUNICIPIO,CENTRO_DE_VOTACIÓN,PADRÓN,UNE,ELEFANTE,PHG,PODEMOS,VAMOS,CABAL,PPN,WINAQ,VALOR,MLP,AZUL,CAMBIO,UR,BIEN,VÁLIDOS,NULOS,BLANCO,EMITIDOS,INVÁLIDOS,TOTAL,IMPUGNACIONES,PAPELETAS-RECIBIDAS,PAPELETAS-NO-USADAS,VALIDOS_CALCULADO,EMITIDOS_CALCULADO,TOTAL_CALCULADO,OBSERVACIONES,CONTABILIZADA,CÓDIGO_INTEGRIDAD,FECHA_HORA_PUBLICACIÓN,DIGITALIZACIÓN
19205,"Alta Verapaz",16,"Panzós",7,2949,400,,,,,,,,,,,,,,,,,,,,,,,,,,,,0,,,
19206,"Alta Verapaz",16,"Panzós",7,2949,400,,,,,,,,,,,,,,,,,,,,,,,,,,,,0,,,
19207,"Alta Verapaz",16,"Panzós",7,2949,400,,,,,,,,,,,,,,,,,,,,,,,,,,,,0,,,
19208,"Alta Verapaz",16,"Panzós",7,2949,400,,,,,,,,,,,,,,,,,,,,,,,,,,,,0,,,
19209,"Alta Verapaz",16,"Panzós",7,2949,400,,,,,,,,,,,,,,,,,,,,,,,,,,,,0,,,
19210,"Alta Verapaz",16,"Panzós",7,2949,400,,,,,,,,,,,,,,,,,,,,,,,,,,,,0,,,
19211,"Alta Verapaz",16,"Panzós",7,2949,400,52,24,168,0,13,0,0,1,0,0,0,0,0,0,258,27,0,285,0,285,--,400,115,258,285,285,Algún campo sin dato,1,825f53cc766f06c1470afc859a3d357e40947c24a46fa90051b7bb8d657c28fd,26/06/2023 00:05:22,ESCANER
19212,"Alta Verapaz",16,"Panzós",7,2949,400,,,,,,,,,,,,,,,,,,,,,,,,,,,,0,,,
19213,"Alta Verapaz",16,"Panzós",7,2949,400,,,,,,,,,,,,,,,,,,,,,,,,,,,,0,,,
19214,"Alta Verapaz",16,"Panzós",7,2949,400,,,,,,,,,,,,,,,,,,,,,,,,,,,,0,,,
19215,"Alta Verapaz",16,"Panzós",7,2949,400,,,,,,,,,,,,,,,,,,,,,,,,,,,,0,,,
19216,"Alta Verapaz",16,"Panzós",7,2949,400,,,,,,,,,,,,,,,,,,,,,,,,,,,,0,,,
19217,"Alta Verapaz",16,"Panzós",7,2949,400,,,,,,,,,,,,,,,,,,,,,,,,,,,,0,,,
19218,"Alta Verapaz",16,"Panzós",7,2949,400,36,29,125,0,9,2,0,0,0,1,0,0,3,0,205,36,7,248,0,248,0,400,152,205,248,248,,1,b0409bbbad6c515890e518232c470151ee54a3050701238f7e93c5b84afeaaa9,25/06/2023 23:22:18,ESCANER
19219,"Alta Verapaz",16,"Panzós",7,2949,400,,,,,,,,,,,,,,,,,,,,,,,,,,,,0,,,
19220,"Alta Verapaz",16,"Panzós",7,2950,400,,,,,,,,,,,,,,,,,,,,,,,,,,,,0,,,
19221,"Alta Verapaz",16,"Panzós",7,2950,400,,,,,,,,,,,,,,,,,,,,,,,,,,,,0,,,
19222,"Alta Verapaz",16,"Panzós",7,2950,400,,,,,,,,,,,,,,,,,,,,,,,,,,,,0,,,
19223,"Alta Verapaz",16,"Panzós",7,2950,374,,,,,,,,,,,,,,,,,,,,,,,,,,,,0,,,
19224,"Alta Verapaz",16,"Panzós",7,2950,373,,,,,,,,,,,,,,,,,,,,,,,,,,,,0,,,
19225,"Alta Verapaz",16,"Panzós",7,2951,380,,,,,,,,,,,,,,,,,,,,,,,,,,,,0,,,
19226,"Alta Verapaz",16,"Panzós",7,2951,380,,,,,,,,,,,,,,,,,,,,,,,,,,,,0,,,
19227,"Alta Verapaz",16,"Panzós",7,2951,380,,,,,,,,,,,,,,,,,,,,,,,,,,,,0,,,
19228,"Alta Verapaz",16,"Panzós",7,2951,380,,,,,,,,,,,,,,,,,,,,,,,,,,,,0,,,
19229,"Alta Verapaz",16,"Panzós",7,2951,380,177,6,61,0,2,0,1,2,0,0,0,0,0,0,251,17,2,270,0,270,--,380,110,249,268,268,Sumas Asentadas sin cuadrar,1,1f128e24e755133a5451d0fcecf851fbdbc0da85944a3a1ac79a92d7ab5bf6e4,26/06/2023 00:19:40,ESCANER
19230,"Alta Verapaz",16,"Panzós",7,2951,380,,,,,,,,,,,,,,,,,,,,,,,,,,,,0,,,
19231,"Alta Verapaz",16,"Panzós",7,2951,380,,,,,,,,,,,,,,,,,,,,,,,,,,,,0,,,
19232,"Alta Verapaz",16,"Panzós",7,2951,380,,,,,,,,,,,,,,,,,,,,,,,,,,,,0,,,
19233,"Alta Verapaz",16,"Panzós",7,2951,380,,,,,,,,,,,,,,,,,,,,,,,,,,,,0,,,
19234,"Alta Verapaz",16,"Panzós",7,2951,380,188,13,49,0,7,0,0,0,0,0,0,0,0,0,257,5,2,264,0,264,--,380,116,257,264,264,Algún campo sin dato,1,988353a832e4df2d77f4b4e019589f1f5e87694bc06cdb136fdb93a03f62cb80,25/06/2023 23:01:14,ESCANER
19235,"Alta Verapaz",16,"Panzós",7,2951,237,,,,,,,,,,,,,,,,,,,,,,,,,,,,0,,,
19236,"Alta Verapaz",16,"Panzós",7,2951,237,98,5,24,0,5,0,0,1,0,0,0,0,0,0,133,7,5,145,0,145,--,237,92,133,145,145,Algún campo sin dato,1,04a77683d08b3c1bc89cff40394be425c939457254183a9097b53bce84947263,25/06/2023 22:45:15,ESCANER
19237,"Alta Verapaz",16,"Panzós",7,2952,380,,,,,,,,,,,,,,,,,,,,,,,,,,,,0,,,
19238,"Alta Verapaz",16,"Panzós",7,2952,380,,,,,,,,,,,,,,,,,,,,,,,,,,,,0,,,
19239,"Alta Verapaz",16,"Panzós",7,2952,380,,,,,,,,,,,,,,,,,,,,,,,,,,,,0,,,
19240,"Alta Verapaz",16,"Panzós",7,2952,380,,,,,,,,,,,,,,,,,,,,,,,,,,,,0,,,
19241,"Alta Verapaz",16,"Panzós",7,2952,380,,,,,,,,,,,,,,,,,,,,,,,,,,,,0,,,
19242,"Alta Verapaz",16,"Panzós",7,2952,380,,,,,,,,,,,,,,,,,,,,,,,,,,,,0,,,
19243,"Alta Verapaz",16,"Panzós",7,2952,380,,,,,,,,,,,,,,,,,,,,,,,,,,,,0,,,
19244,"Alta Verapaz",16,"Panzós",7,2952,380,,,,,,,,,,,,,,,,,,,,,,,,,,,,0,,,
19245,"Alta Verapaz",16,"Panzós",7,2952,380,,,,,,,,,,,,,,,,,,,,,,,,,,,,0,,,
19246,"Alta Verapaz",16,"Panzós",7,2952,380,,,,,,,,,,,,,,,,,,,,,,,,,,,,0,,,
19247,"Alta Verapaz",16,"Panzós",7,2952,380,,,,,,,,,,,,,,,,,,,,,,,,,,,,0,,,
19248,"Alta Verapaz",16,"Panzós",7,2952,380,60,33,62,0,55,0,5,4,6,1,0,0,0,0,226,32,3,261,0,261,--,380,119,226,261,261,Algún campo sin dato,1,ff4a5a01318d76585a42e00badf1974db9feb40441c73008edb8805aaeebe753,25/06/2023 23:48:25,ESCANER
19249,"Alta Verapaz",16,"Panzós",7,2952,380,,,,,,,,,,,,,,,,,,,,,,,,,,,,0,,,
19250,"Alta Verapaz",16,"Panzós",7,2953,380,,,,,,,,,,,,,,,,,,,,,,,,,,,,0,,,
19251,"Alta Verapaz",16,"Panzós",7,2953,380,,,,,,,,,,,,,,,,,,,,,,,,,,,,0,,,
19252,"Alta Verapaz",16,"Panzós",7,2953,380,,,,,,,,,,,,,,,,,,,,,,,,,,,,0,,,
19253,"Alta Verapaz",16,"Panzós",7,2953,380,,,,,,,,,,,,,,,,,,,,,,,,,,,,0,,,
19254,"Alta Verapaz",16,"Panzós",7,2954,380,,,,,,,,,,,,,,,,,,,,,,,,,,,,0,,,
19255,"Alta Verapaz",16,"Panzós",7,2954,380,,,,,,,,,,,,,,,,,,,,,,,,,,,,0,,,
19256,"Alta Verapaz",16,"Panzós",7,2955,380,,,,,,,,,,,,,,,,,,,,,,,,,,,,0,,,
19257,"Alta Verapaz",16,"Panzós",7,2955,380,,,,,,,,,,,,,,,,,,,,,,,,,,,,0,,,
19258,"Alta Verapaz",16,"Panzós",7,2955,380,,,,,,,,,,,,,,,,,,,,,,,,,,,,0,,,
19259,"Alta Verapaz",16,"Panzós",7,2956,380,,,,,,,,,,,,,,,,,,,,,,,,,,,,0,,,
19260,"Alta Verapaz",16,"Panzós",7,2956,380,,,,,,,,,,,,,,,,,,,,,,,,,,,,0,,,
19261,"Alta Verapaz",16,"Panzós",7,2956,319,,,,,,,,,,,,,,,,,,,,,,,,,,,,0,,,
19262,"Alta Verapaz",16,"Panzós",7,2956,318,,,,,,,,,,,,,,,,,,,,,,,,,,,,0,,,
19263,"Alta Verapaz",16,"Panzós",7,2957,380,,,,,,,,,,,,,,,,,,,,,,,,,,,,0,,,
19264,"Alta Verapaz",16,"Panzós",7,2957,380,,,,,,,,,,,,,,,,,,,,,,,,,,,,0,,,
19265,"Alta Verapaz",16,"Panzós",7,2957,380,,,,,,,,,,,,,,,,,,,,,,,,,,,,0,,,
19266,"Alta Verapaz",16,"Panzós",7,2957,380,,,,,,,,,,,,,,,,,,,,,,,,,,,,0,,,
19267,"Alta Verapaz",16,"Panzós",7,2957,380,,,,,,,,,,,,,,,,,,,,,,,,,,,,0,,,
19268,"Alta Verapaz",16,"Panzós",7,2957,380,,,,,,,,,,,,,,,,,,,,,,,,,,,,0,,,
19269,"Alta Verapaz",16,"Panzós",7,2958,380,,,,,,,,,,,,,,,,,,,,,,,,,,,,0,,,
19270,"Alta Verapaz",16,"Panzós",7,2958,380,,,,,,,,,,,,,,,,,,,,,,,,,,,,0,,,
19271,"Alta Verapaz",16,"Panzós",7,2958,380,,,,,,,,,,,,,,,,,,,,,,,,,,,,0,,,
19272,"Alta Verapaz",16,"Panzós",7,2958,380,,,,,,,,,,,,,,,,,,,,,,,,,,,,0,,,
19273,"Alta Verapaz",16,"Panzós",7,2958,380,,,,,,,,,,,,,,,,,,,,,,,,,,,,0,,,
19274,"Alta Verapaz",16,"Panzós",7,2958,380,,,,,,,,,,,,,,,,,,,,,,,,,,,,0,,,
19275,"Alta Verapaz",16,"Panzós",7,2958,372,,,,,,,,,,,,,,,,,,,,,,,,,,,,0,,,
19276,"Alta Verapaz",16,"Panzós",7,2958,372,,,,,,,,,,,,,,,,,,,,,,,,,,,,0,,,
19277,"Alta Verapaz",16,"Panzós",7,2959,380,,,,,,,,,,,,,,,,,,,,,,,,,,,,0,,,
19278,"Alta Verapaz",16,"Panzós",7,2959,380,,,,,,,,,,,,,,,,,,,,,,,,,,,,0,,,
19279,"Alta Verapaz",16,"Panzós",7,2959,380,,,,,,,,,,,,,,,,,,,,,,,,,,,,0,,,
19280,"Alta Verapaz",16,"Panzós",7,2959,380,,,,,,,,,,,,,,,,,,,,,,,,,,,,0,,,
19281,"Alta Verapaz",16,"Panzós",7,2959,380,,,,,,,,,,,,,,,,,,,,,,,,,,,,0,,,
19282,"Alta Verapaz",16,"Panzós",7,2960,380,,,,,,,,,,,,,,,,,,,,,,,,,,,,0,,,
19283,"Alta Verapaz",16,"Panzós",7,2960,380,,,,,,,,,,,,,,,,,,,,,,,,,,,,0,,,
19284,"Alta Verapaz",16,"Panzós",7,2960,380,,,,,,,,,,,,,,,,,,,,,,,,,,,,0,,,
19285,"Alta Verapaz",16,"Panzós",7,2960,218,,,,,,,,,,,,,,,,,,,,,,,,,,,,0,,,
19286,"Alta Verapaz",16,"Panzós",7,2960,217,,,,,,,,,,,,,,,,,,,,,,,,,,,,0,,,
19287,"Alta Verapaz",16,"Panzós",7,2961,380,,,,,,,,,,,,,,,,,,,,,,,,,,,,0,,,
19288,"Alta Verapaz",16,"Panzós",7,2961,380,,,,,,,,,,,,,,,,,,,,,,,,,,,,0,,,
19289,"Alta Verapaz",16,"Panzós",7,2961,380,,,,,,,,,,,,,,,,,,,,,,,,,,,,0,,,
19290,"Alta Verapaz",16,"Panzós",7,2961,380,,,,,,,,,,,,,,,,,,,,,,,,,,,,0,,,
19291,"Alta Verapaz",16,"Panzós",7,2961,380,,,,,,,,,,,,,,,,,,,,,,,,,,,,0,,,
19292,"Alta Verapaz",16,"Panzós",7,2961,380,,,,,,,,,,,,,,,,,,,,,,,,,,,,0,,,
19293,"Alta Verapaz",16,"Panzós",7,2961,380,,,,,,,,,,,,,,,,,,,,,,,,,,,,0,,,
19294,"Alta Verapaz",16,"Panzós",7,2961,380,,,,,,,,,,,,,,,,,,,,,,,,,,,,0,,,
19295,"Alta Verapaz",16,"Panzós",7,2961,380,,,,,,,,,,,,,,,,,,,,,,,,,,,,0,,,
19296,"Alta Verapaz",16,"Panzós",7,2961,380,,,,,,,,,,,,,,,,,,,,,,,,,,,,0,,,
19297,"Alta Verapaz",16,"Panzós",7,2961,380,102,11,55,0,24,1,3,1,2,1,0,9,0,0,209,7,3,219,0,219,--,380,161,209,219,219,Algún campo sin dato,1,35820675ed88524f5a103b50a01c06db393811710be7256cf7c2dfdc144512c1,25/06/2023 23:37:58,ESCANER
19298,"Alta Verapaz",16,"Panzós",7,2961,379,,,,,,,,,,,,,,,,,,,,,,,,,,,,0,,,
19299,"Alta Verapaz",16,"Panzós",7,2961,379,,,,,,,,,,,,,,,,,,,,,,,,,,,,0,,,
19300,"Alta Verapaz",16,"Panzós",7,2962,375,14,12,28,0,9,1,0,0,1,0,0,1,0,0,66,8,1,75,0,75,--,375,300,66,75,75,Algún campo sin dato,1,3c66e971b345b7d6199ad6e9e4e1a6734ac3e7fe19230f2ca1537f258656bc4e,25/06/2023 22:27:43,ESCANER
19301,"Alta Verapaz",16,"Panzós",7,2962,374,5,10,14,0,4,0,0,0,0,0,0,0,1,1,35,4,0,39,0,39,1,374,334,35,39,39,,1,89b06ad6017e0962bf1351c7326c885d788cb96883019c7c824c4bfe64097f25,25/06/2023 22:39:03,ESCANER