﻿TIPO_DE_ELECCIÓN:,CORPORACIÓN MUNICIPAL
26 junio 2023 00:25 (UTC -6)
ACTAS_ESPERADAS,ACTAS_CAPTURADAS,PORCENTAJE_ACTAS_CAPTURADAS,ACTAS_CONTABILIZADAS,PORCENTAJE_ACTAS_CONTABILIZADAS,ACTAS_NO_CONTABILIZADAS,LISTA_NOMINAL_ACTAS_CONTABILIZADAS,VOTOS_EMITIDOS_CONTABILIZADAS,PORCENTAJE_PARTICIPACIÓN_CIUDADANA
52,19,36.5384,19,36.5384,0,6602,4354,65.9497

MESA,DEPARTAMENTO,ID_DEPARTAMENTO,MUNICIPIO,ID_MUNICIPIO,CENTRO_DE_VOTACIÓN,PADRÓN,VAMOS,MLP,UNE,TODOS,AZUL,BIEN,PHG,SEMILLA,VALOR,UNIONISTA,PR,VÁLIDOS,NULOS,BLANCO,EMITIDOS,INVÁLIDOS,TOTAL,IMPUGNACIONES,PAPELETAS-RECIBIDAS,PAPELETAS-NO-USADAS,VALIDOS_CALCULADO,EMITIDOS_CALCULADO,TOTAL_CALCULADO,OBSERVACIONES,CONTABILIZADA,CÓDIGO_INTEGRIDAD,FECHA_HORA_PUBLICACIÓN,DIGITALIZACIÓN
15563,"Huehuetenango",13,"Santa Bárbara",10,2266,400,173,1,5,134,2,0,1,1,1,1,1,320,13,0,333,0,333,--,403,67,320,333,333,Algún campo sin dato,1,9759f0498e6546739ed0f051bb7dc9cbfd36755cdbd92f04d12a0c99b57c6698,25/06/2023 23:22:09,ESCANER
15564,"Huehuetenango",13,"Santa Bárbara",10,2266,400,,,,,,,,,,,,,,,,,,,,,,,,,0,,,
15565,"Huehuetenango",13,"Santa Bárbara",10,2266,400,,,,,,,,,,,,,,,,,,,,,,,,,0,,,
15566,"Huehuetenango",13,"Santa Bárbara",10,2266,400,,,,,,,,,,,,,,,,,,,,,,,,,0,,,
15567,"Huehuetenango",13,"Santa Bárbara",10,2266,400,,,,,,,,,,,,,,,,,,,,,,,,,0,,,
15568,"Huehuetenango",13,"Santa Bárbara",10,2266,400,148,0,10,144,2,2,0,0,2,1,0,309,11,5,325,0,325,--,400,75,309,325,325,Algún campo sin dato,1,17c6795d5c03b7a77db4331b083419c8e719eaa2c36665c5d08546b49e6114cf,25/06/2023 23:55:11,ESCANER
15569,"Huehuetenango",13,"Santa Bárbara",10,2266,400,,,,,,,,,,,,,,,,,,,,,,,,,0,,,
15570,"Huehuetenango",13,"Santa Bárbara",10,2267,400,114,3,5,124,1,0,0,1,0,0,0,248,13,4,265,0,265,--,400,135,248,265,265,Algún campo sin dato,1,ea9ddd742e96d8b4ebe146999227d287ba42e96ee296f0330cb20ef470322adf,25/06/2023 23:20:07,ESCANER
15571,"Huehuetenango",13,"Santa Bárbara",10,2267,400,,,,,,,,,,,,,,,,,,,,,,,,,0,,,
15572,"Huehuetenango",13,"Santa Bárbara",10,2267,400,123,3,6,122,1,0,1,0,1,0,0,257,4,5,266,2,268,--,400,132,257,266,268,Algún campo sin dato,1,08893fdd6147032555f255bcb3716e414e9194237a60e881905e768d3aae9ce6,25/06/2023 23:31:42,ESCANER
15573,"Huehuetenango",13,"Santa Bárbara",10,2267,400,,,,,,,,,,,,,,,,,,,,,,,,,0,,,
15574,"Huehuetenango",13,"Santa Bárbara",10,2267,400,,,,,,,,,,,,,,,,,,,,,,,,,0,,,
15575,"Huehuetenango",13,"Santa Bárbara",10,2267,400,122,1,6,104,1,0,0,0,1,0,0,235,5,0,240,0,240,--,400,160,235,240,240,Algún campo sin dato,1,34c944c282bb697c493d09b3d2edd0da907a8d204f8b05e99e2fffa533ade53f,25/06/2023 23:47:36,ESCANER
15576,"Huehuetenango",13,"Santa Bárbara",10,2267,400,121,1,8,116,0,0,0,0,3,0,0,249,1,4,254,0,254,--,400,146,249,254,254,Algún campo sin dato,1,8d89db496319953a4a7068b21ebca1bede99f98d885c7f8f7a3c1a3cdd4830b4,25/06/2023 22:18:03,ESCANER
15577,"Huehuetenango",13,"Santa Bárbara",10,2268,400,148,0,5,90,0,0,0,0,1,0,0,244,1,0,245,0,245,--,400,155,244,245,245,Algún campo sin dato,1,d1573bac7384744e999cfadaceec3a3dc1d7ebaa5800877037c708281d917b6b,25/06/2023 23:14:33,ESCANER
15578,"Huehuetenango",13,"Santa Bárbara",10,2268,400,125,2,5,124,0,0,0,0,0,0,0,256,3,4,263,0,263,--,400,137,256,263,263,Algún campo sin dato,1,b2b1346b551412928068bb88a7bd3881bb16148cb421740cffeeb0a90d066ce8,25/06/2023 23:21:39,ESCANER
15579,"Huehuetenango",13,"Santa Bárbara",10,2268,373,116,0,2,117,0,0,0,0,0,0,0,235,2,2,239,1,240,--,370,125,235,239,240,Algún campo sin dato,1,d1eaa3e8b4fb6db5a1bf1ce9335c8d1525d7c6db5a9bdcdeeb5b88d6f4cc1b4b,25/06/2023 23:42:57,ESCANER
15580,"Huehuetenango",13,"Santa Bárbara",10,2268,372,112,0,2,102,4,0,0,0,4,0,0,224,4,5,233,0,233,--,372,139,224,233,233,Algún campo sin dato,1,2a3e0256264a6828d5c1f4182dc918af7a500442e99a3dec622c1a03ece1969f,25/06/2023 23:10:43,ESCANER
15581,"Huehuetenango",13,"Santa Bárbara",10,2269,380,,,,,,,,,,,,,,,,,,,,,,,,,0,,,
15582,"Huehuetenango",13,"Santa Bárbara",10,2269,380,,,,,,,,,,,,,,,,,,,,,,,,,0,,,
15583,"Huehuetenango",13,"Santa Bárbara",10,2269,380,,,,,,,,,,,,,,,,,,,,,,,,,0,,,
15584,"Huehuetenango",13,"Santa Bárbara",10,2269,380,,,,,,,,,,,,,,,,,,,,,,,,,0,,,
15585,"Huehuetenango",13,"Santa Bárbara",10,2269,380,,,,,,,,,,,,,,,,,,,,,,,,,0,,,
15586,"Huehuetenango",13,"Santa Bárbara",10,2270,380,,,,,,,,,,,,,,,,,,,,,,,,,0,,,
15587,"Huehuetenango",13,"Santa Bárbara",10,2270,380,86,0,0,157,0,0,0,0,0,0,0,243,2,1,246,0,246,--,380,134,243,246,246,Algún campo sin dato,1,01996bfa0b90c41ac78aee410c65ae82a754064ec2af7d4e40e3f11a3ff1d704,25/06/2023 23:18:59,ESCANER
15588,"Huehuetenango",13,"Santa Bárbara",10,2270,380,,,,,,,,,,,,,,,,,,,,,,,,,0,,,
15589,"Huehuetenango",13,"Santa Bárbara",10,2270,209,59,0,1,91,0,0,0,0,1,0,0,152,2,1,155,0,155,--,206,51,152,155,155,Algún campo sin dato,1,011c04a1e94ff76baced33a3ee63180e108d8efc53201acf308173df68e1c0b7,25/06/2023 22:30:40,ESCANER
15590,"Huehuetenango",13,"Santa Bárbara",10,2270,208,44,0,2,80,0,0,2,0,1,0,0,129,1,0,130,0,130,--,208,78,129,130,130,Algún campo sin dato,1,97ff010c7448def9197a88c8c46692dec93509771276612eaa5b986dedfec1e8,25/06/2023 23:18:33,ESCANER
15591,"Huehuetenango",13,"Santa Bárbara",10,2271,380,,,,,,,,,,,,,,,,,,,,,,,,,0,,,
15592,"Huehuetenango",13,"Santa Bárbara",10,2271,380,146,4,10,111,1,0,1,0,0,0,0,273,14,5,292,0,292,--,380,88,273,292,292,Algún campo sin dato,1,e64017ab256e12570396ecdd1d3f08d07a8940b2dcbe74da73f9565024e88a9c,25/06/2023 23:21:52,ESCANER
15593,"Huehuetenango",13,"Santa Bárbara",10,2271,380,,,,,,,,,,,,,,,,,,,,,,,,,0,,,
15594,"Huehuetenango",13,"Santa Bárbara",10,2271,380,,,,,,,,,,,,,,,,,,,,,,,,,0,,,
15595,"Huehuetenango",13,"Santa Bárbara",10,2271,380,,,,,,,,,,,,,,,,,,,,,,,,,0,,,
15596,"Huehuetenango",13,"Santa Bárbara",10,2271,380,184,1,4,89,3,4,0,2,0,0,0,287,13,5,305,0,305,--,380,75,287,305,305,Algún campo sin dato,1,e54fb82e85eae9507d2148e3fc2466a643860ec082653e38292044f76c4b432f,25/06/2023 22:25:47,ESCANER
15597,"Huehuetenango",13,"Santa Bárbara",10,2271,380,,,,,,,,,,,,,,,,,,,,,,,,,0,,,
15598,"Huehuetenango",13,"Santa Bárbara",10,2271,380,143,1,9,78,0,0,0,3,2,1,0,237,5,5,247,0,247,--,380,133,237,247,247,Algún campo sin dato,1,1f6eb25a0ac7dd911a1b47d0a1f0c5cff26161adf82e0b5b7eabc57eb5d6bc47,25/06/2023 23:53:36,ESCANER
15599,"Huehuetenango",13,"Santa Bárbara",10,2271,380,,,,,,,,,,,,,,,,,,,,,,,,,0,,,
15600,"Huehuetenango",13,"Santa Bárbara",10,2272,380,,,,,,,,,,,,,,,,,,,,,,,,,0,,,
15601,"Huehuetenango",13,"Santa Bárbara",10,2273,380,,,,,,,,,,,,,,,,,,,,,,,,,0,,,
15602,"Huehuetenango",13,"Santa Bárbara",10,2273,380,,,,,,,,,,,,,,,,,,,,,,,,,0,,,
15603,"Huehuetenango",13,"Santa Bárbara",10,2273,380,,,,,,,,,,,,,,,,,,,,,,,,,0,,,
15604,"Huehuetenango",13,"Santa Bárbara",10,2273,380,,,,,,,,,,,,,,,,,,,,,,,,,0,,,
15605,"Huehuetenango",13,"Santa Bárbara",10,2273,262,,,,,,,,,,,,,,,,,,,,,,,,,0,,,
15606,"Huehuetenango",13,"Santa Bárbara",10,2273,261,92,0,3,46,0,0,0,0,2,2,0,145,3,2,150,0,150,--,261,111,145,150,150,Algún campo sin dato,1,f7de7b4b0aba11033af41b173d41b7c0791cb12e1b03edb3e93cc06d9444858c,25/06/2023 23:30:28,ESCANER
15607,"Huehuetenango",13,"Santa Bárbara",10,2274,380,,,,,,,,,,,,,,,,,,,,,,,,,0,,,
15608,"Huehuetenango",13,"Santa Bárbara",10,2274,380,,,,,,,,,,,,,,,,,,,,,,,,,0,,,
15609,"Huehuetenango",13,"Santa Bárbara",10,2274,243,,,,,,,,,,,,,,,,,,,,,,,,,0,,,
15610,"Huehuetenango",13,"Santa Bárbara",10,2274,242,80,0,1,55,0,0,0,1,0,0,0,137,5,0,142,0,142,--,239,97,137,142,142,Algún campo sin dato,1,49975cc9dd4797a7e6ed183040d5806a84516967777fd2daca13a7d2d6debbcb,25/06/2023 23:54:46,ESCANER
15611,"Huehuetenango",13,"Santa Bárbara",10,2275,380,,,,,,,,,,,,,,,,,,,,,,,,,0,,,
15612,"Huehuetenango",13,"Santa Bárbara",10,2275,300,,,,,,,,,,,,,,,,,,,,,,,,,0,,,
15613,"Huehuetenango",13,"Santa Bárbara",10,2275,299,,,,,,,,,,,,,,,,,,,,,,,,,0,,,
15614,"Huehuetenango",13,"Santa Bárbara",10,2276,217,11,0,1,11,0,0,0,0,0,0,0,23,1,0,24,0,24,--,217,193,23,24,24,Algún campo sin dato,1,dba1b6d235d5ec9324e3c9ba19554dd7344299cbc2fc1ed17fe17ad26d850783,25/06/2023 22:18:22,ESCANER