﻿TIPO_DE_ELECCIÓN:,CORPORACIÓN MUNICIPAL
26 junio 2023 00:25 (UTC -6)
ACTAS_ESPERADAS,ACTAS_CAPTURADAS,PORCENTAJE_ACTAS_CAPTURADAS,ACTAS_CONTABILIZADAS,PORCENTAJE_ACTAS_CONTABILIZADAS,ACTAS_NO_CONTABILIZADAS,LISTA_NOMINAL_ACTAS_CONTABILIZADAS,VOTOS_EMITIDOS_CONTABILIZADAS,PORCENTAJE_PARTICIPACIÓN_CIUDADANA
66,21,31.8181,21,31.8181,0,8138,4139,50.8601

MESA,DEPARTAMENTO,ID_DEPARTAMENTO,MUNICIPIO,ID_MUNICIPIO,CENTRO_DE_VOTACIÓN,PADRÓN,VAMOS,VALOR,UNE,BIEN,CABAL,MLP,C.C.PP,TODOS,PODEMOS,VÁLIDOS,NULOS,BLANCO,EMITIDOS,INVÁLIDOS,TOTAL,IMPUGNACIONES,PAPELETAS-RECIBIDAS,PAPELETAS-NO-USADAS,VALIDOS_CALCULADO,EMITIDOS_CALCULADO,TOTAL_CALCULADO,OBSERVACIONES,CONTABILIZADA,CÓDIGO_INTEGRIDAD,FECHA_HORA_PUBLICACIÓN,DIGITALIZACIÓN
13004,"Retalhuleu",11,"Nuevo San Carlos",8,1777,400,120,40,14,33,5,2,2,1,1,218,22,3,243,0,243,--,400,157,218,243,243,Algún campo sin dato,1,1a7089be92dab5c8d7c6ba9cb0064da57c55feb760cb9eddb82c2bbf9ae44013,25/06/2023 22:56:49,ESCANER
13005,"Retalhuleu",11,"Nuevo San Carlos",8,1777,400,,,,,,,,,,,,,,,,,,,,,,,0,,,
13006,"Retalhuleu",11,"Nuevo San Carlos",8,1777,400,117,34,11,42,6,3,1,1,0,215,25,5,245,0,245,--,400,155,215,245,245,Algún campo sin dato,1,2ce10caa3adbeb3423de0f3610b37f1f188b69bb08dbe28841f077ec40321ad5,25/06/2023 22:58:43,ESCANER
13007,"Retalhuleu",11,"Nuevo San Carlos",8,1777,400,,,,,,,,,,,,,,,,,,,,,,,0,,,
13008,"Retalhuleu",11,"Nuevo San Carlos",8,1777,400,131,48,14,37,7,3,3,0,2,245,26,6,277,0,277,--,400,123,245,277,277,Algún campo sin dato,1,ccacc1b600a52b7875c11ee61ae48362e6b4e644a0b68ba96d1ac64ec30052a5,25/06/2023 23:28:50,ESCANER
13009,"Retalhuleu",11,"Nuevo San Carlos",8,1777,400,119,65,9,28,7,0,5,0,0,233,17,2,252,0,252,--,404,152,233,252,252,Algún campo sin dato,1,5e03dd056522392a5dea76a6cbf5320c02e7afd97ea7d50a4b1dbec6f91e0e3d,25/06/2023 22:32:33,ESCANER
13010,"Retalhuleu",11,"Nuevo San Carlos",8,1777,400,127,33,12,27,7,0,3,1,0,210,9,0,219,0,219,--,400,181,210,219,219,Algún campo sin dato,1,7abb4aa59f3719507c77495a61dcdfcd9117023ca9b172344fb77ff31fd16cbb,25/06/2023 22:46:03,ESCANER
13011,"Retalhuleu",11,"Nuevo San Carlos",8,1777,400,114,30,5,33,5,2,2,0,0,191,12,4,207,0,207,--,400,193,191,207,207,Algún campo sin dato,1,58227a2b52f7f2bedc6712daf7f798d5efa302cc90896a482f5b83a8700d2b28,25/06/2023 23:31:06,ESCANER
13012,"Retalhuleu",11,"Nuevo San Carlos",8,1777,400,127,41,4,25,9,0,2,0,0,208,8,1,217,0,217,--,404,187,208,217,217,Algún campo sin dato,1,ae67fc1080d0923bbd9580d8a1a02590b0a17f913a687691a049ae4c34f04893,25/06/2023 22:12:42,ESCANER
13013,"Retalhuleu",11,"Nuevo San Carlos",8,1777,400,101,39,5,22,7,0,1,1,0,176,4,1,181,0,181,--,404,223,176,181,181,Algún campo sin dato,1,d35ff5ced3de2b9e297f6fa6d960260b7eb1a4da6160c443a881244470e5cf39,25/06/2023 22:16:24,ESCANER
13014,"Retalhuleu",11,"Nuevo San Carlos",8,1777,232,72,25,4,18,1,1,2,0,0,123,0,2,125,0,125,--,232,107,123,125,125,Algún campo sin dato,1,99b6ed9075a16dfe6701dd9e00bd2b0db60fa9d412dad513e3860462e94c2af9,25/06/2023 23:23:03,ESCANER
13015,"Retalhuleu",11,"Nuevo San Carlos",8,1777,232,,,,,,,,,,,,,,,,,,,,,,,0,,,
13016,"Retalhuleu",11,"Nuevo San Carlos",8,1778,400,,,,,,,,,,,,,,,,,,,,,,,0,,,
13017,"Retalhuleu",11,"Nuevo San Carlos",8,1778,400,,,,,,,,,,,,,,,,,,,,,,,0,,,
13018,"Retalhuleu",11,"Nuevo San Carlos",8,1778,400,,,,,,,,,,,,,,,,,,,,,,,0,,,
13019,"Retalhuleu",11,"Nuevo San Carlos",8,1778,400,,,,,,,,,,,,,,,,,,,,,,,0,,,
13020,"Retalhuleu",11,"Nuevo San Carlos",8,1778,400,,,,,,,,,,,,,,,,,,,,,,,0,,,
13021,"Retalhuleu",11,"Nuevo San Carlos",8,1778,400,,,,,,,,,,,,,,,,,,,,,,,0,,,
13022,"Retalhuleu",11,"Nuevo San Carlos",8,1778,400,,,,,,,,,,,,,,,,,,,,,,,0,,,
13023,"Retalhuleu",11,"Nuevo San Carlos",8,1778,400,,,,,,,,,,,,,,,,,,,,,,,0,,,
13024,"Retalhuleu",11,"Nuevo San Carlos",8,1778,222,,,,,,,,,,,,,,,,,,,,,,,0,,,
13025,"Retalhuleu",11,"Nuevo San Carlos",8,1778,222,,,,,,,,,,,,,,,,,,,,,,,0,,,
13026,"Retalhuleu",11,"Nuevo San Carlos",8,1779,380,,,,,,,,,,,,,,,,,,,,,,,0,,,
13027,"Retalhuleu",11,"Nuevo San Carlos",8,1779,380,,,,,,,,,,,,,,,,,,,,,,,0,,,
13028,"Retalhuleu",11,"Nuevo San Carlos",8,1779,380,,,,,,,,,,,,,,,,,,,,,,,0,,,
13029,"Retalhuleu",11,"Nuevo San Carlos",8,1779,380,,,,,,,,,,,,,,,,,,,,,,,0,,,
13030,"Retalhuleu",11,"Nuevo San Carlos",8,1779,380,,,,,,,,,,,,,,,,,,,,,,,0,,,
13031,"Retalhuleu",11,"Nuevo San Carlos",8,1779,380,,,,,,,,,,,,,,,,,,,,,,,0,,,
13032,"Retalhuleu",11,"Nuevo San Carlos",8,1779,380,,,,,,,,,,,,,,,,,,,,,,,0,,,
13033,"Retalhuleu",11,"Nuevo San Carlos",8,1779,380,,,,,,,,,,,,,,,,,,,,,,,0,,,
13034,"Retalhuleu",11,"Nuevo San Carlos",8,1779,380,,,,,,,,,,,,,,,,,,,,,,,0,,,
13035,"Retalhuleu",11,"Nuevo San Carlos",8,1779,380,,,,,,,,,,,,,,,,,,,,,,,0,,,
13036,"Retalhuleu",11,"Nuevo San Carlos",8,1779,380,,,,,,,,,,,,,,,,,,,,,,,0,,,
13037,"Retalhuleu",11,"Nuevo San Carlos",8,1779,380,,,,,,,,,,,,,,,,,,,,,,,0,,,
13038,"Retalhuleu",11,"Nuevo San Carlos",8,1779,340,,,,,,,,,,,,,,,,,,,,,,,0,,,
13039,"Retalhuleu",11,"Nuevo San Carlos",8,1779,339,,,,,,,,,,,,,,,,,,,,,,,0,,,
13040,"Retalhuleu",11,"Nuevo San Carlos",8,1780,380,,,,,,,,,,,,,,,,,,,,,,,0,,,
13041,"Retalhuleu",11,"Nuevo San Carlos",8,1780,380,,,,,,,,,,,,,,,,,,,,,,,0,,,
13042,"Retalhuleu",11,"Nuevo San Carlos",8,1780,380,,,,,,,,,,,,,,,,,,,,,,,0,,,
13043,"Retalhuleu",11,"Nuevo San Carlos",8,1780,380,,,,,,,,,,,,,,,,,,,,,,,0,,,
13044,"Retalhuleu",11,"Nuevo San Carlos",8,1780,380,,,,,,,,,,,,,,,,,,,,,,,0,,,
13045,"Retalhuleu",11,"Nuevo San Carlos",8,1780,380,,,,,,,,,,,,,,,,,,,,,,,0,,,
13046,"Retalhuleu",11,"Nuevo San Carlos",8,1780,380,,,,,,,,,,,,,,,,,,,,,,,0,,,
13047,"Retalhuleu",11,"Nuevo San Carlos",8,1780,380,,,,,,,,,,,,,,,,,,,,,,,0,,,
13048,"Retalhuleu",11,"Nuevo San Carlos",8,1780,380,,,,,,,,,,,,,,,,,,,,,,,0,,,
13049,"Retalhuleu",11,"Nuevo San Carlos",8,1780,380,,,,,,,,,,,,,,,,,,,,,,,0,,,
13050,"Retalhuleu",11,"Nuevo San Carlos",8,1780,380,,,,,,,,,,,,,,,,,,,,,,,0,,,
13051,"Retalhuleu",11,"Nuevo San Carlos",8,1780,380,,,,,,,,,,,,,,,,,,,,,,,0,,,
13052,"Retalhuleu",11,"Nuevo San Carlos",8,1780,380,,,,,,,,,,,,,,,,,,,,,,,0,,,
13053,"Retalhuleu",11,"Nuevo San Carlos",8,1780,290,,,,,,,,,,,,,,,,,,,,,,,0,,,
13054,"Retalhuleu",11,"Nuevo San Carlos",8,1780,290,,,,,,,,,,,,,,,,,,,,,,,0,,,
13055,"Retalhuleu",11,"Nuevo San Carlos",8,1781,380,122,30,2,19,0,2,1,3,2,181,28,3,212,0,212,--,380,165,181,212,212,Algún campo sin dato,1,5fc9c87cf41934f58b121b642ad4aecc3e77eaa348b4cc24581e32049390dce6,25/06/2023 23:52:51,MOVIL
13056,"Retalhuleu",11,"Nuevo San Carlos",8,1781,380,128,34,11,16,6,1,1,1,1,199,29,7,235,0,235,--,380,145,199,235,235,Algún campo sin dato,1,33a15252ab5a2e6e3b78dda77bfb50511ab91df7787aa79817dee756a2e50aa8,25/06/2023 22:08:25,ESCANER
13057,"Retalhuleu",11,"Nuevo San Carlos",8,1781,380,133,47,12,14,5,1,2,1,0,215,45,3,263,0,263,--,380,117,215,263,263,Algún campo sin dato,1,7bc921b38be745db45bceeeb810f31ec78865921f37afbca44af82f0778d87cc,26/06/2023 00:03:23,MOVIL
13058,"Retalhuleu",11,"Nuevo San Carlos",8,1781,380,,,,,,,,,,,,,,,,,,,,,,,0,,,
13059,"Retalhuleu",11,"Nuevo San Carlos",8,1781,380,109,29,12,17,2,1,1,0,0,171,23,2,196,0,196,--,376,180,171,196,196,Algún campo sin dato,1,f763b816c28b3b2daacbba532d90376b5809c1dbf6d475240f923b4987ebf7f5,25/06/2023 22:01:01,ESCANER
13060,"Retalhuleu",11,"Nuevo San Carlos",8,1781,380,95,31,5,14,6,1,3,0,1,156,10,0,166,0,166,--,384,218,156,166,166,Algún campo sin dato,1,782411e840ea8628352b1c1e799ebd807f7dc849b71c8f9c3607b382fac18e9f,25/06/2023 22:38:32,ESCANER
13061,"Retalhuleu",11,"Nuevo San Carlos",8,1781,329,96,39,5,4,6,1,3,0,0,154,7,2,163,0,163,0,329,166,154,163,163,,1,66a672a346e361f6c44337df0e28e0700dfd26fae01b8b5220cb544cb7720d5c,25/06/2023 21:58:33,ESCANER
13062,"Retalhuleu",11,"Nuevo San Carlos",8,1781,328,111,34,7,6,2,1,1,0,0,162,3,4,169,0,169,1,330,161,162,169,169,,1,cd7b69fa601e08d547c0fe4970fc1642712fc3c05289a4aa444468f19c6349f3,25/06/2023 22:21:03,ESCANER
13063,"Retalhuleu",11,"Nuevo San Carlos",8,1782,380,125,31,7,42,1,2,0,0,5,213,33,5,251,0,251,--,380,129,213,251,251,Algún campo sin dato,1,d168d16502b9012d6e7a760dca03541a26c74a75cfd03db4e1fe7f3a5c209014,25/06/2023 22:46:00,ESCANER
13064,"Retalhuleu",11,"Nuevo San Carlos",8,1782,380,,,,,,,,,,,,,,,,,,,,,,,0,,,
13065,"Retalhuleu",11,"Nuevo San Carlos",8,1782,380,,,,,,,,,,,,,,,,,,,,,,,0,,,
13066,"Retalhuleu",11,"Nuevo San Carlos",8,1782,342,97,33,6,24,3,7,2,1,3,176,11,5,192,0,192,--,348,156,176,192,192,Algún campo sin dato,1,6f87ae31ce304b7321d1b0e849569893b57a4daf26c2fec44ee4a62fc21c1c34,25/06/2023 22:09:28,ESCANER
13067,"Retalhuleu",11,"Nuevo San Carlos",8,1782,342,106,16,4,22,4,2,1,2,1,158,3,0,161,0,161,--,347,186,158,161,161,Algún campo sin dato,1,ce2f8f7273f513ee7f8390ad36c80daecb844eb7217a2e2720c9dda832445f46,25/06/2023 22:01:29,ESCANER
13068,"Retalhuleu",11,"Nuevo San Carlos",8,1783,543,47,17,5,16,3,1,2,0,0,91,6,1,98,0,98,--,546,448,91,98,98,Algún campo sin dato,1,47280e88df48eb4bd0bedea73b814ca35b5af779a26f4be2056b8935d0e50723,25/06/2023 21:35:07,ESCANER
13069,"Retalhuleu",11,"Nuevo San Carlos",8,1783,542,32,14,4,5,1,1,1,0,0,58,7,2,67,0,67,--,543,476,58,67,67,Algún campo sin dato,1,2b7f5bd332d43e950441301d123af9a7db2bb2cb12868415a04d93b429a6e38c,25/06/2023 20:35:26,ESCANER