﻿TIPO_DE_ELECCIÓN:,CORPORACIÓN MUNICIPAL
26 junio 2023 00:25 (UTC -6)
ACTAS_ESPERADAS,ACTAS_CAPTURADAS,PORCENTAJE_ACTAS_CAPTURADAS,ACTAS_CONTABILIZADAS,PORCENTAJE_ACTAS_CONTABILIZADAS,ACTAS_NO_CONTABILIZADAS,LISTA_NOMINAL_ACTAS_CONTABILIZADAS,VOTOS_EMITIDOS_CONTABILIZADAS,PORCENTAJE_PARTICIPACIÓN_CIUDADANA
76,21,27.6315,21,27.6315,0,7983,2803,35.1121

MESA,DEPARTAMENTO,ID_DEPARTAMENTO,MUNICIPIO,ID_MUNICIPIO,CENTRO_DE_VOTACIÓN,PADRÓN,MLP,VAMOS,UNE,TODOS,PODEMOS,CABAL,AZUL,VIVA,VALOR,PPN,VÁLIDOS,NULOS,BLANCO,EMITIDOS,INVÁLIDOS,TOTAL,IMPUGNACIONES,PAPELETAS-RECIBIDAS,PAPELETAS-NO-USADAS,VALIDOS_CALCULADO,EMITIDOS_CALCULADO,TOTAL_CALCULADO,OBSERVACIONES,CONTABILIZADA,CÓDIGO_INTEGRIDAD,FECHA_HORA_PUBLICACIÓN,DIGITALIZACIÓN
15416,"Huehuetenango",13,"Soloma",8,2244,400,8,19,18,10,42,64,2,12,16,1,192,11,6,209,0,209,--,400,191,192,209,209,Algún campo sin dato,1,18d7c0cdc1aa683c2b817a3fd26d5fabb1bf06504dca444d240c3118c411efd5,26/06/2023 00:05:06,ESCANER
15417,"Huehuetenango",13,"Soloma",8,2244,400,,,,,,,,,,,,,,,,,,,,,,,,0,,,
15418,"Huehuetenango",13,"Soloma",8,2244,400,,,,,,,,,,,,,,,,,,,,,,,,0,,,
15419,"Huehuetenango",13,"Soloma",8,2244,400,,,,,,,,,,,,,,,,,,,,,,,,0,,,
15420,"Huehuetenango",13,"Soloma",8,2244,400,,,,,,,,,,,,,,,,,,,,,,,,0,,,
15421,"Huehuetenango",13,"Soloma",8,2244,400,,,,,,,,,,,,,,,,,,,,,,,,0,,,
15422,"Huehuetenango",13,"Soloma",8,2244,400,,,,,,,,,,,,,,,,,,,,,,,,0,,,
15423,"Huehuetenango",13,"Soloma",8,2244,400,,,,,,,,,,,,,,,,,,,,,,,,0,,,
15424,"Huehuetenango",13,"Soloma",8,2244,400,,,,,,,,,,,,,,,,,,,,,,,,0,,,
15425,"Huehuetenango",13,"Soloma",8,2244,400,,,,,,,,,,,,,,,,,,,,,,,,0,,,
15426,"Huehuetenango",13,"Soloma",8,2245,400,,,,,,,,,,,,,,,,,,,,,,,,0,,,
15427,"Huehuetenango",13,"Soloma",8,2245,400,,,,,,,,,,,,,,,,,,,,,,,,0,,,
15428,"Huehuetenango",13,"Soloma",8,2245,400,,,,,,,,,,,,,,,,,,,,,,,,0,,,
15429,"Huehuetenango",13,"Soloma",8,2245,400,,,,,,,,,,,,,,,,,,,,,,,,0,,,
15430,"Huehuetenango",13,"Soloma",8,2245,400,,,,,,,,,,,,,,,,,,,,,,,,0,,,
15431,"Huehuetenango",13,"Soloma",8,2245,400,,,,,,,,,,,,,,,,,,,,,,,,0,,,
15432,"Huehuetenango",13,"Soloma",8,2245,400,,,,,,,,,,,,,,,,,,,,,,,,0,,,
15433,"Huehuetenango",13,"Soloma",8,2245,400,,,,,,,,,,,,,,,,,,,,,,,,0,,,
15434,"Huehuetenango",13,"Soloma",8,2246,400,,,,,,,,,,,,,,,,,,,,,,,,0,,,
15435,"Huehuetenango",13,"Soloma",8,2246,400,0,11,12,9,46,49,1,8,15,1,152,3,1,156,0,152,--,400,244,152,156,156,Sumas Asentadas sin cuadrar,1,3425b8448ca298fb9f64535cba712dd2232deb1c57c6b362c590d6385c64da68,25/06/2023 23:53:22,ESCANER
15436,"Huehuetenango",13,"Soloma",8,2246,400,,,,,,,,,,,,,,,,,,,,,,,,0,,,
15437,"Huehuetenango",13,"Soloma",8,2246,400,,,,,,,,,,,,,,,,,,,,,,,,0,,,
15438,"Huehuetenango",13,"Soloma",8,2246,400,,,,,,,,,,,,,,,,,,,,,,,,0,,,
15439,"Huehuetenango",13,"Soloma",8,2246,400,2,16,25,12,56,64,1,12,15,1,204,8,7,219,0,219,--,400,181,204,219,219,Algún campo sin dato,1,c0fb3c23ff09db14ace2fa3c3aaaad8b0aa8b5bcc18f78374dcd9eedf8d467b3,25/06/2023 23:49:41,ESCANER
15440,"Huehuetenango",13,"Soloma",8,2246,400,,,,,,,,,,,,,,,,,,,,,,,,0,,,
15441,"Huehuetenango",13,"Soloma",8,2246,400,,,,,,,,,,,,,,,,,,,,,,,,0,,,
15442,"Huehuetenango",13,"Soloma",8,2247,400,,,,,,,,,,,,,,,,,,,,,,,,0,,,
15443,"Huehuetenango",13,"Soloma",8,2247,400,,,,,,,,,,,,,,,,,,,,,,,,0,,,
15444,"Huehuetenango",13,"Soloma",8,2247,400,,,,,,,,,,,,,,,,,,,,,,,,0,,,
15445,"Huehuetenango",13,"Soloma",8,2247,400,,,,,,,,,,,,,,,,,,,,,,,,0,,,
15446,"Huehuetenango",13,"Soloma",8,2247,400,,,,,,,,,,,,,,,,,,,,,,,,0,,,
15447,"Huehuetenango",13,"Soloma",8,2247,400,,,,,,,,,,,,,,,,,,,,,,,,0,,,
15448,"Huehuetenango",13,"Soloma",8,2247,400,,,,,,,,,,,,,,,,,,,,,,,,0,,,
15449,"Huehuetenango",13,"Soloma",8,2247,400,,,,,,,,,,,,,,,,,,,,,,,,0,,,
15450,"Huehuetenango",13,"Soloma",8,2247,400,1,17,19,16,53,36,1,10,10,1,164,3,1,168,0,168,--,400,232,164,168,168,Algún campo sin dato,1,786cab1c031ea9778f2afec23842ec5456bd0353331067a8bd4676f13465ad8e,26/06/2023 00:11:37,ESCANER
15451,"Huehuetenango",13,"Soloma",8,2247,400,,,,,,,,,,,,,,,,,,,,,,,,0,,,
15452,"Huehuetenango",13,"Soloma",8,2248,400,,,,,,,,,,,,,,,,,,,,,,,,0,,,
15453,"Huehuetenango",13,"Soloma",8,2248,400,4,15,9,8,40,60,0,4,12,2,154,1,3,158,242,400,--,400,242,154,158,400,Algún campo sin dato,1,3d96fff76a8d9459aea7abb26d254c296bf0e703ff2580829c3817b3408b0ee7,25/06/2023 23:11:00,ESCANER
15454,"Huehuetenango",13,"Soloma",8,2248,400,1,14,17,8,55,42,2,5,12,2,158,2,2,162,0,162,--,400,238,158,162,162,Algún campo sin dato,1,542c61e6916538087132fe4ceb077d5c2ba093c3af1993b469f397a5d16f0ad2,25/06/2023 23:46:25,ESCANER
15455,"Huehuetenango",13,"Soloma",8,2248,400,0,15,16,14,40,59,0,9,15,1,169,1,0,170,0,170,--,400,230,169,170,170,Algún campo sin dato,1,84ff8b797c86973ce3de0ac6af1e0c16a186148961f73da81bbabc68703e8fbf,25/06/2023 23:41:47,ESCANER
15456,"Huehuetenango",13,"Soloma",8,2248,400,,,,,,,,,,,,,,,,,,,,,,,,0,,,
15457,"Huehuetenango",13,"Soloma",8,2248,400,,,,,,,,,,,,,,,,,,,,,,,,0,,,
15458,"Huehuetenango",13,"Soloma",8,2248,400,0,18,15,8,57,43,0,5,15,1,162,0,0,162,0,162,--,386,224,162,162,162,Algún campo sin dato,1,0cfba6bb82eb514a13b014e17fd0e64fcfe88e192948f0b5a38566fc9b4f9d63,26/06/2023 00:17:58,ESCANER
15459,"Huehuetenango",13,"Soloma",8,2248,400,,,,,,,,,,,,,,,,,,,,,,,,0,,,
15460,"Huehuetenango",13,"Soloma",8,2248,400,2,10,8,11,44,55,1,15,12,1,159,3,1,163,0,163,--,400,237,159,163,163,Algún campo sin dato,1,c3e861058cad65bd15c807d2ef659473636a2a05df50973b6cd9d608f68b73df,25/06/2023 23:34:56,ESCANER
15461,"Huehuetenango",13,"Soloma",8,2248,400,1,12,11,8,45,50,1,13,13,1,155,1,0,156,2,158,--,400,242,155,156,158,Algún campo sin dato,1,b771a161511ebbef3c8463f79cf461242ac7ef2e7080534cfc1f2b3e7377b80d,25/06/2023 23:36:48,ESCANER
15462,"Huehuetenango",13,"Soloma",8,2248,340,,,,,,,,,,,,,,,,,,,,,,,,0,,,
15463,"Huehuetenango",13,"Soloma",8,2248,340,0,7,13,12,33,22,0,11,6,0,104,3,2,109,0,109,--,340,231,104,109,109,Algún campo sin dato,1,fa65329d757e03a1ec50523212c3d3cda405d9f6764ceaed02748c9377b711e6,25/06/2023 22:40:57,ESCANER
15464,"Huehuetenango",13,"Soloma",8,2249,380,,,,,,,,,,,,,,,,,,,,,,,,0,,,
15465,"Huehuetenango",13,"Soloma",8,2249,248,1,0,17,12,39,13,3,8,12,0,105,5,6,116,0,116,--,248,132,105,116,116,Algún campo sin dato,1,2fc374d05d86c92326bbe7b94a5c5af2fe3fc57b36cbdf14e73344f1642affdc,25/06/2023 22:25:11,ESCANER
15466,"Huehuetenango",13,"Soloma",8,2249,248,0,4,14,6,58,9,4,4,11,0,110,2,5,117,0,117,--,248,131,110,117,117,Algún campo sin dato,1,827d4efa1a86ac461c97caa831cf6609c322e65df7971001ec3a77d53b6100d9,26/06/2023 00:18:22,ESCANER
15467,"Huehuetenango",13,"Soloma",8,2250,380,,,,,,,,,,,,,,,,,,,,,,,,0,,,
15468,"Huehuetenango",13,"Soloma",8,2250,380,,,,,,,,,,,,,,,,,,,,,,,,0,,,
15469,"Huehuetenango",13,"Soloma",8,2250,380,,,,,,,,,,,,,,,,,,,,,,,,0,,,
15470,"Huehuetenango",13,"Soloma",8,2250,380,,,,,,,,,,,,,,,,,,,,,,,,0,,,
15471,"Huehuetenango",13,"Soloma",8,2250,317,0,22,3,4,40,30,0,2,13,0,114,0,3,117,0,117,--,317,200,114,117,117,Algún campo sin dato,1,5cd970f992928c80dc0ae439630cb92f6c9c75543c1d87a889d8a5ed4b353993,26/06/2023 00:08:34,ESCANER
15472,"Huehuetenango",13,"Soloma",8,2250,317,,,,,,,,,,,,,,,,,,,,,,,,0,,,
15473,"Huehuetenango",13,"Soloma",8,2251,380,,,,,,,,,,,,,,,,,,,,,,,,0,,,
15474,"Huehuetenango",13,"Soloma",8,2251,380,,,,,,,,,,,,,,,,,,,,,,,,0,,,
15475,"Huehuetenango",13,"Soloma",8,2251,380,,,,,,,,,,,,,,,,,,,,,,,,0,,,
15476,"Huehuetenango",13,"Soloma",8,2251,380,,,,,,,,,,,,,,,,,,,,,,,,0,,,
15477,"Huehuetenango",13,"Soloma",8,2251,380,7,26,3,10,36,18,0,3,3,0,106,2,1,109,0,109,--,380,271,106,109,109,Algún campo sin dato,1,5c258faf03a9ff120f7d921e8ba15e9ed2977f8045d44022e02e53c6576fac8d,25/06/2023 23:48:12,ESCANER
15478,"Huehuetenango",13,"Soloma",8,2251,292,2,18,4,6,33,14,0,0,8,0,85,0,0,85,0,85,--,292,207,85,85,85,Algún campo sin dato,1,215b1b94d85cf6b627ba676d13eafc23aee00fa94cc1cb26b9e088861c2dc250,26/06/2023 00:04:37,ESCANER
15479,"Huehuetenango",13,"Soloma",8,2251,291,2,16,3,11,23,11,3,0,5,0,74,0,0,74,0,74,--,288,214,74,74,74,Algún campo sin dato,1,188ba0311bb9336617520a22ede4ca590c004dedc9b4c6659807fb65123f63d7,26/06/2023 00:19:24,ESCANER
15480,"Huehuetenango",13,"Soloma",8,2252,380,,,,,,,,,,,,,,,,,,,,,,,,0,,,
15481,"Huehuetenango",13,"Soloma",8,2252,380,,,,,,,,,,,,,,,,,,,,,,,,0,,,
15482,"Huehuetenango",13,"Soloma",8,2252,380,,,,,,,,,,,,,,,,,,,,,,,,0,,,
15483,"Huehuetenango",13,"Soloma",8,2252,380,,,,,,,,,,,,,,,,,,,,,,,,0,,,
15484,"Huehuetenango",13,"Soloma",8,2252,380,1,47,13,3,32,26,3,2,8,0,135,6,11,152,0,152,--,380,228,135,152,152,Algún campo sin dato,1,035149c3bc8853ab2cf39e41b0793f8e18cd309e4711609297836aea2b123a5c,26/06/2023 00:10:17,ESCANER
15485,"Huehuetenango",13,"Soloma",8,2252,380,1,28,12,3,26,38,2,0,4,0,114,4,2,120,0,120,--,380,260,114,120,120,Algún campo sin dato,1,8b8d8956e9e98c67df4d281fda03f73cd7dceb67341aad7c100f82c062576664,26/06/2023 00:13:36,ESCANER
15486,"Huehuetenango",13,"Soloma",8,2252,380,,,,,,,,,,,,,,,,,,,,,,,,0,,,
15487,"Huehuetenango",13,"Soloma",8,2252,380,,,,,,,,,,,,,,,,,,,,,,,,0,,,
15488,"Huehuetenango",13,"Soloma",8,2252,308,,,,,,,,,,,,,,,,,,,,,,,,0,,,
15489,"Huehuetenango",13,"Soloma",8,2252,307,,,,,,,,,,,,,,,,,,,,,,,,0,,,
15490,"Huehuetenango",13,"Soloma",8,2253,554,0,10,5,7,13,12,1,0,2,0,50,1,2,53,0,53,--,551,498,50,53,53,Algún campo sin dato,1,c46bd874e833bbc746d29c1bb7ad80faf6ecfe7a3390f51ea2f0ec0247af7153,25/06/2023 22:40:22,ESCANER
15491,"Huehuetenango",13,"Soloma",8,2253,553,0,4,0,2,7,6,1,1,2,0,23,3,2,28,0,28,--,550,522,23,28,28,Algún campo sin dato,1,01c5546e0e60654f3678c24e0fd24fd3f6a1a436acd23e4cc002f7e022482a55,25/06/2023 21:24:32,ESCANER