﻿TIPO_DE_ELECCIÓN:,CORPORACIÓN MUNICIPAL
26 junio 2023 00:25 (UTC -6)
ACTAS_ESPERADAS,ACTAS_CAPTURADAS,PORCENTAJE_ACTAS_CAPTURADAS,ACTAS_CONTABILIZADAS,PORCENTAJE_ACTAS_CONTABILIZADAS,ACTAS_NO_CONTABILIZADAS,LISTA_NOMINAL_ACTAS_CONTABILIZADAS,VOTOS_EMITIDOS_CONTABILIZADAS,PORCENTAJE_PARTICIPACIÓN_CIUDADANA
37,16,43.2432,16,43.2432,0,6376,4307,67.5501

MESA,DEPARTAMENTO,ID_DEPARTAMENTO,MUNICIPIO,ID_MUNICIPIO,CENTRO_DE_VOTACIÓN,PADRÓN,VAMOS,UNE,MARCUS,VOS,CABAL,WINAQ,VALOR UNIONISTA,SEMILLA,VÁLIDOS,NULOS,BLANCO,EMITIDOS,INVÁLIDOS,TOTAL,IMPUGNACIONES,PAPELETAS-RECIBIDAS,PAPELETAS-NO-USADAS,VALIDOS_CALCULADO,EMITIDOS_CALCULADO,TOTAL_CALCULADO,OBSERVACIONES,CONTABILIZADA,CÓDIGO_INTEGRIDAD,FECHA_HORA_PUBLICACIÓN,DIGITALIZACIÓN
5437,"Sacatepéquez",2,"Jocotenango",2,546,400,,,,,,,,,,,,,,,,,,,,,,0,,,
5438,"Sacatepéquez",2,"Jocotenango",2,546,400,,,,,,,,,,,,,,,,,,,,,,0,,,
5439,"Sacatepéquez",2,"Jocotenango",2,546,400,,,,,,,,,,,,,,,,,,,,,,0,,,
5440,"Sacatepéquez",2,"Jocotenango",2,546,400,,,,,,,,,,,,,,,,,,,,,,0,,,
5441,"Sacatepéquez",2,"Jocotenango",2,546,400,,,,,,,,,,,,,,,,,,,,,,0,,,
5442,"Sacatepéquez",2,"Jocotenango",2,546,400,,,,,,,,,,,,,,,,,,,,,,0,,,
5443,"Sacatepéquez",2,"Jocotenango",2,547,400,3,39,92,55,75,4,29,13,310,10,2,322,0,322,--,400,78,310,322,322,Algún campo sin dato,1,380956e332e41083512308dfa764f5f7ead8f460aabd743b2c7cf005ff9b2d93,25/06/2023 22:50:32,ESCANER
5444,"Sacatepéquez",2,"Jocotenango",2,547,400,,,,,,,,,,,,,,,,,,,,,,0,,,
5445,"Sacatepéquez",2,"Jocotenango",2,547,400,,,,,,,,,,,,,,,,,,,,,,0,,,
5446,"Sacatepéquez",2,"Jocotenango",2,547,400,,,,,,,,,,,,,,,,,,,,,,0,,,
5447,"Sacatepéquez",2,"Jocotenango",2,547,400,,,,,,,,,,,,,,,,,,,,,,0,,,
5448,"Sacatepéquez",2,"Jocotenango",2,547,400,2,26,67,43,112,6,16,12,284,8,0,292,0,292,--,403,111,284,292,292,Algún campo sin dato,1,c85d0dcf67eeaa913dc3d00aa7e0859bb5083e61abe2030a61b6d33606acd93f,25/06/2023 22:17:51,ESCANER
5449,"Sacatepéquez",2,"Jocotenango",2,548,400,,,,,,,,,,,,,,,,,,,,,,0,,,
5450,"Sacatepéquez",2,"Jocotenango",2,548,400,3,34,76,26,96,5,33,8,281,8,3,292,0,292,--,400,108,281,292,292,Algún campo sin dato,1,d7ff43188e5df70a79ea50b3657ffddd98fd1d201b50c192cdd643b0addfb680,25/06/2023 23:24:22,ESCANER
5451,"Sacatepéquez",2,"Jocotenango",2,548,400,4,31,60,36,97,11,18,21,278,3,1,282,--,--,0,400,118,278,282,282,Algún campo sin dato,1,4eeb96a9cf78423c62083475695145ac3c74be0a50b50abfc3d67e8b8051a442,25/06/2023 23:39:02,ESCANER
5452,"Sacatepéquez",2,"Jocotenango",2,548,400,,,,,,,,,,,,,,,,,,,,,,0,,,
5453,"Sacatepéquez",2,"Jocotenango",2,548,400,1,39,78,35,94,8,21,7,290,0,0,290,0,290,--,400,110,283,283,283,Sumas Asentadas sin cuadrar,1,ea0005149895d35c550350ab1b0f3959dc3f148c61c49fd8c1f6ebcbb9fddab8,25/06/2023 23:09:11,ESCANER
5454,"Sacatepéquez",2,"Jocotenango",2,548,400,6,43,71,41,97,10,14,12,294,6,0,300,0,300,--,397,97,294,300,300,Algún campo sin dato,1,2d36aa8cb2ab1396ca848b87a097d24a3f502849b6ed28879eded98c00ebbe9e,25/06/2023 23:10:50,ESCANER
5455,"Sacatepéquez",2,"Jocotenango",2,548,400,6,55,63,45,108,4,19,14,314,8,0,322,0,322,--,400,78,314,322,322,Algún campo sin dato,1,818cc462da1a21194e50d4e5acfcb95834420f97ebb74a1cd96c642af3885473,25/06/2023 23:52:27,ESCANER
5456,"Sacatepéquez",2,"Jocotenango",2,549,400,,,,,,,,,,,,,,,,,,,,,,0,,,
5457,"Sacatepéquez",2,"Jocotenango",2,549,400,,,,,,,,,,,,,,,,,,,,,,0,,,
5458,"Sacatepéquez",2,"Jocotenango",2,549,400,,,,,,,,,,,,,,,,,,,,,,0,,,
5459,"Sacatepéquez",2,"Jocotenango",2,549,400,,,,,,,,,,,,,,,,,,,,,,0,,,
5460,"Sacatepéquez",2,"Jocotenango",2,549,400,5,40,82,30,91,3,22,6,279,13,3,295,--,--,0,400,105,279,295,295,Algún campo sin dato,1,817b7b4441f06c377cd62ea48886b748c9354c1e0a84b3c3531d7aeb5d29a954,25/06/2023 23:15:41,ESCANER
5461,"Sacatepéquez",2,"Jocotenango",2,549,400,4,39,86,40,83,4,12,17,285,10,0,295,0,295,0,400,105,285,295,295,,1,2bf71e20a7e75c0886262b67100c867ae9c431331b22c45a0b13b7c523f3b786,25/06/2023 23:35:27,ESCANER
5462,"Sacatepéquez",2,"Jocotenango",2,549,400,,,,,,,,,,,,,,,,,,,,,,0,,,
5463,"Sacatepéquez",2,"Jocotenango",2,549,400,,,,,,,,,,,,,,,,,,,,,,0,,,
5464,"Sacatepéquez",2,"Jocotenango",2,550,400,3,39,63,33,102,6,19,14,279,1,1,281,0,281,--,403,122,279,281,281,Algún campo sin dato,1,51133aef3e899c2471476b665da3e1c450921618d4cd06ba5c011647f2f0bff2,25/06/2023 22:34:34,ESCANER
5465,"Sacatepéquez",2,"Jocotenango",2,550,400,2,25,77,37,95,8,17,23,284,1,0,285,0,285,--,400,115,284,285,285,Algún campo sin dato,1,6b12abb6b58a6afc8226324ee2cad52c9392900d5e7e866737a551cd0d45083f,25/06/2023 23:21:27,ESCANER
5466,"Sacatepéquez",2,"Jocotenango",2,550,400,,,,,,,,,,,,,,,,,,,,,,0,,,
5467,"Sacatepéquez",2,"Jocotenango",2,550,400,,,,,,,,,,,,,,,,,,,,,,0,,,
5468,"Sacatepéquez",2,"Jocotenango",2,550,400,,,,,,,,,,,,,,,,,,,,,,0,,,
5469,"Sacatepéquez",2,"Jocotenango",2,550,400,2,23,78,21,104,1,21,10,260,4,1,265,0,265,0,397,129,260,265,265,,1,162e60d269d73cedab050d915c2de18d55b249102437dffe2035ba181ea41135,26/06/2023 00:18:27,ESCANER
5470,"Sacatepéquez",2,"Jocotenango",2,551,284,2,13,49,23,59,6,18,13,183,0,0,183,0,183,--,284,101,183,183,183,Algún campo sin dato,1,b60addc034d937a70b40bd9db9b2ac87f47818d81e6d58a5541f409dc3212317,25/06/2023 22:26:52,ESCANER
5471,"Sacatepéquez",2,"Jocotenango",2,551,284,4,26,49,18,58,2,15,6,178,9,0,187,0,187,0,284,97,178,187,187,,1,b775deae3727afea50dd2a856f736d8402d22874e41d4e62447a384179537f19,25/06/2023 22:48:59,ESCANER
5472,"Sacatepéquez",2,"Jocotenango",2,552,504,5,36,38,42,58,10,18,15,222,17,4,243,0,243,--,504,261,222,243,243,Algún campo sin dato,1,3b6a1f32bb56bd037b327f4205efc183a9e0e8b9635f0230ff6ed7bd36835a1b,26/06/2023 00:19:24,ESCANER
5473,"Sacatepéquez",2,"Jocotenango",2,552,504,5,34,31,32,41,1,16,13,173,7,0,484,1,181,--,501,320,173,180,181,Sumas Asentadas sin cuadrar,1,4d88f7c3fe6b7060cc5d3fd90d81803af1df859f2e869e65c6041d2536598cd1,25/06/2023 23:03:47,ESCANER