﻿TIPO_DE_ELECCIÓN:,CORPORACIÓN MUNICIPAL
26 junio 2023 00:25 (UTC -6)
ACTAS_ESPERADAS,ACTAS_CAPTURADAS,PORCENTAJE_ACTAS_CAPTURADAS,ACTAS_CONTABILIZADAS,PORCENTAJE_ACTAS_CONTABILIZADAS,ACTAS_NO_CONTABILIZADAS,LISTA_NOMINAL_ACTAS_CONTABILIZADAS,VOTOS_EMITIDOS_CONTABILIZADAS,PORCENTAJE_PARTICIPACIÓN_CIUDADANA
41,8,19.5121,8,19.5121,0,2931,2006,68.4408

MESA,DEPARTAMENTO,ID_DEPARTAMENTO,MUNICIPIO,ID_MUNICIPIO,CENTRO_DE_VOTACIÓN,PADRÓN,VAMOS,AZUL,PODEMOS,TODOS,VIVA,PPN,CAMBIO,UNE,VALOR,VÁLIDOS,NULOS,BLANCO,EMITIDOS,INVÁLIDOS,TOTAL,IMPUGNACIONES,PAPELETAS-RECIBIDAS,PAPELETAS-NO-USADAS,VALIDOS_CALCULADO,EMITIDOS_CALCULADO,TOTAL_CALCULADO,OBSERVACIONES,CONTABILIZADA,CÓDIGO_INTEGRIDAD,FECHA_HORA_PUBLICACIÓN,DIGITALIZACIÓN
11897,"Suchitepéquez",10,"San Francisco Zapotitlán",3,1601,400,,,,,,,,,,,,,,,,,,,,,,,0,,,
11898,"Suchitepéquez",10,"San Francisco Zapotitlán",3,1601,400,,,,,,,,,,,,,,,,,,,,,,,0,,,
11899,"Suchitepéquez",10,"San Francisco Zapotitlán",3,1601,400,,,,,,,,,,,,,,,,,,,,,,,0,,,
11900,"Suchitepéquez",10,"San Francisco Zapotitlán",3,1601,400,,,,,,,,,,,,,,,,,,,,,,,0,,,
11901,"Suchitepéquez",10,"San Francisco Zapotitlán",3,1601,400,115,1,21,20,4,116,4,2,3,286,19,4,309,0,309,--,400,91,286,309,309,Algún campo sin dato,1,03768cd1e54ad61be5ccc9f8ce1c0679c9f083e79ac358e28f3f7142da21aa1c,25/06/2023 23:01:10,ESCANER
11902,"Suchitepéquez",10,"San Francisco Zapotitlán",3,1601,400,,,,,,,,,,,,,,,,,,,,,,,0,,,
11903,"Suchitepéquez",10,"San Francisco Zapotitlán",3,1601,400,,,,,,,,,,,,,,,,,,,,,,,0,,,
11904,"Suchitepéquez",10,"San Francisco Zapotitlán",3,1601,400,,,,,,,,,,,,,,,,,,,,,,,0,,,
11905,"Suchitepéquez",10,"San Francisco Zapotitlán",3,1601,400,,,,,,,,,,,,,,,,,,,,,,,0,,,
11906,"Suchitepéquez",10,"San Francisco Zapotitlán",3,1602,400,,,,,,,,,,,,,,,,,,,,,,,0,,,
11907,"Suchitepéquez",10,"San Francisco Zapotitlán",3,1602,400,,,,,,,,,,,,,,,,,,,,,,,0,,,
11908,"Suchitepéquez",10,"San Francisco Zapotitlán",3,1602,400,,,,,,,,,,,,,,,,,,,,,,,0,,,
11909,"Suchitepéquez",10,"San Francisco Zapotitlán",3,1602,400,,,,,,,,,,,,,,,,,,,,,,,0,,,
11910,"Suchitepéquez",10,"San Francisco Zapotitlán",3,1602,400,,,,,,,,,,,,,,,,,,,,,,,0,,,
11911,"Suchitepéquez",10,"San Francisco Zapotitlán",3,1602,269,68,1,16,10,2,81,2,2,3,185,6,0,191,0,191,--,270,79,185,191,191,Algún campo sin dato,1,e6780fe2a6b1d03038bbea68fef1d91a0746830058e5981b6357c1ff69597a79,25/06/2023 23:36:23,ESCANER
11912,"Suchitepéquez",10,"San Francisco Zapotitlán",3,1602,268,,,,,,,,,,,,,,,,,,,,,,,0,,,
11913,"Suchitepéquez",10,"San Francisco Zapotitlán",3,1603,400,,,,,,,,,,,,,,,,,,,,,,,0,,,
11914,"Suchitepéquez",10,"San Francisco Zapotitlán",3,1603,400,,,,,,,,,,,,,,,,,,,,,,,0,,,
11915,"Suchitepéquez",10,"San Francisco Zapotitlán",3,1603,400,,,,,,,,,,,,,,,,,,,,,,,0,,,
11916,"Suchitepéquez",10,"San Francisco Zapotitlán",3,1603,400,,,,,,,,,,,,,,,,,,,,,,,0,,,
11917,"Suchitepéquez",10,"San Francisco Zapotitlán",3,1604,400,,,,,,,,,,,,,,,,,,,,,,,0,,,
11918,"Suchitepéquez",10,"San Francisco Zapotitlán",3,1604,400,,,,,,,,,,,,,,,,,,,,,,,0,,,
11919,"Suchitepéquez",10,"San Francisco Zapotitlán",3,1604,400,108,6,23,13,2,121,1,8,5,287,10,1,298,0,298,--,400,102,287,298,298,Algún campo sin dato,1,5d6652a71f51052218fc30651078a79b6cdb47aa82ec5853b8e891ab5b6e9554,25/06/2023 23:26:50,ESCANER
11920,"Suchitepéquez",10,"San Francisco Zapotitlán",3,1604,400,93,5,28,11,2,163,1,4,0,307,1,0,308,0,308,--,397,89,307,308,308,Algún campo sin dato,1,9cd8f2953ded0944e02c02bafd4200082f43e1110de0b7c5f6efc63664a9cbfd,26/06/2023 00:03:01,ESCANER
11921,"Suchitepéquez",10,"San Francisco Zapotitlán",3,1604,322,,,,,,,,,,,,,,,,,,,,,,,0,,,
11922,"Suchitepéquez",10,"San Francisco Zapotitlán",3,1604,322,73,0,28,8,2,106,3,1,2,223,4,0,227,0,227,--,322,95,223,227,227,Algún campo sin dato,1,850f0a211b15811e78ff88dfb0f3b1c932f95d27a1e20d5e4fdf917ef57cc977,25/06/2023 23:38:04,ESCANER
11923,"Suchitepéquez",10,"San Francisco Zapotitlán",3,1605,400,,,,,,,,,,,,,,,,,,,,,,,0,,,
11924,"Suchitepéquez",10,"San Francisco Zapotitlán",3,1605,400,,,,,,,,,,,,,,,,,,,,,,,0,,,
11925,"Suchitepéquez",10,"San Francisco Zapotitlán",3,1605,400,,,,,,,,,,,,,,,,,,,,,,,0,,,
11926,"Suchitepéquez",10,"San Francisco Zapotitlán",3,1605,400,,,,,,,,,,,,,,,,,,,,,,,0,,,
11927,"Suchitepéquez",10,"San Francisco Zapotitlán",3,1605,400,,,,,,,,,,,,,,,,,,,,,,,0,,,
11928,"Suchitepéquez",10,"San Francisco Zapotitlán",3,1605,400,,,,,,,,,,,,,,,,,,,,,,,0,,,
11929,"Suchitepéquez",10,"San Francisco Zapotitlán",3,1605,400,,,,,,,,,,,,,,,,,,,,,,,0,,,
11930,"Suchitepéquez",10,"San Francisco Zapotitlán",3,1605,400,,,,,,,,,,,,,,,,,,,,,,,0,,,
11931,"Suchitepéquez",10,"San Francisco Zapotitlán",3,1606,400,91,2,21,10,1,158,0,2,2,287,11,1,299,0,299,--,400,101,287,299,299,Algún campo sin dato,1,dd7b579083c97f471489bcdaa9c5892c027077efff2136044b61b4ce986f9482,25/06/2023 23:48:46,ESCANER
11932,"Suchitepéquez",10,"San Francisco Zapotitlán",3,1606,400,,,,,,,,,,,,,,,,,,,,,,,0,,,
11933,"Suchitepéquez",10,"San Francisco Zapotitlán",3,1606,400,72,1,25,6,1,180,0,0,2,287,3,0,290,0,290,--,400,110,287,290,290,Algún campo sin dato,1,d7c5255bfd7922904bd116fd090af19bc9cb5cf03afe095156136ed9a1a1bc55,26/06/2023 00:24:35,ESCANER
11934,"Suchitepéquez",10,"San Francisco Zapotitlán",3,1606,392,,,,,,,,,,,,,,,,,,,,,,,0,,,
11935,"Suchitepéquez",10,"San Francisco Zapotitlán",3,1606,391,,,,,,,,,,,,,,,,,,,,,,,0,,,
11936,"Suchitepéquez",10,"San Francisco Zapotitlán",3,1607,340,,,,,,,,,,,,,,,,,,,,,,,0,,,
11937,"Suchitepéquez",10,"San Francisco Zapotitlán",3,1607,340,33,0,8,7,1,27,1,1,2,80,3,1,84,0,84,--,340,256,80,84,84,Algún campo sin dato,1,b7ac548089d273a5f8cfd11020c71a9ff5a56a79656c8a08b9f6902827f3fb26,26/06/2023 00:02:15,ESCANER