﻿TIPO_DE_ELECCIÓN:,CORPORACIÓN MUNICIPAL
26 junio 2023 00:25 (UTC -6)
ACTAS_ESPERADAS,ACTAS_CAPTURADAS,PORCENTAJE_ACTAS_CAPTURADAS,ACTAS_CONTABILIZADAS,PORCENTAJE_ACTAS_CONTABILIZADAS,ACTAS_NO_CONTABILIZADAS,LISTA_NOMINAL_ACTAS_CONTABILIZADAS,VOTOS_EMITIDOS_CONTABILIZADAS,PORCENTAJE_PARTICIPACIÓN_CIUDADANA
24,3,12.5000,3,12.5000,0,986,530,53.7525

MESA,DEPARTAMENTO,ID_DEPARTAMENTO,MUNICIPIO,ID_MUNICIPIO,CENTRO_DE_VOTACIÓN,PADRÓN,UNE,VAMOS,CABAL,ELEFANTE,VICTORIA,VIVA,VALOR UNIONISTA,VÁLIDOS,NULOS,BLANCO,EMITIDOS,INVÁLIDOS,TOTAL,IMPUGNACIONES,PAPELETAS-RECIBIDAS,PAPELETAS-NO-USADAS,VALIDOS_CALCULADO,EMITIDOS_CALCULADO,TOTAL_CALCULADO,OBSERVACIONES,CONTABILIZADA,CÓDIGO_INTEGRIDAD,FECHA_HORA_PUBLICACIÓN,DIGITALIZACIÓN
22984,"Chiquimula",20,"San Jacinto",10,3609,400,,,,,,,,,,,,,,,,,,,,,0,,,
22985,"Chiquimula",20,"San Jacinto",10,3609,400,,,,,,,,,,,,,,,,,,,,,0,,,
22986,"Chiquimula",20,"San Jacinto",10,3609,400,,,,,,,,,,,,,,,,,,,,,0,,,
22987,"Chiquimula",20,"San Jacinto",10,3609,400,,,,,,,,,,,,,,,,,,,,,0,,,
22988,"Chiquimula",20,"San Jacinto",10,3609,400,,,,,,,,,,,,,,,,,,,,,0,,,
22989,"Chiquimula",20,"San Jacinto",10,3609,400,,,,,,,,,,,,,,,,,,,,,0,,,
22990,"Chiquimula",20,"San Jacinto",10,3609,400,,,,,,,,,,,,,,,,,,,,,0,,,
22991,"Chiquimula",20,"San Jacinto",10,3609,400,,,,,,,,,,,,,,,,,,,,,0,,,
22992,"Chiquimula",20,"San Jacinto",10,3610,400,,,,,,,,,,,,,,,,,,,,,0,,,
22993,"Chiquimula",20,"San Jacinto",10,3610,400,,,,,,,,,,,,,,,,,,,,,0,,,
22994,"Chiquimula",20,"San Jacinto",10,3610,400,,,,,,,,,,,,,,,,,,,,,0,,,
22995,"Chiquimula",20,"San Jacinto",10,3610,400,,,,,,,,,,,,,,,,,,,,,0,,,
22996,"Chiquimula",20,"San Jacinto",10,3611,400,,,,,,,,,,,,,,,,,,,,,0,,,
22997,"Chiquimula",20,"San Jacinto",10,3611,400,,,,,,,,,,,,,,,,,,,,,0,,,
22998,"Chiquimula",20,"San Jacinto",10,3611,400,,,,,,,,,,,,,,,,,,,,,0,,,
22999,"Chiquimula",20,"San Jacinto",10,3611,400,,,,,,,,,,,,,,,,,,,,,0,,,
23000,"Chiquimula",20,"San Jacinto",10,3612,400,,,,,,,,,,,,,,,,,,,,,0,,,
23001,"Chiquimula",20,"San Jacinto",10,3612,400,93,133,4,3,0,1,5,239,4,2,245,0,245,--,400,155,239,245,245,Algún campo sin dato,1,4f684229d7205dcc450511f4af4131584903e231a8679a97b3a573f636068b29,26/06/2023 00:00:40,ESCANER
23002,"Chiquimula",20,"San Jacinto",10,3612,400,,,,,,,,,,,,,,,,,,,,,0,,,
23003,"Chiquimula",20,"San Jacinto",10,3612,400,,,,,,,,,,,,,,,,,,,,,0,,,
23004,"Chiquimula",20,"San Jacinto",10,3613,400,106,135,0,2,0,1,7,251,5,1,257,1,258,--,400,142,251,257,258,Algún campo sin dato,1,992abf23aca91aadf51156179f7434a79484ec5ee44c214a6009e86547d85b78,26/06/2023 00:20:28,ESCANER
23005,"Chiquimula",20,"San Jacinto",10,3613,381,,,,,,,,,,,,,,,,,,,,,0,,,
23006,"Chiquimula",20,"San Jacinto",10,3613,381,,,,,,,,,,,,,,,,,,,,,0,,,
23007,"Chiquimula",20,"San Jacinto",10,3614,186,11,14,0,0,0,1,1,27,1,0,28,0,28,--,186,158,27,28,28,Algún campo sin dato,1,b279d6807d3fb090016ea967808bd66051655faed32e5f2b7fa1b4aa0ef30cdb,25/06/2023 21:54:55,ESCANER