﻿TIPO_DE_ELECCIÓN:,CORPORACIÓN MUNICIPAL
26 junio 2023 00:25 (UTC -6)
ACTAS_ESPERADAS,ACTAS_CAPTURADAS,PORCENTAJE_ACTAS_CAPTURADAS,ACTAS_CONTABILIZADAS,PORCENTAJE_ACTAS_CONTABILIZADAS,ACTAS_NO_CONTABILIZADAS,LISTA_NOMINAL_ACTAS_CONTABILIZADAS,VOTOS_EMITIDOS_CONTABILIZADAS,PORCENTAJE_PARTICIPACIÓN_CIUDADANA
67,49,73.1343,49,73.1343,0,17602,7470,42.4383

MESA,DEPARTAMENTO,ID_DEPARTAMENTO,MUNICIPIO,ID_MUNICIPIO,CENTRO_DE_VOTACIÓN,PADRÓN,VAMOS,TODOS,ELEFANTE,UNE,BIEN,PHG,CAMBIO,VÁLIDOS,NULOS,BLANCO,EMITIDOS,INVÁLIDOS,TOTAL,IMPUGNACIONES,PAPELETAS-RECIBIDAS,PAPELETAS-NO-USADAS,VALIDOS_CALCULADO,EMITIDOS_CALCULADO,TOTAL_CALCULADO,OBSERVACIONES,CONTABILIZADA,CÓDIGO_INTEGRIDAD,FECHA_HORA_PUBLICACIÓN,DIGITALIZACIÓN
15615,"Huehuetenango",13,"La Libertad",11,2277,400,,,,,,,,,,,,,,,,,,,,,0,,,
15616,"Huehuetenango",13,"La Libertad",11,2277,400,58,59,2,50,7,3,0,179,26,8,213,0,213,--,400,187,179,213,213,Algún campo sin dato,1,cf10e6768b1985b4e72e2462573beea4224f4ab1c6e12c48d8b6091cf49e64c0,25/06/2023 22:47:33,ESCANER
15617,"Huehuetenango",13,"La Libertad",11,2277,400,108,62,5,43,3,3,0,224,22,6,252,0,252,--,400,148,224,252,252,Algún campo sin dato,1,ff4675987d6042f6fac714edbb7e5b4e4adeb2fff92d1d1835242a920d083f83,25/06/2023 23:33:29,ESCANER
15618,"Huehuetenango",13,"La Libertad",11,2277,400,81,79,2,28,9,0,0,199,11,9,219,0,219,--,400,181,199,219,219,Algún campo sin dato,1,7280057d80de586a6690aa7853a0514df480ba87c02ccb7c4c3e0a969e02a2a4,25/06/2023 22:52:55,ESCANER
15619,"Huehuetenango",13,"La Libertad",11,2277,400,114,61,2,26,4,0,0,207,14,4,225,0,225,--,400,175,207,225,225,Algún campo sin dato,1,0523971bb54fbe8ad019e67abd553be4c03e983a13a41cc393b843cf11bf0dd1,25/06/2023 23:41:48,ESCANER
15620,"Huehuetenango",13,"La Libertad",11,2277,400,119,42,5,33,3,1,0,203,16,7,226,0,226,--,400,174,203,226,226,Algún campo sin dato,1,8390147dadf406052cc9aa0b16224670e855118a41346c8f68bed7506cb613d8,26/06/2023 00:21:41,ESCANER
15621,"Huehuetenango",13,"La Libertad",11,2277,400,,,,,,,,,,,,,,,,,,,,,0,,,
15622,"Huehuetenango",13,"La Libertad",11,2277,400,,,,,,,,,,,,,,,,,,,,,0,,,
15623,"Huehuetenango",13,"La Libertad",11,2277,400,99,80,5,38,2,0,0,224,18,5,247,0,247,--,400,153,224,247,247,Algún campo sin dato,1,f545ad8181395123271bfc9d40a3816ae9b630fb96259e09760b2e2bd7e4c8f7,26/06/2023 00:17:49,ESCANER
15624,"Huehuetenango",13,"La Libertad",11,2277,400,,,,,,,,,,,,,,,,,,,,,0,,,
15625,"Huehuetenango",13,"La Libertad",11,2277,400,,,,,,,,,,,,,,,,,,,,,0,,,
15626,"Huehuetenango",13,"La Libertad",11,2278,400,100,61,3,36,5,0,2,207,12,7,226,0,226,--,400,174,207,226,226,Algún campo sin dato,1,df552b52d1b84d806a0259bd1174112db49bd29640b16a0e05c133b9703b93db,25/06/2023 21:44:31,ESCANER
15627,"Huehuetenango",13,"La Libertad",11,2278,400,72,52,5,21,1,1,0,152,15,4,171,0,171,--,400,229,152,171,171,Algún campo sin dato,1,c4a3165fc0f0b400081ef5e75b5ca1ab41ccc667192e53ec861ee435d3af87f0,25/06/2023 21:53:12,ESCANER
15628,"Huehuetenango",13,"La Libertad",11,2278,400,69,46,3,35,1,0,0,154,7,3,164,0,164,--,400,236,154,164,164,Algún campo sin dato,1,002b0e233782fd103f01409a49619d69aaa056c82adf2792f8a23c9d063664f5,25/06/2023 23:27:01,ESCANER
15629,"Huehuetenango",13,"La Libertad",11,2278,400,51,62,0,34,3,0,0,150,12,4,166,0,166,--,400,234,150,166,166,Algún campo sin dato,1,eb61cf9534f68b44d7fceeb4284da66ba237a14ee8ab539b5b4f55e50951deea,25/06/2023 22:55:42,ESCANER
15630,"Huehuetenango",13,"La Libertad",11,2278,400,,,,,,,,,,,,,,,,,,,,,0,,,
15631,"Huehuetenango",13,"La Libertad",11,2279,400,73,39,1,26,4,1,0,144,6,3,0,0,153,--,400,247,144,153,153,Algún campo sin dato,1,cc1057e37d608714e4b244c1dabcd025c517966fe97b69ad2ca9a6fe1530e2ba,26/06/2023 00:09:35,ESCANER
15632,"Huehuetenango",13,"La Libertad",11,2279,400,76,48,3,30,2,1,0,160,5,1,166,0,166,--,400,234,160,166,166,Algún campo sin dato,1,2482e0b4c71c42474ada03c2b2dd283063156ce36ddd6c6f597d7ec888046a9c,25/06/2023 22:12:20,ESCANER
15633,"Huehuetenango",13,"La Libertad",11,2279,400,46,52,3,28,2,0,1,132,6,3,141,0,141,--,400,259,132,141,141,Algún campo sin dato,1,f1396daa0be3d30e2a11f8908d45f2fab77357279fd491bcd4e92c53283be119,25/06/2023 21:43:27,ESCANER
15634,"Huehuetenango",13,"La Libertad",11,2279,400,,,,,,,,,,,,,,,,,,,,,0,,,
15635,"Huehuetenango",13,"La Libertad",11,2280,400,60,53,1,24,2,0,0,140,6,4,150,0,150,--,400,250,140,150,150,Algún campo sin dato,1,26b121ce1d5e4ee41d30865d42f6beb34cbcecf9c64ee5c830592c8cd92da298,25/06/2023 21:56:08,ESCANER
15636,"Huehuetenango",13,"La Libertad",11,2280,223,37,25,1,12,2,0,1,78,2,1,81,0,81,--,223,142,78,81,81,Algún campo sin dato,1,b4bba380057c86a656101fa4497773ff47b4bd517154287a9a96876e9d347c1d,25/06/2023 21:20:53,ESCANER
15637,"Huehuetenango",13,"La Libertad",11,2280,223,29,26,2,3,3,0,1,64,3,1,68,0,68,--,223,155,64,68,68,Algún campo sin dato,1,57a5951912eebd70920bf74a75de26f146fef11ff5439ef5ddf4bb3e455e5cb7,25/06/2023 21:37:30,ESCANER
15638,"Huehuetenango",13,"La Libertad",11,2281,380,83,40,5,55,7,2,0,192,16,4,212,0,212,0,380,168,192,212,212,,1,86e0dbf1a4996e670650b85fe1ce317aefa354adb4e28faecf1b5986c1f4fef5,25/06/2023 23:39:16,ESCANER
15639,"Huehuetenango",13,"La Libertad",11,2281,380,97,72,2,33,2,1,0,207,14,4,225,0,225,--,380,155,207,225,225,Algún campo sin dato,1,8026ec9b300bea439b37726c8b1c36fd434cb58cce704fd6f0bddc1780c9c96d,25/06/2023 23:14:57,ESCANER
15640,"Huehuetenango",13,"La Libertad",11,2281,380,65,41,1,29,5,0,0,141,12,5,158,0,158,0,380,222,141,158,158,,1,5df055104f42f4ed477db1e6566357cb8625c4a2780e3db1c5ab059aacc1041a,25/06/2023 22:17:41,MOVIL
15641,"Huehuetenango",13,"La Libertad",11,2281,380,61,54,2,36,2,0,0,155,9,1,165,0,165,0,380,215,155,165,165,,1,9ed4b13dd9fa137672abebade443080916bde0ca3f1995e9a12551c4077016e2,25/06/2023 21:26:51,ESCANER
15642,"Huehuetenango",13,"La Libertad",11,2281,194,24,21,1,15,0,0,0,61,2,0,63,0,63,0,194,131,61,63,63,,1,24038a7e5cb836a7238986c119add1056867c9295c86515c83b1d0d132ae1cac,25/06/2023 20:30:43,ESCANER
15643,"Huehuetenango",13,"La Libertad",11,2281,193,32,18,2,11,3,0,0,66,3,0,69,0,69,0,193,124,66,69,69,,1,0bd1208be5d37993ad627d8bea5b2837b63e2669585826998cd363d92facf379,25/06/2023 21:23:42,ESCANER
15644,"Huehuetenango",13,"La Libertad",11,2282,380,,,,,,,,,,,,,,,,,,,,,0,,,
15645,"Huehuetenango",13,"La Libertad",11,2282,380,,,,,,,,,,,,,,,,,,,,,0,,,
15646,"Huehuetenango",13,"La Libertad",11,2282,380,,,,,,,,,,,,,,,,,,,,,0,,,
15647,"Huehuetenango",13,"La Libertad",11,2282,380,,,,,,,,,,,,,,,,,,,,,0,,,
15648,"Huehuetenango",13,"La Libertad",11,2282,380,72,57,0,12,3,0,0,144,11,3,158,0,158,--,379,221,144,158,158,Algún campo sin dato,1,ea7b2371dc0523f69ba3d69e9a1c6b9ce107b487e2ecb4703b419b63140e86bd,26/06/2023 00:13:02,ESCANER
15649,"Huehuetenango",13,"La Libertad",11,2282,380,66,36,2,17,2,0,0,123,11,2,136,0,136,--,380,244,123,136,136,Algún campo sin dato,1,1cbb5152932066086e4eb0db02f9743812961ae6becb4deac1c3cf2eb042ddf3,25/06/2023 23:42:34,ESCANER
15650,"Huehuetenango",13,"La Libertad",11,2283,380,69,51,0,13,1,0,0,134,1,0,135,0,135,--,380,245,134,135,135,Algún campo sin dato,1,a091bcbb5ea33e7b67ad6c5845864c26da10ac1465163969aedd584a1f54d751,25/06/2023 21:31:45,MOVIL
15651,"Huehuetenango",13,"La Libertad",11,2283,265,61,24,0,5,1,0,0,91,0,3,94,0,94,--,261,167,91,94,94,Algún campo sin dato,1,f968aaea5584b40d011715fbcc9a0623903ee541859e927906dcc67776da8cb3,25/06/2023 22:16:06,ESCANER
15652,"Huehuetenango",13,"La Libertad",11,2283,264,55,24,1,6,1,0,0,87,1,5,93,0,93,--,260,167,87,93,93,Algún campo sin dato,1,55d6706357e0ea5b0faaac5a2475da51bebb8d9949625668ef70742080bbcd93,25/06/2023 22:01:25,ESCANER
15653,"Huehuetenango",13,"La Libertad",11,2284,380,85,46,2,19,5,0,2,159,21,13,193,0,193,--,380,187,159,193,193,Algún campo sin dato,1,0ae0292fb621698c87417237ab29152c35bd36b7aba42ae361cecde495e94e59,26/06/2023 00:03:44,ESCANER
15654,"Huehuetenango",13,"La Libertad",11,2284,380,,,,,,,,,,,,,,,,,,,,,0,,,
15655,"Huehuetenango",13,"La Libertad",11,2284,380,,,,,,,,,,,,,,,,,,,,,0,,,
15656,"Huehuetenango",13,"La Libertad",11,2284,380,114,35,1,13,4,0,0,167,20,4,191,0,191,--,380,189,167,191,191,Algún campo sin dato,1,1710d355068070c276949aa5a79bdc98c46ca55daa775bfa17c5fb1a62241356,25/06/2023 22:46:22,ESCANER
15657,"Huehuetenango",13,"La Libertad",11,2285,380,78,23,1,25,7,0,1,135,23,10,168,0,168,--,379,211,135,168,168,Algún campo sin dato,1,1024505afb6f8990d701afec3125447b257a8b006ba5c6c6b86cc7b8d6fed7ff,25/06/2023 23:33:00,ESCANER
15658,"Huehuetenango",13,"La Libertad",11,2285,380,71,26,4,11,8,0,0,120,16,6,142,0,142,--,380,239,120,142,142,Algún campo sin dato,1,515c8ca6646954160c00fc39c2e1e273236b239cb80ce9d92db9658b5740bd4a,25/06/2023 22:52:05,ESCANER
15659,"Huehuetenango",13,"La Libertad",11,2285,380,74,25,0,15,4,1,2,121,14,7,142,0,142,--,380,238,121,142,142,Algún campo sin dato,1,0fee32a3ada7c447a45d085f6ce39f6473d2f274e922050f646a9fbefbf1a608,25/06/2023 21:52:48,ESCANER
15660,"Huehuetenango",13,"La Libertad",11,2285,314,72,19,2,12,7,0,0,112,9,1,112,0,122,--,314,192,112,122,122,Sumas Asentadas sin cuadrar,1,7c03a38f8845eb55fffe489c90e7bcfe349f6f37a43a19a3b3cd972fc7d2c597,26/06/2023 00:08:04,ESCANER
15661,"Huehuetenango",13,"La Libertad",11,2285,314,45,14,1,11,5,0,0,76,13,8,97,0,97,--,--,--,76,97,97,Algún campo sin dato,1,a3e785fb8d3455f20ada6c02370ba690628704d5d3b732bbfcdb6faf0386c6cd,25/06/2023 22:45:35,ESCANER
15662,"Huehuetenango",13,"La Libertad",11,2286,380,,,,,,,,,,,,,,,,,,,,,0,,,
15663,"Huehuetenango",13,"La Libertad",11,2286,380,,,,,,,,,,,,,,,,,,,,,0,,,
15664,"Huehuetenango",13,"La Libertad",11,2286,378,85,14,0,38,3,0,0,140,11,7,158,0,158,--,378,220,140,158,158,Algún campo sin dato,1,fe966f8024980008918c48b0c5a552a9299e66c924c9cb66e6b83bfddb0f05d1,26/06/2023 00:18:46,MOVIL
15665,"Huehuetenango",13,"La Libertad",11,2286,377,114,14,0,32,4,0,0,164,4,4,172,0,172,--,380,208,164,172,172,Algún campo sin dato,1,da173d7232cd09ced520cfc3fd1552d9c382dc4859e8e24cbb04365e3181bd38,25/06/2023 23:36:42,MOVIL
15666,"Huehuetenango",13,"La Libertad",11,2287,380,92,31,0,17,2,0,0,142,17,4,163,0,163,--,379,216,142,163,163,Algún campo sin dato,1,25f76247401b4ab44c743b85c5f36010f94554b460da4b24b0c72468a3a5c9d8,25/06/2023 21:42:20,ESCANER
15667,"Huehuetenango",13,"La Libertad",11,2287,380,,,,,,,,,,,,,,,,,,,,,0,,,
15668,"Huehuetenango",13,"La Libertad",11,2287,380,,,,,,,,,,,,,,,,,,,,,0,,,
15669,"Huehuetenango",13,"La Libertad",11,2287,380,87,20,2,17,4,1,0,131,24,14,169,0,169,--,380,211,131,169,169,Algún campo sin dato,1,dd96e93f1e040935df4bb24b2c08afbd7a4ce51057ebe957eaa2429efbc9dfa9,25/06/2023 23:54:42,ESCANER
15670,"Huehuetenango",13,"La Libertad",11,2287,380,85,22,2,23,3,0,0,135,12,3,150,3,153,--,380,224,135,150,153,Algún campo sin dato,1,18b376ab1b862fd2e73eecc7c1db062f995e5b9fc0b11fe0bdcf796121a82e71,25/06/2023 22:57:23,ESCANER
15671,"Huehuetenango",13,"La Libertad",11,2287,226,42,21,0,10,1,0,0,74,2,4,80,0,80,--,220,140,74,80,80,Algún campo sin dato,1,614ff95d99355bfc6d08c3727e4b21933b9a531571baf3a8c10c3335f7b58d73,25/06/2023 22:12:01,ESCANER
15672,"Huehuetenango",13,"La Libertad",11,2287,225,52,15,0,6,3,0,0,76,7,4,87,0,87,--,225,138,76,87,87,Algún campo sin dato,1,5b51d53a2bf16db2557396575cf8de62c4a75fa6d9abbeed4969ebaaa00ceba9,25/06/2023 20:50:38,ESCANER
15673,"Huehuetenango",13,"La Libertad",11,2288,380,,,,,,,,,,,,,,,,,,,,,0,,,
15674,"Huehuetenango",13,"La Libertad",11,2288,380,142,28,1,28,2,2,0,203,19,7,229,0,229,--,380,151,203,229,229,Algún campo sin dato,1,e352ba99239a6ef06f1d78894423fbab175ac3379fda43c1f0ca361e6cdc5fdb,25/06/2023 23:55:47,MOVIL
15675,"Huehuetenango",13,"La Libertad",11,2288,276,77,18,2,21,1,1,0,120,6,4,130,0,130,--,273,143,120,130,130,Algún campo sin dato,1,f79b25c91c05caa6b495dba3c32f877cb4b88a7acfe7e838bdcb402d58cb4dea,25/06/2023 22:53:46,MOVIL
15676,"Huehuetenango",13,"La Libertad",11,2288,276,88,13,0,21,3,0,0,125,4,0,129,2,131,--,276,145,125,129,131,Algún campo sin dato,1,2460c9f4f4dd74befffc5feaf96d931edadf38bcb043bf35a16ce348d00440b6,25/06/2023 23:12:42,MOVIL
15677,"Huehuetenango",13,"La Libertad",11,2289,380,106,19,0,18,1,1,0,145,31,6,182,0,182,--,380,198,145,182,182,Algún campo sin dato,1,bb18afcb718fb69176c371bae19f11cad9f4e4e6cd68c309a731caa6e0f5c473,25/06/2023 21:48:06,ESCANER
15678,"Huehuetenango",13,"La Libertad",11,2289,349,70,35,0,31,2,1,0,139,13,8,160,0,160,--,349,189,139,160,160,Algún campo sin dato,1,394fa9d9bdb61de4d033d044fab464e58b4f68965cc206aba320db3c43b99920,25/06/2023 22:07:01,ESCANER
15679,"Huehuetenango",13,"La Libertad",11,2289,349,70,17,0,26,1,2,1,117,5,3,125,0,125,--,345,220,117,125,125,Algún campo sin dato,1,2e49ffc93889ca3df69f9f2c58d78561cb2f8dc300b504b5fee96a81842d79f8,25/06/2023 21:14:36,ESCANER
15680,"Huehuetenango",13,"La Libertad",11,2290,548,27,22,1,4,2,0,1,57,3,3,63,0,63,--,545,482,57,63,63,Algún campo sin dato,1,b385614e29d2145f828454868d25662e6ff0807bb77a13e1a4d8d17ac8e25e98,25/06/2023 21:37:25,ESCANER
15681,"Huehuetenango",13,"La Libertad",11,2290,548,21,9,1,7,2,0,0,40,1,1,42,0,42,--,548,506,40,42,42,Algún campo sin dato,1,773fd8141f66ebe9cdb33fdcc533f0028b8beb2c7ea22a4a16b1c9a04ddcd1a0,25/06/2023 20:29:05,ESCANER