﻿TIPO_DE_ELECCIÓN:,CORPORACIÓN MUNICIPAL
26 junio 2023 00:25 (UTC -6)
ACTAS_ESPERADAS,ACTAS_CAPTURADAS,PORCENTAJE_ACTAS_CAPTURADAS,ACTAS_CONTABILIZADAS,PORCENTAJE_ACTAS_CONTABILIZADAS,ACTAS_NO_CONTABILIZADAS,LISTA_NOMINAL_ACTAS_CONTABILIZADAS,VOTOS_EMITIDOS_CONTABILIZADAS,PORCENTAJE_PARTICIPACIÓN_CIUDADANA
35,4,11.4285,4,11.4285,0,1600,1114,69.6250

MESA,DEPARTAMENTO,ID_DEPARTAMENTO,MUNICIPIO,ID_MUNICIPIO,CENTRO_DE_VOTACIÓN,PADRÓN,CAMBIO,UNE,VICTORIA,VIVA,AZUL,VAMOS,MLP,TODOS,CABAL,MI FAMILIA,VALOR UNIONISTA,VÁLIDOS,NULOS,BLANCO,EMITIDOS,INVÁLIDOS,TOTAL,IMPUGNACIONES,PAPELETAS-RECIBIDAS,PAPELETAS-NO-USADAS,VALIDOS_CALCULADO,EMITIDOS_CALCULADO,TOTAL_CALCULADO,OBSERVACIONES,CONTABILIZADA,CÓDIGO_INTEGRIDAD,FECHA_HORA_PUBLICACIÓN,DIGITALIZACIÓN
22155,"Zacapa",19,"Teculután",5,3438,400,6,30,21,3,11,30,0,117,17,2,34,271,15,4,290,0,290,0,400,110,271,290,290,,1,c590052d14f5dfcc3e7f2ae7468b1989e715922745a528fe32f46e9655ba10fd,26/06/2023 00:06:59,ESCANER
22156,"Zacapa",19,"Teculután",5,3438,400,,,,,,,,,,,,,,,,,,,,,,,,,0,,,
22157,"Zacapa",19,"Teculután",5,3438,400,,,,,,,,,,,,,,,,,,,,,,,,,0,,,
22158,"Zacapa",19,"Teculután",5,3438,400,,,,,,,,,,,,,,,,,,,,,,,,,0,,,
22159,"Zacapa",19,"Teculután",5,3438,400,4,38,13,12,9,19,1,138,7,4,28,273,8,2,283,0,283,0,400,117,273,283,283,,1,c33ae4bcdf05bba121abd3f912fc56911fb630729e2fa0c8e1f8aff52b200970,26/06/2023 00:24:37,ESCANER
22160,"Zacapa",19,"Teculután",5,3438,400,5,19,18,16,13,23,4,140,9,2,31,280,12,0,292,0,292,0,400,108,280,292,292,,1,95e58a5adcc9d057a4f67dd74ab9b819fe1aab84641ce5119a6fb941aee87bdc,26/06/2023 00:00:44,ESCANER
22161,"Zacapa",19,"Teculután",5,3438,400,,,,,,,,,,,,,,,,,,,,,,,,,0,,,
22162,"Zacapa",19,"Teculután",5,3438,400,,,,,,,,,,,,,,,,,,,,,,,,,0,,,
22163,"Zacapa",19,"Teculután",5,3438,400,,,,,,,,,,,,,,,,,,,,,,,,,0,,,
22164,"Zacapa",19,"Teculután",5,3439,400,,,,,,,,,,,,,,,,,,,,,,,,,0,,,
22165,"Zacapa",19,"Teculután",5,3439,400,,,,,,,,,,,,,,,,,,,,,,,,,0,,,
22166,"Zacapa",19,"Teculután",5,3439,400,6,19,23,11,10,21,2,107,5,2,38,244,5,0,249,0,249,0,400,151,244,249,249,,1,9b64020f11c3ec9b6d687ffdac409bb81eff429bab386900de404b62521bbf72,25/06/2023 23:37:26,ESCANER
22167,"Zacapa",19,"Teculután",5,3440,400,,,,,,,,,,,,,,,,,,,,,,,,,0,,,
22168,"Zacapa",19,"Teculután",5,3440,241,,,,,,,,,,,,,,,,,,,,,,,,,0,,,
22169,"Zacapa",19,"Teculután",5,3440,241,,,,,,,,,,,,,,,,,,,,,,,,,0,,,
22170,"Zacapa",19,"Teculután",5,3441,400,,,,,,,,,,,,,,,,,,,,,,,,,0,,,
22171,"Zacapa",19,"Teculután",5,3441,400,,,,,,,,,,,,,,,,,,,,,,,,,0,,,
22172,"Zacapa",19,"Teculután",5,3441,400,,,,,,,,,,,,,,,,,,,,,,,,,0,,,
22173,"Zacapa",19,"Teculután",5,3441,339,,,,,,,,,,,,,,,,,,,,,,,,,0,,,
22174,"Zacapa",19,"Teculután",5,3441,338,,,,,,,,,,,,,,,,,,,,,,,,,0,,,
22175,"Zacapa",19,"Teculután",5,3442,380,,,,,,,,,,,,,,,,,,,,,,,,,0,,,
22176,"Zacapa",19,"Teculután",5,3442,338,,,,,,,,,,,,,,,,,,,,,,,,,0,,,
22177,"Zacapa",19,"Teculután",5,3442,338,,,,,,,,,,,,,,,,,,,,,,,,,0,,,
22178,"Zacapa",19,"Teculután",5,3443,380,,,,,,,,,,,,,,,,,,,,,,,,,0,,,
22179,"Zacapa",19,"Teculután",5,3443,380,,,,,,,,,,,,,,,,,,,,,,,,,0,,,
22180,"Zacapa",19,"Teculután",5,3443,287,,,,,,,,,,,,,,,,,,,,,,,,,0,,,
22181,"Zacapa",19,"Teculután",5,3443,286,,,,,,,,,,,,,,,,,,,,,,,,,0,,,
22182,"Zacapa",19,"Teculután",5,3444,380,,,,,,,,,,,,,,,,,,,,,,,,,0,,,
22183,"Zacapa",19,"Teculután",5,3444,380,,,,,,,,,,,,,,,,,,,,,,,,,0,,,
22184,"Zacapa",19,"Teculután",5,3444,380,,,,,,,,,,,,,,,,,,,,,,,,,0,,,
22185,"Zacapa",19,"Teculután",5,3444,380,,,,,,,,,,,,,,,,,,,,,,,,,0,,,
22186,"Zacapa",19,"Teculután",5,3444,249,,,,,,,,,,,,,,,,,,,,,,,,,0,,,
22187,"Zacapa",19,"Teculután",5,3444,249,,,,,,,,,,,,,,,,,,,,,,,,,0,,,
22188,"Zacapa",19,"Teculután",5,3445,452,,,,,,,,,,,,,,,,,,,,,,,,,0,,,
22189,"Zacapa",19,"Teculután",5,3445,451,,,,,,,,,,,,,,,,,,,,,,,,,0,,,