﻿TIPO_DE_ELECCIÓN:,CORPORACIÓN MUNICIPAL
26 junio 2023 00:25 (UTC -6)
ACTAS_ESPERADAS,ACTAS_CAPTURADAS,PORCENTAJE_ACTAS_CAPTURADAS,ACTAS_CONTABILIZADAS,PORCENTAJE_ACTAS_CONTABILIZADAS,ACTAS_NO_CONTABILIZADAS,LISTA_NOMINAL_ACTAS_CONTABILIZADAS,VOTOS_EMITIDOS_CONTABILIZADAS,PORCENTAJE_PARTICIPACIÓN_CIUDADANA
39,23,58.9743,23,58.9743,0,8434,4820,57.1496

MESA,DEPARTAMENTO,ID_DEPARTAMENTO,MUNICIPIO,ID_MUNICIPIO,CENTRO_DE_VOTACIÓN,PADRÓN,MLP,CABAL,BIEN,AZUL,VIVA,PPN,VAMOS,UNE,PODEMOS,MI FAMILIA,PHG,SEMILLA,VALOR UNIONISTA,VÁLIDOS,NULOS,BLANCO,EMITIDOS,INVÁLIDOS,TOTAL,IMPUGNACIONES,PAPELETAS-RECIBIDAS,PAPELETAS-NO-USADAS,VALIDOS_CALCULADO,EMITIDOS_CALCULADO,TOTAL_CALCULADO,OBSERVACIONES,CONTABILIZADA,CÓDIGO_INTEGRIDAD,FECHA_HORA_PUBLICACIÓN,DIGITALIZACIÓN
8833,"Santa Rosa",6,"Santa María Ixhuatán",10,1063,400,2,49,11,5,24,2,59,45,5,0,0,0,9,211,18,4,233,0,233,--,404,171,211,233,233,Algún campo sin dato,1,40b86f7b32ae06f481e469a2d541be1a5d9199990fe6c4cd02ebd8197772ec2a,26/06/2023 00:08:07,ESCANER
8834,"Santa Rosa",6,"Santa María Ixhuatán",10,1063,400,,,,,,,,,,,,,,,,,,,,,,,,,,,0,,,
8835,"Santa Rosa",6,"Santa María Ixhuatán",10,1063,400,5,58,9,4,22,2,54,61,7,2,0,1,19,244,14,5,263,0,263,--,404,141,244,263,263,Algún campo sin dato,1,a0425ebb634293a12f21216829439e000a4d4d2adfcb3d3458ccf609554faae7,25/06/2023 22:42:09,ESCANER
8836,"Santa Rosa",6,"Santa María Ixhuatán",10,1063,400,2,41,12,4,23,2,61,73,21,0,0,2,14,255,11,2,268,0,268,--,--,--,255,268,268,Algún campo sin dato,1,892513671b89716ba9d3b3bf77846afb37ccfa0b9dd6a7ea9401cb0f74acc94d,25/06/2023 23:00:07,ESCANER
8837,"Santa Rosa",6,"Santa María Ixhuatán",10,1063,400,,,,,,,,,,,,,,,,,,,,,,,,,,,0,,,
8838,"Santa Rosa",6,"Santa María Ixhuatán",10,1064,400,,,,,,,,,,,,,,,,,,,,,,,,,,,0,,,
8839,"Santa Rosa",6,"Santa María Ixhuatán",10,1064,400,,,,,,,,,,,,,,,,,,,,,,,,,,,0,,,
8840,"Santa Rosa",6,"Santa María Ixhuatán",10,1064,400,,,,,,,,,,,,,,,,,,,,,,,,,,,0,,,
8841,"Santa Rosa",6,"Santa María Ixhuatán",10,1065,400,,,,,,,,,,,,,,,,,,,,,,,,,,,0,,,
8842,"Santa Rosa",6,"Santa María Ixhuatán",10,1065,400,,,,,,,,,,,,,,,,,,,,,,,,,,,0,,,
8843,"Santa Rosa",6,"Santa María Ixhuatán",10,1065,400,2,82,9,4,48,3,45,47,10,0,0,0,9,259,6,21,286,0,286,--,404,118,259,286,286,Algún campo sin dato,1,80843182f0a4909806c88988750f4a5a623231e88f6cd7528e6fed9db5ff0f5e,25/06/2023 23:57:21,ESCANER
8844,"Santa Rosa",6,"Santa María Ixhuatán",10,1065,400,7,83,6,3,52,1,35,37,10,--,1,--,10,245,19,8,272,0,272,--,404,132,245,272,272,Algún campo sin dato,1,e55e09fea6234856173d7bcc3bdfb15a14efcfac71c002d8feac611c1f5bb0c8,25/06/2023 22:35:09,ESCANER
8845,"Santa Rosa",6,"Santa María Ixhuatán",10,1065,400,,,,,,,,,,,,,,,,,,,,,,,,,,,0,,,
8846,"Santa Rosa",6,"Santa María Ixhuatán",10,1065,400,5,75,6,2,43,6,40,64,5,1,0,0,12,259,25,6,290,0,290,0,404,114,259,290,290,,1,eabbfee82008e5d15a54432690c09392a1442cf579269cddc503ca143e6ecb2e,26/06/2023 00:00:20,ESCANER
8847,"Santa Rosa",6,"Santa María Ixhuatán",10,1065,400,4,36,6,7,45,9,53,61,6,1,0,0,7,235,26,12,273,0,273,--,407,134,235,273,273,Algún campo sin dato,1,34be476558eb2a72ed59d454a612fa3a9edbc906a94fa58126fa521ab0fbd884,25/06/2023 23:44:11,ESCANER
8848,"Santa Rosa",6,"Santa María Ixhuatán",10,1065,400,,,,,,,,,,,,,,,,,,,,,,,,,,,0,,,
8849,"Santa Rosa",6,"Santa María Ixhuatán",10,1065,400,5,116,5,0,22,1,55,53,10,1,0,0,13,281,20,3,304,0,304,--,404,100,281,304,304,Algún campo sin dato,1,a25acfc3280d0d8ca8b9d59b5c9585db47d4167ec46e196090497dc11c75a03c,25/06/2023 22:07:32,ESCANER
8850,"Santa Rosa",6,"Santa María Ixhuatán",10,1065,400,,,,,,,,,,,,,,,,,,,,,,,,,,,0,,,
8851,"Santa Rosa",6,"Santa María Ixhuatán",10,1065,400,,,,,,,,,,,,,,,,,,,,,,,,,,,0,,,
8852,"Santa Rosa",6,"Santa María Ixhuatán",10,1065,400,4,54,8,3,15,7,49,37,7,0,0,0,8,192,13,1,206,0,206,--,408,202,192,206,206,Algún campo sin dato,1,2dfe34890d08f9ba7e791c9e8bc396f2e9dcba5a831ed33e06db979c759b5af4,25/06/2023 22:31:45,ESCANER
8853,"Santa Rosa",6,"Santa María Ixhuatán",10,1065,400,3,61,2,3,26,1,57,45,2,0,1,0,11,212,5,1,218,1,219,--,404,185,212,218,219,Algún campo sin dato,1,9dc5c76d9ae7c8c72e3a970d4b9c7702172b0b64b262aa177976f0f16fd8b11e,25/06/2023 23:51:29,ESCANER
8854,"Santa Rosa",6,"Santa María Ixhuatán",10,1065,400,,,,,,,,,,,,,,,,,,,,,,,,,,,0,,,
8855,"Santa Rosa",6,"Santa María Ixhuatán",10,1065,400,2,52,5,2,20,1,42,40,8,1,0,0,13,186,9,2,197,0,197,--,404,207,186,197,197,Algún campo sin dato,1,47c84749be15911215200401e612778b6760d45d201af1efab4d01a2ee5b84e8,25/06/2023 23:06:29,ESCANER
8856,"Santa Rosa",6,"Santa María Ixhuatán",10,1065,400,1,84,3,4,25,3,31,38,8,1,0,0,8,206,5,3,214,0,214,--,401,187,206,214,214,Algún campo sin dato,1,7a946c2ba5c1a13f55d9473bf558d74645ea1e3f25a736985ad82d7cd15b0cee,26/06/2023 00:00:10,ESCANER
8857,"Santa Rosa",6,"Santa María Ixhuatán",10,1066,400,2,73,8,0,30,3,46,40,8,0,0,1,14,225,4,3,232,0,232,--,404,172,225,232,232,Algún campo sin dato,1,43fb715b78779189d1f3f2e44072b4d3a867701065528f73cb2000c6b0a26890,25/06/2023 22:48:51,ESCANER
8858,"Santa Rosa",6,"Santa María Ixhuatán",10,1066,400,2,67,9,4,20,0,55,31,14,0,0,0,13,215,3,2,220,1,221,--,406,185,215,220,221,Algún campo sin dato,1,2d5330e218e441146758940a37fd4d1e7bc81f2cb5bc35afb87b6ab717a4ea18,25/06/2023 23:13:40,ESCANER
8859,"Santa Rosa",6,"Santa María Ixhuatán",10,1066,400,,,,,,,,,,,,,,,,,,,,,,,,,,,0,,,
8860,"Santa Rosa",6,"Santa María Ixhuatán",10,1066,400,,,,,,,,,,,,,,,,,,,,,,,,,,,0,,,
8861,"Santa Rosa",6,"Santa María Ixhuatán",10,1066,400,2,76,6,2,28,0,44,32,10,1,0,1,28,230,6,0,236,0,236,--,404,168,230,236,236,Algún campo sin dato,1,9be078b69b71a445ae2f1acccf3236b485169fb5d698173d64b8272bbe6ddb20,26/06/2023 00:00:46,ESCANER
8862,"Santa Rosa",6,"Santa María Ixhuatán",10,1067,258,1,36,2,0,19,2,32,22,4,0,0,0,7,125,0,2,127,5,132,--,258,126,125,127,132,Algún campo sin dato,1,5f50b026c87bc0bb4e01239ae5924ba97981a7355d450ad138f5d0bd16bd2029,25/06/2023 22:49:41,ESCANER
8863,"Santa Rosa",6,"Santa María Ixhuatán",10,1067,258,1,32,3,1,8,2,21,23,5,1,0,1,13,111,7,0,118,0,118,1,258,140,111,118,118,,1,16a756798aeb558347e508f68f3f5d2506e2c841b320e4105eb0ed4b03999d1b,25/06/2023 22:25:13,ESCANER
8864,"Santa Rosa",6,"Santa María Ixhuatán",10,1068,400,,,,,,,,,,,,,,,,,,,,,,,,,,,0,,,
8865,"Santa Rosa",6,"Santa María Ixhuatán",10,1068,400,,,,,,,,,,,,,,,,,,,,,,,,,,,0,,,
8866,"Santa Rosa",6,"Santa María Ixhuatán",10,1068,400,2,75,3,4,5,6,58,42,2,0,0,3,32,232,26,6,264,1,265,1,404,139,232,264,265,,1,f55ea4b6f31316886bbacb4cf523b870ea295cb3e8206f7b4dbf3d8d266e6bdb,26/06/2023 00:02:34,ESCANER
8867,"Santa Rosa",6,"Santa María Ixhuatán",10,1068,400,2,60,4,5,6,1,65,24,1,2,2,1,28,201,7,6,214,0,214,--,404,190,201,214,214,Algún campo sin dato,1,94d47d5a9416130b67e56a6068fb1440e828f48f3b14eb2e1d7f64b72f9e2a11,25/06/2023 23:42:24,ESCANER
8868,"Santa Rosa",6,"Santa María Ixhuatán",10,1068,208,0,43,1,0,2,0,43,18,4,0,0,1,16,128,1,5,134,74,208,--,208,74,128,134,208,Algún campo sin dato,1,229bc7c1a996c8b9ace95cfd1ecb04ff70eaf5fd9fb705c1cfb300db4e22a553,25/06/2023 21:49:57,ESCANER
8869,"Santa Rosa",6,"Santa María Ixhuatán",10,1068,208,0,53,1,2,3,0,39,13,2,1,0,0,13,127,5,1,133,0,133,--,208,75,127,133,133,Algún campo sin dato,1,6d2f43262a579d4c6188d7d943156d62bfadc5764f66fd84553ec53a00b29701,25/06/2023 22:58:14,ESCANER
8870,"Santa Rosa",6,"Santa María Ixhuatán",10,1069,351,0,22,3,0,12,1,13,8,5,1,0,0,8,73,0,1,74,0,74,--,351,277,73,74,74,Algún campo sin dato,1,f04451969c5b7149f2425a2d7fec88d649a22c7fe272647d3cdd8f9fba9ea045,25/06/2023 22:12:41,ESCANER
8871,"Santa Rosa",6,"Santa María Ixhuatán",10,1069,351,1,7,0,1,6,0,7,11,3,0,0,0,6,42,1,1,44,0,44,--,351,307,42,44,44,Algún campo sin dato,1,2ceac98d69a1bbdd68375e6338fedfb5262a6abd59bc3dd00b425a05628bdb4e,25/06/2023 21:57:17,ESCANER