﻿TIPO_DE_ELECCIÓN:,CORPORACIÓN MUNICIPAL
26 junio 2023 00:25 (UTC -6)
ACTAS_ESPERADAS,ACTAS_CAPTURADAS,PORCENTAJE_ACTAS_CAPTURADAS,ACTAS_CONTABILIZADAS,PORCENTAJE_ACTAS_CONTABILIZADAS,ACTAS_NO_CONTABILIZADAS,LISTA_NOMINAL_ACTAS_CONTABILIZADAS,VOTOS_EMITIDOS_CONTABILIZADAS,PORCENTAJE_PARTICIPACIÓN_CIUDADANA
194,72,37.1134,72,37.1134,0,25115,11245,44.7740

MESA,DEPARTAMENTO,ID_DEPARTAMENTO,MUNICIPIO,ID_MUNICIPIO,CENTRO_DE_VOTACIÓN,PADRÓN,CABAL,VALOR,MLP,UR,TODOS,CONSOL,PHG,VICTORIA,CAMBIO,AZUL,VAMOS,UNE,CCTPFDJ,VIVA,VOS,VÁLIDOS,NULOS,BLANCO,EMITIDOS,INVÁLIDOS,TOTAL,IMPUGNACIONES,PAPELETAS-RECIBIDAS,PAPELETAS-NO-USADAS,VALIDOS_CALCULADO,EMITIDOS_CALCULADO,TOTAL_CALCULADO,OBSERVACIONES,CONTABILIZADA,CÓDIGO_INTEGRIDAD,FECHA_HORA_PUBLICACIÓN,DIGITALIZACIÓN
23565,"Jutiapa",22,"Jutiapa",1,3702,400,29,15,1,0,10,3,7,0,3,6,28,10,0,3,0,115,9,5,129,0,129,--,400,271,115,129,129,Algún campo sin dato,1,22709787652c1f5f41db9ad6d206adfda706ab142c52937512c9b0b208540908,26/06/2023 00:16:20,ESCANER
23566,"Jutiapa",22,"Jutiapa",1,3702,400,19,13,2,2,12,0,14,3,1,5,24,8,1,5,1,110,8,4,122,0,122,0,400,278,110,122,122,,1,c92db84c685c8227958c333c899e0aeca6ecb38f49611de5b7e02af4d7ec55cf,26/06/2023 00:06:54,ESCANER
23567,"Jutiapa",22,"Jutiapa",1,3702,400,,,,,,,,,,,,,,,,,,,,,,,,,,,,,0,,,
23568,"Jutiapa",22,"Jutiapa",1,3702,400,,,,,,,,,,,,,,,,,,,,,,,,,,,,,0,,,
23569,"Jutiapa",22,"Jutiapa",1,3702,400,24,10,2,1,7,1,9,0,2,5,33,9,1,6,0,110,15,3,128,0,128,--,400,272,110,128,128,Algún campo sin dato,1,349506d62cd8bd6beed5e6aefc8a519d6c6e2a99b28d4e919b5ad14f11c52817,25/06/2023 23:33:09,ESCANER
23570,"Jutiapa",22,"Jutiapa",1,3702,400,18,15,4,1,8,2,5,2,1,6,38,10,2,2,1,115,8,2,125,0,125,--,400,275,115,125,125,Algún campo sin dato,1,1e6842da3d16c5f0417949120f5eee99c3a0a30c6c8300571b8bc765a430bb94,25/06/2023 23:21:42,ESCANER
23571,"Jutiapa",22,"Jutiapa",1,3702,400,,,,,,,,,,,,,,,,,,,,,,,,,,,,,0,,,
23572,"Jutiapa",22,"Jutiapa",1,3702,400,,,,,,,,,,,,,,,,,,,,,,,,,,,,,0,,,
23573,"Jutiapa",22,"Jutiapa",1,3702,400,,,,,,,,,,,,,,,,,,,,,,,,,,,,,0,,,
23574,"Jutiapa",22,"Jutiapa",1,3702,400,25,15,0,2,6,2,7,1,3,5,38,7,0,2,0,113,11,0,124,0,124,--,400,276,113,124,124,Algún campo sin dato,1,fd3626d5487055df1d64b5c1f1838e0d082e076bec5d36a852959cd57b675939,25/06/2023 22:14:50,ESCANER
23575,"Jutiapa",22,"Jutiapa",1,3703,400,20,11,5,1,8,1,4,0,2,6,30,9,2,1,1,101,11,6,118,0,118,--,400,282,101,118,118,Algún campo sin dato,1,01be34018ce2f60bce71e7ce69aee957ca73868e62e9851f5be6cf96c3b0ca41,25/06/2023 22:35:45,ESCANER
23576,"Jutiapa",22,"Jutiapa",1,3703,400,12,6,1,3,5,2,5,0,3,8,21,8,0,2,0,76,9,1,86,0,86,--,400,314,76,86,86,Algún campo sin dato,1,6f0d8e2bafc6169851fbe2fe11ade837caadb6f6aa7c924ca1c2fff25e1cd78d,25/06/2023 23:35:15,ESCANER
23577,"Jutiapa",22,"Jutiapa",1,3703,400,12,3,2,1,2,1,3,1,1,4,9,6,0,0,1,46,3,0,49,0,49,--,400,351,46,49,49,Algún campo sin dato,1,938c57c7cf9e68997eb09bb5ce048c362919e7705c381bd3df439a91523152e6,25/06/2023 23:23:17,ESCANER
23578,"Jutiapa",22,"Jutiapa",1,3703,321,8,4,2,2,3,0,2,0,1,0,3,1,0,1,1,28,3,2,33,0,33,--,321,33,28,33,33,Algún campo sin dato,1,7b26daf20f21ee8363004132b2612686ffc13e2468b78521c7f57cd03c638125,25/06/2023 23:10:32,ESCANER
23579,"Jutiapa",22,"Jutiapa",1,3703,321,1,2,0,0,3,0,2,1,0,2,3,0,0,0,1,15,1,0,16,0,16,--,318,302,15,16,16,Algún campo sin dato,1,86ae443ad62c188997a91abcbe8e0f2b598e19ead52adc98a4161db8dd0d8b73,25/06/2023 21:43:30,ESCANER
23580,"Jutiapa",22,"Jutiapa",1,3704,400,,,,,,,,,,,,,,,,,,,,,,,,,,,,,0,,,
23581,"Jutiapa",22,"Jutiapa",1,3704,400,,,,,,,,,,,,,,,,,,,,,,,,,,,,,0,,,
23582,"Jutiapa",22,"Jutiapa",1,3704,400,,,,,,,,,,,,,,,,,,,,,,,,,,,,,0,,,
23583,"Jutiapa",22,"Jutiapa",1,3704,400,,,,,,,,,,,,,,,,,,,,,,,,,,,,,0,,,
23584,"Jutiapa",22,"Jutiapa",1,3704,400,,,,,,,,,,,,,,,,,,,,,,,,,,,,,0,,,
23585,"Jutiapa",22,"Jutiapa",1,3704,400,44,28,2,5,13,5,21,2,12,13,73,21,1,1,7,248,15,0,263,0,263,--,400,137,248,263,263,Algún campo sin dato,1,2b59602a022ab9dfe93ff763c6887ccf93a3e3eeac74e7051837214298e1d96a,25/06/2023 23:26:58,ESCANER
23586,"Jutiapa",22,"Jutiapa",1,3704,400,,,,,,,,,,,,,,,,,,,,,,,,,,,,,0,,,
23587,"Jutiapa",22,"Jutiapa",1,3704,400,,,,,,,,,,,,,,,,,,,,,,,,,,,,,0,,,
23588,"Jutiapa",22,"Jutiapa",1,3704,400,,,,,,,,,,,,,,,,,,,,,,,,,,,,,0,,,
23589,"Jutiapa",22,"Jutiapa",1,3704,400,,,,,,,,,,,,,,,,,,,,,,,,,,,,,0,,,
23590,"Jutiapa",22,"Jutiapa",1,3704,400,,,,,,,,,,,,,,,,,,,,,,,,,,,,,0,,,
23591,"Jutiapa",22,"Jutiapa",1,3704,400,,,,,,,,,,,,,,,,,,,,,,,,,,,,,0,,,
23592,"Jutiapa",22,"Jutiapa",1,3704,400,36,14,0,6,12,4,13,1,4,16,100,8,0,2,4,220,11,1,232,0,232,--,400,168,220,232,232,Algún campo sin dato,1,edc70e4c61011f4cddcb2072616159295f53f9fc4a401b262a9b27d8a8147e3e,25/06/2023 23:50:22,ESCANER
23593,"Jutiapa",22,"Jutiapa",1,3705,400,34,25,2,4,11,0,9,3,7,13,68,17,0,2,5,200,7,0,207,0,207,--,400,190,200,207,207,Algún campo sin dato,1,3353a46f782a001b81d232549cd6a2a4da3974960f56d47e8e1a2ddc8152c4db,25/06/2023 23:40:47,ESCANER
23594,"Jutiapa",22,"Jutiapa",1,3705,400,,,,,,,,,,,,,,,,,,,,,,,,,,,,,0,,,
23595,"Jutiapa",22,"Jutiapa",1,3705,327,,,,,,,,,,,,,,,,,,,,,,,,,,,,,0,,,
23596,"Jutiapa",22,"Jutiapa",1,3705,326,,,,,,,,,,,,,,,,,,,,,,,,,,,,,0,,,
23597,"Jutiapa",22,"Jutiapa",1,3706,377,,,,,,,,,,,,,,,,,,,,,,,,,,,,,0,,,
23598,"Jutiapa",22,"Jutiapa",1,3706,377,,,,,,,,,,,,,,,,,,,,,,,,,,,,,0,,,
23599,"Jutiapa",22,"Jutiapa",1,3707,400,,,,,,,,,,,,,,,,,,,,,,,,,,,,,0,,,
23600,"Jutiapa",22,"Jutiapa",1,3707,400,,,,,,,,,,,,,,,,,,,,,,,,,,,,,0,,,
23601,"Jutiapa",22,"Jutiapa",1,3707,400,,,,,,,,,,,,,,,,,,,,,,,,,,,,,0,,,
23602,"Jutiapa",22,"Jutiapa",1,3707,400,,,,,,,,,,,,,,,,,,,,,,,,,,,,,0,,,
23603,"Jutiapa",22,"Jutiapa",1,3708,400,,,,,,,,,,,,,,,,,,,,,,,,,,,,,0,,,
23604,"Jutiapa",22,"Jutiapa",1,3708,400,,,,,,,,,,,,,,,,,,,,,,,,,,,,,0,,,
23605,"Jutiapa",22,"Jutiapa",1,3708,400,,,,,,,,,,,,,,,,,,,,,,,,,,,,,0,,,
23606,"Jutiapa",22,"Jutiapa",1,3708,400,,,,,,,,,,,,,,,,,,,,,,,,,,,,,0,,,
23607,"Jutiapa",22,"Jutiapa",1,3708,400,,,,,,,,,,,,,,,,,,,,,,,,,,,,,0,,,
23608,"Jutiapa",22,"Jutiapa",1,3708,400,,,,,,,,,,,,,,,,,,,,,,,,,,,,,0,,,
23609,"Jutiapa",22,"Jutiapa",1,3709,400,,,,,,,,,,,,,,,,,,,,,,,,,,,,,0,,,
23610,"Jutiapa",22,"Jutiapa",1,3709,400,,,,,,,,,,,,,,,,,,,,,,,,,,,,,0,,,
23611,"Jutiapa",22,"Jutiapa",1,3709,400,,,,,,,,,,,,,,,,,,,,,,,,,,,,,0,,,
23612,"Jutiapa",22,"Jutiapa",1,3709,400,,,,,,,,,,,,,,,,,,,,,,,,,,,,,0,,,
23613,"Jutiapa",22,"Jutiapa",1,3709,329,44,14,3,1,9,2,13,4,4,14,59,7,3,1,7,185,7,0,192,0,192,--,329,137,185,192,192,Algún campo sin dato,1,5009395c89bcbae9763f59b6f9583cb14859da247c84a54f70b8b4806cb65163,26/06/2023 00:23:42,ESCANER
23614,"Jutiapa",22,"Jutiapa",1,3709,329,,,,,,,,,,,,,,,,,,,,,,,,,,,,,0,,,
23615,"Jutiapa",22,"Jutiapa",1,3710,400,,,,,,,,,,,,,,,,,,,,,,,,,,,,,0,,,
23616,"Jutiapa",22,"Jutiapa",1,3710,400,,,,,,,,,,,,,,,,,,,,,,,,,,,,,0,,,
23617,"Jutiapa",22,"Jutiapa",1,3710,400,,,,,,,,,,,,,,,,,,,,,,,,,,,,,0,,,
23618,"Jutiapa",22,"Jutiapa",1,3710,400,,,,,,,,,,,,,,,,,,,,,,,,,,,,,0,,,
23619,"Jutiapa",22,"Jutiapa",1,3710,400,,,,,,,,,,,,,,,,,,,,,,,,,,,,,0,,,
23620,"Jutiapa",22,"Jutiapa",1,3710,264,22,9,2,1,11,1,8,0,5,8,55,3,1,4,2,132,7,0,139,1,140,--,264,124,132,139,140,Algún campo sin dato,1,f84da41f4910c868eb8862b2dfd99550209ababe00647a448457d31a2e41bb0a,25/06/2023 23:26:44,ESCANER
23621,"Jutiapa",22,"Jutiapa",1,3710,264,,,,,,,,,,,,,,,,,,,,,,,,,,,,,0,,,
23622,"Jutiapa",22,"Jutiapa",1,3711,400,,,,,,,,,,,,,,,,,,,,,,,,,,,,,0,,,
23623,"Jutiapa",22,"Jutiapa",1,3711,400,52,25,4,2,15,2,18,2,8,7,77,9,2,3,3,229,19,5,253,0,253,--,397,144,229,253,253,Algún campo sin dato,1,ba5c1b9b2742a2d392ec40c054f94e30ea50b33726ccfc5b1b224a08c0c6d89e,26/06/2023 00:19:34,ESCANER
23624,"Jutiapa",22,"Jutiapa",1,3711,400,,,,,,,,,,,,,,,,,,,,,,,,,,,,,0,,,
23625,"Jutiapa",22,"Jutiapa",1,3711,400,,,,,,,,,,,,,,,,,,,,,,,,,,,,,0,,,
23626,"Jutiapa",22,"Jutiapa",1,3711,343,,,,,,,,,,,,,,,,,,,,,,,,,,,,,0,,,
23627,"Jutiapa",22,"Jutiapa",1,3711,343,37,16,1,0,14,1,12,1,2,8,60,3,1,3,5,164,6,0,170,0,170,0,347,177,164,170,170,,1,9ff0e3010140ac0bd259240e607a8de4356542dc0c977ca4d5451097e8487731,26/06/2023 00:24:58,ESCANER
23628,"Jutiapa",22,"Jutiapa",1,3712,380,,,,,,,,,,,,,,,,,,,,,,,,,,,,,0,,,
23629,"Jutiapa",22,"Jutiapa",1,3712,380,30,44,3,2,38,2,18,0,2,2,39,15,0,2,2,199,21,5,225,0,225,--,380,155,199,225,225,Algún campo sin dato,1,5c9d9410cc1922bd284321e0ce687a463c27267b8b17c823856dae8076953a30,25/06/2023 23:17:54,ESCANER
23630,"Jutiapa",22,"Jutiapa",1,3712,380,,,,,,,,,,,,,,,,,,,,,,,,,,,,,0,,,
23631,"Jutiapa",22,"Jutiapa",1,3712,380,,,,,,,,,,,,,,,,,,,,,,,,,,,,,0,,,
23632,"Jutiapa",22,"Jutiapa",1,3712,380,,,,,,,,,,,,,,,,,,,,,,,,,,,,,0,,,
23633,"Jutiapa",22,"Jutiapa",1,3712,380,,,,,,,,,,,,,,,,,,,,,,,,,,,,,0,,,
23634,"Jutiapa",22,"Jutiapa",1,3712,380,,,,,,,,,,,,,,,,,,,,,,,,,,,,,0,,,
23635,"Jutiapa",22,"Jutiapa",1,3712,380,19,32,1,0,40,1,12,2,2,3,22,16,1,0,0,151,12,1,164,7,171,--,380,209,151,164,171,Algún campo sin dato,1,4ea0ed0f8351ce52bb2dbe43aafc89765658342484398c1f76ac1fe392a60356,26/06/2023 00:16:19,ESCANER
23636,"Jutiapa",22,"Jutiapa",1,3712,380,,,,,,,,,,,,,,,,,,,,,,,,,,,,,0,,,
23637,"Jutiapa",22,"Jutiapa",1,3712,380,,,,,,,,,,,,,,,,,,,,,,,,,,,,,0,,,
23638,"Jutiapa",22,"Jutiapa",1,3712,380,,,,,,,,,,,,,,,,,,,,,,,,,,,,,0,,,
23639,"Jutiapa",22,"Jutiapa",1,3712,380,19,35,0,0,33,0,22,0,3,2,26,29,0,5,1,175,21,5,201,0,201,--,380,179,175,201,201,Algún campo sin dato,1,027d7ffb94687ce6e07dd18c26e309849e9c15350387774fb3b16739dd0bd912,26/06/2023 00:05:36,ESCANER
23640,"Jutiapa",22,"Jutiapa",1,3712,380,22,37,3,2,38,0,18,1,0,6,28,11,0,2,2,170,16,4,190,0,190,--,374,184,170,190,190,Algún campo sin dato,1,69cae5674a871120ddfcdbd73d2c23f7c8252bc6aa41d3357af553497a89d24c,26/06/2023 00:11:05,ESCANER
23641,"Jutiapa",22,"Jutiapa",1,3712,380,,,,,,,,,,,,,,,,,,,,,,,,,,,,,0,,,
23642,"Jutiapa",22,"Jutiapa",1,3712,380,,,,,,,,,,,,,,,,,,,,,,,,,,,,,0,,,
23643,"Jutiapa",22,"Jutiapa",1,3712,281,13,18,1,2,28,0,18,0,3,3,26,5,0,1,1,119,1,0,120,0,120,--,--,--,119,120,120,Algún campo sin dato,1,6705d121c6db546bf44518342e22010d20de07bfe239fde48229ee4e0c3b48f8,25/06/2023 23:09:44,ESCANER
23644,"Jutiapa",22,"Jutiapa",1,3712,280,17,14,2,1,24,0,7,0,1,2,19,4,0,0,2,93,9,0,102,0,102,--,277,175,93,102,102,Algún campo sin dato,1,a9238b2aaae782b87415c9287f3a0b0043f21c155bb3e0e3f6408a9c5c271014,25/06/2023 22:28:28,ESCANER
23645,"Jutiapa",22,"Jutiapa",1,3713,380,54,15,0,3,10,0,13,1,3,10,32,10,0,3,1,155,28,7,190,35,225,--,377,187,155,190,225,Algún campo sin dato,1,1eca49657b0da3cd037ed9f5e01f4b7de9795d12cae3608bf75c338a890dd42a,25/06/2023 22:36:37,ESCANER
23646,"Jutiapa",22,"Jutiapa",1,3713,380,67,14,0,3,6,1,17,0,1,22,30,7,1,2,1,172,34,6,212,0,212,--,380,168,172,212,212,Algún campo sin dato,1,a79577fb5fe7505c8d16e2f109de2962ea594a1f98446b170c9abcfb0d0c97d6,26/06/2023 00:12:35,ESCANER
23647,"Jutiapa",22,"Jutiapa",1,3713,380,71,20,1,4,13,0,20,0,1,11,26,14,0,3,1,185,23,2,210,--,--,--,380,170,185,210,210,Algún campo sin dato,1,d50e8167f051b14a12ce44423e72ad1694fa4f69591828de6232809e61435506,25/06/2023 21:45:50,ESCANER
23648,"Jutiapa",22,"Jutiapa",1,3713,380,56,11,0,0,15,0,0,0,0,20,42,14,0,1,0,159,29,5,193,0,193,--,380,168,159,193,193,Algún campo sin dato,1,a8bafaa5bd8510ff2984b0937c5eb19dd6fd9f15c03439328c72a3a2271dfb0e,25/06/2023 23:48:04,ESCANER
23649,"Jutiapa",22,"Jutiapa",1,3713,380,69,12,1,2,9,0,17,0,2,17,30,19,0,1,1,180,42,30,252,0,252,--,380,152,180,252,252,Algún campo sin dato,1,cc90284608ad19dce7b845c66adfcd7b86cef5855a70bee5835df69d06378e86,25/06/2023 22:35:50,ESCANER
23650,"Jutiapa",22,"Jutiapa",1,3713,380,,,,,,,,,,,,,,,,,,,,,,,,,,,,,0,,,
23651,"Jutiapa",22,"Jutiapa",1,3713,380,,,,,,,,,,,,,,,,,,,,,,,,,,,,,0,,,
23652,"Jutiapa",22,"Jutiapa",1,3713,380,,,,,,,,,,,,,,,,,,,,,,,,,,,,,0,,,
23653,"Jutiapa",22,"Jutiapa",1,3713,380,,,,,,,,,,,,,,,,,,,,,,,,,,,,,0,,,
23654,"Jutiapa",22,"Jutiapa",1,3713,380,,,,,,,,,,,,,,,,,,,,,,,,,,,,,0,,,
23655,"Jutiapa",22,"Jutiapa",1,3713,380,,,,,,,,,,,,,,,,,,,,,,,,,,,,,0,,,
23656,"Jutiapa",22,"Jutiapa",1,3713,380,40,12,0,5,12,1,21,2,2,22,21,10,0,2,1,151,12,3,166,0,166,--,--,--,151,166,166,Algún campo sin dato,1,624fda780736b6e1d4415ebbb0d8beb1cbdf7537b2581adeee3f9fccfb82f2c9,25/06/2023 23:23:24,ESCANER
23657,"Jutiapa",22,"Jutiapa",1,3713,380,,,,,,,,,,,,,,,,,,,,,,,,,,,,,0,,,
23658,"Jutiapa",22,"Jutiapa",1,3713,380,46,19,0,5,8,1,20,0,1,21,34,13,1,1,2,172,22,1,195,0,195,--,380,185,172,195,195,Algún campo sin dato,1,92e9c6e0ec2894a4bff54d8984ff8deda032577877618a3218dd0d73d1f574a6,25/06/2023 23:59:02,ESCANER
23659,"Jutiapa",22,"Jutiapa",1,3713,380,47,16,0,4,12,0,14,0,1,17,21,8,1,2,1,144,32,8,184,--,184,--,--,--,144,184,184,Algún campo sin dato,1,fb2ca743bc5a32c50ea957529a1ab514e20dc279da8310d6fa5ba7ba230d3cad,25/06/2023 23:02:11,ESCANER
23660,"Jutiapa",22,"Jutiapa",1,3713,380,,,,,,,,,,,,,,,,,,,,,,,,,,,,,0,,,
23661,"Jutiapa",22,"Jutiapa",1,3713,380,53,9,0,5,5,0,17,1,2,19,28,4,0,2,3,148,5,2,155,0,155,--,380,225,148,155,155,Algún campo sin dato,1,4a0184a299fb053771d6ae2a2573f2f187f92de84d7da7ae86b6338a504495d1,25/06/2023 23:17:14,ESCANER
23662,"Jutiapa",22,"Jutiapa",1,3713,380,49,15,1,0,10,0,16,1,0,14,31,5,0,2,6,150,7,0,157,0,157,--,380,223,150,157,157,Algún campo sin dato,1,cfba6c629aa6142e52ccf610adee5e9ab53a101f1ac5b5954e309bc4054d26d4,26/06/2023 00:24:26,ESCANER
23663,"Jutiapa",22,"Jutiapa",1,3713,380,,,,,,,,,,,,,,,,,,,,,,,,,,,,,0,,,
23664,"Jutiapa",22,"Jutiapa",1,3713,228,26,6,1,1,2,1,13,0,0,12,19,2,0,0,1,84,4,1,89,0,89,--,228,139,84,89,89,Algún campo sin dato,1,2b40c4f5cb60021265e783629ece23be237e9d14f6ad6ef5a999ec2d13acb23d,25/06/2023 22:58:57,ESCANER
23665,"Jutiapa",22,"Jutiapa",1,3713,227,39,10,0,1,6,0,6,1,0,6,18,5,0,1,0,93,7,5,105,0,105,--,224,118,93,105,105,Algún campo sin dato,1,6b7629cbf7aec90d8feb96bf4c8cabcd2307aa23a91865aeb1aaf1a8f0ede87c,25/06/2023 23:59:44,ESCANER
23666,"Jutiapa",22,"Jutiapa",1,3714,304,42,6,0,0,12,0,14,0,4,4,19,16,0,1,0,118,16,5,139,0,139,--,301,162,118,139,139,Algún campo sin dato,1,d4a91b4993112d8bd41a20537a38e896ad350f9e2d5e5bf45ce23bc85898ace2,25/06/2023 23:57:02,ESCANER
23667,"Jutiapa",22,"Jutiapa",1,3714,303,48,2,0,0,6,0,11,0,3,2,19,14,1,3,2,111,7,2,120,0,120,--,300,180,111,120,120,Algún campo sin dato,1,4c9f0659634e4663c5876cd70343f284a53e11866b74b9c39f20f514029f6479,26/06/2023 00:01:18,ESCANER
23668,"Jutiapa",22,"Jutiapa",1,3715,380,,,,,,,,,,,,,,,,,,,,,,,,,,,,,0,,,
23669,"Jutiapa",22,"Jutiapa",1,3715,380,,,,,,,,,,,,,,,,,,,,,,,,,,,,,0,,,
23670,"Jutiapa",22,"Jutiapa",1,3715,380,,,,,,,,,,,,,,,,,,,,,,,,,,,,,0,,,
23671,"Jutiapa",22,"Jutiapa",1,3715,233,,,,,,,,,,,,,,,,,,,,,,,,,,,,,0,,,
23672,"Jutiapa",22,"Jutiapa",1,3715,233,,,,,,,,,,,,,,,,,,,,,,,,,,,,,0,,,
23673,"Jutiapa",22,"Jutiapa",1,3716,380,,,,,,,,,,,,,,,,,,,,,,,,,,,,,0,,,
23674,"Jutiapa",22,"Jutiapa",1,3716,380,,,,,,,,,,,,,,,,,,,,,,,,,,,,,0,,,
23675,"Jutiapa",22,"Jutiapa",1,3716,380,,,,,,,,,,,,,,,,,,,,,,,,,,,,,0,,,
23676,"Jutiapa",22,"Jutiapa",1,3716,380,,,,,,,,,,,,,,,,,,,,,,,,,,,,,0,,,
23677,"Jutiapa",22,"Jutiapa",1,3716,380,30,13,5,1,25,0,11,2,0,1,24,14,0,2,0,128,35,9,172,1,173,--,380,207,128,172,173,Algún campo sin dato,1,4a9e9486135d5301d86db62e77dbdc9147b9ba46e276df9406cc1a058c2ea939,25/06/2023 23:12:22,ESCANER
23678,"Jutiapa",22,"Jutiapa",1,3716,380,46,9,5,1,26,0,14,2,1,8,38,13,2,1,0,166,22,6,194,0,194,--,379,185,166,194,194,Algún campo sin dato,1,9837db2c9f254acc851ca7ceb09a0833505fa04c79454d9b6fa011a3b743c9b8,25/06/2023 23:03:03,ESCANER
23679,"Jutiapa",22,"Jutiapa",1,3716,380,,,,,,,,,,,,,,,,,,,,,,,,,,,,,0,,,
23680,"Jutiapa",22,"Jutiapa",1,3716,380,30,15,2,2,36,2,6,0,3,6,48,11,1,1,1,164,20,6,190,0,190,--,380,190,164,190,190,Algún campo sin dato,1,490de2fb91e9bc4ef22bd71fdb311167f92732ec3e94ff4c266d0caecfdca6f4,26/06/2023 00:13:03,ESCANER
23681,"Jutiapa",22,"Jutiapa",1,3716,380,26,11,4,1,19,0,15,0,0,3,24,9,0,1,1,114,8,2,124,0,124,--,376,252,114,124,124,Algún campo sin dato,1,c037ea15179e6cb876fe54e24c77eb1d4d1600cd4c8303a47d902e378c53fa3e,26/06/2023 00:24:33,ESCANER
23682,"Jutiapa",22,"Jutiapa",1,3716,380,41,16,9,1,32,3,6,0,3,3,29,7,2,3,0,155,10,5,170,0,170,--,380,210,155,170,170,Algún campo sin dato,1,2ed906c16485a2c67025b5ca2df59deafcfca62b69d07a7909d974567d2ac2f3,25/06/2023 23:15:23,ESCANER
23683,"Jutiapa",22,"Jutiapa",1,3716,380,47,12,3,1,32,3,3,0,3,7,23,9,0,1,0,144,23,0,167,0,167,--,380,213,144,167,167,Algún campo sin dato,1,45da8d51aec8b2f1f5f79330d5315f7c5902c2b91297f3fb3d230b0da41046e0,26/06/2023 00:18:10,ESCANER
23684,"Jutiapa",22,"Jutiapa",1,3716,380,43,10,5,1,28,0,11,0,3,5,37,13,1,5,1,163,16,5,184,0,184,--,400,216,163,184,184,Algún campo sin dato,1,8571d0fabe2e6efce70b207218cda92056b5e5bd53bde4da90621cedbf1f3679,25/06/2023 22:53:34,ESCANER
23685,"Jutiapa",22,"Jutiapa",1,3716,380,,,,,,,,,,,,,,,,,,,,,,,,,,,,,0,,,
23686,"Jutiapa",22,"Jutiapa",1,3716,380,,,,,,,,,,,,,,,,,,,,,,,,,,,,,0,,,
23687,"Jutiapa",22,"Jutiapa",1,3716,380,39,14,0,2,28,0,6,0,0,3,33,10,0,3,2,140,11,1,152,0,152,--,398,246,140,152,152,Algún campo sin dato,1,b8f4e178416b231a97d27a9ac522ec197516731f0470260580a0ad56c5364500,26/06/2023 00:00:45,ESCANER
23688,"Jutiapa",22,"Jutiapa",1,3716,380,,,,,,,,,,,,,,,,,,,,,,,,,,,,,0,,,
23689,"Jutiapa",22,"Jutiapa",1,3716,330,,,,,,,,,,,,,,,,,,,,,,,,,,,,,0,,,
23690,"Jutiapa",22,"Jutiapa",1,3716,330,,,,,,,,,,,,,,,,,,,,,,,,,,,,,0,,,
23691,"Jutiapa",22,"Jutiapa",1,3717,380,88,18,0,0,10,1,7,1,1,12,18,5,2,2,1,166,16,3,185,0,185,--,380,195,166,185,185,Algún campo sin dato,1,17346cc413df7dffcb790fcd428b9bed90f2f0ab57c37d958b46d69d757d300e,25/06/2023 23:57:35,ESCANER
23692,"Jutiapa",22,"Jutiapa",1,3717,380,97,20,0,0,9,1,9,1,2,7,23,14,0,5,0,188,12,7,207,0,207,--,380,173,188,207,207,Algún campo sin dato,1,6e64503c9151b524373547c8f2664c752d17099beeb47f6df601dee224729c09,25/06/2023 23:14:14,ESCANER
23693,"Jutiapa",22,"Jutiapa",1,3717,380,81,12,0,1,8,0,13,2,3,4,19,8,2,4,0,157,22,2,181,0,181,--,385,204,157,181,181,Algún campo sin dato,1,e1cda0c1338808bb757234eebda7718456e84a8820665eeec693133f0ebea6f4,25/06/2023 22:06:27,ESCANER
23694,"Jutiapa",22,"Jutiapa",1,3717,218,30,12,0,0,8,0,12,0,1,1,13,3,0,2,0,82,8,1,91,1,92,1,218,126,82,91,92,,1,5533fe11fb26ab74ea5dbbedf7da9bfef9c3861f454ca89aa45c7474d2e15ea5,25/06/2023 21:48:08,ESCANER
23695,"Jutiapa",22,"Jutiapa",1,3717,218,45,10,0,0,5,1,11,0,5,7,22,1,0,1,2,110,6,2,118,0,118,--,218,100,110,118,118,Algún campo sin dato,1,d185d1554c5849f24cebcfcff1bd6a41210185e0c40c05c8dedfa83a61107182,25/06/2023 21:25:49,ESCANER
23696,"Jutiapa",22,"Jutiapa",1,3718,380,,,,,,,,,,,,,,,,,,,,,,,,,,,,,0,,,
23697,"Jutiapa",22,"Jutiapa",1,3718,380,,,,,,,,,,,,,,,,,,,,,,,,,,,,,0,,,
23698,"Jutiapa",22,"Jutiapa",1,3718,380,,,,,,,,,,,,,,,,,,,,,,,,,,,,,0,,,
23699,"Jutiapa",22,"Jutiapa",1,3718,380,,,,,,,,,,,,,,,,,,,,,,,,,,,,,0,,,
23700,"Jutiapa",22,"Jutiapa",1,3718,380,,,,,,,,,,,,,,,,,,,,,,,,,,,,,0,,,
23701,"Jutiapa",22,"Jutiapa",1,3718,380,,,,,,,,,,,,,,,,,,,,,,,,,,,,,0,,,
23702,"Jutiapa",22,"Jutiapa",1,3718,380,,,,,,,,,,,,,,,,,,,,,,,,,,,,,0,,,
23703,"Jutiapa",22,"Jutiapa",1,3718,249,32,6,0,0,11,0,13,0,1,5,23,3,0,0,0,94,1,0,95,0,95,--,250,155,94,95,95,Algún campo sin dato,1,2e5dde8bff526755f1e930bb7087f7e85fb1ec43a83f0a1a01b42f51efe4412a,25/06/2023 22:56:12,ESCANER
23704,"Jutiapa",22,"Jutiapa",1,3718,248,26,10,0,2,9,0,10,0,0,9,9,3,0,0,0,78,5,2,85,0,85,0,248,163,78,85,85,,1,72bfdf25b95bc2053ec266dd097a9c36f290156cea5cd5fa1d094bc42a3908df,25/06/2023 21:46:55,ESCANER
23705,"Jutiapa",22,"Jutiapa",1,3719,380,,,,,,,,,,,,,,,,,,,,,,,,,,,,,0,,,
23706,"Jutiapa",22,"Jutiapa",1,3719,380,,,,,,,,,,,,,,,,,,,,,,,,,,,,,0,,,
23707,"Jutiapa",22,"Jutiapa",1,3719,380,,,,,,,,,,,,,,,,,,,,,,,,,,,,,0,,,
23708,"Jutiapa",22,"Jutiapa",1,3719,380,,,,,,,,,,,,,,,,,,,,,,,,,,,,,0,,,
23709,"Jutiapa",22,"Jutiapa",1,3719,273,24,11,0,0,2,0,2,0,1,0,15,43,0,1,0,99,7,2,108,0,108,--,270,162,99,108,108,Algún campo sin dato,1,b08332c48d1c2cedbb8f8c17af37327ddda5750408ec2b1962becae37812e2e1,25/06/2023 23:55:02,ESCANER
23710,"Jutiapa",22,"Jutiapa",1,3719,272,37,7,0,0,0,0,3,0,2,1,11,31,0,2,0,94,3,0,97,0,97,--,272,175,94,97,97,Algún campo sin dato,1,e0722983aefea025580bb33c25362005a3271965c411d89e130d4bcf60e220d5,25/06/2023 22:18:22,ESCANER
23711,"Jutiapa",22,"Jutiapa",1,3720,380,,,,,,,,,,,,,,,,,,,,,,,,,,,,,0,,,
23712,"Jutiapa",22,"Jutiapa",1,3720,380,,,,,,,,,,,,,,,,,,,,,,,,,,,,,0,,,
23713,"Jutiapa",22,"Jutiapa",1,3720,380,,,,,,,,,,,,,,,,,,,,,,,,,,,,,0,,,
23714,"Jutiapa",22,"Jutiapa",1,3720,380,,,,,,,,,,,,,,,,,,,,,,,,,,,,,0,,,
23715,"Jutiapa",22,"Jutiapa",1,3720,380,,,,,,,,,,,,,,,,,,,,,,,,,,,,,0,,,
23716,"Jutiapa",22,"Jutiapa",1,3720,380,,,,,,,,,,,,,,,,,,,,,,,,,,,,,0,,,
23717,"Jutiapa",22,"Jutiapa",1,3720,380,31,4,32,0,12,1,7,0,0,2,12,13,1,0,0,115,13,3,131,0,131,--,380,249,115,131,131,Algún campo sin dato,1,c58e135d1892da5d3112391e8999c3734fde0b42861ee382767f4c0a78a6a1e7,25/06/2023 23:36:46,ESCANER
23718,"Jutiapa",22,"Jutiapa",1,3720,380,24,4,44,0,10,0,10,1,0,1,1,11,0,4,0,110,25,7,142,0,142,--,379,237,110,142,142,Algún campo sin dato,1,1c4edb5a7417b14419664057bbde5850c5217f5191913b99da88b5e814838940,26/06/2023 00:05:51,ESCANER
23719,"Jutiapa",22,"Jutiapa",1,3720,380,,,,,,,,,,,,,,,,,,,,,,,,,,,,,0,,,
23720,"Jutiapa",22,"Jutiapa",1,3720,380,,,,,,,,,,,,,,,,,,,,,,,,,,,,,0,,,
23721,"Jutiapa",22,"Jutiapa",1,3720,297,,,,,,,,,,,,,,,,,,,,,,,,,,,,,0,,,
23722,"Jutiapa",22,"Jutiapa",1,3720,296,8,6,15,0,4,0,7,0,1,2,2,5,0,0,0,50,7,1,58,0,58,--,296,238,50,58,58,Algún campo sin dato,1,f83ad339ccaf516173f66ee6ec85e47d1f8aa1fd9f3f3abb17fed61378b2ec70,25/06/2023 23:23:10,ESCANER
23723,"Jutiapa",22,"Jutiapa",1,3721,380,,,,,,,,,,,,,,,,,,,,,,,,,,,,,0,,,
23724,"Jutiapa",22,"Jutiapa",1,3721,380,,,,,,,,,,,,,,,,,,,,,,,,,,,,,0,,,
23725,"Jutiapa",22,"Jutiapa",1,3721,380,52,16,10,1,17,1,10,0,5,5,37,19,2,3,0,178,27,15,220,0,220,--,377,159,178,220,220,Algún campo sin dato,1,063dad740c6ad58f23a0e5c60d5c30bc957a27ee62edebf0accb31d4fed1c69e,25/06/2023 23:20:37,ESCANER
23726,"Jutiapa",22,"Jutiapa",1,3721,380,43,15,7,0,12,2,6,1,2,3,31,21,1,0,1,145,47,8,200,2,202,--,377,178,145,200,202,Algún campo sin dato,1,3ae9d85943e4bfb94f022d69f019e943280fc5e7e810ef227ac3639e4595c737,26/06/2023 00:03:14,ESCANER
23727,"Jutiapa",22,"Jutiapa",1,3721,380,,,,,,,,,,,,,,,,,,,,,,,,,,,,,0,,,
23728,"Jutiapa",22,"Jutiapa",1,3721,380,41,16,3,2,15,0,9,0,1,4,42,14,0,2,1,150,39,2,191,0,191,1,381,186,150,191,191,,1,db6028c228cd04fe1cc2276849690ae1335a8bea3df46ca3cd180db1cdedd185,25/06/2023 23:46:18,ESCANER
23729,"Jutiapa",22,"Jutiapa",1,3721,380,73,8,9,1,17,2,9,1,3,3,46,11,0,3,0,186,20,4,210,0,210,--,380,170,186,210,210,Algún campo sin dato,1,ed49bf3d7a26c7f4f1c0dc962b90e5b272c5d194f6232e2c510e1969942cfee3,25/06/2023 23:59:35,ESCANER
23730,"Jutiapa",22,"Jutiapa",1,3721,380,65,14,8,0,14,2,10,0,0,7,62,10,0,2,1,195,22,6,223,0,223,--,379,156,195,223,223,Algún campo sin dato,1,1e4e7116309264d1c7bba3f0e465fd706718582c456e057cabd049e6fe8a8e9f,26/06/2023 00:24:00,ESCANER
23731,"Jutiapa",22,"Jutiapa",1,3721,380,,,,,,,,,,,,,,,,,,,,,,,,,,,,,0,,,
23732,"Jutiapa",22,"Jutiapa",1,3721,380,,,,,,,,,,,,,,,,,,,,,,,,,,,,,0,,,
23733,"Jutiapa",22,"Jutiapa",1,3721,380,43,14,8,0,9,0,8,1,4,6,41,7,0,2,0,143,19,8,170,0,170,0,385,215,143,170,170,,1,656a7cd6781adc91e3897c7a911ab30ea52360c89e5892c1997e06214ea99955,25/06/2023 22:57:18,ESCANER
23734,"Jutiapa",22,"Jutiapa",1,3721,380,,,,,,,,,,,,,,,,,,,,,,,,,,,,,0,,,
23735,"Jutiapa",22,"Jutiapa",1,3721,285,50,14,6,0,7,0,6,1,0,2,32,5,0,1,1,125,2,1,128,0,128,--,285,157,125,128,128,Algún campo sin dato,1,f6aed3b0491374df770fbaac5c57d7ab0dac2c7e4df14376649242259862cbd7,25/06/2023 21:27:42,ESCANER
23736,"Jutiapa",22,"Jutiapa",1,3721,285,26,6,6,0,9,0,4,2,1,0,23,5,0,1,0,83,1,5,89,10,99,0,282,183,83,89,99,,1,c215ba8f137b32ca39bdb47af69931e9f97e225f04dca1ea0f8191edfc8d974b,25/06/2023 22:30:07,ESCANER
23737,"Jutiapa",22,"Jutiapa",1,3722,380,,,,,,,,,,,,,,,,,,,,,,,,,,,,,0,,,
23738,"Jutiapa",22,"Jutiapa",1,3722,380,28,9,8,0,9,0,43,0,4,11,52,25,3,4,1,197,21,14,232,148,380,--,380,148,197,232,380,Algún campo sin dato,1,df197346e352bd5c1c6075fcbf7b1fe9ef78a7786cdf08d1250e2869075ab2eb,26/06/2023 00:13:30,ESCANER
23739,"Jutiapa",22,"Jutiapa",1,3722,380,,,,,,,,,,,,,,,,,,,,,,,,,,,,,0,,,
23740,"Jutiapa",22,"Jutiapa",1,3722,380,,,,,,,,,,,,,,,,,,,,,,,,,,,,,0,,,
23741,"Jutiapa",22,"Jutiapa",1,3722,232,16,2,1,0,2,1,15,0,2,1,15,10,0,0,0,65,7,3,75,0,75,--,229,154,65,75,75,Algún campo sin dato,1,67d1a5752d0e59cf928c5eab930be71d9aa8208bac455de25c3e9626169d97d7,25/06/2023 22:55:47,ESCANER
23742,"Jutiapa",22,"Jutiapa",1,3722,231,20,9,4,0,3,1,23,0,0,4,17,2,0,0,0,83,3,2,88,0,88,--,228,140,83,88,88,Algún campo sin dato,1,7f4d3ce1035f310a4568eff62b855d4bbfa923ab9b45393b6378676b417c8c9d,25/06/2023 22:20:53,ESCANER
23743,"Jutiapa",22,"Jutiapa",1,3723,380,,,,,,,,,,,,,,,,,,,,,,,,,,,,,0,,,
23744,"Jutiapa",22,"Jutiapa",1,3723,380,,,,,,,,,,,,,,,,,,,,,,,,,,,,,0,,,
23745,"Jutiapa",22,"Jutiapa",1,3723,380,,,,,,,,,,,,,,,,,,,,,,,,,,,,,0,,,
23746,"Jutiapa",22,"Jutiapa",1,3723,266,32,3,1,0,4,0,9,0,2,5,8,33,0,2,0,99,9,5,113,0,113,--,263,150,99,113,113,Algún campo sin dato,1,0a42d3284624acc2f33917dcc785a2241811a8725542956e55c4e45a236f17d6,26/06/2023 00:06:13,ESCANER
23747,"Jutiapa",22,"Jutiapa",1,3723,266,,,,,,,,,,,,,,,,,,,,,,,,,,,,,0,,,
23748,"Jutiapa",22,"Jutiapa",1,3724,380,122,1,1,0,17,3,3,0,3,3,17,41,0,2,0,213,22,8,243,0,243,--,377,134,213,243,243,Algún campo sin dato,1,e4abd776f266111b67945a87a1db67dafd3d0ca35309f2d7012393b297137447,25/06/2023 23:59:35,ESCANER
23749,"Jutiapa",22,"Jutiapa",1,3724,380,118,6,1,1,11,0,2,0,2,3,20,41,0,1,0,206,28,5,239,0,239,--,378,139,206,239,239,Algún campo sin dato,1,d701df21c1008ac472eb50289dd4038797eee3ae872c4c246b452d7db1d91e24,25/06/2023 23:02:32,ESCANER
23750,"Jutiapa",22,"Jutiapa",1,3724,361,106,7,1,0,8,0,5,0,1,2,20,23,0,4,1,178,26,14,218,0,218,--,358,140,178,218,218,Algún campo sin dato,1,3323451b7955bfab92685ad3717a461378909cb503fba50745b907ec70131e94,25/06/2023 23:40:17,ESCANER
23751,"Jutiapa",22,"Jutiapa",1,3724,361,,,,,,,,,,,,,,,,,,,,,,,,,,,,,0,,,
23752,"Jutiapa",22,"Jutiapa",1,3725,380,,,,,,,,,,,,,,,,,,,,,,,,,,,,,0,,,
23753,"Jutiapa",22,"Jutiapa",1,3725,380,,,,,,,,,,,,,,,,,,,,,,,,,,,,,0,,,
23754,"Jutiapa",22,"Jutiapa",1,3725,380,,,,,,,,,,,,,,,,,,,,,,,,,,,,,0,,,
23755,"Jutiapa",22,"Jutiapa",1,3725,380,,,,,,,,,,,,,,,,,,,,,,,,,,,,,0,,,
23756,"Jutiapa",22,"Jutiapa",1,3725,380,,,,,,,,,,,,,,,,,,,,,,,,,,,,,0,,,
23757,"Jutiapa",22,"Jutiapa",1,3725,358,,,,,,,,,,,,,,,,,,,,,,,,,,,,,0,,,
23758,"Jutiapa",22,"Jutiapa",1,3725,357,,,,,,,,,,,,,,,,,,,,,,,,,,,,,0,,,