﻿TIPO_DE_ELECCIÓN:,CORPORACIÓN MUNICIPAL
26 junio 2023 00:25 (UTC -6)
ACTAS_ESPERADAS,ACTAS_CAPTURADAS,PORCENTAJE_ACTAS_CAPTURADAS,ACTAS_CONTABILIZADAS,PORCENTAJE_ACTAS_CONTABILIZADAS,ACTAS_NO_CONTABILIZADAS,LISTA_NOMINAL_ACTAS_CONTABILIZADAS,VOTOS_EMITIDOS_CONTABILIZADAS,PORCENTAJE_PARTICIPACIÓN_CIUDADANA
32,9,28.1250,9,28.1250,0,2887,1734,60.0623

MESA,DEPARTAMENTO,ID_DEPARTAMENTO,MUNICIPIO,ID_MUNICIPIO,CENTRO_DE_VOTACIÓN,PADRÓN,VICTORIA,VAMOS,CREO,UNE,PHG,CABAL,WINAQ,VIVA,UR,PPN,VÁLIDOS,NULOS,BLANCO,EMITIDOS,INVÁLIDOS,TOTAL,IMPUGNACIONES,PAPELETAS-RECIBIDAS,PAPELETAS-NO-USADAS,VALIDOS_CALCULADO,EMITIDOS_CALCULADO,TOTAL_CALCULADO,OBSERVACIONES,CONTABILIZADA,CÓDIGO_INTEGRIDAD,FECHA_HORA_PUBLICACIÓN,DIGITALIZACIÓN
14659,"San Marcos",12,"Sipacapa",26,2083,400,,,,,,,,,,,,,,,,,,,,,,,,0,,,
14660,"San Marcos",12,"Sipacapa",26,2083,400,,,,,,,,,,,,,,,,,,,,,,,,0,,,
14661,"San Marcos",12,"Sipacapa",26,2083,400,,,,,,,,,,,,,,,,,,,,,,,,0,,,
14662,"San Marcos",12,"Sipacapa",26,2083,400,,,,,,,,,,,,,,,,,,,,,,,,0,,,
14663,"San Marcos",12,"Sipacapa",26,2083,400,,,,,,,,,,,,,,,,,,,,,,,,0,,,
14664,"San Marcos",12,"Sipacapa",26,2083,400,,,,,,,,,,,,,,,,,,,,,,,,0,,,
14665,"San Marcos",12,"Sipacapa",26,2083,400,6,112,40,97,6,1,0,3,2,0,267,18,6,291,0,291,--,400,109,267,291,291,Algún campo sin dato,1,0867d01fbc52dec8b1ef3fd6086e9a009b6489d3352774bf1b36c7012bc6bad1,25/06/2023 23:55:53,ESCANER
14666,"San Marcos",12,"Sipacapa",26,2083,400,,,,,,,,,,,,,,,,,,,,,,,,0,,,
14667,"San Marcos",12,"Sipacapa",26,2083,400,12,92,62,61,7,1,1,1,3,0,240,8,4,252,0,252,--,369,117,240,252,252,Algún campo sin dato,1,4f4980d76f6f9573e9fb868e76296d7c4aabdb19f7484482a8ec22318dec2761,25/06/2023 23:47:15,ESCANER
14668,"San Marcos",12,"Sipacapa",26,2084,400,,,,,,,,,,,,,,,,,,,,,,,,0,,,
14669,"San Marcos",12,"Sipacapa",26,2084,400,,,,,,,,,,,,,,,,,,,,,,,,0,,,
14670,"San Marcos",12,"Sipacapa",26,2084,366,,,,,,,,,,,,,,,,,,,,,,,,0,,,
14671,"San Marcos",12,"Sipacapa",26,2084,365,,,,,,,,,,,,,,,,,,,,,,,,0,,,
14672,"San Marcos",12,"Sipacapa",26,2085,380,,,,,,,,,,,,,,,,,,,,,,,,0,,,
14673,"San Marcos",12,"Sipacapa",26,2085,380,,,,,,,,,,,,,,,,,,,,,,,,0,,,
14674,"San Marcos",12,"Sipacapa",26,2085,380,6,69,48,151,11,2,0,2,1,0,290,15,7,312,0,312,--,380,68,290,312,312,Algún campo sin dato,1,a2b7d047813fffd67b9684fd28e04edcf98355cb567914e146c305bb1140adb6,25/06/2023 23:42:07,ESCANER
14675,"San Marcos",12,"Sipacapa",26,2085,380,,,,,,,,,,,,,,,,,,,,,,,,0,,,
14676,"San Marcos",12,"Sipacapa",26,2085,380,,,,,,,,,,,,,,,,,,,,,,,,0,,,
14677,"San Marcos",12,"Sipacapa",26,2085,380,,,,,,,,,,,,,,,,,,,,,,,,0,,,
14678,"San Marcos",12,"Sipacapa",26,2085,380,7,63,35,88,4,0,0,1,0,0,198,4,1,203,0,203,--,380,177,198,203,203,Algún campo sin dato,1,17fe1450c915aeb4b7fba80ca29d2ea6a20c3245488c0a54b7ec00fc684bdbea,25/06/2023 23:19:07,ESCANER
14679,"San Marcos",12,"Sipacapa",26,2085,380,,,,,,,,,,,,,,,,,,,,,,,,0,,,
14680,"San Marcos",12,"Sipacapa",26,2085,267,4,36,26,68,4,0,0,0,0,0,138,3,1,142,0,142,--,267,125,138,142,142,Algún campo sin dato,1,69ef78c8f292b56581145a2bd11e778276cd829c7215a3a73903ddb48a24bfa4,26/06/2023 00:01:41,ESCANER
14681,"San Marcos",12,"Sipacapa",26,2085,267,,,,,,,,,,,,,,,,,,,,,,,,0,,,
14682,"San Marcos",12,"Sipacapa",26,2086,358,2,20,131,37,13,0,0,1,0,0,204,8,1,213,0,213,--,358,145,204,213,213,Algún campo sin dato,1,491b716ce1653cc163f533da493084f3985e124af1455f6bb0c5559eabd3fb15,25/06/2023 21:52:27,ESCANER
14683,"San Marcos",12,"Sipacapa",26,2087,380,,,,,,,,,,,,,,,,,,,,,,,,0,,,
14684,"San Marcos",12,"Sipacapa",26,2087,372,,,,,,,,,,,,,,,,,,,,,,,,0,,,
14685,"San Marcos",12,"Sipacapa",26,2087,371,,,,,,,,,,,,,,,,,,,,,,,,0,,,
14686,"San Marcos",12,"Sipacapa",26,2088,191,3,18,44,41,7,0,0,0,0,1,114,7,2,123,0,123,--,191,68,114,123,123,Algún campo sin dato,1,b6d24b0388d22a58f26ab0cc148dcf116d00f9cb69cd4f248ad61d5ad8221789,25/06/2023 22:23:51,ESCANER
14687,"San Marcos",12,"Sipacapa",26,2088,190,3,24,28,25,4,0,1,4,1,0,90,4,1,95,--,--,--,187,92,90,95,95,Algún campo sin dato,1,dcd5ef871741ba7d1f608e9505fc5111978ea78472b2193ed6f34ef695b87cc0,25/06/2023 22:36:57,ESCANER
14688,"San Marcos",12,"Sipacapa",26,2089,294,,,,,,,,,,,,,,,,,,,,,,,,0,,,
14689,"San Marcos",12,"Sipacapa",26,2090,293,,,,,,,,,,,,,,,,,,,,,,,,0,,,
14690,"San Marcos",12,"Sipacapa",26,2091,321,5,28,16,29,2,0,0,2,2,0,84,15,4,103,0,103,1,318,214,84,103,103,,1,5bdf28583fe6475cd61a414f5e249b964897e2140b8762e080a2a88c609bf074,25/06/2023 23:21:50,ESCANER