﻿TIPO_DE_ELECCIÓN:,CORPORACIÓN MUNICIPAL
26 junio 2023 00:25 (UTC -6)
ACTAS_ESPERADAS,ACTAS_CAPTURADAS,PORCENTAJE_ACTAS_CAPTURADAS,ACTAS_CONTABILIZADAS,PORCENTAJE_ACTAS_CONTABILIZADAS,ACTAS_NO_CONTABILIZADAS,LISTA_NOMINAL_ACTAS_CONTABILIZADAS,VOTOS_EMITIDOS_CONTABILIZADAS,PORCENTAJE_PARTICIPACIÓN_CIUDADANA
162,54,33.3333,54,33.3333,0,19573,9784,49.9872

MESA,DEPARTAMENTO,ID_DEPARTAMENTO,MUNICIPIO,ID_MUNICIPIO,CENTRO_DE_VOTACIÓN,PADRÓN,VAMOS,TODOS,VALOR,MLP,UNE,ELEFANTE,VIVA,CAMBIO,BIEN,PPN,CABAL,VÁLIDOS,NULOS,BLANCO,EMITIDOS,INVÁLIDOS,TOTAL,IMPUGNACIONES,PAPELETAS-RECIBIDAS,PAPELETAS-NO-USADAS,VALIDOS_CALCULADO,EMITIDOS_CALCULADO,TOTAL_CALCULADO,OBSERVACIONES,CONTABILIZADA,CÓDIGO_INTEGRIDAD,FECHA_HORA_PUBLICACIÓN,DIGITALIZACIÓN
21631,"Izabal",18,"Morales",4,3357,400,,,,,,,,,,,,,,,,,,,,,,,,,0,,,
21632,"Izabal",18,"Morales",4,3357,400,,,,,,,,,,,,,,,,,,,,,,,,,0,,,
21633,"Izabal",18,"Morales",4,3357,400,,,,,,,,,,,,,,,,,,,,,,,,,0,,,
21634,"Izabal",18,"Morales",4,3357,400,,,,,,,,,,,,,,,,,,,,,,,,,0,,,
21635,"Izabal",18,"Morales",4,3357,400,,,,,,,,,,,,,,,,,,,,,,,,,0,,,
21636,"Izabal",18,"Morales",4,3357,400,,,,,,,,,,,,,,,,,,,,,,,,,0,,,
21637,"Izabal",18,"Morales",4,3357,400,,,,,,,,,,,,,,,,,,,,,,,,,0,,,
21638,"Izabal",18,"Morales",4,3357,400,73,46,47,1,60,9,10,0,0,1,1,248,24,3,275,0,275,--,400,125,248,275,275,Algún campo sin dato,1,b4a8c0d77c1de8ed1757e50380754a463ecf14781ffaf96882d6cf1eaac28039,26/06/2023 00:10:11,ESCANER
21639,"Izabal",18,"Morales",4,3357,400,,,,,,,,,,,,,,,,,,,,,,,,,0,,,
21640,"Izabal",18,"Morales",4,3357,400,,,,,,,,,,,,,,,,,,,,,,,,,0,,,
21641,"Izabal",18,"Morales",4,3357,400,,,,,,,,,,,,,,,,,,,,,,,,,0,,,
21642,"Izabal",18,"Morales",4,3357,400,,,,,,,,,,,,,,,,,,,,,,,,,0,,,
21643,"Izabal",18,"Morales",4,3357,400,88,45,46,0,50,0,10,0,2,2,1,244,23,1,268,0,268,--,400,132,244,268,268,Algún campo sin dato,1,8e088cc60d3df31e201e506f3521ccc3030fda9c37234ace21077acb3d369157,25/06/2023 23:37:38,ESCANER
21644,"Izabal",18,"Morales",4,3357,400,,,,,,,,,,,,,,,,,,,,,,,,,0,,,
21645,"Izabal",18,"Morales",4,3357,400,,,,,,,,,,,,,,,,,,,,,,,,,0,,,
21646,"Izabal",18,"Morales",4,3357,400,,,,,,,,,,,,,,,,,,,,,,,,,0,,,
21647,"Izabal",18,"Morales",4,3357,400,,,,,,,,,,,,,,,,,,,,,,,,,0,,,
21648,"Izabal",18,"Morales",4,3357,400,,,,,,,,,,,,,,,,,,,,,,,,,0,,,
21649,"Izabal",18,"Morales",4,3357,400,,,,,,,,,,,,,,,,,,,,,,,,,0,,,
21650,"Izabal",18,"Morales",4,3357,400,,,,,,,,,,,,,,,,,,,,,,,,,0,,,
21651,"Izabal",18,"Morales",4,3357,400,,,,,,,,,,,,,,,,,,,,,,,,,0,,,
21652,"Izabal",18,"Morales",4,3357,400,74,43,45,0,43,3,6,1,1,2,0,218,12,1,231,0,231,--,400,169,218,231,231,Algún campo sin dato,1,761960d3256ff7dec6fc55445ce84b4dd766641b61067fa1c2e9756420600d58,26/06/2023 00:14:28,ESCANER
21653,"Izabal",18,"Morales",4,3357,400,58,55,44,0,44,2,4,1,4,0,0,212,19,0,231,0,231,--,400,169,212,231,231,Algún campo sin dato,1,7d885bbd6a95c027ea07f7d9d3a2e9229691e0adcefdce01b36bf28407f29a60,25/06/2023 22:45:06,ESCANER
21654,"Izabal",18,"Morales",4,3357,400,70,40,49,0,36,3,3,3,1,1,0,206,7,3,216,0,216,--,400,184,206,216,216,Algún campo sin dato,1,b21ae6aee3f0112598c355a0be97871e61e622525882f1efdf4f12e00efc31b2,25/06/2023 23:07:30,ESCANER
21655,"Izabal",18,"Morales",4,3357,400,91,74,61,0,42,0,2,1,3,0,0,274,6,0,280,6,286,--,397,111,274,280,286,Algún campo sin dato,1,61d7a269ad3ab734ba6cf2bb7aa91ee37f6400d728a00a8ec763c8bcbe30388f,26/06/2023 00:07:34,ESCANER
21656,"Izabal",18,"Morales",4,3357,400,,,,,,,,,,,,,,,,,,,,,,,,,0,,,
21657,"Izabal",18,"Morales",4,3357,400,92,51,48,0,28,4,3,3,4,1,0,234,6,1,241,0,241,--,400,159,234,241,241,Algún campo sin dato,1,9c7ecc6072f118e1225ff00c5193e70d46ee2a95acb8bc6661a46d67f038afe4,26/06/2023 00:16:52,ESCANER
21658,"Izabal",18,"Morales",4,3357,400,,,,,,,,,,,,,,,,,,,,,,,,,0,,,
21659,"Izabal",18,"Morales",4,3357,311,70,24,28,0,26,3,3,1,3,1,3,162,8,0,170,0,170,--,311,141,162,170,170,Algún campo sin dato,1,dbc617d09483d8e3d03ebf8e89f5f53e2ccdfcd905efdca31d79efa00baf1f03,26/06/2023 00:11:21,ESCANER
21660,"Izabal",18,"Morales",4,3357,311,43,14,18,0,19,2,2,0,0,0,1,99,11,5,115,0,115,--,311,196,99,115,115,Algún campo sin dato,1,83a8e6fef150bb13ea32c887cf9ea176b96e59a3980e8d872cf25d799718cd85,25/06/2023 23:51:37,ESCANER
21661,"Izabal",18,"Morales",4,3358,400,,,,,,,,,,,,,,,,,,,,,,,,,0,,,
21662,"Izabal",18,"Morales",4,3358,400,,,,,,,,,,,,,,,,,,,,,,,,,0,,,
21663,"Izabal",18,"Morales",4,3358,400,,,,,,,,,,,,,,,,,,,,,,,,,0,,,
21664,"Izabal",18,"Morales",4,3358,400,,,,,,,,,,,,,,,,,,,,,,,,,0,,,
21665,"Izabal",18,"Morales",4,3358,400,,,,,,,,,,,,,,,,,,,,,,,,,0,,,
21666,"Izabal",18,"Morales",4,3358,400,,,,,,,,,,,,,,,,,,,,,,,,,0,,,
21667,"Izabal",18,"Morales",4,3358,400,,,,,,,,,,,,,,,,,,,,,,,,,0,,,
21668,"Izabal",18,"Morales",4,3358,211,,,,,,,,,,,,,,,,,,,,,,,,,0,,,
21669,"Izabal",18,"Morales",4,3358,210,30,25,22,0,19,1,3,0,4,0,0,104,9,1,114,0,114,--,210,96,104,114,114,Algún campo sin dato,1,b61b1f45b35683ab89c24774c0384490ea4bcf003e731d15fad1ac9edb6a6205,25/06/2023 21:21:23,ESCANER
21670,"Izabal",18,"Morales",4,3359,220,62,28,23,0,37,2,1,1,2,0,2,158,4,1,163,0,163,--,220,57,158,163,163,Algún campo sin dato,1,27f289151d59b2a8853bdf57faeb1b0d75a804172ccff12063d92bc6d85c431e,25/06/2023 22:28:46,MOVIL
21671,"Izabal",18,"Morales",4,3359,220,,,,,,,,,,,,,,,,,,,,,,,,,0,,,
21672,"Izabal",18,"Morales",4,3360,400,,,,,,,,,,,,,,,,,,,,,,,,,0,,,
21673,"Izabal",18,"Morales",4,3360,400,76,40,39,2,50,2,9,1,6,--,--,225,21,3,249,0,249,--,400,151,225,249,249,Algún campo sin dato,1,b8233b537896980a789ccdb114b4d8ded0d8b00043355ce6c9d80089996b7cf1,26/06/2023 00:16:08,ESCANER
21674,"Izabal",18,"Morales",4,3360,400,,,,,,,,,,,,,,,,,,,,,,,,,0,,,
21675,"Izabal",18,"Morales",4,3360,400,,,,,,,,,,,,,,,,,,,,,,,,,0,,,
21676,"Izabal",18,"Morales",4,3360,319,,,,,,,,,,,,,,,,,,,,,,,,,0,,,
21677,"Izabal",18,"Morales",4,3360,318,,,,,,,,,,,,,,,,,,,,,,,,,0,,,
21678,"Izabal",18,"Morales",4,3361,400,,,,,,,,,,,,,,,,,,,,,,,,,0,,,
21679,"Izabal",18,"Morales",4,3361,400,,,,,,,,,,,,,,,,,,,,,,,,,0,,,
21680,"Izabal",18,"Morales",4,3361,351,,,,,,,,,,,,,,,,,,,,,,,,,0,,,
21681,"Izabal",18,"Morales",4,3361,350,,,,,,,,,,,,,,,,,,,,,,,,,0,,,
21682,"Izabal",18,"Morales",4,3362,306,20,4,29,2,24,5,7,1,2,0,2,96,8,3,107,8,115,--,306,191,96,107,115,Algún campo sin dato,1,a41c2bce0e4cad7b8297871a101753a347fbef13161926d6f3c297f0270f543e,25/06/2023 23:56:22,ESCANER
21683,"Izabal",18,"Morales",4,3362,305,25,12,24,0,16,2,2,1,2,1,0,85,8,3,96,2,98,--,305,207,85,96,98,Algún campo sin dato,1,528003e84265f9bd525c2a9f2ee535d46656805edfcd409704ed4e55fe06afb9,26/06/2023 00:18:17,ESCANER
21684,"Izabal",18,"Morales",4,3363,400,58,28,18,1,69,4,8,2,1,1,3,193,36,4,233,0,233,--,400,167,193,233,233,Algún campo sin dato,1,b062eb5cd895f5842421baa5f3954ad3b6aeb43748c506eadf8303217b42f23b,25/06/2023 23:35:51,ESCANER
21685,"Izabal",18,"Morales",4,3363,400,76,23,38,0,57,3,6,0,2,0,2,207,33,6,246,0,246,--,400,154,207,246,246,Algún campo sin dato,1,cda21db31fc8d5a46b791f894be20ff3d94745e84efe018e9dca55edf965f4af,25/06/2023 22:58:31,ESCANER
21686,"Izabal",18,"Morales",4,3363,400,,,,,,,,,,,,,,,,,,,,,,,,,0,,,
21687,"Izabal",18,"Morales",4,3363,400,,,,,,,,,,,,,,,,,,,,,,,,,0,,,
21688,"Izabal",18,"Morales",4,3363,356,64,27,36,0,37,1,2,0,2,2,2,173,6,3,182,0,182,--,353,171,173,182,182,Algún campo sin dato,1,e3cb563eb800a40d8bc4439d9ed4943dd1b920b416ad160fcf20e9c3e824136c,25/06/2023 23:23:58,ESCANER
21689,"Izabal",18,"Morales",4,3363,356,53,13,43,0,42,1,1,0,0,1,0,154,12,2,168,0,168,--,355,187,154,168,168,Algún campo sin dato,1,d3f22e7bd70b658bdd51d3d61407d794dd9b404d5714d1293b12daeddee8df10,25/06/2023 23:07:36,ESCANER
21690,"Izabal",18,"Morales",4,3364,380,,,,,,,,,,,,,,,,,,,,,,,,,0,,,
21691,"Izabal",18,"Morales",4,3364,380,,,,,,,,,,,,,,,,,,,,,,,,,0,,,
21692,"Izabal",18,"Morales",4,3364,323,116,44,8,0,20,1,6,0,2,1,0,198,17,4,219,0,219,--,323,104,198,219,219,Algún campo sin dato,1,ce879e2bccc788a66c09cdaa514cf885711330e7c40075286adefac88df837ce,26/06/2023 00:04:05,ESCANER
21693,"Izabal",18,"Morales",4,3364,322,105,55,10,2,7,1,3,0,1,0,1,185,11,2,198,0,198,--,322,124,185,198,198,Algún campo sin dato,1,2c18a97a71c10fa4f27f383cf67b84c09a763720dd1dcdeb762135ff2ff3d194,26/06/2023 00:23:17,ESCANER
21694,"Izabal",18,"Morales",4,3365,380,,,,,,,,,,,,,,,,,,,,,,,,,0,,,
21695,"Izabal",18,"Morales",4,3365,380,,,,,,,,,,,,,,,,,,,,,,,,,0,,,
21696,"Izabal",18,"Morales",4,3365,380,85,37,42,3,14,4,7,1,0,1,1,195,32,2,229,0,229,--,380,151,195,229,229,Algún campo sin dato,1,8c8523e20f0a744225fbbd3a5c9329b9cc0736c845c193100567f45f9b40a124,26/06/2023 00:04:28,ESCANER
21697,"Izabal",18,"Morales",4,3365,380,,,,,,,,,,,,,,,,,,,,,,,,,0,,,
21698,"Izabal",18,"Morales",4,3365,380,,,,,,,,,,,,,,,,,,,,,,,,,0,,,
21699,"Izabal",18,"Morales",4,3365,380,,,,,,,,,,,,,,,,,,,,,,,,,0,,,
21700,"Izabal",18,"Morales",4,3365,283,,,,,,,,,,,,,,,,,,,,,,,,,0,,,
21701,"Izabal",18,"Morales",4,3365,283,38,22,28,3,4,0,6,0,0,0,1,102,11,1,114,0,114,--,283,169,102,114,114,Algún campo sin dato,1,36d8ea8332e0107e69a0aff8cedfeacf8e52d7123975f07314b9c7034f63add6,25/06/2023 23:31:55,ESCANER
21702,"Izabal",18,"Morales",4,3366,380,,,,,,,,,,,,,,,,,,,,,,,,,0,,,
21703,"Izabal",18,"Morales",4,3366,380,73,24,62,2,49,3,5,1,2,1,1,223,27,4,254,0,254,--,380,126,223,254,254,Algún campo sin dato,1,27fe33e6a796dc78aeb0819c453ed3f27e49e7f19fe78140f8184b3d8c7e9c9e,26/06/2023 00:24:00,ESCANER
21704,"Izabal",18,"Morales",4,3366,380,90,17,74,0,22,6,5,0,1,0,0,215,19,3,237,0,237,--,380,143,215,237,237,Algún campo sin dato,1,57a74edb602c20a6749d2f4dedf1b00d68d32684f0b6e725a095b07338c786d3,25/06/2023 23:44:40,ESCANER
21705,"Izabal",18,"Morales",4,3366,380,,,,,,,,,,,,,,,,,,,,,,,,,0,,,
21706,"Izabal",18,"Morales",4,3366,380,,,,,,,,,,,,,,,,,,,,,,,,,0,,,
21707,"Izabal",18,"Morales",4,3366,380,,,,,,,,,,,,,,,,,,,,,,,,,0,,,
21708,"Izabal",18,"Morales",4,3366,380,,,,,,,,,,,,,,,,,,,,,,,,,0,,,
21709,"Izabal",18,"Morales",4,3366,380,,,,,,,,,,,,,,,,,,,,,,,,,0,,,
21710,"Izabal",18,"Morales",4,3366,380,58,26,90,0,15,2,2,0,0,1,0,194,16,4,214,0,214,--,380,166,194,214,214,Algún campo sin dato,1,1bd822df519168cff1ddfa100cec0ebe59a96c621d3eb22efb5a279b6d88d850,26/06/2023 00:18:14,ESCANER
21711,"Izabal",18,"Morales",4,3366,380,,,,,,,,,,,,,,,,,,,,,,,,,0,,,
21712,"Izabal",18,"Morales",4,3366,367,,,,,,,,,,,,,,,,,,,,,,,,,0,,,
21713,"Izabal",18,"Morales",4,3366,366,,,,,,,,,,,,,,,,,,,,,,,,,0,,,
21714,"Izabal",18,"Morales",4,3367,380,,,,,,,,,,,,,,,,,,,,,,,,,0,,,
21715,"Izabal",18,"Morales",4,3367,380,,,,,,,,,,,,,,,,,,,,,,,,,0,,,
21716,"Izabal",18,"Morales",4,3367,380,,,,,,,,,,,,,,,,,,,,,,,,,0,,,
21717,"Izabal",18,"Morales",4,3367,380,,,,,,,,,,,,,,,,,,,,,,,,,0,,,
21718,"Izabal",18,"Morales",4,3367,380,,,,,,,,,,,,,,,,,,,,,,,,,0,,,
21719,"Izabal",18,"Morales",4,3367,380,,,,,,,,,,,,,,,,,,,,,,,,,0,,,
21720,"Izabal",18,"Morales",4,3367,380,,,,,,,,,,,,,,,,,,,,,,,,,0,,,
21721,"Izabal",18,"Morales",4,3367,380,,,,,,,,,,,,,,,,,,,,,,,,,0,,,
21722,"Izabal",18,"Morales",4,3367,380,,,,,,,,,,,,,,,,,,,,,,,,,0,,,
21723,"Izabal",18,"Morales",4,3367,380,,,,,,,,,,,,,,,,,,,,,,,,,0,,,
21724,"Izabal",18,"Morales",4,3367,380,,,,,,,,,,,,,,,,,,,,,,,,,0,,,
21725,"Izabal",18,"Morales",4,3367,380,,,,,,,,,,,,,,,,,,,,,,,,,0,,,
21726,"Izabal",18,"Morales",4,3367,374,,,,,,,,,,,,,,,,,,,,,,,,,0,,,
21727,"Izabal",18,"Morales",4,3367,374,,,,,,,,,,,,,,,,,,,,,,,,,0,,,
21728,"Izabal",18,"Morales",4,3368,380,,,,,,,,,,,,,,,,,,,,,,,,,0,,,
21729,"Izabal",18,"Morales",4,3368,380,,,,,,,,,,,,,,,,,,,,,,,,,0,,,
21730,"Izabal",18,"Morales",4,3368,380,,,,,,,,,,,,,,,,,,,,,,,,,0,,,
21731,"Izabal",18,"Morales",4,3368,380,,,,,,,,,,,,,,,,,,,,,,,,,0,,,
21732,"Izabal",18,"Morales",4,3368,380,,,,,,,,,,,,,,,,,,,,,,,,,0,,,
21733,"Izabal",18,"Morales",4,3368,380,120,9,10,0,35,0,5,1,2,0,0,182,27,4,213,0,213,--,380,167,182,213,213,Algún campo sin dato,1,425ce5852134f5cffebb14919a28b4ec456c396014ca2db3a48085786a221985,25/06/2023 23:41:50,ESCANER
21734,"Izabal",18,"Morales",4,3368,380,,,,,,,,,,,,,,,,,,,,,,,,,0,,,
21735,"Izabal",18,"Morales",4,3368,380,112,33,26,0,29,0,4,0,4,0,0,208,11,1,220,0,220,--,380,160,208,220,220,Algún campo sin dato,1,36c5a62ea255dbcbe5c51fa4937fb41b0936e8cf9c61c1cbed2c3ded7548fdda,26/06/2023 00:05:39,ESCANER
21736,"Izabal",18,"Morales",4,3368,215,63,9,14,0,25,0,1,0,0,0,0,112,6,2,120,0,120,--,212,92,112,120,120,Algún campo sin dato,1,3d0000c5ab2c2fd790d4db99c30b951947f37a06992649730d8627ce45fa425e,25/06/2023 23:18:18,ESCANER
21737,"Izabal",18,"Morales",4,3368,214,51,12,8,0,17,0,0,0,2,0,0,90,16,3,109,0,109,--,211,102,90,109,109,Algún campo sin dato,1,513544d466b0122f77d9ab10709900669711f1453d53244a08580100ccca328a,26/06/2023 00:05:45,ESCANER
21738,"Izabal",18,"Morales",4,3369,380,97,36,21,5,28,0,6,0,2,0,4,199,34,5,238,0,238,--,380,142,199,238,238,Algún campo sin dato,1,f0f1206aef1759aa3ada6ba096f175e4e9d2d4635ebac36aa8b40784c2b368f1,25/06/2023 23:22:58,ESCANER
21739,"Izabal",18,"Morales",4,3369,380,,,,,,,,,,,,,,,,,,,,,,,,,0,,,
21740,"Izabal",18,"Morales",4,3369,380,,,,,,,,,,,,,,,,,,,,,,,,,0,,,
21741,"Izabal",18,"Morales",4,3369,380,138,45,11,0,18,0,3,2,2,0,0,219,9,2,230,16,246,--,380,134,219,230,246,Algún campo sin dato,1,7c0e408f52b38d9b3bf69b7e79f9ebe97cab6216b76e16eaa276da6bac6225e9,26/06/2023 00:20:49,ESCANER
21742,"Izabal",18,"Morales",4,3369,380,112,41,15,2,19,0,6,0,1,0,4,200,13,1,214,0,214,--,380,166,200,214,214,Algún campo sin dato,1,08649020ebbe0c08222cc46633aeae2bf467748efdfe5880db3ce676d8db7219,25/06/2023 23:59:13,ESCANER
21743,"Izabal",18,"Morales",4,3369,380,,,,,,,,,,,,,,,,,,,,,,,,,0,,,
21744,"Izabal",18,"Morales",4,3369,380,112,43,17,1,25,3,7,0,1,0,0,209,22,3,234,0,234,--,380,146,209,234,234,Algún campo sin dato,1,c67c2e89980fb7f682438bcda9a7dc9d8eee462b58a7e1a2a8f053520d7b4f6a,26/06/2023 00:13:28,ESCANER
21745,"Izabal",18,"Morales",4,3369,380,,,,,,,,,,,,,,,,,,,,,,,,,0,,,
21746,"Izabal",18,"Morales",4,3369,380,,,,,,,,,,,,,,,,,,,,,,,,,0,,,
21747,"Izabal",18,"Morales",4,3369,380,,,,,,,,,,,,,,,,,,,,,,,,,0,,,
21748,"Izabal",18,"Morales",4,3369,380,,,,,,,,,,,,,,,,,,,,,,,,,0,,,
21749,"Izabal",18,"Morales",4,3369,359,,,,,,,,,,,,,,,,,,,,,,,,,0,,,
21750,"Izabal",18,"Morales",4,3369,358,78,19,21,0,15,0,2,0,3,0,1,139,17,3,159,0,159,--,358,199,139,159,159,Algún campo sin dato,1,d46a4c00e0cb49a1f9a431449ca1bd8a471c75fc170984570e5e3836adb2e695,25/06/2023 23:50:17,ESCANER
21751,"Izabal",18,"Morales",4,3370,380,122,15,15,0,19,2,7,2,0,0,0,182,35,7,224,0,224,--,377,153,182,224,224,Algún campo sin dato,1,53bc85799bf94f42b988f577a5584389f4eabfb1dabd775f60a77518272bb93f,26/06/2023 00:21:16,ESCANER
21752,"Izabal",18,"Morales",4,3370,380,102,23,27,0,24,3,6,1,2,0,3,191,26,5,222,0,222,--,380,158,191,222,222,Algún campo sin dato,1,fea5efc24d37b2ef1b5b86fb465d3a289573436157d144fe73a4fa3e7c74907c,25/06/2023 23:47:16,ESCANER
21753,"Izabal",18,"Morales",4,3370,380,92,11,11,0,23,0,7,0,7,1,0,152,21,5,178,0,178,--,397,219,152,178,178,Algún campo sin dato,1,eca0f3be03e2c24cb303f055f05324719dd1e7eb3ed62aa7dfb80c4fc198bef0,25/06/2023 23:08:32,ESCANER
21754,"Izabal",18,"Morales",4,3370,380,110,13,19,0,24,0,5,1,0,0,1,173,24,8,205,0,205,--,370,165,173,205,205,Algún campo sin dato,1,fe29a980ddc608f265c30bb86461ad2bc93f8a3b88a728b92876236352e81b73,25/06/2023 23:41:01,ESCANER
21755,"Izabal",18,"Morales",4,3370,380,,,,,,,,,,,,,,,,,,,,,,,,,0,,,
21756,"Izabal",18,"Morales",4,3370,330,101,15,33,0,19,0,3,0,1,1,0,173,7,2,182,0,182,--,330,148,173,182,182,Algún campo sin dato,1,7cf0a76d1418459d362c0b6f763f19fc91c11ecca94256e3903bc3ecb0d8269a,25/06/2023 23:33:55,ESCANER
21757,"Izabal",18,"Morales",4,3370,330,83,13,13,0,28,1,4,0,1,0,0,143,15,0,158,1,159,--,331,169,143,158,159,Algún campo sin dato,1,9c168fcbdd792d6d5a365484d254071e87aaff0ecf430557a36c8b8d1858e576,26/06/2023 00:01:01,ESCANER
21758,"Izabal",18,"Morales",4,3371,380,,,,,,,,,,,,,,,,,,,,,,,,,0,,,
21759,"Izabal",18,"Morales",4,3371,380,,,,,,,,,,,,,,,,,,,,,,,,,0,,,
21760,"Izabal",18,"Morales",4,3371,380,,,,,,,,,,,,,,,,,,,,,,,,,0,,,
21761,"Izabal",18,"Morales",4,3371,380,,,,,,,,,,,,,,,,,,,,,,,,,0,,,
21762,"Izabal",18,"Morales",4,3371,380,,,,,,,,,,,,,,,,,,,,,,,,,0,,,
21763,"Izabal",18,"Morales",4,3371,380,,,,,,,,,,,,,,,,,,,,,,,,,0,,,
21764,"Izabal",18,"Morales",4,3371,380,,,,,,,,,,,,,,,,,,,,,,,,,0,,,
21765,"Izabal",18,"Morales",4,3371,380,,,,,,,,,,,,,,,,,,,,,,,,,0,,,
21766,"Izabal",18,"Morales",4,3371,380,,,,,,,,,,,,,,,,,,,,,,,,,0,,,
21767,"Izabal",18,"Morales",4,3371,380,60,59,24,0,25,1,4,0,0,0,0,173,13,0,186,0,186,--,379,193,173,186,186,Algún campo sin dato,1,38336851b985ebeae75986e9b00a08acfd323bf82abae17a7aeffe87b05b31a4,25/06/2023 23:35:28,ESCANER
21768,"Izabal",18,"Morales",4,3371,223,24,21,12,0,19,1,3,0,0,0,0,80,7,1,88,0,88,--,223,135,80,88,88,Algún campo sin dato,1,36d27591366cfef75b87ce0ef2f0740d4a50c59ea68135ddeef4e9ad74b82e07,26/06/2023 00:03:38,ESCANER
21769,"Izabal",18,"Morales",4,3371,223,28,32,15,0,10,1,4,0,1,0,0,91,9,0,100,0,100,--,222,122,91,100,100,Algún campo sin dato,1,b7b6e1694c1012523ba7eb2632b4467098674987af820cac31a59ca9a3f3c811,25/06/2023 23:39:20,ESCANER
21770,"Izabal",18,"Morales",4,3372,380,,,,,,,,,,,,,,,,,,,,,,,,,0,,,
21771,"Izabal",18,"Morales",4,3372,380,,,,,,,,,,,,,,,,,,,,,,,,,0,,,
21772,"Izabal",18,"Morales",4,3372,380,,,,,,,,,,,,,,,,,,,,,,,,,0,,,
21773,"Izabal",18,"Morales",4,3372,370,,,,,,,,,,,,,,,,,,,,,,,,,0,,,
21774,"Izabal",18,"Morales",4,3372,369,,,,,,,,,,,,,,,,,,,,,,,,,0,,,
21775,"Izabal",18,"Morales",4,3373,380,,,,,,,,,,,,,,,,,,,,,,,,,0,,,
21776,"Izabal",18,"Morales",4,3373,380,60,61,37,2,15,19,6,1,1,0,0,202,24,9,235,0,235,--,381,146,202,235,235,Algún campo sin dato,1,fcc4b8a2318051f450ec7595d1ed7c77f140ffbd9ac6806d9d505cb95546859b,26/06/2023 00:24:40,ESCANER
21777,"Izabal",18,"Morales",4,3373,380,,,,,,,,,,,,,,,,,,,,,,,,,0,,,
21778,"Izabal",18,"Morales",4,3373,380,63,33,36,1,10,13,9,0,0,0,0,165,26,3,194,0,194,--,380,186,165,194,194,Algún campo sin dato,1,31564dae1f8c7ad52515ef7ea9830675ffd7b76049a53e2d1268f467d75a3e09,25/06/2023 23:05:33,ESCANER
21779,"Izabal",18,"Morales",4,3373,227,46,37,19,1,8,12,5,1,0,0,0,129,8,2,139,0,139,--,227,88,129,139,139,Algún campo sin dato,1,171d1b2e1f21f956d1738fbaa67b363a31bd511530d4f89610b67bb778c34fb3,25/06/2023 22:03:43,ESCANER
21780,"Izabal",18,"Morales",4,3373,226,38,16,15,1,7,6,1,0,0,0,0,84,12,2,98,0,98,--,226,128,84,98,98,Algún campo sin dato,1,0d36a73644bdf5d670b3830186de61f50a02d6af4139b3c63797860965889101,25/06/2023 22:57:37,ESCANER
21781,"Izabal",18,"Morales",4,3374,380,,,,,,,,,,,,,,,,,,,,,,,,,0,,,
21782,"Izabal",18,"Morales",4,3374,380,91,76,9,12,19,1,8,0,2,3,0,221,18,1,240,0,240,--,400,160,221,240,240,Algún campo sin dato,1,19eacd2b1f50daab969db6dcf64c449e7bfaadb7e5d20d5551b62feb9d545a14,26/06/2023 00:16:45,ESCANER
21783,"Izabal",18,"Morales",4,3374,255,79,44,9,6,8,0,8,0,1,0,1,156,14,1,171,0,171,--,255,84,156,171,171,Algún campo sin dato,1,910ab54fe0753cf7f6a258943faddf1e88f8ba06f25d8ac980c35c02b09db3c9,25/06/2023 22:46:32,ESCANER
21784,"Izabal",18,"Morales",4,3374,254,,,,,,,,,,,,,,,,,,,,,,,,,0,,,
21785,"Izabal",18,"Morales",4,3375,600,,,,,,,,,,,,,,,,,,,,,,,,,0,,,
21786,"Izabal",18,"Morales",4,3375,600,,,,,,,,,,,,,,,,,,,,,,,,,0,,,
21787,"Izabal",18,"Morales",4,3375,600,44,15,24,2,35,2,11,0,3,0,1,137,11,3,151,0,151,--,600,449,137,151,151,Algún campo sin dato,1,d831331c114d5808ebb05c8e2c6feeacc9c69bd403b77d5d2d9dddb08e910a59,26/06/2023 00:00:54,ESCANER
21788,"Izabal",18,"Morales",4,3375,600,,,,,,,,,,,,,,,,,,,,,,,,,0,,,
21789,"Izabal",18,"Morales",4,3375,600,34,18,14,0,28,2,6,0,0,0,1,103,11,3,117,1,118,--,600,482,103,117,118,Algún campo sin dato,1,b407e9904b2862428785fb03ed8c3749b34c583b94732bc9b0ae9caa90cfcb50,26/06/2023 00:23:15,ESCANER
21790,"Izabal",18,"Morales",4,3375,600,17,7,13,0,14,3,5,0,1,0,0,60,8,1,69,0,69,--,600,531,60,69,69,Algún campo sin dato,1,645f6f35613bd7090e49d631d0620dc2aaae461748f28c6fc2e76aa6d3223db7,25/06/2023 23:17:22,ESCANER
21791,"Izabal",18,"Morales",4,3375,515,4,5,7,0,4,0,2,0,1,0,0,23,1,0,24,0,24,--,--,--,23,24,24,Algún campo sin dato,1,efa66467b55d1fb056b5d5a396b44ff91ee2ef46f9b33444d33eb7480e2b52bd,25/06/2023 22:10:29,ESCANER
21792,"Izabal",18,"Morales",4,3375,514,5,4,4,--,--,--,--,--,--,--,--,13,3,--,--,--,16,--,514,498,13,16,16,Algún campo sin dato,1,1d1e83a1cfa1ed51a6c98b9d8931fa4679d23a921d9effd42d01948204796acf,25/06/2023 21:11:12,ESCANER