﻿TIPO_DE_ELECCIÓN:,CORPORACIÓN MUNICIPAL
26 junio 2023 00:25 (UTC -6)
ACTAS_ESPERADAS,ACTAS_CAPTURADAS,PORCENTAJE_ACTAS_CAPTURADAS,ACTAS_CONTABILIZADAS,PORCENTAJE_ACTAS_CONTABILIZADAS,ACTAS_NO_CONTABILIZADAS,LISTA_NOMINAL_ACTAS_CONTABILIZADAS,VOTOS_EMITIDOS_CONTABILIZADAS,PORCENTAJE_PARTICIPACIÓN_CIUDADANA
130,75,57.6923,75,57.6923,0,26592,19400,72.9542

MESA,DEPARTAMENTO,ID_DEPARTAMENTO,MUNICIPIO,ID_MUNICIPIO,CENTRO_DE_VOTACIÓN,PADRÓN,VAMOS,UNE,TODOS,CABAL,VIVA,SEMILLA,VOS,MLP,VALOR UNIONISTA,VÁLIDOS,NULOS,BLANCO,EMITIDOS,INVÁLIDOS,TOTAL,IMPUGNACIONES,PAPELETAS-RECIBIDAS,PAPELETAS-NO-USADAS,VALIDOS_CALCULADO,EMITIDOS_CALCULADO,TOTAL_CALCULADO,OBSERVACIONES,CONTABILIZADA,CÓDIGO_INTEGRIDAD,FECHA_HORA_PUBLICACIÓN,DIGITALIZACIÓN
9229,"Sololá",7,"Nahualá",5,1127,400,165,6,4,131,4,1,5,6,2,324,8,5,337,0,337,--,400,63,324,337,337,Algún campo sin dato,1,87a45c707b090eaae02fbdbe3295cbd5d389218ad2c3dc83a65a15c35b2ec305,25/06/2023 23:41:26,ESCANER
9230,"Sololá",7,"Nahualá",5,1127,400,154,6,5,140,4,3,6,13,1,332,10,5,347,0,347,--,400,53,332,347,347,Algún campo sin dato,1,808a82881c2ae37ebccfea6843843de5feb01efa66eaca3d9862f8026e823988,25/06/2023 22:56:06,ESCANER
9231,"Sololá",7,"Nahualá",5,1127,400,165,6,4,125,5,1,5,7,2,320,14,16,350,0,350,--,400,50,320,350,350,Algún campo sin dato,1,08002e8123668f0b0808ea9a6b318fb618e3b1261403e813fc4dfd90eb1c1ec9,25/06/2023 22:48:05,ESCANER
9232,"Sololá",7,"Nahualá",5,1127,400,153,5,3,166,7,2,2,13,1,352,11,8,371,0,371,--,400,29,352,371,371,Algún campo sin dato,1,7c88c3ab8ecc2206d9192dae061dfde533bdaa152fda66f4e154980aa4571f25,25/06/2023 22:49:02,ESCANER
9233,"Sololá",7,"Nahualá",5,1127,400,,,,,,,,,,,,,,,,,,,,,,,0,,,
9234,"Sololá",7,"Nahualá",5,1127,400,163,6,13,99,5,2,14,10,0,312,10,18,340,0,340,--,400,60,312,340,340,Algún campo sin dato,1,067bda2b7467d14b31fc5f37e4840a8fe6751a28ef9a0481b2baeea6aaf258d3,25/06/2023 23:24:08,ESCANER
9235,"Sololá",7,"Nahualá",5,1127,400,143,10,4,138,11,3,5,7,1,322,14,8,344,0,344,--,399,55,322,344,344,Algún campo sin dato,1,37965966dd5ac0f65f1206376232dc043e2cabf5e42999785e1355beb9f8185a,25/06/2023 23:28:58,ESCANER
9236,"Sololá",7,"Nahualá",5,1127,400,139,28,6,126,6,2,5,12,0,324,8,8,340,0,340,--,400,60,324,340,340,Algún campo sin dato,1,f7903476d3d1b1bd9a93d8a1fe8fcf132b691e59cd17ae9be56894d3375053d6,25/06/2023 22:51:01,ESCANER
9237,"Sololá",7,"Nahualá",5,1127,400,121,10,1,164,2,1,14,6,2,321,7,9,337,0,337,--,400,63,321,337,337,Algún campo sin dato,1,653b7dcc2685c8a273c29e39b595ff36f5992605908640f6285546fd5fc6837e,25/06/2023 23:06:13,ESCANER
9238,"Sololá",7,"Nahualá",5,1127,400,166,11,2,125,5,1,1,1,4,316,8,4,328,0,328,--,400,72,316,328,328,Algún campo sin dato,1,ab00c5c4fc2a7128ec139f663c1b43bba30384b06263c96ae7a83bd1c2aa7dad,26/06/2023 00:13:54,ESCANER
9239,"Sololá",7,"Nahualá",5,1127,400,,,,,,,,,,,,,,,,,,,,,,,0,,,
9240,"Sololá",7,"Nahualá",5,1127,400,126,7,4,115,5,1,12,6,1,277,7,6,290,0,290,--,400,110,277,290,290,Algún campo sin dato,1,092a435d6e697a4e1337b8c44d2c83fac9dc49e24dd1369063678198e8a3430c,25/06/2023 23:34:59,ESCANER
9241,"Sololá",7,"Nahualá",5,1128,400,117,2,2,139,3,3,9,5,0,280,7,10,297,0,297,--,400,103,280,297,297,Algún campo sin dato,1,df64978c6ef52a834e9138a5702e9bbd956104e26ddff4fb1b8b504b51c7fc8b,25/06/2023 21:42:21,ESCANER
9242,"Sololá",7,"Nahualá",5,1128,400,120,9,2,117,4,4,8,4,2,270,5,7,282,0,282,--,400,118,270,282,282,Algún campo sin dato,1,65b94b193e2bfc581007588dc7c6e097b2f403cd0c305d64c8ff776bc29292a1,25/06/2023 22:22:09,ESCANER
9243,"Sololá",7,"Nahualá",5,1128,400,125,6,6,131,6,1,6,1,0,282,4,2,288,0,288,--,400,112,282,288,288,Algún campo sin dato,1,2926741429d4b9cd70b0afed5c13ce89d6657d5093965a6d35289ffbc1a34bff,25/06/2023 22:02:10,ESCANER
9244,"Sololá",7,"Nahualá",5,1128,400,139,4,4,111,2,2,6,3,2,273,5,4,282,0,282,--,400,118,273,282,282,Algún campo sin dato,1,af0da32f6e0bb677bc43a77a77cf804f0b06e0c35edc46b3bf8af6bc30c7811a,26/06/2023 00:06:57,ESCANER
9245,"Sololá",7,"Nahualá",5,1128,312,107,2,2,89,1,3,2,1,0,207,2,2,211,0,211,--,312,101,207,211,211,Algún campo sin dato,1,3787b1d2fac9e43f033b5cc7f245581cf20a3fd2956a86f214b0588206b46719,25/06/2023 22:27:12,ESCANER
9246,"Sololá",7,"Nahualá",5,1128,312,103,2,5,91,1,0,2,1,2,207,4,2,213,0,213,--,312,99,207,213,213,Algún campo sin dato,1,a434cf5d5d8aa2fbaad2d1791c64e7938046d1b6443e6f002e0193f643ad83ac,25/06/2023 21:54:48,ESCANER
9247,"Sololá",7,"Nahualá",5,1129,400,165,3,1,101,16,0,7,2,1,296,12,10,318,0,318,--,400,82,296,318,318,Algún campo sin dato,1,19a544312636ebed2fc527a15024403d125672d5c6e4141f7283da91fb0bf0ff,26/06/2023 00:21:41,ESCANER
9248,"Sololá",7,"Nahualá",5,1129,400,,,,,,,,,,,,,,,,,,,,,,,0,,,
9249,"Sololá",7,"Nahualá",5,1129,400,,,,,,,,,,,,,,,,,,,,,,,0,,,
9250,"Sololá",7,"Nahualá",5,1129,400,154,6,2,100,45,1,8,1,5,322,10,13,345,0,345,--,400,55,322,345,345,Algún campo sin dato,1,b768722f6e4bc371f7fa770c2dcab8861b112870e0d1f868051042eefcef3bbf,25/06/2023 23:20:50,ESCANER
9251,"Sololá",7,"Nahualá",5,1129,400,,,,,,,,,,,,,,,,,,,,,,,0,,,
9252,"Sololá",7,"Nahualá",5,1129,400,,,,,,,,,,,,,,,,,,,,,,,0,,,
9253,"Sololá",7,"Nahualá",5,1129,400,135,4,2,146,2,1,4,2,0,296,10,12,318,0,318,--,400,82,296,318,318,Algún campo sin dato,1,86a6735bb6401e4f111af83c9323c308f287bd5eff153181399108d79d19fbc5,25/06/2023 22:35:40,ESCANER
9254,"Sololá",7,"Nahualá",5,1129,400,111,11,1,169,6,1,0,2,1,302,10,12,324,0,324,--,400,73,302,324,324,Algún campo sin dato,1,3fbbb4de22ebf3ab3209d8a5a0041fa1ac161a6d2130338709481c187cab3393,25/06/2023 22:55:19,ESCANER
9255,"Sololá",7,"Nahualá",5,1129,400,,,,,,,,,,,,,,,,,,,,,,,0,,,
9256,"Sololá",7,"Nahualá",5,1129,400,,,,,,,,,,,,,,,,,,,,,,,0,,,
9257,"Sololá",7,"Nahualá",5,1130,400,125,4,0,125,10,3,7,0,2,276,9,6,291,0,291,--,400,109,276,291,291,Algún campo sin dato,1,f30eef3e6e7be35749d9656fb538e5f1f0b7f07c94e8d37a53606bc4bae7f90d,25/06/2023 22:33:59,ESCANER
9258,"Sololá",7,"Nahualá",5,1130,400,135,4,0,124,12,0,6,3,1,185,7,2,294,0,294,--,400,106,285,294,294,Sumas Asentadas sin cuadrar,1,49b12e15a7389d97fcfcf76c5d03a0dbbdb9805a818b24c8e3ac08b9fce08eaa,25/06/2023 23:54:58,ESCANER
9259,"Sololá",7,"Nahualá",5,1130,400,143,5,2,95,10,0,6,4,1,266,4,2,272,0,272,0,400,128,266,272,272,,1,d13df3dae20f8ea09a552f7ca734219a3a8042f1e585d02499b85c19dd8ee3d5,25/06/2023 22:40:02,ESCANER
9260,"Sololá",7,"Nahualá",5,1130,400,150,0,3,86,5,4,7,2,0,257,2,0,259,0,259,--,400,141,257,259,259,Algún campo sin dato,1,0c8d04bbdbfc99e920eaf483149536ec5be8d774c0fdac62040044e1972fd3b1,25/06/2023 22:46:12,ESCANER
9261,"Sololá",7,"Nahualá",5,1130,264,99,1,0,61,4,0,6,2,0,173,1,2,176,0,176,--,261,85,173,176,176,Algún campo sin dato,1,a703bc2a7acf8f6c156045a012baf3148e75b4143f4e231c6f7ce33ec93a3bb7,25/06/2023 23:59:22,ESCANER
9262,"Sololá",7,"Nahualá",5,1130,264,96,3,1,53,5,0,2,2,1,163,3,3,169,0,169,--,264,95,163,169,169,Algún campo sin dato,1,b10f0bfd707ac7c5a3d78c379df9d469794db903065a3b9b059933a253ab9087,25/06/2023 22:52:29,ESCANER
9263,"Sololá",7,"Nahualá",5,1131,400,141,4,2,161,3,1,3,3,2,320,12,4,336,0,336,--,400,64,320,336,336,Algún campo sin dato,1,cd1375f996c2f4b012dfd996013b44b46ddcde642179c2b696ebdfac47c9a2c2,25/06/2023 23:44:14,ESCANER
9264,"Sololá",7,"Nahualá",5,1131,400,,,,,,,,,,,,,,,,,,,,,,,0,,,
9265,"Sololá",7,"Nahualá",5,1131,400,,,,,,,,,,,,,,,,,,,,,,,0,,,
9266,"Sololá",7,"Nahualá",5,1131,400,,,,,,,,,,,,,,,,,,,,,,,0,,,
9267,"Sololá",7,"Nahualá",5,1131,400,141,5,1,185,3,1,1,2,2,341,7,14,362,0,362,--,400,38,341,362,362,Algún campo sin dato,1,5698f7872525af76837afdeb9b9177634ddf69a454582848a563499e2479622e,26/06/2023 00:04:00,ESCANER
9268,"Sololá",7,"Nahualá",5,1132,400,,,,,,,,,,,,,,,,,,,,,,,0,,,
9269,"Sololá",7,"Nahualá",5,1132,400,139,5,2,170,9,1,0,1,3,330,4,8,342,0,342,--,400,58,330,342,342,Algún campo sin dato,1,68c7b13e17d7cf30976567cbfebdc09b254f1ca2dc4672c9d612aa4965e64921,25/06/2023 23:55:27,ESCANER
9270,"Sololá",7,"Nahualá",5,1132,400,126,2,3,127,6,2,0,2,0,268,2,1,271,0,271,--,400,129,268,271,271,Algún campo sin dato,1,4429ee85abaef672ab06ecbe15e79283f55f7195f04cab0ee579ef92a0a6fdb1,25/06/2023 21:54:33,ESCANER
9271,"Sololá",7,"Nahualá",5,1132,400,,,,,,,,,,,,,,,,,,,,,,,0,,,
9272,"Sololá",7,"Nahualá",5,1132,400,107,7,3,149,4,2,1,4,1,278,7,5,290,0,290,--,400,110,278,290,290,Algún campo sin dato,1,2f784c194b3b752a6b58e846e049b99bd0db02b530a2a5b260ee55b83b404be0,25/06/2023 22:09:22,ESCANER
9273,"Sololá",7,"Nahualá",5,1133,400,147,3,6,135,1,0,1,1,3,297,2,0,299,0,299,--,400,101,297,299,299,Algún campo sin dato,1,c11fa6e6e991a64bf3d760b536020f6b78a6d26a882c111b530d1238f9e78f49,25/06/2023 23:21:03,ESCANER
9274,"Sololá",7,"Nahualá",5,1133,400,144,1,0,127,5,2,2,2,0,283,3,2,288,1,289,--,400,111,283,288,289,Algún campo sin dato,1,55396208e5f9b3d90594ecdafa7881c4f1197b5072b8ecdd9698a38938f76357,25/06/2023 23:00:00,ESCANER
9275,"Sololá",7,"Nahualá",5,1133,272,105,2,0,74,2,1,0,2,1,187,3,0,190,0,190,--,272,82,187,190,190,Algún campo sin dato,1,757a70991d58ffe7fded11b23c1cd97fd0b3df3a9a92189e11e96fb75aff3195,25/06/2023 21:19:43,ESCANER
9276,"Sololá",7,"Nahualá",5,1133,272,92,2,1,80,0,0,1,1,0,177,2,4,183,1,184,--,272,88,177,183,184,Algún campo sin dato,1,75716163c54eb2ed01510b6677b5d38bb9794197d2f39cfa7ab32b42de0cf157,26/06/2023 00:09:45,ESCANER
9277,"Sololá",7,"Nahualá",5,1134,380,,,,,,,,,,,,,,,,,,,,,,,0,,,
9278,"Sololá",7,"Nahualá",5,1134,380,,,,,,,,,,,,,,,,,,,,,,,0,,,
9279,"Sololá",7,"Nahualá",5,1134,380,161,4,0,96,0,0,0,1,5,267,17,5,289,0,289,0,379,90,267,289,289,,1,ee0c4c3726b346700af3d3743fe57090e6cef44c605ec208a9df3b4e2e2a18e2,26/06/2023 00:17:15,ESCANER
9280,"Sololá",7,"Nahualá",5,1134,380,160,11,1,93,0,0,0,0,4,269,8,14,291,0,291,--,380,89,269,291,291,Algún campo sin dato,1,f0a5601a1f90e708ef6f23275bf22fd259f00dee02979454b70a821630053a61,26/06/2023 00:20:09,ESCANER
9281,"Sololá",7,"Nahualá",5,1134,380,,,,,,,,,,,,,,,,,,,,,,,0,,,
9282,"Sololá",7,"Nahualá",5,1134,380,139,6,0,96,0,0,0,0,3,244,8,5,257,0,257,--,380,123,244,257,257,Algún campo sin dato,1,963301bafe76952e74e0a5448206d8cb51e61ecafde5ba02f86b344cbdd9b5d3,26/06/2023 00:24:13,ESCANER
9283,"Sololá",7,"Nahualá",5,1134,380,,,,,,,,,,,,,,,,,,,,,,,0,,,
9284,"Sololá",7,"Nahualá",5,1134,380,,,,,,,,,,,,,,,,,,,,,,,0,,,
9285,"Sololá",7,"Nahualá",5,1134,380,,,,,,,,,,,,,,,,,,,,,,,0,,,
9286,"Sololá",7,"Nahualá",5,1134,380,147,5,1,81,2,0,0,0,8,244,0,0,244,0,244,--,377,133,244,244,244,Algún campo sin dato,1,6447cf1fd4478679890d242fca700f0873b36d3c27d4a783ef3097ccb17e43eb,25/06/2023 23:29:33,ESCANER
9287,"Sololá",7,"Nahualá",5,1135,252,124,1,0,54,0,0,0,0,6,185,2,0,187,0,187,--,252,65,185,187,187,Algún campo sin dato,1,a736f67f6e3edf17d0393606bb0ed7efc460d1173342258eacc49ca7a3903f0f,26/06/2023 00:16:14,ESCANER
9288,"Sololá",7,"Nahualá",5,1135,251,89,4,2,58,4,0,0,1,1,159,4,6,169,0,--,--,251,82,159,169,169,Algún campo sin dato,1,a96c9919bb50a9d86df688709b5a50424666f1693bdd524a42add0d66a728ae0,25/06/2023 23:03:12,ESCANER
9289,"Sololá",7,"Nahualá",5,1136,380,,,,,,,,,,,,,,,,,,,,,,,0,,,
9290,"Sololá",7,"Nahualá",5,1136,380,,,,,,,,,,,,,,,,,,,,,,,0,,,
9291,"Sololá",7,"Nahualá",5,1136,380,,,,,,,,,,,,,,,,,,,,,,,0,,,
9292,"Sololá",7,"Nahualá",5,1136,380,,,,,,,,,,,,,,,,,,,,,,,0,,,
9293,"Sololá",7,"Nahualá",5,1136,380,,,,,,,,,,,,,,,,,,,,,,,0,,,
9294,"Sololá",7,"Nahualá",5,1136,199,,,,,,,,,,,,,,,,,,,,,,,0,,,
9295,"Sololá",7,"Nahualá",5,1136,198,,,,,,,,,,,,,,,,,,,,,,,0,,,
9296,"Sololá",7,"Nahualá",5,1137,380,155,12,1,99,1,0,1,1,0,270,6,4,280,0,280,--,380,100,270,280,280,Algún campo sin dato,1,ed54fa7745b5a9bce212f0d0611f654fd8a0070986c9cb6affc7d8465bb44a1d,25/06/2023 23:57:40,ESCANER
9297,"Sololá",7,"Nahualá",5,1137,380,163,9,0,115,1,0,3,1,0,292,7,3,302,0,302,--,380,78,292,302,302,Algún campo sin dato,1,cc19ced326a258ca8da5d1dfb30c4da9db51f590b86cd81495f86933fe86beae,25/06/2023 22:58:20,ESCANER
9298,"Sololá",7,"Nahualá",5,1137,380,,,,,,,,,,,,,,,,,,,,,,,0,,,
9299,"Sololá",7,"Nahualá",5,1137,380,,,,,,,,,,,,,,,,,,,,,,,0,,,
9300,"Sololá",7,"Nahualá",5,1137,380,,,,,,,,,,,,,,,,,,,,,,,0,,,
9301,"Sololá",7,"Nahualá",5,1137,380,,,,,,,,,,,,,,,,,,,,,,,0,,,
9302,"Sololá",7,"Nahualá",5,1137,380,106,8,5,157,0,0,0,0,2,278,11,3,292,0,292,--,380,88,278,292,292,Algún campo sin dato,1,f0041f81c7c09a01caaffd66aef7a7aa3b58c2879581855e45624bad7a049f16,26/06/2023 00:16:09,ESCANER
9303,"Sololá",7,"Nahualá",5,1138,380,131,4,0,114,1,0,0,0,1,251,2,1,254,0,254,--,380,126,251,254,254,Algún campo sin dato,1,7bc7748e4325724dd378aa2fc88a0819089d7919ba4239faca51155cfc2259a8,25/06/2023 22:52:35,ESCANER
9304,"Sololá",7,"Nahualá",5,1138,380,130,9,1,117,1,0,0,1,2,261,5,5,271,--,--,--,380,109,261,271,271,Algún campo sin dato,1,311624477591a710b4f792e645fa7cca78a4d0e974f1a719e4b60080035c748e,25/06/2023 21:52:04,ESCANER
9305,"Sololá",7,"Nahualá",5,1138,380,139,6,1,97,0,0,0,0,1,244,12,4,260,--,--,--,380,120,244,260,260,Algún campo sin dato,1,502cd4ab7dfef46a44e86979b8ef50f12f1eddec1bf3d92b27fad87b2b85639b,25/06/2023 22:32:25,ESCANER
9306,"Sololá",7,"Nahualá",5,1138,380,,,,,,,,,,,,,,,,,,,,,,,0,,,
9307,"Sololá",7,"Nahualá",5,1138,380,144,1,1,106,6,0,0,0,2,260,11,10,281,0,281,--,380,99,260,281,281,Algún campo sin dato,1,39a51f16d10f57319569c8e38e6650c0cdd83a97e2ae7961aa25284ff9e23765,25/06/2023 22:35:47,ESCANER
9308,"Sololá",7,"Nahualá",5,1138,380,168,3,2,91,3,1,0,0,0,268,7,10,285,0,285,--,377,92,268,285,285,Algún campo sin dato,1,5d50f4e1957f7d041f0ccc0d52971682c759d9728241a26454a8573ae8931dfc,25/06/2023 22:58:35,ESCANER
9309,"Sololá",7,"Nahualá",5,1138,380,124,3,2,99,0,0,0,0,2,230,9,2,241,0,241,--,380,139,230,241,241,Algún campo sin dato,1,386ac5a88e7acc3eed72867d61b25c62a06fb32c06b775fa643217e5822e7516,26/06/2023 00:07:46,ESCANER
9310,"Sololá",7,"Nahualá",5,1139,380,130,1,6,114,2,0,0,0,0,253,2,0,255,0,255,--,280,125,253,255,255,Algún campo sin dato,1,9f9454b55e596a1fc04aef0be439963ce69510ae4b5741af61e2e19e1d4a63a7,26/06/2023 00:04:34,ESCANER
9311,"Sololá",7,"Nahualá",5,1139,380,149,2,0,124,1,0,1,0,0,277,5,1,283,0,283,--,380,97,277,283,283,Algún campo sin dato,1,6b2fa8bf0690f17ec88d4a46fb1ebbf3d705fe9c416cacb37771f6e0068039af,25/06/2023 22:57:34,ESCANER
9312,"Sololá",7,"Nahualá",5,1139,312,134,3,2,72,0,0,0,0,0,211,1,0,212,0,212,--,312,100,211,212,212,Algún campo sin dato,1,cad075533edbd81855366c36aee9acf12f89c6056a7dbca552570d81836a18c1,25/06/2023 23:21:41,ESCANER
9313,"Sololá",7,"Nahualá",5,1139,311,106,3,5,65,1,2,2,0,0,184,3,4,191,0,191,--,311,120,184,191,191,Algún campo sin dato,1,f401327d1a03a3359e856153a4c9da21f2c05753f6b2d249a9c43b3da2193b4b,25/06/2023 21:46:27,ESCANER
9314,"Sololá",7,"Nahualá",5,1140,380,,,,,,,,,,,,,,,,,,,,,,,0,,,
9315,"Sololá",7,"Nahualá",5,1140,380,,,,,,,,,,,,,,,,,,,,,,,0,,,
9316,"Sololá",7,"Nahualá",5,1140,380,,,,,,,,,,,,,,,,,,,,,,,0,,,
9317,"Sololá",7,"Nahualá",5,1140,380,169,3,0,81,2,5,0,0,1,261,4,6,271,0,0,--,380,109,261,271,271,Algún campo sin dato,1,ccc88e68a24f76ddd04e4d607d659d98dca1032d313d4d7e066e8677a307655e,25/06/2023 23:51:02,ESCANER
9318,"Sololá",7,"Nahualá",5,1140,380,,,,,,,,,,,,,,,,,,,,,,,0,,,
9319,"Sololá",7,"Nahualá",5,1140,380,,,,,,,,,,,,,,,,,,,,,,,0,,,
9320,"Sololá",7,"Nahualá",5,1140,341,,,,,,,,,,,,,,,,,,,,,,,0,,,
9321,"Sololá",7,"Nahualá",5,1140,341,175,1,0,48,0,6,0,1,1,232,0,1,233,0,0,--,341,108,232,233,233,Algún campo sin dato,1,93be4bed09af886c7b88bc7c680abdc594fcee5b395bd29fb2c413864a63e28e,25/06/2023 22:12:32,ESCANER
9322,"Sololá",7,"Nahualá",5,1141,380,,,,,,,,,,,,,,,,,,,,,,,0,,,
9323,"Sololá",7,"Nahualá",5,1141,380,,,,,,,,,,,,,,,,,,,,,,,0,,,
9324,"Sololá",7,"Nahualá",5,1141,380,,,,,,,,,,,,,,,,,,,,,,,0,,,
9325,"Sololá",7,"Nahualá",5,1141,380,,,,,,,,,,,,,,,,,,,,,,,0,,,
9326,"Sololá",7,"Nahualá",5,1141,380,,,,,,,,,,,,,,,,,,,,,,,0,,,
9327,"Sololá",7,"Nahualá",5,1141,380,136,5,1,108,2,0,2,1,2,257,9,8,274,0,274,--,380,106,257,274,274,Algún campo sin dato,1,b574534cbf1edd93f5c04cbadd65c8da3a0dcc89e57e96fcfcd62039d0bb8106,26/06/2023 00:02:08,ESCANER
9328,"Sololá",7,"Nahualá",5,1141,380,,,,,,,,,,,,,,,,,,,,,,,0,,,
9329,"Sololá",7,"Nahualá",5,1141,380,151,3,1,102,1,0,5,0,0,263,3,3,269,0,269,--,380,111,263,269,269,Algún campo sin dato,1,89ddea0923c7db6bf5427da8816a07e467e45550396fff61242f190be9c7faa3,25/06/2023 23:04:39,ESCANER
9330,"Sololá",7,"Nahualá",5,1141,228,92,1,2,62,0,0,2,0,0,159,4,0,163,0,163,--,228,65,159,163,163,Algún campo sin dato,1,344f9471a74e47c8a135196506cadcb4fc8aba71d70ecb740d752b6f6142b296,26/06/2023 00:19:03,ESCANER
9331,"Sololá",7,"Nahualá",5,1141,227,79,1,1,48,0,0,2,0,0,131,5,3,139,0,139,0,227,85,131,139,139,,1,16ea375db81a639be3b9a0271c6fd15d92b212594487ba3f84352a5eb2961f1b,25/06/2023 22:24:25,ESCANER
9332,"Sololá",7,"Nahualá",5,1142,380,,,,,,,,,,,,,,,,,,,,,,,0,,,
9333,"Sololá",7,"Nahualá",5,1142,216,125,1,1,41,0,0,0,1,0,169,2,5,176,0,176,--,215,39,169,176,176,Algún campo sin dato,1,090aeaa686dc2d1509d42d3ed6ae9a6f2ccb10a3e13643aa53583f3a9138e182,25/06/2023 23:19:20,ESCANER
9334,"Sololá",7,"Nahualá",5,1142,216,124,1,0,39,0,0,0,0,0,164,1,0,165,0,165,--,216,51,164,165,165,Algún campo sin dato,1,1d466237c820fae016d6976bf2fde889a7cdd1ff3303f7b7d4b8c84e3f5465e8,25/06/2023 23:28:12,ESCANER
9335,"Sololá",7,"Nahualá",5,1143,380,93,16,4,113,6,0,2,0,11,245,11,10,266,0,266,--,380,114,245,266,266,Algún campo sin dato,1,bd67468f1b8546373ace499e0c55424d6f16c14e180fb062c266155accc32ecf,26/06/2023 00:21:16,ESCANER
9336,"Sololá",7,"Nahualá",5,1143,380,76,15,6,99,3,0,0,0,16,215,10,15,240,0,240,--,380,140,215,240,240,Algún campo sin dato,1,bd6ff4643e4a5a0662486894ccdb6d45ccec8c8092cd038258c6ae05085e55ef,25/06/2023 23:42:36,ESCANER
9337,"Sololá",7,"Nahualá",5,1143,380,75,12,3,116,3,0,0,0,13,222,9,8,239,0,239,--,380,141,222,239,239,Algún campo sin dato,1,9babf9e4cfaa39030002e02bdf9fce3f7f1173bcf9acef2727a8b36f31fa9ab0,25/06/2023 23:11:24,ESCANER
9338,"Sololá",7,"Nahualá",5,1143,260,57,3,2,61,0,0,0,0,8,131,10,5,146,0,146,--,260,114,131,146,146,Algún campo sin dato,1,729713ae3dffc232423f4330cba0548c4bbaa2e1e9d0714192aedd62898faa0b,25/06/2023 22:02:34,ESCANER
9339,"Sololá",7,"Nahualá",5,1143,259,,,,,,,,,,,,,,,,,,,,,,,0,,,
9340,"Sololá",7,"Nahualá",5,1144,380,211,1,3,99,1,0,0,0,2,317,5,10,332,0,332,--,380,48,317,332,332,Algún campo sin dato,1,bff7020a99d24ab9f52280388b602ade1149b6b389f5b615f66240f3cb29008b,25/06/2023 23:17:10,ESCANER
9341,"Sololá",7,"Nahualá",5,1144,236,115,1,1,62,0,0,0,0,0,179,4,5,188,0,188,--,236,48,179,188,188,Algún campo sin dato,1,5c634d22e885d3098904b9c031b2d339c9974e3437f7f24a5145f8c66ed53c88,25/06/2023 22:02:24,ESCANER
9342,"Sololá",7,"Nahualá",5,1144,236,125,1,0,52,0,0,0,0,0,178,3,0,181,0,181,--,236,55,178,181,181,Algún campo sin dato,1,fa1f7fb49d568884bd959793477c4597bf783a59cd9f41bb463fb04f2c8dcea0,25/06/2023 21:12:09,ESCANER
9343,"Sololá",7,"Nahualá",5,1145,380,,,,,,,,,,,,,,,,,,,,,,,0,,,
9344,"Sololá",7,"Nahualá",5,1145,380,152,16,3,131,4,1,2,0,0,309,7,11,327,0,327,--,380,53,309,327,327,Algún campo sin dato,1,b0614c1aab5afab3a07a6b673adc43a7b47b1048a6e2f0a2ba0f6812b22e51bc,26/06/2023 00:05:13,ESCANER
9345,"Sololá",7,"Nahualá",5,1146,380,,,,,,,,,,,,,,,,,,,,,,,0,,,
9346,"Sololá",7,"Nahualá",5,1146,212,81,3,1,63,1,0,1,1,2,153,0,0,153,0,153,--,212,59,153,153,153,Algún campo sin dato,1,f1ca782fdacad4160092faf2d601ff6db87cfa3a904b8a6fd3ed5072faff4249,25/06/2023 22:35:30,ESCANER
9347,"Sololá",7,"Nahualá",5,1146,212,87,2,0,57,1,0,0,0,0,147,0,0,147,0,147,--,212,65,147,147,147,Algún campo sin dato,1,5f3e8b5626e7cb48060db354ab0f29a4385ce5892b7de55d766075c9d68e7bf8,25/06/2023 21:53:13,ESCANER
9348,"Sololá",7,"Nahualá",5,1147,380,,,,,,,,,,,,,,,,,,,,,,,0,,,
9349,"Sololá",7,"Nahualá",5,1147,380,,,,,,,,,,,,,,,,,,,,,,,0,,,
9350,"Sololá",7,"Nahualá",5,1147,380,111,5,16,99,2,0,6,0,0,239,10,8,257,0,257,--,380,123,239,257,257,Algún campo sin dato,1,0f1692bd1b2d2ad3de0df0a9df7c885b466ebdd189a39019929a2a74e00f1e54,25/06/2023 22:35:53,ESCANER
9351,"Sololá",7,"Nahualá",5,1148,297,,,,,,,,,,,,,,,,,,,,,,,0,,,
9352,"Sololá",7,"Nahualá",5,1148,296,,,,,,,,,,,,,,,,,,,,,,,0,,,
9353,"Sololá",7,"Nahualá",5,1149,350,,,,,,,,,,,,,,,,,,,,,,,0,,,
9354,"Sololá",7,"Nahualá",5,1149,350,,,,,,,,,,,,,,,,,,,,,,,0,,,
9355,"Sololá",7,"Nahualá",5,1150,286,,,,,,,,,,,,,,,,,,,,,,,0,,,
9356,"Sololá",7,"Nahualá",5,1150,286,,,,,,,,,,,,,,,,,,,,,,,0,,,
9357,"Sololá",7,"Nahualá",5,1151,333,17,1,1,34,2,0,1,1,1,58,2,1,61,0,61,--,333,272,58,61,61,Algún campo sin dato,1,53b05fa41d8ae93672821abd1e28d122a49ac8e44f3e9773af49f954376979e1,25/06/2023 21:51:23,ESCANER
9358,"Sololá",7,"Nahualá",5,1151,333,13,1,0,22,3,0,0,2,0,41,2,2,45,0,45,--,333,288,41,45,45,Algún campo sin dato,1,a7467c371e2f22e5587acbf9f4645fbe52e9bb61b6c50ae2f449502a7a7d171e,25/06/2023 21:22:58,ESCANER