﻿TIPO_DE_ELECCIÓN:,CORPORACIÓN MUNICIPAL
26 junio 2023 00:25 (UTC -6)
ACTAS_ESPERADAS,ACTAS_CAPTURADAS,PORCENTAJE_ACTAS_CAPTURADAS,ACTAS_CONTABILIZADAS,PORCENTAJE_ACTAS_CONTABILIZADAS,ACTAS_NO_CONTABILIZADAS,LISTA_NOMINAL_ACTAS_CONTABILIZADAS,VOTOS_EMITIDOS_CONTABILIZADAS,PORCENTAJE_PARTICIPACIÓN_CIUDADANA
58,27,46.5517,27,46.5517,0,10473,5461,52.1436

MESA,DEPARTAMENTO,ID_DEPARTAMENTO,MUNICIPIO,ID_MUNICIPIO,CENTRO_DE_VOTACIÓN,PADRÓN,CABAL,VAMOS,UNE,PODEMOS,VALOR,BIEN,CAMBIO,VIVA,VÁLIDOS,NULOS,BLANCO,EMITIDOS,INVÁLIDOS,TOTAL,IMPUGNACIONES,PAPELETAS-RECIBIDAS,PAPELETAS-NO-USADAS,VALIDOS_CALCULADO,EMITIDOS_CALCULADO,TOTAL_CALCULADO,OBSERVACIONES,CONTABILIZADA,CÓDIGO_INTEGRIDAD,FECHA_HORA_PUBLICACIÓN,DIGITALIZACIÓN
15950,"Huehuetenango",13,"Santa Eulalia",17,2344,400,54,66,96,14,13,2,0,0,245,12,4,261,0,261,--,400,139,245,261,261,Algún campo sin dato,1,bac9c45bc854fa54b5e1aefd23f4bf8ebb4b4804ae425898ccead3eebeecc5c9,25/06/2023 23:23:56,ESCANER
15951,"Huehuetenango",13,"Santa Eulalia",17,2344,400,,,,,,,,,,,,,,,,,,,,,,0,,,
15952,"Huehuetenango",13,"Santa Eulalia",17,2344,400,61,70,94,10,8,0,1,2,246,17,5,268,0,268,--,400,132,246,268,268,Algún campo sin dato,1,648721754f6b86e7e35a348546ed5e31ed4545a5e384242d0238207b3f11a1fc,25/06/2023 23:32:38,ESCANER
15953,"Huehuetenango",13,"Santa Eulalia",17,2344,400,,,,,,,,,,,,,,,,,,,,,,0,,,
15954,"Huehuetenango",13,"Santa Eulalia",17,2344,400,,,,,,,,,,,,,,,,,,,,,,0,,,
15955,"Huehuetenango",13,"Santa Eulalia",17,2344,400,,,,,,,,,,,,,,,,,,,,,,0,,,
15956,"Huehuetenango",13,"Santa Eulalia",17,2344,400,,,,,,,,,,,,,,,,,,,,,,0,,,
15957,"Huehuetenango",13,"Santa Eulalia",17,2344,400,,,,,,,,,,,,,,,,,,,,,,0,,,
15958,"Huehuetenango",13,"Santa Eulalia",17,2345,400,50,77,73,5,19,0,0,2,226,4,0,230,3,233,--,400,167,226,230,233,Algún campo sin dato,1,d38d1946b7674df6639f311ba35f1e8135fd62832405857cdc74179983f81b05,25/06/2023 23:33:11,ESCANER
15959,"Huehuetenango",13,"Santa Eulalia",17,2345,400,41,71,78,11,20,1,0,2,224,6,9,239,0,239,--,400,161,224,239,239,Algún campo sin dato,1,2809da4dda08c70911893419e26a0426a513baff10e847c3f2e20b873daddbb6,26/06/2023 00:04:08,ESCANER
15960,"Huehuetenango",13,"Santa Eulalia",17,2345,400,45,94,62,6,17,3,0,1,228,6,10,244,0,244,--,400,156,228,244,244,Algún campo sin dato,1,5adc927c22ca625eef9e30b09186bfdb1e35439e8f4af160a95e4c26e3ecd511,25/06/2023 23:45:27,ESCANER
15961,"Huehuetenango",13,"Santa Eulalia",17,2345,400,,,,,,,,,,,,,,,,,,,,,,0,,,
15962,"Huehuetenango",13,"Santa Eulalia",17,2345,400,,,,,,,,,,,,,,,,,,,,,,0,,,
15963,"Huehuetenango",13,"Santa Eulalia",17,2345,400,66,83,63,4,15,1,0,2,234,10,10,254,0,254,--,400,146,234,254,254,Algún campo sin dato,1,344262ef8d3105bcc191cd2a41b8d011ba926e10183ae39dcf508d3ca54f0acc,26/06/2023 00:17:31,ESCANER
15964,"Huehuetenango",13,"Santa Eulalia",17,2345,400,,,,,,,,,,,,,,,,,,,,,,0,,,
15965,"Huehuetenango",13,"Santa Eulalia",17,2345,400,,,,,,,,,,,,,,,,,,,,,,0,,,
15966,"Huehuetenango",13,"Santa Eulalia",17,2345,400,,,,,,,,,,,,,,,,,,,,,,0,,,
15967,"Huehuetenango",13,"Santa Eulalia",17,2345,400,55,61,56,13,18,1,0,1,205,7,7,219,0,219,--,400,181,205,219,219,Algún campo sin dato,1,a20c3d00d43b917d45da71594ee1a49aa8721bb1394ab551891cb04abe671907,25/06/2023 23:52:08,ESCANER
15968,"Huehuetenango",13,"Santa Eulalia",17,2346,400,60,55,71,5,13,2,1,0,207,6,2,215,2,217,--,400,183,207,215,217,Algún campo sin dato,1,04683424f79ef4e7f7777a23cdc1e5e89a6d94d4a2e5c4da1a55ed3c523636ad,25/06/2023 23:03:09,ESCANER
15969,"Huehuetenango",13,"Santa Eulalia",17,2346,400,,,,,,,,,,,,,,,,,,,,,,0,,,
15970,"Huehuetenango",13,"Santa Eulalia",17,2346,400,,,,,,,,,,,,,,,,,,,,,,0,,,
15971,"Huehuetenango",13,"Santa Eulalia",17,2346,400,29,85,70,11,17,4,0,2,218,2,4,224,0,224,--,400,176,218,224,224,Algún campo sin dato,1,50f0121428ff0edc17959140455b74a8d0945a1cf60e535ae17e2eec6cb35af2,25/06/2023 23:11:33,ESCANER
15972,"Huehuetenango",13,"Santa Eulalia",17,2346,400,38,91,65,11,17,0,0,0,222,4,0,226,174,400,--,400,174,222,226,400,Algún campo sin dato,1,1a8b67c08f94515a8f7262d6a4f7860066aa2211fcae07cd898a4348965bed0b,25/06/2023 23:06:09,ESCANER
15973,"Huehuetenango",13,"Santa Eulalia",17,2346,400,,,,,,,,,,,,,,,,,,,,,,0,,,
15974,"Huehuetenango",13,"Santa Eulalia",17,2346,400,53,86,78,7,18,0,0,0,242,3,0,245,0,245,--,400,155,242,245,245,Algún campo sin dato,1,e171709f43b15dedf45942407dd06db395705e977c9833553420387cba329a65,26/06/2023 00:17:20,ESCANER
15975,"Huehuetenango",13,"Santa Eulalia",17,2346,400,,,,,,,,,,,,,,,,,,,,,,0,,,
15976,"Huehuetenango",13,"Santa Eulalia",17,2347,400,,,,,,,,,,,,,,,,,,,,,,0,,,
15977,"Huehuetenango",13,"Santa Eulalia",17,2347,400,,,,,,,,,,,,,,,,,,,,,,0,,,
15978,"Huehuetenango",13,"Santa Eulalia",17,2347,325,,,,,,,,,,,,,,,,,,,,,,0,,,
15979,"Huehuetenango",13,"Santa Eulalia",17,2347,325,32,49,46,7,17,1,0,0,152,7,0,159,0,159,--,322,163,152,159,159,Algún campo sin dato,1,80467f5adb23367e831785fb903bb587f287cfa26930421abc425edba5319bfe,25/06/2023 22:51:06,ESCANER
15980,"Huehuetenango",13,"Santa Eulalia",17,2348,400,,,,,,,,,,,,,,,,,,,,,,0,,,
15981,"Huehuetenango",13,"Santa Eulalia",17,2348,400,,,,,,,,,,,,,,,,,,,,,,0,,,
15982,"Huehuetenango",13,"Santa Eulalia",17,2348,400,77,74,48,3,20,1,0,3,226,10,3,239,0,239,--,400,161,226,239,239,Algún campo sin dato,1,273de1916ec006e5cbee73e6b9284e17f686289f8ee9c21452a715842b03de18,26/06/2023 00:17:25,ESCANER
15983,"Huehuetenango",13,"Santa Eulalia",17,2348,400,75,65,46,5,12,0,0,0,203,4,5,212,0,212,0,396,184,203,212,212,,1,d1811d563cdc25e5a5f713c72787cd1ae4a9045dde5cfa95a539d6c5b4b3f7a3,25/06/2023 22:44:02,ESCANER
15984,"Huehuetenango",13,"Santa Eulalia",17,2348,400,83,42,69,7,19,1,1,1,223,3,3,229,0,229,--,400,171,223,229,229,Algún campo sin dato,1,62d6164d5c6ce19354698f63629f01ee7c07b35b98f1b60b620ed0eb1bc4425d,25/06/2023 22:26:56,ESCANER
15985,"Huehuetenango",13,"Santa Eulalia",17,2348,321,73,41,47,3,17,0,0,0,181,1,1,183,0,183,0,321,138,181,183,183,,1,06250851d52bddf69ad99cd544962a9dea53ebc889735542ad99b8a343675fc7,25/06/2023 23:02:29,ESCANER
15986,"Huehuetenango",13,"Santa Eulalia",17,2348,321,68,40,57,4,17,0,0,0,186,2,1,189,0,189,--,321,132,186,189,189,Algún campo sin dato,1,48d865f308d0a686aa37fb82661d3970d19d6c4391b7604378be594e6598cf51,26/06/2023 00:14:20,ESCANER
15987,"Huehuetenango",13,"Santa Eulalia",17,2349,380,,,,,,,,,,,,,,,,,,,,,,0,,,
15988,"Huehuetenango",13,"Santa Eulalia",17,2349,380,,,,,,,,,,,,,,,,,,,,,,0,,,
15989,"Huehuetenango",13,"Santa Eulalia",17,2349,380,,,,,,,,,,,,,,,,,,,,,,0,,,
15990,"Huehuetenango",13,"Santa Eulalia",17,2349,380,,,,,,,,,,,,,,,,,,,,,,0,,,
15991,"Huehuetenango",13,"Santa Eulalia",17,2349,380,,,,,,,,,,,,,,,,,,,,,,0,,,
15992,"Huehuetenango",13,"Santa Eulalia",17,2350,380,,,,,,,,,,,,,,,,,,,,,,0,,,
15993,"Huehuetenango",13,"Santa Eulalia",17,2350,380,70,76,64,2,30,0,0,0,242,2,3,247,0,247,--,377,130,242,247,247,Algún campo sin dato,1,3d8e009b78984ac4882838b6bde22d6edee1c6b444bb9d49004823d6f6d98f29,25/06/2023 23:47:22,ESCANER
15994,"Huehuetenango",13,"Santa Eulalia",17,2350,339,54,73,58,5,39,0,0,0,229,0,1,230,0,230,--,336,106,229,230,230,Algún campo sin dato,1,5d13c1340ab3f4a2aee4464f8ce9ed91e1ced6985ad7b705a0c9e7b5bcd09169,25/06/2023 22:27:00,ESCANER
15995,"Huehuetenango",13,"Santa Eulalia",17,2350,338,65,48,59,3,35,0,0,0,210,0,4,214,1,215,--,335,120,210,214,215,Algún campo sin dato,1,8db3aa6b9ae54021bb66bcf93d3e9c813d6a9bdb8ac9dcb6d02d69ab54e7dced,25/06/2023 22:31:49,ESCANER
15996,"Huehuetenango",13,"Santa Eulalia",17,2351,380,,,,,,,,,,,,,,,,,,,,,,0,,,
15997,"Huehuetenango",13,"Santa Eulalia",17,2351,380,,,,,,,,,,,,,,,,,,,,,,0,,,
15998,"Huehuetenango",13,"Santa Eulalia",17,2351,380,,,,,,,,,,,,,,,,,,,,,,0,,,
15999,"Huehuetenango",13,"Santa Eulalia",17,2351,380,26,55,13,29,0,0,0,0,123,7,9,139,1,124,--,375,235,123,139,140,Sumas Asentadas sin cuadrar,1,c43d3dd43eb05fb466f01bc53c9a0cec44f962666340313a3073c3c34c677b19,25/06/2023 22:40:20,ESCANER
16000,"Huehuetenango",13,"Santa Eulalia",17,2351,380,,,,,,,,,,,,,,,,,,,,,,0,,,
16001,"Huehuetenango",13,"Santa Eulalia",17,2352,380,37,48,36,26,0,0,1,2,150,7,10,167,0,167,--,377,210,150,167,167,Algún campo sin dato,1,5f423aa63023ea72f892014c5b7a645035a459c4d3ec4bcdfc25f1494669bf5f,25/06/2023 23:39:10,ESCANER
16002,"Huehuetenango",13,"Santa Eulalia",17,2352,380,26,59,28,32,1,0,0,0,146,14,7,167,0,167,--,380,213,146,167,167,Algún campo sin dato,1,b2429931f1dcd651a5f6ed13253a9c79e48dd396409df955f887ef0e6d8550da,25/06/2023 23:22:46,ESCANER
16003,"Huehuetenango",13,"Santa Eulalia",17,2352,380,39,67,35,36,0,0,1,1,179,6,2,187,0,187,--,353,166,179,187,187,Algún campo sin dato,1,cdfe88aa97d95f9d80e770cb28b2d51fc6095304c3f0f6a8b831e2af18132fdb,26/06/2023 00:18:01,ESCANER
16004,"Huehuetenango",13,"Santa Eulalia",17,2352,279,42,47,26,20,0,0,0,0,135,2,1,138,0,138,--,279,141,135,138,138,Algún campo sin dato,1,20f066e38f8a100f75d974b3b683469b03d9217dda4611c98ef96056d3785b52,26/06/2023 00:08:14,ESCANER
16005,"Huehuetenango",13,"Santa Eulalia",17,2352,279,,,,,,,,,,,,,,,,,,,,,,0,,,
16006,"Huehuetenango",13,"Santa Eulalia",17,2353,525,26,17,29,7,8,0,0,0,87,5,5,97,0,97,--,525,428,87,97,97,Algún campo sin dato,1,e7ae4f7b1a4e99767185a4c779376a0d9cc9c8c84ed74d55a0301f1a262c8f6a,25/06/2023 21:33:43,ESCANER
16007,"Huehuetenango",13,"Santa Eulalia",17,2353,525,12,6,13,3,2,0,0,0,36,3,0,39,0,39,--,525,486,36,39,39,Algún campo sin dato,1,59a9245bbdcb78cf7ce3382a6ea9392833426038c2ecb6643128e5b49e78e3f4,25/06/2023 21:41:32,ESCANER