﻿TIPO_DE_ELECCIÓN:,CORPORACIÓN MUNICIPAL
26 junio 2023 00:25 (UTC -6)
ACTAS_ESPERADAS,ACTAS_CAPTURADAS,PORCENTAJE_ACTAS_CAPTURADAS,ACTAS_CONTABILIZADAS,PORCENTAJE_ACTAS_CONTABILIZADAS,ACTAS_NO_CONTABILIZADAS,LISTA_NOMINAL_ACTAS_CONTABILIZADAS,VOTOS_EMITIDOS_CONTABILIZADAS,PORCENTAJE_PARTICIPACIÓN_CIUDADANA
26,17,65.3846,17,65.3846,0,6291,3244,51.5657

MESA,DEPARTAMENTO,ID_DEPARTAMENTO,MUNICIPIO,ID_MUNICIPIO,CENTRO_DE_VOTACIÓN,PADRÓN,VAMOS,PHG,UNE,BIEN,CABAL,VÁLIDOS,NULOS,BLANCO,EMITIDOS,INVÁLIDOS,TOTAL,IMPUGNACIONES,PAPELETAS-RECIBIDAS,PAPELETAS-NO-USADAS,VALIDOS_CALCULADO,EMITIDOS_CALCULADO,TOTAL_CALCULADO,OBSERVACIONES,CONTABILIZADA,CÓDIGO_INTEGRIDAD,FECHA_HORA_PUBLICACIÓN,DIGITALIZACIÓN
14339,"San Marcos",12,"Ocós",18,2011,400,,,,,,,,,,,,,,,,,,,0,,,
14340,"San Marcos",12,"Ocós",18,2011,400,,,,,,,,,,,,,,,,,,,0,,,
14341,"San Marcos",12,"Ocós",18,2011,400,,,,,,,,,,,,,,,,,,,0,,,
14342,"San Marcos",12,"Ocós",18,2011,400,163,6,51,35,13,268,11,5,284,0,284,1,400,115,268,284,284,,1,6a91d81673e61c20e9f640067c36348962712d209759791b450e172b5e365291,26/06/2023 00:03:59,ESCANER
14343,"San Marcos",12,"Ocós",18,2011,400,118,5,49,44,3,219,8,1,228,0,228,--,399,171,219,228,228,Algún campo sin dato,1,7aea61e6401e0cd4b97461ce3bbb27eeac5ee703c2e3a075fa9925f2c582c444,25/06/2023 22:29:16,ESCANER
14344,"San Marcos",12,"Ocós",18,2011,400,86,1,37,36,5,165,11,3,179,0,179,1,399,219,165,179,179,,1,8560f2ab290415e9f37a925974d81de4e1d13279e909dd060bd64e6f2a8af074,25/06/2023 23:56:53,ESCANER
14345,"San Marcos",12,"Ocós",18,2011,400,94,3,44,34,1,176,13,3,192,0,192,0,397,205,176,192,192,,1,a96264055bab72593706be52bfbdbc475b74163acfb70a06973a9f7fb85acc49,25/06/2023 23:52:09,ESCANER
14346,"San Marcos",12,"Ocós",18,2011,400,81,3,50,21,2,157,8,2,167,0,167,--,400,233,157,167,167,Algún campo sin dato,1,313ae42835a4b992c8f6ef630f69243d85f457bd2a235c5ff8b480e15131be9d,25/06/2023 22:18:50,ESCANER
14347,"San Marcos",12,"Ocós",18,2011,400,117,3,56,29,2,207,6,3,216,0,216,0,400,184,207,216,216,,1,11ec125dfbd63c21ea66ddc2ce3bd37438772534669c7d91049f98c9916d39da,25/06/2023 22:45:47,ESCANER
14348,"San Marcos",12,"Ocós",18,2012,400,94,1,50,32,7,184,6,2,192,0,192,0,400,208,184,192,192,,1,72ccc51d8a69d5e840bbd51dcf8d8866dbe18ef59d2c49fca91c8973178929e5,25/06/2023 22:33:41,ESCANER
14349,"San Marcos",12,"Ocós",18,2012,400,118,1,51,44,7,221,6,0,227,1,228,1,400,172,221,227,228,,1,81ead25ba1a61db6500740d6097f6207ed549ca71d9d0db13695affb0f2b5521,25/06/2023 23:55:33,ESCANER
14350,"San Marcos",12,"Ocós",18,2012,363,78,0,36,19,2,135,4,1,140,0,140,--,360,220,135,140,140,Algún campo sin dato,1,f35dff60fe71330376ef628f88e96720e9131ab597757b0ccd42c168c517767d,25/06/2023 22:00:58,ESCANER
14351,"San Marcos",12,"Ocós",18,2012,362,31,2,5,6,4,48,4,0,52,0,52,--,362,310,48,52,52,Algún campo sin dato,1,1f7ee09775742e7e6e271df3c5ef0b1b8bac832049834468bca68c3c52e02e55,25/06/2023 21:28:45,ESCANER
14352,"San Marcos",12,"Ocós",18,2013,380,,,,,,,,,,,,,,,,,,,0,,,
14353,"San Marcos",12,"Ocós",18,2013,380,,,,,,,,,,,,,,,,,,,0,,,
14354,"San Marcos",12,"Ocós",18,2013,380,,,,,,,,,,,,,,,,,,,0,,,
14355,"San Marcos",12,"Ocós",18,2013,380,144,1,17,64,2,228,21,2,251,0,251,0,380,129,228,251,251,,1,ac36341c37289aec7ec9cc465f4cef459e5f3efd95872bf058281031d0bb71f0,25/06/2023 23:18:19,ESCANER
14356,"San Marcos",12,"Ocós",18,2013,380,,,,,,,,,,,,,,,,,,,0,,,
14357,"San Marcos",12,"Ocós",18,2013,380,120,1,24,66,3,214,11,2,227,0,227,0,380,153,214,227,227,,1,0b912e9e8969f6905c6e18b3397b096efa495ea92d80d3bc7528966020bb4e7f,25/06/2023 23:36:21,ESCANER
14358,"San Marcos",12,"Ocós",18,2013,380,123,2,15,49,0,189,12,4,205,0,205,0,378,173,189,205,205,,1,6937dc30727c25e2d43c2e419fbfa28ec2b1c1437f7d9ae8d1be3f982cb3d37c,25/06/2023 23:32:26,ESCANER
14359,"San Marcos",12,"Ocós",18,2013,380,126,2,18,55,4,205,11,5,221,0,221,0,377,156,205,221,221,,1,1c97192a2a89b1500550e0fb71b9ca78e823e59e9247dd04f156b0abcaebe2aa,25/06/2023 23:51:11,ESCANER
14360,"San Marcos",12,"Ocós",18,2013,380,,,,,,,,,,,,,,,,,,,0,,,
14361,"San Marcos",12,"Ocós",18,2013,380,,,,,,,,,,,,,,,,,,,0,,,
14362,"San Marcos",12,"Ocós",18,2014,380,139,4,23,91,0,257,5,0,262,0,262,0,380,118,257,262,262,,1,3dbc82bfc2886db1cbef390031b4589adb2919aa2abafc1ca29ca8f0e9e2ef28,25/06/2023 23:46:43,ESCANER
14363,"San Marcos",12,"Ocós",18,2014,233,68,0,10,30,2,110,4,3,117,0,117,0,233,116,110,117,117,,1,08ea736d5c6ed4e1a08f417bac98970b5aca983448e7cc4925c105327678f9bf,25/06/2023 23:08:43,ESCANER
14364,"San Marcos",12,"Ocós",18,2014,233,41,0,14,16,0,71,13,0,84,0,84,--,233,149,71,84,84,Algún campo sin dato,1,da0458234140337b685b2cc4ea5cdc0be688fb31387d6ff970a2dfcda668abe5,25/06/2023 22:06:44,ESCANER