﻿TIPO_DE_ELECCIÓN:,CORPORACIÓN MUNICIPAL
26 junio 2023 00:25 (UTC -6)
ACTAS_ESPERADAS,ACTAS_CAPTURADAS,PORCENTAJE_ACTAS_CAPTURADAS,ACTAS_CONTABILIZADAS,PORCENTAJE_ACTAS_CONTABILIZADAS,ACTAS_NO_CONTABILIZADAS,LISTA_NOMINAL_ACTAS_CONTABILIZADAS,VOTOS_EMITIDOS_CONTABILIZADAS,PORCENTAJE_PARTICIPACIÓN_CIUDADANA
25,3,12.0000,3,12.0000,0,1009,582,57.6808

MESA,DEPARTAMENTO,ID_DEPARTAMENTO,MUNICIPIO,ID_MUNICIPIO,CENTRO_DE_VOTACIÓN,PADRÓN,UNE,CABAL,AZUL,VAMOS,VALOR UNIONISTA,VÁLIDOS,NULOS,BLANCO,EMITIDOS,INVÁLIDOS,TOTAL,IMPUGNACIONES,PAPELETAS-RECIBIDAS,PAPELETAS-NO-USADAS,VALIDOS_CALCULADO,EMITIDOS_CALCULADO,TOTAL_CALCULADO,OBSERVACIONES,CONTABILIZADA,CÓDIGO_INTEGRIDAD,FECHA_HORA_PUBLICACIÓN,DIGITALIZACIÓN
22329,"Zacapa",19,"San Jorge",11,3481,400,,,,,,,,,,,,,,,,,,,0,,,
22330,"Zacapa",19,"San Jorge",11,3481,400,,,,,,,,,,,,,,,,,,,0,,,
22331,"Zacapa",19,"San Jorge",11,3481,400,,,,,,,,,,,,,,,,,,,0,,,
22332,"Zacapa",19,"San Jorge",11,3481,400,,,,,,,,,,,,,,,,,,,0,,,
22333,"Zacapa",19,"San Jorge",11,3481,400,,,,,,,,,,,,,,,,,,,0,,,
22334,"Zacapa",19,"San Jorge",11,3482,400,,,,,,,,,,,,,,,,,,,0,,,
22335,"Zacapa",19,"San Jorge",11,3482,400,,,,,,,,,,,,,,,,,,,0,,,
22336,"Zacapa",19,"San Jorge",11,3482,400,,,,,,,,,,,,,,,,,,,0,,,
22337,"Zacapa",19,"San Jorge",11,3482,400,,,,,,,,,,,,,,,,,,,0,,,
22338,"Zacapa",19,"San Jorge",11,3482,400,,,,,,,,,,,,,,,,,,,0,,,
22339,"Zacapa",19,"San Jorge",11,3482,302,,,,,,,,,,,,,,,,,,,0,,,
22340,"Zacapa",19,"San Jorge",11,3482,301,,,,,,,,,,,,,,,,,,,0,,,
22341,"Zacapa",19,"San Jorge",11,3483,400,,,,,,,,,,,,,,,,,,,0,,,
22342,"Zacapa",19,"San Jorge",11,3483,400,,,,,,,,,,,,,,,,,,,0,,,
22343,"Zacapa",19,"San Jorge",11,3483,400,,,,,,,,,,,,,,,,,,,0,,,
22344,"Zacapa",19,"San Jorge",11,3483,400,,,,,,,,,,,,,,,,,,,0,,,
22345,"Zacapa",19,"San Jorge",11,3483,400,,,,,,,,,,,,,,,,,,,0,,,
22346,"Zacapa",19,"San Jorge",11,3483,400,,,,,,,,,,,,,,,,,,,0,,,
22347,"Zacapa",19,"San Jorge",11,3483,400,,,,,,,,,,,,,,,,,,,0,,,
22348,"Zacapa",19,"San Jorge",11,3484,400,,,,,,,,,,,,,,,,,,,0,,,
22349,"Zacapa",19,"San Jorge",11,3484,400,70,33,3,92,4,202,6,2,210,1,211,1,397,186,202,210,211,,1,4a8312a1450c9b10b133e2a162fe52add5bea3861113f634c35c759b9c8bee0e,26/06/2023 00:01:58,ESCANER
22350,"Zacapa",19,"San Jorge",11,3484,400,,,,,,,,,,,,,,,,,,,0,,,
22351,"Zacapa",19,"San Jorge",11,3484,400,89,55,7,85,4,240,3,0,243,2,245,0,403,158,240,243,245,,1,19872aa1b498b6b707f2db06620dd5812ef99a6a1046f5797057c0e0de7d63ed,25/06/2023 23:37:39,ESCANER
22352,"Zacapa",19,"San Jorge",11,3484,209,52,29,0,35,10,126,1,2,129,0,129,0,209,80,126,129,129,,1,d7bb7d3b2d53f8f8fe2136cadec11e74f7c04040820fc9fdb7c3176b253631e1,25/06/2023 23:10:26,ESCANER
22353,"Zacapa",19,"San Jorge",11,3484,209,,,,,,,,,,,,,,,,,,,0,,,