﻿TIPO_DE_ELECCIÓN:,CORPORACIÓN MUNICIPAL
26 junio 2023 00:25 (UTC -6)
ACTAS_ESPERADAS,ACTAS_CAPTURADAS,PORCENTAJE_ACTAS_CAPTURADAS,ACTAS_CONTABILIZADAS,PORCENTAJE_ACTAS_CONTABILIZADAS,ACTAS_NO_CONTABILIZADAS,LISTA_NOMINAL_ACTAS_CONTABILIZADAS,VOTOS_EMITIDOS_CONTABILIZADAS,PORCENTAJE_PARTICIPACIÓN_CIUDADANA
33,10,30.3030,10,30.3030,0,3155,2246,71.1885

MESA,DEPARTAMENTO,ID_DEPARTAMENTO,MUNICIPIO,ID_MUNICIPIO,CENTRO_DE_VOTACIÓN,PADRÓN,AZUL,MLP,VICTORIA,CABAL,VAMOS,BIEN,UNE,UR,VÁLIDOS,NULOS,BLANCO,EMITIDOS,INVÁLIDOS,TOTAL,IMPUGNACIONES,PAPELETAS-RECIBIDAS,PAPELETAS-NO-USADAS,VALIDOS_CALCULADO,EMITIDOS_CALCULADO,TOTAL_CALCULADO,OBSERVACIONES,CONTABILIZADA,CÓDIGO_INTEGRIDAD,FECHA_HORA_PUBLICACIÓN,DIGITALIZACIÓN
23416,"Jalapa",21,"San Carlos Alzatate",5,3681,400,,,,,,,,,,,,,,,,,,,,,,0,,,
23417,"Jalapa",21,"San Carlos Alzatate",5,3681,400,,,,,,,,,,,,,,,,,,,,,,0,,,
23418,"Jalapa",21,"San Carlos Alzatate",5,3681,400,,,,,,,,,,,,,,,,,,,,,,0,,,
23419,"Jalapa",21,"San Carlos Alzatate",5,3681,400,,,,,,,,,,,,,,,,,,,,,,0,,,
23420,"Jalapa",21,"San Carlos Alzatate",5,3681,400,,,,,,,,,,,,,,,,,,,,,,0,,,
23421,"Jalapa",21,"San Carlos Alzatate",5,3681,400,,,,,,,,,,,,,,,,,,,,,,0,,,
23422,"Jalapa",21,"San Carlos Alzatate",5,3681,400,,,,,,,,,,,,,,,,,,,,,,0,,,
23423,"Jalapa",21,"San Carlos Alzatate",5,3681,400,,,,,,,,,,,,,,,,,,,,,,0,,,
23424,"Jalapa",21,"San Carlos Alzatate",5,3681,400,24,2,8,108,120,3,7,1,273,7,4,284,0,284,--,400,116,273,284,284,Algún campo sin dato,1,f0a95ad763f19ca97b08f70fd6ce09d1b3ffbbd0b9f4f76f2d4e7ca5a0ee21e9,26/06/2023 00:24:58,ESCANER
23425,"Jalapa",21,"San Carlos Alzatate",5,3681,400,,,,,,,,,,,,,,,,,,,,,,0,,,
23426,"Jalapa",21,"San Carlos Alzatate",5,3682,400,,,,,,,,,,,,,,,,,,,,,,0,,,
23427,"Jalapa",21,"San Carlos Alzatate",5,3682,400,,,,,,,,,,,,,,,,,,,,,,0,,,
23428,"Jalapa",21,"San Carlos Alzatate",5,3682,252,,,,,,,,,,,,,,,,,,,,,,0,,,
23429,"Jalapa",21,"San Carlos Alzatate",5,3682,252,15,1,8,75,68,0,1,1,169,7,1,177,0,177,--,252,75,169,177,177,Algún campo sin dato,1,ea98e5c44c95c2b7c11243096a4ee2720aabd1f9ea4ef24bc431a6f4c425dc49,25/06/2023 23:27:35,ESCANER
23430,"Jalapa",21,"San Carlos Alzatate",5,3683,400,21,3,11,118,111,3,10,4,281,24,3,308,0,308,--,400,92,281,308,308,Algún campo sin dato,1,ff43730992e1b477e7d6b8d3ac02cdb95666cbb346ca5af3fb79cdfe50f97ea6,25/06/2023 23:39:32,ESCANER
23431,"Jalapa",21,"San Carlos Alzatate",5,3683,400,,,,,,,,,,,,,,,,,,,,,,0,,,
23432,"Jalapa",21,"San Carlos Alzatate",5,3683,400,,,,,,,,,,,,,,,,,,,,,,0,,,
23433,"Jalapa",21,"San Carlos Alzatate",5,3684,400,,,,,,,,,,,,,,,,,,,,,,0,,,
23434,"Jalapa",21,"San Carlos Alzatate",5,3684,400,,,,,,,,,,,,,,,,,,,,,,0,,,
23435,"Jalapa",21,"San Carlos Alzatate",5,3684,400,20,0,9,125,115,3,5,0,277,0,1,278,0,278,--,400,122,277,278,278,Algún campo sin dato,1,cf590a2d780955652eaeb7476635acdad007e53949368c8e764c38583bf9d4e2,25/06/2023 23:39:47,ESCANER
23436,"Jalapa",21,"San Carlos Alzatate",5,3684,257,18,0,7,74,81,1,6,0,187,0,1,188,0,188,--,257,69,187,188,188,Algún campo sin dato,1,1850622ddb490ce8504846f95e6f21bc8513f11f21c15c3f58d0a516c137ab6a,26/06/2023 00:17:08,ESCANER
23437,"Jalapa",21,"San Carlos Alzatate",5,3684,256,9,2,6,67,75,0,9,2,170,7,3,180,0,180,--,256,76,170,180,180,Algún campo sin dato,1,7931d90d760aff5a8a879571f962dae5163e356bccf8998720f8b224b738d81c,25/06/2023 23:00:18,ESCANER
23438,"Jalapa",21,"San Carlos Alzatate",5,3685,400,,,,,,,,,,,,,,,,,,,,,,0,,,
23439,"Jalapa",21,"San Carlos Alzatate",5,3685,400,,,,,,,,,,,,,,,,,,,,,,0,,,
23440,"Jalapa",21,"San Carlos Alzatate",5,3685,400,,,,,,,,,,,,,,,,,,,,,,0,,,
23441,"Jalapa",21,"San Carlos Alzatate",5,3685,400,,,,,,,,,,,,,,,,,,,,,,0,,,
23442,"Jalapa",21,"San Carlos Alzatate",5,3685,400,12,1,7,114,161,3,0,0,298,7,5,310,0,310,--,400,90,298,310,310,Algún campo sin dato,1,c9193271b215e52e50f3cb3960921bf01576c708b9a2fcd5738a6a9eb02ecd5c,25/06/2023 23:41:48,ESCANER
23443,"Jalapa",21,"San Carlos Alzatate",5,3685,400,18,2,4,101,149,0,1,1,276,5,0,281,0,281,--,400,119,276,281,281,Algún campo sin dato,1,ecd9184a749a0ba3d9bdfade41121cbe89dc4def98f3fc7e110eced95f5d75b2,26/06/2023 00:23:55,ESCANER
23444,"Jalapa",21,"San Carlos Alzatate",5,3685,400,,,,,,,,,,,,,,,,,,,,,,0,,,
23445,"Jalapa",21,"San Carlos Alzatate",5,3685,400,,,,,,,,,,,,,,,,,,,,,,0,,,
23446,"Jalapa",21,"San Carlos Alzatate",5,3685,228,,,,,,,,,,,,,,,,,,,,,,0,,,
23447,"Jalapa",21,"San Carlos Alzatate",5,3685,227,2,1,3,60,108,1,0,0,175,3,2,180,0,180,--,227,47,175,180,180,Algún campo sin dato,1,92b8fcd950a41b90feff35c31e8150a8bebee31b8d54bfab8fba4a7d7edee495,25/06/2023 22:20:16,ESCANER
23448,"Jalapa",21,"San Carlos Alzatate",5,3686,163,6,1,1,23,18,1,4,0,54,5,1,60,0,60,--,163,103,54,60,60,Algún campo sin dato,1,ec430d183e42158f7c5a8e3e6b0664ac1411ec40c69884364ccc2545fba0d7a0,25/06/2023 23:41:48,ESCANER