﻿TIPO_DE_ELECCIÓN:,CORPORACIÓN MUNICIPAL
26 junio 2023 00:25 (UTC -6)
ACTAS_ESPERADAS,ACTAS_CAPTURADAS,PORCENTAJE_ACTAS_CAPTURADAS,ACTAS_CONTABILIZADAS,PORCENTAJE_ACTAS_CONTABILIZADAS,ACTAS_NO_CONTABILIZADAS,LISTA_NOMINAL_ACTAS_CONTABILIZADAS,VOTOS_EMITIDOS_CONTABILIZADAS,PORCENTAJE_PARTICIPACIÓN_CIUDADANA
61,12,19.6721,12,19.6721,0,4428,2675,60.4110

MESA,DEPARTAMENTO,ID_DEPARTAMENTO,MUNICIPIO,ID_MUNICIPIO,CENTRO_DE_VOTACIÓN,PADRÓN,CABAL,MLP,VALOR,VAMOS,VIVA,BIEN,CC EL CAMINO,TODOS,AZUL,UNE,VÁLIDOS,NULOS,BLANCO,EMITIDOS,INVÁLIDOS,TOTAL,IMPUGNACIONES,PAPELETAS-RECIBIDAS,PAPELETAS-NO-USADAS,VALIDOS_CALCULADO,EMITIDOS_CALCULADO,TOTAL_CALCULADO,OBSERVACIONES,CONTABILIZADA,CÓDIGO_INTEGRIDAD,FECHA_HORA_PUBLICACIÓN,DIGITALIZACIÓN
13070,"Retalhuleu",11,"El Asintal",9,1784,400,,,,,,,,,,,,,,,,,,,,,,,,0,,,
13071,"Retalhuleu",11,"El Asintal",9,1784,400,,,,,,,,,,,,,,,,,,,,,,,,0,,,
13072,"Retalhuleu",11,"El Asintal",9,1784,400,,,,,,,,,,,,,,,,,,,,,,,,0,,,
13073,"Retalhuleu",11,"El Asintal",9,1784,400,,,,,,,,,,,,,,,,,,,,,,,,0,,,
13074,"Retalhuleu",11,"El Asintal",9,1784,400,,,,,,,,,,,,,,,,,,,,,,,,0,,,
13075,"Retalhuleu",11,"El Asintal",9,1784,400,,,,,,,,,,,,,,,,,,,,,,,,0,,,
13076,"Retalhuleu",11,"El Asintal",9,1784,400,,,,,,,,,,,,,,,,,,,,,,,,0,,,
13077,"Retalhuleu",11,"El Asintal",9,1784,400,,,,,,,,,,,,,,,,,,,,,,,,0,,,
13078,"Retalhuleu",11,"El Asintal",9,1784,400,,,,,,,,,,,,,,,,,,,,,,,,0,,,
13079,"Retalhuleu",11,"El Asintal",9,1784,400,,,,,,,,,,,,,,,,,,,,,,,,0,,,
13080,"Retalhuleu",11,"El Asintal",9,1784,400,5,16,44,53,15,23,4,0,0,57,217,4,5,226,0,226,--,400,174,217,226,226,Algún campo sin dato,1,e61ea84913b0023b12a8f78381fb07c46765973ba5d5f423cfc2fab761842fe7,25/06/2023 23:17:58,ESCANER
13081,"Retalhuleu",11,"El Asintal",9,1784,400,,,,,,,,,,,,,,,,,,,,,,,,0,,,
13082,"Retalhuleu",11,"El Asintal",9,1784,400,,,,,,,,,,,,,,,,,,,,,,,,0,,,
13083,"Retalhuleu",11,"El Asintal",9,1784,400,,,,,,,,,,,,,,,,,,,,,,,,0,,,
13084,"Retalhuleu",11,"El Asintal",9,1784,400,4,7,73,72,9,18,5,0,1,47,236,7,3,246,0,246,--,400,154,236,246,246,Algún campo sin dato,1,0f10841dd025ec6c125c7b22d42db10d9e7b4210a63acc82d2c8ebd19c705ecc,26/06/2023 00:16:18,ESCANER
13085,"Retalhuleu",11,"El Asintal",9,1785,400,,,,,,,,,,,,,,,,,,,,,,,,0,,,
13086,"Retalhuleu",11,"El Asintal",9,1785,400,,,,,,,,,,,,,,,,,,,,,,,,0,,,
13087,"Retalhuleu",11,"El Asintal",9,1785,400,,,,,,,,,,,,,,,,,,,,,,,,0,,,
13088,"Retalhuleu",11,"El Asintal",9,1785,400,,,,,,,,,,,,,,,,,,,,,,,,0,,,
13089,"Retalhuleu",11,"El Asintal",9,1785,400,,,,,,,,,,,,,,,,,,,,,,,,0,,,
13090,"Retalhuleu",11,"El Asintal",9,1785,400,9,13,50,64,14,16,6,1,--,53,226,8,0,234,0,234,--,400,166,226,234,234,Algún campo sin dato,1,6341b8fdae9cff40e7a24a5a3d0167a37c2589febeaf61ddb9235d13624b3179,26/06/2023 00:21:12,ESCANER
13091,"Retalhuleu",11,"El Asintal",9,1785,400,5,9,54,65,13,21,8,0,0,44,219,8,2,229,0,229,--,400,171,219,229,229,Algún campo sin dato,1,1a75012c1da505357f5452a069f02162464a25e4f59aa45858f1fa916cca8d34,25/06/2023 23:19:11,ESCANER
13092,"Retalhuleu",11,"El Asintal",9,1785,400,10,10,55,55,12,25,4,1,0,60,232,3,1,236,0,236,--,400,164,232,236,236,Algún campo sin dato,1,d3fb659f09a1f85c725fc1faca2d4a267749d9c0b1a32bc746e84cc9bbe5afa3,25/06/2023 22:27:50,ESCANER
13093,"Retalhuleu",11,"El Asintal",9,1785,400,,,,,,,,,,,,,,,,,,,,,,,,0,,,
13094,"Retalhuleu",11,"El Asintal",9,1785,392,,,,,,,,,,,,,,,,,,,,,,,,0,,,
13095,"Retalhuleu",11,"El Asintal",9,1785,391,,,,,,,,,,,,,,,,,,,,,,,,0,,,
13096,"Retalhuleu",11,"El Asintal",9,1786,380,,,,,,,,,,,,,,,,,,,,,,,,0,,,
13097,"Retalhuleu",11,"El Asintal",9,1786,380,,,,,,,,,,,,,,,,,,,,,,,,0,,,
13098,"Retalhuleu",11,"El Asintal",9,1786,380,,,,,,,,,,,,,,,,,,,,,,,,0,,,
13099,"Retalhuleu",11,"El Asintal",9,1786,380,3,42,10,33,3,93,62,0,1,28,275,16,8,299,0,299,--,380,81,275,299,299,Algún campo sin dato,1,66dfaf7f33c7ce6d79d8ad17f198d29a251c19a19f611df47cce0ff173445400,25/06/2023 23:31:21,ESCANER
13100,"Retalhuleu",11,"El Asintal",9,1786,380,,,,,,,,,,,,,,,,,,,,,,,,0,,,
13101,"Retalhuleu",11,"El Asintal",9,1786,380,6,31,9,20,4,63,37,0,0,20,190,3,3,196,0,196,--,380,184,190,196,196,Algún campo sin dato,1,1579a2d41b6a52346dea0596c4101b68238c90d1fc2cef8b4b4eb8b59807adf3,25/06/2023 23:48:15,ESCANER
13102,"Retalhuleu",11,"El Asintal",9,1786,380,,,,,,,,,,,,,,,,,,,,,,,,0,,,
13103,"Retalhuleu",11,"El Asintal",9,1786,380,,,,,,,,,,,,,,,,,,,,,,,,0,,,
13104,"Retalhuleu",11,"El Asintal",9,1786,380,,,,,,,,,,,,,,,,,,,,,,,,0,,,
13105,"Retalhuleu",11,"El Asintal",9,1786,380,,,,,,,,,,,,,,,,,,,,,,,,0,,,
13106,"Retalhuleu",11,"El Asintal",9,1786,380,6,28,8,20,5,53,53,0,0,24,197,0,1,198,0,198,--,380,182,197,198,198,Algún campo sin dato,1,c64415dfa745bcfc968b0a30c82f06be08bb4f9b1b4c4c851f2f9acbd67d3810,25/06/2023 23:10:46,ESCANER
13107,"Retalhuleu",11,"El Asintal",9,1786,321,1,25,5,31,4,57,33,0,0,18,174,0,0,174,0,174,--,318,144,174,174,174,Algún campo sin dato,1,30ce84e046d86738207215ee7bf756e0c7e8db6c8f11e126c5198967743b0dff,25/06/2023 23:16:54,ESCANER
13108,"Retalhuleu",11,"El Asintal",9,1786,321,,,,,,,,,,,,,,,,,,,,,,,,0,,,
13109,"Retalhuleu",11,"El Asintal",9,1787,380,9,16,13,47,2,41,71,0,5,35,239,32,5,276,0,276,--,380,104,239,276,276,Algún campo sin dato,1,2859a4da9c2e900d0b7e6be4396cef60e82a8533207c67fcfce69ef4c3a7a6cd,25/06/2023 23:49:35,ESCANER
13110,"Retalhuleu",11,"El Asintal",9,1787,380,5,15,16,29,5,60,50,0,4,43,227,26,4,257,0,257,--,380,123,227,257,257,Algún campo sin dato,1,dd6dec478b0525bbdcf6810cb4b2c22a4be5804dd5b608a90f6b97d5fac37864,26/06/2023 00:03:40,ESCANER
13111,"Retalhuleu",11,"El Asintal",9,1787,380,,,,,,,,,,,,,,,,,,,,,,,,0,,,
13112,"Retalhuleu",11,"El Asintal",9,1787,380,,,,,,,,,,,,,,,,,,,,,,,,0,,,
13113,"Retalhuleu",11,"El Asintal",9,1787,380,,,,,,,,,,,,,,,,,,,,,,,,0,,,
13114,"Retalhuleu",11,"El Asintal",9,1787,380,,,,,,,,,,,,,,,,,,,,,,,,0,,,
13115,"Retalhuleu",11,"El Asintal",9,1787,380,,,,,,,,,,,,,,,,,,,,,,,,0,,,
13116,"Retalhuleu",11,"El Asintal",9,1787,380,,,,,,,,,,,,,,,,,,,,,,,,0,,,
13117,"Retalhuleu",11,"El Asintal",9,1787,380,,,,,,,,,,,,,,,,,,,,,,,,0,,,
13118,"Retalhuleu",11,"El Asintal",9,1787,380,,,,,,,,,,,,,,,,,,,,,,,,0,,,
13119,"Retalhuleu",11,"El Asintal",9,1787,207,2,3,2,12,2,32,31,0,1,15,100,3,1,104,0,104,--,207,103,100,104,104,Algún campo sin dato,1,b4b6161262e334810d95630b2ee7285995db3f28f063407938a3f704409d9c56,25/06/2023 23:26:38,ESCANER
13120,"Retalhuleu",11,"El Asintal",9,1787,207,,,,,,,,,,,,,,,,,,,,,,,,0,,,
13121,"Retalhuleu",11,"El Asintal",9,1788,380,,,,,,,,,,,,,,,,,,,,,,,,0,,,
13122,"Retalhuleu",11,"El Asintal",9,1788,380,,,,,,,,,,,,,,,,,,,,,,,,0,,,
13123,"Retalhuleu",11,"El Asintal",9,1788,380,,,,,,,,,,,,,,,,,,,,,,,,0,,,
13124,"Retalhuleu",11,"El Asintal",9,1788,380,,,,,,,,,,,,,,,,,,,,,,,,0,,,
13125,"Retalhuleu",11,"El Asintal",9,1788,380,,,,,,,,,,,,,,,,,,,,,,,,0,,,
13126,"Retalhuleu",11,"El Asintal",9,1788,380,,,,,,,,,,,,,,,,,,,,,,,,0,,,
13127,"Retalhuleu",11,"El Asintal",9,1788,297,,,,,,,,,,,,,,,,,,,,,,,,0,,,
13128,"Retalhuleu",11,"El Asintal",9,1788,296,,,,,,,,,,,,,,,,,,,,,,,,0,,,
13129,"Retalhuleu",11,"El Asintal",9,1789,459,,,,,,,,,,,,,,,,,,,,,,,,0,,,
13130,"Retalhuleu",11,"El Asintal",9,1789,459,,,,,,,,,,,,,,,,,,,,,,,,0,,,