﻿TIPO_DE_ELECCIÓN:,CORPORACIÓN MUNICIPAL
26 junio 2023 00:25 (UTC -6)
ACTAS_ESPERADAS,ACTAS_CAPTURADAS,PORCENTAJE_ACTAS_CAPTURADAS,ACTAS_CONTABILIZADAS,PORCENTAJE_ACTAS_CONTABILIZADAS,ACTAS_NO_CONTABILIZADAS,LISTA_NOMINAL_ACTAS_CONTABILIZADAS,VOTOS_EMITIDOS_CONTABILIZADAS,PORCENTAJE_PARTICIPACIÓN_CIUDADANA
112,69,61.6071,69,61.6071,0,25565,13419,52.4897

MESA,DEPARTAMENTO,ID_DEPARTAMENTO,MUNICIPIO,ID_MUNICIPIO,CENTRO_DE_VOTACIÓN,PADRÓN,VALOR,CABAL,PPN,UNE,VAMOS,AZUL,MLP,CAMBIO,PODEMOS,VIVA,TODOS,VOS,MI FAMILIA,PR,VÁLIDOS,NULOS,BLANCO,EMITIDOS,INVÁLIDOS,TOTAL,IMPUGNACIONES,PAPELETAS-RECIBIDAS,PAPELETAS-NO-USADAS,VALIDOS_CALCULADO,EMITIDOS_CALCULADO,TOTAL_CALCULADO,OBSERVACIONES,CONTABILIZADA,CÓDIGO_INTEGRIDAD,FECHA_HORA_PUBLICACIÓN,DIGITALIZACIÓN
8189,"Escuintla",5,"Nueva Concepción",13,957,400,,,,,,,,,,,,,,,,,,,,,,,,,,,,0,,,
8190,"Escuintla",5,"Nueva Concepción",13,957,400,,,,,,,,,,,,,,,,,,,,,,,,,,,,0,,,
8191,"Escuintla",5,"Nueva Concepción",13,957,400,,,,,,,,,,,,,,,,,,,,,,,,,,,,0,,,
8192,"Escuintla",5,"Nueva Concepción",13,957,400,,,,,,,,,,,,,,,,,,,,,,,,,,,,0,,,
8193,"Escuintla",5,"Nueva Concepción",13,957,400,,,,,,,,,,,,,,,,,,,,,,,,,,,,0,,,
8194,"Escuintla",5,"Nueva Concepción",13,957,400,,,,,,,,,,,,,,,,,,,,,,,,,,,,0,,,
8195,"Escuintla",5,"Nueva Concepción",13,957,400,,,,,,,,,,,,,,,,,,,,,,,,,,,,0,,,
8196,"Escuintla",5,"Nueva Concepción",13,957,400,,,,,,,,,,,,,,,,,,,,,,,,,,,,0,,,
8197,"Escuintla",5,"Nueva Concepción",13,957,400,,,,,,,,,,,,,,,,,,,,,,,,,,,,0,,,
8198,"Escuintla",5,"Nueva Concepción",13,957,400,,,,,,,,,,,,,,,,,,,,,,,,,,,,0,,,
8199,"Escuintla",5,"Nueva Concepción",13,957,400,,,,,,,,,,,,,,,,,,,,,,,,,,,,0,,,
8200,"Escuintla",5,"Nueva Concepción",13,958,400,33,37,21,35,5,0,0,1,4,31,33,1,3,0,204,29,1,234,0,234,0,400,166,204,234,234,,1,0ed73626a3b48183202e9371fada239d4f1c9dcfc86b755a7ca70c5e3533fabd,25/06/2023 22:59:40,ESCANER
8201,"Escuintla",5,"Nueva Concepción",13,958,400,30,46,18,24,14,2,0,2,16,31,17,1,1,0,202,30,4,236,0,236,0,400,164,202,236,236,,1,003dca62496d344183c854b73f1b224df879eb3209205d9b53b9d20a1a19d735,25/06/2023 23:03:45,ESCANER
8202,"Escuintla",5,"Nueva Concepción",13,958,400,42,42,21,25,18,3,1,1,9,36,26,1,1,0,226,27,5,258,0,258,0,390,132,226,258,258,,1,cf9412272e7d6376400665deadfcfb68b5d74e3dac757f95a7d1fc81b8f28368,25/06/2023 23:43:35,ESCANER
8203,"Escuintla",5,"Nueva Concepción",13,958,400,27,52,22,41,11,1,0,1,7,35,27,6,3,0,233,34,5,272,0,272,0,400,128,233,272,272,,1,5484898c482b008bd1e3ef57f67748826fccc93eaddac0747ed52a8978a3427e,25/06/2023 22:53:58,ESCANER
8204,"Escuintla",5,"Nueva Concepción",13,958,400,35,34,24,41,12,4,0,1,8,21,18,0,3,0,201,38,2,241,0,241,0,400,159,201,241,241,,1,715186dde691d8f11ba4f64c622efb9d26bc24044cc3abeeff0254e1de3ceb2d,26/06/2023 00:11:53,ESCANER
8205,"Escuintla",5,"Nueva Concepción",13,958,400,,,,,,,,,,,,,,,,,,,,,,,,,,,,0,,,
8206,"Escuintla",5,"Nueva Concepción",13,958,400,35,40,22,34,7,0,1,3,5,30,27,4,4,0,212,34,0,246,0,246,0,400,154,212,246,246,,1,b5b28c5867e279cf1b28bc763408e935bf42cfc0f0c9531a587a1e50e20488fb,25/06/2023 22:05:05,ESCANER
8207,"Escuintla",5,"Nueva Concepción",13,958,400,40,44,17,22,16,2,0,1,6,31,23,2,0,1,205,17,1,223,0,223,0,400,177,205,223,223,,1,ae459f31b7d24a3ff118dbafd1a44b9f4aaf9751342ebdb1de8fec4bf4027203,25/06/2023 21:27:46,ESCANER
8208,"Escuintla",5,"Nueva Concepción",13,958,400,,,,,,,,,,,,,,,,,,,,,,,,,,,,0,,,
8209,"Escuintla",5,"Nueva Concepción",13,958,400,39,52,26,20,13,0,0,1,12,24,11,6,1,1,206,33,3,242,0,242,0,400,158,206,242,242,,1,be9ad3f1df8abdd87a1e789c125f2d5338fc75f8f36fbc129848e8fe0bf39f57,25/06/2023 23:36:26,ESCANER
8210,"Escuintla",5,"Nueva Concepción",13,959,400,47,59,24,27,9,1,0,1,3,13,16,1,0,3,204,39,3,246,0,246,0,400,154,204,246,246,,1,c24f7987adf8fa99e27697d94976c14117e535e43c5f7105858b45faacab1a88,25/06/2023 22:39:29,ESCANER
8211,"Escuintla",5,"Nueva Concepción",13,959,400,34,52,19,24,16,0,0,1,5,30,16,2,4,0,203,29,0,232,0,232,0,400,168,203,232,232,,1,f591b5bbb65f76fd214ec49264c652fdc678c84c86eeaa7db4d44529a77aaaaa,25/06/2023 23:44:25,ESCANER
8212,"Escuintla",5,"Nueva Concepción",13,959,400,,,,,,,,,,,,,,,,,,,,,,,,,,,,0,,,
8213,"Escuintla",5,"Nueva Concepción",13,959,400,42,44,23,24,14,0,2,2,9,32,28,2,1,1,224,33,0,257,0,257,0,400,143,224,257,257,,1,4cef797b35c87f0e5fa75d252c2c7cfe505ac0c3d5353c505e83487426214cd0,25/06/2023 22:12:41,ESCANER
8214,"Escuintla",5,"Nueva Concepción",13,959,288,18,40,8,22,8,0,0,1,5,14,15,0,1,0,132,15,1,148,0,148,0,288,140,132,148,148,,1,90c2386305a27f5e16e1dcbc5cb27ef0e1edc728b04c28aa0776308d606c18f6,25/06/2023 21:07:45,ESCANER
8215,"Escuintla",5,"Nueva Concepción",13,959,288,30,23,15,20,4,0,1,0,3,11,6,3,0,0,116,18,4,138,0,138,0,288,150,116,138,138,,1,fe0b1cb76859db786f50ff782de413dea19ce00878ad1c91ba27f4bf0d8895e9,25/06/2023 20:31:09,ESCANER
8216,"Escuintla",5,"Nueva Concepción",13,960,400,,,,,,,,,,,,,,,,,,,,,,,,,,,,0,,,
8217,"Escuintla",5,"Nueva Concepción",13,960,400,,,,,,,,,,,,,,,,,,,,,,,,,,,,0,,,
8218,"Escuintla",5,"Nueva Concepción",13,960,400,,,,,,,,,,,,,,,,,,,,,,,,,,,,0,,,
8219,"Escuintla",5,"Nueva Concepción",13,960,400,26,35,30,17,15,3,0,1,11,30,28,1,2,0,199,29,5,233,0,233,0,400,167,199,233,233,,1,b7fd8e94ff89caeec6d672336c02ed7e2b20f1e64ad5127723e1dc67affeacf8,25/06/2023 23:41:26,ESCANER
8220,"Escuintla",5,"Nueva Concepción",13,960,400,20,32,33,36,15,1,1,0,4,21,26,2,3,0,194,35,4,233,0,233,0,400,167,194,233,233,,1,4e6b5e9db1172d8f792c4d429e52ef1e2783b3a7e1e2833a44f9297f12125a5f,25/06/2023 23:54:02,ESCANER
8221,"Escuintla",5,"Nueva Concepción",13,960,400,,,,,,,,,,,,,,,,,,,,,,,,,,,,0,,,
8222,"Escuintla",5,"Nueva Concepción",13,960,400,26,33,47,22,16,4,1,2,8,18,23,1,1,3,205,37,4,246,0,246,0,400,154,205,246,246,,1,2436a9c1e8b7a9f7be3ae67290166efefc037bac00d079d06e7f6f1e3356d312,25/06/2023 23:36:16,ESCANER
8223,"Escuintla",5,"Nueva Concepción",13,960,298,,,,,,,,,,,,,,,,,,,,,,,,,,,,0,,,
8224,"Escuintla",5,"Nueva Concepción",13,960,298,18,17,39,19,9,0,0,1,1,8,22,0,0,0,134,26,2,162,0,162,0,298,136,134,162,162,,1,9cf74a19764bd57e075d00474516d4eba955bad566f0bfb1ce98d251504cea79,25/06/2023 23:11:51,ESCANER
8225,"Escuintla",5,"Nueva Concepción",13,961,400,37,24,29,48,16,1,0,5,5,30,31,1,0,0,227,31,2,260,0,260,0,380,120,227,260,260,,1,d57cc10f1e0db71af104b7921a5259422e094d281bd301fb0f61677544fb9d17,25/06/2023 23:30:29,ESCANER
8226,"Escuintla",5,"Nueva Concepción",13,961,400,47,20,29,41,7,4,0,4,1,13,23,3,0,0,192,38,5,235,0,235,0,380,145,192,235,235,,1,fef2ff70e218d021ed4a2fd581fa9b0a9d41664e5a647dc25a2f57f12587c892,25/06/2023 22:43:21,ESCANER
8227,"Escuintla",5,"Nueva Concepción",13,961,278,28,22,18,21,9,0,0,7,4,14,11,1,0,0,135,20,4,159,0,159,0,278,119,135,159,159,,1,ad108b734dc953e773ecf54ff47b18f4ff1219934947c58ecde7ea4c04006b03,25/06/2023 20:56:27,ESCANER
8228,"Escuintla",5,"Nueva Concepción",13,961,278,21,22,20,13,12,0,0,0,3,15,13,1,0,0,120,7,3,130,0,130,0,278,148,120,130,130,,1,e168efc523737e3f126a95855ff27aac9df6092d0ca25ce91a1d075001fe2001,25/06/2023 22:17:43,ESCANER
8229,"Escuintla",5,"Nueva Concepción",13,962,380,,,,,,,,,,,,,,,,,,,,,,,,,,,,0,,,
8230,"Escuintla",5,"Nueva Concepción",13,962,380,29,24,23,41,17,2,0,3,9,10,25,1,1,0,185,40,4,229,0,229,0,380,151,185,229,229,,1,27ff5fb06776c47fee91078fc0817ff3ed3a1dd67cf01c215c59d03b3f2a08cf,25/06/2023 23:25:18,ESCANER
8231,"Escuintla",5,"Nueva Concepción",13,962,380,27,26,26,48,20,1,0,3,12,9,23,1,0,0,196,34,5,235,0,235,--,380,145,196,235,235,Algún campo sin dato,1,c19b2356bbbe2ecc516c6bf6b99ec176c099a5154ee9f96ac8dbeeacd77773f9,25/06/2023 23:33:28,ESCANER
8232,"Escuintla",5,"Nueva Concepción",13,962,380,,,,,,,,,,,,,,,,,,,,,,,,,,,,0,,,
8233,"Escuintla",5,"Nueva Concepción",13,962,380,,,,,,,,,,,,,,,,,,,,,,,,,,,,0,,,
8234,"Escuintla",5,"Nueva Concepción",13,962,380,37,28,17,43,9,0,0,5,1,7,28,1,0,0,176,28,3,207,0,207,0,378,171,176,207,207,,1,4956e8a9b228931d807ba97d986d3d4eda10a011465732c303b6f010499b4447,25/06/2023 23:19:31,ESCANER
8235,"Escuintla",5,"Nueva Concepción",13,962,380,34,19,16,41,14,1,0,1,2,10,26,1,0,0,165,24,2,191,0,191,0,377,186,165,191,191,,1,234b437e4b22f6d12631f40830e54a044093001f95c690d4b62e99ea83d43b68,26/06/2023 00:18:07,ESCANER
8236,"Escuintla",5,"Nueva Concepción",13,962,380,29,27,29,29,14,0,0,1,2,17,18,0,0,0,166,32,7,205,0,205,0,380,175,166,205,205,,1,a612971c47bc9a85842dd51fa890279a70dbea4a198e5c4403240ab0ae9c2858,25/06/2023 22:23:42,ESCANER
8237,"Escuintla",5,"Nueva Concepción",13,962,380,36,25,30,32,5,1,1,2,6,7,16,1,0,0,162,28,0,190,0,190,--,380,190,162,190,190,Algún campo sin dato,1,f81231f24b6506e37c666c7890e12ffafde7c1d6ffc397beca6ebc8d32b6baed,25/06/2023 22:37:40,ESCANER
8238,"Escuintla",5,"Nueva Concepción",13,962,283,32,27,13,23,9,1,0,1,6,14,16,0,0,0,142,25,0,167,0,167,0,283,116,142,167,167,,1,16110bc7f249de4250c7088cb8dcf3d5136d7b3a672948bad0d1292a78573c3a,25/06/2023 23:01:36,ESCANER
8239,"Escuintla",5,"Nueva Concepción",13,962,283,20,16,14,25,7,3,0,0,3,10,15,0,2,0,115,20,3,138,0,138,--,283,145,115,138,138,Algún campo sin dato,1,6a7141f1d7628eb248e82d9b136d5a345de2cbdf034c1b2db3051e19ea4fe242,25/06/2023 22:47:29,ESCANER
8240,"Escuintla",5,"Nueva Concepción",13,963,380,56,51,17,28,15,1,0,0,11,9,17,0,0,0,205,31,8,244,0,244,0,376,132,205,244,244,,1,7ed5f53cfcb4d38aa236a097073314505514f370246cfaa6122912e1367bb138,25/06/2023 23:47:54,ESCANER
8241,"Escuintla",5,"Nueva Concepción",13,963,380,,,,,,,,,,,,,,,,,,,,,,,,,,,,0,,,
8242,"Escuintla",5,"Nueva Concepción",13,963,380,,,,,,,,,,,,,,,,,,,,,,,,,,,,0,,,
8243,"Escuintla",5,"Nueva Concepción",13,963,380,,,,,,,,,,,,,,,,,,,,,,,,,,,,0,,,
8244,"Escuintla",5,"Nueva Concepción",13,963,380,,,,,,,,,,,,,,,,,,,,,,,,,,,,0,,,
8245,"Escuintla",5,"Nueva Concepción",13,963,380,,,,,,,,,,,,,,,,,,,,,,,,,,,,0,,,
8246,"Escuintla",5,"Nueva Concepción",13,963,380,,,,,,,,,,,,,,,,,,,,,,,,,,,,0,,,
8247,"Escuintla",5,"Nueva Concepción",13,963,380,,,,,,,,,,,,,,,,,,,,,,,,,,,,0,,,
8248,"Escuintla",5,"Nueva Concepción",13,963,197,15,23,11,13,6,1,0,0,4,8,10,0,0,0,91,19,0,110,0,110,0,197,87,91,110,110,,1,c70be83dedc39c3c562772d668e7a63e54f2ac81807ad95d53690e465530b9dd,25/06/2023 22:51:28,ESCANER
8249,"Escuintla",5,"Nueva Concepción",13,963,196,,,,,,,,,,,,,,,,,,,,,,,,,,,,0,,,
8250,"Escuintla",5,"Nueva Concepción",13,964,380,,,,,,,,,,,,,,,,,,,,,,,,,,,,0,,,
8251,"Escuintla",5,"Nueva Concepción",13,964,380,,,,,,,,,,,,,,,,,,,,,,,,,,,,0,,,
8252,"Escuintla",5,"Nueva Concepción",13,964,380,,,,,,,,,,,,,,,,,,,,,,,,,,,,0,,,
8253,"Escuintla",5,"Nueva Concepción",13,964,380,32,33,15,32,14,0,0,2,0,8,7,0,2,0,146,71,8,224,0,224,0,380,156,145,224,224,Sumas Asentadas sin cuadrar,1,d22a22f7ea9f488404b4feedba553ab6743ba7c5cdf35085292e4cb38b7d6f38,25/06/2023 23:05:30,ESCANER
8254,"Escuintla",5,"Nueva Concepción",13,964,380,,,,,,,,,,,,,,,,,,,,,,,,,,,,0,,,
8255,"Escuintla",5,"Nueva Concepción",13,964,213,26,28,15,18,6,0,0,2,0,4,5,1,0,0,105,21,1,127,2,129,0,210,81,105,127,129,,1,5bdcadf8f8d82e1adbdae79a78744260ccb07e62e0c16ef93484033085ac9db9,26/06/2023 00:24:13,ESCANER
8256,"Escuintla",5,"Nueva Concepción",13,964,213,,,,,,,,,,,,,,,,,,,,,,,,,,,,0,,,
8257,"Escuintla",5,"Nueva Concepción",13,965,380,13,28,37,79,14,2,3,3,2,9,12,0,0,0,202,25,4,231,0,231,0,380,149,202,231,231,,1,8b716af868f32c5488d01aa052b986a05af549de229b804d2441a8553ef94b8d,25/06/2023 21:46:37,ESCANER
8258,"Escuintla",5,"Nueva Concepción",13,965,380,13,32,40,89,13,1,2,1,1,12,8,0,0,0,212,27,3,242,0,242,0,380,138,212,242,242,,1,4d7b73b27f329e5697ced5746c95df96355250489827db4226aee2b0d9a4fbe1,25/06/2023 23:15:03,ESCANER
8259,"Escuintla",5,"Nueva Concepción",13,965,380,19,30,35,84,12,0,1,1,2,6,12,1,0,0,203,22,2,227,0,227,0,380,153,203,227,227,,1,56b207b1021213f4337fef2b15592ab7254d8c19615b1afdd5c9187b494cc850,25/06/2023 22:12:31,ESCANER
8260,"Escuintla",5,"Nueva Concepción",13,965,380,15,23,35,76,13,1,5,0,2,10,5,1,0,2,188,31,1,220,0,220,0,380,160,188,220,220,,1,2fd40d432650f2edf4f8f6f9d095f5288a2b218e57d5f85f460ec1433ec9efc9,25/06/2023 22:55:23,ESCANER
8261,"Escuintla",5,"Nueva Concepción",13,965,380,14,24,26,82,16,0,0,2,1,6,8,0,0,0,179,29,7,215,0,215,--,380,165,179,215,215,Algún campo sin dato,1,8616d45eb474353225fc048904db6bd3fa72c62d2da5de0a4d2db5f890a61706,25/06/2023 22:37:37,ESCANER
8262,"Escuintla",5,"Nueva Concepción",13,965,380,12,26,21,77,17,1,0,2,4,6,12,0,1,0,179,31,6,216,0,216,0,380,164,179,216,216,,1,ef2576986b8336122355e2fa88a28d6c067650f121f88ea4a2809c77d88146c6,25/06/2023 23:00:56,ESCANER
8263,"Escuintla",5,"Nueva Concepción",13,965,255,14,17,26,51,6,0,0,0,1,3,9,1,1,0,129,10,1,140,0,140,0,255,115,129,140,140,,1,2a4830511b3f663e18f98b8402208e16166ab08587b2d3bca7f6960e1dfb1ea8,25/06/2023 22:37:30,ESCANER
8264,"Escuintla",5,"Nueva Concepción",13,965,255,10,20,12,40,8,0,1,1,1,4,5,0,0,0,102,20,2,124,0,124,0,255,131,102,124,124,,1,077133bdb8eb4ddb6ca2b2fb85447be01a301d3469e53da6829350fad6c60889,25/06/2023 21:40:03,ESCANER
8265,"Escuintla",5,"Nueva Concepción",13,966,380,28,8,25,94,14,0,0,0,1,11,11,3,0,0,195,15,5,215,0,215,0,380,165,195,215,215,,1,0acded34a29a19db441990c752eadac9866d9a28fdfc18a53205120e47b3decb,25/06/2023 22:47:53,ESCANER
8266,"Escuintla",5,"Nueva Concepción",13,966,380,19,18,20,102,19,1,1,0,0,7,9,2,1,0,199,32,3,234,0,234,0,380,146,199,234,234,,1,63fe534e0c74dc38421e7e10b580f3bb8993088c4da83c86a321465affdb066c,25/06/2023 21:43:34,ESCANER
8267,"Escuintla",5,"Nueva Concepción",13,966,380,33,16,15,101,13,1,0,2,1,9,8,1,1,2,203,14,4,221,0,221,0,380,159,203,221,221,,1,763205345a86d2740ef25f2f163483d6a6415cacb32b631212ad9ed6f0f11ba4,25/06/2023 23:16:41,ESCANER
8268,"Escuintla",5,"Nueva Concepción",13,966,380,21,15,20,113,7,1,1,0,2,7,5,2,0,0,194,11,4,209,0,209,0,380,171,194,209,209,,1,7b46c8ec21531bd62b732086b30b3099910fcc2be692dad69789f34a4666a664,25/06/2023 23:30:14,ESCANER
8269,"Escuintla",5,"Nueva Concepción",13,966,380,23,15,21,93,10,0,0,0,0,7,8,0,2,1,180,11,7,198,16,214,0,381,167,180,198,214,,1,0ec1273c7f3ce5bd46e97833369be6d50c7b510bc4ae9ac36edda0690bead3e7,25/06/2023 23:05:47,ESCANER
8270,"Escuintla",5,"Nueva Concepción",13,966,380,22,13,17,104,13,0,0,0,3,4,10,1,0,0,187,25,8,220,0,220,0,380,160,187,220,220,,1,2e44810737d5a42ee94faf264a21b2c5fa35d96da6590e7fba901bef5e24b537,25/06/2023 23:03:16,ESCANER
8271,"Escuintla",5,"Nueva Concepción",13,966,380,17,14,20,104,15,1,0,0,2,10,8,0,1,0,192,21,8,221,0,221,0,381,160,192,221,221,,1,7aa77c3e48c633eb90b3a8ec95655a868d0d2ed0e4187883790e695cf709651e,25/06/2023 23:54:11,ESCANER
8272,"Escuintla",5,"Nueva Concepción",13,966,380,17,13,18,109,7,1,0,1,2,7,3,0,0,0,178,13,6,197,19,216,0,399,202,178,197,216,,1,4703938c6d7b93e5bb58ad8e7ca4df9e7085a7bdf93f22ef3e585f4cc2ad7e3e,25/06/2023 22:43:22,ESCANER
8273,"Escuintla",5,"Nueva Concepción",13,966,380,,,,,,,,,,,,,,,,,,,,,,,,,,,,0,,,
8274,"Escuintla",5,"Nueva Concepción",13,966,380,,,,,,,,,,,,,,,,,,,,,,,,,,,,0,,,
8275,"Escuintla",5,"Nueva Concepción",13,966,223,16,13,9,58,6,0,0,0,2,1,4,0,1,0,110,11,1,122,0,122,0,223,101,110,122,122,,1,70f8d291b7a1646f03d0c3050da9807c9f5042a1d7aaf1dd99b7ecf1525fe831,25/06/2023 22:13:21,ESCANER
8276,"Escuintla",5,"Nueva Concepción",13,966,223,12,11,9,55,7,0,0,0,0,1,2,0,0,0,97,13,2,112,0,112,0,223,111,97,112,112,,1,6cc0cfdc242dce41af6935ea078a41a2f5590ddf507e0747970871666ea71110,25/06/2023 22:03:23,ESCANER
8277,"Escuintla",5,"Nueva Concepción",13,967,380,30,9,3,85,36,0,0,1,0,8,18,0,0,0,190,28,2,220,0,220,0,380,160,190,220,220,,1,ee7d4373754a31d1aa2013f43508694f83a77900dea391bbaade1e98e1b8ad7e,25/06/2023 22:33:15,ESCANER
8278,"Escuintla",5,"Nueva Concepción",13,967,380,33,8,6,91,16,0,0,1,1,5,30,1,0,0,192,32,3,227,0,227,0,380,153,192,227,227,,1,5849915a2586979c509dbe8bf0cd67f17cd3138513db11ae7f9e92dcad12df5a,25/06/2023 21:38:29,ESCANER
8279,"Escuintla",5,"Nueva Concepción",13,967,380,23,10,3,95,19,0,0,2,0,5,20,0,0,1,178,38,6,222,0,222,0,380,158,178,222,222,,1,38655212cd61ba9d4e43dfef79b06010c3865fcdfcbdc9254ba6cb7cd6f820b3,25/06/2023 23:22:31,ESCANER
8280,"Escuintla",5,"Nueva Concepción",13,967,380,,,,,,,,,,,,,,,,,,,,,,,,,,,,0,,,
8281,"Escuintla",5,"Nueva Concepción",13,967,380,26,12,4,85,22,1,0,4,1,6,20,0,2,0,183,36,6,225,0,225,0,380,0,183,225,225,,1,4c658a28cf6090fa5cd6b57496e95a6517f2a8c51019c2fffb6bb49baf7a492d,25/06/2023 22:19:37,ESCANER
8282,"Escuintla",5,"Nueva Concepción",13,967,380,22,11,13,70,24,0,1,2,1,5,20,0,1,0,170,32,4,206,0,206,--,364,158,170,206,206,Algún campo sin dato,1,f824ffc941c782808452cd10e1582ef8443e63bb06f89d5d9d8f8b3fb5a1dd2d,26/06/2023 00:02:36,ESCANER
8283,"Escuintla",5,"Nueva Concepción",13,967,380,24,15,5,68,18,1,0,2,1,1,16,0,0,0,151,35,6,192,0,192,0,377,185,151,192,192,,1,0b3683750d179f598e6d85c30594d8c6fcbce7e776a770c6721f46401826109d,25/06/2023 23:45:33,ESCANER
8284,"Escuintla",5,"Nueva Concepción",13,967,285,32,8,6,63,13,0,0,2,0,1,17,0,0,0,142,23,1,166,0,166,0,282,116,142,166,166,,1,791f1cbd3ac2fe86b89ddb262198a120a6f352102e0d74f57dea4b4afef2a085,25/06/2023 22:44:11,ESCANER
8285,"Escuintla",5,"Nueva Concepción",13,967,284,12,7,5,60,13,0,0,3,0,4,14,0,0,0,118,11,1,130,0,130,0,284,154,118,130,130,,1,c837beee6408663532d9de493c5aed3d0bc69a3028d31b96322987fceeff0359,25/06/2023 22:38:20,ESCANER
8286,"Escuintla",5,"Nueva Concepción",13,968,380,,,,,,,,,,,,,,,,,,,,,,,,,,,,0,,,
8287,"Escuintla",5,"Nueva Concepción",13,968,380,,,,,,,,,,,,,,,,,,,,,,,,,,,,0,,,
8288,"Escuintla",5,"Nueva Concepción",13,968,380,40,29,7,25,22,3,0,3,8,22,27,1,1,0,188,21,8,217,0,217,--,380,163,188,217,217,Algún campo sin dato,1,a6891ff2135fdb4df582a38191100c4a9b886e09605cc9c7ba4c22e34ff0b902,25/06/2023 22:04:34,ESCANER
8289,"Escuintla",5,"Nueva Concepción",13,968,380,,,,,,,,,,,,,,,,,,,,,,,,,,,,0,,,
8290,"Escuintla",5,"Nueva Concepción",13,968,380,,,,,,,,,,,,,,,,,,,,,,,,,,,,0,,,
8291,"Escuintla",5,"Nueva Concepción",13,968,380,,,,,,,,,,,,,,,,,,,,,,,,,,,,0,,,
8292,"Escuintla",5,"Nueva Concepción",13,968,232,26,27,2,25,10,0,0,0,1,18,12,0,0,1,122,11,1,134,0,134,0,232,98,122,134,134,,1,3ca261b03cc20b2d56f9b0c5096645101360e34c7b08ad87193bab80ab7ae81a,25/06/2023 23:15:56,ESCANER
8293,"Escuintla",5,"Nueva Concepción",13,968,231,25,24,9,24,2,2,0,0,3,16,10,0,0,0,115,10,5,130,0,130,0,231,101,115,130,130,,1,a66051569754d6beda71461a0998f0b7e21489b2c57ba44ab5fe145e154e0be7,25/06/2023 21:10:05,ESCANER
8294,"Escuintla",5,"Nueva Concepción",13,969,600,31,23,18,38,9,2,0,3,6,24,21,1,1,1,178,20,8,206,0,206,0,597,391,178,206,206,,1,a182ae2a94cf3141ccf4ec3ac35e1f7894be073f7b4c2c41ccc816e2a4d85384,25/06/2023 22:11:51,ESCANER
8295,"Escuintla",5,"Nueva Concepción",13,969,600,29,20,13,38,13,1,2,4,5,20,16,1,3,0,165,16,1,182,0,182,0,600,418,165,182,182,,1,6c124d4bcb29b18423975929584d456920a5c2818cdd568721325b3d3f7805f4,25/06/2023 23:29:12,ESCANER
8296,"Escuintla",5,"Nueva Concepción",13,969,600,36,15,15,29,9,4,0,1,5,30,18,1,0,0,163,19,5,187,0,187,0,600,413,163,187,187,,1,243f78be0b12cc5edc58eeef5eafa103678c9a746cbaeacf23eb8f91e7259b12,25/06/2023 21:23:15,ESCANER
8297,"Escuintla",5,"Nueva Concepción",13,969,600,26,19,16,26,10,1,1,0,3,19,16,3,3,0,143,23,4,170,0,170,0,600,430,143,170,170,,1,649dfe44c07df99d303fb7297b19f7c3512316fd61c14ca516137e39bf4c08bd,25/06/2023 23:01:00,ESCANER
8298,"Escuintla",5,"Nueva Concepción",13,969,600,10,11,13,17,2,1,0,1,5,12,11,0,1,0,84,10,1,95,0,95,0,600,505,84,95,95,,1,ee5981ab83f00c0ed7114913e2a7b6a5b74e3e9e33bec632151a519974499fd4,25/06/2023 22:45:01,ESCANER
8299,"Escuintla",5,"Nueva Concepción",13,969,376,4,5,4,5,4,0,0,0,1,1,3,0,0,0,27,6,0,33,0,33,0,373,340,27,33,33,,1,bf32da82407b1d99186ff08ec4e70b2e05b7a86851f4342a2d3d8dad77486b82,25/06/2023 23:08:20,ESCANER
8300,"Escuintla",5,"Nueva Concepción",13,969,375,1,2,2,2,2,0,0,0,1,2,2,0,0,0,14,1,0,15,0,15,0,375,360,14,15,15,,1,370f408ebdfeb5ecef63763eb660e7d88ac4707e12f5e8c3fcc571dd18b2d386,25/06/2023 20:55:04,ESCANER