﻿TIPO_DE_ELECCIÓN:,CORPORACIÓN MUNICIPAL
26 junio 2023 00:25 (UTC -6)
ACTAS_ESPERADAS,ACTAS_CAPTURADAS,PORCENTAJE_ACTAS_CAPTURADAS,ACTAS_CONTABILIZADAS,PORCENTAJE_ACTAS_CONTABILIZADAS,ACTAS_NO_CONTABILIZADAS,LISTA_NOMINAL_ACTAS_CONTABILIZADAS,VOTOS_EMITIDOS_CONTABILIZADAS,PORCENTAJE_PARTICIPACIÓN_CIUDADANA
46,35,76.0869,35,76.0869,0,12444,7851,63.0906

MESA,DEPARTAMENTO,ID_DEPARTAMENTO,MUNICIPIO,ID_MUNICIPIO,CENTRO_DE_VOTACIÓN,PADRÓN,CABAL,MLP,UNE,AZUL,PHG,VIVA,FCN-NACION,VAMOS,PODEMOS,VICTORIA,VALOR UNIONISTA,VÁLIDOS,NULOS,BLANCO,EMITIDOS,INVÁLIDOS,TOTAL,IMPUGNACIONES,PAPELETAS-RECIBIDAS,PAPELETAS-NO-USADAS,VALIDOS_CALCULADO,EMITIDOS_CALCULADO,TOTAL_CALCULADO,OBSERVACIONES,CONTABILIZADA,CÓDIGO_INTEGRIDAD,FECHA_HORA_PUBLICACIÓN,DIGITALIZACIÓN
8935,"Santa Rosa",6,"Pueblo Nuevo Viñas",13,1081,400,67,1,40,13,0,1,15,93,0,1,32,263,14,3,280,0,280,--,404,124,263,280,280,Algún campo sin dato,1,bac8d4b8768eff7e9a08fd4a54f2c40e646768108e325b210dfd2d6355568dfc,25/06/2023 23:29:08,ESCANER
8936,"Santa Rosa",6,"Pueblo Nuevo Viñas",13,1081,400,43,4,40,14,0,3,17,87,0,2,30,240,25,10,275,0,275,--,403,128,240,275,275,Algún campo sin dato,1,e72945b9460eeeafd8e5ee85f1897cc7568d5473c5ad94c97f04061e3374945a,26/06/2023 00:10:55,ESCANER
8937,"Santa Rosa",6,"Pueblo Nuevo Viñas",13,1081,400,61,2,36,11,0,1,5,115,0,5,39,275,18,3,296,0,296,--,404,108,275,296,296,Algún campo sin dato,1,2c92a489569056fab2b17632454e01283f296a65cd9419a3445966649ba60f72,26/06/2023 00:14:09,ESCANER
8938,"Santa Rosa",6,"Pueblo Nuevo Viñas",13,1081,400,51,--,43,10,1,--,7,104,1,2,29,248,21,4,273,--,--,--,404,131,248,273,273,Algún campo sin dato,1,c636afe43cc739c07df8857c57f28782369a32bc08c2df44bcfefecd6c0e386c,26/06/2023 00:16:55,ESCANER
8939,"Santa Rosa",6,"Pueblo Nuevo Viñas",13,1081,400,54,2,45,12,2,1,7,97,0,1,15,252,13,3,252,0,252,--,408,156,236,252,252,Sumas Asentadas sin cuadrar,1,43fc64a3768c6c4a1700f701d4345ae758c9f22bc4c6542e0beaa70b6cf15a99,25/06/2023 23:08:40,ESCANER
8940,"Santa Rosa",6,"Pueblo Nuevo Viñas",13,1081,400,,,,,,,,,,,,,,,,,,,,,,,,,0,,,
8941,"Santa Rosa",6,"Pueblo Nuevo Viñas",13,1082,400,43,1,37,7,0,1,12,81,0,0,30,212,18,4,234,0,234,--,404,170,212,234,234,Algún campo sin dato,1,7c0158d1b14f2bd65c4e67305f10dca1d56de857f595894ac922ad6567ec58bb,25/06/2023 22:58:28,ESCANER
8942,"Santa Rosa",6,"Pueblo Nuevo Viñas",13,1082,400,57,2,51,7,0,0,5,90,0,0,21,233,12,1,246,1,247,--,408,161,233,246,247,Algún campo sin dato,1,f22ff8a499cfccb805706b5fe0e6856e4716a26e46ff3866486ae6c85eda0bd3,25/06/2023 23:56:53,ESCANER
8943,"Santa Rosa",6,"Pueblo Nuevo Viñas",13,1082,324,63,1,40,11,0,0,6,65,0,1,23,210,8,2,220,0,220,--,328,108,210,220,220,Algún campo sin dato,1,2537e76f5d0a1177b3d6aa7571d7cf45a98b03c5c22d1071f5309877228c6343,25/06/2023 22:31:13,ESCANER
8944,"Santa Rosa",6,"Pueblo Nuevo Viñas",13,1082,324,40,0,32,12,0,0,2,69,0,0,29,184,7,0,191,0,191,--,328,137,184,191,191,Algún campo sin dato,1,9f2e7dc74647b7a16272780b472a43065ab4ac1e6a53189d9246244a7c0cf9dd,25/06/2023 21:37:57,ESCANER
8945,"Santa Rosa",6,"Pueblo Nuevo Viñas",13,1083,228,31,1,34,3,1,1,4,62,0,1,21,159,14,2,175,0,175,--,231,56,159,175,175,Algún campo sin dato,1,55b6bad49348b487c4ec1f747b9766ce6a6810de8c073a647cb638476f7a02fc,25/06/2023 22:05:28,ESCANER
8946,"Santa Rosa",6,"Pueblo Nuevo Viñas",13,1083,227,40,0,21,3,1,0,3,50,0,0,17,135,12,3,150,0,150,--,131,81,135,150,150,Algún campo sin dato,1,74a0429c2624fb62e4ccbb21157b99171fe8680301aee9be5e898abad562159b,25/06/2023 22:06:55,ESCANER
8947,"Santa Rosa",6,"Pueblo Nuevo Viñas",13,1084,400,34,2,27,6,0,0,13,102,1,2,69,256,30,5,291,0,291,--,400,109,256,291,291,Algún campo sin dato,1,1635552fdc8295db5df1c8f4dd31e7799ee6f42e3687604b4bde5d70e80fdbe5,25/06/2023 23:57:02,ESCANER
8948,"Santa Rosa",6,"Pueblo Nuevo Viñas",13,1084,400,,,,,,,,,,,,,,,,,,,,,,,,,0,,,
8949,"Santa Rosa",6,"Pueblo Nuevo Viñas",13,1084,400,,,,,,,,,,,,,,,,,,,,,,,,,0,,,
8950,"Santa Rosa",6,"Pueblo Nuevo Viñas",13,1084,400,,,,,,,,,,,,,,,,,,,,,,,,,0,,,
8951,"Santa Rosa",6,"Pueblo Nuevo Viñas",13,1084,209,33,2,12,7,0,0,4,45,0,0,40,143,7,0,150,0,150,--,213,63,143,150,150,Algún campo sin dato,1,15f0d6d0daa3148c36d0ee558d160c08b370b9b46235912523bc69f736f6b188,25/06/2023 21:07:30,ESCANER
8952,"Santa Rosa",6,"Pueblo Nuevo Viñas",13,1084,208,20,1,7,6,0,0,3,67,1,2,33,140,2,1,143,0,143,--,212,69,140,143,143,Algún campo sin dato,1,db74189958997756ce41e6cea97dfbda0b8cce82c69422b08a9ebc3f4e1be762,25/06/2023 21:50:19,ESCANER
8953,"Santa Rosa",6,"Pueblo Nuevo Viñas",13,1085,400,73,2,21,6,0,1,17,86,0,1,37,244,30,4,278,0,278,--,--,--,244,278,278,Algún campo sin dato,1,b2c87608af86517b9812bf0dea77b52a179fa1b0fc3c73cf71a1dd339762b916,25/06/2023 23:58:39,ESCANER
8954,"Santa Rosa",6,"Pueblo Nuevo Viñas",13,1085,400,69,3,38,9,0,1,13,79,0,1,45,258,22,4,284,0,284,--,408,124,258,284,284,Algún campo sin dato,1,223e9f2a712d1e075bea081a6bc16e8da8f13372a023f131ffc976c12187d220,25/06/2023 23:23:27,ESCANER
8955,"Santa Rosa",6,"Pueblo Nuevo Viñas",13,1085,386,64,0,22,6,0,1,5,76,1,1,38,214,20,1,235,0,235,--,386,151,214,235,235,Algún campo sin dato,1,b3489bc76217306e7e67fa826e8c6a616c870d0ce92c1182fddb577930cae753,25/06/2023 23:56:27,ESCANER
8956,"Santa Rosa",6,"Pueblo Nuevo Viñas",13,1085,386,86,0,17,8,1,0,17,64,2,0,36,231,6,2,239,0,239,--,386,147,231,239,239,Algún campo sin dato,1,18d7b3ef44a70e25592e4371158306b47c404577d402c4e1d2bb3b1e7d4a5200,25/06/2023 23:20:11,ESCANER
8957,"Santa Rosa",6,"Pueblo Nuevo Viñas",13,1086,400,77,0,32,12,1,4,12,64,0,5,54,261,26,6,293,0,293,--,404,111,261,293,293,Algún campo sin dato,1,7ce6baa5042f6422b1ab7dfcc98dd0c3fda83d75f84d73fa9180234d25d25916,25/06/2023 23:58:57,ESCANER
8958,"Santa Rosa",6,"Pueblo Nuevo Viñas",13,1086,400,91,1,37,18,2,2,10,63,0,8,58,290,32,5,327,0,327,--,400,73,290,327,327,Algún campo sin dato,1,e8f7212b3d8df802472356efc777a9bbdbac117012143459eafc14c684ba39af,25/06/2023 23:38:24,ESCANER
8959,"Santa Rosa",6,"Pueblo Nuevo Viñas",13,1086,400,,,,,,,,,,,,,,,,,,,,,,,,,0,,,
8960,"Santa Rosa",6,"Pueblo Nuevo Viñas",13,1086,400,76,4,26,14,1,1,7,53,0,3,53,238,16,4,258,0,258,--,404,146,238,258,258,Algún campo sin dato,1,568dad925cec2a3d3a9adfc83e83a892173ba1517f986191901c93b0a5683718,25/06/2023 22:31:07,ESCANER
8961,"Santa Rosa",6,"Pueblo Nuevo Viñas",13,1087,400,,,,,,,,,,,,,,,,,,,,,,,,,0,,,
8962,"Santa Rosa",6,"Pueblo Nuevo Viñas",13,1087,297,,,,,,,,,,,,,,,,,,,,,,,,,0,,,
8963,"Santa Rosa",6,"Pueblo Nuevo Viñas",13,1087,296,69,2,16,14,1,0,8,32,0,2,28,172,7,2,181,0,181,--,300,119,172,181,181,Algún campo sin dato,1,f9da36d37d7b6c3009b4172e17058fb25d6754cacfb35ace27e675b61fb8e1f2,26/06/2023 00:12:17,ESCANER
8964,"Santa Rosa",6,"Pueblo Nuevo Viñas",13,1088,380,56,8,28,17,1,4,6,40,0,0,14,174,33,8,215,0,215,--,380,165,174,215,215,Algún campo sin dato,1,6fcbd55c003214d2a02239f57f264707e8ce50124f3b42aed62613c00a1aeafc,25/06/2023 22:07:19,ESCANER
8965,"Santa Rosa",6,"Pueblo Nuevo Viñas",13,1088,380,66,11,43,13,1,1,9,55,0,0,17,216,20,7,243,0,243,0,384,141,216,243,243,,1,ce6628e68b6fd41555a59754474ee8fa8341f352b8c256918d29cfe35f99facb,25/06/2023 22:01:10,ESCANER
8966,"Santa Rosa",6,"Pueblo Nuevo Viñas",13,1088,353,47,4,20,12,0,0,2,35,0,0,17,137,28,3,168,0,168,--,356,188,137,168,168,Algún campo sin dato,1,e0211e0abc70d2b13b3c6d288c0cfe238fa2490446bdbb13c175b9af11549251,26/06/2023 00:05:16,ESCANER
8967,"Santa Rosa",6,"Pueblo Nuevo Viñas",13,1088,352,,,,,,,,,,,,,,,,,,,,,,,,,0,,,
8968,"Santa Rosa",6,"Pueblo Nuevo Viñas",13,1089,380,,,,,,,,,,,,,,,,,,,,,,,,,0,,,
8969,"Santa Rosa",6,"Pueblo Nuevo Viñas",13,1089,380,80,--,31,13,--,4,1,63,1,--,78,271,21,9,301,--,301,--,380,79,271,301,301,Algún campo sin dato,1,e65f9c62341c516eb69d901bc4549a63b8061d6f89c4989f0b0b880597e9f863,25/06/2023 23:13:38,ESCANER
8970,"Santa Rosa",6,"Pueblo Nuevo Viñas",13,1089,380,,,,,,,,,,,,,,,,,,,,,,,,,0,,,
8971,"Santa Rosa",6,"Pueblo Nuevo Viñas",13,1089,380,68,0,22,15,1,1,1,61,0,0,52,221,25,7,253,32,253,--,380,127,221,253,285,Sumas Asentadas sin cuadrar,1,303bbf67aba0e48f02e01e596ef4060ba8ba1a604b9772079ea1995dd1ecd115,25/06/2023 23:50:44,ESCANER
8972,"Santa Rosa",6,"Pueblo Nuevo Viñas",13,1089,380,68,0,23,11,0,3,2,58,0,0,52,217,7,4,228,--,228,--,384,156,217,228,228,Algún campo sin dato,1,64ad096ff4236966483ef292b051f838cd6596b11641ec3f4a461b5335bb4445,25/06/2023 23:55:02,ESCANER
8973,"Santa Rosa",6,"Pueblo Nuevo Viñas",13,1090,191,39,0,16,7,0,9,0,30,0,1,19,121,2,1,124,0,124,--,191,67,121,124,124,Algún campo sin dato,1,42ac2ecf15a01bbb30f9cb9bc9e60ee2ee3b4b494f4d8d95ae7e405ee11f6087,25/06/2023 22:07:16,ESCANER
8974,"Santa Rosa",6,"Pueblo Nuevo Viñas",13,1090,191,48,0,17,7,0,2,1,20,0,0,30,125,0,2,129,2,129,--,191,62,125,127,129,Sumas Asentadas sin cuadrar,1,18372298f6a153b623012f395aa6d38135530e3bee92631d64d01a92d5a9e6b3,25/06/2023 22:55:16,ESCANER
8975,"Santa Rosa",6,"Pueblo Nuevo Viñas",13,1091,380,,,,,,,,,,,,,,,,,,,,,,,,,0,,,
8976,"Santa Rosa",6,"Pueblo Nuevo Viñas",13,1091,380,89,0,21,7,0,5,5,79,0,1,44,251,26,8,285,0,285,--,384,99,251,285,285,Algún campo sin dato,1,14fe17a865bc29f21e71fc7c4fee276903e897a4fdeefbb7a35b26364bd8d355,26/06/2023 00:16:41,MOVIL
8977,"Santa Rosa",6,"Pueblo Nuevo Viñas",13,1091,362,68,0,26,13,0,4,3,54,0,2,23,193,19,4,216,0,216,--,366,150,193,216,216,Algún campo sin dato,1,a038e566be65fe20eff6c36a25c2b6e71938c4e4fca3b0864f5a1f31a1d3053e,26/06/2023 00:14:40,MOVIL
8978,"Santa Rosa",6,"Pueblo Nuevo Viñas",13,1091,361,72,--,20,6,1,5,--,55,--,1,29,189,8,2,199,--,199,--,369,170,189,199,199,Algún campo sin dato,1,ed11883f3db2e07c93b76181763e3021adee291396678b9a00d275b9845e9d5d,25/06/2023 23:12:29,MOVIL
8979,"Santa Rosa",6,"Pueblo Nuevo Viñas",13,1092,459,28,2,16,8,0,1,4,33,1,0,20,113,19,4,136,0,136,--,459,323,113,136,136,Algún campo sin dato,1,d0c40f531ee9f1ba8126e4fc3e9c0d4604377d9dae8014682033cdc49aa73fa6,25/06/2023 22:56:01,ESCANER
8980,"Santa Rosa",6,"Pueblo Nuevo Viñas",13,1092,459,14,1,14,4,0,0,0,27,0,2,17,79,3,3,85,0,85,--,459,374,79,85,85,Algún campo sin dato,1,5727bb6d160a66487063107bebaa0d0e14204b5b8ecbbff002d27b0eced50abb,25/06/2023 22:33:46,ESCANER