﻿TIPO_DE_ELECCIÓN:,CORPORACIÓN MUNICIPAL
26 junio 2023 00:25 (UTC -6)
ACTAS_ESPERADAS,ACTAS_CAPTURADAS,PORCENTAJE_ACTAS_CAPTURADAS,ACTAS_CONTABILIZADAS,PORCENTAJE_ACTAS_CONTABILIZADAS,ACTAS_NO_CONTABILIZADAS,LISTA_NOMINAL_ACTAS_CONTABILIZADAS,VOTOS_EMITIDOS_CONTABILIZADAS,PORCENTAJE_PARTICIPACIÓN_CIUDADANA
157,26,16.5605,26,16.5605,0,9335,4147,44.4242

MESA,DEPARTAMENTO,ID_DEPARTAMENTO,MUNICIPIO,ID_MUNICIPIO,CENTRO_DE_VOTACIÓN,PADRÓN,PHG,CABAL,PODEMOS,CREO,VIVA,UNE,AZUL,VAMOS,MLP,TODOS,PPN,U R N G - MAIZ,FCN-NACION,WINAQ,PR,PIN,SEMILLA,VALOR,PODER,VICTORIA,VÁLIDOS,NULOS,BLANCO,EMITIDOS,INVÁLIDOS,TOTAL,IMPUGNACIONES,PAPELETAS-RECIBIDAS,PAPELETAS-NO-USADAS,VALIDOS_CALCULADO,EMITIDOS_CALCULADO,TOTAL_CALCULADO,OBSERVACIONES,CONTABILIZADA,CÓDIGO_INTEGRIDAD,FECHA_HORA_PUBLICACIÓN,DIGITALIZACIÓN
14070,"San Marcos",12,"Malacatán",15,1981,400,,,,,,,,,,,,,,,,,,,,,,,,,,,,,,,,,,0,,,
14071,"San Marcos",12,"Malacatán",15,1981,400,20,40,4,48,5,6,2,19,1,4,42,4,3,2,1,0,0,11,2,1,215,25,1,241,0,241,--,397,156,215,241,241,Algún campo sin dato,1,4217069b04db6802ad777b033632ba4c6fc9d7598c0b605095135e07181ede9c,26/06/2023 00:12:59,ESCANER
14072,"San Marcos",12,"Malacatán",15,1981,400,,,,,,,,,,,,,,,,,,,,,,,,,,,,,,,,,,0,,,
14073,"San Marcos",12,"Malacatán",15,1981,400,,,,,,,,,,,,,,,,,,,,,,,,,,,,,,,,,,0,,,
14074,"San Marcos",12,"Malacatán",15,1981,400,,,,,,,,,,,,,,,,,,,,,,,,,,,,,,,,,,0,,,
14075,"San Marcos",12,"Malacatán",15,1981,400,,,,,,,,,,,,,,,,,,,,,,,,,,,,,,,,,,0,,,
14076,"San Marcos",12,"Malacatán",15,1981,400,,,,,,,,,,,,,,,,,,,,,,,,,,,,,,,,,,0,,,
14077,"San Marcos",12,"Malacatán",15,1981,400,,,,,,,,,,,,,,,,,,,,,,,,,,,,,,,,,,0,,,
14078,"San Marcos",12,"Malacatán",15,1981,400,,,,,,,,,,,,,,,,,,,,,,,,,,,,,,,,,,0,,,
14079,"San Marcos",12,"Malacatán",15,1981,400,,,,,,,,,,,,,,,,,,,,,,,,,,,,,,,,,,0,,,
14080,"San Marcos",12,"Malacatán",15,1982,400,,,,,,,,,,,,,,,,,,,,,,,,,,,,,,,,,,0,,,
14081,"San Marcos",12,"Malacatán",15,1982,400,17,43,8,52,8,2,1,18,0,2,42,6,5,0,2,0,1,13,0,1,221,18,3,242,0,242,--,400,158,221,242,242,Algún campo sin dato,1,23679e2c1375a6aeb3e1ad9ad188e7ad8167b919b671d2e8675d471994c39031,25/06/2023 23:54:58,ESCANER
14082,"San Marcos",12,"Malacatán",15,1982,400,,,,,,,,,,,,,,,,,,,,,,,,,,,,,,,,,,0,,,
14083,"San Marcos",12,"Malacatán",15,1982,400,,,,,,,,,,,,,,,,,,,,,,,,,,,,,,,,,,0,,,
14084,"San Marcos",12,"Malacatán",15,1982,400,,,,,,,,,,,,,,,,,,,,,,,,,,,,,,,,,,0,,,
14085,"San Marcos",12,"Malacatán",15,1982,400,25,24,6,62,2,5,0,15,1,3,34,4,2,2,2,0,3,5,0,1,196,17,0,213,0,213,--,400,187,196,213,213,Algún campo sin dato,1,24ec5cfb4804c4e2c22963bedf96984335c5cd6237f875f94e1612ab45b9a438,26/06/2023 00:09:05,ESCANER
14086,"San Marcos",12,"Malacatán",15,1982,400,,,,,,,,,,,,,,,,,,,,,,,,,,,,,,,,,,0,,,
14087,"San Marcos",12,"Malacatán",15,1982,400,20,16,3,80,2,4,0,26,0,1,37,2,4,1,0,0,0,7,0,1,204,5,0,209,0,209,0,396,187,204,209,209,,1,14d39de9284ea727fdd3e520f007139b8b6a2c6a2f782741e3481d7d81f5bb3c,25/06/2023 23:43:52,ESCANER
14088,"San Marcos",12,"Malacatán",15,1982,335,8,17,6,50,1,1,0,15,1,1,28,4,2,3,2,1,3,5,2,1,151,6,4,161,0,161,0,335,174,151,161,161,,1,0c0a9b74eb7ace7142da1dff6420112abb929437f63b65097be21c534989bcee,25/06/2023 23:29:20,ESCANER
14089,"San Marcos",12,"Malacatán",15,1982,334,,,,,,,,,,,,,,,,,,,,,,,,,,,,,,,,,,0,,,
14090,"San Marcos",12,"Malacatán",15,1983,400,,,,,,,,,,,,,,,,,,,,,,,,,,,,,,,,,,0,,,
14091,"San Marcos",12,"Malacatán",15,1983,400,,,,,,,,,,,,,,,,,,,,,,,,,,,,,,,,,,0,,,
14092,"San Marcos",12,"Malacatán",15,1983,400,,,,,,,,,,,,,,,,,,,,,,,,,,,,,,,,,,0,,,
14093,"San Marcos",12,"Malacatán",15,1983,400,,,,,,,,,,,,,,,,,,,,,,,,,,,,,,,,,,0,,,
14094,"San Marcos",12,"Malacatán",15,1983,400,,,,,,,,,,,,,,,,,,,,,,,,,,,,,,,,,,0,,,
14095,"San Marcos",12,"Malacatán",15,1983,400,,,,,,,,,,,,,,,,,,,,,,,,,,,,,,,,,,0,,,
14096,"San Marcos",12,"Malacatán",15,1983,400,,,,,,,,,,,,,,,,,,,,,,,,,,,,,,,,,,0,,,
14097,"San Marcos",12,"Malacatán",15,1983,400,,,,,,,,,,,,,,,,,,,,,,,,,,,,,,,,,,0,,,
14098,"San Marcos",12,"Malacatán",15,1984,400,19,23,9,84,3,5,0,32,0,1,29,11,3,3,0,0,2,8,0,0,232,20,2,254,0,254,--,396,142,232,254,254,Algún campo sin dato,1,d9d681c7bcf989caac7ebb1031fc335ea7a5abd590587f62eaf3389cb3db8b3b,25/06/2023 23:50:40,ESCANER
14099,"San Marcos",12,"Malacatán",15,1984,400,,,,,,,,,,,,,,,,,,,,,,,,,,,,,,,,,,0,,,
14100,"San Marcos",12,"Malacatán",15,1984,400,,,,,,,,,,,,,,,,,,,,,,,,,,,,,,,,,,0,,,
14101,"San Marcos",12,"Malacatán",15,1984,400,,,,,,,,,,,,,,,,,,,,,,,,,,,,,,,,,,0,,,
14102,"San Marcos",12,"Malacatán",15,1984,400,,,,,,,,,,,,,,,,,,,,,,,,,,,,,,,,,,0,,,
14103,"San Marcos",12,"Malacatán",15,1984,400,,,,,,,,,,,,,,,,,,,,,,,,,,,,,,,,,,0,,,
14104,"San Marcos",12,"Malacatán",15,1984,400,,,,,,,,,,,,,,,,,,,,,,,,,,,,,,,,,,0,,,
14105,"San Marcos",12,"Malacatán",15,1984,400,,,,,,,,,,,,,,,,,,,,,,,,,,,,,,,,,,0,,,
14106,"San Marcos",12,"Malacatán",15,1984,400,,,,,,,,,,,,,,,,,,,,,,,,,,,,,,,,,,0,,,
14107,"San Marcos",12,"Malacatán",15,1984,400,,,,,,,,,,,,,,,,,,,,,,,,,,,,,,,,,,0,,,
14108,"San Marcos",12,"Malacatán",15,1984,400,,,,,,,,,,,,,,,,,,,,,,,,,,,,,,,,,,0,,,
14109,"San Marcos",12,"Malacatán",15,1984,400,,,,,,,,,,,,,,,,,,,,,,,,,,,,,,,,,,0,,,
14110,"San Marcos",12,"Malacatán",15,1984,400,,,,,,,,,,,,,,,,,,,,,,,,,,,,,,,,,,0,,,
14111,"San Marcos",12,"Malacatán",15,1984,400,,,,,,,,,,,,,,,,,,,,,,,,,,,,,,,,,,0,,,
14112,"San Marcos",12,"Malacatán",15,1984,400,,,,,,,,,,,,,,,,,,,,,,,,,,,,,,,,,,0,,,
14113,"San Marcos",12,"Malacatán",15,1985,400,,,,,,,,,,,,,,,,,,,,,,,,,,,,,,,,,,0,,,
14114,"San Marcos",12,"Malacatán",15,1985,400,,,,,,,,,,,,,,,,,,,,,,,,,,,,,,,,,,0,,,
14115,"San Marcos",12,"Malacatán",15,1985,400,,,,,,,,,,,,,,,,,,,,,,,,,,,,,,,,,,0,,,
14116,"San Marcos",12,"Malacatán",15,1985,400,,,,,,,,,,,,,,,,,,,,,,,,,,,,,,,,,,0,,,
14117,"San Marcos",12,"Malacatán",15,1985,400,,,,,,,,,,,,,,,,,,,,,,,,,,,,,,,,,,0,,,
14118,"San Marcos",12,"Malacatán",15,1985,400,,,,,,,,,,,,,,,,,,,,,,,,,,,,,,,,,,0,,,
14119,"San Marcos",12,"Malacatán",15,1985,400,,,,,,,,,,,,,,,,,,,,,,,,,,,,,,,,,,0,,,
14120,"San Marcos",12,"Malacatán",15,1985,400,12,17,7,92,0,1,1,30,2,3,32,3,2,1,0,1,1,9,2,2,218,7,1,226,0,226,--,400,174,218,226,226,Algún campo sin dato,1,c0218887a2ac5f119a1a3b8da364d51d14d471c02eebbfeb9dbfbbb1c7090566,26/06/2023 00:04:00,ESCANER
14121,"San Marcos",12,"Malacatán",15,1985,400,,,,,,,,,,,,,,,,,,,,,,,,,,,,,,,,,,0,,,
14122,"San Marcos",12,"Malacatán",15,1985,400,,,,,,,,,,,,,,,,,,,,,,,,,,,,,,,,,,0,,,
14123,"San Marcos",12,"Malacatán",15,1985,400,,,,,,,,,,,,,,,,,,,,,,,,,,,,,,,,,,0,,,
14124,"San Marcos",12,"Malacatán",15,1985,400,,,,,,,,,,,,,,,,,,,,,,,,,,,,,,,,,,0,,,
14125,"San Marcos",12,"Malacatán",15,1985,400,14,14,8,74,3,6,2,20,1,0,34,2,1,0,0,0,0,3,2,2,186,16,0,202,0,202,0,380,178,186,202,202,,1,500f86d5bad9d897e0ad1ac24c8bf7b259c10d54d70b57e7f7fb0fc10e3dccff,25/06/2023 23:54:55,ESCANER
14126,"San Marcos",12,"Malacatán",15,1985,242,6,9,12,35,2,0,1,14,0,0,19,2,1,1,0,0,2,1,1,0,106,12,7,125,0,125,--,242,117,106,125,125,Algún campo sin dato,1,fb372f9401fa1d4bf4faad9b4372ba553fb3ab8b6ab152d7e53095bdc7c516c2,26/06/2023 00:09:40,ESCANER
14127,"San Marcos",12,"Malacatán",15,1985,241,7,4,4,22,1,0,1,11,0,0,21,0,2,0,1,0,1,1,1,0,77,13,2,92,0,92,--,238,146,77,92,92,Algún campo sin dato,1,b3bb6cd80d88dcfb5436acb27b4e6df84ab0a1a5159054d2f839513294dbc27d,25/06/2023 23:01:28,ESCANER
14128,"San Marcos",12,"Malacatán",15,1986,380,,,,,,,,,,,,,,,,,,,,,,,,,,,,,,,,,,0,,,
14129,"San Marcos",12,"Malacatán",15,1986,380,,,,,,,,,,,,,,,,,,,,,,,,,,,,,,,,,,0,,,
14130,"San Marcos",12,"Malacatán",15,1986,380,,,,,,,,,,,,,,,,,,,,,,,,,,,,,,,,,,0,,,
14131,"San Marcos",12,"Malacatán",15,1986,380,7,3,13,36,2,4,2,3,4,2,55,1,3,1,2,0,0,2,1,0,141,13,5,159,0,159,0,380,221,141,159,159,,1,9c673a59e808ac1f8e3cf393239ef448c06f89ce9bcaee5a801d45b94625a26c,25/06/2023 23:36:07,ESCANER
14132,"San Marcos",12,"Malacatán",15,1986,380,,,,,,,,,,,,,,,,,,,,,,,,,,,,,,,,,,0,,,
14133,"San Marcos",12,"Malacatán",15,1986,380,,,,,,,,,,,,,,,,,,,,,,,,,,,,,,,,,,0,,,
14134,"San Marcos",12,"Malacatán",15,1986,380,,,,,,,,,,,,,,,,,,,,,,,,,,,,,,,,,,0,,,
14135,"San Marcos",12,"Malacatán",15,1986,380,,,,,,,,,,,,,,,,,,,,,,,,,,,,,,,,,,0,,,
14136,"San Marcos",12,"Malacatán",15,1986,380,,,,,,,,,,,,,,,,,,,,,,,,,,,,,,,,,,0,,,
14137,"San Marcos",12,"Malacatán",15,1986,380,,,,,,,,,,,,,,,,,,,,,,,,,,,,,,,,,,0,,,
14138,"San Marcos",12,"Malacatán",15,1986,380,,,,,,,,,,,,,,,,,,,,,,,,,,,,,,,,,,0,,,
14139,"San Marcos",12,"Malacatán",15,1986,199,,,,,,,,,,,,,,,,,,,,,,,,,,,,,,,,,,0,,,
14140,"San Marcos",12,"Malacatán",15,1986,199,5,0,7,16,0,3,0,4,1,0,16,0,0,0,0,0,0,0,0,0,52,7,1,60,0,60,--,199,139,52,60,60,Algún campo sin dato,1,dd80838f11189c39f9ef4ddd4e12af32605f1308d2874f98ce6025c28b21e204,25/06/2023 23:23:40,ESCANER
14141,"San Marcos",12,"Malacatán",15,1987,380,,,,,,,,,,,,,,,,,,,,,,,,,,,,,,,,,,0,,,
14142,"San Marcos",12,"Malacatán",15,1987,380,,,,,,,,,,,,,,,,,,,,,,,,,,,,,,,,,,0,,,
14143,"San Marcos",12,"Malacatán",15,1987,380,,,,,,,,,,,,,,,,,,,,,,,,,,,,,,,,,,0,,,
14144,"San Marcos",12,"Malacatán",15,1987,380,,,,,,,,,,,,,,,,,,,,,,,,,,,,,,,,,,0,,,
14145,"San Marcos",12,"Malacatán",15,1987,380,,,,,,,,,,,,,,,,,,,,,,,,,,,,,,,,,,0,,,
14146,"San Marcos",12,"Malacatán",15,1987,380,,,,,,,,,,,,,,,,,,,,,,,,,,,,,,,,,,0,,,
14147,"San Marcos",12,"Malacatán",15,1987,380,,,,,,,,,,,,,,,,,,,,,,,,,,,,,,,,,,0,,,
14148,"San Marcos",12,"Malacatán",15,1987,380,,,,,,,,,,,,,,,,,,,,,,,,,,,,,,,,,,0,,,
14149,"San Marcos",12,"Malacatán",15,1987,380,,,,,,,,,,,,,,,,,,,,,,,,,,,,,,,,,,0,,,
14150,"San Marcos",12,"Malacatán",15,1987,380,,,,,,,,,,,,,,,,,,,,,,,,,,,,,,,,,,0,,,
14151,"San Marcos",12,"Malacatán",15,1987,380,,,,,,,,,,,,,,,,,,,,,,,,,,,,,,,,,,0,,,
14152,"San Marcos",12,"Malacatán",15,1987,380,,,,,,,,,,,,,,,,,,,,,,,,,,,,,,,,,,0,,,
14153,"San Marcos",12,"Malacatán",15,1987,380,,,,,,,,,,,,,,,,,,,,,,,,,,,,,,,,,,0,,,
14154,"San Marcos",12,"Malacatán",15,1987,380,,,,,,,,,,,,,,,,,,,,,,,,,,,,,,,,,,0,,,
14155,"San Marcos",12,"Malacatán",15,1987,380,,,,,,,,,,,,,,,,,,,,,,,,,,,,,,,,,,0,,,
14156,"San Marcos",12,"Malacatán",15,1987,217,,,,,,,,,,,,,,,,,,,,,,,,,,,,,,,,,,0,,,
14157,"San Marcos",12,"Malacatán",15,1987,216,,,,,,,,,,,,,,,,,,,,,,,,,,,,,,,,,,0,,,
14158,"San Marcos",12,"Malacatán",15,1988,380,,,,,,,,,,,,,,,,,,,,,,,,,,,,,,,,,,0,,,
14159,"San Marcos",12,"Malacatán",15,1988,380,,,,,,,,,,,,,,,,,,,,,,,,,,,,,,,,,,0,,,
14160,"San Marcos",12,"Malacatán",15,1988,380,,,,,,,,,,,,,,,,,,,,,,,,,,,,,,,,,,0,,,
14161,"San Marcos",12,"Malacatán",15,1988,380,,,,,,,,,,,,,,,,,,,,,,,,,,,,,,,,,,0,,,
14162,"San Marcos",12,"Malacatán",15,1988,380,5,1,7,63,9,3,5,14,0,2,33,2,1,1,1,2,1,3,0,0,153,15,2,170,0,170,0,380,210,153,170,170,,1,5c98cded0190f6e41bbfd323c7061353cd963a539bd18ae1fc95282bcff9f7da,25/06/2023 23:34:28,ESCANER
14163,"San Marcos",12,"Malacatán",15,1988,380,,,,,,,,,,,,,,,,,,,,,,,,,,,,,,,,,,0,,,
14164,"San Marcos",12,"Malacatán",15,1988,380,,,,,,,,,,,,,,,,,,,,,,,,,,,,,,,,,,0,,,
14165,"San Marcos",12,"Malacatán",15,1988,380,,,,,,,,,,,,,,,,,,,,,,,,,,,,,,,,,,0,,,
14166,"San Marcos",12,"Malacatán",15,1988,380,,,,,,,,,,,,,,,,,,,,,,,,,,,,,,,,,,0,,,
14167,"San Marcos",12,"Malacatán",15,1988,380,,,,,,,,,,,,,,,,,,,,,,,,,,,,,,,,,,0,,,
14168,"San Marcos",12,"Malacatán",15,1988,380,,,,,,,,,,,,,,,,,,,,,,,,,,,,,,,,,,0,,,
14169,"San Marcos",12,"Malacatán",15,1988,380,,,,,,,,,,,,,,,,,,,,,,,,,,,,,,,,,,0,,,
14170,"San Marcos",12,"Malacatán",15,1988,380,16,2,14,43,4,10,1,31,0,4,25,2,0,1,1,9,0,0,0,0,163,13,7,183,0,183,--,380,194,163,183,183,Algún campo sin dato,1,39b4bd0a16b74d2ca1c3c9e409b97bdfabc2c000b157ff4f800672f17483a47a,26/06/2023 00:12:03,ESCANER
14171,"San Marcos",12,"Malacatán",15,1988,380,,,,,,,,,,,,,,,,,,,,,,,,,,,,,,,,,,0,,,
14172,"San Marcos",12,"Malacatán",15,1988,380,,,,,,,,,,,,,,,,,,,,,,,,,,,,,,,,,,0,,,
14173,"San Marcos",12,"Malacatán",15,1988,380,,,,,,,,,,,,,,,,,,,,,,,,,,,,,,,,,,0,,,
14174,"San Marcos",12,"Malacatán",15,1988,236,9,0,1,18,0,3,1,24,0,7,27,0,0,1,0,5,0,0,0,2,98,11,7,116,0,116,--,232,116,98,116,116,Algún campo sin dato,1,a6947978c505a50d3868b8eefc084080cf28466f121673b23aa7804975dfd44e,25/06/2023 23:49:08,ESCANER
14175,"San Marcos",12,"Malacatán",15,1988,235,,,,,,,,,,,,,,,,,,,,,,,,,,,,,,,,,,0,,,
14176,"San Marcos",12,"Malacatán",15,1989,380,,,,,,,,,,,,,,,,,,,,,,,,,,,,,,,,,,0,,,
14177,"San Marcos",12,"Malacatán",15,1989,380,,,,,,,,,,,,,,,,,,,,,,,,,,,,,,,,,,0,,,
14178,"San Marcos",12,"Malacatán",15,1989,380,,,,,,,,,,,,,,,,,,,,,,,,,,,,,,,,,,0,,,
14179,"San Marcos",12,"Malacatán",15,1989,380,,,,,,,,,,,,,,,,,,,,,,,,,,,,,,,,,,0,,,
14180,"San Marcos",12,"Malacatán",15,1989,380,,,,,,,,,,,,,,,,,,,,,,,,,,,,,,,,,,0,,,
14181,"San Marcos",12,"Malacatán",15,1989,380,,,,,,,,,,,,,,,,,,,,,,,,,,,,,,,,,,0,,,
14182,"San Marcos",12,"Malacatán",15,1989,214,,,,,,,,,,,,,,,,,,,,,,,,,,,,,,,,,,0,,,
14183,"San Marcos",12,"Malacatán",15,1989,213,,,,,,,,,,,,,,,,,,,,,,,,,,,,,,,,,,0,,,
14184,"San Marcos",12,"Malacatán",15,1990,380,,,,,,,,,,,,,,,,,,,,,,,,,,,,,,,,,,0,,,
14185,"San Marcos",12,"Malacatán",15,1990,380,,,,,,,,,,,,,,,,,,,,,,,,,,,,,,,,,,0,,,
14186,"San Marcos",12,"Malacatán",15,1990,380,,,,,,,,,,,,,,,,,,,,,,,,,,,,,,,,,,0,,,
14187,"San Marcos",12,"Malacatán",15,1990,380,,,,,,,,,,,,,,,,,,,,,,,,,,,,,,,,,,0,,,
14188,"San Marcos",12,"Malacatán",15,1990,380,,,,,,,,,,,,,,,,,,,,,,,,,,,,,,,,,,0,,,
14189,"San Marcos",12,"Malacatán",15,1990,380,,,,,,,,,,,,,,,,,,,,,,,,,,,,,,,,,,0,,,
14190,"San Marcos",12,"Malacatán",15,1990,380,,,,,,,,,,,,,,,,,,,,,,,,,,,,,,,,,,0,,,
14191,"San Marcos",12,"Malacatán",15,1990,380,16,10,11,41,2,2,5,22,3,1,37,5,1,0,0,0,0,0,0,0,156,16,5,177,0,177,--,380,203,156,177,177,Algún campo sin dato,1,dd6c5f83fd0d6fb626d9f296415456528d1445bc2d483d42ccd28a9ab13a58e5,26/06/2023 00:00:02,ESCANER
14192,"San Marcos",12,"Malacatán",15,1990,380,,,,,,,,,,,,,,,,,,,,,,,,,,,,,,,,,,0,,,
14193,"San Marcos",12,"Malacatán",15,1990,380,,,,,,,,,,,,,,,,,,,,,,,,,,,,,,,,,,0,,,
14194,"San Marcos",12,"Malacatán",15,1990,380,,,,,,,,,,,,,,,,,,,,,,,,,,,,,,,,,,0,,,
14195,"San Marcos",12,"Malacatán",15,1990,380,,,,,,,,,,,,,,,,,,,,,,,,,,,,,,,,,,0,,,
14196,"San Marcos",12,"Malacatán",15,1990,380,,,,,,,,,,,,,,,,,,,,,,,,,,,,,,,,,,0,,,
14197,"San Marcos",12,"Malacatán",15,1990,380,,,,,,,,,,,,,,,,,,,,,,,,,,,,,,,,,,0,,,
14198,"San Marcos",12,"Malacatán",15,1990,305,11,3,5,40,1,1,3,22,3,2,35,0,1,0,0,0,0,1,1,0,129,7,1,137,0,137,--,305,168,129,137,137,Algún campo sin dato,1,75deea328eefa18dac5ab3ad36e5b5b64200f039e18b3fc046f24cf73fb555f0,25/06/2023 23:55:36,ESCANER
14199,"San Marcos",12,"Malacatán",15,1990,305,,,,,,,,,,,,,,,,,,,,,,,,,,,,,,,,,,0,,,
14200,"San Marcos",12,"Malacatán",15,1991,380,,,,,,,,,,,,,,,,,,,,,,,,,,,,,,,,,,0,,,
14201,"San Marcos",12,"Malacatán",15,1991,380,26,4,9,49,1,4,6,10,2,3,50,1,1,0,1,1,1,2,1,0,172,19,7,198,0,198,--,380,182,172,198,198,Algún campo sin dato,1,d6d088755651108300ff835b3bac3ef7638f615788db9f9dec126f400e241da3,26/06/2023 00:05:30,ESCANER
14202,"San Marcos",12,"Malacatán",15,1991,380,41,1,5,46,0,2,1,7,1,0,61,1,2,0,0,0,0,2,0,3,173,25,0,198,0,198,--,380,182,173,198,198,Algún campo sin dato,1,5e06b00fc86669f7deb993d13d1b6997254b2fdee0746815798aee72e9014bd8,25/06/2023 23:35:43,ESCANER
14203,"San Marcos",12,"Malacatán",15,1991,380,,,,,,,,,,,,,,,,,,,,,,,,,,,,,,,,,,0,,,
14204,"San Marcos",12,"Malacatán",15,1991,380,46,5,6,47,1,5,5,12,0,2,37,1,1,0,0,0,2,2,0,1,173,15,3,191,0,191,--,380,189,173,191,191,Algún campo sin dato,1,f8caecda01e86464f619b6a3013e9ac24189918214fa1c6efc7f7796afa9fb9f,26/06/2023 00:14:22,ESCANER
14205,"San Marcos",12,"Malacatán",15,1991,380,,,,,,,,,,,,,,,,,,,,,,,,,,,,,,,,,,0,,,
14206,"San Marcos",12,"Malacatán",15,1991,380,,,,,,,,,,,,,,,,,,,,,,,,,,,,,,,,,,0,,,
14207,"San Marcos",12,"Malacatán",15,1992,380,,,,,,,,,,,,,,,,,,,,,,,,,,,,,,,,,,0,,,
14208,"San Marcos",12,"Malacatán",15,1992,380,,,,,,,,,,,,,,,,,,,,,,,,,,,,,,,,,,0,,,
14209,"San Marcos",12,"Malacatán",15,1992,380,,,,,,,,,,,,,,,,,,,,,,,,,,,,,,,,,,0,,,
14210,"San Marcos",12,"Malacatán",15,1992,380,26,5,5,52,1,1,4,6,5,1,38,1,1,0,0,0,0,1,0,0,147,17,5,169,0,169,--,380,211,147,169,169,Algún campo sin dato,1,06a3b2607db911441bd08a869e9beb573ba5754706caa5b1a14fb155e0b8e48a,26/06/2023 00:05:00,ESCANER
14211,"San Marcos",12,"Malacatán",15,1992,380,28,9,4,38,1,4,2,6,0,2,46,1,1,0,1,1,2,4,0,1,151,15,1,167,0,167,0,380,213,151,167,167,,1,70487b6fe96700d17a4c8ee6b9a6df16d26ef0551bc2533ab42c079e8efb4f2e,25/06/2023 23:57:04,ESCANER
14212,"San Marcos",12,"Malacatán",15,1992,380,,,,,,,,,,,,,,,,,,,,,,,,,,,,,,,,,,0,,,
14213,"San Marcos",12,"Malacatán",15,1992,245,,,,,,,,,,,,,,,,,,,,,,,,,,,,,,,,,,0,,,
14214,"San Marcos",12,"Malacatán",15,1992,244,,,,,,,,,,,,,,,,,,,,,,,,,,,,,,,,,,0,,,
14215,"San Marcos",12,"Malacatán",15,1993,380,,,,,,,,,,,,,,,,,,,,,,,,,,,,,,,,,,0,,,
14216,"San Marcos",12,"Malacatán",15,1993,380,,,,,,,,,,,,,,,,,,,,,,,,,,,,,,,,,,0,,,
14217,"San Marcos",12,"Malacatán",15,1993,380,,,,,,,,,,,,,,,,,,,,,,,,,,,,,,,,,,0,,,
14218,"San Marcos",12,"Malacatán",15,1993,214,,,,,,,,,,,,,,,,,,,,,,,,,,,,,,,,,,0,,,
14219,"San Marcos",12,"Malacatán",15,1993,213,11,6,3,53,1,1,2,21,0,2,10,0,1,1,1,0,0,14,0,0,127,2,2,131,0,131,0,217,86,127,131,131,,1,55abee55aa6445581723929bb26f2313e078e4b24c716db48ea73b726dd97ed2,25/06/2023 23:45:54,ESCANER
14220,"San Marcos",12,"Malacatán",15,1994,600,,,,,,,,,,,,,,,,,,,,,,,,,,,,,,,,,,0,,,
14221,"San Marcos",12,"Malacatán",15,1994,600,,,,,,,,,,,,,,,,,,,,,,,,,,,,,,,,,,0,,,
14222,"San Marcos",12,"Malacatán",15,1994,600,,,,,,,,,,,,,,,,,,,,,,,,,,,,,,,,,,0,,,
14223,"San Marcos",12,"Malacatán",15,1994,600,,,,,,,,,,,,,,,,,,,,,,,,,,,,,,,,,,0,,,
14224,"San Marcos",12,"Malacatán",15,1994,600,5,5,6,14,1,1,2,6,0,0,16,4,3,1,0,1,0,6,0,0,71,8,3,82,0,82,--,600,518,71,82,82,Algún campo sin dato,1,37b34f61a6bfa2b0496849e3fa68cd5eb31815a7855451141beb6075a448d063,25/06/2023 23:49:32,ESCANER
14225,"San Marcos",12,"Malacatán",15,1994,372,1,2,4,6,1,0,0,2,0,0,6,0,1,0,0,1,0,0,0,0,24,0,2,26,0,26,0,368,342,24,26,26,,1,7f57226b0d14919ffab2211f44f1f4a98f0c07748c78de4f444a983646d4e40a,25/06/2023 23:33:23,ESCANER
14226,"San Marcos",12,"Malacatán",15,1994,372,1,5,1,3,0,0,0,3,0,1,1,1,1,0,0,0,0,0,0,0,17,1,0,18,0,18,--,372,354,17,18,18,Algún campo sin dato,1,e748e123819e190e65f49ff24d8957287b9c8043e345592cd61347f2b1e3f999,25/06/2023 22:14:51,ESCANER