﻿TIPO_DE_ELECCIÓN:,CORPORACIÓN MUNICIPAL
26 junio 2023 00:25 (UTC -6)
ACTAS_ESPERADAS,ACTAS_CAPTURADAS,PORCENTAJE_ACTAS_CAPTURADAS,ACTAS_CONTABILIZADAS,PORCENTAJE_ACTAS_CONTABILIZADAS,ACTAS_NO_CONTABILIZADAS,LISTA_NOMINAL_ACTAS_CONTABILIZADAS,VOTOS_EMITIDOS_CONTABILIZADAS,PORCENTAJE_PARTICIPACIÓN_CIUDADANA
33,8,24.2424,8,24.2424,0,3005,1985,66.0565

MESA,DEPARTAMENTO,ID_DEPARTAMENTO,MUNICIPIO,ID_MUNICIPIO,CENTRO_DE_VOTACIÓN,PADRÓN,AZUL,VAMOS,MLP,ELEFANTE,UNE,PPN,PODEMOS,VALOR,BIEN,TODOS,VÁLIDOS,NULOS,BLANCO,EMITIDOS,INVÁLIDOS,TOTAL,IMPUGNACIONES,PAPELETAS-RECIBIDAS,PAPELETAS-NO-USADAS,VALIDOS_CALCULADO,EMITIDOS_CALCULADO,TOTAL_CALCULADO,OBSERVACIONES,CONTABILIZADA,CÓDIGO_INTEGRIDAD,FECHA_HORA_PUBLICACIÓN,DIGITALIZACIÓN
12064,"Suchitepéquez",10,"Samayac",8,1631,400,,,,,,,,,,,,,,,,,,,,,,,,0,,,
12065,"Suchitepéquez",10,"Samayac",8,1631,400,12,50,3,64,52,76,5,10,9,3,284,9,5,298,0,298,--,400,102,284,298,298,Algún campo sin dato,1,4d9787537aac2b1f14a14f02c3d466da3d959ae2545ee590231f6ea978f9cfed,25/06/2023 23:26:19,ESCANER
12066,"Suchitepéquez",10,"Samayac",8,1631,400,,,,,,,,,,,,,,,,,,,,,,,,0,,,
12067,"Suchitepéquez",10,"Samayac",8,1631,400,,,,,,,,,,,,,,,,,,,,,,,,0,,,
12068,"Suchitepéquez",10,"Samayac",8,1631,400,,,,,,,,,,,,,,,,,,,,,,,,0,,,
12069,"Suchitepéquez",10,"Samayac",8,1631,400,,,,,,,,,,,,,,,,,,,,,,,,0,,,
12070,"Suchitepéquez",10,"Samayac",8,1631,400,,,,,,,,,,,,,,,,,,,,,,,,0,,,
12071,"Suchitepéquez",10,"Samayac",8,1631,400,,,,,,,,,,,,,,,,,,,,,,,,0,,,
12072,"Suchitepéquez",10,"Samayac",8,1631,400,,,,,,,,,,,,,,,,,,,,,,,,0,,,
12073,"Suchitepéquez",10,"Samayac",8,1631,400,,,,,,,,,,,,,,,,,,,,,,,,0,,,
12074,"Suchitepéquez",10,"Samayac",8,1632,400,12,52,3,59,62,67,11,9,5,2,282,4,1,287,0,287,--,400,113,282,287,287,Algún campo sin dato,1,c7c98aaae8f9011a6266924d0ca4c33b26d1b68a236736e6ceef2350a8eb92c7,25/06/2023 23:40:17,ESCANER
12075,"Suchitepéquez",10,"Samayac",8,1632,400,8,64,2,57,51,61,13,6,7,2,271,8,1,280,0,280,--,400,120,271,280,280,Algún campo sin dato,1,f6325d5d9ea92dfd33bfb3d56a3ff6e97cd64ca7ae42dbe2cfbcd0f527aba6ae,26/06/2023 00:03:56,ESCANER
12076,"Suchitepéquez",10,"Samayac",8,1632,400,17,42,4,60,37,66,7,12,1,2,248,3,2,253,0,253,--,400,147,248,253,253,Algún campo sin dato,1,52b352c7e1c285e40d4008d91e220e2f083881b7a42af148b22e206b4bbcb82b,26/06/2023 00:00:18,ESCANER
12077,"Suchitepéquez",10,"Samayac",8,1632,400,,,,,,,,,,,,,,,,,,,,,,,,0,,,
12078,"Suchitepéquez",10,"Samayac",8,1633,400,,,,,,,,,,,,,,,,,,,,,,,,0,,,
12079,"Suchitepéquez",10,"Samayac",8,1633,346,13,36,3,55,39,64,10,4,6,1,231,0,0,231,0,231,--,346,115,231,231,231,Algún campo sin dato,1,9bfa397b512217f2a999852ca635589ebd03c97c80246aab0314b0f0fba03800,25/06/2023 23:33:36,ESCANER
12080,"Suchitepéquez",10,"Samayac",8,1633,345,,,,,,,,,,,,,,,,,,,,,,,,0,,,
12081,"Suchitepéquez",10,"Samayac",8,1634,400,4,71,1,61,58,40,11,20,0,1,267,11,6,284,0,284,--,400,116,267,284,284,Algún campo sin dato,1,6be90b15bf5c83752ff017d8f83ae4137d142b5102346b3d95455b2e2608aa33,26/06/2023 00:07:54,ESCANER
12082,"Suchitepéquez",10,"Samayac",8,1634,400,,,,,,,,,,,,,,,,,,,,,,,,0,,,
12083,"Suchitepéquez",10,"Samayac",8,1634,400,,,,,,,,,,,,,,,,,,,,,,,,0,,,
12084,"Suchitepéquez",10,"Samayac",8,1634,400,,,,,,,,,,,,,,,,,,,,,,,,0,,,
12085,"Suchitepéquez",10,"Samayac",8,1634,400,,,,,,,,,,,,,,,,,,,,,,,,0,,,
12086,"Suchitepéquez",10,"Samayac",8,1634,400,,,,,,,,,,,,,,,,,,,,,,,,0,,,
12087,"Suchitepéquez",10,"Samayac",8,1635,400,,,,,,,,,,,,,,,,,,,,,,,,0,,,
12088,"Suchitepéquez",10,"Samayac",8,1635,400,,,,,,,,,,,,,,,,,,,,,,,,0,,,
12089,"Suchitepéquez",10,"Samayac",8,1635,400,,,,,,,,,,,,,,,,,,,,,,,,0,,,
12090,"Suchitepéquez",10,"Samayac",8,1635,400,,,,,,,,,,,,,,,,,,,,,,,,0,,,
12091,"Suchitepéquez",10,"Samayac",8,1635,400,,,,,,,,,,,,,,,,,,,,,,,,0,,,
12092,"Suchitepéquez",10,"Samayac",8,1635,400,,,,,,,,,,,,,,,,,,,,,,,,0,,,
12093,"Suchitepéquez",10,"Samayac",8,1635,202,,,,,,,,,,,,,,,,,,,,,,,,0,,,
12094,"Suchitepéquez",10,"Samayac",8,1635,201,6,24,0,30,29,31,4,1,1,1,127,2,0,129,0,129,--,201,72,127,129,129,Algún campo sin dato,1,44b87e0d0c82381e7a67b08299cfaa862687a645ff686e65bb5bbdc37bab01d9,25/06/2023 23:42:48,ESCANER
12095,"Suchitepéquez",10,"Samayac",8,1636,458,8,45,0,37,52,35,8,9,5,3,202,11,10,223,0,223,--,458,235,202,223,223,Algún campo sin dato,1,61fda49597bdcbe9b8fc11b2d13402c5780de6b2410bc04bc41e16592551ef5d,25/06/2023 23:57:59,ESCANER
12096,"Suchitepéquez",10,"Samayac",8,1636,458,,,,,,,,,,,,,,,,,,,,,,,,0,,,