﻿TIPO_DE_ELECCIÓN:,CORPORACIÓN MUNICIPAL
26 junio 2023 00:25 (UTC -6)
ACTAS_ESPERADAS,ACTAS_CAPTURADAS,PORCENTAJE_ACTAS_CAPTURADAS,ACTAS_CONTABILIZADAS,PORCENTAJE_ACTAS_CONTABILIZADAS,ACTAS_NO_CONTABILIZADAS,LISTA_NOMINAL_ACTAS_CONTABILIZADAS,VOTOS_EMITIDOS_CONTABILIZADAS,PORCENTAJE_PARTICIPACIÓN_CIUDADANA
71,39,54.9295,39,54.9295,0,13880,10483,75.5259

MESA,DEPARTAMENTO,ID_DEPARTAMENTO,MUNICIPIO,ID_MUNICIPIO,CENTRO_DE_VOTACIÓN,PADRÓN,CABAL,MLP,PPN,UNE,VIVA,VAMOS,VALOR UNIONISTA,VÁLIDOS,NULOS,BLANCO,EMITIDOS,INVÁLIDOS,TOTAL,IMPUGNACIONES,PAPELETAS-RECIBIDAS,PAPELETAS-NO-USADAS,VALIDOS_CALCULADO,EMITIDOS_CALCULADO,TOTAL_CALCULADO,OBSERVACIONES,CONTABILIZADA,CÓDIGO_INTEGRIDAD,FECHA_HORA_PUBLICACIÓN,DIGITALIZACIÓN
16945,"Quiché",14,"Chajul",5,2549,400,,,,,,,,,,,,,,,,,,,,,0,,,
16946,"Quiché",14,"Chajul",5,2549,400,43,0,21,158,2,86,26,336,1,6,343,0,343,--,400,57,336,343,343,Algún campo sin dato,1,2287c02a2c6e1cac23d37a3d292ef6f413885a61d8a0b307d4010b739e2897ab,26/06/2023 00:08:06,ESCANER
16947,"Quiché",14,"Chajul",5,2549,400,,,,,,,,,,,,,,,,,,,,,0,,,
16948,"Quiché",14,"Chajul",5,2549,400,,,,,,,,,,,,,,,,,,,,,0,,,
16949,"Quiché",14,"Chajul",5,2549,400,,,,,,,,,,,,,,,,,,,,,0,,,
16950,"Quiché",14,"Chajul",5,2549,400,,,,,,,,,,,,,,,,,,,,,0,,,
16951,"Quiché",14,"Chajul",5,2549,400,,,,,,,,,,,,,,,,,,,,,0,,,
16952,"Quiché",14,"Chajul",5,2550,400,,,,,,,,,,,,,,,,,,,,,0,,,
16953,"Quiché",14,"Chajul",5,2550,400,,,,,,,,,,,,,,,,,,,,,0,,,
16954,"Quiché",14,"Chajul",5,2550,400,,,,,,,,,,,,,,,,,,,,,0,,,
16955,"Quiché",14,"Chajul",5,2550,400,,,,,,,,,,,,,,,,,,,,,0,,,
16956,"Quiché",14,"Chajul",5,2551,400,55,0,17,148,2,71,26,319,2,6,327,0,327,--,400,70,319,327,327,Algún campo sin dato,1,62d36e3ce0e7076c7c42fe9d7fb7391aa72a599be1a32c50a91e840fcd2ff9b7,26/06/2023 00:11:57,ESCANER
16957,"Quiché",14,"Chajul",5,2551,400,40,2,19,176,5,59,17,318,0,3,321,0,321,--,400,79,318,321,321,Algún campo sin dato,1,ec46abcd52551439e8f8b4ace9441bfd232c9458a67668408b40d94d5c5b2c86,25/06/2023 20:25:40,ESCANER
16958,"Quiché",14,"Chajul",5,2551,400,54,2,16,149,6,69,26,322,1,1,324,0,324,--,400,76,322,324,324,Algún campo sin dato,1,e134b86dd1ba0730dba4fa8dba7ad6d317e9b0b351ffd78b7fd05dabbaac725a,25/06/2023 23:55:41,ESCANER
16959,"Quiché",14,"Chajul",5,2551,400,39,4,13,150,2,79,32,319,1,3,323,0,323,--,400,77,319,323,323,Algún campo sin dato,1,97348a95e1b735fc0aefab94b031d5b47edacd4c21d9efcd6cc3c18a4c56e2f8,25/06/2023 23:18:14,ESCANER
16960,"Quiché",14,"Chajul",5,2551,400,,,,,,,,,,,,,,,,,,,,,0,,,
16961,"Quiché",14,"Chajul",5,2552,400,36,2,19,146,2,51,35,291,1,3,295,0,0,--,397,102,291,295,295,Algún campo sin dato,1,b40971504706b64bed1747722c09a7d6ae058e2c04489683378f25c89a45569e,25/06/2023 22:05:07,ESCANER
16962,"Quiché",14,"Chajul",5,2552,400,,,,,,,,,,,,,,,,,,,,,0,,,
16963,"Quiché",14,"Chajul",5,2552,400,29,0,20,40,2,75,38,305,0,0,306,0,306,--,400,94,204,204,204,Sumas Asentadas sin cuadrar,1,1dedf5ff3a90c8dab7581b4aae9fb107187dfbdceaa622947523fe5b0e6fd63f,25/06/2023 22:19:13,ESCANER
16964,"Quiché",14,"Chajul",5,2552,400,44,0,18,157,1,66,22,308,0,0,308,0,308,0,400,89,308,308,308,,1,0cab27ef84ec1555a666848c261eed8a01532eab7caf9f8979c6e5ceea7b671c,25/06/2023 23:23:19,ESCANER
16965,"Quiché",14,"Chajul",5,2553,400,33,1,14,175,2,64,26,315,0,0,315,0,315,--,400,82,315,315,315,Algún campo sin dato,1,037839dd9b722341ac5e7a21c6d3528d154690144b436e59a212e02a40af907f,26/06/2023 00:12:30,ESCANER
16966,"Quiché",14,"Chajul",5,2553,400,,,,,,,,,,,,,,,,,,,,,0,,,
16967,"Quiché",14,"Chajul",5,2554,236,20,0,8,91,1,37,15,172,0,1,173,0,173,--,236,63,172,173,173,Algún campo sin dato,1,bd67b48f6f76efe100b0bf261bc60244054d321afdf852be26324a98015e6197,25/06/2023 22:43:53,ESCANER
16968,"Quiché",14,"Chajul",5,2555,236,14,1,6,86,2,40,16,165,3,3,171,0,0,--,233,62,165,171,171,Algún campo sin dato,1,6f9fdc75833f7ba6c611a71b1c49facf718e9caba3ee4a4d91b18c0da177185f,25/06/2023 20:03:38,MOVIL
16969,"Quiché",14,"Chajul",5,2556,400,65,0,2,119,7,25,91,309,11,12,332,0,--,--,400,68,309,332,332,Algún campo sin dato,1,fdab3eecf30d6bd6e3a6a0931450a06149cccc8437d5845deb7998637011e710,25/06/2023 19:40:15,ESCANER
16970,"Quiché",14,"Chajul",5,2556,400,67,3,5,155,3,28,51,312,4,13,329,--,--,--,398,69,312,329,329,Algún campo sin dato,1,9151bc181b68ca00f5fe16289ec965f5daf28ad20f608f227c9035e3f509dec8,25/06/2023 23:16:08,ESCANER
16971,"Quiché",14,"Chajul",5,2556,400,50,1,7,123,1,24,73,279,8,7,294,15,294,--,294,103,279,294,309,Sumas Asentadas sin cuadrar,1,4f46420f6e9b66ec9bdd1238517fd970f813aae5a33d81a1d3e1941e13346798,25/06/2023 20:25:11,ESCANER
16972,"Quiché",14,"Chajul",5,2556,400,57,1,4,106,4,27,70,269,3,11,283,115,398,--,398,115,269,283,398,Algún campo sin dato,1,3cf011ec40a88074ee83d910ea35a2347448ec53d3bb0e7c4a3e0155a066cf93,25/06/2023 23:22:32,ESCANER
16973,"Quiché",14,"Chajul",5,2556,311,48,1,7,101,1,24,50,232,0,1,233,0,233,--,308,75,232,233,233,Algún campo sin dato,1,2f72bed66f00dc3973b5fb46b585136fc15e2c9a92c24f56f12b4c2a3b60b89c,25/06/2023 19:42:07,ESCANER
16974,"Quiché",14,"Chajul",5,2556,310,38,1,7,109,3,14,51,223,1,2,226,0,226,--,310,84,223,226,226,Algún campo sin dato,1,b4eefe8c31d605998e72a39e0931c6ad95ecb6e909b432fcc37fa96494e14a62,25/06/2023 19:28:54,ESCANER
16975,"Quiché",14,"Chajul",5,2557,380,16,0,20,48,5,17,173,279,10,8,297,0,297,--,380,83,279,297,297,Algún campo sin dato,1,8d4e9cbdd08584ca4eff104f0262caf4019a9107406c7a60a56f37019501d4dd,25/06/2023 20:06:45,MOVIL
16976,"Quiché",14,"Chajul",5,2557,380,,,,,,,,,,,,,,,,,,,,,0,,,
16977,"Quiché",14,"Chajul",5,2558,380,,,,,,,,,,,,,,,,,,,,,0,,,
16978,"Quiché",14,"Chajul",5,2558,380,34,0,14,37,4,32,197,318,3,12,333,0,333,--,380,47,318,333,333,Algún campo sin dato,1,bfe57caa94f9c834ec5b4efaa037484310d53f4edaa0246115e4f3f31e51a506,25/06/2023 20:53:48,MOVIL
16979,"Quiché",14,"Chajul",5,2558,380,25,0,12,28,7,18,175,265,6,7,278,0,278,0,380,102,265,278,278,,1,060ece2180e85056959d2b5f71c29133a67ed63a69333030dd501464cc3d74bb,25/06/2023 20:08:52,MOVIL
16980,"Quiché",14,"Chajul",5,2559,380,14,--,8,38,4,14,181,259,7,5,273,2,--,--,368,95,259,271,273,Sumas Asentadas sin cuadrar,1,d619eda604149ab939866afd1149339db33b273194cc6cc2694c42c5dee0833c,26/06/2023 00:05:48,ESCANER
16981,"Quiché",14,"Chajul",5,2559,380,25,1,0,23,9,24,194,276,5,5,286,0,286,--,--,--,276,286,286,Algún campo sin dato,1,69ce052141dc2292d2d48a7713a1520f587c0a1bcd5a3fb2bdc8acd77f5ffaa8,25/06/2023 23:21:24,ESCANER
16982,"Quiché",14,"Chajul",5,2559,380,,,,,,,,,,,,,,,,,,,,,0,,,
16983,"Quiché",14,"Chajul",5,2560,380,23,1,5,24,6,25,203,287,4,2,293,0,293,--,380,87,287,293,293,Algún campo sin dato,1,56b92269360ba875cdbf4c46867315e9a6999c23a1917e5b9a1d8476ae1f5277,25/06/2023 20:03:49,MOVIL
16984,"Quiché",14,"Chajul",5,2560,380,23,0,3,15,3,16,213,273,7,2,282,0,282,--,380,98,273,282,282,Algún campo sin dato,1,8edf969554dea2b5bc65154104a32dde099af2fb2682048a830e6a633a65fcd6,25/06/2023 21:25:24,MOVIL
16985,"Quiché",14,"Chajul",5,2560,211,11,0,2,24,1,9,113,160,1,0,161,0,161,--,211,50,160,161,161,Algún campo sin dato,1,36e16ee44584e76ee55313ea98311fbb8bc46a036020331f0bf1b0546b47be83,25/06/2023 22:42:52,MOVIL
16986,"Quiché",14,"Chajul",5,2560,210,20,0,3,16,6,9,101,155,0,2,157,0,157,--,210,53,155,157,157,Algún campo sin dato,1,80fba5713292ccf324a1ad64765e5c84a10abf6bae4636b177301acc3a68b28e,25/06/2023 20:09:39,MOVIL
16987,"Quiché",14,"Chajul",5,2561,380,,,,,,,,,,,,,,,,,,,,,0,,,
16988,"Quiché",14,"Chajul",5,2561,380,,,,,,,,,,,,,,,,,,,,,0,,,
16989,"Quiché",14,"Chajul",5,2561,380,,,,,,,,,,,,,,,,,,,,,0,,,
16990,"Quiché",14,"Chajul",5,2561,380,,,,,,,,,,,,,,,,,,,,,0,,,
16991,"Quiché",14,"Chajul",5,2561,380,,,,,,,,,,,,,,,,,,,,,0,,,
16992,"Quiché",14,"Chajul",5,2562,380,19,0,12,42,5,33,168,279,8,7,294,0,294,--,367,73,279,294,294,Algún campo sin dato,1,c91d6a25a2a0043e41da11af92093e1693180f3bace6c77db170255614e7fac2,26/06/2023 00:21:25,ESCANER
16993,"Quiché",14,"Chajul",5,2562,380,27,1,14,52,4,39,128,265,2,2,269,0,269,--,368,99,265,269,269,Algún campo sin dato,1,6dbc53398b7e389017dcfb0c38a2848a500b5affa058dae0301acb2a30ce6416,25/06/2023 22:56:03,ESCANER
16994,"Quiché",14,"Chajul",5,2563,380,,,,,,,,,,,,,,,,,,,,,0,,,
16995,"Quiché",14,"Chajul",5,2563,380,26,1,22,50,9,39,128,275,1,5,281,0,281,0,368,87,275,281,281,,1,3c50805a58ceeb67bf38a9e43bb88c2e6c6b80d70583711d0c7d1b56840412e5,26/06/2023 00:17:06,ESCANER
16996,"Quiché",14,"Chajul",5,2564,380,20,2,9,44,6,35,133,249,11,12,272,0,272,0,368,93,249,272,272,,1,4fc8e761881dbcf55241479833e9ffe8c1930c18b05461aaf22e0b6d597dc527,25/06/2023 23:57:37,MOVIL
16997,"Quiché",14,"Chajul",5,2564,380,,,,,,,,,,,,,,,,,,,,,0,,,
16998,"Quiché",14,"Chajul",5,2564,380,23,0,13,44,4,41,138,263,0,6,269,0,269,0,368,99,263,269,269,,1,27c1af6a850a34a68496ec2a6be5adc14b1ddec9c0b750cd467f654ddfb11f21,26/06/2023 00:16:19,ESCANER
16999,"Quiché",14,"Chajul",5,2564,380,30,0,24,57,3,24,162,300,1,2,303,0,303,--,365,62,300,303,303,Algún campo sin dato,1,be98196f956578809fdd49a35e8afb901fd04e872f33744582d79b8d3b461122,25/06/2023 22:50:40,MOVIL
17000,"Quiché",14,"Chajul",5,2564,238,,,,,,,,,,,,,,,,,,,,,0,,,
17001,"Quiché",14,"Chajul",5,2564,238,,,,,,,,,,,,,,,,,,,,,0,,,
17002,"Quiché",14,"Chajul",5,2565,380,45,2,2,77,4,11,149,290,5,13,308,0,308,0,366,58,290,308,308,,1,799cc5bbaa2299eb11f7cfab7100484a95316452608f7c72184a2f6df9f06085,26/06/2023 00:09:25,MOVIL
17003,"Quiché",14,"Chajul",5,2565,380,,,,,,,,,,,,,,,,,,,,,0,,,
17004,"Quiché",14,"Chajul",5,2566,380,30,2,7,62,11,11,139,262,3,12,277,0,277,--,370,88,262,277,277,Algún campo sin dato,1,00ad1ad2007bee78fc3e4d01b152f83e8b78e092330df576efc79c0e524fc1d7,25/06/2023 22:31:25,MOVIL
17005,"Quiché",14,"Chajul",5,2566,243,19,0,1,30,4,8,114,176,9,1,186,0,186,--,240,54,176,186,186,Algún campo sin dato,1,9e0a3f770ca2c6f81887c52f0b3de40e4014494604b6feacc6e7aea0a7ddb34d,25/06/2023 22:28:47,MOVIL
17006,"Quiché",14,"Chajul",5,2566,242,13,0,2,38,4,6,111,174,2,4,180,0,180,--,242,62,174,180,180,Algún campo sin dato,1,f6445895de3bc31968837f24861382a6e6a883f524c92796bc33bbdca89502e3,25/06/2023 22:25:32,MOVIL
17007,"Quiché",14,"Chajul",5,2567,363,,,,,,,,,,,,,,,,,,,,,0,,,
17008,"Quiché",14,"Chajul",5,2567,362,,,,,,,,,,,,,,,,,,,,,0,,,
17009,"Quiché",14,"Chajul",5,2568,380,93,2,7,13,1,26,83,225,29,8,262,0,262,--,367,105,225,262,262,Algún campo sin dato,1,bac9d95fdf64fe186d19c2448fbba3ebdd98f4ed63496834e8e6503421d8cf80,25/06/2023 22:59:35,MOVIL
17010,"Quiché",14,"Chajul",5,2568,200,,,,,,,,,,,,,,,,,,,,,0,,,
17011,"Quiché",14,"Chajul",5,2568,200,,,,,,,,,,,,,,,,,,,,,0,,,
17012,"Quiché",14,"Chajul",5,2569,380,,,,,,,,,,,,,,,,,,,,,0,,,
17013,"Quiché",14,"Chajul",5,2569,301,36,2,3,75,1,6,77,200,5,6,211,0,211,--,298,87,200,211,211,Algún campo sin dato,1,f83703a74861ceacdfce0164a2e3da3d7a9a64021e829252309eeb28d99966c0,25/06/2023 23:12:01,ESCANER
17014,"Quiché",14,"Chajul",5,2569,300,32,1,5,81,0,6,80,205,3,4,212,0,212,--,297,85,205,212,212,Algún campo sin dato,1,bd287afc165d742dd0dc2002cab92b3ac6f2556414e45f0a4b67ae3595359baa,25/06/2023 22:51:42,ESCANER
17015,"Quiché",14,"Chajul",5,2570,219,,,,,,,,,,,,,,,,,,,,,0,,,