﻿TIPO_DE_ELECCIÓN:,CORPORACIÓN MUNICIPAL
26 junio 2023 00:25 (UTC -6)
ACTAS_ESPERADAS,ACTAS_CAPTURADAS,PORCENTAJE_ACTAS_CAPTURADAS,ACTAS_CONTABILIZADAS,PORCENTAJE_ACTAS_CONTABILIZADAS,ACTAS_NO_CONTABILIZADAS,LISTA_NOMINAL_ACTAS_CONTABILIZADAS,VOTOS_EMITIDOS_CONTABILIZADAS,PORCENTAJE_PARTICIPACIÓN_CIUDADANA
27,13,48.1481,13,48.1481,0,5020,2979,59.3426

MESA,DEPARTAMENTO,ID_DEPARTAMENTO,MUNICIPIO,ID_MUNICIPIO,CENTRO_DE_VOTACIÓN,PADRÓN,CABAL,CREO,PHG,UNE,BIEN,SEMILLA,VÁLIDOS,NULOS,BLANCO,EMITIDOS,INVÁLIDOS,TOTAL,IMPUGNACIONES,PAPELETAS-RECIBIDAS,PAPELETAS-NO-USADAS,VALIDOS_CALCULADO,EMITIDOS_CALCULADO,TOTAL_CALCULADO,OBSERVACIONES,CONTABILIZADA,CÓDIGO_INTEGRIDAD,FECHA_HORA_PUBLICACIÓN,DIGITALIZACIÓN
13730,"San Marcos",12,"Sibinal",8,1907,400,,,,,,,,,,,,,,,,,,,,0,,,
13731,"San Marcos",12,"Sibinal",8,1907,400,88,9,4,46,41,64,252,11,6,269,0,269,0,400,131,252,269,269,,1,7cbb3ba0048acef053f0400634bc1ff516ee77343b50e2e09526ca9f1dcfe083,25/06/2023 23:21:44,ESCANER
13732,"San Marcos",12,"Sibinal",8,1907,400,102,8,2,56,44,78,290,6,4,300,0,300,--,400,100,290,300,300,Algún campo sin dato,1,9af88af1ee7184727afb2c35f20bf4c12e3a51a214dbef7e39b706704fcb45f5,25/06/2023 22:22:28,ESCANER
13733,"San Marcos",12,"Sibinal",8,1907,400,,,,,,,,,,,,,,,,,,,,0,,,
13734,"San Marcos",12,"Sibinal",8,1907,400,79,12,7,42,54,62,256,14,8,278,0,278,0,400,122,256,278,278,,1,14d71e94187864741bf477714198ec77afc05f71dd7f02e0385afc2b85da4c51,25/06/2023 23:54:30,ESCANER
13735,"San Marcos",12,"Sibinal",8,1907,400,,,,,,,,,,,,,,,,,,,,0,,,
13736,"San Marcos",12,"Sibinal",8,1907,400,127,3,12,32,67,60,301,6,10,317,0,317,0,400,83,301,317,317,,1,32cabe358f9e01cd1a15f2731ec218ebd855d3c96a977d31699438c1db63f26b,26/06/2023 00:14:25,ESCANER
13737,"San Marcos",12,"Sibinal",8,1907,400,,,,,,,,,,,,,,,,,,,,0,,,
13738,"San Marcos",12,"Sibinal",8,1908,400,,,,,,,,,,,,,,,,,,,,0,,,
13739,"San Marcos",12,"Sibinal",8,1908,400,70,7,4,23,34,50,188,1,1,190,0,190,0,400,210,188,190,190,,1,8f9c671c0f1c2818afbc3b064977a6ea2201397bf3195697cd1d55aa53670f68,25/06/2023 23:58:38,ESCANER
13740,"San Marcos",12,"Sibinal",8,1908,400,95,7,8,24,34,63,231,7,0,238,0,238,0,398,160,231,238,238,,1,c6a849312f5a17770c28d26dcd79c7c6a46109d6906e52796cf61bf76963721d,25/06/2023 23:48:15,ESCANER
13741,"San Marcos",12,"Sibinal",8,1908,400,,,,,,,,,,,,,,,,,,,,0,,,
13742,"San Marcos",12,"Sibinal",8,1908,400,,,,,,,,,,,,,,,,,,,,0,,,
13743,"San Marcos",12,"Sibinal",8,1909,400,,,,,,,,,,,,,,,,,,,,0,,,
13744,"San Marcos",12,"Sibinal",8,1909,400,97,2,4,47,24,62,236,0,0,236,0,236,0,400,164,236,236,236,,1,e4f783fd68e3883769f2d0604cf8888ba4899911644da0b3d08700114c18a67e,26/06/2023 00:11:35,ESCANER
13745,"San Marcos",12,"Sibinal",8,1909,400,77,9,7,33,50,60,236,0,0,236,0,236,0,398,162,236,236,236,,1,4fc6b7dfd374cd79454bd4438bb98ad217de3ed3d1b04a71375bdb395826e140,26/06/2023 00:18:43,ESCANER
13746,"San Marcos",12,"Sibinal",8,1909,392,81,3,3,52,51,33,223,1,2,226,0,226,0,392,166,223,226,226,,1,8e673c0d8444df2b5514df492fdd11fe07fbb63a4b484c17572f986283a325f5,25/06/2023 23:10:55,ESCANER
13747,"San Marcos",12,"Sibinal",8,1909,391,88,6,3,38,43,34,212,0,2,214,0,214,--,393,179,212,214,214,Algún campo sin dato,1,265d2d24fd59affa6afcc2ff33d238570587706edbf5f6f75c3446dc220a25ef,25/06/2023 22:15:12,ESCANER
13748,"San Marcos",12,"Sibinal",8,1910,331,75,9,2,16,31,76,209,7,4,220,0,220,0,331,111,209,220,220,,1,dc6b18532385eeb65b38de3086f944b782fff3ea82b7f0d6c2d6132271c1ebc1,25/06/2023 23:04:00,ESCANER
13749,"San Marcos",12,"Sibinal",8,1910,330,51,2,4,10,27,57,151,6,5,162,0,162,0,332,170,151,162,162,,1,1752bee03606655dc29d461e643aff1a82b6c0fe9350e2480d3354e842288564,25/06/2023 23:55:05,ESCANER
13750,"San Marcos",12,"Sibinal",8,1911,276,,,,,,,,,,,,,,,,,,,,0,,,
13751,"San Marcos",12,"Sibinal",8,1911,276,,,,,,,,,,,,,,,,,,,,0,,,
13752,"San Marcos",12,"Sibinal",8,1912,380,,,,,,,,,,,,,,,,,,,,0,,,
13753,"San Marcos",12,"Sibinal",8,1912,380,,,,,,,,,,,,,,,,,,,,0,,,
13754,"San Marcos",12,"Sibinal",8,1913,205,,,,,,,,,,,,,,,,,,,,0,,,
13755,"San Marcos",12,"Sibinal",8,1913,204,,,,,,,,,,,,,,,,,,,,0,,,
13756,"San Marcos",12,"Sibinal",8,1914,376,33,2,3,20,9,21,88,2,3,93,0,93,1,377,284,88,93,93,,1,ddd79b015e01ecdf058629b29e7d17036013fad9ccc5aedf973d61ea4e854a15,26/06/2023 00:01:02,ESCANER