﻿TIPO_DE_ELECCIÓN:,CORPORACIÓN MUNICIPAL
26 junio 2023 00:25 (UTC -6)
ACTAS_ESPERADAS,ACTAS_CAPTURADAS,PORCENTAJE_ACTAS_CAPTURADAS,ACTAS_CONTABILIZADAS,PORCENTAJE_ACTAS_CONTABILIZADAS,ACTAS_NO_CONTABILIZADAS,LISTA_NOMINAL_ACTAS_CONTABILIZADAS,VOTOS_EMITIDOS_CONTABILIZADAS,PORCENTAJE_PARTICIPACIÓN_CIUDADANA
31,4,12.9032,4,12.9032,0,1244,612,49.1961

MESA,DEPARTAMENTO,ID_DEPARTAMENTO,MUNICIPIO,ID_MUNICIPIO,CENTRO_DE_VOTACIÓN,PADRÓN,PHG,CABAL,VAMOS,UR,UNE,VIVA,PPN,VÁLIDOS,NULOS,BLANCO,EMITIDOS,INVÁLIDOS,TOTAL,IMPUGNACIONES,PAPELETAS-RECIBIDAS,PAPELETAS-NO-USADAS,VALIDOS_CALCULADO,EMITIDOS_CALCULADO,TOTAL_CALCULADO,OBSERVACIONES,CONTABILIZADA,CÓDIGO_INTEGRIDAD,FECHA_HORA_PUBLICACIÓN,DIGITALIZACIÓN
14559,"San Marcos",12,"Ixchiguán",23,2047,400,3,78,71,12,7,1,2,174,20,6,200,0,200,0,400,200,174,200,200,,1,a3672bd5c4b31666684cd8c7e01c190155c08e39980ec0ea0b4f267e77f59b7a,25/06/2023 23:26:51,ESCANER
14560,"San Marcos",12,"Ixchiguán",23,2047,400,,,,,,,,,,,,,,,,,,,,,0,,,
14561,"San Marcos",12,"Ixchiguán",23,2047,400,,,,,,,,,,,,,,,,,,,,,0,,,
14562,"San Marcos",12,"Ixchiguán",23,2047,400,,,,,,,,,,,,,,,,,,,,,0,,,
14563,"San Marcos",12,"Ixchiguán",23,2047,400,,,,,,,,,,,,,,,,,,,,,0,,,
14564,"San Marcos",12,"Ixchiguán",23,2047,400,,,,,,,,,,,,,,,,,,,,,0,,,
14565,"San Marcos",12,"Ixchiguán",23,2047,400,,,,,,,,,,,,,,,,,,,,,0,,,
14566,"San Marcos",12,"Ixchiguán",23,2047,232,1,58,24,16,0,1,4,104,2,0,106,0,106,0,232,126,104,106,106,,1,674ca67d2d51474cc281e01b90dd66bc0696e5405bf36d003c7c78f2553b787e,25/06/2023 23:12:25,ESCANER
14567,"San Marcos",12,"Ixchiguán",23,2047,232,1,47,26,12,1,5,0,92,1,1,94,0,94,0,232,135,92,94,94,,1,a2ce25c5b0ecf65d843746976ab049822471af6c0d2e26433d4c154e6bff0ca0,25/06/2023 23:10:29,ESCANER
14568,"San Marcos",12,"Ixchiguán",23,2048,380,,,,,,,,,,,,,,,,,,,,,0,,,
14569,"San Marcos",12,"Ixchiguán",23,2048,244,,,,,,,,,,,,,,,,,,,,,0,,,
14570,"San Marcos",12,"Ixchiguán",23,2048,243,,,,,,,,,,,,,,,,,,,,,0,,,
14571,"San Marcos",12,"Ixchiguán",23,2049,380,13,82,60,9,5,12,8,189,15,8,212,0,212,0,380,168,189,212,212,,1,b6d5be84c723a553165e722698b467323c59a6e0f7b454911f0f5f36700eeca1,26/06/2023 00:05:13,MOVIL
14572,"San Marcos",12,"Ixchiguán",23,2049,380,,,,,,,,,,,,,,,,,,,,,0,,,
14573,"San Marcos",12,"Ixchiguán",23,2050,380,,,,,,,,,,,,,,,,,,,,,0,,,
14574,"San Marcos",12,"Ixchiguán",23,2050,202,,,,,,,,,,,,,,,,,,,,,0,,,
14575,"San Marcos",12,"Ixchiguán",23,2050,202,,,,,,,,,,,,,,,,,,,,,0,,,
14576,"San Marcos",12,"Ixchiguán",23,2051,380,,,,,,,,,,,,,,,,,,,,,0,,,
14577,"San Marcos",12,"Ixchiguán",23,2051,380,,,,,,,,,,,,,,,,,,,,,0,,,
14578,"San Marcos",12,"Ixchiguán",23,2051,295,,,,,,,,,,,,,,,,,,,,,0,,,
14579,"San Marcos",12,"Ixchiguán",23,2051,295,,,,,,,,,,,,,,,,,,,,,0,,,
14580,"San Marcos",12,"Ixchiguán",23,2052,380,,,,,,,,,,,,,,,,,,,,,0,,,
14581,"San Marcos",12,"Ixchiguán",23,2052,361,,,,,,,,,,,,,,,,,,,,,0,,,
14582,"San Marcos",12,"Ixchiguán",23,2052,361,,,,,,,,,,,,,,,,,,,,,0,,,
14583,"San Marcos",12,"Ixchiguán",23,2053,324,,,,,,,,,,,,,,,,,,,,,0,,,
14584,"San Marcos",12,"Ixchiguán",23,2053,323,,,,,,,,,,,,,,,,,,,,,0,,,
14585,"San Marcos",12,"Ixchiguán",23,2054,380,,,,,,,,,,,,,,,,,,,,,0,,,
14586,"San Marcos",12,"Ixchiguán",23,2054,319,,,,,,,,,,,,,,,,,,,,,0,,,
14587,"San Marcos",12,"Ixchiguán",23,2054,318,,,,,,,,,,,,,,,,,,,,,0,,,
14588,"San Marcos",12,"Ixchiguán",23,2055,497,,,,,,,,,,,,,,,,,,,,,0,,,
14589,"San Marcos",12,"Ixchiguán",23,2055,496,,,,,,,,,,,,,,,,,,,,,0,,,