﻿TIPO_DE_ELECCIÓN:,CORPORACIÓN MUNICIPAL
26 junio 2023 00:25 (UTC -6)
ACTAS_ESPERADAS,ACTAS_CAPTURADAS,PORCENTAJE_ACTAS_CAPTURADAS,ACTAS_CONTABILIZADAS,PORCENTAJE_ACTAS_CONTABILIZADAS,ACTAS_NO_CONTABILIZADAS,LISTA_NOMINAL_ACTAS_CONTABILIZADAS,VOTOS_EMITIDOS_CONTABILIZADAS,PORCENTAJE_PARTICIPACIÓN_CIUDADANA
18,2,11.1111,2,11.1111,0,649,375,57.7812

MESA,DEPARTAMENTO,ID_DEPARTAMENTO,MUNICIPIO,ID_MUNICIPIO,CENTRO_DE_VOTACIÓN,PADRÓN,MLP,VAMOS,UNIONISTA,UNE,TODOS,CABAL,VIVA,VALOR,VICTORIA,PHG,VÁLIDOS,NULOS,BLANCO,EMITIDOS,INVÁLIDOS,TOTAL,IMPUGNACIONES,PAPELETAS-RECIBIDAS,PAPELETAS-NO-USADAS,VALIDOS_CALCULADO,EMITIDOS_CALCULADO,TOTAL_CALCULADO,OBSERVACIONES,CONTABILIZADA,CÓDIGO_INTEGRIDAD,FECHA_HORA_PUBLICACIÓN,DIGITALIZACIÓN
16637,"Huehuetenango",13,"Santa Ana Huista",31,2487,400,,,,,,,,,,,,,,,,,,,,,,,,0,,,
16638,"Huehuetenango",13,"Santa Ana Huista",31,2487,400,,,,,,,,,,,,,,,,,,,,,,,,0,,,
16639,"Huehuetenango",13,"Santa Ana Huista",31,2487,400,,,,,,,,,,,,,,,,,,,,,,,,0,,,
16640,"Huehuetenango",13,"Santa Ana Huista",31,2487,400,,,,,,,,,,,,,,,,,,,,,,,,0,,,
16641,"Huehuetenango",13,"Santa Ana Huista",31,2487,400,,,,,,,,,,,,,,,,,,,,,,,,0,,,
16642,"Huehuetenango",13,"Santa Ana Huista",31,2487,400,,,,,,,,,,,,,,,,,,,,,,,,0,,,
16643,"Huehuetenango",13,"Santa Ana Huista",31,2487,389,,,,,,,,,,,,,,,,,,,,,,,,0,,,
16644,"Huehuetenango",13,"Santa Ana Huista",31,2487,388,,,,,,,,,,,,,,,,,,,,,,,,0,,,
16645,"Huehuetenango",13,"Santa Ana Huista",31,2488,400,,,,,,,,,,,,,,,,,,,,,,,,0,,,
16646,"Huehuetenango",13,"Santa Ana Huista",31,2488,270,,,,,,,,,,,,,,,,,,,,,,,,0,,,
16647,"Huehuetenango",13,"Santa Ana Huista",31,2488,269,16,40,10,54,4,14,4,24,3,2,171,1,1,173,0,173,--,268,95,171,173,173,Algún campo sin dato,1,2c6292c6f619e86f15dcfc0f5c79afe7dfb15811eee6c5b8f334f32ff2033f09,26/06/2023 00:07:16,ESCANER
16648,"Huehuetenango",13,"Santa Ana Huista",31,2489,380,,,,,,,,,,,,,,,,,,,,,,,,0,,,
16649,"Huehuetenango",13,"Santa Ana Huista",31,2489,380,,,,,,,,,,,,,,,,,,,,,,,,0,,,
16650,"Huehuetenango",13,"Santa Ana Huista",31,2489,380,,,,,,,,,,,,,,,,,,,,,,,,0,,,
16651,"Huehuetenango",13,"Santa Ana Huista",31,2489,380,,,,,,,,,,,,,,,,,,,,,,,,0,,,
16652,"Huehuetenango",13,"Santa Ana Huista",31,2489,380,5,65,40,17,4,7,20,34,0,0,192,10,0,202,0,202,--,380,178,192,202,202,Algún campo sin dato,1,6f3c73463e9428d09807b205100cac53416043db0dd408321c3919609fc3a161,26/06/2023 00:16:36,ESCANER
16653,"Huehuetenango",13,"Santa Ana Huista",31,2489,271,,,,,,,,,,,,,,,,,,,,,,,,0,,,
16654,"Huehuetenango",13,"Santa Ana Huista",31,2489,270,,,,,,,,,,,,,,,,,,,,,,,,0,,,