﻿TIPO_DE_ELECCIÓN:,CORPORACIÓN MUNICIPAL
26 junio 2023 00:25 (UTC -6)
ACTAS_ESPERADAS,ACTAS_CAPTURADAS,PORCENTAJE_ACTAS_CAPTURADAS,ACTAS_CONTABILIZADAS,PORCENTAJE_ACTAS_CONTABILIZADAS,ACTAS_NO_CONTABILIZADAS,LISTA_NOMINAL_ACTAS_CONTABILIZADAS,VOTOS_EMITIDOS_CONTABILIZADAS,PORCENTAJE_PARTICIPACIÓN_CIUDADANA
67,41,61.1940,41,61.1940,0,15170,9123,60.1384

MESA,DEPARTAMENTO,ID_DEPARTAMENTO,MUNICIPIO,ID_MUNICIPIO,CENTRO_DE_VOTACIÓN,PADRÓN,VALOR,VAMOS,UNE,PODEMOS,CABAL,VIVA,VICTORIA,MI FAMILIA,PR,VÁLIDOS,NULOS,BLANCO,EMITIDOS,INVÁLIDOS,TOTAL,IMPUGNACIONES,PAPELETAS-RECIBIDAS,PAPELETAS-NO-USADAS,VALIDOS_CALCULADO,EMITIDOS_CALCULADO,TOTAL_CALCULADO,OBSERVACIONES,CONTABILIZADA,CÓDIGO_INTEGRIDAD,FECHA_HORA_PUBLICACIÓN,DIGITALIZACIÓN
7807,"Escuintla",5,"La Gomera",7,884,400,,,,,,,,,,,,,,,,,,,,,,,0,,,
7808,"Escuintla",5,"La Gomera",7,884,400,,,,,,,,,,,,,,,,,,,,,,,0,,,
7809,"Escuintla",5,"La Gomera",7,884,400,16,85,21,52,10,37,4,4,0,229,35,2,266,0,266,--,397,131,229,266,266,Algún campo sin dato,1,d26923198c3c85311a6d4bb9126387dbf57fe515c65a69ca7e895eab9db8c445,26/06/2023 00:15:25,ESCANER
7810,"Escuintla",5,"La Gomera",7,884,400,,,,,,,,,,,,,,,,,,,,,,,0,,,
7811,"Escuintla",5,"La Gomera",7,884,400,,,,,,,,,,,,,,,,,,,,,,,0,,,
7812,"Escuintla",5,"La Gomera",7,884,400,,,,,,,,,,,,,,,,,,,,,,,0,,,
7813,"Escuintla",5,"La Gomera",7,884,400,,,,,,,,,,,,,,,,,,,,,,,0,,,
7814,"Escuintla",5,"La Gomera",7,884,400,,,,,,,,,,,,,,,,,,,,,,,0,,,
7815,"Escuintla",5,"La Gomera",7,884,400,27,90,15,46,2,51,6,3,1,241,34,2,277,0,277,0,400,123,241,277,277,,1,dc5d2422836d98add34c74c6161760ad70e04e8fa1ce31b48977b0c884a09ef5,26/06/2023 00:00:31,ESCANER
7816,"Escuintla",5,"La Gomera",7,884,400,17,93,27,58,8,30,8,4,0,245,35,5,--,--,285,--,400,115,245,285,285,Algún campo sin dato,1,de2e242bc5d2660194811260f950577dacc87014cc0d6143cb7ec2bd8c75a6f0,25/06/2023 22:29:54,ESCANER
7817,"Escuintla",5,"La Gomera",7,884,400,27,72,13,49,5,34,4,1,3,208,22,4,234,0,234,--,400,166,208,234,234,Algún campo sin dato,1,222746f257d9f5e0ad87cfe0380308a19395133795ccb060345e15b39b9af427,25/06/2023 22:32:19,ESCANER
7818,"Escuintla",5,"La Gomera",7,884,400,,,,,,,,,,,,,,,,,,,,,,,0,,,
7819,"Escuintla",5,"La Gomera",7,885,400,,,,,,,,,,,,,,,,,,,,,,,0,,,
7820,"Escuintla",5,"La Gomera",7,885,400,,,,,,,,,,,,,,,,,,,,,,,0,,,
7821,"Escuintla",5,"La Gomera",7,885,400,12,67,25,42,4,30,4,3,1,188,26,5,219,0,219,--,400,181,188,219,219,Algún campo sin dato,1,713a55220d63ec8b6aa6a752560c14d6c0b48a54b38ca983b2d13fb02369e2fc,25/06/2023 23:24:00,ESCANER
7822,"Escuintla",5,"La Gomera",7,885,400,21,55,25,53,11,33,3,3,1,205,31,2,238,0,238,--,400,162,205,238,238,Algún campo sin dato,1,350daf87f6942268ad484450d01290305bfe8cd127a1c14dbed9fcc908833e6f,25/06/2023 22:24:20,ESCANER
7823,"Escuintla",5,"La Gomera",7,885,400,22,62,19,33,6,26,3,2,3,176,39,7,222,0,222,0,400,178,176,222,222,,1,68fbbf317968075004c9f225565160a0dc851d2cb89316cc691ee7e7613ca9c0,25/06/2023 22:47:09,ESCANER
7824,"Escuintla",5,"La Gomera",7,885,400,,,,,,,,,,,,,,,,,,,,,,,0,,,
7825,"Escuintla",5,"La Gomera",7,885,400,20,76,19,43,5,27,4,2,2,198,27,1,226,0,226,--,396,170,198,226,226,Algún campo sin dato,1,95d1b824311917470f90a49a0064e5c46c39f5a2866208e09f42a9daf1e9dcbb,25/06/2023 22:45:04,ESCANER
7826,"Escuintla",5,"La Gomera",7,885,400,,,,,,,,,,,,,,,,,,,,,,,0,,,
7827,"Escuintla",5,"La Gomera",7,885,400,,,,,,,,,,,,,,,,,,,,,,,0,,,
7828,"Escuintla",5,"La Gomera",7,885,400,22,69,15,53,5,36,2,2,1,205,25,0,230,0,230,0,400,170,205,230,230,,1,db1be0f7e12f9f53021c23e23b93a2b1af577b531d7475c672b2caa7663475b1,25/06/2023 23:23:11,ESCANER
7829,"Escuintla",5,"La Gomera",7,885,219,8,37,7,30,5,16,2,0,2,107,9,2,118,0,118,0,219,101,107,118,118,,1,5083a5c04b8230f6521aab7a2b67957621287995a1a00f5b43e42f90b62bab78,25/06/2023 22:07:26,ESCANER
7830,"Escuintla",5,"La Gomera",7,885,218,3,27,8,19,0,12,1,0,2,72,15,1,88,0,88,--,218,130,72,88,88,Algún campo sin dato,1,460475f3bcc47df73e072af418c725c9334a8c38e38d1c253d1d2c68442c30bd,25/06/2023 20:29:28,ESCANER
7831,"Escuintla",5,"La Gomera",7,886,400,26,91,17,40,6,33,4,2,1,220,45,3,268,0,268,--,399,131,220,268,268,Algún campo sin dato,1,7497c2ab145ca77b9a5cf62228afe65489d91cf7bb4c4fce549c96e7080f3b4b,25/06/2023 23:25:39,ESCANER
7832,"Escuintla",5,"La Gomera",7,886,400,25,93,20,48,7,21,6,2,0,222,58,2,282,0,282,--,400,118,222,282,282,Algún campo sin dato,1,8825a08b63f8d0be73868a06802029646ec13a32fae064dc6a1a039271f7cfe1,25/06/2023 22:44:14,ESCANER
7833,"Escuintla",5,"La Gomera",7,886,400,30,85,28,52,6,25,3,2,4,235,39,4,278,0,278,--,397,119,235,278,278,Algún campo sin dato,1,51628acd406f1ec2ed337712a966a80bbdc77c7f7baa6fe1b0ffc3d488e1f2cc,25/06/2023 22:49:44,ESCANER
7834,"Escuintla",5,"La Gomera",7,886,400,30,95,23,43,5,32,4,2,2,236,42,2,280,0,280,--,400,120,236,280,280,Algún campo sin dato,1,b4805d8f66dd6edd44d03a3a194ab3a1747a3336eb4874041c8314ddc206b1e8,25/06/2023 22:14:17,ESCANER
7835,"Escuintla",5,"La Gomera",7,886,400,23,96,23,48,9,38,3,1,1,242,42,4,288,0,288,--,400,112,242,288,288,Algún campo sin dato,1,b430ddbd68e7a2a882c4d6d4a21ed087598d2ca9510a4c5c6afa96dc3840321d,25/06/2023 23:02:44,ESCANER
7836,"Escuintla",5,"La Gomera",7,886,400,21,109,20,57,7,33,2,2,2,253,41,3,297,0,297,--,400,103,253,297,297,Algún campo sin dato,1,929ee77db1743840267fb2c703ed04587e51466bc6f93edab1248f75c00e8a68,25/06/2023 23:32:28,ESCANER
7837,"Escuintla",5,"La Gomera",7,886,400,29,104,23,41,4,36,2,3,3,245,45,2,292,0,292,--,400,108,245,292,292,Algún campo sin dato,1,004accf700448643035623827bf485c2f3bd7e06f9d28b3d774e13ce598a6b0f,25/06/2023 23:37:30,ESCANER
7838,"Escuintla",5,"La Gomera",7,886,400,16,80,19,36,8,37,4,0,0,200,37,2,239,0,239,--,400,161,200,239,239,Algún campo sin dato,1,ddc5aee8b512343f83baa7a31de891e7ac9346c2631dc32e3b3b860c44f49abc,25/06/2023 22:30:56,ESCANER
7839,"Escuintla",5,"La Gomera",7,886,400,27,81,18,52,5,21,6,0,2,212,33,1,246,0,246,--,400,154,212,246,246,Algún campo sin dato,1,b904f0fb3ee09af03d62c466fb8a7f2924bfc45c1838752e3f489ccb796c7a77,25/06/2023 22:59:31,ESCANER
7840,"Escuintla",5,"La Gomera",7,886,400,18,96,26,39,2,24,3,1,1,210,32,2,244,0,244,--,400,156,210,244,244,Algún campo sin dato,1,f0207fd09f6b00b6fbdf5afcef1040ad97f326246a49105ed1e983b2e337a4cd,25/06/2023 23:24:18,ESCANER
7841,"Escuintla",5,"La Gomera",7,887,400,21,70,20,45,8,22,6,0,0,192,35,4,231,0,231,0,400,165,192,231,231,,1,461e40225330964970995df963671673b1b2ae23faaedcbba44de7ee01477289,26/06/2023 00:13:51,ESCANER
7842,"Escuintla",5,"La Gomera",7,887,400,18,87,25,39,8,18,3,3,2,203,36,1,240,0,240,0,400,160,203,240,240,,1,e7ae513a73264ed29eaa9b37c579868923656e3a8bc6d2c31c4696a64c988fbe,25/06/2023 21:09:51,ESCANER
7843,"Escuintla",5,"La Gomera",7,887,400,,,,,,,,,,,,,,,,,,,,,,,0,,,
7844,"Escuintla",5,"La Gomera",7,887,233,,,,,,,,,,,,,,,,,,,,,,,0,,,
7845,"Escuintla",5,"La Gomera",7,887,233,13,35,7,24,2,9,0,0,1,111,19,1,111,0,111,0,230,119,91,111,111,Sumas Asentadas sin cuadrar,1,e30bd2fafde634c717b505b765a4a402108d1e3618a08bd403dbc5b6412aab77,25/06/2023 21:50:28,ESCANER
7846,"Escuintla",5,"La Gomera",7,888,400,72,68,16,26,12,24,6,2,0,226,22,7,255,0,255,0,400,145,226,255,255,,1,19acc852661786a307e04c8b22e3c0ab62c96cf77417a5f7e2d42ec4275e6733,25/06/2023 22:45:15,ESCANER
7847,"Escuintla",5,"La Gomera",7,888,296,44,48,8,19,7,11,4,2,1,144,15,8,167,0,167,0,292,125,144,167,167,,1,7bcbc6f992d90ccd4aca28268b16dfce608aa503d33dd2bff6e1561020e5752d,25/06/2023 22:13:00,ESCANER
7848,"Escuintla",5,"La Gomera",7,888,296,42,40,6,10,3,7,4,1,0,113,8,4,125,0,0,0,293,168,113,125,125,,1,c8b2c4f7d5aed56fc0457a9dac54dc318974695592d55fae626492b09ac5401b,25/06/2023 23:04:17,ESCANER
7849,"Escuintla",5,"La Gomera",7,889,380,,,,,,,,,,,,,,,,,,,,,,,0,,,
7850,"Escuintla",5,"La Gomera",7,889,380,,,,,,,,,,,,,,,,,,,,,,,0,,,
7851,"Escuintla",5,"La Gomera",7,889,380,,,,,,,,,,,,,,,,,,,,,,,0,,,
7852,"Escuintla",5,"La Gomera",7,889,380,,,,,,,,,,,,,,,,,,,,,,,0,,,
7853,"Escuintla",5,"La Gomera",7,889,380,16,103,11,14,1,29,3,1,0,178,26,1,205,0,205,0,380,175,178,205,205,,1,fab12354e9442181787866f7d51a6ff9d44f36248629a937f359b4c9620704a0,25/06/2023 23:44:02,ESCANER
7854,"Escuintla",5,"La Gomera",7,889,380,12,98,13,12,4,34,3,3,0,179,33,5,217,0,217,--,380,163,179,217,217,Algún campo sin dato,1,7ffdf34febe6a15801a2fd6f7721be9fc47054ebc5eceda3667577a6743f577c,25/06/2023 22:10:50,ESCANER
7855,"Escuintla",5,"La Gomera",7,889,380,14,126,12,18,0,31,7,0,1,209,34,4,247,0,247,0,379,132,209,247,247,,1,66f91063c8eeedd797f3b118681735394811fdd8be4c4eef47542d15198ea452,25/06/2023 23:33:14,ESCANER
7856,"Escuintla",5,"La Gomera",7,890,380,,,,,,,,,,,,,,,,,,,,,,,0,,,
7857,"Escuintla",5,"La Gomera",7,890,380,18,97,8,16,1,19,5,0,0,164,21,1,186,0,186,0,380,194,164,186,186,,1,b28125725c165f14d0f0d5f6d22ce271c3d674b25277bf625823fe5bea560d96,26/06/2023 00:14:20,ESCANER
7858,"Escuintla",5,"La Gomera",7,890,328,14,103,4,22,0,20,6,1,0,170,16,0,186,0,186,--,328,142,170,186,186,Algún campo sin dato,1,e101df52dbed2b92e62dddff4fb954d17687bbe3cb8d3b2fd8ffeef3f5ed8693,25/06/2023 23:36:32,ESCANER
7859,"Escuintla",5,"La Gomera",7,890,327,,,,,,,,,,,,,,,,,,,,,,,0,,,
7860,"Escuintla",5,"La Gomera",7,891,380,18,94,17,113,6,12,4,2,0,266,32,5,303,0,303,0,380,77,266,303,303,,1,cdfab3ad2c502a4cb8c95054982bdfcaa8a9066b41a06014cacba5a644a9e614,26/06/2023 00:07:47,ESCANER
7861,"Escuintla",5,"La Gomera",7,891,380,24,95,21,93,4,21,3,0,2,263,39,6,308,0,308,0,376,68,263,308,308,,1,7187ee91768ee2a69b918dd4963637a876e1d8dc85cc9e6ee5a77247f26930a5,25/06/2023 22:56:18,ESCANER
7862,"Escuintla",5,"La Gomera",7,891,380,,,,,,,,,,,,,,,,,,,,,,,0,,,
7863,"Escuintla",5,"La Gomera",7,891,380,24,79,13,74,5,23,5,0,0,223,16,4,243,0,243,0,380,137,223,243,243,,1,30a44a9bedc7edb208e46cfefde8159ffa1c814790c022c8ba694454f59d1a1f,25/06/2023 23:03:39,ESCANER
7864,"Escuintla",5,"La Gomera",7,891,241,26,48,13,52,3,9,2,0,0,153,15,2,170,0,170,0,238,68,153,170,170,,1,f93488f8dd16b5a606c5de5d5f1aa0cc5dad2eff3b826b89f0997c032e16f42d,25/06/2023 21:19:22,ESCANER
7865,"Escuintla",5,"La Gomera",7,891,241,21,38,7,69,2,12,2,0,0,151,17,0,168,0,168,0,241,73,151,168,168,,1,8d89fa9aa442bc217f8a9371904915644fc2ac0fd64e26d8ad6fb09afc83b304,25/06/2023 21:49:42,ESCANER
7866,"Escuintla",5,"La Gomera",7,892,380,43,113,36,20,6,29,9,3,--,259,31,5,295,0,295,--,380,82,259,295,295,Algún campo sin dato,1,0990133448f7db509667f21d8e009217b4f36c1940f4c6416a22f508c5fdbf2a,26/06/2023 00:23:21,ESCANER
7867,"Escuintla",5,"La Gomera",7,892,380,39,107,39,13,8,18,4,0,1,229,24,1,254,0,254,0,380,126,229,254,254,,1,f2164fe756c779df92c2a395fe08da8dc0c02167ba4ce50abf923bd4adba3e26,25/06/2023 22:37:59,ESCANER
7868,"Escuintla",5,"La Gomera",7,892,358,,,,,,,,,,,,,,,,,,,,,,,0,,,
7869,"Escuintla",5,"La Gomera",7,892,358,,,,,,,,,,,,,,,,,,,,,,,0,,,
7870,"Escuintla",5,"La Gomera",7,893,600,,,,,,,,,,,,,,,,,,,,,,,0,,,
7871,"Escuintla",5,"La Gomera",7,893,600,,,,,,,,,,,,,,,,,,,,,,,0,,,
7872,"Escuintla",5,"La Gomera",7,893,439,10,25,6,11,3,10,1,0,1,67,12,0,79,0,79,--,439,360,67,79,79,Algún campo sin dato,1,4fde2055228b303d6d0b865c9444597480c03201491ee8b2ddfaaa9c0ae4432a,25/06/2023 21:48:45,ESCANER
7873,"Escuintla",5,"La Gomera",7,893,439,1,5,1,3,1,3,0,0,0,14,2,0,16,0,16,--,439,423,14,16,16,Algún campo sin dato,1,e8968f4f8f6aedbe710e9ceb4c9b3258a6d8f5b23c36796f27af797cc9fae76c,25/06/2023 20:32:31,ESCANER