﻿TIPO_DE_ELECCIÓN:,CORPORACIÓN MUNICIPAL
26 junio 2023 00:25 (UTC -6)
ACTAS_ESPERADAS,ACTAS_CAPTURADAS,PORCENTAJE_ACTAS_CAPTURADAS,ACTAS_CONTABILIZADAS,PORCENTAJE_ACTAS_CONTABILIZADAS,ACTAS_NO_CONTABILIZADAS,LISTA_NOMINAL_ACTAS_CONTABILIZADAS,VOTOS_EMITIDOS_CONTABILIZADAS,PORCENTAJE_PARTICIPACIÓN_CIUDADANA
86,30,34.8837,30,34.8837,0,10908,7768,71.2137

MESA,DEPARTAMENTO,ID_DEPARTAMENTO,MUNICIPIO,ID_MUNICIPIO,CENTRO_DE_VOTACIÓN,PADRÓN,VAMOS,VALOR,UNE,AZUL,VIVA,UR,TODOS,CABAL,ELEFANTE,MLP,VOS,UNIONISTA,CAMBIO,VÁLIDOS,NULOS,BLANCO,EMITIDOS,INVÁLIDOS,TOTAL,IMPUGNACIONES,PAPELETAS-RECIBIDAS,PAPELETAS-NO-USADAS,VALIDOS_CALCULADO,EMITIDOS_CALCULADO,TOTAL_CALCULADO,OBSERVACIONES,CONTABILIZADA,CÓDIGO_INTEGRIDAD,FECHA_HORA_PUBLICACIÓN,DIGITALIZACIÓN
3952,"Guatemala",1,"Fraijanes",13,395,400,110,119,15,7,3,2,0,7,3,3,1,5,0,275,16,2,293,0,293,--,--,--,275,293,293,Algún campo sin dato,1,3f4e8ef09e58ac992e46c9d0844a0c2b3e4a52d7f11f4518da08c53cc6339e61,26/06/2023 00:23:38,ESCANER
3953,"Guatemala",1,"Fraijanes",13,395,400,,,,,,,,,,,,,,,,,,,,,,,,,,,0,,,
3954,"Guatemala",1,"Fraijanes",13,395,400,,,,,,,,,,,,,,,,,,,,,,,,,,,0,,,
3955,"Guatemala",1,"Fraijanes",13,395,400,,,,,,,,,,,,,,,,,,,,,,,,,,,0,,,
3956,"Guatemala",1,"Fraijanes",13,395,400,,,,,,,,,,,,,,,,,,,,,,,,,,,0,,,
3957,"Guatemala",1,"Fraijanes",13,396,400,,,,,,,,,,,,,,,,,,,,,,,,,,,0,,,
3958,"Guatemala",1,"Fraijanes",13,396,400,,,,,,,,,,,,,,,,,,,,,,,,,,,0,,,
3959,"Guatemala",1,"Fraijanes",13,396,400,,,,,,,,,,,,,,,,,,,,,,,,,,,0,,,
3960,"Guatemala",1,"Fraijanes",13,396,400,147,116,20,1,1,0,0,6,1,8,4,2,0,306,19,1,326,0,326,--,400,74,306,326,326,Algún campo sin dato,1,113ef560a6444bb1e4693abccae6b88a7cce181b6af0a2fe86fb95f12be9cdb0,26/06/2023 00:02:15,ESCANER
3961,"Guatemala",1,"Fraijanes",13,396,400,136,154,19,6,1,0,0,5,0,8,1,2,0,332,13,3,348,0,348,0,399,48,332,348,348,,1,208ab6a3c7c74de069800b88a0086ef21047296cea91d68a0ace68be5dce951f,26/06/2023 00:24:39,ESCANER
3962,"Guatemala",1,"Fraijanes",13,396,400,,,,,,,,,,,,,,,,,,,,,,,,,,,0,,,
3963,"Guatemala",1,"Fraijanes",13,396,400,122,100,19,5,5,1,0,10,2,4,1,3,0,272,8,0,280,0,280,--,397,116,272,280,280,Algún campo sin dato,1,c3c502e77a0d7bbbab6834ccd676ff4a961c3b985a99669511e0e24051a7a167,26/06/2023 00:15:00,ESCANER
3964,"Guatemala",1,"Fraijanes",13,396,400,120,97,18,7,7,0,0,5,2,3,2,5,0,266,21,1,288,0,288,--,400,112,266,288,288,Algún campo sin dato,1,4ece82b40d4fbdfd3998be927d8ed84b7b785ce85371c4a948afc0c316fb4892,25/06/2023 22:22:28,ESCANER
3965,"Guatemala",1,"Fraijanes",13,396,400,114,111,21,5,4,0,1,4,3,6,4,1,0,292,17,1,292,0,292,--,400,108,274,292,292,Sumas Asentadas sin cuadrar,1,a170032d2633388b3d8d2491aa0709beeb98eaac476ceb1c19bb6659c542f32c,25/06/2023 22:55:20,ESCANER
3966,"Guatemala",1,"Fraijanes",13,396,400,101,125,15,7,4,0,1,7,1,9,3,9,0,282,7,1,290,0,290,--,400,110,282,290,290,Algún campo sin dato,1,d63ab95a4cdd39dc1542809527174154dee2046f95fe13cf0a95121b83f67dd6,25/06/2023 22:44:35,ESCANER
3967,"Guatemala",1,"Fraijanes",13,396,400,103,121,21,4,7,2,1,4,1,5,2,4,0,275,9,0,284,116,400,--,400,116,275,284,400,Algún campo sin dato,1,f734bed96346043ab5bfd61b7782b00bd5f230782277cf080d38dbd1f3d43118,25/06/2023 22:30:36,ESCANER
3968,"Guatemala",1,"Fraijanes",13,396,400,,,,,,,,,,,,,,,,,,,,,,,,,,,0,,,
3969,"Guatemala",1,"Fraijanes",13,396,400,106,114,16,10,4,1,1,7,1,1,1,1,0,263,16,0,279,1,280,--,400,120,263,279,280,Algún campo sin dato,1,b6c757b4a9428881ae7939744113f002724ed77ec8a0af57730c90d7d27a3aa0,25/06/2023 23:59:31,ESCANER
3970,"Guatemala",1,"Fraijanes",13,396,400,,,,,,,,,,,,,,,,,,,,,,,,,,,0,,,
3971,"Guatemala",1,"Fraijanes",13,396,400,,,,,,,,,,,,,,,,,,,,,,,,,,,0,,,
3972,"Guatemala",1,"Fraijanes",13,396,400,,,,,,,,,,,,,,,,,,,,,,,,,,,0,,,
3973,"Guatemala",1,"Fraijanes",13,396,400,,,,,,,,,,,,,,,,,,,,,,,,,,,0,,,
3974,"Guatemala",1,"Fraijanes",13,396,400,98,122,13,10,8,1,0,8,2,6,8,3,0,279,4,0,283,0,283,--,400,117,279,283,283,Algún campo sin dato,1,54123bb486c58c9b762ba067b2418b4b9ee82fa668c576f9175f271ee06ddad6,26/06/2023 00:15:08,ESCANER
3975,"Guatemala",1,"Fraijanes",13,397,400,129,128,17,15,0,0,0,2,0,3,2,0,0,296,6,0,302,0,302,--,400,98,296,302,302,Algún campo sin dato,1,4e26ea4ad97dacd6656e32554563db3f88647e310cda13cbb842ebba4dec83dc,25/06/2023 22:57:17,ESCANER
3976,"Guatemala",1,"Fraijanes",13,397,400,126,132,11,8,2,0,0,2,1,3,2,0,0,287,3,1,291,0,291,--,400,109,287,291,291,Algún campo sin dato,1,170a2fcf4ed47f376c2c33ff2a40758ab29169cf984682108c24664c81119230,25/06/2023 23:27:02,ESCANER
3977,"Guatemala",1,"Fraijanes",13,397,292,67,78,11,3,3,3,0,3,3,4,0,2,0,177,2,0,179,0,179,--,292,113,177,179,179,Algún campo sin dato,1,186683e52c169e72f1105714322c9fa34f001c4576b87649a10d735b4246841a,25/06/2023 21:53:11,ESCANER
3978,"Guatemala",1,"Fraijanes",13,397,291,,,,,,,,,,,,,,,,,,,,,,,,,,,0,,,
3979,"Guatemala",1,"Fraijanes",13,398,361,,,,,,,,,,,,,,,,,,,,,,,,,,,0,,,
3980,"Guatemala",1,"Fraijanes",13,399,400,,,,,,,,,,,,,,,,,,,,,,,,,,,0,,,
3981,"Guatemala",1,"Fraijanes",13,399,400,,,,,,,,,,,,,,,,,,,,,,,,,,,0,,,
3982,"Guatemala",1,"Fraijanes",13,399,400,,,,,,,,,,,,,,,,,,,,,,,,,,,0,,,
3983,"Guatemala",1,"Fraijanes",13,399,400,116,132,14,1,2,0,0,19,0,3,0,1,0,228,18,2,308,0,308,--,396,88,288,308,308,Sumas Asentadas sin cuadrar,1,f067edc45008975ebbb2d5fec993a0eaf098328a1977e93d7df4d541966336ac,26/06/2023 00:15:45,ESCANER
3984,"Guatemala",1,"Fraijanes",13,400,400,,,,,,,,,,,,,,,,,,,,,,,,,,,0,,,
3985,"Guatemala",1,"Fraijanes",13,400,400,,,,,,,,,,,,,,,,,,,,,,,,,,,0,,,
3986,"Guatemala",1,"Fraijanes",13,400,400,,,,,,,,,,,,,,,,,,,,,,,,,,,0,,,
3987,"Guatemala",1,"Fraijanes",13,400,258,,,,,,,,,,,,,,,,,,,,,,,,,,,0,,,
3988,"Guatemala",1,"Fraijanes",13,400,258,63,89,14,0,0,0,0,9,0,0,1,0,0,176,3,0,179,0,179,--,258,79,176,179,179,Algún campo sin dato,1,29d76349ed876fb9e3ab75d3033c6ff4136eeb387623e21e69c13ff9dc5d951f,25/06/2023 23:44:40,ESCANER
3989,"Guatemala",1,"Fraijanes",13,401,380,,,,,,,,,,,,,,,,,,,,,,,,,,,0,,,
3990,"Guatemala",1,"Fraijanes",13,401,380,,,,,,,,,,,,,,,,,,,,,,,,,,,0,,,
3991,"Guatemala",1,"Fraijanes",13,401,380,,,,,,,,,,,,,,,,,,,,,,,,,,,0,,,
3992,"Guatemala",1,"Fraijanes",13,401,380,,,,,,,,,,,,,,,,,,,,,,,,,,,0,,,
3993,"Guatemala",1,"Fraijanes",13,401,380,,,,,,,,,,,,,,,,,,,,,,,,,,,0,,,
3994,"Guatemala",1,"Fraijanes",13,401,380,,,,,,,,,,,,,,,,,,,,,,,,,,,0,,,
3995,"Guatemala",1,"Fraijanes",13,401,380,,,,,,,,,,,,,,,,,,,,,,,,,,,0,,,
3996,"Guatemala",1,"Fraijanes",13,401,380,,,,,,,,,,,,,,,,,,,,,,,,,,,0,,,
3997,"Guatemala",1,"Fraijanes",13,401,380,,,,,,,,,,,,,,,,,,,,,,,,,,,0,,,
3998,"Guatemala",1,"Fraijanes",13,401,380,,,,,,,,,,,,,,,,,,,,,,,,,,,0,,,
3999,"Guatemala",1,"Fraijanes",13,401,242,,,,,,,,,,,,,,,,,,,,,,,,,,,0,,,
4000,"Guatemala",1,"Fraijanes",13,401,241,,,,,,,,,,,,,,,,,,,,,,,,,,,0,,,
4001,"Guatemala",1,"Fraijanes",13,402,380,,,,,,,,,,,,,,,,,,,,,,,,,,,0,,,
4002,"Guatemala",1,"Fraijanes",13,402,380,,,,,,,,,,,,,,,,,,,,,,,,,,,0,,,
4003,"Guatemala",1,"Fraijanes",13,402,380,,,,,,,,,,,,,,,,,,,,,,,,,,,0,,,
4004,"Guatemala",1,"Fraijanes",13,402,380,,,,,,,,,,,,,,,,,,,,,,,,,,,0,,,
4005,"Guatemala",1,"Fraijanes",13,402,380,,,,,,,,,,,,,,,,,,,,,,,,,,,0,,,
4006,"Guatemala",1,"Fraijanes",13,402,380,,,,,,,,,,,,,,,,,,,,,,,,,,,0,,,
4007,"Guatemala",1,"Fraijanes",13,402,380,,,,,,,,,,,,,,,,,,,,,,,,,,,0,,,
4008,"Guatemala",1,"Fraijanes",13,402,380,61,105,8,1,17,3,1,12,1,1,12,33,2,257,16,0,273,0,273,--,380,107,257,273,273,Algún campo sin dato,1,47a5f19fdd575665a9038953712584b1383637429fae52b48e8274cd1025a159,25/06/2023 23:05:08,ESCANER
4009,"Guatemala",1,"Fraijanes",13,402,380,58,114,12,5,18,2,6,6,6,2,8,22,0,259,13,0,272,0,272,--,380,108,259,272,272,Algún campo sin dato,1,66ea6914892d8581e9c977b8c0a7edaa694d02067187c386a336bb75b5f878ba,25/06/2023 23:32:18,ESCANER
4010,"Guatemala",1,"Fraijanes",13,402,380,51,97,9,4,14,2,0,3,2,4,15,19,0,220,14,0,234,0,234,--,--,--,220,234,234,Algún campo sin dato,1,dbfaceeee9d4bd38c3872450e11add89f82df96e5dd5a4421a8aac5338046e1b,25/06/2023 23:51:22,ESCANER
4011,"Guatemala",1,"Fraijanes",13,402,380,,,,,,,,,,,,,,,,,,,,,,,,,,,0,,,
4012,"Guatemala",1,"Fraijanes",13,402,295,56,101,11,4,6,2,2,4,2,4,11,13,0,216,4,1,221,0,221,--,295,74,216,221,221,Algún campo sin dato,1,5295be983e17ff4740e9ed74e0541fa1eec6e8faa2b7d911a06bc8f38835655f,25/06/2023 23:38:50,ESCANER
4013,"Guatemala",1,"Fraijanes",13,402,295,39,74,5,0,7,2,4,7,1,5,13,24,0,181,6,4,191,0,191,--,245,104,181,191,191,Algún campo sin dato,1,f253971edd0136c3bf1642ed676bf2fb29c44a54a67d71bd4840eeb48a5a8b68,25/06/2023 22:44:04,ESCANER
4014,"Guatemala",1,"Fraijanes",13,403,380,,,,,,,,,,,,,,,,,,,,,,,,,,,0,,,
4015,"Guatemala",1,"Fraijanes",13,403,380,51,100,12,3,23,4,1,18,3,2,21,18,0,256,33,2,291,0,291,--,380,89,256,291,291,Algún campo sin dato,1,22d0572fb03a6ac4ab4752da822782b05859f0ff3b030bfc40f66a3d8b04d6ff,25/06/2023 23:34:55,ESCANER
4016,"Guatemala",1,"Fraijanes",13,403,380,,,,,,,,,,,,,,,,,,,,,,,,,,,0,,,
4017,"Guatemala",1,"Fraijanes",13,403,380,43,99,13,7,33,3,4,17,6,6,5,18,0,254,26,6,286,0,286,--,380,94,254,286,286,Algún campo sin dato,1,354b9e7c1dbaa17612de9dbd5024b3dba9db4db3916315e2be6fe641e3557f05,26/06/2023 00:19:55,ESCANER
4018,"Guatemala",1,"Fraijanes",13,403,380,,,,,,,,,,,,,,,,,,,,,,,,,,,0,,,
4019,"Guatemala",1,"Fraijanes",13,403,380,,,,,,,,,,,,,,,,,,,,,,,,,,,0,,,
4020,"Guatemala",1,"Fraijanes",13,403,380,,,,,,,,,,,,,,,,,,,,,,,,,,,0,,,
4021,"Guatemala",1,"Fraijanes",13,403,380,,,,,,,,,,,,,,,,,,,,,,,,,,,0,,,
4022,"Guatemala",1,"Fraijanes",13,403,380,36,90,12,4,29,5,9,11,4,11,12,14,0,237,24,0,261,0,261,--,--,--,237,261,261,Algún campo sin dato,1,7dfb4c086f8aec1057d928948e6a1d85a9882f13a1e91ffcda015cfebdcc52eb,26/06/2023 00:00:22,ESCANER
4023,"Guatemala",1,"Fraijanes",13,403,380,52,85,15,4,27,6,4,11,4,5,10,26,0,249,15,2,266,0,266,--,380,114,249,266,266,Algún campo sin dato,1,58dc8df8683cc85aa78f8f1bb616997ae808f585f51ca09c0adeb1f06987008d,25/06/2023 23:31:16,ESCANER
4024,"Guatemala",1,"Fraijanes",13,403,380,,,,,,,,,,,,,,,,,,,,,,,,,,,0,,,
4025,"Guatemala",1,"Fraijanes",13,403,380,,,,,,,,,,,,,,,,,,,,,,,,,,,0,,,
4026,"Guatemala",1,"Fraijanes",13,403,380,,,,,,,,,,,,,,,,,,,,,,,,,,,0,,,
4027,"Guatemala",1,"Fraijanes",13,403,380,42,98,17,2,23,5,3,13,6,7,12,20,2,250,21,0,271,2,273,--,377,104,250,271,273,Algún campo sin dato,1,15bd7ffaa576b227711c61277cafdb29367aa4768aa3e176bdfdfa3cb8f16310,25/06/2023 23:29:25,ESCANER
4028,"Guatemala",1,"Fraijanes",13,403,380,,,,,,,,,,,,,,,,,,,,,,,,,,,0,,,
4029,"Guatemala",1,"Fraijanes",13,403,380,40,85,11,3,18,2,0,14,10,8,19,20,1,231,17,0,248,0,248,1,380,131,231,248,248,,1,23bff40a9475419f9922f17eba14ab59bb8473dc88208c6bc5fe2fcb3df7597f,25/06/2023 22:38:39,ESCANER
4030,"Guatemala",1,"Fraijanes",13,403,380,,,,,,,,,,,,,,,,,,,,,,,,,,,0,,,
4031,"Guatemala",1,"Fraijanes",13,403,380,,,,,,,,,,,,,,,,,,,,,,,,,,,0,,,
4032,"Guatemala",1,"Fraijanes",13,403,380,41,106,7,3,23,5,5,15,5,5,29,13,0,270,12,1,270,0,270,--,379,108,257,270,270,Sumas Asentadas sin cuadrar,1,6d271110ab4b12a37cc5a2c8179ae7ef380d93424dd5ffbfceaa5e8c958ab288,25/06/2023 23:41:39,ESCANER
4033,"Guatemala",1,"Fraijanes",13,403,380,45,83,11,1,10,4,6,8,3,2,20,9,0,202,11,2,215,0,215,--,380,162,202,215,215,Algún campo sin dato,1,a55f799be89f160b9efcae585854df1f7d4659c3ea7fc80d571e0ff58a9c1ba7,25/06/2023 22:35:46,ESCANER
4034,"Guatemala",1,"Fraijanes",13,403,194,19,46,7,3,16,0,1,3,2,2,18,5,0,122,3,3,128,0,128,--,194,66,122,128,128,Algún campo sin dato,1,0c5843d9df4e900ada25482398321e3f9ce41724c0209881fe2d6d06b33bc551,25/06/2023 22:26:17,ESCANER
4035,"Guatemala",1,"Fraijanes",13,403,194,12,46,5,2,14,3,2,10,0,2,12,8,1,119,2,0,127,6,125,--,191,64,117,119,125,Sumas Asentadas sin cuadrar,1,fa5a2727151cb39a657408169dc3529b44f1089bad212ee78f8ee79820863905,25/06/2023 22:53:33,ESCANER
4036,"Guatemala",1,"Fraijanes",13,404,395,,,,,,,,,,,,,,,,,,,,,,,,,,,0,,,
4037,"Guatemala",1,"Fraijanes",13,404,395,,,,,,,,,,,,,,,,,,,,,,,,,,,0,,,