﻿TIPO_DE_ELECCIÓN:,CORPORACIÓN MUNICIPAL
26 junio 2023 00:25 (UTC -6)
ACTAS_ESPERADAS,ACTAS_CAPTURADAS,PORCENTAJE_ACTAS_CAPTURADAS,ACTAS_CONTABILIZADAS,PORCENTAJE_ACTAS_CONTABILIZADAS,ACTAS_NO_CONTABILIZADAS,LISTA_NOMINAL_ACTAS_CONTABILIZADAS,VOTOS_EMITIDOS_CONTABILIZADAS,PORCENTAJE_PARTICIPACIÓN_CIUDADANA
105,36,34.2857,36,34.2857,0,13064,7312,55.9706

MESA,DEPARTAMENTO,ID_DEPARTAMENTO,MUNICIPIO,ID_MUNICIPIO,CENTRO_DE_VOTACIÓN,PADRÓN,CABAL,UNE,VAMOS,AZUL,TODOS,PODEMOS,MLP,VOS,VALOR UNIONISTA,VÁLIDOS,NULOS,BLANCO,EMITIDOS,INVÁLIDOS,TOTAL,IMPUGNACIONES,PAPELETAS-RECIBIDAS,PAPELETAS-NO-USADAS,VALIDOS_CALCULADO,EMITIDOS_CALCULADO,TOTAL_CALCULADO,OBSERVACIONES,CONTABILIZADA,CÓDIGO_INTEGRIDAD,FECHA_HORA_PUBLICACIÓN,DIGITALIZACIÓN
22578,"Chiquimula",20,"Jocotán",4,3525,400,3,77,52,39,2,0,3,3,46,225,27,3,255,0,255,--,400,145,225,255,255,Algún campo sin dato,1,dbe56b105a06459b617669713bef75c8aebf269f10a5834d718adfb8444b40d2,25/06/2023 22:30:24,ESCANER
22579,"Chiquimula",20,"Jocotán",4,3525,400,2,92,74,36,0,1,1,6,35,247,22,5,274,0,274,--,400,126,247,274,274,Algún campo sin dato,1,c849903ada62a3462b680234c88cc59ce80a5f40669c6847d643c5d5468a81e6,25/06/2023 22:27:53,ESCANER
22580,"Chiquimula",20,"Jocotán",4,3525,400,6,102,38,36,1,0,3,0,54,240,22,6,268,0,268,--,400,132,240,268,268,Algún campo sin dato,1,69eeb4b6738ec2a5334bd575545c30d83f8efadcd423a8cccef2503901de5646,25/06/2023 22:51:25,ESCANER
22581,"Chiquimula",20,"Jocotán",4,3526,400,,,,,,,,,,,,,,,,,,,,,,,0,,,
22582,"Chiquimula",20,"Jocotán",4,3526,400,,,,,,,,,,,,,,,,,,,,,,,0,,,
22583,"Chiquimula",20,"Jocotán",4,3526,400,,,,,,,,,,,,,,,,,,,,,,,0,,,
22584,"Chiquimula",20,"Jocotán",4,3526,400,,,,,,,,,,,,,,,,,,,,,,,0,,,
22585,"Chiquimula",20,"Jocotán",4,3526,400,3,98,64,17,1,0,1,1,39,224,7,5,236,0,236,--,400,164,224,236,236,Algún campo sin dato,1,e2f65ba652b3a6afc65429d13414168a53759034e7bfdb449fb36284e08de74f,25/06/2023 23:42:12,ESCANER
22586,"Chiquimula",20,"Jocotán",4,3526,400,,,,,,,,,,,,,,,,,,,,,,,0,,,
22587,"Chiquimula",20,"Jocotán",4,3526,400,4,78,59,20,1,0,3,1,53,219,9,3,231,0,231,--,--,--,219,231,231,Algún campo sin dato,1,a8493d2c57eaf36405d48e3a27fd3aab7a8100bbce5ca51745b198ddf34dd9e1,26/06/2023 00:23:14,ESCANER
22588,"Chiquimula",20,"Jocotán",4,3526,400,,,,,,,,,,,,,,,,,,,,,,,0,,,
22589,"Chiquimula",20,"Jocotán",4,3526,400,,,,,,,,,,,,,,,,,,,,,,,0,,,
22590,"Chiquimula",20,"Jocotán",4,3526,400,,,,,,,,,,,,,,,,,,,,,,,0,,,
22591,"Chiquimula",20,"Jocotán",4,3526,400,2,76,63,21,1,0,1,1,59,224,14,1,239,0,239,--,399,160,224,239,239,Algún campo sin dato,1,47a3452c988fd470493e2d72719cd49cddb32c51b0aa893674877c937f0ef17f,25/06/2023 23:54:50,ESCANER
22592,"Chiquimula",20,"Jocotán",4,3526,400,,,,,,,,,,,,,,,,,,,,,,,0,,,
22593,"Chiquimula",20,"Jocotán",4,3526,400,,,,,,,,,,,,,,,,,,,,,,,0,,,
22594,"Chiquimula",20,"Jocotán",4,3527,400,,,,,,,,,,,,,,,,,,,,,,,0,,,
22595,"Chiquimula",20,"Jocotán",4,3527,400,,,,,,,,,,,,,,,,,,,,,,,0,,,
22596,"Chiquimula",20,"Jocotán",4,3527,400,,,,,,,,,,,,,,,,,,,,,,,0,,,
22597,"Chiquimula",20,"Jocotán",4,3527,400,3,87,56,25,0,0,1,2,19,193,9,6,208,--,208,--,400,192,193,208,208,Algún campo sin dato,1,383e822c515544037ecaef89e61e41fb04ccf8293dce13cded6bc996601272b8,25/06/2023 23:46:21,ESCANER
22598,"Chiquimula",20,"Jocotán",4,3527,400,6,67,44,24,0,0,1,3,37,182,8,2,192,0,192,--,400,208,182,192,192,Algún campo sin dato,1,55ad57f710194bc004d2c0c29c5dd064bd8fc3ba128c972d2ebe19180cb62590,25/06/2023 23:57:58,ESCANER
22599,"Chiquimula",20,"Jocotán",4,3527,400,,,,,,,,,,,,,,,,,,,,,,,0,,,
22600,"Chiquimula",20,"Jocotán",4,3527,292,,,,,,,,,,,,,,,,,,,,,,,0,,,
22601,"Chiquimula",20,"Jocotán",4,3527,291,2,35,29,15,1,1,0,1,24,108,11,3,122,0,122,--,291,169,108,122,122,Algún campo sin dato,1,1a90a50da305cf89d7e8bea31a4e705ac41b7b99ce332fbee548988eb8833789,25/06/2023 22:44:22,ESCANER
22602,"Chiquimula",20,"Jocotán",4,3528,400,1,78,110,4,0,1,0,1,46,243,13,4,260,0,260,1,396,136,241,258,258,Sumas Asentadas sin cuadrar,1,6358b8f1a62ae646bb208aa995818de5b376de5b65f7531de3555b6facc693c2,25/06/2023 22:36:57,ESCANER
22603,"Chiquimula",20,"Jocotán",4,3528,400,2,101,67,6,1,2,2,2,64,247,17,7,271,0,271,--,400,129,247,271,271,Algún campo sin dato,1,63e8a5d2bbe9813d8bdedab2226d03a5b8dcfd6aeeae729cf41d32c64760be15,25/06/2023 22:37:54,ESCANER
22604,"Chiquimula",20,"Jocotán",4,3528,400,3,124,61,11,0,0,5,3,39,246,12,4,262,0,262,--,416,154,246,262,262,Algún campo sin dato,1,b112ebd43bf99f2855cda81e42aa2abed98dbddc57d9563f858f45b650acd469,25/06/2023 23:24:36,ESCANER
22605,"Chiquimula",20,"Jocotán",4,3528,400,2,130,60,5,4,1,1,1,35,239,9,2,250,0,250,--,400,150,239,250,250,Algún campo sin dato,1,7547c39d966085788406cec05c99b0a020c5eb253d5c0d81a68b04b870c02db3,25/06/2023 23:38:50,ESCANER
22606,"Chiquimula",20,"Jocotán",4,3528,400,1,103,50,7,1,1,1,1,36,201,18,11,230,0,230,--,400,170,201,230,230,Algún campo sin dato,1,9f2b268e8f1f9fee2e4b1bad57e7c4c7e9e509a1e3e79a1d7b42f7e0b0173fc7,25/06/2023 22:01:27,ESCANER
22607,"Chiquimula",20,"Jocotán",4,3529,400,0,94,63,5,1,0,0,2,35,200,9,2,211,0,211,--,400,189,200,211,211,Algún campo sin dato,1,dee157eb05272d1a67f3aa75716a8d81158a3cc63e16f193e6380927ef435cc5,25/06/2023 23:38:07,ESCANER
22608,"Chiquimula",20,"Jocotán",4,3529,345,,,,,,,,,,,,,,,,,,,,,,,0,,,
22609,"Chiquimula",20,"Jocotán",4,3529,345,1,59,42,6,0,0,3,2,26,139,13,2,154,0,154,--,345,191,139,154,154,Algún campo sin dato,1,6385ad710a1b34d790a76a08a5318491f6d04b2aff3e20ab0265ab48c4ccd4e2,25/06/2023 23:28:45,ESCANER
22610,"Chiquimula",20,"Jocotán",4,3530,400,,,,,,,,,,,,,,,,,,,,,,,0,,,
22611,"Chiquimula",20,"Jocotán",4,3530,400,,,,,,,,,,,,,,,,,,,,,,,0,,,
22612,"Chiquimula",20,"Jocotán",4,3530,400,4,88,73,4,2,1,1,1,71,245,13,0,258,0,258,--,400,142,245,258,258,Algún campo sin dato,1,ae9cd71c0c9f8344d150da75f62d29fa7c338b5bba74baa24750c74c70ec1027,25/06/2023 22:59:25,ESCANER
22613,"Chiquimula",20,"Jocotán",4,3530,400,2,96,78,4,1,0,1,1,58,241,14,4,259,0,259,0,400,141,241,259,259,,1,4c84fc8f5a61699e3ee83ec99cb6a85a8a30b9ae64a706e6d0d21e913bc4b617,25/06/2023 22:38:45,ESCANER
22614,"Chiquimula",20,"Jocotán",4,3530,400,2,105,74,8,0,0,1,1,41,232,21,6,259,0,259,--,400,141,232,259,259,Algún campo sin dato,1,a63ee1769ee7b9d6c5859e1b5f9ded19221cfefedf290b1817ea185e5d401acb,25/06/2023 23:10:12,ESCANER
22615,"Chiquimula",20,"Jocotán",4,3530,400,,,,,,,,,,,,,,,,,,,,,,,0,,,
22616,"Chiquimula",20,"Jocotán",4,3530,400,,,,,,,,,,,,,,,,,,,,,,,0,,,
22617,"Chiquimula",20,"Jocotán",4,3530,400,0,65,71,5,2,0,1,1,48,193,5,0,193,0,198,--,400,202,193,198,198,Sumas Asentadas sin cuadrar,1,4ab6e9dcbed57c43cdc2570d3cfefa0f60145e1de746d71f7c40293e86acf97e,25/06/2023 23:52:31,ESCANER
22618,"Chiquimula",20,"Jocotán",4,3530,400,--,96,49,6,0,0,1,0,33,185,9,0,194,0,194,--,400,206,185,194,194,Algún campo sin dato,1,938e5795caad5ad21ef26641c9e2d9e300ca014ba9ae5b2a82d163a221e40013,25/06/2023 23:34:36,ESCANER
22619,"Chiquimula",20,"Jocotán",4,3530,251,1,45,44,2,2,1,--,--,37,132,7,2,141,0,141,--,251,110,132,141,141,Algún campo sin dato,1,3a7d796c41f9d7b620bdd6db0c1ea8172b7cad9f29a4bad5f63f043430bcc2ee,25/06/2023 21:37:25,ESCANER
22620,"Chiquimula",20,"Jocotán",4,3530,251,0,50,44,5,1,0,0,1,25,126,10,6,143,0,143,--,251,109,126,142,142,Sumas Asentadas sin cuadrar,1,86c511c58eb3fa90ebe645310438f3250641e1238d28802a08d571339f7e9436,25/06/2023 21:55:29,ESCANER
22621,"Chiquimula",20,"Jocotán",4,3531,400,,,,,,,,,,,,,,,,,,,,,,,0,,,
22622,"Chiquimula",20,"Jocotán",4,3531,400,4,71,70,2,0,1,0,1,20,169,28,9,206,0,206,--,400,194,169,206,206,Algún campo sin dato,1,837891304589bf9a9186e9867ebbb36561a22b7d4cea9838e72d1020527c2751,25/06/2023 23:45:54,ESCANER
22623,"Chiquimula",20,"Jocotán",4,3531,400,2,94,91,7,6,0,1,0,21,222,23,8,253,0,253,--,400,147,222,253,253,Algún campo sin dato,1,bd0093c93f3a3345b67783d292b2fedbfe6eb0f4c0b22bd7aa7e43135654959c,26/06/2023 00:24:25,ESCANER
22624,"Chiquimula",20,"Jocotán",4,3531,400,,,,,,,,,,,,,,,,,,,,,,,0,,,
22625,"Chiquimula",20,"Jocotán",4,3531,400,,,,,,,,,,,,,,,,,,,,,,,0,,,
22626,"Chiquimula",20,"Jocotán",4,3531,400,,,,,,,,,,,,,,,,,,,,,,,0,,,
22627,"Chiquimula",20,"Jocotán",4,3531,400,,,,,,,,,,,,,,,,,,,,,,,0,,,
22628,"Chiquimula",20,"Jocotán",4,3531,400,1,79,73,6,1,0,0,0,32,192,16,3,211,0,211,--,398,187,192,211,211,Algún campo sin dato,1,9cc339e3bae897f774c06fea68fe5e714a38047325e0d457e82304fef7481c07,26/06/2023 00:01:42,ESCANER
22629,"Chiquimula",20,"Jocotán",4,3531,400,,,,,,,,,,,,,,,,,,,,,,,0,,,
22630,"Chiquimula",20,"Jocotán",4,3531,400,0,82,65,7,0,0,0,0,19,173,5,2,180,0,180,--,400,220,173,180,180,Algún campo sin dato,1,e2154d10c0493bb949aee47876f1471a4603d049b24c4ae73ca59785f2979559,25/06/2023 22:44:52,ESCANER
22631,"Chiquimula",20,"Jocotán",4,3531,400,,,,,,,,,,,,,,,,,,,,,,,0,,,
22632,"Chiquimula",20,"Jocotán",4,3531,289,1,55,45,4,1,0,0,0,18,124,3,2,129,0,129,--,289,160,124,129,129,Algún campo sin dato,1,ff08c22267545af21e6ae2f60aa3a5db1fba93643b362fecc9669fe45bbb0f41,25/06/2023 22:38:18,ESCANER
22633,"Chiquimula",20,"Jocotán",4,3531,289,2,47,38,5,1,0,0,0,20,113,9,5,127,0,127,--,289,162,113,127,127,Algún campo sin dato,1,ab3813fe1e25cdf83ecb271dbff230a30c41b044cbac6fb999a5509ed9b6013d,25/06/2023 22:31:39,ESCANER
22634,"Chiquimula",20,"Jocotán",4,3532,400,,,,,,,,,,,,,,,,,,,,,,,0,,,
22635,"Chiquimula",20,"Jocotán",4,3532,400,,,,,,,,,,,,,,,,,,,,,,,0,,,
22636,"Chiquimula",20,"Jocotán",4,3532,400,,,,,,,,,,,,,,,,,,,,,,,0,,,
22637,"Chiquimula",20,"Jocotán",4,3532,400,,,,,,,,,,,,,,,,,,,,,,,0,,,
22638,"Chiquimula",20,"Jocotán",4,3532,400,,,,,,,,,,,,,,,,,,,,,,,0,,,
22639,"Chiquimula",20,"Jocotán",4,3532,400,,,,,,,,,,,,,,,,,,,,,,,0,,,
22640,"Chiquimula",20,"Jocotán",4,3533,400,,,,,,,,,,,,,,,,,,,,,,,0,,,
22641,"Chiquimula",20,"Jocotán",4,3533,400,,,,,,,,,,,,,,,,,,,,,,,0,,,
22642,"Chiquimula",20,"Jocotán",4,3533,267,,,,,,,,,,,,,,,,,,,,,,,0,,,
22643,"Chiquimula",20,"Jocotán",4,3533,266,,,,,,,,,,,,,,,,,,,,,,,0,,,
22644,"Chiquimula",20,"Jocotán",4,3534,380,,,,,,,,,,,,,,,,,,,,,,,0,,,
22645,"Chiquimula",20,"Jocotán",4,3534,380,,,,,,,,,,,,,,,,,,,,,,,0,,,
22646,"Chiquimula",20,"Jocotán",4,3534,380,,,,,,,,,,,,,,,,,,,,,,,0,,,
22647,"Chiquimula",20,"Jocotán",4,3534,380,0,82,42,7,1,0,1,0,48,181,13,8,202,0,202,--,380,178,181,202,202,Algún campo sin dato,1,f93f070aa6bae07945b996f2a666e8c7ac5df6fb9b59b463e9bc706c03f6d5b1,26/06/2023 00:00:39,ESCANER
22648,"Chiquimula",20,"Jocotán",4,3534,380,,,,,,,,,,,,,,,,,,,,,,,0,,,
22649,"Chiquimula",20,"Jocotán",4,3534,380,,,,,,,,,,,,,,,,,,,,,,,0,,,
22650,"Chiquimula",20,"Jocotán",4,3534,268,,,,,,,,,,,,,,,,,,,,,,,0,,,
22651,"Chiquimula",20,"Jocotán",4,3534,267,,,,,,,,,,,,,,,,,,,,,,,0,,,
22652,"Chiquimula",20,"Jocotán",4,3535,380,,,,,,,,,,,,,,,,,,,,,,,0,,,
22653,"Chiquimula",20,"Jocotán",4,3535,380,,,,,,,,,,,,,,,,,,,,,,,0,,,
22654,"Chiquimula",20,"Jocotán",4,3535,380,,,,,,,,,,,,,,,,,,,,,,,0,,,
22655,"Chiquimula",20,"Jocotán",4,3535,380,,,,,,,,,,,,,,,,,,,,,,,0,,,
22656,"Chiquimula",20,"Jocotán",4,3535,380,,,,,,,,,,,,,,,,,,,,,,,0,,,
22657,"Chiquimula",20,"Jocotán",4,3535,380,,,,,,,,,,,,,,,,,,,,,,,0,,,
22658,"Chiquimula",20,"Jocotán",4,3535,380,,,,,,,,,,,,,,,,,,,,,,,0,,,
22659,"Chiquimula",20,"Jocotán",4,3535,357,,,,,,,,,,,,,,,,,,,,,,,0,,,
22660,"Chiquimula",20,"Jocotán",4,3535,357,,,,,,,,,,,,,,,,,,,,,,,0,,,
22661,"Chiquimula",20,"Jocotán",4,3536,380,,,,,,,,,,,,,,,,,,,,,,,0,,,
22662,"Chiquimula",20,"Jocotán",4,3536,380,,,,,,,,,,,,,,,,,,,,,,,0,,,
22663,"Chiquimula",20,"Jocotán",4,3536,380,,,,,,,,,,,,,,,,,,,,,,,0,,,
22664,"Chiquimula",20,"Jocotán",4,3536,380,,,,,,,,,,,,,,,,,,,,,,,0,,,
22665,"Chiquimula",20,"Jocotán",4,3537,282,2,86,36,14,0,0,4,0,12,154,13,3,170,0,170,--,279,109,154,170,170,Algún campo sin dato,1,0a1cc2e670ed3ecd74b62b18e0803f8f807f9edadfeed45f7df1f4b7aae4c55e,26/06/2023 00:19:11,ESCANER
22666,"Chiquimula",20,"Jocotán",4,3537,281,,,,,,,,,,,,,,,,,,,,,,,0,,,
22667,"Chiquimula",20,"Jocotán",4,3538,380,,,,,,,,,,,,,,,,,,,,,,,0,,,
22668,"Chiquimula",20,"Jocotán",4,3538,380,,,,,,,,,,,,,,,,,,,,,,,0,,,
22669,"Chiquimula",20,"Jocotán",4,3538,221,,,,,,,,,,,,,,,,,,,,,,,0,,,
22670,"Chiquimula",20,"Jocotán",4,3538,221,,,,,,,,,,,,,,,,,,,,,,,0,,,
22671,"Chiquimula",20,"Jocotán",4,3539,380,,,,,,,,,,,,,,,,,,,,,,,0,,,
22672,"Chiquimula",20,"Jocotán",4,3539,380,,,,,,,,,,,,,,,,,,,,,,,0,,,
22673,"Chiquimula",20,"Jocotán",4,3539,251,--,46,56,3,--,--,--,--,40,145,3,4,152,0,152,--,251,99,145,152,152,Algún campo sin dato,1,0dddf4cda51c2a27e4f387603dc8e55c979fa8d0150ebdb5f325f24af617f809,25/06/2023 23:45:30,ESCANER
22674,"Chiquimula",20,"Jocotán",4,3539,250,0,44,61,3,0,0,1,0,39,148,7,1,156,0,156,--,250,94,148,156,156,Algún campo sin dato,1,8f94af407b43ea19c2b3a080a475147a98cb70e8a11a42071ad268c0cc56ccf7,25/06/2023 22:00:23,ESCANER
22675,"Chiquimula",20,"Jocotán",4,3540,380,,,,,,,,,,,,,,,,,,,,,,,0,,,
22676,"Chiquimula",20,"Jocotán",4,3540,316,,,,,,,,,,,,,,,,,,,,,,,0,,,
22677,"Chiquimula",20,"Jocotán",4,3540,316,1,77,60,3,0,0,0,0,44,185,0,1,186,1,187,--,313,126,185,186,187,Algún campo sin dato,1,dad30bfe0521f0c5ef040a1297fb2dd3f91b36a9d00ab380a11131242aadd065,25/06/2023 22:21:04,ESCANER
22678,"Chiquimula",20,"Jocotán",4,3541,380,,,,,,,,,,,,,,,,,,,,,,,0,,,
22679,"Chiquimula",20,"Jocotán",4,3541,380,,,,,,,,,,,,,,,,,,,,,,,0,,,
22680,"Chiquimula",20,"Jocotán",4,3541,345,,,,,,,,,,,,,,,,,,,,,,,0,,,
22681,"Chiquimula",20,"Jocotán",4,3541,344,0,69,80,10,0,0,0,1,35,195,2,1,198,1,199,--,344,142,195,198,199,Algún campo sin dato,1,018114a3861e7c8f982448967a29d9485908d16b697887921a2776ee350b6e44,25/06/2023 23:30:15,ESCANER
22682,"Chiquimula",20,"Jocotán",4,3542,325,2,7,8,1,0,0,0,0,8,26,3,1,30,0,30,--,322,292,26,30,30,Algún campo sin dato,1,62bd875ebe217b0f285b830ec44bcd573abe4f403cde2d12356e7ab2dd29b0d3,25/06/2023 20:58:00,ESCANER