﻿TIPO_DE_ELECCIÓN:,CORPORACIÓN MUNICIPAL
26 junio 2023 00:25 (UTC -6)
ACTAS_ESPERADAS,ACTAS_CAPTURADAS,PORCENTAJE_ACTAS_CAPTURADAS,ACTAS_CONTABILIZADAS,PORCENTAJE_ACTAS_CONTABILIZADAS,ACTAS_NO_CONTABILIZADAS,LISTA_NOMINAL_ACTAS_CONTABILIZADAS,VOTOS_EMITIDOS_CONTABILIZADAS,PORCENTAJE_PARTICIPACIÓN_CIUDADANA
5,1,20.0000,1,20.0000,0,400,331,82.7500

MESA,DEPARTAMENTO,ID_DEPARTAMENTO,MUNICIPIO,ID_MUNICIPIO,CENTRO_DE_VOTACIÓN,PADRÓN,WINAQ,VAMOS,CABAL,VICTORIA,UNE,VALOR UNIONISTA,VÁLIDOS,NULOS,BLANCO,EMITIDOS,INVÁLIDOS,TOTAL,IMPUGNACIONES,PAPELETAS-RECIBIDAS,PAPELETAS-NO-USADAS,VALIDOS_CALCULADO,EMITIDOS_CALCULADO,TOTAL_CALCULADO,OBSERVACIONES,CONTABILIZADA,CÓDIGO_INTEGRIDAD,FECHA_HORA_PUBLICACIÓN,DIGITALIZACIÓN
9629,"Sololá",7,"San Marcos La Laguna",16,1204,400,,,,,,,,,,,,,,,,,,,,0,,,
9630,"Sololá",7,"San Marcos La Laguna",16,1204,400,,,,,,,,,,,,,,,,,,,,0,,,
9631,"Sololá",7,"San Marcos La Laguna",16,1204,400,,,,,,,,,,,,,,,,,,,,0,,,
9632,"Sololá",7,"San Marcos La Laguna",16,1204,400,,,,,,,,,,,,,,,,,,,,0,,,
9633,"Sololá",7,"San Marcos La Laguna",16,1204,400,84,124,80,9,2,26,325,5,1,331,0,331,1,400,69,325,331,331,,1,0e1e459eeb1bfe5954c0513638c8a74c6845e463d03c51a7fddef1dc8ad1457a,25/06/2023 23:23:47,ESCANER