﻿TIPO_DE_ELECCIÓN:,CORPORACIÓN MUNICIPAL
26 junio 2023 00:25 (UTC -6)
ACTAS_ESPERADAS,ACTAS_CAPTURADAS,PORCENTAJE_ACTAS_CAPTURADAS,ACTAS_CONTABILIZADAS,PORCENTAJE_ACTAS_CONTABILIZADAS,ACTAS_NO_CONTABILIZADAS,LISTA_NOMINAL_ACTAS_CONTABILIZADAS,VOTOS_EMITIDOS_CONTABILIZADAS,PORCENTAJE_PARTICIPACIÓN_CIUDADANA
66,24,36.3636,24,36.3636,0,9515,4678,49.1644

MESA,DEPARTAMENTO,ID_DEPARTAMENTO,MUNICIPIO,ID_MUNICIPIO,CENTRO_DE_VOTACIÓN,PADRÓN,VIVA,CABAL,MLP,TODOS,PPN,UNE,VICTORIA,PHG,VAMOS,SEMILLA,VALOR UNIONISTA,VÁLIDOS,NULOS,BLANCO,EMITIDOS,INVÁLIDOS,TOTAL,IMPUGNACIONES,PAPELETAS-RECIBIDAS,PAPELETAS-NO-USADAS,VALIDOS_CALCULADO,EMITIDOS_CALCULADO,TOTAL_CALCULADO,OBSERVACIONES,CONTABILIZADA,CÓDIGO_INTEGRIDAD,FECHA_HORA_PUBLICACIÓN,DIGITALIZACIÓN
11560,"Quetzaltenango",9,"Génova",21,1547,400,12,47,2,1,32,3,1,2,84,2,60,246,23,7,276,0,276,--,400,124,246,276,276,Algún campo sin dato,1,50c2f15040c33ff390e10700a94108c5a3b2e289b7ce249f74c33f539a5ac1d6,25/06/2023 22:45:45,ESCANER
11561,"Quetzaltenango",9,"Génova",21,1547,400,,,,,,,,,,,,,,,,,,,,,,,,,0,,,
11562,"Quetzaltenango",9,"Génova",21,1547,400,,,,,,,,,,,,,,,,,,,,,,,,,0,,,
11563,"Quetzaltenango",9,"Génova",21,1547,400,,,,,,,,,,,,,,,,,,,,,,,,,0,,,
11564,"Quetzaltenango",9,"Génova",21,1547,400,,,,,,,,,,,,,,,,,,,,,,,,,0,,,
11565,"Quetzaltenango",9,"Génova",21,1547,400,,,,,,,,,,,,,,,,,,,,,,,,,0,,,
11566,"Quetzaltenango",9,"Génova",21,1547,400,,,,,,,,,,,,,,,,,,,,,,,,,0,,,
11567,"Quetzaltenango",9,"Génova",21,1547,400,,,,,,,,,,,,,,,,,,,,,,,,,0,,,
11568,"Quetzaltenango",9,"Génova",21,1547,400,,,,,,,,,,,,,,,,,,,,,,,,,0,,,
11569,"Quetzaltenango",9,"Génova",21,1547,400,,,,,,,,,,,,,,,,,,,,,,,,,0,,,
11570,"Quetzaltenango",9,"Génova",21,1547,400,,,,,,,,,,,,,,,,,,,,,,,,,0,,,
11571,"Quetzaltenango",9,"Génova",21,1547,400,6,48,4,3,29,5,2,1,81,0,70,249,15,6,270,0,270,--,400,130,249,270,270,Algún campo sin dato,1,0ca6b28b0662507d0d22bdd050f0d9f7520d1474b50484b337f79be7367f0cfe,25/06/2023 22:32:32,ESCANER
11572,"Quetzaltenango",9,"Génova",21,1547,400,,,,,,,,,,,,,,,,,,,,,,,,,0,,,
11573,"Quetzaltenango",9,"Génova",21,1547,400,,,,,,,,,,,,,,,,,,,,,,,,,0,,,
11574,"Quetzaltenango",9,"Génova",21,1547,400,,,,,,,,,,,,,,,,,,,,,,,,,0,,,
11575,"Quetzaltenango",9,"Génova",21,1548,400,,,,,,,,,,,,,,,,,,,,,,,,,0,,,
11576,"Quetzaltenango",9,"Génova",21,1548,400,,,,,,,,,,,,,,,,,,,,,,,,,0,,,
11577,"Quetzaltenango",9,"Génova",21,1548,400,,,,,,,,,,,,,,,,,,,,,,,,,0,,,
11578,"Quetzaltenango",9,"Génova",21,1548,400,6,43,1,4,41,2,0,1,112,0,75,285,2,0,287,0,287,--,380,93,285,287,287,Algún campo sin dato,1,7c870d48532bf275f173d1152bfe8750976bf8d58e2c1552404d6f40137bed24,26/06/2023 00:24:06,ESCANER
11579,"Quetzaltenango",9,"Génova",21,1548,400,7,46,2,2,23,3,1,0,79,0,65,228,4,0,232,0,232,--,400,168,228,232,232,Algún campo sin dato,1,36f8046476e94b5e633eb0ca56dbb3532ebcec4f6660d6045db06b128954ae34,25/06/2023 23:12:09,ESCANER
11580,"Quetzaltenango",9,"Génova",21,1548,400,3,48,0,5,27,1,1,0,98,0,63,246,1,1,248,1,249,--,400,151,246,248,249,Algún campo sin dato,1,df72d5bf18652e182cd9b8b987e8107a43db7a53178d86042c1b2f2b998cd223,25/06/2023 23:39:29,ESCANER
11581,"Quetzaltenango",9,"Génova",21,1548,400,5,58,0,2,25,3,0,3,63,1,69,229,4,0,233,0,233,--,400,167,229,233,233,Algún campo sin dato,1,7409ceb36d9623e05e89a788699b022593ededd1745445038481b8b89c43de4f,25/06/2023 23:34:45,ESCANER
11582,"Quetzaltenango",9,"Génova",21,1548,280,,,,,,,,,,,,,,,,,,,,,,,,,0,,,
11583,"Quetzaltenango",9,"Génova",21,1548,280,,,,,,,,,,,,,,,,,,,,,,,,,0,,,
11584,"Quetzaltenango",9,"Génova",21,1549,380,,,,,,,,,,,,,,,,,,,,,,,,,0,,,
11585,"Quetzaltenango",9,"Génova",21,1549,380,14,18,7,8,66,5,0,1,51,2,76,248,17,7,272,0,272,--,380,108,248,272,272,Algún campo sin dato,1,f7d0f744a9fc3eee36a9c094705a70709c540bafee54a04031712dca6e16dd0d,25/06/2023 22:34:20,ESCANER
11586,"Quetzaltenango",9,"Génova",21,1549,380,10,27,5,7,63,10,2,0,50,0,60,234,9,3,246,0,246,--,380,134,234,246,246,Algún campo sin dato,1,4ca3767ccd555210b804bfa1a42344fd9eac02d58fd262d966e2ff7ea32e43af,25/06/2023 23:20:41,ESCANER
11587,"Quetzaltenango",9,"Génova",21,1549,380,11,23,4,1,40,2,0,0,67,1,60,209,17,4,230,0,230,--,380,150,209,230,230,Algún campo sin dato,1,69e7b12884d6bf8c016bd8bfe5cf41b2b68b80b001baa324d6b3ca5b798086f9,25/06/2023 21:25:58,ESCANER
11588,"Quetzaltenango",9,"Génova",21,1549,380,7,18,5,6,61,2,0,0,52,2,46,199,13,2,214,0,214,--,380,166,199,214,214,Algún campo sin dato,1,5bb59304476e2251535241b39929414b1d58ce0581df2223912c1efa470b7995,26/06/2023 00:23:17,ESCANER
11589,"Quetzaltenango",9,"Génova",21,1549,215,6,13,5,3,28,0,0,0,30,0,33,118,5,2,125,0,125,--,215,90,118,125,125,Algún campo sin dato,1,675a0984d912f275afb698429ff1f5ed882f910e53bdd743da0c64feb6bfa9a3,25/06/2023 22:02:02,ESCANER
11590,"Quetzaltenango",9,"Génova",21,1549,214,7,11,4,2,18,6,0,0,15,1,46,110,2,1,113,0,113,--,214,101,110,113,113,Algún campo sin dato,1,f6ad46d56750080a2d2c06a9013c13b517903b3b8dc63eff28e395a91fb0e1ed,25/06/2023 23:08:59,ESCANER
11591,"Quetzaltenango",9,"Génova",21,1550,380,,,,,,,,,,,,,,,,,,,,,,,,,0,,,
11592,"Quetzaltenango",9,"Génova",21,1550,380,,,,,,,,,,,,,,,,,,,,,,,,,0,,,
11593,"Quetzaltenango",9,"Génova",21,1550,380,,,,,,,,,,,,,,,,,,,,,,,,,0,,,
11594,"Quetzaltenango",9,"Génova",21,1550,315,,,,,,,,,,,,,,,,,,,,,,,,,0,,,
11595,"Quetzaltenango",9,"Génova",21,1550,315,,,,,,,,,,,,,,,,,,,,,,,,,0,,,
11596,"Quetzaltenango",9,"Génova",21,1551,380,15,40,2,0,71,3,1,3,48,0,25,208,15,9,232,0,232,--,380,148,208,232,232,Algún campo sin dato,1,f66e6baa4708c72463d71f20c459ae7f3a574dfc584098811ff565295bf2bdeb,26/06/2023 00:01:44,ESCANER
11597,"Quetzaltenango",9,"Génova",21,1551,380,,,,,,,,,,,,,,,,,,,,,,,,,0,,,
11598,"Quetzaltenango",9,"Génova",21,1551,380,,,,,,,,,,,,,,,,,,,,,,,,,0,,,
11599,"Quetzaltenango",9,"Génova",21,1551,380,28,30,1,1,63,5,0,1,56,1,21,207,7,9,223,0,223,--,380,157,207,223,223,Algún campo sin dato,1,da18a470d12d02c937fe74a88da92cdea171b44bdf6f2a0637fbe9719794d78c,25/06/2023 23:52:05,ESCANER
11600,"Quetzaltenango",9,"Génova",21,1551,380,,,,,,,,,,,,,,,,,,,,,,,,,0,,,
11601,"Quetzaltenango",9,"Génova",21,1551,380,,,,,,,,,,,,,,,,,,,,,,,,,0,,,
11602,"Quetzaltenango",9,"Génova",21,1551,380,21,17,1,2,51,9,1,0,64,5,14,185,12,5,202,0,202,--,377,175,185,202,202,Algún campo sin dato,1,6ad9c28e708ca85034b760685bff70c0d8a3b4c962a5f84683f19cf3cffb3fe0,25/06/2023 22:42:14,ESCANER
11603,"Quetzaltenango",9,"Génova",21,1551,380,21,21,0,1,57,4,1,0,58,0,19,184,1,1,192,0,192,8,377,185,182,184,184,Sumas Asentadas sin cuadrar,1,362196055d02da99602bc40a8f260fa70b0f80a4d704b52fd906ee35588c2f3a,25/06/2023 23:42:51,ESCANER
11604,"Quetzaltenango",9,"Génova",21,1551,195,12,16,2,2,35,1,0,1,17,1,9,96,4,1,101,0,101,--,195,94,96,101,101,Algún campo sin dato,1,9a8b9910189a660b5185670d5a2aa3c549677fa9242939951abf3abc01fdb3e6,25/06/2023 22:49:56,ESCANER
11605,"Quetzaltenango",9,"Génova",21,1551,195,,,,,,,,,,,,,,,,,,,,,,,,,0,,,
11606,"Quetzaltenango",9,"Génova",21,1552,380,,,,,,,,,,,,,,,,,,,,,,,,,0,,,
11607,"Quetzaltenango",9,"Génova",21,1552,380,,,,,,,,,,,,,,,,,,,,,,,,,0,,,
11608,"Quetzaltenango",9,"Génova",21,1552,380,,,,,,,,,,,,,,,,,,,,,,,,,0,,,
11609,"Quetzaltenango",9,"Génova",21,1552,380,,,,,,,,,,,,,,,,,,,,,,,,,0,,,
11610,"Quetzaltenango",9,"Génova",21,1552,380,,,,,,,,,,,,,,,,,,,,,,,,,0,,,
11611,"Quetzaltenango",9,"Génova",21,1552,380,,,,,,,,,,,,,,,,,,,,,,,,,0,,,
11612,"Quetzaltenango",9,"Génova",21,1552,380,,,,,,,,,,,,,,,,,,,,,,,,,0,,,
11613,"Quetzaltenango",9,"Génova",21,1552,380,,,,,,,,,,,,,,,,,,,,,,,,,0,,,
11614,"Quetzaltenango",9,"Génova",21,1552,380,,,,,,,,,,,,,,,,,,,,,,,,,0,,,
11615,"Quetzaltenango",9,"Génova",21,1552,380,,,,,,,,,,,,,,,,,,,,,,,,,0,,,
11616,"Quetzaltenango",9,"Génova",21,1552,380,,,,,,,,,,,,,,,,,,,,,,,,,0,,,
11617,"Quetzaltenango",9,"Génova",21,1552,380,45,33,1,1,34,4,0,0,48,1,28,195,9,6,210,0,210,--,380,170,195,210,210,Algún campo sin dato,1,81ed3b643fcd5873705959f7066e15fa06d3a648394168f53a7b16ac672f1eb7,25/06/2023 23:42:27,ESCANER
11618,"Quetzaltenango",9,"Génova",21,1552,380,34,24,1,1,47,5,1,0,56,1,28,198,2,1,201,0,201,--,380,179,198,201,201,Algún campo sin dato,1,45f598913636d6329566fcff5f31e88a4bb0d17a445778bce813e78db5526a90,26/06/2023 00:17:05,ESCANER
11619,"Quetzaltenango",9,"Génova",21,1552,380,38,28,5,1,42,2,0,0,60,0,36,212,0,0,212,0,212,--,380,168,212,212,212,Algún campo sin dato,1,f3f852c478477897f79ad2cc7e66959db03ffc7b0b6ba6933cbe9ed71ba3eded,25/06/2023 23:13:54,ESCANER
11620,"Quetzaltenango",9,"Génova",21,1552,326,,,,,,,,,,,,,,,,,,,,,,,,,0,,,
11621,"Quetzaltenango",9,"Génova",21,1552,326,,,,,,,,,,,,,,,,,,,,,,,,,0,,,
11622,"Quetzaltenango",9,"Génova",21,1553,600,11,23,2,2,23,3,0,1,39,1,38,143,14,2,159,0,159,--,600,441,143,159,159,Algún campo sin dato,1,228ad31a917475cac0502889640bf3bfb43ee3d3d89a1120fc0ac28721952fca,25/06/2023 23:45:26,ESCANER
11623,"Quetzaltenango",9,"Génova",21,1553,600,5,15,1,3,23,3,0,0,18,2,32,102,4,4,110,0,110,--,600,490,102,110,110,Algún campo sin dato,1,ae1ce5eb0464cc91ec5e262a2dfb8e11d57b3051c4e4df5ec49a7b6d713fbb5e,25/06/2023 23:25:18,ESCANER
11624,"Quetzaltenango",9,"Génova",21,1553,556,7,10,1,0,11,4,1,0,15,1,14,64,2,1,67,0,67,--,67,489,64,67,67,Algún campo sin dato,1,7b0e727b4a7ff22204d8b963a6d35e4ee4ab7879568addc8b2f93980c33099db,25/06/2023 23:02:44,ESCANER
11625,"Quetzaltenango",9,"Génova",21,1553,555,4,4,0,1,4,1,0,0,9,0,7,30,1,0,31,0,31,--,555,524,30,31,31,Algún campo sin dato,1,f60ce355f417943b998a4ca3e7c1a7d553068d154e59e1068628dffe44146280,25/06/2023 23:11:06,ESCANER