﻿TIPO_DE_ELECCIÓN:,CORPORACIÓN MUNICIPAL
26 junio 2023 00:25 (UTC -6)
ACTAS_ESPERADAS,ACTAS_CAPTURADAS,PORCENTAJE_ACTAS_CAPTURADAS,ACTAS_CONTABILIZADAS,PORCENTAJE_ACTAS_CONTABILIZADAS,ACTAS_NO_CONTABILIZADAS,LISTA_NOMINAL_ACTAS_CONTABILIZADAS,VOTOS_EMITIDOS_CONTABILIZADAS,PORCENTAJE_PARTICIPACIÓN_CIUDADANA
61,38,62.2950,38,62.2950,0,13974,8728,62.4588

MESA,DEPARTAMENTO,ID_DEPARTAMENTO,MUNICIPIO,ID_MUNICIPIO,CENTRO_DE_VOTACIÓN,PADRÓN,VAMOS,UNE,CABAL,MLP,TODOS,MI FAMILIA,WINAQ,VIVA,AZUL,VALOR UNIONISTA,VÁLIDOS,NULOS,BLANCO,EMITIDOS,INVÁLIDOS,TOTAL,IMPUGNACIONES,PAPELETAS-RECIBIDAS,PAPELETAS-NO-USADAS,VALIDOS_CALCULADO,EMITIDOS_CALCULADO,TOTAL_CALCULADO,OBSERVACIONES,CONTABILIZADA,CÓDIGO_INTEGRIDAD,FECHA_HORA_PUBLICACIÓN,DIGITALIZACIÓN
17327,"Quiché",14,"Cunén",10,2621,400,106,21,78,7,2,2,1,4,2,30,253,12,3,268,0,268,--,400,132,253,268,268,Algún campo sin dato,1,29148d90c950891ab90501d50419e3ee32352d36e95106f9e573f72020acdbf1,25/06/2023 22:33:58,ESCANER
17328,"Quiché",14,"Cunén",10,2621,400,104,19,79,8,1,5,1,4,1,31,253,13,2,268,0,268,--,400,132,253,268,268,Algún campo sin dato,1,5f55c2241e61aaff5782932741867ba2254cab612ab87c4c4d29f732d5cb3329,25/06/2023 23:18:16,ESCANER
17329,"Quiché",14,"Cunén",10,2621,400,,,,,,,,,,,,,,,,,,,,,,,,0,,,
17330,"Quiché",14,"Cunén",10,2621,400,,,,,,,,,,,,,,,,,,,,,,,,0,,,
17331,"Quiché",14,"Cunén",10,2621,400,129,12,73,7,1,12,3,4,2,26,269,15,5,289,0,289,--,400,111,269,289,289,Algún campo sin dato,1,2b44a11ac8a3cfed5a0bf1fa795b7b820a41a5c3d8efc96c8f98a59918682817,26/06/2023 00:09:22,ESCANER
17332,"Quiché",14,"Cunén",10,2621,400,,,,,,,,,,,,,,,,,,,,,,,,0,,,
17333,"Quiché",14,"Cunén",10,2621,400,118,25,82,8,3,2,1,5,1,34,279,15,5,299,--,--,--,400,101,279,299,299,Algún campo sin dato,1,f292d7e3b0c6f480b21647cf7718938cfee7c9587d115558d20a659fe6745888,25/06/2023 23:57:52,ESCANER
17334,"Quiché",14,"Cunén",10,2621,400,121,26,85,5,3,2,0,2,0,27,271,19,3,293,0,293,--,400,107,271,293,293,Algún campo sin dato,1,a4a6f935f33837bbe0a73ff3f5cda5769a049c9a4b8d342a3752329eb7d096ee,25/06/2023 23:38:51,ESCANER
17335,"Quiché",14,"Cunén",10,2621,400,,,,,,,,,,,,,,,,,,,,,,,,0,,,
17336,"Quiché",14,"Cunén",10,2622,400,,,,,,,,,,,,,,,,,,,,,,,,0,,,
17337,"Quiché",14,"Cunén",10,2622,400,88,13,87,1,1,7,0,5,0,22,224,7,2,233,0,233,--,400,167,224,233,233,Algún campo sin dato,1,d8e85473e02302e8bc2604123c6e78a3c1bfa4be16d40fd48703acd80fb6c0f5,26/06/2023 00:04:29,ESCANER
17338,"Quiché",14,"Cunén",10,2622,400,,,,,,,,,,,,,,,,,,,,,,,,0,,,
17339,"Quiché",14,"Cunén",10,2622,400,,,,,,,,,,,,,,,,,,,,,,,,0,,,
17340,"Quiché",14,"Cunén",10,2623,400,111,7,71,3,0,2,1,5,1,29,230,11,4,245,1,246,--,400,154,230,245,246,Algún campo sin dato,1,964b7142fcace595b54b04266fe3885ecfc90d56b0346926426961c693e6cbfc,26/06/2023 00:20:12,MOVIL
17341,"Quiché",14,"Cunén",10,2623,400,,,,,,,,,,,,,,,,,,,,,,,,0,,,
17342,"Quiché",14,"Cunén",10,2623,400,81,18,82,5,3,7,1,0,0,22,219,0,0,219,0,219,--,400,181,219,219,219,Algún campo sin dato,1,84e1391f54287286ae4c57d9700b26c82106bebe7f2a456aec580b6d2b4b370a,25/06/2023 22:09:08,MOVIL
17343,"Quiché",14,"Cunén",10,2624,400,82,26,82,5,2,5,0,2,0,21,225,0,0,225,0,225,--,400,175,225,225,225,Algún campo sin dato,1,6c11d63656e745f6c237e3df2d98cb2ef8d1a06db271863f0d955bcd0a0c6875,25/06/2023 22:42:49,ESCANER
17344,"Quiché",14,"Cunén",10,2624,400,,,,,,,,,,,,,,,,,,,,,,,,0,,,
17345,"Quiché",14,"Cunén",10,2624,366,72,11,59,1,0,2,1,0,0,20,166,1,1,168,0,168,--,362,194,166,168,168,Algún campo sin dato,1,2eadb4101a60bd4d74190fbf8c814ed7cfa3e5d202f1eb28d4f312cd7ee38944,25/06/2023 23:18:00,ESCANER
17346,"Quiché",14,"Cunén",10,2624,366,70,14,69,3,1,1,1,1,0,18,178,5,1,184,0,184,--,--,--,178,184,184,Algún campo sin dato,1,e256fc148ea75eded4f3a43b293ced76bc501d30d83ca561c78f3b0bb13d09b8,26/06/2023 00:15:23,ESCANER
17347,"Quiché",14,"Cunén",10,2625,380,,,,,,,,,,,,,,,,,,,,,,,,0,,,
17348,"Quiché",14,"Cunén",10,2625,380,88,48,70,1,3,1,1,9,1,30,252,14,14,280,0,280,--,380,100,252,280,280,Algún campo sin dato,1,2dcad6abdf9eb3a9239b83579904446eb04b1994201d93c371f81e1bb1ac63d1,25/06/2023 22:28:47,ESCANER
17349,"Quiché",14,"Cunén",10,2625,380,101,58,67,3,3,0,0,10,0,25,267,18,12,297,0,297,--,380,83,267,297,297,Algún campo sin dato,1,f188e3a296b32107f2825d8ad512b0d29714bbe40256fc82eaea40bf0f7d4677,25/06/2023 23:42:43,ESCANER
17350,"Quiché",14,"Cunén",10,2625,380,86,59,45,1,6,2,0,7,1,26,233,37,5,275,0,275,--,380,105,233,275,275,Algún campo sin dato,1,d996e1ed4bcfc94ca83fa1a6bc41cd704bfc333bce468b42edb2a54db2d97836,26/06/2023 00:22:40,ESCANER
17351,"Quiché",14,"Cunén",10,2625,380,89,52,57,1,4,0,1,4,0,20,228,10,2,240,0,240,--,380,140,228,240,240,Algún campo sin dato,1,52847c7dbb70b47f5fef6b767139a02fe1d2ea7f15d0715a9e5d67ba0b69f41f,26/06/2023 00:12:01,ESCANER
17352,"Quiché",14,"Cunén",10,2625,380,71,50,65,2,4,1,0,9,1,29,232,13,3,248,0,248,--,380,132,232,248,248,Algún campo sin dato,1,71df68e23d09a2035c10e71366ed6391a4b312d129385bb540e4c397fddd83e1,25/06/2023 22:52:28,ESCANER
17353,"Quiché",14,"Cunén",10,2626,380,74,50,63,1,1,0,0,6,1,31,227,5,7,239,0,239,--,380,141,227,239,239,Algún campo sin dato,1,38fd1ce3443c9cf778ee9fcbae294a6d5765176e2359be023615b316f123c931,25/06/2023 23:59:25,ESCANER
17354,"Quiché",14,"Cunén",10,2626,380,101,36,55,0,2,0,0,3,0,27,224,1,1,226,0,226,--,380,154,224,226,226,Algún campo sin dato,1,72e1dc4b63dbd5eb314d5519ab98e98b955cb126ef9f052fa0cebc842643ffd9,25/06/2023 23:36:41,ESCANER
17355,"Quiché",14,"Cunén",10,2626,380,77,48,70,1,3,0,1,3,0,24,227,2,3,232,0,232,--,380,148,227,232,232,Algún campo sin dato,1,d926a20381a329b7c8b2a8532faca50b69c67689977f6cb1cc261003810c51d6,26/06/2023 00:12:31,ESCANER
17356,"Quiché",14,"Cunén",10,2626,332,82,35,48,0,2,0,0,5,0,28,200,0,1,201,0,201,--,332,131,200,201,201,Algún campo sin dato,1,c31d788fcc6ff477fd82c41488fd866fb93bd35e59f3c03d8ae3d16f756fd409,25/06/2023 22:19:25,ESCANER
17357,"Quiché",14,"Cunén",10,2626,331,61,42,52,0,3,0,1,1,0,22,182,5,7,194,0,194,--,331,137,182,194,194,Algún campo sin dato,1,3270330aedffff0388872e0fc0bcc40597aab12ddf5467fe067d371674f21bb4,25/06/2023 22:32:21,ESCANER
17358,"Quiché",14,"Cunén",10,2627,380,85,22,80,2,3,2,2,1,0,13,210,19,8,237,0,237,--,380,143,210,237,237,Algún campo sin dato,1,b140f638fa8b4f2a9a937a6303d6a877f6b541278d175f94dbe655522325f105,25/06/2023 22:21:23,ESCANER
17359,"Quiché",14,"Cunén",10,2627,380,109,19,65,1,1,4,1,5,0,6,211,22,8,241,--,241,--,380,139,211,241,241,Algún campo sin dato,1,d4d3952768f64d369250a84bc4283eaaadd7a9b9e9c084d143d60fb84fdaf1ea,25/06/2023 22:49:17,ESCANER
17360,"Quiché",14,"Cunén",10,2627,380,133,7,79,1,2,1,2,1,0,9,235,11,8,254,0,254,--,380,126,235,254,254,Algún campo sin dato,1,86c8a0f1c6afe698a451f52228b2d8d02a3e95a28236d075582d17a1dc6e9349,25/06/2023 23:47:16,ESCANER
17361,"Quiché",14,"Cunén",10,2627,380,132,17,72,8,0,1,0,0,1,10,241,12,9,262,0,262,--,380,118,241,262,262,Algún campo sin dato,1,d7066bae1df3154861e6dd46b6fc4671c729306f9cdbd1eb68c39040410bf8e8,25/06/2023 23:00:04,ESCANER
17362,"Quiché",14,"Cunén",10,2627,380,100,14,53,2,1,1,0,1,0,18,190,14,4,208,0,208,--,380,172,190,208,208,Algún campo sin dato,1,0afdbf3ed0754a7bd0b8263483882afdd9d5417c7d26fe29993d3492a804d19f,25/06/2023 22:53:57,ESCANER
17363,"Quiché",14,"Cunén",10,2628,380,110,9,76,4,2,3,1,2,1,6,214,9,6,229,0,229,--,380,151,214,229,229,Algún campo sin dato,1,50b6105bec614c8794fd7ed8e265230973fc9b5f71b707922fe860b6e5019793,25/06/2023 23:15:32,ESCANER
17364,"Quiché",14,"Cunén",10,2628,380,112,10,65,3,0,0,1,2,1,9,203,3,1,207,0,207,--,280,173,203,207,207,Algún campo sin dato,1,3e79402f47dc45a022a5cb2986236baa381911f04eda6aa110c54c33c7ed3fae,25/06/2023 22:22:44,ESCANER
17365,"Quiché",14,"Cunén",10,2628,290,61,13,63,3,0,0,1,0,1,10,152,2,4,158,0,158,--,300,142,152,158,158,Algún campo sin dato,1,f28f69268b2e0b3150e2303ccdc26a0a4d24152d531270742ced68696a8a526f,25/06/2023 21:12:32,ESCANER
17366,"Quiché",14,"Cunén",10,2628,290,65,10,43,2,0,1,0,3,0,7,131,8,2,141,0,141,--,290,154,131,141,141,Algún campo sin dato,1,70908e6ce4ed1986589aad33823efa1b4514a8dba20435feb4064c26397a7735,25/06/2023 21:57:05,ESCANER
17367,"Quiché",14,"Cunén",10,2629,380,,,,,,,,,,,,,,,,,,,,,,,,0,,,
17368,"Quiché",14,"Cunén",10,2629,380,123,49,63,1,4,3,0,1,1,38,283,21,2,306,0,306,--,380,74,283,306,306,Algún campo sin dato,1,3b0ee9b8874784a8b213dba18899992fe707bc95ad1748a292c54588abba4fe3,25/06/2023 23:02:23,ESCANER
17369,"Quiché",14,"Cunén",10,2629,380,,,,,,,,,,,,,,,,,,,,,,,,0,,,
17370,"Quiché",14,"Cunén",10,2629,380,,,,,,,,,,,,,,,,,,,,,,,,0,,,
17371,"Quiché",14,"Cunén",10,2629,286,89,36,48,1,0,0,0,1,0,21,196,4,6,206,0,206,--,286,77,196,206,206,Algún campo sin dato,1,ab6c9ecb4dc25a5671c188434a3e67357ccb7f0f3eef7493b53dc8ab26a043ff,25/06/2023 22:37:54,ESCANER
17372,"Quiché",14,"Cunén",10,2629,286,93,29,47,0,1,2,0,1,0,17,190,4,3,197,0,197,--,290,93,190,197,197,Algún campo sin dato,1,6057df718bed663dc90f994e1497d016ea12b89bac473ab2f465c548cb3765c4,25/06/2023 22:23:26,ESCANER
17373,"Quiché",14,"Cunén",10,2630,380,,,,,,,,,,,,,,,,,,,,,,,,0,,,
17374,"Quiché",14,"Cunén",10,2630,380,20,24,143,4,1,1,0,4,1,54,252,26,10,288,0,288,--,380,92,252,288,288,Algún campo sin dato,1,b87eb04b4c51194a40eb96713c2ac1c5208765950619915f86e5c0ed17c11935,26/06/2023 00:10:55,ESCANER
17375,"Quiché",14,"Cunén",10,2630,380,,,,,,,,,,,,,,,,,,,,,,,,0,,,
17376,"Quiché",14,"Cunén",10,2630,380,,,,,,,,,,,,,,,,,,,,,,,,0,,,
17377,"Quiché",14,"Cunén",10,2630,380,17,16,123,1,1,0,0,2,0,42,202,13,3,218,0,218,--,380,162,202,218,218,Algún campo sin dato,1,749ced12a103bf096f15177a7e2b4fe226c2da5ad354abc2e0e83652870ce48a,25/06/2023 23:58:57,ESCANER
17378,"Quiché",14,"Cunén",10,2630,356,,,,,,,,,,,,,,,,,,,,,,,,0,,,
17379,"Quiché",14,"Cunén",10,2630,356,,,,,,,,,,,,,,,,,,,,,,,,0,,,
17380,"Quiché",14,"Cunén",10,2631,380,,,,,,,,,,,,,,,,,,,,,,,,0,,,
17381,"Quiché",14,"Cunén",10,2631,380,,,,,,,,,,,,,,,,,,,,,,,,0,,,
17382,"Quiché",14,"Cunén",10,2631,298,,,,,,,,,,,,,,,,,,,,,,,,0,,,
17383,"Quiché",14,"Cunén",10,2631,298,,,,,,,,,,,,,,,,,,,,,,,,0,,,
17384,"Quiché",14,"Cunén",10,2632,380,,,,,,,,,,,,,,,,,,,,,,,,0,,,
17385,"Quiché",14,"Cunén",10,2632,273,61,14,85,2,0,4,1,2,0,6,175,12,7,194,0,194,--,273,79,175,194,194,Algún campo sin dato,1,871c27ef0ab7331418cbc7c2d967ba3920434786bdfaa6c2dc0cbd58ff911ee2,25/06/2023 23:57:13,ESCANER
17386,"Quiché",14,"Cunén",10,2632,273,53,19,82,0,0,0,0,0,1,8,163,11,7,181,0,181,--,273,92,163,181,181,Algún campo sin dato,1,58d0e52b67f765fec84cf8b9b9d985dd5532bbc664fdb7176672e2a4b69ec12f,25/06/2023 23:08:48,ESCANER
17387,"Quiché",14,"Cunén",10,2633,441,26,8,23,2,2,2,1,4,1,7,76,2,0,78,0,78,--,441,363,76,78,78,Algún campo sin dato,1,b53dcf2b0e450dd6d93abe1bd82c17b2178873eb6bca12a7281183b74fea7492,25/06/2023 21:39:50,MOVIL