﻿TIPO_DE_ELECCIÓN:,CORPORACIÓN MUNICIPAL
26 junio 2023 00:25 (UTC -6)
ACTAS_ESPERADAS,ACTAS_CAPTURADAS,PORCENTAJE_ACTAS_CAPTURADAS,ACTAS_CONTABILIZADAS,PORCENTAJE_ACTAS_CONTABILIZADAS,ACTAS_NO_CONTABILIZADAS,LISTA_NOMINAL_ACTAS_CONTABILIZADAS,VOTOS_EMITIDOS_CONTABILIZADAS,PORCENTAJE_PARTICIPACIÓN_CIUDADANA
34,11,32.3529,11,32.3529,0,4372,2841,64.9817

MESA,DEPARTAMENTO,ID_DEPARTAMENTO,MUNICIPIO,ID_MUNICIPIO,CENTRO_DE_VOTACIÓN,PADRÓN,VAMOS,U R N G - MAIZ,UNE,CABAL,MLP,TODOS,VICTORIA,AZUL,VALOR UNIONISTA,VÁLIDOS,NULOS,BLANCO,EMITIDOS,INVÁLIDOS,TOTAL,IMPUGNACIONES,PAPELETAS-RECIBIDAS,PAPELETAS-NO-USADAS,VALIDOS_CALCULADO,EMITIDOS_CALCULADO,TOTAL_CALCULADO,OBSERVACIONES,CONTABILIZADA,CÓDIGO_INTEGRIDAD,FECHA_HORA_PUBLICACIÓN,DIGITALIZACIÓN
9195,"Sololá",7,"Santa Lucía Utatlán",4,1123,400,,,,,,,,,,,,,,,,,,,,,,,0,,,
9196,"Sololá",7,"Santa Lucía Utatlán",4,1123,400,,,,,,,,,,,,,,,,,,,,,,,0,,,
9197,"Sololá",7,"Santa Lucía Utatlán",4,1123,400,,,,,,,,,,,,,,,,,,,,,,,0,,,
9198,"Sololá",7,"Santa Lucía Utatlán",4,1123,400,104,38,65,66,14,8,1,6,3,305,11,2,318,0,318,--,400,82,305,318,318,Algún campo sin dato,1,b31ee59599335c277ecee086602466893c519cd6406f954ffac9ae968de573a3,25/06/2023 23:42:20,ESCANER
9199,"Sololá",7,"Santa Lucía Utatlán",4,1123,400,138,25,68,65,2,8,2,3,6,317,7,5,329,0,329,--,400,71,317,329,329,Algún campo sin dato,1,055d44675975fe8dea3c1bdf74fa5012c1289e902f8e688dc68e7786bb4ecc97,26/06/2023 00:23:51,ESCANER
9200,"Sololá",7,"Santa Lucía Utatlán",4,1123,400,,,,,,,,,,,,,,,,,,,,,,,0,,,
9201,"Sololá",7,"Santa Lucía Utatlán",4,1123,400,,,,,,,,,,,,,,,,,,,,,,,0,,,
9202,"Sololá",7,"Santa Lucía Utatlán",4,1123,400,,,,,,,,,,,,,,,,,,,,,,,0,,,
9203,"Sololá",7,"Santa Lucía Utatlán",4,1123,400,,,,,,,,,,,,,,,,,,,,,,,0,,,
9204,"Sololá",7,"Santa Lucía Utatlán",4,1123,400,86,21,61,48,5,5,3,10,7,246,6,3,255,0,255,--,400,145,246,255,255,Algún campo sin dato,1,b6fe3aac4920196a173e083fb2950acedc305411cec1b42cf80dee62a79d3c04,26/06/2023 00:16:51,ESCANER
9205,"Sololá",7,"Santa Lucía Utatlán",4,1124,400,99,31,65,50,7,10,6,9,6,283,1,2,286,0,286,--,400,114,283,286,286,Algún campo sin dato,1,641fb0c44f2a61eb81fc61b5291115d7be9f0023ffc4a494d8efe84a58b1a366,26/06/2023 00:08:14,ESCANER
9206,"Sololá",7,"Santa Lucía Utatlán",4,1124,400,105,38,56,53,6,8,4,8,13,291,2,1,294,0,294,--,400,106,291,294,294,Algún campo sin dato,1,2be09f8834451d549713468bbf62da4ec1e93981a1d57a47c7dce2c27d2eee23,26/06/2023 00:14:36,ESCANER
9207,"Sololá",7,"Santa Lucía Utatlán",4,1124,400,,,,,,,,,,,,,,,,,,,,,,,0,,,
9208,"Sololá",7,"Santa Lucía Utatlán",4,1124,400,,,,,,,,,,,,,,,,,,,,,,,0,,,
9209,"Sololá",7,"Santa Lucía Utatlán",4,1124,400,,,,,,,,,,,,,,,,,,,,,,,0,,,
9210,"Sololá",7,"Santa Lucía Utatlán",4,1124,348,,,,,,,,,,,,,,,,,,,,,,,0,,,
9211,"Sololá",7,"Santa Lucía Utatlán",4,1124,347,73,14,53,47,2,2,6,2,12,211,1,2,214,0,214,--,347,133,211,214,214,Algún campo sin dato,1,e74228552f01c95ed81aef751fa2acb66888b8c2fc6a6fc4d208f7d83f58b680,25/06/2023 22:39:20,MOVIL
9212,"Sololá",7,"Santa Lucía Utatlán",4,1125,380,99,22,57,34,4,4,2,29,8,259,10,6,275,0,275,--,380,105,259,275,275,Algún campo sin dato,1,4f881ba905bab933af2f5a8dc294b554c9698ae5e3e315f7bac2fb50cf2f04ef,26/06/2023 00:12:28,ESCANER
9213,"Sololá",7,"Santa Lucía Utatlán",4,1125,380,,,,,,,,,,,,,,,,,,,,,,,0,,,
9214,"Sololá",7,"Santa Lucía Utatlán",4,1125,380,,,,,,,,,,,,,,,,,,,,,,,0,,,
9215,"Sololá",7,"Santa Lucía Utatlán",4,1125,380,,,,,,,,,,,,,,,,,,,,,,,0,,,
9216,"Sololá",7,"Santa Lucía Utatlán",4,1125,380,,,,,,,,,,,,,,,,,,,,,,,0,,,
9217,"Sololá",7,"Santa Lucía Utatlán",4,1125,380,,,,,,,,,,,,,,,,,,,,,,,0,,,
9218,"Sololá",7,"Santa Lucía Utatlán",4,1125,380,,,,,,,,,,,,,,,,,,,,,,,0,,,
9219,"Sololá",7,"Santa Lucía Utatlán",4,1125,380,,,,,,,,,,,,,,,,,,,,,,,0,,,
9220,"Sololá",7,"Santa Lucía Utatlán",4,1125,380,,,,,,,,,,,,,,,,,,,,,,,0,,,
9221,"Sololá",7,"Santa Lucía Utatlán",4,1125,380,,,,,,,,,,,,,,,,,,,,,,,0,,,
9222,"Sololá",7,"Santa Lucía Utatlán",4,1125,380,78,21,60,29,7,5,0,32,16,248,4,0,252,0,252,--,380,128,248,252,252,Algún campo sin dato,1,f6732d3aca0b8e97f7bfad34afd64ce6b6e55c6f2c7a7162d6f3330e70af6301,25/06/2023 23:58:00,ESCANER
9223,"Sololá",7,"Santa Lucía Utatlán",4,1125,380,,,,,,,,,,,,,,,,,,,,,,,0,,,
9224,"Sololá",7,"Santa Lucía Utatlán",4,1125,380,82,23,50,27,2,2,0,39,13,238,6,1,245,0,245,--,380,135,238,245,245,Algún campo sin dato,1,e3c0cea1806862e5f1838919f28e054a0646a1ae28e13886a5488a966f183d43,26/06/2023 00:18:12,ESCANER
9225,"Sololá",7,"Santa Lucía Utatlán",4,1125,380,,,,,,,,,,,,,,,,,,,,,,,0,,,
9226,"Sololá",7,"Santa Lucía Utatlán",4,1125,339,,,,,,,,,,,,,,,,,,,,,,,0,,,
9227,"Sololá",7,"Santa Lucía Utatlán",4,1125,338,72,22,37,21,5,5,1,20,6,189,1,0,190,0,190,--,338,148,189,190,190,Algún campo sin dato,1,bb97d1b436bb60ee4fd86bba424a001e25d52739b234816ffcdbf0b81e560ac0,25/06/2023 23:36:44,ESCANER
9228,"Sololá",7,"Santa Lucía Utatlán",4,1126,547,62,10,50,21,4,6,3,16,6,178,4,1,183,--,--,--,544,361,178,183,183,Algún campo sin dato,1,a6113eb27734c4fccf70fb161959c613548a093339774faeea0909a87ff5b62d,25/06/2023 23:48:06,ESCANER