﻿TIPO_DE_ELECCIÓN:,CORPORACIÓN MUNICIPAL
26 junio 2023 00:25 (UTC -6)
ACTAS_ESPERADAS,ACTAS_CAPTURADAS,PORCENTAJE_ACTAS_CAPTURADAS,ACTAS_CONTABILIZADAS,PORCENTAJE_ACTAS_CONTABILIZADAS,ACTAS_NO_CONTABILIZADAS,LISTA_NOMINAL_ACTAS_CONTABILIZADAS,VOTOS_EMITIDOS_CONTABILIZADAS,PORCENTAJE_PARTICIPACIÓN_CIUDADANA
20,3,15.0000,3,15.0000,0,950,687,72.3157

MESA,DEPARTAMENTO,ID_DEPARTAMENTO,MUNICIPIO,ID_MUNICIPIO,CENTRO_DE_VOTACIÓN,PADRÓN,UNE,BIEN,MLP,TODOS,VIVA,U R N G - MAIZ,VAMOS,PHG,VALOR,VÁLIDOS,NULOS,BLANCO,EMITIDOS,INVÁLIDOS,TOTAL,IMPUGNACIONES,PAPELETAS-RECIBIDAS,PAPELETAS-NO-USADAS,VALIDOS_CALCULADO,EMITIDOS_CALCULADO,TOTAL_CALCULADO,OBSERVACIONES,CONTABILIZADA,CÓDIGO_INTEGRIDAD,FECHA_HORA_PUBLICACIÓN,DIGITALIZACIÓN
16617,"Huehuetenango",13,"Santiago Chimaltenango",30,2482,400,,,,,,,,,,,,,,,,,,,,,,,0,,,
16618,"Huehuetenango",13,"Santiago Chimaltenango",30,2482,400,,,,,,,,,,,,,,,,,,,,,,,0,,,
16619,"Huehuetenango",13,"Santiago Chimaltenango",30,2482,400,,,,,,,,,,,,,,,,,,,,,,,0,,,
16620,"Huehuetenango",13,"Santiago Chimaltenango",30,2482,400,,,,,,,,,,,,,,,,,,,,,,,0,,,
16621,"Huehuetenango",13,"Santiago Chimaltenango",30,2483,400,,,,,,,,,,,,,,,,,,,,,,,0,,,
16622,"Huehuetenango",13,"Santiago Chimaltenango",30,2483,400,,,,,,,,,,,,,,,,,,,,,,,0,,,
16623,"Huehuetenango",13,"Santiago Chimaltenango",30,2483,400,103,78,7,9,8,2,132,5,1,345,5,7,357,0,357,--,400,43,345,357,357,Algún campo sin dato,1,3da896eefbf50e858aaaa203619669f1f2aa887933e5d670602841a92cb506c7,26/06/2023 00:09:38,ESCANER
16624,"Huehuetenango",13,"Santiago Chimaltenango",30,2483,400,,,,,,,,,,,,,,,,,,,,,,,0,,,
16625,"Huehuetenango",13,"Santiago Chimaltenango",30,2483,400,,,,,,,,,,,,,,,,,,,,,,,0,,,
16626,"Huehuetenango",13,"Santiago Chimaltenango",30,2483,400,,,,,,,,,,,,,,,,,,,,,,,0,,,
16627,"Huehuetenango",13,"Santiago Chimaltenango",30,2484,400,,,,,,,,,,,,,,,,,,,,,,,0,,,
16628,"Huehuetenango",13,"Santiago Chimaltenango",30,2484,400,,,,,,,,,,,,,,,,,,,,,,,0,,,
16629,"Huehuetenango",13,"Santiago Chimaltenango",30,2484,400,,,,,,,,,,,,,,,,,,,,,,,0,,,
16630,"Huehuetenango",13,"Santiago Chimaltenango",30,2485,400,,,,,,,,,,,,,,,,,,,,,,,0,,,
16631,"Huehuetenango",13,"Santiago Chimaltenango",30,2485,275,60,36,2,8,6,0,71,3,4,190,0,2,192,0,192,--,275,83,190,192,192,Algún campo sin dato,1,a2c72eacc0f4402676be1347354fcfa7b97e2310e8720f8d9c93ca1ca5aa25cd,26/06/2023 00:17:37,ESCANER
16632,"Huehuetenango",13,"Santiago Chimaltenango",30,2485,275,45,29,1,4,5,1,43,1,1,130,4,4,138,0,138,--,273,135,130,138,138,Algún campo sin dato,1,fe570310ac3fbf63c04b8ba8a5b7137b63ce892006ced1abd16661d185bb641d,25/06/2023 23:01:37,ESCANER
16633,"Huehuetenango",13,"Santiago Chimaltenango",30,2486,380,,,,,,,,,,,,,,,,,,,,,,,0,,,
16634,"Huehuetenango",13,"Santiago Chimaltenango",30,2486,380,,,,,,,,,,,,,,,,,,,,,,,0,,,
16635,"Huehuetenango",13,"Santiago Chimaltenango",30,2486,290,,,,,,,,,,,,,,,,,,,,,,,0,,,
16636,"Huehuetenango",13,"Santiago Chimaltenango",30,2486,290,,,,,,,,,,,,,,,,,,,,,,,0,,,