﻿TIPO_DE_ELECCIÓN:,CORPORACIÓN MUNICIPAL
26 junio 2023 00:25 (UTC -6)
ACTAS_ESPERADAS,ACTAS_CAPTURADAS,PORCENTAJE_ACTAS_CAPTURADAS,ACTAS_CONTABILIZADAS,PORCENTAJE_ACTAS_CONTABILIZADAS,ACTAS_NO_CONTABILIZADAS,LISTA_NOMINAL_ACTAS_CONTABILIZADAS,VOTOS_EMITIDOS_CONTABILIZADAS,PORCENTAJE_PARTICIPACIÓN_CIUDADANA
57,23,40.3508,23,40.3508,0,8637,4736,54.8338

MESA,DEPARTAMENTO,ID_DEPARTAMENTO,MUNICIPIO,ID_MUNICIPIO,CENTRO_DE_VOTACIÓN,PADRÓN,CABAL,VALOR,VAMOS,MLP,UNE,VIVA,ELEFANTE,PIN,TODOS,UR,PPN,BIEN,CREO,URNG-MAIZ WINAQ SEMILLA,VÁLIDOS,NULOS,BLANCO,EMITIDOS,INVÁLIDOS,TOTAL,IMPUGNACIONES,PAPELETAS-RECIBIDAS,PAPELETAS-NO-USADAS,VALIDOS_CALCULADO,EMITIDOS_CALCULADO,TOTAL_CALCULADO,OBSERVACIONES,CONTABILIZADA,CÓDIGO_INTEGRIDAD,FECHA_HORA_PUBLICACIÓN,DIGITALIZACIÓN
12947,"Retalhuleu",11,"Champerico",7,1770,400,27,30,26,4,23,110,7,0,0,1,1,1,0,14,244,7,2,253,0,253,--,400,150,244,253,253,Algún campo sin dato,1,9cb22bffab181374beadff2ca10b0d74bf36ee9a4d4d130b25ab41c6022f9fb0,25/06/2023 22:55:45,ESCANER
12948,"Retalhuleu",11,"Champerico",7,1770,400,35,36,39,3,15,90,10,0,2,0,2,0,1,6,239,16,2,257,1,258,--,400,142,239,257,258,Algún campo sin dato,1,28b2212cc5131dcd65ee46e023d08b492c3c4732d66413259870aaa95d31e0bf,25/06/2023 23:59:04,ESCANER
12949,"Retalhuleu",11,"Champerico",7,1770,400,,,,,,,,,,,,,,,,,,,,,,,,,,,,0,,,
12950,"Retalhuleu",11,"Champerico",7,1770,400,,,,,,,,,,,,,,,,,,,,,,,,,,,,0,,,
12951,"Retalhuleu",11,"Champerico",7,1770,400,32,26,29,9,26,108,11,0,1,0,5,0,4,9,260,11,1,272,0,272,--,404,132,260,272,272,Algún campo sin dato,1,75a1f89bf71e52db1028d35fcefc6aa57c01433ed3906bb2c5525fd96ac31494,25/06/2023 23:49:50,ESCANER
12952,"Retalhuleu",11,"Champerico",7,1770,400,43,29,25,9,35,102,17,1,1,0,4,3,0,14,283,9,1,293,0,293,--,404,111,283,293,293,Algún campo sin dato,1,4aee79bdceac7f8185827454456c14122ffca045018419d6dc185ed9c365c704,25/06/2023 23:43:02,ESCANER
12953,"Retalhuleu",11,"Champerico",7,1770,400,,,,,,,,,,,,,,,,,,,,,,,,,,,,0,,,
12954,"Retalhuleu",11,"Champerico",7,1770,400,,,,,,,,,,,,,,,,,,,,,,,,,,,,0,,,
12955,"Retalhuleu",11,"Champerico",7,1770,400,,,,,,,,,,,,,,,,,,,,,,,,,,,,0,,,
12956,"Retalhuleu",11,"Champerico",7,1771,400,,,,,,,,,,,,,,,,,,,,,,,,,,,,0,,,
12957,"Retalhuleu",11,"Champerico",7,1771,400,,,,,,,,,,,,,,,,,,,,,,,,,,,,0,,,
12958,"Retalhuleu",11,"Champerico",7,1771,400,,,,,,,,,,,,,,,,,,,,,,,,,,,,0,,,
12959,"Retalhuleu",11,"Champerico",7,1771,400,26,48,33,8,21,97,4,1,3,1,5,0,1,10,258,10,1,269,0,269,--,404,135,258,269,269,Algún campo sin dato,1,442e3c3159444b6aaeac4fae098e614451db26d38fdd69f87ba332f553dba760,25/06/2023 23:44:51,ESCANER
12960,"Retalhuleu",11,"Champerico",7,1771,400,,,,,,,,,,,,,,,,,,,,,,,,,,,,0,,,
12961,"Retalhuleu",11,"Champerico",7,1771,400,,,,,,,,,,,,,,,,,,,,,,,,,,,,0,,,
12962,"Retalhuleu",11,"Champerico",7,1771,400,,,,,,,,,,,,,,,,,,,,,,,,,,,,0,,,
12963,"Retalhuleu",11,"Champerico",7,1771,392,,,,,,,,,,,,,,,,,,,,,,,,,,,,0,,,
12964,"Retalhuleu",11,"Champerico",7,1771,392,,,,,,,,,,,,,,,,,,,,,,,,,,,,0,,,
12965,"Retalhuleu",11,"Champerico",7,1772,380,,,,,,,,,,,,,,,,,,,,,,,,,,,,0,,,
12966,"Retalhuleu",11,"Champerico",7,1772,380,,,,,,,,,,,,,,,,,,,,,,,,,,,,0,,,
12967,"Retalhuleu",11,"Champerico",7,1772,380,,,,,,,,,,,,,,,,,,,,,,,,,,,,0,,,
12968,"Retalhuleu",11,"Champerico",7,1772,380,,,,,,,,,,,,,,,,,,,,,,,,,,,,0,,,
12969,"Retalhuleu",11,"Champerico",7,1772,380,,,,,,,,,,,,,,,,,,,,,,,,,,,,0,,,
12970,"Retalhuleu",11,"Champerico",7,1772,380,26,40,15,20,19,52,1,0,0,0,4,0,0,22,199,13,2,214,0,214,--,383,169,199,214,214,Algún campo sin dato,1,fc766274e368bdd8202cb6e329a7c43ba8ebf03354a76276dddfe458ea5cf311,25/06/2023 23:38:59,ESCANER
12971,"Retalhuleu",11,"Champerico",7,1772,380,,,,,,,,,,,,,,,,,,,,,,,,,,,,0,,,
12972,"Retalhuleu",11,"Champerico",7,1772,380,,,,,,,,,,,,,,,,,,,,,,,,,,,,0,,,
12973,"Retalhuleu",11,"Champerico",7,1772,380,32,42,22,27,18,45,5,0,0,0,4,0,0,25,220,13,11,244,0,244,0,383,139,220,244,244,,1,7a937d2d4cf56af80d115783d81cf7fa9bf956d9b747e2e287d36730ce7b233a,25/06/2023 23:06:59,ESCANER
12974,"Retalhuleu",11,"Champerico",7,1772,380,,,,,,,,,,,,,,,,,,,,,,,,,,,,0,,,
12975,"Retalhuleu",11,"Champerico",7,1772,380,32,61,23,18,17,38,1,0,0,0,4,1,0,25,220,16,6,242,0,242,--,--,--,220,242,242,Algún campo sin dato,1,d6131e2e13b3aba23f98bd1c47c5e0c8fafb87c00cb81961abd363d523933451,26/06/2023 00:07:22,ESCANER
12976,"Retalhuleu",11,"Champerico",7,1772,380,26,40,24,18,14,38,1,0,0,1,4,3,0,24,193,18,4,215,0,215,--,384,166,193,215,215,Algún campo sin dato,1,77c6c6919ba438e220846c785f56205a81ba27f5dce60d0d7f5e31b814238c4f,25/06/2023 23:13:34,ESCANER
12977,"Retalhuleu",11,"Champerico",7,1772,380,,,,,,,,,,,,,,,,,,,,,,,,,,,,0,,,
12978,"Retalhuleu",11,"Champerico",7,1772,380,,,,,,,,,,,,,,,,,,,,,,,,,,,,0,,,
12979,"Retalhuleu",11,"Champerico",7,1772,363,,,,,,,,,,,,,,,,,,,,,,,,,,,,0,,,
12980,"Retalhuleu",11,"Champerico",7,1772,363,,,,,,,,,,,,,,,,,,,,,,,,,,,,0,,,
12981,"Retalhuleu",11,"Champerico",7,1773,380,,,,,,,,,,,,,,,,,,,,,,,,,,,,0,,,
12982,"Retalhuleu",11,"Champerico",7,1773,380,18,61,18,17,3,4,2,0,1,0,7,0,0,68,199,4,2,205,6,211,--,381,170,199,205,211,Algún campo sin dato,1,78209ef6225481ef5cf1f98a2347f3dc2520280dc8cfde4ecc42b529d4c85da5,25/06/2023 23:30:00,ESCANER
12983,"Retalhuleu",11,"Champerico",7,1773,230,,,,,,,,,,,,,,,,,,,,,,,,,,,,0,,,
12984,"Retalhuleu",11,"Champerico",7,1773,229,5,36,14,17,1,7,1,0,0,0,2,0,0,26,109,3,2,114,0,114,--,220,114,109,114,114,Algún campo sin dato,1,8a01dd6d2a19d255312982543dedae20baec4e3ec388bd05961200992e4bf1de,25/06/2023 22:26:43,ESCANER
12985,"Retalhuleu",11,"Champerico",7,1774,380,29,34,36,16,15,24,1,1,1,2,61,1,0,6,227,26,1,254,0,254,--,384,130,227,254,254,Algún campo sin dato,1,8c2ad8ac66fb3bd9a6ffeb9db410baa58384499cb590af2215f9accf194ed815,26/06/2023 00:23:44,ESCANER
12986,"Retalhuleu",11,"Champerico",7,1774,380,,,,,,,,,,,,,,,,,,,,,,,,,,,,0,,,
12987,"Retalhuleu",11,"Champerico",7,1774,380,,,,,,,,,,,,,,,,,,,,,,,,,,,,0,,,
12988,"Retalhuleu",11,"Champerico",7,1774,380,41,40,32,31,5,30,2,0,0,0,38,1,0,5,225,14,2,241,0,241,--,384,143,225,241,241,Algún campo sin dato,1,262865e2e9d04107e25f0fbc353c8c9e8e242da6d3fa3d54acbeac2bb4bfa729,25/06/2023 23:18:24,ESCANER
12989,"Retalhuleu",11,"Champerico",7,1774,380,19,44,28,23,10,28,4,0,0,0,55,0,0,2,213,19,4,236,--,236,--,384,148,213,236,236,Algún campo sin dato,1,82aee4d37ea5d466656e09c758e6da40709e8a41460a5b8121d59cac7944cfb1,26/06/2023 00:04:03,ESCANER
12990,"Retalhuleu",11,"Champerico",7,1774,380,,,,,,,,,,,,,,,,,,,,,,,,,,,,0,,,
12991,"Retalhuleu",11,"Champerico",7,1774,380,26,32,18,25,16,29,1,0,2,0,58,0,1,5,213,13,3,229,0,229,--,384,155,213,229,229,Algún campo sin dato,1,c2c9ac8353be2266fdd07a05ea325d616b9e218e26d1f2c52c2672a10faa2ed0,25/06/2023 22:29:51,ESCANER
12992,"Retalhuleu",11,"Champerico",7,1774,380,24,30,34,14,11,26,1,0,0,0,51,0,1,5,197,11,2,210,0,210,--,380,170,197,210,210,Algún campo sin dato,1,117854d6794f7e0758f7cbee0b914bdc1e6fbed4362e67cd703fe26096a0d475,25/06/2023 22:16:35,ESCANER
12993,"Retalhuleu",11,"Champerico",7,1774,361,36,40,26,9,15,39,1,0,0,0,54,0,0,5,225,8,0,233,0,233,--,365,132,225,233,233,Algún campo sin dato,1,0fea9093c67f223c535cc8e8ac46f0293ad0b6c1c8ce9971816b443cb4df15dd,25/06/2023 22:22:45,ESCANER
12994,"Retalhuleu",11,"Champerico",7,1774,361,,,,,,,,,,,,,,,,,,,,,,,,,,,,0,,,
12995,"Retalhuleu",11,"Champerico",7,1775,380,6,19,13,111,9,17,6,0,0,3,15,1,0,29,229,26,9,264,0,264,--,384,120,229,264,264,Algún campo sin dato,1,913aacc8bab5531b11317844f7f21b6b7b28856d20830ee1bd7b54aa468de579,25/06/2023 23:27:14,ESCANER
12996,"Retalhuleu",11,"Champerico",7,1775,380,,,,,,,,,,,,,,,,,,,,,,,,,,,,0,,,
12997,"Retalhuleu",11,"Champerico",7,1775,380,,,,,,,,,,,,,,,,,,,,,,,,,,,,0,,,
12998,"Retalhuleu",11,"Champerico",7,1775,380,,,,,,,,,,,,,,,,,,,,,,,,,,,,0,,,
12999,"Retalhuleu",11,"Champerico",7,1775,223,6,8,13,43,15,11,1,0,0,0,13,0,0,17,127,4,3,134,0,134,--,227,93,127,134,134,Algún campo sin dato,1,eaee8d3885865613f1f94d701af186771bdb6f04877b2bc15a05c2410f60394e,25/06/2023 22:05:24,ESCANER
13000,"Retalhuleu",11,"Champerico",7,1775,223,16,3,12,39,5,16,0,0,0,0,11,0,0,16,118,3,1,122,0,122,--,223,101,118,122,122,Algún campo sin dato,1,3d15b48ed39aa73861db9eb9b6d63dcc01c794af1cd033e9fd447340cedd7393,25/06/2023 23:20:53,ESCANER
13001,"Retalhuleu",11,"Champerico",7,1776,600,17,21,11,5,7,39,4,0,0,0,12,1,0,8,125,13,6,144,0,144,--,600,456,125,144,144,Algún campo sin dato,1,f58545e51aeeb5682cbacd0de7031705298a364bdc55aa0c691ec31be17798bd,25/06/2023 22:35:00,ESCANER
13002,"Retalhuleu",11,"Champerico",7,1776,411,7,10,5,3,6,15,1,0,0,0,6,4,1,4,62,3,0,65,0,65,--,412,347,62,65,65,Algún campo sin dato,1,a8209c943f5073a0938b8327e47c66a0f63c2a7d9297209f6c500b584113e509,25/06/2023 22:47:24,ESCANER
13003,"Retalhuleu",11,"Champerico",7,1776,410,4,4,2,1,2,6,2,0,0,0,2,1,0,1,25,1,0,26,--,26,--,414,388,25,26,26,Algún campo sin dato,1,1ef4862840814b78904ba264770a4c8e81ad4fab14ce79af6ba6793af5c41129,25/06/2023 22:03:25,ESCANER