﻿TIPO_DE_ELECCIÓN:,CORPORACIÓN MUNICIPAL
26 junio 2023 00:25 (UTC -6)
ACTAS_ESPERADAS,ACTAS_CAPTURADAS,PORCENTAJE_ACTAS_CAPTURADAS,ACTAS_CONTABILIZADAS,PORCENTAJE_ACTAS_CONTABILIZADAS,ACTAS_NO_CONTABILIZADAS,LISTA_NOMINAL_ACTAS_CONTABILIZADAS,VOTOS_EMITIDOS_CONTABILIZADAS,PORCENTAJE_PARTICIPACIÓN_CIUDADANA
61,21,34.4262,21,34.4262,0,7143,5003,70.0405

MESA,DEPARTAMENTO,ID_DEPARTAMENTO,MUNICIPIO,ID_MUNICIPIO,CENTRO_DE_VOTACIÓN,PADRÓN,AZUL,VALOR,UNE,VAMOS,CAMBIO,CABAL,VÁLIDOS,NULOS,BLANCO,EMITIDOS,INVÁLIDOS,TOTAL,IMPUGNACIONES,PAPELETAS-RECIBIDAS,PAPELETAS-NO-USADAS,VALIDOS_CALCULADO,EMITIDOS_CALCULADO,TOTAL_CALCULADO,OBSERVACIONES,CONTABILIZADA,CÓDIGO_INTEGRIDAD,FECHA_HORA_PUBLICACIÓN,DIGITALIZACIÓN
6810,"El Progreso",4,"Guastatoya",1,737,400,,,,,,,,,,,,,,,,,,,,0,,,
6811,"El Progreso",4,"Guastatoya",1,737,400,,,,,,,,,,,,,,,,,,,,0,,,
6812,"El Progreso",4,"Guastatoya",1,737,400,,,,,,,,,,,,,,,,,,,,0,,,
6813,"El Progreso",4,"Guastatoya",1,737,400,,,,,,,,,,,,,,,,,,,,0,,,
6814,"El Progreso",4,"Guastatoya",1,737,400,13,123,8,145,2,6,297,11,2,310,0,310,--,400,90,297,310,310,Algún campo sin dato,1,077e670027b77dabe411f4344c137ae59deb0726eef6d3a0ea236c8a73812b0a,25/06/2023 23:46:10,ESCANER
6815,"El Progreso",4,"Guastatoya",1,737,400,,,,,,,,,,,,,,,,,,,,0,,,
6816,"El Progreso",4,"Guastatoya",1,737,400,16,127,12,139,0,2,296,13,2,311,0,311,--,400,89,296,311,311,Algún campo sin dato,1,7e689a714207ab141d18d0a86dfe1c4be8d5706c37ac392df1aa0d73607aae26,25/06/2023 23:02:23,ESCANER
6817,"El Progreso",4,"Guastatoya",1,737,400,,,,,,,,,,,,,,,,,,,,0,,,
6818,"El Progreso",4,"Guastatoya",1,737,400,8,121,4,130,2,3,268,3,0,271,0,271,--,400,129,268,271,271,Algún campo sin dato,1,924a1025a1a5ad8dd65d393f6dec20e482ad5a31e05ee56ee98801cbab9e6728,25/06/2023 23:36:24,ESCANER
6819,"El Progreso",4,"Guastatoya",1,737,400,,,,,,,,,,,,,,,,,,,,0,,,
6820,"El Progreso",4,"Guastatoya",1,738,400,,,,,,,,,,,,,,,,,,,,0,,,
6821,"El Progreso",4,"Guastatoya",1,738,400,,,,,,,,,,,,,,,,,,,,0,,,
6822,"El Progreso",4,"Guastatoya",1,738,400,,,,,,,,,,,,,,,,,,,,0,,,
6823,"El Progreso",4,"Guastatoya",1,738,400,,,,,,,,,,,,,,,,,,,,0,,,
6824,"El Progreso",4,"Guastatoya",1,738,400,,,,,,,,,,,,,,,,,,,,0,,,
6825,"El Progreso",4,"Guastatoya",1,738,400,,,,,,,,,,,,,,,,,,,,0,,,
6826,"El Progreso",4,"Guastatoya",1,739,400,8,132,2,120,2,1,265,10,1,276,0,276,--,400,124,265,276,276,Algún campo sin dato,1,c9b4dc6af983995578344faab598c2273f5480c96f541b6491a47b595503996a,25/06/2023 23:51:50,ESCANER
6827,"El Progreso",4,"Guastatoya",1,739,400,,,,,,,,,,,,,,,,,,,,0,,,
6828,"El Progreso",4,"Guastatoya",1,739,400,,,,,,,,,,,,,,,,,,,,0,,,
6829,"El Progreso",4,"Guastatoya",1,739,400,,,,,,,,,,,,,,,,,,,,0,,,
6830,"El Progreso",4,"Guastatoya",1,739,400,10,116,4,112,1,2,245,5,0,250,0,250,--,404,154,245,250,250,Algún campo sin dato,1,5b286e03791d1226f155d0d9c6be3e414ddcaa0025ee5c899dff583a7381215f,25/06/2023 23:11:09,ESCANER
6831,"El Progreso",4,"Guastatoya",1,739,215,7,76,2,45,0,1,131,1,0,132,0,132,--,215,83,131,132,132,Algún campo sin dato,1,aca47311674034628887f22530ff8740fc2932b3bd78cebb701d4bc0f4bd90c5,25/06/2023 22:00:36,ESCANER
6832,"El Progreso",4,"Guastatoya",1,739,215,7,52,3,50,0,0,112,5,0,117,0,117,--,215,98,112,117,117,Algún campo sin dato,1,75fe722cb31cc707983a06fd4393fecbb314c289ac54340eca3c73a6836e073d,25/06/2023 22:06:52,ESCANER
6833,"El Progreso",4,"Guastatoya",1,740,400,8,133,10,121,0,1,273,13,5,291,0,291,--,400,109,273,291,291,Algún campo sin dato,1,0dee05bcfbfcfcbed5ff2c2008eb49c071b28984aae8bc6b52d33e69c155cba1,25/06/2023 23:34:20,ESCANER
6834,"El Progreso",4,"Guastatoya",1,740,359,,,,,,,,,,,,,,,,,,,,0,,,
6835,"El Progreso",4,"Guastatoya",1,740,358,9,132,7,83,1,2,234,6,1,241,0,241,--,358,117,234,241,241,Algún campo sin dato,1,dce769f58825098e1dabbbeee31797aa100357f3476e32beb87d407aadb884ca,26/06/2023 00:05:41,ESCANER
6836,"El Progreso",4,"Guastatoya",1,741,400,,,,,,,,,,,,,,,,,,,,0,,,
6837,"El Progreso",4,"Guastatoya",1,741,287,2,83,2,35,3,0,125,6,1,132,0,132,0,287,155,125,132,132,,1,6f13a49bec1531319313341af1c05052a42b26a761b47d9cb517334b51cf0349,26/06/2023 00:20:02,ESCANER
6838,"El Progreso",4,"Guastatoya",1,741,287,3,67,3,58,3,1,135,9,1,145,0,145,--,287,142,135,145,145,Algún campo sin dato,1,bcdd8a59a072e8e56b3a4ffd1678560ded7dfed82c57318863d70a84db4f283f,25/06/2023 22:30:51,ESCANER
6839,"El Progreso",4,"Guastatoya",1,742,400,,,,,,,,,,,,,,,,,,,,0,,,
6840,"El Progreso",4,"Guastatoya",1,742,400,,,,,,,,,,,,,,,,,,,,0,,,
6841,"El Progreso",4,"Guastatoya",1,742,210,,,,,,,,,,,,,,,,,,,,0,,,
6842,"El Progreso",4,"Guastatoya",1,742,210,5,105,1,45,0,1,157,2,0,159,0,159,--,210,51,157,159,159,Algún campo sin dato,1,44f516d0b3010767d58852a44c29368c66ef49bbcff6b261ca8655cee6d1eb82,25/06/2023 23:23:19,ESCANER
6843,"El Progreso",4,"Guastatoya",1,743,329,8,155,6,65,3,0,237,9,0,246,0,246,0,326,80,237,246,246,,1,d9cc3a61c1915655ae6fdb34303f67743c7994d766b62ef95cdd4c80008d261c,25/06/2023 23:55:01,ESCANER
6844,"El Progreso",4,"Guastatoya",1,743,328,11,130,6,62,1,0,210,1,0,211,0,211,--,328,117,210,211,211,Algún campo sin dato,1,39a562f1d14aaf10babe405296532b328e599aacbae4b7d63499a6ade5ebb8c5,25/06/2023 22:56:10,ESCANER
6845,"El Progreso",4,"Guastatoya",1,744,380,,,,,,,,,,,,,,,,,,,,0,,,
6846,"El Progreso",4,"Guastatoya",1,744,380,,,,,,,,,,,,,,,,,,,,0,,,
6847,"El Progreso",4,"Guastatoya",1,744,380,4,125,7,171,0,2,309,7,5,321,0,321,--,377,56,309,321,321,Algún campo sin dato,1,49ffa0dc1f365037c372863f15228979d0c8dd9863bd07dcb1bdb500d22b60b1,25/06/2023 23:55:54,ESCANER
6848,"El Progreso",4,"Guastatoya",1,744,380,3,121,2,150,1,1,278,4,4,286,0,286,--,384,98,278,286,286,Algún campo sin dato,1,97feb017bdbc3945baf18c80ea10b55c11a5280c5a441ea28b7483f067f133e1,25/06/2023 23:39:56,ESCANER
6849,"El Progreso",4,"Guastatoya",1,744,380,4,130,3,150,1,1,289,6,1,296,0,296,--,384,88,289,296,296,Algún campo sin dato,1,5e72a4ee8dbcf97c5fc209f5199ffb8115f374eddb8d02b35866ec7d19ef099f,25/06/2023 22:58:41,ESCANER
6850,"El Progreso",4,"Guastatoya",1,744,350,,,,,,,,,,,,,,,,,,,,0,,,
6851,"El Progreso",4,"Guastatoya",1,744,350,2,122,1,142,3,1,271,2,1,274,0,274,--,350,76,271,274,274,Algún campo sin dato,1,2cec51d5c15f186377efb30ba6461ddcba58fdab03f39f415a53ac510f048fce,26/06/2023 00:06:53,ESCANER
6852,"El Progreso",4,"Guastatoya",1,745,380,,,,,,,,,,,,,,,,,,,,0,,,
6853,"El Progreso",4,"Guastatoya",1,745,378,,,,,,,,,,,,,,,,,,,,0,,,
6854,"El Progreso",4,"Guastatoya",1,745,378,,,,,,,,,,,,,,,,,,,,0,,,
6855,"El Progreso",4,"Guastatoya",1,746,380,7,156,8,113,0,3,287,6,6,299,--,--,--,380,81,287,299,299,Algún campo sin dato,1,4dea5f78e465d582ef54d3aaaea804d1c252cc5201689143303f2874d759f61c,25/06/2023 23:51:03,ESCANER
6856,"El Progreso",4,"Guastatoya",1,746,380,,,,,,,,,,,,,,,,,,,,0,,,
6857,"El Progreso",4,"Guastatoya",1,746,380,,,,,,,,,,,,,,,,,,,,0,,,
6858,"El Progreso",4,"Guastatoya",1,746,380,,,,,,,,,,,,,,,,,,,,0,,,
6859,"El Progreso",4,"Guastatoya",1,746,380,,,,,,,,,,,,,,,,,,,,0,,,
6860,"El Progreso",4,"Guastatoya",1,746,380,,,,,,,,,,,,,,,,,,,,0,,,
6861,"El Progreso",4,"Guastatoya",1,746,380,,,,,,,,,,,,,,,,,,,,0,,,
6862,"El Progreso",4,"Guastatoya",1,746,380,,,,,,,,,,,,,,,,,,,,0,,,
6863,"El Progreso",4,"Guastatoya",1,746,302,4,121,0,93,0,0,218,1,0,219,0,219,--,302,83,218,219,219,Algún campo sin dato,1,0d1d2979edc6fb85a62ab02d7ce5ee4bfb27f1a9e3ed10a3fefb2b02a49eebcf,26/06/2023 00:09:21,ESCANER
6864,"El Progreso",4,"Guastatoya",1,746,302,,,,,,,,,,,,,,,,,,,,0,,,
6865,"El Progreso",4,"Guastatoya",1,747,380,,,,,,,,,,,,,,,,,,,,0,,,
6866,"El Progreso",4,"Guastatoya",1,747,380,,,,,,,,,,,,,,,,,,,,0,,,
6867,"El Progreso",4,"Guastatoya",1,747,342,3,86,5,102,0,4,200,13,3,216,0,216,--,342,126,200,216,216,Algún campo sin dato,1,a387d8433829c2fe44cf3778cb518466df69b5172fdbe04b2c21c2d87cd4012a,25/06/2023 23:28:54,ESCANER
6868,"El Progreso",4,"Guastatoya",1,747,342,,,,,,,,,,,,,,,,,,,,0,,,
6869,"El Progreso",4,"Guastatoya",1,748,468,,,,,,,,,,,,,,,,,,,,0,,,
6870,"El Progreso",4,"Guastatoya",1,748,468,,,,,,,,,,,,,,,,,,,,0,,,