﻿TIPO_DE_ELECCIÓN:,CORPORACIÓN MUNICIPAL
26 junio 2023 00:25 (UTC -6)
ACTAS_ESPERADAS,ACTAS_CAPTURADAS,PORCENTAJE_ACTAS_CAPTURADAS,ACTAS_CONTABILIZADAS,PORCENTAJE_ACTAS_CONTABILIZADAS,ACTAS_NO_CONTABILIZADAS,LISTA_NOMINAL_ACTAS_CONTABILIZADAS,VOTOS_EMITIDOS_CONTABILIZADAS,PORCENTAJE_PARTICIPACIÓN_CIUDADANA
48,11,22.9166,11,22.9166,0,4103,2655,64.7087

MESA,DEPARTAMENTO,ID_DEPARTAMENTO,MUNICIPIO,ID_MUNICIPIO,CENTRO_DE_VOTACIÓN,PADRÓN,MLP,COCIEP,COCIEGUA,COCIEES,COCIEA,CABAL,VAMOS,MI FAMILIA,COCIEO,VALOR UNIONISTA,VÁLIDOS,NULOS,BLANCO,EMITIDOS,INVÁLIDOS,TOTAL,IMPUGNACIONES,PAPELETAS-RECIBIDAS,PAPELETAS-NO-USADAS,VALIDOS_CALCULADO,EMITIDOS_CALCULADO,TOTAL_CALCULADO,OBSERVACIONES,CONTABILIZADA,CÓDIGO_INTEGRIDAD,FECHA_HORA_PUBLICACIÓN,DIGITALIZACIÓN
18244,"Baja Verapaz",15,"San Miguel Chicaj",2,2793,400,,,,,,,,,,,,,,,,,,,,,,,,0,,,
18245,"Baja Verapaz",15,"San Miguel Chicaj",2,2793,400,,,,,,,,,,,,,,,,,,,,,,,,0,,,
18246,"Baja Verapaz",15,"San Miguel Chicaj",2,2793,400,0,15,8,252,29,3,0,1,0,0,308,16,4,328,0,328,--,400,72,308,328,328,Algún campo sin dato,1,c6294c7f930c40af312cf45650fb887f60f24380d0742c4a26893f11a52802af,25/06/2023 23:24:53,ESCANER
18247,"Baja Verapaz",15,"San Miguel Chicaj",2,2793,400,1,25,5,249,35,3,2,3,0,3,326,14,0,340,0,340,--,400,60,326,340,340,Algún campo sin dato,1,560766992705456bd8314c55b029944f3748d52d412ec8c80e447f5c040c5fcc,25/06/2023 23:40:18,ESCANER
18248,"Baja Verapaz",15,"San Miguel Chicaj",2,2793,400,,,,,,,,,,,,,,,,,,,,,,,,0,,,
18249,"Baja Verapaz",15,"San Miguel Chicaj",2,2793,400,,,,,,,,,,,,,,,,,,,,,,,,0,,,
18250,"Baja Verapaz",15,"San Miguel Chicaj",2,2793,400,,,,,,,,,,,,,,,,,,,,,,,,0,,,
18251,"Baja Verapaz",15,"San Miguel Chicaj",2,2793,400,1,20,11,199,53,5,1,1,3,2,296,12,6,314,0,314,--,400,86,296,314,314,Algún campo sin dato,1,2ffa56c9495a0281c8355d2d7d1015873c7ffcff5c6a79a8e5943aede4c0e4ee,25/06/2023 23:31:05,ESCANER
18252,"Baja Verapaz",15,"San Miguel Chicaj",2,2793,400,,,,,,,,,,,,,,,,,,,,,,,,0,,,
18253,"Baja Verapaz",15,"San Miguel Chicaj",2,2793,400,,,,,,,,,,,,,,,,,,,,,,,,0,,,
18254,"Baja Verapaz",15,"San Miguel Chicaj",2,2793,400,0,15,8,188,35,3,1,0,3,3,256,8,1,265,0,265,--,400,135,256,265,265,Algún campo sin dato,1,eee4aef02b7ea8ab26efc89ec48deafd482e81f6ebfa8ec56205d3e74567a458,25/06/2023 22:52:10,ESCANER
18255,"Baja Verapaz",15,"San Miguel Chicaj",2,2793,400,,,,,,,,,,,,,,,,,,,,,,,,0,,,
18256,"Baja Verapaz",15,"San Miguel Chicaj",2,2793,400,0,21,10,187,42,4,1,2,0,8,275,6,0,281,0,281,--,400,119,275,281,281,Algún campo sin dato,1,46abb589f92edf880941466237b512b50520cc13b6b7a773d6daa498c3c829f2,26/06/2023 00:22:49,ESCANER
18257,"Baja Verapaz",15,"San Miguel Chicaj",2,2793,400,,,,,,,,,,,,,,,,,,,,,,,,0,,,
18258,"Baja Verapaz",15,"San Miguel Chicaj",2,2793,400,0,15,9,168,22,0,0,0,3,1,218,3,1,222,0,222,--,400,178,218,222,222,Algún campo sin dato,1,cb97fc7e03d736a8420c2b613ebd609944e6f42c3973697956d91ab59bc8f73c,25/06/2023 22:46:35,ESCANER
18259,"Baja Verapaz",15,"San Miguel Chicaj",2,2793,400,0,19,9,197,25,3,0,1,2,1,257,3,0,260,0,260,--,400,140,257,260,260,Algún campo sin dato,1,0eb3e415542ce4a49aab42e3a3b623efff2c2140f07bb7169cf54dde5561ee64,25/06/2023 22:36:35,ESCANER
18260,"Baja Verapaz",15,"San Miguel Chicaj",2,2793,400,0,16,11,183,29,3,0,5,8,1,256,1,0,257,0,257,--,380,123,256,257,257,Algún campo sin dato,1,4063308b3ea8770f1e289f9ee01f9af747020e3354afaeb2f7366dbd8cc699a0,25/06/2023 23:20:23,ESCANER
18261,"Baja Verapaz",15,"San Miguel Chicaj",2,2793,400,,,,,,,,,,,,,,,,,,,,,,,,0,,,
18262,"Baja Verapaz",15,"San Miguel Chicaj",2,2793,231,0,10,2,105,21,4,0,1,0,2,145,0,0,145,0,145,--,231,86,145,145,145,Algún campo sin dato,1,f4fb35b77bb4dd27396abf672463485ff7534580178a0101f7071c3a843c5cbc,26/06/2023 00:17:29,ESCANER
18263,"Baja Verapaz",15,"San Miguel Chicaj",2,2793,231,0,11,6,96,18,0,0,0,1,2,134,2,0,136,0,136,--,231,95,134,136,136,Algún campo sin dato,1,022d5b5a5a1321ef502d8a8467bcb4d7df17194eedf825f5aaac24678b67cf02,25/06/2023 22:18:42,ESCANER
18264,"Baja Verapaz",15,"San Miguel Chicaj",2,2794,380,,,,,,,,,,,,,,,,,,,,,,,,0,,,
18265,"Baja Verapaz",15,"San Miguel Chicaj",2,2794,380,,,,,,,,,,,,,,,,,,,,,,,,0,,,
18266,"Baja Verapaz",15,"San Miguel Chicaj",2,2794,380,,,,,,,,,,,,,,,,,,,,,,,,0,,,
18267,"Baja Verapaz",15,"San Miguel Chicaj",2,2794,380,,,,,,,,,,,,,,,,,,,,,,,,0,,,
18268,"Baja Verapaz",15,"San Miguel Chicaj",2,2794,380,,,,,,,,,,,,,,,,,,,,,,,,0,,,
18269,"Baja Verapaz",15,"San Miguel Chicaj",2,2794,380,,,,,,,,,,,,,,,,,,,,,,,,0,,,
18270,"Baja Verapaz",15,"San Miguel Chicaj",2,2794,380,,,,,,,,,,,,,,,,,,,,,,,,0,,,
18271,"Baja Verapaz",15,"San Miguel Chicaj",2,2794,380,,,,,,,,,,,,,,,,,,,,,,,,0,,,
18272,"Baja Verapaz",15,"San Miguel Chicaj",2,2794,380,,,,,,,,,,,,,,,,,,,,,,,,0,,,
18273,"Baja Verapaz",15,"San Miguel Chicaj",2,2795,380,,,,,,,,,,,,,,,,,,,,,,,,0,,,
18274,"Baja Verapaz",15,"San Miguel Chicaj",2,2795,380,,,,,,,,,,,,,,,,,,,,,,,,0,,,
18275,"Baja Verapaz",15,"San Miguel Chicaj",2,2795,243,,,,,,,,,,,,,,,,,,,,,,,,0,,,
18276,"Baja Verapaz",15,"San Miguel Chicaj",2,2795,243,,,,,,,,,,,,,,,,,,,,,,,,0,,,
18277,"Baja Verapaz",15,"San Miguel Chicaj",2,2796,327,,,,,,,,,,,,,,,,,,,,,,,,0,,,
18278,"Baja Verapaz",15,"San Miguel Chicaj",2,2796,326,,,,,,,,,,,,,,,,,,,,,,,,0,,,
18279,"Baja Verapaz",15,"San Miguel Chicaj",2,2797,380,,,,,,,,,,,,,,,,,,,,,,,,0,,,
18280,"Baja Verapaz",15,"San Miguel Chicaj",2,2797,375,,,,,,,,,,,,,,,,,,,,,,,,0,,,
18281,"Baja Verapaz",15,"San Miguel Chicaj",2,2797,375,,,,,,,,,,,,,,,,,,,,,,,,0,,,
18282,"Baja Verapaz",15,"San Miguel Chicaj",2,2798,380,,,,,,,,,,,,,,,,,,,,,,,,0,,,
18283,"Baja Verapaz",15,"San Miguel Chicaj",2,2798,380,,,,,,,,,,,,,,,,,,,,,,,,0,,,
18284,"Baja Verapaz",15,"San Miguel Chicaj",2,2798,380,,,,,,,,,,,,,,,,,,,,,,,,0,,,
18285,"Baja Verapaz",15,"San Miguel Chicaj",2,2798,380,,,,,,,,,,,,,,,,,,,,,,,,0,,,
18286,"Baja Verapaz",15,"San Miguel Chicaj",2,2798,380,,,,,,,,,,,,,,,,,,,,,,,,0,,,
18287,"Baja Verapaz",15,"San Miguel Chicaj",2,2798,380,,,,,,,,,,,,,,,,,,,,,,,,0,,,
18288,"Baja Verapaz",15,"San Miguel Chicaj",2,2798,380,,,,,,,,,,,,,,,,,,,,,,,,0,,,
18289,"Baja Verapaz",15,"San Miguel Chicaj",2,2798,277,,,,,,,,,,,,,,,,,,,,,,,,0,,,
18290,"Baja Verapaz",15,"San Miguel Chicaj",2,2798,276,,,,,,,,,,,,,,,,,,,,,,,,0,,,
18291,"Baja Verapaz",15,"San Miguel Chicaj",2,2799,441,0,20,3,53,22,0,0,0,1,0,99,6,2,107,0,107,--,441,334,99,107,107,Algún campo sin dato,1,1751b01bd7103034f5fa7700832cd63db6bb0eeb04b9fec5a939f2f938741abd,25/06/2023 22:12:39,ESCANER