﻿TIPO_DE_ELECCIÓN:,CORPORACIÓN MUNICIPAL
26 junio 2023 00:25 (UTC -6)
ACTAS_ESPERADAS,ACTAS_CAPTURADAS,PORCENTAJE_ACTAS_CAPTURADAS,ACTAS_CONTABILIZADAS,PORCENTAJE_ACTAS_CONTABILIZADAS,ACTAS_NO_CONTABILIZADAS,LISTA_NOMINAL_ACTAS_CONTABILIZADAS,VOTOS_EMITIDOS_CONTABILIZADAS,PORCENTAJE_PARTICIPACIÓN_CIUDADANA
24,6,25.0000,6,25.0000,0,1862,1073,57.6262

MESA,DEPARTAMENTO,ID_DEPARTAMENTO,MUNICIPIO,ID_MUNICIPIO,CENTRO_DE_VOTACIÓN,PADRÓN,CABAL,VALOR,VAMOS,MLP,UNE,UR,PPN,PODEMOS,VÁLIDOS,NULOS,BLANCO,EMITIDOS,INVÁLIDOS,TOTAL,IMPUGNACIONES,PAPELETAS-RECIBIDAS,PAPELETAS-NO-USADAS,VALIDOS_CALCULADO,EMITIDOS_CALCULADO,TOTAL_CALCULADO,OBSERVACIONES,CONTABILIZADA,CÓDIGO_INTEGRIDAD,FECHA_HORA_PUBLICACIÓN,DIGITALIZACIÓN
12788,"Retalhuleu",11,"Santa Cruz Muluá",3,1744,400,,,,,,,,,,,,,,,,,,,,,,0,,,
12789,"Retalhuleu",11,"Santa Cruz Muluá",3,1744,400,,,,,,,,,,,,,,,,,,,,,,0,,,
12790,"Retalhuleu",11,"Santa Cruz Muluá",3,1744,400,70,40,80,3,65,0,11,2,271,13,4,288,--,288,--,400,112,271,288,288,Algún campo sin dato,1,dea17fdc8c4e6ab4b2eea988f9e5807b7b9d117618b2a9297f71d319c6ac476f,26/06/2023 00:12:10,ESCANER
12791,"Retalhuleu",11,"Santa Cruz Muluá",3,1744,400,,,,,,,,,,,,,,,,,,,,,,0,,,
12792,"Retalhuleu",11,"Santa Cruz Muluá",3,1744,400,,,,,,,,,,,,,,,,,,,,,,0,,,
12793,"Retalhuleu",11,"Santa Cruz Muluá",3,1744,400,,,,,,,,,,,,,,,,,,,,,,0,,,
12794,"Retalhuleu",11,"Santa Cruz Muluá",3,1744,400,,,,,,,,,,,,,,,,,,,,,,0,,,
12795,"Retalhuleu",11,"Santa Cruz Muluá",3,1744,400,,,,,,,,,,,,,,,,,,,,,,0,,,
12796,"Retalhuleu",11,"Santa Cruz Muluá",3,1744,400,,,,,,,,,,,,,,,,,,,,,,0,,,
12797,"Retalhuleu",11,"Santa Cruz Muluá",3,1744,400,,,,,,,,,,,,,,,,,,,,,,0,,,
12798,"Retalhuleu",11,"Santa Cruz Muluá",3,1744,400,70,39,78,9,65,0,8,2,271,10,4,285,0,285,--,400,115,271,285,285,Algún campo sin dato,1,3fa8faec70eaee403ce6a95b007b05b9184fd18314bb8ee05029850d2b48af5e,25/06/2023 23:44:36,ESCANER
12799,"Retalhuleu",11,"Santa Cruz Muluá",3,1744,400,,,,,,,,,,,,,,,,,,,,,,0,,,
12800,"Retalhuleu",11,"Santa Cruz Muluá",3,1744,400,,,,,,,,,,,,,,,,,,,,,,0,,,
12801,"Retalhuleu",11,"Santa Cruz Muluá",3,1744,400,,,,,,,,,,,,,,,,,,,,,,0,,,
12802,"Retalhuleu",11,"Santa Cruz Muluá",3,1744,400,,,,,,,,,,,,,,,,,,,,,,0,,,
12803,"Retalhuleu",11,"Santa Cruz Muluá",3,1744,323,,,,,,,,,,,,,,,,,,,,,,0,,,
12804,"Retalhuleu",11,"Santa Cruz Muluá",3,1744,322,46,31,38,2,49,0,6,0,172,1,0,173,0,173,--,323,150,172,173,173,Algún campo sin dato,1,1d279cb2fec098a4d873e62fedd929834dba5a995d904c314e0258cc986ed730,25/06/2023 23:20:09,ESCANER
12805,"Retalhuleu",11,"Santa Cruz Muluá",3,1745,400,,,,,,,,,,,,,,,,,,,,,,0,,,
12806,"Retalhuleu",11,"Santa Cruz Muluá",3,1745,400,,,,,,,,,,,,,,,,,,,,,,0,,,
12807,"Retalhuleu",11,"Santa Cruz Muluá",3,1745,400,,,,,,,,,,,,,,,,,,,,,,0,,,
12808,"Retalhuleu",11,"Santa Cruz Muluá",3,1745,400,,,,,,,,,,,,,,,,,,,,,,0,,,
12809,"Retalhuleu",11,"Santa Cruz Muluá",3,1745,202,8,40,49,7,15,3,2,1,125,4,1,130,0,130,0,203,73,125,130,130,,1,970888e9b198fe312af94a1dbabc624e59c24b1b9ccbe5389195fce005452b15,25/06/2023 23:27:04,ESCANER
12810,"Retalhuleu",11,"Santa Cruz Muluá",3,1745,201,9,33,39,7,26,2,1,0,117,3,0,120,0,120,--,202,82,117,120,120,Algún campo sin dato,1,e7daff7c9783eb2be4efca5f1212c0ed539d11ecb0556f3a2e4f895920ba4f8b,25/06/2023 23:42:57,ESCANER
12811,"Retalhuleu",11,"Santa Cruz Muluá",3,1746,337,25,13,16,2,14,0,4,0,74,3,0,77,0,77,--,337,260,74,77,77,Algún campo sin dato,1,1ef69daa122f9053dcca909a45d2efa44a47ec297ea151da8780f3117138f8fd,26/06/2023 00:11:22,ESCANER