﻿TIPO_DE_ELECCIÓN:,CORPORACIÓN MUNICIPAL
26 junio 2023 00:25 (UTC -6)
ACTAS_ESPERADAS,ACTAS_CAPTURADAS,PORCENTAJE_ACTAS_CAPTURADAS,ACTAS_CONTABILIZADAS,PORCENTAJE_ACTAS_CONTABILIZADAS,ACTAS_NO_CONTABILIZADAS,LISTA_NOMINAL_ACTAS_CONTABILIZADAS,VOTOS_EMITIDOS_CONTABILIZADAS,PORCENTAJE_PARTICIPACIÓN_CIUDADANA
89,82,92.1348,82,92.1348,0,30873,15443,50.0210

MESA,DEPARTAMENTO,ID_DEPARTAMENTO,MUNICIPIO,ID_MUNICIPIO,CENTRO_DE_VOTACIÓN,PADRÓN,VICTORIA,TODOS,VAMOS,CABAL,VIVA,PHG,PPN,UNE,VOS,VALOR UNIONISTA,VÁLIDOS,NULOS,BLANCO,EMITIDOS,INVÁLIDOS,TOTAL,IMPUGNACIONES,PAPELETAS-RECIBIDAS,PAPELETAS-NO-USADAS,VALIDOS_CALCULADO,EMITIDOS_CALCULADO,TOTAL_CALCULADO,OBSERVACIONES,CONTABILIZADA,CÓDIGO_INTEGRIDAD,FECHA_HORA_PUBLICACIÓN,DIGITALIZACIÓN
11235,"Quetzaltenango",9,"Colomba",17,1509,400,1,55,137,3,2,0,4,13,0,0,215,15,6,236,0,236,--,400,164,215,236,236,Algún campo sin dato,1,80e5066f0e7038f92fd1de213f8dd6bcef0f7f60b3a690196ec82ccdd84f78ac,25/06/2023 21:56:33,ESCANER
11236,"Quetzaltenango",9,"Colomba",17,1509,400,1,68,146,0,4,1,3,13,0,0,236,15,1,252,0,252,--,400,148,236,252,252,Algún campo sin dato,1,483ab598d16475a33305fedf8564033eb1b8efa084a9d344e277cda8d557aa6b,25/06/2023 22:25:59,ESCANER
11237,"Quetzaltenango",9,"Colomba",17,1509,400,0,77,151,1,2,0,0,13,0,0,244,13,2,259,0,259,--,400,141,244,259,259,Algún campo sin dato,1,91f9f8d81c45017b6612b94919e1b6abce922916d9a9c829a8ec369229e29039,25/06/2023 23:14:36,ESCANER
11238,"Quetzaltenango",9,"Colomba",17,1509,400,0,49,159,3,1,1,4,5,2,0,224,21,0,245,0,245,--,400,155,224,245,245,Algún campo sin dato,1,f32c676bce60ce978089e18320b1077f31efad0cadd7f2a7b55254de431021e5,25/06/2023 21:03:20,ESCANER
11239,"Quetzaltenango",9,"Colomba",17,1509,400,0,78,161,5,1,0,1,8,1,2,257,17,3,277,--,277,--,400,123,257,277,277,Algún campo sin dato,1,3883cc9a80f1269f83a214df76e4bc2463521434831c7612edecf3401f562b92,25/06/2023 23:09:55,ESCANER
11240,"Quetzaltenango",9,"Colomba",17,1509,400,0,53,160,4,1,1,2,7,0,0,228,17,4,249,0,249,--,400,151,228,249,249,Algún campo sin dato,1,10d1cb77c64bd6a9714ac1d2713802893155e319a19250ded7c45d9fe2200e17,25/06/2023 21:39:36,ESCANER
11241,"Quetzaltenango",9,"Colomba",17,1509,400,0,63,160,2,1,1,2,11,5,2,247,19,3,269,0,269,--,400,131,247,269,269,Algún campo sin dato,1,597f2df02e77f7643be54fae1e1406c6fab0f263714f6fae8ea015946826ed6b,25/06/2023 22:31:46,ESCANER
11242,"Quetzaltenango",9,"Colomba",17,1509,400,3,69,144,1,2,0,2,11,0,0,232,9,2,243,0,243,--,400,157,232,243,243,Algún campo sin dato,1,a2d0a58622ffb3791c2624bdcce9d5b3b546bc62182ccabf3076b24f1d09ba0e,25/06/2023 21:23:48,ESCANER
11243,"Quetzaltenango",9,"Colomba",17,1510,400,1,55,136,5,2,2,1,6,2,0,210,16,2,228,0,228,--,400,172,210,228,228,Algún campo sin dato,1,36e42e964a641232b25128f03c8fe347f2a647cc5d2a8d7ff20dd7fb06e00b15,25/06/2023 22:09:48,ESCANER
11244,"Quetzaltenango",9,"Colomba",17,1510,400,3,68,156,8,1,1,0,6,1,0,244,13,3,260,0,260,--,400,140,244,260,260,Algún campo sin dato,1,4d7a082723101cad9a6226f41d59aa4daf3aeb6dfd48a36389193936588518a2,25/06/2023 22:58:33,ESCANER
11245,"Quetzaltenango",9,"Colomba",17,1510,400,0,56,136,2,4,2,1,5,0,2,208,13,5,226,0,226,--,400,174,208,226,226,Algún campo sin dato,1,3232312987ba8d4192b1daef9072c50dfdb57ee620906844ced4b05ab44a2a00,25/06/2023 22:57:47,ESCANER
11246,"Quetzaltenango",9,"Colomba",17,1510,400,3,57,146,4,0,1,3,12,2,0,228,16,2,246,0,246,--,400,154,228,246,246,Algún campo sin dato,1,ab0ccdf4c07404a5faee4a547b7a5f59e85f1d8a5a9ab2b8246ea8f47e110c95,25/06/2023 22:37:34,ESCANER
11247,"Quetzaltenango",9,"Colomba",17,1510,400,1,65,126,2,1,2,1,11,3,1,213,12,6,231,0,231,--,400,169,213,231,231,Algún campo sin dato,1,489f8f4a5b02ffd2fd3fe25b931d47c911255f91bf4a27ef2f97e71aa4737cc3,25/06/2023 23:20:18,ESCANER
11248,"Quetzaltenango",9,"Colomba",17,1510,400,2,52,139,10,2,1,3,9,0,1,219,7,3,229,171,400,--,400,171,219,229,400,Algún campo sin dato,1,8f628ef08c679ff90d585a2df7a385f22bfd45283874af7354ec13a35f7fee62,25/06/2023 22:31:32,ESCANER
11249,"Quetzaltenango",9,"Colomba",17,1510,400,0,67,124,2,0,2,0,14,1,0,210,13,5,228,0,228,--,400,172,210,228,228,Algún campo sin dato,1,a284ec784e0f049581e343ecded8362d2db1655e80be300c44025580d546a388,25/06/2023 21:54:12,ESCANER
11250,"Quetzaltenango",9,"Colomba",17,1511,400,2,56,121,3,1,1,3,15,2,1,205,7,0,212,0,212,--,400,188,205,212,212,Algún campo sin dato,1,d6eefa14e48b5e52823b08ba603a2a2f6b647c2862157bd4131cc09550e7d4c7,25/06/2023 23:23:31,ESCANER
11251,"Quetzaltenango",9,"Colomba",17,1511,400,0,55,117,0,1,0,1,8,2,0,184,15,5,204,0,204,--,400,196,184,204,204,Algún campo sin dato,1,daaefebfa7afc3c2168255467e4c5dceed9c045e897448eb4c8970616bf68d53,25/06/2023 22:06:07,ESCANER
11252,"Quetzaltenango",9,"Colomba",17,1511,400,0,46,150,1,3,3,1,4,1,0,211,6,1,218,0,211,--,400,182,209,216,216,Sumas Asentadas sin cuadrar,1,7abaa8104343e58a19ebce8deb9b1a332aa544bf3a2bb1e716517f131c22a561,25/06/2023 23:18:30,ESCANER
11253,"Quetzaltenango",9,"Colomba",17,1511,400,3,56,166,2,1,1,3,4,1,1,238,3,1,242,--,--,--,400,158,238,242,242,Algún campo sin dato,1,e7fb1c1817253ddb4340bb6e5c83db2c393763f29b39a9da293b7bb3d25ee65c,25/06/2023 23:01:31,ESCANER
11254,"Quetzaltenango",9,"Colomba",17,1511,400,2,51,143,3,0,0,0,4,0,0,203,5,2,210,0,210,--,400,190,203,210,210,Algún campo sin dato,1,b6c2c59f25c97c6d251455898ab2d7f17be80d70226b4b12323c7bcdd7e373e1,25/06/2023 22:23:39,ESCANER
11255,"Quetzaltenango",9,"Colomba",17,1511,400,0,67,169,3,0,1,3,6,1,0,250,4,0,254,0,254,--,400,146,250,254,254,Algún campo sin dato,1,916b89ed3c139cf0c877485025cff45daa6efe1b93ec6478650834bd775d02db,25/06/2023 23:18:50,ESCANER
11256,"Quetzaltenango",9,"Colomba",17,1511,350,0,39,141,0,0,1,1,3,2,4,187,1,1,189,0,189,--,350,161,191,193,193,Sumas Asentadas sin cuadrar,1,0055a0539725e629032ff892c3862949b964c2cfdf7b6c9c38394a3598b54d0f,25/06/2023 21:56:22,ESCANER
11257,"Quetzaltenango",9,"Colomba",17,1511,350,0,29,98,4,2,0,3,7,0,0,143,11,4,158,0,158,--,350,192,143,158,158,Algún campo sin dato,1,66679afd47095a14c6f98d1186b47e84ee0a31e1e9ff9b7f010480e17f6fea0f,25/06/2023 22:01:08,ESCANER
11258,"Quetzaltenango",9,"Colomba",17,1512,380,1,57,69,1,7,1,17,32,0,1,186,21,3,210,0,210,--,380,170,186,210,210,Algún campo sin dato,1,d84ce787ffcac87d328dbc9dd54a9d7f7f6b141eda91b5f1f6f6cf3f2e3f6723,25/06/2023 22:06:06,ESCANER
11259,"Quetzaltenango",9,"Colomba",17,1512,380,1,54,76,4,9,6,19,19,2,1,191,29,7,227,0,227,--,380,153,191,227,227,Algún campo sin dato,1,87d9d6edd1926767f2580c0e88ab87bcf73ad9b70287d603343d49febed1caac,25/06/2023 22:09:18,ESCANER
11260,"Quetzaltenango",9,"Colomba",17,1512,380,0,40,70,2,3,1,10,30,3,1,160,29,7,196,0,196,--,380,184,160,196,196,Algún campo sin dato,1,ed692be55c3d7d9c31c10959a593ad01925e6e36708a5dfb70ff502800c1d1c3,25/06/2023 23:21:24,ESCANER
11261,"Quetzaltenango",9,"Colomba",17,1512,380,1,56,80,3,0,2,19,16,3,1,181,25,6,212,0,212,--,380,168,181,212,212,Algún campo sin dato,1,36f296c20553027139dd8aa42698deff7ea42e14b338cd115669805293bfb8e7,25/06/2023 21:41:48,ESCANER
11262,"Quetzaltenango",9,"Colomba",17,1512,380,2,66,80,1,3,6,11,15,0,2,186,19,6,211,0,211,--,380,169,186,211,211,Algún campo sin dato,1,38eb98f442031f24f5dda135e48f533bf4f6f32cbd250027e284d27d9a538836,26/06/2023 00:16:46,ESCANER
11263,"Quetzaltenango",9,"Colomba",17,1512,380,0,56,60,3,2,2,15,16,0,1,155,18,6,179,0,179,--,380,201,155,179,179,Algún campo sin dato,1,3f6ac902f75de499f242c088cd942666f150c600bcfd8073afed6dce6033551d,25/06/2023 23:59:51,ESCANER
11264,"Quetzaltenango",9,"Colomba",17,1512,380,2,48,63,2,5,1,12,15,0,0,148,24,4,176,0,176,--,380,204,148,176,176,Algún campo sin dato,1,614beedffb556d39c1ccbdd9af317b14cc3806bd649b910c719c470751227167,25/06/2023 23:30:19,ESCANER
11265,"Quetzaltenango",9,"Colomba",17,1512,380,1,45,49,2,2,1,7,20,0,3,130,14,10,154,0,154,--,380,226,130,154,154,Algún campo sin dato,1,a17338715088f7b85089e20baf9bae19ecc19b5dee514b75322bf6396a5fe150,25/06/2023 20:55:54,ESCANER
11266,"Quetzaltenango",9,"Colomba",17,1512,380,0,63,65,3,1,2,5,10,0,0,149,10,3,162,0,162,--,380,218,149,162,162,Algún campo sin dato,1,30f5c35d9b2ad1982408a74fb27dabe4c0a34130ff2e3d6af1c5bd6508527e0d,26/06/2023 00:04:39,ESCANER
11267,"Quetzaltenango",9,"Colomba",17,1512,280,0,46,40,2,0,2,7,10,3,1,111,1,0,112,0,112,--,280,168,111,112,112,Algún campo sin dato,1,70f321c2c265bab0d4cc88fc792f9514216f8bc99615c62ad88ae0f044826fd7,25/06/2023 23:27:46,ESCANER
11268,"Quetzaltenango",9,"Colomba",17,1512,279,1,23,35,1,1,0,10,8,4,0,83,6,2,91,0,91,0,279,188,83,91,91,,1,afe7cd34956c085808e3b865bf86ae3cc585d0d814a4fc2117f901a99aacd236,25/06/2023 22:22:33,ESCANER
11269,"Quetzaltenango",9,"Colomba",17,1513,380,0,70,58,1,0,1,11,11,0,1,153,9,5,167,0,167,--,380,213,153,167,167,Algún campo sin dato,1,8ec3c6cfed81dcb871536459c10d24ca1a50011f7443a2986fb19b3cc12840b1,25/06/2023 23:12:16,ESCANER
11270,"Quetzaltenango",9,"Colomba",17,1513,380,0,74,46,1,2,2,13,9,3,3,153,21,8,182,0,182,--,380,198,153,182,182,Algún campo sin dato,1,87906718548a433d9a4f10bd285b5449b7fced60f781188285d407413f423ecc,25/06/2023 23:01:08,ESCANER
11271,"Quetzaltenango",9,"Colomba",17,1513,233,0,29,20,1,0,1,4,2,1,0,58,7,3,68,0,68,--,233,165,58,68,68,Algún campo sin dato,1,3f1a5efb45cd858e33a87e843aeb896c769d2dc15f400883e76f7d8d99c453f4,25/06/2023 21:02:41,ESCANER
11272,"Quetzaltenango",9,"Colomba",17,1513,233,0,34,27,0,1,0,4,4,1,1,72,0,3,75,0,75,--,233,158,72,75,75,Algún campo sin dato,1,ed848235eeb8b5a221182e20e7695694f03c0fc788d0a372e032845476f22362,25/06/2023 21:21:14,ESCANER
11273,"Quetzaltenango",9,"Colomba",17,1514,380,,,,,,,,,,,,,,,,,,,,,,,,0,,,
11274,"Quetzaltenango",9,"Colomba",17,1514,380,5,81,88,2,3,21,20,8,2,1,231,18,1,250,0,250,--,380,130,231,250,250,Algún campo sin dato,1,69c0b6ea43fe66bcd456d9c7a624d87b63543b5548264e87e90895d48a000279,25/06/2023 23:59:20,ESCANER
11275,"Quetzaltenango",9,"Colomba",17,1514,380,,,,,,,,,,,,,,,,,,,,,,,,0,,,
11276,"Quetzaltenango",9,"Colomba",17,1514,380,,,,,,,,,,,,,,,,,,,,,,,,0,,,
11277,"Quetzaltenango",9,"Colomba",17,1514,380,0,89,108,1,4,3,8,6,1,0,220,19,5,244,0,244,--,380,136,220,244,244,Algún campo sin dato,1,858943b0e252eba397478a98f72f3d13499e38359ba104f6a196ac33e56e261e,25/06/2023 22:53:04,ESCANER
11278,"Quetzaltenango",9,"Colomba",17,1514,380,1,101,96,0,5,7,14,6,2,1,233,17,7,257,0,257,--,380,123,233,257,257,Algún campo sin dato,1,66f70f145286527ef4e504440ab85261281cf561ea8ac4964ea6ce333b0ff8ef,25/06/2023 23:30:08,ESCANER
11279,"Quetzaltenango",9,"Colomba",17,1514,380,0,85,94,1,2,8,22,8,2,2,224,14,5,243,0,243,--,380,137,224,243,243,Algún campo sin dato,1,caa2c6df65fc6c2ceeefabdfd66f8947dccb733347c207b8a8e73306c3408cdd,25/06/2023 22:52:29,ESCANER
11280,"Quetzaltenango",9,"Colomba",17,1514,380,2,95,79,3,0,3,16,5,3,3,209,8,1,218,0,218,--,380,162,209,218,218,Algún campo sin dato,1,ba7353d0bac564745af1e1f77cefb9a6640067c6aac758268d05d4ab8caa7831,25/06/2023 22:42:35,ESCANER
11281,"Quetzaltenango",9,"Colomba",17,1514,380,,,,,,,,,,,,,,,,,,,,,,,,0,,,
11282,"Quetzaltenango",9,"Colomba",17,1514,380,6,99,82,1,2,9,23,3,3,1,229,13,0,242,0,242,--,380,138,229,242,242,Algún campo sin dato,1,b2b4b556616a63746e74082a7d5e0d0bede7a5ddc83e977642098a6b28072bf3,25/06/2023 23:48:15,ESCANER
11283,"Quetzaltenango",9,"Colomba",17,1514,380,6,86,92,0,0,5,22,3,1,3,218,13,4,235,0,235,--,380,145,218,235,235,Algún campo sin dato,1,5f037946c82286050a03ca26eeda061d8a9dc127cd81caffc109ebaa31ceee8f,25/06/2023 23:42:48,ESCANER
11284,"Quetzaltenango",9,"Colomba",17,1514,380,,,,,,,,,,,,,,,,,,,,,,,,0,,,
11285,"Quetzaltenango",9,"Colomba",17,1514,380,2,78,96,0,1,6,11,7,3,4,208,16,4,228,0,228,--,380,152,208,228,228,Algún campo sin dato,1,ffd7152f91e3d8cc525bbe5a61df066f66e095e34b8c7082febb059cea89e210,25/06/2023 23:15:46,ESCANER
11286,"Quetzaltenango",9,"Colomba",17,1514,380,1,90,91,1,3,5,18,6,2,1,218,10,7,235,0,235,--,380,145,218,235,235,Algún campo sin dato,1,b3344b3c97e9fc77fe122343823fab5b0b864609f60fe5a7bd444a747f4c9d4a,25/06/2023 22:43:03,ESCANER
11287,"Quetzaltenango",9,"Colomba",17,1514,380,1,82,74,0,2,5,15,3,2,2,184,15,8,207,0,207,--,380,168,186,209,209,Sumas Asentadas sin cuadrar,1,4d52affa662e16457d12974aac4c189c665bc6185aaca9a0614105cc524f4042,26/06/2023 00:02:38,ESCANER
11288,"Quetzaltenango",9,"Colomba",17,1514,380,,,,,,,,,,,,,,,,,,,,,,,,0,,,
11289,"Quetzaltenango",9,"Colomba",17,1514,380,1,92,61,0,0,2,9,2,2,4,173,7,0,180,0,180,--,380,200,173,180,180,Algún campo sin dato,1,e820fc51ae4ec1a048a87bed80b3baa37c68cced74e70faee5845088445ff357,25/06/2023 23:21:43,ESCANER
11290,"Quetzaltenango",9,"Colomba",17,1514,380,1,116,93,0,1,4,10,3,3,3,234,0,1,235,0,235,--,380,145,234,235,235,Algún campo sin dato,1,084c39458c62d939d9cdd5817af06afcf1dd3eca13855defd1cbb47dd3ec0c29,25/06/2023 23:52:41,ESCANER
11291,"Quetzaltenango",9,"Colomba",17,1514,380,1,110,80,0,3,1,13,1,0,3,212,6,2,220,0,220,--,380,160,212,220,220,Algún campo sin dato,1,3d19848bdef570f67888dd07582a7c07a6c8efa87cb52ccfb08eb19b94afadfc,25/06/2023 23:17:59,ESCANER
11292,"Quetzaltenango",9,"Colomba",17,1514,256,0,56,56,0,0,2,8,0,0,2,124,4,1,129,0,129,--,256,127,124,129,129,Algún campo sin dato,1,277d13bc933a5e82d8dc530bbb9e9a61f81d53ae1a6b3ad183cd5846aafd444c,25/06/2023 21:45:57,ESCANER
11293,"Quetzaltenango",9,"Colomba",17,1514,256,1,57,47,1,1,1,9,1,2,1,121,6,1,128,0,128,--,256,128,121,128,128,Algún campo sin dato,1,9d2aca58a157df2928d5ed9a1520c9a0e8ab0e3dc088d8358102004429467afd,25/06/2023 21:11:41,ESCANER
11294,"Quetzaltenango",9,"Colomba",17,1515,380,,,,,,,,,,,,,,,,,,,,,,,,0,,,
11295,"Quetzaltenango",9,"Colomba",17,1515,380,2,84,36,0,2,9,6,23,1,3,166,26,10,202,0,202,--,380,178,166,202,202,Algún campo sin dato,1,0038e8c0e922f6a5882459723e2876976f086fe76292fa89d565bc6e775c4dae,25/06/2023 23:18:59,ESCANER
11296,"Quetzaltenango",9,"Colomba",17,1515,380,3,71,52,2,2,15,9,23,0,0,177,22,7,206,0,206,--,380,174,177,206,206,Algún campo sin dato,1,a31da611ff2c17ae45d27777e4b942e70c17575af402e6d18fecc86528c98303,25/06/2023 23:13:16,ESCANER
11297,"Quetzaltenango",9,"Colomba",17,1515,380,0,48,59,0,2,12,12,14,0,1,148,13,3,164,0,164,--,380,216,148,164,164,Algún campo sin dato,1,b9f879d05f9b610587d9db89ec5a04e7314edcb4293df92c81af7441560e1a4a,25/06/2023 22:25:22,ESCANER
11298,"Quetzaltenango",9,"Colomba",17,1515,380,0,53,55,0,1,12,14,19,0,0,154,14,5,173,0,173,--,380,207,154,173,173,Algún campo sin dato,1,28e7faf45d043a510fa1b8ec98f6cbc6d258c389039a5078130ff4c772571eb1,25/06/2023 23:00:44,ESCANER
11299,"Quetzaltenango",9,"Colomba",17,1515,380,4,59,46,0,0,11,14,6,0,0,140,16,5,161,0,161,--,380,219,140,161,161,Algún campo sin dato,1,6a2e4fdfdb7b1e9bdfcddfc60781d087cef7bdb54d6657497a209e82fe6ec244,25/06/2023 23:34:31,ESCANER
11300,"Quetzaltenango",9,"Colomba",17,1515,254,0,37,33,1,0,5,7,6,0,0,89,3,1,93,0,93,--,253,160,89,93,93,Algún campo sin dato,1,a033e8fc8f09fac7ff5d7a7dc5adafb637de010f004ca3e201e22f75574452a2,25/06/2023 21:34:21,ESCANER
11301,"Quetzaltenango",9,"Colomba",17,1515,254,0,25,28,0,0,4,3,6,0,0,66,10,2,78,0,78,--,254,176,66,78,78,Algún campo sin dato,1,a56f986b919c6016c6a0542b169b4a28096f8cde46bd9ad1c4c46a02feae2a6e,25/06/2023 21:39:11,ESCANER
11302,"Quetzaltenango",9,"Colomba",17,1516,380,1,91,72,3,3,2,2,19,2,2,197,21,8,226,0,226,--,380,154,197,226,226,Algún campo sin dato,1,7a1c8179bb685f513206c6d4653e267ab161830247f74b074ddc0b5423446754,25/06/2023 23:06:40,ESCANER
11303,"Quetzaltenango",9,"Colomba",17,1516,380,1,107,65,1,3,0,3,13,1,0,194,28,6,228,0,228,--,380,152,194,228,228,Algún campo sin dato,1,c310aadcc6149c058ccca0f6396bf313f6abe9ebe2202f6db4075fc66d994615,25/06/2023 23:51:15,ESCANER
11304,"Quetzaltenango",9,"Colomba",17,1516,380,1,101,44,1,2,0,3,13,0,1,166,27,5,198,0,198,--,380,182,166,198,198,Algún campo sin dato,1,95a0b31c8da6beafefddf381e89fda3f9fe0f02029c78d50d19707b3d265ed50,25/06/2023 22:26:09,ESCANER
11305,"Quetzaltenango",9,"Colomba",17,1516,380,0,92,59,1,3,3,1,21,1,1,182,23,6,211,0,211,--,380,169,182,211,211,Algún campo sin dato,1,d97f61a91e42e9b945456853c9e722da3121ad4f999132a7156d67ea0809e47b,26/06/2023 00:02:12,ESCANER
11306,"Quetzaltenango",9,"Colomba",17,1516,380,0,88,61,3,1,2,3,12,0,0,170,12,6,188,0,188,--,380,192,170,188,188,Algún campo sin dato,1,ebdc5dfa40f1001d717948fa1d4d8f8154f7a5fa72b025b07c2d98c6abaef16c,25/06/2023 23:21:03,ESCANER
11307,"Quetzaltenango",9,"Colomba",17,1516,380,0,80,61,4,4,2,2,12,2,2,169,9,7,185,0,185,--,380,195,169,185,185,Algún campo sin dato,1,c2168d53782e0d0ae57af22ef729901dda6550bcd772295daa629854913e94f6,25/06/2023 23:16:38,ESCANER
11308,"Quetzaltenango",9,"Colomba",17,1516,380,4,84,56,0,2,1,1,15,1,0,164,17,6,187,0,187,--,380,193,164,187,187,Algún campo sin dato,1,edaa9ef867f30629a3169e723614b012c67262ccdc77316707edea8cadb79804,25/06/2023 23:33:55,ESCANER
11309,"Quetzaltenango",9,"Colomba",17,1516,380,0,79,53,4,1,2,1,9,1,0,150,13,7,170,0,170,--,380,210,150,170,170,Algún campo sin dato,1,ef1acd0d33078499b56ed826ed22cb288bab4e46e1f6252adc2ec46883eacf77,25/06/2023 22:56:10,ESCANER
11310,"Quetzaltenango",9,"Colomba",17,1516,350,0,96,44,2,1,2,1,13,1,1,161,3,1,165,0,165,--,350,185,161,165,165,Algún campo sin dato,1,cac0337d7f5452f65bce9cdc22048d290f76c3753f7b0fd473c32caafa3c73a1,25/06/2023 22:33:48,ESCANER
11311,"Quetzaltenango",9,"Colomba",17,1516,350,1,75,39,3,0,1,0,9,0,0,128,3,1,132,0,132,--,350,218,128,132,132,Algún campo sin dato,1,f6f6a44a81f6e2e591eb4a09507d47df76e37f2cf715ab4310d94dd46b23e849,25/06/2023 23:45:08,ESCANER
11312,"Quetzaltenango",9,"Colomba",17,1517,380,1,61,93,2,1,0,10,14,0,1,183,30,5,218,0,218,--,380,162,183,218,218,Algún campo sin dato,1,169e301f7cbfcb5dbfe329ea6dc5cec34149215b545f74e8edb1d89f18a815b1,25/06/2023 23:13:25,ESCANER
11313,"Quetzaltenango",9,"Colomba",17,1517,380,1,66,85,6,3,1,6,10,0,0,178,18,2,198,0,198,--,380,182,178,198,198,Algún campo sin dato,1,d196f21388c3e1139b86eb81e94291dffab71b2dc0e805564e8520e8b39a7643,25/06/2023 22:42:37,ESCANER
11314,"Quetzaltenango",9,"Colomba",17,1517,380,1,59,94,5,0,0,5,12,0,1,177,21,4,202,0,202,--,380,178,177,202,202,Algún campo sin dato,1,42e742ea4476209bb67ccccc1179e61a57078be96fa599fb4d1a3d283e69a219,25/06/2023 22:09:08,ESCANER
11315,"Quetzaltenango",9,"Colomba",17,1517,380,0,44,79,7,2,0,4,13,0,0,149,16,4,169,0,169,--,380,211,149,169,169,Algún campo sin dato,1,19648f044824be89a040b002dfe3a0c8ca7457c8999d5ed2d4d929c302f7abfc,25/06/2023 23:27:16,ESCANER
11316,"Quetzaltenango",9,"Colomba",17,1517,208,1,32,53,5,0,0,2,7,1,0,101,2,0,103,0,103,--,208,105,101,103,103,Algún campo sin dato,1,7e61a30b802b7dee8a9026bb18f09b094c305be36aedb413b82c781bb4ee7ff7,25/06/2023 21:38:28,ESCANER
11317,"Quetzaltenango",9,"Colomba",17,1517,207,3,27,37,2,0,0,2,3,0,0,74,3,2,79,0,79,--,207,128,74,79,79,Algún campo sin dato,1,157b8897b98e699f6c43728f2de3bd958bba11978701c2734b1541a3d67231e8,25/06/2023 22:01:52,ESCANER
11318,"Quetzaltenango",9,"Colomba",17,1518,600,1,26,58,2,1,0,4,12,0,0,104,5,4,113,0,113,--,600,487,104,113,113,Algún campo sin dato,1,10c0733402713518519f62b87cf3bedb0a3a3d7db2568c783c22004dcc1ece88,25/06/2023 20:50:24,ESCANER
11319,"Quetzaltenango",9,"Colomba",17,1518,600,1,37,51,2,1,2,1,5,1,1,102,6,5,113,0,113,--,600,487,102,113,113,Algún campo sin dato,1,329be0b5e300879ce78c40c697f52427979b5d143d98d49fb646c376e4f2f077,25/06/2023 21:45:12,ESCANER
11320,"Quetzaltenango",9,"Colomba",17,1518,600,2,21,36,1,3,3,6,5,1,2,85,5,5,85,0,90,--,--,--,80,90,90,Sumas Asentadas sin cuadrar,1,1b4a7ed4cf6fea39e52841abd2887060e6d4cb6013ae78a3dc5fedef6c07214d,25/06/2023 21:35:39,ESCANER
11321,"Quetzaltenango",9,"Colomba",17,1518,600,1,30,38,0,1,0,1,5,0,1,77,6,2,85,0,85,--,600,515,77,85,85,Algún campo sin dato,1,dc4ab34e97793b6a220a5c7d7d684003a7f78899fdd6c52e8b00c3911f2ca770,25/06/2023 20:13:06,ESCANER
11322,"Quetzaltenango",9,"Colomba",17,1518,317,0,9,17,1,0,0,2,4,1,0,34,5,1,40,0,40,--,317,277,34,40,40,Algún campo sin dato,1,395ca517a758592a19dfd8bd02c3a3980e6696d252453bfc1b629de74b4c11aa,25/06/2023 20:18:54,ESCANER
11323,"Quetzaltenango",9,"Colomba",17,1518,316,0,8,11,1,0,0,1,1,0,0,22,2,0,24,0,24,--,316,292,22,24,24,Algún campo sin dato,1,5dfa0c42e3be53c41bd12206855804264a286b244cda8322db2b84d845f4050d,25/06/2023 20:33:20,ESCANER