﻿TIPO_DE_ELECCIÓN:,CORPORACIÓN MUNICIPAL
26 junio 2023 00:25 (UTC -6)
ACTAS_ESPERADAS,ACTAS_CAPTURADAS,PORCENTAJE_ACTAS_CAPTURADAS,ACTAS_CONTABILIZADAS,PORCENTAJE_ACTAS_CONTABILIZADAS,ACTAS_NO_CONTABILIZADAS,LISTA_NOMINAL_ACTAS_CONTABILIZADAS,VOTOS_EMITIDOS_CONTABILIZADAS,PORCENTAJE_PARTICIPACIÓN_CIUDADANA
41,9,21.9512,9,21.9512,0,3129,1843,58.9006

MESA,DEPARTAMENTO,ID_DEPARTAMENTO,MUNICIPIO,ID_MUNICIPIO,CENTRO_DE_VOTACIÓN,PADRÓN,VAMOS,CAMBIO,MILPA,CABAL,VALOR,ELEFANTE,TODOS,FCN-NACION,UNE,VÁLIDOS,NULOS,BLANCO,EMITIDOS,INVÁLIDOS,TOTAL,IMPUGNACIONES,PAPELETAS-RECIBIDAS,PAPELETAS-NO-USADAS,VALIDOS_CALCULADO,EMITIDOS_CALCULADO,TOTAL_CALCULADO,OBSERVACIONES,CONTABILIZADA,CÓDIGO_INTEGRIDAD,FECHA_HORA_PUBLICACIÓN,DIGITALIZACIÓN
24220,"Jutiapa",22,"Conguaco",13,3804,400,,,,,,,,,,,,,,,,,,,,,,,0,,,
24221,"Jutiapa",22,"Conguaco",13,3804,400,,,,,,,,,,,,,,,,,,,,,,,0,,,
24222,"Jutiapa",22,"Conguaco",13,3804,400,,,,,,,,,,,,,,,,,,,,,,,0,,,
24223,"Jutiapa",22,"Conguaco",13,3804,400,,,,,,,,,,,,,,,,,,,,,,,0,,,
24224,"Jutiapa",22,"Conguaco",13,3804,400,,,,,,,,,,,,,,,,,,,,,,,0,,,
24225,"Jutiapa",22,"Conguaco",13,3804,400,,,,,,,,,,,,,,,,,,,,,,,0,,,
24226,"Jutiapa",22,"Conguaco",13,3804,400,,,,,,,,,,,,,,,,,,,,,,,0,,,
24227,"Jutiapa",22,"Conguaco",13,3804,300,,,,,,,,,,,,,,,,,,,,,,,0,,,
24228,"Jutiapa",22,"Conguaco",13,3804,300,54,11,17,61,4,5,20,1,1,174,9,1,184,0,184,0,300,116,174,184,184,,1,afbe3588ddd0c8572ce48662fe45ae47d86cbee7faf6fe9ffe7211b18014cb92,26/06/2023 00:03:29,ESCANER
24229,"Jutiapa",22,"Conguaco",13,3805,400,,,,,,,,,,,,,,,,,,,,,,,0,,,
24230,"Jutiapa",22,"Conguaco",13,3805,400,,,,,,,,,,,,,,,,,,,,,,,0,,,
24231,"Jutiapa",22,"Conguaco",13,3805,377,,,,,,,,,,,,,,,,,,,,,,,0,,,
24232,"Jutiapa",22,"Conguaco",13,3805,377,,,,,,,,,,,,,,,,,,,,,,,0,,,
24233,"Jutiapa",22,"Conguaco",13,3806,400,79,18,24,71,8,7,53,0,14,274,35,8,317,0,317,0,400,83,274,317,317,,1,3c771ce97853a91c678d6eda5e7ef5a8fa396dda0316b7ad958ab4d2bc89a84f,26/06/2023 00:02:46,ESCANER
24234,"Jutiapa",22,"Conguaco",13,3807,400,,,,,,,,,,,,,,,,,,,,,,,0,,,
24235,"Jutiapa",22,"Conguaco",13,3807,400,,,,,,,,,,,,,,,,,,,,,,,0,,,
24236,"Jutiapa",22,"Conguaco",13,3808,258,65,5,10,59,4,4,27,0,0,174,7,1,182,0,182,0,258,76,174,182,182,,1,d54792949f352371109a75a165b59f8f00742c9e343a292784ce2c7f289f16de,25/06/2023 22:36:23,ESCANER
24237,"Jutiapa",22,"Conguaco",13,3808,257,44,13,15,56,2,3,26,0,3,162,4,0,166,0,166,0,257,91,162,166,166,,1,dd6c66944f19bb67e63a99f6f0c14b430937c17c64751f39d158d5e51aa27c81,25/06/2023 21:44:42,ESCANER
24238,"Jutiapa",22,"Conguaco",13,3809,380,,,,,,,,,,,,,,,,,,,,,,,0,,,
24239,"Jutiapa",22,"Conguaco",13,3809,380,,,,,,,,,,,,,,,,,,,,,,,0,,,
24240,"Jutiapa",22,"Conguaco",13,3809,380,,,,,,,,,,,,,,,,,,,,,,,0,,,
24241,"Jutiapa",22,"Conguaco",13,3809,380,,,,,,,,,,,,,,,,,,,,,,,0,,,
24242,"Jutiapa",22,"Conguaco",13,3809,380,,,,,,,,,,,,,,,,,,,,,,,0,,,
24243,"Jutiapa",22,"Conguaco",13,3809,380,,,,,,,,,,,,,,,,,,,,,,,0,,,
24244,"Jutiapa",22,"Conguaco",13,3809,380,,,,,,,,,,,,,,,,,,,,,,,0,,,
24245,"Jutiapa",22,"Conguaco",13,3809,380,,,,,,,,,,,,,,,,,,,,,,,0,,,
24246,"Jutiapa",22,"Conguaco",13,3809,380,,,,,,,,,,,,,,,,,,,,,,,0,,,
24247,"Jutiapa",22,"Conguaco",13,3809,380,,,,,,,,,,,,,,,,,,,,,,,0,,,
24248,"Jutiapa",22,"Conguaco",13,3809,380,,,,,,,,,,,,,,,,,,,,,,,0,,,
24249,"Jutiapa",22,"Conguaco",13,3809,380,,,,,,,,,,,,,,,,,,,,,,,0,,,
24250,"Jutiapa",22,"Conguaco",13,3809,380,,,,,,,,,,,,,,,,,,,,,,,0,,,
24251,"Jutiapa",22,"Conguaco",13,3810,380,93,16,4,80,5,2,22,0,3,225,6,7,238,0,238,0,380,142,225,238,238,,1,f9f4004cb0bd7d3cbc66c3f0da123f38cc21ec101dc988c854d459b65ea97bc6,26/06/2023 00:22:13,ESCANER
24252,"Jutiapa",22,"Conguaco",13,3810,380,,,,,,,,,,,,,,,,,,,,,,,0,,,
24253,"Jutiapa",22,"Conguaco",13,3810,380,,,,,,,,,,,,,,,,,,,,,,,0,,,
24254,"Jutiapa",22,"Conguaco",13,3810,380,72,8,4,104,0,2,29,0,2,221,1,3,225,0,225,0,380,155,221,225,225,,1,3abb2594aa885c0fcaadb7ed6be6b774ed7a9ccbc73e5fa2e680d123af4e45c6,26/06/2023 00:11:01,ESCANER
24255,"Jutiapa",22,"Conguaco",13,3810,380,,,,,,,,,,,,,,,,,,,,,,,0,,,
24256,"Jutiapa",22,"Conguaco",13,3810,380,103,12,1,92,5,2,41,2,1,259,6,1,266,0,266,0,380,114,259,266,266,,1,db4d66f291593bf934c4bf0d3a854590b26a04e4834431299b5663d4bb713832,26/06/2023 00:16:22,ESCANER
24257,"Jutiapa",22,"Conguaco",13,3810,380,,,,,,,,,,,,,,,,,,,,,,,0,,,
24258,"Jutiapa",22,"Conguaco",13,3811,376,,,,,,,,,,,,,,,,,,,,,,,0,,,
24259,"Jutiapa",22,"Conguaco",13,3811,375,68,9,2,84,2,0,22,0,1,188,3,3,194,0,194,0,375,181,188,194,194,,1,fee675724401c49b38ee4d016450f825c509bc5b9597ae0d8090870fb15d141f,25/06/2023 23:36:39,ESCANER
24260,"Jutiapa",22,"Conguaco",13,3812,399,21,4,3,28,0,2,9,0,2,69,1,1,71,0,71,0,396,325,69,71,71,,1,e14b68a317cf4e49ed3a69f64203824f8eeb4b85e717d67dcaf23d0027db9d0a,25/06/2023 22:04:56,ESCANER