﻿TIPO_DE_ELECCIÓN:,CORPORACIÓN MUNICIPAL
26 junio 2023 00:25 (UTC -6)
ACTAS_ESPERADAS,ACTAS_CAPTURADAS,PORCENTAJE_ACTAS_CAPTURADAS,ACTAS_CONTABILIZADAS,PORCENTAJE_ACTAS_CONTABILIZADAS,ACTAS_NO_CONTABILIZADAS,LISTA_NOMINAL_ACTAS_CONTABILIZADAS,VOTOS_EMITIDOS_CONTABILIZADAS,PORCENTAJE_PARTICIPACIÓN_CIUDADANA
14,5,35.7142,5,35.7142,0,1724,1098,63.6890

MESA,DEPARTAMENTO,ID_DEPARTAMENTO,MUNICIPIO,ID_MUNICIPIO,CENTRO_DE_VOTACIÓN,PADRÓN,CABAL,UNE,PIN,VAMOS,AZUL,VOS,VICTORIA,VIVA,MI FAMILIA,TODOS,VALOR UNIONISTA,VÁLIDOS,NULOS,BLANCO,EMITIDOS,INVÁLIDOS,TOTAL,IMPUGNACIONES,PAPELETAS-RECIBIDAS,PAPELETAS-NO-USADAS,VALIDOS_CALCULADO,EMITIDOS_CALCULADO,TOTAL_CALCULADO,OBSERVACIONES,CONTABILIZADA,CÓDIGO_INTEGRIDAD,FECHA_HORA_PUBLICACIÓN,DIGITALIZACIÓN
5622,"Sacatepéquez",2,"San Bartolomé Milpas Altas",7,580,400,64,13,43,50,12,19,3,13,11,1,30,259,19,1,279,1,280,0,400,120,259,279,280,,1,470e4416955bb66bb74385c178d80253482b65ec83481c2eb07dce93cf29f4d1,26/06/2023 00:24:25,ESCANER
5623,"Sacatepéquez",2,"San Bartolomé Milpas Altas",7,580,400,,,,,,,,,,,,,,,,,,,,,,,,,0,,,
5624,"Sacatepéquez",2,"San Bartolomé Milpas Altas",7,580,400,,,,,,,,,,,,,,,,,,,,,,,,,0,,,
5625,"Sacatepéquez",2,"San Bartolomé Milpas Altas",7,580,400,,,,,,,,,,,,,,,,,,,,,,,,,0,,,
5626,"Sacatepéquez",2,"San Bartolomé Milpas Altas",7,580,400,63,12,54,48,15,17,0,21,4,0,28,262,6,0,268,0,268,0,400,132,262,268,268,,1,3ff9700245ffa62865c5955e929a0fc8d7cef91ef1e0ba1527f2a4bb16c5768c,26/06/2023 00:18:32,ESCANER
5627,"Sacatepéquez",2,"San Bartolomé Milpas Altas",7,580,400,,,,,,,,,,,,,,,,,,,,,,,,,0,,,
5628,"Sacatepéquez",2,"San Bartolomé Milpas Altas",7,580,400,,,,,,,,,,,,,,,,,,,,,,,,,0,,,
5629,"Sacatepéquez",2,"San Bartolomé Milpas Altas",7,580,400,,,,,,,,,,,,,,,,,,,,,,,,,0,,,
5630,"Sacatepéquez",2,"San Bartolomé Milpas Altas",7,580,400,,,,,,,,,,,,,,,,,,,,,,,,,0,,,
5631,"Sacatepéquez",2,"San Bartolomé Milpas Altas",7,580,400,,,,,,,,,,,,,,,,,,,,,,,,,0,,,
5632,"Sacatepéquez",2,"San Bartolomé Milpas Altas",7,580,400,,,,,,,,,,,,,,,,,,,,,,,,,0,,,
5633,"Sacatepéquez",2,"San Bartolomé Milpas Altas",7,580,351,56,4,59,25,6,31,2,17,5,3,15,223,11,0,234,0,234,0,351,117,223,234,234,,1,f7457dd1828d6c547802eed8b8e91bf136c35d0e47fd083b9c74f9817b304868,25/06/2023 23:35:09,ESCANER
5634,"Sacatepéquez",2,"San Bartolomé Milpas Altas",7,580,350,65,5,33,30,6,26,0,21,7,1,14,208,5,1,214,0,214,0,350,136,208,214,214,,1,1aa7743111a0f71e90d726f8d5a48ea36275c062f66ef81e26c097f734426fce,26/06/2023 00:04:28,ESCANER
5635,"Sacatepéquez",2,"San Bartolomé Milpas Altas",7,581,223,29,6,11,15,2,6,1,9,7,0,10,96,5,2,103,0,103,0,223,120,96,103,103,,1,939b2c8b75f7cb206b736317ce154c8f43d138bfae3d53e16607e588d098c62c,25/06/2023 22:40:29,ESCANER