﻿TIPO_DE_ELECCIÓN:,CORPORACIÓN MUNICIPAL
26 junio 2023 00:25 (UTC -6)
ACTAS_ESPERADAS,ACTAS_CAPTURADAS,PORCENTAJE_ACTAS_CAPTURADAS,ACTAS_CONTABILIZADAS,PORCENTAJE_ACTAS_CONTABILIZADAS,ACTAS_NO_CONTABILIZADAS,LISTA_NOMINAL_ACTAS_CONTABILIZADAS,VOTOS_EMITIDOS_CONTABILIZADAS,PORCENTAJE_PARTICIPACIÓN_CIUDADANA
106,57,53.7735,57,53.7735,0,20809,13687,65.7744

MESA,DEPARTAMENTO,ID_DEPARTAMENTO,MUNICIPIO,ID_MUNICIPIO,CENTRO_DE_VOTACIÓN,PADRÓN,VAMOS,TODOS,UNE,VALOR,CABAL,VIVA,UR,ELEFANTE,VOS,MLP,VICTORIA,PODEMOS,PPN,CAMBIO,PHG,VÁLIDOS,NULOS,BLANCO,EMITIDOS,INVÁLIDOS,TOTAL,IMPUGNACIONES,PAPELETAS-RECIBIDAS,PAPELETAS-NO-USADAS,VALIDOS_CALCULADO,EMITIDOS_CALCULADO,TOTAL_CALCULADO,OBSERVACIONES,CONTABILIZADA,CÓDIGO_INTEGRIDAD,FECHA_HORA_PUBLICACIÓN,DIGITALIZACIÓN
21525,"Izabal",18,"El Estor",3,3343,400,,,,,,,,,,,,,,,,,,,,,,,,,,,,,0,,,
21526,"Izabal",18,"El Estor",3,3343,400,49,9,59,2,95,5,0,1,3,5,1,0,9,4,0,242,13,4,259,0,259,--,400,141,242,259,259,Algún campo sin dato,1,d6ee4ecd7f0a46b140821598ea81293f7141f7800217e204e34bad13fc984710,25/06/2023 21:51:44,ESCANER
21527,"Izabal",18,"El Estor",3,3343,400,54,8,68,8,82,8,0,2,2,4,0,0,0,4,1,241,14,2,257,0,257,--,400,143,241,257,257,Algún campo sin dato,1,f90ac8cccbb539f3120d2b7f5d5e390b1f52bc04694412d8cc6e0bce92a34d9b,25/06/2023 23:43:31,ESCANER
21528,"Izabal",18,"El Estor",3,3343,400,,,,,,,,,,,,,,,,,,,,,,,,,,,,,0,,,
21529,"Izabal",18,"El Estor",3,3343,400,65,2,70,2,99,6,2,1,1,5,0,2,1,2,1,259,16,1,276,0,276,--,400,124,259,276,276,Algún campo sin dato,1,8970c0a41e8187ea93ea0ce23830c249fc463ea03ea2cf6f77517284c15830cc,25/06/2023 22:43:10,ESCANER
21530,"Izabal",18,"El Estor",3,3343,400,76,3,79,6,91,2,0,0,1,6,2,1,1,5,0,273,19,3,295,0,295,--,400,105,273,295,295,Algún campo sin dato,1,3208bd0e2f55aa280f45e41f45e8f9d5828963d65f1bf8d4a67e40e608da2b25,25/06/2023 21:31:54,ESCANER
21531,"Izabal",18,"El Estor",3,3343,400,80,8,78,1,101,2,0,0,1,5,1,0,1,2,2,282,13,2,297,0,297,--,400,103,282,297,297,Algún campo sin dato,1,5732caa690a0ce6b56aac8cb12bc6404666e30eb0199f5796a2ac5c046819b29,25/06/2023 23:58:00,ESCANER
21532,"Izabal",18,"El Estor",3,3343,400,59,8,58,7,90,8,0,1,1,4,0,3,1,0,1,241,11,2,254,0,254,--,400,146,241,254,254,Algún campo sin dato,1,fbd76835430802d79119f5c5a8569cab6cb8a7fd986b0a7142737b06c75aca5a,26/06/2023 00:04:22,ESCANER
21533,"Izabal",18,"El Estor",3,3343,400,,,,,,,,,,,,,,,,,,,,,,,,,,,,,0,,,
21534,"Izabal",18,"El Estor",3,3343,400,,,,,,,,,,,,,,,,,,,,,,,,,,,,,0,,,
21535,"Izabal",18,"El Estor",3,3344,400,,,,,,,,,,,,,,,,,,,,,,,,,,,,,0,,,
21536,"Izabal",18,"El Estor",3,3344,400,44,1,51,10,102,3,0,0,1,2,0,1,2,4,1,222,16,1,239,0,239,1,397,157,222,239,239,,1,20a7f0a9bed6ebe18c4906866f004c6e38cb4d7975dcb331bd081c3cb7198eaa,26/06/2023 00:23:40,ESCANER
21537,"Izabal",18,"El Estor",3,3344,400,,,,,,,,,,,,,,,,,,,,,,,,,,,,,0,,,
21538,"Izabal",18,"El Estor",3,3344,400,,,,,,,,,,,,,,,,,,,,,,,,,,,,,0,,,
21539,"Izabal",18,"El Estor",3,3344,400,,,,,,,,,,,,,,,,,,,,,,,,,,,,,0,,,
21540,"Izabal",18,"El Estor",3,3344,400,,,,,,,,,,,,,,,,,,,,,,,,,,,,,0,,,
21541,"Izabal",18,"El Estor",3,3344,400,,,,,,,,,,,,,,,,,,,,,,,,,,,,,0,,,
21542,"Izabal",18,"El Estor",3,3344,400,,,,,,,,,,,,,,,,,,,,,,,,,,,,,0,,,
21543,"Izabal",18,"El Estor",3,3344,400,,,,,,,,,,,,,,,,,,,,,,,,,,,,,0,,,
21544,"Izabal",18,"El Estor",3,3344,400,64,4,78,7,92,4,1,0,2,1,1,0,1,1,0,256,19,3,278,0,278,--,400,122,256,278,278,Algún campo sin dato,1,8d816f44c934eae22cff1981482ea7da1ad38dcdbec418d9f8c8ed7c2819899f,25/06/2023 23:54:00,ESCANER
21545,"Izabal",18,"El Estor",3,3344,400,,,,,,,,,,,,,,,,,,,,,,,,,,,,,0,,,
21546,"Izabal",18,"El Estor",3,3344,400,68,8,62,7,72,4,0,0,3,2,1,2,0,5,2,236,19,3,258,0,258,--,400,142,236,258,258,Algún campo sin dato,1,469761483c6bf39c4a77f8b4194de2448f504b1dd0cc5f8fa5940820a734e0f7,25/06/2023 23:44:48,ESCANER
21547,"Izabal",18,"El Estor",3,3344,400,69,13,50,0,89,3,2,0,2,2,1,0,0,3,1,235,14,8,255,0,255,--,400,145,235,257,257,Sumas Asentadas sin cuadrar,1,25d71e0aaf513e2977f0ca86db9b5ec1470a91555c9322e8e9462346d9e4a6ea,25/06/2023 23:03:44,ESCANER
21548,"Izabal",18,"El Estor",3,3344,400,72,9,59,3,74,2,0,0,0,1,0,0,3,2,1,226,19,3,248,0,248,--,400,152,226,248,248,Algún campo sin dato,1,2647bc1d9d96c40b9caeb374e2d23c8923074f43913e27ac5ff3f49ef319d354,26/06/2023 00:02:31,ESCANER
21549,"Izabal",18,"El Estor",3,3344,400,55,13,64,7,80,3,3,0,2,3,0,0,2,3,0,235,14,1,250,0,250,--,400,150,235,250,250,Algún campo sin dato,1,043dd7d8dc5f607319923ff7cdd9e77d4daceb63056a72c83bd815ac825f91e8,25/06/2023 23:41:04,ESCANER
21550,"Izabal",18,"El Estor",3,3344,400,55,8,60,1,106,3,0,0,1,2,2,0,1,2,1,242,7,0,249,0,249,--,400,151,242,249,249,Algún campo sin dato,1,0cc6f548e6c89bf88db573d129be72721cf178c9ce4b6358cc2df6d6d8750c0d,25/06/2023 23:35:03,ESCANER
21551,"Izabal",18,"El Estor",3,3344,400,60,4,51,3,86,5,0,0,2,3,0,0,2,5,0,221,10,1,232,0,232,--,400,168,221,232,232,Algún campo sin dato,1,58f895d962938099bd702e79663ddb34609b5b97dc85a264b703a69f6c242614,25/06/2023 20:30:56,ESCANER
21552,"Izabal",18,"El Estor",3,3344,400,49,8,50,1,91,5,0,0,2,2,0,1,0,5,1,215,16,1,232,0,232,--,400,168,215,232,232,Algún campo sin dato,1,735e7fd3dd7f990fc991ebae28710c430476c2fc01f275312096871694b58f33,25/06/2023 23:09:32,ESCANER
21553,"Izabal",18,"El Estor",3,3344,400,61,1,54,2,61,0,0,0,0,2,0,0,0,3,1,185,7,1,193,--,--,--,400,207,185,193,193,Algún campo sin dato,1,69be9d4566b83dfb23d9723d8422d235b10ada9e233a13fb3be679310f0d43d5,25/06/2023 22:07:47,ESCANER
21554,"Izabal",18,"El Estor",3,3344,400,,,,,,,,,,,,,,,,,,,,,,,,,,,,,0,,,
21555,"Izabal",18,"El Estor",3,3344,400,,,,,,,,,,,,,,,,,,,,,,,,,,,,,0,,,
21556,"Izabal",18,"El Estor",3,3344,400,70,1,61,2,77,1,0,1,0,0,0,2,2,3,1,221,7,1,229,0,229,--,400,171,221,229,229,Algún campo sin dato,1,a6f237e245dfd8964dbe2bf502ab6cdb5c13d4c9a113561bb4b5996393a9d8d3,25/06/2023 22:54:23,ESCANER
21557,"Izabal",18,"El Estor",3,3344,400,64,2,66,2,76,0,0,0,0,1,0,0,3,3,3,220,3,2,225,0,225,--,400,175,220,225,225,Algún campo sin dato,1,45d9130b1c2532f756bcea1f07930976f61b9b7e58c88ff7c8ba362b9ede5e6e,25/06/2023 23:34:48,ESCANER
21558,"Izabal",18,"El Estor",3,3345,400,62,3,56,1,70,5,0,0,1,0,0,1,4,2,0,205,5,0,210,0,210,--,400,190,205,210,210,Algún campo sin dato,1,0ccdbd3de54eaae28dd0375f950bdc7c2d0c5ee1dd211a8b9ffd405bcc914071,25/06/2023 22:33:25,ESCANER
21559,"Izabal",18,"El Estor",3,3345,218,30,5,31,3,41,4,0,0,0,1,0,1,0,0,0,116,14,2,132,0,132,--,219,87,116,132,132,Algún campo sin dato,1,86b8e1b117191033f31c815f41c561cb5f04e30d4c2806b0bb460420248662a3,25/06/2023 21:53:06,ESCANER
21560,"Izabal",18,"El Estor",3,3345,218,24,1,38,1,28,2,0,0,0,1,0,0,2,1,0,98,14,2,114,0,114,--,219,105,98,114,114,Algún campo sin dato,1,8d5a84dfc0a36ec0a874cf4c7eda3b71b91506b2dde4ab75d3396cbdf73786db,25/06/2023 23:27:50,ESCANER
21561,"Izabal",18,"El Estor",3,3346,400,,,,,,,,,,,,,,,,,,,,,,,,,,,,,0,,,
21562,"Izabal",18,"El Estor",3,3346,400,85,5,40,2,19,2,1,0,1,1,0,0,4,29,1,190,21,8,219,0,0,--,402,183,190,219,219,Algún campo sin dato,1,f1f21954d855315c7c3eec71a59e6b38a948d5970050183626dc0615f924fe18,25/06/2023 23:45:19,ESCANER
21563,"Izabal",18,"El Estor",3,3346,263,43,1,30,0,19,1,0,0,1,2,0,0,0,16,0,113,10,3,126,0,126,--,263,137,113,126,126,Algún campo sin dato,1,8705fb7bf1a96b0f2460dea89c51221ad904fce2bafc2b09d6027db4da4ce3cf,25/06/2023 21:12:25,ESCANER
21564,"Izabal",18,"El Estor",3,3346,263,49,0,31,0,11,1,0,0,0,1,0,0,2,14,0,109,6,0,115,0,115,--,263,148,109,115,115,Algún campo sin dato,1,34e157f1a55772c089eef458e7fe04d6048c7b4f107d8c48e447450952df5a97,25/06/2023 22:31:02,ESCANER
21565,"Izabal",18,"El Estor",3,3347,400,,,,,,,,,,,,,,,,,,,,,,,,,,,,,0,,,
21566,"Izabal",18,"El Estor",3,3347,400,104,6,92,2,44,12,0,0,1,1,0,0,9,7,1,279,9,0,288,0,288,--,400,112,279,288,288,Algún campo sin dato,1,34586f3ea5a74fcb80c232f557518771afed35678c63c3cccb8e7a7c4419f088,26/06/2023 00:07:21,ESCANER
21567,"Izabal",18,"El Estor",3,3347,400,111,2,78,1,37,21,0,0,1,2,0,0,4,1,0,258,13,2,273,0,273,--,397,124,258,273,273,Algún campo sin dato,1,f8f05cf838b3a060a3a257ec5eac1abc44bef1f03ed63e2f272f2935cc30563f,25/06/2023 23:37:52,ESCANER
21568,"Izabal",18,"El Estor",3,3347,400,102,2,84,0,42,42,0,0,1,3,0,0,5,1,0,282,10,5,297,0,297,--,400,103,282,297,297,Algún campo sin dato,1,d3a74c40bda62ec9eccdb7da1ab3bd2a8e484f49f8c9a98b54dec56ab57fa25d,25/06/2023 23:21:45,ESCANER
21569,"Izabal",18,"El Estor",3,3347,400,94,4,79,3,47,34,2,0,0,1,0,0,12,2,0,278,16,2,296,0,296,--,400,104,278,296,296,Algún campo sin dato,1,37edf686601ec9b5228fb49a55ec9615d1ba987a5dcb33ffea1c0d2f514290e7,25/06/2023 23:14:05,ESCANER
21570,"Izabal",18,"El Estor",3,3347,400,112,3,82,0,42,19,--,--,1,2,--,--,6,1,1,269,9,0,278,0,278,--,399,121,269,278,278,Algún campo sin dato,1,45835be7a1eeec774f23589e9f9a9462c409a01c23b142843d996eb2bfa49fe9,25/06/2023 23:51:09,ESCANER
21571,"Izabal",18,"El Estor",3,3347,400,82,1,96,2,39,26,0,0,2,4,0,0,9,5,0,266,1,2,269,0,269,--,400,131,266,269,269,Algún campo sin dato,1,986dff646445bba3f525529bbf098650068fa6cf4524eb9fb73ef6e3e973a0f1,25/06/2023 22:41:12,ESCANER
21572,"Izabal",18,"El Estor",3,3347,228,77,3,58,0,10,6,0,0,0,0,0,0,1,0,0,155,2,0,157,0,157,--,228,71,155,157,157,Algún campo sin dato,1,be0e5810f1aaba0e6150846d1a178598810b3602add03c09a7159ed28a68928c,25/06/2023 21:09:26,ESCANER
21573,"Izabal",18,"El Estor",3,3347,227,55,0,41,0,14,16,0,0,0,1,0,0,5,2,0,134,9,0,143,0,143,--,227,84,134,143,143,Algún campo sin dato,1,cac19ca751991d50e8b3c2a6b851380a5c49f0319d49a1662c39d961b2669907,25/06/2023 22:08:41,ESCANER
21574,"Izabal",18,"El Estor",3,3348,380,101,10,134,2,21,2,1,1,0,9,0,0,0,4,0,285,4,1,290,0,290,--,380,90,285,290,290,Algún campo sin dato,1,2ba6b8eebea89225df8a11e87400ed71f592a449626ddf40a4a2971237cb2069,26/06/2023 00:22:26,ESCANER
21575,"Izabal",18,"El Estor",3,3348,380,,,,,,,,,,,,,,,,,,,,,,,,,,,,,0,,,
21576,"Izabal",18,"El Estor",3,3348,380,123,3,119,2,28,1,0,2,0,4,0,0,0,1,0,283,15,4,302,0,302,--,376,74,283,302,302,Algún campo sin dato,1,0705e2b08af5a0ec2b552df9632e517058fd701aa07e5d0133a1ecdc1fec4270,26/06/2023 00:06:18,ESCANER
21577,"Izabal",18,"El Estor",3,3348,380,128,3,119,0,18,1,0,1,0,10,0,0,0,3,0,283,1,0,284,2,286,--,380,94,283,284,286,Algún campo sin dato,1,6558224ee95016f262795646966009d2279034a5706c6bb4945763c9aa69da59,25/06/2023 23:41:47,ESCANER
21578,"Izabal",18,"El Estor",3,3348,241,63,0,83,1,22,1,0,1,0,0,0,0,0,3,0,174,2,0,176,0,176,1,241,65,174,176,176,,1,35b7abf65ba546a30500ac1ef33169555cc2c50d84b5ade2f2435d538b4950d3,25/06/2023 23:03:01,ESCANER
21579,"Izabal",18,"El Estor",3,3348,241,87,1,85,1,12,0,0,0,0,0,0,0,0,2,0,188,5,1,194,1,195,--,241,46,188,194,195,Algún campo sin dato,1,5a7a663bf479c4f70fc22a1d76344afb87d46ae3352c65e857688438d17bd1f5,25/06/2023 23:09:16,ESCANER
21580,"Izabal",18,"El Estor",3,3349,380,,,,,,,,,,,,,,,,,,,,,,,,,,,,,0,,,
21581,"Izabal",18,"El Estor",3,3349,380,,,,,,,,,,,,,,,,,,,,,,,,,,,,,0,,,
21582,"Izabal",18,"El Estor",3,3349,380,,,,,,,,,,,,,,,,,,,,,,,,,,,,,0,,,
21583,"Izabal",18,"El Estor",3,3349,380,,,,,,,,,,,,,,,,,,,,,,,,,,,,,0,,,
21584,"Izabal",18,"El Estor",3,3349,380,,,,,,,,,,,,,,,,,,,,,,,,,,,,,0,,,
21585,"Izabal",18,"El Estor",3,3349,380,,,,,,,,,,,,,,,,,,,,,,,,,,,,,0,,,
21586,"Izabal",18,"El Estor",3,3349,380,,,,,,,,,,,,,,,,,,,,,,,,,,,,,0,,,
21587,"Izabal",18,"El Estor",3,3349,380,,,,,,,,,,,,,,,,,,,,,,,,,,,,,0,,,
21588,"Izabal",18,"El Estor",3,3349,380,171,0,74,1,12,6,0,0,3,1,0,0,1,2,0,271,1,0,272,0,272,--,380,108,271,272,272,Algún campo sin dato,1,3e0fa885c4c92bc402ddd3ff5688ab0e935c068edc9c2a025681f6eb1a12fea6,26/06/2023 00:01:31,ESCANER
21589,"Izabal",18,"El Estor",3,3349,352,,,,,,,,,,,,,,,,,,,,,,,,,,,,,0,,,
21590,"Izabal",18,"El Estor",3,3349,352,128,0,75,4,9,3,0,0,3,1,2,0,0,3,0,228,1,0,229,0,229,--,352,123,228,229,229,Algún campo sin dato,1,f2bd93613721d5490a7900cd9e54b14f3204653e3d17942683df01378e84b344,26/06/2023 00:16:48,ESCANER
21591,"Izabal",18,"El Estor",3,3350,380,,,,,,,,,,,,,,,,,,,,,,,,,,,,,0,,,
21592,"Izabal",18,"El Estor",3,3350,380,,,,,,,,,,,,,,,,,,,,,,,,,,,,,0,,,
21593,"Izabal",18,"El Estor",3,3350,380,49,1,90,4,53,3,0,0,3,7,0,0,18,7,0,235,11,1,247,0,247,--,380,133,235,247,247,Algún campo sin dato,1,2e5be76dfd8d0d66187ad0371f2d2c6f81ae92cbde494876afb1a9455945b047,26/06/2023 00:20:20,ESCANER
21594,"Izabal",18,"El Estor",3,3350,380,,,,,,,,,,,,,,,,,,,,,,,,,,,,,0,,,
21595,"Izabal",18,"El Estor",3,3350,380,49,4,69,9,45,0,1,0,0,9,0,0,43,1,0,230,28,4,262,0,262,--,380,118,230,262,262,Algún campo sin dato,1,aa2739ab6b9e07228e0d864edd6b0a225c41d31dbf686cc75a10293b12987a07,25/06/2023 23:53:04,ESCANER
21596,"Izabal",18,"El Estor",3,3350,380,49,3,79,5,40,2,1,3,1,10,0,0,20,2,0,215,21,3,239,0,239,--,380,141,215,239,239,Algún campo sin dato,1,8bd1b8d2e79563732ea0c9d2883bedb5a806c837435d36ec6824335b325ce032,26/06/2023 00:07:54,ESCANER
21597,"Izabal",18,"El Estor",3,3350,380,59,2,60,5,34,2,0,1,0,6,0,1,10,16,0,196,14,3,213,0,213,--,380,167,196,213,213,Algún campo sin dato,1,5cb48a3211574faea6aff1fdd7a2b49ba5280bf4f4f004554f4085ce9721f438,25/06/2023 23:25:44,ESCANER
21598,"Izabal",18,"El Estor",3,3351,380,55,0,82,9,30,0,0,2,1,3,0,0,19,3,0,204,9,0,213,0,213,--,380,167,204,213,213,Algún campo sin dato,1,f89528b16054f776e22ce55b6bb7f3221b374c5a52655473f65e0e1fc2d842a1,26/06/2023 00:01:56,ESCANER
21599,"Izabal",18,"El Estor",3,3351,204,28,1,30,9,17,3,0,0,0,5,0,0,9,7,0,109,5,2,116,86,202,--,202,86,109,116,202,Algún campo sin dato,1,85a8efd9fc02875fe723e0ebcc375b7b4769248d75b6937e4de440b7a16fe0f7,25/06/2023 22:47:26,ESCANER
21600,"Izabal",18,"El Estor",3,3351,204,20,1,37,3,19,3,1,0,0,2,0,0,10,0,0,96,13,4,113,0,113,--,204,91,96,113,113,Algún campo sin dato,1,f2cba6072d41bad4bc8b38feb52b662fb96ffb9134a6057cf677a954583ea321,25/06/2023 22:34:55,ESCANER
21601,"Izabal",18,"El Estor",3,3352,380,142,0,127,8,10,3,0,0,0,7,0,0,1,0,0,298,8,2,308,0,308,--,380,72,298,308,308,Algún campo sin dato,1,8fc3a8a1a7829d2f1446a15e34ec280f0ae592060775ac51b8c212e8ec2e3da5,25/06/2023 20:25:55,ESCANER
21602,"Izabal",18,"El Estor",3,3352,380,,,,,,,,,,,,,,,,,,,,,,,,,,,,,0,,,
21603,"Izabal",18,"El Estor",3,3352,380,146,0,144,14,9,1,0,0,0,2,0,0,2,4,0,322,2,2,326,0,326,--,380,54,322,326,326,Algún campo sin dato,1,9dc6b5a17c96dcd0b7a47f32961b60b7a2462836016f048d4578bd0b565924a8,25/06/2023 23:11:30,ESCANER
21604,"Izabal",18,"El Estor",3,3352,380,150,1,140,23,8,0,0,0,0,3,0,0,0,1,0,326,5,3,334,0,334,--,380,46,326,334,334,Algún campo sin dato,1,5818d4a06ce83a10654b3f6d49bc7be74001e32755fcb4dd6080300be570da02,25/06/2023 21:44:51,ESCANER
21605,"Izabal",18,"El Estor",3,3353,380,128,1,134,22,14,0,1,1,0,1,0,0,0,0,0,302,10,3,315,0,315,--,380,65,302,315,315,Algún campo sin dato,1,fd78de195a6c3f042f990e6848fb44aba9c1bba16a5bb0306fc9c30987a02ef9,25/06/2023 23:03:37,ESCANER
21606,"Izabal",18,"El Estor",3,3353,380,141,1,123,15,5,0,0,0,1,4,0,0,1,0,0,291,3,1,295,0,295,--,380,85,291,295,295,Algún campo sin dato,1,9cca08c5675c1964972daa7dfc0276bed7b516e3efcfdc75da962959804e1ea2,25/06/2023 23:26:25,ESCANER
21607,"Izabal",18,"El Estor",3,3353,364,114,1,152,3,19,0,0,0,1,2,0,0,0,1,0,293,1,1,295,0,295,--,364,69,293,295,295,Algún campo sin dato,1,7fd706235f749a801e55d3cf33b66b6d65321e9005e6e9f0f1ad7d494c73febe,26/06/2023 00:18:55,ESCANER
21608,"Izabal",18,"El Estor",3,3353,363,,,,,,,,,,,,,,,,,,,,,,,,,,,,,0,,,
21609,"Izabal",18,"El Estor",3,3354,380,,,,,,,,,,,,,,,,,,,,,,,,,,,,,0,,,
21610,"Izabal",18,"El Estor",3,3354,380,,,,,,,,,,,,,,,,,,,,,,,,,,,,,0,,,
21611,"Izabal",18,"El Estor",3,3354,380,,,,,,,,,,,,,,,,,,,,,,,,,,,,,0,,,
21612,"Izabal",18,"El Estor",3,3354,380,,,,,,,,,,,,,,,,,,,,,,,,,,,,,0,,,
21613,"Izabal",18,"El Estor",3,3354,380,,,,,,,,,,,,,,,,,,,,,,,,,,,,,0,,,
21614,"Izabal",18,"El Estor",3,3354,380,,,,,,,,,,,,,,,,,,,,,,,,,,,,,0,,,
21615,"Izabal",18,"El Estor",3,3354,285,,,,,,,,,,,,,,,,,,,,,,,,,,,,,0,,,
21616,"Izabal",18,"El Estor",3,3354,285,,,,,,,,,,,,,,,,,,,,,,,,,,,,,0,,,
21617,"Izabal",18,"El Estor",3,3355,380,,,,,,,,,,,,,,,,,,,,,,,,,,,,,0,,,
21618,"Izabal",18,"El Estor",3,3355,380,,,,,,,,,,,,,,,,,,,,,,,,,,,,,0,,,
21619,"Izabal",18,"El Estor",3,3355,380,104,23,141,4,13,1,0,1,1,6,1,0,0,4,0,299,10,4,313,0,313,--,380,67,299,313,313,Algún campo sin dato,1,ba57bc7316919706c9e409b90cd39044d846406b471e3e87af0d5ad38e1a92c5,25/06/2023 23:21:54,ESCANER
21620,"Izabal",18,"El Estor",3,3355,380,,,,,,,,,,,,,,,,,,,,,,,,,,,,,0,,,
21621,"Izabal",18,"El Estor",3,3355,380,,,,,,,,,,,,,,,,,,,,,,,,,,,,,0,,,
21622,"Izabal",18,"El Estor",3,3355,380,,,,,,,,,,,,,,,,,,,,,,,,,,,,,0,,,
21623,"Izabal",18,"El Estor",3,3355,380,,,,,,,,,,,,,,,,,,,,,,,,,,,,,0,,,
21624,"Izabal",18,"El Estor",3,3355,380,,,,,,,,,,,,,,,,,,,,,,,,,,,,,0,,,
21625,"Izabal",18,"El Estor",3,3355,380,99,23,136,1,19,4,0,2,0,1,0,0,0,2,1,288,8,2,298,0,298,--,380,82,288,298,298,Algún campo sin dato,1,237350bf7e516edfe89347e07c5142460259e998f12c97885a3fb3b14f841f03,26/06/2023 00:01:58,ESCANER
21626,"Izabal",18,"El Estor",3,3355,380,83,15,126,0,15,0,0,0,0,0,0,0,0,2,1,242,2,1,245,0,245,--,380,135,242,245,245,Algún campo sin dato,1,9cc5a0e297026352f6e5b151ceab2ce3a2964479e707228d441bedc49db64906,25/06/2023 23:28:13,ESCANER
21627,"Izabal",18,"El Estor",3,3355,380,,,,,,,,,,,,,,,,,,,,,,,,,,,,,0,,,
21628,"Izabal",18,"El Estor",3,3355,333,,,,,,,,,,,,,,,,,,,,,,,,,,,,,0,,,
21629,"Izabal",18,"El Estor",3,3355,332,79,11,130,1,14,1,1,0,0,1,1,0,0,3,0,242,1,0,243,0,243,--,332,89,242,243,243,Algún campo sin dato,1,c12d9a7fa070a43484776e567f19f44888f8a484fa730a85d38ed85cb6635414,25/06/2023 22:19:16,ESCANER
21630,"Izabal",18,"El Estor",3,3356,594,40,0,24,3,31,2,1,0,2,3,0,2,1,2,0,111,7,2,120,0,120,--,591,471,111,120,120,Algún campo sin dato,1,d378500d4bd367ea4e3aac8571f830a11e4cb70656c794ae7df489be4ef73697,25/06/2023 23:01:24,ESCANER