﻿TIPO_DE_ELECCIÓN:,CORPORACIÓN MUNICIPAL
26 junio 2023 00:25 (UTC -6)
ACTAS_ESPERADAS,ACTAS_CAPTURADAS,PORCENTAJE_ACTAS_CAPTURADAS,ACTAS_CONTABILIZADAS,PORCENTAJE_ACTAS_CONTABILIZADAS,ACTAS_NO_CONTABILIZADAS,LISTA_NOMINAL_ACTAS_CONTABILIZADAS,VOTOS_EMITIDOS_CONTABILIZADAS,PORCENTAJE_PARTICIPACIÓN_CIUDADANA
39,19,48.7179,19,48.7179,0,6958,3712,53.3486

MESA,DEPARTAMENTO,ID_DEPARTAMENTO,MUNICIPIO,ID_MUNICIPIO,CENTRO_DE_VOTACIÓN,PADRÓN,TODOS,UNE,VAMOS,MLP,VICTORIA,U R N G - MAIZ,ELEFANTE,MI FAMILIA,CABAL,PHG,VALOR UNIONISTA,VÁLIDOS,NULOS,BLANCO,EMITIDOS,INVÁLIDOS,TOTAL,IMPUGNACIONES,PAPELETAS-RECIBIDAS,PAPELETAS-NO-USADAS,VALIDOS_CALCULADO,EMITIDOS_CALCULADO,TOTAL_CALCULADO,OBSERVACIONES,CONTABILIZADA,CÓDIGO_INTEGRIDAD,FECHA_HORA_PUBLICACIÓN,DIGITALIZACIÓN
18497,"Baja Verapaz",15,"San Jerónimo",7,2842,400,,,,,,,,,,,,,,,,,,,,,,,,,0,,,
18498,"Baja Verapaz",15,"San Jerónimo",7,2842,400,,,,,,,,,,,,,,,,,,,,,,,,,0,,,
18499,"Baja Verapaz",15,"San Jerónimo",7,2842,400,64,24,26,3,3,11,24,6,8,5,45,219,21,7,247,0,247,--,400,153,219,247,247,Algún campo sin dato,1,f2aa726055155fe6ad93161f84ab82c06ad41a94cd1898e079599aa3966b9d0b,25/06/2023 22:07:28,ESCANER
18500,"Baja Verapaz",15,"San Jerónimo",7,2842,400,,,,,,,,,,,,,,,,,,,,,,,,,0,,,
18501,"Baja Verapaz",15,"San Jerónimo",7,2842,400,55,37,25,0,8,8,29,1,16,1,68,248,14,4,266,0,266,--,405,139,248,266,266,Algún campo sin dato,1,70ce75390d75fa106ebdc898fa52ec493e577807e427bbe3cfa621d6dcfa7003,26/06/2023 00:07:20,ESCANER
18502,"Baja Verapaz",15,"San Jerónimo",7,2842,400,51,23,16,0,4,10,12,0,12,2,50,180,9,1,190,0,190,--,400,210,180,190,190,Algún campo sin dato,1,6bf3f592ccf80a96d6bcf7cbc0f82cc666280d95f0b6bfc6b2426942da8bd156,25/06/2023 23:10:39,ESCANER
18503,"Baja Verapaz",15,"San Jerónimo",7,2842,400,56,17,25,0,10,10,17,3,15,3,69,225,12,3,240,0,240,--,405,165,225,240,240,Algún campo sin dato,1,7b01de01850212c10837eb84afb2c6a4f6ffb0bbc00c7fe77db802a9d51b0cbb,25/06/2023 23:54:39,ESCANER
18504,"Baja Verapaz",15,"San Jerónimo",7,2842,400,41,24,34,1,9,10,17,5,13,4,62,220,7,1,228,0,228,--,400,172,220,228,228,Algún campo sin dato,1,e2c94a02a464d583b2583f73acf66f6fbb5f79b4f180b7202ab380532a9f741e,26/06/2023 00:03:42,ESCANER
18505,"Baja Verapaz",15,"San Jerónimo",7,2843,400,,,,,,,,,,,,,,,,,,,,,,,,,0,,,
18506,"Baja Verapaz",15,"San Jerónimo",7,2843,263,36,21,25,1,1,2,14,4,8,0,42,154,3,0,157,0,157,--,261,104,154,157,157,Algún campo sin dato,1,e23c14f49d2ee827303a670577085545c7c3d96340f98d4175cf36524ea8e7a5,25/06/2023 23:53:37,ESCANER
18507,"Baja Verapaz",15,"San Jerónimo",7,2843,262,20,15,17,0,5,3,7,4,5,0,37,113,2,0,115,0,115,--,261,146,113,115,115,Algún campo sin dato,1,2c2b3e0f2da109302e9a18174f155d83d165894f919a73b3a1036e7622ceb102,25/06/2023 22:36:18,ESCANER
18508,"Baja Verapaz",15,"San Jerónimo",7,2844,400,,,,,,,,,,,,,,,,,,,,,,,,,0,,,
18509,"Baja Verapaz",15,"San Jerónimo",7,2844,400,,,,,,,,,,,,,,,,,,,,,,,,,0,,,
18510,"Baja Verapaz",15,"San Jerónimo",7,2844,400,,,,,,,,,,,,,,,,,,,,,,,,,0,,,
18511,"Baja Verapaz",15,"San Jerónimo",7,2844,400,,,,,,,,,,,,,,,,,,,,,,,,,0,,,
18512,"Baja Verapaz",15,"San Jerónimo",7,2844,400,68,15,52,5,8,15,7,1,8,0,31,210,16,4,230,0,230,1,400,170,210,230,230,,1,94ff4a8f1b9282f9f738d6452de9bd565375458ba262e58b72e4f6e0b1e8247a,25/06/2023 22:25:03,ESCANER
18513,"Baja Verapaz",15,"San Jerónimo",7,2844,400,38,15,61,4,5,9,9,0,8,1,32,182,14,4,200,0,200,--,405,205,182,200,200,Algún campo sin dato,1,b9562188ccf8ea444d7e4c7377179fe0b8a438782b53f7a1eb785f6e41c7fdaf,26/06/2023 00:21:06,ESCANER
18514,"Baja Verapaz",15,"San Jerónimo",7,2844,287,,,,,,,,,,,,,,,,,,,,,,,,,0,,,
18515,"Baja Verapaz",15,"San Jerónimo",7,2844,286,34,15,50,0,6,7,1,3,4,0,16,136,5,0,141,0,141,0,286,145,136,141,141,,1,308fc33f24fd72f0a788820d85a2988fc89ece71200c4519e233acbd40b7a1f2,25/06/2023 23:53:54,ESCANER
18516,"Baja Verapaz",15,"San Jerónimo",7,2845,380,,,,,,,,,,,,,,,,,,,,,,,,,0,,,
18517,"Baja Verapaz",15,"San Jerónimo",7,2845,380,,,,,,,,,,,,,,,,,,,,,,,,,0,,,
18518,"Baja Verapaz",15,"San Jerónimo",7,2845,380,,,,,,,,,,,,,,,,,,,,,,,,,0,,,
18519,"Baja Verapaz",15,"San Jerónimo",7,2845,268,20,10,62,0,8,19,2,1,4,8,13,147,12,1,160,0,160,--,268,108,147,160,160,Algún campo sin dato,1,735d0ee30777c0bef700f3d62fff9c09c5715f973b34b410c010de5b03cef9a0,26/06/2023 00:22:57,ESCANER
18520,"Baja Verapaz",15,"San Jerónimo",7,2845,268,,,,,,,,,,,,,,,,,,,,,,,,,0,,,
18521,"Baja Verapaz",15,"San Jerónimo",7,2846,380,,,,,,,,,,,,,,,,,,,,,,,,,0,,,
18522,"Baja Verapaz",15,"San Jerónimo",7,2846,380,,,,,,,,,,,,,,,,,,,,,,,,,0,,,
18523,"Baja Verapaz",15,"San Jerónimo",7,2846,380,31,50,53,1,45,19,6,6,1,2,6,220,26,4,250,0,250,--,380,130,220,250,250,Algún campo sin dato,1,f10df3a09fb2f5592cd2aabc35b39b6aa8e8767591061be253c9953a7588da9f,25/06/2023 23:01:43,ESCANER
18524,"Baja Verapaz",15,"San Jerónimo",7,2846,380,,,,,,,,,,,,,,,,,,,,,,,,,0,,,
18525,"Baja Verapaz",15,"San Jerónimo",7,2846,380,22,57,33,1,48,12,5,3,2,0,12,195,20,4,219,0,219,--,380,161,195,219,219,Algún campo sin dato,1,68956446931d52272a6f56c063e27e58b5bd1aac75c3af7bf4742cc9d719a274,25/06/2023 22:31:25,ESCANER
18526,"Baja Verapaz",15,"San Jerónimo",7,2846,380,38,46,35,1,46,15,5,6,5,0,7,204,15,4,223,0,223,--,380,157,204,223,223,Algún campo sin dato,1,6edd5a567fc6db67f11756a94f042623b5fccdbc401fb401b384920192462132,25/06/2023 22:40:40,ESCANER
18527,"Baja Verapaz",15,"San Jerónimo",7,2846,380,22,44,42,1,34,14,7,5,1,1,9,180,16,6,202,0,202,--,380,178,180,202,202,Algún campo sin dato,1,2a2e169b6e23e6705983064fe269ac47d58b0bac12b49e93033a83506b973f04,25/06/2023 23:18:37,ESCANER
18528,"Baja Verapaz",15,"San Jerónimo",7,2846,336,,,,,,,,,,,,,,,,,,,,,,,,,0,,,
18529,"Baja Verapaz",15,"San Jerónimo",7,2846,335,16,42,26,0,33,10,3,0,1,0,5,136,3,2,141,0,141,--,335,194,136,141,141,Algún campo sin dato,1,62843035be7556d37d8255b94d26276964db840a4291ded0f28a15d4bc3766e4,25/06/2023 23:13:14,ESCANER
18530,"Baja Verapaz",15,"San Jerónimo",7,2847,380,,,,,,,,,,,,,,,,,,,,,,,,,0,,,
18531,"Baja Verapaz",15,"San Jerónimo",7,2847,380,,,,,,,,,,,,,,,,,,,,,,,,,0,,,
18532,"Baja Verapaz",15,"San Jerónimo",7,2847,380,33,22,34,4,5,74,3,0,6,0,28,209,20,1,230,0,230,--,380,150,209,230,230,Algún campo sin dato,1,7b82e8af4242fbf45e68ab90c1b46575b73c3e7e55f168063344615decaf1159,25/06/2023 23:22:38,ESCANER
18533,"Baja Verapaz",15,"San Jerónimo",7,2847,276,33,14,23,3,2,35,4,0,2,0,19,135,8,0,143,0,143,--,276,133,135,143,143,Algún campo sin dato,1,4e4bbc364418a12290470d61364d1052ba764c97560c9bf66837ff75d759937f,25/06/2023 23:36:47,ESCANER
18534,"Baja Verapaz",15,"San Jerónimo",7,2847,276,,,,,,,,,,,,,,,,,,,,,,,,,0,,,
18535,"Baja Verapaz",15,"San Jerónimo",7,2848,568,25,15,23,1,7,12,7,2,7,0,21,120,8,2,130,0,130,--,568,438,120,130,130,Algún campo sin dato,1,58422be5529af144d2d2d79d9c90ecfe8449bda4ba4d289d445fd13abb4fc029,25/06/2023 23:33:15,ESCANER