﻿TIPO_DE_ELECCIÓN:,CORPORACIÓN MUNICIPAL
26 junio 2023 00:25 (UTC -6)
ACTAS_ESPERADAS,ACTAS_CAPTURADAS,PORCENTAJE_ACTAS_CAPTURADAS,ACTAS_CONTABILIZADAS,PORCENTAJE_ACTAS_CONTABILIZADAS,ACTAS_NO_CONTABILIZADAS,LISTA_NOMINAL_ACTAS_CONTABILIZADAS,VOTOS_EMITIDOS_CONTABILIZADAS,PORCENTAJE_PARTICIPACIÓN_CIUDADANA
49,8,16.3265,8,16.3265,0,2870,1759,61.2891

MESA,DEPARTAMENTO,ID_DEPARTAMENTO,MUNICIPIO,ID_MUNICIPIO,CENTRO_DE_VOTACIÓN,PADRÓN,CABAL,UNE,BIEN,VALOR,MLP,AZUL,VAMOS,TODOS,VIVA,PODEMOS,SEMILLA,VÁLIDOS,NULOS,BLANCO,EMITIDOS,INVÁLIDOS,TOTAL,IMPUGNACIONES,PAPELETAS-RECIBIDAS,PAPELETAS-NO-USADAS,VALIDOS_CALCULADO,EMITIDOS_CALCULADO,TOTAL_CALCULADO,OBSERVACIONES,CONTABILIZADA,CÓDIGO_INTEGRIDAD,FECHA_HORA_PUBLICACIÓN,DIGITALIZACIÓN
12739,"Retalhuleu",11,"San Sebastián",2,1738,400,,,,,,,,,,,,,,,,,,,,,,,,,0,,,
12740,"Retalhuleu",11,"San Sebastián",2,1738,400,,,,,,,,,,,,,,,,,,,,,,,,,0,,,
12741,"Retalhuleu",11,"San Sebastián",2,1738,400,,,,,,,,,,,,,,,,,,,,,,,,,0,,,
12742,"Retalhuleu",11,"San Sebastián",2,1738,400,,,,,,,,,,,,,,,,,,,,,,,,,0,,,
12743,"Retalhuleu",11,"San Sebastián",2,1738,400,,,,,,,,,,,,,,,,,,,,,,,,,0,,,
12744,"Retalhuleu",11,"San Sebastián",2,1738,400,,,,,,,,,,,,,,,,,,,,,,,,,0,,,
12745,"Retalhuleu",11,"San Sebastián",2,1738,400,,,,,,,,,,,,,,,,,,,,,,,,,0,,,
12746,"Retalhuleu",11,"San Sebastián",2,1738,400,,,,,,,,,,,,,,,,,,,,,,,,,0,,,
12747,"Retalhuleu",11,"San Sebastián",2,1738,400,62,17,5,34,2,24,36,2,0,2,17,201,41,1,243,0,243,--,--,--,201,243,243,Algún campo sin dato,1,c2a06ad4778425db5f5255acbf4c3c3bef4f541439256b1b4a1b51a4b886cc8a,26/06/2023 00:08:37,ESCANER
12748,"Retalhuleu",11,"San Sebastián",2,1738,400,,,,,,,,,,,,,,,,,,,,,,,,,0,,,
12749,"Retalhuleu",11,"San Sebastián",2,1738,400,,,,,,,,,,,,,,,,,,,,,,,,,0,,,
12750,"Retalhuleu",11,"San Sebastián",2,1738,400,,,,,,,,,,,,,,,,,,,,,,,,,0,,,
12751,"Retalhuleu",11,"San Sebastián",2,1738,400,,,,,,,,,,,,,,,,,,,,,,,,,0,,,
12752,"Retalhuleu",11,"San Sebastián",2,1738,400,,,,,,,,,,,,,,,,,,,,,,,,,0,,,
12753,"Retalhuleu",11,"San Sebastián",2,1738,400,,,,,,,,,,,,,,,,,,,,,,,,,0,,,
12754,"Retalhuleu",11,"San Sebastián",2,1738,240,,,,,,,,,,,,,,,,,,,,,,,,,0,,,
12755,"Retalhuleu",11,"San Sebastián",2,1738,240,,,,,,,,,,,,,,,,,,,,,,,,,0,,,
12756,"Retalhuleu",11,"San Sebastián",2,1739,400,,,,,,,,,,,,,,,,,,,,,,,,,0,,,
12757,"Retalhuleu",11,"San Sebastián",2,1739,400,,,,,,,,,,,,,,,,,,,,,,,,,0,,,
12758,"Retalhuleu",11,"San Sebastián",2,1739,400,57,39,2,55,2,28,48,3,1,1,4,240,22,0,262,0,262,--,400,138,240,262,262,Algún campo sin dato,1,ba07c408140ba98023eca4c450e5093976554d67ba31bd552a6d6300e66c3cae,26/06/2023 00:21:06,ESCANER
12759,"Retalhuleu",11,"San Sebastián",2,1739,400,72,37,0,55,2,23,34,2,2,1,5,233,25,4,262,2,264,--,400,136,233,262,264,Algún campo sin dato,1,33cf4f5f72bb58af399e62129c4b110337e06273f12f82dc9fc56162d3ec7013,25/06/2023 23:38:36,ESCANER
12760,"Retalhuleu",11,"San Sebastián",2,1739,400,57,37,0,42,7,20,27,0,1,3,7,201,37,2,240,0,240,--,400,160,201,240,240,Algún campo sin dato,1,f6ade82004c16021c17220354f47e4581037526ba33137dcf6836aaf438313c6,25/06/2023 23:45:45,ESCANER
12761,"Retalhuleu",11,"San Sebastián",2,1739,250,,,,,,,,,,,,,,,,,,,,,,,,,0,,,
12762,"Retalhuleu",11,"San Sebastián",2,1739,250,31,18,2,29,1,9,24,1,0,0,4,119,17,1,137,0,137,1,250,112,119,137,137,,1,de087afab1307d8009d0a67be46a51e42cdbd436612560567b9e2b09ddfcf538,25/06/2023 23:58:45,ESCANER
12763,"Retalhuleu",11,"San Sebastián",2,1740,400,,,,,,,,,,,,,,,,,,,,,,,,,0,,,
12764,"Retalhuleu",11,"San Sebastián",2,1740,400,,,,,,,,,,,,,,,,,,,,,,,,,0,,,
12765,"Retalhuleu",11,"San Sebastián",2,1740,400,,,,,,,,,,,,,,,,,,,,,,,,,0,,,
12766,"Retalhuleu",11,"San Sebastián",2,1740,331,,,,,,,,,,,,,,,,,,,,,,,,,0,,,
12767,"Retalhuleu",11,"San Sebastián",2,1740,330,60,25,1,31,3,19,24,3,1,1,4,172,21,1,194,0,194,--,330,136,172,194,194,Algún campo sin dato,1,1df73f6848a8d67980de05db58f30f47779e1fce4ce5758a4d8db0713e410a00,26/06/2023 00:11:33,ESCANER
12768,"Retalhuleu",11,"San Sebastián",2,1741,380,,,,,,,,,,,,,,,,,,,,,,,,,0,,,
12769,"Retalhuleu",11,"San Sebastián",2,1741,380,,,,,,,,,,,,,,,,,,,,,,,,,0,,,
12770,"Retalhuleu",11,"San Sebastián",2,1741,380,,,,,,,,,,,,,,,,,,,,,,,,,0,,,
12771,"Retalhuleu",11,"San Sebastián",2,1741,380,,,,,,,,,,,,,,,,,,,,,,,,,0,,,
12772,"Retalhuleu",11,"San Sebastián",2,1741,380,,,,,,,,,,,,,,,,,,,,,,,,,0,,,
12773,"Retalhuleu",11,"San Sebastián",2,1741,380,,,,,,,,,,,,,,,,,,,,,,,,,0,,,
12774,"Retalhuleu",11,"San Sebastián",2,1741,380,,,,,,,,,,,,,,,,,,,,,,,,,0,,,
12775,"Retalhuleu",11,"San Sebastián",2,1741,380,,,,,,,,,,,,,,,,,,,,,,,,,0,,,
12776,"Retalhuleu",11,"San Sebastián",2,1741,380,,,,,,,,,,,,,,,,,,,,,,,,,0,,,
12777,"Retalhuleu",11,"San Sebastián",2,1741,380,,,,,,,,,,,,,,,,,,,,,,,,,0,,,
12778,"Retalhuleu",11,"San Sebastián",2,1741,380,,,,,,,,,,,,,,,,,,,,,,,,,0,,,
12779,"Retalhuleu",11,"San Sebastián",2,1741,297,,,,,,,,,,,,,,,,,,,,,,,,,0,,,
12780,"Retalhuleu",11,"San Sebastián",2,1741,296,,,,,,,,,,,,,,,,,,,,,,,,,0,,,
12781,"Retalhuleu",11,"San Sebastián",2,1742,380,,,,,,,,,,,,,,,,,,,,,,,,,0,,,
12782,"Retalhuleu",11,"San Sebastián",2,1742,380,,,,,,,,,,,,,,,,,,,,,,,,,0,,,
12783,"Retalhuleu",11,"San Sebastián",2,1742,380,60,43,3,69,2,6,24,4,2,0,4,217,23,4,244,0,244,--,380,136,217,244,244,Algún campo sin dato,1,272e33078584dba6449a3482faeb18f956c85997466cf9386a6c2c80bae65a80,25/06/2023 23:50:01,ESCANER
12784,"Retalhuleu",11,"San Sebastián",2,1742,310,,,,,,,,,,,,,,,,,,,,,,,,,0,,,
12785,"Retalhuleu",11,"San Sebastián",2,1742,310,67,30,5,31,1,12,12,1,1,0,2,162,15,0,177,0,177,--,310,133,162,177,177,Algún campo sin dato,1,4bc1a8f06b7e6f2dec7060c677b24d8f4ac0729e9c09f0150ffaf0a8b8c11fd7,26/06/2023 00:07:57,ESCANER
12786,"Retalhuleu",11,"San Sebastián",2,1743,482,,,,,,,,,,,,,,,,,,,,,,,,,0,,,
12787,"Retalhuleu",11,"San Sebastián",2,1743,482,,,,,,,,,,,,,,,,,,,,,,,,,0,,,