﻿TIPO_DE_ELECCIÓN:,CORPORACIÓN MUNICIPAL
26 junio 2023 00:25 (UTC -6)
ACTAS_ESPERADAS,ACTAS_CAPTURADAS,PORCENTAJE_ACTAS_CAPTURADAS,ACTAS_CONTABILIZADAS,PORCENTAJE_ACTAS_CONTABILIZADAS,ACTAS_NO_CONTABILIZADAS,LISTA_NOMINAL_ACTAS_CONTABILIZADAS,VOTOS_EMITIDOS_CONTABILIZADAS,PORCENTAJE_PARTICIPACIÓN_CIUDADANA
120,20,16.6666,20,16.6666,0,6939,3193,46.0152

MESA,DEPARTAMENTO,ID_DEPARTAMENTO,MUNICIPIO,ID_MUNICIPIO,CENTRO_DE_VOTACIÓN,PADRÓN,CABAL,UNE,TODOS,VAMOS,PODEMOS,VIVA,AZUL,VICTORIA,ELEFANTE,SEMILLA,PPN,FCN-NACION,PHG,MLP,BIEN,PIN,CAMBIO,VOS,VALOR,VÁLIDOS,NULOS,BLANCO,EMITIDOS,INVÁLIDOS,TOTAL,IMPUGNACIONES,PAPELETAS-RECIBIDAS,PAPELETAS-NO-USADAS,VALIDOS_CALCULADO,EMITIDOS_CALCULADO,TOTAL_CALCULADO,OBSERVACIONES,CONTABILIZADA,CÓDIGO_INTEGRIDAD,FECHA_HORA_PUBLICACIÓN,DIGITALIZACIÓN
11727,"Suchitepéquez",10,"Mazatenango",1,1577,400,,,,,,,,,,,,,,,,,,,,,,,,,,,,,,,,,0,,,
11728,"Suchitepéquez",10,"Mazatenango",1,1577,400,,,,,,,,,,,,,,,,,,,,,,,,,,,,,,,,,0,,,
11729,"Suchitepéquez",10,"Mazatenango",1,1577,400,,,,,,,,,,,,,,,,,,,,,,,,,,,,,,,,,0,,,
11730,"Suchitepéquez",10,"Mazatenango",1,1577,400,,,,,,,,,,,,,,,,,,,,,,,,,,,,,,,,,0,,,
11731,"Suchitepéquez",10,"Mazatenango",1,1577,400,,,,,,,,,,,,,,,,,,,,,,,,,,,,,,,,,0,,,
11732,"Suchitepéquez",10,"Mazatenango",1,1577,400,,,,,,,,,,,,,,,,,,,,,,,,,,,,,,,,,0,,,
11733,"Suchitepéquez",10,"Mazatenango",1,1577,400,,,,,,,,,,,,,,,,,,,,,,,,,,,,,,,,,0,,,
11734,"Suchitepéquez",10,"Mazatenango",1,1577,400,,,,,,,,,,,,,,,,,,,,,,,,,,,,,,,,,0,,,
11735,"Suchitepéquez",10,"Mazatenango",1,1577,400,,,,,,,,,,,,,,,,,,,,,,,,,,,,,,,,,0,,,
11736,"Suchitepéquez",10,"Mazatenango",1,1577,400,19,17,56,36,3,4,4,4,28,11,4,0,12,0,7,0,4,11,6,226,11,2,239,0,239,--,400,161,226,239,239,Algún campo sin dato,1,bb059a1c920bc7231b1f0965211bb0af24dae057055285ff0d2c94c73ceb5089,26/06/2023 00:17:11,ESCANER
11737,"Suchitepéquez",10,"Mazatenango",1,1577,400,,,,,,,,,,,,,,,,,,,,,,,,,,,,,,,,,0,,,
11738,"Suchitepéquez",10,"Mazatenango",1,1577,400,,,,,,,,,,,,,,,,,,,,,,,,,,,,,,,,,0,,,
11739,"Suchitepéquez",10,"Mazatenango",1,1577,279,21,8,29,21,2,3,2,2,16,20,5,0,7,1,2,0,0,5,8,152,4,1,157,0,157,--,279,122,152,157,157,Algún campo sin dato,1,c9b5cbba332eb4ca227895597358911ae2550470497e4e8c61d008b48c4d003c,25/06/2023 22:35:53,ESCANER
11740,"Suchitepéquez",10,"Mazatenango",1,1577,279,,,,,,,,,,,,,,,,,,,,,,,,,,,,,,,,,0,,,
11741,"Suchitepéquez",10,"Mazatenango",1,1578,400,,,,,,,,,,,,,,,,,,,,,,,,,,,,,,,,,0,,,
11742,"Suchitepéquez",10,"Mazatenango",1,1578,400,,,,,,,,,,,,,,,,,,,,,,,,,,,,,,,,,0,,,
11743,"Suchitepéquez",10,"Mazatenango",1,1578,400,,,,,,,,,,,,,,,,,,,,,,,,,,,,,,,,,0,,,
11744,"Suchitepéquez",10,"Mazatenango",1,1578,400,,,,,,,,,,,,,,,,,,,,,,,,,,,,,,,,,0,,,
11745,"Suchitepéquez",10,"Mazatenango",1,1578,400,,,,,,,,,,,,,,,,,,,,,,,,,,,,,,,,,0,,,
11746,"Suchitepéquez",10,"Mazatenango",1,1578,400,,,,,,,,,,,,,,,,,,,,,,,,,,,,,,,,,0,,,
11747,"Suchitepéquez",10,"Mazatenango",1,1578,400,,,,,,,,,,,,,,,,,,,,,,,,,,,,,,,,,0,,,
11748,"Suchitepéquez",10,"Mazatenango",1,1578,400,,,,,,,,,,,,,,,,,,,,,,,,,,,,,,,,,0,,,
11749,"Suchitepéquez",10,"Mazatenango",1,1578,400,,,,,,,,,,,,,,,,,,,,,,,,,,,,,,,,,0,,,
11750,"Suchitepéquez",10,"Mazatenango",1,1578,400,,,,,,,,,,,,,,,,,,,,,,,,,,,,,,,,,0,,,
11751,"Suchitepéquez",10,"Mazatenango",1,1578,400,,,,,,,,,,,,,,,,,,,,,,,,,,,,,,,,,0,,,
11752,"Suchitepéquez",10,"Mazatenango",1,1579,400,26,23,35,39,25,4,9,1,20,11,10,1,4,0,10,1,1,13,10,243,7,1,251,0,251,--,400,149,243,251,251,Algún campo sin dato,1,7b0b6a1cc90b8b8974d02c70bcc46f836fd3cb49df349546bf788abca88c7343,25/06/2023 22:59:49,ESCANER
11753,"Suchitepéquez",10,"Mazatenango",1,1579,400,,,,,,,,,,,,,,,,,,,,,,,,,,,,,,,,,0,,,
11754,"Suchitepéquez",10,"Mazatenango",1,1579,400,,,,,,,,,,,,,,,,,,,,,,,,,,,,,,,,,0,,,
11755,"Suchitepéquez",10,"Mazatenango",1,1579,400,,,,,,,,,,,,,,,,,,,,,,,,,,,,,,,,,0,,,
11756,"Suchitepéquez",10,"Mazatenango",1,1579,400,,,,,,,,,,,,,,,,,,,,,,,,,,,,,,,,,0,,,
11757,"Suchitepéquez",10,"Mazatenango",1,1579,400,,,,,,,,,,,,,,,,,,,,,,,,,,,,,,,,,0,,,
11758,"Suchitepéquez",10,"Mazatenango",1,1579,400,,,,,,,,,,,,,,,,,,,,,,,,,,,,,,,,,0,,,
11759,"Suchitepéquez",10,"Mazatenango",1,1580,400,14,30,43,56,21,2,5,2,11,9,7,1,4,1,6,0,0,6,7,225,10,1,236,0,236,--,400,164,225,236,236,Algún campo sin dato,1,ade1185edf03b233cd1487043f485030659280d4d2cd31b8a0fae8251c6a305e,26/06/2023 00:09:50,ESCANER
11760,"Suchitepéquez",10,"Mazatenango",1,1580,400,,,,,,,,,,,,,,,,,,,,,,,,,,,,,,,,,0,,,
11761,"Suchitepéquez",10,"Mazatenango",1,1580,400,,,,,,,,,,,,,,,,,,,,,,,,,,,,,,,,,0,,,
11762,"Suchitepéquez",10,"Mazatenango",1,1580,400,,,,,,,,,,,,,,,,,,,,,,,,,,,,,,,,,0,,,
11763,"Suchitepéquez",10,"Mazatenango",1,1580,400,,,,,,,,,,,,,,,,,,,,,,,,,,,,,,,,,0,,,
11764,"Suchitepéquez",10,"Mazatenango",1,1581,400,,,,,,,,,,,,,,,,,,,,,,,,,,,,,,,,,0,,,
11765,"Suchitepéquez",10,"Mazatenango",1,1581,201,12,10,15,20,7,2,5,1,7,9,5,1,2,3,3,0,0,7,5,114,2,0,116,0,116,--,198,82,114,116,116,Algún campo sin dato,1,5d10d68b1d24b9e5544466c44ab450537b7923097507752de9a296573a21d3c4,25/06/2023 23:33:17,ESCANER
11766,"Suchitepéquez",10,"Mazatenango",1,1581,201,6,7,15,14,3,1,4,0,9,2,4,0,5,0,1,0,1,2,2,76,7,115,198,0,198,--,198,115,76,198,198,Algún campo sin dato,1,8dd2dd4d56498c6623c7549d1d07174649b1dce009136e746ee38c9217ccedef,25/06/2023 23:42:34,ESCANER
11767,"Suchitepéquez",10,"Mazatenango",1,1582,400,,,,,,,,,,,,,,,,,,,,,,,,,,,,,,,,,0,,,
11768,"Suchitepéquez",10,"Mazatenango",1,1582,400,,,,,,,,,,,,,,,,,,,,,,,,,,,,,,,,,0,,,
11769,"Suchitepéquez",10,"Mazatenango",1,1582,400,,,,,,,,,,,,,,,,,,,,,,,,,,,,,,,,,0,,,
11770,"Suchitepéquez",10,"Mazatenango",1,1582,400,,,,,,,,,,,,,,,,,,,,,,,,,,,,,,,,,0,,,
11771,"Suchitepéquez",10,"Mazatenango",1,1582,400,,,,,,,,,,,,,,,,,,,,,,,,,,,,,,,,,0,,,
11772,"Suchitepéquez",10,"Mazatenango",1,1582,400,,,,,,,,,,,,,,,,,,,,,,,,,,,,,,,,,0,,,
11773,"Suchitepéquez",10,"Mazatenango",1,1582,400,,,,,,,,,,,,,,,,,,,,,,,,,,,,,,,,,0,,,
11774,"Suchitepéquez",10,"Mazatenango",1,1582,400,,,,,,,,,,,,,,,,,,,,,,,,,,,,,,,,,0,,,
11775,"Suchitepéquez",10,"Mazatenango",1,1582,400,,,,,,,,,,,,,,,,,,,,,,,,,,,,,,,,,0,,,
11776,"Suchitepéquez",10,"Mazatenango",1,1582,400,,,,,,,,,,,,,,,,,,,,,,,,,,,,,,,,,0,,,
11777,"Suchitepéquez",10,"Mazatenango",1,1582,400,,,,,,,,,,,,,,,,,,,,,,,,,,,,,,,,,0,,,
11778,"Suchitepéquez",10,"Mazatenango",1,1582,400,,,,,,,,,,,,,,,,,,,,,,,,,,,,,,,,,0,,,
11779,"Suchitepéquez",10,"Mazatenango",1,1582,400,11,26,40,49,6,7,5,10,10,8,10,0,16,3,4,2,1,4,10,222,7,3,232,0,232,--,400,168,222,232,232,Algún campo sin dato,1,e1dda2f576e12d764de56ea146ebedbfd4fed62a640bdd90f5d34c3965140cb7,26/06/2023 00:06:22,ESCANER
11780,"Suchitepéquez",10,"Mazatenango",1,1582,400,17,27,32,39,5,8,5,3,9,11,9,2,12,1,10,1,1,6,20,218,18,1,237,0,237,--,400,163,218,237,237,Algún campo sin dato,1,1dd16655efb013041bf0634240a37651af4af6af6a56500c6e36035eaceeecff,25/06/2023 23:14:04,ESCANER
11781,"Suchitepéquez",10,"Mazatenango",1,1582,400,,,,,,,,,,,,,,,,,,,,,,,,,,,,,,,,,0,,,
11782,"Suchitepéquez",10,"Mazatenango",1,1583,400,,,,,,,,,,,,,,,,,,,,,,,,,,,,,,,,,0,,,
11783,"Suchitepéquez",10,"Mazatenango",1,1583,400,,,,,,,,,,,,,,,,,,,,,,,,,,,,,,,,,0,,,
11784,"Suchitepéquez",10,"Mazatenango",1,1583,400,,,,,,,,,,,,,,,,,,,,,,,,,,,,,,,,,0,,,
11785,"Suchitepéquez",10,"Mazatenango",1,1583,400,,,,,,,,,,,,,,,,,,,,,,,,,,,,,,,,,0,,,
11786,"Suchitepéquez",10,"Mazatenango",1,1583,400,,,,,,,,,,,,,,,,,,,,,,,,,,,,,,,,,0,,,
11787,"Suchitepéquez",10,"Mazatenango",1,1583,400,,,,,,,,,,,,,,,,,,,,,,,,,,,,,,,,,0,,,
11788,"Suchitepéquez",10,"Mazatenango",1,1583,400,,,,,,,,,,,,,,,,,,,,,,,,,,,,,,,,,0,,,
11789,"Suchitepéquez",10,"Mazatenango",1,1583,400,,,,,,,,,,,,,,,,,,,,,,,,,,,,,,,,,0,,,
11790,"Suchitepéquez",10,"Mazatenango",1,1584,400,,,,,,,,,,,,,,,,,,,,,,,,,,,,,,,,,0,,,
11791,"Suchitepéquez",10,"Mazatenango",1,1584,400,,,,,,,,,,,,,,,,,,,,,,,,,,,,,,,,,0,,,
11792,"Suchitepéquez",10,"Mazatenango",1,1584,259,,,,,,,,,,,,,,,,,,,,,,,,,,,,,,,,,0,,,
11793,"Suchitepéquez",10,"Mazatenango",1,1584,258,,,,,,,,,,,,,,,,,,,,,,,,,,,,,,,,,0,,,
11794,"Suchitepéquez",10,"Mazatenango",1,1585,400,,,,,,,,,,,,,,,,,,,,,,,,,,,,,,,,,0,,,
11795,"Suchitepéquez",10,"Mazatenango",1,1585,400,,,,,,,,,,,,,,,,,,,,,,,,,,,,,,,,,0,,,
11796,"Suchitepéquez",10,"Mazatenango",1,1585,400,,,,,,,,,,,,,,,,,,,,,,,,,,,,,,,,,0,,,
11797,"Suchitepéquez",10,"Mazatenango",1,1585,400,,,,,,,,,,,,,,,,,,,,,,,,,,,,,,,,,0,,,
11798,"Suchitepéquez",10,"Mazatenango",1,1585,400,,,,,,,,,,,,,,,,,,,,,,,,,,,,,,,,,0,,,
11799,"Suchitepéquez",10,"Mazatenango",1,1585,400,,,,,,,,,,,,,,,,,,,,,,,,,,,,,,,,,0,,,
11800,"Suchitepéquez",10,"Mazatenango",1,1586,400,,,,,,,,,,,,,,,,,,,,,,,,,,,,,,,,,0,,,
11801,"Suchitepéquez",10,"Mazatenango",1,1586,400,,,,,,,,,,,,,,,,,,,,,,,,,,,,,,,,,0,,,
11802,"Suchitepéquez",10,"Mazatenango",1,1586,400,,,,,,,,,,,,,,,,,,,,,,,,,,,,,,,,,0,,,
11803,"Suchitepéquez",10,"Mazatenango",1,1586,400,,,,,,,,,,,,,,,,,,,,,,,,,,,,,,,,,0,,,
11804,"Suchitepéquez",10,"Mazatenango",1,1586,400,,,,,,,,,,,,,,,,,,,,,,,,,,,,,,,,,0,,,
11805,"Suchitepéquez",10,"Mazatenango",1,1586,325,,,,,,,,,,,,,,,,,,,,,,,,,,,,,,,,,0,,,
11806,"Suchitepéquez",10,"Mazatenango",1,1586,324,,,,,,,,,,,,,,,,,,,,,,,,,,,,,,,,,0,,,
11807,"Suchitepéquez",10,"Mazatenango",1,1587,380,,,,,,,,,,,,,,,,,,,,,,,,,,,,,,,,,0,,,
11808,"Suchitepéquez",10,"Mazatenango",1,1587,380,,,,,,,,,,,,,,,,,,,,,,,,,,,,,,,,,0,,,
11809,"Suchitepéquez",10,"Mazatenango",1,1587,380,,,,,,,,,,,,,,,,,,,,,,,,,,,,,,,,,0,,,
11810,"Suchitepéquez",10,"Mazatenango",1,1587,380,,,,,,,,,,,,,,,,,,,,,,,,,,,,,,,,,0,,,
11811,"Suchitepéquez",10,"Mazatenango",1,1587,380,,,,,,,,,,,,,,,,,,,,,,,,,,,,,,,,,0,,,
11812,"Suchitepéquez",10,"Mazatenango",1,1587,380,,,,,,,,,,,,,,,,,,,,,,,,,,,,,,,,,0,,,
11813,"Suchitepéquez",10,"Mazatenango",1,1588,380,,,,,,,,,,,,,,,,,,,,,,,,,,,,,,,,,0,,,
11814,"Suchitepéquez",10,"Mazatenango",1,1588,380,,,,,,,,,,,,,,,,,,,,,,,,,,,,,,,,,0,,,
11815,"Suchitepéquez",10,"Mazatenango",1,1588,380,,,,,,,,,,,,,,,,,,,,,,,,,,,,,,,,,0,,,
11816,"Suchitepéquez",10,"Mazatenango",1,1588,380,,,,,,,,,,,,,,,,,,,,,,,,,,,,,,,,,0,,,
11817,"Suchitepéquez",10,"Mazatenango",1,1588,263,4,12,17,50,2,2,2,0,0,2,1,0,4,0,1,0,3,2,3,105,2,1,108,0,108,--,260,152,105,108,108,Algún campo sin dato,1,db4b7438216b97ded7dc4522ffc68b123df7aee37d6d9dfab411b48966d76067,25/06/2023 23:26:27,ESCANER
11818,"Suchitepéquez",10,"Mazatenango",1,1588,263,,,,,,,,,,,,,,,,,,,,,,,,,,,,,,,,,0,,,
11819,"Suchitepéquez",10,"Mazatenango",1,1589,380,,,,,,,,,,,,,,,,,,,,,,,,,,,,,,,,,0,,,
11820,"Suchitepéquez",10,"Mazatenango",1,1589,380,,,,,,,,,,,,,,,,,,,,,,,,,,,,,,,,,0,,,
11821,"Suchitepéquez",10,"Mazatenango",1,1589,333,,,,,,,,,,,,,,,,,,,,,,,,,,,,,,,,,0,,,
11822,"Suchitepéquez",10,"Mazatenango",1,1589,332,,,,,,,,,,,,,,,,,,,,,,,,,,,,,,,,,0,,,
11823,"Suchitepéquez",10,"Mazatenango",1,1590,380,7,28,17,70,3,12,1,3,1,6,4,6,0,2,2,3,7,1,0,173,25,9,207,0,207,--,380,173,173,207,207,Algún campo sin dato,1,7d454fe26fbd0bd280044f719b67829abae743b46e9417877e9ca28243a4a81d,25/06/2023 23:52:43,ESCANER
11824,"Suchitepéquez",10,"Mazatenango",1,1590,380,,,,,,,,,,,,,,,,,,,,,,,,,,,,,,,,,0,,,
11825,"Suchitepéquez",10,"Mazatenango",1,1590,380,,,,,,,,,,,,,,,,,,,,,,,,,,,,,,,,,0,,,
11826,"Suchitepéquez",10,"Mazatenango",1,1590,262,4,21,14,26,1,5,2,0,1,2,2,0,0,3,0,3,4,0,0,88,12,4,104,0,104,--,262,158,88,104,104,Algún campo sin dato,1,5419ba9b087041d8388977bbb665b2d6203ec9549620ceeef6976f75472ad8ef,25/06/2023 23:07:08,ESCANER
11827,"Suchitepéquez",10,"Mazatenango",1,1590,261,6,19,11,24,2,6,3,1,2,4,4,2,1,1,0,3,2,1,0,92,6,0,98,0,98,--,261,163,92,98,98,Algún campo sin dato,1,678a64418e757252d646f904784739d222c2a971af9f1e28d688ccbca2127db8,25/06/2023 23:09:52,ESCANER
11828,"Suchitepéquez",10,"Mazatenango",1,1591,380,,,,,,,,,,,,,,,,,,,,,,,,,,,,,,,,,0,,,
11829,"Suchitepéquez",10,"Mazatenango",1,1591,380,5,10,26,49,7,4,0,2,6,3,1,0,0,0,1,3,9,0,2,128,21,4,153,0,153,--,380,227,128,153,153,Algún campo sin dato,1,0fefa4307281d1e8c2cf6a7678a3c606d776f9c40b81f24a3cb20d6b8b271ebb,25/06/2023 22:52:42,ESCANER
11830,"Suchitepéquez",10,"Mazatenango",1,1591,239,4,9,11,34,3,3,1,0,1,1,1,1,0,0,1,2,5,0,0,77,16,5,98,0,98,--,239,141,77,98,98,Algún campo sin dato,1,a59eace178478b68ea9ac29dafaa257ad143524acbb9e0cfa289956180ed5cc6,25/06/2023 21:50:59,ESCANER
11831,"Suchitepéquez",10,"Mazatenango",1,1591,238,3,7,15,25,10,8,0,0,2,1,1,3,0,0,1,0,3,0,1,80,10,0,90,0,90,--,238,148,80,90,90,Algún campo sin dato,1,47e1889ac97fae9b0c7dca32de2b91b8c5dd0f193598670e355342e435806e1e,25/06/2023 21:38:11,ESCANER
11832,"Suchitepéquez",10,"Mazatenango",1,1592,380,,,,,,,,,,,,,,,,,,,,,,,,,,,,,,,,,0,,,
11833,"Suchitepéquez",10,"Mazatenango",1,1592,380,,,,,,,,,,,,,,,,,,,,,,,,,,,,,,,,,0,,,
11834,"Suchitepéquez",10,"Mazatenango",1,1592,380,6,47,28,39,3,7,2,0,2,1,4,0,61,3,10,1,0,2,5,221,17,8,246,0,246,--,378,131,221,246,246,Algún campo sin dato,1,f30f786e80058502d0eb3593ad4d3cfbed673de9e421b7361f1904dbc1552233,25/06/2023 23:42:49,ESCANER
11835,"Suchitepéquez",10,"Mazatenango",1,1592,380,,,,,,,,,,,,,,,,,,,,,,,,,,,,,,,,,0,,,
11836,"Suchitepéquez",10,"Mazatenango",1,1592,380,,,,,,,,,,,,,,,,,,,,,,,,,,,,,,,,,0,,,
11837,"Suchitepéquez",10,"Mazatenango",1,1592,227,,,,,,,,,,,,,,,,,,,,,,,,,,,,,,,,,0,,,
11838,"Suchitepéquez",10,"Mazatenango",1,1592,227,1,24,20,12,1,1,1,0,1,3,0,0,49,1,4,0,2,3,1,124,4,0,128,--,--,2,224,96,124,128,128,Algún campo sin dato,1,1915a71b03e96e6526ded850293a11d727586d3da3274bf46aba6deca675f166,25/06/2023 22:54:49,ESCANER
11839,"Suchitepéquez",10,"Mazatenango",1,1593,600,,,,,,,,,,,,,,,,,,,,,,,,,,,,,,,,,0,,,
11840,"Suchitepéquez",10,"Mazatenango",1,1593,600,,,,,,,,,,,,,,,,,,,,,,,,,,,,,,,,,0,,,
11841,"Suchitepéquez",10,"Mazatenango",1,1593,600,,,,,,,,,,,,,,,,,,,,,,,,,,,,,,,,,0,,,
11842,"Suchitepéquez",10,"Mazatenango",1,1593,600,19,17,27,20,5,11,4,7,10,7,3,0,5,0,7,2,0,6,11,161,16,7,184,0,184,--,600,416,161,184,184,Algún campo sin dato,1,611ea3711374edbbd2cdf904a0c129be1bee3f0928492fc7039ef4d1e7cf8cb8,25/06/2023 22:48:37,ESCANER
11843,"Suchitepéquez",10,"Mazatenango",1,1593,600,,,,,,,,,,,,,,,,,,,,,,,,,,,,,,,,,0,,,
11844,"Suchitepéquez",10,"Mazatenango",1,1593,600,4,9,24,17,0,2,2,2,4,2,5,1,0,0,4,0,0,3,3,82,4,1,87,0,87,0,600,513,82,87,87,,1,a1e2f28baa3db7b0b42dd6dbb85ff205da8333ea1117d7b78a946906fe714355,25/06/2023 23:24:22,ESCANER
11845,"Suchitepéquez",10,"Mazatenango",1,1593,428,,,,,,,,,,,,,,,,,,,,,,,,,,,,,,,,,0,,,
11846,"Suchitepéquez",10,"Mazatenango",1,1593,428,4,2,4,7,2,0,0,0,0,1,0,0,0,0,0,0,0,0,1,21,3,0,24,0,24,--,428,404,21,24,24,Algún campo sin dato,1,cc14a4953e111f0ac9812411d8dba0a9667c1d78c28054153f69dcf92a4ea11c,25/06/2023 21:39:52,ESCANER