﻿TIPO_DE_ELECCIÓN:,CORPORACIÓN MUNICIPAL
26 junio 2023 00:25 (UTC -6)
ACTAS_ESPERADAS,ACTAS_CAPTURADAS,PORCENTAJE_ACTAS_CAPTURADAS,ACTAS_CONTABILIZADAS,PORCENTAJE_ACTAS_CONTABILIZADAS,ACTAS_NO_CONTABILIZADAS,LISTA_NOMINAL_ACTAS_CONTABILIZADAS,VOTOS_EMITIDOS_CONTABILIZADAS,PORCENTAJE_PARTICIPACIÓN_CIUDADANA
88,37,42.0454,37,42.0454,0,12819,10108,78.8517

MESA,DEPARTAMENTO,ID_DEPARTAMENTO,MUNICIPIO,ID_MUNICIPIO,CENTRO_DE_VOTACIÓN,PADRÓN,PPN,AZUL,VAMOS,PHG,VIVA,CABAL,VICTORIA,UNE,CAMBIO,FCN-NACION,MLP,VALOR,CREO,VÁLIDOS,NULOS,BLANCO,EMITIDOS,INVÁLIDOS,TOTAL,IMPUGNACIONES,PAPELETAS-RECIBIDAS,PAPELETAS-NO-USADAS,VALIDOS_CALCULADO,EMITIDOS_CALCULADO,TOTAL_CALCULADO,OBSERVACIONES,CONTABILIZADA,CÓDIGO_INTEGRIDAD,FECHA_HORA_PUBLICACIÓN,DIGITALIZACIÓN
19740,"Alta Verapaz",16,"San Juan Chamelco",10,3014,400,,,,,,,,,,,,,,,,,,,,,,,,,,,0,,,
19741,"Alta Verapaz",16,"San Juan Chamelco",10,3014,400,119,0,133,5,7,9,27,21,1,0,1,2,2,327,14,7,348,0,348,--,400,52,327,348,348,Algún campo sin dato,1,114f9d8e6673cb636605477b5dbe627026c055e8f795103aabdd9bc920e972fb,26/06/2023 00:16:54,ESCANER
19742,"Alta Verapaz",16,"San Juan Chamelco",10,3014,400,128,2,97,4,13,5,24,8,2,2,4,1,1,291,28,4,323,0,323,--,397,74,291,323,323,Algún campo sin dato,1,8a1a0e40c45490a1fe27f822801253f7fd2567889566ed7de43c4c4190868342,25/06/2023 23:26:23,ESCANER
19743,"Alta Verapaz",16,"San Juan Chamelco",10,3014,400,,,,,,,,,,,,,,,,,,,,,,,,,,,0,,,
19744,"Alta Verapaz",16,"San Juan Chamelco",10,3014,400,,,,,,,,,,,,,,,,,,,,,,,,,,,0,,,
19745,"Alta Verapaz",16,"San Juan Chamelco",10,3014,400,,,,,,,,,,,,,,,,,,,,,,,,,,,0,,,
19746,"Alta Verapaz",16,"San Juan Chamelco",10,3014,400,145,0,128,8,8,6,31,8,1,0,0,3,0,338,6,0,344,0,344,--,400,56,338,344,344,Algún campo sin dato,1,d7610a048fb9ef973aeb0e41258fd8fe9033f5d068bc0c6012b6b55bba24678c,25/06/2023 23:48:20,ESCANER
19747,"Alta Verapaz",16,"San Juan Chamelco",10,3014,400,116,6,130,4,14,17,27,13,0,0,3,2,1,333,10,1,344,0,344,--,400,56,333,344,344,Algún campo sin dato,1,d62546e1ef30dc59396906d5175efc848a2b66c3a5cb82beab71ecd2bf1c22ad,26/06/2023 00:24:04,ESCANER
19748,"Alta Verapaz",16,"San Juan Chamelco",10,3015,400,,,,,,,,,,,,,,,,,,,,,,,,,,,0,,,
19749,"Alta Verapaz",16,"San Juan Chamelco",10,3016,400,,,,,,,,,,,,,,,,,,,,,,,,,,,0,,,
19750,"Alta Verapaz",16,"San Juan Chamelco",10,3016,400,,,,,,,,,,,,,,,,,,,,,,,,,,,0,,,
19751,"Alta Verapaz",16,"San Juan Chamelco",10,3016,400,,,,,,,,,,,,,,,,,,,,,,,,,,,0,,,
19752,"Alta Verapaz",16,"San Juan Chamelco",10,3016,400,,,,,,,,,,,,,,,,,,,,,,,,,,,0,,,
19753,"Alta Verapaz",16,"San Juan Chamelco",10,3016,400,110,4,108,3,7,6,21,15,0,1,0,2,0,277,12,1,290,0,290,--,400,110,277,290,290,Algún campo sin dato,1,42fb9d67272ba2be46676bf1f814b11db86e70f5356bee1d28fbf3c9d313b6f2,25/06/2023 23:59:08,ESCANER
19754,"Alta Verapaz",16,"San Juan Chamelco",10,3016,400,124,1,116,2,7,7,18,11,3,5,2,0,0,296,7,2,305,0,305,--,400,95,296,305,305,Algún campo sin dato,1,b540acd570d2155a1c638f74982a2866ac92c8ed19b336087b950f21a8655cd4,25/06/2023 22:42:05,ESCANER
19755,"Alta Verapaz",16,"San Juan Chamelco",10,3016,400,,,,,,,,,,,,,,,,,,,,,,,,,,,0,,,
19756,"Alta Verapaz",16,"San Juan Chamelco",10,3016,400,118,5,93,3,3,3,25,6,1,0,1,2,1,261,7,0,268,1,269,--,--,--,261,268,269,Algún campo sin dato,1,81ffd9480116bc2fb18f6f2e10a41aae915edb86cb4749a8892831769f6ec011,26/06/2023 00:16:38,ESCANER
19757,"Alta Verapaz",16,"San Juan Chamelco",10,3016,400,,,,,,,,,,,,,,,,,,,,,,,,,,,0,,,
19758,"Alta Verapaz",16,"San Juan Chamelco",10,3016,400,,,,,,,,,,,,,,,,,,,,,,,,,,,0,,,
19759,"Alta Verapaz",16,"San Juan Chamelco",10,3016,400,,,,,,,,,,,,,,,,,,,,,,,,,,,0,,,
19760,"Alta Verapaz",16,"San Juan Chamelco",10,3016,328,100,1,73,1,5,5,16,6,1,3,0,1,0,212,4,0,216,0,216,--,328,112,212,216,216,Algún campo sin dato,1,a57e40847b1b4ce512d5bdc4a5c6679ba2ae217896ca8b0cdb9f1d9124411b79,25/06/2023 23:51:30,ESCANER
19761,"Alta Verapaz",16,"San Juan Chamelco",10,3016,328,,,,,,,,,,,,,,,,,,,,,,,,,,,0,,,
19762,"Alta Verapaz",16,"San Juan Chamelco",10,3017,400,,,,,,,,,,,,,,,,,,,,,,,,,,,0,,,
19763,"Alta Verapaz",16,"San Juan Chamelco",10,3017,400,,,,,,,,,,,,,,,,,,,,,,,,,,,0,,,
19764,"Alta Verapaz",16,"San Juan Chamelco",10,3017,400,,,,,,,,,,,,,,,,,,,,,,,,,,,0,,,
19765,"Alta Verapaz",16,"San Juan Chamelco",10,3018,400,,,,,,,,,,,,,,,,,,,,,,,,,,,0,,,
19766,"Alta Verapaz",16,"San Juan Chamelco",10,3018,400,107,1,93,6,3,5,54,10,0,2,0,2,1,284,15,2,301,0,301,--,400,99,284,301,301,Algún campo sin dato,1,765058968a3bf579c529333109f65c2bc304c74bdc83fc4c4d69b8149f44d672,25/06/2023 23:54:59,ESCANER
19767,"Alta Verapaz",16,"San Juan Chamelco",10,3019,400,118,4,92,2,1,2,44,22,2,3,1,1,1,293,8,5,306,0,306,--,400,94,293,306,306,Algún campo sin dato,1,315b05812139807da1ae49d093de3b9ca7a9dfc900dc4c1c0ba9bb71fd2dce85,25/06/2023 22:38:40,ESCANER
19768,"Alta Verapaz",16,"San Juan Chamelco",10,3019,400,105,1,87,3,4,4,38,15,--,1,1,--,--,259,1,5,273,8,--,--,400,127,259,265,273,Sumas Asentadas sin cuadrar,1,c582edc9dd2689298a26e03016a82d2f1a453ea55e0dd355a244f2327af6097b,25/06/2023 23:31:58,ESCANER
19769,"Alta Verapaz",16,"San Juan Chamelco",10,3019,376,110,0,75,4,1,4,56,13,2,0,1,1,0,268,2,0,270,0,270,1,382,112,267,269,269,Sumas Asentadas sin cuadrar,1,16bc5a29879c995b972f5c1361e3719685c5b828bc52d61143522fc4f7afe9e5,26/06/2023 00:10:10,ESCANER
19770,"Alta Verapaz",16,"San Juan Chamelco",10,3019,375,108,3,73,6,2,5,45,18,0,1,0,0,1,262,4,1,267,0,267,--,375,108,262,267,267,Algún campo sin dato,1,987d7755bd82cae3f47e5b724f387a455fa51fa7b18386d09fa7684252e3ab11,25/06/2023 23:48:02,ESCANER
19771,"Alta Verapaz",16,"San Juan Chamelco",10,3020,380,84,2,96,12,1,12,58,11,0,1,0,0,0,277,27,10,314,0,314,--,380,66,277,314,314,Algún campo sin dato,1,1569c553ed7849054190fb962c3d655fe68e50ec4b922d05ccd534c349a36e6a,25/06/2023 22:31:32,ESCANER
19772,"Alta Verapaz",16,"San Juan Chamelco",10,3020,380,,,,,,,,,,,,,,,,,,,,,,,,,,,0,,,
19773,"Alta Verapaz",16,"San Juan Chamelco",10,3020,380,99,0,100,15,5,5,54,11,0,0,0,1,0,290,30,7,327,0,327,--,377,50,290,327,327,Algún campo sin dato,1,60538041a7a967b29c5fae44c6922abe0117ec12168128df61d1279fc18afd04,25/06/2023 23:56:25,ESCANER
19774,"Alta Verapaz",16,"San Juan Chamelco",10,3020,380,,,,,,,,,,,,,,,,,,,,,,,,,,,0,,,
19775,"Alta Verapaz",16,"San Juan Chamelco",10,3020,380,115,1,118,13,1,7,42,11,0,2,0,2,0,312,18,7,337,0,337,--,377,40,312,337,337,Algún campo sin dato,1,c75a56ee36823d9534709a10d21123639f3388c0a202dfba6228f22ca4abd5b2,25/06/2023 23:45:17,ESCANER
19776,"Alta Verapaz",16,"San Juan Chamelco",10,3020,380,,,,,,,,,,,,,,,,,,,,,,,,,,,0,,,
19777,"Alta Verapaz",16,"San Juan Chamelco",10,3021,380,114,0,73,26,3,7,51,4,0,1,0,1,0,280,12,3,295,0,295,--,381,86,280,295,295,Algún campo sin dato,1,6c12ba6e914c1763f36c532321c722bf652a912a1c5a967925383f0c67ec3e60,25/06/2023 22:28:30,ESCANER
19778,"Alta Verapaz",16,"San Juan Chamelco",10,3021,380,,,,,,,,,,,,,,,,,,,,,,,,,,,0,,,
19779,"Alta Verapaz",16,"San Juan Chamelco",10,3021,380,108,0,66,17,0,2,39,8,0,0,0,1,0,241,8,4,253,0,253,--,379,126,241,253,253,Algún campo sin dato,1,4c1cb444ced6f0309317cfe894514d56912e2230a97f1b5173af3f00a1537ea4,25/06/2023 22:55:39,ESCANER
19780,"Alta Verapaz",16,"San Juan Chamelco",10,3021,336,,,,,,,,,,,,,,,,,,,,,,,,,,,0,,,
19781,"Alta Verapaz",16,"San Juan Chamelco",10,3022,336,,,,,,,,,,,,,,,,,,,,,,,,,,,0,,,
19782,"Alta Verapaz",16,"San Juan Chamelco",10,3023,380,,,,,,,,,,,,,,,,,,,,,,,,,,,0,,,
19783,"Alta Verapaz",16,"San Juan Chamelco",10,3023,380,112,1,123,26,1,0,16,24,0,1,0,1,2,307,18,14,339,0,339,--,380,41,307,339,339,Algún campo sin dato,1,55aab588add5a66600120b87602dbfcdba3ac87bd7c933d7f2608a07d5f243b3,26/06/2023 00:02:25,ESCANER
19784,"Alta Verapaz",16,"San Juan Chamelco",10,3023,380,,,,,,,,,,,,,,,,,,,,,,,,,,,0,,,
19785,"Alta Verapaz",16,"San Juan Chamelco",10,3024,380,,,,,,,,,,,,,,,,,,,,,,,,,,,0,,,
19786,"Alta Verapaz",16,"San Juan Chamelco",10,3025,380,116,1,119,16,4,3,17,28,0,0,0,0,0,304,15,12,331,--,--,--,380,49,304,331,331,Algún campo sin dato,1,d5c8a6354433a6a351a3745b7db626fbdf719abba55c63be5c6c996b62ac3042,25/06/2023 23:36:16,ESCANER
19787,"Alta Verapaz",16,"San Juan Chamelco",10,3025,380,,,,,,,,,,,,,,,,,,,,,,,,,,,0,,,
19788,"Alta Verapaz",16,"San Juan Chamelco",10,3026,380,,,,,,,,,,,,,,,,,,,,,,,,,,,0,,,
19789,"Alta Verapaz",16,"San Juan Chamelco",10,3026,380,,,,,,,,,,,,,,,,,,,,,,,,,,,0,,,
19790,"Alta Verapaz",16,"San Juan Chamelco",10,3027,380,,,,,,,,,,,,,,,,,,,,,,,,,,,0,,,
19791,"Alta Verapaz",16,"San Juan Chamelco",10,3027,380,,,,,,,,,,,,,,,,,,,,,,,,,,,0,,,
19792,"Alta Verapaz",16,"San Juan Chamelco",10,3028,380,102,0,100,8,3,1,22,14,0,0,0,1,0,251,6,0,257,0,257,--,379,122,251,257,257,Algún campo sin dato,1,f7721733d8eeb6f9e373dcc825ca9304da84d04af311f8e6f1cb17819b1ac62d,26/06/2023 00:05:02,ESCANER
19793,"Alta Verapaz",16,"San Juan Chamelco",10,3028,380,,,,,,,,,,,,,,,,,,,,,,,,,,,0,,,
19794,"Alta Verapaz",16,"San Juan Chamelco",10,3028,199,59,1,45,5,2,0,7,5,0,0,0,0,0,124,1,1,126,1,127,--,199,72,124,126,127,Algún campo sin dato,1,ccb526113cb6e0c79b8a6b389b9f794063ddbdf60329103a253ac5807bfa9e52,25/06/2023 23:30:52,ESCANER
19795,"Alta Verapaz",16,"San Juan Chamelco",10,3028,199,54,0,54,9,0,0,7,11,1,0,0,0,0,136,5,4,145,0,145,--,199,54,136,145,145,Algún campo sin dato,1,621d850ac8906e3cb4b4a0abd934d721847fca6ed5759ca3a37a7d0cde5ba52c,25/06/2023 22:30:40,ESCANER
19796,"Alta Verapaz",16,"San Juan Chamelco",10,3029,380,,,,,,,,,,,,,,,,,,,,,,,,,,,0,,,
19797,"Alta Verapaz",16,"San Juan Chamelco",10,3029,380,,,,,,,,,,,,,,,,,,,,,,,,,,,0,,,
19798,"Alta Verapaz",16,"San Juan Chamelco",10,3029,380,,,,,,,,,,,,,,,,,,,,,,,,,,,0,,,
19799,"Alta Verapaz",16,"San Juan Chamelco",10,3029,380,,,,,,,,,,,,,,,,,,,,,,,,,,,0,,,
19800,"Alta Verapaz",16,"San Juan Chamelco",10,3029,380,,,,,,,,,,,,,,,,,,,,,,,,,,,0,,,
19801,"Alta Verapaz",16,"San Juan Chamelco",10,3029,380,113,2,98,15,4,1,77,11,0,3,0,0,1,325,8,2,335,0,335,--,380,45,325,335,335,Algún campo sin dato,1,52def1561d654bebb375befa50d3e10f04ec613adb41e919bf8c645f29870590,26/06/2023 00:05:15,ESCANER
19802,"Alta Verapaz",16,"San Juan Chamelco",10,3029,380,,,,,,,,,,,,,,,,,,,,,,,,,,,0,,,
19803,"Alta Verapaz",16,"San Juan Chamelco",10,3029,380,125,0,68,22,1,0,66,13,1,0,0,1,1,298,7,4,309,0,309,--,380,71,298,309,309,Algún campo sin dato,1,a6398e84a5b456993217f374e8acc95c665282587d3ccc6ad165e19ae1e86b04,25/06/2023 23:45:56,ESCANER
19804,"Alta Verapaz",16,"San Juan Chamelco",10,3029,380,,,,,,,,,,,,,,,,,,,,,,,,,,,0,,,
19805,"Alta Verapaz",16,"San Juan Chamelco",10,3030,380,106,0,81,15,1,0,69,14,0,1,0,1,0,288,2,0,290,0,290,--,380,90,288,290,290,Algún campo sin dato,1,92b8c721c3d2d70d3b211f8eea4bd2630e817f64fa9e4c728ac318bcc115e39a,26/06/2023 00:07:28,ESCANER
19806,"Alta Verapaz",16,"San Juan Chamelco",10,3030,236,71,0,54,11,1,0,39,8,0,2,1,0,0,187,2,1,190,0,190,--,236,46,187,190,190,Algún campo sin dato,1,7bab52dd1a449ee401e59773374d507def4735543d4b3d56d91794e2a0f1acae,25/06/2023 23:35:19,ESCANER
19807,"Alta Verapaz",16,"San Juan Chamelco",10,3030,236,72,0,37,10,9,1,40,6,0,0,0,0,0,175,3,3,181,0,181,--,236,55,175,181,181,Algún campo sin dato,1,9aabe6bfc44cd7a2d7e717d4b3173d6ba58789370127f8ac1db985ef1d12bf0a,25/06/2023 22:49:25,ESCANER
19808,"Alta Verapaz",16,"San Juan Chamelco",10,3031,380,94,2,52,13,7,2,105,15,0,1,1,1,1,294,37,12,343,0,343,--,380,37,294,343,343,Algún campo sin dato,1,b6f1ae81c3ebdd84c42776492314079e3774259e4025f6498de5bca70893e298,26/06/2023 00:09:00,ESCANER
19809,"Alta Verapaz",16,"San Juan Chamelco",10,3031,380,,,,,,,,,,,,,,,,,,,,,,,,,,,0,,,
19810,"Alta Verapaz",16,"San Juan Chamelco",10,3032,380,,,,,,,,,,,,,,,,,,,,,,,,,,,0,,,
19811,"Alta Verapaz",16,"San Juan Chamelco",10,3032,324,,,,,,,,,,,,,,,,,,,,,,,,,,,0,,,
19812,"Alta Verapaz",16,"San Juan Chamelco",10,3032,323,103,0,39,7,9,0,63,4,0,0,0,0,2,227,3,0,230,0,230,--,320,90,227,230,230,Algún campo sin dato,1,7975c916b2c680d4aea10a3100cc80261ae778efdc34785e7de0ad641c1efa33,25/06/2023 23:55:12,ESCANER
19813,"Alta Verapaz",16,"San Juan Chamelco",10,3033,380,,,,,,,,,,,,,,,,,,,,,,,,,,,0,,,
19814,"Alta Verapaz",16,"San Juan Chamelco",10,3033,380,,,,,,,,,,,,,,,,,,,,,,,,,,,0,,,
19815,"Alta Verapaz",16,"San Juan Chamelco",10,3033,380,,,,,,,,,,,,,,,,,,,,,,,,,,,0,,,
19816,"Alta Verapaz",16,"San Juan Chamelco",10,3034,380,,,,,,,,,,,,,,,,,,,,,,,,,,,0,,,
19817,"Alta Verapaz",16,"San Juan Chamelco",10,3034,380,,,,,,,,,,,,,,,,,,,,,,,,,,,0,,,
19818,"Alta Verapaz",16,"San Juan Chamelco",10,3034,213,51,0,82,0,0,1,4,31,0,0,0,1,0,170,2,1,173,0,173,--,213,40,170,173,173,Algún campo sin dato,1,8316113b10cb17392c4c743bb54a458f53846262d0b3e029920bac639bd43ce5,25/06/2023 23:12:56,ESCANER
19819,"Alta Verapaz",16,"San Juan Chamelco",10,3034,212,38,1,87,1,1,0,1,26,0,0,0,1,0,156,1,3,160,0,160,--,212,52,156,160,160,Algún campo sin dato,1,d6861aca425a61d1cec790f94ce74a7fc3e9fdfa4d1926a179cca9ae388da1f0,25/06/2023 23:28:32,ESCANER
19820,"Alta Verapaz",16,"San Juan Chamelco",10,3035,380,,,,,,,,,,,,,,,,,,,,,,,,,,,0,,,
19821,"Alta Verapaz",16,"San Juan Chamelco",10,3035,380,120,1,79,12,2,3,108,8,0,0,0,0,0,333,10,7,350,0,350,--,380,30,333,350,350,Algún campo sin dato,1,125d67774825a2f95f62a530726d4078a4f0ed6b3cf3258279a25892b42e61bb,26/06/2023 00:25:05,ESCANER
19822,"Alta Verapaz",16,"San Juan Chamelco",10,3035,380,104,4,80,10,7,0,109,5,0,0,3,1,0,323,16,5,344,0,344,--,372,28,323,344,344,Algún campo sin dato,1,ddbcc16a4d3ae0c7f59771d7719d60ce965f12058f56b9302007707acb3b650e,26/06/2023 00:14:40,ESCANER
19823,"Alta Verapaz",16,"San Juan Chamelco",10,3035,380,,,,,,,,,,,,,,,,,,,,,,,,,,,0,,,
19824,"Alta Verapaz",16,"San Juan Chamelco",10,3035,380,85,1,73,6,3,2,112,4,0,1,1,0,0,288,1,2,291,0,291,--,380,89,288,291,291,Algún campo sin dato,1,fa701c9b6115a13ecc9929012a306523644125a1d6d93f347d02fbb5b3493018,25/06/2023 23:10:06,ESCANER
19825,"Alta Verapaz",16,"San Juan Chamelco",10,3036,211,52,0,40,8,3,0,63,4,0,0,0,1,0,171,2,1,174,0,174,--,211,37,171,174,174,Algún campo sin dato,1,aa36ca9c07d74b4b7b7ae3d0f5f67201bee547a355358a34ebcc2c70854f395d,25/06/2023 23:05:36,ESCANER
19826,"Alta Verapaz",16,"San Juan Chamelco",10,3036,211,57,0,36,7,0,0,61,4,0,0,0,1,0,166,2,0,168,0,168,--,208,40,166,168,168,Algún campo sin dato,1,d1ea5c5065acff1249a37e58daecb8aa5b9acab3a10788f698fc08093f0f447f,26/06/2023 00:14:46,ESCANER
19827,"Alta Verapaz",16,"San Juan Chamelco",10,3037,388,,,,,,,,,,,,,,,,,,,,,,,,,,,0,,,