﻿TIPO_DE_ELECCIÓN:,CORPORACIÓN MUNICIPAL
26 junio 2023 00:25 (UTC -6)
ACTAS_ESPERADAS,ACTAS_CAPTURADAS,PORCENTAJE_ACTAS_CAPTURADAS,ACTAS_CONTABILIZADAS,PORCENTAJE_ACTAS_CONTABILIZADAS,ACTAS_NO_CONTABILIZADAS,LISTA_NOMINAL_ACTAS_CONTABILIZADAS,VOTOS_EMITIDOS_CONTABILIZADAS,PORCENTAJE_PARTICIPACIÓN_CIUDADANA
109,28,25.6880,28,25.6880,0,9696,4807,49.5771

MESA,DEPARTAMENTO,ID_DEPARTAMENTO,MUNICIPIO,ID_MUNICIPIO,CENTRO_DE_VOTACIÓN,PADRÓN,TODOS,UNIONISTA,PODEMOS,CABAL,MAS UNIDOS,BIEN,AZUL,MLP,VICTORIA,ELEFANTE,VIVA,VOS,UNE,CAMBIO,VALOR,PPN,URNG-MAIZ WINAQ,MI FAMILIA,FCN-NACION,VÁLIDOS,NULOS,BLANCO,EMITIDOS,INVÁLIDOS,TOTAL,IMPUGNACIONES,PAPELETAS-RECIBIDAS,PAPELETAS-NO-USADAS,VALIDOS_CALCULADO,EMITIDOS_CALCULADO,TOTAL_CALCULADO,OBSERVACIONES,CONTABILIZADA,CÓDIGO_INTEGRIDAD,FECHA_HORA_PUBLICACIÓN,DIGITALIZACIÓN
6081,"Chimaltenango",3,"San Martín Jilotepeque",3,648,400,,,,,,,,,,,,,,,,,,,,,,,,,,,,,,,,,0,,,
6082,"Chimaltenango",3,"San Martín Jilotepeque",3,648,400,,,,,,,,,,,,,,,,,,,,,,,,,,,,,,,,,0,,,
6083,"Chimaltenango",3,"San Martín Jilotepeque",3,648,400,,,,,,,,,,,,,,,,,,,,,,,,,,,,,,,,,0,,,
6084,"Chimaltenango",3,"San Martín Jilotepeque",3,648,400,,,,,,,,,,,,,,,,,,,,,,,,,,,,,,,,,0,,,
6085,"Chimaltenango",3,"San Martín Jilotepeque",3,648,400,,,,,,,,,,,,,,,,,,,,,,,,,,,,,,,,,0,,,
6086,"Chimaltenango",3,"San Martín Jilotepeque",3,648,400,,,,,,,,,,,,,,,,,,,,,,,,,,,,,,,,,0,,,
6087,"Chimaltenango",3,"San Martín Jilotepeque",3,648,400,,,,,,,,,,,,,,,,,,,,,,,,,,,,,,,,,0,,,
6088,"Chimaltenango",3,"San Martín Jilotepeque",3,648,400,,,,,,,,,,,,,,,,,,,,,,,,,,,,,,,,,0,,,
6089,"Chimaltenango",3,"San Martín Jilotepeque",3,648,400,,,,,,,,,,,,,,,,,,,,,,,,,,,,,,,,,0,,,
6090,"Chimaltenango",3,"San Martín Jilotepeque",3,648,400,,,,,,,,,,,,,,,,,,,,,,,,,,,,,,,,,0,,,
6091,"Chimaltenango",3,"San Martín Jilotepeque",3,648,400,,,,,,,,,,,,,,,,,,,,,,,,,,,,,,,,,0,,,
6092,"Chimaltenango",3,"San Martín Jilotepeque",3,648,400,,,,,,,,,,,,,,,,,,,,,,,,,,,,,,,,,0,,,
6093,"Chimaltenango",3,"San Martín Jilotepeque",3,648,400,,,,,,,,,,,,,,,,,,,,,,,,,,,,,,,,,0,,,
6094,"Chimaltenango",3,"San Martín Jilotepeque",3,648,400,,,,,,,,,,,,,,,,,,,,,,,,,,,,,,,,,0,,,
6095,"Chimaltenango",3,"San Martín Jilotepeque",3,648,400,,,,,,,,,,,,,,,,,,,,,,,,,,,,,,,,,0,,,
6096,"Chimaltenango",3,"San Martín Jilotepeque",3,648,400,,,,,,,,,,,,,,,,,,,,,,,,,,,,,,,,,0,,,
6097,"Chimaltenango",3,"San Martín Jilotepeque",3,648,400,,,,,,,,,,,,,,,,,,,,,,,,,,,,,,,,,0,,,
6098,"Chimaltenango",3,"San Martín Jilotepeque",3,648,400,,,,,,,,,,,,,,,,,,,,,,,,,,,,,,,,,0,,,
6099,"Chimaltenango",3,"San Martín Jilotepeque",3,648,400,,,,,,,,,,,,,,,,,,,,,,,,,,,,,,,,,0,,,
6100,"Chimaltenango",3,"San Martín Jilotepeque",3,648,400,,,,,,,,,,,,,,,,,,,,,,,,,,,,,,,,,0,,,
6101,"Chimaltenango",3,"San Martín Jilotepeque",3,648,400,45,10,54,22,19,17,8,2,22,3,3,5,5,12,9,4,10,4,4,258,10,4,272,0,272,0,400,128,258,272,272,,1,f42d293b6f15bea06ecd7dcbf3ff21a82aee65c0e68fd085ee2feb1dbcb8f17d,25/06/2023 23:33:04,ESCANER
6102,"Chimaltenango",3,"San Martín Jilotepeque",3,648,400,,,,,,,,,,,,,,,,,,,,,,,,,,,,,,,,,0,,,
6103,"Chimaltenango",3,"San Martín Jilotepeque",3,649,400,,,,,,,,,,,,,,,,,,,,,,,,,,,,,,,,,0,,,
6104,"Chimaltenango",3,"San Martín Jilotepeque",3,649,400,,,,,,,,,,,,,,,,,,,,,,,,,,,,,,,,,0,,,
6105,"Chimaltenango",3,"San Martín Jilotepeque",3,649,400,,,,,,,,,,,,,,,,,,,,,,,,,,,,,,,,,0,,,
6106,"Chimaltenango",3,"San Martín Jilotepeque",3,649,400,,,,,,,,,,,,,,,,,,,,,,,,,,,,,,,,,0,,,
6107,"Chimaltenango",3,"San Martín Jilotepeque",3,649,400,,,,,,,,,,,,,,,,,,,,,,,,,,,,,,,,,0,,,
6108,"Chimaltenango",3,"San Martín Jilotepeque",3,649,400,,,,,,,,,,,,,,,,,,,,,,,,,,,,,,,,,0,,,
6109,"Chimaltenango",3,"San Martín Jilotepeque",3,649,400,,,,,,,,,,,,,,,,,,,,,,,,,,,,,,,,,0,,,
6110,"Chimaltenango",3,"San Martín Jilotepeque",3,649,400,,,,,,,,,,,,,,,,,,,,,,,,,,,,,,,,,0,,,
6111,"Chimaltenango",3,"San Martín Jilotepeque",3,649,400,,,,,,,,,,,,,,,,,,,,,,,,,,,,,,,,,0,,,
6112,"Chimaltenango",3,"San Martín Jilotepeque",3,649,400,,,,,,,,,,,,,,,,,,,,,,,,,,,,,,,,,0,,,
6113,"Chimaltenango",3,"San Martín Jilotepeque",3,649,400,,,,,,,,,,,,,,,,,,,,,,,,,,,,,,,,,0,,,
6114,"Chimaltenango",3,"San Martín Jilotepeque",3,649,400,,,,,,,,,,,,,,,,,,,,,,,,,,,,,,,,,0,,,
6115,"Chimaltenango",3,"San Martín Jilotepeque",3,649,400,,,,,,,,,,,,,,,,,,,,,,,,,,,,,,,,,0,,,
6116,"Chimaltenango",3,"San Martín Jilotepeque",3,649,208,19,1,25,10,10,3,0,0,13,1,3,2,0,8,2,1,3,3,0,104,0,0,104,2,106,--,208,102,104,104,106,Algún campo sin dato,1,a64236350e12a77b045984f1d78068470089de29f0b526a5161b23fc49670465,25/06/2023 23:11:27,ESCANER
6117,"Chimaltenango",3,"San Martín Jilotepeque",3,649,208,14,2,26,6,10,4,0,0,8,3,0,2,0,3,2,2,2,3,0,87,7,0,94,0,94,--,208,114,87,94,94,Algún campo sin dato,1,48e05f3c8308163f01956e7bbb488bd14dba921533b012b9f76a5dea9632adc4,26/06/2023 00:18:12,ESCANER
6118,"Chimaltenango",3,"San Martín Jilotepeque",3,650,380,,,,,,,,,,,,,,,,,,,,,,,,,,,,,,,,,0,,,
6119,"Chimaltenango",3,"San Martín Jilotepeque",3,650,380,,,,,,,,,,,,,,,,,,,,,,,,,,,,,,,,,0,,,
6120,"Chimaltenango",3,"San Martín Jilotepeque",3,650,380,44,3,37,21,13,12,1,1,17,0,2,0,2,4,10,3,4,5,0,179,22,11,212,--,212,--,380,168,179,212,212,Algún campo sin dato,1,9bc3a485f40c2b2d69913c36e64db130df23cee5df712e8ab5eec12fb814a14d,26/06/2023 00:13:35,ESCANER
6121,"Chimaltenango",3,"San Martín Jilotepeque",3,650,380,55,1,28,22,7,8,0,1,19,2,3,0,7,9,10,2,4,1,0,179,18,8,205,0,205,1,380,175,179,205,205,,1,e6ff768e6215543015cbe7e739527d357c18330e2172f6dc88189cd9b474949d,25/06/2023 23:59:39,ESCANER
6122,"Chimaltenango",3,"San Martín Jilotepeque",3,650,266,44,2,24,15,9,7,0,3,9,1,0,0,0,6,13,2,4,4,2,145,5,1,151,0,151,0,266,115,145,151,151,,1,543316210776c0a37ec1d559f2506c4a0faa001f0cac131b02ba39ea0f77edfa,25/06/2023 23:17:06,ESCANER
6123,"Chimaltenango",3,"San Martín Jilotepeque",3,650,266,,,,,,,,,,,,,,,,,,,,,,,,,,,,,,,,,0,,,
6124,"Chimaltenango",3,"San Martín Jilotepeque",3,651,380,,,,,,,,,,,,,,,,,,,,,,,,,,,,,,,,,0,,,
6125,"Chimaltenango",3,"San Martín Jilotepeque",3,651,380,29,3,51,8,49,15,2,0,3,0,1,2,4,2,5,2,2,2,0,180,26,9,215,0,215,--,380,165,180,215,215,Algún campo sin dato,1,001e6545303388be275e836c47b5826d77a50301f8d587374698c4e71df06c04,25/06/2023 23:47:35,ESCANER
6126,"Chimaltenango",3,"San Martín Jilotepeque",3,651,380,,,,,,,,,,,,,,,,,,,,,,,,,,,,,,,,,0,,,
6127,"Chimaltenango",3,"San Martín Jilotepeque",3,651,380,,,,,,,,,,,,,,,,,,,,,,,,,,,,,,,,,0,,,
6128,"Chimaltenango",3,"San Martín Jilotepeque",3,651,380,,,,,,,,,,,,,,,,,,,,,,,,,,,,,,,,,0,,,
6129,"Chimaltenango",3,"San Martín Jilotepeque",3,651,380,,,,,,,,,,,,,,,,,,,,,,,,,,,,,,,,,0,,,
6130,"Chimaltenango",3,"San Martín Jilotepeque",3,651,380,,,,,,,,,,,,,,,,,,,,,,,,,,,,,,,,,0,,,
6131,"Chimaltenango",3,"San Martín Jilotepeque",3,651,380,29,11,45,9,23,9,0,1,5,1,0,2,4,3,6,1,1,2,0,152,15,3,170,0,170,--,380,210,152,170,170,Algún campo sin dato,1,b9c8662b14291f3de92128f0a72a5016e84201fe82921217c87a583d6c1c338a,25/06/2023 23:12:50,ESCANER
6132,"Chimaltenango",3,"San Martín Jilotepeque",3,651,380,,,,,,,,,,,,,,,,,,,,,,,,,,,,,,,,,0,,,
6133,"Chimaltenango",3,"San Martín Jilotepeque",3,651,380,,,,,,,,,,,,,,,,,,,,,,,,,,,,,,,,,0,,,
6134,"Chimaltenango",3,"San Martín Jilotepeque",3,651,380,,,,,,,,,,,,,,,,,,,,,,,,,,,,,,,,,0,,,
6135,"Chimaltenango",3,"San Martín Jilotepeque",3,651,380,29,9,63,15,24,6,0,2,3,0,0,0,5,0,2,1,2,0,1,162,27,12,201,0,201,0,380,179,162,201,201,,1,27778b2aee96e316c2b984b6b222ad095862f56731d0ac04619c6099fdfb3cce,26/06/2023 00:21:29,ESCANER
6136,"Chimaltenango",3,"San Martín Jilotepeque",3,651,380,37,12,52,15,19,15,0,0,3,0,1,4,1,0,0,3,1,2,0,165,13,8,186,0,186,0,380,194,165,186,186,,1,c661fc89738533c3c18794f596db91dbb9cfc1a77bdbf9cc09e9f28e91bfd776,25/06/2023 23:29:10,ESCANER
6137,"Chimaltenango",3,"San Martín Jilotepeque",3,651,380,,,,,,,,,,,,,,,,,,,,,,,,,,,,,,,,,0,,,
6138,"Chimaltenango",3,"San Martín Jilotepeque",3,651,362,37,10,45,7,22,4,0,0,2,0,0,0,0,0,2,1,0,2,0,132,3,0,135,--,--,0,362,227,132,135,135,Algún campo sin dato,1,e51612d778bf08b78fba0d5432260accd10da8f4c03b2f27b35c93ec13da69a2,25/06/2023 23:28:24,ESCANER
6139,"Chimaltenango",3,"San Martín Jilotepeque",3,651,362,,,,,,,,,,,,,,,,,,,,,,,,,,,,,,,,,0,,,
6140,"Chimaltenango",3,"San Martín Jilotepeque",3,652,380,83,9,61,6,5,6,2,0,7,0,3,0,5,5,3,2,3,1,0,201,21,6,228,0,228,0,380,152,201,228,228,,1,38333d06f44576d50b2afb86a34d952f641d745afcf6a67c48c7f07de01739ab,25/06/2023 23:39:48,ESCANER
6141,"Chimaltenango",3,"San Martín Jilotepeque",3,652,380,115,5,47,4,7,4,1,2,2,1,2,0,0,4,0,1,7,1,1,204,12,10,226,0,226,0,380,154,204,226,226,,1,9355308b5e2019056cd391e61f994b8c4a5a194c9a39cede8ac136a144b17ad8,26/06/2023 00:03:52,ESCANER
6142,"Chimaltenango",3,"San Martín Jilotepeque",3,652,380,102,4,43,1,6,8,0,0,6,2,1,0,10,3,1,7,3,3,1,201,5,0,206,14,220,0,380,160,201,206,220,,1,f4b0277dbc8696f3b462276fd528fcee832b6ecdbe6804302c0ae00007d75964,25/06/2023 23:53:30,ESCANER
6143,"Chimaltenango",3,"San Martín Jilotepeque",3,652,380,80,2,45,4,7,7,1,0,6,0,1,0,2,8,0,2,3,1,1,170,9,1,180,1,181,0,380,199,170,180,181,,1,b6e50ea21639dbbdfc628e68657428795da898ad6f6cc8678b9b51a3a43be08e,26/06/2023 00:18:33,ESCANER
6144,"Chimaltenango",3,"San Martín Jilotepeque",3,652,380,102,1,52,3,12,11,0,0,4,1,1,0,3,3,0,3,10,0,1,207,18,7,232,0,232,0,380,148,207,232,232,,1,bd9e6709fa2a1d90e22989f56f6ecc3a2ba11cf9f73dd804773140a3a0f2ea70,26/06/2023 00:10:02,ESCANER
6145,"Chimaltenango",3,"San Martín Jilotepeque",3,652,380,79,0,35,7,6,11,1,1,6,1,1,0,5,3,3,3,4,3,0,169,15,6,190,0,190,0,380,190,169,190,190,,1,90e537226388fa4073afbabc6f17040b8c870f6b9189f007ec737da66ba258ad,25/06/2023 23:34:34,ESCANER
6146,"Chimaltenango",3,"San Martín Jilotepeque",3,652,219,56,3,26,4,3,6,0,0,0,1,0,3,1,0,1,1,4,1,0,110,5,0,115,0,115,0,219,104,110,115,115,,1,173be38a5c0ebaecd07883ee36930084dbd38b34198841c03dcb5d2d7a32ee0a,25/06/2023 22:19:51,ESCANER
6147,"Chimaltenango",3,"San Martín Jilotepeque",3,652,218,44,2,26,6,4,5,0,0,2,1,0,0,3,1,0,1,0,0,0,95,3,3,101,0,101,0,218,117,95,101,101,,1,665e92eb39bc681f1b4a183a072169f96aa6d4987fca67a958303196f0497f13,25/06/2023 23:50:28,ESCANER
6148,"Chimaltenango",3,"San Martín Jilotepeque",3,653,380,,,,,,,,,,,,,,,,,,,,,,,,,,,,,,,,,0,,,
6149,"Chimaltenango",3,"San Martín Jilotepeque",3,653,380,,,,,,,,,,,,,,,,,,,,,,,,,,,,,,,,,0,,,
6150,"Chimaltenango",3,"San Martín Jilotepeque",3,653,380,,,,,,,,,,,,,,,,,,,,,,,,,,,,,,,,,0,,,
6151,"Chimaltenango",3,"San Martín Jilotepeque",3,653,380,,,,,,,,,,,,,,,,,,,,,,,,,,,,,,,,,0,,,
6152,"Chimaltenango",3,"San Martín Jilotepeque",3,653,380,,,,,,,,,,,,,,,,,,,,,,,,,,,,,,,,,0,,,
6153,"Chimaltenango",3,"San Martín Jilotepeque",3,653,380,,,,,,,,,,,,,,,,,,,,,,,,,,,,,,,,,0,,,
6154,"Chimaltenango",3,"San Martín Jilotepeque",3,653,380,,,,,,,,,,,,,,,,,,,,,,,,,,,,,,,,,0,,,
6155,"Chimaltenango",3,"San Martín Jilotepeque",3,653,380,,,,,,,,,,,,,,,,,,,,,,,,,,,,,,,,,0,,,
6156,"Chimaltenango",3,"San Martín Jilotepeque",3,653,380,,,,,,,,,,,,,,,,,,,,,,,,,,,,,,,,,0,,,
6157,"Chimaltenango",3,"San Martín Jilotepeque",3,653,380,,,,,,,,,,,,,,,,,,,,,,,,,,,,,,,,,0,,,
6158,"Chimaltenango",3,"San Martín Jilotepeque",3,653,311,,,,,,,,,,,,,,,,,,,,,,,,,,,,,,,,,0,,,
6159,"Chimaltenango",3,"San Martín Jilotepeque",3,653,311,,,,,,,,,,,,,,,,,,,,,,,,,,,,,,,,,0,,,
6160,"Chimaltenango",3,"San Martín Jilotepeque",3,654,380,,,,,,,,,,,,,,,,,,,,,,,,,,,,,,,,,0,,,
6161,"Chimaltenango",3,"San Martín Jilotepeque",3,654,380,,,,,,,,,,,,,,,,,,,,,,,,,,,,,,,,,0,,,
6162,"Chimaltenango",3,"San Martín Jilotepeque",3,654,380,20,3,121,4,23,11,3,0,20,2,1,0,5,9,1,0,7,1,0,231,21,3,255,0,255,0,380,125,231,255,255,,1,12972e8de1d4fe6eb013166cbf05d42a09ebe7231bc78144153b12ad33d6461b,26/06/2023 00:09:16,ESCANER
6163,"Chimaltenango",3,"San Martín Jilotepeque",3,654,380,,,,,,,,,,,,,,,,,,,,,,,,,,,,,,,,,0,,,
6164,"Chimaltenango",3,"San Martín Jilotepeque",3,654,380,,,,,,,,,,,,,,,,,,,,,,,,,,,,,,,,,0,,,
6165,"Chimaltenango",3,"San Martín Jilotepeque",3,654,380,,,,,,,,,,,,,,,,,,,,,,,,,,,,,,,,,0,,,
6166,"Chimaltenango",3,"San Martín Jilotepeque",3,654,380,,,,,,,,,,,,,,,,,,,,,,,,,,,,,,,,,0,,,
6167,"Chimaltenango",3,"San Martín Jilotepeque",3,654,380,,,,,,,,,,,,,,,,,,,,,,,,,,,,,,,,,0,,,
6168,"Chimaltenango",3,"San Martín Jilotepeque",3,654,380,,,,,,,,,,,,,,,,,,,,,,,,,,,,,,,,,0,,,
6169,"Chimaltenango",3,"San Martín Jilotepeque",3,654,216,,,,,,,,,,,,,,,,,,,,,,,,,,,,,,,,,0,,,
6170,"Chimaltenango",3,"San Martín Jilotepeque",3,654,215,10,2,60,3,12,2,1,1,3,0,2,2,0,6,1,0,2,0,0,107,6,1,114,0,114,0,215,101,107,114,114,,1,d901ca4f23513a67819b9b4429e7e011e54a5f89eb80c8e9907bb7f6227a0bbf,25/06/2023 23:28:29,ESCANER
6171,"Chimaltenango",3,"San Martín Jilotepeque",3,655,380,,,,,,,,,,,,,,,,,,,,,,,,,,,,,,,,,0,,,
6172,"Chimaltenango",3,"San Martín Jilotepeque",3,655,380,,,,,,,,,,,,,,,,,,,,,,,,,,,,,,,,,0,,,
6173,"Chimaltenango",3,"San Martín Jilotepeque",3,655,380,,,,,,,,,,,,,,,,,,,,,,,,,,,,,,,,,0,,,
6174,"Chimaltenango",3,"San Martín Jilotepeque",3,655,380,,,,,,,,,,,,,,,,,,,,,,,,,,,,,,,,,0,,,
6175,"Chimaltenango",3,"San Martín Jilotepeque",3,655,282,22,0,66,6,13,3,1,1,19,2,0,1,1,2,2,0,7,0,0,146,5,2,153,0,153,--,282,129,146,153,153,Algún campo sin dato,1,94c00c7e35acfe74415078ea8083c344d51217bce9d8e4e61357c9910ebcdb0e,25/06/2023 22:05:51,ESCANER
6176,"Chimaltenango",3,"San Martín Jilotepeque",3,655,281,,,,,,,,,,,,,,,,,,,,,,,,,,,,,,,,,0,,,
6177,"Chimaltenango",3,"San Martín Jilotepeque",3,656,380,,,,,,,,,,,,,,,,,,,,,,,,,,,,,,,,,0,,,
6178,"Chimaltenango",3,"San Martín Jilotepeque",3,656,380,,,,,,,,,,,,,,,,,,,,,,,,,,,,,,,,,0,,,
6179,"Chimaltenango",3,"San Martín Jilotepeque",3,656,380,38,5,88,5,12,31,2,1,9,3,0,0,3,15,1,2,5,5,0,225,9,4,238,0,238,0,380,142,225,238,238,,1,f07664fdb15ce3fc865559dfcb3f11b28331dd98d59c99f36a7579942048753a,25/06/2023 23:17:29,ESCANER
6180,"Chimaltenango",3,"San Martín Jilotepeque",3,656,380,,,,,,,,,,,,,,,,,,,,,,,,,,,,,,,,,0,,,
6181,"Chimaltenango",3,"San Martín Jilotepeque",3,656,380,,,,,,,,,,,,,,,,,,,,,,,,,,,,,,,,,0,,,
6182,"Chimaltenango",3,"San Martín Jilotepeque",3,656,262,24,3,51,4,7,30,0,0,11,2,0,0,1,9,3,0,3,8,0,156,0,1,157,0,157,--,262,105,156,157,157,Algún campo sin dato,1,f19950beddac7676c42497060805ead50b2bdc762c967c55999784d8a44c5b3e,26/06/2023 00:21:39,ESCANER
6183,"Chimaltenango",3,"San Martín Jilotepeque",3,656,261,17,3,31,4,8,18,0,0,6,1,1,0,1,11,7,1,4,12,0,125,3,0,128,0,128,--,261,133,125,128,128,Algún campo sin dato,1,290aab1a9b0b28c4f45988a3b169341ad97e3f632d645d9655c55ab93adf93d7,25/06/2023 22:40:17,ESCANER
6184,"Chimaltenango",3,"San Martín Jilotepeque",3,657,600,,,,,,,,,,,,,,,,,,,,,,,,,,,,,,,,,0,,,
6185,"Chimaltenango",3,"San Martín Jilotepeque",3,657,600,,,,,,,,,,,,,,,,,,,,,,,,,,,,,,,,,0,,,
6186,"Chimaltenango",3,"San Martín Jilotepeque",3,657,600,,,,,,,,,,,,,,,,,,,,,,,,,,,,,,,,,0,,,
6187,"Chimaltenango",3,"San Martín Jilotepeque",3,657,600,19,6,35,12,21,9,3,0,14,2,4,1,4,11,3,0,11,4,1,160,14,5,179,0,179,0,600,421,160,179,179,,1,291e8725893d54c5cbcdac81c58c57ddb70579a718a7f098d2ea6a17d820adab,26/06/2023 00:09:37,ESCANER
6188,"Chimaltenango",3,"San Martín Jilotepeque",3,657,438,17,3,33,4,14,7,0,0,8,5,0,1,2,2,4,1,2,0,0,103,11,2,116,0,116,0,438,322,103,116,116,,1,9ee8ac9a6162b177422214045a0821746f6c872507010a4b68bed1f8bc0734d8,26/06/2023 00:01:19,ESCANER
6189,"Chimaltenango",3,"San Martín Jilotepeque",3,657,437,6,1,6,1,6,2,1,3,1,1,0,0,1,2,1,0,3,3,0,38,5,1,44,0,44,--,437,393,38,44,44,Algún campo sin dato,1,644181715a2c95bcbc80c8f65130afc1afa8cac8e240878612fd009c12f516ea,25/06/2023 21:57:02,ESCANER