﻿TIPO_DE_ELECCIÓN:,CORPORACIÓN MUNICIPAL
26 junio 2023 00:25 (UTC -6)
ACTAS_ESPERADAS,ACTAS_CAPTURADAS,PORCENTAJE_ACTAS_CAPTURADAS,ACTAS_CONTABILIZADAS,PORCENTAJE_ACTAS_CONTABILIZADAS,ACTAS_NO_CONTABILIZADAS,LISTA_NOMINAL_ACTAS_CONTABILIZADAS,VOTOS_EMITIDOS_CONTABILIZADAS,PORCENTAJE_PARTICIPACIÓN_CIUDADANA
53,39,73.5849,39,73.5849,0,14508,9154,63.0962

MESA,DEPARTAMENTO,ID_DEPARTAMENTO,MUNICIPIO,ID_MUNICIPIO,CENTRO_DE_VOTACIÓN,PADRÓN,UNE,VAMOS,VICTORIA,CABAL,TODOS,PR,BIEN,VALOR UNIONISTA,VÁLIDOS,NULOS,BLANCO,EMITIDOS,INVÁLIDOS,TOTAL,IMPUGNACIONES,PAPELETAS-RECIBIDAS,PAPELETAS-NO-USADAS,VALIDOS_CALCULADO,EMITIDOS_CALCULADO,TOTAL_CALCULADO,OBSERVACIONES,CONTABILIZADA,CÓDIGO_INTEGRIDAD,FECHA_HORA_PUBLICACIÓN,DIGITALIZACIÓN
17942,"Quiché",14,"Chicamán",19,2739,400,168,114,2,2,2,0,1,37,326,4,3,333,0,333,--,400,67,326,333,333,Algún campo sin dato,1,bef31be920c58d11a606aad79cb76cd6b303db4032dd88fa2dc27c7a22505e95,25/06/2023 22:24:01,ESCANER
17943,"Quiché",14,"Chicamán",19,2739,400,144,135,1,2,1,1,0,27,311,3,2,316,0,316,--,400,84,311,316,316,Algún campo sin dato,1,8dde63eb2e29d2a6c690199bc7ef2fe8288428ae2fa63d3dcaf19c25df7b0b37,25/06/2023 23:59:38,ESCANER
17944,"Quiché",14,"Chicamán",19,2739,400,175,115,1,4,1,1,0,25,322,5,0,327,0,327,--,400,73,322,327,327,Algún campo sin dato,1,5491a1f345a9514dd857386165899df76c7bbbb1dd2b04d3a9f44b99d14ad925,25/06/2023 23:42:03,ESCANER
17945,"Quiché",14,"Chicamán",19,2739,400,,,,,,,,,,,,,,,,,,,,,,0,,,
17946,"Quiché",14,"Chicamán",19,2739,400,159,121,1,1,1,0,0,19,302,5,2,--,--,309,--,400,91,302,309,309,Algún campo sin dato,1,eff015fb7e24f550112b5e2ae7e687ffe7d06b9e8ddbcaf77dea02ad0dbb4882,25/06/2023 22:57:26,ESCANER
17947,"Quiché",14,"Chicamán",19,2739,400,156,109,1,5,1,0,2,20,294,5,0,299,0,299,--,400,101,294,299,299,Algún campo sin dato,1,95c45a1fc608b2822ef1ad6636d412fb13ab3dce38d8f768c19b47e23d16c3a4,25/06/2023 22:11:59,ESCANER
17948,"Quiché",14,"Chicamán",19,2739,400,,,,,,,,,,,,,,,,,,,,,,0,,,
17949,"Quiché",14,"Chicamán",19,2739,400,154,104,1,4,1,0,0,27,291,9,1,301,0,301,--,400,99,291,301,301,Algún campo sin dato,1,9a81cc26555d4864ac7349d27ed73f939965a22fecfc4a0ddddf1f24f37b5e3d,25/06/2023 23:10:30,ESCANER
17950,"Quiché",14,"Chicamán",19,2739,400,144,102,1,2,1,0,1,40,291,6,0,297,0,297,--,400,103,291,297,297,Algún campo sin dato,1,6fec769813a38f15a66543f0203ecb978cd5184047858f1eb3fd054224b61dc9,25/06/2023 22:22:36,ESCANER
17951,"Quiché",14,"Chicamán",19,2739,400,,,,,,,,,,,,,,,,,,,,,,0,,,
17952,"Quiché",14,"Chicamán",19,2739,400,153,115,1,2,0,0,0,18,289,5,3,297,0,297,--,400,103,289,297,297,Algún campo sin dato,1,3d484418ccd26d9ee7c5c19e7dbab16ac29d3b45366de0209039f967032fcbb4,25/06/2023 23:41:04,ESCANER
17953,"Quiché",14,"Chicamán",19,2739,400,153,87,1,2,1,--,1,17,262,1,1,264,0,264,--,400,133,262,264,264,Algún campo sin dato,1,3e1272b6f5e12be453848e52d8fa6835b9e1e345230a8b2a0d907efe1cc1a243,25/06/2023 23:21:45,ESCANER
17954,"Quiché",14,"Chicamán",19,2739,400,140,117,1,0,0,0,0,17,275,2,0,277,0,277,--,400,123,275,277,277,Algún campo sin dato,1,f46f369b522f3bcfcaedf3414cdd942b743c5ba04e0e51a991a9dbe7aa5cb943,26/06/2023 00:02:53,ESCANER
17955,"Quiché",14,"Chicamán",19,2739,396,146,107,1,2,0,0,0,15,271,2,1,274,0,274,--,393,122,271,274,274,Algún campo sin dato,1,a8767d9e2ffe699f2d50a28f1f994512f20a337812c80db4a092f7dade991155,26/06/2023 00:24:44,ESCANER
17956,"Quiché",14,"Chicamán",19,2739,396,137,97,3,5,0,0,2,17,261,2,6,269,0,269,--,392,123,261,269,269,Algún campo sin dato,1,145210940c686fb723ae23205aecb4e323f36c6e5c4a55763218468d11b92ac5,25/06/2023 22:53:46,ESCANER
17957,"Quiché",14,"Chicamán",19,2740,400,113,81,33,6,2,0,0,10,245,14,2,261,0,261,--,400,139,245,261,261,Algún campo sin dato,1,f6869a5bdb9fc6dcce2fe021822aa815b943bd8275f81ca9c248dfe39384e0de,26/06/2023 00:22:31,ESCANER
17958,"Quiché",14,"Chicamán",19,2740,400,,,,,,,,,,,,,,,,,,,,,,0,,,
17959,"Quiché",14,"Chicamán",19,2740,400,133,63,38,2,4,0,0,6,246,7,4,257,0,257,--,400,143,246,257,257,Algún campo sin dato,1,a0e06543e1f575040683572bc30e2fb3a3803fac672a6db7a280026d8fa98805,25/06/2023 22:27:04,ESCANER
17960,"Quiché",14,"Chicamán",19,2740,400,82,67,30,3,10,0,1,5,198,9,8,215,0,215,--,400,185,198,215,215,Algún campo sin dato,1,2b3cb371ab684234f5cfcdf727a27af40659add49ae2425cbad819d291cc7505,25/06/2023 23:06:12,ESCANER
17961,"Quiché",14,"Chicamán",19,2740,400,,,,,,,,,,,,,,,,,,,,,,0,,,
17962,"Quiché",14,"Chicamán",19,2740,400,80,60,28,3,8,1,1,8,189,0,2,191,0,191,--,400,209,189,191,191,Algún campo sin dato,1,28d4f8f731bcbe1e43366892832ba2d5063bdc6c83a2bfe14f5db63274db7692,25/06/2023 23:41:16,ESCANER
17963,"Quiché",14,"Chicamán",19,2740,366,,,,,,,,,,,,,,,,,,,,,,0,,,
17964,"Quiché",14,"Chicamán",19,2740,366,114,49,35,5,1,--,--,10,214,3,--,214,--,217,--,366,149,214,217,217,Sumas Asentadas sin cuadrar,1,54800f473a1b52dff8114a9de53177b44b3e21bb9e78442796a6677734170bb0,25/06/2023 22:44:39,ESCANER
17965,"Quiché",14,"Chicamán",19,2741,400,63,107,1,20,3,3,3,1,201,25,3,229,0,229,--,400,171,201,229,229,Algún campo sin dato,1,db3bf5d06ff88d0f9aeb87b8928c8a4ea69f12aef80222471e0fc0ae5e66b8db,25/06/2023 22:49:44,ESCANER
17966,"Quiché",14,"Chicamán",19,2741,400,,,,,,,,,,,,,,,,,,,,,,0,,,
17967,"Quiché",14,"Chicamán",19,2741,400,,,,,,,,,,,,,,,,,,,,,,0,,,
17968,"Quiché",14,"Chicamán",19,2741,400,,,,,,,,,,,,,,,,,,,,,,0,,,
17969,"Quiché",14,"Chicamán",19,2741,400,43,123,2,26,4,1,4,3,206,17,3,226,0,226,--,400,174,206,226,226,Algún campo sin dato,1,dd495d702b77ddff12f941a1aacd6c3868399200d9f1f936b764ddc47c9ad0e2,25/06/2023 21:36:07,ESCANER
17970,"Quiché",14,"Chicamán",19,2741,299,27,87,1,18,2,1,2,2,140,4,0,144,0,144,--,299,155,140,144,144,Algún campo sin dato,1,84b18ac16ba7811820e63f376ec8346d1b504e764b3464741265a7e96608c98a,25/06/2023 20:53:30,ESCANER
17971,"Quiché",14,"Chicamán",19,2742,298,33,92,2,13,6,3,3,2,154,1,0,155,0,155,--,298,143,154,155,155,Algún campo sin dato,1,e1420c2e7f2e5ca63deab5ddf2ccfe91abfeb042533a38ab5c517489aa4b7306,25/06/2023 22:28:06,ESCANER
17972,"Quiché",14,"Chicamán",19,2743,400,86,114,4,17,8,1,2,2,234,25,15,274,0,274,--,400,126,234,274,274,Algún campo sin dato,1,a5b70d161f15c04b0d7a3e85c944cb50f51d37c0afa28a606322078718eee98c,25/06/2023 23:24:30,ESCANER
17973,"Quiché",14,"Chicamán",19,2743,400,110,121,2,14,15,0,3,2,267,17,7,291,0,291,--,400,109,267,291,291,Algún campo sin dato,1,dbae2f6506ed9eeb531487cfedcf15bbba2537e0fbd9e2e620ccad75933a7535,25/06/2023 23:39:54,ESCANER
17974,"Quiché",14,"Chicamán",19,2743,400,100,98,2,9,22,0,3,1,235,16,4,255,0,255,0,400,145,235,255,255,,1,c877b713c6a6730bb39a83b6efc8a51f03ce91a38a0680f540b93e293b3617be,25/06/2023 22:27:15,ESCANER
17975,"Quiché",14,"Chicamán",19,2743,400,70,93,1,10,6,1,0,4,185,17,6,208,0,208,--,397,189,185,208,208,Algún campo sin dato,1,19de9786956550ed4332d67b8b953ef6efd9499815f226b506b5fbaa72f1e0e9,25/06/2023 22:14:16,ESCANER
17976,"Quiché",14,"Chicamán",19,2743,293,52,70,2,4,10,0,0,2,140,6,0,146,0,146,--,293,147,140,146,146,Algún campo sin dato,1,709b55dea8acf38e3831978c619103eedf80cc95d410aa72fe4f6d8728e79e5c,25/06/2023 20:58:47,ESCANER
17977,"Quiché",14,"Chicamán",19,2743,292,53,67,1,9,11,0,0,2,143,5,3,151,0,151,--,292,141,143,151,151,Algún campo sin dato,1,531f9d13388d69f098237d9de51f17cd8437cc99b7f6ba143581662794b534bc,25/06/2023 21:57:49,ESCANER
17978,"Quiché",14,"Chicamán",19,2744,400,80,148,5,11,9,1,1,2,257,20,5,282,0,282,--,400,118,257,282,282,Algún campo sin dato,1,72b4234500fbe09e01d5f1bdf65f60d3ea234675bd4f7aaa642658814dce2111,25/06/2023 23:38:45,ESCANER
17979,"Quiché",14,"Chicamán",19,2744,336,77,94,0,9,2,0,0,3,185,14,4,203,0,203,--,336,133,185,203,203,Algún campo sin dato,1,676f14f054394b7d62cc350e23e8158405c7192547a7665fdddd3bd7d7415bf9,25/06/2023 23:08:10,ESCANER
17980,"Quiché",14,"Chicamán",19,2744,335,61,88,1,10,7,1,1,1,170,5,2,177,0,177,--,335,155,170,177,177,Algún campo sin dato,1,17720a3cc3e0e9029909f725a0a2548a8fcf8bccca21e22ac1820a91e26f0ac0,25/06/2023 23:39:17,ESCANER
17981,"Quiché",14,"Chicamán",19,2745,372,42,125,1,22,0,6,0,2,198,15,0,213,0,213,--,372,159,198,213,213,Algún campo sin dato,1,e47155c454dbd0406b637a31161ffed57b4fe5df9e4a2e95ae5e22c17b6467bc,25/06/2023 21:38:15,ESCANER
17982,"Quiché",14,"Chicamán",19,2746,380,139,29,7,11,9,1,4,9,209,23,11,243,0,243,--,380,137,209,243,243,Algún campo sin dato,1,24fa841bf1aaf7d1870bdbe49286a642ea37d47bb65d9669e9d3baa213b0be9f,25/06/2023 23:45:27,ESCANER
17983,"Quiché",14,"Chicamán",19,2746,380,131,52,13,6,4,0,3,6,215,15,10,240,0,240,--,377,137,215,240,240,Algún campo sin dato,1,150f32958efab7309c8ecbeaf4b6472061449d4e9826b63ada8ea68add5c798b,25/06/2023 23:09:33,ESCANER
17984,"Quiché",14,"Chicamán",19,2746,303,113,30,8,4,2,1,3,4,165,14,5,184,0,184,--,303,119,165,184,184,Algún campo sin dato,1,720ed860d83d47f4fbfcad0c3832d2c911b4849c0eab520f3cf8feeadd268350,25/06/2023 23:30:08,ESCANER
17985,"Quiché",14,"Chicamán",19,2746,303,105,18,11,3,0,0,5,2,144,7,2,153,0,153,--,303,150,144,153,153,Algún campo sin dato,1,e8c172196b5921018ed4d2f5dd72a52d031a8cf83398c4fbaa1bcbbef7e07a34,25/06/2023 22:36:15,ESCANER
17986,"Quiché",14,"Chicamán",19,2747,380,58,69,0,53,5,0,4,4,193,34,7,234,0,234,--,380,146,193,234,234,Algún campo sin dato,1,67ded37c5d8eefe41c109addc4d945e1eaf34cd6cd3d49889406237e564910ea,25/06/2023 23:35:27,ESCANER
17987,"Quiché",14,"Chicamán",19,2747,380,54,88,0,29,3,4,0,0,178,14,2,194,0,194,--,380,186,178,194,194,Algún campo sin dato,1,870bfe0edf9c694721d183440a4c63cbbf45e1e46476707756916761abe618ef,25/06/2023 23:43:38,ESCANER
17988,"Quiché",14,"Chicamán",19,2747,252,44,58,0,19,3,0,1,4,129,10,1,140,0,140,--,252,112,129,140,140,Algún campo sin dato,1,39d74f23d922684d9db1b53f9a03fe0de1e375c4c79df85a3457eadf42989281,25/06/2023 23:46:08,ESCANER
17989,"Quiché",14,"Chicamán",19,2747,251,,,,,,,,,,,,,,,,,,,,,,0,,,
17990,"Quiché",14,"Chicamán",19,2748,380,,,,,,,,,,,,,,,,,,,,,,0,,,
17991,"Quiché",14,"Chicamán",19,2749,380,,,,,,,,,,,,,,,,,,,,,,0,,,
17992,"Quiché",14,"Chicamán",19,2749,292,,,,,,,,,,,,,,,,,,,,,,0,,,
17993,"Quiché",14,"Chicamán",19,2749,292,,,,,,,,,,,,,,,,,,,,,,0,,,
17994,"Quiché",14,"Chicamán",19,2750,347,26,49,4,12,1,0,0,6,98,8,2,108,0,108,--,347,239,98,108,108,Algún campo sin dato,1,60a8b925b7940324ceef977816673ac0f7fb1d625848c800a41903984a89fe1c,25/06/2023 20:50:26,ESCANER