﻿TIPO_DE_ELECCIÓN:,CORPORACIÓN MUNICIPAL
26 junio 2023 00:25 (UTC -6)
ACTAS_ESPERADAS,ACTAS_CAPTURADAS,PORCENTAJE_ACTAS_CAPTURADAS,ACTAS_CONTABILIZADAS,PORCENTAJE_ACTAS_CONTABILIZADAS,ACTAS_NO_CONTABILIZADAS,LISTA_NOMINAL_ACTAS_CONTABILIZADAS,VOTOS_EMITIDOS_CONTABILIZADAS,PORCENTAJE_PARTICIPACIÓN_CIUDADANA
38,9,23.6842,9,23.6842,0,3217,2085,64.8119

MESA,DEPARTAMENTO,ID_DEPARTAMENTO,MUNICIPIO,ID_MUNICIPIO,CENTRO_DE_VOTACIÓN,PADRÓN,UNE,VALOR,CABAL,VAMOS,PODEMOS,UNIONISTA,VOS,MLP,VIVA,PPN,EL CHORRO,UR,ELEFANTE,VÁLIDOS,NULOS,BLANCO,EMITIDOS,INVÁLIDOS,TOTAL,IMPUGNACIONES,PAPELETAS-RECIBIDAS,PAPELETAS-NO-USADAS,VALIDOS_CALCULADO,EMITIDOS_CALCULADO,TOTAL_CALCULADO,OBSERVACIONES,CONTABILIZADA,CÓDIGO_INTEGRIDAD,FECHA_HORA_PUBLICACIÓN,DIGITALIZACIÓN
6731,"Chimaltenango",3,"Zaragoza",15,723,400,,,,,,,,,,,,,,,,,,,,,,,,,,,0,,,
6732,"Chimaltenango",3,"Zaragoza",15,723,400,,,,,,,,,,,,,,,,,,,,,,,,,,,0,,,
6733,"Chimaltenango",3,"Zaragoza",15,723,400,,,,,,,,,,,,,,,,,,,,,,,,,,,0,,,
6734,"Chimaltenango",3,"Zaragoza",15,723,400,,,,,,,,,,,,,,,,,,,,,,,,,,,0,,,
6735,"Chimaltenango",3,"Zaragoza",15,723,400,,,,,,,,,,,,,,,,,,,,,,,,,,,0,,,
6736,"Chimaltenango",3,"Zaragoza",15,723,400,,,,,,,,,,,,,,,,,,,,,,,,,,,0,,,
6737,"Chimaltenango",3,"Zaragoza",15,723,400,,,,,,,,,,,,,,,,,,,,,,,,,,,0,,,
6738,"Chimaltenango",3,"Zaragoza",15,723,400,46,79,46,33,12,12,1,2,8,22,14,0,4,279,16,1,296,0,296,0,400,104,279,296,296,,1,28e7d318388abdb98bf560dc6224eb0935ef9f9b778ffe676cdfb9dd21b96bd4,25/06/2023 23:46:26,ESCANER
6739,"Chimaltenango",3,"Zaragoza",15,724,400,,,,,,,,,,,,,,,,,,,,,,,,,,,0,,,
6740,"Chimaltenango",3,"Zaragoza",15,724,400,68,39,33,55,9,10,6,6,6,14,11,0,3,260,13,2,275,0,275,0,400,125,260,275,275,,1,94aefc3bc75d9389bd846ba6a5f1785dc93a41a8ba16d8b6cd8c1b534c5f7575,25/06/2023 23:16:34,ESCANER
6741,"Chimaltenango",3,"Zaragoza",15,724,400,,,,,,,,,,,,,,,,,,,,,,,,,,,0,,,
6742,"Chimaltenango",3,"Zaragoza",15,724,400,,,,,,,,,,,,,,,,,,,,,,,,,,,0,,,
6743,"Chimaltenango",3,"Zaragoza",15,724,400,48,57,42,27,9,11,4,5,11,21,17,2,3,257,3,3,263,6,263,0,397,134,257,263,269,Sumas Asentadas sin cuadrar,1,57082973c58d69ffa33be85c9262984be1ea1056c63d53f50e806b7549d655b9,26/06/2023 00:15:00,ESCANER
6744,"Chimaltenango",3,"Zaragoza",15,724,400,,,,,,,,,,,,,,,,,,,,,,,,,,,0,,,
6745,"Chimaltenango",3,"Zaragoza",15,724,400,,,,,,,,,,,,,,,,,,,,,,,,,,,0,,,
6746,"Chimaltenango",3,"Zaragoza",15,725,400,58,49,32,42,12,16,7,2,9,8,25,4,1,265,5,3,273,0,273,0,400,127,265,273,273,,1,0a45de159ee8010e55ffbeada8ea15287a3da82c2b857fd93b78ec5b2562b38c,26/06/2023 00:20:37,ESCANER
6747,"Chimaltenango",3,"Zaragoza",15,725,400,,,,,,,,,,,,,,,,,,,,,,,,,,,0,,,
6748,"Chimaltenango",3,"Zaragoza",15,725,400,,,,,,,,,,,,,,,,,,,,,,,,,,,0,,,
6749,"Chimaltenango",3,"Zaragoza",15,725,400,62,40,44,31,14,22,5,2,6,12,13,1,4,256,8,2,266,0,266,0,400,134,256,266,266,,1,7ac2aee902e0b2d9ffbd6b70185386a7f19739dbd987b2ec289ba97ca865e6bd,26/06/2023 00:23:28,ESCANER
6750,"Chimaltenango",3,"Zaragoza",15,725,400,58,36,48,30,12,13,6,0,6,8,17,1,3,238,12,2,252,0,252,0,400,148,238,252,252,,1,17030fd788b20c722489e3dd6bd6aeec2489f6bf31a15e010a904f2d044fe9a0,26/06/2023 00:04:00,ESCANER
6751,"Chimaltenango",3,"Zaragoza",15,725,400,,,,,,,,,,,,,,,,,,,,,,,,,,,0,,,
6752,"Chimaltenango",3,"Zaragoza",15,725,400,,,,,,,,,,,,,,,,,,,,,,,,,,,0,,,
6753,"Chimaltenango",3,"Zaragoza",15,725,400,,,,,,,,,,,,,,,,,,,,,,,,,,,0,,,
6754,"Chimaltenango",3,"Zaragoza",15,725,400,,,,,,,,,,,,,,,,,,,,,,,,,,,0,,,
6755,"Chimaltenango",3,"Zaragoza",15,725,400,,,,,,,,,,,,,,,,,,,,,,,,,,,0,,,
6756,"Chimaltenango",3,"Zaragoza",15,726,221,28,22,12,15,5,6,0,2,2,6,15,0,2,115,4,0,119,0,119,0,221,102,115,119,119,,1,afa9688815674271ca18be80a5a30b117734b5ad482d91db409ebaa195a947fc,25/06/2023 23:11:56,ESCANER
6757,"Chimaltenango",3,"Zaragoza",15,726,220,28,20,11,14,6,5,1,1,2,9,6,1,0,104,1,0,105,0,105,0,220,115,104,105,105,,1,94d35bb97c40190465187f2b883336ba70b922777e05dc08622e906cb25b12c2,25/06/2023 23:16:41,ESCANER
6758,"Chimaltenango",3,"Zaragoza",15,727,380,,,,,,,,,,,,,,,,,,,,,,,,,,,0,,,
6759,"Chimaltenango",3,"Zaragoza",15,727,376,2,49,24,124,4,4,0,7,4,1,0,0,0,219,13,4,236,0,236,--,376,140,219,236,236,Algún campo sin dato,1,c0d69ec60ec175fb9dd74749b1eec4614fc38ff1a7fdaef3568d50fda8c32aec,26/06/2023 00:20:02,ESCANER
6760,"Chimaltenango",3,"Zaragoza",15,727,375,,,,,,,,,,,,,,,,,,,,,,,,,,,0,,,
6761,"Chimaltenango",3,"Zaragoza",15,728,380,,,,,,,,,,,,,,,,,,,,,,,,,,,0,,,
6762,"Chimaltenango",3,"Zaragoza",15,728,380,,,,,,,,,,,,,,,,,,,,,,,,,,,0,,,
6763,"Chimaltenango",3,"Zaragoza",15,728,380,,,,,,,,,,,,,,,,,,,,,,,,,,,0,,,
6764,"Chimaltenango",3,"Zaragoza",15,728,380,,,,,,,,,,,,,,,,,,,,,,,,,,,0,,,
6765,"Chimaltenango",3,"Zaragoza",15,728,246,,,,,,,,,,,,,,,,,,,,,,,,,,,0,,,
6766,"Chimaltenango",3,"Zaragoza",15,728,246,,,,,,,,,,,,,,,,,,,,,,,,,,,0,,,
6767,"Chimaltenango",3,"Zaragoza",15,729,388,,,,,,,,,,,,,,,,,,,,,,,,,,,0,,,
6768,"Chimaltenango",3,"Zaragoza",15,729,388,,,,,,,,,,,,,,,,,,,,,,,,,,,0,,,