﻿TIPO_DE_ELECCIÓN:,CORPORACIÓN MUNICIPAL
26 junio 2023 00:25 (UTC -6)
ACTAS_ESPERADAS,ACTAS_CAPTURADAS,PORCENTAJE_ACTAS_CAPTURADAS,ACTAS_CONTABILIZADAS,PORCENTAJE_ACTAS_CONTABILIZADAS,ACTAS_NO_CONTABILIZADAS,LISTA_NOMINAL_ACTAS_CONTABILIZADAS,VOTOS_EMITIDOS_CONTABILIZADAS,PORCENTAJE_PARTICIPACIÓN_CIUDADANA
83,39,46.9879,39,46.9879,0,14437,9001,62.3467

MESA,DEPARTAMENTO,ID_DEPARTAMENTO,MUNICIPIO,ID_MUNICIPIO,CENTRO_DE_VOTACIÓN,PADRÓN,VALOR,AZUL,VAMOS,UNE,CABAL,VIVA,PODEMOS,PR,TODOS,FCN-NACION,BIEN,VÁLIDOS,NULOS,BLANCO,EMITIDOS,INVÁLIDOS,TOTAL,IMPUGNACIONES,PAPELETAS-RECIBIDAS,PAPELETAS-NO-USADAS,VALIDOS_CALCULADO,EMITIDOS_CALCULADO,TOTAL_CALCULADO,OBSERVACIONES,CONTABILIZADA,CÓDIGO_INTEGRIDAD,FECHA_HORA_PUBLICACIÓN,DIGITALIZACIÓN
7629,"Escuintla",5,"Masagua",5,863,400,,,,,,,,,,,,,,,,,,,,,,,,,0,,,
7630,"Escuintla",5,"Masagua",5,863,400,32,7,101,35,59,5,0,0,5,3,1,248,19,2,269,0,269,0,400,131,248,269,269,,1,e5a5c3185b27b7560f9125220784f75424d98b2d690df197b7f3e4c61b0b87d2,26/06/2023 00:03:50,ESCANER
7631,"Escuintla",5,"Masagua",5,863,400,,,,,,,,,,,,,,,,,,,,,,,,,0,,,
7632,"Escuintla",5,"Masagua",5,863,400,,,,,,,,,,,,,,,,,,,,,,,,,0,,,
7633,"Escuintla",5,"Masagua",5,863,400,,,,,,,,,,,,,,,,,,,,,,,,,0,,,
7634,"Escuintla",5,"Masagua",5,863,400,29,6,81,37,80,5,1,1,1,0,4,245,22,2,269,0,269,2,400,129,245,269,269,,1,9c3eed8d434971b069d22ed868a4f27070106e18e1b77cecccd614e26f505851,25/06/2023 22:55:55,ESCANER
7635,"Escuintla",5,"Masagua",5,863,400,27,1,106,27,58,5,0,1,2,1,0,228,9,0,237,10,247,10,400,153,228,237,247,,1,2d82ba88359d6eca11308aadcee41efe49a60939b79a87dfaae82930232acea7,26/06/2023 00:11:38,ESCANER
7636,"Escuintla",5,"Masagua",5,863,400,,,,,,,,,,,,,,,,,,,,,,,,,0,,,
7637,"Escuintla",5,"Masagua",5,863,400,30,6,91,27,73,6,1,0,5,1,1,241,15,0,256,0,256,--,256,144,241,256,256,Algún campo sin dato,1,de44e744ec6cfebd2531b0734a30de0f9bf768f390e642bc7c1b6d12f02e7142,25/06/2023 23:25:59,ESCANER
7638,"Escuintla",5,"Masagua",5,863,400,,,,,,,,,,,,,,,,,,,,,,,,,0,,,
7639,"Escuintla",5,"Masagua",5,863,400,,,,,,,,,,,,,,,,,,,,,,,,,0,,,
7640,"Escuintla",5,"Masagua",5,863,400,,,,,,,,,,,,,,,,,,,,,,,,,0,,,
7641,"Escuintla",5,"Masagua",5,863,400,,,,,,,,,,,,,,,,,,,,,,,,,0,,,
7642,"Escuintla",5,"Masagua",5,863,400,,,,,,,,,,,,,,,,,,,,,,,,,0,,,
7643,"Escuintla",5,"Masagua",5,863,400,28,4,77,30,65,7,0,2,0,1,1,215,14,2,231,11,242,11,397,155,215,231,242,,1,90191ca7af0c54e00fd623bc11814ce1ee29dfdbedd27fd97a3612540a5feaae,25/06/2023 23:50:18,ESCANER
7644,"Escuintla",5,"Masagua",5,863,400,35,4,71,33,77,3,0,1,3,2,2,231,12,0,243,0,243,--,400,157,231,243,243,Algún campo sin dato,1,7d55eb99a5a08fb3efba6a6fd5bc6f0d075051fee56753e199a0dd4b2008b8fc,25/06/2023 22:34:45,ESCANER
7645,"Escuintla",5,"Masagua",5,863,400,23,1,108,22,75,3,0,0,2,1,1,236,7,0,243,0,243,0,400,157,236,243,243,,1,4ca0ea8104787f7253faa6e4184b3a55dd9745d554808aeae6ab7f3748b00535,25/06/2023 23:15:40,ESCANER
7646,"Escuintla",5,"Masagua",5,863,400,,,,,,,,,,,,,,,,,,,,,,,,,0,,,
7647,"Escuintla",5,"Masagua",5,863,400,39,1,86,35,52,9,0,0,3,0,0,228,7,0,--,--,235,2,400,163,225,232,232,Sumas Asentadas sin cuadrar,1,291f3782f49cd7995f9bde3006dc57606d3cab2a9f108a26d0e66a511eea5065,25/06/2023 22:56:45,ESCANER
7648,"Escuintla",5,"Masagua",5,863,338,22,1,53,19,40,6,0,0,1,0,1,143,8,1,152,0,152,9,338,177,143,152,152,,1,04724dcd6b49a9053e2f66ef795eb4834718ce3680bfe3dc78604bbe704d8437,26/06/2023 00:08:36,ESCANER
7649,"Escuintla",5,"Masagua",5,863,337,,,,,,,,,,,,,,,,,,,,,,,,,0,,,
7650,"Escuintla",5,"Masagua",5,864,400,,,,,,,,,,,,,,,,,,,,,,,,,0,,,
7651,"Escuintla",5,"Masagua",5,864,400,,,,,,,,,,,,,,,,,,,,,,,,,0,,,
7652,"Escuintla",5,"Masagua",5,864,400,,,,,,,,,,,,,,,,,,,,,,,,,0,,,
7653,"Escuintla",5,"Masagua",5,864,400,,,,,,,,,,,,,,,,,,,,,,,,,0,,,
7654,"Escuintla",5,"Masagua",5,864,400,,,,,,,,,,,,,,,,,,,,,,,,,0,,,
7655,"Escuintla",5,"Masagua",5,864,400,48,1,91,35,92,4,2,4,3,--,--,280,21,5,306,--,--,--,--,--,280,306,306,Algún campo sin dato,1,fc135ce50c2e1b637e8950941772b3d41cfca154797152bca4e2403fabbf6fc5,25/06/2023 22:54:13,ESCANER
7656,"Escuintla",5,"Masagua",5,864,400,40,1,103,27,66,5,0,8,3,2,1,256,20,--,--,--,276,--,400,124,256,276,276,Algún campo sin dato,1,0a0f4357dcdbcf85eef20696ffe1fb918376fdd1ffe5dd041177f24ce806bd86,25/06/2023 23:24:48,ESCANER
7657,"Escuintla",5,"Masagua",5,864,400,,,,,,,,,,,,,,,,,,,,,,,,,0,,,
7658,"Escuintla",5,"Masagua",5,864,400,38,1,91,43,73,10,0,5,2,1,1,265,31,2,298,0,298,--,400,102,265,298,298,Algún campo sin dato,1,923724e0e9ba7e239c98690139cfc82c60cda9612a93cb25947e98442a32789a,25/06/2023 23:40:10,ESCANER
7659,"Escuintla",5,"Masagua",5,864,400,41,1,93,30,93,4,0,4,1,0,2,269,17,2,288,0,288,1,400,111,269,288,288,,1,36c1a17bd835ce1f38c49fcdcbe2c7116337f9e30d047be7a84e3afd5be5e6cc,25/06/2023 23:56:03,ESCANER
7660,"Escuintla",5,"Masagua",5,864,400,,,,,,,,,,,,,,,,,,,,,,,,,0,,,
7661,"Escuintla",5,"Masagua",5,864,400,42,5,62,44,99,4,1,3,2,0,0,262,20,0,282,0,282,--,400,118,262,282,282,Algún campo sin dato,1,bdb7444511c708bd204102de2ec216900d666894b3e24f26d2d5b605ca2a6114,26/06/2023 00:07:19,ESCANER
7662,"Escuintla",5,"Masagua",5,865,400,46,2,87,37,86,3,1,6,0,0,1,269,21,2,292,0,292,0,400,108,269,292,292,,1,a699d36c5f2cbac631ffa140b09c6a1e5968e2b8c8d973cf9caf02f3e12d3f75,25/06/2023 23:51:04,ESCANER
7663,"Escuintla",5,"Masagua",5,865,400,57,2,101,21,81,2,0,5,0,1,1,271,7,0,278,0,278,--,400,122,271,278,278,Algún campo sin dato,1,64188bbc552498bff2cf9190542ee323343b9538e1766f20fa6dcb85e8ede046,26/06/2023 00:14:12,ESCANER
7664,"Escuintla",5,"Masagua",5,865,400,55,4,100,35,56,5,0,8,1,1,2,267,6,2,275,0,275,0,399,124,267,275,275,,1,dc8f573e866f7163b5324db672c575ceb41d2ea245a4a19176d94cbefa40148a,25/06/2023 23:17:09,ESCANER
7665,"Escuintla",5,"Masagua",5,865,400,,,,,,,,,,,,,,,,,,,,,,,,,0,,,
7666,"Escuintla",5,"Masagua",5,865,400,50,1,98,41,50,0,0,9,0,1,0,250,6,1,257,--,257,1,400,142,250,257,257,Algún campo sin dato,1,268f3aabef720f448a71655c88d089e2d5fde4cebe6371d3b876d652bef58dcd,26/06/2023 00:23:49,ESCANER
7667,"Escuintla",5,"Masagua",5,865,229,15,1,52,15,50,4,0,2,2,0,0,141,2,1,144,0,144,0,229,85,141,144,144,,1,1a63d2ee2184b524a11356693ffd5c1686ccbff50fd0130605d2de32791f1e45,25/06/2023 23:00:20,ESCANER
7668,"Escuintla",5,"Masagua",5,865,229,15,2,42,12,43,1,0,1,0,0,1,117,7,3,127,0,127,--,229,102,117,127,127,Algún campo sin dato,1,51f230affb98ad8d353db706403eb349858e7fbe6c74ab0213c05c14a65db1c2,25/06/2023 21:59:08,ESCANER
7669,"Escuintla",5,"Masagua",5,866,380,64,8,122,24,37,4,1,0,2,2,1,265,18,4,287,0,287,0,380,93,265,287,287,,1,185cf42e44eaefaded65fbd58773e07084f293032232bad1e544a963332edb9b,25/06/2023 23:19:52,ESCANER
7670,"Escuintla",5,"Masagua",5,866,380,,,,,,,,,,,,,,,,,,,,,,,,,0,,,
7671,"Escuintla",5,"Masagua",5,866,380,,,,,,,,,,,,,,,,,,,,,,,,,0,,,
7672,"Escuintla",5,"Masagua",5,866,380,,,,,,,,,,,,,,,,,,,,,,,,,0,,,
7673,"Escuintla",5,"Masagua",5,866,380,79,5,105,17,34,5,0,0,1,4,2,252,20,2,274,0,274,0,380,106,252,274,274,,1,552e06748f62d789ede6d93a13b65264f10895b9611168894ccfcef6b4fdb661,25/06/2023 23:40:53,ESCANER
7674,"Escuintla",5,"Masagua",5,866,380,,,,,,,,,,,,,,,,,,,,,,,,,0,,,
7675,"Escuintla",5,"Masagua",5,866,380,78,3,105,33,25,3,0,0,0,1,1,249,24,1,274,0,274,0,380,106,249,274,274,,1,efdd9da6d612c621a4c386a6d67741a0de55a059117f4bb59cb405651ccee7dc,25/06/2023 23:21:54,ESCANER
7676,"Escuintla",5,"Masagua",5,866,380,74,6,95,14,33,4,1,0,0,1,1,229,24,4,257,0,257,--,380,123,229,257,257,Algún campo sin dato,1,f8c826da16cfa94777ae4a7d32e0f72cdc3c296839795a3199edeead065a5178,26/06/2023 00:24:20,ESCANER
7677,"Escuintla",5,"Masagua",5,866,380,,,,,,,,,,,,,,,,,,,,,,,,,0,,,
7678,"Escuintla",5,"Masagua",5,866,380,,,,,,,,,,,,,,,,,,,,,,,,,0,,,
7679,"Escuintla",5,"Masagua",5,866,380,,,,,,,,,,,,,,,,,,,,,,,,,0,,,
7680,"Escuintla",5,"Masagua",5,866,192,30,1,52,7,18,1,0,0,0,0,0,110,5,0,115,0,115,--,192,77,109,114,114,Sumas Asentadas sin cuadrar,1,d95ea2aa756ee47dc84f533f77547d721f898bdd0aa7a791a861a700de749202,26/06/2023 00:13:15,ESCANER
7681,"Escuintla",5,"Masagua",5,866,191,24,1,47,5,12,0,0,0,0,0,1,90,9,3,102,0,102,0,188,86,90,102,102,,1,437fb6b9180655f9030adff6550460e511037638234b4307ee341c9b2c7a14ba,25/06/2023 22:57:04,ESCANER
7682,"Escuintla",5,"Masagua",5,867,380,,,,,,,,,,,,,,,,,,,,,,,,,0,,,
7683,"Escuintla",5,"Masagua",5,867,380,,,,,,,,,,,,,,,,,,,,,,,,,0,,,
7684,"Escuintla",5,"Masagua",5,867,380,,,,,,,,,,,,,,,,,,,,,,,,,0,,,
7685,"Escuintla",5,"Masagua",5,867,380,,,,,,,,,,,,,,,,,,,,,,,,,0,,,
7686,"Escuintla",5,"Masagua",5,867,380,39,4,118,19,57,5,3,1,1,4,1,252,38,2,292,0,292,--,380,88,252,292,292,Algún campo sin dato,1,1bbbbc05f13bf636b68176435e746d63be790734a1bba5e8cc0c6af1748a4c9f,26/06/2023 00:19:17,ESCANER
7687,"Escuintla",5,"Masagua",5,867,380,,,,,,,,,,,,,,,,,,,,,,,,,0,,,
7688,"Escuintla",5,"Masagua",5,867,380,,,,,,,,,,,,,,,,,,,,,,,,,0,,,
7689,"Escuintla",5,"Masagua",5,867,380,,,,,,,,,,,,,,,,,,,,,,,,,0,,,
7690,"Escuintla",5,"Masagua",5,867,380,,,,,,,,,,,,,,,,,,,,,,,,,0,,,
7691,"Escuintla",5,"Masagua",5,867,380,,,,,,,,,,,,,,,,,,,,,,,,,0,,,
7692,"Escuintla",5,"Masagua",5,867,380,25,10,100,18,63,1,0,0,0,1,2,220,22,5,247,1,248,0,380,132,220,247,248,,1,a2f10172b653032991d45436d315348f1a080630326dcf59e50a5df9403b239f,26/06/2023 00:12:51,ESCANER
7693,"Escuintla",5,"Masagua",5,867,380,,,,,,,,,,,,,,,,,,,,,,,,,0,,,
7694,"Escuintla",5,"Masagua",5,867,380,,,,,,,,,,,,,,,,,,,,,,,,,0,,,
7695,"Escuintla",5,"Masagua",5,867,380,30,10,108,12,64,1,3,0,1,1,0,230,27,0,257,0,257,--,380,123,230,257,257,Algún campo sin dato,1,f130be665baf7d8ce36bc759a68ec040edda51a7555ef3211fcb36e4eaf06dc1,26/06/2023 00:13:32,ESCANER
7696,"Escuintla",5,"Masagua",5,867,380,,,,,,,,,,,,,,,,,,,,,,,,,0,,,
7697,"Escuintla",5,"Masagua",5,867,380,,,,,,,,,,,,,,,,,,,,,,,,,0,,,
7698,"Escuintla",5,"Masagua",5,867,380,,,,,,,,,,,,,,,,,,,,,,,,,0,,,
7699,"Escuintla",5,"Masagua",5,867,380,,,,,,,,,,,,,,,,,,,,,,,,,0,,,
7700,"Escuintla",5,"Masagua",5,867,380,,,,,,,,,,,,,,,,,,,,,,,,,0,,,
7701,"Escuintla",5,"Masagua",5,867,380,30,13,123,11,62,2,0,0,1,3,0,245,3,0,248,0,248,0,380,132,245,248,248,,1,61606769cec7ab5c3d46dd0d29d4f36d3a50175e5964dddc99e84a0cc071129c,26/06/2023 00:03:58,ESCANER
7702,"Escuintla",5,"Masagua",5,867,309,,,,,,,,,,,,,,,,,,,,,,,,,0,,,
7703,"Escuintla",5,"Masagua",5,867,309,20,4,78,10,35,2,2,0,0,2,3,156,7,3,166,0,166,--,309,143,156,166,166,Algún campo sin dato,1,9ff7b479da5a7f512e8fe82423d62ce691b968af936a14a8445488d0a5a19d55,26/06/2023 00:15:59,ESCANER
7704,"Escuintla",5,"Masagua",5,868,380,58,3,89,24,45,6,0,0,2,2,1,230,31,3,264,0,264,--,280,116,230,264,264,Algún campo sin dato,1,cffd0247498c4877124f90ba3da0e53b5113c417a8f856460bf8f1891c5a1e98,25/06/2023 23:37:20,ESCANER
7705,"Escuintla",5,"Masagua",5,868,380,45,2,88,20,47,3,3,0,4,0,3,215,17,3,235,0,235,--,380,145,215,235,235,Algún campo sin dato,1,a5c09e5c2a5e6225f6057cd596c087171ed54bbbbcefec0f4c6cdbe1f09ad07f,26/06/2023 00:08:45,ESCANER
7706,"Escuintla",5,"Masagua",5,868,380,44,1,73,12,69,6,1,0,3,3,1,213,19,5,237,0,237,--,380,143,213,237,237,Algún campo sin dato,1,1d5e747ec1ada8b304aee270373b8e0005e61e8140c13d8c612c21ffbc06482d,25/06/2023 23:51:47,ESCANER
7707,"Escuintla",5,"Masagua",5,868,380,47,2,78,11,66,5,1,2,4,0,0,216,17,2,235,0,235,--,380,145,216,235,235,Algún campo sin dato,1,0cbf7a297c164a2ab7d3d6801c7f1508846caf0d45d708576fa094fd1bdfc6c7,25/06/2023 23:30:36,ESCANER
7708,"Escuintla",5,"Masagua",5,868,203,43,0,52,6,34,1,0,1,0,3,0,140,2,0,142,0,142,--,194,52,140,142,142,Algún campo sin dato,1,4479dc1e33c4d71137eb21e02a772a5616af4c5fed308b9fc6d8aa4e176f8bfb,25/06/2023 22:32:55,ESCANER
7709,"Escuintla",5,"Masagua",5,868,202,25,0,31,8,35,2,0,0,2,0,0,103,8,0,111,0,111,--,199,88,103,111,111,Algún campo sin dato,1,53a85340d06d2f515b6aae2000167f631f7b1148e870d7cfbeb23e55a267a8d6,25/06/2023 22:19:39,ESCANER
7710,"Escuintla",5,"Masagua",5,869,592,23,5,60,23,37,5,1,2,0,2,1,159,27,2,188,0,188,0,592,404,159,188,188,,1,7c1bdef7f265cb2fccdaf54d7ebfbb85aa5a05cd6da4fa24ad31cc51461ad486,25/06/2023 23:41:18,ESCANER
7711,"Escuintla",5,"Masagua",5,869,592,15,4,33,15,21,7,1,0,2,2,0,100,15,1,116,0,116,--,592,476,100,116,116,Algún campo sin dato,1,d39363ff2313490570eb9bef51bf138d6341081ff2f13d8085b0790f72951966,26/06/2023 00:24:23,ESCANER