﻿TIPO_DE_ELECCIÓN:,CORPORACIÓN MUNICIPAL
26 junio 2023 00:25 (UTC -6)
ACTAS_ESPERADAS,ACTAS_CAPTURADAS,PORCENTAJE_ACTAS_CAPTURADAS,ACTAS_CONTABILIZADAS,PORCENTAJE_ACTAS_CONTABILIZADAS,ACTAS_NO_CONTABILIZADAS,LISTA_NOMINAL_ACTAS_CONTABILIZADAS,VOTOS_EMITIDOS_CONTABILIZADAS,PORCENTAJE_PARTICIPACIÓN_CIUDADANA
84,31,36.9047,31,36.9047,0,11979,6566,54.8125

MESA,DEPARTAMENTO,ID_DEPARTAMENTO,MUNICIPIO,ID_MUNICIPIO,CENTRO_DE_VOTACIÓN,PADRÓN,TODOS,VIVA,CABAL,VAMOS,WINAQ,PHG,VOS,LA PAPA,CREO,MLP,UNE,CAMBIO,VALOR UNIONISTA,VÁLIDOS,NULOS,BLANCO,EMITIDOS,INVÁLIDOS,TOTAL,IMPUGNACIONES,PAPELETAS-RECIBIDAS,PAPELETAS-NO-USADAS,VALIDOS_CALCULADO,EMITIDOS_CALCULADO,TOTAL_CALCULADO,OBSERVACIONES,CONTABILIZADA,CÓDIGO_INTEGRIDAD,FECHA_HORA_PUBLICACIÓN,DIGITALIZACIÓN
10927,"Quetzaltenango",9,"Ostuncalco",9,1461,400,,,,,,,,,,,,,,,,,,,,,,,,,,,0,,,
10928,"Quetzaltenango",9,"Ostuncalco",9,1461,400,,,,,,,,,,,,,,,,,,,,,,,,,,,0,,,
10929,"Quetzaltenango",9,"Ostuncalco",9,1461,400,26,7,61,12,1,26,49,26,11,6,2,9,11,247,11,7,265,135,400,--,400,135,247,265,400,Algún campo sin dato,1,51e31150c32c518301262ff2d870a6c2fd7a417d3498fb5e0ea4fac877b5003d,26/06/2023 00:16:35,ESCANER
10930,"Quetzaltenango",9,"Ostuncalco",9,1461,400,,,,,,,,,,,,,,,,,,,,,,,,,,,0,,,
10931,"Quetzaltenango",9,"Ostuncalco",9,1461,400,,,,,,,,,,,,,,,,,,,,,,,,,,,0,,,
10932,"Quetzaltenango",9,"Ostuncalco",9,1461,400,,,,,,,,,,,,,,,,,,,,,,,,,,,0,,,
10933,"Quetzaltenango",9,"Ostuncalco",9,1461,400,,,,,,,,,,,,,,,,,,,,,,,,,,,0,,,
10934,"Quetzaltenango",9,"Ostuncalco",9,1461,400,,,,,,,,,,,,,,,,,,,,,,,,,,,0,,,
10935,"Quetzaltenango",9,"Ostuncalco",9,1461,400,,,,,,,,,,,,,,,,,,,,,,,,,,,0,,,
10936,"Quetzaltenango",9,"Ostuncalco",9,1461,400,,,,,,,,,,,,,,,,,,,,,,,,,,,0,,,
10937,"Quetzaltenango",9,"Ostuncalco",9,1462,400,,,,,,,,,,,,,,,,,,,,,,,,,,,0,,,
10938,"Quetzaltenango",9,"Ostuncalco",9,1462,400,44,6,53,8,6,28,37,34,10,3,1,8,13,251,8,3,262,0,262,--,400,138,251,262,262,Algún campo sin dato,1,1a62510ba0b883fa387b4a07b0170cd4988454c6bd974cf32f5b75518ca1d308,26/06/2023 00:00:05,ESCANER
10939,"Quetzaltenango",9,"Ostuncalco",9,1462,400,,,,,,,,,,,,,,,,,,,,,,,,,,,0,,,
10940,"Quetzaltenango",9,"Ostuncalco",9,1462,400,,,,,,,,,,,,,,,,,,,,,,,,,,,0,,,
10941,"Quetzaltenango",9,"Ostuncalco",9,1462,400,,,,,,,,,,,,,,,,,,,,,,,,,,,0,,,
10942,"Quetzaltenango",9,"Ostuncalco",9,1462,400,,,,,,,,,,,,,,,,,,,,,,,,,,,0,,,
10943,"Quetzaltenango",9,"Ostuncalco",9,1462,400,35,8,41,23,3,12,43,23,16,2,0,7,12,225,12,5,242,0,--,--,400,158,225,242,242,Algún campo sin dato,1,571ea524d9efd319db5d677c2415d63ceb82cd2f5f99ec67514344c5e0a79c31,25/06/2023 22:46:53,ESCANER
10944,"Quetzaltenango",9,"Ostuncalco",9,1462,400,,,,,,,,,,,,,,,,,,,,,,,,,,,0,,,
10945,"Quetzaltenango",9,"Ostuncalco",9,1462,400,,,,,,,,,,,,,,,,,,,,,,,,,,,0,,,
10946,"Quetzaltenango",9,"Ostuncalco",9,1462,400,38,9,57,18,2,16,38,36,9,6,1,3,10,243,4,1,248,0,248,--,400,152,243,248,248,Algún campo sin dato,1,30a941491b9b9abb4f24f7412fec9521f4448c438d33a7aeae785d751a6d3c58,25/06/2023 23:50:29,ESCANER
10947,"Quetzaltenango",9,"Ostuncalco",9,1463,400,31,8,50,20,6,15,36,19,9,1,0,4,11,210,2,1,213,0,213,--,400,187,210,213,213,Algún campo sin dato,1,80c5e66122687f0b0f6c604bec44b0bd8e620cf48eb05b8b420ea1b419443040,25/06/2023 23:13:56,ESCANER
10948,"Quetzaltenango",9,"Ostuncalco",9,1463,301,29,3,50,11,1,20,38,13,12,1,2,3,3,186,4,0,190,1,191,--,298,107,186,190,191,Algún campo sin dato,1,d38cb2e40dc8b04a1bc2a104309d6018215e86c5c0c450f2b820c54015d67875,25/06/2023 23:20:18,ESCANER
10949,"Quetzaltenango",9,"Ostuncalco",9,1463,300,,,,,,,,,,,,,,,,,,,,,,,,,,,0,,,
10950,"Quetzaltenango",9,"Ostuncalco",9,1464,400,,,,,,,,,,,,,,,,,,,,,,,,,,,0,,,
10951,"Quetzaltenango",9,"Ostuncalco",9,1464,400,,,,,,,,,,,,,,,,,,,,,,,,,,,0,,,
10952,"Quetzaltenango",9,"Ostuncalco",9,1464,400,,,,,,,,,,,,,,,,,,,,,,,,,,,0,,,
10953,"Quetzaltenango",9,"Ostuncalco",9,1464,400,,,,,,,,,,,,,,,,,,,,,,,,,,,0,,,
10954,"Quetzaltenango",9,"Ostuncalco",9,1464,204,14,6,23,14,0,5,19,12,8,1,0,2,4,108,2,1,111,0,111,--,204,93,108,111,111,Algún campo sin dato,1,4c16fddb3e5da0a4e0b43ad48a19414e52beb848a7be730fa2dfd57fdeea7913,25/06/2023 21:17:19,ESCANER
10955,"Quetzaltenango",9,"Ostuncalco",9,1464,203,13,1,32,14,3,8,6,10,2,1,1,5,5,101,1,0,102,0,102,--,203,101,101,102,102,Algún campo sin dato,1,0aa39c650447ff86a8f71520bbaea29da69bebec88f90e6487bd8f4e3adf68bd,25/06/2023 21:58:00,ESCANER
10956,"Quetzaltenango",9,"Ostuncalco",9,1465,400,,,,,,,,,,,,,,,,,,,,,,,,,,,0,,,
10957,"Quetzaltenango",9,"Ostuncalco",9,1465,400,63,3,81,24,2,22,16,12,2,0,7,2,23,257,14,15,29,0,286,--,400,114,257,286,286,Sumas Asentadas sin cuadrar,1,e8b707973d13ee079a3cdfeaf68f26ae3e5bebb9f4c8007adb2587311d093d3a,25/06/2023 23:44:36,ESCANER
10958,"Quetzaltenango",9,"Ostuncalco",9,1465,400,,,,,,,,,,,,,,,,,,,,,,,,,,,0,,,
10959,"Quetzaltenango",9,"Ostuncalco",9,1465,400,,,,,,,,,,,,,,,,,,,,,,,,,,,0,,,
10960,"Quetzaltenango",9,"Ostuncalco",9,1465,400,36,5,75,17,2,19,24,25,5,3,3,2,22,238,12,6,256,0,238,--,--,--,238,256,256,Sumas Asentadas sin cuadrar,1,c1e58eafc7072eb160a4893277471b4429f177be038f902d961f9ba048c670a9,25/06/2023 23:33:42,ESCANER
10961,"Quetzaltenango",9,"Ostuncalco",9,1465,353,,,,,,,,,,,,,,,,,,,,,,,,,,,0,,,
10962,"Quetzaltenango",9,"Ostuncalco",9,1465,353,27,0,87,7,1,20,19,8,1,0,0,0,17,187,4,4,195,0,195,--,353,158,187,195,195,Algún campo sin dato,1,d88ad4cf9cf5b02d4eee90878b14e91b9b6a3975ea7de8131a68406357ea2125,25/06/2023 23:59:03,ESCANER
10963,"Quetzaltenango",9,"Ostuncalco",9,1466,380,,,,,,,,,,,,,,,,,,,,,,,,,,,0,,,
10964,"Quetzaltenango",9,"Ostuncalco",9,1466,380,,,,,,,,,,,,,,,,,,,,,,,,,,,0,,,
10965,"Quetzaltenango",9,"Ostuncalco",9,1466,380,100,2,40,8,0,4,4,38,2,0,1,2,3,204,20,12,236,0,236,--,392,156,204,236,236,Algún campo sin dato,1,06c4ac235200600bef13535607fb61f653303f47903c748094d428ef4a442be8,25/06/2023 23:56:38,ESCANER
10966,"Quetzaltenango",9,"Ostuncalco",9,1466,380,,,,,,,,,,,,,,,,,,,,,,,,,,,0,,,
10967,"Quetzaltenango",9,"Ostuncalco",9,1466,380,,,,,,,,,,,,,,,,,,,,,,,,,,,0,,,
10968,"Quetzaltenango",9,"Ostuncalco",9,1466,380,,,,,,,,,,,,,,,,,,,,,,,,,,,0,,,
10969,"Quetzaltenango",9,"Ostuncalco",9,1466,380,,,,,,,,,,,,,,,,,,,,,,,,,,,0,,,
10970,"Quetzaltenango",9,"Ostuncalco",9,1466,380,,,,,,,,,,,,,,,,,,,,,,,,,,,0,,,
10971,"Quetzaltenango",9,"Ostuncalco",9,1466,380,,,,,,,,,,,,,,,,,,,,,,,,,,,0,,,
10972,"Quetzaltenango",9,"Ostuncalco",9,1466,380,,,,,,,,,,,,,,,,,,,,,,,,,,,0,,,
10973,"Quetzaltenango",9,"Ostuncalco",9,1466,380,,,,,,,,,,,,,,,,,,,,,,,,,,,0,,,
10974,"Quetzaltenango",9,"Ostuncalco",9,1466,380,84,1,40,12,0,2,7,38,2,0,6,0,6,198,8,7,213,0,213,--,380,167,198,213,213,Algún campo sin dato,1,6f8b09fed5d9dbe62cfdbde67da7537a8caa3028a3e04df799a766c92770beb1,25/06/2023 23:01:07,ESCANER
10975,"Quetzaltenango",9,"Ostuncalco",9,1466,380,,,,,,,,,,,,,,,,,,,,,,,,,,,0,,,
10976,"Quetzaltenango",9,"Ostuncalco",9,1466,380,66,0,38,5,2,2,10,31,0,1,2,3,7,168,5,0,173,0,173,--,380,207,167,172,172,Sumas Asentadas sin cuadrar,1,ad0483bf28177c41538fece7d32a12703e5cf90b785121880224fe738edcdf6d,25/06/2023 23:25:23,ESCANER
10977,"Quetzaltenango",9,"Ostuncalco",9,1466,380,104,0,39,5,0,2,6,20,0,0,1,0,7,184,4,0,188,0,188,--,380,192,184,188,188,Algún campo sin dato,1,9ebce86045916644aa18a004175b42141111927c911bb076bc5cdd39349a5e28,25/06/2023 23:33:40,ESCANER
10978,"Quetzaltenango",9,"Ostuncalco",9,1466,374,85,0,35,5,0,0,2,30,1,0,2,2,6,168,1,1,170,0,170,--,374,204,168,170,170,Algún campo sin dato,1,afad9989497788b70d270281e7414f5105790fa5e4dbfeed08facc0ab453a67c,25/06/2023 22:03:14,ESCANER
10979,"Quetzaltenango",9,"Ostuncalco",9,1466,374,95,0,24,6,2,1,3,30,0,0,3,0,1,165,4,9,178,--,--,--,374,196,165,178,178,Algún campo sin dato,1,136a6fc5d517abe65f33b879bcb44255330bae8eeb553599c87ac88f9c8d83eb,25/06/2023 22:39:37,ESCANER
10980,"Quetzaltenango",9,"Ostuncalco",9,1467,380,81,9,60,27,5,7,14,11,8,0,2,4,4,232,20,11,263,0,263,--,380,117,232,263,263,Algún campo sin dato,1,7a87514045ab664c187b8024e68db340bdad22d70957bd7a555fd80f937c2e29,25/06/2023 23:04:42,ESCANER
10981,"Quetzaltenango",9,"Ostuncalco",9,1467,380,,,,,,,,,,,,,,,,,,,,,,,,,,,0,,,
10982,"Quetzaltenango",9,"Ostuncalco",9,1467,380,,,,,,,,,,,,,,,,,,,,,,,,,,,0,,,
10983,"Quetzaltenango",9,"Ostuncalco",9,1467,380,72,7,78,37,3,12,8,7,6,1,4,1,9,245,17,16,278,0,278,--,377,99,245,278,278,Algún campo sin dato,1,9b0874d1e8618bbefafd25fdbc02a0f1309744de642d0e003d0fd349cb81e515,26/06/2023 00:04:11,ESCANER
10984,"Quetzaltenango",9,"Ostuncalco",9,1467,380,,,,,,,,,,,,,,,,,,,,,,,,,,,0,,,
10985,"Quetzaltenango",9,"Ostuncalco",9,1467,380,,,,,,,,,,,,,,,,,,,,,,,,,,,0,,,
10986,"Quetzaltenango",9,"Ostuncalco",9,1467,380,,,,,,,,,,,,,,,,,,,,,,,,,,,0,,,
10987,"Quetzaltenango",9,"Ostuncalco",9,1467,380,,,,,,,,,,,,,,,,,,,,,,,,,,,0,,,
10988,"Quetzaltenango",9,"Ostuncalco",9,1467,380,,,,,,,,,,,,,,,,,,,,,,,,,,,0,,,
10989,"Quetzaltenango",9,"Ostuncalco",9,1467,380,,,,,,,,,,,,,,,,,,,,,,,,,,,0,,,
10990,"Quetzaltenango",9,"Ostuncalco",9,1467,380,,,,,,,,,,,,,,,,,,,,,,,,,,,0,,,
10991,"Quetzaltenango",9,"Ostuncalco",9,1467,380,79,2,75,11,2,15,3,12,11,1,0,5,6,222,2,0,224,0,224,--,380,156,222,224,224,Algún campo sin dato,1,68f9cf9733251e58860bd7bce94d5ccc73bcfb82ecc157d156dc915a6567a4da,25/06/2023 22:55:55,ESCANER
10992,"Quetzaltenango",9,"Ostuncalco",9,1467,380,69,1,74,17,6,20,13,6,4,2,0,5,4,221,1,0,222,0,222,--,--,--,221,222,222,Algún campo sin dato,1,fc3102635ad699748ac6458139d3b86ef1ff10c80fec1d0fd592ac09a4c2a999,25/06/2023 23:16:58,ESCANER
10993,"Quetzaltenango",9,"Ostuncalco",9,1467,226,,,,,,,,,,,,,,,,,,,,,,,,,,,0,,,
10994,"Quetzaltenango",9,"Ostuncalco",9,1467,225,,,,,,,,,,,,,,,,,,,,,,,,,,,0,,,
10995,"Quetzaltenango",9,"Ostuncalco",9,1468,380,,,,,,,,,,,,,,,,,,,,,,,,,,,0,,,
10996,"Quetzaltenango",9,"Ostuncalco",9,1468,380,45,6,96,17,5,5,6,6,6,2,3,2,43,242,16,18,276,0,276,--,380,104,242,276,276,Algún campo sin dato,1,8c9133c7ed2579035db21a65a6e99c7046e60efbcd195743131f3de8f4d5b190,26/06/2023 00:18:17,ESCANER
10997,"Quetzaltenango",9,"Ostuncalco",9,1468,380,35,0,104,20,4,8,3,9,4,0,0,1,46,234,16,19,269,0,269,1,380,111,234,269,269,,1,2d9f8b72742f36490decb68638ff5ba894acc7f4703d325e6a7f25706f4647e0,25/06/2023 23:57:10,ESCANER
10998,"Quetzaltenango",9,"Ostuncalco",9,1468,380,,,,,,,,,,,,,,,,,,,,,,,,,,,0,,,
10999,"Quetzaltenango",9,"Ostuncalco",9,1468,380,,,,,,,,,,,,,,,,,,,,,,,,,,,0,,,
11000,"Quetzaltenango",9,"Ostuncalco",9,1468,380,23,4,92,15,1,9,1,7,9,0,3,1,47,212,8,8,228,0,228,--,380,152,212,228,228,Algún campo sin dato,1,8ee10398900956190e1de6b222e786fa7ebfc065f6a97a98124ede2ca2f202cb,25/06/2023 23:20:49,ESCANER
11001,"Quetzaltenango",9,"Ostuncalco",9,1468,380,27,4,83,14,11,12,3,8,1,2,2,2,49,218,8,5,231,0,231,--,380,149,218,231,231,Algún campo sin dato,1,f61231f9df03efa54061448589b56926106f869dab3722b4e28892d68babb15e,25/06/2023 22:39:10,ESCANER
11002,"Quetzaltenango",9,"Ostuncalco",9,1468,380,31,6,93,15,6,4,2,8,1,1,1,0,54,222,7,9,238,0,238,--,380,142,222,238,238,Algún campo sin dato,1,0f7d00d73cccddca645261bea51a843967c9965fd02f99c5dcc09ef828297795,25/06/2023 22:47:25,ESCANER
11003,"Quetzaltenango",9,"Ostuncalco",9,1468,380,34,2,101,17,8,7,1,8,1,0,1,0,40,220,4,2,226,0,226,--,380,154,220,226,226,Algún campo sin dato,1,d853322654641a61ff7b8ac2018d5624875a40f41a6e8f4f61460b1fa21be60e,25/06/2023 23:47:37,ESCANER
11004,"Quetzaltenango",9,"Ostuncalco",9,1468,250,20,2,61,14,1,4,2,4,1,1,0,0,30,140,1,0,141,0,141,--,250,109,140,141,141,Algún campo sin dato,1,46d18aaa475c1a4bd745948d5b04419fd4ffcec1b3e74037bbc348d0bc0bd56c,25/06/2023 22:29:06,ESCANER
11005,"Quetzaltenango",9,"Ostuncalco",9,1468,249,,,,,,,,,,,,,,,,,,,,,,,,,,,0,,,
11006,"Quetzaltenango",9,"Ostuncalco",9,1469,600,,,,,,,,,,,,,,,,,,,,,,,,,,,0,,,
11007,"Quetzaltenango",9,"Ostuncalco",9,1469,600,33,2,30,6,6,16,30,17,5,2,2,2,15,166,18,7,191,1,192,--,600,408,166,191,192,Algún campo sin dato,1,a28fbc8fa81b1385055428158ee714e8f685dbbf15f7c8aa577a8a5810716067,25/06/2023 23:24:04,ESCANER
11008,"Quetzaltenango",9,"Ostuncalco",9,1469,600,38,5,26,10,6,17,32,33,8,3,3,4,11,196,9,2,196,0,207,--,600,393,196,207,207,Sumas Asentadas sin cuadrar,1,bbf5f8c6e5fc9e7d4cc5e5801bc06f6b0567944fb7cd135ce1cbbb8d5db89428,25/06/2023 23:59:54,ESCANER
11009,"Quetzaltenango",9,"Ostuncalco",9,1469,600,,,,,,,,,,,,,,,,,,,,,,,,,,,0,,,
11010,"Quetzaltenango",9,"Ostuncalco",9,1469,600,13,0,6,2,0,4,2,6,3,1,0,0,3,40,2,3,45,0,45,--,600,555,40,45,45,Algún campo sin dato,1,e04de5b8e6dabadaf3bcba4c6580507563b17479bf66f0de71551ff5650d2d71,25/06/2023 23:06:18,ESCANER