﻿TIPO_DE_ELECCIÓN:,CORPORACIÓN MUNICIPAL
26 junio 2023 00:25 (UTC -6)
ACTAS_ESPERADAS,ACTAS_CAPTURADAS,PORCENTAJE_ACTAS_CAPTURADAS,ACTAS_CONTABILIZADAS,PORCENTAJE_ACTAS_CONTABILIZADAS,ACTAS_NO_CONTABILIZADAS,LISTA_NOMINAL_ACTAS_CONTABILIZADAS,VOTOS_EMITIDOS_CONTABILIZADAS,PORCENTAJE_PARTICIPACIÓN_CIUDADANA
41,33,80.4878,33,80.4878,0,11476,7542,65.7197

MESA,DEPARTAMENTO,ID_DEPARTAMENTO,MUNICIPIO,ID_MUNICIPIO,CENTRO_DE_VOTACIÓN,PADRÓN,VAMOS,CABAL,UNE,MI FAMILIA,MLP,TODOS,BIEN,VALOR UNIONISTA,VÁLIDOS,NULOS,BLANCO,EMITIDOS,INVÁLIDOS,TOTAL,IMPUGNACIONES,PAPELETAS-RECIBIDAS,PAPELETAS-NO-USADAS,VALIDOS_CALCULADO,EMITIDOS_CALCULADO,TOTAL_CALCULADO,OBSERVACIONES,CONTABILIZADA,CÓDIGO_INTEGRIDAD,FECHA_HORA_PUBLICACIÓN,DIGITALIZACIÓN
10851,"Quetzaltenango",9,"Cabricán",6,1444,400,116,1,2,115,1,0,4,37,239,21,2,299,0,299,--,400,101,276,299,299,Sumas Asentadas sin cuadrar,1,48121a75e5ef4e13b4cd9a3de287a2a45b0f6028b873460f4ab144338a9bb0d0,25/06/2023 23:48:06,ESCANER
10852,"Quetzaltenango",9,"Cabricán",6,1444,400,,,,,,,,,,,,,,,,,,,,,,0,,,
10853,"Quetzaltenango",9,"Cabricán",6,1444,400,127,2,6,79,4,0,3,44,263,8,4,277,0,277,--,400,123,265,277,277,Sumas Asentadas sin cuadrar,1,817a56d064742f7fe9b8b7f1487cd03aef2c830f5c96ca9047477524ba6e44b1,25/06/2023 23:13:57,ESCANER
10854,"Quetzaltenango",9,"Cabricán",6,1444,400,,,,,,,,,,,,,,,,,,,,,,0,,,
10855,"Quetzaltenango",9,"Cabricán",6,1444,400,114,2,7,81,0,0,5,50,259,4,2,265,0,265,--,400,135,259,265,265,Algún campo sin dato,1,89c3c878bbceb2c33909a104fbc6b1a8b7cf7f6a979d18cf3c76915fad304296,25/06/2023 23:26:12,ESCANER
10856,"Quetzaltenango",9,"Cabricán",6,1444,206,58,1,0,43,2,1,0,15,120,1,0,121,0,121,--,206,85,120,121,121,Algún campo sin dato,1,7a0e0b08eecf5cfdde49fa98af639430824bc872a848c266a529f718cddd8254,25/06/2023 23:00:08,ESCANER
10857,"Quetzaltenango",9,"Cabricán",6,1444,206,41,2,3,32,1,0,1,20,100,3,0,103,0,103,--,206,103,100,103,103,Algún campo sin dato,1,21d93aaeb3de27cf611a86e1df74b598360645c86b0d98a9e91242fd3600ebd4,25/06/2023 21:25:59,ESCANER
10858,"Quetzaltenango",9,"Cabricán",6,1445,380,70,3,4,103,0,1,3,72,256,18,13,287,0,287,--,380,93,256,287,287,Algún campo sin dato,1,2120bc85d1b4695e904ad1c2480bb4e162c29dadfc1b43594fb5077f8a16b344,26/06/2023 00:17:51,MOVIL
10859,"Quetzaltenango",9,"Cabricán",6,1445,346,65,2,5,85,0,0,6,60,223,16,5,244,0,244,--,346,102,223,244,244,Algún campo sin dato,1,f938b46d6bdc7df85214106d87bb6216a67c5eb53b7195f2c0c599ecbd05aa6a,25/06/2023 23:45:44,MOVIL
10860,"Quetzaltenango",9,"Cabricán",6,1445,345,56,0,2,59,1,0,2,55,175,6,2,183,0,183,--,345,162,175,183,183,Algún campo sin dato,1,a09a4940d772ca583b2e7bd7843f4e6fe5a46a7f63216e36a9a0f11c5d9b3f53,25/06/2023 22:41:55,MOVIL
10861,"Quetzaltenango",9,"Cabricán",6,1446,380,,,,,,,,,,,,,,,,,,,,,,0,,,
10862,"Quetzaltenango",9,"Cabricán",6,1446,380,101,4,2,119,1,1,3,10,241,26,9,276,0,276,--,379,103,241,276,276,Algún campo sin dato,1,5bbd6beefbea72b7d23a971b2ee65dfb0ec2761caf239dc1edd3b1d0df9890a1,25/06/2023 23:52:46,ESCANER
10863,"Quetzaltenango",9,"Cabricán",6,1446,380,91,4,8,124,1,2,7,20,257,10,17,284,0,284,--,380,96,257,284,284,Algún campo sin dato,1,9ecf89f8f16058c08ed59a1450c863310450303367ce712bc2e89e27f5c9cdbd,25/06/2023 23:50:43,ESCANER
10864,"Quetzaltenango",9,"Cabricán",6,1446,380,91,8,5,107,1,1,4,11,228,13,8,249,0,249,--,380,131,228,249,249,Algún campo sin dato,1,118544eb28a35a2419b786b9ec515668d65900e08e65d10e8c5efa7f65eb22a9,25/06/2023 21:54:44,ESCANER
10865,"Quetzaltenango",9,"Cabricán",6,1446,332,68,1,1,83,0,0,2,7,162,7,0,169,0,169,--,332,163,162,169,169,Algún campo sin dato,1,472515eca8135abb40fd01da7a0c4f750f4d2863d55f23779b1c84ac7127eba7,25/06/2023 22:24:39,ESCANER
10866,"Quetzaltenango",9,"Cabricán",6,1446,331,74,1,0,81,0,0,0,11,167,5,4,176,0,167,--,331,155,167,176,176,Sumas Asentadas sin cuadrar,1,d886c7f366c604f31ba81ddb52a5f4880127fff2885ea2ea27c43970f4dbeafc,25/06/2023 22:41:33,ESCANER
10867,"Quetzaltenango",9,"Cabricán",6,1447,380,114,13,5,133,1,1,4,14,285,12,6,303,0,303,--,380,77,285,303,303,Algún campo sin dato,1,f6a0748c60e000d749b077a565828dd4e6af18935f57c6affe04fe5f28536f8f,26/06/2023 00:20:51,ESCANER
10868,"Quetzaltenango",9,"Cabricán",6,1447,380,,,,,,,,,,,,,,,,,,,,,,0,,,
10869,"Quetzaltenango",9,"Cabricán",6,1447,380,,,,,,,,,,,,,,,,,,,,,,0,,,
10870,"Quetzaltenango",9,"Cabricán",6,1447,380,,,,,,,,,,,,,,,,,,,,,,0,,,
10871,"Quetzaltenango",9,"Cabricán",6,1447,380,112,3,3,103,1,3,3,9,237,16,2,255,0,255,--,380,125,237,255,255,Algún campo sin dato,1,e71ac349beddb7dfb323fc257ddf5a2ea93748a7f715c0c4a85a2aa948ed2efb,25/06/2023 23:56:11,ESCANER
10872,"Quetzaltenango",9,"Cabricán",6,1447,380,81,9,2,123,4,0,5,16,240,4,2,246,0,246,--,380,134,240,246,246,Algún campo sin dato,1,2d5372ea744dd9ca658bde3709824af558edd839e70200f0477cc26bf51e7117,25/06/2023 22:07:21,ESCANER
10873,"Quetzaltenango",9,"Cabricán",6,1447,380,111,4,4,100,0,0,3,15,237,6,1,244,0,244,--,380,136,237,244,244,Algún campo sin dato,1,9229648837c3f6e7d33e774332f161fcb5d0b22eafd3b23acc0e85c82c400ea0,25/06/2023 23:47:32,ESCANER
10874,"Quetzaltenango",9,"Cabricán",6,1447,294,93,2,1,73,1,0,0,11,181,0,2,183,0,183,--,294,111,181,183,183,Algún campo sin dato,1,189bde3acf8eada5f72215acf5067a739f0c5061f92854608dce950973707ec3,25/06/2023 22:13:46,ESCANER
10875,"Quetzaltenango",9,"Cabricán",6,1447,294,80,1,2,72,0,0,1,11,167,2,0,169,0,169,--,294,125,167,169,169,Algún campo sin dato,1,2469f18714cd0363f08e94f49ab9d4c9b5001492bf2139559fe9f5b6cc18fb19,26/06/2023 00:11:01,ESCANER
10876,"Quetzaltenango",9,"Cabricán",6,1448,309,,,,,,,,,,,,,,,,,,,,,,0,,,
10877,"Quetzaltenango",9,"Cabricán",6,1448,308,141,2,1,28,1,0,3,24,200,2,1,203,0,203,--,308,105,200,203,203,Algún campo sin dato,1,c15d28869ba0934293143a5358b60fbaf9d602fe89368fff0d8a6ff534326d63,25/06/2023 23:06:44,ESCANER
10878,"Quetzaltenango",9,"Cabricán",6,1449,380,204,1,6,86,0,0,1,6,304,10,7,321,0,321,--,380,59,304,321,321,Algún campo sin dato,1,07c3b799f10f84002a51ff324d21bf1bef083956c1bfbf071665b5ec1689df87,25/06/2023 22:46:51,ESCANER
10879,"Quetzaltenango",9,"Cabricán",6,1449,380,203,0,4,89,0,3,6,8,313,8,3,324,0,324,--,380,56,313,324,324,Algún campo sin dato,1,5cb702be72cda5cc40634aa8e4c63dca4fa36ce61a2c50536415bcf331cec9e4,26/06/2023 00:14:53,ESCANER
10880,"Quetzaltenango",9,"Cabricán",6,1449,287,112,2,2,61,0,0,1,6,184,2,4,190,0,190,--,289,99,184,190,190,Algún campo sin dato,1,e58e4c08549a8af31c5d604a15afe49c9ab54c35aa06efccc92b8141919d5ad1,25/06/2023 22:03:39,ESCANER
10881,"Quetzaltenango",9,"Cabricán",6,1449,286,114,0,0,58,0,0,0,3,175,2,0,177,0,177,--,286,109,175,177,177,Algún campo sin dato,1,9ab12944a5637252947d3a2bdd471cfcd3786491600699fc94b94a9ef2f48393,25/06/2023 22:25:21,ESCANER
10882,"Quetzaltenango",9,"Cabricán",6,1450,380,116,3,2,172,0,1,0,11,305,5,5,315,0,315,--,380,62,305,315,315,Algún campo sin dato,1,da3108ba45689ab2d6368b27eafecca42c2e8a8e29122e51701f5f998a27cb5d,25/06/2023 23:59:06,ESCANER
10883,"Quetzaltenango",9,"Cabricán",6,1450,380,,,,,,,,,,,,,,,,,,,,,,0,,,
10884,"Quetzaltenango",9,"Cabricán",6,1450,275,75,0,1,84,1,0,0,10,171,7,2,180,0,180,--,275,95,171,180,180,Algún campo sin dato,1,14ca44e6cd6174377355c0c24d7e0adf41ed6c7e2949156fa0516d1407b36fb6,26/06/2023 00:03:37,ESCANER
10885,"Quetzaltenango",9,"Cabricán",6,1450,274,66,0,0,104,0,1,1,9,181,1,1,183,0,183,--,274,91,181,183,183,Algún campo sin dato,1,4d7a5e216ad2aa82c419c50cbfedf6590d1a9143f168514cce70a9ea0fd013d9,26/06/2023 00:04:13,ESCANER
10886,"Quetzaltenango",9,"Cabricán",6,1451,380,123,4,5,120,0,1,1,17,271,19,8,298,0,298,--,380,82,271,298,298,Algún campo sin dato,1,71a070c4a970ac44d1b4752540273e0424a9859ac29e6e96b06ec8dabdc6e80f,25/06/2023 23:50:45,ESCANER
10887,"Quetzaltenango",9,"Cabricán",6,1451,380,155,1,3,117,0,1,1,17,295,12,11,318,0,318,--,380,62,295,318,318,Algún campo sin dato,1,4eea7b7e090f127a9f79daf536430d975d0e4db7e10a0f309847892b995fd7a1,25/06/2023 23:16:49,ESCANER
10888,"Quetzaltenango",9,"Cabricán",6,1451,380,131,1,2,85,0,0,1,12,232,19,2,21,0,253,--,380,127,232,253,253,Sumas Asentadas sin cuadrar,1,f56b4ede45250c38a983d9e364a2a5a32cd9384e821ebda8da0b1afdad94ffb7,25/06/2023 22:13:34,ESCANER
10889,"Quetzaltenango",9,"Cabricán",6,1451,287,79,0,1,67,1,0,1,12,161,8,2,171,0,171,--,289,118,161,171,171,Algún campo sin dato,1,f7964c15631d5d350650714f826fef2c216ddda010e301b482e34bfe2a59a970,25/06/2023 22:23:16,ESCANER
10890,"Quetzaltenango",9,"Cabricán",6,1451,287,93,2,2,62,0,0,0,6,165,5,0,170,0,170,--,289,119,165,170,170,Algún campo sin dato,1,6259e08576854796063338c5e0fc6d7cc4df7c704582924603f0173ba05d0830,25/06/2023 22:37:29,ESCANER
10891,"Quetzaltenango",9,"Cabricán",6,1452,598,49,1,1,36,1,0,4,10,102,1,3,106,0,106,--,598,492,102,106,106,Algún campo sin dato,1,b07f27adfe35367c801e3dbd64c5ea32a9263da3710b2228dd3afd2fe634593a,25/06/2023 22:45:56,ESCANER