﻿TIPO_DE_ELECCIÓN:,CORPORACIÓN MUNICIPAL
26 junio 2023 00:25 (UTC -6)
ACTAS_ESPERADAS,ACTAS_CAPTURADAS,PORCENTAJE_ACTAS_CAPTURADAS,ACTAS_CONTABILIZADAS,PORCENTAJE_ACTAS_CONTABILIZADAS,ACTAS_NO_CONTABILIZADAS,LISTA_NOMINAL_ACTAS_CONTABILIZADAS,VOTOS_EMITIDOS_CONTABILIZADAS,PORCENTAJE_PARTICIPACIÓN_CIUDADANA
87,29,33.3333,29,33.3333,0,10017,5899,58.8898

MESA,DEPARTAMENTO,ID_DEPARTAMENTO,MUNICIPIO,ID_MUNICIPIO,CENTRO_DE_VOTACIÓN,PADRÓN,UNE,CABAL,CAMBIO,VAMOS,AZUL,BIEN,TODOS,MLP,VALOR UNIONISTA,VÁLIDOS,NULOS,BLANCO,EMITIDOS,INVÁLIDOS,TOTAL,IMPUGNACIONES,PAPELETAS-RECIBIDAS,PAPELETAS-NO-USADAS,VALIDOS_CALCULADO,EMITIDOS_CALCULADO,TOTAL_CALCULADO,OBSERVACIONES,CONTABILIZADA,CÓDIGO_INTEGRIDAD,FECHA_HORA_PUBLICACIÓN,DIGITALIZACIÓN
20421,"Petén",17,"San Benito",3,3184,400,87,11,9,120,4,2,0,3,4,240,17,2,259,0,259,--,400,141,240,259,259,Algún campo sin dato,1,54db0d5f9d65c41fab84ef34c44eb4c05c692e39860ed252a7025e989a425b44,26/06/2023 00:21:24,ESCANER
20422,"Petén",17,"San Benito",3,3184,400,,,,,,,,,,,,,,,,,,,,,,,0,,,
20423,"Petén",17,"San Benito",3,3184,400,,,,,,,,,,,,,,,,,,,,,,,0,,,
20424,"Petén",17,"San Benito",3,3184,400,,,,,,,,,,,,,,,,,,,,,,,0,,,
20425,"Petén",17,"San Benito",3,3184,400,,,,,,,,,,,,,,,,,,,,,,,0,,,
20426,"Petén",17,"San Benito",3,3184,400,91,5,5,103,3,0,1,2,2,212,10,4,226,0,226,0,404,178,212,226,226,,1,136ee1c785f858b6f7d59850238ff6d6b166b3cb6e42dd2df5346db90096fb2a,25/06/2023 23:19:40,ESCANER
20427,"Petén",17,"San Benito",3,3184,360,,,,,,,,,,,,,,,,,,,,,,,0,,,
20428,"Petén",17,"San Benito",3,3184,360,72,11,6,59,3,4,1,1,1,158,9,4,171,0,171,--,362,191,158,171,171,Algún campo sin dato,1,01630e4df8542b7dff97f45c4047b615401a65d1dced4023b30c30485eba5757,25/06/2023 22:08:47,ESCANER
20429,"Petén",17,"San Benito",3,3185,400,,,,,,,,,,,,,,,,,,,,,,,0,,,
20430,"Petén",17,"San Benito",3,3185,400,90,14,5,114,8,3,1,3,2,240,23,3,266,0,266,1,397,130,240,266,266,,1,92a55107fc49e8cc637c9198d8f5bc9f18a3ec69ef177fa811210a8710162d85,26/06/2023 00:09:25,ESCANER
20431,"Petén",17,"San Benito",3,3185,400,,,,,,,,,,,,,,,,,,,,,,,0,,,
20432,"Petén",17,"San Benito",3,3185,400,81,5,15,104,3,2,1,9,0,220,20,2,242,0,242,--,400,158,220,242,242,Algún campo sin dato,1,bd23df9ddf430adc51402216d269bf42cbac68fb2fbc7bfcf8934a63e34f817f,25/06/2023 23:46:18,ESCANER
20433,"Petén",17,"San Benito",3,3185,400,101,12,4,113,4,2,2,3,4,245,6,2,253,0,253,--,400,147,245,253,253,Algún campo sin dato,1,0649e4fc78bb6b85af0d8b6e7e7aa9d40a2513b91d25096024de016b12dfc741,25/06/2023 23:55:18,ESCANER
20434,"Petén",17,"San Benito",3,3185,400,,,,,,,,,,,,,,,,,,,,,,,0,,,
20435,"Petén",17,"San Benito",3,3185,400,,,,,,,,,,,,,,,,,,,,,,,0,,,
20436,"Petén",17,"San Benito",3,3185,400,91,11,11,101,1,4,3,3,2,227,18,6,251,0,251,--,400,149,227,251,251,Algún campo sin dato,1,61a52febe6bd8f0c93643e9f55cdbc82cb1a40c4275bdf265e8af5b75ae6366c,25/06/2023 23:11:25,ESCANER
20437,"Petén",17,"San Benito",3,3185,400,,,,,,,,,,,,,,,,,,,,,,,0,,,
20438,"Petén",17,"San Benito",3,3185,400,,,,,,,,,,,,,,,,,,,,,,,0,,,
20439,"Petén",17,"San Benito",3,3185,340,,,,,,,,,,,,,,,,,,,,,,,0,,,
20440,"Petén",17,"San Benito",3,3185,340,71,11,5,92,0,1,0,1,0,181,4,2,187,0,187,--,339,149,181,187,187,Algún campo sin dato,1,21dfd3ee7f87216dfac434f4a8b9a71a43daa621eb0d54bdeb8fdccab9679f8c,26/06/2023 00:10:27,ESCANER
20441,"Petén",17,"San Benito",3,3186,400,,,,,,,,,,,,,,,,,,,,,,,0,,,
20442,"Petén",17,"San Benito",3,3186,400,,,,,,,,,,,,,,,,,,,,,,,0,,,
20443,"Petén",17,"San Benito",3,3186,400,,,,,,,,,,,,,,,,,,,,,,,0,,,
20444,"Petén",17,"San Benito",3,3186,400,,,,,,,,,,,,,,,,,,,,,,,0,,,
20445,"Petén",17,"San Benito",3,3186,400,,,,,,,,,,,,,,,,,,,,,,,0,,,
20446,"Petén",17,"San Benito",3,3186,400,,,,,,,,,,,,,,,,,,,,,,,0,,,
20447,"Petén",17,"San Benito",3,3186,400,,,,,,,,,,,,,,,,,,,,,,,0,,,
20448,"Petén",17,"San Benito",3,3186,275,72,5,6,74,0,5,0,3,3,168,4,0,172,0,172,--,275,103,168,172,172,Algún campo sin dato,1,6135ea4158ca084dee8d902a45caa0e648ef8cc5f13eff0b5a9edf1048aab116,26/06/2023 00:17:54,ESCANER
20449,"Petén",17,"San Benito",3,3186,275,57,2,3,68,1,2,0,2,1,136,5,0,141,0,141,--,275,134,136,141,141,Algún campo sin dato,1,73a8efbcca38a42e9cf7df3078b7d973a77ee1e7652b1c3a23201bcbd19bd0c2,25/06/2023 23:51:42,ESCANER
20450,"Petén",17,"San Benito",3,3187,400,,,,,,,,,,,,,,,,,,,,,,,0,,,
20451,"Petén",17,"San Benito",3,3187,400,,,,,,,,,,,,,,,,,,,,,,,0,,,
20452,"Petén",17,"San Benito",3,3187,400,,,,,,,,,,,,,,,,,,,,,,,0,,,
20453,"Petén",17,"San Benito",3,3187,400,,,,,,,,,,,,,,,,,,,,,,,0,,,
20454,"Petén",17,"San Benito",3,3187,400,,,,,,,,,,,,,,,,,,,,,,,0,,,
20455,"Petén",17,"San Benito",3,3187,400,,,,,,,,,,,,,,,,,,,,,,,0,,,
20456,"Petén",17,"San Benito",3,3187,400,,,,,,,,,,,,,,,,,,,,,,,0,,,
20457,"Petén",17,"San Benito",3,3187,400,,,,,,,,,,,,,,,,,,,,,,,0,,,
20458,"Petén",17,"San Benito",3,3187,219,52,5,7,42,1,0,0,0,1,108,5,0,113,0,113,--,219,106,108,113,113,Algún campo sin dato,1,d8d3ea79a15c56fd10c588da7c29365a023d65e95df94c1504a565ffb562aaf8,25/06/2023 22:07:18,ESCANER
20459,"Petén",17,"San Benito",3,3187,218,45,5,2,38,1,3,0,0,7,101,3,1,105,113,218,--,218,113,101,105,218,Algún campo sin dato,1,a5d4a534ea3f310834bd57fdb64f3358164e4facdb0e0cceca0dc9202ed3a7a7,25/06/2023 22:09:17,ESCANER
20460,"Petén",17,"San Benito",3,3188,400,,,,,,,,,,,,,,,,,,,,,,,0,,,
20461,"Petén",17,"San Benito",3,3188,400,76,8,10,125,7,6,1,2,2,237,14,4,255,0,255,--,400,145,237,255,255,Algún campo sin dato,1,acbeb92fd7df1d992130971260cb0bea5233a0538e1ffbcfc736f80a59e9198c,25/06/2023 23:49:58,ESCANER
20462,"Petén",17,"San Benito",3,3188,400,,,,,,,,,,,,,,,,,,,,,,,0,,,
20463,"Petén",17,"San Benito",3,3188,400,,,,,,,,,,,,,,,,,,,,,,,0,,,
20464,"Petén",17,"San Benito",3,3188,315,,,,,,,,,,,,,,,,,,,,,,,0,,,
20465,"Petén",17,"San Benito",3,3188,315,,,,,,,,,,,,,,,,,,,,,,,0,,,
20466,"Petén",17,"San Benito",3,3189,400,,,,,,,,,,,,,,,,,,,,,,,0,,,
20467,"Petén",17,"San Benito",3,3189,400,,,,,,,,,,,,,,,,,,,,,,,0,,,
20468,"Petén",17,"San Benito",3,3189,400,103,8,19,95,1,1,0,6,2,235,10,3,248,0,248,--,400,152,235,248,248,Algún campo sin dato,1,fb1b173be796d11a7506c586b45c45b6920aa99a6d2ec28bcffdb15228a4dab3,25/06/2023 23:02:54,ESCANER
20469,"Petén",17,"San Benito",3,3189,400,105,10,8,88,2,0,0,3,1,217,19,1,237,0,237,--,400,163,217,237,237,Algún campo sin dato,1,51ab76ac1faa83d2329ff7e7408feb004e3afd683203882aa7056ee12cf292e8,26/06/2023 00:15:39,ESCANER
20470,"Petén",17,"San Benito",3,3189,400,,,,,,,,,,,,,,,,,,,,,,,0,,,
20471,"Petén",17,"San Benito",3,3189,400,,,,,,,,,,,,,,,,,,,,,,,0,,,
20472,"Petén",17,"San Benito",3,3189,316,,,,,,,,,,,,,,,,,,,,,,,0,,,
20473,"Petén",17,"San Benito",3,3189,315,86,3,3,63,1,1,1,2,5,165,6,0,171,0,171,--,315,144,165,171,171,Algún campo sin dato,1,e96bd9d6d29c1a24991a949e53d23ade115a6ccf93a769282ef0c18d804dfac9,26/06/2023 00:03:24,ESCANER
20474,"Petén",17,"San Benito",3,3190,400,,,,,,,,,,,,,,,,,,,,,,,0,,,
20475,"Petén",17,"San Benito",3,3190,400,93,7,4,137,2,1,1,0,5,250,13,3,266,0,266,--,399,133,250,266,266,Algún campo sin dato,1,52e2d6f7b15725ceaa5cfce1a155efc4f581db1c9f4f2fe83decb940e238c2b3,25/06/2023 23:23:18,ESCANER
20476,"Petén",17,"San Benito",3,3190,400,95,6,5,161,5,5,5,1,3,286,13,2,301,0,301,1,400,99,286,301,301,,1,b218941a4c24496876728dfeeefdca0b588dea0d811a231b1fb2180c87615342,25/06/2023 23:52:58,ESCANER
20477,"Petén",17,"San Benito",3,3190,400,,,,,,,,,,,,,,,,,,,,,,,0,,,
20478,"Petén",17,"San Benito",3,3190,400,93,9,6,134,1,1,1,3,5,253,10,2,265,0,265,--,400,135,253,265,265,Algún campo sin dato,1,dc2ae4cdef63cb8f7663b8440603461997ab16150c1958b4db499f73d98869a6,25/06/2023 23:26:32,ESCANER
20479,"Petén",17,"San Benito",3,3190,400,,,,,,,,,,,,,,,,,,,,,,,0,,,
20480,"Petén",17,"San Benito",3,3190,400,,,,,,,,,,,,,,,,,,,,,,,0,,,
20481,"Petén",17,"San Benito",3,3190,400,,,,,,,,,,,,,,,,,,,,,,,0,,,
20482,"Petén",17,"San Benito",3,3190,400,99,2,5,134,0,3,1,6,5,255,2,2,259,0,259,--,396,137,255,259,259,Algún campo sin dato,1,bdea399da83cad0fdfa626c159d191696b965fab442b9a00dbc74f3ad63b0b6a,26/06/2023 00:07:39,ESCANER
20483,"Petén",17,"San Benito",3,3190,269,,,,,,,,,,,,,,,,,,,,,,,0,,,
20484,"Petén",17,"San Benito",3,3190,269,61,4,2,68,1,4,4,2,1,147,4,2,153,0,153,--,269,116,147,153,153,Algún campo sin dato,1,6211b574017b7ebece4ae3ad28159f5dfe9522106cfc7cef09894253e4f661ee,25/06/2023 22:42:07,ESCANER
20485,"Petén",17,"San Benito",3,3191,400,,,,,,,,,,,,,,,,,,,,,,,0,,,
20486,"Petén",17,"San Benito",3,3191,400,,,,,,,,,,,,,,,,,,,,,,,0,,,
20487,"Petén",17,"San Benito",3,3191,400,96,5,9,114,4,2,2,5,6,264,17,4,264,0,264,1,400,136,243,264,264,Sumas Asentadas sin cuadrar,1,7e6bd47a3de949dd297a90117d5d0bf815b598573d5f4288acae4432160691cd,25/06/2023 23:00:21,ESCANER
20488,"Petén",17,"San Benito",3,3191,400,,,,,,,,,,,,,,,,,,,,,,,0,,,
20489,"Petén",17,"San Benito",3,3191,400,,,,,,,,,,,,,,,,,,,,,,,0,,,
20490,"Petén",17,"San Benito",3,3191,400,,,,,,,,,,,,,,,,,,,,,,,0,,,
20491,"Petén",17,"San Benito",3,3191,400,,,,,,,,,,,,,,,,,,,,,,,0,,,
20492,"Petén",17,"San Benito",3,3191,400,,,,,,,,,,,,,,,,,,,,,,,0,,,
20493,"Petén",17,"San Benito",3,3191,400,,,,,,,,,,,,,,,,,,,,,,,0,,,
20494,"Petén",17,"San Benito",3,3191,400,,,,,,,,,,,,,,,,,,,,,,,0,,,
20495,"Petén",17,"San Benito",3,3191,400,,,,,,,,,,,,,,,,,,,,,,,0,,,
20496,"Petén",17,"San Benito",3,3191,228,56,3,5,60,0,3,1,0,0,128,4,0,132,0,132,--,228,96,128,132,132,Algún campo sin dato,1,8f8a64a4ad04f08e76bcfb05616e4357892b348a9a893702a8483768c8accee7,25/06/2023 21:19:06,ESCANER
20497,"Petén",17,"San Benito",3,3191,227,52,5,1,49,--,--,--,1,2,110,6,2,118,0,118,--,225,107,110,118,118,Algún campo sin dato,1,1d15eb0917fbd139adaa0bb055af5013d711b302f69faf102d3c663659065d68,25/06/2023 22:47:05,ESCANER
20498,"Petén",17,"San Benito",3,3192,380,,,,,,,,,,,,,,,,,,,,,,,0,,,
20499,"Petén",17,"San Benito",3,3192,380,128,6,0,86,2,4,0,0,5,231,12,5,248,0,248,--,380,132,231,248,248,Algún campo sin dato,1,bd6678b9ed5ed85a306e856167bab47c95634d45bd79d1d56db1394ec26025d0,26/06/2023 00:19:51,ESCANER
20500,"Petén",17,"San Benito",3,3192,380,,,,,,,,,,,,,,,,,,,,,,,0,,,
20501,"Petén",17,"San Benito",3,3192,380,,,,,,,,,,,,,,,,,,,,,,,0,,,
20502,"Petén",17,"San Benito",3,3192,380,134,5,3,77,0,0,1,0,1,221,2,4,227,0,227,--,379,152,221,227,227,Algún campo sin dato,1,b839aa11bd94e7acdbac378ce5d92ca1d806135314a30944c99e16b6dbd3792e,26/06/2023 00:05:29,ESCANER
20503,"Petén",17,"San Benito",3,3192,300,113,1,2,51,0,0,0,0,2,169,5,2,176,0,176,--,300,124,169,176,176,Algún campo sin dato,1,7fde09ececa27c9d19b3c91448af78f30b2be0a9bc7af939d0aa8aa1238f9b76,25/06/2023 23:24:37,ESCANER
20504,"Petén",17,"San Benito",3,3192,299,115,1,1,36,2,0,0,1,2,158,5,5,168,0,168,--,299,131,158,168,168,Algún campo sin dato,1,a72297873ae5fb335105b45f8261f26d97ed247c0d8d6c7ae7b63cbf78a98e9e,25/06/2023 23:17:06,ESCANER
20505,"Petén",17,"San Benito",3,3193,600,,,,,,,,,,,,,,,,,,,,,,,0,,,
20506,"Petén",17,"San Benito",3,3193,332,,,,,,,,,,,,,,,,,,,,,,,0,,,
20507,"Petén",17,"San Benito",3,3193,332,6,2,1,14,0,0,0,0,2,25,0,0,25,1,25,--,332,307,25,25,26,Sumas Asentadas sin cuadrar,1,401d86e85b83b0c315cd5f068691de403071d58b92a5c7d9f3d0a770481f2f11,25/06/2023 22:40:14,ESCANER