﻿TIPO_DE_ELECCIÓN:,CORPORACIÓN MUNICIPAL
26 junio 2023 00:25 (UTC -6)
ACTAS_ESPERADAS,ACTAS_CAPTURADAS,PORCENTAJE_ACTAS_CAPTURADAS,ACTAS_CONTABILIZADAS,PORCENTAJE_ACTAS_CONTABILIZADAS,ACTAS_NO_CONTABILIZADAS,LISTA_NOMINAL_ACTAS_CONTABILIZADAS,VOTOS_EMITIDOS_CONTABILIZADAS,PORCENTAJE_PARTICIPACIÓN_CIUDADANA
146,62,42.4657,62,42.4657,0,22928,13113,57.1920

MESA,DEPARTAMENTO,ID_DEPARTAMENTO,MUNICIPIO,ID_MUNICIPIO,CENTRO_DE_VOTACIÓN,PADRÓN,CABAL,VALOR,UNE,VAMOS,MLP,BIEN,SEMILLA,PPN,AZUL,WINAQ,CAMBIO,UR,PIN,TODOS,VIVA,VÁLIDOS,NULOS,BLANCO,EMITIDOS,INVÁLIDOS,TOTAL,IMPUGNACIONES,PAPELETAS-RECIBIDAS,PAPELETAS-NO-USADAS,VALIDOS_CALCULADO,EMITIDOS_CALCULADO,TOTAL_CALCULADO,OBSERVACIONES,CONTABILIZADA,CÓDIGO_INTEGRIDAD,FECHA_HORA_PUBLICACIÓN,DIGITALIZACIÓN
12593,"Retalhuleu",11,"Retalhuleu",1,1722,400,,,,,,,,,,,,,,,,,,,,,,,,,,,,,0,,,
12594,"Retalhuleu",11,"Retalhuleu",1,1722,400,,,,,,,,,,,,,,,,,,,,,,,,,,,,,0,,,
12595,"Retalhuleu",11,"Retalhuleu",1,1722,400,,,,,,,,,,,,,,,,,,,,,,,,,,,,,0,,,
12596,"Retalhuleu",11,"Retalhuleu",1,1722,400,,,,,,,,,,,,,,,,,,,,,,,,,,,,,0,,,
12597,"Retalhuleu",11,"Retalhuleu",1,1722,400,,,,,,,,,,,,,,,,,,,,,,,,,,,,,0,,,
12598,"Retalhuleu",11,"Retalhuleu",1,1722,400,,,,,,,,,,,,,,,,,,,,,,,,,,,,,0,,,
12599,"Retalhuleu",11,"Retalhuleu",1,1722,400,,,,,,,,,,,,,,,,,,,,,,,,,,,,,0,,,
12600,"Retalhuleu",11,"Retalhuleu",1,1722,400,,,,,,,,,,,,,,,,,,,,,,,,,,,,,0,,,
12601,"Retalhuleu",11,"Retalhuleu",1,1722,400,,,,,,,,,,,,,,,,,,,,,,,,,,,,,0,,,
12602,"Retalhuleu",11,"Retalhuleu",1,1722,400,17,92,1,15,5,97,3,1,0,0,0,0,0,0,4,235,7,0,242,1,243,--,400,157,235,242,243,Algún campo sin dato,1,1efadac0d6293f141620c70b9c296e8a49df64c1d6e8c7f57dee24481ca6dfec,25/06/2023 23:41:33,ESCANER
12603,"Retalhuleu",11,"Retalhuleu",1,1722,400,,,,,,,,,,,,,,,,,,,,,,,,,,,,,0,,,
12604,"Retalhuleu",11,"Retalhuleu",1,1723,400,10,87,4,20,3,123,2,3,2,1,0,0,1,3,1,260,15,1,276,0,276,--,400,124,260,276,276,Algún campo sin dato,1,a6de4c6f59757adff57c0192e81314cca7090f7d26cd9ac6be84f2f52dd0316b,25/06/2023 23:38:56,ESCANER
12605,"Retalhuleu",11,"Retalhuleu",1,1723,400,,,,,,,,,,,,,,,,,,,,,,,,,,,,,0,,,
12606,"Retalhuleu",11,"Retalhuleu",1,1723,400,,,,,,,,,,,,,,,,,,,,,,,,,,,,,0,,,
12607,"Retalhuleu",11,"Retalhuleu",1,1723,400,,,,,,,,,,,,,,,,,,,,,,,,,,,,,0,,,
12608,"Retalhuleu",11,"Retalhuleu",1,1723,400,,,,,,,,,,,,,,,,,,,,,,,,,,,,,0,,,
12609,"Retalhuleu",11,"Retalhuleu",1,1723,400,,,,,,,,,,,,,,,,,,,,,,,,,,,,,0,,,
12610,"Retalhuleu",11,"Retalhuleu",1,1723,400,15,71,3,22,5,98,6,5,0,2,0,1,0,0,1,229,8,2,239,0,239,--,392,153,229,239,239,Algún campo sin dato,1,406dfc50def88237004fcd9d51b5c4011cd55042dcb885acb2e49557e1244250,25/06/2023 23:04:01,ESCANER
12611,"Retalhuleu",11,"Retalhuleu",1,1723,400,9,85,2,17,3,90,6,1,0,0,1,0,1,1,0,216,5,1,222,0,222,--,399,177,216,222,222,Algún campo sin dato,1,8e1503b3947901a7d7c6b2b45699c242dfea400c02f0e19dbcda628314603009,25/06/2023 22:56:48,ESCANER
12612,"Retalhuleu",11,"Retalhuleu",1,1723,400,12,94,2,15,3,130,5,1,2,1,0,1,0,0,1,267,5,0,272,0,272,--,400,128,267,272,272,Algún campo sin dato,1,eae54d3ace7cd4a6bcbe60c9bacd6d5106563aca1c256d6f9607d66fea65558e,25/06/2023 23:49:18,ESCANER
12613,"Retalhuleu",11,"Retalhuleu",1,1723,358,8,106,1,11,1,80,5,2,0,1,0,0,0,0,2,217,4,0,221,0,221,--,358,137,217,221,221,Algún campo sin dato,1,af69985602a83eeeb511d776632baa5d56450d7486626e1e96ab8f3ce9642243,25/06/2023 23:57:07,ESCANER
12614,"Retalhuleu",11,"Retalhuleu",1,1723,358,,,,,,,,,,,,,,,,,,,,,,,,,,,,,0,,,
12615,"Retalhuleu",11,"Retalhuleu",1,1724,400,10,87,4,13,1,128,2,0,5,0,0,1,0,1,5,257,15,1,273,0,273,--,400,127,257,273,273,Algún campo sin dato,1,d73b0f151a4548e79407cbdd578fa508885f896d9adef847802d437eb5cfbdf3,26/06/2023 00:16:10,ESCANER
12616,"Retalhuleu",11,"Retalhuleu",1,1724,400,,,,,,,,,,,,,,,,,,,,,,,,,,,,,0,,,
12617,"Retalhuleu",11,"Retalhuleu",1,1724,400,,,,,,,,,,,,,,,,,,,,,,,,,,,,,0,,,
12618,"Retalhuleu",11,"Retalhuleu",1,1724,400,,,,,,,,,,,,,,,,,,,,,,,,,,,,,0,,,
12619,"Retalhuleu",11,"Retalhuleu",1,1724,400,10,66,7,10,0,130,4,1,3,1,0,0,1,0,2,235,14,0,249,0,249,--,400,151,235,249,249,Algún campo sin dato,1,adee736b3aa2b3f7ccbdb09ede48059f70df69c375675e6d19396eb1e9c68e4c,26/06/2023 00:02:33,ESCANER
12620,"Retalhuleu",11,"Retalhuleu",1,1724,400,,,,,,,,,,,,,,,,,,,,,,,,,,,,,0,,,
12621,"Retalhuleu",11,"Retalhuleu",1,1724,323,8,48,2,5,0,102,4,3,2,0,0,1,0,1,0,176,5,0,181,0,181,1,323,141,176,181,181,,1,d86a7eeeea20f86d6038f822ccad5c21f5d559410001b4eb443152dc1a507ff4,25/06/2023 23:46:08,ESCANER
12622,"Retalhuleu",11,"Retalhuleu",1,1724,323,4,64,0,14,0,64,3,1,0,3,0,1,0,0,0,154,7,1,162,0,162,--,320,158,154,162,162,Algún campo sin dato,1,803de9d6880a93f2320cedde4e6d12eea636f5f6cf138875cf0eab35d4b27a49,26/06/2023 00:24:19,ESCANER
12623,"Retalhuleu",11,"Retalhuleu",1,1725,400,,,,,,,,,,,,,,,,,,,,,,,,,,,,,0,,,
12624,"Retalhuleu",11,"Retalhuleu",1,1725,400,,,,,,,,,,,,,,,,,,,,,,,,,,,,,0,,,
12625,"Retalhuleu",11,"Retalhuleu",1,1725,400,,,,,,,,,,,,,,,,,,,,,,,,,,,,,0,,,
12626,"Retalhuleu",11,"Retalhuleu",1,1725,400,,,,,,,,,,,,,,,,,,,,,,,,,,,,,0,,,
12627,"Retalhuleu",11,"Retalhuleu",1,1725,400,,,,,,,,,,,,,,,,,,,,,,,,,,,,,0,,,
12628,"Retalhuleu",11,"Retalhuleu",1,1725,400,,,,,,,,,,,,,,,,,,,,,,,,,,,,,0,,,
12629,"Retalhuleu",11,"Retalhuleu",1,1725,400,,,,,,,,,,,,,,,,,,,,,,,,,,,,,0,,,
12630,"Retalhuleu",11,"Retalhuleu",1,1725,400,,,,,,,,,,,,,,,,,,,,,,,,,,,,,0,,,
12631,"Retalhuleu",11,"Retalhuleu",1,1726,400,15,121,3,24,2,89,5,8,1,0,0,1,0,1,0,270,22,5,297,0,297,--,400,103,270,297,297,Algún campo sin dato,1,3473dfe8ca263d6748d289533a7ff3c5355f900f41796f8bd1882a6d5bcfdc6b,25/06/2023 23:15:39,ESCANER
12632,"Retalhuleu",11,"Retalhuleu",1,1726,400,12,109,4,33,2,73,2,1,0,0,0,0,0,0,0,236,10,0,246,0,246,--,400,154,236,246,246,Algún campo sin dato,1,c3c471dc7b1bc457f44727954981736edef8797699b245ac9f576b5e859888c9,26/06/2023 00:19:46,ESCANER
12633,"Retalhuleu",11,"Retalhuleu",1,1726,400,9,110,1,16,2,85,4,1,0,0,0,0,1,1,1,231,2,0,233,2,235,--,400,165,231,233,235,Algún campo sin dato,1,fd02792235ea5a7e03246145b15b12fa436e93fe96827a04898e62e723924da6,26/06/2023 00:15:57,ESCANER
12634,"Retalhuleu",11,"Retalhuleu",1,1726,373,,,,,,,,,,,,,,,,,,,,,,,,,,,,,0,,,
12635,"Retalhuleu",11,"Retalhuleu",1,1726,372,7,93,1,12,2,67,1,1,0,0,0,1,0,0,1,186,6,2,194,0,194,--,372,178,186,194,194,Algún campo sin dato,1,a12b172257056183c50d406262e946235e88cf0b1569b08d8d4da4197e26553c,25/06/2023 23:11:01,ESCANER
12636,"Retalhuleu",11,"Retalhuleu",1,1727,400,,,,,,,,,,,,,,,,,,,,,,,,,,,,,0,,,
12637,"Retalhuleu",11,"Retalhuleu",1,1727,400,,,,,,,,,,,,,,,,,,,,,,,,,,,,,0,,,
12638,"Retalhuleu",11,"Retalhuleu",1,1727,400,,,,,,,,,,,,,,,,,,,,,,,,,,,,,0,,,
12639,"Retalhuleu",11,"Retalhuleu",1,1727,400,20,78,3,30,2,116,6,1,2,1,0,1,0,2,5,267,18,8,293,0,293,--,400,107,267,293,293,Algún campo sin dato,1,6e2f95017a6e0c81b3f41a975fa9ca7a7549a8b33d65817631f7cc8b56a0d659,25/06/2023 23:07:43,ESCANER
12640,"Retalhuleu",11,"Retalhuleu",1,1727,400,,,,,,,,,,,,,,,,,,,,,,,,,,,,,0,,,
12641,"Retalhuleu",11,"Retalhuleu",1,1727,400,20,102,4,21,3,119,2,0,2,1,0,0,0,0,2,276,12,3,291,0,291,--,400,109,276,291,291,Algún campo sin dato,1,e44f6409bdada92168ebf976a8f00184b9caa1ef8f07bbc0bdd428888d91c1e3,25/06/2023 23:41:41,ESCANER
12642,"Retalhuleu",11,"Retalhuleu",1,1727,400,,,,,,,,,,,,,,,,,,,,,,,,,,,,,0,,,
12643,"Retalhuleu",11,"Retalhuleu",1,1727,400,,,,,,,,,,,,,,,,,,,,,,,,,,,,,0,,,
12644,"Retalhuleu",11,"Retalhuleu",1,1727,400,,,,,,,,,,,,,,,,,,,,,,,,,,,,,0,,,
12645,"Retalhuleu",11,"Retalhuleu",1,1727,400,26,105,5,26,3,112,3,2,2,0,1,2,0,1,4,292,13,1,306,0,306,--,400,94,292,306,306,Algún campo sin dato,1,3f80f90281dbdb8279bd8a6ea799b9edc9101c47fda53e83586486956a5fd8a0,26/06/2023 00:20:52,ESCANER
12646,"Retalhuleu",11,"Retalhuleu",1,1727,400,11,90,6,22,2,112,3,1,1,0,0,0,0,1,0,249,10,2,261,0,261,--,400,139,249,261,261,Algún campo sin dato,1,2a4902a6b943be44211371db84ceb03a5efc26e624ea9463014aaef2f424e608,26/06/2023 00:12:53,ESCANER
12647,"Retalhuleu",11,"Retalhuleu",1,1727,400,,,,,,,,,,,,,,,,,,,,,,,,,,,,,0,,,
12648,"Retalhuleu",11,"Retalhuleu",1,1727,400,,,,,,,,,,,,,,,,,,,,,,,,,,,,,0,,,
12649,"Retalhuleu",11,"Retalhuleu",1,1727,400,24,90,5,19,1,103,4,2,1,0,0,0,0,0,1,250,18,1,269,0,269,--,400,131,250,269,269,Algún campo sin dato,1,356df0cbb8adc4b50c878a40604700a79718758dd7380b2a3b4412378155d95d,25/06/2023 23:23:54,ESCANER
12650,"Retalhuleu",11,"Retalhuleu",1,1728,400,,,,,,,,,,,,,,,,,,,,,,,,,,,,,0,,,
12651,"Retalhuleu",11,"Retalhuleu",1,1728,400,,,,,,,,,,,,,,,,,,,,,,,,,,,,,0,,,
12652,"Retalhuleu",11,"Retalhuleu",1,1728,400,,,,,,,,,,,,,,,,,,,,,,,,,,,,,0,,,
12653,"Retalhuleu",11,"Retalhuleu",1,1728,400,26,89,4,30,0,91,5,0,2,1,0,0,0,1,1,250,18,3,271,0,271,--,400,129,250,271,271,Algún campo sin dato,1,2ed40fcee3e30e5399d03d18538c1c249f750edea212959d52a8bc5a099ba378,25/06/2023 23:49:49,ESCANER
12654,"Retalhuleu",11,"Retalhuleu",1,1728,400,,,,,,,,,,,,,,,,,,,,,,,,,,,,,0,,,
12655,"Retalhuleu",11,"Retalhuleu",1,1728,400,,,,,,,,,,,,,,,,,,,,,,,,,,,,,0,,,
12656,"Retalhuleu",11,"Retalhuleu",1,1728,400,,,,,,,,,,,,,,,,,,,,,,,,,,,,,0,,,
12657,"Retalhuleu",11,"Retalhuleu",1,1728,400,,,,,,,,,,,,,,,,,,,,,,,,,,,,,0,,,
12658,"Retalhuleu",11,"Retalhuleu",1,1728,400,,,,,,,,,,,,,,,,,,,,,,,,,,,,,0,,,
12659,"Retalhuleu",11,"Retalhuleu",1,1728,400,,,,,,,,,,,,,,,,,,,,,,,,,,,,,0,,,
12660,"Retalhuleu",11,"Retalhuleu",1,1728,400,,,,,,,,,,,,,,,,,,,,,,,,,,,,,0,,,
12661,"Retalhuleu",11,"Retalhuleu",1,1728,400,,,,,,,,,,,,,,,,,,,,,,,,,,,,,0,,,
12662,"Retalhuleu",11,"Retalhuleu",1,1728,281,13,44,0,17,1,63,4,1,1,0,0,0,0,1,0,145,4,1,150,0,150,--,278,128,145,150,150,Algún campo sin dato,1,0b520d701f82325feefa43d622cd82ea3ed940538b35b670e3ef21a3f063a3ad,25/06/2023 23:07:26,ESCANER
12663,"Retalhuleu",11,"Retalhuleu",1,1728,281,12,56,2,16,0,40,3,1,0,0,1,1,0,0,1,133,7,2,142,0,142,--,281,139,133,142,142,Algún campo sin dato,1,8f3bde111279075803d5ec8f02a9b7331097bc8fcc7b89eb850dc338942a78bb,25/06/2023 23:56:46,ESCANER
12664,"Retalhuleu",11,"Retalhuleu",1,1729,400,,,,,,,,,,,,,,,,,,,,,,,,,,,,,0,,,
12665,"Retalhuleu",11,"Retalhuleu",1,1729,400,,,,,,,,,,,,,,,,,,,,,,,,,,,,,0,,,
12666,"Retalhuleu",11,"Retalhuleu",1,1729,400,,,,,,,,,,,,,,,,,,,,,,,,,,,,,0,,,
12667,"Retalhuleu",11,"Retalhuleu",1,1729,400,,,,,,,,,,,,,,,,,,,,,,,,,,,,,0,,,
12668,"Retalhuleu",11,"Retalhuleu",1,1729,400,15,112,6,13,3,98,7,0,0,0,0,1,2,0,6,263,12,3,278,0,278,--,400,122,263,278,278,Algún campo sin dato,1,9b2b722b54536c8ef8a59a0f352890d06ede9ec8596a86cfba94524263db8c0b,25/06/2023 23:10:21,ESCANER
12669,"Retalhuleu",11,"Retalhuleu",1,1729,400,,,,,,,,,,,,,,,,,,,,,,,,,,,,,0,,,
12670,"Retalhuleu",11,"Retalhuleu",1,1729,400,,,,,,,,,,,,,,,,,,,,,,,,,,,,,0,,,
12671,"Retalhuleu",11,"Retalhuleu",1,1729,349,,,,,,,,,,,,,,,,,,,,,,,,,,,,,0,,,
12672,"Retalhuleu",11,"Retalhuleu",1,1729,349,9,98,3,7,2,67,3,1,0,2,0,0,1,0,1,194,6,0,200,0,200,--,349,149,194,200,200,Algún campo sin dato,1,37421acab62bf9571f245bff48359bb7b50b4ee5192a8c866c0825ee483633ab,26/06/2023 00:07:12,ESCANER
12673,"Retalhuleu",11,"Retalhuleu",1,1730,400,,,,,,,,,,,,,,,,,,,,,,,,,,,,,0,,,
12674,"Retalhuleu",11,"Retalhuleu",1,1730,400,,,,,,,,,,,,,,,,,,,,,,,,,,,,,0,,,
12675,"Retalhuleu",11,"Retalhuleu",1,1730,400,13,98,6,16,0,116,1,5,1,2,0,1,1,0,3,263,23,2,288,0,288,--,400,112,263,288,288,Algún campo sin dato,1,c9cbf74bbc193cd056a050971200bae5787f70b2191a6758c252caa45d4b1daf,25/06/2023 23:46:42,ESCANER
12676,"Retalhuleu",11,"Retalhuleu",1,1730,400,,,,,,,,,,,,,,,,,,,,,,,,,,,,,0,,,
12677,"Retalhuleu",11,"Retalhuleu",1,1731,400,,,,,,,,,,,,,,,,,,,,,,,,,,,,,0,,,
12678,"Retalhuleu",11,"Retalhuleu",1,1731,400,10,90,5,20,2,105,4,8,3,1,0,0,2,0,2,252,7,2,261,0,261,--,400,139,252,261,261,Algún campo sin dato,1,380a4da15f64def53b9f162b45dcafe1fb662de3d228f88de02622f0f53656e4,25/06/2023 23:34:53,ESCANER
12679,"Retalhuleu",11,"Retalhuleu",1,1731,400,,,,,,,,,,,,,,,,,,,,,,,,,,,,,0,,,
12680,"Retalhuleu",11,"Retalhuleu",1,1731,400,,,,,,,,,,,,,,,,,,,,,,,,,,,,,0,,,
12681,"Retalhuleu",11,"Retalhuleu",1,1731,400,16,103,5,28,0,108,2,5,0,1,0,2,1,0,2,273,10,0,283,0,283,--,400,117,273,283,283,Algún campo sin dato,1,3da7d89b8eef5c1696a9ddd503fd7c69eeba7be4143e2526c71fb67cc7ac126f,25/06/2023 22:55:23,ESCANER
12682,"Retalhuleu",11,"Retalhuleu",1,1731,400,,,,,,,,,,,,,,,,,,,,,,,,,,,,,0,,,
12683,"Retalhuleu",11,"Retalhuleu",1,1731,400,9,95,6,20,0,117,8,4,0,1,0,3,1,0,1,265,6,1,272,0,272,1,400,127,265,272,272,,1,784a16368d37170009ed1721e881a1c45f5c6355d4cb8798ba07f9c0f75fd23e,25/06/2023 23:27:19,ESCANER
12684,"Retalhuleu",11,"Retalhuleu",1,1731,400,,,,,,,,,,,,,,,,,,,,,,,,,,,,,0,,,
12685,"Retalhuleu",11,"Retalhuleu",1,1731,262,10,76,4,18,0,63,3,3,0,0,0,0,0,0,0,177,4,0,181,0,181,--,262,81,177,181,181,Algún campo sin dato,1,ba7e66c7a1da354863f3c8004ebe38ed375bd46d461e3fd5e60f8b2e153567ad,25/06/2023 21:50:52,ESCANER
12686,"Retalhuleu",11,"Retalhuleu",1,1731,262,4,54,0,10,0,67,0,3,0,0,0,0,0,0,0,138,4,1,143,0,143,--,262,119,138,143,143,Algún campo sin dato,1,ea03fc9e22efaf669fb91c117621212a99ff742c0794e4b7b921317461188aba,25/06/2023 22:13:09,ESCANER
12687,"Retalhuleu",11,"Retalhuleu",1,1732,380,6,94,9,24,4,58,0,1,0,0,0,0,0,0,4,200,34,2,236,0,236,--,380,144,200,236,236,Algún campo sin dato,1,50ad766f85b6caf8d27503c82a4af4ecaa263f9b5b35aff9c6013f8f9d12ebc7,26/06/2023 00:10:19,ESCANER
12688,"Retalhuleu",11,"Retalhuleu",1,1732,380,,,,,,,,,,,,,,,,,,,,,,,,,,,,,0,,,
12689,"Retalhuleu",11,"Retalhuleu",1,1732,380,,,,,,,,,,,,,,,,,,,,,,,,,,,,,0,,,
12690,"Retalhuleu",11,"Retalhuleu",1,1732,380,,,,,,,,,,,,,,,,,,,,,,,,,,,,,0,,,
12691,"Retalhuleu",11,"Retalhuleu",1,1732,380,,,,,,,,,,,,,,,,,,,,,,,,,,,,,0,,,
12692,"Retalhuleu",11,"Retalhuleu",1,1732,380,7,88,6,31,2,82,3,1,0,0,0,0,0,0,3,223,22,4,249,0,249,--,377,128,223,249,249,Algún campo sin dato,1,acf26cdd180709ce81371f6fc4aac4ae7f6f5f27fcd43749982d37379342bd5b,25/06/2023 23:22:03,ESCANER
12693,"Retalhuleu",11,"Retalhuleu",1,1732,380,,,,,,,,,,,,,,,,,,,,,,,,,,,,,0,,,
12694,"Retalhuleu",11,"Retalhuleu",1,1732,380,,,,,,,,,,,,,,,,,,,,,,,,,,,,,0,,,
12695,"Retalhuleu",11,"Retalhuleu",1,1732,380,,,,,,,,,,,,,,,,,,,,,,,,,,,,,0,,,
12696,"Retalhuleu",11,"Retalhuleu",1,1732,380,,,,,,,,,,,,,,,,,,,,,,,,,,,,,0,,,
12697,"Retalhuleu",11,"Retalhuleu",1,1732,380,,,,,,,,,,,,,,,,,,,,,,,,,,,,,0,,,
12698,"Retalhuleu",11,"Retalhuleu",1,1732,380,11,73,4,17,2,95,0,2,0,0,0,0,0,1,1,206,12,5,223,0,223,--,377,154,206,223,223,Algún campo sin dato,1,260773fcf1c04d8286bed1079cfdb33e0e1ea938e04c39b429dd29e6e42fe669,25/06/2023 23:48:30,ESCANER
12699,"Retalhuleu",11,"Retalhuleu",1,1733,380,,,,,,,,,,,,,,,,,,,,,,,,,,,,,0,,,
12700,"Retalhuleu",11,"Retalhuleu",1,1733,380,6,100,10,30,1,88,0,0,2,0,0,0,0,0,4,241,21,9,271,0,271,--,380,109,241,271,271,Algún campo sin dato,1,e683959f5b964c6bcadf08954ed899ab869b6399776f53df050bedda1edbd4ea,26/06/2023 00:04:31,ESCANER
12701,"Retalhuleu",11,"Retalhuleu",1,1733,380,18,88,8,30,2,68,0,0,0,0,0,0,0,0,3,217,23,12,252,0,252,--,380,128,217,252,252,Algún campo sin dato,1,df0fbcd92bc024b40788d171350d3ec46a9477aa8e2643d54e680b02087c4775,25/06/2023 23:30:52,ESCANER
12702,"Retalhuleu",11,"Retalhuleu",1,1733,380,11,71,8,34,4,79,0,0,0,1,0,0,0,1,3,212,33,7,252,0,252,--,380,128,212,252,252,Algún campo sin dato,1,c20eaf2f5216f0f9e5ee8ccf1c9e4e8b87f8738d765eec2dfa8e3ded131b08e6,26/06/2023 00:22:37,ESCANER
12703,"Retalhuleu",11,"Retalhuleu",1,1733,380,,,,,,,,,,,,,,,,,,,,,,,,,,,,,0,,,
12704,"Retalhuleu",11,"Retalhuleu",1,1733,380,,,,,,,,,,,,,,,,,,,,,,,,,,,,,0,,,
12705,"Retalhuleu",11,"Retalhuleu",1,1733,380,,,,,,,,,,,,,,,,,,,,,,,,,,,,,0,,,
12706,"Retalhuleu",11,"Retalhuleu",1,1733,380,6,119,1,13,0,48,0,1,0,0,0,0,0,0,2,190,9,1,200,0,200,--,380,180,190,200,200,Algún campo sin dato,1,8f1a25c77b23e33f0285e7fd2aeef225bfc74df3e2a91f15d4b1d07fd04e7797,25/06/2023 23:54:25,ESCANER
12707,"Retalhuleu",11,"Retalhuleu",1,1733,380,,,,,,,,,,,,,,,,,,,,,,,,,,,,,0,,,
12708,"Retalhuleu",11,"Retalhuleu",1,1733,380,12,102,6,20,1,66,0,0,0,0,1,1,0,0,1,210,7,2,219,0,219,--,380,161,210,219,219,Algún campo sin dato,1,0f84032e67510195b5a816a0c3c76f54492a6e00d0e329e0bfd49c29370a2d96,25/06/2023 22:55:34,ESCANER
12709,"Retalhuleu",11,"Retalhuleu",1,1733,380,8,115,1,10,0,50,0,0,0,0,0,0,0,0,3,187,5,1,193,0,193,--,380,187,187,193,193,Algún campo sin dato,1,20b968ad978d3d195f5a6ca794522d182047e91980bc3206297cc137cae1c0bc,25/06/2023 23:24:53,ESCANER
12710,"Retalhuleu",11,"Retalhuleu",1,1733,218,2,49,4,11,0,34,1,1,0,0,0,0,0,0,5,107,5,2,114,0,114,--,218,104,107,114,114,Algún campo sin dato,1,52cfdd1001b9dfd59139769e060b65afdb2edafae75030d60e1fd21d40480b68,25/06/2023 23:44:50,ESCANER
12711,"Retalhuleu",11,"Retalhuleu",1,1733,217,1,46,5,9,0,26,0,0,0,1,0,0,0,0,0,88,8,3,99,0,99,3,217,118,88,99,99,,1,6de552585bba5b2e6aa5c730dfaedca4d75e75fad66b81c39289c7a1b9ad3a58,25/06/2023 22:07:07,ESCANER
12712,"Retalhuleu",11,"Retalhuleu",1,1734,380,,,,,,,,,,,,,,,,,,,,,,,,,,,,,0,,,
12713,"Retalhuleu",11,"Retalhuleu",1,1734,380,,,,,,,,,,,,,,,,,,,,,,,,,,,,,0,,,
12714,"Retalhuleu",11,"Retalhuleu",1,1734,380,,,,,,,,,,,,,,,,,,,,,,,,,,,,,0,,,
12715,"Retalhuleu",11,"Retalhuleu",1,1734,380,,,,,,,,,,,,,,,,,,,,,,,,,,,,,0,,,
12716,"Retalhuleu",11,"Retalhuleu",1,1734,380,22,88,4,20,7,68,0,0,0,0,0,0,0,0,9,218,12,4,234,0,234,--,380,146,218,234,234,Algún campo sin dato,1,a0f0cf9040b1fde8097b63bdcf1afc0a90b1af203087140632612580b65468ab,25/06/2023 23:27:04,ESCANER
12717,"Retalhuleu",11,"Retalhuleu",1,1734,380,19,75,2,24,9,71,0,1,1,1,0,0,0,1,7,211,14,2,227,0,227,--,380,153,211,227,227,Algún campo sin dato,1,72483e465d341d6c78e8fec6ebef9ab3d1b6169d67133d332fa298895f1d0994,26/06/2023 00:01:45,ESCANER
12718,"Retalhuleu",11,"Retalhuleu",1,1734,380,32,83,0,19,11,67,0,1,0,0,1,0,0,0,6,220,4,2,226,0,226,--,380,154,220,226,226,Algún campo sin dato,1,674673ee9be98129d5f24358a513293a034a893f7c29b921be1f3dddef1743a6,25/06/2023 23:46:43,ESCANER
12719,"Retalhuleu",11,"Retalhuleu",1,1734,209,10,67,2,16,6,32,0,1,0,0,0,2,0,0,2,138,3,0,141,0,141,--,209,68,138,141,141,Algún campo sin dato,1,87544d92c318f5fca675e39595824c2b24363348a057719e6ebf4663c9de692e,25/06/2023 22:42:22,ESCANER
12720,"Retalhuleu",11,"Retalhuleu",1,1734,209,8,56,1,8,2,22,2,1,0,0,0,0,0,0,3,103,4,1,108,0,108,--,209,101,103,108,108,Algún campo sin dato,1,601f43449188c35b072f582fa63b2486b701403f5abd1cae13a91078406414e2,25/06/2023 22:22:30,ESCANER
12721,"Retalhuleu",11,"Retalhuleu",1,1735,380,7,68,4,63,10,59,0,1,0,0,0,0,0,0,6,218,35,2,255,0,255,--,380,125,218,255,255,Algún campo sin dato,1,23507f6bf1026325f3866acfaba03e30f002392de37e6009e44442329ea9d9f8,25/06/2023 22:28:04,ESCANER
12722,"Retalhuleu",11,"Retalhuleu",1,1735,380,12,72,1,84,11,44,2,1,0,0,0,0,0,1,9,237,18,6,261,0,261,--,380,119,237,261,261,Algún campo sin dato,1,e5fd791224a8adfec0f91e6b45e02f679b40d51e716cc6e3b256e715c4b1f462,26/06/2023 00:04:56,ESCANER
12723,"Retalhuleu",11,"Retalhuleu",1,1735,233,6,49,4,41,6,30,1,2,0,1,0,0,0,0,0,140,12,1,153,0,153,--,230,77,140,153,153,Algún campo sin dato,1,289c2f46473e23e84c2fd068ae90682e9ed1aa8e6558b0840065eae6c75a5152,25/06/2023 21:08:16,ESCANER
12724,"Retalhuleu",11,"Retalhuleu",1,1735,232,8,49,2,37,7,29,1,0,0,1,0,1,0,0,4,139,4,1,144,0,144,--,229,85,139,144,144,Algún campo sin dato,1,1cc24607a4f156daa3e768eb99a3b7f28c68da10c16e62e602a8a33bf7ae9393,25/06/2023 21:06:28,ESCANER
12725,"Retalhuleu",11,"Retalhuleu",1,1736,380,5,83,1,42,1,84,1,0,0,2,0,0,0,1,5,225,30,4,259,0,259,1,380,120,225,259,259,,1,6ecf891dd96f14c763946dc530e54965dada0616b8ce760bd2492f3104fea32c,26/06/2023 00:06:59,ESCANER
12726,"Retalhuleu",11,"Retalhuleu",1,1736,380,20,55,3,25,2,68,3,4,2,1,0,0,0,0,5,188,31,5,224,0,224,--,380,156,188,224,224,Algún campo sin dato,1,9c58e58d85872925a0b79dcd98d0a9c11e8caefca5c478966356d8fab4cfd55d,25/06/2023 23:58:20,ESCANER
12727,"Retalhuleu",11,"Retalhuleu",1,1736,380,5,61,3,34,0,66,0,0,0,2,0,0,0,0,4,175,23,1,199,0,199,1,380,181,175,199,199,,1,1b56d9c0f508b036e8ed00891259fb0494e8a4dff7ece3d7cb3ca63e13a1e8ac,25/06/2023 23:34:42,ESCANER
12728,"Retalhuleu",11,"Retalhuleu",1,1736,380,14,42,3,37,1,74,0,3,0,0,1,0,0,0,8,183,25,3,211,0,211,--,412,201,183,211,211,Algún campo sin dato,1,878a3360d22387e3f6a0ddd94550f073e9a09351985f40409218b10836363ee6,25/06/2023 22:57:26,ESCANER
12729,"Retalhuleu",11,"Retalhuleu",1,1736,231,6,36,0,17,0,44,1,0,0,3,0,0,0,0,3,110,7,3,120,0,120,--,228,108,110,120,120,Algún campo sin dato,1,90b94b412303bcac06f6ad5c914a46f1cabbe691077f59ce5e12326fb2c2564e,25/06/2023 22:51:14,ESCANER
12730,"Retalhuleu",11,"Retalhuleu",1,1736,231,8,38,2,29,1,35,0,0,0,0,0,0,0,0,6,119,7,2,128,0,128,1,231,102,119,128,128,,1,cbe519a9ab6ba606ba3d388659bc105dce574e6177fa94a5bed66fba4f5e078a,25/06/2023 22:29:36,ESCANER
12731,"Retalhuleu",11,"Retalhuleu",1,1737,600,,,,,,,,,,,,,,,,,,,,,,,,,,,,,0,,,
12732,"Retalhuleu",11,"Retalhuleu",1,1737,600,13,66,12,23,4,82,2,3,0,0,0,1,1,0,0,207,8,5,220,0,220,1,600,379,207,220,220,,1,b8b31e9571acc12007562e8549152bd7e79ce51379011dc877ff3a8b6d64c99d,25/06/2023 23:45:02,ESCANER
12733,"Retalhuleu",11,"Retalhuleu",1,1737,600,,,,,,,,,,,,,,,,,,,,,,,,,,,,,0,,,
12734,"Retalhuleu",11,"Retalhuleu",1,1737,600,15,59,4,16,1,91,3,3,0,2,0,0,0,0,1,195,10,2,207,0,207,--,600,393,195,207,207,Algún campo sin dato,1,5534ecc224abac02eebc878e3b2171c4e355c7b287645bd7f531b47271aefd77,25/06/2023 23:43:29,ESCANER
12735,"Retalhuleu",11,"Retalhuleu",1,1737,600,8,57,2,10,0,65,1,5,0,1,0,0,0,2,1,152,16,3,171,3,174,--,600,414,152,171,174,Algún campo sin dato,1,8202342db5e97114b0eeef39afa926b36ebc6dff2511f05b6b35f9927aae0552,25/06/2023 23:36:54,ESCANER
12736,"Retalhuleu",11,"Retalhuleu",1,1737,600,5,24,2,6,0,26,1,0,1,0,0,1,0,0,2,68,2,0,70,0,70,--,600,530,68,70,70,Algún campo sin dato,1,1c393f2d03c72af1f254c992add5c8885bf7af42e486488d5a197cd53b305e73,25/06/2023 23:56:52,ESCANER
12737,"Retalhuleu",11,"Retalhuleu",1,1737,349,1,11,2,3,1,11,1,1,0,0,0,0,0,0,0,31,2,0,33,0,33,0,349,316,31,33,33,,1,d76d57cff740efe1bfbbda2a8d382aebb616ef146eece49173bb75ec719ea97a,25/06/2023 22:25:00,ESCANER
12738,"Retalhuleu",11,"Retalhuleu",1,1737,348,2,6,0,2,0,6,0,1,0,0,0,0,0,0,0,17,0,1,18,0,18,--,348,330,17,18,18,Algún campo sin dato,1,af5926730b4da7803c245152d204df784613aa37c6ff691d494a6e4714ba2eb1,25/06/2023 20:30:37,ESCANER