﻿TIPO_DE_ELECCIÓN:,CORPORACIÓN MUNICIPAL
26 junio 2023 00:25 (UTC -6)
ACTAS_ESPERADAS,ACTAS_CAPTURADAS,PORCENTAJE_ACTAS_CAPTURADAS,ACTAS_CONTABILIZADAS,PORCENTAJE_ACTAS_CONTABILIZADAS,ACTAS_NO_CONTABILIZADAS,LISTA_NOMINAL_ACTAS_CONTABILIZADAS,VOTOS_EMITIDOS_CONTABILIZADAS,PORCENTAJE_PARTICIPACIÓN_CIUDADANA
70,33,47.1428,33,47.1428,0,12189,7821,64.1644

MESA,DEPARTAMENTO,ID_DEPARTAMENTO,MUNICIPIO,ID_MUNICIPIO,CENTRO_DE_VOTACIÓN,PADRÓN,VAMOS,PODEMOS,PHG,UNE,BIEN,VICTORIA,TODOS,VALOR,VIVA,VÁLIDOS,NULOS,BLANCO,EMITIDOS,INVÁLIDOS,TOTAL,IMPUGNACIONES,PAPELETAS-RECIBIDAS,PAPELETAS-NO-USADAS,VALIDOS_CALCULADO,EMITIDOS_CALCULADO,TOTAL_CALCULADO,OBSERVACIONES,CONTABILIZADA,CÓDIGO_INTEGRIDAD,FECHA_HORA_PUBLICACIÓN,DIGITALIZACIÓN
15218,"Huehuetenango",13,"Nentón",5,2206,400,,,,,,,,,,,,,,,,,,,,,,,0,,,
15219,"Huehuetenango",13,"Nentón",5,2206,400,100,79,1,12,2,13,0,18,2,227,15,8,250,0,250,--,400,150,227,250,250,Algún campo sin dato,1,9d94c94a3b220c63591725911343d99c68dc62057233d516db2ed78e8a6bb83b,25/06/2023 23:54:09,ESCANER
15220,"Huehuetenango",13,"Nentón",5,2206,400,101,83,0,49,0,17,2,29,4,285,14,3,302,0,302,--,400,98,285,302,302,Algún campo sin dato,1,79488d2b50c05a03cb40dd844b9b9cb8b26835197afcce059b87a908ef6599ad,25/06/2023 22:54:57,ESCANER
15221,"Huehuetenango",13,"Nentón",5,2206,400,83,95,0,35,0,10,0,15,3,240,11,5,257,0,257,--,400,143,241,257,257,Sumas Asentadas sin cuadrar,1,75d54b60600019e325bc5ad52fe1a8f2671d0f7ceacdd287be71806bf1b8dd13,25/06/2023 23:54:04,ESCANER
15222,"Huehuetenango",13,"Nentón",5,2206,400,,,,,,,,,,,,,,,,,,,,,,,0,,,
15223,"Huehuetenango",13,"Nentón",5,2206,400,,,,,,,,,,,,,,,,,,,,,,,0,,,
15224,"Huehuetenango",13,"Nentón",5,2206,400,178,55,0,25,2,4,2,26,4,296,10,3,309,0,309,--,400,91,296,309,309,Algún campo sin dato,1,ab2e629aee1a82b0bfea7855794a4cd83dd345b224c7442887e557ad23478b33,26/06/2023 00:23:20,ESCANER
15225,"Huehuetenango",13,"Nentón",5,2206,400,,,,,,,,,,,,,,,,,,,,,,,0,,,
15226,"Huehuetenango",13,"Nentón",5,2206,400,106,61,0,12,0,7,1,13,0,200,6,1,207,0,207,--,400,193,200,207,207,Algún campo sin dato,1,73f7e3cb3327895c73322773e510a9121f8b6f5687eb045597f92d1d8e731463,25/06/2023 22:39:42,ESCANER
15227,"Huehuetenango",13,"Nentón",5,2206,400,98,63,0,10,3,4,0,26,4,208,9,8,225,0,225,--,400,175,208,225,225,Algún campo sin dato,1,6b85ab543086cbf9a856d48a9462d5157801a7c7796da4eabffcd1a6a38de215,25/06/2023 23:57:31,ESCANER
15228,"Huehuetenango",13,"Nentón",5,2206,400,100,67,0,10,3,5,0,27,8,220,10,1,231,0,231,--,400,169,220,231,231,Algún campo sin dato,1,2ac45e8b33dfba8fdc8bda00eaff86c26cb8d15b488089ae6b7c6da6618059c0,25/06/2023 21:20:16,ESCANER
15229,"Huehuetenango",13,"Nentón",5,2206,400,100,66,0,27,1,11,0,16,1,222,5,4,231,0,231,--,380,149,222,231,231,Algún campo sin dato,1,808bb2e22673993d3354f435f631f13edf5a9cb9dff3cbcfd85f0f8b55d62862,25/06/2023 22:54:22,ESCANER
15230,"Huehuetenango",13,"Nentón",5,2206,400,101,76,1,24,2,11,1,27,1,244,15,3,262,0,262,--,400,138,244,262,262,Algún campo sin dato,1,8b1a4c5312a70feeea0b071128609d8e69de725e51e9dda47e3d721bb62523da,26/06/2023 00:12:49,ESCANER
15231,"Huehuetenango",13,"Nentón",5,2207,400,,,,,,,,,,,,,,,,,,,,,,,0,,,
15232,"Huehuetenango",13,"Nentón",5,2207,400,99,70,1,25,2,8,0,13,8,226,7,7,240,0,240,--,400,160,226,240,240,Algún campo sin dato,1,63ad47459ef9df448c881f033efcf3791250cc72899652acbac86583b5b7272e,25/06/2023 23:30:47,ESCANER
15233,"Huehuetenango",13,"Nentón",5,2207,400,,,,,,,,,,,,,,,,,,,,,,,0,,,
15234,"Huehuetenango",13,"Nentón",5,2207,400,119,50,0,31,0,10,0,19,1,230,3,0,233,0,233,--,400,167,230,233,233,Algún campo sin dato,1,2e22b27df69dac588031acc9bd7d557ba09a05c608945d2aee75279c61ff5a24,25/06/2023 22:57:52,ESCANER
15235,"Huehuetenango",13,"Nentón",5,2208,400,79,104,0,12,0,11,1,30,1,243,3,2,243,0,243,--,384,141,238,243,243,Sumas Asentadas sin cuadrar,1,304a465d45465d276b10cbca4fd63434da4edbf3dceeec176a2b4b38db3d824a,25/06/2023 22:51:13,ESCANER
15236,"Huehuetenango",13,"Nentón",5,2208,375,99,83,1,12,0,8,0,13,0,216,2,2,220,0,220,--,375,155,216,220,220,Algún campo sin dato,1,ceb5931790b111f46b1d1387bf5c7851e2492c830a0b9c6f68e95567d4bb60e2,25/06/2023 22:45:02,ESCANER
15237,"Huehuetenango",13,"Nentón",5,2208,375,59,76,0,23,1,7,0,23,2,191,2,5,198,0,198,--,375,177,191,198,198,Algún campo sin dato,1,8ca18ee76ecacfa3917136dfde98287b668c5832456a1ec2df3a7377f8cfc988,25/06/2023 21:52:42,ESCANER
15238,"Huehuetenango",13,"Nentón",5,2209,380,,,,,,,,,,,,,,,,,,,,,,,0,,,
15239,"Huehuetenango",13,"Nentón",5,2209,380,134,96,0,48,2,0,0,6,1,287,10,4,301,0,301,--,380,79,287,301,301,Algún campo sin dato,1,17a0bfe1eb9421e490a0e2f8ebe957e0056b3ea838ad5a82777cd4b99449272a,25/06/2023 23:34:57,ESCANER
15240,"Huehuetenango",13,"Nentón",5,2209,380,,,,,,,,,,,,,,,,,,,,,,,0,,,
15241,"Huehuetenango",13,"Nentón",5,2209,380,94,65,0,125,2,0,0,7,0,293,7,2,302,0,302,1,380,77,293,302,302,,1,76a4cd577a719ec2eca6ddeff4e5543224ac12d6420833cccb53cbafb5f07a89,25/06/2023 23:11:22,ESCANER
15242,"Huehuetenango",13,"Nentón",5,2209,380,120,71,0,72,1,11,0,3,0,269,2,3,274,0,274,--,380,106,278,283,283,Sumas Asentadas sin cuadrar,1,531509fef083072b4e3c4297cc23a89982234ec90a9c7a1fd13184c8cf77e294,25/06/2023 22:34:02,ESCANER
15243,"Huehuetenango",13,"Nentón",5,2209,380,,,,,,,,,,,,,,,,,,,,,,,0,,,
15244,"Huehuetenango",13,"Nentón",5,2209,380,,,,,,,,,,,,,,,,,,,,,,,0,,,
15245,"Huehuetenango",13,"Nentón",5,2209,380,120,82,0,50,1,2,1,4,0,260,4,4,268,0,268,--,380,112,260,268,268,Algún campo sin dato,1,780146da5f631237f782fc4ac42c8a31ce9db8175c1412fa8e1cd14c5ee4bc8e,25/06/2023 23:30:46,ESCANER
15246,"Huehuetenango",13,"Nentón",5,2209,380,,,,,,,,,,,,,,,,,,,,,,,0,,,
15247,"Huehuetenango",13,"Nentón",5,2209,380,,,,,,,,,,,,,,,,,,,,,,,0,,,
15248,"Huehuetenango",13,"Nentón",5,2209,380,67,68,0,86,0,0,0,4,0,225,0,0,225,0,225,--,380,155,225,225,225,Algún campo sin dato,1,47018aa00a26ad989b7d3953a7bfbe9ce32fbec4138fe09ba8f1d5787b1bf6a2,25/06/2023 22:06:18,ESCANER
15249,"Huehuetenango",13,"Nentón",5,2209,380,88,98,0,56,0,1,0,6,0,249,0,3,252,0,252,--,380,128,249,252,252,Algún campo sin dato,1,84ec9b7692c7e8ce3e22f127eb2af0e05276015d359b0e6789fa899866e50249,25/06/2023 23:23:40,ESCANER
15250,"Huehuetenango",13,"Nentón",5,2210,380,119,93,0,61,0,0,0,4,0,277,0,0,277,0,277,--,--,--,277,277,277,Algún campo sin dato,1,158bf5f77c7638c7494749e41b03c212daefc0ca704d9474cdd01f7563648862,25/06/2023 23:58:35,MOVIL
15251,"Huehuetenango",13,"Nentón",5,2210,223,,,,,,,,,,,,,,,,,,,,,,,0,,,
15252,"Huehuetenango",13,"Nentón",5,2210,222,,,,,,,,,,,,,,,,,,,,,,,0,,,
15253,"Huehuetenango",13,"Nentón",5,2211,380,,,,,,,,,,,,,,,,,,,,,,,0,,,
15254,"Huehuetenango",13,"Nentón",5,2211,380,,,,,,,,,,,,,,,,,,,,,,,0,,,
15255,"Huehuetenango",13,"Nentón",5,2211,380,,,,,,,,,,,,,,,,,,,,,,,0,,,
15256,"Huehuetenango",13,"Nentón",5,2211,380,,,,,,,,,,,,,,,,,,,,,,,0,,,
15257,"Huehuetenango",13,"Nentón",5,2211,380,,,,,,,,,,,,,,,,,,,,,,,0,,,
15258,"Huehuetenango",13,"Nentón",5,2211,380,,,,,,,,,,,,,,,,,,,,,,,0,,,
15259,"Huehuetenango",13,"Nentón",5,2211,380,,,,,,,,,,,,,,,,,,,,,,,0,,,
15260,"Huehuetenango",13,"Nentón",5,2211,380,,,,,,,,,,,,,,,,,,,,,,,0,,,
15261,"Huehuetenango",13,"Nentón",5,2211,380,,,,,,,,,,,,,,,,,,,,,,,0,,,
15262,"Huehuetenango",13,"Nentón",5,2211,380,,,,,,,,,,,,,,,,,,,,,,,0,,,
15263,"Huehuetenango",13,"Nentón",5,2211,380,,,,,,,,,,,,,,,,,,,,,,,0,,,
15264,"Huehuetenango",13,"Nentón",5,2212,380,,,,,,,,,,,,,,,,,,,,,,,0,,,
15265,"Huehuetenango",13,"Nentón",5,2212,243,66,71,0,16,2,0,1,3,1,160,6,1,167,0,167,--,240,73,160,167,167,Algún campo sin dato,1,2e9a87f232cb118a3013df3bc27e540e003d2b5340e1a03ad982bef3af7ad7c1,25/06/2023 23:02:00,MOVIL
15266,"Huehuetenango",13,"Nentón",5,2212,243,76,94,0,18,0,1,0,1,0,190,3,0,193,0,193,--,243,50,190,193,193,Algún campo sin dato,1,4bb69418dfe151f12e99787e1d142c1778defb1c111094087a3dda28c5b8f59f,25/06/2023 23:25:11,MOVIL
15267,"Huehuetenango",13,"Nentón",5,2213,380,,,,,,,,,,,,,,,,,,,,,,,0,,,
15268,"Huehuetenango",13,"Nentón",5,2213,380,,,,,,,,,,,,,,,,,,,,,,,0,,,
15269,"Huehuetenango",13,"Nentón",5,2213,380,50,127,0,86,2,2,1,4,2,274,11,3,288,0,288,--,--,--,274,288,288,Algún campo sin dato,1,023a75e0ea4820b4f53571324cc68092488536459f9e8feb3de6ab8b11bbd032,25/06/2023 23:57:42,ESCANER
15270,"Huehuetenango",13,"Nentón",5,2213,380,43,94,0,116,0,0,0,13,0,266,3,1,270,0,270,--,380,110,266,270,270,Algún campo sin dato,1,c7c359706f400f981ef4a8f21f9a93393cb390cfe51c09be20d51f3fcfae3ab7,25/06/2023 22:56:44,ESCANER
15271,"Huehuetenango",13,"Nentón",5,2213,380,,,,,,,,,,,,,,,,,,,,,,,0,,,
15272,"Huehuetenango",13,"Nentón",5,2213,380,,,,,,,,,,,,,,,,,,,,,,,0,,,
15273,"Huehuetenango",13,"Nentón",5,2213,380,93,89,0,53,2,0,1,4,0,242,7,7,256,0,256,--,380,124,242,256,256,Algún campo sin dato,1,ade511800e0d1b4c9371f6059a1de3847b7f3d5f56ad51d3862ded9299b4045c,25/06/2023 23:13:56,ESCANER
15274,"Huehuetenango",13,"Nentón",5,2213,380,,,,,,,,,,,,,,,,,,,,,,,0,,,
15275,"Huehuetenango",13,"Nentón",5,2213,380,,,,,,,,,,,,,,,,,,,,,,,0,,,
15276,"Huehuetenango",13,"Nentón",5,2213,380,,,,,,,,,,,,,,,,,,,,,,,0,,,
15277,"Huehuetenango",13,"Nentón",5,2214,380,108,106,0,41,0,1,0,5,1,262,4,1,267,0,267,0,380,113,262,267,267,,1,a96b02a10f121efa9774f0a0730a034a2d4c37801610119c6e9c559f18da1ead,26/06/2023 00:10:46,MOVIL
15278,"Huehuetenango",13,"Nentón",5,2214,274,45,78,0,40,0,0,0,7,1,171,5,6,182,0,182,--,274,92,171,182,182,Algún campo sin dato,1,b5df5d29cd18d577b9648b2f2366429012ca374d8be6d40240247bfc3504c8e2,26/06/2023 00:14:24,MOVIL
15279,"Huehuetenango",13,"Nentón",5,2214,273,,,,,,,,,,,,,,,,,,,,,,,0,,,
15280,"Huehuetenango",13,"Nentón",5,2215,380,,,,,,,,,,,,,,,,,,,,,,,0,,,
15281,"Huehuetenango",13,"Nentón",5,2215,380,,,,,,,,,,,,,,,,,,,,,,,0,,,
15282,"Huehuetenango",13,"Nentón",5,2215,380,,,,,,,,,,,,,,,,,,,,,,,0,,,
15283,"Huehuetenango",13,"Nentón",5,2215,337,66,100,0,42,0,1,0,5,1,215,3,3,221,0,221,--,337,116,215,221,221,Algún campo sin dato,1,eaff5870363aff964a7775dcb4af0dbfa16239ea3ed48d9ec3da8a6a32b0d652,26/06/2023 00:23:35,ESCANER
15284,"Huehuetenango",13,"Nentón",5,2215,336,63,103,0,30,0,2,0,5,1,204,4,4,212,0,212,--,336,124,204,212,212,Algún campo sin dato,1,54840655409a3ec7cee19a12f028e9f11ebc4790f1ce7a6a03f765eec9e3aeed,25/06/2023 23:08:01,ESCANER
15285,"Huehuetenango",13,"Nentón",5,2216,314,79,109,1,14,1,0,0,3,0,207,4,2,213,0,213,--,314,101,207,213,213,Algún campo sin dato,1,ee805217f41c0db585c1ace89e958148e138756620b34ad61ccc3d7a2a6e1a7b,25/06/2023 21:45:31,ESCANER
15286,"Huehuetenango",13,"Nentón",5,2216,314,44,106,0,15,0,0,0,4,1,170,7,1,178,0,178,--,311,133,170,178,178,Algún campo sin dato,1,c572680df8df5629b852313fb9f3fcaad09e5edc41afe968b40ef8f12856c289,25/06/2023 22:09:45,ESCANER
15287,"Huehuetenango",13,"Nentón",5,2217,398,30,14,0,2,0,1,0,2,3,52,3,3,58,0,58,--,398,337,52,58,58,Algún campo sin dato,1,55594734ec25f8ed1645947a5f89a0567f665bd774506830d5ecd4382299a9d0,25/06/2023 22:43:44,ESCANER