﻿TIPO_DE_ELECCIÓN:,DIPUTADOS DISTRITALES
26 junio 2023 00:28 (UTC -6)
ACTAS_ESPERADAS,ACTAS_CAPTURADAS,PORCENTAJE_ACTAS_CAPTURADAS,ACTAS_CONTABILIZADAS,PORCENTAJE_ACTAS_CONTABILIZADAS,ACTAS_NO_CONTABILIZADAS,LISTA_NOMINAL_ACTAS_CONTABILIZADAS,VOTOS_EMITIDOS_CONTABILIZADAS,PORCENTAJE_PARTICIPACIÓN_CIUDADANA
702,233,33.1908,233,33.1908,0,84026,44000,52.3647

MESA,DEPARTAMENTO,ID_DEPARTAMENTO,MUNICIPIO,ID_MUNICIPIO,CENTRO_DE_VOTACIÓN,PADRÓN,CABAL,AZUL,PIN,VALOR UNIONISTA,P A N,URNG-MAIZ WINAQ,VICTORIA,MLP,UNE,CREO,ELEFANTE,VAMOS,FCN-NACION,PODEMOS,BIEN,UR,VIVA,TODOS,CAMBIO,VOS,MI FAMILIA,SEMILLA,VÁLIDOS,NULOS,BLANCO,EMITIDOS,INVÁLIDOS,TOTAL,IMPUGNACIONES,PAPELETAS-RECIBIDAS,PAPELETAS-NO-USADAS,VALIDOS_CALCULADO,EMITIDOS_CALCULADO,TOTAL_CALCULADO,OBSERVACIONES,CONTABILIZADA,CÓDIGO_INTEGRIDAD,FECHA_HORA_PUBLICACIÓN,DIGITALIZACIÓN
22354,"Chiquimula",20,"Chiquimula",1,3485,400,9,6,0,14,6,3,6,0,5,0,11,26,1,1,0,0,5,2,86,24,10,7,222,30,1,253,0,253,--,400,147,222,253,253,Algún campo sin dato,1,b2ade785ca2d5f4db2ef3f2b9f512ea99f292cb172bfcbc26a6d7f7a0817ace5,25/06/2023 23:31:03,ESCANER
22355,"Chiquimula",20,"Chiquimula",1,3485,400,10,8,0,8,3,6,5,0,7,0,17,24,1,0,4,3,1,6,85,15,8,11,222,28,4,254,0,254,--,400,146,222,254,254,Algún campo sin dato,1,bea4211cf04e417e82501741b6dfe2dec41848b1aa1a8060223f6ffd2f94cda1,25/06/2023 22:36:23,ESCANER
22356,"Chiquimula",20,"Chiquimula",1,3485,400,,,,,,,,,,,,,,,,,,,,,,,,,,,,,,,,,,,,0,,,
22357,"Chiquimula",20,"Chiquimula",1,3485,400,11,5,0,11,4,4,3,0,9,0,20,25,1,0,2,2,3,0,86,19,10,10,225,34,3,262,0,262,--,400,138,225,262,262,Algún campo sin dato,1,8019da0db5ab9d653a17a5b3e23c10de1acf12e49856bca859f23e5ecc104074,25/06/2023 21:12:26,MOVIL
22358,"Chiquimula",20,"Chiquimula",1,3485,400,10,10,1,8,11,6,9,0,6,1,10,18,1,4,1,0,5,1,87,16,16,7,228,34,6,268,1,269,--,400,131,228,268,269,Algún campo sin dato,1,f9ae7e2a83163281728b33a2860668f3c161ec747b6525027d971c68c88118cf,25/06/2023 23:59:50,ESCANER
22359,"Chiquimula",20,"Chiquimula",1,3485,400,,,,,,,,,,,,,,,,,,,,,,,,,,,,,,,,,,,,0,,,
22360,"Chiquimula",20,"Chiquimula",1,3486,400,8,7,1,6,6,4,0,0,9,0,14,24,0,2,1,0,2,0,110,18,8,11,231,20,0,251,0,251,--,399,148,231,251,251,Algún campo sin dato,1,6d77c5de515b80f501d1337a2e9564cb8dc531ce16c387bd2c3f0c57f3cb70e1,25/06/2023 23:51:40,ESCANER
22361,"Chiquimula",20,"Chiquimula",1,3486,400,,,,,,,,,,,,,,,,,,,,,,,,,,,,,,,,,,,,0,,,
22362,"Chiquimula",20,"Chiquimula",1,3486,400,,,,,,,,,,,,,,,,,,,,,,,,,,,,,,,,,,,,0,,,
22363,"Chiquimula",20,"Chiquimula",1,3486,400,,,,,,,,,,,,,,,,,,,,,,,,,,,,,,,,,,,,0,,,
22364,"Chiquimula",20,"Chiquimula",1,3486,400,,,,,,,,,,,,,,,,,,,,,,,,,,,,,,,,,,,,0,,,
22365,"Chiquimula",20,"Chiquimula",1,3486,400,,,,,,,,,,,,,,,,,,,,,,,,,,,,,,,,,,,,0,,,
22366,"Chiquimula",20,"Chiquimula",1,3487,400,,,,,,,,,,,,,,,,,,,,,,,,,,,,,,,,,,,,0,,,
22367,"Chiquimula",20,"Chiquimula",1,3487,400,,,,,,,,,,,,,,,,,,,,,,,,,,,,,,,,,,,,0,,,
22368,"Chiquimula",20,"Chiquimula",1,3487,400,,,,,,,,,,,,,,,,,,,,,,,,,,,,,,,,,,,,0,,,
22369,"Chiquimula",20,"Chiquimula",1,3488,400,,,,,,,,,,,,,,,,,,,,,,,,,,,,,,,,,,,,0,,,
22370,"Chiquimula",20,"Chiquimula",1,3488,400,7,4,0,6,8,4,5,1,9,0,12,20,0,0,0,0,4,0,79,13,2,6,180,13,2,195,0,195,--,400,205,180,195,195,Algún campo sin dato,1,d406863cf295788279d5050dc174e00d56a1d9a26f8a7ee24a2c4e72c34abeb1,25/06/2023 22:48:40,ESCANER
22371,"Chiquimula",20,"Chiquimula",1,3488,400,6,6,0,11,4,2,3,2,6,1,12,15,0,1,1,1,4,4,84,19,7,14,203,12,0,215,0,215,--,400,185,203,215,215,Algún campo sin dato,1,5a8963f71da10d405e03990b4da37edb5101e5f3af5bbd67173031fb8032272f,25/06/2023 23:30:11,ESCANER
22372,"Chiquimula",20,"Chiquimula",1,3489,242,1,0,0,3,3,1,0,0,2,0,4,14,0,0,2,0,1,2,36,6,3,14,92,6,0,98,0,98,--,242,144,92,98,98,Algún campo sin dato,1,4ecb7cb734a8a2d5a3e7668b024e814a1015dc0218107968f33ee2a76f4a7b08,25/06/2023 22:17:06,ESCANER
22373,"Chiquimula",20,"Chiquimula",1,3489,241,0,0,0,4,4,2,0,0,4,0,2,7,0,1,0,0,0,1,30,6,4,8,73,5,1,79,0,79,--,241,162,73,79,79,Algún campo sin dato,1,f59b8f6b1d4e41d4c6ab858880bb3c007f6742632621a466d8b110fea475782f,25/06/2023 21:41:49,ESCANER
22374,"Chiquimula",20,"Chiquimula",1,3490,400,,,,,,,,,,,,,,,,,,,,,,,,,,,,,,,,,,,,0,,,
22375,"Chiquimula",20,"Chiquimula",1,3490,400,,,,,,,,,,,,,,,,,,,,,,,,,,,,,,,,,,,,0,,,
22376,"Chiquimula",20,"Chiquimula",1,3490,400,,,,,,,,,,,,,,,,,,,,,,,,,,,,,,,,,,,,0,,,
22377,"Chiquimula",20,"Chiquimula",1,3490,400,,,,,,,,,,,,,,,,,,,,,,,,,,,,,,,,,,,,0,,,
22378,"Chiquimula",20,"Chiquimula",1,3490,400,,,,,,,,,,,,,,,,,,,,,,,,,,,,,,,,,,,,0,,,
22379,"Chiquimula",20,"Chiquimula",1,3490,400,,,,,,,,,,,,,,,,,,,,,,,,,,,,,,,,,,,,0,,,
22380,"Chiquimula",20,"Chiquimula",1,3490,400,,,,,,,,,,,,,,,,,,,,,,,,,,,,,,,,,,,,0,,,
22381,"Chiquimula",20,"Chiquimula",1,3490,400,,,,,,,,,,,,,,,,,,,,,,,,,,,,,,,,,,,,0,,,
22382,"Chiquimula",20,"Chiquimula",1,3490,400,,,,,,,,,,,,,,,,,,,,,,,,,,,,,,,,,,,,0,,,
22383,"Chiquimula",20,"Chiquimula",1,3490,400,,,,,,,,,,,,,,,,,,,,,,,,,,,,,,,,,,,,0,,,
22384,"Chiquimula",20,"Chiquimula",1,3490,400,,,,,,,,,,,,,,,,,,,,,,,,,,,,,,,,,,,,0,,,
22385,"Chiquimula",20,"Chiquimula",1,3490,400,5,3,0,6,2,4,2,1,8,1,8,30,2,2,4,1,7,0,82,23,6,5,202,22,5,229,0,229,--,400,171,202,229,229,Algún campo sin dato,1,16eda58942b4f8782bf3f7f902f4092e745faba2d335e3eaa834d2d0342d814c,26/06/2023 00:10:52,ESCANER
22386,"Chiquimula",20,"Chiquimula",1,3490,400,,,,,,,,,,,,,,,,,,,,,,,,,,,,,,,,,,,,0,,,
22387,"Chiquimula",20,"Chiquimula",1,3490,272,5,3,1,7,3,2,0,1,3,0,9,16,0,0,0,0,0,0,69,8,3,12,142,8,1,151,0,151,--,269,118,142,151,151,Algún campo sin dato,1,d494820fbb5734d211beda0cf8522198bfb3d401f1113e89731b82469fc03bcd,26/06/2023 00:25:02,ESCANER
22388,"Chiquimula",20,"Chiquimula",1,3490,271,,,,,,,,,,,,,,,,,,,,,,,,,,,,,,,,,,,,0,,,
22389,"Chiquimula",20,"Chiquimula",1,3491,400,,,,,,,,,,,,,,,,,,,,,,,,,,,,,,,,,,,,0,,,
22390,"Chiquimula",20,"Chiquimula",1,3491,400,,,,,,,,,,,,,,,,,,,,,,,,,,,,,,,,,,,,0,,,
22391,"Chiquimula",20,"Chiquimula",1,3491,400,,,,,,,,,,,,,,,,,,,,,,,,,,,,,,,,,,,,0,,,
22392,"Chiquimula",20,"Chiquimula",1,3491,400,,,,,,,,,,,,,,,,,,,,,,,,,,,,,,,,,,,,0,,,
22393,"Chiquimula",20,"Chiquimula",1,3491,400,,,,,,,,,,,,,,,,,,,,,,,,,,,,,,,,,,,,0,,,
22394,"Chiquimula",20,"Chiquimula",1,3491,400,,,,,,,,,,,,,,,,,,,,,,,,,,,,,,,,,,,,0,,,
22395,"Chiquimula",20,"Chiquimula",1,3491,400,,,,,,,,,,,,,,,,,,,,,,,,,,,,,,,,,,,,0,,,
22396,"Chiquimula",20,"Chiquimula",1,3491,400,,,,,,,,,,,,,,,,,,,,,,,,,,,,,,,,,,,,0,,,
22397,"Chiquimula",20,"Chiquimula",1,3491,400,,,,,,,,,,,,,,,,,,,,,,,,,,,,,,,,,,,,0,,,
22398,"Chiquimula",20,"Chiquimula",1,3492,228,2,1,0,3,3,2,1,1,4,0,9,9,0,1,0,0,3,2,46,6,2,4,99,7,2,108,2,110,--,231,121,99,108,110,Algún campo sin dato,1,309fe7c4e6a4948eae438ae85f9d3c9fe74b1ca2250484f5a15efb05442beacf,25/06/2023 23:07:56,ESCANER
22399,"Chiquimula",20,"Chiquimula",1,3492,228,1,1,1,1,1,3,0,1,6,0,9,9,0,0,0,0,1,0,24,3,0,4,65,10,0,75,0,75,--,228,153,65,75,75,Algún campo sin dato,1,0026efe67434a93751a3e31b8df8d0e8d434c18f1eeca263cbb68f904035a6aa,25/06/2023 22:01:47,ESCANER
22400,"Chiquimula",20,"Chiquimula",1,3493,400,20,7,0,8,3,1,4,1,8,0,13,23,0,1,2,0,8,4,58,9,4,8,182,24,5,211,0,211,--,400,189,182,211,211,Algún campo sin dato,1,c773428e490bc53b73324b16347f5f4046f249c19360057dc8c8d335d193b49f,26/06/2023 00:14:18,ESCANER
22401,"Chiquimula",20,"Chiquimula",1,3493,400,,,,,,,,,,,,,,,,,,,,,,,,,,,,,,,,,,,,0,,,
22402,"Chiquimula",20,"Chiquimula",1,3493,400,12,5,1,23,0,3,2,1,1,1,12,23,0,3,1,2,4,4,79,14,3,4,198,18,11,227,0,227,--,400,173,198,227,227,Algún campo sin dato,1,bd393f975db2a7ba1c661761736981c85c9f4bcff5675f112bf6f6a27b33bb77,25/06/2023 23:17:23,ESCANER
22403,"Chiquimula",20,"Chiquimula",1,3493,400,,,,,,,,,,,,,,,,,,,,,,,,,,,,,,,,,,,,0,,,
22404,"Chiquimula",20,"Chiquimula",1,3493,400,,,,,,,,,,,,,,,,,,,,,,,,,,,,,,,,,,,,0,,,
22405,"Chiquimula",20,"Chiquimula",1,3493,400,,,,,,,,,,,,,,,,,,,,,,,,,,,,,,,,,,,,0,,,
22406,"Chiquimula",20,"Chiquimula",1,3494,400,,,,,,,,,,,,,,,,,,,,,,,,,,,,,,,,,,,,0,,,
22407,"Chiquimula",20,"Chiquimula",1,3494,400,12,6,0,14,6,2,0,2,9,0,12,28,0,4,1,0,4,1,66,12,3,4,186,16,11,213,0,213,--,400,187,186,213,213,Algún campo sin dato,1,cf8a548b1a6ce92a1912995d637a4e5561373d49e84e05c5c8a1aed1b9d4c134,25/06/2023 23:20:52,ESCANER
22408,"Chiquimula",20,"Chiquimula",1,3494,400,8,9,0,8,2,4,1,0,5,0,12,25,1,0,2,0,5,3,76,12,5,2,180,26,4,210,0,210,--,400,190,180,210,210,Algún campo sin dato,1,4223cb2e4ec7c69beac59fa7a80a0b77b9c3a7b6656aa72b3a05e77636538e0b,25/06/2023 23:50:28,ESCANER
22409,"Chiquimula",20,"Chiquimula",1,3494,400,,,,,,,,,,,,,,,,,,,,,,,,,,,,,,,,,,,,0,,,
22410,"Chiquimula",20,"Chiquimula",1,3494,400,,,,,,,,,,,,,,,,,,,,,,,,,,,,,,,,,,,,0,,,
22411,"Chiquimula",20,"Chiquimula",1,3494,400,8,6,1,12,4,5,0,0,3,0,21,26,0,1,2,0,2,1,117,17,2,11,239,19,1,259,0,259,--,400,141,239,259,259,Algún campo sin dato,1,790c33a004ecc157fc5383aa9e9e8aa95270f8a7eed21da9cb5d087cd69c1b25,25/06/2023 23:40:07,ESCANER
22412,"Chiquimula",20,"Chiquimula",1,3494,400,3,11,0,6,1,3,3,2,2,1,24,33,6,0,3,1,6,1,15,14,3,43,183,32,2,217,0,217,--,400,217,181,215,215,Sumas Asentadas sin cuadrar,1,c4ef6a1b2c5063e91be5ed16b1096246582bf847b34ad3c320349b6dc71ab68a,25/06/2023 23:12:16,ESCANER
22413,"Chiquimula",20,"Chiquimula",1,3495,400,,,,,,,,,,,,,,,,,,,,,,,,,,,,,,,,,,,,0,,,
22414,"Chiquimula",20,"Chiquimula",1,3495,400,,,,,,,,,,,,,,,,,,,,,,,,,,,,,,,,,,,,0,,,
22415,"Chiquimula",20,"Chiquimula",1,3495,400,5,12,0,14,2,3,3,0,8,0,10,19,0,1,1,1,1,4,80,11,1,7,183,11,5,199,0,199,--,400,201,183,199,199,Algún campo sin dato,1,531ad336c03b3dbfcf86ae4302cd4256b0b6d7ea0cfd67f7526213d6283cb6ce,25/06/2023 23:46:16,ESCANER
22416,"Chiquimula",20,"Chiquimula",1,3495,400,,,,,,,,,,,,,,,,,,,,,,,,,,,,,,,,,,,,0,,,
22417,"Chiquimula",20,"Chiquimula",1,3495,400,,,,,,,,,,,,,,,,,,,,,,,,,,,,,,,,,,,,0,,,
22418,"Chiquimula",20,"Chiquimula",1,3496,400,,,,,,,,,,,,,,,,,,,,,,,,,,,,,,,,,,,,0,,,
22419,"Chiquimula",20,"Chiquimula",1,3496,400,,,,,,,,,,,,,,,,,,,,,,,,,,,,,,,,,,,,0,,,
22420,"Chiquimula",20,"Chiquimula",1,3496,269,,,,,,,,,,,,,,,,,,,,,,,,,,,,,,,,,,,,0,,,
22421,"Chiquimula",20,"Chiquimula",1,3496,268,,,,,,,,,,,,,,,,,,,,,,,,,,,,,,,,,,,,0,,,
22422,"Chiquimula",20,"Chiquimula",1,3497,400,6,5,0,8,2,3,2,0,5,0,20,18,1,2,2,2,1,0,68,17,8,5,175,42,2,219,0,219,--,400,181,175,219,219,Algún campo sin dato,1,7e5fa1f7c3b461cab95a82bd3640c50c7f1bc93d70bd573f7a0b20c1887a8f6a,25/06/2023 23:09:49,ESCANER
22423,"Chiquimula",20,"Chiquimula",1,3497,400,6,4,0,16,3,2,3,0,20,2,12,42,1,5,0,1,4,1,87,11,8,2,230,17,4,251,0,251,--,400,149,230,251,251,Algún campo sin dato,1,ccf440e54822192c44014da0974fda2ff8c1aad4ba7c98c86df501f44eff937f,25/06/2023 23:42:29,ESCANER
22424,"Chiquimula",20,"Chiquimula",1,3497,400,4,7,0,7,1,1,1,1,15,0,10,23,1,0,1,0,1,0,88,7,6,6,180,21,2,203,0,203,--,400,197,180,203,203,Algún campo sin dato,1,52b175566cee09b76821061b888bc71cfe15685e4e6610d426be96bd8b4e4991,26/06/2023 00:08:18,ESCANER
22425,"Chiquimula",20,"Chiquimula",1,3497,400,13,6,1,11,--,1,--,2,11,--,12,23,--,1,2,--,4,--,93,15,3,8,206,15,3,224,0,224,--,398,174,206,224,224,Algún campo sin dato,1,9bd8265f1f25fbdc6e69165ece552909340d4c6ba15d6256d6c40b6f0ec31bb4,25/06/2023 22:46:03,ESCANER
22426,"Chiquimula",20,"Chiquimula",1,3497,400,7,6,0,9,1,4,1,0,9,1,13,25,0,0,2,0,0,2,90,16,8,6,200,14,5,219,19,219,--,--,--,200,219,238,Sumas Asentadas sin cuadrar,1,f3cc6fd39a7bc71e23c3d3f80a1ddcca0e07830540b6d1235828dec7ad709612,25/06/2023 23:53:53,ESCANER
22427,"Chiquimula",20,"Chiquimula",1,3497,400,5,2,0,19,3,0,1,0,8,0,11,28,0,0,2,1,0,0,74,15,4,7,180,23,8,211,0,211,--,400,189,180,211,211,Algún campo sin dato,1,ef45ba5305ff5ad743c2bae469f701b7c1afc35d75abd44e74c88b2504c21043,25/06/2023 23:31:25,ESCANER
22428,"Chiquimula",20,"Chiquimula",1,3497,384,3,2,1,5,1,2,3,0,7,0,13,18,1,0,2,0,2,1,69,6,2,3,144,15,7,166,0,166,--,381,215,141,163,163,Sumas Asentadas sin cuadrar,1,22ddb0e97309efb93459dd373d6da1e0a03d5d4508b205522d563a8f69739c51,26/06/2023 00:10:41,ESCANER
22429,"Chiquimula",20,"Chiquimula",1,3497,383,0,4,0,6,2,3,1,0,10,1,11,20,0,1,3,0,1,0,47,8,3,19,140,10,5,155,0,155,--,383,228,140,155,155,Algún campo sin dato,1,4622d82a3f1eff41999684a256d69a61ddf1794b9b91ba49dd6cb455a3a80015,26/06/2023 00:15:42,ESCANER
22430,"Chiquimula",20,"Chiquimula",1,3498,400,,,,,,,,,,,,,,,,,,,,,,,,,,,,,,,,,,,,0,,,
22431,"Chiquimula",20,"Chiquimula",1,3498,400,,,,,,,,,,,,,,,,,,,,,,,,,,,,,,,,,,,,0,,,
22432,"Chiquimula",20,"Chiquimula",1,3498,400,3,6,0,27,0,0,3,0,10,0,10,28,1,1,2,0,4,1,68,10,3,4,181,23,5,209,0,209,--,403,194,181,209,209,Algún campo sin dato,1,5f71b55d1a55c3d11bb4b75b5068f7e4ba5ff6ce8152a928a2e9681d0d31ab5b,25/06/2023 23:48:17,ESCANER
22433,"Chiquimula",20,"Chiquimula",1,3498,400,,,,,,,,,,,,,,,,,,,,,,,,,,,,,,,,,,,,0,,,
22434,"Chiquimula",20,"Chiquimula",1,3498,400,,,,,,,,,,,,,,,,,,,,,,,,,,,,,,,,,,,,0,,,
22435,"Chiquimula",20,"Chiquimula",1,3498,400,,,,,,,,,,,,,,,,,,,,,,,,,,,,,,,,,,,,0,,,
22436,"Chiquimula",20,"Chiquimula",1,3498,229,2,3,0,10,2,1,1,0,10,0,5,16,0,0,1,0,2,0,43,4,3,4,107,3,0,110,1,111,--,226,115,107,110,111,Algún campo sin dato,1,2df2db6e37ff17ebd40a762f34806d3f8b5afd01dd350ee7b0ff86533032e994,25/06/2023 23:19:08,ESCANER
22437,"Chiquimula",20,"Chiquimula",1,3498,229,,,,,,,,,,,,,,,,,,,,,,,,,,,,,,,,,,,,0,,,
22438,"Chiquimula",20,"Chiquimula",1,3499,380,,,,,,,,,,,,,,,,,,,,,,,,,,,,,,,,,,,,0,,,
22439,"Chiquimula",20,"Chiquimula",1,3499,220,,,,,,,,,,,,,,,,,,,,,,,,,,,,,,,,,,,,0,,,
22440,"Chiquimula",20,"Chiquimula",1,3499,220,,,,,,,,,,,,,,,,,,,,,,,,,,,,,,,,,,,,0,,,
22441,"Chiquimula",20,"Chiquimula",1,3500,380,,,,,,,,,,,,,,,,,,,,,,,,,,,,,,,,,,,,0,,,
22442,"Chiquimula",20,"Chiquimula",1,3500,380,7,6,1,6,0,2,0,0,14,3,11,72,0,1,4,0,3,1,48,5,2,5,191,28,8,227,0,227,--,378,151,191,227,227,Algún campo sin dato,1,5cec88e0176ee335243f2343cb7ded033001130f29659408dec41b488054b4cd,25/06/2023 23:30:24,ESCANER
22443,"Chiquimula",20,"Chiquimula",1,3500,380,,,,,,,,,,,,,,,,,,,,,,,,,,,,,,,,,,,,0,,,
22444,"Chiquimula",20,"Chiquimula",1,3500,380,,,,,,,,,,,,,,,,,,,,,,,,,,,,,,,,,,,,0,,,
22445,"Chiquimula",20,"Chiquimula",1,3500,380,,,,,,,,,,,,,,,,,,,,,,,,,,,,,,,,,,,,0,,,
22446,"Chiquimula",20,"Chiquimula",1,3500,380,,,,,,,,,,,,,,,,,,,,,,,,,,,,,,,,,,,,0,,,
22447,"Chiquimula",20,"Chiquimula",1,3500,380,,,,,,,,,,,,,,,,,,,,,,,,,,,,,,,,,,,,0,,,
22448,"Chiquimula",20,"Chiquimula",1,3500,380,3,2,0,10,0,0,0,1,8,1,9,33,0,0,2,0,2,1,41,2,2,3,120,6,4,130,0,130,--,380,250,120,130,130,Algún campo sin dato,1,927b4ed4dc6663812da2bcbc1bbd9fffff66a7fd7a7615c7bd7d0a926c3a3fc1,26/06/2023 00:20:44,ESCANER
22449,"Chiquimula",20,"Chiquimula",1,3501,380,2,8,0,4,1,1,1,2,8,2,9,41,0,0,1,1,1,2,34,4,1,2,125,28,10,163,0,163,--,380,217,125,163,163,Algún campo sin dato,1,9ee12df363cca70c6aa7838319d5ba8d2ff301748edacef21aa2932644d0d026,25/06/2023 23:48:58,ESCANER
22450,"Chiquimula",20,"Chiquimula",1,3501,277,1,6,1,8,0,0,0,1,4,0,2,18,0,0,0,2,1,1,28,4,0,2,79,9,1,89,0,89,--,277,188,79,89,89,Algún campo sin dato,1,3dc71f34bb2e33a4a82c1643e3be03974c4fc3df8da36aa915969f039a2f59e6,25/06/2023 22:38:05,ESCANER
22451,"Chiquimula",20,"Chiquimula",1,3501,277,2,3,0,4,1,0,1,0,5,0,4,33,1,0,0,0,3,0,22,2,0,1,82,6,2,90,0,90,--,277,187,82,90,90,Algún campo sin dato,1,f98886ef1d66f0b12d7926ffa15d724c30ba72be08e6670a1a89cf784f19e5e7,25/06/2023 23:03:49,ESCANER
22452,"Chiquimula",20,"Chiquimula",1,3502,380,1,31,0,3,0,0,0,0,30,2,2,22,1,1,2,0,2,1,29,4,0,0,131,27,12,170,0,170,--,380,210,131,170,170,Algún campo sin dato,1,51bf238b18f6fcbd440432d448410f373ca49a41a2b522df3faa5e273e38291b,25/06/2023 23:14:17,MOVIL
22453,"Chiquimula",20,"Chiquimula",1,3502,380,1,19,1,2,1,0,1,0,32,0,0,25,0,1,1,2,3,3,23,4,0,1,120,40,21,181,0,181,--,381,200,120,181,181,Algún campo sin dato,1,22c46b909fcee37e13dfc2097cab6697d1802365aaf5e388557a7d131bc2a5db,25/06/2023 22:54:22,MOVIL
22454,"Chiquimula",20,"Chiquimula",1,3502,380,1,18,0,1,0,0,1,0,20,1,1,31,0,1,1,0,2,0,26,4,1,0,109,36,13,158,0,158,--,380,222,109,158,158,Algún campo sin dato,1,4b1eda8792bd8b0f1725a9bf8568d8a643a6b974290a027d3bfd9bcb17904173,25/06/2023 23:38:41,MOVIL
22455,"Chiquimula",20,"Chiquimula",1,3502,380,3,33,0,2,1,1,1,0,20,1,0,28,3,0,2,0,4,1,22,3,0,0,125,19,7,151,0,151,--,381,230,125,151,151,Algún campo sin dato,1,aa187e777292cf53cd1cc59753a2a76e238eb1ad1b46e39d5ca6249f83d85841,25/06/2023 23:23:02,MOVIL
22456,"Chiquimula",20,"Chiquimula",1,3502,380,,,,,,,,,,,,,,,,,,,,,,,,,,,,,,,,,,,,0,,,
22457,"Chiquimula",20,"Chiquimula",1,3502,380,1,17,0,3,0,0,1,0,14,3,3,22,0,0,2,0,4,0,35,1,0,1,107,18,8,133,0,133,--,380,247,107,133,133,Algún campo sin dato,1,c33880e82eeef7d058729ab0489867465fb3fb34a9c9df1d88a62d7ca8d3165e,25/06/2023 22:24:26,MOVIL
22458,"Chiquimula",20,"Chiquimula",1,3502,380,2,17,0,6,0,1,2,1,21,0,2,11,0,1,0,0,1,0,27,6,0,0,98,34,8,140,0,140,--,378,238,98,140,140,Algún campo sin dato,1,0777498cb8eeea26e30a6997f65ecfe95f327fed74661032527d2c87dd468629,26/06/2023 00:23:17,MOVIL
22459,"Chiquimula",20,"Chiquimula",1,3502,377,1,27,0,1,0,1,1,0,29,1,4,10,0,0,1,1,1,0,21,4,0,0,103,24,9,136,0,136,--,377,241,103,136,136,Algún campo sin dato,1,fd6b5cca955b3dfc4a4ecaf49043f67b90b5d1a1e73441ca2c085a062b830fef,25/06/2023 23:54:01,MOVIL
22460,"Chiquimula",20,"Chiquimula",1,3502,377,,,,,,,,,,,,,,,,,,,,,,,,,,,,,,,,,,,,0,,,
22461,"Chiquimula",20,"Chiquimula",1,3503,380,,,,,,,,,,,,,,,,,,,,,,,,,,,,,,,,,,,,0,,,
22462,"Chiquimula",20,"Chiquimula",1,3503,380,,,,,,,,,,,,,,,,,,,,,,,,,,,,,,,,,,,,0,,,
22463,"Chiquimula",20,"Chiquimula",1,3503,380,,,,,,,,,,,,,,,,,,,,,,,,,,,,,,,,,,,,0,,,
22464,"Chiquimula",20,"Chiquimula",1,3503,380,,,,,,,,,,,,,,,,,,,,,,,,,,,,,,,,,,,,0,,,
22465,"Chiquimula",20,"Chiquimula",1,3503,380,,,,,,,,,,,,,,,,,,,,,,,,,,,,,,,,,,,,0,,,
22466,"Chiquimula",20,"Chiquimula",1,3503,380,,,,,,,,,,,,,,,,,,,,,,,,,,,,,,,,,,,,0,,,
22467,"Chiquimula",20,"Chiquimula",1,3503,380,,,,,,,,,,,,,,,,,,,,,,,,,,,,,,,,,,,,0,,,
22468,"Chiquimula",20,"Chiquimula",1,3503,380,,,,,,,,,,,,,,,,,,,,,,,,,,,,,,,,,,,,0,,,
22469,"Chiquimula",20,"Chiquimula",1,3503,348,,,,,,,,,,,,,,,,,,,,,,,,,,,,,,,,,,,,0,,,
22470,"Chiquimula",20,"Chiquimula",1,3503,348,,,,,,,,,,,,,,,,,,,,,,,,,,,,,,,,,,,,0,,,
22471,"Chiquimula",20,"Chiquimula",1,3504,380,4,26,0,5,1,0,0,0,19,2,6,23,1,1,3,0,7,2,61,6,2,0,207,38,10,255,1,256,--,380,162,169,217,218,Sumas Asentadas sin cuadrar,1,ff79225711e1e13214e790e975c5077ed12dc1a6e46da54aae7539e7035f8282,26/06/2023 00:17:16,MOVIL
22472,"Chiquimula",20,"Chiquimula",1,3504,380,11,21,0,6,4,0,0,1,22,1,9,39,0,0,1,0,7,1,70,6,1,4,204,15,38,257,0,257,--,380,123,204,257,257,Algún campo sin dato,1,e78c5023409c12129396c8a767e05fb8ea3435c872d5868eead1f5367d17e8c1,26/06/2023 00:22:42,ESCANER
22473,"Chiquimula",20,"Chiquimula",1,3504,380,,,,,,,,,,,,,,,,,,,,,,,,,,,,,,,,,,,,0,,,
22474,"Chiquimula",20,"Chiquimula",1,3504,380,,,,,,,,,,,,,,,,,,,,,,,,,,,,,,,,,,,,0,,,
22475,"Chiquimula",20,"Chiquimula",1,3504,380,7,17,1,9,1,2,2,0,8,1,6,27,0,0,6,0,4,0,73,1,5,6,176,19,13,208,0,208,--,378,170,176,208,208,Algún campo sin dato,1,8e22704fbc25e668b253f8e6cbfd60b89247a23e35ee67145a3bec1fbbb8fcdd,26/06/2023 00:06:46,ESCANER
22476,"Chiquimula",20,"Chiquimula",1,3504,380,4,4,0,1,2,2,1,1,10,0,3,31,2,0,0,0,1,0,78,8,4,13,165,12,5,182,0,182,--,376,194,165,182,182,Algún campo sin dato,1,23be99618c186c5c8e501688133320cf2e03d8017d2c16d36a250a878ca35d67,25/06/2023 23:48:31,ESCANER
22477,"Chiquimula",20,"Chiquimula",1,3504,380,,,,,,,,,,,,,,,,,,,,,,,,,,,,,,,,,,,,0,,,
22478,"Chiquimula",20,"Chiquimula",1,3504,380,4,15,0,3,1,1,1,1,16,2,3,31,0,2,0,0,5,0,48,2,2,3,140,20,9,169,0,169,1,380,211,140,169,169,,1,c9d85c0e4e173d3ba2c76eb2e14510cefb088e7ffe5a46185ad89111f861c324,25/06/2023 23:28:24,ESCANER
22479,"Chiquimula",20,"Chiquimula",1,3504,235,4,13,0,2,1,0,1,0,4,0,1,11,0,0,1,0,1,1,38,3,2,7,90,4,2,96,0,96,--,235,139,90,96,96,Algún campo sin dato,1,65e78fa28ee00215ffe8a7924598852084fed78577c8c2ff621a8290da278390,25/06/2023 23:20:14,ESCANER
22480,"Chiquimula",20,"Chiquimula",1,3504,235,2,9,0,4,0,0,0,0,3,0,5,18,0,0,0,0,0,0,20,1,1,2,65,7,4,76,0,76,0,235,159,65,76,76,,1,41013d878713e1048f174557a0dd80c5c0f95fc23d21e8b22a52ee5c45ae4dcf,25/06/2023 21:35:26,ESCANER
22481,"Chiquimula",20,"Chiquimula",1,3505,380,5,4,0,3,0,3,1,0,9,0,10,38,0,2,3,0,3,0,69,10,5,5,170,27,9,206,0,206,--,380,174,170,206,206,Algún campo sin dato,1,aa383c247f8fd44d1f78fa7af7cc5280059b8c7b483368c079ec520c54f5c2f9,25/06/2023 23:27:09,ESCANER
22482,"Chiquimula",20,"Chiquimula",1,3505,380,3,4,0,6,2,1,5,0,7,1,15,37,0,3,0,0,2,1,73,12,3,3,180,29,7,216,1,217,--,380,163,178,214,215,Sumas Asentadas sin cuadrar,1,641ad8bfad567b3163e2e56e1b149504b6c50107fc56aa718f370d564eae3076,25/06/2023 22:07:28,ESCANER
22483,"Chiquimula",20,"Chiquimula",1,3505,380,,,,,,,,,,,,,,,,,,,,,,,,,,,,,,,,,,,,0,,,
22484,"Chiquimula",20,"Chiquimula",1,3505,303,2,6,0,2,0,1,4,0,5,0,10,22,0,6,1,3,1,0,54,4,5,3,129,16,3,148,0,148,--,303,155,129,148,148,Algún campo sin dato,1,94f3bd99675e2dbff02ac9217802b0ffe98a1bf3b243ba22c774a13abad27587,25/06/2023 22:38:52,ESCANER
22485,"Chiquimula",20,"Chiquimula",1,3505,302,5,4,0,6,3,0,0,0,4,1,7,15,0,1,0,0,0,0,54,5,4,5,114,11,2,127,0,127,--,302,175,114,127,127,Algún campo sin dato,1,4da153bf5d2c1313849f1f415bbc5c0237c090989b509d649a9b73d4f9fc20b9,25/06/2023 21:46:25,ESCANER
22486,"Chiquimula",20,"Chiquimula",1,3506,380,5,11,1,7,2,1,2,0,21,1,20,54,0,3,5,2,5,1,10,7,0,0,158,48,13,219,0,--,--,377,158,158,219,219,Algún campo sin dato,1,f871b878bef6515259591d55a96315c55837d87047dfaddf133bb4f43f44006a,26/06/2023 00:06:43,ESCANER
22487,"Chiquimula",20,"Chiquimula",1,3506,380,,,,,,,,,,,,,,,,,,,,,,,,,,,,,,,,,,,,0,,,
22488,"Chiquimula",20,"Chiquimula",1,3506,380,,,,,,,,,,,,,,,,,,,,,,,,,,,,,,,,,,,,0,,,
22489,"Chiquimula",20,"Chiquimula",1,3506,380,1,6,0,10,3,0,3,0,23,0,10,45,2,1,0,1,4,4,29,2,1,0,146,40,12,198,0,198,--,380,182,145,197,197,Sumas Asentadas sin cuadrar,1,ecb031b3a07b884a04b5d39994970ab60b9d8f47ba3c061cf0aea22adfcdc0c4,25/06/2023 22:45:30,ESCANER
22490,"Chiquimula",20,"Chiquimula",1,3507,380,4,8,0,9,1,1,1,0,41,1,11,54,0,1,0,0,1,2,24,0,3,1,163,17,13,193,1,194,--,380,186,163,193,194,Algún campo sin dato,1,dbda8dbca12e38595ce7d805c0e38bc36b660ba948e255355feb9dbbcfc08faf,25/06/2023 23:28:48,MOVIL
22491,"Chiquimula",20,"Chiquimula",1,3507,380,7,17,0,8,1,1,1,0,22,1,5,38,2,1,1,1,1,3,17,1,0,0,128,35,0,163,0,163,--,378,206,128,163,163,Algún campo sin dato,1,3353cb250a5aa4d012094ce10660f9a216c592d7169219b96d82b0a0f801b8ee,25/06/2023 23:08:07,MOVIL
22492,"Chiquimula",20,"Chiquimula",1,3507,203,0,4,0,4,1,0,0,0,15,0,3,30,0,2,0,1,1,1,19,2,0,1,84,7,4,95,0,95,--,200,105,84,95,95,Algún campo sin dato,1,b5644d67ae8fc78f65cae57d16da516de7133b4a8f3996ceb24267b7b5355484,25/06/2023 22:09:36,MOVIL
22493,"Chiquimula",20,"Chiquimula",1,3507,202,2,7,0,5,1,0,1,0,18,0,5,23,0,0,0,0,3,0,10,1,1,0,77,7,5,89,0,89,--,202,113,77,89,89,Algún campo sin dato,1,de5234e6d7c2e022fd275bb135c2f86cc4e63b5edacf6842157889df56633f51,25/06/2023 21:51:12,MOVIL
22494,"Chiquimula",20,"Chiquimula",1,3508,380,2,3,0,1,0,5,2,0,17,2,11,53,1,1,1,1,3,1,38,2,1,3,148,23,5,176,0,176,--,377,201,148,176,176,Algún campo sin dato,1,4c8b569e3b506a9de3a3cb7f0684b9039b48db957fda6dc6e0c9b45832e8e424,25/06/2023 23:48:02,ESCANER
22495,"Chiquimula",20,"Chiquimula",1,3508,380,,,,,,,,,,,,,,,,,,,,,,,,,,,,,,,,,,,,0,,,
22496,"Chiquimula",20,"Chiquimula",1,3508,380,3,3,0,4,3,1,2,0,19,0,7,36,1,1,1,0,0,1,31,0,2,3,118,22,4,144,0,144,--,380,236,118,144,144,Algún campo sin dato,1,952d54775da35c38e3fc6478da96d82bc6baba8ed68c3d0cb02eced00b351639,26/06/2023 00:08:19,ESCANER
22497,"Chiquimula",20,"Chiquimula",1,3508,380,,,,,,,,,,,,,,,,,,,,,,,,,,,,,,,,,,,,0,,,
22498,"Chiquimula",20,"Chiquimula",1,3508,380,2,1,0,4,1,3,2,0,15,0,6,39,0,1,0,0,4,1,37,3,1,4,124,22,4,150,0,150,--,375,225,124,150,150,Algún campo sin dato,1,b687ec7ceaef3e1f9bfd6c2d7f334cda735e308a8e16c064d19dccf44d72586c,25/06/2023 22:59:35,ESCANER
22499,"Chiquimula",20,"Chiquimula",1,3508,365,1,0,0,1,0,0,0,0,11,0,8,33,1,1,3,0,1,3,28,0,0,3,94,21,16,131,0,131,--,365,234,94,131,131,Algún campo sin dato,1,521806a18788afe36f096cbf8af49497ee6fff511676847622347e02b46f4b71,25/06/2023 23:12:51,ESCANER
22500,"Chiquimula",20,"Chiquimula",1,3508,364,3,4,0,2,0,1,0,0,14,0,4,19,1,0,0,0,3,1,27,1,1,5,86,15,2,103,0,103,--,361,258,86,103,103,Algún campo sin dato,1,c668d51628dabc673d4a25c43c1d1f4ba8d2e1bc772c7306f0416daca8160889,26/06/2023 00:03:27,ESCANER
22501,"Chiquimula",20,"Chiquimula",1,3509,380,,,,,,,,,,,,,,,,,,,,,,,,,,,,,,,,,,,,0,,,
22502,"Chiquimula",20,"Chiquimula",1,3509,380,,,,,,,,,,,,,,,,,,,,,,,,,,,,,,,,,,,,0,,,
22503,"Chiquimula",20,"Chiquimula",1,3509,326,0,13,0,4,0,0,2,0,61,0,3,13,0,2,1,0,4,0,2,0,0,1,145,23,16,184,0,184,--,326,181,106,145,145,Sumas Asentadas sin cuadrar,1,348e3cc0d006fd6d7472a4f8488b932227ae08bbdbeebd8248703d75b322fba1,25/06/2023 22:25:34,MOVIL
22504,"Chiquimula",20,"Chiquimula",1,3509,325,,,,,,,,,,,,,,,,,,,,,,,,,,,,,,,,,,,,0,,,
22505,"Chiquimula",20,"Chiquimula",1,3510,380,,,,,,,,,,,,,,,,,,,,,,,,,,,,,,,,,,,,0,,,
22506,"Chiquimula",20,"Chiquimula",1,3510,380,,,,,,,,,,,,,,,,,,,,,,,,,,,,,,,,,,,,0,,,
22507,"Chiquimula",20,"Chiquimula",1,3510,380,,,,,,,,,,,,,,,,,,,,,,,,,,,,,,,,,,,,0,,,
22508,"Chiquimula",20,"Chiquimula",1,3510,284,,,,,,,,,,,,,,,,,,,,,,,,,,,,,,,,,,,,0,,,
22509,"Chiquimula",20,"Chiquimula",1,3510,283,,,,,,,,,,,,,,,,,,,,,,,,,,,,,,,,,,,,0,,,
22510,"Chiquimula",20,"Chiquimula",1,3511,380,,,,,,,,,,,,,,,,,,,,,,,,,,,,,,,,,,,,0,,,
22511,"Chiquimula",20,"Chiquimula",1,3511,380,1,4,1,10,3,1,2,0,12,1,11,23,0,1,2,0,2,0,55,9,1,1,141,27,5,173,0,173,--,380,207,140,172,172,Sumas Asentadas sin cuadrar,1,6e43c8ae2e6bcdb30db74da97036f4ad968aa49c29ff64a72274a37f859a4352,25/06/2023 23:24:25,ESCANER
22512,"Chiquimula",20,"Chiquimula",1,3511,380,,,,,,,,,,,,,,,,,,,,,,,,,,,,,,,,,,,,0,,,
22513,"Chiquimula",20,"Chiquimula",1,3511,380,1,5,1,7,2,0,2,0,13,0,8,32,0,2,5,0,5,0,61,7,2,9,162,13,7,182,0,182,--,380,198,162,182,182,Algún campo sin dato,1,ae9f6a1759ba20c9b3323427a630243a358b292b0f143add1740811d6820523b,25/06/2023 22:59:22,ESCANER
22514,"Chiquimula",20,"Chiquimula",1,3511,380,9,4,0,8,2,1,3,0,20,2,5,24,0,1,5,0,4,1,41,7,2,6,145,19,7,171,0,0,--,380,209,145,171,171,Algún campo sin dato,1,4e082fe4577e5044cfa35b6f208558a06db6603dcc21819c9b5c98241964014b,25/06/2023 22:42:49,ESCANER
22515,"Chiquimula",20,"Chiquimula",1,3511,380,,,,,,,,,,,,,,,,,,,,,,,,,,,,,,,,,,,,0,,,
22516,"Chiquimula",20,"Chiquimula",1,3511,260,0,2,0,3,1,2,1,0,3,0,2,14,0,0,1,0,0,1,26,3,2,6,67,6,0,73,0,73,--,260,187,67,73,73,Algún campo sin dato,1,cc1dd353f53e2e1a42a11b21bbcf11d885ca24da232ecb4f75e65989cf09b61c,25/06/2023 22:31:54,ESCANER
22517,"Chiquimula",20,"Chiquimula",1,3511,260,1,2,0,6,0,1,0,0,4,0,0,12,0,0,0,1,1,0,12,1,0,2,43,10,3,56,0,56,--,259,203,43,56,56,Algún campo sin dato,1,0f19b6b2365ee416617efac78bd30fb66469ed36e2a8fb9a3b8d3e5ab860f087,25/06/2023 22:08:56,ESCANER
22518,"Chiquimula",20,"Chiquimula",1,3512,600,4,6,1,7,5,1,2,0,6,1,6,9,1,1,0,1,5,0,34,7,3,3,103,26,6,135,0,135,--,599,464,103,135,135,Algún campo sin dato,1,c64eddd6362f7498eec597dbe1fee2436120c2687e9fea557ebd765902cb1316,25/06/2023 23:59:07,ESCANER
22519,"Chiquimula",20,"Chiquimula",1,3512,600,6,2,1,6,1,0,0,1,10,0,11,20,1,5,0,0,1,1,38,6,7,7,124,17,5,146,454,600,--,600,454,124,146,600,Algún campo sin dato,1,d89ea2bb42b65495b43aded23597e8acf15ab02f447ea4e60116d5fd413cc4d7,25/06/2023 23:46:17,ESCANER
22520,"Chiquimula",20,"Chiquimula",1,3512,600,2,5,0,5,1,0,2,1,5,1,9,18,0,0,1,1,2,1,38,5,2,3,112,12,5,119,0,119,--,600,481,102,119,119,Sumas Asentadas sin cuadrar,1,b86710185c2f8d2a783625dff45f8a81f864eaf6ad29363315c292522807abd1,25/06/2023 22:21:32,ESCANER
22521,"Chiquimula",20,"Chiquimula",1,3512,600,,,,,,,,,,,,,,,,,,,,,,,,,,,,,,,,,,,,0,,,
22522,"Chiquimula",20,"Chiquimula",1,3512,600,,,,,,,,,,,,,,,,,,,,,,,,,,,,,,,,,,,,0,,,
22523,"Chiquimula",20,"Chiquimula",1,3513,600,2,8,1,10,3,0,2,1,6,1,8,16,0,1,2,2,1,2,33,6,4,3,112,18,3,133,0,133,--,600,467,112,133,133,Algún campo sin dato,1,a00e5e807bfbcf53235c7d4efdb50f3d95e4e61ed1062c6afc1e8753d9b5ebaa,25/06/2023 22:47:58,ESCANER
22524,"Chiquimula",20,"Chiquimula",1,3513,600,2,4,0,2,2,6,0,1,4,0,9,8,0,1,0,1,3,0,28,6,3,0,80,8,5,93,0,93,--,600,507,80,93,93,Algún campo sin dato,1,04efd928f948ce30d9b02a6022e972a0ff6b662729e07fef75c106df425dd71c,25/06/2023 21:48:56,ESCANER
22525,"Chiquimula",20,"Chiquimula",1,3513,600,0,4,0,2,2,2,0,1,1,0,4,5,0,1,0,0,1,0,16,2,0,1,42,8,2,52,0,52,--,598,546,42,52,52,Algún campo sin dato,1,e9f2aa8b4e26a3d0a8850257c494a88304636f531b784f410f3d669e6ea9be61,25/06/2023 23:01:58,ESCANER
22526,"Chiquimula",20,"Chiquimula",1,3513,315,0,0,0,2,0,0,0,0,0,1,3,1,0,0,0,0,1,0,7,1,1,0,17,0,0,17,0,17,--,315,295,17,17,17,Algún campo sin dato,1,b21b70dbcb1b4d039282951dab89f40de85c2e5bdec15ee8a397262a4b054db7,25/06/2023 21:15:09,ESCANER
22527,"Chiquimula",20,"Chiquimula",1,3513,314,1,0,0,1,0,1,0,0,1,0,3,1,0,0,0,0,0,0,4,0,0,0,12,3,0,15,0,15,--,314,299,12,15,15,Algún campo sin dato,1,e764cd00a8c1b1f4a6eeb428c5750405e894323adac8d4aee7f196b5027a2457,25/06/2023 20:52:14,ESCANER
22528,"Chiquimula",20,"San José La Arada",2,3514,400,49,2,1,4,0,0,2,0,40,3,4,31,0,0,1,0,1,0,65,3,2,2,210,38,41,289,0,289,--,400,111,210,289,289,Algún campo sin dato,1,07b184c2bd95c039585be1f1be1f603093d95bd93224bf69de83f003909ff06f,25/06/2023 23:49:43,ESCANER
22529,"Chiquimula",20,"San José La Arada",2,3514,400,,,,,,,,,,,,,,,,,,,,,,,,,,,,,,,,,,,,0,,,
22530,"Chiquimula",20,"San José La Arada",2,3514,400,,,,,,,,,,,,,,,,,,,,,,,,,,,,,,,,,,,,0,,,
22531,"Chiquimula",20,"San José La Arada",2,3514,400,,,,,,,,,,,,,,,,,,,,,,,,,,,,,,,,,,,,0,,,
22532,"Chiquimula",20,"San José La Arada",2,3514,400,53,3,0,4,0,3,3,0,24,1,2,38,0,0,2,0,1,0,79,8,4,5,230,22,25,277,0,277,--,400,123,230,277,277,Algún campo sin dato,1,4df39ed19b85dc092e2ba9a54e2c49007879a83e80a9c0af7eaef2eb2992434e,25/06/2023 23:20:09,ESCANER
22533,"Chiquimula",20,"San José La Arada",2,3514,400,,,,,,,,,,,,,,,,,,,,,,,,,,,,,,,,,,,,0,,,
22534,"Chiquimula",20,"San José La Arada",2,3514,372,40,0,0,3,1,0,0,0,33,2,0,51,0,0,1,0,1,1,102,5,0,7,247,17,17,281,0,281,--,369,88,247,281,281,Algún campo sin dato,1,14c1ce2ec550416600dd54834597d7344a8c9977a2dbba8d2f1e374f849ce02a,26/06/2023 00:08:19,ESCANER
22535,"Chiquimula",20,"San José La Arada",2,3514,371,,,,,,,,,,,,,,,,,,,,,,,,,,,,,,,,,,,,0,,,
22536,"Chiquimula",20,"San José La Arada",2,3515,400,,,,,,,,,,,,,,,,,,,,,,,,,,,,,,,,,,,,0,,,
22537,"Chiquimula",20,"San José La Arada",2,3515,400,39,4,0,6,2,1,2,0,35,0,2,36,0,0,0,0,2,0,49,6,2,1,187,25,67,279,0,279,--,400,121,187,279,279,Algún campo sin dato,1,7964d8fec47ddecff743956edc106242774ff3f7fe9d86f78d292fb498cf6cdc,25/06/2023 22:33:41,ESCANER
22538,"Chiquimula",20,"San José La Arada",2,3515,400,,,,,,,,,,,,,,,,,,,,,,,,,,,,,,,,,,,,0,,,
22539,"Chiquimula",20,"San José La Arada",2,3515,400,,,,,,,,,,,,,,,,,,,,,,,,,,,,,,,,,,,,0,,,
22540,"Chiquimula",20,"San José La Arada",2,3515,400,,,,,,,,,,,,,,,,,,,,,,,,,,,,,,,,,,,,0,,,
22541,"Chiquimula",20,"San José La Arada",2,3515,400,49,0,0,3,2,0,0,0,42,2,5,25,1,1,1,0,4,1,56,12,0,3,207,22,34,263,0,263,--,400,137,207,263,263,Algún campo sin dato,1,fe4f40b2d3aa930341a90deb8d02786b8f6ae4c524014244e8c850a4b70ac416,25/06/2023 23:51:15,ESCANER
22542,"Chiquimula",20,"San José La Arada",2,3515,400,36,4,0,4,1,0,2,0,32,0,1,31,1,2,0,2,2,0,53,7,1,1,180,14,38,232,0,232,--,400,168,180,232,232,Algún campo sin dato,1,1c612a9f5300646787b14f01a9e85ba04d59ebe4aa47b1143551a11f7ace5650,25/06/2023 22:54:21,ESCANER
22543,"Chiquimula",20,"San José La Arada",2,3515,400,22,1,0,4,1,0,0,0,24,0,4,44,0,0,1,2,2,2,54,6,0,3,170,26,49,245,0,245,--,400,155,170,245,245,Algún campo sin dato,1,e6a5b20dab2936dfa5e44747132141b13877e265c35a43e319c224a627254b1e,25/06/2023 21:55:22,ESCANER
22544,"Chiquimula",20,"San José La Arada",2,3515,400,,,,,,,,,,,,,,,,,,,,,,,,,,,,,,,,,,,,0,,,
22545,"Chiquimula",20,"San José La Arada",2,3515,271,35,1,0,1,0,1,0,0,21,0,0,24,1,0,0,0,2,0,67,5,1,5,164,15,21,200,0,200,--,271,71,164,200,200,Algún campo sin dato,1,13f1a27fa2969b0b54b7783158b2949dc18ffd3aa77e985c53a85179357b7d8e,26/06/2023 00:00:08,ESCANER
22546,"Chiquimula",20,"San José La Arada",2,3515,270,28,1,0,2,1,2,2,0,16,0,3,25,0,0,2,0,0,0,36,2,1,1,122,13,11,146,0,146,--,272,126,122,146,146,Algún campo sin dato,1,cec0ed9134a466ecf26198e8fdaf325cb3a3ea7360c956a612807787a767d1c8,25/06/2023 22:14:43,ESCANER
22547,"Chiquimula",20,"San José La Arada",2,3516,453,9,0,0,0,0,2,0,0,3,1,0,3,0,0,0,0,0,1,11,1,0,1,32,9,14,55,0,55,--,453,398,32,55,55,Algún campo sin dato,1,209027ec20298ffed62ce6faa085b9f5c7cd6110ffd4af2c93865cf746b5469a,25/06/2023 22:31:27,ESCANER
22548,"Chiquimula",20,"San Juan Ermita",3,3517,400,,,,,,,,,,,,,,,,,,,,,,,,,,,,,,,,,,,,0,,,
22549,"Chiquimula",20,"San Juan Ermita",3,3517,400,,,,,,,,,,,,,,,,,,,,,,,,,,,,,,,,,,,,0,,,
22550,"Chiquimula",20,"San Juan Ermita",3,3517,400,,,,,,,,,,,,,,,,,,,,,,,,,,,,,,,,,,,,0,,,
22551,"Chiquimula",20,"San Juan Ermita",3,3517,400,,,,,,,,,,,,,,,,,,,,,,,,,,,,,,,,,,,,0,,,
22552,"Chiquimula",20,"San Juan Ermita",3,3517,400,,,,,,,,,,,,,,,,,,,,,,,,,,,,,,,,,,,,0,,,
22553,"Chiquimula",20,"San Juan Ermita",3,3518,400,,,,,,,,,,,,,,,,,,,,,,,,,,,,,,,,,,,,0,,,
22554,"Chiquimula",20,"San Juan Ermita",3,3518,400,,,,,,,,,,,,,,,,,,,,,,,,,,,,,,,,,,,,0,,,
22555,"Chiquimula",20,"San Juan Ermita",3,3518,400,,,,,,,,,,,,,,,,,,,,,,,,,,,,,,,,,,,,0,,,
22556,"Chiquimula",20,"San Juan Ermita",3,3518,400,,,,,,,,,,,,,,,,,,,,,,,,,,,,,,,,,,,,0,,,
22557,"Chiquimula",20,"San Juan Ermita",3,3518,400,,,,,,,,,,,,,,,,,,,,,,,,,,,,,,,,,,,,0,,,
22558,"Chiquimula",20,"San Juan Ermita",3,3518,400,3,1,0,0,2,0,0,0,41,1,1,84,0,5,3,2,6,0,53,5,0,1,208,20,17,245,0,245,--,400,155,208,245,245,Algún campo sin dato,1,fb19d607437bd11537381bf199445cbdb63bcaa6e9e6cfa3a7656ed35894621b,25/06/2023 23:40:26,MOVIL
22559,"Chiquimula",20,"San Juan Ermita",3,3519,400,,,,,,,,,,,,,,,,,,,,,,,,,,,,,,,,,,,,0,,,
22560,"Chiquimula",20,"San Juan Ermita",3,3519,400,,,,,,,,,,,,,,,,,,,,,,,,,,,,,,,,,,,,0,,,
22561,"Chiquimula",20,"San Juan Ermita",3,3519,400,,,,,,,,,,,,,,,,,,,,,,,,,,,,,,,,,,,,0,,,
22562,"Chiquimula",20,"San Juan Ermita",3,3519,400,,,,,,,,,,,,,,,,,,,,,,,,,,,,,,,,,,,,0,,,
22563,"Chiquimula",20,"San Juan Ermita",3,3519,400,,,,,,,,,,,,,,,,,,,,,,,,,,,,,,,,,,,,0,,,
22564,"Chiquimula",20,"San Juan Ermita",3,3520,252,2,0,0,1,0,2,0,2,29,0,0,58,0,2,0,0,1,0,30,4,2,1,134,5,14,153,0,153,--,252,99,134,153,153,Algún campo sin dato,1,1e8e841cca4d57b6c87c03734cb8672b09aaefc5cf48b992a0c5df92fbad22d1,25/06/2023 23:08:22,MOVIL
22565,"Chiquimula",20,"San Juan Ermita",3,3520,251,3,1,1,2,0,0,0,0,22,1,0,61,0,2,2,0,6,0,29,0,0,0,130,5,12,147,0,147,--,251,104,130,147,147,Algún campo sin dato,1,3c31b92ef244ea13a4c1de90719deebc60f990d6cb580e77ba9631baf2ca2129,25/06/2023 22:24:10,MOVIL
22566,"Chiquimula",20,"San Juan Ermita",3,3521,380,,,,,,,,,,,,,,,,,,,,,,,,,,,,,,,,,,,,0,,,
22567,"Chiquimula",20,"San Juan Ermita",3,3521,380,,,,,,,,,,,,,,,,,,,,,,,,,,,,,,,,,,,,0,,,
22568,"Chiquimula",20,"San Juan Ermita",3,3521,380,,,,,,,,,,,,,,,,,,,,,,,,,,,,,,,,,,,,0,,,
22569,"Chiquimula",20,"San Juan Ermita",3,3521,380,,,,,,,,,,,,,,,,,,,,,,,,,,,,,,,,,,,,0,,,
22570,"Chiquimula",20,"San Juan Ermita",3,3521,380,,,,,,,,,,,,,,,,,,,,,,,,,,,,,,,,,,,,0,,,
22571,"Chiquimula",20,"San Juan Ermita",3,3521,380,,,,,,,,,,,,,,,,,,,,,,,,,,,,,,,,,,,,0,,,
22572,"Chiquimula",20,"San Juan Ermita",3,3522,380,,,,,,,,,,,,,,,,,,,,,,,,,,,,,,,,,,,,0,,,
22573,"Chiquimula",20,"San Juan Ermita",3,3522,380,,,,,,,,,,,,,,,,,,,,,,,,,,,,,,,,,,,,0,,,
22574,"Chiquimula",20,"San Juan Ermita",3,3522,380,,,,,,,,,,,,,,,,,,,,,,,,,,,,,,,,,,,,0,,,
22575,"Chiquimula",20,"San Juan Ermita",3,3523,251,,,,,,,,,,,,,,,,,,,,,,,,,,,,,,,,,,,,0,,,
22576,"Chiquimula",20,"San Juan Ermita",3,3523,250,0,0,0,0,0,0,1,0,47,0,0,76,1,1,1,0,2,1,10,0,0,1,141,6,11,158,--,--,1,250,91,141,158,158,Algún campo sin dato,1,b08a9c68496cec6bee848cabc03ed5bb469914f7196f6e281a3d51cd4ec18fc1,25/06/2023 23:17:50,MOVIL
22577,"Chiquimula",20,"San Juan Ermita",3,3524,244,0,0,0,1,0,0,0,0,5,0,0,10,0,2,0,0,0,0,6,0,0,0,24,2,3,29,0,29,--,244,215,24,29,29,Algún campo sin dato,1,2214eb1bb6b0668f7e32055e391aad9f9f5925af95f7a7cf79c3a981ab9201ca,25/06/2023 21:12:46,MOVIL
22578,"Chiquimula",20,"Jocotán",4,3525,400,2,12,0,17,2,0,1,2,46,1,4,32,0,0,1,1,2,2,60,13,2,1,201,39,15,255,0,255,--,400,145,201,255,255,Algún campo sin dato,1,977cad4dfe36356782e3bd7243a81dc661597fedbca20f977d9050dafd03e85b,25/06/2023 21:35:15,ESCANER
22579,"Chiquimula",20,"Jocotán",4,3525,400,0,23,0,15,0,0,2,1,69,0,2,59,1,2,0,0,6,0,31,5,0,4,220,20,34,274,0,274,--,400,126,220,274,274,Algún campo sin dato,1,84aea3dfe066c3d5855986fbaedbb8f8ef5b8f4b6c4d01173b0d57e07bb17f5d,25/06/2023 20:38:37,ESCANER
22580,"Chiquimula",20,"Jocotán",4,3525,400,6,27,1,25,0,0,0,1,76,1,2,16,0,1,2,0,0,1,50,5,0,2,216,19,34,269,0,269,--,400,132,216,269,269,Algún campo sin dato,1,38af0149383118b5f28f6346de7fa516ef480e468e6008fc1f198f23e2953bb4,25/06/2023 22:02:47,ESCANER
22581,"Chiquimula",20,"Jocotán",4,3526,400,,,,,,,,,,,,,,,,,,,,,,,,,,,,,,,,,,,,0,,,
22582,"Chiquimula",20,"Jocotán",4,3526,400,4,5,0,18,3,3,2,1,49,3,0,45,1,1,4,1,3,2,89,5,0,8,247,28,16,291,0,291,--,400,109,247,291,291,Algún campo sin dato,1,2140c9458f82d271df5ec95ec8172f60a9797cd28c62f936446146bf25ed8738,26/06/2023 00:13:46,ESCANER
22583,"Chiquimula",20,"Jocotán",4,3526,400,,,,,,,,,,,,,,,,,,,,,,,,,,,,,,,,,,,,0,,,
22584,"Chiquimula",20,"Jocotán",4,3526,400,,,,,,,,,,,,,,,,,,,,,,,,,,,,,,,,,,,,0,,,
22585,"Chiquimula",20,"Jocotán",4,3526,400,1,10,0,14,0,0,1,1,63,0,1,41,0,1,1,1,1,1,50,4,0,3,194,11,31,236,0,236,--,400,164,194,236,236,Algún campo sin dato,1,1d2998a5cf862440a5447e58fa350a4a93c1063e4d3cde7afdbb796b9de79034,25/06/2023 23:42:02,MOVIL
22586,"Chiquimula",20,"Jocotán",4,3526,400,,,,,,,,,,,,,,,,,,,,,,,,,,,,,,,,,,,,0,,,
22587,"Chiquimula",20,"Jocotán",4,3526,400,0,4,2,17,0,1,0,1,53,2,0,29,1,0,2,3,3,0,68,10,1,2,199,17,15,231,0,231,--,--,--,199,231,231,Algún campo sin dato,1,42e89444b639a1ec0c2ba7b3d295304ae3be9298abc9814a295db84eb15cbcef,25/06/2023 23:53:48,ESCANER
22588,"Chiquimula",20,"Jocotán",4,3526,400,,,,,,,,,,,,,,,,,,,,,,,,,,,,,,,,,,,,0,,,
22589,"Chiquimula",20,"Jocotán",4,3526,400,,,,,,,,,,,,,,,,,,,,,,,,,,,,,,,,,,,,0,,,
22590,"Chiquimula",20,"Jocotán",4,3526,400,,,,,,,,,,,,,,,,,,,,,,,,,,,,,,,,,,,,0,,,
22591,"Chiquimula",20,"Jocotán",4,3526,400,2,12,0,29,0,0,0,1,41,0,0,48,0,1,2,1,0,0,56,6,2,0,201,20,18,239,0,239,--,400,161,201,239,239,Algún campo sin dato,1,686664b62932d5b6f081a6f31f2c407f058e8b5ccb0d40eebd3a9877cdf8a252,25/06/2023 23:48:43,ESCANER
22592,"Chiquimula",20,"Jocotán",4,3526,400,,,,,,,,,,,,,,,,,,,,,,,,,,,,,,,,,,,,0,,,
22593,"Chiquimula",20,"Jocotán",4,3526,400,,,,,,,,,,,,,,,,,,,,,,,,,,,,,,,,,,,,0,,,
22594,"Chiquimula",20,"Jocotán",4,3527,400,,,,,,,,,,,,,,,,,,,,,,,,,,,,,,,,,,,,0,,,
22595,"Chiquimula",20,"Jocotán",4,3527,400,,,,,,,,,,,,,,,,,,,,,,,,,,,,,,,,,,,,0,,,
22596,"Chiquimula",20,"Jocotán",4,3527,400,,,,,,,,,,,,,,,,,,,,,,,,,,,,,,,,,,,,0,,,
22597,"Chiquimula",20,"Jocotán",4,3527,400,3,11,0,10,0,0,1,1,73,0,2,42,0,0,1,0,3,0,29,8,0,3,188,10,10,208,--,208,--,400,192,187,207,207,Sumas Asentadas sin cuadrar,1,1320d2134d207a738e361de8c0b4ef3133c82553e23efb62ef833ece9fd563cc,25/06/2023 23:46:56,ESCANER
22598,"Chiquimula",20,"Jocotán",4,3527,400,2,7,0,13,0,3,1,1,49,0,0,26,0,2,2,0,0,0,51,6,0,4,167,11,14,192,0,192,--,400,208,167,192,192,Algún campo sin dato,1,01ebf537087183ca2a4f30584898571ab48824b185fcbf2ae9f8c3e778b81fc8,25/06/2023 23:57:06,ESCANER
22599,"Chiquimula",20,"Jocotán",4,3527,400,5,7,1,13,0,1,1,1,65,0,2,30,1,1,1,0,0,3,43,7,0,0,182,12,11,205,0,205,--,400,194,182,205,205,Algún campo sin dato,1,937589a289c7e4b79bffb90dfcad225b7cc53ba4367605693f7ed8655518311f,26/06/2023 00:14:00,ESCANER
22600,"Chiquimula",20,"Jocotán",4,3527,292,,,,,,,,,,,,,,,,,,,,,,,,,,,,,,,,,,,,0,,,
22601,"Chiquimula",20,"Jocotán",4,3527,291,1,6,0,7,0,1,0,0,18,1,0,19,0,1,1,0,3,1,28,4,0,1,92,14,15,121,0,121,--,291,170,92,121,121,Algún campo sin dato,1,857f684fef186088a069e4ef74e7bf598396fad7500a0e7357b371e06f0fd2fc,25/06/2023 22:32:18,ESCANER
22602,"Chiquimula",20,"Jocotán",4,3528,400,1,3,0,24,0,6,2,2,61,1,2,66,0,3,4,2,2,2,24,3,0,1,209,18,34,261,0,261,--,397,136,209,261,261,Algún campo sin dato,1,610b4ebab21d025c4c2e2bdbe5ce2dde6ae23d6312f882cf0a85a8e5703ad6cb,25/06/2023 21:39:29,ESCANER
22603,"Chiquimula",20,"Jocotán",4,3528,400,4,6,0,36,1,5,2,3,87,2,1,36,0,1,0,2,2,0,16,5,0,0,209,20,42,271,0,271,--,400,129,209,271,271,Algún campo sin dato,1,4def8da6917bcbf45f023177633ebae884aea757e964e1e5ce1043322edccc8b,25/06/2023 21:40:56,ESCANER
22604,"Chiquimula",20,"Jocotán",4,3528,400,2,8,1,28,2,6,0,1,100,3,1,49,0,2,5,1,2,0,9,6,1,1,228,15,19,262,0,262,0,400,138,228,262,262,,1,b8fc8821aec40472a642abc8bef51e6c957287ab50b32730f26ebdf6ad4e5174,25/06/2023 21:45:27,ESCANER
22605,"Chiquimula",20,"Jocotán",4,3528,400,1,5,0,23,1,3,0,0,111,1,2,39,1,2,0,0,0,3,18,5,1,1,219,17,14,250,0,250,--,400,150,217,248,248,Sumas Asentadas sin cuadrar,1,5540bd4fc2a5ad4658a6b5c60987705fc39aa556e3fa51f2e054a56caf9eb060,25/06/2023 22:12:29,ESCANER
22606,"Chiquimula",20,"Jocotán",4,3528,400,1,6,0,20,0,1,1,0,96,1,1,35,1,0,1,0,4,1,20,2,0,0,191,21,18,230,0,230,0,400,170,191,230,230,,1,b05f53b769d7d58317836025c8f5610feefc3e3667737ab77fb0e884b6f85210,25/06/2023 21:41:38,ESCANER
22607,"Chiquimula",20,"Jocotán",4,3529,400,2,3,0,19,1,0,0,2,90,0,2,37,0,1,0,0,1,0,30,3,1,0,192,9,10,211,0,211,--,400,189,192,211,211,Algún campo sin dato,1,de3a9820a3421eb1b88fd5f04f299ae50b12cd2a1c42d822104d92dc4c7f3acd,25/06/2023 23:55:47,ESCANER
22608,"Chiquimula",20,"Jocotán",4,3529,345,2,1,0,30,0,0,0,0,60,2,0,41,1,1,2,0,1,0,18,2,1,0,162,12,12,186,0,186,--,345,159,162,186,186,Algún campo sin dato,1,83c1435f7585d7c80c18cd369de7a7a8d80a3d8bf2f0c6a67e0c18e5b427e715,25/06/2023 22:50:53,ESCANER
22609,"Chiquimula",20,"Jocotán",4,3529,345,1,5,0,20,1,1,1,1,49,0,0,0,1,0,0,0,1,0,13,4,0,0,154,15,7,154,0,154,--,339,185,98,120,120,Sumas Asentadas sin cuadrar,1,81387d6ab27eab078adfcabed3759ddf65636b5cfa998b2fa9c2ca0e9c66822a,25/06/2023 23:06:03,ESCANER
22610,"Chiquimula",20,"Jocotán",4,3530,400,6,8,0,38,0,2,1,1,93,2,3,75,0,2,5,0,2,3,9,4,1,0,255,29,17,301,0,301,--,400,99,255,301,301,Algún campo sin dato,1,b08d43d22ad96c021d5fdaa16ec0032a255b701f53f5992456cdd5a5055fbca4,25/06/2023 23:28:25,ESCANER
22611,"Chiquimula",20,"Jocotán",4,3530,400,5,3,0,24,0,2,1,3,86,0,1,87,3,0,2,1,3,1,5,3,1,0,231,12,19,262,0,262,--,400,135,231,262,262,Algún campo sin dato,1,34e36410296b880ee4ab7d2a4e99b0889d27260c7cb3b2b5dd127221e3f09d6f,25/06/2023 22:27:10,ESCANER
22612,"Chiquimula",20,"Jocotán",4,3530,400,5,5,0,37,1,2,1,0,72,2,0,62,0,2,0,0,4,0,15,5,1,0,214,20,24,258,0,258,--,--,--,214,258,258,Algún campo sin dato,1,85b7910b50ffe6dc2929fa505d2bb1e8e69bbb1f7109df26b76166e846f1b162,25/06/2023 21:34:42,ESCANER
22613,"Chiquimula",20,"Jocotán",4,3530,400,3,3,0,28,0,1,0,1,89,4,0,58,1,0,0,2,0,0,16,2,0,1,209,22,28,259,0,259,0,400,141,209,259,259,,1,347a290e9476dfe51bb456792cef0be082c7541f46a0157f9d40e78663254210,25/06/2023 22:39:16,ESCANER
22614,"Chiquimula",20,"Jocotán",4,3530,400,2,5,0,27,0,3,0,1,92,1,0,52,1,0,5,0,2,1,13,3,2,2,212,28,19,259,0,259,--,400,141,212,259,259,Algún campo sin dato,1,ec4f4cd40510f48e569e760e24f25c54a363d212aa0a0a4e8db435d72e19b536,25/06/2023 23:00:08,ESCANER
22615,"Chiquimula",20,"Jocotán",4,3530,400,,,,,,,,,,,,,,,,,,,,,,,,,,,,,,,,,,,,0,,,
22616,"Chiquimula",20,"Jocotán",4,3530,400,,,,,,,,,,,,,,,,,,,,,,,,,,,,,,,,,,,,0,,,
22617,"Chiquimula",20,"Jocotán",4,3530,400,6,5,0,28,0,1,0,0,58,0,2,51,1,2,1,1,1,0,12,5,0,0,174,13,11,198,0,198,--,400,202,174,198,198,Algún campo sin dato,1,550d3efdd8c1b4c2d9479466428a3171bcb1dd0ea810f9bba79ffaccf46c2947,25/06/2023 23:24:50,ESCANER
22618,"Chiquimula",20,"Jocotán",4,3530,400,2,2,0,29,1,1,1,85,85,0,1,38,0,0,1,0,0,0,11,2,1,0,175,8,11,194,0,194,--,404,210,260,279,279,Sumas Asentadas sin cuadrar,1,2a3bb28ca1fd4fea62f964c274cae1f52f29949edf1ecdab5528ec0b3d346cb8,26/06/2023 00:10:29,ESCANER
22619,"Chiquimula",20,"Jocotán",4,3530,251,--,2,--,23,--,--,1,--,43,--,1,40,--,--,--,--,1,--,6,1,--,--,118,9,14,141,0,141,--,251,110,118,141,141,Algún campo sin dato,1,ee750df1588b38cfa7e2bf630339b77e1b6db3ee8806caf371b3500a55d9dab2,25/06/2023 21:19:18,ESCANER
22620,"Chiquimula",20,"Jocotán",4,3530,251,2,7,0,14,0,1,1,0,41,1,1,37,0,1,1,0,0,1,11,2,1,1,123,8,11,143,0,143,--,251,109,123,142,142,Sumas Asentadas sin cuadrar,1,c67954510dfc9db88d71ab03f9db414dff212e39e0e13515f87175aeec48acbf,25/06/2023 21:48:57,ESCANER
22621,"Chiquimula",20,"Jocotán",4,3531,400,,,,,,,,,,,,,,,,,,,,,,,,,,,,,,,,,,,,0,,,
22622,"Chiquimula",20,"Jocotán",4,3531,400,,,,,,,,,,,,,,,,,,,,,,,,,,,,,,,,,,,,0,,,
22623,"Chiquimula",20,"Jocotán",4,3531,400,2,10,0,18,0,1,2,0,89,1,0,71,0,2,0,1,0,1,6,1,1,0,206,23,24,253,0,253,--,399,146,206,253,253,Algún campo sin dato,1,72196889cb82e60876bd656449d241ef6e3c9dcc63ffe6a722c8c627849aa49c,26/06/2023 00:18:13,ESCANER
22624,"Chiquimula",20,"Jocotán",4,3531,400,,,,,,,,,,,,,,,,,,,,,,,,,,,,,,,,,,,,0,,,
22625,"Chiquimula",20,"Jocotán",4,3531,400,,,,,,,,,,,,,,,,,,,,,,,,,,,,,,,,,,,,0,,,
22626,"Chiquimula",20,"Jocotán",4,3531,400,,,,,,,,,,,,,,,,,,,,,,,,,,,,,,,,,,,,0,,,
22627,"Chiquimula",20,"Jocotán",4,3531,400,,,,,,,,,,,,,,,,,,,,,,,,,,,,,,,,,,,,0,,,
22628,"Chiquimula",20,"Jocotán",4,3531,400,,,,,,,,,,,,,,,,,,,,,,,,,,,,,,,,,,,,0,,,
22629,"Chiquimula",20,"Jocotán",4,3531,400,,,,,,,,,,,,,,,,,,,,,,,,,,,,,,,,,,,,0,,,
22630,"Chiquimula",20,"Jocotán",4,3531,400,0,6,0,15,0,0,0,0,73,0,0,59,0,0,0,0,1,0,6,1,0,1,162,7,11,180,0,180,--,400,220,162,180,180,Algún campo sin dato,1,b7ed768b08aec206e7d2209f650ea52ee9efebf538164239ede6defce4b4a749,25/06/2023 22:47:40,ESCANER
22631,"Chiquimula",20,"Jocotán",4,3531,400,,,,,,,,,,,,,,,,,,,,,,,,,,,,,,,,,,,,0,,,
22632,"Chiquimula",20,"Jocotán",4,3531,289,0,1,0,15,0,0,1,0,53,0,0,36,0,0,2,0,0,0,4,2,0,0,114,3,12,129,0,129,--,289,160,114,129,129,Algún campo sin dato,1,bf929bc7d2de78a47bf49b2e13e61d487fbcf364dbffc92d6be7bc5513db96ca,25/06/2023 22:21:17,ESCANER
22633,"Chiquimula",20,"Jocotán",4,3531,289,1,6,0,12,0,0,0,0,48,2,0,27,0,2,0,1,0,0,6,0,0,1,106,11,10,127,0,127,--,289,162,106,127,127,Algún campo sin dato,1,cc122f216cf4b7b4bf14b1a34b62385d9ab3f441d88a2a439c1ac8126bf0c99a,25/06/2023 22:31:10,ESCANER
22634,"Chiquimula",20,"Jocotán",4,3532,400,,,,,,,,,,,,,,,,,,,,,,,,,,,,,,,,,,,,0,,,
22635,"Chiquimula",20,"Jocotán",4,3532,400,,,,,,,,,,,,,,,,,,,,,,,,,,,,,,,,,,,,0,,,
22636,"Chiquimula",20,"Jocotán",4,3532,400,,,,,,,,,,,,,,,,,,,,,,,,,,,,,,,,,,,,0,,,
22637,"Chiquimula",20,"Jocotán",4,3532,400,4,19,0,25,0,2,1,2,69,1,2,43,0,2,3,0,3,3,21,4,0,0,204,37,29,270,0,--,--,400,130,204,270,270,Algún campo sin dato,1,195a8cac1f224362a8942a0450f6b06a2c02b20c98db8ee4a45711867d354fea,25/06/2023 23:43:48,ESCANER
22638,"Chiquimula",20,"Jocotán",4,3532,400,,,,,,,,,,,,,,,,,,,,,,,,,,,,,,,,,,,,0,,,
22639,"Chiquimula",20,"Jocotán",4,3532,400,,,,,,,,,,,,,,,,,,,,,,,,,,,,,,,,,,,,0,,,
22640,"Chiquimula",20,"Jocotán",4,3533,400,,,,,,,,,,,,,,,,,,,,,,,,,,,,,,,,,,,,0,,,
22641,"Chiquimula",20,"Jocotán",4,3533,400,,,,,,,,,,,,,,,,,,,,,,,,,,,,,,,,,,,,0,,,
22642,"Chiquimula",20,"Jocotán",4,3533,267,,,,,,,,,,,,,,,,,,,,,,,,,,,,,,,,,,,,0,,,
22643,"Chiquimula",20,"Jocotán",4,3533,266,,,,,,,,,,,,,,,,,,,,,,,,,,,,,,,,,,,,0,,,
22644,"Chiquimula",20,"Jocotán",4,3534,380,,,,,,,,,,,,,,,,,,,,,,,,,,,,,,,,,,,,0,,,
22645,"Chiquimula",20,"Jocotán",4,3534,380,,,,,,,,,,,,,,,,,,,,,,,,,,,,,,,,,,,,0,,,
22646,"Chiquimula",20,"Jocotán",4,3534,380,,,,,,,,,,,,,,,,,,,,,,,,,,,,,,,,,,,,0,,,
22647,"Chiquimula",20,"Jocotán",4,3534,380,0,4,0,30,0,2,1,0,63,1,0,33,0,1,2,2,2,0,6,1,1,0,149,22,31,202,0,202,--,381,179,149,202,202,Algún campo sin dato,1,61f653dda6046f7021b9e7ec358be6722dde934a636221cbea63fe525bee8bd7,26/06/2023 00:00:03,ESCANER
22648,"Chiquimula",20,"Jocotán",4,3534,380,,,,,,,,,,,,,,,,,,,,,,,,,,,,,,,,,,,,0,,,
22649,"Chiquimula",20,"Jocotán",4,3534,380,,,,,,,,,,,,,,,,,,,,,,,,,,,,,,,,,,,,0,,,
22650,"Chiquimula",20,"Jocotán",4,3534,268,,,,,,,,,,,,,,,,,,,,,,,,,,,,,,,,,,,,0,,,
22651,"Chiquimula",20,"Jocotán",4,3534,267,,,,,,,,,,,,,,,,,,,,,,,,,,,,,,,,,,,,0,,,
22652,"Chiquimula",20,"Jocotán",4,3535,380,,,,,,,,,,,,,,,,,,,,,,,,,,,,,,,,,,,,0,,,
22653,"Chiquimula",20,"Jocotán",4,3535,380,,,,,,,,,,,,,,,,,,,,,,,,,,,,,,,,,,,,0,,,
22654,"Chiquimula",20,"Jocotán",4,3535,380,,,,,,,,,,,,,,,,,,,,,,,,,,,,,,,,,,,,0,,,
22655,"Chiquimula",20,"Jocotán",4,3535,380,,,,,,,,,,,,,,,,,,,,,,,,,,,,,,,,,,,,0,,,
22656,"Chiquimula",20,"Jocotán",4,3535,380,,,,,,,,,,,,,,,,,,,,,,,,,,,,,,,,,,,,0,,,
22657,"Chiquimula",20,"Jocotán",4,3535,380,,,,,,,,,,,,,,,,,,,,,,,,,,,,,,,,,,,,0,,,
22658,"Chiquimula",20,"Jocotán",4,3535,380,,,,,,,,,,,,,,,,,,,,,,,,,,,,,,,,,,,,0,,,
22659,"Chiquimula",20,"Jocotán",4,3535,357,,,,,,,,,,,,,,,,,,,,,,,,,,,,,,,,,,,,0,,,
22660,"Chiquimula",20,"Jocotán",4,3535,357,,,,,,,,,,,,,,,,,,,,,,,,,,,,,,,,,,,,0,,,
22661,"Chiquimula",20,"Jocotán",4,3536,380,,,,,,,,,,,,,,,,,,,,,,,,,,,,,,,,,,,,0,,,
22662,"Chiquimula",20,"Jocotán",4,3536,380,,,,,,,,,,,,,,,,,,,,,,,,,,,,,,,,,,,,0,,,
22663,"Chiquimula",20,"Jocotán",4,3536,380,,,,,,,,,,,,,,,,,,,,,,,,,,,,,,,,,,,,0,,,
22664,"Chiquimula",20,"Jocotán",4,3536,380,3,13,0,13,1,4,1,1,90,1,6,30,0,3,1,0,1,0,6,6,1,1,182,18,14,214,0,214,--,380,166,182,214,214,Algún campo sin dato,1,b9b846ef3f2f6f87268cd89ff37816d1cb626e6719584afe76168fc1c9f5f7f5,25/06/2023 23:32:20,ESCANER
22665,"Chiquimula",20,"Jocotán",4,3537,282,2,5,0,8,0,0,1,3,78,3,2,21,0,0,0,0,1,0,11,4,0,1,140,14,16,170,0,170,--,279,109,140,170,170,Algún campo sin dato,1,0aad111e23d695539865def2470fd722cd945e59eaaab7bc04f043a14df7857b,25/06/2023 23:27:50,ESCANER
22666,"Chiquimula",20,"Jocotán",4,3537,281,5,11,0,3,0,1,0,0,64,1,0,31,0,0,1,0,0,0,9,3,1,0,130,13,11,154,0,154,--,272,118,130,154,154,Algún campo sin dato,1,ccf84085e2f1ded5b2f7790dbf338ba106c5c671b2d5d157a4be15ba497d580c,26/06/2023 00:18:55,ESCANER
22667,"Chiquimula",20,"Jocotán",4,3538,380,,,,,,,,,,,,,,,,,,,,,,,,,,,,,,,,,,,,0,,,
22668,"Chiquimula",20,"Jocotán",4,3538,380,,,,,,,,,,,,,,,,,,,,,,,,,,,,,,,,,,,,0,,,
22669,"Chiquimula",20,"Jocotán",4,3538,221,,,,,,,,,,,,,,,,,,,,,,,,,,,,,,,,,,,,0,,,
22670,"Chiquimula",20,"Jocotán",4,3538,221,0,5,0,5,0,0,0,0,34,0,0,13,0,0,1,0,1,0,3,0,0,0,62,12,9,83,0,83,--,221,138,62,83,83,Algún campo sin dato,1,50147b0a01dc1c62983a91d0134cae506a2c4e5aab3f4ad1801f10d0896c3c9e,26/06/2023 00:17:25,ESCANER
22671,"Chiquimula",20,"Jocotán",4,3539,380,,,,,,,,,,,,,,,,,,,,,,,,,,,,,,,,,,,,0,,,
22672,"Chiquimula",20,"Jocotán",4,3539,380,2,6,0,30,1,1,0,1,63,1,0,61,0,2,0,3,4,0,19,2,0,1,197,35,40,272,--,--,--,379,108,197,272,272,Algún campo sin dato,1,d4ebab06bce726bb3c4b9ac67a466713585cf1146bce8b79fa0e9233c5ef7707,25/06/2023 23:11:08,ESCANER
22673,"Chiquimula",20,"Jocotán",4,3539,251,--,4,--,20,--,3,--,--,44,--,--,45,--,--,--,--,1,--,11,1,--,1,130,8,14,152,0,152,--,247,95,130,152,152,Algún campo sin dato,1,600c8f2ded1481fe35abb10b9624c380c9f644f15febfa460e073eda8aa34e92,25/06/2023 23:50:23,ESCANER
22674,"Chiquimula",20,"Jocotán",4,3539,250,1,2,1,19,0,0,1,0,42,0,0,47,1,0,0,0,1,0,10,2,0,1,128,13,15,156,0,156,--,230,94,128,156,156,Algún campo sin dato,1,1165d97dccae5309c38e027bde1221cb357a7d07590b32039a3935695250d1e7,25/06/2023 22:03:28,ESCANER
22675,"Chiquimula",20,"Jocotán",4,3540,380,,,,,,,,,,,,,,,,,,,,,,,,,,,,,,,,,,,,0,,,
22676,"Chiquimula",20,"Jocotán",4,3540,316,3,3,0,14,0,0,2,0,31,3,1,41,0,0,2,1,2,1,69,2,1,0,176,19,31,226,50,226,--,316,90,176,226,276,Sumas Asentadas sin cuadrar,1,eea1358f8a9703c4cbfaf52793041b0b2de87f6ebc9e6a9fcef6855aefb4332c,25/06/2023 23:41:35,ESCANER
22677,"Chiquimula",20,"Jocotán",4,3540,316,0,1,0,15,0,0,0,0,37,1,2,44,0,0,0,0,2,1,67,0,0,0,170,4,12,186,1,187,--,313,126,170,186,187,Algún campo sin dato,1,c67242560e36e69bbb40db466fc257d7da04a7d01ebd732884d6f4733b0aabe2,25/06/2023 21:46:51,ESCANER
22678,"Chiquimula",20,"Jocotán",4,3541,380,,,,,,,,,,,,,,,,,,,,,,,,,,,,,,,,,,,,0,,,
22679,"Chiquimula",20,"Jocotán",4,3541,380,,,,,,,,,,,,,,,,,,,,,,,,,,,,,,,,,,,,0,,,
22680,"Chiquimula",20,"Jocotán",4,3541,345,,,,,,,,,,,,,,,,,,,,,,,,,,,,,,,,,,,,0,,,
22681,"Chiquimula",20,"Jocotán",4,3541,344,0,5,0,13,0,0,1,1,42,0,0,41,1,1,0,1,4,1,53,4,0,3,171,8,16,195,4,199,--,344,142,171,195,199,Algún campo sin dato,1,d8073954c9c70fe25dc603b5afe2cbe49617fe7bfb20d8213f16e9b6d7e305cb,25/06/2023 23:27:49,ESCANER
22682,"Chiquimula",20,"Jocotán",4,3542,325,1,0,0,5,0,0,0,0,3,0,1,3,0,0,0,0,1,0,7,0,0,0,21,6,3,30,0,30,0,322,292,21,30,30,,1,a7f2ec8f72a1f87f5fa9d60dcc538eafcad26b43f17d00fd90e20293c74e1904,25/06/2023 21:10:06,ESCANER
22683,"Chiquimula",20,"Camotán",5,3543,400,,,,,,,,,,,,,,,,,,,,,,,,,,,,,,,,,,,,0,,,
22684,"Chiquimula",20,"Camotán",5,3543,400,3,4,0,4,0,0,0,2,33,3,51,58,0,0,6,1,2,5,37,5,16,2,232,25,20,277,0,277,--,400,123,232,277,277,Algún campo sin dato,1,dda9385b84efa32b7ea68de3668ba255e17c1bfb1012fe7822be85f2827bc2fa,25/06/2023 23:10:44,ESCANER
22685,"Chiquimula",20,"Camotán",5,3543,400,,,,,,,,,,,,,,,,,,,,,,,,,,,,,,,,,,,,0,,,
22686,"Chiquimula",20,"Camotán",5,3543,400,,,,,,,,,,,,,,,,,,,,,,,,,,,,,,,,,,,,0,,,
22687,"Chiquimula",20,"Camotán",5,3543,400,,,,,,,,,,,,,,,,,,,,,,,,,,,,,,,,,,,,0,,,
22688,"Chiquimula",20,"Camotán",5,3543,400,,,,,,,,,,,,,,,,,,,,,,,,,,,,,,,,,,,,0,,,
22689,"Chiquimula",20,"Camotán",5,3543,400,,,,,,,,,,,,,,,,,,,,,,,,,,,,,,,,,,,,0,,,
22690,"Chiquimula",20,"Camotán",5,3543,400,2,0,0,3,1,1,0,0,33,2,28,39,0,0,3,0,2,1,72,4,5,4,200,11,10,221,0,221,--,412,191,200,221,221,Algún campo sin dato,1,126069e0855f9f4f40344ef2492afaf8dd81ff5202a977352162727efa7de888,25/06/2023 23:32:39,ESCANER
22691,"Chiquimula",20,"Camotán",5,3544,304,4,1,0,2,0,1,0,0,29,0,34,31,1,0,3,1,2,3,40,2,7,2,163,10,9,182,0,182,--,300,118,163,182,182,Algún campo sin dato,1,674d6a754f9883c6f129f7fb1bb41c7f43b9164e959eb26abf19625d2dd729f6,25/06/2023 22:01:46,ESCANER
22692,"Chiquimula",20,"Camotán",5,3544,303,0,0,0,6,0,1,0,0,20,0,22,26,1,1,0,0,0,1,41,3,4,7,133,9,9,151,0,151,--,303,152,133,151,151,Algún campo sin dato,1,7f123ee6902f7a7b648dd30e1c3850bdac3296a98bf64336d699dc983217bbec,25/06/2023 22:08:12,ESCANER
22693,"Chiquimula",20,"Camotán",5,3545,400,2,2,0,9,4,3,1,0,16,0,24,71,1,0,4,2,4,4,84,5,1,1,238,24,21,283,0,283,--,400,117,238,283,283,Algún campo sin dato,1,8ef404d3b054febf2992593fa72044527cfa45ef17aab55ab9fc57b73af7d0bb,25/06/2023 22:50:48,ESCANER
22694,"Chiquimula",20,"Camotán",5,3545,400,,,,,,,,,,,,,,,,,,,,,,,,,,,,,,,,,,,,0,,,
22695,"Chiquimula",20,"Camotán",5,3545,400,4,2,0,11,2,0,0,0,15,0,30,118,1,0,4,0,3,1,55,4,0,1,251,24,14,289,0,289,--,400,111,251,289,289,Algún campo sin dato,1,c31906db75b83f828ee2af439d6ac32801888f953b33af3912ba1e83ed045f7e,25/06/2023 23:58:34,ESCANER
22696,"Chiquimula",20,"Camotán",5,3546,400,1,2,0,12,1,0,0,0,9,1,12,69,1,3,1,2,3,3,89,7,1,3,220,14,12,246,0,246,--,403,157,220,246,246,Algún campo sin dato,1,efcf85e7bbcfb0153db58acb5e64be1e70e1519255a8a7d6427b85cbfc53421e,25/06/2023 23:52:36,ESCANER
22697,"Chiquimula",20,"Camotán",5,3546,347,,,,,,,,,,,,,,,,,,,,,,,,,,,,,,,,,,,,0,,,
22698,"Chiquimula",20,"Camotán",5,3546,346,1,0,0,6,0,0,0,0,8,0,14,76,0,0,0,0,2,3,72,5,0,1,188,10,11,209,0,209,--,346,137,188,209,209,Algún campo sin dato,1,1c47bbdd447c536f1514b64f123afa7744b3571faaedbe8d6b130688b2956d82,25/06/2023 22:23:17,ESCANER
22699,"Chiquimula",20,"Camotán",5,3547,380,,,,,,,,,,,,,,,,,,,,,,,,,,,,,,,,,,,,0,,,
22700,"Chiquimula",20,"Camotán",5,3547,380,,,,,,,,,,,,,,,,,,,,,,,,,,,,,,,,,,,,0,,,
22701,"Chiquimula",20,"Camotán",5,3547,380,4,0,0,22,0,2,1,0,23,0,16,133,1,1,1,5,0,7,11,1,1,0,229,15,37,281,0,281,--,383,99,229,281,281,Algún campo sin dato,1,0884fab3bbfe8ed758b5dcadf14887ec3c02dd73ffbcae3450a06bc4be68be5b,26/06/2023 00:13:29,ESCANER
22702,"Chiquimula",20,"Camotán",5,3548,380,7,5,0,37,0,1,0,1,53,1,21,121,0,0,4,2,1,6,14,0,0,0,274,14,20,308,0,308,--,380,72,274,308,308,Algún campo sin dato,1,bf73cd9ac8ecb28c4f2dacc629ea8d54ad5769496e6dfe9bfcc0f5ae834e22f7,25/06/2023 23:26:22,ESCANER
22703,"Chiquimula",20,"Camotán",5,3548,380,0,2,0,31,1,3,1,0,34,1,17,133,3,1,0,2,0,4,14,2,2,1,252,21,17,290,0,290,--,378,88,252,290,290,Algún campo sin dato,1,95c0504b91cf225b3b7327b789a777a06fdbf5d726721b4927b694222c5e5a2d,25/06/2023 23:34:17,ESCANER
22704,"Chiquimula",20,"Camotán",5,3548,380,4,1,0,43,0,0,0,0,29,0,16,102,0,0,0,0,0,1,23,1,1,1,222,16,26,264,0,264,--,380,116,222,264,264,Algún campo sin dato,1,beeab18f868179751665709413ccb0f00c823c9c94be24dffb0aa720e11c778a,25/06/2023 23:42:43,ESCANER
22705,"Chiquimula",20,"Camotán",5,3549,380,2,3,0,26,2,1,1,1,28,1,23,97,0,0,2,1,0,2,18,1,1,0,210,19,25,254,0,254,--,381,127,210,254,254,Algún campo sin dato,1,f15617938b51b7ffa941e1762ee55ef9e3c262ed3a2180663ccaaead6757636d,26/06/2023 00:09:33,ESCANER
22706,"Chiquimula",20,"Camotán",5,3549,380,1,0,1,30,0,1,0,0,33,0,11,136,1,1,2,2,2,3,18,0,0,0,242,5,19,266,0,266,--,380,114,242,266,266,Algún campo sin dato,1,06be8bba736ee96248fea9b5699494c2974ba3a8b17c10a8cac47fa2ca641fd1,26/06/2023 00:02:34,ESCANER
22707,"Chiquimula",20,"Camotán",5,3549,380,2,0,0,36,0,0,0,0,44,1,16,110,0,0,2,1,0,0,27,0,0,0,239,13,13,265,0,265,--,380,115,239,265,265,Algún campo sin dato,1,7e4c0c27089707c22a94dd0f501b80377e248e0d682864c57edb07478db0bf9a,26/06/2023 00:15:45,ESCANER
22708,"Chiquimula",20,"Camotán",5,3550,350,3,2,0,32,1,1,0,1,25,0,17,98,0,1,1,0,0,4,17,1,0,0,204,8,13,225,0,225,--,350,125,204,225,225,Algún campo sin dato,1,c4d9941869cf787e2d3c2995ad4c536f63bb2bc2cd99d6bd1711728161608375,26/06/2023 00:25:19,ESCANER
22709,"Chiquimula",20,"Camotán",5,3550,349,0,3,0,39,0,2,1,0,26,0,9,94,0,0,0,2,0,0,13,0,0,2,191,17,23,231,0,231,--,349,118,191,231,231,Algún campo sin dato,1,d90e32b0513214d53695192f6593561916c17f53cb368c80e2f1b48c5b6fe978,25/06/2023 22:55:20,ESCANER
22710,"Chiquimula",20,"Camotán",5,3551,380,,,,,,,,,,,,,,,,,,,,,,,,,,,,,,,,,,,,0,,,
22711,"Chiquimula",20,"Camotán",5,3551,380,,,,,,,,,,,,,,,,,,,,,,,,,,,,,,,,,,,,0,,,
22712,"Chiquimula",20,"Camotán",5,3551,380,,,,,,,,,,,,,,,,,,,,,,,,,,,,,,,,,,,,0,,,
22713,"Chiquimula",20,"Camotán",5,3551,380,,,,,,,,,,,,,,,,,,,,,,,,,,,,,,,,,,,,0,,,
22714,"Chiquimula",20,"Camotán",5,3551,317,,,,,,,,,,,,,,,,,,,,,,,,,,,,,,,,,,,,0,,,
22715,"Chiquimula",20,"Camotán",5,3552,316,,,,,,,,,,,,,,,,,,,,,,,,,,,,,,,,,,,,0,,,
22716,"Chiquimula",20,"Camotán",5,3553,380,,,,,,,,,,,,,,,,,,,,,,,,,,,,,,,,,,,,0,,,
22717,"Chiquimula",20,"Camotán",5,3553,380,0,5,0,10,0,7,3,0,14,2,47,98,1,5,1,2,6,3,21,2,1,0,228,29,25,282,0,282,--,380,98,228,282,282,Algún campo sin dato,1,10d1d3600df13be371b83df6b5a5d3b7cc5859833a7df7f58a39b65c5dca9c3a,25/06/2023 22:56:08,ESCANER
22718,"Chiquimula",20,"Camotán",5,3553,380,,,,,,,,,,,,,,,,,,,,,,,,,,,,,,,,,,,,0,,,
22719,"Chiquimula",20,"Camotán",5,3553,380,,,,,,,,,,,,,,,,,,,,,,,,,,,,,,,,,,,,0,,,
22720,"Chiquimula",20,"Camotán",5,3553,354,,,,,,,,,,,,,,,,,,,,,,,,,,,,,,,,,,,,0,,,
22721,"Chiquimula",20,"Camotán",5,3553,354,,,,,,,,,,,,,,,,,,,,,,,,,,,,,,,,,,,,0,,,
22722,"Chiquimula",20,"Camotán",5,3554,380,,,,,,,,,,,,,,,,,,,,,,,,,,,,,,,,,,,,0,,,
22723,"Chiquimula",20,"Camotán",5,3554,380,2,3,0,15,1,3,1,1,10,1,35,84,0,0,6,3,2,7,11,3,1,1,190,30,20,240,0,240,--,380,140,190,240,240,Algún campo sin dato,1,243288a44b01b8ed3d6c27d8cb983f8ffce5fa1f001a3fd2df75c0d0594928c0,25/06/2023 23:01:52,MOVIL
22724,"Chiquimula",20,"Camotán",5,3554,380,6,4,0,18,0,0,1,0,16,0,39,101,1,0,4,1,1,4,10,3,2,1,212,25,27,264,0,264,--,380,116,212,264,264,Algún campo sin dato,1,8e4fc7dba8867178972a80cc0771bd4281909c3b64afb83d466ecf49b024a486,26/06/2023 00:25:29,MOVIL
22725,"Chiquimula",20,"Camotán",5,3554,380,,,,,,,,,,,,,,,,,,,,,,,,,,,,,,,,,,,,0,,,
22726,"Chiquimula",20,"Camotán",5,3555,380,2,5,0,16,1,0,1,0,19,1,53,71,1,4,0,1,3,2,10,3,0,0,193,27,23,243,0,243,--,380,137,193,243,243,Algún campo sin dato,1,a6763dd173b2cfec2eb72afb43c160db2ab749384ee4fbbabec33c926e64dc1b,26/06/2023 00:01:36,ESCANER
22727,"Chiquimula",20,"Camotán",5,3555,380,2,8,0,18,1,0,1,1,17,0,35,60,1,3,0,0,1,1,20,0,0,0,169,21,26,216,0,216,--,380,164,169,216,216,Algún campo sin dato,1,8e98c689a529273b06aac526a5280ba7a22dd47eac4e4cacdf9e1de0a6cf4c4c,25/06/2023 22:37:06,ESCANER
22728,"Chiquimula",20,"Camotán",5,3555,380,,,,,,,,,,,,,,,,,,,,,,,,,,,,,,,,,,,,0,,,
22729,"Chiquimula",20,"Camotán",5,3555,380,,,,,,,,,,,,,,,,,,,,,,,,,,,,,,,,,,,,0,,,
22730,"Chiquimula",20,"Camotán",5,3555,380,4,3,0,19,0,0,0,1,13,0,45,65,0,2,0,1,6,2,27,0,0,1,189,17,14,220,0,220,--,380,160,189,220,220,Algún campo sin dato,1,b3814a4fc9880346eec4262401810d72427e54f1dc370e65096e3b42c5b42e7a,25/06/2023 23:12:40,ESCANER
22731,"Chiquimula",20,"Camotán",5,3556,343,,,,,,,,,,,,,,,,,,,,,,,,,,,,,,,,,,,,0,,,
22732,"Chiquimula",20,"Camotán",5,3556,342,,,,,,,,,,,,,,,,,,,,,,,,,,,,,,,,,,,,0,,,
22733,"Chiquimula",20,"Camotán",5,3557,380,,,,,,,,,,,,,,,,,,,,,,,,,,,,,,,,,,,,0,,,
22734,"Chiquimula",20,"Camotán",5,3557,380,,,,,,,,,,,,,,,,,,,,,,,,,,,,,,,,,,,,0,,,
22735,"Chiquimula",20,"Camotán",5,3557,380,,,,,,,,,,,,,,,,,,,,,,,,,,,,,,,,,,,,0,,,
22736,"Chiquimula",20,"Camotán",5,3558,337,1,8,2,15,0,1,1,0,27,0,23,43,0,3,1,1,3,0,35,1,1,2,168,26,21,215,0,215,3,337,122,168,215,215,,1,dea455b9356b161ae7f6402126bbb638b2d196b430678d1b99795331092c4450,26/06/2023 00:11:34,MOVIL
22737,"Chiquimula",20,"Camotán",5,3558,337,,,,,,,,,,,,,,,,,,,,,,,,,,,,,,,,,,,,0,,,
22738,"Chiquimula",20,"Camotán",5,3559,380,,,,,,,,,,,,,,,,,,,,,,,,,,,,,,,,,,,,0,,,
22739,"Chiquimula",20,"Camotán",5,3559,380,,,,,,,,,,,,,,,,,,,,,,,,,,,,,,,,,,,,0,,,
22740,"Chiquimula",20,"Camotán",5,3559,380,,,,,,,,,,,,,,,,,,,,,,,,,,,,,,,,,,,,0,,,
22741,"Chiquimula",20,"Camotán",5,3559,380,,,,,,,,,,,,,,,,,,,,,,,,,,,,,,,,,,,,0,,,
22742,"Chiquimula",20,"Camotán",5,3560,349,1,0,1,2,0,1,0,0,40,1,50,79,0,2,0,0,1,1,16,1,0,0,196,14,13,223,0,223,--,349,126,196,223,223,Algún campo sin dato,1,acd48f046132da8039b9661a254677092e8e37bcbfe7bf7720dd64f149d0a8ef,25/06/2023 23:15:30,ESCANER
22743,"Chiquimula",20,"Camotán",5,3560,348,,,,,,,,,,,,,,,,,,,,,,,,,,,,,,,,,,,,0,,,
22744,"Chiquimula",20,"Camotán",5,3561,380,,,,,,,,,,,,,,,,,,,,,,,,,,,,,,,,,,,,0,,,
22745,"Chiquimula",20,"Camotán",5,3561,380,,,,,,,,,,,,,,,,,,,,,,,,,,,,,,,,,,,,0,,,
22746,"Chiquimula",20,"Camotán",5,3561,380,,,,,,,,,,,,,,,,,,,,,,,,,,,,,,,,,,,,0,,,
22747,"Chiquimula",20,"Camotán",5,3561,380,,,,,,,,,,,,,,,,,,,,,,,,,,,,,,,,,,,,0,,,
22748,"Chiquimula",20,"Camotán",5,3561,380,,,,,,,,,,,,,,,,,,,,,,,,,,,,,,,,,,,,0,,,
22749,"Chiquimula",20,"Camotán",5,3562,380,,,,,,,,,,,,,,,,,,,,,,,,,,,,,,,,,,,,0,,,
22750,"Chiquimula",20,"Camotán",5,3562,208,,,,,,,,,,,,,,,,,,,,,,,,,,,,,,,,,,,,0,,,
22751,"Chiquimula",20,"Camotán",5,3562,208,1,6,0,1,0,0,0,0,6,0,43,14,0,0,1,1,0,0,19,0,0,0,92,11,10,113,0,113,--,205,92,92,113,113,Algún campo sin dato,1,eb5ff1c5581ee8809580ac64365e9047487cc974f6fe26acbb43a0849ec02b92,25/06/2023 23:41:24,ESCANER
22752,"Chiquimula",20,"Camotán",5,3563,380,,,,,,,,,,,,,,,,,,,,,,,,,,,,,,,,,,,,0,,,
22753,"Chiquimula",20,"Camotán",5,3563,380,,,,,,,,,,,,,,,,,,,,,,,,,,,,,,,,,,,,0,,,
22754,"Chiquimula",20,"Camotán",5,3563,379,,,,,,,,,,,,,,,,,,,,,,,,,,,,,,,,,,,,0,,,
22755,"Chiquimula",20,"Camotán",5,3563,378,2,3,0,0,0,0,0,0,104,0,50,54,0,2,2,0,0,0,13,1,1,1,233,12,11,256,0,256,--,378,122,233,256,256,Algún campo sin dato,1,2d5e8b358d48e9add4b3fd1a1d46cf37d56cab0749d35d18c6af78b1e02f6eb1,25/06/2023 23:15:01,ESCANER
22756,"Chiquimula",20,"Camotán",5,3564,380,,,,,,,,,,,,,,,,,,,,,,,,,,,,,,,,,,,,0,,,
22757,"Chiquimula",20,"Camotán",5,3564,380,,,,,,,,,,,,,,,,,,,,,,,,,,,,,,,,,,,,0,,,
22758,"Chiquimula",20,"Camotán",5,3564,380,,,,,,,,,,,,,,,,,,,,,,,,,,,,,,,,,,,,0,,,
22759,"Chiquimula",20,"Camotán",5,3564,380,,,,,,,,,,,,,,,,,,,,,,,,,,,,,,,,,,,,0,,,
22760,"Chiquimula",20,"Camotán",5,3564,380,,,,,,,,,,,,,,,,,,,,,,,,,,,,,,,,,,,,0,,,
22761,"Chiquimula",20,"Camotán",5,3565,380,,,,,,,,,,,,,,,,,,,,,,,,,,,,,,,,,,,,0,,,
22762,"Chiquimula",20,"Camotán",5,3566,380,,,,,,,,,,,,,,,,,,,,,,,,,,,,,,,,,,,,0,,,
22763,"Chiquimula",20,"Camotán",5,3566,380,,,,,,,,,,,,,,,,,,,,,,,,,,,,,,,,,,,,0,,,
22764,"Chiquimula",20,"Camotán",5,3566,380,,,,,,,,,,,,,,,,,,,,,,,,,,,,,,,,,,,,0,,,
22765,"Chiquimula",20,"Camotán",5,3567,252,0,0,0,4,0,1,0,0,42,0,26,39,0,1,1,0,0,1,13,0,0,1,129,8,115,252,0,137,--,252,115,129,252,252,Sumas Asentadas sin cuadrar,1,648916a549a48d461e862b4bbf1fe3cb1d4576ed40106dab08c96c6d03c012ca,25/06/2023 21:10:32,MOVIL
22766,"Chiquimula",20,"Camotán",5,3567,252,0,3,0,3,0,0,0,1,22,0,21,51,1,0,0,0,0,1,2,0,0,0,105,18,11,134,2,136,--,248,114,105,134,136,Algún campo sin dato,1,d6534b266729a767bb3f2f674157b4e7255baacd07cea8fe86588ee63c61b026,26/06/2023 00:21:51,MOVIL
22767,"Chiquimula",20,"Camotán",5,3568,379,2,0,0,2,0,2,0,0,3,0,7,12,0,0,0,0,3,1,6,0,1,1,40,8,3,51,0,51,--,379,328,40,51,51,Algún campo sin dato,1,01516cb2b83d977bdc7e3ae4f6fe25a86636eb3a8353fa502c78a4a4e4953593,25/06/2023 21:37:22,ESCANER
22768,"Chiquimula",20,"Olopa",6,3569,400,,,,,,,,,,,,,,,,,,,,,,,,,,,,,,,,,,,,0,,,
22769,"Chiquimula",20,"Olopa",6,3569,400,,,,,,,,,,,,,,,,,,,,,,,,,,,,,,,,,,,,0,,,
22770,"Chiquimula",20,"Olopa",6,3569,400,,,,,,,,,,,,,,,,,,,,,,,,,,,,,,,,,,,,0,,,
22771,"Chiquimula",20,"Olopa",6,3569,400,,,,,,,,,,,,,,,,,,,,,,,,,,,,,,,,,,,,0,,,
22772,"Chiquimula",20,"Olopa",6,3569,400,,,,,,,,,,,,,,,,,,,,,,,,,,,,,,,,,,,,0,,,
22773,"Chiquimula",20,"Olopa",6,3569,400,,,,,,,,,,,,,,,,,,,,,,,,,,,,,,,,,,,,0,,,
22774,"Chiquimula",20,"Olopa",6,3569,400,,,,,,,,,,,,,,,,,,,,,,,,,,,,,,,,,,,,0,,,
22775,"Chiquimula",20,"Olopa",6,3569,400,,,,,,,,,,,,,,,,,,,,,,,,,,,,,,,,,,,,0,,,
22776,"Chiquimula",20,"Olopa",6,3569,400,,,,,,,,,,,,,,,,,,,,,,,,,,,,,,,,,,,,0,,,
22777,"Chiquimula",20,"Olopa",6,3569,400,,,,,,,,,,,,,,,,,,,,,,,,,,,,,,,,,,,,0,,,
22778,"Chiquimula",20,"Olopa",6,3570,400,,,,,,,,,,,,,,,,,,,,,,,,,,,,,,,,,,,,0,,,
22779,"Chiquimula",20,"Olopa",6,3570,400,,,,,,,,,,,,,,,,,,,,,,,,,,,,,,,,,,,,0,,,
22780,"Chiquimula",20,"Olopa",6,3570,307,,,,,,,,,,,,,,,,,,,,,,,,,,,,,,,,,,,,0,,,
22781,"Chiquimula",20,"Olopa",6,3570,307,,,,,,,,,,,,,,,,,,,,,,,,,,,,,,,,,,,,0,,,
22782,"Chiquimula",20,"Olopa",6,3571,380,,,,,,,,,,,,,,,,,,,,,,,,,,,,,,,,,,,,0,,,
22783,"Chiquimula",20,"Olopa",6,3571,380,,,,,,,,,,,,,,,,,,,,,,,,,,,,,,,,,,,,0,,,
22784,"Chiquimula",20,"Olopa",6,3571,380,,,,,,,,,,,,,,,,,,,,,,,,,,,,,,,,,,,,0,,,
22785,"Chiquimula",20,"Olopa",6,3571,380,,,,,,,,,,,,,,,,,,,,,,,,,,,,,,,,,,,,0,,,
22786,"Chiquimula",20,"Olopa",6,3571,380,,,,,,,,,,,,,,,,,,,,,,,,,,,,,,,,,,,,0,,,
22787,"Chiquimula",20,"Olopa",6,3571,380,,,,,,,,,,,,,,,,,,,,,,,,,,,,,,,,,,,,0,,,
22788,"Chiquimula",20,"Olopa",6,3571,380,,,,,,,,,,,,,,,,,,,,,,,,,,,,,,,,,,,,0,,,
22789,"Chiquimula",20,"Olopa",6,3571,380,,,,,,,,,,,,,,,,,,,,,,,,,,,,,,,,,,,,0,,,
22790,"Chiquimula",20,"Olopa",6,3571,341,,,,,,,,,,,,,,,,,,,,,,,,,,,,,,,,,,,,0,,,
22791,"Chiquimula",20,"Olopa",6,3571,340,,,,,,,,,,,,,,,,,,,,,,,,,,,,,,,,,,,,0,,,
22792,"Chiquimula",20,"Olopa",6,3572,380,,,,,,,,,,,,,,,,,,,,,,,,,,,,,,,,,,,,0,,,
22793,"Chiquimula",20,"Olopa",6,3572,380,,,,,,,,,,,,,,,,,,,,,,,,,,,,,,,,,,,,0,,,
22794,"Chiquimula",20,"Olopa",6,3572,380,,,,,,,,,,,,,,,,,,,,,,,,,,,,,,,,,,,,0,,,
22795,"Chiquimula",20,"Olopa",6,3572,380,,,,,,,,,,,,,,,,,,,,,,,,,,,,,,,,,,,,0,,,
22796,"Chiquimula",20,"Olopa",6,3572,380,,,,,,,,,,,,,,,,,,,,,,,,,,,,,,,,,,,,0,,,
22797,"Chiquimula",20,"Olopa",6,3572,380,,,,,,,,,,,,,,,,,,,,,,,,,,,,,,,,,,,,0,,,
22798,"Chiquimula",20,"Olopa",6,3572,380,,,,,,,,,,,,,,,,,,,,,,,,,,,,,,,,,,,,0,,,
22799,"Chiquimula",20,"Olopa",6,3572,380,,,,,,,,,,,,,,,,,,,,,,,,,,,,,,,,,,,,0,,,
22800,"Chiquimula",20,"Olopa",6,3572,380,,,,,,,,,,,,,,,,,,,,,,,,,,,,,,,,,,,,0,,,
22801,"Chiquimula",20,"Olopa",6,3572,316,,,,,,,,,,,,,,,,,,,,,,,,,,,,,,,,,,,,0,,,
22802,"Chiquimula",20,"Olopa",6,3572,316,17,1,0,0,0,1,1,1,22,1,7,54,0,1,1,1,20,0,51,1,1,0,181,13,21,215,0,215,--,316,101,181,215,215,Algún campo sin dato,1,21877507e467dd205a0a3b0f81972a7f54dcbc8653bdf71946263decdf370f14,25/06/2023 23:39:13,ESCANER
22803,"Chiquimula",20,"Olopa",6,3573,380,,,,,,,,,,,,,,,,,,,,,,,,,,,,,,,,,,,,0,,,
22804,"Chiquimula",20,"Olopa",6,3573,380,,,,,,,,,,,,,,,,,,,,,,,,,,,,,,,,,,,,0,,,
22805,"Chiquimula",20,"Olopa",6,3573,380,,,,,,,,,,,,,,,,,,,,,,,,,,,,,,,,,,,,0,,,
22806,"Chiquimula",20,"Olopa",6,3573,380,,,,,,,,,,,,,,,,,,,,,,,,,,,,,,,,,,,,0,,,
22807,"Chiquimula",20,"Olopa",6,3573,380,,,,,,,,,,,,,,,,,,,,,,,,,,,,,,,,,,,,0,,,
22808,"Chiquimula",20,"Olopa",6,3573,357,,,,,,,,,,,,,,,,,,,,,,,,,,,,,,,,,,,,0,,,
22809,"Chiquimula",20,"Olopa",6,3573,356,,,,,,,,,,,,,,,,,,,,,,,,,,,,,,,,,,,,0,,,
22810,"Chiquimula",20,"Esquipulas",7,3574,400,,,,,,,,,,,,,,,,,,,,,,,,,,,,,,,,,,,,0,,,
22811,"Chiquimula",20,"Esquipulas",7,3574,400,,,,,,,,,,,,,,,,,,,,,,,,,,,,,,,,,,,,0,,,
22812,"Chiquimula",20,"Esquipulas",7,3574,400,,,,,,,,,,,,,,,,,,,,,,,,,,,,,,,,,,,,0,,,
22813,"Chiquimula",20,"Esquipulas",7,3574,400,,,,,,,,,,,,,,,,,,,,,,,,,,,,,,,,,,,,0,,,
22814,"Chiquimula",20,"Esquipulas",7,3575,400,,,,,,,,,,,,,,,,,,,,,,,,,,,,,,,,,,,,0,,,
22815,"Chiquimula",20,"Esquipulas",7,3575,400,,,,,,,,,,,,,,,,,,,,,,,,,,,,,,,,,,,,0,,,
22816,"Chiquimula",20,"Esquipulas",7,3575,400,,,,,,,,,,,,,,,,,,,,,,,,,,,,,,,,,,,,0,,,
22817,"Chiquimula",20,"Esquipulas",7,3575,400,,,,,,,,,,,,,,,,,,,,,,,,,,,,,,,,,,,,0,,,
22818,"Chiquimula",20,"Esquipulas",7,3576,400,27,3,0,22,1,3,1,1,8,0,7,33,1,1,1,0,2,0,49,24,1,10,195,25,15,235,0,235,--,400,165,195,235,235,Algún campo sin dato,1,713f42c3a180c779fe6bbed6569b2037d1b0df50a8112dfa93c077a9d82f0c14,25/06/2023 23:28:24,ESCANER
22819,"Chiquimula",20,"Esquipulas",7,3576,400,32,2,0,28,0,1,3,1,11,2,2,23,1,0,4,0,4,0,69,35,2,6,226,22,10,258,0,258,--,400,142,226,258,258,Algún campo sin dato,1,7ec8c343cf71dec3c7a691516144c6a4328e835f91b8d391545803f37ac438f8,26/06/2023 00:19:46,ESCANER
22820,"Chiquimula",20,"Esquipulas",7,3576,400,,,,,,,,,,,,,,,,,,,,,,,,,,,,,,,,,,,,0,,,
22821,"Chiquimula",20,"Esquipulas",7,3576,400,,,,,,,,,,,,,,,,,,,,,,,,,,,,,,,,,,,,0,,,
22822,"Chiquimula",20,"Esquipulas",7,3577,400,,,,,,,,,,,,,,,,,,,,,,,,,,,,,,,,,,,,0,,,
22823,"Chiquimula",20,"Esquipulas",7,3577,400,,,,,,,,,,,,,,,,,,,,,,,,,,,,,,,,,,,,0,,,
22824,"Chiquimula",20,"Esquipulas",7,3577,400,,,,,,,,,,,,,,,,,,,,,,,,,,,,,,,,,,,,0,,,
22825,"Chiquimula",20,"Esquipulas",7,3577,400,,,,,,,,,,,,,,,,,,,,,,,,,,,,,,,,,,,,0,,,
22826,"Chiquimula",20,"Esquipulas",7,3578,400,23,0,0,28,0,0,0,0,7,0,3,19,0,1,2,0,0,1,72,19,1,36,212,17,5,234,0,234,--,400,166,212,234,234,Algún campo sin dato,1,8ea8eac0d52efa5c20abc7bb5c82a9a678f7bddf92cf4a1677a1cba65a898019,25/06/2023 22:37:49,ESCANER
22827,"Chiquimula",20,"Esquipulas",7,3578,400,,,,,,,,,,,,,,,,,,,,,,,,,,,,,,,,,,,,0,,,
22828,"Chiquimula",20,"Esquipulas",7,3578,400,,,,,,,,,,,,,,,,,,,,,,,,,,,,,,,,,,,,0,,,
22829,"Chiquimula",20,"Esquipulas",7,3578,319,14,1,1,15,1,3,0,0,6,0,5,21,0,1,1,0,0,0,50,24,0,22,165,19,7,191,0,191,--,319,128,165,191,191,Algún campo sin dato,1,f33f7c48933e24faabfeceb1f3180421caeff2a7fb5884494efbf5bedb313f7f,25/06/2023 23:32:00,ESCANER
22830,"Chiquimula",20,"Esquipulas",7,3578,318,17,2,0,16,0,0,0,0,5,0,1,19,0,0,1,1,2,1,32,10,0,9,116,15,7,138,0,138,--,318,180,116,138,138,Algún campo sin dato,1,4db3cf3161666b8e1014ca3529bbeb6bfc224d25931a5c5d2f4918c25517a7dc,26/06/2023 00:20:12,ESCANER
22831,"Chiquimula",20,"Esquipulas",7,3579,400,,,,,,,,,,,,,,,,,,,,,,,,,,,,,,,,,,,,0,,,
22832,"Chiquimula",20,"Esquipulas",7,3579,400,,,,,,,,,,,,,,,,,,,,,,,,,,,,,,,,,,,,0,,,
22833,"Chiquimula",20,"Esquipulas",7,3579,400,17,0,0,18,0,2,3,0,11,5,1,17,0,2,2,2,2,2,59,48,0,11,202,34,21,257,0,257,--,401,144,202,257,257,Algún campo sin dato,1,c31fc5deb92953eacb5526f8ab2878400a60bc2c0347750f4f3f4d77725c5f15,26/06/2023 00:20:48,ESCANER
22834,"Chiquimula",20,"Esquipulas",7,3580,400,,,,,,,,,,,,,,,,,,,,,,,,,,,,,,,,,,,,0,,,
22835,"Chiquimula",20,"Esquipulas",7,3580,400,,,,,,,,,,,,,,,,,,,,,,,,,,,,,,,,,,,,0,,,
22836,"Chiquimula",20,"Esquipulas",7,3580,315,13,1,0,13,0,1,0,1,7,2,0,28,1,1,4,0,0,1,55,31,1,13,173,20,6,199,0,199,--,312,113,173,199,199,Algún campo sin dato,1,c544dc87302927c740ee4a59273b3d1220f98143629aec70b1d18268d3fb3d68,25/06/2023 23:28:53,ESCANER
22837,"Chiquimula",20,"Esquipulas",7,3580,314,,,,,,,,,,,,,,,,,,,,,,,,,,,,,,,,,,,,0,,,
22838,"Chiquimula",20,"Esquipulas",7,3581,400,,,,,,,,,,,,,,,,,,,,,,,,,,,,,,,,,,,,0,,,
22839,"Chiquimula",20,"Esquipulas",7,3581,400,,,,,,,,,,,,,,,,,,,,,,,,,,,,,,,,,,,,0,,,
22840,"Chiquimula",20,"Esquipulas",7,3581,400,,,,,,,,,,,,,,,,,,,,,,,,,,,,,,,,,,,,0,,,
22841,"Chiquimula",20,"Esquipulas",7,3581,400,,,,,,,,,,,,,,,,,,,,,,,,,,,,,,,,,,,,0,,,
22842,"Chiquimula",20,"Esquipulas",7,3581,280,13,0,0,31,2,0,1,0,6,0,1,32,0,0,0,0,2,0,35,16,0,15,154,10,5,169,0,169,--,280,111,154,169,169,Algún campo sin dato,1,beba658a29e7173b7f0d40c2621736a170f9944f2d62951c162a7de1540990b0,25/06/2023 23:34:24,ESCANER
22843,"Chiquimula",20,"Esquipulas",7,3581,280,13,0,0,23,0,2,0,0,6,1,1,20,1,0,0,0,3,1,39,17,0,11,138,10,10,158,0,158,--,277,119,138,158,158,Algún campo sin dato,1,02731373f8ab6cf692e65a8588a1b5001286b243eae9ba12dfc4c9f9574c8723,25/06/2023 23:42:18,ESCANER
22844,"Chiquimula",20,"Esquipulas",7,3582,400,,,,,,,,,,,,,,,,,,,,,,,,,,,,,,,,,,,,0,,,
22845,"Chiquimula",20,"Esquipulas",7,3582,400,,,,,,,,,,,,,,,,,,,,,,,,,,,,,,,,,,,,0,,,
22846,"Chiquimula",20,"Esquipulas",7,3582,400,,,,,,,,,,,,,,,,,,,,,,,,,,,,,,,,,,,,0,,,
22847,"Chiquimula",20,"Esquipulas",7,3582,400,34,0,0,28,1,2,1,0,6,2,3,17,1,1,3,1,2,1,59,29,1,11,203,24,16,243,0,243,--,400,157,203,243,243,Algún campo sin dato,1,c17b4941f3e67d18cab5a21af9709a3251cdf386d1a1d11860296b6e0133cb3a,26/06/2023 00:22:12,ESCANER
22848,"Chiquimula",20,"Esquipulas",7,3582,400,,,,,,,,,,,,,,,,,,,,,,,,,,,,,,,,,,,,0,,,
22849,"Chiquimula",20,"Esquipulas",7,3582,400,30,3,0,38,2,0,0,0,13,1,5,21,3,0,1,0,2,0,56,32,0,10,217,35,16,268,0,268,--,400,132,217,268,268,Algún campo sin dato,1,59f4388a8e7d2e7c81acc8277e87eb2ff07e506985d5c5eaf45df87cdae86dcc,25/06/2023 23:12:45,ESCANER
22850,"Chiquimula",20,"Esquipulas",7,3582,314,,,,,,,,,,,,,,,,,,,,,,,,,,,,,,,,,,,,0,,,
22851,"Chiquimula",20,"Esquipulas",7,3582,313,14,1,0,21,0,1,0,0,6,1,0,10,0,1,2,0,1,0,39,8,1,25,131,15,1,147,0,147,--,313,166,131,147,147,Algún campo sin dato,1,9615169353c30e6b5613dfa822bacd34c4c0344967dfbe525e4f34f924608a34,25/06/2023 22:03:04,ESCANER
22852,"Chiquimula",20,"Esquipulas",7,3583,400,,,,,,,,,,,,,,,,,,,,,,,,,,,,,,,,,,,,0,,,
22853,"Chiquimula",20,"Esquipulas",7,3583,400,14,5,0,44,1,0,1,1,11,2,0,43,2,0,2,1,1,4,20,13,0,1,166,21,33,220,0,220,--,400,180,166,220,220,Algún campo sin dato,1,102c1c24a133bf9d9cd927b51a07018497a825a4017e9002cf937d58e8df76b8,25/06/2023 23:34:12,MOVIL
22854,"Chiquimula",20,"Esquipulas",7,3583,400,,,,,,,,,,,,,,,,,,,,,,,,,,,,,,,,,,,,0,,,
22855,"Chiquimula",20,"Esquipulas",7,3583,400,,,,,,,,,,,,,,,,,,,,,,,,,,,,,,,,,,,,0,,,
22856,"Chiquimula",20,"Esquipulas",7,3583,251,3,2,0,26,0,1,1,0,4,0,1,30,0,0,0,0,1,0,17,7,0,6,99,4,5,108,0,108,--,251,143,99,108,108,Algún campo sin dato,1,9627b2f01a8d5fd5a5b1a8507154139fc669083d272cb8e9e145b8964df89f47,26/06/2023 00:14:56,MOVIL
22857,"Chiquimula",20,"Esquipulas",7,3583,250,8,1,0,29,0,0,1,0,1,0,3,25,3,0,4,0,0,0,21,8,0,3,107,2,7,116,0,116,--,249,133,107,116,116,Algún campo sin dato,1,6dcf4f25e537af2f2d990343ce8db8fcc84ca0393fa1b7b66adb37b4b8049277,25/06/2023 22:57:26,MOVIL
22858,"Chiquimula",20,"Esquipulas",7,3584,400,,,,,,,,,,,,,,,,,,,,,,,,,,,,,,,,,,,,0,,,
22859,"Chiquimula",20,"Esquipulas",7,3584,400,15,3,0,30,1,2,3,0,12,1,2,50,1,4,2,0,3,3,44,15,1,5,197,39,31,267,0,267,--,400,133,197,267,267,Algún campo sin dato,1,a3a7e40ac023a3bdbac6e64cc09de93387c3fd62ba44cd20ac69b5407f47b623,25/06/2023 23:32:36,MOVIL
22860,"Chiquimula",20,"Esquipulas",7,3584,400,,,,,,,,,,,,,,,,,,,,,,,,,,,,,,,,,,,,0,,,
22861,"Chiquimula",20,"Esquipulas",7,3584,221,10,2,0,10,0,2,0,1,7,0,1,28,0,0,1,0,1,0,16,11,0,3,93,7,9,109,0,109,--,221,112,93,109,109,Algún campo sin dato,1,5c86d7a3e36cf2c6007b8a176c821efe9fe74c4992ec7defeed84cc7eed9166c,25/06/2023 22:33:03,MOVIL
22862,"Chiquimula",20,"Esquipulas",7,3584,220,6,0,0,12,0,0,2,0,1,1,1,32,0,0,0,0,1,0,16,12,0,6,90,4,10,104,0,104,--,220,116,90,104,104,Algún campo sin dato,1,3a42e5292fe17ffdf0f4a871dfc5db720cffd4b8678432b069454de52807672d,25/06/2023 22:36:21,MOVIL
22863,"Chiquimula",20,"Esquipulas",7,3585,380,,,,,,,,,,,,,,,,,,,,,,,,,,,,,,,,,,,,0,,,
22864,"Chiquimula",20,"Esquipulas",7,3585,380,,,,,,,,,,,,,,,,,,,,,,,,,,,,,,,,,,,,0,,,
22865,"Chiquimula",20,"Esquipulas",7,3585,380,,,,,,,,,,,,,,,,,,,,,,,,,,,,,,,,,,,,0,,,
22866,"Chiquimula",20,"Esquipulas",7,3585,380,,,,,,,,,,,,,,,,,,,,,,,,,,,,,,,,,,,,0,,,
22867,"Chiquimula",20,"Esquipulas",7,3585,380,,,,,,,,,,,,,,,,,,,,,,,,,,,,,,,,,,,,0,,,
22868,"Chiquimula",20,"Esquipulas",7,3585,380,,,,,,,,,,,,,,,,,,,,,,,,,,,,,,,,,,,,0,,,
22869,"Chiquimula",20,"Esquipulas",7,3585,380,,,,,,,,,,,,,,,,,,,,,,,,,,,,,,,,,,,,0,,,
22870,"Chiquimula",20,"Esquipulas",7,3585,380,,,,,,,,,,,,,,,,,,,,,,,,,,,,,,,,,,,,0,,,
22871,"Chiquimula",20,"Esquipulas",7,3585,380,,,,,,,,,,,,,,,,,,,,,,,,,,,,,,,,,,,,0,,,
22872,"Chiquimula",20,"Esquipulas",7,3585,380,25,0,0,12,0,1,0,0,3,1,0,22,0,0,1,0,3,0,39,13,0,3,123,12,37,172,0,172,--,380,208,123,172,172,Algún campo sin dato,1,0fa4313b99c3c73456b17cd8b3ccf96255c8b2d83f8e7a82108303663c7329a7,25/06/2023 23:07:06,MOVIL
22873,"Chiquimula",20,"Esquipulas",7,3586,380,,,,,,,,,,,,,,,,,,,,,,,,,,,,,,,,,,,,0,,,
22874,"Chiquimula",20,"Esquipulas",7,3586,380,25,2,0,15,0,1,0,1,3,0,3,36,0,0,0,0,0,2,51,7,0,9,155,17,24,196,0,196,--,380,184,155,196,196,Algún campo sin dato,1,eba2d83398bbb9248e90b096672bff833fc33ba07e4c47384aece7f919deb452,26/06/2023 00:21:34,MOVIL
22875,"Chiquimula",20,"Esquipulas",7,3586,306,,,,,,,,,,,,,,,,,,,,,,,,,,,,,,,,,,,,0,,,
22876,"Chiquimula",20,"Esquipulas",7,3586,305,,,,,,,,,,,,,,,,,,,,,,,,,,,,,,,,,,,,0,,,
22877,"Chiquimula",20,"Esquipulas",7,3587,380,,,,,,,,,,,,,,,,,,,,,,,,,,,,,,,,,,,,0,,,
22878,"Chiquimula",20,"Esquipulas",7,3587,380,,,,,,,,,,,,,,,,,,,,,,,,,,,,,,,,,,,,0,,,
22879,"Chiquimula",20,"Esquipulas",7,3587,380,,,,,,,,,,,,,,,,,,,,,,,,,,,,,,,,,,,,0,,,
22880,"Chiquimula",20,"Esquipulas",7,3588,380,,,,,,,,,,,,,,,,,,,,,,,,,,,,,,,,,,,,0,,,
22881,"Chiquimula",20,"Esquipulas",7,3588,380,,,,,,,,,,,,,,,,,,,,,,,,,,,,,,,,,,,,0,,,
22882,"Chiquimula",20,"Esquipulas",7,3588,299,,,,,,,,,,,,,,,,,,,,,,,,,,,,,,,,,,,,0,,,
22883,"Chiquimula",20,"Esquipulas",7,3588,298,,,,,,,,,,,,,,,,,,,,,,,,,,,,,,,,,,,,0,,,
22884,"Chiquimula",20,"Esquipulas",7,3589,380,15,3,0,50,2,0,2,0,15,2,1,25,2,0,2,1,0,3,25,14,0,2,164,36,22,222,0,222,--,380,158,164,222,222,Algún campo sin dato,1,5203e64e219daf920e70c41b008bd1837074fe661c6c1cab356f892208aaddca,25/06/2023 23:30:19,MOVIL
22885,"Chiquimula",20,"Esquipulas",7,3589,380,,,,,,,,,,,,,,,,,,,,,,,,,,,,,,,,,,,,0,,,
22886,"Chiquimula",20,"Esquipulas",7,3589,380,26,1,0,38,1,0,1,0,8,0,2,41,1,0,0,1,0,1,32,12,1,1,167,20,15,202,0,202,--,380,178,167,202,202,Algún campo sin dato,1,c3767c95894203a9fe33d10e80b5790e501ec0e9e09f86f9505016ec33af4905,26/06/2023 00:20:54,MOVIL
22887,"Chiquimula",20,"Esquipulas",7,3589,329,15,2,0,36,1,0,0,1,10,2,2,41,2,0,2,1,1,1,18,14,0,0,149,22,14,185,0,185,--,329,144,149,185,185,Algún campo sin dato,1,c19ccff70a93525250719aa5a9a77c16810f02f6909b8bbe2ae773144ba76957,25/06/2023 23:29:36,MOVIL
22888,"Chiquimula",20,"Esquipulas",7,3589,329,12,0,0,49,0,0,0,0,5,2,1,26,0,0,2,0,1,1,25,8,0,4,136,11,9,156,0,156,--,329,173,136,156,156,Algún campo sin dato,1,c83836d69d42d35438fb6b4c9f6d4c5d800cf9e49a8ade75bbe6cbc885136fc9,25/06/2023 22:23:27,MOVIL
22889,"Chiquimula",20,"Esquipulas",7,3590,600,,,,,,,,,,,,,,,,,,,,,,,,,,,,,,,,,,,,0,,,
22890,"Chiquimula",20,"Esquipulas",7,3590,600,,,,,,,,,,,,,,,,,,,,,,,,,,,,,,,,,,,,0,,,
22891,"Chiquimula",20,"Esquipulas",7,3590,369,8,1,1,13,0,1,0,0,3,1,0,11,1,0,2,0,1,0,6,3,0,3,55,10,10,75,0,75,--,381,306,55,75,75,Algún campo sin dato,1,9883394c71153a5ddc064f9d1234435dc052011be49225839d8330209177674b,25/06/2023 23:33:06,ESCANER
22892,"Chiquimula",20,"Esquipulas",7,3590,368,3,0,0,4,0,0,0,0,3,0,0,5,0,0,0,0,0,0,4,1,0,0,20,4,2,26,0,26,--,368,342,20,26,26,Algún campo sin dato,1,b389ef562fbf082866b9bda6bb8403d1ce663177d9a281560254472d63f9642a,25/06/2023 21:59:15,ESCANER
22893,"Chiquimula",20,"Concepción Las Minas",8,3591,400,56,5,0,7,0,1,1,0,3,0,3,18,0,1,1,1,2,0,59,4,0,5,167,35,17,219,0,219,--,400,181,167,219,219,Algún campo sin dato,1,c4619b982c5e724d56e2b64544a071391af51e9ec3302d5b1b3f9dd80fd96743,26/06/2023 00:01:32,ESCANER
22894,"Chiquimula",20,"Concepción Las Minas",8,3591,400,,,,,,,,,,,,,,,,,,,,,,,,,,,,,,,,,,,,0,,,
22895,"Chiquimula",20,"Concepción Las Minas",8,3591,400,,,,,,,,,,,,,,,,,,,,,,,,,,,,,,,,,,,,0,,,
22896,"Chiquimula",20,"Concepción Las Minas",8,3591,400,,,,,,,,,,,,,,,,,,,,,,,,,,,,,,,,,,,,0,,,
22897,"Chiquimula",20,"Concepción Las Minas",8,3591,400,,,,,,,,,,,,,,,,,,,,,,,,,,,,,,,,,,,,0,,,
22898,"Chiquimula",20,"Concepción Las Minas",8,3591,400,,,,,,,,,,,,,,,,,,,,,,,,,,,,,,,,,,,,0,,,
22899,"Chiquimula",20,"Concepción Las Minas",8,3592,400,73,3,0,3,1,0,2,0,9,0,1,32,0,0,1,0,2,1,55,1,2,3,189,35,30,254,0,254,--,400,146,189,254,254,Algún campo sin dato,1,dd52fe75e76a29297e0366f902953cf27209e9db430bc9dcf85088c8a7f76a06,26/06/2023 00:13:09,ESCANER
22900,"Chiquimula",20,"Concepción Las Minas",8,3592,400,,,,,,,,,,,,,,,,,,,,,,,,,,,,,,,,,,,,0,,,
22901,"Chiquimula",20,"Concepción Las Minas",8,3592,400,72,0,0,9,0,1,0,1,4,0,1,17,0,0,3,1,1,0,63,4,0,2,179,37,15,231,0,231,--,400,169,179,231,231,Algún campo sin dato,1,e099bf1ca9fccae93fbeb7f2b171f6dffff2077fe05dbb1c4da66a2846679f21,25/06/2023 23:11:17,ESCANER
22902,"Chiquimula",20,"Concepción Las Minas",8,3592,400,39,4,0,6,1,1,0,0,3,1,0,19,2,1,1,0,0,0,73,0,0,1,152,18,14,184,0,184,--,400,216,152,184,184,Algún campo sin dato,1,ba4979404af67c9f546cdf6583c903d8b6e95fbfab967611801717f7ecba92a1,26/06/2023 00:05:14,ESCANER
22903,"Chiquimula",20,"Concepción Las Minas",8,3593,400,50,7,0,9,0,0,0,0,9,0,0,19,0,0,2,1,1,0,68,1,1,5,173,26,9,208,0,208,--,400,192,173,208,208,Algún campo sin dato,1,7daf94d314bbe583653bc0a8848cdb854afdfabdbaf833f6db2311741f5f4d61,25/06/2023 22:20:48,ESCANER
22904,"Chiquimula",20,"Concepción Las Minas",8,3593,400,43,6,1,3,0,0,0,0,9,0,0,27,1,0,1,0,0,0,68,2,0,4,165,22,16,203,0,203,--,400,197,165,203,203,Algún campo sin dato,1,6f2561e0e5ca7d2a7df97e3e83fb4d822a7281f73c397b0c4752b2c215a56593,25/06/2023 21:56:02,ESCANER
22905,"Chiquimula",20,"Concepción Las Minas",8,3593,400,51,3,0,6,0,0,2,0,11,0,2,22,0,1,2,0,2,1,58,3,0,5,169,20,9,198,1,199,--,400,201,169,198,199,Algún campo sin dato,1,f5935360eea8c7cb96a21a7d2c411adeae109669409469ad50686c87340f09f2,25/06/2023 23:02:45,ESCANER
22906,"Chiquimula",20,"Concepción Las Minas",8,3593,400,37,2,0,7,1,1,0,0,5,2,3,30,0,1,1,0,2,0,90,2,0,8,192,15,14,221,0,221,--,400,179,192,221,221,Algún campo sin dato,1,035650ed4394c907cbd9758295a5de9b1f5907cd42c332e897ecf98aa729e016,25/06/2023 23:07:30,ESCANER
22907,"Chiquimula",20,"Concepción Las Minas",8,3593,400,59,4,0,3,0,1,0,0,5,0,1,29,0,0,1,0,0,0,101,1,1,13,219,20,2,241,0,241,--,400,159,219,241,241,Algún campo sin dato,1,83d34b9048fe15be539fbf25471370ab8adc41bab1932ada27e793c4e0dab213,25/06/2023 23:27:43,ESCANER
22908,"Chiquimula",20,"Concepción Las Minas",8,3593,400,44,2,1,6,2,0,0,0,9,0,1,32,0,0,1,0,2,0,107,2,0,9,218,19,11,248,0,248,--,400,152,218,248,248,Algún campo sin dato,1,00bae739e72e57f411f8850a13e74df0143551c988b07004959434c2144c6021,26/06/2023 00:10:59,ESCANER
22909,"Chiquimula",20,"Concepción Las Minas",8,3593,249,19,0,0,3,0,0,1,0,4,1,0,22,0,0,1,1,0,0,49,0,0,3,104,11,10,125,0,125,--,250,125,104,125,125,Algún campo sin dato,1,89d532e005e7295893b85e851c96452de63d335af38f9a7b4e6423ee5c5bfbaf,25/06/2023 22:14:05,ESCANER
22910,"Chiquimula",20,"Concepción Las Minas",8,3593,248,24,1,0,2,0,0,0,0,3,0,0,10,0,0,0,0,0,0,24,0,0,0,64,10,4,78,1,79,--,248,169,64,78,79,Algún campo sin dato,1,feaddd4ef0bf849ad7e77c867b0a886b129f6bf37b66a08807ada97df0dbdc8a,25/06/2023 21:13:31,ESCANER
22911,"Chiquimula",20,"Concepción Las Minas",8,3594,380,46,7,0,9,0,2,0,1,8,0,2,19,1,0,0,0,1,2,22,3,0,1,124,22,23,169,0,169,--,380,211,124,169,169,Algún campo sin dato,1,b30d8dac219de0882513669a2eb3da11ec93357bc633156a9fd6d8d9f5e11432,25/06/2023 23:22:39,ESCANER
22912,"Chiquimula",20,"Concepción Las Minas",8,3594,380,60,6,0,5,2,1,1,0,18,0,0,18,0,1,2,0,5,0,29,0,0,2,150,20,17,187,0,187,--,380,193,150,187,187,Algún campo sin dato,1,3f8cf4894565ca4c218f78cd6546cd67f95e512f8a8e576ef0d0cbd3bb3778c4,25/06/2023 22:29:12,ESCANER
22913,"Chiquimula",20,"Concepción Las Minas",8,3594,380,54,3,1,7,0,0,1,0,13,0,1,24,1,0,0,0,1,2,36,5,0,1,150,32,23,205,0,205,--,380,175,150,205,205,Algún campo sin dato,1,70fa08aa74880e39fcbfe4ad3602e2cb89eb9230977f92ddcbabf856233401e8,26/06/2023 00:03:59,ESCANER
22914,"Chiquimula",20,"Concepción Las Minas",8,3594,380,64,6,0,4,0,0,2,0,1,0,1,42,3,0,1,1,1,3,53,0,0,2,184,24,24,232,0,232,--,380,148,184,232,232,Algún campo sin dato,1,10d8c29155275239d83ee600cf754f507ebecffa451085d092adf1dfd8e07745,25/06/2023 22:53:24,ESCANER
22915,"Chiquimula",20,"Concepción Las Minas",8,3594,380,84,1,0,6,2,1,2,1,22,1,0,23,0,0,0,1,6,2,46,2,0,4,204,24,17,245,2,247,--,378,131,204,245,247,Algún campo sin dato,1,4860afeb8e03989673a799fafb5856f73e388f4906ce0dd827eb02498276caba,25/06/2023 23:40:33,ESCANER
22916,"Chiquimula",20,"Concepción Las Minas",8,3594,380,37,3,0,6,1,2,2,1,12,1,0,16,0,0,0,0,2,0,65,0,0,1,149,17,14,180,0,180,--,380,200,149,180,180,Algún campo sin dato,1,deab3a1f36df503d5d93c827b91bd320218a5576e43d92a9edbb9c04c65e381a,25/06/2023 23:52:42,ESCANER
22917,"Chiquimula",20,"Concepción Las Minas",8,3595,380,45,5,0,6,0,1,1,1,16,0,0,16,0,0,0,0,0,0,56,1,0,4,152,23,19,194,0,194,--,380,186,152,194,194,Algún campo sin dato,1,332d9981ac79530468d36a7caad93c1c8434128bd08e4b450cdc74e0200216df,25/06/2023 22:58:26,ESCANER
22918,"Chiquimula",20,"Concepción Las Minas",8,3595,380,32,4,0,8,1,2,0,0,10,2,0,32,1,0,0,0,2,0,81,1,0,5,181,16,11,208,0,208,--,379,171,181,208,208,Algún campo sin dato,1,d6ff8fad034a99470671168c535e7dc7142e16b9767c1458f954c8c39ee78a1e,25/06/2023 22:52:30,ESCANER
22919,"Chiquimula",20,"Concepción Las Minas",8,3595,203,24,1,0,0,0,0,0,0,4,0,0,15,1,2,0,0,0,1,41,1,0,8,98,8,2,108,0,108,--,204,96,98,108,108,Algún campo sin dato,1,8bba6f6f0309014535b5eccfe410703e5bd9cccfcc266d3bb940af2dea38e3d4,25/06/2023 22:40:53,ESCANER
22920,"Chiquimula",20,"Concepción Las Minas",8,3595,202,19,6,0,5,0,0,1,0,5,0,0,19,0,0,0,0,0,0,14,1,0,0,70,14,7,91,0,91,--,202,111,70,91,91,Algún campo sin dato,1,68cf6b4afaa8cd0d653e77615b654b1884450cf389d1fde503330b44e4553d86,25/06/2023 23:07:24,ESCANER
22921,"Chiquimula",20,"Concepción Las Minas",8,3596,433,11,0,0,3,1,0,0,0,2,0,0,4,0,0,1,0,0,0,14,2,0,0,38,4,4,46,0,46,--,433,387,38,46,46,Algún campo sin dato,1,2d735f167c805c5484775b8584dece1dd5d03bf774ffe2b6a5eac663800356a7,25/06/2023 21:31:13,ESCANER
22922,"Chiquimula",20,"Concepción Las Minas",8,3596,433,3,1,0,2,0,0,0,0,1,0,0,1,0,0,0,0,0,0,4,1,1,0,14,0,3,17,0,17,--,433,416,14,17,17,Algún campo sin dato,1,bb7ef2096cf4b9455420ceafef7be25e61f9d9bbcc0a532734a31e0468663a8e,25/06/2023 20:32:20,ESCANER
22923,"Chiquimula",20,"Quezaltepeque",9,3597,400,,,,,,,,,,,,,,,,,,,,,,,,,,,,,,,,,,,,0,,,
22924,"Chiquimula",20,"Quezaltepeque",9,3597,377,,,,,,,,,,,,,,,,,,,,,,,,,,,,,,,,,,,,0,,,
22925,"Chiquimula",20,"Quezaltepeque",9,3597,377,,,,,,,,,,,,,,,,,,,,,,,,,,,,,,,,,,,,0,,,
22926,"Chiquimula",20,"Quezaltepeque",9,3598,400,,,,,,,,,,,,,,,,,,,,,,,,,,,,,,,,,,,,0,,,
22927,"Chiquimula",20,"Quezaltepeque",9,3598,400,,,,,,,,,,,,,,,,,,,,,,,,,,,,,,,,,,,,0,,,
22928,"Chiquimula",20,"Quezaltepeque",9,3598,400,,,,,,,,,,,,,,,,,,,,,,,,,,,,,,,,,,,,0,,,
22929,"Chiquimula",20,"Quezaltepeque",9,3598,400,,,,,,,,,,,,,,,,,,,,,,,,,,,,,,,,,,,,0,,,
22930,"Chiquimula",20,"Quezaltepeque",9,3598,400,,,,,,,,,,,,,,,,,,,,,,,,,,,,,,,,,,,,0,,,
22931,"Chiquimula",20,"Quezaltepeque",9,3598,400,,,,,,,,,,,,,,,,,,,,,,,,,,,,,,,,,,,,0,,,
22932,"Chiquimula",20,"Quezaltepeque",9,3598,400,,,,,,,,,,,,,,,,,,,,,,,,,,,,,,,,,,,,0,,,
22933,"Chiquimula",20,"Quezaltepeque",9,3598,400,,,,,,,,,,,,,,,,,,,,,,,,,,,,,,,,,,,,0,,,
22934,"Chiquimula",20,"Quezaltepeque",9,3598,400,,,,,,,,,,,,,,,,,,,,,,,,,,,,,,,,,,,,0,,,
22935,"Chiquimula",20,"Quezaltepeque",9,3598,400,,,,,,,,,,,,,,,,,,,,,,,,,,,,,,,,,,,,0,,,
22936,"Chiquimula",20,"Quezaltepeque",9,3598,400,,,,,,,,,,,,,,,,,,,,,,,,,,,,,,,,,,,,0,,,
22937,"Chiquimula",20,"Quezaltepeque",9,3598,400,,,,,,,,,,,,,,,,,,,,,,,,,,,,,,,,,,,,0,,,
22938,"Chiquimula",20,"Quezaltepeque",9,3598,326,,,,,,,,,,,,,,,,,,,,,,,,,,,,,,,,,,,,0,,,
22939,"Chiquimula",20,"Quezaltepeque",9,3598,326,,,,,,,,,,,,,,,,,,,,,,,,,,,,,,,,,,,,0,,,
22940,"Chiquimula",20,"Quezaltepeque",9,3599,400,,,,,,,,,,,,,,,,,,,,,,,,,,,,,,,,,,,,0,,,
22941,"Chiquimula",20,"Quezaltepeque",9,3599,400,,,,,,,,,,,,,,,,,,,,,,,,,,,,,,,,,,,,0,,,
22942,"Chiquimula",20,"Quezaltepeque",9,3599,400,6,3,2,6,5,1,2,0,92,2,9,42,1,2,3,2,5,2,40,5,2,3,235,27,47,309,0,309,--,400,91,235,309,309,Algún campo sin dato,1,833d5e29a57436dd621db1a88d21d04521ff9b4739fca6ed60c46f1d9708ccf5,26/06/2023 00:17:32,ESCANER
22943,"Chiquimula",20,"Quezaltepeque",9,3599,400,,,,,,,,,,,,,,,,,,,,,,,,,,,,,,,,,,,,0,,,
22944,"Chiquimula",20,"Quezaltepeque",9,3599,400,,,,,,,,,,,,,,,,,,,,,,,,,,,,,,,,,,,,0,,,
22945,"Chiquimula",20,"Quezaltepeque",9,3600,400,,,,,,,,,,,,,,,,,,,,,,,,,,,,,,,,,,,,0,,,
22946,"Chiquimula",20,"Quezaltepeque",9,3600,237,,,,,,,,,,,,,,,,,,,,,,,,,,,,,,,,,,,,0,,,
22947,"Chiquimula",20,"Quezaltepeque",9,3600,237,4,1,0,3,0,0,1,0,20,0,2,49,0,1,0,0,1,4,42,1,0,8,137,17,12,166,0,166,--,237,71,137,166,166,Algún campo sin dato,1,043b5f6c1fb5dd3c471cd4ccaa94e0dcc2097c4aa1b5138052a847d063e8d081,25/06/2023 22:38:56,ESCANER
22948,"Chiquimula",20,"Quezaltepeque",9,3601,380,,,,,,,,,,,,,,,,,,,,,,,,,,,,,,,,,,,,0,,,
22949,"Chiquimula",20,"Quezaltepeque",9,3601,380,,,,,,,,,,,,,,,,,,,,,,,,,,,,,,,,,,,,0,,,
22950,"Chiquimula",20,"Quezaltepeque",9,3601,380,,,,,,,,,,,,,,,,,,,,,,,,,,,,,,,,,,,,0,,,
22951,"Chiquimula",20,"Quezaltepeque",9,3601,291,,,,,,,,,,,,,,,,,,,,,,,,,,,,,,,,,,,,0,,,
22952,"Chiquimula",20,"Quezaltepeque",9,3601,291,,,,,,,,,,,,,,,,,,,,,,,,,,,,,,,,,,,,0,,,
22953,"Chiquimula",20,"Quezaltepeque",9,3602,380,,,,,,,,,,,,,,,,,,,,,,,,,,,,,,,,,,,,0,,,
22954,"Chiquimula",20,"Quezaltepeque",9,3602,380,,,,,,,,,,,,,,,,,,,,,,,,,,,,,,,,,,,,0,,,
22955,"Chiquimula",20,"Quezaltepeque",9,3602,376,,,,,,,,,,,,,,,,,,,,,,,,,,,,,,,,,,,,0,,,
22956,"Chiquimula",20,"Quezaltepeque",9,3602,375,,,,,,,,,,,,,,,,,,,,,,,,,,,,,,,,,,,,0,,,
22957,"Chiquimula",20,"Quezaltepeque",9,3603,380,,,,,,,,,,,,,,,,,,,,,,,,,,,,,,,,,,,,0,,,
22958,"Chiquimula",20,"Quezaltepeque",9,3603,380,,,,,,,,,,,,,,,,,,,,,,,,,,,,,,,,,,,,0,,,
22959,"Chiquimula",20,"Quezaltepeque",9,3603,308,,,,,,,,,,,,,,,,,,,,,,,,,,,,,,,,,,,,0,,,
22960,"Chiquimula",20,"Quezaltepeque",9,3603,308,,,,,,,,,,,,,,,,,,,,,,,,,,,,,,,,,,,,0,,,
22961,"Chiquimula",20,"Quezaltepeque",9,3604,380,,,,,,,,,,,,,,,,,,,,,,,,,,,,,,,,,,,,0,,,
22962,"Chiquimula",20,"Quezaltepeque",9,3604,380,,,,,,,,,,,,,,,,,,,,,,,,,,,,,,,,,,,,0,,,
22963,"Chiquimula",20,"Quezaltepeque",9,3604,380,,,,,,,,,,,,,,,,,,,,,,,,,,,,,,,,,,,,0,,,
22964,"Chiquimula",20,"Quezaltepeque",9,3604,380,,,,,,,,,,,,,,,,,,,,,,,,,,,,,,,,,,,,0,,,
22965,"Chiquimula",20,"Quezaltepeque",9,3604,380,,,,,,,,,,,,,,,,,,,,,,,,,,,,,,,,,,,,0,,,
22966,"Chiquimula",20,"Quezaltepeque",9,3604,194,,,,,,,,,,,,,,,,,,,,,,,,,,,,,,,,,,,,0,,,
22967,"Chiquimula",20,"Quezaltepeque",9,3604,193,,,,,,,,,,,,,,,,,,,,,,,,,,,,,,,,,,,,0,,,
22968,"Chiquimula",20,"Quezaltepeque",9,3605,380,,,,,,,,,,,,,,,,,,,,,,,,,,,,,,,,,,,,0,,,
22969,"Chiquimula",20,"Quezaltepeque",9,3605,353,,,,,,,,,,,,,,,,,,,,,,,,,,,,,,,,,,,,0,,,
22970,"Chiquimula",20,"Quezaltepeque",9,3605,352,,,,,,,,,,,,,,,,,,,,,,,,,,,,,,,,,,,,0,,,
22971,"Chiquimula",20,"Quezaltepeque",9,3606,380,,,,,,,,,,,,,,,,,,,,,,,,,,,,,,,,,,,,0,,,
22972,"Chiquimula",20,"Quezaltepeque",9,3606,380,,,,,,,,,,,,,,,,,,,,,,,,,,,,,,,,,,,,0,,,
22973,"Chiquimula",20,"Quezaltepeque",9,3606,380,,,,,,,,,,,,,,,,,,,,,,,,,,,,,,,,,,,,0,,,
22974,"Chiquimula",20,"Quezaltepeque",9,3606,220,,,,,,,,,,,,,,,,,,,,,,,,,,,,,,,,,,,,0,,,
22975,"Chiquimula",20,"Quezaltepeque",9,3606,220,,,,,,,,,,,,,,,,,,,,,,,,,,,,,,,,,,,,0,,,
22976,"Chiquimula",20,"Quezaltepeque",9,3607,380,,,,,,,,,,,,,,,,,,,,,,,,,,,,,,,,,,,,0,,,
22977,"Chiquimula",20,"Quezaltepeque",9,3607,380,,,,,,,,,,,,,,,,,,,,,,,,,,,,,,,,,,,,0,,,
22978,"Chiquimula",20,"Quezaltepeque",9,3607,380,,,,,,,,,,,,,,,,,,,,,,,,,,,,,,,,,,,,0,,,
22979,"Chiquimula",20,"Quezaltepeque",9,3607,380,,,,,,,,,,,,,,,,,,,,,,,,,,,,,,,,,,,,0,,,
22980,"Chiquimula",20,"Quezaltepeque",9,3607,289,,,,,,,,,,,,,,,,,,,,,,,,,,,,,,,,,,,,0,,,
22981,"Chiquimula",20,"Quezaltepeque",9,3607,288,,,,,,,,,,,,,,,,,,,,,,,,,,,,,,,,,,,,0,,,
22982,"Chiquimula",20,"Quezaltepeque",9,3608,363,,,,,,,,,,,,,,,,,,,,,,,,,,,,,,,,,,,,0,,,
22983,"Chiquimula",20,"Quezaltepeque",9,3608,362,0,2,0,0,0,0,0,0,0,0,0,6,0,0,0,0,0,0,6,1,0,0,15,0,0,15,0,15,--,362,347,15,15,15,Algún campo sin dato,1,1271056e6d55f09790a39ce27480f0e404103e66ca891c5dfdcbe79a3975a3bc,25/06/2023 22:49:06,ESCANER
22984,"Chiquimula",20,"San Jacinto",10,3609,400,7,2,0,3,0,1,1,1,66,1,4,79,1,4,3,1,1,2,33,3,0,0,213,22,37,272,0,272,--,400,128,213,272,272,Algún campo sin dato,1,277f7b9509cf664498e894e25e4c0a89b23fd9c36810a8180780a7aac4b6ba07,26/06/2023 00:05:01,ESCANER
22985,"Chiquimula",20,"San Jacinto",10,3609,400,,,,,,,,,,,,,,,,,,,,,,,,,,,,,,,,,,,,0,,,
22986,"Chiquimula",20,"San Jacinto",10,3609,400,,,,,,,,,,,,,,,,,,,,,,,,,,,,,,,,,,,,0,,,
22987,"Chiquimula",20,"San Jacinto",10,3609,400,5,1,0,3,0,1,2,0,85,2,7,81,1,4,3,1,8,1,30,3,0,1,239,25,50,314,0,314,--,400,86,239,314,314,Algún campo sin dato,1,6f3f7cf7456e4c6bbcce1c77bc876dc34e88d353923d2238514ce97d843a60ad,25/06/2023 22:57:52,ESCANER
22988,"Chiquimula",20,"San Jacinto",10,3609,400,,,,,,,,,,,,,,,,,,,,,,,,,,,,,,,,,,,,0,,,
22989,"Chiquimula",20,"San Jacinto",10,3609,400,,,,,,,,,,,,,,,,,,,,,,,,,,,,,,,,,,,,0,,,
22990,"Chiquimula",20,"San Jacinto",10,3609,400,,,,,,,,,,,,,,,,,,,,,,,,,,,,,,,,,,,,0,,,
22991,"Chiquimula",20,"San Jacinto",10,3609,400,,,,,,,,,,,,,,,,,,,,,,,,,,,,,,,,,,,,0,,,
22992,"Chiquimula",20,"San Jacinto",10,3610,400,,,,,,,,,,,,,,,,,,,,,,,,,,,,,,,,,,,,0,,,
22993,"Chiquimula",20,"San Jacinto",10,3610,400,,,,,,,,,,,,,,,,,,,,,,,,,,,,,,,,,,,,0,,,
22994,"Chiquimula",20,"San Jacinto",10,3610,400,,,,,,,,,,,,,,,,,,,,,,,,,,,,,,,,,,,,0,,,
22995,"Chiquimula",20,"San Jacinto",10,3610,400,,,,,,,,,,,,,,,,,,,,,,,,,,,,,,,,,,,,0,,,
22996,"Chiquimula",20,"San Jacinto",10,3611,400,,,,,,,,,,,,,,,,,,,,,,,,,,,,,,,,,,,,0,,,
22997,"Chiquimula",20,"San Jacinto",10,3611,400,,,,,,,,,,,,,,,,,,,,,,,,,,,,,,,,,,,,0,,,
22998,"Chiquimula",20,"San Jacinto",10,3611,400,,,,,,,,,,,,,,,,,,,,,,,,,,,,,,,,,,,,0,,,
22999,"Chiquimula",20,"San Jacinto",10,3611,400,,,,,,,,,,,,,,,,,,,,,,,,,,,,,,,,,,,,0,,,
23000,"Chiquimula",20,"San Jacinto",10,3612,400,,,,,,,,,,,,,,,,,,,,,,,,,,,,,,,,,,,,0,,,
23001,"Chiquimula",20,"San Jacinto",10,3612,400,2,2,0,6,0,0,0,0,41,2,5,67,1,2,0,0,5,1,68,3,1,2,208,13,24,245,0,245,--,400,155,208,245,245,Algún campo sin dato,1,274d43fb519c3f27f662672114dfe4f0105ae07073d4b80fc85800aa6ba85758,25/06/2023 23:59:41,ESCANER
23002,"Chiquimula",20,"San Jacinto",10,3612,400,,,,,,,,,,,,,,,,,,,,,,,,,,,,,,,,,,,,0,,,
23003,"Chiquimula",20,"San Jacinto",10,3612,400,,,,,,,,,,,,,,,,,,,,,,,,,,,,,,,,,,,,0,,,
23004,"Chiquimula",20,"San Jacinto",10,3613,400,1,0,0,5,0,0,0,0,57,1,4,67,0,7,1,0,1,0,63,3,0,5,215,19,23,257,1,258,--,400,142,215,257,258,Algún campo sin dato,1,dc69ab34e414256844a22c3f925d3966e93d7834deea85c4ecb5d7c27d2bb7ff,26/06/2023 00:17:48,ESCANER
23005,"Chiquimula",20,"San Jacinto",10,3613,381,,,,,,,,,,,,,,,,,,,,,,,,,,,,,,,,,,,,0,,,
23006,"Chiquimula",20,"San Jacinto",10,3613,381,,,,,,,,,,,,,,,,,,,,,,,,,,,,,,,,,,,,0,,,
23007,"Chiquimula",20,"San Jacinto",10,3614,186,1,0,0,1,0,0,0,0,6,1,0,6,0,0,0,0,0,0,5,2,0,1,23,5,0,28,0,28,--,186,158,23,28,28,Algún campo sin dato,1,c65967480d89a6919b79e749b131d08b840163c9715efa3b9d953655ce16cf92,25/06/2023 21:54:03,ESCANER
23008,"Chiquimula",20,"Ipala",11,3615,400,,,,,,,,,,,,,,,,,,,,,,,,,,,,,,,,,,,,0,,,
23009,"Chiquimula",20,"Ipala",11,3615,400,,,,,,,,,,,,,,,,,,,,,,,,,,,,,,,,,,,,0,,,
23010,"Chiquimula",20,"Ipala",11,3615,400,,,,,,,,,,,,,,,,,,,,,,,,,,,,,,,,,,,,0,,,
23011,"Chiquimula",20,"Ipala",11,3615,400,,,,,,,,,,,,,,,,,,,,,,,,,,,,,,,,,,,,0,,,
23012,"Chiquimula",20,"Ipala",11,3615,216,,,,,,,,,,,,,,,,,,,,,,,,,,,,,,,,,,,,0,,,
23013,"Chiquimula",20,"Ipala",11,3615,215,,,,,,,,,,,,,,,,,,,,,,,,,,,,,,,,,,,,0,,,
23014,"Chiquimula",20,"Ipala",11,3616,400,,,,,,,,,,,,,,,,,,,,,,,,,,,,,,,,,,,,0,,,
23015,"Chiquimula",20,"Ipala",11,3616,400,,,,,,,,,,,,,,,,,,,,,,,,,,,,,,,,,,,,0,,,
23016,"Chiquimula",20,"Ipala",11,3616,205,,,,,,,,,,,,,,,,,,,,,,,,,,,,,,,,,,,,0,,,
23017,"Chiquimula",20,"Ipala",11,3616,204,,,,,,,,,,,,,,,,,,,,,,,,,,,,,,,,,,,,0,,,
23018,"Chiquimula",20,"Ipala",11,3617,400,,,,,,,,,,,,,,,,,,,,,,,,,,,,,,,,,,,,0,,,
23019,"Chiquimula",20,"Ipala",11,3617,400,,,,,,,,,,,,,,,,,,,,,,,,,,,,,,,,,,,,0,,,
23020,"Chiquimula",20,"Ipala",11,3617,400,,,,,,,,,,,,,,,,,,,,,,,,,,,,,,,,,,,,0,,,
23021,"Chiquimula",20,"Ipala",11,3617,217,,,,,,,,,,,,,,,,,,,,,,,,,,,,,,,,,,,,0,,,
23022,"Chiquimula",20,"Ipala",11,3617,217,,,,,,,,,,,,,,,,,,,,,,,,,,,,,,,,,,,,0,,,
23023,"Chiquimula",20,"Ipala",11,3618,400,,,,,,,,,,,,,,,,,,,,,,,,,,,,,,,,,,,,0,,,
23024,"Chiquimula",20,"Ipala",11,3618,325,,,,,,,,,,,,,,,,,,,,,,,,,,,,,,,,,,,,0,,,
23025,"Chiquimula",20,"Ipala",11,3618,325,,,,,,,,,,,,,,,,,,,,,,,,,,,,,,,,,,,,0,,,
23026,"Chiquimula",20,"Ipala",11,3619,400,,,,,,,,,,,,,,,,,,,,,,,,,,,,,,,,,,,,0,,,
23027,"Chiquimula",20,"Ipala",11,3619,400,,,,,,,,,,,,,,,,,,,,,,,,,,,,,,,,,,,,0,,,
23028,"Chiquimula",20,"Ipala",11,3619,400,,,,,,,,,,,,,,,,,,,,,,,,,,,,,,,,,,,,0,,,
23029,"Chiquimula",20,"Ipala",11,3619,318,,,,,,,,,,,,,,,,,,,,,,,,,,,,,,,,,,,,0,,,
23030,"Chiquimula",20,"Ipala",11,3619,318,,,,,,,,,,,,,,,,,,,,,,,,,,,,,,,,,,,,0,,,
23031,"Chiquimula",20,"Ipala",11,3620,400,,,,,,,,,,,,,,,,,,,,,,,,,,,,,,,,,,,,0,,,
23032,"Chiquimula",20,"Ipala",11,3620,400,,,,,,,,,,,,,,,,,,,,,,,,,,,,,,,,,,,,0,,,
23033,"Chiquimula",20,"Ipala",11,3620,400,,,,,,,,,,,,,,,,,,,,,,,,,,,,,,,,,,,,0,,,
23034,"Chiquimula",20,"Ipala",11,3620,276,,,,,,,,,,,,,,,,,,,,,,,,,,,,,,,,,,,,0,,,
23035,"Chiquimula",20,"Ipala",11,3620,275,,,,,,,,,,,,,,,,,,,,,,,,,,,,,,,,,,,,0,,,
23036,"Chiquimula",20,"Ipala",11,3621,286,,,,,,,,,,,,,,,,,,,,,,,,,,,,,,,,,,,,0,,,
23037,"Chiquimula",20,"Ipala",11,3622,400,,,,,,,,,,,,,,,,,,,,,,,,,,,,,,,,,,,,0,,,
23038,"Chiquimula",20,"Ipala",11,3622,400,,,,,,,,,,,,,,,,,,,,,,,,,,,,,,,,,,,,0,,,
23039,"Chiquimula",20,"Ipala",11,3622,400,,,,,,,,,,,,,,,,,,,,,,,,,,,,,,,,,,,,0,,,
23040,"Chiquimula",20,"Ipala",11,3622,319,,,,,,,,,,,,,,,,,,,,,,,,,,,,,,,,,,,,0,,,
23041,"Chiquimula",20,"Ipala",11,3622,319,,,,,,,,,,,,,,,,,,,,,,,,,,,,,,,,,,,,0,,,
23042,"Chiquimula",20,"Ipala",11,3623,400,,,,,,,,,,,,,,,,,,,,,,,,,,,,,,,,,,,,0,,,
23043,"Chiquimula",20,"Ipala",11,3623,400,,,,,,,,,,,,,,,,,,,,,,,,,,,,,,,,,,,,0,,,
23044,"Chiquimula",20,"Ipala",11,3623,400,,,,,,,,,,,,,,,,,,,,,,,,,,,,,,,,,,,,0,,,
23045,"Chiquimula",20,"Ipala",11,3623,256,,,,,,,,,,,,,,,,,,,,,,,,,,,,,,,,,,,,0,,,
23046,"Chiquimula",20,"Ipala",11,3623,255,,,,,,,,,,,,,,,,,,,,,,,,,,,,,,,,,,,,0,,,
23047,"Chiquimula",20,"Ipala",11,3624,380,3,0,0,3,1,0,0,0,7,2,0,13,0,2,1,0,0,0,131,1,0,1,165,36,13,214,0,214,--,380,166,165,214,214,Algún campo sin dato,1,5268580694f748d933893e659a58b77ccd25ed2bbaba1d2ab48a8dcaf5f6dd70,25/06/2023 23:52:36,ESCANER
23048,"Chiquimula",20,"Ipala",11,3624,380,2,6,0,3,2,1,0,0,13,0,0,20,0,1,1,1,1,1,120,2,0,1,175,17,10,202,0,202,--,380,178,175,202,202,Algún campo sin dato,1,21674ec63db07e84f25c24f571394a6311678904abdc80b4cbd636596959261e,25/06/2023 23:14:30,ESCANER
23049,"Chiquimula",20,"Ipala",11,3624,380,5,5,0,2,1,0,0,0,10,1,1,12,0,1,2,0,1,1,167,2,1,5,217,28,14,259,0,259,--,380,121,217,259,259,Algún campo sin dato,1,99d89c9786a999e398c5809246ec8aba8b9461cefcdae5ceaeaefb03365e02b3,26/06/2023 00:22:10,ESCANER
23050,"Chiquimula",20,"Ipala",11,3624,380,3,3,0,2,0,1,0,0,5,0,0,8,0,0,0,0,0,1,133,2,0,0,158,14,3,175,2,177,--,380,203,158,175,177,Algún campo sin dato,1,69943d5433a65f10637c38e686e963aef1415177a8e16030a8b4a639fa800be5,26/06/2023 00:06:51,ESCANER
23051,"Chiquimula",20,"Ipala",11,3624,258,1,1,0,0,0,0,0,0,4,0,1,5,1,0,0,0,0,0,88,4,0,3,108,10,7,125,0,125,--,258,133,108,125,125,Algún campo sin dato,1,22ad06f5ab5c5f992e3a5b304ec225e6ecb02076c8144467aca4b98df94f4b5f,25/06/2023 23:11:31,ESCANER
23052,"Chiquimula",20,"Ipala",11,3624,258,1,4,0,0,0,0,0,0,7,0,0,13,0,0,0,0,0,0,92,0,0,2,119,5,3,127,2,129,--,258,129,119,127,129,Algún campo sin dato,1,8706bbb08feb946b181af0c635e4baeb942f6413d3c1a30e27e96a1d71259e6c,25/06/2023 23:46:38,ESCANER
23053,"Chiquimula",20,"Ipala",11,3625,600,,,,,,,,,,,,,,,,,,,,,,,,,,,,,,,,,,,,0,,,
23054,"Chiquimula",20,"Ipala",11,3625,393,,,,,,,,,,,,,,,,,,,,,,,,,,,,,,,,,,,,0,,,
23055,"Chiquimula",20,"Ipala",11,3625,392,,,,,,,,,,,,,,,,,,,,,,,,,,,,,,,,,,,,0,,,