﻿TIPO_DE_ELECCIÓN:,DIPUTADOS DISTRITALES
26 junio 2023 00:28 (UTC -6)
ACTAS_ESPERADAS,ACTAS_CAPTURADAS,PORCENTAJE_ACTAS_CAPTURADAS,ACTAS_CONTABILIZADAS,PORCENTAJE_ACTAS_CONTABILIZADAS,ACTAS_NO_CONTABILIZADAS,LISTA_NOMINAL_ACTAS_CONTABILIZADAS,VOTOS_EMITIDOS_CONTABILIZADAS,PORCENTAJE_PARTICIPACIÓN_CIUDADANA
479,246,51.3569,246,51.3569,0,89238,50492,56.5812

MESA,DEPARTAMENTO,ID_DEPARTAMENTO,MUNICIPIO,ID_MUNICIPIO,CENTRO_DE_VOTACIÓN,PADRÓN,UNE,AZUL,CABAL,MLP,PHG,VICTORIA,VALOR UNIONISTA,VAMOS,URNG-MAIZ WINAQ,P A N,TODOS,BIEN,PIN,PPN,ELEFANTE,UR,VIVA,PODEMOS,FCN-NACION,CAMBIO,VOS,MI FAMILIA,CREO,VÁLIDOS,NULOS,BLANCO,EMITIDOS,INVÁLIDOS,TOTAL,IMPUGNACIONES,PAPELETAS-RECIBIDAS,PAPELETAS-NO-USADAS,VALIDOS_CALCULADO,EMITIDOS_CALCULADO,TOTAL_CALCULADO,OBSERVACIONES,CONTABILIZADA,CÓDIGO_INTEGRIDAD,FECHA_HORA_PUBLICACIÓN,DIGITALIZACIÓN
18134,"Baja Verapaz",15,"Salamá",1,2772,400,25,14,51,4,3,2,25,26,11,1,11,2,1,5,2,1,6,2,0,4,11,7,5,219,31,4,254,0,254,--,400,146,219,254,254,Algún campo sin dato,1,84fa3c74037627401dc5a4b00252476531dde2a5eec7cda18eec5bb2231c754b,25/06/2023 23:15:21,ESCANER
18135,"Baja Verapaz",15,"Salamá",1,2772,400,,,,,,,,,,,,,,,,,,,,,,,,,,,,,,,,,,,,,0,,,
18136,"Baja Verapaz",15,"Salamá",1,2772,400,,,,,,,,,,,,,,,,,,,,,,,,,,,,,,,,,,,,,0,,,
18137,"Baja Verapaz",15,"Salamá",1,2772,400,,,,,,,,,,,,,,,,,,,,,,,,,,,,,,,,,,,,,0,,,
18138,"Baja Verapaz",15,"Salamá",1,2772,400,17,20,52,3,2,1,17,27,5,0,11,4,1,1,3,1,7,1,0,1,16,6,4,200,42,7,249,0,249,--,400,151,200,249,249,Algún campo sin dato,1,8b062be658ae7d3bf2311c2b0d5d7438be1cc130b49c95c622cf0bed2e6c6af3,25/06/2023 22:21:03,ESCANER
18139,"Baja Verapaz",15,"Salamá",1,2772,400,19,18,38,8,4,1,18,37,7,1,8,2,1,5,5,1,4,4,0,1,7,7,4,200,40,4,244,0,244,--,400,156,200,244,244,Algún campo sin dato,1,540ed7340446f011a9f01a9078f0a89c3fec1a308febf71d6e74a7bb81413437,25/06/2023 23:40:14,ESCANER
18140,"Baja Verapaz",15,"Salamá",1,2772,400,19,23,59,4,1,3,19,29,9,0,7,3,1,6,0,3,7,0,0,2,7,6,2,210,40,11,261,0,261,--,400,139,210,261,261,Algún campo sin dato,1,e4830e83956064649344ca520e3f55786975df343af02e6e8f6f9ab963e2a82c,25/06/2023 23:04:54,ESCANER
18141,"Baja Verapaz",15,"Salamá",1,2772,400,25,26,56,6,3,2,24,35,6,1,12,1,0,6,3,1,5,4,1,1,7,5,3,233,41,9,283,0,283,--,400,117,233,283,283,Algún campo sin dato,1,743d1f37abfcccfa5e63a4bdf3911f20b84a4255825611736d3468c0fd4135aa,25/06/2023 23:09:20,ESCANER
18142,"Baja Verapaz",15,"Salamá",1,2772,400,26,18,64,4,0,2,19,24,6,0,4,3,2,5,2,1,5,5,0,4,7,7,1,209,50,7,266,0,266,--,400,134,209,266,266,Algún campo sin dato,1,9240e3efeb7710d14c26bb0babe87359d82ce386ee5c3d33a38e00ca88a61abe,25/06/2023 22:12:03,ESCANER
18143,"Baja Verapaz",15,"Salamá",1,2772,400,19,29,50,3,2,2,18,31,7,0,12,1,1,2,4,1,4,1,0,1,8,6,1,203,51,7,261,0,261,--,400,139,203,261,261,Algún campo sin dato,1,d5bc566085bfcbef95828136b3d9819a04e585cf19f34c02e9d8c9eff6c535b9,25/06/2023 23:30:37,ESCANER
18144,"Baja Verapaz",15,"Salamá",1,2773,400,21,22,49,5,0,0,20,40,2,0,12,1,1,3,1,0,9,3,3,2,10,8,2,214,44,6,264,0,264,--,400,136,214,264,264,Algún campo sin dato,1,a36a3108b34f03b19fee2218d850a8127212506f303570e0fbc875f8181b458c,25/06/2023 23:48:27,ESCANER
18145,"Baja Verapaz",15,"Salamá",1,2773,400,,,,,,,,,,,,,,,,,,,,,,,,,,,,,,,,,,,,,0,,,
18146,"Baja Verapaz",15,"Salamá",1,2773,400,20,29,68,2,0,1,15,29,7,1,8,0,1,3,1,3,5,5,0,5,12,3,2,220,47,8,275,0,275,--,400,125,220,275,275,Algún campo sin dato,1,1b9e5036d992f72c4e8ee43dbfc221fdf61eb0cdc5652b9730d460f8c5a5ebf2,25/06/2023 23:55:59,ESCANER
18147,"Baja Verapaz",15,"Salamá",1,2773,400,12,35,57,4,0,1,14,38,6,1,8,3,2,7,2,5,5,5,0,1,3,8,2,219,38,8,265,--,265,--,400,135,219,265,265,Algún campo sin dato,1,fcea9039493031255b7c535605a91a4e7c0b762c0bbf4155b2dce1d524c5732d,26/06/2023 00:24:16,ESCANER
18148,"Baja Verapaz",15,"Salamá",1,2773,400,,,,,,,,,,,,,,,,,,,,,,,,,,,,,,,,,,,,,0,,,
18149,"Baja Verapaz",15,"Salamá",1,2773,400,,,,,,,,,,,,,,,,,,,,,,,,,,,,,,,,,,,,,0,,,
18150,"Baja Verapaz",15,"Salamá",1,2774,400,13,21,50,4,1,3,14,16,6,1,12,2,0,2,0,0,8,1,0,2,13,7,1,177,22,6,205,0,205,--,400,195,177,205,205,Algún campo sin dato,1,fda9869625c32ea613ddf1209e0f914c84215dd306ee732020cb269c2847f571,25/06/2023 22:21:09,ESCANER
18151,"Baja Verapaz",15,"Salamá",1,2774,400,9,11,52,4,0,0,22,34,5,0,13,3,3,4,1,1,4,1,1,1,11,3,3,186,34,4,224,0,224,--,400,176,186,224,224,Algún campo sin dato,1,b94035c46ee0a9312f67c1d154bd129c3ae0fc2858ff40dff0a142ec6c420b26,26/06/2023 00:28:02,ESCANER
18152,"Baja Verapaz",15,"Salamá",1,2774,400,11,22,49,3,1,1,17,20,9,2,2,4,2,3,3,2,7,6,0,2,11,7,3,187,22,5,214,0,214,--,400,186,187,214,214,Algún campo sin dato,1,67b63ec9ca0fb5b16ad5835f25fc517a093e0191a20df1255b977a85f0a33527,25/06/2023 21:18:23,ESCANER
18153,"Baja Verapaz",15,"Salamá",1,2774,400,,,,,,,,,,,,,,,,,,,,,,,,,,,,,,,,,,,,,0,,,
18154,"Baja Verapaz",15,"Salamá",1,2774,400,16,14,48,5,2,0,15,27,6,2,12,2,4,5,2,3,7,3,0,1,13,7,1,195,37,8,240,0,240,--,400,160,195,240,240,Algún campo sin dato,1,bfd459a9911d9aebf3cfea7e9c4c49a17a14b9538f680238ac3771e9e1d97b25,25/06/2023 21:29:22,ESCANER
18155,"Baja Verapaz",15,"Salamá",1,2774,400,9,26,45,2,1,2,12,35,3,2,10,0,0,4,1,1,7,2,0,3,10,7,0,182,33,3,218,0,218,--,400,182,182,218,218,Algún campo sin dato,1,2623b49a140359d98586b63d8c91ffd2ffa3cc5c3fd0c3325c9f4eb81f07e32c,25/06/2023 23:57:23,ESCANER
18156,"Baja Verapaz",15,"Salamá",1,2774,400,,,,,,,,,,,,,,,,,,,,,,,,,,,,,,,,,,,,,0,,,
18157,"Baja Verapaz",15,"Salamá",1,2774,400,,,,,,,,,,,,,,,,,,,,,,,,,,,,,,,,,,,,,0,,,
18158,"Baja Verapaz",15,"Salamá",1,2774,400,15,13,52,2,1,1,21,31,5,1,13,1,4,1,1,1,4,2,2,2,13,4,0,190,30,8,228,0,228,--,399,171,190,228,228,Algún campo sin dato,1,d11251f144dc021ced48366e7f4ee34894f812b3f0e3901385e6e48bd8bca77e,25/06/2023 22:17:11,ESCANER
18159,"Baja Verapaz",15,"Salamá",1,2774,400,18,19,58,2,0,2,15,19,4,0,8,1,2,3,3,0,7,1,2,1,9,5,2,181,37,14,232,0,232,--,--,--,181,232,232,Algún campo sin dato,1,01094eea76adb5688893c3dad358e882f85b3de5a209c169198fdae4f934ba97,25/06/2023 21:50:46,ESCANER
18160,"Baja Verapaz",15,"Salamá",1,2774,400,21,22,57,1,4,2,17,35,3,1,5,1,2,1,1,1,5,1,1,4,11,3,0,199,41,7,247,0,247,--,400,153,199,247,247,Algún campo sin dato,1,31e331d9b992240c8ba7f15494489d26937cf1b9992293a635cbc282df13bb61,25/06/2023 23:18:56,ESCANER
18161,"Baja Verapaz",15,"Salamá",1,2774,400,,,,,,,,,,,,,,,,,,,,,,,,,,,,,,,,,,,,,0,,,
18162,"Baja Verapaz",15,"Salamá",1,2775,400,19,8,49,5,1,3,16,28,5,0,12,1,1,4,1,0,6,2,2,2,2,3,4,174,48,6,228,0,228,--,400,172,174,228,228,Algún campo sin dato,1,f6625ead1f50342fffd0e401735d5c8ce439dbd907b58126aafa6cd19fc5313e,25/06/2023 22:59:01,ESCANER
18163,"Baja Verapaz",15,"Salamá",1,2775,400,11,20,53,3,3,0,6,20,3,0,8,4,2,2,2,0,2,8,0,0,8,6,1,162,30,7,199,3,202,--,401,199,162,199,202,Algún campo sin dato,1,79f3052ca6840ee19e83086852caa3beb35661ddc63b5424487155d1ad16769e,25/06/2023 23:53:12,ESCANER
18164,"Baja Verapaz",15,"Salamá",1,2775,400,12,23,42,5,4,1,10,26,9,0,5,3,3,8,0,1,7,1,0,1,15,4,2,182,21,5,208,0,208,--,400,192,182,208,208,Algún campo sin dato,1,5bb0f7ff9e0111aca88f37af3aadebe9aebee2ab8fe5aa6c90dfa1da2de146ff,25/06/2023 22:23:17,ESCANER
18165,"Baja Verapaz",15,"Salamá",1,2775,400,12,24,49,3,1,1,13,24,5,0,9,0,2,5,0,2,7,2,0,0,13,2,0,174,27,2,203,0,203,--,400,197,174,203,203,Algún campo sin dato,1,3d9e53528eff46481896155d24c866d716d89d3db11d34d7a33c2747611e950a,26/06/2023 00:18:39,ESCANER
18166,"Baja Verapaz",15,"Salamá",1,2775,400,,,,,,,,,,,,,,,,,,,,,,,,,,,,,,,,,,,,,0,,,
18167,"Baja Verapaz",15,"Salamá",1,2775,400,17,23,58,3,1,2,14,31,8,1,10,3,4,1,2,0,2,1,0,3,14,6,2,206,23,3,232,0,232,--,400,168,206,232,232,Algún campo sin dato,1,9412ba999ff82c0bb5f177e3adcf2ceed07bd02b54dfa6aca980a9c15da577d2,25/06/2023 22:43:17,ESCANER
18168,"Baja Verapaz",15,"Salamá",1,2775,400,15,14,79,4,1,1,14,21,7,0,5,2,3,4,1,1,8,3,1,0,19,4,0,207,22,4,233,0,233,--,400,167,207,233,233,Algún campo sin dato,1,bbb974b643f0213ae318bc5d0bf4260b2abad3ca4e4b0407841ecc36d72527c6,25/06/2023 23:05:14,ESCANER
18169,"Baja Verapaz",15,"Salamá",1,2775,400,10,27,57,6,2,1,8,19,4,1,10,0,4,2,1,0,10,2,0,2,21,1,5,193,27,2,222,0,222,--,400,178,193,222,222,Algún campo sin dato,1,39f4efcaeeb34083c2e78690f965fcd494c2f476d6e41cc1f71581a3b36d83fd,25/06/2023 23:10:55,ESCANER
18170,"Baja Verapaz",15,"Salamá",1,2775,400,7,22,43,6,1,1,7,17,9,0,8,1,0,6,1,0,5,3,0,2,14,7,1,161,22,6,189,0,189,--,400,211,161,189,189,Algún campo sin dato,1,5c0aba792d23cde8d5e63fad7b67412066e9750fc1d98c744fbe38d7a2c2106a,25/06/2023 22:10:41,ESCANER
18171,"Baja Verapaz",15,"Salamá",1,2775,400,6,18,35,3,2,1,10,19,5,0,12,3,2,4,3,1,5,1,0,2,14,1,4,151,29,2,182,0,182,--,400,218,151,182,182,Algún campo sin dato,1,593045bb3990a3024bdce650e0e93e38afb01c37cb299e3c4e1e0c0be04c69ef,25/06/2023 23:19:09,ESCANER
18172,"Baja Verapaz",15,"Salamá",1,2775,345,10,10,37,5,1,2,6,18,3,0,4,1,0,1,0,0,4,2,0,3,16,6,0,129,22,3,154,0,154,--,353,199,129,154,154,Algún campo sin dato,1,71ccf6b1d1423e5cebcb64fc1c590095b0fe4c4428a3bae5f616607be95af2bf,25/06/2023 22:17:14,ESCANER
18173,"Baja Verapaz",15,"Salamá",1,2775,345,12,4,27,2,0,0,12,21,3,0,3,0,0,3,0,1,4,0,0,0,6,1,1,100,21,3,124,0,124,--,345,221,100,124,124,Algún campo sin dato,1,08918fc0c5ae745cdd936930e52bab5e3e30ac95cbc58959bed6f2dd39e20ede,25/06/2023 23:30:51,ESCANER
18174,"Baja Verapaz",15,"Salamá",1,2776,380,28,26,23,22,0,1,1,25,1,0,37,1,0,4,2,1,4,0,1,3,0,3,3,186,42,20,248,0,248,--,380,132,186,248,248,Algún campo sin dato,1,108eeac962f568986d596dec2a5a9624014e93b399713f9d833c66b6734ff17e,26/06/2023 00:23:36,ESCANER
18175,"Baja Verapaz",15,"Salamá",1,2776,380,20,24,24,11,1,1,4,29,2,0,37,1,2,0,0,0,4,1,1,2,0,1,4,169,45,32,246,0,246,--,380,134,169,246,246,Algún campo sin dato,1,62ec517d768cadc45084a2987a8dd4c0fde3a8b71486ef11f3bca6a22f94b23e,26/06/2023 00:17:27,ESCANER
18176,"Baja Verapaz",15,"Salamá",1,2776,380,42,21,24,13,0,0,2,28,2,0,30,0,0,1,0,1,6,0,4,2,1,2,7,186,47,35,268,0,268,--,380,112,186,268,268,Algún campo sin dato,1,b16dc289c5a96254c0a94efd90f2850bcaa45c3857462498e33a6252f9cd7f44,26/06/2023 00:19:12,ESCANER
18177,"Baja Verapaz",15,"Salamá",1,2776,380,24,21,28,15,0,0,1,23,3,1,29,0,0,1,1,0,3,2,0,0,0,1,6,159,39,15,213,0,213,--,380,167,159,213,213,Algún campo sin dato,1,830c78f52b2d5bb13e061bd3c529a0734196224a9e4d5d93893292993271d9d5,25/06/2023 23:07:34,ESCANER
18178,"Baja Verapaz",15,"Salamá",1,2776,380,,,,,,,,,,,,,,,,,,,,,,,,,,,,,,,,,,,,,0,,,
18179,"Baja Verapaz",15,"Salamá",1,2776,374,,,,,,,,,,,,,,,,,,,,,,,,,,,,,,,,,,,,,0,,,
18180,"Baja Verapaz",15,"Salamá",1,2776,374,21,11,20,16,0,2,0,16,3,0,30,0,0,1,0,0,3,1,1,1,2,0,0,128,25,12,165,0,165,--,374,209,128,165,165,Algún campo sin dato,1,2457619e4d54a910f732a76b6b95d59dd4389de56ce7b01d554bf7ffd159fcd2,25/06/2023 22:25:32,ESCANER
18181,"Baja Verapaz",15,"Salamá",1,2777,380,,,,,,,,,,,,,,,,,,,,,,,,,,,,,,,,,,,,,0,,,
18182,"Baja Verapaz",15,"Salamá",1,2777,380,,,,,,,,,,,,,,,,,,,,,,,,,,,,,,,,,,,,,0,,,
18183,"Baja Verapaz",15,"Salamá",1,2777,380,18,47,15,23,0,0,7,38,3,0,17,1,1,4,0,1,1,2,2,4,1,2,2,189,28,21,238,0,238,--,380,142,189,238,238,Algún campo sin dato,1,fba20c0660724ea008cb01de85982f5d105b4e34e471ee6938bbb6caf8894e82,25/06/2023 22:35:35,ESCANER
18184,"Baja Verapaz",15,"Salamá",1,2777,341,,,,,,,,,,,,,,,,,,,,,,,,,,,,,,,,,,,,,0,,,
18185,"Baja Verapaz",15,"Salamá",1,2777,340,8,22,9,20,0,1,4,27,0,0,15,0,1,1,0,2,3,0,0,0,0,2,0,115,20,13,148,0,148,--,340,192,115,148,148,Algún campo sin dato,1,62b0453a897f4ac09224837bf3129b98c82a9c4d8ccc997bb9b8c486ef874bca,26/06/2023 00:06:47,ESCANER
18186,"Baja Verapaz",15,"Salamá",1,2778,380,22,12,3,2,6,0,4,13,2,2,13,0,0,2,1,0,5,0,0,0,2,1,0,90,33,18,141,0,141,0,380,239,90,141,141,,1,42f055f294104e589e1504f1534fda3f16c5c3ca7a59ba9435339ae8a05e92ae,25/06/2023 22:40:19,ESCANER
18187,"Baja Verapaz",15,"Salamá",1,2778,380,23,10,7,2,4,3,9,16,0,1,8,1,1,1,1,0,4,0,0,0,7,3,0,101,30,16,147,0,147,--,376,229,101,147,147,Algún campo sin dato,1,9de823d10f9c9f345e198801f8b5db623ccbec4d3fa18c06c761c3ebdf4aa518,26/06/2023 00:08:21,ESCANER
18188,"Baja Verapaz",15,"Salamá",1,2778,380,,,,,,,,,,,,,,,,,,,,,,,,,,,,,,,,,,,,,0,,,
18189,"Baja Verapaz",15,"Salamá",1,2778,380,,,,,,,,,,,,,,,,,,,,,,,,,,,,,,,,,,,,,0,,,
18190,"Baja Verapaz",15,"Salamá",1,2778,264,8,7,8,6,3,0,4,9,1,1,3,0,4,0,0,0,2,0,1,0,4,0,0,61,14,12,87,0,87,--,264,177,61,87,87,Algún campo sin dato,1,7a14d12f89171a69395065c636d9ee0b4c447d15b669d0c1e532de4ff96f0f4d,25/06/2023 22:54:37,ESCANER
18191,"Baja Verapaz",15,"Salamá",1,2778,263,12,13,6,2,10,0,0,9,1,0,4,0,2,0,0,0,2,0,0,0,1,0,0,62,10,7,79,0,79,--,263,184,62,79,79,Algún campo sin dato,1,8679463faae54dfc9ad48d711e8f4f5952dd0073c0a0bf2501568b6984b1259a,25/06/2023 23:07:23,ESCANER
18192,"Baja Verapaz",15,"Salamá",1,2779,380,17,10,18,41,6,3,6,33,2,0,14,0,0,1,0,0,4,0,0,0,3,1,1,160,42,11,53,0,213,--,380,167,160,213,213,Sumas Asentadas sin cuadrar,1,5f5a395fc61deb0b840793f2ff3f977ce0db2dc208a1f011de2626aa5de75907,25/06/2023 23:39:15,ESCANER
18193,"Baja Verapaz",15,"Salamá",1,2779,380,10,5,12,44,15,3,5,23,3,3,7,3,0,1,1,0,4,0,0,0,6,0,1,146,50,15,211,0,211,--,--,--,146,211,211,Algún campo sin dato,1,ae211c4938af7655125fd3a4c415316bbaed1fdbd62f05f7a9d3038066f55a40,26/06/2023 00:18:50,ESCANER
18194,"Baja Verapaz",15,"Salamá",1,2779,380,15,4,14,53,9,4,3,29,2,3,12,1,0,2,0,0,2,0,1,1,6,0,1,162,26,15,203,0,203,--,376,173,162,203,203,Algún campo sin dato,1,c25feef221ad27ab9d0b94fb02383552c2e8bebac7248141271d233986613465,26/06/2023 00:22:36,ESCANER
18195,"Baja Verapaz",15,"Salamá",1,2780,380,19,3,27,33,10,0,2,22,2,0,12,0,0,0,2,0,4,0,1,0,6,2,1,146,27,7,180,0,180,--,380,200,146,180,180,Algún campo sin dato,1,0060d8fd14d924cdb5619877d63c1d612ac49285cffba2542ee26d41b95eb251,25/06/2023 23:23:00,ESCANER
18196,"Baja Verapaz",15,"Salamá",1,2780,380,,,,,,,,,,,,,,,,,,,,,,,,,,,,,,,,,,,,,0,,,
18197,"Baja Verapaz",15,"Salamá",1,2780,293,11,0,10,32,8,1,0,13,4,0,3,0,2,0,0,0,1,0,0,0,4,0,0,89,18,7,114,0,114,--,293,179,89,114,114,Algún campo sin dato,1,27495b1e1ee4b63e21fb52b347344cba4eaebfd376ffc044f4aef07513aa5d9e,25/06/2023 22:39:46,ESCANER
18198,"Baja Verapaz",15,"Salamá",1,2780,292,5,1,10,41,5,0,1,7,0,0,7,1,1,1,0,0,1,0,0,0,2,0,0,83,7,4,94,0,94,--,292,198,83,94,94,Algún campo sin dato,1,6709f969ec8a982472c72d6a64abed102ca66563a21f876e932da7e048eb7c20,25/06/2023 20:25:20,ESCANER
18199,"Baja Verapaz",15,"Salamá",1,2781,380,,,,,,,,,,,,,,,,,,,,,,,,,,,,,,,,,,,,,0,,,
18200,"Baja Verapaz",15,"Salamá",1,2781,371,23,34,36,2,2,2,0,28,0,0,15,0,0,4,1,0,9,2,0,0,1,1,3,163,55,14,232,0,232,--,371,139,163,232,232,Algún campo sin dato,1,b25bc5be67f5b56ba6906c3e6d9a3300d9ded742cf81e62ed62a0b6789337878,25/06/2023 23:53:22,ESCANER
18201,"Baja Verapaz",15,"Salamá",1,2781,370,,,,,,,,,,,,,,,,,,,,,,,,,,,,,,,,,,,,,0,,,
18202,"Baja Verapaz",15,"Salamá",1,2782,380,,,,,,,,,,,,,,,,,,,,,,,,,,,,,,,,,,,,,0,,,
18203,"Baja Verapaz",15,"Salamá",1,2782,264,,,,,,,,,,,,,,,,,,,,,,,,,,,,,,,,,,,,,0,,,
18204,"Baja Verapaz",15,"Salamá",1,2782,264,,,,,,,,,,,,,,,,,,,,,,,,,,,,,,,,,,,,,0,,,
18205,"Baja Verapaz",15,"Salamá",1,2783,380,35,28,4,37,4,0,1,14,1,3,6,0,2,0,0,2,1,2,0,1,2,1,0,144,52,14,210,0,210,--,380,170,144,210,210,Algún campo sin dato,1,0d7c0e90096e77b13b27fe56e74194fc8f1ce03d2cf8cba4a02207ec6dec60d7,25/06/2023 23:50:52,ESCANER
18206,"Baja Verapaz",15,"Salamá",1,2783,380,,,,,,,,,,,,,,,,,,,,,,,,,,,,,,,,,,,,,0,,,
18207,"Baja Verapaz",15,"Salamá",1,2783,277,25,9,2,15,1,2,1,8,0,0,7,1,0,0,0,0,0,0,1,0,3,0,0,75,12,5,92,0,92,0,277,185,75,92,92,,1,c222c84bdff44bdb20483ee512a931ffa283f07ee12c78dc7adc8088b0d73b5c,25/06/2023 23:28:06,ESCANER
18208,"Baja Verapaz",15,"Salamá",1,2783,277,24,9,6,19,0,0,1,6,1,0,6,1,0,0,1,0,0,1,0,0,1,0,1,77,5,5,87,0,87,--,277,190,77,87,87,Algún campo sin dato,1,da8aacc75b3ba647b7ace08b542b2f3d58e74e98199c1bd87874e1749844c610,25/06/2023 23:35:32,ESCANER
18209,"Baja Verapaz",15,"Salamá",1,2784,380,,,,,,,,,,,,,,,,,,,,,,,,,,,,,,,,,,,,,0,,,
18210,"Baja Verapaz",15,"Salamá",1,2784,380,14,25,25,19,4,1,0,30,3,1,20,1,0,1,0,0,4,0,2,0,1,3,1,155,49,24,228,0,228,0,380,152,155,228,228,,1,9812e7d91554949612fb9bec03907dea1c9f5913e84bfecf71a37e10f6352e3a,26/06/2023 00:25:45,ESCANER
18211,"Baja Verapaz",15,"Salamá",1,2784,380,20,33,18,19,1,0,2,30,1,0,13,1,1,1,2,0,3,0,1,0,1,0,4,151,28,17,196,0,196,--,380,184,151,196,196,Algún campo sin dato,1,291ff1f9167bfc9b572a3a065a53d3b1c1f9552954602769261314a4c9950ef0,26/06/2023 00:04:17,ESCANER
18212,"Baja Verapaz",15,"Salamá",1,2784,213,3,14,8,5,3,0,2,11,1,0,15,0,0,0,0,1,4,0,0,0,3,1,1,72,16,10,98,1,99,1,213,113,72,98,99,,1,649cf3a6250f8cd2eaf721fa6d2438c2520e259e8801c8d5c8453e633887fda9,25/06/2023 23:32:43,ESCANER
18213,"Baja Verapaz",15,"Salamá",1,2784,213,4,9,4,6,2,0,3,11,1,0,2,0,0,1,0,1,2,0,0,0,2,0,1,49,11,8,68,0,68,--,213,145,49,68,68,Algún campo sin dato,1,8499eede9da3ab87727982c1a85e4edf23482717433564bfd791a58ec039ad49,25/06/2023 22:52:22,ESCANER
18214,"Baja Verapaz",15,"Salamá",1,2785,355,,,,,,,,,,,,,,,,,,,,,,,,,,,,,,,,,,,,,0,,,
18215,"Baja Verapaz",15,"Salamá",1,2785,355,,,,,,,,,,,,,,,,,,,,,,,,,,,,,,,,,,,,,0,,,
18216,"Baja Verapaz",15,"Salamá",1,2786,380,,,,,,,,,,,,,,,,,,,,,,,,,,,,,,,,,,,,,0,,,
18217,"Baja Verapaz",15,"Salamá",1,2786,380,34,28,48,5,1,3,8,39,1,1,6,3,1,3,1,0,5,0,1,1,6,2,1,198,38,7,243,0,243,0,380,137,198,243,243,,1,19691aff1728b2a3ca03f133ac9c122f890f50f8b8652aa634c80ad98d01c25f,26/06/2023 00:09:38,ESCANER
18218,"Baja Verapaz",15,"Salamá",1,2786,380,27,19,33,2,0,2,12,47,4,0,5,2,2,2,1,1,5,0,0,1,9,3,0,177,43,6,226,0,226,0,380,154,177,226,226,,1,133e5f0807b0d933f849eeac4ece2defb49f25019117bb60e6524af194f9f57a,25/06/2023 23:53:55,ESCANER
18219,"Baja Verapaz",15,"Salamá",1,2786,380,,,,,,,,,,,,,,,,,,,,,,,,,,,,,,,,,,,,,0,,,
18220,"Baja Verapaz",15,"Salamá",1,2786,233,12,10,25,0,0,3,5,18,3,0,6,0,0,1,0,0,3,1,0,1,5,3,0,96,14,1,111,0,111,0,233,122,96,111,111,,1,8dbe55b9ced769a0e70d999a71976bda03380c757c9027950bb57279e03b668f,25/06/2023 23:40:57,ESCANER
18221,"Baja Verapaz",15,"Salamá",1,2786,233,11,11,25,0,0,1,3,18,5,0,4,1,1,1,0,0,1,0,0,1,7,3,0,93,14,1,108,0,108,0,233,125,93,108,108,,1,1fe3b5cc81a217d161d1b5b9bb3f2cf7f04a42ee919666c1764e59318e76ba31,25/06/2023 21:50:35,ESCANER
18222,"Baja Verapaz",15,"Salamá",1,2787,380,11,14,23,3,0,2,5,44,1,2,31,0,0,3,0,0,12,0,1,0,4,0,0,156,69,24,249,0,249,--,380,131,156,249,249,Algún campo sin dato,1,271083322921fc4af49679a7e3168ea6370c86a59c97da75399908ebedf8739b,25/06/2023 22:58:50,ESCANER
18223,"Baja Verapaz",15,"Salamá",1,2787,380,21,21,25,1,0,4,9,50,3,0,20,0,1,3,0,3,10,2,0,2,6,3,1,185,56,9,250,0,250,--,380,130,185,250,250,Algún campo sin dato,1,afa818b43bf0c63588163728067754fa8f8589b38d12bf82c939b3253f511628,26/06/2023 00:12:22,ESCANER
18224,"Baja Verapaz",15,"Salamá",1,2787,271,,,,,,,,,,,,,,,,,,,,,,,,,,,,,,,,,,,,,0,,,
18225,"Baja Verapaz",15,"Salamá",1,2787,270,12,12,23,1,0,1,6,20,1,0,22,3,0,1,0,0,9,0,0,1,6,2,0,120,19,5,144,0,144,--,270,126,120,144,144,Algún campo sin dato,1,34ab2895c9b00f654e9bb969806c9c0bd3a830b6093c60949fa95bf77cecabe0,25/06/2023 23:49:58,ESCANER
18226,"Baja Verapaz",15,"Salamá",1,2788,380,,,,,,,,,,,,,,,,,,,,,,,,,,,,,,,,,,,,,0,,,
18227,"Baja Verapaz",15,"Salamá",1,2788,380,,,,,,,,,,,,,,,,,,,,,,,,,,,,,,,,,,,,,0,,,
18228,"Baja Verapaz",15,"Salamá",1,2788,203,7,15,31,0,0,1,2,13,1,1,6,0,2,1,0,0,3,0,0,0,1,1,1,86,14,8,108,0,108,0,200,92,86,108,108,,1,0cfdcbbac79bdfc243e6c5f8cc4e65f76992ae549da1b343843d0b33f94dc8d0,25/06/2023 22:03:15,ESCANER
18229,"Baja Verapaz",15,"Salamá",1,2788,203,10,11,25,1,1,1,4,17,1,0,6,0,1,0,1,0,3,0,0,1,0,0,0,83,13,3,99,1,100,6,203,103,83,99,100,,1,4fb1009e9562aaef650d8cea1dcb7cc437c5eef8c7f909658fcc80fecacac88a,25/06/2023 22:53:10,ESCANER
18230,"Baja Verapaz",15,"Salamá",1,2789,380,,,,,,,,,,,,,,,,,,,,,,,,,,,,,,,,,,,,,0,,,
18231,"Baja Verapaz",15,"Salamá",1,2789,380,,,,,,,,,,,,,,,,,,,,,,,,,,,,,,,,,,,,,0,,,
18232,"Baja Verapaz",15,"Salamá",1,2789,250,2,25,5,2,0,1,2,20,52,0,1,0,0,1,0,0,0,0,0,0,0,0,0,111,25,6,142,0,142,--,250,108,111,142,142,Algún campo sin dato,1,3c38665df4c6246d0a9db1f9d98ddfcfe55c1d6f7db59bc93a1a46c14253c93c,25/06/2023 21:56:10,ESCANER
18233,"Baja Verapaz",15,"Salamá",1,2789,249,3,16,13,2,0,0,0,17,37,0,1,0,0,0,0,0,1,0,0,0,1,0,2,93,15,4,112,0,112,--,249,137,93,112,112,Algún campo sin dato,1,02e279e508d44b85e6d157df07e937834c8063bfc8ce90dd5986f4337ccd3c80,26/06/2023 00:03:33,ESCANER
18234,"Baja Verapaz",15,"Salamá",1,2790,333,13,10,7,5,0,2,1,46,1,2,3,1,5,1,0,0,3,0,0,0,9,0,0,109,22,18,149,0,149,0,333,184,109,149,149,,1,65043524db62811e8bdd2fbad6fa9a0c6dc0d4488a1160b6cdec71dd42043a09,25/06/2023 23:58:02,ESCANER
18235,"Baja Verapaz",15,"Salamá",1,2790,332,,,,,,,,,,,,,,,,,,,,,,,,,,,,,,,,,,,,,0,,,
18236,"Baja Verapaz",15,"Salamá",1,2791,380,10,31,18,1,0,0,1,40,2,1,8,0,0,6,0,2,2,1,1,1,0,0,1,141,31,13,170,0,170,0,380,210,126,170,170,Sumas Asentadas sin cuadrar,1,2d3e74ec137f03b6178103612d509ac2757d7d5947a8e7d482723d6071e5b8d4,25/06/2023 22:49:56,ESCANER
18237,"Baja Verapaz",15,"Salamá",1,2791,380,7,21,14,5,1,2,13,45,0,0,8,0,0,1,0,0,11,0,0,7,3,1,1,140,22,28,190,0,190,0,380,190,140,190,190,,1,493d8d7175677a422a14303a7817e2adee35f319ba06272744e6309ce7badd2d,25/06/2023 22:33:21,ESCANER
18238,"Baja Verapaz",15,"Salamá",1,2791,228,7,15,5,5,0,0,1,16,0,0,8,0,0,2,0,0,3,0,0,1,0,0,0,63,9,5,77,0,77,0,228,151,63,77,77,,1,8f13abb5fbc0095339012e9133b571bd51c95234fb4077ec3f500b6afb8bac81,25/06/2023 22:00:56,ESCANER
18239,"Baja Verapaz",15,"Salamá",1,2791,228,5,12,9,1,0,0,1,17,1,0,5,1,0,4,0,0,3,0,0,3,3,0,1,66,15,2,83,0,83,0,228,145,66,83,83,,1,45305d7c3b682de42ca66f75333e0befbdb4d381e0058d05db76e41bae70f505,25/06/2023 22:17:05,ESCANER
18240,"Baja Verapaz",15,"Salamá",1,2792,600,9,5,31,1,0,0,10,10,4,0,3,0,1,2,1,0,2,0,1,2,1,4,1,88,12,2,102,0,102,--,600,498,88,102,102,Algún campo sin dato,1,ba7cf4ac274ad52d49c9ec5bb116ddaf588eab2b541f37e5a03aae92481c8e77,26/06/2023 00:27:17,ESCANER
18241,"Baja Verapaz",15,"Salamá",1,2792,600,6,7,30,0,1,1,6,11,2,0,2,0,0,1,3,2,4,1,0,1,2,3,0,83,32,9,124,0,124,--,600,476,83,124,124,Algún campo sin dato,1,34fcacef64dd6d2b4014b10b0a3b60737a27bcf5a28880546d37c1f8edbbbf9f,25/06/2023 22:58:21,ESCANER
18242,"Baja Verapaz",15,"Salamá",1,2792,310,4,2,6,0,0,0,4,3,2,1,4,0,0,1,1,0,0,1,0,0,1,3,0,33,2,2,37,0,37,--,310,273,33,37,37,Algún campo sin dato,1,465cf5c85da5594f78a9d3a46216bebee62184a111be6c0e86ec269ec32a36c9,25/06/2023 21:14:45,ESCANER
18243,"Baja Verapaz",15,"Salamá",1,2792,309,1,1,3,1,0,0,1,1,0,0,3,0,0,0,1,0,0,0,0,1,0,1,0,14,3,1,18,0,18,--,309,291,14,18,18,Algún campo sin dato,1,9bb5d9fed1f8182d0830b5a194ea1a0f0bb2d4f21054cbdee9b38ec6607123bf,25/06/2023 19:53:46,ESCANER
18244,"Baja Verapaz",15,"San Miguel Chicaj",2,2793,400,,,,,,,,,,,,,,,,,,,,,,,,,,,,,,,,,,,,,0,,,
18245,"Baja Verapaz",15,"San Miguel Chicaj",2,2793,400,,,,,,,,,,,,,,,,,,,,,,,,,,,,,,,,,,,,,0,,,
18246,"Baja Verapaz",15,"San Miguel Chicaj",2,2793,400,80,4,34,8,0,2,4,8,20,1,6,1,1,2,1,1,22,3,0,0,1,2,0,201,54,73,328,0,328,--,400,72,201,328,328,Algún campo sin dato,1,dec01130d12d9977afc023974e3a4b035345aef6159563c3536429c073b26059,25/06/2023 23:24:35,ESCANER
18247,"Baja Verapaz",15,"San Miguel Chicaj",2,2793,400,84,6,48,1,1,4,12,13,11,6,15,0,0,1,5,1,31,1,1,1,2,3,0,247,43,50,340,0,340,--,400,60,247,340,340,Algún campo sin dato,1,2489fa3fb5f197a0d8636f178f1cb3277b814241c60ce0aa8655833debae6947,25/06/2023 23:39:31,ESCANER
18248,"Baja Verapaz",15,"San Miguel Chicaj",2,2793,400,,,,,,,,,,,,,,,,,,,,,,,,,,,,,,,,,,,,,0,,,
18249,"Baja Verapaz",15,"San Miguel Chicaj",2,2793,400,,,,,,,,,,,,,,,,,,,,,,,,,,,,,,,,,,,,,0,,,
18250,"Baja Verapaz",15,"San Miguel Chicaj",2,2793,400,45,1,59,3,0,8,5,11,28,2,6,1,0,0,2,2,30,0,1,1,3,5,2,215,61,49,325,0,325,--,400,75,215,325,325,Algún campo sin dato,1,e7cff27edd0a8e2813dbc07cfefbd66d8752b5d217973a1a27a4266c6c21f9f0,26/06/2023 00:22:05,ESCANER
18251,"Baja Verapaz",15,"San Miguel Chicaj",2,2793,400,46,2,52,1,0,6,9,8,22,3,15,0,0,1,2,2,42,6,0,1,1,2,1,222,42,50,314,0,314,--,400,86,222,314,314,Algún campo sin dato,1,a27c2260a5e71af411cfe7126d7ed10265ebc21035cba25790d5684b53f43394,25/06/2023 23:30:15,ESCANER
18252,"Baja Verapaz",15,"San Miguel Chicaj",2,2793,400,,,,,,,,,,,,,,,,,,,,,,,,,,,,,,,,,,,,,0,,,
18253,"Baja Verapaz",15,"San Miguel Chicaj",2,2793,400,,,,,,,,,,,,,,,,,,,,,,,,,,,,,,,,,,,,,0,,,
18254,"Baja Verapaz",15,"San Miguel Chicaj",2,2793,400,44,0,51,5,0,1,5,6,22,0,4,2,2,3,1,0,21,3,0,0,5,0,1,176,55,34,265,0,265,--,400,135,176,265,265,Algún campo sin dato,1,ec09ab1fc4fcf05e6e7c1e55b1d615e9125ead5744ba1fdf931f4be3325f8b73,25/06/2023 22:51:19,ESCANER
18255,"Baja Verapaz",15,"San Miguel Chicaj",2,2793,400,,,,,,,,,,,,,,,,,,,,,,,,,,,,,,,,,,,,,0,,,
18256,"Baja Verapaz",15,"San Miguel Chicaj",2,2793,400,32,2,58,2,2,2,13,7,19,0,14,2,3,2,4,1,32,2,0,1,6,3,2,209,47,25,281,0,281,--,400,119,209,281,281,Algún campo sin dato,1,9ede387557ae2f1074f426e2c899e24d50c96599ec1b7f4fd88cba8a98d5a885,26/06/2023 00:27:56,ESCANER
18257,"Baja Verapaz",15,"San Miguel Chicaj",2,2793,400,,,,,,,,,,,,,,,,,,,,,,,,,,,,,,,,,,,,,0,,,
18258,"Baja Verapaz",15,"San Miguel Chicaj",2,2793,400,52,0,38,4,1,0,7,3,13,1,6,1,1,3,1,1,27,0,2,0,6,2,1,170,29,23,222,0,222,--,400,178,170,222,222,Algún campo sin dato,1,e0f535161dd8fffced68798800817ff75668540fe5d1c181b9301c13ece86d23,25/06/2023 22:47:48,ESCANER
18259,"Baja Verapaz",15,"San Miguel Chicaj",2,2793,400,52,1,58,4,0,6,4,6,16,0,5,3,1,2,0,0,15,0,3,2,4,1,0,183,52,25,260,0,260,--,400,140,183,260,260,Algún campo sin dato,1,c7408e4ab2ee90323333474e5eb4c93f15d493403e79e0fb79bee6ad29fdf658,25/06/2023 22:37:23,ESCANER
18260,"Baja Verapaz",15,"San Miguel Chicaj",2,2793,400,50,1,53,4,0,2,7,3,21,0,7,1,1,1,0,0,25,4,2,2,8,1,0,193,42,22,257,0,257,--,400,143,193,257,257,Algún campo sin dato,1,045a80f98da0a0cb1c8ee755608f19c6a4c536ba831a672483eb6c31f6dad80e,25/06/2023 23:21:48,ESCANER
18261,"Baja Verapaz",15,"San Miguel Chicaj",2,2793,400,,,,,,,,,,,,,,,,,,,,,,,,,,,,,,,,,,,,,0,,,
18262,"Baja Verapaz",15,"San Miguel Chicaj",2,2793,231,21,1,44,4,0,0,5,3,10,0,4,1,0,0,1,0,10,0,0,0,5,2,2,113,19,13,145,0,145,--,231,86,113,145,145,Algún campo sin dato,1,6ea48864a58b224b511e5a12a2f40798027831238fc546bcc2ba5a1b0b497100,26/06/2023 00:18:34,ESCANER
18263,"Baja Verapaz",15,"San Miguel Chicaj",2,2793,231,18,1,24,2,2,2,5,2,11,2,2,2,0,0,0,1,12,1,0,0,3,0,0,90,26,20,136,0,136,--,231,95,90,136,136,Algún campo sin dato,1,93b82f9467477134702c9022f8ee9c573deec7d9d281b01694ab80239c6e8b69,25/06/2023 22:19:25,ESCANER
18264,"Baja Verapaz",15,"San Miguel Chicaj",2,2794,380,,,,,,,,,,,,,,,,,,,,,,,,,,,,,,,,,,,,,0,,,
18265,"Baja Verapaz",15,"San Miguel Chicaj",2,2794,380,,,,,,,,,,,,,,,,,,,,,,,,,,,,,,,,,,,,,0,,,
18266,"Baja Verapaz",15,"San Miguel Chicaj",2,2794,380,,,,,,,,,,,,,,,,,,,,,,,,,,,,,,,,,,,,,0,,,
18267,"Baja Verapaz",15,"San Miguel Chicaj",2,2794,380,,,,,,,,,,,,,,,,,,,,,,,,,,,,,,,,,,,,,0,,,
18268,"Baja Verapaz",15,"San Miguel Chicaj",2,2794,380,,,,,,,,,,,,,,,,,,,,,,,,,,,,,,,,,,,,,0,,,
18269,"Baja Verapaz",15,"San Miguel Chicaj",2,2794,380,,,,,,,,,,,,,,,,,,,,,,,,,,,,,,,,,,,,,0,,,
18270,"Baja Verapaz",15,"San Miguel Chicaj",2,2794,380,,,,,,,,,,,,,,,,,,,,,,,,,,,,,,,,,,,,,0,,,
18271,"Baja Verapaz",15,"San Miguel Chicaj",2,2794,380,,,,,,,,,,,,,,,,,,,,,,,,,,,,,,,,,,,,,0,,,
18272,"Baja Verapaz",15,"San Miguel Chicaj",2,2794,380,,,,,,,,,,,,,,,,,,,,,,,,,,,,,,,,,,,,,0,,,
18273,"Baja Verapaz",15,"San Miguel Chicaj",2,2795,380,,,,,,,,,,,,,,,,,,,,,,,,,,,,,,,,,,,,,0,,,
18274,"Baja Verapaz",15,"San Miguel Chicaj",2,2795,380,,,,,,,,,,,,,,,,,,,,,,,,,,,,,,,,,,,,,0,,,
18275,"Baja Verapaz",15,"San Miguel Chicaj",2,2795,243,,,,,,,,,,,,,,,,,,,,,,,,,,,,,,,,,,,,,0,,,
18276,"Baja Verapaz",15,"San Miguel Chicaj",2,2795,243,,,,,,,,,,,,,,,,,,,,,,,,,,,,,,,,,,,,,0,,,
18277,"Baja Verapaz",15,"San Miguel Chicaj",2,2796,327,,,,,,,,,,,,,,,,,,,,,,,,,,,,,,,,,,,,,0,,,
18278,"Baja Verapaz",15,"San Miguel Chicaj",2,2796,326,,,,,,,,,,,,,,,,,,,,,,,,,,,,,,,,,,,,,0,,,
18279,"Baja Verapaz",15,"San Miguel Chicaj",2,2797,380,,,,,,,,,,,,,,,,,,,,,,,,,,,,,,,,,,,,,0,,,
18280,"Baja Verapaz",15,"San Miguel Chicaj",2,2797,375,,,,,,,,,,,,,,,,,,,,,,,,,,,,,,,,,,,,,0,,,
18281,"Baja Verapaz",15,"San Miguel Chicaj",2,2797,375,,,,,,,,,,,,,,,,,,,,,,,,,,,,,,,,,,,,,0,,,
18282,"Baja Verapaz",15,"San Miguel Chicaj",2,2798,380,,,,,,,,,,,,,,,,,,,,,,,,,,,,,,,,,,,,,0,,,
18283,"Baja Verapaz",15,"San Miguel Chicaj",2,2798,380,,,,,,,,,,,,,,,,,,,,,,,,,,,,,,,,,,,,,0,,,
18284,"Baja Verapaz",15,"San Miguel Chicaj",2,2798,380,,,,,,,,,,,,,,,,,,,,,,,,,,,,,,,,,,,,,0,,,
18285,"Baja Verapaz",15,"San Miguel Chicaj",2,2798,380,,,,,,,,,,,,,,,,,,,,,,,,,,,,,,,,,,,,,0,,,
18286,"Baja Verapaz",15,"San Miguel Chicaj",2,2798,380,,,,,,,,,,,,,,,,,,,,,,,,,,,,,,,,,,,,,0,,,
18287,"Baja Verapaz",15,"San Miguel Chicaj",2,2798,380,,,,,,,,,,,,,,,,,,,,,,,,,,,,,,,,,,,,,0,,,
18288,"Baja Verapaz",15,"San Miguel Chicaj",2,2798,380,,,,,,,,,,,,,,,,,,,,,,,,,,,,,,,,,,,,,0,,,
18289,"Baja Verapaz",15,"San Miguel Chicaj",2,2798,277,,,,,,,,,,,,,,,,,,,,,,,,,,,,,,,,,,,,,0,,,
18290,"Baja Verapaz",15,"San Miguel Chicaj",2,2798,276,,,,,,,,,,,,,,,,,,,,,,,,,,,,,,,,,,,,,0,,,
18291,"Baja Verapaz",15,"San Miguel Chicaj",2,2799,441,8,0,8,1,1,1,1,4,13,2,5,0,0,1,0,0,6,1,0,0,1,1,0,54,17,36,107,0,107,--,441,334,54,107,107,Algún campo sin dato,1,05606c7b22849a60525884c0a04b51722e77d3d1f4c8515fa543d6aa35208efa,25/06/2023 22:18:08,ESCANER
18292,"Baja Verapaz",15,"Rabinal",3,2800,400,,,,,,,,,,,,,,,,,,,,,,,,,,,,,,,,,,,,,0,,,
18293,"Baja Verapaz",15,"Rabinal",3,2800,400,,,,,,,,,,,,,,,,,,,,,,,,,,,,,,,,,,,,,0,,,
18294,"Baja Verapaz",15,"Rabinal",3,2800,400,55,3,21,5,19,4,11,3,2,3,3,6,2,4,2,0,6,32,0,1,6,0,17,205,32,24,261,0,261,--,400,139,205,261,261,Algún campo sin dato,1,c6aa3b29a78586ecc83b9fce91b2d7e57cd61b2c5bfd737a40d92be75f67097e,26/06/2023 00:13:23,ESCANER
18295,"Baja Verapaz",15,"Rabinal",3,2800,400,,,,,,,,,,,,,,,,,,,,,,,,,,,,,,,,,,,,,0,,,
18296,"Baja Verapaz",15,"Rabinal",3,2800,400,60,1,14,4,13,4,9,4,7,1,7,5,0,3,2,2,5,28,0,1,8,0,25,203,32,31,266,0,266,--,400,134,203,266,266,Algún campo sin dato,1,fbe55e1134428bad1fa3b702ce8d377c0411a8aa775b73f5a12511e9ed1e43ef,25/06/2023 22:37:11,ESCANER
18297,"Baja Verapaz",15,"Rabinal",3,2800,400,40,1,17,9,20,4,3,2,11,3,1,13,2,1,2,2,12,41,1,1,6,1,26,219,18,35,272,0,272,--,400,128,219,272,272,Algún campo sin dato,1,2a02443cd545873fe0e201b571d4ec49a6fcf99427c1e17280dd7ee28ef4d580,26/06/2023 00:07:17,ESCANER
18298,"Baja Verapaz",15,"Rabinal",3,2800,400,,,,,,,,,,,,,,,,,,,,,,,,,,,,,,,,,,,,,0,,,
18299,"Baja Verapaz",15,"Rabinal",3,2800,400,,,,,,,,,,,,,,,,,,,,,,,,,,,,,,,,,,,,,0,,,
18300,"Baja Verapaz",15,"Rabinal",3,2800,400,,,,,,,,,,,,,,,,,,,,,,,,,,,,,,,,,,,,,0,,,
18301,"Baja Verapaz",15,"Rabinal",3,2800,400,,,,,,,,,,,,,,,,,,,,,,,,,,,,,,,,,,,,,0,,,
18302,"Baja Verapaz",15,"Rabinal",3,2800,400,,,,,,,,,,,,,,,,,,,,,,,,,,,,,,,,,,,,,0,,,
18303,"Baja Verapaz",15,"Rabinal",3,2800,400,,,,,,,,,,,,,,,,,,,,,,,,,,,,,,,,,,,,,0,,,
18304,"Baja Verapaz",15,"Rabinal",3,2800,400,,,,,,,,,,,,,,,,,,,,,,,,,,,,,,,,,,,,,0,,,
18305,"Baja Verapaz",15,"Rabinal",3,2800,400,,,,,,,,,,,,,,,,,,,,,,,,,,,,,,,,,,,,,0,,,
18306,"Baja Verapaz",15,"Rabinal",3,2800,400,,,,,,,,,,,,,,,,,,,,,,,,,,,,,,,,,,,,,0,,,
18307,"Baja Verapaz",15,"Rabinal",3,2800,400,,,,,,,,,,,,,,,,,,,,,,,,,,,,,,,,,,,,,0,,,
18308,"Baja Verapaz",15,"Rabinal",3,2800,384,22,0,14,6,17,1,6,4,6,1,9,6,2,3,2,0,10,40,2,0,17,0,28,196,28,2,226,0,226,--,384,158,196,226,226,Algún campo sin dato,1,2eb90e61f67fcc7d9cbb7964f2779538f246c92a5146d18ee230ef06c4de6c56,25/06/2023 23:24:34,ESCANER
18309,"Baja Verapaz",15,"Rabinal",3,2800,384,35,0,7,5,5,3,6,1,10,0,7,9,0,1,1,1,5,26,1,0,17,1,17,158,14,10,182,4,186,--,384,198,158,182,186,Algún campo sin dato,1,976167f9cc0a634b0d07231f618ecd2bfe71115f6dd8568251f60651f88d12cb,25/06/2023 23:59:33,ESCANER
18310,"Baja Verapaz",15,"Rabinal",3,2801,390,78,1,4,23,12,3,3,4,7,3,6,0,0,2,1,0,5,11,1,0,8,1,6,179,39,51,269,0,269,--,390,121,179,269,269,Algún campo sin dato,1,462929ba75e80c681db97ace1bc5e24cbee9d5e0da4c8cf57fdb15970b255021,26/06/2023 00:15:46,ESCANER
18311,"Baja Verapaz",15,"Rabinal",3,2801,389,43,3,5,12,22,4,2,2,6,1,3,3,2,0,1,0,1,19,1,1,8,0,9,148,35,18,201,0,201,--,389,188,148,201,201,Algún campo sin dato,1,9c29681efa3852312d0c07993c09e7f666784ea04ecfc750a0cad9e029d7b3cb,25/06/2023 22:17:46,ESCANER
18312,"Baja Verapaz",15,"Rabinal",3,2802,400,,,,,,,,,,,,,,,,,,,,,,,,,,,,,,,,,,,,,0,,,
18313,"Baja Verapaz",15,"Rabinal",3,2802,400,,,,,,,,,,,,,,,,,,,,,,,,,,,,,,,,,,,,,0,,,
18314,"Baja Verapaz",15,"Rabinal",3,2802,400,54,2,9,3,15,1,4,6,5,1,5,0,2,1,2,1,17,5,0,0,1,3,12,149,51,103,303,0,303,--,396,93,149,303,303,Algún campo sin dato,1,055b4b61a2f2aebcdc2fa3f70684eda58c6f411a05a40bccabc4cdc6aa3a7833,26/06/2023 00:26:26,ESCANER
18315,"Baja Verapaz",15,"Rabinal",3,2802,400,,,,,,,,,,,,,,,,,,,,,,,,,,,,,,,,,,,,,0,,,
18316,"Baja Verapaz",15,"Rabinal",3,2802,400,45,3,5,3,22,2,6,2,4,1,4,1,1,0,3,2,8,13,1,0,7,5,32,170,35,45,250,0,250,--,400,150,170,250,250,Algún campo sin dato,1,00098a790c2412331fcb58d85d8cf3f606c43e261433611efd70f7c55c2c736d,25/06/2023 23:42:25,ESCANER
18317,"Baja Verapaz",15,"Rabinal",3,2802,400,48,0,7,4,19,2,5,4,11,2,5,2,1,0,0,0,15,5,1,0,7,3,17,158,33,35,226,0,226,--,400,174,158,226,226,Algún campo sin dato,1,a6d523f4295deaff96022d979df02ab9cce0518f204c21c380b62ed52b5be752,25/06/2023 23:29:20,ESCANER
18318,"Baja Verapaz",15,"Rabinal",3,2802,400,33,2,11,8,23,1,2,2,9,0,10,0,1,1,1,1,10,9,0,0,2,2,20,148,31,30,209,0,209,--,400,191,148,209,209,Algún campo sin dato,1,c8c8eb49431cb3a29c09a87dafae9b3a92bcdcc8413afa4e4d03c4a54edd133f,26/06/2023 00:18:27,ESCANER
18319,"Baja Verapaz",15,"Rabinal",3,2802,233,14,1,7,3,20,1,4,3,4,0,5,2,1,0,1,0,6,12,0,0,4,0,7,95,11,11,117,4,121,--,233,112,95,117,121,Algún campo sin dato,1,f58508718dd799a160dca276eb8feaaa980d9bfc1cf20157b0498e479101f45e,25/06/2023 22:36:50,ESCANER
18320,"Baja Verapaz",15,"Rabinal",3,2802,233,,,,,,,,,,,,,,,,,,,,,,,,,,,,,,,,,,,,,0,,,
18321,"Baja Verapaz",15,"Rabinal",3,2803,344,66,3,12,7,8,2,8,5,3,2,3,4,2,1,0,1,4,9,0,0,5,2,7,154,48,23,225,0,225,--,344,119,154,225,225,Algún campo sin dato,1,316e873b1ad92d720ed09e67db4b74e333d3b3567934736faf48023c8d25b6c5,25/06/2023 23:27:28,ESCANER
18322,"Baja Verapaz",15,"Rabinal",3,2803,344,,,,,,,,,,,,,,,,,,,,,,,,,,,,,,,,,,,,,0,,,
18323,"Baja Verapaz",15,"Rabinal",3,2804,380,,,,,,,,,,,,,,,,,,,,,,,,,,,,,,,,,,,,,0,,,
18324,"Baja Verapaz",15,"Rabinal",3,2804,380,,,,,,,,,,,,,,,,,,,,,,,,,,,,,,,,,,,,,0,,,
18325,"Baja Verapaz",15,"Rabinal",3,2804,380,,,,,,,,,,,,,,,,,,,,,,,,,,,,,,,,,,,,,0,,,
18326,"Baja Verapaz",15,"Rabinal",3,2804,380,39,1,29,0,20,3,0,2,0,2,7,2,0,3,0,0,7,3,0,1,2,0,8,129,33,62,224,0,224,--,381,157,129,224,224,Algún campo sin dato,1,6b361155cec662955f1df85a1f0c5e89b05ea1bf632d5161d822eacf20b50788,26/06/2023 00:05:50,ESCANER
18327,"Baja Verapaz",15,"Rabinal",3,2804,278,12,3,14,0,9,0,0,1,3,0,6,1,0,0,0,0,2,4,0,0,2,1,6,64,16,23,103,0,103,--,278,175,64,103,103,Algún campo sin dato,1,557067e088c3c75bcaaafc5516b712d8172faaf472c04a96aad61099848bfb2f,25/06/2023 23:49:12,ESCANER
18328,"Baja Verapaz",15,"Rabinal",3,2804,277,10,0,15,0,11,0,1,1,3,0,3,1,1,2,0,0,8,2,0,0,2,1,8,69,15,16,100,0,100,--,277,177,69,100,100,Algún campo sin dato,1,006d802bb6a59649d9d7d6eac15736a11ff939a73e8c29aa6a77498dc0f5a2e7,25/06/2023 23:38:30,ESCANER
18329,"Baja Verapaz",15,"Rabinal",3,2805,380,37,4,7,2,23,3,1,5,5,2,4,0,0,0,0,2,14,3,0,0,1,1,10,124,32,68,224,0,224,--,380,156,124,224,224,Algún campo sin dato,1,878ceb5547024ef781055344da1ae06e559ab98b21c982f63d8bb24152991b07,25/06/2023 22:00:07,ESCANER
18330,"Baja Verapaz",15,"Rabinal",3,2805,380,56,5,8,2,22,2,0,5,7,3,12,0,0,2,1,0,14,11,0,1,3,1,13,168,45,57,270,0,270,--,380,110,168,270,270,Algún campo sin dato,1,41dacbd61d0447a41654bd60aaf7b8f0674a4497f69790271ca4912230139bb3,26/06/2023 00:17:31,ESCANER
18331,"Baja Verapaz",15,"Rabinal",3,2805,380,49,3,12,3,23,2,3,10,8,1,9,4,0,0,0,0,18,13,2,0,3,2,11,176,45,57,278,0,278,--,380,102,176,278,278,Algún campo sin dato,1,76e4974fb0b0324d4d7f5cd96ab13b7b06b3bcdfe7848bd39af577ff0bfa5169,25/06/2023 22:03:59,ESCANER
18332,"Baja Verapaz",15,"Rabinal",3,2805,380,36,9,12,5,18,3,6,11,3,1,7,1,1,2,0,1,16,15,1,0,8,0,16,172,36,38,246,0,246,--,380,134,172,246,246,Algún campo sin dato,1,866c4b86cc8f725426e813377b0800c9066e8e503ad2f6ae30e76a5fc6699774,25/06/2023 23:01:09,ESCANER
18333,"Baja Verapaz",15,"Rabinal",3,2805,342,22,1,13,6,8,2,2,5,1,0,8,1,1,0,2,1,7,18,0,0,8,1,12,119,30,16,165,0,165,--,342,177,119,165,165,Algún campo sin dato,1,7466a9f64dc8ba7a3c92fb1a32f0a7e999747109ee885b4f06207bf0500be2e4,25/06/2023 21:45:10,ESCANER
18334,"Baja Verapaz",15,"Rabinal",3,2805,341,25,0,6,4,10,1,3,1,10,0,11,3,2,1,0,1,6,7,0,0,7,0,7,105,22,11,138,0,138,--,341,203,105,138,138,Algún campo sin dato,1,1e0672fb0cfcf450d4b4677c972054384a18971cf626240dde4c3e30f2f9d1ad,25/06/2023 22:38:37,ESCANER
18335,"Baja Verapaz",15,"Rabinal",3,2806,380,,,,,,,,,,,,,,,,,,,,,,,,,,,,,,,,,,,,,0,,,
18336,"Baja Verapaz",15,"Rabinal",3,2806,348,,,,,,,,,,,,,,,,,,,,,,,,,,,,,,,,,,,,,0,,,
18337,"Baja Verapaz",15,"Rabinal",3,2806,348,,,,,,,,,,,,,,,,,,,,,,,,,,,,,,,,,,,,,0,,,
18338,"Baja Verapaz",15,"Rabinal",3,2807,346,100,7,4,1,5,2,2,4,2,2,4,2,0,1,0,1,10,5,1,0,5,1,8,167,14,65,246,0,246,--,346,100,167,246,246,Algún campo sin dato,1,cacbebab1974dfdd184cb90810c1776e0eede3e498bafcda54a1dfaeb3a38503,25/06/2023 23:29:12,ESCANER
18339,"Baja Verapaz",15,"Rabinal",3,2807,345,64,0,5,1,6,1,1,1,1,0,2,0,0,0,2,1,9,3,0,0,3,2,12,114,17,36,167,0,167,--,345,178,114,167,167,Algún campo sin dato,1,d6d3a0c672448f22ef4f09a70034dbd9af4f35a268ae38d2263e3477e178c663,25/06/2023 23:51:33,ESCANER
18340,"Baja Verapaz",15,"Rabinal",3,2808,380,62,2,5,1,21,6,1,2,3,3,7,1,1,1,2,0,5,11,0,1,2,1,7,145,36,39,220,0,220,--,380,160,145,220,220,Algún campo sin dato,1,0e7089f2182019c905c5a9aedf59bc180f66978832414cd8b59727b218743038,25/06/2023 23:40:02,ESCANER
18341,"Baja Verapaz",15,"Rabinal",3,2808,380,47,4,10,1,23,2,6,4,3,1,3,0,3,3,5,0,10,3,0,1,1,3,14,147,43,49,239,--,--,--,380,141,147,239,239,Algún campo sin dato,1,acdb81c5695afb3abe96df835930616f9ab944d1c09ebb3f4789a991203bf344,26/06/2023 00:21:29,ESCANER
18342,"Baja Verapaz",15,"Rabinal",3,2808,380,,,,,,,,,,,,,,,,,,,,,,,,,,,,,,,,,,,,,0,,,
18343,"Baja Verapaz",15,"Rabinal",3,2808,380,,,,,,,,,,,,,,,,,,,,,,,,,,,,,,,,,,,,,0,,,
18344,"Baja Verapaz",15,"Rabinal",3,2808,380,,,,,,,,,,,,,,,,,,,,,,,,,,,,,,,,,,,,,0,,,
18345,"Baja Verapaz",15,"Rabinal",3,2808,203,20,1,7,4,11,0,1,1,3,0,5,3,1,1,0,0,2,13,1,0,4,0,10,88,11,10,109,0,109,--,203,94,88,109,109,Algún campo sin dato,1,203202cd7556495c12f25a3b8a13bbbc979aff1c5c5fe50febc4d4ebf70dd0b5,25/06/2023 22:14:19,ESCANER
18346,"Baja Verapaz",15,"Rabinal",3,2808,203,23,0,6,2,5,2,3,2,1,0,0,0,0,0,0,2,2,5,0,0,2,0,5,60,16,10,86,0,86,--,203,117,60,86,86,Algún campo sin dato,1,256cb8ed93e25e71ed57f11dcba471b07d7ee1aaa083cdb2fe6f736b5e330aa8,25/06/2023 22:38:07,ESCANER
18347,"Baja Verapaz",15,"Rabinal",3,2809,356,,,,,,,,,,,,,,,,,,,,,,,,,,,,,,,,,,,,,0,,,
18348,"Baja Verapaz",15,"Rabinal",3,2809,355,23,2,4,5,69,1,2,6,4,1,4,2,1,2,2,0,7,17,1,0,8,1,10,172,22,19,213,2,215,--,355,140,172,213,215,Algún campo sin dato,1,b6d49969d0352a87f1dc51fcb5153a6b0d329ce6fc31603f64eb3d147fe0d5a2,26/06/2023 00:24:14,ESCANER
18349,"Baja Verapaz",15,"Rabinal",3,2810,299,53,3,5,1,5,9,--,3,3,4,4,1,1,2,--,--,14,3,1,--,1,2,5,120,30,39,189,0,189,--,299,110,120,189,189,Algún campo sin dato,1,154b5d63f40883313cd7c40ae591c67d5b8b062a52a4612ed0a21e0b4921201f,25/06/2023 23:28:26,ESCANER
18350,"Baja Verapaz",15,"Rabinal",3,2810,298,31,3,0,1,4,3,1,3,4,3,1,0,0,0,1,0,14,5,0,0,2,1,3,80,25,17,122,0,122,--,298,176,80,122,122,Algún campo sin dato,1,cddae8e8b42b348601f943efd311bc934afb94939a2408e4ff6acea2ad9234b0,25/06/2023 23:44:49,ESCANER
18351,"Baja Verapaz",15,"Rabinal",3,2811,341,,,,,,,,,,,,,,,,,,,,,,,,,,,,,,,,,,,,,0,,,
18352,"Baja Verapaz",15,"Rabinal",3,2811,341,,,,,,,,,,,,,,,,,,,,,,,,,,,,,,,,,,,,,0,,,
18353,"Baja Verapaz",15,"Rabinal",3,2812,579,30,0,7,0,11,0,3,2,4,0,8,4,4,3,0,1,11,11,0,0,3,0,7,109,28,32,169,0,169,--,579,410,109,169,169,Algún campo sin dato,1,e848da2ab2940786d2eefca4bae411a0152a18201ae8467ab8be4cad5c5cf2f1,25/06/2023 23:52:06,ESCANER
18354,"Baja Verapaz",15,"Rabinal",3,2812,578,19,1,7,2,7,0,1,2,5,1,2,2,0,0,2,1,2,13,0,0,2,1,6,76,19,18,113,0,113,--,578,465,76,113,113,Algún campo sin dato,1,0d52b833132465a620e9697f0120004f638195e13eadb5397b3f42347e2aa233,25/06/2023 22:49:11,ESCANER
18355,"Baja Verapaz",15,"Cubulco",4,2813,400,53,9,9,6,0,0,16,14,1,0,46,0,0,0,1,0,6,3,1,1,2,1,1,170,34,24,228,0,228,--,400,172,170,228,228,Algún campo sin dato,1,0abe18c333e9594eba0c55128680d383fcfc8b843db3065716662e8bca957408,25/06/2023 23:22:06,ESCANER
18356,"Baja Verapaz",15,"Cubulco",4,2813,400,,,,,,,,,,,,,,,,,,,,,,,,,,,,,,,,,,,,,0,,,
18357,"Baja Verapaz",15,"Cubulco",4,2813,400,,,,,,,,,,,,,,,,,,,,,,,,,,,,,,,,,,,,,0,,,
18358,"Baja Verapaz",15,"Cubulco",4,2813,400,,,,,,,,,,,,,,,,,,,,,,,,,,,,,,,,,,,,,0,,,
18359,"Baja Verapaz",15,"Cubulco",4,2813,400,,,,,,,,,,,,,,,,,,,,,,,,,,,,,,,,,,,,,0,,,
18360,"Baja Verapaz",15,"Cubulco",4,2813,400,64,7,9,5,0,2,16,10,1,0,44,1,0,0,0,0,7,6,1,0,4,1,2,180,31,10,221,0,221,--,400,179,180,221,221,Algún campo sin dato,1,7971110817c57a0e0ca3685b84118e43c62b566b5c9d7f35512ad836600bab9b,25/06/2023 23:38:24,ESCANER
18361,"Baja Verapaz",15,"Cubulco",4,2813,400,59,4,10,8,1,1,9,15,3,0,37,1,2,0,1,0,5,5,0,0,5,1,0,167,32,15,214,0,214,--,400,186,167,214,214,Algún campo sin dato,1,a37cf4a09215625b4f6cda8c50d805cb36d8945d74603a4162485a7373cfa730,26/06/2023 00:17:59,ESCANER
18362,"Baja Verapaz",15,"Cubulco",4,2813,400,80,0,10,7,3,1,10,15,3,0,34,0,1,0,1,1,8,5,0,2,3,0,0,184,21,15,220,0,220,--,400,180,184,220,220,Algún campo sin dato,1,60402186bfa1533e8059e9193e63797bd1c1cd91d151abbf6971f60c8967a870,26/06/2023 00:21:27,ESCANER
18363,"Baja Verapaz",15,"Cubulco",4,2813,379,,,,,,,,,,,,,,,,,,,,,,,,,,,,,,,,,,,,,0,,,
18364,"Baja Verapaz",15,"Cubulco",4,2813,379,,,,,,,,,,,,,,,,,,,,,,,,,,,,,,,,,,,,,0,,,
18365,"Baja Verapaz",15,"Cubulco",4,2814,400,,,,,,,,,,,,,,,,,,,,,,,,,,,,,,,,,,,,,0,,,
18366,"Baja Verapaz",15,"Cubulco",4,2814,400,,,,,,,,,,,,,,,,,,,,,,,,,,,,,,,,,,,,,0,,,
18367,"Baja Verapaz",15,"Cubulco",4,2814,400,,,,,,,,,,,,,,,,,,,,,,,,,,,,,,,,,,,,,0,,,
18368,"Baja Verapaz",15,"Cubulco",4,2814,318,35,1,14,0,1,1,15,13,2,0,28,0,3,0,0,1,2,1,0,0,2,0,0,119,29,6,154,0,154,--,318,164,119,154,154,Algún campo sin dato,1,a25c481a138614c68844c39b06d3fd5e6cfb53d9a2e9c23599ef01f21031c71c,25/06/2023 23:36:30,ESCANER
18369,"Baja Verapaz",15,"Cubulco",4,2814,317,,,,,,,,,,,,,,,,,,,,,,,,,,,,,,,,,,,,,0,,,
18370,"Baja Verapaz",15,"Cubulco",4,2815,400,,,,,,,,,,,,,,,,,,,,,,,,,,,,,,,,,,,,,0,,,
18371,"Baja Verapaz",15,"Cubulco",4,2815,400,63,2,21,9,1,0,23,20,0,0,30,1,0,1,0,0,3,2,0,0,3,0,3,182,38,29,249,0,249,--,400,151,182,249,249,Algún campo sin dato,1,13658fe2d309d368516e48c8bfd2d1bd052a6df969b16ecf0dff5e269b583cf0,25/06/2023 22:47:06,ESCANER
18372,"Baja Verapaz",15,"Cubulco",4,2815,400,,,,,,,,,,,,,,,,,,,,,,,,,,,,,,,,,,,,,0,,,
18373,"Baja Verapaz",15,"Cubulco",4,2815,400,78,4,8,12,2,0,21,15,1,1,40,1,0,1,2,0,3,5,0,0,3,1,1,199,32,37,268,0,268,--,--,132,199,268,268,Algún campo sin dato,1,1c662318703e5f4a444e741e22535009132645a80b1a52927809b464871fab60,25/06/2023 22:33:45,ESCANER
18374,"Baja Verapaz",15,"Cubulco",4,2815,400,,,,,,,,,,,,,,,,,,,,,,,,,,,,,,,,,,,,,0,,,
18375,"Baja Verapaz",15,"Cubulco",4,2815,400,45,2,7,7,0,1,24,36,0,1,42,1,2,0,2,0,4,4,1,0,4,0,0,183,59,34,276,0,276,--,400,124,183,276,276,Algún campo sin dato,1,3df6e604cd72be7a32a29ea0c0f2fb152e92a77c6ea5e44846f0cdd1a40ab464,26/06/2023 00:18:52,ESCANER
18376,"Baja Verapaz",15,"Cubulco",4,2815,400,50,2,14,2,1,1,20,30,1,2,32,1,1,0,1,0,6,7,1,0,3,0,0,175,47,22,244,0,244,--,400,156,175,244,244,Algún campo sin dato,1,dee866e3f3173c5b424f7e7b60367d931d9cf7e433f2b479e5231f9d03155964,25/06/2023 23:28:38,ESCANER
18377,"Baja Verapaz",15,"Cubulco",4,2815,400,,,,,,,,,,,,,,,,,,,,,,,,,,,,,,,,,,,,,0,,,
18378,"Baja Verapaz",15,"Cubulco",4,2815,400,43,5,6,1,3,2,22,10,1,1,32,3,1,0,2,0,4,4,0,0,2,1,4,147,30,10,187,0,187,--,400,213,147,187,187,Algún campo sin dato,1,72642eacb52f73bf8a60695cf67f7b401d91d529c96e1cdf87866e593c1c7dd7,25/06/2023 22:21:51,ESCANER
18379,"Baja Verapaz",15,"Cubulco",4,2815,400,53,4,11,10,1,1,23,26,4,0,39,0,1,0,1,0,8,8,1,0,4,0,1,196,38,12,246,0,246,--,400,154,196,246,246,Algún campo sin dato,1,51617b76f7fb466a91603aa2e6d29a0c2768815dea0e353c8757e464384b5c74,26/06/2023 00:24:46,ESCANER
18380,"Baja Verapaz",15,"Cubulco",4,2815,400,40,0,8,5,0,1,20,25,2,0,32,1,0,0,1,0,3,11,1,0,5,1,2,158,42,17,217,0,217,--,400,183,158,217,217,Algún campo sin dato,1,920b115229057dd00fdbf2b1a8aa2624e056f8b68abfdfa55be8372f39551c2c,25/06/2023 23:03:50,ESCANER
18381,"Baja Verapaz",15,"Cubulco",4,2815,400,37,7,12,3,3,0,10,25,0,0,32,2,0,2,0,1,6,1,0,0,11,1,5,158,21,13,192,0,192,--,400,208,158,192,192,Algún campo sin dato,1,44b5074a9edfaf717f0d4d1ce6060900463558aea3d2e4a1c717f1470e1dd680,25/06/2023 22:26:31,ESCANER
18382,"Baja Verapaz",15,"Cubulco",4,2815,400,41,1,18,6,1,0,20,21,2,0,31,0,1,1,0,0,2,2,7,0,0,0,0,154,20,6,180,4,184,--,400,216,154,180,184,Algún campo sin dato,1,bf32e8c83024aed1fcf58b4b462e16339f9f7d14303535dca2879a1b25ea6d10,25/06/2023 22:55:09,ESCANER
18383,"Baja Verapaz",15,"Cubulco",4,2815,400,43,2,12,4,1,2,13,26,5,1,21,0,3,1,0,0,5,2,0,0,6,0,1,148,31,9,188,0,188,--,400,212,148,188,188,Algún campo sin dato,1,6d591c04a7c3c87d0df1ec1c09b6adf2851d8502f21ef5803f22047b0a779b17,25/06/2023 23:24:02,ESCANER
18384,"Baja Verapaz",15,"Cubulco",4,2815,323,28,0,6,4,1,0,14,20,1,2,37,0,2,0,0,0,5,4,0,0,10,2,2,138,14,6,0,0,158,--,323,165,138,158,158,Algún campo sin dato,1,a2c866b96ff4c33dc0ac1d072b49cc7e5eb663861aa00e3c8e45eec060df7838,25/06/2023 23:15:25,ESCANER
18385,"Baja Verapaz",15,"Cubulco",4,2815,322,,,,,,,,,,,,,,,,,,,,,,,,,,,,,,,,,,,,,0,,,
18386,"Baja Verapaz",15,"Cubulco",4,2816,400,51,7,11,4,1,1,16,15,0,2,38,0,2,0,0,0,1,3,2,0,6,0,0,160,43,29,232,0,232,--,400,168,160,232,232,Algún campo sin dato,1,1cfce6b8333e019853dad10e6eab87c80ae598225a89589c253026388d65f373,25/06/2023 23:40:39,ESCANER
18387,"Baja Verapaz",15,"Cubulco",4,2816,400,,,,,,,,,,,,,,,,,,,,,,,,,,,,,,,,,,,,,0,,,
18388,"Baja Verapaz",15,"Cubulco",4,2816,400,,,,,,,,,,,,,,,,,,,,,,,,,,,,,,,,,,,,,0,,,
18389,"Baja Verapaz",15,"Cubulco",4,2816,400,,,,,,,,,,,,,,,,,,,,,,,,,,,,,,,,,,,,,0,,,
18390,"Baja Verapaz",15,"Cubulco",4,2816,400,53,4,8,7,0,0,15,11,1,1,40,1,1,0,0,0,3,3,0,1,6,0,0,155,37,14,206,0,206,--,400,194,155,206,206,Algún campo sin dato,1,d3d4b5c8b6ec62ab8a730b83eea34509ad4bd2f6f9b45095d4e5a668736defee,26/06/2023 00:13:23,ESCANER
18391,"Baja Verapaz",15,"Cubulco",4,2816,301,36,2,15,3,0,0,13,10,1,1,26,1,1,1,1,0,2,1,0,1,2,0,1,118,20,3,141,0,141,--,301,160,118,141,141,Algún campo sin dato,1,2e7e680a7ee9a7f20f32ffaf723be9ba0fa56a5ffa7b12a37245e7e9cad2f2af,26/06/2023 00:22:18,ESCANER
18392,"Baja Verapaz",15,"Cubulco",4,2816,301,36,2,6,4,0,1,9,12,0,0,29,0,2,0,0,0,5,3,1,0,4,0,1,115,27,8,150,0,150,--,301,151,115,150,150,Algún campo sin dato,1,124786ac395b3b0ffa90558cd1ce3d8475fdb693f3139cb13818757ef27f2656,25/06/2023 23:47:35,ESCANER
18393,"Baja Verapaz",15,"Cubulco",4,2817,380,,,,,,,,,,,,,,,,,,,,,,,,,,,,,,,,,,,,,0,,,
18394,"Baja Verapaz",15,"Cubulco",4,2817,380,20,1,18,2,0,0,31,55,0,2,17,0,0,1,1,0,0,1,1,2,2,0,0,154,25,34,213,0,213,--,380,167,154,213,213,Algún campo sin dato,1,6b0e33a8d3dcaa314a6b29da2af99e798f36bfe0d416da2fbbc0ddc60ea42c6a,26/06/2023 00:27:37,ESCANER
18395,"Baja Verapaz",15,"Cubulco",4,2817,380,11,3,21,0,0,1,16,90,0,1,18,2,0,3,1,0,3,0,2,0,0,1,0,173,22,30,225,0,225,--,380,155,173,225,225,Algún campo sin dato,1,8d09b45903b34db0bbcb3d8ce0353ab141d7276b15ef8849d72bf627c57ed59e,26/06/2023 00:21:49,ESCANER
18396,"Baja Verapaz",15,"Cubulco",4,2817,380,16,1,19,0,0,0,34,58,2,2,13,0,0,0,2,0,1,0,0,0,1,0,0,149,19,23,191,0,191,--,380,189,149,191,191,Algún campo sin dato,1,6957bbbf528a37f66fcffc4c41509b5d1a78762978acf85cc30790b46774c5b8,25/06/2023 23:16:15,ESCANER
18397,"Baja Verapaz",15,"Cubulco",4,2817,222,11,1,15,1,1,0,14,39,1,0,11,0,1,0,0,0,1,0,0,0,2,1,1,100,7,8,115,0,115,--,222,107,100,115,115,Algún campo sin dato,1,79c6d991530f78512097084db4d23e0ed3e3c0b3a3447a1f82f249978625ca13,25/06/2023 22:34:43,ESCANER
18398,"Baja Verapaz",15,"Cubulco",4,2817,221,11,1,9,1,1,0,12,34,0,0,5,0,1,0,1,0,2,2,0,0,1,0,0,81,8,8,97,0,97,--,221,124,81,97,97,Algún campo sin dato,1,d13848eee78263dccb7780b8ee51cb780bc870994c7a3d30fca621b40c5569c5,26/06/2023 00:00:20,ESCANER
18399,"Baja Verapaz",15,"Cubulco",4,2818,380,,,,,,,,,,,,,,,,,,,,,,,,,,,,,,,,,,,,,0,,,
18400,"Baja Verapaz",15,"Cubulco",4,2818,380,,,,,,,,,,,,,,,,,,,,,,,,,,,,,,,,,,,,,0,,,
18401,"Baja Verapaz",15,"Cubulco",4,2818,380,,,,,,,,,,,,,,,,,,,,,,,,,,,,,,,,,,,,,0,,,
18402,"Baja Verapaz",15,"Cubulco",4,2818,380,,,,,,,,,,,,,,,,,,,,,,,,,,,,,,,,,,,,,0,,,
18403,"Baja Verapaz",15,"Cubulco",4,2818,380,,,,,,,,,,,,,,,,,,,,,,,,,,,,,,,,,,,,,0,,,
18404,"Baja Verapaz",15,"Cubulco",4,2818,380,,,,,,,,,,,,,,,,,,,,,,,,,,,,,,,,,,,,,0,,,
18405,"Baja Verapaz",15,"Cubulco",4,2818,335,,,,,,,,,,,,,,,,,,,,,,,,,,,,,,,,,,,,,0,,,
18406,"Baja Verapaz",15,"Cubulco",4,2818,334,,,,,,,,,,,,,,,,,,,,,,,,,,,,,,,,,,,,,0,,,
18407,"Baja Verapaz",15,"Cubulco",4,2819,380,,,,,,,,,,,,,,,,,,,,,,,,,,,,,,,,,,,,,0,,,
18408,"Baja Verapaz",15,"Cubulco",4,2819,380,,,,,,,,,,,,,,,,,,,,,,,,,,,,,,,,,,,,,0,,,
18409,"Baja Verapaz",15,"Cubulco",4,2819,380,,,,,,,,,,,,,,,,,,,,,,,,,,,,,,,,,,,,,0,,,
18410,"Baja Verapaz",15,"Cubulco",4,2819,234,37,3,4,1,1,0,2,8,0,0,42,0,0,0,0,0,1,1,0,0,0,0,0,100,8,18,126,0,126,--,234,108,100,126,126,Algún campo sin dato,1,2fcedbe54d5ebbc8fbc12ed28a520b770150cf4fd24be9bffcd0029c5755f70f,26/06/2023 00:04:19,ESCANER
18411,"Baja Verapaz",15,"Cubulco",4,2819,234,,,,,,,,,,,,,,,,,,,,,,,,,,,,,,,,,,,,,0,,,
18412,"Baja Verapaz",15,"Cubulco",4,2820,380,28,2,12,25,0,1,5,30,2,0,42,1,0,0,0,0,1,3,0,0,0,0,1,153,23,23,199,0,199,0,380,181,153,199,199,,1,839f3eeff5656cf1f48ca95d8d36e0a124c0642897fdc2e3a86af7c9f097d2a9,26/06/2023 00:11:58,ESCANER
18413,"Baja Verapaz",15,"Cubulco",4,2820,380,19,2,26,14,1,0,10,38,2,0,33,0,0,0,0,1,0,3,1,0,0,0,0,150,28,30,208,0,208,--,380,172,150,208,208,Algún campo sin dato,1,76ec74c5c9e89a139c5d4588a7bfc758705442da599079966621b2ab59944a69,25/06/2023 23:45:30,ESCANER
18414,"Baja Verapaz",15,"Cubulco",4,2820,380,26,5,14,19,0,0,20,26,3,3,33,0,0,0,1,0,4,1,0,0,1,0,0,156,27,24,207,0,207,--,380,173,156,207,207,Algún campo sin dato,1,bf58efb42c4fe762f16ceae5f6209f3c48bbd8999edcc803c96e6649ee00f9f6,25/06/2023 23:07:57,ESCANER
18415,"Baja Verapaz",15,"Cubulco",4,2820,342,20,2,25,21,0,0,6,19,0,2,20,0,0,0,1,0,3,0,0,0,2,0,1,122,20,12,154,0,154,--,342,188,122,154,154,Algún campo sin dato,1,6648f574db62d3cdfa55340f8c19b8f310ac3442b77fc82cadd61ff03aeaa40a,25/06/2023 22:33:59,ESCANER
18416,"Baja Verapaz",15,"Cubulco",4,2820,342,28,0,7,12,0,0,3,27,2,0,46,0,0,0,0,0,2,0,0,0,0,0,0,127,15,10,152,0,152,--,342,190,127,152,152,Algún campo sin dato,1,e64d2587d349cf1c123a85fe1efd47d1ebf690e4c62fcedef19705eba0dd88bd,25/06/2023 23:14:42,ESCANER
18417,"Baja Verapaz",15,"Cubulco",4,2821,380,,,,,,,,,,,,,,,,,,,,,,,,,,,,,,,,,,,,,0,,,
18418,"Baja Verapaz",15,"Cubulco",4,2821,380,,,,,,,,,,,,,,,,,,,,,,,,,,,,,,,,,,,,,0,,,
18419,"Baja Verapaz",15,"Cubulco",4,2821,380,50,20,2,23,0,0,4,6,0,0,33,0,0,3,1,0,3,4,0,0,1,0,0,150,31,29,210,0,210,--,381,171,150,210,210,Algún campo sin dato,1,6e6ec647b251de4e86f145107e163eaf906539cb0263f221c8180b66a614e4db,25/06/2023 23:38:38,ESCANER
18420,"Baja Verapaz",15,"Cubulco",4,2821,273,33,14,2,11,0,0,2,3,0,0,33,0,0,0,0,0,4,2,0,0,1,1,0,106,19,17,142,0,142,--,273,131,106,142,142,Algún campo sin dato,1,03bc5a57d872a795d682abe70736147de2f7624ef08556f7db9afcabe13a2634,26/06/2023 00:24:52,ESCANER
18421,"Baja Verapaz",15,"Cubulco",4,2821,272,,,,,,,,,,,,,,,,,,,,,,,,,,,,,,,,,,,,,0,,,
18422,"Baja Verapaz",15,"Cubulco",4,2822,380,20,11,9,1,1,1,7,30,0,0,44,0,0,0,0,0,3,2,0,0,3,0,0,132,18,24,174,0,174,--,380,206,132,174,174,Algún campo sin dato,1,06d4220f17977b513651c099a8777d5af9eabd5083e2ad25049551d52adb0599,25/06/2023 23:04:56,ESCANER
18423,"Baja Verapaz",15,"Cubulco",4,2822,380,,,,,,,,,,,,,,,,,,,,,,,,,,,,,,,,,,,,,0,,,
18424,"Baja Verapaz",15,"Cubulco",4,2822,380,,,,,,,,,,,,,,,,,,,,,,,,,,,,,,,,,,,,,0,,,
18425,"Baja Verapaz",15,"Cubulco",4,2822,380,,,,,,,,,,,,,,,,,,,,,,,,,,,,,,,,,,,,,0,,,
18426,"Baja Verapaz",15,"Cubulco",4,2822,297,,,,,,,,,,,,,,,,,,,,,,,,,,,,,,,,,,,,,0,,,
18427,"Baja Verapaz",15,"Cubulco",4,2822,297,23,4,5,1,0,0,2,28,0,0,23,0,0,0,0,0,2,3,0,0,1,0,0,92,16,19,127,0,127,--,297,170,92,127,127,Algún campo sin dato,1,bf2f48c64666ce13a340e6012db4da3dee49dc99bd8071d10f3098efb7b05dce,25/06/2023 23:39:53,ESCANER
18428,"Baja Verapaz",15,"Cubulco",4,2823,380,32,3,19,60,1,0,11,22,1,0,24,0,2,1,1,0,1,2,0,1,0,1,0,182,24,34,240,0,240,--,380,140,182,240,240,Algún campo sin dato,1,b8ac2a90dec0a7c4eb8ef48eb4be5b4e965f4f6e06ad177f2db5a482a845262f,25/06/2023 23:32:43,ESCANER
18429,"Baja Verapaz",15,"Cubulco",4,2823,287,14,8,17,22,1,0,10,24,0,5,18,1,1,0,0,0,0,1,0,0,0,1,2,125,25,23,173,0,173,--,287,111,125,173,173,Algún campo sin dato,1,343a57a602a00cd60167bdf49f9c87a76080485655a2716662bef59db02ceeb6,26/06/2023 00:20:20,ESCANER
18430,"Baja Verapaz",15,"Cubulco",4,2823,287,13,3,12,40,1,0,5,15,0,0,12,0,0,0,0,0,0,1,1,1,0,0,1,105,13,15,133,0,133,--,287,154,105,133,133,Algún campo sin dato,1,e05afa3ce67f533db896591b8203594982a473988905b4627d7c0fd8f0937314,25/06/2023 22:39:23,ESCANER
18431,"Baja Verapaz",15,"Cubulco",4,2824,380,45,2,30,1,2,1,28,41,0,3,13,0,1,0,0,0,4,1,0,1,0,0,1,174,30,18,222,0,222,--,380,158,174,222,222,Algún campo sin dato,1,851e86f629a2e7e62afa56fded143876eaf66046e1dc9a79613456871d731e58,25/06/2023 23:37:33,ESCANER
18432,"Baja Verapaz",15,"Cubulco",4,2824,380,22,1,49,1,1,1,36,25,0,2,17,3,0,0,0,0,1,1,0,1,3,1,1,166,33,31,230,0,230,--,380,150,166,230,230,Algún campo sin dato,1,21c0ce7495b8c2a00bf8f0d901b36a1c1bdef44544fc6c5f91bdf605919a0665,26/06/2023 00:20:08,ESCANER
18433,"Baja Verapaz",15,"Cubulco",4,2824,369,29,1,51,1,0,1,20,25,0,0,14,0,0,0,0,0,0,2,0,0,2,0,0,146,21,22,189,0,189,--,369,180,146,189,189,Algún campo sin dato,1,eeab4c8e02b606b462c25f3642d331b00d914d282e68319a62034579ecab2e86,25/06/2023 23:11:20,ESCANER
18434,"Baja Verapaz",15,"Cubulco",4,2824,369,26,2,45,1,0,0,25,8,0,0,11,0,1,1,0,0,2,2,0,0,0,0,0,124,22,15,161,0,161,--,368,207,124,161,161,Algún campo sin dato,1,a75fc5a2dbcee4a713c762214c4493e216f33237d8e1eefcb3c103f8d3289f1e,25/06/2023 23:04:28,ESCANER
18435,"Baja Verapaz",15,"Cubulco",4,2825,286,,,,,,,,,,,,,,,,,,,,,,,,,,,,,,,,,,,,,0,,,
18436,"Baja Verapaz",15,"Cubulco",4,2825,286,,,,,,,,,,,,,,,,,,,,,,,,,,,,,,,,,,,,,0,,,
18437,"Baja Verapaz",15,"Cubulco",4,2826,380,62,6,4,2,0,1,3,22,0,1,64,0,0,0,0,1,1,0,1,0,0,1,0,240,26,45,240,0,240,--,380,140,169,240,240,Sumas Asentadas sin cuadrar,1,a0396dc0b5d2c848414cbeb8928e77978e2687a61586814d035ebe6e0bb33f82,26/06/2023 00:17:21,ESCANER
18438,"Baja Verapaz",15,"Cubulco",4,2826,380,,,,,,,,,,,,,,,,,,,,,,,,,,,,,,,,,,,,,0,,,
18439,"Baja Verapaz",15,"Cubulco",4,2826,252,28,7,3,0,0,0,3,6,0,2,37,1,1,0,0,0,1,1,0,0,2,0,0,92,14,23,129,0,129,--,250,121,92,129,129,Algún campo sin dato,1,ceac0a214f1bb550b1b1679ee0116ef36df71b7bf0be0432960b870cea69ef4e,25/06/2023 22:38:21,ESCANER
18440,"Baja Verapaz",15,"Cubulco",4,2826,252,29,1,4,1,0,0,3,10,0,0,44,0,0,1,0,0,1,1,2,0,0,0,0,97,9,12,118,0,118,--,252,134,97,118,118,Algún campo sin dato,1,bdb9db954b8a67be45ec15450292ad9937cf653a42f04af4390021d19ce9bbb0,25/06/2023 23:05:25,ESCANER
18441,"Baja Verapaz",15,"Cubulco",4,2827,380,,,,,,,,,,,,,,,,,,,,,,,,,,,,,,,,,,,,,0,,,
18442,"Baja Verapaz",15,"Cubulco",4,2827,380,,,,,,,,,,,,,,,,,,,,,,,,,,,,,,,,,,,,,0,,,
18443,"Baja Verapaz",15,"Cubulco",4,2827,380,,,,,,,,,,,,,,,,,,,,,,,,,,,,,,,,,,,,,0,,,
18444,"Baja Verapaz",15,"Cubulco",4,2827,242,,,,,,,,,,,,,,,,,,,,,,,,,,,,,,,,,,,,,0,,,
18445,"Baja Verapaz",15,"Cubulco",4,2827,242,,,,,,,,,,,,,,,,,,,,,,,,,,,,,,,,,,,,,0,,,
18446,"Baja Verapaz",15,"Cubulco",4,2828,445,8,4,2,1,1,0,5,5,1,1,8,1,0,0,0,0,2,1,0,1,1,0,0,42,8,5,55,0,55,--,445,390,42,55,55,Algún campo sin dato,1,68c7d2ce8aba9c9d3c271fe907074945a3f38004103556b04b4b12eceefd132e,25/06/2023 23:06:47,ESCANER
18447,"Baja Verapaz",15,"Cubulco",4,2828,445,11,1,1,0,0,0,4,6,0,0,8,0,0,0,0,0,0,0,0,0,0,0,0,31,7,2,40,0,40,--,445,405,31,40,40,Algún campo sin dato,1,4a88e5cd86f7d34df26417cb7aa3a1d3bd0d1c253ee745c329a952ac407b031d,25/06/2023 23:43:49,ESCANER
18448,"Baja Verapaz",15,"Granados",5,2829,400,65,0,22,0,0,1,0,97,0,3,6,0,3,0,0,1,15,1,1,0,7,0,0,222,22,29,273,0,273,--,400,127,222,273,273,Algún campo sin dato,1,53778b61c14da018e53ff136aa58323d76fb7923cf56bb79d53eb18b95366613,26/06/2023 00:19:33,ESCANER
18449,"Baja Verapaz",15,"Granados",5,2829,400,58,2,20,0,0,2,0,103,1,0,5,1,3,0,3,2,13,1,1,1,6,0,2,224,25,47,296,0,296,--,400,104,224,296,296,Algún campo sin dato,1,9028b5a119815b286606dbd8442bd4d78a3a5f34ee024e957ea60e514f8fecbb,25/06/2023 23:04:16,ESCANER
18450,"Baja Verapaz",15,"Granados",5,2829,400,51,0,19,0,0,1,2,122,0,1,4,1,3,1,0,1,16,1,1,0,17,0,0,241,31,34,306,0,306,--,400,94,241,306,306,Algún campo sin dato,1,b31f6effd83a2d9d1f38f90566516eb477346bf802a6f17dbb79dd94a742e29a,26/06/2023 00:17:29,ESCANER
18451,"Baja Verapaz",15,"Granados",5,2829,400,41,2,25,0,0,1,3,129,0,1,6,0,1,0,1,0,11,1,1,1,19,0,0,243,26,39,308,0,308,--,400,92,243,308,308,Algún campo sin dato,1,d39168cc73794959a33ab91805115cd7aeea625a9e45f298e9cde505dcfab7b2,25/06/2023 23:52:38,ESCANER
18452,"Baja Verapaz",15,"Granados",5,2829,400,53,1,31,0,0,1,0,124,0,1,4,6,2,0,0,0,11,2,0,0,11,1,0,248,18,47,313,0,313,--,400,87,248,313,313,Algún campo sin dato,1,5cc4d92cc56b258d2d8bd98818a52e7770b628942b81d0d89c027494202c2c1e,25/06/2023 23:09:47,ESCANER
18453,"Baja Verapaz",15,"Granados",5,2829,400,51,4,26,0,0,0,0,131,1,0,5,1,3,2,1,0,14,1,0,0,8,1,0,249,20,46,315,0,315,--,400,85,249,315,315,Algún campo sin dato,1,df5f8a306578a5a6ad0a05763143c1b1dcfddbba91170a5e3494ce92e4f53fad,25/06/2023 23:52:20,ESCANER
18454,"Baja Verapaz",15,"Granados",5,2830,400,58,2,31,0,1,0,1,107,0,2,1,3,2,2,1,0,10,2,0,2,18,0,0,243,27,45,315,0,315,--,400,85,243,315,315,Algún campo sin dato,1,ebc3c0058c12ed377d903137bca4fb5438e301e7a0e8b96102a5210714365d09,25/06/2023 21:51:09,ESCANER
18455,"Baja Verapaz",15,"Granados",5,2830,400,44,1,43,1,0,1,1,83,3,0,2,0,4,0,1,0,12,0,0,1,15,0,1,213,18,21,252,0,252,--,400,148,213,252,252,Algún campo sin dato,1,e02b247dee28f1efedc73b675a774f4a79d7871b12e7eeda9690f05398cf1052,25/06/2023 22:26:09,ESCANER
18456,"Baja Verapaz",15,"Granados",5,2830,400,40,3,35,0,3,1,2,93,3,0,2,1,4,1,0,0,16,2,0,1,15,0,1,223,24,17,264,0,264,--,400,136,223,264,264,Algún campo sin dato,1,45071fc8a1a3995644d310d9db6952250054342b5b60630728bf296814f31f8e,25/06/2023 22:07:54,ESCANER
18457,"Baja Verapaz",15,"Granados",5,2830,400,22,5,35,0,0,0,1,73,2,0,3,4,3,0,1,0,14,2,1,1,19,0,0,186,26,30,242,0,242,--,400,158,186,242,242,Algún campo sin dato,1,ccce10080120306dbac738b85b243f29ffa57e07d7aa3a416a6d90eed0f933ec,25/06/2023 22:33:39,ESCANER
18458,"Baja Verapaz",15,"Granados",5,2831,400,33,0,24,0,1,0,1,80,1,1,4,1,4,0,1,0,16,2,0,0,8,0,1,178,27,23,228,0,228,--,400,172,178,228,228,Algún campo sin dato,1,307f34b3d3cc6c63204089d2b3a971dad9a69efe9ebfec65050224f90ebe1f0a,25/06/2023 23:18:57,ESCANER
18459,"Baja Verapaz",15,"Granados",5,2831,400,35,0,54,0,1,1,0,103,0,0,13,2,5,0,1,0,8,3,0,0,20,1,1,248,20,18,--,0,286,--,400,114,248,286,286,Algún campo sin dato,1,dc0d1ee93faa5b3ada5fec6cc811de83559bb6506ce0ff3114fbfbf5ef422e7e,25/06/2023 23:45:25,ESCANER
18460,"Baja Verapaz",15,"Granados",5,2831,400,39,0,36,0,3,1,3,89,3,2,7,0,8,0,1,0,8,4,0,0,22,1,1,228,27,14,269,0,269,--,400,131,228,269,269,Algún campo sin dato,1,b9a5b52205f122ca20d175fee94a06ed6a873ad903d3cb32589c7dce109d7f6e,25/06/2023 23:23:54,ESCANER
18461,"Baja Verapaz",15,"Granados",5,2831,234,28,0,36,0,2,1,2,45,2,2,3,1,4,1,0,0,6,0,0,0,15,0,0,148,18,12,178,0,178,--,234,56,148,178,178,Algún campo sin dato,1,36359734c19d563f3767c4d3e14ac720ad23565f29b13f4875db5d96cbc9d622,25/06/2023 21:24:08,ESCANER
18462,"Baja Verapaz",15,"Granados",5,2831,233,23,0,10,1,0,0,2,41,0,0,0,1,2,0,0,0,5,1,0,0,6,0,0,92,14,15,121,0,121,--,233,112,92,121,121,Algún campo sin dato,1,03de445193c34ae970fa17504337ef08fbbbb0436e7ffb83b753a026f60c9939,25/06/2023 21:09:00,ESCANER
18463,"Baja Verapaz",15,"Granados",5,2832,380,,,,,,,,,,,,,,,,,,,,,,,,,,,,,,,,,,,,,0,,,
18464,"Baja Verapaz",15,"Granados",5,2832,380,,,,,,,,,,,,,,,,,,,,,,,,,,,,,,,,,,,,,0,,,
18465,"Baja Verapaz",15,"Granados",5,2832,351,51,3,23,0,2,1,0,69,1,0,1,1,0,1,0,0,6,1,0,0,4,0,0,164,17,35,216,0,216,--,351,135,164,216,216,Algún campo sin dato,1,59b5d63736ce5bf54a0210b05b7a4af6f06470499b797d82d67920c1697f3a6d,25/06/2023 23:12:44,ESCANER
18466,"Baja Verapaz",15,"Granados",5,2832,350,49,0,21,1,1,0,0,95,0,0,5,0,1,0,0,0,6,0,1,0,3,0,0,183,5,39,227,1,228,1,350,151,183,227,228,,1,26f7a71559a286d5f965984f6232bb04f3ba7b9215a378a1a80eb5371b67395f,25/06/2023 23:30:03,ESCANER
18467,"Baja Verapaz",15,"Granados",5,2833,380,90,0,8,0,0,0,1,61,1,1,5,2,0,0,1,0,8,6,0,1,7,1,0,193,19,14,226,0,226,--,380,154,193,226,226,Algún campo sin dato,1,a7c3deb1e3426973be7b12907af2f66228ff8733e35a7d474317471ab1aaee5d,25/06/2023 23:50:46,ESCANER
18468,"Baja Verapaz",15,"Granados",5,2833,380,83,3,5,2,3,0,0,77,2,3,3,1,1,0,1,1,9,0,1,0,9,0,0,204,25,26,255,0,255,--,381,126,204,255,255,Algún campo sin dato,1,2c5430ad42f673fbb32b93a37e2e5d225ce95acbe6e475c8f1a447ab3f7708a9,26/06/2023 00:21:45,ESCANER
18469,"Baja Verapaz",15,"Granados",5,2833,380,82,2,14,2,0,1,1,65,1,0,4,1,4,0,0,0,13,1,0,0,8,0,0,199,26,33,258,0,258,--,380,122,199,258,258,Algún campo sin dato,1,a4de3832a4f0517b9f976aba6c99dd5e3146fbcdcb23d24f2eb8e64a8ceef747,25/06/2023 23:03:12,ESCANER
18470,"Baja Verapaz",15,"Granados",5,2833,380,100,1,12,0,2,1,0,74,3,2,4,2,3,1,0,1,14,2,0,0,4,0,0,226,23,29,278,0,278,--,380,102,226,278,278,Algún campo sin dato,1,7c29d733b271c093feeebb7e7b33f969fd74eb1e33394c77fe5554d4da703364,25/06/2023 23:46:00,ESCANER
18471,"Baja Verapaz",15,"Granados",5,2834,380,87,1,9,2,0,1,2,76,0,0,1,0,2,2,1,1,4,6,0,0,8,0,0,203,10,9,222,0,222,--,380,158,203,222,222,Algún campo sin dato,1,ee696a7754f32b30fdf97b6c19c42eb39da99055d86d987672d10f31afbdf009,26/06/2023 00:05:39,ESCANER
18472,"Baja Verapaz",15,"Granados",5,2834,380,85,1,11,1,0,0,2,54,4,1,3,2,1,1,0,1,12,2,1,0,12,1,0,195,27,21,243,0,243,--,380,137,195,243,243,Algún campo sin dato,1,66fe519425660cdba358d0a882cbe4fa6c81beda23d3604fdf5c3b0324faaeb3,25/06/2023 23:49:54,ESCANER
18473,"Baja Verapaz",15,"Granados",5,2834,380,,,,,,,,,,,,,,,,,,,,,,,,,,,,,,,,,,,,,0,,,
18474,"Baja Verapaz",15,"Granados",5,2834,313,75,2,8,0,0,2,0,50,1,0,4,0,1,2,0,0,2,2,0,0,11,0,0,160,15,21,196,0,196,--,313,117,160,196,196,Algún campo sin dato,1,62c272b06fd61f08e897c18a93dc6e15d781146ee9095af9ccc75a30d3afdb69,25/06/2023 22:10:43,ESCANER
18475,"Baja Verapaz",15,"Granados",5,2834,312,67,0,9,3,0,0,1,58,1,0,2,2,2,1,0,0,9,2,0,3,7,0,1,168,14,3,185,0,185,--,312,127,168,185,185,Algún campo sin dato,1,15623eed9970a0a621b4f6557f892a25d5304a5d995a3cd64c1e9ea953175db1,25/06/2023 22:40:16,ESCANER
18476,"Baja Verapaz",15,"Granados",5,2835,451,14,2,6,1,0,1,0,15,0,0,1,0,0,0,1,0,6,2,0,0,3,0,0,52,13,7,72,0,72,--,452,380,52,72,72,Algún campo sin dato,1,f358550eaac8cd673cb67bb103496efeb4330e76059a3a9737be780bfec4d27f,25/06/2023 21:13:09,ESCANER
18477,"Baja Verapaz",15,"El Chol",6,2836,400,44,0,97,0,5,5,22,5,5,1,8,1,3,3,0,2,5,0,0,1,6,1,0,214,27,34,275,0,275,0,400,125,214,275,275,,1,2dfa236646c3ab136fbb6e46c1d7cfc83386e06b16402acc3bf8aa7c241709ff,25/06/2023 23:11:45,ESCANER
18478,"Baja Verapaz",15,"El Chol",6,2836,400,,,,,,,,,,,,,,,,,,,,,,,,,,,,,,,,,,,,,0,,,
18479,"Baja Verapaz",15,"El Chol",6,2836,400,,,,,,,,,,,,,,,,,,,,,,,,,,,,,,,,,,,,,0,,,
18480,"Baja Verapaz",15,"El Chol",6,2836,400,58,1,99,0,3,0,31,10,3,1,5,0,2,2,3,2,2,0,2,0,2,0,1,227,33,47,307,0,307,0,400,93,227,307,307,,1,d7f6cb99183aa9ce672ba7893f52446b50b2a8456f5e330e3e6e9e3bc15a1c2b,25/06/2023 23:23:47,ESCANER
18481,"Baja Verapaz",15,"El Chol",6,2836,400,51,0,110,0,4,4,42,5,0,1,5,2,3,0,1,0,5,0,2,1,5,2,0,243,23,54,320,0,320,0,400,80,243,320,320,,1,458ee646331468fe23a1206e4bf5837cf9c3307fbfd2870ccda7463a05393bb8,25/06/2023 23:17:06,ESCANER
18482,"Baja Verapaz",15,"El Chol",6,2836,400,27,0,113,1,1,6,30,2,1,0,2,0,5,0,1,0,5,0,0,0,6,0,1,201,31,31,263,0,263,0,400,137,201,263,263,,1,4573ecef2ac997468ea33220d5f725fc951aa9bf637532f181f6f45a912b86be,25/06/2023 22:57:39,ESCANER
18483,"Baja Verapaz",15,"El Chol",6,2837,400,,,,,,,,,,,,,,,,,,,,,,,,,,,,,,,,,,,,,0,,,
18484,"Baja Verapaz",15,"El Chol",6,2837,400,,,,,,,,,,,,,,,,,,,,,,,,,,,,,,,,,,,,,0,,,
18485,"Baja Verapaz",15,"El Chol",6,2837,400,,,,,,,,,,,,,,,,,,,,,,,,,,,,,,,,,,,,,0,,,
18486,"Baja Verapaz",15,"El Chol",6,2837,306,,,,,,,,,,,,,,,,,,,,,,,,,,,,,,,,,,,,,0,,,
18487,"Baja Verapaz",15,"El Chol",6,2838,306,,,,,,,,,,,,,,,,,,,,,,,,,,,,,,,,,,,,,0,,,
18488,"Baja Verapaz",15,"El Chol",6,2839,380,,,,,,,,,,,,,,,,,,,,,,,,,,,,,,,,,,,,,0,,,
18489,"Baja Verapaz",15,"El Chol",6,2839,380,,,,,,,,,,,,,,,,,,,,,,,,,,,,,,,,,,,,,0,,,
18490,"Baja Verapaz",15,"El Chol",6,2839,380,,,,,,,,,,,,,,,,,,,,,,,,,,,,,,,,,,,,,0,,,
18491,"Baja Verapaz",15,"El Chol",6,2839,380,,,,,,,,,,,,,,,,,,,,,,,,,,,,,,,,,,,,,0,,,
18492,"Baja Verapaz",15,"El Chol",6,2839,209,,,,,,,,,,,,,,,,,,,,,,,,,,,,,,,,,,,,,0,,,
18493,"Baja Verapaz",15,"El Chol",6,2839,209,,,,,,,,,,,,,,,,,,,,,,,,,,,,,,,,,,,,,0,,,
18494,"Baja Verapaz",15,"El Chol",6,2840,367,,,,,,,,,,,,,,,,,,,,,,,,,,,,,,,,,,,,,0,,,
18495,"Baja Verapaz",15,"El Chol",6,2840,366,,,,,,,,,,,,,,,,,,,,,,,,,,,,,,,,,,,,,0,,,
18496,"Baja Verapaz",15,"El Chol",6,2841,318,,,,,,,,,,,,,,,,,,,,,,,,,,,,,,,,,,,,,0,,,
18497,"Baja Verapaz",15,"San Jerónimo",7,2842,400,,,,,,,,,,,,,,,,,,,,,,,,,,,,,,,,,,,,,0,,,
18498,"Baja Verapaz",15,"San Jerónimo",7,2842,400,,,,,,,,,,,,,,,,,,,,,,,,,,,,,,,,,,,,,0,,,
18499,"Baja Verapaz",15,"San Jerónimo",7,2842,400,26,4,38,4,6,1,24,18,5,0,25,0,0,1,14,1,7,1,0,3,4,6,0,188,43,16,247,0,247,--,400,153,188,247,247,Algún campo sin dato,1,daca52daee435aeed8db25ba641736fbaaead6cf08a8974a75c1dee22db55c06,25/06/2023 22:09:23,ESCANER
18500,"Baja Verapaz",15,"San Jerónimo",7,2842,400,,,,,,,,,,,,,,,,,,,,,,,,,,,,,,,,,,,,,0,,,
18501,"Baja Verapaz",15,"San Jerónimo",7,2842,400,41,2,59,0,2,4,26,16,3,2,22,3,1,2,18,1,8,0,0,2,3,1,0,216,40,10,266,0,266,--,400,134,216,266,266,Algún campo sin dato,1,ef8cd625f203c83c44a308a577af7df99fada0f6e03f5ae6c30a625148ac1b92,26/06/2023 00:08:42,ESCANER
18502,"Baja Verapaz",15,"San Jerónimo",7,2842,400,28,2,48,3,2,2,17,5,6,0,15,1,0,3,5,1,9,0,1,1,4,0,0,153,32,5,190,0,190,--,400,210,153,190,190,Algún campo sin dato,1,02ad2ba5c680bbd5894bf48f1f6165cde110ea243ddc91a8504261af78ab6fac,25/06/2023 23:12:42,ESCANER
18503,"Baja Verapaz",15,"San Jerónimo",7,2842,400,22,2,53,1,4,2,30,13,7,1,22,3,1,2,8,0,8,1,0,0,5,1,1,187,40,13,240,0,240,--,400,160,187,240,240,Algún campo sin dato,1,6921441fc50667dbcdd61a4785519e5b811278ed4e6874677ecd281f5aa6942c,25/06/2023 23:55:39,ESCANER
18504,"Baja Verapaz",15,"San Jerónimo",7,2842,400,23,3,57,3,4,3,24,11,7,1,21,0,2,3,8,0,8,3,0,0,5,1,1,188,32,8,228,0,228,--,400,172,188,228,228,Algún campo sin dato,1,aa5c0fbe1333d57e9c582a974f687f2a94c013ff78be5c631488724557697814,26/06/2023 00:04:31,ESCANER
18505,"Baja Verapaz",15,"San Jerónimo",7,2843,400,,,,,,,,,,,,,,,,,,,,,,,,,,,,,,,,,,,,,0,,,
18506,"Baja Verapaz",15,"San Jerónimo",7,2843,263,17,6,47,5,2,1,11,11,3,0,8,2,2,1,4,1,5,1,0,1,3,3,1,135,18,4,157,0,157,--,263,106,135,157,157,Algún campo sin dato,1,436c92a442e2a855e9fcc764ea69a0e0dc50d0ef3e218dcb30fd04c617a7b142,25/06/2023 23:57:13,ESCANER
18507,"Baja Verapaz",15,"San Jerónimo",7,2843,262,15,0,24,0,1,2,9,6,4,0,12,0,5,1,6,0,2,2,1,0,1,3,0,94,19,2,115,0,115,--,262,147,94,115,115,Algún campo sin dato,1,775428a0b4cce5304aba9b8f112a753b7e9d5af6d1bc2e331836307184c77c61,25/06/2023 22:35:34,ESCANER
18508,"Baja Verapaz",15,"San Jerónimo",7,2844,400,,,,,,,,,,,,,,,,,,,,,,,,,,,,,,,,,,,,,0,,,
18509,"Baja Verapaz",15,"San Jerónimo",7,2844,400,,,,,,,,,,,,,,,,,,,,,,,,,,,,,,,,,,,,,0,,,
18510,"Baja Verapaz",15,"San Jerónimo",7,2844,400,,,,,,,,,,,,,,,,,,,,,,,,,,,,,,,,,,,,,0,,,
18511,"Baja Verapaz",15,"San Jerónimo",7,2844,400,,,,,,,,,,,,,,,,,,,,,,,,,,,,,,,,,,,,,0,,,
18512,"Baja Verapaz",15,"San Jerónimo",7,2844,400,22,2,30,4,2,4,16,20,6,1,35,2,0,5,2,0,9,2,1,0,8,1,1,173,26,31,230,0,230,--,400,170,173,230,230,Algún campo sin dato,1,319d3d0c6a639b69bf8572a7471f0989a391a976c0e85eef92cf19f0eeded27b,25/06/2023 22:28:02,ESCANER
18513,"Baja Verapaz",15,"San Jerónimo",7,2844,400,18,1,34,3,3,1,10,24,6,0,11,1,2,4,5,1,8,0,1,1,8,1,1,144,37,19,200,0,200,--,400,200,144,200,200,Algún campo sin dato,1,6037b8a66f1a118e35ef3b7b07ef6fd6de54c7d21aaecad0637de881555dc6bd,26/06/2023 00:20:50,ESCANER
18514,"Baja Verapaz",15,"San Jerónimo",7,2844,287,,,,,,,,,,,,,,,,,,,,,,,,,,,,,,,,,,,,,0,,,
18515,"Baja Verapaz",15,"San Jerónimo",7,2844,286,,,,,,,,,,,,,,,,,,,,,,,,,,,,,,,,,,,,,0,,,
18516,"Baja Verapaz",15,"San Jerónimo",7,2845,380,,,,,,,,,,,,,,,,,,,,,,,,,,,,,,,,,,,,,0,,,
18517,"Baja Verapaz",15,"San Jerónimo",7,2845,380,,,,,,,,,,,,,,,,,,,,,,,,,,,,,,,,,,,,,0,,,
18518,"Baja Verapaz",15,"San Jerónimo",7,2845,380,,,,,,,,,,,,,,,,,,,,,,,,,,,,,,,,,,,,,0,,,
18519,"Baja Verapaz",15,"San Jerónimo",7,2845,268,12,2,9,0,2,8,6,26,4,1,13,0,1,1,5,0,8,1,0,1,1,2,0,103,24,32,159,0,159,--,268,109,103,159,159,Algún campo sin dato,1,7013ac0f620db298d70a54adba7d30b19a608e683fbdede3bff5e7be644c9966,26/06/2023 00:23:55,ESCANER
18520,"Baja Verapaz",15,"San Jerónimo",7,2845,268,,,,,,,,,,,,,,,,,,,,,,,,,,,,,,,,,,,,,0,,,
18521,"Baja Verapaz",15,"San Jerónimo",7,2846,380,,,,,,,,,,,,,,,,,,,,,,,,,,,,,,,,,,,,,0,,,
18522,"Baja Verapaz",15,"San Jerónimo",7,2846,380,,,,,,,,,,,,,,,,,,,,,,,,,,,,,,,,,,,,,0,,,
18523,"Baja Verapaz",15,"San Jerónimo",7,2846,380,44,0,10,3,1,33,6,27,8,1,25,1,0,1,6,0,5,1,0,0,1,2,0,175,38,37,250,0,250,--,380,130,175,250,250,Algún campo sin dato,1,f1c9072f32af302830ef9d409dcabd054bf5b3ed86d1ad97e94ace3f56a3e76a,25/06/2023 23:04:16,ESCANER
18524,"Baja Verapaz",15,"San Jerónimo",7,2846,380,,,,,,,,,,,,,,,,,,,,,,,,,,,,,,,,,,,,,0,,,
18525,"Baja Verapaz",15,"San Jerónimo",7,2846,380,54,2,18,3,0,37,7,16,7,0,11,0,1,1,3,0,6,0,0,0,2,2,1,171,32,16,219,0,219,--,380,161,171,219,219,Algún campo sin dato,1,0056f81523a76ec07ebce686ad995cd2826bfed993cee741816cb7decd789ac9,25/06/2023 22:33:08,ESCANER
18526,"Baja Verapaz",15,"San Jerónimo",7,2846,380,36,2,8,2,0,36,6,21,6,1,18,2,2,2,6,2,11,1,0,1,1,6,0,170,31,22,223,0,223,--,380,157,170,223,223,Algún campo sin dato,1,ebc42450fb5b661be6136659ccc723d524ac6907600961d6b65fde98dfd1362e,25/06/2023 22:42:10,ESCANER
18527,"Baja Verapaz",15,"San Jerónimo",7,2846,380,39,0,16,2,1,25,10,27,5,0,12,2,0,0,4,0,7,0,3,0,4,6,0,163,24,15,202,0,202,--,380,178,163,202,202,Algún campo sin dato,1,d544b5a81a1d9f44d218fbf6473d7d28a7e41766d7e3ffa490aa76f66c487b4d,25/06/2023 23:20:17,ESCANER
18528,"Baja Verapaz",15,"San Jerónimo",7,2846,336,,,,,,,,,,,,,,,,,,,,,,,,,,,,,,,,,,,,,0,,,
18529,"Baja Verapaz",15,"San Jerónimo",7,2846,335,36,1,15,3,1,19,2,17,4,1,9,0,0,0,3,1,3,0,0,1,1,1,0,118,14,9,141,0,141,--,335,194,118,141,141,Algún campo sin dato,1,fda5dca41b51f0ee034bc034b74d87e57304a72324a09117fb13268cb45e0e7b,25/06/2023 23:15:11,ESCANER
18530,"Baja Verapaz",15,"San Jerónimo",7,2847,380,,,,,,,,,,,,,,,,,,,,,,,,,,,,,,,,,,,,,0,,,
18531,"Baja Verapaz",15,"San Jerónimo",7,2847,380,,,,,,,,,,,,,,,,,,,,,,,,,,,,,,,,,,,,,0,,,
18532,"Baja Verapaz",15,"San Jerónimo",7,2847,380,23,2,15,6,1,8,11,25,39,0,18,2,2,0,4,0,10,1,0,1,0,2,0,170,46,14,230,0,230,--,380,150,170,230,230,Algún campo sin dato,1,a68b2dffde15f86e725a7d5a6264c17d40f55836d82c1061ad0e1cad591980e3,25/06/2023 23:23:25,ESCANER
18533,"Baja Verapaz",15,"San Jerónimo",7,2847,276,14,4,11,7,0,3,12,11,12,0,13,2,1,0,2,0,6,0,1,0,1,0,1,101,31,11,143,0,143,--,276,133,101,143,143,Algún campo sin dato,1,e355755ba7f2b7c2375edc34d8dcacc7180bd89181c0600405c017f848fdd7c2,25/06/2023 23:34:05,ESCANER
18534,"Baja Verapaz",15,"San Jerónimo",7,2847,276,,,,,,,,,,,,,,,,,,,,,,,,,,,,,,,,,,,,,0,,,
18535,"Baja Verapaz",15,"San Jerónimo",7,2848,568,7,1,21,3,2,5,8,11,1,0,11,2,0,1,8,0,4,0,0,0,0,0,1,86,31,13,130,0,130,--,568,438,86,130,130,Algún campo sin dato,1,167a5df43d6a7c186945a5af591a4ff8e5a750b4a76c926477125728a8570d19,25/06/2023 23:36:46,ESCANER
18536,"Baja Verapaz",15,"Purulhá",8,2849,400,,,,,,,,,,,,,,,,,,,,,,,,,,,,,,,,,,,,,0,,,
18537,"Baja Verapaz",15,"Purulhá",8,2849,400,,,,,,,,,,,,,,,,,,,,,,,,,,,,,,,,,,,,,0,,,
18538,"Baja Verapaz",15,"Purulhá",8,2850,400,,,,,,,,,,,,,,,,,,,,,,,,,,,,,,,,,,,,,0,,,
18539,"Baja Verapaz",15,"Purulhá",8,2850,400,,,,,,,,,,,,,,,,,,,,,,,,,,,,,,,,,,,,,0,,,
18540,"Baja Verapaz",15,"Purulhá",8,2850,400,,,,,,,,,,,,,,,,,,,,,,,,,,,,,,,,,,,,,0,,,
18541,"Baja Verapaz",15,"Purulhá",8,2850,400,28,0,22,3,7,34,1,29,4,4,65,5,0,12,8,1,5,4,1,0,0,2,1,236,44,24,304,0,304,--,400,96,236,304,304,Algún campo sin dato,1,03cd3b7e36d7e9e91df1368d51f043c8f4fed4a9c9be509dd056cf3052a73971,25/06/2023 23:20:55,ESCANER
18542,"Baja Verapaz",15,"Purulhá",8,2851,400,,,,,,,,,,,,,,,,,,,,,,,,,,,,,,,,,,,,,0,,,
18543,"Baja Verapaz",15,"Purulhá",8,2852,400,,,,,,,,,,,,,,,,,,,,,,,,,,,,,,,,,,,,,0,,,
18544,"Baja Verapaz",15,"Purulhá",8,2853,400,24,0,24,12,7,25,1,25,1,1,43,2,0,8,5,0,5,1,0,0,5,0,1,190,46,19,255,0,255,--,400,145,190,255,255,Algún campo sin dato,1,a72cf8f39d288bb4f8d17a56d905682418a392a16d542034ee2e5c040a594d77,25/06/2023 23:23:27,ESCANER
18545,"Baja Verapaz",15,"Purulhá",8,2854,400,,,,,,,,,,,,,,,,,,,,,,,,,,,,,,,,,,,,,0,,,
18546,"Baja Verapaz",15,"Purulhá",8,2854,400,,,,,,,,,,,,,,,,,,,,,,,,,,,,,,,,,,,,,0,,,
18547,"Baja Verapaz",15,"Purulhá",8,2855,400,,,,,,,,,,,,,,,,,,,,,,,,,,,,,,,,,,,,,0,,,
18548,"Baja Verapaz",15,"Purulhá",8,2855,400,16,1,25,3,5,31,2,32,3,1,50,3,2,6,4,0,3,3,0,2,8,1,2,203,30,12,245,0,245,--,400,155,203,245,245,Algún campo sin dato,1,85e7040f341fdc9a64c9c4d3d6e18a043849e5fef0c2eea33e7c0cb4628f45bd,26/06/2023 00:19:55,ESCANER
18549,"Baja Verapaz",15,"Purulhá",8,2855,400,20,0,29,7,5,45,1,23,4,0,55,4,0,3,7,0,9,3,0,2,2,0,1,220,26,17,263,0,263,--,400,137,220,263,263,Algún campo sin dato,1,ea7243aad63fcf9b205179b2502ffb4df189bec77e17603bd6dddf02523e49f2,25/06/2023 22:01:36,ESCANER
18550,"Baja Verapaz",15,"Purulhá",8,2856,400,,,,,,,,,,,,,,,,,,,,,,,,,,,,,,,,,,,,,0,,,
18551,"Baja Verapaz",15,"Purulhá",8,2856,400,,,,,,,,,,,,,,,,,,,,,,,,,,,,,,,,,,,,,0,,,
18552,"Baja Verapaz",15,"Purulhá",8,2856,382,,,,,,,,,,,,,,,,,,,,,,,,,,,,,,,,,,,,,0,,,
18553,"Baja Verapaz",15,"Purulhá",8,2856,382,14,0,31,5,3,33,3,23,7,0,47,3,3,1,5,0,5,1,0,0,7,0,0,191,36,14,241,0,241,0,382,141,191,241,241,,1,3ce7a3ec36ef70dab4a499a0a0be3a60ac151f334c6931a981c1d9800922ed8e,26/06/2023 00:00:27,ESCANER
18554,"Baja Verapaz",15,"Purulhá",8,2857,400,,,,,,,,,,,,,,,,,,,,,,,,,,,,,,,,,,,,,0,,,
18555,"Baja Verapaz",15,"Purulhá",8,2857,400,44,2,9,11,8,54,1,26,2,1,76,11,2,3,11,0,3,1,0,1,2,2,1,271,28,26,325,0,325,--,400,75,271,325,325,Algún campo sin dato,1,049f28fb12daf95a38ee0b14c7871c8e5f9abeb6e91737aab2e757581eed5d7c,25/06/2023 23:21:23,ESCANER
18556,"Baja Verapaz",15,"Purulhá",8,2857,400,,,,,,,,,,,,,,,,,,,,,,,,,,,,,,,,,,,,,0,,,
18557,"Baja Verapaz",15,"Purulhá",8,2857,400,,,,,,,,,,,,,,,,,,,,,,,,,,,,,,,,,,,,,0,,,
18558,"Baja Verapaz",15,"Purulhá",8,2857,400,25,1,11,9,5,41,1,16,2,0,61,5,0,5,13,1,7,3,0,2,1,1,0,210,27,16,253,0,253,--,400,147,210,253,253,Algún campo sin dato,1,460cda6cc622672bbd88db67a76e11480e810ad74ec9e660a97d6be32e2c3e3c,26/06/2023 00:06:13,ESCANER
18559,"Baja Verapaz",15,"Purulhá",8,2857,337,24,0,8,10,4,48,0,20,2,0,51,5,0,6,17,0,4,0,0,1,2,0,0,202,24,17,243,0,243,--,337,94,202,243,243,Algún campo sin dato,1,add565830e6ae11c6d64dc048847fcc21981206aba8b2c9ae2280918dfd8f022,25/06/2023 23:54:52,ESCANER
18560,"Baja Verapaz",15,"Purulhá",8,2857,337,18,1,1,9,8,60,0,10,1,0,65,1,0,1,9,0,4,0,0,1,1,0,0,190,15,10,215,--,--,--,337,122,190,215,215,Algún campo sin dato,1,855777d45abe9d03eb7c260b69ec458b1b276332a76dae1126d67d9c2b8b09ac,25/06/2023 23:41:52,ESCANER
18561,"Baja Verapaz",15,"Purulhá",8,2858,380,22,2,17,1,2,32,2,57,2,0,61,3,1,0,21,1,1,6,0,2,1,1,1,236,30,23,289,0,289,--,380,91,236,289,289,Algún campo sin dato,1,a61a5a616d0532c6ead7b51da7d69d0742212fb5748b841907c02159325e6b36,25/06/2023 23:51:51,ESCANER
18562,"Baja Verapaz",15,"Purulhá",8,2858,380,32,2,13,3,5,37,1,55,6,1,73,4,1,5,16,0,3,1,0,3,0,0,0,261,30,27,318,0,318,--,380,62,261,318,318,Algún campo sin dato,1,73212f1c68dc14092c0d4e4dba2fc03d26b0e57a1503b28ea40eb559bf83cb3a,25/06/2023 23:25:22,ESCANER
18563,"Baja Verapaz",15,"Purulhá",8,2858,380,,,,,,,,,,,,,,,,,,,,,,,,,,,,,,,,,,,,,0,,,
18564,"Baja Verapaz",15,"Purulhá",8,2858,365,15,0,6,3,7,40,0,48,2,0,48,2,2,2,14,0,0,3,0,0,1,1,0,194,22,10,226,0,226,--,365,139,194,226,226,Algún campo sin dato,1,41e200cd1576e0fbdbe41ddac4bff177d129d379f1b7707c2e569581ba4dd1f6,25/06/2023 23:48:35,ESCANER
18565,"Baja Verapaz",15,"Purulhá",8,2858,365,15,0,6,3,3,40,2,50,4,1,47,3,5,1,8,0,3,5,0,4,0,0,0,200,13,12,225,0,225,--,365,140,200,225,225,Algún campo sin dato,1,50ebd03f4c7049ebb9117acd76371e69e41e5396b6e711fd642a8842123d000a,25/06/2023 23:42:46,ESCANER
18566,"Baja Verapaz",15,"Purulhá",8,2859,380,,,,,,,,,,,,,,,,,,,,,,,,,,,,,,,,,,,,,0,,,
18567,"Baja Verapaz",15,"Purulhá",8,2859,380,,,,,,,,,,,,,,,,,,,,,,,,,,,,,,,,,,,,,0,,,
18568,"Baja Verapaz",15,"Purulhá",8,2859,380,25,1,4,15,0,8,4,64,3,1,40,2,0,1,8,0,0,1,0,0,4,0,0,181,26,23,230,0,230,0,380,150,181,230,230,,1,08636670afa9d54abc8929fe08ab2043fe8765d45e841800aa332d15445226c2,25/06/2023 23:48:27,MOVIL
18569,"Baja Verapaz",15,"Purulhá",8,2859,223,17,1,2,7,0,15,1,49,3,0,37,0,0,1,3,0,0,0,0,0,1,0,0,137,13,9,159,0,159,0,223,64,137,159,159,,1,996c95db35d127b8b996ea66a6d1bac3fc84e9f0d9c4e92b9c2a2ec5862d2cc5,25/06/2023 23:12:59,MOVIL
18570,"Baja Verapaz",15,"Purulhá",8,2859,223,15,1,2,6,0,9,0,25,6,0,31,0,0,0,5,0,1,0,0,0,4,0,0,105,7,10,122,0,122,0,223,98,105,122,122,,1,3cd9c1ffe2f1d8cca8e18bebecbc2c8f7e31feebddff47f8bf2c335112c7ccf8,25/06/2023 22:48:27,MOVIL
18571,"Baja Verapaz",15,"Purulhá",8,2860,380,23,0,12,1,4,16,1,39,68,1,35,3,1,0,26,2,1,0,1,3,0,0,0,237,10,18,265,0,265,--,380,115,237,265,265,Algún campo sin dato,1,55098c9aa63c075bf3d32a9d0e8caa3424fb4161532c29218f81186bf6b825a0,25/06/2023 23:26:46,ESCANER
18572,"Baja Verapaz",15,"Purulhá",8,2860,380,23,0,7,0,5,12,0,31,77,1,30,2,0,3,39,0,0,1,0,0,1,0,1,233,24,24,281,0,281,--,380,99,233,281,281,Algún campo sin dato,1,d03d0081b5b11c3c135ef9205fec9fab3eafba5acb42f7b10c22e78d29c247bf,25/06/2023 22:23:46,ESCANER
18573,"Baja Verapaz",15,"Purulhá",8,2860,380,34,1,14,2,7,19,2,39,48,1,52,0,0,3,41,0,2,0,0,2,0,0,0,267,25,21,313,0,313,--,380,67,267,313,313,Algún campo sin dato,1,f09a02a615c7c9b901018f7562f04966ceca90291601f129b5f458ed44fb4734,25/06/2023 23:37:17,ESCANER
18574,"Baja Verapaz",15,"Purulhá",8,2860,380,16,0,15,0,14,9,0,54,50,0,31,0,2,2,27,0,1,0,1,3,0,0,0,225,16,17,258,0,258,--,380,122,225,258,258,Algún campo sin dato,1,1488063240b30ca53e2df704a69ec5d7e6194fb003d4f34a555a4c50b664231b,25/06/2023 22:51:14,ESCANER
18575,"Baja Verapaz",15,"Purulhá",8,2861,380,19,0,6,0,4,13,3,39,46,1,23,0,0,3,30,1,1,0,0,1,0,0,0,190,21,17,228,0,228,--,380,152,190,228,228,Algún campo sin dato,1,50683ad41d7808cd594b3aef7ac627ed498f3866de2aec85fffeeb809b2daeed,25/06/2023 22:50:30,ESCANER
18576,"Baja Verapaz",15,"Purulhá",8,2861,324,15,0,6,1,5,10,0,32,24,1,35,0,2,5,23,1,0,0,0,0,1,0,0,161,11,13,185,0,185,--,324,139,161,185,185,Algún campo sin dato,1,1dde511de13e046fcad6d38506a67501b8deb4ba0fdb0ea9165846741983fc0c,25/06/2023 23:27:34,ESCANER
18577,"Baja Verapaz",15,"Purulhá",8,2862,324,10,0,7,0,6,6,0,18,48,0,21,0,0,3,20,0,0,2,0,0,1,1,0,143,12,16,171,0,171,--,324,153,143,171,171,Algún campo sin dato,1,00995784cd71a10fc201d83d438777e9eb71d6a0e06a1c2f248c3bb540851092,25/06/2023 23:42:58,ESCANER
18578,"Baja Verapaz",15,"Purulhá",8,2863,380,,,,,,,,,,,,,,,,,,,,,,,,,,,,,,,,,,,,,0,,,
18579,"Baja Verapaz",15,"Purulhá",8,2863,380,,,,,,,,,,,,,,,,,,,,,,,,,,,,,,,,,,,,,0,,,
18580,"Baja Verapaz",15,"Purulhá",8,2863,380,,,,,,,,,,,,,,,,,,,,,,,,,,,,,,,,,,,,,0,,,
18581,"Baja Verapaz",15,"Purulhá",8,2863,380,,,,,,,,,,,,,,,,,,,,,,,,,,,,,,,,,,,,,0,,,
18582,"Baja Verapaz",15,"Purulhá",8,2863,380,,,,,,,,,,,,,,,,,,,,,,,,,,,,,,,,,,,,,0,,,
18583,"Baja Verapaz",15,"Purulhá",8,2863,380,,,,,,,,,,,,,,,,,,,,,,,,,,,,,,,,,,,,,0,,,
18584,"Baja Verapaz",15,"Purulhá",8,2863,304,30,0,8,1,1,5,0,19,10,0,39,0,0,0,30,0,1,10,0,1,0,0,6,161,10,9,180,0,180,--,304,124,161,180,180,Algún campo sin dato,1,f7c69066d783ea7fe0fe66469c49cb6714a4af10d1f299d027683a6d132674c5,25/06/2023 23:26:22,ESCANER
18585,"Baja Verapaz",15,"Purulhá",8,2863,303,,,,,,,,,,,,,,,,,,,,,,,,,,,,,,,,,,,,,0,,,
18586,"Baja Verapaz",15,"Purulhá",8,2864,380,,,,,,,,,,,,,,,,,,,,,,,,,,,,,,,,,,,,,0,,,
18587,"Baja Verapaz",15,"Purulhá",8,2864,380,,,,,,,,,,,,,,,,,,,,,,,,,,,,,,,,,,,,,0,,,
18588,"Baja Verapaz",15,"Purulhá",8,2864,380,,,,,,,,,,,,,,,,,,,,,,,,,,,,,,,,,,,,,0,,,
18589,"Baja Verapaz",15,"Purulhá",8,2864,380,,,,,,,,,,,,,,,,,,,,,,,,,,,,,,,,,,,,,0,,,
18590,"Baja Verapaz",15,"Purulhá",8,2864,251,,,,,,,,,,,,,,,,,,,,,,,,,,,,,,,,,,,,,0,,,
18591,"Baja Verapaz",15,"Purulhá",8,2864,250,,,,,,,,,,,,,,,,,,,,,,,,,,,,,,,,,,,,,0,,,
18592,"Baja Verapaz",15,"Purulhá",8,2865,380,,,,,,,,,,,,,,,,,,,,,,,,,,,,,,,,,,,,,0,,,
18593,"Baja Verapaz",15,"Purulhá",8,2865,380,27,1,32,0,35,21,7,26,31,0,55,2,0,4,16,0,0,1,3,19,1,0,1,282,16,32,330,0,330,--,380,50,282,330,330,Algún campo sin dato,1,f9c42d8d4fc5aff890af42a7f26d073ec7c092cfe3661761c5bc01e9a29a2924,26/06/2023 00:11:24,ESCANER
18594,"Baja Verapaz",15,"Purulhá",8,2865,380,,,,,,,,,,,,,,,,,,,,,,,,,,,,,,,,,,,,,0,,,
18595,"Baja Verapaz",15,"Purulhá",8,2865,380,19,0,38,3,28,23,10,27,13,0,31,2,0,4,12,0,1,2,0,24,0,0,0,237,25,18,280,0,280,--,380,100,237,280,280,Algún campo sin dato,1,b545493f4ea413bfb8fa746000007b6b6ccdf3147e136214b08ff427f5e32953,26/06/2023 00:25:38,ESCANER
18596,"Baja Verapaz",15,"Purulhá",8,2865,321,,,,,,,,,,,,,,,,,,,,,,,,,,,,,,,,,,,,,0,,,
18597,"Baja Verapaz",15,"Purulhá",8,2865,321,,,,,,,,,,,,,,,,,,,,,,,,,,,,,,,,,,,,,0,,,
18598,"Baja Verapaz",15,"Purulhá",8,2866,380,,,,,,,,,,,,,,,,,,,,,,,,,,,,,,,,,,,,,0,,,
18599,"Baja Verapaz",15,"Purulhá",8,2866,342,,,,,,,,,,,,,,,,,,,,,,,,,,,,,,,,,,,,,0,,,
18600,"Baja Verapaz",15,"Purulhá",8,2866,341,,,,,,,,,,,,,,,,,,,,,,,,,,,,,,,,,,,,,0,,,
18601,"Baja Verapaz",15,"Purulhá",8,2867,380,,,,,,,,,,,,,,,,,,,,,,,,,,,,,,,,,,,,,0,,,
18602,"Baja Verapaz",15,"Purulhá",8,2867,380,,,,,,,,,,,,,,,,,,,,,,,,,,,,,,,,,,,,,0,,,
18603,"Baja Verapaz",15,"Purulhá",8,2867,380,37,0,11,15,12,40,0,31,10,1,66,2,0,4,3,1,14,3,0,0,0,0,0,250,40,24,314,0,314,--,380,66,250,314,314,Algún campo sin dato,1,2f04b546ecd2a33af8df493b5c56afc30295654fc39f2d9b0b0ee812c60f9f99,25/06/2023 23:47:49,ESCANER
18604,"Baja Verapaz",15,"Purulhá",8,2867,380,,,,,,,,,,,,,,,,,,,,,,,,,,,,,,,,,,,,,0,,,
18605,"Baja Verapaz",15,"Purulhá",8,2867,380,19,1,14,13,15,42,0,38,4,0,53,2,0,7,1,0,12,3,0,4,2,0,0,230,36,21,287,0,287,--,380,93,230,287,287,Algún campo sin dato,1,6b41b92bf00de8058d0ef2da6068c9974da73b6810a64a0f1705dc7868a75aae,25/06/2023 23:30:57,ESCANER
18606,"Baja Verapaz",15,"Purulhá",8,2868,365,26,0,14,16,3,22,3,28,10,5,42,0,0,6,5,0,13,1,0,1,3,1,0,199,18,19,236,0,236,--,365,129,199,236,236,Algún campo sin dato,1,822ca9d3cba2788f590c508073939d6824323f1058ab9729201d423e12b77f57,25/06/2023 23:35:55,ESCANER
18607,"Baja Verapaz",15,"Purulhá",8,2868,365,,,,,,,,,,,,,,,,,,,,,,,,,,,,,,,,,,,,,0,,,
18608,"Baja Verapaz",15,"Purulhá",8,2869,380,,,,,,,,,,,,,,,,,,,,,,,,,,,,,,,,,,,,,0,,,
18609,"Baja Verapaz",15,"Purulhá",8,2869,380,,,,,,,,,,,,,,,,,,,,,,,,,,,,,,,,,,,,,0,,,
18610,"Baja Verapaz",15,"Purulhá",8,2870,231,4,0,5,0,15,2,0,7,31,0,7,0,0,2,53,0,1,0,0,0,0,0,0,127,7,6,140,0,140,0,231,91,127,140,140,,1,6c0016c52a2127b28e67928e7fe10749508b06a97dd6a86e56dac69e85f212e9,25/06/2023 22:51:58,ESCANER
18611,"Baja Verapaz",15,"Purulhá",8,2870,230,4,1,3,0,13,3,0,3,53,0,15,0,0,0,43,1,0,1,0,0,0,0,0,140,9,4,153,0,153,--,230,77,140,153,153,Algún campo sin dato,1,5ff5d4e63e2ecb4b5c3c465bbf00d6a77ff5c51cc0a05965d9736fc46632eaa6,26/06/2023 00:10:17,ESCANER
18612,"Baja Verapaz",15,"Purulhá",8,2871,385,10,1,5,4,0,7,2,7,4,0,4,1,0,0,5,0,4,0,0,0,1,0,0,55,20,3,78,0,78,--,385,307,55,78,78,Algún campo sin dato,1,32bec223a6b90bee6fd3552507a239e577107a2b3fea32339fb106861ba2d8e4,25/06/2023 23:23:47,ESCANER