﻿TIPO_DE_ELECCIÓN:,CORPORACIÓN MUNICIPAL
26 junio 2023 00:28 (UTC -6)
ACTAS_ESPERADAS,ACTAS_CAPTURADAS,PORCENTAJE_ACTAS_CAPTURADAS,ACTAS_CONTABILIZADAS,PORCENTAJE_ACTAS_CONTABILIZADAS,ACTAS_NO_CONTABILIZADAS,LISTA_NOMINAL_ACTAS_CONTABILIZADAS,VOTOS_EMITIDOS_CONTABILIZADAS,PORCENTAJE_PARTICIPACIÓN_CIUDADANA
32,5,15.6250,5,15.6250,0,1493,638,42.7327

MESA,DEPARTAMENTO,ID_DEPARTAMENTO,MUNICIPIO,ID_MUNICIPIO,CENTRO_DE_VOTACIÓN,PADRÓN,CABAL,UNE,PHG,VICTORIA,U R N G - MAIZ,VAMOS,AZUL,TODOS,PODEMOS,BIEN,VIVA,CAMBIO,VÁLIDOS,NULOS,BLANCO,EMITIDOS,INVÁLIDOS,TOTAL,IMPUGNACIONES,PAPELETAS-RECIBIDAS,PAPELETAS-NO-USADAS,VALIDOS_CALCULADO,EMITIDOS_CALCULADO,TOTAL_CALCULADO,OBSERVACIONES,CONTABILIZADA,CÓDIGO_INTEGRIDAD,FECHA_HORA_PUBLICACIÓN,DIGITALIZACIÓN
15108,"Huehuetenango",13,"Malacatancito",3,2173,400,,,,,,,,,,,,,,,,,,,,,,,,,,0,,,
15109,"Huehuetenango",13,"Malacatancito",3,2173,400,,,,,,,,,,,,,,,,,,,,,,,,,,0,,,
15110,"Huehuetenango",13,"Malacatancito",3,2173,400,,,,,,,,,,,,,,,,,,,,,,,,,,0,,,
15111,"Huehuetenango",13,"Malacatancito",3,2173,400,,,,,,,,,,,,,,,,,,,,,,,,,,0,,,
15112,"Huehuetenango",13,"Malacatancito",3,2173,400,,,,,,,,,,,,,,,,,,,,,,,,,,0,,,
15113,"Huehuetenango",13,"Malacatancito",3,2173,400,,,,,,,,,,,,,,,,,,,,,,,,,,0,,,
15114,"Huehuetenango",13,"Malacatancito",3,2174,400,,,,,,,,,,,,,,,,,,,,,,,,,,0,,,
15115,"Huehuetenango",13,"Malacatancito",3,2174,400,,,,,,,,,,,,,,,,,,,,,,,,,,0,,,
15116,"Huehuetenango",13,"Malacatancito",3,2174,400,,,,,,,,,,,,,,,,,,,,,,,,,,0,,,
15117,"Huehuetenango",13,"Malacatancito",3,2174,400,,,,,,,,,,,,,,,,,,,,,,,,,,0,,,
15118,"Huehuetenango",13,"Malacatancito",3,2175,400,,,,,,,,,,,,,,,,,,,,,,,,,,0,,,
15119,"Huehuetenango",13,"Malacatancito",3,2175,400,,,,,,,,,,,,,,,,,,,,,,,,,,0,,,
15120,"Huehuetenango",13,"Malacatancito",3,2175,400,,,,,,,,,,,,,,,,,,,,,,,,,,0,,,
15121,"Huehuetenango",13,"Malacatancito",3,2175,400,,,,,,,,,,,,,,,,,,,,,,,,,,0,,,
15122,"Huehuetenango",13,"Malacatancito",3,2176,400,51,12,0,25,8,90,8,7,17,0,4,1,223,5,2,230,0,230,--,391,161,223,230,230,Algún campo sin dato,1,e1f93c0ef03e4dcce3340ee3b078b865d042a764ee97160eecd29ff1ec3228c5,26/06/2023 00:15:01,ESCANER
15123,"Huehuetenango",13,"Malacatancito",3,2176,400,,,,,,,,,,,,,,,,,,,,,,,,,,0,,,
15124,"Huehuetenango",13,"Malacatancito",3,2176,400,,,,,,,,,,,,,,,,,,,,,,,,,,0,,,
15125,"Huehuetenango",13,"Malacatancito",3,2176,252,,,,,,,,,,,,,,,,,,,,,,,,,,0,,,
15126,"Huehuetenango",13,"Malacatancito",3,2176,251,,,,,,,,,,,,,,,,,,,,,,,,,,0,,,
15127,"Huehuetenango",13,"Malacatancito",3,2177,380,,,,,,,,,,,,,,,,,,,,,,,,,,0,,,
15128,"Huehuetenango",13,"Malacatancito",3,2177,380,,,,,,,,,,,,,,,,,,,,,,,,,,0,,,
15129,"Huehuetenango",13,"Malacatancito",3,2177,380,,,,,,,,,,,,,,,,,,,,,,,,,,0,,,
15130,"Huehuetenango",13,"Malacatancito",3,2177,380,,,,,,,,,,,,,,,,,,,,,,,,,,0,,,
15131,"Huehuetenango",13,"Malacatancito",3,2177,380,,,,,,,,,,,,,,,,,,,,,,,,,,0,,,
15132,"Huehuetenango",13,"Malacatancito",3,2177,380,,,,,,,,,,,,,,,,,,,,,,,,,,0,,,
15133,"Huehuetenango",13,"Malacatancito",3,2178,380,,,,,,,,,,,,,,,,,,,,,,,,,,0,,,
15134,"Huehuetenango",13,"Malacatancito",3,2178,380,,,,,,,,,,,,,,,,,,,,,,,,,,0,,,
15135,"Huehuetenango",13,"Malacatancito",3,2178,231,35,5,2,25,11,31,0,3,7,0,2,0,121,2,2,125,0,125,--,231,103,121,125,125,Algún campo sin dato,1,7169c8e88d947d20d2f911ccec7b54eab67702b2d85168970520ccd356f83739,26/06/2023 00:20:27,ESCANER
15136,"Huehuetenango",13,"Malacatancito",3,2178,231,31,3,1,51,9,41,0,1,9,0,0,0,146,2,0,148,0,148,--,231,83,146,148,148,Algún campo sin dato,1,22fc59282b132d06d210a38da235461e0bcc148c6ad3baefa90d5844f73447e8,26/06/2023 00:17:54,ESCANER
15137,"Huehuetenango",13,"Malacatancito",3,2179,360,,,,,,,,,,,,,,,,,,,,,,,,,,0,,,
15138,"Huehuetenango",13,"Malacatancito",3,2180,316,20,4,0,14,2,32,0,1,2,1,1,0,77,5,1,83,0,83,--,316,233,77,83,83,Algún campo sin dato,1,5fbd0f740366c1fd1caaa89227a07937a5c0980415c5e32ec3b6c00e07f76ed0,25/06/2023 21:53:30,ESCANER
15139,"Huehuetenango",13,"Malacatancito",3,2180,315,12,2,0,3,3,24,0,2,1,0,3,0,50,1,1,52,0,52,--,315,263,50,52,52,Algún campo sin dato,1,b83950a86e25eeda02916c4a46e7272ce1c1cf8287713d8af9a5599a21575d8c,25/06/2023 22:17:46,ESCANER