﻿TIPO_DE_ELECCIÓN:,CORPORACIÓN MUNICIPAL
26 junio 2023 00:28 (UTC -6)
ACTAS_ESPERADAS,ACTAS_CAPTURADAS,PORCENTAJE_ACTAS_CAPTURADAS,ACTAS_CONTABILIZADAS,PORCENTAJE_ACTAS_CONTABILIZADAS,ACTAS_NO_CONTABILIZADAS,LISTA_NOMINAL_ACTAS_CONTABILIZADAS,VOTOS_EMITIDOS_CONTABILIZADAS,PORCENTAJE_PARTICIPACIÓN_CIUDADANA
128,54,42.1875,54,42.1875,0,18862,9636,51.0868

MESA,DEPARTAMENTO,ID_DEPARTAMENTO,MUNICIPIO,ID_MUNICIPIO,CENTRO_DE_VOTACIÓN,PADRÓN,VAMOS,TODOS,UNE,MLP,ELEFANTE,CABAL,CAMBIO,VALOR,PODEMOS,UR,AZUL,VIVA,PPN,PHG,VÁLIDOS,NULOS,BLANCO,EMITIDOS,INVÁLIDOS,TOTAL,IMPUGNACIONES,PAPELETAS-RECIBIDAS,PAPELETAS-NO-USADAS,VALIDOS_CALCULADO,EMITIDOS_CALCULADO,TOTAL_CALCULADO,OBSERVACIONES,CONTABILIZADA,CÓDIGO_INTEGRIDAD,FECHA_HORA_PUBLICACIÓN,DIGITALIZACIÓN
21397,"Izabal",18,"Lívingston",2,3321,400,,,,,,,,,,,,,,,,,,,,,,,,,,,,0,,,
21398,"Izabal",18,"Lívingston",2,3321,400,47,6,5,2,12,76,21,6,0,1,0,4,1,0,181,27,7,215,0,215,--,377,162,181,215,215,Algún campo sin dato,1,e9568b159cec6773e4d196f0e923cc88392a564bb76708178e1ad381ac4031a7,25/06/2023 23:53:58,ESCANER
21399,"Izabal",18,"Lívingston",2,3321,234,35,4,4,1,12,42,12,5,0,0,0,0,1,0,116,10,1,127,0,127,--,230,103,116,127,127,Algún campo sin dato,1,94c7070197e36363395807f260276f55f23d3e59d907e622bbd134da85c4bfb4,25/06/2023 23:58:24,ESCANER
21400,"Izabal",18,"Lívingston",2,3321,233,31,2,5,0,4,35,20,1,0,0,0,1,1,0,100,7,3,110,0,110,--,233,124,100,110,110,Algún campo sin dato,1,70d83846cdc2a1952d6184e59fcecc0c01df939c84a595db245dc29e88266ca0,25/06/2023 23:39:03,ESCANER
21401,"Izabal",18,"Lívingston",2,3322,400,,,,,,,,,,,,,,,,,,,,,,,,,,,,0,,,
21402,"Izabal",18,"Lívingston",2,3322,400,52,29,8,0,1,43,51,5,0,0,9,1,0,0,199,11,3,213,0,213,--,397,184,199,213,213,Algún campo sin dato,1,8973fdf8217de4fae232249409aba8f6bd48b41ff8179b3cfb8846f9d4f5eacf,26/06/2023 00:22:37,ESCANER
21403,"Izabal",18,"Lívingston",2,3322,400,,,,,,,,,,,,,,,,,,,,,,,,,,,,0,,,
21404,"Izabal",18,"Lívingston",2,3322,400,45,31,17,3,1,57,66,11,0,2,12,1,0,0,246,22,4,272,0,272,--,380,108,246,272,272,Algún campo sin dato,1,2f15cb7af6f77646b61ab971170e11951d55e3060ebc1b609cac3af77225b5fa,25/06/2023 23:42:21,ESCANER
21405,"Izabal",18,"Lívingston",2,3322,400,,,,,,,,,,,,,,,,,,,,,,,,,,,,0,,,
21406,"Izabal",18,"Lívingston",2,3322,400,45,16,17,1,2,38,82,7,2,2,9,0,0,1,222,13,3,238,0,238,--,400,162,222,238,238,Algún campo sin dato,1,da0aa8128ecb585253e5de3de1503b383cfd5ffe34a47cc24f14fec13e5ddd11,26/06/2023 00:10:48,ESCANER
21407,"Izabal",18,"Lívingston",2,3322,400,,,,,,,,,,,,,,,,,,,,,,,,,,,,0,,,
21408,"Izabal",18,"Lívingston",2,3322,400,,,,,,,,,,,,,,,,,,,,,,,,,,,,0,,,
21409,"Izabal",18,"Lívingston",2,3323,400,30,22,14,0,3,50,48,2,1,3,5,0,0,3,181,14,2,197,0,197,--,400,203,181,197,197,Algún campo sin dato,1,9d47e203f776457e83381756aa01eb33b86261418c7dba186df3e71bcc185cfe,25/06/2023 23:49:52,ESCANER
21410,"Izabal",18,"Lívingston",2,3323,400,40,29,20,0,2,55,64,5,0,2,5,2,0,1,225,8,0,233,0,233,--,400,167,225,233,233,Algún campo sin dato,1,9fbd74d7f8d19d8e100e8e7c93ef98bcdcb1163e272d83371581ba6ce7d29086,25/06/2023 22:42:28,ESCANER
21411,"Izabal",18,"Lívingston",2,3323,400,24,20,15,2,1,32,56,0,0,0,4,1,0,1,156,5,1,162,0,162,--,399,237,156,162,162,Algún campo sin dato,1,264ccc0636b10d76cc63c97029a59cade18299f49451894cf59223bf6e5c33f3,25/06/2023 21:47:40,ESCANER
21412,"Izabal",18,"Lívingston",2,3323,400,17,12,9,0,2,50,81,6,0,0,3,0,0,1,181,0,1,182,0,182,--,400,218,181,182,182,Algún campo sin dato,1,97655d4382433e5a2c00ae3c559a152b9b7de4cef95d194d524399efaf613fbf,25/06/2023 23:19:53,ESCANER
21413,"Izabal",18,"Lívingston",2,3323,400,,,,,,,,,,,,,,,,,,,,,,,,,,,,0,,,
21414,"Izabal",18,"Lívingston",2,3323,279,13,11,6,0,0,18,35,6,0,0,1,0,0,1,91,6,1,98,0,98,--,276,178,91,98,98,Algún campo sin dato,1,4b170ccaa0aa7030a5c87ab83299828cdca90bf532e01c0bb8d2171ca3c5bf47,25/06/2023 22:18:49,ESCANER
21415,"Izabal",18,"Lívingston",2,3323,278,10,9,1,0,0,20,32,3,1,1,1,0,0,2,80,7,2,89,0,89,--,278,189,80,89,89,Algún campo sin dato,1,10e57a619d8ae518e9baeae2df9f57dd5299ec9e63a4b525f430e10808e1e842,26/06/2023 00:21:40,ESCANER
21416,"Izabal",18,"Lívingston",2,3324,400,53,8,42,0,2,49,2,4,0,0,2,0,0,2,211,10,11,232,0,232,--,397,165,164,185,185,Sumas Asentadas sin cuadrar,1,8e0071f521ebca3c976597aa4874ce96c1bd32231ecc9849333d11368d506352,25/06/2023 23:33:59,ESCANER
21417,"Izabal",18,"Lívingston",2,3324,400,60,10,23,1,2,55,73,4,1,0,2,1,1,0,233,18,8,259,0,259,--,400,141,233,259,259,Algún campo sin dato,1,064067ffdfb9d3d9e7e6521e5f094ac0b747259bbdaf10484bd481ff3644fa98,25/06/2023 23:44:08,ESCANER
21418,"Izabal",18,"Lívingston",2,3324,400,,,,,,,,,,,,,,,,,,,,,,,,,,,,0,,,
21419,"Izabal",18,"Lívingston",2,3324,245,28,5,12,0,2,35,27,0,0,0,1,0,0,0,110,7,0,117,0,117,--,245,128,110,117,117,Algún campo sin dato,1,7cc0f0fe913d64ec616bfdf7fbd9a478e8fd53e5bbc4b93d4c604df0125fff0e,25/06/2023 22:52:34,ESCANER
21420,"Izabal",18,"Lívingston",2,3324,245,11,6,28,0,2,32,21,0,0,1,0,0,0,1,102,3,3,108,0,108,--,245,137,102,108,108,Algún campo sin dato,1,97d01fecaea426a4f08a79135da8b397717a14f44dc3424f3e0b111fb23ba9ca,25/06/2023 21:41:25,ESCANER
21421,"Izabal",18,"Lívingston",2,3325,400,48,24,30,1,11,35,90,1,0,2,1,1,1,1,246,31,7,284,0,284,--,400,116,246,284,284,Algún campo sin dato,1,0dda0c0cbd5a7bf646fe5c50008e8a4661520e7e050359d4fb5a85b412d2c25d,25/06/2023 23:38:47,ESCANER
21422,"Izabal",18,"Lívingston",2,3325,297,36,10,14,0,5,26,72,2,1,0,1,1,0,2,170,18,2,190,0,190,--,297,107,170,190,190,Algún campo sin dato,1,f9323ef9c53e6fe086fafc3361594f8e0493183f69de8e3b85a53c6c379ba9c5,25/06/2023 21:33:31,ESCANER
21423,"Izabal",18,"Lívingston",2,3325,296,,,,,,,,,,,,,,,,,,,,,,,,,,,,0,,,
21424,"Izabal",18,"Lívingston",2,3326,400,,,,,,,,,,,,,,,,,,,,,,,,,,,,0,,,
21425,"Izabal",18,"Lívingston",2,3326,366,40,16,25,1,2,20,59,2,1,2,6,1,0,2,177,20,3,200,0,200,--,366,166,177,200,200,Algún campo sin dato,1,90fb239fda43d64e9c157ba206ac013a8e2be67fc8056db22aa923dbea5b62cd,26/06/2023 00:25:08,ESCANER
21426,"Izabal",18,"Lívingston",2,3326,366,,,,,,,,,,,,,,,,,,,,,,,,,,,,0,,,
21427,"Izabal",18,"Lívingston",2,3327,380,,,,,,,,,,,,,,,,,,,,,,,,,,,,0,,,
21428,"Izabal",18,"Lívingston",2,3327,380,35,13,66,1,6,72,16,0,0,0,2,7,0,1,219,19,9,247,0,247,--,380,133,219,247,247,Algún campo sin dato,1,e8857f864dc3510fc96c5a6987fb398fa0acec93b789554efc7953401dfaab65,25/06/2023 23:14:57,ESCANER
21429,"Izabal",18,"Lívingston",2,3327,380,33,7,71,2,7,40,64,4,0,3,1,4,2,0,238,26,2,266,0,266,--,380,114,238,266,266,Algún campo sin dato,1,0e76ff891b39729ab8d55bc580fbd689964fa8bd1f4ed814a47efe42d2952cbb,25/06/2023 23:31:21,ESCANER
21430,"Izabal",18,"Lívingston",2,3327,380,,,,,,,,,,,,,,,,,,,,,,,,,,,,0,,,
21431,"Izabal",18,"Lívingston",2,3327,380,24,11,49,0,3,38,31,0,1,0,0,9,0,0,166,17,6,189,0,189,--,380,191,166,189,189,Algún campo sin dato,1,aa626b932bcfb40faada5a6d96d2f343a19dc11305134e2f0ee8115667d7ccc1,25/06/2023 23:40:30,ESCANER
21432,"Izabal",18,"Lívingston",2,3327,380,,,,,,,,,,,,,,,,,,,,,,,,,,,,0,,,
21433,"Izabal",18,"Lívingston",2,3328,380,29,9,46,1,12,43,23,0,0,1,0,10,1,0,175,27,4,206,0,206,--,380,174,175,206,206,Algún campo sin dato,1,ae090ffdd253ee7339308e7784dd94b95860e7b4ef84c83bb6c5d8b4aadbd676,25/06/2023 23:34:16,ESCANER
21434,"Izabal",18,"Lívingston",2,3328,380,,,,,,,,,,,,,,,,,,,,,,,,,,,,0,,,
21435,"Izabal",18,"Lívingston",2,3328,380,,,,,,,,,,,,,,,,,,,,,,,,,,,,0,,,
21436,"Izabal",18,"Lívingston",2,3328,280,14,10,42,0,4,21,41,2,0,0,0,6,1,0,141,7,1,149,0,149,--,280,131,141,149,149,Algún campo sin dato,1,9c752f64e84a220b98792948f05b18c2d009012caf6197bae0810d04755172cb,25/06/2023 23:50:45,ESCANER
21437,"Izabal",18,"Lívingston",2,3328,280,,,,,,,,,,,,,,,,,,,,,,,,,,,,0,,,
21438,"Izabal",18,"Lívingston",2,3329,380,98,1,72,2,2,33,72,0,0,0,0,0,5,0,285,5,3,293,0,293,--,380,87,285,293,293,Algún campo sin dato,1,a7b6278a503b0623729af58ba72c9f921ffdcd11b5b6a38325af6ed2bf9f543e,26/06/2023 00:21:46,ESCANER
21439,"Izabal",18,"Lívingston",2,3329,380,,,,,,,,,,,,,,,,,,,,,,,,,,,,0,,,
21440,"Izabal",18,"Lívingston",2,3329,380,,,,,,,,,,,,,,,,,,,,,,,,,,,,0,,,
21441,"Izabal",18,"Lívingston",2,3329,380,67,1,58,0,2,35,63,0,0,0,0,0,13,0,239,6,2,247,0,247,--,382,135,239,247,247,Algún campo sin dato,1,0235b1eb4fe638b42401bcb9ce7548c5349cd01cf2c4614f4c79ff2b04203c55,25/06/2023 23:35:46,ESCANER
21442,"Izabal",18,"Lívingston",2,3329,214,37,0,29,1,2,18,36,0,0,0,0,0,2,0,125,1,1,127,0,127,--,214,87,125,127,127,Algún campo sin dato,1,b0b1cbb96c989134ba699b39c7a8f33ebc414c35bab35c405641cebde6885064,25/06/2023 22:09:57,ESCANER
21443,"Izabal",18,"Lívingston",2,3329,214,36,1,38,1,1,21,32,0,0,0,0,0,3,0,133,2,0,136,0,136,--,214,78,133,135,135,Sumas Asentadas sin cuadrar,1,5f24faf5eb7ce40a9b253fadd4ecd5669fe6f3cf3b348618c72e52f8aa39cadc,25/06/2023 23:44:40,ESCANER
21444,"Izabal",18,"Lívingston",2,3330,380,,,,,,,,,,,,,,,,,,,,,,,,,,,,0,,,
21445,"Izabal",18,"Lívingston",2,3330,380,,,,,,,,,,,,,,,,,,,,,,,,,,,,0,,,
21446,"Izabal",18,"Lívingston",2,3330,380,,,,,,,,,,,,,,,,,,,,,,,,,,,,0,,,
21447,"Izabal",18,"Lívingston",2,3330,380,,,,,,,,,,,,,,,,,,,,,,,,,,,,0,,,
21448,"Izabal",18,"Lívingston",2,3330,380,,,,,,,,,,,,,,,,,,,,,,,,,,,,0,,,
21449,"Izabal",18,"Lívingston",2,3330,324,16,7,44,0,2,11,69,1,0,0,1,0,0,0,151,4,1,156,0,156,--,324,168,151,156,156,Algún campo sin dato,1,6dd3f36a7ca91054d4b27697edff393674e9f10caba748d1d32e218c7bfc33e3,25/06/2023 23:29:23,ESCANER
21450,"Izabal",18,"Lívingston",2,3330,323,17,2,30,1,2,16,39,0,0,1,1,0,0,1,110,5,1,116,0,116,--,323,207,110,116,116,Algún campo sin dato,1,8e7aa41c2c7a505358469f7ca27909a50255b13009308c0c047a6920649b8466,25/06/2023 22:59:00,ESCANER
21451,"Izabal",18,"Lívingston",2,3331,380,76,13,27,7,18,51,31,3,1,0,0,1,4,0,232,16,6,254,0,254,--,381,127,232,254,254,Algún campo sin dato,1,d16d02528bd1cfc98a3834eead37e7d026ff7180e8d89ecc688bb934923bb2f2,26/06/2023 00:22:02,ESCANER
21452,"Izabal",18,"Lívingston",2,3331,380,,,,,,,,,,,,,,,,,,,,,,,,,,,,0,,,
21453,"Izabal",18,"Lívingston",2,3331,380,,,,,,,,,,,,,,,,,,,,,,,,,,,,0,,,
21454,"Izabal",18,"Lívingston",2,3331,380,,,,,,,,,,,,,,,,,,,,,,,,,,,,0,,,
21455,"Izabal",18,"Lívingston",2,3331,380,59,17,14,2,18,55,34,3,0,0,0,1,0,0,203,14,1,218,0,218,--,380,162,203,218,218,Algún campo sin dato,1,0e9790a0bbfb85499db63ed3ecc9fd34e52464187ca9f7ccdb4b757abdb79317,25/06/2023 23:57:41,ESCANER
21456,"Izabal",18,"Lívingston",2,3331,380,,,,,,,,,,,,,,,,,,,,,,,,,,,,0,,,
21457,"Izabal",18,"Lívingston",2,3332,380,60,16,21,5,14,49,22,0,0,0,0,2,0,0,189,19,7,215,0,215,--,380,165,189,215,215,Algún campo sin dato,1,8ac626e1df6348cd2450129d6000a724126ac4bba4f30427ca770f34327ba276,26/06/2023 00:05:54,ESCANER
21458,"Izabal",18,"Lívingston",2,3332,380,,,,,,,,,,,,,,,,,,,,,,,,,,,,0,,,
21459,"Izabal",18,"Lívingston",2,3332,380,,,,,,,,,,,,,,,,,,,,,,,,,,,,0,,,
21460,"Izabal",18,"Lívingston",2,3332,380,57,11,11,2,15,44,24,1,0,0,0,0,2,0,167,4,0,171,0,171,--,380,209,167,171,171,Algún campo sin dato,1,dbe6554528183dbf759c9b9ddf5cd0a66e960d9a47a406cf4443149dbfbc2d73,25/06/2023 23:45:18,ESCANER
21461,"Izabal",18,"Lívingston",2,3332,380,,,,,,,,,,,,,,,,,,,,,,,,,,,,0,,,
21462,"Izabal",18,"Lívingston",2,3332,325,41,13,13,3,17,29,42,3,0,0,0,0,0,0,161,3,0,164,0,164,--,325,161,161,164,164,Algún campo sin dato,1,bfd56d9c59cff1a5974bd69b69fd40cad526f3c86c4168b78e4af289675150b1,25/06/2023 23:32:39,ESCANER
21463,"Izabal",18,"Lívingston",2,3332,325,39,10,14,1,13,37,12,2,0,0,0,3,1,1,133,8,2,143,0,143,--,325,182,133,143,143,Algún campo sin dato,1,af3de6993dc923fc90a10c03c72357fd13de3cbd6db04752ea2463ba3fb22be9,25/06/2023 22:28:03,ESCANER
21464,"Izabal",18,"Lívingston",2,3333,380,,,,,,,,,,,,,,,,,,,,,,,,,,,,0,,,
21465,"Izabal",18,"Lívingston",2,3333,380,61,2,38,9,4,27,43,3,0,4,2,0,3,0,196,19,8,223,4,227,1,380,152,196,223,227,,1,60944e6947188e86f82c4ce2770acaf7f948161e81fb25e570dd569c4dc5c21b,26/06/2023 00:21:24,ESCANER
21466,"Izabal",18,"Lívingston",2,3333,380,,,,,,,,,,,,,,,,,,,,,,,,,,,,0,,,
21467,"Izabal",18,"Lívingston",2,3334,380,,,,,,,,,,,,,,,,,,,,,,,,,,,,0,,,
21468,"Izabal",18,"Lívingston",2,3334,380,,,,,,,,,,,,,,,,,,,,,,,,,,,,0,,,
21469,"Izabal",18,"Lívingston",2,3334,380,52,2,30,13,11,38,41,2,0,1,2,1,4,0,197,12,4,213,0,213,--,380,167,197,213,213,Algún campo sin dato,1,327ba323352d1cb548ff3b14f295ef0a4ca5c41a6eb58162d65101bc4e4cace9,26/06/2023 00:14:20,ESCANER
21470,"Izabal",18,"Lívingston",2,3334,380,,,,,,,,,,,,,,,,,,,,,,,,,,,,0,,,
21471,"Izabal",18,"Lívingston",2,3334,380,,,,,,,,,,,,,,,,,,,,,,,,,,,,0,,,
21472,"Izabal",18,"Lívingston",2,3334,380,53,4,29,5,8,27,34,0,0,4,0,2,1,0,167,15,7,189,0,189,--,380,191,167,189,189,Algún campo sin dato,1,bee0148d437d83c1dcb734717e7f3dbd9358d9719c0b8135d33cf5fe7d308858,26/06/2023 00:25:44,ESCANER
21473,"Izabal",18,"Lívingston",2,3334,380,52,7,29,13,5,29,42,1,0,4,0,0,0,0,182,11,2,182,0,182,--,380,185,182,195,195,Sumas Asentadas sin cuadrar,1,4a84b64932ad38fee0df9b456c9574821b1842f51bcc291e16fe979dd0d28d4e,25/06/2023 23:11:03,ESCANER
21474,"Izabal",18,"Lívingston",2,3334,380,,,,,,,,,,,,,,,,,,,,,,,,,,,,0,,,
21475,"Izabal",18,"Lívingston",2,3335,380,,,,,,,,,,,,,,,,,,,,,,,,,,,,0,,,
21476,"Izabal",18,"Lívingston",2,3335,216,,,,,,,,,,,,,,,,,,,,,,,,,,,,0,,,
21477,"Izabal",18,"Lívingston",2,3335,215,14,1,13,5,3,16,20,0,0,2,1,0,1,0,76,9,3,88,0,88,--,213,125,76,88,88,Algún campo sin dato,1,fd1739ad79dc6bd98fded52073265cce04306a4d02ba4a320d4ad4928a588d11,26/06/2023 00:05:46,ESCANER
21478,"Izabal",18,"Lívingston",2,3336,380,,,,,,,,,,,,,,,,,,,,,,,,,,,,0,,,
21479,"Izabal",18,"Lívingston",2,3336,380,,,,,,,,,,,,,,,,,,,,,,,,,,,,0,,,
21480,"Izabal",18,"Lívingston",2,3336,380,,,,,,,,,,,,,,,,,,,,,,,,,,,,0,,,
21481,"Izabal",18,"Lívingston",2,3336,380,,,,,,,,,,,,,,,,,,,,,,,,,,,,0,,,
21482,"Izabal",18,"Lívingston",2,3336,380,,,,,,,,,,,,,,,,,,,,,,,,,,,,0,,,
21483,"Izabal",18,"Lívingston",2,3336,380,,,,,,,,,,,,,,,,,,,,,,,,,,,,0,,,
21484,"Izabal",18,"Lívingston",2,3336,380,,,,,,,,,,,,,,,,,,,,,,,,,,,,0,,,
21485,"Izabal",18,"Lívingston",2,3336,192,,,,,,,,,,,,,,,,,,,,,,,,,,,,0,,,
21486,"Izabal",18,"Lívingston",2,3336,191,,,,,,,,,,,,,,,,,,,,,,,,,,,,0,,,
21487,"Izabal",18,"Lívingston",2,3337,380,,,,,,,,,,,,,,,,,,,,,,,,,,,,0,,,
21488,"Izabal",18,"Lívingston",2,3337,380,,,,,,,,,,,,,,,,,,,,,,,,,,,,0,,,
21489,"Izabal",18,"Lívingston",2,3337,380,,,,,,,,,,,,,,,,,,,,,,,,,,,,0,,,
21490,"Izabal",18,"Lívingston",2,3337,210,,,,,,,,,,,,,,,,,,,,,,,,,,,,0,,,
21491,"Izabal",18,"Lívingston",2,3337,209,,,,,,,,,,,,,,,,,,,,,,,,,,,,0,,,
21492,"Izabal",18,"Lívingston",2,3338,380,,,,,,,,,,,,,,,,,,,,,,,,,,,,0,,,
21493,"Izabal",18,"Lívingston",2,3338,203,15,4,17,1,2,18,51,0,0,0,0,0,0,0,108,2,1,111,7,118,--,203,85,108,111,118,Algún campo sin dato,1,2434d1f2f236c8a1fe70cdadc0e6a1ae49478e3e4ce53637e6ef49ee7ff61113,25/06/2023 23:33:25,ESCANER
21494,"Izabal",18,"Lívingston",2,3338,202,17,0,15,0,1,10,51,0,0,0,0,0,0,0,94,0,2,96,5,101,--,202,101,94,96,101,Algún campo sin dato,1,79381f44a77ee76c500c04150388c5ddd23e6c11416f399e96e98738c3cd629c,25/06/2023 23:13:06,ESCANER
21495,"Izabal",18,"Lívingston",2,3339,380,51,5,34,5,31,22,33,3,1,0,0,2,1,0,188,31,7,226,0,226,--,377,151,188,226,226,Algún campo sin dato,1,ef0982fb838ddb2c42ac359845aa2eacc5c8cbbdde6195b3860bbe457c85a1aa,26/06/2023 00:01:04,ESCANER
21496,"Izabal",18,"Lívingston",2,3339,380,,,,,,,,,,,,,,,,,,,,,,,,,,,,0,,,
21497,"Izabal",18,"Lívingston",2,3339,380,,,,,,,,,,,,,,,,,,,,,,,,,,,,0,,,
21498,"Izabal",18,"Lívingston",2,3339,380,60,8,30,12,19,35,37,2,2,0,0,3,1,2,211,27,6,244,0,244,--,380,136,211,244,244,Algún campo sin dato,1,f3568489ba36c549e9d003fdaf5b2ed7424bd4de731f516076b138491f91d383,26/06/2023 00:14:48,ESCANER
21499,"Izabal",18,"Lívingston",2,3339,380,,,,,,,,,,,,,,,,,,,,,,,,,,,,0,,,
21500,"Izabal",18,"Lívingston",2,3339,380,,,,,,,,,,,,,,,,,,,,,,,,,,,,0,,,
21501,"Izabal",18,"Lívingston",2,3339,380,,,,,,,,,,,,,,,,,,,,,,,,,,,,0,,,
21502,"Izabal",18,"Lívingston",2,3339,380,,,,,,,,,,,,,,,,,,,,,,,,,,,,0,,,
21503,"Izabal",18,"Lívingston",2,3339,380,,,,,,,,,,,,,,,,,,,,,,,,,,,,0,,,
21504,"Izabal",18,"Lívingston",2,3339,380,,,,,,,,,,,,,,,,,,,,,,,,,,,,0,,,
21505,"Izabal",18,"Lívingston",2,3339,380,46,10,20,2,32,42,28,3,2,0,1,2,0,1,189,18,8,215,0,215,--,380,164,189,215,215,Algún campo sin dato,1,2a748ee304e3943a6385c261e07fb5503d9721c9ce8c34ce9b97b4787c0b0546,25/06/2023 23:18:46,ESCANER
21506,"Izabal",18,"Lívingston",2,3339,380,38,4,24,5,29,36,25,6,1,0,1,1,1,1,172,19,9,200,0,200,--,380,180,172,200,200,Algún campo sin dato,1,1bfcf4965a9d4705ea3140c9586a601038099ada9a69d03f442c0843a30b3ea3,26/06/2023 00:21:24,ESCANER
21507,"Izabal",18,"Lívingston",2,3339,380,53,11,22,3,36,25,23,1,1,0,1,3,1,1,181,9,1,191,0,191,--,--,--,181,191,191,Algún campo sin dato,1,ca134dc9dc3faeccba0c18be90bfbe171543ff57544eebd954b8462c89abba9c,26/06/2023 00:15:07,ESCANER
21508,"Izabal",18,"Lívingston",2,3339,380,,,,,,,,,,,,,,,,,,,,,,,,,,,,0,,,
21509,"Izabal",18,"Lívingston",2,3339,380,,,,,,,,,,,,,,,,,,,,,,,,,,,,0,,,
21510,"Izabal",18,"Lívingston",2,3339,380,39,5,25,0,26,25,25,2,0,0,0,0,1,1,149,7,2,158,0,158,--,380,222,149,158,158,Algún campo sin dato,1,5c6b7f18521c6912349c81521a47931083f340fdfbe77310ec050a2ba256cede,26/06/2023 00:11:06,ESCANER
21511,"Izabal",18,"Lívingston",2,3339,354,,,,,,,,,,,,,,,,,,,,,,,,,,,,0,,,
21512,"Izabal",18,"Lívingston",2,3339,354,,,,,,,,,,,,,,,,,,,,,,,,,,,,0,,,
21513,"Izabal",18,"Lívingston",2,3340,380,59,4,59,1,4,24,18,2,0,0,2,1,0,0,174,41,10,225,0,225,--,380,155,174,225,225,Algún campo sin dato,1,0cba92d3b8ff357e18519da3bd3688acc6503d6ec3849328bb82bdf5bf0b7b98,25/06/2023 23:41:48,ESCANER
21514,"Izabal",18,"Lívingston",2,3340,380,,,,,,,,,,,,,,,,,,,,,,,,,,,,0,,,
21515,"Izabal",18,"Lívingston",2,3340,380,,,,,,,,,,,,,,,,,,,,,,,,,,,,0,,,
21516,"Izabal",18,"Lívingston",2,3340,380,,,,,,,,,,,,,,,,,,,,,,,,,,,,0,,,
21517,"Izabal",18,"Lívingston",2,3340,376,,,,,,,,,,,,,,,,,,,,,,,,,,,,0,,,
21518,"Izabal",18,"Lívingston",2,3340,376,38,6,71,0,3,25,24,0,0,0,1,0,0,0,168,9,2,179,0,179,--,373,194,168,179,179,Algún campo sin dato,1,c5b2e6b488c8d502c3d76ffc48dfd419c7661fb15ae77286b0acc187d8601b3d,26/06/2023 00:06:55,ESCANER
21519,"Izabal",18,"Lívingston",2,3341,380,,,,,,,,,,,,,,,,,,,,,,,,,,,,0,,,
21520,"Izabal",18,"Lívingston",2,3341,297,,,,,,,,,,,,,,,,,,,,,,,,,,,,0,,,
21521,"Izabal",18,"Lívingston",2,3341,297,,,,,,,,,,,,,,,,,,,,,,,,,,,,0,,,
21522,"Izabal",18,"Lívingston",2,3342,600,14,9,4,0,0,12,14,2,0,1,2,2,0,1,61,2,1,64,0,64,--,600,536,61,64,64,Algún campo sin dato,1,e8a3162e6199638f9332dd06604c408d9345512f6ecaae359cab05a07ec23cda,25/06/2023 22:47:32,ESCANER
21523,"Izabal",18,"Lívingston",2,3342,352,5,3,1,0,0,7,5,0,0,0,1,1,0,0,23,0,1,24,0,24,--,352,328,23,24,24,Algún campo sin dato,1,8f393e0b724e35981fd822deba6db37ad21d4e0e8c3a83fba69c8863d75074f4,25/06/2023 20:55:05,ESCANER
21524,"Izabal",18,"Lívingston",2,3342,352,5,2,1,0,1,7,2,1,0,0,0,0,0,1,20,0,0,20,0,20,--,252,332,20,20,20,Algún campo sin dato,1,aa714133ca6043c92feea41f5ab804b891aad003af6e27dd2ab0c212ba689988,25/06/2023 21:06:36,ESCANER