﻿TIPO_DE_ELECCIÓN:,CORPORACIÓN MUNICIPAL
26 junio 2023 00:28 (UTC -6)
ACTAS_ESPERADAS,ACTAS_CAPTURADAS,PORCENTAJE_ACTAS_CAPTURADAS,ACTAS_CONTABILIZADAS,PORCENTAJE_ACTAS_CONTABILIZADAS,ACTAS_NO_CONTABILIZADAS,LISTA_NOMINAL_ACTAS_CONTABILIZADAS,VOTOS_EMITIDOS_CONTABILIZADAS,PORCENTAJE_PARTICIPACIÓN_CIUDADANA
25,7,28.0000,7,28.0000,0,2006,1285,64.0578

MESA,DEPARTAMENTO,ID_DEPARTAMENTO,MUNICIPIO,ID_MUNICIPIO,CENTRO_DE_VOTACIÓN,PADRÓN,PODEMOS,CABAL,UNE,CAMBIO,VAMOS,PPN,VALOR,MLP,TODOS,VÁLIDOS,NULOS,BLANCO,EMITIDOS,INVÁLIDOS,TOTAL,IMPUGNACIONES,PAPELETAS-RECIBIDAS,PAPELETAS-NO-USADAS,VALIDOS_CALCULADO,EMITIDOS_CALCULADO,TOTAL_CALCULADO,OBSERVACIONES,CONTABILIZADA,CÓDIGO_INTEGRIDAD,FECHA_HORA_PUBLICACIÓN,DIGITALIZACIÓN
12039,"Suchitepéquez",10,"San Lorenzo",7,1625,400,,,,,,,,,,,,,,,,,,,,,,,0,,,
12040,"Suchitepéquez",10,"San Lorenzo",7,1625,400,,,,,,,,,,,,,,,,,,,,,,,0,,,
12041,"Suchitepéquez",10,"San Lorenzo",7,1625,400,,,,,,,,,,,,,,,,,,,,,,,0,,,
12042,"Suchitepéquez",10,"San Lorenzo",7,1625,368,,,,,,,,,,,,,,,,,,,,,,,0,,,
12043,"Suchitepéquez",10,"San Lorenzo",7,1625,368,,,,,,,,,,,,,,,,,,,,,,,0,,,
12044,"Suchitepéquez",10,"San Lorenzo",7,1626,400,,,,,,,,,,,,,,,,,,,,,,,0,,,
12045,"Suchitepéquez",10,"San Lorenzo",7,1626,400,,,,,,,,,,,,,,,,,,,,,,,0,,,
12046,"Suchitepéquez",10,"San Lorenzo",7,1626,400,,,,,,,,,,,,,,,,,,,,,,,0,,,
12047,"Suchitepéquez",10,"San Lorenzo",7,1626,400,,,,,,,,,,,,,,,,,,,,,,,0,,,
12048,"Suchitepéquez",10,"San Lorenzo",7,1626,400,,,,,,,,,,,,,,,,,,,,,,,0,,,
12049,"Suchitepéquez",10,"San Lorenzo",7,1627,400,,,,,,,,,,,,,,,,,,,,,,,0,,,
12050,"Suchitepéquez",10,"San Lorenzo",7,1627,400,,,,,,,,,,,,,,,,,,,,,,,0,,,
12051,"Suchitepéquez",10,"San Lorenzo",7,1627,400,,,,,,,,,,,,,,,,,,,,,,,0,,,
12052,"Suchitepéquez",10,"San Lorenzo",7,1627,211,76,36,0,4,42,1,0,0,3,162,0,0,162,0,162,--,211,49,162,162,162,Algún campo sin dato,1,85e49e1a67e84d10e19f97cdec5fd11cc74891c8f3051a903f70b19b62a80897,25/06/2023 22:02:15,ESCANER
12053,"Suchitepéquez",10,"San Lorenzo",7,1627,210,51,35,0,8,44,0,0,0,2,140,3,1,144,0,144,--,210,66,140,144,144,Algún campo sin dato,1,2c9135109802e5620a673bfce750e426b0303b6658a9c232cf9f8d989f3d53f3,25/06/2023 23:06:11,ESCANER
12054,"Suchitepéquez",10,"San Lorenzo",7,1628,400,153,34,2,15,75,0,0,0,6,285,21,9,315,2,317,--,400,85,285,315,317,Algún campo sin dato,1,4eba60694c79677e2b3bb2a48934a422496feceecb366948e526c8eb53231a6a,25/06/2023 23:30:28,ESCANER
12055,"Suchitepéquez",10,"San Lorenzo",7,1628,400,,,,,,,,,,,,,,,,,,,,,,,0,,,
12056,"Suchitepéquez",10,"San Lorenzo",7,1628,400,138,28,1,5,65,0,0,0,8,245,10,2,257,1,258,--,400,143,245,257,258,Algún campo sin dato,1,732b8e86bd6c38885b9567c8b2fbb3d69a58a3ed5bff5097ca9e014ccace3264,26/06/2023 00:12:30,ESCANER
12057,"Suchitepéquez",10,"San Lorenzo",7,1628,314,,,,,,,,,,,,,,,,,,,,,,,0,,,
12058,"Suchitepéquez",10,"San Lorenzo",7,1628,314,,,,,,,,,,,,,,,,,,,,,,,0,,,
12059,"Suchitepéquez",10,"San Lorenzo",7,1629,380,,,,,,,,,,,,,,,,,,,,,,,0,,,
12060,"Suchitepéquez",10,"San Lorenzo",7,1629,380,,,,,,,,,,,,,,,,,,,,,,,0,,,
12061,"Suchitepéquez",10,"San Lorenzo",7,1629,236,63,8,2,4,54,0,1,0,4,136,3,1,140,--,--,--,236,96,136,140,140,Algún campo sin dato,1,70846816a63e8d0910c84fafcf732260dd6d208692aa0ce0762b66b820aebf21,25/06/2023 21:54:13,ESCANER
12062,"Suchitepéquez",10,"San Lorenzo",7,1629,236,78,20,0,4,59,0,3,0,1,165,2,1,168,--,--,--,233,65,165,168,168,Algún campo sin dato,1,686a802fba00b44a8750b8eb648ffbe7c0069e430847bfb91030d64fd3a9c331,26/06/2023 00:04:11,ESCANER
12063,"Suchitepéquez",10,"San Lorenzo",7,1630,313,37,27,1,0,28,0,0,0,1,94,2,3,99,0,99,--,313,214,94,99,99,Algún campo sin dato,1,357f8d1fbdec518e1405b777fd6735febb0465abcbd5b2818734cfcb3c8096e9,25/06/2023 23:36:53,ESCANER