﻿TIPO_DE_ELECCIÓN:,CORPORACIÓN MUNICIPAL
26 junio 2023 00:28 (UTC -6)
ACTAS_ESPERADAS,ACTAS_CAPTURADAS,PORCENTAJE_ACTAS_CAPTURADAS,ACTAS_CONTABILIZADAS,PORCENTAJE_ACTAS_CONTABILIZADAS,ACTAS_NO_CONTABILIZADAS,LISTA_NOMINAL_ACTAS_CONTABILIZADAS,VOTOS_EMITIDOS_CONTABILIZADAS,PORCENTAJE_PARTICIPACIÓN_CIUDADANA
19,3,15.7894,3,15.7894,0,1040,735,70.6730

MESA,DEPARTAMENTO,ID_DEPARTAMENTO,MUNICIPIO,ID_MUNICIPIO,CENTRO_DE_VOTACIÓN,PADRÓN,VOS,VAMOS,AZUL,CABAL,PPN,WINAQ,UNE,VALOR UNIONISTA,VÁLIDOS,NULOS,BLANCO,EMITIDOS,INVÁLIDOS,TOTAL,IMPUGNACIONES,PAPELETAS-RECIBIDAS,PAPELETAS-NO-USADAS,VALIDOS_CALCULADO,EMITIDOS_CALCULADO,TOTAL_CALCULADO,OBSERVACIONES,CONTABILIZADA,CÓDIGO_INTEGRIDAD,FECHA_HORA_PUBLICACIÓN,DIGITALIZACIÓN
5859,"Sacatepéquez",2,"San Antonio Aguas Calientes",15,611,400,,,,,,,,,,,,,,,,,,,,,,0,,,
5860,"Sacatepéquez",2,"San Antonio Aguas Calientes",15,611,400,,,,,,,,,,,,,,,,,,,,,,0,,,
5861,"Sacatepéquez",2,"San Antonio Aguas Calientes",15,611,400,115,29,27,65,19,7,3,48,313,3,6,322,0,322,--,400,78,313,322,322,Algún campo sin dato,1,de7c9cefa44ff181aa53a3ab98dc97e2c3c36f365f0db4af0c2ef26804db6be7,26/06/2023 00:25:26,ESCANER
5862,"Sacatepéquez",2,"San Antonio Aguas Calientes",15,611,400,,,,,,,,,,,,,,,,,,,,,,0,,,
5863,"Sacatepéquez",2,"San Antonio Aguas Calientes",15,611,400,,,,,,,,,,,,,,,,,,,,,,0,,,
5864,"Sacatepéquez",2,"San Antonio Aguas Calientes",15,611,400,,,,,,,,,,,,,,,,,,,,,,0,,,
5865,"Sacatepéquez",2,"San Antonio Aguas Calientes",15,612,400,,,,,,,,,,,,,,,,,,,,,,0,,,
5866,"Sacatepéquez",2,"San Antonio Aguas Calientes",15,612,400,,,,,,,,,,,,,,,,,,,,,,0,,,
5867,"Sacatepéquez",2,"San Antonio Aguas Calientes",15,612,400,,,,,,,,,,,,,,,,,,,,,,0,,,
5868,"Sacatepéquez",2,"San Antonio Aguas Calientes",15,612,400,,,,,,,,,,,,,,,,,,,,,,0,,,
5869,"Sacatepéquez",2,"San Antonio Aguas Calientes",15,612,400,,,,,,,,,,,,,,,,,,,,,,0,,,
5870,"Sacatepéquez",2,"San Antonio Aguas Calientes",15,613,400,,,,,,,,,,,,,,,,,,,,,,0,,,
5871,"Sacatepéquez",2,"San Antonio Aguas Calientes",15,613,400,,,,,,,,,,,,,,,,,,,,,,0,,,
5872,"Sacatepéquez",2,"San Antonio Aguas Calientes",15,613,400,104,39,25,55,23,5,2,44,297,2,2,301,0,301,--,400,99,297,301,301,Algún campo sin dato,1,fe02257f0dec30e5a0fb56ac3ebb0fa5de11bb0b0219f1530712b71dc34748f5,26/06/2023 00:06:50,ESCANER
5873,"Sacatepéquez",2,"San Antonio Aguas Calientes",15,613,400,,,,,,,,,,,,,,,,,,,,,,0,,,
5874,"Sacatepéquez",2,"San Antonio Aguas Calientes",15,613,400,,,,,,,,,,,,,,,,,,,,,,0,,,
5875,"Sacatepéquez",2,"San Antonio Aguas Calientes",15,614,395,,,,,,,,,,,,,,,,,,,,,,0,,,
5876,"Sacatepéquez",2,"San Antonio Aguas Calientes",15,614,395,,,,,,,,,,,,,,,,,,,,,,0,,,
5877,"Sacatepéquez",2,"San Antonio Aguas Calientes",15,615,240,29,11,19,16,2,3,0,28,109,4,0,113,0,113,1,237,124,108,112,112,Sumas Asentadas sin cuadrar,1,24a972f28321bf4b9c67032e5c5a3da7e4c724b9bfab0482a7e2ad6390c463e5,25/06/2023 22:58:51,ESCANER