﻿TIPO_DE_ELECCIÓN:,CORPORACIÓN MUNICIPAL
26 junio 2023 00:28 (UTC -6)
ACTAS_ESPERADAS,ACTAS_CAPTURADAS,PORCENTAJE_ACTAS_CAPTURADAS,ACTAS_CONTABILIZADAS,PORCENTAJE_ACTAS_CONTABILIZADAS,ACTAS_NO_CONTABILIZADAS,LISTA_NOMINAL_ACTAS_CONTABILIZADAS,VOTOS_EMITIDOS_CONTABILIZADAS,PORCENTAJE_PARTICIPACIÓN_CIUDADANA
78,34,43.5897,34,43.5897,0,10604,6858,64.6737

MESA,DEPARTAMENTO,ID_DEPARTAMENTO,MUNICIPIO,ID_MUNICIPIO,CENTRO_DE_VOTACIÓN,PADRÓN,AZUL,BIEN,UNE,CABAL,MLP,VAMOS,P A N,CAMBIO,VALOR UNIONISTA,VÁLIDOS,NULOS,BLANCO,EMITIDOS,INVÁLIDOS,TOTAL,IMPUGNACIONES,PAPELETAS-RECIBIDAS,PAPELETAS-NO-USADAS,VALIDOS_CALCULADO,EMITIDOS_CALCULADO,TOTAL_CALCULADO,OBSERVACIONES,CONTABILIZADA,CÓDIGO_INTEGRIDAD,FECHA_HORA_PUBLICACIÓN,DIGITALIZACIÓN
7040,"El Progreso",4,"Sanarate",7,780,400,,,,,,,,,,,,,,,,,,,,,,,0,,,
7041,"El Progreso",4,"Sanarate",7,780,400,,,,,,,,,,,,,,,,,,,,,,,0,,,
7042,"El Progreso",4,"Sanarate",7,780,400,,,,,,,,,,,,,,,,,,,,,,,0,,,
7043,"El Progreso",4,"Sanarate",7,780,400,,,,,,,,,,,,,,,,,,,,,,,0,,,
7044,"El Progreso",4,"Sanarate",7,780,400,,,,,,,,,,,,,,,,,,,,,,,0,,,
7045,"El Progreso",4,"Sanarate",7,780,400,,,,,,,,,,,,,,,,,,,,,,,0,,,
7046,"El Progreso",4,"Sanarate",7,780,400,,,,,,,,,,,,,,,,,,,,,,,0,,,
7047,"El Progreso",4,"Sanarate",7,780,400,,,,,,,,,,,,,,,,,,,,,,,0,,,
7048,"El Progreso",4,"Sanarate",7,780,400,,,,,,,,,,,,,,,,,,,,,,,0,,,
7049,"El Progreso",4,"Sanarate",7,780,400,,,,,,,,,,,,,,,,,,,,,,,0,,,
7050,"El Progreso",4,"Sanarate",7,780,400,,,,,,,,,,,,,,,,,,,,,,,0,,,
7051,"El Progreso",4,"Sanarate",7,780,400,,,,,,,,,,,,,,,,,,,,,,,0,,,
7052,"El Progreso",4,"Sanarate",7,780,400,,,,,,,,,,,,,,,,,,,,,,,0,,,
7053,"El Progreso",4,"Sanarate",7,780,400,,,,,,,,,,,,,,,,,,,,,,,0,,,
7054,"El Progreso",4,"Sanarate",7,780,400,,,,,,,,,,,,,,,,,,,,,,,0,,,
7055,"El Progreso",4,"Sanarate",7,780,400,,,,,,,,,,,,,,,,,,,,,,,0,,,
7056,"El Progreso",4,"Sanarate",7,780,329,,,,,,,,,,,,,,,,,,,,,,,0,,,
7057,"El Progreso",4,"Sanarate",7,780,328,,,,,,,,,,,,,,,,,,,,,,,0,,,
7058,"El Progreso",4,"Sanarate",7,781,400,,,,,,,,,,,,,,,,,,,,,,,0,,,
7059,"El Progreso",4,"Sanarate",7,781,400,,,,,,,,,,,,,,,,,,,,,,,0,,,
7060,"El Progreso",4,"Sanarate",7,781,400,,,,,,,,,,,,,,,,,,,,,,,0,,,
7061,"El Progreso",4,"Sanarate",7,781,304,,,,,,,,,,,,,,,,,,,,,,,0,,,
7062,"El Progreso",4,"Sanarate",7,781,303,,,,,,,,,,,,,,,,,,,,,,,0,,,
7063,"El Progreso",4,"Sanarate",7,782,400,,,,,,,,,,,,,,,,,,,,,,,0,,,
7064,"El Progreso",4,"Sanarate",7,782,400,3,1,40,79,1,125,1,0,7,257,6,2,265,0,265,--,399,134,257,265,265,Algún campo sin dato,1,8655e3de62d272c3710e800f8ef73632a05477c5f33d962115bdf2cdb30b0715,26/06/2023 00:02:11,ESCANER
7065,"El Progreso",4,"Sanarate",7,782,236,6,2,23,48,0,81,0,0,2,162,3,1,166,0,166,--,236,70,162,166,166,Algún campo sin dato,1,d7b762eb642608c7142e36ac9ffbdf3936a22572f1701a01dea911eb6c13b452,25/06/2023 23:28:38,ESCANER
7066,"El Progreso",4,"Sanarate",7,782,236,9,4,22,47,1,58,0,0,4,145,4,1,150,0,150,--,236,86,145,150,150,Algún campo sin dato,1,f4b14b87393cab71cb75f2edaf8f950210706534ee0fa3b298b6e2cb13212ebd,25/06/2023 23:12:16,ESCANER
7067,"El Progreso",4,"Sanarate",7,783,400,,,,,,,,,,,,,,,,,,,,,,,0,,,
7068,"El Progreso",4,"Sanarate",7,783,400,,,,,,,,,,,,,,,,,,,,,,,0,,,
7069,"El Progreso",4,"Sanarate",7,783,388,1,3,47,92,3,115,1,0,5,267,6,0,273,0,273,--,387,114,267,273,273,Algún campo sin dato,1,c853cbefba42f4594b21128f2105bbdda1ccf991f1eb520254f143b6e3c8bc7f,25/06/2023 23:22:26,ESCANER
7070,"El Progreso",4,"Sanarate",7,783,387,8,2,44,109,0,106,0,0,4,273,2,0,275,0,275,--,387,112,273,275,275,Algún campo sin dato,1,cf7b1c86f308711b03b41836251832b0cb204cbe7dc07dd2b67eab6929842877,25/06/2023 23:05:19,ESCANER
7071,"El Progreso",4,"Sanarate",7,784,400,,,,,,,,,,,,,,,,,,,,,,,0,,,
7072,"El Progreso",4,"Sanarate",7,784,218,6,3,17,45,1,54,0,0,4,130,2,0,132,0,132,--,218,86,130,132,132,Algún campo sin dato,1,ccb0264224efea56422e3ef1561701dc90f06cd6417d9c68d2697434ba1ed3f5,25/06/2023 21:42:10,ESCANER
7073,"El Progreso",4,"Sanarate",7,784,217,8,2,26,52,0,51,0,0,8,147,3,0,150,0,150,--,217,67,147,150,150,Algún campo sin dato,1,37647c3b3ef4a914ceee88a65834f8b43252910703d743cbd340329a1929c7a4,25/06/2023 22:51:27,ESCANER
7074,"El Progreso",4,"Sanarate",7,785,295,12,8,20,60,1,75,1,0,5,182,4,3,189,0,189,--,--,--,182,189,189,Algún campo sin dato,1,2c073b76cbce5b761b9d06b25e046c5d25ca2f5a0f87233b370adc5ac7bd3fa9,25/06/2023 21:50:10,ESCANER
7075,"El Progreso",4,"Sanarate",7,786,206,4,2,31,41,1,54,0,0,4,137,9,2,148,0,148,--,206,58,137,148,148,Algún campo sin dato,1,927be0522cf6585cbcfa859361b6a18882a7b980c8034fccb154bdf20fb9332f,25/06/2023 23:15:02,ESCANER
7076,"El Progreso",4,"Sanarate",7,787,400,,,,,,,,,,,,,,,,,,,,,,,0,,,
7077,"El Progreso",4,"Sanarate",7,787,400,12,4,79,97,1,95,0,0,11,299,12,7,318,0,318,--,400,82,299,318,318,Algún campo sin dato,1,1a3d014f4259da877c397a8a75a3b3320563fa67e2c4b55de01581fdd0d88473,26/06/2023 00:24:19,ESCANER
7078,"El Progreso",4,"Sanarate",7,787,400,7,6,77,93,1,65,0,0,7,256,7,1,264,0,264,--,400,136,256,264,264,Algún campo sin dato,1,53320ae85fd9ec21239c3a533dd9debf692f9be39fbcf622d31bb07bd205cfb2,25/06/2023 23:37:06,ESCANER
7079,"El Progreso",4,"Sanarate",7,787,400,9,1,93,79,4,65,1,0,4,256,5,1,262,0,262,--,399,137,256,262,262,Algún campo sin dato,1,98dd2658e5caacfefc11733f5a93cc36a8a4f7c33a9f1c2cb9a2a003b0ada92e,26/06/2023 00:11:32,ESCANER
7080,"El Progreso",4,"Sanarate",7,787,212,3,0,63,46,1,33,0,0,9,155,1,0,156,0,156,0,212,53,155,156,156,,1,4619c7847bcb3cb0c5bde43467e5f8934f46c2872a47d64f6a199d55c9b80a3e,25/06/2023 22:49:55,ESCANER
7081,"El Progreso",4,"Sanarate",7,787,211,4,1,51,54,1,30,0,0,5,146,2,0,148,0,148,--,211,63,146,148,148,Algún campo sin dato,1,e5a21cb2b77ac43aab4222a63390b3040513d64c92beff48b86fbd7107cdef04,25/06/2023 23:42:22,ESCANER
7082,"El Progreso",4,"Sanarate",7,788,380,3,3,98,33,1,118,1,--,19,276,7,1,284,--,284,--,380,96,276,284,284,Algún campo sin dato,1,09bc902a7a8134f871de122b84fb5606e8e66663f57dcebecb5e22b1c9597fbc,26/06/2023 00:11:28,ESCANER
7083,"El Progreso",4,"Sanarate",7,788,380,8,1,69,51,0,136,0,0,16,281,11,1,293,0,293,--,380,87,281,293,293,Algún campo sin dato,1,93142795d460cd4a8853ba5dee63266e6ed08ffeea710199bedff667b5ebec27,25/06/2023 23:54:38,ESCANER
7084,"El Progreso",4,"Sanarate",7,788,380,,,,,,,,,,,,,,,,,,,,,,,0,,,
7085,"El Progreso",4,"Sanarate",7,788,380,7,5,79,40,2,118,0,2,9,262,6,1,269,0,269,--,380,111,262,269,269,Algún campo sin dato,1,5dc5303ea9e7ccc799a4c2486f1c68271614a328c667845050f99b32bd205ca3,25/06/2023 23:16:58,ESCANER
7086,"El Progreso",4,"Sanarate",7,788,278,3,3,53,32,3,88,0,2,8,192,3,0,195,0,195,--,278,83,192,195,195,Algún campo sin dato,1,55f1218ef64070e4b2f165bcb619450ddf22a28b03d3aa23bd37acc3ed7e2ac2,26/06/2023 00:19:01,ESCANER
7087,"El Progreso",4,"Sanarate",7,788,278,5,0,59,32,0,82,0,0,10,188,3,1,192,0,192,--,278,86,188,192,192,Algún campo sin dato,1,a6d197fcafee554d812843e9990157744c9887e74ecba3cfd11cf9d27c0eb60c,25/06/2023 23:22:48,ESCANER
7088,"El Progreso",4,"Sanarate",7,789,380,4,3,30,72,0,109,0,0,15,233,11,6,250,0,250,--,380,130,233,250,250,Algún campo sin dato,1,59e29f1502875d180b5dfae75115c8caa732668c344d53adfa9d0dbe640510d2,25/06/2023 23:44:13,ESCANER
7089,"El Progreso",4,"Sanarate",7,789,380,2,6,33,64,2,149,0,0,4,260,9,0,269,0,269,--,380,111,260,269,269,Algún campo sin dato,1,a8e6cebdafa39204bcee76364cee95434a87be3da5c6fa12ca669fa806a7edf7,25/06/2023 23:15:29,ESCANER
7090,"El Progreso",4,"Sanarate",7,789,380,2,4,30,53,1,168,0,0,9,267,11,7,285,0,285,--,380,95,267,285,285,Algún campo sin dato,1,291304c730facfaf58a5610c62dc206e414106413bb6a53f5e33cfe4f8377f6d,25/06/2023 23:06:16,ESCANER
7091,"El Progreso",4,"Sanarate",7,789,380,,,,,,,,,,,,,,,,,,,,,,,0,,,
7092,"El Progreso",4,"Sanarate",7,789,380,,,,,,,,,,,,,,,,,,,,,,,0,,,
7093,"El Progreso",4,"Sanarate",7,789,365,,,,,,,,,,,,,,,,,,,,,,,0,,,
7094,"El Progreso",4,"Sanarate",7,789,364,,,,,,,,,,,,,,,,,,,,,,,0,,,
7095,"El Progreso",4,"Sanarate",7,790,380,,,,,,,,,,,,,,,,,,,,,,,0,,,
7096,"El Progreso",4,"Sanarate",7,790,380,,,,,,,,,,,,,,,,,,,,,,,0,,,
7097,"El Progreso",4,"Sanarate",7,790,238,0,0,75,18,1,44,0,0,0,138,4,1,143,0,143,--,235,93,138,143,143,Algún campo sin dato,1,9c8a2a3b84ddc2e78897b96873e96e61d745dd6433d52a977eb9544530ef75f4,25/06/2023 22:08:44,ESCANER
7098,"El Progreso",4,"Sanarate",7,790,238,0,1,67,14,2,56,0,0,1,141,3,2,146,0,146,--,238,92,141,146,146,Algún campo sin dato,1,eca062ce1ef12c0c070f6af235e7c9a261f7e6685ac967ca207215cd28cbc89b,25/06/2023 23:34:35,ESCANER
7099,"El Progreso",4,"Sanarate",7,791,380,,,,,,,,,,,,,,,,,,,,,,,0,,,
7100,"El Progreso",4,"Sanarate",7,791,380,,,,,,,,,,,,,,,,,,,,,,,0,,,
7101,"El Progreso",4,"Sanarate",7,791,380,,,,,,,,,,,,,,,,,,,,,,,0,,,
7102,"El Progreso",4,"Sanarate",7,791,194,4,1,40,60,1,28,0,0,2,136,2,1,139,0,139,--,194,55,136,139,139,Algún campo sin dato,1,835638a43049191b8413a81c459262f25801bcc2abf314ae97ff6371205241a3,25/06/2023 23:57:14,ESCANER
7103,"El Progreso",4,"Sanarate",7,791,193,9,1,36,63,1,21,0,0,3,134,2,0,0,0,136,1,193,56,134,136,136,,1,14e35841a17ee2033e09820215a321ee9b1ca48032db45da928b382649a6753c,26/06/2023 00:14:25,ESCANER
7104,"El Progreso",4,"Sanarate",7,792,380,,,,,,,,,,,,,,,,,,,,,,,0,,,
7105,"El Progreso",4,"Sanarate",7,792,359,,,,,,,,,,,,,,,,,,,,,,,0,,,
7106,"El Progreso",4,"Sanarate",7,792,358,4,3,56,50,1,145,0,0,4,263,2,1,266,0,266,--,358,92,263,266,266,Algún campo sin dato,1,332f765044307086d9696a0840c8ff558c92cbf7bba7de29df6b55e3dc116e12,25/06/2023 23:05:07,ESCANER
7107,"El Progreso",4,"Sanarate",7,793,380,,,,,,,,,,,,,,,,,,,,,,,0,,,
7108,"El Progreso",4,"Sanarate",7,793,380,,,,,,,,,,,,,,,,,,,,,,,0,,,
7109,"El Progreso",4,"Sanarate",7,793,250,2,3,28,36,0,56,0,0,2,127,6,1,--,--,--,--,250,116,127,134,134,Algún campo sin dato,1,2f1fa088d13793e8da909f7a7a8d6f63ff1c211f4aa1ccddcf99252a9f5c5372,26/06/2023 00:21:08,ESCANER
7110,"El Progreso",4,"Sanarate",7,793,249,1,2,38,25,0,84,0,0,0,150,4,0,154,0,154,--,241,95,150,154,154,Algún campo sin dato,1,4336bdc37ab0190c4d4e1baf98d6e461857562e1f453bb68a8cbd9d0a2e56235,25/06/2023 22:45:49,ESCANER
7111,"El Progreso",4,"Sanarate",7,794,380,,,,,,,,,,,,,,,,,,,,,,,0,,,
7112,"El Progreso",4,"Sanarate",7,794,380,6,2,22,54,2,174,0,0,2,262,15,3,280,0,280,--,380,100,262,280,280,Algún campo sin dato,1,52b3940f55ad4b3117b9c2d7f205a7bb50945ee80f88efa2850044124ebbd725,26/06/2023 00:23:07,ESCANER
7113,"El Progreso",4,"Sanarate",7,794,238,9,3,25,36,0,86,0,0,2,161,7,2,170,0,170,--,235,65,161,170,170,Algún campo sin dato,1,28e044097016ac27e8c01b12a964c09b59a264b042d4030b184c8c4c7a2e776b,25/06/2023 22:56:06,ESCANER
7114,"El Progreso",4,"Sanarate",7,794,238,3,4,18,28,1,103,1,0,0,158,4,1,163,0,163,--,235,72,158,163,163,Algún campo sin dato,1,3147402ed363b4c7de3561af7ceca020e5452183a0a746174cd2e27beb2225e5,26/06/2023 00:10:02,ESCANER
7115,"El Progreso",4,"Sanarate",7,795,600,,,,,,,,,,,,,,,,,,,,,,,0,,,
7116,"El Progreso",4,"Sanarate",7,795,493,7,3,41,55,0,36,0,0,7,149,8,0,157,0,157,--,496,339,149,157,157,Algún campo sin dato,1,d4253ff1f82cd584323fca559bd75e1d344f4237d004fd1265d4399e3065788c,25/06/2023 23:36:43,ESCANER
7117,"El Progreso",4,"Sanarate",7,795,493,2,0,3,15,0,17,0,0,0,37,0,0,37,0,37,--,493,456,37,37,37,Algún campo sin dato,1,610af85982c41c069308911fdef1825f9f6b54cc3a93556abbf3fe96e43e85f8,25/06/2023 23:14:23,ESCANER