﻿TIPO_DE_ELECCIÓN:,CORPORACIÓN MUNICIPAL
26 junio 2023 00:28 (UTC -6)
ACTAS_ESPERADAS,ACTAS_CAPTURADAS,PORCENTAJE_ACTAS_CAPTURADAS,ACTAS_CONTABILIZADAS,PORCENTAJE_ACTAS_CONTABILIZADAS,ACTAS_NO_CONTABILIZADAS,LISTA_NOMINAL_ACTAS_CONTABILIZADAS,VOTOS_EMITIDOS_CONTABILIZADAS,PORCENTAJE_PARTICIPACIÓN_CIUDADANA
20,4,20.0000,4,20.0000,0,1600,1165,72.8125

MESA,DEPARTAMENTO,ID_DEPARTAMENTO,MUNICIPIO,ID_MUNICIPIO,CENTRO_DE_VOTACIÓN,PADRÓN,UNE,CABAL,VAMOS,VICTORIA,UR,VIVA,PHG,VOS,VALOR UNIONISTA,VÁLIDOS,NULOS,BLANCO,EMITIDOS,INVÁLIDOS,TOTAL,IMPUGNACIONES,PAPELETAS-RECIBIDAS,PAPELETAS-NO-USADAS,VALIDOS_CALCULADO,EMITIDOS_CALCULADO,TOTAL_CALCULADO,OBSERVACIONES,CONTABILIZADA,CÓDIGO_INTEGRIDAD,FECHA_HORA_PUBLICACIÓN,DIGITALIZACIÓN
18477,"Baja Verapaz",15,"El Chol",6,2836,400,92,92,5,1,4,1,7,6,58,266,5,4,275,0,275,0,402,127,266,275,275,,1,e0f7a9c17cb9657546e881eb9ecd556cc664f16e5a0eabe5920c1ddfa089454c,25/06/2023 23:08:07,ESCANER
18478,"Baja Verapaz",15,"El Chol",6,2836,400,,,,,,,,,,,,,,,,,,,,,,,0,,,
18479,"Baja Verapaz",15,"El Chol",6,2836,400,,,,,,,,,,,,,,,,,,,,,,,0,,,
18480,"Baja Verapaz",15,"El Chol",6,2836,400,96,104,5,1,1,3,6,2,69,287,15,5,307,0,307,0,400,93,287,307,307,,1,7ba55b6a9d94eea14785613e6135f9705b36a061939e3d5615d3480d60f157e3,25/06/2023 23:24:23,ESCANER
18481,"Baja Verapaz",15,"El Chol",6,2836,400,81,131,3,6,0,0,7,2,74,304,10,6,320,0,320,0,398,78,304,320,320,,1,abed29089491383632e2c56309d2ad80e16d1d382551c34c162876b6f46bf463,25/06/2023 23:17:18,ESCANER
18482,"Baja Verapaz",15,"El Chol",6,2836,400,69,101,0,2,0,0,5,2,75,263,8,1,272,0,272,0,400,137,254,263,263,Sumas Asentadas sin cuadrar,1,ad008234a85749fc5f7e0a2dff8948bd8f5ff085d40c671cc84f67ade8c8a67a,25/06/2023 23:06:34,ESCANER
18483,"Baja Verapaz",15,"El Chol",6,2837,400,,,,,,,,,,,,,,,,,,,,,,,0,,,
18484,"Baja Verapaz",15,"El Chol",6,2837,400,,,,,,,,,,,,,,,,,,,,,,,0,,,
18485,"Baja Verapaz",15,"El Chol",6,2837,400,,,,,,,,,,,,,,,,,,,,,,,0,,,
18486,"Baja Verapaz",15,"El Chol",6,2837,306,,,,,,,,,,,,,,,,,,,,,,,0,,,
18487,"Baja Verapaz",15,"El Chol",6,2838,306,,,,,,,,,,,,,,,,,,,,,,,0,,,
18488,"Baja Verapaz",15,"El Chol",6,2839,380,,,,,,,,,,,,,,,,,,,,,,,0,,,
18489,"Baja Verapaz",15,"El Chol",6,2839,380,,,,,,,,,,,,,,,,,,,,,,,0,,,
18490,"Baja Verapaz",15,"El Chol",6,2839,380,,,,,,,,,,,,,,,,,,,,,,,0,,,
18491,"Baja Verapaz",15,"El Chol",6,2839,380,,,,,,,,,,,,,,,,,,,,,,,0,,,
18492,"Baja Verapaz",15,"El Chol",6,2839,209,,,,,,,,,,,,,,,,,,,,,,,0,,,
18493,"Baja Verapaz",15,"El Chol",6,2839,209,,,,,,,,,,,,,,,,,,,,,,,0,,,
18494,"Baja Verapaz",15,"El Chol",6,2840,367,,,,,,,,,,,,,,,,,,,,,,,0,,,
18495,"Baja Verapaz",15,"El Chol",6,2840,366,,,,,,,,,,,,,,,,,,,,,,,0,,,
18496,"Baja Verapaz",15,"El Chol",6,2841,318,,,,,,,,,,,,,,,,,,,,,,,0,,,