﻿TIPO_DE_ELECCIÓN:,CORPORACIÓN MUNICIPAL
26 junio 2023 00:28 (UTC -6)
ACTAS_ESPERADAS,ACTAS_CAPTURADAS,PORCENTAJE_ACTAS_CAPTURADAS,ACTAS_CONTABILIZADAS,PORCENTAJE_ACTAS_CONTABILIZADAS,ACTAS_NO_CONTABILIZADAS,LISTA_NOMINAL_ACTAS_CONTABILIZADAS,VOTOS_EMITIDOS_CONTABILIZADAS,PORCENTAJE_PARTICIPACIÓN_CIUDADANA
72,24,33.3333,24,33.3333,0,9461,4946,52.2777

MESA,DEPARTAMENTO,ID_DEPARTAMENTO,MUNICIPIO,ID_MUNICIPIO,CENTRO_DE_VOTACIÓN,PADRÓN,VAMOS,PHG,CABAL,MLP,TODOS,AZUL,CREO,UNE,BIEN,WINAQ,ELEFANTE,VIVA,UR,PR,VALOR,U R N G - MAIZ,VICTORIA,PPN,VÁLIDOS,NULOS,BLANCO,EMITIDOS,INVÁLIDOS,TOTAL,IMPUGNACIONES,PAPELETAS-RECIBIDAS,PAPELETAS-NO-USADAS,VALIDOS_CALCULADO,EMITIDOS_CALCULADO,TOTAL_CALCULADO,OBSERVACIONES,CONTABILIZADA,CÓDIGO_INTEGRIDAD,FECHA_HORA_PUBLICACIÓN,DIGITALIZACIÓN
14365,"San Marcos",12,"San Pablo",19,2015,400,,,,,,,,,,,,,,,,,,,,,,,,,,,,,,,,0,,,
14366,"San Marcos",12,"San Pablo",19,2015,400,,,,,,,,,,,,,,,,,,,,,,,,,,,,,,,,0,,,
14367,"San Marcos",12,"San Pablo",19,2015,400,,,,,,,,,,,,,,,,,,,,,,,,,,,,,,,,0,,,
14368,"San Marcos",12,"San Pablo",19,2015,400,,,,,,,,,,,,,,,,,,,,,,,,,,,,,,,,0,,,
14369,"San Marcos",12,"San Pablo",19,2015,400,,,,,,,,,,,,,,,,,,,,,,,,,,,,,,,,0,,,
14370,"San Marcos",12,"San Pablo",19,2015,400,,,,,,,,,,,,,,,,,,,,,,,,,,,,,,,,0,,,
14371,"San Marcos",12,"San Pablo",19,2015,400,,,,,,,,,,,,,,,,,,,,,,,,,,,,,,,,0,,,
14372,"San Marcos",12,"San Pablo",19,2015,400,,,,,,,,,,,,,,,,,,,,,,,,,,,,,,,,0,,,
14373,"San Marcos",12,"San Pablo",19,2016,400,,,,,,,,,,,,,,,,,,,,,,,,,,,,,,,,0,,,
14374,"San Marcos",12,"San Pablo",19,2016,400,,,,,,,,,,,,,,,,,,,,,,,,,,,,,,,,0,,,
14375,"San Marcos",12,"San Pablo",19,2016,400,,,,,,,,,,,,,,,,,,,,,,,,,,,,,,,,0,,,
14376,"San Marcos",12,"San Pablo",19,2016,400,,,,,,,,,,,,,,,,,,,,,,,,,,,,,,,,0,,,
14377,"San Marcos",12,"San Pablo",19,2016,400,,,,,,,,,,,,,,,,,,,,,,,,,,,,,,,,0,,,
14378,"San Marcos",12,"San Pablo",19,2016,400,,,,,,,,,,,,,,,,,,,,,,,,,,,,,,,,0,,,
14379,"San Marcos",12,"San Pablo",19,2016,400,,,,,,,,,,,,,,,,,,,,,,,,,,,,,,,,0,,,
14380,"San Marcos",12,"San Pablo",19,2016,400,,,,,,,,,,,,,,,,,,,,,,,,,,,,,,,,0,,,
14381,"San Marcos",12,"San Pablo",19,2017,400,38,13,17,3,44,6,48,14,39,2,3,2,1,1,2,5,0,0,238,27,6,271,0,271,--,397,126,238,271,271,Algún campo sin dato,1,f47b1b5de94d0798cd1f27688482b3f30e7033e5f97967d943b178a93c2db174,26/06/2023 00:19:00,ESCANER
14382,"San Marcos",12,"San Pablo",19,2017,400,50,8,21,1,30,7,25,14,31,2,5,1,2,2,0,2,0,0,201,1,4,206,18,224,--,400,176,201,206,224,Algún campo sin dato,1,2c2d8a0e3226341480a84828fee33710ec322b29ffba003b5b1ce537c2b61976,25/06/2023 23:48:17,ESCANER
14383,"San Marcos",12,"San Pablo",19,2017,400,59,8,8,0,32,11,39,6,13,3,1,0,1,0,0,0,1,1,183,7,0,190,0,190,--,400,207,183,190,190,Algún campo sin dato,1,e3903f2025037424ccb0c482be4d2bf762dc906daac8cdc4be3ff19c1fda558f,25/06/2023 22:50:53,ESCANER
14384,"San Marcos",12,"San Pablo",19,2017,400,52,10,4,2,34,12,27,18,25,2,0,1,0,1,1,3,0,1,193,7,5,205,0,205,--,400,192,193,205,205,Algún campo sin dato,1,1b22e520daf76691a7e5822100efd74127e815d072dc747e916206d7f20ec901,26/06/2023 00:00:40,ESCANER
14385,"San Marcos",12,"San Pablo",19,2017,400,84,6,11,1,33,20,30,9,27,1,1,0,0,1,1,2,0,1,228,25,6,259,0,259,--,400,141,228,259,259,Algún campo sin dato,1,076aa946928b42354f98e5c80c0f8fd4ea3418e44de7014793bee96cac47a978,25/06/2023 23:53:36,ESCANER
14386,"San Marcos",12,"San Pablo",19,2017,400,57,12,13,0,49,6,28,12,22,4,0,0,2,0,0,2,1,0,208,14,8,230,0,0,--,400,170,208,230,230,Algún campo sin dato,1,a7452f3ffe13e88baae3c5f2d39535fa450b09acebb8af8cc41ce14aef6dd893,25/06/2023 23:41:59,ESCANER
14387,"San Marcos",12,"San Pablo",19,2017,400,54,8,17,3,44,9,31,15,21,3,0,1,0,0,1,2,0,1,210,14,8,232,0,232,--,400,168,210,232,232,Algún campo sin dato,1,5e2481037220e2c1185819484d29858af4b801bdbca3787d77007bb3515d15d0,25/06/2023 23:18:57,ESCANER
14388,"San Marcos",12,"San Pablo",19,2017,400,70,13,15,1,49,10,24,14,20,0,1,0,0,0,0,3,0,0,220,10,3,233,0,233,0,400,167,220,233,233,,1,d65fc83fb62d4caabbf15c9a5a5c6190f5777a54b48dbe97d4b41160527c580a,25/06/2023 22:10:06,ESCANER
14389,"San Marcos",12,"San Pablo",19,2017,400,,,,,,,,,,,,,,,,,,,,,,,,,,,,,,,,0,,,
14390,"San Marcos",12,"San Pablo",19,2018,400,66,12,16,3,34,7,25,8,18,4,1,1,0,1,0,4,1,2,203,19,12,234,0,234,--,400,166,203,234,234,Algún campo sin dato,1,c1d49b3245bf023fdef6a350b9bbe765c24e8704ae595edf4f48e2a49bc05489,25/06/2023 23:17:23,ESCANER
14391,"San Marcos",12,"San Pablo",19,2018,400,65,8,16,0,38,14,30,7,36,1,1,1,0,1,3,2,0,1,224,8,5,237,0,237,--,400,163,224,237,237,Algún campo sin dato,1,ee32476f71da5aa0a2edcef733c9c185d250d63738c46332175c5b7afc8e2498,25/06/2023 23:36:17,ESCANER
14392,"San Marcos",12,"San Pablo",19,2018,400,74,17,10,1,21,8,34,10,23,0,3,1,0,1,3,5,0,0,211,20,6,237,0,237,--,399,162,211,237,237,Algún campo sin dato,1,c1345ea0929b6d7e97be2476fb8371f0b6c66273323e319934b6b17b565f4cb8,25/06/2023 22:43:25,ESCANER
14393,"San Marcos",12,"San Pablo",19,2018,400,,,,,,,,,,,,,,,,,,,,,,,,,,,,,,,,0,,,
14394,"San Marcos",12,"San Pablo",19,2018,400,,,,,,,,,,,,,,,,,,,,,,,,,,,,,,,,0,,,
14395,"San Marcos",12,"San Pablo",19,2018,400,52,10,12,1,43,11,27,11,25,0,1,1,0,0,0,1,2,1,197,21,3,221,0,221,--,337,116,198,222,222,Sumas Asentadas sin cuadrar,1,7ad6c4a30876bedcd5561ca203b0b31957bd1093ebc229a50570d4c123df9c10,26/06/2023 00:17:12,ESCANER
14396,"San Marcos",12,"San Pablo",19,2018,400,57,13,11,0,35,8,31,7,19,0,0,0,2,0,1,1,0,1,187,21,6,214,0,214,--,400,186,186,213,213,Sumas Asentadas sin cuadrar,1,15a26236793cd17d20b5c47bbc0e1558c58819dd98706b57ca3efff1d5169de2,25/06/2023 22:50:44,ESCANER
14397,"San Marcos",12,"San Pablo",19,2018,400,55,9,11,2,40,12,42,8,33,3,5,0,0,2,0,5,2,1,230,11,1,242,0,242,--,400,158,230,242,242,Algún campo sin dato,1,64ab9157de747ecd3cf436da0ce9f0f5e8d5517b3a12455205be549c25f5d088,25/06/2023 22:20:25,ESCANER
14398,"San Marcos",12,"San Pablo",19,2018,400,58,5,3,1,39,18,24,6,24,0,1,0,1,2,0,1,0,0,183,16,2,201,0,201,--,400,199,183,201,201,Algún campo sin dato,1,1fe545077f8c6971d34405db63ab8ea9de43f432e0534fedeab1ae0cc4416a4f,26/06/2023 00:22:26,ESCANER
14399,"San Marcos",12,"San Pablo",19,2018,400,62,11,9,0,27,10,29,10,15,2,0,1,2,1,2,3,0,0,184,3,1,188,0,184,--,400,212,184,188,188,Sumas Asentadas sin cuadrar,1,60469147c4c802c0c1b87d4b2669079ca0ea410eb9e7a57e0e8da8c30cc21474,26/06/2023 00:11:10,ESCANER
14400,"San Marcos",12,"San Pablo",19,2019,400,61,10,9,2,37,7,29,4,22,1,0,0,1,0,2,3,0,0,188,2,0,190,0,190,--,400,210,188,190,190,Algún campo sin dato,1,aea101707becf6b2ddc412bb8217c6eb9efdcff4767631f5696f8187158c4c04,25/06/2023 23:57:50,ESCANER
14401,"San Marcos",12,"San Pablo",19,2019,400,62,13,19,2,38,6,41,5,21,0,0,1,0,0,1,0,0,0,209,6,1,--,0,216,--,400,184,209,216,216,Algún campo sin dato,1,9928d2eaf08d0e7304db1fc3e701604c8fff7ece9529df583dffd5390db6e645,25/06/2023 23:04:39,ESCANER
14402,"San Marcos",12,"San Pablo",19,2019,400,59,11,5,0,56,9,30,5,23,1,1,0,0,0,0,0,0,0,200,5,0,205,0,205,--,400,195,200,205,205,Algún campo sin dato,1,5ff3c88b8489bcf114add19f91c2b3e44136915fd86a9f2dc6a058ba365c4312,26/06/2023 00:08:26,ESCANER
14403,"San Marcos",12,"San Pablo",19,2019,400,65,5,6,1,43,27,31,6,29,1,0,1,0,0,3,2,0,1,221,4,1,226,0,226,--,400,174,221,226,226,Algún campo sin dato,1,0a258e5aeb59cb7d82f97273e2c9fed97e52f576b9e3d8cbd46e77cde0835fe4,25/06/2023 22:06:23,ESCANER
14404,"San Marcos",12,"San Pablo",19,2019,400,,,,,,,,,,,,,,,,,,,,,,,,,,,,,,,,0,,,
14405,"San Marcos",12,"San Pablo",19,2019,400,,,,,,,,,,,,,,,,,,,,,,,,,,,,,,,,0,,,
14406,"San Marcos",12,"San Pablo",19,2019,303,,,,,,,,,,,,,,,,,,,,,,,,,,,,,,,,0,,,
14407,"San Marcos",12,"San Pablo",19,2019,302,35,3,6,0,26,7,12,7,12,1,0,0,0,0,1,1,0,2,103,9,5,127,0,127,--,302,175,113,127,127,Sumas Asentadas sin cuadrar,1,468e7b56dedea8cf7ee5162ed0bb444584b0764d22254cb33971fb4dc60bc376,26/06/2023 00:05:03,ESCANER
14408,"San Marcos",12,"San Pablo",19,2020,380,,,,,,,,,,,,,,,,,,,,,,,,,,,,,,,,0,,,
14409,"San Marcos",12,"San Pablo",19,2020,380,,,,,,,,,,,,,,,,,,,,,,,,,,,,,,,,0,,,
14410,"San Marcos",12,"San Pablo",19,2020,380,,,,,,,,,,,,,,,,,,,,,,,,,,,,,,,,0,,,
14411,"San Marcos",12,"San Pablo",19,2020,380,,,,,,,,,,,,,,,,,,,,,,,,,,,,,,,,0,,,
14412,"San Marcos",12,"San Pablo",19,2020,380,,,,,,,,,,,,,,,,,,,,,,,,,,,,,,,,0,,,
14413,"San Marcos",12,"San Pablo",19,2021,380,,,,,,,,,,,,,,,,,,,,,,,,,,,,,,,,0,,,
14414,"San Marcos",12,"San Pablo",19,2021,380,,,,,,,,,,,,,,,,,,,,,,,,,,,,,,,,0,,,
14415,"San Marcos",12,"San Pablo",19,2021,380,,,,,,,,,,,,,,,,,,,,,,,,,,,,,,,,0,,,
14416,"San Marcos",12,"San Pablo",19,2021,380,,,,,,,,,,,,,,,,,,,,,,,,,,,,,,,,0,,,
14417,"San Marcos",12,"San Pablo",19,2021,380,,,,,,,,,,,,,,,,,,,,,,,,,,,,,,,,0,,,
14418,"San Marcos",12,"San Pablo",19,2021,380,,,,,,,,,,,,,,,,,,,,,,,,,,,,,,,,0,,,
14419,"San Marcos",12,"San Pablo",19,2021,305,30,2,4,4,87,4,1,3,5,0,0,0,0,0,0,1,0,2,143,2,2,147,0,147,--,305,158,143,147,147,Algún campo sin dato,1,d56fb56edc93fe17d7087cfd1e939bb58dd7d95e4ae88e4907cabbc6aa15ba7b,25/06/2023 23:43:47,ESCANER
14420,"San Marcos",12,"San Pablo",19,2021,305,,,,,,,,,,,,,,,,,,,,,,,,,,,,,,,,0,,,
14421,"San Marcos",12,"San Pablo",19,2022,380,,,,,,,,,,,,,,,,,,,,,,,,,,,,,,,,0,,,
14422,"San Marcos",12,"San Pablo",19,2022,380,,,,,,,,,,,,,,,,,,,,,,,,,,,,,,,,0,,,
14423,"San Marcos",12,"San Pablo",19,2022,380,,,,,,,,,,,,,,,,,,,,,,,,,,,,,,,,0,,,
14424,"San Marcos",12,"San Pablo",19,2022,380,,,,,,,,,,,,,,,,,,,,,,,,,,,,,,,,0,,,
14425,"San Marcos",12,"San Pablo",19,2022,380,,,,,,,,,,,,,,,,,,,,,,,,,,,,,,,,0,,,
14426,"San Marcos",12,"San Pablo",19,2022,380,,,,,,,,,,,,,,,,,,,,,,,,,,,,,,,,0,,,
14427,"San Marcos",12,"San Pablo",19,2022,380,,,,,,,,,,,,,,,,,,,,,,,,,,,,,,,,0,,,
14428,"San Marcos",12,"San Pablo",19,2023,380,,,,,,,,,,,,,,,,,,,,,,,,,,,,,,,,0,,,
14429,"San Marcos",12,"San Pablo",19,2023,380,,,,,,,,,,,,,,,,,,,,,,,,,,,,,,,,0,,,
14430,"San Marcos",12,"San Pablo",19,2023,380,,,,,,,,,,,,,,,,,,,,,,,,,,,,,,,,0,,,
14431,"San Marcos",12,"San Pablo",19,2023,317,,,,,,,,,,,,,,,,,,,,,,,,,,,,,,,,0,,,
14432,"San Marcos",12,"San Pablo",19,2023,317,,,,,,,,,,,,,,,,,,,,,,,,,,,,,,,,0,,,
14433,"San Marcos",12,"San Pablo",19,2024,600,,,,,,,,,,,,,,,,,,,,,,,,,,,,,,,,0,,,
14434,"San Marcos",12,"San Pablo",19,2024,600,,,,,,,,,,,,,,,,,,,,,,,,,,,,,,,,0,,,
14435,"San Marcos",12,"San Pablo",19,2024,427,36,6,13,2,34,4,11,2,14,0,1,0,2,1,0,2,2,2,132,16,9,157,0,157,--,427,270,132,157,157,Algún campo sin dato,1,750e35b3d34eac8b31f3fd864bd7661b99e7be53b8dd5d90a060445a17543c76,25/06/2023 23:47:31,ESCANER
14436,"San Marcos",12,"San Pablo",19,2024,427,15,3,3,1,22,4,6,2,6,0,0,0,0,0,2,4,0,1,69,6,3,78,0,78,--,427,349,69,78,78,Algún campo sin dato,1,b7514c13f375e49038abe2ed7f28b03cba65ae5724f963a5862204b6ee817c77,25/06/2023 23:22:54,ESCANER