﻿TIPO_DE_ELECCIÓN:,CORPORACIÓN MUNICIPAL
26 junio 2023 00:28 (UTC -6)
ACTAS_ESPERADAS,ACTAS_CAPTURADAS,PORCENTAJE_ACTAS_CAPTURADAS,ACTAS_CONTABILIZADAS,PORCENTAJE_ACTAS_CONTABILIZADAS,ACTAS_NO_CONTABILIZADAS,LISTA_NOMINAL_ACTAS_CONTABILIZADAS,VOTOS_EMITIDOS_CONTABILIZADAS,PORCENTAJE_PARTICIPACIÓN_CIUDADANA
30,6,20.0000,6,20.0000,0,1777,980,55.1491

MESA,DEPARTAMENTO,ID_DEPARTAMENTO,MUNICIPIO,ID_MUNICIPIO,CENTRO_DE_VOTACIÓN,PADRÓN,UNE,CABAL,VIVA,PODEMOS,TODOS,VAMOS,AZUL,MLP,VÁLIDOS,NULOS,BLANCO,EMITIDOS,INVÁLIDOS,TOTAL,IMPUGNACIONES,PAPELETAS-RECIBIDAS,PAPELETAS-NO-USADAS,VALIDOS_CALCULADO,EMITIDOS_CALCULADO,TOTAL_CALCULADO,OBSERVACIONES,CONTABILIZADA,CÓDIGO_INTEGRIDAD,FECHA_HORA_PUBLICACIÓN,DIGITALIZACIÓN
22548,"Chiquimula",20,"San Juan Ermita",3,3517,400,,,,,,,,,,,,,,,,,,,,,,0,,,
22549,"Chiquimula",20,"San Juan Ermita",3,3517,400,,,,,,,,,,,,,,,,,,,,,,0,,,
22550,"Chiquimula",20,"San Juan Ermita",3,3517,400,,,,,,,,,,,,,,,,,,,,,,0,,,
22551,"Chiquimula",20,"San Juan Ermita",3,3517,400,,,,,,,,,,,,,,,,,,,,,,0,,,
22552,"Chiquimula",20,"San Juan Ermita",3,3517,400,,,,,,,,,,,,,,,,,,,,,,0,,,
22553,"Chiquimula",20,"San Juan Ermita",3,3518,400,,,,,,,,,,,,,,,,,,,,,,0,,,
22554,"Chiquimula",20,"San Juan Ermita",3,3518,400,,,,,,,,,,,,,,,,,,,,,,0,,,
22555,"Chiquimula",20,"San Juan Ermita",3,3518,400,,,,,,,,,,,,,,,,,,,,,,0,,,
22556,"Chiquimula",20,"San Juan Ermita",3,3518,400,,,,,,,,,,,,,,,,,,,,,,0,,,
22557,"Chiquimula",20,"San Juan Ermita",3,3518,400,,,,,,,,,,,,,,,,,,,,,,0,,,
22558,"Chiquimula",20,"San Juan Ermita",3,3518,400,72,1,7,0,0,148,2,0,230,11,3,245,0,245,1,400,155,230,244,244,Sumas Asentadas sin cuadrar,1,b92e065a0bf86f19b44845835a73faf20230dc6f7e6bef9302f9944391bee7e8,25/06/2023 23:48:26,MOVIL
22559,"Chiquimula",20,"San Juan Ermita",3,3519,400,,,,,,,,,,,,,,,,,,,,,,0,,,
22560,"Chiquimula",20,"San Juan Ermita",3,3519,400,,,,,,,,,,,,,,,,,,,,,,0,,,
22561,"Chiquimula",20,"San Juan Ermita",3,3519,400,,,,,,,,,,,,,,,,,,,,,,0,,,
22562,"Chiquimula",20,"San Juan Ermita",3,3519,400,,,,,,,,,,,,,,,,,,,,,,0,,,
22563,"Chiquimula",20,"San Juan Ermita",3,3519,400,,,,,,,,,,,,,,,,,,,,,,0,,,
22564,"Chiquimula",20,"San Juan Ermita",3,3520,252,42,0,0,1,0,107,0,2,152,0,1,153,0,153,--,252,99,152,153,153,Algún campo sin dato,1,9200e1709456fc47f354a04ac5e94c35f30ae978e8f2cf2159071d4faed153d0,25/06/2023 23:08:48,MOVIL
22565,"Chiquimula",20,"San Juan Ermita",3,3520,251,39,1,2,0,0,102,0,0,144,3,0,147,0,147,--,251,104,144,147,147,Algún campo sin dato,1,620662c3b2a7d70338b691d4b9c58de5aefc4ca9f88cd25e0565b287ff72090b,25/06/2023 22:21:17,MOVIL
22566,"Chiquimula",20,"San Juan Ermita",3,3521,380,,,,,,,,,,,,,,,,,,,,,,0,,,
22567,"Chiquimula",20,"San Juan Ermita",3,3521,380,,,,,,,,,,,,,,,,,,,,,,0,,,
22568,"Chiquimula",20,"San Juan Ermita",3,3521,380,,,,,,,,,,,,,,,,,,,,,,0,,,
22569,"Chiquimula",20,"San Juan Ermita",3,3521,380,,,,,,,,,,,,,,,,,,,,,,0,,,
22570,"Chiquimula",20,"San Juan Ermita",3,3521,380,,,,,,,,,,,,,,,,,,,,,,0,,,
22571,"Chiquimula",20,"San Juan Ermita",3,3521,380,,,,,,,,,,,,,,,,,,,,,,0,,,
22572,"Chiquimula",20,"San Juan Ermita",3,3522,380,,,,,,,,,,,,,,,,,,,,,,0,,,
22573,"Chiquimula",20,"San Juan Ermita",3,3522,380,,,,,,,,,,,,,,,,,,,,,,0,,,
22574,"Chiquimula",20,"San Juan Ermita",3,3522,380,97,0,10,1,0,134,0,4,246,1,1,248,0,248,--,377,129,246,248,248,Algún campo sin dato,1,01e8a39abc8608c5bfb57de9079c454c4dd346afa3853e1a9d314617c2c6af68,26/06/2023 00:26:24,MOVIL
22575,"Chiquimula",20,"San Juan Ermita",3,3523,251,,,,,,,,,,,,,,,,,,,,,,0,,,
22576,"Chiquimula",20,"San Juan Ermita",3,3523,250,53,0,0,0,1,99,0,0,153,3,3,159,--,--,--,250,91,153,159,159,Algún campo sin dato,1,0251c01e3ac64e3f08ff159c8f0ad3132b9f14b7107db93dc8e94ae44e82b0d2,25/06/2023 23:23:34,MOVIL
22577,"Chiquimula",20,"San Juan Ermita",3,3524,244,11,0,1,0,0,13,0,0,25,3,1,29,0,29,--,244,215,25,29,29,Algún campo sin dato,1,55ab614ba2998e8e21189f1b26e1407244e67575bf4f71887fb942d6a00e6802,25/06/2023 21:14:37,MOVIL