﻿TIPO_DE_ELECCIÓN:,CORPORACIÓN MUNICIPAL
26 junio 2023 00:28 (UTC -6)
ACTAS_ESPERADAS,ACTAS_CAPTURADAS,PORCENTAJE_ACTAS_CAPTURADAS,ACTAS_CONTABILIZADAS,PORCENTAJE_ACTAS_CONTABILIZADAS,ACTAS_NO_CONTABILIZADAS,LISTA_NOMINAL_ACTAS_CONTABILIZADAS,VOTOS_EMITIDOS_CONTABILIZADAS,PORCENTAJE_PARTICIPACIÓN_CIUDADANA
37,15,40.5405,15,40.5405,0,4437,2271,51.1832

MESA,DEPARTAMENTO,ID_DEPARTAMENTO,MUNICIPIO,ID_MUNICIPIO,CENTRO_DE_VOTACIÓN,PADRÓN,PHG,PODEMOS,ELEFANTE,VAMOS,UNE,VIVA,CABAL,BIEN,PPN,VALOR,VÁLIDOS,NULOS,BLANCO,EMITIDOS,INVÁLIDOS,TOTAL,IMPUGNACIONES,PAPELETAS-RECIBIDAS,PAPELETAS-NO-USADAS,VALIDOS_CALCULADO,EMITIDOS_CALCULADO,TOTAL_CALCULADO,OBSERVACIONES,CONTABILIZADA,CÓDIGO_INTEGRIDAD,FECHA_HORA_PUBLICACIÓN,DIGITALIZACIÓN
14033,"San Marcos",12,"El Rodeo",14,1972,400,,,,,,,,,,,,,,,,,,,,,,,,0,,,
14034,"San Marcos",12,"El Rodeo",14,1972,400,,,,,,,,,,,,,,,,,,,,,,,,0,,,
14035,"San Marcos",12,"El Rodeo",14,1972,400,,,,,,,,,,,,,,,,,,,,,,,,0,,,
14036,"San Marcos",12,"El Rodeo",14,1972,400,,,,,,,,,,,,,,,,,,,,,,,,0,,,
14037,"San Marcos",12,"El Rodeo",14,1972,400,,,,,,,,,,,,,,,,,,,,,,,,0,,,
14038,"San Marcos",12,"El Rodeo",14,1972,400,,,,,,,,,,,,,,,,,,,,,,,,0,,,
14039,"San Marcos",12,"El Rodeo",14,1972,400,,,,,,,,,,,,,,,,,,,,,,,,0,,,
14040,"San Marcos",12,"El Rodeo",14,1972,263,,,,,,,,,,,,,,,,,,,,,,,,0,,,
14041,"San Marcos",12,"El Rodeo",14,1972,263,,,,,,,,,,,,,,,,,,,,,,,,0,,,
14042,"San Marcos",12,"El Rodeo",14,1973,380,,,,,,,,,,,,,,,,,,,,,,,,0,,,
14043,"San Marcos",12,"El Rodeo",14,1973,380,,,,,,,,,,,,,,,,,,,,,,,,0,,,
14044,"San Marcos",12,"El Rodeo",14,1973,380,14,78,3,83,6,1,5,2,1,3,196,24,4,224,--,--,--,380,156,196,224,224,Algún campo sin dato,1,7ce5d7d08e7ef8a2910749fdfc0c99600d513c66115a8ac515e90d61e3fe1193,26/06/2023 00:13:35,ESCANER
14045,"San Marcos",12,"El Rodeo",14,1973,380,,,,,,,,,,,,,,,,,,,,,,,,0,,,
14046,"San Marcos",12,"El Rodeo",14,1974,195,11,60,1,38,1,0,0,3,0,0,114,1,1,116,2,118,--,--,--,114,116,118,Algún campo sin dato,1,34f9514cd30a06a947a5f584194b795359ab2c236673c727df34d3474ec9d13d,26/06/2023 00:27:34,ESCANER
14047,"San Marcos",12,"El Rodeo",14,1974,194,12,42,2,46,0,0,0,2,3,1,108,3,1,112,0,112,--,194,82,108,112,112,Algún campo sin dato,1,b3493eee06c560b75b27e09b67b97d1c30d5b7cef66b7299affd5368813a5157,25/06/2023 22:31:02,ESCANER
14048,"San Marcos",12,"El Rodeo",14,1975,380,19,77,23,41,6,4,3,5,6,20,204,35,4,243,0,243,--,380,137,204,243,243,Algún campo sin dato,1,28efeace7e92b1955af06afa58bf5bb65ae5e162720716c79b548a825ba69c99,26/06/2023 00:15:25,MOVIL
14049,"San Marcos",12,"El Rodeo",14,1975,380,17,78,18,37,7,4,2,3,9,21,196,41,8,245,0,245,--,380,135,196,245,245,Algún campo sin dato,1,4af9be6e1c50dca86517c8d17d4701f8e0e234b0f1005f49f7e6e4a643a94386,26/06/2023 00:12:17,MOVIL
14050,"San Marcos",12,"El Rodeo",14,1975,380,29,97,17,38,8,2,1,3,5,27,227,34,3,264,0,264,--,380,116,227,264,264,Algún campo sin dato,1,e51e5a6e33d68c578baf0dff48512205b2b1123440e3000dd72801c335ebf38b,25/06/2023 23:54:39,MOVIL
14051,"San Marcos",12,"El Rodeo",14,1975,380,,,,,,,,,,,,,,,,,,,,,,,,0,,,
14052,"San Marcos",12,"El Rodeo",14,1976,380,,,,,,,,,,,,,,,,,,,,,,,,0,,,
14053,"San Marcos",12,"El Rodeo",14,1976,380,,,,,,,,,,,,,,,,,,,,,,,,0,,,
14054,"San Marcos",12,"El Rodeo",14,1976,223,15,53,17,26,3,1,1,1,2,11,130,1,0,131,0,131,--,223,92,130,131,131,Algún campo sin dato,1,5f5afc45445a32613814317c9476e8e5f0b2c646b9859a9de47d3a0bb5998a5f,25/06/2023 23:32:53,MOVIL
14055,"San Marcos",12,"El Rodeo",14,1976,222,10,27,11,17,2,2,0,1,1,8,79,6,4,89,0,89,--,222,133,79,89,89,Algún campo sin dato,1,98b310564cd1a367cb2f65a0923e4ebe1a0c635fd5e098d8b5e862ad2ddf5f00,25/06/2023 23:53:57,MOVIL
14056,"San Marcos",12,"El Rodeo",14,1977,380,,,,,,,,,,,,,,,,,,,,,,,,0,,,
14057,"San Marcos",12,"El Rodeo",14,1977,380,,,,,,,,,,,,,,,,,,,,,,,,0,,,
14058,"San Marcos",12,"El Rodeo",14,1977,380,,,,,,,,,,,,,,,,,,,,,,,,0,,,
14059,"San Marcos",12,"El Rodeo",14,1977,230,13,41,6,61,0,1,1,1,1,2,127,3,0,130,0,130,--,231,101,127,130,130,Algún campo sin dato,1,204fc3d3f23e8aab016e47f5919c502247f4acd1dfe043eaaee174f8ebebda6d,26/06/2023 00:08:24,ESCANER
14060,"San Marcos",12,"El Rodeo",14,1977,230,,,,,,,,,,,,,,,,,,,,,,,,0,,,
14061,"San Marcos",12,"El Rodeo",14,1978,380,3,115,7,51,5,2,2,7,0,5,197,17,6,220,0,220,--,380,160,197,220,220,Algún campo sin dato,1,946359348c20357a339b137f7c3de7adb458cb3ddb4a4fd8b91010e57c5fccc8,25/06/2023 23:13:04,ESCANER
14062,"San Marcos",12,"El Rodeo",14,1978,380,,,,,,,,,,,,,,,,,,,,,,,,0,,,
14063,"San Marcos",12,"El Rodeo",14,1978,380,2,101,8,36,5,0,0,4,0,7,163,12,6,181,0,181,--,400,219,163,181,181,Algún campo sin dato,1,d91ad8bc36597a2121c463621728961fc7aa22ddad3b67d843d4a39c8f3ce3d1,25/06/2023 23:05:24,ESCANER
14064,"San Marcos",12,"El Rodeo",14,1978,206,3,52,6,22,2,0,2,2,1,3,93,3,2,98,0,98,--,207,109,93,98,98,Algún campo sin dato,1,157db5aaec62f43b12e0e97f45346fb1cac231b74cbfb1fb2244671142f1a173,25/06/2023 22:11:10,ESCANER
14065,"San Marcos",12,"El Rodeo",14,1978,205,2,56,5,21,2,0,0,1,1,0,88,0,1,89,4,93,--,205,112,88,89,93,Algún campo sin dato,1,043d7b28ea4c4b3017447d473a241ba5a5c8dcc1707c7acb75204cfa4a0abb6f,25/06/2023 21:45:27,ESCANER
14066,"San Marcos",12,"El Rodeo",14,1979,380,,,,,,,,,,,,,,,,,,,,,,,,0,,,
14067,"San Marcos",12,"El Rodeo",14,1979,219,,,,,,,,,,,,,,,,,,,,,,,,0,,,
14068,"San Marcos",12,"El Rodeo",14,1979,218,17,42,3,23,1,4,1,2,4,3,100,2,0,102,0,102,--,218,116,100,102,102,Algún campo sin dato,1,b7ec4d26d3f88fd1408327a90b2f4def5e5a663ade81720ee089b23273c7b01d,25/06/2023 23:55:09,ESCANER
14069,"San Marcos",12,"El Rodeo",14,1980,464,2,8,0,6,2,1,0,4,0,1,24,2,1,24,3,27,--,461,434,24,27,30,Sumas Asentadas sin cuadrar,1,a02a74cb757306efe054022e5e12a4cdce3fbaf3bad6e3eb293fd20886b0a472,25/06/2023 22:52:08,ESCANER