﻿TIPO_DE_ELECCIÓN:,CORPORACIÓN MUNICIPAL
26 junio 2023 00:28 (UTC -6)
ACTAS_ESPERADAS,ACTAS_CAPTURADAS,PORCENTAJE_ACTAS_CAPTURADAS,ACTAS_CONTABILIZADAS,PORCENTAJE_ACTAS_CONTABILIZADAS,ACTAS_NO_CONTABILIZADAS,LISTA_NOMINAL_ACTAS_CONTABILIZADAS,VOTOS_EMITIDOS_CONTABILIZADAS,PORCENTAJE_PARTICIPACIÓN_CIUDADANA
86,72,83.7209,72,83.7209,0,26201,16100,61.4480

MESA,DEPARTAMENTO,ID_DEPARTAMENTO,MUNICIPIO,ID_MUNICIPIO,CENTRO_DE_VOTACIÓN,PADRÓN,CABAL,TODOS,VIVA,VAMOS,UNE,MLP,VÁLIDOS,NULOS,BLANCO,EMITIDOS,INVÁLIDOS,TOTAL,IMPUGNACIONES,PAPELETAS-RECIBIDAS,PAPELETAS-NO-USADAS,VALIDOS_CALCULADO,EMITIDOS_CALCULADO,TOTAL_CALCULADO,OBSERVACIONES,CONTABILIZADA,CÓDIGO_INTEGRIDAD,FECHA_HORA_PUBLICACIÓN,DIGITALIZACIÓN
17809,"Quiché",14,"Sacapulas",16,2715,400,112,0,5,131,2,1,251,16,4,271,0,271,--,400,129,251,271,271,Algún campo sin dato,1,112b39086eb6b93d538e3d457174e1b9f4caca23a8596f7058275229fbe40f56,25/06/2023 22:22:25,ESCANER
17810,"Quiché",14,"Sacapulas",16,2715,400,94,3,2,129,6,0,234,21,7,262,0,262,--,400,138,234,262,262,Algún campo sin dato,1,7c3096d545aa97fa56e526f7116b4fc79cc5918e966a25e2cf584f67f47bc41d,25/06/2023 21:46:04,ESCANER
17811,"Quiché",14,"Sacapulas",16,2715,400,,,,,,,,,,,,,,,,,,,,0,,,
17812,"Quiché",14,"Sacapulas",16,2715,400,158,0,3,107,5,0,275,11,5,291,0,291,--,400,109,273,289,289,Sumas Asentadas sin cuadrar,1,3fd40cf1e313b781e0f87bbaae1c46fb8dd56cd2385ddde6cfd91130e5a888a1,25/06/2023 22:29:56,ESCANER
17813,"Quiché",14,"Sacapulas",16,2715,400,138,4,1,130,4,1,279,16,7,301,0,301,0,--,--,278,301,301,Sumas Asentadas sin cuadrar,1,e9f8a43db2c497c8353d431f7c86ae4d3eced40736803ebbe3e7b20e5903535d,25/06/2023 23:17:31,ESCANER
17814,"Quiché",14,"Sacapulas",16,2715,400,97,3,1,140,4,3,260,10,2,261,0,261,1,400,139,248,260,260,Sumas Asentadas sin cuadrar,1,067dd85fd1ad2a6c67454dbda40163499aa70738d97fcbe359ddaf4bbe7844b9,25/06/2023 23:50:58,ESCANER
17815,"Quiché",14,"Sacapulas",16,2716,400,,,,,,,,,,,,,,,,,,,,0,,,
17816,"Quiché",14,"Sacapulas",16,2716,400,98,7,2,160,2,4,273,3,1,277,0,277,0,400,123,273,277,277,,1,0ee6cb9be98a8103c3df9ef868cf602922e2602e381559c1dadbde6c1125787a,25/06/2023 22:47:53,ESCANER
17817,"Quiché",14,"Sacapulas",16,2716,400,117,2,--,107,2,2,230,5,1,--,--,236,--,400,164,230,236,236,Algún campo sin dato,1,dd27d30a8fc3fb683ac321cd0216de713d5e9d5a65fd04b5344b609878ed7601,25/06/2023 23:15:19,ESCANER
17818,"Quiché",14,"Sacapulas",16,2716,400,109,2,6,121,4,1,243,11,4,258,0,0,0,400,142,243,258,258,,1,a25e02a7aecd3bb6b89f41014d4b72b0543efdaea752d7ed992e5533375fb1a1,25/06/2023 23:43:03,ESCANER
17819,"Quiché",14,"Sacapulas",16,2716,400,91,1,2,153,3,3,253,8,5,266,0,266,0,400,134,253,266,266,,1,4a74b46c62a189cfdba5e0c58542782cd9b5f13c2794b7e027507d5f074cb384,26/06/2023 00:00:30,ESCANER
17820,"Quiché",14,"Sacapulas",16,2716,400,,,,,,,,,,,,,,,,,,,,0,,,
17821,"Quiché",14,"Sacapulas",16,2717,400,89,2,4,140,0,1,236,17,4,257,0,257,--,400,143,236,257,257,Algún campo sin dato,1,7a1f22a39c8caf33faddf7f6308445ea2e2f01fe2e234a7341e37efebdc88d4c,25/06/2023 23:03:06,ESCANER
17822,"Quiché",14,"Sacapulas",16,2717,400,119,2,0,102,1,0,224,6,4,234,0,234,--,400,166,224,234,234,Algún campo sin dato,1,761abc49fc306255d19714eafd88dfc9a2293299006637bd45f408cc58e9d06a,25/06/2023 23:30:06,ESCANER
17823,"Quiché",14,"Sacapulas",16,2717,400,115,1,0,120,3,2,241,2,1,244,0,244,--,400,156,241,244,244,Algún campo sin dato,1,bda843229bee0a3761d955e57b0ad846a45090e56f9f02a2cc86853f9b785398,25/06/2023 22:33:13,ESCANER
17824,"Quiché",14,"Sacapulas",16,2717,400,155,0,1,104,0,1,261,3,0,264,0,264,--,400,136,261,264,264,Algún campo sin dato,1,dc61bd1de949e6517dc0563d7f7d0cfc1a6aefa80cb12e0cf621ead1cc5b2374,26/06/2023 00:08:44,ESCANER
17825,"Quiché",14,"Sacapulas",16,2717,400,125,0,4,115,0,0,244,3,1,--,--,--,470,400,151,244,248,248,Algún campo sin dato,1,82244cc795b14dd591d30a19ef9c478a9b5fd947deda43c641c5c05c4d1fb263,25/06/2023 22:38:07,ESCANER
17826,"Quiché",14,"Sacapulas",16,2717,290,89,3,2,67,0,1,162,0,1,163,0,163,--,290,127,162,163,163,Algún campo sin dato,1,161ccf86de0140d207d320951e34cbe6fa8920dda51bc88e3f90946a73ceb126,25/06/2023 21:04:29,ESCANER
17827,"Quiché",14,"Sacapulas",16,2717,289,,,,,,,,,,,,,,,,,,,,0,,,
17828,"Quiché",14,"Sacapulas",16,2718,400,175,0,4,92,3,0,274,13,7,294,0,294,0,400,106,274,294,294,,1,2015d666f3a557bcd7f6a3f2ad144f3d6df8d0397e327c36af66e83e5f08aad5,25/06/2023 23:27:08,ESCANER
17829,"Quiché",14,"Sacapulas",16,2718,400,189,2,8,71,2,1,273,11,7,291,0,291,0,400,109,273,291,291,,1,987aebd293e4451dcf711d8602e3892734ce015cbe6ac94334dced8158269ee5,25/06/2023 22:19:57,ESCANER
17830,"Quiché",14,"Sacapulas",16,2718,400,187,0,5,81,0,2,275,7,2,284,0,284,--,400,116,275,284,284,Algún campo sin dato,1,bae6b1cc5641a9644ac8af310e467306fc6c59779b02efcd9ee4b2a9fe697690,25/06/2023 23:04:38,ESCANER
17831,"Quiché",14,"Sacapulas",16,2718,400,176,0,2,85,1,0,264,3,5,272,--,--,--,--,--,264,272,272,Algún campo sin dato,1,0b176a7f4e5d1bdd11933c334445be024fb9991788e86978542aa4a8a6849677,25/06/2023 22:29:30,ESCANER
17832,"Quiché",14,"Sacapulas",16,2718,263,118,0,3,59,0,0,180,2,0,182,0,182,0,263,81,180,182,182,,1,047800896d97e4c909d46a8808aeb0254fc72cc5cc61c33153fb267ec889d986,26/06/2023 00:07:59,ESCANER
17833,"Quiché",14,"Sacapulas",16,2718,262,127,0,2,33,0,0,162,0,4,166,0,166,0,262,96,162,166,166,,1,58fe93e3be8cfad1b4980f9d1037edda7a68cf9099286589e0da25db68a99d55,25/06/2023 22:47:09,ESCANER
17834,"Quiché",14,"Sacapulas",16,2719,380,85,1,3,145,2,0,236,19,9,264,0,0,--,380,116,236,264,264,Algún campo sin dato,1,a89c78888af48e03bd58e69b8d9dec53b4679950b0ec89319373b2eaec9f91ba,25/06/2023 22:39:30,ESCANER
17835,"Quiché",14,"Sacapulas",16,2719,380,130,2,4,131,4,2,273,21,86,380,--,380,--,380,86,273,380,380,Algún campo sin dato,1,e89d3f7a4dc5cf25d6fa32528cd95ef351be10ea32550caca60618d6b43828be,25/06/2023 23:59:46,ESCANER
17836,"Quiché",14,"Sacapulas",16,2719,380,,,,,,,,,,,,,,,,,,,,0,,,
17837,"Quiché",14,"Sacapulas",16,2719,380,75,0,5,131,1,0,212,7,8,227,--,--,--,--,--,212,227,227,Algún campo sin dato,1,3d8090a1def116b353d76d47ea4b1ea4404f908156fe425fd146bc64ab48f73a,25/06/2023 22:21:52,ESCANER
17838,"Quiché",14,"Sacapulas",16,2719,380,65,2,2,146,0,1,216,15,8,239,0,239,--,380,141,216,239,239,Algún campo sin dato,1,edbf429f10f5ae03df2da70cba9c33170e7f6d83f0ddcd1ce04a8fca3985553f,26/06/2023 00:22:40,ESCANER
17839,"Quiché",14,"Sacapulas",16,2719,380,,,,,,,,,,,,,,,,,,,,0,,,
17840,"Quiché",14,"Sacapulas",16,2719,380,94,--,3,136,1,--,234,15,6,255,--,255,--,--,--,234,255,255,Algún campo sin dato,1,4aa08cefa94736d62e79b9bcb47e48b761f6cfa6804a0f6efe48ab139912f8ec,25/06/2023 22:07:34,ESCANER
17841,"Quiché",14,"Sacapulas",16,2719,380,80,1,5,138,0,2,226,11,4,241,0,241,--,380,139,226,241,241,Algún campo sin dato,1,0406b503f6d18b8f70c33d41ff3f1222fdcb5ff9fe09ccf76c4d71352192407b,26/06/2023 00:15:04,ESCANER
17842,"Quiché",14,"Sacapulas",16,2719,380,93,0,4,144,0,0,241,6,5,252,0,252,--,380,128,241,252,252,Algún campo sin dato,1,2aea4fd0c511c65334665f28adb621ae12b7088a7847596a5d17ea69d1d4abf9,26/06/2023 00:16:35,ESCANER
17843,"Quiché",14,"Sacapulas",16,2719,380,86,0,8,158,1,0,253,3,5,261,0,261,--,380,119,253,261,261,Algún campo sin dato,1,ebede7004f8eeb209f58a34d8ce200763636982f76df3b7bc7a1c74765075152,25/06/2023 23:21:13,ESCANER
17844,"Quiché",14,"Sacapulas",16,2719,311,,,,,,,,,,,,,,,,,,,,0,,,
17845,"Quiché",14,"Sacapulas",16,2719,310,61,0,1,84,0,0,146,4,2,152,0,152,0,310,158,146,152,152,,1,cfa9b9017bf293c7250a15fdf358126ed94fbfe00f23dc6c9cee12ec9843b71d,25/06/2023 22:58:50,ESCANER
17846,"Quiché",14,"Sacapulas",16,2720,380,134,3,2,105,2,2,248,14,2,264,0,264,--,380,116,248,264,264,Algún campo sin dato,1,e5a9e36e26dac39f4cc16269396250369eb49ed10b86022dd17b663f7f4febe4,25/06/2023 23:18:37,ESCANER
17847,"Quiché",14,"Sacapulas",16,2720,380,113,5,2,114,2,1,237,15,3,255,0,--,--,380,125,237,255,255,Algún campo sin dato,1,229a7c5367f162017d16fdbc35564de3f1e995f3cf641cbd4d31f161fb572028,25/06/2023 23:13:07,ESCANER
17848,"Quiché",14,"Sacapulas",16,2720,380,122,5,1,126,0,0,254,14,9,277,0,--,1,380,102,254,277,277,Algún campo sin dato,1,7885414d60f6895c6aad8b95ed4dd23e66af3ae93efcace6ed917383f0a7ef51,25/06/2023 23:58:07,ESCANER
17849,"Quiché",14,"Sacapulas",16,2720,380,117,5,2,116,1,3,244,10,3,257,--,--,--,380,123,244,257,257,Algún campo sin dato,1,eab3297921f7fc88fe063fe2e815c8f4bcef6b5753a6bef2a6f97c3ac58341ea,25/06/2023 22:28:15,ESCANER
17850,"Quiché",14,"Sacapulas",16,2720,380,106,7,1,113,1,0,228,10,2,240,--,--,1,380,139,228,240,240,Algún campo sin dato,1,a076f8e08e5b1e892df1386fa86979a9a6b26d01e7c00c0260546197a8cfc59d,25/06/2023 22:19:11,ESCANER
17851,"Quiché",14,"Sacapulas",16,2720,380,124,2,1,109,0,0,236,11,10,257,0,--,--,380,123,236,257,257,Algún campo sin dato,1,f85558160bd6025b08b4b05ee27764fdbd1136fff5860dd3702517004f2e058f,25/06/2023 23:44:29,ESCANER
17852,"Quiché",14,"Sacapulas",16,2720,380,99,5,1,100,3,0,208,4,6,218,0,--,--,380,162,208,218,218,Algún campo sin dato,1,153bc42f7c604641d83f4ee520677474266181d5e1b70e62f6d34662b9e8aba7,26/06/2023 00:18:57,ESCANER
17853,"Quiché",14,"Sacapulas",16,2720,338,104,4,1,77,0,0,186,1,2,189,0,--,1,338,148,186,189,189,Algún campo sin dato,1,8a843f04908572c0b13a911ca21dc6c354ddbc3f7836791cd7c8134b25242eea,25/06/2023 23:31:21,ESCANER
17854,"Quiché",14,"Sacapulas",16,2720,338,101,1,0,74,0,1,177,0,2,179,0,179,0,338,159,177,179,179,,1,e392972c25de8042d2e5d06321861b0312b37aff7971c9ea2230899a6ce71cd5,26/06/2023 00:22:53,ESCANER
17855,"Quiché",14,"Sacapulas",16,2721,380,90,0,15,91,0,0,196,13,6,215,0,215,--,380,165,196,215,215,Algún campo sin dato,1,9677fe75bf3239ec97d7a524ad7d0dc6a32eb6b815120e490ea29cf171c39f8c,25/06/2023 22:06:09,ESCANER
17856,"Quiché",14,"Sacapulas",16,2721,380,80,2,23,124,4,0,233,7,12,252,0,252,--,380,128,233,252,252,Algún campo sin dato,1,1d177240fc7940c5cd033945f62cb69df64e0c7532edd07eeb8a26481f2439d4,25/06/2023 23:12:02,ESCANER
17857,"Quiché",14,"Sacapulas",16,2721,380,132,0,36,77,1,0,246,13,9,268,0,268,--,380,112,246,268,268,Algún campo sin dato,1,568b46e9b7b1ad47333aafa8e07fce254c34c4cc86c8f3ddf67733450b8d888e,25/06/2023 23:05:42,ESCANER
17858,"Quiché",14,"Sacapulas",16,2721,380,105,4,26,122,2,1,260,14,5,279,0,279,--,380,101,260,279,279,Algún campo sin dato,1,21c83dcd3132c688fd551c1ade91d74856cb4f2f24c76c75b4e0c8089f3ef525,25/06/2023 23:56:28,ESCANER
17859,"Quiché",14,"Sacapulas",16,2721,380,84,0,15,113,4,0,216,11,0,227,0,227,--,380,153,216,227,227,Algún campo sin dato,1,7b20f5cd5b55d89a34e9296d597959d608bd959620f72f6c4a60c813fb9e2ecd,25/06/2023 22:54:55,ESCANER
17860,"Quiché",14,"Sacapulas",16,2721,380,81,2,18,88,0,1,190,13,7,210,0,210,--,380,170,190,210,210,Algún campo sin dato,1,e2533ec7420e464aeadfc4292c35fea4981e6ed7d5793e8dcd850f68a22914c9,25/06/2023 23:19:53,ESCANER
17861,"Quiché",14,"Sacapulas",16,2721,380,85,0,19,75,1,0,180,15,6,201,0,201,--,380,179,180,201,201,Algún campo sin dato,1,f307f689024361cc1cdd429e4745c738a646d500cd8551710e0ab2b59847f4fe,25/06/2023 22:19:35,ESCANER
17862,"Quiché",14,"Sacapulas",16,2721,380,65,1,14,69,0,0,149,3,1,153,0,153,--,380,227,149,153,153,Algún campo sin dato,1,cf6655e4ee922ef01fee45df6ebd4c674881836076a1dca348c11c759d590c77,25/06/2023 22:07:59,ESCANER
17863,"Quiché",14,"Sacapulas",16,2721,380,63,0,15,83,0,0,161,0,3,166,2,166,--,380,214,161,164,166,Sumas Asentadas sin cuadrar,1,8bf8b8e7742061d8a1ad73884f4d95387cf9eda13be23e15e2930ebf29b9f96e,25/06/2023 21:36:05,ESCANER
17864,"Quiché",14,"Sacapulas",16,2721,194,21,0,2,33,0,0,56,0,1,57,0,57,--,194,137,56,57,57,Algún campo sin dato,1,6ef519a1bba7058f9e2320e2f49d408f8f0bd8e4dcff0e07d3c448ff12be6bf5,25/06/2023 21:21:21,ESCANER
17865,"Quiché",14,"Sacapulas",16,2721,194,36,1,4,46,0,4,91,2,1,94,0,94,--,194,100,91,94,94,Algún campo sin dato,1,4ca92f49560f68283f56173d5b46340966bff3fc42f301b7293043e0800f91e6,25/06/2023 21:28:25,ESCANER
17866,"Quiché",14,"Sacapulas",16,2722,380,99,0,2,76,5,0,182,18,8,208,0,208,--,380,172,182,208,208,Algún campo sin dato,1,16f02308dfd9b34044fd5e2448efc8bf3ffb30c7c761839d7e5169c6b21e3162,25/06/2023 23:11:42,ESCANER
17867,"Quiché",14,"Sacapulas",16,2722,380,,,,,,,,,,,,,,,,,,,,0,,,
17868,"Quiché",14,"Sacapulas",16,2722,380,61,0,6,89,2,1,180,14,7,180,0,180,--,380,200,159,180,180,Sumas Asentadas sin cuadrar,1,3cc8e9ca9064438a9f685d2d14997d3c81914dc21aa8902a266499a8f0fc4b17,26/06/2023 00:13:53,ESCANER
17869,"Quiché",14,"Sacapulas",16,2722,380,53,5,9,97,3,0,167,15,7,189,0,189,--,380,191,167,189,189,Algún campo sin dato,1,b3d976d4c43e33c87d6217602f852bddd250dba9ce10127be5a844be66e46006,25/06/2023 23:29:56,ESCANER
17870,"Quiché",14,"Sacapulas",16,2722,380,63,0,4,82,4,0,153,6,4,163,0,163,--,380,217,153,163,163,Algún campo sin dato,1,a844073f53e52515aeb174cdfbb98e1bfcf6c51066e176a7b007d99076d0dfb7,25/06/2023 22:58:13,ESCANER
17871,"Quiché",14,"Sacapulas",16,2722,380,72,0,1,91,1,1,166,4,3,173,0,173,--,380,207,166,173,173,Algún campo sin dato,1,6f153275a9bad6937f47566dd679b39a77bf514d7c58beb6395c906e497f7fef,26/06/2023 00:23:41,ESCANER
17872,"Quiché",14,"Sacapulas",16,2722,210,36,1,1,45,1,0,84,3,0,87,0,87,--,210,123,84,87,87,Algún campo sin dato,1,8eac6f3e1b83607da1a7fc0538dbc0d9641764ba4bf770d4f457716272aa33ed,25/06/2023 20:42:08,ESCANER
17873,"Quiché",14,"Sacapulas",16,2722,210,37,0,1,52,0,0,90,1,3,94,0,94,--,210,116,90,94,94,Algún campo sin dato,1,11b23be685cc9c1db84c5d9df89303245eb97ac81886921606b30c7d18380c91,25/06/2023 21:40:41,ESCANER
17874,"Quiché",14,"Sacapulas",16,2723,380,,,,,,,,,,,,,,,,,,,,0,,,
17875,"Quiché",14,"Sacapulas",16,2723,380,120,1,5,125,2,1,254,18,8,280,0,280,--,380,100,254,280,280,Algún campo sin dato,1,1d57c243130f2b6969fc5dbdd9eb334e4319aa66b19f22419a75ff426159997d,26/06/2023 00:21:13,ESCANER
17876,"Quiché",14,"Sacapulas",16,2723,380,113,0,11,136,2,0,262,6,3,271,0,271,--,380,109,262,271,271,Algún campo sin dato,1,fa96569bc119fa212584f56d2cbaa2bd4d74534078e5bce2b1a77c2621b990af,25/06/2023 22:34:42,ESCANER
17877,"Quiché",14,"Sacapulas",16,2723,380,,,,,,,,,,,,,,,,,,,,0,,,
17878,"Quiché",14,"Sacapulas",16,2723,380,101,2,2,108,0,0,212,14,3,229,0,229,--,380,151,213,230,230,Sumas Asentadas sin cuadrar,1,f55fb065e107d34afc43f7c657c85caa6a930ce3d1307c9da7600eecf93381fd,25/06/2023 23:43:03,ESCANER
17879,"Quiché",14,"Sacapulas",16,2723,380,122,0,4,110,1,1,238,5,7,250,0,250,0,380,130,238,250,250,,1,48529c7c32f2856b78b42aa9d883830f04c80bac41e5e69e1aa0b07acb6e3a3d,25/06/2023 22:57:03,ESCANER
17880,"Quiché",14,"Sacapulas",16,2723,380,,,,,,,,,,,,,,,,,,,,0,,,
17881,"Quiché",14,"Sacapulas",16,2723,380,98,1,7,109,0,0,215,7,6,228,0,228,--,380,152,215,228,228,Algún campo sin dato,1,9f70010d73d35be4c9ed4e1cf13154f8df44f9dfd9f62273aac77f343c186ce9,25/06/2023 22:19:28,ESCANER
17882,"Quiché",14,"Sacapulas",16,2723,380,128,0,4,115,1,0,248,3,2,253,0,253,--,380,127,248,253,253,Algún campo sin dato,1,4ac2f38bbcfce7c4fbcb001fd3220d17b9ad2247225e9b68b464936c6a6451bd,25/06/2023 22:31:27,ESCANER
17883,"Quiché",14,"Sacapulas",16,2723,380,116,0,6,107,1,0,230,4,2,236,0,--,--,380,144,230,236,236,Algún campo sin dato,1,76c29a13da93a1cdd6599ceca7c1dde74c6588c05075f1cfc286dcd5bf6491f7,25/06/2023 22:10:25,ESCANER
17884,"Quiché",14,"Sacapulas",16,2723,200,63,0,2,59,0,0,124,1,1,126,0,126,0,200,74,124,126,126,,1,72460dfa79217542b5149f4fbd5fd34be0e349b381dac418cc44936fa9c59a3d,25/06/2023 21:38:31,ESCANER
17885,"Quiché",14,"Sacapulas",16,2723,199,,,,,,,,,,,,,,,,,,,,0,,,
17886,"Quiché",14,"Sacapulas",16,2724,380,114,0,4,101,3,0,222,14,4,240,0,240,0,380,140,222,240,240,,1,791cb003eebe14baa086ce970d057f7b2dd909c2811e2f05e45f93beb73b80c4,25/06/2023 23:07:05,ESCANER
17887,"Quiché",14,"Sacapulas",16,2724,380,141,1,10,86,1,0,239,6,9,254,--,--,--,380,126,239,254,254,Algún campo sin dato,1,061e5ce6f4a7aef01dc70c038b8ef158edbc3aa36c7017bf4aa94c02b14c85e1,25/06/2023 22:36:25,ESCANER
17888,"Quiché",14,"Sacapulas",16,2724,380,121,0,1,62,1,0,185,7,6,198,--,--,--,380,182,185,198,198,Algún campo sin dato,1,88158094a45054ca2e42ae9e935a84b41b3a6366ea17bc78216194b1e581df23,26/06/2023 00:16:15,ESCANER
17889,"Quiché",14,"Sacapulas",16,2724,197,70,0,1,36,1,0,108,1,0,109,--,--,--,197,88,108,109,109,Algún campo sin dato,1,49c2f952a7b5b9ddfbcb06f56ab0afdfce091700c346faeb7797f97acc02542a,25/06/2023 21:11:32,ESCANER
17890,"Quiché",14,"Sacapulas",16,2724,197,65,0,1,41,0,0,107,0,3,110,0,110,--,197,87,107,110,110,Algún campo sin dato,1,5f098b5419c502fb176c27437ca5fea04b28ba1d9d8a3b055d38c93c89cb075d,25/06/2023 20:48:18,ESCANER
17891,"Quiché",14,"Sacapulas",16,2725,380,118,1,2,163,1,0,285,9,4,298,0,298,0,380,82,285,298,298,,1,5666974908ba97c733cd1deb89f6ab8af9252d8ad0cf695c98570f69eee1bb61,25/06/2023 23:31:16,MOVIL
17892,"Quiché",14,"Sacapulas",16,2725,358,,,,,,,,,,,,,,,,,,,,0,,,
17893,"Quiché",14,"Sacapulas",16,2725,358,,,,,,,,,,,,,,,,,,,,0,,,
17894,"Quiché",14,"Sacapulas",16,2726,598,15,1,2,55,1,0,74,1,2,77,0,77,--,598,521,74,77,77,Algún campo sin dato,1,4c961325e008f2a377a32beef64b58b1376abaf54fa5c09b31c940d2046af6ca,25/06/2023 21:33:57,ESCANER