﻿TIPO_DE_ELECCIÓN:,CORPORACIÓN MUNICIPAL
26 junio 2023 00:28 (UTC -6)
ACTAS_ESPERADAS,ACTAS_CAPTURADAS,PORCENTAJE_ACTAS_CAPTURADAS,ACTAS_CONTABILIZADAS,PORCENTAJE_ACTAS_CONTABILIZADAS,ACTAS_NO_CONTABILIZADAS,LISTA_NOMINAL_ACTAS_CONTABILIZADAS,VOTOS_EMITIDOS_CONTABILIZADAS,PORCENTAJE_PARTICIPACIÓN_CIUDADANA
308,47,15.2597,47,15.2597,0,16013,8253,51.5393

MESA,DEPARTAMENTO,ID_DEPARTAMENTO,MUNICIPIO,ID_MUNICIPIO,CENTRO_DE_VOTACIÓN,PADRÓN,VICTORIA,FCN-NACION,VAMOS,AZUL,MLP,UNE,VIVA,CABAL,TODOS,PODEMOS,WINAQ,ELEFANTE,CAMBIO,PPN,MI FAMILIA,VALOR,CREO,VOS,PHG,VÁLIDOS,NULOS,BLANCO,EMITIDOS,INVÁLIDOS,TOTAL,IMPUGNACIONES,PAPELETAS-RECIBIDAS,PAPELETAS-NO-USADAS,VALIDOS_CALCULADO,EMITIDOS_CALCULADO,TOTAL_CALCULADO,OBSERVACIONES,CONTABILIZADA,CÓDIGO_INTEGRIDAD,FECHA_HORA_PUBLICACIÓN,DIGITALIZACIÓN
19432,"Alta Verapaz",16,"San Pedro Carchá",9,2985,400,,,,,,,,,,,,,,,,,,,,,,,,,,,,,,,,,0,,,
19433,"Alta Verapaz",16,"San Pedro Carchá",9,2985,400,,,,,,,,,,,,,,,,,,,,,,,,,,,,,,,,,0,,,
19434,"Alta Verapaz",16,"San Pedro Carchá",9,2985,400,,,,,,,,,,,,,,,,,,,,,,,,,,,,,,,,,0,,,
19435,"Alta Verapaz",16,"San Pedro Carchá",9,2985,400,,,,,,,,,,,,,,,,,,,,,,,,,,,,,,,,,0,,,
19436,"Alta Verapaz",16,"San Pedro Carchá",9,2985,400,,,,,,,,,,,,,,,,,,,,,,,,,,,,,,,,,0,,,
19437,"Alta Verapaz",16,"San Pedro Carchá",9,2985,400,38,10,27,9,1,83,5,11,11,1,1,2,2,13,0,19,3,1,1,238,9,0,247,0,247,--,400,153,238,247,247,Algún campo sin dato,1,ad522f97926ca5f8ec571c5d277461699c740ce3248fa112b8856f79b6dd9f48,26/06/2023 00:06:35,ESCANER
19438,"Alta Verapaz",16,"San Pedro Carchá",9,2985,400,,,,,,,,,,,,,,,,,,,,,,,,,,,,,,,,,0,,,
19439,"Alta Verapaz",16,"San Pedro Carchá",9,2985,400,37,7,21,8,1,97,2,4,15,2,1,0,3,13,2,20,5,0,4,242,15,7,264,0,264,--,397,133,242,264,264,Algún campo sin dato,1,97c5b4c8c686aad46a50456fb5883d93a42ee7f89e78fe8395c1af61b26675b2,26/06/2023 00:24:45,ESCANER
19440,"Alta Verapaz",16,"San Pedro Carchá",9,2985,400,,,,,,,,,,,,,,,,,,,,,,,,,,,,,,,,,0,,,
19441,"Alta Verapaz",16,"San Pedro Carchá",9,2985,400,,,,,,,,,,,,,,,,,,,,,,,,,,,,,,,,,0,,,
19442,"Alta Verapaz",16,"San Pedro Carchá",9,2986,400,,,,,,,,,,,,,,,,,,,,,,,,,,,,,,,,,0,,,
19443,"Alta Verapaz",16,"San Pedro Carchá",9,2986,400,,,,,,,,,,,,,,,,,,,,,,,,,,,,,,,,,0,,,
19444,"Alta Verapaz",16,"San Pedro Carchá",9,2986,400,,,,,,,,,,,,,,,,,,,,,,,,,,,,,,,,,0,,,
19445,"Alta Verapaz",16,"San Pedro Carchá",9,2986,400,,,,,,,,,,,,,,,,,,,,,,,,,,,,,,,,,0,,,
19446,"Alta Verapaz",16,"San Pedro Carchá",9,2986,400,,,,,,,,,,,,,,,,,,,,,,,,,,,,,,,,,0,,,
19447,"Alta Verapaz",16,"San Pedro Carchá",9,2986,400,,,,,,,,,,,,,,,,,,,,,,,,,,,,,,,,,0,,,
19448,"Alta Verapaz",16,"San Pedro Carchá",9,2986,400,,,,,,,,,,,,,,,,,,,,,,,,,,,,,,,,,0,,,
19449,"Alta Verapaz",16,"San Pedro Carchá",9,2986,270,23,6,8,5,1,51,4,9,5,0,1,1,3,8,0,12,0,0,0,137,3,0,140,0,140,--,267,127,137,140,140,Algún campo sin dato,1,699f77c05d1ccbf4619ae4e06516b4b92187f6e153d56349077ecd10807167fb,25/06/2023 23:20:23,ESCANER
19450,"Alta Verapaz",16,"San Pedro Carchá",9,2986,269,18,1,8,6,0,45,2,4,5,1,2,0,1,7,1,6,1,2,0,110,7,0,117,0,117,--,269,152,110,117,117,Algún campo sin dato,1,79d01785f93e2a58e19faff0fb2213eaaecdc9d8d15e2697bf1a06bdcdef204b,25/06/2023 23:10:04,ESCANER
19451,"Alta Verapaz",16,"San Pedro Carchá",9,2987,400,,,,,,,,,,,,,,,,,,,,,,,,,,,,,,,,,0,,,
19452,"Alta Verapaz",16,"San Pedro Carchá",9,2987,400,,,,,,,,,,,,,,,,,,,,,,,,,,,,,,,,,0,,,
19453,"Alta Verapaz",16,"San Pedro Carchá",9,2987,400,,,,,,,,,,,,,,,,,,,,,,,,,,,,,,,,,0,,,
19454,"Alta Verapaz",16,"San Pedro Carchá",9,2987,400,,,,,,,,,,,,,,,,,,,,,,,,,,,,,,,,,0,,,
19455,"Alta Verapaz",16,"San Pedro Carchá",9,2987,400,,,,,,,,,,,,,,,,,,,,,,,,,,,,,,,,,0,,,
19456,"Alta Verapaz",16,"San Pedro Carchá",9,2987,400,,,,,,,,,,,,,,,,,,,,,,,,,,,,,,,,,0,,,
19457,"Alta Verapaz",16,"San Pedro Carchá",9,2987,400,,,,,,,,,,,,,,,,,,,,,,,,,,,,,,,,,0,,,
19458,"Alta Verapaz",16,"San Pedro Carchá",9,2987,400,76,0,24,7,2,68,2,9,6,2,0,0,0,10,2,7,4,0,0,219,6,1,226,0,226,--,400,174,219,226,226,Algún campo sin dato,1,584d166fe33bec38eec34b03e6bdc8391b036f8bd7abde145c742ffd9ea052e5,26/06/2023 00:01:16,ESCANER
19459,"Alta Verapaz",16,"San Pedro Carchá",9,2987,251,45,2,12,4,1,33,2,5,4,1,1,1,1,3,0,1,1,0,0,117,2,0,119,0,119,--,248,129,117,119,119,Algún campo sin dato,1,4341982d8033c0632ed40317b06812b6420649713af9f71353f5e950adc5d71e,25/06/2023 22:17:42,ESCANER
19460,"Alta Verapaz",16,"San Pedro Carchá",9,2987,251,39,0,19,2,0,33,1,3,3,0,0,0,2,3,0,3,3,0,0,111,2,1,114,0,114,--,251,137,111,114,114,Algún campo sin dato,1,0670b9f3b469e76a2c09b2c81e1227d9bf4051d3930c74e3891bed697a1c028f,25/06/2023 23:31:09,ESCANER
19461,"Alta Verapaz",16,"San Pedro Carchá",9,2988,400,,,,,,,,,,,,,,,,,,,,,,,,,,,,,,,,,0,,,
19462,"Alta Verapaz",16,"San Pedro Carchá",9,2988,400,,,,,,,,,,,,,,,,,,,,,,,,,,,,,,,,,0,,,
19463,"Alta Verapaz",16,"San Pedro Carchá",9,2988,400,,,,,,,,,,,,,,,,,,,,,,,,,,,,,,,,,0,,,
19464,"Alta Verapaz",16,"San Pedro Carchá",9,2988,400,68,2,17,2,1,59,4,21,3,0,1,2,2,7,0,6,4,6,1,206,19,5,230,0,230,--,400,170,206,230,230,Algún campo sin dato,1,da2298b6ca4a075516a14021f0dde8f799d861964f1158f8328101f37f4ecbd4,25/06/2023 22:55:19,ESCANER
19465,"Alta Verapaz",16,"San Pedro Carchá",9,2988,281,36,1,16,1,1,45,1,11,4,1,1,1,1,5,0,8,4,1,0,138,6,0,144,0,144,--,281,137,138,144,144,Algún campo sin dato,1,c97dd5ce99dca81969fdd3425c69a90575c3fecf78c23045e2f395476bf685e2,25/06/2023 22:30:20,ESCANER
19466,"Alta Verapaz",16,"San Pedro Carchá",9,2988,281,48,1,20,3,0,37,3,7,1,0,0,0,6,4,1,2,0,0,0,133,5,0,138,0,138,0,281,143,133,138,138,,1,1decf6024b130dc721a8f4478cecd1f1efd276aa549e6a01600f041106fd54de,25/06/2023 21:58:16,ESCANER
19467,"Alta Verapaz",16,"San Pedro Carchá",9,2989,400,,,,,,,,,,,,,,,,,,,,,,,,,,,,,,,,,0,,,
19468,"Alta Verapaz",16,"San Pedro Carchá",9,2989,400,,,,,,,,,,,,,,,,,,,,,,,,,,,,,,,,,0,,,
19469,"Alta Verapaz",16,"San Pedro Carchá",9,2989,400,56,4,23,6,1,107,4,21,7,3,3,2,2,7,2,13,2,5,4,272,7,2,281,0,281,--,400,119,272,281,281,Algún campo sin dato,1,cb64f16ae57fb2965c46b92cb8118855832debc5fb0f400478f00e2373719103,25/06/2023 23:00:04,ESCANER
19470,"Alta Verapaz",16,"San Pedro Carchá",9,2989,377,,,,,,,,,,,,,,,,,,,,,,,,,,,,,,,,,0,,,
19471,"Alta Verapaz",16,"San Pedro Carchá",9,2989,376,30,1,17,10,1,88,2,12,3,1,1,2,1,7,4,8,4,3,3,198,7,0,205,0,205,--,376,171,198,205,205,Algún campo sin dato,1,040c895e879b8c2af9931599eb35c04442a1a23ada00837cc0a0152d08b4ec52,26/06/2023 00:17:53,ESCANER
19472,"Alta Verapaz",16,"San Pedro Carchá",9,2990,400,,,,,,,,,,,,,,,,,,,,,,,,,,,,,,,,,0,,,
19473,"Alta Verapaz",16,"San Pedro Carchá",9,2990,400,,,,,,,,,,,,,,,,,,,,,,,,,,,,,,,,,0,,,
19474,"Alta Verapaz",16,"San Pedro Carchá",9,2990,400,,,,,,,,,,,,,,,,,,,,,,,,,,,,,,,,,0,,,
19475,"Alta Verapaz",16,"San Pedro Carchá",9,2990,400,,,,,,,,,,,,,,,,,,,,,,,,,,,,,,,,,0,,,
19476,"Alta Verapaz",16,"San Pedro Carchá",9,2990,400,,,,,,,,,,,,,,,,,,,,,,,,,,,,,,,,,0,,,
19477,"Alta Verapaz",16,"San Pedro Carchá",9,2990,400,,,,,,,,,,,,,,,,,,,,,,,,,,,,,,,,,0,,,
19478,"Alta Verapaz",16,"San Pedro Carchá",9,2990,400,,,,,,,,,,,,,,,,,,,,,,,,,,,,,,,,,0,,,
19479,"Alta Verapaz",16,"San Pedro Carchá",9,2990,400,,,,,,,,,,,,,,,,,,,,,,,,,,,,,,,,,0,,,
19480,"Alta Verapaz",16,"San Pedro Carchá",9,2990,400,69,3,29,6,0,70,4,8,3,0,0,0,0,6,0,4,2,0,1,205,21,7,233,0,233,--,400,167,205,233,233,Algún campo sin dato,1,17c4877f703a407a17dc5de239647c741b06c2c989538092c9417eeabef4941c,26/06/2023 00:02:10,ESCANER
19481,"Alta Verapaz",16,"San Pedro Carchá",9,2990,400,,,,,,,,,,,,,,,,,,,,,,,,,,,,,,,,,0,,,
19482,"Alta Verapaz",16,"San Pedro Carchá",9,2990,400,47,1,34,10,1,51,9,5,4,0,1,0,2,7,3,7,2,1,0,185,6,0,191,0,191,--,400,209,185,191,191,Algún campo sin dato,1,632e5144a482c110f33dc88b3969a85b1c5fc56e02cb7d918478a808fd05353a,25/06/2023 23:52:38,ESCANER
19483,"Alta Verapaz",16,"San Pedro Carchá",9,2990,281,53,2,19,2,0,29,3,6,1,0,1,0,1,5,0,3,2,0,1,128,7,1,136,0,136,--,281,145,128,136,136,Algún campo sin dato,1,361fbcea231a9f9a48af8295df78d9096991f5a0fc326e9a81f66421baf50d67,25/06/2023 23:45:11,ESCANER
19484,"Alta Verapaz",16,"San Pedro Carchá",9,2990,280,27,1,19,5,0,27,1,3,2,0,0,0,0,2,0,4,0,0,0,91,10,1,102,0,102,--,280,178,91,102,102,Algún campo sin dato,1,d558a35749b1e2bb81db1f5953ab0470de811f4128a3e3f2d18eac9949d717a8,25/06/2023 23:17:11,ESCANER
19485,"Alta Verapaz",16,"San Pedro Carchá",9,2991,400,,,,,,,,,,,,,,,,,,,,,,,,,,,,,,,,,0,,,
19486,"Alta Verapaz",16,"San Pedro Carchá",9,2991,348,,,,,,,,,,,,,,,,,,,,,,,,,,,,,,,,,0,,,
19487,"Alta Verapaz",16,"San Pedro Carchá",9,2991,348,51,1,21,6,1,47,1,5,3,1,1,1,2,6,1,17,1,3,0,169,9,0,178,0,178,--,348,170,169,178,178,Algún campo sin dato,1,ecc9d3ae70c6462259e5fc33d11ccf247f8b03d308135295e7469b1a0ba52231,25/06/2023 23:37:55,ESCANER
19488,"Alta Verapaz",16,"San Pedro Carchá",9,2992,380,,,,,,,,,,,,,,,,,,,,,,,,,,,,,,,,,0,,,
19489,"Alta Verapaz",16,"San Pedro Carchá",9,2992,380,,,,,,,,,,,,,,,,,,,,,,,,,,,,,,,,,0,,,
19490,"Alta Verapaz",16,"San Pedro Carchá",9,2992,380,,,,,,,,,,,,,,,,,,,,,,,,,,,,,,,,,0,,,
19491,"Alta Verapaz",16,"San Pedro Carchá",9,2992,380,,,,,,,,,,,,,,,,,,,,,,,,,,,,,,,,,0,,,
19492,"Alta Verapaz",16,"San Pedro Carchá",9,2992,380,,,,,,,,,,,,,,,,,,,,,,,,,,,,,,,,,0,,,
19493,"Alta Verapaz",16,"San Pedro Carchá",9,2992,380,,,,,,,,,,,,,,,,,,,,,,,,,,,,,,,,,0,,,
19494,"Alta Verapaz",16,"San Pedro Carchá",9,2992,380,67,1,14,3,3,76,14,8,1,0,5,0,5,21,2,1,0,0,0,221,27,9,257,0,257,--,380,123,221,257,257,Algún campo sin dato,1,0c5e2656b7c3081393306b55d9b6cb7bd7eb401808f8ff8fe7361522723457f1,25/06/2023 23:05:49,ESCANER
19495,"Alta Verapaz",16,"San Pedro Carchá",9,2992,380,60,0,16,7,4,71,11,6,0,1,1,0,4,29,1,0,2,0,1,214,25,5,244,0,244,--,376,132,214,244,244,Algún campo sin dato,1,0622b18c6937c72823c9e84244f1fb3cfb7282cc31e835337f87024e0376c6a7,26/06/2023 00:18:23,ESCANER
19496,"Alta Verapaz",16,"San Pedro Carchá",9,2992,380,,,,,,,,,,,,,,,,,,,,,,,,,,,,,,,,,0,,,
19497,"Alta Verapaz",16,"San Pedro Carchá",9,2992,380,,,,,,,,,,,,,,,,,,,,,,,,,,,,,,,,,0,,,
19498,"Alta Verapaz",16,"San Pedro Carchá",9,2992,380,,,,,,,,,,,,,,,,,,,,,,,,,,,,,,,,,0,,,
19499,"Alta Verapaz",16,"San Pedro Carchá",9,2992,380,,,,,,,,,,,,,,,,,,,,,,,,,,,,,,,,,0,,,
19500,"Alta Verapaz",16,"San Pedro Carchá",9,2992,380,,,,,,,,,,,,,,,,,,,,,,,,,,,,,,,,,0,,,
19501,"Alta Verapaz",16,"San Pedro Carchá",9,2992,380,,,,,,,,,,,,,,,,,,,,,,,,,,,,,,,,,0,,,
19502,"Alta Verapaz",16,"San Pedro Carchá",9,2992,380,,,,,,,,,,,,,,,,,,,,,,,,,,,,,,,,,0,,,
19503,"Alta Verapaz",16,"San Pedro Carchá",9,2992,380,,,,,,,,,,,,,,,,,,,,,,,,,,,,,,,,,0,,,
19504,"Alta Verapaz",16,"San Pedro Carchá",9,2992,380,,,,,,,,,,,,,,,,,,,,,,,,,,,,,,,,,0,,,
19505,"Alta Verapaz",16,"San Pedro Carchá",9,2992,380,31,1,16,12,4,78,8,2,0,0,1,0,2,14,1,0,0,0,0,168,28,5,201,0,201,--,377,176,170,203,203,Sumas Asentadas sin cuadrar,1,e37f4c89004edc51080bab0d4923cf2aacbfd8220d67722374d76674e126bd18,25/06/2023 23:22:27,ESCANER
19506,"Alta Verapaz",16,"San Pedro Carchá",9,2992,380,,,,,,,,,,,,,,,,,,,,,,,,,,,,,,,,,0,,,
19507,"Alta Verapaz",16,"San Pedro Carchá",9,2992,380,28,0,22,2,3,53,9,1,0,0,2,0,1,12,2,1,0,0,0,136,33,3,172,0,172,--,380,208,136,172,172,Algún campo sin dato,1,e5e91d37aa19ea7e703b08110cfa2a9f70485c8405748e48187f6194251a0566,25/06/2023 23:29:07,ESCANER
19508,"Alta Verapaz",16,"San Pedro Carchá",9,2992,380,,,,,,,,,,,,,,,,,,,,,,,,,,,,,,,,,0,,,
19509,"Alta Verapaz",16,"San Pedro Carchá",9,2992,380,,,,,,,,,,,,,,,,,,,,,,,,,,,,,,,,,0,,,
19510,"Alta Verapaz",16,"San Pedro Carchá",9,2992,380,45,0,26,8,4,56,1,2,0,0,1,0,1,17,0,0,0,0,0,161,4,1,166,0,166,--,380,214,161,166,166,Algún campo sin dato,1,1c1baaf387c8e8565b8d3a679de3be8814ecbe5def728028f956ec091a28a2aa,25/06/2023 23:29:50,ESCANER
19511,"Alta Verapaz",16,"San Pedro Carchá",9,2992,380,,,,,,,,,,,,,,,,,,,,,,,,,,,,,,,,,0,,,
19512,"Alta Verapaz",16,"San Pedro Carchá",9,2992,380,,,,,,,,,,,,,,,,,,,,,,,,,,,,,,,,,0,,,
19513,"Alta Verapaz",16,"San Pedro Carchá",9,2992,380,,,,,,,,,,,,,,,,,,,,,,,,,,,,,,,,,0,,,
19514,"Alta Verapaz",16,"San Pedro Carchá",9,2992,380,,,,,,,,,,,,,,,,,,,,,,,,,,,,,,,,,0,,,
19515,"Alta Verapaz",16,"San Pedro Carchá",9,2992,199,13,0,10,6,1,29,6,1,2,0,1,0,0,6,0,0,0,0,0,75,7,2,84,0,84,--,196,112,75,84,84,Algún campo sin dato,1,13b3fbd1fb58d2c997e8f877eeb29bbb6604159db6a4391543d72671768835ea,25/06/2023 22:51:11,ESCANER
19516,"Alta Verapaz",16,"San Pedro Carchá",9,2992,199,18,1,9,0,1,19,4,2,0,1,0,0,0,6,0,0,0,0,0,61,9,5,75,0,75,--,196,121,61,75,75,Algún campo sin dato,1,63fe3ea118afe8b3f5aa94e8a9c83f3bf9b1a39885dccd773f1614fcd4f77634,25/06/2023 23:19:49,ESCANER
19517,"Alta Verapaz",16,"San Pedro Carchá",9,2993,380,,,,,,,,,,,,,,,,,,,,,,,,,,,,,,,,,0,,,
19518,"Alta Verapaz",16,"San Pedro Carchá",9,2993,380,,,,,,,,,,,,,,,,,,,,,,,,,,,,,,,,,0,,,
19519,"Alta Verapaz",16,"San Pedro Carchá",9,2993,380,,,,,,,,,,,,,,,,,,,,,,,,,,,,,,,,,0,,,
19520,"Alta Verapaz",16,"San Pedro Carchá",9,2993,380,,,,,,,,,,,,,,,,,,,,,,,,,,,,,,,,,0,,,
19521,"Alta Verapaz",16,"San Pedro Carchá",9,2993,380,93,2,29,1,1,74,5,10,1,1,2,0,0,2,3,4,0,0,2,230,19,7,256,3,259,--,380,121,230,256,259,Algún campo sin dato,1,1ae3e5917c07cba72e97ae9a298ae4b8df64d8a87dfdda0f1d1640ca14e28162,25/06/2023 23:36:27,ESCANER
19522,"Alta Verapaz",16,"San Pedro Carchá",9,2993,380,,,,,,,,,,,,,,,,,,,,,,,,,,,,,,,,,0,,,
19523,"Alta Verapaz",16,"San Pedro Carchá",9,2993,380,,,,,,,,,,,,,,,,,,,,,,,,,,,,,,,,,0,,,
19524,"Alta Verapaz",16,"San Pedro Carchá",9,2993,380,,,,,,,,,,,,,,,,,,,,,,,,,,,,,,,,,0,,,
19525,"Alta Verapaz",16,"San Pedro Carchá",9,2993,380,,,,,,,,,,,,,,,,,,,,,,,,,,,,,,,,,0,,,
19526,"Alta Verapaz",16,"San Pedro Carchá",9,2993,380,,,,,,,,,,,,,,,,,,,,,,,,,,,,,,,,,0,,,
19527,"Alta Verapaz",16,"San Pedro Carchá",9,2993,380,,,,,,,,,,,,,,,,,,,,,,,,,,,,,,,,,0,,,
19528,"Alta Verapaz",16,"San Pedro Carchá",9,2993,380,,,,,,,,,,,,,,,,,,,,,,,,,,,,,,,,,0,,,
19529,"Alta Verapaz",16,"San Pedro Carchá",9,2993,380,,,,,,,,,,,,,,,,,,,,,,,,,,,,,,,,,0,,,
19530,"Alta Verapaz",16,"San Pedro Carchá",9,2993,380,,,,,,,,,,,,,,,,,,,,,,,,,,,,,,,,,0,,,
19531,"Alta Verapaz",16,"San Pedro Carchá",9,2993,380,,,,,,,,,,,,,,,,,,,,,,,,,,,,,,,,,0,,,
19532,"Alta Verapaz",16,"San Pedro Carchá",9,2993,380,,,,,,,,,,,,,,,,,,,,,,,,,,,,,,,,,0,,,
19533,"Alta Verapaz",16,"San Pedro Carchá",9,2993,361,,,,,,,,,,,,,,,,,,,,,,,,,,,,,,,,,0,,,
19534,"Alta Verapaz",16,"San Pedro Carchá",9,2993,360,,,,,,,,,,,,,,,,,,,,,,,,,,,,,,,,,0,,,
19535,"Alta Verapaz",16,"San Pedro Carchá",9,2994,380,,,,,,,,,,,,,,,,,,,,,,,,,,,,,,,,,0,,,
19536,"Alta Verapaz",16,"San Pedro Carchá",9,2994,380,,,,,,,,,,,,,,,,,,,,,,,,,,,,,,,,,0,,,
19537,"Alta Verapaz",16,"San Pedro Carchá",9,2994,380,,,,,,,,,,,,,,,,,,,,,,,,,,,,,,,,,0,,,
19538,"Alta Verapaz",16,"San Pedro Carchá",9,2994,380,,,,,,,,,,,,,,,,,,,,,,,,,,,,,,,,,0,,,
19539,"Alta Verapaz",16,"San Pedro Carchá",9,2994,380,,,,,,,,,,,,,,,,,,,,,,,,,,,,,,,,,0,,,
19540,"Alta Verapaz",16,"San Pedro Carchá",9,2994,380,,,,,,,,,,,,,,,,,,,,,,,,,,,,,,,,,0,,,
19541,"Alta Verapaz",16,"San Pedro Carchá",9,2994,380,,,,,,,,,,,,,,,,,,,,,,,,,,,,,,,,,0,,,
19542,"Alta Verapaz",16,"San Pedro Carchá",9,2994,380,,,,,,,,,,,,,,,,,,,,,,,,,,,,,,,,,0,,,
19543,"Alta Verapaz",16,"San Pedro Carchá",9,2994,380,,,,,,,,,,,,,,,,,,,,,,,,,,,,,,,,,0,,,
19544,"Alta Verapaz",16,"San Pedro Carchá",9,2994,272,,,,,,,,,,,,,,,,,,,,,,,,,,,,,,,,,0,,,
19545,"Alta Verapaz",16,"San Pedro Carchá",9,2994,272,,,,,,,,,,,,,,,,,,,,,,,,,,,,,,,,,0,,,
19546,"Alta Verapaz",16,"San Pedro Carchá",9,2995,380,,,,,,,,,,,,,,,,,,,,,,,,,,,,,,,,,0,,,
19547,"Alta Verapaz",16,"San Pedro Carchá",9,2995,380,,,,,,,,,,,,,,,,,,,,,,,,,,,,,,,,,0,,,
19548,"Alta Verapaz",16,"San Pedro Carchá",9,2995,380,,,,,,,,,,,,,,,,,,,,,,,,,,,,,,,,,0,,,
19549,"Alta Verapaz",16,"San Pedro Carchá",9,2995,380,,,,,,,,,,,,,,,,,,,,,,,,,,,,,,,,,0,,,
19550,"Alta Verapaz",16,"San Pedro Carchá",9,2995,380,,,,,,,,,,,,,,,,,,,,,,,,,,,,,,,,,0,,,
19551,"Alta Verapaz",16,"San Pedro Carchá",9,2995,380,,,,,,,,,,,,,,,,,,,,,,,,,,,,,,,,,0,,,
19552,"Alta Verapaz",16,"San Pedro Carchá",9,2995,380,,,,,,,,,,,,,,,,,,,,,,,,,,,,,,,,,0,,,
19553,"Alta Verapaz",16,"San Pedro Carchá",9,2995,380,,,,,,,,,,,,,,,,,,,,,,,,,,,,,,,,,0,,,
19554,"Alta Verapaz",16,"San Pedro Carchá",9,2995,380,,,,,,,,,,,,,,,,,,,,,,,,,,,,,,,,,0,,,
19555,"Alta Verapaz",16,"San Pedro Carchá",9,2995,380,,,,,,,,,,,,,,,,,,,,,,,,,,,,,,,,,0,,,
19556,"Alta Verapaz",16,"San Pedro Carchá",9,2995,380,,,,,,,,,,,,,,,,,,,,,,,,,,,,,,,,,0,,,
19557,"Alta Verapaz",16,"San Pedro Carchá",9,2995,380,,,,,,,,,,,,,,,,,,,,,,,,,,,,,,,,,0,,,
19558,"Alta Verapaz",16,"San Pedro Carchá",9,2995,298,40,0,31,5,0,76,3,1,0,1,4,0,2,0,0,0,0,0,0,163,1,1,165,0,165,--,298,133,163,165,165,Algún campo sin dato,1,e5753185af62b0823ed4ea801cc2a3f0829e5ec5d31550df982c40600a29a4f8,25/06/2023 23:46:41,ESCANER
19559,"Alta Verapaz",16,"San Pedro Carchá",9,2995,298,,,,,,,,,,,,,,,,,,,,,,,,,,,,,,,,,0,,,
19560,"Alta Verapaz",16,"San Pedro Carchá",9,2996,380,,,,,,,,,,,,,,,,,,,,,,,,,,,,,,,,,0,,,
19561,"Alta Verapaz",16,"San Pedro Carchá",9,2996,380,,,,,,,,,,,,,,,,,,,,,,,,,,,,,,,,,0,,,
19562,"Alta Verapaz",16,"San Pedro Carchá",9,2996,380,,,,,,,,,,,,,,,,,,,,,,,,,,,,,,,,,0,,,
19563,"Alta Verapaz",16,"San Pedro Carchá",9,2996,380,,,,,,,,,,,,,,,,,,,,,,,,,,,,,,,,,0,,,
19564,"Alta Verapaz",16,"San Pedro Carchá",9,2996,380,,,,,,,,,,,,,,,,,,,,,,,,,,,,,,,,,0,,,
19565,"Alta Verapaz",16,"San Pedro Carchá",9,2996,380,,,,,,,,,,,,,,,,,,,,,,,,,,,,,,,,,0,,,
19566,"Alta Verapaz",16,"San Pedro Carchá",9,2996,380,,,,,,,,,,,,,,,,,,,,,,,,,,,,,,,,,0,,,
19567,"Alta Verapaz",16,"San Pedro Carchá",9,2996,380,,,,,,,,,,,,,,,,,,,,,,,,,,,,,,,,,0,,,
19568,"Alta Verapaz",16,"San Pedro Carchá",9,2996,380,,,,,,,,,,,,,,,,,,,,,,,,,,,,,,,,,0,,,
19569,"Alta Verapaz",16,"San Pedro Carchá",9,2996,380,,,,,,,,,,,,,,,,,,,,,,,,,,,,,,,,,0,,,
19570,"Alta Verapaz",16,"San Pedro Carchá",9,2996,258,,,,,,,,,,,,,,,,,,,,,,,,,,,,,,,,,0,,,
19571,"Alta Verapaz",16,"San Pedro Carchá",9,2996,257,,,,,,,,,,,,,,,,,,,,,,,,,,,,,,,,,0,,,
19572,"Alta Verapaz",16,"San Pedro Carchá",9,2997,380,,,,,,,,,,,,,,,,,,,,,,,,,,,,,,,,,0,,,
19573,"Alta Verapaz",16,"San Pedro Carchá",9,2997,380,,,,,,,,,,,,,,,,,,,,,,,,,,,,,,,,,0,,,
19574,"Alta Verapaz",16,"San Pedro Carchá",9,2997,380,,,,,,,,,,,,,,,,,,,,,,,,,,,,,,,,,0,,,
19575,"Alta Verapaz",16,"San Pedro Carchá",9,2997,380,,,,,,,,,,,,,,,,,,,,,,,,,,,,,,,,,0,,,
19576,"Alta Verapaz",16,"San Pedro Carchá",9,2997,380,,,,,,,,,,,,,,,,,,,,,,,,,,,,,,,,,0,,,
19577,"Alta Verapaz",16,"San Pedro Carchá",9,2997,380,,,,,,,,,,,,,,,,,,,,,,,,,,,,,,,,,0,,,
19578,"Alta Verapaz",16,"San Pedro Carchá",9,2997,380,,,,,,,,,,,,,,,,,,,,,,,,,,,,,,,,,0,,,
19579,"Alta Verapaz",16,"San Pedro Carchá",9,2997,380,,,,,,,,,,,,,,,,,,,,,,,,,,,,,,,,,0,,,
19580,"Alta Verapaz",16,"San Pedro Carchá",9,2997,380,,,,,,,,,,,,,,,,,,,,,,,,,,,,,,,,,0,,,
19581,"Alta Verapaz",16,"San Pedro Carchá",9,2997,380,,,,,,,,,,,,,,,,,,,,,,,,,,,,,,,,,0,,,
19582,"Alta Verapaz",16,"San Pedro Carchá",9,2997,380,,,,,,,,,,,,,,,,,,,,,,,,,,,,,,,,,0,,,
19583,"Alta Verapaz",16,"San Pedro Carchá",9,2997,380,,,,,,,,,,,,,,,,,,,,,,,,,,,,,,,,,0,,,
19584,"Alta Verapaz",16,"San Pedro Carchá",9,2997,380,,,,,,,,,,,,,,,,,,,,,,,,,,,,,,,,,0,,,
19585,"Alta Verapaz",16,"San Pedro Carchá",9,2997,380,,,,,,,,,,,,,,,,,,,,,,,,,,,,,,,,,0,,,
19586,"Alta Verapaz",16,"San Pedro Carchá",9,2997,380,,,,,,,,,,,,,,,,,,,,,,,,,,,,,,,,,0,,,
19587,"Alta Verapaz",16,"San Pedro Carchá",9,2997,380,,,,,,,,,,,,,,,,,,,,,,,,,,,,,,,,,0,,,
19588,"Alta Verapaz",16,"San Pedro Carchá",9,2997,287,,,,,,,,,,,,,,,,,,,,,,,,,,,,,,,,,0,,,
19589,"Alta Verapaz",16,"San Pedro Carchá",9,2997,287,,,,,,,,,,,,,,,,,,,,,,,,,,,,,,,,,0,,,
19590,"Alta Verapaz",16,"San Pedro Carchá",9,2998,380,,,,,,,,,,,,,,,,,,,,,,,,,,,,,,,,,0,,,
19591,"Alta Verapaz",16,"San Pedro Carchá",9,2998,380,,,,,,,,,,,,,,,,,,,,,,,,,,,,,,,,,0,,,
19592,"Alta Verapaz",16,"San Pedro Carchá",9,2998,380,,,,,,,,,,,,,,,,,,,,,,,,,,,,,,,,,0,,,
19593,"Alta Verapaz",16,"San Pedro Carchá",9,2998,380,,,,,,,,,,,,,,,,,,,,,,,,,,,,,,,,,0,,,
19594,"Alta Verapaz",16,"San Pedro Carchá",9,2998,380,,,,,,,,,,,,,,,,,,,,,,,,,,,,,,,,,0,,,
19595,"Alta Verapaz",16,"San Pedro Carchá",9,2998,352,,,,,,,,,,,,,,,,,,,,,,,,,,,,,,,,,0,,,
19596,"Alta Verapaz",16,"San Pedro Carchá",9,2998,352,,,,,,,,,,,,,,,,,,,,,,,,,,,,,,,,,0,,,
19597,"Alta Verapaz",16,"San Pedro Carchá",9,2999,380,,,,,,,,,,,,,,,,,,,,,,,,,,,,,,,,,0,,,
19598,"Alta Verapaz",16,"San Pedro Carchá",9,2999,380,,,,,,,,,,,,,,,,,,,,,,,,,,,,,,,,,0,,,
19599,"Alta Verapaz",16,"San Pedro Carchá",9,2999,380,,,,,,,,,,,,,,,,,,,,,,,,,,,,,,,,,0,,,
19600,"Alta Verapaz",16,"San Pedro Carchá",9,2999,380,,,,,,,,,,,,,,,,,,,,,,,,,,,,,,,,,0,,,
19601,"Alta Verapaz",16,"San Pedro Carchá",9,2999,380,,,,,,,,,,,,,,,,,,,,,,,,,,,,,,,,,0,,,
19602,"Alta Verapaz",16,"San Pedro Carchá",9,2999,372,,,,,,,,,,,,,,,,,,,,,,,,,,,,,,,,,0,,,
19603,"Alta Verapaz",16,"San Pedro Carchá",9,2999,371,,,,,,,,,,,,,,,,,,,,,,,,,,,,,,,,,0,,,
19604,"Alta Verapaz",16,"San Pedro Carchá",9,3000,380,,,,,,,,,,,,,,,,,,,,,,,,,,,,,,,,,0,,,
19605,"Alta Verapaz",16,"San Pedro Carchá",9,3000,380,,,,,,,,,,,,,,,,,,,,,,,,,,,,,,,,,0,,,
19606,"Alta Verapaz",16,"San Pedro Carchá",9,3000,380,,,,,,,,,,,,,,,,,,,,,,,,,,,,,,,,,0,,,
19607,"Alta Verapaz",16,"San Pedro Carchá",9,3000,380,,,,,,,,,,,,,,,,,,,,,,,,,,,,,,,,,0,,,
19608,"Alta Verapaz",16,"San Pedro Carchá",9,3000,380,,,,,,,,,,,,,,,,,,,,,,,,,,,,,,,,,0,,,
19609,"Alta Verapaz",16,"San Pedro Carchá",9,3000,380,,,,,,,,,,,,,,,,,,,,,,,,,,,,,,,,,0,,,
19610,"Alta Verapaz",16,"San Pedro Carchá",9,3000,380,,,,,,,,,,,,,,,,,,,,,,,,,,,,,,,,,0,,,
19611,"Alta Verapaz",16,"San Pedro Carchá",9,3000,380,60,1,47,4,0,60,4,3,0,1,2,0,1,5,0,1,0,0,0,189,34,3,226,0,226,--,380,154,189,226,226,Algún campo sin dato,1,c61179b198b1a0a3bbd73f25acf886c99c4a4cd1a5428d3082ebd4c2290456a5,25/06/2023 23:58:37,ESCANER
19612,"Alta Verapaz",16,"San Pedro Carchá",9,3000,380,,,,,,,,,,,,,,,,,,,,,,,,,,,,,,,,,0,,,
19613,"Alta Verapaz",16,"San Pedro Carchá",9,3000,377,76,9,43,1,0,45,1,1,0,0,1,0,1,1,2,1,0,0,0,182,8,3,193,0,193,--,377,184,182,193,193,Algún campo sin dato,1,9b90245616702e6b202dd6ab163052d6b71e61df4eb2b65c5cb1c429aa850ad7,26/06/2023 00:18:12,ESCANER
19614,"Alta Verapaz",16,"San Pedro Carchá",9,3000,377,,,,,,,,,,,,,,,,,,,,,,,,,,,,,,,,,0,,,
19615,"Alta Verapaz",16,"San Pedro Carchá",9,3001,380,,,,,,,,,,,,,,,,,,,,,,,,,,,,,,,,,0,,,
19616,"Alta Verapaz",16,"San Pedro Carchá",9,3001,380,,,,,,,,,,,,,,,,,,,,,,,,,,,,,,,,,0,,,
19617,"Alta Verapaz",16,"San Pedro Carchá",9,3001,380,,,,,,,,,,,,,,,,,,,,,,,,,,,,,,,,,0,,,
19618,"Alta Verapaz",16,"San Pedro Carchá",9,3001,380,,,,,,,,,,,,,,,,,,,,,,,,,,,,,,,,,0,,,
19619,"Alta Verapaz",16,"San Pedro Carchá",9,3001,380,,,,,,,,,,,,,,,,,,,,,,,,,,,,,,,,,0,,,
19620,"Alta Verapaz",16,"San Pedro Carchá",9,3001,380,,,,,,,,,,,,,,,,,,,,,,,,,,,,,,,,,0,,,
19621,"Alta Verapaz",16,"San Pedro Carchá",9,3001,380,,,,,,,,,,,,,,,,,,,,,,,,,,,,,,,,,0,,,
19622,"Alta Verapaz",16,"San Pedro Carchá",9,3001,380,,,,,,,,,,,,,,,,,,,,,,,,,,,,,,,,,0,,,
19623,"Alta Verapaz",16,"San Pedro Carchá",9,3001,380,,,,,,,,,,,,,,,,,,,,,,,,,,,,,,,,,0,,,
19624,"Alta Verapaz",16,"San Pedro Carchá",9,3001,380,,,,,,,,,,,,,,,,,,,,,,,,,,,,,,,,,0,,,
19625,"Alta Verapaz",16,"San Pedro Carchá",9,3001,380,,,,,,,,,,,,,,,,,,,,,,,,,,,,,,,,,0,,,
19626,"Alta Verapaz",16,"San Pedro Carchá",9,3001,380,,,,,,,,,,,,,,,,,,,,,,,,,,,,,,,,,0,,,
19627,"Alta Verapaz",16,"San Pedro Carchá",9,3001,367,56,1,49,0,0,66,4,4,0,0,0,0,1,0,1,0,1,0,0,183,5,5,193,0,193,--,367,174,183,193,193,Algún campo sin dato,1,8291db6e5f17c96e632ab2ae7743a564154c2d9bcb7d68bed0eb045287d2fdd3,25/06/2023 23:20:56,ESCANER
19628,"Alta Verapaz",16,"San Pedro Carchá",9,3001,366,,,,,,,,,,,,,,,,,,,,,,,,,,,,,,,,,0,,,
19629,"Alta Verapaz",16,"San Pedro Carchá",9,3002,380,,,,,,,,,,,,,,,,,,,,,,,,,,,,,,,,,0,,,
19630,"Alta Verapaz",16,"San Pedro Carchá",9,3002,380,,,,,,,,,,,,,,,,,,,,,,,,,,,,,,,,,0,,,
19631,"Alta Verapaz",16,"San Pedro Carchá",9,3002,380,,,,,,,,,,,,,,,,,,,,,,,,,,,,,,,,,0,,,
19632,"Alta Verapaz",16,"San Pedro Carchá",9,3002,380,,,,,,,,,,,,,,,,,,,,,,,,,,,,,,,,,0,,,
19633,"Alta Verapaz",16,"San Pedro Carchá",9,3002,380,,,,,,,,,,,,,,,,,,,,,,,,,,,,,,,,,0,,,
19634,"Alta Verapaz",16,"San Pedro Carchá",9,3002,380,,,,,,,,,,,,,,,,,,,,,,,,,,,,,,,,,0,,,
19635,"Alta Verapaz",16,"San Pedro Carchá",9,3002,380,,,,,,,,,,,,,,,,,,,,,,,,,,,,,,,,,0,,,
19636,"Alta Verapaz",16,"San Pedro Carchá",9,3002,380,,,,,,,,,,,,,,,,,,,,,,,,,,,,,,,,,0,,,
19637,"Alta Verapaz",16,"San Pedro Carchá",9,3002,380,,,,,,,,,,,,,,,,,,,,,,,,,,,,,,,,,0,,,
19638,"Alta Verapaz",16,"San Pedro Carchá",9,3002,252,,,,,,,,,,,,,,,,,,,,,,,,,,,,,,,,,0,,,
19639,"Alta Verapaz",16,"San Pedro Carchá",9,3002,251,,,,,,,,,,,,,,,,,,,,,,,,,,,,,,,,,0,,,
19640,"Alta Verapaz",16,"San Pedro Carchá",9,3003,380,,,,,,,,,,,,,,,,,,,,,,,,,,,,,,,,,0,,,
19641,"Alta Verapaz",16,"San Pedro Carchá",9,3003,380,,,,,,,,,,,,,,,,,,,,,,,,,,,,,,,,,0,,,
19642,"Alta Verapaz",16,"San Pedro Carchá",9,3003,380,,,,,,,,,,,,,,,,,,,,,,,,,,,,,,,,,0,,,
19643,"Alta Verapaz",16,"San Pedro Carchá",9,3003,380,,,,,,,,,,,,,,,,,,,,,,,,,,,,,,,,,0,,,
19644,"Alta Verapaz",16,"San Pedro Carchá",9,3003,380,,,,,,,,,,,,,,,,,,,,,,,,,,,,,,,,,0,,,
19645,"Alta Verapaz",16,"San Pedro Carchá",9,3003,380,,,,,,,,,,,,,,,,,,,,,,,,,,,,,,,,,0,,,
19646,"Alta Verapaz",16,"San Pedro Carchá",9,3003,380,,,,,,,,,,,,,,,,,,,,,,,,,,,,,,,,,0,,,
19647,"Alta Verapaz",16,"San Pedro Carchá",9,3003,380,,,,,,,,,,,,,,,,,,,,,,,,,,,,,,,,,0,,,
19648,"Alta Verapaz",16,"San Pedro Carchá",9,3003,252,,,,,,,,,,,,,,,,,,,,,,,,,,,,,,,,,0,,,
19649,"Alta Verapaz",16,"San Pedro Carchá",9,3003,252,,,,,,,,,,,,,,,,,,,,,,,,,,,,,,,,,0,,,
19650,"Alta Verapaz",16,"San Pedro Carchá",9,3004,380,15,1,6,21,0,61,5,8,1,0,6,0,3,18,0,3,12,0,0,160,36,9,205,0,205,--,377,172,160,205,205,Algún campo sin dato,1,3536683fe6a7bf8aca447f4970fcacfaeea6799ebb3683b60bf50f0dc8f08dad,26/06/2023 00:02:43,ESCANER
19651,"Alta Verapaz",16,"San Pedro Carchá",9,3004,380,14,2,16,12,0,74,4,16,0,1,6,0,2,17,0,1,3,0,0,168,29,19,216,0,216,--,380,164,168,216,216,Algún campo sin dato,1,04db63ea4e268a6710b8285593860519713aacdd0baee7dd02890e3e10237ba7,26/06/2023 00:26:05,ESCANER
19652,"Alta Verapaz",16,"San Pedro Carchá",9,3004,380,,,,,,,,,,,,,,,,,,,,,,,,,,,,,,,,,0,,,
19653,"Alta Verapaz",16,"San Pedro Carchá",9,3004,380,,,,,,,,,,,,,,,,,,,,,,,,,,,,,,,,,0,,,
19654,"Alta Verapaz",16,"San Pedro Carchá",9,3004,380,10,3,18,18,0,38,4,10,0,0,4,0,1,9,1,3,3,1,1,124,24,11,159,0,159,--,380,221,124,159,159,Algún campo sin dato,1,f5023ea4570be05c70424ab4d1ccb8212e6d48bcce69d5ed580cada457d2fa78,25/06/2023 23:55:41,ESCANER
19655,"Alta Verapaz",16,"San Pedro Carchá",9,3004,380,,,,,,,,,,,,,,,,,,,,,,,,,,,,,,,,,0,,,
19656,"Alta Verapaz",16,"San Pedro Carchá",9,3004,222,,,,,,,,,,,,,,,,,,,,,,,,,,,,,,,,,0,,,
19657,"Alta Verapaz",16,"San Pedro Carchá",9,3004,222,3,0,7,2,2,29,2,4,0,0,1,0,0,5,0,0,1,0,0,51,5,5,66,0,66,--,219,153,56,66,66,Sumas Asentadas sin cuadrar,1,584926920db0e40c7cb345cb88fabc385698663cf847b5e144955bbce95ed126,25/06/2023 23:54:17,ESCANER
19658,"Alta Verapaz",16,"San Pedro Carchá",9,3005,380,,,,,,,,,,,,,,,,,,,,,,,,,,,,,,,,,0,,,
19659,"Alta Verapaz",16,"San Pedro Carchá",9,3005,380,,,,,,,,,,,,,,,,,,,,,,,,,,,,,,,,,0,,,
19660,"Alta Verapaz",16,"San Pedro Carchá",9,3005,380,,,,,,,,,,,,,,,,,,,,,,,,,,,,,,,,,0,,,
19661,"Alta Verapaz",16,"San Pedro Carchá",9,3005,380,,,,,,,,,,,,,,,,,,,,,,,,,,,,,,,,,0,,,
19662,"Alta Verapaz",16,"San Pedro Carchá",9,3005,380,,,,,,,,,,,,,,,,,,,,,,,,,,,,,,,,,0,,,
19663,"Alta Verapaz",16,"San Pedro Carchá",9,3005,380,,,,,,,,,,,,,,,,,,,,,,,,,,,,,,,,,0,,,
19664,"Alta Verapaz",16,"San Pedro Carchá",9,3005,380,,,,,,,,,,,,,,,,,,,,,,,,,,,,,,,,,0,,,
19665,"Alta Verapaz",16,"San Pedro Carchá",9,3005,229,,,,,,,,,,,,,,,,,,,,,,,,,,,,,,,,,0,,,
19666,"Alta Verapaz",16,"San Pedro Carchá",9,3005,229,,,,,,,,,,,,,,,,,,,,,,,,,,,,,,,,,0,,,
19667,"Alta Verapaz",16,"San Pedro Carchá",9,3006,380,,,,,,,,,,,,,,,,,,,,,,,,,,,,,,,,,0,,,
19668,"Alta Verapaz",16,"San Pedro Carchá",9,3006,380,,,,,,,,,,,,,,,,,,,,,,,,,,,,,,,,,0,,,
19669,"Alta Verapaz",16,"San Pedro Carchá",9,3006,380,,,,,,,,,,,,,,,,,,,,,,,,,,,,,,,,,0,,,
19670,"Alta Verapaz",16,"San Pedro Carchá",9,3006,380,123,7,46,0,1,38,8,3,0,0,2,0,1,5,1,1,0,0,0,236,11,6,253,0,253,--,380,127,236,253,253,Algún campo sin dato,1,0ffddbe4d3cb8e678375961d5f5445810bcddeff712d0b0226f404a26e518289,25/06/2023 23:33:06,ESCANER
19671,"Alta Verapaz",16,"San Pedro Carchá",9,3006,380,,,,,,,,,,,,,,,,,,,,,,,,,,,,,,,,,0,,,
19672,"Alta Verapaz",16,"San Pedro Carchá",9,3006,380,113,11,37,0,0,48,5,4,1,2,1,1,0,4,0,3,2,1,2,235,36,17,288,0,288,--,380,92,235,288,288,Algún campo sin dato,1,5353add1d63e441bee6a84732b6f5cd5cd907a9573f4ea85966fb00f9709392c,26/06/2023 00:17:18,ESCANER
19673,"Alta Verapaz",16,"San Pedro Carchá",9,3006,380,,,,,,,,,,,,,,,,,,,,,,,,,,,,,,,,,0,,,
19674,"Alta Verapaz",16,"San Pedro Carchá",9,3006,380,104,2,37,1,0,57,4,3,1,1,0,0,0,4,0,0,0,0,1,215,30,17,262,0,262,--,380,118,215,262,262,Algún campo sin dato,1,a4cf290b9e7233cf4463198204473d0f828f22ba15dd8c3f707508a79f2156cc,25/06/2023 23:18:07,MOVIL
19675,"Alta Verapaz",16,"San Pedro Carchá",9,3006,380,96,2,42,1,1,52,3,7,0,2,0,0,0,3,0,0,0,1,2,212,18,4,234,0,234,--,380,146,212,234,234,Algún campo sin dato,1,eb3e71d077757d038145d756bf080a740303cb0af81bacac37122923d694cce6,26/06/2023 00:12:34,ESCANER
19676,"Alta Verapaz",16,"San Pedro Carchá",9,3006,380,114,5,23,1,0,48,1,4,0,0,0,1,1,3,0,1,0,0,0,202,10,2,214,0,214,--,380,166,202,214,214,Algún campo sin dato,1,8aa062c3f0d0c29480559c67a97adc07d7a46552c2663fff451c7c7025c1a324,25/06/2023 23:38:00,ESCANER
19677,"Alta Verapaz",16,"San Pedro Carchá",9,3006,250,78,0,19,1,0,21,0,0,0,0,0,0,1,6,1,0,0,0,0,127,6,1,134,0,134,--,250,116,127,134,134,Algún campo sin dato,1,80f14cc8b63ff7d0389e2dbfb99f68bb81065870f9dfe353b05f7d3a1e30d2ac,25/06/2023 22:32:20,ESCANER
19678,"Alta Verapaz",16,"San Pedro Carchá",9,3006,249,36,3,16,0,1,28,0,2,1,1,0,0,0,3,0,1,0,0,0,92,8,7,107,0,107,--,249,142,92,107,107,Algún campo sin dato,1,782b6cd1910bb6a29fec56ffd838b93fbda677df9c2426c44afcb20fb7544ead,25/06/2023 22:11:15,ESCANER
19679,"Alta Verapaz",16,"San Pedro Carchá",9,3007,380,,,,,,,,,,,,,,,,,,,,,,,,,,,,,,,,,0,,,
19680,"Alta Verapaz",16,"San Pedro Carchá",9,3007,380,,,,,,,,,,,,,,,,,,,,,,,,,,,,,,,,,0,,,
19681,"Alta Verapaz",16,"San Pedro Carchá",9,3007,380,,,,,,,,,,,,,,,,,,,,,,,,,,,,,,,,,0,,,
19682,"Alta Verapaz",16,"San Pedro Carchá",9,3007,380,,,,,,,,,,,,,,,,,,,,,,,,,,,,,,,,,0,,,
19683,"Alta Verapaz",16,"San Pedro Carchá",9,3007,380,,,,,,,,,,,,,,,,,,,,,,,,,,,,,,,,,0,,,
19684,"Alta Verapaz",16,"San Pedro Carchá",9,3007,380,,,,,,,,,,,,,,,,,,,,,,,,,,,,,,,,,0,,,
19685,"Alta Verapaz",16,"San Pedro Carchá",9,3007,380,,,,,,,,,,,,,,,,,,,,,,,,,,,,,,,,,0,,,
19686,"Alta Verapaz",16,"San Pedro Carchá",9,3007,380,,,,,,,,,,,,,,,,,,,,,,,,,,,,,,,,,0,,,
19687,"Alta Verapaz",16,"San Pedro Carchá",9,3007,380,,,,,,,,,,,,,,,,,,,,,,,,,,,,,,,,,0,,,
19688,"Alta Verapaz",16,"San Pedro Carchá",9,3007,380,,,,,,,,,,,,,,,,,,,,,,,,,,,,,,,,,0,,,
19689,"Alta Verapaz",16,"San Pedro Carchá",9,3007,380,,,,,,,,,,,,,,,,,,,,,,,,,,,,,,,,,0,,,
19690,"Alta Verapaz",16,"San Pedro Carchá",9,3007,380,,,,,,,,,,,,,,,,,,,,,,,,,,,,,,,,,0,,,
19691,"Alta Verapaz",16,"San Pedro Carchá",9,3007,380,,,,,,,,,,,,,,,,,,,,,,,,,,,,,,,,,0,,,
19692,"Alta Verapaz",16,"San Pedro Carchá",9,3007,380,,,,,,,,,,,,,,,,,,,,,,,,,,,,,,,,,0,,,
19693,"Alta Verapaz",16,"San Pedro Carchá",9,3007,380,,,,,,,,,,,,,,,,,,,,,,,,,,,,,,,,,0,,,
19694,"Alta Verapaz",16,"San Pedro Carchá",9,3007,380,,,,,,,,,,,,,,,,,,,,,,,,,,,,,,,,,0,,,
19695,"Alta Verapaz",16,"San Pedro Carchá",9,3007,233,48,0,20,0,0,34,0,6,0,0,0,0,0,1,0,0,0,0,0,109,4,1,114,0,114,--,233,119,109,114,114,Algún campo sin dato,1,497995586d98be5e88af5f8b1e24758b6e49993d31caf7678bdfb3483cbe0114,26/06/2023 00:00:00,ESCANER
19696,"Alta Verapaz",16,"San Pedro Carchá",9,3007,233,40,0,15,1,0,35,3,0,0,0,0,0,0,0,0,0,0,0,0,94,6,2,102,0,102,--,233,131,94,102,102,Algún campo sin dato,1,d578f3de9774ae022b733c55d3d031ff4c4e96beefb43c1d5adb12d5ea0aa521,25/06/2023 23:24:46,ESCANER
19697,"Alta Verapaz",16,"San Pedro Carchá",9,3008,380,,,,,,,,,,,,,,,,,,,,,,,,,,,,,,,,,0,,,
19698,"Alta Verapaz",16,"San Pedro Carchá",9,3008,380,,,,,,,,,,,,,,,,,,,,,,,,,,,,,,,,,0,,,
19699,"Alta Verapaz",16,"San Pedro Carchá",9,3008,380,,,,,,,,,,,,,,,,,,,,,,,,,,,,,,,,,0,,,
19700,"Alta Verapaz",16,"San Pedro Carchá",9,3008,380,,,,,,,,,,,,,,,,,,,,,,,,,,,,,,,,,0,,,
19701,"Alta Verapaz",16,"San Pedro Carchá",9,3008,380,,,,,,,,,,,,,,,,,,,,,,,,,,,,,,,,,0,,,
19702,"Alta Verapaz",16,"San Pedro Carchá",9,3008,380,,,,,,,,,,,,,,,,,,,,,,,,,,,,,,,,,0,,,
19703,"Alta Verapaz",16,"San Pedro Carchá",9,3008,380,,,,,,,,,,,,,,,,,,,,,,,,,,,,,,,,,0,,,
19704,"Alta Verapaz",16,"San Pedro Carchá",9,3008,380,,,,,,,,,,,,,,,,,,,,,,,,,,,,,,,,,0,,,
19705,"Alta Verapaz",16,"San Pedro Carchá",9,3008,380,,,,,,,,,,,,,,,,,,,,,,,,,,,,,,,,,0,,,
19706,"Alta Verapaz",16,"San Pedro Carchá",9,3008,233,,,,,,,,,,,,,,,,,,,,,,,,,,,,,,,,,0,,,
19707,"Alta Verapaz",16,"San Pedro Carchá",9,3008,233,,,,,,,,,,,,,,,,,,,,,,,,,,,,,,,,,0,,,
19708,"Alta Verapaz",16,"San Pedro Carchá",9,3009,380,,,,,,,,,,,,,,,,,,,,,,,,,,,,,,,,,0,,,
19709,"Alta Verapaz",16,"San Pedro Carchá",9,3009,380,,,,,,,,,,,,,,,,,,,,,,,,,,,,,,,,,0,,,
19710,"Alta Verapaz",16,"San Pedro Carchá",9,3009,380,,,,,,,,,,,,,,,,,,,,,,,,,,,,,,,,,0,,,
19711,"Alta Verapaz",16,"San Pedro Carchá",9,3009,380,,,,,,,,,,,,,,,,,,,,,,,,,,,,,,,,,0,,,
19712,"Alta Verapaz",16,"San Pedro Carchá",9,3009,196,,,,,,,,,,,,,,,,,,,,,,,,,,,,,,,,,0,,,
19713,"Alta Verapaz",16,"San Pedro Carchá",9,3009,195,8,3,12,0,0,15,1,1,0,0,1,0,0,1,2,1,0,0,0,45,3,2,50,1,51,--,192,141,45,50,51,Algún campo sin dato,1,eb13debcf30032df683b31f0992dbbc09545d0f1f703f48c0d765ee685ee8671,26/06/2023 00:15:47,ESCANER
19714,"Alta Verapaz",16,"San Pedro Carchá",9,3010,380,,,,,,,,,,,,,,,,,,,,,,,,,,,,,,,,,0,,,
19715,"Alta Verapaz",16,"San Pedro Carchá",9,3010,380,,,,,,,,,,,,,,,,,,,,,,,,,,,,,,,,,0,,,
19716,"Alta Verapaz",16,"San Pedro Carchá",9,3010,380,,,,,,,,,,,,,,,,,,,,,,,,,,,,,,,,,0,,,
19717,"Alta Verapaz",16,"San Pedro Carchá",9,3010,302,,,,,,,,,,,,,,,,,,,,,,,,,,,,,,,,,0,,,
19718,"Alta Verapaz",16,"San Pedro Carchá",9,3010,302,,,,,,,,,,,,,,,,,,,,,,,,,,,,,,,,,0,,,
19719,"Alta Verapaz",16,"San Pedro Carchá",9,3011,380,56,0,54,5,1,93,1,5,0,0,1,0,1,12,1,0,0,1,0,231,20,7,258,0,258,--,380,122,231,258,258,Algún campo sin dato,1,6f571b00ce6e6e41b82143fb5a27435648f57c4988ca28f866b9aaf5ec2f2d55,26/06/2023 00:20:16,ESCANER
19720,"Alta Verapaz",16,"San Pedro Carchá",9,3011,380,,,,,,,,,,,,,,,,,,,,,,,,,,,,,,,,,0,,,
19721,"Alta Verapaz",16,"San Pedro Carchá",9,3011,380,,,,,,,,,,,,,,,,,,,,,,,,,,,,,,,,,0,,,
19722,"Alta Verapaz",16,"San Pedro Carchá",9,3011,380,,,,,,,,,,,,,,,,,,,,,,,,,,,,,,,,,0,,,
19723,"Alta Verapaz",16,"San Pedro Carchá",9,3011,380,,,,,,,,,,,,,,,,,,,,,,,,,,,,,,,,,0,,,
19724,"Alta Verapaz",16,"San Pedro Carchá",9,3011,380,,,,,,,,,,,,,,,,,,,,,,,,,,,,,,,,,0,,,
19725,"Alta Verapaz",16,"San Pedro Carchá",9,3011,380,,,,,,,,,,,,,,,,,,,,,,,,,,,,,,,,,0,,,
19726,"Alta Verapaz",16,"San Pedro Carchá",9,3011,380,,,,,,,,,,,,,,,,,,,,,,,,,,,,,,,,,0,,,
19727,"Alta Verapaz",16,"San Pedro Carchá",9,3011,380,,,,,,,,,,,,,,,,,,,,,,,,,,,,,,,,,0,,,
19728,"Alta Verapaz",16,"San Pedro Carchá",9,3011,250,,,,,,,,,,,,,,,,,,,,,,,,,,,,,,,,,0,,,
19729,"Alta Verapaz",16,"San Pedro Carchá",9,3011,250,,,,,,,,,,,,,,,,,,,,,,,,,,,,,,,,,0,,,
19730,"Alta Verapaz",16,"San Pedro Carchá",9,3012,380,,,,,,,,,,,,,,,,,,,,,,,,,,,,,,,,,0,,,
19731,"Alta Verapaz",16,"San Pedro Carchá",9,3012,380,,,,,,,,,,,,,,,,,,,,,,,,,,,,,,,,,0,,,
19732,"Alta Verapaz",16,"San Pedro Carchá",9,3012,380,,,,,,,,,,,,,,,,,,,,,,,,,,,,,,,,,0,,,
19733,"Alta Verapaz",16,"San Pedro Carchá",9,3012,356,,,,,,,,,,,,,,,,,,,,,,,,,,,,,,,,,0,,,
19734,"Alta Verapaz",16,"San Pedro Carchá",9,3012,356,,,,,,,,,,,,,,,,,,,,,,,,,,,,,,,,,0,,,
19735,"Alta Verapaz",16,"San Pedro Carchá",9,3013,600,,,,,,,,,,,,,,,,,,,,,,,,,,,,,,,,,0,,,
19736,"Alta Verapaz",16,"San Pedro Carchá",9,3013,600,36,8,14,5,2,28,4,3,3,1,0,1,1,6,2,9,3,1,2,129,14,3,146,0,146,--,606,460,129,146,146,Algún campo sin dato,1,8bed9ad727e4b623dfc6d571116bbaa38b8ce30da7811fddabc0405114390dfb,26/06/2023 00:19:27,ESCANER
19737,"Alta Verapaz",16,"San Pedro Carchá",9,3013,600,,,,,,,,,,,,,,,,,,,,,,,,,,,,,,,,,0,,,
19738,"Alta Verapaz",16,"San Pedro Carchá",9,3013,412,24,4,15,3,1,17,5,2,1,0,2,0,0,2,0,3,2,0,1,82,10,4,96,0,96,--,412,316,82,96,96,Algún campo sin dato,1,cf50fec9feeeb9479acdb9cf45db6e80a26a05b73e59e88735fe62244adf9050,26/06/2023 00:03:42,ESCANER
19739,"Alta Verapaz",16,"San Pedro Carchá",9,3013,411,13,0,4,2,0,14,1,0,1,0,1,0,1,3,1,4,1,0,0,46,4,0,50,0,50,--,411,361,46,50,50,Algún campo sin dato,1,5ac7e0fa34f3f0bab526230998c2197e36c220a8f1f7487398df55582363cf7d,26/06/2023 00:15:22,ESCANER