﻿TIPO_DE_ELECCIÓN:,CORPORACIÓN MUNICIPAL
26 junio 2023 00:28 (UTC -6)
ACTAS_ESPERADAS,ACTAS_CAPTURADAS,PORCENTAJE_ACTAS_CAPTURADAS,ACTAS_CONTABILIZADAS,PORCENTAJE_ACTAS_CONTABILIZADAS,ACTAS_NO_CONTABILIZADAS,LISTA_NOMINAL_ACTAS_CONTABILIZADAS,VOTOS_EMITIDOS_CONTABILIZADAS,PORCENTAJE_PARTICIPACIÓN_CIUDADANA
48,6,12.5000,6,12.5000,0,2036,1105,54.2730

MESA,DEPARTAMENTO,ID_DEPARTAMENTO,MUNICIPIO,ID_MUNICIPIO,CENTRO_DE_VOTACIÓN,PADRÓN,CAMBIO,UNE,VAMOS,CABAL,AZUL,VALOR UNIONISTA,VÁLIDOS,NULOS,BLANCO,EMITIDOS,INVÁLIDOS,TOTAL,IMPUGNACIONES,PAPELETAS-RECIBIDAS,PAPELETAS-NO-USADAS,VALIDOS_CALCULADO,EMITIDOS_CALCULADO,TOTAL_CALCULADO,OBSERVACIONES,CONTABILIZADA,CÓDIGO_INTEGRIDAD,FECHA_HORA_PUBLICACIÓN,DIGITALIZACIÓN
23008,"Chiquimula",20,"Ipala",11,3615,400,,,,,,,,,,,,,,,,,,,,0,,,
23009,"Chiquimula",20,"Ipala",11,3615,400,,,,,,,,,,,,,,,,,,,,0,,,
23010,"Chiquimula",20,"Ipala",11,3615,400,,,,,,,,,,,,,,,,,,,,0,,,
23011,"Chiquimula",20,"Ipala",11,3615,400,,,,,,,,,,,,,,,,,,,,0,,,
23012,"Chiquimula",20,"Ipala",11,3615,216,,,,,,,,,,,,,,,,,,,,0,,,
23013,"Chiquimula",20,"Ipala",11,3615,215,,,,,,,,,,,,,,,,,,,,0,,,
23014,"Chiquimula",20,"Ipala",11,3616,400,,,,,,,,,,,,,,,,,,,,0,,,
23015,"Chiquimula",20,"Ipala",11,3616,400,,,,,,,,,,,,,,,,,,,,0,,,
23016,"Chiquimula",20,"Ipala",11,3616,205,,,,,,,,,,,,,,,,,,,,0,,,
23017,"Chiquimula",20,"Ipala",11,3616,204,,,,,,,,,,,,,,,,,,,,0,,,
23018,"Chiquimula",20,"Ipala",11,3617,400,,,,,,,,,,,,,,,,,,,,0,,,
23019,"Chiquimula",20,"Ipala",11,3617,400,,,,,,,,,,,,,,,,,,,,0,,,
23020,"Chiquimula",20,"Ipala",11,3617,400,,,,,,,,,,,,,,,,,,,,0,,,
23021,"Chiquimula",20,"Ipala",11,3617,217,,,,,,,,,,,,,,,,,,,,0,,,
23022,"Chiquimula",20,"Ipala",11,3617,217,,,,,,,,,,,,,,,,,,,,0,,,
23023,"Chiquimula",20,"Ipala",11,3618,400,,,,,,,,,,,,,,,,,,,,0,,,
23024,"Chiquimula",20,"Ipala",11,3618,325,,,,,,,,,,,,,,,,,,,,0,,,
23025,"Chiquimula",20,"Ipala",11,3618,325,,,,,,,,,,,,,,,,,,,,0,,,
23026,"Chiquimula",20,"Ipala",11,3619,400,,,,,,,,,,,,,,,,,,,,0,,,
23027,"Chiquimula",20,"Ipala",11,3619,400,,,,,,,,,,,,,,,,,,,,0,,,
23028,"Chiquimula",20,"Ipala",11,3619,400,,,,,,,,,,,,,,,,,,,,0,,,
23029,"Chiquimula",20,"Ipala",11,3619,318,,,,,,,,,,,,,,,,,,,,0,,,
23030,"Chiquimula",20,"Ipala",11,3619,318,,,,,,,,,,,,,,,,,,,,0,,,
23031,"Chiquimula",20,"Ipala",11,3620,400,,,,,,,,,,,,,,,,,,,,0,,,
23032,"Chiquimula",20,"Ipala",11,3620,400,,,,,,,,,,,,,,,,,,,,0,,,
23033,"Chiquimula",20,"Ipala",11,3620,400,,,,,,,,,,,,,,,,,,,,0,,,
23034,"Chiquimula",20,"Ipala",11,3620,276,,,,,,,,,,,,,,,,,,,,0,,,
23035,"Chiquimula",20,"Ipala",11,3620,275,,,,,,,,,,,,,,,,,,,,0,,,
23036,"Chiquimula",20,"Ipala",11,3621,286,,,,,,,,,,,,,,,,,,,,0,,,
23037,"Chiquimula",20,"Ipala",11,3622,400,,,,,,,,,,,,,,,,,,,,0,,,
23038,"Chiquimula",20,"Ipala",11,3622,400,,,,,,,,,,,,,,,,,,,,0,,,
23039,"Chiquimula",20,"Ipala",11,3622,400,,,,,,,,,,,,,,,,,,,,0,,,
23040,"Chiquimula",20,"Ipala",11,3622,319,,,,,,,,,,,,,,,,,,,,0,,,
23041,"Chiquimula",20,"Ipala",11,3622,319,,,,,,,,,,,,,,,,,,,,0,,,
23042,"Chiquimula",20,"Ipala",11,3623,400,,,,,,,,,,,,,,,,,,,,0,,,
23043,"Chiquimula",20,"Ipala",11,3623,400,,,,,,,,,,,,,,,,,,,,0,,,
23044,"Chiquimula",20,"Ipala",11,3623,400,,,,,,,,,,,,,,,,,,,,0,,,
23045,"Chiquimula",20,"Ipala",11,3623,256,,,,,,,,,,,,,,,,,,,,0,,,
23046,"Chiquimula",20,"Ipala",11,3623,255,,,,,,,,,,,,,,,,,,,,0,,,
23047,"Chiquimula",20,"Ipala",11,3624,380,134,23,20,3,4,5,189,16,8,213,1,214,--,380,166,189,213,214,Algún campo sin dato,1,b7873621d54bc8988599002b3988ef4ce725ebba5295af2c3aa5e4da2418f0db,25/06/2023 23:53:06,ESCANER
23048,"Chiquimula",20,"Ipala",11,3624,380,125,20,26,2,7,2,182,12,8,202,0,202,--,380,178,182,202,202,Algún campo sin dato,1,20c197b0462f37329df7ed190f89322823f56a03277490c7a91b38099db0ff75,25/06/2023 23:15:02,ESCANER
23049,"Chiquimula",20,"Ipala",11,3624,380,175,17,23,5,8,2,230,26,3,259,0,259,--,380,121,230,259,259,Algún campo sin dato,1,be543d74915eba359f26ee6b89f0f0e02d9d040e69339f9c2171078356273d57,26/06/2023 00:20:30,ESCANER
23050,"Chiquimula",20,"Ipala",11,3624,380,117,19,29,3,3,1,172,5,0,177,0,177,--,380,203,172,177,177,Algún campo sin dato,1,7498700e641008e0c8e1c52e9dd7cffb89ae6a30a4224dc520c70be767d67b3d,26/06/2023 00:07:24,ESCANER
23051,"Chiquimula",20,"Ipala",11,3624,258,85,11,13,1,3,2,115,7,3,125,0,125,--,258,133,115,125,125,Algún campo sin dato,1,15e94784a533472dead2fe7087ac3fd9248f7c52838a3da04661aa3e38c2d5e2,25/06/2023 23:09:58,ESCANER
23052,"Chiquimula",20,"Ipala",11,3624,258,93,12,16,1,6,0,128,0,1,129,0,129,--,258,129,128,129,129,Algún campo sin dato,1,f1a83a4c7323d514166805edc3e5d76071231360011d39687769a3041d8a3755,25/06/2023 23:45:32,ESCANER
23053,"Chiquimula",20,"Ipala",11,3625,600,,,,,,,,,,,,,,,,,,,,0,,,
23054,"Chiquimula",20,"Ipala",11,3625,393,,,,,,,,,,,,,,,,,,,,0,,,
23055,"Chiquimula",20,"Ipala",11,3625,392,,,,,,,,,,,,,,,,,,,,0,,,