﻿TIPO_DE_ELECCIÓN:,CORPORACIÓN MUNICIPAL
26 junio 2023 00:28 (UTC -6)
ACTAS_ESPERADAS,ACTAS_CAPTURADAS,PORCENTAJE_ACTAS_CAPTURADAS,ACTAS_CONTABILIZADAS,PORCENTAJE_ACTAS_CONTABILIZADAS,ACTAS_NO_CONTABILIZADAS,LISTA_NOMINAL_ACTAS_CONTABILIZADAS,VOTOS_EMITIDOS_CONTABILIZADAS,PORCENTAJE_PARTICIPACIÓN_CIUDADANA
41,6,14.6341,6,14.6341,0,2196,993,45.2185

MESA,DEPARTAMENTO,ID_DEPARTAMENTO,MUNICIPIO,ID_MUNICIPIO,CENTRO_DE_VOTACIÓN,PADRÓN,VIVA,VAMOS,UNE,CABAL,PHG,PPN,CAMBIO,TODOS,VALOR UNIONISTA,VÁLIDOS,NULOS,BLANCO,EMITIDOS,INVÁLIDOS,TOTAL,IMPUGNACIONES,PAPELETAS-RECIBIDAS,PAPELETAS-NO-USADAS,VALIDOS_CALCULADO,EMITIDOS_CALCULADO,TOTAL_CALCULADO,OBSERVACIONES,CONTABILIZADA,CÓDIGO_INTEGRIDAD,FECHA_HORA_PUBLICACIÓN,DIGITALIZACIÓN
11626,"Quetzaltenango",9,"Flores Costa Cuca",22,1554,400,,,,,,,,,,,,,,,,,,,,,,,0,,,
11627,"Quetzaltenango",9,"Flores Costa Cuca",22,1554,400,,,,,,,,,,,,,,,,,,,,,,,0,,,
11628,"Quetzaltenango",9,"Flores Costa Cuca",22,1554,400,,,,,,,,,,,,,,,,,,,,,,,0,,,
11629,"Quetzaltenango",9,"Flores Costa Cuca",22,1555,400,,,,,,,,,,,,,,,,,,,,,,,0,,,
11630,"Quetzaltenango",9,"Flores Costa Cuca",22,1555,400,,,,,,,,,,,,,,,,,,,,,,,0,,,
11631,"Quetzaltenango",9,"Flores Costa Cuca",22,1555,400,,,,,,,,,,,,,,,,,,,,,,,0,,,
11632,"Quetzaltenango",9,"Flores Costa Cuca",22,1555,400,,,,,,,,,,,,,,,,,,,,,,,0,,,
11633,"Quetzaltenango",9,"Flores Costa Cuca",22,1556,400,28,87,8,1,8,0,0,1,79,212,12,1,225,0,225,--,400,175,212,225,225,Algún campo sin dato,1,283a20a072477c7b6d1e987b4b03563822e2cd9f022bb00e7e4adeaa2aeb5916,25/06/2023 23:04:29,ESCANER
11634,"Quetzaltenango",9,"Flores Costa Cuca",22,1556,400,26,104,6,1,3,0,0,0,97,237,3,0,240,0,240,--,400,160,237,240,240,Algún campo sin dato,1,35f617d058a46f5e54f46f72fd992b5dcffa4e4dbd6d7f86ac421b0426c5ff47,25/06/2023 23:06:14,ESCANER
11635,"Quetzaltenango",9,"Flores Costa Cuca",22,1556,207,8,77,7,0,1,0,0,0,44,137,0,0,137,0,137,--,--,--,137,137,137,Algún campo sin dato,1,e6c23f140671f18bc37a750bc17a6866bb519a738536788356221bd293c80715,25/06/2023 23:13:31,ESCANER
11636,"Quetzaltenango",9,"Flores Costa Cuca",22,1556,207,15,53,3,1,8,--,--,--,43,123,3,0,126,0,126,--,207,81,123,126,126,Algún campo sin dato,1,673435468961f4b37bfbcc3936501df975971ce2b9e36e7ac6a0b23b43b4de5d,25/06/2023 23:32:04,ESCANER
11637,"Quetzaltenango",9,"Flores Costa Cuca",22,1557,380,,,,,,,,,,,,,,,,,,,,,,,0,,,
11638,"Quetzaltenango",9,"Flores Costa Cuca",22,1557,380,,,,,,,,,,,,,,,,,,,,,,,0,,,
11639,"Quetzaltenango",9,"Flores Costa Cuca",22,1557,380,,,,,,,,,,,,,,,,,,,,,,,0,,,
11640,"Quetzaltenango",9,"Flores Costa Cuca",22,1557,227,,,,,,,,,,,,,,,,,,,,,,,0,,,
11641,"Quetzaltenango",9,"Flores Costa Cuca",22,1557,226,,,,,,,,,,,,,,,,,,,,,,,0,,,
11642,"Quetzaltenango",9,"Flores Costa Cuca",22,1558,380,,,,,,,,,,,,,,,,,,,,,,,0,,,
11643,"Quetzaltenango",9,"Flores Costa Cuca",22,1558,380,,,,,,,,,,,,,,,,,,,,,,,0,,,
11644,"Quetzaltenango",9,"Flores Costa Cuca",22,1558,380,,,,,,,,,,,,,,,,,,,,,,,0,,,
11645,"Quetzaltenango",9,"Flores Costa Cuca",22,1558,380,,,,,,,,,,,,,,,,,,,,,,,0,,,
11646,"Quetzaltenango",9,"Flores Costa Cuca",22,1558,380,,,,,,,,,,,,,,,,,,,,,,,0,,,
11647,"Quetzaltenango",9,"Flores Costa Cuca",22,1558,320,,,,,,,,,,,,,,,,,,,,,,,0,,,
11648,"Quetzaltenango",9,"Flores Costa Cuca",22,1558,319,,,,,,,,,,,,,,,,,,,,,,,0,,,
11649,"Quetzaltenango",9,"Flores Costa Cuca",22,1559,380,,,,,,,,,,,,,,,,,,,,,,,0,,,
11650,"Quetzaltenango",9,"Flores Costa Cuca",22,1559,380,,,,,,,,,,,,,,,,,,,,,,,0,,,
11651,"Quetzaltenango",9,"Flores Costa Cuca",22,1559,246,,,,,,,,,,,,,,,,,,,,,,,0,,,
11652,"Quetzaltenango",9,"Flores Costa Cuca",22,1559,245,,,,,,,,,,,,,,,,,,,,,,,0,,,
11653,"Quetzaltenango",9,"Flores Costa Cuca",22,1560,300,,,,,,,,,,,,,,,,,,,,,,,0,,,
11654,"Quetzaltenango",9,"Flores Costa Cuca",22,1560,299,,,,,,,,,,,,,,,,,,,,,,,0,,,
11655,"Quetzaltenango",9,"Flores Costa Cuca",22,1561,380,,,,,,,,,,,,,,,,,,,,,,,0,,,
11656,"Quetzaltenango",9,"Flores Costa Cuca",22,1561,380,,,,,,,,,,,,,,,,,,,,,,,0,,,
11657,"Quetzaltenango",9,"Flores Costa Cuca",22,1561,380,,,,,,,,,,,,,,,,,,,,,,,0,,,
11658,"Quetzaltenango",9,"Flores Costa Cuca",22,1561,380,,,,,,,,,,,,,,,,,,,,,,,0,,,
11659,"Quetzaltenango",9,"Flores Costa Cuca",22,1561,243,,,,,,,,,,,,,,,,,,,,,,,0,,,
11660,"Quetzaltenango",9,"Flores Costa Cuca",22,1561,242,,,,,,,,,,,,,,,,,,,,,,,0,,,
11661,"Quetzaltenango",9,"Flores Costa Cuca",22,1562,380,,,,,,,,,,,,,,,,,,,,,,,0,,,
11662,"Quetzaltenango",9,"Flores Costa Cuca",22,1562,359,,,,,,,,,,,,,,,,,,,,,,,0,,,
11663,"Quetzaltenango",9,"Flores Costa Cuca",22,1562,358,,,,,,,,,,,,,,,,,,,,,,,0,,,
11664,"Quetzaltenango",9,"Flores Costa Cuca",22,1563,600,18,69,11,2,1,3,0,1,64,169,2,9,180,11,191,--,598,407,169,180,191,Algún campo sin dato,1,41261f45741570c0bb3802783fa36ea1344b3e6a2c066da4ce92c40393926af7,26/06/2023 00:17:01,ESCANER
11665,"Quetzaltenango",9,"Flores Costa Cuca",22,1563,382,9,35,3,1,3,0,0,1,25,77,5,3,85,0,85,--,382,297,77,85,85,Algún campo sin dato,1,166f14bb2e11344cb9826543a7ea039c31a22f5e894eaf352dcddc72d06cd150,26/06/2023 00:27:49,ESCANER
11666,"Quetzaltenango",9,"Flores Costa Cuca",22,1563,382,,,,,,,,,,,,,,,,,,,,,,,0,,,