﻿TIPO_DE_ELECCIÓN:,CORPORACIÓN MUNICIPAL
26 junio 2023 00:28 (UTC -6)
ACTAS_ESPERADAS,ACTAS_CAPTURADAS,PORCENTAJE_ACTAS_CAPTURADAS,ACTAS_CONTABILIZADAS,PORCENTAJE_ACTAS_CONTABILIZADAS,ACTAS_NO_CONTABILIZADAS,LISTA_NOMINAL_ACTAS_CONTABILIZADAS,VOTOS_EMITIDOS_CONTABILIZADAS,PORCENTAJE_PARTICIPACIÓN_CIUDADANA
42,1,2.3809,1,2.3809,0,316,215,68.0379

MESA,DEPARTAMENTO,ID_DEPARTAMENTO,MUNICIPIO,ID_MUNICIPIO,CENTRO_DE_VOTACIÓN,PADRÓN,CABAL,VAMOS,CAMBIO,VIVA,UNE,ELEFANTE,MLP,TODOS,PODEMOS,VÁLIDOS,NULOS,BLANCO,EMITIDOS,INVÁLIDOS,TOTAL,IMPUGNACIONES,PAPELETAS-RECIBIDAS,PAPELETAS-NO-USADAS,VALIDOS_CALCULADO,EMITIDOS_CALCULADO,TOTAL_CALCULADO,OBSERVACIONES,CONTABILIZADA,CÓDIGO_INTEGRIDAD,FECHA_HORA_PUBLICACIÓN,DIGITALIZACIÓN
22768,"Chiquimula",20,"Olopa",6,3569,400,,,,,,,,,,,,,,,,,,,,,,,0,,,
22769,"Chiquimula",20,"Olopa",6,3569,400,,,,,,,,,,,,,,,,,,,,,,,0,,,
22770,"Chiquimula",20,"Olopa",6,3569,400,,,,,,,,,,,,,,,,,,,,,,,0,,,
22771,"Chiquimula",20,"Olopa",6,3569,400,,,,,,,,,,,,,,,,,,,,,,,0,,,
22772,"Chiquimula",20,"Olopa",6,3569,400,,,,,,,,,,,,,,,,,,,,,,,0,,,
22773,"Chiquimula",20,"Olopa",6,3569,400,,,,,,,,,,,,,,,,,,,,,,,0,,,
22774,"Chiquimula",20,"Olopa",6,3569,400,,,,,,,,,,,,,,,,,,,,,,,0,,,
22775,"Chiquimula",20,"Olopa",6,3569,400,,,,,,,,,,,,,,,,,,,,,,,0,,,
22776,"Chiquimula",20,"Olopa",6,3569,400,,,,,,,,,,,,,,,,,,,,,,,0,,,
22777,"Chiquimula",20,"Olopa",6,3569,400,,,,,,,,,,,,,,,,,,,,,,,0,,,
22778,"Chiquimula",20,"Olopa",6,3570,400,,,,,,,,,,,,,,,,,,,,,,,0,,,
22779,"Chiquimula",20,"Olopa",6,3570,400,,,,,,,,,,,,,,,,,,,,,,,0,,,
22780,"Chiquimula",20,"Olopa",6,3570,307,,,,,,,,,,,,,,,,,,,,,,,0,,,
22781,"Chiquimula",20,"Olopa",6,3570,307,,,,,,,,,,,,,,,,,,,,,,,0,,,
22782,"Chiquimula",20,"Olopa",6,3571,380,,,,,,,,,,,,,,,,,,,,,,,0,,,
22783,"Chiquimula",20,"Olopa",6,3571,380,,,,,,,,,,,,,,,,,,,,,,,0,,,
22784,"Chiquimula",20,"Olopa",6,3571,380,,,,,,,,,,,,,,,,,,,,,,,0,,,
22785,"Chiquimula",20,"Olopa",6,3571,380,,,,,,,,,,,,,,,,,,,,,,,0,,,
22786,"Chiquimula",20,"Olopa",6,3571,380,,,,,,,,,,,,,,,,,,,,,,,0,,,
22787,"Chiquimula",20,"Olopa",6,3571,380,,,,,,,,,,,,,,,,,,,,,,,0,,,
22788,"Chiquimula",20,"Olopa",6,3571,380,,,,,,,,,,,,,,,,,,,,,,,0,,,
22789,"Chiquimula",20,"Olopa",6,3571,380,,,,,,,,,,,,,,,,,,,,,,,0,,,
22790,"Chiquimula",20,"Olopa",6,3571,341,,,,,,,,,,,,,,,,,,,,,,,0,,,
22791,"Chiquimula",20,"Olopa",6,3571,340,,,,,,,,,,,,,,,,,,,,,,,0,,,
22792,"Chiquimula",20,"Olopa",6,3572,380,,,,,,,,,,,,,,,,,,,,,,,0,,,
22793,"Chiquimula",20,"Olopa",6,3572,380,,,,,,,,,,,,,,,,,,,,,,,0,,,
22794,"Chiquimula",20,"Olopa",6,3572,380,,,,,,,,,,,,,,,,,,,,,,,0,,,
22795,"Chiquimula",20,"Olopa",6,3572,380,,,,,,,,,,,,,,,,,,,,,,,0,,,
22796,"Chiquimula",20,"Olopa",6,3572,380,,,,,,,,,,,,,,,,,,,,,,,0,,,
22797,"Chiquimula",20,"Olopa",6,3572,380,,,,,,,,,,,,,,,,,,,,,,,0,,,
22798,"Chiquimula",20,"Olopa",6,3572,380,,,,,,,,,,,,,,,,,,,,,,,0,,,
22799,"Chiquimula",20,"Olopa",6,3572,380,,,,,,,,,,,,,,,,,,,,,,,0,,,
22800,"Chiquimula",20,"Olopa",6,3572,380,,,,,,,,,,,,,,,,,,,,,,,0,,,
22801,"Chiquimula",20,"Olopa",6,3572,316,,,,,,,,,,,,,,,,,,,,,,,0,,,
22802,"Chiquimula",20,"Olopa",6,3572,316,21,74,55,19,23,12,2,2,0,208,4,3,215,0,215,--,316,101,208,215,215,Algún campo sin dato,1,1072fc662dafa20a2a660c6747fba2897aef972d0657e55c10160e3fa9fe484d,25/06/2023 23:38:27,ESCANER
22803,"Chiquimula",20,"Olopa",6,3573,380,,,,,,,,,,,,,,,,,,,,,,,0,,,
22804,"Chiquimula",20,"Olopa",6,3573,380,,,,,,,,,,,,,,,,,,,,,,,0,,,
22805,"Chiquimula",20,"Olopa",6,3573,380,,,,,,,,,,,,,,,,,,,,,,,0,,,
22806,"Chiquimula",20,"Olopa",6,3573,380,,,,,,,,,,,,,,,,,,,,,,,0,,,
22807,"Chiquimula",20,"Olopa",6,3573,380,,,,,,,,,,,,,,,,,,,,,,,0,,,
22808,"Chiquimula",20,"Olopa",6,3573,357,,,,,,,,,,,,,,,,,,,,,,,0,,,
22809,"Chiquimula",20,"Olopa",6,3573,356,,,,,,,,,,,,,,,,,,,,,,,0,,,