﻿TIPO_DE_ELECCIÓN:,CORPORACIÓN MUNICIPAL
26 junio 2023 00:28 (UTC -6)
ACTAS_ESPERADAS,ACTAS_CAPTURADAS,PORCENTAJE_ACTAS_CAPTURADAS,ACTAS_CONTABILIZADAS,PORCENTAJE_ACTAS_CONTABILIZADAS,ACTAS_NO_CONTABILIZADAS,LISTA_NOMINAL_ACTAS_CONTABILIZADAS,VOTOS_EMITIDOS_CONTABILIZADAS,PORCENTAJE_PARTICIPACIÓN_CIUDADANA
122,60,49.1803,60,49.1803,0,21898,13048,59.5853

MESA,DEPARTAMENTO,ID_DEPARTAMENTO,MUNICIPIO,ID_MUNICIPIO,CENTRO_DE_VOTACIÓN,PADRÓN,CABAL,VAMOS,BIEN,UNE,SEMILLA,PPG,PR,AZUL,CREO,VALOR,VICTORIA,FCN-NACION,UR,CAMBIO,P A N,PODEMOS,MLP,UNIONISTA,PPN,VÁLIDOS,NULOS,BLANCO,EMITIDOS,INVÁLIDOS,TOTAL,IMPUGNACIONES,PAPELETAS-RECIBIDAS,PAPELETAS-NO-USADAS,VALIDOS_CALCULADO,EMITIDOS_CALCULADO,TOTAL_CALCULADO,OBSERVACIONES,CONTABILIZADA,CÓDIGO_INTEGRIDAD,FECHA_HORA_PUBLICACIÓN,DIGITALIZACIÓN
2175,"Guatemala",1,"San José Pinula",3,173,400,,,,,,,,,,,,,,,,,,,,,,,,,,,,,,,,,0,,,
2176,"Guatemala",1,"San José Pinula",3,173,400,89,13,8,50,8,4,4,20,7,25,3,1,4,1,0,1,1,4,3,246,14,1,261,0,261,--,400,139,246,261,261,Algún campo sin dato,1,7a31455b2acd1319982d22e3baa99eb06a19e880445d8ed2e2984297d8b7a795,25/06/2023 23:46:47,ESCANER
2177,"Guatemala",1,"San José Pinula",3,173,400,,,,,,,,,,,,,,,,,,,,,,,,,,,,,,,,,0,,,
2178,"Guatemala",1,"San José Pinula",3,173,400,,,,,,,,,,,,,,,,,,,,,,,,,,,,,,,,,0,,,
2179,"Guatemala",1,"San José Pinula",3,173,400,,,,,,,,,,,,,,,,,,,,,,,,,,,,,,,,,0,,,
2180,"Guatemala",1,"San José Pinula",3,173,400,,,,,,,,,,,,,,,,,,,,,,,,,,,,,,,,,0,,,
2181,"Guatemala",1,"San José Pinula",3,173,400,60,10,9,56,15,3,7,29,8,37,1,1,5,0,2,1,2,3,7,256,18,4,278,0,278,--,400,122,256,278,278,Algún campo sin dato,1,6f5845dca999c772bdf1b2f94c4f71b60319f539df723610051d2e3d1ea84c79,26/06/2023 00:25:28,ESCANER
2182,"Guatemala",1,"San José Pinula",3,173,400,,,,,,,,,,,,,,,,,,,,,,,,,,,,,,,,,0,,,
2183,"Guatemala",1,"San José Pinula",3,173,400,,,,,,,,,,,,,,,,,,,,,,,,,,,,,,,,,0,,,
2184,"Guatemala",1,"San José Pinula",3,173,400,,,,,,,,,,,,,,,,,,,,,,,,,,,,,,,,,0,,,
2185,"Guatemala",1,"San José Pinula",3,173,400,79,8,10,46,14,3,4,31,12,44,1,1,6,0,2,1,3,6,4,275,21,5,301,0,301,--,416,115,275,301,301,Algún campo sin dato,1,14ac503e559d6f57091c3e8731f632c00244db6b18aed2b831bd970ecc390524,25/06/2023 23:58:24,ESCANER
2186,"Guatemala",1,"San José Pinula",3,174,400,75,9,11,48,12,2,5,27,8,50,3,0,6,0,0,1,5,3,11,276,7,2,285,0,285,--,400,115,276,285,285,Algún campo sin dato,1,7983223e3a9edb4c23204abe3ef230594bc214dfa6003730f1b574f9871f9534,26/06/2023 00:20:01,ESCANER
2187,"Guatemala",1,"San José Pinula",3,174,400,78,9,12,40,14,1,4,31,8,24,0,0,4,0,0,0,3,7,3,238,8,1,247,0,247,--,400,153,238,247,247,Algún campo sin dato,1,b65a7dd2ad208754ecde57cd66ffe0bf1ed1130d28ec73a639dc542fa75d5b21,26/06/2023 00:07:31,ESCANER
2188,"Guatemala",1,"San José Pinula",3,174,400,69,5,4,58,16,2,4,26,7,33,2,1,4,1,0,0,0,8,6,246,2,1,249,0,249,--,400,151,246,249,249,Algún campo sin dato,1,90e8f583ea9d691b55c0ab4c2af0ef25c3e69559af595e67fbb5cc7b126b2706,26/06/2023 00:25:04,ESCANER
2189,"Guatemala",1,"San José Pinula",3,174,400,,,,,,,,,,,,,,,,,,,,,,,,,,,,,,,,,0,,,
2190,"Guatemala",1,"San José Pinula",3,174,400,,,,,,,,,,,,,,,,,,,,,,,,,,,,,,,,,0,,,
2191,"Guatemala",1,"San José Pinula",3,174,400,,,,,,,,,,,,,,,,,,,,,,,,,,,,,,,,,0,,,
2192,"Guatemala",1,"San José Pinula",3,174,400,69,7,11,44,15,4,6,29,8,41,1,0,4,2,2,1,2,5,3,254,5,1,260,0,260,--,397,137,254,260,260,Algún campo sin dato,1,73881bc4dac4cc85061c7d9c495a33cd0181c50cdaf8a9882fe19c0e471755b3,25/06/2023 23:49:21,ESCANER
2193,"Guatemala",1,"San José Pinula",3,174,400,,,,,,,,,,,,,,,,,,,,,,,,,,,,,,,,,0,,,
2194,"Guatemala",1,"San José Pinula",3,174,400,,,,,,,,,,,,,,,,,,,,,,,,,,,,,,,,,0,,,
2195,"Guatemala",1,"San José Pinula",3,174,400,,,,,,,,,,,,,,,,,,,,,,,,,,,,,,,,,0,,,
2196,"Guatemala",1,"San José Pinula",3,174,400,,,,,,,,,,,,,,,,,,,,,,,,,,,,,,,,,0,,,
2197,"Guatemala",1,"San José Pinula",3,175,400,,,,,,,,,,,,,,,,,,,,,,,,,,,,,,,,,0,,,
2198,"Guatemala",1,"San José Pinula",3,175,400,56,8,12,40,17,3,10,27,11,40,2,0,4,0,1,0,1,8,2,242,11,2,255,0,255,--,400,145,242,255,255,Algún campo sin dato,1,713786ca854dbcbca0832f8b30d40e53d9cec6ce9fc082d77873a4de40b83232,25/06/2023 23:13:03,ESCANER
2199,"Guatemala",1,"San José Pinula",3,175,400,55,8,10,38,9,4,7,33,8,34,0,1,6,1,3,0,3,3,8,231,14,0,245,0,245,--,400,155,231,245,245,Algún campo sin dato,1,2d4a387e3cc44dc6d7c7398234e0443a386b72cd6e6c390eb59a8c8aaf770b2a,25/06/2023 22:53:43,ESCANER
2200,"Guatemala",1,"San José Pinula",3,175,400,64,1,8,39,19,1,6,35,8,30,2,0,5,0,0,2,1,6,4,231,6,0,237,0,237,--,400,163,231,237,237,Algún campo sin dato,1,85669d4ef55a66dc8c8b2197fea33eebaa8b185612f4c6f2b36255ebe228c9d0,25/06/2023 22:40:16,ESCANER
2201,"Guatemala",1,"San José Pinula",3,175,400,52,7,6,43,16,2,0,36,7,22,2,0,3,0,0,1,5,3,4,209,4,0,213,0,213,--,400,187,209,213,213,Algún campo sin dato,1,8f0ac59325d6682c27beb0bdd189e1331a91c69e7aad4ad62f10c86c4366d03f,25/06/2023 22:13:48,ESCANER
2202,"Guatemala",1,"San José Pinula",3,175,400,35,9,10,25,58,6,3,36,14,24,0,0,7,0,1,1,2,13,5,249,6,0,255,0,255,--,400,145,249,255,255,Algún campo sin dato,1,8b3ed0fcc459fd14dd1c3c48abccbd248df1c3ffcdaba7d392413c1a374489bf,26/06/2023 00:19:13,ESCANER
2203,"Guatemala",1,"San José Pinula",3,175,400,76,8,7,41,9,5,3,25,3,30,1,0,3,0,0,0,3,2,7,223,7,0,230,0,230,--,400,170,223,230,230,Algún campo sin dato,1,a171434d8d651da60296b9f18d73ac0313fe213305792f764b1e9ba54590adcf,26/06/2023 00:13:30,ESCANER
2204,"Guatemala",1,"San José Pinula",3,175,400,,,,,,,,,,,,,,,,,,,,,,,,,,,,,,,,,0,,,
2205,"Guatemala",1,"San José Pinula",3,175,400,,,,,,,,,,,,,,,,,,,,,,,,,,,,,,,,,0,,,
2206,"Guatemala",1,"San José Pinula",3,175,209,17,5,4,18,17,1,2,15,4,12,0,0,4,1,0,1,1,5,1,108,1,0,109,0,109,--,206,97,108,109,109,Algún campo sin dato,1,f8569361058a21bda000c89b97ec466d206899853ec02a0034582edde4730f14,25/06/2023 22:00:34,ESCANER
2207,"Guatemala",1,"San José Pinula",3,175,209,,,,,,,,,,,,,,,,,,,,,,,,,,,,,,,,,0,,,
2208,"Guatemala",1,"San José Pinula",3,176,400,,,,,,,,,,,,,,,,,,,,,,,,,,,,,,,,,0,,,
2209,"Guatemala",1,"San José Pinula",3,176,400,,,,,,,,,,,,,,,,,,,,,,,,,,,,,,,,,0,,,
2210,"Guatemala",1,"San José Pinula",3,176,400,78,5,7,41,6,5,3,29,6,55,2,0,2,0,0,0,3,2,11,255,22,2,279,0,279,--,400,121,255,279,279,Algún campo sin dato,1,14dda9cec34cc5b663509b46f5d26089b72e449c7fa9a6e4689de45511cc8a18,26/06/2023 00:08:35,ESCANER
2211,"Guatemala",1,"San José Pinula",3,176,400,,,,,,,,,,,,,,,,,,,,,,,,,,,,,,,,,0,,,
2212,"Guatemala",1,"San José Pinula",3,176,400,,,,,,,,,,,,,,,,,,,,,,,,,,,,,,,,,0,,,
2213,"Guatemala",1,"San José Pinula",3,176,400,,,,,,,,,,,,,,,,,,,,,,,,,,,,,,,,,0,,,
2214,"Guatemala",1,"San José Pinula",3,177,400,,,,,,,,,,,,,,,,,,,,,,,,,,,,,,,,,0,,,
2215,"Guatemala",1,"San José Pinula",3,177,400,,,,,,,,,,,,,,,,,,,,,,,,,,,,,,,,,0,,,
2216,"Guatemala",1,"San José Pinula",3,177,400,,,,,,,,,,,,,,,,,,,,,,,,,,,,,,,,,0,,,
2217,"Guatemala",1,"San José Pinula",3,177,400,,,,,,,,,,,,,,,,,,,,,,,,,,,,,,,,,0,,,
2218,"Guatemala",1,"San José Pinula",3,177,400,,,,,,,,,,,,,,,,,,,,,,,,,,,,,,,,,0,,,
2219,"Guatemala",1,"San José Pinula",3,177,400,,,,,,,,,,,,,,,,,,,,,,,,,,,,,,,,,0,,,
2220,"Guatemala",1,"San José Pinula",3,178,400,73,8,9,34,16,4,2,29,9,44,1,2,3,0,0,0,2,3,3,242,19,2,263,0,263,--,400,137,242,263,263,Algún campo sin dato,1,77ae044dc32e32a3a00d0a4715f7664d6526c97e350532d0acd2fe1dfdeb0d1a,25/06/2023 23:53:55,ESCANER
2221,"Guatemala",1,"San José Pinula",3,178,400,,,,,,,,,,,,,,,,,,,,,,,,,,,,,,,,,0,,,
2222,"Guatemala",1,"San José Pinula",3,178,400,68,9,5,43,14,1,11,31,6,42,1,2,2,0,0,1,6,9,12,263,10,2,275,0,275,--,400,125,263,275,275,Algún campo sin dato,1,06677d76d2d725fd24e864597530ee9a53bba089826f8006d98f89b1e89cc4cb,26/06/2023 00:15:58,ESCANER
2223,"Guatemala",1,"San José Pinula",3,178,400,80,7,10,42,14,3,6,30,6,47,2,0,5,1,1,0,4,6,10,274,4,2,280,0,280,--,400,120,274,280,280,Algún campo sin dato,1,08a29c8f53adb623938ebf60abe0feac4a44fbb8ce90e803f8638d5b6707f986,25/06/2023 23:41:09,ESCANER
2224,"Guatemala",1,"San José Pinula",3,178,400,76,7,8,43,11,1,3,33,11,34,2,1,0,1,0,0,3,6,10,250,10,2,262,0,262,--,400,138,250,262,262,Algún campo sin dato,1,27e8c2a16afb8133b1fdae85f3806219136dfc44ec6193fee5b302feaecc28f7,26/06/2023 00:18:40,ESCANER
2225,"Guatemala",1,"San José Pinula",3,178,400,56,11,5,30,14,1,4,35,7,45,0,0,2,0,1,1,2,1,14,229,11,2,242,0,242,--,400,158,229,242,242,Algún campo sin dato,1,f4a8cfcacb699dacfcf19229d206956660c9d6f45b9fcffecee8e9f0de53a3b7,26/06/2023 00:06:17,ESCANER
2226,"Guatemala",1,"San José Pinula",3,179,400,74,2,4,42,10,3,2,31,11,38,0,1,5,0,1,1,2,2,6,235,10,3,248,0,248,--,400,152,235,248,248,Algún campo sin dato,1,529f0068b8884ffb7adf766c222db3e249aacdefdc2d11b0d722b5c244e9e16c,25/06/2023 23:32:42,ESCANER
2227,"Guatemala",1,"San José Pinula",3,179,400,,,,,,,,,,,,,,,,,,,,,,,,,,,,,,,,,0,,,
2228,"Guatemala",1,"San José Pinula",3,180,400,75,6,4,40,30,7,7,36,11,38,0,0,2,0,1,0,0,3,6,266,4,0,270,0,270,--,400,130,266,270,270,Algún campo sin dato,1,30f4ba9a426fd4359cea164d7a9cfd818dfa6eabb0407d4f28b43ec41d65777c,25/06/2023 23:46:17,ESCANER
2229,"Guatemala",1,"San José Pinula",3,180,400,,,,,,,,,,,,,,,,,,,,,,,,,,,,,,,,,0,,,
2230,"Guatemala",1,"San José Pinula",3,180,400,,,,,,,,,,,,,,,,,,,,,,,,,,,,,,,,,0,,,
2231,"Guatemala",1,"San José Pinula",3,180,303,,,,,,,,,,,,,,,,,,,,,,,,,,,,,,,,,0,,,
2232,"Guatemala",1,"San José Pinula",3,180,302,45,4,1,12,12,0,2,24,2,23,0,1,3,1,1,1,1,3,3,139,5,0,144,1,145,--,302,157,139,144,145,Algún campo sin dato,1,8f0743093d7a90d2e092c7fe0e15c7b1b04827c49f582fe3f508f60b934775b4,26/06/2023 00:14:06,ESCANER
2233,"Guatemala",1,"San José Pinula",3,181,400,,,,,,,,,,,,,,,,,,,,,,,,,,,,,,,,,0,,,
2234,"Guatemala",1,"San José Pinula",3,181,400,55,13,7,19,29,0,9,23,24,21,0,4,22,1,2,2,3,43,2,279,13,5,297,0,297,--,397,100,279,297,297,Algún campo sin dato,1,4eb138f5d6466b4bd857f2af6ea8155e95a31287c75aa8a81d4fa23f2033d6df,26/06/2023 00:12:07,ESCANER
2235,"Guatemala",1,"San José Pinula",3,181,400,40,5,5,19,22,3,5,22,19,28,1,5,12,0,1,0,2,47,2,238,22,1,261,0,261,--,400,139,238,261,261,Algún campo sin dato,1,e9bf545f8c59479337e98df2a95fd8912d6e7111af15e9fbc39ba978fb099ef7,26/06/2023 00:18:37,ESCANER
2236,"Guatemala",1,"San José Pinula",3,181,400,,,,,,,,,,,,,,,,,,,,,,,,,,,,,,,,,0,,,
2237,"Guatemala",1,"San José Pinula",3,181,400,,,,,,,,,,,,,,,,,,,,,,,,,,,,,,,,,0,,,
2238,"Guatemala",1,"San José Pinula",3,181,400,,,,,,,,,,,,,,,,,,,,,,,,,,,,,,,,,0,,,
2239,"Guatemala",1,"San José Pinula",3,181,400,44,8,13,11,37,4,3,26,16,27,0,0,16,0,3,0,1,33,6,248,14,1,263,0,263,--,400,137,248,263,263,Algún campo sin dato,1,2f4a410d5c57569e5f7b4b277e29b186a60e545c9173e2fb25a83c1bdb995c57,25/06/2023 23:10:34,ESCANER
2240,"Guatemala",1,"San José Pinula",3,181,305,24,7,10,4,60,1,1,20,17,15,0,1,29,1,0,0,3,28,0,221,5,0,226,0,226,--,304,78,221,226,226,Algún campo sin dato,1,7277e879f9a6406c9ba693cc3dfa019038df577e3779251b22bd950054c34b42,25/06/2023 22:49:27,ESCANER
2241,"Guatemala",1,"San José Pinula",3,181,305,23,6,5,11,31,2,1,19,13,21,0,2,14,3,0,0,0,22,1,174,5,0,179,0,179,--,179,126,174,179,179,Algún campo sin dato,1,48a4183dc0bc116ec0f95308fa28ce2e3696e2a489604d61ff433701fe797eb7,25/06/2023 22:28:51,ESCANER
2242,"Guatemala",1,"San José Pinula",3,182,400,,,,,,,,,,,,,,,,,,,,,,,,,,,,,,,,,0,,,
2243,"Guatemala",1,"San José Pinula",3,182,400,,,,,,,,,,,,,,,,,,,,,,,,,,,,,,,,,0,,,
2244,"Guatemala",1,"San José Pinula",3,182,400,,,,,,,,,,,,,,,,,,,,,,,,,,,,,,,,,0,,,
2245,"Guatemala",1,"San José Pinula",3,182,400,,,,,,,,,,,,,,,,,,,,,,,,,,,,,,,,,0,,,
2246,"Guatemala",1,"San José Pinula",3,182,400,,,,,,,,,,,,,,,,,,,,,,,,,,,,,,,,,0,,,
2247,"Guatemala",1,"San José Pinula",3,182,400,,,,,,,,,,,,,,,,,,,,,,,,,,,,,,,,,0,,,
2248,"Guatemala",1,"San José Pinula",3,183,400,,,,,,,,,,,,,,,,,,,,,,,,,,,,,,,,,0,,,
2249,"Guatemala",1,"San José Pinula",3,183,400,,,,,,,,,,,,,,,,,,,,,,,,,,,,,,,,,0,,,
2250,"Guatemala",1,"San José Pinula",3,183,400,,,,,,,,,,,,,,,,,,,,,,,,,,,,,,,,,0,,,
2251,"Guatemala",1,"San José Pinula",3,183,299,42,3,5,23,26,7,1,31,7,12,0,1,3,0,1,0,0,9,5,176,5,0,181,0,181,--,299,118,176,181,181,Algún campo sin dato,1,e0e14d1bbc1b9b4652dacf88e2c2f2cf0fbd0c91bf6f6eb93e3e6a7d67525630,26/06/2023 00:14:56,ESCANER
2252,"Guatemala",1,"San José Pinula",3,183,299,37,2,2,11,27,8,0,25,3,4,1,0,9,0,1,1,2,4,3,140,9,0,149,0,149,--,299,150,140,149,149,Algún campo sin dato,1,770263ea154b852f1e52d298d6a48b81647c10b76feb4853fe279891deb2fc11,25/06/2023 22:27:55,ESCANER
2253,"Guatemala",1,"San José Pinula",3,184,400,72,12,5,39,5,2,2,27,20,32,3,0,14,0,4,1,2,26,3,269,0,17,286,0,286,--,400,114,269,286,286,Algún campo sin dato,1,8327e397129fb444727103c7a71d04dd9d84430f25b6ef375fbb9b4165d7ca56,26/06/2023 00:25:52,ESCANER
2254,"Guatemala",1,"San José Pinula",3,184,400,77,5,7,46,2,3,2,18,26,37,3,2,18,2,3,7,1,15,5,279,13,1,293,0,--,--,--,--,279,293,293,Algún campo sin dato,1,961027cb5c4212a4ad9c406882b41f5f2a2934f8a1dd27384eab6b4f3b9d61fa,25/06/2023 23:48:40,ESCANER
2255,"Guatemala",1,"San José Pinula",3,184,400,,,,,,,,,,,,,,,,,,,,,,,,,,,,,,,,,0,,,
2256,"Guatemala",1,"San José Pinula",3,184,400,67,14,4,31,13,0,6,26,19,23,2,0,15,1,3,0,1,18,1,244,15,2,261,0,261,--,400,139,244,261,261,Algún campo sin dato,1,44dc515bf8a98bd4137556f654c8377440af182b3b8347d14325570c9c462d98,26/06/2023 00:11:24,ESCANER
2257,"Guatemala",1,"San José Pinula",3,184,400,,,,,,,,,,,,,,,,,,,,,,,,,,,,,,,,,0,,,
2258,"Guatemala",1,"San José Pinula",3,184,297,51,5,4,20,16,1,6,18,18,14,3,0,13,0,1,0,2,13,0,185,9,1,195,0,195,--,297,102,185,195,195,Algún campo sin dato,1,84487ceeeaf2dfac859953f2fd8ffde70d67307015ca445db19abee2972330b3,25/06/2023 22:02:59,ESCANER
2259,"Guatemala",1,"San José Pinula",3,184,297,41,3,4,18,12,0,3,15,11,10,0,0,7,0,0,0,0,20,1,145,6,0,151,0,151,--,297,146,145,151,151,Algún campo sin dato,1,8df0bacdf99686c6dcb33cfe826e54eae32c1edfd2ce18114bc08a0be908ce16,26/06/2023 00:04:57,ESCANER
2260,"Guatemala",1,"San José Pinula",3,185,400,,,,,,,,,,,,,,,,,,,,,,,,,,,,,,,,,0,,,
2261,"Guatemala",1,"San José Pinula",3,185,400,,,,,,,,,,,,,,,,,,,,,,,,,,,,,,,,,0,,,
2262,"Guatemala",1,"San José Pinula",3,185,400,,,,,,,,,,,,,,,,,,,,,,,,,,,,,,,,,0,,,
2263,"Guatemala",1,"San José Pinula",3,185,400,86,9,0,46,6,2,2,13,23,41,0,1,10,0,2,0,2,2,7,252,10,8,270,0,270,--,400,130,252,270,270,Algún campo sin dato,1,ac7773108334e53e88f89e9ccd943f51f8454aa4ec9d0905ecf76c1129ec2d8c,26/06/2023 00:06:53,ESCANER
2264,"Guatemala",1,"San José Pinula",3,185,400,,,,,,,,,,,,,,,,,,,,,,,,,,,,,,,,,0,,,
2265,"Guatemala",1,"San José Pinula",3,185,400,84,7,9,42,5,1,3,20,14,41,0,1,17,0,1,0,2,5,4,256,5,0,261,0,261,--,400,139,256,261,261,Algún campo sin dato,1,5c87329e270bbe1c063139bdb2d0cd75dc800e2b7d69b2b9285389777b93e5f4,25/06/2023 23:51:48,ESCANER
2266,"Guatemala",1,"San José Pinula",3,185,244,,,,,,,,,,,,,,,,,,,,,,,,,,,,,,,,,0,,,
2267,"Guatemala",1,"San José Pinula",3,185,244,29,3,2,23,16,0,1,8,11,13,0,0,12,0,2,0,1,2,2,125,1,0,126,0,126,--,244,118,125,126,126,Algún campo sin dato,1,26522f5846d039d5ce1125fdd86c977a9978d5ea442610979743ebbae754a3bd,25/06/2023 23:05:12,ESCANER
2268,"Guatemala",1,"San José Pinula",3,186,380,,,,,,,,,,,,,,,,,,,,,,,,,,,,,,,,,0,,,
2269,"Guatemala",1,"San José Pinula",3,186,380,49,33,4,56,1,2,1,6,18,22,1,1,8,0,0,0,0,1,2,205,26,7,238,0,238,--,381,143,205,238,238,Algún campo sin dato,1,b833465d00b37f95083fd3019c2d1964b7cd2cadce5cfd3a4971f1a4285873f9,25/06/2023 23:38:52,ESCANER
2270,"Guatemala",1,"San José Pinula",3,186,380,62,33,2,57,2,1,0,12,15,17,2,1,7,0,0,0,0,0,6,217,21,5,243,0,243,--,380,137,217,243,243,Algún campo sin dato,1,f34e484725092e00d5267b91561b642e3f9f45e4335a2af7be38ce9a117f0769,25/06/2023 23:16:04,ESCANER
2271,"Guatemala",1,"San José Pinula",3,186,380,56,24,3,55,2,3,1,15,12,15,0,1,1,0,1,0,1,1,5,196,19,4,219,0,219,--,380,161,196,219,219,Algún campo sin dato,1,c965e687dba19cecaf174f6e6979b45327f5cfa2c9357a68cb42f0c58bc3bf56,26/06/2023 00:08:36,ESCANER
2272,"Guatemala",1,"San José Pinula",3,186,215,32,20,3,15,4,0,1,14,5,11,0,0,0,0,0,0,0,1,5,111,8,1,120,0,120,--,215,95,111,120,120,Algún campo sin dato,1,ac3f5074f153b60ba03057ec91b03cbd632e9c2d539a10b14ad9cf82d8a03fed,25/06/2023 22:44:45,ESCANER
2273,"Guatemala",1,"San José Pinula",3,186,215,32,18,2,20,1,1,3,9,8,6,0,2,0,0,0,0,0,5,1,108,4,1,113,0,113,--,215,102,108,113,113,Algún campo sin dato,1,21620a7f81f5f13c8aba90bd08e9c5f62d5f9db4ec42a7a8e744fa847b27f1a3,25/06/2023 23:27:38,ESCANER
2274,"Guatemala",1,"San José Pinula",3,187,380,46,5,2,72,0,0,1,11,3,19,1,0,1,1,1,0,0,0,3,166,9,1,176,0,176,--,380,204,166,176,176,Algún campo sin dato,1,31a1bd54d4a8eea5abc7aa5683b347fe284480448fa68dc1c0e1182b7aa1f7a0,26/06/2023 00:27:37,ESCANER
2275,"Guatemala",1,"San José Pinula",3,187,380,52,5,10,66,2,2,0,2,0,10,0,0,1,0,0,0,0,1,6,157,9,6,172,1,173,--,380,208,157,172,173,Algún campo sin dato,1,69598686f14de2ef02704674e0ad193151334104cd85ded5a155bc8ef89f6f5c,25/06/2023 23:14:19,ESCANER
2276,"Guatemala",1,"San José Pinula",3,187,380,61,2,10,53,1,1,3,3,1,9,1,0,3,1,2,0,1,0,6,158,12,1,171,0,171,--,380,209,158,171,171,Algún campo sin dato,1,56ab244b415c5dd4a77b9382f40358b658b58a87aab74694d8bc6574695004da,25/06/2023 23:49:55,ESCANER
2277,"Guatemala",1,"San José Pinula",3,187,380,58,5,9,59,0,2,3,7,2,12,0,1,0,0,0,0,0,0,3,161,8,0,169,0,169,--,380,211,161,169,169,Algún campo sin dato,1,a18160e1bd218d210eeee380b7c935b986a680566cc4548eb1d4db00a391f5a2,25/06/2023 22:35:47,ESCANER
2278,"Guatemala",1,"San José Pinula",3,187,301,34,5,12,35,0,1,0,7,2,12,0,0,1,0,0,0,0,0,4,113,11,4,128,0,128,--,301,173,113,128,128,Algún campo sin dato,1,cf78caa6fa090e78baf0e922376f9a17a4d10e360c2c6eb6c17da816782c62db,25/06/2023 22:42:49,ESCANER
2279,"Guatemala",1,"San José Pinula",3,187,301,39,1,12,63,0,3,0,7,3,9,1,0,0,0,0,0,0,0,1,139,0,0,139,0,139,--,301,162,139,139,139,Algún campo sin dato,1,68f608a02b2f92d50f1ea67b3f21d22554d9e47551c746442dd25a01a56bee08,25/06/2023 22:55:33,ESCANER
2280,"Guatemala",1,"San José Pinula",3,188,380,64,18,2,30,4,1,3,19,14,24,0,1,0,0,2,0,0,1,6,189,20,5,214,0,214,--,380,166,189,214,214,Algún campo sin dato,1,72d6b12a37a0a1936b1a879fc99ad79e43f8c4b14f27801aca56e779fe48acfc,26/06/2023 00:23:53,ESCANER
2281,"Guatemala",1,"San José Pinula",3,188,380,,,,,,,,,,,,,,,,,,,,,,,,,,,,,,,,,0,,,
2282,"Guatemala",1,"San José Pinula",3,188,380,,,,,,,,,,,,,,,,,,,,,,,,,,,,,,,,,0,,,
2283,"Guatemala",1,"San José Pinula",3,188,380,,,,,,,,,,,,,,,,,,,,,,,,,,,,,,,,,0,,,
2284,"Guatemala",1,"San José Pinula",3,188,380,,,,,,,,,,,,,,,,,,,,,,,,,,,,,,,,,0,,,
2285,"Guatemala",1,"San José Pinula",3,188,380,,,,,,,,,,,,,,,,,,,,,,,,,,,,,,,,,0,,,
2286,"Guatemala",1,"San José Pinula",3,188,380,81,12,1,42,2,1,4,28,6,28,0,0,2,0,0,0,1,2,9,219,8,3,230,0,230,--,380,150,219,230,230,Algún campo sin dato,1,8c26715147a3f74dc9480778598f94c47c22e602eb801dc4920aba28bcf80165,25/06/2023 23:47:30,ESCANER
2287,"Guatemala",1,"San José Pinula",3,188,380,62,7,2,44,4,1,5,22,11,27,2,0,6,0,2,1,0,3,6,205,19,3,227,0,227,--,380,153,205,227,227,Algún campo sin dato,1,7923e10c208d5a3efde20e4f0958f70097b610785b1b3ace483590dd36efd312,26/06/2023 00:12:58,ESCANER
2288,"Guatemala",1,"San José Pinula",3,188,380,74,14,3,30,3,1,7,25,13,15,0,0,2,1,0,0,3,1,12,204,12,3,219,0,219,--,381,162,204,219,219,Algún campo sin dato,1,00ab0a3d14d6167eaae815598a21f693dd24d046ac5578fe8440ffc5ef7de8d9,25/06/2023 22:43:48,ESCANER
2289,"Guatemala",1,"San José Pinula",3,188,380,54,15,4,50,2,0,6,20,14,22,1,0,0,0,0,0,1,1,9,199,7,2,208,0,208,--,380,172,199,208,208,Algún campo sin dato,1,ecc5291e50601523ac25268f69e3a2c2bb48fec0783b3b84e3f86da9aae479ad,26/06/2023 00:28:03,ESCANER
2290,"Guatemala",1,"San José Pinula",3,188,380,72,6,3,33,9,0,2,23,9,20,0,0,0,1,2,0,0,0,5,185,4,2,191,0,--,--,380,189,185,191,191,Algún campo sin dato,1,9bf854dd3da33eea0763fd737abe540a8fef71ae6fbc80bdbef15a383b3a0f0e,26/06/2023 00:07:43,ESCANER
2291,"Guatemala",1,"San José Pinula",3,188,225,34,3,2,24,6,0,2,13,4,10,1,0,0,0,0,0,1,2,3,105,3,0,108,0,108,--,225,117,105,108,108,Algún campo sin dato,1,2943d987ca3c73c07794ef10a717b37d31586873da5a3934ff5a0ca628cd631b,25/06/2023 23:21:03,ESCANER
2292,"Guatemala",1,"San José Pinula",3,188,224,30,2,1,16,4,0,1,11,10,11,0,0,3,1,0,0,2,0,3,95,1,2,98,0,98,--,225,127,95,98,98,Algún campo sin dato,1,85948c169649718189aa36317b05be2b9235ef52d239065fe8fce71be36fc96a,25/06/2023 22:21:07,ESCANER
2293,"Guatemala",1,"San José Pinula",3,189,600,82,8,10,48,6,1,3,33,12,53,3,1,9,0,2,0,0,9,5,285,21,4,310,0,310,--,600,290,285,310,310,Algún campo sin dato,1,a6fa87ddc19ebd6942b97e1492a9f249f9d80f9efb6009639c13acb59f24a194,26/06/2023 00:03:17,ESCANER
2294,"Guatemala",1,"San José Pinula",3,189,600,,,,,,,,,,,,,,,,,,,,,,,,,,,,,,,,,0,,,
2295,"Guatemala",1,"San José Pinula",3,189,360,37,6,4,31,9,1,0,16,9,27,2,0,7,0,2,1,3,5,8,168,14,0,182,0,182,--,360,178,168,182,182,Algún campo sin dato,1,cb72738c0f40805f92bb6dbb2ca66da8d49e3a7bab7bc062012368562f8d2b6f,25/06/2023 23:40:07,ESCANER
2296,"Guatemala",1,"San José Pinula",3,189,360,24,2,2,14,1,3,3,6,5,15,0,0,2,0,0,0,1,1,3,82,3,1,86,0,86,--,360,274,82,86,86,Algún campo sin dato,1,f0f3b863a4c24ca4c0532bf526948d0d0e0c8b2cccac50e2fdac1797e5364917,25/06/2023 22:12:54,ESCANER