﻿TIPO_DE_ELECCIÓN:,CORPORACIÓN MUNICIPAL
26 junio 2023 00:28 (UTC -6)
ACTAS_ESPERADAS,ACTAS_CAPTURADAS,PORCENTAJE_ACTAS_CAPTURADAS,ACTAS_CONTABILIZADAS,PORCENTAJE_ACTAS_CONTABILIZADAS,ACTAS_NO_CONTABILIZADAS,LISTA_NOMINAL_ACTAS_CONTABILIZADAS,VOTOS_EMITIDOS_CONTABILIZADAS,PORCENTAJE_PARTICIPACIÓN_CIUDADANA
18,7,38.8888,7,38.8888,0,1907,1387,72.7320

MESA,DEPARTAMENTO,ID_DEPARTAMENTO,MUNICIPIO,ID_MUNICIPIO,CENTRO_DE_VOTACIÓN,PADRÓN,CABAL,VAMOS,VALOR,UNE,PODEMOS,VICTORIA,CAMBIO,VÁLIDOS,NULOS,BLANCO,EMITIDOS,INVÁLIDOS,TOTAL,IMPUGNACIONES,PAPELETAS-RECIBIDAS,PAPELETAS-NO-USADAS,VALIDOS_CALCULADO,EMITIDOS_CALCULADO,TOTAL_CALCULADO,OBSERVACIONES,CONTABILIZADA,CÓDIGO_INTEGRIDAD,FECHA_HORA_PUBLICACIÓN,DIGITALIZACIÓN
6554,"Chimaltenango",3,"Santa Cruz Balanyá",10,696,400,,,,,,,,,,,,,,,,,,,,,0,,,
6555,"Chimaltenango",3,"Santa Cruz Balanyá",10,696,400,,,,,,,,,,,,,,,,,,,,,0,,,
6556,"Chimaltenango",3,"Santa Cruz Balanyá",10,696,400,,,,,,,,,,,,,,,,,,,,,0,,,
6557,"Chimaltenango",3,"Santa Cruz Balanyá",10,696,400,,,,,,,,,,,,,,,,,,,,,0,,,
6558,"Chimaltenango",3,"Santa Cruz Balanyá",10,696,400,,,,,,,,,,,,,,,,,,,,,0,,,
6559,"Chimaltenango",3,"Santa Cruz Balanyá",10,696,400,,,,,,,,,,,,,,,,,,,,,0,,,
6560,"Chimaltenango",3,"Santa Cruz Balanyá",10,696,400,,,,,,,,,,,,,,,,,,,,,0,,,
6561,"Chimaltenango",3,"Santa Cruz Balanyá",10,696,400,113,113,9,8,41,9,3,296,5,3,304,0,304,--,400,96,296,304,304,Algún campo sin dato,1,a1b2506492197dcf624514106895c17dc6b443d903b66688aa4db1275cd1920a,26/06/2023 00:01:17,ESCANER
6562,"Chimaltenango",3,"Santa Cruz Balanyá",10,697,400,,,,,,,,,,,,,,,,,,,,,0,,,
6563,"Chimaltenango",3,"Santa Cruz Balanyá",10,697,400,,,,,,,,,,,,,,,,,,,,,0,,,
6564,"Chimaltenango",3,"Santa Cruz Balanyá",10,697,260,77,84,6,13,20,6,0,206,1,1,208,0,208,1,260,52,206,208,208,,1,462d42f29363ef4aab2ca3c62453176d2e5ff16f0a1ace5a9198d5b93b3bf361,25/06/2023 23:41:34,ESCANER
6565,"Chimaltenango",3,"Santa Cruz Balanyá",10,697,259,78,60,7,9,21,2,1,178,2,0,180,0,180,--,259,79,178,180,180,Algún campo sin dato,1,6d35a1a2835be2ed6a9621562a35bb5378e40b3adaa5a6cc0015b5812323dcbe,25/06/2023 23:51:59,ESCANER
6566,"Chimaltenango",3,"Santa Cruz Balanyá",10,698,380,,,,,,,,,,,,,,,,,,,,,0,,,
6567,"Chimaltenango",3,"Santa Cruz Balanyá",10,698,380,46,67,149,2,19,1,2,286,8,5,299,0,299,--,380,81,286,299,299,Algún campo sin dato,1,c78f386e00c492286a50ee04b9a20639aef212e9c3a117d2c0087d98ee81794e,25/06/2023 23:43:13,ESCANER
6568,"Chimaltenango",3,"Santa Cruz Balanyá",10,698,380,,,,,,,,,,,,,,,,,,,,,0,,,
6569,"Chimaltenango",3,"Santa Cruz Balanyá",10,698,238,24,45,82,0,10,3,3,167,1,1,169,0,169,--,238,69,167,169,169,Algún campo sin dato,1,ba802bf0ad498cdeac72dac402afa8b791a990cfe0d729bb84e137aa014774b6,26/06/2023 00:10:17,ESCANER
6570,"Chimaltenango",3,"Santa Cruz Balanyá",10,698,238,26,40,84,2,11,4,0,167,3,0,170,0,170,--,238,68,167,170,170,Algún campo sin dato,1,b68180a5d08b4461b302a9a21fe6b3b78fcaca82efa036501a110b2319572f38,25/06/2023 22:29:29,ESCANER
6571,"Chimaltenango",3,"Santa Cruz Balanyá",10,699,132,10,25,7,1,10,0,1,54,3,0,57,0,57,--,132,75,54,57,57,Algún campo sin dato,1,10578805494cbc084317916a853faea50cfe45daabaae3aadd34a878eee26522,25/06/2023 22:17:30,ESCANER