﻿TIPO_DE_ELECCIÓN:,CORPORACIÓN MUNICIPAL
26 junio 2023 00:28 (UTC -6)
ACTAS_ESPERADAS,ACTAS_CAPTURADAS,PORCENTAJE_ACTAS_CAPTURADAS,ACTAS_CONTABILIZADAS,PORCENTAJE_ACTAS_CONTABILIZADAS,ACTAS_NO_CONTABILIZADAS,LISTA_NOMINAL_ACTAS_CONTABILIZADAS,VOTOS_EMITIDOS_CONTABILIZADAS,PORCENTAJE_PARTICIPACIÓN_CIUDADANA
63,34,53.9682,34,53.9682,0,12369,6876,55.5905

MESA,DEPARTAMENTO,ID_DEPARTAMENTO,MUNICIPIO,ID_MUNICIPIO,CENTRO_DE_VOTACIÓN,PADRÓN,COCIECH,UNE,COCIEC,COCERNA,VALOR UNIONISTA,COCIEAR,CABAL,MLP,U R N G - MAIZ,VICTORIA,VOS,VÁLIDOS,NULOS,BLANCO,EMITIDOS,INVÁLIDOS,TOTAL,IMPUGNACIONES,PAPELETAS-RECIBIDAS,PAPELETAS-NO-USADAS,VALIDOS_CALCULADO,EMITIDOS_CALCULADO,TOTAL_CALCULADO,OBSERVACIONES,CONTABILIZADA,CÓDIGO_INTEGRIDAD,FECHA_HORA_PUBLICACIÓN,DIGITALIZACIÓN
18292,"Baja Verapaz",15,"Rabinal",3,2800,400,,,,,,,,,,,,,,,,,,,,,,,,,0,,,
18293,"Baja Verapaz",15,"Rabinal",3,2800,400,,,,,,,,,,,,,,,,,,,,,,,,,0,,,
18294,"Baja Verapaz",15,"Rabinal",3,2800,400,85,84,12,8,7,38,5,4,1,2,1,247,13,1,261,0,261,--,400,139,247,261,261,Algún campo sin dato,1,8ce3f9f581fa9a258359646e43e0613574e9a56dea9abbaffa84384c7a8b8856,26/06/2023 00:11:27,ESCANER
18295,"Baja Verapaz",15,"Rabinal",3,2800,400,,,,,,,,,,,,,,,,,,,,,,,,,0,,,
18296,"Baja Verapaz",15,"Rabinal",3,2800,400,64,112,12,13,5,33,2,2,0,1,3,247,15,4,266,0,266,--,400,134,247,266,266,Algún campo sin dato,1,1ca802337a76dc15fa4712d61e8bb8dcff58aea75991346862b361e66e2558b3,25/06/2023 22:35:25,ESCANER
18297,"Baja Verapaz",15,"Rabinal",3,2800,400,79,92,19,19,2,40,3,0,3,3,1,261,9,2,272,0,272,--,400,128,261,272,272,Algún campo sin dato,1,e54e2f76253b219429254c0d16ff1dd7ed0baf8de67a3bd392d2c224cd422674,26/06/2023 00:06:05,ESCANER
18298,"Baja Verapaz",15,"Rabinal",3,2800,400,,,,,,,,,,,,,,,,,,,,,,,,,0,,,
18299,"Baja Verapaz",15,"Rabinal",3,2800,400,,,,,,,,,,,,,,,,,,,,,,,,,0,,,
18300,"Baja Verapaz",15,"Rabinal",3,2800,400,,,,,,,,,,,,,,,,,,,,,,,,,0,,,
18301,"Baja Verapaz",15,"Rabinal",3,2800,400,,,,,,,,,,,,,,,,,,,,,,,,,0,,,
18302,"Baja Verapaz",15,"Rabinal",3,2800,400,,,,,,,,,,,,,,,,,,,,,,,,,0,,,
18303,"Baja Verapaz",15,"Rabinal",3,2800,400,,,,,,,,,,,,,,,,,,,,,,,,,0,,,
18304,"Baja Verapaz",15,"Rabinal",3,2800,400,,,,,,,,,,,,,,,,,,,,,,,,,0,,,
18305,"Baja Verapaz",15,"Rabinal",3,2800,400,,,,,,,,,,,,,,,,,,,,,,,,,0,,,
18306,"Baja Verapaz",15,"Rabinal",3,2800,400,,,,,,,,,,,,,,,,,,,,,,,,,0,,,
18307,"Baja Verapaz",15,"Rabinal",3,2800,400,,,,,,,,,,,,,,,,,,,,,,,,,0,,,
18308,"Baja Verapaz",15,"Rabinal",3,2800,384,71,78,4,20,10,28,3,2,2,4,1,223,3,0,226,0,226,--,384,158,223,226,226,Algún campo sin dato,1,e1fcd71484d9ca8b6e6c99fa2d9b98da60026b7c13d9a7d3ec81013274b1771a,25/06/2023 23:22:21,ESCANER
18309,"Baja Verapaz",15,"Rabinal",3,2800,384,60,75,8,11,5,16,1,1,1,1,2,181,0,1,182,4,186,--,384,198,181,182,186,Algún campo sin dato,1,2f0a6ce39ec5931642a5dbc5c26f3f04e0aa9c3428e69471fb764fb47f31bb2c,25/06/2023 23:52:18,ESCANER
18310,"Baja Verapaz",15,"Rabinal",3,2801,390,54,70,8,2,4,98,0,4,2,0,1,243,25,1,269,0,269,--,390,121,243,269,269,Algún campo sin dato,1,887caa74f772a16ba4d3eca79ca3567d9102e2c610cf30d98bd5f2c87ec827f4,26/06/2023 00:13:53,ESCANER
18311,"Baja Verapaz",15,"Rabinal",3,2801,389,53,65,5,7,0,60,1,1,1,1,0,194,6,1,201,0,201,--,389,188,194,201,201,Algún campo sin dato,1,95d9406df8a03a8c0dac928d14be601b022ba69e837c5c1be93d45b201d4e6a4,25/06/2023 22:15:44,ESCANER
18312,"Baja Verapaz",15,"Rabinal",3,2802,400,,,,,,,,,,,,,,,,,,,,,,,,,0,,,
18313,"Baja Verapaz",15,"Rabinal",3,2802,400,,,,,,,,,,,,,,,,,,,,,,,,,0,,,
18314,"Baja Verapaz",15,"Rabinal",3,2802,400,187,51,2,5,2,33,3,2,1,0,1,287,11,5,303,0,303,--,400,97,287,303,303,Algún campo sin dato,1,b25513219585a4af4d841fa016755cc9259ebfc7979d6a1fa867c6bf0d56626e,26/06/2023 00:25:05,ESCANER
18315,"Baja Verapaz",15,"Rabinal",3,2802,400,,,,,,,,,,,,,,,,,,,,,,,,,0,,,
18316,"Baja Verapaz",15,"Rabinal",3,2802,400,93,50,4,7,3,61,4,0,1,0,4,227,17,6,250,0,250,--,400,150,227,250,250,Algún campo sin dato,1,751cad822969a31b959766efa5660e2134d59e8fba3749e1835edfdb9abff5e3,25/06/2023 23:37:11,ESCANER
18317,"Baja Verapaz",15,"Rabinal",3,2802,400,108,47,6,7,2,32,2,1,1,0,1,207,14,5,226,0,226,--,400,174,207,226,226,Algún campo sin dato,1,658b1adbd14d1dd43fcde82a496467e8539e9080c728952b9bcaada3d614034c,25/06/2023 23:02:31,ESCANER
18318,"Baja Verapaz",15,"Rabinal",3,2802,400,103,48,6,4,1,33,4,0,2,0,2,203,5,1,209,0,209,1,400,191,203,209,209,,1,8f86295f3a3db75bcae348d1ba2188193a6e1c3d35254c7f8bdc79b20092eed8,26/06/2023 00:17:52,ESCANER
18319,"Baja Verapaz",15,"Rabinal",3,2802,233,66,29,2,6,3,12,0,1,0,1,1,121,0,0,121,0,121,--,233,112,121,121,121,Algún campo sin dato,1,1ef1af4ba303d50f2e6f6d103e0b17de8c52806a4eef7532d500a379d151b543,25/06/2023 22:34:40,ESCANER
18320,"Baja Verapaz",15,"Rabinal",3,2802,233,,,,,,,,,,,,,,,,,,,,,,,,,0,,,
18321,"Baja Verapaz",15,"Rabinal",3,2803,344,61,65,21,12,4,32,1,5,0,0,0,201,21,3,225,0,225,--,344,119,201,225,225,Algún campo sin dato,1,798cce431abb6e46997aa6038ebaab1973c5a61a4597708d290bba7e131cf006,25/06/2023 23:17:37,ESCANER
18322,"Baja Verapaz",15,"Rabinal",3,2803,344,,,,,,,,,,,,,,,,,,,,,,,,,0,,,
18323,"Baja Verapaz",15,"Rabinal",3,2804,380,,,,,,,,,,,,,,,,,,,,,,,,,0,,,
18324,"Baja Verapaz",15,"Rabinal",3,2804,380,,,,,,,,,,,,,,,,,,,,,,,,,0,,,
18325,"Baja Verapaz",15,"Rabinal",3,2804,380,,,,,,,,,,,,,,,,,,,,,,,,,0,,,
18326,"Baja Verapaz",15,"Rabinal",3,2804,380,135,32,1,2,3,33,3,0,1,1,1,212,11,1,224,0,224,--,380,156,212,224,224,Algún campo sin dato,1,3ef4b4a90bb0c2a5f366f885a6b3c1262b9146155a3832ac0deb05eb208f2b32,26/06/2023 00:03:22,ESCANER
18327,"Baja Verapaz",15,"Rabinal",3,2804,278,60,17,1,0,0,17,1,0,0,0,0,96,6,1,103,0,103,--,278,175,96,103,103,Algún campo sin dato,1,138cca799c7c07cde0a3e66d8761055c2622e74f7f82f0f288fe3c1f8aaebc55,25/06/2023 23:55:37,ESCANER
18328,"Baja Verapaz",15,"Rabinal",3,2804,277,66,12,2,0,1,17,0,0,1,0,0,99,1,0,100,0,100,--,277,177,99,100,100,Algún campo sin dato,1,ef11c042928902d0ea49a4e4c975b4aacc20d619fe5fc1fcd1b0a94d16b49493,25/06/2023 23:32:26,ESCANER
18329,"Baja Verapaz",15,"Rabinal",3,2805,380,107,33,3,5,2,49,2,2,2,0,1,206,12,6,224,0,224,--,380,156,206,224,224,Algún campo sin dato,1,8056be084492af0efb7d4ae7c60181d75607298f44543dd8dfe769c1637ade48,25/06/2023 21:57:02,ESCANER
18330,"Baja Verapaz",15,"Rabinal",3,2805,380,102,65,7,3,1,61,2,0,2,2,0,245,21,4,270,0,270,--,380,110,245,270,270,Algún campo sin dato,1,acbff5cf27b7ec2c1059d1928d90660ca30df2c740f95802fbe3bf45f378e12f,26/06/2023 00:22:11,ESCANER
18331,"Baja Verapaz",15,"Rabinal",3,2805,380,88,58,14,5,1,82,1,1,1,0,1,252,23,3,278,0,278,--,380,102,252,278,278,Algún campo sin dato,1,d805c6eea10d34f587104984b8f7c496c1a63aa167d2a725156ff3cc6633ae11,25/06/2023 22:04:41,ESCANER
18332,"Baja Verapaz",15,"Rabinal",3,2805,380,92,55,9,3,7,53,2,0,0,0,2,223,19,4,246,0,246,--,380,134,223,246,246,Algún campo sin dato,1,3d2ad8fbb26dced867190b59c187ee6e399c1062e135ae4a4a580fc8afb83bb8,25/06/2023 22:58:00,ESCANER
18333,"Baja Verapaz",15,"Rabinal",3,2805,342,73,36,6,3,1,28,6,1,3,0,0,157,7,1,165,0,165,--,342,177,157,165,165,Algún campo sin dato,1,a6112133aa0b76ac2a627fc4efcc05bfc849498cd1bf3f9da378f33c4937488e,25/06/2023 21:42:35,ESCANER
18334,"Baja Verapaz",15,"Rabinal",3,2805,341,56,42,7,1,1,25,1,0,2,0,0,135,1,2,138,0,138,--,341,203,135,138,138,Algún campo sin dato,1,338f0b07b83739c3c7163c625b8305ea907ac2e734433bda9564eab76b5f8d48,25/06/2023 22:39:13,ESCANER
18335,"Baja Verapaz",15,"Rabinal",3,2806,380,,,,,,,,,,,,,,,,,,,,,,,,,0,,,
18336,"Baja Verapaz",15,"Rabinal",3,2806,348,,,,,,,,,,,,,,,,,,,,,,,,,0,,,
18337,"Baja Verapaz",15,"Rabinal",3,2806,348,,,,,,,,,,,,,,,,,,,,,,,,,0,,,
18338,"Baja Verapaz",15,"Rabinal",3,2807,346,38,121,10,1,2,47,4,0,0,0,0,223,19,4,246,0,246,--,346,100,223,246,246,Algún campo sin dato,1,33e877a75dba20c8d20270a6081cbc4cb0c6b4019749193389638a41194cbda2,25/06/2023 23:23:42,ESCANER
18339,"Baja Verapaz",15,"Rabinal",3,2807,345,17,92,2,5,1,41,0,0,1,1,0,160,4,3,167,0,167,--,345,178,160,167,167,Algún campo sin dato,1,102ebe8a5b150e0d78f096a5eb60e7f1e884539db2a7fb57cdb1bf59a7f96592,25/06/2023 23:46:27,ESCANER
18340,"Baja Verapaz",15,"Rabinal",3,2808,380,65,49,2,16,2,63,2,0,2,0,0,201,14,5,220,0,220,--,380,160,201,220,220,Algún campo sin dato,1,5e507d7fccda801675e055429b5cf9e13668e1af77d85e4423187696496abc5a,25/06/2023 23:37:39,ESCANER
18341,"Baja Verapaz",15,"Rabinal",3,2808,380,56,66,5,11,2,75,3,0,2,0,0,220,16,3,239,--,--,--,380,141,220,239,239,Algún campo sin dato,1,d791a94c83047d931d09427ccf7d6d42e2bd62bb1a0ca9e20b8c6deba7c4546d,26/06/2023 00:21:29,ESCANER
18342,"Baja Verapaz",15,"Rabinal",3,2808,380,,,,,,,,,,,,,,,,,,,,,,,,,0,,,
18343,"Baja Verapaz",15,"Rabinal",3,2808,380,,,,,,,,,,,,,,,,,,,,,,,,,0,,,
18344,"Baja Verapaz",15,"Rabinal",3,2808,380,,,,,,,,,,,,,,,,,,,,,,,,,0,,,
18345,"Baja Verapaz",15,"Rabinal",3,2808,203,28,38,1,8,2,29,1,0,0,0,0,107,1,1,109,0,109,--,203,94,107,109,109,Algún campo sin dato,1,12f92a20521da7b5c6a653b1d720ea292a28a1bf39c78f85bd749e6d8198e5c8,25/06/2023 22:09:17,ESCANER
18346,"Baja Verapaz",15,"Rabinal",3,2808,203,28,32,1,4,2,16,1,1,0,0,0,85,1,0,86,0,86,--,203,117,85,86,86,Algún campo sin dato,1,c9d5ae283d0181990cf7666b760a31caa9690bfa7b6a225afec69ab1d064b267,25/06/2023 22:35:55,ESCANER
18347,"Baja Verapaz",15,"Rabinal",3,2809,356,,,,,,,,,,,,,,,,,,,,,,,,,0,,,
18348,"Baja Verapaz",15,"Rabinal",3,2809,355,71,77,4,11,2,33,0,0,2,0,1,201,12,1,214,1,215,--,355,140,201,214,215,Algún campo sin dato,1,49eeb3a4e315377757ec9fa233f5e89c9551b3831ba4f2df33182baabdf698f7,26/06/2023 00:27:14,ESCANER
18349,"Baja Verapaz",15,"Rabinal",3,2810,299,83,45,4,1,2,25,--,1,--,1,--,162,23,4,189,0,189,--,299,110,162,189,189,Algún campo sin dato,1,955ff5c366d35f431094b553dd710a62170eae5a187e3827b1a60526278a4c48,25/06/2023 23:26:22,ESCANER
18350,"Baja Verapaz",15,"Rabinal",3,2810,298,51,31,1,2,4,19,0,0,0,0,0,108,13,1,122,0,122,--,298,176,108,122,122,Algún campo sin dato,1,0bc30f3a94252a20f8cfe5ee3a067452393ae09b413a2ee4b7d23d5c5ef0adc7,25/06/2023 23:42:13,ESCANER
18351,"Baja Verapaz",15,"Rabinal",3,2811,341,13,155,10,2,2,29,1,0,0,0,0,212,27,4,243,0,243,0,341,95,212,243,243,,1,1de84410c33edfc16cbb659b7b9138b32f2a520165d0522fab4c66ba37e71064,26/06/2023 00:26:30,ESCANER
18352,"Baja Verapaz",15,"Rabinal",3,2811,341,,,,,,,,,,,,,,,,,,,,,,,,,0,,,
18353,"Baja Verapaz",15,"Rabinal",3,2812,579,69,44,2,6,3,30,1,1,1,1,0,158,10,1,169,0,169,--,579,410,158,169,169,Algún campo sin dato,1,1f7ba3ceaf5fef7caa00c4dffc64acd089a6613c83618fa551f4d71b70ae28ae,25/06/2023 23:43:30,ESCANER
18354,"Baja Verapaz",15,"Rabinal",3,2812,578,30,32,2,12,2,18,0,4,0,2,2,104,6,3,113,0,113,--,578,465,104,113,113,Algún campo sin dato,1,7d0ae96c9d65204b4e97b2f3f7294fecde98d58a67b6459c08c6c04b129a61b1,25/06/2023 22:47:21,ESCANER