﻿TIPO_DE_ELECCIÓN:,CORPORACIÓN MUNICIPAL
26 junio 2023 00:28 (UTC -6)
ACTAS_ESPERADAS,ACTAS_CAPTURADAS,PORCENTAJE_ACTAS_CAPTURADAS,ACTAS_CONTABILIZADAS,PORCENTAJE_ACTAS_CONTABILIZADAS,ACTAS_NO_CONTABILIZADAS,LISTA_NOMINAL_ACTAS_CONTABILIZADAS,VOTOS_EMITIDOS_CONTABILIZADAS,PORCENTAJE_PARTICIPACIÓN_CIUDADANA
87,41,47.1264,41,47.1264,0,14578,10537,72.2801

MESA,DEPARTAMENTO,ID_DEPARTAMENTO,MUNICIPIO,ID_MUNICIPIO,CENTRO_DE_VOTACIÓN,PADRÓN,VAMOS,CABAL,UNE,MLP,VALOR UNIONISTA,VÁLIDOS,NULOS,BLANCO,EMITIDOS,INVÁLIDOS,TOTAL,IMPUGNACIONES,PAPELETAS-RECIBIDAS,PAPELETAS-NO-USADAS,VALIDOS_CALCULADO,EMITIDOS_CALCULADO,TOTAL_CALCULADO,OBSERVACIONES,CONTABILIZADA,CÓDIGO_INTEGRIDAD,FECHA_HORA_PUBLICACIÓN,DIGITALIZACIÓN
9359,"Sololá",7,"Santa Catarina Ixtahuacán",6,1152,400,,,,,,,,,,,,,,,,,,,0,,,
9360,"Sololá",7,"Santa Catarina Ixtahuacán",6,1152,400,,,,,,,,,,,,,,,,,,,0,,,
9361,"Sololá",7,"Santa Catarina Ixtahuacán",6,1152,400,160,156,5,0,2,323,13,7,343,0,343,2,400,57,323,343,343,,1,4db913916c9b42abdec5ddb9a1cfa3d59c9c9a6b63204072b34451196ebcfc47,25/06/2023 23:55:42,ESCANER
9362,"Sololá",7,"Santa Catarina Ixtahuacán",6,1152,400,,,,,,,,,,,,,,,,,,,0,,,
9363,"Sololá",7,"Santa Catarina Ixtahuacán",6,1152,400,123,96,5,0,3,227,6,2,235,0,235,--,400,165,227,235,235,Algún campo sin dato,1,58a18cfc20bf133aafcf6b306822649bd21c22163afef42f7e310cf0efcc3f62,26/06/2023 00:15:19,ESCANER
9364,"Sololá",7,"Santa Catarina Ixtahuacán",6,1152,400,126,121,1,2,1,251,4,1,256,0,256,0,400,144,251,256,256,,1,698a637f231ba6905043b96c9376cac8da617508b1eb4078f719585a4157fb8d,25/06/2023 23:03:42,ESCANER
9365,"Sololá",7,"Santa Catarina Ixtahuacán",6,1152,224,86,50,1,0,0,137,1,0,138,0,138,0,224,86,137,138,138,,1,aef96dee6c03fb11fee38638df788c53051c5f0c7bd4260fc99a01997926c1df,25/06/2023 21:32:27,ESCANER
9366,"Sololá",7,"Santa Catarina Ixtahuacán",6,1152,223,77,53,0,0,1,131,3,0,134,0,134,0,223,89,131,134,134,,1,fbee5ea7b9f5133ce3898f30b7673f088eddde9b34952a9105df73b0bc93c0e2,25/06/2023 21:44:09,ESCANER
9367,"Sololá",7,"Santa Catarina Ixtahuacán",6,1153,380,,,,,,,,,,,,,,,,,,,0,,,
9368,"Sololá",7,"Santa Catarina Ixtahuacán",6,1153,380,188,91,2,1,0,282,3,4,289,1,290,--,380,90,282,289,290,Algún campo sin dato,1,2ed395e42c121baf7c1b99dc05db99e37172ffe9ef339a75d75d651d381cd9b5,25/06/2023 23:10:08,ESCANER
9369,"Sololá",7,"Santa Catarina Ixtahuacán",6,1153,380,184,105,1,1,1,292,6,1,299,0,299,--,380,81,292,299,299,Algún campo sin dato,1,47221284b1b4af894fb3e9200e3666c98ab489237f5b59fcdc1977659c16578b,25/06/2023 23:16:53,ESCANER
9370,"Sololá",7,"Santa Catarina Ixtahuacán",6,1153,380,198,93,1,0,0,292,1,5,298,0,298,0,380,82,292,298,298,,1,92b7e358c010d26ec6674572b6f6b092102025187446c2a7e0be0105e00abe9a,25/06/2023 23:00:57,ESCANER
9371,"Sololá",7,"Santa Catarina Ixtahuacán",6,1153,380,162,102,1,0,1,266,3,0,269,0,269,0,191,575,266,269,269,,1,7657220108249eec8614fa98b32e75d977d8f0a41b609c2b1a2839a9ad3d9bfc,26/06/2023 00:26:49,ESCANER
9372,"Sololá",7,"Santa Catarina Ixtahuacán",6,1153,380,165,81,3,0,0,249,2,2,253,0,--,0,380,127,249,253,253,Algún campo sin dato,1,bb3c18a6a9affc84c7a96d990c5eaf37ffadc94af8cc140b23f1fdefd96680d8,26/06/2023 00:11:24,ESCANER
9373,"Sololá",7,"Santa Catarina Ixtahuacán",6,1153,380,,,,,,,,,,,,,,,,,,,0,,,
9374,"Sololá",7,"Santa Catarina Ixtahuacán",6,1153,380,,,,,,,,,,,,,,,,,,,0,,,
9375,"Sololá",7,"Santa Catarina Ixtahuacán",6,1153,380,141,121,0,0,1,263,8,6,277,0,277,0,380,103,263,277,277,,1,41cc270d8d2bbdb5b0445a0ba91f5c2dc939b866f7bebe2d6cb34c9d3f35f506,25/06/2023 23:48:14,ESCANER
9376,"Sololá",7,"Santa Catarina Ixtahuacán",6,1153,380,,,,,,,,,,,,,,,,,,,0,,,
9377,"Sololá",7,"Santa Catarina Ixtahuacán",6,1153,380,172,90,0,1,1,264,4,3,271,0,271,2,377,106,264,271,271,,1,99e7b67ff5f9bbddfc8436bf4a8340d15ede10d18f33f96c86b8d0aa97c10532,25/06/2023 23:57:05,ESCANER
9378,"Sololá",7,"Santa Catarina Ixtahuacán",6,1153,380,172,106,3,0,0,281,13,0,294,0,294,0,380,86,281,294,294,,1,8cf1a5a71a2a4c46afc0fc2d2f9d546732ee6eccadc0de44fa5364995a6cece2,25/06/2023 23:30:01,ESCANER
9379,"Sololá",7,"Santa Catarina Ixtahuacán",6,1154,380,,,,,,,,,,,,,,,,,,,0,,,
9380,"Sololá",7,"Santa Catarina Ixtahuacán",6,1154,380,168,82,1,1,0,252,9,6,267,0,267,1,380,113,252,267,267,,1,3ce6915ca4542ba0d27f48a436dced37dcac3e6c35af6f9adae72892029fd2ad,25/06/2023 23:48:51,ESCANER
9381,"Sololá",7,"Santa Catarina Ixtahuacán",6,1155,380,190,82,0,0,0,272,0,0,272,0,272,--,--,--,272,272,272,Algún campo sin dato,1,b2c70ddf24eda7ea46e32cc7775f678a8730ebcac5eddee9c0928da49fe79820,26/06/2023 00:05:58,ESCANER
9382,"Sololá",7,"Santa Catarina Ixtahuacán",6,1155,380,193,86,1,--,--,280,1,0,281,--,--,0,380,99,280,281,281,Algún campo sin dato,1,e8fafcd521344d2b28dd3ab37ab9207928bcf35ada20ef5bf9f3329d07f40e02,25/06/2023 23:06:37,ESCANER
9383,"Sololá",7,"Santa Catarina Ixtahuacán",6,1156,380,,,,,,,,,,,,,,,,,,,0,,,
9384,"Sololá",7,"Santa Catarina Ixtahuacán",6,1156,344,152,62,1,0,1,216,3,2,221,0,221,--,344,123,216,221,221,Algún campo sin dato,1,21aea5dba0baf58e9e668ff43518abdfdd27c4073e2e793e0b88d9fe8b1358f5,25/06/2023 23:14:50,ESCANER
9385,"Sololá",7,"Santa Catarina Ixtahuacán",6,1156,343,,,,,,,,,,,,,,,,,,,0,,,
9386,"Sololá",7,"Santa Catarina Ixtahuacán",6,1157,380,,,,,,,,,,,,,,,,,,,0,,,
9387,"Sololá",7,"Santa Catarina Ixtahuacán",6,1157,380,,,,,,,,,,,,,,,,,,,0,,,
9388,"Sololá",7,"Santa Catarina Ixtahuacán",6,1157,380,,,,,,,,,,,,,,,,,,,0,,,
9389,"Sololá",7,"Santa Catarina Ixtahuacán",6,1157,380,177,67,4,0,2,250,12,2,264,0,264,0,380,116,250,264,264,,1,1058f3df0c8545e4e364a8c4da3137c8d553888cf7c72c3de24921c846a2d632,25/06/2023 23:43:03,ESCANER
9390,"Sololá",7,"Santa Catarina Ixtahuacán",6,1157,380,187,73,5,0,1,266,1,5,272,0,272,0,380,108,266,272,272,,1,46b9bc8fd32b4deecc685d6c4768b52070abce8da8f34e39ee70b409ca180bdc,25/06/2023 23:57:40,ESCANER
9391,"Sololá",7,"Santa Catarina Ixtahuacán",6,1157,380,,,,,,,,,,,,,,,,,,,0,,,
9392,"Sololá",7,"Santa Catarina Ixtahuacán",6,1157,380,,,,,,,,,,,,,,,,,,,0,,,
9393,"Sololá",7,"Santa Catarina Ixtahuacán",6,1157,380,189,78,4,0,0,271,2,0,273,0,273,0,380,107,271,273,273,,1,110cc7e3509b8897fccd9a8ab9553dd7b409fa45380ef7925bb4361828b86ffa,26/06/2023 00:09:11,ESCANER
9394,"Sololá",7,"Santa Catarina Ixtahuacán",6,1157,380,,,,,,,,,,,,,,,,,,,0,,,
9395,"Sololá",7,"Santa Catarina Ixtahuacán",6,1157,380,,,,,,,,,,,,,,,,,,,0,,,
9396,"Sololá",7,"Santa Catarina Ixtahuacán",6,1158,380,176,100,15,0,0,291,19,5,315,--,--,1,379,64,291,315,315,Algún campo sin dato,1,95bbead46bd7b5936159d999222e7f2fffeb7d9662e0cf2209a6093a8c15b329,25/06/2023 23:43:26,ESCANER
9397,"Sololá",7,"Santa Catarina Ixtahuacán",6,1158,380,202,100,10,2,1,315,15,6,336,0,336,0,380,44,315,336,336,,1,0f2ec9e1b9b8d7f779019234d895d51ff990ecf5bb66835e7b6fdbb3a176fa59,25/06/2023 23:14:10,ESCANER
9398,"Sololá",7,"Santa Catarina Ixtahuacán",6,1158,298,132,61,4,1,1,199,2,0,201,0,201,0,298,97,199,201,201,,1,4e8792f8d0e76606cb19e1f1738477443d4a7f269d6c897421fac536c0024b77,26/06/2023 00:19:14,ESCANER
9399,"Sololá",7,"Santa Catarina Ixtahuacán",6,1158,297,152,64,3,0,2,221,7,0,228,--,--,--,297,69,221,228,228,Algún campo sin dato,1,4d5c8f6f26112a88053b110a9f2a405902112c64629320840d9cdfddb3fac7d2,25/06/2023 23:19:44,ESCANER
9400,"Sololá",7,"Santa Catarina Ixtahuacán",6,1159,380,,,,,,,,,,,,,,,,,,,0,,,
9401,"Sololá",7,"Santa Catarina Ixtahuacán",6,1159,380,,,,,,,,,,,,,,,,,,,0,,,
9402,"Sololá",7,"Santa Catarina Ixtahuacán",6,1159,380,,,,,,,,,,,,,,,,,,,0,,,
9403,"Sololá",7,"Santa Catarina Ixtahuacán",6,1159,380,212,73,11,2,0,298,3,1,302,0,302,0,380,78,298,302,302,,1,df08c1668380d2277a16488f33810ed60dccf10d669c5f56469385dc6d5aaf17,25/06/2023 23:24:23,ESCANER
9404,"Sololá",7,"Santa Catarina Ixtahuacán",6,1159,380,,,,,,,,,,,,,,,,,,,0,,,
9405,"Sololá",7,"Santa Catarina Ixtahuacán",6,1159,221,,,,,,,,,,,,,,,,,,,0,,,
9406,"Sololá",7,"Santa Catarina Ixtahuacán",6,1159,221,,,,,,,,,,,,,,,,,,,0,,,
9407,"Sololá",7,"Santa Catarina Ixtahuacán",6,1160,380,,,,,,,,,,,,,,,,,,,0,,,
9408,"Sololá",7,"Santa Catarina Ixtahuacán",6,1160,380,242,37,12,1,1,293,9,4,306,0,302,--,380,71,293,306,306,Sumas Asentadas sin cuadrar,1,0ab7c97327f6ab4573f82d8a3dbacf0bd79fd756ea0b9c90db44116f90f6455f,26/06/2023 00:12:50,ESCANER
9409,"Sololá",7,"Santa Catarina Ixtahuacán",6,1160,380,,,,,,,,,,,,,,,,,,,0,,,
9410,"Sololá",7,"Santa Catarina Ixtahuacán",6,1160,380,,,,,,,,,,,,,,,,,,,0,,,
9411,"Sololá",7,"Santa Catarina Ixtahuacán",6,1160,380,,,,,,,,,,,,,,,,,,,0,,,
9412,"Sololá",7,"Santa Catarina Ixtahuacán",6,1160,380,,,,,,,,,,,,,,,,,,,0,,,
9413,"Sololá",7,"Santa Catarina Ixtahuacán",6,1160,380,,,,,,,,,,,,,,,,,,,0,,,
9414,"Sololá",7,"Santa Catarina Ixtahuacán",6,1160,380,210,47,18,1,0,276,16,5,297,0,297,1,380,82,276,297,297,,1,27c9bfb5c2d69acb458f6ef151a4fccc4d9e939ffdd8d199cdd28cc525447512,26/06/2023 00:25:16,ESCANER
9415,"Sololá",7,"Santa Catarina Ixtahuacán",6,1160,380,,,,,,,,,,,,,,,,,,,0,,,
9416,"Sololá",7,"Santa Catarina Ixtahuacán",6,1160,380,,,,,,,,,,,,,,,,,,,0,,,
9417,"Sololá",7,"Santa Catarina Ixtahuacán",6,1160,380,225,40,3,0,0,268,2,0,270,0,270,--,380,110,268,270,270,Algún campo sin dato,1,5dfd24e2303f776c90902f7958c94410fca184b7687074dce0e08d723725c0b1,25/06/2023 22:25:00,ESCANER
9418,"Sololá",7,"Santa Catarina Ixtahuacán",6,1160,380,,,,,,,,,,,,,,,,,,,0,,,
9419,"Sololá",7,"Santa Catarina Ixtahuacán",6,1160,297,,,,,,,,,,,,,,,,,,,0,,,
9420,"Sololá",7,"Santa Catarina Ixtahuacán",6,1160,296,132,31,3,0,0,166,1,4,171,0,171,1,296,121,166,171,171,,1,152923aa40c6c775c6e35b264aa67e611303fd056ea8a2abafc62b43636c0508,25/06/2023 23:50:43,ESCANER
9421,"Sololá",7,"Santa Catarina Ixtahuacán",6,1161,380,,,,,,,,,,,,,,,,,,,0,,,
9422,"Sololá",7,"Santa Catarina Ixtahuacán",6,1161,380,187,88,10,2,2,289,21,6,316,0,316,0,380,64,289,316,316,,1,3ddfc9a5903e3314e6ed6c985f20607b81fecc6050f8d57d37c38b5a050a1b85,25/06/2023 23:21:20,ESCANER
9423,"Sololá",7,"Santa Catarina Ixtahuacán",6,1161,380,,,,,,,,,,,,,,,,,,,0,,,
9424,"Sololá",7,"Santa Catarina Ixtahuacán",6,1161,302,97,112,1,0,0,210,3,5,218,1,219,--,299,80,210,218,219,Algún campo sin dato,1,f158ae8f72c05a4dde06ab0f7a1dcac168c1c45a59db84006dd3ec1b91710be9,25/06/2023 22:39:01,ESCANER
9425,"Sololá",7,"Santa Catarina Ixtahuacán",6,1161,302,104,118,0,0,0,222,3,0,225,0,225,0,303,78,222,225,225,,1,92c163f75aeb50d3f282feb4a12f6d26f1dc7dbc4d921092feaf9591bb24c7df,26/06/2023 00:13:17,ESCANER
9426,"Sololá",7,"Santa Catarina Ixtahuacán",6,1162,380,170,133,2,3,3,311,7,11,329,0,329,--,380,51,311,329,329,Algún campo sin dato,1,16936d0204bae79454741176f553803e59fd9c265a2d94ca8d027596d67cb4ae,26/06/2023 00:14:42,ESCANER
9427,"Sololá",7,"Santa Catarina Ixtahuacán",6,1162,380,197,128,1,0,2,328,8,1,337,0,337,--,379,42,328,337,337,Algún campo sin dato,1,5c41eb3eb6d8ba76007c79535ceb837709e5fcddf785af006232609f2d7da113,26/06/2023 00:09:43,ESCANER
9428,"Sololá",7,"Santa Catarina Ixtahuacán",6,1162,380,,,,,,,,,,,,,,,,,,,0,,,
9429,"Sololá",7,"Santa Catarina Ixtahuacán",6,1162,243,91,73,0,0,1,165,3,1,169,0,169,7,243,74,165,169,169,,1,bf3991097f8c21ec401fe04af17d2c8596cbae3e1a578033fadbdc9908c3d4b7,26/06/2023 00:09:18,ESCANER
9430,"Sololá",7,"Santa Catarina Ixtahuacán",6,1162,243,,,,,,,,,,,,,,,,,,,0,,,
9431,"Sololá",7,"Santa Catarina Ixtahuacán",6,1163,380,,,,,,,,,,,,,,,,,,,0,,,
9432,"Sololá",7,"Santa Catarina Ixtahuacán",6,1163,380,,,,,,,,,,,,,,,,,,,0,,,
9433,"Sololá",7,"Santa Catarina Ixtahuacán",6,1163,380,,,,,,,,,,,,,,,,,,,0,,,
9434,"Sololá",7,"Santa Catarina Ixtahuacán",6,1163,380,,,,,,,,,,,,,,,,,,,0,,,
9435,"Sololá",7,"Santa Catarina Ixtahuacán",6,1163,380,93,111,26,0,2,232,5,1,238,0,238,1,376,137,232,238,238,,1,6119ef1ad57b00bcbfd0b1a81fbacc60d428068a0d1c67f66badf4ef7ea7998e,25/06/2023 23:48:37,ESCANER
9436,"Sololá",7,"Santa Catarina Ixtahuacán",6,1163,326,86,114,11,1,0,212,2,0,214,0,214,0,326,112,212,214,214,,1,4f99e0fa21307db7a8037811e31dcb64f04886457f0fe77148dd66991b95fc46,25/06/2023 23:56:48,ESCANER
9437,"Sololá",7,"Santa Catarina Ixtahuacán",6,1163,326,71,118,16,0,4,209,0,1,210,0,210,0,325,115,209,210,210,,1,2ee8fa13dceef4a5f0aa0da3f25f47ca515adf88c1b2ec7baa5a25913608a53c,26/06/2023 00:11:30,ESCANER
9438,"Sololá",7,"Santa Catarina Ixtahuacán",6,1164,360,,,,,,,,,,,,,,,,,,,0,,,
9439,"Sololá",7,"Santa Catarina Ixtahuacán",6,1164,360,,,,,,,,,,,,,,,,,,,0,,,
9440,"Sololá",7,"Santa Catarina Ixtahuacán",6,1165,380,,,,,,,,,,,,,,,,,,,0,,,
9441,"Sololá",7,"Santa Catarina Ixtahuacán",6,1165,265,,,,,,,,,,,,,,,,,,,0,,,
9442,"Sololá",7,"Santa Catarina Ixtahuacán",6,1165,265,,,,,,,,,,,,,,,,,,,0,,,
9443,"Sololá",7,"Santa Catarina Ixtahuacán",6,1166,375,178,114,4,1,3,300,6,18,324,0,324,--,375,51,300,324,324,Algún campo sin dato,1,5800947581f80b626a0ec9b0ef051c407547a4a0ce44d5aed6623e6d1122a383,25/06/2023 22:58:09,ESCANER
9444,"Sololá",7,"Santa Catarina Ixtahuacán",6,1166,374,169,101,1,0,2,273,0,1,274,0,274,0,374,100,273,274,274,,1,46e8bea0a3c254aeaf38783bc186549f2617c335c6a21f0ed58f740a031e8a57,25/06/2023 23:35:41,ESCANER
9445,"Sololá",7,"Santa Catarina Ixtahuacán",6,1167,328,20,25,2,0,0,47,4,0,51,0,51,--,328,277,47,51,51,Algún campo sin dato,1,35b29543a4aae30e3fbfd711939e6a22f105a9a782dd3aef779de6d02d0eeae9,25/06/2023 21:03:48,ESCANER