﻿TIPO_DE_ELECCIÓN:,CORPORACIÓN MUNICIPAL
26 junio 2023 00:28 (UTC -6)
ACTAS_ESPERADAS,ACTAS_CAPTURADAS,PORCENTAJE_ACTAS_CAPTURADAS,ACTAS_CONTABILIZADAS,PORCENTAJE_ACTAS_CONTABILIZADAS,ACTAS_NO_CONTABILIZADAS,LISTA_NOMINAL_ACTAS_CONTABILIZADAS,VOTOS_EMITIDOS_CONTABILIZADAS,PORCENTAJE_PARTICIPACIÓN_CIUDADANA
49,30,61.2244,30,61.2244,0,11129,7963,71.5518

MESA,DEPARTAMENTO,ID_DEPARTAMENTO,MUNICIPIO,ID_MUNICIPIO,CENTRO_DE_VOTACIÓN,PADRÓN,BIEN,UNE,CABAL,VIVA,SEMILLA,U R N G - MAIZ,UR,CAMBIO,VICTORIA,AZUL,MLP,VALOR,PODEMOS,WINAQ,TODOS,PPN,VAMOS,VÁLIDOS,NULOS,BLANCO,EMITIDOS,INVÁLIDOS,TOTAL,IMPUGNACIONES,PAPELETAS-RECIBIDAS,PAPELETAS-NO-USADAS,VALIDOS_CALCULADO,EMITIDOS_CALCULADO,TOTAL_CALCULADO,OBSERVACIONES,CONTABILIZADA,CÓDIGO_INTEGRIDAD,FECHA_HORA_PUBLICACIÓN,DIGITALIZACIÓN
10095,"Totonicapán",8,"San Andrés Xecul",4,1307,400,17,130,11,2,5,0,4,18,7,1,1,8,12,1,7,22,29,275,13,8,296,0,296,0,400,104,275,296,296,,1,15bc39325a8102f43eb22c7eaa3e22dc6aae79dab25a1879a2352c33b1175d56,25/06/2023 23:00:36,ESCANER
10096,"Totonicapán",8,"San Andrés Xecul",4,1307,400,10,140,12,3,9,5,4,14,8,0,2,7,12,3,11,23,35,298,20,4,322,0,322,0,400,78,298,322,322,,1,58ac098ba8cc07dcbcacdcc54a1099778d452bbf88baf2c8b2dc9f18eae26b77,25/06/2023 23:03:58,ESCANER
10097,"Totonicapán",8,"San Andrés Xecul",4,1307,400,11,133,13,7,4,3,3,22,3,1,3,11,9,2,13,24,40,302,19,4,325,0,325,0,400,75,302,325,325,,1,ea46d9782f66f3b4b82e977c81ef6f94ce2a72ddecd24460c6df9bd7d4775ea5,25/06/2023 23:41:07,ESCANER
10098,"Totonicapán",8,"San Andrés Xecul",4,1307,400,,,,,,,,,,,,,,,,,,,,,,,,,,,,,,,0,,,
10099,"Totonicapán",8,"San Andrés Xecul",4,1307,400,16,179,15,4,6,0,2,19,4,0,2,2,12,0,5,23,13,302,10,8,320,0,320,0,400,80,302,320,320,,1,3d385660f21a8c50fdfba18e793577c0ef68b4851720e4f889531090b16ea5d2,26/06/2023 00:01:43,ESCANER
10100,"Totonicapán",8,"San Andrés Xecul",4,1308,400,9,168,18,7,2,3,6,12,5,0,0,5,10,0,8,17,10,280,15,10,305,0,305,0,400,95,280,305,305,,1,bc23b87e3f5999797639b59a35debd6f4c1799342f6d08fce63a765a88d0fd6c,25/06/2023 23:25:26,ESCANER
10101,"Totonicapán",8,"San Andrés Xecul",4,1308,400,12,122,12,3,4,1,0,17,8,2,0,3,11,1,4,17,24,241,6,4,251,0,251,0,400,149,241,251,251,,1,783b1bb23900ee829074950cc574222d17c761734a8d08291f9de5b0ebe48c54,25/06/2023 22:00:16,ESCANER
10102,"Totonicapán",8,"San Andrés Xecul",4,1308,400,9,129,17,3,5,1,2,16,8,1,1,5,8,4,3,11,28,251,5,1,257,0,257,0,400,143,251,257,257,,1,0a6d96f4c3ccb60caaf2bafceb6c16d0b1b4e4e665d54971cfe2441815ee6172,25/06/2023 23:06:06,ESCANER
10103,"Totonicapán",8,"San Andrés Xecul",4,1308,400,9,128,12,1,2,0,1,19,4,0,0,4,9,0,6,17,21,233,5,2,240,0,240,0,400,160,233,240,240,,1,19361989d5348b9129646732a4d2d5b4cf23a3b46b41bfabb7dec4d0ac5ff6bf,25/06/2023 23:38:25,ESCANER
10104,"Totonicapán",8,"San Andrés Xecul",4,1308,400,8,107,15,4,3,0,1,18,6,1,0,6,7,3,8,20,26,233,2,1,236,0,236,0,398,162,233,236,236,,1,905a5ec39da3b334de22292ac1e0068189cdf6bee487ab12e187b788596ab999,25/06/2023 22:51:53,ESCANER
10105,"Totonicapán",8,"San Andrés Xecul",4,1309,245,4,68,8,1,4,1,1,19,3,0,0,6,3,1,3,11,14,147,2,0,149,0,149,0,245,96,147,149,149,,1,c4f88a28e4f4655a41abc08b66177e7d1ff9b55f822b294bc561818b6fab537f,25/06/2023 21:45:25,ESCANER
10106,"Totonicapán",8,"San Andrés Xecul",4,1309,244,5,60,7,4,2,0,1,6,4,0,1,6,5,1,7,20,17,146,3,0,149,0,149,0,241,92,146,149,149,,1,58bb1006cc4719eac1608a5ab5670fd220cc701be6a1931d6b6f7fa3ba06af24,25/06/2023 22:12:19,ESCANER
10107,"Totonicapán",8,"San Andrés Xecul",4,1310,400,52,37,5,5,14,1,1,2,5,2,0,81,5,0,11,2,57,280,21,11,312,0,312,0,400,88,280,312,312,,1,b40b0b8a546ce86a127232826fb3305ee687fff12389674f956de08c359ebc8c,25/06/2023 23:21:25,ESCANER
10108,"Totonicapán",8,"San Andrés Xecul",4,1310,400,57,24,3,6,19,5,4,3,1,2,2,88,7,0,7,3,60,291,23,11,325,0,325,0,400,75,291,325,325,,1,7387e84e1a1d888798ad12c684852e2c3a6908e41f148df18ef3a425833b661b,25/06/2023 23:49:50,ESCANER
10109,"Totonicapán",8,"San Andrés Xecul",4,1310,400,49,23,8,6,10,2,1,1,0,4,0,93,9,0,20,1,58,285,31,10,326,0,326,0,400,74,285,326,326,,1,2c98a204024b9529ba6b2e466d0ae464fd1f23929ff9fd3f4dd3ce8c8be95065,25/06/2023 23:02:37,ESCANER
10110,"Totonicapán",8,"San Andrés Xecul",4,1310,400,42,27,9,4,15,1,2,0,2,1,1,105,5,0,21,3,57,295,20,10,325,0,325,0,400,75,295,325,325,,1,f6e5f8d14a66e24e63ba5d7f53eac5d1cb5093b2b9688b1f3130654560fa28ea,25/06/2023 23:54:48,ESCANER
10111,"Totonicapán",8,"San Andrés Xecul",4,1311,400,36,26,3,2,12,2,3,2,1,0,0,91,2,0,11,4,45,240,13,4,257,0,257,0,400,143,240,257,257,,1,51c8728753804f0d5815e990ec2c84b4ea318e0d72794d49bf3d51eccfc39f25,25/06/2023 20:53:14,ESCANER
10112,"Totonicapán",8,"San Andrés Xecul",4,1311,400,50,34,12,5,12,2,4,3,4,0,1,65,4,0,10,1,45,252,6,2,260,0,260,0,400,140,252,260,260,,1,969606c147dee9c4c68959e608515fce67f9c4edb6f859f8d33c7493667ed9e7,25/06/2023 22:44:50,ESCANER
10113,"Totonicapán",8,"San Andrés Xecul",4,1311,362,42,30,5,1,12,0,3,1,0,0,0,83,6,0,23,2,51,259,3,5,267,0,267,0,362,96,259,267,267,,1,3ff5e943d0ecbe61403c556c1241babcb6d6afedfd7fc38353b1171d1fb72fa5,25/06/2023 23:22:08,ESCANER
10114,"Totonicapán",8,"San Andrés Xecul",4,1311,362,38,22,11,3,9,0,1,3,1,0,0,83,3,0,11,0,39,224,6,5,235,0,235,0,362,127,224,235,235,,1,bc9074eb9fbb084a15cc20854058bad639ba7418ea7df4676a8eeb0863823cc1,25/06/2023 22:05:16,ESCANER
10115,"Totonicapán",8,"San Andrés Xecul",4,1312,380,,,,,,,,,,,,,,,,,,,,,,,,,,,,,,,0,,,
10116,"Totonicapán",8,"San Andrés Xecul",4,1312,380,22,75,39,10,3,3,1,10,1,4,1,1,95,0,18,2,36,321,9,5,335,0,335,0,380,45,321,335,335,,1,e7fcabd7a1f8fb2033045891104f82d5152745b0b928d6c950ea8ff2e9d081a3,25/06/2023 23:54:59,ESCANER
10117,"Totonicapán",8,"San Andrés Xecul",4,1312,380,,,,,,,,,,,,,,,,,,,,,,,,,,,,,,,0,,,
10118,"Totonicapán",8,"San Andrés Xecul",4,1312,380,,,,,,,,,,,,,,,,,,,,,,,,,,,,,,,0,,,
10119,"Totonicapán",8,"San Andrés Xecul",4,1312,380,23,96,20,5,1,1,0,4,0,2,1,3,72,0,14,2,34,278,2,3,283,0,283,0,380,97,278,283,283,,1,a51feb79ac9b29c6304913d2bfb50a92134cef37d8d339763154c116472de194,26/06/2023 00:27:04,ESCANER
10120,"Totonicapán",8,"San Andrés Xecul",4,1313,380,26,72,39,4,2,1,1,1,2,1,0,2,80,0,12,2,33,278,9,8,295,0,295,0,380,85,278,295,295,,1,36564347a918bdf3d086894d4c2027143645385ba7596d54cd66af6b511be4cc,25/06/2023 23:36:17,ESCANER
10121,"Totonicapán",8,"San Andrés Xecul",4,1313,380,,,,,,,,,,,,,,,,,,,,,,,,,,,,,,,0,,,
10122,"Totonicapán",8,"San Andrés Xecul",4,1313,380,,,,,,,,,,,,,,,,,,,,,,,,,,,,,,,0,,,
10123,"Totonicapán",8,"San Andrés Xecul",4,1314,205,12,30,13,3,1,1,1,0,1,1,1,0,39,0,11,5,24,143,2,0,145,0,145,0,205,60,143,145,145,,1,405786d7bae3f5d6dd35f3f6339c563c80ea184dbd1ebcee500842e83f0a7291,26/06/2023 00:00:53,ESCANER
10124,"Totonicapán",8,"San Andrés Xecul",4,1314,205,,,,,,,,,,,,,,,,,,,,,,,,,,,,,,,0,,,
10125,"Totonicapán",8,"San Andrés Xecul",4,1315,380,37,44,7,11,6,17,2,3,31,8,9,5,35,0,15,9,63,302,13,5,320,0,320,0,380,60,302,320,320,,1,438537dfd3e8eab758acfcbc04a98bef4fa7676cef47f3a6664f7b6ce62fc2a5,25/06/2023 23:48:40,ESCANER
10126,"Totonicapán",8,"San Andrés Xecul",4,1315,380,,,,,,,,,,,,,,,,,,,,,,,,,,,,,,,0,,,
10127,"Totonicapán",8,"San Andrés Xecul",4,1315,380,,,,,,,,,,,,,,,,,,,,,,,,,,,,,,,0,,,
10128,"Totonicapán",8,"San Andrés Xecul",4,1315,380,,,,,,,,,,,,,,,,,,,,,,,,,,,,,,,0,,,
10129,"Totonicapán",8,"San Andrés Xecul",4,1316,380,,,,,,,,,,,,,,,,,,,,,,,,,,,,,,,0,,,
10130,"Totonicapán",8,"San Andrés Xecul",4,1316,380,,,,,,,,,,,,,,,,,,,,,,,,,,,,,,,0,,,
10131,"Totonicapán",8,"San Andrés Xecul",4,1316,380,,,,,,,,,,,,,,,,,,,,,,,,,,,,,,,0,,,
10132,"Totonicapán",8,"San Andrés Xecul",4,1316,266,44,37,3,8,7,5,0,3,13,2,3,5,15,0,14,7,42,208,3,0,211,0,211,0,266,55,208,211,211,,1,df9c07733ed2f4cb6cdb01e88b0cd2bbde169dd7ef0c56f7b27f053275e9fb58,25/06/2023 23:27:47,ESCANER
10133,"Totonicapán",8,"San Andrés Xecul",4,1316,265,37,29,6,5,3,6,2,2,19,4,4,4,11,0,11,6,46,195,1,0,196,0,196,0,265,69,195,196,196,,1,1cfb36ef7cbd14ab10e8e3d2d4db450c7a59613cffc3d1bccf515317c65b8bb7,26/06/2023 00:05:29,ESCANER
10134,"Totonicapán",8,"San Andrés Xecul",4,1317,380,,,,,,,,,,,,,,,,,,,,,,,,,,,,,,,0,,,
10135,"Totonicapán",8,"San Andrés Xecul",4,1317,380,,,,,,,,,,,,,,,,,,,,,,,,,,,,,,,0,,,
10136,"Totonicapán",8,"San Andrés Xecul",4,1317,380,,,,,,,,,,,,,,,,,,,,,,,,,,,,,,,0,,,
10137,"Totonicapán",8,"San Andrés Xecul",4,1317,380,,,,,,,,,,,,,,,,,,,,,,,,,,,,,,,0,,,
10138,"Totonicapán",8,"San Andrés Xecul",4,1317,380,,,,,,,,,,,,,,,,,,,,,,,,,,,,,,,0,,,
10139,"Totonicapán",8,"San Andrés Xecul",4,1318,380,35,23,9,2,8,6,0,1,3,2,5,2,4,0,38,0,149,287,11,3,301,0,301,0,380,79,287,301,301,,1,5ad42b82239df24c80fac40f285dbf8068a46055ad447e598a5f51821eada637,26/06/2023 00:11:52,ESCANER
10140,"Totonicapán",8,"San Andrés Xecul",4,1318,380,30,31,5,1,4,0,2,3,2,0,2,2,7,0,31,2,174,296,2,4,302,0,303,1,380,77,296,302,302,Sumas Asentadas sin cuadrar,1,b5bf1973a66f12a08eba6442d38901c7cac008825b8120211fe94f3f91605109,26/06/2023 00:00:41,ESCANER
10141,"Totonicapán",8,"San Andrés Xecul",4,1318,376,23,38,2,3,2,0,2,1,0,0,2,2,4,0,35,1,177,292,1,0,293,0,293,0,376,83,292,293,293,,1,3b2f49a6f33e7da30943607a5e75c07cf224681b73eb3f10627f4947b754355d,26/06/2023 00:04:47,ESCANER
10142,"Totonicapán",8,"San Andrés Xecul",4,1318,376,,,,,,,,,,,,,,,,,,,,,,,,,,,,,,,0,,,
10143,"Totonicapán",8,"San Andrés Xecul",4,1319,524,9,38,6,4,3,2,3,8,2,0,2,5,13,0,2,11,10,118,5,2,125,0,125,0,536,411,118,125,125,,1,730460e45e49016ea2a598c46f3921a5b583992e38fcc9a05ef12afc5236dfc6,25/06/2023 21:49:30,ESCANER