﻿TIPO_DE_ELECCIÓN:,CORPORACIÓN MUNICIPAL
26 junio 2023 00:28 (UTC -6)
ACTAS_ESPERADAS,ACTAS_CAPTURADAS,PORCENTAJE_ACTAS_CAPTURADAS,ACTAS_CONTABILIZADAS,PORCENTAJE_ACTAS_CONTABILIZADAS,ACTAS_NO_CONTABILIZADAS,LISTA_NOMINAL_ACTAS_CONTABILIZADAS,VOTOS_EMITIDOS_CONTABILIZADAS,PORCENTAJE_PARTICIPACIÓN_CIUDADANA
39,16,41.0256,16,41.0256,0,5405,2224,41.1470

MESA,DEPARTAMENTO,ID_DEPARTAMENTO,MUNICIPIO,ID_MUNICIPIO,CENTRO_DE_VOTACIÓN,PADRÓN,MLP,VALOR,U R N G - MAIZ,WINAQ,TODOS,UNE,VAMOS,BIEN,PHG,CABAL,VIVA,PODER,PODEMOS,PR,VÁLIDOS,NULOS,BLANCO,EMITIDOS,INVÁLIDOS,TOTAL,IMPUGNACIONES,PAPELETAS-RECIBIDAS,PAPELETAS-NO-USADAS,VALIDOS_CALCULADO,EMITIDOS_CALCULADO,TOTAL_CALCULADO,OBSERVACIONES,CONTABILIZADA,CÓDIGO_INTEGRIDAD,FECHA_HORA_PUBLICACIÓN,DIGITALIZACIÓN
16243,"Huehuetenango",13,"San Juan Ixcoy",23,2406,400,10,1,8,32,59,8,38,0,28,7,2,2,0,0,195,13,8,216,0,216,--,397,181,195,216,216,Algún campo sin dato,1,8c3b01ebf8afa65955d1d9da530ca7922f2a9d07f7189d65e131b64ae6e734e6,26/06/2023 00:11:56,ESCANER
16244,"Huehuetenango",13,"San Juan Ixcoy",23,2406,400,20,1,8,32,66,4,38,0,16,4,3,0,2,0,194,1,16,211,11,222,--,400,178,194,211,222,Algún campo sin dato,1,7fdfffba282829958cae42d48274e12032ca639b917736c17c0b1e7b7f83d49e,26/06/2023 00:26:00,ESCANER
16245,"Huehuetenango",13,"San Juan Ixcoy",23,2406,400,,,,,,,,,,,,,,,,,,,,,,,,,,,,0,,,
16246,"Huehuetenango",13,"San Juan Ixcoy",23,2406,400,14,0,9,50,59,15,25,3,22,10,3,2,0,0,212,16,9,237,0,237,--,400,163,212,237,237,Algún campo sin dato,1,b324d47afc3ef3289e3f2d428e0a968f77d2606e4d982433186ebe26eb1f7083,26/06/2023 00:20:41,ESCANER
16247,"Huehuetenango",13,"San Juan Ixcoy",23,2406,400,,,,,,,,,,,,,,,,,,,,,,,,,,,,0,,,
16248,"Huehuetenango",13,"San Juan Ixcoy",23,2407,400,,,,,,,,,,,,,,,,,,,,,,,,,,,,0,,,
16249,"Huehuetenango",13,"San Juan Ixcoy",23,2407,400,,,,,,,,,,,,,,,,,,,,,,,,,,,,0,,,
16250,"Huehuetenango",13,"San Juan Ixcoy",23,2407,400,7,0,12,26,53,10,22,0,13,9,2,0,0,0,154,5,0,159,0,159,--,400,241,154,159,159,Algún campo sin dato,1,94b39c01566fd2a1bd9fc5bad732c45b2c801d0c387290d1cbf7d0170d866e74,26/06/2023 00:27:29,ESCANER
16251,"Huehuetenango",13,"San Juan Ixcoy",23,2407,400,,,,,,,,,,,,,,,,,,,,,,,,,,,,0,,,
16252,"Huehuetenango",13,"San Juan Ixcoy",23,2407,400,,,,,,,,,,,,,,,,,,,,,,,,,,,,0,,,
16253,"Huehuetenango",13,"San Juan Ixcoy",23,2408,400,9,3,12,32,47,9,29,0,17,6,3,0,0,0,167,6,4,177,0,177,--,400,223,167,177,177,Algún campo sin dato,1,c47d334d6540b4ca0d364bbda3d480e0771e20fab7eacaf4b464742241385cd3,25/06/2023 23:23:33,ESCANER
16254,"Huehuetenango",13,"San Juan Ixcoy",23,2408,400,12,0,0,27,46,13,32,6,14,5,2,1,1,0,159,8,3,170,230,400,--,400,230,159,170,400,Algún campo sin dato,1,791a65019e3f4c9e229137abb918bb6a4658ead08209a9b11103615382b07acd,25/06/2023 22:40:06,ESCANER
16255,"Huehuetenango",13,"San Juan Ixcoy",23,2408,400,,,,,,,,,,,,,,,,,,,,,,,,,,,,0,,,
16256,"Huehuetenango",13,"San Juan Ixcoy",23,2408,400,17,0,5,35,45,11,25,1,23,7,3,0,0,0,172,4,2,178,0,178,--,400,222,172,178,178,Algún campo sin dato,1,b9145b876b6aefbe802c863731cb125c6279db6e10e12313887fda4917f90514,25/06/2023 22:38:17,ESCANER
16257,"Huehuetenango",13,"San Juan Ixcoy",23,2409,232,7,1,8,20,28,7,18,1,14,3,2,0,0,0,109,1,1,111,1,112,--,229,117,109,111,112,Algún campo sin dato,1,c12e0024a3c424174e143dcafdeaf6138e7b4b235e28684766a1351bea71a6d1,26/06/2023 00:19:53,ESCANER
16258,"Huehuetenango",13,"San Juan Ixcoy",23,2409,231,11,0,6,9,17,1,17,1,10,2,3,1,0,0,78,2,5,85,0,85,--,231,146,78,85,85,Algún campo sin dato,1,7d08e851f25b6e39c3f86831a0f9670863057acd054779b589eb8700eb021ec3,25/06/2023 22:32:50,ESCANER
16259,"Huehuetenango",13,"San Juan Ixcoy",23,2410,380,,,,,,,,,,,,,,,,,,,,,,,,,,,,0,,,
16260,"Huehuetenango",13,"San Juan Ixcoy",23,2410,380,,,,,,,,,,,,,,,,,,,,,,,,,,,,0,,,
16261,"Huehuetenango",13,"San Juan Ixcoy",23,2410,380,2,1,0,37,32,31,9,0,3,3,36,2,0,0,156,16,18,190,0,190,--,380,190,156,190,190,Algún campo sin dato,1,3e516641f5c559458d54467a6b46e5c5f7087d3d3f17a029e6c582c32e39d42d,26/06/2023 00:17:56,ESCANER
16262,"Huehuetenango",13,"San Juan Ixcoy",23,2410,380,0,0,0,14,58,24,3,0,3,0,19,7,1,0,129,15,9,153,0,153,--,380,227,129,153,153,Algún campo sin dato,1,b0f371a20858f0468b9c861e04637948d9a0492feb1c6f4a400f4801865a5167,25/06/2023 23:22:35,ESCANER
16263,"Huehuetenango",13,"San Juan Ixcoy",23,2410,380,,,,,,,,,,,,,,,,,,,,,,,,,,,,0,,,
16264,"Huehuetenango",13,"San Juan Ixcoy",23,2411,380,,,,,,,,,,,,,,,,,,,,,,,,,,,,0,,,
16265,"Huehuetenango",13,"San Juan Ixcoy",23,2411,228,,,,,,,,,,,,,,,,,,,,,,,,,,,,0,,,
16266,"Huehuetenango",13,"San Juan Ixcoy",23,2411,227,0,0,1,6,38,16,1,0,1,1,14,4,1,0,83,3,7,93,0,93,--,227,134,83,93,93,Algún campo sin dato,1,eeb312c7e8312879aa137c45a65823d7b3e4c9e37d1e66a2d345a35893ef6f1d,26/06/2023 00:12:58,ESCANER
16267,"Huehuetenango",13,"San Juan Ixcoy",23,2412,380,,,,,,,,,,,,,,,,,,,,,,,,,,,,0,,,
16268,"Huehuetenango",13,"San Juan Ixcoy",23,2412,244,0,0,7,12,27,6,19,0,13,0,2,0,0,0,86,3,2,91,0,91,--,244,153,86,91,91,Algún campo sin dato,1,5e02b5b4e476f1dfe446d56045880a7542ab715446c4472ef2efb6fc0c09903e,25/06/2023 22:05:30,ESCANER
16269,"Huehuetenango",13,"San Juan Ixcoy",23,2412,243,1,0,7,21,23,3,9,0,7,0,0,0,0,0,71,5,1,77,0,77,--,240,163,71,77,77,Algún campo sin dato,1,d7c5887c3abb47d04212858ca73e7e6d29ead741310cc1b7b14248bdb0c408e6,26/06/2023 00:02:10,ESCANER
16270,"Huehuetenango",13,"San Juan Ixcoy",23,2413,380,,,,,,,,,,,,,,,,,,,,,,,,,,,,0,,,
16271,"Huehuetenango",13,"San Juan Ixcoy",23,2413,380,,,,,,,,,,,,,,,,,,,,,,,,,,,,0,,,
16272,"Huehuetenango",13,"San Juan Ixcoy",23,2413,266,,,,,,,,,,,,,,,,,,,,,,,,,,,,0,,,
16273,"Huehuetenango",13,"San Juan Ixcoy",23,2413,266,,,,,,,,,,,,,,,,,,,,,,,,,,,,0,,,
16274,"Huehuetenango",13,"San Juan Ixcoy",23,2414,380,,,,,,,,,,,,,,,,,,,,,,,,,,,,0,,,
16275,"Huehuetenango",13,"San Juan Ixcoy",23,2414,380,,,,,,,,,,,,,,,,,,,,,,,,,,,,0,,,
16276,"Huehuetenango",13,"San Juan Ixcoy",23,2414,226,,,,,,,,,,,,,,,,,,,,,,,,,,,,0,,,
16277,"Huehuetenango",13,"San Juan Ixcoy",23,2414,226,,,,,,,,,,,,,,,,,,,,,,,,,,,,0,,,
16278,"Huehuetenango",13,"San Juan Ixcoy",23,2415,368,,,,,,,,,,,,,,,,,,,,,,,,,,,,0,,,
16279,"Huehuetenango",13,"San Juan Ixcoy",23,2415,368,,,,,,,,,,,,,,,,,,,,,,,,,,,,0,,,
16280,"Huehuetenango",13,"San Juan Ixcoy",23,2416,334,4,0,8,3,12,2,7,0,4,4,2,0,0,0,46,2,3,51,1,52,--,334,282,46,51,52,Algún campo sin dato,1,5c27937944c291d191de0ed886d6cd870e1b1dfa43413773d896d51f08c3fe63,25/06/2023 22:03:24,ESCANER
16281,"Huehuetenango",13,"San Juan Ixcoy",23,2416,334,1,0,4,5,7,0,1,0,2,2,1,0,0,0,23,2,0,25,0,25,--,334,309,23,25,25,Algún campo sin dato,1,7cafc0cb2b77613c36efd23819770e48e29afcf2f5dc078295b5ea6df852fa01,25/06/2023 22:15:03,ESCANER