﻿TIPO_DE_ELECCIÓN:,CORPORACIÓN MUNICIPAL
26 junio 2023 00:28 (UTC -6)
ACTAS_ESPERADAS,ACTAS_CAPTURADAS,PORCENTAJE_ACTAS_CAPTURADAS,ACTAS_CONTABILIZADAS,PORCENTAJE_ACTAS_CONTABILIZADAS,ACTAS_NO_CONTABILIZADAS,LISTA_NOMINAL_ACTAS_CONTABILIZADAS,VOTOS_EMITIDOS_CONTABILIZADAS,PORCENTAJE_PARTICIPACIÓN_CIUDADANA
104,46,44.2307,46,44.2307,0,16782,10071,60.0107

MESA,DEPARTAMENTO,ID_DEPARTAMENTO,MUNICIPIO,ID_MUNICIPIO,CENTRO_DE_VOTACIÓN,PADRÓN,VAMOS,MLP,UNE,BIEN,PODEMOS,CABAL,AZUL,MI FAMILIA,VALOR UNIONISTA,VÁLIDOS,NULOS,BLANCO,EMITIDOS,INVÁLIDOS,TOTAL,IMPUGNACIONES,PAPELETAS-RECIBIDAS,PAPELETAS-NO-USADAS,VALIDOS_CALCULADO,EMITIDOS_CALCULADO,TOTAL_CALCULADO,OBSERVACIONES,CONTABILIZADA,CÓDIGO_INTEGRIDAD,FECHA_HORA_PUBLICACIÓN,DIGITALIZACIÓN
8671,"Santa Rosa",6,"Chiquimulilla",8,1038,400,136,2,83,4,1,12,4,1,14,257,15,3,275,0,275,--,400,125,257,275,275,Algún campo sin dato,1,6cfc1a9a64b585c026339c9072f2d00e09406ff378156aef16bcba2b42701470,25/06/2023 23:56:07,ESCANER
8672,"Santa Rosa",6,"Chiquimulilla",8,1038,400,126,3,97,3,0,13,2,3,11,258,10,1,269,0,269,--,400,131,258,269,269,Algún campo sin dato,1,41315959f9a8e201b380d2180b6ecc211938eead961cf3c642400404a56f2003,25/06/2023 22:51:03,ESCANER
8673,"Santa Rosa",6,"Chiquimulilla",8,1038,400,117,2,90,4,1,12,2,3,1,232,10,1,243,0,243,--,400,157,232,243,243,Algún campo sin dato,1,9ee1ce988e2c15a3f01c2f2255f429e44721595ef7d5cf2eb609fd8bb605813c,25/06/2023 23:23:34,ESCANER
8674,"Santa Rosa",6,"Chiquimulilla",8,1038,400,,,,,,,,,,,,,,,,,,,,,,,0,,,
8675,"Santa Rosa",6,"Chiquimulilla",8,1038,369,,,,,,,,,,,,,,,,,,,,,,,0,,,
8676,"Santa Rosa",6,"Chiquimulilla",8,1038,368,116,5,64,0,0,7,0,0,3,195,9,0,204,0,204,--,368,164,195,204,204,Algún campo sin dato,1,0970c4e3791e8078cf98f5310e53b6d93dfc44595aac42826b39c7376bdfd242,26/06/2023 00:09:56,ESCANER
8677,"Santa Rosa",6,"Chiquimulilla",8,1039,400,,,,,,,,,,,,,,,,,,,,,,,0,,,
8678,"Santa Rosa",6,"Chiquimulilla",8,1039,400,123,3,122,3,1,10,4,2,11,279,25,4,308,0,308,--,400,92,279,308,308,Algún campo sin dato,1,3490f88c4186166a128a283484245f68d6c14fe530bab5020861a0fd6e6bb929,25/06/2023 23:09:04,ESCANER
8679,"Santa Rosa",6,"Chiquimulilla",8,1039,400,,,,,,,,,,,,,,,,,,,,,,,0,,,
8680,"Santa Rosa",6,"Chiquimulilla",8,1039,400,,,,,,,,,,,,,,,,,,,,,,,0,,,
8681,"Santa Rosa",6,"Chiquimulilla",8,1039,400,,,,,,,,,,,,,,,,,,,,,,,0,,,
8682,"Santa Rosa",6,"Chiquimulilla",8,1039,400,,,,,,,,,,,,,,,,,,,,,,,0,,,
8683,"Santa Rosa",6,"Chiquimulilla",8,1039,400,,,,,,,,,,,,,,,,,,,,,,,0,,,
8684,"Santa Rosa",6,"Chiquimulilla",8,1039,400,,,,,,,,,,,,,,,,,,,,,,,0,,,
8685,"Santa Rosa",6,"Chiquimulilla",8,1039,400,113,0,122,3,0,8,0,1,5,252,7,3,262,0,262,--,401,139,252,262,262,Algún campo sin dato,1,d6a4d4beb98f4c66778bc0e2a62955fd74a1fd2bdb76d4ecd05a404da09be48b,26/06/2023 00:26:38,ESCANER
8686,"Santa Rosa",6,"Chiquimulilla",8,1039,353,127,1,109,4,2,5,2,0,7,257,6,0,263,0,263,--,350,87,257,263,263,Algún campo sin dato,1,c9218d676d697fdb92b720abba18769ec3e95c014e5ee99a47ba8a81769f1f54,25/06/2023 22:29:08,ESCANER
8687,"Santa Rosa",6,"Chiquimulilla",8,1039,353,,,,,,,,,,,,,,,,,,,,,,,0,,,
8688,"Santa Rosa",6,"Chiquimulilla",8,1040,321,,,,,,,,,,,,,,,,,,,,,,,0,,,
8689,"Santa Rosa",6,"Chiquimulilla",8,1040,321,,,,,,,,,,,,,,,,,,,,,,,0,,,
8690,"Santa Rosa",6,"Chiquimulilla",8,1041,400,,,,,,,,,,,,,,,,,,,,,,,0,,,
8691,"Santa Rosa",6,"Chiquimulilla",8,1041,400,,,,,,,,,,,,,,,,,,,,,,,0,,,
8692,"Santa Rosa",6,"Chiquimulilla",8,1041,400,148,1,116,0,0,12,2,0,5,284,13,0,297,0,297,--,400,103,284,297,297,Algún campo sin dato,1,7371973b5f042165f1bcba2a30f4bdb82a4c7b016e0a25ee90fce5dd93eb2be7,25/06/2023 23:16:34,ESCANER
8693,"Santa Rosa",6,"Chiquimulilla",8,1041,400,125,1,115,1,3,14,0,0,11,270,6,0,276,0,276,--,400,124,270,276,276,Algún campo sin dato,1,2f5ee66534f2641accbb5b98d3e3b86eb015a66caeb64bd666336ebe8af48aad,26/06/2023 00:28:04,ESCANER
8694,"Santa Rosa",6,"Chiquimulilla",8,1041,400,,,,,,,,,,,,,,,,,,,,,,,0,,,
8695,"Santa Rosa",6,"Chiquimulilla",8,1041,400,121,0,102,0,1,5,2,2,7,240,16,2,258,0,258,--,400,142,240,258,258,Algún campo sin dato,1,c171e1185be1634b5f5c081dc96a69d2945dd729b950b077dc425612755c43ff,25/06/2023 23:22:51,ESCANER
8696,"Santa Rosa",6,"Chiquimulilla",8,1041,400,,,,,,,,,,,,,,,,,,,,,,,0,,,
8697,"Santa Rosa",6,"Chiquimulilla",8,1041,209,87,0,46,2,1,5,0,1,2,144,2,0,146,0,146,--,209,63,144,146,146,Algún campo sin dato,1,2358adaaed8bcf1b998d39ee9e6278caee6253348e3bc2d0abcfcdcc7ce78556,26/06/2023 00:07:39,ESCANER
8698,"Santa Rosa",6,"Chiquimulilla",8,1041,209,54,1,57,0,0,4,1,1,6,124,5,3,132,0,132,--,208,76,124,132,132,Algún campo sin dato,1,1ec59a4435010387a357f8a65845b0ac89d403900aa4e7c284797f7451f3c5ec,25/06/2023 23:35:55,ESCANER
8699,"Santa Rosa",6,"Chiquimulilla",8,1042,400,120,2,137,3,0,13,1,2,7,285,16,0,301,0,301,--,401,100,285,301,301,Algún campo sin dato,1,fac0385db1e998616e32ef895d7c56fb7f8afd67305849fcbec63fbcfd388761,26/06/2023 00:27:19,ESCANER
8700,"Santa Rosa",6,"Chiquimulilla",8,1042,400,,,,,,,,,,,,,,,,,,,,,,,0,,,
8701,"Santa Rosa",6,"Chiquimulilla",8,1042,400,125,1,125,1,0,3,2,0,6,263,6,2,271,0,271,--,400,129,263,271,271,Algún campo sin dato,1,0438cbdf8d0e4aa0e97ef7d2399cf537a3785ecd234d6badf113d1b4795a1fbd,26/06/2023 00:21:47,ESCANER
8702,"Santa Rosa",6,"Chiquimulilla",8,1042,400,135,0,124,0,1,12,1,0,13,286,15,0,301,0,301,--,400,99,286,301,301,Algún campo sin dato,1,785e798bf31265c66a0d1faa7d4f329e84dd318bce4a10e3a903ec05d15ffeac,25/06/2023 23:32:00,ESCANER
8703,"Santa Rosa",6,"Chiquimulilla",8,1042,400,120,1,126,3,1,8,1,2,7,269,9,3,281,0,281,--,400,119,269,281,281,Algún campo sin dato,1,f3778fb5afffb71021e3a15b06716a7b25b0a375a92b69ed4b9332260179c8f7,25/06/2023 22:48:23,ESCANER
8704,"Santa Rosa",6,"Chiquimulilla",8,1042,236,,,,,,,,,,,,,,,,,,,,,,,0,,,
8705,"Santa Rosa",6,"Chiquimulilla",8,1042,236,,,,,,,,,,,,,,,,,,,,,,,0,,,
8706,"Santa Rosa",6,"Chiquimulilla",8,1043,400,,,,,,,,,,,,,,,,,,,,,,,0,,,
8707,"Santa Rosa",6,"Chiquimulilla",8,1043,400,,,,,,,,,,,,,,,,,,,,,,,0,,,
8708,"Santa Rosa",6,"Chiquimulilla",8,1043,400,,,,,,,,,,,,,,,,,,,,,,,0,,,
8709,"Santa Rosa",6,"Chiquimulilla",8,1043,400,,,,,,,,,,,,,,,,,,,,,,,0,,,
8710,"Santa Rosa",6,"Chiquimulilla",8,1043,400,92,1,88,4,0,31,1,0,2,219,21,3,243,0,243,--,400,157,219,243,243,Algún campo sin dato,1,6c26618d945305cdb75ad65a61028a47215289b90e60e2ecf70d6ef11db72f78,25/06/2023 23:43:53,ESCANER
8711,"Santa Rosa",6,"Chiquimulilla",8,1043,400,,,,,,,,,,,,,,,,,,,,,,,0,,,
8712,"Santa Rosa",6,"Chiquimulilla",8,1043,331,,,,,,,,,,,,,,,,,,,,,,,0,,,
8713,"Santa Rosa",6,"Chiquimulilla",8,1043,330,68,1,84,1,0,22,0,0,2,178,6,1,185,0,185,--,330,145,178,185,185,Algún campo sin dato,1,4210e1bf97d074232d8da0de6bc6ca1985ff6356c7c9febb371604d48eedc118,25/06/2023 22:55:47,ESCANER
8714,"Santa Rosa",6,"Chiquimulilla",8,1044,206,,,,,,,,,,,,,,,,,,,,,,,0,,,
8715,"Santa Rosa",6,"Chiquimulilla",8,1045,380,188,0,20,2,2,5,8,0,0,225,15,6,246,0,246,--,375,129,225,246,246,Algún campo sin dato,1,28fd257bbaba0298963611140b23966896be5bf04f2f9d722827d12eb49e86cb,25/06/2023 23:21:33,ESCANER
8716,"Santa Rosa",6,"Chiquimulilla",8,1045,380,197,1,28,3,0,5,10,1,0,245,14,9,268,0,268,--,375,107,245,268,268,Algún campo sin dato,1,9e68fbd10fe3b120f17997341e259d32854dc23a918a994f5d626b9891589bd0,25/06/2023 22:47:07,ESCANER
8717,"Santa Rosa",6,"Chiquimulilla",8,1045,380,,,,,,,,,,,,,,,,,,,,,,,0,,,
8718,"Santa Rosa",6,"Chiquimulilla",8,1045,380,206,1,10,1,0,1,5,0,2,226,15,4,245,0,245,--,374,129,226,245,245,Algún campo sin dato,1,c5c83bbcafe1c66b56f293d5bf126c8dd0ba75ec92704a8997e6a4c8f7fd0944,25/06/2023 23:07:35,ESCANER
8719,"Santa Rosa",6,"Chiquimulilla",8,1045,380,168,0,22,3,0,0,3,0,1,197,10,3,210,0,210,--,375,165,197,210,210,Algún campo sin dato,1,57e02d22e9db7835a707503ef97af96188f6f85cbabaf7a9613513ee6705728b,25/06/2023 23:51:38,ESCANER
8720,"Santa Rosa",6,"Chiquimulilla",8,1045,380,166,1,17,2,1,2,6,1,1,197,15,4,216,0,216,--,375,159,197,216,216,Algún campo sin dato,1,069dbc1811e25f75ad3634cfa689179bc58b0b8665678bb4d1e48e17de3b802e,25/06/2023 23:43:15,ESCANER
8721,"Santa Rosa",6,"Chiquimulilla",8,1045,380,186,1,15,1,1,4,2,0,0,210,15,3,228,0,228,--,375,147,210,228,228,Algún campo sin dato,1,305a5cf6f511367d1596d38ecc18743a3f9ee9416bc187390311be520c372669,25/06/2023 23:35:01,ESCANER
8722,"Santa Rosa",6,"Chiquimulilla",8,1045,380,157,0,25,2,0,5,3,0,0,192,16,1,209,0,209,--,375,166,192,209,209,Algún campo sin dato,1,1420c44b78d899eaae29e505a540c95aac314785d81e9177abe2664ddb0ad123,25/06/2023 23:50:12,ESCANER
8723,"Santa Rosa",6,"Chiquimulilla",8,1045,380,195,0,14,1,0,1,8,0,2,221,6,1,228,0,228,--,375,147,221,228,228,Algún campo sin dato,1,51226b4ab23f5e7b0d72003065e13010d14aeeb118f035821f6b8c992158b5ea,25/06/2023 21:59:06,ESCANER
8724,"Santa Rosa",6,"Chiquimulilla",8,1045,307,142,2,8,0,0,4,1,0,0,157,5,4,166,0,166,--,307,141,157,166,166,Algún campo sin dato,1,fa952ddedc0af2be62ae97f1a33b21640c583a4ac8f64ea9b9477f06c4318a36,25/06/2023 23:58:19,ESCANER
8725,"Santa Rosa",6,"Chiquimulilla",8,1045,307,128,0,10,3,0,3,1,0,0,145,8,2,155,0,155,--,307,152,145,155,155,Algún campo sin dato,1,04c9b0fd4a18206d45372ccf8f9c438d9292a39c569dcf2fbd0d208483e1b9f3,25/06/2023 23:17:05,ESCANER
8726,"Santa Rosa",6,"Chiquimulilla",8,1046,380,,,,,,,,,,,,,,,,,,,,,,,0,,,
8727,"Santa Rosa",6,"Chiquimulilla",8,1046,380,146,0,53,4,0,15,2,0,1,221,19,4,244,0,244,--,375,131,221,244,244,Algún campo sin dato,1,af495ba8da3281a665268fc01c30366afd0ab0a8efcbb5c648f375eaa562a37b,25/06/2023 23:01:12,ESCANER
8728,"Santa Rosa",6,"Chiquimulilla",8,1046,380,,,,,,,,,,,,,,,,,,,,,,,0,,,
8729,"Santa Rosa",6,"Chiquimulilla",8,1046,380,,,,,,,,,,,,,,,,,,,,,,,0,,,
8730,"Santa Rosa",6,"Chiquimulilla",8,1046,380,134,0,43,2,1,5,3,0,0,188,24,2,214,0,214,--,375,161,188,214,214,Algún campo sin dato,1,4683fd59ccfc6fafa44526c70ad5b1ab01efd4acd1e95d1cb5c81ce5983536da,25/06/2023 23:53:45,ESCANER
8731,"Santa Rosa",6,"Chiquimulilla",8,1046,380,137,1,38,5,1,7,0,1,2,192,19,4,215,0,215,--,375,160,192,215,215,Algún campo sin dato,1,548bd85b4af29d26efaa1a8465cd291e49b06b6ef04558f9afcadeba5a13ce1f,25/06/2023 23:37:30,ESCANER
8732,"Santa Rosa",6,"Chiquimulilla",8,1046,380,110,0,35,1,0,5,1,1,1,154,29,11,194,0,194,--,375,181,154,194,194,Algún campo sin dato,1,d7884c7d54c26b074818494cb9029d96adf34387dbd38d60d10be3284224e2c7,25/06/2023 23:57:40,ESCANER
8733,"Santa Rosa",6,"Chiquimulilla",8,1046,370,138,1,60,0,0,7,1,1,1,209,5,1,215,0,215,--,370,155,209,215,215,Algún campo sin dato,1,758538290ee80ba546eb705566f6d3d32095e4ce65f26e798aba5fd6b0bc6be6,25/06/2023 22:17:18,ESCANER
8734,"Santa Rosa",6,"Chiquimulilla",8,1046,370,122,0,41,5,0,5,3,0,1,177,13,2,192,0,192,--,370,178,177,192,192,Algún campo sin dato,1,15147f9dc93a931b552bb384800289aa0fdb02209eca5729f1efcee9a630d4d0,25/06/2023 22:41:51,ESCANER
8735,"Santa Rosa",6,"Chiquimulilla",8,1047,380,,,,,,,,,,,,,,,,,,,,,,,0,,,
8736,"Santa Rosa",6,"Chiquimulilla",8,1047,380,,,,,,,,,,,,,,,,,,,,,,,0,,,
8737,"Santa Rosa",6,"Chiquimulilla",8,1047,380,,,,,,,,,,,,,,,,,,,,,,,0,,,
8738,"Santa Rosa",6,"Chiquimulilla",8,1047,380,,,,,,,,,,,,,,,,,,,,,,,0,,,
8739,"Santa Rosa",6,"Chiquimulilla",8,1047,360,,,,,,,,,,,,,,,,,,,,,,,0,,,
8740,"Santa Rosa",6,"Chiquimulilla",8,1047,360,,,,,,,,,,,,,,,,,,,,,,,0,,,
8741,"Santa Rosa",6,"Chiquimulilla",8,1048,380,,,,,,,,,,,,,,,,,,,,,,,0,,,
8742,"Santa Rosa",6,"Chiquimulilla",8,1048,380,,,,,,,,,,,,,,,,,,,,,,,0,,,
8743,"Santa Rosa",6,"Chiquimulilla",8,1048,380,,,,,,,,,,,,,,,,,,,,,,,0,,,
8744,"Santa Rosa",6,"Chiquimulilla",8,1048,232,86,0,24,2,0,4,0,0,0,116,7,2,125,0,125,--,232,107,116,125,125,Algún campo sin dato,1,a1ac17dcf2412df27bafe34bfa7b82b0ecfd3edb8b7f9f58efdff3a13eb2ff2c,25/06/2023 23:03:07,ESCANER
8745,"Santa Rosa",6,"Chiquimulilla",8,1048,231,,,,,,,,,,,,,,,,,,,,,,,0,,,
8746,"Santa Rosa",6,"Chiquimulilla",8,1049,380,97,17,83,2,1,9,1,0,0,210,21,9,240,0,240,--,375,135,210,240,240,Algún campo sin dato,1,5992240c9563e9d45614d23326ef841cf0ef8e33a23b89bcbe0b2cf2670581a4,25/06/2023 23:24:48,ESCANER
8747,"Santa Rosa",6,"Chiquimulilla",8,1049,380,,,,,,,,,,,,,,,,,,,,,,,0,,,
8748,"Santa Rosa",6,"Chiquimulilla",8,1049,380,,,,,,,,,,,,,,,,,,,,,,,0,,,
8749,"Santa Rosa",6,"Chiquimulilla",8,1049,380,,,,,,,,,,,,,,,,,,,,,,,0,,,
8750,"Santa Rosa",6,"Chiquimulilla",8,1049,220,52,16,41,0,0,5,0,0,0,114,3,1,118,0,118,--,220,102,114,118,118,Algún campo sin dato,1,24397311430c9ab5003f2601a5929c4a585b1c6223536ec0504b733e2b786926,25/06/2023 23:58:23,ESCANER
8751,"Santa Rosa",6,"Chiquimulilla",8,1049,219,,,,,,,,,,,,,,,,,,,,,,,0,,,
8752,"Santa Rosa",6,"Chiquimulilla",8,1050,380,104,13,128,0,0,10,0,0,0,255,19,5,279,0,279,--,374,95,255,279,279,Algún campo sin dato,1,2ed7fc8fc1306d5b1ac599cf92f5441e664e7fa317a66034526178a4eb3606d1,26/06/2023 00:04:33,ESCANER
8753,"Santa Rosa",6,"Chiquimulilla",8,1050,380,102,24,86,2,1,8,0,0,0,223,15,5,243,0,243,--,375,132,223,243,243,Algún campo sin dato,1,d66988559b9ede0ac3015b2f616fac0e44349a7b718081ce77ad61f7e2838c0a,25/06/2023 23:46:54,ESCANER
8754,"Santa Rosa",6,"Chiquimulilla",8,1050,370,,,,,,,,,,,,,,,,,,,,,,,0,,,
8755,"Santa Rosa",6,"Chiquimulilla",8,1050,369,,,,,,,,,,,,,,,,,,,,,,,0,,,
8756,"Santa Rosa",6,"Chiquimulilla",8,1051,380,,,,,,,,,,,,,,,,,,,,,,,0,,,
8757,"Santa Rosa",6,"Chiquimulilla",8,1051,380,,,,,,,,,,,,,,,,,,,,,,,0,,,
8758,"Santa Rosa",6,"Chiquimulilla",8,1051,380,,,,,,,,,,,,,,,,,,,,,,,0,,,
8759,"Santa Rosa",6,"Chiquimulilla",8,1051,380,124,3,82,4,0,12,2,0,6,233,9,3,245,0,245,--,375,130,233,245,245,Algún campo sin dato,1,bb7d0c2329ff74d98680874178e1b9f3fe4db640594a26e0990aad47ef5b2385,25/06/2023 23:59:20,ESCANER
8760,"Santa Rosa",6,"Chiquimulilla",8,1051,380,139,3,68,6,0,11,2,1,4,234,12,3,249,0,249,--,375,126,234,249,249,Algún campo sin dato,1,2e7e03a16e9673d461aa9a61acd4a5d85bf98774e6089abd44f51160a4ada795,25/06/2023 23:57:40,ESCANER
8761,"Santa Rosa",6,"Chiquimulilla",8,1051,380,,,,,,,,,,,,,,,,,,,,,,,0,,,
8762,"Santa Rosa",6,"Chiquimulilla",8,1051,380,,,,,,,,,,,,,,,,,,,,,,,0,,,
8763,"Santa Rosa",6,"Chiquimulilla",8,1051,380,,,,,,,,,,,,,,,,,,,,,,,0,,,
8764,"Santa Rosa",6,"Chiquimulilla",8,1051,205,,,,,,,,,,,,,,,,,,,,,,,0,,,
8765,"Santa Rosa",6,"Chiquimulilla",8,1051,205,68,1,30,2,0,7,0,0,2,110,5,1,116,0,116,--,205,89,110,116,116,Algún campo sin dato,1,77e32367bd06c08c6d963c21407c9e1801e207d49abc8998b342716336690964,25/06/2023 22:16:21,ESCANER
8766,"Santa Rosa",6,"Chiquimulilla",8,1052,380,162,0,63,5,1,3,2,2,0,238,29,4,271,0,271,--,375,104,238,271,271,Algún campo sin dato,1,0793d6598b84acd548cc4e73727f352d83484afb41042e11c0b799e489ee5bb2,25/06/2023 22:47:53,ESCANER
8767,"Santa Rosa",6,"Chiquimulilla",8,1052,380,,,,,,,,,,,,,,,,,,,,,,,0,,,
8768,"Santa Rosa",6,"Chiquimulilla",8,1052,334,,,,,,,,,,,,,,,,,,,,,,,0,,,
8769,"Santa Rosa",6,"Chiquimulilla",8,1052,334,141,0,32,2,0,3,0,0,1,179,3,2,184,0,184,--,334,150,179,184,184,Algún campo sin dato,1,4b2022ee299d319e4a72d70fc795756c8827bf005773e73dfcfd2dbc5ddbbd06,26/06/2023 00:26:58,ESCANER
8770,"Santa Rosa",6,"Chiquimulilla",8,1053,600,,,,,,,,,,,,,,,,,,,,,,,0,,,
8771,"Santa Rosa",6,"Chiquimulilla",8,1053,600,,,,,,,,,,,,,,,,,,,,,,,0,,,
8772,"Santa Rosa",6,"Chiquimulilla",8,1053,600,,,,,,,,,,,,,,,,,,,,,,,0,,,
8773,"Santa Rosa",6,"Chiquimulilla",8,1053,464,11,1,8,0,0,0,0,0,2,22,5,1,28,0,28,--,464,436,22,28,28,Algún campo sin dato,1,7fd923b223a599a643b6c3974b8cb68793821c8ede3b7f4038867a87edc3c703,25/06/2023 20:53:18,ESCANER
8774,"Santa Rosa",6,"Chiquimulilla",8,1053,464,8,2,2,0,0,0,0,0,1,13,0,0,13,0,13,--,465,452,13,13,13,Algún campo sin dato,1,a5afb18fa3a5b7ac8a69f281c36020491c21439d65ce8bb992f537643d89a2d6,25/06/2023 23:03:32,ESCANER