﻿TIPO_DE_ELECCIÓN:,CORPORACIÓN MUNICIPAL
26 junio 2023 00:28 (UTC -6)
ACTAS_ESPERADAS,ACTAS_CAPTURADAS,PORCENTAJE_ACTAS_CAPTURADAS,ACTAS_CONTABILIZADAS,PORCENTAJE_ACTAS_CONTABILIZADAS,ACTAS_NO_CONTABILIZADAS,LISTA_NOMINAL_ACTAS_CONTABILIZADAS,VOTOS_EMITIDOS_CONTABILIZADAS,PORCENTAJE_PARTICIPACIÓN_CIUDADANA
58,31,53.4482,31,53.4482,0,10633,6623,62.2872

MESA,DEPARTAMENTO,ID_DEPARTAMENTO,MUNICIPIO,ID_MUNICIPIO,CENTRO_DE_VOTACIÓN,PADRÓN,VAMOS,UNE,VALOR UNIONISTA,UR,TUC,MI FAMILIA,CABAL,WINAQ,VÁLIDOS,NULOS,BLANCO,EMITIDOS,INVÁLIDOS,TOTAL,IMPUGNACIONES,PAPELETAS-RECIBIDAS,PAPELETAS-NO-USADAS,VALIDOS_CALCULADO,EMITIDOS_CALCULADO,TOTAL_CALCULADO,OBSERVACIONES,CONTABILIZADA,CÓDIGO_INTEGRIDAD,FECHA_HORA_PUBLICACIÓN,DIGITALIZACIÓN
8775,"Santa Rosa",6,"Taxisco",9,1054,400,,,,,,,,,,,,,,,,,,,,,,0,,,
8776,"Santa Rosa",6,"Taxisco",9,1054,400,,,,,,,,,,,,,,,,,,,,,,0,,,
8777,"Santa Rosa",6,"Taxisco",9,1054,400,,,,,,,,,,,,,,,,,,,,,,0,,,
8778,"Santa Rosa",6,"Taxisco",9,1054,400,120,124,7,15,18,1,5,1,291,13,3,307,0,307,--,400,93,291,307,307,Algún campo sin dato,1,5743a9e41de7013ae855f5253215e4b986d436b398452a45ed97d5ee311a6568,26/06/2023 00:17:25,ESCANER
8779,"Santa Rosa",6,"Taxisco",9,1054,400,130,128,7,8,28,3,8,0,312,8,1,321,0,321,--,400,79,312,321,321,Algún campo sin dato,1,81d09f4b2e9fd17f11e5632bdf0e9074112355f8d295d2213b7eec4b63f6707b,25/06/2023 23:41:12,ESCANER
8780,"Santa Rosa",6,"Taxisco",9,1054,400,100,114,9,12,19,0,6,0,260,4,1,265,0,265,--,400,135,260,265,265,Algún campo sin dato,1,894b0906f0d72be718ad8b03642914c6691c6bb0f4976052b02305a897702c16,25/06/2023 23:53:09,ESCANER
8781,"Santa Rosa",6,"Taxisco",9,1054,400,,,,,,,,,,,,,,,,,,,,,,0,,,
8782,"Santa Rosa",6,"Taxisco",9,1054,400,103,119,7,10,24,0,2,2,267,5,2,274,0,274,--,400,126,267,274,274,Algún campo sin dato,1,90a8fe0d1b3c80cfb5950405d624c32cc4afd31b8842159695a1a53c9dcf4fcc,25/06/2023 23:58:48,ESCANER
8783,"Santa Rosa",6,"Taxisco",9,1054,400,,,,,,,,,,,,,,,,,,,,,,0,,,
8784,"Santa Rosa",6,"Taxisco",9,1054,400,91,105,5,7,22,2,7,1,240,19,4,263,0,263,--,400,137,240,263,263,Algún campo sin dato,1,d77637348e9fbac5b0c3cd5dbba9973e826e3f283567c7196cf13cbfb1620af1,26/06/2023 00:27:01,ESCANER
8785,"Santa Rosa",6,"Taxisco",9,1054,400,102,112,3,14,17,0,1,2,251,4,2,257,0,257,--,400,143,251,257,257,Algún campo sin dato,1,e7e0c4247f9a8cdd7695b6afcb2ec15844e74212d1f22d28b843387183d56530,25/06/2023 22:32:44,ESCANER
8786,"Santa Rosa",6,"Taxisco",9,1054,400,117,122,10,10,15,0,5,0,279,3,0,282,0,282,--,400,118,279,282,282,Algún campo sin dato,1,a137797328d8bdb98f5a3276730ff40ec427c087be961ddbc5673ecaf26a1600,25/06/2023 21:28:44,ESCANER
8787,"Santa Rosa",6,"Taxisco",9,1054,400,109,128,10,11,31,0,3,3,295,3,0,298,0,298,--,381,83,295,298,298,Algún campo sin dato,1,71ac22a9e56124de38f8b77efba273ec3e24f28af8bd18f8eefacf4762da3abf,25/06/2023 22:51:35,ESCANER
8788,"Santa Rosa",6,"Taxisco",9,1054,238,57,80,3,9,8,1,4,1,163,5,0,168,0,168,--,235,67,163,168,168,Algún campo sin dato,1,69545fb018b6172a59e0aa6648e8bfaa88d48491e14282eb3a381626812a51a0,25/06/2023 23:18:08,ESCANER
8789,"Santa Rosa",6,"Taxisco",9,1054,238,,,,,,,,,,,,,,,,,,,,,,0,,,
8790,"Santa Rosa",6,"Taxisco",9,1055,400,,,,,,,,,,,,,,,,,,,,,,0,,,
8791,"Santa Rosa",6,"Taxisco",9,1055,400,,,,,,,,,,,,,,,,,,,,,,0,,,
8792,"Santa Rosa",6,"Taxisco",9,1055,400,,,,,,,,,,,,,,,,,,,,,,0,,,
8793,"Santa Rosa",6,"Taxisco",9,1055,240,39,58,3,10,11,0,3,1,125,4,2,131,0,131,--,240,109,125,131,131,Algún campo sin dato,1,13b5f25dee642e9e4eb271856d414024c7f9d6b3d61255650ecf3017cbf6e399,26/06/2023 00:14:24,ESCANER
8794,"Santa Rosa",6,"Taxisco",9,1055,239,42,59,1,14,7,0,0,0,123,5,0,128,0,128,--,239,111,123,128,128,Algún campo sin dato,1,99dbb2289b3c60d17dfa22a3479e85241b414f400c61b01d31ba080239005a96,25/06/2023 22:08:26,ESCANER
8795,"Santa Rosa",6,"Taxisco",9,1056,265,88,45,9,2,2,0,2,1,149,10,2,161,0,161,--,265,104,149,161,161,Algún campo sin dato,1,d31ac274c938bf3cfb3389e5356c74532fab2605c89a9dcb368cf2e631590e91,25/06/2023 21:58:16,ESCANER
8796,"Santa Rosa",6,"Taxisco",9,1057,400,,,,,,,,,,,,,,,,,,,,,,0,,,
8797,"Santa Rosa",6,"Taxisco",9,1057,400,,,,,,,,,,,,,,,,,,,,,,0,,,
8798,"Santa Rosa",6,"Taxisco",9,1057,310,136,72,3,2,5,0,4,0,222,2,1,225,7,232,--,310,78,222,225,232,Algún campo sin dato,1,c4d13dcc8a67a5ebb81b086d0e46d1cae22619f843b7c6fa460bb173e2b8e73e,25/06/2023 23:28:50,ESCANER
8799,"Santa Rosa",6,"Taxisco",9,1057,309,,,,,,,,,,,,,,,,,,,,,,0,,,
8800,"Santa Rosa",6,"Taxisco",9,1058,380,,,,,,,,,,,,,,,,,,,,,,0,,,
8801,"Santa Rosa",6,"Taxisco",9,1058,380,148,107,3,30,5,0,5,2,300,9,1,310,0,310,--,380,70,300,310,310,Algún campo sin dato,1,b080d29a4c9efad8a133d8c9dad4c35eb9ac674c0f57dc4e964a0427e48b90d3,25/06/2023 23:30:11,ESCANER
8802,"Santa Rosa",6,"Taxisco",9,1058,380,141,104,1,24,6,0,2,2,280,5,2,287,0,287,--,372,85,280,287,287,Algún campo sin dato,1,24940cf3e2643be28781ce367375b11be1b78ce84be4df1933a5c1514bbd1003,26/06/2023 00:15:04,ESCANER
8803,"Santa Rosa",6,"Taxisco",9,1058,380,,,,,,,,,,,,,,,,,,,,,,0,,,
8804,"Santa Rosa",6,"Taxisco",9,1058,380,,,,,,,,,,,,,,,,,,,,,,0,,,
8805,"Santa Rosa",6,"Taxisco",9,1058,380,,,,,,,,,,,,,,,,,,,,,,0,,,
8806,"Santa Rosa",6,"Taxisco",9,1058,380,,,,,,,,,,,,,,,,,,,,,,0,,,
8807,"Santa Rosa",6,"Taxisco",9,1058,380,151,103,1,23,3,0,0,2,283,2,5,290,2,292,--,380,88,283,290,292,Algún campo sin dato,1,1cd120cc4dd24ae46dbf6dfedd9b49024a82d93d052e20e2dc99c28432ea2985,25/06/2023 23:16:23,ESCANER
8808,"Santa Rosa",6,"Taxisco",9,1058,380,,,,,,,,,,,,,,,,,,,,,,0,,,
8809,"Santa Rosa",6,"Taxisco",9,1058,211,81,67,0,10,1,0,1,0,160,0,1,161,0,161,--,211,50,160,161,161,Algún campo sin dato,1,0d3d8e8005a6f2ee6e2b24188514eb002ecb59b973e7d1077df779558d4dad6d,25/06/2023 23:48:38,ESCANER
8810,"Santa Rosa",6,"Taxisco",9,1058,211,65,53,2,7,2,1,1,1,132,1,0,133,0,133,--,211,78,132,133,133,Algún campo sin dato,1,5ec70af96185492ca5bdc62d93a5af9e4e2cc4467e67ef46a13b7c16ad824ab1,25/06/2023 23:36:31,ESCANER
8811,"Santa Rosa",6,"Taxisco",9,1059,380,127,87,3,10,4,1,1,0,233,17,5,255,0,255,--,380,125,233,255,255,Algún campo sin dato,1,52b52b90fcb9251213970ad48139c1b38bbbd2614f5b0c889e3c712a2c3d672f,25/06/2023 22:09:13,ESCANER
8812,"Santa Rosa",6,"Taxisco",9,1059,380,,,,,,,,,,,,,,,,,,,,,,0,,,
8813,"Santa Rosa",6,"Taxisco",9,1059,380,,,,,,,,,,,,,,,,,,,,,,0,,,
8814,"Santa Rosa",6,"Taxisco",9,1059,380,128,83,2,10,4,0,3,0,230,13,3,246,0,246,--,383,134,230,246,246,Algún campo sin dato,1,2466f184c2a678e39f6121e02e400331b15b09039ec4650332bd5a1b2a375f00,25/06/2023 23:38:46,ESCANER
8815,"Santa Rosa",6,"Taxisco",9,1059,380,119,103,1,5,2,0,2,0,232,7,5,244,0,244,--,380,136,232,244,244,Algún campo sin dato,1,51567e897a07518bb833722f6ecd164ef9df73c8006ed7fede17266bf120aab9,25/06/2023 23:24:18,ESCANER
8816,"Santa Rosa",6,"Taxisco",9,1059,380,110,91,2,8,5,1,3,0,220,4,2,226,0,226,--,380,154,220,226,226,Algún campo sin dato,1,509b55b9e3c751c0faf745394cbe34f29ef2e367a7c24e6e95f84ae3fe6c5aba,25/06/2023 22:59:56,ESCANER
8817,"Santa Rosa",6,"Taxisco",9,1059,191,64,62,1,4,0,0,1,0,132,1,0,133,0,133,--,191,58,132,133,133,Algún campo sin dato,1,b66bceb05332d1afa3a9847c79392d35305c273b9a2fa3dbd5be7ac26d3b06a1,25/06/2023 22:40:51,ESCANER
8818,"Santa Rosa",6,"Taxisco",9,1059,190,47,38,2,3,1,0,1,0,92,3,1,96,0,96,--,190,94,92,96,96,Algún campo sin dato,1,215ab8db3e54b84e9c4f996bfaea74cb79dbfc9702ffd4fab9fe72ab000bc391,25/06/2023 21:21:50,ESCANER
8819,"Santa Rosa",6,"Taxisco",9,1060,380,101,91,6,8,29,3,11,0,249,14,2,265,1,266,--,380,114,249,265,266,Algún campo sin dato,1,5f0e6d5af4f83c1d0df0b9734cc343c4f74633494e4136fde24ea7445fad8196,25/06/2023 22:32:08,ESCANER
8820,"Santa Rosa",6,"Taxisco",9,1060,380,,,,,,,,,,,,,,,,,,,,,,0,,,
8821,"Santa Rosa",6,"Taxisco",9,1060,380,,,,,,,,,,,,,,,,,,,,,,0,,,
8822,"Santa Rosa",6,"Taxisco",9,1060,380,,,,,,,,,,,,,,,,,,,,,,0,,,
8823,"Santa Rosa",6,"Taxisco",9,1060,323,70,84,2,6,28,0,1,0,191,1,2,194,5,199,--,323,124,191,194,199,Algún campo sin dato,1,64e34bbaba48de1089e7992de2aea32500fd0b9e02a330ddddb1fac26f108310,25/06/2023 22:46:30,ESCANER
8824,"Santa Rosa",6,"Taxisco",9,1060,322,75,78,4,8,23,0,5,0,193,6,1,200,0,200,--,319,119,193,200,200,Algún campo sin dato,1,f0ea4a7638255d026a009105bec599ac93fb6ad9872d13dcd0273adef44e0deb,25/06/2023 23:30:39,ESCANER
8825,"Santa Rosa",6,"Taxisco",9,1061,380,,,,,,,,,,,,,,,,,,,,,,0,,,
8826,"Santa Rosa",6,"Taxisco",9,1061,380,,,,,,,,,,,,,,,,,,,,,,0,,,
8827,"Santa Rosa",6,"Taxisco",9,1061,306,97,35,2,8,5,0,5,3,155,14,4,173,0,173,--,306,133,155,173,173,Algún campo sin dato,1,961be0b149732485c004aa4953a93dad0d8cb729bafb824f63cdfc4e9b90bbb2,25/06/2023 23:49:32,ESCANER
8828,"Santa Rosa",6,"Taxisco",9,1061,305,,,,,,,,,,,,,,,,,,,,,,0,,,
8829,"Santa Rosa",6,"Taxisco",9,1062,600,,,,,,,,,,,,,,,,,,,,,,0,,,
8830,"Santa Rosa",6,"Taxisco",9,1062,600,80,63,4,8,13,0,7,0,175,9,1,185,0,185,--,603,418,175,185,185,Algún campo sin dato,1,afa7a4270a186f8069920e6f02898dbd732e12e36b7149e45adb8e92e7ea2542,25/06/2023 23:07:58,ESCANER
8831,"Santa Rosa",6,"Taxisco",9,1062,374,45,41,3,2,1,0,5,2,99,4,3,106,0,106,--,371,265,99,106,106,Algún campo sin dato,1,efe3f7c46d25053bb85425ce57a1400331415d8a4bd825502bcf98c02720476f,25/06/2023 22:15:04,ESCANER
8832,"Santa Rosa",6,"Taxisco",9,1062,373,15,13,1,1,5,0,1,0,36,2,1,39,0,39,--,373,334,36,39,39,Algún campo sin dato,1,f0318c922cf67feca9d8bf67d46f47a53e409a77a8b68901be6650d58333cacb,25/06/2023 22:48:56,ESCANER