﻿TIPO_DE_ELECCIÓN:,CORPORACIÓN MUNICIPAL
26 junio 2023 00:28 (UTC -6)
ACTAS_ESPERADAS,ACTAS_CAPTURADAS,PORCENTAJE_ACTAS_CAPTURADAS,ACTAS_CONTABILIZADAS,PORCENTAJE_ACTAS_CONTABILIZADAS,ACTAS_NO_CONTABILIZADAS,LISTA_NOMINAL_ACTAS_CONTABILIZADAS,VOTOS_EMITIDOS_CONTABILIZADAS,PORCENTAJE_PARTICIPACIÓN_CIUDADANA
19,3,15.7894,3,15.7894,0,911,628,68.9352

MESA,DEPARTAMENTO,ID_DEPARTAMENTO,MUNICIPIO,ID_MUNICIPIO,CENTRO_DE_VOTACIÓN,PADRÓN,PODEMOS,VAMOS,ELEFANTE,CAMBIO,UNE,VALOR,VÁLIDOS,NULOS,BLANCO,EMITIDOS,INVÁLIDOS,TOTAL,IMPUGNACIONES,PAPELETAS-RECIBIDAS,PAPELETAS-NO-USADAS,VALIDOS_CALCULADO,EMITIDOS_CALCULADO,TOTAL_CALCULADO,OBSERVACIONES,CONTABILIZADA,CÓDIGO_INTEGRIDAD,FECHA_HORA_PUBLICACIÓN,DIGITALIZACIÓN
11964,"Suchitepéquez",10,"San José El Ídolo",5,1611,400,,,,,,,,,,,,,,,,,,,,0,,,
11965,"Suchitepéquez",10,"San José El Ídolo",5,1611,400,,,,,,,,,,,,,,,,,,,,0,,,
11966,"Suchitepéquez",10,"San José El Ídolo",5,1611,400,,,,,,,,,,,,,,,,,,,,0,,,
11967,"Suchitepéquez",10,"San José El Ídolo",5,1611,400,,,,,,,,,,,,,,,,,,,,0,,,
11968,"Suchitepéquez",10,"San José El Ídolo",5,1611,400,,,,,,,,,,,,,,,,,,,,0,,,
11969,"Suchitepéquez",10,"San José El Ídolo",5,1611,400,34,160,2,92,6,3,297,19,6,322,0,322,--,400,78,297,322,322,Algún campo sin dato,1,168f93678101cfba696bcbbae1fe4697e4761a8ba8df4ae963f0a7a00fe47f47,26/06/2023 00:22:23,ESCANER
11970,"Suchitepéquez",10,"San José El Ídolo",5,1611,400,,,,,,,,,,,,,,,,,,,,0,,,
11971,"Suchitepéquez",10,"San José El Ídolo",5,1611,400,,,,,,,,,,,,,,,,,,,,0,,,
11972,"Suchitepéquez",10,"San José El Ídolo",5,1611,400,,,,,,,,,,,,,,,,,,,,0,,,
11973,"Suchitepéquez",10,"San José El Ídolo",5,1611,400,,,,,,,,,,,,,,,,,,,,0,,,
11974,"Suchitepéquez",10,"San José El Ídolo",5,1611,400,,,,,,,,,,,,,,,,,,,,0,,,
11975,"Suchitepéquez",10,"San José El Ídolo",5,1611,400,,,,,,,,,,,,,,,,,,,,0,,,
11976,"Suchitepéquez",10,"San José El Ídolo",5,1611,400,,,,,,,,,,,,,,,,,,,,0,,,
11977,"Suchitepéquez",10,"San José El Ídolo",5,1611,400,,,,,,,,,,,,,,,,,,,,0,,,
11978,"Suchitepéquez",10,"San José El Ídolo",5,1611,400,,,,,,,,,,,,,,,,,,,,0,,,
11979,"Suchitepéquez",10,"San José El Ídolo",5,1611,400,,,,,,,,,,,,,,,,,,,,0,,,
11980,"Suchitepéquez",10,"San José El Ídolo",5,1611,256,20,71,1,59,1,12,164,2,1,167,0,167,--,256,89,164,167,167,Algún campo sin dato,1,77716f8e8ee079f35ee6bdd26456ed2d3106d71105fc6204ce5d88e5677091b6,25/06/2023 23:39:10,ESCANER
11981,"Suchitepéquez",10,"San José El Ídolo",5,1611,255,15,52,3,53,2,7,132,6,1,139,0,139,--,255,116,132,139,139,Algún campo sin dato,1,6783014e2c8b5637030bcbcc353f6ef6cb6c6c286445047fb0cff9200e130b4c,26/06/2023 00:12:12,ESCANER
11982,"Suchitepéquez",10,"San José El Ídolo",5,1612,586,,,,,,,,,,,,,,,,,,,,0,,,