﻿TIPO_DE_ELECCIÓN:,CORPORACIÓN MUNICIPAL
26 junio 2023 00:28 (UTC -6)
ACTAS_ESPERADAS,ACTAS_CAPTURADAS,PORCENTAJE_ACTAS_CAPTURADAS,ACTAS_CONTABILIZADAS,PORCENTAJE_ACTAS_CONTABILIZADAS,ACTAS_NO_CONTABILIZADAS,LISTA_NOMINAL_ACTAS_CONTABILIZADAS,VOTOS_EMITIDOS_CONTABILIZADAS,PORCENTAJE_PARTICIPACIÓN_CIUDADANA
101,34,33.6633,34,33.6633,0,12581,5847,46.4748

MESA,DEPARTAMENTO,ID_DEPARTAMENTO,MUNICIPIO,ID_MUNICIPIO,CENTRO_DE_VOTACIÓN,PADRÓN,CABAL,VIVA,VAMOS,MLP,CAMBIO,UNE,VALOR UNIONISTA,VÁLIDOS,NULOS,BLANCO,EMITIDOS,INVÁLIDOS,TOTAL,IMPUGNACIONES,PAPELETAS-RECIBIDAS,PAPELETAS-NO-USADAS,VALIDOS_CALCULADO,EMITIDOS_CALCULADO,TOTAL_CALCULADO,OBSERVACIONES,CONTABILIZADA,CÓDIGO_INTEGRIDAD,FECHA_HORA_PUBLICACIÓN,DIGITALIZACIÓN
20789,"Petén",17,"San Luis",9,3233,400,74,45,67,4,15,12,7,224,9,8,241,0,241,--,400,159,224,241,241,Algún campo sin dato,1,940f2f9d97db1d544f6ae8bc59cebd26e536b9fdd31169c33ac227be213e4aac,25/06/2023 22:56:16,ESCANER
20790,"Petén",17,"San Luis",9,3233,400,94,37,61,7,21,8,4,232,18,10,260,0,260,--,400,140,232,260,260,Algún campo sin dato,1,4d4774d4251d79c8dd7a2b84441e056acda1736fcc89e63cabf8b46a6ce1a405,25/06/2023 23:39:48,ESCANER
20791,"Petén",17,"San Luis",9,3233,400,73,56,65,6,16,6,5,227,18,6,251,0,251,--,400,149,227,251,251,Algún campo sin dato,1,7b5d684be1d8f633513b5a32f79124838c51bedacd689bf1bcc3aa68ea6695c5,26/06/2023 00:25:43,ESCANER
20792,"Petén",17,"San Luis",9,3233,400,100,48,48,6,18,3,7,230,24,4,258,0,258,--,400,142,230,258,258,Algún campo sin dato,1,1ecdfe00b30f77948bd4e6fcc72e281bcd8234d89dfbec3fcbadaf2e21624581,25/06/2023 23:57:56,ESCANER
20793,"Petén",17,"San Luis",9,3233,400,,,,,,,,,,,,,,,,,,,,,0,,,
20794,"Petén",17,"San Luis",9,3233,400,76,41,58,5,28,8,12,228,13,3,244,0,244,--,400,156,228,244,244,Algún campo sin dato,1,08b9fedb847bf1f66576210a2ea927a929107f958c0273d87a85c38c8f055b56,26/06/2023 00:08:33,ESCANER
20795,"Petén",17,"San Luis",9,3233,400,,,,,,,,,,,,,,,,,,,,,0,,,
20796,"Petén",17,"San Luis",9,3233,400,69,35,47,9,19,11,10,200,8,2,210,0,210,--,400,190,200,210,210,Algún campo sin dato,1,1ed16d4030e81510f843e834c56988b221e3d821233f4b4722c1c911efad1b39,26/06/2023 00:13:47,ESCANER
20797,"Petén",17,"San Luis",9,3233,400,,,,,,,,,,,,,,,,,,,,,0,,,
20798,"Petén",17,"San Luis",9,3234,400,69,45,59,1,17,5,11,207,6,3,216,8,224,--,400,176,207,216,224,Algún campo sin dato,1,836ed1c032704616b79483bcce5167272c709ccda0a159d20567be1d81438ee7,26/06/2023 00:14:53,ESCANER
20799,"Petén",17,"San Luis",9,3234,400,,,,,,,,,,,,,,,,,,,,,0,,,
20800,"Petén",17,"San Luis",9,3234,400,65,43,50,6,15,8,6,193,13,3,209,0,209,2,400,191,193,209,209,,1,c4bf7e9245165821708cc19583d11368483a1eeecdaf7b4f40e8b699e54ee0e0,25/06/2023 23:54:56,ESCANER
20801,"Petén",17,"San Luis",9,3234,400,,,,,,,,,,,,,,,,,,,,,0,,,
20802,"Petén",17,"San Luis",9,3234,308,61,22,47,2,5,6,4,147,4,1,152,0,152,--,308,156,147,152,152,Algún campo sin dato,1,c346b958f03e6fd30dcd22687ea4dede83be7cce72e67d027201aa4a6ab76822,25/06/2023 23:34:31,ESCANER
20803,"Petén",17,"San Luis",9,3234,307,43,13,39,7,16,6,4,128,4,0,132,0,132,--,304,172,128,132,132,Algún campo sin dato,1,a24769a14079e3243231e2a8d2018aab14a81805747ca4568b01edeb6aff2377,25/06/2023 23:46:35,ESCANER
20804,"Petén",17,"San Luis",9,3235,285,,,,,,,,,,,,,,,,,,,,,0,,,
20805,"Petén",17,"San Luis",9,3235,285,,,,,,,,,,,,,,,,,,,,,0,,,
20806,"Petén",17,"San Luis",9,3236,400,56,48,58,10,7,28,2,209,29,3,241,0,241,--,400,159,209,241,241,Algún campo sin dato,1,f13ba35394213ab4f79e0163da8dc3a949f2a7dd7ffd46dcd57eee936ee300c6,25/06/2023 23:24:20,ESCANER
20807,"Petén",17,"San Luis",9,3236,400,,,,,,,,,,,,,,,,,,,,,0,,,
20808,"Petén",17,"San Luis",9,3236,400,,,,,,,,,,,,,,,,,,,,,0,,,
20809,"Petén",17,"San Luis",9,3236,400,,,,,,,,,,,,,,,,,,,,,0,,,
20810,"Petén",17,"San Luis",9,3236,400,57,38,53,4,12,30,0,194,24,7,225,0,225,--,400,175,194,225,225,Algún campo sin dato,1,70a633fc101cd141a9693b7b16bb5ab1ecdbbfdd169aef5ab2d3ab75f2338d5c,25/06/2023 23:55:52,ESCANER
20811,"Petén",17,"San Luis",9,3236,400,,,,,,,,,,,,,,,,,,,,,0,,,
20812,"Petén",17,"San Luis",9,3236,392,,,,,,,,,,,,,,,,,,,,,0,,,
20813,"Petén",17,"San Luis",9,3236,392,,,,,,,,,,,,,,,,,,,,,0,,,
20814,"Petén",17,"San Luis",9,3237,380,69,16,62,15,5,14,3,184,30,4,218,0,218,--,380,162,184,218,218,Algún campo sin dato,1,e2a5168327e51444faaa811bc022f642d5f8debbe8bbeb4d3a54fb9f55440fd9,25/06/2023 23:30:19,ESCANER
20815,"Petén",17,"San Luis",9,3237,380,,,,,,,,,,,,,,,,,,,,,0,,,
20816,"Petén",17,"San Luis",9,3237,380,,,,,,,,,,,,,,,,,,,,,0,,,
20817,"Petén",17,"San Luis",9,3237,380,64,21,65,37,1,8,2,198,12,2,212,0,212,--,381,169,198,212,212,Algún campo sin dato,1,f79a2338437a613bb23dd67a1e828956c24e83bd47bcdf698a886f441170c9d5,25/06/2023 23:46:18,ESCANER
20818,"Petén",17,"San Luis",9,3237,380,,,,,,,,,,,,,,,,,,,,,0,,,
20819,"Petén",17,"San Luis",9,3237,380,49,21,45,13,3,9,2,142,15,2,159,4,163,--,380,217,142,159,163,Algún campo sin dato,1,0703260a6e9b3c9ea5291db7e19907e3b7e487324d62cabadcb84e6e1af1e153,26/06/2023 00:24:28,ESCANER
20820,"Petén",17,"San Luis",9,3237,380,58,11,52,22,4,7,1,155,19,2,176,0,176,--,380,204,155,176,176,Algún campo sin dato,1,e1203e4a0ceade9dd6bec3ac524348e8048513e47dcf1db94539bc74b595e89f,25/06/2023 23:25:19,ESCANER
20821,"Petén",17,"San Luis",9,3237,380,58,21,47,15,1,8,2,152,14,2,168,2,170,--,380,210,152,168,170,Algún campo sin dato,1,c00c702a200d52ff79cd0a3c22250632d056f97fdf4025fbbbafc2d7578912fc,25/06/2023 23:20:15,ESCANER
20822,"Petén",17,"San Luis",9,3237,380,,,,,,,,,,,,,,,,,,,,,0,,,
20823,"Petén",17,"San Luis",9,3237,323,,,,,,,,,,,,,,,,,,,,,0,,,
20824,"Petén",17,"San Luis",9,3237,323,38,9,48,8,6,4,5,118,4,2,124,0,124,--,324,200,118,124,124,Algún campo sin dato,1,5dc21de84dcb6643e0a5daba4f0de54a6be8262e371897bc94ad93d4c04d8585,25/06/2023 22:49:29,ESCANER
20825,"Petén",17,"San Luis",9,3238,380,,,,,,,,,,,,,,,,,,,,,0,,,
20826,"Petén",17,"San Luis",9,3238,380,,,,,,,,,,,,,,,,,,,,,0,,,
20827,"Petén",17,"San Luis",9,3238,380,59,15,40,52,6,11,5,188,20,2,210,0,210,--,380,170,188,210,210,Algún campo sin dato,1,264f77ba11c3a3055aacf96b95ea9e9e0d6c02a2a9838fe0aebe208f8f9996eb,25/06/2023 23:53:57,ESCANER
20828,"Petén",17,"San Luis",9,3238,380,,,,,,,,,,,,,,,,,,,,,0,,,
20829,"Petén",17,"San Luis",9,3238,380,,,,,,,,,,,,,,,,,,,,,0,,,
20830,"Petén",17,"San Luis",9,3238,380,,,,,,,,,,,,,,,,,,,,,0,,,
20831,"Petén",17,"San Luis",9,3238,380,,,,,,,,,,,,,,,,,,,,,0,,,
20832,"Petén",17,"San Luis",9,3238,380,,,,,,,,,,,,,,,,,,,,,0,,,
20833,"Petén",17,"San Luis",9,3238,352,51,22,41,26,6,3,1,150,4,0,154,0,154,--,352,198,150,154,154,Algún campo sin dato,1,cef506d46127b9eb795ab980587e5ebff64591c32d6493ff780505636313674f,25/06/2023 23:39:46,ESCANER
20834,"Petén",17,"San Luis",9,3238,351,,,,,,,,,,,,,,,,,,,,,0,,,
20835,"Petén",17,"San Luis",9,3239,380,,,,,,,,,,,,,,,,,,,,,0,,,
20836,"Petén",17,"San Luis",9,3239,380,,,,,,,,,,,,,,,,,,,,,0,,,
20837,"Petén",17,"San Luis",9,3239,380,,,,,,,,,,,,,,,,,,,,,0,,,
20838,"Petén",17,"San Luis",9,3239,380,,,,,,,,,,,,,,,,,,,,,0,,,
20839,"Petén",17,"San Luis",9,3239,380,,,,,,,,,,,,,,,,,,,,,0,,,
20840,"Petén",17,"San Luis",9,3239,282,,,,,,,,,,,,,,,,,,,,,0,,,
20841,"Petén",17,"San Luis",9,3239,282,,,,,,,,,,,,,,,,,,,,,0,,,
20842,"Petén",17,"San Luis",9,3240,380,,,,,,,,,,,,,,,,,,,,,0,,,
20843,"Petén",17,"San Luis",9,3240,380,,,,,,,,,,,,,,,,,,,,,0,,,
20844,"Petén",17,"San Luis",9,3240,380,,,,,,,,,,,,,,,,,,,,,0,,,
20845,"Petén",17,"San Luis",9,3240,380,,,,,,,,,,,,,,,,,,,,,0,,,
20846,"Petén",17,"San Luis",9,3240,360,,,,,,,,,,,,,,,,,,,,,0,,,
20847,"Petén",17,"San Luis",9,3240,360,,,,,,,,,,,,,,,,,,,,,0,,,
20848,"Petén",17,"San Luis",9,3241,380,,,,,,,,,,,,,,,,,,,,,0,,,
20849,"Petén",17,"San Luis",9,3241,380,63,28,11,16,7,13,4,142,20,2,164,0,164,--,380,216,142,164,164,Algún campo sin dato,1,c77dec8cd20211d9b59ab38f508e939b569886c8109a0ae67e0ddde3f9ab2b26,26/06/2023 00:05:29,ESCANER
20850,"Petén",17,"San Luis",9,3241,380,48,18,11,46,4,10,5,142,21,5,168,0,168,--,380,212,142,168,168,Algún campo sin dato,1,a97b7082d8cae6d96ad72d4ecccde9755e8e809bf5f19e6da5ba66d0876a8e5c,25/06/2023 23:59:26,ESCANER
20851,"Petén",17,"San Luis",9,3241,380,,,,,,,,,,,,,,,,,,,,,0,,,
20852,"Petén",17,"San Luis",9,3241,369,44,14,19,19,5,11,2,114,21,7,142,0,142,--,369,227,114,142,142,Algún campo sin dato,1,238f9cb8102a4d2e382c5e047ee0b6f11a8d0da159cc372846dcbfd6b4345ea1,25/06/2023 22:54:19,ESCANER
20853,"Petén",17,"San Luis",9,3241,369,33,18,11,22,2,10,1,97,10,2,109,0,109,--,369,260,97,109,109,Algún campo sin dato,1,57921d1d4a5dfc331d5168d866221559c52317524efee4a4d4afb4459e060245,25/06/2023 23:53:32,ESCANER
20854,"Petén",17,"San Luis",9,3242,380,,,,,,,,,,,,,,,,,,,,,0,,,
20855,"Petén",17,"San Luis",9,3242,380,,,,,,,,,,,,,,,,,,,,,0,,,
20856,"Petén",17,"San Luis",9,3242,380,45,23,39,56,1,7,1,172,13,6,191,0,191,--,380,189,172,191,191,Algún campo sin dato,1,27a09a895c9e10f7473788a3ec67aedab9187ed4e9dfd63167d2e775b247bb32,25/06/2023 23:22:46,ESCANER
20857,"Petén",17,"San Luis",9,3242,380,,,,,,,,,,,,,,,,,,,,,0,,,
20858,"Petén",17,"San Luis",9,3242,380,31,16,38,50,2,15,9,161,26,4,191,0,191,--,380,189,161,191,191,Algún campo sin dato,1,b11ac0c17f333f1b0350c930c90f23f5e91b4696aa54ce27d2fd7e18b463ac5e,25/06/2023 23:59:52,ESCANER
20859,"Petén",17,"San Luis",9,3242,380,,,,,,,,,,,,,,,,,,,,,0,,,
20860,"Petén",17,"San Luis",9,3242,380,,,,,,,,,,,,,,,,,,,,,0,,,
20861,"Petén",17,"San Luis",9,3243,380,,,,,,,,,,,,,,,,,,,,,0,,,
20862,"Petén",17,"San Luis",9,3243,380,52,13,37,66,6,17,0,191,7,0,198,0,198,0,380,182,191,198,198,,1,7b5d4e3a15b69034400908185755c8873b3158ed56745db1aa86ac2916ec0924,25/06/2023 23:26:47,ESCANER
20863,"Petén",17,"San Luis",9,3243,202,21,7,10,21,2,3,2,66,2,4,72,0,72,0,202,130,66,72,72,,1,921a82cd8b83db8ed0215423c84b64177e055853bcf8c402d56ddfc1d02860ff,25/06/2023 21:35:53,ESCANER
20864,"Petén",17,"San Luis",9,3243,201,6,2,5,17,2,5,1,38,4,3,45,0,45,--,201,156,38,45,45,Algún campo sin dato,1,adffae834d72f1cf52a19445a5040f42d147fb4503237501eef21e7c4dde4f7e,25/06/2023 21:45:49,ESCANER
20865,"Petén",17,"San Luis",9,3244,380,,,,,,,,,,,,,,,,,,,,,0,,,
20866,"Petén",17,"San Luis",9,3244,380,,,,,,,,,,,,,,,,,,,,,0,,,
20867,"Petén",17,"San Luis",9,3244,380,,,,,,,,,,,,,,,,,,,,,0,,,
20868,"Petén",17,"San Luis",9,3244,380,38,14,42,43,6,5,2,150,8,4,162,0,162,--,380,218,150,162,162,Algún campo sin dato,1,4cf036d7eec362ef363fbd24c88dba37ff3b57971013a1f5d9d4e6ef6dc1ce24,25/06/2023 23:33:14,ESCANER
20869,"Petén",17,"San Luis",9,3244,380,,,,,,,,,,,,,,,,,,,,,0,,,
20870,"Petén",17,"San Luis",9,3244,380,,,,,,,,,,,,,,,,,,,,,0,,,
20871,"Petén",17,"San Luis",9,3244,380,,,,,,,,,,,,,,,,,,,,,0,,,
20872,"Petén",17,"San Luis",9,3244,380,,,,,,,,,,,,,,,,,,,,,0,,,
20873,"Petén",17,"San Luis",9,3244,342,,,,,,,,,,,,,,,,,,,,,0,,,
20874,"Petén",17,"San Luis",9,3244,341,,,,,,,,,,,,,,,,,,,,,0,,,
20875,"Petén",17,"San Luis",9,3245,380,,,,,,,,,,,,,,,,,,,,,0,,,
20876,"Petén",17,"San Luis",9,3245,380,,,,,,,,,,,,,,,,,,,,,0,,,
20877,"Petén",17,"San Luis",9,3245,380,,,,,,,,,,,,,,,,,,,,,0,,,
20878,"Petén",17,"San Luis",9,3245,358,,,,,,,,,,,,,,,,,,,,,0,,,
20879,"Petén",17,"San Luis",9,3245,357,,,,,,,,,,,,,,,,,,,,,0,,,
20880,"Petén",17,"San Luis",9,3246,380,,,,,,,,,,,,,,,,,,,,,0,,,
20881,"Petén",17,"San Luis",9,3246,346,,,,,,,,,,,,,,,,,,,,,0,,,
20882,"Petén",17,"San Luis",9,3246,346,,,,,,,,,,,,,,,,,,,,,0,,,
20883,"Petén",17,"San Luis",9,3247,380,,,,,,,,,,,,,,,,,,,,,0,,,
20884,"Petén",17,"San Luis",9,3247,380,,,,,,,,,,,,,,,,,,,,,0,,,
20885,"Petén",17,"San Luis",9,3247,255,,,,,,,,,,,,,,,,,,,,,0,,,
20886,"Petén",17,"San Luis",9,3247,255,50,11,38,2,15,2,1,119,12,2,133,0,133,--,255,122,119,133,133,Algún campo sin dato,1,8a7da21e4292ab46158082ceebfa510c7e4b99f4f5573c6b43879c1087dd5682,25/06/2023 23:08:49,ESCANER
20887,"Petén",17,"San Luis",9,3248,600,42,10,29,8,11,5,3,108,9,3,120,0,120,--,600,480,108,120,120,Algún campo sin dato,1,2d6e45bc3234ef753697f6100196f2869974cdea3f0bca06a1d99bf87269305d,25/06/2023 22:41:52,ESCANER
20888,"Petén",17,"San Luis",9,3248,368,19,4,20,2,2,2,4,53,5,0,58,0,58,--,365,307,53,58,58,Algún campo sin dato,1,a619a503a9d5f79bd1a4175cff10833034becc26a8ff57e625d10ff396cbec01,25/06/2023 22:49:20,ESCANER
20889,"Petén",17,"San Luis",9,3248,367,11,4,8,4,2,0,1,30,4,0,34,0,34,0,367,333,30,34,34,,1,e9efae34d7ce724f5ec4ecd5d8eff7ed27a0f637906f9630f8b8655896a28706,25/06/2023 22:56:12,ESCANER