﻿TIPO_DE_ELECCIÓN:,CORPORACIÓN MUNICIPAL
26 junio 2023 00:28 (UTC -6)
ACTAS_ESPERADAS,ACTAS_CAPTURADAS,PORCENTAJE_ACTAS_CAPTURADAS,ACTAS_CONTABILIZADAS,PORCENTAJE_ACTAS_CONTABILIZADAS,ACTAS_NO_CONTABILIZADAS,LISTA_NOMINAL_ACTAS_CONTABILIZADAS,VOTOS_EMITIDOS_CONTABILIZADAS,PORCENTAJE_PARTICIPACIÓN_CIUDADANA
112,52,46.4285,52,46.4285,0,17906,8644,48.2743

MESA,DEPARTAMENTO,ID_DEPARTAMENTO,MUNICIPIO,ID_MUNICIPIO,CENTRO_DE_VOTACIÓN,PADRÓN,VIVA,UNE,CABRA,MLP,VAMOS,CABAL,TODOS,PPN,PHG,PODEMOS,CAMBIO,VALOR UNIONISTA,VÁLIDOS,NULOS,BLANCO,EMITIDOS,INVÁLIDOS,TOTAL,IMPUGNACIONES,PAPELETAS-RECIBIDAS,PAPELETAS-NO-USADAS,VALIDOS_CALCULADO,EMITIDOS_CALCULADO,TOTAL_CALCULADO,OBSERVACIONES,CONTABILIZADA,CÓDIGO_INTEGRIDAD,FECHA_HORA_PUBLICACIÓN,DIGITALIZACIÓN
20890,"Petén",17,"Sayaxché",10,3249,400,,,,,,,,,,,,,,,,,,,,,,,,,,0,,,
20891,"Petén",17,"Sayaxché",10,3249,400,,,,,,,,,,,,,,,,,,,,,,,,,,0,,,
20892,"Petén",17,"Sayaxché",10,3249,400,26,35,60,3,47,3,33,4,8,1,4,0,224,8,1,233,0,233,--,400,167,224,233,233,Algún campo sin dato,1,64087eef16a49921f629c91f281b20c351498f7de9991bf7e5ee604c41dc3718,25/06/2023 21:48:02,ESCANER
20893,"Petén",17,"Sayaxché",10,3249,400,27,50,60,0,43,4,15,10,9,2,2,0,222,17,4,243,0,243,--,400,157,222,243,243,Algún campo sin dato,1,98fe4def8c7756f9381d7b31c00398c9ec48ff1cbd4cc3c4fefa273fac7e4e07,25/06/2023 22:39:14,ESCANER
20894,"Petén",17,"Sayaxché",10,3249,400,,,,,,,,,,,,,,,,,,,,,,,,,,0,,,
20895,"Petén",17,"Sayaxché",10,3249,400,,,,,,,,,,,,,,,,,,,,,,,,,,0,,,
20896,"Petén",17,"Sayaxché",10,3249,400,16,55,71,2,38,2,24,6,16,--,1,4,235,14,4,253,0,253,--,400,147,235,253,253,Algún campo sin dato,1,9f9fce6c266ac1582e266d2fede0fcc6be57b321d51b9bf4e8b8917f5db2e0fd,26/06/2023 00:23:25,ESCANER
20897,"Petén",17,"Sayaxché",10,3249,400,11,44,56,--,32,2,28,9,10,2,2,1,197,4,1,202,0,202,--,400,198,197,202,202,Algún campo sin dato,1,30e8a87be7330eded33d7c0d9151a7c156f1b273eb8c1f6e00ca154390ae3095,25/06/2023 21:55:42,ESCANER
20898,"Petén",17,"Sayaxché",10,3249,400,15,27,50,1,37,1,15,4,13,1,0,0,164,9,2,175,0,175,--,397,222,164,175,175,Algún campo sin dato,1,9888b27c287b55279a6bd51c076e5233198ece78412c00490694321fb9e4be08,25/06/2023 23:13:40,ESCANER
20899,"Petén",17,"Sayaxché",10,3249,400,15,42,56,2,43,2,16,1,13,1,0,1,192,11,1,204,0,204,--,400,196,192,204,204,Algún campo sin dato,1,30fd2aac62b373dfb07207ee40f4234655fe6492003e423e98f7f67f0ecd7c79,25/06/2023 23:45:05,ESCANER
20900,"Petén",17,"Sayaxché",10,3249,400,,,,,,,,,,,,,,,,,,,,,,,,,,0,,,
20901,"Petén",17,"Sayaxché",10,3249,400,,,,,,,,,,,,,,,,,,,,,,,,,,0,,,
20902,"Petén",17,"Sayaxché",10,3249,400,19,51,47,1,44,2,17,2,20,2,0,1,206,12,1,219,0,219,--,400,181,206,219,219,Algún campo sin dato,1,b8459cd8b96cd38bd1fc43d68a5cbba104e92db80fdf4249c0dfc7a57f8aa5f7,25/06/2023 22:56:18,ESCANER
20903,"Petén",17,"Sayaxché",10,3249,400,,,,,,,,,,,,,,,,,,,,,,,,,,0,,,
20904,"Petén",17,"Sayaxché",10,3249,400,14,33,56,2,39,2,12,1,8,1,2,0,170,16,1,187,0,187,--,400,213,170,187,187,Algún campo sin dato,1,769b14b7f68ebd6d6355a0c22ae95b7796f3dcd164a6a6cc5ec138109052b9fd,25/06/2023 22:38:25,ESCANER
20905,"Petén",17,"Sayaxché",10,3249,400,,,,,,,,,,,,,,,,,,,,,,,,,,0,,,
20906,"Petén",17,"Sayaxché",10,3249,400,24,40,68,1,38,0,14,4,15,4,2,0,210,7,1,218,0,218,--,401,183,210,218,218,Algún campo sin dato,1,86849b5c4d9eac4c893ad7cbc98e1f1fd56a3a09f72db8521e5fa21634fa46f3,25/06/2023 22:15:45,ESCANER
20907,"Petén",17,"Sayaxché",10,3249,400,25,40,66,4,36,1,15,4,17,1,1,0,210,4,0,214,0,214,0,400,186,210,214,214,,1,dac5d56dfee2ee7fd5187047af6a1055badfc45e2b44ad6a7d3876b5ec3d10b9,25/06/2023 22:44:06,ESCANER
20908,"Petén",17,"Sayaxché",10,3249,271,7,30,38,1,27,2,5,5,4,3,1,0,123,3,1,127,0,127,--,271,144,123,127,127,Algún campo sin dato,1,a17f6d8c2b34901151ba9d68bcfc7bef8afac906ccc2c46a84a9fe788397655e,25/06/2023 20:45:32,ESCANER
20909,"Petén",17,"Sayaxché",10,3249,270,12,24,28,1,26,1,12,1,11,1,0,0,117,9,1,127,0,127,--,270,143,117,127,127,Algún campo sin dato,1,fb3098dbf35765ad2455b824710246c4e37febe3b24ac0d18470b5c11a59db06,25/06/2023 21:39:50,ESCANER
20910,"Petén",17,"Sayaxché",10,3250,291,,,,,,,,,,,,,,,,,,,,,,,,,,0,,,
20911,"Petén",17,"Sayaxché",10,3251,288,6,22,16,0,37,3,5,3,10,1,0,1,104,3,1,108,0,108,--,285,177,104,108,108,Algún campo sin dato,1,70613c9a4ae18eb7b3b630dfc83109fc78543c15a3b33c053ff566e33fb1acf0,25/06/2023 23:59:08,ESCANER
20912,"Petén",17,"Sayaxché",10,3252,330,10,40,33,0,26,2,11,1,18,1,0,0,142,17,6,165,0,165,--,330,165,142,165,165,Algún campo sin dato,1,55936250f94b6049a401174ca32e0e577cbf95f7b36b869d704cd5f2c2168ceb,25/06/2023 22:45:59,ESCANER
20913,"Petén",17,"Sayaxché",10,3252,329,,,,,,,,,,,,,,,,,,,,,,,,,,0,,,
20914,"Petén",17,"Sayaxché",10,3253,254,9,21,15,0,43,0,9,0,6,0,2,0,105,16,4,125,0,125,--,254,129,105,125,125,Algún campo sin dato,1,60cafb4baee0981c11bd55d846d6f941500cce0e4bae87f37b3dff6fca88291c,25/06/2023 21:48:55,ESCANER
20915,"Petén",17,"Sayaxché",10,3253,254,5,14,15,0,37,0,6,0,7,0,3,0,87,4,3,94,0,94,--,251,157,87,94,94,Algún campo sin dato,1,cc6cc2e422eb38554af8e3b15df061530f9b969b80bd2be4208dbd0b97bfebe1,25/06/2023 22:29:16,ESCANER
20916,"Petén",17,"Sayaxché",10,3254,380,2,59,67,1,67,0,12,0,0,1,0,3,212,20,5,237,0,237,--,380,143,212,237,237,Algún campo sin dato,1,79b8c3c624cf77eb9cb85697de733683ef926b1a79767370532b956cfc18ab72,25/06/2023 22:48:40,ESCANER
20917,"Petén",17,"Sayaxché",10,3254,380,,,,,,,,,,,,,,,,,,,,,,,,,,0,,,
20918,"Petén",17,"Sayaxché",10,3254,380,,,,,,,,,,,,,,,,,,,,,,,,,,0,,,
20919,"Petén",17,"Sayaxché",10,3254,380,,,,,,,,,,,,,,,,,,,,,,,,,,0,,,
20920,"Petén",17,"Sayaxché",10,3254,380,,,,,,,,,,,,,,,,,,,,,,,,,,0,,,
20921,"Petén",17,"Sayaxché",10,3254,372,,,,,,,,,,,,,,,,,,,,,,,,,,0,,,
20922,"Petén",17,"Sayaxché",10,3254,371,,,,,,,,,,,,,,,,,,,,,,,,,,0,,,
20923,"Petén",17,"Sayaxché",10,3255,380,,,,,,,,,,,,,,,,,,,,,,,,,,0,,,
20924,"Petén",17,"Sayaxché",10,3255,380,12,61,6,0,54,2,29,5,0,0,0,0,169,17,11,197,0,197,--,370,173,169,197,197,Algún campo sin dato,1,aeddd4ff61793d6d1c0073deb3b31753c3c76a79bf1bd7de94fc6c5bc6ef54fc,25/06/2023 21:40:27,ESCANER
20925,"Petén",17,"Sayaxché",10,3255,380,,,,,,,,,,,,,,,,,,,,,,,,,,0,,,
20926,"Petén",17,"Sayaxché",10,3255,380,,,,,,,,,,,,,,,,,,,,,,,,,,0,,,
20927,"Petén",17,"Sayaxché",10,3255,380,9,70,7,0,45,1,24,10,2,1,0,1,170,4,12,186,14,200,0,320,180,170,186,200,,1,e3d9627bd865a7fb98c4f59e3044f78ee96cf6e646537d7997665e08d7cf7c38,25/06/2023 22:49:06,ESCANER
20928,"Petén",17,"Sayaxché",10,3255,380,8,53,5,0,34,1,42,5,1,1,0,8,158,24,4,186,0,186,--,377,191,158,186,186,Algún campo sin dato,1,0e80c70d98fb475ee964ec97d9cddc7f814f0ca9538e495407e9fba7cd275950,26/06/2023 00:01:06,ESCANER
20929,"Petén",17,"Sayaxché",10,3255,380,13,55,8,0,36,4,22,3,2,1,0,1,145,19,9,173,0,145,--,380,207,145,173,173,Sumas Asentadas sin cuadrar,1,b9a2af92db5ffb2ec78023735788adad2269b7ae6f277d881f0fc208a4e5d955,26/06/2023 00:13:31,ESCANER
20930,"Petén",17,"Sayaxché",10,3255,380,11,50,7,0,37,3,30,4,0,0,1,0,143,10,1,154,0,154,0,377,223,143,154,154,,1,85831aec1294a7bb0d8e33d7f69383458601469aeebd33db481a95895c6997cc,25/06/2023 23:03:12,ESCANER
20931,"Petén",17,"Sayaxché",10,3255,311,8,39,7,1,49,0,39,5,2,0,0,1,151,7,0,158,0,158,--,311,153,151,158,158,Algún campo sin dato,1,c1267c0dd3b8cdf382bfe722b5799e84277c8eb87d1e20a797802087b85f5346,25/06/2023 23:23:51,ESCANER
20932,"Petén",17,"Sayaxché",10,3255,311,6,38,6,0,25,1,27,5,0,0,0,1,109,6,3,118,0,118,--,308,190,109,118,118,Algún campo sin dato,1,3d589b83a60153fd7b9962401a418c072d035f408982f7a039f6a66229badc7a,25/06/2023 20:56:58,ESCANER
20933,"Petén",17,"Sayaxché",10,3256,380,,,,,,,,,,,,,,,,,,,,,,,,,,0,,,
20934,"Petén",17,"Sayaxché",10,3256,380,,,,,,,,,,,,,,,,,,,,,,,,,,0,,,
20935,"Petén",17,"Sayaxché",10,3256,380,,,,,,,,,,,,,,,,,,,,,,,,,,0,,,
20936,"Petén",17,"Sayaxché",10,3256,380,,,,,,,,,,,,,,,,,,,,,,,,,,0,,,
20937,"Petén",17,"Sayaxché",10,3256,380,,,,,,,,,,,,,,,,,,,,,,,,,,0,,,
20938,"Petén",17,"Sayaxché",10,3256,380,,,,,,,,,,,,,,,,,,,,,,,,,,0,,,
20939,"Petén",17,"Sayaxché",10,3256,380,,,,,,,,,,,,,,,,,,,,,,,,,,0,,,
20940,"Petén",17,"Sayaxché",10,3256,380,,,,,,,,,,,,,,,,,,,,,,,,,,0,,,
20941,"Petén",17,"Sayaxché",10,3257,380,,,,,,,,,,,,,,,,,,,,,,,,,,0,,,
20942,"Petén",17,"Sayaxché",10,3257,380,,,,,,,,,,,,,,,,,,,,,,,,,,0,,,
20943,"Petén",17,"Sayaxché",10,3257,366,7,17,82,2,74,1,6,3,4,1,1,0,198,5,1,204,0,204,--,363,159,198,204,204,Algún campo sin dato,1,bb505cef23ba59e063d2487b81d602a99d5f884273001b0eec9a2bfeb73b4d9f,26/06/2023 00:02:59,ESCANER
20944,"Petén",17,"Sayaxché",10,3257,366,,,,,,,,,,,,,,,,,,,,,,,,,,0,,,
20945,"Petén",17,"Sayaxché",10,3258,380,,,,,,,,,,,,,,,,,,,,,,,,,,0,,,
20946,"Petén",17,"Sayaxché",10,3258,380,,,,,,,,,,,,,,,,,,,,,,,,,,0,,,
20947,"Petén",17,"Sayaxché",10,3258,380,4,25,88,1,42,10,8,0,0,0,0,1,179,19,6,203,0,203,0,380,177,179,204,204,Sumas Asentadas sin cuadrar,1,9556a12e92d8b01068932b4e581a772684e70d1505c02b893bd854f266c54607,25/06/2023 23:11:23,ESCANER
20948,"Petén",17,"Sayaxché",10,3258,380,6,34,76,4,33,7,9,1,0,1,2,0,173,17,7,197,0,197,--,380,183,173,197,197,Algún campo sin dato,1,b4533ea4def7807487596b6b958fc00508831e0d944215da52b9beabbc861d72,25/06/2023 22:23:01,ESCANER
20949,"Petén",17,"Sayaxché",10,3258,380,,,,,,,,,,,,,,,,,,,,,,,,,,0,,,
20950,"Petén",17,"Sayaxché",10,3258,380,,,,,,,,,,,,,,,,,,,,,,,,,,0,,,
20951,"Petén",17,"Sayaxché",10,3258,380,,,,,,,,,,,,,,,,,,,,,,,,,,0,,,
20952,"Petén",17,"Sayaxché",10,3258,380,1,26,82,2,32,8,6,2,0,0,1,0,160,20,5,185,0,185,--,380,195,160,185,185,Algún campo sin dato,1,e559f387d1cc420bfebbe357a4fe70ad6b8f8b79be8ca3bfdeef01e973caa883,25/06/2023 23:02:28,ESCANER
20953,"Petén",17,"Sayaxché",10,3258,380,8,19,78,2,34,6,14,0,0,1,0,0,162,17,7,186,194,380,--,380,194,162,186,380,Algún campo sin dato,1,dd181a0e36d76e8d9ac79511ec39d5ac3a748dc606df834eaa04227f27716ddc,25/06/2023 22:00:22,ESCANER
20954,"Petén",17,"Sayaxché",10,3258,380,,,,,,,,,,,,,,,,,,,,,,,,,,0,,,
20955,"Petén",17,"Sayaxché",10,3258,380,10,23,78,4,44,3,8,0,1,0,0,0,171,10,5,186,0,186,0,380,194,171,186,186,,1,bf417ea0d032c2b84a55babf4b119d353988213fc6b3da270f2ad6d6e9400c7b,25/06/2023 23:27:11,ESCANER
20956,"Petén",17,"Sayaxché",10,3258,380,2,21,92,3,42,9,7,1,0,0,0,0,177,10,7,194,0,194,--,377,183,177,194,194,Algún campo sin dato,1,6a682de35a08db4506717f9dccc874989c57418beba4440b39d090ef87fcfecd,25/06/2023 23:44:15,ESCANER
20957,"Petén",17,"Sayaxché",10,3258,215,6,18,40,2,11,8,3,1,0,0,0,0,89,4,0,93,0,93,--,215,122,89,93,93,Algún campo sin dato,1,c0f07e9974f6c87940637ce417b66f19b9e89c582f3638ad66e11b5acc0aed1b,25/06/2023 23:58:42,ESCANER
20958,"Petén",17,"Sayaxché",10,3258,215,7,12,21,1,16,5,6,1,0,0,0,0,69,6,3,78,0,78,--,--,--,69,78,78,Algún campo sin dato,1,5a01582a2ab5394eaa4c8d04d3766909cef6ee0024f6cfa53b8aa6d3f5bb808c,25/06/2023 20:56:31,ESCANER
20959,"Petén",17,"Sayaxché",10,3259,380,,,,,,,,,,,,,,,,,,,,,,,,,,0,,,
20960,"Petén",17,"Sayaxché",10,3259,380,69,18,23,0,35,1,29,0,0,1,0,1,177,6,0,183,0,183,0,380,197,177,183,183,,1,7bfb610b557c202143f89f140c5dcd1f30a25b97b3cf5abb5a047dbbb22d1a4a,25/06/2023 23:47:52,ESCANER
20961,"Petén",17,"Sayaxché",10,3259,380,67,7,19,0,44,5,18,0,1,0,0,0,173,10,2,173,0,173,--,380,207,161,173,173,Sumas Asentadas sin cuadrar,1,a015a51256bee6155cea9f7013ca145efeeb92c9c4de25227963b667fc0980a7,25/06/2023 22:24:11,ESCANER
20962,"Petén",17,"Sayaxché",10,3259,209,46,4,12,0,32,0,10,1,2,0,0,0,107,2,1,110,0,110,--,209,99,107,110,110,Algún campo sin dato,1,7c7958c343d428e669c5aed0c377af359062c6efd0ba1cf61f1c76c70d4da7dd,25/06/2023 21:21:22,ESCANER
20963,"Petén",17,"Sayaxché",10,3259,208,47,6,11,0,26,1,10,0,0,0,0,0,101,6,5,112,0,112,0,208,93,101,112,112,,1,83495edcb3272238e96eeb919da2df669e0766a275b38a9cd0acefd233d0523b,25/06/2023 23:04:07,ESCANER
20964,"Petén",17,"Sayaxché",10,3260,380,,,,,,,,,,,,,,,,,,,,,,,,,,0,,,
20965,"Petén",17,"Sayaxché",10,3260,380,,,,,,,,,,,,,,,,,,,,,,,,,,0,,,
20966,"Petén",17,"Sayaxché",10,3260,380,,,,,,,,,,,,,,,,,,,,,,,,,,0,,,
20967,"Petén",17,"Sayaxché",10,3260,380,,,,,,,,,,,,,,,,,,,,,,,,,,0,,,
20968,"Petén",17,"Sayaxché",10,3260,380,,,,,,,,,,,,,,,,,,,,,,,,,,0,,,
20969,"Petén",17,"Sayaxché",10,3260,380,,,,,,,,,,,,,,,,,,,,,,,,,,0,,,
20970,"Petén",17,"Sayaxché",10,3260,248,,,,,,,,,,,,,,,,,,,,,,,,,,0,,,
20971,"Petén",17,"Sayaxché",10,3260,248,14,10,39,0,107,0,2,0,0,0,0,0,172,7,3,182,0,182,--,248,66,172,182,182,Algún campo sin dato,1,db13bca8d5e3944a98eea21482e26d1c43f49d9e2bc9d2b0ab9721c33255173a,25/06/2023 22:53:57,ESCANER
20972,"Petén",17,"Sayaxché",10,3261,380,12,95,16,9,9,1,11,2,6,3,0,0,164,24,7,195,0,195,0,380,185,164,195,195,,1,52a73d0e8f94883f6f1a96511729dabdb92af6bf4899db25fd53d50deb96f509,25/06/2023 23:42:09,ESCANER
20973,"Petén",17,"Sayaxché",10,3261,271,10,50,15,9,5,0,6,2,2,1,0,0,100,10,7,117,0,117,--,271,154,100,117,117,Algún campo sin dato,1,cd8565392792fc74889da00d027178837f05ccd255d30f235b9a1ad3d42966a5,25/06/2023 20:38:36,ESCANER
20974,"Petén",17,"Sayaxché",10,3261,271,8,67,10,3,8,0,6,5,7,3,1,1,119,7,2,128,0,128,--,271,143,119,128,128,Algún campo sin dato,1,97f2aff5504eee93033f533e62c4d22eb49306e05626afe140f3c6ff7167d2b9,25/06/2023 23:48:57,ESCANER
20975,"Petén",17,"Sayaxché",10,3262,380,,,,,,,,,,,,,,,,,,,,,,,,,,0,,,
20976,"Petén",17,"Sayaxché",10,3262,380,,,,,,,,,,,,,,,,,,,,,,,,,,0,,,
20977,"Petén",17,"Sayaxché",10,3262,380,,,,,,,,,,,,,,,,,,,,,,,,,,0,,,
20978,"Petén",17,"Sayaxché",10,3262,380,,,,,,,,,,,,,,,,,,,,,,,,,,0,,,
20979,"Petén",17,"Sayaxché",10,3262,380,,,,,,,,,,,,,,,,,,,,,,,,,,0,,,
20980,"Petén",17,"Sayaxché",10,3262,363,,,,,,,,,,,,,,,,,,,,,,,,,,0,,,
20981,"Petén",17,"Sayaxché",10,3262,363,5,80,57,0,48,0,3,1,6,0,0,2,202,7,3,212,0,--,--,363,151,202,212,212,Algún campo sin dato,1,3b43abe59f0d54b3d25fb58e396e8283178ce9180f4f88e66f2e0f038f07c793,25/06/2023 23:47:04,ESCANER
20982,"Petén",17,"Sayaxché",10,3263,380,,,,,,,,,,,,,,,,,,,,,,,,,,0,,,
20983,"Petén",17,"Sayaxché",10,3263,380,32,39,47,2,24,5,19,2,0,2,0,1,173,18,1,192,0,192,--,376,184,173,192,192,Algún campo sin dato,1,db9e0ebf70f1ce378a2ac232d827159e8e6ad7ba0be46b7682f5bbab4f5be0f4,25/06/2023 23:46:50,ESCANER
20984,"Petén",17,"Sayaxché",10,3263,328,32,24,41,1,23,2,14,0,2,0,0,0,139,15,4,158,0,158,--,328,167,139,158,158,Algún campo sin dato,1,df2a25c40fe9fe99dbc5d6b690743592890b2a7b8bb7e51e25e954d687a12256,25/06/2023 22:58:12,ESCANER
20985,"Petén",17,"Sayaxché",10,3263,328,22,24,27,1,21,0,19,0,1,0,0,0,115,9,2,129,3,129,--,328,199,115,126,129,Sumas Asentadas sin cuadrar,1,dbb9966f15d51017969b1ab9a8aa449629363cd5317ba8bd5534194b7a72a208,25/06/2023 23:15:01,ESCANER
20986,"Petén",17,"Sayaxché",10,3264,380,,,,,,,,,,,,,,,,,,,,,,,,,,0,,,
20987,"Petén",17,"Sayaxché",10,3264,380,,,,,,,,,,,,,,,,,,,,,,,,,,0,,,
20988,"Petén",17,"Sayaxché",10,3264,380,,,,,,,,,,,,,,,,,,,,,,,,,,0,,,
20989,"Petén",17,"Sayaxché",10,3264,380,,,,,,,,,,,,,,,,,,,,,,,,,,0,,,
20990,"Petén",17,"Sayaxché",10,3264,207,,,,,,,,,,,,,,,,,,,,,,,,,,0,,,
20991,"Petén",17,"Sayaxché",10,3264,206,,,,,,,,,,,,,,,,,,,,,,,,,,0,,,
20992,"Petén",17,"Sayaxché",10,3265,380,7,44,44,6,13,1,76,1,8,1,2,0,203,23,4,230,0,230,--,380,151,203,230,230,Algún campo sin dato,1,34201cfc033ee010d1209872d6acc910f0c1c058341bffd8de0d4ffcdd0feb41,26/06/2023 00:25:30,ESCANER
20993,"Petén",17,"Sayaxché",10,3265,380,,,,,,,,,,,,,,,,,,,,,,,,,,0,,,
20994,"Petén",17,"Sayaxché",10,3265,299,,,,,,,,,,,,,,,,,,,,,,,,,,0,,,
20995,"Petén",17,"Sayaxché",10,3265,299,8,29,35,3,10,0,66,0,5,0,0,1,157,4,1,162,0,162,--,296,134,157,162,162,Algún campo sin dato,1,f31d7a4752cafc8096e2f4ed0c4bbd3e2fd7f2c360f1a17e6cabcb122ef24734,25/06/2023 22:27:10,ESCANER
20996,"Petén",17,"Sayaxché",10,3266,380,,,,,,,,,,,,,,,,,,,,,,,,,,0,,,
20997,"Petén",17,"Sayaxché",10,3266,263,1,36,75,0,40,1,1,0,1,0,0,0,155,15,8,178,0,178,--,263,85,155,178,178,Algún campo sin dato,1,f769d5fff1e80650054c01b9434b5a6b11e6785655e6f77e457bec7349531231,25/06/2023 23:46:23,ESCANER
20998,"Petén",17,"Sayaxché",10,3266,263,1,37,80,1,27,0,3,0,1,0,0,0,150,3,1,154,0,154,--,260,106,150,154,154,Algún campo sin dato,1,0a4d53bd094efb7033cc90ce2b615897e81d764b24f984a9a5d1c95b379a7c25,25/06/2023 21:18:14,ESCANER
20999,"Petén",17,"Sayaxché",10,3267,600,12,18,26,1,21,2,10,1,4,2,2,0,99,10,3,112,0,112,--,600,488,99,112,112,Algún campo sin dato,1,855ab499ea049ca2eb9672edc1b3454af503420db78fafb3b36674dee757a9ed,25/06/2023 21:18:51,ESCANER
21000,"Petén",17,"Sayaxché",10,3267,355,2,7,16,1,9,2,4,0,6,1,0,0,48,6,1,55,0,55,--,355,300,48,55,55,Algún campo sin dato,1,b27aad7525d219cc0a1c76ca135130c0c4fe2dac5638331633f03d47a19a4097,25/06/2023 21:00:47,ESCANER
21001,"Petén",17,"Sayaxché",10,3267,355,0,5,12,0,9,0,2,1,0,1,0,0,30,5,0,35,0,35,0,355,320,30,35,35,,1,b48f3d79bed84ebcd1458b20662a9b03f2a9331c3f275be5af3242c530776a64,25/06/2023 19:46:47,ESCANER