﻿TIPO_DE_ELECCIÓN:,CORPORACIÓN MUNICIPAL
26 junio 2023 00:28 (UTC -6)
ACTAS_ESPERADAS,ACTAS_CAPTURADAS,PORCENTAJE_ACTAS_CAPTURADAS,ACTAS_CONTABILIZADAS,PORCENTAJE_ACTAS_CONTABILIZADAS,ACTAS_NO_CONTABILIZADAS,LISTA_NOMINAL_ACTAS_CONTABILIZADAS,VOTOS_EMITIDOS_CONTABILIZADAS,PORCENTAJE_PARTICIPACIÓN_CIUDADANA
210,81,38.5714,81,38.5714,0,30650,16916,55.1908

MESA,DEPARTAMENTO,ID_DEPARTAMENTO,MUNICIPIO,ID_MUNICIPIO,CENTRO_DE_VOTACIÓN,PADRÓN,VAMOS,BIEN,PHG,UNE,PPN,AZUL,VOS,UR,CABAL,CAMBIO,U R N G - MAIZ,TODOS,FCN-NACION,VICTORIA,P A N,CREO,VIVA,UNIONISTA,ELEFANTE,VALOR,VÁLIDOS,NULOS,BLANCO,EMITIDOS,INVÁLIDOS,TOTAL,IMPUGNACIONES,PAPELETAS-RECIBIDAS,PAPELETAS-NO-USADAS,VALIDOS_CALCULADO,EMITIDOS_CALCULADO,TOTAL_CALCULADO,OBSERVACIONES,CONTABILIZADA,CÓDIGO_INTEGRIDAD,FECHA_HORA_PUBLICACIÓN,DIGITALIZACIÓN
2423,"Guatemala",1,"Chinautla",6,213,400,,,,,,,,,,,,,,,,,,,,,,,,,,,,,,,,,,0,,,
2424,"Guatemala",1,"Chinautla",6,213,400,15,28,66,26,2,2,21,1,5,1,13,4,6,4,2,6,9,3,9,9,232,19,2,253,0,253,--,400,147,232,253,253,Algún campo sin dato,1,ad87688ce6480f2fe51174618faa0edcb6ce4e573ced7f32d651f6b511b3a0fc,25/06/2023 23:56:35,ESCANER
2425,"Guatemala",1,"Chinautla",6,213,400,,,,,,,,,,,,,,,,,,,,,,,,,,,,,,,,,,0,,,
2426,"Guatemala",1,"Chinautla",6,213,400,15,20,75,37,6,0,19,2,8,6,9,2,3,2,2,6,5,3,5,10,235,16,1,252,0,252,--,393,141,235,252,252,Algún campo sin dato,1,6b7d4c1bbd9cf76c29e71364542dec5eee32203ffc7dbc6a9f0c13b5c610051f,25/06/2023 23:55:11,ESCANER
2427,"Guatemala",1,"Chinautla",6,213,400,,,,,,,,,,,,,,,,,,,,,,,,,,,,,,,,,,0,,,
2428,"Guatemala",1,"Chinautla",6,213,400,21,27,79,27,3,0,21,1,2,6,3,1,1,2,1,8,3,3,6,9,224,17,0,241,0,241,--,400,159,224,241,241,Algún campo sin dato,1,a022f39a6368809ba4b024abdd92ae11167d7acd863ad12354ddb8d42a429e0b,26/06/2023 00:15:01,ESCANER
2429,"Guatemala",1,"Chinautla",6,213,400,,,,,,,,,,,,,,,,,,,,,,,,,,,,,,,,,,0,,,
2430,"Guatemala",1,"Chinautla",6,214,400,,,,,,,,,,,,,,,,,,,,,,,,,,,,,,,,,,0,,,
2431,"Guatemala",1,"Chinautla",6,214,400,,,,,,,,,,,,,,,,,,,,,,,,,,,,,,,,,,0,,,
2432,"Guatemala",1,"Chinautla",6,214,400,19,11,85,27,4,2,11,3,1,4,8,1,2,3,2,11,4,1,6,10,215,11,4,230,0,230,--,400,170,215,230,230,Algún campo sin dato,1,0e3a4571f55c60ab9e0e0a0a3d2423471ba32d366015b958893aa68340cfaecd,26/06/2023 00:05:59,ESCANER
2433,"Guatemala",1,"Chinautla",6,214,400,,,,,,,,,,,,,,,,,,,,,,,,,,,,,,,,,,0,,,
2434,"Guatemala",1,"Chinautla",6,214,400,,,,,,,,,,,,,,,,,,,,,,,,,,,,,,,,,,0,,,
2435,"Guatemala",1,"Chinautla",6,214,400,22,27,73,55,2,1,33,2,2,2,11,2,3,3,2,1,6,1,5,3,256,9,0,265,0,265,--,400,131,256,265,265,Algún campo sin dato,1,89b689db48a530b232118996c28a21aceb70e687f8024f5f13eaacf8f45d56c7,25/06/2023 23:49:11,ESCANER
2436,"Guatemala",1,"Chinautla",6,214,215,7,12,25,10,2,1,14,1,0,1,4,1,0,1,1,0,0,0,6,1,87,5,0,92,0,92,--,215,123,87,92,92,Algún campo sin dato,1,5b878fda160dedfc3e42525041bcb93f46e3dc3933c5f511a7ae972321a9fc9a,26/06/2023 00:10:55,ESCANER
2437,"Guatemala",1,"Chinautla",6,214,214,9,6,28,12,2,0,8,0,0,1,2,5,0,1,0,2,2,0,0,4,82,5,1,88,0,88,--,214,123,82,88,88,Algún campo sin dato,1,85899ff7a4122273448a624f42692c5307b25da547630646e673ff7991c1e495,25/06/2023 22:31:06,ESCANER
2438,"Guatemala",1,"Chinautla",6,215,400,,,,,,,,,,,,,,,,,,,,,,,,,,,,,,,,,,0,,,
2439,"Guatemala",1,"Chinautla",6,215,400,,,,,,,,,,,,,,,,,,,,,,,,,,,,,,,,,,0,,,
2440,"Guatemala",1,"Chinautla",6,215,400,,,,,,,,,,,,,,,,,,,,,,,,,,,,,,,,,,0,,,
2441,"Guatemala",1,"Chinautla",6,215,400,,,,,,,,,,,,,,,,,,,,,,,,,,,,,,,,,,0,,,
2442,"Guatemala",1,"Chinautla",6,215,400,,,,,,,,,,,,,,,,,,,,,,,,,,,,,,,,,,0,,,
2443,"Guatemala",1,"Chinautla",6,215,400,,,,,,,,,,,,,,,,,,,,,,,,,,,,,,,,,,0,,,
2444,"Guatemala",1,"Chinautla",6,215,400,21,17,77,36,4,0,13,0,4,3,7,3,0,3,1,6,2,4,9,12,222,16,2,240,0,240,--,400,160,222,240,240,Algún campo sin dato,1,3ba3acd43e2f8e41150825ed130e057ca3a1b72f0c29b22fc565d3afdba18853,26/06/2023 00:14:11,ESCANER
2445,"Guatemala",1,"Chinautla",6,215,400,,,,,,,,,,,,,,,,,,,,,,,,,,,,,,,,,,0,,,
2446,"Guatemala",1,"Chinautla",6,215,400,31,21,71,32,1,0,12,1,1,1,8,5,2,6,3,1,4,3,8,4,215,11,0,226,0,226,--,384,158,215,226,226,Algún campo sin dato,1,cfbac8aaefb9fdbe0fb071a1809c2981f4fce14616ef77a87cf435aebce57fa0,25/06/2023 23:32:35,ESCANER
2447,"Guatemala",1,"Chinautla",6,215,400,,,,,,,,,,,,,,,,,,,,,,,,,,,,,,,,,,0,,,
2448,"Guatemala",1,"Chinautla",6,215,400,,,,,,,,,,,,,,,,,,,,,,,,,,,,,,,,,,0,,,
2449,"Guatemala",1,"Chinautla",6,215,400,21,25,65,37,0,2,13,5,1,3,9,6,0,3,3,5,5,5,2,3,213,22,1,236,0,236,--,400,246,213,236,236,Algún campo sin dato,1,149f7e0c1de2daab9608b6027dd159380c7ae8829cab68728013174865b73ed8,25/06/2023 23:52:48,ESCANER
2450,"Guatemala",1,"Chinautla",6,215,400,,,,,,,,,,,,,,,,,,,,,,,,,,,,,,,,,,0,,,
2451,"Guatemala",1,"Chinautla",6,215,400,,,,,,,,,,,,,,,,,,,,,,,,,,,,,,,,,,0,,,
2452,"Guatemala",1,"Chinautla",6,215,400,,,,,,,,,,,,,,,,,,,,,,,,,,,,,,,,,,0,,,
2453,"Guatemala",1,"Chinautla",6,215,400,,,,,,,,,,,,,,,,,,,,,,,,,,,,,,,,,,0,,,
2454,"Guatemala",1,"Chinautla",6,215,400,,,,,,,,,,,,,,,,,,,,,,,,,,,,,,,,,,0,,,
2455,"Guatemala",1,"Chinautla",6,215,400,,,,,,,,,,,,,,,,,,,,,,,,,,,,,,,,,,0,,,
2456,"Guatemala",1,"Chinautla",6,215,400,,,,,,,,,,,,,,,,,,,,,,,,,,,,,,,,,,0,,,
2457,"Guatemala",1,"Chinautla",6,215,400,,,,,,,,,,,,,,,,,,,,,,,,,,,,,,,,,,0,,,
2458,"Guatemala",1,"Chinautla",6,215,400,,,,,,,,,,,,,,,,,,,,,,,,,,,,,,,,,,0,,,
2459,"Guatemala",1,"Chinautla",6,215,400,23,28,61,35,2,1,16,0,3,0,4,2,2,8,2,1,2,2,2,4,198,9,2,209,0,209,2,400,191,198,209,209,,1,367c8eebb03abd933117c546fc9afb43f02fdfa4bcbfb08107c73d72894d6a1e,25/06/2023 22:20:21,ESCANER
2460,"Guatemala",1,"Chinautla",6,215,400,,,,,,,,,,,,,,,,,,,,,,,,,,,,,,,,,,0,,,
2461,"Guatemala",1,"Chinautla",6,215,400,,,,,,,,,,,,,,,,,,,,,,,,,,,,,,,,,,0,,,
2462,"Guatemala",1,"Chinautla",6,216,368,17,17,53,31,1,1,13,0,1,2,5,0,0,2,1,2,2,1,3,6,158,10,3,171,0,171,--,368,197,158,171,171,Algún campo sin dato,1,29bfc54f6e430fa99defaf4419f084c1e3205caf7d4b3c1ef330879521bd24d4,25/06/2023 23:01:39,ESCANER
2463,"Guatemala",1,"Chinautla",6,216,367,15,21,34,32,1,0,11,0,3,1,7,3,0,2,0,0,3,0,1,6,140,7,1,148,0,148,--,367,219,140,148,148,Algún campo sin dato,1,2bbfac81c3464994b7c5962926c4e2b639a4c5ef180d6fd35d7674e91a065d93,25/06/2023 23:51:19,ESCANER
2464,"Guatemala",1,"Chinautla",6,217,400,,,,,,,,,,,,,,,,,,,,,,,,,,,,,,,,,,0,,,
2465,"Guatemala",1,"Chinautla",6,217,400,,,,,,,,,,,,,,,,,,,,,,,,,,,,,,,,,,0,,,
2466,"Guatemala",1,"Chinautla",6,217,400,,,,,,,,,,,,,,,,,,,,,,,,,,,,,,,,,,0,,,
2467,"Guatemala",1,"Chinautla",6,217,400,,,,,,,,,,,,,,,,,,,,,,,,,,,,,,,,,,0,,,
2468,"Guatemala",1,"Chinautla",6,217,400,,,,,,,,,,,,,,,,,,,,,,,,,,,,,,,,,,0,,,
2469,"Guatemala",1,"Chinautla",6,217,400,,,,,,,,,,,,,,,,,,,,,,,,,,,,,,,,,,0,,,
2470,"Guatemala",1,"Chinautla",6,217,400,,,,,,,,,,,,,,,,,,,,,,,,,,,,,,,,,,0,,,
2471,"Guatemala",1,"Chinautla",6,217,400,27,38,52,47,3,1,12,3,2,3,6,0,0,1,2,2,7,2,2,4,214,13,2,229,0,229,--,397,168,214,229,229,Algún campo sin dato,1,6a2f4dfeefd4e0df2a43c3bf4520b20a4f32479cebe8d690f50360b03561e9b6,25/06/2023 23:40:23,ESCANER
2472,"Guatemala",1,"Chinautla",6,217,400,,,,,,,,,,,,,,,,,,,,,,,,,,,,,,,,,,0,,,
2473,"Guatemala",1,"Chinautla",6,217,400,,,,,,,,,,,,,,,,,,,,,,,,,,,,,,,,,,0,,,
2474,"Guatemala",1,"Chinautla",6,218,400,,,,,,,,,,,,,,,,,,,,,,,,,,,,,,,,,,0,,,
2475,"Guatemala",1,"Chinautla",6,218,400,,,,,,,,,,,,,,,,,,,,,,,,,,,,,,,,,,0,,,
2476,"Guatemala",1,"Chinautla",6,218,400,,,,,,,,,,,,,,,,,,,,,,,,,,,,,,,,,,0,,,
2477,"Guatemala",1,"Chinautla",6,218,400,,,,,,,,,,,,,,,,,,,,,,,,,,,,,,,,,,0,,,
2478,"Guatemala",1,"Chinautla",6,218,400,,,,,,,,,,,,,,,,,,,,,,,,,,,,,,,,,,0,,,
2479,"Guatemala",1,"Chinautla",6,218,400,,,,,,,,,,,,,,,,,,,,,,,,,,,,,,,,,,0,,,
2480,"Guatemala",1,"Chinautla",6,218,400,41,24,46,57,5,2,10,1,0,3,6,3,1,8,1,1,4,0,2,4,219,17,5,241,0,241,--,400,159,219,241,241,Algún campo sin dato,1,0957ae1d7fd2777fc94079948ed649a623b6b9f88acdbb3a9cfd5148509f345b,25/06/2023 23:26:31,ESCANER
2481,"Guatemala",1,"Chinautla",6,218,400,35,22,56,39,4,1,8,--,3,6,7,1,--,4,4,6,10,1,4,10,226,17,4,247,--,247,--,400,153,221,242,242,Sumas Asentadas sin cuadrar,1,0a964c208618e12f54b2a50d8a4329650323787e420a1b75c5f408ae5e20fed7,25/06/2023 22:33:50,ESCANER
2482,"Guatemala",1,"Chinautla",6,218,400,,,,,,,,,,,,,,,,,,,,,,,,,,,,,,,,,,0,,,
2483,"Guatemala",1,"Chinautla",6,218,400,,,,,,,,,,,,,,,,,,,,,,,,,,,,,,,,,,0,,,
2484,"Guatemala",1,"Chinautla",6,218,400,,,,,,,,,,,,,,,,,,,,,,,,,,,,,,,,,,0,,,
2485,"Guatemala",1,"Chinautla",6,218,400,,,,,,,,,,,,,,,,,,,,,,,,,,,,,,,,,,0,,,
2486,"Guatemala",1,"Chinautla",6,218,400,31,30,34,45,10,1,8,3,1,3,7,1,1,2,3,1,5,0,5,5,196,26,1,223,0,223,--,399,176,196,223,223,Algún campo sin dato,1,992cffb536d4ca530e50a6974ccdd0f830ed27359dcdf6f4ffcdb5743c6f55d1,25/06/2023 23:48:51,ESCANER
2487,"Guatemala",1,"Chinautla",6,218,400,,,,,,,,,,,,,,,,,,,,,,,,,,,,,,,,,,0,,,
2488,"Guatemala",1,"Chinautla",6,218,400,,,,,,,,,,,,,,,,,,,,,,,,,,,,,,,,,,0,,,
2489,"Guatemala",1,"Chinautla",6,218,400,,,,,,,,,,,,,,,,,,,,,,,,,,,,,,,,,,0,,,
2490,"Guatemala",1,"Chinautla",6,218,400,51,32,55,54,1,1,16,0,3,3,5,1,0,3,0,0,2,1,3,7,238,4,0,242,0,242,--,397,155,238,242,242,Algún campo sin dato,1,6a6e455c2b6847d40e057a6b93fe3a69664fa1ec16b70dfdcbc5adbb062b9cfe,25/06/2023 23:42:43,ESCANER
2491,"Guatemala",1,"Chinautla",6,218,400,,,,,,,,,,,,,,,,,,,,,,,,,,,,,,,,,,0,,,
2492,"Guatemala",1,"Chinautla",6,218,266,24,18,23,32,1,0,5,0,0,2,4,0,0,5,0,0,4,2,3,7,130,5,0,135,0,135,--,266,131,130,135,135,Algún campo sin dato,1,ff73bddbc85a7aa36fffcd902b388b9f986497128efad15d751f2f20a8b9f57f,25/06/2023 22:30:01,ESCANER
2493,"Guatemala",1,"Chinautla",6,218,266,15,15,25,27,0,1,10,0,1,2,4,0,0,0,1,0,2,0,4,4,111,3,0,114,0,114,--,266,152,111,114,114,Algún campo sin dato,1,c507c429e7adeadc4e24ce4c8178039cab434ab37c191829e31d23d7070cbd2a,25/06/2023 21:44:01,ESCANER
2494,"Guatemala",1,"Chinautla",6,219,400,,,,,,,,,,,,,,,,,,,,,,,,,,,,,,,,,,0,,,
2495,"Guatemala",1,"Chinautla",6,219,400,,,,,,,,,,,,,,,,,,,,,,,,,,,,,,,,,,0,,,
2496,"Guatemala",1,"Chinautla",6,219,400,,,,,,,,,,,,,,,,,,,,,,,,,,,,,,,,,,0,,,
2497,"Guatemala",1,"Chinautla",6,219,400,,,,,,,,,,,,,,,,,,,,,,,,,,,,,,,,,,0,,,
2498,"Guatemala",1,"Chinautla",6,219,400,,,,,,,,,,,,,,,,,,,,,,,,,,,,,,,,,,0,,,
2499,"Guatemala",1,"Chinautla",6,219,400,,,,,,,,,,,,,,,,,,,,,,,,,,,,,,,,,,0,,,
2500,"Guatemala",1,"Chinautla",6,219,400,,,,,,,,,,,,,,,,,,,,,,,,,,,,,,,,,,0,,,
2501,"Guatemala",1,"Chinautla",6,219,400,,,,,,,,,,,,,,,,,,,,,,,,,,,,,,,,,,0,,,
2502,"Guatemala",1,"Chinautla",6,219,400,,,,,,,,,,,,,,,,,,,,,,,,,,,,,,,,,,0,,,
2503,"Guatemala",1,"Chinautla",6,219,400,,,,,,,,,,,,,,,,,,,,,,,,,,,,,,,,,,0,,,
2504,"Guatemala",1,"Chinautla",6,219,400,,,,,,,,,,,,,,,,,,,,,,,,,,,,,,,,,,0,,,
2505,"Guatemala",1,"Chinautla",6,219,400,,,,,,,,,,,,,,,,,,,,,,,,,,,,,,,,,,0,,,
2506,"Guatemala",1,"Chinautla",6,219,400,,,,,,,,,,,,,,,,,,,,,,,,,,,,,,,,,,0,,,
2507,"Guatemala",1,"Chinautla",6,219,400,,,,,,,,,,,,,,,,,,,,,,,,,,,,,,,,,,0,,,
2508,"Guatemala",1,"Chinautla",6,219,304,12,12,29,51,0,0,5,1,0,1,1,0,0,3,1,1,3,0,2,27,149,4,0,153,0,153,--,301,148,149,153,153,Algún campo sin dato,1,964e6f88aa4c35502cc954a61dd2fae61d4eb3bb99709cea3f26032d3c4fe7bb,25/06/2023 22:59:17,ESCANER
2509,"Guatemala",1,"Chinautla",6,219,304,8,12,26,40,2,1,2,0,3,0,5,2,2,2,0,3,3,0,0,11,122,4,1,127,0,127,--,304,177,122,127,127,Algún campo sin dato,1,b00e50147accd4982fea43cacd9fc5b774f8276e82c9beacf07750e47f0c0b4e,25/06/2023 23:16:24,ESCANER
2510,"Guatemala",1,"Chinautla",6,220,400,28,10,37,32,0,1,2,0,1,8,2,12,2,1,2,9,8,0,8,6,169,19,6,194,1,195,5,119,101,169,194,195,,1,8a9dd2318be07580b868b557f9883e9ca749200e58a2f5dbe18f206cdefa5221,25/06/2023 23:13:51,ESCANER
2511,"Guatemala",1,"Chinautla",6,220,400,29,24,44,25,3,0,4,1,3,13,9,12,2,7,2,7,7,3,5,5,205,26,7,238,1,239,--,400,161,205,238,239,Algún campo sin dato,1,b15c22410ff79e4ca1dbd560baff536d349fa866c68406e1e679a6ac8833162b,25/06/2023 22:58:58,ESCANER
2512,"Guatemala",1,"Chinautla",6,220,400,34,28,37,42,0,4,5,4,1,3,15,2,0,4,1,6,6,4,2,8,206,16,5,227,0,227,--,413,182,206,227,227,Algún campo sin dato,1,f83229b995efec6286942bdc14d63b1473ce6a75071f186f494a1f61790b6366,25/06/2023 23:11:19,ESCANER
2513,"Guatemala",1,"Chinautla",6,221,400,,,,,,,,,,,,,,,,,,,,,,,,,,,,,,,,,,0,,,
2514,"Guatemala",1,"Chinautla",6,221,400,,,,,,,,,,,,,,,,,,,,,,,,,,,,,,,,,,0,,,
2515,"Guatemala",1,"Chinautla",6,221,400,,,,,,,,,,,,,,,,,,,,,,,,,,,,,,,,,,0,,,
2516,"Guatemala",1,"Chinautla",6,221,400,32,15,39,37,1,2,15,1,2,3,3,6,2,6,9,7,10,1,2,10,203,6,191,400,0,400,--,400,191,203,400,400,Algún campo sin dato,1,3361f71d3fe8427bac459c463c12357ac77f94b9eb3fade6f23f81d894cc6470,25/06/2023 23:36:33,ESCANER
2517,"Guatemala",1,"Chinautla",6,221,400,,,,,,,,,,,,,,,,,,,,,,,,,,,,,,,,,,0,,,
2518,"Guatemala",1,"Chinautla",6,221,400,,,,,,,,,,,,,,,,,,,,,,,,,,,,,,,,,,0,,,
2519,"Guatemala",1,"Chinautla",6,221,400,,,,,,,,,,,,,,,,,,,,,,,,,,,,,,,,,,0,,,
2520,"Guatemala",1,"Chinautla",6,221,400,18,18,47,42,4,0,10,1,4,8,7,5,2,2,3,6,7,3,6,9,223,20,1,223,0,223,--,400,177,202,223,223,Sumas Asentadas sin cuadrar,1,8a46fffe0dc2c883ddee5e727405eb45e945e208293f77e927f8761d9b4a5436,25/06/2023 23:26:59,ESCANER
2521,"Guatemala",1,"Chinautla",6,221,400,,,,,,,,,,,,,,,,,,,,,,,,,,,,,,,,,,0,,,
2522,"Guatemala",1,"Chinautla",6,221,400,26,21,34,31,1,1,8,2,2,12,6,10,0,2,1,13,6,3,5,13,197,16,2,215,0,215,--,400,185,197,215,215,Algún campo sin dato,1,9bcd94b99f05e8f233e3e152e19cbc7b46355e3502eda84bbc7bcfb629f81fd8,25/06/2023 23:23:52,ESCANER
2523,"Guatemala",1,"Chinautla",6,221,400,,,,,,,,,,,,,,,,,,,,,,,,,,,,,,,,,,0,,,
2524,"Guatemala",1,"Chinautla",6,221,400,,,,,,,,,,,,,,,,,,,,,,,,,,,,,,,,,,0,,,
2525,"Guatemala",1,"Chinautla",6,221,400,,,,,,,,,,,,,,,,,,,,,,,,,,,,,,,,,,0,,,
2526,"Guatemala",1,"Chinautla",6,221,400,,,,,,,,,,,,,,,,,,,,,,,,,,,,,,,,,,0,,,
2527,"Guatemala",1,"Chinautla",6,221,400,,,,,,,,,,,,,,,,,,,,,,,,,,,,,,,,,,0,,,
2528,"Guatemala",1,"Chinautla",6,221,400,24,14,41,31,1,0,9,2,3,8,6,5,0,6,2,12,9,1,3,8,185,11,0,196,0,196,--,393,197,185,196,196,Algún campo sin dato,1,9f4ad771ebb68993e93a07138d189b327fc2e3b6a47ecda67280b8fddc4385c6,25/06/2023 22:26:10,ESCANER
2529,"Guatemala",1,"Chinautla",6,221,400,,,,,,,,,,,,,,,,,,,,,,,,,,,,,,,,,,0,,,
2530,"Guatemala",1,"Chinautla",6,221,400,41,35,66,51,3,3,12,0,2,3,10,4,0,2,1,2,3,0,3,8,249,5,0,254,0,254,--,400,146,249,254,254,Algún campo sin dato,1,13b22dbea611d5104a7367080896573d89b8d1b5cdacf6270d4fab2e547abffd,26/06/2023 00:10:59,ESCANER
2531,"Guatemala",1,"Chinautla",6,221,259,,,,,,,,,,,,,,,,,,,,,,,,,,,,,,,,,,0,,,
2532,"Guatemala",1,"Chinautla",6,221,258,,,,,,,,,,,,,,,,,,,,,,,,,,,,,,,,,,0,,,
2533,"Guatemala",1,"Chinautla",6,222,400,,,,,,,,,,,,,,,,,,,,,,,,,,,,,,,,,,0,,,
2534,"Guatemala",1,"Chinautla",6,222,400,72,7,21,64,2,1,8,0,3,11,7,2,0,5,0,4,8,11,5,2,233,13,10,256,0,256,--,400,144,233,256,256,Algún campo sin dato,1,918953d97a1d262915d648e65f905ff52be8093d62becd3258d862c579410cab,26/06/2023 00:09:43,ESCANER
2535,"Guatemala",1,"Chinautla",6,222,400,,,,,,,,,,,,,,,,,,,,,,,,,,,,,,,,,,0,,,
2536,"Guatemala",1,"Chinautla",6,222,400,,,,,,,,,,,,,,,,,,,,,,,,,,,,,,,,,,0,,,
2537,"Guatemala",1,"Chinautla",6,222,400,70,14,21,37,4,0,5,1,3,15,9,2,1,2,2,3,11,8,5,7,220,25,4,249,0,249,--,400,151,220,249,249,Algún campo sin dato,1,bef34d0657d93189a3e36d729a9a580ae1c5f700e499af3b9b993f23a8b6bb8c,25/06/2023 23:16:27,ESCANER
2538,"Guatemala",1,"Chinautla",6,222,400,75,5,23,37,1,0,10,2,1,19,8,0,0,1,2,5,7,8,7,5,216,19,1,236,0,236,--,--,--,216,236,236,Algún campo sin dato,1,a62c091da4451f5562d2815efa8cd950016c2d0d7010b3505f8ca847c34b8a6e,25/06/2023 23:14:01,ESCANER
2539,"Guatemala",1,"Chinautla",6,222,400,69,14,27,48,3,0,8,1,2,14,5,1,2,0,2,4,5,9,4,1,219,14,4,237,0,237,--,400,163,219,237,237,Algún campo sin dato,1,0bd39583b40f2fc2d482846c3ff6746918e7ad4d664cd04571f2feed0aece94a,26/06/2023 00:01:26,ESCANER
2540,"Guatemala",1,"Chinautla",6,222,400,64,6,26,38,3,3,4,3,0,9,8,2,1,3,1,7,6,7,0,6,197,24,7,228,0,228,--,400,172,197,228,228,Algún campo sin dato,1,7b1a0f25d094fb3c688dc15f77fcf6feef78533a056593537ea6cff6146dce7b,25/06/2023 22:23:44,ESCANER
2541,"Guatemala",1,"Chinautla",6,222,400,64,13,31,45,3,1,7,2,3,12,5,1,1,4,0,1,5,13,3,9,223,17,1,241,0,241,--,400,159,223,241,241,Algún campo sin dato,1,a7cbebef9834870a4e4c105b0e52d2973fa1e58c9a84d1663d16d0c4c6cb88e4,25/06/2023 22:40:44,ESCANER
2542,"Guatemala",1,"Chinautla",6,222,400,81,10,18,57,1,3,12,1,3,9,6,0,0,2,3,6,5,6,3,3,229,18,4,251,0,251,--,400,149,229,251,251,Algún campo sin dato,1,1dd621dc70d037c8def1f58d3acfdd4ad80deff389d9c4a1563623dd362bd7cb,25/06/2023 23:11:29,ESCANER
2543,"Guatemala",1,"Chinautla",6,222,400,79,19,23,46,1,3,7,2,3,17,9,2,2,7,1,4,8,10,2,3,248,21,7,276,0,276,--,400,124,248,276,276,Algún campo sin dato,1,7fe84d8baf859c4b3c8461a577ce4b1f5dcedaacbe82c6d92316a616d5e6c7b4,25/06/2023 23:53:50,ESCANER
2544,"Guatemala",1,"Chinautla",6,222,400,,,,,,,,,,,,,,,,,,,,,,,,,,,,,,,,,,0,,,
2545,"Guatemala",1,"Chinautla",6,222,400,,,,,,,,,,,,,,,,,,,,,,,,,,,,,,,,,,0,,,
2546,"Guatemala",1,"Chinautla",6,222,400,67,9,29,55,2,4,4,1,2,11,1,0,1,3,2,3,9,10,5,7,225,28,5,258,0,258,--,400,142,225,258,258,Algún campo sin dato,1,021da90e9e67145ba961f5a4ab724143d2309a0f683dad5a7fa9fe8582b86709,25/06/2023 23:48:11,ESCANER
2547,"Guatemala",1,"Chinautla",6,222,400,72,13,28,46,2,2,7,1,5,8,6,2,1,1,0,3,9,12,2,5,225,17,3,245,0,245,--,400,155,225,245,245,Algún campo sin dato,1,cca4e35a34cbc8a3b84a6b3060d605b948a2c56c71df88d9dd41fd4a63c4cf32,25/06/2023 23:41:00,ESCANER
2548,"Guatemala",1,"Chinautla",6,222,400,,,,,,,,,,,,,,,,,,,,,,,,,,,,,,,,,,0,,,
2549,"Guatemala",1,"Chinautla",6,223,400,64,12,15,68,1,0,10,2,3,12,4,1,0,4,5,5,8,9,2,2,227,21,4,252,0,252,--,400,148,227,252,252,Algún campo sin dato,1,31571258251e8c9eb54ec9526634ec7c5b6b4557c21e02a43ef9625476c564dd,25/06/2023 22:24:32,ESCANER
2550,"Guatemala",1,"Chinautla",6,223,400,,,,,,,,,,,,,,,,,,,,,,,,,,,,,,,,,,0,,,
2551,"Guatemala",1,"Chinautla",6,223,400,59,11,38,64,2,4,15,0,1,10,5,6,3,6,2,3,2,8,2,2,243,8,1,252,0,252,--,400,148,243,252,252,Algún campo sin dato,1,94c8f8097114acb6fdae5c5b61f11e7f034bfa9499f15cc7ada3f50d6ab4a423,25/06/2023 23:39:18,ESCANER
2552,"Guatemala",1,"Chinautla",6,223,400,82,13,28,42,1,0,12,2,0,15,6,2,1,1,3,3,5,5,2,5,229,11,1,241,4,245,--,400,155,228,240,244,Sumas Asentadas sin cuadrar,1,9ba77d2a5fe4570075ab0e0f97e657c678947fd512e891f6938bac198a109642,25/06/2023 23:53:58,ESCANER
2553,"Guatemala",1,"Chinautla",6,223,359,,,,,,,,,,,,,,,,,,,,,,,,,,,,,,,,,,0,,,
2554,"Guatemala",1,"Chinautla",6,223,359,58,11,22,30,0,0,9,3,1,11,3,1,0,3,0,2,4,5,2,2,167,7,1,175,0,175,--,359,184,167,175,175,Algún campo sin dato,1,eff2ce0388fe33664f9b3ae0ce56668ed49967c9d9112978bf101fc760db8ea1,25/06/2023 23:21:51,ESCANER
2555,"Guatemala",1,"Chinautla",6,224,400,81,9,7,67,3,2,11,3,4,10,4,1,5,4,2,1,5,7,3,6,235,20,0,255,0,255,--,400,145,235,255,255,Algún campo sin dato,1,345f5c8f4bf9ef5c7744a4fd6236938bcefbc503f844e973c65f929f43f0d6fe,25/06/2023 22:49:11,ESCANER
2556,"Guatemala",1,"Chinautla",6,224,400,66,12,16,62,1,1,9,3,3,4,9,1,2,9,2,2,9,10,7,15,243,14,2,259,0,259,--,400,143,243,259,259,Algún campo sin dato,1,5a40229e6494b5b512b8c5c46819bb8c2098461443be4c8a63b27f915fff2f20,25/06/2023 23:48:17,ESCANER
2557,"Guatemala",1,"Chinautla",6,224,400,,,,,,,,,,,,,,,,,,,,,,,,,,,,,,,,,,0,,,
2558,"Guatemala",1,"Chinautla",6,224,400,,,,,,,,,,,,,,,,,,,,,,,,,,,,,,,,,,0,,,
2559,"Guatemala",1,"Chinautla",6,224,400,,,,,,,,,,,,,,,,,,,,,,,,,,,,,,,,,,0,,,
2560,"Guatemala",1,"Chinautla",6,224,400,,,,,,,,,,,,,,,,,,,,,,,,,,,,,,,,,,0,,,
2561,"Guatemala",1,"Chinautla",6,224,400,72,11,17,53,2,0,14,4,3,7,13,0,2,3,5,2,8,11,4,3,234,14,4,252,0,252,--,400,148,234,252,252,Algún campo sin dato,1,1a49926d84ee2e20297dc520ecc2134ddf90a756767bf0edbf44c53792cf1f8d,26/06/2023 00:20:15,ESCANER
2562,"Guatemala",1,"Chinautla",6,225,400,,,,,,,,,,,,,,,,,,,,,,,,,,,,,,,,,,0,,,
2563,"Guatemala",1,"Chinautla",6,225,400,,,,,,,,,,,,,,,,,,,,,,,,,,,,,,,,,,0,,,
2564,"Guatemala",1,"Chinautla",6,225,400,,,,,,,,,,,,,,,,,,,,,,,,,,,,,,,,,,0,,,
2565,"Guatemala",1,"Chinautla",6,225,400,,,,,,,,,,,,,,,,,,,,,,,,,,,,,,,,,,0,,,
2566,"Guatemala",1,"Chinautla",6,225,400,,,,,,,,,,,,,,,,,,,,,,,,,,,,,,,,,,0,,,
2567,"Guatemala",1,"Chinautla",6,225,400,,,,,,,,,,,,,,,,,,,,,,,,,,,,,,,,,,0,,,
2568,"Guatemala",1,"Chinautla",6,225,400,,,,,,,,,,,,,,,,,,,,,,,,,,,,,,,,,,0,,,
2569,"Guatemala",1,"Chinautla",6,225,400,,,,,,,,,,,,,,,,,,,,,,,,,,,,,,,,,,0,,,
2570,"Guatemala",1,"Chinautla",6,225,398,80,7,14,46,1,2,8,3,0,4,7,1,2,2,1,1,4,3,3,5,194,10,0,204,0,204,--,395,191,194,204,204,Algún campo sin dato,1,ab9a5b3bb9ae6bb808fde2182593f9468491e30f71ab6809a81b3aee42948832,26/06/2023 00:00:00,ESCANER
2571,"Guatemala",1,"Chinautla",6,225,397,67,11,7,57,0,0,8,1,2,6,10,0,0,0,0,5,5,3,1,13,196,6,4,206,0,206,--,397,191,196,206,206,Algún campo sin dato,1,967ed42b67ed4b17b96cc437b0cdc839a06628ea2d59df98b5898e4f1792695b,26/06/2023 00:13:05,ESCANER
2572,"Guatemala",1,"Chinautla",6,226,380,,,,,,,,,,,,,,,,,,,,,,,,,,,,,,,,,,0,,,
2573,"Guatemala",1,"Chinautla",6,226,380,24,3,11,18,2,0,19,0,4,6,9,2,0,2,0,5,7,1,0,79,192,21,1,214,0,214,--,380,166,192,214,214,Algún campo sin dato,1,a91d934bf5ce80616f5669130d509f64536b7a31ba33493041dde9d854d71370,25/06/2023 23:48:04,ESCANER
2574,"Guatemala",1,"Chinautla",6,226,380,,,,,,,,,,,,,,,,,,,,,,,,,,,,,,,,,,0,,,
2575,"Guatemala",1,"Chinautla",6,226,380,,,,,,,,,,,,,,,,,,,,,,,,,,,,,,,,,,0,,,
2576,"Guatemala",1,"Chinautla",6,226,380,,,,,,,,,,,,,,,,,,,,,,,,,,,,,,,,,,0,,,
2577,"Guatemala",1,"Chinautla",6,226,380,,,,,,,,,,,,,,,,,,,,,,,,,,,,,,,,,,0,,,
2578,"Guatemala",1,"Chinautla",6,226,380,,,,,,,,,,,,,,,,,,,,,,,,,,,,,,,,,,0,,,
2579,"Guatemala",1,"Chinautla",6,226,380,,,,,,,,,,,,,,,,,,,,,,,,,,,,,,,,,,0,,,
2580,"Guatemala",1,"Chinautla",6,226,380,,,,,,,,,,,,,,,,,,,,,,,,,,,,,,,,,,0,,,
2581,"Guatemala",1,"Chinautla",6,226,375,16,1,8,17,1,0,12,0,4,9,2,2,1,1,0,1,1,1,1,68,146,7,0,153,0,153,--,375,222,146,153,153,Algún campo sin dato,1,05bbf0aecfc57269d0e2603dc9aefa247934c64f1de6df853ef02a9707c51500,26/06/2023 00:24:10,ESCANER
2582,"Guatemala",1,"Chinautla",6,226,375,,,,,,,,,,,,,,,,,,,,,,,,,,,,,,,,,,0,,,
2583,"Guatemala",1,"Chinautla",6,227,380,71,19,31,24,1,1,7,1,2,3,8,3,1,--,5,3,8,3,27,8,226,32,5,263,--,263,--,380,117,226,263,263,Algún campo sin dato,1,0c0d159e071c6df3bfb648bfe72ea293c08fc4eed98b4d8a8b7d6964a2b03563,25/06/2023 22:44:43,ESCANER
2584,"Guatemala",1,"Chinautla",6,227,380,74,20,27,25,0,1,8,0,2,2,8,0,0,4,0,1,8,2,27,11,220,26,4,250,0,250,1,380,130,220,250,250,,1,f582a10f5dfe69886f0505c0f90ba5e41b4b3dd55c9c43e2dfe65a551ee45ca4,26/06/2023 00:20:16,ESCANER
2585,"Guatemala",1,"Chinautla",6,227,380,,,,,,,,,,,,,,,,,,,,,,,,,,,,,,,,,,0,,,
2586,"Guatemala",1,"Chinautla",6,227,380,69,22,23,25,2,1,4,1,1,3,8,2,2,5,4,1,6,1,27,7,214,19,2,235,0,235,--,377,142,214,235,235,Algún campo sin dato,1,a697be5f4c454cccf42785ba54c9d3174a2dd3dcaf1c7e64023edfd749049b7e,25/06/2023 23:42:14,ESCANER
2587,"Guatemala",1,"Chinautla",6,227,380,55,19,37,11,3,1,7,1,1,1,7,1,1,1,0,1,4,2,20,9,182,17,1,200,0,200,--,380,180,182,200,200,Algún campo sin dato,1,f0c9bc3afc2211115ce42d8700264f2c7b0c1531106277947c0a87d5b3a016b2,26/06/2023 00:15:59,ESCANER
2588,"Guatemala",1,"Chinautla",6,227,380,72,24,21,19,3,1,6,1,0,1,10,3,0,4,1,2,8,3,24,8,211,17,1,229,0,229,--,380,151,211,229,229,Algún campo sin dato,1,7237a94af39dcb76e8a24829984d41019e1d1d7db6bac2f904149ca461051df3,26/06/2023 00:01:24,ESCANER
2589,"Guatemala",1,"Chinautla",6,227,380,52,26,24,20,2,0,5,3,1,3,6,0,0,4,4,1,9,1,21,4,186,21,1,208,0,208,--,380,172,186,208,208,Algún campo sin dato,1,0efd90d044987845bbf8bad656462096a4b654d5f0d71b0bb42b851b0a460bbd,25/06/2023 22:14:31,ESCANER
2590,"Guatemala",1,"Chinautla",6,227,380,64,17,22,35,2,2,3,0,2,0,4,1,0,5,2,4,11,3,19,2,198,19,4,221,0,221,--,380,159,198,221,221,Algún campo sin dato,1,2205119b3a28c37d221a016d00c4f396fdbd5343f1a6eb8129a18f14e2729335,25/06/2023 23:06:04,ESCANER
2591,"Guatemala",1,"Chinautla",6,227,380,57,18,25,30,1,2,3,1,4,1,5,3,0,4,1,2,7,1,23,9,197,26,5,228,0,228,--,380,152,197,228,228,Algún campo sin dato,1,d89246acc1c9ef8143a32c32e7f86a45c8a39d5624a0f61525988ef6d6a2e7f2,25/06/2023 22:36:34,ESCANER
2592,"Guatemala",1,"Chinautla",6,227,380,,,,,,,,,,,,,,,,,,,,,,,,,,,,,,,,,,0,,,
2593,"Guatemala",1,"Chinautla",6,227,380,70,19,22,21,1,2,5,0,1,2,4,0,0,5,0,1,5,1,28,7,194,18,7,219,0,219,--,380,161,194,219,219,Algún campo sin dato,1,4d4075cdd501315dfcdf21160e7b3ebd29fedc034fc7c682866354970ec7cd6f,25/06/2023 23:01:12,ESCANER
2594,"Guatemala",1,"Chinautla",6,227,380,62,22,22,31,3,2,6,1,2,2,2,0,0,3,0,0,6,0,21,9,194,15,4,213,0,213,--,380,167,194,213,213,Algún campo sin dato,1,733f10a939c9659506cb8fad8352bbad1016ad13410cdc5acfcb711898325b43,25/06/2023 22:33:11,ESCANER
2595,"Guatemala",1,"Chinautla",6,227,380,,,,,,,,,,,,,,,,,,,,,,,,,,,,,,,,,,0,,,
2596,"Guatemala",1,"Chinautla",6,227,380,59,19,24,30,0,1,7,1,1,2,3,0,2,3,1,1,2,1,19,7,183,17,1,201,0,201,--,380,179,183,201,201,Algún campo sin dato,1,4e6748885c23c29b99171e8b44346d6dceb384e82a4e8453b5a7bc33c9a7fc43,25/06/2023 23:08:53,ESCANER
2597,"Guatemala",1,"Chinautla",6,227,380,,,,,,,,,,,,,,,,,,,,,,,,,,,,,,,,,,0,,,
2598,"Guatemala",1,"Chinautla",6,227,380,68,19,24,18,0,0,7,0,0,0,5,0,1,6,2,0,5,1,24,3,183,7,0,190,0,190,--,380,190,183,190,190,Algún campo sin dato,1,a2d1c9b948f60b0daa3d44a95b793296ca19871e3390014c06f78c7e309838a7,25/06/2023 23:42:38,ESCANER
2599,"Guatemala",1,"Chinautla",6,227,232,38,10,11,15,0,0,3,0,0,0,2,0,2,4,1,0,3,0,14,3,106,9,5,120,0,120,--,232,112,106,120,120,Algún campo sin dato,1,2b1f419d469564ae7d6a9b3121f58a1c506acf822d868ace9f38eb9c4ee6ae89,25/06/2023 22:19:28,ESCANER
2600,"Guatemala",1,"Chinautla",6,227,231,34,6,19,8,0,0,1,1,0,0,1,1,0,2,0,2,4,0,10,1,90,8,3,101,0,101,--,231,130,90,101,101,Algún campo sin dato,1,a45f7fcf0ae4fbb1c4d14d859a65c51ebbf574b4971593277de834fedf5c545a,25/06/2023 21:43:00,ESCANER
2601,"Guatemala",1,"Chinautla",6,228,380,57,10,5,53,1,5,10,3,5,9,9,2,2,7,3,4,3,0,9,7,204,31,0,235,0,235,--,380,145,204,235,235,Algún campo sin dato,1,f200b551053c87a90089726b12f136096d8152572d5926648bd8531957b75623,25/06/2023 23:01:09,ESCANER
2602,"Guatemala",1,"Chinautla",6,228,380,66,6,7,41,1,6,11,2,4,3,7,4,1,3,4,9,6,0,13,4,198,28,6,232,0,232,--,380,148,198,232,232,Algún campo sin dato,1,e1c2ffe14ce331c397c87fa251ddb4e167666be53b6fa00b4e11f108f853ec1f,25/06/2023 23:18:37,ESCANER
2603,"Guatemala",1,"Chinautla",6,228,380,53,12,7,40,1,4,16,0,9,9,15,3,1,1,3,9,7,0,10,4,204,23,2,229,0,229,--,380,151,204,229,229,Algún campo sin dato,1,a1f3bd419def32b0d656eb0786d0fb028cfe443b2fe049c8432210c423d35cfe,25/06/2023 22:45:55,ESCANER
2604,"Guatemala",1,"Chinautla",6,228,380,65,12,9,50,0,1,7,0,10,5,11,2,1,1,1,4,11,3,18,4,215,32,2,249,0,249,--,380,131,215,249,249,Algún campo sin dato,1,0577d05091ad7b14dd96f13254cd45bced75b646e12c49e0be9c1a836029144a,25/06/2023 23:51:49,ESCANER
2605,"Guatemala",1,"Chinautla",6,228,380,51,5,10,55,0,0,12,0,4,11,10,2,0,3,3,8,12,0,8,4,204,27,1,232,0,232,--,--,--,198,226,226,Sumas Asentadas sin cuadrar,1,887667623423c4dbcd186b6658b4396cf844666417d396ef01a8c400fbe7c885,26/06/2023 00:12:03,ESCANER
2606,"Guatemala",1,"Chinautla",6,228,380,,,,,,,,,,,,,,,,,,,,,,,,,,,,,,,,,,0,,,
2607,"Guatemala",1,"Chinautla",6,228,380,53,5,4,39,1,1,27,2,2,4,9,2,1,6,3,6,6,1,19,5,196,21,0,217,0,217,--,380,163,196,217,217,Algún campo sin dato,1,6e549e23694e530950400ecc7925ad945457c5d7a9615f9644afdaea5a186731,26/06/2023 00:16:21,ESCANER
2608,"Guatemala",1,"Chinautla",6,228,276,37,5,8,29,2,0,19,2,4,0,5,3,0,1,0,5,3,2,12,4,141,15,0,156,0,156,--,273,117,141,156,156,Algún campo sin dato,1,e9495531132b0baa3f6d40c4e06cd02ce221436133c768a3248b3a3adaceb980,25/06/2023 23:27:05,ESCANER
2609,"Guatemala",1,"Chinautla",6,228,276,31,8,3,22,1,0,13,0,2,4,7,0,0,0,3,1,2,1,5,4,107,7,1,115,0,115,--,276,161,107,115,115,Algún campo sin dato,1,de333d3511363112c17272cad9f6a24f1d020c4ee53bd0c3e0e4794e08260bae,25/06/2023 21:32:56,ESCANER
2610,"Guatemala",1,"Chinautla",6,229,380,,,,,,,,,,,,,,,,,,,,,,,,,,,,,,,,,,0,,,
2611,"Guatemala",1,"Chinautla",6,229,380,53,1,13,55,2,0,10,3,5,14,4,1,1,1,2,1,8,1,9,21,205,24,4,233,0,233,--,380,147,205,233,233,Algún campo sin dato,1,b71cb95ba12d56a40b06ecbaa34b1dcc96f2b07a37b6d7eda3353da48fed9f7d,25/06/2023 23:54:27,ESCANER
2612,"Guatemala",1,"Chinautla",6,229,380,,,,,,,,,,,,,,,,,,,,,,,,,,,,,,,,,,0,,,
2613,"Guatemala",1,"Chinautla",6,229,380,,,,,,,,,,,,,,,,,,,,,,,,,,,,,,,,,,0,,,
2614,"Guatemala",1,"Chinautla",6,229,380,,,,,,,,,,,,,,,,,,,,,,,,,,,,,,,,,,0,,,
2615,"Guatemala",1,"Chinautla",6,229,231,,,,,,,,,,,,,,,,,,,,,,,,,,,,,,,,,,0,,,
2616,"Guatemala",1,"Chinautla",6,229,231,42,4,8,29,0,1,4,0,2,5,1,1,1,0,1,1,3,0,3,8,114,10,0,124,0,124,--,231,107,114,124,124,Algún campo sin dato,1,bf91638a4735ea60ac38154829641cd36ffacb5fffbe42ae0db6a1da30feb98e,25/06/2023 22:49:59,ESCANER
2617,"Guatemala",1,"Chinautla",6,230,380,,,,,,,,,,,,,,,,,,,,,,,,,,,,,,,,,,0,,,
2618,"Guatemala",1,"Chinautla",6,230,380,30,8,65,11,5,4,8,2,3,0,5,0,1,6,21,1,5,4,5,37,233,10,2,233,0,233,--,380,147,221,233,233,Sumas Asentadas sin cuadrar,1,b46f2d491b22500da50ebf2a372a3ec9b2875bc3435f2587d46d0b85677c6423,25/06/2023 23:57:43,ESCANER
2619,"Guatemala",1,"Chinautla",6,230,380,,,,,,,,,,,,,,,,,,,,,,,,,,,,,,,,,,0,,,
2620,"Guatemala",1,"Chinautla",6,230,380,,,,,,,,,,,,,,,,,,,,,,,,,,,,,,,,,,0,,,
2621,"Guatemala",1,"Chinautla",6,230,380,,,,,,,,,,,,,,,,,,,,,,,,,,,,,,,,,,0,,,
2622,"Guatemala",1,"Chinautla",6,230,380,,,,,,,,,,,,,,,,,,,,,,,,,,,,,,,,,,0,,,
2623,"Guatemala",1,"Chinautla",6,230,380,,,,,,,,,,,,,,,,,,,,,,,,,,,,,,,,,,0,,,
2624,"Guatemala",1,"Chinautla",6,230,196,17,1,45,4,0,2,4,0,0,1,3,1,0,3,10,1,2,1,4,14,113,5,0,118,0,118,--,--,--,113,118,118,Algún campo sin dato,1,d6b730c0e264ae50647d0bb7aaae0eb572210c339ac675d698f284ecc67d33c4,26/06/2023 00:16:47,ESCANER
2625,"Guatemala",1,"Chinautla",6,230,196,,,,,,,,,,,,,,,,,,,,,,,,,,,,,,,,,,0,,,
2626,"Guatemala",1,"Chinautla",6,231,600,17,9,25,23,2,0,7,2,4,1,13,2,2,2,2,5,14,2,6,10,148,8,3,159,0,159,--,600,441,148,159,159,Algún campo sin dato,1,7ab07e53c7f7d11803b818168f934652c509537218d77a1afff73adc0acad695,25/06/2023 23:22:33,ESCANER
2627,"Guatemala",1,"Chinautla",6,231,600,19,15,46,28,2,1,14,2,4,5,9,3,2,4,5,3,5,3,9,14,193,18,4,215,0,600,--,600,385,193,215,215,Sumas Asentadas sin cuadrar,1,39315c70fc5b8b7c8b823758095eb5b9529d9f20febd499b4c0e1b63a3cf040b,25/06/2023 23:51:38,ESCANER
2628,"Guatemala",1,"Chinautla",6,231,600,,,,,,,,,,,,,,,,,,,,,,,,,,,,,,,,,,0,,,
2629,"Guatemala",1,"Chinautla",6,231,600,,,,,,,,,,,,,,,,,,,,,,,,,,,,,,,,,,0,,,
2630,"Guatemala",1,"Chinautla",6,231,600,,,,,,,,,,,,,,,,,,,,,,,,,,,,,,,,,,0,,,
2631,"Guatemala",1,"Chinautla",6,231,498,5,2,6,2,0,0,1,0,1,1,0,0,0,1,0,1,3,0,0,3,26,4,1,31,0,31,--,495,464,26,31,31,Algún campo sin dato,1,53bc9de13c560877d56c29b7bd5a88a884b8b2a331180d73bb52190e68bec772,25/06/2023 22:35:12,ESCANER
2632,"Guatemala",1,"Chinautla",6,231,497,7,3,5,3,0,0,0,0,1,2,0,0,0,0,0,0,0,0,0,1,21,1,0,22,0,22,--,495,473,22,23,23,Sumas Asentadas sin cuadrar,1,c06fd3062f9f92be551e8027866e9d604245cdf6e6f6b1d6b4eccdc9b9b089e4,25/06/2023 21:48:12,ESCANER