﻿TIPO_DE_ELECCIÓN:,CORPORACIÓN MUNICIPAL
26 junio 2023 00:28 (UTC -6)
ACTAS_ESPERADAS,ACTAS_CAPTURADAS,PORCENTAJE_ACTAS_CAPTURADAS,ACTAS_CONTABILIZADAS,PORCENTAJE_ACTAS_CONTABILIZADAS,ACTAS_NO_CONTABILIZADAS,LISTA_NOMINAL_ACTAS_CONTABILIZADAS,VOTOS_EMITIDOS_CONTABILIZADAS,PORCENTAJE_PARTICIPACIÓN_CIUDADANA
209,133,63.6363,133,63.6363,0,49740,25053,50.3679

MESA,DEPARTAMENTO,ID_DEPARTAMENTO,MUNICIPIO,ID_MUNICIPIO,CENTRO_DE_VOTACIÓN,PADRÓN,CABAL,TODOS,UR,AZUL,MLP,CAMBIO,VAMOS,VALOR,VIVA,UNE,SEMILLA,BIEN,PPN,VICTORIA,PHG,FCN-NACION,VÁLIDOS,NULOS,BLANCO,EMITIDOS,INVÁLIDOS,TOTAL,IMPUGNACIONES,PAPELETAS-RECIBIDAS,PAPELETAS-NO-USADAS,VALIDOS_CALCULADO,EMITIDOS_CALCULADO,TOTAL_CALCULADO,OBSERVACIONES,CONTABILIZADA,CÓDIGO_INTEGRIDAD,FECHA_HORA_PUBLICACIÓN,DIGITALIZACIÓN
23056,"Jalapa",21,"Jalapa",1,3626,400,,,,,,,,,,,,,,,,,,,,,,,,,,,,,,0,,,
23057,"Jalapa",21,"Jalapa",1,3626,400,,,,,,,,,,,,,,,,,,,,,,,,,,,,,,0,,,
23058,"Jalapa",21,"Jalapa",1,3626,400,38,26,1,8,1,3,34,72,6,21,19,6,1,8,0,0,244,18,6,268,0,268,--,400,132,244,268,268,Algún campo sin dato,1,a92d823a6103f9b3cc4530ebfbf6b18c7dd20f91518907f0c27cd39533f888f9,25/06/2023 22:44:19,ESCANER
23059,"Jalapa",21,"Jalapa",1,3626,400,44,29,4,6,1,3,48,66,2,19,10,1,1,10,0,0,244,25,2,271,0,271,--,400,129,244,271,271,Algún campo sin dato,1,93816bd9c3df4af081971e985e291b2b7359365c41c63d155a254076c6a9b0a1,26/06/2023 00:13:18,ESCANER
23060,"Jalapa",21,"Jalapa",1,3626,400,,,,,,,,,,,,,,,,,,,,,,,,,,,,,,0,,,
23061,"Jalapa",21,"Jalapa",1,3626,400,,,,,,,,,,,,,,,,,,,,,,,,,,,,,,0,,,
23062,"Jalapa",21,"Jalapa",1,3626,400,,,,,,,,,,,,,,,,,,,,,,,,,,,,,,0,,,
23063,"Jalapa",21,"Jalapa",1,3626,400,41,29,5,2,0,2,25,66,6,21,14,3,1,5,1,0,221,6,0,227,0,227,--,400,173,221,227,227,Algún campo sin dato,1,5ee4be8e4221758e3ce6ffe03ee425f6b70cec7b9cf172735884edf2d54045e8,25/06/2023 23:59:48,ESCANER
23064,"Jalapa",21,"Jalapa",1,3626,400,30,29,4,3,1,0,38,60,6,21,9,5,0,4,1,0,211,18,2,231,0,231,--,400,169,211,231,231,Algún campo sin dato,1,de2a97bfbaf1a03d8c46ca9401f7b5f3db5b503ca9538c2d8c2b9a6a37025fdd,25/06/2023 23:40:36,ESCANER
23065,"Jalapa",21,"Jalapa",1,3626,400,,,,,,,,,,,,,,,,,,,,,,,,,,,,,,0,,,
23066,"Jalapa",21,"Jalapa",1,3626,400,,,,,,,,,,,,,,,,,,,,,,,,,,,,,,0,,,
23067,"Jalapa",21,"Jalapa",1,3626,400,,,,,,,,,,,,,,,,,,,,,,,,,,,,,,0,,,
23068,"Jalapa",21,"Jalapa",1,3626,400,,,,,,,,,,,,,,,,,,,,,,,,,,,,,,0,,,
23069,"Jalapa",21,"Jalapa",1,3626,400,38,21,1,2,0,1,50,64,7,26,14,0,1,8,0,1,234,12,7,253,0,253,--,400,147,234,253,253,Algún campo sin dato,1,9aec26083f02fcf07d59ba4226e548f0370f887f58be4fc3bcc7b6e201c59d24,26/06/2023 00:25:23,ESCANER
23070,"Jalapa",21,"Jalapa",1,3627,400,,,,,,,,,,,,,,,,,,,,,,,,,,,,,,0,,,
23071,"Jalapa",21,"Jalapa",1,3627,400,,,,,,,,,,,,,,,,,,,,,,,,,,,,,,0,,,
23072,"Jalapa",21,"Jalapa",1,3627,400,35,16,3,5,0,0,30,70,5,10,22,3,2,8,0,1,210,8,1,219,2,221,2,400,179,210,219,221,,1,2ce0b9a306c29fbc471df786d0ec313d3814bd1625f18997fa7b4aa459c18185,26/06/2023 00:15:29,ESCANER
23073,"Jalapa",21,"Jalapa",1,3627,400,42,27,1,0,1,3,38,95,2,11,17,2,0,3,0,0,242,6,1,249,--,--,--,400,151,242,249,249,Algún campo sin dato,1,a7c57621f7860616964a964059baf689ab7cea556ab771e896756ffb4e970b28,26/06/2023 00:22:25,ESCANER
23074,"Jalapa",21,"Jalapa",1,3627,322,46,15,2,4,0,1,27,67,1,11,4,3,0,3,1,0,185,3,1,189,0,189,--,322,133,185,189,189,Algún campo sin dato,1,517b5000ee0ff0d0bb06c8e595a1596b6a06a1e7ad2d3d5048adefb035b5e3df,25/06/2023 22:43:19,ESCANER
23075,"Jalapa",21,"Jalapa",1,3627,321,20,15,4,1,0,3,23,36,4,12,8,1,0,4,0,0,137,4,2,137,1,138,--,318,180,131,137,138,Sumas Asentadas sin cuadrar,1,976a32c4bce456b179358a2f3a9bbba47bfea368c46ccb245b3266cda91003a6,25/06/2023 23:41:37,ESCANER
23076,"Jalapa",21,"Jalapa",1,3628,400,,,,,,,,,,,,,,,,,,,,,,,,,,,,,,0,,,
23077,"Jalapa",21,"Jalapa",1,3628,400,46,11,5,7,1,5,28,59,10,27,16,5,2,9,1,0,232,24,4,260,0,260,--,500,240,232,260,260,Algún campo sin dato,1,7b74f3a61f1b1df4d81ff0fd352cebfae5af356dc10420b084c47c6e6a49964d,25/06/2023 23:58:49,ESCANER
23078,"Jalapa",21,"Jalapa",1,3628,400,31,13,3,2,6,3,26,66,0,20,8,4,2,6,1,1,192,26,5,223,0,223,--,400,177,192,223,223,Algún campo sin dato,1,4f807c1d317fd89d024e78ab3244f9c62f7881a09b29ac3df150340e1301ba29,25/06/2023 22:52:48,ESCANER
23079,"Jalapa",21,"Jalapa",1,3628,400,,,,,,,,,,,,,,,,,,,,,,,,,,,,,,0,,,
23080,"Jalapa",21,"Jalapa",1,3628,400,,,,,,,,,,,,,,,,,,,,,,,,,,,,,,0,,,
23081,"Jalapa",21,"Jalapa",1,3628,400,50,15,13,3,10,3,38,40,5,27,10,4,4,2,1,0,225,32,12,269,0,269,--,400,131,225,269,269,Algún campo sin dato,1,601ea9fe40096917bb8d2099c0376566d270167c2346a8387fff221b2f16e543,25/06/2023 23:33:21,ESCANER
23082,"Jalapa",21,"Jalapa",1,3628,400,27,17,4,4,4,5,43,74,4,35,18,4,1,8,0,0,248,25,6,279,0,279,--,400,121,248,279,279,Algún campo sin dato,1,de9e5b39eb2cd162e2eec07b405f7ce570a69f936da600f5ec3e6ba82331d389,26/06/2023 00:10:21,ESCANER
23083,"Jalapa",21,"Jalapa",1,3628,400,,,,,,,,,,,,,,,,,,,,,,,,,,,,,,0,,,
23084,"Jalapa",21,"Jalapa",1,3629,400,,,,,,,,,,,,,,,,,,,,,,,,,,,,,,0,,,
23085,"Jalapa",21,"Jalapa",1,3629,400,38,16,4,4,4,3,45,58,9,32,8,4,5,15,0,0,245,22,8,275,0,275,0,400,125,245,275,275,,1,7378085b055c55dd9e38107dd09d2e48f5c5a3d7759419686d0270b40b85b36f,25/06/2023 23:59:27,ESCANER
23086,"Jalapa",21,"Jalapa",1,3629,400,,,,,,,,,,,,,,,,,,,,,,,,,,,,,,0,,,
23087,"Jalapa",21,"Jalapa",1,3629,400,,,,,,,,,,,,,,,,,,,,,,,,,,,,,,0,,,
23088,"Jalapa",21,"Jalapa",1,3629,400,23,18,2,2,4,4,35,64,5,19,16,9,0,6,0,0,207,12,0,219,0,219,--,400,181,207,219,219,Algún campo sin dato,1,c4ba0aea2617a191827a972aea7fe04f0c5db5cc342f1cd300e993338a6c81c6,26/06/2023 00:12:25,ESCANER
23089,"Jalapa",21,"Jalapa",1,3629,400,31,15,1,3,1,4,39,67,9,23,8,6,4,8,1,0,220,15,4,239,0,239,--,400,161,220,239,239,Algún campo sin dato,1,1c359cd484f13a26e092b8cdcf12dc8d04b72c81e8f56d3ea1966be69789749c,25/06/2023 22:32:23,ESCANER
23090,"Jalapa",21,"Jalapa",1,3629,400,,,,,,,,,,,,,,,,,,,,,,,,,,,,,,0,,,
23091,"Jalapa",21,"Jalapa",1,3629,400,44,20,4,7,0,2,37,64,8,24,8,4,2,8,0,3,235,15,4,254,0,254,--,400,146,235,254,254,Algún campo sin dato,1,d0251dd3f52948579c1e3613265a0d168cac860c0d59514d9061ab9b415b63ff,26/06/2023 00:00:58,ESCANER
23092,"Jalapa",21,"Jalapa",1,3629,400,37,23,4,0,2,4,31,81,3,25,6,5,2,6,0,1,230,6,16,252,0,252,0,400,148,230,252,252,,1,03fb7bbd19b04e046162c4be4ffa9ef2c44020270fb873b33b5d66423b118b64,26/06/2023 00:25:10,ESCANER
23093,"Jalapa",21,"Jalapa",1,3629,400,,,,,,,,,,,,,,,,,,,,,,,,,,,,,,0,,,
23094,"Jalapa",21,"Jalapa",1,3630,400,41,28,4,8,2,3,35,50,6,26,15,5,6,10,1,0,240,14,4,258,0,258,--,400,142,240,258,258,Algún campo sin dato,1,21e01563eaa49eef6c4285e706954b913b085eae2a1a9b4361f52c54ffb2d290,26/06/2023 00:04:30,ESCANER
23095,"Jalapa",21,"Jalapa",1,3630,400,,,,,,,,,,,,,,,,,,,,,,,,,,,,,,0,,,
23096,"Jalapa",21,"Jalapa",1,3630,400,35,21,2,5,1,3,32,61,5,22,12,1,2,5,0,0,207,15,3,227,0,227,2,400,173,207,225,225,Sumas Asentadas sin cuadrar,1,5b8fbd29c8c3a24c0fad17f6818f73171ddb4541a13c2d95f7377dfba9bc263b,25/06/2023 23:59:52,ESCANER
23097,"Jalapa",21,"Jalapa",1,3630,400,,,,,,,,,,,,,,,,,,,,,,,,,,,,,,0,,,
23098,"Jalapa",21,"Jalapa",1,3630,400,23,19,2,3,2,5,22,62,7,13,5,5,0,3,1,2,174,16,4,194,0,194,--,400,206,174,194,194,Algún campo sin dato,1,0ecd7e48b973777b4f015eea67ea72d62c604c663088c49e36923a893e3a75a0,25/06/2023 23:44:33,ESCANER
23099,"Jalapa",21,"Jalapa",1,3630,400,37,11,3,2,4,2,33,80,5,19,5,2,2,8,1,0,214,13,0,227,0,227,--,400,173,214,227,227,Algún campo sin dato,1,4a239076e3b932f01846ef0943c95dc78482e117d163677d008e4a03fce58f7c,26/06/2023 00:18:53,ESCANER
23100,"Jalapa",21,"Jalapa",1,3631,400,20,16,2,2,1,3,40,63,4,17,13,4,0,3,0,1,189,4,1,194,0,194,--,400,206,189,194,194,Algún campo sin dato,1,1cd515e97d0bab3be8acb3e947ff70c925cb5bb2691f860a5bc4ac15a53f7b77,25/06/2023 22:49:19,ESCANER
23101,"Jalapa",21,"Jalapa",1,3631,400,36,12,2,3,2,4,36,64,6,16,17,6,0,5,1,0,210,8,2,220,0,220,--,--,--,210,220,220,Algún campo sin dato,1,e4e7bb3dc7181609f9955a9d6b31b1910477b69efe6ef37405448284ed78fc42,25/06/2023 23:17:00,ESCANER
23102,"Jalapa",21,"Jalapa",1,3631,400,48,19,2,6,1,0,33,86,2,9,22,5,3,5,1,0,242,8,1,0,0,251,--,401,147,242,251,251,Algún campo sin dato,1,2816eeaf03488fd49b48a0362ba570ea6f37ddc1083445d7911b9730146443aa,25/06/2023 23:53:12,ESCANER
23103,"Jalapa",21,"Jalapa",1,3631,400,38,13,5,6,6,2,38,68,9,17,19,1,0,5,0,0,227,3,0,230,0,230,--,400,170,227,230,230,Algún campo sin dato,1,0e186b45dc464329428f89bf2cac8750cf7e1a2118bb204d257a51c654f6c522,25/06/2023 23:05:51,ESCANER
23104,"Jalapa",21,"Jalapa",1,3631,400,,,,,,,,,,,,,,,,,,,,,,,,,,,,,,0,,,
23105,"Jalapa",21,"Jalapa",1,3631,359,15,11,4,1,4,2,30,53,5,24,11,1,1,4,0,0,166,3,1,170,0,170,--,359,189,166,170,170,Algún campo sin dato,1,9e9f8b2a0a83bfdd71d9e26d3299e78fc6b7fa977572e2999943c6a900a5a9ca,25/06/2023 22:04:42,ESCANER
23106,"Jalapa",21,"Jalapa",1,3631,358,19,9,3,3,2,2,17,50,3,15,8,2,2,6,0,0,141,7,2,150,0,150,--,358,208,141,150,150,Algún campo sin dato,1,f1eebedf1197bb8ebcd4433b74e9ba9052ce93c6569190938730f49ecbdaedf6,26/06/2023 00:00:31,ESCANER
23107,"Jalapa",21,"Jalapa",1,3632,202,20,8,2,2,1,2,16,37,2,8,9,3,0,2,0,0,112,4,1,117,0,117,--,202,85,112,117,117,Algún campo sin dato,1,526163019e677524460886639e69a0dcd40018b906c291e0a6b4a43c34042142,25/06/2023 22:09:50,ESCANER
23108,"Jalapa",21,"Jalapa",1,3633,400,,,,,,,,,,,,,,,,,,,,,,,,,,,,,,0,,,
23109,"Jalapa",21,"Jalapa",1,3633,400,34,16,12,10,3,1,45,68,0,15,12,8,0,10,2,1,257,18,1,276,0,276,--,400,143,237,256,256,Sumas Asentadas sin cuadrar,1,3e9502a2e491719abab491ab5f0ef061ad577be483c3a779f124bf8aae07e96a,26/06/2023 00:28:05,ESCANER
23110,"Jalapa",21,"Jalapa",1,3633,400,,,,,,,,,,,,,,,,,,,,,,,,,,,,,,0,,,
23111,"Jalapa",21,"Jalapa",1,3633,400,37,23,2,8,1,2,44,78,3,14,21,2,2,6,0,0,243,13,1,257,0,257,0,400,143,243,257,257,,1,927565c186b48cda89755e8a732347db171dd1063aa70935e1535ff22ef4020e,25/06/2023 23:38:21,ESCANER
23112,"Jalapa",21,"Jalapa",1,3633,400,,,,,,,,,,,,,,,,,,,,,,,,,,,,,,0,,,
23113,"Jalapa",21,"Jalapa",1,3633,347,23,15,4,1,1,2,24,58,2,17,17,6,1,5,1,0,177,9,0,186,0,186,--,347,161,177,186,186,Algún campo sin dato,1,72779e59f42151fabc8713c118111ec2db22b4318562b88512cc1fedf4f38828,25/06/2023 22:45:51,ESCANER
23114,"Jalapa",21,"Jalapa",1,3633,346,32,10,2,5,0,2,29,74,0,10,16,3,1,7,0,0,191,5,0,196,0,196,--,344,148,191,196,196,Algún campo sin dato,1,6dfed41ec844d498111455e043aa12ae3bd11ed447d12b5455b88da02b646f9f,26/06/2023 00:19:39,ESCANER
23115,"Jalapa",21,"Jalapa",1,3634,400,,,,,,,,,,,,,,,,,,,,,,,,,,,,,,0,,,
23116,"Jalapa",21,"Jalapa",1,3634,400,30,19,5,7,2,3,44,77,7,19,13,1,3,3,0,0,233,21,2,256,0,256,--,400,144,233,256,256,Algún campo sin dato,1,580911be2d83102f44429c4ecc98f5f2dff063f40d95ed0121fc78d54857684b,26/06/2023 00:15:22,ESCANER
23117,"Jalapa",21,"Jalapa",1,3634,400,,,,,,,,,,,,,,,,,,,,,,,,,,,,,,0,,,
23118,"Jalapa",21,"Jalapa",1,3634,400,,,,,,,,,,,,,,,,,,,,,,,,,,,,,,0,,,
23119,"Jalapa",21,"Jalapa",1,3634,400,36,25,4,2,1,2,26,76,5,23,14,2,3,5,0,0,224,20,6,250,0,250,--,400,150,224,250,250,Algún campo sin dato,1,52bbd64cebb842c8f5e3bd8f213fab64f25eee27439b1571a6bf104e6d58be95,25/06/2023 23:38:24,ESCANER
23120,"Jalapa",21,"Jalapa",1,3634,400,,,,,,,,,,,,,,,,,,,,,,,,,,,,,,0,,,
23121,"Jalapa",21,"Jalapa",1,3634,400,,,,,,,,,,,,,,,,,,,,,,,,,,,,,,0,,,
23122,"Jalapa",21,"Jalapa",1,3634,400,,,,,,,,,,,,,,,,,,,,,,,,,,,,,,0,,,
23123,"Jalapa",21,"Jalapa",1,3634,400,,,,,,,,,,,,,,,,,,,,,,,,,,,,,,0,,,
23124,"Jalapa",21,"Jalapa",1,3634,400,38,23,2,5,2,5,32,71,6,19,5,1,0,4,1,1,215,21,1,237,0,237,--,400,163,215,237,237,Algún campo sin dato,1,be90485d0ce7d6a30eef93eda0cc2d057eb0a5f7cb87ad8d0ee6deff7f90e654,25/06/2023 23:32:34,ESCANER
23125,"Jalapa",21,"Jalapa",1,3634,400,36,28,4,8,4,2,22,64,2,14,19,0,2,3,0,0,208,17,4,229,0,229,--,400,171,208,229,229,Algún campo sin dato,1,f672b9a8725df827ab3a06ed407c3f654b978595a59394579f11df6fde92d190,25/06/2023 22:48:13,ESCANER
23126,"Jalapa",21,"Jalapa",1,3634,400,22,25,2,2,1,5,23,67,12,11,10,0,2,2,1,0,185,20,3,208,0,208,--,397,189,185,208,208,Algún campo sin dato,1,808d2e9394fe7973bf06b32f92710a736c267c7ad754e7d0c8dece18100fbc5b,25/06/2023 23:57:49,ESCANER
23127,"Jalapa",21,"Jalapa",1,3634,400,,,,,,,,,,,,,,,,,,,,,,,,,,,,,,0,,,
23128,"Jalapa",21,"Jalapa",1,3634,400,56,21,2,2,4,1,34,80,3,13,13,1,4,4,0,0,238,5,2,245,0,245,--,400,155,238,245,245,Algún campo sin dato,1,2295b2aed2507eaf3732e1eaae9adb9e9b8c6ff3feec17796b305fb1c43e73c0,26/06/2023 00:17:14,ESCANER
23129,"Jalapa",21,"Jalapa",1,3634,310,38,14,5,3,1,0,36,50,2,11,17,0,0,1,0,0,178,6,1,185,0,185,--,310,125,178,185,185,Algún campo sin dato,1,17ff9cce9253eeef0b1baba9b4572864d7c9e43b198454331d787fb3ad8f35d7,25/06/2023 22:56:01,ESCANER
23130,"Jalapa",21,"Jalapa",1,3634,310,22,7,1,0,1,2,15,39,5,7,12,1,2,1,2,0,117,6,0,123,0,123,--,310,187,117,123,123,Algún campo sin dato,1,7157c0527ebabe12168b26e813282423c11baa2d2cdfe810f4c8d0418342e37c,25/06/2023 22:08:39,ESCANER
23131,"Jalapa",21,"Jalapa",1,3635,400,,,,,,,,,,,,,,,,,,,,,,,,,,,,,,0,,,
23132,"Jalapa",21,"Jalapa",1,3635,400,11,10,6,0,0,2,13,76,1,46,2,6,1,3,0,0,177,40,7,224,0,224,--,400,176,177,224,224,Algún campo sin dato,1,c077beef19dea54fa191027c543d02bc845337fe785d04e1c2edd2776ba5abfe,25/06/2023 23:10:08,ESCANER
23133,"Jalapa",21,"Jalapa",1,3635,354,25,3,1,2,0,5,12,57,2,23,1,1,1,1,0,0,134,20,11,166,0,166,--,354,189,134,165,165,Sumas Asentadas sin cuadrar,1,d8ea1084dc3814c2e622d975e7b719c5315eff67745e3f96e997466659ec8e80,26/06/2023 00:03:32,ESCANER
23134,"Jalapa",21,"Jalapa",1,3635,353,10,4,1,2,1,1,12,75,0,21,1,2,0,2,1,0,133,6,4,143,0,143,--,350,207,133,143,143,Algún campo sin dato,1,6ea7da9369a180b643fb87121a6df5ea72b5d120edb9f58189eb45d8693fdddf,25/06/2023 22:47:27,ESCANER
23135,"Jalapa",21,"Jalapa",1,3636,400,34,8,7,1,7,2,27,65,1,37,8,2,1,8,0,0,208,20,2,230,0,230,--,400,170,208,230,230,Algún campo sin dato,1,9ee94d94f3f1a01b841e97aeae9d8a391e814ae4122a2e79e4f92583bd590071,26/06/2023 00:11:38,ESCANER
23136,"Jalapa",21,"Jalapa",1,3636,400,27,7,16,1,20,0,27,46,0,21,8,3,2,12,0,0,190,21,13,224,1,225,3,400,175,190,224,225,,1,4a3e23bddaf319ca69825b92c897abf3bc33df48017cc65c73cd35ed559ba7b9,26/06/2023 00:23:24,ESCANER
23137,"Jalapa",21,"Jalapa",1,3636,400,27,11,11,0,10,1,28,58,0,26,15,3,1,7,0,0,198,23,10,231,0,231,--,400,166,198,231,231,Algún campo sin dato,1,70b0fba6b96416b02d526b76777d1c162a8b3101b7ab178a96e70d96155b4089,25/06/2023 23:31:07,ESCANER
23138,"Jalapa",21,"Jalapa",1,3636,400,39,15,9,4,6,0,32,70,4,27,15,6,0,3,0,1,231,21,8,260,0,260,--,400,140,231,260,260,Algún campo sin dato,1,5cd363c09b4d77259866459f0e0f9658e8034cc92a63f6ab3b84b9ce28609d64,26/06/2023 00:06:18,ESCANER
23139,"Jalapa",21,"Jalapa",1,3636,400,43,10,5,6,2,4,37,58,3,25,29,2,0,7,1,1,233,18,5,256,0,256,--,400,144,233,256,256,Algún campo sin dato,1,ddb455f37fbe2fd3b0ac0eb67d8009a4e14880bcbb60d999cf84fbd949cbd0be,25/06/2023 22:51:10,ESCANER
23140,"Jalapa",21,"Jalapa",1,3636,400,26,7,5,2,7,3,24,76,1,16,11,2,0,4,0,2,186,18,3,207,0,207,--,400,193,186,207,207,Algún campo sin dato,1,e8ebe4621fd5d2c10db3a84270dd04a8a38c2ff8da9d3cf16ba4ae98bd1b1250,25/06/2023 22:34:47,ESCANER
23141,"Jalapa",21,"Jalapa",1,3636,400,25,10,4,2,2,2,21,90,5,16,19,8,0,1,0,2,207,7,6,220,0,220,--,398,178,207,220,220,Algún campo sin dato,1,86d4cfe2bc9eabe09e02115120cf8ddda5f4ec67fa8685772001d1b76d84f663,25/06/2023 22:11:12,ESCANER
23142,"Jalapa",21,"Jalapa",1,3636,400,42,8,7,1,3,0,25,67,3,30,22,9,2,4,1,0,224,14,2,240,160,400,--,400,160,224,240,400,Algún campo sin dato,1,72d38a77561077ece760d704d408745f47b1fa3d1881eaf25b9d14174c887b4e,25/06/2023 23:49:22,ESCANER
23143,"Jalapa",21,"Jalapa",1,3636,400,31,18,1,6,6,0,24,74,3,21,20,5,1,5,1,1,217,8,5,230,0,230,--,400,170,217,230,230,Algún campo sin dato,1,42c5a33460396b9f9b83347c46638db0d01c37769cd6c356fa1bc170f0f6e1e9,25/06/2023 22:41:01,ESCANER
23144,"Jalapa",21,"Jalapa",1,3636,400,20,9,8,4,2,3,22,62,0,10,10,5,1,1,0,0,157,14,2,173,0,173,--,400,227,157,173,173,Algún campo sin dato,1,4ca013ddf0ae47ef107cd2f738f6eefdd08fa942a2c8d58ed8ad4ffe6b47ad19,25/06/2023 23:25:21,ESCANER
23145,"Jalapa",21,"Jalapa",1,3636,400,30,12,3,5,3,0,35,70,4,12,21,4,1,3,2,0,205,7,1,213,0,213,0,400,187,205,213,213,,1,36db1caacbfb850d611c6f3b5e1a0db3479bec7ac60cc6177ba1affdc8aa8958,25/06/2023 22:44:39,ESCANER
23146,"Jalapa",21,"Jalapa",1,3637,400,27,8,6,1,7,3,26,72,2,8,30,2,2,3,0,0,197,7,0,204,0,204,--,400,196,197,204,204,Algún campo sin dato,1,ecc834df83832f73fcc76b499ba8486493e71b83eaa54ab32afd416919a31f7d,26/06/2023 00:05:36,ESCANER
23147,"Jalapa",21,"Jalapa",1,3637,226,13,7,2,2,2,1,13,33,2,8,6,1,0,5,1,0,96,4,1,101,1,102,--,226,124,96,101,102,Algún campo sin dato,1,b1c0afa26f1ea038da0c9609bec31728522f3d8bc6763e7b0e03fabfa6c0b539,25/06/2023 23:13:59,ESCANER
23148,"Jalapa",21,"Jalapa",1,3637,226,9,8,2,2,3,0,10,22,0,4,4,2,1,2,0,0,69,3,5,77,0,77,--,226,149,69,77,77,Algún campo sin dato,1,6f2f9c25207b96c31682f87de38612959e9acb4b04b8b0c51f119fb9b24315e1,25/06/2023 22:52:29,ESCANER
23149,"Jalapa",21,"Jalapa",1,3638,400,,,,,,,,,,,,,,,,,,,,,,,,,,,,,,0,,,
23150,"Jalapa",21,"Jalapa",1,3638,400,,,,,,,,,,,,,,,,,,,,,,,,,,,,,,0,,,
23151,"Jalapa",21,"Jalapa",1,3638,400,,,,,,,,,,,,,,,,,,,,,,,,,,,,,,0,,,
23152,"Jalapa",21,"Jalapa",1,3638,400,,,,,,,,,,,,,,,,,,,,,,,,,,,,,,0,,,
23153,"Jalapa",21,"Jalapa",1,3638,325,,,,,,,,,,,,,,,,,,,,,,,,,,,,,,0,,,
23154,"Jalapa",21,"Jalapa",1,3638,324,,,,,,,,,,,,,,,,,,,,,,,,,,,,,,0,,,
23155,"Jalapa",21,"Jalapa",1,3639,380,15,8,5,0,14,0,20,68,9,23,2,2,4,2,0,1,173,42,13,228,0,228,--,380,152,173,228,228,Algún campo sin dato,1,22b2eb1536c604390270104b5cf057be2333bc3b5d7e0ac2f368ec14b16ab78a,25/06/2023 22:45:27,ESCANER
23156,"Jalapa",21,"Jalapa",1,3639,380,16,2,5,1,13,3,32,80,23,29,5,1,1,4,0,0,215,31,14,260,0,260,--,397,137,215,260,260,Algún campo sin dato,1,f853b215938ae7393cfadf9a798e0141367b98bce383c37a717d8e9bf12f371f,26/06/2023 00:23:17,ESCANER
23157,"Jalapa",21,"Jalapa",1,3639,380,8,7,7,1,14,0,30,84,11,27,2,2,1,4,0,2,200,29,13,242,0,242,--,380,138,200,242,242,Algún campo sin dato,1,938fc8c97bfc0dc846d3f6a48c72341b8bf4c82704af2604b7558b8a1c9a4673,25/06/2023 23:46:20,ESCANER
23158,"Jalapa",21,"Jalapa",1,3639,380,13,10,9,3,10,3,29,58,10,32,4,4,1,0,0,2,188,23,15,226,0,226,--,380,154,188,226,226,Algún campo sin dato,1,081e51fd3d41e8e9fd34c31dc1373cc79be814fbb6d964793d01b589fad54da4,25/06/2023 23:57:06,ESCANER
23159,"Jalapa",21,"Jalapa",1,3639,380,16,13,8,2,13,1,28,63,8,43,2,2,1,2,0,5,207,21,10,238,0,238,--,378,139,207,238,238,Algún campo sin dato,1,3af77e5c0c88a1d23abd574eb0cb9d9ac77e25ffe5450f308fa71aa4f636e1c9,26/06/2023 00:12:38,ESCANER
23160,"Jalapa",21,"Jalapa",1,3639,380,,,,,,,,,,,,,,,,,,,,,,,,,,,,,,0,,,
23161,"Jalapa",21,"Jalapa",1,3639,380,12,6,9,1,8,0,40,57,7,41,1,3,3,2,0,1,191,46,12,249,0,249,--,380,131,191,249,249,Algún campo sin dato,1,2bc7014d64892f948be3b3df4d1f39d924ed113303d6cb728a6299ae5f14bb19,25/06/2023 23:47:51,ESCANER
23162,"Jalapa",21,"Jalapa",1,3639,380,11,4,11,2,4,0,25,80,16,26,3,2,0,2,0,0,186,40,9,235,0,235,--,380,145,186,235,235,Algún campo sin dato,1,41863eedd9dea68d48e33fa77d82cc78cffe61234b847576476b77695ac65036,26/06/2023 00:06:09,ESCANER
23163,"Jalapa",21,"Jalapa",1,3639,380,13,3,2,2,8,3,28,61,12,16,0,1,1,0,0,1,151,15,2,168,0,168,--,380,212,151,168,168,Algún campo sin dato,1,3e459701a81723cebb41f08ecff5ef6cb435253e71723b3384aa8da9ef4e8cee,25/06/2023 23:06:14,ESCANER
23164,"Jalapa",21,"Jalapa",1,3639,380,12,7,1,1,7,2,13,68,14,21,2,0,3,2,0,0,153,17,9,179,0,179,--,380,201,153,179,179,Algún campo sin dato,1,b7055b24395f97d30b2e1f78d5265faefacc9b1f5a55ba012e28e343f1d794bc,25/06/2023 23:34:53,ESCANER
23165,"Jalapa",21,"Jalapa",1,3639,380,13,4,0,3,6,0,22,66,8,14,7,2,2,2,0,3,152,7,0,159,0,159,--,385,226,152,159,159,Algún campo sin dato,1,ff828b9f2cd1067bde135a2ac9636feca3dd37ab0611064c8fb56a82602e3592,25/06/2023 23:32:37,ESCANER
23166,"Jalapa",21,"Jalapa",1,3639,380,9,9,1,0,7,1,19,70,8,19,1,0,0,1,0,2,147,22,10,179,1,180,--,377,197,147,179,180,Algún campo sin dato,1,22f5bbab6b0931f7cbce7e6f3e57841f1f9417c78ede03ea70dd8dcd0d7e0d5c,26/06/2023 00:20:27,ESCANER
23167,"Jalapa",21,"Jalapa",1,3639,380,15,9,3,0,5,0,21,60,8,10,4,3,0,0,0,4,142,8,3,153,0,153,--,379,226,142,153,153,Algún campo sin dato,1,5e962a7abe582e72514e2df0a3b2fbb0ca41248c17fe7d919e74f98f0c13ab03,25/06/2023 23:07:00,ESCANER
23168,"Jalapa",21,"Jalapa",1,3639,380,9,3,4,0,9,0,20,93,3,20,1,1,0,1,0,1,165,6,2,173,0,173,--,380,207,165,173,173,Algún campo sin dato,1,60e64ab64cd1013c3ccf5ea5d6daddc12ee60ab2f2d02ccac16e49cc583a917e,25/06/2023 23:27:20,ESCANER
23169,"Jalapa",21,"Jalapa",1,3639,228,3,1,1,0,4,0,18,31,4,10,3,0,0,0,0,0,75,5,2,82,0,82,--,228,146,75,82,82,Algún campo sin dato,1,fa34553822908d831741314e28e1ad588d2a53e046ab811849d2a11d2b119feb,25/06/2023 22:33:39,ESCANER
23170,"Jalapa",21,"Jalapa",1,3639,227,3,1,0,0,4,0,17,41,4,15,0,0,0,1,0,0,86,6,5,97,0,97,--,227,130,86,97,97,Algún campo sin dato,1,84d709773e935c4d394b6ec027d269e05c4fdf5895b0a276283b5aecafea2e6a,25/06/2023 23:19:54,ESCANER
23171,"Jalapa",21,"Jalapa",1,3640,380,,,,,,,,,,,,,,,,,,,,,,,,,,,,,,0,,,
23172,"Jalapa",21,"Jalapa",1,3640,380,,,,,,,,,,,,,,,,,,,,,,,,,,,,,,0,,,
23173,"Jalapa",21,"Jalapa",1,3640,380,,,,,,,,,,,,,,,,,,,,,,,,,,,,,,0,,,
23174,"Jalapa",21,"Jalapa",1,3640,380,39,0,5,3,2,0,36,52,4,51,5,6,0,2,0,0,205,27,4,236,0,236,--,380,144,205,236,236,Algún campo sin dato,1,297ec57a3d0b04634d89c369850929fbcc0e2fb475cf64f6202372207adf4cd0,26/06/2023 00:26:57,ESCANER
23175,"Jalapa",21,"Jalapa",1,3640,380,,,,,,,,,,,,,,,,,,,,,,,,,,,,,,0,,,
23176,"Jalapa",21,"Jalapa",1,3640,380,,,,,,,,,,,,,,,,,,,,,,,,,,,,,,0,,,
23177,"Jalapa",21,"Jalapa",1,3640,380,,,,,,,,,,,,,,,,,,,,,,,,,,,,,,0,,,
23178,"Jalapa",21,"Jalapa",1,3640,380,,,,,,,,,,,,,,,,,,,,,,,,,,,,,,0,,,
23179,"Jalapa",21,"Jalapa",1,3640,380,,,,,,,,,,,,,,,,,,,,,,,,,,,,,,0,,,
23180,"Jalapa",21,"Jalapa",1,3640,380,,,,,,,,,,,,,,,,,,,,,,,,,,,,,,0,,,
23181,"Jalapa",21,"Jalapa",1,3640,380,,,,,,,,,,,,,,,,,,,,,,,,,,,,,,0,,,
23182,"Jalapa",21,"Jalapa",1,3640,380,34,2,0,1,3,1,30,43,0,30,2,0,1,0,0,0,147,14,1,162,0,162,--,380,218,147,162,162,Algún campo sin dato,1,0d7520396ef55eed0b761d1deb02fff9b2ea9f3ca61316e4e138e9a6de940e06,25/06/2023 23:49:32,ESCANER
23183,"Jalapa",21,"Jalapa",1,3640,380,37,2,3,0,3,0,32,58,0,31,1,3,2,1,0,0,173,11,0,184,0,184,--,380,196,173,184,184,Algún campo sin dato,1,b180292181a161528a5c59128b8abb7c0689bad34239b409a69208ca08d1e52a,26/06/2023 00:24:54,ESCANER
23184,"Jalapa",21,"Jalapa",1,3640,229,14,1,2,0,1,0,12,27,0,13,1,0,0,0,0,0,71,15,3,89,0,89,--,229,140,71,89,89,Algún campo sin dato,1,d17fa8889dd3e1a9f29fc7754cf6f8ed64e62e6fa3ce28d9eebc5f8a80c55c52,25/06/2023 23:26:22,ESCANER
23185,"Jalapa",21,"Jalapa",1,3640,228,24,1,1,0,2,1,13,31,1,22,3,3,0,1,0,0,103,12,8,123,0,123,--,228,105,103,123,123,Algún campo sin dato,1,621e7abe8f5ef51dcad87314a09f00d7974bdcc75f05b581d0414b1f1e045aeb,25/06/2023 23:15:46,ESCANER
23186,"Jalapa",21,"Jalapa",1,3641,380,12,1,17,1,3,0,7,28,2,19,2,3,0,1,0,13,110,27,16,153,0,153,--,380,227,109,152,152,Sumas Asentadas sin cuadrar,1,8289549b958686c2fdd920c7e7d46019cc8679f79618be6b67d7d62062749790,26/06/2023 00:03:41,ESCANER
23187,"Jalapa",21,"Jalapa",1,3641,380,18,3,8,1,0,2,11,60,5,27,2,2,0,0,0,21,160,25,16,201,0,201,1,380,178,160,201,201,,1,6ba5dcb39838f8c83ad60e18eab5f83be97edbdef0c3a1bbad952040bc77fe72,25/06/2023 23:37:31,ESCANER
23188,"Jalapa",21,"Jalapa",1,3641,380,10,4,14,0,5,0,8,31,1,26,0,5,1,0,0,5,110,31,9,150,0,150,--,380,230,110,150,150,Algún campo sin dato,1,99fcf6cb245c352a22fcd667faa698523109725df9c337540cce90bf1958dfe8,26/06/2023 00:18:24,ESCANER
23189,"Jalapa",21,"Jalapa",1,3641,380,,,,,,,,,,,,,,,,,,,,,,,,,,,,,,0,,,
23190,"Jalapa",21,"Jalapa",1,3641,380,,,,,,,,,,,,,,,,,,,,,,,,,,,,,,0,,,
23191,"Jalapa",21,"Jalapa",1,3641,380,,,,,,,,,,,,,,,,,,,,,,,,,,,,,,0,,,
23192,"Jalapa",21,"Jalapa",1,3641,380,,,,,,,,,,,,,,,,,,,,,,,,,,,,,,0,,,
23193,"Jalapa",21,"Jalapa",1,3642,380,,,,,,,,,,,,,,,,,,,,,,,,,,,,,,0,,,
23194,"Jalapa",21,"Jalapa",1,3642,380,,,,,,,,,,,,,,,,,,,,,,,,,,,,,,0,,,
23195,"Jalapa",21,"Jalapa",1,3642,337,6,3,10,0,3,1,7,50,1,13,1,1,0,1,0,4,101,10,3,114,0,114,--,--,--,101,114,114,Algún campo sin dato,1,76a363ad212f0718411eea9a0f89a80bac7ac34c39d4ef9dd38363a34a09532a,25/06/2023 22:40:53,ESCANER
23196,"Jalapa",21,"Jalapa",1,3642,336,7,5,12,2,1,0,4,36,0,20,0,3,0,0,0,1,93,14,6,113,0,113,--,333,220,91,111,111,Sumas Asentadas sin cuadrar,1,9d8a88b86fe768dc2276d99adafbc96bfa9e0d50b9074e150d9455a07eb55a99,26/06/2023 00:26:08,ESCANER
23197,"Jalapa",21,"Jalapa",1,3643,380,14,2,5,2,7,1,17,47,5,37,0,3,0,0,0,1,141,22,22,185,0,185,--,380,195,141,185,185,Algún campo sin dato,1,4f2af9f51bc56aa07acc5b547e559efc45b721b789a7eb604f2ba7269e18bb20,26/06/2023 00:03:30,ESCANER
23198,"Jalapa",21,"Jalapa",1,3643,380,7,1,7,3,4,5,31,60,2,55,0,2,1,2,0,0,180,28,10,218,0,218,--,379,161,180,218,218,Algún campo sin dato,1,52663a48cf32e1d5891e2a129b291a656e2b1663d0caef2f5edc565fa9d0257b,26/06/2023 00:23:56,ESCANER
23199,"Jalapa",21,"Jalapa",1,3643,380,14,3,3,3,8,1,15,39,4,59,1,3,1,1,1,0,156,18,4,178,0,178,--,380,202,156,178,178,Algún campo sin dato,1,fca02dfd59fbaf8f320b6dd9529c8bf4366ba25428778181d7ef37c55f6b53df,25/06/2023 22:05:21,ESCANER
23200,"Jalapa",21,"Jalapa",1,3643,380,12,2,3,2,9,0,16,42,5,64,1,2,0,2,0,0,160,35,5,200,0,200,--,380,180,160,200,200,Algún campo sin dato,1,91c89538a81995d5819c3fd6096a8e67fb9a8bae39c2723108907230a5fe6dfa,25/06/2023 23:59:43,ESCANER
23201,"Jalapa",21,"Jalapa",1,3643,380,,,,,,,,,,,,,,,,,,,,,,,,,,,,,,0,,,
23202,"Jalapa",21,"Jalapa",1,3643,380,18,1,3,0,4,1,15,54,4,39,2,1,0,0,0,2,144,16,5,165,0,165,--,379,214,144,165,165,Algún campo sin dato,1,b4dc85626f6833ddbe479a64656ddffb8151db4946d52e3eceb5bb8e65946193,26/06/2023 00:07:38,ESCANER
23203,"Jalapa",21,"Jalapa",1,3643,380,10,4,3,1,4,0,16,57,0,34,1,0,0,1,2,0,133,13,7,153,0,153,--,380,227,133,153,153,Algún campo sin dato,1,c8f7b697c6742aaeaa148cd9bd8f16f1bc01347c36cba58683691110a9288b38,25/06/2023 22:20:04,ESCANER
23204,"Jalapa",21,"Jalapa",1,3643,380,7,5,3,1,17,1,14,39,1,30,4,2,0,2,0,0,126,27,6,159,0,159,--,380,221,126,159,159,Algún campo sin dato,1,61db037c1a1af7d989b800267d030adefaaa0b5ccdf42303c04fb9b34263fbad,25/06/2023 22:36:27,ESCANER
23205,"Jalapa",21,"Jalapa",1,3643,380,7,2,1,0,3,0,19,60,0,41,0,0,0,2,0,0,135,12,10,157,0,157,--,380,223,135,157,157,Algún campo sin dato,1,5ee361862092e1a46da69a8c1e6d74d02755ad6fd9ecd8a774d84bcfeeac6948,25/06/2023 21:44:59,ESCANER
23206,"Jalapa",21,"Jalapa",1,3643,240,5,2,0,1,0,0,14,29,1,24,0,1,0,1,0,1,79,11,3,93,0,93,--,240,147,79,93,93,Algún campo sin dato,1,bb674aea8b8fc275eb5687129a0738775bbaf4606a166ffcd170f8d0f68ae1de,25/06/2023 21:51:00,ESCANER
23207,"Jalapa",21,"Jalapa",1,3643,239,5,1,0,0,3,0,17,34,2,23,0,1,1,0,0,1,88,13,7,108,0,108,--,236,128,88,108,108,Algún campo sin dato,1,859d03594541d24f7f6ec13dc603b25165c5bbf95d5ed6b4e2d59fd0cb95fe7d,25/06/2023 22:24:33,ESCANER
23208,"Jalapa",21,"Jalapa",1,3644,380,26,1,0,4,3,0,14,48,18,17,3,2,0,0,0,2,138,24,12,174,0,174,--,380,206,138,174,174,Algún campo sin dato,1,8e89d53061bceeceaca320665869bbbb343ada85889be59f198a9915aac1162b,26/06/2023 00:06:02,ESCANER
23209,"Jalapa",21,"Jalapa",1,3644,380,26,6,6,0,4,1,23,43,17,24,1,2,1,1,0,1,156,30,8,194,0,194,--,380,186,156,194,194,Algún campo sin dato,1,ca53dbde546e8d6cb87daedbef999e639df869e7454edf40b7196584aa143a36,25/06/2023 23:48:20,ESCANER
23210,"Jalapa",21,"Jalapa",1,3644,380,,,,,,,,,,,,,,,,,,,,,,,,,,,,,,0,,,
23211,"Jalapa",21,"Jalapa",1,3644,380,,,,,,,,,,,,,,,,,,,,,,,,,,,,,,0,,,
23212,"Jalapa",21,"Jalapa",1,3644,380,20,4,6,1,5,0,26,50,12,43,2,1,2,0,1,1,174,31,9,214,0,214,--,380,166,174,214,214,Algún campo sin dato,1,c1fa2d55caa3a421dd16bb57e30ebe1fe4c9c26bd5d83dc665ec63bdb9b4349c,26/06/2023 00:23:55,ESCANER
23213,"Jalapa",21,"Jalapa",1,3644,380,34,4,4,0,2,0,28,52,15,39,2,0,1,1,0,0,182,29,10,221,0,221,--,381,160,182,221,221,Algún campo sin dato,1,89e4fed9a4f46f809ba01d6459649b260a9662c788e136892692ecf5752713e9,26/06/2023 00:19:25,ESCANER
23214,"Jalapa",21,"Jalapa",1,3644,380,,,,,,,,,,,,,,,,,,,,,,,,,,,,,,0,,,
23215,"Jalapa",21,"Jalapa",1,3644,380,33,4,6,2,5,0,28,49,14,27,1,0,0,1,0,2,172,13,4,189,0,189,--,380,191,172,189,189,Algún campo sin dato,1,604acddbe5904a3a6955b8f6237bcc0040cb6b7ba2f78ab5bc28e477ab8dd72c,25/06/2023 22:30:04,ESCANER
23216,"Jalapa",21,"Jalapa",1,3644,380,21,1,1,2,5,1,25,51,9,23,2,2,0,1,0,0,144,9,5,158,0,158,--,380,222,144,158,158,Algún campo sin dato,1,2523834e9abf762e1d91cb595a6d09f8815438baf02af183801948849aedddef,25/06/2023 23:05:11,ESCANER
23217,"Jalapa",21,"Jalapa",1,3644,380,23,2,4,0,5,0,19,47,13,13,2,0,1,2,0,0,131,13,2,146,0,146,--,380,234,131,146,146,Algún campo sin dato,1,e5f7e6fa81d6a66b40f1cd44f70915fea05b2298371674cfa583f458ac127695,25/06/2023 23:58:09,ESCANER
23218,"Jalapa",21,"Jalapa",1,3644,380,26,3,4,0,3,0,14,33,16,16,2,2,0,1,1,0,121,18,5,144,0,144,--,380,236,121,144,144,Algún campo sin dato,1,686b18090bc0945430e367417d7e74630c8dc9373d15f51e8702e7a98eaa3abb,25/06/2023 22:37:32,ESCANER
23219,"Jalapa",21,"Jalapa",1,3644,380,18,1,3,0,3,0,19,51,6,20,0,3,1,1,0,0,126,12,1,139,0,139,--,--,--,126,139,139,Algún campo sin dato,1,d9a6a2e7308da1fd82db381fc3d52401cebaeb711285ce9c91a81b62cf3ce5c4,25/06/2023 22:54:56,ESCANER
23220,"Jalapa",21,"Jalapa",1,3644,338,20,1,4,0,7,2,11,48,9,13,1,0,1,3,0,0,120,7,5,132,0,132,--,338,206,120,132,132,Algún campo sin dato,1,aa6140c61c2662159b367cc2536c3d7ee754aa242d7e16fe0f7b499c799503ab,25/06/2023 22:47:46,ESCANER
23221,"Jalapa",21,"Jalapa",1,3644,338,,,,,,,,,,,,,,,,,,,,,,,,,,,,,,0,,,
23222,"Jalapa",21,"Jalapa",1,3645,380,,,,,,,,,,,,,,,,,,,,,,,,,,,,,,0,,,
23223,"Jalapa",21,"Jalapa",1,3645,380,10,3,6,2,7,0,8,75,5,38,4,6,1,2,0,9,176,27,10,213,0,213,--,380,167,176,213,213,Algún campo sin dato,1,9fe7d6a3221e2577ddc57fc9e30d4e02ba4ac2c2d4b365889e764ade7d463abe,25/06/2023 23:58:48,ESCANER
23224,"Jalapa",21,"Jalapa",1,3645,380,11,2,6,0,5,1,7,87,2,37,6,2,0,1,0,11,178,17,11,206,0,206,--,377,171,178,206,206,Algún campo sin dato,1,b7794f7214ba2e82ee64f4a63ddd6439cbfca138a52dff6b36b8eeb410a63e77,25/06/2023 23:38:05,ESCANER
23225,"Jalapa",21,"Jalapa",1,3645,380,11,1,5,3,0,2,11,70,9,43,6,13,0,4,2,5,185,28,16,229,0,229,--,380,151,185,229,229,Algún campo sin dato,1,1488be11860b04921119314643a1869278304dd6d096ad686ab33528bb68e051,25/06/2023 23:21:09,ESCANER
23226,"Jalapa",21,"Jalapa",1,3645,380,11,3,11,4,9,1,16,72,7,25,7,1,1,1,0,11,180,14,2,196,0,196,--,379,183,180,196,196,Algún campo sin dato,1,075142a175abe276eac20bc3c4d479dd91f77c1f814dd63899171f65701a94fb,25/06/2023 23:49:38,ESCANER
23227,"Jalapa",21,"Jalapa",1,3645,380,11,1,3,3,9,4,11,54,4,18,4,3,1,3,0,11,140,17,4,161,0,161,--,380,219,140,161,161,Algún campo sin dato,1,c34e59a03fdd8673a6dbc2fa4099c1035d33d300232f3dd65875fe785f4266f1,26/06/2023 00:21:48,ESCANER
23228,"Jalapa",21,"Jalapa",1,3645,380,11,1,7,1,1,0,13,60,2,16,2,5,1,0,0,10,130,23,8,161,--,--,--,380,219,130,161,161,Algún campo sin dato,1,c68d05e7ddf95dbeb60ba6a706c6f4f0063682202fe33a68d1e63b9badb40a54,26/06/2023 00:13:20,ESCANER
23229,"Jalapa",21,"Jalapa",1,3645,294,8,3,4,1,2,1,12,63,1,12,2,2,0,1,0,6,118,5,2,125,0,125,--,294,169,118,125,125,Algún campo sin dato,1,440005fd9ba4bf65390943c3887508ee8149ef9f799f349907c3be0488f4fea8,25/06/2023 22:00:46,ESCANER
23230,"Jalapa",21,"Jalapa",1,3645,293,8,0,2,3,4,0,6,65,3,14,0,4,0,0,0,8,117,5,3,125,0,125,--,293,168,117,125,125,Algún campo sin dato,1,813e0dbb96c598ad42b27388e0aee0b43e5cec997daae97e8c3cee6122605d62,25/06/2023 22:39:51,ESCANER
23231,"Jalapa",21,"Jalapa",1,3646,380,,,,,,,,,,,,,,,,,,,,,,,,,,,,,,0,,,
23232,"Jalapa",21,"Jalapa",1,3646,380,,,,,,,,,,,,,,,,,,,,,,,,,,,,,,0,,,
23233,"Jalapa",21,"Jalapa",1,3646,380,,,,,,,,,,,,,,,,,,,,,,,,,,,,,,0,,,
23234,"Jalapa",21,"Jalapa",1,3646,227,,,,,,,,,,,,,,,,,,,,,,,,,,,,,,0,,,
23235,"Jalapa",21,"Jalapa",1,3646,226,5,1,2,0,2,3,7,43,0,27,0,2,1,0,0,0,93,13,3,109,0,109,--,226,117,93,109,109,Algún campo sin dato,1,95c03f5056040cf1ab99c9aef2671c4b748dc13ab7114c1c824203eb44ad36d7,25/06/2023 22:27:26,ESCANER
23236,"Jalapa",21,"Jalapa",1,3647,380,13,2,6,1,19,1,5,58,17,33,3,2,4,3,0,1,168,19,11,198,0,198,--,377,179,168,198,198,Algún campo sin dato,1,0c54a067fee5d8021362550acdc6390fbefbec8e4a92b94a28e19902f7656c98,26/06/2023 00:22:51,ESCANER
23237,"Jalapa",21,"Jalapa",1,3647,380,,,,,,,,,,,,,,,,,,,,,,,,,,,,,,0,,,
23238,"Jalapa",21,"Jalapa",1,3647,380,9,4,1,3,16,0,25,97,11,26,2,0,3,1,1,0,199,27,20,246,0,246,--,380,134,199,246,246,Algún campo sin dato,1,7c6b98cae09bf8cfbb753658b3cc011564d0e88fe8ada8f24bf669f4bd7fe333,25/06/2023 23:10:22,ESCANER
23239,"Jalapa",21,"Jalapa",1,3647,380,,,,,,,,,,,,,,,,,,,,,,,,,,,,,,0,,,
23240,"Jalapa",21,"Jalapa",1,3647,380,,,,,,,,,,,,,,,,,,,,,,,,,,,,,,0,,,
23241,"Jalapa",21,"Jalapa",1,3647,380,,,,,,,,,,,,,,,,,,,,,,,,,,,,,,0,,,
23242,"Jalapa",21,"Jalapa",1,3647,380,,,,,,,,,,,,,,,,,,,,,,,,,,,,,,0,,,
23243,"Jalapa",21,"Jalapa",1,3647,380,18,1,3,1,10,1,10,78,7,18,2,3,2,1,0,2,157,28,3,188,0,188,--,380,192,157,188,188,Algún campo sin dato,1,b662b21bba729210185a49f706b53329155b9de24face6b5246dab30ce31c6b2,26/06/2023 00:13:12,ESCANER
23244,"Jalapa",21,"Jalapa",1,3647,380,3,6,2,0,16,1,11,61,10,15,1,0,0,1,0,0,127,14,5,146,0,146,--,380,234,127,146,146,Algún campo sin dato,1,f15748d930a0ce5f63a1098fc6359127b766118b17484eb1a648f703142aff0a,25/06/2023 22:35:14,ESCANER
23245,"Jalapa",21,"Jalapa",1,3647,223,6,1,1,0,3,1,9,50,2,8,7,0,1,2,0,0,91,1,1,93,0,93,--,223,130,91,93,93,Algún campo sin dato,1,4cde3b2189d98dd7a32f58ab34921695d4e3299ff8daa6e4f38468c1c60ed2a4,26/06/2023 00:07:02,ESCANER
23246,"Jalapa",21,"Jalapa",1,3647,222,8,3,1,1,10,2,8,35,2,12,1,0,0,3,0,0,86,0,0,86,0,86,--,222,136,86,86,86,Algún campo sin dato,1,2f89c5d60fa3606bfb5f92045d507a2d121184a68172d4b23f37ac7e25175aca,25/06/2023 23:54:29,ESCANER
23247,"Jalapa",21,"Jalapa",1,3648,380,24,19,12,12,0,3,29,40,1,11,12,1,0,0,1,0,165,13,7,185,0,185,--,380,195,165,185,185,Algún campo sin dato,1,ed8d958e4d0f4fb3b169a891c7277079fc3a58f931971245d6446e762b906644,25/06/2023 22:57:14,ESCANER
23248,"Jalapa",21,"Jalapa",1,3648,380,26,11,6,5,1,2,26,68,1,13,7,1,1,2,0,0,170,11,6,187,0,187,--,380,193,170,187,187,Algún campo sin dato,1,3a90990d73cea963dd7e4444439a5715cf9c6d1b0860187001814e7d35cbade0,25/06/2023 22:27:08,ESCANER
23249,"Jalapa",21,"Jalapa",1,3648,267,12,9,4,2,0,2,15,37,1,6,7,2,2,0,1,1,101,4,6,111,0,111,2,264,156,101,111,111,,1,406992f5ca66e59057f8f247fb9831e53af4b1828ac9fdb45008376ff2e515c1,25/06/2023 22:23:46,ESCANER
23250,"Jalapa",21,"Jalapa",1,3648,267,13,4,4,0,0,1,14,44,0,3,5,2,0,0,1,0,91,4,1,96,0,96,--,267,171,91,96,96,Algún campo sin dato,1,03d277d57ab38800e98ccc64de85e9c91238d9e4a6c1b8f1888b074a81481c54,25/06/2023 23:15:44,ESCANER
23251,"Jalapa",21,"Jalapa",1,3649,380,19,5,0,1,0,6,33,118,5,37,1,6,1,2,0,0,234,24,15,273,0,273,--,377,104,234,273,273,Algún campo sin dato,1,bcb463a3066cac360c55c8b8c2f9dcc1a6c4e9e549f40a19e389ff4590f5489a,25/06/2023 23:52:03,ESCANER
23252,"Jalapa",21,"Jalapa",1,3649,380,,,,,,,,,,,,,,,,,,,,,,,,,,,,,,0,,,
23253,"Jalapa",21,"Jalapa",1,3649,380,,,,,,,,,,,,,,,,,,,,,,,,,,,,,,0,,,
23254,"Jalapa",21,"Jalapa",1,3649,280,15,2,0,2,0,6,16,81,2,24,2,3,1,0,0,0,154,10,5,169,0,169,--,--,--,154,169,169,Algún campo sin dato,1,afa2f93ff8ecf911d7cc8684e2a44b792ef88523314f01ee7ba238c9f50ed148,25/06/2023 23:28:15,ESCANER
23255,"Jalapa",21,"Jalapa",1,3649,280,24,1,1,0,1,2,14,87,0,16,0,3,0,3,0,0,152,14,2,168,0,168,--,280,112,152,168,168,Algún campo sin dato,1,2e10e1af5711b466cf7819173ed8f9a7988bed4df33d9e20151b4923d59a4acd,26/06/2023 00:16:07,ESCANER
23256,"Jalapa",21,"Jalapa",1,3650,600,25,7,7,4,7,0,26,47,6,24,4,3,0,3,0,2,165,19,5,189,0,189,--,600,411,165,189,189,Algún campo sin dato,1,04245864b437cf24af59a2b044c67b8c79cae1f7f5a03da1ef9c98ae657e51c8,25/06/2023 22:58:56,ESCANER
23257,"Jalapa",21,"Jalapa",1,3650,600,34,15,9,4,3,4,19,47,3,22,6,4,0,1,0,0,171,24,1,196,--,196,--,600,404,171,196,196,Algún campo sin dato,1,a943a5fad4422b3f80f1155e79d12e7589c5c20031c76a19dd46b55aee22e9cc,26/06/2023 00:06:54,ESCANER
23258,"Jalapa",21,"Jalapa",1,3650,600,21,12,7,3,2,1,24,41,4,19,5,6,1,4,1,0,151,20,8,179,0,179,--,600,421,151,179,179,Algún campo sin dato,1,b9aa0b36af179c0008adadfd69da7197f83a6242eae54b94aa108e460b2e21dc,25/06/2023 23:02:10,ESCANER
23259,"Jalapa",21,"Jalapa",1,3650,600,28,12,2,2,1,3,22,45,8,15,12,4,3,4,0,0,161,25,1,187,--,187,--,600,413,161,187,187,Algún campo sin dato,1,fc204ad02003b12a883f6ab618e66dce4df9f10db61486a5c17c36288d1b3686,25/06/2023 23:53:27,ESCANER
23260,"Jalapa",21,"Jalapa",1,3650,600,22,9,3,5,0,3,32,41,6,29,15,5,0,3,0,0,173,14,3,190,0,190,--,600,410,173,190,190,Algún campo sin dato,1,f4ae8e2e9356d925b9ecc97c7b299b79653acb5c5bd219f8f0974e6338fe5f38,25/06/2023 23:38:30,ESCANER
23261,"Jalapa",21,"Jalapa",1,3650,600,,,,,,,,,,,,,,,,,,,,,,,,,,,,,,0,,,
23262,"Jalapa",21,"Jalapa",1,3650,600,14,4,5,0,0,1,15,26,4,8,8,1,1,1,1,0,89,7,0,96,0,96,--,600,504,89,96,96,Algún campo sin dato,1,26792d84b46005df2239ad2a5fb2b27a660f8604b1275ab66074cebae32cd473,25/06/2023 23:47:43,ESCANER
23263,"Jalapa",21,"Jalapa",1,3650,366,4,1,2,2,2,0,3,8,1,2,2,1,0,0,0,0,26,5,0,31,0,31,--,366,335,28,33,33,Sumas Asentadas sin cuadrar,1,9de7bc1df7a84d62df71b929606d9648629d56384afac91e0130da769b843fd9,25/06/2023 22:32:27,ESCANER
23264,"Jalapa",21,"Jalapa",1,3650,366,2,1,1,0,0,0,2,6,0,2,0,0,0,1,0,0,15,4,0,19,0,19,--,366,347,15,19,19,Algún campo sin dato,1,76a29deb1effe6257e775755008bb3d259e2e009947aef44cfc0e6a39095826f,25/06/2023 22:19:16,ESCANER