﻿TIPO_DE_ELECCIÓN:,CORPORACIÓN MUNICIPAL
26 junio 2023 00:28 (UTC -6)
ACTAS_ESPERADAS,ACTAS_CAPTURADAS,PORCENTAJE_ACTAS_CAPTURADAS,ACTAS_CONTABILIZADAS,PORCENTAJE_ACTAS_CONTABILIZADAS,ACTAS_NO_CONTABILIZADAS,LISTA_NOMINAL_ACTAS_CONTABILIZADAS,VOTOS_EMITIDOS_CONTABILIZADAS,PORCENTAJE_PARTICIPACIÓN_CIUDADANA
14,0,0.0000,0,0.0000,0,0,0,--.----

MESA,DEPARTAMENTO,ID_DEPARTAMENTO,MUNICIPIO,ID_MUNICIPIO,CENTRO_DE_VOTACIÓN,PADRÓN,VAMOS,PPN,BIEN,UNE,TODOS,CABAL,PHG,CAMBIO,VÁLIDOS,NULOS,BLANCO,EMITIDOS,INVÁLIDOS,TOTAL,IMPUGNACIONES,PAPELETAS-RECIBIDAS,PAPELETAS-NO-USADAS,VALIDOS_CALCULADO,EMITIDOS_CALCULADO,TOTAL_CALCULADO,OBSERVACIONES,CONTABILIZADA,CÓDIGO_INTEGRIDAD,FECHA_HORA_PUBLICACIÓN,DIGITALIZACIÓN
11011,"Quetzaltenango",9,"San Mateo",10,1470,400,,,,,,,,,,,,,,,,,,,,,,0,,,
11012,"Quetzaltenango",9,"San Mateo",10,1470,400,,,,,,,,,,,,,,,,,,,,,,0,,,
11013,"Quetzaltenango",9,"San Mateo",10,1470,400,,,,,,,,,,,,,,,,,,,,,,0,,,
11014,"Quetzaltenango",9,"San Mateo",10,1470,400,,,,,,,,,,,,,,,,,,,,,,0,,,
11015,"Quetzaltenango",9,"San Mateo",10,1470,400,,,,,,,,,,,,,,,,,,,,,,0,,,
11016,"Quetzaltenango",9,"San Mateo",10,1470,400,,,,,,,,,,,,,,,,,,,,,,0,,,
11017,"Quetzaltenango",9,"San Mateo",10,1470,400,,,,,,,,,,,,,,,,,,,,,,0,,,
11018,"Quetzaltenango",9,"San Mateo",10,1470,400,,,,,,,,,,,,,,,,,,,,,,0,,,
11019,"Quetzaltenango",9,"San Mateo",10,1470,400,,,,,,,,,,,,,,,,,,,,,,0,,,
11020,"Quetzaltenango",9,"San Mateo",10,1471,400,,,,,,,,,,,,,,,,,,,,,,0,,,
11021,"Quetzaltenango",9,"San Mateo",10,1471,400,,,,,,,,,,,,,,,,,,,,,,0,,,
11022,"Quetzaltenango",9,"San Mateo",10,1471,400,,,,,,,,,,,,,,,,,,,,,,0,,,
11023,"Quetzaltenango",9,"San Mateo",10,1471,359,,,,,,,,,,,,,,,,,,,,,,0,,,
11024,"Quetzaltenango",9,"San Mateo",10,1471,359,,,,,,,,,,,,,,,,,,,,,,0,,,