﻿TIPO_DE_ELECCIÓN:,CORPORACIÓN MUNICIPAL
26 junio 2023 00:28 (UTC -6)
ACTAS_ESPERADAS,ACTAS_CAPTURADAS,PORCENTAJE_ACTAS_CAPTURADAS,ACTAS_CONTABILIZADAS,PORCENTAJE_ACTAS_CONTABILIZADAS,ACTAS_NO_CONTABILIZADAS,LISTA_NOMINAL_ACTAS_CONTABILIZADAS,VOTOS_EMITIDOS_CONTABILIZADAS,PORCENTAJE_PARTICIPACIÓN_CIUDADANA
69,22,31.8840,22,31.8840,0,7159,4671,65.2465

MESA,DEPARTAMENTO,ID_DEPARTAMENTO,MUNICIPIO,ID_MUNICIPIO,CENTRO_DE_VOTACIÓN,PADRÓN,CREO,MLP,UNE,BIEN,AZUL,TODOS,WINAQ,VIVA,VAMOS,PODEMOS,PPN,VÁLIDOS,NULOS,BLANCO,EMITIDOS,INVÁLIDOS,TOTAL,IMPUGNACIONES,PAPELETAS-RECIBIDAS,PAPELETAS-NO-USADAS,VALIDOS_CALCULADO,EMITIDOS_CALCULADO,TOTAL_CALCULADO,OBSERVACIONES,CONTABILIZADA,CÓDIGO_INTEGRIDAD,FECHA_HORA_PUBLICACIÓN,DIGITALIZACIÓN
13448,"San Marcos",12,"San Miguel Ixtahuacán",5,1854,400,,,,,,,,,,,,,,,,,,,,,,,,,0,,,
13449,"San Marcos",12,"San Miguel Ixtahuacán",5,1854,400,,,,,,,,,,,,,,,,,,,,,,,,,0,,,
13450,"San Marcos",12,"San Miguel Ixtahuacán",5,1854,400,,,,,,,,,,,,,,,,,,,,,,,,,0,,,
13451,"San Marcos",12,"San Miguel Ixtahuacán",5,1854,400,,,,,,,,,,,,,,,,,,,,,,,,,0,,,
13452,"San Marcos",12,"San Miguel Ixtahuacán",5,1854,400,,,,,,,,,,,,,,,,,,,,,,,,,0,,,
13453,"San Marcos",12,"San Miguel Ixtahuacán",5,1854,400,,,,,,,,,,,,,,,,,,,,,,,,,0,,,
13454,"San Marcos",12,"San Miguel Ixtahuacán",5,1854,400,,,,,,,,,,,,,,,,,,,,,,,,,0,,,
13455,"San Marcos",12,"San Miguel Ixtahuacán",5,1854,400,,,,,,,,,,,,,,,,,,,,,,,,,0,,,
13456,"San Marcos",12,"San Miguel Ixtahuacán",5,1854,400,,,,,,,,,,,,,,,,,,,,,,,,,0,,,
13457,"San Marcos",12,"San Miguel Ixtahuacán",5,1855,400,,,,,,,,,,,,,,,,,,,,,,,,,0,,,
13458,"San Marcos",12,"San Miguel Ixtahuacán",5,1855,400,,,,,,,,,,,,,,,,,,,,,,,,,0,,,
13459,"San Marcos",12,"San Miguel Ixtahuacán",5,1855,400,95,0,0,61,4,55,0,2,2,0,0,219,10,1,230,0,230,0,400,170,219,230,230,,1,fdf6bf116578c1287cb3292d26cfa026fc4d614459b70128d2b1832019da7745,25/06/2023 21:30:11,ESCANER
13460,"San Marcos",12,"San Miguel Ixtahuacán",5,1856,400,,,,,,,,,,,,,,,,,,,,,,,,,0,,,
13461,"San Marcos",12,"San Miguel Ixtahuacán",5,1856,400,102,0,0,57,2,61,1,2,0,0,0,225,2,0,227,0,227,--,400,173,225,227,227,Algún campo sin dato,1,10268deb22fd8aa36b34fd82f780ac3dc2233ac82d06ed7b407a214f5366dd2b,26/06/2023 00:02:54,ESCANER
13462,"San Marcos",12,"San Miguel Ixtahuacán",5,1857,269,76,0,0,61,3,26,1,0,0,0,0,167,3,0,170,0,170,--,269,99,167,170,170,Algún campo sin dato,1,5dd8e9bca56af1c30dbf18efb4632708ae42cbb0ac2ee1fae743728c17ce7663,25/06/2023 23:28:27,ESCANER
13463,"San Marcos",12,"San Miguel Ixtahuacán",5,1857,269,65,1,0,37,2,28,0,3,0,0,0,136,4,0,140,0,140,--,269,129,136,140,140,Algún campo sin dato,1,059fc87190ba057d4edd380657a667ae26828e9b7c56e21939f71f0825154777,25/06/2023 22:33:16,ESCANER
13464,"San Marcos",12,"San Miguel Ixtahuacán",5,1858,371,,,,,,,,,,,,,,,,,,,,,,,,,0,,,
13465,"San Marcos",12,"San Miguel Ixtahuacán",5,1858,371,,,,,,,,,,,,,,,,,,,,,,,,,0,,,
13466,"San Marcos",12,"San Miguel Ixtahuacán",5,1859,380,131,3,5,71,2,25,1,0,2,0,1,241,19,13,273,0,273,--,380,107,241,273,273,Algún campo sin dato,1,3754d9e9278c8a71fe1f66df0913179a22b46c02b41c661c1a5e0a439e0f4b3c,26/06/2023 00:12:49,ESCANER
13467,"San Marcos",12,"San Miguel Ixtahuacán",5,1859,380,,,,,,,,,,,,,,,,,,,,,,,,,0,,,
13468,"San Marcos",12,"San Miguel Ixtahuacán",5,1859,380,,,,,,,,,,,,,,,,,,,,,,,,,0,,,
13469,"San Marcos",12,"San Miguel Ixtahuacán",5,1859,380,,,,,,,,,,,,,,,,,,,,,,,,,0,,,
13470,"San Marcos",12,"San Miguel Ixtahuacán",5,1859,380,,,,,,,,,,,,,,,,,,,,,,,,,0,,,
13471,"San Marcos",12,"San Miguel Ixtahuacán",5,1859,380,101,0,0,81,9,38,4,1,3,0,0,237,15,3,255,0,255,--,380,125,237,255,255,Algún campo sin dato,1,97e6ea9a36b7be7a34dbfb1172d1a972d77230380abff58fbd3c274ceb042328,26/06/2023 00:20:19,ESCANER
13472,"San Marcos",12,"San Miguel Ixtahuacán",5,1859,380,,,,,,,,,,,,,,,,,,,,,,,,,0,,,
13473,"San Marcos",12,"San Miguel Ixtahuacán",5,1859,269,,,,,,,,,,,,,,,,,,,,,,,,,0,,,
13474,"San Marcos",12,"San Miguel Ixtahuacán",5,1859,269,73,0,0,35,2,18,5,0,0,0,0,133,5,1,139,0,139,--,269,130,133,139,139,Algún campo sin dato,1,d912f3d92580182c52eba0e5ae256fd2bb8826667cd646e0af741b9601060a72,25/06/2023 22:32:02,ESCANER
13475,"San Marcos",12,"San Miguel Ixtahuacán",5,1860,380,,,,,,,,,,,,,,,,,,,,,,,,,0,,,
13476,"San Marcos",12,"San Miguel Ixtahuacán",5,1860,380,,,,,,,,,,,,,,,,,,,,,,,,,0,,,
13477,"San Marcos",12,"San Miguel Ixtahuacán",5,1860,380,116,0,5,81,5,16,1,0,1,0,0,225,25,6,256,0,256,--,380,124,225,256,256,Algún campo sin dato,1,36fde668c851954e12b944934521ad4be1882bafd70c7984bff9bebe0e5f3dfd,25/06/2023 22:52:11,ESCANER
13478,"San Marcos",12,"San Miguel Ixtahuacán",5,1860,380,122,0,7,74,1,12,0,1,0,0,0,217,28,5,250,0,250,--,380,130,217,250,250,Algún campo sin dato,1,33da9fb09c8469865582fec8125631ac08969b666e6071ab8f4b85b735601074,26/06/2023 00:15:15,ESCANER
13479,"San Marcos",12,"San Miguel Ixtahuacán",5,1860,380,,,,,,,,,,,,,,,,,,,,,,,,,0,,,
13480,"San Marcos",12,"San Miguel Ixtahuacán",5,1860,380,102,0,2,86,5,20,0,1,5,0,1,222,17,8,247,0,247,--,380,133,222,247,247,Algún campo sin dato,1,832dc84a619c99de47b667c54ccc31dd5cb5cee0992377d3360ecb5b74465dbe,26/06/2023 00:22:13,ESCANER
13481,"San Marcos",12,"San Miguel Ixtahuacán",5,1860,380,,,,,,,,,,,,,,,,,,,,,,,,,0,,,
13482,"San Marcos",12,"San Miguel Ixtahuacán",5,1861,211,80,0,2,39,1,6,0,2,0,0,0,130,5,2,137,0,137,--,211,74,130,137,137,Algún campo sin dato,1,86025f37ed7a8f93fcd73f3f0e12bf4fa3709457c3355dea15d9e19f5323f386,26/06/2023 00:03:57,ESCANER
13483,"San Marcos",12,"San Miguel Ixtahuacán",5,1861,211,67,0,0,33,0,8,0,1,0,0,0,109,1,2,112,1,113,--,211,98,109,112,113,Algún campo sin dato,1,41edb653a78eb36b4641d8f5d089d530f5ba7cc14c4fd684d911ac10d0375eba,26/06/2023 00:09:43,ESCANER
13484,"San Marcos",12,"San Miguel Ixtahuacán",5,1862,380,,,,,,,,,,,,,,,,,,,,,,,,,0,,,
13485,"San Marcos",12,"San Miguel Ixtahuacán",5,1862,380,,,,,,,,,,,,,,,,,,,,,,,,,0,,,
13486,"San Marcos",12,"San Miguel Ixtahuacán",5,1862,313,,,,,,,,,,,,,,,,,,,,,,,,,0,,,
13487,"San Marcos",12,"San Miguel Ixtahuacán",5,1862,313,,,,,,,,,,,,,,,,,,,,,,,,,0,,,
13488,"San Marcos",12,"San Miguel Ixtahuacán",5,1863,380,164,2,2,60,5,21,0,1,13,0,0,268,24,11,303,0,303,--,380,77,268,303,303,Algún campo sin dato,1,653a88c123af6e819f6553a69b6c84340d494971e7a0f7412fb22b8ffc2b18a7,25/06/2023 23:50:11,ESCANER
13489,"San Marcos",12,"San Miguel Ixtahuacán",5,1863,356,142,1,1,49,2,12,1,2,16,0,0,226,23,2,251,0,251,--,356,105,226,251,251,Algún campo sin dato,1,3823ad1fe9283d9667027415001e9491107ff4a624c316ad0cf7c3beef56982e,25/06/2023 23:36:25,ESCANER
13490,"San Marcos",12,"San Miguel Ixtahuacán",5,1863,356,123,0,0,38,2,14,1,0,6,0,0,184,5,3,192,0,192,--,353,161,184,192,192,Algún campo sin dato,1,debb08e64333104eab8497d23946c17af67768f28bb6ed5bedca6c3da9c31373,25/06/2023 22:51:17,ESCANER
13491,"San Marcos",12,"San Miguel Ixtahuacán",5,1864,328,,,,,,,,,,,,,,,,,,,,,,,,,0,,,
13492,"San Marcos",12,"San Miguel Ixtahuacán",5,1864,327,,,,,,,,,,,,,,,,,,,,,,,,,0,,,
13493,"San Marcos",12,"San Miguel Ixtahuacán",5,1865,380,,,,,,,,,,,,,,,,,,,,,,,,,0,,,
13494,"San Marcos",12,"San Miguel Ixtahuacán",5,1865,380,,,,,,,,,,,,,,,,,,,,,,,,,0,,,
13495,"San Marcos",12,"San Miguel Ixtahuacán",5,1865,380,136,1,6,79,3,20,1,3,3,1,0,253,35,8,296,0,296,--,380,84,253,296,296,Algún campo sin dato,1,fb6b2db5798f73f52c8e3d768d4a8b815c2c3382053eb192ec776ad9f9662182,26/06/2023 00:20:48,ESCANER
13496,"San Marcos",12,"San Miguel Ixtahuacán",5,1865,380,119,1,4,85,2,36,2,1,0,1,0,251,19,11,281,0,281,--,380,99,251,281,281,Algún campo sin dato,1,5566f2dabae673461989e4986c40169606f0963cde7dfb612ef3a8d76ecdcb77,25/06/2023 23:46:58,ESCANER
13497,"San Marcos",12,"San Miguel Ixtahuacán",5,1865,380,,,,,,,,,,,,,,,,,,,,,,,,,0,,,
13498,"San Marcos",12,"San Miguel Ixtahuacán",5,1865,380,141,0,3,79,2,35,1,2,4,0,0,267,19,5,291,0,291,--,380,89,267,291,291,Algún campo sin dato,1,3201a9ae54fb57ff78a55d8a0d1c8c923ffa08cc21f95c7d85ae849153f8a268,26/06/2023 00:11:34,ESCANER
13499,"San Marcos",12,"San Miguel Ixtahuacán",5,1865,380,,,,,,,,,,,,,,,,,,,,,,,,,0,,,
13500,"San Marcos",12,"San Miguel Ixtahuacán",5,1865,380,,,,,,,,,,,,,,,,,,,,,,,,,0,,,
13501,"San Marcos",12,"San Miguel Ixtahuacán",5,1865,291,,,,,,,,,,,,,,,,,,,,,,,,,0,,,
13502,"San Marcos",12,"San Miguel Ixtahuacán",5,1865,290,,,,,,,,,,,,,,,,,,,,,,,,,0,,,
13503,"San Marcos",12,"San Miguel Ixtahuacán",5,1866,380,,,,,,,,,,,,,,,,,,,,,,,,,0,,,
13504,"San Marcos",12,"San Miguel Ixtahuacán",5,1866,380,,,,,,,,,,,,,,,,,,,,,,,,,0,,,
13505,"San Marcos",12,"San Miguel Ixtahuacán",5,1866,380,,,,,,,,,,,,,,,,,,,,,,,,,0,,,
13506,"San Marcos",12,"San Miguel Ixtahuacán",5,1866,380,,,,,,,,,,,,,,,,,,,,,,,,,0,,,
13507,"San Marcos",12,"San Miguel Ixtahuacán",5,1866,380,,,,,,,,,,,,,,,,,,,,,,,,,0,,,
13508,"San Marcos",12,"San Miguel Ixtahuacán",5,1866,380,113,2,1,75,1,23,5,8,5,0,0,233,13,3,249,0,249,--,380,131,233,249,249,Algún campo sin dato,1,b9a76967e60bc7d0e559879b06bed06ef5081e135e129b8b35e56a163ec439f6,25/06/2023 23:40:16,ESCANER
13509,"San Marcos",12,"San Miguel Ixtahuacán",5,1866,380,,,,,,,,,,,,,,,,,,,,,,,,,0,,,
13510,"San Marcos",12,"San Miguel Ixtahuacán",5,1866,199,57,0,0,41,0,11,0,2,0,0,0,111,1,2,114,0,114,--,199,85,111,114,114,Algún campo sin dato,1,c2e6d079db7d25bff6b658e293737c289f27315a53ca99fd5b6ad11da0ce3c34,25/06/2023 23:08:53,ESCANER
13511,"San Marcos",12,"San Miguel Ixtahuacán",5,1866,198,63,1,0,44,1,10,1,0,0,0,0,120,5,1,126,0,126,--,198,72,120,126,126,Algún campo sin dato,1,fe308b1af3d2a68626cd40030e5a87f91d9f0974c47ce8910c44bcad6fcdcd1a,25/06/2023 23:03:03,ESCANER
13512,"San Marcos",12,"San Miguel Ixtahuacán",5,1867,380,,,,,,,,,,,,,,,,,,,,,,,,,0,,,
13513,"San Marcos",12,"San Miguel Ixtahuacán",5,1867,222,,,,,,,,,,,,,,,,,,,,,,,,,0,,,
13514,"San Marcos",12,"San Miguel Ixtahuacán",5,1867,221,60,0,0,13,0,53,3,0,0,0,0,129,3,0,132,0,132,--,221,89,129,132,132,Algún campo sin dato,1,8c18c36916de38bac963adf3bb33b3ef4abeb3a02c0b734b57d64bf0f7d51a4e,26/06/2023 00:06:42,ESCANER
13515,"San Marcos",12,"San Miguel Ixtahuacán",5,1868,437,,,,,,,,,,,,,,,,,,,,,,,,,0,,,
13516,"San Marcos",12,"San Miguel Ixtahuacán",5,1868,437,,,,,,,,,,,,,,,,,,,,,,,,,0,,,