﻿TIPO_DE_ELECCIÓN:,CORPORACIÓN MUNICIPAL
26 junio 2023 00:28 (UTC -6)
ACTAS_ESPERADAS,ACTAS_CAPTURADAS,PORCENTAJE_ACTAS_CAPTURADAS,ACTAS_CONTABILIZADAS,PORCENTAJE_ACTAS_CONTABILIZADAS,ACTAS_NO_CONTABILIZADAS,LISTA_NOMINAL_ACTAS_CONTABILIZADAS,VOTOS_EMITIDOS_CONTABILIZADAS,PORCENTAJE_PARTICIPACIÓN_CIUDADANA
26,9,34.6153,9,34.6153,0,3166,1991,62.8869

MESA,DEPARTAMENTO,ID_DEPARTAMENTO,MUNICIPIO,ID_MUNICIPIO,CENTRO_DE_VOTACIÓN,PADRÓN,AZUL,VAMOS,UNE,MLP,VÁLIDOS,NULOS,BLANCO,EMITIDOS,INVÁLIDOS,TOTAL,IMPUGNACIONES,PAPELETAS-RECIBIDAS,PAPELETAS-NO-USADAS,VALIDOS_CALCULADO,EMITIDOS_CALCULADO,TOTAL_CALCULADO,OBSERVACIONES,CONTABILIZADA,CÓDIGO_INTEGRIDAD,FECHA_HORA_PUBLICACIÓN,DIGITALIZACIÓN
6987,"El Progreso",4,"El Jícaro",5,767,400,,,,,,,,,,,,,,,,,,0,,,
6988,"El Progreso",4,"El Jícaro",5,767,400,56,153,13,11,233,20,3,256,0,256,--,400,144,233,256,256,Algún campo sin dato,1,e5f3b2223f8beddae5e50b12cafab9e7fdae4ef5498260983c4c2634731d26a3,25/06/2023 23:54:08,ESCANER
6989,"El Progreso",4,"El Jícaro",5,767,400,,,,,,,,,,,,,,,,,,0,,,
6990,"El Progreso",4,"El Jícaro",5,768,400,,,,,,,,,,,,,,,,,,0,,,
6991,"El Progreso",4,"El Jícaro",5,768,400,59,155,23,16,253,19,5,277,0,277,--,400,123,253,277,277,Algún campo sin dato,1,9275ec1ebc58bda33530fbc15a1ba58dad19d668396e3fca7b08cc65faab60a0,26/06/2023 00:18:03,ESCANER
6992,"El Progreso",4,"El Jícaro",5,768,400,,,,,,,,,,,,,,,,,,0,,,
6993,"El Progreso",4,"El Jícaro",5,768,400,,,,,,,,,,,,,,,,,,0,,,
6994,"El Progreso",4,"El Jícaro",5,768,400,,,,,,,,,,,,,,,,,,0,,,
6995,"El Progreso",4,"El Jícaro",5,769,400,,,,,,,,,,,,,,,,,,0,,,
6996,"El Progreso",4,"El Jícaro",5,769,400,,,,,,,,,,,,,,,,,,0,,,
6997,"El Progreso",4,"El Jícaro",5,770,400,,,,,,,,,,,,,,,,,,0,,,
6998,"El Progreso",4,"El Jícaro",5,770,400,,,,,,,,,,,,,,,,,,0,,,
6999,"El Progreso",4,"El Jícaro",5,770,400,62,154,9,8,233,15,3,251,0,251,--,400,149,233,251,251,Algún campo sin dato,1,6295a2895cb4083440d11194bf9cdd4b7c943c5086365a586c3ad59f23cb2184,25/06/2023 23:57:16,ESCANER
7000,"El Progreso",4,"El Jícaro",5,770,400,,,,,,,,,,,,,,,,,,0,,,
7001,"El Progreso",4,"El Jícaro",5,771,400,,,,,,,,,,,,,,,,,,0,,,
7002,"El Progreso",4,"El Jícaro",5,771,400,62,172,8,7,249,8,1,258,0,258,--,400,142,249,258,258,Algún campo sin dato,1,05430b70dce63955108c19466a078803e002c944b5898c8c38f2c74015bccd2b,25/06/2023 23:58:49,ESCANER
7003,"El Progreso",4,"El Jícaro",5,772,310,,,,,,,,,,,,,,,,,,0,,,
7004,"El Progreso",4,"El Jícaro",5,772,309,32,99,7,4,142,7,1,150,0,150,--,309,159,142,150,150,Algún campo sin dato,1,1350ca2619b3e45b7ccfe9ab7719c82fa4b3ca09f99bda463fcac5cb86788bcf,25/06/2023 23:50:20,ESCANER
7005,"El Progreso",4,"El Jícaro",5,773,380,,,,,,,,,,,,,,,,,,0,,,
7006,"El Progreso",4,"El Jícaro",5,773,380,,,,,,,,,,,,,,,,,,0,,,
7007,"El Progreso",4,"El Jícaro",5,773,380,,,,,,,,,,,,,,,,,,0,,,
7008,"El Progreso",4,"El Jícaro",5,773,380,14,150,63,1,228,9,2,239,0,239,0,380,141,228,239,239,,1,b66999b66d218677aba10275af5be8bc21b96177428a60b11c38d0427281404b,25/06/2023 23:56:19,ESCANER
7009,"El Progreso",4,"El Jícaro",5,773,380,16,148,60,2,226,13,2,241,0,241,--,380,139,226,241,241,Algún campo sin dato,1,f91dc9d51ff42b3d8d0944eb320d406df6a1f84d9171c40c9b57af837fb95478,25/06/2023 22:54:12,ESCANER
7010,"El Progreso",4,"El Jícaro",5,773,249,10,111,39,1,161,1,0,162,0,162,--,249,87,161,162,162,Algún campo sin dato,1,ac3823b2f7e2f1ae6ff22e48eaf9ac7e29e203b30602f36075ba656a4cba7235,25/06/2023 22:28:22,ESCANER
7011,"El Progreso",4,"El Jícaro",5,773,248,6,104,38,1,149,8,0,157,0,157,0,248,91,149,157,157,,1,2d9cdcb91470b44051f63c647a6ae8fcfb491a8805b7887a2e2558df0445c69d,25/06/2023 23:28:06,ESCANER
7012,"El Progreso",4,"El Jícaro",5,774,566,,,,,,,,,,,,,,,,,,0,,,