﻿TIPO_DE_ELECCIÓN:,CORPORACIÓN MUNICIPAL
26 junio 2023 00:28 (UTC -6)
ACTAS_ESPERADAS,ACTAS_CAPTURADAS,PORCENTAJE_ACTAS_CAPTURADAS,ACTAS_CONTABILIZADAS,PORCENTAJE_ACTAS_CONTABILIZADAS,ACTAS_NO_CONTABILIZADAS,LISTA_NOMINAL_ACTAS_CONTABILIZADAS,VOTOS_EMITIDOS_CONTABILIZADAS,PORCENTAJE_PARTICIPACIÓN_CIUDADANA
43,13,30.2325,13,30.2325,0,4948,2709,54.7493

MESA,DEPARTAMENTO,ID_DEPARTAMENTO,MUNICIPIO,ID_MUNICIPIO,CENTRO_DE_VOTACIÓN,PADRÓN,VALOR,AZUL,CAMBIO,VIVA,UNE,VAMOS,CABAL,WINAQ,VOS,PODEMOS,PR,PPN,VÁLIDOS,NULOS,BLANCO,EMITIDOS,INVÁLIDOS,TOTAL,IMPUGNACIONES,PAPELETAS-RECIBIDAS,PAPELETAS-NO-USADAS,VALIDOS_CALCULADO,EMITIDOS_CALCULADO,TOTAL_CALCULADO,OBSERVACIONES,CONTABILIZADA,CÓDIGO_INTEGRIDAD,FECHA_HORA_PUBLICACIÓN,DIGITALIZACIÓN
7874,"Escuintla",5,"Guanagazapa",8,894,400,,,,,,,,,,,,,,,,,,,,,,,,,,0,,,
7875,"Escuintla",5,"Guanagazapa",8,894,400,17,5,9,18,74,52,32,11,1,5,0,2,226,15,9,250,0,250,--,400,150,226,250,250,Algún campo sin dato,1,57c0ae0028e148bdfb0c43fef706d428abc254b74c855e39461bccd03d5b739b,26/06/2023 00:09:43,ESCANER
7876,"Escuintla",5,"Guanagazapa",8,894,400,,,,,,,,,,,,,,,,,,,,,,,,,,0,,,
7877,"Escuintla",5,"Guanagazapa",8,894,400,,,,,,,,,,,,,,,,,,,,,,,,,,0,,,
7878,"Escuintla",5,"Guanagazapa",8,894,400,,,,,,,,,,,,,,,,,,,,,,,,,,0,,,
7879,"Escuintla",5,"Guanagazapa",8,894,400,,,,,,,,,,,,,,,,,,,,,,,,,,0,,,
7880,"Escuintla",5,"Guanagazapa",8,894,400,,,,,,,,,,,,,,,,,,,,,,,,,,0,,,
7881,"Escuintla",5,"Guanagazapa",8,894,400,,,,,,,,,,,,,,,,,,,,,,,,,,0,,,
7882,"Escuintla",5,"Guanagazapa",8,894,400,,,,,,,,,,,,,,,,,,,,,,,,,,0,,,
7883,"Escuintla",5,"Guanagazapa",8,894,400,,,,,,,,,,,,,,,,,,,,,,,,,,0,,,
7884,"Escuintla",5,"Guanagazapa",8,895,400,,,,,,,,,,,,,,,,,,,,,,,,,,0,,,
7885,"Escuintla",5,"Guanagazapa",8,895,400,,,,,,,,,,,,,,,,,,,,,,,,,,0,,,
7886,"Escuintla",5,"Guanagazapa",8,895,400,,,,,,,,,,,,,,,,,,,,,,,,,,0,,,
7887,"Escuintla",5,"Guanagazapa",8,895,400,,,,,,,,,,,,,,,,,,,,,,,,,,0,,,
7888,"Escuintla",5,"Guanagazapa",8,896,400,,,,,,,,,,,,,,,,,,,,,,,,,,0,,,
7889,"Escuintla",5,"Guanagazapa",8,897,400,,,,,,,,,,,,,,,,,,,,,,,,,,0,,,
7890,"Escuintla",5,"Guanagazapa",8,897,400,17,11,8,16,58,73,19,3,0,5,1,0,211,9,1,221,0,221,1,400,178,211,221,221,,1,43f38cc5f8f7840529baf5d07c77858b37718c571e2118e6e33af0cde7ddbb84,26/06/2023 00:27:32,ESCANER
7891,"Escuintla",5,"Guanagazapa",8,897,400,,,,,,,,,,,,,,,,,,,,,,,,,,0,,,
7892,"Escuintla",5,"Guanagazapa",8,898,400,,,,,,,,,,,,,,,,,,,,,,,,,,0,,,
7893,"Escuintla",5,"Guanagazapa",8,898,400,,,,,,,,,,,,,,,,,,,,,,,,,,0,,,
7894,"Escuintla",5,"Guanagazapa",8,898,400,,,,,,,,,,,,,,,,,,,,,,,,,,0,,,
7895,"Escuintla",5,"Guanagazapa",8,898,381,9,6,2,33,58,82,37,2,1,3,3,2,238,3,1,242,0,242,--,--,--,238,242,242,Algún campo sin dato,1,3c6799f54a1a4a579eec0b764a37114766dcb80629fd0b98124fbea6d2efc60c,26/06/2023 00:22:37,ESCANER
7896,"Escuintla",5,"Guanagazapa",8,898,381,6,7,6,21,65,69,30,1,1,3,1,0,210,3,2,215,0,215,0,381,166,210,215,215,,1,6704422d25d594c9caf05d6857662750b1f26605670210c64d2305ffe15305ef,25/06/2023 23:35:24,ESCANER
7897,"Escuintla",5,"Guanagazapa",8,899,380,,,,,,,,,,,,,,,,,,,,,,,,,,0,,,
7898,"Escuintla",5,"Guanagazapa",8,899,380,4,24,12,24,45,76,15,3,2,7,0,1,213,23,2,238,0,238,0,380,142,213,238,238,,1,618d89e914fd50e202f9c2d30431f73f166c6de85c706dad2a86a996000bb1a7,26/06/2023 00:13:37,ESCANER
7899,"Escuintla",5,"Guanagazapa",8,899,380,,,,,,,,,,,,,,,,,,,,,,,,,,0,,,
7900,"Escuintla",5,"Guanagazapa",8,899,380,,,,,,,,,,,,,,,,,,,,,,,,,,0,,,
7901,"Escuintla",5,"Guanagazapa",8,899,380,4,8,4,41,69,81,8,1,1,17,1,2,237,16,4,257,0,257,3,380,120,237,257,257,,1,1d66d861738c160c577136c73d2885f80c3a1b83ccb01b1da8f7942ac170238b,26/06/2023 00:27:21,ESCANER
7902,"Escuintla",5,"Guanagazapa",8,899,380,2,18,7,27,45,79,14,0,2,10,0,2,206,10,3,219,0,222,3,380,158,206,219,219,Sumas Asentadas sin cuadrar,1,fac5933e4c9fdfb0d6736ee1ab58726a337af5ff55c63acc4b0c0efef45d395a,26/06/2023 00:00:57,ESCANER
7903,"Escuintla",5,"Guanagazapa",8,900,380,,,,,,,,,,,,,,,,,,,,,,,,,,0,,,
7904,"Escuintla",5,"Guanagazapa",8,900,380,,,,,,,,,,,,,,,,,,,,,,,,,,0,,,
7905,"Escuintla",5,"Guanagazapa",8,901,380,,,,,,,,,,,,,,,,,,,,,,,,,,0,,,
7906,"Escuintla",5,"Guanagazapa",8,901,380,2,24,8,20,48,77,10,4,2,8,1,1,205,19,9,233,0,233,3,380,144,205,233,233,,1,478f52aaf59d12d97536a0ddc44ae490a73aaeeb3e91b0ca0b6f52ba3c683c68,26/06/2023 00:08:53,ESCANER
7907,"Escuintla",5,"Guanagazapa",8,901,380,,,,,,,,,,,,,,,,,,,,,,,,,,0,,,
7908,"Escuintla",5,"Guanagazapa",8,901,380,2,16,4,25,41,85,11,1,2,3,1,1,192,15,4,211,0,211,--,380,169,192,211,211,Algún campo sin dato,1,86790b2063821d862f2a70537e02ced06b1d6aed2cb4f31234bfec3959fa3dd1,25/06/2023 23:31:59,ESCANER
7909,"Escuintla",5,"Guanagazapa",8,901,380,1,14,4,28,50,70,5,2,3,8,0,1,186,18,5,209,0,209,1,380,170,186,209,209,,1,db591387baab12938f447929ee38f360cb3197c5e53c61f5d8377928207d8091,26/06/2023 00:11:45,ESCANER
7910,"Escuintla",5,"Guanagazapa",8,901,380,,,,,,,,,,,,,,,,,,,,,,,,,,0,,,
7911,"Escuintla",5,"Guanagazapa",8,901,380,,,,,,,,,,,,,,,,,,,,,,,,,,0,,,
7912,"Escuintla",5,"Guanagazapa",8,901,380,2,13,3,22,40,98,6,1,0,6,1,1,193,8,3,204,--,--,3,374,170,193,204,204,Algún campo sin dato,1,16ff22cf1a47fb27980aaee744faba5288e2c90ff00e4768ad6e05cfb1967c82,25/06/2023 23:49:52,ESCANER
7913,"Escuintla",5,"Guanagazapa",8,901,380,,,,,,,,,,,,,,,,,,,,,,,,,,0,,,
7914,"Escuintla",5,"Guanagazapa",8,901,349,,,,,,,,,,,,,,,,,,,,,,,,,,0,,,
7915,"Escuintla",5,"Guanagazapa",8,901,349,2,10,3,16,34,47,5,2,3,1,2,1,126,7,3,136,--,--,33,349,180,126,136,136,Algún campo sin dato,1,bd583e5562ee7d29e267354d624470ae5f04f54eb28bb854bad3b00701688116,26/06/2023 00:03:07,ESCANER
7916,"Escuintla",5,"Guanagazapa",8,902,377,4,5,3,8,18,18,8,1,0,3,0,0,68,6,0,74,0,74,--,377,303,68,74,74,Algún campo sin dato,1,8c9d4093e08f4ac80d71eccfa56de5ada15e24241febefcc6d6ff0878e0c3f89,25/06/2023 23:42:27,ESCANER