﻿TIPO_DE_ELECCIÓN:,CORPORACIÓN MUNICIPAL
26 junio 2023 00:28 (UTC -6)
ACTAS_ESPERADAS,ACTAS_CAPTURADAS,PORCENTAJE_ACTAS_CAPTURADAS,ACTAS_CONTABILIZADAS,PORCENTAJE_ACTAS_CONTABILIZADAS,ACTAS_NO_CONTABILIZADAS,LISTA_NOMINAL_ACTAS_CONTABILIZADAS,VOTOS_EMITIDOS_CONTABILIZADAS,PORCENTAJE_PARTICIPACIÓN_CIUDADANA
73,40,54.7945,40,54.7945,0,14914,11381,76.3108

MESA,DEPARTAMENTO,ID_DEPARTAMENTO,MUNICIPIO,ID_MUNICIPIO,CENTRO_DE_VOTACIÓN,PADRÓN,VAMOS,VALOR,UNE,MLP,ELEFANTE,VIVA,CAMBIO,CABAL,PPN,PODEMOS,VÁLIDOS,NULOS,BLANCO,EMITIDOS,INVÁLIDOS,TOTAL,IMPUGNACIONES,PAPELETAS-RECIBIDAS,PAPELETAS-NO-USADAS,VALIDOS_CALCULADO,EMITIDOS_CALCULADO,TOTAL_CALCULADO,OBSERVACIONES,CONTABILIZADA,CÓDIGO_INTEGRIDAD,FECHA_HORA_PUBLICACIÓN,DIGITALIZACIÓN
3468,"Guatemala",1,"San Pedro Sacatepéquez",9,337,400,,,,,,,,,,,,,,,,,,,,,,,,0,,,
3469,"Guatemala",1,"San Pedro Sacatepéquez",9,337,400,88,51,61,1,9,82,8,6,12,1,319,9,0,328,0,328,--,400,72,319,328,328,Algún campo sin dato,1,a82282885fe5a54cb7426ddd23d5a5e1f02fe7db163cf3894797b6012423aaeb,26/06/2023 00:20:34,ESCANER
3470,"Guatemala",1,"San Pedro Sacatepéquez",9,337,400,,,,,,,,,,,,,,,,,,,,,,,,0,,,
3471,"Guatemala",1,"San Pedro Sacatepéquez",9,337,400,,,,,,,,,,,,,,,,,,,,,,,,0,,,
3472,"Guatemala",1,"San Pedro Sacatepéquez",9,337,400,,,,,,,,,,,,,,,,,,,,,,,,0,,,
3473,"Guatemala",1,"San Pedro Sacatepéquez",9,337,400,,,,,,,,,,,,,,,,,,,,,,,,0,,,
3474,"Guatemala",1,"San Pedro Sacatepéquez",9,337,400,,,,,,,,,,,,,,,,,,,,,,,,0,,,
3475,"Guatemala",1,"San Pedro Sacatepéquez",9,337,400,,,,,,,,,,,,,,,,,,,,,,,,0,,,
3476,"Guatemala",1,"San Pedro Sacatepéquez",9,337,400,,,,,,,,,,,,,,,,,,,,,,,,0,,,
3477,"Guatemala",1,"San Pedro Sacatepéquez",9,337,400,,,,,,,,,,,,,,,,,,,,,,,,0,,,
3478,"Guatemala",1,"San Pedro Sacatepéquez",9,337,400,,,,,,,,,,,,,,,,,,,,,,,,0,,,
3479,"Guatemala",1,"San Pedro Sacatepéquez",9,337,400,,,,,,,,,,,,,,,,,,,,,,,,0,,,
3480,"Guatemala",1,"San Pedro Sacatepéquez",9,338,400,98,45,48,3,4,79,6,5,12,1,301,8,0,309,0,309,--,400,91,301,309,309,Algún campo sin dato,1,145eb5dc805864740b0e96d07599ffbf7a6b2d2a73c7b4d1d9617bfafdd0c854,25/06/2023 23:27:38,ESCANER
3481,"Guatemala",1,"San Pedro Sacatepéquez",9,338,400,140,36,43,2,5,84,6,4,6,0,326,5,1,332,0,332,--,396,64,326,332,332,Algún campo sin dato,1,b2bac288ddf27f64e74a4558083238ab17a196ace01db139b30b4080ae7e1b5b,26/06/2023 00:15:33,ESCANER
3482,"Guatemala",1,"San Pedro Sacatepéquez",9,338,400,127,53,51,1,4,57,3,4,6,0,306,12,3,321,0,321,--,400,79,306,321,321,Algún campo sin dato,1,29d9a02e224921922d66e343dae8f63ef1bee63387f8c3518413990892880ba9,25/06/2023 23:19:45,ESCANER
3483,"Guatemala",1,"San Pedro Sacatepéquez",9,338,400,,,,,,,,,,,,,,,,,,,,,,,,0,,,
3484,"Guatemala",1,"San Pedro Sacatepéquez",9,338,400,116,45,56,3,4,58,14,8,5,0,309,6,3,318,0,318,--,400,82,309,318,318,Algún campo sin dato,1,f617075ea3658e89a9766455f1e65cc1298c7b3625194fafd04ea1b5d2bb9f90,26/06/2023 00:08:49,ESCANER
3485,"Guatemala",1,"San Pedro Sacatepéquez",9,338,400,,,,,,,,,,,,,,,,,,,,,,,,0,,,
3486,"Guatemala",1,"San Pedro Sacatepéquez",9,338,400,,,,,,,,,,,,,,,,,,,,,,,,0,,,
3487,"Guatemala",1,"San Pedro Sacatepéquez",9,338,400,75,36,49,3,15,118,9,11,16,1,333,3,0,336,0,336,--,400,64,333,336,336,Algún campo sin dato,1,58823accd09d638948047ed67911e3e20575a97017237e3692a609189bb4a4e0,25/06/2023 23:28:02,ESCANER
3488,"Guatemala",1,"San Pedro Sacatepéquez",9,338,400,105,49,60,2,3,88,3,2,6,0,318,3,1,322,0,322,--,400,78,318,322,322,Algún campo sin dato,1,32e4a78b3bbb44924cf80856812cad4a1eedf462a1e123d26568c5c33d4a86ff,25/06/2023 22:57:37,ESCANER
3489,"Guatemala",1,"San Pedro Sacatepéquez",9,338,400,84,31,57,2,6,100,12,3,14,0,309,3,1,313,0,313,--,400,87,309,313,313,Algún campo sin dato,1,676e1c9288536f4912805773b38939543adb2fd8d3f698ad416b9a61079283b1,25/06/2023 23:57:00,ESCANER
3490,"Guatemala",1,"San Pedro Sacatepéquez",9,338,400,116,53,57,1,9,72,5,5,9,0,327,2,1,330,0,330,--,400,70,327,330,330,Algún campo sin dato,1,7047f44b7c522e58c2b7d2a0f4d99a608c575c14b8609d10ad006901a183d03d,25/06/2023 23:43:27,ESCANER
3491,"Guatemala",1,"San Pedro Sacatepéquez",9,338,349,83,42,48,3,3,66,6,1,13,1,266,2,0,268,0,268,--,349,81,266,268,268,Algún campo sin dato,1,36450bc3150600c0634ccfcf7a041a1f22434cb82eb1fc9ec06e197ee31e93da,25/06/2023 23:11:46,ESCANER
3492,"Guatemala",1,"San Pedro Sacatepéquez",9,338,349,90,32,23,3,2,58,9,9,10,2,238,7,0,245,0,245,--,349,104,238,245,245,Algún campo sin dato,1,116a1226c4da65dc1498f6e61faf6b526ccc9899b654d5348c1ec022b0edf3e5,25/06/2023 23:34:41,ESCANER
3493,"Guatemala",1,"San Pedro Sacatepéquez",9,339,400,80,53,50,1,14,77,16,2,8,0,301,15,2,318,0,318,--,400,82,301,318,318,Algún campo sin dato,1,313d3363e6d9671a678fa47cb4146da3a83a6474cfb92be78802ce24a5bc5f52,25/06/2023 23:11:05,ESCANER
3494,"Guatemala",1,"San Pedro Sacatepéquez",9,339,400,69,56,49,5,9,90,14,3,13,0,308,13,0,321,0,321,--,400,79,308,321,321,Algún campo sin dato,1,b76747c8f54f1dcbf20ff0401d594560629eb31c2515077c8e2d1598c5d33997,26/06/2023 00:08:46,ESCANER
3495,"Guatemala",1,"San Pedro Sacatepéquez",9,340,400,86,42,44,1,6,67,9,5,3,0,263,13,3,279,0,279,--,400,121,263,279,279,Algún campo sin dato,1,b8e7c37e30a20931239cca3a0e8fb8e451619b86f4a5d2b65b4c5c9087245a98,25/06/2023 23:34:12,ESCANER
3496,"Guatemala",1,"San Pedro Sacatepéquez",9,340,400,83,56,45,0,8,59,8,2,9,0,270,18,4,292,0,292,--,400,108,270,292,292,Algún campo sin dato,1,32305f41bdf2b798f659e520546ef0c65208bb66ac29c2d948065b0fd6651a6e,26/06/2023 00:15:20,ESCANER
3497,"Guatemala",1,"San Pedro Sacatepéquez",9,340,257,37,31,26,4,2,48,11,2,6,1,168,7,1,176,0,176,--,257,81,168,176,176,Algún campo sin dato,1,cc622b305eef76ea7598b7a385fc487998347c71002641d82748e5d5c4288da5,25/06/2023 21:15:44,ESCANER
3498,"Guatemala",1,"San Pedro Sacatepéquez",9,340,257,56,29,19,3,3,39,10,3,5,0,167,7,0,174,0,174,--,257,83,167,174,174,Algún campo sin dato,1,d04f284f4b8ef0169f3f7d2e8fbd15e03c86e3c74c5d898cfc1319227d492c18,25/06/2023 23:16:11,ESCANER
3499,"Guatemala",1,"San Pedro Sacatepéquez",9,341,400,,,,,,,,,,,,,,,,,,,,,,,,0,,,
3500,"Guatemala",1,"San Pedro Sacatepéquez",9,341,400,,,,,,,,,,,,,,,,,,,,,,,,0,,,
3501,"Guatemala",1,"San Pedro Sacatepéquez",9,341,400,128,74,60,3,3,25,2,3,2,0,300,5,4,309,0,309,--,400,91,300,309,309,Algún campo sin dato,1,f7b47cdf89377620bd5d93468873ec51f271deffb54b48871862a2fbd48118eb,25/06/2023 23:31:38,ESCANER
3502,"Guatemala",1,"San Pedro Sacatepéquez",9,341,400,117,71,56,0,1,46,4,1,4,0,300,10,3,313,0,313,--,400,87,300,313,313,Algún campo sin dato,1,28eaafa8068c6e133557cee0513291e1c6fbfa0bc3b244147c2ffb42747234a2,26/06/2023 00:07:41,ESCANER
3503,"Guatemala",1,"San Pedro Sacatepéquez",9,341,400,,,,,,,,,,,,,,,,,,,,,,,,0,,,
3504,"Guatemala",1,"San Pedro Sacatepéquez",9,342,400,120,74,54,1,5,48,6,2,5,1,316,9,2,327,0,327,--,396,69,316,327,327,Algún campo sin dato,1,9689c8d2b532892c934d1810d98ae07315f29e490b1e1e0b491449af28a56beb,25/06/2023 23:39:59,ESCANER
3505,"Guatemala",1,"San Pedro Sacatepéquez",9,342,348,71,66,53,2,2,55,4,3,4,1,261,6,4,271,0,271,--,348,77,261,271,271,Algún campo sin dato,1,8da341c9b0940ecb83a11115508ef7876edf0bbb83c532177b7f223b6fcd40d8,25/06/2023 23:07:36,ESCANER
3506,"Guatemala",1,"San Pedro Sacatepéquez",9,342,347,94,72,38,2,1,43,2,3,3,1,259,3,1,263,0,263,--,347,84,259,263,263,Algún campo sin dato,1,d03368624541ddc70c48471fa692e1fb56f95d13086b405b8033260cae494928,25/06/2023 23:19:56,ESCANER
3507,"Guatemala",1,"San Pedro Sacatepéquez",9,343,380,,,,,,,,,,,,,,,,,,,,,,,,0,,,
3508,"Guatemala",1,"San Pedro Sacatepéquez",9,343,380,,,,,,,,,,,,,,,,,,,,,,,,0,,,
3509,"Guatemala",1,"San Pedro Sacatepéquez",9,343,380,,,,,,,,,,,,,,,,,,,,,,,,0,,,
3510,"Guatemala",1,"San Pedro Sacatepéquez",9,343,315,85,23,19,2,17,52,1,0,1,1,201,12,8,221,0,221,--,315,94,201,221,221,Algún campo sin dato,1,e9d1ed78b00eb99871fd3dbbbabe311779a87a22ec6e25f4b02fbdd9c8faa7d2,26/06/2023 00:02:48,ESCANER
3511,"Guatemala",1,"San Pedro Sacatepéquez",9,343,314,72,10,15,0,20,48,10,0,2,0,177,8,0,185,0,185,--,314,129,177,185,185,Algún campo sin dato,1,29ffbfd6c741d1d9d83d6c7cbcecbd324c1e26a3c4f721142e14f87d2dd01977,25/06/2023 22:55:02,ESCANER
3512,"Guatemala",1,"San Pedro Sacatepéquez",9,344,380,,,,,,,,,,,,,,,,,,,,,,,,0,,,
3513,"Guatemala",1,"San Pedro Sacatepéquez",9,344,380,,,,,,,,,,,,,,,,,,,,,,,,0,,,
3514,"Guatemala",1,"San Pedro Sacatepéquez",9,344,380,47,40,30,5,14,134,7,2,9,1,289,14,5,308,0,308,--,380,72,289,308,308,Algún campo sin dato,1,3e2bae9a5dda4f113d401079ce193eb4a73a0d096514bed2fcde895faaeb6c7b,25/06/2023 23:37:59,ESCANER
3515,"Guatemala",1,"San Pedro Sacatepéquez",9,344,380,40,47,25,4,5,140,12,2,13,1,289,11,2,302,0,302,--,380,78,289,302,302,Algún campo sin dato,1,eef1ec2b163a4cd7c98ff2873f6f680aadd224b949d4f34ad4fc02fc55faf17b,26/06/2023 00:13:58,ESCANER
3516,"Guatemala",1,"San Pedro Sacatepéquez",9,344,380,30,39,26,12,17,140,6,4,13,0,287,17,2,306,0,306,--,380,74,287,306,306,Algún campo sin dato,1,28b67dc6daecf2b08123739e0112111f6506b2842e7c7b3b258f2464d2347090,25/06/2023 22:24:21,ESCANER
3517,"Guatemala",1,"San Pedro Sacatepéquez",9,344,380,38,35,22,6,13,157,9,5,6,0,291,16,2,309,0,309,--,380,71,291,309,309,Algún campo sin dato,1,8ab7dba1d34744bc436de84caa3a601adfce61bc98f13b2997e9d2bc7e78bda1,26/06/2023 00:17:31,ESCANER
3518,"Guatemala",1,"San Pedro Sacatepéquez",9,344,380,42,53,35,9,18,129,2,2,9,2,301,13,0,314,0,314,--,380,66,301,314,314,Algún campo sin dato,1,ee776b69ba7e8332791ef4ac07c7287db6fb7325d2db6f5c65eacb2bfe6b04ae,25/06/2023 23:44:52,ESCANER
3519,"Guatemala",1,"San Pedro Sacatepéquez",9,344,380,,,,,,,,,,,,,,,,,,,,,,,,0,,,
3520,"Guatemala",1,"San Pedro Sacatepéquez",9,344,380,41,45,16,4,11,148,5,2,14,0,286,4,0,290,0,290,--,381,91,286,290,290,Algún campo sin dato,1,80402faf93c906cc90925d3bf0cb534b49e3d6c4c3dc8ed970d9de1c496a7fa9,25/06/2023 23:11:41,ESCANER
3521,"Guatemala",1,"San Pedro Sacatepéquez",9,344,380,,,,,,,,,,,,,,,,,,,,,,,,0,,,
3522,"Guatemala",1,"San Pedro Sacatepéquez",9,344,380,39,45,41,1,5,118,7,2,11,0,269,13,0,282,0,282,--,380,98,269,282,282,Algún campo sin dato,1,331a15ecb27356f1bc627b9b150e6fa2ff14bcc5d970d409b5074cb3c4fcb721,25/06/2023 22:47:22,ESCANER
3523,"Guatemala",1,"San Pedro Sacatepéquez",9,345,380,49,47,18,9,9,126,8,3,12,1,282,11,4,297,0,297,--,380,83,282,297,297,Algún campo sin dato,1,e1676c956cc908e3ec4ccde6aea3f5371e07d2f40d1cc108ca5c4739cac8922b,26/06/2023 00:19:49,ESCANER
3524,"Guatemala",1,"San Pedro Sacatepéquez",9,345,380,39,34,31,5,6,142,13,1,11,0,282,17,0,299,0,299,--,379,80,282,299,299,Algún campo sin dato,1,5d53c13bb0892de819bd6ab6995f27db9f9482fd1094a383d0fa042e3843bf65,26/06/2023 00:00:55,ESCANER
3525,"Guatemala",1,"San Pedro Sacatepéquez",9,345,380,32,31,29,10,19,124,7,1,8,0,261,9,4,274,0,274,--,380,106,261,274,274,Algún campo sin dato,1,c739e0a2ffa24c6d3d0ccfb16d377c3d5f089576f09fd23f88332d4de1b5d76b,25/06/2023 23:20:53,ESCANER
3526,"Guatemala",1,"San Pedro Sacatepéquez",9,346,380,,,,,,,,,,,,,,,,,,,,,,,,0,,,
3527,"Guatemala",1,"San Pedro Sacatepéquez",9,346,380,,,,,,,,,,,,,,,,,,,,,,,,0,,,
3528,"Guatemala",1,"San Pedro Sacatepéquez",9,346,380,36,46,25,5,8,123,6,1,12,1,263,11,5,279,0,279,--,380,101,263,279,279,Algún campo sin dato,1,838f5567c2f4575c1dba1d447b538009d11d1d1b74ea65be574a319deba1c8f0,26/06/2023 00:02:39,ESCANER
3529,"Guatemala",1,"San Pedro Sacatepéquez",9,346,380,42,36,26,5,10,115,11,5,9,0,259,16,6,281,0,281,--,380,99,259,281,281,Algún campo sin dato,1,7c6ec0ef5af74833ab8a21427dd259417b9df48e429b111be6c336b8de322a97,26/06/2023 00:09:30,ESCANER
3530,"Guatemala",1,"San Pedro Sacatepéquez",9,346,380,,,,,,,,,,,,,,,,,,,,,,,,0,,,
3531,"Guatemala",1,"San Pedro Sacatepéquez",9,346,380,29,37,22,2,13,159,11,2,10,0,285,3,1,289,0,289,--,380,91,285,289,289,Algún campo sin dato,1,ea22744a319ec94a69d1c576800ced6d6e67d74c16a1783d8925a51445c4a4e6,25/06/2023 23:36:50,ESCANER
3532,"Guatemala",1,"San Pedro Sacatepéquez",9,346,380,,,,,,,,,,,,,,,,,,,,,,,,0,,,
3533,"Guatemala",1,"San Pedro Sacatepéquez",9,346,380,,,,,,,,,,,,,,,,,,,,,,,,0,,,
3534,"Guatemala",1,"San Pedro Sacatepéquez",9,346,380,26,32,24,8,8,130,10,0,9,3,250,0,0,250,0,250,--,380,130,250,250,250,Algún campo sin dato,1,430ceda8e5245abac1c6ad911b2b695ffbc5f554bee38d88e89f0a9d0e0b6e3d,25/06/2023 23:04:27,ESCANER
3535,"Guatemala",1,"San Pedro Sacatepéquez",9,346,329,16,39,21,3,10,119,5,2,8,1,224,6,0,230,0,230,--,328,98,224,230,230,Algún campo sin dato,1,259291c6ffeaeacd93330aa9ab4abf901e0cd58e5f70dce6f32c463b83ca821e,25/06/2023 22:35:33,ESCANER
3536,"Guatemala",1,"San Pedro Sacatepéquez",9,346,329,22,36,20,4,9,90,7,3,4,2,197,3,0,200,0,200,--,325,125,197,200,200,Algún campo sin dato,1,21dfc3e6ec332e4b0c48a6aaa204fb6d3f658680d700c6854108a86e849edefb,25/06/2023 23:47:38,ESCANER
3537,"Guatemala",1,"San Pedro Sacatepéquez",9,347,600,,,,,,,,,,,,,,,,,,,,,,,,0,,,
3538,"Guatemala",1,"San Pedro Sacatepéquez",9,347,600,,,,,,,,,,,,,,,,,,,,,,,,0,,,
3539,"Guatemala",1,"San Pedro Sacatepéquez",9,347,414,,,,,,,,,,,,,,,,,,,,,,,,0,,,
3540,"Guatemala",1,"San Pedro Sacatepéquez",9,347,414,,,,,,,,,,,,,,,,,,,,,,,,0,,,