﻿TIPO_DE_ELECCIÓN:,CORPORACIÓN MUNICIPAL
26 junio 2023 00:28 (UTC -6)
ACTAS_ESPERADAS,ACTAS_CAPTURADAS,PORCENTAJE_ACTAS_CAPTURADAS,ACTAS_CONTABILIZADAS,PORCENTAJE_ACTAS_CONTABILIZADAS,ACTAS_NO_CONTABILIZADAS,LISTA_NOMINAL_ACTAS_CONTABILIZADAS,VOTOS_EMITIDOS_CONTABILIZADAS,PORCENTAJE_PARTICIPACIÓN_CIUDADANA
30,17,56.6666,17,56.6666,0,5610,3741,66.6844

MESA,DEPARTAMENTO,ID_DEPARTAMENTO,MUNICIPIO,ID_MUNICIPIO,CENTRO_DE_VOTACIÓN,PADRÓN,CABAL,VAMOS,BIEN,UNE,VALOR UNIONISTA,VÁLIDOS,NULOS,BLANCO,EMITIDOS,INVÁLIDOS,TOTAL,IMPUGNACIONES,PAPELETAS-RECIBIDAS,PAPELETAS-NO-USADAS,VALIDOS_CALCULADO,EMITIDOS_CALCULADO,TOTAL_CALCULADO,OBSERVACIONES,CONTABILIZADA,CÓDIGO_INTEGRIDAD,FECHA_HORA_PUBLICACIÓN,DIGITALIZACIÓN
8905,"Santa Rosa",6,"Santa Cruz Naranjo",12,1076,400,,,,,,,,,,,,,,,,,,,0,,,
8906,"Santa Rosa",6,"Santa Cruz Naranjo",12,1076,400,,,,,,,,,,,,,,,,,,,0,,,
8907,"Santa Rosa",6,"Santa Cruz Naranjo",12,1076,400,,,,,,,,,,,,,,,,,,,0,,,
8908,"Santa Rosa",6,"Santa Cruz Naranjo",12,1076,400,,,,,,,,,,,,,,,,,,,0,,,
8909,"Santa Rosa",6,"Santa Cruz Naranjo",12,1076,400,,,,,,,,,,,,,,,,,,,0,,,
8910,"Santa Rosa",6,"Santa Cruz Naranjo",12,1076,265,100,55,4,1,30,190,0,0,190,0,190,--,265,75,190,190,190,Algún campo sin dato,1,b54f146074823b9423050c7e4c1aa403128aac7c8e8e6c96023e920d66d134dd,25/06/2023 23:21:09,ESCANER
8911,"Santa Rosa",6,"Santa Cruz Naranjo",12,1076,264,83,62,5,0,17,167,1,0,168,0,168,1,264,96,167,168,168,,1,4ccff901fffa406eb74b46325d943fa3b87fb8f692fe95648d9c84f647d32dbc,26/06/2023 00:00:27,ESCANER
8912,"Santa Rosa",6,"Santa Cruz Naranjo",12,1077,400,,,,,,,,,,,,,,,,,,,0,,,
8913,"Santa Rosa",6,"Santa Cruz Naranjo",12,1077,400,116,130,7,7,31,291,16,6,313,0,313,--,400,87,291,313,313,Algún campo sin dato,1,50c8252e113364259b381fde8ff5c5cef929c69961c375fc835f8d117cf31940,25/06/2023 23:48:40,ESCANER
8914,"Santa Rosa",6,"Santa Cruz Naranjo",12,1077,357,108,84,9,1,31,233,6,2,241,0,241,--,--,--,233,241,241,Algún campo sin dato,1,987d8a6662a2a1ced703662a3999c4941c1957a9fcc19c931122c121c36f1a92,25/06/2023 23:15:15,ESCANER
8915,"Santa Rosa",6,"Santa Cruz Naranjo",12,1077,357,,,,,,,,,,,,,,,,,,,0,,,
8916,"Santa Rosa",6,"Santa Cruz Naranjo",12,1078,380,152,79,5,2,16,254,19,7,280,0,280,--,380,100,254,280,280,Algún campo sin dato,1,8233255cdbe71b4893f441f74017c631d02323356263c644ca97e72c6152be95,25/06/2023 22:16:56,ESCANER
8917,"Santa Rosa",6,"Santa Cruz Naranjo",12,1078,380,,,,,,,,,,,,,,,,,,,0,,,
8918,"Santa Rosa",6,"Santa Cruz Naranjo",12,1078,380,,,,,,,,,,,,,,,,,,,0,,,
8919,"Santa Rosa",6,"Santa Cruz Naranjo",12,1078,380,143,100,7,1,23,274,19,5,298,0,298,--,380,82,274,298,298,Algún campo sin dato,1,6d07edc718903690d0e683344a1f5e9859f05b06fc68614db03bf27bc22b60bf,25/06/2023 23:47:06,ESCANER
8920,"Santa Rosa",6,"Santa Cruz Naranjo",12,1078,380,,,,,,,,,,,,,,,,,,,0,,,
8921,"Santa Rosa",6,"Santa Cruz Naranjo",12,1078,380,,,,,,,,,,,,,,,,,,,0,,,
8922,"Santa Rosa",6,"Santa Cruz Naranjo",12,1078,380,119,93,6,2,24,244,11,3,258,0,258,--,380,122,244,258,258,Algún campo sin dato,1,54d6d3fb092a76198ac0a4829db6111488d6206b0c384bb1d99383992aef1041,25/06/2023 23:57:27,ESCANER
8923,"Santa Rosa",6,"Santa Cruz Naranjo",12,1078,380,147,75,3,2,23,250,7,0,257,0,257,--,380,123,250,257,257,Algún campo sin dato,1,405106d3b668a0cbf02c06728dba23b7bf4f3a4543baed4e40757facb9500bb6,25/06/2023 22:41:44,ESCANER
8924,"Santa Rosa",6,"Santa Cruz Naranjo",12,1078,277,122,69,2,0,13,206,1,1,208,0,208,--,277,69,206,208,208,Algún campo sin dato,1,3eebce99f157b9c28a2f6e16a4039f647369145e0f4f90ac297314d550d77c1a,25/06/2023 22:50:17,ESCANER
8925,"Santa Rosa",6,"Santa Cruz Naranjo",12,1078,276,89,58,2,1,13,163,4,0,167,0,167,--,276,109,163,167,167,Algún campo sin dato,1,f2d8c5b45295a7b9632378b2becd1b3870d2c2274e1cf3335dcc38c2211bf5d8,25/06/2023 22:54:05,ESCANER
8926,"Santa Rosa",6,"Santa Cruz Naranjo",12,1079,380,,,,,,,,,,,,,,,,,,,0,,,
8927,"Santa Rosa",6,"Santa Cruz Naranjo",12,1079,380,175,59,12,6,24,276,12,3,291,0,291,--,380,89,276,291,291,Algún campo sin dato,1,ab66db473f17a1ed08674d5c1b57d869c3fef3574f0e330d28abde8b71e97a62,25/06/2023 23:26:58,ESCANER
8928,"Santa Rosa",6,"Santa Cruz Naranjo",12,1079,380,163,71,10,4,20,268,16,7,291,0,291,--,380,89,268,291,291,Algún campo sin dato,1,723ef420d903789a9798afbe56e803770445d1bb2475ceb863ecde2ed9fea1f6,26/06/2023 00:09:16,ESCANER
8929,"Santa Rosa",6,"Santa Cruz Naranjo",12,1079,380,165,54,12,3,25,259,8,2,269,0,269,--,380,111,259,269,269,Algún campo sin dato,1,4bcdd70722ade267b7c7ea95366cd0c6fdbd977c30eecfc1f410f068804df9da,26/06/2023 00:16:10,ESCANER
8930,"Santa Rosa",6,"Santa Cruz Naranjo",12,1079,380,,,,,,,,,,,,,,,,,,,0,,,
8931,"Santa Rosa",6,"Santa Cruz Naranjo",12,1079,241,99,40,3,2,12,156,4,0,160,0,160,--,241,81,156,160,160,Algún campo sin dato,1,b9bcea1d8d32f328abd555de44f3073fded81609af06edf0d11bcecfc88aeac0,25/06/2023 23:09:05,ESCANER
8932,"Santa Rosa",6,"Santa Cruz Naranjo",12,1079,240,107,33,4,0,10,154,0,1,155,0,155,--,240,85,154,155,155,Algún campo sin dato,1,69b16b332338b1990b4d21edadfab3ee39fbc9a138597110d0b146606b7c13ca,25/06/2023 23:06:04,ESCANER
8933,"Santa Rosa",6,"Santa Cruz Naranjo",12,1080,315,53,44,6,0,8,111,1,0,112,0,112,--,312,200,111,112,112,Algún campo sin dato,1,1b1b2a7e99de6799e00000893836ddaa6dd07862bff58e6c08fed17d11b9d5c4,25/06/2023 21:18:08,ESCANER
8934,"Santa Rosa",6,"Santa Cruz Naranjo",12,1080,315,42,25,1,4,8,80,3,0,83,0,83,--,315,232,80,83,83,Algún campo sin dato,1,feabf189a913155a47fdf1d5010fc92d421704d78174d2b4df298f89267a3483,25/06/2023 20:42:30,ESCANER