﻿TIPO_DE_ELECCIÓN:,CORPORACIÓN MUNICIPAL
26 junio 2023 00:28 (UTC -6)
ACTAS_ESPERADAS,ACTAS_CAPTURADAS,PORCENTAJE_ACTAS_CAPTURADAS,ACTAS_CONTABILIZADAS,PORCENTAJE_ACTAS_CONTABILIZADAS,ACTAS_NO_CONTABILIZADAS,LISTA_NOMINAL_ACTAS_CONTABILIZADAS,VOTOS_EMITIDOS_CONTABILIZADAS,PORCENTAJE_PARTICIPACIÓN_CIUDADANA
90,38,42.2222,38,42.2222,0,13863,7783,56.1422

MESA,DEPARTAMENTO,ID_DEPARTAMENTO,MUNICIPIO,ID_MUNICIPIO,CENTRO_DE_VOTACIÓN,PADRÓN,VAMOS,BIEN,CABAL,PPG,UNE,WINAQ,AZUL,PODEMOS,MLP,VICTORIA,P A N,CREO,ELEFANTE,VALOR,VÁLIDOS,NULOS,BLANCO,EMITIDOS,INVÁLIDOS,TOTAL,IMPUGNACIONES,PAPELETAS-RECIBIDAS,PAPELETAS-NO-USADAS,VALIDOS_CALCULADO,EMITIDOS_CALCULADO,TOTAL_CALCULADO,OBSERVACIONES,CONTABILIZADA,CÓDIGO_INTEGRIDAD,FECHA_HORA_PUBLICACIÓN,DIGITALIZACIÓN
2633,"Guatemala",1,"San Pedro Ayampuc",7,232,400,98,4,85,1,15,1,1,24,1,2,0,3,13,1,249,14,4,267,0,267,--,401,134,249,267,267,Algún campo sin dato,1,8dd66bd9081723513ec72e2b9e197c0a22cb3a521ad526e588ad42780beff24e,25/06/2023 23:40:04,ESCANER
2634,"Guatemala",1,"San Pedro Ayampuc",7,232,400,,,,,,,,,,,,,,,,,,,,,,,,,,,,0,,,
2635,"Guatemala",1,"San Pedro Ayampuc",7,232,400,,,,,,,,,,,,,,,,,,,,,,,,,,,,0,,,
2636,"Guatemala",1,"San Pedro Ayampuc",7,232,400,,,,,,,,,,,,,,,,,,,,,,,,,,,,0,,,
2637,"Guatemala",1,"San Pedro Ayampuc",7,232,400,110,4,105,2,10,1,--,11,1,--,1,7,9,--,261,20,1,282,--,282,--,400,118,261,282,282,Algún campo sin dato,1,415f80c8030be7cf4a546fc9e53c162eb9ce42efc7e3ff52dd7f263345d0bff9,26/06/2023 00:02:03,ESCANER
2638,"Guatemala",1,"San Pedro Ayampuc",7,232,400,,,,,,,,,,,,,,,,,,,,,,,,,,,,0,,,
2639,"Guatemala",1,"San Pedro Ayampuc",7,232,400,,,,,,,,,,,,,,,,,,,,,,,,,,,,0,,,
2640,"Guatemala",1,"San Pedro Ayampuc",7,232,400,,,,,,,,,,,,,,,,,,,,,,,,,,,,0,,,
2641,"Guatemala",1,"San Pedro Ayampuc",7,233,400,,,,,,,,,,,,,,,,,,,,,,,,,,,,0,,,
2642,"Guatemala",1,"San Pedro Ayampuc",7,233,400,,,,,,,,,,,,,,,,,,,,,,,,,,,,0,,,
2643,"Guatemala",1,"San Pedro Ayampuc",7,233,400,,,,,,,,,,,,,,,,,,,,,,,,,,,,0,,,
2644,"Guatemala",1,"San Pedro Ayampuc",7,233,400,84,1,92,2,8,1,2,15,2,1,1,5,10,1,225,17,1,243,0,243,--,400,157,225,243,243,Algún campo sin dato,1,860f045497dc1a8acef4cad27cb6cb1407c4f4ca1b9c8838c8ed582a3e8eaa74,26/06/2023 00:27:50,ESCANER
2645,"Guatemala",1,"San Pedro Ayampuc",7,233,400,,,,,,,,,,,,,,,,,,,,,,,,,,,,0,,,
2646,"Guatemala",1,"San Pedro Ayampuc",7,233,400,87,5,88,1,7,1,1,11,--,--,--,3,9,1,214,11,--,225,--,225,--,396,171,214,225,225,Algún campo sin dato,1,48bf371d75220ee57ea6b97f8fa1be109a1c6f81bdcb1e58f5c7acb4da8f2b0f,25/06/2023 22:58:21,ESCANER
2647,"Guatemala",1,"San Pedro Ayampuc",7,234,400,,,,,,,,,,,,,,,,,,,,,,,,,,,,0,,,
2648,"Guatemala",1,"San Pedro Ayampuc",7,234,400,,,,,,,,,,,,,,,,,,,,,,,,,,,,0,,,
2649,"Guatemala",1,"San Pedro Ayampuc",7,234,400,,,,,,,,,,,,,,,,,,,,,,,,,,,,0,,,
2650,"Guatemala",1,"San Pedro Ayampuc",7,234,400,,,,,,,,,,,,,,,,,,,,,,,,,,,,0,,,
2651,"Guatemala",1,"San Pedro Ayampuc",7,234,264,,,,,,,,,,,,,,,,,,,,,,,,,,,,0,,,
2652,"Guatemala",1,"San Pedro Ayampuc",7,234,263,,,,,,,,,,,,,,,,,,,,,,,,,,,,0,,,
2653,"Guatemala",1,"San Pedro Ayampuc",7,235,380,,,,,,,,,,,,,,,,,,,,,,,,,,,,0,,,
2654,"Guatemala",1,"San Pedro Ayampuc",7,235,380,,,,,,,,,,,,,,,,,,,,,,,,,,,,0,,,
2655,"Guatemala",1,"San Pedro Ayampuc",7,235,253,8,2,16,0,12,1,0,19,4,0,0,0,1,0,63,11,2,76,0,76,--,253,177,63,76,76,Algún campo sin dato,1,59400c1a122dd55d0599de75de173bc6e0d40d3c8017ca327ea5a2626f18f016,25/06/2023 22:12:57,ESCANER
2656,"Guatemala",1,"San Pedro Ayampuc",7,235,252,10,4,21,--,9,--,--,25,7,--,1,1,3,2,83,7,2,92,--,92,--,252,160,83,92,92,Algún campo sin dato,1,32b519723e2691f684c8fed330f0b76cce7f1977cea3ff37bad3a7822d6cba05,25/06/2023 22:45:51,ESCANER
2657,"Guatemala",1,"San Pedro Ayampuc",7,236,380,48,17,41,10,33,18,5,8,8,3,5,17,1,0,214,12,1,227,0,227,--,380,153,214,227,227,Algún campo sin dato,1,23f4d412a2f276e37c7f1e3168c3c13b7843be9a96b64c289aca9c1d6d8ba0d0,25/06/2023 23:53:29,ESCANER
2658,"Guatemala",1,"San Pedro Ayampuc",7,236,380,,,,,,,,,,,,,,,,,,,,,,,,,,,,0,,,
2659,"Guatemala",1,"San Pedro Ayampuc",7,236,380,,,,,,,,,,,,,,,,,,,,,,,,,,,,0,,,
2660,"Guatemala",1,"San Pedro Ayampuc",7,236,380,49,12,55,5,23,6,5,11,6,4,4,8,7,3,198,22,2,222,0,222,--,396,174,198,222,222,Algún campo sin dato,1,74ba0d8170724486198cb12b4dedd908e06c4cdd188b0c19239eda17b1095d87,26/06/2023 00:18:11,ESCANER
2661,"Guatemala",1,"San Pedro Ayampuc",7,236,380,,,,,,,,,,,,,,,,,,,,,,,,,,,,0,,,
2662,"Guatemala",1,"San Pedro Ayampuc",7,236,380,50,9,60,2,26,14,8,14,8,1,4,12,9,0,217,16,1,234,0,234,--,380,146,217,234,234,Algún campo sin dato,1,947d774309fe853fece3a5eb5b99d031f25fffb34aab79687f320e56988cad32,25/06/2023 23:13:14,ESCANER
2663,"Guatemala",1,"San Pedro Ayampuc",7,236,380,,,,,,,,,,,,,,,,,,,,,,,,,,,,0,,,
2664,"Guatemala",1,"San Pedro Ayampuc",7,236,380,59,16,48,4,21,17,5,12,6,7,1,12,5,2,215,18,2,235,0,235,--,380,145,215,235,235,Algún campo sin dato,1,359b7676f4b2e4d27619b4defcf8ed226250689e6c0ad19f32dc99503e19ef71,25/06/2023 22:45:18,ESCANER
2665,"Guatemala",1,"San Pedro Ayampuc",7,236,380,,,,,,,,,,,,,,,,,,,,,,,,,,,,0,,,
2666,"Guatemala",1,"San Pedro Ayampuc",7,236,380,,,,,,,,,,,,,,,,,,,,,,,,,,,,0,,,
2667,"Guatemala",1,"San Pedro Ayampuc",7,236,380,57,15,63,4,23,20,4,14,7,6,0,10,5,2,230,18,0,248,0,248,--,381,133,230,248,248,Algún campo sin dato,1,cf79bb794cb40b076cbf586c7af1f5123247f2baead3de5a204686857d62cc42,25/06/2023 23:13:54,ESCANER
2668,"Guatemala",1,"San Pedro Ayampuc",7,236,380,45,17,49,7,24,12,8,15,8,3,3,16,10,1,218,15,4,237,0,237,--,380,143,218,237,237,Algún campo sin dato,1,e32f97b3c1e9dd3e522206142809a8cc29138b2d8791721f02f4b1e440f19c18,26/06/2023 00:13:42,ESCANER
2669,"Guatemala",1,"San Pedro Ayampuc",7,236,380,49,11,46,8,22,12,2,11,9,2,2,21,3,3,201,21,5,227,0,227,--,377,150,201,227,227,Algún campo sin dato,1,a4ffed85a1d4b30f7a9e8ad5c0dba4c5342a6096d390b6083c3b203016cc359b,25/06/2023 23:04:21,ESCANER
2670,"Guatemala",1,"San Pedro Ayampuc",7,236,380,50,10,59,4,18,8,4,17,6,7,1,17,4,3,208,13,2,223,0,223,--,380,157,208,223,223,Algún campo sin dato,1,e9c811e211829e23457fdd477a9bfbe4d493e42a73ec7398507fcceb626fe94e,25/06/2023 23:55:50,ESCANER
2671,"Guatemala",1,"San Pedro Ayampuc",7,237,380,51,11,45,2,21,16,8,13,7,4,3,13,5,2,201,15,5,221,0,221,--,380,159,201,221,221,Algún campo sin dato,1,91e43d3e69b0bf98f87101bf093107ea60e54cab73b1423a491c4765b186ca12,25/06/2023 23:57:05,ESCANER
2672,"Guatemala",1,"San Pedro Ayampuc",7,237,380,52,11,45,6,23,19,7,13,4,2,2,15,5,3,207,17,--,224,--,224,--,380,156,207,224,224,Algún campo sin dato,1,d35b9ce44cd3780c4f82a6debafde5ed95a021aa3f2fd484c024054319545a7f,25/06/2023 22:59:14,ESCANER
2673,"Guatemala",1,"San Pedro Ayampuc",7,237,380,47,13,54,7,21,13,3,11,10,2,2,16,2,1,202,14,0,216,0,216,--,380,164,202,216,216,Algún campo sin dato,1,bba16437b6d1fd273911adcfd225004f5eb64ee132484995643df534640b7a2d,25/06/2023 22:22:15,ESCANER
2674,"Guatemala",1,"San Pedro Ayampuc",7,237,380,35,8,51,7,20,12,2,19,9,2,1,18,5,1,190,11,2,203,0,203,--,380,177,190,203,203,Algún campo sin dato,1,c162658cb11557160d801a0306dd465f84f057cc542cdd064bdbe26afd74f8e1,25/06/2023 23:40:27,ESCANER
2675,"Guatemala",1,"San Pedro Ayampuc",7,237,380,53,12,47,6,34,12,6,7,3,5,0,7,4,2,198,16,3,217,0,217,--,380,163,198,217,217,Algún campo sin dato,1,4200a1bf69f319da34b5b3e2a33dafb97138f4c5d67d6a3aa918836764b20f66,26/06/2023 00:18:54,ESCANER
2676,"Guatemala",1,"San Pedro Ayampuc",7,237,380,,,,,,,,,,,,,,,,,,,,,,,,,,,,0,,,
2677,"Guatemala",1,"San Pedro Ayampuc",7,237,380,39,7,65,4,21,15,4,10,4,4,2,7,4,4,190,20,5,215,0,215,--,380,165,190,215,215,Algún campo sin dato,1,ecf4c870873146cfd0f2122e52f2037a0c065e62b3a3b9e73872a528171de51c,25/06/2023 22:21:07,ESCANER
2678,"Guatemala",1,"San Pedro Ayampuc",7,237,380,,,,,,,,,,,,,,,,,,,,,,,,,,,,0,,,
2679,"Guatemala",1,"San Pedro Ayampuc",7,238,380,,,,,,,,,,,,,,,,,,,,,,,,,,,,0,,,
2680,"Guatemala",1,"San Pedro Ayampuc",7,238,380,49,15,56,6,23,10,5,13,7,4,0,13,3,2,206,7,0,213,0,213,--,380,167,206,213,213,Algún campo sin dato,1,c94c2649c10f3c7a1bd99a6441acae4889c8b340e01786846ac844aeb170ed40,25/06/2023 23:51:39,ESCANER
2681,"Guatemala",1,"San Pedro Ayampuc",7,238,380,30,19,53,8,11,9,6,18,8,2,4,18,7,1,194,13,2,209,--,209,--,380,171,194,209,209,Algún campo sin dato,1,c41580b882bd932a4a7cdff228cfa0b8903206d62d3c75db6705f659e3c0ac96,25/06/2023 22:55:55,ESCANER
2682,"Guatemala",1,"San Pedro Ayampuc",7,238,380,35,9,55,4,24,8,7,14,3,3,1,13,4,2,182,18,3,203,0,203,--,380,174,182,203,203,Algún campo sin dato,1,6d4abdf0a84dc86a3a3412bafaa182fb21395af90a1deedd120033acb3142af0,25/06/2023 23:15:31,ESCANER
2683,"Guatemala",1,"San Pedro Ayampuc",7,238,380,,,,,,,,,,,,,,,,,,,,,,,,,,,,0,,,
2684,"Guatemala",1,"San Pedro Ayampuc",7,239,380,45,11,47,4,24,13,11,11,4,5,--,13,5,--,193,20,1,214,--,214,--,380,166,193,214,214,Algún campo sin dato,1,e57e6808dead5c2a29a32727c8b288c321a411c3d9971910c4d9c9a047e67e09,26/06/2023 00:03:21,ESCANER
2685,"Guatemala",1,"San Pedro Ayampuc",7,239,380,,,,,,,,,,,,,,,,,,,,,,,,,,,,0,,,
2686,"Guatemala",1,"San Pedro Ayampuc",7,239,380,48,6,72,6,25,7,7,14,7,2,1,9,6,1,211,20,2,233,--,233,--,380,147,211,233,233,Algún campo sin dato,1,b9546486218a4fc1a83a627acb48371340d2eb46003f3f921c7f4f371f2458a5,25/06/2023 22:44:48,ESCANER
2687,"Guatemala",1,"San Pedro Ayampuc",7,239,380,,,,,,,,,,,,,,,,,,,,,,,,,,,,0,,,
2688,"Guatemala",1,"San Pedro Ayampuc",7,239,380,,,,,,,,,,,,,,,,,,,,,,,,,,,,0,,,
2689,"Guatemala",1,"San Pedro Ayampuc",7,239,380,,,,,,,,,,,,,,,,,,,,,,,,,,,,0,,,
2690,"Guatemala",1,"San Pedro Ayampuc",7,239,380,42,16,49,7,23,8,5,13,7,4,2,17,3,5,201,14,2,217,--,217,--,380,163,201,217,217,Algún campo sin dato,1,889b58e86090634857382752e37a80a9d1f4312046550730b21ec5d51435c860,25/06/2023 21:50:05,ESCANER
2691,"Guatemala",1,"San Pedro Ayampuc",7,239,380,,,,,,,,,,,,,,,,,,,,,,,,,,,,0,,,
2692,"Guatemala",1,"San Pedro Ayampuc",7,239,380,44,12,59,7,24,13,2,13,3,2,1,17,2,--,199,18,2,219,--,219,--,380,161,199,219,219,Algún campo sin dato,1,7ff6ae00d8a6276eb8b28cb5eb8fbda6aca5f0abc3d60986d91c0e6a00f8ad14,25/06/2023 22:31:12,ESCANER
2693,"Guatemala",1,"San Pedro Ayampuc",7,239,380,43,11,50,2,23,13,3,10,1,8,1,13,5,1,184,14,2,200,--,200,--,380,180,184,200,200,Algún campo sin dato,1,1b488e549a2bceb716cae17b0c432bc9ae0023d58af5fc9840801e0314127611,25/06/2023 23:55:32,ESCANER
2694,"Guatemala",1,"San Pedro Ayampuc",7,239,380,,,,,,,,,,,,,,,,,,,,,,,,,,,,0,,,
2695,"Guatemala",1,"San Pedro Ayampuc",7,239,380,,,,,,,,,,,,,,,,,,,,,,,,,,,,0,,,
2696,"Guatemala",1,"San Pedro Ayampuc",7,239,380,,,,,,,,,,,,,,,,,,,,,,,,,,,,0,,,
2697,"Guatemala",1,"San Pedro Ayampuc",7,239,380,50,11,62,6,8,7,2,9,7,4,6,14,9,2,197,9,--,206,--,206,--,380,174,197,206,206,Algún campo sin dato,1,f957b9ea886d49354e3d87eafe199f6d416cd639bc4ea16221e046c9d30f0867,25/06/2023 23:22:31,ESCANER
2698,"Guatemala",1,"San Pedro Ayampuc",7,240,380,,,,,,,,,,,,,,,,,,,,,,,,,,,,0,,,
2699,"Guatemala",1,"San Pedro Ayampuc",7,240,380,,,,,,,,,,,,,,,,,,,,,,,,,,,,0,,,
2700,"Guatemala",1,"San Pedro Ayampuc",7,240,380,35,17,52,7,13,12,6,11,6,3,1,13,7,2,185,5,--,190,1,191,--,380,189,185,190,191,Algún campo sin dato,1,8914aac17cd4a38dd30c4534078585fb44ceb6e7ff6911ad2d1fc74413648112,25/06/2023 22:57:27,ESCANER
2701,"Guatemala",1,"San Pedro Ayampuc",7,240,380,,,,,,,,,,,,,,,,,,,,,,,,,,,,0,,,
2702,"Guatemala",1,"San Pedro Ayampuc",7,240,380,,,,,,,,,,,,,,,,,,,,,,,,,,,,0,,,
2703,"Guatemala",1,"San Pedro Ayampuc",7,240,380,,,,,,,,,,,,,,,,,,,,,,,,,,,,0,,,
2704,"Guatemala",1,"San Pedro Ayampuc",7,240,380,,,,,,,,,,,,,,,,,,,,,,,,,,,,0,,,
2705,"Guatemala",1,"San Pedro Ayampuc",7,240,380,,,,,,,,,,,,,,,,,,,,,,,,,,,,0,,,
2706,"Guatemala",1,"San Pedro Ayampuc",7,240,292,20,9,48,9,9,--,4,5,5,2,2,5,5,--,123,9,--,132,--,132,--,289,157,123,132,132,Algún campo sin dato,1,520144eb2fde09a63a6748cb1cccfffcbbdbef06a527f9bb7925df114abf43e8,25/06/2023 22:18:44,ESCANER
2707,"Guatemala",1,"San Pedro Ayampuc",7,240,292,,,,,,,,,,,,,,,,,,,,,,,,,,,,0,,,
2708,"Guatemala",1,"San Pedro Ayampuc",7,241,380,,,,,,,,,,,,,,,,,,,,,,,,,,,,0,,,
2709,"Guatemala",1,"San Pedro Ayampuc",7,241,380,43,21,29,3,11,1,2,70,0,1,0,8,1,3,193,21,9,223,0,223,--,380,157,193,223,223,Algún campo sin dato,1,08ae3d1ef086d298d90339132b228a2a5abafd96a86c6a60c0dfb91f9071473a,26/06/2023 00:16:29,ESCANER
2710,"Guatemala",1,"San Pedro Ayampuc",7,241,380,,,,,,,,,,,,,,,,,,,,,,,,,,,,0,,,
2711,"Guatemala",1,"San Pedro Ayampuc",7,242,380,,,,,,,,,,,,,,,,,,,,,,,,,,,,0,,,
2712,"Guatemala",1,"San Pedro Ayampuc",7,242,380,,,,,,,,,,,,,,,,,,,,,,,,,,,,0,,,
2713,"Guatemala",1,"San Pedro Ayampuc",7,242,380,,,,,,,,,,,,,,,,,,,,,,,,,,,,0,,,
2714,"Guatemala",1,"San Pedro Ayampuc",7,242,380,,,,,,,,,,,,,,,,,,,,,,,,,,,,0,,,
2715,"Guatemala",1,"San Pedro Ayampuc",7,243,380,43,16,31,0,9,2,6,55,1,1,0,14,0,4,182,20,4,206,0,206,--,380,174,182,206,206,Algún campo sin dato,1,778b1f4a548c94061eaa6d4ee9d26218aa1f7db7c5de181690f20e3f7a880568,25/06/2023 22:55:17,ESCANER
2716,"Guatemala",1,"San Pedro Ayampuc",7,243,380,44,19,23,0,6,2,1,57,3,1,0,13,1,4,174,26,4,204,0,204,--,380,176,174,204,204,Algún campo sin dato,1,8725369a32f8275c9b808043d12d3bf42d02fd8026e2714675d6754b9fc6e50e,25/06/2023 23:51:18,ESCANER
2717,"Guatemala",1,"San Pedro Ayampuc",7,243,380,43,11,32,1,5,0,0,56,0,0,1,4,2,1,156,11,4,171,0,171,--,380,209,156,171,171,Algún campo sin dato,1,3e554fa3d0ff52a70ca2dca860fb86bd7a4ceb6034805545c98572feac99ca8b,26/06/2023 00:27:02,ESCANER
2718,"Guatemala",1,"San Pedro Ayampuc",7,243,380,49,13,25,0,3,1,0,80,0,1,0,6,5,4,187,5,0,192,2,194,--,367,173,187,192,194,Algún campo sin dato,1,f39f16c5d92152032d6f82b076a9a15cfecc6b8a4d30670e23fb1bddd52ea041,25/06/2023 22:58:36,ESCANER
2719,"Guatemala",1,"San Pedro Ayampuc",7,243,223,21,11,23,0,4,0,0,50,0,0,0,3,0,1,113,5,0,118,0,118,--,223,105,113,118,118,Algún campo sin dato,1,05307f51a2cfc4ef7cf2d61f393ce4c83b7c94a39833a50424fb132d80470bd3,25/06/2023 21:57:48,ESCANER
2720,"Guatemala",1,"San Pedro Ayampuc",7,243,223,26,13,10,0,6,0,1,28,0,2,0,10,1,1,98,0,1,99,6,105,--,223,115,98,99,105,Algún campo sin dato,1,3a95a08c834c56394314c88d0e1870b6a2bfe79bd8037aca3890f803d2e3fe88,25/06/2023 23:01:29,ESCANER
2721,"Guatemala",1,"San Pedro Ayampuc",7,244,560,,,,,,,,,,,,,,,,,,,,,,,,,,,,0,,,
2722,"Guatemala",1,"San Pedro Ayampuc",7,244,560,,,,,,,,,,,,,,,,,,,,,,,,,,,,0,,,