﻿TIPO_DE_ELECCIÓN:,CORPORACIÓN MUNICIPAL
26 junio 2023 00:28 (UTC -6)
ACTAS_ESPERADAS,ACTAS_CAPTURADAS,PORCENTAJE_ACTAS_CAPTURADAS,ACTAS_CONTABILIZADAS,PORCENTAJE_ACTAS_CONTABILIZADAS,ACTAS_NO_CONTABILIZADAS,LISTA_NOMINAL_ACTAS_CONTABILIZADAS,VOTOS_EMITIDOS_CONTABILIZADAS,PORCENTAJE_PARTICIPACIÓN_CIUDADANA
49,25,51.0204,25,51.0204,0,8795,4207,47.8339

MESA,DEPARTAMENTO,ID_DEPARTAMENTO,MUNICIPIO,ID_MUNICIPIO,CENTRO_DE_VOTACIÓN,PADRÓN,AZUL,MLP,TODOS,PHG,UNE,PPG,CABAL,UNIONISTA,VAMOS,VICTORIA,CCS,VALOR,BIEN,ELEFANTE,PODER,PPN,VÁLIDOS,NULOS,BLANCO,EMITIDOS,INVÁLIDOS,TOTAL,IMPUGNACIONES,PAPELETAS-RECIBIDAS,PAPELETAS-NO-USADAS,VALIDOS_CALCULADO,EMITIDOS_CALCULADO,TOTAL_CALCULADO,OBSERVACIONES,CONTABILIZADA,CÓDIGO_INTEGRIDAD,FECHA_HORA_PUBLICACIÓN,DIGITALIZACIÓN
13915,"San Marcos",12,"Nuevo Progreso",12,1954,400,,,,,,,,,,,,,,,,,,,,,,,,,,,,,,0,,,
13916,"San Marcos",12,"Nuevo Progreso",12,1954,400,,,,,,,,,,,,,,,,,,,,,,,,,,,,,,0,,,
13917,"San Marcos",12,"Nuevo Progreso",12,1954,400,,,,,,,,,,,,,,,,,,,,,,,,,,,,,,0,,,
13918,"San Marcos",12,"Nuevo Progreso",12,1954,400,,,,,,,,,,,,,,,,,,,,,,,,,,,,,,0,,,
13919,"San Marcos",12,"Nuevo Progreso",12,1954,400,,,,,,,,,,,,,,,,,,,,,,,,,,,,,,0,,,
13920,"San Marcos",12,"Nuevo Progreso",12,1954,400,,,,,,,,,,,,,,,,,,,,,,,,,,,,,,0,,,
13921,"San Marcos",12,"Nuevo Progreso",12,1954,400,,,,,,,,,,,,,,,,,,,,,,,,,,,,,,0,,,
13922,"San Marcos",12,"Nuevo Progreso",12,1954,400,,,,,,,,,,,,,,,,,,,,,,,,,,,,,,0,,,
13923,"San Marcos",12,"Nuevo Progreso",12,1954,400,3,11,13,46,26,1,31,1,25,15,8,2,2,6,6,0,196,10,4,210,0,210,0,400,190,196,210,210,,1,beb4ce38090965718b3ea807df383be7c16cd968a48b6af62a4bd575b880208d,25/06/2023 23:37:47,ESCANER
13924,"San Marcos",12,"Nuevo Progreso",12,1954,400,2,9,18,39,16,3,23,1,30,21,17,1,2,6,4,0,192,10,1,203,0,203,0,400,197,192,203,203,,1,af780a0add4624aee8200e9a56af67c8f369ea3d8ad1239d7ae701a4beabc14c,26/06/2023 00:06:37,ESCANER
13925,"San Marcos",12,"Nuevo Progreso",12,1954,400,,,,,,,,,,,,,,,,,,,,,,,,,,,,,,0,,,
13926,"San Marcos",12,"Nuevo Progreso",12,1954,400,,,,,,,,,,,,,,,,,,,,,,,,,,,,,,0,,,
13927,"San Marcos",12,"Nuevo Progreso",12,1954,400,,,,,,,,,,,,,,,,,,,,,,,,,,,,,,0,,,
13928,"San Marcos",12,"Nuevo Progreso",12,1954,400,4,11,8,48,36,3,26,0,29,12,19,4,1,3,9,0,213,13,6,232,0,232,0,400,168,213,232,232,,1,c383375b46805eabd91d62e403ef6639e0647c6d2dca0833ae6204e81e3bd17b,25/06/2023 23:59:31,ESCANER
13929,"San Marcos",12,"Nuevo Progreso",12,1954,400,1,14,8,30,28,3,25,1,25,14,15,3,3,5,16,0,191,14,10,215,0,215,0,400,185,191,215,215,,1,d2e21f14e7b38b64f95f073fe86691a068f686b8ed30fff2d49d8a2c2b05401c,25/06/2023 23:29:05,ESCANER
13930,"San Marcos",12,"Nuevo Progreso",12,1954,400,,,,,,,,,,,,,,,,,,,,,,,,,,,,,,0,,,
13931,"San Marcos",12,"Nuevo Progreso",12,1955,400,3,4,14,51,20,1,31,2,40,10,6,3,0,4,8,0,197,2,2,201,149,350,0,350,149,197,201,350,,1,2e01a3c387cda4dbb55aedb18edf9f2a730e9dcb38fd657b9a68c2f458b6abe3,25/06/2023 23:50:33,ESCANER
13932,"San Marcos",12,"Nuevo Progreso",12,1955,400,,,,,,,,,,,,,,,,,,,,,,,,,,,,,,0,,,
13933,"San Marcos",12,"Nuevo Progreso",12,1955,400,1,14,7,37,27,2,22,0,25,12,12,0,1,3,7,0,170,3,3,176,0,176,0,400,224,170,176,176,,1,3fa2901972d5ba833a5fee3e1bc109deace030e60e6b3f08c4133d484a357af6,26/06/2023 00:12:48,ESCANER
13934,"San Marcos",12,"Nuevo Progreso",12,1955,256,1,0,8,22,17,1,23,0,12,9,5,0,0,5,5,0,108,5,0,113,0,113,0,256,143,108,113,113,,1,3b61973f2ed1643cccee6072447c788444b6cb549c1ff0f1e8f5706057f7fef5,25/06/2023 23:08:08,ESCANER
13935,"San Marcos",12,"Nuevo Progreso",12,1955,255,0,7,9,28,14,1,7,2,10,7,11,0,0,2,3,0,101,5,0,106,1,107,0,255,148,101,106,107,,1,c7c385359046987275c2fd83f2600da6a7b75abc4db639d7b848b1078297d284,25/06/2023 23:36:55,ESCANER
13936,"San Marcos",12,"Nuevo Progreso",12,1956,380,,,,,,,,,,,,,,,,,,,,,,,,,,,,,,0,,,
13937,"San Marcos",12,"Nuevo Progreso",12,1956,380,0,6,11,13,38,9,26,0,102,2,9,6,1,0,1,1,225,11,2,238,0,238,0,380,142,225,238,238,,1,9624dbd756254bdf43454e12871b6c8f05bfa9077771d769a3b56db55b757dde,25/06/2023 23:35:39,ESCANER
13938,"San Marcos",12,"Nuevo Progreso",12,1956,355,,,,,,,,,,,,,,,,,,,,,,,,,,,,,,0,,,
13939,"San Marcos",12,"Nuevo Progreso",12,1956,354,,,,,,,,,,,,,,,,,,,,,,,,,,,,,,0,,,
13940,"San Marcos",12,"Nuevo Progreso",12,1957,380,,,,,,,,,,,,,,,,,,,,,,,,,,,,,,0,,,
13941,"San Marcos",12,"Nuevo Progreso",12,1957,380,2,15,20,30,42,7,13,2,44,1,48,1,1,4,2,0,232,14,8,254,0,254,0,381,127,232,254,254,,1,de0c8215aeb4d29e1b625993a655c0124a130b8ac101bbd5217306a4740e537c,25/06/2023 23:38:05,ESCANER
13942,"San Marcos",12,"Nuevo Progreso",12,1957,380,0,5,21,24,44,12,15,0,42,2,48,1,0,0,4,0,218,21,7,246,0,246,0,380,134,218,246,246,,1,828892fb027b0f1e079baebb474752af066fbe99e7a7c205e692a4b5999efc5f,25/06/2023 23:31:55,ESCANER
13943,"San Marcos",12,"Nuevo Progreso",12,1957,380,3,6,16,31,27,12,12,1,29,4,34,5,0,0,9,0,189,10,6,205,0,205,0,380,175,189,205,205,,1,eb848345c7c3f47d77368bef3df313c26c05ed3025871f6f4f0f8d043a933ccb,25/06/2023 23:49:17,ESCANER
13944,"San Marcos",12,"Nuevo Progreso",12,1957,380,,,,,,,,,,,,,,,,,,,,,,,,,,,,,,0,,,
13945,"San Marcos",12,"Nuevo Progreso",12,1957,380,,,,,,,,,,,,,,,,,,,,,,,,,,,,,,0,,,
13946,"San Marcos",12,"Nuevo Progreso",12,1957,380,,,,,,,,,,,,,,,,,,,,,,,,,,,,,,0,,,
13947,"San Marcos",12,"Nuevo Progreso",12,1957,223,0,1,7,31,10,11,12,0,14,0,20,0,0,0,7,0,113,2,0,115,0,115,0,223,108,113,115,115,,1,8e0daa71b65c3f422b886e3812239e6b68e0ee10dfdac2be11534b51e00d8206,26/06/2023 00:19:43,ESCANER
13948,"San Marcos",12,"Nuevo Progreso",12,1957,222,1,0,9,10,18,8,7,0,14,1,11,1,0,1,0,0,81,3,0,84,0,84,0,222,138,81,84,84,,1,6878a850a069322999d30372e6e7bb27f8bdd683f0b691a83095acf08a21f20c,26/06/2023 00:09:03,ESCANER
13949,"San Marcos",12,"Nuevo Progreso",12,1958,380,,,,,,,,,,,,,,,,,,,,,,,,,,,,,,0,,,
13950,"San Marcos",12,"Nuevo Progreso",12,1958,380,,,,,,,,,,,,,,,,,,,,,,,,,,,,,,0,,,
13951,"San Marcos",12,"Nuevo Progreso",12,1958,380,2,1,7,3,92,2,3,2,62,8,12,0,0,0,0,1,195,16,2,213,0,213,0,381,168,195,213,213,,1,571473037464d1b681d3e7d62cc3721bdb37c14d14e4c5ad2047888ae1bde943,26/06/2023 00:20:50,ESCANER
13952,"San Marcos",12,"Nuevo Progreso",12,1958,380,,,,,,,,,,,,,,,,,,,,,,,,,,,,,,0,,,
13953,"San Marcos",12,"Nuevo Progreso",12,1958,284,2,1,1,6,68,1,4,0,43,3,2,0,0,0,0,0,131,7,5,143,0,143,0,284,141,131,143,143,,1,e45e38c517ea094ed8f9bdc9eea07254ecdb1a98c29308bffe80b147a9338ee9,25/06/2023 22:53:58,ESCANER
13954,"San Marcos",12,"Nuevo Progreso",12,1958,283,2,1,4,4,60,2,2,1,55,5,3,0,0,1,0,0,140,0,3,143,0,143,0,280,137,140,143,143,,1,df1ce5699649f409dd5340f635e8cba35ed9a53610aaaa1ef9b1c7e0fb418d8d,25/06/2023 23:36:56,ESCANER
13955,"San Marcos",12,"Nuevo Progreso",12,1959,380,,,,,,,,,,,,,,,,,,,,,,,,,,,,,,0,,,
13956,"San Marcos",12,"Nuevo Progreso",12,1959,380,3,20,49,13,24,2,16,26,24,6,17,2,1,3,2,1,209,15,9,233,0,233,0,380,147,209,233,233,,1,e7e86495448bf8d316b257d612c50b6d1b16f8793476f39c54dc6475651e6542,25/06/2023 23:24:40,ESCANER
13957,"San Marcos",12,"Nuevo Progreso",12,1959,308,2,9,37,6,17,0,13,16,18,10,18,1,1,0,1,0,149,12,10,171,0,171,--,305,134,149,171,171,Algún campo sin dato,1,a069c2bd9e06c1a13e6dd5fd4e187b9469057ea6f035914a67307a0f4ff2633e,26/06/2023 00:27:29,ESCANER
13958,"San Marcos",12,"Nuevo Progreso",12,1959,307,2,11,34,19,14,2,17,9,23,5,5,9,1,2,2,0,155,6,2,163,0,163,--,304,141,155,163,163,Algún campo sin dato,1,eddab8c8866948d3ef322d352a61ca349b95a6440d475b29779d7cd6fb874d10,25/06/2023 22:35:12,ESCANER
13959,"San Marcos",12,"Nuevo Progreso",12,1960,326,3,3,11,13,18,2,8,3,21,14,20,0,2,1,2,1,122,16,9,147,0,147,0,326,179,122,147,147,,1,6649a61cf4999371fc75ccbde94c9ffc66937db58dad7ce3710da640f0befd0c,25/06/2023 22:40:32,ESCANER
13960,"San Marcos",12,"Nuevo Progreso",12,1960,325,2,8,9,3,13,2,18,1,18,24,26,0,1,2,0,0,127,12,2,141,0,141,0,325,184,127,141,141,,1,e729592080485acf404ba35e56f9a76f04ee589b9b64d949f1122eebad6caf9b,25/06/2023 23:01:10,ESCANER
13961,"San Marcos",12,"Nuevo Progreso",12,1961,600,6,4,5,26,13,4,9,3,24,5,13,1,2,8,3,0,126,12,9,147,0,147,0,600,453,126,147,147,,1,bd3d18698d451b5938dfd181d25c2d7bbacae0ca3d39439a1db0d0ea9053e5a8,25/06/2023 21:42:14,ESCANER
13962,"San Marcos",12,"Nuevo Progreso",12,1961,363,1,1,3,11,4,2,6,0,14,4,9,2,0,2,3,0,62,5,2,69,0,69,0,363,294,62,69,69,,1,0af3d52a0670d64a4571e2984f1a1a47ea72a112215c181fed32d00470d48e61,25/06/2023 23:36:59,ESCANER
13963,"San Marcos",12,"Nuevo Progreso",12,1961,363,1,1,2,8,2,1,4,0,6,0,5,0,0,1,1,0,32,3,4,39,0,39,0,363,324,32,39,39,,1,c77811c10a94620e3842884d06247c49b8badb7706cdd5ae1dd9412cff06e4da,25/06/2023 20:39:39,ESCANER