﻿TIPO_DE_ELECCIÓN:,CORPORACIÓN MUNICIPAL
26 junio 2023 00:28 (UTC -6)
ACTAS_ESPERADAS,ACTAS_CAPTURADAS,PORCENTAJE_ACTAS_CAPTURADAS,ACTAS_CONTABILIZADAS,PORCENTAJE_ACTAS_CONTABILIZADAS,ACTAS_NO_CONTABILIZADAS,LISTA_NOMINAL_ACTAS_CONTABILIZADAS,VOTOS_EMITIDOS_CONTABILIZADAS,PORCENTAJE_PARTICIPACIÓN_CIUDADANA
181,71,39.2265,71,39.2265,0,25695,12711,49.4687

MESA,DEPARTAMENTO,ID_DEPARTAMENTO,MUNICIPIO,ID_MUNICIPIO,CENTRO_DE_VOTACIÓN,PADRÓN,CABAL,VAMOS,VALOR,TODOS,AZUL,UNE,MLP,VICTORIA,PPN,VIVA,UR,CAMBIO,PODEMOS,VOS,SEMILLA,BIEN,PPG,ELEFANTE,VÁLIDOS,NULOS,BLANCO,EMITIDOS,INVÁLIDOS,TOTAL,IMPUGNACIONES,PAPELETAS-RECIBIDAS,PAPELETAS-NO-USADAS,VALIDOS_CALCULADO,EMITIDOS_CALCULADO,TOTAL_CALCULADO,OBSERVACIONES,CONTABILIZADA,CÓDIGO_INTEGRIDAD,FECHA_HORA_PUBLICACIÓN,DIGITALIZACIÓN
21216,"Izabal",18,"Puerto Barrios",1,3304,400,4,35,21,5,1,6,0,0,0,2,1,0,3,2,2,1,0,0,83,7,4,94,0,94,--,403,309,83,94,94,Algún campo sin dato,1,7a314adf0f17b84a81b16888c165cffde36aee3f9d971ef51d2ee6a2626e8be0,26/06/2023 00:04:46,ESCANER
21217,"Izabal",18,"Puerto Barrios",1,3304,400,5,26,17,7,1,--,--,2,4,1,--,--,2,--,2,--,1,--,68,9,2,79,--,79,--,400,321,68,79,79,Algún campo sin dato,1,4ac77295ed39e4f57529cbfa7b7794b21d6eceee3cb3f087929ef40c062be175,25/06/2023 22:29:41,ESCANER
21218,"Izabal",18,"Puerto Barrios",1,3304,400,,,,,,,,,,,,,,,,,,,,,,,,,,,,,,,,0,,,
21219,"Izabal",18,"Puerto Barrios",1,3304,400,9,45,15,13,1,4,2,5,3,2,1,0,3,2,2,1,0,3,111,13,0,124,0,124,0,396,272,111,124,124,,1,00df29520f43d205f45e5e0026f322faca5d5ec94780377674b8f5d267964f89,26/06/2023 00:25:13,ESCANER
21220,"Izabal",18,"Puerto Barrios",1,3304,400,,,,,,,,,,,,,,,,,,,,,,,,,,,,,,,,0,,,
21221,"Izabal",18,"Puerto Barrios",1,3304,400,,,,,,,,,,,,,,,,,,,,,,,,,,,,,,,,0,,,
21222,"Izabal",18,"Puerto Barrios",1,3304,400,,,,,,,,,,,,,,,,,,,,,,,,,,,,,,,,0,,,
21223,"Izabal",18,"Puerto Barrios",1,3304,400,,,,,,,,,,,,,,,,,,,,,,,,,,,,,,,,0,,,
21224,"Izabal",18,"Puerto Barrios",1,3304,400,,,,,,,,,,,,,,,,,,,,,,,,,,,,,,,,0,,,
21225,"Izabal",18,"Puerto Barrios",1,3304,400,2,19,12,8,6,3,0,2,0,1,1,1,1,0,1,2,0,3,62,6,2,70,0,70,--,400,330,62,70,70,Algún campo sin dato,1,23b0dd9315bb5753ee74addb708c64d2b53a8fcdf692bc6b3e4904720b1c51ef,25/06/2023 23:41:41,ESCANER
21226,"Izabal",18,"Puerto Barrios",1,3304,400,1,13,7,1,1,0,0,1,0,0,1,0,1,0,3,0,0,0,29,3,1,33,0,33,--,400,367,29,33,33,Algún campo sin dato,1,e61cc0d156f357bcfe6e235974a0657283367ce0af647af993e01c0ad737f6c5,25/06/2023 21:57:27,ESCANER
21227,"Izabal",18,"Puerto Barrios",1,3304,400,2,1,1,1,0,2,0,1,0,1,0,0,0,1,1,1,0,0,12,9,1,22,0,22,--,397,375,12,22,22,Algún campo sin dato,1,2750ad228c2d66141080078bd2598b7594c215ea7519186bd1aa6eded24d9054,25/06/2023 23:33:28,ESCANER
21228,"Izabal",18,"Puerto Barrios",1,3304,400,3,10,4,2,2,1,0,0,0,1,0,0,0,0,0,0,0,1,24,1,1,26,0,26,--,400,374,24,26,26,Algún campo sin dato,1,4e86091ce79acbde263ad32f8e1de9cbf62a579e9402ed2a93e6f80bc766ffdc,25/06/2023 21:38:46,ESCANER
21229,"Izabal",18,"Puerto Barrios",1,3304,284,1,4,4,0,0,0,0,0,0,0,0,0,0,0,0,0,0,0,9,1,1,11,0,11,--,281,270,9,11,11,Algún campo sin dato,1,d5e0e3bde49dd374b42a0fc44a29517ae3f365284bc1581814008fe7b62df626,25/06/2023 21:46:50,ESCANER
21230,"Izabal",18,"Puerto Barrios",1,3305,283,1,8,4,0,1,0,0,0,1,0,1,0,0,0,0,0,0,0,16,0,0,16,0,16,--,283,267,16,16,16,Algún campo sin dato,1,4e814ae1fa55b8f962401c6dfba7be8f252813d9705f3e9c926d445e69544e08,26/06/2023 00:05:57,ESCANER
21231,"Izabal",18,"Puerto Barrios",1,3306,400,,,,,,,,,,,,,,,,,,,,,,,,,,,,,,,,0,,,
21232,"Izabal",18,"Puerto Barrios",1,3306,400,,,,,,,,,,,,,,,,,,,,,,,,,,,,,,,,0,,,
21233,"Izabal",18,"Puerto Barrios",1,3306,400,,,,,,,,,,,,,,,,,,,,,,,,,,,,,,,,0,,,
21234,"Izabal",18,"Puerto Barrios",1,3306,400,,,,,,,,,,,,,,,,,,,,,,,,,,,,,,,,0,,,
21235,"Izabal",18,"Puerto Barrios",1,3306,400,,,,,,,,,,,,,,,,,,,,,,,,,,,,,,,,0,,,
21236,"Izabal",18,"Puerto Barrios",1,3306,400,,,,,,,,,,,,,,,,,,,,,,,,,,,,,,,,0,,,
21237,"Izabal",18,"Puerto Barrios",1,3306,400,,,,,,,,,,,,,,,,,,,,,,,,,,,,,,,,0,,,
21238,"Izabal",18,"Puerto Barrios",1,3306,400,,,,,,,,,,,,,,,,,,,,,,,,,,,,,,,,0,,,
21239,"Izabal",18,"Puerto Barrios",1,3306,400,14,102,48,16,13,5,1,10,3,4,1,5,2,1,6,0,1,5,237,12,3,252,0,252,--,400,148,237,252,252,Algún campo sin dato,1,33e6a0cf39f3cb6e7151104d78d31ee15e9315fc60254b53964c0f017bd1541f,26/06/2023 00:15:50,ESCANER
21240,"Izabal",18,"Puerto Barrios",1,3306,400,,,,,,,,,,,,,,,,,,,,,,,,,,,,,,,,0,,,
21241,"Izabal",18,"Puerto Barrios",1,3306,400,,,,,,,,,,,,,,,,,,,,,,,,,,,,,,,,0,,,
21242,"Izabal",18,"Puerto Barrios",1,3306,400,,,,,,,,,,,,,,,,,,,,,,,,,,,,,,,,0,,,
21243,"Izabal",18,"Puerto Barrios",1,3306,400,7,103,43,27,12,4,0,11,2,2,3,4,2,2,4,4,1,3,234,24,0,258,0,258,--,400,142,234,258,258,Algún campo sin dato,1,1e07c5fc6826d2a5cfd9ad56bad6feeeee7c740129d92912eb6cc860b3ee4103,25/06/2023 23:38:19,ESCANER
21244,"Izabal",18,"Puerto Barrios",1,3306,400,,,,,,,,,,,,,,,,,,,,,,,,,,,,,,,,0,,,
21245,"Izabal",18,"Puerto Barrios",1,3306,400,6,84,41,18,8,12,1,13,4,5,1,3,5,5,1,0,3,4,214,21,1,236,0,236,--,400,164,214,236,236,Algún campo sin dato,1,64e93c8a62dba777106d0de0b4b81e337a4c7bc57bad1f4b057b499033eaa66d,25/06/2023 23:58:19,ESCANER
21246,"Izabal",18,"Puerto Barrios",1,3306,400,11,82,40,19,24,3,0,5,0,3,2,1,4,0,4,2,2,4,206,10,0,216,0,216,0,400,184,206,216,216,,1,ee450ad794d23a82846b6e08b8dd01c35f32db7f4f64329c8205ef0cf23d591f,25/06/2023 23:08:53,ESCANER
21247,"Izabal",18,"Puerto Barrios",1,3306,400,11,93,42,21,25,4,0,6,5,2,2,1,1,2,2,0,2,6,225,9,0,234,0,234,--,400,166,225,234,234,Algún campo sin dato,1,36c1983f083b655d199bd4d606de25f973f1d9bc2b0d5cbf8305a7c1ec0d084a,25/06/2023 23:50:23,ESCANER
21248,"Izabal",18,"Puerto Barrios",1,3306,400,,,,,,,,,,,,,,,,,,,,,,,,,,,,,,,,0,,,
21249,"Izabal",18,"Puerto Barrios",1,3306,400,7,97,30,22,9,6,0,8,1,5,2,2,4,0,2,3,3,4,205,20,0,225,0,225,--,400,175,205,225,225,Algún campo sin dato,1,b302e71136742caf02d7463bab3b05e2e18d83608b3140be7b5004d3c3c0ac2d,26/06/2023 00:09:05,ESCANER
21250,"Izabal",18,"Puerto Barrios",1,3306,400,,,,,,,,,,,,,,,,,,,,,,,,,,,,,,,,0,,,
21251,"Izabal",18,"Puerto Barrios",1,3306,400,,,,,,,,,,,,,,,,,,,,,,,,,,,,,,,,0,,,
21252,"Izabal",18,"Puerto Barrios",1,3306,400,,,,,,,,,,,,,,,,,,,,,,,,,,,,,,,,0,,,
21253,"Izabal",18,"Puerto Barrios",1,3306,400,,,,,,,,,,,,,,,,,,,,,,,,,,,,,,,,0,,,
21254,"Izabal",18,"Puerto Barrios",1,3306,400,7,77,43,26,13,4,1,9,0,5,1,2,5,2,4,0,3,5,207,13,1,221,0,221,--,400,179,207,221,221,Algún campo sin dato,1,cac64c03f863019b43d8383431f98897cb691763c1dabadc3bfbb0914c33046b,25/06/2023 23:18:10,ESCANER
21255,"Izabal",18,"Puerto Barrios",1,3306,400,13,88,49,17,13,5,0,5,2,2,5,1,1,2,3,3,1,3,213,10,1,214,0,224,--,400,176,213,224,224,Sumas Asentadas sin cuadrar,1,f19f2495f5b3b584732a9a2e2e67fe4226dad02b518118a41ca0d56f6a0b406e,25/06/2023 23:50:37,ESCANER
21256,"Izabal",18,"Puerto Barrios",1,3306,400,6,112,40,31,5,6,0,7,1,1,0,3,8,4,2,2,4,1,233,14,1,248,0,248,--,400,152,233,248,248,Algún campo sin dato,1,1f356207e3150b480bcf8b58c82f2fe13054d16514c2ecbff318290abe29da81,25/06/2023 23:58:50,ESCANER
21257,"Izabal",18,"Puerto Barrios",1,3306,400,,,,,,,,,,,,,,,,,,,,,,,,,,,,,,,,0,,,
21258,"Izabal",18,"Puerto Barrios",1,3306,400,,,,,,,,,,,,,,,,,,,,,,,,,,,,,,,,0,,,
21259,"Izabal",18,"Puerto Barrios",1,3306,400,,,,,,,,,,,,,,,,,,,,,,,,,,,,,,,,0,,,
21260,"Izabal",18,"Puerto Barrios",1,3306,400,,,,,,,,,,,,,,,,,,,,,,,,,,,,,,,,0,,,
21261,"Izabal",18,"Puerto Barrios",1,3306,400,,,,,,,,,,,,,,,,,,,,,,,,,,,,,,,,0,,,
21262,"Izabal",18,"Puerto Barrios",1,3306,400,5,93,41,17,15,6,0,11,3,7,5,6,5,4,5,3,2,3,231,14,4,249,0,249,--,400,151,231,249,249,Algún campo sin dato,1,3bbe7bd2cd3bf6307f60c734a4fb331c8a563596d399d3d2873b218674d19da5,25/06/2023 22:33:33,ESCANER
21263,"Izabal",18,"Puerto Barrios",1,3306,400,,,,,,,,,,,,,,,,,,,,,,,,,,,,,,,,0,,,
21264,"Izabal",18,"Puerto Barrios",1,3306,400,,,,,,,,,,,,,,,,,,,,,,,,,,,,,,,,0,,,
21265,"Izabal",18,"Puerto Barrios",1,3306,400,,,,,,,,,,,,,,,,,,,,,,,,,,,,,,,,0,,,
21266,"Izabal",18,"Puerto Barrios",1,3306,400,,,,,,,,,,,,,,,,,,,,,,,,,,,,,,,,0,,,
21267,"Izabal",18,"Puerto Barrios",1,3306,400,,,,,,,,,,,,,,,,,,,,,,,,,,,,,,,,0,,,
21268,"Izabal",18,"Puerto Barrios",1,3306,400,8,78,35,25,16,4,0,11,1,3,4,1,3,4,6,1,1,3,204,14,1,219,0,219,--,400,181,204,219,219,Algún campo sin dato,1,40e932dd5ab16c1612feced1c347f52a57adda967bf93fa1a32784d4e09dd689,25/06/2023 23:07:59,ESCANER
21269,"Izabal",18,"Puerto Barrios",1,3306,400,7,89,41,20,10,9,0,8,2,2,1,2,12,2,2,1,1,3,212,25,1,238,0,238,--,400,162,212,238,238,Algún campo sin dato,1,5c1550e36cbb99a3c9a9fca965d9631e4909dea970d33a095921aa67ce62e42e,26/06/2023 00:04:57,ESCANER
21270,"Izabal",18,"Puerto Barrios",1,3306,400,,,,,,,,,,,,,,,,,,,,,,,,,,,,,,,,0,,,
21271,"Izabal",18,"Puerto Barrios",1,3306,400,,,,,,,,,,,,,,,,,,,,,,,,,,,,,,,,0,,,
21272,"Izabal",18,"Puerto Barrios",1,3306,400,6,79,25,15,11,7,0,7,5,4,2,2,7,2,4,1,4,5,186,13,5,204,0,204,--,400,196,186,204,204,Algún campo sin dato,1,7d4ec2e022c8db02254c1da73fb8b55aa4685e1ef6e1a5ea5f641dd3e4aead8b,26/06/2023 00:19:38,ESCANER
21273,"Izabal",18,"Puerto Barrios",1,3306,400,,,,,,,,,,,,,,,,,,,,,,,,,,,,,,,,0,,,
21274,"Izabal",18,"Puerto Barrios",1,3306,400,,,,,,,,,,,,,,,,,,,,,,,,,,,,,,,,0,,,
21275,"Izabal",18,"Puerto Barrios",1,3306,400,,,,,,,,,,,,,,,,,,,,,,,,,,,,,,,,0,,,
21276,"Izabal",18,"Puerto Barrios",1,3306,400,,,,,,,,,,,,,,,,,,,,,,,,,,,,,,,,0,,,
21277,"Izabal",18,"Puerto Barrios",1,3306,400,6,90,34,20,15,3,1,6,0,3,3,4,1,2,2,2,1,6,199,14,2,215,0,215,--,400,185,199,215,215,Algún campo sin dato,1,0c1a043eb520aa0110a7f493d33b459617c99ff77af259744ec081d62d68297d,25/06/2023 22:47:20,ESCANER
21278,"Izabal",18,"Puerto Barrios",1,3306,400,7,84,43,20,15,4,0,8,2,1,0,0,3,0,2,0,2,2,193,9,1,203,0,203,--,400,197,193,203,203,Algún campo sin dato,1,ae9967994c0b64b661582de718ee1c2c48e6a8e1a8f83148a8d09b6e77e25cc5,25/06/2023 23:37:07,ESCANER
21279,"Izabal",18,"Puerto Barrios",1,3306,400,7,85,27,17,8,4,0,7,1,3,2,1,1,2,7,0,1,1,174,11,3,188,0,188,--,397,209,174,188,188,Algún campo sin dato,1,81927c37696a3dd01de55ce5ddf94ddba3e60717f32def6194f1bec5e3fa449b,25/06/2023 23:31:49,ESCANER
21280,"Izabal",18,"Puerto Barrios",1,3306,400,,,,,,,,,,,,,,,,,,,,,,,,,,,,,,,,0,,,
21281,"Izabal",18,"Puerto Barrios",1,3306,400,,,,,,,,,,,,,,,,,,,,,,,,,,,,,,,,0,,,
21282,"Izabal",18,"Puerto Barrios",1,3306,400,11,82,32,22,17,6,0,6,2,2,2,2,3,2,3,1,0,1,194,14,0,208,0,208,--,400,192,194,208,208,Algún campo sin dato,1,d37b372b63f26ff718df38ecdda6b8e4301e975638dfaa04c6fd6a3ca7316cdf,25/06/2023 22:10:25,ESCANER
21283,"Izabal",18,"Puerto Barrios",1,3306,400,,,,,,,,,,,,,,,,,,,,,,,,,,,,,,,,0,,,
21284,"Izabal",18,"Puerto Barrios",1,3306,400,,,,,,,,,,,,,,,,,,,,,,,,,,,,,,,,0,,,
21285,"Izabal",18,"Puerto Barrios",1,3306,400,,,,,,,,,,,,,,,,,,,,,,,,,,,,,,,,0,,,
21286,"Izabal",18,"Puerto Barrios",1,3306,400,,,,,,,,,,,,,,,,,,,,,,,,,,,,,,,,0,,,
21287,"Izabal",18,"Puerto Barrios",1,3306,400,4,65,44,19,6,3,0,7,1,2,2,0,2,2,7,0,1,3,168,9,1,178,0,178,--,400,222,168,178,178,Algún campo sin dato,1,46d78e079e310ce0670aba360833a321400735dcd8cd124350dc6495bbaca7f9,26/06/2023 00:25:33,ESCANER
21288,"Izabal",18,"Puerto Barrios",1,3306,400,,,,,,,,,,,,,,,,,,,,,,,,,,,,,,,,0,,,
21289,"Izabal",18,"Puerto Barrios",1,3306,400,7,72,47,18,12,7,0,3,1,3,2,2,1,2,5,0,1,2,185,7,2,194,0,194,--,400,206,185,194,194,Algún campo sin dato,1,00372f73044955dee3cc8009c04b7343641e9d0d1705d7a65548be882a722c4c,25/06/2023 23:21:17,ESCANER
21290,"Izabal",18,"Puerto Barrios",1,3306,259,4,36,22,7,5,2,0,9,1,1,0,2,2,1,1,1,0,1,95,2,2,99,0,99,--,259,160,95,99,99,Algún campo sin dato,1,77baeabbb2137ab603bbf651a3e2cd5418b58839b244490a1801913c53d59eb3,25/06/2023 23:51:46,ESCANER
21291,"Izabal",18,"Puerto Barrios",1,3306,259,,,,,,,,,,,,,,,,,,,,,,,,,,,,,,,,0,,,
21292,"Izabal",18,"Puerto Barrios",1,3307,400,,,,,,,,,,,,,,,,,,,,,,,,,,,,,,,,0,,,
21293,"Izabal",18,"Puerto Barrios",1,3307,400,8,81,47,18,12,9,1,13,3,4,3,0,1,3,4,2,8,4,221,12,2,235,0,235,--,400,165,221,235,235,Algún campo sin dato,1,315b00805e2f77420d1ce26831e15cb8b9c87ec8f34d1404dda072377a9ea060,26/06/2023 00:13:00,ESCANER
21294,"Izabal",18,"Puerto Barrios",1,3307,370,,,,,,,,,,,,,,,,,,,,,,,,,,,,,,,,0,,,
21295,"Izabal",18,"Puerto Barrios",1,3307,369,6,73,45,16,8,2,0,15,2,0,3,1,3,1,3,1,0,1,180,9,0,189,0,189,--,369,180,180,189,189,Algún campo sin dato,1,9f1589450a5abe00c48e8dbd29cd3aa9074d6c3a64dc236bd9fe1b2e167eed0d,25/06/2023 22:40:15,ESCANER
21296,"Izabal",18,"Puerto Barrios",1,3308,400,11,87,52,19,6,9,1,5,1,4,2,2,2,2,2,3,1,3,212,27,3,242,0,242,--,399,157,212,242,242,Algún campo sin dato,1,bc56d6c362c9288d6c39351dd90bdda84b74ab3cc9a07a6524564a91dadc15c6,25/06/2023 22:18:42,ESCANER
21297,"Izabal",18,"Puerto Barrios",1,3308,400,,,,,,,,,,,,,,,,,,,,,,,,,,,,,,,,0,,,
21298,"Izabal",18,"Puerto Barrios",1,3308,400,11,68,56,28,8,8,1,2,1,4,1,2,2,1,3,0,3,6,205,16,2,223,0,223,--,400,177,205,223,223,Algún campo sin dato,1,6d5cd17cf39b06e32b6cdf4130969ca60fd513710e9860f29ac1d9f5b4444266,25/06/2023 23:55:58,ESCANER
21299,"Izabal",18,"Puerto Barrios",1,3308,400,,,,,,,,,,,,,,,,,,,,,,,,,,,,,,,,0,,,
21300,"Izabal",18,"Puerto Barrios",1,3308,400,,,,,,,,,,,,,,,,,,,,,,,,,,,,,,,,0,,,
21301,"Izabal",18,"Puerto Barrios",1,3308,400,5,91,54,12,6,6,0,2,4,1,2,0,1,1,5,1,1,8,200,21,6,227,0,227,--,400,173,200,227,227,Algún campo sin dato,1,2b081f746de6cb2a6a748ace94ebe98a9ab3ae4e707296df571e38860810e392,26/06/2023 00:14:55,ESCANER
21302,"Izabal",18,"Puerto Barrios",1,3308,400,9,59,45,19,11,4,0,1,2,2,4,3,1,2,6,4,4,7,183,14,0,197,0,197,--,400,203,183,197,197,Algún campo sin dato,1,b2a1fdd3d92134ac564ad89c20403af84e7c0237f26946f3a2b04a1dfa9d659b,26/06/2023 00:22:03,ESCANER
21303,"Izabal",18,"Puerto Barrios",1,3308,229,3,30,23,12,5,2,0,0,0,0,3,0,2,0,5,0,1,2,88,4,0,92,0,92,--,224,137,88,92,92,Algún campo sin dato,1,fa4e71c697a0e5f0051e94a356ed2c7b5b4e73efdb201fe903343da388c1fc35,25/06/2023 22:49:56,ESCANER
21304,"Izabal",18,"Puerto Barrios",1,3308,228,1,29,19,7,2,1,0,2,1,1,0,0,1,0,4,0,1,1,70,11,0,81,0,81,--,228,147,70,81,81,Algún campo sin dato,1,96feb4a28c3787b9635262cc76db6f339f16fb00899593e258cec3ba76c9d139,25/06/2023 21:49:13,ESCANER
21305,"Izabal",18,"Puerto Barrios",1,3309,231,7,19,18,4,0,4,0,1,0,0,2,0,2,0,0,1,0,1,59,8,4,71,0,71,--,231,160,59,71,71,Algún campo sin dato,1,36fdcd727551eaa9fc5b0194b5bf6470cb4dac75f4eb0f1a01851e45c9bd0988,25/06/2023 22:34:40,ESCANER
21306,"Izabal",18,"Puerto Barrios",1,3310,380,,,,,,,,,,,,,,,,,,,,,,,,,,,,,,,,0,,,
21307,"Izabal",18,"Puerto Barrios",1,3310,380,,,,,,,,,,,,,,,,,,,,,,,,,,,,,,,,0,,,
21308,"Izabal",18,"Puerto Barrios",1,3310,380,16,54,77,9,2,8,1,3,8,10,15,1,8,0,2,0,1,1,216,25,2,243,0,243,--,377,134,216,243,243,Algún campo sin dato,1,e03a09a80fdf9623df237f5800d57d54c2225673efe70c68a5d58c80ee499b9c,26/06/2023 00:27:23,ESCANER
21309,"Izabal",18,"Puerto Barrios",1,3310,380,,,,,,,,,,,,,,,,,,,,,,,,,,,,,,,,0,,,
21310,"Izabal",18,"Puerto Barrios",1,3310,380,,,,,,,,,,,,,,,,,,,,,,,,,,,,,,,,0,,,
21311,"Izabal",18,"Puerto Barrios",1,3310,380,,,,,,,,,,,,,,,,,,,,,,,,,,,,,,,,0,,,
21312,"Izabal",18,"Puerto Barrios",1,3310,380,,,,,,,,,,,,,,,,,,,,,,,,,,,,,,,,0,,,
21313,"Izabal",18,"Puerto Barrios",1,3310,380,,,,,,,,,,,,,,,,,,,,,,,,,,,,,,,,0,,,
21314,"Izabal",18,"Puerto Barrios",1,3310,380,,,,,,,,,,,,,,,,,,,,,,,,,,,,,,,,0,,,
21315,"Izabal",18,"Puerto Barrios",1,3310,380,,,,,,,,,,,,,,,,,,,,,,,,,,,,,,,,0,,,
21316,"Izabal",18,"Puerto Barrios",1,3311,380,,,,,,,,,,,,,,,,,,,,,,,,,,,,,,,,0,,,
21317,"Izabal",18,"Puerto Barrios",1,3311,380,,,,,,,,,,,,,,,,,,,,,,,,,,,,,,,,0,,,
21318,"Izabal",18,"Puerto Barrios",1,3311,380,,,,,,,,,,,,,,,,,,,,,,,,,,,,,,,,0,,,
21319,"Izabal",18,"Puerto Barrios",1,3311,380,,,,,,,,,,,,,,,,,,,,,,,,,,,,,,,,0,,,
21320,"Izabal",18,"Puerto Barrios",1,3311,380,,,,,,,,,,,,,,,,,,,,,,,,,,,,,,,,0,,,
21321,"Izabal",18,"Puerto Barrios",1,3311,380,,,,,,,,,,,,,,,,,,,,,,,,,,,,,,,,0,,,
21322,"Izabal",18,"Puerto Barrios",1,3311,380,,,,,,,,,,,,,,,,,,,,,,,,,,,,,,,,0,,,
21323,"Izabal",18,"Puerto Barrios",1,3311,330,14,33,60,8,1,2,1,5,0,1,2,0,3,0,3,1,4,1,139,5,2,146,0,146,--,327,181,139,146,146,Algún campo sin dato,1,e723a42adc5daac3fc5173b337d7e5235d16730b027db187484a7e119306250f,25/06/2023 23:49:25,ESCANER
21324,"Izabal",18,"Puerto Barrios",1,3311,330,,,,,,,,,,,,,,,,,,,,,,,,,,,,,,,,0,,,
21325,"Izabal",18,"Puerto Barrios",1,3312,380,,,,,,,,,,,,,,,,,,,,,,,,,,,,,,,,0,,,
21326,"Izabal",18,"Puerto Barrios",1,3312,380,22,34,29,32,1,25,2,2,5,--,5,2,13,2,--,1,2,3,180,31,6,217,--,217,--,377,160,180,217,217,Algún campo sin dato,1,1aa04574a0e83bb331c79aa7ed393f2d87a16e4a06cad8b12969260104cb81d6,26/06/2023 00:21:44,ESCANER
21327,"Izabal",18,"Puerto Barrios",1,3312,380,27,36,26,19,3,18,0,3,5,2,4,0,23,3,2,0,1,1,173,24,5,202,0,202,--,377,175,173,202,202,Algún campo sin dato,1,649c6c0fb6f12ed10937016b05926314266730f25990b0ccba4d4f17de08c2ed,25/06/2023 23:23:27,ESCANER
21328,"Izabal",18,"Puerto Barrios",1,3312,380,34,29,15,16,2,18,3,2,5,3,6,0,23,0,2,3,0,3,164,36,13,213,0,213,--,380,167,164,213,213,Algún campo sin dato,1,7a129e2ab7804a3d8ef8a1b072526b90f664658ef5a82e321529b2100f06020f,25/06/2023 23:02:10,ESCANER
21329,"Izabal",18,"Puerto Barrios",1,3312,380,29,26,31,24,0,21,1,1,1,1,1,1,18,2,2,0,2,1,162,27,3,192,0,192,--,376,184,162,192,192,Algún campo sin dato,1,1fb838ee9f6093ae498515e8f5335b81bda601b4bec6c48aa5d42ff9e91a283e,25/06/2023 23:31:30,ESCANER
21330,"Izabal",18,"Puerto Barrios",1,3312,220,20,28,15,15,2,11,0,2,1,2,0,0,19,0,0,1,0,1,117,8,2,127,0,127,--,220,93,117,127,127,Algún campo sin dato,1,7fe4b56b55ce22aee62b6cc2e03e1386954b6eefb219da7ed42c54c46108fd40,25/06/2023 21:42:24,ESCANER
21331,"Izabal",18,"Puerto Barrios",1,3312,220,18,9,19,14,0,6,1,0,1,1,0,0,15,1,0,0,0,0,85,15,3,103,0,103,--,220,117,85,103,103,Algún campo sin dato,1,d6c8456c85b0b01dbd925511412f8dd0fa779eb281dbc2a7b07b0231a35307db,25/06/2023 21:35:54,ESCANER
21332,"Izabal",18,"Puerto Barrios",1,3313,380,,,,,,,,,,,,,,,,,,,,,,,,,,,,,,,,0,,,
21333,"Izabal",18,"Puerto Barrios",1,3313,380,14,98,38,25,2,13,0,3,1,1,2,0,2,6,3,5,3,1,217,25,5,247,0,247,--,382,135,217,247,247,Algún campo sin dato,1,943eb5edf545a0346c134f4e2e468752f13b7731ab86af6cd9ca6fc3552032af,25/06/2023 23:42:01,ESCANER
21334,"Izabal",18,"Puerto Barrios",1,3313,380,,,,,,,,,,,,,,,,,,,,,,,,,,,,,,,,0,,,
21335,"Izabal",18,"Puerto Barrios",1,3313,380,10,92,38,22,3,16,0,1,0,2,2,1,1,1,5,4,3,4,205,25,3,233,0,233,--,380,147,205,233,233,Algún campo sin dato,1,9e969aa3348425c9d900b821b88040950e83e94903752ab4f7c7f1a3f268418e,25/06/2023 22:26:16,ESCANER
21336,"Izabal",18,"Puerto Barrios",1,3313,380,19,88,44,15,12,13,0,1,0,6,2,1,2,2,4,2,6,6,223,28,1,252,0,252,--,377,125,223,252,252,Algún campo sin dato,1,ef5eb8d0c04b96d90a292837cf80b8ed7e26fca67c5b52ee011574574ec8d140,25/06/2023 22:40:05,ESCANER
21337,"Izabal",18,"Puerto Barrios",1,3313,380,14,98,47,16,8,11,1,2,0,2,2,1,1,3,3,2,9,2,222,22,2,246,0,246,--,380,134,222,246,246,Algún campo sin dato,1,1a128954660586d6d9dc9fdf2c65ddf2a562c3f40ae1efff4c5685ecea8f7a09,25/06/2023 22:20:59,ESCANER
21338,"Izabal",18,"Puerto Barrios",1,3313,380,,,,,,,,,,,,,,,,,,,,,,,,,,,,,,,,0,,,
21339,"Izabal",18,"Puerto Barrios",1,3313,380,11,90,49,22,7,8,0,2,1,4,5,1,1,1,5,4,7,3,221,37,9,267,0,267,--,380,113,221,267,267,Algún campo sin dato,1,655508c69de35ac28d5d7e20d5ca603808c5173caeb2eb09ea3c22cd8179a6f6,25/06/2023 23:35:37,ESCANER
21340,"Izabal",18,"Puerto Barrios",1,3313,380,9,83,39,25,6,11,1,3,0,4,6,1,3,5,3,6,5,6,216,35,2,253,0,253,--,380,127,216,253,253,Algún campo sin dato,1,7cfe51135d8e61f5e27c72d3b936da1cdaf65cd724e3118520df4b0a9b89ba17,26/06/2023 00:08:06,ESCANER
21341,"Izabal",18,"Puerto Barrios",1,3313,380,,,,,,,,,,,,,,,,,,,,,,,,,,,,,,,,0,,,
21342,"Izabal",18,"Puerto Barrios",1,3313,380,,,,,,,,,,,,,,,,,,,,,,,,,,,,,,,,0,,,
21343,"Izabal",18,"Puerto Barrios",1,3313,380,,,,,,,,,,,,,,,,,,,,,,,,,,,,,,,,0,,,
21344,"Izabal",18,"Puerto Barrios",1,3313,380,,,,,,,,,,,,,,,,,,,,,,,,,,,,,,,,0,,,
21345,"Izabal",18,"Puerto Barrios",1,3313,380,,,,,,,,,,,,,,,,,,,,,,,,,,,,,,,,0,,,
21346,"Izabal",18,"Puerto Barrios",1,3313,380,,,,,,,,,,,,,,,,,,,,,,,,,,,,,,,,0,,,
21347,"Izabal",18,"Puerto Barrios",1,3313,380,,,,,,,,,,,,,,,,,,,,,,,,,,,,,,,,0,,,
21348,"Izabal",18,"Puerto Barrios",1,3313,380,,,,,,,,,,,,,,,,,,,,,,,,,,,,,,,,0,,,
21349,"Izabal",18,"Puerto Barrios",1,3313,380,,,,,,,,,,,,,,,,,,,,,,,,,,,,,,,,0,,,
21350,"Izabal",18,"Puerto Barrios",1,3313,380,16,81,37,18,9,8,0,1,1,0,2,0,4,3,3,0,2,5,190,24,1,215,0,215,--,380,165,190,215,215,Algún campo sin dato,1,b60fd05759870f00f4b60d75b0b9e6ba80cb8ec94cb6a8a179b76cf25aa4ea7b,25/06/2023 23:34:39,ESCANER
21351,"Izabal",18,"Puerto Barrios",1,3313,380,,,,,,,,,,,,,,,,,,,,,,,,,,,,,,,,0,,,
21352,"Izabal",18,"Puerto Barrios",1,3313,380,,,,,,,,,,,,,,,,,,,,,,,,,,,,,,,,0,,,
21353,"Izabal",18,"Puerto Barrios",1,3313,380,,,,,,,,,,,,,,,,,,,,,,,,,,,,,,,,0,,,
21354,"Izabal",18,"Puerto Barrios",1,3313,380,,,,,,,,,,,,,,,,,,,,,,,,,,,,,,,,0,,,
21355,"Izabal",18,"Puerto Barrios",1,3313,380,11,88,40,23,9,8,1,2,0,1,1,0,1,1,7,0,2,7,202,22,3,227,0,227,--,379,152,202,227,227,Algún campo sin dato,1,c90b0d00d13fb860fee8c4e03e4a98711b72cf74715c3e4bb5d35ddb11d9ca2b,26/06/2023 00:20:11,ESCANER
21356,"Izabal",18,"Puerto Barrios",1,3313,380,,,,,,,,,,,,,,,,,,,,,,,,,,,,,,,,0,,,
21357,"Izabal",18,"Puerto Barrios",1,3313,380,,,,,,,,,,,,,,,,,,,,,,,,,,,,,,,,0,,,
21358,"Izabal",18,"Puerto Barrios",1,3313,380,7,93,39,21,5,16,0,1,0,4,2,0,4,4,5,2,11,2,216,18,1,235,0,235,--,379,144,216,235,235,Algún campo sin dato,1,12626753570a590d0360d0ab2ecb85ef7bf5ba52520428011df78195f45073ca,25/06/2023 23:19:02,ESCANER
21359,"Izabal",18,"Puerto Barrios",1,3314,380,,,,,,,,,,,,,,,,,,,,,,,,,,,,,,,,0,,,
21360,"Izabal",18,"Puerto Barrios",1,3314,380,,,,,,,,,,,,,,,,,,,,,,,,,,,,,,,,0,,,
21361,"Izabal",18,"Puerto Barrios",1,3314,380,,,,,,,,,,,,,,,,,,,,,,,,,,,,,,,,0,,,
21362,"Izabal",18,"Puerto Barrios",1,3314,380,,,,,,,,,,,,,,,,,,,,,,,,,,,,,,,,0,,,
21363,"Izabal",18,"Puerto Barrios",1,3314,380,,,,,,,,,,,,,,,,,,,,,,,,,,,,,,,,0,,,
21364,"Izabal",18,"Puerto Barrios",1,3314,380,7,63,44,17,12,9,0,1,1,1,2,2,0,4,5,2,4,3,177,19,0,196,0,196,--,380,184,177,196,196,Algún campo sin dato,1,dd5912c402c34fc070d4ffee7c6e35896dbdf3f9d9907038c44a3d81bb529f2d,25/06/2023 23:27:42,ESCANER
21365,"Izabal",18,"Puerto Barrios",1,3314,380,,,,,,,,,,,,,,,,,,,,,,,,,,,,,,,,0,,,
21366,"Izabal",18,"Puerto Barrios",1,3314,380,,,,,,,,,,,,,,,,,,,,,,,,,,,,,,,,0,,,
21367,"Izabal",18,"Puerto Barrios",1,3314,380,13,56,31,30,12,9,0,2,0,2,3,1,2,3,6,1,3,3,17,10,0,187,0,187,--,379,192,177,187,187,Sumas Asentadas sin cuadrar,1,9122bd4a5485bfc7376b35cd73221842849bec09609bf39eda66048a1ed0eca3,25/06/2023 23:18:06,ESCANER
21368,"Izabal",18,"Puerto Barrios",1,3314,380,,,,,,,,,,,,,,,,,,,,,,,,,,,,,,,,0,,,
21369,"Izabal",18,"Puerto Barrios",1,3314,380,,,,,,,,,,,,,,,,,,,,,,,,,,,,,,,,0,,,
21370,"Izabal",18,"Puerto Barrios",1,3314,380,,,,,,,,,,,,,,,,,,,,,,,,,,,,,,,,0,,,
21371,"Izabal",18,"Puerto Barrios",1,3314,380,12,86,46,23,15,10,0,0,2,0,1,2,2,2,7,3,3,4,218,10,0,228,0,228,--,380,152,218,228,228,Algún campo sin dato,1,28c1e502a20b3d0b867f78395371d12b44d6eb0a722f018116a8aad7b1619684,26/06/2023 00:21:58,ESCANER
21372,"Izabal",18,"Puerto Barrios",1,3314,380,,,,,,,,,,,,,,,,,,,,,,,,,,,,,,,,0,,,
21373,"Izabal",18,"Puerto Barrios",1,3315,380,8,97,39,24,13,8,0,0,0,0,1,1,1,2,10,2,2,5,212,8,0,220,2,222,--,380,158,213,221,223,Sumas Asentadas sin cuadrar,1,8b485553b2a0d74cd6905d9fb29589905709bd76f89a3fcdd048f0f6cc2b77f4,25/06/2023 23:49:58,ESCANER
21374,"Izabal",18,"Puerto Barrios",1,3315,380,,,,,,,,,,,,,,,,,,,,,,,,,,,,,,,,0,,,
21375,"Izabal",18,"Puerto Barrios",1,3315,380,,,,,,,,,,,,,,,,,,,,,,,,,,,,,,,,0,,,
21376,"Izabal",18,"Puerto Barrios",1,3315,380,7,56,40,18,8,7,0,0,3,2,4,0,4,1,5,0,5,3,163,7,1,171,0,171,--,383,212,163,171,171,Algún campo sin dato,1,c5517844adbd69f1d9cb588ac613f35f5fe2c647dc0dcee8fdeb4d9c9974aacb,25/06/2023 23:58:11,ESCANER
21377,"Izabal",18,"Puerto Barrios",1,3315,380,16,66,31,19,7,10,0,1,3,1,0,0,0,0,5,0,0,3,162,17,1,180,0,180,2,377,197,162,180,180,,1,372f4742a88bd4ccb28a9e3a017535423b945169ee18e13bc6167d149bdcd947,25/06/2023 23:42:18,ESCANER
21378,"Izabal",18,"Puerto Barrios",1,3315,264,6,47,26,14,8,1,0,2,1,0,3,0,0,1,5,2,4,3,123,7,2,132,0,132,--,261,129,123,132,132,Algún campo sin dato,1,a92d0df693dc89872bcdf320116a6a26ea6fffb9a20e3714397670671a01317b,25/06/2023 22:51:36,ESCANER
21379,"Izabal",18,"Puerto Barrios",1,3315,264,5,25,18,10,3,6,0,0,2,0,1,0,1,2,1,0,0,3,77,5,0,82,179,261,--,261,179,77,82,261,Algún campo sin dato,1,003258111e7fe52ba65ff72d777cf624361d07e012f073a7ee28ad42604a2f34,25/06/2023 23:34:51,ESCANER
21380,"Izabal",18,"Puerto Barrios",1,3316,380,,,,,,,,,,,,,,,,,,,,,,,,,,,,,,,,0,,,
21381,"Izabal",18,"Puerto Barrios",1,3316,327,,,,,,,,,,,,,,,,,,,,,,,,,,,,,,,,0,,,
21382,"Izabal",18,"Puerto Barrios",1,3316,326,,,,,,,,,,,,,,,,,,,,,,,,,,,,,,,,0,,,
21383,"Izabal",18,"Puerto Barrios",1,3317,380,13,46,94,3,0,14,0,1,0,1,3,0,0,2,1,2,0,1,181,22,7,210,0,210,--,380,170,181,210,210,Algún campo sin dato,1,929e68e456b5c5babe0592d2727a5cabb356bb5365ba15acc51e5536c1297c93,26/06/2023 00:27:03,ESCANER
21384,"Izabal",18,"Puerto Barrios",1,3317,309,13,27,72,8,4,9,2,3,1,2,1,0,1,0,2,0,0,2,147,20,3,170,0,170,--,309,139,147,170,170,Algún campo sin dato,1,2ee1573a0641ad9b7b5a34fef8fe859facb0f2d0e9732ac419a862976db06209,25/06/2023 23:37:31,ESCANER
21385,"Izabal",18,"Puerto Barrios",1,3317,309,2,27,66,1,0,7,0,2,1,2,4,0,1,0,0,0,0,1,114,14,3,131,0,131,--,309,178,114,131,131,Algún campo sin dato,1,94369bbcdee53a60b0c6c712cffb600f2edce73a923933eaa4f0ea1082d0fc96,25/06/2023 23:48:13,ESCANER
21386,"Izabal",18,"Puerto Barrios",1,3318,380,,,,,,,,,,,,,,,,,,,,,,,,,,,,,,,,0,,,
21387,"Izabal",18,"Puerto Barrios",1,3318,380,,,,,,,,,,,,,,,,,,,,,,,,,,,,,,,,0,,,
21388,"Izabal",18,"Puerto Barrios",1,3318,380,,,,,,,,,,,,,,,,,,,,,,,,,,,,,,,,0,,,
21389,"Izabal",18,"Puerto Barrios",1,3318,366,15,51,75,8,9,9,1,2,2,6,1,0,1,1,0,0,0,0,181,29,4,214,0,214,--,363,150,181,214,214,Algún campo sin dato,1,7ff22693c5426a292a541b75cfa8f2f562c9defa7359bf3704344a8f85e840aa,26/06/2023 00:18:16,ESCANER
21390,"Izabal",18,"Puerto Barrios",1,3318,366,11,36,99,8,5,9,0,1,0,0,3,0,0,0,4,1,0,2,179,12,3,194,0,194,--,366,172,179,194,194,Algún campo sin dato,1,a24f35ddd311e4400166e5734f44aed43672a2cd08d01569b59d7d090166aabc,25/06/2023 23:25:15,ESCANER
21391,"Izabal",18,"Puerto Barrios",1,3319,380,,,,,,,,,,,,,,,,,,,,,,,,,,,,,,,,0,,,
21392,"Izabal",18,"Puerto Barrios",1,3319,284,5,33,63,21,1,4,3,3,1,3,13,0,4,1,8,3,0,2,168,14,1,183,--,183,--,284,101,168,183,183,Algún campo sin dato,1,d49b093a9e49fb769565ad13e64009f49888270c79b4267da700513c69ecbcec,25/06/2023 23:27:31,ESCANER
21393,"Izabal",18,"Puerto Barrios",1,3319,284,14,31,62,9,6,2,2,0,1,3,7,0,3,2,6,1,1,3,153,9,3,165,0,165,--,284,119,153,165,165,Algún campo sin dato,1,d75e9e8fd97d2bdb564cbcf72ca2945af7d5ec5ae49c31ae99d97bdad7ded819,26/06/2023 00:23:11,ESCANER
21394,"Izabal",18,"Puerto Barrios",1,3320,380,,,,,,,,,,,,,,,,,,,,,,,,,,,,,,,,0,,,
21395,"Izabal",18,"Puerto Barrios",1,3320,216,,,,,,,,,,,,,,,,,,,,,,,,,,,,,,,,0,,,
21396,"Izabal",18,"Puerto Barrios",1,3320,216,8,5,21,4,0,1,0,14,0,0,0,0,20,1,0,0,0,1,75,11,2,88,0,88,--,211,126,75,88,88,Algún campo sin dato,1,7c011ef8090f10c0bfac7fbe6571fa99e2ff5438acaa659394bfde9806cb106e,26/06/2023 00:00:00,MOVIL