﻿TIPO_DE_ELECCIÓN:,CORPORACIÓN MUNICIPAL
26 junio 2023 00:28 (UTC -6)
ACTAS_ESPERADAS,ACTAS_CAPTURADAS,PORCENTAJE_ACTAS_CAPTURADAS,ACTAS_CONTABILIZADAS,PORCENTAJE_ACTAS_CONTABILIZADAS,ACTAS_NO_CONTABILIZADAS,LISTA_NOMINAL_ACTAS_CONTABILIZADAS,VOTOS_EMITIDOS_CONTABILIZADAS,PORCENTAJE_PARTICIPACIÓN_CIUDADANA
48,10,20.8333,10,20.8333,0,3543,1961,55.3485

MESA,DEPARTAMENTO,ID_DEPARTAMENTO,MUNICIPIO,ID_MUNICIPIO,CENTRO_DE_VOTACIÓN,PADRÓN,FCN-NACION,PPN,TODOS,UNE,AZUL,VAMOS,VICTORIA,ELEFANTE,WINAQ,CABAL,VALOR,VIVA,P A N,CREO,VÁLIDOS,NULOS,BLANCO,EMITIDOS,INVÁLIDOS,TOTAL,IMPUGNACIONES,PAPELETAS-RECIBIDAS,PAPELETAS-NO-USADAS,VALIDOS_CALCULADO,EMITIDOS_CALCULADO,TOTAL_CALCULADO,OBSERVACIONES,CONTABILIZADA,CÓDIGO_INTEGRIDAD,FECHA_HORA_PUBLICACIÓN,DIGITALIZACIÓN
20291,"Alta Verapaz",16,"Raxruhá",17,3154,400,,,,,,,,,,,,,,,,,,,,,,,,,,,,0,,,
20292,"Alta Verapaz",16,"Raxruhá",17,3154,400,0,16,1,73,33,16,82,1,8,1,9,2,0,0,242,25,6,273,0,273,--,400,127,242,273,273,Algún campo sin dato,1,b6e6c67981da47af59a30add528678363c47575ad887fdf140734bdd0392cc8b,26/06/2023 00:19:47,ESCANER
20293,"Alta Verapaz",16,"Raxruhá",17,3154,400,,,,,,,,,,,,,,,,,,,,,,,,,,,,0,,,
20294,"Alta Verapaz",16,"Raxruhá",17,3154,400,,,,,,,,,,,,,,,,,,,,,,,,,,,,0,,,
20295,"Alta Verapaz",16,"Raxruhá",17,3154,400,,,,,,,,,,,,,,,,,,,,,,,,,,,,0,,,
20296,"Alta Verapaz",16,"Raxruhá",17,3155,400,,,,,,,,,,,,,,,,,,,,,,,,,,,,0,,,
20297,"Alta Verapaz",16,"Raxruhá",17,3155,400,,,,,,,,,,,,,,,,,,,,,,,,,,,,0,,,
20298,"Alta Verapaz",16,"Raxruhá",17,3156,400,,,,,,,,,,,,,,,,,,,,,,,,,,,,0,,,
20299,"Alta Verapaz",16,"Raxruhá",17,3156,400,,,,,,,,,,,,,,,,,,,,,,,,,,,,0,,,
20300,"Alta Verapaz",16,"Raxruhá",17,3156,400,0,24,1,67,22,8,71,1,3,0,3,2,0,0,202,5,1,208,0,208,--,400,189,202,208,208,Algún campo sin dato,1,df04663a8d951d322e0b7a8c78ac2e0ffb559a1cf187116b3eb593a6bee63357,26/06/2023 00:17:10,ESCANER
20301,"Alta Verapaz",16,"Raxruhá",17,3156,327,,,,,,,,,,,,,,,,,,,,,,,,,,,,0,,,
20302,"Alta Verapaz",16,"Raxruhá",17,3156,327,,,,,,,,,,,,,,,,,,,,,,,,,,,,0,,,
20303,"Alta Verapaz",16,"Raxruhá",17,3157,400,,,,,,,,,,,,,,,,,,,,,,,,,,,,0,,,
20304,"Alta Verapaz",16,"Raxruhá",17,3157,400,,,,,,,,,,,,,,,,,,,,,,,,,,,,0,,,
20305,"Alta Verapaz",16,"Raxruhá",17,3158,400,,,,,,,,,,,,,,,,,,,,,,,,,,,,0,,,
20306,"Alta Verapaz",16,"Raxruhá",17,3158,400,,,,,,,,,,,,,,,,,,,,,,,,,,,,0,,,
20307,"Alta Verapaz",16,"Raxruhá",17,3158,400,,,,,,,,,,,,,,,,,,,,,,,,,,,,0,,,
20308,"Alta Verapaz",16,"Raxruhá",17,3158,400,,,,,,,,,,,,,,,,,,,,,,,,,,,,0,,,
20309,"Alta Verapaz",16,"Raxruhá",17,3158,400,,,,,,,,,,,,,,,,,,,,,,,,,,,,0,,,
20310,"Alta Verapaz",16,"Raxruhá",17,3159,400,,,,,,,,,,,,,,,,,,,,,,,,,,,,0,,,
20311,"Alta Verapaz",16,"Raxruhá",17,3159,400,,,,,,,,,,,,,,,,,,,,,,,,,,,,0,,,
20312,"Alta Verapaz",16,"Raxruhá",17,3159,390,,,,,,,,,,,,,,,,,,,,,,,,,,,,0,,,
20313,"Alta Verapaz",16,"Raxruhá",17,3159,389,,,,,,,,,,,,,,,,,,,,,,,,,,,,0,,,
20314,"Alta Verapaz",16,"Raxruhá",17,3160,380,,,,,,,,,,,,,,,,,,,,,,,,,,,,0,,,
20315,"Alta Verapaz",16,"Raxruhá",17,3160,380,,,,,,,,,,,,,,,,,,,,,,,,,,,,0,,,
20316,"Alta Verapaz",16,"Raxruhá",17,3160,380,,,,,,,,,,,,,,,,,,,,,,,,,,,,0,,,
20317,"Alta Verapaz",16,"Raxruhá",17,3160,380,,,,,,,,,,,,,,,,,,,,,,,,,,,,0,,,
20318,"Alta Verapaz",16,"Raxruhá",17,3161,380,15,18,1,39,21,10,74,0,1,1,2,0,0,0,182,32,3,217,0,217,--,380,163,182,217,217,Algún campo sin dato,1,a786cd04805e3dda2465e1d85c5f2640c70bd2eb866fe8af86e09b809c26afba,25/06/2023 22:19:03,ESCANER
20319,"Alta Verapaz",16,"Raxruhá",17,3161,298,7,8,1,20,16,12,61,0,1,0,3,0,0,0,129,4,2,135,0,135,--,295,160,129,135,135,Algún campo sin dato,1,e11574a2363a180c0cc7eb5b6e5aaa0f3b27676eb865697b3fa61b8552c79e15,25/06/2023 23:31:51,ESCANER
20320,"Alta Verapaz",16,"Raxruhá",17,3161,297,6,12,1,16,21,10,57,0,1,0,2,0,0,0,126,3,5,134,0,134,0,294,160,126,134,134,,1,1710483c05d69d453e52b7f9cf833a00bd26d6ecea73920594f74c6b5a43dc26,25/06/2023 22:36:10,ESCANER
20321,"Alta Verapaz",16,"Raxruhá",17,3162,380,,,,,,,,,,,,,,,,,,,,,,,,,,,,0,,,
20322,"Alta Verapaz",16,"Raxruhá",17,3162,380,29,21,4,74,17,19,36,0,10,0,6,0,1,0,217,22,4,243,0,243,--,380,137,217,243,243,Algún campo sin dato,1,2c67b6abbbe8c3ed12446eb9df85dd2d4b4c52b152690493a8e2941fd664d983,25/06/2023 23:10:54,ESCANER
20323,"Alta Verapaz",16,"Raxruhá",17,3162,380,26,19,5,55,15,19,29,0,16,1,3,0,1,0,189,25,3,217,0,217,--,380,163,189,217,217,Algún campo sin dato,1,d6ae253215a93645cce9a83ce0eb6c14c43e7400bff5e3d27c8d452acbe1f6c4,25/06/2023 23:17:04,ESCANER
20324,"Alta Verapaz",16,"Raxruhá",17,3162,327,38,11,1,37,18,11,41,0,7,0,7,0,0,0,171,10,3,184,0,184,--,327,143,171,184,184,Algún campo sin dato,1,df7f5ca8ad7c8c15bc9c9b499faaa4e42e00c5f5b947de18725641059930ff2f,25/06/2023 23:04:39,ESCANER
20325,"Alta Verapaz",16,"Raxruhá",17,3162,326,22,14,1,37,10,14,52,0,5,0,6,0,1,0,162,2,1,165,0,165,--,326,161,162,165,165,Algún campo sin dato,1,67719c20c7b467bb7a620e8973e983ce2096d860160f8c999616ab635303a4f9,25/06/2023 22:23:22,ESCANER
20326,"Alta Verapaz",16,"Raxruhá",17,3163,380,,,,,,,,,,,,,,,,,,,,,,,,,,,,0,,,
20327,"Alta Verapaz",16,"Raxruhá",17,3163,380,,,,,,,,,,,,,,,,,,,,,,,,,,,,0,,,
20328,"Alta Verapaz",16,"Raxruhá",17,3163,380,,,,,,,,,,,,,,,,,,,,,,,,,,,,0,,,
20329,"Alta Verapaz",16,"Raxruhá",17,3164,380,,,,,,,,,,,,,,,,,,,,,,,,,,,,0,,,
20330,"Alta Verapaz",16,"Raxruhá",17,3164,338,,,,,,,,,,,,,,,,,,,,,,,,,,,,0,,,
20331,"Alta Verapaz",16,"Raxruhá",17,3164,338,,,,,,,,,,,,,,,,,,,,,,,,,,,,0,,,
20332,"Alta Verapaz",16,"Raxruhá",17,3165,380,,,,,,,,,,,,,,,,,,,,,,,,,,,,0,,,
20333,"Alta Verapaz",16,"Raxruhá",17,3165,380,,,,,,,,,,,,,,,,,,,,,,,,,,,,0,,,
20334,"Alta Verapaz",16,"Raxruhá",17,3165,380,,,,,,,,,,,,,,,,,,,,,,,,,,,,0,,,
20335,"Alta Verapaz",16,"Raxruhá",17,3165,380,,,,,,,,,,,,,,,,,,,,,,,,,,,,0,,,
20336,"Alta Verapaz",16,"Raxruhá",17,3165,380,,,,,,,,,,,,,,,,,,,,,,,,,,,,0,,,
20337,"Alta Verapaz",16,"Raxruhá",17,3165,355,1,5,1,40,39,32,54,1,5,1,0,0,0,0,179,4,2,185,0,185,--,352,167,179,185,185,Algún campo sin dato,1,d0a6b9c1a04fe93860ffa990adea7976e4eb276cec3e818aaf1e7c7f1f5e8f7f,26/06/2023 00:19:44,ESCANER
20338,"Alta Verapaz",16,"Raxruhá",17,3165,354,,,,,,,,,,,,,,,,,,,,,,,,,,,,0,,,