﻿TIPO_DE_ELECCIÓN:,CORPORACIÓN MUNICIPAL
26 junio 2023 00:28 (UTC -6)
ACTAS_ESPERADAS,ACTAS_CAPTURADAS,PORCENTAJE_ACTAS_CAPTURADAS,ACTAS_CONTABILIZADAS,PORCENTAJE_ACTAS_CONTABILIZADAS,ACTAS_NO_CONTABILIZADAS,LISTA_NOMINAL_ACTAS_CONTABILIZADAS,VOTOS_EMITIDOS_CONTABILIZADAS,PORCENTAJE_PARTICIPACIÓN_CIUDADANA
57,21,36.8421,21,36.8421,0,7269,3931,54.0789

MESA,DEPARTAMENTO,ID_DEPARTAMENTO,MUNICIPIO,ID_MUNICIPIO,CENTRO_DE_VOTACIÓN,PADRÓN,UNE,VAMOS,CABAL,BIEN,U R N G - MAIZ,TODOS,AZUL,PODEMOS,PHG,VIVA,PR,VÁLIDOS,NULOS,BLANCO,EMITIDOS,INVÁLIDOS,TOTAL,IMPUGNACIONES,PAPELETAS-RECIBIDAS,PAPELETAS-NO-USADAS,VALIDOS_CALCULADO,EMITIDOS_CALCULADO,TOTAL_CALCULADO,OBSERVACIONES,CONTABILIZADA,CÓDIGO_INTEGRIDAD,FECHA_HORA_PUBLICACIÓN,DIGITALIZACIÓN
16077,"Huehuetenango",13,"Colotenango",19,2366,400,,,,,,,,,,,,,,,,,,,,,,,,,0,,,
16078,"Huehuetenango",13,"Colotenango",19,2366,400,,,,,,,,,,,,,,,,,,,,,,,,,0,,,
16079,"Huehuetenango",13,"Colotenango",19,2366,400,105,77,23,20,5,11,3,0,5,3,0,252,12,11,275,0,275,--,400,125,252,275,275,Algún campo sin dato,1,11394ef8e9b6d7065101b6b47a96f7d817fb5bb25e7fab6031eb87423c6cc672,26/06/2023 00:26:06,ESCANER
16080,"Huehuetenango",13,"Colotenango",19,2366,400,,,,,,,,,,,,,,,,,,,,,,,,,0,,,
16081,"Huehuetenango",13,"Colotenango",19,2366,400,84,68,18,65,1,10,1,0,6,5,0,258,9,11,278,0,278,--,400,122,258,278,278,Algún campo sin dato,1,1375a97944a70fb08797afef9eef53b34d54c8faca5fbd6efe041d1cf37ead90,25/06/2023 23:48:14,ESCANER
16082,"Huehuetenango",13,"Colotenango",19,2366,400,110,43,12,32,0,7,0,3,0,4,0,211,7,2,220,0,220,--,400,180,211,220,220,Algún campo sin dato,1,45257af31e5c9928626ab423a6d4bf5a1aa39d369c877ac50a06306e9c74d525,25/06/2023 23:00:54,ESCANER
16083,"Huehuetenango",13,"Colotenango",19,2367,400,81,61,17,44,3,12,0,0,0,1,0,219,14,10,243,0,243,--,400,157,219,243,243,Algún campo sin dato,1,8c52b50be438499c5a198022d40fbed3562e560bf3a778bf230e11ff09242687,26/06/2023 00:00:14,ESCANER
16084,"Huehuetenango",13,"Colotenango",19,2367,400,,,,,,,,,,,,,,,,,,,,,,,,,0,,,
16085,"Huehuetenango",13,"Colotenango",19,2368,400,,,,,,,,,,,,,,,,,,,,,,,,,0,,,
16086,"Huehuetenango",13,"Colotenango",19,2368,400,102,73,14,28,2,6,0,1,1,0,0,227,5,2,234,1,235,--,400,165,227,234,235,Algún campo sin dato,1,71f8efc65f5419780c8329017da461f1c55618f014d9e986c68b1e3d0d7c3466,25/06/2023 22:39:01,ESCANER
16087,"Huehuetenango",13,"Colotenango",19,2368,277,70,38,11,18,0,4,0,1,5,0,0,147,2,4,153,--,--,--,--,--,147,153,153,Algún campo sin dato,1,e9a19661dc7e10ff29589457404a079b1f80c358a38bbd55f279670f0df740bd,25/06/2023 21:15:23,ESCANER
16088,"Huehuetenango",13,"Colotenango",19,2368,277,43,37,8,19,0,6,0,0,2,1,0,116,3,4,123,2,125,--,277,152,116,123,125,Algún campo sin dato,1,4e3f33dff2d157d3bb63b90c96dc2cb7cfeff28c3e53e319a58474e1412dfc54,25/06/2023 21:36:16,ESCANER
16089,"Huehuetenango",13,"Colotenango",19,2369,400,,,,,,,,,,,,,,,,,,,,,,,,,0,,,
16090,"Huehuetenango",13,"Colotenango",19,2369,400,164,34,6,13,5,14,0,1,5,0,0,242,9,11,262,138,400,--,400,138,242,262,400,Algún campo sin dato,1,8b11f54023b1bed8798d4cf83985ca07fdf7087192442f92e81ea554bf425a70,25/06/2023 23:05:31,ESCANER
16091,"Huehuetenango",13,"Colotenango",19,2369,400,,,,,,,,,,,,,,,,,,,,,,,,,0,,,
16092,"Huehuetenango",13,"Colotenango",19,2369,400,,,,,,,,,,,,,,,,,,,,,,,,,0,,,
16093,"Huehuetenango",13,"Colotenango",19,2369,372,113,40,20,14,5,19,0,0,1,0,0,212,2,2,216,0,216,--,372,153,212,216,216,Algún campo sin dato,1,984725f466c331d168f6993e414312671670ed26dc1d34b5620123e75fd698c1,26/06/2023 00:26:20,ESCANER
16094,"Huehuetenango",13,"Colotenango",19,2369,372,112,31,15,31,7,8,0,0,1,0,0,205,2,1,208,0,208,--,--,--,205,208,208,Algún campo sin dato,1,8aaec6c80cca86bf16ae85da1bf22ce1f3ce719b248c527c86b155713cb32a70,25/06/2023 23:52:27,ESCANER
16095,"Huehuetenango",13,"Colotenango",19,2370,400,125,23,25,12,10,53,3,0,0,1,0,252,12,7,271,0,271,--,401,130,252,271,271,Algún campo sin dato,1,8aeef5e47c71b172fce5f4a3b7298303a6ca09a9622f9211753b402787f43ce3,25/06/2023 23:03:08,ESCANER
16096,"Huehuetenango",13,"Colotenango",19,2370,257,58,10,9,4,8,30,0,0,1,0,0,120,1,5,126,0,126,--,257,128,120,126,126,Algún campo sin dato,1,adda7d5d4cfed3883934114b1aedf4b0444b72d562a0d66ff3517031f1d4e9b8,25/06/2023 21:27:10,ESCANER
16097,"Huehuetenango",13,"Colotenango",19,2370,257,50,9,14,7,4,35,0,0,0,0,0,119,1,3,123,0,123,--,257,134,119,123,123,Algún campo sin dato,1,e056dfa0dadaa21286e153f70aafbb506a5ea35728d3b445c09e865c454a7d80,25/06/2023 20:39:29,ESCANER
16098,"Huehuetenango",13,"Colotenango",19,2371,380,,,,,,,,,,,,,,,,,,,,,,,,,0,,,
16099,"Huehuetenango",13,"Colotenango",19,2371,380,,,,,,,,,,,,,,,,,,,,,,,,,0,,,
16100,"Huehuetenango",13,"Colotenango",19,2371,380,,,,,,,,,,,,,,,,,,,,,,,,,0,,,
16101,"Huehuetenango",13,"Colotenango",19,2371,380,,,,,,,,,,,,,,,,,,,,,,,,,0,,,
16102,"Huehuetenango",13,"Colotenango",19,2371,380,121,17,7,4,24,18,1,0,1,1,0,193,14,6,213,0,213,--,380,167,194,214,214,Sumas Asentadas sin cuadrar,1,a8c3f5179822ad0bbe4a5c480f1995fdbe55a3c22243e1519b704ecf5f31f8d2,26/06/2023 00:13:20,ESCANER
16103,"Huehuetenango",13,"Colotenango",19,2371,380,83,22,9,15,16,27,0,1,0,1,0,174,3,2,179,0,179,--,380,198,174,179,179,Algún campo sin dato,1,e77cec0f169be9389eea1720d1c094d93a39d8d9bba4e4ce349698ca6e73791c,25/06/2023 23:49:48,ESCANER
16104,"Huehuetenango",13,"Colotenango",19,2371,380,,,,,,,,,,,,,,,,,,,,,,,,,0,,,
16105,"Huehuetenango",13,"Colotenango",19,2371,332,,,,,,,,,,,,,,,,,,,,,,,,,0,,,
16106,"Huehuetenango",13,"Colotenango",19,2371,331,,,,,,,,,,,,,,,,,,,,,,,,,0,,,
16107,"Huehuetenango",13,"Colotenango",19,2372,380,84,63,8,8,26,10,1,0,9,0,0,209,14,11,234,0,234,--,380,146,209,234,234,Algún campo sin dato,1,beb5c07a20e611b82ba80c43718efba99e730fcf944247154f19ca1f389d38de,25/06/2023 23:41:53,ESCANER
16108,"Huehuetenango",13,"Colotenango",19,2372,380,,,,,,,,,,,,,,,,,,,,,,,,,0,,,
16109,"Huehuetenango",13,"Colotenango",19,2372,380,,,,,,,,,,,,,,,,,,,,,,,,,0,,,
16110,"Huehuetenango",13,"Colotenango",19,2372,380,66,70,1,5,23,14,0,0,3,0,0,182,10,4,196,0,196,--,379,183,182,196,196,Algún campo sin dato,1,d08a197a9104c5a7dfacabc568d8f5ceed36b2769d85184336abf8bdbe842bd1,26/06/2023 00:24:17,ESCANER
16111,"Huehuetenango",13,"Colotenango",19,2372,380,57,47,7,6,21,18,0,0,1,0,0,157,7,5,169,0,169,--,380,211,157,169,169,Algún campo sin dato,1,e690b77386c412e45a19b473658c0c15eb6ad9a9ccaa85e4dceadfb2bfed0659,25/06/2023 23:45:52,ESCANER
16112,"Huehuetenango",13,"Colotenango",19,2372,197,32,28,7,1,9,3,0,1,3,0,0,84,2,2,88,0,88,--,197,109,84,88,88,Algún campo sin dato,1,4716db2e866dd38b06d861388bb584361d72e7dfbaeb94e372fd73a0ec70408a,25/06/2023 21:59:21,ESCANER
16113,"Huehuetenango",13,"Colotenango",19,2372,197,37,12,3,3,6,4,0,0,4,0,0,69,1,0,70,2,72,--,197,125,69,70,72,Algún campo sin dato,1,a6799362f6772dd59c050b4560e819ad3451368c87363a99129acd6d823420c3,25/06/2023 21:23:44,ESCANER
16114,"Huehuetenango",13,"Colotenango",19,2373,380,,,,,,,,,,,,,,,,,,,,,,,,,0,,,
16115,"Huehuetenango",13,"Colotenango",19,2373,380,,,,,,,,,,,,,,,,,,,,,,,,,0,,,
16116,"Huehuetenango",13,"Colotenango",19,2373,380,,,,,,,,,,,,,,,,,,,,,,,,,0,,,
16117,"Huehuetenango",13,"Colotenango",19,2373,380,,,,,,,,,,,,,,,,,,,,,,,,,0,,,
16118,"Huehuetenango",13,"Colotenango",19,2373,380,,,,,,,,,,,,,,,,,,,,,,,,,0,,,
16119,"Huehuetenango",13,"Colotenango",19,2373,333,,,,,,,,,,,,,,,,,,,,,,,,,0,,,
16120,"Huehuetenango",13,"Colotenango",19,2373,333,,,,,,,,,,,,,,,,,,,,,,,,,0,,,
16121,"Huehuetenango",13,"Colotenango",19,2374,380,,,,,,,,,,,,,,,,,,,,,,,,,0,,,
16122,"Huehuetenango",13,"Colotenango",19,2374,380,,,,,,,,,,,,,,,,,,,,,,,,,0,,,
16123,"Huehuetenango",13,"Colotenango",19,2374,353,,,,,,,,,,,,,,,,,,,,,,,,,0,,,
16124,"Huehuetenango",13,"Colotenango",19,2374,353,,,,,,,,,,,,,,,,,,,,,,,,,0,,,
16125,"Huehuetenango",13,"Colotenango",19,2375,380,,,,,,,,,,,,,,,,,,,,,,,,,0,,,
16126,"Huehuetenango",13,"Colotenango",19,2375,380,,,,,,,,,,,,,,,,,,,,,,,,,0,,,
16127,"Huehuetenango",13,"Colotenango",19,2375,380,,,,,,,,,,,,,,,,,,,,,,,,,0,,,
16128,"Huehuetenango",13,"Colotenango",19,2375,380,,,,,,,,,,,,,,,,,,,,,,,,,0,,,
16129,"Huehuetenango",13,"Colotenango",19,2375,380,,,,,,,,,,,,,,,,,,,,,,,,,0,,,
16130,"Huehuetenango",13,"Colotenango",19,2375,380,,,,,,,,,,,,,,,,,,,,,,,,,0,,,
16131,"Huehuetenango",13,"Colotenango",19,2375,274,,,,,,,,,,,,,,,,,,,,,,,,,0,,,
16132,"Huehuetenango",13,"Colotenango",19,2375,273,,,,,,,,,,,,,,,,,,,,,,,,,0,,,
16133,"Huehuetenango",13,"Colotenango",19,2376,363,11,11,5,5,6,4,0,1,0,0,0,43,4,2,49,0,49,--,361,312,43,49,49,Algún campo sin dato,1,36ddd1fcf65543b5130c52ca4d31355af0084216b3f5df88f80d1baa1f16440b,25/06/2023 21:47:46,ESCANER