﻿TIPO_DE_ELECCIÓN:,CORPORACIÓN MUNICIPAL
26 junio 2023 00:28 (UTC -6)
ACTAS_ESPERADAS,ACTAS_CAPTURADAS,PORCENTAJE_ACTAS_CAPTURADAS,ACTAS_CONTABILIZADAS,PORCENTAJE_ACTAS_CONTABILIZADAS,ACTAS_NO_CONTABILIZADAS,LISTA_NOMINAL_ACTAS_CONTABILIZADAS,VOTOS_EMITIDOS_CONTABILIZADAS,PORCENTAJE_PARTICIPACIÓN_CIUDADANA
97,40,41.2371,40,41.2371,0,14918,6664,44.6708

MESA,DEPARTAMENTO,ID_DEPARTAMENTO,MUNICIPIO,ID_MUNICIPIO,CENTRO_DE_VOTACIÓN,PADRÓN,VAMOS,TODOS,VALOR,MLP,VIVA,ELEFANTE,CAMBIO,UNE,PPN,VÁLIDOS,NULOS,BLANCO,EMITIDOS,INVÁLIDOS,TOTAL,IMPUGNACIONES,PAPELETAS-RECIBIDAS,PAPELETAS-NO-USADAS,VALIDOS_CALCULADO,EMITIDOS_CALCULADO,TOTAL_CALCULADO,OBSERVACIONES,CONTABILIZADA,CÓDIGO_INTEGRIDAD,FECHA_HORA_PUBLICACIÓN,DIGITALIZACIÓN
21793,"Izabal",18,"Los Amates",5,3376,400,,,,,,,,,,,,,,,,,,,,,,,0,,,
21794,"Izabal",18,"Los Amates",5,3376,400,,,,,,,,,,,,,,,,,,,,,,,0,,,
21795,"Izabal",18,"Los Amates",5,3376,400,,,,,,,,,,,,,,,,,,,,,,,0,,,
21796,"Izabal",18,"Los Amates",5,3376,400,,,,,,,,,,,,,,,,,,,,,,,0,,,
21797,"Izabal",18,"Los Amates",5,3376,400,,,,,,,,,,,,,,,,,,,,,,,0,,,
21798,"Izabal",18,"Los Amates",5,3376,400,70,119,1,1,5,2,2,45,0,245,8,0,253,0,253,--,400,147,245,253,253,Algún campo sin dato,1,77fb056c131ea15a67c24c02ba8c4596e1b399b571c5c344506ef716f2528909,25/06/2023 23:19:52,ESCANER
21799,"Izabal",18,"Los Amates",5,3376,400,,,,,,,,,,,,,,,,,,,,,,,0,,,
21800,"Izabal",18,"Los Amates",5,3376,400,,,,,,,,,,,,,,,,,,,,,,,0,,,
21801,"Izabal",18,"Los Amates",5,3376,400,,,,,,,,,,,,,,,,,,,,,,,0,,,
21802,"Izabal",18,"Los Amates",5,3377,287,53,86,1,2,4,0,1,29,0,176,2,0,178,0,178,--,287,109,176,178,178,Algún campo sin dato,1,13004d3469089a3eccb64bce5317d0d9ec6415f00943958a939ab5613f5628bc,25/06/2023 22:42:29,ESCANER
21803,"Izabal",18,"Los Amates",5,3377,286,31,74,0,1,1,0,1,22,0,130,4,2,136,0,136,--,286,150,130,136,136,Algún campo sin dato,1,57a86481f98e1c9906ee2a7c017e63fe1e4cc5eab8f34a120c4b76f0bca789ab,25/06/2023 22:59:23,ESCANER
21804,"Izabal",18,"Los Amates",5,3378,228,35,53,0,0,3,0,0,30,0,121,12,1,134,0,134,--,228,94,121,134,134,Algún campo sin dato,1,f5eae916cce4a7c3e2e514e1177150c132ce083ebc3288cfd8b65977e5f63af9,25/06/2023 22:10:06,ESCANER
21805,"Izabal",18,"Los Amates",5,3379,400,,,,,,,,,,,,,,,,,,,,,,,0,,,
21806,"Izabal",18,"Los Amates",5,3379,400,,,,,,,,,,,,,,,,,,,,,,,0,,,
21807,"Izabal",18,"Los Amates",5,3379,400,,,,,,,,,,,,,,,,,,,,,,,0,,,
21808,"Izabal",18,"Los Amates",5,3379,400,,,,,,,,,,,,,,,,,,,,,,,0,,,
21809,"Izabal",18,"Los Amates",5,3379,400,52,86,2,2,2,1,4,55,1,205,16,1,222,0,222,--,400,178,205,222,222,Algún campo sin dato,1,aa34ed068a04547fddb7a5a2ae59bec730bfc958d044f73e0d3ff2cffd993209,26/06/2023 00:22:17,ESCANER
21810,"Izabal",18,"Los Amates",5,3379,400,,,,,,,,,,,,,,,,,,,,,,,0,,,
21811,"Izabal",18,"Los Amates",5,3379,400,36,89,2,3,5,1,5,68,0,209,9,2,11,0,220,--,400,180,209,220,220,Sumas Asentadas sin cuadrar,1,11e1f9d0ab30d882d399eb6cac3bfdae1e991702548fec0d654e3c769bdc7831,25/06/2023 23:56:22,ESCANER
21812,"Izabal",18,"Los Amates",5,3379,400,,,,,,,,,,,,,,,,,,,,,,,0,,,
21813,"Izabal",18,"Los Amates",5,3379,388,,,,,,,,,,,,,,,,,,,,,,,0,,,
21814,"Izabal",18,"Los Amates",5,3379,387,,,,,,,,,,,,,,,,,,,,,,,0,,,
21815,"Izabal",18,"Los Amates",5,3380,400,,,,,,,,,,,,,,,,,,,,,,,0,,,
21816,"Izabal",18,"Los Amates",5,3380,400,,,,,,,,,,,,,,,,,,,,,,,0,,,
21817,"Izabal",18,"Los Amates",5,3380,311,,,,,,,,,,,,,,,,,,,,,,,0,,,
21818,"Izabal",18,"Los Amates",5,3380,311,,,,,,,,,,,,,,,,,,,,,,,0,,,
21819,"Izabal",18,"Los Amates",5,3381,400,,,,,,,,,,,,,,,,,,,,,,,0,,,
21820,"Izabal",18,"Los Amates",5,3381,400,,,,,,,,,,,,,,,,,,,,,,,0,,,
21821,"Izabal",18,"Los Amates",5,3381,400,,,,,,,,,,,,,,,,,,,,,,,0,,,
21822,"Izabal",18,"Los Amates",5,3381,294,49,66,1,0,0,0,0,42,0,158,5,1,164,0,164,--,294,130,158,164,164,Algún campo sin dato,1,8de7617a65c52d2d2a3fa151a22a09cddd48b728f0df32159425895a015c7160,26/06/2023 00:13:00,ESCANER
21823,"Izabal",18,"Los Amates",5,3381,293,33,94,0,0,0,1,1,35,0,164,3,1,168,0,168,--,293,125,164,168,168,Algún campo sin dato,1,97d68a5c7192291517646508c9293f73bb7385822f0f122154c6ac0a95f1dadb,25/06/2023 22:09:26,ESCANER
21824,"Izabal",18,"Los Amates",5,3382,380,,,,,,,,,,,,,,,,,,,,,,,0,,,
21825,"Izabal",18,"Los Amates",5,3382,380,,,,,,,,,,,,,,,,,,,,,,,0,,,
21826,"Izabal",18,"Los Amates",5,3382,380,46,72,1,2,1,0,1,54,0,177,6,8,191,0,191,--,380,189,177,191,191,Algún campo sin dato,1,9cf1e95c07e7138de413a9aa83846076bc5ff13c40e8ad4bea508811be80ccac,25/06/2023 23:43:25,ESCANER
21827,"Izabal",18,"Los Amates",5,3382,380,,,,,,,,,,,,,,,,,,,,,,,0,,,
21828,"Izabal",18,"Los Amates",5,3382,380,40,58,0,1,0,0,0,41,0,140,11,1,152,0,152,--,380,228,140,152,152,Algún campo sin dato,1,e6c23d09e36637c21ee83fc85ee048fe54c1d554a90a6fc0cd49e3f9b047350d,25/06/2023 23:28:54,ESCANER
21829,"Izabal",18,"Los Amates",5,3382,276,34,47,1,1,0,0,0,41,0,124,3,1,128,0,128,--,276,148,124,128,128,Algún campo sin dato,1,234c7284ce3a1752a64cf822fd24ae4d1550057b280fe29611be4dcfd7c2d4c6,25/06/2023 23:16:00,ESCANER
21830,"Izabal",18,"Los Amates",5,3382,275,30,24,3,1,0,0,0,20,0,78,7,0,85,2,87,--,272,185,78,85,87,Algún campo sin dato,1,c04c84dc11e57f8dc98fdd4b189c122e21b84b168a35a9ff980a47d3fec3b8f2,25/06/2023 23:00:28,ESCANER
21831,"Izabal",18,"Los Amates",5,3383,380,,,,,,,,,,,,,,,,,,,,,,,0,,,
21832,"Izabal",18,"Los Amates",5,3383,380,,,,,,,,,,,,,,,,,,,,,,,0,,,
21833,"Izabal",18,"Los Amates",5,3383,380,,,,,,,,,,,,,,,,,,,,,,,0,,,
21834,"Izabal",18,"Los Amates",5,3383,380,,,,,,,,,,,,,,,,,,,,,,,0,,,
21835,"Izabal",18,"Los Amates",5,3383,380,75,22,1,1,1,0,0,70,0,170,22,3,195,0,195,--,380,185,170,195,195,Algún campo sin dato,1,9288aef1d6994d2edcfc6a27abc4d20966d0a5fa7dd4cba319f44c1dfc60d087,25/06/2023 23:30:17,ESCANER
21836,"Izabal",18,"Los Amates",5,3383,380,,,,,,,,,,,,,,,,,,,,,,,0,,,
21837,"Izabal",18,"Los Amates",5,3383,268,53,26,0,0,0,0,0,63,0,142,3,1,146,0,146,1,268,122,142,146,146,,1,07ce59fe37de109703a74427834f81b35b9b274cde4408fda72b718e5e7d698d,25/06/2023 23:15:20,ESCANER
21838,"Izabal",18,"Los Amates",5,3383,267,,,,,,,,,,,,,,,,,,,,,,,0,,,
21839,"Izabal",18,"Los Amates",5,3384,380,38,60,2,3,8,0,0,82,0,193,12,3,208,0,208,--,380,169,193,208,208,Algún campo sin dato,1,31c95e4e60a84143cc8e1bcc6dc6cfcbc0f0e06cf9460c7dbbe1653a102cde57,25/06/2023 23:39:13,ESCANER
21840,"Izabal",18,"Los Amates",5,3384,380,34,70,3,5,2,0,0,84,0,198,21,4,223,0,223,--,380,157,198,223,223,Algún campo sin dato,1,289363638a79a9c05463da94da95986524251e695e801a6e20352f89ba7adc19,25/06/2023 22:18:51,ESCANER
21841,"Izabal",18,"Los Amates",5,3384,380,41,58,0,7,2,0,0,72,0,180,22,4,206,0,206,--,380,174,180,206,206,Algún campo sin dato,1,0c5a5a88397eb8aa44c411d190727a5c3993ecbacf08166a8c8b5df821bafd1f,25/06/2023 23:25:09,ESCANER
21842,"Izabal",18,"Los Amates",5,3384,380,,,,,,,,,,,,,,,,,,,,,,,0,,,
21843,"Izabal",18,"Los Amates",5,3384,380,,,,,,,,,,,,,,,,,,,,,,,0,,,
21844,"Izabal",18,"Los Amates",5,3384,380,,,,,,,,,,,,,,,,,,,,,,,0,,,
21845,"Izabal",18,"Los Amates",5,3384,380,40,56,1,0,1,0,1,94,0,193,10,0,203,0,204,1,380,176,193,203,203,Sumas Asentadas sin cuadrar,1,d7420f2e286af9fde8d80039142b341a3dc2d1ac590cf4ce5ed3a8eea3e45a2e,25/06/2023 22:33:57,ESCANER
21846,"Izabal",18,"Los Amates",5,3384,380,31,62,1,3,3,0,1,77,0,178,8,3,189,0,189,--,380,191,178,189,189,Algún campo sin dato,1,5e20b0f121b9af717d45e9a7f032fa404fcc9dbcba4f47b610ec5b55ff81875d,25/06/2023 23:16:03,ESCANER
21847,"Izabal",18,"Los Amates",5,3385,380,35,71,0,2,0,0,1,70,0,179,7,2,188,0,188,--,380,192,179,188,188,Algún campo sin dato,1,7b67825f0d31dc7fa5e404504e5e1e5d8438f38ed70a0bff08f8951b784cc271,25/06/2023 23:48:09,ESCANER
21848,"Izabal",18,"Los Amates",5,3385,256,28,45,0,0,0,0,1,45,0,119,4,2,125,0,125,--,256,131,119,125,125,Algún campo sin dato,1,269e2ed0a6838fc6a1435f7f0ba247bf157ff92cde010adbf109e6bc8031a351,25/06/2023 22:42:51,ESCANER
21849,"Izabal",18,"Los Amates",5,3385,255,21,35,0,0,0,0,0,41,0,97,3,3,103,0,103,1,255,152,97,103,103,,1,66be7140ecddc1e3f3b6bb31fb9181bd48a18d09cfcdadccf2bff4eff4a12bfa,25/06/2023 23:08:04,ESCANER
21850,"Izabal",18,"Los Amates",5,3386,380,,,,,,,,,,,,,,,,,,,,,,,0,,,
21851,"Izabal",18,"Los Amates",5,3386,380,,,,,,,,,,,,,,,,,,,,,,,0,,,
21852,"Izabal",18,"Los Amates",5,3386,380,71,92,0,0,3,2,7,50,0,225,34,4,263,0,263,0,380,117,225,263,263,,1,82e7e7f365ac2fbda287168b1e60ed1b9d242ebf3ddbadb4cfe599d4e7315026,26/06/2023 00:23:04,ESCANER
21853,"Izabal",18,"Los Amates",5,3386,380,,,,,,,,,,,,,,,,,,,,,,,0,,,
21854,"Izabal",18,"Los Amates",5,3386,380,63,51,3,1,0,4,6,58,0,186,20,4,210,0,210,--,381,171,186,210,210,Algún campo sin dato,1,9f22c84cff39373a0a1698d5667bda2d5fdf20fe3afa036f6e514b18e3d5dbb4,25/06/2023 22:44:15,ESCANER
21855,"Izabal",18,"Los Amates",5,3386,380,,,,,,,,,,,,,,,,,,,,,,,0,,,
21856,"Izabal",18,"Los Amates",5,3386,380,42,68,2,0,2,2,5,49,0,170,11,6,187,0,187,--,380,193,170,187,187,Algún campo sin dato,1,82793612e4d63309f8c24ba6b29bbaba88d8141114ac69da27441ed24a46b596,25/06/2023 23:36:33,ESCANER
21857,"Izabal",18,"Los Amates",5,3386,328,51,70,1,0,0,1,5,38,0,166,7,0,173,0,173,--,327,154,166,173,173,Algún campo sin dato,1,9fe33761970350d47564bab07a93c6c300fcb629716e0dde2dcd526ff2568f3a,26/06/2023 00:05:53,ESCANER
21858,"Izabal",18,"Los Amates",5,3386,327,52,42,0,0,0,2,4,28,0,128,10,1,139,0,139,--,327,188,128,139,139,Algún campo sin dato,1,9f07466c781f2eaa3660d5f22c8a4421ba9126ea3385e11b1f102cbf2fc579d3,25/06/2023 23:58:10,ESCANER
21859,"Izabal",18,"Los Amates",5,3387,380,,,,,,,,,,,,,,,,,,,,,,,0,,,
21860,"Izabal",18,"Los Amates",5,3387,380,,,,,,,,,,,,,,,,,,,,,,,0,,,
21861,"Izabal",18,"Los Amates",5,3388,380,,,,,,,,,,,,,,,,,,,,,,,0,,,
21862,"Izabal",18,"Los Amates",5,3388,380,,,,,,,,,,,,,,,,,,,,,,,0,,,
21863,"Izabal",18,"Los Amates",5,3388,380,,,,,,,,,,,,,,,,,,,,,,,0,,,
21864,"Izabal",18,"Los Amates",5,3388,202,49,55,0,1,1,0,1,22,0,129,1,0,130,0,130,--,199,69,129,130,130,Algún campo sin dato,1,604703e57b64c1cea3f7fb79d4c2ec94d5dfb58659396d8f59cf081c3c1a195d,26/06/2023 00:23:05,ESCANER
21865,"Izabal",18,"Los Amates",5,3388,202,,,,,,,,,,,,,,,,,,,,,,,0,,,
21866,"Izabal",18,"Los Amates",5,3389,380,,,,,,,,,,,,,,,,,,,,,,,0,,,
21867,"Izabal",18,"Los Amates",5,3389,380,,,,,,,,,,,,,,,,,,,,,,,0,,,
21868,"Izabal",18,"Los Amates",5,3389,332,,,,,,,,,,,,,,,,,,,,,,,0,,,
21869,"Izabal",18,"Los Amates",5,3389,332,86,55,1,0,1,0,0,40,0,183,7,0,190,0,190,--,329,139,183,190,190,Algún campo sin dato,1,d4df08bdfaa13d8082b1a13c68a13e80cdfaa5a27d7f117117618fd72c6bc265,25/06/2023 23:05:41,ESCANER
21870,"Izabal",18,"Los Amates",5,3390,380,,,,,,,,,,,,,,,,,,,,,,,0,,,
21871,"Izabal",18,"Los Amates",5,3390,380,,,,,,,,,,,,,,,,,,,,,,,0,,,
21872,"Izabal",18,"Los Amates",5,3390,380,,,,,,,,,,,,,,,,,,,,,,,0,,,
21873,"Izabal",18,"Los Amates",5,3390,380,,,,,,,,,,,,,,,,,,,,,,,0,,,
21874,"Izabal",18,"Los Amates",5,3390,380,,,,,,,,,,,,,,,,,,,,,,,0,,,
21875,"Izabal",18,"Los Amates",5,3390,380,,,,,,,,,,,,,,,,,,,,,,,0,,,
21876,"Izabal",18,"Los Amates",5,3390,380,96,77,2,0,0,1,0,56,0,232,10,2,244,0,244,--,377,133,232,244,244,Algún campo sin dato,1,4655eb0a6243667d1caf99e67b25d78b1e3c85817944173da5cff7f14003ba11,25/06/2023 23:41:02,ESCANER
21877,"Izabal",18,"Los Amates",5,3390,380,,,,,,,,,,,,,,,,,,,,,,,0,,,
21878,"Izabal",18,"Los Amates",5,3391,380,,,,,,,,,,,,,,,,,,,,,,,0,,,
21879,"Izabal",18,"Los Amates",5,3391,380,79,87,1,0,1,3,1,54,0,226,9,2,237,0,237,--,377,140,226,237,237,Algún campo sin dato,1,05f31c1c36fc9cca917f847f57f0d00accf1058dbbd0ae811ef423f9a26234b8,26/06/2023 00:24:32,ESCANER
21880,"Izabal",18,"Los Amates",5,3391,380,91,79,0,0,2,0,0,27,0,199,3,0,202,0,202,--,380,178,199,202,202,Algún campo sin dato,1,14516c263b8292779131530424b0c0cd3a75f291182a3fc9e981a9f8d1ddd894,26/06/2023 00:14:09,ESCANER
21881,"Izabal",18,"Los Amates",5,3391,336,,,,,,,,,,,,,,,,,,,,,,,0,,,
21882,"Izabal",18,"Los Amates",5,3391,336,64,52,1,0,3,0,0,38,1,159,1,3,163,1,164,--,336,172,159,163,164,Algún campo sin dato,1,ee20b04d873034bf8fbc08efb7c8f6c834cf3c32bfe31392e69b72c19b403268,25/06/2023 23:13:03,ESCANER
21883,"Izabal",18,"Los Amates",5,3392,600,58,48,1,3,2,2,1,37,0,152,14,0,166,0,166,--,600,434,152,166,166,Algún campo sin dato,1,4b85ca3db21490b9e8ce49cf48c14413993acc182f76b215372147ee678fe42b,26/06/2023 00:07:55,ESCANER
21884,"Izabal",18,"Los Amates",5,3392,600,42,55,2,0,2,0,3,22,0,126,12,6,144,0,144,--,600,456,126,144,144,Algún campo sin dato,1,7929462aa1e68ff3ae8d27ab9224cd0c288546cec4387e223cee131a3465d67f,25/06/2023 23:10:51,ESCANER
21885,"Izabal",18,"Los Amates",5,3392,600,41,36,3,1,3,0,3,34,0,121,12,3,136,0,136,--,600,464,121,136,136,Algún campo sin dato,1,9383d2c3856d4af5ae34e10accf08fc6ba5ab75952dba5be9f00358158ad27a2,25/06/2023 22:59:40,ESCANER
21886,"Izabal",18,"Los Amates",5,3392,600,39,47,1,1,3,--,3,32,--,126,8,7,141,--,--,--,600,459,126,141,141,Algún campo sin dato,1,e6d63a40a2bcfcc6be564b9e32cabb9b5dffbfde6af2799cb0254903dc325a37,25/06/2023 22:46:30,ESCANER
21887,"Izabal",18,"Los Amates",5,3392,600,22,29,1,1,1,0,0,21,1,76,6,3,85,0,85,--,552,467,76,85,85,Algún campo sin dato,1,05014f68906aa1c02454333db180e49880d501e2cd8ca2911403f66d88c7172c,25/06/2023 21:29:04,ESCANER
21888,"Izabal",18,"Los Amates",5,3392,388,6,4,0,0,0,0,0,12,0,22,1,0,23,0,23,--,388,365,22,23,23,Algún campo sin dato,1,bc9d593eba086537d9cea605126ace0f87e5e02fb0ce1218d103195b0415ce7c,25/06/2023 22:05:25,ESCANER
21889,"Izabal",18,"Los Amates",5,3392,387,3,4,0,0,0,0,1,5,0,13,1,0,14,0,14,--,387,373,13,14,14,Algún campo sin dato,1,513d80551e8a3088a5ab655044ebd1b11cf2fd1f1e43313f85d5a9404452d80c,25/06/2023 22:06:58,ESCANER