﻿TIPO_DE_ELECCIÓN:,CORPORACIÓN MUNICIPAL
26 junio 2023 00:28 (UTC -6)
ACTAS_ESPERADAS,ACTAS_CAPTURADAS,PORCENTAJE_ACTAS_CAPTURADAS,ACTAS_CONTABILIZADAS,PORCENTAJE_ACTAS_CONTABILIZADAS,ACTAS_NO_CONTABILIZADAS,LISTA_NOMINAL_ACTAS_CONTABILIZADAS,VOTOS_EMITIDOS_CONTABILIZADAS,PORCENTAJE_PARTICIPACIÓN_CIUDADANA
29,14,48.2758,14,48.2758,0,5315,4352,81.8814

MESA,DEPARTAMENTO,ID_DEPARTAMENTO,MUNICIPIO,ID_MUNICIPIO,CENTRO_DE_VOTACIÓN,PADRÓN,UNE,UNIONISTA,PODEMOS,VALOR,VAMOS,CAMBIO,TODOS,VÁLIDOS,NULOS,BLANCO,EMITIDOS,INVÁLIDOS,TOTAL,IMPUGNACIONES,PAPELETAS-RECIBIDAS,PAPELETAS-NO-USADAS,VALIDOS_CALCULADO,EMITIDOS_CALCULADO,TOTAL_CALCULADO,OBSERVACIONES,CONTABILIZADA,CÓDIGO_INTEGRIDAD,FECHA_HORA_PUBLICACIÓN,DIGITALIZACIÓN
6256,"Chimaltenango",3,"Santa Apolonia",5,666,400,,,,,,,,,,,,,,,,,,,,,0,,,
6257,"Chimaltenango",3,"Santa Apolonia",5,666,400,6,134,48,10,127,5,7,337,6,1,344,0,344,0,401,57,337,344,344,,1,a64454ef965c33dee485da46cc5a51009599621431f7472e13ec5079998917e6,26/06/2023 00:18:10,ESCANER
6258,"Chimaltenango",3,"Santa Apolonia",5,666,400,12,113,78,5,94,6,13,321,6,4,331,0,331,--,400,69,321,331,331,Algún campo sin dato,1,da9ec86ecb34dc9e9b60b113e643d804568ea4c070247a6b56e68e9cea474122,25/06/2023 22:44:28,ESCANER
6259,"Chimaltenango",3,"Santa Apolonia",5,666,400,,,,,,,,,,,,,,,,,,,,,0,,,
6260,"Chimaltenango",3,"Santa Apolonia",5,666,400,6,125,66,4,132,3,4,340,9,4,353,0,353,0,400,47,340,353,353,,1,6c885a25653c063f24ec27e9b47ed8c4c3ba27b15d977ddd6e4ab23d38c3b1ac,25/06/2023 23:29:28,ESCANER
6261,"Chimaltenango",3,"Santa Apolonia",5,666,400,,,,,,,,,,,,,,,,,,,,,0,,,
6262,"Chimaltenango",3,"Santa Apolonia",5,666,400,,,,,,,,,,,,,,,,,,,,,0,,,
6263,"Chimaltenango",3,"Santa Apolonia",5,666,400,,,,,,,,,,,,,,,,,,,,,0,,,
6264,"Chimaltenango",3,"Santa Apolonia",5,666,400,8,117,60,6,112,11,2,316,2,1,319,0,319,--,400,81,316,319,319,Algún campo sin dato,1,c4974abe9c14c64bf17347c23d379d2b15854d1b67c9d56df7649f8cc8ebcb76,25/06/2023 23:55:45,ESCANER
6265,"Chimaltenango",3,"Santa Apolonia",5,666,400,,,,,,,,,,,,,,,,,,,,,0,,,
6266,"Chimaltenango",3,"Santa Apolonia",5,666,400,8,123,55,2,100,10,12,310,8,1,319,0,319,--,401,82,310,319,319,Algún campo sin dato,1,c1c8682cd0d075e556cfc09290424575d647218ea659b633b164525ec763a5c1,26/06/2023 00:05:21,ESCANER
6267,"Chimaltenango",3,"Santa Apolonia",5,666,400,8,93,63,6,107,8,9,294,5,3,302,0,302,0,400,98,294,302,302,,1,99e7128ac7c01dff39ece4468a97618e7fcf176bcfc2a53566f3731d8ba6e75d,25/06/2023 22:55:19,ESCANER
6268,"Chimaltenango",3,"Santa Apolonia",5,666,400,6,128,60,5,81,6,6,292,2,0,294,0,294,0,400,103,292,294,294,,1,dbcac22b64581dc261a805a69741c783b6cc1a175e3863e27b2a25128ffdf976,26/06/2023 00:14:11,ESCANER
6269,"Chimaltenango",3,"Santa Apolonia",5,666,400,,,,,,,,,,,,,,,,,,,,,0,,,
6270,"Chimaltenango",3,"Santa Apolonia",5,666,400,3,118,64,2,110,6,3,306,3,1,310,0,310,0,400,90,306,310,310,,1,bc250940b4ad2ed76a11d88d8b8bc666c920d0ba0bb5b0fa1e7de732c1f4340e,26/06/2023 00:20:06,ESCANER
6271,"Chimaltenango",3,"Santa Apolonia",5,666,400,2,138,67,5,104,4,4,324,1,1,326,0,326,--,399,73,324,326,326,Algún campo sin dato,1,760db5e5e6fb8f438e449d6476c24ade407ed82486f591607b7287df92e1456d,25/06/2023 22:21:09,ESCANER
6272,"Chimaltenango",3,"Santa Apolonia",5,666,296,2,71,50,5,84,3,5,220,3,1,224,0,224,0,297,73,220,224,224,,1,6ca6ddfa115fea53d629fe88bbbdf3d9e3096ce394d1d47ca62fd6cae4559ed3,25/06/2023 22:58:21,ESCANER
6273,"Chimaltenango",3,"Santa Apolonia",5,666,296,,,,,,,,,,,,,,,,,,,,,0,,,
6274,"Chimaltenango",3,"Santa Apolonia",5,667,380,,,,,,,,,,,,,,,,,,,,,0,,,
6275,"Chimaltenango",3,"Santa Apolonia",5,667,380,,,,,,,,,,,,,,,,,,,,,0,,,
6276,"Chimaltenango",3,"Santa Apolonia",5,667,380,4,117,115,7,71,10,9,333,3,3,339,0,339,--,380,41,333,339,339,Algún campo sin dato,1,54af78cdec9ef3d8e73bb1d9b66880e182b7342bba919acd944f8d42019fda3d,25/06/2023 23:46:57,ESCANER
6277,"Chimaltenango",3,"Santa Apolonia",5,667,380,0,113,118,0,98,5,9,343,5,4,352,0,352,--,380,28,343,352,352,Algún campo sin dato,1,f07dca1dcae5c43bb6f1a5ddb6a541afefff0256e0dd7bfac15c5dd95e945ee9,25/06/2023 22:33:33,ESCANER
6278,"Chimaltenango",3,"Santa Apolonia",5,667,380,4,107,90,5,84,5,11,306,5,10,321,0,321,0,380,321,306,321,321,,1,5762996ce7d8141d4a5cbb6057fef1ef36c08aa6e7af9bf03a341afb8a26e1e7,26/06/2023 00:23:27,ESCANER
6279,"Chimaltenango",3,"Santa Apolonia",5,667,380,,,,,,,,,,,,,,,,,,,,,0,,,
6280,"Chimaltenango",3,"Santa Apolonia",5,667,380,,,,,,,,,,,,,,,,,,,,,0,,,
6281,"Chimaltenango",3,"Santa Apolonia",5,667,380,,,,,,,,,,,,,,,,,,,,,0,,,
6282,"Chimaltenango",3,"Santa Apolonia",5,667,380,,,,,,,,,,,,,,,,,,,,,0,,,
6283,"Chimaltenango",3,"Santa Apolonia",5,667,280,,,,,,,,,,,,,,,,,,,,,0,,,
6284,"Chimaltenango",3,"Santa Apolonia",5,667,279,1,71,74,1,56,3,7,213,2,3,218,0,218,--,280,62,213,218,218,Algún campo sin dato,1,1fd6ca62488e84a61f8ad43b616667537dbd60ff89d14c1626c64d890450c654,25/06/2023 22:37:38,ESCANER