﻿TIPO_DE_ELECCIÓN:,CORPORACIÓN MUNICIPAL
26 junio 2023 00:28 (UTC -6)
ACTAS_ESPERADAS,ACTAS_CAPTURADAS,PORCENTAJE_ACTAS_CAPTURADAS,ACTAS_CONTABILIZADAS,PORCENTAJE_ACTAS_CONTABILIZADAS,ACTAS_NO_CONTABILIZADAS,LISTA_NOMINAL_ACTAS_CONTABILIZADAS,VOTOS_EMITIDOS_CONTABILIZADAS,PORCENTAJE_PARTICIPACIÓN_CIUDADANA
31,16,51.6129,16,51.6129,0,5918,4845,81.8688

MESA,DEPARTAMENTO,ID_DEPARTAMENTO,MUNICIPIO,ID_MUNICIPIO,CENTRO_DE_VOTACIÓN,PADRÓN,FCN-NACION,PPN,UNE,CABAL,VALOR,VIVA,VAMOS,P A N,VOS,VÁLIDOS,NULOS,BLANCO,EMITIDOS,INVÁLIDOS,TOTAL,IMPUGNACIONES,PAPELETAS-RECIBIDAS,PAPELETAS-NO-USADAS,VALIDOS_CALCULADO,EMITIDOS_CALCULADO,TOTAL_CALCULADO,OBSERVACIONES,CONTABILIZADA,CÓDIGO_INTEGRIDAD,FECHA_HORA_PUBLICACIÓN,DIGITALIZACIÓN
19108,"Alta Verapaz",16,"Tamahú",5,2931,400,9,3,74,3,69,115,17,2,1,288,11,4,303,0,303,--,--,--,293,308,308,Sumas Asentadas sin cuadrar,1,4d39da13c13bf9a10a14546d76cd7cb55fc923d9412406bcb73c453848d7d698,25/06/2023 23:30:27,ESCANER
19109,"Alta Verapaz",16,"Tamahú",5,2931,400,4,4,91,1,85,126,11,2,0,324,6,6,336,0,336,--,400,64,324,336,336,Algún campo sin dato,1,d965b62e60cb8c49c4c7fa39e20c62c291b2c0267b4d39980d8e9c35d5d08872,25/06/2023 23:41:12,ESCANER
19110,"Alta Verapaz",16,"Tamahú",5,2931,400,5,3,113,2,64,116,7,1,1,312,5,7,324,7,331,--,400,69,312,324,331,Algún campo sin dato,1,61b192f9fab8f354521cc815a1b37999d77b114172afcd818164d704ca25c9d7,26/06/2023 00:02:16,ESCANER
19111,"Alta Verapaz",16,"Tamahú",5,2931,400,,,,,,,,,,,,,,,,,,,,,,,0,,,
19112,"Alta Verapaz",16,"Tamahú",5,2931,400,,,,,,,,,,,,,,,,,,,,,,,0,,,
19113,"Alta Verapaz",16,"Tamahú",5,2931,400,,,,,,,,,,,,,,,,,,,,,,,0,,,
19114,"Alta Verapaz",16,"Tamahú",5,2931,400,,,,,,,,,,,,,,,,,,,,,,,0,,,
19115,"Alta Verapaz",16,"Tamahú",5,2931,400,,,,,,,,,,,,,,,,,,,,,,,0,,,
19116,"Alta Verapaz",16,"Tamahú",5,2931,400,,,,,,,,,,,,,,,,,,,,,,,0,,,
19117,"Alta Verapaz",16,"Tamahú",5,2931,371,3,2,95,0,74,92,9,0,0,275,2,1,278,0,278,1,371,93,275,278,278,,1,f538b4f848ddddd9a9f2756cf5a3872e8fafd446ec4a87585874ab0ef50c11ab,25/06/2023 23:52:39,ESCANER
19118,"Alta Verapaz",16,"Tamahú",5,2931,371,4,7,76,3,66,117,5,0,0,278,3,1,282,0,282,--,371,89,278,282,282,Algún campo sin dato,1,bcc4a057ceafaefe74941d407206e70af91c7a57e0e108c18e3db9c01fb0c47c,25/06/2023 23:13:38,ESCANER
19119,"Alta Verapaz",16,"Tamahú",5,2932,380,8,18,117,1,71,74,14,7,0,310,11,1,322,0,322,--,380,58,310,322,322,Algún campo sin dato,1,c2a214b6ae66b43f9a73531708d210087e872e25ba357e757861c55a54da6e6c,25/06/2023 22:34:22,ESCANER
19120,"Alta Verapaz",16,"Tamahú",5,2932,380,,,,,,,,,,,,,,,,,,,,,,,0,,,
19121,"Alta Verapaz",16,"Tamahú",5,2932,380,10,14,123,3,65,97,9,4,2,327,3,3,333,0,333,--,380,47,327,333,333,Algún campo sin dato,1,0fe7dd62e2bb913b5cef02e3707c4cb498e3286058c772e9921174493d8a3aac,25/06/2023 23:19:42,ESCANER
19122,"Alta Verapaz",16,"Tamahú",5,2932,380,,,,,,,,,,,,,,,,,,,,,,,0,,,
19123,"Alta Verapaz",16,"Tamahú",5,2932,380,,,,,,,,,,,,,,,,,,,,,,,0,,,
19124,"Alta Verapaz",16,"Tamahú",5,2932,380,,,,,,,,,,,,,,,,,,,,,,,0,,,
19125,"Alta Verapaz",16,"Tamahú",5,2932,380,12,9,116,1,54,84,7,4,1,288,4,5,297,0,297,--,380,83,288,297,297,Algún campo sin dato,1,96b5eca2ddd5f3442898207c542d9fa56d750ddeeb071d4d84f64fe4c3d117b2,25/06/2023 23:33:53,ESCANER
19126,"Alta Verapaz",16,"Tamahú",5,2932,304,,,,,,,,,,,,,,,,,,,,,,,0,,,
19127,"Alta Verapaz",16,"Tamahú",5,2932,303,4,3,106,1,36,77,4,3,0,234,2,3,239,0,239,--,303,64,234,239,239,Algún campo sin dato,1,bea8d2be7f83dbee99632c624e47c0dcaac5a638ae0864a9cc1ca0f1586b3735,25/06/2023 22:53:12,ESCANER
19128,"Alta Verapaz",16,"Tamahú",5,2933,380,1,5,118,2,51,121,7,2,2,299,6,4,319,0,319,--,380,61,309,319,319,Sumas Asentadas sin cuadrar,1,223f226f48010df68fb95758fcdc9b1c65944732835d837c4f0b5f1f7e0b6cbf,25/06/2023 22:59:00,ESCANER
19129,"Alta Verapaz",16,"Tamahú",5,2933,380,2,10,108,2,61,136,8,0,2,329,3,9,341,--,341,--,380,39,329,341,341,Algún campo sin dato,1,fe62831706886ed58ea5a050117a86c38120763ba122ac24030166edeb7fe9c1,25/06/2023 23:42:04,ESCANER
19130,"Alta Verapaz",16,"Tamahú",5,2933,380,1,11,82,1,66,144,7,1,2,315,2,4,321,0,321,--,377,56,315,321,321,Algún campo sin dato,1,6b35ff8a319af9450d9a66accae4e4722d83164134801c3f5e51729703f3e749,25/06/2023 23:13:52,ESCANER
19131,"Alta Verapaz",16,"Tamahú",5,2933,380,2,9,89,4,86,127,14,2,0,333,3,2,338,0,338,--,380,42,333,338,338,Algún campo sin dato,1,88302f2e8d500a0c348625549e45aae2e319edee42d49ae557feea21a983f432,26/06/2023 00:01:33,ESCANER
19132,"Alta Verapaz",16,"Tamahú",5,2933,380,,,,,,,,,,,,,,,,,,,,,,,0,,,
19133,"Alta Verapaz",16,"Tamahú",5,2933,380,,,,,,,,,,,,,,,,,,,,,,,0,,,
19134,"Alta Verapaz",16,"Tamahú",5,2933,380,,,,,,,,,,,,,,,,,,,,,,,0,,,
19135,"Alta Verapaz",16,"Tamahú",5,2933,380,0,3,99,0,47,141,2,0,0,292,3,0,295,0,295,1,377,81,292,295,295,,1,a05ea900364d85dc3d28fcb41dae17b26d414b4fa1c4ff788c7e8912da2585a0,26/06/2023 00:23:42,ESCANER
19136,"Alta Verapaz",16,"Tamahú",5,2933,380,0,9,88,0,70,131,5,2,1,306,0,2,308,0,308,--,380,72,306,308,308,Algún campo sin dato,1,03cc3a7ce9a53a0dc4fbfc9ef35909e228b3cb0d9ed0d4c4221ec9ca89144fb3,25/06/2023 23:28:32,ESCANER
19137,"Alta Verapaz",16,"Tamahú",5,2933,253,0,6,65,0,50,78,3,1,0,203,0,1,204,0,204,--,253,49,203,204,204,Algún campo sin dato,1,8939149d6b09a26eec28ce8b0212d3765a4f50569dc1057babe6aaf6027c5e04,25/06/2023 21:49:34,ESCANER
19138,"Alta Verapaz",16,"Tamahú",5,2933,252,,,,,,,,,,,,,,,,,,,,,,,0,,,