﻿TIPO_DE_ELECCIÓN:,CORPORACIÓN MUNICIPAL
26 junio 2023 00:28 (UTC -6)
ACTAS_ESPERADAS,ACTAS_CAPTURADAS,PORCENTAJE_ACTAS_CAPTURADAS,ACTAS_CONTABILIZADAS,PORCENTAJE_ACTAS_CONTABILIZADAS,ACTAS_NO_CONTABILIZADAS,LISTA_NOMINAL_ACTAS_CONTABILIZADAS,VOTOS_EMITIDOS_CONTABILIZADAS,PORCENTAJE_PARTICIPACIÓN_CIUDADANA
43,3,6.9767,3,6.9767,0,1200,793,66.0833

MESA,DEPARTAMENTO,ID_DEPARTAMENTO,MUNICIPIO,ID_MUNICIPIO,CENTRO_DE_VOTACIÓN,PADRÓN,VALOR,UNE,CREO,PODEMOS,VOS,VICTORIA,TODOS,PHG,VAMOS,CAMBIO,FCN-NACION,MI FAMILIA,BIEN,VÁLIDOS,NULOS,BLANCO,EMITIDOS,INVÁLIDOS,TOTAL,IMPUGNACIONES,PAPELETAS-RECIBIDAS,PAPELETAS-NO-USADAS,VALIDOS_CALCULADO,EMITIDOS_CALCULADO,TOTAL_CALCULADO,OBSERVACIONES,CONTABILIZADA,CÓDIGO_INTEGRIDAD,FECHA_HORA_PUBLICACIÓN,DIGITALIZACIÓN
7586,"Escuintla",5,"Siquinalá",4,857,400,,,,,,,,,,,,,,,,,,,,,,,,,,,0,,,
7587,"Escuintla",5,"Siquinalá",4,857,400,,,,,,,,,,,,,,,,,,,,,,,,,,,0,,,
7588,"Escuintla",5,"Siquinalá",4,857,400,,,,,,,,,,,,,,,,,,,,,,,,,,,0,,,
7589,"Escuintla",5,"Siquinalá",4,857,400,,,,,,,,,,,,,,,,,,,,,,,,,,,0,,,
7590,"Escuintla",5,"Siquinalá",4,857,400,,,,,,,,,,,,,,,,,,,,,,,,,,,0,,,
7591,"Escuintla",5,"Siquinalá",4,857,400,,,,,,,,,,,,,,,,,,,,,,,,,,,0,,,
7592,"Escuintla",5,"Siquinalá",4,857,400,,,,,,,,,,,,,,,,,,,,,,,,,,,0,,,
7593,"Escuintla",5,"Siquinalá",4,857,400,,,,,,,,,,,,,,,,,,,,,,,,,,,0,,,
7594,"Escuintla",5,"Siquinalá",4,857,400,,,,,,,,,,,,,,,,,,,,,,,,,,,0,,,
7595,"Escuintla",5,"Siquinalá",4,857,400,,,,,,,,,,,,,,,,,,,,,,,,,,,0,,,
7596,"Escuintla",5,"Siquinalá",4,857,400,,,,,,,,,,,,,,,,,,,,,,,,,,,0,,,
7597,"Escuintla",5,"Siquinalá",4,857,400,,,,,,,,,,,,,,,,,,,,,,,,,,,0,,,
7598,"Escuintla",5,"Siquinalá",4,857,400,,,,,,,,,,,,,,,,,,,,,,,,,,,0,,,
7599,"Escuintla",5,"Siquinalá",4,857,400,,,,,,,,,,,,,,,,,,,,,,,,,,,0,,,
7600,"Escuintla",5,"Siquinalá",4,858,400,101,18,23,39,4,34,1,11,11,0,4,0,2,248,8,0,256,0,256,0,400,144,248,256,256,,1,6f9c20e6ad9d7142bf67eb82f95bb8e1a452959d7945407ed0e7abcdb95afbfc,26/06/2023 00:25:14,ESCANER
7601,"Escuintla",5,"Siquinalá",4,858,400,105,20,33,38,3,36,1,8,9,0,2,0,0,255,13,5,273,0,273,0,400,127,255,273,273,,1,81fa8856adb5ad154ceffa8bb8844815d9b5faf85e4a6d13bf4f5108c8c9fd70,26/06/2023 00:10:26,ESCANER
7602,"Escuintla",5,"Siquinalá",4,858,400,,,,,,,,,,,,,,,,,,,,,,,,,,,0,,,
7603,"Escuintla",5,"Siquinalá",4,858,400,,,,,,,,,,,,,,,,,,,,,,,,,,,0,,,
7604,"Escuintla",5,"Siquinalá",4,858,400,,,,,,,,,,,,,,,,,,,,,,,,,,,0,,,
7605,"Escuintla",5,"Siquinalá",4,858,400,,,,,,,,,,,,,,,,,,,,,,,,,,,0,,,
7606,"Escuintla",5,"Siquinalá",4,858,400,,,,,,,,,,,,,,,,,,,,,,,,,,,0,,,
7607,"Escuintla",5,"Siquinalá",4,858,400,,,,,,,,,,,,,,,,,,,,,,,,,,,0,,,
7608,"Escuintla",5,"Siquinalá",4,858,400,,,,,,,,,,,,,,,,,,,,,,,,,,,0,,,
7609,"Escuintla",5,"Siquinalá",4,858,400,109,12,31,38,5,33,1,5,9,0,4,1,2,250,12,2,264,0,264,0,400,136,250,264,264,,1,c2eaf7d0fd350672dfee393ada40f5db9ee18a678210c1076234ed77c79bd7e2,26/06/2023 00:24:31,ESCANER
7610,"Escuintla",5,"Siquinalá",4,859,400,,,,,,,,,,,,,,,,,,,,,,,,,,,0,,,
7611,"Escuintla",5,"Siquinalá",4,859,400,,,,,,,,,,,,,,,,,,,,,,,,,,,0,,,
7612,"Escuintla",5,"Siquinalá",4,859,400,,,,,,,,,,,,,,,,,,,,,,,,,,,0,,,
7613,"Escuintla",5,"Siquinalá",4,859,400,,,,,,,,,,,,,,,,,,,,,,,,,,,0,,,
7614,"Escuintla",5,"Siquinalá",4,859,400,,,,,,,,,,,,,,,,,,,,,,,,,,,0,,,
7615,"Escuintla",5,"Siquinalá",4,859,400,,,,,,,,,,,,,,,,,,,,,,,,,,,0,,,
7616,"Escuintla",5,"Siquinalá",4,860,400,,,,,,,,,,,,,,,,,,,,,,,,,,,0,,,
7617,"Escuintla",5,"Siquinalá",4,860,400,,,,,,,,,,,,,,,,,,,,,,,,,,,0,,,
7618,"Escuintla",5,"Siquinalá",4,860,400,,,,,,,,,,,,,,,,,,,,,,,,,,,0,,,
7619,"Escuintla",5,"Siquinalá",4,860,400,,,,,,,,,,,,,,,,,,,,,,,,,,,0,,,
7620,"Escuintla",5,"Siquinalá",4,860,400,,,,,,,,,,,,,,,,,,,,,,,,,,,0,,,
7621,"Escuintla",5,"Siquinalá",4,860,400,,,,,,,,,,,,,,,,,,,,,,,,,,,0,,,
7622,"Escuintla",5,"Siquinalá",4,860,400,,,,,,,,,,,,,,,,,,,,,,,,,,,0,,,
7623,"Escuintla",5,"Siquinalá",4,860,400,,,,,,,,,,,,,,,,,,,,,,,,,,,0,,,
7624,"Escuintla",5,"Siquinalá",4,860,400,,,,,,,,,,,,,,,,,,,,,,,,,,,0,,,
7625,"Escuintla",5,"Siquinalá",4,860,213,,,,,,,,,,,,,,,,,,,,,,,,,,,0,,,
7626,"Escuintla",5,"Siquinalá",4,861,213,,,,,,,,,,,,,,,,,,,,,,,,,,,0,,,
7627,"Escuintla",5,"Siquinalá",4,862,527,,,,,,,,,,,,,,,,,,,,,,,,,,,0,,,
7628,"Escuintla",5,"Siquinalá",4,862,526,,,,,,,,,,,,,,,,,,,,,,,,,,,0,,,