﻿TIPO_DE_ELECCIÓN:,CORPORACIÓN MUNICIPAL
26 junio 2023 00:28 (UTC -6)
ACTAS_ESPERADAS,ACTAS_CAPTURADAS,PORCENTAJE_ACTAS_CAPTURADAS,ACTAS_CONTABILIZADAS,PORCENTAJE_ACTAS_CONTABILIZADAS,ACTAS_NO_CONTABILIZADAS,LISTA_NOMINAL_ACTAS_CONTABILIZADAS,VOTOS_EMITIDOS_CONTABILIZADAS,PORCENTAJE_PARTICIPACIÓN_CIUDADANA
41,5,12.1951,5,12.1951,0,2279,1103,48.3984

MESA,DEPARTAMENTO,ID_DEPARTAMENTO,MUNICIPIO,ID_MUNICIPIO,CENTRO_DE_VOTACIÓN,PADRÓN,WINAQ,AZUL,CABAL,VAMOS,TODOS,BIEN,VOS,PPN,UNE,CAMBIO,VALOR UNIONISTA,VÁLIDOS,NULOS,BLANCO,EMITIDOS,INVÁLIDOS,TOTAL,IMPUGNACIONES,PAPELETAS-RECIBIDAS,PAPELETAS-NO-USADAS,VALIDOS_CALCULADO,EMITIDOS_CALCULADO,TOTAL_CALCULADO,OBSERVACIONES,CONTABILIZADA,CÓDIGO_INTEGRIDAD,FECHA_HORA_PUBLICACIÓN,DIGITALIZACIÓN
10745,"Quetzaltenango",9,"Olintepeque",3,1425,400,,,,,,,,,,,,,,,,,,,,,,,,,0,,,
10746,"Quetzaltenango",9,"Olintepeque",3,1425,400,,,,,,,,,,,,,,,,,,,,,,,,,0,,,
10747,"Quetzaltenango",9,"Olintepeque",3,1425,400,,,,,,,,,,,,,,,,,,,,,,,,,0,,,
10748,"Quetzaltenango",9,"Olintepeque",3,1425,400,,,,,,,,,,,,,,,,,,,,,,,,,0,,,
10749,"Quetzaltenango",9,"Olintepeque",3,1425,400,,,,,,,,,,,,,,,,,,,,,,,,,0,,,
10750,"Quetzaltenango",9,"Olintepeque",3,1425,400,,,,,,,,,,,,,,,,,,,,,,,,,0,,,
10751,"Quetzaltenango",9,"Olintepeque",3,1426,400,,,,,,,,,,,,,,,,,,,,,,,,,0,,,
10752,"Quetzaltenango",9,"Olintepeque",3,1426,400,15,7,35,133,19,35,13,5,1,2,2,267,10,5,282,0,282,--,404,122,267,282,282,Algún campo sin dato,1,bfd76568cdf3d5135bc213b5f71ba93656024cb6353e526e5326029ecea538a4,26/06/2023 00:03:58,ESCANER
10753,"Quetzaltenango",9,"Olintepeque",3,1426,400,,,,,,,,,,,,,,,,,,,,,,,,,0,,,
10754,"Quetzaltenango",9,"Olintepeque",3,1426,400,,,,,,,,,,,,,,,,,,,,,,,,,0,,,
10755,"Quetzaltenango",9,"Olintepeque",3,1426,400,,,,,,,,,,,,,,,,,,,,,,,,,0,,,
10756,"Quetzaltenango",9,"Olintepeque",3,1426,400,33,5,32,87,14,54,10,4,0,1,6,246,10,3,259,0,259,--,400,141,246,259,259,Algún campo sin dato,1,614d2f33e80f29f6dbfd52cb1e98ea2986652f187a2ecc448412d441c0f04ed8,25/06/2023 23:41:41,ESCANER
10757,"Quetzaltenango",9,"Olintepeque",3,1426,400,,,,,,,,,,,,,,,,,,,,,,,,,0,,,
10758,"Quetzaltenango",9,"Olintepeque",3,1427,400,,,,,,,,,,,,,,,,,,,,,,,,,0,,,
10759,"Quetzaltenango",9,"Olintepeque",3,1427,400,,,,,,,,,,,,,,,,,,,,,,,,,0,,,
10760,"Quetzaltenango",9,"Olintepeque",3,1427,400,,,,,,,,,,,,,,,,,,,,,,,,,0,,,
10761,"Quetzaltenango",9,"Olintepeque",3,1427,317,22,3,26,108,12,23,8,4,2,0,1,209,3,0,212,0,212,--,317,105,209,212,212,Algún campo sin dato,1,985c4d198c766034bc92d5b70e0b34b62861421ad4e2c7d85f39cc2da53dafa3,26/06/2023 00:21:56,ESCANER
10762,"Quetzaltenango",9,"Olintepeque",3,1427,317,,,,,,,,,,,,,,,,,,,,,,,,,0,,,
10763,"Quetzaltenango",9,"Olintepeque",3,1428,380,,,,,,,,,,,,,,,,,,,,,,,,,0,,,
10764,"Quetzaltenango",9,"Olintepeque",3,1428,380,,,,,,,,,,,,,,,,,,,,,,,,,0,,,
10765,"Quetzaltenango",9,"Olintepeque",3,1428,380,,,,,,,,,,,,,,,,,,,,,,,,,0,,,
10766,"Quetzaltenango",9,"Olintepeque",3,1428,380,,,,,,,,,,,,,,,,,,,,,,,,,0,,,
10767,"Quetzaltenango",9,"Olintepeque",3,1428,380,,,,,,,,,,,,,,,,,,,,,,,,,0,,,
10768,"Quetzaltenango",9,"Olintepeque",3,1428,380,,,,,,,,,,,,,,,,,,,,,,,,,0,,,
10769,"Quetzaltenango",9,"Olintepeque",3,1428,380,,,,,,,,,,,,,,,,,,,,,,,,,0,,,
10770,"Quetzaltenango",9,"Olintepeque",3,1428,279,,,,,,,,,,,,,,,,,,,,,,,,,0,,,
10771,"Quetzaltenango",9,"Olintepeque",3,1428,278,,,,,,,,,,,,,,,,,,,,,,,,,0,,,
10772,"Quetzaltenango",9,"Olintepeque",3,1429,380,,,,,,,,,,,,,,,,,,,,,,,,,0,,,
10773,"Quetzaltenango",9,"Olintepeque",3,1429,380,,,,,,,,,,,,,,,,,,,,,,,,,0,,,
10774,"Quetzaltenango",9,"Olintepeque",3,1429,380,,,,,,,,,,,,,,,,,,,,,,,,,0,,,
10775,"Quetzaltenango",9,"Olintepeque",3,1429,380,,,,,,,,,,,,,,,,,,,,,,,,,0,,,
10776,"Quetzaltenango",9,"Olintepeque",3,1429,380,,,,,,,,,,,,,,,,,,,,,,,,,0,,,
10777,"Quetzaltenango",9,"Olintepeque",3,1429,380,,,,,,,,,,,,,,,,,,,,,,,,,0,,,
10778,"Quetzaltenango",9,"Olintepeque",3,1429,232,,,,,,,,,,,,,,,,,,,,,,,,,0,,,
10779,"Quetzaltenango",9,"Olintepeque",3,1429,231,,,,,,,,,,,,,,,,,,,,,,,,,0,,,
10780,"Quetzaltenango",9,"Olintepeque",3,1430,380,,,,,,,,,,,,,,,,,,,,,,,,,0,,,
10781,"Quetzaltenango",9,"Olintepeque",3,1430,380,,,,,,,,,,,,,,,,,,,,,,,,,0,,,
10782,"Quetzaltenango",9,"Olintepeque",3,1430,355,,,,,,,,,,,,,,,,,,,,,,,,,0,,,
10783,"Quetzaltenango",9,"Olintepeque",3,1430,354,,,,,,,,,,,,,,,,,,,,,,,,,0,,,
10784,"Quetzaltenango",9,"Olintepeque",3,1431,581,19,4,40,48,13,40,4,2,0,0,2,172,21,6,199,0,199,--,585,386,172,199,199,Algún campo sin dato,1,f865fdbf0b4ff4a1a8a6c13b94e87f4a6e4db30272845e538ede28838c8a402c,26/06/2023 00:10:57,ESCANER
10785,"Quetzaltenango",9,"Olintepeque",3,1431,581,16,2,17,53,10,29,6,2,1,0,4,140,7,4,151,0,151,--,581,430,140,151,151,Algún campo sin dato,1,efa760f280ad9e20e8dc421f6d19d011241262acad0e049faa59d895a7c711b4,26/06/2023 00:27:41,ESCANER