﻿TIPO_DE_ELECCIÓN:,CORPORACIÓN MUNICIPAL
26 junio 2023 00:28 (UTC -6)
ACTAS_ESPERADAS,ACTAS_CAPTURADAS,PORCENTAJE_ACTAS_CAPTURADAS,ACTAS_CONTABILIZADAS,PORCENTAJE_ACTAS_CONTABILIZADAS,ACTAS_NO_CONTABILIZADAS,LISTA_NOMINAL_ACTAS_CONTABILIZADAS,VOTOS_EMITIDOS_CONTABILIZADAS,PORCENTAJE_PARTICIPACIÓN_CIUDADANA
83,38,45.7831,38,45.7831,0,13161,7753,58.9088

MESA,DEPARTAMENTO,ID_DEPARTAMENTO,MUNICIPIO,ID_MUNICIPIO,CENTRO_DE_VOTACIÓN,PADRÓN,UNIONISTA,CUM,TODOS,ELEFANTE,PODEMOS,VICTORIA,CREO,VIVA,SEMILLA,PHG,UR,CABAL,PR,AZUL,VOS,PPN,UNE,VÁLIDOS,NULOS,BLANCO,EMITIDOS,INVÁLIDOS,TOTAL,IMPUGNACIONES,PAPELETAS-RECIBIDAS,PAPELETAS-NO-USADAS,VALIDOS_CALCULADO,EMITIDOS_CALCULADO,TOTAL_CALCULADO,OBSERVACIONES,CONTABILIZADA,CÓDIGO_INTEGRIDAD,FECHA_HORA_PUBLICACIÓN,DIGITALIZACIÓN
13131,"San Marcos",12,"San Marcos",1,1790,400,,,,,,,,,,,,,,,,,,,,,,,,,,,,,,,0,,,
13132,"San Marcos",12,"San Marcos",1,1790,400,,,,,,,,,,,,,,,,,,,,,,,,,,,,,,,0,,,
13133,"San Marcos",12,"San Marcos",1,1790,400,,,,,,,,,,,,,,,,,,,,,,,,,,,,,,,0,,,
13134,"San Marcos",12,"San Marcos",1,1790,365,,,,,,,,,,,,,,,,,,,,,,,,,,,,,,,0,,,
13135,"San Marcos",12,"San Marcos",1,1790,364,,,,,,,,,,,,,,,,,,,,,,,,,,,,,,,0,,,
13136,"San Marcos",12,"San Marcos",1,1791,400,,,,,,,,,,,,,,,,,,,,,,,,,,,,,,,0,,,
13137,"San Marcos",12,"San Marcos",1,1791,400,,,,,,,,,,,,,,,,,,,,,,,,,,,,,,,0,,,
13138,"San Marcos",12,"San Marcos",1,1791,400,,,,,,,,,,,,,,,,,,,,,,,,,,,,,,,0,,,
13139,"San Marcos",12,"San Marcos",1,1791,400,7,54,111,15,2,7,10,0,12,18,3,5,0,3,8,6,16,277,14,2,293,0,293,0,396,103,277,293,293,,1,6d94ddbce1c9e9bed9cb5b26dd5dc01b0024748536d80cd9fa12ae85d344148b,25/06/2023 22:57:19,ESCANER
13140,"San Marcos",12,"San Marcos",1,1791,400,6,61,89,11,1,11,3,2,14,8,3,4,0,1,12,4,9,239,10,1,250,0,250,0,398,148,239,250,250,,1,58118aa36f400c922d941f430a9ea2166ad3c9c00ded01a79c0ec5a7acb4cbe2,25/06/2023 22:53:00,ESCANER
13141,"San Marcos",12,"San Marcos",1,1791,400,,,,,,,,,,,,,,,,,,,,,,,,,,,,,,,0,,,
13142,"San Marcos",12,"San Marcos",1,1792,400,,,,,,,,,,,,,,,,,,,,,,,,,,,,,,,0,,,
13143,"San Marcos",12,"San Marcos",1,1792,400,,,,,,,,,,,,,,,,,,,,,,,,,,,,,,,0,,,
13144,"San Marcos",12,"San Marcos",1,1792,400,4,51,103,5,1,9,3,4,7,9,4,10,1,4,4,2,15,236,19,4,259,0,259,0,400,141,236,259,259,,1,85283c375ccca10e7162d12c2552997c3c08ed88c3c76532be5cf52688301ca1,26/06/2023 00:16:27,ESCANER
13145,"San Marcos",12,"San Marcos",1,1792,400,,,,,,,,,,,,,,,,,,,,,,,,,,,,,,,0,,,
13146,"San Marcos",12,"San Marcos",1,1792,350,4,57,76,7,0,10,3,2,14,17,5,8,1,2,3,4,8,221,9,1,231,0,231,0,349,118,221,231,231,,1,7fd849b80e13e656ecdccdd8f9d1782da905c864c58c82eace41e3fb14e806ce,25/06/2023 23:11:46,ESCANER
13147,"San Marcos",12,"San Marcos",1,1792,350,4,50,69,7,0,11,3,1,9,9,1,9,1,0,3,4,5,186,1,1,188,0,188,0,350,162,186,188,188,,1,bf2a0fcc14d279c0cb4be8ebd4a61e2eec7d81610194acec8cee9a7f264795c2,26/06/2023 00:16:55,ESCANER
13148,"San Marcos",12,"San Marcos",1,1793,400,4,70,82,19,4,5,13,5,16,12,1,7,0,6,14,6,16,280,12,3,295,0,295,0,400,104,280,295,295,,1,8966091aff600cd05bf5cad46148c4311be31538b9c06dd6e8f85a09feccbda1,25/06/2023 23:25:42,ESCANER
13149,"San Marcos",12,"San Marcos",1,1793,400,,,,,,,,,,,,,,,,,,,,,,,,,,,,,,,0,,,
13150,"San Marcos",12,"San Marcos",1,1793,400,6,52,87,17,1,6,12,4,14,17,4,13,4,3,10,4,18,272,13,0,285,0,285,0,400,115,272,285,285,,1,cabba82cf1d35ad654ba83f9dc6ccc12344fe0d395a2e43eaf756e0f119d3c29,25/06/2023 23:33:32,ESCANER
13151,"San Marcos",12,"San Marcos",1,1793,262,,,,,,,,,,,,,,,,,,,,,,,,,,,,,,,0,,,
13152,"San Marcos",12,"San Marcos",1,1793,261,,,,,,,,,,,,,,,,,,,,,,,,,,,,,,,0,,,
13153,"San Marcos",12,"San Marcos",1,1794,400,,,,,,,,,,,,,,,,,,,,,,,,,,,,,,,0,,,
13154,"San Marcos",12,"San Marcos",1,1794,400,,,,,,,,,,,,,,,,,,,,,,,,,,,,,,,0,,,
13155,"San Marcos",12,"San Marcos",1,1794,400,,,,,,,,,,,,,,,,,,,,,,,,,,,,,,,0,,,
13156,"San Marcos",12,"San Marcos",1,1794,400,13,64,103,4,1,4,8,6,14,20,2,11,0,4,5,9,9,277,7,0,284,0,284,0,400,116,277,284,284,,1,f67fdbf481030781f62570fab1f1c0d599b67d9b8d8d21f6d98a8dd0ca0b9078,26/06/2023 00:26:15,ESCANER
13157,"San Marcos",12,"San Marcos",1,1794,400,5,76,101,7,1,11,2,4,18,12,1,8,2,2,10,3,11,274,15,1,290,0,290,1,400,0,274,290,290,,1,7fd446430b8f953b6479ddcd3d40d3fd206c8d38e3d29e05f54eb80fd89173ad,26/06/2023 00:20:49,ESCANER
13158,"San Marcos",12,"San Marcos",1,1794,400,,,,,,,,,,,,,,,,,,,,,,,,,,,,,,,0,,,
13159,"San Marcos",12,"San Marcos",1,1794,201,5,47,47,2,0,0,3,1,17,7,1,3,0,2,3,2,5,145,1,1,147,0,147,0,217,70,145,147,147,,1,209005d85cc388c1cd61a731f56c43d25d8caaf36f8f8169e4552ac503194c9e,25/06/2023 23:07:06,ESCANER
13160,"San Marcos",12,"San Marcos",1,1794,201,6,26,62,1,0,6,0,2,9,5,0,6,0,1,3,2,3,132,0,1,133,0,133,--,201,68,132,133,133,Algún campo sin dato,1,a5842ecbc8f26db74dc153e6ab6175aed5e822c5600748f4243d0cca8d4f9d0b,25/06/2023 22:00:00,ESCANER
13161,"San Marcos",12,"San Marcos",1,1795,400,10,66,83,13,1,13,4,3,17,14,4,15,2,7,5,6,12,275,14,2,291,0,291,0,400,109,275,291,291,,1,3618312758420614e03cb276e40b56df9c0b69d6f3d03b9c9c010cbb04dd0755,25/06/2023 23:58:16,ESCANER
13162,"San Marcos",12,"San Marcos",1,1795,400,,,,,,,,,,,,,,,,,,,,,,,,,,,,,,,0,,,
13163,"San Marcos",12,"San Marcos",1,1795,400,,,,,,,,,,,,,,,,,,,,,,,,,,,,,,,0,,,
13164,"San Marcos",12,"San Marcos",1,1795,400,,,,,,,,,,,,,,,,,,,,,,,,,,,,,,,0,,,
13165,"San Marcos",12,"San Marcos",1,1795,400,,,,,,,,,,,,,,,,,,,,,,,,,,,,,,,0,,,
13166,"San Marcos",12,"San Marcos",1,1795,388,6,56,91,11,1,11,1,2,25,8,5,11,2,1,6,7,5,249,10,1,260,0,260,0,388,128,249,260,260,,1,ce397746c6f01333280fa14e334807da82804a33add33fefb7e93b4ae8b9dc61,26/06/2023 00:20:27,ESCANER
13167,"San Marcos",12,"San Marcos",1,1795,388,,,,,,,,,,,,,,,,,,,,,,,,,,,,,,,0,,,
13168,"San Marcos",12,"San Marcos",1,1796,400,4,58,94,16,1,4,4,5,5,2,4,4,2,3,4,1,12,223,21,5,249,0,249,0,390,141,223,249,249,,1,26733d9cfe866c66aeda28360506dff7755ae66a4e13529a832711bb787f3fa4,26/06/2023 00:25:10,ESCANER
13169,"San Marcos",12,"San Marcos",1,1796,400,1,92,86,15,1,4,3,3,5,2,8,4,1,1,5,0,15,271,23,2,271,1,272,1,400,128,246,271,272,Sumas Asentadas sin cuadrar,1,f04ef2834fe8f91fad7cc49b16a4ab2c5b3f15a1ccc85f490f52801a9814b647,26/06/2023 00:06:15,ESCANER
13170,"San Marcos",12,"San Marcos",1,1796,400,3,59,91,20,2,5,6,4,10,5,2,5,0,3,6,1,11,233,16,1,250,0,250,0,400,150,233,250,250,,1,0f108ce20ddf3a81bb4d9100073101fa699fb08e1c228f5b25d56d883a34e91e,26/06/2023 00:13:32,ESCANER
13171,"San Marcos",12,"San Marcos",1,1796,400,,,,,,,,,,,,,,,,,,,,,,,,,,,,,,,0,,,
13172,"San Marcos",12,"San Marcos",1,1796,400,8,73,96,8,1,4,3,4,0,4,4,8,2,0,2,0,9,225,11,6,17,0,242,--,400,242,226,243,243,Sumas Asentadas sin cuadrar,1,f4618c3fc42b3bade7cd4e5c7dcd6224d2dbe52e1698118e425dc505f1e9588e,26/06/2023 00:24:48,ESCANER
13173,"San Marcos",12,"San Marcos",1,1796,275,5,47,58,3,3,7,6,1,5,4,8,0,0,3,1,0,10,161,3,0,164,0,164,0,272,108,161,164,164,,1,0b219335fd61f9ee12c9f0216740fd8b592f39700c1cb947ce546fc30bb3ec1d,25/06/2023 23:41:38,ESCANER
13174,"San Marcos",12,"San Marcos",1,1796,274,0,49,64,6,1,6,4,1,3,3,0,1,1,0,3,0,5,147,7,2,156,9,165,--,274,109,147,156,165,Algún campo sin dato,1,0a565bbb525e7212fdeec179675efb1b9e8828fd6e96edaacd573f4d435c41dc,25/06/2023 20:49:22,ESCANER
13175,"San Marcos",12,"San Marcos",1,1797,380,3,99,70,8,1,2,0,3,3,1,0,4,0,3,1,0,17,215,19,5,239,0,239,0,380,141,215,239,239,,1,d897616734af66759d9927333b67b5a8e6bce6b70d874a325e2d22c3e99f962d,25/06/2023 23:05:12,ESCANER
13176,"San Marcos",12,"San Marcos",1,1797,380,0,116,92,0,0,1,1,1,1,0,3,5,0,4,1,0,19,244,12,1,257,0,257,0,380,123,244,257,257,,1,ba3109a6460920418c8b136acbe51cd0ec549986ee307fb2acea85cab94bc27a,25/06/2023 23:18:20,ESCANER
13177,"San Marcos",12,"San Marcos",1,1797,380,4,82,68,2,1,1,3,5,0,2,1,2,0,3,1,1,10,186,25,1,212,0,212,0,380,168,186,212,212,,1,fe923db0eac89a2f5d5208b8912bd118bb470a578ead897f00c65bc479bc7481,25/06/2023 23:56:50,ESCANER
13178,"San Marcos",12,"San Marcos",1,1797,380,,,,,,,,,,,,,,,,,,,,,,,,,,,,,,,0,,,
13179,"San Marcos",12,"San Marcos",1,1797,200,1,41,43,2,0,0,0,1,1,0,0,1,0,4,0,0,7,101,9,1,111,0,111,0,197,86,101,111,111,,1,fe505a7f1ab351fc1d0ab4d1f9d19508395e24fcba1b30e89c9867a360792896,25/06/2023 22:24:20,ESCANER
13180,"San Marcos",12,"San Marcos",1,1797,199,2,52,38,0,0,0,1,0,2,1,1,2,0,1,0,0,3,103,2,0,105,0,105,0,199,94,103,105,105,,1,8a88c8efa1959dc16653529d6d8c6c6fc77cf63d7f76a235e655b0eea6fc89a0,25/06/2023 22:58:18,ESCANER
13181,"San Marcos",12,"San Marcos",1,1798,380,3,55,98,3,0,8,2,5,3,4,7,4,0,3,1,0,5,201,37,9,247,0,247,0,380,133,201,247,247,,1,c739124294fdb8ab23b5a19046a1f1e3881519be54e2b7b5ba1b7e360ea474a7,26/06/2023 00:06:37,ESCANER
13182,"San Marcos",12,"San Marcos",1,1798,380,,,,,,,,,,,,,,,,,,,,,,,,,,,,,,,0,,,
13183,"San Marcos",12,"San Marcos",1,1798,380,3,45,96,3,1,9,6,3,1,3,7,4,1,2,0,1,6,191,15,6,212,2,214,2,380,166,191,212,214,,1,b21fac7657e3d55bbbdfa626893e4ff805ea7d0e4676ad074c0f41d594c52e67,25/06/2023 23:51:12,ESCANER
13184,"San Marcos",12,"San Marcos",1,1798,230,,,,,,,,,,,,,,,,,,,,,,,,,,,,,,,0,,,
13185,"San Marcos",12,"San Marcos",1,1798,229,4,33,37,0,0,6,2,1,3,0,2,5,0,2,1,1,1,98,4,1,103,0,103,0,229,126,98,103,103,,1,59db60097f25800b77dcb4318dbfb991dd4f052d118920994cf2a45ceaf93cd9,25/06/2023 23:23:19,ESCANER
13186,"San Marcos",12,"San Marcos",1,1799,380,2,91,49,2,2,1,4,2,2,4,0,3,1,5,0,0,18,186,26,9,221,0,221,0,380,159,186,221,221,,1,c998f27afc469ba0fa8f18c2c561f26325ec1c7e4cbb36383c633b6f17c3e215,26/06/2023 00:03:02,ESCANER
13187,"San Marcos",12,"San Marcos",1,1799,380,4,89,59,3,1,1,0,3,4,2,2,1,0,2,2,0,13,186,24,3,213,0,213,0,380,167,186,213,213,,1,0f812a960ef55926da3ba54fa00d9eab6343f72b074123ea15ed5409c42c5bb6,25/06/2023 23:13:34,ESCANER
13188,"San Marcos",12,"San Marcos",1,1799,380,,,,,,,,,,,,,,,,,,,,,,,,,,,,,,,0,,,
13189,"San Marcos",12,"San Marcos",1,1799,380,,,,,,,,,,,,,,,,,,,,,,,,,,,,,,,0,,,
13190,"San Marcos",12,"San Marcos",1,1799,380,,,,,,,,,,,,,,,,,,,,,,,,,,,,,,,0,,,
13191,"San Marcos",12,"San Marcos",1,1799,380,2,61,74,1,1,1,5,1,1,3,1,5,0,2,1,0,9,168,20,0,188,0,188,0,380,192,168,188,188,,1,f8b7127ee959b5b3c7c50331992948d4d1b53902bb9f5f5badf495c5ffb35bc0,25/06/2023 22:58:53,ESCANER
13192,"San Marcos",12,"San Marcos",1,1799,274,0,67,38,2,0,1,3,2,0,0,0,3,0,3,0,0,14,133,8,2,143,0,143,--,274,131,133,143,143,Algún campo sin dato,1,88a883ee16e63fb260b0070bf7811570fb6c7de8a9030b08840bb4d7c110a4df,25/06/2023 21:49:33,ESCANER
13193,"San Marcos",12,"San Marcos",1,1799,273,,,,,,,,,,,,,,,,,,,,,,,,,,,,,,,0,,,
13194,"San Marcos",12,"San Marcos",1,1800,380,,,,,,,,,,,,,,,,,,,,,,,,,,,,,,,0,,,
13195,"San Marcos",12,"San Marcos",1,1800,380,,,,,,,,,,,,,,,,,,,,,,,,,,,,,,,0,,,
13196,"San Marcos",12,"San Marcos",1,1800,380,,,,,,,,,,,,,,,,,,,,,,,,,,,,,,,0,,,
13197,"San Marcos",12,"San Marcos",1,1800,380,,,,,,,,,,,,,,,,,,,,,,,,,,,,,,,0,,,
13198,"San Marcos",12,"San Marcos",1,1800,380,,,,,,,,,,,,,,,,,,,,,,,,,,,,,,,0,,,
13199,"San Marcos",12,"San Marcos",1,1800,380,9,24,102,4,0,5,7,4,3,0,3,7,1,0,1,0,6,176,10,6,192,0,192,0,380,188,176,192,192,,1,60f64042f7d949b3d5cf598d8fe185859d825eafe571ece3c5b31084c10e6c09,25/06/2023 23:54:27,ESCANER
13200,"San Marcos",12,"San Marcos",1,1800,199,0,18,55,4,0,5,3,2,1,5,1,2,0,0,2,0,3,101,4,1,106,0,106,--,199,93,101,106,106,Algún campo sin dato,1,a118eba073330b9c79eb6fbb3c00e61d8d3fee7674a0ed39fca01598909861d9,25/06/2023 22:46:27,ESCANER
13201,"San Marcos",12,"San Marcos",1,1800,199,3,19,53,3,0,4,1,2,2,2,4,2,0,0,0,0,3,98,1,0,99,0,99,--,199,100,98,99,99,Algún campo sin dato,1,0db2c432a465c932adf429ce03f29a3311a4eb55ac31ae276c83402add18c36d,25/06/2023 21:23:11,ESCANER
13202,"San Marcos",12,"San Marcos",1,1801,380,,,,,,,,,,,,,,,,,,,,,,,,,,,,,,,0,,,
13203,"San Marcos",12,"San Marcos",1,1801,380,,,,,,,,,,,,,,,,,,,,,,,,,,,,,,,0,,,
13204,"San Marcos",12,"San Marcos",1,1801,380,,,,,,,,,,,,,,,,,,,,,,,,,,,,,,,0,,,
13205,"San Marcos",12,"San Marcos",1,1801,380,,,,,,,,,,,,,,,,,,,,,,,,,,,,,,,0,,,
13206,"San Marcos",12,"San Marcos",1,1801,380,,,,,,,,,,,,,,,,,,,,,,,,,,,,,,,0,,,
13207,"San Marcos",12,"San Marcos",1,1801,380,,,,,,,,,,,,,,,,,,,,,,,,,,,,,,,0,,,
13208,"San Marcos",12,"San Marcos",1,1801,204,1,31,54,0,0,13,5,1,2,2,1,3,0,0,0,3,3,119,1,0,120,0,120,0,204,84,119,120,120,,1,2cd059a00220434ae0b331e9fc51671be4f95687f8aaf5327fbb8b5a554eacbc,25/06/2023 23:15:53,ESCANER
13209,"San Marcos",12,"San Marcos",1,1801,203,,,,,,,,,,,,,,,,,,,,,,,,,,,,,,,0,,,
13210,"San Marcos",12,"San Marcos",1,1802,600,,,,,,,,,,,,,,,,,,,,,,,,,,,,,,,0,,,
13211,"San Marcos",12,"San Marcos",1,1802,600,7,60,97,8,5,9,5,6,11,8,2,7,0,5,9,4,10,253,22,3,278,0,278,0,600,322,253,278,278,,1,f7eebeb778bcc5ba36fc0547144b90f5d3665f26fd6c8d7a33d2b8277e041462,26/06/2023 00:11:31,ESCANER
13212,"San Marcos",12,"San Marcos",1,1802,399,2,38,36,2,0,5,4,1,6,5,0,6,1,2,3,4,6,121,6,1,128,0,128,0,396,268,121,128,128,,1,781bad3274335ea3947edb40208e8e91401ff0a884e5f34f608c3eddf40a8aed,25/06/2023 23:55:01,ESCANER
13213,"San Marcos",12,"San Marcos",1,1802,399,0,12,14,1,0,1,0,2,3,1,1,2,0,1,1,0,1,40,0,0,40,0,40,0,396,356,40,40,40,,1,e2ccd5661cbf044eabc6ca78431fb303b85f84f36a74e33a44e6d8f458a8f79e,26/06/2023 00:05:56,ESCANER