﻿TIPO_DE_ELECCIÓN:,CORPORACIÓN MUNICIPAL
26 junio 2023 00:28 (UTC -6)
ACTAS_ESPERADAS,ACTAS_CAPTURADAS,PORCENTAJE_ACTAS_CAPTURADAS,ACTAS_CONTABILIZADAS,PORCENTAJE_ACTAS_CONTABILIZADAS,ACTAS_NO_CONTABILIZADAS,LISTA_NOMINAL_ACTAS_CONTABILIZADAS,VOTOS_EMITIDOS_CONTABILIZADAS,PORCENTAJE_PARTICIPACIÓN_CIUDADANA
52,25,48.0769,25,48.0769,0,9604,5570,57.9966

MESA,DEPARTAMENTO,ID_DEPARTAMENTO,MUNICIPIO,ID_MUNICIPIO,CENTRO_DE_VOTACIÓN,PADRÓN,VAMOS,CC NUEVO AMANECER,VALOR UNIONISTA,COMITE CIVICO SOMOS SUMPANGO,UNE,PPN,AZUL,CABAL,MI FAMILIA,VÁLIDOS,NULOS,BLANCO,EMITIDOS,INVÁLIDOS,TOTAL,IMPUGNACIONES,PAPELETAS-RECIBIDAS,PAPELETAS-NO-USADAS,VALIDOS_CALCULADO,EMITIDOS_CALCULADO,TOTAL_CALCULADO,OBSERVACIONES,CONTABILIZADA,CÓDIGO_INTEGRIDAD,FECHA_HORA_PUBLICACIÓN,DIGITALIZACIÓN
5502,"Sacatepéquez",2,"Sumpango",4,561,400,,,,,,,,,,,,,,,,,,,,,,,0,,,
5503,"Sacatepéquez",2,"Sumpango",4,561,400,,,,,,,,,,,,,,,,,,,,,,,0,,,
5504,"Sacatepéquez",2,"Sumpango",4,561,400,,,,,,,,,,,,,,,,,,,,,,,0,,,
5505,"Sacatepéquez",2,"Sumpango",4,561,294,41,31,4,32,8,9,5,12,4,146,7,1,154,0,154,--,287,133,146,154,154,Algún campo sin dato,1,4b464431f70b0377e25a816e75a2da7b69909b87ecbea2fadc677a54dd002292,25/06/2023 22:14:02,ESCANER
5506,"Sacatepéquez",2,"Sumpango",4,561,294,37,36,1,17,3,14,5,6,2,121,3,1,125,0,125,--,291,166,121,125,125,Algún campo sin dato,1,a3ec689c15197bb1543898cba98b9a429c6dac13defc9ba0185b88d5b112f121,25/06/2023 22:54:32,ESCANER
5507,"Sacatepéquez",2,"Sumpango",4,562,400,,,,,,,,,,,,,,,,,,,,,,,0,,,
5508,"Sacatepéquez",2,"Sumpango",4,562,400,35,26,23,47,21,63,18,14,4,251,21,4,276,0,276,--,400,124,251,276,276,Algún campo sin dato,1,8b0f0829f8c592d4b0bd3a71fc7f5d8f34e1e4175750f87190de03835699c83c,25/06/2023 22:59:23,ESCANER
5509,"Sacatepéquez",2,"Sumpango",4,562,400,39,42,15,46,15,65,14,25,3,264,17,10,291,0,291,--,396,105,264,291,291,Algún campo sin dato,1,d99e797641d2874e6b2161dc78f18f3fca7ae4a772b5eca2a3d2455f8b65d9da,25/06/2023 23:46:08,ESCANER
5510,"Sacatepéquez",2,"Sumpango",4,562,400,,,,,,,,,,,,,,,,,,,,,,,0,,,
5511,"Sacatepéquez",2,"Sumpango",4,562,400,38,30,34,39,13,52,15,20,4,245,10,5,260,0,260,--,400,140,245,260,260,Algún campo sin dato,1,7274126d742d37ebda55ab05c88ac368c97dc8b407c9c7f1bb89ad8e603a83e5,25/06/2023 23:57:17,ESCANER
5512,"Sacatepéquez",2,"Sumpango",4,562,400,41,24,14,26,13,74,17,22,7,238,16,9,263,0,263,--,400,137,238,263,263,Algún campo sin dato,1,0b94836f39499ad2f46b09cdc51fef6fc3ec0b218e0f8dd1cd12ff78d4d388d5,25/06/2023 23:48:08,ESCANER
5513,"Sacatepéquez",2,"Sumpango",4,562,400,,,,,,,,,,,,,,,,,,,,,,,0,,,
5514,"Sacatepéquez",2,"Sumpango",4,562,400,,,,,,,,,,,,,,,,,,,,,,,0,,,
5515,"Sacatepéquez",2,"Sumpango",4,562,400,23,31,18,32,12,63,12,12,5,208,34,5,247,0,247,--,400,153,208,247,247,Algún campo sin dato,1,5d5ffb6461bffe75dbfc13a08f038a51337b46f2a12f6ad04cd88d563e87a8a9,25/06/2023 23:24:44,ESCANER
5516,"Sacatepéquez",2,"Sumpango",4,562,400,29,17,13,29,9,40,10,12,4,163,11,2,176,0,176,--,400,224,163,176,176,Algún campo sin dato,1,439d10c9dc4ea9567e042bd18ef212872249748a48ec5f4f12282259345ec3f9,25/06/2023 23:27:41,ESCANER
5517,"Sacatepéquez",2,"Sumpango",4,562,336,30,16,16,28,9,51,14,7,5,176,5,1,182,0,182,--,333,151,176,182,182,Algún campo sin dato,1,6b16f8ea5004527ebfc5e369e57cce5506365d4ee95710637828c22d7d68d412,25/06/2023 22:50:10,ESCANER
5518,"Sacatepéquez",2,"Sumpango",4,562,335,25,22,9,23,10,41,9,4,1,144,8,7,159,0,159,--,336,177,144,159,159,Algún campo sin dato,1,722f2241b820d30495af470b54d6f48e728a6b12c946bcbafea98e57767bea58,26/06/2023 00:17:10,ESCANER
5519,"Sacatepéquez",2,"Sumpango",4,563,400,,,,,,,,,,,,,,,,,,,,,,,0,,,
5520,"Sacatepéquez",2,"Sumpango",4,563,400,,,,,,,,,,,,,,,,,,,,,,,0,,,
5521,"Sacatepéquez",2,"Sumpango",4,563,400,,,,,,,,,,,,,,,,,,,,,,,0,,,
5522,"Sacatepéquez",2,"Sumpango",4,563,400,,,,,,,,,,,,,,,,,,,,,,,0,,,
5523,"Sacatepéquez",2,"Sumpango",4,563,400,21,57,6,72,4,27,12,37,8,244,7,4,255,0,255,--,400,145,244,255,255,Algún campo sin dato,1,7105286e08d152d0a02f341f8a7090073eae235d1eb6809c176ce2db97207f3e,26/06/2023 00:09:24,ESCANER
5524,"Sacatepéquez",2,"Sumpango",4,563,400,,,,,,,,,,,,,,,,,,,,,,,0,,,
5525,"Sacatepéquez",2,"Sumpango",4,563,400,22,64,4,48,5,41,12,36,2,234,20,4,258,142,400,--,400,142,234,258,400,Algún campo sin dato,1,218d5fa8d2715366ee47350e35afab88319f7def9415c03bf7029c8f8369b978,25/06/2023 23:12:31,ESCANER
5526,"Sacatepéquez",2,"Sumpango",4,563,400,23,70,6,68,8,40,10,37,5,267,12,4,283,0,283,--,400,117,267,283,283,Algún campo sin dato,1,310b3352b50e95474a50834520dac0d46a2a6a3991bba369a8901808b64d0ca8,25/06/2023 23:54:22,ESCANER
5527,"Sacatepéquez",2,"Sumpango",4,563,400,,,,,,,,,,,,,,,,,,,,,,,0,,,
5528,"Sacatepéquez",2,"Sumpango",4,563,400,26,56,5,56,9,30,11,48,2,243,12,7,262,0,262,--,400,138,243,262,262,Algún campo sin dato,1,d46d20a401dedb105d2c63fac37885a987d4c7d807c7a989e3dae7b9b68c6574,25/06/2023 23:57:57,ESCANER
5529,"Sacatepéquez",2,"Sumpango",4,563,400,,,,,,,,,,,,,,,,,,,,,,,0,,,
5530,"Sacatepéquez",2,"Sumpango",4,564,400,,,,,,,,,,,,,,,,,,,,,,,0,,,
5531,"Sacatepéquez",2,"Sumpango",4,564,400,,,,,,,,,,,,,,,,,,,,,,,0,,,
5532,"Sacatepéquez",2,"Sumpango",4,564,400,30,57,3,65,12,30,7,35,2,241,12,4,257,0,257,--,399,142,241,257,257,Algún campo sin dato,1,f09bf7fe0830bbf0e1738ec314186d8402c645749927b10874a14a0817572083,25/06/2023 23:57:42,ESCANER
5533,"Sacatepéquez",2,"Sumpango",4,564,400,,,,,,,,,,,,,,,,,,,,,,,0,,,
5534,"Sacatepéquez",2,"Sumpango",4,564,400,,,,,,,,,,,,,,,,,,,,,,,0,,,
5535,"Sacatepéquez",2,"Sumpango",4,564,400,,,,,,,,,,,,,,,,,,,,,,,0,,,
5536,"Sacatepéquez",2,"Sumpango",4,564,400,,,,,,,,,,,,,,,,,,,,,,,0,,,
5537,"Sacatepéquez",2,"Sumpango",4,564,400,24,58,7,59,3,36,14,35,1,237,15,3,255,0,255,--,397,142,237,255,255,Algún campo sin dato,1,5e987f9b3ca22b9da616c6905445e65970d220cf401cfe11957d9d6e8c49a17f,26/06/2023 00:20:08,ESCANER
5538,"Sacatepéquez",2,"Sumpango",4,564,400,28,75,3,54,4,37,17,31,7,256,13,1,270,0,270,--,416,146,256,270,270,Algún campo sin dato,1,7e41446619136c9b66c1a4e4a94c1d580064e2c11246da3ded18ef6a3aabaf2b,26/06/2023 00:26:31,ESCANER
5539,"Sacatepéquez",2,"Sumpango",4,564,400,,,,,,,,,,,,,,,,,,,,,,,0,,,
5540,"Sacatepéquez",2,"Sumpango",4,564,400,,,,,,,,,,,,,,,,,,,,,,,0,,,
5541,"Sacatepéquez",2,"Sumpango",4,564,400,,,,,,,,,,,,,,,,,,,,,,,0,,,
5542,"Sacatepéquez",2,"Sumpango",4,564,400,36,65,4,45,2,30,8,13,4,207,9,3,219,0,219,--,400,181,207,219,219,Algún campo sin dato,1,b6963ec1eec4ca4b59bf16cb61a2219397fc2e63a846cffb18c925adf430b455,26/06/2023 00:21:56,ESCANER
5543,"Sacatepéquez",2,"Sumpango",4,564,400,29,58,4,54,6,47,14,25,2,239,8,1,248,0,248,--,397,149,239,248,248,Algún campo sin dato,1,ea7d3a29c8cd3a2250829e4d9f5db4f817700e8ac64072feb7efe6ecdfad711b,25/06/2023 23:11:20,ESCANER
5544,"Sacatepéquez",2,"Sumpango",4,564,400,,,,,,,,,,,,,,,,,,,,,,,0,,,
5545,"Sacatepéquez",2,"Sumpango",4,564,400,25,67,7,52,5,41,9,17,0,223,5,1,229,0,229,--,400,171,223,229,229,Algún campo sin dato,1,1ab285ddb9e7e9f59060bbe46c73408b25f71f0fd3d29c47744cdb931cd74151,26/06/2023 00:20:19,ESCANER
5546,"Sacatepéquez",2,"Sumpango",4,564,400,,,,,,,,,,,,,,,,,,,,,,,0,,,
5547,"Sacatepéquez",2,"Sumpango",4,564,400,,,,,,,,,,,,,,,,,,,,,,,0,,,
5548,"Sacatepéquez",2,"Sumpango",4,564,361,27,37,1,49,7,30,10,16,1,178,3,1,182,0,182,--,357,175,178,182,182,Algún campo sin dato,1,108ba82c2949445ad36fe5a088616a18b9f2c47f6ec2bed1527bf5864f9edfd7,25/06/2023 23:09:25,ESCANER
5549,"Sacatepéquez",2,"Sumpango",4,564,360,17,41,6,49,6,16,6,19,2,162,11,0,173,0,173,--,360,187,162,173,173,Algún campo sin dato,1,10c169e2d9a01af8b31267537ad9b138f8a9baae8f2891cf6dd7be1150851dbf,26/06/2023 00:10:23,ESCANER
5550,"Sacatepéquez",2,"Sumpango",4,565,600,,,,,,,,,,,,,,,,,,,,,,,0,,,
5551,"Sacatepéquez",2,"Sumpango",4,565,600,18,59,8,74,4,31,14,48,3,259,19,6,284,0,284,--,600,316,259,284,284,Algún campo sin dato,1,dda4a86b824bf20cbcd19bccb30aeb4293b417fbaeaab6113fa7c92566a790ff,26/06/2023 00:27:50,ESCANER
5552,"Sacatepéquez",2,"Sumpango",4,565,312,13,36,3,40,4,21,10,7,3,137,5,6,148,0,148,--,312,164,137,148,148,Algún campo sin dato,1,308999de48fc38ff4ef1f9dd3e377689aef4f4628daefdcd3016614e66505177,25/06/2023 22:37:44,ESCANER
5553,"Sacatepéquez",2,"Sumpango",4,565,312,10,25,4,25,5,13,6,16,0,104,9,1,114,0,114,--,312,198,104,114,114,Algún campo sin dato,1,0fe990d4f68aaedb072035a759b08c8aca27d0178170fe9395ba1e9c96eaf239,25/06/2023 22:37:14,ESCANER