﻿TIPO_DE_ELECCIÓN:,CORPORACIÓN MUNICIPAL
26 junio 2023 00:28 (UTC -6)
ACTAS_ESPERADAS,ACTAS_CAPTURADAS,PORCENTAJE_ACTAS_CAPTURADAS,ACTAS_CONTABILIZADAS,PORCENTAJE_ACTAS_CONTABILIZADAS,ACTAS_NO_CONTABILIZADAS,LISTA_NOMINAL_ACTAS_CONTABILIZADAS,VOTOS_EMITIDOS_CONTABILIZADAS,PORCENTAJE_PARTICIPACIÓN_CIUDADANA
34,2,5.8823,2,5.8823,0,627,360,57.4162

MESA,DEPARTAMENTO,ID_DEPARTAMENTO,MUNICIPIO,ID_MUNICIPIO,CENTRO_DE_VOTACIÓN,PADRÓN,VAMOS,CABAL,BIEN,PHG,AZUL,UNE,VIVA,CREO,MLP,PPN,VÁLIDOS,NULOS,BLANCO,EMITIDOS,INVÁLIDOS,TOTAL,IMPUGNACIONES,PAPELETAS-RECIBIDAS,PAPELETAS-NO-USADAS,VALIDOS_CALCULADO,EMITIDOS_CALCULADO,TOTAL_CALCULADO,OBSERVACIONES,CONTABILIZADA,CÓDIGO_INTEGRIDAD,FECHA_HORA_PUBLICACIÓN,DIGITALIZACIÓN
3918,"Guatemala",1,"Chuarrancho",12,388,400,,,,,,,,,,,,,,,,,,,,,,,,0,,,
3919,"Guatemala",1,"Chuarrancho",12,388,400,,,,,,,,,,,,,,,,,,,,,,,,0,,,
3920,"Guatemala",1,"Chuarrancho",12,388,400,,,,,,,,,,,,,,,,,,,,,,,,0,,,
3921,"Guatemala",1,"Chuarrancho",12,388,400,,,,,,,,,,,,,,,,,,,,,,,,0,,,
3922,"Guatemala",1,"Chuarrancho",12,388,400,,,,,,,,,,,,,,,,,,,,,,,,0,,,
3923,"Guatemala",1,"Chuarrancho",12,388,400,,,,,,,,,,,,,,,,,,,,,,,,0,,,
3924,"Guatemala",1,"Chuarrancho",12,388,400,,,,,,,,,,,,,,,,,,,,,,,,0,,,
3925,"Guatemala",1,"Chuarrancho",12,388,400,,,,,,,,,,,,,,,,,,,,,,,,0,,,
3926,"Guatemala",1,"Chuarrancho",12,388,400,,,,,,,,,,,,,,,,,,,,,,,,0,,,
3927,"Guatemala",1,"Chuarrancho",12,388,400,,,,,,,,,,,,,,,,,,,,,,,,0,,,
3928,"Guatemala",1,"Chuarrancho",12,389,400,,,,,,,,,,,,,,,,,,,,,,,,0,,,
3929,"Guatemala",1,"Chuarrancho",12,389,400,,,,,,,,,,,,,,,,,,,,,,,,0,,,
3930,"Guatemala",1,"Chuarrancho",12,389,400,,,,,,,,,,,,,,,,,,,,,,,,0,,,
3931,"Guatemala",1,"Chuarrancho",12,389,400,,,,,,,,,,,,,,,,,,,,,,,,0,,,
3932,"Guatemala",1,"Chuarrancho",12,389,400,,,,,,,,,,,,,,,,,,,,,,,,0,,,
3933,"Guatemala",1,"Chuarrancho",12,389,400,,,,,,,,,,,,,,,,,,,,,,,,0,,,
3934,"Guatemala",1,"Chuarrancho",12,389,400,,,,,,,,,,,,,,,,,,,,,,,,0,,,
3935,"Guatemala",1,"Chuarrancho",12,390,400,,,,,,,,,,,,,,,,,,,,,,,,0,,,
3936,"Guatemala",1,"Chuarrancho",12,390,400,,,,,,,,,,,,,,,,,,,,,,,,0,,,
3937,"Guatemala",1,"Chuarrancho",12,390,400,,,,,,,,,,,,,,,,,,,,,,,,0,,,
3938,"Guatemala",1,"Chuarrancho",12,390,394,,,,,,,,,,,,,,,,,,,,,,,,0,,,
3939,"Guatemala",1,"Chuarrancho",12,390,394,,,,,,,,,,,,,,,,,,,,,,,,0,,,
3940,"Guatemala",1,"Chuarrancho",12,391,205,,,,,,,,,,,,,,,,,,,,,,,,0,,,
3941,"Guatemala",1,"Chuarrancho",12,391,205,,,,,,,,,,,,,,,,,,,,,,,,0,,,
3942,"Guatemala",1,"Chuarrancho",12,392,400,,,,,,,,,,,,,,,,,,,,,,,,0,,,
3943,"Guatemala",1,"Chuarrancho",12,392,400,,,,,,,,,,,,,,,,,,,,,,,,0,,,
3944,"Guatemala",1,"Chuarrancho",12,392,400,,,,,,,,,,,,,,,,,,,,,,,,0,,,
3945,"Guatemala",1,"Chuarrancho",12,392,243,,,,,,,,,,,,,,,,,,,,,,,,0,,,
3946,"Guatemala",1,"Chuarrancho",12,392,243,,,,,,,,,,,,,,,,,,,,,,,,0,,,
3947,"Guatemala",1,"Chuarrancho",12,393,380,,,,,,,,,,,,,,,,,,,,,,,,0,,,
3948,"Guatemala",1,"Chuarrancho",12,393,380,,,,,,,,,,,,,,,,,,,,,,,,0,,,
3949,"Guatemala",1,"Chuarrancho",12,393,314,57,13,7,15,23,10,38,3,1,0,167,9,1,177,0,177,--,314,137,167,177,177,Algún campo sin dato,1,666279aaea33d0c4d18546680b7e43b90f9d2fd2a69fc92ae4c5a01e82b6be73,25/06/2023 23:44:00,ESCANER
3950,"Guatemala",1,"Chuarrancho",12,393,313,39,20,7,32,18,11,48,2,1,1,179,3,1,183,0,183,--,313,130,179,183,183,Algún campo sin dato,1,68f38dd45dc86a11b6cdcd4221e59eb4e740cdffae1a5429546957ffcd3b3ffc,26/06/2023 00:07:15,ESCANER
3951,"Guatemala",1,"Chuarrancho",12,394,353,,,,,,,,,,,,,,,,,,,,,,,,0,,,