﻿TIPO_DE_ELECCIÓN:,CORPORACIÓN MUNICIPAL
26 junio 2023 00:28 (UTC -6)
ACTAS_ESPERADAS,ACTAS_CAPTURADAS,PORCENTAJE_ACTAS_CAPTURADAS,ACTAS_CONTABILIZADAS,PORCENTAJE_ACTAS_CONTABILIZADAS,ACTAS_NO_CONTABILIZADAS,LISTA_NOMINAL_ACTAS_CONTABILIZADAS,VOTOS_EMITIDOS_CONTABILIZADAS,PORCENTAJE_PARTICIPACIÓN_CIUDADANA
211,59,27.9620,59,27.9620,0,22731,12004,52.8089

MESA,DEPARTAMENTO,ID_DEPARTAMENTO,MUNICIPIO,ID_MUNICIPIO,CENTRO_DE_VOTACIÓN,PADRÓN,CABAL,TODOS,VALOR,UNE,AZUL,MLP,CAMBIO,WINAQ,PODEMOS,UR,VAMOS,TCB,BIEN,VICTORIA,PPN,PR,U R N G - MAIZ,VOS,VIVA,MI FAMILIA,SEMILLA,ELEFANTE,VÁLIDOS,NULOS,BLANCO,EMITIDOS,INVÁLIDOS,TOTAL,IMPUGNACIONES,PAPELETAS-RECIBIDAS,PAPELETAS-NO-USADAS,VALIDOS_CALCULADO,EMITIDOS_CALCULADO,TOTAL_CALCULADO,OBSERVACIONES,CONTABILIZADA,CÓDIGO_INTEGRIDAD,FECHA_HORA_PUBLICACIÓN,DIGITALIZACIÓN
7156,"Escuintla",5,"Escuintla",1,800,400,,,,,,,,,,,,,,,,,,,,,,,,,,,,,,,,,,,,0,,,
7157,"Escuintla",5,"Escuintla",1,800,400,,,,,,,,,,,,,,,,,,,,,,,,,,,,,,,,,,,,0,,,
7158,"Escuintla",5,"Escuintla",1,800,400,12,0,14,50,3,1,2,0,10,1,21,0,13,50,4,2,6,6,12,1,2,9,220,15,4,239,15,239,0,397,158,219,238,253,Sumas Asentadas sin cuadrar,1,db2fe5bdb3cd7231a19c6dfe42ff01861003dbabe73d949d776a4a1eb87a4e8d,26/06/2023 00:07:45,ESCANER
7159,"Escuintla",5,"Escuintla",1,800,400,,,,,,,,,,,,,,,,,,,,,,,,,,,,,,,,,,,,0,,,
7160,"Escuintla",5,"Escuintla",1,800,400,,,,,,,,,,,,,,,,,,,,,,,,,,,,,,,,,,,,0,,,
7161,"Escuintla",5,"Escuintla",1,800,400,,,,,,,,,,,,,,,,,,,,,,,,,,,,,,,,,,,,0,,,
7162,"Escuintla",5,"Escuintla",1,800,400,,,,,,,,,,,,,,,,,,,,,,,,,,,,,,,,,,,,0,,,
7163,"Escuintla",5,"Escuintla",1,800,400,,,,,,,,,,,,,,,,,,,,,,,,,,,,,,,,,,,,0,,,
7164,"Escuintla",5,"Escuintla",1,800,400,4,3,15,56,4,0,0,0,14,2,22,4,1,59,5,1,2,5,7,1,9,6,220,22,2,244,0,244,--,403,159,220,244,244,Algún campo sin dato,1,e0232a5d7a7ef644fd758085d59333445f6c8bbd96148a233776df511e3d2fc2,25/06/2023 23:23:09,ESCANER
7165,"Escuintla",5,"Escuintla",1,800,400,,,,,,,,,,,,,,,,,,,,,,,,,,,,,,,,,,,,0,,,
7166,"Escuintla",5,"Escuintla",1,800,400,,,,,,,,,,,,,,,,,,,,,,,,,,,,,,,,,,,,0,,,
7167,"Escuintla",5,"Escuintla",1,800,400,,,,,,,,,,,,,,,,,,,,,,,,,,,,,,,,,,,,0,,,
7168,"Escuintla",5,"Escuintla",1,800,400,,,,,,,,,,,,,,,,,,,,,,,,,,,,,,,,,,,,0,,,
7169,"Escuintla",5,"Escuintla",1,800,400,,,,,,,,,,,,,,,,,,,,,,,,,,,,,,,,,,,,0,,,
7170,"Escuintla",5,"Escuintla",1,800,400,8,3,21,40,1,0,0,1,8,3,25,7,3,50,7,2,4,6,7,2,12,7,217,26,1,244,--,244,--,400,156,217,244,244,Algún campo sin dato,1,21e59ab2ee58598dbd2a2bbbf068a84b97bd9647634253243ebd7a06581a88af,25/06/2023 23:41:53,ESCANER
7171,"Escuintla",5,"Escuintla",1,800,400,,,,,,,,,,,,,,,,,,,,,,,,,,,,,,,,,,,,0,,,
7172,"Escuintla",5,"Escuintla",1,800,400,8,4,8,31,4,0,3,0,14,4,24,3,1,62,9,2,4,4,5,0,13,14,217,17,1,235,0,235,--,400,165,217,235,235,Algún campo sin dato,1,8599a0f0023fe24c8cc8fdb5b55928206dde6d52733171fcac27e819e23935ce,26/06/2023 00:16:04,ESCANER
7173,"Escuintla",5,"Escuintla",1,800,400,,,,,,,,,,,,,,,,,,,,,,,,,,,,,,,,,,,,0,,,
7174,"Escuintla",5,"Escuintla",1,800,400,,,,,,,,,,,,,,,,,,,,,,,,,,,,,,,,,,,,0,,,
7175,"Escuintla",5,"Escuintla",1,800,400,,,,,,,,,,,,,,,,,,,,,,,,,,,,,,,,,,,,0,,,
7176,"Escuintla",5,"Escuintla",1,801,400,5,6,9,44,2,--,--,2,11,--,29,8,3,52,7,1,2,6,11,3,10,5,216,16,--,--,--,232,--,400,168,216,232,232,Algún campo sin dato,1,ebfab23878bc8dc8934d0339bcc631042c4d6009767f17f967dec52669fa98a6,25/06/2023 22:56:37,ESCANER
7177,"Escuintla",5,"Escuintla",1,801,400,,,,,,,,,,,,,,,,,,,,,,,,,,,,,,,,,,,,0,,,
7178,"Escuintla",5,"Escuintla",1,801,400,,,,,,,,,,,,,,,,,,,,,,,,,,,,,,,,,,,,0,,,
7179,"Escuintla",5,"Escuintla",1,801,400,,,,,,,,,,,,,,,,,,,,,,,,,,,,,,,,,,,,0,,,
7180,"Escuintla",5,"Escuintla",1,801,400,14,3,11,37,3,0,4,1,9,3,32,4,2,46,5,2,2,3,6,0,8,3,199,14,2,215,--,--,0,402,187,198,214,214,Sumas Asentadas sin cuadrar,1,63df0175e7cb642b19f5814923ee253e2d8dd0654315b4ebd742527607c76a1a,25/06/2023 23:17:15,ESCANER
7181,"Escuintla",5,"Escuintla",1,801,400,,,,,,,,,,,,,,,,,,,,,,,,,,,,,,,,,,,,0,,,
7182,"Escuintla",5,"Escuintla",1,801,400,5,2,12,47,5,1,4,0,11,3,38,2,5,49,10,0,0,6,6,1,12,6,225,13,1,239,0,239,--,400,161,225,239,239,Algún campo sin dato,1,9491ab1eea317b76948896de6aaaf091d2ba49ef1130b29d8b4684383a920e8e,25/06/2023 23:26:50,ESCANER
7183,"Escuintla",5,"Escuintla",1,801,400,,,,,,,,,,,,,,,,,,,,,,,,,,,,,,,,,,,,0,,,
7184,"Escuintla",5,"Escuintla",1,801,400,,,,,,,,,,,,,,,,,,,,,,,,,,,,,,,,,,,,0,,,
7185,"Escuintla",5,"Escuintla",1,801,400,11,1,15,35,2,1,0,0,15,1,39,3,3,48,7,0,1,4,6,0,15,7,214,18,1,233,0,233,--,400,167,214,233,233,Algún campo sin dato,1,b4db6628a7e7b790ec54872a2b77ee056b47c9370e2954fd5faf5697069ac15e,25/06/2023 22:41:37,ESCANER
7186,"Escuintla",5,"Escuintla",1,801,400,,,,,,,,,,,,,,,,,,,,,,,,,,,,,,,,,,,,0,,,
7187,"Escuintla",5,"Escuintla",1,801,400,10,4,15,32,3,1,0,2,9,1,19,6,0,53,5,0,3,5,4,0,19,7,198,10,0,208,0,208,0,400,189,198,208,208,,1,336e402e360944e78bc9832e4277041782003318c4e6904c589fbf6ccfec47a5,26/06/2023 00:14:11,ESCANER
7188,"Escuintla",5,"Escuintla",1,801,254,3,2,7,22,1,1,0,1,8,1,14,0,0,25,1,0,2,1,3,2,6,4,104,5,0,109,0,109,--,--,--,104,109,109,Algún campo sin dato,1,4f6e4ed5c6a04c714746a0d7dc7e0eeb756cf675e72b3255f25a52697c0a9e08,25/06/2023 23:19:16,ESCANER
7189,"Escuintla",5,"Escuintla",1,801,254,2,0,8,18,2,0,0,0,6,2,14,2,1,18,4,0,1,1,3,0,6,1,89,5,1,95,0,95,--,254,159,89,95,95,Algún campo sin dato,1,7419bc66a45b858cb576f2c1cdae08ff61cbc4692b1715d99d2d7c58dc380235,25/06/2023 22:26:26,ESCANER
7190,"Escuintla",5,"Escuintla",1,802,400,,,,,,,,,,,,,,,,,,,,,,,,,,,,,,,,,,,,0,,,
7191,"Escuintla",5,"Escuintla",1,802,400,,,,,,,,,,,,,,,,,,,,,,,,,,,,,,,,,,,,0,,,
7192,"Escuintla",5,"Escuintla",1,802,400,,,,,,,,,,,,,,,,,,,,,,,,,,,,,,,,,,,,0,,,
7193,"Escuintla",5,"Escuintla",1,802,400,,,,,,,,,,,,,,,,,,,,,,,,,,,,,,,,,,,,0,,,
7194,"Escuintla",5,"Escuintla",1,802,400,,,,,,,,,,,,,,,,,,,,,,,,,,,,,,,,,,,,0,,,
7195,"Escuintla",5,"Escuintla",1,802,400,,,,,,,,,,,,,,,,,,,,,,,,,,,,,,,,,,,,0,,,
7196,"Escuintla",5,"Escuintla",1,802,400,,,,,,,,,,,,,,,,,,,,,,,,,,,,,,,,,,,,0,,,
7197,"Escuintla",5,"Escuintla",1,802,400,,,,,,,,,,,,,,,,,,,,,,,,,,,,,,,,,,,,0,,,
7198,"Escuintla",5,"Escuintla",1,802,400,,,,,,,,,,,,,,,,,,,,,,,,,,,,,,,,,,,,0,,,
7199,"Escuintla",5,"Escuintla",1,802,400,,,,,,,,,,,,,,,,,,,,,,,,,,,,,,,,,,,,0,,,
7200,"Escuintla",5,"Escuintla",1,802,400,,,,,,,,,,,,,,,,,,,,,,,,,,,,,,,,,,,,0,,,
7201,"Escuintla",5,"Escuintla",1,802,400,,,,,,,,,,,,,,,,,,,,,,,,,,,,,,,,,,,,0,,,
7202,"Escuintla",5,"Escuintla",1,802,400,,,,,,,,,,,,,,,,,,,,,,,,,,,,,,,,,,,,0,,,
7203,"Escuintla",5,"Escuintla",1,803,400,,,,,,,,,,,,,,,,,,,,,,,,,,,,,,,,,,,,0,,,
7204,"Escuintla",5,"Escuintla",1,803,400,,,,,,,,,,,,,,,,,,,,,,,,,,,,,,,,,,,,0,,,
7205,"Escuintla",5,"Escuintla",1,803,400,,,,,,,,,,,,,,,,,,,,,,,,,,,,,,,,,,,,0,,,
7206,"Escuintla",5,"Escuintla",1,803,400,,,,,,,,,,,,,,,,,,,,,,,,,,,,,,,,,,,,0,,,
7207,"Escuintla",5,"Escuintla",1,803,400,,,,,,,,,,,,,,,,,,,,,,,,,,,,,,,,,,,,0,,,
7208,"Escuintla",5,"Escuintla",1,803,400,15,1,7,42,5,1,0,1,16,2,37,5,3,54,11,0,2,3,7,1,5,9,227,23,2,252,0,252,--,398,146,227,252,252,Algún campo sin dato,1,8b3fa7034432686dc2e030d6e7647b987254722354c1a4f4cee4556e1bc2f184,25/06/2023 23:49:03,ESCANER
7209,"Escuintla",5,"Escuintla",1,804,400,,,,,,,,,,,,,,,,,,,,,,,,,,,,,,,,,,,,0,,,
7210,"Escuintla",5,"Escuintla",1,804,400,,,,,,,,,,,,,,,,,,,,,,,,,,,,,,,,,,,,0,,,
7211,"Escuintla",5,"Escuintla",1,804,400,,,,,,,,,,,,,,,,,,,,,,,,,,,,,,,,,,,,0,,,
7212,"Escuintla",5,"Escuintla",1,804,400,,,,,,,,,,,,,,,,,,,,,,,,,,,,,,,,,,,,0,,,
7213,"Escuintla",5,"Escuintla",1,804,400,,,,,,,,,,,,,,,,,,,,,,,,,,,,,,,,,,,,0,,,
7214,"Escuintla",5,"Escuintla",1,804,400,10,3,10,50,0,0,0,0,15,2,41,3,3,77,5,4,3,2,6,0,4,5,243,14,4,261,0,261,0,400,139,243,261,261,,1,a14d727e31979c3a623f7149630080e4078b408ff497fd772a86227d7bf21b5c,25/06/2023 23:17:08,ESCANER
7215,"Escuintla",5,"Escuintla",1,804,400,,,,,,,,,,,,,,,,,,,,,,,,,,,,,,,,,,,,0,,,
7216,"Escuintla",5,"Escuintla",1,804,400,,,,,,,,,,,,,,,,,,,,,,,,,,,,,,,,,,,,0,,,
7217,"Escuintla",5,"Escuintla",1,804,400,16,3,8,36,2,0,0,0,9,0,24,3,5,46,6,4,7,3,9,1,6,6,194,16,4,214,186,400,--,400,186,194,214,400,Algún campo sin dato,1,d6447355b505aaabb6378cb6bea728271ad47d5170f2a9569a6ef002b827ada8,26/06/2023 00:01:48,ESCANER
7218,"Escuintla",5,"Escuintla",1,804,400,10,3,10,49,3,1,1,0,8,1,33,2,2,52,7,6,1,4,9,0,7,5,214,16,0,230,0,230,0,400,170,214,230,230,,1,20c62c553ace5a9d262b5ac50c30cbbf63259205fbf31ac888598d2b0d57c8da,25/06/2023 22:18:52,ESCANER
7219,"Escuintla",5,"Escuintla",1,805,400,10,0,10,54,4,1,0,1,16,2,24,4,2,44,7,0,1,2,4,0,6,5,197,19,2,218,0,218,0,400,182,197,218,218,,1,59f24e9925492ebd6a2ca4b1caa09f894b1f5d2f644851508105c9e2d9c9e525,26/06/2023 00:03:38,ESCANER
7220,"Escuintla",5,"Escuintla",1,805,400,8,2,6,48,4,3,0,0,10,1,24,4,6,54,4,1,1,3,7,1,0,5,192,23,1,216,0,216,--,400,184,192,216,216,Algún campo sin dato,1,a1f1a77079463f05b443030c68528d1643587c3f3bbe1277ef58b33c17ede7fb,25/06/2023 22:44:14,ESCANER
7221,"Escuintla",5,"Escuintla",1,805,400,,,,,,,,,,,,,,,,,,,,,,,,,,,,,,,,,,,,0,,,
7222,"Escuintla",5,"Escuintla",1,805,400,5,2,7,55,5,0,1,0,13,0,22,4,3,51,8,1,0,1,5,1,4,4,192,12,0,204,0,204,--,--,--,192,204,204,Algún campo sin dato,1,4bdcea6a380baad157d3ca4ebed29076401f6161967ad0343c3db9154022ab67,25/06/2023 23:01:58,ESCANER
7223,"Escuintla",5,"Escuintla",1,805,400,10,4,13,40,2,2,0,0,13,0,26,2,3,62,5,5,2,7,6,0,4,7,213,14,1,228,0,228,--,400,172,213,228,228,Algún campo sin dato,1,b82c01eee707f029f27c33623e00be7e124b8226e224141ceb510661a8c3ee4a,25/06/2023 22:50:08,ESCANER
7224,"Escuintla",5,"Escuintla",1,805,400,,,,,,,,,,,,,,,,,,,,,,,,,,,,,,,,,,,,0,,,
7225,"Escuintla",5,"Escuintla",1,805,400,9,1,12,36,4,0,1,1,16,2,33,2,8,59,4,1,0,0,6,1,9,4,209,12,3,224,0,224,--,400,176,209,224,224,Algún campo sin dato,1,ee194df4dbf443ea3fab738ed7444aab5c744e1cbac04888fee446d38f787aca,25/06/2023 23:34:13,ESCANER
7226,"Escuintla",5,"Escuintla",1,805,400,,,,,,,,,,,,,,,,,,,,,,,,,,,,,,,,,,,,0,,,
7227,"Escuintla",5,"Escuintla",1,805,400,,,,,,,,,,,,,,,,,,,,,,,,,,,,,,,,,,,,0,,,
7228,"Escuintla",5,"Escuintla",1,805,400,,,,,,,,,,,,,,,,,,,,,,,,,,,,,,,,,,,,0,,,
7229,"Escuintla",5,"Escuintla",1,805,400,,,,,,,,,,,,,,,,,,,,,,,,,,,,,,,,,,,,0,,,
7230,"Escuintla",5,"Escuintla",1,805,400,8,0,6,43,2,2,0,0,17,0,18,5,2,54,4,4,0,3,6,0,16,5,195,9,3,207,2,209,0,397,188,195,207,209,,1,1fa9fa7810615cc257f4f12cba16f6a9f92a58fc0d0a290967f5b4968e70a98a,25/06/2023 23:19:39,ESCANER
7231,"Escuintla",5,"Escuintla",1,805,400,,,,,,,,,,,,,,,,,,,,,,,,,,,,,,,,,,,,0,,,
7232,"Escuintla",5,"Escuintla",1,805,285,7,0,1,27,3,1,0,1,6,2,19,2,2,29,4,0,1,4,2,0,4,5,119,8,1,128,0,128,--,285,157,120,129,129,Sumas Asentadas sin cuadrar,1,1a203a8a7b96e35d3a910334ef4611ffdb58eaad6052b9905c0850fc31909c1e,25/06/2023 22:20:17,ESCANER
7233,"Escuintla",5,"Escuintla",1,805,284,9,1,4,21,3,0,1,0,5,0,20,0,3,16,2,3,1,2,5,0,2,2,100,9,0,109,0,109,--,284,175,100,109,109,Algún campo sin dato,1,d77993c85009e60fc8af05d5e83fb73d244bc6646b85afdb5e314bb415628884,25/06/2023 23:33:33,ESCANER
7234,"Escuintla",5,"Escuintla",1,806,400,,,,,,,,,,,,,,,,,,,,,,,,,,,,,,,,,,,,0,,,
7235,"Escuintla",5,"Escuintla",1,806,400,,,,,,,,,,,,,,,,,,,,,,,,,,,,,,,,,,,,0,,,
7236,"Escuintla",5,"Escuintla",1,806,400,,,,,,,,,,,,,,,,,,,,,,,,,,,,,,,,,,,,0,,,
7237,"Escuintla",5,"Escuintla",1,806,400,,,,,,,,,,,,,,,,,,,,,,,,,,,,,,,,,,,,0,,,
7238,"Escuintla",5,"Escuintla",1,806,400,,,,,,,,,,,,,,,,,,,,,,,,,,,,,,,,,,,,0,,,
7239,"Escuintla",5,"Escuintla",1,806,400,,,,,,,,,,,,,,,,,,,,,,,,,,,,,,,,,,,,0,,,
7240,"Escuintla",5,"Escuintla",1,806,400,,,,,,,,,,,,,,,,,,,,,,,,,,,,,,,,,,,,0,,,
7241,"Escuintla",5,"Escuintla",1,807,400,,,,,,,,,,,,,,,,,,,,,,,,,,,,,,,,,,,,0,,,
7242,"Escuintla",5,"Escuintla",1,807,400,,,,,,,,,,,,,,,,,,,,,,,,,,,,,,,,,,,,0,,,
7243,"Escuintla",5,"Escuintla",1,807,400,,,,,,,,,,,,,,,,,,,,,,,,,,,,,,,,,,,,0,,,
7244,"Escuintla",5,"Escuintla",1,807,400,,,,,,,,,,,,,,,,,,,,,,,,,,,,,,,,,,,,0,,,
7245,"Escuintla",5,"Escuintla",1,808,400,,,,,,,,,,,,,,,,,,,,,,,,,,,,,,,,,,,,0,,,
7246,"Escuintla",5,"Escuintla",1,808,400,,,,,,,,,,,,,,,,,,,,,,,,,,,,,,,,,,,,0,,,
7247,"Escuintla",5,"Escuintla",1,808,400,,,,,,,,,,,,,,,,,,,,,,,,,,,,,,,,,,,,0,,,
7248,"Escuintla",5,"Escuintla",1,808,400,,,,,,,,,,,,,,,,,,,,,,,,,,,,,,,,,,,,0,,,
7249,"Escuintla",5,"Escuintla",1,808,400,9,6,15,47,5,2,2,1,17,5,36,7,1,69,3,2,3,3,10,1,8,3,255,18,0,273,0,273,--,400,127,255,273,273,Algún campo sin dato,1,0a5e6a8163a011311f104231a6219b48331742654e2b3ccf2540ab7f2e689d65,26/06/2023 00:27:57,ESCANER
7250,"Escuintla",5,"Escuintla",1,808,400,,,,,,,,,,,,,,,,,,,,,,,,,,,,,,,,,,,,0,,,
7251,"Escuintla",5,"Escuintla",1,808,400,,,,,,,,,,,,,,,,,,,,,,,,,,,,,,,,,,,,0,,,
7252,"Escuintla",5,"Escuintla",1,809,400,,,,,,,,,,,,,,,,,,,,,,,,,,,,,,,,,,,,0,,,
7253,"Escuintla",5,"Escuintla",1,809,400,,,,,,,,,,,,,,,,,,,,,,,,,,,,,,,,,,,,0,,,
7254,"Escuintla",5,"Escuintla",1,809,400,14,3,10,42,3,2,1,0,11,1,31,3,3,59,5,5,1,3,6,0,6,6,215,15,6,236,0,236,--,400,164,215,236,236,Algún campo sin dato,1,06cbfad4009ff24921e21a9f5d71eb93cc2633c85f23874788ae60217d9012d6,25/06/2023 23:18:21,ESCANER
7255,"Escuintla",5,"Escuintla",1,809,400,,,,,,,,,,,,,,,,,,,,,,,,,,,,,,,,,,,,0,,,
7256,"Escuintla",5,"Escuintla",1,809,400,,,,,,,,,,,,,,,,,,,,,,,,,,,,,,,,,,,,0,,,
7257,"Escuintla",5,"Escuintla",1,809,400,,,,,,,,,,,,,,,,,,,,,,,,,,,,,,,,,,,,0,,,
7258,"Escuintla",5,"Escuintla",1,809,400,,,,,,,,,,,,,,,,,,,,,,,,,,,,,,,,,,,,0,,,
7259,"Escuintla",5,"Escuintla",1,809,400,6,3,8,40,3,1,0,--,24,3,35,2,4,68,3,3,3,4,7,1,15,4,237,19,0,256,0,256,0,400,144,237,256,256,Algún campo sin dato,1,11bd57cff1f5752eedb85dfb363c5eac3e390842a91dc9216e302803e40e06d0,25/06/2023 23:37:12,ESCANER
7260,"Escuintla",5,"Escuintla",1,809,400,,,,,,,,,,,,,,,,,,,,,,,,,,,,,,,,,,,,0,,,
7261,"Escuintla",5,"Escuintla",1,809,400,6,4,12,29,6,0,0,0,14,0,33,3,1,54,1,3,3,3,0,1,23,5,201,10,1,212,0,212,--,400,188,201,212,212,Algún campo sin dato,1,a2fd56bc88ad6aacf3ad3a250dde3a24dd426d20478211891f77fa25fbd527a3,26/06/2023 00:06:03,ESCANER
7262,"Escuintla",5,"Escuintla",1,809,363,,,,,,,,,,,,,,,,,,,,,,,,,,,,,,,,,,,,0,,,
7263,"Escuintla",5,"Escuintla",1,809,362,9,4,14,30,4,0,0,1,5,0,16,1,0,36,2,1,2,2,4,1,8,7,147,8,0,155,0,155,0,359,204,147,155,155,,1,0a8a3b7f590ab442b4c65929b89ed099dfea3355f1e892e3437dcbe76329a2fb,25/06/2023 21:21:07,ESCANER
7264,"Escuintla",5,"Escuintla",1,810,400,,,,,,,,,,,,,,,,,,,,,,,,,,,,,,,,,,,,0,,,
7265,"Escuintla",5,"Escuintla",1,810,400,11,5,15,49,2,3,0,0,12,5,33,1,5,51,3,2,1,0,17,0,3,4,222,31,145,398,0,222,--,398,145,222,398,398,Sumas Asentadas sin cuadrar,1,ae7bc7f8d265ca6b5a1f40d55cdc70bf5b37963d7d1292ffac04edb33a862e52,25/06/2023 23:33:43,ESCANER
7266,"Escuintla",5,"Escuintla",1,810,400,,,,,,,,,,,,,,,,,,,,,,,,,,,,,,,,,,,,0,,,
7267,"Escuintla",5,"Escuintla",1,810,400,,,,,,,,,,,,,,,,,,,,,,,,,,,,,,,,,,,,0,,,
7268,"Escuintla",5,"Escuintla",1,811,400,,,,,,,,,,,,,,,,,,,,,,,,,,,,,,,,,,,,0,,,
7269,"Escuintla",5,"Escuintla",1,811,400,,,,,,,,,,,,,,,,,,,,,,,,,,,,,,,,,,,,0,,,
7270,"Escuintla",5,"Escuintla",1,811,400,7,3,9,36,3,2,0,0,15,1,41,2,5,52,5,5,4,3,4,3,7,4,211,32,2,245,0,245,--,400,155,211,245,245,Algún campo sin dato,1,c3f3a39af8be7e47acfbd4489ac394a416ff2986d3ba26441a7b509f7a18fb24,25/06/2023 22:59:17,ESCANER
7271,"Escuintla",5,"Escuintla",1,811,400,,,,,,,,,,,,,,,,,,,,,,,,,,,,,,,,,,,,0,,,
7272,"Escuintla",5,"Escuintla",1,811,400,,,,,,,,,,,,,,,,,,,,,,,,,,,,,,,,,,,,0,,,
7273,"Escuintla",5,"Escuintla",1,812,400,,,,,,,,,,,,,,,,,,,,,,,,,,,,,,,,,,,,0,,,
7274,"Escuintla",5,"Escuintla",1,812,400,,,,,,,,,,,,,,,,,,,,,,,,,,,,,,,,,,,,0,,,
7275,"Escuintla",5,"Escuintla",1,812,400,,,,,,,,,,,,,,,,,,,,,,,,,,,,,,,,,,,,0,,,
7276,"Escuintla",5,"Escuintla",1,812,400,,,,,,,,,,,,,,,,,,,,,,,,,,,,,,,,,,,,0,,,
7277,"Escuintla",5,"Escuintla",1,812,400,,,,,,,,,,,,,,,,,,,,,,,,,,,,,,,,,,,,0,,,
7278,"Escuintla",5,"Escuintla",1,812,400,,,,,,,,,,,,,,,,,,,,,,,,,,,,,,,,,,,,0,,,
7279,"Escuintla",5,"Escuintla",1,812,400,,,,,,,,,,,,,,,,,,,,,,,,,,,,,,,,,,,,0,,,
7280,"Escuintla",5,"Escuintla",1,812,400,,,,,,,,,,,,,,,,,,,,,,,,,,,,,,,,,,,,0,,,
7281,"Escuintla",5,"Escuintla",1,812,400,,,,,,,,,,,,,,,,,,,,,,,,,,,,,,,,,,,,0,,,
7282,"Escuintla",5,"Escuintla",1,812,400,,,,,,,,,,,,,,,,,,,,,,,,,,,,,,,,,,,,0,,,
7283,"Escuintla",5,"Escuintla",1,812,400,,,,,,,,,,,,,,,,,,,,,,,,,,,,,,,,,,,,0,,,
7284,"Escuintla",5,"Escuintla",1,812,400,,,,,,,,,,,,,,,,,,,,,,,,,,,,,,,,,,,,0,,,
7285,"Escuintla",5,"Escuintla",1,812,400,2,1,11,44,5,1,3,1,12,4,25,4,2,64,5,2,9,5,6,1,3,8,218,29,5,252,148,400,--,400,148,218,252,400,Algún campo sin dato,1,be2454a8a6f23871ffc310372c1ce8e985c48a8bdda6681495fae0427ef0aa3c,26/06/2023 00:11:39,ESCANER
7286,"Escuintla",5,"Escuintla",1,812,400,,,,,,,,,,,,,,,,,,,,,,,,,,,,,,,,,,,,0,,,
7287,"Escuintla",5,"Escuintla",1,812,400,,,,,,,,,,,,,,,,,,,,,,,,,,,,,,,,,,,,0,,,
7288,"Escuintla",5,"Escuintla",1,813,400,9,0,10,60,3,2,2,1,13,1,31,1,3,67,3,1,5,3,12,0,6,8,241,16,5,262,0,262,0,400,138,241,262,262,,1,9abaed4bb825faf836ec8d043a73e8f90d937113ad756aa13fac96136f5f6450,25/06/2023 20:58:10,ESCANER
7289,"Escuintla",5,"Escuintla",1,813,400,,,,,,,,,,,,,,,,,,,,,,,,,,,,,,,,,,,,0,,,
7290,"Escuintla",5,"Escuintla",1,813,400,,,,,,,,,,,,,,,,,,,,,,,,,,,,,,,,,,,,0,,,
7291,"Escuintla",5,"Escuintla",1,813,400,,,,,,,,,,,,,,,,,,,,,,,,,,,,,,,,,,,,0,,,
7292,"Escuintla",5,"Escuintla",1,813,400,,,,,,,,,,,,,,,,,,,,,,,,,,,,,,,,,,,,0,,,
7293,"Escuintla",5,"Escuintla",1,813,400,10,2,11,48,3,2,1,1,23,3,30,3,3,57,2,0,0,1,5,0,2,5,212,15,3,230,0,230,--,--,--,212,230,230,Algún campo sin dato,1,c3c5377cb056275d5c3473a4ac10058ee3c3408aaa7ae41efa70f863f4381bd1,25/06/2023 21:50:49,ESCANER
7294,"Escuintla",5,"Escuintla",1,814,400,,,,,,,,,,,,,,,,,,,,,,,,,,,,,,,,,,,,0,,,
7295,"Escuintla",5,"Escuintla",1,814,400,,,,,,,,,,,,,,,,,,,,,,,,,,,,,,,,,,,,0,,,
7296,"Escuintla",5,"Escuintla",1,814,400,9,3,4,48,0,3,2,0,12,1,33,5,2,42,5,2,2,3,14,2,7,3,202,16,2,220,0,220,--,--,--,202,220,220,Algún campo sin dato,1,113426f782995ee70ef27a9fd1506bfcd59e508d59fd6dacca7dc2d43e95675b,25/06/2023 22:07:22,ESCANER
7297,"Escuintla",5,"Escuintla",1,814,400,,,,,,,,,,,,,,,,,,,,,,,,,,,,,,,,,,,,0,,,
7298,"Escuintla",5,"Escuintla",1,814,400,,,,,,,,,,,,,,,,,,,,,,,,,,,,,,,,,,,,0,,,
7299,"Escuintla",5,"Escuintla",1,814,400,,,,,,,,,,,,,,,,,,,,,,,,,,,,,,,,,,,,0,,,
7300,"Escuintla",5,"Escuintla",1,814,400,,,,,,,,,,,,,,,,,,,,,,,,,,,,,,,,,,,,0,,,
7301,"Escuintla",5,"Escuintla",1,814,400,,,,,,,,,,,,,,,,,,,,,,,,,,,,,,,,,,,,0,,,
7302,"Escuintla",5,"Escuintla",1,814,400,,,,,,,,,,,,,,,,,,,,,,,,,,,,,,,,,,,,0,,,
7303,"Escuintla",5,"Escuintla",1,814,400,,,,,,,,,,,,,,,,,,,,,,,,,,,,,,,,,,,,0,,,
7304,"Escuintla",5,"Escuintla",1,814,400,10,2,15,41,6,1,4,0,9,6,39,4,5,47,5,0,1,3,11,0,5,5,219,8,0,227,0,227,--,399,172,219,227,227,Algún campo sin dato,1,c2e0e32d02da260c3e70afd4308b4a86399f2b81cf6fcbe7285a8edc77ac3e72,26/06/2023 00:23:39,ESCANER
7305,"Escuintla",5,"Escuintla",1,814,400,,,,,,,,,,,,,,,,,,,,,,,,,,,,,,,,,,,,0,,,
7306,"Escuintla",5,"Escuintla",1,814,400,,,,,,,,,,,,,,,,,,,,,,,,,,,,,,,,,,,,0,,,
7307,"Escuintla",5,"Escuintla",1,814,400,,,,,,,,,,,,,,,,,,,,,,,,,,,,,,,,,,,,0,,,
7308,"Escuintla",5,"Escuintla",1,814,400,,,,,,,,,,,,,,,,,,,,,,,,,,,,,,,,,,,,0,,,
7309,"Escuintla",5,"Escuintla",1,814,400,,,,,,,,,,,,,,,,,,,,,,,,,,,,,,,,,,,,0,,,
7310,"Escuintla",5,"Escuintla",1,814,400,,,,,,,,,,,,,,,,,,,,,,,,,,,,,,,,,,,,0,,,
7311,"Escuintla",5,"Escuintla",1,814,400,6,4,11,27,4,4,0,1,10,3,20,5,3,39,3,1,1,4,3,0,16,4,169,19,0,188,0,188,--,--,--,169,188,188,Algún campo sin dato,1,5917296e210d97369b1417e7bfc0a943edf4a49d6dbf534db72e7da5b495d611,25/06/2023 23:22:58,ESCANER
7312,"Escuintla",5,"Escuintla",1,814,400,,,,,,,,,,,,,,,,,,,,,,,,,,,,,,,,,,,,0,,,
7313,"Escuintla",5,"Escuintla",1,814,380,,,,,,,,,,,,,,,,,,,,,,,,,,,,,,,,,,,,0,,,
7314,"Escuintla",5,"Escuintla",1,814,379,,,,,,,,,,,,,,,,,,,,,,,,,,,,,,,,,,,,0,,,
7315,"Escuintla",5,"Escuintla",1,815,380,7,2,5,46,5,0,1,1,6,0,19,0,0,20,2,0,6,12,9,0,3,6,150,31,12,193,0,193,--,380,127,150,193,193,Algún campo sin dato,1,e5dfde6efc97ecb04639ee683c87d7210ed9a49708c29f1343c98a52df509159,26/06/2023 00:20:17,ESCANER
7316,"Escuintla",5,"Escuintla",1,815,380,,,,,,,,,,,,,,,,,,,,,,,,,,,,,,,,,,,,0,,,
7317,"Escuintla",5,"Escuintla",1,815,380,5,1,11,44,7,0,1,2,16,2,26,0,2,25,3,0,4,9,7,0,5,3,173,43,3,219,0,219,--,381,162,173,219,219,Algún campo sin dato,1,dbbd02d5ff1fc22e13784a8329267b83aded3fd0fcf5f9b1ce786b341f0e1746,25/06/2023 23:43:19,ESCANER
7318,"Escuintla",5,"Escuintla",1,815,380,,,,,,,,,,,,,,,,,,,,,,,,,,,,,,,,,,,,0,,,
7319,"Escuintla",5,"Escuintla",1,816,380,,,,,,,,,,,,,,,,,,,,,,,,,,,,,,,,,,,,0,,,
7320,"Escuintla",5,"Escuintla",1,816,193,2,1,12,18,4,1,2,1,5,0,10,4,1,6,0,0,3,4,4,0,4,0,49,20,3,72,0,72,--,193,91,82,105,105,Sumas Asentadas sin cuadrar,1,a955e50540af52fa4ded4eee959793432035fc681806cfc7764e8799b64a8ddc,26/06/2023 00:17:28,ESCANER
7321,"Escuintla",5,"Escuintla",1,816,192,3,0,7,17,2,0,0,1,4,0,8,0,1,10,0,0,0,5,0,0,2,2,62,19,1,82,0,82,--,192,110,62,82,82,Algún campo sin dato,1,a54c9b5f7f02164972d2bb8b4b5ed842611089319d9c5ebab90a1592c90eb292,25/06/2023 22:00:21,ESCANER
7322,"Escuintla",5,"Escuintla",1,817,380,,,,,,,,,,,,,,,,,,,,,,,,,,,,,,,,,,,,0,,,
7323,"Escuintla",5,"Escuintla",1,817,380,,,,,,,,,,,,,,,,,,,,,,,,,,,,,,,,,,,,0,,,
7324,"Escuintla",5,"Escuintla",1,817,360,12,3,24,36,2,0,0,0,6,0,71,0,1,40,0,0,1,2,1,0,0,0,199,28,10,237,0,237,0,260,120,199,237,237,,1,1cca468a59716733d54681fb54ce8b57222a64f856e10726e46ec7aca48cb2ed,25/06/2023 22:38:49,ESCANER
7325,"Escuintla",5,"Escuintla",1,817,360,11,1,18,25,3,0,0,0,8,0,65,0,2,43,2,0,0,1,1,0,3,0,183,19,5,207,0,207,0,360,153,183,207,207,,1,e91a19fc866a272eb840fd7600e39e661d3115f331e6ded8c8a134a7bb9a0dee,25/06/2023 22:26:06,ESCANER
7326,"Escuintla",5,"Escuintla",1,818,380,,,,,,,,,,,,,,,,,,,,,,,,,,,,,,,,,,,,0,,,
7327,"Escuintla",5,"Escuintla",1,818,380,,,,,,,,,,,,,,,,,,,,,,,,,,,,,,,,,,,,0,,,
7328,"Escuintla",5,"Escuintla",1,818,380,,,,,,,,,,,,,,,,,,,,,,,,,,,,,,,,,,,,0,,,
7329,"Escuintla",5,"Escuintla",1,818,380,,,,,,,,,,,,,,,,,,,,,,,,,,,,,,,,,,,,0,,,
7330,"Escuintla",5,"Escuintla",1,818,380,,,,,,,,,,,,,,,,,,,,,,,,,,,,,,,,,,,,0,,,
7331,"Escuintla",5,"Escuintla",1,818,380,,,,,,,,,,,,,,,,,,,,,,,,,,,,,,,,,,,,0,,,
7332,"Escuintla",5,"Escuintla",1,818,191,3,0,12,6,0,0,0,0,2,0,19,0,1,32,0,0,0,4,5,0,1,1,86,2,1,89,0,89,--,191,102,86,89,89,Algún campo sin dato,1,af25754c309487f9310bcdbe8f410ab465ced949927c742b9119c83557b6679c,25/06/2023 22:11:48,ESCANER
7333,"Escuintla",5,"Escuintla",1,818,190,2,2,7,7,0,0,0,0,1,0,15,0,2,29,1,0,1,7,1,0,0,0,75,9,3,87,0,87,--,190,103,75,87,87,Algún campo sin dato,1,d15a1fd956b7d728ccf40de91f742c45787d7a74d47470e00e1a4005fc4f7ccb,25/06/2023 22:16:58,ESCANER
7334,"Escuintla",5,"Escuintla",1,819,380,,,,,,,,,,,,,,,,,,,,,,,,,,,,,,,,,,,,0,,,
7335,"Escuintla",5,"Escuintla",1,819,380,,,,,,,,,,,,,,,,,,,,,,,,,,,,,,,,,,,,0,,,
7336,"Escuintla",5,"Escuintla",1,819,380,10,1,7,93,4,1,0,1,9,0,28,0,11,26,2,3,3,2,8,0,0,0,209,20,3,232,0,232,--,380,148,209,232,232,Algún campo sin dato,1,d12dec9fa7199abebabcffac22b5ce9637c410866da1bad039b8f3b8aba5db9c,25/06/2023 23:24:35,ESCANER
7337,"Escuintla",5,"Escuintla",1,819,380,,,,,,,,,,,,,,,,,,,,,,,,,,,,,,,,,,,,0,,,
7338,"Escuintla",5,"Escuintla",1,819,380,14,0,3,59,2,1,0,1,8,1,24,0,3,32,1,3,0,0,6,1,0,1,160,18,5,183,--,--,--,380,197,160,183,183,Algún campo sin dato,1,79a8de30a8e17db1f302963ad2a4097684fe2e0ac3f0d7d4a7ce36da823bc291,25/06/2023 23:05:42,ESCANER
7339,"Escuintla",5,"Escuintla",1,819,361,9,1,3,66,3,1,0,0,8,2,38,1,3,30,4,1,2,0,3,0,3,2,180,13,4,197,0,197,--,361,164,180,197,197,Algún campo sin dato,1,c2f5317a0ca0c3524af1faa09214a2e9d24c906d897d6204b58a18055b5cc410,25/06/2023 21:38:33,ESCANER
7340,"Escuintla",5,"Escuintla",1,819,361,,,,,,,,,,,,,,,,,,,,,,,,,,,,,,,,,,,,0,,,
7341,"Escuintla",5,"Escuintla",1,820,380,13,2,25,62,1,1,2,1,3,2,40,1,4,7,0,1,1,2,24,1,1,4,198,35,6,239,0,239,--,380,141,198,239,239,Algún campo sin dato,1,849b891a7d2f85e040eaa5bdf11fae7425b573bafa320dae76ca57dc55adaac4,25/06/2023 23:37:18,ESCANER
7342,"Escuintla",5,"Escuintla",1,820,380,12,2,17,52,1,--,--,--,3,1,37,--,3,12,3,2,6,3,27,--,2,5,188,31,7,226,--,226,--,280,154,188,226,226,Algún campo sin dato,1,fb10f355052ed3a962e3663184990f7b88a3d55f497d5441d7fb86fb29c2a95d,26/06/2023 00:24:11,ESCANER
7343,"Escuintla",5,"Escuintla",1,820,380,14,0,18,48,0,0,0,2,4,0,38,0,3,13,2,0,0,1,16,2,2,4,169,29,7,205,0,205,0,380,175,167,203,203,Sumas Asentadas sin cuadrar,1,ce0e92ccacaa7fc201d534678ff835720dbbab76d7fc8dd914b5f0880bf27f4f,25/06/2023 22:59:37,ESCANER
7344,"Escuintla",5,"Escuintla",1,820,347,12,0,15,51,1,1,0,0,3,0,33,0,4,4,2,1,2,1,13,0,2,5,143,27,15,185,42,--,--,344,159,150,192,234,Sumas Asentadas sin cuadrar,1,8d17bc4e644a41f04efe4e37c465eb8b3e032e7d0e2efb0e3e0e1c75807b151e,25/06/2023 23:29:48,ESCANER
7345,"Escuintla",5,"Escuintla",1,820,347,15,0,18,42,0,0,0,1,2,1,35,0,4,16,0,1,1,2,19,0,3,6,180,12,4,196,0,196,--,--,--,166,182,182,Sumas Asentadas sin cuadrar,1,0e91448f37aa7e3a8f205e09299762b967ea5ecd797651b0aca66abed7fa8f18,25/06/2023 22:46:07,ESCANER
7346,"Escuintla",5,"Escuintla",1,821,600,10,3,19,33,4,0,0,0,15,2,26,4,3,46,3,2,3,6,8,2,6,7,202,18,2,222,0,222,--,600,378,202,222,222,Algún campo sin dato,1,0f5e062647d1adbdf1b88639c55215e95a4aa9cf4484632751d14821626e6549,25/06/2023 23:32:42,ESCANER
7347,"Escuintla",5,"Escuintla",1,821,600,,,,,,,,,,,,,,,,,,,,,,,,,,,,,,,,,,,,0,,,
7348,"Escuintla",5,"Escuintla",1,821,600,,,,,,,,,,,,,,,,,,,,,,,,,,,,,,,,,,,,0,,,
7349,"Escuintla",5,"Escuintla",1,821,600,,,,,,,,,,,,,,,,,,,,,,,,,,,,,,,,,,,,0,,,
7350,"Escuintla",5,"Escuintla",1,821,600,,,,,,,,,,,,,,,,,,,,,,,,,,,,,,,,,,,,0,,,
7351,"Escuintla",5,"Escuintla",1,821,600,,,,,,,,,,,,,,,,,,,,,,,,,,,,,,,,,,,,0,,,
7352,"Escuintla",5,"Escuintla",1,821,600,,,,,,,,,,,,,,,,,,,,,,,,,,,,,,,,,,,,0,,,
7353,"Escuintla",5,"Escuintla",1,821,600,3,7,9,40,4,2,0,1,9,1,33,0,1,74,6,0,3,1,10,2,10,5,221,19,2,242,0,242,--,599,357,221,242,242,Algún campo sin dato,1,64f79300663ce6f6061d48f51865633c8897437ca90381b5bacc114d72afa4d6,26/06/2023 00:08:19,ESCANER
7354,"Escuintla",5,"Escuintla",1,821,600,,,,,,,,,,,,,,,,,,,,,,,,,,,,,,,,,,,,0,,,
7355,"Escuintla",5,"Escuintla",1,821,600,,,,,,,,,,,,,,,,,,,,,,,,,,,,,,,,,,,,0,,,
7356,"Escuintla",5,"Escuintla",1,821,600,,,,,,,,,,,,,,,,,,,,,,,,,,,,,,,,,,,,0,,,
7357,"Escuintla",5,"Escuintla",1,821,600,,,,,,,,,,,,,,,,,,,,,,,,,,,,,,,,,,,,0,,,
7358,"Escuintla",5,"Escuintla",1,821,600,,,,,,,,,,,,,,,,,,,,,,,,,,,,,,,,,,,,0,,,
7359,"Escuintla",5,"Escuintla",1,822,600,7,2,12,29,5,0,1,1,13,0,24,4,4,54,2,2,7,3,10,4,4,4,192,15,0,207,0,207,0,600,393,192,207,207,,1,2107bb3f909497dfd43bd1ea78dd98383596c328f4b95f6b6a3f1be23dd9d497,25/06/2023 23:37:57,ESCANER
7360,"Escuintla",5,"Escuintla",1,822,600,,,,,,,,,,,,,,,,,,,,,,,,,,,,,,,,,,,,0,,,
7361,"Escuintla",5,"Escuintla",1,822,600,,,,,,,,,,,,,,,,,,,,,,,,,,,,,,,,,,,,0,,,
7362,"Escuintla",5,"Escuintla",1,822,600,,,,,,,,,,,,,,,,,,,,,,,,,,,,,,,,,,,,0,,,
7363,"Escuintla",5,"Escuintla",1,822,600,2,2,6,22,4,1,0,1,4,0,15,1,1,30,0,1,1,1,6,0,0,1,99,10,1,110,0,110,0,600,490,99,110,110,,1,60d54b56c0f3298679b0f380388f6d0c10f88ee2dad7b1bebcf525d683e84f9e,25/06/2023 23:39:38,ESCANER
7364,"Escuintla",5,"Escuintla",1,822,600,2,0,5,11,0,0,0,0,0,2,13,1,0,8,1,1,0,1,0,1,2,1,49,3,3,55,540,595,0,595,540,49,55,595,,1,865d404629afff4fd7ae379f71c39b2ab00083bfff002fb7685a8c7d3b744828,25/06/2023 21:52:26,ESCANER
7365,"Escuintla",5,"Escuintla",1,822,346,3,0,0,2,0,0,0,0,1,1,1,0,0,3,1,0,1,0,1,0,0,0,14,2,0,16,0,16,0,346,330,14,16,16,,1,9967a853fac928c9c167af2359ed820f2300b17ddeaa842454468a9d1ef4d63a,25/06/2023 21:13:02,ESCANER
7366,"Escuintla",5,"Escuintla",1,822,345,0,0,1,5,2,0,0,0,1,1,3,0,0,7,1,0,1,1,1,0,0,0,24,1,317,342,0,342,--,342,317,24,342,342,Algún campo sin dato,1,fd0b0875df92c494bfe5cf17dd60ce831963b71dacccbdfd568188e9634b4679,25/06/2023 22:00:55,ESCANER