﻿TIPO_DE_ELECCIÓN:,CORPORACIÓN MUNICIPAL
26 junio 2023 00:28 (UTC -6)
ACTAS_ESPERADAS,ACTAS_CAPTURADAS,PORCENTAJE_ACTAS_CAPTURADAS,ACTAS_CONTABILIZADAS,PORCENTAJE_ACTAS_CONTABILIZADAS,ACTAS_NO_CONTABILIZADAS,LISTA_NOMINAL_ACTAS_CONTABILIZADAS,VOTOS_EMITIDOS_CONTABILIZADAS,PORCENTAJE_PARTICIPACIÓN_CIUDADANA
19,18,94.7368,18,94.7368,0,6860,4122,60.0874

MESA,DEPARTAMENTO,ID_DEPARTAMENTO,MUNICIPIO,ID_MUNICIPIO,CENTRO_DE_VOTACIÓN,PADRÓN,BIEN,UNE,PODEMOS,VAMOS,VÁLIDOS,NULOS,BLANCO,EMITIDOS,INVÁLIDOS,TOTAL,IMPUGNACIONES,PAPELETAS-RECIBIDAS,PAPELETAS-NO-USADAS,VALIDOS_CALCULADO,EMITIDOS_CALCULADO,TOTAL_CALCULADO,OBSERVACIONES,CONTABILIZADA,CÓDIGO_INTEGRIDAD,FECHA_HORA_PUBLICACIÓN,DIGITALIZACIÓN
10388,"Totonicapán",8,"San Bartolo",8,1367,400,117,79,32,8,236,9,5,250,0,250,0,400,150,236,250,250,,1,d3a44770fd50756af59da18b5246f19b4ec84613ae1887ad2bd8fe4ebb2f44e4,25/06/2023 23:49:30,ESCANER
10389,"Totonicapán",8,"San Bartolo",8,1367,400,120,99,42,6,267,11,10,288,0,288,0,400,112,267,288,288,,1,b5acf751e5b1325709b77bf6368b35302b38741fdd0c11b87b19bcc3a06a7b1a,25/06/2023 23:29:33,ESCANER
10390,"Totonicapán",8,"San Bartolo",8,1367,400,132,93,37,12,274,14,6,294,1,295,0,400,105,274,294,295,,1,642c5a317b8bc5ecfd5f1e8b57374f95c849d3ff43a826112c75f9f5e0410258,25/06/2023 22:22:51,ESCANER
10391,"Totonicapán",8,"San Bartolo",8,1367,400,135,81,68,3,287,22,10,287,32,319,0,400,81,287,319,351,Sumas Asentadas sin cuadrar,1,514ed6544a903bc77575fccd1c4d054fb3a63f24766724ac996b94278981e5da,25/06/2023 23:25:46,ESCANER
10392,"Totonicapán",8,"San Bartolo",8,1367,400,136,86,53,3,278,14,8,300,0,300,0,400,100,278,300,300,,1,a41815961f5a450e993953c20893a24ae7d5e52e5dfd7fdf265c9fd9bb43ae71,26/06/2023 00:13:42,ESCANER
10393,"Totonicapán",8,"San Bartolo",8,1367,400,103,97,42,9,251,18,6,275,0,0,0,400,275,251,275,275,,1,c0a653e5e8b1741296fd5d54797a174d81469ee91ddbd93c2be4511a5004fe32,25/06/2023 22:44:57,ESCANER
10394,"Totonicapán",8,"San Bartolo",8,1367,400,,,,,,,,,,,,,,,,,,0,,,
10395,"Totonicapán",8,"San Bartolo",8,1367,400,120,77,46,1,244,5,0,249,0,249,0,400,151,244,249,249,,1,ba354dee4e68b5091c085328e4dc2432f393daece2ffc5fac8020d3d3cee4cf4,26/06/2023 00:03:00,ESCANER
10396,"Totonicapán",8,"San Bartolo",8,1367,400,120,75,44,5,244,7,2,253,0,253,0,400,147,244,253,253,,1,85d6b6ca9254f6340a1356b1e4f860d686139545ba791791cd236dbd90d054de,26/06/2023 00:07:47,ESCANER
10397,"Totonicapán",8,"San Bartolo",8,1368,400,29,86,30,5,250,5,4,259,0,259,1,400,140,150,159,159,Sumas Asentadas sin cuadrar,1,6acb522cb44a2a0f8009b72c5078c13636c47db2d7cba2985a3b353d75c4ad4d,25/06/2023 21:48:29,ESCANER
10398,"Totonicapán",8,"San Bartolo",8,1368,400,99,81,36,2,218,15,4,237,0,237,0,400,163,218,237,237,,1,e2d31570f68de9e89cde5a401d7219b7123991059e3ce98e2315398c1e3c504b,25/06/2023 21:36:54,ESCANER
10399,"Totonicapán",8,"San Bartolo",8,1368,400,94,76,43,5,218,4,1,223,1,224,0,400,176,218,223,224,,1,a1873c4e4ee2903b66d00159211dd7babd4310b06da500fec3da8336c59f3702,25/06/2023 21:57:02,ESCANER
10400,"Totonicapán",8,"San Bartolo",8,1368,400,138,48,50,0,236,6,0,242,0,242,0,400,158,236,242,242,,1,7e0d996579229b457be5921bd24b56bb54aa47bedc6b21174466d4c66f612b36,25/06/2023 23:23:47,ESCANER
10401,"Totonicapán",8,"San Bartolo",8,1369,386,122,59,50,3,234,4,0,238,0,238,0,386,148,234,238,238,,1,75edaf3793bec357d4a091cac05df97e43a5ac33f623cff918f873ad458b076d,25/06/2023 22:53:50,ESCANER
10402,"Totonicapán",8,"San Bartolo",8,1369,385,126,45,43,3,217,6,1,224,0,224,0,381,157,217,224,224,,1,03cdbf543a7eaafe168d4e2424c51ac6e17859dd43813ac821e2799aa2955eed,25/06/2023 22:33:53,ESCANER
10403,"Totonicapán",8,"San Bartolo",8,1370,380,106,65,41,4,216,12,8,236,0,236,0,380,144,216,236,236,,1,c68cc5390665aff64c0e8eec4a9bda04ba807f089c7e15b733e2cb195a147d74,25/06/2023 23:49:11,ESCANER
10404,"Totonicapán",8,"San Bartolo",8,1370,225,53,37,30,1,121,7,2,130,1,131,0,225,94,121,130,131,,1,99677a45549edae95855473dc9df28fac0265f0b4a5bc6f7aef8e1f47961434c,25/06/2023 21:26:40,ESCANER
10405,"Totonicapán",8,"San Bartolo",8,1371,224,47,33,27,2,109,12,2,123,0,123,0,223,100,109,123,123,,1,a2f610209a929d0f55a6749e3301c49a04305b206a1b87f72bd82b1c7e228536,25/06/2023 22:16:25,ESCANER
10406,"Totonicapán",8,"San Bartolo",8,1372,460,27,29,12,1,69,10,3,82,1,83,0,460,377,69,82,83,,1,76c029c3cb136d28558ed2a9551ec0a58b6a7fc3ea840969de28fe501729ae69,25/06/2023 21:32:15,ESCANER