﻿TIPO_DE_ELECCIÓN:,CORPORACIÓN MUNICIPAL
26 junio 2023 00:28 (UTC -6)
ACTAS_ESPERADAS,ACTAS_CAPTURADAS,PORCENTAJE_ACTAS_CAPTURADAS,ACTAS_CONTABILIZADAS,PORCENTAJE_ACTAS_CONTABILIZADAS,ACTAS_NO_CONTABILIZADAS,LISTA_NOMINAL_ACTAS_CONTABILIZADAS,VOTOS_EMITIDOS_CONTABILIZADAS,PORCENTAJE_PARTICIPACIÓN_CIUDADANA
62,11,17.7419,11,17.7419,0,3697,2411,65.2150

MESA,DEPARTAMENTO,ID_DEPARTAMENTO,MUNICIPIO,ID_MUNICIPIO,CENTRO_DE_VOTACIÓN,PADRÓN,UNE,FCN-NACION,VAMOS,VIVA,CABAL,ELEFANTE,SEMILLA,PPN,P A N,TODOS,VALOR,PHG,VICTORIA,BIEN,CREO,VÁLIDOS,NULOS,BLANCO,EMITIDOS,INVÁLIDOS,TOTAL,IMPUGNACIONES,PAPELETAS-RECIBIDAS,PAPELETAS-NO-USADAS,VALIDOS_CALCULADO,EMITIDOS_CALCULADO,TOTAL_CALCULADO,OBSERVACIONES,CONTABILIZADA,CÓDIGO_INTEGRIDAD,FECHA_HORA_PUBLICACIÓN,DIGITALIZACIÓN
20229,"Alta Verapaz",16,"Santa Catalina La Tinta",16,3145,400,,,,,,,,,,,,,,,,,,,,,,,,,,,,,0,,,
20230,"Alta Verapaz",16,"Santa Catalina La Tinta",16,3145,400,,,,,,,,,,,,,,,,,,,,,,,,,,,,,0,,,
20231,"Alta Verapaz",16,"Santa Catalina La Tinta",16,3145,400,,,,,,,,,,,,,,,,,,,,,,,,,,,,,0,,,
20232,"Alta Verapaz",16,"Santa Catalina La Tinta",16,3145,400,,,,,,,,,,,,,,,,,,,,,,,,,,,,,0,,,
20233,"Alta Verapaz",16,"Santa Catalina La Tinta",16,3145,400,,,,,,,,,,,,,,,,,,,,,,,,,,,,,0,,,
20234,"Alta Verapaz",16,"Santa Catalina La Tinta",16,3145,400,64,2,63,9,5,0,2,66,5,0,2,30,0,0,0,248,27,1,276,0,276,--,397,121,248,276,276,Algún campo sin dato,1,ecb16d2a50a25ab5304b5f770c6d598c30d9968d718c11a7e957b46731223ac0,25/06/2023 23:42:15,ESCANER
20235,"Alta Verapaz",16,"Santa Catalina La Tinta",16,3145,400,,,,,,,,,,,,,,,,,,,,,,,,,,,,,0,,,
20236,"Alta Verapaz",16,"Santa Catalina La Tinta",16,3146,400,64,4,70,6,1,0,2,52,4,0,1,16,1,0,1,222,18,4,244,0,244,--,400,156,222,244,244,Algún campo sin dato,1,9f9f34329e190cce7ab93f3ab602c4f4505f3c20c17c523a286a2144b06db946,25/06/2023 23:31:04,ESCANER
20237,"Alta Verapaz",16,"Santa Catalina La Tinta",16,3146,400,,,,,,,,,,,,,,,,,,,,,,,,,,,,,0,,,
20238,"Alta Verapaz",16,"Santa Catalina La Tinta",16,3146,400,,,,,,,,,,,,,,,,,,,,,,,,,,,,,0,,,
20239,"Alta Verapaz",16,"Santa Catalina La Tinta",16,3146,400,69,5,63,1,3,0,2,56,3,2,0,32,3,1,3,243,25,5,273,0,273,1,400,127,243,273,273,,1,51591b6527f9a991c9644cb3b33a7f61074e1bf79b6536306ecfcc9ffc814921,25/06/2023 23:04:45,ESCANER
20240,"Alta Verapaz",16,"Santa Catalina La Tinta",16,3146,400,,,,,,,,,,,,,,,,,,,,,,,,,,,,,0,,,
20241,"Alta Verapaz",16,"Santa Catalina La Tinta",16,3146,400,,,,,,,,,,,,,,,,,,,,,,,,,,,,,0,,,
20242,"Alta Verapaz",16,"Santa Catalina La Tinta",16,3146,400,,,,,,,,,,,,,,,,,,,,,,,,,,,,,0,,,
20243,"Alta Verapaz",16,"Santa Catalina La Tinta",16,3146,400,,,,,,,,,,,,,,,,,,,,,,,,,,,,,0,,,
20244,"Alta Verapaz",16,"Santa Catalina La Tinta",16,3146,314,47,3,48,1,3,1,1,59,7,0,0,19,1,0,0,190,7,0,197,0,197,0,311,114,190,197,197,,1,fa0b9bad7ed8beeaad1370c84328f69d8cd40410e4d330c36ce347e5f3490c43,25/06/2023 22:34:36,ESCANER
20245,"Alta Verapaz",16,"Santa Catalina La Tinta",16,3146,314,33,1,44,3,2,--,2,47,4,--,--,19,3,1,4,163,11,2,176,0,176,--,311,135,163,176,176,Algún campo sin dato,1,3cb74337d9a123493c98f33096f0d1aa4da6c09e1458dea13f685e32eb7f1150,25/06/2023 22:22:34,ESCANER
20246,"Alta Verapaz",16,"Santa Catalina La Tinta",16,3147,400,,,,,,,,,,,,,,,,,,,,,,,,,,,,,0,,,
20247,"Alta Verapaz",16,"Santa Catalina La Tinta",16,3147,400,,,,,,,,,,,,,,,,,,,,,,,,,,,,,0,,,
20248,"Alta Verapaz",16,"Santa Catalina La Tinta",16,3147,400,,,,,,,,,,,,,,,,,,,,,,,,,,,,,0,,,
20249,"Alta Verapaz",16,"Santa Catalina La Tinta",16,3147,400,,,,,,,,,,,,,,,,,,,,,,,,,,,,,0,,,
20250,"Alta Verapaz",16,"Santa Catalina La Tinta",16,3147,400,,,,,,,,,,,,,,,,,,,,,,,,,,,,,0,,,
20251,"Alta Verapaz",16,"Santa Catalina La Tinta",16,3148,400,,,,,,,,,,,,,,,,,,,,,,,,,,,,,0,,,
20252,"Alta Verapaz",16,"Santa Catalina La Tinta",16,3148,400,,,,,,,,,,,,,,,,,,,,,,,,,,,,,0,,,
20253,"Alta Verapaz",16,"Santa Catalina La Tinta",16,3148,400,,,,,,,,,,,,,,,,,,,,,,,,,,,,,0,,,
20254,"Alta Verapaz",16,"Santa Catalina La Tinta",16,3148,400,,,,,,,,,,,,,,,,,,,,,,,,,,,,,0,,,
20255,"Alta Verapaz",16,"Santa Catalina La Tinta",16,3148,216,28,0,41,5,0,0,1,45,2,1,0,14,0,0,1,138,2,2,142,--,--,--,213,71,138,142,142,Algún campo sin dato,1,3c95835e1b73a1e9aceacf520112656b20212331799dc31c8f61b41430f9a6e4,25/06/2023 22:55:43,ESCANER
20256,"Alta Verapaz",16,"Santa Catalina La Tinta",16,3148,215,,,,,,,,,,,,,,,,,,,,,,,,,,,,,0,,,
20257,"Alta Verapaz",16,"Santa Catalina La Tinta",16,3149,400,,,,,,,,,,,,,,,,,,,,,,,,,,,,,0,,,
20258,"Alta Verapaz",16,"Santa Catalina La Tinta",16,3149,400,,,,,,,,,,,,,,,,,,,,,,,,,,,,,0,,,
20259,"Alta Verapaz",16,"Santa Catalina La Tinta",16,3149,400,,,,,,,,,,,,,,,,,,,,,,,,,,,,,0,,,
20260,"Alta Verapaz",16,"Santa Catalina La Tinta",16,3150,400,,,,,,,,,,,,,,,,,,,,,,,,,,,,,0,,,
20261,"Alta Verapaz",16,"Santa Catalina La Tinta",16,3150,400,,,,,,,,,,,,,,,,,,,,,,,,,,,,,0,,,
20262,"Alta Verapaz",16,"Santa Catalina La Tinta",16,3150,309,64,0,61,3,0,2,4,51,4,0,1,28,0,0,0,218,2,1,221,0,221,--,304,83,218,221,221,Algún campo sin dato,1,99be81467a7844331b38d585e3c9fd4338407ab79d4ebc7896f791d032fe0297,26/06/2023 00:21:17,ESCANER
20263,"Alta Verapaz",16,"Santa Catalina La Tinta",16,3150,309,71,1,65,0,0,2,3,38,4,0,0,17,0,0,0,201,7,1,209,0,209,--,309,100,201,209,209,Algún campo sin dato,1,5ab7e1eb1f674fe422ea4ea95ad33428cfc21dabf8f8014b6dead651fdf1f032,25/06/2023 23:19:15,ESCANER
20264,"Alta Verapaz",16,"Santa Catalina La Tinta",16,3151,380,,,,,,,,,,,,,,,,,,,,,,,,,,,,,0,,,
20265,"Alta Verapaz",16,"Santa Catalina La Tinta",16,3151,380,,,,,,,,,,,,,,,,,,,,,,,,,,,,,0,,,
20266,"Alta Verapaz",16,"Santa Catalina La Tinta",16,3151,380,,,,,,,,,,,,,,,,,,,,,,,,,,,,,0,,,
20267,"Alta Verapaz",16,"Santa Catalina La Tinta",16,3151,380,,,,,,,,,,,,,,,,,,,,,,,,,,,,,0,,,
20268,"Alta Verapaz",16,"Santa Catalina La Tinta",16,3151,380,,,,,,,,,,,,,,,,,,,,,,,,,,,,,0,,,
20269,"Alta Verapaz",16,"Santa Catalina La Tinta",16,3151,380,,,,,,,,,,,,,,,,,,,,,,,,,,,,,0,,,
20270,"Alta Verapaz",16,"Santa Catalina La Tinta",16,3151,380,,,,,,,,,,,,,,,,,,,,,,,,,,,,,0,,,
20271,"Alta Verapaz",16,"Santa Catalina La Tinta",16,3151,380,,,,,,,,,,,,,,,,,,,,,,,,,,,,,0,,,
20272,"Alta Verapaz",16,"Santa Catalina La Tinta",16,3151,329,,,,,,,,,,,,,,,,,,,,,,,,,,,,,0,,,
20273,"Alta Verapaz",16,"Santa Catalina La Tinta",16,3151,328,63,3,37,5,1,0,3,18,8,0,0,30,1,0,0,169,4,7,180,0,180,--,328,148,169,180,180,Algún campo sin dato,1,1aa41e341ec885b4d34f07dd34db419289bae42d1f82a4f5c11b8ae242592340,26/06/2023 00:09:02,ESCANER
20274,"Alta Verapaz",16,"Santa Catalina La Tinta",16,3152,380,,,,,,,,,,,,,,,,,,,,,,,,,,,,,0,,,
20275,"Alta Verapaz",16,"Santa Catalina La Tinta",16,3152,380,,,,,,,,,,,,,,,,,,,,,,,,,,,,,0,,,
20276,"Alta Verapaz",16,"Santa Catalina La Tinta",16,3152,380,,,,,,,,,,,,,,,,,,,,,,,,,,,,,0,,,
20277,"Alta Verapaz",16,"Santa Catalina La Tinta",16,3152,380,,,,,,,,,,,,,,,,,,,,,,,,,,,,,0,,,
20278,"Alta Verapaz",16,"Santa Catalina La Tinta",16,3152,380,,,,,,,,,,,,,,,,,,,,,,,,,,,,,0,,,
20279,"Alta Verapaz",16,"Santa Catalina La Tinta",16,3152,380,,,,,,,,,,,,,,,,,,,,,,,,,,,,,0,,,
20280,"Alta Verapaz",16,"Santa Catalina La Tinta",16,3152,380,,,,,,,,,,,,,,,,,,,,,,,,,,,,,0,,,
20281,"Alta Verapaz",16,"Santa Catalina La Tinta",16,3152,380,,,,,,,,,,,,,,,,,,,,,,,,,,,,,0,,,
20282,"Alta Verapaz",16,"Santa Catalina La Tinta",16,3152,380,,,,,,,,,,,,,,,,,,,,,,,,,,,,,0,,,
20283,"Alta Verapaz",16,"Santa Catalina La Tinta",16,3152,380,,,,,,,,,,,,,,,,,,,,,,,,,,,,,0,,,
20284,"Alta Verapaz",16,"Santa Catalina La Tinta",16,3152,380,,,,,,,,,,,,,,,,,,,,,,,,,,,,,0,,,
20285,"Alta Verapaz",16,"Santa Catalina La Tinta",16,3152,380,75,1,62,2,3,1,0,86,11,0,3,13,1,1,1,260,19,2,281,0,281,--,377,96,260,281,281,Algún campo sin dato,1,75e2f20227daca1eea182aa0f7ad2f6d700548181824e0c7ebde40c3651fe332,25/06/2023 23:19:26,ESCANER
20286,"Alta Verapaz",16,"Santa Catalina La Tinta",16,3152,380,,,,,,,,,,,,,,,,,,,,,,,,,,,,,0,,,
20287,"Alta Verapaz",16,"Santa Catalina La Tinta",16,3153,380,,,,,,,,,,,,,,,,,,,,,,,,,,,,,0,,,
20288,"Alta Verapaz",16,"Santa Catalina La Tinta",16,3153,380,,,,,,,,,,,,,,,,,,,,,,,,,,,,,0,,,
20289,"Alta Verapaz",16,"Santa Catalina La Tinta",16,3153,327,62,1,57,3,0,0,1,72,5,0,1,5,2,0,0,209,2,1,212,0,212,--,327,115,209,212,212,Algún campo sin dato,1,30c404ff3b0a0f2bfe6bb32e9d0279969c6d3ccd6ccbaf8a6a52b3b5e89a39ac,26/06/2023 00:07:26,ESCANER
20290,"Alta Verapaz",16,"Santa Catalina La Tinta",16,3153,327,,,,,,,,,,,,,,,,,,,,,,,,,,,,,0,,,