﻿TIPO_DE_ELECCIÓN:,CORPORACIÓN MUNICIPAL
26 junio 2023 00:28 (UTC -6)
ACTAS_ESPERADAS,ACTAS_CAPTURADAS,PORCENTAJE_ACTAS_CAPTURADAS,ACTAS_CONTABILIZADAS,PORCENTAJE_ACTAS_CONTABILIZADAS,ACTAS_NO_CONTABILIZADAS,LISTA_NOMINAL_ACTAS_CONTABILIZADAS,VOTOS_EMITIDOS_CONTABILIZADAS,PORCENTAJE_PARTICIPACIÓN_CIUDADANA
44,19,43.1818,18,40.9090,1,5741,3870,67.4098

MESA,DEPARTAMENTO,ID_DEPARTAMENTO,MUNICIPIO,ID_MUNICIPIO,CENTRO_DE_VOTACIÓN,PADRÓN,CABAL,TODOS,PODEMOS,VAMOS,UNE,PR,VALOR UNIONISTA,VÁLIDOS,NULOS,BLANCO,EMITIDOS,INVÁLIDOS,TOTAL,IMPUGNACIONES,PAPELETAS-RECIBIDAS,PAPELETAS-NO-USADAS,VALIDOS_CALCULADO,EMITIDOS_CALCULADO,TOTAL_CALCULADO,OBSERVACIONES,CONTABILIZADA,CÓDIGO_INTEGRIDAD,FECHA_HORA_PUBLICACIÓN,DIGITALIZACIÓN
17671,"Quiché",14,"San Andrés Sajcabajá",14,2685,400,,,,,,,,,,,,,,,,,,,,,0,,,
17672,"Quiché",14,"San Andrés Sajcabajá",14,2685,400,,,,,,,,,,,,,,,,,,,,,0,,,
17673,"Quiché",14,"San Andrés Sajcabajá",14,2685,400,,,,,,,,,,,,,,,,,,,,,0,,,
17674,"Quiché",14,"San Andrés Sajcabajá",14,2685,400,,,,,,,,,,,,,,,,,,,,,0,,,
17675,"Quiché",14,"San Andrés Sajcabajá",14,2685,206,53,3,25,48,3,3,0,135,2,0,137,0,137,--,206,66,135,137,137,Algún campo sin dato,1,f19217a8246a46b5a531b6feefda26844a0bc8061a5a941e6956df9dbb6297b4,25/06/2023 22:49:20,ESCANER
17676,"Quiché",14,"San Andrés Sajcabajá",14,2685,205,--,--,--,--,--,--,--,--,--,--,--,--,--,--,--,--,,,,Suma Excede Padrón,0,e50396ad7a04114feac9e1d865467d08ea58cc5d399b675fef81573976cbc3a9,26/06/2023 00:23:48,ESCANER
17677,"Quiché",14,"San Andrés Sajcabajá",14,2686,400,,,,,,,,,,,,,,,,,,,,,0,,,
17678,"Quiché",14,"San Andrés Sajcabajá",14,2686,239,66,1,37,38,7,0,1,150,6,2,158,0,158,--,238,80,150,158,158,Algún campo sin dato,1,83f420b3460e7976c2355a6e5fee83394cc9abbf928208199cb1d38222bdd1b6,25/06/2023 22:26:32,ESCANER
17679,"Quiché",14,"San Andrés Sajcabajá",14,2686,239,60,2,33,48,8,1,0,152,5,2,159,0,159,--,239,80,152,159,159,Algún campo sin dato,1,3872b8e1aa763d8cf52cb34a3b57f280a4df7ab813a905925c149bfa44c72314,25/06/2023 23:11:00,ESCANER
17680,"Quiché",14,"San Andrés Sajcabajá",14,2687,356,105,11,36,102,5,1,0,260,6,11,277,0,277,0,356,79,260,277,277,,1,4b0fcc411067828c45c76dc1b3787f2f0937ff9a5a5ed8a541d785ebe417087b,25/06/2023 22:48:59,ESCANER
17681,"Quiché",14,"San Andrés Sajcabajá",14,2688,234,47,6,46,41,20,1,0,161,4,13,178,0,178,--,234,56,161,178,178,Algún campo sin dato,1,f662903882cd84f71e5a29758d1ba99e5a7fba34d0aca98dc43b665b7049120b,25/06/2023 21:57:50,ESCANER
17682,"Quiché",14,"San Andrés Sajcabajá",14,2688,234,38,10,44,28,10,0,0,130,4,3,137,0,137,--,130,93,130,137,137,Algún campo sin dato,1,ff49e438e3ab57a6f2cc7bf7f87b34d2f53b1cbe0e324de4dc1c78a47b104905,25/06/2023 22:19:11,ESCANER
17683,"Quiché",14,"San Andrés Sajcabajá",14,2689,400,29,11,94,121,21,1,0,277,9,7,293,0,293,--,402,109,277,293,293,Algún campo sin dato,1,bfb6ab3009350cd163f21b5792cae12681327c2b3e5468e4ee6fbafb4e5d4cff,25/06/2023 22:44:20,ESCANER
17684,"Quiché",14,"San Andrés Sajcabajá",14,2689,400,,,,,,,,,,,,,,,,,,,,,0,,,
17685,"Quiché",14,"San Andrés Sajcabajá",14,2690,229,,,,,,,,,,,,,,,,,,,,,0,,,
17686,"Quiché",14,"San Andrés Sajcabajá",14,2690,228,32,4,36,39,9,0,0,120,1,1,122,0,122,--,228,106,120,122,122,Algún campo sin dato,1,1c73e5e6cae505fdc75d037d7beb510ce2712f42bfe649d40d1f7b7a32cf88a5,25/06/2023 22:31:30,ESCANER
17687,"Quiché",14,"San Andrés Sajcabajá",14,2691,400,,,,,,,,,,,,,,,,,,,,,0,,,
17688,"Quiché",14,"San Andrés Sajcabajá",14,2691,400,,,,,,,,,,,,,,,,,,,,,0,,,
17689,"Quiché",14,"San Andrés Sajcabajá",14,2691,299,21,6,55,81,26,0,0,189,6,5,200,0,200,--,--,--,189,200,200,Algún campo sin dato,1,c30510eb305c98ce00a564765d791c1d6527453a57acf551860f6912f4f383ee,25/06/2023 22:12:16,ESCANER
17690,"Quiché",14,"San Andrés Sajcabajá",14,2691,298,14,12,57,73,26,1,0,183,4,2,189,0,189,--,304,115,183,189,189,Algún campo sin dato,1,6672710fa4b757cc39131977573f4deab0e19441ce05d0d82f82c26cc3de404f,25/06/2023 21:53:45,ESCANER
17691,"Quiché",14,"San Andrés Sajcabajá",14,2692,242,,,,,,,,,,,,,,,,,,,,,0,,,
17692,"Quiché",14,"San Andrés Sajcabajá",14,2692,241,27,25,24,63,5,0,0,144,4,0,148,0,148,--,241,93,144,148,148,Algún campo sin dato,1,382d21ab08969ba9baadf601feb8722147ebbe1806278e4e06b2f5f2c63a632e,25/06/2023 21:21:54,ESCANER
17693,"Quiché",14,"San Andrés Sajcabajá",14,2693,380,,,,,,,,,,,,,,,,,,,,,0,,,
17694,"Quiché",14,"San Andrés Sajcabajá",14,2693,380,,,,,,,,,,,,,,,,,,,,,0,,,
17695,"Quiché",14,"San Andrés Sajcabajá",14,2693,380,,,,,,,,,,,,,,,,,,,,,0,,,
17696,"Quiché",14,"San Andrés Sajcabajá",14,2693,377,,,,,,,,,,,,,,,,,,,,,0,,,
17697,"Quiché",14,"San Andrés Sajcabajá",14,2693,376,102,4,16,77,6,0,0,205,0,1,206,0,206,0,376,170,205,206,206,,1,c127207448b43dd4a77dbb00ca0ec79c78c5230729f71478bea9feb6af20d39b,25/06/2023 22:53:13,ESCANER
17698,"Quiché",14,"San Andrés Sajcabajá",14,2694,380,,,,,,,,,,,,,,,,,,,,,0,,,
17699,"Quiché",14,"San Andrés Sajcabajá",14,2694,380,,,,,,,,,,,,,,,,,,,,,0,,,
17700,"Quiché",14,"San Andrés Sajcabajá",14,2694,380,,,,,,,,,,,,,,,,,,,,,0,,,
17701,"Quiché",14,"San Andrés Sajcabajá",14,2694,380,,,,,,,,,,,,,,,,,,,,,0,,,
17702,"Quiché",14,"San Andrés Sajcabajá",14,2694,230,,,,,,,,,,,,,,,,,,,,,0,,,
17703,"Quiché",14,"San Andrés Sajcabajá",14,2694,229,,,,,,,,,,,,,,,,,,,,,0,,,
17704,"Quiché",14,"San Andrés Sajcabajá",14,2695,380,37,44,117,38,10,6,0,252,21,11,284,0,284,--,383,99,252,284,284,Algún campo sin dato,1,3b0e296ad816636e9e5b90283ebf89882fc7f236a05e5ea53514ee014e947350,25/06/2023 22:11:00,ESCANER
17705,"Quiché",14,"San Andrés Sajcabajá",14,2695,380,,,,,,,,,,,,,,,,,,,,,0,,,
17706,"Quiché",14,"San Andrés Sajcabajá",14,2695,380,,,,,,,,,,,,,,,,,,,,,0,,,
17707,"Quiché",14,"San Andrés Sajcabajá",14,2695,380,31,35,123,44,4,2,1,240,17,5,262,0,262,--,380,118,240,262,262,Algún campo sin dato,1,9f2a55ed02fbbc162ac9f75df0c0f52b693f79f18ef96fa7d00eff07d671f322,26/06/2023 00:21:41,ESCANER
17708,"Quiché",14,"San Andrés Sajcabajá",14,2695,377,,,,,,,,,,,,,,,,,,,,,0,,,
17709,"Quiché",14,"San Andrés Sajcabajá",14,2695,377,,,,,,,,,,,,,,,,,,,,,0,,,
17710,"Quiché",14,"San Andrés Sajcabajá",14,2696,380,25,30,100,118,16,1,1,291,11,9,311,0,311,--,379,68,291,311,311,Algún campo sin dato,1,609a1233ffe31ef0d3267a8c43a91d66a11d4a7370cb49c3693695a4e7eedac4,26/06/2023 00:24:24,ESCANER
17711,"Quiché",14,"San Andrés Sajcabajá",14,2696,380,23,12,129,132,12,0,0,308,9,8,325,0,325,--,384,59,308,325,325,Algún campo sin dato,1,de15c87c7bb4e7b4f049d622899038693a12e0f77ad865e70052a9618e5457ce,26/06/2023 00:21:41,ESCANER
17712,"Quiché",14,"San Andrés Sajcabajá",14,2696,321,27,11,85,102,13,0,0,238,7,5,250,0,250,--,321,71,238,250,250,Algún campo sin dato,1,488e7bafc8bc1773a0ac6d5661b9ae253f2e3ed3ecd7d47a44b36a75647b0b81,25/06/2023 21:44:43,ESCANER
17713,"Quiché",14,"San Andrés Sajcabajá",14,2696,321,,,,,,,,,,,,,,,,,,,,,0,,,
17714,"Quiché",14,"San Andrés Sajcabajá",14,2697,550,64,20,52,66,11,2,2,217,9,8,234,0,234,--,550,316,217,234,234,Algún campo sin dato,1,573244d3e5abf45fbcc2df9415195fdf7e9f77af07c989df9c97d41ef0cf87c6,25/06/2023 22:42:20,ESCANER