﻿TIPO_DE_ELECCIÓN:,CORPORACIÓN MUNICIPAL
26 junio 2023 00:28 (UTC -6)
ACTAS_ESPERADAS,ACTAS_CAPTURADAS,PORCENTAJE_ACTAS_CAPTURADAS,ACTAS_CONTABILIZADAS,PORCENTAJE_ACTAS_CONTABILIZADAS,ACTAS_NO_CONTABILIZADAS,LISTA_NOMINAL_ACTAS_CONTABILIZADAS,VOTOS_EMITIDOS_CONTABILIZADAS,PORCENTAJE_PARTICIPACIÓN_CIUDADANA
36,16,44.4444,16,44.4444,0,6182,4311,69.7347

MESA,DEPARTAMENTO,ID_DEPARTAMENTO,MUNICIPIO,ID_MUNICIPIO,CENTRO_DE_VOTACIÓN,PADRÓN,CABAL,VAMOS,TODOS,UNE,VICTORIA,PODEMOS,PPN,VÁLIDOS,NULOS,BLANCO,EMITIDOS,INVÁLIDOS,TOTAL,IMPUGNACIONES,PAPELETAS-RECIBIDAS,PAPELETAS-NO-USADAS,VALIDOS_CALCULADO,EMITIDOS_CALCULADO,TOTAL_CALCULADO,OBSERVACIONES,CONTABILIZADA,CÓDIGO_INTEGRIDAD,FECHA_HORA_PUBLICACIÓN,DIGITALIZACIÓN
6572,"Chimaltenango",3,"Acatenango",11,700,400,,,,,,,,,,,,,,,,,,,,,0,,,
6573,"Chimaltenango",3,"Acatenango",11,700,400,,,,,,,,,,,,,,,,,,,,,0,,,
6574,"Chimaltenango",3,"Acatenango",11,700,400,,,,,,,,,,,,,,,,,,,,,0,,,
6575,"Chimaltenango",3,"Acatenango",11,700,400,,,,,,,,,,,,,,,,,,,,,0,,,
6576,"Chimaltenango",3,"Acatenango",11,700,400,,,,,,,,,,,,,,,,,,,,,0,,,
6577,"Chimaltenango",3,"Acatenango",11,700,400,39,89,22,4,124,15,0,293,12,7,312,0,312,0,400,88,293,312,312,,1,9bd37270b5caee0807bb49d0f6a1dcd1a9ddb8ef7d0c2187de19b5b57af5c890,26/06/2023 00:14:52,ESCANER
6578,"Chimaltenango",3,"Acatenango",11,700,400,,,,,,,,,,,,,,,,,,,,,0,,,
6579,"Chimaltenango",3,"Acatenango",11,700,400,,,,,,,,,,,,,,,,,,,,,0,,,
6580,"Chimaltenango",3,"Acatenango",11,700,400,,,,,,,,,,,,,,,,,,,,,0,,,
6581,"Chimaltenango",3,"Acatenango",11,700,400,,,,,,,,,,,,,,,,,,,,,0,,,
6582,"Chimaltenango",3,"Acatenango",11,700,400,,,,,,,,,,,,,,,,,,,,,0,,,
6583,"Chimaltenango",3,"Acatenango",11,700,400,,,,,,,,,,,,,,,,,,,,,0,,,
6584,"Chimaltenango",3,"Acatenango",11,700,400,10,68,53,5,108,23,1,268,5,2,275,0,275,0,400,125,268,275,275,,1,d11d98d4d8b57319a235395bfcc499510993aaeabd4e7b80b0873da5b74baa41,26/06/2023 00:20:18,ESCANER
6585,"Chimaltenango",3,"Acatenango",11,700,400,5,73,66,10,80,23,0,257,18,3,278,0,278,0,401,123,257,278,278,,1,6a7e1f492dd5946d88d77d80eb120b61303668db11b82db79adbc0ed1dd2ee4a,26/06/2023 00:22:36,ESCANER
6586,"Chimaltenango",3,"Acatenango",11,700,400,,,,,,,,,,,,,,,,,,,,,0,,,
6587,"Chimaltenango",3,"Acatenango",11,700,400,11,69,61,2,94,19,1,257,3,4,264,0,264,0,400,136,257,264,264,,1,821c32c238498590b194f3f0e39f1bb00abcfbca85324ec34dadbbac3f8f0d2e,25/06/2023 23:55:01,ESCANER
6588,"Chimaltenango",3,"Acatenango",11,700,400,8,66,56,8,75,29,0,242,10,2,254,0,254,0,400,146,242,254,254,,1,3c13e8e71e9045c0a46b5e75496ce153961cdcbac14b09c0b3f806542ec9dbdd,25/06/2023 23:29:46,ESCANER
6589,"Chimaltenango",3,"Acatenango",11,701,400,17,69,77,11,85,33,0,292,4,0,296,0,296,0,400,104,292,296,296,,1,c8494503d1814b1643b081ba3df945367b084156807efcd647cac0eb86059c0d,25/06/2023 23:59:33,ESCANER
6590,"Chimaltenango",3,"Acatenango",11,701,400,,,,,,,,,,,,,,,,,,,,,0,,,
6591,"Chimaltenango",3,"Acatenango",11,701,400,,,,,,,,,,,,,,,,,,,,,0,,,
6592,"Chimaltenango",3,"Acatenango",11,701,396,8,93,50,3,105,30,0,289,1,4,294,0,294,0,396,102,289,294,294,,1,41e28927fd1332352a64c5fff604ab7ea2d69ffb69ce75670bdae33c03afdefe,26/06/2023 00:13:09,ESCANER
6593,"Chimaltenango",3,"Acatenango",11,701,396,10,80,43,12,86,17,1,249,7,0,256,0,256,0,395,139,249,256,256,,1,0439a39908d01d8fc1180ed0715fc617ce29c9561e55d8127eb04c07a4f79967,26/06/2023 00:21:43,ESCANER
6594,"Chimaltenango",3,"Acatenango",11,702,380,5,109,85,10,8,27,1,245,29,14,288,--,288,--,380,92,245,288,288,Algún campo sin dato,1,995ea8287bd660d94ae173407f514223cd9af45a31c06c245675b94de97c8d1c,25/06/2023 23:50:08,ESCANER
6595,"Chimaltenango",3,"Acatenango",11,702,380,,,,,,,,,,,,,,,,,,,,,0,,,
6596,"Chimaltenango",3,"Acatenango",11,702,361,,,,,,,,,,,,,,,,,,,,,0,,,
6597,"Chimaltenango",3,"Acatenango",11,702,361,3,101,78,1,5,33,0,221,7,1,229,0,229,0,360,131,221,229,229,,1,5373ef10b24f3a36f0c090b5ef4e7a49a2887b65d36660650dc3c6a71f125108,26/06/2023 00:11:23,ESCANER
6598,"Chimaltenango",3,"Acatenango",11,703,380,,,,,,,,,,,,,,,,,,,,,0,,,
6599,"Chimaltenango",3,"Acatenango",11,703,380,8,119,54,7,56,32,1,277,14,3,294,0,294,0,380,86,277,294,294,,1,08842ec8848eef99241feb9cbcbe171bb3d35e2f731efb33e5a07c5facb5131f,26/06/2023 00:02:55,ESCANER
6600,"Chimaltenango",3,"Acatenango",11,703,380,20,82,22,6,91,25,3,249,19,10,278,0,278,0,380,102,249,278,278,,1,f87cdeef0364091c1ae02adc762c055e4e4855cd77a321395341482d8aa3f98d,26/06/2023 00:07:08,ESCANER
6601,"Chimaltenango",3,"Acatenango",11,703,380,21,59,40,3,90,37,8,258,14,6,278,0,278,0,380,102,258,278,278,,1,5925b05acc847a4fbcd7dc90378e6882d26cd3a7d695c53a9e81d60ce4fe5c8c,25/06/2023 23:06:47,ESCANER
6602,"Chimaltenango",3,"Acatenango",11,703,380,,,,,,,,,,,,,,,,,,,,,0,,,
6603,"Chimaltenango",3,"Acatenango",11,703,380,22,56,38,8,75,30,2,231,12,4,247,0,247,--,380,133,231,247,247,Algún campo sin dato,1,fe7737299d06f0b7fccff8a810818a1d3816d70007867bca8ef9440afbf2efbd,25/06/2023 22:48:24,ESCANER
6604,"Chimaltenango",3,"Acatenango",11,703,380,,,,,,,,,,,,,,,,,,,,,0,,,
6605,"Chimaltenango",3,"Acatenango",11,703,365,8,97,33,2,72,21,4,237,3,0,240,0,240,0,365,125,237,240,240,,1,83fe7010ac98c2eaa91d9d721e5e9e7eed30d1f976203afd17af0a463caa53a7,25/06/2023 23:40:10,ESCANER
6606,"Chimaltenango",3,"Acatenango",11,703,364,25,79,27,3,65,17,3,219,5,4,228,0,228,0,363,135,219,228,228,,1,25af73798a00ffaff500732955637b2af4cf7105e21d1385e116cb1a3a7c31fd,25/06/2023 23:32:48,ESCANER
6607,"Chimaltenango",3,"Acatenango",11,704,566,,,,,,,,,,,,,,,,,,,,,0,,,