﻿TIPO_DE_ELECCIÓN:,CORPORACIÓN MUNICIPAL
26 junio 2023 00:28 (UTC -6)
ACTAS_ESPERADAS,ACTAS_CAPTURADAS,PORCENTAJE_ACTAS_CAPTURADAS,ACTAS_CONTABILIZADAS,PORCENTAJE_ACTAS_CONTABILIZADAS,ACTAS_NO_CONTABILIZADAS,LISTA_NOMINAL_ACTAS_CONTABILIZADAS,VOTOS_EMITIDOS_CONTABILIZADAS,PORCENTAJE_PARTICIPACIÓN_CIUDADANA
22,12,54.5454,12,54.5454,0,4522,2633,58.2264

MESA,DEPARTAMENTO,ID_DEPARTAMENTO,MUNICIPIO,ID_MUNICIPIO,CENTRO_DE_VOTACIÓN,PADRÓN,VAMOS,VICTORIA,UNE,CABAL,TODOS,MI FAMILIA,VIVA,VALOR UNIONISTA,VÁLIDOS,NULOS,BLANCO,EMITIDOS,INVÁLIDOS,TOTAL,IMPUGNACIONES,PAPELETAS-RECIBIDAS,PAPELETAS-NO-USADAS,VALIDOS_CALCULADO,EMITIDOS_CALCULADO,TOTAL_CALCULADO,OBSERVACIONES,CONTABILIZADA,CÓDIGO_INTEGRIDAD,FECHA_HORA_PUBLICACIÓN,DIGITALIZACIÓN
10892,"Quetzaltenango",9,"Cajolá",7,1453,400,,,,,,,,,,,,,,,,,,,,,,0,,,
10893,"Quetzaltenango",9,"Cajolá",7,1453,400,,,,,,,,,,,,,,,,,,,,,,0,,,
10894,"Quetzaltenango",9,"Cajolá",7,1453,400,,,,,,,,,,,,,,,,,,,,,,0,,,
10895,"Quetzaltenango",9,"Cajolá",7,1453,400,,,,,,,,,,,,,,,,,,,,,,0,,,
10896,"Quetzaltenango",9,"Cajolá",7,1453,400,,,,,,,,,,,,,,,,,,,,,,0,,,
10897,"Quetzaltenango",9,"Cajolá",7,1453,400,,,,,,,,,,,,,,,,,,,,,,0,,,
10898,"Quetzaltenango",9,"Cajolá",7,1453,400,,,,,,,,,,,,,,,,,,,,,,0,,,
10899,"Quetzaltenango",9,"Cajolá",7,1453,400,,,,,,,,,,,,,,,,,,,,,,0,,,
10900,"Quetzaltenango",9,"Cajolá",7,1453,400,,,,,,,,,,,,,,,,,,,,,,0,,,
10901,"Quetzaltenango",9,"Cajolá",7,1453,400,,,,,,,,,,,,,,,,,,,,,,0,,,
10902,"Quetzaltenango",9,"Cajolá",7,1453,400,42,76,19,2,77,5,1,1,223,4,3,230,0,230,--,400,170,223,230,230,Algún campo sin dato,1,4377876452bd676ccebd478359ed2cf62e178d137a40d0ddcb9a1f382945863d,25/06/2023 23:04:21,ESCANER
10903,"Quetzaltenango",9,"Cajolá",7,1453,400,50,72,24,0,91,1,0,0,238,7,3,248,0,248,--,400,152,238,248,248,Algún campo sin dato,1,3b43d25717f3002129b16e68d12b8409ba99f4c5557702f52ae923fb69636d27,26/06/2023 00:19:04,ESCANER
10904,"Quetzaltenango",9,"Cajolá",7,1454,400,56,88,19,0,79,10,0,0,252,4,2,258,0,258,--,400,142,252,258,258,Algún campo sin dato,1,a06edd83d488be40e73434c8321b7caf09d2f3ad01ad087a273512e477837086,25/06/2023 23:22:46,ESCANER
10905,"Quetzaltenango",9,"Cajolá",7,1454,400,50,75,25,1,83,3,1,0,238,9,5,252,0,252,--,400,148,238,252,252,Algún campo sin dato,1,ef0e17b4447d41e34f5b508481516de86c5cd34f25dd3b0476f530e1c18e4887,26/06/2023 00:16:00,ESCANER
10906,"Quetzaltenango",9,"Cajolá",7,1454,400,52,55,14,2,67,2,0,1,193,7,6,206,0,206,--,400,194,193,206,206,Algún campo sin dato,1,3d4a04e42c576ffcded9212194f92efaa7f2fc65ee48896ee5889ea81f8bd45f,25/06/2023 23:07:44,ESCANER
10907,"Quetzaltenango",9,"Cajolá",7,1454,400,39,118,21,0,79,6,0,2,265,1,1,267,0,267,--,400,133,265,267,267,Algún campo sin dato,1,911c34a08f0f0dc4839f7eafe406d143bcceb88a6eec30d3d077946bef672f7f,25/06/2023 22:36:05,ESCANER
10908,"Quetzaltenango",9,"Cajolá",7,1454,400,57,97,22,0,88,3,0,0,267,4,1,272,0,272,--,400,128,267,272,272,Algún campo sin dato,1,5c88dd4aec99c5d7ae5f3bbd249e51ec3ec5d8a65695003387ef914af5b16b63,25/06/2023 23:14:05,ESCANER
10909,"Quetzaltenango",9,"Cajolá",7,1455,400,53,84,20,0,97,3,2,0,259,0,0,259,0,259,--,400,141,259,259,259,Algún campo sin dato,1,96c7d5cdc01e687200bcc4478f900d368dd4b1af544e0fff447c2fd873bdd659,25/06/2023 23:50:57,ESCANER
10910,"Quetzaltenango",9,"Cajolá",7,1455,400,49,88,25,1,77,5,0,0,245,2,1,248,0,248,--,400,152,245,248,248,Algún campo sin dato,1,a3f223205b6f6697e303ff61e76a2406bc1b8ffd66c96a92236c7c65c6075af4,25/06/2023 23:57:54,ESCANER
10911,"Quetzaltenango",9,"Cajolá",7,1455,263,28,57,10,2,50,2,0,0,149,4,--,153,--,153,--,263,110,149,153,153,Algún campo sin dato,1,77e8e83c356ef125e97c8614a0c3665717298f5b14c169606afff5e3f3d6da99,25/06/2023 23:43:18,ESCANER
10912,"Quetzaltenango",9,"Cajolá",7,1455,262,29,46,12,1,55,2,0,0,145,4,2,151,0,151,--,262,111,145,151,151,Algún campo sin dato,1,72f0c97dc82525086e3469f45abe074c1a555361695abd6103193194ba250542,26/06/2023 00:10:08,ESCANER
10913,"Quetzaltenango",9,"Cajolá",7,1456,397,12,36,12,1,18,2,1,0,82,2,5,89,0,89,--,397,308,82,89,89,Algún campo sin dato,1,b03b75b9db530c7cee26dd537a8ba9f0cc7bdf3f4abe8197dc77d007a4b59714,26/06/2023 00:14:40,ESCANER