﻿TIPO_DE_ELECCIÓN:,CORPORACIÓN MUNICIPAL
26 junio 2023 00:28 (UTC -6)
ACTAS_ESPERADAS,ACTAS_CAPTURADAS,PORCENTAJE_ACTAS_CAPTURADAS,ACTAS_CONTABILIZADAS,PORCENTAJE_ACTAS_CONTABILIZADAS,ACTAS_NO_CONTABILIZADAS,LISTA_NOMINAL_ACTAS_CONTABILIZADAS,VOTOS_EMITIDOS_CONTABILIZADAS,PORCENTAJE_PARTICIPACIÓN_CIUDADANA
47,17,36.1702,17,36.1702,0,6248,4806,76.9206

MESA,DEPARTAMENTO,ID_DEPARTAMENTO,MUNICIPIO,ID_MUNICIPIO,CENTRO_DE_VOTACIÓN,PADRÓN,TODOS,VAMOS,MLP,UNE,SEMILLA,VICTORIA,VIVA,AZUL,PPN,VALOR UNIONISTA,VÁLIDOS,NULOS,BLANCO,EMITIDOS,INVÁLIDOS,TOTAL,IMPUGNACIONES,PAPELETAS-RECIBIDAS,PAPELETAS-NO-USADAS,VALIDOS_CALCULADO,EMITIDOS_CALCULADO,TOTAL_CALCULADO,OBSERVACIONES,CONTABILIZADA,CÓDIGO_INTEGRIDAD,FECHA_HORA_PUBLICACIÓN,DIGITALIZACIÓN
17388,"Quiché",14,"San Juan Cotzal",11,2634,400,,,,,,,,,,,,,,,,,,,,,,,,0,,,
17389,"Quiché",14,"San Juan Cotzal",11,2635,400,116,72,1,4,1,5,19,2,1,78,299,7,4,310,0,310,0,400,310,299,310,310,,1,e3672958492cb2f20e185385e314f79f8f62eac4671ba5339dc11026724628e9,25/06/2023 23:47:21,ESCANER
17390,"Quiché",14,"San Juan Cotzal",11,2635,400,122,81,1,5,4,3,20,0,1,80,317,10,4,331,0,331,0,400,69,317,331,331,,1,ee240c82631270765b5b6a5ce1a04f691eaf767f153e14d2e4ea0c8b8cef50d7,26/06/2023 00:21:32,ESCANER
17391,"Quiché",14,"San Juan Cotzal",11,2636,400,,,,,,,,,,,,,,,,,,,,,,,,0,,,
17392,"Quiché",14,"San Juan Cotzal",11,2636,400,,,,,,,,,,,,,,,,,,,,,,,,0,,,
17393,"Quiché",14,"San Juan Cotzal",11,2636,400,,,,,,,,,,,,,,,,,,,,,,,,0,,,
17394,"Quiché",14,"San Juan Cotzal",11,2637,400,,,,,,,,,,,,,,,,,,,,,,,,0,,,
17395,"Quiché",14,"San Juan Cotzal",11,2637,400,,,,,,,,,,,,,,,,,,,,,,,,0,,,
17396,"Quiché",14,"San Juan Cotzal",11,2637,400,,,,,,,,,,,,,,,,,,,,,,,,0,,,
17397,"Quiché",14,"San Juan Cotzal",11,2638,400,,,,,,,,,,,,,,,,,,,,,,,,0,,,
17398,"Quiché",14,"San Juan Cotzal",11,2638,400,,,,,,,,,,,,,,,,,,,,,,,,0,,,
17399,"Quiché",14,"San Juan Cotzal",11,2639,400,114,93,1,4,2,1,21,0,1,79,316,2,1,319,4,323,0,400,77,316,319,323,,1,092ec3eba0775be079c57d682e64e8d797f656a815200d272004d6787c5f1929,25/06/2023 23:57:42,ESCANER
17400,"Quiché",14,"San Juan Cotzal",11,2639,400,110,74,3,4,1,5,21,2,2,71,293,6,3,302,0,302,0,400,98,293,302,302,,1,4daf45d55d827d6e9e4ab58906747a2184f63fecdf14dfe04073cd2fcecc861d,26/06/2023 00:20:48,ESCANER
17401,"Quiché",14,"San Juan Cotzal",11,2639,400,129,65,0,3,1,1,23,0,0,78,300,3,0,303,0,303,0,400,97,300,303,303,,1,caae618a3d94dc564faaf274e7bc0d88f98986f9e8188c06850b994e55c7bbf9,25/06/2023 23:39:05,ESCANER
17402,"Quiché",14,"San Juan Cotzal",11,2639,400,126,64,0,2,0,3,13,1,0,78,287,1,0,288,0,288,0,400,112,287,288,288,,1,8e4cd715eef6b7fd7e8201fbb377b6609bf986f3990b82361022fc034de1b81e,25/06/2023 22:41:07,ESCANER
17403,"Quiché",14,"San Juan Cotzal",11,2639,400,,,,,,,,,,,,,,,,,,,,,,,,0,,,
17404,"Quiché",14,"San Juan Cotzal",11,2640,400,,,,,,,,,,,,,,,,,,,,,,,,0,,,
17405,"Quiché",14,"San Juan Cotzal",11,2641,340,,,,,,,,,,,,,,,,,,,,,,,,0,,,
17406,"Quiché",14,"San Juan Cotzal",11,2641,340,,,,,,,,,,,,,,,,,,,,,,,,0,,,
17407,"Quiché",14,"San Juan Cotzal",11,2642,400,,,,,,,,,,,,,,,,,,,,,,,,0,,,
17408,"Quiché",14,"San Juan Cotzal",11,2642,400,,,,,,,,,,,,,,,,,,,,,,,,0,,,
17409,"Quiché",14,"San Juan Cotzal",11,2642,400,,,,,,,,,,,,,,,,,,,,,,,,0,,,
17410,"Quiché",14,"San Juan Cotzal",11,2643,400,,,,,,,,,,,,,,,,,,,,,,,,0,,,
17411,"Quiché",14,"San Juan Cotzal",11,2643,400,89,101,0,2,1,0,26,1,0,98,318,5,0,323,0,323,0,380,57,318,323,323,,1,e2f02fcf56987d87155793a498d34f0b87054eb7ef05d5599a396b9e06b3fa09,26/06/2023 00:00:46,ESCANER
17412,"Quiché",14,"San Juan Cotzal",11,2643,400,,,,,,,,,,,,,,,,,,,,,,,,0,,,
17413,"Quiché",14,"San Juan Cotzal",11,2643,379,,,,,,,,,,,,,,,,,,,,,,,,0,,,
17414,"Quiché",14,"San Juan Cotzal",11,2643,378,96,110,1,3,1,0,15,0,1,72,299,3,1,303,0,303,0,378,75,299,303,303,,1,2c7707739f835f34ea2d3230a10e43bf2bea0a5ce41171b01f7e735da2404934,25/06/2023 23:55:34,ESCANER
17415,"Quiché",14,"San Juan Cotzal",11,2644,380,,,,,,,,,,,,,,,,,,,,,,,,0,,,
17416,"Quiché",14,"San Juan Cotzal",11,2644,380,70,53,4,1,0,0,18,1,0,145,292,12,6,310,0,310,0,380,70,292,310,310,,1,765580adb5d8b93120b1d471e6be735b75aec6ae0fe1442cb2fa8f96eaff5b0b,26/06/2023 00:14:26,ESCANER
17417,"Quiché",14,"San Juan Cotzal",11,2644,380,,,,,,,,,,,,,,,,,,,,,,,,0,,,
17418,"Quiché",14,"San Juan Cotzal",11,2644,380,,,,,,,,,,,,,,,,,,,,,,,,0,,,
17419,"Quiché",14,"San Juan Cotzal",11,2644,380,,,,,,,,,,,,,,,,,,,,,,,,0,,,
17420,"Quiché",14,"San Juan Cotzal",11,2645,380,,,,,,,,,,,,,,,,,,,,,,,,0,,,
17421,"Quiché",14,"San Juan Cotzal",11,2645,380,,,,,,,,,,,,,,,,,,,,,,,,0,,,
17422,"Quiché",14,"San Juan Cotzal",11,2645,380,,,,,,,,,,,,,,,,,,,,,,,,0,,,
17423,"Quiché",14,"San Juan Cotzal",11,2645,380,,,,,,,,,,,,,,,,,,,,,,,,0,,,
17424,"Quiché",14,"San Juan Cotzal",11,2645,380,,,,,,,,,,,,,,,,,,,,,,,,0,,,
17425,"Quiché",14,"San Juan Cotzal",11,2645,380,76,48,5,2,1,0,9,1,0,138,280,3,2,285,0,285,0,380,95,280,285,285,,1,aa488fe41d3460fb591114319e1147803a56aa7eb3b279f3da37d08c0132b3eb,26/06/2023 00:17:50,ESCANER
17426,"Quiché",14,"San Juan Cotzal",11,2645,380,,,,,,,,,,,,,,,,,,,,,,,,0,,,
17427,"Quiché",14,"San Juan Cotzal",11,2645,380,74,49,3,4,0,2,12,0,0,138,282,6,3,291,0,291,0,380,89,282,291,291,,1,88b77754b954aebf726b95d9e6a4815eed8ee2c1c28a421388f0a0f1a97c623b,26/06/2023 00:28:05,ESCANER
17428,"Quiché",14,"San Juan Cotzal",11,2645,380,,,,,,,,,,,,,,,,,,,,,,,,0,,,
17429,"Quiché",14,"San Juan Cotzal",11,2645,380,76,37,6,1,0,0,6,2,0,161,289,0,0,289,0,289,0,380,91,289,289,289,,1,6ca3e4fc575f427642707632a609eba457c7bbecd6763a56094fd1d5babe7c21,25/06/2023 23:23:52,ESCANER
17430,"Quiché",14,"San Juan Cotzal",11,2645,380,80,38,2,0,1,0,18,1,0,145,285,0,0,285,1,286,0,380,94,285,285,286,,1,1a75f5570a30fb0f0428dac0e35cf87deb42c0eccfd29b3d4bbb21c5c9b2d7e1,26/06/2023 00:18:15,ESCANER
17431,"Quiché",14,"San Juan Cotzal",11,2645,380,89,42,0,3,0,0,8,0,0,145,287,0,1,288,0,288,0,373,85,287,288,288,,1,dd8b8c19c0d0d69af890cfa05354151201f32a1a9a952a8c571a3ef7c8354ea7,25/06/2023 23:48:26,ESCANER
17432,"Quiché",14,"San Juan Cotzal",11,2645,380,79,35,2,0,0,0,6,1,0,154,277,1,3,281,0,281,0,380,99,277,281,281,,1,cf09e2bc72af9d6a4feb10fb0f4b2c8c1340d3a72f433449cdabdfe7c72b289a,25/06/2023 23:51:05,ESCANER
17433,"Quiché",14,"San Juan Cotzal",11,2645,205,35,23,0,0,0,0,5,0,0,88,152,0,1,152,0,152,0,202,50,151,152,152,Sumas Asentadas sin cuadrar,1,fe879b0ceb23cec764fdd18d6812ef2abdae182733614c865fc675147bf89d53,26/06/2023 00:07:35,ESCANER
17434,"Quiché",14,"San Juan Cotzal",11,2645,205,47,16,1,0,0,0,3,1,0,77,145,1,0,146,0,146,--,205,59,145,146,146,Algún campo sin dato,1,879869dd2b75ddc9162c1784426f369096d9b5d21896682cae9e4fbeb4451f27,25/06/2023 22:35:58,ESCANER