﻿TIPO_DE_ELECCIÓN:,CORPORACIÓN MUNICIPAL
26 junio 2023 00:28 (UTC -6)
ACTAS_ESPERADAS,ACTAS_CAPTURADAS,PORCENTAJE_ACTAS_CAPTURADAS,ACTAS_CONTABILIZADAS,PORCENTAJE_ACTAS_CONTABILIZADAS,ACTAS_NO_CONTABILIZADAS,LISTA_NOMINAL_ACTAS_CONTABILIZADAS,VOTOS_EMITIDOS_CONTABILIZADAS,PORCENTAJE_PARTICIPACIÓN_CIUDADANA
25,1,4.0000,1,4.0000,0,400,275,68.7500

MESA,DEPARTAMENTO,ID_DEPARTAMENTO,MUNICIPIO,ID_MUNICIPIO,CENTRO_DE_VOTACIÓN,PADRÓN,CABAL,UNE,VAMOS,TODOS,CAMBIO,VALOR UNIONISTA,VÁLIDOS,NULOS,BLANCO,EMITIDOS,INVÁLIDOS,TOTAL,IMPUGNACIONES,PAPELETAS-RECIBIDAS,PAPELETAS-NO-USADAS,VALIDOS_CALCULADO,EMITIDOS_CALCULADO,TOTAL_CALCULADO,OBSERVACIONES,CONTABILIZADA,CÓDIGO_INTEGRIDAD,FECHA_HORA_PUBLICACIÓN,DIGITALIZACIÓN
21998,"Zacapa",19,"Estanzuela",2,3408,400,,,,,,,,,,,,,,,,,,,,0,,,
21999,"Zacapa",19,"Estanzuela",2,3408,400,,,,,,,,,,,,,,,,,,,,0,,,
22000,"Zacapa",19,"Estanzuela",2,3408,400,,,,,,,,,,,,,,,,,,,,0,,,
22001,"Zacapa",19,"Estanzuela",2,3408,400,,,,,,,,,,,,,,,,,,,,0,,,
22002,"Zacapa",19,"Estanzuela",2,3408,400,,,,,,,,,,,,,,,,,,,,0,,,
22003,"Zacapa",19,"Estanzuela",2,3408,400,,,,,,,,,,,,,,,,,,,,0,,,
22004,"Zacapa",19,"Estanzuela",2,3408,400,,,,,,,,,,,,,,,,,,,,0,,,
22005,"Zacapa",19,"Estanzuela",2,3408,400,,,,,,,,,,,,,,,,,,,,0,,,
22006,"Zacapa",19,"Estanzuela",2,3408,400,,,,,,,,,,,,,,,,,,,,0,,,
22007,"Zacapa",19,"Estanzuela",2,3408,400,,,,,,,,,,,,,,,,,,,,0,,,
22008,"Zacapa",19,"Estanzuela",2,3408,400,,,,,,,,,,,,,,,,,,,,0,,,
22009,"Zacapa",19,"Estanzuela",2,3409,400,,,,,,,,,,,,,,,,,,,,0,,,
22010,"Zacapa",19,"Estanzuela",2,3409,400,,,,,,,,,,,,,,,,,,,,0,,,
22011,"Zacapa",19,"Estanzuela",2,3409,400,,,,,,,,,,,,,,,,,,,,0,,,
22012,"Zacapa",19,"Estanzuela",2,3409,400,,,,,,,,,,,,,,,,,,,,0,,,
22013,"Zacapa",19,"Estanzuela",2,3409,400,,,,,,,,,,,,,,,,,,,,0,,,
22014,"Zacapa",19,"Estanzuela",2,3409,400,,,,,,,,,,,,,,,,,,,,0,,,
22015,"Zacapa",19,"Estanzuela",2,3409,400,13,5,65,60,0,127,270,5,0,275,0,275,0,400,125,270,275,275,,1,5d5b0e445c5f032b901f02648ef3b1cce66ec77b29bd8437c58f73db3f333927,26/06/2023 00:28:04,ESCANER
22016,"Zacapa",19,"Estanzuela",2,3409,400,,,,,,,,,,,,,,,,,,,,0,,,
22017,"Zacapa",19,"Estanzuela",2,3409,400,,,,,,,,,,,,,,,,,,,,0,,,
22018,"Zacapa",19,"Estanzuela",2,3409,400,,,,,,,,,,,,,,,,,,,,0,,,
22019,"Zacapa",19,"Estanzuela",2,3409,271,,,,,,,,,,,,,,,,,,,,0,,,
22020,"Zacapa",19,"Estanzuela",2,3410,271,,,,,,,,,,,,,,,,,,,,0,,,
22021,"Zacapa",19,"Estanzuela",2,3411,351,,,,,,,,,,,,,,,,,,,,0,,,
22022,"Zacapa",19,"Estanzuela",2,3411,350,,,,,,,,,,,,,,,,,,,,0,,,