﻿TIPO_DE_ELECCIÓN:,CORPORACIÓN MUNICIPAL
26 junio 2023 00:28 (UTC -6)
ACTAS_ESPERADAS,ACTAS_CAPTURADAS,PORCENTAJE_ACTAS_CAPTURADAS,ACTAS_CONTABILIZADAS,PORCENTAJE_ACTAS_CONTABILIZADAS,ACTAS_NO_CONTABILIZADAS,LISTA_NOMINAL_ACTAS_CONTABILIZADAS,VOTOS_EMITIDOS_CONTABILIZADAS,PORCENTAJE_PARTICIPACIÓN_CIUDADANA
11,4,36.3636,4,36.3636,0,1340,1140,85.0746

MESA,DEPARTAMENTO,ID_DEPARTAMENTO,MUNICIPIO,ID_MUNICIPIO,CENTRO_DE_VOTACIÓN,PADRÓN,VAMOS,UNE,MLP,ELEFANTE,VALOR UNIONISTA,VÁLIDOS,NULOS,BLANCO,EMITIDOS,INVÁLIDOS,TOTAL,IMPUGNACIONES,PAPELETAS-RECIBIDAS,PAPELETAS-NO-USADAS,VALIDOS_CALCULADO,EMITIDOS_CALCULADO,TOTAL_CALCULADO,OBSERVACIONES,CONTABILIZADA,CÓDIGO_INTEGRIDAD,FECHA_HORA_PUBLICACIÓN,DIGITALIZACIÓN
9462,"Sololá",7,"Concepción",8,1170,400,,,,,,,,,,,,,,,,,,,0,,,
9463,"Sololá",7,"Concepción",8,1170,400,75,132,63,9,74,353,4,2,359,0,359,--,400,41,353,359,359,Algún campo sin dato,1,c4f249a0972d1f85051c4fe0efef8fc013a36eb1e3c9c8ceef54ac4bf84d45b6,25/06/2023 22:45:38,ESCANER
9464,"Sololá",7,"Concepción",8,1170,400,63,139,62,6,72,342,3,5,350,--,350,--,400,50,342,350,350,Algún campo sin dato,1,957b6e3650c202f407efd486c0fc00d482b774073d60b08f145e265d1633ab3c,25/06/2023 23:04:36,ESCANER
9465,"Sololá",7,"Concepción",8,1170,400,,,,,,,,,,,,,,,,,,,0,,,
9466,"Sololá",7,"Concepción",8,1170,400,,,,,,,,,,,,,,,,,,,0,,,
9467,"Sololá",7,"Concepción",8,1170,400,,,,,,,,,,,,,,,,,,,0,,,
9468,"Sololá",7,"Concepción",8,1170,400,,,,,,,,,,,,,,,,,,,0,,,
9469,"Sololá",7,"Concepción",8,1170,400,,,,,,,,,,,,,,,,,,,0,,,
9470,"Sololá",7,"Concepción",8,1170,400,,,,,,,,,,,,,,,,,,,0,,,
9471,"Sololá",7,"Concepción",8,1170,270,54,86,42,6,32,218,0,0,220,0,220,--,267,47,220,220,220,Sumas Asentadas sin cuadrar,1,44afaadd7018f23efa52feda9ffc6546950319705ee52f9e69c385042dd31993,25/06/2023 22:17:55,ESCANER
9472,"Sololá",7,"Concepción",8,1170,270,43,88,40,7,31,209,2,0,211,0,211,--,267,56,209,211,211,Algún campo sin dato,1,2c41f110734e01e0502687e0f5bffb8fa15b5077804c18676b69db67142c7a18,25/06/2023 23:59:53,ESCANER