﻿TIPO_DE_ELECCIÓN:,CORPORACIÓN MUNICIPAL
26 junio 2023 00:28 (UTC -6)
ACTAS_ESPERADAS,ACTAS_CAPTURADAS,PORCENTAJE_ACTAS_CAPTURADAS,ACTAS_CONTABILIZADAS,PORCENTAJE_ACTAS_CONTABILIZADAS,ACTAS_NO_CONTABILIZADAS,LISTA_NOMINAL_ACTAS_CONTABILIZADAS,VOTOS_EMITIDOS_CONTABILIZADAS,PORCENTAJE_PARTICIPACIÓN_CIUDADANA
77,31,40.2597,31,40.2597,0,11149,7498,67.2526

MESA,DEPARTAMENTO,ID_DEPARTAMENTO,MUNICIPIO,ID_MUNICIPIO,CENTRO_DE_VOTACIÓN,PADRÓN,UNE,VAMOS,MLP,TODOS,VICTORIA,PODEMOS,CABAL,ELEFANTE,BIEN,PHG,U R N G - MAIZ,PPN,VALOR UNIONISTA,VÁLIDOS,NULOS,BLANCO,EMITIDOS,INVÁLIDOS,TOTAL,IMPUGNACIONES,PAPELETAS-RECIBIDAS,PAPELETAS-NO-USADAS,VALIDOS_CALCULADO,EMITIDOS_CALCULADO,TOTAL_CALCULADO,OBSERVACIONES,CONTABILIZADA,CÓDIGO_INTEGRIDAD,FECHA_HORA_PUBLICACIÓN,DIGITALIZACIÓN
18536,"Baja Verapaz",15,"Purulhá",8,2849,400,,,,,,,,,,,,,,,,,,,,,,,,,,,0,,,
18537,"Baja Verapaz",15,"Purulhá",8,2849,400,,,,,,,,,,,,,,,,,,,,,,,,,,,0,,,
18538,"Baja Verapaz",15,"Purulhá",8,2850,400,,,,,,,,,,,,,,,,,,,,,,,,,,,0,,,
18539,"Baja Verapaz",15,"Purulhá",8,2850,400,,,,,,,,,,,,,,,,,,,,,,,,,,,0,,,
18540,"Baja Verapaz",15,"Purulhá",8,2850,400,,,,,,,,,,,,,,,,,,,,,,,,,,,0,,,
18541,"Baja Verapaz",15,"Purulhá",8,2850,400,34,39,3,91,47,5,12,11,7,12,2,8,2,273,25,6,304,0,304,--,400,96,273,304,304,Algún campo sin dato,1,0aa9db3450ccb668b1df88ac03ae336bc58c8811ca4d3e9b8cc725499691c253,25/06/2023 23:19:26,ESCANER
18542,"Baja Verapaz",15,"Purulhá",8,2851,400,,,,,,,,,,,,,,,,,,,,,,,,,,,0,,,
18543,"Baja Verapaz",15,"Purulhá",8,2852,400,,,,,,,,,,,,,,,,,,,,,,,,,,,0,,,
18544,"Baja Verapaz",15,"Purulhá",8,2853,400,35,43,4,72,46,2,11,8,4,10,1,4,1,241,12,2,255,0,255,--,400,145,241,255,255,Algún campo sin dato,1,5bac8e2663f40c18ae2354497472037b2ec0b4123c464f2f442e6bd05598ccf2,25/06/2023 23:24:22,ESCANER
18545,"Baja Verapaz",15,"Purulhá",8,2854,400,,,,,,,,,,,,,,,,,,,,,,,,,,,0,,,
18546,"Baja Verapaz",15,"Purulhá",8,2854,400,,,,,,,,,,,,,,,,,,,,,,,,,,,0,,,
18547,"Baja Verapaz",15,"Purulhá",8,2855,400,,,,,,,,,,,,,,,,,,,,,,,,,,,0,,,
18548,"Baja Verapaz",15,"Purulhá",8,2855,400,28,40,1,81,46,6,4,4,6,8,2,3,3,232,10,3,245,0,245,--,399,154,232,245,245,Algún campo sin dato,1,4e2eb025704a97d8e60009b288b544ec9fd93cb264c92874c189c9847f5d714a,26/06/2023 00:20:38,ESCANER
18549,"Baja Verapaz",15,"Purulhá",8,2855,400,25,33,2,81,67,7,10,8,3,12,1,2,3,254,6,3,263,0,263,--,376,113,254,263,263,Algún campo sin dato,1,204a02cc5d9be04eb6d854afa46d0837d909d128fa2ce23f1a72545a27cbcd0d,25/06/2023 21:59:49,ESCANER
18550,"Baja Verapaz",15,"Purulhá",8,2856,400,,,,,,,,,,,,,,,,,,,,,,,,,,,0,,,
18551,"Baja Verapaz",15,"Purulhá",8,2856,400,,,,,,,,,,,,,,,,,,,,,,,,,,,0,,,
18552,"Baja Verapaz",15,"Purulhá",8,2856,382,25,32,4,72,53,4,8,11,2,3,1,3,5,223,8,3,234,0,234,0,382,148,223,234,234,,1,efc34a934eb6bc90f90b6074decfea86bf1c7834c3c9f2d63b9588f12dc40519,26/06/2023 00:10:50,ESCANER
18553,"Baja Verapaz",15,"Purulhá",8,2856,382,22,40,4,76,50,5,11,11,3,5,1,1,3,232,8,1,241,0,241,1,382,141,232,241,241,,1,eb05ec531ae4e921ad6d6e9156dc841a7d738bcd43bbbdd25e3b366a67f10d5d,26/06/2023 00:02:53,ESCANER
18554,"Baja Verapaz",15,"Purulhá",8,2857,400,,,,,,,,,,,,,,,,,,,,,,,,,,,0,,,
18555,"Baja Verapaz",15,"Purulhá",8,2857,400,47,35,11,91,62,5,6,14,8,8,4,2,1,294,21,10,325,0,325,--,400,75,294,325,325,Algún campo sin dato,1,290196e884f6933944022c66b5d27fbd07aa623dded5cfa3bcb5b4b91e6cc38a,26/06/2023 00:12:34,ESCANER
18556,"Baja Verapaz",15,"Purulhá",8,2857,400,,,,,,,,,,,,,,,,,,,,,,,,,,,0,,,
18557,"Baja Verapaz",15,"Purulhá",8,2857,400,,,,,,,,,,,,,,,,,,,,,,,,,,,0,,,
18558,"Baja Verapaz",15,"Purulhá",8,2857,400,27,26,14,79,50,3,6,14,6,7,1,4,1,238,10,5,253,0,253,--,400,147,238,253,253,Algún campo sin dato,1,9ca2025454585dde5840a3abfa94569dda2d2246f902bf19b8434f1ac106376a,26/06/2023 00:08:53,ESCANER
18559,"Baja Verapaz",15,"Purulhá",8,2857,337,26,28,7,71,61,2,4,21,6,7,2,3,0,238,3,2,243,0,243,--,337,94,238,243,243,Algún campo sin dato,1,4d30d1a0608aed7e8d805d2ecde55f6b92f61b82679698012e98936d995cce82,25/06/2023 23:53:23,ESCANER
18560,"Baja Verapaz",15,"Purulhá",8,2857,337,25,13,5,80,57,1,2,8,2,9,1,1,1,205,7,3,215,--,--,--,337,122,205,215,215,Algún campo sin dato,1,450a414d853f2f48b224a4799ad7217b66cb8744234aaa30cb1358937f8057a8,25/06/2023 23:42:08,ESCANER
18561,"Baja Verapaz",15,"Purulhá",8,2858,380,17,80,1,75,32,8,12,29,5,3,1,1,2,266,15,8,289,0,289,--,380,91,266,289,289,Algún campo sin dato,1,a8311dd9b04763c0f32e3aa8dd9a0a419983462626c4fa83a6c5c6e56ec703ad,26/06/2023 00:12:41,ESCANER
18562,"Baja Verapaz",15,"Purulhá",8,2858,380,21,76,2,84,42,6,12,24,5,6,8,4,4,294,16,8,318,0,318,0,380,62,294,318,318,,1,48ae45aaa381177638ac3e4ac7d72b2416cff237e9a5be058e60fb8b67b68e36,25/06/2023 23:26:55,ESCANER
18563,"Baja Verapaz",15,"Purulhá",8,2858,380,,,,,,,,,,,,,,,,,,,,,,,,,,,0,,,
18564,"Baja Verapaz",15,"Purulhá",8,2858,365,,,,,,,,,,,,,,,,,,,,,,,,,,,0,,,
18565,"Baja Verapaz",15,"Purulhá",8,2858,365,18,55,1,58,46,8,4,6,5,8,2,2,3,216,5,4,225,0,225,0,365,140,216,225,225,,1,290656e2c394bad9c4de13f2e3bb9603c5e98fc48247477f8cfafd7cd7028288,25/06/2023 23:31:15,ESCANER
18566,"Baja Verapaz",15,"Purulhá",8,2859,380,,,,,,,,,,,,,,,,,,,,,,,,,,,0,,,
18567,"Baja Verapaz",15,"Purulhá",8,2859,380,,,,,,,,,,,,,,,,,,,,,,,,,,,0,,,
18568,"Baja Verapaz",15,"Purulhá",8,2859,380,24,78,8,67,9,3,0,10,0,0,3,0,3,205,22,3,230,0,230,--,380,150,205,230,230,Algún campo sin dato,1,ea40b16f32c36bfe2ed8217881b49aa706a6a4bb5167e864c1f20dd9cb5f3569,25/06/2023 23:44:41,MOVIL
18569,"Baja Verapaz",15,"Purulhá",8,2859,223,13,64,1,53,15,0,1,7,0,0,2,0,0,156,3,0,159,0,159,0,223,64,156,159,159,,1,3edee36e9436857bf580a6c1078bf3f072c1e520590a47df76a166d1dc3da9c2,25/06/2023 23:09:41,MOVIL
18570,"Baja Verapaz",15,"Purulhá",8,2859,223,,,,,,,,,,,,,,,,,,,,,,,,,,,0,,,
18571,"Baja Verapaz",15,"Purulhá",8,2860,380,15,45,1,42,17,2,3,42,1,3,72,1,1,245,13,7,265,0,265,--,380,115,245,265,265,Algún campo sin dato,1,757f03c543d4623ce44f6c2cd6631b586ea2d221c1276bb2b73f45e20fa9af33,25/06/2023 23:30:09,ESCANER
18572,"Baja Verapaz",15,"Purulhá",8,2860,380,25,44,0,31,20,0,2,48,2,4,78,0,0,254,19,8,281,0,281,--,380,99,254,281,281,Algún campo sin dato,1,26b8014f8341bc7d922b3d630fef3ca9e3e6cdb2c7bb6f559103ec5828fbcb34,25/06/2023 22:41:49,ESCANER
18573,"Baja Verapaz",15,"Purulhá",8,2860,380,38,50,0,66,16,2,7,42,2,9,52,0,0,284,20,9,313,0,313,--,380,67,284,313,313,Algún campo sin dato,1,c07a81c8a601e0dadf591c4650a0f09a021a668ebd4cf3e1f3400b778fe0aec7,25/06/2023 23:40:51,ESCANER
18574,"Baja Verapaz",15,"Purulhá",8,2860,380,18,62,0,35,10,0,2,35,0,14,58,1,0,235,18,5,258,0,258,--,404,146,235,258,258,Algún campo sin dato,1,a42afdddfee089f693802e1a6a226333031625f4c34ee3f33093891e1239ea43,25/06/2023 22:51:55,ESCANER
18575,"Baja Verapaz",15,"Purulhá",8,2861,380,19,54,0,32,10,2,2,37,0,5,52,0,0,213,12,3,228,0,228,--,380,152,213,228,228,Algún campo sin dato,1,6696567e369c2569029140e88915459acd2af4170204d56691d3ca33bc2543bf,25/06/2023 22:51:26,ESCANER
18576,"Baja Verapaz",15,"Purulhá",8,2861,324,10,47,1,42,13,2,3,32,0,6,25,0,0,181,4,0,185,0,185,--,324,139,181,185,185,Algún campo sin dato,1,83c52bedc0b811b71c23457e1b6346e0d27bf12954012fc80977ac52d857a1b3,25/06/2023 23:27:38,ESCANER
18577,"Baja Verapaz",15,"Purulhá",8,2862,324,6,25,1,22,7,1,1,28,1,7,57,0,0,156,12,3,171,0,171,--,323,152,156,171,171,Algún campo sin dato,1,a39cb7bdd9ac2b6e9968609db08ba8d376c7aebf0122b5ac94f754876daf963a,25/06/2023 23:44:20,ESCANER
18578,"Baja Verapaz",15,"Purulhá",8,2863,380,,,,,,,,,,,,,,,,,,,,,,,,,,,0,,,
18579,"Baja Verapaz",15,"Purulhá",8,2863,380,,,,,,,,,,,,,,,,,,,,,,,,,,,0,,,
18580,"Baja Verapaz",15,"Purulhá",8,2863,380,,,,,,,,,,,,,,,,,,,,,,,,,,,0,,,
18581,"Baja Verapaz",15,"Purulhá",8,2863,380,,,,,,,,,,,,,,,,,,,,,,,,,,,0,,,
18582,"Baja Verapaz",15,"Purulhá",8,2863,380,,,,,,,,,,,,,,,,,,,,,,,,,,,0,,,
18583,"Baja Verapaz",15,"Purulhá",8,2863,380,,,,,,,,,,,,,,,,,,,,,,,,,,,0,,,
18584,"Baja Verapaz",15,"Purulhá",8,2863,304,28,23,0,40,3,19,2,41,0,0,14,1,1,172,6,2,180,0,180,--,304,124,172,180,180,Algún campo sin dato,1,a1026bc62c71e53b13e39ad5982d2f22630532f0e31935a7e13810849a017e35,25/06/2023 23:28:59,ESCANER
18585,"Baja Verapaz",15,"Purulhá",8,2863,303,,,,,,,,,,,,,,,,,,,,,,,,,,,0,,,
18586,"Baja Verapaz",15,"Purulhá",8,2864,380,,,,,,,,,,,,,,,,,,,,,,,,,,,0,,,
18587,"Baja Verapaz",15,"Purulhá",8,2864,380,,,,,,,,,,,,,,,,,,,,,,,,,,,0,,,
18588,"Baja Verapaz",15,"Purulhá",8,2864,380,,,,,,,,,,,,,,,,,,,,,,,,,,,0,,,
18589,"Baja Verapaz",15,"Purulhá",8,2864,380,,,,,,,,,,,,,,,,,,,,,,,,,,,0,,,
18590,"Baja Verapaz",15,"Purulhá",8,2864,251,,,,,,,,,,,,,,,,,,,,,,,,,,,0,,,
18591,"Baja Verapaz",15,"Purulhá",8,2864,250,,,,,,,,,,,,,,,,,,,,,,,,,,,0,,,
18592,"Baja Verapaz",15,"Purulhá",8,2865,380,,,,,,,,,,,,,,,,,,,,,,,,,,,0,,,
18593,"Baja Verapaz",15,"Purulhá",8,2865,380,36,39,0,75,31,2,7,33,0,41,33,3,8,308,14,8,330,0,330,--,380,50,308,330,330,Algún campo sin dato,1,6dd9c90200f312c7b71ebb00fd0849c6f370d319e5aad4188aded2cf62f20a86,26/06/2023 00:12:31,ESCANER
18594,"Baja Verapaz",15,"Purulhá",8,2865,380,,,,,,,,,,,,,,,,,,,,,,,,,,,0,,,
18595,"Baja Verapaz",15,"Purulhá",8,2865,380,26,49,1,56,33,2,1,23,2,43,10,1,11,258,21,1,280,0,280,--,380,100,258,280,280,Algún campo sin dato,1,333b244476706dd3dc65bee01312a1f202bb723c63ee6c09f7f70aab646a3db6,26/06/2023 00:26:52,ESCANER
18596,"Baja Verapaz",15,"Purulhá",8,2865,321,,,,,,,,,,,,,,,,,,,,,,,,,,,0,,,
18597,"Baja Verapaz",15,"Purulhá",8,2865,321,,,,,,,,,,,,,,,,,,,,,,,,,,,0,,,
18598,"Baja Verapaz",15,"Purulhá",8,2866,380,,,,,,,,,,,,,,,,,,,,,,,,,,,0,,,
18599,"Baja Verapaz",15,"Purulhá",8,2866,342,,,,,,,,,,,,,,,,,,,,,,,,,,,0,,,
18600,"Baja Verapaz",15,"Purulhá",8,2866,341,,,,,,,,,,,,,,,,,,,,,,,,,,,0,,,
18601,"Baja Verapaz",15,"Purulhá",8,2867,380,,,,,,,,,,,,,,,,,,,,,,,,,,,0,,,
18602,"Baja Verapaz",15,"Purulhá",8,2867,380,,,,,,,,,,,,,,,,,,,,,,,,,,,0,,,
18603,"Baja Verapaz",15,"Purulhá",8,2867,380,42,43,13,94,58,3,7,2,4,12,3,3,1,285,25,4,314,0,314,--,356,42,285,314,314,Algún campo sin dato,1,24e21bd70a283ea3d2e519f634ce16da04d272d337489794e69e01f0be3e206c,25/06/2023 23:51:17,ESCANER
18604,"Baja Verapaz",15,"Purulhá",8,2867,380,,,,,,,,,,,,,,,,,,,,,,,,,,,0,,,
18605,"Baja Verapaz",15,"Purulhá",8,2867,380,31,46,4,90,56,5,3,4,6,18,4,4,0,271,11,5,287,0,287,--,380,93,271,287,287,Algún campo sin dato,1,2cd99f183cbeda47e6ea8713b7f124867fd036bb429ddead66180341c1d05864,25/06/2023 23:31:01,ESCANER
18606,"Baja Verapaz",15,"Purulhá",8,2868,365,28,46,3,79,41,4,5,4,2,4,1,5,1,223,10,3,236,0,236,--,365,129,223,236,236,Algún campo sin dato,1,2643e0b6c949b77c52b0543e7a55dfb7c34493d9bf9d7263ee710be03f23d59a,25/06/2023 23:39:08,ESCANER
18607,"Baja Verapaz",15,"Purulhá",8,2868,365,,,,,,,,,,,,,,,,,,,,,,,,,,,0,,,
18608,"Baja Verapaz",15,"Purulhá",8,2869,380,,,,,,,,,,,,,,,,,,,,,,,,,,,0,,,
18609,"Baja Verapaz",15,"Purulhá",8,2869,380,,,,,,,,,,,,,,,,,,,,,,,,,,,0,,,
18610,"Baja Verapaz",15,"Purulhá",8,2870,231,2,14,1,6,5,0,0,60,0,22,24,0,0,134,6,0,140,0,140,--,231,91,134,140,140,Algún campo sin dato,1,c9264ea446cac0eaf7a73e79fb89fd9d8169a0865b52d5a434e4d4aa294c243a,25/06/2023 22:54:06,ESCANER
18611,"Baja Verapaz",15,"Purulhá",8,2870,230,5,3,0,15,2,2,0,48,0,16,48,1,0,140,8,5,153,0,153,0,230,77,140,153,153,,1,06885542e2823cb96605644645f7d7e9ae40ebd6225a907b20c0c1021367feb8,26/06/2023 00:09:26,ESCANER
18612,"Baja Verapaz",15,"Purulhá",8,2871,385,15,15,1,15,10,0,1,6,1,0,1,1,2,68,8,2,78,0,78,--,385,307,68,78,78,Algún campo sin dato,1,7ff60cad3a7448d0e58a8ea35092e0a8de53257de08e88c4acbac240cfaac7b5,25/06/2023 23:25:09,ESCANER