﻿TIPO_DE_ELECCIÓN:,CORPORACIÓN MUNICIPAL
26 junio 2023 00:28 (UTC -6)
ACTAS_ESPERADAS,ACTAS_CAPTURADAS,PORCENTAJE_ACTAS_CAPTURADAS,ACTAS_CONTABILIZADAS,PORCENTAJE_ACTAS_CONTABILIZADAS,ACTAS_NO_CONTABILIZADAS,LISTA_NOMINAL_ACTAS_CONTABILIZADAS,VOTOS_EMITIDOS_CONTABILIZADAS,PORCENTAJE_PARTICIPACIÓN_CIUDADANA
17,8,47.0588,8,47.0588,0,2559,1661,64.9081

MESA,DEPARTAMENTO,ID_DEPARTAMENTO,MUNICIPIO,ID_MUNICIPIO,CENTRO_DE_VOTACIÓN,PADRÓN,VAMOS,UNE,PODEMOS,CABAL,CAMBIO,VÁLIDOS,NULOS,BLANCO,EMITIDOS,INVÁLIDOS,TOTAL,IMPUGNACIONES,PAPELETAS-RECIBIDAS,PAPELETAS-NO-USADAS,VALIDOS_CALCULADO,EMITIDOS_CALCULADO,TOTAL_CALCULADO,OBSERVACIONES,CONTABILIZADA,CÓDIGO_INTEGRIDAD,FECHA_HORA_PUBLICACIÓN,DIGITALIZACIÓN
6970,"El Progreso",4,"San Cristóbal Acasaguastlán",4,763,400,,,,,,,,,,,,,,,,,,,0,,,
6971,"El Progreso",4,"San Cristóbal Acasaguastlán",4,763,400,103,8,118,57,1,287,14,1,302,--,302,--,400,98,287,302,302,Algún campo sin dato,1,6f733cc2482124a98dc6aea74ec03c5279d8cb96b94bf7381a32fb8ed383431e,25/06/2023 23:19:14,ESCANER
6972,"El Progreso",4,"San Cristóbal Acasaguastlán",4,763,400,,,,,,,,,,,,,,,,,,,0,,,
6973,"El Progreso",4,"San Cristóbal Acasaguastlán",4,763,400,,,,,,,,,,,,,,,,,,,0,,,
6974,"El Progreso",4,"San Cristóbal Acasaguastlán",4,763,400,71,4,136,47,6,264,10,0,274,0,274,--,400,126,264,274,274,Algún campo sin dato,1,4d0ae0637b610ce30d4b6b4eaca0b16590168c698a44af09086845366ec2f260,26/06/2023 00:09:44,ESCANER
6975,"El Progreso",4,"San Cristóbal Acasaguastlán",4,763,223,47,3,83,20,4,157,3,1,161,0,161,--,223,62,157,161,161,Algún campo sin dato,1,0a4713712d5d19cc9287e08f1ecfb935306c9f0323683beefe435b8a797cab19,25/06/2023 22:36:21,ESCANER
6976,"El Progreso",4,"San Cristóbal Acasaguastlán",4,763,223,42,0,61,23,3,129,2,0,131,1,132,--,223,91,129,131,132,Algún campo sin dato,1,3186f293c5b098556098b874ddc10aeccf75e55ecccd46da22d43369631364b4,25/06/2023 22:27:59,ESCANER
6977,"El Progreso",4,"San Cristóbal Acasaguastlán",4,764,380,150,10,61,23,2,246,25,1,272,0,272,--,380,108,246,272,272,Algún campo sin dato,1,1db3c6328ea59ef69518bd99d1e0c7054194c8d56c9ce366b4c981e33155a409,26/06/2023 00:25:21,ESCANER
6978,"El Progreso",4,"San Cristóbal Acasaguastlán",4,764,380,170,5,76,19,2,272,16,7,295,0,295,--,380,85,272,295,295,Algún campo sin dato,1,31cffe9e94c9da53325f92004060d8454adb855112ebf8263f90a7949aa33fea,26/06/2023 00:11:18,ESCANER
6979,"El Progreso",4,"San Cristóbal Acasaguastlán",4,764,380,,,,,,,,,,,,,,,,,,,0,,,
6980,"El Progreso",4,"San Cristóbal Acasaguastlán",4,764,380,,,,,,,,,,,,,,,,,,,0,,,
6981,"El Progreso",4,"San Cristóbal Acasaguastlán",4,764,380,,,,,,,,,,,,,,,,,,,0,,,
6982,"El Progreso",4,"San Cristóbal Acasaguastlán",4,764,380,,,,,,,,,,,,,,,,,,,0,,,
6983,"El Progreso",4,"San Cristóbal Acasaguastlán",4,765,380,,,,,,,,,,,,,,,,,,,0,,,
6984,"El Progreso",4,"San Cristóbal Acasaguastlán",4,765,273,,,,,,,,,,,,,,,,,,,0,,,
6985,"El Progreso",4,"San Cristóbal Acasaguastlán",4,765,272,111,3,37,16,2,169,2,0,171,0,171,--,272,101,169,171,171,Algún campo sin dato,1,b6f02fb44b3332b38cbe9b505e88bcc92984d961c6caa75f5f550d5908e0b8c7,25/06/2023 23:50:32,ESCANER
6986,"El Progreso",4,"San Cristóbal Acasaguastlán",4,766,281,29,1,17,7,0,54,1,0,55,0,55,--,282,227,54,55,55,Algún campo sin dato,1,22b5221e5235a53c69e1c94ff23c9fe3ae723801b93c9642dd210a2e6caaafff,25/06/2023 21:42:08,ESCANER