﻿TIPO_DE_ELECCIÓN:,CORPORACIÓN MUNICIPAL
26 junio 2023 00:28 (UTC -6)
ACTAS_ESPERADAS,ACTAS_CAPTURADAS,PORCENTAJE_ACTAS_CAPTURADAS,ACTAS_CONTABILIZADAS,PORCENTAJE_ACTAS_CONTABILIZADAS,ACTAS_NO_CONTABILIZADAS,LISTA_NOMINAL_ACTAS_CONTABILIZADAS,VOTOS_EMITIDOS_CONTABILIZADAS,PORCENTAJE_PARTICIPACIÓN_CIUDADANA
42,28,66.6666,28,66.6666,0,10224,8545,83.5778

MESA,DEPARTAMENTO,ID_DEPARTAMENTO,MUNICIPIO,ID_MUNICIPIO,CENTRO_DE_VOTACIÓN,PADRÓN,CABAL,VAMOS,UNE,VÁLIDOS,NULOS,BLANCO,EMITIDOS,INVÁLIDOS,TOTAL,IMPUGNACIONES,PAPELETAS-RECIBIDAS,PAPELETAS-NO-USADAS,VALIDOS_CALCULADO,EMITIDOS_CALCULADO,TOTAL_CALCULADO,OBSERVACIONES,CONTABILIZADA,CÓDIGO_INTEGRIDAD,FECHA_HORA_PUBLICACIÓN,DIGITALIZACIÓN
17234,"Quiché",14,"San Antonio Ilotenango",8,2598,400,119,199,1,319,10,5,334,0,334,--,399,65,319,334,334,Algún campo sin dato,1,23f13eb3db513118957ff01d73e75a22fe2d3e8d66baece030b6e869bbb8a6cc,25/06/2023 22:34:50,ESCANER
17235,"Quiché",14,"San Antonio Ilotenango",8,2598,400,146,187,3,336,3,5,344,0,344,--,400,56,336,344,344,Algún campo sin dato,1,9e4a5b03417ad8f803d05442c0c2a6ecb3309326e2036bc52aee45d51ff8cef4,25/06/2023 22:14:42,ESCANER
17236,"Quiché",14,"San Antonio Ilotenango",8,2598,400,153,184,1,338,3,51,392,8,400,--,400,51,338,392,400,Algún campo sin dato,1,3ca450c8fd3d5af32b6d06f0843a625c2241dc4c71f8f02644167d358217f1c2,26/06/2023 00:07:53,ESCANER
17237,"Quiché",14,"San Antonio Ilotenango",8,2598,400,129,194,0,323,5,8,336,0,336,--,400,64,323,336,336,Algún campo sin dato,1,7af42818799a81b1f22f7ab36cc0bd00fed5d4cf3c118e01219bec51a5c04774,25/06/2023 23:42:14,ESCANER
17238,"Quiché",14,"San Antonio Ilotenango",8,2598,400,151,171,0,322,5,2,329,0,329,--,400,71,322,329,329,Algún campo sin dato,1,6e4c9fb80fe4a7358c332da1d79b4364d1213a585ff53ab3ff43bba6561e02b4,26/06/2023 00:03:38,ESCANER
17239,"Quiché",14,"San Antonio Ilotenango",8,2599,400,122,176,0,298,6,1,305,0,305,--,397,92,298,305,305,Algún campo sin dato,1,1f379c01f8ad57922b48eb1c3acb5604e534f669f5e9957e69e731e69a1e9e83,25/06/2023 22:59:22,ESCANER
17240,"Quiché",14,"San Antonio Ilotenango",8,2600,400,90,206,1,297,3,2,302,0,302,--,400,98,297,302,302,Algún campo sin dato,1,3b03a304385a6219e520b42fe1ce8af170ce1c46292a0ff96f121a373e18405c,25/06/2023 23:04:46,ESCANER
17241,"Quiché",14,"San Antonio Ilotenango",8,2600,400,81,207,3,291,2,2,295,0,295,--,400,105,291,295,295,Algún campo sin dato,1,0a0104d2c7d029192eec193e78c02eb44012524b660fc14f0e035f102e137397,25/06/2023 22:27:11,ESCANER
17242,"Quiché",14,"San Antonio Ilotenango",8,2601,400,89,175,1,265,4,1,270,0,270,--,400,130,265,270,270,Algún campo sin dato,1,8ca563d94342a7cf095eb231fb6a2f921d331692f05ae9d4367310502407d7da,25/06/2023 22:42:24,MOVIL
17243,"Quiché",14,"San Antonio Ilotenango",8,2601,400,141,193,1,335,--,1,336,--,336,--,397,61,335,336,336,Algún campo sin dato,1,d68acc7fd3e636c1c19697f77c2bd34c89cef2a5b493460a593c214cf5c5127d,25/06/2023 23:25:37,ESCANER
17244,"Quiché",14,"San Antonio Ilotenango",8,2601,400,,,,,,,,,,,,,,,,,0,,,
17245,"Quiché",14,"San Antonio Ilotenango",8,2601,326,81,173,1,255,0,0,255,0,255,--,324,69,255,255,255,Algún campo sin dato,1,a7cf0ef3e8f464be56b83288e3487593d9b3fde0d838db3848b336f84b3e443c,25/06/2023 23:44:39,ESCANER
17246,"Quiché",14,"San Antonio Ilotenango",8,2601,326,,,,,,,,,,,,,,,,,0,,,
17247,"Quiché",14,"San Antonio Ilotenango",8,2602,400,163,150,2,315,0,9,324,0,324,--,400,76,315,324,324,Algún campo sin dato,1,43e616d158111b382c284a7cee59dd340292ad843ad3c2a0e477f19962499c3e,25/06/2023 23:03:02,ESCANER
17248,"Quiché",14,"San Antonio Ilotenango",8,2602,400,188,152,1,341,1,6,348,0,348,--,400,52,341,348,348,Algún campo sin dato,1,21beb15bb129cd52a94c84f9abe0bcb3528224cbc67f65e3bf2b601ebe3a1c7b,26/06/2023 00:00:06,ESCANER
17249,"Quiché",14,"San Antonio Ilotenango",8,2602,400,,,,,,,,,,,,,,,,,0,,,
17250,"Quiché",14,"San Antonio Ilotenango",8,2603,400,,,,,,,,,,,,,,,,,0,,,
17251,"Quiché",14,"San Antonio Ilotenango",8,2603,231,89,103,0,192,1,0,193,0,193,--,230,37,192,193,193,Algún campo sin dato,1,053ca6d03a03b109da8d686d1d9fa841ceed4d5fc9c793e90a20ad2de84d150f,25/06/2023 23:44:15,ESCANER
17252,"Quiché",14,"San Antonio Ilotenango",8,2603,230,71,102,0,173,0,2,175,0,175,--,231,56,173,175,175,Algún campo sin dato,1,50a62bbac912243cd4a31d36d2041bea10fcf3e967b587d764a24e6f80b9a73a,25/06/2023 22:29:22,ESCANER
17253,"Quiché",14,"San Antonio Ilotenango",8,2604,400,,,,,,,,,,,,,,,,,0,,,
17254,"Quiché",14,"San Antonio Ilotenango",8,2604,400,,,,,,,,,,,,,,,,,0,,,
17255,"Quiché",14,"San Antonio Ilotenango",8,2604,400,,,,,,,,,,,,,,,,,0,,,
17256,"Quiché",14,"San Antonio Ilotenango",8,2604,400,,,,,,,,,,,,,,,,,0,,,
17257,"Quiché",14,"San Antonio Ilotenango",8,2604,400,,,,,,,,,,,,,,,,,0,,,
17258,"Quiché",14,"San Antonio Ilotenango",8,2604,400,,,,,,,,,,,,,,,,,0,,,
17259,"Quiché",14,"San Antonio Ilotenango",8,2604,400,142,181,3,326,3,0,329,0,329,--,400,71,326,329,329,Algún campo sin dato,1,3b9d0f4e2d8ae979f8fee020ffb04172913a7a558bdec6eea9317e3348b3741c,25/06/2023 22:40:22,ESCANER
17260,"Quiché",14,"San Antonio Ilotenango",8,2604,378,,,,,,,,,,,,,,,,,0,,,
17261,"Quiché",14,"San Antonio Ilotenango",8,2604,378,116,162,1,279,7,1,287,91,378,--,378,91,279,287,378,Algún campo sin dato,1,7f9b17f53f5e5d24f5c8ef87332cd20a381d1eaf6dde785d1cd2808a0e88982e,26/06/2023 00:11:08,ESCANER
17262,"Quiché",14,"San Antonio Ilotenango",8,2605,400,170,183,2,355,0,3,358,0,358,--,399,41,355,358,358,Algún campo sin dato,1,ff152e9a0f801aef027d95865e5089b5fc525124df64942a28aa4e75ec48ab22,25/06/2023 23:42:56,ESCANER
17263,"Quiché",14,"San Antonio Ilotenango",8,2605,400,159,199,3,361,3,4,368,0,368,--,399,31,361,368,368,Algún campo sin dato,1,6e09d55d1c97c63485a1f244efd5c2e6bcbe45bd59a553002d7958827077d774,25/06/2023 23:18:11,ESCANER
17264,"Quiché",14,"San Antonio Ilotenango",8,2605,400,154,188,1,343,2,6,351,49,400,--,--,--,343,351,400,Algún campo sin dato,1,fa5f81247d0a6fd1aadcce9a9ae58897ff2008a8fb5ffd126433e4a09786158b,26/06/2023 00:26:19,ESCANER
17265,"Quiché",14,"San Antonio Ilotenango",8,2605,400,138,203,1,342,1,1,344,0,344,--,399,55,342,344,344,Algún campo sin dato,1,8dcb9ca4f61471f43043506162f98a8170346edbb693ceb11ccb0ecdbab6ae18,25/06/2023 23:50:33,ESCANER
17266,"Quiché",14,"San Antonio Ilotenango",8,2605,285,117,153,0,270,0,0,270,0,270,--,287,17,270,270,270,Algún campo sin dato,1,479e3c2de3e4463e99cd88a2b342eabf9a3478b6fd3a46d67bdfa05dc40f9857,25/06/2023 22:33:15,ESCANER
17267,"Quiché",14,"San Antonio Ilotenango",8,2605,285,95,162,0,257,3,0,260,0,260,--,285,25,257,260,260,Algún campo sin dato,1,663d6f573919f08e424d1d39138fb4bb0524d88d904f41bbec06b889359d49aa,25/06/2023 22:14:37,ESCANER
17268,"Quiché",14,"San Antonio Ilotenango",8,2606,400,160,154,1,315,3,7,325,0,325,--,--,--,315,325,325,Algún campo sin dato,1,55f6bd35e5a2a9b6bddaf2e608957dd255cc093de3c953e3e63fd4a7575d507d,25/06/2023 23:49:00,ESCANER
17269,"Quiché",14,"San Antonio Ilotenango",8,2606,400,192,160,4,356,2,7,365,1,366,--,400,34,356,365,366,Algún campo sin dato,1,9793a10585aff90a69c9902b046797acf830312c933de1f910656c940c584f3b,25/06/2023 23:11:34,ESCANER
17270,"Quiché",14,"San Antonio Ilotenango",8,2606,400,,,,,,,,,,,,,,,,,0,,,
17271,"Quiché",14,"San Antonio Ilotenango",8,2606,400,,,,,,,,,,,,,,,,,0,,,
17272,"Quiché",14,"San Antonio Ilotenango",8,2606,400,,,,,,,,,,,,,,,,,0,,,
17273,"Quiché",14,"San Antonio Ilotenango",8,2606,400,166,166,0,332,1,1,334,0,334,--,400,66,332,334,334,Algún campo sin dato,1,adf6ef5de3158565cb77afeaecc8e2b659a4e8bd52ae5dd3a8251f7b72a8a540,25/06/2023 23:40:49,ESCANER
17274,"Quiché",14,"San Antonio Ilotenango",8,2606,245,101,106,1,208,1,1,210,0,210,--,245,35,208,210,210,Algún campo sin dato,1,5d7ad3d92a7f5d7eb0c7c74c7f2bdc47acc3a19331b0cde43f9a374a52005c36,25/06/2023 22:06:33,ESCANER
17275,"Quiché",14,"San Antonio Ilotenango",8,2606,244,91,109,0,200,4,2,206,0,206,--,245,39,200,206,206,Algún campo sin dato,1,3ad9603fbd5d12332cccf0826e8e7056f9891f45a714017bbcf9450360452e95,25/06/2023 22:47:12,ESCANER