﻿TIPO_DE_ELECCIÓN:,CORPORACIÓN MUNICIPAL
26 junio 2023 00:28 (UTC -6)
ACTAS_ESPERADAS,ACTAS_CAPTURADAS,PORCENTAJE_ACTAS_CAPTURADAS,ACTAS_CONTABILIZADAS,PORCENTAJE_ACTAS_CONTABILIZADAS,ACTAS_NO_CONTABILIZADAS,LISTA_NOMINAL_ACTAS_CONTABILIZADAS,VOTOS_EMITIDOS_CONTABILIZADAS,PORCENTAJE_PARTICIPACIÓN_CIUDADANA
91,77,84.6153,77,84.6153,0,28949,19426,67.1042

MESA,DEPARTAMENTO,ID_DEPARTAMENTO,MUNICIPIO,ID_MUNICIPIO,CENTRO_DE_VOTACIÓN,PADRÓN,CABAL,VAMOS,AZUL,MLP,PODEMOS,TODOS,VIVA,VALOR,PHG,UNE,PPN,CAMBIO,UNIONISTA,VOS,URNG-MAIZ WINAQ,VÁLIDOS,NULOS,BLANCO,EMITIDOS,INVÁLIDOS,TOTAL,IMPUGNACIONES,PAPELETAS-RECIBIDAS,PAPELETAS-NO-USADAS,VALIDOS_CALCULADO,EMITIDOS_CALCULADO,TOTAL_CALCULADO,OBSERVACIONES,CONTABILIZADA,CÓDIGO_INTEGRIDAD,FECHA_HORA_PUBLICACIÓN,DIGITALIZACIÓN
6392,"Chimaltenango",3,"Patzún",7,679,400,101,33,6,14,9,7,15,1,0,29,3,3,24,9,30,284,11,1,296,0,296,--,400,104,284,296,296,Algún campo sin dato,1,83c2d36e0d9ee743f9438c0b2e7ef5b35cab894d17242bc67fda02b94e01ca2f,25/06/2023 23:20:33,ESCANER
6393,"Chimaltenango",3,"Patzún",7,679,400,,,,,,,,,,,,,,,,,,,,,,,,,,,,,0,,,
6394,"Chimaltenango",3,"Patzún",7,679,400,81,47,3,15,5,16,15,3,0,40,1,0,27,7,25,285,7,4,296,0,296,0,400,104,285,296,296,,1,c491983468909f82f7925e68cf1fd1f00e2dbd2258ac0f8f892fb365438fed2a,25/06/2023 22:30:39,ESCANER
6395,"Chimaltenango",3,"Patzún",7,679,400,108,43,12,10,5,10,10,1,4,45,2,2,11,10,28,301,5,3,309,0,309,0,400,91,301,309,309,,1,d75c3adb5e3740dcb5fd20e2a40cbe7e3e9efcf54dc31fb87e3fb20790fc47f1,25/06/2023 23:46:04,ESCANER
6396,"Chimaltenango",3,"Patzún",7,679,400,76,49,7,9,6,11,13,5,1,45,1,3,17,10,35,288,9,9,306,0,306,--,400,94,288,306,306,Algún campo sin dato,1,6baffc872dbbb5fedd80655e394426314b9af1bf4cbb3cf6dd75c4f42f7e47a0,25/06/2023 23:55:31,ESCANER
6397,"Chimaltenango",3,"Patzún",7,679,400,111,47,7,6,7,9,6,7,2,37,2,2,19,15,38,315,8,0,323,0,323,--,400,74,315,323,323,Algún campo sin dato,1,033954d260319c4018a0663b960777afb62995c128aa297bfa23a5e82c1eead4,25/06/2023 22:44:25,ESCANER
6398,"Chimaltenango",3,"Patzún",7,679,400,,,,,,,,,,,,,,,,,,,,,,,,,,,,,0,,,
6399,"Chimaltenango",3,"Patzún",7,679,400,,,,,,,,,,,,,,,,,,,,,,,,,,,,,0,,,
6400,"Chimaltenango",3,"Patzún",7,679,400,94,44,9,15,6,10,10,1,1,47,4,1,13,7,32,294,15,2,311,0,311,0,400,89,294,311,311,,1,9b785b686298a6bfcc927ac83f7065d3456d9b9b9ef46697bc76cf4f77526c23,25/06/2023 22:23:00,ESCANER
6401,"Chimaltenango",3,"Patzún",7,679,400,102,43,16,7,10,8,13,5,2,25,3,6,10,10,25,285,9,6,300,0,300,0,400,100,285,300,300,,1,5eab2090c5f76a55b5daae92f1888961f8c4cb76cfb18154d4c6e167eb8d23c3,25/06/2023 23:53:53,ESCANER
6402,"Chimaltenango",3,"Patzún",7,679,400,112,51,13,13,1,10,8,3,2,44,0,0,17,7,20,301,4,4,309,0,309,0,400,91,301,309,309,,1,0e54114aca9e80a83ffa3903e0fdbacd69ee6e53d5be062f67bcce53de446731,25/06/2023 23:37:56,ESCANER
6403,"Chimaltenango",3,"Patzún",7,679,400,100,41,10,10,11,15,9,5,2,31,7,3,20,10,24,298,9,2,309,0,309,0,400,91,298,309,309,,1,4f7069b543fc65e658c18871d6e66459b165d7a70772d1ccc5cd76aa5a188728,25/06/2023 23:33:57,ESCANER
6404,"Chimaltenango",3,"Patzún",7,679,400,87,54,11,8,10,11,10,5,1,38,5,0,15,4,25,284,12,3,299,0,299,0,400,101,284,299,299,,1,a4c2b13ba54cbc2f93c3fb2e7a950fd5fb74c897e616003317888310848cd1d6,26/06/2023 00:20:01,ESCANER
6405,"Chimaltenango",3,"Patzún",7,679,400,102,46,11,7,9,8,17,3,2,29,5,1,20,9,33,302,13,0,315,0,315,0,400,85,302,315,315,,1,3ecbe2005ff8980c6d27adc253f1f366602f0524c21937b30808060b502735df,26/06/2023 00:04:00,ESCANER
6406,"Chimaltenango",3,"Patzún",7,679,400,88,51,14,9,4,17,8,4,6,37,1,3,21,12,23,298,14,4,316,0,316,--,400,84,298,316,316,Algún campo sin dato,1,1af6f29619ddd608c94e9004c7ee05be28447f959d16fd0f3251933086e3cf7b,25/06/2023 23:07:35,ESCANER
6407,"Chimaltenango",3,"Patzún",7,679,400,100,28,4,8,6,11,13,5,2,28,2,2,16,9,35,269,7,1,277,0,277,0,400,123,269,277,277,,1,45622e81f47630bd7dfbe42b5995d256babd83a0cd3d5ea7a47a9ce6cb342ff0,26/06/2023 00:06:18,ESCANER
6408,"Chimaltenango",3,"Patzún",7,679,400,65,39,12,15,6,9,13,5,3,30,1,1,18,7,38,262,10,3,275,0,275,0,400,125,262,275,275,,1,2ea850a721a98b4eafa1b3011ec7220421a4fae78e81e4860384ac91e66a35f0,26/06/2023 00:09:53,ESCANER
6409,"Chimaltenango",3,"Patzún",7,679,400,81,35,18,11,17,12,8,6,5,42,1,3,15,8,23,285,3,1,289,0,289,0,400,111,285,289,289,,1,5d1b958b863e3dadbf1bea55602d554c1602ab5de28f5badab1ef75f797bca36,25/06/2023 23:11:09,ESCANER
6410,"Chimaltenango",3,"Patzún",7,679,400,,,,,,,,,,,,,,,,,,,,,,,,,,,,,0,,,
6411,"Chimaltenango",3,"Patzún",7,679,400,98,41,11,5,5,6,10,3,0,56,2,3,11,13,28,292,10,3,305,95,400,0,400,95,292,305,400,,1,e2234cb23167ac93d82201261aaf83589efe19a8ea27fd76f913133b4df62379,25/06/2023 23:01:43,ESCANER
6412,"Chimaltenango",3,"Patzún",7,679,400,101,43,3,10,9,13,8,4,2,34,3,0,18,7,22,277,14,5,296,0,296,--,400,104,277,296,296,Algún campo sin dato,1,ab6a7bf522b5ee8b9f3adda9766df5f76a2082644c99580c1c0993b6590b8fe9,25/06/2023 23:38:05,ESCANER
6413,"Chimaltenango",3,"Patzún",7,679,400,104,39,5,5,5,7,20,4,0,38,1,2,13,8,19,270,12,3,285,0,285,0,400,115,270,285,285,,1,72bd44478dd02bc5e182345630fb331ae5f09f2202f9a620e98c8a6e9e042d77,25/06/2023 23:03:40,ESCANER
6414,"Chimaltenango",3,"Patzún",7,679,400,100,43,11,18,8,9,11,4,5,39,2,5,12,8,22,297,4,2,303,0,303,0,400,97,297,303,303,,1,09070e8fbc4b33f4855e7e2399fb6a7b4d4ca5bee3d79ea1344d49b399ea3b8e,25/06/2023 23:14:12,ESCANER
6415,"Chimaltenango",3,"Patzún",7,679,400,83,43,5,8,10,8,6,2,1,54,2,1,15,9,27,274,4,6,284,0,284,--,400,116,274,284,284,Algún campo sin dato,1,8906bbe96ace12febce8e7fdd5029ed55a2fc054f8d1c7cc9fdbfb31602303f6,26/06/2023 00:04:38,ESCANER
6416,"Chimaltenango",3,"Patzún",7,679,400,84,37,13,9,6,8,12,6,4,38,1,4,22,8,19,271,8,4,283,0,283,--,400,117,271,283,283,Algún campo sin dato,1,bab3fc72f59404088c5801284bbda3001016029f68e1a8b115750e7d526afa42,25/06/2023 22:32:50,ESCANER
6417,"Chimaltenango",3,"Patzún",7,679,400,92,45,9,3,7,7,16,3,0,35,1,1,9,14,16,258,11,3,272,0,272,0,400,128,258,272,272,,1,629ccc1563abba16cfc0535225af37314d10c1a3500abc5945b3721361f8d156,25/06/2023 23:47:19,ESCANER
6418,"Chimaltenango",3,"Patzún",7,679,400,87,42,4,4,13,8,11,2,0,48,0,2,15,7,28,271,13,2,286,0,286,0,368,82,271,286,286,,1,83036bd745b650cd0c847e3fe24ed87da06bb343d3e3ac87fec29145b71aa90e,25/06/2023 22:39:23,ESCANER
6419,"Chimaltenango",3,"Patzún",7,680,400,69,27,4,10,12,4,15,8,1,46,3,2,17,8,24,250,8,2,260,0,260,--,399,139,250,260,260,Algún campo sin dato,1,5cdcec800544e94ad697efdbb562d6ca78ab7a35cef23e54b6c1ab711de814bc,25/06/2023 23:36:11,ESCANER
6420,"Chimaltenango",3,"Patzún",7,680,400,87,38,9,15,6,11,10,5,3,32,2,5,17,8,29,277,4,0,281,0,281,0,400,119,277,281,281,,1,23a3977e9d867e4007e125ed5133454df704af1770888efe3db9fd968205a448,26/06/2023 00:08:24,ESCANER
6421,"Chimaltenango",3,"Patzún",7,680,400,88,43,8,11,5,9,8,4,3,39,3,2,15,10,27,275,8,0,283,0,283,--,400,117,275,283,283,Algún campo sin dato,1,1c623f92043cadce028154e60c6564f4201821033d74b18cbd865cfc7a04feee,25/06/2023 23:20:10,ESCANER
6422,"Chimaltenango",3,"Patzún",7,680,400,99,43,5,9,5,8,4,6,3,30,0,1,13,7,28,261,5,2,268,0,268,--,400,132,261,268,268,Algún campo sin dato,1,95b32f076125686e3eb3e8ba7d0aff00a2b18526b21993a37159b802be105b20,25/06/2023 23:47:11,ESCANER
6423,"Chimaltenango",3,"Patzún",7,680,400,,,,,,,,,,,,,,,,,,,,,,,,,,,,,0,,,
6424,"Chimaltenango",3,"Patzún",7,680,400,92,40,13,8,3,7,19,9,4,24,1,3,15,13,26,277,3,0,280,0,280,--,400,120,277,280,280,Algún campo sin dato,1,ae4e5b1d27f26a3d274b6ae2a6e49e4c9223ee70a6c7a6ab5d6812d5c4445c25,25/06/2023 22:02:18,ESCANER
6425,"Chimaltenango",3,"Patzún",7,680,400,109,31,10,14,6,9,7,3,3,28,0,2,18,14,43,297,3,0,300,0,300,--,399,99,297,300,300,Algún campo sin dato,1,88dfbd706095898f1e133ea149d760845df0a658959ddaf23bff73e6c1c23b48,25/06/2023 22:21:25,ESCANER
6426,"Chimaltenango",3,"Patzún",7,680,400,105,35,4,5,7,5,20,8,0,48,1,3,12,16,32,301,7,0,308,0,308,--,400,92,301,308,308,Algún campo sin dato,1,fc858c5d4bf0fb3ec887533df085685e9e06813f28d910c50b5a3f569f17617e,25/06/2023 23:13:08,ESCANER
6427,"Chimaltenango",3,"Patzún",7,680,226,42,20,2,4,3,9,8,4,1,26,1,0,10,13,19,162,4,0,166,0,166,--,226,60,162,166,166,Algún campo sin dato,1,ffe79225a43059a13d2994c93950a982a00c42e932265feea161941237e98f13,25/06/2023 22:43:46,ESCANER
6428,"Chimaltenango",3,"Patzún",7,680,226,30,19,3,5,3,6,4,3,0,18,1,0,8,8,9,117,0,1,118,0,118,0,226,108,117,118,118,,1,06d231d94623bf9cd888d078965a7895e5660736ce79c60f30592f89ea6caeaa,25/06/2023 22:27:56,ESCANER
6429,"Chimaltenango",3,"Patzún",7,681,400,39,99,1,8,3,16,6,5,1,48,2,1,25,3,13,270,11,6,287,0,287,0,431,161,270,287,287,,1,509981241fb193ba5c7cdf4d5bccf7fb84c4fada1883602ed05e66cffa56ed3b,25/06/2023 23:18:33,ESCANER
6430,"Chimaltenango",3,"Patzún",7,681,400,,,,,,,,,,,,,,,,,,,,,,,,,,,,,0,,,
6431,"Chimaltenango",3,"Patzún",7,681,400,,,,,,,,,,,,,,,,,,,,,,,,,,,,,0,,,
6432,"Chimaltenango",3,"Patzún",7,681,400,43,85,2,15,7,15,5,5,0,43,2,3,21,5,16,267,9,15,291,0,291,1,396,104,267,291,291,,1,94c01a4064ad3ad2ebd338621df6776a7a1344503efbd23ed7caf603df083dda,25/06/2023 23:16:27,ESCANER
6433,"Chimaltenango",3,"Patzún",7,681,400,,,,,,,,,,,,,,,,,,,,,,,,,,,,,0,,,
6434,"Chimaltenango",3,"Patzún",7,681,400,35,69,0,10,8,15,6,7,3,60,1,1,32,4,10,261,9,4,274,0,274,0,400,126,261,274,274,,1,1042b1c773fdb76b03c4f89cad2218590d2c697d2f55dd7d5705f657f5590c21,26/06/2023 00:17:41,ESCANER
6435,"Chimaltenango",3,"Patzún",7,681,400,38,65,0,14,7,14,7,6,1,44,2,0,23,3,14,238,9,4,251,0,251,0,390,139,238,251,251,,1,a93b7e049ba4295b367f9ac3e9b583856a4dbbb51c21b24a689e620a1b791a48,25/06/2023 23:28:54,ESCANER
6436,"Chimaltenango",3,"Patzún",7,681,400,36,56,2,4,3,10,5,1,0,43,3,1,24,3,12,203,17,7,227,0,227,0,400,173,203,227,227,,1,f8d8ca8de0fcf40a8845ce357c1a2752c1b6359a22797b0b91a66a8b8a60306e,25/06/2023 23:26:23,ESCANER
6437,"Chimaltenango",3,"Patzún",7,681,400,28,88,2,4,7,12,4,6,1,44,0,0,32,4,11,243,5,5,253,0,253,0,400,147,243,253,253,,1,c302b4f18ca1f39e4438f59545051f7c2759001ba113482e4512ac92efdf058f,25/06/2023 23:12:57,ESCANER
6438,"Chimaltenango",3,"Patzún",7,681,298,49,47,1,10,2,18,9,4,1,36,1,0,16,2,9,205,1,0,206,0,206,0,298,92,205,206,206,,1,cfe8046be4cfca233704f966fcec52a81ea2cd7fd374fb478a1ccbe53b19532f,25/06/2023 22:12:21,ESCANER
6439,"Chimaltenango",3,"Patzún",7,681,298,23,53,0,5,11,10,5,4,0,40,1,1,15,4,10,182,3,1,186,0,186,--,298,112,182,186,186,Algún campo sin dato,1,a71f763c679c54cb708b1ec817999ed87a6b00c0d8ac01d1ca2cb61d05140070,25/06/2023 22:10:04,ESCANER
6440,"Chimaltenango",3,"Patzún",7,682,380,12,159,3,0,3,6,4,2,0,61,0,0,20,1,7,278,10,5,293,0,293,0,380,87,278,293,293,,1,920c688ef73106020e76b096daebf5561e29019863ca5f98dadbcf32c1272631,25/06/2023 22:58:25,ESCANER
6441,"Chimaltenango",3,"Patzún",7,682,380,10,128,9,3,4,7,6,1,2,45,1,0,35,0,12,263,8,2,273,0,273,0,380,107,263,273,273,,1,7e937bb16df7b8d19cc7270c56405625d7d1246e0b483fba800801e66ad62b82,25/06/2023 23:05:42,ESCANER
6442,"Chimaltenango",3,"Patzún",7,682,380,,,,,,,,,,,,,,,,,,,,,,,,,,,,,0,,,
6443,"Chimaltenango",3,"Patzún",7,682,380,,,,,,,,,,,,,,,,,,,,,,,,,,,,,0,,,
6444,"Chimaltenango",3,"Patzún",7,682,380,,,,,,,,,,,,,,,,,,,,,,,,,,,,,0,,,
6445,"Chimaltenango",3,"Patzún",7,682,226,11,66,2,2,2,4,5,1,3,24,0,0,15,1,5,141,2,0,143,0,143,0,226,83,141,143,143,,1,dd3adfd3a998a74539a72b04f85167bae211045b9f8a08703f679477f00a4bd4,25/06/2023 22:37:31,ESCANER
6446,"Chimaltenango",3,"Patzún",7,682,226,9,81,1,0,2,3,4,2,0,22,0,0,14,2,2,142,4,2,148,0,148,0,224,74,142,148,148,,1,ea1577a6759b42b3b57420e34fda8f19a3c0c4b65849a1f6d8a7811a77a6684e,25/06/2023 22:26:37,ESCANER
6447,"Chimaltenango",3,"Patzún",7,683,380,5,73,3,0,14,10,6,1,0,43,1,0,91,1,1,249,4,2,255,0,255,--,380,125,249,255,255,Algún campo sin dato,1,de394e8a969e7ad714b099fc90437650300bfe8774c22c3490a99dd1f75c4f2e,25/06/2023 22:45:38,ESCANER
6448,"Chimaltenango",3,"Patzún",7,683,380,12,47,0,1,18,6,2,1,1,39,0,0,103,2,3,235,11,10,256,0,256,0,380,124,235,256,256,,1,9fef160a1e46e778d9b71d218d74eab148b36f55064eedadf2f5f8ea6c531102,25/06/2023 22:58:09,ESCANER
6449,"Chimaltenango",3,"Patzún",7,683,380,6,55,0,2,11,6,3,0,1,57,0,0,111,1,2,255,10,4,269,0,269,--,380,111,255,269,269,Algún campo sin dato,1,f67549eebd7d6a1fa305dc066140b157ff132e9f75d7a1477ffd8340a5e2b56f,25/06/2023 23:26:04,ESCANER
6450,"Chimaltenango",3,"Patzún",7,683,380,5,79,2,0,6,8,6,0,1,38,1,0,106,0,4,256,14,6,276,0,276,0,380,104,256,276,276,,1,93565a5936c2e91acc60487ee5cec0d0f0e6b9bdfe567df0ad53d629fe373627,25/06/2023 23:36:58,ESCANER
6451,"Chimaltenango",3,"Patzún",7,683,380,14,55,5,2,8,6,3,1,0,30,1,2,118,0,1,246,6,3,255,0,255,0,376,121,246,255,255,,1,4c3be93e9193300b56a10338f1fcdc990809b9729e173fdcf276db4dd284eb30,25/06/2023 22:18:23,ESCANER
6452,"Chimaltenango",3,"Patzún",7,683,380,6,73,3,2,18,3,3,0,0,35,0,0,93,0,3,239,12,3,254,0,254,0,380,126,239,254,254,,1,883285cf6d9cd8c8ba3f269795c0cf67d633706540c5dec263519389df27d4d8,25/06/2023 23:57:24,ESCANER
6453,"Chimaltenango",3,"Patzún",7,683,380,7,78,0,0,7,8,5,2,0,46,0,0,103,1,4,261,11,4,276,0,276,--,380,104,261,276,276,Algún campo sin dato,1,ef7eb1fec3f20741784480ad413b30e152014e0a9830109b7a208f5115b3e1ec,25/06/2023 23:17:12,ESCANER
6454,"Chimaltenango",3,"Patzún",7,683,380,11,63,3,0,7,11,6,2,0,47,1,0,94,1,3,249,3,4,256,0,256,0,380,124,249,256,256,,1,60eef34d71179111c4b87b91ae2b6ae5ffd55e307e74ecbf73a9a8b93916a938,26/06/2023 00:17:50,ESCANER
6455,"Chimaltenango",3,"Patzún",7,683,380,8,59,0,3,14,6,3,1,0,41,0,0,98,1,2,236,4,1,241,0,241,0,--,--,236,241,241,Algún campo sin dato,1,ebaa0aeffc65dffbab12e001fc194913f8ef82d881bb451ff62e162ad351917b,25/06/2023 23:45:23,ESCANER
6456,"Chimaltenango",3,"Patzún",7,683,380,9,50,2,2,8,4,2,2,0,48,0,0,85,1,5,218,8,5,231,0,231,--,380,149,218,231,231,Algún campo sin dato,1,a6ffe278a46a3be49fa4c50764fa84401922309ec66b063c3250578062ee424d,26/06/2023 00:04:19,ESCANER
6457,"Chimaltenango",3,"Patzún",7,683,380,,,,,,,,,,,,,,,,,,,,,,,,,,,,,0,,,
6458,"Chimaltenango",3,"Patzún",7,683,380,,,,,,,,,,,,,,,,,,,,,,,,,,,,,0,,,
6459,"Chimaltenango",3,"Patzún",7,683,380,8,55,4,4,7,5,5,1,0,49,2,0,92,1,4,237,9,2,248,0,248,--,380,132,237,248,248,Algún campo sin dato,1,0c5142fcbe494c8e147f09672d82ce26e539f22167daa787c75931fce842f41f,25/06/2023 21:22:45,ESCANER
6460,"Chimaltenango",3,"Patzún",7,683,380,11,58,2,1,13,4,6,1,0,34,0,0,85,1,3,219,9,4,232,0,232,0,380,148,219,232,232,,1,c4a64862bf93d5246cbce0b3b0cabd1b28f83a9ba1f53eb161c26f927a913c19,25/06/2023 22:33:24,ESCANER
6461,"Chimaltenango",3,"Patzún",7,683,380,8,52,0,2,14,3,1,1,0,45,0,0,107,0,3,236,6,1,243,0,243,--,380,137,236,243,243,Algún campo sin dato,1,72cc396ff19f32cabf4ec213d1d2762808b029a1b4159453daf6a7b40af76c54,25/06/2023 22:11:57,ESCANER
6462,"Chimaltenango",3,"Patzún",7,683,380,7,52,0,1,11,6,2,1,1,60,0,0,109,0,4,254,1,1,256,1,257,0,380,123,254,256,257,,1,6583adc3bb9c86ae91a03e101ed28d9728270b369c27e10c8d621a969cea0dc6,25/06/2023 23:39:41,ESCANER
6463,"Chimaltenango",3,"Patzún",7,683,380,10,58,0,0,8,2,1,0,0,38,1,0,126,0,3,247,5,1,253,0,253,0,253,127,247,253,253,,1,5a7151665decd1a6bdb4087bd3cd3d3fe4371cdd094b21519f900359488277cd,25/06/2023 22:37:35,ESCANER
6464,"Chimaltenango",3,"Patzún",7,683,380,11,61,1,1,8,5,1,1,0,36,0,0,127,1,2,255,2,0,257,0,257,0,380,123,255,257,257,,1,b3f158450a7b1011f5600ca7350a4b4836c8e99fd9141c7c4c102bcfdab53aaa,25/06/2023 23:48:02,ESCANER
6465,"Chimaltenango",3,"Patzún",7,683,204,3,28,0,0,8,3,2,0,0,26,0,0,62,0,0,132,4,1,137,0,137,0,204,67,132,137,137,,1,25cc3b940fe57002b5fedecf3a0605a8c024c181befb7e14f79bdb7db98c3ecb,25/06/2023 23:14:28,ESCANER
6466,"Chimaltenango",3,"Patzún",7,683,204,4,24,1,0,6,1,2,0,0,27,0,0,58,0,0,123,2,2,127,0,127,0,204,77,123,127,127,,1,1d9be009a31302ad6e528d8cfd1cdb0a02d5301586ae6c56d11284067c6111ac,25/06/2023 21:32:00,ESCANER
6467,"Chimaltenango",3,"Patzún",7,684,380,13,71,1,2,4,14,2,0,0,75,3,1,9,1,8,204,15,7,226,0,226,0,380,154,204,226,226,,1,a2d13376265e40ffd64f3085c93af06864a4855674f56df68c8b42a64e80c63c,25/06/2023 22:15:48,ESCANER
6468,"Chimaltenango",3,"Patzún",7,684,380,20,66,2,3,2,14,5,3,0,96,3,1,18,2,7,242,13,4,259,0,259,0,381,122,242,259,259,,1,0e1d432ac3a5cad3e27b74772d47a6f201dfd5754e3d29dfa857a179c4975330,25/06/2023 22:01:20,ESCANER
6469,"Chimaltenango",3,"Patzún",7,684,380,18,95,1,3,4,10,3,2,2,90,5,0,14,2,8,257,16,6,279,0,279,0,380,101,257,279,279,,1,ec7997546e72fbc41d3ae7eb8ff0c25ce510226f6666191e1b91d5d85f4b0e35,26/06/2023 00:13:49,ESCANER
6470,"Chimaltenango",3,"Patzún",7,684,380,26,86,1,4,3,9,7,4,0,63,2,1,14,3,15,238,9,4,251,0,251,0,380,129,238,251,251,,1,de4b1a6645efbb091423b48df0a922fa446e024642c74aad36d36729ef334a62,25/06/2023 23:26:24,ESCANER
6471,"Chimaltenango",3,"Patzún",7,684,380,19,73,2,1,6,15,1,1,1,66,2,0,15,1,18,221,10,3,234,0,234,0,376,142,221,234,234,,1,bee99010a08d4036ba5842edf06d477b5fb4e675bc487c1214644e44b5ab7b0b,25/06/2023 22:54:07,ESCANER
6472,"Chimaltenango",3,"Patzún",7,684,380,20,87,11,8,4,21,2,6,1,69,4,0,11,1,16,261,11,4,276,0,276,--,380,104,261,276,276,Algún campo sin dato,1,3576c50f7696905ab93c2415426f9a12da93b69a18f10d164cd594123dfe00d1,25/06/2023 23:16:05,ESCANER
6473,"Chimaltenango",3,"Patzún",7,684,380,18,65,1,1,5,13,7,3,0,74,0,0,10,1,13,211,3,2,216,0,216,0,380,164,211,216,216,,1,95b6bb558e0ad0f9eb5310fc5e9a0c4ed833ab9ca6b3c5212550819de52b77b2,25/06/2023 21:50:35,ESCANER
6474,"Chimaltenango",3,"Patzún",7,684,380,16,80,3,3,0,16,6,2,0,88,3,1,10,1,18,247,6,6,259,0,259,0,376,117,247,259,259,,1,b31e78402d66cd0986638a6c3e9deb797a2478f3f6439266b7172af075c473c3,26/06/2023 00:07:29,ESCANER
6475,"Chimaltenango",3,"Patzún",7,684,380,17,56,0,5,4,7,4,3,0,74,0,0,18,1,16,205,12,3,220,0,220,0,380,160,205,220,220,,1,e3c8e1e8185978d8c2dac44027afac169d0caaa39ad864da7028dcbe1b7dc03a,26/06/2023 00:10:23,ESCANER
6476,"Chimaltenango",3,"Patzún",7,684,380,19,73,2,1,3,10,3,1,0,65,2,1,19,0,14,213,8,2,223,0,223,0,380,157,213,223,223,,1,66807dd61d468a661cc6e4945208f88c1e43c7111b492b211a2916965f008186,25/06/2023 22:57:02,ESCANER
6477,"Chimaltenango",3,"Patzún",7,684,380,11,75,2,5,1,12,3,1,0,85,1,0,20,2,9,227,6,1,234,0,234,0,380,146,227,234,234,,1,c6608dbd67b67bf76bedcf27405dab31d8a51de786a57739fec31fde1196a9a4,25/06/2023 23:53:04,ESCANER
6478,"Chimaltenango",3,"Patzún",7,684,272,,,,,,,,,,,,,,,,,,,,,,,,,,,,,0,,,
6479,"Chimaltenango",3,"Patzún",7,684,272,14,41,4,2,3,6,3,0,11,47,1,0,0,0,4,136,1,2,139,0,139,--,272,133,136,139,139,Algún campo sin dato,1,be797ccb2fec337ca678603a20f6becb50d96fe15ede93fcce14465cffdb0bfb,25/06/2023 21:30:19,ESCANER
6480,"Chimaltenango",3,"Patzún",7,685,600,51,19,5,3,3,3,9,2,1,19,5,1,8,3,14,146,7,3,156,0,156,0,--,442,146,156,156,Algún campo sin dato,1,cc6236660b87c14ad4fbb35f6f19f4809047616b06e83fe6c40b930001ff3c12,25/06/2023 22:54:06,ESCANER
6481,"Chimaltenango",3,"Patzún",7,685,375,45,9,4,9,4,2,4,1,1,9,1,1,5,4,12,111,7,2,120,0,120,--,375,255,111,120,120,Algún campo sin dato,1,723f154477a2321076fca8586d8940894deca81ba4bd11aea5f018d6bec3836b,25/06/2023 23:15:12,ESCANER
6482,"Chimaltenango",3,"Patzún",7,685,374,29,6,2,2,4,5,2,1,3,7,1,2,2,2,2,70,2,0,72,0,72,0,374,302,70,72,72,,1,85de9eb967bbd8ffc995febd0c178f774be02addd9be7656933e85ebbe28b29d,25/06/2023 21:30:33,ESCANER