﻿TIPO_DE_ELECCIÓN:,CORPORACIÓN MUNICIPAL
26 junio 2023 00:28 (UTC -6)
ACTAS_ESPERADAS,ACTAS_CAPTURADAS,PORCENTAJE_ACTAS_CAPTURADAS,ACTAS_CONTABILIZADAS,PORCENTAJE_ACTAS_CONTABILIZADAS,ACTAS_NO_CONTABILIZADAS,LISTA_NOMINAL_ACTAS_CONTABILIZADAS,VOTOS_EMITIDOS_CONTABILIZADAS,PORCENTAJE_PARTICIPACIÓN_CIUDADANA
41,22,53.6585,22,53.6585,0,8150,5276,64.7361

MESA,DEPARTAMENTO,ID_DEPARTAMENTO,MUNICIPIO,ID_MUNICIPIO,CENTRO_DE_VOTACIÓN,PADRÓN,CABAL,PODEMOS,VALOR,MLP,VICTORIA,PPN,VAMOS,UNIONISTA,CAMBIO,UNE,VÁLIDOS,NULOS,BLANCO,EMITIDOS,INVÁLIDOS,TOTAL,IMPUGNACIONES,PAPELETAS-RECIBIDAS,PAPELETAS-NO-USADAS,VALIDOS_CALCULADO,EMITIDOS_CALCULADO,TOTAL_CALCULADO,OBSERVACIONES,CONTABILIZADA,CÓDIGO_INTEGRIDAD,FECHA_HORA_PUBLICACIÓN,DIGITALIZACIÓN
6769,"Chimaltenango",3,"El Tejar",16,730,400,68,16,8,3,7,5,130,19,4,19,279,15,6,300,0,300,--,400,100,279,300,300,Algún campo sin dato,1,0c96984fde7d48c9f6eb26f69a3ff0cb28ea15f0a1857093226a37cb179c840b,25/06/2023 23:21:52,ESCANER
6770,"Chimaltenango",3,"El Tejar",16,730,400,66,15,8,7,3,4,126,21,2,14,266,17,4,287,0,287,--,380,93,266,287,287,Algún campo sin dato,1,ada3697f0761077a5c16da86339907b37cecdd9995b8b4215d1dca950b3cdc7d,26/06/2023 00:16:10,ESCANER
6771,"Chimaltenango",3,"El Tejar",16,730,400,48,14,10,7,6,7,141,14,3,13,263,16,1,280,0,280,--,400,120,263,280,280,Algún campo sin dato,1,cdb62d1e49966d5315cf9b72dea6d05ab65bb491a5870603cca02fa740531b4e,25/06/2023 22:51:26,ESCANER
6772,"Chimaltenango",3,"El Tejar",16,730,400,,,,,,,,,,,,,,,,,,,,,,,,0,,,
6773,"Chimaltenango",3,"El Tejar",16,730,400,,,,,,,,,,,,,,,,,,,,,,,,0,,,
6774,"Chimaltenango",3,"El Tejar",16,730,400,67,7,6,9,8,7,129,19,3,13,268,15,1,284,0,284,--,380,96,268,284,284,Algún campo sin dato,1,be136f52b967e42e49a0106a947a650f6bbf4ea770452b9e6e66c9c48977a753,26/06/2023 00:26:37,ESCANER
6775,"Chimaltenango",3,"El Tejar",16,730,400,,,,,,,,,,,,,,,,,,,,,,,,0,,,
6776,"Chimaltenango",3,"El Tejar",16,730,400,,,,,,,,,,,,,,,,,,,,,,,,0,,,
6777,"Chimaltenango",3,"El Tejar",16,730,400,61,8,11,8,4,5,115,21,2,11,246,9,1,256,0,256,--,400,144,246,256,256,Algún campo sin dato,1,0dd96cc26198dca69bb1b81706a2fa651864d6c628ea9e3e6949c6166f28f91b,25/06/2023 23:02:13,ESCANER
6778,"Chimaltenango",3,"El Tejar",16,730,400,50,13,9,1,7,2,129,13,2,5,231,11,1,243,0,243,--,380,137,231,243,243,Algún campo sin dato,1,c910ea05fd589bfddb6014fd59e1b7d24cec4258b490827102ea49b07eb1a29f,25/06/2023 22:03:53,ESCANER
6779,"Chimaltenango",3,"El Tejar",16,730,400,60,17,12,3,7,16,123,16,1,12,257,12,4,273,0,273,--,400,127,267,283,283,Sumas Asentadas sin cuadrar,1,9a223cf7896aea589ccc9c5ae2166ae24645fa67b6074e90ec8a8d50778f1340,26/06/2023 00:17:04,ESCANER
6780,"Chimaltenango",3,"El Tejar",16,730,400,54,6,11,3,10,2,122,15,4,18,245,14,1,260,0,260,--,376,116,245,260,260,Algún campo sin dato,1,e78392aae013e4b7bb63e097cda2945fa7402e1dec9ea11c51694fe3f8f072fb,25/06/2023 22:28:54,ESCANER
6781,"Chimaltenango",3,"El Tejar",16,730,400,,,,,,,,,,,,,,,,,,,,,,,,0,,,
6782,"Chimaltenango",3,"El Tejar",16,730,400,,,,,,,,,,,,,,,,,,,,,,,,0,,,
6783,"Chimaltenango",3,"El Tejar",16,731,400,62,14,15,3,10,3,116,14,0,10,247,16,3,266,1,267,1,400,133,247,266,267,,1,d15155b0fc754b5eb6edcc4e242174a68ebcc122618b756194351cdf033fb074,26/06/2023 00:12:54,ESCANER
6784,"Chimaltenango",3,"El Tejar",16,731,400,52,16,6,5,6,2,130,18,3,15,253,16,2,271,0,271,--,380,109,253,271,271,Algún campo sin dato,1,ee6fbc13c62a0bd6d8639ed40b4ddffb016cfab05af8cb28b111d11758550186,25/06/2023 23:36:43,ESCANER
6785,"Chimaltenango",3,"El Tejar",16,731,400,,,,,,,,,,,,,,,,,,,,,,,,0,,,
6786,"Chimaltenango",3,"El Tejar",16,731,400,,,,,,,,,,,,,,,,,,,,,,,,0,,,
6787,"Chimaltenango",3,"El Tejar",16,731,400,60,15,7,1,9,0,119,17,0,23,251,16,0,267,0,267,--,400,133,251,267,267,Algún campo sin dato,1,8782bc9aac95ae42cae058e8c718d681684f7bb5a5190bd70dfebaddc9c5b8d4,25/06/2023 23:02:43,ESCANER
6788,"Chimaltenango",3,"El Tejar",16,731,400,,,,,,,,,,,,,,,,,,,,,,,,0,,,
6789,"Chimaltenango",3,"El Tejar",16,731,400,45,14,7,4,4,4,131,14,4,19,246,9,1,256,0,256,--,400,144,246,256,256,Algún campo sin dato,1,556c456382182195d4387b6397f14111eacd0e6d19847c74660225fa9c5288f0,26/06/2023 00:03:21,ESCANER
6790,"Chimaltenango",3,"El Tejar",16,732,400,,,,,,,,,,,,,,,,,,,,,,,,0,,,
6791,"Chimaltenango",3,"El Tejar",16,732,400,72,9,7,7,6,4,122,14,2,18,261,7,1,269,0,269,--,400,131,261,269,269,Algún campo sin dato,1,cfc4f59199765973168bf2dd6a1196d985e1701f034babda1ebc4133e17c7560,25/06/2023 23:08:37,ESCANER
6792,"Chimaltenango",3,"El Tejar",16,732,400,,,,,,,,,,,,,,,,,,,,,,,,0,,,
6793,"Chimaltenango",3,"El Tejar",16,732,400,86,7,12,3,4,2,119,18,3,15,269,10,2,281,0,281,--,400,119,269,281,281,Algún campo sin dato,1,691e5db84c5f400cf1d284af000fdaa24925876424ba81582fab9fa80e79c5f2,25/06/2023 23:29:58,ESCANER
6794,"Chimaltenango",3,"El Tejar",16,732,203,31,4,7,1,3,1,62,7,0,6,122,5,1,128,0,128,--,203,75,122,128,128,Algún campo sin dato,1,fd9d16aa8ab03ebe19fd2ed02a3ac7c91b12d74e1c0564e733ccc111fe02acda,25/06/2023 21:02:27,ESCANER
6795,"Chimaltenango",3,"El Tejar",16,732,202,31,6,7,3,2,0,40,12,0,4,105,4,0,109,0,109,--,202,93,105,109,109,Algún campo sin dato,1,17c04c80fea535ded278269210a2080aede93b0a8f7cf1ae4b52e0f432396025,25/06/2023 21:36:47,ESCANER
6796,"Chimaltenango",3,"El Tejar",16,733,356,40,6,6,2,3,0,135,5,0,13,210,6,1,217,0,217,--,356,139,210,217,217,Algún campo sin dato,1,2c1b2f8de10109e8e272ad0c559cbb71d8d3a12f52dd87722f2d0977c0a65f44,25/06/2023 22:58:34,ESCANER
6797,"Chimaltenango",3,"El Tejar",16,734,380,,,,,,,,,,,,,,,,,,,,,,,,0,,,
6798,"Chimaltenango",3,"El Tejar",16,734,380,,,,,,,,,,,,,,,,,,,,,,,,0,,,
6799,"Chimaltenango",3,"El Tejar",16,734,380,,,,,,,,,,,,,,,,,,,,,,,,0,,,
6800,"Chimaltenango",3,"El Tejar",16,734,380,,,,,,,,,,,,,,,,,,,,,,,,0,,,
6801,"Chimaltenango",3,"El Tejar",16,734,380,,,,,,,,,,,,,,,,,,,,,,,,0,,,
6802,"Chimaltenango",3,"El Tejar",16,734,380,,,,,,,,,,,,,,,,,,,,,,,,0,,,
6803,"Chimaltenango",3,"El Tejar",16,734,380,,,,,,,,,,,,,,,,,,,,,,,,0,,,
6804,"Chimaltenango",3,"El Tejar",16,734,380,,,,,,,,,,,,,,,,,,,,,,,,0,,,
6805,"Chimaltenango",3,"El Tejar",16,734,380,60,15,9,3,1,2,104,7,2,5,208,12,3,223,0,223,--,380,158,208,223,223,Algún campo sin dato,1,b696a0385676ac567b81924491517c89c17c285ba61eb71c29d83edca1484216,25/06/2023 23:43:32,ESCANER
6806,"Chimaltenango",3,"El Tejar",16,735,380,91,11,8,9,2,1,105,10,4,7,248,7,3,258,0,258,--,380,122,248,258,258,Algún campo sin dato,1,3f5a5e33f0716fb5868f41f5e79ad5692612623be82ea3be64109adac765ebcf,25/06/2023 23:55:04,ESCANER
6807,"Chimaltenango",3,"El Tejar",16,735,290,75,6,3,3,7,2,70,10,1,8,185,5,0,190,0,190,--,290,100,185,190,190,Algún campo sin dato,1,dfc5d26fd6711e7a892ddad227955c4417a70eb143fb2aca62d32fc0a2a5c957,25/06/2023 23:46:17,ESCANER
6808,"Chimaltenango",3,"El Tejar",16,735,289,63,9,7,4,4,1,76,1,0,7,172,6,1,179,0,179,--,289,110,172,179,179,Algún campo sin dato,1,9c512a9578efa281136ea5b6c44870b23fe7e51cf4058c5444141cdbdc3f6f9b,26/06/2023 00:07:11,ESCANER
6809,"Chimaltenango",3,"El Tejar",16,736,450,37,7,9,3,6,3,61,15,2,20,163,6,0,169,281,450,--,450,281,163,169,450,Algún campo sin dato,1,484f71f9bef5cba350be0aa618b917fdc23559a3636f42e524461ceb0858131f,26/06/2023 00:22:45,ESCANER