﻿TIPO_DE_ELECCIÓN:,CORPORACIÓN MUNICIPAL
26 junio 2023 00:28 (UTC -6)
ACTAS_ESPERADAS,ACTAS_CAPTURADAS,PORCENTAJE_ACTAS_CAPTURADAS,ACTAS_CONTABILIZADAS,PORCENTAJE_ACTAS_CONTABILIZADAS,ACTAS_NO_CONTABILIZADAS,LISTA_NOMINAL_ACTAS_CONTABILIZADAS,VOTOS_EMITIDOS_CONTABILIZADAS,PORCENTAJE_PARTICIPACIÓN_CIUDADANA
48,18,37.5000,18,37.5000,0,7249,2657,36.6533

MESA,DEPARTAMENTO,ID_DEPARTAMENTO,MUNICIPIO,ID_MUNICIPIO,CENTRO_DE_VOTACIÓN,PADRÓN,AZUL,CABAL,MLP,VAMOS,PPN,VIVA,TODOS,U R N G - MAIZ,VOS,VALOR UNIONISTA,VÁLIDOS,NULOS,BLANCO,EMITIDOS,INVÁLIDOS,TOTAL,IMPUGNACIONES,PAPELETAS-RECIBIDAS,PAPELETAS-NO-USADAS,VALIDOS_CALCULADO,EMITIDOS_CALCULADO,TOTAL_CALCULADO,OBSERVACIONES,CONTABILIZADA,CÓDIGO_INTEGRIDAD,FECHA_HORA_PUBLICACIÓN,DIGITALIZACIÓN
10786,"Quetzaltenango",9,"San Carlos Sija",4,1432,400,,,,,,,,,,,,,,,,,,,,,,,,0,,,
10787,"Quetzaltenango",9,"San Carlos Sija",4,1432,400,27,39,0,20,40,15,7,9,2,50,209,12,3,224,0,224,--,400,176,209,224,224,Algún campo sin dato,1,cd828527d573aa4847d5a27237d5dd7fed1e413023fd2e0194b7fcb288a9ab03,25/06/2023 23:58:44,ESCANER
10788,"Quetzaltenango",9,"San Carlos Sija",4,1432,400,19,43,1,23,27,7,5,8,1,71,205,16,6,227,0,227,--,400,173,205,227,227,Algún campo sin dato,1,8371cdd1a34922722be882f107bf9e9c0de8d7e175e9a7402c39b8933a675409,26/06/2023 00:18:40,ESCANER
10789,"Quetzaltenango",9,"San Carlos Sija",4,1432,400,25,45,1,29,30,11,1,14,2,57,215,14,3,0,0,232,--,--,--,215,232,232,Algún campo sin dato,1,aa23646c53b322795af588a129b116d5ba8c969cdcbee32e616ed1967e1ff7da,26/06/2023 00:21:34,ESCANER
10790,"Quetzaltenango",9,"San Carlos Sija",4,1432,400,,,,,,,,,,,,,,,,,,,,,,,,0,,,
10791,"Quetzaltenango",9,"San Carlos Sija",4,1432,400,,,,,,,,,,,,,,,,,,,,,,,,0,,,
10792,"Quetzaltenango",9,"San Carlos Sija",4,1432,400,15,46,1,16,50,7,6,4,3,52,200,7,6,213,0,213,--,400,187,200,213,213,Algún campo sin dato,1,33dfaa041e9022a92d748b9f884112606796f9cf380bef7e2035e30ff1faa887,26/06/2023 00:24:14,ESCANER
10793,"Quetzaltenango",9,"San Carlos Sija",4,1432,400,,,,,,,,,,,,,,,,,,,,,,,,0,,,
10794,"Quetzaltenango",9,"San Carlos Sija",4,1433,400,24,44,1,29,37,2,3,10,5,42,197,7,7,211,0,211,--,400,189,197,211,211,Algún campo sin dato,1,cda54485927910def1547aa10e4069828ae79371a72e0c1efe633477aa19ee89,25/06/2023 23:57:45,ESCANER
10795,"Quetzaltenango",9,"San Carlos Sija",4,1433,400,29,36,0,29,29,9,2,11,0,46,191,7,1,199,0,199,--,400,201,191,199,199,Algún campo sin dato,1,e94db83c73bb4cf5f3eebd4df8bc8507045405cf8bda6cfb380ad83401b849f0,25/06/2023 22:38:01,ESCANER
10796,"Quetzaltenango",9,"San Carlos Sija",4,1433,310,,,,,,,,,,,,,,,,,,,,,,,,0,,,
10797,"Quetzaltenango",9,"San Carlos Sija",4,1433,309,13,27,1,12,19,1,3,6,2,28,112,2,1,115,0,115,--,309,194,112,115,115,Algún campo sin dato,1,f021cc330d046a6be06d4fa8117e5e1b0e1d4b1ef5d1cbf400f3946b13a30a4a,25/06/2023 23:54:00,ESCANER
10798,"Quetzaltenango",9,"San Carlos Sija",4,1434,380,,,,,,,,,,,,,,,,,,,,,,,,0,,,
10799,"Quetzaltenango",9,"San Carlos Sija",4,1434,380,,,,,,,,,,,,,,,,,,,,,,,,0,,,
10800,"Quetzaltenango",9,"San Carlos Sija",4,1434,380,,,,,,,,,,,,,,,,,,,,,,,,0,,,
10801,"Quetzaltenango",9,"San Carlos Sija",4,1434,380,,,,,,,,,,,,,,,,,,,,,,,,0,,,
10802,"Quetzaltenango",9,"San Carlos Sija",4,1434,194,,,,,,,,,,,,,,,,,,,,,,,,0,,,
10803,"Quetzaltenango",9,"San Carlos Sija",4,1434,193,,,,,,,,,,,,,,,,,,,,,,,,0,,,
10804,"Quetzaltenango",9,"San Carlos Sija",4,1435,380,3,21,0,39,8,1,15,3,0,41,131,13,2,146,0,146,--,380,234,131,146,146,Algún campo sin dato,1,fad9d1f3d7228c68113df2c2ad69ad726ead7ad191b89a008076ae290b5674ef,25/06/2023 22:55:54,ESCANER
10805,"Quetzaltenango",9,"San Carlos Sija",4,1435,380,4,21,1,67,18,0,16,5,2,32,166,8,9,183,2,185,--,380,195,166,183,185,Algún campo sin dato,1,d1f604def4baa9a3c6a6fe83ad164b8c33e31faea1b47f31d2fae0ab556d1296,25/06/2023 23:41:15,ESCANER
10806,"Quetzaltenango",9,"San Carlos Sija",4,1435,380,2,12,0,60,7,0,16,3,2,40,142,8,9,159,0,159,--,380,221,142,159,159,Algún campo sin dato,1,2c1425b3ff25b04657de81622f2940e932ee62a747b90170a5e8cbd09c262ce3,25/06/2023 22:09:53,ESCANER
10807,"Quetzaltenango",9,"San Carlos Sija",4,1435,380,7,19,0,39,8,3,14,7,1,48,146,6,3,155,0,155,--,380,225,146,155,155,Algún campo sin dato,1,013b8ed028cc688ff3c6352a5c61993fe738ff4762550b8d6b7bb1c3e78724d3,25/06/2023 22:43:18,ESCANER
10808,"Quetzaltenango",9,"San Carlos Sija",4,1435,380,2,16,0,50,6,7,14,2,3,36,136,6,12,154,0,154,--,380,226,136,154,154,Algún campo sin dato,1,8ac66a2dd5ccc166e4e00ede07efb8fc725b1519f8add64349549510ced36f12,25/06/2023 22:50:56,ESCANER
10809,"Quetzaltenango",9,"San Carlos Sija",4,1435,315,8,13,0,31,11,1,10,3,0,23,100,4,1,105,0,105,--,315,210,100,105,105,Algún campo sin dato,1,62b295b6b59f8dd4c2033a6a7b8d6fa19a9845240d7c79c488a16a50c1c3f7f8,25/06/2023 22:14:06,ESCANER
10810,"Quetzaltenango",9,"San Carlos Sija",4,1435,315,3,10,0,21,5,1,6,0,0,36,82,2,0,84,2,86,--,315,229,82,84,86,Algún campo sin dato,1,0d88ad6973cec88b00e2cc7e43bcc1d7a75a38e3151291acd14d8f7c3f004b9c,25/06/2023 23:21:54,ESCANER
10811,"Quetzaltenango",9,"San Carlos Sija",4,1436,380,,,,,,,,,,,,,,,,,,,,,,,,0,,,
10812,"Quetzaltenango",9,"San Carlos Sija",4,1436,380,,,,,,,,,,,,,,,,,,,,,,,,0,,,
10813,"Quetzaltenango",9,"San Carlos Sija",4,1436,380,,,,,,,,,,,,,,,,,,,,,,,,0,,,
10814,"Quetzaltenango",9,"San Carlos Sija",4,1436,380,,,,,,,,,,,,,,,,,,,,,,,,0,,,
10815,"Quetzaltenango",9,"San Carlos Sija",4,1436,294,,,,,,,,,,,,,,,,,,,,,,,,0,,,
10816,"Quetzaltenango",9,"San Carlos Sija",4,1436,293,,,,,,,,,,,,,,,,,,,,,,,,0,,,
10817,"Quetzaltenango",9,"San Carlos Sija",4,1437,380,,,,,,,,,,,,,,,,,,,,,,,,0,,,
10818,"Quetzaltenango",9,"San Carlos Sija",4,1437,380,,,,,,,,,,,,,,,,,,,,,,,,0,,,
10819,"Quetzaltenango",9,"San Carlos Sija",4,1437,380,,,,,,,,,,,,,,,,,,,,,,,,0,,,
10820,"Quetzaltenango",9,"San Carlos Sija",4,1437,380,,,,,,,,,,,,,,,,,,,,,,,,0,,,
10821,"Quetzaltenango",9,"San Carlos Sija",4,1437,380,,,,,,,,,,,,,,,,,,,,,,,,0,,,
10822,"Quetzaltenango",9,"San Carlos Sija",4,1437,238,,,,,,,,,,,,,,,,,,,,,,,,0,,,
10823,"Quetzaltenango",9,"San Carlos Sija",4,1437,238,,,,,,,,,,,,,,,,,,,,,,,,0,,,
10824,"Quetzaltenango",9,"San Carlos Sija",4,1438,380,,,,,,,,,,,,,,,,,,,,,,,,0,,,
10825,"Quetzaltenango",9,"San Carlos Sija",4,1438,380,,,,,,,,,,,,,,,,,,,,,,,,0,,,
10826,"Quetzaltenango",9,"San Carlos Sija",4,1438,380,,,,,,,,,,,,,,,,,,,,,,,,0,,,
10827,"Quetzaltenango",9,"San Carlos Sija",4,1438,380,,,,,,,,,,,,,,,,,,,,,,,,0,,,
10828,"Quetzaltenango",9,"San Carlos Sija",4,1438,205,,,,,,,,,,,,,,,,,,,,,,,,0,,,
10829,"Quetzaltenango",9,"San Carlos Sija",4,1438,204,,,,,,,,,,,,,,,,,,,,,,,,0,,,
10830,"Quetzaltenango",9,"San Carlos Sija",4,1439,600,10,15,0,18,16,4,3,7,2,16,91,8,5,104,0,104,--,600,496,91,104,104,Algún campo sin dato,1,2f276861703afeb2300a878132cb1fa975579f6fbe09d00244c9dda44c5ed18f,25/06/2023 23:48:53,ESCANER
10831,"Quetzaltenango",9,"San Carlos Sija",4,1439,600,11,15,2,9,20,6,2,9,0,12,86,6,3,95,0,95,--,600,505,86,95,95,Algún campo sin dato,1,7258a34a9cb975edfdcdb4191afe94cdf30416bbfceb15138d9766098e9d42e7,25/06/2023 22:19:31,ESCANER
10832,"Quetzaltenango",9,"San Carlos Sija",4,1439,405,1,9,0,10,7,3,0,0,0,4,34,1,0,35,0,35,--,405,370,34,35,35,Algún campo sin dato,1,66715f25569066e30d65766b8fb2c91c2be99f70402a8c36f21ff24321eac4a6,25/06/2023 22:24:29,ESCANER
10833,"Quetzaltenango",9,"San Carlos Sija",4,1439,405,4,5,0,1,1,1,0,1,0,2,15,--,1,16,--,16,0,405,389,15,16,16,Algún campo sin dato,1,83b3547331f20bb3e84383bff6b33f4a4f9cc99b4bf9cfe2465fea54755e773a,25/06/2023 22:34:37,ESCANER