﻿TIPO_DE_ELECCIÓN:,CORPORACIÓN MUNICIPAL
26 junio 2023 00:28 (UTC -6)
ACTAS_ESPERADAS,ACTAS_CAPTURADAS,PORCENTAJE_ACTAS_CAPTURADAS,ACTAS_CONTABILIZADAS,PORCENTAJE_ACTAS_CONTABILIZADAS,ACTAS_NO_CONTABILIZADAS,LISTA_NOMINAL_ACTAS_CONTABILIZADAS,VOTOS_EMITIDOS_CONTABILIZADAS,PORCENTAJE_PARTICIPACIÓN_CIUDADANA
43,16,37.2093,16,37.2093,0,5553,3652,65.7662

MESA,DEPARTAMENTO,ID_DEPARTAMENTO,MUNICIPIO,ID_MUNICIPIO,CENTRO_DE_VOTACIÓN,PADRÓN,VAMOS,PODEMOS,VIVA,MLP,CAMBIO,TODOS,CABAL,VALOR,UNE,BIEN,VÁLIDOS,NULOS,BLANCO,EMITIDOS,INVÁLIDOS,TOTAL,IMPUGNACIONES,PAPELETAS-RECIBIDAS,PAPELETAS-NO-USADAS,VALIDOS_CALCULADO,EMITIDOS_CALCULADO,TOTAL_CALCULADO,OBSERVACIONES,CONTABILIZADA,CÓDIGO_INTEGRIDAD,FECHA_HORA_PUBLICACIÓN,DIGITALIZACIÓN
12513,"Suchitepéquez",10,"Río Bravo",20,1710,400,,,,,,,,,,,,,,,,,,,,,,,,0,,,
12514,"Suchitepéquez",10,"Río Bravo",20,1710,400,108,0,6,0,0,112,3,26,6,1,262,24,1,287,113,400,--,400,113,262,287,400,Algún campo sin dato,1,5577847077e9962cbe4a8de10f60f00bfc69ec202d0bd61225439fc1552a7453,26/06/2023 00:03:40,ESCANER
12515,"Suchitepéquez",10,"Río Bravo",20,1710,400,125,7,6,0,1,110,3,25,6,0,283,21,1,305,95,400,--,400,95,283,305,400,Algún campo sin dato,1,56f64e9033d3d94f3b875553171b4051e9916e5ebc7d8b82a1462809e84c43f7,25/06/2023 23:42:58,ESCANER
12516,"Suchitepéquez",10,"Río Bravo",20,1710,400,,,,,,,,,,,,,,,,,,,,,,,,0,,,
12517,"Suchitepéquez",10,"Río Bravo",20,1710,400,129,2,8,0,1,105,3,32,5,1,286,18,2,306,0,306,0,400,94,286,306,306,,1,97534a84d722b21878b769ff63f136f27ae5f308386a820a49e4537925d846a5,25/06/2023 23:56:29,ESCANER
12518,"Suchitepéquez",10,"Río Bravo",20,1711,400,,,,,,,,,,,,,,,,,,,,,,,,0,,,
12519,"Suchitepéquez",10,"Río Bravo",20,1711,400,,,,,,,,,,,,,,,,,,,,,,,,0,,,
12520,"Suchitepéquez",10,"Río Bravo",20,1711,400,,,,,,,,,,,,,,,,,,,,,,,,0,,,
12521,"Suchitepéquez",10,"Río Bravo",20,1711,400,,,,,,,,,,,,,,,,,,,,,,,,0,,,
12522,"Suchitepéquez",10,"Río Bravo",20,1711,400,,,,,,,,,,,,,,,,,,,,,,,,0,,,
12523,"Suchitepéquez",10,"Río Bravo",20,1711,400,,,,,,,,,,,,,,,,,,,,,,,,0,,,
12524,"Suchitepéquez",10,"Río Bravo",20,1711,400,108,0,6,0,0,99,4,24,4,1,246,8,2,256,0,256,--,400,144,246,256,256,Algún campo sin dato,1,543117155beb0ac4b8a5737d47e0652a69ae213381e0e3fd6090a3ba6458b235,25/06/2023 23:20:48,ESCANER
12525,"Suchitepéquez",10,"Río Bravo",20,1711,400,,,,,,,,,,,,,,,,,,,,,,,,0,,,
12526,"Suchitepéquez",10,"Río Bravo",20,1712,400,,,,,,,,,,,,,,,,,,,,,,,,0,,,
12527,"Suchitepéquez",10,"Río Bravo",20,1712,400,,,,,,,,,,,,,,,,,,,,,,,,0,,,
12528,"Suchitepéquez",10,"Río Bravo",20,1712,400,,,,,,,,,,,,,,,,,,,,,,,,0,,,
12529,"Suchitepéquez",10,"Río Bravo",20,1712,400,,,,,,,,,,,,,,,,,,,,,,,,0,,,
12530,"Suchitepéquez",10,"Río Bravo",20,1712,400,,,,,,,,,,,,,,,,,,,,,,,,0,,,
12531,"Suchitepéquez",10,"Río Bravo",20,1712,400,,,,,,,,,,,,,,,,,,,,,,,,0,,,
12532,"Suchitepéquez",10,"Río Bravo",20,1712,400,,,,,,,,,,,,,,,,,,,,,,,,0,,,
12533,"Suchitepéquez",10,"Río Bravo",20,1712,219,45,0,3,1,1,54,0,17,2,0,123,2,1,126,0,126,--,219,93,123,126,126,Algún campo sin dato,1,f8f83ae0dd8350255329927bae8d94bd28ab524196013972fa018625dd8b6f47,25/06/2023 23:42:08,ESCANER
12534,"Suchitepéquez",10,"Río Bravo",20,1712,218,49,1,4,0,1,37,1,10,1,0,104,4,2,110,0,110,--,218,108,104,110,110,Algún campo sin dato,1,077c5d6ce4bdb5cfcdfcb3d4ebb84029d55bc683725c718f8048b7035bc6452f,25/06/2023 23:25:33,ESCANER
12535,"Suchitepéquez",10,"Río Bravo",20,1713,400,,,,,,,,,,,,,,,,,,,,,,,,0,,,
12536,"Suchitepéquez",10,"Río Bravo",20,1713,400,111,5,15,1,1,93,12,24,11,1,274,30,5,309,0,309,0,400,91,274,309,309,,1,6327b9515064318054622adfdf3293ad7ecb86876f98908655f49caf1141e314,25/06/2023 23:58:39,ESCANER
12537,"Suchitepéquez",10,"Río Bravo",20,1713,400,,,,,,,,,,,,,,,,,,,,,,,,0,,,
12538,"Suchitepéquez",10,"Río Bravo",20,1713,400,111,3,8,0,1,98,5,25,11,1,263,40,7,310,0,310,--,400,90,263,310,310,Algún campo sin dato,1,64878e14599330a3e6527f70acde0aa17ff9fe5bac15d6e82fc7f2e62986e012,25/06/2023 23:49:43,ESCANER
12539,"Suchitepéquez",10,"Río Bravo",20,1713,400,96,0,7,1,2,117,6,12,9,2,252,25,2,279,0,279,--,400,118,252,279,279,Algún campo sin dato,1,620c1c39a1f379365df9420e9388ade56f45b24d37a74627932f18bfb6761f22,26/06/2023 00:13:51,ESCANER
12540,"Suchitepéquez",10,"Río Bravo",20,1713,400,,,,,,,,,,,,,,,,,,,,,,,,0,,,
12541,"Suchitepéquez",10,"Río Bravo",20,1713,400,92,5,7,1,2,102,9,18,3,2,241,19,136,396,4,400,--,400,136,241,396,400,Algún campo sin dato,1,79512420135f7e8fd88aba432ed747d151581b1aea05ef543d17decf2c6e0ce2,26/06/2023 00:06:07,ESCANER
12542,"Suchitepéquez",10,"Río Bravo",20,1713,400,,,,,,,,,,,,,,,,,,,,,,,,0,,,
12543,"Suchitepéquez",10,"Río Bravo",20,1713,264,63,2,7,1,0,78,4,12,2,0,169,4,0,173,0,169,--,264,91,169,173,173,Sumas Asentadas sin cuadrar,1,2b99488494768ed58049a7b1e6ee23b86462f3883713d04660dc08c12d6f1e45,25/06/2023 23:40:09,ESCANER
12544,"Suchitepéquez",10,"Río Bravo",20,1713,263,74,1,3,0,0,51,4,13,5,1,152,5,2,159,0,159,--,260,101,152,159,159,Algún campo sin dato,1,d6f6c17d4f15e04f6a9f9836c35ac8927f945bc2574c94f6ba07b51d4fe76754,25/06/2023 23:27:22,ESCANER
12545,"Suchitepéquez",10,"Río Bravo",20,1714,380,,,,,,,,,,,,,,,,,,,,,,,,0,,,
12546,"Suchitepéquez",10,"Río Bravo",20,1714,380,,,,,,,,,,,,,,,,,,,,,,,,0,,,
12547,"Suchitepéquez",10,"Río Bravo",20,1714,380,82,0,6,0,1,124,0,35,1,2,251,17,4,272,0,272,--,380,108,251,272,272,Algún campo sin dato,1,798c657eb54d7aed7512681f14c79dde379df9b09f95ebaf60f81d9a5fdd4871,26/06/2023 00:23:15,ESCANER
12548,"Suchitepéquez",10,"Río Bravo",20,1714,380,,,,,,,,,,,,,,,,,,,,,,,,0,,,
12549,"Suchitepéquez",10,"Río Bravo",20,1714,298,,,,,,,,,,,,,,,,,,,,,,,,0,,,
12550,"Suchitepéquez",10,"Río Bravo",20,1714,298,,,,,,,,,,,,,,,,,,,,,,,,0,,,
12551,"Suchitepéquez",10,"Río Bravo",20,1715,380,,,,,,,,,,,,,,,,,,,,,,,,0,,,
12552,"Suchitepéquez",10,"Río Bravo",20,1715,380,,,,,,,,,,,,,,,,,,,,,,,,0,,,
12553,"Suchitepéquez",10,"Río Bravo",20,1715,206,34,2,5,0,0,63,3,9,3,0,119,16,1,136,0,136,--,203,67,119,136,136,Algún campo sin dato,1,3333ac286e05e559810b0684046e430d517618d8b078cde3b28a3b936f412ebe,25/06/2023 23:40:49,ESCANER
12554,"Suchitepéquez",10,"Río Bravo",20,1715,206,29,0,2,0,0,55,2,5,4,0,97,5,1,103,--,103,--,206,103,97,103,103,Algún campo sin dato,1,5f12551447b3bdc7361f36b3fd6b7a94025f501eb76df62c4f4eb007f2393cad,25/06/2023 22:57:47,ESCANER
12555,"Suchitepéquez",10,"Río Bravo",20,1716,597,49,0,6,0,3,43,3,7,2,0,113,11,1,125,0,125,--,593,468,113,125,125,Algún campo sin dato,1,ebd0aa7a45adc12d630796d218ae2ce3ee36eae867d05206623759f67f6cd8ad,26/06/2023 00:21:25,ESCANER