﻿TIPO_DE_ELECCIÓN:,CORPORACIÓN MUNICIPAL
26 junio 2023 00:28 (UTC -6)
ACTAS_ESPERADAS,ACTAS_CAPTURADAS,PORCENTAJE_ACTAS_CAPTURADAS,ACTAS_CONTABILIZADAS,PORCENTAJE_ACTAS_CONTABILIZADAS,ACTAS_NO_CONTABILIZADAS,LISTA_NOMINAL_ACTAS_CONTABILIZADAS,VOTOS_EMITIDOS_CONTABILIZADAS,PORCENTAJE_PARTICIPACIÓN_CIUDADANA
233,108,46.3519,108,46.3519,0,40144,22947,57.1617

MESA,DEPARTAMENTO,ID_DEPARTAMENTO,MUNICIPIO,ID_MUNICIPIO,CENTRO_DE_VOTACIÓN,PADRÓN,VAMOS,VALOR,VICTORIA,PPN,PPG,UNE,VOS,BIEN,PR,UR,CABAL,TODOS,MLP,SER,PIN,PHG,CAMBIO,SEMILLA,P A N,UNIONISTA,PODEMOS,AZUL,FCN-NACION,VÁLIDOS,NULOS,BLANCO,EMITIDOS,INVÁLIDOS,TOTAL,IMPUGNACIONES,PAPELETAS-RECIBIDAS,PAPELETAS-NO-USADAS,VALIDOS_CALCULADO,EMITIDOS_CALCULADO,TOTAL_CALCULADO,OBSERVACIONES,CONTABILIZADA,CÓDIGO_INTEGRIDAD,FECHA_HORA_PUBLICACIÓN,DIGITALIZACIÓN
4886,"Guatemala",1,"Villa Canales",16,483,400,,,,,,,,,,,,,,,,,,,,,,,,,,,,,,,,,,,,,0,,,
4887,"Guatemala",1,"Villa Canales",16,483,400,16,56,8,8,3,67,8,19,1,1,6,7,1,1,8,0,0,20,3,0,7,0,2,242,23,1,266,0,266,--,384,118,242,266,266,Algún campo sin dato,1,f2cafd2f3df0f16a6620bb8e6b3e0e7ddabbf53ad615ca694134404881d56270,25/06/2023 22:35:44,ESCANER
4888,"Guatemala",1,"Villa Canales",16,483,400,,,,,,,,,,,,,,,,,,,,,,,,,,,,,,,,,,,,,0,,,
4889,"Guatemala",1,"Villa Canales",16,483,400,,,,,,,,,,,,,,,,,,,,,,,,,,,,,,,,,,,,,0,,,
4890,"Guatemala",1,"Villa Canales",16,483,400,16,52,6,7,4,65,1,25,0,2,8,5,1,0,11,6,1,13,0,1,6,1,6,237,23,1,261,0,261,1,400,138,237,261,261,,1,ec30885e34dc03b5e5b807de5e323196e015f70868e37657a0ef97713fe84b33,26/06/2023 00:04:53,ESCANER
4891,"Guatemala",1,"Villa Canales",16,483,400,,,,,,,,,,,,,,,,,,,,,,,,,,,,,,,,,,,,,0,,,
4892,"Guatemala",1,"Villa Canales",16,483,400,13,33,7,11,7,64,9,28,0,1,3,5,0,1,15,6,0,20,0,2,4,2,5,236,18,3,257,0,257,--,396,139,236,257,257,Algún campo sin dato,1,ad53631193009ace7e91dd3bbe553e00c1152fd4cb25b0bc03b03cf95c71025a,26/06/2023 00:22:54,ESCANER
4893,"Guatemala",1,"Villa Canales",16,483,400,,,,,,,,,,,,,,,,,,,,,,,,,,,,,,,,,,,,,0,,,
4894,"Guatemala",1,"Villa Canales",16,483,400,,,,,,,,,,,,,,,,,,,,,,,,,,,,,,,,,,,,,0,,,
4895,"Guatemala",1,"Villa Canales",16,483,400,11,35,7,9,4,77,10,30,1,1,2,3,0,2,11,8,0,25,0,1,11,1,9,258,12,2,272,0,272,--,400,128,258,272,272,Algún campo sin dato,1,123a696bcfc5a95b6e0815bfd4afe8536d1102253f1210f8ebfc88bfb9ecdba5,25/06/2023 23:06:21,ESCANER
4896,"Guatemala",1,"Villa Canales",16,483,400,,,,,,,,,,,,,,,,,,,,,,,,,,,,,,,,,,,,,0,,,
4897,"Guatemala",1,"Villa Canales",16,483,400,,,,,,,,,,,,,,,,,,,,,,,,,,,,,,,,,,,,,0,,,
4898,"Guatemala",1,"Villa Canales",16,483,400,,,,,,,,,,,,,,,,,,,,,,,,,,,,,,,,,,,,,0,,,
4899,"Guatemala",1,"Villa Canales",16,483,400,,,,,,,,,,,,,,,,,,,,,,,,,,,,,,,,,,,,,0,,,
4900,"Guatemala",1,"Villa Canales",16,484,400,12,43,7,11,10,69,3,22,2,1,2,5,0,1,12,4,0,22,0,1,6,3,8,244,17,0,261,0,261,--,388,127,244,261,261,Algún campo sin dato,1,fda938acc2517a0d83f7b95eb212fd7311d78252afcbdf0ba2bf4a46d3369dcd,25/06/2023 22:47:25,ESCANER
4901,"Guatemala",1,"Villa Canales",16,484,400,25,52,2,4,6,55,5,23,1,0,3,4,3,0,11,3,0,22,2,0,11,3,8,243,11,0,254,0,254,--,400,146,243,254,254,Algún campo sin dato,1,199403c55470c5e4c4d895f4c535f4ed7bc50a5bf5a0ec4643d43d0240e503ee,26/06/2023 00:13:07,ESCANER
4902,"Guatemala",1,"Villa Canales",16,484,400,16,39,2,9,8,70,7,22,1,2,2,2,1,1,15,8,0,20,0,1,5,1,2,234,18,3,255,0,255,--,388,133,234,255,255,Algún campo sin dato,1,f75575939fec278e14bb77c40aa734e0bb187a887b2a2a43556bf2f5c46360d5,25/06/2023 22:15:43,ESCANER
4903,"Guatemala",1,"Villa Canales",16,484,400,14,40,6,9,7,68,4,24,0,1,3,3,1,2,6,11,0,14,2,4,6,2,5,232,11,3,246,0,246,--,400,154,232,246,246,Algún campo sin dato,1,9c2a0918a3aed8db4a932ed7b6e1fd3afaf64ba78f596a21167a5e842a579495,25/06/2023 23:22:43,ESCANER
4904,"Guatemala",1,"Villa Canales",16,484,400,,,,,,,,,,,,,,,,,,,,,,,,,,,,,,,,,,,,,0,,,
4905,"Guatemala",1,"Villa Canales",16,484,400,,,,,,,,,,,,,,,,,,,,,,,,,,,,,,,,,,,,,0,,,
4906,"Guatemala",1,"Villa Canales",16,485,400,,,,,,,,,,,,,,,,,,,,,,,,,,,,,,,,,,,,,0,,,
4907,"Guatemala",1,"Villa Canales",16,485,400,,,,,,,,,,,,,,,,,,,,,,,,,,,,,,,,,,,,,0,,,
4908,"Guatemala",1,"Villa Canales",16,485,400,,,,,,,,,,,,,,,,,,,,,,,,,,,,,,,,,,,,,0,,,
4909,"Guatemala",1,"Villa Canales",16,485,400,,,,,,,,,,,,,,,,,,,,,,,,,,,,,,,,,,,,,0,,,
4910,"Guatemala",1,"Villa Canales",16,485,400,,,,,,,,,,,,,,,,,,,,,,,,,,,,,,,,,,,,,0,,,
4911,"Guatemala",1,"Villa Canales",16,485,400,,,,,,,,,,,,,,,,,,,,,,,,,,,,,,,,,,,,,0,,,
4912,"Guatemala",1,"Villa Canales",16,485,374,8,41,6,2,9,42,4,11,1,0,2,2,0,1,7,1,0,26,0,2,4,1,2,172,13,2,187,0,187,--,377,190,172,187,187,Algún campo sin dato,1,91cde3a3dddde81b6bb74d641b0460555bc3bc1f5f76fd30f69f679748c4b0c5,25/06/2023 22:44:29,ESCANER
4913,"Guatemala",1,"Villa Canales",16,485,373,10,24,1,3,3,39,1,20,0,1,4,1,0,1,12,3,0,39,0,3,3,1,3,172,7,0,179,0,179,--,373,194,172,179,179,Algún campo sin dato,1,1bb59c09634daeddcf246a7672d8874066a0ab3f32fb516e0f29940e0132bf47,26/06/2023 00:23:12,ESCANER
4914,"Guatemala",1,"Villa Canales",16,486,400,27,64,5,7,4,81,1,17,0,0,2,3,0,0,8,2,1,3,1,1,2,4,2,235,7,1,243,0,243,--,388,145,235,243,243,Algún campo sin dato,1,a8b386428af61151542ee4cd45a9f8eb35147bc70c750e2b5c554726821e13f1,25/06/2023 23:56:03,ESCANER
4915,"Guatemala",1,"Villa Canales",16,486,400,,,,,,,,,,,,,,,,,,,,,,,,,,,,,,,,,,,,,0,,,
4916,"Guatemala",1,"Villa Canales",16,486,400,,,,,,,,,,,,,,,,,,,,,,,,,,,,,,,,,,,,,0,,,
4917,"Guatemala",1,"Villa Canales",16,486,400,,,,,,,,,,,,,,,,,,,,,,,,,,,,,,,,,,,,,0,,,
4918,"Guatemala",1,"Villa Canales",16,486,400,,,,,,,,,,,,,,,,,,,,,,,,,,,,,,,,,,,,,0,,,
4919,"Guatemala",1,"Villa Canales",16,486,400,,,,,,,,,,,,,,,,,,,,,,,,,,,,,,,,,,,,,0,,,
4920,"Guatemala",1,"Villa Canales",16,486,400,36,40,5,5,2,85,0,8,0,2,0,1,0,0,3,0,0,4,0,1,2,2,1,197,16,7,220,0,220,--,400,180,197,220,220,Algún campo sin dato,1,5db0d576c979b04fe52461fe1fb04eabd846c146e0d944476e76d505c9f34ee2,26/06/2023 00:28:10,ESCANER
4921,"Guatemala",1,"Villa Canales",16,486,400,34,35,4,1,4,69,2,20,0,0,1,0,2,0,2,2,0,8,2,4,0,0,2,192,10,1,203,0,203,--,400,197,192,203,203,Algún campo sin dato,1,544d21695c778db493ee427d7b969cda71820ffbec8fa2ff34b38a8c2a74c6fb,26/06/2023 00:06:38,ESCANER
4922,"Guatemala",1,"Villa Canales",16,486,249,14,39,2,6,1,31,1,15,0,1,0,2,0,0,4,3,0,4,0,0,1,0,1,125,2,0,127,0,127,--,249,122,125,127,127,Algún campo sin dato,1,911a2764e501682ce9238d8554ffe657d342529a82d363baa13409c2b217fad0,25/06/2023 22:11:54,ESCANER
4923,"Guatemala",1,"Villa Canales",16,486,248,21,20,4,5,3,39,2,8,0,1,0,0,1,0,2,0,0,8,1,0,2,0,0,117,2,2,121,0,121,--,248,127,117,121,121,Algún campo sin dato,1,8670cd6c19088fb307d5cc95c7e69b10ea44981b1ce49f4dd66cd1e6ef0a3e85,25/06/2023 22:27:48,ESCANER
4924,"Guatemala",1,"Villa Canales",16,487,400,,,,,,,,,,,,,,,,,,,,,,,,,,,,,,,,,,,,,0,,,
4925,"Guatemala",1,"Villa Canales",16,487,256,7,39,8,4,2,38,1,14,0,0,2,2,0,0,2,10,0,8,1,2,2,0,2,144,9,1,154,102,256,--,256,102,144,154,256,Algún campo sin dato,1,c51f1402c1843065566164f0265601a126b74c87a44392950956402d36e31a0c,25/06/2023 23:05:47,ESCANER
4926,"Guatemala",1,"Villa Canales",16,487,255,5,37,2,6,6,30,3,5,0,0,1,0,0,0,4,11,0,9,1,0,0,2,3,125,8,0,133,0,133,--,255,122,125,133,133,Algún campo sin dato,1,b30e6e6dd5613817278ecb2b02055bed112bc270c8c2dd0b8ac5247b815b9211,25/06/2023 23:30:22,ESCANER
4927,"Guatemala",1,"Villa Canales",16,488,400,,,,,,,,,,,,,,,,,,,,,,,,,,,,,,,,,,,,,0,,,
4928,"Guatemala",1,"Villa Canales",16,488,400,,,,,,,,,,,,,,,,,,,,,,,,,,,,,,,,,,,,,0,,,
4929,"Guatemala",1,"Villa Canales",16,488,400,,,,,,,,,,,,,,,,,,,,,,,,,,,,,,,,,,,,,0,,,
4930,"Guatemala",1,"Villa Canales",16,488,400,,,,,,,,,,,,,,,,,,,,,,,,,,,,,,,,,,,,,0,,,
4931,"Guatemala",1,"Villa Canales",16,488,400,,,,,,,,,,,,,,,,,,,,,,,,,,,,,,,,,,,,,0,,,
4932,"Guatemala",1,"Villa Canales",16,488,400,,,,,,,,,,,,,,,,,,,,,,,,,,,,,,,,,,,,,0,,,
4933,"Guatemala",1,"Villa Canales",16,488,400,,,,,,,,,,,,,,,,,,,,,,,,,,,,,,,,,,,,,0,,,
4934,"Guatemala",1,"Villa Canales",16,488,400,,,,,,,,,,,,,,,,,,,,,,,,,,,,,,,,,,,,,0,,,
4935,"Guatemala",1,"Villa Canales",16,488,369,,,,,,,,,,,,,,,,,,,,,,,,,,,,,,,,,,,,,0,,,
4936,"Guatemala",1,"Villa Canales",16,488,369,,,,,,,,,,,,,,,,,,,,,,,,,,,,,,,,,,,,,0,,,
4937,"Guatemala",1,"Villa Canales",16,489,400,39,65,7,0,12,47,6,6,0,2,3,4,0,0,1,4,1,9,0,1,14,2,0,223,18,6,247,0,247,--,400,153,223,247,247,Algún campo sin dato,1,757a649c9469f3350fe5d5c8d09166339598a38ba123e89184f4a50b4ffe39c0,26/06/2023 00:02:53,ESCANER
4938,"Guatemala",1,"Villa Canales",16,489,400,,,,,,,,,,,,,,,,,,,,,,,,,,,,,,,,,,,,,0,,,
4939,"Guatemala",1,"Villa Canales",16,489,400,36,72,3,4,7,35,1,13,0,2,4,1,0,0,3,4,0,6,4,1,22,1,1,220,25,4,249,1,250,1,403,153,220,249,250,,1,852a17bde0decca8acaea5e4018f1c1a1659a8ea58c5c797d9ad8b36a4bbc73e,25/06/2023 23:09:51,ESCANER
4940,"Guatemala",1,"Villa Canales",16,489,400,,,,,,,,,,,,,,,,,,,,,,,,,,,,,,,,,,,,,0,,,
4941,"Guatemala",1,"Villa Canales",16,489,400,31,57,6,4,4,44,3,11,1,5,4,3,0,2,1,5,0,7,2,0,15,1,1,207,26,2,235,0,235,--,400,165,207,235,235,Algún campo sin dato,1,d8130928dc186cd05b781dfb88eb8560672046ac694922dcb0720e8c3055d042,26/06/2023 00:27:10,ESCANER
4942,"Guatemala",1,"Villa Canales",16,489,400,31,64,6,5,4,40,3,5,0,0,3,2,1,1,1,5,0,8,2,4,16,0,0,201,16,2,219,0,219,--,388,169,201,219,219,Algún campo sin dato,1,8ba1be0002cc0dbd7f818f9d11eaefdfc4e70decce6b6ccc4b78560d03571490,25/06/2023 23:13:21,ESCANER
4943,"Guatemala",1,"Villa Canales",16,489,400,22,71,6,8,7,38,3,11,0,3,1,5,1,1,4,3,1,1,6,2,14,3,0,211,16,5,232,0,232,--,400,168,211,232,232,Algún campo sin dato,1,9c496371436ad98974eaef4c2df970d431fc3fcc3dbdd8ab44d9bb6253f12022,25/06/2023 23:25:46,ESCANER
4944,"Guatemala",1,"Villa Canales",16,489,400,28,72,7,2,9,40,2,10,0,6,1,4,1,0,7,6,1,7,4,1,13,2,0,223,13,1,237,0,237,--,392,155,223,237,237,Algún campo sin dato,1,30cfa0c450a5319825f2a4b88cc42e9a5d066f576f80ef7ce299fc9e8b8a0802,26/06/2023 00:18:00,ESCANER
4945,"Guatemala",1,"Villa Canales",16,489,400,24,65,10,4,10,45,3,12,0,0,1,8,0,1,5,4,0,10,1,2,31,0,1,237,22,3,262,0,262,--,400,138,237,262,262,Algún campo sin dato,1,2ad0faf76f6da4890e3eb41353938b1de1b53c68d05ebfa9f2e935de550ac075,25/06/2023 23:50:59,ESCANER
4946,"Guatemala",1,"Villa Canales",16,489,400,,,,,,,,,,,,,,,,,,,,,,,,,,,,,,,,,,,,,0,,,
4947,"Guatemala",1,"Villa Canales",16,490,400,,,,,,,,,,,,,,,,,,,,,,,,,,,,,,,,,,,,,0,,,
4948,"Guatemala",1,"Villa Canales",16,490,400,,,,,,,,,,,,,,,,,,,,,,,,,,,,,,,,,,,,,0,,,
4949,"Guatemala",1,"Villa Canales",16,490,400,,,,,,,,,,,,,,,,,,,,,,,,,,,,,,,,,,,,,0,,,
4950,"Guatemala",1,"Villa Canales",16,490,400,,,,,,,,,,,,,,,,,,,,,,,,,,,,,,,,,,,,,0,,,
4951,"Guatemala",1,"Villa Canales",16,490,211,,,,,,,,,,,,,,,,,,,,,,,,,,,,,,,,,,,,,0,,,
4952,"Guatemala",1,"Villa Canales",16,490,211,10,20,1,0,2,18,1,4,0,1,0,3,0,0,5,4,0,6,1,0,2,0,2,80,4,1,85,0,85,1,211,125,80,85,85,,1,ddb277aeef25a38c9036a333b2d5f24828901bc1f89123cab538e6504d371bbc,25/06/2023 22:08:01,ESCANER
4953,"Guatemala",1,"Villa Canales",16,491,400,,,,,,,,,,,,,,,,,,,,,,,,,,,,,,,,,,,,,0,,,
4954,"Guatemala",1,"Villa Canales",16,491,400,,,,,,,,,,,,,,,,,,,,,,,,,,,,,,,,,,,,,0,,,
4955,"Guatemala",1,"Villa Canales",16,491,400,,,,,,,,,,,,,,,,,,,,,,,,,,,,,,,,,,,,,0,,,
4956,"Guatemala",1,"Villa Canales",16,491,400,,,,,,,,,,,,,,,,,,,,,,,,,,,,,,,,,,,,,0,,,
4957,"Guatemala",1,"Villa Canales",16,492,400,27,56,16,4,17,68,1,13,0,0,3,5,1,0,2,2,0,8,0,0,5,0,1,229,25,4,258,0,258,--,400,142,229,258,258,Algún campo sin dato,1,953c7a9ab92be5c14e859c2da0a3436add04c7a6e2d320f2fbb17c9396f3f1f5,25/06/2023 23:31:18,ESCANER
4958,"Guatemala",1,"Villa Canales",16,492,400,,,,,,,,,,,,,,,,,,,,,,,,,,,,,,,,,,,,,0,,,
4959,"Guatemala",1,"Villa Canales",16,492,400,,,,,,,,,,,,,,,,,,,,,,,,,,,,,,,,,,,,,0,,,
4960,"Guatemala",1,"Villa Canales",16,492,400,,,,,,,,,,,,,,,,,,,,,,,,,,,,,,,,,,,,,0,,,
4961,"Guatemala",1,"Villa Canales",16,492,400,,,,,,,,,,,,,,,,,,,,,,,,,,,,,,,,,,,,,0,,,
4962,"Guatemala",1,"Villa Canales",16,492,340,,,,,,,,,,,,,,,,,,,,,,,,,,,,,,,,,,,,,0,,,
4963,"Guatemala",1,"Villa Canales",16,492,339,12,25,5,1,4,49,3,9,0,0,0,3,2,1,2,1,0,14,0,1,2,0,1,135,10,1,146,0,146,--,343,197,135,146,146,Algún campo sin dato,1,3cb8e214b0fdfa6bd661fb0de59e745c26972152ad83f75b7f8601b1a0b69638,25/06/2023 23:53:51,ESCANER
4964,"Guatemala",1,"Villa Canales",16,493,380,,,,,,,,,,,,,,,,,,,,,,,,,,,,,,,,,,,,,0,,,
4965,"Guatemala",1,"Villa Canales",16,493,380,7,86,16,4,9,35,7,5,3,5,7,7,0,7,13,0,0,13,1,2,3,1,2,233,20,0,253,0,253,--,368,115,233,253,253,Algún campo sin dato,1,9c73fdbf4575a93bc7dbe25a54b031037952a4817415d4aa355da82a7602a409,25/06/2023 23:54:38,ESCANER
4966,"Guatemala",1,"Villa Canales",16,493,380,,,,,,,,,,,,,,,,,,,,,,,,,,,,,,,,,,,,,0,,,
4967,"Guatemala",1,"Villa Canales",16,493,380,,,,,,,,,,,,,,,,,,,,,,,,,,,,,,,,,,,,,0,,,
4968,"Guatemala",1,"Villa Canales",16,493,380,,,,,,,,,,,,,,,,,,,,,,,,,,,,,,,,,,,,,0,,,
4969,"Guatemala",1,"Villa Canales",16,493,380,,,,,,,,,,,,,,,,,,,,,,,,,,,,,,,,,,,,,0,,,
4970,"Guatemala",1,"Villa Canales",16,493,380,,,,,,,,,,,,,,,,,,,,,,,,,,,,,,,,,,,,,0,,,
4971,"Guatemala",1,"Villa Canales",16,493,380,,,,,,,,,,,,,,,,,,,,,,,,,,,,,,,,,,,,,0,,,
4972,"Guatemala",1,"Villa Canales",16,493,380,,,,,,,,,,,,,,,,,,,,,,,,,,,,,,,,,,,,,0,,,
4973,"Guatemala",1,"Villa Canales",16,493,380,,,,,,,,,,,,,,,,,,,,,,,,,,,,,,,,,,,,,0,,,
4974,"Guatemala",1,"Villa Canales",16,493,380,,,,,,,,,,,,,,,,,,,,,,,,,,,,,,,,,,,,,0,,,
4975,"Guatemala",1,"Villa Canales",16,493,380,,,,,,,,,,,,,,,,,,,,,,,,,,,,,,,,,,,,,0,,,
4976,"Guatemala",1,"Villa Canales",16,493,380,,,,,,,,,,,,,,,,,,,,,,,,,,,,,,,,,,,,,0,,,
4977,"Guatemala",1,"Villa Canales",16,493,380,,,,,,,,,,,,,,,,,,,,,,,,,,,,,,,,,,,,,0,,,
4978,"Guatemala",1,"Villa Canales",16,493,380,,,,,,,,,,,,,,,,,,,,,,,,,,,,,,,,,,,,,0,,,
4979,"Guatemala",1,"Villa Canales",16,493,380,,,,,,,,,,,,,,,,,,,,,,,,,,,,,,,,,,,,,0,,,
4980,"Guatemala",1,"Villa Canales",16,494,380,,,,,,,,,,,,,,,,,,,,,,,,,,,,,,,,,,,,,0,,,
4981,"Guatemala",1,"Villa Canales",16,494,380,1,72,16,0,12,34,7,6,3,1,7,2,1,6,22,0,0,32,2,2,1,2,2,231,6,0,237,0,237,--,368,131,231,237,237,Algún campo sin dato,1,8ceff569fa05466907a37f547fd60b3718aaf572d28e826ef54ff3a0156e428b,25/06/2023 23:40:35,ESCANER
4982,"Guatemala",1,"Villa Canales",16,494,380,3,72,18,1,15,17,3,2,2,5,0,3,0,4,15,0,0,53,2,5,4,1,0,225,10,0,235,0,235,--,380,145,225,235,235,Algún campo sin dato,1,4b88d1763e463c0738b3c944e1e5db5acad8d4b1500f4db36cc97072cd716f52,26/06/2023 00:14:31,ESCANER
4983,"Guatemala",1,"Villa Canales",16,494,380,4,59,10,0,14,25,6,7,3,5,6,2,1,3,15,2,1,42,2,4,0,2,0,213,6,0,219,0,219,--,380,161,213,219,219,Algún campo sin dato,1,1cd4e02e6a25aa43bf1e50ee4ff72876d63997071d9be2fdcf7c664b168d2e1c,25/06/2023 23:14:01,ESCANER
4984,"Guatemala",1,"Villa Canales",16,494,380,,,,,,,,,,,,,,,,,,,,,,,,,,,,,,,,,,,,,0,,,
4985,"Guatemala",1,"Villa Canales",16,494,380,5,83,14,0,22,19,2,14,2,2,3,3,2,5,17,0,0,17,0,3,2,1,2,218,10,1,229,0,229,--,368,139,218,229,229,Algún campo sin dato,1,e7a880e639726a5b7dbd3e0f0be38eddfcbe11a137d8b0519350d0a64d4b10d6,26/06/2023 00:04:36,ESCANER
4986,"Guatemala",1,"Villa Canales",16,494,380,,,,,,,,,,,,,,,,,,,,,,,,,,,,,,,,,,,,,0,,,
4987,"Guatemala",1,"Villa Canales",16,494,380,9,81,21,1,13,0,4,13,1,2,2,1,0,4,18,3,0,17,3,22,2,3,1,221,15,0,236,0,236,--,376,140,221,236,236,Algún campo sin dato,1,936ad294d91eeaaaefbb51b6e265c340904b4aa9cc6ee1fa7079f38ab67a0219,25/06/2023 23:57:28,ESCANER
4988,"Guatemala",1,"Villa Canales",16,494,380,,,,,,,,,,,,,,,,,,,,,,,,,,,,,,,,,,,,,0,,,
4989,"Guatemala",1,"Villa Canales",16,494,380,,,,,,,,,,,,,,,,,,,,,,,,,,,,,,,,,,,,,0,,,
4990,"Guatemala",1,"Villa Canales",16,495,380,,,,,,,,,,,,,,,,,,,,,,,,,,,,,,,,,,,,,0,,,
4991,"Guatemala",1,"Villa Canales",16,495,380,,,,,,,,,,,,,,,,,,,,,,,,,,,,,,,,,,,,,0,,,
4992,"Guatemala",1,"Villa Canales",16,495,380,,,,,,,,,,,,,,,,,,,,,,,,,,,,,,,,,,,,,0,,,
4993,"Guatemala",1,"Villa Canales",16,495,380,,,,,,,,,,,,,,,,,,,,,,,,,,,,,,,,,,,,,0,,,
4994,"Guatemala",1,"Villa Canales",16,495,380,,,,,,,,,,,,,,,,,,,,,,,,,,,,,,,,,,,,,0,,,
4995,"Guatemala",1,"Villa Canales",16,495,380,,,,,,,,,,,,,,,,,,,,,,,,,,,,,,,,,,,,,0,,,
4996,"Guatemala",1,"Villa Canales",16,495,380,,,,,,,,,,,,,,,,,,,,,,,,,,,,,,,,,,,,,0,,,
4997,"Guatemala",1,"Villa Canales",16,495,380,,,,,,,,,,,,,,,,,,,,,,,,,,,,,,,,,,,,,0,,,
4998,"Guatemala",1,"Villa Canales",16,495,380,,,,,,,,,,,,,,,,,,,,,,,,,,,,,,,,,,,,,0,,,
4999,"Guatemala",1,"Villa Canales",16,495,380,,,,,,,,,,,,,,,,,,,,,,,,,,,,,,,,,,,,,0,,,
5000,"Guatemala",1,"Villa Canales",16,495,380,4,84,21,1,15,29,8,10,4,4,3,5,2,8,12,0,1,20,0,4,5,0,1,241,16,1,258,0,258,--,380,122,241,258,258,Algún campo sin dato,1,c57a9cf896546a774845aa69fc5ee7574acc2ae23c16ec5b62c5638717ed2eec,26/06/2023 00:13:06,ESCANER
5001,"Guatemala",1,"Villa Canales",16,495,380,5,79,11,2,15,40,5,9,3,3,3,2,0,2,12,0,0,13,3,11,4,0,2,224,19,2,245,0,245,--,368,123,224,245,245,Algún campo sin dato,1,b813c70a1eff8310b1be066aa171ec8086c98db07861fd92b9efa46c92c522b0,25/06/2023 23:18:42,ESCANER
5002,"Guatemala",1,"Villa Canales",16,495,380,10,85,15,2,13,33,5,8,2,2,4,3,1,4,11,0,0,19,0,6,2,1,0,226,17,2,245,0,245,--,369,127,226,245,245,Algún campo sin dato,1,b28c9cf695f250466404ac4c320698804b025693e93f7e5015ad5aa23b1b7dbd,25/06/2023 23:51:38,ESCANER
5003,"Guatemala",1,"Villa Canales",16,495,380,6,76,18,0,18,22,8,6,4,5,6,5,2,5,14,1,0,24,1,7,2,1,0,231,13,5,249,1,250,--,380,130,231,249,250,Algún campo sin dato,1,0f6f5a241d280f3c6f865d366e524579067712cb37bc35ad7ad1e30cc110b16a,26/06/2023 00:27:12,ESCANER
5004,"Guatemala",1,"Villa Canales",16,495,380,,,,,,,,,,,,,,,,,,,,,,,,,,,,,,,,,,,,,0,,,
5005,"Guatemala",1,"Villa Canales",16,496,380,4,83,18,1,21,24,7,9,1,3,3,4,1,5,14,2,1,14,1,5,3,0,1,225,14,2,241,0,241,--,368,127,225,241,241,Algún campo sin dato,1,19b0c4941ce7bdd1d988b422aa007d328f6ba1f1f1752b519a9a3270ca52bfbf,26/06/2023 00:05:49,ESCANER
5006,"Guatemala",1,"Villa Canales",16,496,380,5,85,18,2,16,32,5,6,1,2,6,3,2,2,21,3,0,13,1,4,2,3,3,235,11,3,249,0,249,--,368,119,235,249,249,Algún campo sin dato,1,aea0119fec9d8e2ae9ba142e94a3742a2245f0b6ce0611dc16811d551a22d310,26/06/2023 00:01:20,ESCANER
5007,"Guatemala",1,"Villa Canales",16,496,380,5,86,14,0,7,33,7,8,3,2,7,2,1,7,10,0,1,9,2,6,3,0,2,215,18,0,233,0,233,--,371,138,215,233,233,Algún campo sin dato,1,0a8629b72b4a401fc4bdf4481dff7e75747e28122e69b9ca90ad9dde22679705,25/06/2023 23:27:58,ESCANER
5008,"Guatemala",1,"Villa Canales",16,496,380,5,83,24,1,11,27,13,7,2,9,4,1,0,3,7,0,0,20,2,8,6,1,3,237,9,0,246,0,246,--,368,122,237,246,246,Algún campo sin dato,1,7f3c92d5a30c81ebe1d13721d2dbe4f8aee0e11fb5eeb9d567da399e020da3b0,25/06/2023 23:29:37,ESCANER
5009,"Guatemala",1,"Villa Canales",16,496,380,,,,,,,,,,,,,,,,,,,,,,,,,,,,,,,,,,,,,0,,,
5010,"Guatemala",1,"Villa Canales",16,496,380,9,56,16,0,14,38,5,8,0,2,2,4,0,6,8,4,1,15,1,7,2,5,0,203,13,7,223,0,223,--,380,157,203,223,223,Algún campo sin dato,1,0bd2deb3e026bfc0a25e25a0725816b9a44db1e36be79dd7b481c5cbae7773bd,26/06/2023 00:25:45,ESCANER
5011,"Guatemala",1,"Villa Canales",16,496,380,7,55,22,1,17,26,7,8,3,6,2,5,0,4,14,0,0,12,1,4,3,2,2,201,17,1,219,0,219,--,368,149,201,219,219,Algún campo sin dato,1,d927e1950f3d8227c78e85cb7b0759a8b4a9703c8f363f04d672ab91d8f77387,25/06/2023 22:36:42,ESCANER
5012,"Guatemala",1,"Villa Canales",16,496,380,,,,,,,,,,,,,,,,,,,,,,,,,,,,,,,,,,,,,0,,,
5013,"Guatemala",1,"Villa Canales",16,497,380,7,64,20,0,8,32,12,7,0,4,4,2,0,7,19,0,1,23,1,5,2,1,0,219,18,0,237,0,237,--,365,128,219,237,237,Algún campo sin dato,1,8516a2921b4ccba256af21a95da9bc01136be7d0a952fc564f9c25e3a9324933,25/06/2023 22:31:09,ESCANER
5014,"Guatemala",1,"Villa Canales",16,497,380,6,64,17,0,15,23,12,9,1,0,6,2,1,9,17,2,0,27,0,6,0,3,0,220,11,0,231,1,232,--,372,140,220,231,232,Algún campo sin dato,1,e961ae986de02caacb5589294ff2b54b34d4aa34b93c110487cd6d34dd3a6fc8,26/06/2023 00:02:36,ESCANER
5015,"Guatemala",1,"Villa Canales",16,497,380,,,,,,,,,,,,,,,,,,,,,,,,,,,,,,,,,,,,,0,,,
5016,"Guatemala",1,"Villa Canales",16,497,380,,,,,,,,,,,,,,,,,,,,,,,,,,,,,,,,,,,,,0,,,
5017,"Guatemala",1,"Villa Canales",16,497,380,6,72,15,1,13,19,10,14,2,4,3,2,2,2,15,1,0,49,2,4,1,0,2,239,7,0,246,0,246,--,372,126,239,246,246,Algún campo sin dato,1,e3a12f0fe3dd3221736c305c586b8b1658912e8e1ab659b8f83b2e340ef8a670,25/06/2023 23:27:01,ESCANER
5018,"Guatemala",1,"Villa Canales",16,497,380,2,69,17,0,6,18,10,18,3,2,7,1,1,2,24,2,0,55,0,4,0,1,0,242,5,1,248,0,248,--,372,124,242,248,248,Algún campo sin dato,1,a86baf8c2e1d25dd4b96011507447465bda48f0ec59828f39eb115b8956b073f,25/06/2023 23:48:41,ESCANER
5019,"Guatemala",1,"Villa Canales",16,497,380,1,63,12,0,8,19,10,17,4,1,5,2,0,1,20,0,2,53,1,9,2,2,0,232,10,1,243,0,243,--,372,129,232,243,243,Algún campo sin dato,1,66b497008f8edeb461c51da7924d64e02599f73599554127c559e7637f87c38d,25/06/2023 23:33:37,ESCANER
5020,"Guatemala",1,"Villa Canales",16,497,380,,,,,,,,,,,,,,,,,,,,,,,,,,,,,,,,,,,,,0,,,
5021,"Guatemala",1,"Villa Canales",16,497,380,,,,,,,,,,,,,,,,,,,,,,,,,,,,,,,,,,,,,0,,,
5022,"Guatemala",1,"Villa Canales",16,497,380,1,68,13,0,12,23,6,8,4,3,4,0,0,1,16,0,0,37,1,1,2,1,0,201,8,0,209,0,209,--,372,163,201,209,209,Algún campo sin dato,1,7585bc4b846a9ab9ba5788d7bd6b7d89b8317d3e86eed86d71590d2092331cd9,25/06/2023 23:07:02,ESCANER
5023,"Guatemala",1,"Villa Canales",16,497,380,4,48,13,2,6,14,7,8,1,5,2,3,1,0,7,0,0,37,0,4,1,2,0,165,10,0,175,0,175,--,372,197,165,175,175,Algún campo sin dato,1,19614eb6096570bccaeb8c7a33b39209575fdb929ee347708a9c42fec89c1ed3,25/06/2023 22:58:08,ESCANER
5024,"Guatemala",1,"Villa Canales",16,497,380,7,65,15,0,11,16,6,9,1,4,2,4,1,1,11,2,0,33,2,3,1,1,0,195,13,1,209,0,209,--,372,160,195,209,209,Algún campo sin dato,1,d50bfccf27bab105790106d46c58b7b73fcc8f3007c1ffc6149ccdcd4a1c191d,25/06/2023 22:09:35,ESCANER
5025,"Guatemala",1,"Villa Canales",16,497,263,2,30,5,1,8,8,7,7,2,4,3,2,0,2,5,1,0,45,0,4,1,2,0,139,6,1,146,0,146,--,263,117,139,146,146,Algún campo sin dato,1,d35d7cdd4a0d2a488c4ca92cb3ec671fccf95bb48b17e98e81bd505c2ac0b2f1,25/06/2023 23:13:39,ESCANER
5026,"Guatemala",1,"Villa Canales",16,497,262,2,35,11,0,6,17,4,2,3,0,3,1,0,4,5,0,1,17,0,1,0,1,0,113,4,0,117,0,117,--,259,142,113,117,117,Algún campo sin dato,1,279bcefef9cab10d76ed07b685fedd8eb06648f7a6c7ebb5a4f049060085bebb,25/06/2023 22:54:35,ESCANER
5027,"Guatemala",1,"Villa Canales",16,498,380,60,17,4,1,1,35,1,5,0,2,2,6,2,7,0,2,4,4,2,2,7,1,1,166,29,11,206,0,206,--,372,166,166,206,206,Algún campo sin dato,1,473579a283018ab325f990ad662032cfa1def410073c416ce4e31f62f0228d56,25/06/2023 23:40:56,ESCANER
5028,"Guatemala",1,"Villa Canales",16,498,380,70,31,8,1,2,41,2,5,0,0,2,1,0,7,0,2,2,1,1,1,17,1,1,196,29,12,237,0,237,--,372,135,196,237,237,Algún campo sin dato,1,628fc281a2a77c579915d09cb320455c823babbdebc08201963c63730ee0b5f3,25/06/2023 23:28:09,ESCANER
5029,"Guatemala",1,"Villa Canales",16,498,380,76,22,4,2,1,44,2,3,1,2,3,7,1,5,3,3,4,2,1,1,8,0,3,198,23,9,230,0,230,--,368,138,198,230,230,Algún campo sin dato,1,b013e4a4be6c0a180f5d87b27b9b6fc577c0174e83b49a1383977f6c73188ea8,25/06/2023 22:23:19,ESCANER
5030,"Guatemala",1,"Villa Canales",16,498,380,79,32,6,3,2,34,1,4,2,1,1,0,1,6,1,2,2,1,6,0,13,0,5,202,18,9,229,0,229,--,377,148,202,229,229,Algún campo sin dato,1,79e908c73ff656a43b42e2f28d0fc757ca6e8e883229f2da06da7bfdba0f2b4d,26/06/2023 00:06:43,ESCANER
5031,"Guatemala",1,"Villa Canales",16,498,380,80,23,7,3,1,43,1,8,0,1,4,1,0,5,0,1,2,0,3,3,12,1,3,202,23,13,238,0,238,--,380,142,202,238,238,Algún campo sin dato,1,7733a909c25f9f964c8ff54d01b051dd2d14e8acb22020998f2b586ac2ef7f7e,26/06/2023 00:27:35,ESCANER
5032,"Guatemala",1,"Villa Canales",16,499,380,,,,,,,,,,,,,,,,,,,,,,,,,,,,,,,,,,,,,0,,,
5033,"Guatemala",1,"Villa Canales",16,499,380,82,17,3,0,1,29,1,6,0,1,4,6,1,3,2,3,5,6,0,0,16,1,5,192,15,3,210,0,210,--,360,158,192,210,210,Algún campo sin dato,1,7dd338796fa377a92964786cfa73dc3c9ab83b93092e5f48950ef4de0f497e8c,25/06/2023 23:42:57,ESCANER
5034,"Guatemala",1,"Villa Canales",16,499,380,69,17,7,1,1,32,2,5,0,0,1,4,0,7,6,2,3,2,2,2,8,0,1,172,36,1,209,1,210,--,372,162,172,209,210,Algún campo sin dato,1,627730576aad75ab3cd8e26383c69020a379ec3d002e4c07d6709a0525d63d05,25/06/2023 23:11:26,ESCANER
5035,"Guatemala",1,"Villa Canales",16,499,380,,,,,,,,,,,,,,,,,,,,,,,,,,,,,,,,,,,,,0,,,
5036,"Guatemala",1,"Villa Canales",16,499,380,,,,,,,,,,,,,,,,,,,,,,,,,,,,,,,,,,,,,0,,,
5037,"Guatemala",1,"Villa Canales",16,499,380,,,,,,,,,,,,,,,,,,,,,,,,,,,,,,,,,,,,,0,,,
5038,"Guatemala",1,"Villa Canales",16,499,380,,,,,,,,,,,,,,,,,,,,,,,,,,,,,,,,,,,,,0,,,
5039,"Guatemala",1,"Villa Canales",16,499,380,,,,,,,,,,,,,,,,,,,,,,,,,,,,,,,,,,,,,0,,,
5040,"Guatemala",1,"Villa Canales",16,499,380,62,18,2,1,1,19,1,5,1,1,3,0,1,4,0,1,2,6,0,1,5,0,0,134,10,0,144,1,145,--,372,227,134,144,145,Algún campo sin dato,1,fc1779a45a754406bcb7cbd06d59bcacd5909566f61319ba440777e22c6622e6,26/06/2023 00:06:02,ESCANER
5041,"Guatemala",1,"Villa Canales",16,499,380,88,14,4,0,2,17,0,3,2,0,1,0,1,4,1,0,3,8,0,0,5,0,2,155,10,2,167,0,167,--,372,205,155,167,167,Algún campo sin dato,1,6e6964a0022e3ee2293deca38f2174e3f9e0c50bf62dd215efc0a954d04ffa58,26/06/2023 00:19:43,ESCANER
5042,"Guatemala",1,"Villa Canales",16,499,228,40,10,4,0,0,19,0,2,1,1,1,1,1,5,0,0,3,2,0,0,4,0,1,95,4,1,100,0,100,--,228,128,95,100,100,Algún campo sin dato,1,647268ddd1105ff903ea0d4cf19b5a5d27659fc80676edb77bbf1b7430980220,25/06/2023 22:18:01,ESCANER
5043,"Guatemala",1,"Villa Canales",16,499,228,41,5,1,0,0,18,1,2,0,0,1,2,0,3,0,1,3,0,0,0,4,0,0,82,10,4,96,0,96,--,228,132,82,96,96,Algún campo sin dato,1,84345dc332627c79b88e90eefbeb71bba5c1c1b931b6b3a034eca6e182dd850b,25/06/2023 22:33:23,ESCANER
5044,"Guatemala",1,"Villa Canales",16,500,380,,,,,,,,,,,,,,,,,,,,,,,,,,,,,,,,,,,,,0,,,
5045,"Guatemala",1,"Villa Canales",16,500,380,4,82,20,1,10,48,5,6,0,1,2,4,0,7,12,0,0,4,4,4,7,0,0,221,13,1,235,13,248,--,368,120,221,235,248,Algún campo sin dato,1,531e7cbc0e73047f06a8c7c416dfc260aedc6cfc0a64f5138acbf7cadb3d56bc,26/06/2023 00:06:33,ESCANER
5046,"Guatemala",1,"Villa Canales",16,500,380,10,104,11,2,3,36,5,1,2,2,4,4,1,6,21,2,0,13,0,3,2,0,2,234,19,0,253,0,253,--,372,119,234,253,253,Algún campo sin dato,1,ec1f3f9c3cc9acc879aa1bc45073e1b69a8ff2df701c730ad8d45cb821a89c05,26/06/2023 00:17:17,ESCANER
5047,"Guatemala",1,"Villa Canales",16,500,380,9,79,17,3,6,37,3,8,7,0,2,0,0,4,21,0,0,12,4,2,6,1,0,221,24,2,247,0,247,--,370,123,221,247,247,Algún campo sin dato,1,8add42c2e65fbff49fc39642b6f6d54c531e4082433b1db22584f95f75787bf4,26/06/2023 00:26:20,ESCANER
5048,"Guatemala",1,"Villa Canales",16,500,380,,,,,,,,,,,,,,,,,,,,,,,,,,,,,,,,,,,,,0,,,
5049,"Guatemala",1,"Villa Canales",16,500,380,12,88,13,3,5,35,2,7,1,6,3,6,0,5,24,2,3,8,2,7,4,2,2,240,23,1,264,0,264,--,372,108,240,264,264,Algún campo sin dato,1,22c40681ce9142f6dc5c782e54c8e096efdc38f2ab7c2677290af46766276948,25/06/2023 23:31:56,ESCANER
5050,"Guatemala",1,"Villa Canales",16,500,380,7,81,20,2,9,36,3,6,1,2,2,3,1,8,18,2,2,7,3,5,3,0,2,223,17,5,245,0,245,--,368,123,223,245,245,Algún campo sin dato,1,878964afee18a966ab3cf806ecedf452fdef66da731490ee150c1e6ffe56f5be,25/06/2023 23:21:05,ESCANER
5051,"Guatemala",1,"Villa Canales",16,500,380,,,,,,,,,,,,,,,,,,,,,,,,,,,,,,,,,,,,,0,,,
5052,"Guatemala",1,"Villa Canales",16,500,380,8,82,21,0,9,25,0,10,2,3,2,2,2,6,17,1,0,13,0,4,4,0,1,212,1,0,213,0,213,--,372,159,212,213,213,Algún campo sin dato,1,2b05531063c094df64cfe1127f315b501eeab5ba7814668fa8f4e5101fe87c06,26/06/2023 00:11:51,ESCANER
5053,"Guatemala",1,"Villa Canales",16,500,380,,,,,,,,,,,,,,,,,,,,,,,,,,,,,,,,,,,,,0,,,
5054,"Guatemala",1,"Villa Canales",16,501,380,6,75,15,1,6,26,1,5,3,2,3,2,0,1,15,2,0,13,1,2,6,0,0,185,13,3,201,0,201,--,372,171,185,201,201,Algún campo sin dato,1,2a39131d4a556a1392b223bb10a9485b1b32030dcf502f14a238d99f9a32cff8,25/06/2023 23:23:51,ESCANER
5055,"Guatemala",1,"Villa Canales",16,501,380,,,,,,,,,,,,,,,,,,,,,,,,,,,,,,,,,,,,,0,,,
5056,"Guatemala",1,"Villa Canales",16,501,380,,,,,,,,,,,,,,,,,,,,,,,,,,,,,,,,,,,,,0,,,
5057,"Guatemala",1,"Villa Canales",16,501,380,,,,,,,,,,,,,,,,,,,,,,,,,,,,,,,,,,,,,0,,,
5058,"Guatemala",1,"Villa Canales",16,501,380,7,72,13,1,6,33,5,13,0,3,7,5,0,3,20,1,0,6,3,6,6,2,2,214,11,6,231,0,231,--,369,48,214,231,231,Algún campo sin dato,1,b49fbac625b17d5b4185e381a1bacb435c94ef4f91cf8cd904eca699dc6e46f8,26/06/2023 00:04:15,ESCANER
5059,"Guatemala",1,"Villa Canales",16,501,380,9,77,16,1,5,30,3,11,0,6,2,6,0,1,14,0,0,8,2,2,2,2,1,198,9,2,191,7,216,--,380,161,198,209,216,Sumas Asentadas sin cuadrar,1,32675a3a2af7b54eabbe5f0e8a4b912e9cc9ac75748f33b97d23560db39aebcf,26/06/2023 00:18:21,ESCANER
5060,"Guatemala",1,"Villa Canales",16,501,380,9,85,12,1,6,34,3,5,0,5,5,2,1,4,9,0,0,8,1,5,3,0,0,198,18,2,218,0,218,--,368,150,198,218,218,Algún campo sin dato,1,87fa3ccc19673b63a2901a66136bdf77a9b16282a75ff8197e82bb8be299335c,25/06/2023 23:33:22,ESCANER
5061,"Guatemala",1,"Villa Canales",16,501,380,8,66,16,1,7,43,4,3,0,3,4,5,0,8,9,2,0,13,2,1,4,0,0,199,19,3,221,0,221,--,372,151,199,221,221,Algún campo sin dato,1,2e0d6b436cdaa89588010c0a50e5f255156021335427f2745c19533195c1c69a,25/06/2023 23:54:06,ESCANER
5062,"Guatemala",1,"Villa Canales",16,501,380,,,,,,,,,,,,,,,,,,,,,,,,,,,,,,,,,,,,,0,,,
5063,"Guatemala",1,"Villa Canales",16,501,380,15,57,10,1,2,39,4,8,1,1,2,4,1,6,12,0,0,9,2,2,10,1,0,187,16,2,205,0,205,--,368,163,187,205,205,Algún campo sin dato,1,69380f0bde94bc03a59262b6fdbe6d6a1b1fa8c569977afae5feb325a742aaab,26/06/2023 00:26:47,ESCANER
5064,"Guatemala",1,"Villa Canales",16,501,380,,,,,,,,,,,,,,,,,,,,,,,,,,,,,,,,,,,,,0,,,
5065,"Guatemala",1,"Villa Canales",16,501,380,8,63,21,0,10,24,6,13,0,0,2,5,0,3,11,0,0,5,0,4,3,1,0,179,6,2,187,0,187,--,372,185,179,187,187,Algún campo sin dato,1,0e18d5e6300ebbbe9df8e47c36948f8ca53e2e8c6998b0f0f89dc203096a50bb,26/06/2023 00:14:49,ESCANER
5066,"Guatemala",1,"Villa Canales",16,501,380,5,72,22,1,8,20,4,8,1,2,0,8,0,8,18,0,0,20,1,4,3,0,1,206,13,0,219,0,219,--,371,152,206,219,219,Algún campo sin dato,1,e266273011e6f34cc35d075a97c590b6f1af8f489bc68ee8040f038907d7fc18,25/06/2023 23:50:48,ESCANER
5067,"Guatemala",1,"Villa Canales",16,501,380,,,,,,,,,,,,,,,,,,,,,,,,,,,,,,,,,,,,,0,,,
5068,"Guatemala",1,"Villa Canales",16,501,380,,,,,,,,,,,,,,,,,,,,,,,,,,,,,,,,,,,,,0,,,
5069,"Guatemala",1,"Villa Canales",16,501,294,1,37,10,0,4,18,3,7,1,1,0,3,0,2,9,0,0,12,0,4,1,0,1,114,8,0,122,0,122,--,294,172,114,122,122,Algún campo sin dato,1,1c354c21ed10b41e098bebbc26d9878a090e1fdc6073b7defddf2897fdbf0c9e,25/06/2023 23:36:17,ESCANER
5070,"Guatemala",1,"Villa Canales",16,501,294,,,,,,,,,,,,,,,,,,,,,,,,,,,,,,,,,,,,,0,,,
5071,"Guatemala",1,"Villa Canales",16,502,380,49,26,7,4,0,67,0,11,0,1,0,5,0,0,0,0,1,1,2,3,26,10,0,213,23,14,250,0,250,--,372,122,213,250,250,Algún campo sin dato,1,10c0cf5026628751d8fbf08b9c3e340b88e236d6d75bb9de345b98b1918ae95c,26/06/2023 00:12:53,ESCANER
5072,"Guatemala",1,"Villa Canales",16,502,380,,,,,,,,,,,,,,,,,,,,,,,,,,,,,,,,,,,,,0,,,
5073,"Guatemala",1,"Villa Canales",16,502,380,,,,,,,,,,,,,,,,,,,,,,,,,,,,,,,,,,,,,0,,,
5074,"Guatemala",1,"Villa Canales",16,502,380,39,52,9,5,1,60,3,14,0,0,0,1,0,2,0,1,1,1,1,2,23,17,3,235,18,2,255,0,255,--,368,113,235,255,255,Algún campo sin dato,1,814947390f462de554dd8acc3e23534c283e8b3af371639d2a46fed7d526dabb,26/06/2023 00:03:18,ESCANER
5075,"Guatemala",1,"Villa Canales",16,502,380,51,33,10,2,1,52,0,6,0,0,0,3,0,0,0,2,1,4,2,1,17,9,2,196,19,3,218,0,218,--,368,150,196,218,218,Algún campo sin dato,1,3235c0b694c69214156d7b44c7f8864dbf85b9ff0abb3d609f24bbedc92b0d13,25/06/2023 23:30:36,ESCANER
5076,"Guatemala",1,"Villa Canales",16,502,380,,,,,,,,,,,,,,,,,,,,,,,,,,,,,,,,,,,,,0,,,
5077,"Guatemala",1,"Villa Canales",16,502,380,44,32,8,1,0,49,2,14,0,1,1,5,0,3,0,0,2,3,3,2,12,6,1,189,22,4,215,0,215,--,372,157,189,215,215,Algún campo sin dato,1,ceaada4d271b61146b6631be71902ab1c9dd36fbf7e54506720de354436dbbd8,26/06/2023 00:01:07,ESCANER
5078,"Guatemala",1,"Villa Canales",16,502,233,25,29,6,0,2,25,0,5,0,1,1,4,0,0,0,0,0,2,1,0,13,8,0,122,3,2,127,0,127,--,233,106,122,127,127,Algún campo sin dato,1,e3993debd1c64126ea9b55e453a465cc6a404b7b2872d5d1d64d30697d80e492,25/06/2023 22:16:55,ESCANER
5079,"Guatemala",1,"Villa Canales",16,502,232,27,24,5,1,0,27,3,8,0,0,1,1,0,0,0,0,2,2,0,1,9,7,2,120,7,1,128,0,128,--,--,--,120,128,128,Algún campo sin dato,1,e895b8f61fd4c3556732c5eb1eb7a2c5804c56116fa3dadad005d37b1797a351,26/06/2023 00:09:20,ESCANER
5080,"Guatemala",1,"Villa Canales",16,503,380,22,37,4,11,4,45,12,5,0,2,1,13,0,0,3,0,3,8,3,2,22,9,2,208,25,3,236,0,236,--,365,129,208,236,236,Algún campo sin dato,1,392485486bc8be7d8549d31465c630706679d4386a942501f13699eefda06e5e,25/06/2023 23:05:00,ESCANER
5081,"Guatemala",1,"Villa Canales",16,503,380,25,58,3,5,5,41,11,4,0,2,2,13,0,0,2,1,4,9,0,3,13,6,0,207,30,7,244,0,244,--,368,124,207,244,244,Algún campo sin dato,1,c9c2ff637d711ae9532681b40af72d08edad28b3c0f2151c25fe54baee870e52,25/06/2023 23:39:59,ESCANER
5082,"Guatemala",1,"Villa Canales",16,503,380,28,62,2,3,4,57,9,4,0,0,2,16,0,1,2,2,2,4,3,1,16,10,1,229,20,4,253,0,253,--,372,119,229,253,253,Algún campo sin dato,1,1285626bf9dd58be60d7544f5ece525be0da91ba1ea9d49b531174851a691d32,25/06/2023 22:36:32,ESCANER
5083,"Guatemala",1,"Villa Canales",16,503,380,,,,,,,,,,,,,,,,,,,,,,,,,,,,,,,,,,,,,0,,,
5084,"Guatemala",1,"Villa Canales",16,503,380,25,55,4,0,5,49,6,4,0,4,3,14,0,0,0,2,3,3,2,2,20,6,2,209,26,8,243,0,243,--,380,137,209,243,243,Algún campo sin dato,1,8e5d4e5ae664b9b7d8299e44c89c61b91314ae2e54df6a3c0c58a12b956c2b22,26/06/2023 00:19:43,ESCANER
5085,"Guatemala",1,"Villa Canales",16,503,380,,,,,,,,,,,,,,,,,,,,,,,,,,,,,,,,,,,,,0,,,
5086,"Guatemala",1,"Villa Canales",16,503,380,,,,,,,,,,,,,,,,,,,,,,,,,,,,,,,,,,,,,0,,,
5087,"Guatemala",1,"Villa Canales",16,503,380,,,,,,,,,,,,,,,,,,,,,,,,,,,,,,,,,,,,,0,,,
5088,"Guatemala",1,"Villa Canales",16,503,380,17,47,5,10,5,45,14,5,1,1,2,18,1,0,4,2,3,4,2,3,15,3,1,208,14,1,223,0,223,--,372,149,208,223,223,Algún campo sin dato,1,58d17d924d36bee5578d93871760c7790bb6df9f62c4454e32dc88ba7c4c94c2,26/06/2023 00:00:38,ESCANER
5089,"Guatemala",1,"Villa Canales",16,503,380,20,46,3,10,6,46,17,8,1,0,1,21,1,1,8,3,6,6,2,2,15,5,4,232,7,3,242,0,242,--,--,--,232,242,242,Algún campo sin dato,1,23761c59b4e4ede1f7a2d2b5c21fb816c26c77eb1c8e64d4d198119771fc4ae3,26/06/2023 00:08:13,ESCANER
5090,"Guatemala",1,"Villa Canales",16,503,380,15,54,6,5,2,41,4,10,0,3,2,18,0,2,1,4,7,8,3,4,19,8,1,217,11,7,235,0,235,0,372,137,217,235,235,,1,e72ee021f0526cbb618dfffa57bd77add13f4fbe00ec2f653f6c38b4b3a9342f,25/06/2023 23:07:16,ESCANER
5091,"Guatemala",1,"Villa Canales",16,503,380,17,41,3,2,1,60,9,4,0,2,4,16,0,0,3,1,6,6,0,2,19,8,0,204,19,6,229,0,229,--,372,143,204,229,229,Algún campo sin dato,1,a3e4994c4421eb97ef333b9cd510631c993507186790a24386293db2dd1596da,26/06/2023 00:19:55,ESCANER
5092,"Guatemala",1,"Villa Canales",16,503,380,,,,,,,,,,,,,,,,,,,,,,,,,,,,,,,,,,,,,0,,,
5093,"Guatemala",1,"Villa Canales",16,503,380,,,,,,,,,,,,,,,,,,,,,,,,,,,,,,,,,,,,,0,,,
5094,"Guatemala",1,"Villa Canales",16,503,380,29,51,5,2,7,46,9,12,0,1,2,15,2,0,4,1,4,4,1,1,10,5,2,213,11,2,226,0,226,--,368,142,213,226,226,Algún campo sin dato,1,727359f8f207934cc707364bf570a6aab892d6744656c209bdbae0a0e8b98259,25/06/2023 23:29:00,ESCANER
5095,"Guatemala",1,"Villa Canales",16,503,380,,,,,,,,,,,,,,,,,,,,,,,,,,,,,,,,,,,,,0,,,
5096,"Guatemala",1,"Villa Canales",16,503,341,11,56,4,3,5,48,6,2,0,1,0,13,0,0,1,0,4,10,0,2,13,5,0,184,5,0,189,0,189,--,341,152,184,189,189,Algún campo sin dato,1,3bfd183cb65a3440275531d4af1edc961a6d8cbe73f941c082f9b250358828b3,25/06/2023 23:48:54,ESCANER
5097,"Guatemala",1,"Villa Canales",16,503,341,,,,,,,,,,,,,,,,,,,,,,,,,,,,,,,,,,,,,0,,,
5098,"Guatemala",1,"Villa Canales",16,504,380,,,,,,,,,,,,,,,,,,,,,,,,,,,,,,,,,,,,,0,,,
5099,"Guatemala",1,"Villa Canales",16,504,380,78,14,14,3,1,33,2,1,0,0,3,5,0,0,1,0,1,0,4,1,32,1,1,195,20,1,216,0,216,0,372,156,195,216,216,,1,821ef4cfa7bc738474b69dfb33a59bbd7439625b867c10247bb718e1523266a0,25/06/2023 23:53:27,ESCANER
5100,"Guatemala",1,"Villa Canales",16,504,380,78,16,5,7,1,29,0,3,0,1,2,2,1,0,0,0,0,0,0,1,27,2,2,177,23,5,205,0,205,--,372,167,177,205,205,Algún campo sin dato,1,fdc3b8deaaebe1e53bda91b14912b13b4d3c8eda7bf43847b4a9071296ab3570,25/06/2023 23:31:08,ESCANER
5101,"Guatemala",1,"Villa Canales",16,504,328,48,14,5,4,0,26,0,2,0,0,2,2,0,0,1,0,0,3,0,0,30,2,0,139,15,6,160,0,160,--,334,174,139,160,160,Algún campo sin dato,1,7cd345cc79a3347fb522684240683254c9082645930f7af131f01b331c7aedf4,25/06/2023 23:39:05,ESCANER
5102,"Guatemala",1,"Villa Canales",16,504,328,49,7,4,6,0,28,0,0,1,0,3,1,0,0,0,0,0,3,1,0,28,1,4,136,5,0,141,0,141,--,328,187,136,141,141,Algún campo sin dato,1,2198e87eeda85a6a9bc446ee4acd7d727b0c7296235de088a8436f39e430bcae,26/06/2023 00:23:39,ESCANER
5103,"Guatemala",1,"Villa Canales",16,505,353,74,32,0,1,2,70,0,2,0,3,1,1,1,4,0,0,0,1,1,1,9,0,1,204,25,5,234,0,234,--,354,120,204,234,234,Algún campo sin dato,1,ae09914acda2f2fa04a59c9e85befc96132b473209b02b79d220bb204ac5c334,25/06/2023 23:20:12,ESCANER
5104,"Guatemala",1,"Villa Canales",16,505,353,,,,,,,,,,,,,,,,,,,,,,,,,,,,,,,,,,,,,0,,,
5105,"Guatemala",1,"Villa Canales",16,506,293,,,,,,,,,,,,,,,,,,,,,,,,,,,,,,,,,,,,,0,,,
5106,"Guatemala",1,"Villa Canales",16,506,293,,,,,,,,,,,,,,,,,,,,,,,,,,,,,,,,,,,,,0,,,
5107,"Guatemala",1,"Villa Canales",16,507,380,52,57,12,11,1,54,0,6,0,5,2,6,0,10,0,1,0,2,5,1,18,8,0,251,22,4,277,0,277,--,372,95,251,277,277,Algún campo sin dato,1,ebe04b59c4a6c3d20d230692eefb3396490d959e12c31638d77c8f165c156996,25/06/2023 23:08:17,ESCANER
5108,"Guatemala",1,"Villa Canales",16,507,380,48,57,13,5,1,48,3,8,2,2,3,5,0,10,1,0,1,1,11,0,20,4,1,244,27,4,275,0,275,--,372,97,244,275,275,Algún campo sin dato,1,b9e6e4f643d02708edc3f002aaca181cb64733e282b4296bdfc94acff9f06d16,25/06/2023 23:05:04,ESCANER
5109,"Guatemala",1,"Villa Canales",16,507,380,,,,,,,,,,,,,,,,,,,,,,,,,,,,,,,,,,,,,0,,,
5110,"Guatemala",1,"Villa Canales",16,507,214,,,,,,,,,,,,,,,,,,,,,,,,,,,,,,,,,,,,,0,,,
5111,"Guatemala",1,"Villa Canales",16,507,213,28,29,4,5,0,23,0,1,0,5,1,2,0,9,0,1,0,1,4,0,5,5,0,123,9,0,132,0,132,--,213,81,123,132,132,Algún campo sin dato,1,89072918a84fb296bc8b5f471a2bbf8333f86ff9665cc20380de9db8189848eb,25/06/2023 23:02:31,ESCANER
5112,"Guatemala",1,"Villa Canales",16,508,600,16,46,4,2,5,43,4,10,5,5,9,5,0,3,8,4,1,13,4,4,6,1,1,199,24,3,226,0,226,--,600,374,199,226,226,Algún campo sin dato,1,52690128e61c05eb0b0d03d6012685df83bb6a2f9acc871a4f27bc807bb5d694,26/06/2023 00:18:50,ESCANER
5113,"Guatemala",1,"Villa Canales",16,508,600,18,55,5,8,8,34,7,8,0,2,4,4,0,4,5,4,2,8,3,2,6,1,2,190,21,2,213,0,213,--,599,386,190,213,213,Algún campo sin dato,1,e3d59fd60cb7e5983df3a1f38aa92a90f5f2a28aff1aea37cce500aac21ba029,25/06/2023 23:47:48,ESCANER
5114,"Guatemala",1,"Villa Canales",16,508,600,4,47,6,5,9,37,3,7,2,4,4,5,0,4,8,3,0,8,5,4,9,2,1,177,10,2,189,0,189,--,600,411,177,189,189,Algún campo sin dato,1,34616c93c42a6867907f4d7a5a8e25d681a0f023b306305073d57815f2c2a28d,26/06/2023 00:04:49,ESCANER
5115,"Guatemala",1,"Villa Canales",16,508,600,,,,,,,,,,,,,,,,,,,,,,,,,,,,,,,,,,,,,0,,,
5116,"Guatemala",1,"Villa Canales",16,508,600,,,,,,,,,,,,,,,,,,,,,,,,,,,,,,,,,,,,,0,,,
5117,"Guatemala",1,"Villa Canales",16,508,408,8,25,2,3,7,25,2,4,0,2,1,4,0,3,4,1,1,4,1,1,8,1,0,107,10,3,120,0,120,--,405,285,107,120,120,Algún campo sin dato,1,44e086af6c5d0553ef924fc7b510e100cfa80c4309bcf502e0386e6e534b6197,25/06/2023 23:54:46,ESCANER
5118,"Guatemala",1,"Villa Canales",16,508,408,3,4,0,2,1,2,0,3,1,0,0,0,0,0,1,0,0,1,0,0,1,1,0,20,3,0,23,0,23,--,412,389,20,23,23,Algún campo sin dato,1,ec712bdfa0d281e610b77675c8ce5d537a8c403c5a2d010c8310d9db8760a1a7,25/06/2023 22:17:54,ESCANER