﻿TIPO_DE_ELECCIÓN:,CORPORACIÓN MUNICIPAL
26 junio 2023 00:28 (UTC -6)
ACTAS_ESPERADAS,ACTAS_CAPTURADAS,PORCENTAJE_ACTAS_CAPTURADAS,ACTAS_CONTABILIZADAS,PORCENTAJE_ACTAS_CONTABILIZADAS,ACTAS_NO_CONTABILIZADAS,LISTA_NOMINAL_ACTAS_CONTABILIZADAS,VOTOS_EMITIDOS_CONTABILIZADAS,PORCENTAJE_PARTICIPACIÓN_CIUDADANA
25,15,60.0000,15,60.0000,0,5164,3436,66.5375

MESA,DEPARTAMENTO,ID_DEPARTAMENTO,MUNICIPIO,ID_MUNICIPIO,CENTRO_DE_VOTACIÓN,PADRÓN,VAMOS,CABAL,UNE,PPN,VÁLIDOS,NULOS,BLANCO,EMITIDOS,INVÁLIDOS,TOTAL,IMPUGNACIONES,PAPELETAS-RECIBIDAS,PAPELETAS-NO-USADAS,VALIDOS_CALCULADO,EMITIDOS_CALCULADO,TOTAL_CALCULADO,OBSERVACIONES,CONTABILIZADA,CÓDIGO_INTEGRIDAD,FECHA_HORA_PUBLICACIÓN,DIGITALIZACIÓN
14691,"San Marcos",12,"Esquipulas Palo Gordo",27,2092,400,165,78,6,0,249,12,2,263,0,263,--,400,137,249,263,263,Algún campo sin dato,1,80cb54b92cca7ec09eae52eb3bae3de74b254382ed5e2ecbbae5672807a323a2,26/06/2023 00:14:53,ESCANER
14692,"San Marcos",12,"Esquipulas Palo Gordo",27,2092,400,163,112,3,1,279,6,3,288,0,288,--,400,112,279,288,288,Algún campo sin dato,1,ca39f4a5c302e81e59a33f0262f2c9924d2670ee8194f5df359a850059b18b36,25/06/2023 23:39:38,ESCANER
14693,"San Marcos",12,"Esquipulas Palo Gordo",27,2092,400,,,,,,,,,,,,,,,,,,0,,,
14694,"San Marcos",12,"Esquipulas Palo Gordo",27,2092,400,178,126,4,3,311,4,2,317,0,317,--,400,83,311,317,317,Algún campo sin dato,1,54652811a4c0e72db8ffc41afbb16cfb10f46742dbda2d4218be5dc56d3eccca,26/06/2023 00:18:15,ESCANER
14695,"San Marcos",12,"Esquipulas Palo Gordo",27,2092,400,,,,,,,,,,,,,,,,,,0,,,
14696,"San Marcos",12,"Esquipulas Palo Gordo",27,2093,400,148,92,2,2,244,5,4,253,0,253,--,400,147,244,253,253,Algún campo sin dato,1,897bcb8a335467034be007a316054a2d58090508c696e934284440e4082b1d3f,25/06/2023 23:08:31,ESCANER
14697,"San Marcos",12,"Esquipulas Palo Gordo",27,2093,400,,,,,,,,,,,,,,,,,,0,,,
14698,"San Marcos",12,"Esquipulas Palo Gordo",27,2093,400,145,94,2,0,241,5,5,251,0,251,--,400,149,241,251,251,Algún campo sin dato,1,c3c9437cd59b666648e0ce49324b332e393b75053c5396983e329d73f16e0921,26/06/2023 00:26:00,ESCANER
14699,"San Marcos",12,"Esquipulas Palo Gordo",27,2093,400,157,109,3,8,277,1,0,278,0,278,--,400,122,277,278,278,Algún campo sin dato,1,a4470f3e13766e03ad01df0c52d8792e41bc5fab113020857c6ba4723f3723d8,25/06/2023 23:33:01,ESCANER
14700,"San Marcos",12,"Esquipulas Palo Gordo",27,2093,359,133,90,1,4,228,2,1,231,0,231,--,359,128,228,231,231,Algún campo sin dato,1,c7fb1940e6a7a23e492de1bba766ff372ccade98062f277758ee9d708f138c93,25/06/2023 22:19:04,ESCANER
14701,"San Marcos",12,"Esquipulas Palo Gordo",27,2093,359,112,74,1,3,190,3,1,194,0,194,--,359,165,190,194,194,Algún campo sin dato,1,e3c2eadf457dcf1ee78c6d10d1a92b62b5e509422a3e9da8be5b092c186813c6,26/06/2023 00:21:26,ESCANER
14702,"San Marcos",12,"Esquipulas Palo Gordo",27,2094,400,163,93,1,11,268,6,3,277,0,277,--,400,123,268,277,277,Algún campo sin dato,1,71bf54209b0526e8b058ec2151260a5efba807c40f8d48a8975ad936dbb4dd3f,26/06/2023 00:19:12,ESCANER
14703,"San Marcos",12,"Esquipulas Palo Gordo",27,2094,400,,,,,,,,,,,,,,,,,,0,,,
14704,"San Marcos",12,"Esquipulas Palo Gordo",27,2095,228,86,54,0,4,144,2,0,146,0,146,--,225,79,144,146,146,Algún campo sin dato,1,408ba5da40154e78f8b231d88138f5c9e1e4431d8431c53f9e6cb7c6659f633b,25/06/2023 22:11:13,ESCANER
14705,"San Marcos",12,"Esquipulas Palo Gordo",27,2095,227,88,50,2,3,143,5,0,148,0,148,--,227,79,143,148,148,Algún campo sin dato,1,909df01eed29fce48df2f4b8b9690586f66db59757e8c30e0eb131aefefc656c,25/06/2023 22:51:11,ESCANER
14706,"San Marcos",12,"Esquipulas Palo Gordo",27,2096,380,,,,,,,,,,,,,,,,,,0,,,
14707,"San Marcos",12,"Esquipulas Palo Gordo",27,2096,380,,,,,,,,,,,,,,,,,,0,,,
14708,"San Marcos",12,"Esquipulas Palo Gordo",27,2096,380,165,96,1,9,271,10,6,287,0,287,--,380,93,271,287,287,Algún campo sin dato,1,8a6ad9e453b05bdfd1db3eb697f9ce11ef96257354201dcf76aeef426b33b11a,26/06/2023 00:23:19,ESCANER
14709,"San Marcos",12,"Esquipulas Palo Gordo",27,2096,380,152,76,1,2,231,3,3,237,0,237,--,380,143,231,237,237,Algún campo sin dato,1,3b331119d5ce8bb8aca55c21d8af35cd77c5d89ac7b78f1711aab1fedaaa3649,26/06/2023 00:26:59,ESCANER
14710,"San Marcos",12,"Esquipulas Palo Gordo",27,2097,216,101,41,0,2,144,1,1,146,0,146,--,216,70,144,146,146,Algún campo sin dato,1,e2c431853cf71980dcc148bd340b90c6e4ab16f584819bd09a1e898b20e48580,25/06/2023 22:49:27,ESCANER
14711,"San Marcos",12,"Esquipulas Palo Gordo",27,2097,215,77,36,0,6,119,1,0,120,0,120,--,215,95,119,120,120,Algún campo sin dato,1,cb9c25475ef181631b783cab144dadf361bee7606d12ecf9bbe597f79cefdc0d,25/06/2023 22:53:55,ESCANER
14712,"San Marcos",12,"Esquipulas Palo Gordo",27,2098,380,,,,,,,,,,,,,,,,,,0,,,
14713,"San Marcos",12,"Esquipulas Palo Gordo",27,2098,380,,,,,,,,,,,,,,,,,,0,,,
14714,"San Marcos",12,"Esquipulas Palo Gordo",27,2098,322,,,,,,,,,,,,,,,,,,0,,,
14715,"San Marcos",12,"Esquipulas Palo Gordo",27,2098,322,,,,,,,,,,,,,,,,,,0,,,