﻿TIPO_DE_ELECCIÓN:,CORPORACIÓN MUNICIPAL
26 junio 2023 00:28 (UTC -6)
ACTAS_ESPERADAS,ACTAS_CAPTURADAS,PORCENTAJE_ACTAS_CAPTURADAS,ACTAS_CONTABILIZADAS,PORCENTAJE_ACTAS_CONTABILIZADAS,ACTAS_NO_CONTABILIZADAS,LISTA_NOMINAL_ACTAS_CONTABILIZADAS,VOTOS_EMITIDOS_CONTABILIZADAS,PORCENTAJE_PARTICIPACIÓN_CIUDADANA
25,11,44.0000,11,44.0000,0,4067,2824,69.4369

MESA,DEPARTAMENTO,ID_DEPARTAMENTO,MUNICIPIO,ID_MUNICIPIO,CENTRO_DE_VOTACIÓN,PADRÓN,VAMOS,VIVA,PR,UNE,U R N G - MAIZ,VICTORIA,MLP,PHG,CABAL,TODOS,VOS,AZUL,VALOR UNIONISTA,VÁLIDOS,NULOS,BLANCO,EMITIDOS,INVÁLIDOS,TOTAL,IMPUGNACIONES,PAPELETAS-RECIBIDAS,PAPELETAS-NO-USADAS,VALIDOS_CALCULADO,EMITIDOS_CALCULADO,TOTAL_CALCULADO,OBSERVACIONES,CONTABILIZADA,CÓDIGO_INTEGRIDAD,FECHA_HORA_PUBLICACIÓN,DIGITALIZACIÓN
9496,"Sololá",7,"Panajachel",10,1177,400,54,16,19,7,16,29,54,16,39,2,2,0,21,275,16,3,294,0,294,--,400,106,275,294,294,Algún campo sin dato,1,5cecd815121abba81788199a610f478ac78ea029c2ac60004246b0a34224a1bf,25/06/2023 23:50:47,ESCANER
9497,"Sololá",7,"Panajachel",10,1177,400,48,11,23,17,9,22,71,12,46,2,5,1,17,301,8,2,311,0,311,--,400,89,284,294,294,Sumas Asentadas sin cuadrar,1,32f02604ccd6161d5f081252063200c9871e29bb73c17037c2b1b9a9ba50c72a,26/06/2023 00:18:35,ESCANER
9498,"Sololá",7,"Panajachel",10,1177,400,,,,,,,,,,,,,,,,,,,,,,,,,,,0,,,
9499,"Sololá",7,"Panajachel",10,1177,400,50,13,31,11,12,20,66,19,43,4,1,1,24,295,8,4,307,0,307,--,400,93,295,307,307,Algún campo sin dato,1,1cea2967b95b382764674031892f6bc6b4eb362a62ccc82ef07a6881b9f3459f,25/06/2023 23:29:34,ESCANER
9500,"Sololá",7,"Panajachel",10,1177,400,,,,,,,,,,,,,,,,,,,,,,,,,,,0,,,
9501,"Sololá",7,"Panajachel",10,1177,400,,,,,,,,,,,,,,,,,,,,,,,,,,,0,,,
9502,"Sololá",7,"Panajachel",10,1177,400,,,,,,,,,,,,,,,,,,,,,,,,,,,0,,,
9503,"Sololá",7,"Panajachel",10,1177,400,,,,,,,,,,,,,,,,,,,,,,,,,,,0,,,
9504,"Sololá",7,"Panajachel",10,1177,400,,,,,,,,,,,,,,,,,,,,,,,,,,,0,,,
9505,"Sololá",7,"Panajachel",10,1177,400,53,13,17,11,26,24,55,4,34,5,2,0,16,260,13,4,277,0,277,--,403,126,260,277,277,Algún campo sin dato,1,07cf60cfe97be53a8f0bfb5ac81be0e2a10927497e35b42d7cf0e5add64ebc24,25/06/2023 23:45:58,ESCANER
9506,"Sololá",7,"Panajachel",10,1177,400,46,13,13,10,17,32,57,13,35,0,4,1,31,272,13,1,286,--,287,1,--,--,272,286,286,Sumas Asentadas sin cuadrar,1,414fb3347545fad4400ab1fb5f71773a3222a27cc4f26fe16385aa3ef35bd2f5,25/06/2023 23:54:49,ESCANER
9507,"Sololá",7,"Panajachel",10,1177,400,,,,,,,,,,,,,,,,,,,,,,,,,,,0,,,
9508,"Sololá",7,"Panajachel",10,1177,400,48,17,38,7,21,25,59,13,39,3,4,0,26,300,2,1,303,0,--,--,400,94,300,303,303,Algún campo sin dato,1,39287bb89f6446e8125bf0a452154475afb5cc535bc611e0f3db6a69e3256d22,26/06/2023 00:19:23,ESCANER
9509,"Sololá",7,"Panajachel",10,1177,400,63,10,31,6,22,18,64,8,36,3,5,0,42,308,9,0,317,0,317,--,403,86,308,317,317,Algún campo sin dato,1,33cfc4e01569c90dab64b131efeabe6bbbc7e88563194449795d6a04a663b22b,25/06/2023 22:57:32,ESCANER
9510,"Sololá",7,"Panajachel",10,1178,400,,,,,,,,,,,,,,,,,,,,,,,,,,,0,,,
9511,"Sololá",7,"Panajachel",10,1178,400,,,,,,,,,,,,,,,,,,,,,,,,,,,0,,,
9512,"Sololá",7,"Panajachel",10,1178,400,,,,,,,,,,,,,,,,,,,,,,,,,,,0,,,
9513,"Sololá",7,"Panajachel",10,1178,400,,,,,,,,,,,,,,,,,,,,,,,,,,,0,,,
9514,"Sololá",7,"Panajachel",10,1179,400,,,,,,,,,,,,,,,,,,,,,,,,,,,0,,,
9515,"Sololá",7,"Panajachel",10,1179,400,62,11,19,10,22,24,51,12,37,1,2,0,32,283,4,1,288,0,288,--,400,112,283,288,288,Algún campo sin dato,1,97cc337c5134fd36de4037efefc6cc293d41b134af9490c1a6a87b10ef21e1c5,25/06/2023 23:46:48,ESCANER
9516,"Sololá",7,"Panajachel",10,1179,400,,,,,,,,,,,,,,,,,,,,,,,,,,,0,,,
9517,"Sololá",7,"Panajachel",10,1179,400,,,,,,,,,,,,,,,,,,,,,,,,,,,0,,,
9518,"Sololá",7,"Panajachel",10,1180,204,34,5,6,8,9,10,21,7,12,2,4,0,15,133,2,0,135,0,135,--,204,69,133,135,135,Algún campo sin dato,1,303cf71c0b0b7354be2e6ce28720751700a56cc013bf5a628415dc31e02f3e30,25/06/2023 22:04:24,ESCANER
9519,"Sololá",7,"Panajachel",10,1180,204,25,8,12,3,7,7,27,3,7,0,0,2,11,112,0,1,113,0,113,25,204,91,112,113,113,,1,7a18a03513e547598393266aed5d3d11eff66dc50c4d2bc8392fad3840ae441f,25/06/2023 22:40:02,ESCANER
9520,"Sololá",7,"Panajachel",10,1181,459,38,8,12,13,9,18,43,6,30,0,1,0,22,200,8,2,210,0,210,--,459,249,200,210,210,Algún campo sin dato,1,85e4eb3a93fb79534e8d415c1d9287440012708694e25b186970ff20fe68f1ac,26/06/2023 00:02:06,ESCANER