﻿TIPO_DE_ELECCIÓN:,CORPORACIÓN MUNICIPAL
26 junio 2023 00:28 (UTC -6)
ACTAS_ESPERADAS,ACTAS_CAPTURADAS,PORCENTAJE_ACTAS_CAPTURADAS,ACTAS_CONTABILIZADAS,PORCENTAJE_ACTAS_CONTABILIZADAS,ACTAS_NO_CONTABILIZADAS,LISTA_NOMINAL_ACTAS_CONTABILIZADAS,VOTOS_EMITIDOS_CONTABILIZADAS,PORCENTAJE_PARTICIPACIÓN_CIUDADANA
20,8,40.0000,8,40.0000,0,2809,2256,80.3132

MESA,DEPARTAMENTO,ID_DEPARTAMENTO,MUNICIPIO,ID_MUNICIPIO,CENTRO_DE_VOTACIÓN,PADRÓN,VAMOS,AZUL,UNE,CABAL,CAMBIO,VICTORIA,VOS,PPG,VIVA,VALOR UNIONISTA,VÁLIDOS,NULOS,BLANCO,EMITIDOS,INVÁLIDOS,TOTAL,IMPUGNACIONES,PAPELETAS-RECIBIDAS,PAPELETAS-NO-USADAS,VALIDOS_CALCULADO,EMITIDOS_CALCULADO,TOTAL_CALCULADO,OBSERVACIONES,CONTABILIZADA,CÓDIGO_INTEGRIDAD,FECHA_HORA_PUBLICACIÓN,DIGITALIZACIÓN
5554,"Sacatepéquez",2,"Santo Domingo Xenacoj",5,566,400,,,,,,,,,,,,,,,,,,,,,,,,0,,,
5555,"Sacatepéquez",2,"Santo Domingo Xenacoj",5,566,400,97,12,13,123,23,36,4,8,3,5,324,12,4,340,0,340,--,400,60,324,340,340,Algún campo sin dato,1,4481cbebc27222b4143cb3042052d38da80c56c76ad2534397d4ecd62a75970d,26/06/2023 00:22:33,ESCANER
5556,"Sacatepéquez",2,"Santo Domingo Xenacoj",5,566,400,,,,,,,,,,,,,,,,,,,,,,,,0,,,
5557,"Sacatepéquez",2,"Santo Domingo Xenacoj",5,566,400,88,20,8,116,38,49,8,6,1,5,339,14,1,354,0,354,--,399,45,339,354,354,Algún campo sin dato,1,3b2c943ae01c5011981e61ce001fac5090b8d77db29a78dfdcad59fe7e618e2a,26/06/2023 00:15:31,ESCANER
5558,"Sacatepéquez",2,"Santo Domingo Xenacoj",5,566,400,90,13,13,117,33,56,5,9,3,2,341,14,5,360,0,360,--,400,40,341,360,360,Algún campo sin dato,1,88c40d10dff5129175de675db190a594a984bf3d4b5fff3ecb5ebb4627925bd6,25/06/2023 23:48:38,ESCANER
5559,"Sacatepéquez",2,"Santo Domingo Xenacoj",5,566,400,,,,,,,,,,,,,,,,,,,,,,,,0,,,
5560,"Sacatepéquez",2,"Santo Domingo Xenacoj",5,566,400,111,14,13,99,35,29,11,7,2,6,327,5,4,336,0,336,--,400,64,327,336,336,Algún campo sin dato,1,cc114d5e0f13789547ba8dd529ca1fdc6b94d431b2568b6b2d518ad2864b1135,25/06/2023 23:28:39,ESCANER
5561,"Sacatepéquez",2,"Santo Domingo Xenacoj",5,566,400,,,,,,,,,,,,,,,,,,,,,,,,0,,,
5562,"Sacatepéquez",2,"Santo Domingo Xenacoj",5,567,400,,,,,,,,,,,,,,,,,,,,,,,,0,,,
5563,"Sacatepéquez",2,"Santo Domingo Xenacoj",5,567,400,87,15,16,88,37,40,7,5,1,2,298,5,3,306,0,306,1,400,94,298,306,306,,1,3372d8aa3d7a4b9e5cc487aad2893281e49bd822d7e550b08f3f8bff891df15b,25/06/2023 22:42:16,ESCANER
5564,"Sacatepéquez",2,"Santo Domingo Xenacoj",5,567,400,,,,,,,,,,,,,,,,,,,,,,,,0,,,
5565,"Sacatepéquez",2,"Santo Domingo Xenacoj",5,567,400,,,,,,,,,,,,,,,,,,,,,,,,0,,,
5566,"Sacatepéquez",2,"Santo Domingo Xenacoj",5,567,400,,,,,,,,,,,,,,,,,,,,,,,,0,,,
5567,"Sacatepéquez",2,"Santo Domingo Xenacoj",5,567,400,,,,,,,,,,,,,,,,,,,,,,,,0,,,
5568,"Sacatepéquez",2,"Santo Domingo Xenacoj",5,568,400,,,,,,,,,,,,,,,,,,,,,,,,0,,,
5569,"Sacatepéquez",2,"Santo Domingo Xenacoj",5,568,400,,,,,,,,,,,,,,,,,,,,,,,,0,,,
5570,"Sacatepéquez",2,"Santo Domingo Xenacoj",5,568,400,,,,,,,,,,,,,,,,,,,,,,,,0,,,
5571,"Sacatepéquez",2,"Santo Domingo Xenacoj",5,568,400,114,16,15,93,32,37,10,3,0,2,322,2,1,325,0,325,--,400,75,322,325,325,Algún campo sin dato,1,e7be6e99d350a83290dafecf7e604fbded72059eda6f8ef7d006dc339a57dd11,26/06/2023 00:14:09,ESCANER
5572,"Sacatepéquez",2,"Santo Domingo Xenacoj",5,568,205,34,5,7,35,13,25,4,4,1,1,129,3,0,132,0,132,--,205,73,129,132,132,Algún campo sin dato,1,0d2c066877cbb5a7e31356ba09e35aac91a99cc2a9ec533169fe9b9c9d835f0b,25/06/2023 22:08:05,ESCANER
5573,"Sacatepéquez",2,"Santo Domingo Xenacoj",5,568,204,25,1,11,33,4,19,0,6,2,0,101,2,0,103,0,103,--,204,101,101,103,103,Algún campo sin dato,1,7ed9a8a2032d252d9efde4376999eadce2f9594c7d020c1a3a7dc72d53f6ca9e,25/06/2023 23:37:38,ESCANER