﻿TIPO_DE_ELECCIÓN:,CORPORACIÓN MUNICIPAL
26 junio 2023 00:28 (UTC -6)
ACTAS_ESPERADAS,ACTAS_CAPTURADAS,PORCENTAJE_ACTAS_CAPTURADAS,ACTAS_CONTABILIZADAS,PORCENTAJE_ACTAS_CONTABILIZADAS,ACTAS_NO_CONTABILIZADAS,LISTA_NOMINAL_ACTAS_CONTABILIZADAS,VOTOS_EMITIDOS_CONTABILIZADAS,PORCENTAJE_PARTICIPACIÓN_CIUDADANA
97,23,23.7113,23,23.7113,0,8482,5464,64.4187

MESA,DEPARTAMENTO,ID_DEPARTAMENTO,MUNICIPIO,ID_MUNICIPIO,CENTRO_DE_VOTACIÓN,PADRÓN,MLP,PPN,FCN-NACION,PHG,VAMOS,VALOR,VIVA,UNE,CABAL,CAMBIO,VICTORIA,MI FAMILIA,PODEMOS,ELEFANTE,AZUL,KAQ KOJ,SEMILLA,VOS,PR,VÁLIDOS,NULOS,BLANCO,EMITIDOS,INVÁLIDOS,TOTAL,IMPUGNACIONES,PAPELETAS-RECIBIDAS,PAPELETAS-NO-USADAS,VALIDOS_CALCULADO,EMITIDOS_CALCULADO,TOTAL_CALCULADO,OBSERVACIONES,CONTABILIZADA,CÓDIGO_INTEGRIDAD,FECHA_HORA_PUBLICACIÓN,DIGITALIZACIÓN
18956,"Alta Verapaz",16,"San Cristóbal Verapaz",3,2907,400,,,,,,,,,,,,,,,,,,,,,,,,,,,,,,,,,0,,,
18957,"Alta Verapaz",16,"San Cristóbal Verapaz",3,2907,400,,,,,,,,,,,,,,,,,,,,,,,,,,,,,,,,,0,,,
18958,"Alta Verapaz",16,"San Cristóbal Verapaz",3,2907,400,,,,,,,,,,,,,,,,,,,,,,,,,,,,,,,,,0,,,
18959,"Alta Verapaz",16,"San Cristóbal Verapaz",3,2907,400,,,,,,,,,,,,,,,,,,,,,,,,,,,,,,,,,0,,,
18960,"Alta Verapaz",16,"San Cristóbal Verapaz",3,2907,400,5,3,0,10,57,45,3,8,14,2,0,3,65,6,3,7,2,1,50,284,19,1,304,1,305,0,400,95,284,304,305,,1,f865d6d935389585da1b096bdd4a5060cf844cc1b6a9b604fec9017b9ed1ce6c,25/06/2023 23:57:13,ESCANER
18961,"Alta Verapaz",16,"San Cristóbal Verapaz",3,2907,400,,,,,,,,,,,,,,,,,,,,,,,,,,,,,,,,,0,,,
18962,"Alta Verapaz",16,"San Cristóbal Verapaz",3,2907,400,,,,,,,,,,,,,,,,,,,,,,,,,,,,,,,,,0,,,
18963,"Alta Verapaz",16,"San Cristóbal Verapaz",3,2907,400,,,,,,,,,,,,,,,,,,,,,,,,,,,,,,,,,0,,,
18964,"Alta Verapaz",16,"San Cristóbal Verapaz",3,2907,400,,,,,,,,,,,,,,,,,,,,,,,,,,,,,,,,,0,,,
18965,"Alta Verapaz",16,"San Cristóbal Verapaz",3,2907,400,,,,,,,,,,,,,,,,,,,,,,,,,,,,,,,,,0,,,
18966,"Alta Verapaz",16,"San Cristóbal Verapaz",3,2907,400,,,,,,,,,,,,,,,,,,,,,,,,,,,,,,,,,0,,,
18967,"Alta Verapaz",16,"San Cristóbal Verapaz",3,2907,400,,,,,,,,,,,,,,,,,,,,,,,,,,,,,,,,,0,,,
18968,"Alta Verapaz",16,"San Cristóbal Verapaz",3,2908,400,,,,,,,,,,,,,,,,,,,,,,,,,,,,,,,,,0,,,
18969,"Alta Verapaz",16,"San Cristóbal Verapaz",3,2908,400,,,,,,,,,,,,,,,,,,,,,,,,,,,,,,,,,0,,,
18970,"Alta Verapaz",16,"San Cristóbal Verapaz",3,2908,400,,,,,,,,,,,,,,,,,,,,,,,,,,,,,,,,,0,,,
18971,"Alta Verapaz",16,"San Cristóbal Verapaz",3,2908,400,,,,,,,,,,,,,,,,,,,,,,,,,,,,,,,,,0,,,
18972,"Alta Verapaz",16,"San Cristóbal Verapaz",3,2908,400,,,,,,,,,,,,,,,,,,,,,,,,,,,,,,,,,0,,,
18973,"Alta Verapaz",16,"San Cristóbal Verapaz",3,2908,400,2,4,2,10,46,32,3,18,9,4,3,0,70,8,1,6,3,1,40,262,11,3,276,0,276,--,396,120,262,276,276,Algún campo sin dato,1,38a785b7b698f7c61b9958f77f3b057ad162deb78bbc4f1b8bc69fd384b07db7,26/06/2023 00:25:46,ESCANER
18974,"Alta Verapaz",16,"San Cristóbal Verapaz",3,2908,400,,,,,,,,,,,,,,,,,,,,,,,,,,,,,,,,,0,,,
18975,"Alta Verapaz",16,"San Cristóbal Verapaz",3,2908,400,,,,,,,,,,,,,,,,,,,,,,,,,,,,,,,,,0,,,
18976,"Alta Verapaz",16,"San Cristóbal Verapaz",3,2908,400,,,,,,,,,,,,,,,,,,,,,,,,,,,,,,,,,0,,,
18977,"Alta Verapaz",16,"San Cristóbal Verapaz",3,2908,400,,,,,,,,,,,,,,,,,,,,,,,,,,,,,,,,,0,,,
18978,"Alta Verapaz",16,"San Cristóbal Verapaz",3,2909,400,,,,,,,,,,,,,,,,,,,,,,,,,,,,,,,,,0,,,
18979,"Alta Verapaz",16,"San Cristóbal Verapaz",3,2909,400,,,,,,,,,,,,,,,,,,,,,,,,,,,,,,,,,0,,,
18980,"Alta Verapaz",16,"San Cristóbal Verapaz",3,2909,400,,,,,,,,,,,,,,,,,,,,,,,,,,,,,,,,,0,,,
18981,"Alta Verapaz",16,"San Cristóbal Verapaz",3,2910,400,,,,,,,,,,,,,,,,,,,,,,,,,,,,,,,,,0,,,
18982,"Alta Verapaz",16,"San Cristóbal Verapaz",3,2910,400,,,,,,,,,,,,,,,,,,,,,,,,,,,,,,,,,0,,,
18983,"Alta Verapaz",16,"San Cristóbal Verapaz",3,2910,400,2,5,1,9,46,40,0,4,14,3,5,2,59,5,1,5,3,0,30,234,6,0,240,0,240,--,400,160,234,240,240,Algún campo sin dato,1,eb7c08e094709110d2db1e508e5959ca588f7f095933d3232274e754528f9e08,26/06/2023 00:07:39,ESCANER
18984,"Alta Verapaz",16,"San Cristóbal Verapaz",3,2911,400,,,,,,,,,,,,,,,,,,,,,,,,,,,,,,,,,0,,,
18985,"Alta Verapaz",16,"San Cristóbal Verapaz",3,2911,400,,,,,,,,,,,,,,,,,,,,,,,,,,,,,,,,,0,,,
18986,"Alta Verapaz",16,"San Cristóbal Verapaz",3,2911,400,6,0,0,8,53,38,1,3,12,3,2,0,57,3,3,3,3,0,45,240,3,0,243,--,243,--,400,157,240,243,243,Algún campo sin dato,1,d85d8dabef77a99c227bdd4b6c5fc1bc648d8d29d141514b709e5dfa8d2ddf59,26/06/2023 00:22:51,ESCANER
18987,"Alta Verapaz",16,"San Cristóbal Verapaz",3,2911,247,4,4,0,5,29,26,2,2,5,1,0,1,35,2,0,4,1,1,20,142,3,1,146,0,146,--,247,98,142,146,146,Algún campo sin dato,1,ebd8a2e7510d78c218e1b6dfb587b68542ad0d5739fe7fc56f8a4ec9ea53fc84,25/06/2023 22:30:50,ESCANER
18988,"Alta Verapaz",16,"San Cristóbal Verapaz",3,2911,246,0,4,0,3,29,20,2,2,5,0,1,2,29,3,1,1,0,0,23,125,8,0,133,0,133,--,246,113,125,133,133,Algún campo sin dato,1,7502c3e630fcc554652c2dddcb364613da3acdc0a6873a199ec51ac7be023e08,25/06/2023 22:24:30,ESCANER
18989,"Alta Verapaz",16,"San Cristóbal Verapaz",3,2912,400,,,,,,,,,,,,,,,,,,,,,,,,,,,,,,,,,0,,,
18990,"Alta Verapaz",16,"San Cristóbal Verapaz",3,2912,400,,,,,,,,,,,,,,,,,,,,,,,,,,,,,,,,,0,,,
18991,"Alta Verapaz",16,"San Cristóbal Verapaz",3,2912,400,6,5,0,48,71,41,2,14,23,2,7,2,45,3,0,8,1,0,24,302,31,9,342,0,342,--,400,58,302,342,342,Algún campo sin dato,1,876fdac15d456659818868bb49dee9e34bd8fc587fadc01d6f88a40565faba69,25/06/2023 23:33:54,ESCANER
18992,"Alta Verapaz",16,"San Cristóbal Verapaz",3,2912,400,,,,,,,,,,,,,,,,,,,,,,,,,,,,,,,,,0,,,
18993,"Alta Verapaz",16,"San Cristóbal Verapaz",3,2912,400,,,,,,,,,,,,,,,,,,,,,,,,,,,,,,,,,0,,,
18994,"Alta Verapaz",16,"San Cristóbal Verapaz",3,2913,400,,,,,,,,,,,,,,,,,,,,,,,,,,,,,,,,,0,,,
18995,"Alta Verapaz",16,"San Cristóbal Verapaz",3,2913,400,,,,,,,,,,,,,,,,,,,,,,,,,,,,,,,,,0,,,
18996,"Alta Verapaz",16,"San Cristóbal Verapaz",3,2913,400,,,,,,,,,,,,,,,,,,,,,,,,,,,,,,,,,0,,,
18997,"Alta Verapaz",16,"San Cristóbal Verapaz",3,2914,400,,,,,,,,,,,,,,,,,,,,,,,,,,,,,,,,,0,,,
18998,"Alta Verapaz",16,"San Cristóbal Verapaz",3,2914,400,,,,,,,,,,,,,,,,,,,,,,,,,,,,,,,,,0,,,
18999,"Alta Verapaz",16,"San Cristóbal Verapaz",3,2914,338,,,,,,,,,,,,,,,,,,,,,,,,,,,,,,,,,0,,,
19000,"Alta Verapaz",16,"San Cristóbal Verapaz",3,2914,337,,,,,,,,,,,,,,,,,,,,,,,,,,,,,,,,,0,,,
19001,"Alta Verapaz",16,"San Cristóbal Verapaz",3,2915,400,,,,,,,,,,,,,,,,,,,,,,,,,,,,,,,,,0,,,
19002,"Alta Verapaz",16,"San Cristóbal Verapaz",3,2915,400,,,,,,,,,,,,,,,,,,,,,,,,,,,,,,,,,0,,,
19003,"Alta Verapaz",16,"San Cristóbal Verapaz",3,2915,400,5,4,1,9,72,45,4,13,14,2,10,0,54,3,2,3,0,1,28,270,41,6,317,0,317,--,400,83,270,317,317,Algún campo sin dato,1,3f35c2ad61261ef84fbffaa716df7bbc610b8580f5ceed25b5f52aa742c142e8,25/06/2023 23:51:49,ESCANER
19004,"Alta Verapaz",16,"San Cristóbal Verapaz",3,2915,400,,,,,,,,,,,,,,,,,,,,,,,,,,,,,,,,,0,,,
19005,"Alta Verapaz",16,"San Cristóbal Verapaz",3,2915,400,,,,,,,,,,,,,,,,,,,,,,,,,,,,,,,,,0,,,
19006,"Alta Verapaz",16,"San Cristóbal Verapaz",3,2915,400,,,,,,,,,,,,,,,,,,,,,,,,,,,,,,,,,0,,,
19007,"Alta Verapaz",16,"San Cristóbal Verapaz",3,2915,400,,,,,,,,,,,,,,,,,,,,,,,,,,,,,,,,,0,,,
19008,"Alta Verapaz",16,"San Cristóbal Verapaz",3,2915,400,5,5,0,8,98,33,0,5,13,2,3,0,40,4,4,4,1,0,29,254,15,4,273,0,273,--,397,124,254,273,273,Algún campo sin dato,1,3470cd4080ff51ae522ab1ac3016ee898bafa605cb9635c2c65baef0795d63f8,26/06/2023 00:13:13,ESCANER
19009,"Alta Verapaz",16,"San Cristóbal Verapaz",3,2915,400,4,3,0,5,90,34,2,9,16,0,6,0,42,1,3,5,0,1,28,249,15,2,266,0,266,1,--,--,249,266,266,Algún campo sin dato,1,77bb0a07a67646c94297d4608592f867cae5177577ebb28fe01517bba9f3cafc,25/06/2023 23:29:07,ESCANER
19010,"Alta Verapaz",16,"San Cristóbal Verapaz",3,2915,400,2,8,0,11,85,35,1,2,16,1,7,0,34,1,3,8,0,1,29,244,3,0,247,0,247,--,400,153,244,247,247,Algún campo sin dato,1,79077c53008d6c348aae137171b89c2fa89efc38bc2615677cf4665b7ab631d0,25/06/2023 23:33:12,ESCANER
19011,"Alta Verapaz",16,"San Cristóbal Verapaz",3,2915,400,,,,,,,,,,,,,,,,,,,,,,,,,,,,,,,,,0,,,
19012,"Alta Verapaz",16,"San Cristóbal Verapaz",3,2915,215,1,2,0,6,46,16,1,6,7,2,5,0,16,0,3,1,0,0,13,125,4,1,130,0,130,--,215,85,125,130,130,Algún campo sin dato,1,37f8f4b6688a9099f8bde77786bdc236e2e22cfed1e2cf4ac4f3c8558c1232fa,25/06/2023 21:59:12,ESCANER
19013,"Alta Verapaz",16,"San Cristóbal Verapaz",3,2915,214,4,1,0,9,40,12,2,1,3,0,2,0,21,1,2,2,0,0,15,115,6,2,123,0,123,--,214,91,115,123,123,Algún campo sin dato,1,91fb1692fefa720dc77dcb92d29044527c65813639f92a6585f26b73d78ca7f6,25/06/2023 23:01:48,ESCANER
19014,"Alta Verapaz",16,"San Cristóbal Verapaz",3,2916,380,,,,,,,,,,,,,,,,,,,,,,,,,,,,,,,,,0,,,
19015,"Alta Verapaz",16,"San Cristóbal Verapaz",3,2916,380,,,,,,,,,,,,,,,,,,,,,,,,,,,,,,,,,0,,,
19016,"Alta Verapaz",16,"San Cristóbal Verapaz",3,2916,380,,,,,,,,,,,,,,,,,,,,,,,,,,,,,,,,,0,,,
19017,"Alta Verapaz",16,"San Cristóbal Verapaz",3,2916,380,,,,,,,,,,,,,,,,,,,,,,,,,,,,,,,,,0,,,
19018,"Alta Verapaz",16,"San Cristóbal Verapaz",3,2916,380,,,,,,,,,,,,,,,,,,,,,,,,,,,,,,,,,0,,,
19019,"Alta Verapaz",16,"San Cristóbal Verapaz",3,2916,380,,,,,,,,,,,,,,,,,,,,,,,,,,,,,,,,,0,,,
19020,"Alta Verapaz",16,"San Cristóbal Verapaz",3,2916,380,,,,,,,,,,,,,,,,,,,,,,,,,,,,,,,,,0,,,
19021,"Alta Verapaz",16,"San Cristóbal Verapaz",3,2916,380,,,,,,,,,,,,,,,,,,,,,,,,,,,,,,,,,0,,,
19022,"Alta Verapaz",16,"San Cristóbal Verapaz",3,2916,380,,,,,,,,,,,,,,,,,,,,,,,,,,,,,,,,,0,,,
19023,"Alta Verapaz",16,"San Cristóbal Verapaz",3,2916,380,,,,,,,,,,,,,,,,,,,,,,,,,,,,,,,,,0,,,
19024,"Alta Verapaz",16,"San Cristóbal Verapaz",3,2916,380,6,3,0,6,88,83,1,4,2,7,3,0,34,0,0,3,0,0,8,248,15,2,265,4,269,--,380,111,248,265,269,Algún campo sin dato,1,5b8cb3121d844575cd2446406d48ce9d44199b97a70eff95c8109df3dcc73dac,25/06/2023 23:33:19,ESCANER
19025,"Alta Verapaz",16,"San Cristóbal Verapaz",3,2916,380,,,,,,,,,,,,,,,,,,,,,,,,,,,,,,,,,0,,,
19026,"Alta Verapaz",16,"San Cristóbal Verapaz",3,2916,380,,,,,,,,,,,,,,,,,,,,,,,,,,,,,,,,,0,,,
19027,"Alta Verapaz",16,"San Cristóbal Verapaz",3,2916,380,,,,,,,,,,,,,,,,,,,,,,,,,,,,,,,,,0,,,
19028,"Alta Verapaz",16,"San Cristóbal Verapaz",3,2916,317,4,0,0,6,55,59,1,7,4,3,7,0,34,1,0,2,0,0,11,194,9,2,205,0,205,0,317,112,194,205,205,,1,03b6391f807d64814f0940d2db06976d16b4631b758523a84c0b27809a968d98,25/06/2023 23:41:36,ESCANER
19029,"Alta Verapaz",16,"San Cristóbal Verapaz",3,2916,317,,,,,,,,,,,,,,,,,,,,,,,,,,,,,,,,,0,,,
19030,"Alta Verapaz",16,"San Cristóbal Verapaz",3,2917,380,,,,,,,,,,,,,,,,,,,,,,,,,,,,,,,,,0,,,
19031,"Alta Verapaz",16,"San Cristóbal Verapaz",3,2917,380,,,,,,,,,,,,,,,,,,,,,,,,,,,,,,,,,0,,,
19032,"Alta Verapaz",16,"San Cristóbal Verapaz",3,2917,380,,,,,,,,,,,,,,,,,,,,,,,,,,,,,,,,,0,,,
19033,"Alta Verapaz",16,"San Cristóbal Verapaz",3,2917,380,,,,,,,,,,,,,,,,,,,,,,,,,,,,,,,,,0,,,
19034,"Alta Verapaz",16,"San Cristóbal Verapaz",3,2917,380,,,,,,,,,,,,,,,,,,,,,,,,,,,,,,,,,0,,,
19035,"Alta Verapaz",16,"San Cristóbal Verapaz",3,2917,380,,,,,,,,,,,,,,,,,,,,,,,,,,,,,,,,,0,,,
19036,"Alta Verapaz",16,"San Cristóbal Verapaz",3,2917,262,14,6,0,1,17,53,1,4,1,0,16,0,36,0,0,3,0,0,7,159,5,2,166,0,166,--,262,96,159,166,166,Algún campo sin dato,1,9db0b36dcd387e3d807718326ca7ef9a695c5d2d8ee039d0b439fe9099da5c8f,25/06/2023 22:33:34,ESCANER
19037,"Alta Verapaz",16,"San Cristóbal Verapaz",3,2917,262,,,,,,,,,,,,,,,,,,,,,,,,,,,,,,,,,0,,,
19038,"Alta Verapaz",16,"San Cristóbal Verapaz",3,2918,380,,,,,,,,,,,,,,,,,,,,,,,,,,,,,,,,,0,,,
19039,"Alta Verapaz",16,"San Cristóbal Verapaz",3,2918,380,,,,,,,,,,,,,,,,,,,,,,,,,,,,,,,,,0,,,
19040,"Alta Verapaz",16,"San Cristóbal Verapaz",3,2918,380,,,,,,,,,,,,,,,,,,,,,,,,,,,,,,,,,0,,,
19041,"Alta Verapaz",16,"San Cristóbal Verapaz",3,2918,380,,,,,,,,,,,,,,,,,,,,,,,,,,,,,,,,,0,,,
19042,"Alta Verapaz",16,"San Cristóbal Verapaz",3,2918,380,8,1,0,1,47,47,3,13,10,12,62,1,50,1,1,4,1,0,1,263,32,9,263,0,304,0,380,76,263,304,304,Sumas Asentadas sin cuadrar,1,4fa779ebb46c0d568966f74ab6df64b93d4a30837fdbaa561f04048ed149e625,25/06/2023 22:55:07,ESCANER
19043,"Alta Verapaz",16,"San Cristóbal Verapaz",3,2918,380,9,0,1,4,45,47,0,14,4,16,46,0,59,1,2,3,0,0,1,252,52,8,312,0,312,--,380,68,252,312,312,Algún campo sin dato,1,2a2e914be800df6713d9bcff29204390183481e56fd2f285e5a26dfd405a0075,25/06/2023 23:22:26,ESCANER
19044,"Alta Verapaz",16,"San Cristóbal Verapaz",3,2918,380,10,2,0,3,57,37,2,14,3,5,41,1,51,0,2,4,0,0,1,233,40,8,281,0,281,0,380,99,233,281,281,,1,5a045825c483655dbe72fedc8b351f8b47630b945f6843cac4814df7494cd1fc,25/06/2023 23:53:11,ESCANER
19045,"Alta Verapaz",16,"San Cristóbal Verapaz",3,2918,380,5,1,0,2,53,30,0,12,3,2,40,0,62,2,1,1,0,0,3,217,23,8,248,0,248,--,380,132,217,248,248,Algún campo sin dato,1,f01ddd18d54ec94f61d002517c1a79d157e61029f9919979070cbae296610cf8,26/06/2023 00:23:53,ESCANER
19046,"Alta Verapaz",16,"San Cristóbal Verapaz",3,2918,380,,,,,,,,,,,,,,,,,,,,,,,,,,,,,,,,,0,,,
19047,"Alta Verapaz",16,"San Cristóbal Verapaz",3,2918,380,7,1,1,4,38,30,4,6,4,5,54,1,41,0,2,4,0,0,1,203,24,7,234,0,234,--,380,146,203,234,234,Algún campo sin dato,1,f4f1071b9f69eb96e17bc6a3cacd63f0cb01741ccdbb6f9dcb7d166fd52a81f9,25/06/2023 23:07:18,ESCANER
19048,"Alta Verapaz",16,"San Cristóbal Verapaz",3,2919,380,,,,,,,,,,,,,,,,,,,,,,,,,,,,,,,,,0,,,
19049,"Alta Verapaz",16,"San Cristóbal Verapaz",3,2919,349,,,,,,,,,,,,,,,,,,,,,,,,,,,,,,,,,0,,,
19050,"Alta Verapaz",16,"San Cristóbal Verapaz",3,2920,349,,,,,,,,,,,,,,,,,,,,,,,,,,,,,,,,,0,,,
19051,"Alta Verapaz",16,"San Cristóbal Verapaz",3,2921,551,3,2,0,10,44,27,8,4,6,0,7,2,48,7,5,6,2,1,29,211,22,8,241,0,241,--,551,310,211,241,241,Algún campo sin dato,1,8348c212e9752eba092408e0110b35962f1e7243dc0aec4b0f16ff8e5e67b481,25/06/2023 22:16:20,ESCANER
19052,"Alta Verapaz",16,"San Cristóbal Verapaz",3,2921,550,3,4,1,11,38,21,2,5,2,1,4,2,28,7,2,1,4,0,22,158,9,1,168,0,168,--,550,382,158,168,168,Algún campo sin dato,1,712286f262090d364df18d80a684f4ec29866ed6fefc41e0012bf14673cd45f6,26/06/2023 00:26:46,ESCANER