﻿TIPO_DE_ELECCIÓN:,CORPORACIÓN MUNICIPAL
26 junio 2023 00:28 (UTC -6)
ACTAS_ESPERADAS,ACTAS_CAPTURADAS,PORCENTAJE_ACTAS_CAPTURADAS,ACTAS_CONTABILIZADAS,PORCENTAJE_ACTAS_CONTABILIZADAS,ACTAS_NO_CONTABILIZADAS,LISTA_NOMINAL_ACTAS_CONTABILIZADAS,VOTOS_EMITIDOS_CONTABILIZADAS,PORCENTAJE_PARTICIPACIÓN_CIUDADANA
22,5,22.7272,5,22.7272,0,1663,1200,72.1587

MESA,DEPARTAMENTO,ID_DEPARTAMENTO,MUNICIPIO,ID_MUNICIPIO,CENTRO_DE_VOTACIÓN,PADRÓN,CABAL,TODOS,VAMOS,UNE,PODEMOS,VÁLIDOS,NULOS,BLANCO,EMITIDOS,INVÁLIDOS,TOTAL,IMPUGNACIONES,PAPELETAS-RECIBIDAS,PAPELETAS-NO-USADAS,VALIDOS_CALCULADO,EMITIDOS_CALCULADO,TOTAL_CALCULADO,OBSERVACIONES,CONTABILIZADA,CÓDIGO_INTEGRIDAD,FECHA_HORA_PUBLICACIÓN,DIGITALIZACIÓN
12209,"Suchitepéquez",10,"San Miguel Panán",11,1653,400,,,,,,,,,,,,,,,,,,,0,,,
12210,"Suchitepéquez",10,"San Miguel Panán",11,1653,400,,,,,,,,,,,,,,,,,,,0,,,
12211,"Suchitepéquez",10,"San Miguel Panán",11,1653,400,,,,,,,,,,,,,,,,,,,0,,,
12212,"Suchitepéquez",10,"San Miguel Panán",11,1653,400,,,,,,,,,,,,,,,,,,,0,,,
12213,"Suchitepéquez",10,"San Miguel Panán",11,1654,400,,,,,,,,,,,,,,,,,,,0,,,
12214,"Suchitepéquez",10,"San Miguel Panán",11,1654,400,,,,,,,,,,,,,,,,,,,0,,,
12215,"Suchitepéquez",10,"San Miguel Panán",11,1654,400,87,68,129,4,1,289,4,0,293,0,293,--,400,107,289,293,293,Algún campo sin dato,1,8dcaeb2c5b7c2c959f634c9da233784d879303a4fc29d5a3763bf6d95049bb51,26/06/2023 00:14:00,ESCANER
12216,"Suchitepéquez",10,"San Miguel Panán",11,1654,379,71,84,85,3,1,244,5,1,250,0,250,--,376,126,244,250,250,Algún campo sin dato,1,014aab880048b65f4e8b43b67c7a057b63a244c6e4ee97aae2398ea1a5d929c1,26/06/2023 00:06:24,ESCANER
12217,"Suchitepéquez",10,"San Miguel Panán",11,1654,378,,,,,,,,,,,,,,,,,,,0,,,
12218,"Suchitepéquez",10,"San Miguel Panán",11,1655,380,134,106,43,3,0,286,11,2,299,--,--,--,380,81,286,299,299,Algún campo sin dato,1,56e316e0b7f2733159118241ec6a1bf0ba74e51f18614b14873b6b054773e34f,25/06/2023 23:21:58,ESCANER
12219,"Suchitepéquez",10,"San Miguel Panán",11,1655,380,,,,,,,,,,,,,,,,,,,0,,,
12220,"Suchitepéquez",10,"San Miguel Panán",11,1655,380,,,,,,,,,,,,,,,,,,,0,,,
12221,"Suchitepéquez",10,"San Miguel Panán",11,1655,380,,,,,,,,,,,,,,,,,,,0,,,
12222,"Suchitepéquez",10,"San Miguel Panán",11,1655,380,,,,,,,,,,,,,,,,,,,0,,,
12223,"Suchitepéquez",10,"San Miguel Panán",11,1655,380,,,,,,,,,,,,,,,,,,,0,,,
12224,"Suchitepéquez",10,"San Miguel Panán",11,1656,380,,,,,,,,,,,,,,,,,,,0,,,
12225,"Suchitepéquez",10,"San Miguel Panán",11,1656,244,,,,,,,,,,,,,,,,,,,0,,,
12226,"Suchitepéquez",10,"San Miguel Panán",11,1656,243,62,63,27,1,0,153,8,1,162,0,162,--,243,81,153,162,162,Algún campo sin dato,1,9369439754483fc460d680c1726eb3609f8a34c54689deb201e699a2a9ffe7d3,25/06/2023 23:30:27,ESCANER
12227,"Suchitepéquez",10,"San Miguel Panán",11,1657,380,,,,,,,,,,,,,,,,,,,0,,,
12228,"Suchitepéquez",10,"San Miguel Panán",11,1657,380,,,,,,,,,,,,,,,,,,,0,,,
12229,"Suchitepéquez",10,"San Miguel Panán",11,1657,261,80,56,52,0,0,188,6,2,196,0,196,--,261,65,188,196,196,Algún campo sin dato,1,773a089758c770d63164e6568a2cc10249bf0fc0542791c77b0bd188eb67e08c,26/06/2023 00:25:43,ESCANER
12230,"Suchitepéquez",10,"San Miguel Panán",11,1657,260,,,,,,,,,,,,,,,,,,,0,,,