﻿TIPO_DE_ELECCIÓN:,CORPORACIÓN MUNICIPAL
26 junio 2023 00:28 (UTC -6)
ACTAS_ESPERADAS,ACTAS_CAPTURADAS,PORCENTAJE_ACTAS_CAPTURADAS,ACTAS_CONTABILIZADAS,PORCENTAJE_ACTAS_CONTABILIZADAS,ACTAS_NO_CONTABILIZADAS,LISTA_NOMINAL_ACTAS_CONTABILIZADAS,VOTOS_EMITIDOS_CONTABILIZADAS,PORCENTAJE_PARTICIPACIÓN_CIUDADANA
39,10,25.6410,10,25.6410,0,3557,2145,60.3036

MESA,DEPARTAMENTO,ID_DEPARTAMENTO,MUNICIPIO,ID_MUNICIPIO,CENTRO_DE_VOTACIÓN,PADRÓN,TODOS,VALOR,VAMOS,CAMBIO,UNE,FCN-NACION,VÁLIDOS,NULOS,BLANCO,EMITIDOS,INVÁLIDOS,TOTAL,IMPUGNACIONES,PAPELETAS-RECIBIDAS,PAPELETAS-NO-USADAS,VALIDOS_CALCULADO,EMITIDOS_CALCULADO,TOTAL_CALCULADO,OBSERVACIONES,CONTABILIZADA,CÓDIGO_INTEGRIDAD,FECHA_HORA_PUBLICACIÓN,DIGITALIZACIÓN
24011,"Jutiapa",22,"Atescatempa",7,3764,400,92,45,98,34,0,0,269,28,3,300,0,300,--,400,100,269,300,300,Algún campo sin dato,1,e5d6476745a673359b7974e5757eeb88b161d2b8503fc62ee43218d9c375f903,25/06/2023 22:21:13,ESCANER
24012,"Jutiapa",22,"Atescatempa",7,3764,400,,,,,,,,,,,,,,,,,,,,0,,,
24013,"Jutiapa",22,"Atescatempa",7,3764,400,,,,,,,,,,,,,,,,,,,,0,,,
24014,"Jutiapa",22,"Atescatempa",7,3764,400,,,,,,,,,,,,,,,,,,,,0,,,
24015,"Jutiapa",22,"Atescatempa",7,3764,400,,,,,,,,,,,,,,,,,,,,0,,,
24016,"Jutiapa",22,"Atescatempa",7,3764,400,,,,,,,,,,,,,,,,,,,,0,,,
24017,"Jutiapa",22,"Atescatempa",7,3764,400,80,55,92,26,5,0,258,21,7,286,0,286,--,400,114,258,286,286,Algún campo sin dato,1,cd82179c7776de03e59497f9c0d6f0203acdac3bbafe345abebf65eb3d22b6ce,25/06/2023 23:48:44,ESCANER
24018,"Jutiapa",22,"Atescatempa",7,3765,400,96,38,117,20,2,1,274,18,2,294,0,294,--,400,106,274,294,294,Algún campo sin dato,1,a46f219692b77296d082fc8d1ac9407d6f495d16d026dcd11cf1d326364e0e2b,26/06/2023 00:12:57,ESCANER
24019,"Jutiapa",22,"Atescatempa",7,3765,400,82,48,106,32,2,1,271,20,1,292,0,292,--,400,108,271,292,292,Algún campo sin dato,1,c0f883393370f259385a7ce02f4da2c729ad25fc5acef13d890ffdb433a8b6b1,26/06/2023 00:04:21,ESCANER
24020,"Jutiapa",22,"Atescatempa",7,3765,400,,,,,,,,,,,,,,,,,,,,0,,,
24021,"Jutiapa",22,"Atescatempa",7,3765,400,117,50,96,29,0,0,292,6,4,302,0,302,--,400,98,292,302,302,Algún campo sin dato,1,075ce2aed2c4ea6b85564390bfe0e87fbc8fe17327335b44173f95edb854c6e8,26/06/2023 00:20:49,ESCANER
24022,"Jutiapa",22,"Atescatempa",7,3765,400,,,,,,,,,,,,,,,,,,,,0,,,
24023,"Jutiapa",22,"Atescatempa",7,3765,208,69,29,39,12,0,0,149,9,1,159,0,159,--,206,47,149,159,159,Algún campo sin dato,1,381c4cf6aedbd36895a36adc1e92de24a9ced4971bcfe8226d832e7f01ef5b7c,26/06/2023 00:20:56,ESCANER
24024,"Jutiapa",22,"Atescatempa",7,3765,208,50,11,42,7,0,0,110,5,3,118,0,118,--,208,90,110,118,118,Algún campo sin dato,1,a35703920e012bd98e3bca924d79e70e0fe1ac6e46ffe61f30b2af8ca758b12e,25/06/2023 23:14:03,ESCANER
24025,"Jutiapa",22,"Atescatempa",7,3766,380,,,,,,,,,,,,,,,,,,,,0,,,
24026,"Jutiapa",22,"Atescatempa",7,3766,380,,,,,,,,,,,,,,,,,,,,0,,,
24027,"Jutiapa",22,"Atescatempa",7,3766,380,,,,,,,,,,,,,,,,,,,,0,,,
24028,"Jutiapa",22,"Atescatempa",7,3766,380,,,,,,,,,,,,,,,,,,,,0,,,
24029,"Jutiapa",22,"Atescatempa",7,3766,380,,,,,,,,,,,,,,,,,,,,0,,,
24030,"Jutiapa",22,"Atescatempa",7,3766,380,,,,,,,,,,,,,,,,,,,,0,,,
24031,"Jutiapa",22,"Atescatempa",7,3766,380,,,,,,,,,,,,,,,,,,,,0,,,
24032,"Jutiapa",22,"Atescatempa",7,3766,333,,,,,,,,,,,,,,,,,,,,0,,,
24033,"Jutiapa",22,"Atescatempa",7,3766,333,,,,,,,,,,,,,,,,,,,,0,,,
24034,"Jutiapa",22,"Atescatempa",7,3767,380,,,,,,,,,,,,,,,,,,,,0,,,
24035,"Jutiapa",22,"Atescatempa",7,3767,380,,,,,,,,,,,,,,,,,,,,0,,,
24036,"Jutiapa",22,"Atescatempa",7,3767,380,,,,,,,,,,,,,,,,,,,,0,,,
24037,"Jutiapa",22,"Atescatempa",7,3767,380,,,,,,,,,,,,,,,,,,,,0,,,
24038,"Jutiapa",22,"Atescatempa",7,3767,380,,,,,,,,,,,,,,,,,,,,0,,,
24039,"Jutiapa",22,"Atescatempa",7,3767,380,,,,,,,,,,,,,,,,,,,,0,,,
24040,"Jutiapa",22,"Atescatempa",7,3767,380,116,50,81,8,3,0,258,9,0,267,0,267,--,380,113,258,267,267,Algún campo sin dato,1,d327a56c70a384b459c9a594f7dfee07bcfd3351b94fb7ddffe2da0eb83ec847,26/06/2023 00:07:30,ESCANER
24041,"Jutiapa",22,"Atescatempa",7,3767,353,,,,,,,,,,,,,,,,,,,,0,,,
24042,"Jutiapa",22,"Atescatempa",7,3767,352,,,,,,,,,,,,,,,,,,,,0,,,
24043,"Jutiapa",22,"Atescatempa",7,3768,380,,,,,,,,,,,,,,,,,,,,0,,,
24044,"Jutiapa",22,"Atescatempa",7,3768,380,,,,,,,,,,,,,,,,,,,,0,,,
24045,"Jutiapa",22,"Atescatempa",7,3768,380,,,,,,,,,,,,,,,,,,,,0,,,
24046,"Jutiapa",22,"Atescatempa",7,3768,311,,,,,,,,,,,,,,,,,,,,0,,,
24047,"Jutiapa",22,"Atescatempa",7,3768,311,,,,,,,,,,,,,,,,,,,,0,,,
24048,"Jutiapa",22,"Atescatempa",7,3769,381,20,20,22,18,0,0,80,9,0,89,0,89,--,381,292,80,89,89,Algún campo sin dato,1,0a340fdaea4029ab9d912646f8d6e1e205e826f1bab657e13e4bfab44b210443,25/06/2023 22:35:24,ESCANER
24049,"Jutiapa",22,"Atescatempa",7,3769,380,12,6,11,7,0,0,36,2,0,38,0,38,--,380,342,36,38,38,Algún campo sin dato,1,0817328afc5222a0325a69b2350d1df46cf0a8507d92b3ab6b64353e75575055,25/06/2023 23:36:39,ESCANER