﻿TIPO_DE_ELECCIÓN:,CORPORACIÓN MUNICIPAL
26 junio 2023 00:28 (UTC -6)
ACTAS_ESPERADAS,ACTAS_CAPTURADAS,PORCENTAJE_ACTAS_CAPTURADAS,ACTAS_CONTABILIZADAS,PORCENTAJE_ACTAS_CONTABILIZADAS,ACTAS_NO_CONTABILIZADAS,LISTA_NOMINAL_ACTAS_CONTABILIZADAS,VOTOS_EMITIDOS_CONTABILIZADAS,PORCENTAJE_PARTICIPACIÓN_CIUDADANA
123,85,69.1056,85,69.1056,0,31585,16840,53.3164

MESA,DEPARTAMENTO,ID_DEPARTAMENTO,MUNICIPIO,ID_MUNICIPIO,CENTRO_DE_VOTACIÓN,PADRÓN,TODOS,UNE,MLP,PPN,AZUL,VAMOS,VIVA,VALOR UNIONISTA,VÁLIDOS,NULOS,BLANCO,EMITIDOS,INVÁLIDOS,TOTAL,IMPUGNACIONES,PAPELETAS-RECIBIDAS,PAPELETAS-NO-USADAS,VALIDOS_CALCULADO,EMITIDOS_CALCULADO,TOTAL_CALCULADO,OBSERVACIONES,CONTABILIZADA,CÓDIGO_INTEGRIDAD,FECHA_HORA_PUBLICACIÓN,DIGITALIZACIÓN
17435,"Quiché",14,"Joyabaj",12,2646,400,12,16,2,47,3,68,9,66,223,9,4,236,0,236,--,400,164,223,236,236,Algún campo sin dato,1,4861247e191a52999244dcd5b207b981a402604dc329fa3a22a361fc8cca324f,25/06/2023 23:39:14,ESCANER
17436,"Quiché",14,"Joyabaj",12,2646,400,1,13,2,51,0,60,4,78,209,18,8,235,0,235,--,400,165,209,235,235,Algún campo sin dato,1,2739b62543d00c16b95df0bd75dba0c75c16dc214f63c10b46382e640e938e98,25/06/2023 22:30:48,ESCANER
17437,"Quiché",14,"Joyabaj",12,2646,400,5,15,1,76,0,62,2,51,212,18,3,233,0,233,--,400,167,212,233,233,Algún campo sin dato,1,736b1a516108fca1e597941ed1c1540da42bf10d32dfcd947f2578c2566ac549,25/06/2023 22:30:20,ESCANER
17438,"Quiché",14,"Joyabaj",12,2646,400,3,8,1,67,--,104,9,53,245,14,3,262,--,--,--,400,138,245,262,262,Algún campo sin dato,1,efc72d8bca991fce62734be1b02f9833d18a6314c17ba8c1dd033bb63f385d06,25/06/2023 22:04:27,ESCANER
17439,"Quiché",14,"Joyabaj",12,2646,400,3,20,1,57,1,96,7,68,253,12,4,269,0,269,0,400,131,253,269,269,,1,18c0fecfe4c98d1d3824166eca8e5fe86b1a74ad0d761f62f7c8dea94b48073f,25/06/2023 22:35:14,ESCANER
17440,"Quiché",14,"Joyabaj",12,2646,400,5,23,1,69,3,65,5,69,240,12,7,259,0,259,--,401,142,240,259,259,Algún campo sin dato,1,cd564e06dc300dd105b90c44212e8a00b44d1b69ca44c3627f88092717b39a99,25/06/2023 22:42:54,ESCANER
17441,"Quiché",14,"Joyabaj",12,2646,400,4,9,3,61,3,63,6,71,220,12,7,239,0,239,--,--,--,220,239,239,Algún campo sin dato,1,67ef48300e2295515792293a40a670cfc42d5ac893b443e112cbea2dbb0d537e,25/06/2023 22:22:52,ESCANER
17442,"Quiché",14,"Joyabaj",12,2646,400,12,16,4,76,0,45,11,47,211,15,7,233,0,233,--,400,167,211,233,233,Algún campo sin dato,1,a82d8532f746c84ed1a676d65ed0fffd58715e281480ca6d622dedc0ff090e81,25/06/2023 22:52:59,ESCANER
17443,"Quiché",14,"Joyabaj",12,2647,400,8,17,0,79,1,54,5,60,224,8,8,240,0,240,--,400,160,224,240,240,Algún campo sin dato,1,3faac4a2e9718d49e35be85a3a5192728ded9f5e6574eaf9ff7bbb1f93197be2,25/06/2023 22:04:48,ESCANER
17444,"Quiché",14,"Joyabaj",12,2647,400,5,26,4,48,1,68,9,71,232,14,1,247,0,247,0,400,153,232,247,247,,1,bb88ae5d24a8f2ca38fc7f501e9767983746208bb209234dc13c93fff2b11a5f,25/06/2023 22:33:27,ESCANER
17445,"Quiché",14,"Joyabaj",12,2647,400,,,,,,,,,,,,,,,,,,,,,,0,,,
17446,"Quiché",14,"Joyabaj",12,2647,400,3,11,3,67,1,59,4,60,208,12,6,226,0,226,--,400,174,208,226,226,Algún campo sin dato,1,6bedefc7ebdb0bec51af3d5d63bdc4c5923206f29a20ba9e389a3a056f54999a,25/06/2023 23:10:51,ESCANER
17447,"Quiché",14,"Joyabaj",12,2647,400,,,,,,,,,,,,,,,,,,,,,,0,,,
17448,"Quiché",14,"Joyabaj",12,2647,400,3,7,1,64,0,55,8,51,189,3,2,194,0,194,--,400,206,189,194,194,Algún campo sin dato,1,ec7addc7cf980e7c11634f603fa26dbc50aabb01a948e5bf561f159da3b6a87f,25/06/2023 23:50:12,ESCANER
17449,"Quiché",14,"Joyabaj",12,2647,400,5,9,2,60,3,63,7,52,201,11,3,215,0,215,--,396,181,201,215,215,Algún campo sin dato,1,e9d684ce5592444d69194be3b813f68f96136732ceb17a2098cd6adf930d3804,25/06/2023 23:04:04,ESCANER
17450,"Quiché",14,"Joyabaj",12,2647,400,2,6,2,61,2,67,5,66,211,5,6,222,0,222,--,412,190,211,222,222,Algún campo sin dato,1,1a6ecc7e591b41021cada85facc9026b689df8a3d3e623cb7acc3b8eaaff49aa,25/06/2023 23:26:42,ESCANER
17451,"Quiché",14,"Joyabaj",12,2647,400,5,18,3,41,1,76,6,60,210,12,4,226,1,227,--,400,173,210,226,227,Algún campo sin dato,1,468de498cfb04b0ffcef3eb9bdea4b1ec1274e1b34712a376243fa28333545e3,25/06/2023 23:01:46,ESCANER
17452,"Quiché",14,"Joyabaj",12,2647,400,16,12,0,54,1,69,5,76,233,9,4,246,0,--,--,400,154,233,246,246,Algún campo sin dato,1,484bbf6e219e4367676ed6e1d0a0ddf2e44cacd5986d29f749a9ec4d85ba3559,25/06/2023 23:57:27,ESCANER
17453,"Quiché",14,"Joyabaj",12,2648,400,,,,,,,,,,,,,,,,,,,,,,0,,,
17454,"Quiché",14,"Joyabaj",12,2648,400,,,,,,,,,,,,,,,,,,,,,,0,,,
17455,"Quiché",14,"Joyabaj",12,2648,400,5,8,1,47,0,80,3,51,195,8,1,204,0,204,--,401,197,195,204,204,Algún campo sin dato,1,210c56287cb60ab7370149458224efaad3bac4f7872c6010988fffd461ac97a6,25/06/2023 23:32:37,ESCANER
17456,"Quiché",14,"Joyabaj",12,2648,400,4,9,1,56,1,65,4,67,207,2,2,211,0,211,--,400,189,207,211,211,Algún campo sin dato,1,5f0dc934a383cc6972dcfc04f0785698dd46789373a40d65118d238ca79c6a1a,25/06/2023 23:21:07,ESCANER
17457,"Quiché",14,"Joyabaj",12,2648,400,,,,,,,,,,,,,,,,,,,,,,0,,,
17458,"Quiché",14,"Joyabaj",12,2648,400,4,9,2,60,0,67,5,62,209,2,0,211,0,211,--,400,189,209,211,211,Algún campo sin dato,1,fc14faaa2015efd8ee0f5b1d18e1023f488a88a0d650502a4dc2d59728681db6,26/06/2023 00:07:38,ESCANER
17459,"Quiché",14,"Joyabaj",12,2648,400,3,7,1,64,1,74,3,60,213,4,1,218,0,218,0,400,182,213,218,218,,1,bfab73ec8ed477df628ad8e2dae6036685e16a5165a1229836a83f5569749d2d,25/06/2023 23:12:13,ESCANER
17460,"Quiché",14,"Joyabaj",12,2648,400,0,7,2,60,0,70,5,54,198,7,2,207,0,207,0,400,193,198,207,207,,1,5644bcf268cac4bd3d535d9e3712b7feded53c262bc28e0384a324970be2b2c1,25/06/2023 21:47:41,ESCANER
17461,"Quiché",14,"Joyabaj",12,2648,377,5,9,1,57,0,67,3,46,188,7,0,195,0,195,0,377,182,188,195,195,,1,40568fbe968834b8e4f95544605f81dd52bfcfeece331e51d024fa11bb04ce1c,25/06/2023 22:08:08,ESCANER
17462,"Quiché",14,"Joyabaj",12,2648,376,3,5,0,45,2,53,5,48,161,8,2,171,0,171,--,376,205,161,171,171,Algún campo sin dato,1,094e5ba4d52cbc119222b56d64f4b7b53a9da32a00c6a1f08aeac5a2ac36fbbc,25/06/2023 23:09:23,ESCANER
17463,"Quiché",14,"Joyabaj",12,2649,400,3,4,2,38,1,105,2,53,208,12,8,228,0,228,--,400,172,208,228,228,Algún campo sin dato,1,cc176a52c9c69ac4b86678fc09c3b026a3d6e5ea15e445fdfbc906e30b4628bd,25/06/2023 23:06:49,ESCANER
17464,"Quiché",14,"Joyabaj",12,2649,400,1,7,3,60,1,98,0,80,250,5,10,265,0,265,--,398,133,250,265,265,Algún campo sin dato,1,8f5017e164e215e8054351031faaf4d023182e601eb656e989871ef28a8c14cb,25/06/2023 23:22:00,ESCANER
17465,"Quiché",14,"Joyabaj",12,2649,400,0,3,1,26,1,129,0,62,222,4,9,235,0,235,--,400,165,222,235,235,Algún campo sin dato,1,3004bb93490849a9fdaf9f1d389581ec261c2014c7dc8316ca0e5c077d0ddd2b,25/06/2023 23:15:03,ESCANER
17466,"Quiché",14,"Joyabaj",12,2650,400,0,3,0,25,0,114,1,59,202,5,4,211,0,211,1,400,189,202,211,211,,1,f04eed4d9739f95899d8a43c1d777ce351f995dbbfa3e30a15191a32f3825396,25/06/2023 22:12:26,ESCANER
17467,"Quiché",14,"Joyabaj",12,2650,400,2,6,1,29,2,98,0,48,186,4,2,192,0,192,--,400,208,186,192,192,Algún campo sin dato,1,35320d59324f19552fdfb013555d45dbe53a31f594f2c7593017a14cf7ad2369,25/06/2023 21:33:09,ESCANER
17468,"Quiché",14,"Joyabaj",12,2650,238,0,1,1,30,0,71,1,35,139,2,0,141,0,141,--,238,97,139,141,141,Algún campo sin dato,1,539cda3921403b8bb44f829b56be4da205911301c3d4b6ee6fc3fa0346e6f907,25/06/2023 21:03:55,ESCANER
17469,"Quiché",14,"Joyabaj",12,2650,237,0,1,0,23,0,60,0,53,137,1,1,139,0,139,--,237,98,137,139,139,Algún campo sin dato,1,6a8b61714dbfe530adf9e1c9acc9e9041d3316bff634351eed7be2b95c33828f,25/06/2023 21:06:00,ESCANER
17470,"Quiché",14,"Joyabaj",12,2651,380,26,18,4,15,0,56,5,82,206,13,4,223,0,223,--,380,157,206,223,223,Algún campo sin dato,1,eaa48b6a547ef0089f461d936d26bf6f2ffb19f5864f2871b338af28ab7e1693,26/06/2023 00:13:40,ESCANER
17471,"Quiché",14,"Joyabaj",12,2651,380,,,,,,,,,,,,,,,,,,,,,,0,,,
17472,"Quiché",14,"Joyabaj",12,2651,380,,,,,,,,,,,,,,,,,,,,,,0,,,
17473,"Quiché",14,"Joyabaj",12,2651,380,27,10,1,10,0,74,2,52,176,6,5,187,0,187,0,380,193,176,187,187,,1,7393cb79adbf88d5b4b70c5130f7a4f334f56b147a8822b911a015546be7bf77,25/06/2023 22:37:06,ESCANER
17474,"Quiché",14,"Joyabaj",12,2651,331,15,7,1,14,1,47,6,72,163,3,1,167,0,167,--,331,164,163,167,167,Algún campo sin dato,1,6a76d4fd1b78f1b2b5e964f3ff83bdb9224d60d84b0f339c07ae605d238e1904,25/06/2023 22:02:45,ESCANER
17475,"Quiché",14,"Joyabaj",12,2651,330,10,4,0,12,0,50,2,71,149,1,3,153,0,153,0,330,177,149,153,153,,1,21cb4d439d45d9c59ab9b5871aeb12d6df451afaed5e2f1377644fd41b538210,26/06/2023 00:07:01,ESCANER
17476,"Quiché",14,"Joyabaj",12,2652,380,,,,,,,,,,,,,,,,,,,,,,0,,,
17477,"Quiché",14,"Joyabaj",12,2652,380,,,,,,,,,,,,,,,,,,,,,,0,,,
17478,"Quiché",14,"Joyabaj",12,2652,380,2,4,6,21,0,67,1,68,169,18,11,198,0,198,--,380,182,169,198,198,Algún campo sin dato,1,3d8da3cc0b148db55a70a8c622774759db83e2721f81c0115630424eb04aee62,26/06/2023 00:17:20,ESCANER
17479,"Quiché",14,"Joyabaj",12,2652,380,2,6,3,21,1,98,1,58,190,16,8,214,0,214,--,380,166,190,214,214,Algún campo sin dato,1,2bbdab2c07fe5cf21ccae3325669ecef75d75abc9ff0976c9e8be748389d7128,25/06/2023 23:04:55,ESCANER
17480,"Quiché",14,"Joyabaj",12,2652,380,1,4,1,20,0,80,3,60,169,7,3,179,1,180,--,380,200,169,179,180,Algún campo sin dato,1,8fcaa332d94823ef3b8e7790c2d9d336fc59f1d59993199f6fe0f6ce1c0728c0,25/06/2023 22:54:18,ESCANER
17481,"Quiché",14,"Joyabaj",12,2652,380,0,1,2,19,0,80,1,65,168,8,3,179,0,179,--,380,201,168,179,179,Algún campo sin dato,1,16afbb75c89889aa1c1e7d922644090781752f2ef4fd7479e3f2bdf63e3ab2cf,25/06/2023 23:55:54,ESCANER
17482,"Quiché",14,"Joyabaj",12,2653,366,,,,,,,,,,,,,,,,,,,,,,0,,,
17483,"Quiché",14,"Joyabaj",12,2653,366,3,9,0,17,0,84,0,70,183,2,2,187,0,187,--,366,179,183,187,187,Algún campo sin dato,1,dfed82245702dcb9692aea58513d6613df2428eb91cd9be82e4c69e748546dd9,26/06/2023 00:09:13,ESCANER
17484,"Quiché",14,"Joyabaj",12,2654,380,,,,,,,,,,,,,,,,,,,,,,0,,,
17485,"Quiché",14,"Joyabaj",12,2654,380,,,,,,,,,,,,,,,,,,,,,,0,,,
17486,"Quiché",14,"Joyabaj",12,2654,380,,,,,,,,,,,,,,,,,,,,,,0,,,
17487,"Quiché",14,"Joyabaj",12,2654,380,,,,,,,,,,,,,,,,,,,,,,0,,,
17488,"Quiché",14,"Joyabaj",12,2654,380,,,,,,,,,,,,,,,,,,,,,,0,,,
17489,"Quiché",14,"Joyabaj",12,2654,250,,,,,,,,,,,,,,,,,,,,,,0,,,
17490,"Quiché",14,"Joyabaj",12,2654,250,,,,,,,,,,,,,,,,,,,,,,0,,,
17491,"Quiché",14,"Joyabaj",12,2655,380,2,5,2,21,0,33,0,158,221,9,5,235,0,235,--,380,145,221,235,235,Algún campo sin dato,1,064387537a5f50daf2c335d56138c37191603ede484381ca6506ff749b471d01,25/06/2023 23:16:12,ESCANER
17492,"Quiché",14,"Joyabaj",12,2655,380,,,,,,,,,,,,,,,,,,,,,,0,,,
17493,"Quiché",14,"Joyabaj",12,2655,380,,,,,,,,,,,,,,,,,,,,,,0,,,
17494,"Quiché",14,"Joyabaj",12,2655,368,,,,,,,,,,,,,,,,,,,,,,0,,,
17495,"Quiché",14,"Joyabaj",12,2655,367,5,8,1,13,1,34,2,134,198,3,0,201,0,201,0,367,166,198,201,201,,1,f08d88f66c02612cff311dba96241464d5b10cfa33f7d9e3d0bae81b1a3d7665,25/06/2023 22:34:02,ESCANER
17496,"Quiché",14,"Joyabaj",12,2656,380,6,9,1,96,0,73,1,49,235,17,8,260,0,260,--,380,120,235,260,260,Algún campo sin dato,1,7f2bc2e90b7205141e2646782343cd694b3419b7f7c59b0d76e1ae9d8c623a2f,25/06/2023 22:30:15,ESCANER
17497,"Quiché",14,"Joyabaj",12,2656,380,1,4,3,101,0,59,0,55,223,14,11,248,0,248,--,379,131,223,248,248,Algún campo sin dato,1,76bc233936bea30325ae6df22a52773d2df206bd5fa6205a7f07f212a7ffb341,26/06/2023 00:10:22,ESCANER
17498,"Quiché",14,"Joyabaj",12,2656,380,5,9,2,147,0,33,4,55,255,19,8,282,0,282,0,380,98,255,282,282,,1,8ae0de54947000162a3cfd97fb1245205bec7f932daae53e264e05dd980bb8cc,25/06/2023 23:06:04,ESCANER
17499,"Quiché",14,"Joyabaj",12,2656,380,1,8,0,98,0,53,0,36,196,5,4,205,1,206,--,380,174,196,205,206,Algún campo sin dato,1,e567f3ed73ba559216f4c9e38f4bc7b4c4e968b71932e37c32d4258087be9821,26/06/2023 00:19:16,ESCANER
17500,"Quiché",14,"Joyabaj",12,2656,292,1,4,1,98,0,46,1,30,181,3,4,188,0,188,--,292,104,181,188,188,Algún campo sin dato,1,9172db08c5c72c8943594eb0cc01ceed7cda850cff22ba401378611c767217b8,25/06/2023 21:09:19,ESCANER
17501,"Quiché",14,"Joyabaj",12,2656,292,1,2,1,96,0,41,0,37,178,7,3,188,0,188,--,292,104,178,188,188,Algún campo sin dato,1,5cbdeec50a6d13355bc1f3d12ae4972fd5da97eb8d09827a43a2e9469f181390,25/06/2023 22:13:43,ESCANER
17502,"Quiché",14,"Joyabaj",12,2657,380,,,,,,,,,,,,,,,,,,,,,,0,,,
17503,"Quiché",14,"Joyabaj",12,2657,380,0,4,6,25,0,85,4,53,177,14,8,199,0,199,0,380,181,177,199,199,,1,776c1f91519a5e3b34ac95f9c4953747c65ab35fcef517effdb0c87a57243a07,26/06/2023 00:20:12,ESCANER
17504,"Quiché",14,"Joyabaj",12,2657,380,0,8,3,20,0,63,1,63,158,16,8,182,0,182,--,376,194,158,182,182,Algún campo sin dato,1,ad1e72c107ffc883c28badd567d4c8320ee2c8bf80c23446773aaac1672fbf8f,25/06/2023 23:24:05,ESCANER
17505,"Quiché",14,"Joyabaj",12,2657,380,1,8,10,29,0,93,2,44,187,12,11,210,0,210,0,378,168,187,210,210,,1,21b1fc28beaa56383d60d711220aed7c30029e8b82e006e87727f67181b46c90,25/06/2023 23:04:08,ESCANER
17506,"Quiché",14,"Joyabaj",12,2657,380,0,5,8,34,0,68,2,40,157,7,2,166,0,166,--,376,210,157,166,166,Algún campo sin dato,1,2bf68eadb446771cee8f7f301f601ac9da510dfa2769c07bfdbaeae3a84f7ad8,25/06/2023 23:45:04,ESCANER
17507,"Quiché",14,"Joyabaj",12,2658,380,1,2,2,29,0,73,1,29,137,6,3,146,0,146,--,380,234,137,146,146,Algún campo sin dato,1,e093b85d0e970e6071fcd3103a4f062a099d4e7a0231658aacaf2339122b385c,25/06/2023 23:37:34,ESCANER
17508,"Quiché",14,"Joyabaj",12,2658,380,0,5,6,29,0,75,3,33,151,4,3,158,0,158,0,380,222,151,158,158,,1,5c4631139847ba7b39c8a8157f6c42a68dc867fc2b2c4c7642d31c382955f3b1,25/06/2023 22:21:58,ESCANER
17509,"Quiché",14,"Joyabaj",12,2658,380,1,5,2,30,2,63,1,18,122,5,3,130,0,130,--,380,250,122,130,130,Algún campo sin dato,1,0c0588f57129060125f3e83e2cefff10c2f8b3543782820d824f947e17b42309,25/06/2023 22:49:17,ESCANER
17510,"Quiché",14,"Joyabaj",12,2658,380,1,3,2,33,1,84,2,37,163,1,2,166,0,166,--,380,214,163,166,166,Algún campo sin dato,1,2c7cbadc8db15fcff4db46502d5f81da1e2ab19c68a5e0de98a6614cef01a2f4,25/06/2023 21:06:41,ESCANER
17511,"Quiché",14,"Joyabaj",12,2658,230,0,0,1,29,0,51,0,10,91,2,0,93,0,93,--,230,137,91,93,93,Algún campo sin dato,1,31d76e37f480ba4f18b04da903767914a732c75cc5a52fbe0dc2d10528ccdada,25/06/2023 22:04:01,ESCANER
17512,"Quiché",14,"Joyabaj",12,2658,230,0,2,2,24,0,45,0,21,94,8,3,105,0,105,0,230,125,94,105,105,,1,ff1c81d18b0f474705de415a9f2bb81ff9e4a6461b50fe02bfa6b10bf272f941,25/06/2023 22:35:46,ESCANER
17513,"Quiché",14,"Joyabaj",12,2659,380,0,9,1,47,0,68,3,88,216,20,7,243,0,243,--,380,137,216,243,243,Algún campo sin dato,1,580eb3cd5d464e80d393a5f661b7745091a1976c4193ab77179197fb0c67fc15,25/06/2023 23:08:22,ESCANER
17514,"Quiché",14,"Joyabaj",12,2659,380,1,5,0,62,2,75,3,63,211,17,9,237,0,237,--,380,143,211,237,237,Algún campo sin dato,1,de62c476a210144899c0c02c2208c1d18c7c94e48db51a85a740e7a1b4042cc8,25/06/2023 22:03:03,ESCANER
17515,"Quiché",14,"Joyabaj",12,2659,380,3,11,0,21,1,72,0,92,200,14,7,221,0,221,--,380,159,200,221,221,Algún campo sin dato,1,e18a3a4b0d3cb4bb7c1243eb66e8f8cd350593866d1c02ddbef404c36b5ce60a,25/06/2023 21:15:43,ESCANER
17516,"Quiché",14,"Joyabaj",12,2659,380,9,18,4,26,1,57,4,103,222,13,8,243,0,243,--,380,137,222,243,243,Algún campo sin dato,1,ee9a7c3b2fa79d23c5e4f7b776e1916530c9324cf8bd8f6623b3c4951479e3d1,25/06/2023 22:36:01,ESCANER
17517,"Quiché",14,"Joyabaj",12,2660,380,,,,,,,,,,,,,,,,,,,,,,0,,,
17518,"Quiché",14,"Joyabaj",12,2660,380,2,9,1,35,0,39,3,82,171,9,7,187,0,187,--,380,193,171,187,187,Algún campo sin dato,1,c16776bc9ac90fe3ced53bb142204ee58b9c424ace24493ad69c696c07c99920,25/06/2023 22:57:52,ESCANER
17519,"Quiché",14,"Joyabaj",12,2660,245,2,7,0,19,0,34,1,54,117,1,0,118,0,118,--,245,127,117,118,118,Algún campo sin dato,1,f6b44d3d9b5b9cd64a060a6894e3975af56da72b6dac4d638b4a8ce16b772f30,25/06/2023 21:31:48,ESCANER
17520,"Quiché",14,"Joyabaj",12,2660,244,0,3,1,24,2,47,0,51,128,0,5,133,0,133,--,244,111,128,133,133,Algún campo sin dato,1,4432a691d0ad990161fa213f48587fe5b5451ee5b38ebe4795dc60076334108a,25/06/2023 21:01:19,ESCANER
17521,"Quiché",14,"Joyabaj",12,2661,380,,,,,,,,,,,,,,,,,,,,,,0,,,
17522,"Quiché",14,"Joyabaj",12,2661,380,3,6,0,12,1,78,6,81,187,7,4,198,0,198,--,379,181,187,198,198,Algún campo sin dato,1,dfb1a9fec01a1a867558d1e55b40bb70027b9c880e0cb2d558b3e37d361c1f78,25/06/2023 21:07:10,ESCANER
17523,"Quiché",14,"Joyabaj",12,2661,277,3,8,2,12,0,51,1,55,132,8,0,140,0,140,--,277,137,132,140,140,Algún campo sin dato,1,a2587fb6193ac33e2aa99e3d5a428b94970aa5c6ad818ab38b6ee69cce1c220e,25/06/2023 21:30:02,ESCANER
17524,"Quiché",14,"Joyabaj",12,2661,276,2,4,1,8,1,50,1,72,152,12,1,165,0,165,--,273,124,139,152,152,Sumas Asentadas sin cuadrar,1,f36f001d6d23647d70fd8c9dd3ab3ee316cfecfc69b42bfb7975c706491aa7f7,25/06/2023 21:54:44,ESCANER
17525,"Quiché",14,"Joyabaj",12,2662,380,,,,,,,,,,,,,,,,,,,,,,0,,,
17526,"Quiché",14,"Joyabaj",12,2662,380,,,,,,,,,,,,,,,,,,,,,,0,,,
17527,"Quiché",14,"Joyabaj",12,2662,380,2,5,5,85,2,75,1,45,220,9,5,234,0,234,--,380,146,220,234,234,Algún campo sin dato,1,721b8d7bded07886cdfda62483ce9024514450b0ce21fe09bbd982fae6e414bc,26/06/2023 00:00:27,ESCANER
17528,"Quiché",14,"Joyabaj",12,2662,380,,,,,,,,,,,,,,,,,,,,,,0,,,
17529,"Quiché",14,"Joyabaj",12,2662,380,,,,,,,,,,,,,,,,,,,,,,0,,,
17530,"Quiché",14,"Joyabaj",12,2662,380,,,,,,,,,,,,,,,,,,,,,,0,,,
17531,"Quiché",14,"Joyabaj",12,2662,380,3,3,1,42,0,83,0,64,196,12,9,217,0,217,0,380,163,196,217,217,,1,04b49f3faacbeb64ba513deebf06c204757e8612b26fb8dc6a24a8afce671b6d,26/06/2023 00:19:35,ESCANER
17532,"Quiché",14,"Joyabaj",12,2662,380,,,,,,,,,,,,,,,,,,,,,,0,,,
17533,"Quiché",14,"Joyabaj",12,2662,238,3,3,1,37,0,52,1,48,145,0,0,145,0,145,0,238,93,145,145,145,,1,6b5135c38697d45e43191fd037705bcb751b0e993ed8cd525083f9eee3cb0135,25/06/2023 22:44:13,ESCANER
17534,"Quiché",14,"Joyabaj",12,2662,238,2,1,1,35,0,48,0,46,133,2,5,140,0,140,0,238,98,133,140,140,,1,a1c561689c7b723b303fc09fd235ac93840bfc5d8b0103f819ccdb30fb8a3e98,25/06/2023 22:14:00,ESCANER
17535,"Quiché",14,"Joyabaj",12,2663,380,2,2,1,129,0,30,1,41,206,10,15,231,0,231,--,380,149,206,231,231,Algún campo sin dato,1,847c42c687ecd084afe9c5407e3c41c0345951e8fc2342d19d4976906fd550a8,25/06/2023 22:47:54,ESCANER
17536,"Quiché",14,"Joyabaj",12,2663,380,0,4,5,121,0,27,1,45,203,7,12,222,0,222,--,380,158,203,222,222,Algún campo sin dato,1,593f651b2c32c42b8307dfa4b5612721d3fdcee0f206050fa0d3d359c0c36be6,26/06/2023 00:06:23,ESCANER
17537,"Quiché",14,"Joyabaj",12,2663,380,1,3,2,124,1,17,2,60,210,5,8,223,0,223,0,380,157,210,223,223,,1,6aafaf0a36828373895c08a67af7ea5549742a6d034dcdb624033f7d02a15fdf,26/06/2023 00:26:53,ESCANER
17538,"Quiché",14,"Joyabaj",12,2663,380,2,9,3,93,2,9,0,80,198,16,9,223,0,223,--,380,157,198,223,223,Algún campo sin dato,1,9e576944824de1377c36aff62f726477882573d42c2bd23ef4b48c2a8f14bbe6,25/06/2023 23:32:25,ESCANER
17539,"Quiché",14,"Joyabaj",12,2663,380,1,1,0,95,0,16,0,63,176,9,5,190,0,190,--,380,190,176,190,190,Algún campo sin dato,1,5eeda9b34795e4a5eb8a2216c1d6f9d9a0434880424e5978a860820276725e3b,25/06/2023 23:03:06,ESCANER
17540,"Quiché",14,"Joyabaj",12,2664,380,1,0,1,77,0,19,0,77,175,9,4,188,0,188,--,380,192,175,188,188,Algún campo sin dato,1,c1f5889d2683b242a072050a222c5f7437aa5f980010b9ff123c30d519d839dd,25/06/2023 22:32:46,ESCANER
17541,"Quiché",14,"Joyabaj",12,2664,372,1,4,1,93,0,18,1,75,193,4,1,198,0,198,--,372,174,193,198,198,Algún campo sin dato,1,67092a11377e80cfda39771f705a7acc164de8a35b972d2327090e8075cb702e,25/06/2023 23:42:00,ESCANER
17542,"Quiché",14,"Joyabaj",12,2664,372,1,5,0,98,1,19,1,59,184,8,3,195,0,195,--,372,177,184,195,195,Algún campo sin dato,1,024de9978d33e9cfeab3dcdfed5c4f9cd707857ca0a4d58c454eb3d292057e6d,25/06/2023 22:54:44,ESCANER
17543,"Quiché",14,"Joyabaj",12,2665,380,,,,,,,,,,,,,,,,,,,,,,0,,,
17544,"Quiché",14,"Joyabaj",12,2665,380,,,,,,,,,,,,,,,,,,,,,,0,,,
17545,"Quiché",14,"Joyabaj",12,2665,380,,,,,,,,,,,,,,,,,,,,,,0,,,
17546,"Quiché",14,"Joyabaj",12,2666,380,,,,,,,,,,,,,,,,,,,,,,0,,,
17547,"Quiché",14,"Joyabaj",12,2666,375,,,,,,,,,,,,,,,,,,,,,,0,,,
17548,"Quiché",14,"Joyabaj",12,2666,374,,,,,,,,,,,,,,,,,,,,,,0,,,
17549,"Quiché",14,"Joyabaj",12,2667,380,2,3,0,83,3,115,10,19,235,10,6,251,2,253,--,380,127,235,251,253,Algún campo sin dato,1,66f6b2cb47a240d014969ad29d5f6f5994f977d35a771a284b303faad44255d9,25/06/2023 23:55:27,ESCANER
17550,"Quiché",14,"Joyabaj",12,2667,380,4,12,3,31,5,106,5,55,221,8,6,235,0,235,--,380,145,221,235,235,Algún campo sin dato,1,281219a5e0c6d57a2e76eb0369760fa4b1c34cb4ca6eff3bb1717da4e9b81ceb,25/06/2023 23:02:21,ESCANER
17551,"Quiché",14,"Joyabaj",12,2667,380,,,,,,,,,,,,,,,,,,,,,,0,,,
17552,"Quiché",14,"Joyabaj",12,2667,380,,,,,,,,,,,,,,,,,,,,,,0,,,
17553,"Quiché",14,"Joyabaj",12,2667,216,1,9,0,19,0,61,4,37,131,2,1,134,0,134,--,216,82,131,134,134,Algún campo sin dato,1,7ab9e58e4b9194f7310055c4f7a1be7c1e38452437d5e93b430bd027b2dd51a3,25/06/2023 23:31:27,ESCANER
17554,"Quiché",14,"Joyabaj",12,2667,215,,,,,,,,,,,,,,,,,,,,,,0,,,
17555,"Quiché",14,"Joyabaj",12,2668,600,1,12,0,35,0,24,4,30,106,11,3,120,0,120,0,600,480,106,120,120,,1,ee7aa1f3131c0fabb71cd88d2aaca7c2e6e2226b5c5e9e15ac73e318bd3ef7bd,25/06/2023 22:07:32,ESCANER
17556,"Quiché",14,"Joyabaj",12,2668,571,3,6,2,24,0,39,2,27,103,6,1,110,0,110,0,571,461,103,110,110,,1,3416e13139847fb47152d3a66c951ad273344e0aa1d6ca84b7795f5422fb24ae,25/06/2023 20:37:16,ESCANER
17557,"Quiché",14,"Joyabaj",12,2668,570,1,3,1,17,0,16,0,9,47,3,3,53,0,53,--,570,517,47,53,53,Algún campo sin dato,1,cd7543841071e93bceb0a2ad0ec2c94f00c04397a83d3f08bef473b2bafac3d8,25/06/2023 21:37:28,ESCANER