﻿TIPO_DE_ELECCIÓN:,CORPORACIÓN MUNICIPAL
26 junio 2023 00:28 (UTC -6)
ACTAS_ESPERADAS,ACTAS_CAPTURADAS,PORCENTAJE_ACTAS_CAPTURADAS,ACTAS_CONTABILIZADAS,PORCENTAJE_ACTAS_CONTABILIZADAS,ACTAS_NO_CONTABILIZADAS,LISTA_NOMINAL_ACTAS_CONTABILIZADAS,VOTOS_EMITIDOS_CONTABILIZADAS,PORCENTAJE_PARTICIPACIÓN_CIUDADANA
10,1,10.0000,1,10.0000,0,203,135,66.5024

MESA,DEPARTAMENTO,ID_DEPARTAMENTO,MUNICIPIO,ID_MUNICIPIO,CENTRO_DE_VOTACIÓN,PADRÓN,UNE,VAMOS,PODEMOS,BIEN,VÁLIDOS,NULOS,BLANCO,EMITIDOS,INVÁLIDOS,TOTAL,IMPUGNACIONES,PAPELETAS-RECIBIDAS,PAPELETAS-NO-USADAS,VALIDOS_CALCULADO,EMITIDOS_CALCULADO,TOTAL_CALCULADO,OBSERVACIONES,CONTABILIZADA,CÓDIGO_INTEGRIDAD,FECHA_HORA_PUBLICACIÓN,DIGITALIZACIÓN
16680,"Huehuetenango",13,"Petatán",33,2496,400,,,,,,,,,,,,,,,,,,0,,,
16681,"Huehuetenango",13,"Petatán",33,2496,400,,,,,,,,,,,,,,,,,,0,,,
16682,"Huehuetenango",13,"Petatán",33,2496,400,,,,,,,,,,,,,,,,,,0,,,
16683,"Huehuetenango",13,"Petatán",33,2497,400,,,,,,,,,,,,,,,,,,0,,,
16684,"Huehuetenango",13,"Petatán",33,2497,400,,,,,,,,,,,,,,,,,,0,,,
16685,"Huehuetenango",13,"Petatán",33,2497,400,,,,,,,,,,,,,,,,,,0,,,
16686,"Huehuetenango",13,"Petatán",33,2497,400,,,,,,,,,,,,,,,,,,0,,,
16687,"Huehuetenango",13,"Petatán",33,2498,400,,,,,,,,,,,,,,,,,,0,,,
16688,"Huehuetenango",13,"Petatán",33,2498,203,,,,,,,,,,,,,,,,,,0,,,
16689,"Huehuetenango",13,"Petatán",33,2498,203,57,33,24,14,128,6,1,135,0,135,--,203,68,128,135,135,Algún campo sin dato,1,8cddd7413f63f3bfb70599a7a2d7167dd6454a967fa542f6d4d6e4198f5b6302,26/06/2023 00:14:00,ESCANER