﻿TIPO_DE_ELECCIÓN:,CORPORACIÓN MUNICIPAL
26 junio 2023 00:28 (UTC -6)
ACTAS_ESPERADAS,ACTAS_CAPTURADAS,PORCENTAJE_ACTAS_CAPTURADAS,ACTAS_CONTABILIZADAS,PORCENTAJE_ACTAS_CONTABILIZADAS,ACTAS_NO_CONTABILIZADAS,LISTA_NOMINAL_ACTAS_CONTABILIZADAS,VOTOS_EMITIDOS_CONTABILIZADAS,PORCENTAJE_PARTICIPACIÓN_CIUDADANA
208,64,30.7692,64,30.7692,0,22745,12152,53.4271

MESA,DEPARTAMENTO,ID_DEPARTAMENTO,MUNICIPIO,ID_MUNICIPIO,CENTRO_DE_VOTACIÓN,PADRÓN,VALOR,MLP,VAMOS,UNE,U R N G - MAIZ,VIVA,BIEN,CABAL,UR,PPN,FCN-NACION,MI FAMILIA,VOS,PHG,PR,TODOS,P A N,VICTORIA,AZUL,PODEMOS,CAMBIO,CREO,VÁLIDOS,NULOS,BLANCO,EMITIDOS,INVÁLIDOS,TOTAL,IMPUGNACIONES,PAPELETAS-RECIBIDAS,PAPELETAS-NO-USADAS,VALIDOS_CALCULADO,EMITIDOS_CALCULADO,TOTAL_CALCULADO,OBSERVACIONES,CONTABILIZADA,CÓDIGO_INTEGRIDAD,FECHA_HORA_PUBLICACIÓN,DIGITALIZACIÓN
4038,"Guatemala",1,"Amatitlán",14,405,400,,,,,,,,,,,,,,,,,,,,,,,,,,,,,,,,,,,,0,,,
4039,"Guatemala",1,"Amatitlán",14,405,400,43,8,9,18,8,6,52,46,5,21,1,12,6,5,4,1,3,2,9,0,1,2,262,10,1,273,0,273,--,400,127,262,273,273,Algún campo sin dato,1,d729f269a383c4e170514e61e3d0d6c6f4f16adc19afb52c175c110530aba40f,25/06/2023 22:27:46,ESCANER
4040,"Guatemala",1,"Amatitlán",14,405,400,43,6,8,20,10,5,50,47,5,11,0,5,7,8,1,1,4,2,8,0,1,3,245,12,2,259,0,259,--,400,141,245,259,259,Algún campo sin dato,1,8bf91c2c68a29806eac5bc52da3668e67bb94e5dfb9f4fc9cd564c6862c24bd7,25/06/2023 23:41:33,ESCANER
4041,"Guatemala",1,"Amatitlán",14,405,400,,,,,,,,,,,,,,,,,,,,,,,,,,,,,,,,,,,,0,,,
4042,"Guatemala",1,"Amatitlán",14,405,400,,,,,,,,,,,,,,,,,,,,,,,,,,,,,,,,,,,,0,,,
4043,"Guatemala",1,"Amatitlán",14,405,400,,,,,,,,,,,,,,,,,,,,,,,,,,,,,,,,,,,,0,,,
4044,"Guatemala",1,"Amatitlán",14,405,400,,,,,,,,,,,,,,,,,,,,,,,,,,,,,,,,,,,,0,,,
4045,"Guatemala",1,"Amatitlán",14,405,400,,,,,,,,,,,,,,,,,,,,,,,,,,,,,,,,,,,,0,,,
4046,"Guatemala",1,"Amatitlán",14,405,400,,,,,,,,,,,,,,,,,,,,,,,,,,,,,,,,,,,,0,,,
4047,"Guatemala",1,"Amatitlán",14,405,400,,,,,,,,,,,,,,,,,,,,,,,,,,,,,,,,,,,,0,,,
4048,"Guatemala",1,"Amatitlán",14,406,400,,,,,,,,,,,,,,,,,,,,,,,,,,,,,,,,,,,,0,,,
4049,"Guatemala",1,"Amatitlán",14,406,400,,,,,,,,,,,,,,,,,,,,,,,,,,,,,,,,,,,,0,,,
4050,"Guatemala",1,"Amatitlán",14,406,400,55,2,12,19,12,0,41,41,3,21,1,6,10,2,1,0,3,1,10,1,1,0,242,22,0,264,0,264,--,400,136,242,264,264,Algún campo sin dato,1,138d356689f0c73be32f63dfdc315f602ebea88ac2d9ac06d37d93d002e3efae,25/06/2023 23:07:46,ESCANER
4051,"Guatemala",1,"Amatitlán",14,406,400,43,4,11,20,5,7,48,43,4,12,0,10,11,9,1,2,4,2,8,1,2,1,248,9,3,260,0,260,--,400,140,248,260,260,Algún campo sin dato,1,73b840426585f90ef16afc925a37b75e28c2d83d716df7aa4bd8ceedf7b29735,25/06/2023 23:44:23,ESCANER
4052,"Guatemala",1,"Amatitlán",14,407,400,,,,,,,,,,,,,,,,,,,,,,,,,,,,,,,,,,,,0,,,
4053,"Guatemala",1,"Amatitlán",14,407,400,,,,,,,,,,,,,,,,,,,,,,,,,,,,,,,,,,,,0,,,
4054,"Guatemala",1,"Amatitlán",14,407,400,,,,,,,,,,,,,,,,,,,,,,,,,,,,,,,,,,,,0,,,
4055,"Guatemala",1,"Amatitlán",14,407,400,,,,,,,,,,,,,,,,,,,,,,,,,,,,,,,,,,,,0,,,
4056,"Guatemala",1,"Amatitlán",14,407,400,,,,,,,,,,,,,,,,,,,,,,,,,,,,,,,,,,,,0,,,
4057,"Guatemala",1,"Amatitlán",14,408,400,,,,,,,,,,,,,,,,,,,,,,,,,,,,,,,,,,,,0,,,
4058,"Guatemala",1,"Amatitlán",14,408,400,,,,,,,,,,,,,,,,,,,,,,,,,,,,,,,,,,,,0,,,
4059,"Guatemala",1,"Amatitlán",14,408,400,42,4,10,14,10,6,46,42,2,19,1,3,6,10,3,3,0,2,3,3,0,2,231,4,2,237,0,237,--,400,163,231,237,237,Algún campo sin dato,1,e1b49b6bea4b1f60d77e20a74d8c72d64a22b588946c4294d159ea57f9a9ffb2,26/06/2023 00:12:47,ESCANER
4060,"Guatemala",1,"Amatitlán",14,408,400,50,0,7,13,11,6,41,29,0,13,2,3,11,8,3,1,5,2,6,1,2,3,222,14,2,238,0,238,--,403,165,217,233,233,Sumas Asentadas sin cuadrar,1,c30cd0cab6e1131f1b83d25e34247da94b73db291ed16ad2d3ae30b96478aff7,26/06/2023 00:25:15,ESCANER
4061,"Guatemala",1,"Amatitlán",14,408,400,,,,,,,,,,,,,,,,,,,,,,,,,,,,,,,,,,,,0,,,
4062,"Guatemala",1,"Amatitlán",14,408,400,,,,,,,,,,,,,,,,,,,,,,,,,,,,,,,,,,,,0,,,
4063,"Guatemala",1,"Amatitlán",14,409,400,44,5,6,12,9,3,47,31,2,14,1,13,19,4,4,0,1,1,2,3,0,1,222,10,0,232,0,232,--,401,168,222,232,232,Algún campo sin dato,1,a7158777712d8c166f4ee98b26cdbae93163a4ba053b8463bc04a0980dacde5f,26/06/2023 00:21:22,ESCANER
4064,"Guatemala",1,"Amatitlán",14,409,400,47,6,4,7,6,5,57,51,2,11,0,6,6,5,5,0,2,1,6,1,1,3,232,8,160,400,0,240,0,400,160,232,400,400,Sumas Asentadas sin cuadrar,1,abf9e75eaa124a7595c8d1c94190076cfcfbe088d15ca7b9ec9ef2f983e67859,25/06/2023 23:30:48,ESCANER
4065,"Guatemala",1,"Amatitlán",14,409,400,,,,,,,,,,,,,,,,,,,,,,,,,,,,,,,,,,,,0,,,
4066,"Guatemala",1,"Amatitlán",14,409,400,,,,,,,,,,,,,,,,,,,,,,,,,,,,,,,,,,,,0,,,
4067,"Guatemala",1,"Amatitlán",14,409,344,22,1,6,8,7,3,36,25,0,7,1,7,11,2,1,1,0,2,4,0,0,0,144,10,0,154,0,154,--,344,190,144,154,154,Algún campo sin dato,1,ade922deb920b23c3969eef60b89a0a21d2c2d113c3044a5eebb3c96b99f7978,25/06/2023 23:09:20,ESCANER
4068,"Guatemala",1,"Amatitlán",14,409,343,26,6,3,7,7,1,26,36,4,8,3,3,2,2,2,1,2,2,9,0,1,0,151,3,1,155,0,155,--,343,188,151,155,155,Algún campo sin dato,1,835e90b630938a47ad56092beacbee4ed9cd1dfe99ef0478bbac74389b7b02a9,25/06/2023 23:53:15,ESCANER
4069,"Guatemala",1,"Amatitlán",14,410,400,,,,,,,,,,,,,,,,,,,,,,,,,,,,,,,,,,,,0,,,
4070,"Guatemala",1,"Amatitlán",14,410,211,,,,,,,,,,,,,,,,,,,,,,,,,,,,,,,,,,,,0,,,
4071,"Guatemala",1,"Amatitlán",14,410,210,17,5,4,8,1,2,21,31,2,7,0,5,3,0,1,0,0,0,2,1,2,0,112,2,0,114,0,114,--,210,96,112,114,114,Algún campo sin dato,1,a6ad3491019d2c8c386fde097f8433d8c9dd6180220ff05739d3313650b3b500,25/06/2023 23:21:56,ESCANER
4072,"Guatemala",1,"Amatitlán",14,411,400,,,,,,,,,,,,,,,,,,,,,,,,,,,,,,,,,,,,0,,,
4073,"Guatemala",1,"Amatitlán",14,411,400,,,,,,,,,,,,,,,,,,,,,,,,,,,,,,,,,,,,0,,,
4074,"Guatemala",1,"Amatitlán",14,411,400,,,,,,,,,,,,,,,,,,,,,,,,,,,,,,,,,,,,0,,,
4075,"Guatemala",1,"Amatitlán",14,411,400,,,,,,,,,,,,,,,,,,,,,,,,,,,,,,,,,,,,0,,,
4076,"Guatemala",1,"Amatitlán",14,411,400,,,,,,,,,,,,,,,,,,,,,,,,,,,,,,,,,,,,0,,,
4077,"Guatemala",1,"Amatitlán",14,411,400,,,,,,,,,,,,,,,,,,,,,,,,,,,,,,,,,,,,0,,,
4078,"Guatemala",1,"Amatitlán",14,411,400,,,,,,,,,,,,,,,,,,,,,,,,,,,,,,,,,,,,0,,,
4079,"Guatemala",1,"Amatitlán",14,411,400,,,,,,,,,,,,,,,,,,,,,,,,,,,,,,,,,,,,0,,,
4080,"Guatemala",1,"Amatitlán",14,411,314,,,,,,,,,,,,,,,,,,,,,,,,,,,,,,,,,,,,0,,,
4081,"Guatemala",1,"Amatitlán",14,411,314,28,4,6,4,10,2,27,31,2,7,1,6,8,2,2,1,0,0,10,0,2,1,154,8,1,164,0,164,1,314,150,154,163,163,Sumas Asentadas sin cuadrar,1,730dcc1df8ac52b9b8319963f31fdf4e1bcfc7083ea286011becc71e73f4165b,26/06/2023 00:01:07,ESCANER
4082,"Guatemala",1,"Amatitlán",14,412,400,,,,,,,,,,,,,,,,,,,,,,,,,,,,,,,,,,,,0,,,
4083,"Guatemala",1,"Amatitlán",14,412,335,39,3,4,14,12,3,23,33,8,12,1,9,1,4,1,0,1,2,7,0,2,2,181,17,3,201,0,201,--,335,134,181,201,201,Algún campo sin dato,1,25a67bf44cf522482450a903e08352df1084f72eeec461618a4c3f74d1d39742,25/06/2023 23:13:37,ESCANER
4084,"Guatemala",1,"Amatitlán",14,412,334,30,4,6,7,7,2,30,43,3,12,2,8,7,4,1,0,0,2,5,1,0,1,175,7,0,182,0,182,--,334,152,175,182,182,Algún campo sin dato,1,29079e83231febce260b96d05f1a88595eadbee0e0289a3c33c2e8bcb74f5619,25/06/2023 23:57:25,ESCANER
4085,"Guatemala",1,"Amatitlán",14,413,400,38,3,3,2,14,7,53,62,5,12,5,11,15,2,3,1,10,4,6,4,1,3,264,20,4,288,0,288,--,400,112,264,288,288,Algún campo sin dato,1,4e22402947cf609f227283c191897e54f880d04ebc8706d2539ad3eae2afe97b,25/06/2023 23:29:30,ESCANER
4086,"Guatemala",1,"Amatitlán",14,413,400,,,,,,,,,,,,,,,,,,,,,,,,,,,,,,,,,,,,0,,,
4087,"Guatemala",1,"Amatitlán",14,413,400,,,,,,,,,,,,,,,,,,,,,,,,,,,,,,,,,,,,0,,,
4088,"Guatemala",1,"Amatitlán",14,413,400,,,,,,,,,,,,,,,,,,,,,,,,,,,,,,,,,,,,0,,,
4089,"Guatemala",1,"Amatitlán",14,413,400,,,,,,,,,,,,,,,,,,,,,,,,,,,,,,,,,,,,0,,,
4090,"Guatemala",1,"Amatitlán",14,413,400,,,,,,,,,,,,,,,,,,,,,,,,,,,,,,,,,,,,0,,,
4091,"Guatemala",1,"Amatitlán",14,413,400,,,,,,,,,,,,,,,,,,,,,,,,,,,,,,,,,,,,0,,,
4092,"Guatemala",1,"Amatitlán",14,413,400,,,,,,,,,,,,,,,,,,,,,,,,,,,,,,,,,,,,0,,,
4093,"Guatemala",1,"Amatitlán",14,413,400,,,,,,,,,,,,,,,,,,,,,,,,,,,,,,,,,,,,0,,,
4094,"Guatemala",1,"Amatitlán",14,413,400,,,,,,,,,,,,,,,,,,,,,,,,,,,,,,,,,,,,0,,,
4095,"Guatemala",1,"Amatitlán",14,413,400,,,,,,,,,,,,,,,,,,,,,,,,,,,,,,,,,,,,0,,,
4096,"Guatemala",1,"Amatitlán",14,413,400,,,,,,,,,,,,,,,,,,,,,,,,,,,,,,,,,,,,0,,,
4097,"Guatemala",1,"Amatitlán",14,414,244,15,4,4,3,6,2,28,20,1,8,1,4,17,1,2,0,3,1,4,1,2,2,129,7,1,137,0,137,0,244,107,129,137,137,,1,511ce82ca9857542e7b40dae6d483be3e769042f6b8a521e8834d1d9aa3b81bf,25/06/2023 23:34:51,ESCANER
4098,"Guatemala",1,"Amatitlán",14,414,244,21,1,3,3,7,2,30,40,2,8,0,8,8,2,3,0,2,0,1,2,1,0,144,7,1,152,0,152,0,244,92,144,152,152,,1,b44574fc72449d24e691872623ea10d294c9c0a76a5e1f19df30ea38679fa6af,25/06/2023 23:42:43,ESCANER
4099,"Guatemala",1,"Amatitlán",14,415,400,,,,,,,,,,,,,,,,,,,,,,,,,,,,,,,,,,,,0,,,
4100,"Guatemala",1,"Amatitlán",14,415,400,,,,,,,,,,,,,,,,,,,,,,,,,,,,,,,,,,,,0,,,
4101,"Guatemala",1,"Amatitlán",14,415,400,,,,,,,,,,,,,,,,,,,,,,,,,,,,,,,,,,,,0,,,
4102,"Guatemala",1,"Amatitlán",14,415,400,,,,,,,,,,,,,,,,,,,,,,,,,,,,,,,,,,,,0,,,
4103,"Guatemala",1,"Amatitlán",14,415,331,38,19,2,5,6,4,27,20,1,21,0,13,4,1,1,0,1,3,5,0,0,0,171,14,1,186,0,186,0,331,145,171,186,186,,1,ba9e06bdaea683bba0fc99bbdd7a1cc2ce60ba4ed2e233ce9933ea5945dcb4dd,25/06/2023 23:57:58,ESCANER
4104,"Guatemala",1,"Amatitlán",14,415,330,,,,,,,,,,,,,,,,,,,,,,,,,,,,,,,,,,,,0,,,
4105,"Guatemala",1,"Amatitlán",14,416,400,52,7,7,27,8,18,28,23,1,20,4,13,2,1,2,0,2,3,4,2,1,0,225,14,2,241,1,242,0,401,159,225,241,242,,1,9b806b13f198db2502411949704eff4dfdf4f7e45e9648b11896a58cd6e172b2,25/06/2023 23:47:15,ESCANER
4106,"Guatemala",1,"Amatitlán",14,416,400,48,5,6,29,7,11,27,24,0,23,1,8,6,3,0,1,0,1,4,2,1,3,210,33,1,244,0,244,0,0,0,210,244,244,,1,b0d68e753e9d32f794b91b261d7d9c561bb4ede35cb0f039917242453e766f3e,25/06/2023 23:59:18,ESCANER
4107,"Guatemala",1,"Amatitlán",14,416,400,57,2,11,33,5,11,23,29,5,18,0,10,7,0,1,0,1,3,3,2,1,0,222,22,1,222,0,245,--,400,155,222,245,245,Sumas Asentadas sin cuadrar,1,82d4baef6185150e88df505ce0691221412cd12b31910a0f5e2b4454aaaf7287,25/06/2023 23:11:37,ESCANER
4108,"Guatemala",1,"Amatitlán",14,416,400,,,,,,,,,,,,,,,,,,,,,,,,,,,,,,,,,,,,0,,,
4109,"Guatemala",1,"Amatitlán",14,416,400,,,,,,,,,,,,,,,,,,,,,,,,,,,,,,,,,,,,0,,,
4110,"Guatemala",1,"Amatitlán",14,416,400,,,,,,,,,,,,,,,,,,,,,,,,,,,,,,,,,,,,0,,,
4111,"Guatemala",1,"Amatitlán",14,416,400,41,7,10,20,3,5,24,12,1,9,4,12,7,5,0,1,2,0,2,2,1,0,168,19,1,188,0,188,0,400,212,168,188,188,,1,64099775c9964bb53c2bc8bb8e94ab6555f7420f1a01baeafdf0574757306a4b,25/06/2023 23:29:12,ESCANER
4112,"Guatemala",1,"Amatitlán",14,416,400,,,,,,,,,,,,,,,,,,,,,,,,,,,,,,,,,,,,0,,,
4113,"Guatemala",1,"Amatitlán",14,416,287,20,5,3,11,10,3,14,20,0,9,0,5,5,0,0,0,1,0,2,0,0,2,110,6,0,116,0,116,0,287,171,110,116,116,,1,331e0f665a160ebc4e5058de5298362f4f76d19ba77f48d7c9ee8a4287065bc9,25/06/2023 22:24:43,ESCANER
4114,"Guatemala",1,"Amatitlán",14,416,287,,,,,,,,,,,,,,,,,,,,,,,,,,,,,,,,,,,,0,,,
4115,"Guatemala",1,"Amatitlán",14,417,400,,,,,,,,,,,,,,,,,,,,,,,,,,,,,,,,,,,,0,,,
4116,"Guatemala",1,"Amatitlán",14,417,400,,,,,,,,,,,,,,,,,,,,,,,,,,,,,,,,,,,,0,,,
4117,"Guatemala",1,"Amatitlán",14,417,400,,,,,,,,,,,,,,,,,,,,,,,,,,,,,,,,,,,,0,,,
4118,"Guatemala",1,"Amatitlán",14,417,400,59,11,5,13,2,3,41,33,2,27,1,18,5,1,2,0,3,0,5,1,2,1,235,15,0,250,0,250,0,400,150,235,250,250,,1,6a5600fce42fb3bfb78c5e2a78e8a0981ce0ffcca5a0afe2c9fd4b926382ff4c,26/06/2023 00:12:12,ESCANER
4119,"Guatemala",1,"Amatitlán",14,418,400,54,13,4,10,8,6,41,38,2,24,1,21,8,2,0,1,4,2,3,2,0,1,245,19,0,264,0,264,--,400,136,245,264,264,Algún campo sin dato,1,60d67cec32fcc67070439371d72037ca23a8b3230e0750536d6cc3e146adb3fc,25/06/2023 22:55:37,ESCANER
4120,"Guatemala",1,"Amatitlán",14,418,400,58,15,3,16,6,5,47,42,3,20,1,16,6,0,1,0,4,2,5,2,0,2,254,13,0,267,0,267,--,403,136,254,267,267,Algún campo sin dato,1,ff2db81f493b1faace718a1d1637bf24d8a20cf70d9c6a2b625fb8e22d2ebc34,25/06/2023 23:49:40,ESCANER
4121,"Guatemala",1,"Amatitlán",14,418,400,,,,,,,,,,,,,,,,,,,,,,,,,,,,,,,,,,,,0,,,
4122,"Guatemala",1,"Amatitlán",14,418,400,,,,,,,,,,,,,,,,,,,,,,,,,,,,,,,,,,,,0,,,
4123,"Guatemala",1,"Amatitlán",14,419,400,,,,,,,,,,,,,,,,,,,,,,,,,,,,,,,,,,,,0,,,
4124,"Guatemala",1,"Amatitlán",14,419,349,,,,,,,,,,,,,,,,,,,,,,,,,,,,,,,,,,,,0,,,
4125,"Guatemala",1,"Amatitlán",14,419,348,33,11,4,9,4,4,22,28,1,17,2,17,9,0,4,1,0,1,3,3,0,0,173,9,0,182,0,182,--,348,166,173,182,182,Algún campo sin dato,1,e56d771c74a2e77dbc97498f36e3003ad6e260bd2945c05e28402e9c8414a7bf,26/06/2023 00:17:04,ESCANER
4126,"Guatemala",1,"Amatitlán",14,420,339,,,,,,,,,,,,,,,,,,,,,,,,,,,,,,,,,,,,0,,,
4127,"Guatemala",1,"Amatitlán",14,420,338,,,,,,,,,,,,,,,,,,,,,,,,,,,,,,,,,,,,0,,,
4128,"Guatemala",1,"Amatitlán",14,421,400,,,,,,,,,,,,,,,,,,,,,,,,,,,,,,,,,,,,0,,,
4129,"Guatemala",1,"Amatitlán",14,421,400,,,,,,,,,,,,,,,,,,,,,,,,,,,,,,,,,,,,0,,,
4130,"Guatemala",1,"Amatitlán",14,421,400,,,,,,,,,,,,,,,,,,,,,,,,,,,,,,,,,,,,0,,,
4131,"Guatemala",1,"Amatitlán",14,421,400,,,,,,,,,,,,,,,,,,,,,,,,,,,,,,,,,,,,0,,,
4132,"Guatemala",1,"Amatitlán",14,421,400,,,,,,,,,,,,,,,,,,,,,,,,,,,,,,,,,,,,0,,,
4133,"Guatemala",1,"Amatitlán",14,421,400,56,6,6,20,10,1,27,48,3,17,0,15,7,4,0,0,1,1,2,1,1,0,226,17,2,245,0,245,--,400,155,226,245,245,Algún campo sin dato,1,910eb8fa485b53509fc0e62bc9cd1d06fb5ae2022175e42fb3b454fcb3999c13,26/06/2023 00:24:00,ESCANER
4134,"Guatemala",1,"Amatitlán",14,421,400,,,,,,,,,,,,,,,,,,,,,,,,,,,,,,,,,,,,0,,,
4135,"Guatemala",1,"Amatitlán",14,421,400,,,,,,,,,,,,,,,,,,,,,,,,,,,,,,,,,,,,0,,,
4136,"Guatemala",1,"Amatitlán",14,422,400,,,,,,,,,,,,,,,,,,,,,,,,,,,,,,,,,,,,0,,,
4137,"Guatemala",1,"Amatitlán",14,422,400,32,5,9,25,2,7,27,30,1,14,1,16,6,5,1,3,1,1,4,2,0,1,193,18,2,213,1,214,--,400,187,193,213,214,Algún campo sin dato,1,b47da1fa72e08134b5a8a5b92b778de64e4d242e70a50b5a29931fed17d9c6c7,26/06/2023 00:27:53,ESCANER
4138,"Guatemala",1,"Amatitlán",14,422,400,,,,,,,,,,,,,,,,,,,,,,,,,,,,,,,,,,,,0,,,
4139,"Guatemala",1,"Amatitlán",14,422,400,,,,,,,,,,,,,,,,,,,,,,,,,,,,,,,,,,,,0,,,
4140,"Guatemala",1,"Amatitlán",14,422,400,,,,,,,,,,,,,,,,,,,,,,,,,,,,,,,,,,,,0,,,
4141,"Guatemala",1,"Amatitlán",14,422,400,,,,,,,,,,,,,,,,,,,,,,,,,,,,,,,,,,,,0,,,
4142,"Guatemala",1,"Amatitlán",14,422,400,,,,,,,,,,,,,,,,,,,,,,,,,,,,,,,,,,,,0,,,
4143,"Guatemala",1,"Amatitlán",14,422,400,,,,,,,,,,,,,,,,,,,,,,,,,,,,,,,,,,,,0,,,
4144,"Guatemala",1,"Amatitlán",14,423,400,,,,,,,,,,,,,,,,,,,,,,,,,,,,,,,,,,,,0,,,
4145,"Guatemala",1,"Amatitlán",14,423,400,,,,,,,,,,,,,,,,,,,,,,,,,,,,,,,,,,,,0,,,
4146,"Guatemala",1,"Amatitlán",14,423,400,,,,,,,,,,,,,,,,,,,,,,,,,,,,,,,,,,,,0,,,
4147,"Guatemala",1,"Amatitlán",14,423,400,,,,,,,,,,,,,,,,,,,,,,,,,,,,,,,,,,,,0,,,
4148,"Guatemala",1,"Amatitlán",14,423,400,,,,,,,,,,,,,,,,,,,,,,,,,,,,,,,,,,,,0,,,
4149,"Guatemala",1,"Amatitlán",14,423,400,30,3,3,6,6,0,26,23,2,12,0,5,6,0,0,0,1,0,3,1,1,0,128,7,1,136,0,136,--,400,264,128,136,136,Algún campo sin dato,1,520cc7bf47799e70e75a1f3e7254273a8e4544ff553cd39c94b27e942ee39843,25/06/2023 23:19:37,ESCANER
4150,"Guatemala",1,"Amatitlán",14,423,287,17,2,0,9,4,4,21,31,1,4,0,7,7,1,0,0,2,2,0,1,1,1,115,4,1,120,0,120,0,287,167,115,120,120,,1,9c22ee61de2b99098a29ec7ba7527e30969bbe770138ea2c1039d0598f9e637f,25/06/2023 22:23:53,ESCANER
4151,"Guatemala",1,"Amatitlán",14,423,286,9,4,8,4,4,4,28,23,1,10,0,5,9,1,1,1,0,0,4,0,1,0,117,11,1,129,0,129,--,285,156,117,129,129,Algún campo sin dato,1,9c029fa4cca22b45b9059021e3186bba931b9768b304927b3f9a26f82a097b4c,25/06/2023 22:35:15,ESCANER
4152,"Guatemala",1,"Amatitlán",14,424,400,,,,,,,,,,,,,,,,,,,,,,,,,,,,,,,,,,,,0,,,
4153,"Guatemala",1,"Amatitlán",14,424,400,,,,,,,,,,,,,,,,,,,,,,,,,,,,,,,,,,,,0,,,
4154,"Guatemala",1,"Amatitlán",14,424,400,,,,,,,,,,,,,,,,,,,,,,,,,,,,,,,,,,,,0,,,
4155,"Guatemala",1,"Amatitlán",14,424,400,,,,,,,,,,,,,,,,,,,,,,,,,,,,,,,,,,,,0,,,
4156,"Guatemala",1,"Amatitlán",14,424,400,,,,,,,,,,,,,,,,,,,,,,,,,,,,,,,,,,,,0,,,
4157,"Guatemala",1,"Amatitlán",14,424,400,,,,,,,,,,,,,,,,,,,,,,,,,,,,,,,,,,,,0,,,
4158,"Guatemala",1,"Amatitlán",14,424,400,,,,,,,,,,,,,,,,,,,,,,,,,,,,,,,,,,,,0,,,
4159,"Guatemala",1,"Amatitlán",14,424,400,,,,,,,,,,,,,,,,,,,,,,,,,,,,,,,,,,,,0,,,
4160,"Guatemala",1,"Amatitlán",14,424,286,,,,,,,,,,,,,,,,,,,,,,,,,,,,,,,,,,,,0,,,
4161,"Guatemala",1,"Amatitlán",14,424,286,18,3,6,7,9,2,9,22,2,9,0,6,5,0,1,1,1,1,1,1,1,1,106,8,1,115,0,115,--,286,171,106,115,115,Algún campo sin dato,1,e8ab717552d6ac67891e8d6ddc9f9149df5c0e6b6c792a573b81fe82f84b4938,26/06/2023 00:11:42,ESCANER
4162,"Guatemala",1,"Amatitlán",14,425,400,,,,,,,,,,,,,,,,,,,,,,,,,,,,,,,,,,,,0,,,
4163,"Guatemala",1,"Amatitlán",14,425,400,,,,,,,,,,,,,,,,,,,,,,,,,,,,,,,,,,,,0,,,
4164,"Guatemala",1,"Amatitlán",14,425,400,,,,,,,,,,,,,,,,,,,,,,,,,,,,,,,,,,,,0,,,
4165,"Guatemala",1,"Amatitlán",14,425,400,34,2,9,7,12,8,20,49,3,20,3,8,4,5,0,3,2,2,4,3,1,2,201,21,2,224,0,224,--,400,176,201,224,224,Algún campo sin dato,1,ac1ea011413fe728455f4fa9836b4520b90997cfed63aca68cc9bb51664b98e2,26/06/2023 00:22:15,ESCANER
4166,"Guatemala",1,"Amatitlán",14,425,400,,,,,,,,,,,,,,,,,,,,,,,,,,,,,,,,,,,,0,,,
4167,"Guatemala",1,"Amatitlán",14,425,400,,,,,,,,,,,,,,,,,,,,,,,,,,,,,,,,,,,,0,,,
4168,"Guatemala",1,"Amatitlán",14,425,400,,,,,,,,,,,,,,,,,,,,,,,,,,,,,,,,,,,,0,,,
4169,"Guatemala",1,"Amatitlán",14,425,324,33,3,8,7,7,3,28,35,1,14,0,4,8,1,1,2,1,0,5,2,0,2,165,6,0,171,0,171,--,324,153,165,171,171,Algún campo sin dato,1,4351a8b65facdd64ec2272f0020d545ddc1abc25ec54ab4846654378b353ca12,25/06/2023 23:31:13,ESCANER
4170,"Guatemala",1,"Amatitlán",14,425,324,27,1,6,7,5,4,22,25,0,11,0,3,8,2,1,0,0,1,2,2,1,0,128,7,2,137,0,137,--,321,184,128,137,137,Algún campo sin dato,1,49ec72f648208b6074641d57b483836cc6b7cea502e87c3acec46ca995b89f4f,26/06/2023 00:10:17,ESCANER
4171,"Guatemala",1,"Amatitlán",14,426,400,,,,,,,,,,,,,,,,,,,,,,,,,,,,,,,,,,,,0,,,
4172,"Guatemala",1,"Amatitlán",14,426,400,,,,,,,,,,,,,,,,,,,,,,,,,,,,,,,,,,,,0,,,
4173,"Guatemala",1,"Amatitlán",14,426,400,,,,,,,,,,,,,,,,,,,,,,,,,,,,,,,,,,,,0,,,
4174,"Guatemala",1,"Amatitlán",14,426,400,40,1,8,19,6,2,35,60,8,9,0,7,12,4,0,0,5,1,5,3,1,4,230,16,2,248,0,248,0,400,152,230,248,248,,1,407e20f0c1ea845853d27fee3867c0e6a80f797f6ed95e222002854751e2cacb,25/06/2023 23:56:26,ESCANER
4175,"Guatemala",1,"Amatitlán",14,426,400,,,,,,,,,,,,,,,,,,,,,,,,,,,,,,,,,,,,0,,,
4176,"Guatemala",1,"Amatitlán",14,426,380,44,0,4,14,5,5,38,46,1,8,1,3,8,4,2,0,1,2,10,5,4,3,208,10,0,218,0,218,--,380,162,208,218,218,Algún campo sin dato,1,1190db70766fd3f25e750ee555070f6b263ebe7e380229d1ef5483426503f6a1,26/06/2023 00:22:55,ESCANER
4177,"Guatemala",1,"Amatitlán",14,426,380,,,,,,,,,,,,,,,,,,,,,,,,,,,,,,,,,,,,0,,,
4178,"Guatemala",1,"Amatitlán",14,427,380,,,,,,,,,,,,,,,,,,,,,,,,,,,,,,,,,,,,0,,,
4179,"Guatemala",1,"Amatitlán",14,427,380,,,,,,,,,,,,,,,,,,,,,,,,,,,,,,,,,,,,0,,,
4180,"Guatemala",1,"Amatitlán",14,427,380,,,,,,,,,,,,,,,,,,,,,,,,,,,,,,,,,,,,0,,,
4181,"Guatemala",1,"Amatitlán",14,427,380,,,,,,,,,,,,,,,,,,,,,,,,,,,,,,,,,,,,0,,,
4182,"Guatemala",1,"Amatitlán",14,427,380,,,,,,,,,,,,,,,,,,,,,,,,,,,,,,,,,,,,0,,,
4183,"Guatemala",1,"Amatitlán",14,428,380,,,,,,,,,,,,,,,,,,,,,,,,,,,,,,,,,,,,0,,,
4184,"Guatemala",1,"Amatitlán",14,428,380,,,,,,,,,,,,,,,,,,,,,,,,,,,,,,,,,,,,0,,,
4185,"Guatemala",1,"Amatitlán",14,428,380,39,1,15,18,15,3,7,23,0,24,2,2,4,2,1,1,3,0,4,0,1,1,166,11,3,180,0,180,0,380,200,166,180,180,,1,e28a2a546e171f2e0bca1e8a7e1a0ddce70cf120882ed23f7664a7774e3a3ab3,25/06/2023 23:48:53,ESCANER
4186,"Guatemala",1,"Amatitlán",14,428,380,52,2,12,9,15,2,11,22,2,17,0,4,4,4,0,1,1,1,2,1,1,1,164,14,0,178,0,178,--,380,202,164,178,178,Algún campo sin dato,1,6ae7cd4a49c1df5f549bd61107aee7879321eb3ba631cee7bd07c01f26c453f9,25/06/2023 23:20:38,ESCANER
4187,"Guatemala",1,"Amatitlán",14,428,237,,,,,,,,,,,,,,,,,,,,,,,,,,,,,,,,,,,,0,,,
4188,"Guatemala",1,"Amatitlán",14,428,237,,,,,,,,,,,,,,,,,,,,,,,,,,,,,,,,,,,,0,,,
4189,"Guatemala",1,"Amatitlán",14,429,380,22,3,27,20,7,6,19,33,1,7,0,13,4,3,1,0,6,1,4,2,0,0,179,20,4,203,--,--,--,380,177,179,203,203,Algún campo sin dato,1,b4e6948236e51e818c010e53ed4785d02b037060922dbddb85f14eaf900ce02d,25/06/2023 23:46:11,ESCANER
4190,"Guatemala",1,"Amatitlán",14,429,380,,,,,,,,,,,,,,,,,,,,,,,,,,,,,,,,,,,,0,,,
4191,"Guatemala",1,"Amatitlán",14,429,380,52,1,30,15,9,7,19,31,1,8,1,12,4,1,0,3,4,2,4,0,0,0,204,23,3,230,0,230,0,380,150,204,230,230,,1,dbd5ffc66f2f20e1c7dfb0415d5055fac5b1c9ad96267157ea39b6a9d1a3106a,26/06/2023 00:17:57,ESCANER
4192,"Guatemala",1,"Amatitlán",14,429,380,42,1,28,11,11,6,28,28,0,11,0,11,6,2,1,0,2,0,5,1,1,3,198,15,2,215,0,215,--,380,165,198,215,215,Algún campo sin dato,1,f21159d319799c2b9218661418b7ac460e00aef74496d3683a5fed6638e79816,25/06/2023 23:56:27,ESCANER
4193,"Guatemala",1,"Amatitlán",14,429,380,26,0,35,15,7,7,16,42,2,8,0,15,2,1,0,0,0,2,2,0,0,3,183,26,0,209,0,209,--,380,171,183,209,209,Algún campo sin dato,1,e83af78061d01ff2ce382871e2f51f70f055683fa0358a8072c272764c2ffd28,25/06/2023 23:37:42,ESCANER
4194,"Guatemala",1,"Amatitlán",14,429,380,,,,,,,,,,,,,,,,,,,,,,,,,,,,,,,,,,,,0,,,
4195,"Guatemala",1,"Amatitlán",14,429,380,,,,,,,,,,,,,,,,,,,,,,,,,,,,,,,,,,,,0,,,
4196,"Guatemala",1,"Amatitlán",14,429,380,,,,,,,,,,,,,,,,,,,,,,,,,,,,,,,,,,,,0,,,
4197,"Guatemala",1,"Amatitlán",14,429,380,,,,,,,,,,,,,,,,,,,,,,,,,,,,,,,,,,,,0,,,
4198,"Guatemala",1,"Amatitlán",14,430,380,44,1,27,9,5,5,17,26,1,9,0,8,4,2,1,1,1,1,5,0,2,0,169,6,1,176,0,176,--,--,--,169,176,176,Algún campo sin dato,1,e3cb7691aefd8ef8099f54a274eebb226c0fa21b558ffd46cb95a06cd3036f6c,25/06/2023 21:58:56,ESCANER
4199,"Guatemala",1,"Amatitlán",14,430,256,,,,,,,,,,,,,,,,,,,,,,,,,,,,,,,,,,,,0,,,
4200,"Guatemala",1,"Amatitlán",14,430,255,16,0,13,8,4,3,19,12,1,10,0,7,5,3,1,0,0,1,2,0,1,0,106,7,0,113,0,113,--,255,142,106,113,113,Algún campo sin dato,1,3d8d88cf86072c0651bb2a79f500fa10dbd1e507b3155dc643998355c2d53a37,25/06/2023 23:33:45,ESCANER
4201,"Guatemala",1,"Amatitlán",14,431,380,,,,,,,,,,,,,,,,,,,,,,,,,,,,,,,,,,,,0,,,
4202,"Guatemala",1,"Amatitlán",14,431,380,,,,,,,,,,,,,,,,,,,,,,,,,,,,,,,,,,,,0,,,
4203,"Guatemala",1,"Amatitlán",14,431,380,,,,,,,,,,,,,,,,,,,,,,,,,,,,,,,,,,,,0,,,
4204,"Guatemala",1,"Amatitlán",14,431,380,,,,,,,,,,,,,,,,,,,,,,,,,,,,,,,,,,,,0,,,
4205,"Guatemala",1,"Amatitlán",14,431,380,,,,,,,,,,,,,,,,,,,,,,,,,,,,,,,,,,,,0,,,
4206,"Guatemala",1,"Amatitlán",14,431,287,23,1,11,3,5,1,29,23,0,17,1,7,4,2,0,0,1,0,1,0,0,0,129,5,1,135,0,135,0,287,152,129,135,135,,1,84aeaacdf7dcae3091437677aa8eb3a36c33f50ab91a5464ecd82b473afec4b8,25/06/2023 23:12:29,ESCANER
4207,"Guatemala",1,"Amatitlán",14,431,286,,,,,,,,,,,,,,,,,,,,,,,,,,,,,,,,,,,,0,,,
4208,"Guatemala",1,"Amatitlán",14,432,380,,,,,,,,,,,,,,,,,,,,,,,,,,,,,,,,,,,,0,,,
4209,"Guatemala",1,"Amatitlán",14,432,380,82,15,3,11,5,5,20,17,0,21,0,11,2,2,0,0,1,2,1,0,1,0,199,22,1,222,0,222,--,380,158,199,222,222,Algún campo sin dato,1,963344e6001e1c487534f4576d6e584e984047d04b3daa26636b381581532f5f,26/06/2023 00:14:51,ESCANER
4210,"Guatemala",1,"Amatitlán",14,432,380,,,,,,,,,,,,,,,,,,,,,,,,,,,,,,,,,,,,0,,,
4211,"Guatemala",1,"Amatitlán",14,432,380,,,,,,,,,,,,,,,,,,,,,,,,,,,,,,,,,,,,0,,,
4212,"Guatemala",1,"Amatitlán",14,432,228,40,6,1,7,3,1,11,7,0,12,0,6,1,2,0,0,0,0,0,0,1,1,99,10,0,109,0,109,--,228,119,99,109,109,Algún campo sin dato,1,4d2af90fdaf480e8ce5da90a56432fdb4877e5c89a22c16940921b727dd7c680,25/06/2023 23:49:49,ESCANER
4213,"Guatemala",1,"Amatitlán",14,432,227,33,0,2,2,6,3,16,9,1,7,0,5,6,0,1,0,0,0,0,0,0,0,91,8,0,99,0,99,--,227,128,91,99,99,Algún campo sin dato,1,0bd87ed0c54c9cd333b58268ce2854a6a99f5b89dd3963d40e52c301c2dc7f27,25/06/2023 23:23:54,ESCANER
4214,"Guatemala",1,"Amatitlán",14,433,313,,,,,,,,,,,,,,,,,,,,,,,,,,,,,,,,,,,,0,,,
4215,"Guatemala",1,"Amatitlán",14,433,312,,,,,,,,,,,,,,,,,,,,,,,,,,,,,,,,,,,,0,,,
4216,"Guatemala",1,"Amatitlán",14,434,380,,,,,,,,,,,,,,,,,,,,,,,,,,,,,,,,,,,,0,,,
4217,"Guatemala",1,"Amatitlán",14,434,380,,,,,,,,,,,,,,,,,,,,,,,,,,,,,,,,,,,,0,,,
4218,"Guatemala",1,"Amatitlán",14,434,380,,,,,,,,,,,,,,,,,,,,,,,,,,,,,,,,,,,,0,,,
4219,"Guatemala",1,"Amatitlán",14,434,380,49,23,13,19,4,1,11,24,0,3,1,4,1,0,0,1,1,0,4,0,0,1,160,17,5,182,0,182,0,380,198,160,182,182,,1,bfaae9a9794364e372032bc980924771c8a2818b056b060ca3ca037ffef4b449,25/06/2023 23:45:26,ESCANER
4220,"Guatemala",1,"Amatitlán",14,434,380,50,15,13,16,4,3,10,40,0,9,0,6,0,0,0,1,1,1,0,0,0,0,169,26,5,200,0,200,0,380,180,169,200,200,,1,8f6e223fdf35f7f452bd1272e75961751968a6fda0cc82aa7cd354f41efd703d,26/06/2023 00:15:49,ESCANER
4221,"Guatemala",1,"Amatitlán",14,434,272,30,13,17,11,2,3,6,25,1,3,1,3,0,0,0,1,1,0,0,0,0,0,117,9,0,126,9,135,--,272,146,117,126,135,Algún campo sin dato,1,a8faeecb7d1c7295e7e99d97a175112ee5d6d1d02b4f1fbadd8aaa93b4241068,25/06/2023 23:23:45,ESCANER
4222,"Guatemala",1,"Amatitlán",14,434,271,,,,,,,,,,,,,,,,,,,,,,,,,,,,,,,,,,,,0,,,
4223,"Guatemala",1,"Amatitlán",14,435,380,97,0,15,72,3,2,17,6,0,5,1,1,0,0,0,2,1,0,3,1,1,0,227,23,12,262,0,262,--,380,118,227,262,262,Algún campo sin dato,1,5808f8c1aa834c281fdc1a32dcf9cf73bbd9d526c1452bf8fb660ab638c5da51,25/06/2023 23:25:00,ESCANER
4224,"Guatemala",1,"Amatitlán",14,435,380,,,,,,,,,,,,,,,,,,,,,,,,,,,,,,,,,,,,0,,,
4225,"Guatemala",1,"Amatitlán",14,435,380,,,,,,,,,,,,,,,,,,,,,,,,,,,,,,,,,,,,0,,,
4226,"Guatemala",1,"Amatitlán",14,435,380,,,,,,,,,,,,,,,,,,,,,,,,,,,,,,,,,,,,0,,,
4227,"Guatemala",1,"Amatitlán",14,435,230,63,1,3,18,1,0,6,2,0,3,1,2,1,0,0,0,1,0,0,0,0,0,102,3,0,105,0,105,--,230,125,102,105,105,Algún campo sin dato,1,cf852ee1d8a5d452edd4de9d7d6793901776028a89ae9eade103e47907bee8e0,25/06/2023 22:52:03,ESCANER
4228,"Guatemala",1,"Amatitlán",14,435,230,42,0,7,23,1,0,6,1,0,2,1,0,1,0,0,0,0,0,0,0,0,0,84,2,4,90,0,90,0,230,140,84,90,90,,1,eb587fa1bbae7be430ffa33a4f3096e43e504a38e2d495e07f8f1c745837f97f,25/06/2023 23:51:25,ESCANER
4229,"Guatemala",1,"Amatitlán",14,436,380,39,1,9,30,11,10,27,33,3,7,0,6,3,6,0,1,0,1,2,0,2,1,192,26,6,224,0,224,--,380,156,192,224,224,Algún campo sin dato,1,3bacfd2b400190e7b7ae856b32eabd6fb27428674556ea0000bf95eb7082731a,26/06/2023 00:10:30,ESCANER
4230,"Guatemala",1,"Amatitlán",14,436,380,,,,,,,,,,,,,,,,,,,,,,,,,,,,,,,,,,,,0,,,
4231,"Guatemala",1,"Amatitlán",14,436,380,,,,,,,,,,,,,,,,,,,,,,,,,,,,,,,,,,,,0,,,
4232,"Guatemala",1,"Amatitlán",14,436,380,,,,,,,,,,,,,,,,,,,,,,,,,,,,,,,,,,,,0,,,
4233,"Guatemala",1,"Amatitlán",14,436,380,30,4,14,26,14,11,28,22,0,9,1,12,9,6,1,0,2,1,2,2,1,0,195,28,4,227,0,227,--,380,153,195,227,227,Algún campo sin dato,1,683b383ee8e0307302835292fd24099a688b7e25ee04ef97e3a1b0769c8061b4,26/06/2023 00:17:36,ESCANER
4234,"Guatemala",1,"Amatitlán",14,436,380,35,3,7,28,10,14,27,25,2,10,0,6,3,1,2,0,0,0,3,5,0,1,182,18,3,203,0,203,--,380,177,182,203,203,Algún campo sin dato,1,7e82836d39fae3c9a1206a0ed30daec9e9e3b549c783201fc9bbb643bc277669,25/06/2023 23:14:23,ESCANER
4235,"Guatemala",1,"Amatitlán",14,436,380,,,,,,,,,,,,,,,,,,,,,,,,,,,,,,,,,,,,0,,,
4236,"Guatemala",1,"Amatitlán",14,436,380,,,,,,,,,,,,,,,,,,,,,,,,,,,,,,,,,,,,0,,,
4237,"Guatemala",1,"Amatitlán",14,436,380,,,,,,,,,,,,,,,,,,,,,,,,,,,,,,,,,,,,0,,,
4238,"Guatemala",1,"Amatitlán",14,436,380,37,4,6,13,11,3,21,35,2,7,1,4,5,5,0,0,1,0,2,0,0,1,158,7,1,166,0,166,--,380,214,158,166,166,Algún campo sin dato,1,523b379845bffc4e0bddfc63fd76a4dd219b160904ed9bb33eb0eb4dcbdea3db,25/06/2023 23:51:55,ESCANER
4239,"Guatemala",1,"Amatitlán",14,436,326,21,0,5,8,11,5,20,19,4,7,3,1,3,3,0,0,1,1,0,0,0,1,113,9,1,123,0,123,--,326,203,113,123,123,Algún campo sin dato,1,468efaa964e584b237cfd3fc31173bf4ad117f135c013993ca5e1b5a1dd98060,25/06/2023 23:33:52,ESCANER
4240,"Guatemala",1,"Amatitlán",14,436,325,20,2,2,16,11,5,22,25,1,0,0,5,9,6,1,0,1,0,2,1,0,0,129,10,1,140,0,140,--,325,185,129,140,140,Algún campo sin dato,1,a0a0c95dec6311a8bc4d3b304fec9be7245de443b26551daa1cfe4edad713693,25/06/2023 23:24:35,ESCANER
4241,"Guatemala",1,"Amatitlán",14,437,600,,,,,,,,,,,,,,,,,,,,,,,,,,,,,,,,,,,,0,,,
4242,"Guatemala",1,"Amatitlán",14,437,600,,,,,,,,,,,,,,,,,,,,,,,,,,,,,,,,,,,,0,,,
4243,"Guatemala",1,"Amatitlán",14,437,600,,,,,,,,,,,,,,,,,,,,,,,,,,,,,,,,,,,,0,,,
4244,"Guatemala",1,"Amatitlán",14,437,522,23,1,5,6,5,4,20,20,0,7,1,3,1,1,1,0,1,1,5,2,0,3,110,11,3,124,0,124,--,522,398,110,124,124,Algún campo sin dato,1,f723f31b8fdd3e5fad1c395c2cfbadb680845991b5153444a6fb821d1f0bb2c9,25/06/2023 23:29:52,ESCANER
4245,"Guatemala",1,"Amatitlán",14,437,522,13,0,5,2,2,1,9,8,4,5,1,2,1,2,3,1,0,0,2,0,0,0,61,6,1,68,0,68,--,519,451,61,68,68,Algún campo sin dato,1,15060effd4a3713252d4c0675fd1368233c5d1602397a1591acad56dbcd36671,25/06/2023 22:25:06,ESCANER