﻿TIPO_DE_ELECCIÓN:,CORPORACIÓN MUNICIPAL
26 junio 2023 00:28 (UTC -6)
ACTAS_ESPERADAS,ACTAS_CAPTURADAS,PORCENTAJE_ACTAS_CAPTURADAS,ACTAS_CONTABILIZADAS,PORCENTAJE_ACTAS_CONTABILIZADAS,ACTAS_NO_CONTABILIZADAS,LISTA_NOMINAL_ACTAS_CONTABILIZADAS,VOTOS_EMITIDOS_CONTABILIZADAS,PORCENTAJE_PARTICIPACIÓN_CIUDADANA
54,29,53.7037,29,53.7037,0,10464,7631,72.9262

MESA,DEPARTAMENTO,ID_DEPARTAMENTO,MUNICIPIO,ID_MUNICIPIO,CENTRO_DE_VOTACIÓN,PADRÓN,TODOS,CABAL,VAMOS,SAMAJEL,PODEMOS,MLP,UNE,VOS,VÁLIDOS,NULOS,BLANCO,EMITIDOS,INVÁLIDOS,TOTAL,IMPUGNACIONES,PAPELETAS-RECIBIDAS,PAPELETAS-NO-USADAS,VALIDOS_CALCULADO,EMITIDOS_CALCULADO,TOTAL_CALCULADO,OBSERVACIONES,CONTABILIZADA,CÓDIGO_INTEGRIDAD,FECHA_HORA_PUBLICACIÓN,DIGITALIZACIÓN
6500,"Chimaltenango",3,"Patzicía",9,691,400,44,51,49,137,9,3,6,5,304,11,0,315,0,315,--,400,85,304,315,315,Algún campo sin dato,1,a594a28fd484187f047bcbbc85e33458078b0d81cec27704594ee63f5610965c,25/06/2023 23:34:36,ESCANER
6501,"Chimaltenango",3,"Patzicía",9,691,400,,,,,,,,,,,,,,,,,,,,,,0,,,
6502,"Chimaltenango",3,"Patzicía",9,691,400,,,,,,,,,,,,,,,,,,,,,,0,,,
6503,"Chimaltenango",3,"Patzicía",9,691,400,,,,,,,,,,,,,,,,,,,,,,0,,,
6504,"Chimaltenango",3,"Patzicía",9,691,400,,,,,,,,,,,,,,,,,,,,,,0,,,
6505,"Chimaltenango",3,"Patzicía",9,691,400,65,49,51,128,7,4,1,6,311,6,6,323,0,323,--,400,77,311,323,323,Algún campo sin dato,1,1e4b50f3f03e10f6dd2897f35d5fca688422f22c711f4b47413c6e24c4cba826,25/06/2023 23:07:26,ESCANER
6506,"Chimaltenango",3,"Patzicía",9,691,400,38,49,62,124,10,5,3,5,296,12,5,313,0,313,--,400,87,296,313,313,Algún campo sin dato,1,5069390a1a4bf72abaf17177a415ad0d5ae8f6843b2986e83fcfc018d5c927c5,25/06/2023 23:43:58,ESCANER
6507,"Chimaltenango",3,"Patzicía",9,691,400,35,40,54,149,7,10,2,3,300,7,0,307,0,307,--,400,93,300,307,307,Algún campo sin dato,1,7654b8d8f0af4fa481a1429089a8450acfef6f5c50937eb4b1581d92061bfba6,25/06/2023 23:26:57,ESCANER
6508,"Chimaltenango",3,"Patzicía",9,691,400,52,41,62,123,5,7,4,4,298,17,1,316,0,316,--,400,84,298,316,316,Algún campo sin dato,1,7bc70029be742ecd4fecb322f16fd0366777f7b37e5673e9bcf84d8a295d89a0,25/06/2023 23:52:08,ESCANER
6509,"Chimaltenango",3,"Patzicía",9,691,400,,,,,,,,,,,,,,,,,,,,,,0,,,
6510,"Chimaltenango",3,"Patzicía",9,691,400,60,52,55,114,8,15,4,5,313,6,4,323,0,323,--,400,77,313,323,323,Algún campo sin dato,1,6d06c144cffacafb5491e66e96065f09a6664096138b9b8c29531653ea6828c8,25/06/2023 22:16:33,ESCANER
6511,"Chimaltenango",3,"Patzicía",9,691,400,42,54,56,123,8,8,4,6,301,11,8,320,0,320,--,400,80,301,320,320,Algún campo sin dato,1,458b85ad19bc6b68a40771dbba3ac81f3cf60716f8385e201f92354c4bb20e11,26/06/2023 00:03:39,ESCANER
6512,"Chimaltenango",3,"Patzicía",9,691,400,,,,,,,,,,,,,,,,,,,,,,0,,,
6513,"Chimaltenango",3,"Patzicía",9,691,400,41,42,55,118,10,6,4,2,278,6,0,284,0,284,--,400,116,278,284,284,Algún campo sin dato,1,bcff6021fcd5e1f276499d04a6f0b662e1c02fd0a7f48840368fd90a72ee02df,26/06/2023 00:21:01,ESCANER
6514,"Chimaltenango",3,"Patzicía",9,691,400,53,55,38,106,4,6,2,4,268,7,2,277,0,277,--,400,123,268,277,277,Algún campo sin dato,1,f413e56b781ebbe9666c6e422567ebfc8a1e8bffacf2fe9a057dec6caa53e9d0,25/06/2023 22:28:21,ESCANER
6515,"Chimaltenango",3,"Patzicía",9,691,400,46,43,57,113,9,7,2,7,284,6,6,296,0,296,--,400,104,284,296,296,Algún campo sin dato,1,9eebc06757295ed94d961e0bbb110b9c2497c1bc6ef07b46ab7ad2d926163ec2,26/06/2023 00:26:45,ESCANER
6516,"Chimaltenango",3,"Patzicía",9,691,400,45,42,65,105,3,6,4,6,276,11,2,289,0,289,--,400,111,276,289,289,Algún campo sin dato,1,941eb0126faa83077c7ac2be19c5325c94c2ac588408e5e48a37a16723620f75,26/06/2023 00:17:38,ESCANER
6517,"Chimaltenango",3,"Patzicía",9,691,400,,,,,,,,,,,,,,,,,,,,,,0,,,
6518,"Chimaltenango",3,"Patzicía",9,691,400,,,,,,,,,,,,,,,,,,,,,,0,,,
6519,"Chimaltenango",3,"Patzicía",9,691,400,35,47,70,88,4,8,6,3,261,9,2,272,0,272,--,400,128,261,272,272,Algún campo sin dato,1,bf559a721855456bcb24be9ea496069e40e7441e4fe42e7b87b837a6a6f48689,26/06/2023 00:04:22,ESCANER
6520,"Chimaltenango",3,"Patzicía",9,691,400,,,,,,,,,,,,,,,,,,,,,,0,,,
6521,"Chimaltenango",3,"Patzicía",9,691,400,,,,,,,,,,,,,,,,,,,,,,0,,,
6522,"Chimaltenango",3,"Patzicía",9,691,400,47,45,47,120,7,3,6,9,284,10,6,300,0,300,--,400,100,284,300,300,Algún campo sin dato,1,b6a7699999cb39ff0ccdbadac362d0207744bb1014756508e9abed4e5d837ebd,25/06/2023 22:39:11,ESCANER
6523,"Chimaltenango",3,"Patzicía",9,691,400,,,,,,,,,,,,,,,,,,,,,,0,,,
6524,"Chimaltenango",3,"Patzicía",9,691,400,42,49,41,99,7,3,3,7,251,10,6,267,0,267,--,400,133,251,267,267,Algún campo sin dato,1,a27daa8216fa1658574e53bb9d0310d3b75942e06cd45059f18303d99ca5f790,25/06/2023 23:28:03,ESCANER
6525,"Chimaltenango",3,"Patzicía",9,691,400,50,41,70,106,4,6,8,3,288,7,4,299,0,299,--,400,101,288,299,299,Algún campo sin dato,1,3b85e4b9651660338fc9b176a7573eb2b51796803cd31d6f3780ac1cbc7b8c57,26/06/2023 00:23:49,ESCANER
6526,"Chimaltenango",3,"Patzicía",9,691,400,41,53,56,93,7,7,6,6,269,9,0,278,0,278,--,400,122,269,278,278,Algún campo sin dato,1,9a5fdc77c61706e558529ddb372acf1baca2b91f4c4e7c86aea5dd1752a74fd9,25/06/2023 22:58:48,ESCANER
6527,"Chimaltenango",3,"Patzicía",9,691,400,,,,,,,,,,,,,,,,,,,,,,0,,,
6528,"Chimaltenango",3,"Patzicía",9,691,400,46,51,50,125,12,8,2,9,303,4,0,307,0,307,--,400,93,303,307,307,Algún campo sin dato,1,4b173a5b989cfe0f9ba35c019e41314060421af7845ff986b24c3b808b7170da,25/06/2023 23:43:36,ESCANER
6529,"Chimaltenango",3,"Patzicía",9,691,400,,,,,,,,,,,,,,,,,,,,,,0,,,
6530,"Chimaltenango",3,"Patzicía",9,691,400,,,,,,,,,,,,,,,,,,,,,,0,,,
6531,"Chimaltenango",3,"Patzicía",9,691,400,,,,,,,,,,,,,,,,,,,,,,0,,,
6532,"Chimaltenango",3,"Patzicía",9,691,240,17,41,25,56,5,1,2,1,148,2,1,151,0,151,--,236,85,148,151,151,Algún campo sin dato,1,1214f74c4e553cf2cc56d61d30419b205b0ef3508fca8a62c1354ba07f17168a,25/06/2023 23:17:21,ESCANER
6533,"Chimaltenango",3,"Patzicía",9,691,240,20,27,25,74,0,2,3,0,151,1,0,152,0,152,--,240,85,151,152,152,Algún campo sin dato,1,21df9011b4dbba53504c16be5573dbbd3ac8ffc72a3b181878873c10be6563d0,25/06/2023 21:20:26,ESCANER
6534,"Chimaltenango",3,"Patzicía",9,692,380,63,46,42,108,6,3,2,2,272,14,3,289,0,289,--,380,91,272,289,289,Algún campo sin dato,1,c1f065c79319c17d66ebedc4457d004fc4502ba6cc9eec0d8bdcd5e587ac991d,25/06/2023 23:57:21,ESCANER
6535,"Chimaltenango",3,"Patzicía",9,692,380,,,,,,,,,,,,,,,,,,,,,,0,,,
6536,"Chimaltenango",3,"Patzicía",9,692,380,,,,,,,,,,,,,,,,,,,,,,0,,,
6537,"Chimaltenango",3,"Patzicía",9,692,380,,,,,,,,,,,,,,,,,,,,,,0,,,
6538,"Chimaltenango",3,"Patzicía",9,692,380,42,55,36,88,2,5,6,2,236,5,3,244,0,244,--,886,666,236,244,244,Algún campo sin dato,1,67e7534f066931d3ca5ecbceedfe95c55521923676135f06bc56ba7389cf65ce,26/06/2023 00:26:11,ESCANER
6539,"Chimaltenango",3,"Patzicía",9,692,310,,,,,,,,,,,,,,,,,,,,,,0,,,
6540,"Chimaltenango",3,"Patzicía",9,692,309,,,,,,,,,,,,,,,,,,,,,,0,,,
6541,"Chimaltenango",3,"Patzicía",9,693,380,,,,,,,,,,,,,,,,,,,,,,0,,,
6542,"Chimaltenango",3,"Patzicía",9,693,380,45,50,74,105,5,11,7,4,301,3,2,306,0,306,--,380,74,301,306,306,Algún campo sin dato,1,970f0d54938ed78c23ac500860f51945e7fcf13aaa4f027901285ebd39020d45,25/06/2023 21:21:35,ESCANER
6543,"Chimaltenango",3,"Patzicía",9,693,380,,,,,,,,,,,,,,,,,,,,,,0,,,
6544,"Chimaltenango",3,"Patzicía",9,693,380,,,,,,,,,,,,,,,,,,,,,,0,,,
6545,"Chimaltenango",3,"Patzicía",9,693,380,21,51,68,102,5,9,0,6,262,5,1,268,0,268,--,380,112,262,268,268,Algún campo sin dato,1,14e84d5550526fd9f89b925df4a5472d951e24716f8939a605e97df77934638f,25/06/2023 23:35:16,ESCANER
6546,"Chimaltenango",3,"Patzicía",9,693,245,28,34,48,58,3,5,0,7,183,1,2,186,0,186,0,245,59,183,186,186,,1,90ad49a0943f7251dd223ca04069aee5bd139b5d0016c752e44cc3600e6a38e1,25/06/2023 21:39:03,ESCANER
6547,"Chimaltenango",3,"Patzicía",9,693,244,10,24,57,74,2,3,3,1,174,1,0,175,0,175,--,244,69,174,175,175,Algún campo sin dato,1,5afdeaa477a8a405a072670fa9c2c4c56d73061bcbc6c4c5976dd96b3070b574,25/06/2023 21:51:00,ESCANER
6548,"Chimaltenango",3,"Patzicía",9,694,380,29,77,52,110,4,0,1,2,275,18,4,297,0,297,--,380,83,275,297,297,Algún campo sin dato,1,4e4b2591a72b7ddda0d4c579b44fdcec610b67c4b26a3ce6d55a84c81323ff03,26/06/2023 00:05:42,ESCANER
6549,"Chimaltenango",3,"Patzicía",9,694,216,24,39,35,65,3,4,3,0,173,6,0,179,0,179,--,216,37,173,179,179,Algún campo sin dato,1,2d6054289f2eb2a990ed34336296fcf47e3e034beecb78265f6cdd4bec59b8c3,25/06/2023 22:59:11,ESCANER
6550,"Chimaltenango",3,"Patzicía",9,694,216,17,46,30,63,2,1,3,2,164,1,0,165,0,165,--,216,51,164,165,165,Algún campo sin dato,1,de19033c74309adeb8f66a7e14d8ba7ef4e28519fba9ed4fc135876f38dd46ee,25/06/2023 23:14:42,ESCANER
6551,"Chimaltenango",3,"Patzicía",9,695,600,,,,,,,,,,,,,,,,,,,,,,0,,,
6552,"Chimaltenango",3,"Patzicía",9,695,364,,,,,,,,,,,,,,,,,,,,,,0,,,
6553,"Chimaltenango",3,"Patzicía",9,695,363,18,22,22,59,3,2,3,1,130,2,1,133,0,133,--,363,230,130,133,133,Algún campo sin dato,1,538904d0d73365d31038bcc0c4b7cb9d6cb1e585e36741f4e2fecd7e076db2f9,25/06/2023 23:13:06,ESCANER