﻿TIPO_DE_ELECCIÓN:,CORPORACIÓN MUNICIPAL
26 junio 2023 00:28 (UTC -6)
ACTAS_ESPERADAS,ACTAS_CAPTURADAS,PORCENTAJE_ACTAS_CAPTURADAS,ACTAS_CONTABILIZADAS,PORCENTAJE_ACTAS_CONTABILIZADAS,ACTAS_NO_CONTABILIZADAS,LISTA_NOMINAL_ACTAS_CONTABILIZADAS,VOTOS_EMITIDOS_CONTABILIZADAS,PORCENTAJE_PARTICIPACIÓN_CIUDADANA
167,28,16.7664,28,16.7664,0,10308,5884,57.0818

MESA,DEPARTAMENTO,ID_DEPARTAMENTO,MUNICIPIO,ID_MUNICIPIO,CENTRO_DE_VOTACIÓN,PADRÓN,VALOR,AZUL,UNE,CAMBIO,VAMOS,VIVA,CABAL,SEMILLA,MLP,TODOS,PPN,PR,ELEFANTE,VOS,PODER,BIEN,PHG,VÁLIDOS,NULOS,BLANCO,EMITIDOS,INVÁLIDOS,TOTAL,IMPUGNACIONES,PAPELETAS-RECIBIDAS,PAPELETAS-NO-USADAS,VALIDOS_CALCULADO,EMITIDOS_CALCULADO,TOTAL_CALCULADO,OBSERVACIONES,CONTABILIZADA,CÓDIGO_INTEGRIDAD,FECHA_HORA_PUBLICACIÓN,DIGITALIZACIÓN
7367,"Escuintla",5,"Santa Lucía Cotzumalguapa",2,823,400,,,,,,,,,,,,,,,,,,,,,,,,,,,,,,,0,,,
7368,"Escuintla",5,"Santa Lucía Cotzumalguapa",2,823,400,,,,,,,,,,,,,,,,,,,,,,,,,,,,,,,0,,,
7369,"Escuintla",5,"Santa Lucía Cotzumalguapa",2,823,400,,,,,,,,,,,,,,,,,,,,,,,,,,,,,,,0,,,
7370,"Escuintla",5,"Santa Lucía Cotzumalguapa",2,823,400,,,,,,,,,,,,,,,,,,,,,,,,,,,,,,,0,,,
7371,"Escuintla",5,"Santa Lucía Cotzumalguapa",2,823,400,,,,,,,,,,,,,,,,,,,,,,,,,,,,,,,0,,,
7372,"Escuintla",5,"Santa Lucía Cotzumalguapa",2,823,400,,,,,,,,,,,,,,,,,,,,,,,,,,,,,,,0,,,
7373,"Escuintla",5,"Santa Lucía Cotzumalguapa",2,823,400,,,,,,,,,,,,,,,,,,,,,,,,,,,,,,,0,,,
7374,"Escuintla",5,"Santa Lucía Cotzumalguapa",2,823,400,,,,,,,,,,,,,,,,,,,,,,,,,,,,,,,0,,,
7375,"Escuintla",5,"Santa Lucía Cotzumalguapa",2,823,400,,,,,,,,,,,,,,,,,,,,,,,,,,,,,,,0,,,
7376,"Escuintla",5,"Santa Lucía Cotzumalguapa",2,823,400,,,,,,,,,,,,,,,,,,,,,,,,,,,,,,,0,,,
7377,"Escuintla",5,"Santa Lucía Cotzumalguapa",2,823,400,,,,,,,,,,,,,,,,,,,,,,,,,,,,,,,0,,,
7378,"Escuintla",5,"Santa Lucía Cotzumalguapa",2,823,400,,,,,,,,,,,,,,,,,,,,,,,,,,,,,,,0,,,
7379,"Escuintla",5,"Santa Lucía Cotzumalguapa",2,824,400,,,,,,,,,,,,,,,,,,,,,,,,,,,,,,,0,,,
7380,"Escuintla",5,"Santa Lucía Cotzumalguapa",2,824,400,,,,,,,,,,,,,,,,,,,,,,,,,,,,,,,0,,,
7381,"Escuintla",5,"Santa Lucía Cotzumalguapa",2,824,400,,,,,,,,,,,,,,,,,,,,,,,,,,,,,,,0,,,
7382,"Escuintla",5,"Santa Lucía Cotzumalguapa",2,824,400,,,,,,,,,,,,,,,,,,,,,,,,,,,,,,,0,,,
7383,"Escuintla",5,"Santa Lucía Cotzumalguapa",2,824,400,,,,,,,,,,,,,,,,,,,,,,,,,,,,,,,0,,,
7384,"Escuintla",5,"Santa Lucía Cotzumalguapa",2,824,400,,,,,,,,,,,,,,,,,,,,,,,,,,,,,,,0,,,
7385,"Escuintla",5,"Santa Lucía Cotzumalguapa",2,824,400,,,,,,,,,,,,,,,,,,,,,,,,,,,,,,,0,,,
7386,"Escuintla",5,"Santa Lucía Cotzumalguapa",2,824,400,,,,,,,,,,,,,,,,,,,,,,,,,,,,,,,0,,,
7387,"Escuintla",5,"Santa Lucía Cotzumalguapa",2,824,400,,,,,,,,,,,,,,,,,,,,,,,,,,,,,,,0,,,
7388,"Escuintla",5,"Santa Lucía Cotzumalguapa",2,824,400,,,,,,,,,,,,,,,,,,,,,,,,,,,,,,,0,,,
7389,"Escuintla",5,"Santa Lucía Cotzumalguapa",2,824,400,,,,,,,,,,,,,,,,,,,,,,,,,,,,,,,0,,,
7390,"Escuintla",5,"Santa Lucía Cotzumalguapa",2,824,400,,,,,,,,,,,,,,,,,,,,,,,,,,,,,,,0,,,
7391,"Escuintla",5,"Santa Lucía Cotzumalguapa",2,825,400,,,,,,,,,,,,,,,,,,,,,,,,,,,,,,,0,,,
7392,"Escuintla",5,"Santa Lucía Cotzumalguapa",2,825,400,,,,,,,,,,,,,,,,,,,,,,,,,,,,,,,0,,,
7393,"Escuintla",5,"Santa Lucía Cotzumalguapa",2,825,400,,,,,,,,,,,,,,,,,,,,,,,,,,,,,,,0,,,
7394,"Escuintla",5,"Santa Lucía Cotzumalguapa",2,825,400,5,45,45,0,63,2,36,8,3,2,7,7,3,6,1,0,0,233,21,2,256,0,256,--,400,144,233,256,256,Algún campo sin dato,1,2af00c3bfdc437061455cf13219df8c85e7b1f3eea5422651248d82db52452f4,26/06/2023 00:06:10,ESCANER
7395,"Escuintla",5,"Santa Lucía Cotzumalguapa",2,825,400,,,,,,,,,,,,,,,,,,,,,,,,,,,,,,,0,,,
7396,"Escuintla",5,"Santa Lucía Cotzumalguapa",2,825,400,,,,,,,,,,,,,,,,,,,,,,,,,,,,,,,0,,,
7397,"Escuintla",5,"Santa Lucía Cotzumalguapa",2,825,400,,,,,,,,,,,,,,,,,,,,,,,,,,,,,,,0,,,
7398,"Escuintla",5,"Santa Lucía Cotzumalguapa",2,825,400,,,,,,,,,,,,,,,,,,,,,,,,,,,,,,,0,,,
7399,"Escuintla",5,"Santa Lucía Cotzumalguapa",2,825,400,,,,,,,,,,,,,,,,,,,,,,,,,,,,,,,0,,,
7400,"Escuintla",5,"Santa Lucía Cotzumalguapa",2,825,400,,,,,,,,,,,,,,,,,,,,,,,,,,,,,,,0,,,
7401,"Escuintla",5,"Santa Lucía Cotzumalguapa",2,825,400,,,,,,,,,,,,,,,,,,,,,,,,,,,,,,,0,,,
7402,"Escuintla",5,"Santa Lucía Cotzumalguapa",2,825,400,16,39,31,6,67,4,35,10,2,7,10,2,3,4,0,0,1,237,17,0,254,0,254,--,400,146,237,254,254,Algún campo sin dato,1,280539470c2f64165adf4eb5450a5d4702f8c168ce3f46b04084fc6630a61261,26/06/2023 00:24:50,ESCANER
7403,"Escuintla",5,"Santa Lucía Cotzumalguapa",2,826,400,,,,,,,,,,,,,,,,,,,,,,,,,,,,,,,0,,,
7404,"Escuintla",5,"Santa Lucía Cotzumalguapa",2,826,400,,,,,,,,,,,,,,,,,,,,,,,,,,,,,,,0,,,
7405,"Escuintla",5,"Santa Lucía Cotzumalguapa",2,826,400,10,28,48,2,64,3,31,6,1,1,8,4,3,7,3,1,0,220,18,4,242,0,242,0,400,158,220,242,242,,1,494420aa46c1da2b2e54972568da5bf58c19624541b576d698ed20e624cd7cf1,26/06/2023 00:10:55,ESCANER
7406,"Escuintla",5,"Santa Lucía Cotzumalguapa",2,826,400,,,,,,,,,,,,,,,,,,,,,,,,,,,,,,,0,,,
7407,"Escuintla",5,"Santa Lucía Cotzumalguapa",2,826,400,,,,,,,,,,,,,,,,,,,,,,,,,,,,,,,0,,,
7408,"Escuintla",5,"Santa Lucía Cotzumalguapa",2,826,400,,,,,,,,,,,,,,,,,,,,,,,,,,,,,,,0,,,
7409,"Escuintla",5,"Santa Lucía Cotzumalguapa",2,826,400,,,,,,,,,,,,,,,,,,,,,,,,,,,,,,,0,,,
7410,"Escuintla",5,"Santa Lucía Cotzumalguapa",2,826,400,,,,,,,,,,,,,,,,,,,,,,,,,,,,,,,0,,,
7411,"Escuintla",5,"Santa Lucía Cotzumalguapa",2,826,400,,,,,,,,,,,,,,,,,,,,,,,,,,,,,,,0,,,
7412,"Escuintla",5,"Santa Lucía Cotzumalguapa",2,826,400,,,,,,,,,,,,,,,,,,,,,,,,,,,,,,,0,,,
7413,"Escuintla",5,"Santa Lucía Cotzumalguapa",2,826,400,,,,,,,,,,,,,,,,,,,,,,,,,,,,,,,0,,,
7414,"Escuintla",5,"Santa Lucía Cotzumalguapa",2,826,400,,,,,,,,,,,,,,,,,,,,,,,,,,,,,,,0,,,
7415,"Escuintla",5,"Santa Lucía Cotzumalguapa",2,827,400,,,,,,,,,,,,,,,,,,,,,,,,,,,,,,,0,,,
7416,"Escuintla",5,"Santa Lucía Cotzumalguapa",2,827,400,6,46,52,5,74,3,28,13,0,2,6,2,6,3,1,0,0,247,13,2,262,0,262,0,401,139,247,262,262,,1,a35f8198385f5975c894b3b56ffa9f379ca79e62a104e71c73ce8d63c0229075,25/06/2023 23:58:37,ESCANER
7417,"Escuintla",5,"Santa Lucía Cotzumalguapa",2,827,400,,,,,,,,,,,,,,,,,,,,,,,,,,,,,,,0,,,
7418,"Escuintla",5,"Santa Lucía Cotzumalguapa",2,827,400,,,,,,,,,,,,,,,,,,,,,,,,,,,,,,,0,,,
7419,"Escuintla",5,"Santa Lucía Cotzumalguapa",2,827,400,,,,,,,,,,,,,,,,,,,,,,,,,,,,,,,0,,,
7420,"Escuintla",5,"Santa Lucía Cotzumalguapa",2,827,400,,,,,,,,,,,,,,,,,,,,,,,,,,,,,,,0,,,
7421,"Escuintla",5,"Santa Lucía Cotzumalguapa",2,827,400,,,,,,,,,,,,,,,,,,,,,,,,,,,,,,,0,,,
7422,"Escuintla",5,"Santa Lucía Cotzumalguapa",2,827,400,,,,,,,,,,,,,,,,,,,,,,,,,,,,,,,0,,,
7423,"Escuintla",5,"Santa Lucía Cotzumalguapa",2,827,400,,,,,,,,,,,,,,,,,,,,,,,,,,,,,,,0,,,
7424,"Escuintla",5,"Santa Lucía Cotzumalguapa",2,827,400,,,,,,,,,,,,,,,,,,,,,,,,,,,,,,,0,,,
7425,"Escuintla",5,"Santa Lucía Cotzumalguapa",2,827,216,,,,,,,,,,,,,,,,,,,,,,,,,,,,,,,0,,,
7426,"Escuintla",5,"Santa Lucía Cotzumalguapa",2,827,215,2,5,9,3,21,0,12,4,0,2,3,0,0,0,0,0,0,61,4,1,66,0,66,0,215,149,61,66,66,,1,07ab392a36473a5c9cf6eef0dc653f89489512dd32c684fb61c07b98aa7ea40f,25/06/2023 23:55:16,ESCANER
7427,"Escuintla",5,"Santa Lucía Cotzumalguapa",2,828,400,,,,,,,,,,,,,,,,,,,,,,,,,,,,,,,0,,,
7428,"Escuintla",5,"Santa Lucía Cotzumalguapa",2,828,400,,,,,,,,,,,,,,,,,,,,,,,,,,,,,,,0,,,
7429,"Escuintla",5,"Santa Lucía Cotzumalguapa",2,828,400,,,,,,,,,,,,,,,,,,,,,,,,,,,,,,,0,,,
7430,"Escuintla",5,"Santa Lucía Cotzumalguapa",2,828,400,,,,,,,,,,,,,,,,,,,,,,,,,,,,,,,0,,,
7431,"Escuintla",5,"Santa Lucía Cotzumalguapa",2,828,400,,,,,,,,,,,,,,,,,,,,,,,,,,,,,,,0,,,
7432,"Escuintla",5,"Santa Lucía Cotzumalguapa",2,828,400,,,,,,,,,,,,,,,,,,,,,,,,,,,,,,,0,,,
7433,"Escuintla",5,"Santa Lucía Cotzumalguapa",2,828,400,,,,,,,,,,,,,,,,,,,,,,,,,,,,,,,0,,,
7434,"Escuintla",5,"Santa Lucía Cotzumalguapa",2,828,400,,,,,,,,,,,,,,,,,,,,,,,,,,,,,,,0,,,
7435,"Escuintla",5,"Santa Lucía Cotzumalguapa",2,828,400,,,,,,,,,,,,,,,,,,,,,,,,,,,,,,,0,,,
7436,"Escuintla",5,"Santa Lucía Cotzumalguapa",2,828,400,,,,,,,,,,,,,,,,,,,,,,,,,,,,,,,0,,,
7437,"Escuintla",5,"Santa Lucía Cotzumalguapa",2,828,400,,,,,,,,,,,,,,,,,,,,,,,,,,,,,,,0,,,
7438,"Escuintla",5,"Santa Lucía Cotzumalguapa",2,828,400,,,,,,,,,,,,,,,,,,,,,,,,,,,,,,,0,,,
7439,"Escuintla",5,"Santa Lucía Cotzumalguapa",2,828,400,,,,,,,,,,,,,,,,,,,,,,,,,,,,,,,0,,,
7440,"Escuintla",5,"Santa Lucía Cotzumalguapa",2,828,400,,,,,,,,,,,,,,,,,,,,,,,,,,,,,,,0,,,
7441,"Escuintla",5,"Santa Lucía Cotzumalguapa",2,828,400,,,,,,,,,,,,,,,,,,,,,,,,,,,,,,,0,,,
7442,"Escuintla",5,"Santa Lucía Cotzumalguapa",2,828,400,,,,,,,,,,,,,,,,,,,,,,,,,,,,,,,0,,,
7443,"Escuintla",5,"Santa Lucía Cotzumalguapa",2,828,400,,,,,,,,,,,,,,,,,,,,,,,,,,,,,,,0,,,
7444,"Escuintla",5,"Santa Lucía Cotzumalguapa",2,828,372,,,,,,,,,,,,,,,,,,,,,,,,,,,,,,,0,,,
7445,"Escuintla",5,"Santa Lucía Cotzumalguapa",2,828,371,,,,,,,,,,,,,,,,,,,,,,,,,,,,,,,0,,,
7446,"Escuintla",5,"Santa Lucía Cotzumalguapa",2,829,400,,,,,,,,,,,,,,,,,,,,,,,,,,,,,,,0,,,
7447,"Escuintla",5,"Santa Lucía Cotzumalguapa",2,829,400,,,,,,,,,,,,,,,,,,,,,,,,,,,,,,,0,,,
7448,"Escuintla",5,"Santa Lucía Cotzumalguapa",2,829,400,,,,,,,,,,,,,,,,,,,,,,,,,,,,,,,0,,,
7449,"Escuintla",5,"Santa Lucía Cotzumalguapa",2,830,400,,,,,,,,,,,,,,,,,,,,,,,,,,,,,,,0,,,
7450,"Escuintla",5,"Santa Lucía Cotzumalguapa",2,830,400,,,,,,,,,,,,,,,,,,,,,,,,,,,,,,,0,,,
7451,"Escuintla",5,"Santa Lucía Cotzumalguapa",2,830,400,,,,,,,,,,,,,,,,,,,,,,,,,,,,,,,0,,,
7452,"Escuintla",5,"Santa Lucía Cotzumalguapa",2,830,324,13,16,21,4,42,2,36,6,0,4,4,4,0,4,0,0,0,156,9,4,169,0,169,0,324,155,156,169,169,,1,c11c204fe33bd58a944667e05e7033db9b20522dc795593f1b2727fdd30610b4,25/06/2023 23:17:50,ESCANER
7453,"Escuintla",5,"Santa Lucía Cotzumalguapa",2,830,324,9,13,25,5,44,3,26,7,0,3,4,2,0,2,0,0,0,143,8,0,151,0,151,0,324,173,143,151,151,,1,b49253e8c457d0bd085460bff61d21634e5118dc97b32b966099bcf3cd74124f,25/06/2023 23:03:44,ESCANER
7454,"Escuintla",5,"Santa Lucía Cotzumalguapa",2,831,400,,,,,,,,,,,,,,,,,,,,,,,,,,,,,,,0,,,
7455,"Escuintla",5,"Santa Lucía Cotzumalguapa",2,831,400,,,,,,,,,,,,,,,,,,,,,,,,,,,,,,,0,,,
7456,"Escuintla",5,"Santa Lucía Cotzumalguapa",2,832,400,11,48,45,8,64,3,37,4,0,3,12,1,1,6,0,0,1,244,22,4,270,0,270,--,400,130,244,270,270,Algún campo sin dato,1,cc7eccfa88925c01629bf33f673c2620d034433918f9c38ee9df09d08b12df6b,26/06/2023 00:22:09,ESCANER
7457,"Escuintla",5,"Santa Lucía Cotzumalguapa",2,832,400,9,46,32,17,64,6,27,4,0,4,14,6,2,3,0,0,0,234,15,3,252,0,252,0,400,148,234,252,252,,1,dffda1cdeea19b8c2ba25ed538a945ec7c4c0b46983018c59c0cf52aa71b2ccf,25/06/2023 23:54:17,ESCANER
7458,"Escuintla",5,"Santa Lucía Cotzumalguapa",2,833,400,,,,,,,,,,,,,,,,,,,,,,,,,,,,,,,0,,,
7459,"Escuintla",5,"Santa Lucía Cotzumalguapa",2,833,400,,,,,,,,,,,,,,,,,,,,,,,,,,,,,,,0,,,
7460,"Escuintla",5,"Santa Lucía Cotzumalguapa",2,834,400,4,43,34,4,62,7,21,9,1,2,14,3,2,5,0,0,0,211,29,0,240,0,240,0,400,160,211,240,240,,1,67138e25b10de630ada50b98a5d93ad1b99fdc5a2371f6a52b4002544bb0c313,25/06/2023 22:30:57,ESCANER
7461,"Escuintla",5,"Santa Lucía Cotzumalguapa",2,834,400,6,38,46,4,74,6,19,7,0,0,8,1,2,2,0,1,--,214,25,2,241,0,241,--,400,159,214,241,241,Algún campo sin dato,1,096a3889c9a068ff50bbd60e9a629a181eaa6fd96019dcee795f0eab6270cb4f,26/06/2023 00:17:33,ESCANER
7462,"Escuintla",5,"Santa Lucía Cotzumalguapa",2,835,400,7,42,36,4,75,6,26,8,0,0,11,3,1,4,1,0,2,226,19,2,247,0,247,0,400,153,226,247,247,,1,151f325cccfb82a5751ba3d8a52585e59b7971fec378e2fe3628a4be25faa627,25/06/2023 23:11:16,ESCANER
7463,"Escuintla",5,"Santa Lucía Cotzumalguapa",2,835,400,8,58,22,1,62,6,31,10,1,1,9,0,0,3,0,0,1,213,9,3,225,0,225,0,400,175,213,225,225,,1,61d352dab438c99f16c329b450b83927661b37669c7f008e48d30d0ffe45b199,25/06/2023 23:00:09,ESCANER
7464,"Escuintla",5,"Santa Lucía Cotzumalguapa",2,836,295,,,,,,,,,,,,,,,,,,,,,,,,,,,,,,,0,,,
7465,"Escuintla",5,"Santa Lucía Cotzumalguapa",2,836,295,,,,,,,,,,,,,,,,,,,,,,,,,,,,,,,0,,,
7466,"Escuintla",5,"Santa Lucía Cotzumalguapa",2,837,400,,,,,,,,,,,,,,,,,,,,,,,,,,,,,,,0,,,
7467,"Escuintla",5,"Santa Lucía Cotzumalguapa",2,837,400,,,,,,,,,,,,,,,,,,,,,,,,,,,,,,,0,,,
7468,"Escuintla",5,"Santa Lucía Cotzumalguapa",2,837,400,10,59,56,6,52,7,35,7,1,9,7,5,10,5,0,0,0,269,30,2,301,0,301,0,400,99,269,301,301,,1,aa4809e5f7ad7f44ecae0775a4aad49b52ba91c3ce19078cd722c70277115852,25/06/2023 23:38:19,ESCANER
7469,"Escuintla",5,"Santa Lucía Cotzumalguapa",2,837,400,,,,,,,,,,,,,,,,,,,,,,,,,,,,,,,0,,,
7470,"Escuintla",5,"Santa Lucía Cotzumalguapa",2,837,400,,,,,,,,,,,,,,,,,,,,,,,,,,,,,,,0,,,
7471,"Escuintla",5,"Santa Lucía Cotzumalguapa",2,838,400,,,,,,,,,,,,,,,,,,,,,,,,,,,,,,,0,,,
7472,"Escuintla",5,"Santa Lucía Cotzumalguapa",2,838,400,,,,,,,,,,,,,,,,,,,,,,,,,,,,,,,0,,,
7473,"Escuintla",5,"Santa Lucía Cotzumalguapa",2,838,400,,,,,,,,,,,,,,,,,,,,,,,,,,,,,,,0,,,
7474,"Escuintla",5,"Santa Lucía Cotzumalguapa",2,838,400,,,,,,,,,,,,,,,,,,,,,,,,,,,,,,,0,,,
7475,"Escuintla",5,"Santa Lucía Cotzumalguapa",2,838,400,,,,,,,,,,,,,,,,,,,,,,,,,,,,,,,0,,,
7476,"Escuintla",5,"Santa Lucía Cotzumalguapa",2,839,400,,,,,,,,,,,,,,,,,,,,,,,,,,,,,,,0,,,
7477,"Escuintla",5,"Santa Lucía Cotzumalguapa",2,839,400,,,,,,,,,,,,,,,,,,,,,,,,,,,,,,,0,,,
7478,"Escuintla",5,"Santa Lucía Cotzumalguapa",2,839,400,,,,,,,,,,,,,,,,,,,,,,,,,,,,,,,0,,,
7479,"Escuintla",5,"Santa Lucía Cotzumalguapa",2,839,400,,,,,,,,,,,,,,,,,,,,,,,,,,,,,,,0,,,
7480,"Escuintla",5,"Santa Lucía Cotzumalguapa",2,839,400,,,,,,,,,,,,,,,,,,,,,,,,,,,,,,,0,,,
7481,"Escuintla",5,"Santa Lucía Cotzumalguapa",2,839,400,,,,,,,,,,,,,,,,,,,,,,,,,,,,,,,0,,,
7482,"Escuintla",5,"Santa Lucía Cotzumalguapa",2,839,284,,,,,,,,,,,,,,,,,,,,,,,,,,,,,,,0,,,
7483,"Escuintla",5,"Santa Lucía Cotzumalguapa",2,839,284,,,,,,,,,,,,,,,,,,,,,,,,,,,,,,,0,,,
7484,"Escuintla",5,"Santa Lucía Cotzumalguapa",2,840,380,,,,,,,,,,,,,,,,,,,,,,,,,,,,,,,0,,,
7485,"Escuintla",5,"Santa Lucía Cotzumalguapa",2,840,380,,,,,,,,,,,,,,,,,,,,,,,,,,,,,,,0,,,
7486,"Escuintla",5,"Santa Lucía Cotzumalguapa",2,840,380,,,,,,,,,,,,,,,,,,,,,,,,,,,,,,,0,,,
7487,"Escuintla",5,"Santa Lucía Cotzumalguapa",2,840,380,,,,,,,,,,,,,,,,,,,,,,,,,,,,,,,0,,,
7488,"Escuintla",5,"Santa Lucía Cotzumalguapa",2,841,380,16,8,23,15,52,7,74,0,0,2,24,1,0,2,0,0,1,225,28,2,255,0,255,0,375,123,225,255,255,,1,91c7252dbda4a92ccdc9c10c1a76f340090d97d132a75b0f39435d67a6d021a9,26/06/2023 00:27:23,ESCANER
7489,"Escuintla",5,"Santa Lucía Cotzumalguapa",2,841,380,,,,,,,,,,,,,,,,,,,,,,,,,,,,,,,0,,,
7490,"Escuintla",5,"Santa Lucía Cotzumalguapa",2,841,380,10,11,19,15,49,9,68,1,0,3,13,0,2,1,1,2,0,204,40,3,247,0,247,0,380,133,204,247,247,,1,f61e66206db14e5b51a3a34b72c5d3c16232ce9c5a477fa534e89d885847189d,25/06/2023 23:46:11,ESCANER
7491,"Escuintla",5,"Santa Lucía Cotzumalguapa",2,841,380,,,,,,,,,,,,,,,,,,,,,,,,,,,,,,,0,,,
7492,"Escuintla",5,"Santa Lucía Cotzumalguapa",2,841,300,,,,,,,,,,,,,,,,,,,,,,,,,,,,,,,0,,,
7493,"Escuintla",5,"Santa Lucía Cotzumalguapa",2,841,299,,,,,,,,,,,,,,,,,,,,,,,,,,,,,,,0,,,
7494,"Escuintla",5,"Santa Lucía Cotzumalguapa",2,842,380,39,23,31,3,55,12,62,3,0,2,25,2,0,3,1,2,0,263,13,4,0,0,280,--,280,100,263,280,280,Algún campo sin dato,1,a05b10a623dbd618b52bcb196d0c818debc18fc673e707e5cf27a22cb93a6879,25/06/2023 23:02:24,ESCANER
7495,"Escuintla",5,"Santa Lucía Cotzumalguapa",2,842,380,,,,,,,,,,,,,,,,,,,,,,,,,,,,,,,0,,,
7496,"Escuintla",5,"Santa Lucía Cotzumalguapa",2,842,380,32,27,46,2,50,6,48,3,0,1,15,1,1,1,0,4,1,238,18,5,261,0,261,0,0,0,238,261,261,,1,4837b06754aacba8d32341a4492e5633ff5501ee1dea8d5a6f0d1eadc33b0310,26/06/2023 00:00:32,ESCANER
7497,"Escuintla",5,"Santa Lucía Cotzumalguapa",2,842,380,36,21,33,3,45,4,36,1,2,5,15,3,0,1,0,10,0,215,40,6,261,0,261,--,--,--,215,261,261,Algún campo sin dato,1,37232559fb3ec2fb6ed7a91ba44a3fd1372033120121ef196a264b0d38dff4bc,26/06/2023 00:02:13,ESCANER
7498,"Escuintla",5,"Santa Lucía Cotzumalguapa",2,842,324,,,,,,,,,,,,,,,,,,,,,,,,,,,,,,,0,,,
7499,"Escuintla",5,"Santa Lucía Cotzumalguapa",2,842,324,26,9,47,2,48,0,36,3,0,9,6,2,0,2,0,4,2,196,5,0,201,0,201,0,324,120,196,201,201,,1,39d65f1293e7220b5bf32fe5474cf272af0be4ea2d7a75f8d63981f835267e66,26/06/2023 00:15:02,ESCANER
7500,"Escuintla",5,"Santa Lucía Cotzumalguapa",2,843,380,,,,,,,,,,,,,,,,,,,,,,,,,,,,,,,0,,,
7501,"Escuintla",5,"Santa Lucía Cotzumalguapa",2,843,380,7,42,37,3,35,4,46,2,1,1,3,0,0,1,0,0,0,182,24,3,209,0,209,0,380,171,182,209,209,,1,2e24f9234c6553d84cc9155c4975f47d7abb66049f07956b873ec774f8aec7cb,25/06/2023 23:24:49,ESCANER
7502,"Escuintla",5,"Santa Lucía Cotzumalguapa",2,843,380,5,37,40,6,29,19,58,1,0,3,2,0,0,0,1,1,0,202,25,7,234,0,234,0,380,146,202,234,234,,1,880a65449cd83e73edf5a345cc02d3f3a41683b2b2f9c0bb8911ad70280f6d0c,26/06/2023 00:19:29,ESCANER
7503,"Escuintla",5,"Santa Lucía Cotzumalguapa",2,843,380,,,,,,,,,,,,,,,,,,,,,,,,,,,,,,,0,,,
7504,"Escuintla",5,"Santa Lucía Cotzumalguapa",2,843,380,13,42,40,2,33,3,34,3,0,2,2,0,1,0,0,0,0,175,26,6,207,0,207,0,380,173,175,207,207,,1,cd3b58a4a3acee3af4cb827c7319e53e71287b4659cbdc85a9eb56cdd7fdf52b,26/06/2023 00:11:32,ESCANER
7505,"Escuintla",5,"Santa Lucía Cotzumalguapa",2,843,317,8,25,32,4,25,2,43,6,0,0,1,0,1,1,0,0,0,148,12,1,161,0,161,0,317,156,148,161,161,,1,b09984fc13d588f99cf030dd0aaa9c85e850bd5911e2f86fac702349c194924d,26/06/2023 00:04:26,ESCANER
7506,"Escuintla",5,"Santa Lucía Cotzumalguapa",2,843,317,6,23,27,3,30,5,39,0,0,2,1,0,0,1,0,0,0,137,10,1,148,0,148,0,317,169,137,148,148,,1,28ffa247478cc5586ced9fdd2c7002149dc8bfe7127f5d6c8f8e44fc0e00841f,25/06/2023 22:41:35,ESCANER
7507,"Escuintla",5,"Santa Lucía Cotzumalguapa",2,844,380,,,,,,,,,,,,,,,,,,,,,,,,,,,,,,,0,,,
7508,"Escuintla",5,"Santa Lucía Cotzumalguapa",2,844,380,,,,,,,,,,,,,,,,,,,,,,,,,,,,,,,0,,,
7509,"Escuintla",5,"Santa Lucía Cotzumalguapa",2,844,380,,,,,,,,,,,,,,,,,,,,,,,,,,,,,,,0,,,
7510,"Escuintla",5,"Santa Lucía Cotzumalguapa",2,844,380,,,,,,,,,,,,,,,,,,,,,,,,,,,,,,,0,,,
7511,"Escuintla",5,"Santa Lucía Cotzumalguapa",2,844,380,,,,,,,,,,,,,,,,,,,,,,,,,,,,,,,0,,,
7512,"Escuintla",5,"Santa Lucía Cotzumalguapa",2,844,380,,,,,,,,,,,,,,,,,,,,,,,,,,,,,,,0,,,
7513,"Escuintla",5,"Santa Lucía Cotzumalguapa",2,844,380,,,,,,,,,,,,,,,,,,,,,,,,,,,,,,,0,,,
7514,"Escuintla",5,"Santa Lucía Cotzumalguapa",2,844,380,,,,,,,,,,,,,,,,,,,,,,,,,,,,,,,0,,,
7515,"Escuintla",5,"Santa Lucía Cotzumalguapa",2,844,380,,,,,,,,,,,,,,,,,,,,,,,,,,,,,,,0,,,
7516,"Escuintla",5,"Santa Lucía Cotzumalguapa",2,844,380,,,,,,,,,,,,,,,,,,,,,,,,,,,,,,,0,,,
7517,"Escuintla",5,"Santa Lucía Cotzumalguapa",2,845,380,,,,,,,,,,,,,,,,,,,,,,,,,,,,,,,0,,,
7518,"Escuintla",5,"Santa Lucía Cotzumalguapa",2,845,380,,,,,,,,,,,,,,,,,,,,,,,,,,,,,,,0,,,
7519,"Escuintla",5,"Santa Lucía Cotzumalguapa",2,845,380,,,,,,,,,,,,,,,,,,,,,,,,,,,,,,,0,,,
7520,"Escuintla",5,"Santa Lucía Cotzumalguapa",2,845,380,6,20,19,4,52,0,39,4,2,5,13,0,0,4,0,0,1,169,8,3,180,0,180,0,377,197,169,180,180,,1,fcb6dd215c9e900cd8ebb716ba63b7ded08db60cf720c429fd4383fc095406b7,25/06/2023 23:15:04,ESCANER
7521,"Escuintla",5,"Santa Lucía Cotzumalguapa",2,845,316,,,,,,,,,,,,,,,,,,,,,,,,,,,,,,,0,,,
7522,"Escuintla",5,"Santa Lucía Cotzumalguapa",2,845,315,,,,,,,,,,,,,,,,,,,,,,,,,,,,,,,0,,,
7523,"Escuintla",5,"Santa Lucía Cotzumalguapa",2,846,600,,,,,,,,,,,,,,,,,,,,,,,,,,,,,,,0,,,
7524,"Escuintla",5,"Santa Lucía Cotzumalguapa",2,846,600,,,,,,,,,,,,,,,,,,,,,,,,,,,,,,,0,,,
7525,"Escuintla",5,"Santa Lucía Cotzumalguapa",2,846,600,,,,,,,,,,,,,,,,,,,,,,,,,,,,,,,0,,,
7526,"Escuintla",5,"Santa Lucía Cotzumalguapa",2,846,600,,,,,,,,,,,,,,,,,,,,,,,,,,,,,,,0,,,
7527,"Escuintla",5,"Santa Lucía Cotzumalguapa",2,847,600,,,,,,,,,,,,,,,,,,,,,,,,,,,,,,,0,,,
7528,"Escuintla",5,"Santa Lucía Cotzumalguapa",2,847,600,,,,,,,,,,,,,,,,,,,,,,,,,,,,,,,0,,,
7529,"Escuintla",5,"Santa Lucía Cotzumalguapa",2,847,600,,,,,,,,,,,,,,,,,,,,,,,,,,,,,,,0,,,
7530,"Escuintla",5,"Santa Lucía Cotzumalguapa",2,847,600,,,,,,,,,,,,,,,,,,,,,,,,,,,,,,,0,,,
7531,"Escuintla",5,"Santa Lucía Cotzumalguapa",2,847,600,,,,,,,,,,,,,,,,,,,,,,,,,,,,,,,0,,,
7532,"Escuintla",5,"Santa Lucía Cotzumalguapa",2,847,334,0,7,4,1,10,2,5,0,0,2,0,1,1,1,0,0,0,34,4,1,39,0,39,--,334,295,34,39,39,Algún campo sin dato,1,2bb95f13a0c6d6664c80861297c2c9681338936711e6292468c03bb26de30098,26/06/2023 00:00:54,ESCANER
7533,"Escuintla",5,"Santa Lucía Cotzumalguapa",2,847,333,1,2,5,0,8,0,2,1,0,1,1,1,1,1,0,0,0,24,1,0,25,0,25,0,333,308,24,25,25,,1,6fe5409eed9dcd422298f1b7825499f2dcf1a9600d58e734b4f2df9af92d3b3b,25/06/2023 22:10:49,ESCANER