﻿TIPO_DE_ELECCIÓN:,CORPORACIÓN MUNICIPAL
26 junio 2023 00:28 (UTC -6)
ACTAS_ESPERADAS,ACTAS_CAPTURADAS,PORCENTAJE_ACTAS_CAPTURADAS,ACTAS_CONTABILIZADAS,PORCENTAJE_ACTAS_CONTABILIZADAS,ACTAS_NO_CONTABILIZADAS,LISTA_NOMINAL_ACTAS_CONTABILIZADAS,VOTOS_EMITIDOS_CONTABILIZADAS,PORCENTAJE_PARTICIPACIÓN_CIUDADANA
27,19,70.3703,19,70.3703,0,6912,5103,73.8281

MESA,DEPARTAMENTO,ID_DEPARTAMENTO,MUNICIPIO,ID_MUNICIPIO,CENTRO_DE_VOTACIÓN,PADRÓN,PPG,PPN,CABAL,UNE,MLP,SEMILLA,UR,MI FAMILIA,VAMOS,VALOR UNIONISTA,VÁLIDOS,NULOS,BLANCO,EMITIDOS,INVÁLIDOS,TOTAL,IMPUGNACIONES,PAPELETAS-RECIBIDAS,PAPELETAS-NO-USADAS,VALIDOS_CALCULADO,EMITIDOS_CALCULADO,TOTAL_CALCULADO,OBSERVACIONES,CONTABILIZADA,CÓDIGO_INTEGRIDAD,FECHA_HORA_PUBLICACIÓN,DIGITALIZACIÓN
5681,"Sacatepéquez",2,"Santa Lucía Milpas Altas",9,588,400,,,,,,,,,,,,,,,,,,,,,,,,0,,,
5682,"Sacatepéquez",2,"Santa Lucía Milpas Altas",9,588,400,,,,,,,,,,,,,,,,,,,,,,,,0,,,
5683,"Sacatepéquez",2,"Santa Lucía Milpas Altas",9,588,400,,,,,,,,,,,,,,,,,,,,,,,,0,,,
5684,"Sacatepéquez",2,"Santa Lucía Milpas Altas",9,588,400,,,,,,,,,,,,,,,,,,,,,,,,0,,,
5685,"Sacatepéquez",2,"Santa Lucía Milpas Altas",9,588,400,74,30,171,10,2,1,0,3,1,22,314,11,1,326,0,326,--,400,74,314,326,326,Algún campo sin dato,1,8f2888ec4b0320ac40464fedabb9947bcb3dbe0af9c2d39ee179388019f90abe,26/06/2023 00:13:20,ESCANER
5686,"Sacatepéquez",2,"Santa Lucía Milpas Altas",9,588,400,,,,,,,,,,,,,,,,,,,,,,,,0,,,
5687,"Sacatepéquez",2,"Santa Lucía Milpas Altas",9,588,400,85,26,137,10,0,8,3,3,0,15,287,9,2,298,0,298,--,400,102,287,298,298,Algún campo sin dato,1,79b8602fc88fb735c68dc87350d6da070c9740e4aa88fa4624c68267ba1ba9a7,25/06/2023 23:59:02,ESCANER
5688,"Sacatepéquez",2,"Santa Lucía Milpas Altas",9,588,400,58,23,131,10,1,18,1,6,1,19,268,11,2,281,0,281,--,400,119,268,281,281,Algún campo sin dato,1,ecbfd6dc874a6cd811486df68c286ad092bf945a3777db42e9acebc3b6c924cf,25/06/2023 23:58:01,ESCANER
5689,"Sacatepéquez",2,"Santa Lucía Milpas Altas",9,588,400,78,28,127,11,2,12,2,2,2,19,283,10,1,294,0,294,--,400,106,283,294,294,Algún campo sin dato,1,d95a24fff8f07c7b107e20041c1f1b1510da9653e6d5b9ff968653fa5830d80e,25/06/2023 23:59:07,ESCANER
5690,"Sacatepéquez",2,"Santa Lucía Milpas Altas",9,588,400,81,22,136,10,2,4,1,2,1,8,267,10,2,279,0,279,--,400,121,267,279,279,Algún campo sin dato,1,080c040ff0d15c28462aabd2eac749f5e7df07b791e76946c817d106cd323ebd,26/06/2023 00:21:55,ESCANER
5691,"Sacatepéquez",2,"Santa Lucía Milpas Altas",9,588,400,,,,,,,,,,,,,,,,,,,,,,,,0,,,
5692,"Sacatepéquez",2,"Santa Lucía Milpas Altas",9,588,400,,,,,,,,,,,,,,,,,,,,,,,,0,,,
5693,"Sacatepéquez",2,"Santa Lucía Milpas Altas",9,588,400,115,23,118,9,0,16,2,3,0,10,296,3,0,299,0,299,--,400,101,296,299,299,Algún campo sin dato,1,43d8c78b69bef4deb44fabe605f97ac832b03fab26e292c5b59adb9a0bc7b78b,26/06/2023 00:11:29,ESCANER
5694,"Sacatepéquez",2,"Santa Lucía Milpas Altas",9,588,254,57,17,89,6,0,3,1,2,0,9,184,3,1,188,0,188,1,--,--,184,188,188,Algún campo sin dato,1,1a637ba03cfadf4d32522ea16c5f7c50a6c75a875e2774e42729cd2a78014f81,26/06/2023 00:00:15,ESCANER
5695,"Sacatepéquez",2,"Santa Lucía Milpas Altas",9,588,254,53,16,59,6,0,11,0,0,0,8,153,2,1,156,0,156,--,254,98,153,156,156,Algún campo sin dato,1,3f0fa23723fb4fd87de041519638637221b36af27184f2f90710c4624fcac01f,25/06/2023 23:59:40,ESCANER
5696,"Sacatepéquez",2,"Santa Lucía Milpas Altas",9,589,380,72,41,89,22,1,4,4,1,1,39,274,3,3,280,0,280,--,380,100,274,280,280,Algún campo sin dato,1,9df5a894ce9d454c0e12e969d508b9050ba53ec9429261fc18477d06991d9cc5,25/06/2023 23:47:52,ESCANER
5697,"Sacatepéquez",2,"Santa Lucía Milpas Altas",9,589,380,88,53,97,40,2,1,3,0,0,23,307,6,2,315,0,315,--,380,65,307,315,315,Algún campo sin dato,1,2670653cd5ac3a7745eb2d024ec8bc7e6a3b38b3b384dcbf64cfaa62d65e63fa,25/06/2023 23:51:51,ESCANER
5698,"Sacatepéquez",2,"Santa Lucía Milpas Altas",9,589,380,77,66,100,22,3,1,4,1,3,31,308,7,1,316,64,380,--,380,64,308,316,380,Algún campo sin dato,1,1a36407fbc0572d2f652d99a742aee4d79296ad8b1ae7fea859e6c12c8ea434f,25/06/2023 23:37:57,ESCANER
5699,"Sacatepéquez",2,"Santa Lucía Milpas Altas",9,589,380,,,,,,,,,,,,,,,,,,,,,,,,0,,,
5700,"Sacatepéquez",2,"Santa Lucía Milpas Altas",9,589,380,69,55,98,22,2,4,6,1,1,34,292,5,2,299,0,299,--,380,81,292,299,299,Algún campo sin dato,1,a2a5ffa3d3192486c5ad84244c589f870b30868a2f535db14acfb71be0c218ee,26/06/2023 00:14:59,ESCANER
5701,"Sacatepéquez",2,"Santa Lucía Milpas Altas",9,589,380,88,34,80,23,3,1,7,2,2,30,270,3,0,273,0,273,--,380,107,270,273,273,Algún campo sin dato,1,a96c53be1c5098dbdc60abb9f7161858a08df46b84bd30866225704a0eed422c,25/06/2023 22:41:48,ESCANER
5702,"Sacatepéquez",2,"Santa Lucía Milpas Altas",9,589,380,96,37,82,33,2,3,6,0,2,29,290,9,3,302,0,302,--,376,74,290,302,302,Algún campo sin dato,1,287070f4e4177fae077af9b66eb280bf58498d0bcce617d3cc6a006238d1568b,25/06/2023 23:27:26,ESCANER
5703,"Sacatepéquez",2,"Santa Lucía Milpas Altas",9,589,380,77,43,87,26,3,3,2,0,2,36,279,9,1,289,0,289,--,380,91,279,289,289,Algún campo sin dato,1,2c428d111e0a8bd8bb9d4d4880bec01afe48e201cfa4f1e46e6f9050f4cffa4e,25/06/2023 22:49:30,ESCANER
5704,"Sacatepéquez",2,"Santa Lucía Milpas Altas",9,589,380,71,45,85,19,3,4,4,3,5,31,270,4,1,275,0,275,--,380,105,270,275,275,Algún campo sin dato,1,d74a11f7eff0811950e54541cc41ba0ca00f7ca165a7f7e2f96cc21476e8c560,25/06/2023 22:24:40,ESCANER
5705,"Sacatepéquez",2,"Santa Lucía Milpas Altas",9,589,347,80,38,66,13,3,13,2,0,1,31,247,7,0,254,0,254,--,347,93,247,254,254,Algún campo sin dato,1,37a5797c689cbf8458671f20537ba92830152d42082cce52bec35dd25d246a99,25/06/2023 21:32:34,ESCANER
5706,"Sacatepéquez",2,"Santa Lucía Milpas Altas",9,589,346,101,39,69,20,2,6,4,2,1,22,266,2,1,269,0,269,--,346,77,266,269,269,Algún campo sin dato,1,e69165d3e934c84753a3ea31ced43a5058a3451fb42259175d5038fb262da814,25/06/2023 23:51:25,ESCANER
5707,"Sacatepéquez",2,"Santa Lucía Milpas Altas",9,590,271,31,7,35,8,0,4,1,0,0,20,106,4,0,110,0,110,--,271,161,106,110,110,Algún campo sin dato,1,027e7ad61f935677c027a5b0c864c7b7620b0048526a3029fab25a036aefd5a3,26/06/2023 00:01:57,ESCANER