﻿TIPO_DE_ELECCIÓN:,CORPORACIÓN MUNICIPAL
26 junio 2023 00:28 (UTC -6)
ACTAS_ESPERADAS,ACTAS_CAPTURADAS,PORCENTAJE_ACTAS_CAPTURADAS,ACTAS_CONTABILIZADAS,PORCENTAJE_ACTAS_CONTABILIZADAS,ACTAS_NO_CONTABILIZADAS,LISTA_NOMINAL_ACTAS_CONTABILIZADAS,VOTOS_EMITIDOS_CONTABILIZADAS,PORCENTAJE_PARTICIPACIÓN_CIUDADANA
55,9,16.3636,9,16.3636,0,3251,2259,69.4863

MESA,DEPARTAMENTO,ID_DEPARTAMENTO,MUNICIPIO,ID_MUNICIPIO,CENTRO_DE_VOTACIÓN,PADRÓN,MLP,VALOR,UNE,VAMOS,PPN,CABAL,VIVA,CAMBIO,TODOS,VOS,PHG,CREO,VÁLIDOS,NULOS,BLANCO,EMITIDOS,INVÁLIDOS,TOTAL,IMPUGNACIONES,PAPELETAS-RECIBIDAS,PAPELETAS-NO-USADAS,VALIDOS_CALCULADO,EMITIDOS_CALCULADO,TOTAL_CALCULADO,OBSERVACIONES,CONTABILIZADA,CÓDIGO_INTEGRIDAD,FECHA_HORA_PUBLICACIÓN,DIGITALIZACIÓN
19053,"Alta Verapaz",16,"Tactic",4,2922,400,,,,,,,,,,,,,,,,,,,,,,,,,,0,,,
19054,"Alta Verapaz",16,"Tactic",4,2922,400,,,,,,,,,,,,,,,,,,,,,,,,,,0,,,
19055,"Alta Verapaz",16,"Tactic",4,2922,400,,,,,,,,,,,,,,,,,,,,,,,,,,0,,,
19056,"Alta Verapaz",16,"Tactic",4,2922,400,,,,,,,,,,,,,,,,,,,,,,,,,,0,,,
19057,"Alta Verapaz",16,"Tactic",4,2922,400,,,,,,,,,,,,,,,,,,,,,,,,,,0,,,
19058,"Alta Verapaz",16,"Tactic",4,2922,400,,,,,,,,,,,,,,,,,,,,,,,,,,0,,,
19059,"Alta Verapaz",16,"Tactic",4,2922,400,2,30,44,78,121,2,6,9,3,3,2,1,301,20,2,323,0,323,--,405,82,301,323,323,Algún campo sin dato,1,6b3a85444e4a67330b22543cf8d730ff452358e69e1089eddcd1e3e08c3c50ff,25/06/2023 23:44:50,ESCANER
19060,"Alta Verapaz",16,"Tactic",4,2922,400,,,,,,,,,,,,,,,,,,,,,,,,,,0,,,
19061,"Alta Verapaz",16,"Tactic",4,2922,400,,,,,,,,,,,,,,,,,,,,,,,,,,0,,,
19062,"Alta Verapaz",16,"Tactic",4,2923,400,,,,,,,,,,,,,,,,,,,,,,,,,,0,,,
19063,"Alta Verapaz",16,"Tactic",4,2923,400,,,,,,,,,,,,,,,,,,,,,,,,,,0,,,
19064,"Alta Verapaz",16,"Tactic",4,2923,400,,,,,,,,,,,,,,,,,,,,,,,,,,0,,,
19065,"Alta Verapaz",16,"Tactic",4,2923,400,1,35,31,87,108,4,3,6,0,3,2,2,282,11,3,296,0,296,--,407,111,282,296,296,Algún campo sin dato,1,8997484c334009f836c7d0eebc271cc645acbe2f6b201e740b39e50ba998b79b,25/06/2023 23:59:58,ESCANER
19066,"Alta Verapaz",16,"Tactic",4,2923,400,,,,,,,,,,,,,,,,,,,,,,,,,,0,,,
19067,"Alta Verapaz",16,"Tactic",4,2923,400,,,,,,,,,,,,,,,,,,,,,,,,,,0,,,
19068,"Alta Verapaz",16,"Tactic",4,2923,400,,,,,,,,,,,,,,,,,,,,,,,,,,0,,,
19069,"Alta Verapaz",16,"Tactic",4,2923,400,,,,,,,,,,,,,,,,,,,,,,,,,,0,,,
19070,"Alta Verapaz",16,"Tactic",4,2923,400,,,,,,,,,,,,,,,,,,,,,,,,,,0,,,
19071,"Alta Verapaz",16,"Tactic",4,2924,400,,,,,,,,,,,,,,,,,,,,,,,,,,0,,,
19072,"Alta Verapaz",16,"Tactic",4,2924,400,,,,,,,,,,,,,,,,,,,,,,,,,,0,,,
19073,"Alta Verapaz",16,"Tactic",4,2924,400,,,,,,,,,,,,,,,,,,,,,,,,,,0,,,
19074,"Alta Verapaz",16,"Tactic",4,2924,400,,,,,,,,,,,,,,,,,,,,,,,,,,0,,,
19075,"Alta Verapaz",16,"Tactic",4,2924,400,,,,,,,,,,,,,,,,,,,,,,,,,,0,,,
19076,"Alta Verapaz",16,"Tactic",4,2924,400,,,,,,,,,,,,,,,,,,,,,,,,,,0,,,
19077,"Alta Verapaz",16,"Tactic",4,2925,400,,,,,,,,,,,,,,,,,,,,,,,,,,0,,,
19078,"Alta Verapaz",16,"Tactic",4,2925,400,,,,,,,,,,,,,,,,,,,,,,,,,,0,,,
19079,"Alta Verapaz",16,"Tactic",4,2925,400,,,,,,,,,,,,,,,,,,,,,,,,,,0,,,
19080,"Alta Verapaz",16,"Tactic",4,2925,400,,,,,,,,,,,,,,,,,,,,,,,,,,0,,,
19081,"Alta Verapaz",16,"Tactic",4,2925,378,,,,,,,,,,,,,,,,,,,,,,,,,,0,,,
19082,"Alta Verapaz",16,"Tactic",4,2925,377,3,23,27,50,78,4,2,8,0,2,0,2,199,8,2,209,0,209,--,381,172,199,209,209,Algún campo sin dato,1,32cabcefa6a3eff5d3e3b79d4c070971dc98cc9f2235cb602046f287de08e182,25/06/2023 23:36:36,ESCANER
19083,"Alta Verapaz",16,"Tactic",4,2926,400,,,,,,,,,,,,,,,,,,,,,,,,,,0,,,
19084,"Alta Verapaz",16,"Tactic",4,2926,322,4,25,16,34,94,13,5,3,2,2,8,2,208,21,1,230,0,230,--,325,95,208,230,230,Algún campo sin dato,1,aaf2af959f40de64ec06d46dd9df055e04e4acb28a7369029fab2783dd6a9684,26/06/2023 00:01:02,ESCANER
19085,"Alta Verapaz",16,"Tactic",4,2926,322,,,,,,,,,,,,,,,,,,,,,,,,,,0,,,
19086,"Alta Verapaz",16,"Tactic",4,2927,400,,,,,,,,,,,,,,,,,,,,,,,,,,0,,,
19087,"Alta Verapaz",16,"Tactic",4,2927,400,,,,,,,,,,,,,,,,,,,,,,,,,,0,,,
19088,"Alta Verapaz",16,"Tactic",4,2927,400,2,26,24,59,97,4,4,11,5,1,5,0,238,29,7,274,0,274,--,400,126,238,274,274,Algún campo sin dato,1,2b204e28603c1ce465f4d273361d171892a498474cdd9c18cbbee9afde1ca656,25/06/2023 23:57:28,ESCANER
19089,"Alta Verapaz",16,"Tactic",4,2927,278,,,,,,,,,,,,,,,,,,,,,,,,,,0,,,
19090,"Alta Verapaz",16,"Tactic",4,2927,278,0,18,18,40,54,0,3,8,1,1,4,1,148,1,0,149,11,160,--,281,121,148,149,160,Algún campo sin dato,1,62e37bafee49580309944607c0d901330ea6815c33893a621f39c52abbb5ad96,26/06/2023 00:25:58,ESCANER
19091,"Alta Verapaz",16,"Tactic",4,2928,380,,,,,,,,,,,,,,,,,,,,,,,,,,0,,,
19092,"Alta Verapaz",16,"Tactic",4,2928,380,,,,,,,,,,,,,,,,,,,,,,,,,,0,,,
19093,"Alta Verapaz",16,"Tactic",4,2928,380,,,,,,,,,,,,,,,,,,,,,,,,,,0,,,
19094,"Alta Verapaz",16,"Tactic",4,2928,380,,,,,,,,,,,,,,,,,,,,,,,,,,0,,,
19095,"Alta Verapaz",16,"Tactic",4,2928,380,,,,,,,,,,,,,,,,,,,,,,,,,,0,,,
19096,"Alta Verapaz",16,"Tactic",4,2928,340,0,16,35,66,85,6,7,1,0,1,0,0,219,10,4,233,0,233,--,341,108,217,231,231,Sumas Asentadas sin cuadrar,1,6077a31e1eb167250a4084a4d727591aa956a6e6dd7e8172ac36cf0b2484471d,25/06/2023 23:59:28,ESCANER
19097,"Alta Verapaz",16,"Tactic",4,2928,339,,,,,,,,,,,,,,,,,,,,,,,,,,0,,,
19098,"Alta Verapaz",16,"Tactic",4,2929,380,,,,,,,,,,,,,,,,,,,,,,,,,,0,,,
19099,"Alta Verapaz",16,"Tactic",4,2929,380,,,,,,,,,,,,,,,,,,,,,,,,,,0,,,
19100,"Alta Verapaz",16,"Tactic",4,2929,380,9,21,60,67,103,4,8,24,1,2,1,0,300,18,2,320,1,321,--,384,63,300,320,321,Algún campo sin dato,1,e76389e8cce54707758d9065eb145b51c93f37e12e3da5559b41cd85eea17031,25/06/2023 23:51:37,ESCANER
19101,"Alta Verapaz",16,"Tactic",4,2929,380,,,,,,,,,,,,,,,,,,,,,,,,,,0,,,
19102,"Alta Verapaz",16,"Tactic",4,2929,380,,,,,,,,,,,,,,,,,,,,,,,,,,0,,,
19103,"Alta Verapaz",16,"Tactic",4,2929,380,,,,,,,,,,,,,,,,,,,,,,,,,,0,,,
19104,"Alta Verapaz",16,"Tactic",4,2929,355,,,,,,,,,,,,,,,,,,,,,,,,,,0,,,
19105,"Alta Verapaz",16,"Tactic",4,2929,354,0,18,51,38,83,0,4,22,0,3,3,0,222,5,0,227,0,227,--,354,127,222,227,227,Algún campo sin dato,1,b023c72a642d2ae2f212e9f42c6d54041a604f2ef6acbea83266beee8476e127,25/06/2023 23:25:59,ESCANER
19106,"Alta Verapaz",16,"Tactic",4,2930,516,,,,,,,,,,,,,,,,,,,,,,,,,,0,,,
19107,"Alta Verapaz",16,"Tactic",4,2930,515,,,,,,,,,,,,,,,,,,,,,,,,,,0,,,