﻿TIPO_DE_ELECCIÓN:,CORPORACIÓN MUNICIPAL
26 junio 2023 00:28 (UTC -6)
ACTAS_ESPERADAS,ACTAS_CAPTURADAS,PORCENTAJE_ACTAS_CAPTURADAS,ACTAS_CONTABILIZADAS,PORCENTAJE_ACTAS_CONTABILIZADAS,ACTAS_NO_CONTABILIZADAS,LISTA_NOMINAL_ACTAS_CONTABILIZADAS,VOTOS_EMITIDOS_CONTABILIZADAS,PORCENTAJE_PARTICIPACIÓN_CIUDADANA
100,72,72.0000,72,72.0000,0,27796,19257,69.2797

MESA,DEPARTAMENTO,ID_DEPARTAMENTO,MUNICIPIO,ID_MUNICIPIO,CENTRO_DE_VOTACIÓN,PADRÓN,CABAL,VAMOS,MLP,VOS,TODOS,VICTORIA,UNE,FUTURO,SEMILLA,AZUL,WINAQ,CAMBIO,MI FAMILIA,VIVA,VÁLIDOS,NULOS,BLANCO,EMITIDOS,INVÁLIDOS,TOTAL,IMPUGNACIONES,PAPELETAS-RECIBIDAS,PAPELETAS-NO-USADAS,VALIDOS_CALCULADO,EMITIDOS_CALCULADO,TOTAL_CALCULADO,OBSERVACIONES,CONTABILIZADA,CÓDIGO_INTEGRIDAD,FECHA_HORA_PUBLICACIÓN,DIGITALIZACIÓN
5337,"Sacatepéquez",2,"Antigua Guatemala",1,527,400,,,,,,,,,,,,,,,,,,,,,,,,,,,,0,,,
5338,"Sacatepéquez",2,"Antigua Guatemala",1,527,400,13,16,20,42,67,0,6,59,25,4,3,1,7,5,268,17,2,287,0,287,--,--,113,268,287,287,Algún campo sin dato,1,0b2fbaafa5ca1c46ce2134ccc99c0d0b90d507114740d9e669708d2c8bc43628,25/06/2023 22:37:19,ESCANER
5339,"Sacatepéquez",2,"Antigua Guatemala",1,527,400,16,11,13,30,78,1,10,76,27,11,6,1,14,2,296,8,0,304,1,305,--,400,95,296,304,305,Algún campo sin dato,1,bdd39703e618b95911b0a2753b6f06fc44319515f9f8d81d923a62e026d82495,26/06/2023 00:20:51,ESCANER
5340,"Sacatepéquez",2,"Antigua Guatemala",1,527,400,12,12,12,42,70,3,7,76,26,9,6,0,8,5,288,10,1,299,0,299,--,400,101,288,299,299,Algún campo sin dato,1,7cdb826d180ca73fb744276e5e3a61741ccd746f7ebd644b90d3656eae915f57,25/06/2023 23:20:28,ESCANER
5341,"Sacatepéquez",2,"Antigua Guatemala",1,527,400,22,16,6,47,74,1,5,63,25,6,3,1,13,4,286,18,0,304,0,304,--,400,96,286,304,304,Algún campo sin dato,1,19c0c3fadbe05bc58664e297cbe3d616deb551348dfed87d4a28d517aeb1e7fa,26/06/2023 00:21:37,ESCANER
5342,"Sacatepéquez",2,"Antigua Guatemala",1,527,400,15,10,11,39,69,2,3,88,34,8,7,0,11,3,300,10,1,311,0,311,--,400,89,300,311,311,Algún campo sin dato,1,a372a147cc468d9618cff5fc63c8423e6cc604056dca6182c4c87d08422f8020,25/06/2023 22:08:05,ESCANER
5343,"Sacatepéquez",2,"Antigua Guatemala",1,528,400,16,17,9,31,57,2,6,94,26,2,4,2,10,4,280,8,0,288,0,288,--,400,112,280,288,288,Algún campo sin dato,1,e731f4a10896092626d3957d4ed9b34c0dfbea5fbc2929bdbdd8cf75e395586d,25/06/2023 23:11:04,ESCANER
5344,"Sacatepéquez",2,"Antigua Guatemala",1,528,400,12,20,13,45,77,2,4,71,18,6,6,2,13,3,292,11,1,304,0,304,--,397,93,292,304,304,Algún campo sin dato,1,c6065631475085bbe73319af312b3c3ebe3303557e6e22191a91c22035f9e03b,25/06/2023 23:45:27,ESCANER
5345,"Sacatepéquez",2,"Antigua Guatemala",1,528,400,26,9,15,33,83,1,5,79,21,8,9,1,9,3,302,12,1,315,0,315,--,405,90,302,315,315,Algún campo sin dato,1,c7660dfdabad7898bf8e8821e9435958daa9084f5a4ddc8dfa6f528489595396,25/06/2023 23:06:11,ESCANER
5346,"Sacatepéquez",2,"Antigua Guatemala",1,528,400,16,12,8,42,73,0,6,83,24,12,4,1,7,5,293,11,0,304,0,304,--,400,96,293,304,304,Algún campo sin dato,1,f9e1e7c9f17a22d0855e5083a3e37ed7907900898dcfe124f25c36f29113244e,25/06/2023 22:23:47,ESCANER
5347,"Sacatepéquez",2,"Antigua Guatemala",1,528,400,20,12,6,43,67,1,2,92,27,3,2,1,7,2,285,6,0,291,0,291,--,406,115,285,291,291,Algún campo sin dato,1,d5af2135aeec54d49f80522d9f521da607281b5bed5dc8ea8780cced828f3ac3,26/06/2023 00:00:35,ESCANER
5348,"Sacatepéquez",2,"Antigua Guatemala",1,528,400,13,12,7,38,68,1,3,94,29,8,1,0,2,4,280,6,0,286,0,286,--,400,114,280,286,286,Algún campo sin dato,1,72ea6bcdf4639870560ffb6cae1b8fa2106b11c3c12b8318b0026aeeb732d3e5,26/06/2023 00:25:16,ESCANER
5349,"Sacatepéquez",2,"Antigua Guatemala",1,528,400,13,13,8,36,68,0,3,80,31,5,4,1,9,4,275,11,1,287,0,287,--,400,113,275,287,287,Algún campo sin dato,1,62ceb28f4d58fc0971c7fa4374485230bbdd365ce087ca6b9127a52c2caf71f6,26/06/2023 00:13:21,ESCANER
5350,"Sacatepéquez",2,"Antigua Guatemala",1,528,400,,,,,,,,,,,,,,,,,,,,,,,,,,,,0,,,
5351,"Sacatepéquez",2,"Antigua Guatemala",1,528,400,14,6,16,30,62,3,6,85,24,4,8,1,5,2,266,12,0,278,0,278,--,407,129,266,278,278,Algún campo sin dato,1,ac45f78768cc6906b3106d1fb68416113fcffd8847ce5aac4cde268c43fb1392,25/06/2023 23:47:05,ESCANER
5352,"Sacatepéquez",2,"Antigua Guatemala",1,529,400,17,11,11,38,73,2,10,79,20,6,3,0,9,1,280,12,2,294,0,294,--,397,103,280,294,294,Algún campo sin dato,1,34a58e50bc047f7881929559b4fb3717e87ed663a5a8b6abdb31e3006fa88eaa,25/06/2023 23:37:16,ESCANER
5353,"Sacatepéquez",2,"Antigua Guatemala",1,529,400,15,16,18,39,67,0,3,72,21,2,6,1,2,4,266,9,0,275,0,275,--,400,125,266,275,275,Algún campo sin dato,1,b0f74b3c231e50bc5ddaa850fffa1b0029c26aaa03b9ec0ea31535b28c901397,25/06/2023 23:13:09,ESCANER
5354,"Sacatepéquez",2,"Antigua Guatemala",1,529,400,16,8,15,28,74,1,5,76,30,5,2,0,8,1,269,15,0,284,4,288,--,400,112,269,284,288,Algún campo sin dato,1,ae387aee268d3010a27d469ba609a7c3984a72b6b2c550d29304693da3e29467,26/06/2023 00:01:07,ESCANER
5355,"Sacatepéquez",2,"Antigua Guatemala",1,529,400,27,9,11,43,66,1,4,75,18,7,4,2,4,1,272,8,0,280,0,280,--,407,127,272,280,280,Algún campo sin dato,1,46e259449e2362f66599ecf0c29f2b9ecb5de56f23744a074cb21c72ab29f772,25/06/2023 23:57:46,ESCANER
5356,"Sacatepéquez",2,"Antigua Guatemala",1,529,400,12,19,11,30,78,0,3,77,24,12,6,0,7,4,283,13,0,296,0,296,--,--,--,283,296,296,Algún campo sin dato,1,8d013ead04f4a4edb4ad46bf1bec9ec051849e66dccd3ee7744cd0ad431f8a59,26/06/2023 00:08:51,ESCANER
5357,"Sacatepéquez",2,"Antigua Guatemala",1,530,400,29,11,8,33,76,1,7,64,22,9,5,3,7,4,279,12,0,291,0,291,--,400,109,279,291,291,Algún campo sin dato,1,2095853944eea0dd72e647a06a59f4f93b1b3050fed448e898a95f06584e5a48,25/06/2023 23:22:49,ESCANER
5358,"Sacatepéquez",2,"Antigua Guatemala",1,530,400,22,11,9,37,77,2,3,85,24,10,3,2,7,3,295,13,1,309,0,309,--,400,91,295,309,309,Algún campo sin dato,1,19257fa30818b97909e41785d2e09aa1c12338a17de0ec3c935eb3b255855700,26/06/2023 00:20:14,ESCANER
5359,"Sacatepéquez",2,"Antigua Guatemala",1,530,400,20,5,7,30,80,3,6,64,20,8,3,2,8,3,259,16,2,277,0,277,--,400,123,259,277,277,Algún campo sin dato,1,3dfe0e950c790c2ec975a53d284e9a8b56921a53c6e741eb206a95d5bffe08ba,25/06/2023 23:31:56,ESCANER
5360,"Sacatepéquez",2,"Antigua Guatemala",1,530,400,,,,,,,,,,,,,,,,,,,,,,,,,,,,0,,,
5361,"Sacatepéquez",2,"Antigua Guatemala",1,530,400,19,9,7,38,68,0,7,84,24,9,3,0,12,1,281,4,0,285,0,285,--,400,115,281,285,285,Algún campo sin dato,1,f2f6663f7f0704ad3519f299979a1bd9d07f7d92c7925e8ca16f380b1b6eff5e,25/06/2023 23:52:05,ESCANER
5362,"Sacatepéquez",2,"Antigua Guatemala",1,530,400,,,,,,,,,,,,,,,,,,,,,,,,,,,,0,,,
5363,"Sacatepéquez",2,"Antigua Guatemala",1,531,400,9,13,9,17,70,1,0,96,24,5,3,0,5,3,256,10,0,265,1,266,1,400,131,255,265,266,Sumas Asentadas sin cuadrar,1,3cd432e0d43f0a0cc46aea69aeece880c4d121841bee537ba2b3a75dbe17a1f0,25/06/2023 23:42:58,ESCANER
5364,"Sacatepéquez",2,"Antigua Guatemala",1,531,400,16,9,10,37,54,0,0,89,25,10,1,1,7,4,263,4,0,267,0,267,--,400,133,263,267,267,Algún campo sin dato,1,c35fd9258909f990e3d5588ba7d0f30397e390d70ba5124f7363cced7ca6322c,25/06/2023 22:20:30,ESCANER
5365,"Sacatepéquez",2,"Antigua Guatemala",1,531,400,12,12,6,40,76,0,1,116,34,2,3,1,1,0,304,5,0,309,0,309,--,400,91,304,309,309,Algún campo sin dato,1,dd40501a4881a5fdb8cb9a1df5eaf09f5208a436f8820080a90edaebe601cd0c,25/06/2023 21:53:14,ESCANER
5366,"Sacatepéquez",2,"Antigua Guatemala",1,531,400,16,12,9,30,73,0,2,124,25,5,2,1,2,0,301,4,2,307,0,307,--,400,93,301,307,307,Algún campo sin dato,1,259c04458f0076d8ae445b792a9ff20d9b23f5de12e6fa9ae29ee120eeffb32c,25/06/2023 22:36:50,ESCANER
5367,"Sacatepéquez",2,"Antigua Guatemala",1,531,400,,,,,,,,,,,,,,,,,,,,,,,,,,,,0,,,
5368,"Sacatepéquez",2,"Antigua Guatemala",1,531,354,12,10,2,36,56,2,1,60,21,4,3,0,2,2,211,1,0,212,0,212,0,354,142,211,212,212,,1,6c484125f8db64bdb65f7e91bd7c9c72e27d2b8c4186fab48fab2e79b907973c,25/06/2023 22:29:13,ESCANER
5369,"Sacatepéquez",2,"Antigua Guatemala",1,531,353,11,7,5,14,44,1,5,53,11,1,0,0,5,1,159,5,1,165,0,165,--,350,185,158,164,164,Sumas Asentadas sin cuadrar,1,22518f7d01a8f315d2077475dc9eeecf04309d86afff5a48ea3100a6310f0d78,25/06/2023 23:47:55,ESCANER
5370,"Sacatepéquez",2,"Antigua Guatemala",1,532,400,20,26,12,75,53,1,11,71,11,3,6,1,9,5,304,10,2,316,0,316,--,400,84,304,316,316,Algún campo sin dato,1,8a00eefa1431df66a3abc503a6bbb4807d509e37586d7dab5ed617575dfec0fd,25/06/2023 23:53:55,ESCANER
5371,"Sacatepéquez",2,"Antigua Guatemala",1,532,400,,,,,,,,,,,,,,,,,,,,,,,,,,,,0,,,
5372,"Sacatepéquez",2,"Antigua Guatemala",1,532,400,,,,,,,,,,,,,,,,,,,,,,,,,,,,0,,,
5373,"Sacatepéquez",2,"Antigua Guatemala",1,532,400,10,21,10,70,60,0,2,74,9,3,1,4,11,1,276,5,0,281,0,281,1,400,119,276,281,281,,1,8c3712ffed12c63afe41734d5614b74beb5e0e76a1c0cdac55f9cebfd69f7acc,25/06/2023 23:06:55,ESCANER
5374,"Sacatepéquez",2,"Antigua Guatemala",1,532,400,,,,,,,,,,,,,,,,,,,,,,,,,,,,0,,,
5375,"Sacatepéquez",2,"Antigua Guatemala",1,532,400,,,,,,,,,,,,,,,,,,,,,,,,,,,,0,,,
5376,"Sacatepéquez",2,"Antigua Guatemala",1,532,400,17,14,16,83,48,4,5,63,16,3,5,3,12,0,289,7,1,297,0,297,--,397,100,289,297,297,Algún campo sin dato,1,6f0ab75b37c3ed602e07bbfb28e322f044b3eb8120e8666c7d82f4f2eca6f723,26/06/2023 00:04:10,ESCANER
5377,"Sacatepéquez",2,"Antigua Guatemala",1,532,400,25,14,4,76,48,3,6,65,8,3,3,0,13,6,274,13,1,288,1,289,--,400,111,274,288,289,Algún campo sin dato,1,b9c36619a094c1733089ac07cfb609c69221b57f5c36ff82a3af9c3cfa2f5172,25/06/2023 23:49:05,ESCANER
5378,"Sacatepéquez",2,"Antigua Guatemala",1,532,400,,,,,,,,,,,,,,,,,,,,,,,,,,,,0,,,
5379,"Sacatepéquez",2,"Antigua Guatemala",1,532,400,12,13,7,55,72,2,5,92,17,3,2,1,3,0,284,4,1,289,0,289,--,397,108,284,289,289,Algún campo sin dato,1,65d524e4ec80e6fed6771329fee7476183ff10c8ba3f87bba98a1c1450e807cc,26/06/2023 00:14:34,ESCANER
5380,"Sacatepéquez",2,"Antigua Guatemala",1,533,256,,,,,,,,,,,,,,,,,,,,,,,,,,,,0,,,
5381,"Sacatepéquez",2,"Antigua Guatemala",1,533,255,8,10,6,29,46,1,3,48,12,2,0,0,4,1,170,3,1,174,1,175,--,255,81,170,174,175,Algún campo sin dato,1,9027567250902606bbcced869a1cd013766411f5645bb42681fdfda1d145b69f,25/06/2023 23:59:44,ESCANER
5382,"Sacatepéquez",2,"Antigua Guatemala",1,534,396,11,18,5,52,74,2,4,93,17,5,4,1,7,3,296,12,0,308,0,308,--,396,88,296,308,308,Algún campo sin dato,1,c752f5a736d8f1e35d25ebb8c4f69c37499829bb9b3e4cd70a7848031e9c867a,25/06/2023 22:52:26,ESCANER
5383,"Sacatepéquez",2,"Antigua Guatemala",1,534,395,15,25,10,50,77,0,2,86,16,10,4,1,5,0,301,4,0,305,0,305,--,395,90,301,305,305,Algún campo sin dato,1,2490630304c04a7c074dd615efd92eefb1856274567bedcb45f18ba188ddd5a1,25/06/2023 22:42:28,ESCANER
5384,"Sacatepéquez",2,"Antigua Guatemala",1,535,400,21,12,12,62,71,3,9,66,13,7,4,0,4,3,287,17,3,307,0,307,--,400,93,287,307,307,Algún campo sin dato,1,13dd1dca68627c363cef85344ee0b7a2b7dc8a3bf13889beebaad2513a545a3e,25/06/2023 22:04:34,ESCANER
5385,"Sacatepéquez",2,"Antigua Guatemala",1,535,400,18,10,13,50,56,3,8,66,28,3,0,0,4,5,264,14,1,279,0,279,--,400,121,264,279,279,Algún campo sin dato,1,ad9c9283e37ce00c593c74d7e092f2d7054bdbbb154791c6fa8f7475198da516,25/06/2023 23:02:43,ESCANER
5386,"Sacatepéquez",2,"Antigua Guatemala",1,535,400,20,8,18,62,54,2,6,74,29,8,1,0,9,1,292,8,0,300,0,300,--,--,--,292,300,300,Algún campo sin dato,1,20e52dc9984621cab0c1664d41ce794d91981e135747a9b2ed1b93b1d322bfcb,25/06/2023 21:58:26,ESCANER
5387,"Sacatepéquez",2,"Antigua Guatemala",1,535,400,15,13,11,56,63,4,4,67,10,3,2,1,9,--,258,10,3,271,129,400,--,400,129,258,271,400,Algún campo sin dato,1,e3fed1b675661df2d0b400a3796fc273b253c99e1e3c84717eb9f2b93fa26493,25/06/2023 22:18:35,ESCANER
5388,"Sacatepéquez",2,"Antigua Guatemala",1,536,400,12,10,10,69,64,1,9,61,18,5,7,1,7,2,276,4,1,281,7,288,--,397,109,276,281,288,Algún campo sin dato,1,7711ceafb7984f944567514490edc019b5b39f212ed3f620bd3e90ba54cc53f8,25/06/2023 23:48:28,ESCANER
5389,"Sacatepéquez",2,"Antigua Guatemala",1,536,400,,,,,,,,,,,,,,,,,,,,,,,,,,,,0,,,
5390,"Sacatepéquez",2,"Antigua Guatemala",1,537,400,11,17,14,66,63,1,4,61,12,4,2,0,6,3,264,15,4,283,0,283,--,400,117,264,283,283,Algún campo sin dato,1,f0f4dc101e729a031ec874ceb11aa3d005bfdf497980bdaeb50cdeadcc2931f7,25/06/2023 23:19:15,ESCANER
5391,"Sacatepéquez",2,"Antigua Guatemala",1,537,400,,,,,,,,,,,,,,,,,,,,,,,,,,,,0,,,
5392,"Sacatepéquez",2,"Antigua Guatemala",1,537,400,,,,,,,,,,,,,,,,,,,,,,,,,,,,0,,,
5393,"Sacatepéquez",2,"Antigua Guatemala",1,537,210,3,2,2,33,33,0,2,60,15,2,2,0,3,0,157,2,0,159,0,159,--,210,51,157,159,159,Algún campo sin dato,1,ad40599ce4a3e0d7dbf3a157aec628d8b05caa879a245770b68fd231850e0ba5,25/06/2023 23:28:55,ESCANER
5394,"Sacatepéquez",2,"Antigua Guatemala",1,537,209,4,7,3,23,29,1,1,30,9,2,0,0,3,0,112,4,1,117,0,117,--,--,--,112,117,117,Algún campo sin dato,1,94c54f06a6f97cede10c09a2bdaf9ceaea9a53d22ebfd34cbc4bea7de5d27997,25/06/2023 22:12:56,ESCANER
5395,"Sacatepéquez",2,"Antigua Guatemala",1,538,380,,,,,,,,,,,,,,,,,,,,,,,,,,,,0,,,
5396,"Sacatepéquez",2,"Antigua Guatemala",1,538,380,,,,,,,,,,,,,,,,,,,,,,,,,,,,0,,,
5397,"Sacatepéquez",2,"Antigua Guatemala",1,538,380,,,,,,,,,,,,,,,,,,,,,,,,,,,,0,,,
5398,"Sacatepéquez",2,"Antigua Guatemala",1,538,380,,,,,,,,,,,,,,,,,,,,,,,,,,,,0,,,
5399,"Sacatepéquez",2,"Antigua Guatemala",1,538,380,,,,,,,,,,,,,,,,,,,,,,,,,,,,0,,,
5400,"Sacatepéquez",2,"Antigua Guatemala",1,538,380,,,,,,,,,,,,,,,,,,,,,,,,,,,,0,,,
5401,"Sacatepéquez",2,"Antigua Guatemala",1,538,380,,,,,,,,,,,,,,,,,,,,,,,,,,,,0,,,
5402,"Sacatepéquez",2,"Antigua Guatemala",1,538,380,,,,,,,,,,,,,,,,,,,,,,,,,,,,0,,,
5403,"Sacatepéquez",2,"Antigua Guatemala",1,538,298,3,3,2,105,50,0,2,29,12,5,3,0,8,0,222,3,0,225,0,225,--,298,73,222,225,225,Algún campo sin dato,1,9b70e6d6fab95937a69ed839200fd074c3b932b4347a6dc5c3aac281e3561ce1,26/06/2023 00:21:38,MOVIL
5404,"Sacatepéquez",2,"Antigua Guatemala",1,538,297,,,,,,,,,,,,,,,,,,,,,,,,,,,,0,,,
5405,"Sacatepéquez",2,"Antigua Guatemala",1,539,380,5,10,1,121,86,2,4,23,4,4,1,0,12,6,279,12,2,293,0,293,--,377,84,279,293,293,Algún campo sin dato,1,c2156b5727cae6af468c88331a2597ae247cd67dfb885455a994265e45df6f54,25/06/2023 23:38:48,ESCANER
5406,"Sacatepéquez",2,"Antigua Guatemala",1,539,380,11,10,1,107,71,2,1,38,4,7,2,0,17,5,276,12,3,291,0,291,--,380,89,276,291,291,Algún campo sin dato,1,f9c769bcb7972141ba05205024afff310d4134f81dd7a5b428ab83d20c94e3ca,26/06/2023 00:09:25,ESCANER
5407,"Sacatepéquez",2,"Antigua Guatemala",1,539,380,7,5,1,120,72,0,3,40,1,6,0,1,12,6,274,7,4,285,0,285,--,380,95,274,285,285,Algún campo sin dato,1,1a8040450a1f4d7d132259ef260d60bab739b50dfb58978b41753e0ea0ef1744,25/06/2023 23:51:15,ESCANER
5408,"Sacatepéquez",2,"Antigua Guatemala",1,539,233,6,3,0,51,45,0,1,28,3,2,0,0,6,1,146,6,1,153,0,153,--,233,80,146,153,153,Algún campo sin dato,1,7de5ccf013a092bb92fb5cc6638c0d9e2fc9962b4fd3f764f49d274cdffa2857,25/06/2023 21:56:23,ESCANER
5409,"Sacatepéquez",2,"Antigua Guatemala",1,539,232,0,6,0,62,42,0,0,28,2,3,0,0,7,0,150,5,0,155,0,155,--,232,77,150,155,155,Algún campo sin dato,1,84f31e9df637a40e5c2a38e9819dc08d794d1dd4291f0e50d88be103ea709803,25/06/2023 21:51:00,ESCANER
5410,"Sacatepéquez",2,"Antigua Guatemala",1,540,380,,,,,,,,,,,,,,,,,,,,,,,,,,,,0,,,
5411,"Sacatepéquez",2,"Antigua Guatemala",1,540,380,26,24,5,48,37,1,4,62,8,4,8,1,37,2,267,7,1,275,0,275,--,380,105,267,275,275,Algún campo sin dato,1,7ffbe82cd39dcc8b01fefa6dd4b593fdc2da8baf9557000d78044882498e35fe,26/06/2023 00:19:26,ESCANER
5412,"Sacatepéquez",2,"Antigua Guatemala",1,540,380,18,14,8,49,49,3,3,59,11,3,10,0,37,0,264,10,1,275,0,275,--,380,105,264,275,275,Algún campo sin dato,1,e43c4721009e705aabcaa5b642f049c602fe62ccef87e0a8ecf5a8d46575bb21,25/06/2023 23:45:53,ESCANER
5413,"Sacatepéquez",2,"Antigua Guatemala",1,540,380,23,22,6,42,56,1,0,55,11,5,3,1,21,0,246,11,0,257,0,257,--,380,123,246,257,257,Algún campo sin dato,1,1957e0b6bfc24866683bf0f13ded04a819f6d5f4e337ceb85f759e607ce4b8a3,25/06/2023 23:58:56,ESCANER
5414,"Sacatepéquez",2,"Antigua Guatemala",1,541,380,17,10,14,37,44,3,2,69,14,3,10,0,32,6,261,15,2,278,--,278,--,380,102,261,278,278,Algún campo sin dato,1,51659f6c6054056883c0545441d7d855f9b941de8dcd6be8acfa3f83dd03d523,25/06/2023 23:19:26,ESCANER
5415,"Sacatepéquez",2,"Antigua Guatemala",1,541,380,21,14,6,52,37,1,0,52,8,6,3,0,28,1,229,7,2,238,3,241,--,380,139,229,238,241,Algún campo sin dato,1,55ef7878d4cd1762aa9072d4eda6c3b1b3940190b9271c63ffd247b4b29e8a30,25/06/2023 23:51:04,ESCANER
5416,"Sacatepéquez",2,"Antigua Guatemala",1,541,380,26,16,5,50,36,2,2,53,8,1,3,1,27,1,231,14,3,248,0,248,--,380,132,231,248,248,Algún campo sin dato,1,96bf981d81d3002add997a726dc55a1462e5777e91d0c6e46cac65542f2d90aa,25/06/2023 23:57:00,ESCANER
5417,"Sacatepéquez",2,"Antigua Guatemala",1,541,345,,,,,,,,,,,,,,,,,,,,,,,,,,,,0,,,
5418,"Sacatepéquez",2,"Antigua Guatemala",1,541,344,15,9,5,35,36,1,3,67,16,3,2,0,15,0,207,0,0,207,0,207,--,344,137,207,207,207,Algún campo sin dato,1,d36b0ee2d0365530dadbef6acaaacca6586264bdf36bf4104393c779781843b8,25/06/2023 23:39:46,ESCANER
5419,"Sacatepéquez",2,"Antigua Guatemala",1,542,380,18,16,7,42,52,16,1,60,12,6,7,1,14,2,254,22,0,276,0,276,--,380,104,254,276,276,Algún campo sin dato,1,3cc9aa77c9ef0b17554b1ec6be4267887737069508a5164f81eb456566893277,25/06/2023 23:59:23,ESCANER
5420,"Sacatepéquez",2,"Antigua Guatemala",1,542,380,19,12,13,57,51,13,0,70,12,3,4,1,16,2,273,17,0,290,0,290,--,380,90,273,290,290,Algún campo sin dato,1,dd702786a06c165b8031f758017b687465057ee5bab358ec815165c4e6d0dc88,25/06/2023 23:03:03,ESCANER
5421,"Sacatepéquez",2,"Antigua Guatemala",1,542,380,24,19,14,68,40,9,1,72,10,7,1,1,8,5,279,12,1,292,0,292,--,380,88,279,292,292,Algún campo sin dato,1,370e2308a028d140901270c69470f0364ddaa04d6add6d11f5ff1cf6e347e5ee,26/06/2023 00:10:20,ESCANER
5422,"Sacatepéquez",2,"Antigua Guatemala",1,542,380,12,10,13,45,54,12,0,80,12,3,0,0,5,5,251,7,2,260,0,260,--,--,--,251,260,260,Algún campo sin dato,1,622dbca322f0c13fc706545bad85ce702caa1e55adcb93252115f5e183999b2c,25/06/2023 22:25:38,ESCANER
5423,"Sacatepéquez",2,"Antigua Guatemala",1,542,380,17,13,8,54,44,9,5,69,17,6,4,1,11,1,259,12,2,273,0,273,--,380,107,259,273,273,Algún campo sin dato,1,ee1255fdbee1b72188e2f38b8b0e36224c269c62a52d1bba1a963720057f49c3,25/06/2023 23:37:30,ESCANER
5424,"Sacatepéquez",2,"Antigua Guatemala",1,542,380,17,9,6,46,58,14,3,72,15,2,1,4,4,4,255,12,1,268,0,268,1,380,112,255,268,268,,1,1a3497e3520726efc53a96d6de5e8866404bfef16a2d6fbd71f683f8f40959f2,26/06/2023 00:02:34,ESCANER
5425,"Sacatepéquez",2,"Antigua Guatemala",1,543,380,16,13,9,53,60,7,5,75,13,1,1,2,9,0,264,15,3,282,0,282,1,380,98,264,282,282,,1,4701a71340df2e248a491550cd0d982bd73e0bf6e9ef78e1e56dd1c318b23149,25/06/2023 22:53:25,ESCANER
5426,"Sacatepéquez",2,"Antigua Guatemala",1,543,380,24,10,13,55,39,14,8,65,6,2,2,1,6,5,250,14,0,264,0,264,--,380,116,250,264,264,Algún campo sin dato,1,45f2ade1a4dd681e8627ae42eb64ae2803a015c552e2abc7b1b8282b2968f7a8,25/06/2023 22:46:07,ESCANER
5427,"Sacatepéquez",2,"Antigua Guatemala",1,543,380,13,23,7,51,46,11,3,53,15,2,0,3,11,6,244,6,0,250,0,250,--,380,130,244,250,250,Algún campo sin dato,1,70e86da17440bdbab4cc44cc3402c771fd6fc21e6634d22e19283964e41e71ee,25/06/2023 23:40:17,ESCANER
5428,"Sacatepéquez",2,"Antigua Guatemala",1,543,380,20,10,5,40,34,7,2,89,24,1,5,0,3,5,243,4,3,0,0,250,--,376,127,245,252,252,Sumas Asentadas sin cuadrar,1,d15abcbb6038ca16715378222068b76d621e667e655942fc5f18a7ed072b32fb,25/06/2023 23:21:36,ESCANER
5429,"Sacatepéquez",2,"Antigua Guatemala",1,543,356,15,12,6,38,51,3,4,74,32,0,1,3,8,4,251,6,0,257,0,257,--,356,99,251,257,257,Algún campo sin dato,1,7838fce247fde485f4ec643405d78d400ce83306acde0e6eea013b26df352477,25/06/2023 23:12:45,ESCANER
5430,"Sacatepéquez",2,"Antigua Guatemala",1,543,356,8,9,6,34,36,2,0,82,14,2,1,0,6,1,201,7,0,208,0,208,--,356,148,201,208,208,Algún campo sin dato,1,7d365862b6f6ecd87cb2e341de861fb9cc3cfe06e0542b84e46b67708140d15f,25/06/2023 23:54:05,ESCANER
5431,"Sacatepéquez",2,"Antigua Guatemala",1,544,600,17,16,6,61,54,5,3,59,20,2,8,0,9,3,263,10,2,275,0,275,--,616,341,263,275,275,Algún campo sin dato,1,07f1676182fd2d766f617f439621ea212c2a74d2a98c9f3f7d7233783ab40194,25/06/2023 23:56:14,ESCANER
5432,"Sacatepéquez",2,"Antigua Guatemala",1,544,600,26,13,12,52,44,4,8,68,20,5,9,0,11,0,272,14,2,288,0,288,--,598,310,272,288,288,Algún campo sin dato,1,a641ad7fc350e5183f372c49272d491e764d6e93f4b20e4af8d3a969ecd2526b,25/06/2023 23:13:27,ESCANER
5433,"Sacatepéquez",2,"Antigua Guatemala",1,544,600,,,,,,,,,,,,,,,,,,,,,,,,,,,,0,,,
5434,"Sacatepéquez",2,"Antigua Guatemala",1,545,600,,,,,,,,,,,,,,,,,,,,,,,,,,,,0,,,
5435,"Sacatepéquez",2,"Antigua Guatemala",1,545,585,,,,,,,,,,,,,,,,,,,,,,,,,,,,0,,,
5436,"Sacatepéquez",2,"Antigua Guatemala",1,545,585,13,7,5,17,26,0,2,16,8,0,3,0,7,0,104,9,1,114,0,114,--,592,478,104,114,114,Algún campo sin dato,1,779d1482e556fe0d0a34f96c7522d9ae9a4e842e1e0113c30fdd9191484d0f08,25/06/2023 23:31:30,ESCANER