﻿TIPO_DE_ELECCIÓN:,CORPORACIÓN MUNICIPAL
26 junio 2023 00:28 (UTC -6)
ACTAS_ESPERADAS,ACTAS_CAPTURADAS,PORCENTAJE_ACTAS_CAPTURADAS,ACTAS_CONTABILIZADAS,PORCENTAJE_ACTAS_CONTABILIZADAS,ACTAS_NO_CONTABILIZADAS,LISTA_NOMINAL_ACTAS_CONTABILIZADAS,VOTOS_EMITIDOS_CONTABILIZADAS,PORCENTAJE_PARTICIPACIÓN_CIUDADANA
20,4,20.0000,4,20.0000,0,1412,1009,71.4589

MESA,DEPARTAMENTO,ID_DEPARTAMENTO,MUNICIPIO,ID_MUNICIPIO,CENTRO_DE_VOTACIÓN,PADRÓN,CABAL,VAMOS,BIEN,UNE,PR,VÁLIDOS,NULOS,BLANCO,EMITIDOS,INVÁLIDOS,TOTAL,IMPUGNACIONES,PAPELETAS-RECIBIDAS,PAPELETAS-NO-USADAS,VALIDOS_CALCULADO,EMITIDOS_CALCULADO,TOTAL_CALCULADO,OBSERVACIONES,CONTABILIZADA,CÓDIGO_INTEGRIDAD,FECHA_HORA_PUBLICACIÓN,DIGITALIZACIÓN
16583,"Huehuetenango",13,"San Rafael Petzal",28,2470,400,,,,,,,,,,,,,,,,,,,0,,,
16584,"Huehuetenango",13,"San Rafael Petzal",28,2470,400,191,121,4,4,0,320,4,4,328,0,328,--,400,72,320,328,328,Algún campo sin dato,1,d79c68791b257540e393aebd6516cef9c2c017502d6c48f1a11d125d5cb1521e,26/06/2023 00:20:11,ESCANER
16585,"Huehuetenango",13,"San Rafael Petzal",28,2470,400,,,,,,,,,,,,,,,,,,,0,,,
16586,"Huehuetenango",13,"San Rafael Petzal",28,2471,400,,,,,,,,,,,,,,,,,,,0,,,
16587,"Huehuetenango",13,"San Rafael Petzal",28,2471,400,,,,,,,,,,,,,,,,,,,0,,,
16588,"Huehuetenango",13,"San Rafael Petzal",28,2471,400,,,,,,,,,,,,,,,,,,,0,,,
16589,"Huehuetenango",13,"San Rafael Petzal",28,2471,400,,,,,,,,,,,,,,,,,,,0,,,
16590,"Huehuetenango",13,"San Rafael Petzal",28,2472,400,,,,,,,,,,,,,,,,,,,0,,,
16591,"Huehuetenango",13,"San Rafael Petzal",28,2472,400,,,,,,,,,,,,,,,,,,,0,,,
16592,"Huehuetenango",13,"San Rafael Petzal",28,2472,400,,,,,,,,,,,,,,,,,,,0,,,
16593,"Huehuetenango",13,"San Rafael Petzal",28,2473,400,165,107,1,3,0,276,7,4,287,0,287,--,400,113,276,287,287,Algún campo sin dato,1,f4c7848a8b5f5607aafde7145ccbc0e40a6bde744faf4d1bf5fd23afb51e426f,26/06/2023 00:11:46,ESCANER
16594,"Huehuetenango",13,"San Rafael Petzal",28,2474,400,,,,,,,,,,,,,,,,,,,0,,,
16595,"Huehuetenango",13,"San Rafael Petzal",28,2474,400,,,,,,,,,,,,,,,,,,,0,,,
16596,"Huehuetenango",13,"San Rafael Petzal",28,2474,400,,,,,,,,,,,,,,,,,,,0,,,
16597,"Huehuetenango",13,"San Rafael Petzal",28,2475,400,,,,,,,,,,,,,,,,,,,0,,,
16598,"Huehuetenango",13,"San Rafael Petzal",28,2475,400,,,,,,,,,,,,,,,,,,,0,,,
16599,"Huehuetenango",13,"San Rafael Petzal",28,2476,400,,,,,,,,,,,,,,,,,,,0,,,
16600,"Huehuetenango",13,"San Rafael Petzal",28,2476,400,,,,,,,,,,,,,,,,,,,0,,,
16601,"Huehuetenango",13,"San Rafael Petzal",28,2477,306,138,88,1,3,1,231,2,0,233,0,233,--,306,73,231,233,233,Algún campo sin dato,1,4b69bcf8c2aff922e8527d83a93a9b6d973c1e15f6e61cc3c827a361eedf7330,25/06/2023 23:56:32,ESCANER
16602,"Huehuetenango",13,"San Rafael Petzal",28,2477,306,84,68,4,1,1,158,1,2,161,0,--,--,306,145,158,161,161,Algún campo sin dato,1,70f7a6b25fc07aae477e433c0e01a82bf17d7a061ddfcc833b57055d0d47cf73,25/06/2023 23:32:08,ESCANER