﻿TIPO_DE_ELECCIÓN:,CORPORACIÓN MUNICIPAL
26 junio 2023 00:28 (UTC -6)
ACTAS_ESPERADAS,ACTAS_CAPTURADAS,PORCENTAJE_ACTAS_CAPTURADAS,ACTAS_CONTABILIZADAS,PORCENTAJE_ACTAS_CONTABILIZADAS,ACTAS_NO_CONTABILIZADAS,LISTA_NOMINAL_ACTAS_CONTABILIZADAS,VOTOS_EMITIDOS_CONTABILIZADAS,PORCENTAJE_PARTICIPACIÓN_CIUDADANA
138,60,43.4782,60,43.4782,0,21799,15010,68.8563

MESA,DEPARTAMENTO,ID_DEPARTAMENTO,MUNICIPIO,ID_MUNICIPIO,CENTRO_DE_VOTACIÓN,PADRÓN,VAMOS,SUD,U R N G - MAIZ,TICC,VÁLIDOS,NULOS,BLANCO,EMITIDOS,INVÁLIDOS,TOTAL,IMPUGNACIONES,PAPELETAS-RECIBIDAS,PAPELETAS-NO-USADAS,VALIDOS_CALCULADO,EMITIDOS_CALCULADO,TOTAL_CALCULADO,OBSERVACIONES,CONTABILIZADA,CÓDIGO_INTEGRIDAD,FECHA_HORA_PUBLICACIÓN,DIGITALIZACIÓN
9043,"Sololá",7,"Sololá",1,1103,400,44,137,100,11,292,9,1,302,0,302,--,400,98,292,302,302,Algún campo sin dato,1,cad2c723ef6fde0f64e46dd9b7f74203e4e3e46032e32ed97fcc8a15c1dc0bc7,25/06/2023 22:24:59,MOVIL
9044,"Sololá",7,"Sololá",1,1103,400,,,,,,,,,,,,,,,,,,0,,,
9045,"Sololá",7,"Sololá",1,1103,400,,,,,,,,,,,,,,,,,,0,,,
9046,"Sololá",7,"Sololá",1,1103,400,,,,,,,,,,,,,,,,,,0,,,
9047,"Sololá",7,"Sololá",1,1103,400,,,,,,,,,,,,,,,,,,0,,,
9048,"Sololá",7,"Sololá",1,1103,400,,,,,,,,,,,,,,,,,,0,,,
9049,"Sololá",7,"Sololá",1,1103,400,38,138,90,16,282,7,1,290,0,290,--,400,110,282,290,290,Algún campo sin dato,1,e4fa556630686cd4d4c20ca419e0c3ab6f621748d084b9cc61a498f4341ecb56,26/06/2023 00:25:10,ESCANER
9050,"Sololá",7,"Sololá",1,1103,400,,,,,,,,,,,,,,,,,,0,,,
9051,"Sololá",7,"Sololá",1,1103,400,32,149,75,15,271,5,4,280,1,281,--,400,119,271,280,281,Algún campo sin dato,1,309a03d3bf67d80729f40328f04358035485e599cb3fa79dae1c908dad5c1aef,26/06/2023 00:06:17,ESCANER
9052,"Sololá",7,"Sololá",1,1103,400,,,,,,,,,,,,,,,,,,0,,,
9053,"Sololá",7,"Sololá",1,1103,400,31,137,99,13,280,13,2,295,0,295,--,400,105,280,295,295,Algún campo sin dato,1,83764d6ed5e1e6836d60b72c8f175b20b322d55454bbd9917502a5aaae78ab11,25/06/2023 23:26:47,ESCANER
9054,"Sololá",7,"Sololá",1,1103,400,,,,,,,,,,,,,,,,,,0,,,
9055,"Sololá",7,"Sololá",1,1103,400,,,,,,,,,,,,,,,,,,0,,,
9056,"Sololá",7,"Sololá",1,1103,400,,,,,,,,,,,,,,,,,,0,,,
9057,"Sololá",7,"Sololá",1,1103,400,,,,,,,,,,,,,,,,,,0,,,
9058,"Sololá",7,"Sololá",1,1103,249,16,83,51,9,159,2,1,162,0,162,--,248,86,159,162,162,Algún campo sin dato,1,5528b752cea04b535fcd38d5c8bbd53ef8ed65deb8f5b36a20e78a98e3a03257,26/06/2023 00:25:02,ESCANER
9059,"Sololá",7,"Sololá",1,1103,248,,,,,,,,,,,,,,,,,,0,,,
9060,"Sololá",7,"Sololá",1,1104,400,,,,,,,,,,,,,,,,,,0,,,
9061,"Sololá",7,"Sololá",1,1104,400,,,,,,,,,,,,,,,,,,0,,,
9062,"Sololá",7,"Sololá",1,1104,400,,,,,,,,,,,,,,,,,,0,,,
9063,"Sololá",7,"Sololá",1,1104,400,,,,,,,,,,,,,,,,,,0,,,
9064,"Sololá",7,"Sololá",1,1104,400,,,,,,,,,,,,,,,,,,0,,,
9065,"Sololá",7,"Sololá",1,1104,400,,,,,,,,,,,,,,,,,,0,,,
9066,"Sololá",7,"Sololá",1,1104,400,28,110,169,16,323,3,3,329,0,329,--,400,71,323,329,329,Algún campo sin dato,1,feff31173ade4cca86185c220cddf5733d7f3d4a03a79b3a95077920908ba677,25/06/2023 23:56:53,ESCANER
9067,"Sololá",7,"Sololá",1,1105,400,41,110,150,8,309,9,2,320,0,320,--,--,--,309,320,320,Algún campo sin dato,1,c3af0b57a9fec4fbfcdc69f529f6b87878be5896f0c6666d25fb99a64bd13526,25/06/2023 23:55:02,ESCANER
9068,"Sololá",7,"Sololá",1,1105,400,,,,,,,,,,,,,,,,,,0,,,
9069,"Sololá",7,"Sololá",1,1105,400,28,127,150,6,311,7,3,321,0,321,--,400,79,311,321,321,Algún campo sin dato,1,7cd5e0465b2aeb23f83256ffce0d2e6d90c37dfc3f0e1c4509fafe65c534ed0a,25/06/2023 23:21:00,ESCANER
9070,"Sololá",7,"Sololá",1,1105,400,47,133,124,16,320,9,4,333,0,333,--,100,67,320,333,333,Algún campo sin dato,1,fb033c295c3ddd811cdb6c2e7086d7df40606b07fbd7e2d2a6b5f61924ac7fad,26/06/2023 00:15:24,ESCANER
9071,"Sololá",7,"Sololá",1,1105,400,,,,,,,,,,,,,,,,,,0,,,
9072,"Sololá",7,"Sololá",1,1105,400,,,,,,,,,,,,,,,,,,0,,,
9073,"Sololá",7,"Sololá",1,1106,400,,,,,,,,,,,,,,,,,,0,,,
9074,"Sololá",7,"Sololá",1,1106,400,,,,,,,,,,,,,,,,,,0,,,
9075,"Sololá",7,"Sololá",1,1106,400,,,,,,,,,,,,,,,,,,0,,,
9076,"Sololá",7,"Sololá",1,1106,400,28,131,102,13,274,4,4,282,0,282,0,400,118,274,282,282,,1,a5923f1b6b9e28947d89654f628c02f9ee4c03aac8375966dfc7d193f32a8875,26/06/2023 00:10:17,ESCANER
9077,"Sololá",7,"Sololá",1,1106,400,31,104,131,6,272,4,0,276,0,276,--,400,124,272,276,276,Algún campo sin dato,1,5eb745a1a04ed2cc5f908c335341d9e0cd6a86c273b41a45b9ea9b1974b23de3,25/06/2023 22:37:22,ESCANER
9078,"Sololá",7,"Sololá",1,1107,400,,,,,,,,,,,,,,,,,,0,,,
9079,"Sololá",7,"Sololá",1,1107,400,,,,,,,,,,,,,,,,,,0,,,
9080,"Sololá",7,"Sololá",1,1108,400,,,,,,,,,,,,,,,,,,0,,,
9081,"Sololá",7,"Sololá",1,1109,400,22,101,139,7,269,6,0,275,0,275,--,400,125,269,275,275,Algún campo sin dato,1,5dac5abc36e08200380c45b1b60c8291e35d0eb65f38c4d584c1e7e99d692fe2,26/06/2023 00:27:29,ESCANER
9082,"Sololá",7,"Sololá",1,1109,245,20,47,92,5,164,1,0,165,0,165,--,245,80,164,165,165,Algún campo sin dato,1,80d13dbe6fb91ee4ae0d8681a4f5e81a61a59b39eaa32fed8ee5524a260d16bf,26/06/2023 00:10:41,ESCANER
9083,"Sololá",7,"Sololá",1,1109,244,17,73,82,4,176,4,0,180,0,180,--,244,64,176,180,180,Algún campo sin dato,1,d0f3e16a21dfbd4541ea381b7e46ade5d618ac06e67d2a2f756e46cf968ed507,25/06/2023 23:48:55,ESCANER
9084,"Sololá",7,"Sololá",1,1110,400,145,82,77,9,313,3,3,319,0,319,--,400,81,313,319,319,Algún campo sin dato,1,9304b7115595254d00c5d7fb64b8d37ce3d8353bdd93857426bd13931e4ef940,26/06/2023 00:02:18,ESCANER
9085,"Sololá",7,"Sololá",1,1110,400,140,96,72,11,319,6,9,334,0,334,--,400,66,319,334,334,Algún campo sin dato,1,2d4f6e9b19962bc6b84792752c39a29c302b83f0ba89d068fa0a115b8d17c8f7,25/06/2023 23:25:07,ESCANER
9086,"Sololá",7,"Sololá",1,1110,400,,,,,,,,,,,,,,,,,,0,,,
9087,"Sololá",7,"Sololá",1,1110,400,131,73,111,5,320,2,2,324,0,324,--,400,76,320,324,324,Algún campo sin dato,1,9027f11560d64287a27f0399f14b32c5b9fe38d7e810e8940d9dc063953d2a6a,25/06/2023 23:45:45,ESCANER
9088,"Sololá",7,"Sololá",1,1110,400,,,,,,,,,,,,,,,,,,0,,,
9089,"Sololá",7,"Sololá",1,1110,400,,,,,,,,,,,,,,,,,,0,,,
9090,"Sololá",7,"Sololá",1,1110,400,,,,,,,,,,,,,,,,,,0,,,
9091,"Sololá",7,"Sololá",1,1110,400,,,,,,,,,,,,,,,,,,0,,,
9092,"Sololá",7,"Sololá",1,1110,400,,,,,,,,,,,,,,,,,,0,,,
9093,"Sololá",7,"Sololá",1,1110,400,125,90,95,7,317,10,4,331,0,331,--,400,69,317,331,331,Algún campo sin dato,1,ae1a344afaa65109359b43a2ed5b78f06f445f2b4f1c730aa02c5853617e60da,26/06/2023 00:17:31,ESCANER
9094,"Sololá",7,"Sololá",1,1110,400,,,,,,,,,,,,,,,,,,0,,,
9095,"Sololá",7,"Sololá",1,1110,400,,,,,,,,,,,,,,,,,,0,,,
9096,"Sololá",7,"Sololá",1,1110,400,,,,,,,,,,,,,,,,,,0,,,
9097,"Sololá",7,"Sololá",1,1110,400,,,,,,,,,,,,,,,,,,0,,,
9098,"Sololá",7,"Sololá",1,1110,400,100,102,76,9,287,3,0,290,0,290,--,400,110,287,290,290,Algún campo sin dato,1,75832e188f7229eb021eb50ed6b1bcfa921280e68f251e00d6ffe483a6815756,25/06/2023 23:37:44,ESCANER
9099,"Sololá",7,"Sololá",1,1110,400,121,106,66,5,298,0,0,298,0,298,--,400,102,298,298,298,Algún campo sin dato,1,9f37809bb16b03b6bcbbcf455f883e450b1c6e39fcc008e8091464c047d96c8a,25/06/2023 23:29:51,ESCANER
9100,"Sololá",7,"Sololá",1,1110,400,,,,,,,,,,,,,,,,,,0,,,
9101,"Sololá",7,"Sololá",1,1110,400,,,,,,,,,,,,,,,,,,0,,,
9102,"Sololá",7,"Sololá",1,1110,275,58,68,55,2,183,2,0,185,0,185,--,275,90,183,185,185,Algún campo sin dato,1,fa11997eb8e6aaf3e22fb66cff6aeffd52ee8af20b5dd766ad13e68b9a32fac2,25/06/2023 23:42:06,ESCANER
9103,"Sololá",7,"Sololá",1,1110,274,84,54,56,2,196,3,1,200,0,200,--,274,74,196,200,200,Algún campo sin dato,1,b3d054296df7c53c791a3b7093df0dd3c55f1636a1b7b49a682ff1949ed0fca7,25/06/2023 22:13:17,ESCANER
9104,"Sololá",7,"Sololá",1,1111,400,,,,,,,,,,,,,,,,,,0,,,
9105,"Sololá",7,"Sololá",1,1111,400,,,,,,,,,,,,,,,,,,0,,,
9106,"Sololá",7,"Sololá",1,1112,400,,,,,,,,,,,,,,,,,,0,,,
9107,"Sololá",7,"Sololá",1,1112,219,14,62,47,29,152,2,0,154,0,154,--,219,65,152,154,154,Algún campo sin dato,1,6623329e4bee57ed6be701c32697031602127ace3349c2c3d1c7710840fbb965,25/06/2023 23:13:57,ESCANER
9108,"Sololá",7,"Sololá",1,1112,218,32,46,49,23,150,2,0,0,0,152,--,--,--,150,152,152,Algún campo sin dato,1,00a5d5687195651685cbf19686649c0956806c3d8537980b1c4834878f7dcd51,25/06/2023 23:04:32,ESCANER
9109,"Sololá",7,"Sololá",1,1113,380,,,,,,,,,,,,,,,,,,0,,,
9110,"Sololá",7,"Sololá",1,1113,380,,,,,,,,,,,,,,,,,,0,,,
9111,"Sololá",7,"Sololá",1,1113,380,,,,,,,,,,,,,,,,,,0,,,
9112,"Sololá",7,"Sololá",1,1113,380,48,99,149,7,303,3,1,307,0,307,--,380,73,303,307,307,Algún campo sin dato,1,0b9f872af878c2a6d65ff2401f245971006305d9820359e88c57130c51b58216,25/06/2023 23:06:53,ESCANER
9113,"Sololá",7,"Sololá",1,1113,380,,,,,,,,,,,,,,,,,,0,,,
9114,"Sololá",7,"Sololá",1,1113,380,,,,,,,,,,,,,,,,,,0,,,
9115,"Sololá",7,"Sololá",1,1113,380,,,,,,,,,,,,,,,,,,0,,,
9116,"Sololá",7,"Sololá",1,1113,380,,,,,,,,,,,,,,,,,,0,,,
9117,"Sololá",7,"Sololá",1,1113,380,36,131,98,6,271,7,1,279,0,--,--,380,101,271,279,279,Algún campo sin dato,1,5485a81a1b95e97e67244fe7d177dae4359e25b09d9fdfe1d1947eae1d96568a,26/06/2023 00:26:40,ESCANER
9118,"Sololá",7,"Sololá",1,1113,380,26,104,84,4,218,7,0,225,0,225,--,380,155,218,225,225,Algún campo sin dato,1,d61bfd61b896dd55e46b219d268c62043085b606a7633ed5942edb3fa0e8a341,25/06/2023 23:12:51,ESCANER
9119,"Sololá",7,"Sololá",1,1113,380,,,,,,,,,,,,,,,,,,0,,,
9120,"Sololá",7,"Sololá",1,1113,380,30,119,76,5,230,2,0,232,0,232,--,380,148,230,232,232,Algún campo sin dato,1,3e0ba20213df68500973094a117fbfb0148b797ea7602ca67c42ade4a0acec70,25/06/2023 23:55:19,ESCANER
9121,"Sololá",7,"Sololá",1,1113,380,,,,,,,,,,,,,,,,,,0,,,
9122,"Sololá",7,"Sololá",1,1113,351,18,122,55,6,201,1,2,204,0,204,--,351,147,201,204,204,Algún campo sin dato,1,07f47f6ef7257b0fcea09cbc960e96d2b4ae893478784d93d4505eded7c253e7,26/06/2023 00:15:38,ESCANER
9123,"Sololá",7,"Sololá",1,1113,351,39,114,62,1,216,1,0,217,0,217,--,348,131,216,217,217,Algún campo sin dato,1,cfbd495310f2c735f2ced35219d6349c5a4232404bc623783bf560a5fc49c147,25/06/2023 23:20:51,ESCANER
9124,"Sololá",7,"Sololá",1,1114,380,,,,,,,,,,,,,,,,,,0,,,
9125,"Sololá",7,"Sololá",1,1114,380,,,,,,,,,,,,,,,,,,0,,,
9126,"Sololá",7,"Sololá",1,1114,380,,,,,,,,,,,,,,,,,,0,,,
9127,"Sololá",7,"Sololá",1,1114,380,,,,,,,,,,,,,,,,,,0,,,
9128,"Sololá",7,"Sololá",1,1114,380,50,109,112,4,275,9,5,289,0,289,--,380,91,275,289,289,Algún campo sin dato,1,95e3a309a816911d654eade16133a173923d99009891b9662d97dc65c2ac5827,25/06/2023 23:22:03,ESCANER
9129,"Sololá",7,"Sololá",1,1114,380,65,122,78,3,268,16,4,288,0,288,--,389,90,268,288,288,Algún campo sin dato,1,eb6bde2ca8d46e3ebdcce8a8c99850bdf76a9dcd79771dad3d56479ecb9db3fe,25/06/2023 23:13:09,ESCANER
9130,"Sololá",7,"Sololá",1,1114,380,53,111,77,11,252,10,6,268,0,268,--,380,112,252,268,268,Algún campo sin dato,1,9dcb22887ebd439afac3915efe4791f07c7851f68f640a83ef5f3776e26de2f8,25/06/2023 23:37:05,ESCANER
9131,"Sololá",7,"Sololá",1,1114,380,59,70,141,3,273,10,6,289,0,289,--,380,91,273,289,289,Algún campo sin dato,1,5096ccf9676c2f50a05c0f32801216d1bcebbd69e7f3f997b5c699424c4d7926,26/06/2023 00:13:27,ESCANER
9132,"Sololá",7,"Sololá",1,1114,380,,,,,,,,,,,,,,,,,,0,,,
9133,"Sololá",7,"Sololá",1,1114,380,54,114,90,5,263,6,4,273,0,273,--,380,107,263,273,273,Algún campo sin dato,1,af76abca6b0d361e05043467ac133696754bb226edbbd76ef9e181d17bb7f38a,25/06/2023 23:47:17,ESCANER
9134,"Sololá",7,"Sololá",1,1114,380,,,,,,,,,,,,,,,,,,0,,,
9135,"Sololá",7,"Sololá",1,1114,380,,,,,,,,,,,,,,,,,,0,,,
9136,"Sololá",7,"Sololá",1,1115,380,58,106,110,8,282,11,5,298,0,298,--,380,82,282,298,298,Algún campo sin dato,1,615684ffd1118663d4d1498df107f19087bad9583ccdb993d1b423499ee91fac,25/06/2023 21:59:49,ESCANER
9137,"Sololá",7,"Sololá",1,1115,380,,,,,,,,,,,,,,,,,,0,,,
9138,"Sololá",7,"Sololá",1,1115,380,,,,,,,,,,,,,,,,,,0,,,
9139,"Sololá",7,"Sololá",1,1115,380,,,,,,,,,,,,,,,,,,0,,,
9140,"Sololá",7,"Sololá",1,1115,380,39,91,96,4,230,4,2,236,0,236,--,380,144,230,236,236,Algún campo sin dato,1,93429a7373aba166cd095a8b27f6a7afc9f81ed9961ef9d16bbd12f5d0ce6f52,25/06/2023 23:57:07,ESCANER
9141,"Sololá",7,"Sololá",1,1115,380,,,,,,,,,,,,,,,,,,0,,,
9142,"Sololá",7,"Sololá",1,1116,380,,,,,,,,,,,,,,,,,,0,,,
9143,"Sololá",7,"Sololá",1,1116,380,,,,,,,,,,,,,,,,,,0,,,
9144,"Sololá",7,"Sololá",1,1116,380,31,82,112,3,228,0,1,229,0,229,--,380,151,228,229,229,Algún campo sin dato,1,7849540db2c57f2235f623841cd123b7e77a4582f5b395e2831ed741a27ae60f,25/06/2023 23:08:09,ESCANER
9145,"Sololá",7,"Sololá",1,1116,380,,,,,,,,,,,,,,,,,,0,,,
9146,"Sololá",7,"Sololá",1,1116,222,,,,,,,,,,,,,,,,,,0,,,
9147,"Sololá",7,"Sololá",1,1116,221,34,55,63,3,155,4,2,161,0,161,--,221,60,155,161,161,Algún campo sin dato,1,6ac5f21ff9a7900972f19b25be9ea8bc74deda2e120d00a3157a22388897e55d,25/06/2023 23:30:53,ESCANER
9148,"Sololá",7,"Sololá",1,1117,380,67,109,93,7,276,14,7,297,0,297,--,380,83,276,297,297,Algún campo sin dato,1,0312b4ceecb7a3b7cc723f3cd2edfd59445c49e55bdf0c66de2c8a2af91919dd,25/06/2023 23:18:27,ESCANER
9149,"Sololá",7,"Sololá",1,1117,380,61,103,124,4,292,11,5,308,0,308,--,381,73,292,308,308,Algún campo sin dato,1,9cb75b6818fcb11fd11ea8f973fd795bb95fe9e61121cdeeccdd4c91f958888d,26/06/2023 00:05:18,ESCANER
9150,"Sololá",7,"Sololá",1,1117,380,,,,,,,,,,,,,,,,,,0,,,
9151,"Sololá",7,"Sololá",1,1117,380,81,56,149,2,288,7,2,297,0,297,--,380,83,288,297,297,Algún campo sin dato,1,887d1d9e1605866480cbe8ce76ea19a6debd5a32f55df1c86c0227b917e8032a,25/06/2023 23:52:14,ESCANER
9152,"Sololá",7,"Sololá",1,1117,380,,,,,,,,,,,,,,,,,,0,,,
9153,"Sololá",7,"Sololá",1,1117,380,91,123,52,6,272,9,2,283,0,283,--,380,97,272,283,283,Algún campo sin dato,1,b0dc682de04a6ae96c97114187ab8e7200f19ac715770600b0f1723f2c6cee61,25/06/2023 23:30:32,ESCANER
9154,"Sololá",7,"Sololá",1,1117,380,61,105,97,4,267,11,2,280,0,280,--,380,100,267,280,280,Algún campo sin dato,1,28bde684ce1c5880d1be53dc00f10c06e11b40dfb5e5c8d2b6475b03939fbbd5,25/06/2023 23:33:56,ESCANER
9155,"Sololá",7,"Sololá",1,1117,380,58,138,87,5,288,4,4,296,0,296,--,380,84,288,296,296,Algún campo sin dato,1,21fefdeb4d05433a8727d7140f6afd8276b200be346c8e372287da4c8b2dae90,25/06/2023 23:26:55,ESCANER
9156,"Sololá",7,"Sololá",1,1117,380,,,,,,,,,,,,,,,,,,0,,,
9157,"Sololá",7,"Sololá",1,1117,380,,,,,,,,,,,,,,,,,,0,,,
9158,"Sololá",7,"Sololá",1,1117,380,,,,,,,,,,,,,,,,,,0,,,
9159,"Sololá",7,"Sololá",1,1117,380,,,,,,,,,,,,,,,,,,0,,,
9160,"Sololá",7,"Sololá",1,1117,380,59,96,72,7,234,1,1,236,0,236,--,380,144,234,236,236,Algún campo sin dato,1,7f1b23d0918da9f1de677a97bc1c036a827cd806cc3dbfa659abb4b5fc967468,26/06/2023 00:03:26,ESCANER
9161,"Sololá",7,"Sololá",1,1117,380,,,,,,,,,,,,,,,,,,0,,,
9162,"Sololá",7,"Sololá",1,1117,228,41,77,38,4,160,2,0,162,0,162,--,228,66,160,162,162,Algún campo sin dato,1,9dc5bf43e7a4e9bc407f5916228afe90ab54b8c8ea68a6d397ad365bc629a3af,25/06/2023 22:16:28,ESCANER
9163,"Sololá",7,"Sololá",1,1117,227,41,67,45,4,157,1,0,158,0,158,--,224,66,157,158,158,Algún campo sin dato,1,20c6d4cd9ebfcf3dcf7a204eb8b536f89ad6b9fe902550793ecba90f6c11d3f6,25/06/2023 23:44:16,ESCANER
9164,"Sololá",7,"Sololá",1,1118,380,101,84,64,5,254,5,7,266,0,266,--,380,114,254,266,266,Algún campo sin dato,1,33b88ed18f07121e095064ea70b84246ccee944775669c2f04d968b7b26bb7c3,26/06/2023 00:06:33,ESCANER
9165,"Sololá",7,"Sololá",1,1118,380,60,126,74,3,263,14,5,282,0,282,--,380,98,263,282,282,Algún campo sin dato,1,7a6552ed79eab8334748e1f6c3f7de82366e40951b1455817ae171f74a8d3dc4,25/06/2023 23:42:01,ESCANER
9166,"Sololá",7,"Sololá",1,1118,380,,,,,,,,,,,,,,,,,,0,,,
9167,"Sololá",7,"Sololá",1,1118,380,,,,,,,,,,,,,,,,,,0,,,
9168,"Sololá",7,"Sololá",1,1118,380,31,74,122,10,237,11,3,251,0,251,--,380,129,237,251,251,Algún campo sin dato,1,38be1405d715e70e62b90f6a7407119aeb96ebdb4614caab66b323af79690b29,26/06/2023 00:26:48,ESCANER
9169,"Sololá",7,"Sololá",1,1118,380,30,90,105,15,240,12,4,256,0,256,--,380,124,240,256,256,Algún campo sin dato,1,6f528b77387ac3274e44629098480c003b159870303e169dea7680a37c9b596f,25/06/2023 22:48:07,ESCANER
9170,"Sololá",7,"Sololá",1,1118,380,66,101,89,5,261,8,3,272,0,272,--,380,108,261,272,272,Algún campo sin dato,1,c85fd4736837cbeb9e50208ca8972856c5bf19560677e2c02af205c0950af9ea,25/06/2023 23:34:04,ESCANER
9171,"Sololá",7,"Sololá",1,1118,380,60,78,67,3,208,6,2,216,0,216,--,377,161,208,216,216,Algún campo sin dato,1,ce7de2506247f53e57ed031850073735c8968318d417c7e662b4fc3c128b57fc,26/06/2023 00:03:13,ESCANER
9172,"Sololá",7,"Sololá",1,1118,380,47,85,79,6,217,7,4,217,0,228,--,380,152,217,228,228,Sumas Asentadas sin cuadrar,1,ccbbf45f4b93abdca3644f4a1fe84f508ca231a1555ebe8acfe5cc15bc011203,26/06/2023 00:00:24,ESCANER
9173,"Sololá",7,"Sololá",1,1118,380,,,,,,,,,,,,,,,,,,0,,,
9174,"Sololá",7,"Sololá",1,1118,205,15,47,48,1,111,1,1,113,0,113,--,207,94,111,113,113,Algún campo sin dato,1,6cb964ed848bb763c0b3dbcdd094cb84d41c04e870344795af9d9b619b3ab3f3,25/06/2023 22:42:58,ESCANER
9175,"Sololá",7,"Sololá",1,1118,204,25,48,41,2,116,1,1,118,0,118,--,204,86,116,118,118,Algún campo sin dato,1,92e58ab07e694cd0e175f3c68f58d01ee58f0f1addf77bb5c617a8b109dc9766,25/06/2023 21:53:35,ESCANER
9176,"Sololá",7,"Sololá",1,1119,600,49,71,65,8,193,6,4,203,0,203,--,600,397,193,203,203,Algún campo sin dato,1,f125d61db02fc9da4e2732417ed1d7502c30fe8309dea2ba36183a8b14e5bf67,25/06/2023 21:20:48,ESCANER
9177,"Sololá",7,"Sololá",1,1119,600,,,,,,,,,,,,,,,,,,0,,,
9178,"Sololá",7,"Sololá",1,1119,600,,,,,,,,,,,,,,,,,,0,,,
9179,"Sololá",7,"Sololá",1,1119,504,24,79,58,6,167,10,2,179,0,179,--,503,324,167,179,179,Algún campo sin dato,1,79201ef18a6b0f24e55b06830a3b576f51886968f12c2d3ef0103d79ace1c379,25/06/2023 23:11:04,ESCANER
9180,"Sololá",7,"Sololá",1,1119,504,21,43,44,5,113,2,2,117,0,117,--,504,387,113,117,117,Algún campo sin dato,1,d2a6ee68131a3d6ab4231a64f393aa6b9708c4966b95541b3db0bfad0feac6e2,25/06/2023 22:27:00,ESCANER