﻿TIPO_DE_ELECCIÓN:,CORPORACIÓN MUNICIPAL
26 junio 2023 00:28 (UTC -6)
ACTAS_ESPERADAS,ACTAS_CAPTURADAS,PORCENTAJE_ACTAS_CAPTURADAS,ACTAS_CONTABILIZADAS,PORCENTAJE_ACTAS_CONTABILIZADAS,ACTAS_NO_CONTABILIZADAS,LISTA_NOMINAL_ACTAS_CONTABILIZADAS,VOTOS_EMITIDOS_CONTABILIZADAS,PORCENTAJE_PARTICIPACIÓN_CIUDADANA
14,0,0.0000,0,0.0000,0,0,0,--.----

MESA,DEPARTAMENTO,ID_DEPARTAMENTO,MUNICIPIO,ID_MUNICIPIO,CENTRO_DE_VOTACIÓN,PADRÓN,VAMOS,AZUL,UNE,CABAL,VÁLIDOS,NULOS,BLANCO,EMITIDOS,INVÁLIDOS,TOTAL,IMPUGNACIONES,PAPELETAS-RECIBIDAS,PAPELETAS-NO-USADAS,VALIDOS_CALCULADO,EMITIDOS_CALCULADO,TOTAL_CALCULADO,OBSERVACIONES,CONTABILIZADA,CÓDIGO_INTEGRIDAD,FECHA_HORA_PUBLICACIÓN,DIGITALIZACIÓN
9615,"Sololá",7,"San Pablo La Laguna",15,1201,400,,,,,,,,,,,,,,,,,,0,,,
9616,"Sololá",7,"San Pablo La Laguna",15,1201,400,,,,,,,,,,,,,,,,,,0,,,
9617,"Sololá",7,"San Pablo La Laguna",15,1201,400,,,,,,,,,,,,,,,,,,0,,,
9618,"Sololá",7,"San Pablo La Laguna",15,1202,400,,,,,,,,,,,,,,,,,,0,,,
9619,"Sololá",7,"San Pablo La Laguna",15,1202,400,,,,,,,,,,,,,,,,,,0,,,
9620,"Sololá",7,"San Pablo La Laguna",15,1202,400,,,,,,,,,,,,,,,,,,0,,,
9621,"Sololá",7,"San Pablo La Laguna",15,1203,400,,,,,,,,,,,,,,,,,,0,,,
9622,"Sololá",7,"San Pablo La Laguna",15,1203,400,,,,,,,,,,,,,,,,,,0,,,
9623,"Sololá",7,"San Pablo La Laguna",15,1203,400,,,,,,,,,,,,,,,,,,0,,,
9624,"Sololá",7,"San Pablo La Laguna",15,1203,400,,,,,,,,,,,,,,,,,,0,,,
9625,"Sololá",7,"San Pablo La Laguna",15,1203,400,,,,,,,,,,,,,,,,,,0,,,
9626,"Sololá",7,"San Pablo La Laguna",15,1203,400,,,,,,,,,,,,,,,,,,0,,,
9627,"Sololá",7,"San Pablo La Laguna",15,1203,309,,,,,,,,,,,,,,,,,,0,,,
9628,"Sololá",7,"San Pablo La Laguna",15,1203,308,,,,,,,,,,,,,,,,,,0,,,