﻿TIPO_DE_ELECCIÓN:,CORPORACIÓN MUNICIPAL
26 junio 2023 00:28 (UTC -6)
ACTAS_ESPERADAS,ACTAS_CAPTURADAS,PORCENTAJE_ACTAS_CAPTURADAS,ACTAS_CONTABILIZADAS,PORCENTAJE_ACTAS_CONTABILIZADAS,ACTAS_NO_CONTABILIZADAS,LISTA_NOMINAL_ACTAS_CONTABILIZADAS,VOTOS_EMITIDOS_CONTABILIZADAS,PORCENTAJE_PARTICIPACIÓN_CIUDADANA
28,9,32.1428,9,32.1428,0,2845,1497,52.6186

MESA,DEPARTAMENTO,ID_DEPARTAMENTO,MUNICIPIO,ID_MUNICIPIO,CENTRO_DE_VOTACIÓN,PADRÓN,VAMOS,UNE,VALOR,VICTORIA,TODOS,BIEN,PHG,CABAL,VÁLIDOS,NULOS,BLANCO,EMITIDOS,INVÁLIDOS,TOTAL,IMPUGNACIONES,PAPELETAS-RECIBIDAS,PAPELETAS-NO-USADAS,VALIDOS_CALCULADO,EMITIDOS_CALCULADO,TOTAL_CALCULADO,OBSERVACIONES,CONTABILIZADA,CÓDIGO_INTEGRIDAD,FECHA_HORA_PUBLICACIÓN,DIGITALIZACIÓN
16282,"Huehuetenango",13,"San Antonio Huista",24,2417,400,,,,,,,,,,,,,,,,,,,,,,0,,,
16283,"Huehuetenango",13,"San Antonio Huista",24,2417,400,,,,,,,,,,,,,,,,,,,,,,0,,,
16284,"Huehuetenango",13,"San Antonio Huista",24,2417,400,,,,,,,,,,,,,,,,,,,,,,0,,,
16285,"Huehuetenango",13,"San Antonio Huista",24,2417,400,,,,,,,,,,,,,,,,,,,,,,0,,,
16286,"Huehuetenango",13,"San Antonio Huista",24,2417,400,,,,,,,,,,,,,,,,,,,,,,0,,,
16287,"Huehuetenango",13,"San Antonio Huista",24,2417,400,,,,,,,,,,,,,,,,,,,,,,0,,,
16288,"Huehuetenango",13,"San Antonio Huista",24,2417,400,,,,,,,,,,,,,,,,,,,,,,0,,,
16289,"Huehuetenango",13,"San Antonio Huista",24,2417,400,,,,,,,,,,,,,,,,,,,,,,0,,,
16290,"Huehuetenango",13,"San Antonio Huista",24,2417,400,,,,,,,,,,,,,,,,,,,,,,0,,,
16291,"Huehuetenango",13,"San Antonio Huista",24,2417,400,,,,,,,,,,,,,,,,,,,,,,0,,,
16292,"Huehuetenango",13,"San Antonio Huista",24,2417,400,58,116,7,0,21,8,23,2,235,8,4,247,0,247,--,400,153,235,247,247,Algún campo sin dato,1,4aad760dc4728c3da6d2f62cd853c3dea28aba994a5503b661f44e947bf08ef9,26/06/2023 00:10:42,ESCANER
16293,"Huehuetenango",13,"San Antonio Huista",24,2417,400,,,,,,,,,,,,,,,,,,,,,,0,,,
16294,"Huehuetenango",13,"San Antonio Huista",24,2417,384,,,,,,,,,,,,,,,,,,,,,,0,,,
16295,"Huehuetenango",13,"San Antonio Huista",24,2417,384,54,89,6,2,17,5,14,4,191,7,2,200,0,200,--,382,179,191,200,200,Algún campo sin dato,1,6247cc84bc66106a809e7b15ca2f49d4803983a81310b1474336ada5f8537209,25/06/2023 23:57:29,ESCANER
16296,"Huehuetenango",13,"San Antonio Huista",24,2418,380,,,,,,,,,,,,,,,,,,,,,,0,,,
16297,"Huehuetenango",13,"San Antonio Huista",24,2418,380,,,,,,,,,,,,,,,,,,,,,,0,,,
16298,"Huehuetenango",13,"San Antonio Huista",24,2418,380,,,,,,,,,,,,,,,,,,,,,,0,,,
16299,"Huehuetenango",13,"San Antonio Huista",24,2418,281,71,23,1,0,5,3,21,1,125,7,7,139,0,139,--,281,142,125,139,139,Algún campo sin dato,1,ead1d3b883ec6af1997286a2f2d4a8b4de53e9472302792010c54141f9346aec,26/06/2023 00:20:12,ESCANER
16300,"Huehuetenango",13,"San Antonio Huista",24,2418,280,55,28,1,0,10,5,27,1,127,10,2,139,0,139,--,280,141,127,139,139,Algún campo sin dato,1,211f964cd48810d9fe5f716cee95160b2a82251029e5abf2dd2fae554b0f95f9,25/06/2023 23:40:54,ESCANER
16301,"Huehuetenango",13,"San Antonio Huista",24,2419,380,76,86,8,2,11,5,13,1,202,12,8,222,0,222,--,380,158,202,222,222,Algún campo sin dato,1,343a6ba6c18ac5e92415c4761d82193074f2fc43a62646cbf25dae4e84854ff2,25/06/2023 23:37:13,ESCANER
16302,"Huehuetenango",13,"San Antonio Huista",24,2419,380,96,74,13,1,11,2,26,4,227,7,2,236,0,236,--,380,144,227,236,236,Algún campo sin dato,1,24884aa72838831b1138d9ab69d7424c99cbbeebb2a37d07062768395b5f1c00,25/06/2023 23:05:45,ESCANER
16303,"Huehuetenango",13,"San Antonio Huista",24,2419,380,,,,,,,,,,,,,,,,,,,,,,0,,,
16304,"Huehuetenango",13,"San Antonio Huista",24,2419,380,,,,,,,,,,,,,,,,,,,,,,0,,,
16305,"Huehuetenango",13,"San Antonio Huista",24,2419,380,,,,,,,,,,,,,,,,,,,,,,0,,,
16306,"Huehuetenango",13,"San Antonio Huista",24,2419,196,50,30,4,0,7,1,6,0,98,0,2,100,0,100,--,196,96,98,100,100,Algún campo sin dato,1,ea074423ebaf6e1946fe019a200a13f9e16b0a74357810ad6449c7e246f56eb9,25/06/2023 22:34:39,ESCANER
16307,"Huehuetenango",13,"San Antonio Huista",24,2419,196,40,34,3,1,9,3,5,1,96,8,4,108,0,108,--,196,88,96,108,108,Algún campo sin dato,1,bfeeacdf595a14a5972f7b6d56887953c839f8edc96f9a702748dc9beef37f95,25/06/2023 23:48:25,ESCANER
16308,"Huehuetenango",13,"San Antonio Huista",24,2420,348,,,,,,,,,,,,,,,,,,,,,,0,,,
16309,"Huehuetenango",13,"San Antonio Huista",24,2420,348,22,53,4,1,7,5,1,0,93,8,5,106,0,106,--,348,242,93,106,106,Algún campo sin dato,1,6ac82f50595db486ef25bced452efb2c3963b78bb3ad7c206a14857822e6ea26,25/06/2023 22:47:11,ESCANER