﻿TIPO_DE_ELECCIÓN:,CORPORACIÓN MUNICIPAL
26 junio 2023 00:28 (UTC -6)
ACTAS_ESPERADAS,ACTAS_CAPTURADAS,PORCENTAJE_ACTAS_CAPTURADAS,ACTAS_CONTABILIZADAS,PORCENTAJE_ACTAS_CONTABILIZADAS,ACTAS_NO_CONTABILIZADAS,LISTA_NOMINAL_ACTAS_CONTABILIZADAS,VOTOS_EMITIDOS_CONTABILIZADAS,PORCENTAJE_PARTICIPACIÓN_CIUDADANA
44,9,20.4545,9,20.4545,0,3300,1686,51.0909

MESA,DEPARTAMENTO,ID_DEPARTAMENTO,MUNICIPIO,ID_MUNICIPIO,CENTRO_DE_VOTACIÓN,PADRÓN,VAMOS,PPN,ELEFANTE,CREO,TODOS,UNE,PHG,CABAL,AZUL,VICTORIA,UNIONISTA,BIEN,VALOR,VÁLIDOS,NULOS,BLANCO,EMITIDOS,INVÁLIDOS,TOTAL,IMPUGNACIONES,PAPELETAS-RECIBIDAS,PAPELETAS-NO-USADAS,VALIDOS_CALCULADO,EMITIDOS_CALCULADO,TOTAL_CALCULADO,OBSERVACIONES,CONTABILIZADA,CÓDIGO_INTEGRIDAD,FECHA_HORA_PUBLICACIÓN,DIGITALIZACIÓN
14515,"San Marcos",12,"Pajapita",22,2042,400,,,,,,,,,,,,,,,,,,,,,,,,,,,0,,,
14516,"San Marcos",12,"Pajapita",22,2042,400,,,,,,,,,,,,,,,,,,,,,,,,,,,0,,,
14517,"San Marcos",12,"Pajapita",22,2042,400,,,,,,,,,,,,,,,,,,,,,,,,,,,0,,,
14518,"San Marcos",12,"Pajapita",22,2042,400,,,,,,,,,,,,,,,,,,,,,,,,,,,0,,,
14519,"San Marcos",12,"Pajapita",22,2042,400,,,,,,,,,,,,,,,,,,,,,,,,,,,0,,,
14520,"San Marcos",12,"Pajapita",22,2042,400,,,,,,,,,,,,,,,,,,,,,,,,,,,0,,,
14521,"San Marcos",12,"Pajapita",22,2042,400,,,,,,,,,,,,,,,,,,,,,,,,,,,0,,,
14522,"San Marcos",12,"Pajapita",22,2042,400,,,,,,,,,,,,,,,,,,,,,,,,,,,0,,,
14523,"San Marcos",12,"Pajapita",22,2042,400,,,,,,,,,,,,,,,,,,,,,,,,,,,0,,,
14524,"San Marcos",12,"Pajapita",22,2042,400,,,,,,,,,,,,,,,,,,,,,,,,,,,0,,,
14525,"San Marcos",12,"Pajapita",22,2042,400,,,,,,,,,,,,,,,,,,,,,,,,,,,0,,,
14526,"San Marcos",12,"Pajapita",22,2042,400,,,,,,,,,,,,,,,,,,,,,,,,,,,0,,,
14527,"San Marcos",12,"Pajapita",22,2042,400,53,11,3,30,11,4,56,15,3,8,3,4,6,207,14,3,224,0,224,--,400,176,207,224,224,Algún campo sin dato,1,7c6d4af3e2b310523907cb006638b60e4e18ec30e2f601696682890b85bcdc23,26/06/2023 00:12:33,ESCANER
14528,"San Marcos",12,"Pajapita",22,2042,400,67,8,4,32,12,10,55,19,3,6,2,3,18,239,8,0,247,0,247,--,400,153,239,247,247,Algún campo sin dato,1,803691ce05c2e7683b1309241936fb29a07d2ad879faa7f25ff79a818ec91431,25/06/2023 23:39:52,ESCANER
14529,"San Marcos",12,"Pajapita",22,2042,400,,,,,,,,,,,,,,,,,,,,,,,,,,,0,,,
14530,"San Marcos",12,"Pajapita",22,2042,400,,,,,,,,,,,,,,,,,,,,,,,,,,,0,,,
14531,"San Marcos",12,"Pajapita",22,2042,400,,,,,,,,,,,,,,,,,,,,,,,,,,,0,,,
14532,"San Marcos",12,"Pajapita",22,2042,400,,,,,,,,,,,,,,,,,,,,,,,,,,,0,,,
14533,"San Marcos",12,"Pajapita",22,2042,400,82,18,3,31,8,9,51,18,5,5,0,1,2,233,4,0,237,0,237,--,400,163,233,237,237,Algún campo sin dato,1,d700c432a40e97a6f6f5169deaa21f40ae2d6a1f0f58762d22bf067bbbb95e9d,26/06/2023 00:15:50,ESCANER
14534,"San Marcos",12,"Pajapita",22,2042,400,,,,,,,,,,,,,,,,,,,,,,,,,,,0,,,
14535,"San Marcos",12,"Pajapita",22,2042,400,,,,,,,,,,,,,,,,,,,,,,,,,,,0,,,
14536,"San Marcos",12,"Pajapita",22,2042,400,79,20,1,31,10,9,65,22,3,2,1,1,11,255,8,0,263,0,263,0,400,137,255,263,263,,1,cb16fa909bc5d794b08f4248babee3784a5ed51bd4ba9a7c3075933f6bf5cfaa,25/06/2023 23:38:00,ESCANER
14537,"San Marcos",12,"Pajapita",22,2042,305,47,16,1,31,9,9,33,10,4,4,0,1,10,175,4,1,180,0,180,0,305,125,175,180,180,,1,1b4103fd06af646a03376da7f6b16833ae2f437a351bb86950a733fc414aa868,25/06/2023 23:25:42,ESCANER
14538,"San Marcos",12,"Pajapita",22,2042,304,40,5,2,15,4,2,22,10,0,4,1,1,4,110,8,2,120,0,120,--,304,184,110,120,120,Algún campo sin dato,1,4a54a19045d7c816a7232eee7e87f3f2fccd7a946a106e105b04929bf1f7a86c,25/06/2023 23:11:22,ESCANER
14539,"San Marcos",12,"Pajapita",22,2043,380,,,,,,,,,,,,,,,,,,,,,,,,,,,0,,,
14540,"San Marcos",12,"Pajapita",22,2043,380,,,,,,,,,,,,,,,,,,,,,,,,,,,0,,,
14541,"San Marcos",12,"Pajapita",22,2043,380,,,,,,,,,,,,,,,,,,,,,,,,,,,0,,,
14542,"San Marcos",12,"Pajapita",22,2043,380,,,,,,,,,,,,,,,,,,,,,,,,,,,0,,,
14543,"San Marcos",12,"Pajapita",22,2043,380,,,,,,,,,,,,,,,,,,,,,,,,,,,0,,,
14544,"San Marcos",12,"Pajapita",22,2043,380,,,,,,,,,,,,,,,,,,,,,,,,,,,0,,,
14545,"San Marcos",12,"Pajapita",22,2043,380,,,,,,,,,,,,,,,,,,,,,,,,,,,0,,,
14546,"San Marcos",12,"Pajapita",22,2043,264,,,,,,,,,,,,,,,,,,,,,,,,,,,0,,,
14547,"San Marcos",12,"Pajapita",22,2043,264,91,6,0,24,6,2,12,4,0,1,0,2,2,150,7,0,157,0,157,--,264,107,150,157,157,Algún campo sin dato,1,bf4d34f540150eb950b0024dfb36508a7c9d9ac10ddf300b7c5a9c971432b84f,26/06/2023 00:11:52,ESCANER
14548,"San Marcos",12,"Pajapita",22,2044,343,,,,,,,,,,,,,,,,,,,,,,,,,,,0,,,
14549,"San Marcos",12,"Pajapita",22,2044,343,51,3,0,10,105,4,6,5,0,1,0,6,2,193,7,3,203,0,203,0,343,140,193,203,203,,1,952489a744cf6671e57d5d38b960af41495441e463beffd1710fa217df835933,25/06/2023 23:46:53,ESCANER
14550,"San Marcos",12,"Pajapita",22,2045,380,,,,,,,,,,,,,,,,,,,,,,,,,,,0,,,
14551,"San Marcos",12,"Pajapita",22,2045,380,,,,,,,,,,,,,,,,,,,,,,,,,,,0,,,
14552,"San Marcos",12,"Pajapita",22,2045,380,,,,,,,,,,,,,,,,,,,,,,,,,,,0,,,
14553,"San Marcos",12,"Pajapita",22,2045,380,,,,,,,,,,,,,,,,,,,,,,,,,,,0,,,
14554,"San Marcos",12,"Pajapita",22,2045,380,,,,,,,,,,,,,,,,,,,,,,,,,,,0,,,
14555,"San Marcos",12,"Pajapita",22,2045,204,,,,,,,,,,,,,,,,,,,,,,,,,,,0,,,
14556,"San Marcos",12,"Pajapita",22,2045,204,,,,,,,,,,,,,,,,,,,,,,,,,,,0,,,
14557,"San Marcos",12,"Pajapita",22,2046,485,,,,,,,,,,,,,,,,,,,,,,,,,,,0,,,
14558,"San Marcos",12,"Pajapita",22,2046,484,16,2,1,8,3,4,11,5,0,0,0,0,1,51,3,1,55,0,55,0,484,429,51,55,55,,1,192d434992cfb905dc1142709ee5dc79b14cc7a7fe644ca28781c73b5f769e01,25/06/2023 23:52:24,ESCANER