﻿TIPO_DE_ELECCIÓN:,CORPORACIÓN MUNICIPAL
26 junio 2023 00:28 (UTC -6)
ACTAS_ESPERADAS,ACTAS_CAPTURADAS,PORCENTAJE_ACTAS_CAPTURADAS,ACTAS_CONTABILIZADAS,PORCENTAJE_ACTAS_CONTABILIZADAS,ACTAS_NO_CONTABILIZADAS,LISTA_NOMINAL_ACTAS_CONTABILIZADAS,VOTOS_EMITIDOS_CONTABILIZADAS,PORCENTAJE_PARTICIPACIÓN_CIUDADANA
17,4,23.5294,4,23.5294,0,1387,647,46.6474

MESA,DEPARTAMENTO,ID_DEPARTAMENTO,MUNICIPIO,ID_MUNICIPIO,CENTRO_DE_VOTACIÓN,PADRÓN,PODEMOS,VALOR,VICTORIA,UNE,VAMOS,CAMBIO,UNIONISTA,AZUL,MLP,VÁLIDOS,NULOS,BLANCO,EMITIDOS,INVÁLIDOS,TOTAL,IMPUGNACIONES,PAPELETAS-RECIBIDAS,PAPELETAS-NO-USADAS,VALIDOS_CALCULADO,EMITIDOS_CALCULADO,TOTAL_CALCULADO,OBSERVACIONES,CONTABILIZADA,CÓDIGO_INTEGRIDAD,FECHA_HORA_PUBLICACIÓN,DIGITALIZACIÓN
6483,"Chimaltenango",3,"Pochuta",8,686,400,,,,,,,,,,,,,,,,,,,,,,,0,,,
6484,"Chimaltenango",3,"Pochuta",8,686,400,,,,,,,,,,,,,,,,,,,,,,,0,,,
6485,"Chimaltenango",3,"Pochuta",8,686,400,,,,,,,,,,,,,,,,,,,,,,,0,,,
6486,"Chimaltenango",3,"Pochuta",8,686,400,,,,,,,,,,,,,,,,,,,,,,,0,,,
6487,"Chimaltenango",3,"Pochuta",8,686,400,,,,,,,,,,,,,,,,,,,,,,,0,,,
6488,"Chimaltenango",3,"Pochuta",8,686,400,,,,,,,,,,,,,,,,,,,,,,,0,,,
6489,"Chimaltenango",3,"Pochuta",8,687,400,,,,,,,,,,,,,,,,,,,,,,,0,,,
6490,"Chimaltenango",3,"Pochuta",8,687,400,6,82,22,69,50,5,1,4,2,241,13,3,257,0,257,--,400,143,241,257,257,Algún campo sin dato,1,4eb8007abaa751f6db24b6ab09052b1e9ed8bdf596ff942856c507b8bbc14e79,26/06/2023 00:08:15,ESCANER
6491,"Chimaltenango",3,"Pochuta",8,687,400,,,,,,,,,,,,,,,,,,,,,,,0,,,
6492,"Chimaltenango",3,"Pochuta",8,687,400,,,,,,,,,,,,,,,,,,,,,,,0,,,
6493,"Chimaltenango",3,"Pochuta",8,688,400,,,,,,,,,,,,,,,,,,,,,,,0,,,
6494,"Chimaltenango",3,"Pochuta",8,688,400,,,,,,,,,,,,,,,,,,,,,,,0,,,
6495,"Chimaltenango",3,"Pochuta",8,688,216,,,,,,,,,,,,,,,,,,,,,,,0,,,
6496,"Chimaltenango",3,"Pochuta",8,688,216,2,48,9,39,25,0,0,1,3,127,1,1,129,0,129,--,217,88,127,129,129,Algún campo sin dato,1,69a2e56ec6fad4cb436aeb98b2482a73bcc8ebf53665f88736ce75e22f640278,26/06/2023 00:08:36,ESCANER
6497,"Chimaltenango",3,"Pochuta",8,689,248,,,,,,,,,,,,,,,,,,,,,,,0,,,
6498,"Chimaltenango",3,"Pochuta",8,689,248,1,15,52,39,48,1,0,1,1,158,2,0,160,0,160,--,247,87,158,160,160,Algún campo sin dato,1,82ff4f92059534e33181f8f2909c1663e52cd23c9fc636b57a418e5ceb1977d3,26/06/2023 00:15:33,ESCANER
6499,"Chimaltenango",3,"Pochuta",8,690,523,2,38,7,29,12,4,0,2,1,95,5,1,101,0,101,--,523,422,95,101,101,Algún campo sin dato,1,3f3f14d776ec1bac67560918716e15193d13b229e946490d6ed66fa22fb91d6c,25/06/2023 23:26:18,ESCANER