﻿TIPO_DE_ELECCIÓN:,CORPORACIÓN MUNICIPAL
26 junio 2023 00:28 (UTC -6)
ACTAS_ESPERADAS,ACTAS_CAPTURADAS,PORCENTAJE_ACTAS_CAPTURADAS,ACTAS_CONTABILIZADAS,PORCENTAJE_ACTAS_CONTABILIZADAS,ACTAS_NO_CONTABILIZADAS,LISTA_NOMINAL_ACTAS_CONTABILIZADAS,VOTOS_EMITIDOS_CONTABILIZADAS,PORCENTAJE_PARTICIPACIÓN_CIUDADANA
33,22,66.6666,22,66.6666,0,7965,5324,66.8424

MESA,DEPARTAMENTO,ID_DEPARTAMENTO,MUNICIPIO,ID_MUNICIPIO,CENTRO_DE_VOTACIÓN,PADRÓN,VALOR,VAMOS,UNE,VIVA,CABAL,PODEMOS,MI FAMILIA,VÁLIDOS,NULOS,BLANCO,EMITIDOS,INVÁLIDOS,TOTAL,IMPUGNACIONES,PAPELETAS-RECIBIDAS,PAPELETAS-NO-USADAS,VALIDOS_CALCULADO,EMITIDOS_CALCULADO,TOTAL_CALCULADO,OBSERVACIONES,CONTABILIZADA,CÓDIGO_INTEGRIDAD,FECHA_HORA_PUBLICACIÓN,DIGITALIZACIÓN
8301,"Escuintla",5,"Sipacate",14,970,400,,,,,,,,,,,,,,,,,,,,,0,,,
8302,"Escuintla",5,"Sipacate",14,970,400,,,,,,,,,,,,,,,,,,,,,0,,,
8303,"Escuintla",5,"Sipacate",14,970,400,,,,,,,,,,,,,,,,,,,,,0,,,
8304,"Escuintla",5,"Sipacate",14,970,400,,,,,,,,,,,,,,,,,,,,,0,,,
8305,"Escuintla",5,"Sipacate",14,970,400,,,,,,,,,,,,,,,,,,,,,0,,,
8306,"Escuintla",5,"Sipacate",14,970,400,,,,,,,,,,,,,,,,,,,,,0,,,
8307,"Escuintla",5,"Sipacate",14,970,400,,,,,,,,,,,,,,,,,,,,,0,,,
8308,"Escuintla",5,"Sipacate",14,970,400,163,70,4,8,0,2,0,247,10,2,259,0,259,0,400,259,247,259,259,,1,50b882f8c6e34e4cd54444db0391dc96c71f282259f4d39df66a854da113349d,26/06/2023 00:19:10,ESCANER
8309,"Escuintla",5,"Sipacate",14,970,400,172,74,5,14,0,1,0,266,9,2,277,0,277,0,400,123,266,277,277,,1,e88180a969423153b730579d5cfff9bacb4c58dc3a9189412dff2f60406ea190,26/06/2023 00:06:48,ESCANER
8310,"Escuintla",5,"Sipacate",14,970,400,,,,,,,,,,,,,,,,,,,,,0,,,
8311,"Escuintla",5,"Sipacate",14,971,400,159,75,4,10,0,1,0,249,21,1,271,0,271,0,400,129,249,271,271,,1,85f121b93ac465743b2c5295fa292a642d5bc4dca34b43deaf995dc626a0f4eb,25/06/2023 22:41:40,ESCANER
8312,"Escuintla",5,"Sipacate",14,971,400,162,71,8,17,1,0,0,259,16,3,278,0,278,0,400,122,259,278,278,,1,d0fe6b4938ea80dd7ae8be2b49e03506f2c60f2cf5ac0fc528a1c3d0c321f11c,25/06/2023 23:47:58,ESCANER
8313,"Escuintla",5,"Sipacate",14,971,400,170,90,5,10,1,3,0,279,12,3,294,0,294,0,397,106,279,294,294,,1,1635aa97ddc520585342883640075663b378c6f0de1980cfc0a1452352a0239c,25/06/2023 23:09:24,ESCANER
8314,"Escuintla",5,"Sipacate",14,971,400,153,74,3,12,0,1,0,243,19,7,269,0,243,0,400,131,243,269,269,Sumas Asentadas sin cuadrar,1,21c782dc58729fb2cdfa8e9c8a27e806b77ee5838072f3216ada27a5de5f804e,25/06/2023 23:33:35,ESCANER
8315,"Escuintla",5,"Sipacate",14,971,400,170,68,2,8,0,1,0,249,18,2,269,0,269,0,400,131,249,269,269,,1,38c214a9384e6d70b4bc0ecbc999a185fab260627ca139117d433c5a87ba71fe,25/06/2023 23:51:51,ESCANER
8316,"Escuintla",5,"Sipacate",14,971,400,165,65,4,10,1,0,0,245,11,2,258,0,258,--,400,142,245,258,258,Algún campo sin dato,1,64ce7b83f4211e213342f6783381f84889aa90e831555fd314d29ee53f417b8d,25/06/2023 23:37:27,ESCANER
8317,"Escuintla",5,"Sipacate",14,971,400,141,69,5,15,0,2,0,232,4,0,236,0,236,0,400,164,232,236,236,,1,9892596ec7a4648ffa01b9abef3512a1e5a1a891da709fb584185550800cdd0c,25/06/2023 23:54:05,ESCANER
8318,"Escuintla",5,"Sipacate",14,971,400,177,60,2,12,0,2,0,253,1,1,255,0,255,0,399,144,253,255,255,,1,e2136b79728be574c6446d119cd44cc49013e38e624e21153698fcbca62a820a,25/06/2023 23:40:11,ESCANER
8319,"Escuintla",5,"Sipacate",14,972,400,188,59,4,18,0,0,0,269,1,0,270,0,270,0,400,130,269,270,270,,1,8ec789ce390be3912ca6367e5fb27241b55b55127fdecb9a62ffdd3b94fa2dea,25/06/2023 23:55:55,ESCANER
8320,"Escuintla",5,"Sipacate",14,972,400,176,53,3,19,0,1,0,252,4,2,258,0,258,0,400,142,252,258,258,,1,036815a5bf12cbc683f2b73406ebcd070821e0f0adf7a4e49e902e4d1eb79e95,25/06/2023 23:45:13,ESCANER
8321,"Escuintla",5,"Sipacate",14,972,400,156,53,2,18,1,4,0,234,10,0,244,0,244,0,400,156,234,244,244,,1,70e046af5de4783bbf9f905b742889990f5103fd8e2773a092e242dd375dbaac,26/06/2023 00:26:11,ESCANER
8322,"Escuintla",5,"Sipacate",14,972,278,106,38,4,3,0,0,1,153,6,3,162,0,162,1,275,113,152,161,161,Sumas Asentadas sin cuadrar,1,9befc62839a69e702c836e55491c46f2cd3fc1e6856c41d1dcd525decce6b68d,25/06/2023 23:28:34,ESCANER
8323,"Escuintla",5,"Sipacate",14,972,278,88,50,3,6,1,1,0,149,13,3,165,0,165,0,278,113,149,165,165,,1,95ec4ca27f9a2bdcf7224751f60dc37a12803f05380b3bd546afe154b88ebed9,25/06/2023 22:14:50,ESCANER
8324,"Escuintla",5,"Sipacate",14,973,380,,,,,,,,,,,,,,,,,,,,,0,,,
8325,"Escuintla",5,"Sipacate",14,973,380,168,92,1,5,0,0,0,266,10,1,277,0,277,0,377,100,266,277,277,,1,e6f63585a62721dd1e62e4ac20740a6c87d0944f33b356d36e7c975d5dcf9c47,25/06/2023 23:47:42,ESCANER
8326,"Escuintla",5,"Sipacate",14,973,205,102,46,2,2,0,0,1,153,6,1,160,0,160,0,205,45,153,160,160,,1,de89ca2caf003664f030f854dc38a9ab688a78554c3df508557c7d5377cf024d,25/06/2023 23:03:51,ESCANER
8327,"Escuintla",5,"Sipacate",14,973,204,89,48,2,1,0,0,0,140,2,1,143,0,143,0,204,61,140,143,143,,1,c35f0a2e0d795628da21aa4a0d46aee08766e77fcc856bd7740f0bd8182735c4,25/06/2023 22:28:17,ESCANER
8328,"Escuintla",5,"Sipacate",14,974,380,,,,,,,,,,,,,,,,,,,,,0,,,
8329,"Escuintla",5,"Sipacate",14,974,380,,,,,,,,,,,,,,,,,,,,,0,,,
8330,"Escuintla",5,"Sipacate",14,974,380,175,72,13,6,1,0,1,268,17,3,288,0,288,1,380,91,268,288,288,,1,e215ff970625031a88b93b766518e5e8ea1a7b99c3ec6f73e6a057cc986d55ea,25/06/2023 23:38:52,ESCANER
8331,"Escuintla",5,"Sipacate",14,974,380,142,64,7,8,1,1,1,224,25,6,255,0,255,0,377,122,224,255,255,,1,262a59cdaec9726cdf65d9f95b5e1e2d6bad7d768ea552e52e8a65318acf4ade,25/06/2023 23:33:38,ESCANER
8332,"Escuintla",5,"Sipacate",14,974,330,164,42,10,3,0,0,0,219,4,0,223,0,223,1,330,107,219,223,223,,1,6a83d4dbd8ff2e70804c63ed8217ae87562c95a65287eb6f8df7dee50134321d,25/06/2023 23:05:09,ESCANER
8333,"Escuintla",5,"Sipacate",14,974,330,141,50,6,5,1,2,0,205,6,3,214,0,214,0,327,113,205,214,214,,1,e559dd7fec0e1ecbd8bf79e7e253a73358502bd01b8793a66de0bcd1886f2ef8,25/06/2023 22:09:28,ESCANER