﻿TIPO_DE_ELECCIÓN:,CORPORACIÓN MUNICIPAL
26 junio 2023 00:28 (UTC -6)
ACTAS_ESPERADAS,ACTAS_CAPTURADAS,PORCENTAJE_ACTAS_CAPTURADAS,ACTAS_CONTABILIZADAS,PORCENTAJE_ACTAS_CONTABILIZADAS,ACTAS_NO_CONTABILIZADAS,LISTA_NOMINAL_ACTAS_CONTABILIZADAS,VOTOS_EMITIDOS_CONTABILIZADAS,PORCENTAJE_PARTICIPACIÓN_CIUDADANA
151,67,44.3708,67,44.3708,0,24282,16039,66.0530

MESA,DEPARTAMENTO,ID_DEPARTAMENTO,MUNICIPIO,ID_MUNICIPIO,CENTRO_DE_VOTACIÓN,PADRÓN,VAMOS,CABAL,VALOR UNIONISTA,BIEN,PHG,PR,CREO,PPG,UNE,TODOS,AZUL,MLP,FCN-NACION,MI FAMILIA,PODEMOS,VOS,PPN,VIVA,VÁLIDOS,NULOS,BLANCO,EMITIDOS,INVÁLIDOS,TOTAL,IMPUGNACIONES,PAPELETAS-RECIBIDAS,PAPELETAS-NO-USADAS,VALIDOS_CALCULADO,EMITIDOS_CALCULADO,TOTAL_CALCULADO,OBSERVACIONES,CONTABILIZADA,CÓDIGO_INTEGRIDAD,FECHA_HORA_PUBLICACIÓN,DIGITALIZACIÓN
2024,"Guatemala",1,"Santa Catarina Pinula",2,153,400,,,,,,,,,,,,,,,,,,,,,,,,,,,,,,,,0,,,
2025,"Guatemala",1,"Santa Catarina Pinula",2,153,400,,,,,,,,,,,,,,,,,,,,,,,,,,,,,,,,0,,,
2026,"Guatemala",1,"Santa Catarina Pinula",2,153,400,,,,,,,,,,,,,,,,,,,,,,,,,,,,,,,,0,,,
2027,"Guatemala",1,"Santa Catarina Pinula",2,153,400,,,,,,,,,,,,,,,,,,,,,,,,,,,,,,,,0,,,
2028,"Guatemala",1,"Santa Catarina Pinula",2,153,400,,,,,,,,,,,,,,,,,,,,,,,,,,,,,,,,0,,,
2029,"Guatemala",1,"Santa Catarina Pinula",2,154,400,3,2,118,2,19,0,9,2,121,6,1,1,0,2,1,6,3,0,296,13,1,310,0,310,--,400,90,296,310,310,Algún campo sin dato,1,f52626797fe2c19dcbda3977c24b7cf84d7728c53bb9098c0fdab85e8b414354,26/06/2023 00:06:27,ESCANER
2030,"Guatemala",1,"Santa Catarina Pinula",2,154,400,4,0,121,3,18,2,12,6,114,11,1,0,3,2,3,2,2,3,307,6,1,314,0,314,--,400,86,307,314,314,Algún campo sin dato,1,2f2f6068b39cde9a949d235de79decbdbbc961d09f1c6bc91c784efc902a82cd,25/06/2023 23:22:10,ESCANER
2031,"Guatemala",1,"Santa Catarina Pinula",2,154,400,,,,,,,,,,,,,,,,,,,,,,,,,,,,,,,,0,,,
2032,"Guatemala",1,"Santa Catarina Pinula",2,154,400,,,,,,,,,,,,,,,,,,,,,,,,,,,,,,,,0,,,
2033,"Guatemala",1,"Santa Catarina Pinula",2,154,400,2,2,100,4,16,1,12,4,104,8,2,0,3,0,1,6,2,0,267,8,0,275,0,275,--,400,125,267,275,275,Algún campo sin dato,1,cad7372e31c7af0c92c96b12bb4c84b114cc9b8e0401cb09f24a14634b4dd260,26/06/2023 00:17:50,ESCANER
2034,"Guatemala",1,"Santa Catarina Pinula",2,154,400,0,1,86,4,18,1,5,6,112,4,0,2,5,0,1,4,0,3,252,5,1,258,0,258,--,408,150,252,258,258,Algún campo sin dato,1,0eba355c7e9f272242dbde9766cb2092392ef55f4302aa26d59e6ca7fe55bb46,25/06/2023 23:49:14,ESCANER
2035,"Guatemala",1,"Santa Catarina Pinula",2,154,400,1,2,109,6,13,2,10,2,99,8,0,2,3,1,0,3,0,4,265,8,2,275,0,275,--,400,125,265,275,275,Algún campo sin dato,1,58dcc4b5ee765bd45ac8626760e61e12c1651f972c5e326392f4ff15a179dfb5,26/06/2023 00:26:45,ESCANER
2036,"Guatemala",1,"Santa Catarina Pinula",2,154,400,,,,,,,,,,,,,,,,,,,,,,,,,,,,,,,,0,,,
2037,"Guatemala",1,"Santa Catarina Pinula",2,155,400,,,,,,,,,,,,,,,,,,,,,,,,,,,,,,,,0,,,
2038,"Guatemala",1,"Santa Catarina Pinula",2,155,400,,,,,,,,,,,,,,,,,,,,,,,,,,,,,,,,0,,,
2039,"Guatemala",1,"Santa Catarina Pinula",2,155,400,,,,,,,,,,,,,,,,,,,,,,,,,,,,,,,,0,,,
2040,"Guatemala",1,"Santa Catarina Pinula",2,155,400,,,,,,,,,,,,,,,,,,,,,,,,,,,,,,,,0,,,
2041,"Guatemala",1,"Santa Catarina Pinula",2,155,400,,,,,,,,,,,,,,,,,,,,,,,,,,,,,,,,0,,,
2042,"Guatemala",1,"Santa Catarina Pinula",2,155,400,,,,,,,,,,,,,,,,,,,,,,,,,,,,,,,,0,,,
2043,"Guatemala",1,"Santa Catarina Pinula",2,155,400,,,,,,,,,,,,,,,,,,,,,,,,,,,,,,,,0,,,
2044,"Guatemala",1,"Santa Catarina Pinula",2,155,400,,,,,,,,,,,,,,,,,,,,,,,,,,,,,,,,0,,,
2045,"Guatemala",1,"Santa Catarina Pinula",2,156,400,,,,,,,,,,,,,,,,,,,,,,,,,,,,,,,,0,,,
2046,"Guatemala",1,"Santa Catarina Pinula",2,156,400,,,,,,,,,,,,,,,,,,,,,,,,,,,,,,,,0,,,
2047,"Guatemala",1,"Santa Catarina Pinula",2,156,400,2,2,107,3,12,1,6,1,106,11,1,2,0,2,0,2,0,4,262,7,1,270,0,270,--,400,130,262,270,270,Algún campo sin dato,1,cb141702abbd5e25b4a285cd461a8fff13b5a2daf7ee99e813d4eb2fe6ed3506,26/06/2023 00:06:13,ESCANER
2048,"Guatemala",1,"Santa Catarina Pinula",2,156,400,,,,,,,,,,,,,,,,,,,,,,,,,,,,,,,,0,,,
2049,"Guatemala",1,"Santa Catarina Pinula",2,156,400,,,,,,,,,,,,,,,,,,,,,,,,,,,,,,,,0,,,
2050,"Guatemala",1,"Santa Catarina Pinula",2,157,400,2,2,138,2,9,1,5,5,80,6,1,1,1,0,0,7,3,1,264,5,1,270,0,270,--,400,130,264,270,270,Algún campo sin dato,1,6501e78234174e75710d37ce90c1d1bff6e47026a0cee645185d7534df0a2c33,25/06/2023 23:10:09,ESCANER
2051,"Guatemala",1,"Santa Catarina Pinula",2,157,400,2,2,132,4,17,0,5,12,70,3,1,8,1,0,1,3,1,3,265,3,1,269,0,269,--,400,131,265,269,269,Algún campo sin dato,1,d9ddfeb6817a6e8df1e2573cf595a515de680f55a8092202589d82591b7d87c3,25/06/2023 23:45:02,ESCANER
2052,"Guatemala",1,"Santa Catarina Pinula",2,157,400,1,0,115,3,21,1,6,6,129,4,0,1,2,0,0,3,0,1,293,6,0,299,0,299,--,400,101,293,299,299,Algún campo sin dato,1,0e32ee416e47f487d3ec3703a74d951b0db23642e68a2fe611f58df403a5388e,26/06/2023 00:16:38,ESCANER
2053,"Guatemala",1,"Santa Catarina Pinula",2,157,400,2,1,109,2,17,0,3,3,120,6,2,2,2,1,3,6,0,2,281,3,0,284,0,284,--,400,116,281,284,284,Algún campo sin dato,1,65af541e24ffc529427cc3f2ddb9c233d19462f5c5835a1535e9dce4c77467eb,25/06/2023 21:51:38,ESCANER
2054,"Guatemala",1,"Santa Catarina Pinula",2,157,400,4,1,106,1,7,1,4,2,72,4,1,1,2,0,1,7,1,1,216,3,1,220,0,220,--,401,181,216,220,220,Algún campo sin dato,1,7e610186f40362d6f507d37c1328d9cfc126f1479a5a17e11c04dbf2e876e6c2,25/06/2023 22:24:35,ESCANER
2055,"Guatemala",1,"Santa Catarina Pinula",2,157,279,2,0,88,1,8,2,2,3,58,1,1,2,0,0,1,2,1,3,175,4,0,179,0,179,--,279,100,175,179,179,Algún campo sin dato,1,79d9509cc4823a44ec32748360db01b07cc2eb497629dd54f8bb943a67290552,25/06/2023 22:41:52,ESCANER
2056,"Guatemala",1,"Santa Catarina Pinula",2,157,279,2,3,82,1,10,0,3,1,48,4,0,2,1,2,0,2,0,3,164,3,0,167,0,167,--,283,116,164,167,167,Algún campo sin dato,1,5624cb6e382dc3d7de34f64b5dadf4b4f6426fd768227d50f4b7c80eba77391c,25/06/2023 22:53:53,ESCANER
2057,"Guatemala",1,"Santa Catarina Pinula",2,158,380,0,10,117,4,14,1,14,1,85,2,6,3,5,4,0,6,2,5,279,7,3,289,0,289,--,400,111,279,289,289,Algún campo sin dato,1,a10be35f9e053a8c78f1a296576e87ed04a8f260285fcc1b093daaf404080bc6,26/06/2023 00:18:37,ESCANER
2058,"Guatemala",1,"Santa Catarina Pinula",2,158,380,,,,,,,,,,,,,,,,,,,,,,,,,,,,,,,,0,,,
2059,"Guatemala",1,"Santa Catarina Pinula",2,158,380,,,,,,,,,,,,,,,,,,,,,,,,,,,,,,,,0,,,
2060,"Guatemala",1,"Santa Catarina Pinula",2,158,380,,,,,,,,,,,,,,,,,,,,,,,,,,,,,,,,0,,,
2061,"Guatemala",1,"Santa Catarina Pinula",2,158,380,1,10,121,5,10,1,16,2,80,3,4,1,1,8,1,1,0,8,273,7,3,283,0,283,--,380,97,273,283,283,Algún campo sin dato,1,7c85036843d238b36e7ab88d98c905dd6715863928b6d1e7649146b0cbe2d5c6,26/06/2023 00:06:13,ESCANER
2062,"Guatemala",1,"Santa Catarina Pinula",2,158,380,1,7,116,5,10,0,15,1,74,4,0,4,1,6,0,4,1,10,259,12,2,273,0,273,--,380,107,259,273,273,Algún campo sin dato,1,c1bd38fa0a18e45b5e5c1afff7b7e1a39e28c5500dfd143aed650290777d7c04,25/06/2023 23:21:04,ESCANER
2063,"Guatemala",1,"Santa Catarina Pinula",2,158,380,,,,,,,,,,,,,,,,,,,,,,,,,,,,,,,,0,,,
2064,"Guatemala",1,"Santa Catarina Pinula",2,158,380,5,4,106,1,12,1,14,2,73,2,2,2,0,2,0,1,0,7,234,9,0,243,0,243,--,379,136,234,243,243,Algún campo sin dato,1,ebf28e477749261bf7c8dfc4c6bed24fbb0ceb88855cc79b1bac49cf726ba7f3,25/06/2023 23:26:20,ESCANER
2065,"Guatemala",1,"Santa Catarina Pinula",2,158,355,,,,,,,,,,,,,,,,,,,,,,,,,,,,,,,,0,,,
2066,"Guatemala",1,"Santa Catarina Pinula",2,158,355,0,5,97,3,6,0,7,4,57,1,0,4,0,4,0,2,0,5,195,5,0,200,0,200,--,355,155,195,200,200,Algún campo sin dato,1,f06342461e1667467f99f4a4d6be3c47da3d0c9684a2405d69341be1d4fadd18,25/06/2023 22:59:53,ESCANER
2067,"Guatemala",1,"Santa Catarina Pinula",2,159,380,,,,,,,,,,,,,,,,,,,,,,,,,,,,,,,,0,,,
2068,"Guatemala",1,"Santa Catarina Pinula",2,159,380,4,2,136,10,3,2,10,3,69,3,0,3,1,2,1,2,0,7,258,6,4,268,0,268,--,380,112,258,268,268,Algún campo sin dato,1,c15db5c0f5b973f012c7757a2f5e3e8a27c65567b3c5b05d32b21e756869e4db,25/06/2023 23:45:18,ESCANER
2069,"Guatemala",1,"Santa Catarina Pinula",2,159,380,,,,,,,,,,,,,,,,,,,,,,,,,,,,,,,,0,,,
2070,"Guatemala",1,"Santa Catarina Pinula",2,159,380,,,,,,,,,,,,,,,,,,,,,,,,,,,,,,,,0,,,
2071,"Guatemala",1,"Santa Catarina Pinula",2,159,380,,,,,,,,,,,,,,,,,,,,,,,,,,,,,,,,0,,,
2072,"Guatemala",1,"Santa Catarina Pinula",2,159,380,,,,,,,,,,,,,,,,,,,,,,,,,,,,,,,,0,,,
2073,"Guatemala",1,"Santa Catarina Pinula",2,159,380,,,,,,,,,,,,,,,,,,,,,,,,,,,,,,,,0,,,
2074,"Guatemala",1,"Santa Catarina Pinula",2,159,380,2,3,152,11,8,3,8,5,38,1,1,2,0,1,0,6,2,2,245,7,2,254,0,254,--,380,126,245,254,254,Algún campo sin dato,1,faf67864c0b6accbef10fe50505e93f48b016c391bed51545ae7f347d02b7dd7,25/06/2023 22:57:30,ESCANER
2075,"Guatemala",1,"Santa Catarina Pinula",2,159,380,2,2,145,10,9,1,9,4,48,1,0,2,0,0,1,2,0,2,238,4,1,243,0,243,--,378,135,238,243,243,Algún campo sin dato,1,c0545ec9b9350849ade61f531a2eb91a4cdcb4d907983c0654cfbd76ce44df96,25/06/2023 22:29:04,ESCANER
2076,"Guatemala",1,"Santa Catarina Pinula",2,159,380,1,3,126,6,3,0,20,9,64,0,3,4,0,3,0,7,4,2,255,11,2,268,0,268,--,376,108,255,268,268,Algún campo sin dato,1,cff15fc415c5f979f2fafb20a212809152a15c16ed071a7e5052dc744f681011,25/06/2023 23:37:14,ESCANER
2077,"Guatemala",1,"Santa Catarina Pinula",2,159,380,,,,,,,,,,,,,,,,,,,,,,,,,,,,,,,,0,,,
2078,"Guatemala",1,"Santa Catarina Pinula",2,159,380,2,3,148,10,6,0,6,8,41,2,1,4,0,1,1,8,0,3,244,14,3,261,0,261,--,380,119,244,261,261,Algún campo sin dato,1,de0c99ce9e75017d6f30946588d3a7310b4b47c15592f87a866985eb020aa21c,26/06/2023 00:17:36,ESCANER
2079,"Guatemala",1,"Santa Catarina Pinula",2,159,380,,,,,,,,,,,,,,,,,,,,,,,,,,,,,,,,0,,,
2080,"Guatemala",1,"Santa Catarina Pinula",2,159,380,,,,,,,,,,,,,,,,,,,,,,,,,,,,,,,,0,,,
2081,"Guatemala",1,"Santa Catarina Pinula",2,159,380,3,6,122,13,5,2,14,3,53,3,2,1,0,1,0,8,1,9,246,10,4,260,0,260,--,380,120,246,260,260,Algún campo sin dato,1,4a7c2faec4ddca0084f677efe8bca9306b93608b9ae39af741d6e9f0bd75f79f,26/06/2023 00:00:44,ESCANER
2082,"Guatemala",1,"Santa Catarina Pinula",2,159,380,,,,,,,,,,,,,,,,,,,,,,,,,,,,,,,,0,,,
2083,"Guatemala",1,"Santa Catarina Pinula",2,159,380,,,,,,,,,,,,,,,,,,,,,,,,,,,,,,,,0,,,
2084,"Guatemala",1,"Santa Catarina Pinula",2,159,380,,,,,,,,,,,,,,,,,,,,,,,,,,,,,,,,0,,,
2085,"Guatemala",1,"Santa Catarina Pinula",2,159,380,,,,,,,,,,,,,,,,,,,,,,,,,,,,,,,,0,,,
2086,"Guatemala",1,"Santa Catarina Pinula",2,159,380,2,3,134,10,4,0,16,4,45,1,2,2,0,0,2,3,1,2,231,6,1,238,8,246,1,380,131,231,238,246,,1,6aa67d1feb57584bd5bb6c4e2f591d775f5a1a703c8c95e77c4042e14c923d61,26/06/2023 00:14:04,ESCANER
2087,"Guatemala",1,"Santa Catarina Pinula",2,160,380,,,,,,,,,,,,,,,,,,,,,,,,,,,,,,,,0,,,
2088,"Guatemala",1,"Santa Catarina Pinula",2,160,380,,,,,,,,,,,,,,,,,,,,,,,,,,,,,,,,0,,,
2089,"Guatemala",1,"Santa Catarina Pinula",2,160,380,5,2,164,5,3,0,8,9,31,2,0,1,0,1,0,4,1,5,241,2,0,243,0,243,--,380,137,241,243,243,Algún campo sin dato,1,83223bc8a27dde2c701075350aa12f6743b68c103578c25366a24ccf4dc52a5d,25/06/2023 23:30:46,ESCANER
2090,"Guatemala",1,"Santa Catarina Pinula",2,160,380,,,,,,,,,,,,,,,,,,,,,,,,,,,,,,,,0,,,
2091,"Guatemala",1,"Santa Catarina Pinula",2,160,376,2,5,108,5,6,0,12,4,31,0,1,1,1,0,0,2,0,2,180,7,0,187,0,187,--,376,189,180,187,187,Algún campo sin dato,1,9b3b9ce9d1719d41251fbbf9433ec471a533db95767c15aec8138894d8caba84,26/06/2023 00:00:40,ESCANER
2092,"Guatemala",1,"Santa Catarina Pinula",2,160,376,,,,,,,,,,,,,,,,,,,,,,,,,,,,,,,,0,,,
2093,"Guatemala",1,"Santa Catarina Pinula",2,161,380,,,,,,,,,,,,,,,,,,,,,,,,,,,,,,,,0,,,
2094,"Guatemala",1,"Santa Catarina Pinula",2,161,380,,,,,,,,,,,,,,,,,,,,,,,,,,,,,,,,0,,,
2095,"Guatemala",1,"Santa Catarina Pinula",2,161,380,2,15,100,5,3,0,26,1,68,5,5,3,2,2,1,0,2,1,241,23,5,269,0,269,--,380,111,241,269,269,Algún campo sin dato,1,e24175aa084440e664d5f9a8fcc2debe22c4d9a0e9063f02b110353981472bcb,25/06/2023 23:59:33,ESCANER
2096,"Guatemala",1,"Santa Catarina Pinula",2,161,380,,,,,,,,,,,,,,,,,,,,,,,,,,,,,,,,0,,,
2097,"Guatemala",1,"Santa Catarina Pinula",2,161,380,,,,,,,,,,,,,,,,,,,,,,,,,,,,,,,,0,,,
2098,"Guatemala",1,"Santa Catarina Pinula",2,161,380,,,,,,,,,,,,,,,,,,,,,,,,,,,,,,,,0,,,
2099,"Guatemala",1,"Santa Catarina Pinula",2,161,380,4,7,101,9,8,1,28,0,54,2,6,1,1,2,0,2,0,2,228,20,3,251,0,251,--,380,129,228,251,251,Algún campo sin dato,1,5e143267fda042035deef6ad25285fc744cc78c2c5a05edf6de9b65b5075e393,25/06/2023 23:31:44,ESCANER
2100,"Guatemala",1,"Santa Catarina Pinula",2,161,380,0,11,124,7,4,0,21,2,52,1,6,6,1,2,1,3,0,2,243,12,1,256,0,256,--,380,124,243,256,256,Algún campo sin dato,1,641fb2ef069fc5fdcce321c7f968558ca742d491a9c1e8ac5459e01f91994b6e,25/06/2023 23:15:07,ESCANER
2101,"Guatemala",1,"Santa Catarina Pinula",2,161,380,,,,,,,,,,,,,,,,,,,,,,,,,,,,,,,,0,,,
2102,"Guatemala",1,"Santa Catarina Pinula",2,161,380,4,12,115,6,3,0,23,2,65,4,2,6,0,1,1,4,1,4,253,19,1,273,0,273,--,376,103,253,273,273,Algún campo sin dato,1,ea695685657e4fec30c39e5d68f3dd9ab85986613e8d6c2caa1f6e1ad8bf9ce8,26/06/2023 00:14:30,ESCANER
2103,"Guatemala",1,"Santa Catarina Pinula",2,162,380,,,,,,,,,,,,,,,,,,,,,,,,,,,,,,,,0,,,
2104,"Guatemala",1,"Santa Catarina Pinula",2,162,380,,,,,,,,,,,,,,,,,,,,,,,,,,,,,,,,0,,,
2105,"Guatemala",1,"Santa Catarina Pinula",2,162,380,,,,,,,,,,,,,,,,,,,,,,,,,,,,,,,,0,,,
2106,"Guatemala",1,"Santa Catarina Pinula",2,162,380,1,10,105,6,2,1,16,0,54,3,3,5,1,2,0,7,0,0,216,14,2,232,0,232,--,380,148,216,232,232,Algún campo sin dato,1,d3dcfc843c39a6863e91645d07e59317ce6a02b2af6396c7219c25d9161a834e,25/06/2023 23:56:06,ESCANER
2107,"Guatemala",1,"Santa Catarina Pinula",2,162,380,0,4,112,7,2,0,15,0,55,1,2,8,0,1,0,11,0,0,218,6,0,224,0,224,--,380,156,218,224,224,Algún campo sin dato,1,aa29dc2c1d9f239c1a6960b4d1f7c392f8fb3e5f66f1e97b47f52cbedc00019f,25/06/2023 23:27:59,ESCANER
2108,"Guatemala",1,"Santa Catarina Pinula",2,162,380,0,3,96,8,6,2,10,1,69,1,2,4,1,1,0,8,1,0,213,2,0,215,0,215,--,380,165,213,215,215,Algún campo sin dato,1,efa9ef17f791d06d15e30e227419a870a2611cea1903f2ef6f19a7f1d2e528a0,25/06/2023 23:48:35,ESCANER
2109,"Guatemala",1,"Santa Catarina Pinula",2,162,290,0,4,90,3,1,0,12,1,29,1,0,3,0,1,0,1,0,0,146,5,0,151,0,151,--,290,139,146,151,151,Algún campo sin dato,1,6a8f5b8173c64f7a1bc7b07b2f83e92b0af5800688024e77700d1ec36b59c142,25/06/2023 23:43:31,ESCANER
2110,"Guatemala",1,"Santa Catarina Pinula",2,162,289,0,3,65,6,0,1,13,0,32,2,2,6,0,0,1,6,0,1,138,3,0,141,0,141,--,286,145,138,141,141,Algún campo sin dato,1,0f216bc1810ef9b31d36ad43ecfb3083a10549078e458778cb5e8fa597518f76,25/06/2023 22:15:41,ESCANER
2111,"Guatemala",1,"Santa Catarina Pinula",2,163,380,5,9,160,10,4,5,32,1,31,4,2,2,0,1,0,10,0,5,281,14,0,295,0,295,--,380,85,281,295,295,Algún campo sin dato,1,2cbc0ae1c2591d2096eeddb4cb3f3f0a7444e75425eb13348034a4a3cf5cbc43,25/06/2023 23:07:30,ESCANER
2112,"Guatemala",1,"Santa Catarina Pinula",2,163,380,3,11,151,3,1,0,30,4,33,3,1,5,0,1,0,6,0,1,253,9,1,263,0,263,--,380,117,253,263,263,Algún campo sin dato,1,21583cf1fdf35d39c33b1e5e333c2b76747d407dd2e2042227fa6b6090a2f027,25/06/2023 23:29:58,ESCANER
2113,"Guatemala",1,"Santa Catarina Pinula",2,163,380,3,12,150,5,6,0,29,4,45,2,5,4,1,1,3,3,0,0,273,15,1,289,0,289,--,380,88,273,289,289,Algún campo sin dato,1,84d93d28902137d35dac7fd35d407ddf861c805778232f2fe6a16b6b34522215,25/06/2023 23:45:41,ESCANER
2114,"Guatemala",1,"Santa Catarina Pinula",2,163,380,4,11,146,3,5,2,50,4,26,5,2,3,3,3,0,8,0,1,276,13,0,289,0,289,--,379,90,276,289,289,Algún campo sin dato,1,f6a5f84cb2ffeeae6c4aac4f9a7c002e095dd441533ce2f85756e97b8dc2fa7b,25/06/2023 23:35:57,ESCANER
2115,"Guatemala",1,"Santa Catarina Pinula",2,163,380,4,7,155,8,5,3,38,2,22,2,3,5,0,3,0,4,0,3,264,12,1,277,0,277,--,380,103,264,277,277,Algún campo sin dato,1,d6cc3990299d4e6ee1b872425389447f08dca2dbe0a20281cd3f967457aedc58,25/06/2023 22:40:26,ESCANER
2116,"Guatemala",1,"Santa Catarina Pinula",2,163,380,2,7,137,0,2,1,30,2,32,5,1,2,2,2,1,6,0,1,233,7,2,242,0,242,--,380,138,233,242,242,Algún campo sin dato,1,8c1d8f6b8fba0c0e95dbad00cf6db020da9e1e8af350450361e5a5f77d019504,25/06/2023 22:54:40,ESCANER
2117,"Guatemala",1,"Santa Catarina Pinula",2,163,380,1,11,175,6,2,2,27,1,26,5,1,0,0,2,1,5,0,1,266,20,1,287,0,287,--,380,93,266,287,287,Algún campo sin dato,1,58140f07ee2bf9af997b140f84d95fb839c8ce433df0d2e74a86eceef3acefc2,25/06/2023 23:19:36,ESCANER
2118,"Guatemala",1,"Santa Catarina Pinula",2,163,380,0,7,165,6,3,1,22,2,24,5,1,4,0,4,0,10,0,1,255,11,0,266,0,266,--,380,114,255,266,266,Algún campo sin dato,1,729a91a133947a48af719a6e1d218957c6aed8219df7e1051d59ee17d831d102,25/06/2023 22:31:36,ESCANER
2119,"Guatemala",1,"Santa Catarina Pinula",2,164,380,,,,,,,,,,,,,,,,,,,,,,,,,,,,,,,,0,,,
2120,"Guatemala",1,"Santa Catarina Pinula",2,164,380,,,,,,,,,,,,,,,,,,,,,,,,,,,,,,,,0,,,
2121,"Guatemala",1,"Santa Catarina Pinula",2,164,380,,,,,,,,,,,,,,,,,,,,,,,,,,,,,,,,0,,,
2122,"Guatemala",1,"Santa Catarina Pinula",2,164,380,,,,,,,,,,,,,,,,,,,,,,,,,,,,,,,,0,,,
2123,"Guatemala",1,"Santa Catarina Pinula",2,164,380,,,,,,,,,,,,,,,,,,,,,,,,,,,,,,,,0,,,
2124,"Guatemala",1,"Santa Catarina Pinula",2,164,380,2,17,105,6,4,0,42,3,30,4,7,0,0,3,2,5,1,2,233,9,0,242,0,242,--,380,138,233,242,242,Algún campo sin dato,1,cc4d74f5cf1a7cb4e2c00631262d2be42c2f96eb1285da672110588c2c367afd,25/06/2023 23:36:19,ESCANER
2125,"Guatemala",1,"Santa Catarina Pinula",2,164,380,,,,,,,,,,,,,,,,,,,,,,,,,,,,,,,,0,,,
2126,"Guatemala",1,"Santa Catarina Pinula",2,164,380,,,,,,,,,,,,,,,,,,,,,,,,,,,,,,,,0,,,
2127,"Guatemala",1,"Santa Catarina Pinula",2,164,355,,,,,,,,,,,,,,,,,,,,,,,,,,,,,,,,0,,,
2128,"Guatemala",1,"Santa Catarina Pinula",2,164,354,0,4,136,0,2,0,15,0,17,0,2,1,1,1,1,6,1,2,189,5,0,194,0,194,--,350,156,189,194,194,Algún campo sin dato,1,5e5b3bc8fce7bc72fbd6b1873d053d12b558399cd71d2d1ceb22cf63dc19cf29,25/06/2023 23:10:25,ESCANER
2129,"Guatemala",1,"Santa Catarina Pinula",2,165,380,,,,,,,,,,,,,,,,,,,,,,,,,,,,,,,,0,,,
2130,"Guatemala",1,"Santa Catarina Pinula",2,165,380,,,,,,,,,,,,,,,,,,,,,,,,,,,,,,,,0,,,
2131,"Guatemala",1,"Santa Catarina Pinula",2,165,380,,,,,,,,,,,,,,,,,,,,,,,,,,,,,,,,0,,,
2132,"Guatemala",1,"Santa Catarina Pinula",2,165,380,,,,,,,,,,,,,,,,,,,,,,,,,,,,,,,,0,,,
2133,"Guatemala",1,"Santa Catarina Pinula",2,165,380,3,25,141,5,0,1,19,1,24,2,5,7,0,1,1,6,0,4,245,19,1,265,0,265,--,377,112,245,265,265,Algún campo sin dato,1,bdf6c6b4340c2457ad7fc32a30ebaee67761d506cab691bfad9d11321013d7f1,26/06/2023 00:05:24,ESCANER
2134,"Guatemala",1,"Santa Catarina Pinula",2,165,380,,,,,,,,,,,,,,,,,,,,,,,,,,,,,,,,0,,,
2135,"Guatemala",1,"Santa Catarina Pinula",2,165,380,,,,,,,,,,,,,,,,,,,,,,,,,,,,,,,,0,,,
2136,"Guatemala",1,"Santa Catarina Pinula",2,165,380,,,,,,,,,,,,,,,,,,,,,,,,,,,,,,,,0,,,
2137,"Guatemala",1,"Santa Catarina Pinula",2,165,191,2,13,60,3,0,1,9,1,12,4,1,2,0,1,0,2,0,3,114,2,0,116,0,116,--,191,75,114,116,116,Algún campo sin dato,1,16ab12e85da5dc5ed4069df3736a4b0d64ebe873cd300e6214da6f13b167c5d5,26/06/2023 00:21:53,ESCANER
2138,"Guatemala",1,"Santa Catarina Pinula",2,165,191,1,9,65,1,0,0,6,1,14,3,1,7,0,0,0,4,0,1,113,3,1,117,0,117,--,191,74,113,117,117,Algún campo sin dato,1,255e66607ac5dab63242ccf68bdd220f9bedf14d57d9b5d92ac0438f10ba00a5,25/06/2023 23:22:44,ESCANER
2139,"Guatemala",1,"Santa Catarina Pinula",2,166,380,,,,,,,,,,,,,,,,,,,,,,,,,,,,,,,,0,,,
2140,"Guatemala",1,"Santa Catarina Pinula",2,166,380,2,3,111,7,17,3,7,4,98,4,3,2,13,0,0,4,2,2,282,15,1,298,0,298,--,377,79,282,298,298,Algún campo sin dato,1,d6fbe5eeaeb8d8d42acd0e0fcb53750c522371d642b4282c785c57aebcb4c97a,26/06/2023 00:10:18,ESCANER
2141,"Guatemala",1,"Santa Catarina Pinula",2,166,380,,,,,,,,,,,,,,,,,,,,,,,,,,,,,,,,0,,,
2142,"Guatemala",1,"Santa Catarina Pinula",2,166,380,1,5,124,0,9,1,4,2,69,3,2,1,11,1,1,4,1,3,242,11,3,256,2,258,--,376,118,242,256,258,Algún campo sin dato,1,546758eb0cbe36248d891b2305aaf7c93cbf3d304ba04bce5a120498d7816e23,26/06/2023 00:06:02,ESCANER
2143,"Guatemala",1,"Santa Catarina Pinula",2,166,380,1,7,118,4,8,3,6,1,103,2,2,2,11,2,0,5,0,2,277,12,0,289,0,289,1,377,86,277,289,289,,1,b3cf381299c77bc01a177b443f3300f005f5ef28df97749b55631e4587354094,26/06/2023 00:15:16,ESCANER
2144,"Guatemala",1,"Santa Catarina Pinula",2,166,380,,,,,,,,,,,,,,,,,,,,,,,,,,,,,,,,0,,,
2145,"Guatemala",1,"Santa Catarina Pinula",2,166,364,,,,,,,,,,,,,,,,,,,,,,,,,,,,,,,,0,,,
2146,"Guatemala",1,"Santa Catarina Pinula",2,166,364,2,3,104,4,12,2,4,1,82,5,0,0,9,0,0,3,0,1,232,4,1,237,0,237,--,361,124,232,237,237,Algún campo sin dato,1,98d63d251baa64f203db3746fab707b020da82199fb45914200e4ee194e2eb58,25/06/2023 23:39:33,ESCANER
2147,"Guatemala",1,"Santa Catarina Pinula",2,167,380,4,6,73,9,14,0,30,0,97,4,3,0,3,4,0,6,0,5,258,22,2,282,1,283,1,380,97,258,282,283,,1,b46372469fa35446a17a74148e4072ed5c9e371631623c3e5470c7a56d8817a2,25/06/2023 23:49:53,ESCANER
2148,"Guatemala",1,"Santa Catarina Pinula",2,167,246,0,5,53,2,9,0,15,1,70,2,1,0,4,2,0,2,1,4,171,16,0,187,0,187,--,243,56,171,187,187,Algún campo sin dato,1,b65fe0d506edebb0336a9a9e37d824790ace4ebc111748d6269bbe4597743415,26/06/2023 00:08:59,ESCANER
2149,"Guatemala",1,"Santa Catarina Pinula",2,167,246,0,4,51,5,10,1,16,1,47,1,0,0,3,2,3,3,0,0,147,1,0,148,0,148,--,246,98,147,148,148,Algún campo sin dato,1,da1f760a2f641a2dcbb2446416dfe7fed0a5cf760a28fdd67b24261408a1a90d,25/06/2023 23:53:19,ESCANER
2150,"Guatemala",1,"Santa Catarina Pinula",2,168,380,3,3,161,1,4,5,29,3,53,2,2,2,2,0,1,2,0,3,276,15,1,292,--,--,--,380,88,276,292,292,Algún campo sin dato,1,d56da5ada12c620c17a6a6a870d0ff3a1ba823d0eab4a7093b1eec5e371883b4,25/06/2023 23:55:16,ESCANER
2151,"Guatemala",1,"Santa Catarina Pinula",2,168,380,,,,,,,,,,,,,,,,,,,,,,,,,,,,,,,,0,,,
2152,"Guatemala",1,"Santa Catarina Pinula",2,168,380,,,,,,,,,,,,,,,,,,,,,,,,,,,,,,,,0,,,
2153,"Guatemala",1,"Santa Catarina Pinula",2,168,380,,,,,,,,,,,,,,,,,,,,,,,,,,,,,,,,0,,,
2154,"Guatemala",1,"Santa Catarina Pinula",2,168,380,3,0,147,2,3,3,26,1,53,2,2,2,0,3,1,3,0,5,256,17,1,274,--,--,--,--,--,256,274,274,Algún campo sin dato,1,0522d03372951ae4ea9615dbd5ecb6a40089c414ec4ebab16909c834b2861ed2,26/06/2023 00:12:23,ESCANER
2155,"Guatemala",1,"Santa Catarina Pinula",2,168,380,2,1,160,4,4,3,22,1,44,3,0,2,0,1,0,3,0,6,256,9,2,267,0,--,--,378,111,256,267,267,Algún campo sin dato,1,26e6d363d9beb61771b642ebb68a21d147e6ed0973bcbd3e433b5b8d00654250,26/06/2023 00:01:46,ESCANER
2156,"Guatemala",1,"Santa Catarina Pinula",2,168,191,1,1,85,1,0,1,8,1,30,0,1,2,0,0,0,6,1,0,138,5,1,144,0,144,--,191,47,138,144,144,Algún campo sin dato,1,b574bec689f405639989e875d43402df719b4991b46646b994c3c85acdd62037,25/06/2023 23:42:22,ESCANER
2157,"Guatemala",1,"Santa Catarina Pinula",2,168,190,0,0,80,0,1,2,5,0,21,1,1,1,1,0,0,2,0,1,116,3,1,120,--,--,--,190,70,116,120,120,Algún campo sin dato,1,7aca60b1d0e0c008cea671680cb8100ab226935928df9d4a35f0b145794444f5,25/06/2023 23:29:00,ESCANER
2158,"Guatemala",1,"Santa Catarina Pinula",2,169,380,2,7,127,5,27,0,13,0,68,0,5,4,0,3,0,2,1,3,267,13,2,282,0,282,--,376,94,267,282,282,Algún campo sin dato,1,0fda8d95a13736f4b8a315a0b4a4a3a3fd929d9891b92dd9f0cb84e45ded653a,26/06/2023 00:16:33,ESCANER
2159,"Guatemala",1,"Santa Catarina Pinula",2,169,380,,,,,,,,,,,,,,,,,,,,,,,,,,,,,,,,0,,,
2160,"Guatemala",1,"Santa Catarina Pinula",2,169,265,1,1,78,5,12,0,5,4,42,1,4,2,1,0,0,5,0,0,161,10,4,175,0,175,--,265,90,161,175,175,Algún campo sin dato,1,5c3d92554f17dfb3cecf78bdc0d95be7871036cd1e48d4839e9280acd7927044,26/06/2023 00:03:50,ESCANER
2161,"Guatemala",1,"Santa Catarina Pinula",2,169,265,1,2,86,1,11,2,3,1,27,0,4,1,0,1,0,4,0,0,144,2,0,146,0,146,--,265,119,144,146,146,Algún campo sin dato,1,5b533fa4cd351fa46cf6d3dc444d7d75b80f439292d3fd59c69e9ef69bfd0c4f,25/06/2023 23:32:38,ESCANER
2162,"Guatemala",1,"Santa Catarina Pinula",2,170,380,,,,,,,,,,,,,,,,,,,,,,,,,,,,,,,,0,,,
2163,"Guatemala",1,"Santa Catarina Pinula",2,170,380,,,,,,,,,,,,,,,,,,,,,,,,,,,,,,,,0,,,
2164,"Guatemala",1,"Santa Catarina Pinula",2,170,380,,,,,,,,,,,,,,,,,,,,,,,,,,,,,,,,0,,,
2165,"Guatemala",1,"Santa Catarina Pinula",2,170,200,,,,,,,,,,,,,,,,,,,,,,,,,,,,,,,,0,,,
2166,"Guatemala",1,"Santa Catarina Pinula",2,170,199,,,,,,,,,,,,,,,,,,,,,,,,,,,,,,,,0,,,
2167,"Guatemala",1,"Santa Catarina Pinula",2,171,380,,,,,,,,,,,,,,,,,,,,,,,,,,,,,,,,0,,,
2168,"Guatemala",1,"Santa Catarina Pinula",2,171,346,5,2,89,0,7,0,39,3,65,1,4,1,0,2,2,3,1,0,224,17,1,242,0,242,--,346,104,224,242,242,Algún campo sin dato,1,0928df6dff470936397615726d0f28108f2e052bad30a3d29123d1f78100079c,26/06/2023 00:16:02,ESCANER
2169,"Guatemala",1,"Santa Catarina Pinula",2,171,346,,,,,,,,,,,,,,,,,,,,,,,,,,,,,,,,0,,,
2170,"Guatemala",1,"Santa Catarina Pinula",2,172,600,,,,,,,,,,,,,,,,,,,,,,,,,,,,,,,,0,,,
2171,"Guatemala",1,"Santa Catarina Pinula",2,172,600,6,5,100,3,13,2,11,2,70,7,1,0,2,2,2,3,2,4,235,10,0,245,0,245,--,600,355,235,245,245,Algún campo sin dato,1,c56d43ee0f78007f617d9a91902d5a4cecf7174b495364200a3d9dc08dcaaa12,26/06/2023 00:00:49,ESCANER
2172,"Guatemala",1,"Santa Catarina Pinula",2,172,600,,,,,,,,,,,,,,,,,,,,,,,,,,,,,,,,0,,,
2173,"Guatemala",1,"Santa Catarina Pinula",2,172,505,,,,,,,,,,,,,,,,,,,,,,,,,,,,,,,,0,,,
2174,"Guatemala",1,"Santa Catarina Pinula",2,172,505,1,2,34,0,6,0,8,1,32,2,2,1,2,0,0,4,0,2,97,4,0,101,0,101,--,505,404,97,101,101,Algún campo sin dato,1,3b21b45ff81fac22c1a857413eccf1101aae8ec702ea151527584ec86815471e,25/06/2023 23:10:33,ESCANER