﻿TIPO_DE_ELECCIÓN:,CORPORACIÓN MUNICIPAL
26 junio 2023 00:28 (UTC -6)
ACTAS_ESPERADAS,ACTAS_CAPTURADAS,PORCENTAJE_ACTAS_CAPTURADAS,ACTAS_CONTABILIZADAS,PORCENTAJE_ACTAS_CONTABILIZADAS,ACTAS_NO_CONTABILIZADAS,LISTA_NOMINAL_ACTAS_CONTABILIZADAS,VOTOS_EMITIDOS_CONTABILIZADAS,PORCENTAJE_PARTICIPACIÓN_CIUDADANA
119,51,42.8571,51,42.8571,0,18045,9088,50.3629

MESA,DEPARTAMENTO,ID_DEPARTAMENTO,MUNICIPIO,ID_MUNICIPIO,CENTRO_DE_VOTACIÓN,PADRÓN,VIVA,ELEFANTE,VICTORIA,COCIG,PR,VAMOS,SEMILLA,PHG,DESHE,CABAL,U R N G - MAIZ,MLP,BIEN,PODEMOS,VALOR,PPN,CREO,TODOS,VOS,PIN,AZUL,UNE,VÁLIDOS,NULOS,BLANCO,EMITIDOS,INVÁLIDOS,TOTAL,IMPUGNACIONES,PAPELETAS-RECIBIDAS,PAPELETAS-NO-USADAS,VALIDOS_CALCULADO,EMITIDOS_CALCULADO,TOTAL_CALCULADO,OBSERVACIONES,CONTABILIZADA,CÓDIGO_INTEGRIDAD,FECHA_HORA_PUBLICACIÓN,DIGITALIZACIÓN
13214,"San Marcos",12,"San Pedro Sacatepéquez",2,1803,400,50,14,6,13,3,19,13,6,1,6,1,22,18,0,4,28,0,23,1,0,1,3,232,14,0,246,0,246,--,400,154,232,246,246,Algún campo sin dato,1,416489e76d96cef0196f359caeb1827aec39a338b695a86b89e268b852a10eba,26/06/2023 00:27:00,ESCANER
13215,"San Marcos",12,"San Pedro Sacatepéquez",2,1803,400,,,,,,,,,,,,,,,,,,,,,,,,,,,,,,,,,,,,0,,,
13216,"San Marcos",12,"San Pedro Sacatepéquez",2,1803,400,44,24,5,11,2,17,20,6,2,13,4,12,15,3,6,26,0,20,0,2,5,6,243,15,4,262,0,262,0,400,138,243,262,262,,1,d2643624461d3b9de78870c36ceade29ccf4adc70af3e8061d6da917ef6e2d62,25/06/2023 23:51:44,ESCANER
13217,"San Marcos",12,"San Pedro Sacatepéquez",2,1803,400,,,,,,,,,,,,,,,,,,,,,,,,,,,,,,,,,,,,0,,,
13218,"San Marcos",12,"San Pedro Sacatepéquez",2,1803,400,,,,,,,,,,,,,,,,,,,,,,,,,,,,,,,,,,,,0,,,
13219,"San Marcos",12,"San Pedro Sacatepéquez",2,1803,400,,,,,,,,,,,,,,,,,,,,,,,,,,,,,,,,,,,,0,,,
13220,"San Marcos",12,"San Pedro Sacatepéquez",2,1803,400,,,,,,,,,,,,,,,,,,,,,,,,,,,,,,,,,,,,0,,,
13221,"San Marcos",12,"San Pedro Sacatepéquez",2,1803,400,,,,,,,,,,,,,,,,,,,,,,,,,,,,,,,,,,,,0,,,
13222,"San Marcos",12,"San Pedro Sacatepéquez",2,1803,400,,,,,,,,,,,,,,,,,,,,,,,,,,,,,,,,,,,,0,,,
13223,"San Marcos",12,"San Pedro Sacatepéquez",2,1803,400,,,,,,,,,,,,,,,,,,,,,,,,,,,,,,,,,,,,0,,,
13224,"San Marcos",12,"San Pedro Sacatepéquez",2,1803,400,,,,,,,,,,,,,,,,,,,,,,,,,,,,,,,,,,,,0,,,
13225,"San Marcos",12,"San Pedro Sacatepéquez",2,1803,400,,,,,,,,,,,,,,,,,,,,,,,,,,,,,,,,,,,,0,,,
13226,"San Marcos",12,"San Pedro Sacatepéquez",2,1803,400,46,17,6,10,8,20,22,6,0,4,3,21,11,1,7,15,2,18,2,2,3,4,228,5,2,235,0,235,0,400,165,228,235,235,,1,2c55cd0ff6b03aaf630e362851e66111979c79be2fc91b6a15c18088defd9805,25/06/2023 23:25:20,ESCANER
13227,"San Marcos",12,"San Pedro Sacatepéquez",2,1803,400,,,,,,,,,,,,,,,,,,,,,,,,,,,,,,,,,,,,0,,,
13228,"San Marcos",12,"San Pedro Sacatepéquez",2,1803,400,,,,,,,,,,,,,,,,,,,,,,,,,,,,,,,,,,,,0,,,
13229,"San Marcos",12,"San Pedro Sacatepéquez",2,1803,400,46,14,7,10,6,27,15,8,0,8,1,22,15,4,10,22,1,23,5,3,1,3,251,3,2,256,144,400,0,400,144,251,256,400,,1,a9dde45dddc3aba2f2ab2f2ad09b3a4df24fc6525f7b4d106a44ec328e434b4d,26/06/2023 00:08:47,ESCANER
13230,"San Marcos",12,"San Pedro Sacatepéquez",2,1803,400,,,,,,,,,,,,,,,,,,,,,,,,,,,,,,,,,,,,0,,,
13231,"San Marcos",12,"San Pedro Sacatepéquez",2,1803,400,,,,,,,,,,,,,,,,,,,,,,,,,,,,,,,,,,,,0,,,
13232,"San Marcos",12,"San Pedro Sacatepéquez",2,1803,400,,,,,,,,,,,,,,,,,,,,,,,,,,,,,,,,,,,,0,,,
13233,"San Marcos",12,"San Pedro Sacatepéquez",2,1803,400,,,,,,,,,,,,,,,,,,,,,,,,,,,,,,,,,,,,0,,,
13234,"San Marcos",12,"San Pedro Sacatepéquez",2,1803,400,,,,,,,,,,,,,,,,,,,,,,,,,,,,,,,,,,,,0,,,
13235,"San Marcos",12,"San Pedro Sacatepéquez",2,1803,400,,,,,,,,,,,,,,,,,,,,,,,,,,,,,,,,,,,,0,,,
13236,"San Marcos",12,"San Pedro Sacatepéquez",2,1803,400,,,,,,,,,,,,,,,,,,,,,,,,,,,,,,,,,,,,0,,,
13237,"San Marcos",12,"San Pedro Sacatepéquez",2,1803,400,,,,,,,,,,,,,,,,,,,,,,,,,,,,,,,,,,,,0,,,
13238,"San Marcos",12,"San Pedro Sacatepéquez",2,1803,400,36,24,6,8,1,22,8,8,0,8,2,16,9,2,4,26,2,30,4,2,3,3,224,12,0,236,0,236,--,400,164,224,236,236,Algún campo sin dato,1,cb5552ab04f75d4d5ea1bc93b257593a65bd75c095bf6a09bf35418e9cd8d617,26/06/2023 00:21:34,ESCANER
13239,"San Marcos",12,"San Pedro Sacatepéquez",2,1804,400,,,,,,,,,,,,,,,,,,,,,,,,,,,,,,,,,,,,0,,,
13240,"San Marcos",12,"San Pedro Sacatepéquez",2,1804,400,40,17,4,8,4,18,15,3,1,13,4,20,12,0,6,24,1,19,2,2,1,3,217,9,1,227,0,227,--,400,173,217,227,227,Algún campo sin dato,1,7f406281fb9829931e63e768a09b073511e1903eeec0ea482e418bf7f1ed6458,25/06/2023 22:04:41,ESCANER
13241,"San Marcos",12,"San Pedro Sacatepéquez",2,1804,400,31,17,4,14,8,20,11,11,2,9,5,26,17,5,10,20,1,22,0,1,4,4,242,6,2,242,8,250,0,400,150,242,250,258,Sumas Asentadas sin cuadrar,1,903d0ea3a120ce5f04d49fdf7ae5ce1d9fd07d6996c1099a4e1c45d7591a909e,26/06/2023 00:26:25,ESCANER
13242,"San Marcos",12,"San Pedro Sacatepéquez",2,1804,400,,,,,,,,,,,,,,,,,,,,,,,,,,,,,,,,,,,,0,,,
13243,"San Marcos",12,"San Pedro Sacatepéquez",2,1805,400,20,19,4,11,9,15,28,1,0,8,0,21,4,4,7,19,1,27,3,0,0,2,203,8,1,212,0,212,0,400,188,203,212,212,,1,1560ac48e6404c411e0779a2589e774f0729b4661eec59551ace4e9311687220,26/06/2023 00:02:24,ESCANER
13244,"San Marcos",12,"San Pedro Sacatepéquez",2,1805,400,,,,,,,,,,,,,,,,,,,,,,,,,,,,,,,,,,,,0,,,
13245,"San Marcos",12,"San Pedro Sacatepéquez",2,1805,400,31,16,11,8,3,22,30,2,1,11,1,24,12,2,5,21,0,20,2,1,0,2,225,4,1,230,0,230,0,400,170,225,230,230,,1,0b301eac397fd1a8903f7c71435921eebda956b00c2d5aa022afca063e0ac1c9,26/06/2023 00:09:48,ESCANER
13246,"San Marcos",12,"San Pedro Sacatepéquez",2,1805,400,,,,,,,,,,,,,,,,,,,,,,,,,,,,,,,,,,,,0,,,
13247,"San Marcos",12,"San Pedro Sacatepéquez",2,1805,232,22,6,2,8,2,17,4,4,0,1,4,7,6,0,4,10,2,13,1,0,1,2,116,6,2,124,0,124,0,232,108,116,124,124,,1,08e7b7a1dfc0139638c8c07e3c9a6bbe0e20084dcf8cdac1ba04af1f81a0da41,25/06/2023 22:57:18,ESCANER
13248,"San Marcos",12,"San Pedro Sacatepéquez",2,1805,232,14,10,7,5,2,8,6,3,1,8,3,5,4,0,4,3,0,10,2,0,0,1,96,2,2,100,0,100,0,229,129,96,100,100,,1,78cf0bae3fe4ea86db8e6e3189bf1214ae3dfebb1abd2cec5888d8da7b4cf306,25/06/2023 23:31:20,ESCANER
13249,"San Marcos",12,"San Pedro Sacatepéquez",2,1806,400,32,12,3,13,3,43,6,11,0,9,3,10,4,5,17,28,0,23,1,8,2,2,235,4,4,243,0,243,0,400,157,235,243,243,,1,80334aedfbd7ca98fbd55f0164aefdfa8e84648c94f777b73bfec1f75f47e95f,25/06/2023 23:48:32,ESCANER
13250,"San Marcos",12,"San Pedro Sacatepéquez",2,1806,400,41,12,3,15,8,40,9,12,1,11,2,9,7,3,23,18,1,17,0,5,1,2,240,7,4,251,0,251,0,368,117,240,251,251,,1,b4eb092614e8beba79c1cc8cf7fc26490c12c72a8d578a4641b5acc315d75dd3,25/06/2023 23:53:57,ESCANER
13251,"San Marcos",12,"San Pedro Sacatepéquez",2,1806,400,,,,,,,,,,,,,,,,,,,,,,,,,,,,,,,,,,,,0,,,
13252,"San Marcos",12,"San Pedro Sacatepéquez",2,1806,400,,,,,,,,,,,,,,,,,,,,,,,,,,,,,,,,,,,,0,,,
13253,"San Marcos",12,"San Pedro Sacatepéquez",2,1806,400,,,,,,,,,,,,,,,,,,,,,,,,,,,,,,,,,,,,0,,,
13254,"San Marcos",12,"San Pedro Sacatepéquez",2,1806,400,,,,,,,,,,,,,,,,,,,,,,,,,,,,,,,,,,,,0,,,
13255,"San Marcos",12,"San Pedro Sacatepéquez",2,1806,400,,,,,,,,,,,,,,,,,,,,,,,,,,,,,,,,,,,,0,,,
13256,"San Marcos",12,"San Pedro Sacatepéquez",2,1806,400,35,9,5,14,2,32,10,5,1,6,4,10,1,1,11,10,1,18,0,5,1,2,183,7,1,191,0,191,0,394,203,183,191,191,,1,c0f053d4105901aa203062fd5256660fbb204f993991e5265ddb0c6d6f83c068,26/06/2023 00:23:13,ESCANER
13257,"San Marcos",12,"San Pedro Sacatepéquez",2,1806,264,,,,,,,,,,,,,,,,,,,,,,,,,,,,,,,,,,,,0,,,
13258,"San Marcos",12,"San Pedro Sacatepéquez",2,1806,263,25,6,2,9,4,32,4,9,0,3,0,4,2,4,12,6,1,14,2,0,1,0,140,5,2,147,0,147,0,261,114,140,147,147,,1,e33a49c893d539a463db2c2357dfe6fb5ec4aa2aa8d328250d90151991327d11,26/06/2023 00:26:10,ESCANER
13259,"San Marcos",12,"San Pedro Sacatepéquez",2,1807,400,,,,,,,,,,,,,,,,,,,,,,,,,,,,,,,,,,,,0,,,
13260,"San Marcos",12,"San Pedro Sacatepéquez",2,1807,258,26,12,2,3,5,12,6,4,0,3,1,5,2,0,2,24,3,7,2,0,4,2,125,8,3,136,0,136,0,258,122,125,136,136,,1,aecae739f003b12e19f0a8d172d1547ee74df2c1facead8ef4ea7291be4ee955,25/06/2023 23:49:51,ESCANER
13261,"San Marcos",12,"San Pedro Sacatepéquez",2,1807,258,33,8,0,8,5,5,8,3,1,6,0,1,2,3,7,12,2,14,1,0,1,1,121,3,3,127,0,127,--,264,137,121,127,127,Algún campo sin dato,1,6538269eba57908996cb9d5afe2da3c820cff3863e2a49a25611ff69f30863e4,25/06/2023 22:26:14,ESCANER
13262,"San Marcos",12,"San Pedro Sacatepéquez",2,1808,400,39,38,3,12,3,20,15,7,2,11,6,14,14,2,6,34,2,17,4,0,6,8,263,12,2,277,0,277,0,400,123,263,277,277,,1,abd2174205cad38af02f3302da75a6af7c89e2a95a385047d44fe438567b4386,26/06/2023 00:17:36,ESCANER
13263,"San Marcos",12,"San Pedro Sacatepéquez",2,1808,400,,,,,,,,,,,,,,,,,,,,,,,,,,,,,,,,,,,,0,,,
13264,"San Marcos",12,"San Pedro Sacatepéquez",2,1808,400,,,,,,,,,,,,,,,,,,,,,,,,,,,,,,,,,,,,0,,,
13265,"San Marcos",12,"San Pedro Sacatepéquez",2,1808,400,,,,,,,,,,,,,,,,,,,,,,,,,,,,,,,,,,,,0,,,
13266,"San Marcos",12,"San Pedro Sacatepéquez",2,1808,400,44,40,5,11,4,16,22,4,0,17,3,16,16,0,9,34,4,20,3,2,3,7,280,15,1,296,0,296,0,400,104,280,296,296,,1,489aa4de6ec007932fd1f30ed00a97c8ad93f0160cf672ffbb3b34d32f3096f1,25/06/2023 23:13:37,ESCANER
13267,"San Marcos",12,"San Pedro Sacatepéquez",2,1808,400,,,,,,,,,,,,,,,,,,,,,,,,,,,,,,,,,,,,0,,,
13268,"San Marcos",12,"San Pedro Sacatepéquez",2,1808,400,,,,,,,,,,,,,,,,,,,,,,,,,,,,,,,,,,,,0,,,
13269,"San Marcos",12,"San Pedro Sacatepéquez",2,1808,400,,,,,,,,,,,,,,,,,,,,,,,,,,,,,,,,,,,,0,,,
13270,"San Marcos",12,"San Pedro Sacatepéquez",2,1808,400,,,,,,,,,,,,,,,,,,,,,,,,,,,,,,,,,,,,0,,,
13271,"San Marcos",12,"San Pedro Sacatepéquez",2,1808,400,,,,,,,,,,,,,,,,,,,,,,,,,,,,,,,,,,,,0,,,
13272,"San Marcos",12,"San Pedro Sacatepéquez",2,1809,400,,,,,,,,,,,,,,,,,,,,,,,,,,,,,,,,,,,,0,,,
13273,"San Marcos",12,"San Pedro Sacatepéquez",2,1809,400,,,,,,,,,,,,,,,,,,,,,,,,,,,,,,,,,,,,0,,,
13274,"San Marcos",12,"San Pedro Sacatepéquez",2,1809,339,,,,,,,,,,,,,,,,,,,,,,,,,,,,,,,,,,,,0,,,
13275,"San Marcos",12,"San Pedro Sacatepéquez",2,1809,339,,,,,,,,,,,,,,,,,,,,,,,,,,,,,,,,,,,,0,,,
13276,"San Marcos",12,"San Pedro Sacatepéquez",2,1810,380,46,1,5,2,0,23,2,6,0,5,4,4,0,0,1,18,1,12,0,1,0,1,128,9,6,143,0,143,0,380,237,132,147,147,Sumas Asentadas sin cuadrar,1,a0eb0c75a94e5b274233eecdeb0034d2d958c36e62bcfd60178e677edef6850d,25/06/2023 22:25:55,ESCANER
13277,"San Marcos",12,"San Pedro Sacatepéquez",2,1810,380,54,1,10,1,1,15,1,7,0,11,1,0,0,1,6,18,1,12,0,0,0,1,141,13,5,159,0,159,--,380,221,141,159,159,Algún campo sin dato,1,c36a2f9ee090044f365746bc6b4999fdee2a21fda8fcf01e2149202d1e8681c7,25/06/2023 21:54:06,ESCANER
13278,"San Marcos",12,"San Pedro Sacatepéquez",2,1810,380,77,0,5,1,1,25,2,3,0,10,2,0,0,1,4,20,3,12,0,0,1,2,169,15,8,192,0,192,0,380,188,169,192,192,,1,0b20ed4a130586d452a991a155c26516557110c89c5b77790f430379af3b8737,25/06/2023 22:52:04,ESCANER
13279,"San Marcos",12,"San Pedro Sacatepéquez",2,1810,380,59,1,8,1,0,15,2,2,0,8,0,0,1,0,2,19,1,15,0,0,1,2,137,4,0,141,0,141,--,380,239,137,141,141,Algún campo sin dato,1,9ecd8d24639606de8349432050897af955f19d815a1dec0ab52ff772f47a009a,25/06/2023 21:37:15,ESCANER
13280,"San Marcos",12,"San Pedro Sacatepéquez",2,1810,380,54,1,2,1,0,19,2,4,0,9,1,0,1,0,1,16,2,10,0,0,1,3,127,16,1,144,0,144,0,380,236,127,144,144,,1,ae74e36546f9af6efef3ac0a10d439aa155a1f3cc1e89419835aac2cdddcafde,25/06/2023 22:43:47,ESCANER
13281,"San Marcos",12,"San Pedro Sacatepéquez",2,1810,287,38,1,3,0,1,17,1,8,0,8,0,0,0,1,3,13,2,8,0,0,1,2,107,11,3,121,0,121,--,284,163,107,121,121,Algún campo sin dato,1,64bef58151aefa8373be54a771f014a4558ae985e00bf4b0bb7f8e358515fddb,25/06/2023 21:43:03,ESCANER
13282,"San Marcos",12,"San Pedro Sacatepéquez",2,1810,286,36,3,1,0,0,23,4,4,0,2,0,2,0,1,2,9,1,6,0,0,2,2,98,4,1,103,1,104,--,286,182,98,103,104,Algún campo sin dato,1,d7cce1b25aa60e319f3393b399fd535abee94a896ad8b1dcd099741c54ec87f7,25/06/2023 21:17:09,ESCANER
13283,"San Marcos",12,"San Pedro Sacatepéquez",2,1811,380,65,0,4,3,1,21,4,1,0,1,2,2,1,1,2,28,1,5,2,0,0,3,147,22,7,176,1,177,0,380,203,147,176,177,,1,d8c8a5d6aa0d2d95c8e1451f10c54ecc278ff9be8ca63edfabcdcce683aabf2b,26/06/2023 00:13:08,ESCANER
13284,"San Marcos",12,"San Pedro Sacatepéquez",2,1811,273,33,0,2,2,0,13,1,1,0,2,1,0,0,1,3,25,1,2,0,1,0,1,89,15,7,111,0,--,0,273,162,89,111,111,Algún campo sin dato,1,5e44df4c1787dca38fd9ae17fe6a0515e8ed4ad93d4694244e2fc4b6542b7b7d,25/06/2023 22:25:37,ESCANER
13285,"San Marcos",12,"San Pedro Sacatepéquez",2,1811,272,39,1,2,0,0,13,2,0,0,1,0,0,0,1,2,17,1,5,0,0,2,2,88,5,1,94,0,94,0,272,178,88,94,94,,1,c4c35ebc059ad7f6465c189463d7672caabba76c530be2b62b5719b4b497e99c,25/06/2023 22:55:31,ESCANER
13286,"San Marcos",12,"San Pedro Sacatepéquez",2,1812,380,36,0,2,1,3,76,1,4,0,2,1,1,13,1,10,16,1,18,0,0,3,5,194,17,12,223,0,223,0,380,157,194,223,223,,1,d388d002918ea000ed96d166c62101c7a6d48c181ab086dfedea08fa03c7857d,25/06/2023 22:50:08,ESCANER
13287,"San Marcos",12,"San Pedro Sacatepéquez",2,1812,380,54,0,3,2,0,64,2,5,0,7,3,0,11,3,4,11,0,15,0,0,3,6,193,18,13,224,0,224,0,377,153,193,224,224,,1,522bc50862fda2c838bd62e590171a621c22678d691b27d5bece4b8a461ea5b2,26/06/2023 00:00:09,ESCANER
13288,"San Marcos",12,"San Pedro Sacatepéquez",2,1812,380,30,3,3,1,1,92,5,7,0,5,1,0,21,2,8,16,1,15,0,0,1,2,214,24,8,246,0,246,0,380,134,214,246,246,,1,33e641fb6c75baee84df0167f96cb868839f315867e25bf923c83e91ab99f718,25/06/2023 23:50:03,ESCANER
13289,"San Marcos",12,"San Pedro Sacatepéquez",2,1812,380,29,0,1,2,0,68,4,6,0,3,1,1,15,1,8,12,1,6,0,0,3,3,164,13,2,179,0,179,0,380,201,164,179,179,,1,8c723327d2f83f1f9508275649a9f27959e47a2f93479b44d72eb60e69ce90c5,25/06/2023 23:40:07,ESCANER
13290,"San Marcos",12,"San Pedro Sacatepéquez",2,1812,380,,,,,,,,,,,,,,,,,,,,,,,,,,,,,,,,,,,,0,,,
13291,"San Marcos",12,"San Pedro Sacatepéquez",2,1812,380,,,,,,,,,,,,,,,,,,,,,,,,,,,,,,,,,,,,0,,,
13292,"San Marcos",12,"San Pedro Sacatepéquez",2,1812,348,22,1,5,0,1,37,2,3,0,1,2,1,19,2,3,11,1,24,1,0,0,2,156,8,9,156,0,156,0,348,192,138,155,155,Sumas Asentadas sin cuadrar,1,36b45ad12804fa99a40f797dcc7d7278fac04d5d419bdd3710d712e34a28ae18,25/06/2023 23:48:31,ESCANER
13293,"San Marcos",12,"San Pedro Sacatepéquez",2,1812,347,27,3,0,0,0,55,1,2,0,5,0,4,22,0,6,11,1,12,0,0,2,2,153,7,2,162,0,162,0,347,185,153,162,162,,1,d6340f00a2fbdf0c9af9293b236f20df134e1e5894f1b9e0f3ea28a82d6cc9fc,25/06/2023 23:06:58,ESCANER
13294,"San Marcos",12,"San Pedro Sacatepéquez",2,1813,380,33,0,0,4,0,22,4,3,0,1,1,0,2,2,7,6,0,0,1,0,5,6,122,20,8,150,0,150,--,380,230,97,125,125,Sumas Asentadas sin cuadrar,1,534013eeca6b746d43f4304cbe35772dcb45f543953030c062b6b4c442e8cf7a,25/06/2023 23:11:54,ESCANER
13295,"San Marcos",12,"San Pedro Sacatepéquez",2,1813,380,31,2,1,6,2,18,1,1,1,0,1,0,1,0,10,2,1,21,0,0,5,2,106,11,4,121,0,121,--,380,259,106,121,121,Algún campo sin dato,1,440104055749cffd6458d4581bdb761cf1afcd63b4e49c207e99405cfc0bc7c0,25/06/2023 23:38:33,ESCANER
13296,"San Marcos",12,"San Pedro Sacatepéquez",2,1813,380,40,0,2,2,0,23,3,6,0,2,2,2,1,1,4,2,4,30,0,0,2,0,126,18,5,149,0,149,--,377,228,126,149,149,Algún campo sin dato,1,1678d0ac134bd793f1deed62067e912c15e4e534e41ac778836e0c85bcd53034,25/06/2023 23:25:19,ESCANER
13297,"San Marcos",12,"San Pedro Sacatepéquez",2,1813,380,39,3,0,3,2,17,2,1,0,1,1,2,1,1,6,2,0,27,1,0,0,1,110,10,4,124,0,124,0,380,256,110,124,124,,1,54fd3e97333f10a7607dddf5f53a31486e012c5eb993942e67c600d9d4e5171e,25/06/2023 22:46:04,ESCANER
13298,"San Marcos",12,"San Pedro Sacatepéquez",2,1813,191,13,0,0,4,1,4,0,1,0,0,0,1,2,1,0,2,0,15,0,0,3,3,50,6,2,58,0,58,0,191,133,50,58,58,,1,f64d48b10c14d5b84e9d8bd941aaf31589ca87c6297f6d063606c612aa591cbf,25/06/2023 22:37:16,ESCANER
13299,"San Marcos",12,"San Pedro Sacatepéquez",2,1813,191,13,1,0,2,0,12,4,2,0,0,0,0,0,0,1,0,0,13,0,0,0,0,48,2,2,52,0,52,--,191,139,48,52,52,Algún campo sin dato,1,5403cbe534fd48888bba25ea64ad628c041cef6f5cfa804daa8c10a4a8728443,25/06/2023 20:23:42,ESCANER
13300,"San Marcos",12,"San Pedro Sacatepéquez",2,1814,380,,,,,,,,,,,,,,,,,,,,,,,,,,,,,,,,,,,,0,,,
13301,"San Marcos",12,"San Pedro Sacatepéquez",2,1814,313,,,,,,,,,,,,,,,,,,,,,,,,,,,,,,,,,,,,0,,,
13302,"San Marcos",12,"San Pedro Sacatepéquez",2,1814,313,,,,,,,,,,,,,,,,,,,,,,,,,,,,,,,,,,,,0,,,
13303,"San Marcos",12,"San Pedro Sacatepéquez",2,1815,380,,,,,,,,,,,,,,,,,,,,,,,,,,,,,,,,,,,,0,,,
13304,"San Marcos",12,"San Pedro Sacatepéquez",2,1815,380,,,,,,,,,,,,,,,,,,,,,,,,,,,,,,,,,,,,0,,,
13305,"San Marcos",12,"San Pedro Sacatepéquez",2,1815,380,39,8,5,13,1,23,8,22,0,8,1,0,8,1,17,44,3,5,0,1,2,10,224,18,6,248,0,248,0,380,132,219,243,243,Sumas Asentadas sin cuadrar,1,fb6dbe62a16abf1dcc117430971cdc6c19d96f7666d8deae4f4ba3bc224949b8,25/06/2023 23:39:29,ESCANER
13306,"San Marcos",12,"San Pedro Sacatepéquez",2,1815,380,,,,,,,,,,,,,,,,,,,,,,,,,,,,,,,,,,,,0,,,
13307,"San Marcos",12,"San Pedro Sacatepéquez",2,1815,380,,,,,,,,,,,,,,,,,,,,,,,,,,,,,,,,,,,,0,,,
13308,"San Marcos",12,"San Pedro Sacatepéquez",2,1815,380,,,,,,,,,,,,,,,,,,,,,,,,,,,,,,,,,,,,0,,,
13309,"San Marcos",12,"San Pedro Sacatepéquez",2,1816,380,,,,,,,,,,,,,,,,,,,,,,,,,,,,,,,,,,,,0,,,
13310,"San Marcos",12,"San Pedro Sacatepéquez",2,1816,380,47,10,3,5,4,21,5,11,2,4,1,5,2,0,6,52,0,7,0,0,1,6,192,18,1,211,0,211,0,380,169,192,211,211,,1,f51d212a76953ddc3191eee3300fb511fac7c5e22246e54468664ff0bc51dcb7,25/06/2023 23:12:13,ESCANER
13311,"San Marcos",12,"San Pedro Sacatepéquez",2,1816,380,44,5,5,3,5,16,7,10,0,7,1,5,5,0,7,47,1,12,2,0,1,5,188,10,5,203,0,203,0,377,174,188,203,203,,1,dd74e86aa57056fa658a87c6a9b4111b4127af1af5368da433eae3f81c1a12fb,25/06/2023 22:57:13,ESCANER
13312,"San Marcos",12,"San Pedro Sacatepéquez",2,1816,380,,,,,,,,,,,,,,,,,,,,,,,,,,,,,,,,,,,,0,,,
13313,"San Marcos",12,"San Pedro Sacatepéquez",2,1817,315,,,,,,,,,,,,,,,,,,,,,,,,,,,,,,,,,,,,0,,,
13314,"San Marcos",12,"San Pedro Sacatepéquez",2,1817,314,24,5,2,3,2,11,6,5,1,3,0,8,1,1,4,46,1,5,0,0,2,3,133,7,0,140,0,140,0,316,176,133,140,140,,1,8e67c05dc28b7f2a6831499f2d6ac2995e36bcc46779e58fa14866e5cec95607,25/06/2023 22:22:02,ESCANER
13315,"San Marcos",12,"San Pedro Sacatepéquez",2,1818,380,,,,,,,,,,,,,,,,,,,,,,,,,,,,,,,,,,,,0,,,
13316,"San Marcos",12,"San Pedro Sacatepéquez",2,1818,380,33,11,5,30,3,18,10,5,6,6,3,3,3,4,10,25,1,18,0,3,1,2,200,18,4,222,0,222,--,380,158,200,222,222,Algún campo sin dato,1,2a442b60ee3312a35f3ee8155243e366996edf1005101eb8ce5baf6bff0eab7b,25/06/2023 23:51:48,ESCANER
13317,"San Marcos",12,"San Pedro Sacatepéquez",2,1818,380,,,,,,,,,,,,,,,,,,,,,,,,,,,,,,,,,,,,0,,,
13318,"San Marcos",12,"San Pedro Sacatepéquez",2,1818,380,27,16,2,26,1,15,13,2,1,8,1,4,3,0,7,27,3,15,0,0,2,2,175,13,2,190,0,190,--,380,190,175,190,190,Algún campo sin dato,1,74f13248fd477424dad624721c0e20f96a1ab32338b504dc95e08ad53d780af2,26/06/2023 00:24:48,ESCANER
13319,"San Marcos",12,"San Pedro Sacatepéquez",2,1818,380,32,11,9,25,6,18,9,4,8,4,2,5,2,0,8,34,1,13,0,0,6,6,203,16,0,219,0,219,--,380,161,203,219,219,Algún campo sin dato,1,a7f0bb2d9d79d85f46ccf380d7ec6ef61d79bce37759ea7717ed079d98ae94c9,26/06/2023 00:06:58,ESCANER
13320,"San Marcos",12,"San Pedro Sacatepéquez",2,1818,380,,,,,,,,,,,,,,,,,,,,,,,,,,,,,,,,,,,,0,,,
13321,"San Marcos",12,"San Pedro Sacatepéquez",2,1818,380,,,,,,,,,,,,,,,,,,,,,,,,,,,,,,,,,,,,0,,,
13322,"San Marcos",12,"San Pedro Sacatepéquez",2,1818,380,26,7,5,17,3,20,6,3,4,4,2,5,3,4,7,21,1,25,0,0,0,3,166,6,1,173,0,173,0,378,204,166,173,173,,1,a02f404dde35e411e7355cbd7e85d85ee9ce0b3d76b609ec57f4d042038fbd68,25/06/2023 23:04:44,ESCANER
13323,"San Marcos",12,"San Pedro Sacatepéquez",2,1818,361,18,12,7,21,1,16,9,3,6,5,1,7,1,3,7,22,1,15,2,0,3,5,165,3,0,168,0,168,--,358,190,165,168,168,Algún campo sin dato,1,a1ec15c3cea4c51e8a62511bd52d719d182f52ed9a93ac334f330e19cabd51b0,25/06/2023 23:12:58,ESCANER
13324,"San Marcos",12,"San Pedro Sacatepéquez",2,1818,360,,,,,,,,,,,,,,,,,,,,,,,,,,,,,,,,,,,,0,,,
13325,"San Marcos",12,"San Pedro Sacatepéquez",2,1819,600,,,,,,,,,,,,,,,,,,,,,,,,,,,,,,,,,,,,0,,,
13326,"San Marcos",12,"San Pedro Sacatepéquez",2,1819,600,,,,,,,,,,,,,,,,,,,,,,,,,,,,,,,,,,,,0,,,
13327,"San Marcos",12,"San Pedro Sacatepéquez",2,1819,600,,,,,,,,,,,,,,,,,,,,,,,,,,,,,,,,,,,,0,,,
13328,"San Marcos",12,"San Pedro Sacatepéquez",2,1819,600,,,,,,,,,,,,,,,,,,,,,,,,,,,,,,,,,,,,0,,,
13329,"San Marcos",12,"San Pedro Sacatepéquez",2,1819,600,,,,,,,,,,,,,,,,,,,,,,,,,,,,,,,,,,,,0,,,
13330,"San Marcos",12,"San Pedro Sacatepéquez",2,1819,600,,,,,,,,,,,,,,,,,,,,,,,,,,,,,,,,,,,,0,,,
13331,"San Marcos",12,"San Pedro Sacatepéquez",2,1819,352,11,5,1,2,1,6,3,3,0,5,1,4,3,2,1,3,0,5,1,0,1,2,60,4,3,67,0,67,0,352,285,60,67,67,,1,b86fbe2f85110b873648d4414237e33727e727da9361e2b8bf2a716cfab81764,26/06/2023 00:18:46,ESCANER
13332,"San Marcos",12,"San Pedro Sacatepéquez",2,1819,352,,,,,,,,,,,,,,,,,,,,,,,,,,,,,,,,,,,,0,,,