﻿TIPO_DE_ELECCIÓN:,CORPORACIÓN MUNICIPAL
26 junio 2023 00:28 (UTC -6)
ACTAS_ESPERADAS,ACTAS_CAPTURADAS,PORCENTAJE_ACTAS_CAPTURADAS,ACTAS_CONTABILIZADAS,PORCENTAJE_ACTAS_CONTABILIZADAS,ACTAS_NO_CONTABILIZADAS,LISTA_NOMINAL_ACTAS_CONTABILIZADAS,VOTOS_EMITIDOS_CONTABILIZADAS,PORCENTAJE_PARTICIPACIÓN_CIUDADANA
33,18,54.5454,18,54.5454,0,6062,3837,63.2959

MESA,DEPARTAMENTO,ID_DEPARTAMENTO,MUNICIPIO,ID_MUNICIPIO,CENTRO_DE_VOTACIÓN,PADRÓN,UNE,MLP,VAMOS,CABAL,VALOR,BIEN,VÁLIDOS,NULOS,BLANCO,EMITIDOS,INVÁLIDOS,TOTAL,IMPUGNACIONES,PAPELETAS-RECIBIDAS,PAPELETAS-NO-USADAS,VALIDOS_CALCULADO,EMITIDOS_CALCULADO,TOTAL_CALCULADO,OBSERVACIONES,CONTABILIZADA,CÓDIGO_INTEGRIDAD,FECHA_HORA_PUBLICACIÓN,DIGITALIZACIÓN
10355,"Totonicapán",8,"Santa Lucía La Reforma",7,1363,400,,,,,,,,,,,,,,,,,,,,0,,,
10356,"Totonicapán",8,"Santa Lucía La Reforma",7,1363,400,,,,,,,,,,,,,,,,,,,,0,,,
10357,"Totonicapán",8,"Santa Lucía La Reforma",7,1363,400,,,,,,,,,,,,,,,,,,,,0,,,
10358,"Totonicapán",8,"Santa Lucía La Reforma",7,1363,400,,,,,,,,,,,,,,,,,,,,0,,,
10359,"Totonicapán",8,"Santa Lucía La Reforma",7,1363,400,,,,,,,,,,,,,,,,,,,,0,,,
10360,"Totonicapán",8,"Santa Lucía La Reforma",7,1363,400,,,,,,,,,,,,,,,,,,,,0,,,
10361,"Totonicapán",8,"Santa Lucía La Reforma",7,1363,400,,,,,,,,,,,,,,,,,,,,0,,,
10362,"Totonicapán",8,"Santa Lucía La Reforma",7,1363,400,,,,,,,,,,,,,,,,,,,,0,,,
10363,"Totonicapán",8,"Santa Lucía La Reforma",7,1363,400,,,,,,,,,,,,,,,,,,,,0,,,
10364,"Totonicapán",8,"Santa Lucía La Reforma",7,1363,400,173,3,90,1,12,2,281,3,2,286,0,286,0,400,114,281,286,286,,1,c1cd16f71e28dafc5f6a49500881a82b015763c6f6f130163297932409204f28,25/06/2023 23:41:45,ESCANER
10365,"Totonicapán",8,"Santa Lucía La Reforma",7,1363,400,148,1,82,1,3,0,235,4,5,244,0,244,0,400,156,235,244,244,,1,a931811266c96d7a86f784be62e564104db19af8363b5eece7f9b33e22a6d461,26/06/2023 00:16:23,ESCANER
10366,"Totonicapán",8,"Santa Lucía La Reforma",7,1363,400,123,1,88,1,7,0,220,7,4,231,0,231,0,400,169,220,231,231,,1,bb3c2f0c03595272b3b7ca89535945394d42b7e6fd8d16266c323bae7b48fe98,25/06/2023 23:09:18,ESCANER
10367,"Totonicapán",8,"Santa Lucía La Reforma",7,1363,400,128,4,67,4,5,3,211,7,4,222,0,222,--,400,178,211,222,222,Algún campo sin dato,1,64c45a0420821e5076c2731a41497cf96d9ac041af160b26c71816e374efe9a4,25/06/2023 23:39:04,ESCANER
10368,"Totonicapán",8,"Santa Lucía La Reforma",7,1363,400,114,2,78,0,4,1,199,3,4,206,0,206,0,400,194,199,206,206,,1,5292679399a8d97b7730f17176dc066235d2f097e6897628f7f502a4f9115e7e,25/06/2023 22:43:44,ESCANER
10369,"Totonicapán",8,"Santa Lucía La Reforma",7,1363,400,147,4,72,1,9,0,233,4,1,238,0,238,0,400,162,233,238,238,,1,2fca83d2d776f5fc53bfbaa30348a5b914fb296095194389f9d67544a62c7d75,25/06/2023 23:17:19,ESCANER
10370,"Totonicapán",8,"Santa Lucía La Reforma",7,1363,400,,,,,,,,,,,,,,,,,,,,0,,,
10371,"Totonicapán",8,"Santa Lucía La Reforma",7,1363,400,129,2,68,1,11,0,211,3,0,214,0,214,0,400,186,211,214,214,,1,6e204b67884caf7a794f3d6e35ea8ebb983ea71b69c48b9ba00cb49aec5d39f8,25/06/2023 23:01:43,ESCANER
10372,"Totonicapán",8,"Santa Lucía La Reforma",7,1363,234,86,1,44,2,2,0,135,2,0,137,0,137,0,233,96,135,137,137,,1,ff63a6c156da6d2475c14b77e01f1ebffc9b0c164aab93778929887c6ea66356,25/06/2023 22:48:03,ESCANER
10373,"Totonicapán",8,"Santa Lucía La Reforma",7,1363,233,80,0,34,1,4,0,119,2,1,122,0,122,--,234,112,119,122,122,Algún campo sin dato,1,6747e6527a226d0c5a561b76913980ad19a8c2b0d299caca11ef1cb80a6c2bc0,25/06/2023 21:02:42,ESCANER
10374,"Totonicapán",8,"Santa Lucía La Reforma",7,1364,380,138,5,112,2,11,2,270,8,16,294,0,294,0,380,86,270,294,294,,1,8565ce95f53d55d47b3caecf2d299bd41a91b71620cb1fa6f69ba27a46963107,25/06/2023 23:51:49,ESCANER
10375,"Totonicapán",8,"Santa Lucía La Reforma",7,1364,380,,,,,,,,,,,,,,,,,,,,0,,,
10376,"Totonicapán",8,"Santa Lucía La Reforma",7,1364,380,,,,,,,,,,,,,,,,,,,,0,,,
10377,"Totonicapán",8,"Santa Lucía La Reforma",7,1364,380,132,1,121,4,5,2,265,3,4,272,0,272,0,380,108,265,272,272,,1,29b4dca10ae07ad1cb5ca9e444a8a909594d900d582c2b8a2f8e1fd2dcbbc9ba,26/06/2023 00:23:19,ESCANER
10378,"Totonicapán",8,"Santa Lucía La Reforma",7,1364,380,145,2,95,2,10,2,256,3,4,263,0,263,--,380,117,256,263,263,Algún campo sin dato,1,47d1f87a279a6d5a5e884912ec04fcac05946da93aabe669419d11bf625f67aa,26/06/2023 00:11:42,ESCANER
10379,"Totonicapán",8,"Santa Lucía La Reforma",7,1364,380,153,3,85,1,13,2,257,4,4,265,0,265,0,380,115,257,265,265,,1,ccc248df9f4507b825eb8f26e48dc6df95bfb0310d7bdebf08c7288d077746a4,25/06/2023 23:33:26,ESCANER
10380,"Totonicapán",8,"Santa Lucía La Reforma",7,1364,239,76,3,66,1,7,0,153,0,3,156,0,156,0,236,80,153,156,156,,1,d6ff8758f13087c6ed6632e6d0e7be52574fb9fa26eeaaea1c665de09e926928,25/06/2023 21:51:53,ESCANER
10381,"Totonicapán",8,"Santa Lucía La Reforma",7,1364,239,85,2,61,1,5,0,154,0,4,158,0,158,0,239,81,154,158,158,,1,3de5f79ae91d3471ca7b49f73a849e7bc7578c4791fd9e2b6b4163d0672d42af,25/06/2023 22:44:36,ESCANER
10382,"Totonicapán",8,"Santa Lucía La Reforma",7,1365,380,,,,,,,,,,,,,,,,,,,,0,,,
10383,"Totonicapán",8,"Santa Lucía La Reforma",7,1365,380,,,,,,,,,,,,,,,,,,,,0,,,
10384,"Totonicapán",8,"Santa Lucía La Reforma",7,1365,380,177,1,79,1,7,1,266,9,8,283,0,283,0,380,97,266,283,283,,1,b1587f449b6967e2befbfc6204da3de8ac59f0b9e937b0f8c42675231c01d329,26/06/2023 00:16:17,ESCANER
10385,"Totonicapán",8,"Santa Lucía La Reforma",7,1366,380,,,,,,,,,,,,,,,,,,,,0,,,
10386,"Totonicapán",8,"Santa Lucía La Reforma",7,1366,209,95,4,29,1,3,0,132,2,1,135,0,135,0,209,74,132,135,135,,1,3d6cdffde8efd803dbe8e7e1983845e8e7631743335b0d97a77fe28c82a230eb,25/06/2023 21:03:11,ESCANER
10387,"Totonicapán",8,"Santa Lucía La Reforma",7,1366,208,82,1,22,1,1,0,107,1,3,111,0,111,0,208,97,107,111,111,,1,b4a9966a6eb5fbce5e3667886f84f3a122a26e1489ada162f3e6ee3b557750bb,25/06/2023 21:37:16,ESCANER