﻿TIPO_DE_ELECCIÓN:,CORPORACIÓN MUNICIPAL
26 junio 2023 00:28 (UTC -6)
ACTAS_ESPERADAS,ACTAS_CAPTURADAS,PORCENTAJE_ACTAS_CAPTURADAS,ACTAS_CONTABILIZADAS,PORCENTAJE_ACTAS_CONTABILIZADAS,ACTAS_NO_CONTABILIZADAS,LISTA_NOMINAL_ACTAS_CONTABILIZADAS,VOTOS_EMITIDOS_CONTABILIZADAS,PORCENTAJE_PARTICIPACIÓN_CIUDADANA
43,9,20.9302,9,20.9302,0,3507,2202,62.7887

MESA,DEPARTAMENTO,ID_DEPARTAMENTO,MUNICIPIO,ID_MUNICIPIO,CENTRO_DE_VOTACIÓN,PADRÓN,UNE,CABAL,VAMOS,AZUL,PPN,ELEFANTE,BIEN,TODOS,CAMBIO,VALOR,VÁLIDOS,NULOS,BLANCO,EMITIDOS,INVÁLIDOS,TOTAL,IMPUGNACIONES,PAPELETAS-RECIBIDAS,PAPELETAS-NO-USADAS,VALIDOS_CALCULADO,EMITIDOS_CALCULADO,TOTAL_CALCULADO,OBSERVACIONES,CONTABILIZADA,CÓDIGO_INTEGRIDAD,FECHA_HORA_PUBLICACIÓN,DIGITALIZACIÓN
12394,"Suchitepéquez",10,"Santa Bárbara",15,1687,400,,,,,,,,,,,,,,,,,,,,,,,,0,,,
12395,"Suchitepéquez",10,"Santa Bárbara",15,1687,400,,,,,,,,,,,,,,,,,,,,,,,,0,,,
12396,"Suchitepéquez",10,"Santa Bárbara",15,1687,400,,,,,,,,,,,,,,,,,,,,,,,,0,,,
12397,"Suchitepéquez",10,"Santa Bárbara",15,1687,400,,,,,,,,,,,,,,,,,,,,,,,,0,,,
12398,"Suchitepéquez",10,"Santa Bárbara",15,1687,400,,,,,,,,,,,,,,,,,,,,,,,,0,,,
12399,"Suchitepéquez",10,"Santa Bárbara",15,1687,400,,,,,,,,,,,,,,,,,,,,,,,,0,,,
12400,"Suchitepéquez",10,"Santa Bárbara",15,1687,400,,,,,,,,,,,,,,,,,,,,,,,,0,,,
12401,"Suchitepéquez",10,"Santa Bárbara",15,1688,400,,,,,,,,,,,,,,,,,,,,,,,,0,,,
12402,"Suchitepéquez",10,"Santa Bárbara",15,1688,400,,,,,,,,,,,,,,,,,,,,,,,,0,,,
12403,"Suchitepéquez",10,"Santa Bárbara",15,1688,400,49,18,47,57,32,15,5,19,1,8,251,17,3,271,0,271,--,400,129,251,271,271,Algún campo sin dato,1,f35d8ab9fdbfb9775aa19fbf7b76d93046e9741afad5c1893fab020828c93a07,25/06/2023 23:41:27,ESCANER
12404,"Suchitepéquez",10,"Santa Bárbara",15,1688,400,40,30,54,62,19,19,5,24,1,3,257,15,2,274,0,274,--,397,123,257,274,274,Algún campo sin dato,1,8a28c79952d84e7c235e9da1d047b695eda08a8a82d7100821ca94677de3762f,26/06/2023 00:16:51,ESCANER
12405,"Suchitepéquez",10,"Santa Bárbara",15,1688,400,,,,,,,,,,,,,,,,,,,,,,,,0,,,
12406,"Suchitepéquez",10,"Santa Bárbara",15,1688,400,41,21,51,61,29,12,4,18,1,2,240,7,2,249,0,249,--,400,151,240,249,249,Algún campo sin dato,1,82b352501566cf7f703a75d81b973d2cf638cac9c65b2a4130542298888ebcd0,26/06/2023 00:10:39,ESCANER
12407,"Suchitepéquez",10,"Santa Bárbara",15,1688,400,,,,,,,,,,,,,,,,,,,,,,,,0,,,
12408,"Suchitepéquez",10,"Santa Bárbara",15,1688,400,39,25,58,65,30,14,2,22,1,5,261,4,2,267,0,267,--,400,133,261,267,267,Algún campo sin dato,1,f68668183c420358273f7b8865ad500414409a247064cf77cde05e4a613a6978,25/06/2023 23:09:05,ESCANER
12409,"Suchitepéquez",10,"Santa Bárbara",15,1688,400,43,30,55,57,33,12,9,18,2,9,268,2,1,271,0,271,--,400,129,268,271,271,Algún campo sin dato,1,065f8125521efabf51b6c957b67c97a7bdcbdf4370aa1623b9dd01d36e15569c,25/06/2023 23:18:12,ESCANER
12410,"Suchitepéquez",10,"Santa Bárbara",15,1688,260,,,,,,,,,,,,,,,,,,,,,,,,0,,,
12411,"Suchitepéquez",10,"Santa Bárbara",15,1688,259,,,,,,,,,,,,,,,,,,,,,,,,0,,,
12412,"Suchitepéquez",10,"Santa Bárbara",15,1689,400,,,,,,,,,,,,,,,,,,,,,,,,0,,,
12413,"Suchitepéquez",10,"Santa Bárbara",15,1689,400,,,,,,,,,,,,,,,,,,,,,,,,0,,,
12414,"Suchitepéquez",10,"Santa Bárbara",15,1689,400,,,,,,,,,,,,,,,,,,,,,,,,0,,,
12415,"Suchitepéquez",10,"Santa Bárbara",15,1689,215,28,10,53,24,23,4,3,13,0,1,159,2,0,161,0,161,--,215,54,159,161,161,Algún campo sin dato,1,ee554d8e4a93c19caee492c87b4e0d06ae92b59c3f950961baac97aa3d0902af,25/06/2023 23:28:11,ESCANER
12416,"Suchitepéquez",10,"Santa Bárbara",15,1689,214,,,,,,,,,,,,,,,,,,,,,,,,0,,,
12417,"Suchitepéquez",10,"Santa Bárbara",15,1690,400,,,,,,,,,,,,,,,,,,,,,,,,0,,,
12418,"Suchitepéquez",10,"Santa Bárbara",15,1690,400,,,,,,,,,,,,,,,,,,,,,,,,0,,,
12419,"Suchitepéquez",10,"Santa Bárbara",15,1690,400,,,,,,,,,,,,,,,,,,,,,,,,0,,,
12420,"Suchitepéquez",10,"Santa Bárbara",15,1690,205,,,,,,,,,,,,,,,,,,,,,,,,0,,,
12421,"Suchitepéquez",10,"Santa Bárbara",15,1690,205,,,,,,,,,,,,,,,,,,,,,,,,0,,,
12422,"Suchitepéquez",10,"Santa Bárbara",15,1691,380,,,,,,,,,,,,,,,,,,,,,,,,0,,,
12423,"Suchitepéquez",10,"Santa Bárbara",15,1691,380,,,,,,,,,,,,,,,,,,,,,,,,0,,,
12424,"Suchitepéquez",10,"Santa Bárbara",15,1691,380,,,,,,,,,,,,,,,,,,,,,,,,0,,,
12425,"Suchitepéquez",10,"Santa Bárbara",15,1691,380,,,,,,,,,,,,,,,,,,,,,,,,0,,,
12426,"Suchitepéquez",10,"Santa Bárbara",15,1691,380,30,17,65,30,64,7,16,13,7,3,252,6,3,261,--,261,--,380,119,252,261,261,Algún campo sin dato,1,ca39be2f4a1ff5c24b92f7bf1880d7b8aac8d76b69d4952e2249c7d4e3b03746,26/06/2023 00:05:29,ESCANER
12427,"Suchitepéquez",10,"Santa Bárbara",15,1691,380,,,,,,,,,,,,,,,,,,,,,,,,0,,,
12428,"Suchitepéquez",10,"Santa Bárbara",15,1691,380,,,,,,,,,,,,,,,,,,,,,,,,0,,,
12429,"Suchitepéquez",10,"Santa Bárbara",15,1691,380,,,,,,,,,,,,,,,,,,,,,,,,0,,,
12430,"Suchitepéquez",10,"Santa Bárbara",15,1691,347,,,,,,,,,,,,,,,,,,,,,,,,0,,,
12431,"Suchitepéquez",10,"Santa Bárbara",15,1691,346,,,,,,,,,,,,,,,,,,,,,,,,0,,,
12432,"Suchitepéquez",10,"Santa Bárbara",15,1692,380,19,17,46,18,29,7,113,21,0,2,272,13,10,295,0,295,--,380,85,272,295,295,Algún campo sin dato,1,3b3213a9cc4c9a72b2f0e08d8e5fbd72f48634562453f77c05fe4e48b78f18fe,25/06/2023 23:45:23,MOVIL
12433,"Suchitepéquez",10,"Santa Bárbara",15,1692,380,,,,,,,,,,,,,,,,,,,,,,,,0,,,
12434,"Suchitepéquez",10,"Santa Bárbara",15,1692,331,,,,,,,,,,,,,,,,,,,,,,,,0,,,
12435,"Suchitepéquez",10,"Santa Bárbara",15,1692,331,,,,,,,,,,,,,,,,,,,,,,,,0,,,
12436,"Suchitepéquez",10,"Santa Bárbara",15,1693,532,14,11,39,29,13,5,14,10,2,1,138,8,7,153,0,153,--,532,379,138,153,153,Algún campo sin dato,1,5094816d02f7414c49cd1a8bd064bd2fb8fb48b0d44e83cf9f41d10314bbaaf2,26/06/2023 00:25:18,ESCANER