﻿TIPO_DE_ELECCIÓN:,CORPORACIÓN MUNICIPAL
26 junio 2023 00:28 (UTC -6)
ACTAS_ESPERADAS,ACTAS_CAPTURADAS,PORCENTAJE_ACTAS_CAPTURADAS,ACTAS_CONTABILIZADAS,PORCENTAJE_ACTAS_CONTABILIZADAS,ACTAS_NO_CONTABILIZADAS,LISTA_NOMINAL_ACTAS_CONTABILIZADAS,VOTOS_EMITIDOS_CONTABILIZADAS,PORCENTAJE_PARTICIPACIÓN_CIUDADANA
21,12,57.1428,12,57.1428,0,4765,3201,67.1773

MESA,DEPARTAMENTO,ID_DEPARTAMENTO,MUNICIPIO,ID_MUNICIPIO,CENTRO_DE_VOTACIÓN,PADRÓN,VAMOS,ELEFANTE,VICTORIA,CABAL,UNE,PODEMOS,VIVA,PPN,VÁLIDOS,NULOS,BLANCO,EMITIDOS,INVÁLIDOS,TOTAL,IMPUGNACIONES,PAPELETAS-RECIBIDAS,PAPELETAS-NO-USADAS,VALIDOS_CALCULADO,EMITIDOS_CALCULADO,TOTAL_CALCULADO,OBSERVACIONES,CONTABILIZADA,CÓDIGO_INTEGRIDAD,FECHA_HORA_PUBLICACIÓN,DIGITALIZACIÓN
14726,"San Marcos",12,"San Lorenzo",29,2104,400,,,,,,,,,,,,,,,,,,,,,,0,,,
14727,"San Marcos",12,"San Lorenzo",29,2104,400,87,55,22,55,13,45,9,0,286,19,10,315,0,315,0,400,85,286,315,315,,1,f28d2dc2e109adf9dfca567155466e8c38ec1ff5ab1fa2ca1f015323e374c3a3,25/06/2023 23:57:27,ESCANER
14728,"San Marcos",12,"San Lorenzo",29,2104,400,,,,,,,,,,,,,,,,,,,,,,0,,,
14729,"San Marcos",12,"San Lorenzo",29,2104,400,67,75,11,47,20,89,6,0,315,15,7,337,0,337,--,400,63,315,337,337,Algún campo sin dato,1,ffbae598f10e55cf19a8b385d251a118171aa281f4c579121afcb5702ea2adb6,25/06/2023 23:55:44,ESCANER
14730,"San Marcos",12,"San Lorenzo",29,2104,400,,,,,,,,,,,,,,,,,,,,,,0,,,
14731,"San Marcos",12,"San Lorenzo",29,2104,400,115,50,16,57,17,69,4,2,330,12,8,350,0,350,--,400,50,330,350,350,Algún campo sin dato,1,1d69f95e5838dce192203ea71d71e597132422e25611fc6d781109a0c0e95d67,25/06/2023 22:51:22,ESCANER
14732,"San Marcos",12,"San Lorenzo",29,2104,400,89,48,19,46,12,56,6,0,276,16,4,296,0,296,0,400,104,276,296,296,,1,7a46df76808cd5a2e7355a9ae8291b946660685bf1038233ce59ddd5fc65a3ca,26/06/2023 00:18:10,ESCANER
14733,"San Marcos",12,"San Lorenzo",29,2104,400,,,,,,,,,,,,,,,,,,,,,,0,,,
14734,"San Marcos",12,"San Lorenzo",29,2105,400,70,70,14,36,10,57,4,1,262,3,1,266,0,266,--,400,134,262,266,266,Algún campo sin dato,1,f0192a4a5d2048a3155b62aa346dfa9f0b6f770255d816395f2666c58b59bbcb,25/06/2023 23:44:42,ESCANER
14735,"San Marcos",12,"San Lorenzo",29,2105,400,,,,,,,,,,,,,,,,,,,,,,0,,,
14736,"San Marcos",12,"San Lorenzo",29,2105,400,66,62,18,36,18,63,4,2,269,1,0,270,0,270,0,400,130,269,270,270,,1,5f74c9a4afe3ca08826583c23441aff75135a45cd5f622b01876af54fc6e5da6,26/06/2023 00:20:31,ESCANER
14737,"San Marcos",12,"San Lorenzo",29,2105,332,,,,,,,,,,,,,,,,,,,,,,0,,,
14738,"San Marcos",12,"San Lorenzo",29,2105,331,72,42,9,22,13,38,4,0,200,1,3,204,0,204,--,333,129,200,204,204,Algún campo sin dato,1,284135876e38307eef5b70c5cdd1d935cad3fd38e837f5f8ad61270a63af28c6,25/06/2023 23:16:50,ESCANER
14739,"San Marcos",12,"San Lorenzo",29,2106,380,82,57,22,27,44,44,3,0,279,5,10,294,0,294,0,380,86,279,294,294,,1,7135c35f70cd8a2953aaf220e774f6f4ec5ba04ea84114cfe2c6c1cc1162f44c,25/06/2023 23:53:33,ESCANER
14740,"San Marcos",12,"San Lorenzo",29,2106,380,,,,,,,,,,,,,,,,,,,,,,0,,,
14741,"San Marcos",12,"San Lorenzo",29,2106,380,,,,,,,,,,,,,,,,,,,,,,0,,,
14742,"San Marcos",12,"San Lorenzo",29,2106,380,80,57,27,10,33,32,3,1,243,5,6,254,0,254,--,380,126,243,254,254,Algún campo sin dato,1,25001dcb2871b738b824fbdb010c1595cafbec71768cc19c4a299bd3d7aecd4c,25/06/2023 22:18:19,ESCANER
14743,"San Marcos",12,"San Lorenzo",29,2106,380,,,,,,,,,,,,,,,,,,,,,,0,,,
14744,"San Marcos",12,"San Lorenzo",29,2107,359,62,66,34,17,23,36,5,0,243,1,3,247,0,247,0,359,109,243,247,247,,1,12c0d85c91fb9bec03dd393325c24b0599936bbeb81bf39937d72ed015577f3e,25/06/2023 23:48:38,ESCANER
14745,"San Marcos",12,"San Lorenzo",29,2107,359,63,61,33,11,28,32,2,1,231,0,1,231,0,232,0,359,127,231,232,232,Sumas Asentadas sin cuadrar,1,74654522d751fa8023a39186967903a2a9b7574f3c398c844a61c5d955b09412,26/06/2023 00:26:40,ESCANER
14746,"San Marcos",12,"San Lorenzo",29,2108,556,28,51,10,12,6,20,2,0,129,6,1,136,0,136,--,556,420,129,136,136,Algún campo sin dato,1,01b05265f4cb04f1a44607029a56460e927f6489bd36c8e8eab3fb0ba38d5776,25/06/2023 22:58:58,ESCANER