﻿TIPO_DE_ELECCIÓN:,CORPORACIÓN MUNICIPAL
26 junio 2023 00:28 (UTC -6)
ACTAS_ESPERADAS,ACTAS_CAPTURADAS,PORCENTAJE_ACTAS_CAPTURADAS,ACTAS_CONTABILIZADAS,PORCENTAJE_ACTAS_CONTABILIZADAS,ACTAS_NO_CONTABILIZADAS,LISTA_NOMINAL_ACTAS_CONTABILIZADAS,VOTOS_EMITIDOS_CONTABILIZADAS,PORCENTAJE_PARTICIPACIÓN_CIUDADANA
24,1,4.1666,1,4.1666,0,400,261,65.2500

MESA,DEPARTAMENTO,ID_DEPARTAMENTO,MUNICIPIO,ID_MUNICIPIO,CENTRO_DE_VOTACIÓN,PADRÓN,VAMOS,UNE,CABAL,TODOS,CAMBIO,VIVA,AZUL,VALOR UNIONISTA,VÁLIDOS,NULOS,BLANCO,EMITIDOS,INVÁLIDOS,TOTAL,IMPUGNACIONES,PAPELETAS-RECIBIDAS,PAPELETAS-NO-USADAS,VALIDOS_CALCULADO,EMITIDOS_CALCULADO,TOTAL_CALCULADO,OBSERVACIONES,CONTABILIZADA,CÓDIGO_INTEGRIDAD,FECHA_HORA_PUBLICACIÓN,DIGITALIZACIÓN
22190,"Zacapa",19,"Usumatlán",6,3446,400,,,,,,,,,,,,,,,,,,,,,,0,,,
22191,"Zacapa",19,"Usumatlán",6,3446,400,,,,,,,,,,,,,,,,,,,,,,0,,,
22192,"Zacapa",19,"Usumatlán",6,3446,400,,,,,,,,,,,,,,,,,,,,,,0,,,
22193,"Zacapa",19,"Usumatlán",6,3446,400,,,,,,,,,,,,,,,,,,,,,,0,,,
22194,"Zacapa",19,"Usumatlán",6,3446,400,,,,,,,,,,,,,,,,,,,,,,0,,,
22195,"Zacapa",19,"Usumatlán",6,3446,400,90,14,36,47,14,6,2,43,252,7,2,261,0,261,0,400,139,252,261,261,,1,f976d3f685dcf775f1dc5d0369a319965b21a5be5313608c85023010421814c3,25/06/2023 23:47:46,ESCANER
22196,"Zacapa",19,"Usumatlán",6,3446,400,,,,,,,,,,,,,,,,,,,,,,0,,,
22197,"Zacapa",19,"Usumatlán",6,3446,400,,,,,,,,,,,,,,,,,,,,,,0,,,
22198,"Zacapa",19,"Usumatlán",6,3447,392,,,,,,,,,,,,,,,,,,,,,,0,,,
22199,"Zacapa",19,"Usumatlán",6,3447,392,,,,,,,,,,,,,,,,,,,,,,0,,,
22200,"Zacapa",19,"Usumatlán",6,3448,380,,,,,,,,,,,,,,,,,,,,,,0,,,
22201,"Zacapa",19,"Usumatlán",6,3448,380,,,,,,,,,,,,,,,,,,,,,,0,,,
22202,"Zacapa",19,"Usumatlán",6,3448,380,,,,,,,,,,,,,,,,,,,,,,0,,,
22203,"Zacapa",19,"Usumatlán",6,3448,223,,,,,,,,,,,,,,,,,,,,,,0,,,
22204,"Zacapa",19,"Usumatlán",6,3448,223,,,,,,,,,,,,,,,,,,,,,,0,,,
22205,"Zacapa",19,"Usumatlán",6,3449,380,,,,,,,,,,,,,,,,,,,,,,0,,,
22206,"Zacapa",19,"Usumatlán",6,3449,380,,,,,,,,,,,,,,,,,,,,,,0,,,
22207,"Zacapa",19,"Usumatlán",6,3449,380,,,,,,,,,,,,,,,,,,,,,,0,,,
22208,"Zacapa",19,"Usumatlán",6,3449,380,,,,,,,,,,,,,,,,,,,,,,0,,,
22209,"Zacapa",19,"Usumatlán",6,3449,380,,,,,,,,,,,,,,,,,,,,,,0,,,
22210,"Zacapa",19,"Usumatlán",6,3449,380,,,,,,,,,,,,,,,,,,,,,,0,,,
22211,"Zacapa",19,"Usumatlán",6,3449,248,,,,,,,,,,,,,,,,,,,,,,0,,,
22212,"Zacapa",19,"Usumatlán",6,3449,248,,,,,,,,,,,,,,,,,,,,,,0,,,
22213,"Zacapa",19,"Usumatlán",6,3450,379,,,,,,,,,,,,,,,,,,,,,,0,,,