﻿TIPO_DE_ELECCIÓN:,CORPORACIÓN MUNICIPAL
26 junio 2023 00:28 (UTC -6)
ACTAS_ESPERADAS,ACTAS_CAPTURADAS,PORCENTAJE_ACTAS_CAPTURADAS,ACTAS_CONTABILIZADAS,PORCENTAJE_ACTAS_CONTABILIZADAS,ACTAS_NO_CONTABILIZADAS,LISTA_NOMINAL_ACTAS_CONTABILIZADAS,VOTOS_EMITIDOS_CONTABILIZADAS,PORCENTAJE_PARTICIPACIÓN_CIUDADANA
33,13,39.3939,13,39.3939,0,4497,3140,69.8243

MESA,DEPARTAMENTO,ID_DEPARTAMENTO,MUNICIPIO,ID_MUNICIPIO,CENTRO_DE_VOTACIÓN,PADRÓN,CABAL,VALOR,AZUL,VAMOS,UNE,VICTORIA,UR,VÁLIDOS,NULOS,BLANCO,EMITIDOS,INVÁLIDOS,TOTAL,IMPUGNACIONES,PAPELETAS-RECIBIDAS,PAPELETAS-NO-USADAS,VALIDOS_CALCULADO,EMITIDOS_CALCULADO,TOTAL_CALCULADO,OBSERVACIONES,CONTABILIZADA,CÓDIGO_INTEGRIDAD,FECHA_HORA_PUBLICACIÓN,DIGITALIZACIÓN
8156,"Escuintla",5,"San Vicente Pacaya",12,947,400,,,,,,,,,,,,,,,,,,,,,0,,,
8157,"Escuintla",5,"San Vicente Pacaya",12,947,400,,,,,,,,,,,,,,,,,,,,,0,,,
8158,"Escuintla",5,"San Vicente Pacaya",12,948,400,,,,,,,,,,,,,,,,,,,,,0,,,
8159,"Escuintla",5,"San Vicente Pacaya",12,948,400,,,,,,,,,,,,,,,,,,,,,0,,,
8160,"Escuintla",5,"San Vicente Pacaya",12,948,400,83,10,4,97,53,49,1,321,22,2,321,0,321,--,400,79,297,321,321,Sumas Asentadas sin cuadrar,1,e28154969bc19fe1d1075d6a787ac2fad04e4372bf2bdea2deaac2fbe716fa3b,26/06/2023 00:22:55,ESCANER
8161,"Escuintla",5,"San Vicente Pacaya",12,948,400,,,,,,,,,,,,,,,,,,,,,0,,,
8162,"Escuintla",5,"San Vicente Pacaya",12,949,400,92,6,2,113,51,48,3,315,22,2,339,0,339,1,400,60,315,339,339,,1,d005391b9bdb82e9ab6f0bfa2c7d964c6bb1af4ab9eb8c29faf908c3afa762ae,26/06/2023 00:00:50,ESCANER
8163,"Escuintla",5,"San Vicente Pacaya",12,949,400,,,,,,,,,,,,,,,,,,,,,0,,,
8164,"Escuintla",5,"San Vicente Pacaya",12,949,400,,,,,,,,,,,,,,,,,,,,,0,,,
8165,"Escuintla",5,"San Vicente Pacaya",12,949,400,,,,,,,,,,,,,,,,,,,,,0,,,
8166,"Escuintla",5,"San Vicente Pacaya",12,950,400,124,7,3,95,31,50,0,310,10,2,322,0,322,--,400,78,310,322,322,Algún campo sin dato,1,50f19bcc3ad1f9aa65309965fb5733b2dcf7a52029ba9f011186f965701ee8b9,26/06/2023 00:15:36,ESCANER
8167,"Escuintla",5,"San Vicente Pacaya",12,950,400,,,,,,,,,,,,,,,,,,,,,0,,,
8168,"Escuintla",5,"San Vicente Pacaya",12,950,400,,,,,,,,,,,,,,,,,,,,,0,,,
8169,"Escuintla",5,"San Vicente Pacaya",12,950,400,,,,,,,,,,,,,,,,,,,,,0,,,
8170,"Escuintla",5,"San Vicente Pacaya",12,950,400,,,,,,,,,,,,,,,,,,,,,0,,,
8171,"Escuintla",5,"San Vicente Pacaya",12,950,400,,,,,,,,,,,,,,,,,,,,,0,,,
8172,"Escuintla",5,"San Vicente Pacaya",12,951,400,,,,,,,,,,,,,,,,,,,,,0,,,
8173,"Escuintla",5,"San Vicente Pacaya",12,951,400,,,,,,,,,,,,,,,,,,,,,0,,,
8174,"Escuintla",5,"San Vicente Pacaya",12,951,400,,,,,,,,,,,,,,,,,,,,,0,,,
8175,"Escuintla",5,"San Vicente Pacaya",12,952,400,85,6,4,85,27,60,1,268,6,4,278,0,278,--,400,122,268,278,278,Algún campo sin dato,1,3cc3df6b27512c6bdeb53051a4bba3b4115df5cc1f56778f4ffdede33eb2f21f,26/06/2023 00:21:29,ESCANER
8176,"Escuintla",5,"San Vicente Pacaya",12,952,400,72,15,2,82,41,45,2,259,2,0,261,0,261,--,400,139,259,261,261,Algún campo sin dato,1,558f1c896cc864d75b4fb02af21125b9d80c5dd8a3e79cad8959c961bac08144,25/06/2023 23:09:53,ESCANER
8177,"Escuintla",5,"San Vicente Pacaya",12,952,400,98,5,3,83,38,47,1,275,5,1,281,0,281,1,--,--,275,281,281,Algún campo sin dato,1,4a5b7a9c1499946a1f51e666a1a7e46b346aa63a8c4ec541767d8ce45f8bfe92,26/06/2023 00:25:57,ESCANER
8178,"Escuintla",5,"San Vicente Pacaya",12,952,400,110,8,7,80,39,74,2,320,0,1,321,5,326,--,400,74,320,321,326,Algún campo sin dato,1,563c07153537c2643585fdd833244f360850ed5954b027ad42f3206c93e46ef4,25/06/2023 22:36:17,ESCANER
8179,"Escuintla",5,"San Vicente Pacaya",12,953,400,,,,,,,,,,,,,,,,,,,,,0,,,
8180,"Escuintla",5,"San Vicente Pacaya",12,953,400,94,7,4,79,49,64,1,298,1,2,301,0,301,--,400,99,298,301,301,Algún campo sin dato,1,ac900efdccf912cd58cdab6419db3af2f4bf490e639973786177bca9848bd9ae,25/06/2023 23:29:50,ESCANER
8181,"Escuintla",5,"San Vicente Pacaya",12,953,400,,,,,,,,,,,,,,,,,,,,,0,,,
8182,"Escuintla",5,"San Vicente Pacaya",12,954,214,39,3,2,51,21,23,2,141,5,0,146,0,146,--,215,69,141,146,146,Algún campo sin dato,1,b04004d4491f6e198ecbd4787851819b85026f6625a1dd2d716cfeeb848e32b9,25/06/2023 22:44:34,ESCANER
8183,"Escuintla",5,"San Vicente Pacaya",12,954,213,37,2,4,35,19,19,2,118,4,1,123,0,123,--,213,90,118,123,123,Algún campo sin dato,1,57369c17f28bb7d6b3c71597a4c6c3245288f9cd5c8fbe958e15204a341f6ce7,25/06/2023 22:21:16,ESCANER
8184,"Escuintla",5,"San Vicente Pacaya",12,955,380,,,,,,,,,,,,,,,,,,,,,0,,,
8185,"Escuintla",5,"San Vicente Pacaya",12,955,380,,,,,,,,,,,,,,,,,,,,,0,,,
8186,"Escuintla",5,"San Vicente Pacaya",12,955,244,34,4,1,27,50,15,0,131,15,2,148,0,148,1,244,95,131,148,148,,1,2815f1cb94718979d79277f817f8c590ac1cd71b1f48576d196c6dca2bacc425,25/06/2023 23:50:47,ESCANER
8187,"Escuintla",5,"San Vicente Pacaya",12,955,244,52,6,3,31,54,12,0,158,2,1,161,0,161,--,244,83,158,161,161,Algún campo sin dato,1,139a6e985a7b40011a2aee7c511554d7d6d86e6450ebbe90ab0bb45f8b409520,26/06/2023 00:10:16,ESCANER
8188,"Escuintla",5,"San Vicente Pacaya",12,956,382,49,2,3,38,11,19,0,122,9,7,138,0,138,--,382,244,122,138,138,Algún campo sin dato,1,e00115ce6662f9cea40a345644630bccaa46275a6cd070f78da8b00a5f6f090c,26/06/2023 00:14:07,ESCANER