﻿TIPO_DE_ELECCIÓN:,CORPORACIÓN MUNICIPAL
26 junio 2023 00:28 (UTC -6)
ACTAS_ESPERADAS,ACTAS_CAPTURADAS,PORCENTAJE_ACTAS_CAPTURADAS,ACTAS_CONTABILIZADAS,PORCENTAJE_ACTAS_CONTABILIZADAS,ACTAS_NO_CONTABILIZADAS,LISTA_NOMINAL_ACTAS_CONTABILIZADAS,VOTOS_EMITIDOS_CONTABILIZADAS,PORCENTAJE_PARTICIPACIÓN_CIUDADANA
94,32,34.0425,32,34.0425,0,11499,5991,52.1001

MESA,DEPARTAMENTO,ID_DEPARTAMENTO,MUNICIPIO,ID_MUNICIPIO,CENTRO_DE_VOTACIÓN,PADRÓN,UNE,TODOS,PODEMOS,VAMOS,U R N G - MAIZ,VIVA,SEMILLA,CREO,PPN,PR,CAMBIO,AZUL,VALOR UNIONISTA,VÁLIDOS,NULOS,BLANCO,EMITIDOS,INVÁLIDOS,TOTAL,IMPUGNACIONES,PAPELETAS-RECIBIDAS,PAPELETAS-NO-USADAS,VALIDOS_CALCULADO,EMITIDOS_CALCULADO,TOTAL_CALCULADO,OBSERVACIONES,CONTABILIZADA,CÓDIGO_INTEGRIDAD,FECHA_HORA_PUBLICACIÓN,DIGITALIZACIÓN
17715,"Quiché",14,"Uspantán",15,2698,400,,,,,,,,,,,,,,,,,,,,,,,,,,,0,,,
17716,"Quiché",14,"Uspantán",15,2698,400,,,,,,,,,,,,,,,,,,,,,,,,,,,0,,,
17717,"Quiché",14,"Uspantán",15,2698,400,,,,,,,,,,,,,,,,,,,,,,,,,,,0,,,
17718,"Quiché",14,"Uspantán",15,2698,400,92,4,22,36,1,3,2,10,0,1,1,0,42,214,19,12,245,0,245,--,400,155,214,245,245,Algún campo sin dato,1,29d7e33eb5051eb483d9dc907e6b8dce40a2479c22be78c59eb2d8efabf22d2a,26/06/2023 00:01:07,ESCANER
17719,"Quiché",14,"Uspantán",15,2698,400,,,,,,,,,,,,,,,,,,,,,,,,,,,0,,,
17720,"Quiché",14,"Uspantán",15,2698,400,134,2,11,44,4,4,2,14,2,1,0,1,32,251,16,14,281,0,281,--,400,119,251,281,281,Algún campo sin dato,1,4042108167e8b14977cff8aa6aa308b1507ce0487f25324bbd8840b82797eeb8,26/06/2023 00:18:09,ESCANER
17721,"Quiché",14,"Uspantán",15,2698,400,,,,,,,,,,,,,,,,,,,,,,,,,,,0,,,
17722,"Quiché",14,"Uspantán",15,2698,400,,,,,,,,,,,,,,,,,,,,,,,,,,,0,,,
17723,"Quiché",14,"Uspantán",15,2698,400,,,,,,,,,,,,,,,,,,,,,,,,,,,0,,,
17724,"Quiché",14,"Uspantán",15,2698,400,,,,,,,,,,,,,,,,,,,,,,,,,,,0,,,
17725,"Quiché",14,"Uspantán",15,2699,400,,,,,,,,,,,,,,,,,,,,,,,,,,,0,,,
17726,"Quiché",14,"Uspantán",15,2699,400,,,,,,,,,,,,,,,,,,,,,,,,,,,0,,,
17727,"Quiché",14,"Uspantán",15,2699,400,,,,,,,,,,,,,,,,,,,,,,,,,,,0,,,
17728,"Quiché",14,"Uspantán",15,2699,400,,,,,,,,,,,,,,,,,,,,,,,,,,,0,,,
17729,"Quiché",14,"Uspantán",15,2699,400,172,1,25,19,6,1,0,8,1,0,0,0,8,241,22,2,265,0,265,--,400,135,241,265,265,Algún campo sin dato,1,332267d6c50f193f7de11f93e86d925d3bea74551fb46bc674d8ca04ea016802,26/06/2023 00:23:57,ESCANER
17730,"Quiché",14,"Uspantán",15,2699,400,,,,,,,,,,,,,,,,,,,,,,,,,,,0,,,
17731,"Quiché",14,"Uspantán",15,2699,400,,,,,,,,,,,,,,,,,,,,,,,,,,,0,,,
17732,"Quiché",14,"Uspantán",15,2699,400,,,,,,,,,,,,,,,,,,,,,,,,,,,0,,,
17733,"Quiché",14,"Uspantán",15,2700,400,191,9,5,30,1,4,0,7,0,3,0,0,35,285,6,1,292,0,292,--,400,108,285,292,292,Algún campo sin dato,1,6064843a623b7177134242426891dd832a88eef25b5c5df95aee7ae19945bb80,26/06/2023 00:22:59,ESCANER
17734,"Quiché",14,"Uspantán",15,2700,400,115,0,10,33,0,1,0,6,0,1,0,0,33,199,6,7,212,0,212,--,400,188,199,212,212,Algún campo sin dato,1,4e9995616ea05dd7d45962c280d5a5c2dab212cd7aeff2de2d8992aac95d2daf,26/06/2023 00:16:22,ESCANER
17735,"Quiché",14,"Uspantán",15,2700,400,102,2,17,28,2,2,4,8,0,0,0,0,31,196,5,2,203,0,203,--,400,197,196,203,203,Algún campo sin dato,1,d9b4e5f288eb2a2eab323f6fa50d39eabff3667b3d915a122a365e6445c36339,25/06/2023 23:00:08,ESCANER
17736,"Quiché",14,"Uspantán",15,2700,400,114,2,15,21,2,0,4,9,1,0,0,1,17,186,8,3,197,0,197,--,400,203,186,197,197,Algún campo sin dato,1,ed2e41613d267dbd8fe68e9655f2771894d9dcacde9822f81b18d298373a1c3b,25/06/2023 23:44:04,ESCANER
17737,"Quiché",14,"Uspantán",15,2700,400,120,0,12,27,3,2,5,8,0,1,0,0,20,198,9,2,209,0,209,--,400,191,198,209,209,Algún campo sin dato,1,6ec9590c87a17d3448e76c23fbddcfafb52b517938d2f641a4ebea760a5c800d,25/06/2023 23:56:26,ESCANER
17738,"Quiché",14,"Uspantán",15,2700,400,129,0,7,30,4,1,2,13,1,2,1,0,17,207,10,2,219,0,219,--,400,181,207,219,219,Algún campo sin dato,1,dcfabf8f707448329334b1824bc85f912db086c956136d93debfb3d538092436,26/06/2023 00:06:09,ESCANER
17739,"Quiché",14,"Uspantán",15,2701,400,104,1,13,41,1,4,2,9,0,1,0,0,22,198,8,2,208,0,208,--,400,192,198,208,208,Algún campo sin dato,1,42c0cf8979690e422369dd6748a33aec7ae1f792e16d3d2d766d0da6f2e13703,26/06/2023 00:03:19,ESCANER
17740,"Quiché",14,"Uspantán",15,2701,400,102,4,12,26,2,0,4,11,1,2,0,0,15,179,5,1,185,0,185,--,400,215,179,185,185,Algún campo sin dato,1,4d28a96b28fba69d6ffdbdbe67fd60907cd661b24a74725b8b246b0ae98ce9ee,25/06/2023 23:36:35,ESCANER
17741,"Quiché",14,"Uspantán",15,2701,400,113,2,12,40,2,2,3,15,0,2,0,1,25,217,5,2,224,0,400,--,400,176,217,224,224,Sumas Asentadas sin cuadrar,1,b41cc28fb8b8dc8fa07b0c27a311edeaca6e6ed0edc27a59ec07c533370695bb,25/06/2023 23:43:19,ESCANER
17742,"Quiché",14,"Uspantán",15,2701,400,123,0,7,34,1,3,1,12,0,2,0,0,32,215,3,0,218,0,218,--,400,182,215,218,218,Algún campo sin dato,1,983b74e0f4c84dd6a92f3737adcb03b9c8a4fdeb2cb167fd1bfa883896496d24,26/06/2023 00:18:14,ESCANER
17743,"Quiché",14,"Uspantán",15,2701,400,102,1,14,30,1,0,2,15,0,1,0,0,36,202,8,1,211,0,211,--,400,189,202,211,211,Algún campo sin dato,1,3d3fd3c76b399e51a6b5f3648b6155af7e6686b09f1336ea95c1c413360b7e7c,26/06/2023 00:16:54,ESCANER
17744,"Quiché",14,"Uspantán",15,2701,400,124,7,13,31,1,0,0,17,0,0,1,1,22,217,4,3,224,0,224,--,400,176,217,224,224,Algún campo sin dato,1,0c7dea8c48d10fa3a47cdf5215fafb1332ca6e0cbe467a2338c5e5d6ffe00af5,25/06/2023 23:32:22,ESCANER
17745,"Quiché",14,"Uspantán",15,2701,400,124,0,13,29,2,1,0,7,0,0,0,0,25,201,1,2,204,0,204,--,400,196,201,204,204,Algún campo sin dato,1,26fbd75738697f5532fba0f33bfb29c6ca0a1e9c2509834c4786ed32355000e8,25/06/2023 22:57:50,ESCANER
17746,"Quiché",14,"Uspantán",15,2701,400,154,1,14,28,1,2,3,9,0,0,0,0,30,242,0,1,243,0,243,--,400,157,242,243,243,Algún campo sin dato,1,9f172cd22b4075de4eb66d03264a84353744f53c70711501fcbb52ace32bbde9,26/06/2023 00:21:02,ESCANER
17747,"Quiché",14,"Uspantán",15,2702,400,107,0,10,43,1,0,1,7,0,0,0,0,22,191,8,5,204,0,204,--,400,196,191,204,204,Algún campo sin dato,1,33dbbb916347b523613c7535f54776b9fe79bea509b8d988e0b4f869537092e5,25/06/2023 22:56:46,ESCANER
17748,"Quiché",14,"Uspantán",15,2702,400,,,,,,,,,,,,,,,,,,,,,,,,,,,0,,,
17749,"Quiché",14,"Uspantán",15,2702,238,61,0,12,15,0,0,0,12,0,0,0,0,8,108,5,0,113,0,113,--,238,125,108,113,113,Algún campo sin dato,1,f0e0df3cccde53774e4a6131cadb269d8d36e9e20538d00629ec2a483802ccc0,25/06/2023 22:37:07,ESCANER
17750,"Quiché",14,"Uspantán",15,2702,237,70,0,4,12,2,0,0,4,0,0,0,0,19,111,0,2,113,0,113,--,237,124,111,113,113,Algún campo sin dato,1,6b73bba426fd21d2b5bfadd85932a3430a866acaf28813319a5458aff84e2b8d,25/06/2023 23:31:16,ESCANER
17751,"Quiché",14,"Uspantán",15,2703,380,,,,,,,,,,,,,,,,,,,,,,,,,,,0,,,
17752,"Quiché",14,"Uspantán",15,2703,380,,,,,,,,,,,,,,,,,,,,,,,,,,,0,,,
17753,"Quiché",14,"Uspantán",15,2703,380,,,,,,,,,,,,,,,,,,,,,,,,,,,0,,,
17754,"Quiché",14,"Uspantán",15,2703,198,45,0,7,27,0,0,1,5,0,0,0,1,13,99,9,2,110,0,110,0,198,88,99,110,110,,1,a186e578045ca6c6ed280ef7829cdf3930aeef4aebd73597819e425dc9d8a585,25/06/2023 22:49:33,MOVIL
17755,"Quiché",14,"Uspantán",15,2703,197,65,0,5,25,0,0,1,7,0,0,1,0,10,114,1,1,116,0,116,--,197,81,114,116,116,Algún campo sin dato,1,cd616dca8d56290eaa04d7259807facf2383367b8a5bb73615e8976f2a6c0aee,25/06/2023 22:36:22,MOVIL
17756,"Quiché",14,"Uspantán",15,2704,380,,,,,,,,,,,,,,,,,,,,,,,,,,,0,,,
17757,"Quiché",14,"Uspantán",15,2704,380,,,,,,,,,,,,,,,,,,,,,,,,,,,0,,,
17758,"Quiché",14,"Uspantán",15,2704,199,21,6,0,45,2,1,0,5,0,0,0,0,7,87,3,0,90,0,90,--,199,109,87,90,90,Algún campo sin dato,1,1fb46092aa9eeed5e02b4f2434885c9abdcf928d3cf6717af7c0fb3e2841d75e,25/06/2023 23:41:30,ESCANER
17759,"Quiché",14,"Uspantán",15,2704,199,29,5,1,30,1,0,1,9,0,0,0,0,7,83,6,2,91,0,91,--,199,108,83,91,91,Algún campo sin dato,1,8c22b4d3a04fcb799b98f251784a38ee4d43e7ad56e108cfb32ffca29f7cf78a,25/06/2023 23:47:58,ESCANER
17760,"Quiché",14,"Uspantán",15,2705,380,,,,,,,,,,,,,,,,,,,,,,,,,,,0,,,
17761,"Quiché",14,"Uspantán",15,2705,380,,,,,,,,,,,,,,,,,,,,,,,,,,,0,,,
17762,"Quiché",14,"Uspantán",15,2705,380,,,,,,,,,,,,,,,,,,,,,,,,,,,0,,,
17763,"Quiché",14,"Uspantán",15,2705,380,,,,,,,,,,,,,,,,,,,,,,,,,,,0,,,
17764,"Quiché",14,"Uspantán",15,2705,380,,,,,,,,,,,,,,,,,,,,,,,,,,,0,,,
17765,"Quiché",14,"Uspantán",15,2705,380,55,1,2,70,0,2,2,11,0,0,0,1,10,154,17,4,175,0,175,0,380,205,154,175,175,,1,468b6116b56106edc13a9a935adf889b4ba2c98e6286c39c4112c4f2c2fc91d8,25/06/2023 23:37:03,ESCANER
17766,"Quiché",14,"Uspantán",15,2705,380,56,5,3,74,1,0,0,12,0,1,0,1,13,167,18,10,195,0,195,--,380,185,166,194,194,Sumas Asentadas sin cuadrar,1,0355103a584dc31f31f33602ab922493656f647376877fd6b6fa9ed2323101d0,25/06/2023 23:26:51,ESCANER
17767,"Quiché",14,"Uspantán",15,2705,294,,,,,,,,,,,,,,,,,,,,,,,,,,,0,,,
17768,"Quiché",14,"Uspantán",15,2705,294,,,,,,,,,,,,,,,,,,,,,,,,,,,0,,,
17769,"Quiché",14,"Uspantán",15,2706,380,,,,,,,,,,,,,,,,,,,,,,,,,,,0,,,
17770,"Quiché",14,"Uspantán",15,2706,380,,,,,,,,,,,,,,,,,,,,,,,,,,,0,,,
17771,"Quiché",14,"Uspantán",15,2706,380,,,,,,,,,,,,,,,,,,,,,,,,,,,0,,,
17772,"Quiché",14,"Uspantán",15,2706,380,,,,,,,,,,,,,,,,,,,,,,,,,,,0,,,
17773,"Quiché",14,"Uspantán",15,2707,380,,,,,,,,,,,,,,,,,,,,,,,,,,,0,,,
17774,"Quiché",14,"Uspantán",15,2707,380,,,,,,,,,,,,,,,,,,,,,,,,,,,0,,,
17775,"Quiché",14,"Uspantán",15,2707,380,,,,,,,,,,,,,,,,,,,,,,,,,,,0,,,
17776,"Quiché",14,"Uspantán",15,2707,380,,,,,,,,,,,,,,,,,,,,,,,,,,,0,,,
17777,"Quiché",14,"Uspantán",15,2708,380,,,,,,,,,,,,,,,,,,,,,,,,,,,0,,,
17778,"Quiché",14,"Uspantán",15,2709,380,,,,,,,,,,,,,,,,,,,,,,,,,,,0,,,
17779,"Quiché",14,"Uspantán",15,2709,380,,,,,,,,,,,,,,,,,,,,,,,,,,,0,,,
17780,"Quiché",14,"Uspantán",15,2709,380,,,,,,,,,,,,,,,,,,,,,,,,,,,0,,,
17781,"Quiché",14,"Uspantán",15,2709,380,,,,,,,,,,,,,,,,,,,,,,,,,,,0,,,
17782,"Quiché",14,"Uspantán",15,2709,291,,,,,,,,,,,,,,,,,,,,,,,,,,,0,,,
17783,"Quiché",14,"Uspantán",15,2709,290,,,,,,,,,,,,,,,,,,,,,,,,,,,0,,,
17784,"Quiché",14,"Uspantán",15,2710,380,65,15,8,51,7,3,1,23,2,0,0,2,20,197,20,3,220,0,220,--,380,160,197,220,220,Algún campo sin dato,1,52e86816266c505cc748ddd0a9621ea32a2bc988d4a8fa2df9207fc5c2414d19,25/06/2023 22:53:11,ESCANER
17785,"Quiché",14,"Uspantán",15,2710,380,48,21,13,46,6,1,1,19,1,1,0,0,22,179,10,5,194,0,194,--,377,183,179,194,194,Algún campo sin dato,1,2a9c5454c30bad5b0ce03226e35280c8975bcd986c7cbd03c42687ed84aa6844,26/06/2023 00:07:32,ESCANER
17786,"Quiché",14,"Uspantán",15,2710,380,,,,,,,,,,,,,,,,,,,,,,,,,,,0,,,
17787,"Quiché",14,"Uspantán",15,2710,380,56,39,7,52,8,3,1,18,2,0,0,3,13,202,22,9,233,0,233,--,380,147,202,233,233,Algún campo sin dato,1,d61c02be25554162da384379359558a327fc7c240a9914d8ce994ce051c59e2d,26/06/2023 00:21:34,ESCANER
17788,"Quiché",14,"Uspantán",15,2710,380,,,,,,,,,,,,,,,,,,,,,,,,,,,0,,,
17789,"Quiché",14,"Uspantán",15,2710,380,,,,,,,,,,,,,,,,,,,,,,,,,,,0,,,
17790,"Quiché",14,"Uspantán",15,2710,380,,,,,,,,,,,,,,,,,,,,,,,,,,,0,,,
17791,"Quiché",14,"Uspantán",15,2710,380,,,,,,,,,,,,,,,,,,,,,,,,,,,0,,,
17792,"Quiché",14,"Uspantán",15,2710,380,,,,,,,,,,,,,,,,,,,,,,,,,,,0,,,
17793,"Quiché",14,"Uspantán",15,2710,380,,,,,,,,,,,,,,,,,,,,,,,,,,,0,,,
17794,"Quiché",14,"Uspantán",15,2711,380,,,,,,,,,,,,,,,,,,,,,,,,,,,0,,,
17795,"Quiché",14,"Uspantán",15,2711,380,,,,,,,,,,,,,,,,,,,,,,,,,,,0,,,
17796,"Quiché",14,"Uspantán",15,2711,380,,,,,,,,,,,,,,,,,,,,,,,,,,,0,,,
17797,"Quiché",14,"Uspantán",15,2711,380,,,,,,,,,,,,,,,,,,,,,,,,,,,0,,,
17798,"Quiché",14,"Uspantán",15,2711,380,,,,,,,,,,,,,,,,,,,,,,,,,,,0,,,
17799,"Quiché",14,"Uspantán",15,2711,380,,,,,,,,,,,,,,,,,,,,,,,,,,,0,,,
17800,"Quiché",14,"Uspantán",15,2711,380,,,,,,,,,,,,,,,,,,,,,,,,,,,0,,,
17801,"Quiché",14,"Uspantán",15,2711,380,,,,,,,,,,,,,,,,,,,,,,,,,,,0,,,
17802,"Quiché",14,"Uspantán",15,2712,380,,,,,,,,,,,,,,,,,,,,,,,,,,,0,,,
17803,"Quiché",14,"Uspantán",15,2712,380,,,,,,,,,,,,,,,,,,,,,,,,,,,0,,,
17804,"Quiché",14,"Uspantán",15,2712,380,43,23,3,40,7,0,1,19,2,0,0,1,7,146,11,1,158,0,158,--,380,222,146,158,158,Algún campo sin dato,1,e62db57bdb04459942181e5c157314cf98414387f053f62797f918b1b1aa14f7,25/06/2023 23:23:36,ESCANER
17805,"Quiché",14,"Uspantán",15,2713,197,,,,,,,,,,,,,,,,,,,,,,,,,,,0,,,
17806,"Quiché",14,"Uspantán",15,2713,196,,,,,,,,,,,,,,,,,,,,,,,,,,,0,,,
17807,"Quiché",14,"Uspantán",15,2714,376,53,1,2,16,1,1,1,11,0,0,0,3,10,99,9,5,113,0,113,--,376,261,99,113,113,Algún campo sin dato,1,68bcb8b17799a7b0dc01642c296d069a0b25fdb0af050603481820319e20fac7,25/06/2023 23:36:28,ESCANER
17808,"Quiché",14,"Uspantán",15,2714,375,11,1,0,6,0,1,0,1,0,0,0,0,5,25,2,0,27,0,27,--,375,348,25,27,27,Algún campo sin dato,1,8737417ca0a0e1bcc0fabb4e7ea91587fe464624c3095c6f08dd2717dc95e02a,25/06/2023 21:39:08,ESCANER