﻿TIPO_DE_ELECCIÓN:,CORPORACIÓN MUNICIPAL
26 junio 2023 00:28 (UTC -6)
ACTAS_ESPERADAS,ACTAS_CAPTURADAS,PORCENTAJE_ACTAS_CAPTURADAS,ACTAS_CONTABILIZADAS,PORCENTAJE_ACTAS_CONTABILIZADAS,ACTAS_NO_CONTABILIZADAS,LISTA_NOMINAL_ACTAS_CONTABILIZADAS,VOTOS_EMITIDOS_CONTABILIZADAS,PORCENTAJE_PARTICIPACIÓN_CIUDADANA
89,11,12.3595,11,12.3595,0,3666,1626,44.3535

MESA,DEPARTAMENTO,ID_DEPARTAMENTO,MUNICIPIO,ID_MUNICIPIO,CENTRO_DE_VOTACIÓN,PADRÓN,MLP,PHG,UNE,VIVA,CAMBIO,VALOR,VAMOS,PODEMOS,CABAL,PPN,AZUL,WINAQ,U R N G - MAIZ,LI INUP,VÁLIDOS,NULOS,BLANCO,EMITIDOS,INVÁLIDOS,TOTAL,IMPUGNACIONES,PAPELETAS-RECIBIDAS,PAPELETAS-NO-USADAS,VALIDOS_CALCULADO,EMITIDOS_CALCULADO,TOTAL_CALCULADO,OBSERVACIONES,CONTABILIZADA,CÓDIGO_INTEGRIDAD,FECHA_HORA_PUBLICACIÓN,DIGITALIZACIÓN
20140,"Alta Verapaz",16,"Fray Bartolomé De Las Casas",15,3130,400,,,,,,,,,,,,,,,,,,,,,,,,,,,,0,,,
20141,"Alta Verapaz",16,"Fray Bartolomé De Las Casas",15,3130,400,,,,,,,,,,,,,,,,,,,,,,,,,,,,0,,,
20142,"Alta Verapaz",16,"Fray Bartolomé De Las Casas",15,3130,400,,,,,,,,,,,,,,,,,,,,,,,,,,,,0,,,
20143,"Alta Verapaz",16,"Fray Bartolomé De Las Casas",15,3130,400,,,,,,,,,,,,,,,,,,,,,,,,,,,,0,,,
20144,"Alta Verapaz",16,"Fray Bartolomé De Las Casas",15,3130,400,1,70,25,18,2,9,6,8,4,41,3,1,10,2,200,34,5,239,0,239,--,400,161,200,239,239,Algún campo sin dato,1,c8479c905229eacf46730f7512dffbaf9007971005060bdd47009d8ffc921c98,25/06/2023 21:07:19,ESCANER
20145,"Alta Verapaz",16,"Fray Bartolomé De Las Casas",15,3130,400,,,,,,,,,,,,,,,,,,,,,,,,,,,,0,,,
20146,"Alta Verapaz",16,"Fray Bartolomé De Las Casas",15,3130,400,,,,,,,,,,,,,,,,,,,,,,,,,,,,0,,,
20147,"Alta Verapaz",16,"Fray Bartolomé De Las Casas",15,3130,400,,,,,,,,,,,,,,,,,,,,,,,,,,,,0,,,
20148,"Alta Verapaz",16,"Fray Bartolomé De Las Casas",15,3130,400,,,,,,,,,,,,,,,,,,,,,,,,,,,,0,,,
20149,"Alta Verapaz",16,"Fray Bartolomé De Las Casas",15,3130,400,,,,,,,,,,,,,,,,,,,,,,,,,,,,0,,,
20150,"Alta Verapaz",16,"Fray Bartolomé De Las Casas",15,3130,400,,,,,,,,,,,,,,,,,,,,,,,,,,,,0,,,
20151,"Alta Verapaz",16,"Fray Bartolomé De Las Casas",15,3130,400,2,75,19,17,1,6,8,11,1,42,0,2,3,0,187,12,2,201,0,201,--,400,199,187,201,201,Algún campo sin dato,1,1e808eaf22da2491cfb6262302f0cd6b135c27964079c0fb319b0fc0de51df35,25/06/2023 23:24:04,ESCANER
20152,"Alta Verapaz",16,"Fray Bartolomé De Las Casas",15,3130,400,,,,,,,,,,,,,,,,,,,,,,,,,,,,0,,,
20153,"Alta Verapaz",16,"Fray Bartolomé De Las Casas",15,3130,400,,,,,,,,,,,,,,,,,,,,,,,,,,,,0,,,
20154,"Alta Verapaz",16,"Fray Bartolomé De Las Casas",15,3130,400,,,,,,,,,,,,,,,,,,,,,,,,,,,,0,,,
20155,"Alta Verapaz",16,"Fray Bartolomé De Las Casas",15,3130,400,,,,,,,,,,,,,,,,,,,,,,,,,,,,0,,,
20156,"Alta Verapaz",16,"Fray Bartolomé De Las Casas",15,3130,400,,,,,,,,,,,,,,,,,,,,,,,,,,,,0,,,
20157,"Alta Verapaz",16,"Fray Bartolomé De Las Casas",15,3131,400,,,,,,,,,,,,,,,,,,,,,,,,,,,,0,,,
20158,"Alta Verapaz",16,"Fray Bartolomé De Las Casas",15,3131,400,,,,,,,,,,,,,,,,,,,,,,,,,,,,0,,,
20159,"Alta Verapaz",16,"Fray Bartolomé De Las Casas",15,3131,400,,,,,,,,,,,,,,,,,,,,,,,,,,,,0,,,
20160,"Alta Verapaz",16,"Fray Bartolomé De Las Casas",15,3131,400,,,,,,,,,,,,,,,,,,,,,,,,,,,,0,,,
20161,"Alta Verapaz",16,"Fray Bartolomé De Las Casas",15,3131,400,,,,,,,,,,,,,,,,,,,,,,,,,,,,0,,,
20162,"Alta Verapaz",16,"Fray Bartolomé De Las Casas",15,3132,400,1,55,31,20,2,15,12,11,2,36,0,0,2,1,188,11,0,199,0,199,--,397,198,188,199,199,Algún campo sin dato,1,38f0dc960af648f3ac61377cd2e256cdfa27f9243d62d909984bb43ed6cc32f5,25/06/2023 21:41:48,ESCANER
20163,"Alta Verapaz",16,"Fray Bartolomé De Las Casas",15,3132,400,,,,,,,,,,,,,,,,,,,,,,,,,,,,0,,,
20164,"Alta Verapaz",16,"Fray Bartolomé De Las Casas",15,3132,279,,,,,,,,,,,,,,,,,,,,,,,,,,,,0,,,
20165,"Alta Verapaz",16,"Fray Bartolomé De Las Casas",15,3132,279,,,,,,,,,,,,,,,,,,,,,,,,,,,,0,,,
20166,"Alta Verapaz",16,"Fray Bartolomé De Las Casas",15,3133,212,5,46,18,14,2,4,1,5,0,10,0,3,2,0,110,21,4,135,0,135,--,211,76,110,135,135,Algún campo sin dato,1,3f1f55fcc28ad3e2262d2e0ca437a128f662b6a0e0d262da61067401c5458f81,26/06/2023 00:02:51,ESCANER
20167,"Alta Verapaz",16,"Fray Bartolomé De Las Casas",15,3133,211,1,33,15,11,3,3,3,2,2,16,0,1,1,1,92,8,3,103,0,103,--,211,108,92,103,103,Algún campo sin dato,1,769f22f6881a48e1c19f4fda5d1d1b6a93667b5ef766b7d5cde7bbd1b242821e,25/06/2023 23:58:12,ESCANER
20168,"Alta Verapaz",16,"Fray Bartolomé De Las Casas",15,3134,400,,,,,,,,,,,,,,,,,,,,,,,,,,,,0,,,
20169,"Alta Verapaz",16,"Fray Bartolomé De Las Casas",15,3134,378,,,,,,,,,,,,,,,,,,,,,,,,,,,,0,,,
20170,"Alta Verapaz",16,"Fray Bartolomé De Las Casas",15,3134,377,,,,,,,,,,,,,,,,,,,,,,,,,,,,0,,,
20171,"Alta Verapaz",16,"Fray Bartolomé De Las Casas",15,3135,380,,,,,,,,,,,,,,,,,,,,,,,,,,,,0,,,
20172,"Alta Verapaz",16,"Fray Bartolomé De Las Casas",15,3135,380,,,,,,,,,,,,,,,,,,,,,,,,,,,,0,,,
20173,"Alta Verapaz",16,"Fray Bartolomé De Las Casas",15,3135,380,,,,,,,,,,,,,,,,,,,,,,,,,,,,0,,,
20174,"Alta Verapaz",16,"Fray Bartolomé De Las Casas",15,3135,380,,,,,,,,,,,,,,,,,,,,,,,,,,,,0,,,
20175,"Alta Verapaz",16,"Fray Bartolomé De Las Casas",15,3135,380,,,,,,,,,,,,,,,,,,,,,,,,,,,,0,,,
20176,"Alta Verapaz",16,"Fray Bartolomé De Las Casas",15,3135,295,,,,,,,,,,,,,,,,,,,,,,,,,,,,0,,,
20177,"Alta Verapaz",16,"Fray Bartolomé De Las Casas",15,3135,295,,,,,,,,,,,,,,,,,,,,,,,,,,,,0,,,
20178,"Alta Verapaz",16,"Fray Bartolomé De Las Casas",15,3136,380,,,,,,,,,,,,,,,,,,,,,,,,,,,,0,,,
20179,"Alta Verapaz",16,"Fray Bartolomé De Las Casas",15,3136,380,,,,,,,,,,,,,,,,,,,,,,,,,,,,0,,,
20180,"Alta Verapaz",16,"Fray Bartolomé De Las Casas",15,3136,380,,,,,,,,,,,,,,,,,,,,,,,,,,,,0,,,
20181,"Alta Verapaz",16,"Fray Bartolomé De Las Casas",15,3136,380,,,,,,,,,,,,,,,,,,,,,,,,,,,,0,,,
20182,"Alta Verapaz",16,"Fray Bartolomé De Las Casas",15,3136,230,,,,,,,,,,,,,,,,,,,,,,,,,,,,0,,,
20183,"Alta Verapaz",16,"Fray Bartolomé De Las Casas",15,3136,229,,,,,,,,,,,,,,,,,,,,,,,,,,,,0,,,
20184,"Alta Verapaz",16,"Fray Bartolomé De Las Casas",15,3137,380,,,,,,,,,,,,,,,,,,,,,,,,,,,,0,,,
20185,"Alta Verapaz",16,"Fray Bartolomé De Las Casas",15,3137,380,,,,,,,,,,,,,,,,,,,,,,,,,,,,0,,,
20186,"Alta Verapaz",16,"Fray Bartolomé De Las Casas",15,3137,380,,,,,,,,,,,,,,,,,,,,,,,,,,,,0,,,
20187,"Alta Verapaz",16,"Fray Bartolomé De Las Casas",15,3137,380,,,,,,,,,,,,,,,,,,,,,,,,,,,,0,,,
20188,"Alta Verapaz",16,"Fray Bartolomé De Las Casas",15,3137,380,,,,,,,,,,,,,,,,,,,,,,,,,,,,0,,,
20189,"Alta Verapaz",16,"Fray Bartolomé De Las Casas",15,3137,234,,,,,,,,,,,,,,,,,,,,,,,,,,,,0,,,
20190,"Alta Verapaz",16,"Fray Bartolomé De Las Casas",15,3137,234,,,,,,,,,,,,,,,,,,,,,,,,,,,,0,,,
20191,"Alta Verapaz",16,"Fray Bartolomé De Las Casas",15,3138,380,,,,,,,,,,,,,,,,,,,,,,,,,,,,0,,,
20192,"Alta Verapaz",16,"Fray Bartolomé De Las Casas",15,3138,380,,,,,,,,,,,,,,,,,,,,,,,,,,,,0,,,
20193,"Alta Verapaz",16,"Fray Bartolomé De Las Casas",15,3138,380,,,,,,,,,,,,,,,,,,,,,,,,,,,,0,,,
20194,"Alta Verapaz",16,"Fray Bartolomé De Las Casas",15,3138,380,,,,,,,,,,,,,,,,,,,,,,,,,,,,0,,,
20195,"Alta Verapaz",16,"Fray Bartolomé De Las Casas",15,3138,258,,,,,,,,,,,,,,,,,,,,,,,,,,,,0,,,
20196,"Alta Verapaz",16,"Fray Bartolomé De Las Casas",15,3138,257,0,38,14,17,0,2,2,3,0,27,0,2,0,0,105,1,1,107,0,107,--,254,147,105,107,107,Algún campo sin dato,1,3f727dbcb8224ee3534c4afbc6e89fb040f465ebd1e6ee9a868d7aa229dacffa,25/06/2023 21:36:09,ESCANER
20197,"Alta Verapaz",16,"Fray Bartolomé De Las Casas",15,3139,380,,,,,,,,,,,,,,,,,,,,,,,,,,,,0,,,
20198,"Alta Verapaz",16,"Fray Bartolomé De Las Casas",15,3139,380,,,,,,,,,,,,,,,,,,,,,,,,,,,,0,,,
20199,"Alta Verapaz",16,"Fray Bartolomé De Las Casas",15,3139,380,,,,,,,,,,,,,,,,,,,,,,,,,,,,0,,,
20200,"Alta Verapaz",16,"Fray Bartolomé De Las Casas",15,3139,380,,,,,,,,,,,,,,,,,,,,,,,,,,,,0,,,
20201,"Alta Verapaz",16,"Fray Bartolomé De Las Casas",15,3139,284,,,,,,,,,,,,,,,,,,,,,,,,,,,,0,,,
20202,"Alta Verapaz",16,"Fray Bartolomé De Las Casas",15,3139,283,,,,,,,,,,,,,,,,,,,,,,,,,,,,0,,,
20203,"Alta Verapaz",16,"Fray Bartolomé De Las Casas",15,3140,380,,,,,,,,,,,,,,,,,,,,,,,,,,,,0,,,
20204,"Alta Verapaz",16,"Fray Bartolomé De Las Casas",15,3140,380,,,,,,,,,,,,,,,,,,,,,,,,,,,,0,,,
20205,"Alta Verapaz",16,"Fray Bartolomé De Las Casas",15,3140,380,,,,,,,,,,,,,,,,,,,,,,,,,,,,0,,,
20206,"Alta Verapaz",16,"Fray Bartolomé De Las Casas",15,3140,380,,,,,,,,,,,,,,,,,,,,,,,,,,,,0,,,
20207,"Alta Verapaz",16,"Fray Bartolomé De Las Casas",15,3140,380,,,,,,,,,,,,,,,,,,,,,,,,,,,,0,,,
20208,"Alta Verapaz",16,"Fray Bartolomé De Las Casas",15,3140,380,,,,,,,,,,,,,,,,,,,,,,,,,,,,0,,,
20209,"Alta Verapaz",16,"Fray Bartolomé De Las Casas",15,3140,358,,,,,,,,,,,,,,,,,,,,,,,,,,,,0,,,
20210,"Alta Verapaz",16,"Fray Bartolomé De Las Casas",15,3140,357,,,,,,,,,,,,,,,,,,,,,,,,,,,,0,,,
20211,"Alta Verapaz",16,"Fray Bartolomé De Las Casas",15,3141,380,,,,,,,,,,,,,,,,,,,,,,,,,,,,0,,,
20212,"Alta Verapaz",16,"Fray Bartolomé De Las Casas",15,3141,380,,,,,,,,,,,,,,,,,,,,,,,,,,,,0,,,
20213,"Alta Verapaz",16,"Fray Bartolomé De Las Casas",15,3141,380,,,,,,,,,,,,,,,,,,,,,,,,,,,,0,,,
20214,"Alta Verapaz",16,"Fray Bartolomé De Las Casas",15,3141,349,,,,,,,,,,,,,,,,,,,,,,,,,,,,0,,,
20215,"Alta Verapaz",16,"Fray Bartolomé De Las Casas",15,3141,349,,,,,,,,,,,,,,,,,,,,,,,,,,,,0,,,
20216,"Alta Verapaz",16,"Fray Bartolomé De Las Casas",15,3142,380,1,84,19,30,0,8,6,20,1,13,1,1,4,0,188,19,6,213,0,213,--,380,167,188,213,213,Algún campo sin dato,1,356e00558366f5c68891ae12fdc90045680433cd80ab6eca84ba886ed3c87d2c,26/06/2023 00:04:19,ESCANER
20217,"Alta Verapaz",16,"Fray Bartolomé De Las Casas",15,3142,380,1,97,17,35,4,8,12,5,4,7,1,1,15,0,207,17,6,230,0,230,--,377,147,207,230,230,Algún campo sin dato,1,d6e85b7d353cbe24d97a63fec3ec73af413ec8cddc026c33be344c274aef28d7,26/06/2023 00:13:50,ESCANER
20218,"Alta Verapaz",16,"Fray Bartolomé De Las Casas",15,3142,380,,,,,,,,,,,,,,,,,,,,,,,,,,,,0,,,
20219,"Alta Verapaz",16,"Fray Bartolomé De Las Casas",15,3142,380,,,,,,,,,,,,,,,,,,,,,,,,,,,,0,,,
20220,"Alta Verapaz",16,"Fray Bartolomé De Las Casas",15,3142,322,1,40,21,11,0,6,5,2,1,4,1,0,6,0,98,17,7,122,0,122,--,322,200,98,122,122,Algún campo sin dato,1,8ed65c86287e6cf086fabf5a302d930cf036a95bb40b9d8e0045fce2a7b63692,26/06/2023 00:19:08,ESCANER
20221,"Alta Verapaz",16,"Fray Bartolomé De Las Casas",15,3142,321,,,,,,,,,,,,,,,,,,,,,,,,,,,,0,,,
20222,"Alta Verapaz",16,"Fray Bartolomé De Las Casas",15,3143,380,,,,,,,,,,,,,,,,,,,,,,,,,,,,0,,,
20223,"Alta Verapaz",16,"Fray Bartolomé De Las Casas",15,3143,380,,,,,,,,,,,,,,,,,,,,,,,,,,,,0,,,
20224,"Alta Verapaz",16,"Fray Bartolomé De Las Casas",15,3143,380,,,,,,,,,,,,,,,,,,,,,,,,,,,,0,,,
20225,"Alta Verapaz",16,"Fray Bartolomé De Las Casas",15,3143,305,,,,,,,,,,,,,,,,,,,,,,,,,,,,0,,,
20226,"Alta Verapaz",16,"Fray Bartolomé De Las Casas",15,3143,305,,,,,,,,,,,,,,,,,,,,,,,,,,,,0,,,
20227,"Alta Verapaz",16,"Fray Bartolomé De Las Casas",15,3144,352,1,8,6,3,3,2,5,1,0,12,0,1,0,2,44,6,0,50,0,50,--,354,304,44,50,50,Algún campo sin dato,1,806182698183e71f1d71be92c34a4e6ef00e244917d52789fb4d52eaad921503,26/06/2023 00:13:30,ESCANER
20228,"Alta Verapaz",16,"Fray Bartolomé De Las Casas",15,3144,352,0,6,2,2,1,1,1,1,1,5,0,0,1,1,22,5,0,27,0,27,--,354,327,22,27,27,Algún campo sin dato,1,f0729cc950d580d79a2ee17d23a74daec38a767f0bd455dbfe53afa6a3c2aa2e,26/06/2023 00:12:51,ESCANER