﻿TIPO_DE_ELECCIÓN:,CORPORACIÓN MUNICIPAL
26 junio 2023 00:28 (UTC -6)
ACTAS_ESPERADAS,ACTAS_CAPTURADAS,PORCENTAJE_ACTAS_CAPTURADAS,ACTAS_CONTABILIZADAS,PORCENTAJE_ACTAS_CONTABILIZADAS,ACTAS_NO_CONTABILIZADAS,LISTA_NOMINAL_ACTAS_CONTABILIZADAS,VOTOS_EMITIDOS_CONTABILIZADAS,PORCENTAJE_PARTICIPACIÓN_CIUDADANA
133,76,57.1428,75,56.3909,1,27345,16359,59.8244

MESA,DEPARTAMENTO,ID_DEPARTAMENTO,MUNICIPIO,ID_MUNICIPIO,CENTRO_DE_VOTACIÓN,PADRÓN,CABAL,UNE,VIVA,VAMOS,VALOR UNIONISTA,WINAQ,URNG-MAIZ SEMILLA,TODOS,UR,PPN,PR,MLP,VÁLIDOS,NULOS,BLANCO,EMITIDOS,INVÁLIDOS,TOTAL,IMPUGNACIONES,PAPELETAS-RECIBIDAS,PAPELETAS-NO-USADAS,VALIDOS_CALCULADO,EMITIDOS_CALCULADO,TOTAL_CALCULADO,OBSERVACIONES,CONTABILIZADA,CÓDIGO_INTEGRIDAD,FECHA_HORA_PUBLICACIÓN,DIGITALIZACIÓN
16690,"Quiché",14,"Santa Cruz Del Quiché",1,2499,400,,,,,,,,,,,,,,,,,,,,,,,,,,0,,,
16691,"Quiché",14,"Santa Cruz Del Quiché",1,2499,400,,,,,,,,,,,,,,,,,,,,,,,,,,0,,,
16692,"Quiché",14,"Santa Cruz Del Quiché",1,2499,400,,,,,,,,,,,,,,,,,,,,,,,,,,0,,,
16693,"Quiché",14,"Santa Cruz Del Quiché",1,2499,400,23,71,42,61,1,12,12,2,0,0,2,6,232,14,3,249,0,249,0,400,151,232,249,249,,1,5a14f5b908b3a784561d5e268aec58a7f8821e9db018a56152b60f55c7db0747,25/06/2023 22:45:56,ESCANER
16694,"Quiché",14,"Santa Cruz Del Quiché",1,2499,400,22,52,49,88,4,10,12,6,0,1,1,6,251,9,0,260,0,260,0,400,140,251,260,260,,1,9b897f5055cacc5913cf150861963da2850d077dfd4a4722e9ee5a97d91ff6c0,25/06/2023 23:49:06,ESCANER
16695,"Quiché",14,"Santa Cruz Del Quiché",1,2499,400,,,,,,,,,,,,,,,,,,,,,,,,,,0,,,
16696,"Quiché",14,"Santa Cruz Del Quiché",1,2499,400,23,62,45,51,2,5,10,6,0,2,0,4,210,7,3,220,0,220,0,396,177,210,220,220,,1,37654536c1f936919a1fbaddd615444423f1ec9f02b3c3a20517fc602dd29f53,25/06/2023 23:46:40,ESCANER
16697,"Quiché",14,"Santa Cruz Del Quiché",1,2499,242,14,32,27,45,1,5,12,0,0,0,1,3,140,3,0,143,0,143,--,242,99,140,143,143,Algún campo sin dato,1,b6305adfa5f15e0b31b8b1ff677930ffa548748ad5ea58fa71e8ce53fc85f6af,25/06/2023 21:50:01,ESCANER
16698,"Quiché",14,"Santa Cruz Del Quiché",1,2499,242,11,23,14,33,1,2,12,1,1,1,0,3,102,0,1,103,0,103,0,242,139,102,103,103,,1,350f13913fbb009c0169a4c74d69b278161ad1fe488f1ed7aef178dd5efe3ecc,25/06/2023 22:07:44,ESCANER
16699,"Quiché",14,"Santa Cruz Del Quiché",1,2500,400,17,49,25,120,0,5,4,2,0,2,0,2,226,19,2,247,0,247,--,411,164,226,247,247,Algún campo sin dato,1,c0629dbbdb1207c3297fd6d9b4d20910424beffc0b0e157f0c44c975e91e05f2,25/06/2023 22:25:45,ESCANER
16700,"Quiché",14,"Santa Cruz Del Quiché",1,2500,400,,,,,,,,,,,,,,,,,,,,,,,,,,0,,,
16701,"Quiché",14,"Santa Cruz Del Quiché",1,2500,400,,,,,,,,,,,,,,,,,,,,,,,,,,0,,,
16702,"Quiché",14,"Santa Cruz Del Quiché",1,2500,400,,,,,,,,,,,,,,,,,,,,,,,,,,0,,,
16703,"Quiché",14,"Santa Cruz Del Quiché",1,2501,400,32,79,44,89,5,10,11,7,2,2,0,5,286,13,2,301,0,301,--,396,95,286,301,301,Algún campo sin dato,1,dc75bb9eface34ffc52f1ad77098c5cdf3fd0bae936bd5222e5aab4dbcd0f571,25/06/2023 23:36:51,ESCANER
16704,"Quiché",14,"Santa Cruz Del Quiché",1,2501,400,27,56,34,96,2,5,3,2,0,0,0,0,225,7,1,233,0,233,--,398,165,225,233,233,Algún campo sin dato,1,4e6002f1cdbea1d27aa136df1deb081053784cbf9cec7b7f8f9c5a89d6424474,25/06/2023 23:31:02,ESCANER
16705,"Quiché",14,"Santa Cruz Del Quiché",1,2501,400,,,,,,,,,,,,,,,,,,,,,,,,,,0,,,
16706,"Quiché",14,"Santa Cruz Del Quiché",1,2501,400,,,,,,,,,,,,,,,,,,,,,,,,,,0,,,
16707,"Quiché",14,"Santa Cruz Del Quiché",1,2501,400,34,60,36,99,2,5,5,3,1,1,0,1,247,12,0,259,0,259,--,400,141,247,259,259,Algún campo sin dato,1,f952affa930cbd7802bb388cd5de10a29f601d5347955f03c3d615e29e81319a,25/06/2023 23:11:11,ESCANER
16708,"Quiché",14,"Santa Cruz Del Quiché",1,2501,400,24,43,34,106,4,5,11,0,2,0,0,3,232,10,2,244,0,244,--,396,152,232,244,244,Algún campo sin dato,1,21ee49533bc6f50c68e5ad4d6ab340154b5afdac50212a9e99134384e0f27af9,25/06/2023 23:47:08,ESCANER
16709,"Quiché",14,"Santa Cruz Del Quiché",1,2502,400,,,,,,,,,,,,,,,,,,,,,,,,,,0,,,
16710,"Quiché",14,"Santa Cruz Del Quiché",1,2502,400,,,,,,,,,,,,,,,,,,,,,,,,,,0,,,
16711,"Quiché",14,"Santa Cruz Del Quiché",1,2502,400,22,56,34,94,2,3,14,1,2,1,0,1,230,5,0,235,0,235,--,400,165,230,235,235,Algún campo sin dato,1,66124c08b4e746cc4d726f40dd97daef72f72c575f07f7bd8afd0f1ed70e5e0f,25/06/2023 22:28:57,ESCANER
16712,"Quiché",14,"Santa Cruz Del Quiché",1,2502,243,14,32,17,51,2,2,7,2,1,2,0,0,130,1,0,131,0,131,--,243,112,130,131,131,Algún campo sin dato,1,80a019b3f4284cd61f39cf534c78a1de8ca6f358683378b731053966f09b2658,25/06/2023 23:14:33,ESCANER
16713,"Quiché",14,"Santa Cruz Del Quiché",1,2502,242,18,20,14,58,1,1,3,1,0,0,0,0,116,6,2,124,0,124,--,242,118,116,124,124,Algún campo sin dato,1,6920a41a7fc7639983edd1990dcc955f84893a4db29dae569739be4c121e37ae,25/06/2023 22:44:45,ESCANER
16714,"Quiché",14,"Santa Cruz Del Quiché",1,2503,400,30,40,10,125,1,3,7,0,0,0,0,0,216,21,18,255,0,255,--,400,145,216,255,255,Algún campo sin dato,1,07339eecd140d40bab20df6bd1086047486ec862b0e019dcc197cf7d6034791c,25/06/2023 22:35:45,ESCANER
16715,"Quiché",14,"Santa Cruz Del Quiché",1,2503,400,,,,,,,,,,,,,,,,,,,,,,,,,,0,,,
16716,"Quiché",14,"Santa Cruz Del Quiché",1,2503,400,,,,,,,,,,,,,,,,,,,,,,,,,,0,,,
16717,"Quiché",14,"Santa Cruz Del Quiché",1,2504,400,,,,,,,,,,,,,,,,,,,,,,,,,,0,,,
16718,"Quiché",14,"Santa Cruz Del Quiché",1,2504,400,,,,,,,,,,,,,,,,,,,,,,,,,,0,,,
16719,"Quiché",14,"Santa Cruz Del Quiché",1,2504,311,,,,,,,,,,,,,,,,,,,,,,,,,,0,,,
16720,"Quiché",14,"Santa Cruz Del Quiché",1,2504,310,21,27,18,64,2,0,7,2,0,1,0,2,144,2,2,148,0,148,--,310,162,144,148,148,Algún campo sin dato,1,dcedbbf130fc9a25e59ed878e0e00489965351b605b2bf8d42270914aed64ccc,25/06/2023 22:15:46,ESCANER
16721,"Quiché",14,"Santa Cruz Del Quiché",1,2505,356,20,70,12,66,2,2,4,1,2,0,1,1,181,11,3,195,0,195,--,356,161,181,195,195,Algún campo sin dato,1,bb06aa070ce74eb9518fb4d0e043d69aa894be5800be01c650bd0ccce2f73dee,26/06/2023 00:27:50,ESCANER
16722,"Quiché",14,"Santa Cruz Del Quiché",1,2506,400,,,,,,,,,,,,,,,,,,,,,,,,,,0,,,
16723,"Quiché",14,"Santa Cruz Del Quiché",1,2506,400,38,72,39,62,3,6,13,2,2,4,2,2,245,17,2,264,--,264,--,400,136,245,264,264,Algún campo sin dato,1,41a7b90a3cf501de453dccec110314a5bb619e7e6d6baae4a058bdc4d5ba30ac,25/06/2023 23:33:49,ESCANER
16724,"Quiché",14,"Santa Cruz Del Quiché",1,2506,400,,,,,,,,,,,,,,,,,,,,,,,,,,0,,,
16725,"Quiché",14,"Santa Cruz Del Quiché",1,2506,400,45,70,40,79,3,7,10,3,5,4,1,3,270,14,0,284,0,284,--,400,116,270,284,284,Algún campo sin dato,1,78b7d1483a32ae8c3a77a8a98166940a94f5fa75952364e10beaf83364050b3e,25/06/2023 22:46:56,ESCANER
16726,"Quiché",14,"Santa Cruz Del Quiché",1,2506,400,,,,,,,,,,,,,,,,,,,,,,,,,,0,,,
16727,"Quiché",14,"Santa Cruz Del Quiché",1,2506,400,,,,,,,,,,,,,,,,,,,,,,,,,,0,,,
16728,"Quiché",14,"Santa Cruz Del Quiché",1,2506,400,35,78,49,88,4,14,6,10,1,3,2,0,290,11,0,301,0,301,--,400,99,290,301,301,Algún campo sin dato,1,a40c702417e2db37b6a12b85afccb951326762c20af6c82ea6daf80bd47a14e4,25/06/2023 23:16:06,ESCANER
16729,"Quiché",14,"Santa Cruz Del Quiché",1,2507,400,27,67,30,80,5,6,8,3,1,1,1,3,232,12,0,244,0,244,--,400,156,232,244,244,Algún campo sin dato,1,5755ab9975ddb9b6a7546cecc0959a423182434e120300fb48dc52d1574978c3,26/06/2023 00:11:17,ESCANER
16730,"Quiché",14,"Santa Cruz Del Quiché",1,2507,400,33,58,32,85,1,5,4,5,1,2,0,4,230,15,8,253,0,253,--,400,144,230,253,253,Algún campo sin dato,1,ee883912cf34c0419b3bb5ce6e8c6d23d5404710a6fb6afaa131a2267fce3d4a,26/06/2023 00:18:46,ESCANER
16731,"Quiché",14,"Santa Cruz Del Quiché",1,2507,400,,,,,,,,,,,,,,,,,,,,,,,,,,0,,,
16732,"Quiché",14,"Santa Cruz Del Quiché",1,2507,400,,,,,,,,,,,,,,,,,,,,,,,,,,0,,,
16733,"Quiché",14,"Santa Cruz Del Quiché",1,2507,400,28,80,42,67,2,8,5,2,2,1,3,4,244,16,2,262,0,262,--,400,138,244,262,262,Algún campo sin dato,1,37fa6cfe01262bfdf13cb09cc1e9c74c1f68a158be289a11091e2968c233750a,25/06/2023 23:16:01,ESCANER
16734,"Quiché",14,"Santa Cruz Del Quiché",1,2507,400,40,53,28,57,3,7,10,2,1,0,1,2,204,20,0,224,0,224,--,399,175,204,224,224,Algún campo sin dato,1,0a9a52454ea75a2df49aa83ffe6ffb872c3f704bdf0476416b96ef62ade44c13,25/06/2023 22:38:04,ESCANER
16735,"Quiché",14,"Santa Cruz Del Quiché",1,2507,400,,,,,,,,,,,,,,,,,,,,,,,,,,0,,,
16736,"Quiché",14,"Santa Cruz Del Quiché",1,2507,400,39,49,38,57,11,6,13,2,2,1,1,3,226,0,2,226,0,226,2,399,173,222,224,224,Sumas Asentadas sin cuadrar,1,3d7daa1b98f6118fd586cd2cf9dfc2f5a1be906a674ce3fb8edcc8df9cc0cc50,26/06/2023 00:17:51,ESCANER
16737,"Quiché",14,"Santa Cruz Del Quiché",1,2508,400,37,54,33,93,0,5,22,4,0,0,2,3,253,4,--,257,120,377,--,377,120,253,257,377,Algún campo sin dato,1,3f21df9497bb627e91284d76badf02fde1dc109c5e1cecc508ad6dc3781b434f,25/06/2023 23:32:22,ESCANER
16738,"Quiché",14,"Santa Cruz Del Quiché",1,2508,400,48,64,37,82,--,7,10,2,--,--,2,2,259,9,--,268,--,268,--,399,131,254,263,263,Sumas Asentadas sin cuadrar,1,f093ff941d0084c1de2577068050f3218f5686fb482ce0874007ddbe8cbf80b4,26/06/2023 00:23:58,ESCANER
16739,"Quiché",14,"Santa Cruz Del Quiché",1,2508,372,,,,,,,,,,,,,,,,,,,,,,,,,,0,,,
16740,"Quiché",14,"Santa Cruz Del Quiché",1,2508,372,31,46,35,62,0,9,12,3,1,1,1,0,201,3,0,204,0,204,0,372,168,201,204,204,,1,0cf6fb1af4f9ee0f545ef99d27df8d02c0e898fa72d803c5fc299626af9e2e61,26/06/2023 00:09:41,ESCANER
16741,"Quiché",14,"Santa Cruz Del Quiché",1,2509,400,32,86,40,80,3,6,6,7,3,3,1,2,269,9,3,281,0,281,--,380,99,269,281,281,Algún campo sin dato,1,98966de03cc9f051137ad98a7090a6b81f7811d5f74ac18ab1db5f209a20ce5a,26/06/2023 00:25:23,ESCANER
16742,"Quiché",14,"Santa Cruz Del Quiché",1,2509,400,22,94,60,59,2,7,14,11,3,2,0,4,288,12,0,288,106,394,--,394,106,278,290,396,Sumas Asentadas sin cuadrar,1,4e1c1866e70c7e66894bb840d508149e2c4274a6f5d4843b26746ddf0be22018,25/06/2023 22:55:10,ESCANER
16743,"Quiché",14,"Santa Cruz Del Quiché",1,2509,400,21,83,54,84,0,5,15,8,1,2,0,2,275,11,4,290,0,290,--,380,90,275,290,290,Algún campo sin dato,1,1a8e6e640cb0c9feb5ea7957cbc18488259bad3f7f5b3a65b35f238ed8b16f85,25/06/2023 23:05:45,ESCANER
16744,"Quiché",14,"Santa Cruz Del Quiché",1,2509,348,20,67,44,71,4,9,10,6,1,2,1,0,235,13,0,248,0,248,--,--,--,235,248,248,Algún campo sin dato,1,f2709baa7fbba8305ab5488e69c688f3414fb9b1768abd6c633893484b37cba6,25/06/2023 23:55:13,ESCANER
16745,"Quiché",14,"Santa Cruz Del Quiché",1,2509,348,17,55,55,58,2,4,15,6,0,0,0,2,214,1,0,215,0,215,--,348,133,214,215,215,Algún campo sin dato,1,c14c8a67ab4fe39e8b74750ac50ffb5dfd48e77e0eba68e79be9827075ea5030,25/06/2023 22:31:26,ESCANER
16746,"Quiché",14,"Santa Cruz Del Quiché",1,2510,380,,,,,,,,,,,,,,,,,,,,,,,,,,0,,,
16747,"Quiché",14,"Santa Cruz Del Quiché",1,2510,380,,,,,,,,,,,,,,,,,,,,,,,,,,0,,,
16748,"Quiché",14,"Santa Cruz Del Quiché",1,2510,380,,,,,,,,,,,,,,,,,,,,,,,,,,0,,,
16749,"Quiché",14,"Santa Cruz Del Quiché",1,2510,301,,,,,,,,,,,,,,,,,,,,,,,,,,0,,,
16750,"Quiché",14,"Santa Cruz Del Quiché",1,2510,301,,,,,,,,,,,,,,,,,,,,,,,,,,0,,,
16751,"Quiché",14,"Santa Cruz Del Quiché",1,2511,380,34,71,19,69,3,0,3,5,0,2,1,0,209,30,8,247,0,247,--,380,133,207,245,245,Sumas Asentadas sin cuadrar,1,bd01e47caa456d945636aed5b2d2a88081996783601d00157b3d314222344f7c,25/06/2023 23:43:20,ESCANER
16752,"Quiché",14,"Santa Cruz Del Quiché",1,2511,380,30,69,25,65,3,0,3,4,1,0,1,1,202,17,13,232,0,232,--,380,148,202,232,232,Algún campo sin dato,1,562b22b54f52dfb967961057c9717e7fce44073968c42213f3ba8a5c7772c9a5,26/06/2023 00:10:07,ESCANER
16753,"Quiché",14,"Santa Cruz Del Quiché",1,2511,380,35,51,23,62,2,1,0,1,0,0,1,1,177,24,6,207,0,207,--,380,173,177,207,207,Algún campo sin dato,1,9097bf1aa32bc41d36dee4fd4742e8a603266dcd848e29b33d71533acc8a703c,25/06/2023 21:57:23,ESCANER
16754,"Quiché",14,"Santa Cruz Del Quiché",1,2511,380,,,,,,,,,,,,,,,,,,,,,,,,,,0,,,
16755,"Quiché",14,"Santa Cruz Del Quiché",1,2511,380,35,70,11,55,1,0,2,2,0,3,0,2,181,20,15,216,0,216,--,380,164,181,216,216,Algún campo sin dato,1,dbe6f2cc01234510bf9fc29398b5a756897f93003dc382877274cc57c3638097,26/06/2023 00:14:49,ESCANER
16756,"Quiché",14,"Santa Cruz Del Quiché",1,2511,380,31,63,11,58,1,0,2,0,2,1,0,0,169,21,9,199,0,199,--,380,181,169,199,199,Algún campo sin dato,1,c0819c2b060bda6c6ec012332d20c4b87c5699edf2e527327692122907ee9323,25/06/2023 22:43:25,ESCANER
16757,"Quiché",14,"Santa Cruz Del Quiché",1,2511,298,20,34,13,37,0,1,0,1,0,0,0,0,106,12,1,119,0,119,--,298,176,106,119,119,Algún campo sin dato,1,a7022f04178122844e29649dcb187273ac1934ee99c872ddcd7f13d4e7363a00,25/06/2023 22:28:55,ESCANER
16758,"Quiché",14,"Santa Cruz Del Quiché",1,2511,298,16,36,5,35,0,2,1,0,0,1,0,0,96,5,2,103,0,103,--,298,195,96,103,103,Algún campo sin dato,1,a762e11e1e5d4d10bd719b6e37d162b19100b4ae42ee592b0737ea1fae871c6e,25/06/2023 23:48:02,ESCANER
16759,"Quiché",14,"Santa Cruz Del Quiché",1,2512,380,27,64,7,125,0,6,0,0,0,0,0,3,232,20,6,258,127,385,1,385,127,232,258,385,,1,30e215d0e6ea53943294e35135375f5b55f7c1b405ce137560b297a12ef6a47c,25/06/2023 23:41:11,ESCANER
16760,"Quiché",14,"Santa Cruz Del Quiché",1,2512,380,52,71,10,115,0,3,0,4,2,0,0,0,257,17,10,284,0,284,--,380,96,257,284,284,Algún campo sin dato,1,93f41f1d1922482ce39d063fb7f9c00f21b7ed86df25d7d9206e8e6b3cfbe227,26/06/2023 00:19:13,ESCANER
16761,"Quiché",14,"Santa Cruz Del Quiché",1,2512,380,,,,,,,,,,,,,,,,,,,,,,,,,,0,,,
16762,"Quiché",14,"Santa Cruz Del Quiché",1,2512,380,,,,,,,,,,,,,,,,,,,,,,,,,,0,,,
16763,"Quiché",14,"Santa Cruz Del Quiché",1,2512,380,35,48,11,94,2,3,0,1,0,0,0,2,196,16,3,215,0,215,--,380,165,196,215,215,Algún campo sin dato,1,8a18887573e0dd6aaee4d64ad9844982ac22dcc6d8d102696bec7633c43b6ac3,25/06/2023 22:53:45,ESCANER
16764,"Quiché",14,"Santa Cruz Del Quiché",1,2512,312,,,,,,,,,,,,,,,,,,,,,,,,,,0,,,
16765,"Quiché",14,"Santa Cruz Del Quiché",1,2512,311,35,28,6,69,0,1,1,0,1,2,1,0,144,8,0,152,0,152,--,311,159,144,152,152,Algún campo sin dato,1,2a4d872a2a438be3bfadf45b0c08850176dce6d42fa28d99bdc2ff6b2a8c7749,26/06/2023 00:02:46,ESCANER
16766,"Quiché",14,"Santa Cruz Del Quiché",1,2513,380,14,18,7,204,0,8,2,0,0,0,1,3,257,15,4,276,0,276,--,380,104,257,276,276,Algún campo sin dato,1,3e142f9980e19754d607d4c505e5f98a8a74585c9881f52ca16f9481d1e523fe,25/06/2023 23:14:21,ESCANER
16767,"Quiché",14,"Santa Cruz Del Quiché",1,2513,261,14,10,9,139,1,4,0,0,0,0,0,1,178,5,0,183,0,183,--,261,75,178,183,183,Algún campo sin dato,1,8012c3d70f7b499e8db56288f092f3ba54a862844926e45cf29ae674c2a5717d,25/06/2023 22:30:21,ESCANER
16768,"Quiché",14,"Santa Cruz Del Quiché",1,2513,260,11,10,6,122,1,4,0,1,0,0,0,1,156,3,1,160,0,160,--,260,100,156,160,160,Algún campo sin dato,1,08f48f17269e31f6a8e24cf91ea3cad877926819ba4af158ab08082f86b803f3,25/06/2023 23:00:58,ESCANER
16769,"Quiché",14,"Santa Cruz Del Quiché",1,2514,380,27,73,18,150,1,2,0,0,0,4,0,3,278,12,8,298,0,298,--,380,82,278,298,298,Algún campo sin dato,1,db7cdf9439527a7881b59407334047695b0c050b0071ad3d87e03987207620b3,26/06/2023 00:25:50,ESCANER
16770,"Quiché",14,"Santa Cruz Del Quiché",1,2514,380,,,,,,,,,,,,,,,,,,,,,,,,,,0,,,
16771,"Quiché",14,"Santa Cruz Del Quiché",1,2514,380,--,--,--,--,--,--,--,--,--,--,--,--,--,--,--,--,--,--,--,--,--,,,,Acta ilegible,0,03274620cb07953191acf0e3120fc34e5f87a6d9d0465137c401df1483fcbaf0,26/06/2023 00:12:19,ESCANER
16772,"Quiché",14,"Santa Cruz Del Quiché",1,2514,380,,,,,,,,,,,,,,,,,,,,,,,,,,0,,,
16773,"Quiché",14,"Santa Cruz Del Quiché",1,2514,295,21,48,17,95,0,1,3,0,0,0,0,4,189,4,0,193,0,193,--,295,102,189,193,193,Algún campo sin dato,1,dae8720426fd3f950b4095572c01a475a1de2de0a8c7b769dde30afde5460d1b,25/06/2023 23:17:57,ESCANER
16774,"Quiché",14,"Santa Cruz Del Quiché",1,2514,295,14,35,16,80,0,1,3,0,0,1,0,5,155,4,1,160,0,160,--,295,135,155,160,160,Algún campo sin dato,1,d6343389c78aaa8588f060c2e06d3471eb775fbd8d1fc69b990efd2adb065e36,26/06/2023 00:10:56,ESCANER
16775,"Quiché",14,"Santa Cruz Del Quiché",1,2515,380,,,,,,,,,,,,,,,,,,,,,,,,,,0,,,
16776,"Quiché",14,"Santa Cruz Del Quiché",1,2515,380,,,,,,,,,,,,,,,,,,,,,,,,,,0,,,
16777,"Quiché",14,"Santa Cruz Del Quiché",1,2515,380,48,77,15,105,2,4,7,0,0,1,2,0,261,12,10,283,0,283,--,377,94,261,283,283,Algún campo sin dato,1,f6a4b747cbd4ed7876c708025876ab7ae1d34ad3e44b8ff87904bd6562795fb9,25/06/2023 21:42:30,ESCANER
16778,"Quiché",14,"Santa Cruz Del Quiché",1,2515,380,37,60,14,107,4,3,6,1,1,0,1,3,237,18,7,262,0,262,--,380,118,237,262,262,Algún campo sin dato,1,9d9742877f7d9de90c8d686574be4bff03bff1ff218385fad2857834db23a253,25/06/2023 22:52:01,ESCANER
16779,"Quiché",14,"Santa Cruz Del Quiché",1,2515,380,33,54,17,93,0,3,7,1,0,0,1,3,212,10,6,228,--,228,--,379,151,212,228,228,Algún campo sin dato,1,574f26016fbd826a207eec6ee7ba9ed35e2241044326c61094a828030abd563d,25/06/2023 22:10:22,ESCANER
16780,"Quiché",14,"Santa Cruz Del Quiché",1,2515,380,39,44,22,101,1,10,6,2,0,1,0,0,226,22,3,251,0,251,--,377,126,226,251,251,Algún campo sin dato,1,647ae0cc4e14f6eb3d5b866acc0fb98d5eeae49f30d2a4eff2891db3e15c58a7,25/06/2023 22:48:57,ESCANER
16781,"Quiché",14,"Santa Cruz Del Quiché",1,2515,380,,,,,,,,,,,,,,,,,,,,,,,,,,0,,,
16782,"Quiché",14,"Santa Cruz Del Quiché",1,2515,380,26,44,22,90,1,0,0,0,2,0,0,2,187,19,174,380,0,380,--,380,174,187,380,380,Algún campo sin dato,1,e8cea6f709574bd82843f3d7ba37e57515044cda54149bdf2f94a3693996e389,25/06/2023 21:47:14,ESCANER
16783,"Quiché",14,"Santa Cruz Del Quiché",1,2515,380,39,44,22,106,2,2,6,1,0,0,0,5,227,5,1,233,--,233,--,375,132,227,233,233,Algún campo sin dato,1,b0e2e7f2c62ae5a81a4961575bf6281056abcf2908dc24b0ceac2bc280ccfc07,26/06/2023 00:27:20,ESCANER
16784,"Quiché",14,"Santa Cruz Del Quiché",1,2515,237,32,25,10,62,2,4,7,0,0,0,1,0,143,3,0,146,0,146,--,234,88,143,146,146,Algún campo sin dato,1,63babcbc2ef920254593a806586d1226d89055ca3489591cc010b67480bcafdb,25/06/2023 20:44:58,ESCANER
16785,"Quiché",14,"Santa Cruz Del Quiché",1,2515,236,22,24,9,48,0,3,0,0,0,0,0,3,113,3,0,113,0,113,--,236,123,109,112,112,Sumas Asentadas sin cuadrar,1,204ca09d9e9c8dc69642dcaa9346c550539fc365737bdb7f82eb127e699c9aee,25/06/2023 22:46:34,ESCANER
16786,"Quiché",14,"Santa Cruz Del Quiché",1,2516,380,,,,,,,,,,,,,,,,,,,,,,,,,,0,,,
16787,"Quiché",14,"Santa Cruz Del Quiché",1,2516,380,,,,,,,,,,,,,,,,,,,,,,,,,,0,,,
16788,"Quiché",14,"Santa Cruz Del Quiché",1,2516,380,,,,,,,,,,,,,,,,,,,,,,,,,,0,,,
16789,"Quiché",14,"Santa Cruz Del Quiché",1,2516,196,,,,,,,,,,,,,,,,,,,,,,,,,,0,,,
16790,"Quiché",14,"Santa Cruz Del Quiché",1,2516,195,3,58,6,65,0,0,0,0,0,0,0,0,132,3,0,135,0,135,--,195,60,132,135,135,Algún campo sin dato,1,47105f724760cfb251384fc84c4b44ceb6dcda511cd8f4bbae5940f69a3e994d,26/06/2023 00:17:19,ESCANER
16791,"Quiché",14,"Santa Cruz Del Quiché",1,2517,380,,,,,,,,,,,,,,,,,,,,,,,,,,0,,,
16792,"Quiché",14,"Santa Cruz Del Quiché",1,2517,380,12,81,13,117,2,5,9,5,0,0,0,0,244,13,19,276,0,276,0,380,104,244,276,276,,1,2a35f3cedd62ba9c13497655f130bbf2f5aec96c265e5aa5cd245eba30009b04,25/06/2023 23:32:04,ESCANER
16793,"Quiché",14,"Santa Cruz Del Quiché",1,2517,380,,,,,,,,,,,,,,,,,,,,,,,,,,0,,,
16794,"Quiché",14,"Santa Cruz Del Quiché",1,2517,380,14,87,10,130,0,3,2,1,0,2,0,0,249,25,9,283,0,283,--,380,94,249,283,283,Algún campo sin dato,1,d9a4f6a1fa3b13af02caa01345b2f943e26c2fdedb9ef9231ad62ed264f39cfb,26/06/2023 00:22:45,ESCANER
16795,"Quiché",14,"Santa Cruz Del Quiché",1,2517,380,16,82,11,137,2,0,7,1,0,0,1,2,259,17,9,285,0,285,--,375,90,259,285,285,Algún campo sin dato,1,a6da09f97ab815ecdd8c1214c2504b8fd5dac5aa0f0e7907d459fc1b221fd6a4,25/06/2023 23:18:13,ESCANER
16796,"Quiché",14,"Santa Cruz Del Quiché",1,2517,380,17,88,18,105,0,6,9,1,0,0,0,2,246,26,11,283,0,283,--,380,97,246,283,283,Algún campo sin dato,1,f06968df2e3397f8ea5a1f7282e9a10967aa2757af85d6a453bdf92c872b9ddf,26/06/2023 00:12:30,ESCANER
16797,"Quiché",14,"Santa Cruz Del Quiché",1,2517,380,15,74,19,121,1,4,4,2,2,0,1,1,244,17,6,267,--,--,--,380,113,244,267,267,Algún campo sin dato,1,5ee52a9553d31b13abfded23b02b827ae0388cd2e671a9328c1ca28ca24694f9,26/06/2023 00:09:28,ESCANER
16798,"Quiché",14,"Santa Cruz Del Quiché",1,2517,380,,,,,,,,,,,,,,,,,,,,,,,,,,0,,,
16799,"Quiché",14,"Santa Cruz Del Quiché",1,2517,380,16,74,20,98,1,1,5,1,1,1,0,1,219,11,7,237,0,219,1,388,151,219,237,237,Sumas Asentadas sin cuadrar,1,69e395ebac59656311f19449a0db24cd44542c977d9983ff6feebb246b675f46,25/06/2023 23:56:50,ESCANER
16800,"Quiché",14,"Santa Cruz Del Quiché",1,2517,380,,,,,,,,,,,,,,,,,,,,,,,,,,0,,,
16801,"Quiché",14,"Santa Cruz Del Quiché",1,2517,380,,,,,,,,,,,,,,,,,,,,,,,,,,0,,,
16802,"Quiché",14,"Santa Cruz Del Quiché",1,2517,380,15,68,16,91,1,0,3,0,1,3,0,0,198,5,3,206,0,206,--,380,174,198,206,206,Algún campo sin dato,1,dfea3544347c24ae5b493ebf660d28410c59e1b477e7a9b03f3d82fc8976e410,25/06/2023 23:20:22,ESCANER
16803,"Quiché",14,"Santa Cruz Del Quiché",1,2517,352,,,,,,,,,,,,,,,,,,,,,,,,,,0,,,
16804,"Quiché",14,"Santa Cruz Del Quiché",1,2517,351,11,53,17,88,1,--,4,1,--,1,--,2,178,4,2,184,0,184,--,348,164,178,184,184,Algún campo sin dato,1,0ccf73ba704db408cd3176f1c33b43c16e70d0c17b237b4d869a94ab54758e41,25/06/2023 22:40:34,ESCANER
16805,"Quiché",14,"Santa Cruz Del Quiché",1,2518,380,,,,,,,,,,,,,,,,,,,,,,,,,,0,,,
16806,"Quiché",14,"Santa Cruz Del Quiché",1,2518,380,,,,,,,,,,,,,,,,,,,,,,,,,,0,,,
16807,"Quiché",14,"Santa Cruz Del Quiché",1,2518,380,,,,,,,,,,,,,,,,,,,,,,,,,,0,,,
16808,"Quiché",14,"Santa Cruz Del Quiché",1,2518,380,,,,,,,,,,,,,,,,,,,,,,,,,,0,,,
16809,"Quiché",14,"Santa Cruz Del Quiché",1,2518,228,,,,,,,,,,,,,,,,,,,,,,,,,,0,,,
16810,"Quiché",14,"Santa Cruz Del Quiché",1,2518,228,,,,,,,,,,,,,,,,,,,,,,,,,,0,,,
16811,"Quiché",14,"Santa Cruz Del Quiché",1,2519,380,20,39,9,51,9,2,2,0,0,3,2,1,138,14,10,162,0,162,--,380,218,138,162,162,Algún campo sin dato,1,6ff21588b219c739f121632523d7b61b9a4b69545ec8f9e2e8aebad37ccc32de,26/06/2023 00:27:22,ESCANER
16812,"Quiché",14,"Santa Cruz Del Quiché",1,2519,380,,,,,,,,,,,,,,,,,,,,,,,,,,0,,,
16813,"Quiché",14,"Santa Cruz Del Quiché",1,2519,380,11,40,3,101,1,0,1,1,0,1,0,1,160,10,8,178,0,178,--,380,202,160,178,178,Algún campo sin dato,1,36688e9834173894a32c5bcf87a67594e27c7e96b2040ef25476f7a7227d7ce8,25/06/2023 23:24:46,ESCANER
16814,"Quiché",14,"Santa Cruz Del Quiché",1,2520,380,31,48,8,63,1,0,3,1,0,1,0,0,157,17,7,181,0,181,--,380,199,156,180,180,Sumas Asentadas sin cuadrar,1,439cc44a0e97aeff81d3b60bfd9cf0d1f9126cbe43f6110adaf922b098b07b18,25/06/2023 22:39:52,ESCANER
16815,"Quiché",14,"Santa Cruz Del Quiché",1,2520,380,37,44,5,63,5,1,3,4,0,2,0,0,164,24,10,198,0,198,--,380,182,164,198,198,Algún campo sin dato,1,5a97dd3eec5776e9515c1b8a1f297f8184b4837b7ce01d93c0b9cc223c78e992,25/06/2023 23:40:35,ESCANER
16816,"Quiché",14,"Santa Cruz Del Quiché",1,2520,380,22,48,7,77,1,1,0,0,1,1,0,0,160,14,2,176,0,176,--,400,224,158,174,174,Sumas Asentadas sin cuadrar,1,e1a1197276485659ab34b15c90d1484cfdd040e442e6f551fcd7b5e539e34713,25/06/2023 23:02:07,ESCANER
16817,"Quiché",14,"Santa Cruz Del Quiché",1,2520,316,20,22,5,50,0,0,1,1,0,1,0,1,101,3,6,110,0,110,--,316,206,101,110,110,Algún campo sin dato,1,bdee025949d34d08e0ecc2985eccb72178a62aac5e25c4abffbaeeee310f8bdd,25/06/2023 21:59:49,ESCANER
16818,"Quiché",14,"Santa Cruz Del Quiché",1,2520,315,12,18,2,52,1,0,1,0,0,0,0,0,86,7,4,97,0,97,--,315,218,86,97,97,Algún campo sin dato,1,3b60b34b0ab574fce869d59f75abb11b2cf489c18c245fab4e8e3b8e0270376c,25/06/2023 21:44:31,ESCANER
16819,"Quiché",14,"Santa Cruz Del Quiché",1,2521,600,,,,,,,,,,,,,,,,,,,,,,,,,,0,,,
16820,"Quiché",14,"Santa Cruz Del Quiché",1,2521,600,,,,,,,,,,,,,,,,,,,,,,,,,,0,,,
16821,"Quiché",14,"Santa Cruz Del Quiché",1,2521,567,16,46,20,67,2,5,5,5,1,1,1,0,168,7,1,176,0,176,--,564,388,169,177,177,Sumas Asentadas sin cuadrar,1,599069fea3c101b14fedd5e1d3e50ad2c9273fb0babaa5e59fd4e2895904c9e9,25/06/2023 23:54:36,ESCANER
16822,"Quiché",14,"Santa Cruz Del Quiché",1,2521,567,10,16,10,27,1,3,2,2,0,1,0,1,73,7,1,81,0,81,--,567,486,73,81,81,Algún campo sin dato,1,89057e59b8184802cd510d9e8a353f8e8113842da49eed27a661123dbde04b2c,25/06/2023 22:19:12,ESCANER