﻿TIPO_DE_ELECCIÓN:,CORPORACIÓN MUNICIPAL
26 junio 2023 00:28 (UTC -6)
ACTAS_ESPERADAS,ACTAS_CAPTURADAS,PORCENTAJE_ACTAS_CAPTURADAS,ACTAS_CONTABILIZADAS,PORCENTAJE_ACTAS_CONTABILIZADAS,ACTAS_NO_CONTABILIZADAS,LISTA_NOMINAL_ACTAS_CONTABILIZADAS,VOTOS_EMITIDOS_CONTABILIZADAS,PORCENTAJE_PARTICIPACIÓN_CIUDADANA
46,23,50.0000,23,50.0000,0,8715,5017,57.5674

MESA,DEPARTAMENTO,ID_DEPARTAMENTO,MUNICIPIO,ID_MUNICIPIO,CENTRO_DE_VOTACIÓN,PADRÓN,TODOS,VIVA,MLP,CABAL,UNE,VAMOS,AZUL,VALOR UNIONISTA,VÁLIDOS,NULOS,BLANCO,EMITIDOS,INVÁLIDOS,TOTAL,IMPUGNACIONES,PAPELETAS-RECIBIDAS,PAPELETAS-NO-USADAS,VALIDOS_CALCULADO,EMITIDOS_CALCULADO,TOTAL_CALCULADO,OBSERVACIONES,CONTABILIZADA,CÓDIGO_INTEGRIDAD,FECHA_HORA_PUBLICACIÓN,DIGITALIZACIÓN
20699,"Petén",17,"Santa Ana",7,3218,400,,,,,,,,,,,,,,,,,,,,,,0,,,
20700,"Petén",17,"Santa Ana",7,3218,400,,,,,,,,,,,,,,,,,,,,,,0,,,
20701,"Petén",17,"Santa Ana",7,3218,400,,,,,,,,,,,,,,,,,,,,,,0,,,
20702,"Petén",17,"Santa Ana",7,3218,400,,,,,,,,,,,,,,,,,,,,,,0,,,
20703,"Petén",17,"Santa Ana",7,3218,400,,,,,,,,,,,,,,,,,,,,,,0,,,
20704,"Petén",17,"Santa Ana",7,3218,400,,,,,,,,,,,,,,,,,,,,,,0,,,
20705,"Petén",17,"Santa Ana",7,3219,400,2,51,7,80,4,76,0,0,220,12,5,237,0,237,--,400,163,220,237,237,Algún campo sin dato,1,8f7a8ac9f6429b99879e068dde4ce2abe62d97b0cbc6c8e701e3041db34c8033,25/06/2023 23:34:30,ESCANER
20706,"Petén",17,"Santa Ana",7,3219,400,,,,,,,,,,,,,,,,,,,,,,0,,,
20707,"Petén",17,"Santa Ana",7,3219,400,,,,,,,,,,,,,,,,,,,,,,0,,,
20708,"Petén",17,"Santa Ana",7,3219,400,8,46,6,90,1,76,0,1,228,13,3,244,0,244,--,400,156,228,244,244,Algún campo sin dato,1,b8b6d486dab4ea2f86379aabb3c259fd0734947e9414d7a4c226107a364a22b1,26/06/2023 00:27:22,ESCANER
20709,"Petén",17,"Santa Ana",7,3219,400,,,,,,,,,,,,,,,,,,,,,,0,,,
20710,"Petén",17,"Santa Ana",7,3219,400,,,,,,,,,,,,,,,,,,,,,,0,,,
20711,"Petén",17,"Santa Ana",7,3220,400,,,,,,,,,,,,,,,,,,,,,,0,,,
20712,"Petén",17,"Santa Ana",7,3220,400,,,,,,,,,,,,,,,,,,,,,,0,,,
20713,"Petén",17,"Santa Ana",7,3220,400,1,49,1,82,6,70,0,0,209,8,2,219,0,219,--,400,181,209,219,219,Algún campo sin dato,1,b6775fdd548b4fe4e3f48cfa055b643bc14bd7fdca2e8287ae0ee8625a947887,25/06/2023 23:36:01,ESCANER
20714,"Petén",17,"Santa Ana",7,3220,400,,,,,,,,,,,,,,,,,,,,,,0,,,
20715,"Petén",17,"Santa Ana",7,3220,400,,,,,,,,,,,,,,,,,,,,,,0,,,
20716,"Petén",17,"Santa Ana",7,3220,400,6,56,3,101,5,88,0,0,259,3,0,262,0,262,--,399,137,259,262,262,Algún campo sin dato,1,665e9d7a8e224ace1095ea93b6ee73ca9affe1d5fed7f0a97bb41f5edfcd3186,26/06/2023 00:18:00,ESCANER
20717,"Petén",17,"Santa Ana",7,3220,400,,,,,,,,,,,,,,,,,,,,,,0,,,
20718,"Petén",17,"Santa Ana",7,3220,400,14,37,4,105,14,62,3,2,233,4,1,238,0,238,--,400,162,241,246,246,Sumas Asentadas sin cuadrar,1,0f14822ab231c27469e6a8babb89c4e3845215fa97df00bb502c347bf16fb00d,25/06/2023 23:49:41,ESCANER
20719,"Petén",17,"Santa Ana",7,3221,379,10,45,10,89,8,53,0,1,216,4,0,220,0,220,--,379,159,216,220,220,Algún campo sin dato,1,072a293d5c91c1e427e30becbc7ed8daa6eeffc26af8893af111ebb9b0f80e60,25/06/2023 23:25:00,ESCANER
20720,"Petén",17,"Santa Ana",7,3221,378,,,,,,,,,,,,,,,,,,,,,,0,,,
20721,"Petén",17,"Santa Ana",7,3222,380,9,46,4,92,7,39,0,6,203,26,4,203,30,233,--,380,147,203,233,263,Sumas Asentadas sin cuadrar,1,8a0a62239ead595f7632e8c7d72588166b0305f8ac8a551ed210dc9870486f16,25/06/2023 23:28:28,ESCANER
20722,"Petén",17,"Santa Ana",7,3222,380,3,39,12,105,12,46,0,7,224,25,4,253,0,253,--,380,127,224,253,253,Algún campo sin dato,1,99324e3f000503c525cc7a410fff7c1a02e9aeadca3372c1ea594f8d3e9c53ed,25/06/2023 23:31:39,ESCANER
20723,"Petén",17,"Santa Ana",7,3222,380,8,35,9,128,12,46,0,5,243,14,6,263,0,263,--,380,117,243,263,263,Algún campo sin dato,1,dae20576a1d9880475d529dd2ecfd551a046e49a596acbe57f95b7c145653e16,25/06/2023 23:06:22,ESCANER
20724,"Petén",17,"Santa Ana",7,3223,380,,,,,,,,,,,,,,,,,,,,,,0,,,
20725,"Petén",17,"Santa Ana",7,3223,380,2,40,7,100,6,44,0,4,203,4,4,211,6,217,--,380,163,203,211,217,Algún campo sin dato,1,88aa3edd6f5a9578c6597ae7573f99cfbc3db7df89858489f80c70d07560d95a,26/06/2023 00:12:52,ESCANER
20726,"Petén",17,"Santa Ana",7,3223,380,,,,,,,,,,,,,,,,,,,,,,0,,,
20727,"Petén",17,"Santa Ana",7,3223,380,,,,,,,,,,,,,,,,,,,,,,0,,,
20728,"Petén",17,"Santa Ana",7,3223,380,,,,,,,,,,,,,,,,,,,,,,0,,,
20729,"Petén",17,"Santa Ana",7,3224,285,3,39,1,76,4,38,0,4,165,1,1,170,3,170,--,285,115,165,167,170,Sumas Asentadas sin cuadrar,1,50215bb19e0eeb98fa96004e19066d7f2aa07e58a80543004ecd8542e5a3b610,26/06/2023 00:15:06,ESCANER
20730,"Petén",17,"Santa Ana",7,3224,285,3,26,3,59,8,15,0,3,117,5,2,124,0,124,--,285,161,117,124,124,Algún campo sin dato,1,beabf141e572074895200cccbefeccebb6d521a09959976d9e06782695d9b90e,25/06/2023 22:49:15,ESCANER
20731,"Petén",17,"Santa Ana",7,3225,380,,,,,,,,,,,,,,,,,,,,,,0,,,
20732,"Petén",17,"Santa Ana",7,3225,380,5,53,6,88,5,93,2,0,252,16,11,279,0,279,--,380,101,252,279,279,Algún campo sin dato,1,2cb30e9934105878dc905b5ec41a3946437b9dcb9c0f39fbb143e7362251853a,26/06/2023 00:22:11,ESCANER
20733,"Petén",17,"Santa Ana",7,3225,380,7,30,0,87,4,99,1,1,229,11,5,245,0,245,--,381,136,229,245,245,Algún campo sin dato,1,cea4dfd8412e4150120d092fc4a18780b9072ab84a69071f906451109bb3465f,25/06/2023 23:48:30,ESCANER
20734,"Petén",17,"Santa Ana",7,3225,380,5,43,4,70,4,76,5,0,207,11,2,220,0,220,--,380,160,207,220,220,Algún campo sin dato,1,195e7dbaebce6cb9aec25259c1562d0a60b76d1fdc88c6ec17634a5f66b78326,25/06/2023 23:35:41,ESCANER
20735,"Petén",17,"Santa Ana",7,3225,380,5,49,0,99,4,83,2,0,242,8,4,254,0,254,1,380,126,242,254,254,,1,fa16ea5f2aa66632fc4eeaf65bcb58bdb8faf3117593c7f2887edd291c30d5cc,25/06/2023 23:23:53,ESCANER
20736,"Petén",17,"Santa Ana",7,3225,380,7,37,1,72,5,88,3,1,214,13,3,230,0,230,--,380,150,214,230,230,Algún campo sin dato,1,fdcd8343f43ad77335eab815142699eb5ab06d23c60c13cbaaab6e9ac143e1d6,25/06/2023 21:53:55,ESCANER
20737,"Petén",17,"Santa Ana",7,3225,380,3,46,0,90,3,74,6,1,223,6,2,231,0,231,--,380,149,223,231,231,Algún campo sin dato,1,7feeb1e30f4dcde48120d71fc9a0a3ebcfd92e364cd2b955a9267f61a17301e8,26/06/2023 00:02:17,ESCANER
20738,"Petén",17,"Santa Ana",7,3225,366,,,,,,,,,,,,,,,,,,,,,,0,,,
20739,"Petén",17,"Santa Ana",7,3225,365,,,,,,,,,,,,,,,,,,,,,,0,,,
20740,"Petén",17,"Santa Ana",7,3226,380,17,47,0,83,7,40,0,0,194,20,4,218,0,218,--,380,162,194,218,218,Algún campo sin dato,1,bd34b9e53af2080d1faa6838e69f2f3fe82c9038d1cd1ecba51c62e922b85c12,25/06/2023 23:52:41,ESCANER
20741,"Petén",17,"Santa Ana",7,3226,380,14,54,2,75,7,35,1,1,189,5,4,198,0,198,--,379,181,189,198,198,Algún campo sin dato,1,d73169d8c9f81ff7d32101f4ee5344a08f32d13d3157fc32c11d7bfb6d9eb370,25/06/2023 23:35:14,ESCANER
20742,"Petén",17,"Santa Ana",7,3226,353,20,40,1,75,4,35,0,1,176,14,4,194,0,194,--,353,159,176,194,194,Algún campo sin dato,1,e95ca132f3ca7fdcc12ee07bf94e4ffcf1b5ae30235bbf5e8efa3a6dca736432,25/06/2023 23:27:14,ESCANER
20743,"Petén",17,"Santa Ana",7,3226,352,16,52,2,76,2,38,0,2,188,3,3,194,0,194,--,352,158,188,194,194,Algún campo sin dato,1,2e97e68b78274aeb200729aef3e571225af5ce1c72771336894acf1d0636f1bb,26/06/2023 00:05:25,ESCANER
20744,"Petén",17,"Santa Ana",7,3227,501,2,15,2,27,3,17,0,2,68,3,4,75,0,75,--,501,426,68,75,75,Algún campo sin dato,1,0df82a59131a9d21fed96dbe5e6d31dcfca9119a99a9454a7c200d2c473382c2,25/06/2023 22:14:34,ESCANER