﻿TIPO_DE_ELECCIÓN:,CORPORACIÓN MUNICIPAL
26 junio 2023 00:28 (UTC -6)
ACTAS_ESPERADAS,ACTAS_CAPTURADAS,PORCENTAJE_ACTAS_CAPTURADAS,ACTAS_CONTABILIZADAS,PORCENTAJE_ACTAS_CONTABILIZADAS,ACTAS_NO_CONTABILIZADAS,LISTA_NOMINAL_ACTAS_CONTABILIZADAS,VOTOS_EMITIDOS_CONTABILIZADAS,PORCENTAJE_PARTICIPACIÓN_CIUDADANA
57,30,52.6315,30,52.6315,0,11629,5486,47.1751

MESA,DEPARTAMENTO,ID_DEPARTAMENTO,MUNICIPIO,ID_MUNICIPIO,CENTRO_DE_VOTACIÓN,PADRÓN,CCC,UNE,MLP,VIVA,FCN-NACION,PODEMOS,BIEN,VOS,VÁLIDOS,NULOS,BLANCO,EMITIDOS,INVÁLIDOS,TOTAL,IMPUGNACIONES,PAPELETAS-RECIBIDAS,PAPELETAS-NO-USADAS,VALIDOS_CALCULADO,EMITIDOS_CALCULADO,TOTAL_CALCULADO,OBSERVACIONES,CONTABILIZADA,CÓDIGO_INTEGRIDAD,FECHA_HORA_PUBLICACIÓN,DIGITALIZACIÓN
14282,"San Marcos",12,"Ayutla",17,2002,400,82,92,2,4,3,2,3,1,189,12,4,205,0,205,--,400,195,189,205,205,Algún campo sin dato,1,f0633d6cf379bbc9781990904211cb72209708ac5aeb2c604fabc86f7f330957,25/06/2023 22:58:53,ESCANER
14283,"San Marcos",12,"Ayutla",17,2002,400,,,,,,,,,,,,,,,,,,,,,,0,,,
14284,"San Marcos",12,"Ayutla",17,2002,400,,,,,,,,,,,,,,,,,,,,,,0,,,
14285,"San Marcos",12,"Ayutla",17,2002,400,,,,,,,,,,,,,,,,,,,,,,0,,,
14286,"San Marcos",12,"Ayutla",17,2002,400,,,,,,,,,,,,,,,,,,,,,,0,,,
14287,"San Marcos",12,"Ayutla",17,2002,400,,,,,,,,,,,,,,,,,,,,,,0,,,
14288,"San Marcos",12,"Ayutla",17,2002,400,,,,,,,,,,,,,,,,,,,,,,0,,,
14289,"San Marcos",12,"Ayutla",17,2003,400,,,,,,,,,,,,,,,,,,,,,,0,,,
14290,"San Marcos",12,"Ayutla",17,2003,400,99,87,4,0,5,0,4,0,199,8,1,208,0,208,0,400,192,199,208,208,,1,5cb623b4200ecd9c42264a504c6b732bb922eed92d6ea1c6cdca9d5f4cab846e,25/06/2023 23:35:34,ESCANER
14291,"San Marcos",12,"Ayutla",17,2003,400,97,75,1,2,3,0,3,1,182,4,0,186,0,186,--,400,214,182,186,186,Algún campo sin dato,1,97e24f200dce2c79058e2f055cb4a01df9b8fc3a9869892e2ca9365eef1cab7b,25/06/2023 22:13:05,ESCANER
14292,"San Marcos",12,"Ayutla",17,2003,400,,,,,,,,,,,,,,,,,,,,,,0,,,
14293,"San Marcos",12,"Ayutla",17,2003,400,84,72,5,1,6,3,5,0,176,9,1,186,0,186,--,400,214,176,186,186,Algún campo sin dato,1,cebc4f9ed55c8a659a39df63bae473c226d595c2af9db03371e82cf0f17a0188,25/06/2023 22:05:18,ESCANER
14294,"San Marcos",12,"Ayutla",17,2003,400,99,59,8,1,7,2,4,2,182,5,1,188,0,188,0,400,212,182,188,188,,1,8372a859c7b8b5c3ae7b10e9ca64b31352ba7e8a7b76d2dde5a45cc15d3afe4a,25/06/2023 23:08:01,ESCANER
14295,"San Marcos",12,"Ayutla",17,2003,400,103,83,3,2,4,2,3,0,200,9,1,210,0,210,--,400,190,200,210,210,Algún campo sin dato,1,abfb70efddb6a86fafd19f8ebcefc99b4464964a4176653781ccd090f042f32a,25/06/2023 23:24:43,ESCANER
14296,"San Marcos",12,"Ayutla",17,2004,400,,,,,,,,,,,,,,,,,,,,,,0,,,
14297,"San Marcos",12,"Ayutla",17,2004,400,100,81,1,0,8,0,5,0,195,13,1,209,0,209,--,400,191,195,209,209,Algún campo sin dato,1,d7dc85616c14e2fc4a23648ff2109a562c4a4eaf74ee613574e369af94d5f9af,26/06/2023 00:23:16,ESCANER
14298,"San Marcos",12,"Ayutla",17,2004,400,100,72,4,3,3,8,6,1,197,12,0,209,0,209,0,400,209,197,209,209,,1,19d97283eebf18586c891634902d2e597d21ae714b2f7210fd7d25aa35022842,25/06/2023 23:40:07,ESCANER
14299,"San Marcos",12,"Ayutla",17,2004,400,,,,,,,,,,,,,,,,,,,,,,0,,,
14300,"San Marcos",12,"Ayutla",17,2004,400,,,,,,,,,,,,,,,,,,,,,,0,,,
14301,"San Marcos",12,"Ayutla",17,2005,400,108,63,6,3,3,1,1,2,187,2,1,190,0,190,--,400,210,187,190,190,Algún campo sin dato,1,fd1d64701bbbf0990823ec471144743d01b83025756e212a6bf795b7422d3ca9,25/06/2023 23:12:08,ESCANER
14302,"San Marcos",12,"Ayutla",17,2005,400,119,48,2,0,3,2,5,2,181,4,0,185,0,185,0,400,215,181,185,185,,1,11bd0549529e9f93b4e038419b41ee654cce5b22d285c77c89efeb8e2b34c71f,26/06/2023 00:27:52,ESCANER
14303,"San Marcos",12,"Ayutla",17,2005,400,125,65,3,0,4,1,1,0,199,5,1,205,0,205,0,400,195,199,205,205,,1,98536151e3d0e504bbbd7ded76939e7f8ba80189bfb300ebee71fc459b66fb3a,25/06/2023 23:21:51,ESCANER
14304,"San Marcos",12,"Ayutla",17,2005,400,100,39,3,1,6,2,4,0,155,3,0,158,0,158,--,400,242,155,158,158,Algún campo sin dato,1,c95d02c9236750af1ea09b7c24866ba2272ffa125e794abd3ad4239894be79e3,25/06/2023 23:32:09,ESCANER
14305,"San Marcos",12,"Ayutla",17,2005,283,67,28,4,0,5,1,2,0,107,4,2,113,0,113,0,283,170,107,113,113,,1,6d3209f8e5f67c2d6d5d5ea664b76734cbaefd03914e27f10d0ea9d34783c0fa,25/06/2023 23:55:22,ESCANER
14306,"San Marcos",12,"Ayutla",17,2005,282,29,27,2,0,4,1,1,1,65,5,2,72,0,72,0,282,210,65,72,72,,1,7d77e556b7d87ff9dbbad616df9a322dcb82043d1d2745cf63dc13fbc17ab7e1,25/06/2023 23:30:14,ESCANER
14307,"San Marcos",12,"Ayutla",17,2006,380,,,,,,,,,,,,,,,,,,,,,,0,,,
14308,"San Marcos",12,"Ayutla",17,2006,380,,,,,,,,,,,,,,,,,,,,,,0,,,
14309,"San Marcos",12,"Ayutla",17,2006,380,,,,,,,,,,,,,,,,,,,,,,0,,,
14310,"San Marcos",12,"Ayutla",17,2006,380,,,,,,,,,,,,,,,,,,,,,,0,,,
14311,"San Marcos",12,"Ayutla",17,2006,380,88,119,1,3,9,4,5,0,244,10,5,244,--,244,--,380,136,229,244,244,Sumas Asentadas sin cuadrar,1,41299032f53f9334b58163e2bb08082b88f3dcc9563f4be4d73fcb4bb061a73d,25/06/2023 23:24:26,ESCANER
14312,"San Marcos",12,"Ayutla",17,2006,380,78,117,0,1,7,2,10,1,216,6,0,222,0,222,0,377,155,216,222,222,,1,40d7e16c159c471a336ee6fe75235251c99a455d9f2e45e17b01cbaf5066a9fb,25/06/2023 23:33:58,ESCANER
14313,"San Marcos",12,"Ayutla",17,2006,380,,,,,,,,,,,,,,,,,,,,,,0,,,
14314,"San Marcos",12,"Ayutla",17,2006,380,,,,,,,,,,,,,,,,,,,,,,0,,,
14315,"San Marcos",12,"Ayutla",17,2006,380,62,128,3,4,7,1,2,0,207,13,2,222,0,222,0,380,158,207,222,222,,1,6037b290c07ec33263e855020fb1e74dacba09627802f75aaf69410e77fb8377,25/06/2023 23:17:12,ESCANER
14316,"San Marcos",12,"Ayutla",17,2006,380,,,,,,,,,,,,,,,,,,,,,,0,,,
14317,"San Marcos",12,"Ayutla",17,2007,380,63,91,1,1,2,1,4,0,163,9,0,172,0,172,0,377,205,163,172,172,,1,f6632a0083a458de70a4693be96c431de9a58ab3a810cf77e85a71e3a69b7b2d,25/06/2023 23:27:09,ESCANER
14318,"San Marcos",12,"Ayutla",17,2007,380,88,100,1,3,3,0,7,1,203,4,0,207,0,207,0,380,173,203,207,207,,1,536371c1db7e7926ecd09d2a2d39bd9882ba4841a0e81425eeddf54fe6f07465,25/06/2023 23:11:56,ESCANER
14319,"San Marcos",12,"Ayutla",17,2007,247,70,48,2,2,4,0,2,0,128,4,0,132,0,132,--,244,112,128,132,132,Algún campo sin dato,1,eb5edaf54e5bf43c46403ff5cd81eb635ae929b2999cb2981e95a4b41c7b2d2f,25/06/2023 21:49:51,ESCANER
14320,"San Marcos",12,"Ayutla",17,2007,246,44,52,2,2,2,1,0,0,103,2,3,108,0,108,--,246,138,103,108,108,Algún campo sin dato,1,e99636afdb23bb16fa382f342c99a83bc131323368672e92cba84dea6d4606c7,25/06/2023 22:41:55,ESCANER
14321,"San Marcos",12,"Ayutla",17,2008,380,137,50,3,1,5,1,5,1,203,23,1,227,0,227,--,380,153,203,227,227,Algún campo sin dato,1,791aa2317263a9a2d9031bd2f9c85c1549f26115a87f4cfbad6e18ed13b4737e,25/06/2023 23:45:35,ESCANER
14322,"San Marcos",12,"Ayutla",17,2008,380,162,57,0,2,4,0,4,1,230,15,0,245,1,246,1,380,133,230,245,246,,1,196789817c23a92bc9b617edf65eca30f6c4d02905d5565daf19e0935ac4d95f,25/06/2023 23:55:39,ESCANER
14323,"San Marcos",12,"Ayutla",17,2008,380,,,,,,,,,,,,,,,,,,,,,,0,,,
14324,"San Marcos",12,"Ayutla",17,2008,380,,,,,,,,,,,,,,,,,,,,,,0,,,
14325,"San Marcos",12,"Ayutla",17,2008,380,,,,,,,,,,,,,,,,,,,,,,0,,,
14326,"San Marcos",12,"Ayutla",17,2008,370,,,,,,,,,,,,,,,,,,,,,,0,,,
14327,"San Marcos",12,"Ayutla",17,2008,369,,,,,,,,,,,,,,,,,,,,,,0,,,
14328,"San Marcos",12,"Ayutla",17,2009,380,,,,,,,,,,,,,,,,,,,,,,0,,,
14329,"San Marcos",12,"Ayutla",17,2009,380,109,91,3,2,0,1,13,2,221,18,1,240,0,240,--,380,140,221,240,240,Algún campo sin dato,1,20632c4ffed0e558864b097c0d73d3e0a418803f487017eab5c47ddb31eda38d,25/06/2023 23:37:33,ESCANER
14330,"San Marcos",12,"Ayutla",17,2009,380,,,,,,,,,,,,,,,,,,,,,,0,,,
14331,"San Marcos",12,"Ayutla",17,2009,380,111,69,1,0,1,1,3,0,186,13,1,200,0,200,--,380,180,186,200,200,Algún campo sin dato,1,11e58d44f03fe47e3f697beb9826bf522612d01e9714898a1760c25572ac63fe,26/06/2023 00:03:01,ESCANER
14332,"San Marcos",12,"Ayutla",17,2009,380,,,,,,,,,,,,,,,,,,,,,,0,,,
14333,"San Marcos",12,"Ayutla",17,2009,380,108,67,4,0,3,0,5,1,188,8,1,197,0,197,0,380,183,188,197,197,,1,6eecf40d1e288f71119bfcc25dc6e4ee9a3df85b821c0bbdc5bcc6004045443d,25/06/2023 23:15:04,ESCANER
14334,"San Marcos",12,"Ayutla",17,2009,329,,,,,,,,,,,,,,,,,,,,,,0,,,
14335,"San Marcos",12,"Ayutla",17,2009,328,90,26,3,2,0,0,8,0,129,1,0,130,0,130,--,328,198,129,130,130,Algún campo sin dato,1,203da1b6f142d38aeaa9b5099a999d8185f8949b7e02f0d2c64e8bc7b68bce4c,25/06/2023 23:40:40,ESCANER
14336,"San Marcos",12,"Ayutla",17,2010,600,74,81,3,0,0,3,6,1,168,15,3,186,0,186,0,600,414,168,186,186,,1,588841dbf1097d30a2b76cf32b70729bc7d2b653871c86aafb875a8a9ffae0a1,25/06/2023 23:39:14,ESCANER
14337,"San Marcos",12,"Ayutla",17,2010,522,59,85,3,3,3,2,5,1,161,7,7,175,0,175,--,522,347,161,175,175,Algún campo sin dato,1,3e3c128d9fd3f3df71cdeba8497ed181577a335fba55e74de82e1caeaa43e2be,25/06/2023 22:23:01,ESCANER
14338,"San Marcos",12,"Ayutla",17,2010,521,18,22,1,3,4,0,2,2,52,2,1,55,0,55,--,521,466,52,55,55,Algún campo sin dato,1,2cd35d4bb96f369172c77e0d65a233c2df68b1d15dc3c0d63a64ac14b5429c62,25/06/2023 21:26:05,ESCANER