﻿TIPO_DE_ELECCIÓN:,CORPORACIÓN MUNICIPAL
26 junio 2023 00:28 (UTC -6)
ACTAS_ESPERADAS,ACTAS_CAPTURADAS,PORCENTAJE_ACTAS_CAPTURADAS,ACTAS_CONTABILIZADAS,PORCENTAJE_ACTAS_CONTABILIZADAS,ACTAS_NO_CONTABILIZADAS,LISTA_NOMINAL_ACTAS_CONTABILIZADAS,VOTOS_EMITIDOS_CONTABILIZADAS,PORCENTAJE_PARTICIPACIÓN_CIUDADANA
23,2,8.6956,2,8.6956,0,421,299,71.0213

MESA,DEPARTAMENTO,ID_DEPARTAMENTO,MUNICIPIO,ID_MUNICIPIO,CENTRO_DE_VOTACIÓN,PADRÓN,CAMBIO,UNE,AZUL,VAMOS,CABAL,VALOR UNIONISTA,VÁLIDOS,NULOS,BLANCO,EMITIDOS,INVÁLIDOS,TOTAL,IMPUGNACIONES,PAPELETAS-RECIBIDAS,PAPELETAS-NO-USADAS,VALIDOS_CALCULADO,EMITIDOS_CALCULADO,TOTAL_CALCULADO,OBSERVACIONES,CONTABILIZADA,CÓDIGO_INTEGRIDAD,FECHA_HORA_PUBLICACIÓN,DIGITALIZACIÓN
22306,"Zacapa",19,"Huité",10,3473,400,,,,,,,,,,,,,,,,,,,,0,,,
22307,"Zacapa",19,"Huité",10,3473,400,,,,,,,,,,,,,,,,,,,,0,,,
22308,"Zacapa",19,"Huité",10,3473,400,,,,,,,,,,,,,,,,,,,,0,,,
22309,"Zacapa",19,"Huité",10,3473,400,,,,,,,,,,,,,,,,,,,,0,,,
22310,"Zacapa",19,"Huité",10,3474,400,,,,,,,,,,,,,,,,,,,,0,,,
22311,"Zacapa",19,"Huité",10,3474,400,,,,,,,,,,,,,,,,,,,,0,,,
22312,"Zacapa",19,"Huité",10,3474,307,,,,,,,,,,,,,,,,,,,,0,,,
22313,"Zacapa",19,"Huité",10,3474,307,,,,,,,,,,,,,,,,,,,,0,,,
22314,"Zacapa",19,"Huité",10,3475,380,,,,,,,,,,,,,,,,,,,,0,,,
22315,"Zacapa",19,"Huité",10,3475,218,,,,,,,,,,,,,,,,,,,,0,,,
22316,"Zacapa",19,"Huité",10,3475,217,,,,,,,,,,,,,,,,,,,,0,,,
22317,"Zacapa",19,"Huité",10,3476,211,19,4,1,45,64,6,139,11,1,151,0,151,0,208,57,139,151,151,,1,40621f263dbf6ee78a3eff1b908591574bc0114686e659baab65b58a94cecc94,26/06/2023 00:12:18,ESCANER
22318,"Zacapa",19,"Huité",10,3476,210,9,7,2,57,62,5,142,6,0,148,0,148,0,207,59,142,148,148,,1,64cc4d49029ade76c4911c0686c98caf172d8c72e4d4f0df42b396331fdd552f,26/06/2023 00:13:18,ESCANER
22319,"Zacapa",19,"Huité",10,3477,380,,,,,,,,,,,,,,,,,,,,0,,,
22320,"Zacapa",19,"Huité",10,3477,380,,,,,,,,,,,,,,,,,,,,0,,,
22321,"Zacapa",19,"Huité",10,3477,349,,,,,,,,,,,,,,,,,,,,0,,,
22322,"Zacapa",19,"Huité",10,3477,349,,,,,,,,,,,,,,,,,,,,0,,,
22323,"Zacapa",19,"Huité",10,3478,345,,,,,,,,,,,,,,,,,,,,0,,,
22324,"Zacapa",19,"Huité",10,3478,345,,,,,,,,,,,,,,,,,,,,0,,,
22325,"Zacapa",19,"Huité",10,3479,380,,,,,,,,,,,,,,,,,,,,0,,,
22326,"Zacapa",19,"Huité",10,3479,238,,,,,,,,,,,,,,,,,,,,0,,,
22327,"Zacapa",19,"Huité",10,3479,238,,,,,,,,,,,,,,,,,,,,0,,,
22328,"Zacapa",19,"Huité",10,3480,386,,,,,,,,,,,,,,,,,,,,0,,,