﻿TIPO_DE_ELECCIÓN:,CORPORACIÓN MUNICIPAL
26 junio 2023 00:28 (UTC -6)
ACTAS_ESPERADAS,ACTAS_CAPTURADAS,PORCENTAJE_ACTAS_CAPTURADAS,ACTAS_CONTABILIZADAS,PORCENTAJE_ACTAS_CONTABILIZADAS,ACTAS_NO_CONTABILIZADAS,LISTA_NOMINAL_ACTAS_CONTABILIZADAS,VOTOS_EMITIDOS_CONTABILIZADAS,PORCENTAJE_PARTICIPACIÓN_CIUDADANA
50,2,4.0000,2,4.0000,0,641,349,54.4461

MESA,DEPARTAMENTO,ID_DEPARTAMENTO,MUNICIPIO,ID_MUNICIPIO,CENTRO_DE_VOTACIÓN,PADRÓN,PHG,CABAL,PPN,BIEN,UNE,VÁLIDOS,NULOS,BLANCO,EMITIDOS,INVÁLIDOS,TOTAL,IMPUGNACIONES,PAPELETAS-RECIBIDAS,PAPELETAS-NO-USADAS,VALIDOS_CALCULADO,EMITIDOS_CALCULADO,TOTAL_CALCULADO,OBSERVACIONES,CONTABILIZADA,CÓDIGO_INTEGRIDAD,FECHA_HORA_PUBLICACIÓN,DIGITALIZACIÓN
14747,"San Marcos",12,"La Blanca",30,2109,400,,,,,,,,,,,,,,,,,,,0,,,
14748,"San Marcos",12,"La Blanca",30,2109,400,,,,,,,,,,,,,,,,,,,0,,,
14749,"San Marcos",12,"La Blanca",30,2109,400,,,,,,,,,,,,,,,,,,,0,,,
14750,"San Marcos",12,"La Blanca",30,2109,400,77,16,115,18,1,227,17,3,247,153,400,--,400,153,227,247,400,Algún campo sin dato,1,02367bf97e6b435f580f2e94e5956d84cf7263cd1050fa2ca50e8681c8f7d35d,26/06/2023 00:25:24,ESCANER
14751,"San Marcos",12,"La Blanca",30,2109,400,,,,,,,,,,,,,,,,,,,0,,,
14752,"San Marcos",12,"La Blanca",30,2109,400,,,,,,,,,,,,,,,,,,,0,,,
14753,"San Marcos",12,"La Blanca",30,2109,241,,,,,,,,,,,,,,,,,,,0,,,
14754,"San Marcos",12,"La Blanca",30,2109,241,29,8,48,9,2,96,3,3,102,0,102,0,242,140,96,102,102,,1,6c40faf40f942f16e466a458d480e734086faa5d8534a30cb33510e3a67c03f6,25/06/2023 23:33:39,ESCANER
14755,"San Marcos",12,"La Blanca",30,2110,400,,,,,,,,,,,,,,,,,,,0,,,
14756,"San Marcos",12,"La Blanca",30,2110,400,,,,,,,,,,,,,,,,,,,0,,,
14757,"San Marcos",12,"La Blanca",30,2110,400,,,,,,,,,,,,,,,,,,,0,,,
14758,"San Marcos",12,"La Blanca",30,2110,400,,,,,,,,,,,,,,,,,,,0,,,
14759,"San Marcos",12,"La Blanca",30,2111,400,,,,,,,,,,,,,,,,,,,0,,,
14760,"San Marcos",12,"La Blanca",30,2111,400,,,,,,,,,,,,,,,,,,,0,,,
14761,"San Marcos",12,"La Blanca",30,2111,400,,,,,,,,,,,,,,,,,,,0,,,
14762,"San Marcos",12,"La Blanca",30,2111,400,,,,,,,,,,,,,,,,,,,0,,,
14763,"San Marcos",12,"La Blanca",30,2111,400,,,,,,,,,,,,,,,,,,,0,,,
14764,"San Marcos",12,"La Blanca",30,2111,400,,,,,,,,,,,,,,,,,,,0,,,
14765,"San Marcos",12,"La Blanca",30,2111,400,,,,,,,,,,,,,,,,,,,0,,,
14766,"San Marcos",12,"La Blanca",30,2111,400,,,,,,,,,,,,,,,,,,,0,,,
14767,"San Marcos",12,"La Blanca",30,2111,400,,,,,,,,,,,,,,,,,,,0,,,
14768,"San Marcos",12,"La Blanca",30,2111,400,,,,,,,,,,,,,,,,,,,0,,,
14769,"San Marcos",12,"La Blanca",30,2111,400,,,,,,,,,,,,,,,,,,,0,,,
14770,"San Marcos",12,"La Blanca",30,2111,295,,,,,,,,,,,,,,,,,,,0,,,
14771,"San Marcos",12,"La Blanca",30,2112,295,,,,,,,,,,,,,,,,,,,0,,,
14772,"San Marcos",12,"La Blanca",30,2113,400,,,,,,,,,,,,,,,,,,,0,,,
14773,"San Marcos",12,"La Blanca",30,2113,400,,,,,,,,,,,,,,,,,,,0,,,
14774,"San Marcos",12,"La Blanca",30,2113,400,,,,,,,,,,,,,,,,,,,0,,,
14775,"San Marcos",12,"La Blanca",30,2113,400,,,,,,,,,,,,,,,,,,,0,,,
14776,"San Marcos",12,"La Blanca",30,2113,400,,,,,,,,,,,,,,,,,,,0,,,
14777,"San Marcos",12,"La Blanca",30,2113,400,,,,,,,,,,,,,,,,,,,0,,,
14778,"San Marcos",12,"La Blanca",30,2113,400,,,,,,,,,,,,,,,,,,,0,,,
14779,"San Marcos",12,"La Blanca",30,2113,400,,,,,,,,,,,,,,,,,,,0,,,
14780,"San Marcos",12,"La Blanca",30,2113,400,,,,,,,,,,,,,,,,,,,0,,,
14781,"San Marcos",12,"La Blanca",30,2113,400,,,,,,,,,,,,,,,,,,,0,,,
14782,"San Marcos",12,"La Blanca",30,2113,400,,,,,,,,,,,,,,,,,,,0,,,
14783,"San Marcos",12,"La Blanca",30,2113,266,,,,,,,,,,,,,,,,,,,0,,,
14784,"San Marcos",12,"La Blanca",30,2113,265,,,,,,,,,,,,,,,,,,,0,,,
14785,"San Marcos",12,"La Blanca",30,2114,400,,,,,,,,,,,,,,,,,,,0,,,
14786,"San Marcos",12,"La Blanca",30,2114,400,,,,,,,,,,,,,,,,,,,0,,,
14787,"San Marcos",12,"La Blanca",30,2114,400,,,,,,,,,,,,,,,,,,,0,,,
14788,"San Marcos",12,"La Blanca",30,2114,400,,,,,,,,,,,,,,,,,,,0,,,
14789,"San Marcos",12,"La Blanca",30,2114,400,,,,,,,,,,,,,,,,,,,0,,,
14790,"San Marcos",12,"La Blanca",30,2114,400,,,,,,,,,,,,,,,,,,,0,,,
14791,"San Marcos",12,"La Blanca",30,2114,400,,,,,,,,,,,,,,,,,,,0,,,
14792,"San Marcos",12,"La Blanca",30,2114,400,,,,,,,,,,,,,,,,,,,0,,,
14793,"San Marcos",12,"La Blanca",30,2114,400,,,,,,,,,,,,,,,,,,,0,,,
14794,"San Marcos",12,"La Blanca",30,2114,400,,,,,,,,,,,,,,,,,,,0,,,
14795,"San Marcos",12,"La Blanca",30,2114,278,,,,,,,,,,,,,,,,,,,0,,,
14796,"San Marcos",12,"La Blanca",30,2114,277,,,,,,,,,,,,,,,,,,,0,,,