﻿TIPO_DE_ELECCIÓN:,CORPORACIÓN MUNICIPAL
26 junio 2023 00:28 (UTC -6)
ACTAS_ESPERADAS,ACTAS_CAPTURADAS,PORCENTAJE_ACTAS_CAPTURADAS,ACTAS_CONTABILIZADAS,PORCENTAJE_ACTAS_CONTABILIZADAS,ACTAS_NO_CONTABILIZADAS,LISTA_NOMINAL_ACTAS_CONTABILIZADAS,VOTOS_EMITIDOS_CONTABILIZADAS,PORCENTAJE_PARTICIPACIÓN_CIUDADANA
22,18,81.8181,18,81.8181,0,6562,4084,62.2371

MESA,DEPARTAMENTO,ID_DEPARTAMENTO,MUNICIPIO,ID_MUNICIPIO,CENTRO_DE_VOTACIÓN,PADRÓN,VAMOS,CABAL,TODOS,UNE,PODEMOS,PPN,CAMBIO,PHG,AZUL,VOS,VIVA,MLP,VALOR UNIONISTA,VÁLIDOS,NULOS,BLANCO,EMITIDOS,INVÁLIDOS,TOTAL,IMPUGNACIONES,PAPELETAS-RECIBIDAS,PAPELETAS-NO-USADAS,VALIDOS_CALCULADO,EMITIDOS_CALCULADO,TOTAL_CALCULADO,OBSERVACIONES,CONTABILIZADA,CÓDIGO_INTEGRIDAD,FECHA_HORA_PUBLICACIÓN,DIGITALIZACIÓN
16865,"Quiché",14,"Chinique",3,2530,400,91,52,42,5,9,20,2,8,2,4,2,2,3,242,10,6,258,0,258,--,400,142,242,258,258,Algún campo sin dato,1,7f92afe53a48a95486efbac455caef4afa565836ff8a63f7f48bce80b9f44a61,26/06/2023 00:03:09,ESCANER
16866,"Quiché",14,"Chinique",3,2530,400,97,53,58,3,10,16,2,2,1,3,5,6,5,261,17,8,286,0,286,0,400,114,261,286,286,,1,21766c51783a711306b2ac0164a76bfb1ecc4800b74decb2c56c007aea0dd05a,25/06/2023 23:19:28,ESCANER
16867,"Quiché",14,"Chinique",3,2530,400,110,53,47,12,7,31,1,4,4,2,4,3,4,282,25,9,316,0,316,--,400,84,282,316,316,Algún campo sin dato,1,33dd87dc1c0d75581d777338d19d0c5769cbb8084d3f5abedcb17d5284ea953b,25/06/2023 23:10:04,ESCANER
16868,"Quiché",14,"Chinique",3,2530,400,,,,,,,,,,,,,,,,,,,,,,,,,,,0,,,
16869,"Quiché",14,"Chinique",3,2530,400,,,,,,,,,,,,,,,,,,,,,,,,,,,0,,,
16870,"Quiché",14,"Chinique",3,2531,400,,,,,,,,,,,,,,,,,,,,,,,,,,,0,,,
16871,"Quiché",14,"Chinique",3,2531,400,74,44,49,3,11,26,4,12,3,8,2,2,1,239,7,1,247,0,247,--,395,148,239,247,247,Algún campo sin dato,1,b80f7c867b993bea5b5e35555f9b709132ba871edc1ff4cc8f9c0a8bbe787160,25/06/2023 23:02:31,ESCANER
16872,"Quiché",14,"Chinique",3,2531,400,86,37,45,5,8,26,1,9,2,7,3,7,4,240,9,2,251,0,251,--,400,149,240,251,251,Algún campo sin dato,1,6a227e8258f597039b489acb489ecd5fe773ea3ec8ae47693e0ca75707950c0a,25/06/2023 22:39:18,ESCANER
16873,"Quiché",14,"Chinique",3,2531,400,89,40,57,6,7,19,0,7,3,2,0,3,5,238,16,5,259,0,259,--,400,141,238,259,259,Algún campo sin dato,1,6d2c85c6e49f647ee6f9ea4278c63b6312f46f89c4329206f0b83de41f09989d,25/06/2023 22:47:06,ESCANER
16874,"Quiché",14,"Chinique",3,2531,400,83,51,34,5,3,30,2,5,2,2,1,2,4,224,4,3,231,0,231,--,400,169,224,231,231,Algún campo sin dato,1,5567b3f465a857566f182cd5f7f4f9c0601e47d16d787c237ee3327ed2a8ae5b,25/06/2023 22:47:50,ESCANER
16875,"Quiché",14,"Chinique",3,2532,332,59,54,44,2,8,17,3,3,1,2,1,1,4,199,5,0,204,0,204,--,332,128,199,204,204,Algún campo sin dato,1,131aa3541b6a9c23356edd07c3789976d959f33e8eb532965167c4a70d83075a,25/06/2023 21:37:01,ESCANER
16876,"Quiché",14,"Chinique",3,2532,331,50,34,47,3,9,14,3,1,0,1,1,2,3,168,3,1,172,0,172,--,331,159,168,172,172,Algún campo sin dato,1,af9e9f843fa85b42678ab01564478bf9f4310559ea833e97f126eb88eaec46c6,25/06/2023 22:06:43,ESCANER
16877,"Quiché",14,"Chinique",3,2533,380,87,71,39,10,4,11,0,2,1,0,5,2,3,235,14,8,257,0,257,--,380,123,235,257,257,Algún campo sin dato,1,8e850c9fe9434136775bdd085f5b9a149bedeb597b666f4bc523456d07257eba,25/06/2023 23:02:04,ESCANER
16878,"Quiché",14,"Chinique",3,2533,380,90,78,18,20,4,15,0,2,0,0,1,11,0,239,20,10,269,0,269,0,380,111,239,269,269,,1,61c9db91c6ccf799c17eb26b9ff7b9dea060cf283e750b4839871d72f37c47ec,25/06/2023 23:21:26,ESCANER
16879,"Quiché",14,"Chinique",3,2533,380,79,50,24,13,5,18,1,0,0,0,2,11,2,205,10,7,222,0,222,--,380,158,205,222,222,Algún campo sin dato,1,0ed60514f5200c45638bd2dda312fb59dc06ed3f5dc14fda8c4c6d9968b1f056,25/06/2023 21:24:19,ESCANER
16880,"Quiché",14,"Chinique",3,2534,227,32,42,16,6,4,7,1,0,0,0,1,8,0,117,3,0,120,0,120,--,224,104,117,120,120,Algún campo sin dato,1,2e80c704176f8d97fdf5ec7422cdcd05a44d1e38f737e933b9b6a6c84dc5620e,25/06/2023 21:33:10,ESCANER
16881,"Quiché",14,"Chinique",3,2534,226,35,33,12,13,3,7,0,0,0,0,0,6,0,109,2,0,111,0,111,--,223,112,109,111,111,Algún campo sin dato,1,b5d25caa1f7a3714d95d44e8372717ad03e9eca00d05dde5d28fd7256b3a9135,25/06/2023 20:54:06,ESCANER
16882,"Quiché",14,"Chinique",3,2535,380,66,88,32,6,3,43,0,2,1,3,3,2,12,261,23,7,291,0,291,--,380,89,261,291,291,Algún campo sin dato,1,15e6423dbf752d48f98770c03dc6bdfccd2c176cba81b5c4d3952ad47278c61f,26/06/2023 00:21:42,ESCANER
16883,"Quiché",14,"Chinique",3,2535,380,75,90,30,1,6,60,1,5,1,9,4,2,6,290,21,3,314,0,314,0,380,63,290,314,314,,1,5fa1ce10005402db337b70cfca16e6a05931ad190bf4758446b3c034d46c300f,26/06/2023 00:04:54,ESCANER
16884,"Quiché",14,"Chinique",3,2535,344,45,56,29,2,5,28,0,4,0,6,2,5,13,195,6,3,204,0,204,--,344,140,195,204,204,Algún campo sin dato,1,e14017c694ad80ff488f99243c6eb44e79b4745770436ae552e0ee2fa6b3bafd,25/06/2023 22:36:55,ESCANER
16885,"Quiché",14,"Chinique",3,2535,344,,,,,,,,,,,,,,,,,,,,,,,,,,,0,,,
16886,"Quiché",14,"Chinique",3,2536,402,21,12,11,1,2,4,1,1,1,2,2,0,1,59,8,5,72,0,72,--,402,330,59,72,72,Algún campo sin dato,1,d5e268aed92731193044d7d2f73182e74ac34d67afdcbc513af75b11b67419ed,25/06/2023 22:17:28,ESCANER