﻿TIPO_DE_ELECCIÓN:,CORPORACIÓN MUNICIPAL
26 junio 2023 00:28 (UTC -6)
ACTAS_ESPERADAS,ACTAS_CAPTURADAS,PORCENTAJE_ACTAS_CAPTURADAS,ACTAS_CONTABILIZADAS,PORCENTAJE_ACTAS_CONTABILIZADAS,ACTAS_NO_CONTABILIZADAS,LISTA_NOMINAL_ACTAS_CONTABILIZADAS,VOTOS_EMITIDOS_CONTABILIZADAS,PORCENTAJE_PARTICIPACIÓN_CIUDADANA
187,112,59.8930,112,59.8930,0,40903,20965,51.2554

MESA,DEPARTAMENTO,ID_DEPARTAMENTO,MUNICIPIO,ID_MUNICIPIO,CENTRO_DE_VOTACIÓN,PADRÓN,AZUL,TODOS,VALOR,CAMBIO,UNE,VIVA,UR,MLP,PODEMOS,BIEN,VICTORIA,VOS,CABAL,VAMOS,IXIM,CREO,PPN,PODER,VÁLIDOS,NULOS,BLANCO,EMITIDOS,INVÁLIDOS,TOTAL,IMPUGNACIONES,PAPELETAS-RECIBIDAS,PAPELETAS-NO-USADAS,VALIDOS_CALCULADO,EMITIDOS_CALCULADO,TOTAL_CALCULADO,OBSERVACIONES,CONTABILIZADA,CÓDIGO_INTEGRIDAD,FECHA_HORA_PUBLICACIÓN,DIGITALIZACIÓN
9749,"Totonicapán",8,"Totonicapán",1,1230,400,,,,,,,,,,,,,,,,,,,,,,,,,,,,,,,,0,,,
9750,"Totonicapán",8,"Totonicapán",1,1230,400,,,,,,,,,,,,,,,,,,,,,,,,,,,,,,,,0,,,
9751,"Totonicapán",8,"Totonicapán",1,1230,400,,,,,,,,,,,,,,,,,,,,,,,,,,,,,,,,0,,,
9752,"Totonicapán",8,"Totonicapán",1,1230,400,,,,,,,,,,,,,,,,,,,,,,,,,,,,,,,,0,,,
9753,"Totonicapán",8,"Totonicapán",1,1230,400,,,,,,,,,,,,,,,,,,,,,,,,,,,,,,,,0,,,
9754,"Totonicapán",8,"Totonicapán",1,1230,400,7,4,47,3,5,3,1,4,16,27,5,24,87,6,9,2,4,1,255,11,6,272,4,276,0,400,124,255,272,276,,1,2177e7d8b18d88b8ee09414846818f548a0c644c82ede5c83bdf5ab86d782497,25/06/2023 23:37:39,ESCANER
9755,"Totonicapán",8,"Totonicapán",1,1230,400,,,,,,,,,,,,,,,,,,,,,,,,,,,,,,,,0,,,
9756,"Totonicapán",8,"Totonicapán",1,1230,400,,,,,,,,,,,,,,,,,,,,,,,,,,,,,,,,0,,,
9757,"Totonicapán",8,"Totonicapán",1,1230,400,,,,,,,,,,,,,,,,,,,,,,,,,,,,,,,,0,,,
9758,"Totonicapán",8,"Totonicapán",1,1230,400,4,8,58,0,19,2,5,3,13,20,0,28,80,10,12,2,2,0,266,15,6,287,0,287,0,400,113,266,287,287,,1,071175cbb0287eefc33f859716b89f2f467071973da73cd7039c5d3c8534dc97,26/06/2023 00:27:05,ESCANER
9759,"Totonicapán",8,"Totonicapán",1,1230,400,,,,,,,,,,,,,,,,,,,,,,,,,,,,,,,,0,,,
9760,"Totonicapán",8,"Totonicapán",1,1230,400,,,,,,,,,,,,,,,,,,,,,,,,,,,,,,,,0,,,
9761,"Totonicapán",8,"Totonicapán",1,1230,400,,,,,,,,,,,,,,,,,,,,,,,,,,,,,,,,0,,,
9762,"Totonicapán",8,"Totonicapán",1,1230,400,,,,,,,,,,,,,,,,,,,,,,,,,,,,,,,,0,,,
9763,"Totonicapán",8,"Totonicapán",1,1230,400,8,8,50,3,10,2,5,3,20,36,4,22,62,19,12,0,4,0,268,15,4,287,0,287,0,396,109,268,287,287,,1,2b615ec56bc8665071e5ade3725c1698c7904d67fc89a38cf3323bcac53549f2,25/06/2023 23:37:55,ESCANER
9764,"Totonicapán",8,"Totonicapán",1,1230,400,,,,,,,,,,,,,,,,,,,,,,,,,,,,,,,,0,,,
9765,"Totonicapán",8,"Totonicapán",1,1230,400,,,,,,,,,,,,,,,,,,,,,,,,,,,,,,,,0,,,
9766,"Totonicapán",8,"Totonicapán",1,1230,400,,,,,,,,,,,,,,,,,,,,,,,,,,,,,,,,0,,,
9767,"Totonicapán",8,"Totonicapán",1,1230,400,,,,,,,,,,,,,,,,,,,,,,,,,,,,,,,,0,,,
9768,"Totonicapán",8,"Totonicapán",1,1230,400,,,,,,,,,,,,,,,,,,,,,,,,,,,,,,,,0,,,
9769,"Totonicapán",8,"Totonicapán",1,1230,400,5,5,36,3,13,4,1,2,11,42,2,16,46,5,6,1,5,0,203,17,2,222,0,222,0,400,178,203,222,222,,1,ac2ba25dacf78884b0635523e48c6311878d174a2788f01eff026e3a3f6bc7e7,25/06/2023 23:48:12,ESCANER
9770,"Totonicapán",8,"Totonicapán",1,1231,400,4,7,49,3,10,4,3,3,25,25,2,25,70,17,9,1,1,0,258,17,1,276,0,276,0,400,123,258,276,276,,1,727f33ede47532025b265afcf98fbf542db1fdc3a17965322b26b016950776bc,26/06/2023 00:24:01,ESCANER
9771,"Totonicapán",8,"Totonicapán",1,1231,400,,,,,,,,,,,,,,,,,,,,,,,,,,,,,,,,0,,,
9772,"Totonicapán",8,"Totonicapán",1,1232,400,,,,,,,,,,,,,,,,,,,,,,,,,,,,,,,,0,,,
9773,"Totonicapán",8,"Totonicapán",1,1232,400,,,,,,,,,,,,,,,,,,,,,,,,,,,,,,,,0,,,
9774,"Totonicapán",8,"Totonicapán",1,1232,400,,,,,,,,,,,,,,,,,,,,,,,,,,,,,,,,0,,,
9775,"Totonicapán",8,"Totonicapán",1,1232,400,,,,,,,,,,,,,,,,,,,,,,,,,,,,,,,,0,,,
9776,"Totonicapán",8,"Totonicapán",1,1232,400,7,5,53,0,13,4,2,4,10,36,4,19,55,4,8,7,0,1,232,17,4,253,0,253,0,400,147,232,253,253,,1,ba66a97efd7023437e23d43ba56148b82a4705200e2fb0f679ed6efad831103a,26/06/2023 00:23:46,ESCANER
9777,"Totonicapán",8,"Totonicapán",1,1233,400,7,5,54,2,6,2,1,1,20,24,2,31,54,7,10,2,4,2,234,9,4,247,0,247,0,400,153,234,247,247,,1,bab704af91731c2437539917e24d07ac4b41c56c879931c2fc9b17304c38fb3d,25/06/2023 22:48:44,ESCANER
9778,"Totonicapán",8,"Totonicapán",1,1233,400,,,,,,,,,,,,,,,,,,,,,,,,,,,,,,,,0,,,
9779,"Totonicapán",8,"Totonicapán",1,1233,400,3,6,55,3,9,4,2,3,15,29,0,29,61,6,5,0,4,0,234,8,13,255,0,255,0,400,145,234,255,255,,1,1e85eb6b53774f6c4551ed190620f317cdbf980307b809140165ef3b98335177,26/06/2023 00:20:25,ESCANER
9780,"Totonicapán",8,"Totonicapán",1,1233,400,,,,,,,,,,,,,,,,,,,,,,,,,,,,,,,,0,,,
9781,"Totonicapán",8,"Totonicapán",1,1233,400,,,,,,,,,,,,,,,,,,,,,,,,,,,,,,,,0,,,
9782,"Totonicapán",8,"Totonicapán",1,1233,400,,,,,,,,,,,,,,,,,,,,,,,,,,,,,,,,0,,,
9783,"Totonicapán",8,"Totonicapán",1,1233,400,2,4,48,1,11,3,1,5,13,28,0,20,57,2,7,2,1,1,206,9,1,216,0,216,0,400,184,206,216,216,,1,e9f0ec16714617e3b8aac307f5ee27b2c3b0b292ff7b8a117ea03b54aad8193d,25/06/2023 22:39:16,ESCANER
9784,"Totonicapán",8,"Totonicapán",1,1234,400,1,2,32,2,7,1,3,2,11,44,1,27,42,11,6,3,1,1,197,4,0,201,0,201,0,399,198,197,201,201,,1,a2107fad22cd8fcf75ef2ab5c6dbb43c4185ba56d367787baee9c44fd1069e26,25/06/2023 22:05:44,ESCANER
9785,"Totonicapán",8,"Totonicapán",1,1234,400,2,3,31,2,7,2,0,4,8,43,3,28,57,8,5,0,2,1,206,5,2,213,0,213,0,400,187,206,213,213,,1,9f64af8bb1fc24d0ab5eaadd5194121345d5adb7e3bccae88d2e83b986384604,25/06/2023 22:57:24,ESCANER
9786,"Totonicapán",8,"Totonicapán",1,1234,400,,,,,,,,,,,,,,,,,,,,,,,,,,,,,,,,0,,,
9787,"Totonicapán",8,"Totonicapán",1,1234,400,4,0,46,4,4,4,1,2,8,29,2,30,63,2,8,1,1,0,209,1,0,210,0,210,0,399,189,209,210,210,,1,9b2080ccbf4953ef9ffe0e31088dff52b735cf274229589c5521b6feace55f2d,25/06/2023 21:55:21,ESCANER
9788,"Totonicapán",8,"Totonicapán",1,1235,400,,,,,,,,,,,,,,,,,,,,,,,,,,,,,,,,0,,,
9789,"Totonicapán",8,"Totonicapán",1,1235,400,1,7,35,1,8,3,0,1,7,32,0,26,56,11,5,1,4,0,210,10,2,198,0,210,0,400,190,198,210,210,Sumas Asentadas sin cuadrar,1,993299104421cda88f71b8b4c05f4de6c21d9fe331dba313348e8792f8d7ddd7,25/06/2023 22:33:02,ESCANER
9790,"Totonicapán",8,"Totonicapán",1,1235,302,4,6,33,2,6,0,0,2,5,24,0,21,41,4,4,0,0,0,152,6,0,158,0,--,0,302,144,152,158,158,Algún campo sin dato,1,78b6e3c87053edcc2f45a2a6958ff4b179b21ede094e821e99a7eee84fd5092c,25/06/2023 22:17:11,ESCANER
9791,"Totonicapán",8,"Totonicapán",1,1235,301,3,1,26,2,3,1,1,3,7,15,1,13,32,3,0,0,1,0,112,5,3,120,0,120,0,297,177,112,120,120,,1,ce9a9436e72268931f62be6bb0bef51f34ba92c989f81763c93c43c653618edc,26/06/2023 00:07:38,ESCANER
9792,"Totonicapán",8,"Totonicapán",1,1236,400,4,8,43,3,13,6,3,5,21,22,0,17,44,13,7,0,4,2,215,22,15,252,0,252,0,400,148,215,252,252,,1,c9a4409231b9068626b34420f691db64d4bd6ea3a9c57a2e96279904ebd0fcd7,25/06/2023 22:54:25,ESCANER
9793,"Totonicapán",8,"Totonicapán",1,1236,400,,,,,,,,,,,,,,,,,,,,,,,,,,,,,,,,0,,,
9794,"Totonicapán",8,"Totonicapán",1,1236,400,,,,,,,,,,,,,,,,,,,,,,,,,,,,,,,,0,,,
9795,"Totonicapán",8,"Totonicapán",1,1236,400,3,21,22,3,19,4,4,6,13,14,3,20,41,37,15,3,6,1,235,12,10,257,0,257,0,400,143,235,257,257,,1,70610b73e4c9d5a3322932ce7b6c400471b3ffbb7deff5dc279a925a337b7ee2,26/06/2023 00:28:04,ESCANER
9796,"Totonicapán",8,"Totonicapán",1,1236,400,,,,,,,,,,,,,,,,,,,,,,,,,,,,,,,,0,,,
9797,"Totonicapán",8,"Totonicapán",1,1236,400,,,,,,,,,,,,,,,,,,,,,,,,,,,,,,,,0,,,
9798,"Totonicapán",8,"Totonicapán",1,1236,400,3,11,29,8,19,2,5,4,16,44,3,7,52,8,6,0,4,0,221,12,9,242,0,242,0,400,158,221,242,242,,1,87be133849ac6ab62bb18cd243a668770dda39c4a4e0856a850ba650c7497a89,26/06/2023 00:25:48,ESCANER
9799,"Totonicapán",8,"Totonicapán",1,1236,400,,,,,,,,,,,,,,,,,,,,,,,,,,,,,,,,0,,,
9800,"Totonicapán",8,"Totonicapán",1,1236,400,5,9,33,7,10,1,2,5,15,26,2,15,45,16,7,0,2,0,200,8,5,213,0,213,0,400,187,200,213,213,,1,b9ec815992c0ff67e9805200d213792e2a3b86a3ba8ee716940dbd6b77c305d7,26/06/2023 00:16:47,ESCANER
9801,"Totonicapán",8,"Totonicapán",1,1236,400,,,,,,,,,,,,,,,,,,,,,,,,,,,,,,,,0,,,
9802,"Totonicapán",8,"Totonicapán",1,1236,400,,,,,,,,,,,,,,,,,,,,,,,,,,,,,,,,0,,,
9803,"Totonicapán",8,"Totonicapán",1,1236,400,,,,,,,,,,,,,,,,,,,,,,,,,,,,,,,,0,,,
9804,"Totonicapán",8,"Totonicapán",1,1236,400,,,,,,,,,,,,,,,,,,,,,,,,,,,,,,,,0,,,
9805,"Totonicapán",8,"Totonicapán",1,1236,400,,,,,,,,,,,,,,,,,,,,,,,,,,,,,,,,0,,,
9806,"Totonicapán",8,"Totonicapán",1,1236,381,4,9,22,10,11,2,2,3,12,26,0,24,31,6,8,0,5,1,176,8,1,185,0,185,0,383,198,176,185,185,,1,d1839ad40773fc3d0ed1cc8e61d6e8cba901520622f91ae99b1da89ddaa2d4a1,26/06/2023 00:20:07,ESCANER
9807,"Totonicapán",8,"Totonicapán",1,1236,381,,,,,,,,,,,,,,,,,,,,,,,,,,,,,,,,0,,,
9808,"Totonicapán",8,"Totonicapán",1,1237,400,,,,,,,,,,,,,,,,,,,,,,,,,,,,,,,,0,,,
9809,"Totonicapán",8,"Totonicapán",1,1237,400,3,6,28,16,17,5,1,1,21,11,3,11,77,12,7,2,2,0,223,29,9,261,0,261,0,400,139,223,261,261,,1,0e955dd725a8bf80334384a72503c87298fe148f4b66b3fd4b99228468a8a082,25/06/2023 22:16:48,ESCANER
9810,"Totonicapán",8,"Totonicapán",1,1237,400,,,,,,,,,,,,,,,,,,,,,,,,,,,,,,,,0,,,
9811,"Totonicapán",8,"Totonicapán",1,1238,400,3,6,19,31,20,5,2,6,12,38,3,10,19,18,10,3,4,2,211,31,14,256,--,256,--,400,144,211,256,256,Algún campo sin dato,1,492d114db2320acf8c0d96d739b37a147230da403f2adb0472d53b3eded3e36d,25/06/2023 23:26:49,ESCANER
9812,"Totonicapán",8,"Totonicapán",1,1238,400,5,6,26,21,18,6,1,4,14,16,2,6,60,10,11,2,0,2,210,19,16,245,0,245,0,400,155,210,245,245,,1,ecc2c2e9d2b16ac8fbe5fe79ee36ad54e6b178beb95f5a289d6726ee577471fd,25/06/2023 22:32:15,ESCANER
9813,"Totonicapán",8,"Totonicapán",1,1238,400,,,,,,,,,,,,,,,,,,,,,,,,,,,,,,,,0,,,
9814,"Totonicapán",8,"Totonicapán",1,1238,400,5,5,29,12,9,2,1,4,22,28,1,10,46,10,3,2,3,0,192,5,4,201,0,201,0,399,198,192,201,201,,1,d1a4ecb56f6045210ab5d911f264f517ed348720408c7ae1205f146fafc103e4,25/06/2023 23:34:58,ESCANER
9815,"Totonicapán",8,"Totonicapán",1,1238,400,,,,,,,,,,,,,,,,,,,,,,,,,,,,,,,,0,,,
9816,"Totonicapán",8,"Totonicapán",1,1239,400,2,12,29,14,11,4,3,3,16,11,6,8,43,10,8,1,15,0,196,16,12,224,0,224,0,400,176,196,224,224,,1,4d3e839e35293d53e6134bf14954435f8537794dc8d6f757aeada8f2ad2e2862,26/06/2023 00:02:52,ESCANER
9817,"Totonicapán",8,"Totonicapán",1,1239,400,3,9,19,9,3,2,0,5,12,12,7,7,51,14,7,0,8,0,172,12,16,200,0,200,0,400,200,168,196,196,Sumas Asentadas sin cuadrar,1,22df7822081d8e040f05a156a59b05ae81601853dd1b065b30f124b1edb0e3a9,25/06/2023 22:48:28,ESCANER
9818,"Totonicapán",8,"Totonicapán",1,1239,400,8,5,19,13,4,2,3,2,13,29,3,10,52,14,8,0,7,0,192,18,7,217,0,217,0,400,183,192,217,217,,1,8f21bd535a1bbe34ff526bad034af30500ba11449e744573fe4b183bd2360b44,26/06/2023 00:24:31,ESCANER
9819,"Totonicapán",8,"Totonicapán",1,1239,400,,,,,,,,,,,,,,,,,,,,,,,,,,,,,,,,0,,,
9820,"Totonicapán",8,"Totonicapán",1,1239,400,,,,,,,,,,,,,,,,,,,,,,,,,,,,,,,,0,,,
9821,"Totonicapán",8,"Totonicapán",1,1240,400,4,6,24,15,8,4,1,5,17,26,0,13,40,6,8,0,9,0,186,10,1,197,0,197,0,400,203,186,197,197,,1,149b5ef4de2333ef71ecd03a8d4f32c72a43d450730212672c1021f9b6f5eab9,25/06/2023 23:49:39,ESCANER
9822,"Totonicapán",8,"Totonicapán",1,1240,400,,,,,,,,,,,,,,,,,,,,,,,,,,,,,,,,0,,,
9823,"Totonicapán",8,"Totonicapán",1,1240,400,,,,,,,,,,,,,,,,,,,,,,,,,,,,,,,,0,,,
9824,"Totonicapán",8,"Totonicapán",1,1241,400,1,3,27,19,11,0,1,3,14,34,2,8,38,8,9,0,1,1,180,10,3,193,0,193,0,406,213,180,193,193,,1,1b1991f981764345a5938f8b3674fdd02e9505dae8a2c57f5850f365048fe3b3,25/06/2023 23:33:06,ESCANER
9825,"Totonicapán",8,"Totonicapán",1,1241,245,0,2,17,8,7,3,0,0,8,17,1,8,30,9,3,0,3,0,116,1,6,126,0,126,0,245,119,116,123,123,Sumas Asentadas sin cuadrar,1,625105e0745bdb88d99c18e76651bf33b179492fa8d20f8878751ee541fa72cb,25/06/2023 22:42:47,ESCANER
9826,"Totonicapán",8,"Totonicapán",1,1242,244,3,1,9,10,5,3,0,0,5,12,0,5,23,2,4,0,3,1,86,14,1,101,0,101,0,243,142,86,101,101,,1,4c8b0a87e4ac2e0035b655f4bf5ad1e668dafa1e3c7f365bab411bada151054a,25/06/2023 21:55:58,ESCANER
9827,"Totonicapán",8,"Totonicapán",1,1243,400,,,,,,,,,,,,,,,,,,,,,,,,,,,,,,,,0,,,
9828,"Totonicapán",8,"Totonicapán",1,1243,400,,,,,,,,,,,,,,,,,,,,,,,,,,,,,,,,0,,,
9829,"Totonicapán",8,"Totonicapán",1,1243,400,6,4,31,2,24,1,3,1,34,20,4,11,34,10,27,0,5,1,218,11,7,236,0,236,0,397,161,218,236,236,,1,69639fb3469106a8058ef794ff90a5ba3b3a371c20bf87cbbe898214c7e33a9e,25/06/2023 22:59:12,ESCANER
9830,"Totonicapán",8,"Totonicapán",1,1243,400,1,12,35,2,23,7,1,2,35,8,4,9,44,11,21,1,3,2,221,24,12,257,0,257,0,400,143,221,257,257,,1,a75b8af827c66b787d0b944d463e1f8841e7fdf47240bfe86578771e62bfe93c,25/06/2023 23:22:53,ESCANER
9831,"Totonicapán",8,"Totonicapán",1,1243,400,,,,,,,,,,,,,,,,,,,,,,,,,,,,,,,,0,,,
9832,"Totonicapán",8,"Totonicapán",1,1243,400,6,7,36,7,36,6,0,4,17,13,6,13,41,11,26,1,6,0,236,16,12,264,0,264,0,400,136,236,264,264,,1,5c5ecf5c85f56828cccf53f820497145feb04841185c19af5accf92d8d9abb0e,26/06/2023 00:07:17,ESCANER
9833,"Totonicapán",8,"Totonicapán",1,1244,400,11,6,45,6,30,3,1,1,27,22,3,10,50,5,29,0,6,1,256,5,3,264,0,264,0,400,134,256,264,264,,1,1ced2093353ca716b83b6365dcdfe2d3a4188c643dd4e697b7d8c195849c4db6,25/06/2023 22:49:36,ESCANER
9834,"Totonicapán",8,"Totonicapán",1,1245,400,9,2,42,5,22,5,1,2,19,23,5,23,47,8,23,1,3,0,240,6,3,249,0,249,0,400,151,240,249,249,,1,b91fac6e1109cc1fce0f454e9bbbc9db013cd0a9c1b3ce58f57914a5988a1d05,25/06/2023 22:37:45,ESCANER
9835,"Totonicapán",8,"Totonicapán",1,1245,400,4,5,40,4,26,4,2,1,21,17,6,22,38,6,27,0,5,2,230,10,5,245,0,245,0,400,155,230,245,245,,1,22a3efcb1e8393ef3eff91b9cf904b2f731091e6eb2d4b558fd2efb00bbca81c,26/06/2023 00:16:16,ESCANER
9836,"Totonicapán",8,"Totonicapán",1,1245,400,0,2,30,5,23,3,1,2,16,18,3,32,33,7,16,1,2,1,195,3,0,198,0,198,0,400,202,195,198,198,,1,e4f9ef714d810a6519d7f15b0fc8e50a5dc17c0e0857683f64265ee32b099279,25/06/2023 23:34:16,ESCANER
9837,"Totonicapán",8,"Totonicapán",1,1246,225,4,0,14,1,12,4,3,0,11,11,3,14,22,5,8,0,3,0,115,6,0,121,0,121,0,225,104,115,121,121,,1,cf496bc8657b5eba5a10b78f4d91f30153b02b880267b7a004bbad25d2b1150e,25/06/2023 21:52:55,ESCANER
9838,"Totonicapán",8,"Totonicapán",1,1246,224,0,0,18,5,16,3,0,1,10,14,3,12,20,6,13,1,0,0,122,6,0,128,1,129,0,224,95,122,128,129,,1,a7d400b5128ae9b471115d9977b939924515e9815398965fddd0389810594b4b,25/06/2023 23:08:33,ESCANER
9839,"Totonicapán",8,"Totonicapán",1,1247,380,,,,,,,,,,,,,,,,,,,,,,,,,,,,,,,,0,,,
9840,"Totonicapán",8,"Totonicapán",1,1247,380,,,,,,,,,,,,,,,,,,,,,,,,,,,,,,,,0,,,
9841,"Totonicapán",8,"Totonicapán",1,1247,380,,,,,,,,,,,,,,,,,,,,,,,,,,,,,,,,0,,,
9842,"Totonicapán",8,"Totonicapán",1,1247,380,,,,,,,,,,,,,,,,,,,,,,,,,,,,,,,,0,,,
9843,"Totonicapán",8,"Totonicapán",1,1247,380,1,1,82,0,1,3,0,0,18,1,3,3,78,4,4,0,1,0,200,9,4,213,0,213,0,380,167,200,213,213,,1,e80c04ef2295c31a802434a6a8e6fb84e5357304de2b7902ac691eeaeac9d931,25/06/2023 22:41:07,ESCANER
9844,"Totonicapán",8,"Totonicapán",1,1247,220,0,0,37,0,0,1,0,0,12,1,0,1,71,1,0,0,0,0,124,1,3,128,0,128,0,221,93,124,128,128,,1,0f1506414045b392e6123922917492f5cae00d2d194ba2474dee3c4110784807,25/06/2023 21:44:42,ESCANER
9845,"Totonicapán",8,"Totonicapán",1,1248,220,2,0,22,2,1,2,0,0,8,2,0,4,67,2,2,0,2,0,116,3,1,120,0,120,0,221,101,116,120,120,,1,6b8cb26650a92f6d83313fac8875af63ed9085767cda0fd228871167350bb0da,25/06/2023 23:24:44,ESCANER
9846,"Totonicapán",8,"Totonicapán",1,1249,380,6,2,2,27,19,2,1,3,32,9,18,3,59,8,3,2,1,0,197,37,7,241,0,241,0,380,139,197,241,241,,1,24116e4758c81e72bdb6e388d8ab67b31d958d22cc841c39378b8330ae0a9be0,25/06/2023 23:56:11,ESCANER
9847,"Totonicapán",8,"Totonicapán",1,1249,380,,,,,,,,,,,,,,,,,,,,,,,,,,,,,,,,0,,,
9848,"Totonicapán",8,"Totonicapán",1,1249,380,,,,,,,,,,,,,,,,,,,,,,,,,,,,,,,,0,,,
9849,"Totonicapán",8,"Totonicapán",1,1249,380,1,6,12,10,6,2,0,3,60,16,5,0,56,9,3,0,1,1,191,16,8,215,0,215,0,380,165,191,215,215,,1,4af6e95f1884500290cbf3fb1dbf5aca9909e5fde44aa6447020e820c82cbb0f,25/06/2023 22:39:28,ESCANER
9850,"Totonicapán",8,"Totonicapán",1,1249,380,,,,,,,,,,,,,,,,,,,,,,,,,,,,,,,,0,,,
9851,"Totonicapán",8,"Totonicapán",1,1249,380,2,1,2,23,3,1,0,3,58,3,3,2,65,3,2,0,1,0,172,18,4,194,0,194,0,380,186,172,194,194,,1,ff3e2664d5ecf1ce2468518742c5acc4d276e1c0c8e45b85a8847e168b1b2b2a,25/06/2023 23:50:30,ESCANER
9852,"Totonicapán",8,"Totonicapán",1,1249,371,1,4,4,19,4,6,0,2,46,6,0,4,63,2,5,0,0,0,166,10,4,180,0,180,--,373,193,166,180,180,Algún campo sin dato,1,051e5ae6b1c6121d009488ce69f9bbb05e2c49a94dc86512aee086612ded54c5,26/06/2023 00:13:19,ESCANER
9853,"Totonicapán",8,"Totonicapán",1,1249,370,0,1,7,12,6,2,0,2,37,11,4,5,63,1,4,0,0,0,155,7,1,163,1,164,0,372,208,155,163,164,,1,0aba6fd6767f265a3667a6586db4b51865244b0da52ef7c25f5b85b28d17cc7e,25/06/2023 23:40:55,ESCANER
9854,"Totonicapán",8,"Totonicapán",1,1250,380,1,16,40,2,18,5,1,1,16,4,1,3,32,11,3,0,0,1,155,12,3,170,0,170,--,374,204,155,170,170,Algún campo sin dato,1,1b41ab5533115ba64ff95201a5ba7e8418689bb61948019a0c4f86aa78770123,25/06/2023 23:52:39,ESCANER
9855,"Totonicapán",8,"Totonicapán",1,1250,380,5,28,44,0,13,5,2,1,30,7,4,4,28,8,4,1,2,0,186,17,12,215,0,215,--,356,215,186,215,215,Algún campo sin dato,1,e98149c6ab30434f70bb2975e097404aa03a9fad4d6d06b602d953f9bd9c0f4d,26/06/2023 00:00:38,ESCANER
9856,"Totonicapán",8,"Totonicapán",1,1250,380,1,29,38,0,14,4,1,1,28,4,2,1,39,3,2,2,3,0,172,14,6,192,4,196,0,377,181,172,192,196,,1,af5d5e092fabf2550b67ec5e6d62c233958c693359e192610c214a91c977a303,25/06/2023 23:35:13,ESCANER
9857,"Totonicapán",8,"Totonicapán",1,1251,380,2,17,34,1,13,2,1,0,25,5,1,4,36,6,8,0,1,0,156,17,2,175,0,175,0,380,205,156,175,175,,1,cbf9ef3f4473dc1a90068c53051c0a5e8f1818d5f580b94cb5992f0889b986f9,25/06/2023 22:28:49,ESCANER
9858,"Totonicapán",8,"Totonicapán",1,1251,380,3,28,32,1,21,2,0,2,18,8,1,3,29,8,2,0,2,0,160,13,3,176,0,176,0,379,203,160,176,176,,1,4e78ac85cca3031ac22d0c1b13629ded881689c02ba9c1feca75e52b0e50b4cf,25/06/2023 23:18:49,ESCANER
9859,"Totonicapán",8,"Totonicapán",1,1251,215,0,10,20,1,6,3,0,0,11,3,0,7,23,5,1,0,1,0,91,7,1,99,0,99,0,215,116,91,99,99,,1,943f08edc5d2432169860354a94758d804ec28e17c93deafb2eb11010ea5c9a1,25/06/2023 22:20:05,ESCANER
9860,"Totonicapán",8,"Totonicapán",1,1251,214,1,10,17,0,8,2,0,0,4,1,0,5,18,6,2,0,1,1,76,4,0,80,0,80,0,214,134,76,80,80,,1,61a62babfe49c268bde36bfd49c4292c0fed459fa0fbaa51aa46e2716af2fd86,25/06/2023 20:57:14,ESCANER
9861,"Totonicapán",8,"Totonicapán",1,1252,380,0,1,4,3,6,1,0,1,1,5,0,0,97,5,28,0,0,0,152,23,11,186,0,186,0,380,194,152,186,186,,1,ca696393a5295a19b9bf6878b7d9c9a19c5ab5e3c58dca4e864ef513130839f7,25/06/2023 23:04:36,ESCANER
9862,"Totonicapán",8,"Totonicapán",1,1252,380,4,2,1,3,5,1,0,2,2,2,1,1,101,5,20,1,0,0,151,13,18,182,0,182,0,380,198,151,182,182,,1,c60141246a5d30328335d3698f39ce954fd6a2e75cb72a7a97475d5472c86aa4,26/06/2023 00:23:09,ESCANER
9863,"Totonicapán",8,"Totonicapán",1,1252,298,2,0,4,1,3,0,0,0,0,3,0,3,51,1,12,0,0,0,80,12,10,102,0,102,0,299,197,80,102,102,,1,8c973493aa26ae65f70e5c9b89b2708ff33946335cbe6b5025ba7f5e63235651,25/06/2023 22:03:45,ESCANER
9864,"Totonicapán",8,"Totonicapán",1,1252,298,0,0,3,2,1,1,0,1,1,6,0,1,39,1,16,0,1,0,73,5,3,81,0,81,0,298,217,73,81,81,,1,d56d7be11376c360d62572f4799f6890475ac0b04b88ee1ba512b017b6c27302,25/06/2023 21:45:05,ESCANER
9865,"Totonicapán",8,"Totonicapán",1,1253,380,,,,,,,,,,,,,,,,,,,,,,,,,,,,,,,,0,,,
9866,"Totonicapán",8,"Totonicapán",1,1253,380,,,,,,,,,,,,,,,,,,,,,,,,,,,,,,,,0,,,
9867,"Totonicapán",8,"Totonicapán",1,1254,380,3,3,15,9,16,3,0,7,4,47,0,2,51,7,2,0,1,1,171,18,6,195,0,195,0,380,185,171,195,195,,1,2e79a7bbeb1f016dc99391d2af229b4039cbdcc837e57a0158fd23e26314742c,25/06/2023 22:51:34,ESCANER
9868,"Totonicapán",8,"Totonicapán",1,1254,380,0,3,27,9,11,2,1,4,8,43,0,6,61,5,3,0,0,0,183,15,6,204,0,204,0,380,176,183,204,204,,1,7367022b733e44b3d1159b99d5522b6bb51775ddd64868bdcb96b0c51afbd4e1,25/06/2023 23:41:20,ESCANER
9869,"Totonicapán",8,"Totonicapán",1,1254,380,4,3,18,4,10,2,0,3,6,49,3,4,64,4,4,0,1,1,180,25,4,209,0,209,--,--,--,180,209,209,Algún campo sin dato,1,86aeb6d6e54eccaa2960e771ff01fdc4c12d2bdf5fc73977654b908d4f850fe7,26/06/2023 00:22:08,ESCANER
9870,"Totonicapán",8,"Totonicapán",1,1254,380,1,1,20,6,11,1,1,5,7,43,2,3,62,3,3,0,1,0,170,5,3,178,0,178,0,380,202,170,178,178,,1,cffcc89dea7454b9b7a81a9d4d9b50ea2968720b30ab16017bdf5c86b80d866a,25/06/2023 22:23:41,ESCANER
9871,"Totonicapán",8,"Totonicapán",1,1254,248,0,2,14,5,2,1,1,3,5,16,1,4,47,1,0,0,2,0,104,6,0,110,0,110,0,249,139,104,110,110,,1,901951c18d8eb5948d4c9ce6f94960d09089eb282f9efb3fe34c22aa1910cdcf,25/06/2023 22:30:56,ESCANER
9872,"Totonicapán",8,"Totonicapán",1,1255,248,0,2,13,6,3,0,0,4,4,30,0,3,23,1,4,0,1,0,94,4,0,98,0,98,0,249,151,94,98,98,,1,8004ec7ae77f88467bf956b5b45d4bddd47a4bfba4b4b6d4c496cb026fda96eb,25/06/2023 23:11:58,ESCANER
9873,"Totonicapán",8,"Totonicapán",1,1256,380,1,3,38,1,8,6,0,3,47,13,2,4,28,1,5,0,0,0,160,15,6,181,0,181,0,380,199,160,181,181,,1,d35ad4bfad4b30ea69617b54297f0adfb7abb4e8e7b9f285e19c2f47a1aa8c1a,25/06/2023 22:39:52,ESCANER
9874,"Totonicapán",8,"Totonicapán",1,1256,380,2,3,42,0,9,3,1,3,46,7,0,1,34,4,2,0,2,0,159,5,7,171,0,171,0,381,210,159,171,171,,1,3a5716b6ef013de24313e8f5dcc4f457793c5a83e3ec533635d5b2fed5c52fd7,25/06/2023 22:09:28,ESCANER
9875,"Totonicapán",8,"Totonicapán",1,1256,380,3,4,42,1,11,0,0,1,41,10,0,5,39,5,1,0,3,0,166,9,8,183,0,183,0,380,197,166,183,183,,1,6cd08e6493e9f9d11fb500bdc71ac45a75107d3df67f299d55a089c401703136,25/06/2023 22:43:51,ESCANER
9876,"Totonicapán",8,"Totonicapán",1,1256,283,1,0,30,0,1,10,2,2,37,14,0,5,19,3,3,0,0,1,128,5,5,138,0,138,0,285,147,128,138,138,,1,aba6fb355c58b477e1b308fe02863b136afa5bdcb92d856d2aac3971466ce55e,25/06/2023 22:00:59,ESCANER
9877,"Totonicapán",8,"Totonicapán",1,1256,282,2,2,14,0,2,3,0,2,29,8,2,7,32,1,0,1,1,0,106,1,1,108,0,108,0,284,176,106,108,108,,1,8bd074779d5a20ed72521298b74086f0591c944001600f8f22c27b5cfbbae6c0,25/06/2023 22:17:38,ESCANER
9878,"Totonicapán",8,"Totonicapán",1,1257,380,5,0,41,2,10,4,0,2,19,11,2,7,31,9,5,0,1,0,149,28,16,193,0,193,0,380,187,149,193,193,,1,d4b79bc4e8caaece78a205e8383b44b9ebdcb475f04e8d541a24a7596bae9cbc,25/06/2023 22:58:03,ESCANER
9879,"Totonicapán",8,"Totonicapán",1,1257,380,2,2,48,1,7,6,1,0,20,13,1,6,30,8,6,0,3,0,154,18,16,188,0,188,0,380,189,154,188,188,,1,6770a95a73f5e73484e8c56122225004325a749dd01852343c21611bebb84856,25/06/2023 22:47:26,ESCANER
9880,"Totonicapán",8,"Totonicapán",1,1257,380,1,3,43,1,9,4,0,2,20,11,0,1,38,3,6,1,1,0,144,9,11,164,0,164,0,380,216,144,164,164,,1,eb776089b643aeeac097ab7edbaa8fb09831eda84d216965dc0192c5e9d95f70,25/06/2023 22:00:14,ESCANER
9881,"Totonicapán",8,"Totonicapán",1,1257,208,1,3,19,0,11,3,1,0,7,3,1,3,11,4,1,2,1,1,72,2,2,76,0,76,0,205,129,72,76,76,,1,5b0e1e864de2464d94372c808d51b110ee3844efe6cb892f76fd928a1357a4ef,25/06/2023 23:05:13,ESCANER
9882,"Totonicapán",8,"Totonicapán",1,1257,208,1,1,12,0,3,0,0,0,8,4,1,3,17,2,4,0,0,0,56,1,3,60,0,60,--,206,245,56,60,60,Algún campo sin dato,1,381c3c45daf3a8fcff653afc7c8694032a3bc2c428d730c8da75f492d7670324,26/06/2023 00:10:50,ESCANER
9883,"Totonicapán",8,"Totonicapán",1,1258,380,3,2,53,1,19,3,1,1,3,10,1,1,78,6,0,1,0,0,183,23,22,228,0,228,0,380,152,183,228,228,,1,c143c4d6fc6ce45de940196ccd4ac046eb0b413a873fbd8f8459e18bd85100ef,25/06/2023 23:38:28,ESCANER
9884,"Totonicapán",8,"Totonicapán",1,1258,380,6,2,54,2,16,3,0,1,1,6,0,2,105,5,5,0,1,0,209,11,14,234,0,234,0,380,146,209,234,234,,1,151f5f116745aebcfa9cb8c0a8f0ee78130b536133adb4daaf3d47f8ba1c6e1c,25/06/2023 23:50:55,ESCANER
9885,"Totonicapán",8,"Totonicapán",1,1258,380,4,5,55,3,27,5,0,2,2,7,2,1,96,7,1,0,2,0,219,22,15,256,0,256,0,380,124,219,256,256,,1,cfd99f6a92f1537b0965c6e1c0d5817322352b4bc0a44909186b8de25bdf599c,25/06/2023 23:03:57,ESCANER
9886,"Totonicapán",8,"Totonicapán",1,1258,380,,,,,,,,,,,,,,,,,,,,,,,,,,,,,,,,0,,,
9887,"Totonicapán",8,"Totonicapán",1,1258,380,3,1,59,4,11,1,1,0,1,6,0,2,71,2,1,1,0,0,164,10,9,183,0,183,0,380,197,164,183,183,,1,99c65df566ce8ab9a9bc079d2b29ac0391d5efd4f3a3e51e8ebfafeb8c6f99ff,25/06/2023 23:16:42,ESCANER
9888,"Totonicapán",8,"Totonicapán",1,1259,192,2,0,34,0,9,0,1,0,1,5,0,3,40,1,0,0,0,0,96,1,2,99,0,99,--,192,93,96,99,99,Algún campo sin dato,1,47c83ce6a87fb9c5c0d7fb2909fc2fe7d4969a7300536281146a52c13804e689,25/06/2023 20:38:11,ESCANER
9889,"Totonicapán",8,"Totonicapán",1,1259,191,1,1,30,0,3,0,0,0,1,10,0,1,37,0,0,0,0,0,84,5,4,93,1,94,0,191,97,84,93,94,,1,195f90d31b78a8d0243d84782d2f3ebc950c8d6909632b77203133ef4ef201d4,25/06/2023 21:44:49,ESCANER
9890,"Totonicapán",8,"Totonicapán",1,1260,380,1,5,2,1,10,1,0,19,10,86,2,3,23,4,3,1,2,0,173,11,8,192,0,192,0,380,188,173,192,192,,1,c110eddebdbe5c720c022d25914ae6d5d6b2e788d7853635fa4b7d591ee78f31,25/06/2023 23:23:31,ESCANER
9891,"Totonicapán",8,"Totonicapán",1,1260,380,2,4,2,1,9,1,0,17,17,94,0,6,28,2,2,0,2,0,187,14,6,207,0,207,0,380,173,187,207,207,,1,fb3bfcf42f6dda2c8b4adef46bb8c2677cf33a83c7f452423043a639a20fc8f8,25/06/2023 23:25:23,ESCANER
9892,"Totonicapán",8,"Totonicapán",1,1260,236,0,3,4,0,5,0,1,11,13,61,0,0,20,1,3,1,1,0,124,5,0,129,0,129,0,236,107,124,129,129,,1,15363c42ce48b5119d7c0a5a5364e37be2e916f6f86be4a338ab46b666cf391a,25/06/2023 22:18:38,ESCANER
9893,"Totonicapán",8,"Totonicapán",1,1260,236,0,4,1,0,2,1,0,5,22,55,0,5,28,0,1,0,0,0,124,2,0,126,0,126,0,237,111,124,126,126,,1,4b749bc6fa6fc15a889e4f93c7d3a563eb3ffb5c46c8d7d838a7d1aa4b3b9f73,25/06/2023 22:05:12,ESCANER
9894,"Totonicapán",8,"Totonicapán",1,1261,380,,,,,,,,,,,,,,,,,,,,,,,,,,,,,,,,0,,,
9895,"Totonicapán",8,"Totonicapán",1,1261,380,5,18,29,10,16,3,6,2,11,19,0,10,81,17,5,0,2,0,234,8,7,249,0,249,0,380,131,234,249,249,,1,bc6d0322043c2e7d6ea840860bd249f5ed7312af1b3dba25e1acd05f85906494,25/06/2023 23:57:46,ESCANER
9896,"Totonicapán",8,"Totonicapán",1,1261,380,3,0,20,12,19,5,4,3,14,31,16,6,64,15,11,1,4,0,228,21,12,261,0,261,0,375,114,228,261,261,,1,74ac08e4bad58c7646d8df4f683f99bacb4f06d08934b0d9adf727b0958e3581,25/06/2023 23:30:48,ESCANER
9897,"Totonicapán",8,"Totonicapán",1,1261,380,,,,,,,,,,,,,,,,,,,,,,,,,,,,,,,,0,,,
9898,"Totonicapán",8,"Totonicapán",1,1261,380,5,39,19,9,19,2,4,2,6,31,1,11,55,3,9,0,3,0,218,13,5,236,0,236,0,380,144,218,236,236,,1,cd7585849204fd9e4e5101c67f0c49391e95cf52409772af61dba0a57fff2b50,25/06/2023 23:53:21,ESCANER
9899,"Totonicapán",8,"Totonicapán",1,1262,358,,,,,,,,,,,,,,,,,,,,,,,,,,,,,,,,0,,,
9900,"Totonicapán",8,"Totonicapán",1,1262,358,,,,,,,,,,,,,,,,,,,,,,,,,,,,,,,,0,,,
9901,"Totonicapán",8,"Totonicapán",1,1263,380,4,26,36,7,21,5,0,1,8,13,3,9,60,9,7,2,3,1,215,12,10,237,0,237,0,380,143,215,237,237,,1,eace7295f9081a79c2c0e7c31646a9279cfdaac92a1089c8b1cbd47c1f7cf011,25/06/2023 23:35:01,ESCANER
9902,"Totonicapán",8,"Totonicapán",1,1263,380,2,29,33,5,28,0,2,1,2,12,0,9,60,12,6,2,2,0,205,21,19,245,0,245,0,380,135,205,245,245,,1,996973f682cdabad07b52b4cbac0228cb80373aadbb902704a1157a9f17ffaae,25/06/2023 23:16:21,ESCANER
9903,"Totonicapán",8,"Totonicapán",1,1263,380,5,15,28,8,25,4,0,2,6,11,5,6,60,9,9,0,4,1,198,26,11,235,0,235,0,380,145,198,235,235,,1,ec8ed818122e72cf8e185d1eae9d4e2d653ca925f72a0bcb947703c5ca873b5c,25/06/2023 23:26:33,ESCANER
9904,"Totonicapán",8,"Totonicapán",1,1263,380,4,16,43,2,24,6,1,3,2,15,1,4,69,7,6,0,4,1,208,13,9,230,3,233,0,--,--,208,230,233,Algún campo sin dato,1,826de7fb6d2c8504c4a3ab9df22f2cc908bf888d2e266e07e2de3fbaf654aa4a,25/06/2023 23:22:09,ESCANER
9905,"Totonicapán",8,"Totonicapán",1,1263,380,3,16,32,2,13,1,1,3,5,21,2,10,43,5,5,0,1,0,164,11,3,178,0,178,0,380,202,163,177,177,Sumas Asentadas sin cuadrar,1,671ca4689ff67babb4b55ce668b1c47b57279badc8acde658366b4b936763728,25/06/2023 23:40:22,ESCANER
9906,"Totonicapán",8,"Totonicapán",1,1263,380,,,,,,,,,,,,,,,,,,,,,,,,,,,,,,,,0,,,
9907,"Totonicapán",8,"Totonicapán",1,1263,380,1,18,20,2,26,3,0,1,14,20,2,9,49,4,5,1,3,0,178,8,15,201,0,201,0,380,179,178,201,201,,1,18fe100b88033d0944656317b55886c4b914ac2c6447947a0707cd7ffbe6529a,25/06/2023 22:30:06,ESCANER
9908,"Totonicapán",8,"Totonicapán",1,1263,380,1,11,29,2,15,2,2,2,7,27,3,5,41,5,4,0,0,2,158,13,6,177,0,177,0,377,200,158,177,177,,1,2b2b4afbb719034466b7949b8b8b58e78a9d97ba9b9affa9a8ecd8da53b04349,25/06/2023 23:09:55,ESCANER
9909,"Totonicapán",8,"Totonicapán",1,1263,380,1,10,26,4,11,1,0,3,3,30,0,6,53,6,9,1,0,0,164,5,4,173,0,173,0,--,--,164,173,173,Algún campo sin dato,1,103d92c5307699ad05bd1114f804389ff65eed524a1c4179ed1b6d12af363ce2,26/06/2023 00:11:29,ESCANER
9910,"Totonicapán",8,"Totonicapán",1,1263,259,0,11,19,4,10,2,1,2,5,7,0,11,32,3,4,1,1,0,113,4,1,118,0,118,0,260,142,113,118,118,,1,a5a747fbd9915fffb41692ed00b13e7ec56a67b128ecf716a666ebcddceb842b,25/06/2023 22:12:02,ESCANER
9911,"Totonicapán",8,"Totonicapán",1,1263,258,3,11,16,4,8,2,1,1,3,7,1,7,33,3,4,0,0,0,104,4,2,110,0,110,--,259,149,104,110,110,Algún campo sin dato,1,edbf11dd01441380362d5540b6c81a66a62787eb4ed32e9c95fdd493ccccfb00,25/06/2023 23:01:15,ESCANER
9912,"Totonicapán",8,"Totonicapán",1,1264,380,,,,,,,,,,,,,,,,,,,,,,,,,,,,,,,,0,,,
9913,"Totonicapán",8,"Totonicapán",1,1264,380,,,,,,,,,,,,,,,,,,,,,,,,,,,,,,,,0,,,
9914,"Totonicapán",8,"Totonicapán",1,1264,380,,,,,,,,,,,,,,,,,,,,,,,,,,,,,,,,0,,,
9915,"Totonicapán",8,"Totonicapán",1,1264,380,7,7,70,0,27,14,2,1,14,18,2,15,25,6,6,1,8,1,224,14,8,246,0,246,0,400,154,224,246,246,,1,dd44e02b60d6c644a137de120873c78faad8ea29b614821311eaeb56a70fef4a,26/06/2023 00:23:53,ESCANER
9916,"Totonicapán",8,"Totonicapán",1,1264,380,,,,,,,,,,,,,,,,,,,,,,,,,,,,,,,,0,,,
9917,"Totonicapán",8,"Totonicapán",1,1265,380,5,9,47,2,19,7,2,3,29,12,3,6,45,8,9,3,6,0,215,15,3,233,0,233,--,380,147,215,233,233,Algún campo sin dato,1,0a660c362e2b88016a286a37978edb9e94db89c06d73ea5619da754a37a4ca72,25/06/2023 22:45:36,ESCANER
9918,"Totonicapán",8,"Totonicapán",1,1265,380,3,9,45,4,16,5,2,4,15,20,2,15,39,0,12,0,1,0,192,7,5,204,0,204,0,380,176,192,204,204,,1,ec743c2d2294e99c65abde314ad793990ae5b7442aaf2e762d471687cd579a0d,25/06/2023 23:37:32,ESCANER
9919,"Totonicapán",8,"Totonicapán",1,1265,380,7,8,50,4,15,10,2,0,12,18,0,17,40,2,11,0,0,1,197,9,4,210,0,210,--,380,170,197,210,210,Algún campo sin dato,1,6eca7ef84e70897019effd4ec3b4ec012c607cb3ccff73c7cce0b8e543273125,25/06/2023 23:52:04,ESCANER
9920,"Totonicapán",8,"Totonicapán",1,1265,380,5,11,41,6,15,9,1,1,21,20,2,11,48,6,4,0,3,1,205,5,12,222,6,228,0,380,152,205,222,228,,1,470c0f320a084a48d66438a6ee2dfb22f949119780f8651ae0be22e8d1d28cda,26/06/2023 00:00:16,ESCANER
9921,"Totonicapán",8,"Totonicapán",1,1266,380,,,,,,,,,,,,,,,,,,,,,,,,,,,,,,,,0,,,
9922,"Totonicapán",8,"Totonicapán",1,1266,380,,,,,,,,,,,,,,,,,,,,,,,,,,,,,,,,0,,,
9923,"Totonicapán",8,"Totonicapán",1,1266,380,3,8,47,6,20,7,1,6,12,17,3,15,34,8,5,0,4,0,196,10,3,209,0,209,0,380,171,196,209,209,,1,2f8db4e1e7c5d2c3b2fd2b5f17b2a7242f70e52081e9ba63c559a080f1a3992f,26/06/2023 00:21:05,ESCANER
9924,"Totonicapán",8,"Totonicapán",1,1266,380,,,,,,,,,,,,,,,,,,,,,,,,,,,,,,,,0,,,
9925,"Totonicapán",8,"Totonicapán",1,1266,342,,,,,,,,,,,,,,,,,,,,,,,,,,,,,,,,0,,,
9926,"Totonicapán",8,"Totonicapán",1,1266,341,1,8,36,2,10,2,2,1,9,12,1,6,31,6,6,0,5,0,138,7,3,148,0,148,0,343,195,138,148,148,,1,ebb77b9bbbf39fe128d37a6f425698fd4f6a1aaaccf753016160af5562616017,26/06/2023 00:06:20,ESCANER
9927,"Totonicapán",8,"Totonicapán",1,1267,600,,,,,,,,,,,,,,,,,,,,,,,,,,,,,,,,0,,,
9928,"Totonicapán",8,"Totonicapán",1,1268,600,7,4,23,7,13,2,0,3,15,14,3,10,25,11,10,0,0,1,148,17,6,171,0,171,0,596,425,148,171,171,,1,f6ca06fd94965b4e701cbcc1f1748940d69d44fc6e8abf4c455101e4402345d4,25/06/2023 23:25:13,ESCANER
9929,"Totonicapán",8,"Totonicapán",1,1268,600,,,,,,,,,,,,,,,,,,,,,,,,,,,,,,,,0,,,
9930,"Totonicapán",8,"Totonicapán",1,1268,600,3,3,23,5,12,3,0,1,9,16,1,11,46,5,9,0,5,1,153,12,4,169,0,169,0,600,431,153,169,169,,1,48102fb8a877e63fcdfeb9a358c4113ac1cc18d8430e9727a1ac6aa0f51936cc,25/06/2023 23:40:27,ESCANER
9931,"Totonicapán",8,"Totonicapán",1,1268,600,3,1,22,1,7,2,5,5,13,9,6,18,30,14,8,0,3,1,148,16,3,167,0,167,0,600,433,148,167,167,,1,18171757c6d25281e7754da8edb614396702f58b3a51a7ea7bcea09a21227b24,25/06/2023 22:22:41,ESCANER
9932,"Totonicapán",8,"Totonicapán",1,1269,600,3,5,24,2,5,1,0,0,9,11,2,11,31,12,4,1,2,0,123,16,3,142,0,142,0,605,463,123,142,142,,1,b0bcfb46174637cc6bf05b5e7bb3a30c093aa275c071d7bed00d5c8b755f5444,25/06/2023 22:59:02,ESCANER
9933,"Totonicapán",8,"Totonicapán",1,1269,600,2,0,12,1,6,2,1,0,3,4,2,5,16,2,6,1,0,0,63,8,1,72,0,72,0,600,528,63,72,72,,1,9b3c8684041070c8efad48562c5fe9a280065413377ca2b4de311ffe1e1e0d03,25/06/2023 22:53:36,ESCANER
9934,"Totonicapán",8,"Totonicapán",1,1269,333,0,0,7,3,1,0,0,1,0,3,0,3,4,2,1,0,2,0,27,5,1,33,0,33,0,335,302,27,33,33,,1,94317b7e70e690fda115de07e936e185d13c724d9d93934b48a851f7ba47fb03,25/06/2023 22:09:21,ESCANER
9935,"Totonicapán",8,"Totonicapán",1,1269,332,0,1,3,1,0,0,0,1,0,1,0,3,7,3,0,0,0,0,20,3,0,23,0,23,0,332,309,20,23,23,,1,5e29c46169eab2f4b6ca83d4299e11011d2fe895d6c4e28cc5735b902526d6b0,25/06/2023 22:49:09,ESCANER