﻿TIPO_DE_ELECCIÓN:,CORPORACIÓN MUNICIPAL
26 junio 2023 00:28 (UTC -6)
ACTAS_ESPERADAS,ACTAS_CAPTURADAS,PORCENTAJE_ACTAS_CAPTURADAS,ACTAS_CONTABILIZADAS,PORCENTAJE_ACTAS_CONTABILIZADAS,ACTAS_NO_CONTABILIZADAS,LISTA_NOMINAL_ACTAS_CONTABILIZADAS,VOTOS_EMITIDOS_CONTABILIZADAS,PORCENTAJE_PARTICIPACIÓN_CIUDADANA
15,2,13.3333,2,13.3333,0,800,587,73.3750

MESA,DEPARTAMENTO,ID_DEPARTAMENTO,MUNICIPIO,ID_MUNICIPIO,CENTRO_DE_VOTACIÓN,PADRÓN,CABAL,CAMBIO,VALOR,AZUL,VAMOS,FCN-NACION,UNE,VÁLIDOS,NULOS,BLANCO,EMITIDOS,INVÁLIDOS,TOTAL,IMPUGNACIONES,PAPELETAS-RECIBIDAS,PAPELETAS-NO-USADAS,VALIDOS_CALCULADO,EMITIDOS_CALCULADO,TOTAL_CALCULADO,OBSERVACIONES,CONTABILIZADA,CÓDIGO_INTEGRIDAD,FECHA_HORA_PUBLICACIÓN,DIGITALIZACIÓN
24050,"Jutiapa",22,"Jerez",8,3770,400,,,,,,,,,,,,,,,,,,,,,0,,,
24051,"Jutiapa",22,"Jerez",8,3770,400,,,,,,,,,,,,,,,,,,,,,0,,,
24052,"Jutiapa",22,"Jerez",8,3770,400,103,11,90,2,88,0,4,298,12,2,312,0,312,0,399,87,298,312,312,,1,b08ee07057d371ba31b21d7fece1bc1b0d1a0536849617bb970d7e837a47962b,25/06/2023 23:12:00,ESCANER
24053,"Jutiapa",22,"Jerez",8,3770,400,,,,,,,,,,,,,,,,,,,,,0,,,
24054,"Jutiapa",22,"Jerez",8,3770,400,,,,,,,,,,,,,,,,,,,,,0,,,
24055,"Jutiapa",22,"Jerez",8,3770,400,,,,,,,,,,,,,,,,,,,,,0,,,
24056,"Jutiapa",22,"Jerez",8,3770,400,,,,,,,,,,,,,,,,,,,,,0,,,
24057,"Jutiapa",22,"Jerez",8,3770,400,93,6,99,1,65,0,1,265,9,1,275,0,275,1,400,125,265,275,275,,1,ab79023c97798aced6354080696b21ef3e4cba9a6008db611404b50f37acef4d,26/06/2023 00:12:16,ESCANER
24058,"Jutiapa",22,"Jerez",8,3770,400,,,,,,,,,,,,,,,,,,,,,0,,,
24059,"Jutiapa",22,"Jerez",8,3770,400,,,,,,,,,,,,,,,,,,,,,0,,,
24060,"Jutiapa",22,"Jerez",8,3770,400,,,,,,,,,,,,,,,,,,,,,0,,,
24061,"Jutiapa",22,"Jerez",8,3771,400,,,,,,,,,,,,,,,,,,,,,0,,,
24062,"Jutiapa",22,"Jerez",8,3771,258,,,,,,,,,,,,,,,,,,,,,0,,,
24063,"Jutiapa",22,"Jerez",8,3771,257,,,,,,,,,,,,,,,,,,,,,0,,,
24064,"Jutiapa",22,"Jerez",8,3772,277,,,,,,,,,,,,,,,,,,,,,0,,,