﻿TIPO_DE_ELECCIÓN:,CORPORACIÓN MUNICIPAL
26 junio 2023 00:28 (UTC -6)
ACTAS_ESPERADAS,ACTAS_CAPTURADAS,PORCENTAJE_ACTAS_CAPTURADAS,ACTAS_CONTABILIZADAS,PORCENTAJE_ACTAS_CONTABILIZADAS,ACTAS_NO_CONTABILIZADAS,LISTA_NOMINAL_ACTAS_CONTABILIZADAS,VOTOS_EMITIDOS_CONTABILIZADAS,PORCENTAJE_PARTICIPACIÓN_CIUDADANA
185,88,47.5675,88,47.5675,0,31180,17206,55.1828

MESA,DEPARTAMENTO,ID_DEPARTAMENTO,MUNICIPIO,ID_MUNICIPIO,CENTRO_DE_VOTACIÓN,PADRÓN,BIEN,VAMOS,TODOS,UR,U R N G - MAIZ,UNE,ELEFANTE,VALOR,VICTORIA,VIVA,AZUL,PHG,PODEMOS,PODER,CABAL,UNIONISTA,CAMBIO,PPN,PR,MLP,VÁLIDOS,NULOS,BLANCO,EMITIDOS,INVÁLIDOS,TOTAL,IMPUGNACIONES,PAPELETAS-RECIBIDAS,PAPELETAS-NO-USADAS,VALIDOS_CALCULADO,EMITIDOS_CALCULADO,TOTAL_CALCULADO,OBSERVACIONES,CONTABILIZADA,CÓDIGO_INTEGRIDAD,FECHA_HORA_PUBLICACIÓN,DIGITALIZACIÓN
14797,"Huehuetenango",13,"Huehuetenango",1,2115,400,,,,,,,,,,,,,,,,,,,,,,,,,,,,,,,,,,0,,,
14798,"Huehuetenango",13,"Huehuetenango",1,2115,400,,,,,,,,,,,,,,,,,,,,,,,,,,,,,,,,,,0,,,
14799,"Huehuetenango",13,"Huehuetenango",1,2115,400,,,,,,,,,,,,,,,,,,,,,,,,,,,,,,,,,,0,,,
14800,"Huehuetenango",13,"Huehuetenango",1,2115,400,38,118,40,14,5,9,2,4,0,5,2,16,2,3,4,3,2,0,2,4,273,16,1,290,0,290,--,400,110,273,290,290,Algún campo sin dato,1,cc68f14c649fec47315883180ad3eb197a4ae0cc0f6cc229b08c119d4b1bd29a,25/06/2023 23:30:44,ESCANER
14801,"Huehuetenango",13,"Huehuetenango",1,2115,400,32,110,38,9,1,13,2,4,2,5,0,10,3,2,0,1,1,1,2,0,236,13,2,251,--,--,--,400,149,236,251,251,Algún campo sin dato,1,4b7a7b400ad6ce1d018246aca2ee50e5d754f40dca694cff952374549d353e47,26/06/2023 00:24:29,ESCANER
14802,"Huehuetenango",13,"Huehuetenango",1,2115,400,27,108,38,9,9,4,4,10,2,1,5,15,2,2,2,1,0,1,1,0,241,15,0,256,0,256,--,400,144,241,256,256,Algún campo sin dato,1,3fd84535aeba6c3cbea9c2b4c2adf9d1c629be48fe616febe1052db95c610a78,26/06/2023 00:25:29,ESCANER
14803,"Huehuetenango",13,"Huehuetenango",1,2115,400,34,113,42,14,6,13,0,2,3,1,3,11,3,0,2,1,1,2,3,1,255,11,1,267,0,267,--,400,133,255,267,267,Algún campo sin dato,1,53be1014ce737c71943c84adb128fd200210ac1a63466c30582988d55c1c4058,25/06/2023 22:00:36,ESCANER
14804,"Huehuetenango",13,"Huehuetenango",1,2116,400,30,119,52,10,10,8,1,6,3,2,6,9,0,3,1,1,1,0,1,1,264,16,3,283,0,283,--,400,117,264,283,283,Algún campo sin dato,1,a8067490ed7f2e9717c53c6754a35c5a4d9064c171fff7e53b8b3b7ef9cd26ee,26/06/2023 00:18:32,ESCANER
14805,"Huehuetenango",13,"Huehuetenango",1,2116,400,26,127,52,14,5,9,1,3,4,3,6,8,4,2,0,2,1,0,2,3,272,9,0,281,0,281,--,398,117,272,281,281,Algún campo sin dato,1,0d390b757d6987359619e6376a912a93c1f1acabdf973a12a4a0deda291b4210,25/06/2023 22:46:53,ESCANER
14806,"Huehuetenango",13,"Huehuetenango",1,2116,400,,,,,,,,,,,,,,,,,,,,,,,,,,,,,,,,,,0,,,
14807,"Huehuetenango",13,"Huehuetenango",1,2116,400,38,100,36,7,3,11,1,5,1,2,4,4,2,1,3,2,0,1,0,3,224,16,1,241,0,241,--,400,159,224,241,241,Algún campo sin dato,1,5426397fcb82d378f8644f2a50da3dab77f712f14154a28bafea1e0a998e8d4d,25/06/2023 23:58:01,ESCANER
14808,"Huehuetenango",13,"Huehuetenango",1,2117,400,28,118,37,15,6,8,5,5,2,4,4,9,2,2,4,0,1,2,0,5,257,8,0,265,0,265,--,400,135,257,265,265,Algún campo sin dato,1,28e7003aa60f87f45a369d41e84e9e08636f4c422ad6178971c4c64aa81a9814,25/06/2023 23:27:57,ESCANER
14809,"Huehuetenango",13,"Huehuetenango",1,2117,273,13,57,24,10,4,5,1,9,0,3,0,2,0,0,2,0,1,1,1,3,136,10,1,147,0,147,--,273,126,136,147,147,Algún campo sin dato,1,374510dcee818b23492c347b397861e6785c6fed815d54267b86a12789ce31f6,25/06/2023 23:57:36,ESCANER
14810,"Huehuetenango",13,"Huehuetenango",1,2117,272,14,58,24,6,0,4,1,4,2,0,4,5,0,0,1,0,0,2,2,1,128,5,0,133,0,133,--,272,139,128,133,133,Algún campo sin dato,1,190fc20b897b8d2f189ee062b38ef7bb1f6e3943fbaeb25434982b949f191164,25/06/2023 23:44:03,ESCANER
14811,"Huehuetenango",13,"Huehuetenango",1,2118,400,68,44,64,5,2,17,2,5,1,5,4,6,1,0,2,1,2,1,0,2,232,22,1,255,0,255,--,400,145,232,255,255,Algún campo sin dato,1,aaa7ccffc7ad275dcfca973412ad8b241ff32e9cf61ef1d21b9817ca4e81767a,25/06/2023 22:57:12,ESCANER
14812,"Huehuetenango",13,"Huehuetenango",1,2118,400,,,,,,,,,,,,,,,,,,,,,,,,,,,,,,,,,,0,,,
14813,"Huehuetenango",13,"Huehuetenango",1,2118,400,,,,,,,,,,,,,,,,,,,,,,,,,,,,,,,,,,0,,,
14814,"Huehuetenango",13,"Huehuetenango",1,2118,400,65,56,41,5,2,17,1,1,2,2,0,7,2,3,1,1,1,0,1,5,213,15,1,229,0,229,--,400,171,213,229,229,Algún campo sin dato,1,9a321454f474eeb9719c06991ba803ee4a542d60c554773821160891073dd4c9,26/06/2023 00:09:17,ESCANER
14815,"Huehuetenango",13,"Huehuetenango",1,2118,400,,,,,,,,,,,,,,,,,,,,,,,,,,,,,,,,,,0,,,
14816,"Huehuetenango",13,"Huehuetenango",1,2118,400,,,,,,,,,,,,,,,,,,,,,,,,,,,,,,,,,,0,,,
14817,"Huehuetenango",13,"Huehuetenango",1,2119,400,,,,,,,,,,,,,,,,,,,,,,,,,,,,,,,,,,0,,,
14818,"Huehuetenango",13,"Huehuetenango",1,2119,392,,,,,,,,,,,,,,,,,,,,,,,,,,,,,,,,,,0,,,
14819,"Huehuetenango",13,"Huehuetenango",1,2119,391,,,,,,,,,,,,,,,,,,,,,,,,,,,,,,,,,,0,,,
14820,"Huehuetenango",13,"Huehuetenango",1,2120,400,,,,,,,,,,,,,,,,,,,,,,,,,,,,,,,,,,0,,,
14821,"Huehuetenango",13,"Huehuetenango",1,2120,400,,,,,,,,,,,,,,,,,,,,,,,,,,,,,,,,,,0,,,
14822,"Huehuetenango",13,"Huehuetenango",1,2120,400,53,58,49,0,4,15,4,3,4,9,2,4,3,0,5,3,1,0,2,1,220,23,1,244,0,244,--,400,156,220,244,244,Algún campo sin dato,1,d9707a1f468e8cf116e3e9959c17e848732a09dade4b6e64d85a8d480a9e8e9b,25/06/2023 23:18:28,ESCANER
14823,"Huehuetenango",13,"Huehuetenango",1,2120,400,,,,,,,,,,,,,,,,,,,,,,,,,,,,,,,,,,0,,,
14824,"Huehuetenango",13,"Huehuetenango",1,2120,400,,,,,,,,,,,,,,,,,,,,,,,,,,,,,,,,,,0,,,
14825,"Huehuetenango",13,"Huehuetenango",1,2120,400,,,,,,,,,,,,,,,,,,,,,,,,,,,,,,,,,,0,,,
14826,"Huehuetenango",13,"Huehuetenango",1,2120,400,,,,,,,,,,,,,,,,,,,,,,,,,,,,,,,,,,0,,,
14827,"Huehuetenango",13,"Huehuetenango",1,2120,400,,,,,,,,,,,,,,,,,,,,,,,,,,,,,,,,,,0,,,
14828,"Huehuetenango",13,"Huehuetenango",1,2121,400,40,64,67,2,2,14,1,5,5,2,7,7,2,2,1,0,1,2,3,0,227,10,1,238,0,238,--,400,162,227,238,238,Algún campo sin dato,1,7edb84cdd74706cc1f065672a1e0dca61a5f8d5b846f824f9ded1879e7cc4fed,25/06/2023 23:46:51,ESCANER
14829,"Huehuetenango",13,"Huehuetenango",1,2121,400,,,,,,,,,,,,,,,,,,,,,,,,,,,,,,,,,,0,,,
14830,"Huehuetenango",13,"Huehuetenango",1,2121,400,57,44,40,2,2,12,1,7,4,5,3,10,1,2,0,1,0,0,1,0,192,21,5,218,0,218,--,400,182,192,218,218,Algún campo sin dato,1,ccf26314259e0709f09380b156b84358c9ec376829c892966501bb83dc098e0b,26/06/2023 00:15:47,ESCANER
14831,"Huehuetenango",13,"Huehuetenango",1,2121,400,,,,,,,,,,,,,,,,,,,,,,,,,,,,,,,,,,0,,,
14832,"Huehuetenango",13,"Huehuetenango",1,2121,400,,,,,,,,,,,,,,,,,,,,,,,,,,,,,,,,,,0,,,
14833,"Huehuetenango",13,"Huehuetenango",1,2121,400,,,,,,,,,,,,,,,,,,,,,,,,,,,,,,,,,,0,,,
14834,"Huehuetenango",13,"Huehuetenango",1,2121,400,,,,,,,,,,,,,,,,,,,,,,,,,,,,,,,,,,0,,,
14835,"Huehuetenango",13,"Huehuetenango",1,2122,400,23,52,28,4,6,6,0,2,5,4,0,3,1,0,0,2,3,1,1,3,144,5,2,151,1,152,--,400,248,144,151,152,Algún campo sin dato,1,8ed87751c2b0ec27c4f09be96243e12f509826d1932205a541e956ce59778a60,26/06/2023 00:25:12,ESCANER
14836,"Huehuetenango",13,"Huehuetenango",1,2122,283,28,41,41,4,5,2,0,2,5,1,2,1,1,0,0,1,0,0,1,4,139,7,0,146,0,146,--,283,137,139,146,146,Algún campo sin dato,1,045be523f395ab5d3aeb82af2e97ad8561fe78fabce1daf21ae6e28b1b64b21b,25/06/2023 22:44:31,ESCANER
14837,"Huehuetenango",13,"Huehuetenango",1,2122,282,33,17,24,1,0,5,1,1,3,0,1,2,0,0,3,1,0,1,1,2,96,11,0,107,0,107,--,282,172,96,107,107,Algún campo sin dato,1,02c5aa0afc7bd20789e57763a8ffb082947811201eefb79ff3a12728747d09dd,25/06/2023 22:34:19,ESCANER
14838,"Huehuetenango",13,"Huehuetenango",1,2123,400,,,,,,,,,,,,,,,,,,,,,,,,,,,,,,,,,,0,,,
14839,"Huehuetenango",13,"Huehuetenango",1,2123,400,56,45,48,9,11,21,2,5,2,5,2,6,7,3,3,0,2,0,4,0,231,18,4,253,0,253,--,400,147,231,253,253,Algún campo sin dato,1,aafad9ae9dd243404a162286094f1f82bde4fce98bf799014bf028a1a7bb3472,25/06/2023 23:55:35,ESCANER
14840,"Huehuetenango",13,"Huehuetenango",1,2123,400,60,48,44,7,10,20,3,5,4,5,7,12,4,1,1,2,1,1,6,2,243,19,1,263,1,264,--,400,137,243,263,264,Algún campo sin dato,1,b3a95296a6e596d1074631f8c42fe45a355fb05b4b97827fda8ae913e2432438,25/06/2023 23:51:59,ESCANER
14841,"Huehuetenango",13,"Huehuetenango",1,2123,400,54,61,55,3,5,29,2,8,6,2,6,5,4,0,2,3,1,0,1,2,249,14,2,265,0,265,--,397,131,249,265,265,Algún campo sin dato,1,bee51422c94d87c278719b8f0a40c2850be506956eae51a00f7c82c526980300,26/06/2023 00:19:32,ESCANER
14842,"Huehuetenango",13,"Huehuetenango",1,2123,400,,,,,,,,,,,,,,,,,,,,,,,,,,,,,,,,,,0,,,
14843,"Huehuetenango",13,"Huehuetenango",1,2123,400,42,57,47,3,5,31,1,6,1,2,7,4,2,1,2,0,0,1,0,2,214,15,1,230,0,230,1,400,170,214,230,230,,1,9ec3b93da28da5c29c504280d485b1128423b2a661585c959ebb89f7db36aab0,25/06/2023 23:42:24,ESCANER
14844,"Huehuetenango",13,"Huehuetenango",1,2123,400,,,,,,,,,,,,,,,,,,,,,,,,,,,,,,,,,,0,,,
14845,"Huehuetenango",13,"Huehuetenango",1,2123,400,,,,,,,,,,,,,,,,,,,,,,,,,,,,,,,,,,0,,,
14846,"Huehuetenango",13,"Huehuetenango",1,2123,400,,,,,,,,,,,,,,,,,,,,,,,,,,,,,,,,,,0,,,
14847,"Huehuetenango",13,"Huehuetenango",1,2124,400,,,,,,,,,,,,,,,,,,,,,,,,,,,,,,,,,,0,,,
14848,"Huehuetenango",13,"Huehuetenango",1,2124,400,42,53,47,3,7,25,1,8,3,1,4,1,3,1,3,2,1,0,0,1,206,17,2,225,1,207,--,403,177,206,225,226,Sumas Asentadas sin cuadrar,1,1d8688a21f55174acfc41ffdf9a1205284165a3ac160f54c8500512ebd0ba22d,25/06/2023 23:58:54,ESCANER
14849,"Huehuetenango",13,"Huehuetenango",1,2124,400,45,65,51,2,3,13,2,3,4,2,7,6,3,0,1,0,1,2,0,2,212,17,1,230,0,230,--,400,170,212,230,230,Algún campo sin dato,1,d7d6916557d49593e49841dbad0a551698a7d594c984d8c9e432da043326c866,25/06/2023 23:51:25,ESCANER
14850,"Huehuetenango",13,"Huehuetenango",1,2124,400,41,63,41,1,6,22,1,3,4,4,3,7,5,0,3,2,1,0,2,0,209,11,1,221,0,221,--,400,179,209,221,221,Algún campo sin dato,1,5458e19fbad4b10742c8d8eb2b4d559be2a3071c01683e2e84b13ea81641b6da,26/06/2023 00:24:56,ESCANER
14851,"Huehuetenango",13,"Huehuetenango",1,2124,400,,,,,,,,,,,,,,,,,,,,,,,,,,,,,,,,,,0,,,
14852,"Huehuetenango",13,"Huehuetenango",1,2124,400,,,,,,,,,,,,,,,,,,,,,,,,,,,,,,,,,,0,,,
14853,"Huehuetenango",13,"Huehuetenango",1,2124,254,26,43,31,3,6,11,0,3,0,0,10,3,4,3,2,0,1,0,0,2,148,9,0,157,0,157,--,--,--,148,157,157,Algún campo sin dato,1,63fd17d2b9f135f2961ed63c28eeda80707af009d5adaa0d3d4e5d55ba6a0858,25/06/2023 22:02:01,ESCANER
14854,"Huehuetenango",13,"Huehuetenango",1,2124,254,27,33,16,1,7,8,0,3,1,3,1,2,3,0,1,0,2,0,0,3,111,5,0,116,2,113,--,254,136,111,116,118,Sumas Asentadas sin cuadrar,1,a2650eced8c83fc5731d2c6eeaf0e8d57e7f0fa8cb056ca6801900f278698d38,25/06/2023 21:44:55,ESCANER
14855,"Huehuetenango",13,"Huehuetenango",1,2125,400,,,,,,,,,,,,,,,,,,,,,,,,,,,,,,,,,,0,,,
14856,"Huehuetenango",13,"Huehuetenango",1,2125,400,,,,,,,,,,,,,,,,,,,,,,,,,,,,,,,,,,0,,,
14857,"Huehuetenango",13,"Huehuetenango",1,2126,400,54,72,33,4,7,16,2,3,3,1,1,8,5,2,3,4,0,0,2,1,221,18,1,240,0,240,--,400,160,221,240,240,Algún campo sin dato,1,fba47eefad056f44c93490ed6819122b35370bf009daac9d7ea5ffb853e64bb6,25/06/2023 23:32:55,ESCANER
14858,"Huehuetenango",13,"Huehuetenango",1,2126,400,,,,,,,,,,,,,,,,,,,,,,,,,,,,,,,,,,0,,,
14859,"Huehuetenango",13,"Huehuetenango",1,2126,400,,,,,,,,,,,,,,,,,,,,,,,,,,,,,,,,,,0,,,
14860,"Huehuetenango",13,"Huehuetenango",1,2126,400,,,,,,,,,,,,,,,,,,,,,,,,,,,,,,,,,,0,,,
14861,"Huehuetenango",13,"Huehuetenango",1,2127,400,41,65,48,3,9,15,2,2,8,3,5,10,5,2,1,2,0,0,1,0,222,15,3,240,0,240,--,400,160,222,240,240,Algún campo sin dato,1,da56c2c0ba420ae4f3b60b6449442239a51fc21d7d7ae1b78a4a1ee156557cbc,26/06/2023 00:26:30,ESCANER
14862,"Huehuetenango",13,"Huehuetenango",1,2127,400,39,46,42,4,3,23,0,5,8,5,6,13,5,0,1,5,1,1,1,1,209,19,2,230,0,230,--,400,170,209,230,230,Algún campo sin dato,1,ab4661d453366144c1cd2f6b88c867a921012eccc76f42c242665c4942556064,26/06/2023 00:15:27,ESCANER
14863,"Huehuetenango",13,"Huehuetenango",1,2127,400,,,,,,,,,,,,,,,,,,,,,,,,,,,,,,,,,,0,,,
14864,"Huehuetenango",13,"Huehuetenango",1,2127,400,,,,,,,,,,,,,,,,,,,,,,,,,,,,,,,,,,0,,,
14865,"Huehuetenango",13,"Huehuetenango",1,2127,390,,,,,,,,,,,,,,,,,,,,,,,,,,,,,,,,,,0,,,
14866,"Huehuetenango",13,"Huehuetenango",1,2127,390,,,,,,,,,,,,,,,,,,,,,,,,,,,,,,,,,,0,,,
14867,"Huehuetenango",13,"Huehuetenango",1,2128,400,,,,,,,,,,,,,,,,,,,,,,,,,,,,,,,,,,0,,,
14868,"Huehuetenango",13,"Huehuetenango",1,2128,400,46,80,49,18,4,12,1,1,4,4,3,3,6,1,6,1,2,0,0,1,242,12,4,258,0,258,--,--,--,242,258,258,Algún campo sin dato,1,b214ab2eaae6fc90ef88cb3e0627d5859a7bf138fdafaf96560d03e6abb0e2d0,25/06/2023 23:43:46,ESCANER
14869,"Huehuetenango",13,"Huehuetenango",1,2128,400,,,,,,,,,,,,,,,,,,,,,,,,,,,,,,,,,,0,,,
14870,"Huehuetenango",13,"Huehuetenango",1,2128,400,,,,,,,,,,,,,,,,,,,,,,,,,,,,,,,,,,0,,,
14871,"Huehuetenango",13,"Huehuetenango",1,2128,400,,,,,,,,,,,,,,,,,,,,,,,,,,,,,,,,,,0,,,
14872,"Huehuetenango",13,"Huehuetenango",1,2128,205,20,32,26,7,1,6,1,0,2,0,1,1,3,2,1,0,2,0,1,2,108,6,1,115,0,115,--,205,90,108,115,115,Algún campo sin dato,1,13bc9749bd75f475f055cbfbb879cad577c5fe14c7f68bc6cc20d620f3f7682e,25/06/2023 23:11:03,ESCANER
14873,"Huehuetenango",13,"Huehuetenango",1,2128,204,13,32,29,7,3,5,0,4,0,0,2,2,0,1,0,0,3,0,1,0,102,8,0,110,0,111,1,204,93,102,110,110,Sumas Asentadas sin cuadrar,1,93a93cdabc5787e1de931b3e4e8891f4c08fdfdb6a6d3524d50b137dfaea4d6d,25/06/2023 21:57:18,ESCANER
14874,"Huehuetenango",13,"Huehuetenango",1,2129,400,,,,,,,,,,,,,,,,,,,,,,,,,,,,,,,,,,0,,,
14875,"Huehuetenango",13,"Huehuetenango",1,2129,400,41,58,62,1,2,27,1,0,2,12,0,2,7,0,3,1,1,1,2,1,224,27,4,255,0,255,--,400,145,224,255,255,Algún campo sin dato,1,28027e6e374a4a85df4f0417391ab97b043037a480499cc8e356cc318c1b2e65,25/06/2023 23:48:22,ESCANER
14876,"Huehuetenango",13,"Huehuetenango",1,2129,400,,,,,,,,,,,,,,,,,,,,,,,,,,,,,,,,,,0,,,
14877,"Huehuetenango",13,"Huehuetenango",1,2129,400,,,,,,,,,,,,,,,,,,,,,,,,,,,,,,,,,,0,,,
14878,"Huehuetenango",13,"Huehuetenango",1,2129,400,,,,,,,,,,,,,,,,,,,,,,,,,,,,,,,,,,0,,,
14879,"Huehuetenango",13,"Huehuetenango",1,2129,400,,,,,,,,,,,,,,,,,,,,,,,,,,,,,,,,,,0,,,
14880,"Huehuetenango",13,"Huehuetenango",1,2129,400,,,,,,,,,,,,,,,,,,,,,,,,,,,,,,,,,,0,,,
14881,"Huehuetenango",13,"Huehuetenango",1,2129,400,,,,,,,,,,,,,,,,,,,,,,,,,,,,,,,,,,0,,,
14882,"Huehuetenango",13,"Huehuetenango",1,2130,400,,,,,,,,,,,,,,,,,,,,,,,,,,,,,,,,,,0,,,
14883,"Huehuetenango",13,"Huehuetenango",1,2130,400,32,49,50,6,1,14,2,7,1,7,2,4,2,1,0,1,0,1,0,0,180,9,0,189,0,189,--,400,208,180,189,189,Algún campo sin dato,1,8bbdd87a992ee9bb848bdcf9618423af1e3d4cc9d2e7aa00346167543265b086,25/06/2023 23:39:50,ESCANER
14884,"Huehuetenango",13,"Huehuetenango",1,2130,252,26,29,31,2,1,6,1,1,1,4,0,2,2,2,1,2,1,0,1,0,113,1,0,114,0,114,--,252,138,113,114,114,Algún campo sin dato,1,07f5080ee22e25f560c70afef6c5f2cbb09f5809ccacddaa0f6142f834750fb3,25/06/2023 21:23:56,ESCANER
14885,"Huehuetenango",13,"Huehuetenango",1,2130,251,22,35,22,2,2,7,2,2,0,2,1,2,4,2,1,0,0,1,0,1,108,4,0,112,0,112,--,251,139,108,112,112,Algún campo sin dato,1,b59af2a3ad99536e2baed8c59652cee1ca738085b3f792baa773dd3046e32fbf,25/06/2023 22:22:56,ESCANER
14886,"Huehuetenango",13,"Huehuetenango",1,2131,400,55,63,44,7,5,23,2,6,11,0,6,9,4,0,3,5,0,0,5,2,250,18,4,272,0,272,--,400,128,250,272,272,Algún campo sin dato,1,3f720d5bdebc71fc4530a9e17a751686270288bc75c92bbf6392c5f0c01ace48,26/06/2023 00:08:23,ESCANER
14887,"Huehuetenango",13,"Huehuetenango",1,2131,400,,,,,,,,,,,,,,,,,,,,,,,,,,,,,,,,,,0,,,
14888,"Huehuetenango",13,"Huehuetenango",1,2131,400,,,,,,,,,,,,,,,,,,,,,,,,,,,,,,,,,,0,,,
14889,"Huehuetenango",13,"Huehuetenango",1,2131,400,,,,,,,,,,,,,,,,,,,,,,,,,,,,,,,,,,0,,,
14890,"Huehuetenango",13,"Huehuetenango",1,2131,400,58,74,47,6,1,18,6,2,6,2,1,10,4,0,2,2,1,0,5,1,246,15,3,264,0,264,--,400,136,246,264,264,Algún campo sin dato,1,c8a3cf05158ccd2f651135246c1d27ad8bb5e1b5b1ef7779ff7969ec140a2141,26/06/2023 00:02:53,ESCANER
14891,"Huehuetenango",13,"Huehuetenango",1,2131,400,,,,,,,,,,,,,,,,,,,,,,,,,,,,,,,,,,0,,,
14892,"Huehuetenango",13,"Huehuetenango",1,2131,400,,,,,,,,,,,,,,,,,,,,,,,,,,,,,,,,,,0,,,
14893,"Huehuetenango",13,"Huehuetenango",1,2131,400,,,,,,,,,,,,,,,,,,,,,,,,,,,,,,,,,,0,,,
14894,"Huehuetenango",13,"Huehuetenango",1,2131,400,,,,,,,,,,,,,,,,,,,,,,,,,,,,,,,,,,0,,,
14895,"Huehuetenango",13,"Huehuetenango",1,2131,252,32,33,27,1,2,7,2,4,2,2,1,3,1,1,1,0,1,0,4,1,125,9,0,134,0,134,--,252,118,125,134,134,Algún campo sin dato,1,a58f6c01da76835251c3691dd24b760829589eecc5b227fcad5c828caa6ef932,25/06/2023 23:20:05,ESCANER
14896,"Huehuetenango",13,"Huehuetenango",1,2131,251,32,41,30,2,3,8,2,2,2,2,0,5,2,1,0,1,0,1,3,0,137,11,1,149,0,149,--,251,102,137,149,149,Algún campo sin dato,1,b714ede156645685a53c688706c47cd1d0dbe04cfed2b2896edef07fa465f0f3,26/06/2023 00:19:46,ESCANER
14897,"Huehuetenango",13,"Huehuetenango",1,2132,400,,,,,,,,,,,,,,,,,,,,,,,,,,,,,,,,,,0,,,
14898,"Huehuetenango",13,"Huehuetenango",1,2132,400,,,,,,,,,,,,,,,,,,,,,,,,,,,,,,,,,,0,,,
14899,"Huehuetenango",13,"Huehuetenango",1,2132,400,29,54,31,0,2,64,5,6,9,2,7,1,11,0,0,0,0,0,1,1,223,13,3,239,0,239,--,400,161,223,239,239,Algún campo sin dato,1,60cd5184019c2bf2ea49e643ce6334dfddf1a0cba758944d3cd569c250889c9b,26/06/2023 00:13:00,ESCANER
14900,"Huehuetenango",13,"Huehuetenango",1,2132,400,,,,,,,,,,,,,,,,,,,,,,,,,,,,,,,,,,0,,,
14901,"Huehuetenango",13,"Huehuetenango",1,2132,400,35,38,27,4,0,57,7,6,3,2,6,1,10,1,0,0,0,0,0,1,198,13,3,214,0,214,--,401,187,198,214,214,Algún campo sin dato,1,ddc552d8163b0befc95f28197f36fb03dbd0592124faa78541da126f2374a6a3,26/06/2023 00:17:25,ESCANER
14902,"Huehuetenango",13,"Huehuetenango",1,2132,248,20,19,7,2,2,31,0,2,5,1,2,0,1,0,0,1,0,1,0,0,94,6,0,100,0,100,--,248,148,94,100,100,Algún campo sin dato,1,1d9e84ac4ce24316bc80828a077ada3bd746473de306084966b3c087cef6a19d,25/06/2023 23:38:26,ESCANER
14903,"Huehuetenango",13,"Huehuetenango",1,2132,247,17,17,13,5,0,36,1,2,1,1,4,2,1,1,1,0,0,0,0,1,103,3,1,107,0,107,--,247,140,103,107,107,Algún campo sin dato,1,abf1c290cd5d731425688472dd40d7acd375d3a8876faf4ce96751c495ef67ae,25/06/2023 23:04:01,ESCANER
14904,"Huehuetenango",13,"Huehuetenango",1,2133,400,39,43,28,7,5,47,1,1,39,3,2,1,3,1,5,3,1,1,2,0,232,10,2,244,0,244,--,400,156,232,244,244,Algún campo sin dato,1,7ccaa9232fd1400414b2087eafa5f24f4f42376a38829bd971635d694943ae93,25/06/2023 23:55:41,ESCANER
14905,"Huehuetenango",13,"Huehuetenango",1,2133,400,37,56,35,1,5,36,3,1,47,9,4,5,0,0,4,3,0,1,0,2,249,16,3,268,0,268,--,400,132,249,268,268,Algún campo sin dato,1,4032e2567d0bdfd38ea4d38252c34b26e1631058508e85660e5103933d07a81f,26/06/2023 00:10:37,ESCANER
14906,"Huehuetenango",13,"Huehuetenango",1,2133,400,,,,,,,,,,,,,,,,,,,,,,,,,,,,,,,,,,0,,,
14907,"Huehuetenango",13,"Huehuetenango",1,2133,400,,,,,,,,,,,,,,,,,,,,,,,,,,,,,,,,,,0,,,
14908,"Huehuetenango",13,"Huehuetenango",1,2133,400,,,,,,,,,,,,,,,,,,,,,,,,,,,,,,,,,,0,,,
14909,"Huehuetenango",13,"Huehuetenango",1,2133,400,30,66,29,3,4,39,0,2,28,1,4,2,7,0,3,0,1,0,1,0,220,17,3,240,0,240,--,400,160,220,240,240,Algún campo sin dato,1,352e31fe3434e2e198d5503e35d3fcc1d70dfe5d32339117157ed9cea691df73,25/06/2023 23:14:25,ESCANER
14910,"Huehuetenango",13,"Huehuetenango",1,2133,400,,,,,,,,,,,,,,,,,,,,,,,,,,,,,,,,,,0,,,
14911,"Huehuetenango",13,"Huehuetenango",1,2133,400,,,,,,,,,,,,,,,,,,,,,,,,,,,,,,,,,,0,,,
14912,"Huehuetenango",13,"Huehuetenango",1,2134,400,,,,,,,,,,,,,,,,,,,,,,,,,,,,,,,,,,0,,,
14913,"Huehuetenango",13,"Huehuetenango",1,2134,400,,,,,,,,,,,,,,,,,,,,,,,,,,,,,,,,,,0,,,
14914,"Huehuetenango",13,"Huehuetenango",1,2134,384,,,,,,,,,,,,,,,,,,,,,,,,,,,,,,,,,,0,,,
14915,"Huehuetenango",13,"Huehuetenango",1,2134,383,,,,,,,,,,,,,,,,,,,,,,,,,,,,,,,,,,0,,,
14916,"Huehuetenango",13,"Huehuetenango",1,2135,380,,,,,,,,,,,,,,,,,,,,,,,,,,,,,,,,,,0,,,
14917,"Huehuetenango",13,"Huehuetenango",1,2135,380,17,41,12,2,2,153,0,0,8,2,1,0,1,2,4,1,0,1,0,0,247,18,5,270,0,270,--,380,110,247,270,270,Algún campo sin dato,1,490b150187e29a65fe532ae1e857ecb538ab1d738498949090ce20e9288f7e9c,25/06/2023 23:43:42,ESCANER
14918,"Huehuetenango",13,"Huehuetenango",1,2135,380,18,40,19,1,1,147,2,0,5,0,3,2,0,0,2,2,0,0,0,2,244,13,4,261,0,261,--,380,119,244,261,261,Algún campo sin dato,1,f50b274f863e71782a1f2c682436ee7e2214367f7f645708f6bee9f68091af4c,25/06/2023 23:06:23,ESCANER
14919,"Huehuetenango",13,"Huehuetenango",1,2135,380,,,,,,,,,,,,,,,,,,,,,,,,,,,,,,,,,,0,,,
14920,"Huehuetenango",13,"Huehuetenango",1,2135,380,20,36,12,2,0,138,2,1,9,1,2,0,0,1,1,0,1,0,0,1,227,9,0,236,0,236,--,380,144,227,236,236,Algún campo sin dato,1,82a070cb67dbde05cdfc3d922d99538e4dde08d388fd26244d88b02b6f7da245,26/06/2023 00:07:40,ESCANER
14921,"Huehuetenango",13,"Huehuetenango",1,2135,380,,,,,,,,,,,,,,,,,,,,,,,,,,,,,,,,,,0,,,
14922,"Huehuetenango",13,"Huehuetenango",1,2135,235,11,28,4,1,2,69,1,2,4,0,0,0,0,1,1,0,0,1,1,1,126,3,0,129,0,129,--,235,106,127,130,130,Sumas Asentadas sin cuadrar,1,c77364d75f4efaaebc7374baf42cd546014a57ddefcc8c03b0a84e5c7d59c4ba,26/06/2023 00:14:54,ESCANER
14923,"Huehuetenango",13,"Huehuetenango",1,2135,235,5,23,8,0,0,73,0,0,5,1,1,2,2,1,1,0,0,0,0,0,122,3,0,125,0,125,--,235,110,122,125,125,Algún campo sin dato,1,9fc1cf3d85406576e3cf19abad66b769dadea97827612028ca368020f528113f,25/06/2023 23:32:52,ESCANER
14924,"Huehuetenango",13,"Huehuetenango",1,2136,380,53,48,45,3,3,24,4,0,11,4,5,1,2,0,1,3,1,1,1,0,210,12,6,228,0,228,--,380,152,210,228,228,Algún campo sin dato,1,f455902ed41606be1283abadd9bc7ac53818b26ae1a3dbe8f208df8ea2b53275,26/06/2023 00:00:08,ESCANER
14925,"Huehuetenango",13,"Huehuetenango",1,2136,285,32,33,33,2,1,5,4,1,14,4,5,0,2,0,0,1,2,0,1,1,141,10,2,153,0,153,--,285,132,141,153,153,Algún campo sin dato,1,5ff99aa43d399266f8d960cca24b6f8d62ceef198bbb99555735757a7cb346ad,25/06/2023 23:32:58,ESCANER
14926,"Huehuetenango",13,"Huehuetenango",1,2136,284,26,37,19,0,0,8,1,1,10,0,2,2,1,1,0,0,1,0,0,1,110,5,2,117,0,117,--,284,167,110,117,117,Algún campo sin dato,1,124c5a5c0a6ec48a153bb6103bc1cbffe6a71bfd427a1a188e4c24d51f45df4a,25/06/2023 23:20:56,ESCANER
14927,"Huehuetenango",13,"Huehuetenango",1,2137,380,,,,,,,,,,,,,,,,,,,,,,,,,,,,,,,,,,0,,,
14928,"Huehuetenango",13,"Huehuetenango",1,2137,380,,,,,,,,,,,,,,,,,,,,,,,,,,,,,,,,,,0,,,
14929,"Huehuetenango",13,"Huehuetenango",1,2137,380,61,50,42,6,1,24,6,4,5,6,1,4,13,1,2,0,0,0,1,0,227,17,3,247,0,247,--,380,133,227,247,247,Algún campo sin dato,1,858c250e22718aeccda0ce1dc314dffab8fe9f7a002a421bbc3d3ff93accbc8a,25/06/2023 23:21:09,ESCANER
14930,"Huehuetenango",13,"Huehuetenango",1,2137,380,56,54,39,4,2,25,5,4,8,2,4,4,22,0,2,1,2,0,2,1,237,18,2,257,0,257,--,380,120,237,257,257,Algún campo sin dato,1,5105690b40e57e531dda47b8a8b12291686d6c795dfc2c14f263810f0e54482c,26/06/2023 00:01:40,ESCANER
14931,"Huehuetenango",13,"Huehuetenango",1,2137,380,52,49,31,4,1,26,3,2,8,2,2,1,16,1,0,0,1,0,1,0,200,13,0,213,0,213,--,380,167,200,213,213,Algún campo sin dato,1,528b5be2bc3ba76c68428be5fa92d99267051d30c7e2c4885ce026c07c7c65b9,26/06/2023 00:04:38,ESCANER
14932,"Huehuetenango",13,"Huehuetenango",1,2137,380,44,44,45,4,5,24,6,1,14,2,2,3,10,3,1,1,3,0,1,0,213,10,3,226,0,226,--,371,145,213,226,226,Algún campo sin dato,1,e9af5077918d7ba6e6ab73e3d21b9537b3a15465fadc62f31cac3f77af24428d,25/06/2023 23:26:00,ESCANER
14933,"Huehuetenango",13,"Huehuetenango",1,2137,380,60,52,39,2,1,15,5,8,5,0,4,5,22,2,0,1,0,0,2,0,223,11,2,236,0,236,--,380,143,223,236,236,Algún campo sin dato,1,9556bed7119eb27262d242382c6b32c50026bb09869c9b77f8fb06e137b3001f,25/06/2023 23:34:27,ESCANER
14934,"Huehuetenango",13,"Huehuetenango",1,2137,380,,,,,,,,,,,,,,,,,,,,,,,,,,,,,,,,,,0,,,
14935,"Huehuetenango",13,"Huehuetenango",1,2137,380,,,,,,,,,,,,,,,,,,,,,,,,,,,,,,,,,,0,,,
14936,"Huehuetenango",13,"Huehuetenango",1,2137,380,,,,,,,,,,,,,,,,,,,,,,,,,,,,,,,,,,0,,,
14937,"Huehuetenango",13,"Huehuetenango",1,2137,380,,,,,,,,,,,,,,,,,,,,,,,,,,,,,,,,,,0,,,
14938,"Huehuetenango",13,"Huehuetenango",1,2137,255,24,28,14,3,0,10,1,3,3,0,2,0,8,0,1,0,1,0,1,2,101,4,1,106,0,106,--,255,149,101,106,106,Algún campo sin dato,1,30f5fa023abae48b0d39db4624d6f843ea9c649d2d781516f2cfdb18a5300c7e,25/06/2023 22:44:29,ESCANER
14939,"Huehuetenango",13,"Huehuetenango",1,2137,254,21,33,18,4,1,16,5,0,4,2,2,5,6,1,0,0,0,0,0,1,119,2,1,122,0,122,--,254,132,119,122,122,Algún campo sin dato,1,32abe374990824abed5e0fdebed4545567326c8e2f2159bdbb5dd58ee535adf8,25/06/2023 22:10:50,ESCANER
14940,"Huehuetenango",13,"Huehuetenango",1,2138,380,54,41,28,2,3,23,1,2,5,7,10,1,3,1,2,1,0,0,0,0,184,26,6,216,0,216,--,380,164,184,216,216,Algún campo sin dato,1,120d3e48c2c17663798d6264d9321d1d7ae157ff410d86d8a0df3580bab30b72,25/06/2023 23:27:41,ESCANER
14941,"Huehuetenango",13,"Huehuetenango",1,2138,380,66,33,23,3,2,22,0,1,2,6,5,1,6,1,2,2,0,2,0,0,177,21,9,207,0,207,--,380,173,177,207,207,Algún campo sin dato,1,21d70341a75eb64bfc03fd3a70203726fa102ee11c6ff1a02ae8e53b956389f7,26/06/2023 00:06:19,ESCANER
14942,"Huehuetenango",13,"Huehuetenango",1,2138,380,,,,,,,,,,,,,,,,,,,,,,,,,,,,,,,,,,0,,,
14943,"Huehuetenango",13,"Huehuetenango",1,2138,380,,,,,,,,,,,,,,,,,,,,,,,,,,,,,,,,,,0,,,
14944,"Huehuetenango",13,"Huehuetenango",1,2138,380,60,31,31,0,1,22,1,1,4,10,16,0,2,0,4,2,0,0,0,0,185,17,6,208,0,208,--,380,172,185,208,208,Algún campo sin dato,1,a7e483392deaf101cfc783fa257d7392124979150ec7f519a48da04bc07dc10d,25/06/2023 23:03:52,ESCANER
14945,"Huehuetenango",13,"Huehuetenango",1,2138,380,,,,,,,,,,,,,,,,,,,,,,,,,,,,,,,,,,0,,,
14946,"Huehuetenango",13,"Huehuetenango",1,2138,380,,,,,,,,,,,,,,,,,,,,,,,,,,,,,,,,,,0,,,
14947,"Huehuetenango",13,"Huehuetenango",1,2138,380,,,,,,,,,,,,,,,,,,,,,,,,,,,,,,,,,,0,,,
14948,"Huehuetenango",13,"Huehuetenango",1,2138,380,,,,,,,,,,,,,,,,,,,,,,,,,,,,,,,,,,0,,,
14949,"Huehuetenango",13,"Huehuetenango",1,2138,380,49,33,29,1,0,24,1,0,2,3,9,1,3,0,1,0,0,0,0,0,156,14,2,172,0,172,--,380,208,156,172,172,Algún campo sin dato,1,7a8b52f3b0d714bf4ce108e0ab178732d62a8edb72b3c45d740825eb466af7e4,25/06/2023 23:58:38,ESCANER
14950,"Huehuetenango",13,"Huehuetenango",1,2138,380,58,30,29,0,1,10,0,3,2,2,5,0,0,0,1,1,0,0,0,0,--,12,2,156,0,156,--,380,224,142,156,156,Algún campo sin dato,1,209d60e803a10ff8d8cd7a228faeda69f9f980ef123426dd679ef444050047be,26/06/2023 00:13:04,ESCANER
14951,"Huehuetenango",13,"Huehuetenango",1,2138,380,64,36,24,3,1,13,0,0,2,3,7,0,2,1,1,0,0,0,0,0,157,6,4,167,0,167,--,379,212,157,167,167,Algún campo sin dato,1,bfc3cfe75154c328598193e7e9f87f8fce434b139bd1a8629d36a8736e3e8375,26/06/2023 00:18:16,ESCANER
14952,"Huehuetenango",13,"Huehuetenango",1,2138,380,,,,,,,,,,,,,,,,,,,,,,,,,,,,,,,,,,0,,,
14953,"Huehuetenango",13,"Huehuetenango",1,2138,380,66,22,24,0,0,17,1,1,2,3,4,1,3,0,0,1,0,0,0,0,145,12,5,162,0,162,--,380,218,145,162,162,Algún campo sin dato,1,6b5798bfd593ae438798df9d7b1d5ea312944a5933a664f6886baa383256a51b,25/06/2023 23:44:30,ESCANER
14954,"Huehuetenango",13,"Huehuetenango",1,2139,380,,,,,,,,,,,,,,,,,,,,,,,,,,,,,,,,,,0,,,
14955,"Huehuetenango",13,"Huehuetenango",1,2139,380,,,,,,,,,,,,,,,,,,,,,,,,,,,,,,,,,,0,,,
14956,"Huehuetenango",13,"Huehuetenango",1,2139,276,45,28,15,1,1,9,0,2,1,1,5,1,1,0,1,0,0,1,0,1,113,4,0,117,0,117,--,276,159,113,117,117,Algún campo sin dato,1,42ea99003d4bd3f5b122f381c03caf53883634eb74a99a6e6e9dc5b78cb9b5b4,25/06/2023 22:13:39,ESCANER
14957,"Huehuetenango",13,"Huehuetenango",1,2139,275,38,11,19,1,0,6,2,0,0,0,5,3,2,1,1,0,0,0,0,0,89,6,1,96,0,96,--,272,176,89,96,96,Algún campo sin dato,1,70b6b78bef5a2a2731b89d16a4b7b2e50957e39e11a4f6c0ccb832ef5f17388a,25/06/2023 23:29:54,ESCANER
14958,"Huehuetenango",13,"Huehuetenango",1,2140,380,36,34,77,3,6,36,4,3,11,2,5,0,5,0,0,2,0,0,0,0,224,10,5,239,0,239,--,380,141,224,239,239,Algún campo sin dato,1,37365d01dff7c74ac791809454901a3dd6b10c1c2c6a956395202e64025f80e1,26/06/2023 00:01:47,ESCANER
14959,"Huehuetenango",13,"Huehuetenango",1,2140,380,46,38,64,1,4,34,3,2,9,6,9,3,0,1,1,0,0,0,1,0,222,15,5,242,0,242,--,380,138,222,242,242,Algún campo sin dato,1,ade26b88f41b8af0a80d1f51c45e1e33ea3e4e0cfa3fe01babb8164ab7cef09f,25/06/2023 22:48:34,ESCANER
14960,"Huehuetenango",13,"Huehuetenango",1,2140,380,42,41,74,0,3,28,1,3,10,6,13,2,4,1,0,3,0,0,0,2,233,9,5,247,0,247,--,380,133,233,247,247,Algún campo sin dato,1,9d619a0216ba4bd87eafe5a0c3d52ee9302484cf11f9c803961971047b3e01ae,25/06/2023 23:36:23,ESCANER
14961,"Huehuetenango",13,"Huehuetenango",1,2140,380,38,37,74,0,3,30,3,1,8,1,1,2,5,0,2,3,0,0,1,0,209,6,1,216,0,216,--,380,164,209,216,216,Algún campo sin dato,1,f54be12e9728d969b1d3548b4531d679a8f41563a6cb122694882c278d73b8bb,25/06/2023 22:55:21,ESCANER
14962,"Huehuetenango",13,"Huehuetenango",1,2140,380,43,32,77,1,4,31,0,1,5,5,3,0,5,0,0,0,0,0,0,0,207,9,1,217,0,217,--,380,163,207,217,217,Algún campo sin dato,1,ce2263a95c7182a66c940ed79cc6092ce7cbdcf275460af4e86ab9e6f0797d47,26/06/2023 00:20:07,ESCANER
14963,"Huehuetenango",13,"Huehuetenango",1,2140,380,31,39,74,1,0,28,2,2,4,5,3,1,4,1,0,2,0,0,0,0,197,9,7,213,0,213,--,380,167,197,213,213,Algún campo sin dato,1,d53bab736340ec8216b855b59a52c3ecbe38dab54e4621dffcfc62eb19716bcb,25/06/2023 23:54:56,ESCANER
14964,"Huehuetenango",13,"Huehuetenango",1,2141,380,,,,,,,,,,,,,,,,,,,,,,,,,,,,,,,,,,0,,,
14965,"Huehuetenango",13,"Huehuetenango",1,2141,264,18,34,32,1,1,16,1,1,4,1,1,0,3,1,0,1,1,0,0,0,116,6,0,122,0,122,--,264,142,116,122,122,Algún campo sin dato,1,85276e1e5f577de7c55f9b86f14ba2b5322f109a50a6f66904a8eff0011d9aa3,25/06/2023 23:26:23,ESCANER
14966,"Huehuetenango",13,"Huehuetenango",1,2141,264,13,23,31,3,0,13,2,0,8,0,3,2,1,0,0,0,0,0,0,1,100,2,1,103,0,103,--,264,161,100,103,103,Algún campo sin dato,1,772b911da2dd074fdc3ccb3175e0eb99214c0284fc5bbb4289c2779c80eed2d8,25/06/2023 23:32:28,ESCANER
14967,"Huehuetenango",13,"Huehuetenango",1,2142,380,,,,,,,,,,,,,,,,,,,,,,,,,,,,,,,,,,0,,,
14968,"Huehuetenango",13,"Huehuetenango",1,2142,380,,,,,,,,,,,,,,,,,,,,,,,,,,,,,,,,,,0,,,
14969,"Huehuetenango",13,"Huehuetenango",1,2142,380,41,26,13,0,0,15,5,0,7,14,12,0,1,0,1,0,0,0,0,0,135,21,7,163,0,163,--,380,217,135,163,163,Algún campo sin dato,1,56f8707df0297107a8b171ec6dcc381901ad5288e3f687c80f4b08e3195fb623,25/06/2023 22:53:38,ESCANER
14970,"Huehuetenango",13,"Huehuetenango",1,2142,318,26,19,14,0,1,12,4,0,10,8,5,0,1,0,0,1,0,0,0,1,102,13,4,119,0,119,--,315,196,102,119,119,Algún campo sin dato,1,546fef4762758626d9b2c10535ec1d55cba318505be74d06e1a08a0bcea0daf2,25/06/2023 23:54:56,ESCANER
14971,"Huehuetenango",13,"Huehuetenango",1,2142,317,40,18,8,0,2,14,3,1,14,7,9,1,0,0,0,1,0,0,0,1,119,7,3,129,0,129,--,317,188,119,129,129,Algún campo sin dato,1,3f6070b50318fcd55e489ef04cff6dc7d2d34450e96660568706f1b2de7c860a,25/06/2023 23:02:51,ESCANER
14972,"Huehuetenango",13,"Huehuetenango",1,2143,380,52,28,26,1,0,27,1,5,17,5,9,1,1,1,0,0,0,0,1,0,175,31,17,223,0,223,--,380,157,175,223,223,Algún campo sin dato,1,ac28e65bfd2008305a7ce651b952dc4452e13c05dd87ea9b16e2d5139fcb0f13,25/06/2023 23:01:11,ESCANER
14973,"Huehuetenango",13,"Huehuetenango",1,2143,241,29,17,13,0,2,19,0,4,10,5,7,0,1,1,0,0,0,0,1,0,109,12,3,124,0,124,--,241,117,109,124,124,Algún campo sin dato,1,55772157a832cfb30c552d6ff46338696d679e6dc283e234fe99f7af1a41f01c,25/06/2023 22:20:39,ESCANER
14974,"Huehuetenango",13,"Huehuetenango",1,2143,241,25,14,14,0,0,15,0,0,21,3,7,0,0,0,0,0,0,0,0,1,100,14,3,117,0,117,--,241,124,100,117,117,Algún campo sin dato,1,0059fb9cd32e1d2a0d334972f133b2a67f1a119dc2258369b107599295b55ebc,25/06/2023 21:55:31,ESCANER
14975,"Huehuetenango",13,"Huehuetenango",1,2144,600,,,,,,,,,,,,,,,,,,,,,,,,,,,,,,,,,,0,,,
14976,"Huehuetenango",13,"Huehuetenango",1,2144,600,,,,,,,,,,,,,,,,,,,,,,,,,,,,,,,,,,0,,,
14977,"Huehuetenango",13,"Huehuetenango",1,2144,600,50,49,27,3,7,23,3,2,3,5,3,8,6,1,0,1,0,0,1,0,192,20,2,214,1,215,1,600,385,192,214,215,,1,89e296b9a322e1de343ebdd927fb2b4cbe4974a6f7925c02e43e733d572e4416,26/06/2023 00:11:44,ESCANER
14978,"Huehuetenango",13,"Huehuetenango",1,2144,600,,,,,,,,,,,,,,,,,,,,,,,,,,,,,,,,,,0,,,
14979,"Huehuetenango",13,"Huehuetenango",1,2144,600,,,,,,,,,,,,,,,,,,,,,,,,,,,,,,,,,,0,,,
14980,"Huehuetenango",13,"Huehuetenango",1,2144,589,,,,,,,,,,,,,,,,,,,,,,,,,,,,,,,,,,0,,,
14981,"Huehuetenango",13,"Huehuetenango",1,2144,588,6,9,5,0,0,3,0,1,2,1,2,1,0,0,0,0,0,0,0,0,30,3,1,34,0,34,--,588,554,30,34,34,Algún campo sin dato,1,3098a88817325d19f0f296ce4d28770e8b62935db964901642b5f1eff3b3f2b5,25/06/2023 22:14:26,ESCANER