﻿TIPO_DE_ELECCIÓN:,CORPORACIÓN MUNICIPAL
26 junio 2023 00:28 (UTC -6)
ACTAS_ESPERADAS,ACTAS_CAPTURADAS,PORCENTAJE_ACTAS_CAPTURADAS,ACTAS_CONTABILIZADAS,PORCENTAJE_ACTAS_CONTABILIZADAS,ACTAS_NO_CONTABILIZADAS,LISTA_NOMINAL_ACTAS_CONTABILIZADAS,VOTOS_EMITIDOS_CONTABILIZADAS,PORCENTAJE_PARTICIPACIÓN_CIUDADANA
49,15,30.6122,15,30.6122,0,4765,3215,67.4711

MESA,DEPARTAMENTO,ID_DEPARTAMENTO,MUNICIPIO,ID_MUNICIPIO,CENTRO_DE_VOTACIÓN,PADRÓN,MLP,CABAL,CCC,EL CANTARO,VALOR,VAMOS,BIEN,CCM,VOS,UNE,VIVA,AZUL,VÁLIDOS,NULOS,BLANCO,EMITIDOS,INVÁLIDOS,TOTAL,IMPUGNACIONES,PAPELETAS-RECIBIDAS,PAPELETAS-NO-USADAS,VALIDOS_CALCULADO,EMITIDOS_CALCULADO,TOTAL_CALCULADO,OBSERVACIONES,CONTABILIZADA,CÓDIGO_INTEGRIDAD,FECHA_HORA_PUBLICACIÓN,DIGITALIZACIÓN
23349,"Jalapa",21,"San Luis Jilotepeque",3,3666,400,,,,,,,,,,,,,,,,,,,,,,,,,,0,,,
23350,"Jalapa",21,"San Luis Jilotepeque",3,3666,400,,,,,,,,,,,,,,,,,,,,,,,,,,0,,,
23351,"Jalapa",21,"San Luis Jilotepeque",3,3666,400,3,21,116,107,4,21,3,42,1,3,0,0,321,0,0,321,0,321,--,380,59,321,321,321,Algún campo sin dato,1,6bfec25ea1c8d74a913f3cdedec63792f9ba2754093be5f901b23e2b5a77c22c,26/06/2023 00:09:39,ESCANER
23352,"Jalapa",21,"San Luis Jilotepeque",3,3666,400,,,,,,,,,,,,,,,,,,,,,,,,,,0,,,
23353,"Jalapa",21,"San Luis Jilotepeque",3,3666,400,,,,,,,,,,,,,,,,,,,,,,,,,,0,,,
23354,"Jalapa",21,"San Luis Jilotepeque",3,3666,400,,,,,,,,,,,,,,,,,,,,,,,,,,0,,,
23355,"Jalapa",21,"San Luis Jilotepeque",3,3666,400,,,,,,,,,,,,,,,,,,,,,,,,,,0,,,
23356,"Jalapa",21,"San Luis Jilotepeque",3,3666,400,,,,,,,,,,,,,,,,,,,,,,,,,,0,,,
23357,"Jalapa",21,"San Luis Jilotepeque",3,3666,400,,,,,,,,,,,,,,,,,,,,,,,,,,0,,,
23358,"Jalapa",21,"San Luis Jilotepeque",3,3666,400,,,,,,,,,,,,,,,,,,,,,,,,,,0,,,
23359,"Jalapa",21,"San Luis Jilotepeque",3,3666,400,3,20,92,95,1,18,5,45,1,7,0,0,287,7,6,300,0,300,0,400,100,287,300,300,,1,6852bb3be957bf27f06b2bdf6721c43a8ca27e368ef59189c8c987c1951d2d69,26/06/2023 00:16:38,ESCANER
23360,"Jalapa",21,"San Luis Jilotepeque",3,3666,400,5,25,91,106,2,19,2,40,0,1,0,1,292,14,3,309,0,309,--,400,91,292,309,309,Algún campo sin dato,1,a3194a85eb5836df6e4c76c902e82099b7f731336aaa41e7a6d43172d8a37da8,26/06/2023 00:22:03,ESCANER
23361,"Jalapa",21,"San Luis Jilotepeque",3,3666,400,,,,,,,,,,,,,,,,,,,,,,,,,,0,,,
23362,"Jalapa",21,"San Luis Jilotepeque",3,3666,400,,,,,,,,,,,,,,,,,,,,,,,,,,0,,,
23363,"Jalapa",21,"San Luis Jilotepeque",3,3666,400,,,,,,,,,,,,,,,,,,,,,,,,,,0,,,
23364,"Jalapa",21,"San Luis Jilotepeque",3,3666,400,,,,,,,,,,,,,,,,,,,,,,,,,,0,,,
23365,"Jalapa",21,"San Luis Jilotepeque",3,3666,400,4,18,90,89,1,23,4,35,2,2,0,0,268,8,2,278,0,278,--,400,122,268,278,278,Algún campo sin dato,1,86a9065a9da7e034add48d578c5ff881c9b91d886af65efbf9d81e0841a71f05,25/06/2023 23:14:18,ESCANER
23366,"Jalapa",21,"San Luis Jilotepeque",3,3666,400,0,26,104,91,1,21,1,34,4,5,0,0,287,3,0,290,0,290,--,400,110,287,290,290,Algún campo sin dato,1,8c565ceb14e7102b60f5ea0c68dfdf6838d79f35aa384aaa2e3b3fb15c035984,26/06/2023 00:04:49,ESCANER
23367,"Jalapa",21,"San Luis Jilotepeque",3,3666,400,11,20,71,83,9,14,7,36,3,6,3,0,263,3,2,268,0,268,--,400,132,263,268,268,Algún campo sin dato,1,17fa99099856a0ac4ff6531d1675a3979c374089422d68de729860719889b1a3,25/06/2023 23:51:17,ESCANER
23368,"Jalapa",21,"San Luis Jilotepeque",3,3666,400,,,,,,,,,,,,,,,,,,,,,,,,,,0,,,
23369,"Jalapa",21,"San Luis Jilotepeque",3,3667,400,,,,,,,,,,,,,,,,,,,,,,,,,,0,,,
23370,"Jalapa",21,"San Luis Jilotepeque",3,3667,358,,,,,,,,,,,,,,,,,,,,,,,,,,0,,,
23371,"Jalapa",21,"San Luis Jilotepeque",3,3667,358,1,19,80,66,4,8,2,22,1,1,0,0,204,6,2,212,0,212,--,358,146,204,212,212,Algún campo sin dato,1,309e1cb67680254021d8137bc39ab019ff7a9dc1fdb27bf94ff02137271abfc2,25/06/2023 23:45:19,ESCANER
23372,"Jalapa",21,"San Luis Jilotepeque",3,3668,400,,,,,,,,,,,,,,,,,,,,,,,,,,0,,,
23373,"Jalapa",21,"San Luis Jilotepeque",3,3668,236,0,10,42,33,2,17,4,42,0,7,1,0,158,7,0,165,0,165,--,236,71,158,165,165,Algún campo sin dato,1,aefc12f6087eb2da517feff308b3e953985d0d8c2ba21fde780ecb87c69a7b42,25/06/2023 23:44:19,ESCANER
23374,"Jalapa",21,"San Luis Jilotepeque",3,3669,236,,,,,,,,,,,,,,,,,,,,,,,,,,0,,,
23375,"Jalapa",21,"San Luis Jilotepeque",3,3670,400,,,,,,,,,,,,,,,,,,,,,,,,,,0,,,
23376,"Jalapa",21,"San Luis Jilotepeque",3,3670,400,,,,,,,,,,,,,,,,,,,,,,,,,,0,,,
23377,"Jalapa",21,"San Luis Jilotepeque",3,3670,297,11,19,50,39,10,19,1,29,0,3,2,0,183,8,1,192,0,192,--,297,105,183,192,192,Algún campo sin dato,1,f3e5cfc7f309458b6e216aadf2ec9e8716270fad84f281d7a5ffcbc3d4804309,25/06/2023 23:59:48,ESCANER
23378,"Jalapa",21,"San Luis Jilotepeque",3,3670,297,,,,,,,,,,,,,,,,,,,,,,,,,,0,,,
23379,"Jalapa",21,"San Luis Jilotepeque",3,3671,283,2,24,48,28,5,17,4,39,3,8,2,--,180,12,6,198,0,198,--,283,85,180,198,198,Algún campo sin dato,1,9819663f4733d28a1116f31b9fbe0bc40bffda75cfd11c6bfb08fa8fc38f2152,25/06/2023 22:57:01,ESCANER
23380,"Jalapa",21,"San Luis Jilotepeque",3,3671,283,,,,,,,,,,,,,,,,,,,,,,,,,,0,,,
23381,"Jalapa",21,"San Luis Jilotepeque",3,3672,380,,,,,,,,,,,,,,,,,,,,,,,,,,0,,,
23382,"Jalapa",21,"San Luis Jilotepeque",3,3672,380,,,,,,,,,,,,,,,,,,,,,,,,,,0,,,
23383,"Jalapa",21,"San Luis Jilotepeque",3,3672,380,,,,,,,,,,,,,,,,,,,,,,,,,,0,,,
23384,"Jalapa",21,"San Luis Jilotepeque",3,3672,380,,,,,,,,,,,,,,,,,,,,,,,,,,0,,,
23385,"Jalapa",21,"San Luis Jilotepeque",3,3672,380,,,,,,,,,,,,,,,,,,,,,,,,,,0,,,
23386,"Jalapa",21,"San Luis Jilotepeque",3,3673,200,22,15,13,6,3,15,0,32,1,2,0,0,109,7,0,116,0,116,--,200,84,109,116,116,Algún campo sin dato,1,a052cb89d67ed0378e2e010a621acafcdf38f3f556a6d4138e880e46d1f5efd9,25/06/2023 22:54:33,ESCANER
23387,"Jalapa",21,"San Luis Jilotepeque",3,3673,199,12,6,20,12,4,7,0,31,1,1,0,0,94,7,0,101,0,101,--,199,98,94,101,101,Algún campo sin dato,1,b929b88b94838bd54240b2be654aaaebd53960a52dd04c94828284a3a91a0c23,25/06/2023 23:43:00,ESCANER
23388,"Jalapa",21,"San Luis Jilotepeque",3,3674,380,,,,,,,,,,,,,,,,,,,,,,,,,,0,,,
23389,"Jalapa",21,"San Luis Jilotepeque",3,3674,380,,,,,,,,,,,,,,,,,,,,,,,,,,0,,,
23390,"Jalapa",21,"San Luis Jilotepeque",3,3674,380,,,,,,,,,,,,,,,,,,,,,,,,,,0,,,
23391,"Jalapa",21,"San Luis Jilotepeque",3,3674,320,,,,,,,,,,,,,,,,,,,,,,,,,,0,,,
23392,"Jalapa",21,"San Luis Jilotepeque",3,3674,319,1,23,25,25,3,51,2,35,0,7,0,0,172,3,0,175,0,175,--,319,144,172,175,175,Algún campo sin dato,1,04c38bf20285caee7b5848047a8959f4f22dad983ffd2d84160e5dccf8276ef1,26/06/2023 00:10:58,ESCANER
23393,"Jalapa",21,"San Luis Jilotepeque",3,3675,380,,,,,,,,,,,,,,,,,,,,,,,,,,0,,,
23394,"Jalapa",21,"San Luis Jilotepeque",3,3675,237,0,15,8,17,2,40,0,44,0,8,1,0,135,20,1,156,0,156,--,237,81,135,156,156,Algún campo sin dato,1,41e63b1c6d7ec03bfbb9e885a501fa2a455d49ec3a8c4847bc1afc45d1de0e52,25/06/2023 23:34:59,ESCANER
23395,"Jalapa",21,"San Luis Jilotepeque",3,3675,236,0,18,9,18,3,26,0,50,0,4,1,0,129,5,0,134,0,134,--,236,102,129,134,134,Algún campo sin dato,1,7e7c0540c052da89c492d010289f66562eace679ea6139986d99fc6a7cbfee4a,25/06/2023 23:22:52,ESCANER
23396,"Jalapa",21,"San Luis Jilotepeque",3,3676,509,,,,,,,,,,,,,,,,,,,,,,,,,,0,,,
23397,"Jalapa",21,"San Luis Jilotepeque",3,3676,508,,,,,,,,,,,,,,,,,,,,,,,,,,0,,,