﻿TIPO_DE_ELECCIÓN:,CORPORACIÓN MUNICIPAL
26 junio 2023 00:28 (UTC -6)
ACTAS_ESPERADAS,ACTAS_CAPTURADAS,PORCENTAJE_ACTAS_CAPTURADAS,ACTAS_CONTABILIZADAS,PORCENTAJE_ACTAS_CONTABILIZADAS,ACTAS_NO_CONTABILIZADAS,LISTA_NOMINAL_ACTAS_CONTABILIZADAS,VOTOS_EMITIDOS_CONTABILIZADAS,PORCENTAJE_PARTICIPACIÓN_CIUDADANA
58,39,67.2413,39,67.2413,0,13981,7743,55.3823

MESA,DEPARTAMENTO,ID_DEPARTAMENTO,MUNICIPIO,ID_MUNICIPIO,CENTRO_DE_VOTACIÓN,PADRÓN,VAMOS,CABAL,TODOS,PPN,VICTORIA,PHG,UNE,U R N G - MAIZ,VALOR,BIEN,PODEMOS,PR,VÁLIDOS,NULOS,BLANCO,EMITIDOS,INVÁLIDOS,TOTAL,IMPUGNACIONES,PAPELETAS-RECIBIDAS,PAPELETAS-NO-USADAS,VALIDOS_CALCULADO,EMITIDOS_CALCULADO,TOTAL_CALCULADO,OBSERVACIONES,CONTABILIZADA,CÓDIGO_INTEGRIDAD,FECHA_HORA_PUBLICACIÓN,DIGITALIZACIÓN
15852,"Huehuetenango",13,"Todos Santos Cuchumatán",15,2317,400,72,15,2,147,4,0,2,2,0,0,0,0,244,22,6,272,0,272,--,400,128,244,272,272,Algún campo sin dato,1,d66f95601acd6f396f69b31bf73dea61004051ec41883d5fa77d716e9c92ee2d,25/06/2023 23:42:21,ESCANER
15853,"Huehuetenango",13,"Todos Santos Cuchumatán",15,2317,400,93,29,5,138,0,1,2,1,2,0,0,0,271,13,11,295,0,295,--,397,102,271,295,295,Algún campo sin dato,1,934b287117b1f11c6dc8885ab4c19919118dae17e2d02c94ad7b6dd7dc0b5a00,26/06/2023 00:01:32,ESCANER
15854,"Huehuetenango",13,"Todos Santos Cuchumatán",15,2317,400,,,,,,,,,,,,,,,,,,,,,,,,,,0,,,
15855,"Huehuetenango",13,"Todos Santos Cuchumatán",15,2317,400,51,17,5,122,0,0,0,2,1,0,0,0,198,7,2,207,0,207,--,400,193,198,207,207,Algún campo sin dato,1,e5e81ee8c5697e752c3463a10268b3effea1216831cfffc36d53e00860d73bc3,26/06/2023 00:09:48,ESCANER
15856,"Huehuetenango",13,"Todos Santos Cuchumatán",15,2317,400,57,19,3,116,1,0,2,2,0,0,0,0,200,3,2,205,0,205,--,400,195,200,205,205,Algún campo sin dato,1,fbdf28445ded3bd98dbf1b54c15288b40e87f55ba8b444a88ad4553b790ca8a0,26/06/2023 00:15:21,ESCANER
15857,"Huehuetenango",13,"Todos Santos Cuchumatán",15,2317,216,33,11,0,91,0,0,0,0,0,0,0,0,135,1,1,137,0,137,--,216,79,135,137,137,Algún campo sin dato,1,4854becbc707e7ebc551acd5727caa327973d71f53f7fe7b71681eeab10c854b,25/06/2023 21:15:21,ESCANER
15858,"Huehuetenango",13,"Todos Santos Cuchumatán",15,2317,215,20,5,2,57,1,0,0,0,0,0,0,0,85,0,0,85,0,85,--,215,130,85,85,85,Algún campo sin dato,1,be951fa05726aaa2d6eed628c71a9cf82c33a7fd25648b99b849b83e3aff1f76,25/06/2023 22:09:55,ESCANER
15859,"Huehuetenango",13,"Todos Santos Cuchumatán",15,2318,400,53,26,7,138,1,1,0,4,1,3,1,0,235,17,7,259,0,259,--,400,141,235,259,259,Algún campo sin dato,1,2c653f659b0d6df014272f67c298a0ba45d6f46f4ebfa6ccf6c18b50acb8dd8a,25/06/2023 23:17:35,ESCANER
15860,"Huehuetenango",13,"Todos Santos Cuchumatán",15,2318,400,77,17,4,168,0,0,4,4,0,1,1,0,276,15,7,298,0,298,--,400,102,276,298,298,Algún campo sin dato,1,c864f06426cd204adcc15860278c5b5120bc5cc78c3b5a5b9496e0f95bc4dd9e,25/06/2023 23:33:17,ESCANER
15861,"Huehuetenango",13,"Todos Santos Cuchumatán",15,2318,400,,,,,,,,,,,,,,,,,,,,,,,,,,0,,,
15862,"Huehuetenango",13,"Todos Santos Cuchumatán",15,2318,400,42,26,2,141,1,0,0,0,1,2,0,0,215,19,1,235,0,235,--,400,165,215,235,235,Algún campo sin dato,1,619a16f7f27fed28353d7dfa8a46e2015ab3b4e5e41d09a9113ef79a6d085eed,25/06/2023 23:52:49,ESCANER
15863,"Huehuetenango",13,"Todos Santos Cuchumatán",15,2319,400,54,20,2,115,0,1,1,6,0,0,1,0,200,8,3,211,0,211,--,400,189,200,211,211,Algún campo sin dato,1,2a75fa2545eb9fc5729d822278c1721858cc8e2622e68ef6454411f5d73c834f,26/06/2023 00:08:29,ESCANER
15864,"Huehuetenango",13,"Todos Santos Cuchumatán",15,2319,400,53,22,2,124,1,1,4,4,0,1,0,0,212,2,4,218,0,218,--,400,182,212,218,218,Algún campo sin dato,1,2291547b03530be41b98020c8fed78e991ecf12cb799c108e024b8e133c005f3,25/06/2023 22:32:45,ESCANER
15865,"Huehuetenango",13,"Todos Santos Cuchumatán",15,2319,271,35,11,1,131,0,0,4,2,0,0,0,0,184,0,2,186,0,186,--,271,85,184,186,186,Algún campo sin dato,1,593e29ccb059a9b918c276e3010c290646f2ebe16c78d10e47a24d556f7ab6ea,25/06/2023 22:54:07,ESCANER
15866,"Huehuetenango",13,"Todos Santos Cuchumatán",15,2319,270,18,8,3,61,0,0,0,2,2,0,0,0,94,1,1,96,0,96,--,270,174,94,96,96,Algún campo sin dato,1,57a354ab36028098d43ad1e3ab7bd31a9554b43b8e53a96f99d276321d63a968,25/06/2023 23:15:12,ESCANER
15867,"Huehuetenango",13,"Todos Santos Cuchumatán",15,2320,380,99,28,9,64,2,1,3,1,0,2,1,0,210,11,7,228,0,228,--,380,152,210,228,228,Algún campo sin dato,1,147ae4bc15bcd9d5110f7386eb239f0b1fd94ed06107e5b83fb4695430d3f7e8,25/06/2023 23:56:48,ESCANER
15868,"Huehuetenango",13,"Todos Santos Cuchumatán",15,2320,380,120,18,13,80,3,0,3,2,1,4,0,0,244,16,8,268,0,268,--,376,108,244,268,268,Algún campo sin dato,1,349bbc61888cc4f35f5fd3f1edec66d1a51b802d3e9e1ab88b0f57b4055d063e,26/06/2023 00:19:56,ESCANER
15869,"Huehuetenango",13,"Todos Santos Cuchumatán",15,2320,380,93,80,9,60,1,0,3,0,0,3,0,0,249,6,4,259,0,259,--,380,121,249,259,259,Algún campo sin dato,1,46123b7d80773ded67003002e376add89e01e2aa411625c2b2f1b8a392435629,25/06/2023 23:26:25,ESCANER
15870,"Huehuetenango",13,"Todos Santos Cuchumatán",15,2320,380,82,59,8,76,2,0,6,3,1,0,0,0,237,7,7,251,0,251,--,380,129,237,251,251,Algún campo sin dato,1,c363a69a4fda57107ae78bc737ab0e23c9f4dfd3cfa8dc4c3bb6b8252728e613,25/06/2023 23:30:19,ESCANER
15871,"Huehuetenango",13,"Todos Santos Cuchumatán",15,2321,380,101,32,3,44,1,0,2,0,0,0,0,0,183,6,3,192,0,192,--,380,188,183,192,192,Algún campo sin dato,1,fb940286584f5a634cd59bd7d251eb19b9053ab9b2be6619877cbeb5853eb303,26/06/2023 00:08:16,MOVIL
15872,"Huehuetenango",13,"Todos Santos Cuchumatán",15,2322,380,,,,,,,,,,,,,,,,,,,,,,,,,,0,,,
15873,"Huehuetenango",13,"Todos Santos Cuchumatán",15,2322,336,,,,,,,,,,,,,,,,,,,,,,,,,,0,,,
15874,"Huehuetenango",13,"Todos Santos Cuchumatán",15,2322,336,67,37,5,46,1,0,0,0,0,3,0,0,159,6,3,168,0,168,--,336,168,159,168,168,Algún campo sin dato,1,fa52721752e47e04c6d7e024a78ffa137689c25fed05f1def8523a9370e7a72c,26/06/2023 00:03:35,ESCANER
15875,"Huehuetenango",13,"Todos Santos Cuchumatán",15,2323,380,,,,,,,,,,,,,,,,,,,,,,,,,,0,,,
15876,"Huehuetenango",13,"Todos Santos Cuchumatán",15,2323,380,,,,,,,,,,,,,,,,,,,,,,,,,,0,,,
15877,"Huehuetenango",13,"Todos Santos Cuchumatán",15,2323,380,,,,,,,,,,,,,,,,,,,,,,,,,,0,,,
15878,"Huehuetenango",13,"Todos Santos Cuchumatán",15,2323,380,,,,,,,,,,,,,,,,,,,,,,,,,,0,,,
15879,"Huehuetenango",13,"Todos Santos Cuchumatán",15,2323,380,,,,,,,,,,,,,,,,,,,,,,,,,,0,,,
15880,"Huehuetenango",13,"Todos Santos Cuchumatán",15,2324,380,64,12,2,76,6,3,3,2,4,2,0,0,174,4,4,182,0,182,--,380,198,174,182,182,Algún campo sin dato,1,3b6759de75689600c54f62ad1b2f697d3463683f5f4b2a0a77d8e48e4d4ef6da,25/06/2023 23:50:17,ESCANER
15881,"Huehuetenango",13,"Todos Santos Cuchumatán",15,2325,380,96,9,4,85,2,3,3,2,1,1,0,0,206,2,1,209,0,209,--,380,171,206,209,209,Algún campo sin dato,1,451f26dd52dc08e98d0d5e07e8deb84451429af11e6856ca201b79577b2f26b4,26/06/2023 00:00:11,ESCANER
15882,"Huehuetenango",13,"Todos Santos Cuchumatán",15,2325,380,73,13,2,76,2,0,0,3,0,0,0,0,169,2,0,171,0,171,--,380,209,169,171,171,Algún campo sin dato,1,17c10426b7583bc2494ad9c1ad1d5d4351aa47d0b68d6dc436dbf361ee2c500a,25/06/2023 22:46:21,ESCANER
15883,"Huehuetenango",13,"Todos Santos Cuchumatán",15,2325,380,95,9,2,103,2,0,3,3,1,0,0,0,218,3,1,222,0,222,--,380,158,218,222,222,Algún campo sin dato,1,9bf557eb3dcb0e1456de68667a75097d87a03cb3bf166aaee44c4acfd8d47428,25/06/2023 22:30:03,ESCANER
15884,"Huehuetenango",13,"Todos Santos Cuchumatán",15,2325,369,92,13,3,88,1,1,5,1,0,0,0,0,205,3,0,208,0,208,369,161,--,204,207,207,Sumas Asentadas sin cuadrar,1,3de806a8e1010d0aea829b95ab98f736355861c658043c290a97c430c363d438,26/06/2023 00:18:39,ESCANER
15885,"Huehuetenango",13,"Todos Santos Cuchumatán",15,2325,368,87,14,2,72,1,4,0,0,2,2,0,0,184,2,4,190,0,190,--,365,175,184,190,190,Algún campo sin dato,1,57775323b231e5fe355e8604f6f40cd1516228991a1d6da73c3140f75430a919,26/06/2023 00:22:57,ESCANER
15886,"Huehuetenango",13,"Todos Santos Cuchumatán",15,2326,380,,,,,,,,,,,,,,,,,,,,,,,,,,0,,,
15887,"Huehuetenango",13,"Todos Santos Cuchumatán",15,2327,380,62,26,2,114,5,1,7,4,4,0,0,0,225,13,7,245,0,245,--,380,135,225,245,245,Algún campo sin dato,1,fac34c94f6d093c70e6eb8270b37adced4a1b3f9a7a311070ecd00c0e49e947c,25/06/2023 23:16:20,ESCANER
15888,"Huehuetenango",13,"Todos Santos Cuchumatán",15,2327,380,,,,,,,,,,,,,,,,,,,,,,,,,,0,,,
15889,"Huehuetenango",13,"Todos Santos Cuchumatán",15,2327,380,56,20,0,80,7,2,4,0,1,0,0,0,170,9,4,183,0,183,--,380,197,170,183,183,Algún campo sin dato,1,24487dc822291f19a555dcd512cc945d1fb31c1788edf3e8dae196acc46ecaf7,25/06/2023 23:24:09,ESCANER
15890,"Huehuetenango",13,"Todos Santos Cuchumatán",15,2328,380,,,,,,,,,,,,,,,,,,,,,,,,,,0,,,
15891,"Huehuetenango",13,"Todos Santos Cuchumatán",15,2328,340,,,,,,,,,,,,,,,,,,,,,,,,,,0,,,
15892,"Huehuetenango",13,"Todos Santos Cuchumatán",15,2328,340,,,,,,,,,,,,,,,,,,,,,,,,,,0,,,
15893,"Huehuetenango",13,"Todos Santos Cuchumatán",15,2329,380,,,,,,,,,,,,,,,,,,,,,,,,,,0,,,
15894,"Huehuetenango",13,"Todos Santos Cuchumatán",15,2329,380,,,,,,,,,,,,,,,,,,,,,,,,,,0,,,
15895,"Huehuetenango",13,"Todos Santos Cuchumatán",15,2329,380,,,,,,,,,,,,,,,,,,,,,,,,,,0,,,
15896,"Huehuetenango",13,"Todos Santos Cuchumatán",15,2330,380,88,23,3,104,0,0,1,0,0,0,0,0,219,4,2,225,0,225,--,380,155,219,225,225,Algún campo sin dato,1,7ac69c013c2523c746262312a49c5b9dd234f1524fff24fc95e2dd3fd8bbd4d8,25/06/2023 23:18:35,ESCANER
15897,"Huehuetenango",13,"Todos Santos Cuchumatán",15,2330,380,91,17,4,89,1,0,1,0,0,0,0,0,203,0,0,203,0,203,--,380,177,203,203,203,Algún campo sin dato,1,5607ecc51e071bf12201e7dbcd5fe430b00a1c13eabe52f008f20a199f5a9bbc,25/06/2023 22:46:28,ESCANER
15898,"Huehuetenango",13,"Todos Santos Cuchumatán",15,2330,266,76,12,5,88,2,0,0,0,0,0,0,0,183,6,3,192,0,192,--,266,74,183,192,192,Algún campo sin dato,1,4eb5ddce2d85719610278f83b0925d7c01799f1e8ca89da4db2bfb42c7459a58,25/06/2023 22:40:59,ESCANER
15899,"Huehuetenango",13,"Todos Santos Cuchumatán",15,2330,266,63,17,2,63,0,0,0,1,1,0,0,0,147,6,0,153,0,153,--,263,110,147,153,153,Algún campo sin dato,1,5641395da48dda0c848b8cd0f845862b58f051d52bed4cf5910cc50e05862780,26/06/2023 00:26:28,ESCANER
15900,"Huehuetenango",13,"Todos Santos Cuchumatán",15,2331,380,,,,,,,,,,,,,,,,,,,,,,,,,,0,,,
15901,"Huehuetenango",13,"Todos Santos Cuchumatán",15,2331,380,113,5,11,73,0,1,5,4,1,1,0,0,214,18,9,241,0,241,--,376,135,214,241,241,Algún campo sin dato,1,41fb274333b882019b7d55a5a99ed20905721d4f9bd7771d88f2562119da292d,26/06/2023 00:24:21,ESCANER
15902,"Huehuetenango",13,"Todos Santos Cuchumatán",15,2331,380,110,3,4,94,4,2,5,2,2,5,0,0,231,11,14,256,0,256,--,371,115,231,256,256,Algún campo sin dato,1,fd8e615de996641be2533ba9c136b75293cb69c2f2b1e68c6ee9ae014c8d40da,26/06/2023 00:19:34,ESCANER
15903,"Huehuetenango",13,"Todos Santos Cuchumatán",15,2332,380,98,3,15,74,11,1,1,0,3,2,0,0,208,13,11,232,0,232,--,380,148,208,232,232,Algún campo sin dato,1,a69eb3dbceee11cabaed8aa39458216d9252a65f7473a551e9291bd3c2929b11,25/06/2023 22:21:25,ESCANER
15904,"Huehuetenango",13,"Todos Santos Cuchumatán",15,2332,380,84,6,6,86,2,0,0,2,0,0,0,0,186,6,1,193,0,193,--,380,187,186,193,193,Algún campo sin dato,1,bb7f94cbe874bd5efd12e6df96bfd11208f0f04a711f687629a57639a13cbd9f,25/06/2023 23:41:28,ESCANER
15905,"Huehuetenango",13,"Todos Santos Cuchumatán",15,2332,380,,,,,,,,,,,,,,,,,,,,,,,,,,0,,,
15906,"Huehuetenango",13,"Todos Santos Cuchumatán",15,2333,341,95,3,4,67,1,1,0,2,3,1,0,0,177,4,0,181,0,181,--,341,160,177,181,181,Algún campo sin dato,1,c8445c602e38972b73348aab7bd53a1c686e01c219bddff16c9f587cc6580af0,26/06/2023 00:17:41,ESCANER
15907,"Huehuetenango",13,"Todos Santos Cuchumatán",15,2333,340,69,4,3,60,4,0,0,1,0,1,1,0,143,2,1,146,0,146,--,340,194,143,146,146,Algún campo sin dato,1,9032c057f8f1e1572e410be94070acaf144e9cfdc47c322c34c85191e9b7f075,26/06/2023 00:21:02,ESCANER
15908,"Huehuetenango",13,"Todos Santos Cuchumatán",15,2334,332,3,3,1,14,2,0,0,0,1,0,0,0,24,4,1,29,0,29,--,332,303,24,29,29,Algún campo sin dato,1,f2623602c36d79e28e6096d831450929a9f258669db7fb8ea5b33eb7283dd663,25/06/2023 21:05:44,ESCANER
15909,"Huehuetenango",13,"Todos Santos Cuchumatán",15,2334,331,3,1,1,7,1,0,0,0,0,0,0,0,13,0,0,13,0,13,0,331,318,13,13,13,,1,61226d4eb7e4c15509105e45d2e4449b3e8717a7fca00cd78cf39f307a3bdf2d,25/06/2023 20:47:31,ESCANER