﻿TIPO_DE_ELECCIÓN:,CORPORACIÓN MUNICIPAL
26 junio 2023 00:28 (UTC -6)
ACTAS_ESPERADAS,ACTAS_CAPTURADAS,PORCENTAJE_ACTAS_CAPTURADAS,ACTAS_CONTABILIZADAS,PORCENTAJE_ACTAS_CONTABILIZADAS,ACTAS_NO_CONTABILIZADAS,LISTA_NOMINAL_ACTAS_CONTABILIZADAS,VOTOS_EMITIDOS_CONTABILIZADAS,PORCENTAJE_PARTICIPACIÓN_CIUDADANA
73,32,43.8356,32,43.8356,0,11209,6635,59.1935

MESA,DEPARTAMENTO,ID_DEPARTAMENTO,MUNICIPIO,ID_MUNICIPIO,CENTRO_DE_VOTACIÓN,PADRÓN,TODOS,CAMBIO,MORENA,VAMOS,PIN,RENOVADOR,VALOR,AZUL,UNE,FCN-NACION,PODEMOS,UC,VÁLIDOS,NULOS,BLANCO,EMITIDOS,INVÁLIDOS,TOTAL,IMPUGNACIONES,PAPELETAS-RECIBIDAS,PAPELETAS-NO-USADAS,VALIDOS_CALCULADO,EMITIDOS_CALCULADO,TOTAL_CALCULADO,OBSERVACIONES,CONTABILIZADA,CÓDIGO_INTEGRIDAD,FECHA_HORA_PUBLICACIÓN,DIGITALIZACIÓN
6897,"El Progreso",4,"San Agustín Acasaguastlán",3,754,400,,,,,,,,,,,,,,,,,,,,,,,,,,0,,,
6898,"El Progreso",4,"San Agustín Acasaguastlán",3,754,400,,,,,,,,,,,,,,,,,,,,,,,,,,0,,,
6899,"El Progreso",4,"San Agustín Acasaguastlán",3,754,400,,,,,,,,,,,,,,,,,,,,,,,,,,0,,,
6900,"El Progreso",4,"San Agustín Acasaguastlán",3,754,400,,,,,,,,,,,,,,,,,,,,,,,,,,0,,,
6901,"El Progreso",4,"San Agustín Acasaguastlán",3,754,400,,,,,,,,,,,,,,,,,,,,,,,,,,0,,,
6902,"El Progreso",4,"San Agustín Acasaguastlán",3,754,400,,,,,,,,,,,,,,,,,,,,,,,,,,0,,,
6903,"El Progreso",4,"San Agustín Acasaguastlán",3,754,400,,,,,,,,,,,,,,,,,,,,,,,,,,0,,,
6904,"El Progreso",4,"San Agustín Acasaguastlán",3,754,400,,,,,,,,,,,,,,,,,,,,,,,,,,0,,,
6905,"El Progreso",4,"San Agustín Acasaguastlán",3,754,400,4,9,3,43,6,113,71,1,5,0,5,0,260,18,3,281,0,281,--,400,119,260,281,281,Algún campo sin dato,1,cc4945025aa1901141d45d48a5a47fa7d943a5e11bb7e654bf41428376f25da5,25/06/2023 23:42:16,ESCANER
6906,"El Progreso",4,"San Agustín Acasaguastlán",3,754,400,,,,,,,,,,,,,,,,,,,,,,,,,,0,,,
6907,"El Progreso",4,"San Agustín Acasaguastlán",3,754,400,,,,,,,,,,,,,,,,,,,,,,,,,,0,,,
6908,"El Progreso",4,"San Agustín Acasaguastlán",3,754,400,4,6,6,16,1,128,97,1,5,1,1,1,267,3,0,270,0,270,--,380,110,267,270,270,Algún campo sin dato,1,75c178ea567bb12bf42b6fdc3b3e76878603076e525b9edea61a886377c27c13,26/06/2023 00:08:48,ESCANER
6909,"El Progreso",4,"San Agustín Acasaguastlán",3,754,400,0,7,2,30,2,131,79,2,3,0,5,1,262,2,0,264,0,264,--,400,136,262,264,264,Algún campo sin dato,1,3b2aa7fc316fa1b0b860d5e8efe859d778e7da99e94b318cfa16a46ae7d497d5,25/06/2023 23:27:27,ESCANER
6910,"El Progreso",4,"San Agustín Acasaguastlán",3,754,400,,,,,,,,,,,,,,,,,,,,,,,,,,0,,,
6911,"El Progreso",4,"San Agustín Acasaguastlán",3,754,206,0,2,0,15,0,68,58,1,3,0,0,0,147,0,0,147,0,147,--,206,59,147,147,147,Algún campo sin dato,1,4e452896d61a350cd3e44ddd648de0a5ed0ac3ef9b1d50025d15b43223c1cb0f,25/06/2023 23:17:35,ESCANER
6912,"El Progreso",4,"San Agustín Acasaguastlán",3,754,206,0,6,1,11,0,52,46,3,3,0,0,1,123,3,0,126,0,126,--,206,80,123,126,126,Algún campo sin dato,1,0acc4decf015b1cdd046dd4fa6b6e66ad6a08a4fb560ca5dcf762521b6b394f8,25/06/2023 21:28:48,ESCANER
6913,"El Progreso",4,"San Agustín Acasaguastlán",3,755,400,,,,,,,,,,,,,,,,,,,,,,,,,,0,,,
6914,"El Progreso",4,"San Agustín Acasaguastlán",3,755,400,0,11,3,112,1,57,51,1,4,2,4,1,247,23,3,273,1,274,--,380,106,247,273,274,Algún campo sin dato,1,e0db42d2a696bc6eb61be241e4fefc5c9e5c0e72f334fd8b58061f09d5256383,26/06/2023 00:04:16,ESCANER
6915,"El Progreso",4,"San Agustín Acasaguastlán",3,755,394,,,,,,,,,,,,,,,,,,,,,,,,,,0,,,
6916,"El Progreso",4,"San Agustín Acasaguastlán",3,755,394,0,9,2,101,3,34,51,0,5,0,1,0,206,12,0,218,0,218,--,396,178,206,218,218,Algún campo sin dato,1,7098b3d5993feb53d57f21338b50714f39d9aa5afe7fe4db5a2eb31307189825,26/06/2023 00:12:00,ESCANER
6917,"El Progreso",4,"San Agustín Acasaguastlán",3,756,294,,,,,,,,,,,,,,,,,,,,,,,,,,0,,,
6918,"El Progreso",4,"San Agustín Acasaguastlán",3,756,294,4,4,2,57,2,27,79,0,9,2,4,2,192,3,0,195,0,195,--,294,99,192,195,195,Algún campo sin dato,1,811f097fe34219c8f13bc2a23fd9238b15fc97f3ca18a8af7f592bb07d0f6c8e,26/06/2023 00:15:09,ESCANER
6919,"El Progreso",4,"San Agustín Acasaguastlán",3,757,270,2,2,1,24,0,51,98,3,5,0,0,0,186,6,2,194,0,194,--,270,76,186,194,194,Algún campo sin dato,1,1b336772a8deb59d8314824781a550c9bd85f2ee4023ff81e5c63b45e4120bfa,25/06/2023 23:03:01,ESCANER
6920,"El Progreso",4,"San Agustín Acasaguastlán",3,757,270,0,1,3,20,0,50,114,4,4,0,0,1,197,11,2,210,0,210,--,270,60,197,210,210,Algún campo sin dato,1,0692565b52af2f8d5dab7e4728b16558e9382116b487ae6efc52f06315ee4ccd,25/06/2023 22:00:23,ESCANER
6921,"El Progreso",4,"San Agustín Acasaguastlán",3,758,380,,,,,,,,,,,,,,,,,,,,,,,,,,0,,,
6922,"El Progreso",4,"San Agustín Acasaguastlán",3,758,380,7,23,6,145,1,23,53,4,6,1,1,0,270,30,5,305,0,305,--,400,95,270,305,305,Algún campo sin dato,1,332835c6b7cf546b01740509765948bde7712f8c3a3a2c71a19f39da37cd3c94,25/06/2023 23:39:46,ESCANER
6923,"El Progreso",4,"San Agustín Acasaguastlán",3,758,380,2,24,5,153,1,34,57,5,3,0,2,0,286,14,2,302,0,302,--,380,78,286,302,302,Algún campo sin dato,1,68af6e2cd4058e6c81c6bf177e62a7bc5c565f26c2eac22d36e591e9b2b61a81,25/06/2023 23:33:02,ESCANER
6924,"El Progreso",4,"San Agustín Acasaguastlán",3,758,380,6,24,3,144,0,18,71,5,3,1,4,1,280,19,2,301,0,301,--,400,99,280,301,301,Algún campo sin dato,1,87de15199e93274870e5bb65ae2db8258de7c12e23f796bfc6bf32571ebbf936,26/06/2023 00:04:30,ESCANER
6925,"El Progreso",4,"San Agustín Acasaguastlán",3,758,380,,,,,,,,,,,,,,,,,,,,,,,,,,0,,,
6926,"El Progreso",4,"San Agustín Acasaguastlán",3,758,380,,,,,,,,,,,,,,,,,,,,,,,,,,0,,,
6927,"El Progreso",4,"San Agustín Acasaguastlán",3,758,380,8,24,4,144,0,14,66,0,2,0,0,1,263,11,4,278,--,--,--,380,102,263,278,278,Algún campo sin dato,1,662d3730e7149d6d7bedcdf4862b94e9e119f232d8c6df844b2912a2cb495a6a,25/06/2023 23:05:25,ESCANER
6928,"El Progreso",4,"San Agustín Acasaguastlán",3,758,380,,,,,,,,,,,,,,,,,,,,,,,,,,0,,,
6929,"El Progreso",4,"San Agustín Acasaguastlán",3,758,380,,,,,,,,,,,,,,,,,,,,,,,,,,0,,,
6930,"El Progreso",4,"San Agustín Acasaguastlán",3,758,380,,,,,,,,,,,,,,,,,,,,,,,,,,0,,,
6931,"El Progreso",4,"San Agustín Acasaguastlán",3,758,380,,,,,,,,,,,,,,,,,,,,,,,,,,0,,,
6932,"El Progreso",4,"San Agustín Acasaguastlán",3,758,380,,,,,,,,,,,,,,,,,,,,,,,,,,0,,,
6933,"El Progreso",4,"San Agustín Acasaguastlán",3,758,380,,,,,,,,,,,,,,,,,,,,,,,,,,0,,,
6934,"El Progreso",4,"San Agustín Acasaguastlán",3,758,380,,,,,,,,,,,,,,,,,,,,,,,,,,0,,,
6935,"El Progreso",4,"San Agustín Acasaguastlán",3,758,380,,,,,,,,,,,,,,,,,,,,,,,,,,0,,,
6936,"El Progreso",4,"San Agustín Acasaguastlán",3,758,314,,,,,,,,,,,,,,,,,,,,,,,,,,0,,,
6937,"El Progreso",4,"San Agustín Acasaguastlán",3,758,313,,,,,,,,,,,,,,,,,,,,,,,,,,0,,,
6938,"El Progreso",4,"San Agustín Acasaguastlán",3,759,380,,,,,,,,,,,,,,,,,,,,,,,,,,0,,,
6939,"El Progreso",4,"San Agustín Acasaguastlán",3,759,380,14,2,2,59,1,41,58,6,18,3,2,6,212,22,5,239,0,239,--,380,141,212,239,239,Algún campo sin dato,1,401c21d439b48ca61adbc154dbe87f4acd82407af59c219d409142e4f4835768,25/06/2023 23:39:37,ESCANER
6940,"El Progreso",4,"San Agustín Acasaguastlán",3,759,380,5,1,2,62,0,52,44,8,16,1,4,12,207,25,5,237,0,237,--,380,143,207,237,237,Algún campo sin dato,1,decb721c03c2640a29875a994a2586665c4e51cb5b2e091fa8f20f21c9481f11,26/06/2023 00:01:55,ESCANER
6941,"El Progreso",4,"San Agustín Acasaguastlán",3,760,380,,,,,,,,,,,,,,,,,,,,,,,,,,0,,,
6942,"El Progreso",4,"San Agustín Acasaguastlán",3,760,380,5,8,3,68,1,37,67,8,11,1,3,6,218,35,9,262,0,262,--,380,118,218,262,262,Algún campo sin dato,1,ab2caf6bdf72d54270e371af2311e76958dbffb2d1771659ad96439cfbe6db6d,26/06/2023 00:26:23,ESCANER
6943,"El Progreso",4,"San Agustín Acasaguastlán",3,760,380,,,,,,,,,,,,,,,,,,,,,,,,,,0,,,
6944,"El Progreso",4,"San Agustín Acasaguastlán",3,760,380,3,4,1,57,0,51,40,2,8,0,0,10,176,27,3,206,0,206,--,380,174,176,206,206,Algún campo sin dato,1,6ab441115995d93ce2e23d1ac1169a63a50d515de2b51218fd4fbf7e20a3cef7,25/06/2023 23:13:09,ESCANER
6945,"El Progreso",4,"San Agustín Acasaguastlán",3,760,380,,,,,,,,,,,,,,,,,,,,,,,,,,0,,,
6946,"El Progreso",4,"San Agustín Acasaguastlán",3,760,380,7,3,0,52,0,41,43,2,15,1,0,7,171,33,7,211,0,211,--,380,169,171,211,211,Algún campo sin dato,1,6156b92154407fd35b58b5cc459b3c062c608b3f5c5f0b91a5c28aebebcbc93e,25/06/2023 23:34:26,ESCANER
6947,"El Progreso",4,"San Agustín Acasaguastlán",3,760,380,,,,,,,,,,,,,,,,,,,,,,,,,,0,,,
6948,"El Progreso",4,"San Agustín Acasaguastlán",3,760,380,3,4,0,47,0,35,39,9,8,1,1,8,155,21,4,180,0,180,--,380,200,155,180,180,Algún campo sin dato,1,1d5fe62302cb0859f74cc5bc3ae56d850a799e3ccc950f35f5314e7047fe32ca,25/06/2023 23:58:02,ESCANER
6949,"El Progreso",4,"San Agustín Acasaguastlán",3,760,380,,,,,,,,,,,,,,,,,,,,,,,,,,0,,,
6950,"El Progreso",4,"San Agustín Acasaguastlán",3,760,380,,,,,,,,,,,,,,,,,,,,,,,,,,0,,,
6951,"El Progreso",4,"San Agustín Acasaguastlán",3,760,226,1,2,0,31,1,30,27,4,2,0,0,10,108,6,1,115,0,115,--,223,108,108,115,115,Algún campo sin dato,1,90ecefcb5962e30c66f86d7efa4b826ad029007d0ede7f4577144a914f1baf97,25/06/2023 23:43:46,ESCANER
6952,"El Progreso",4,"San Agustín Acasaguastlán",3,760,225,,,,,,,,,,,,,,,,,,,,,,,,,,0,,,
6953,"El Progreso",4,"San Agustín Acasaguastlán",3,761,380,4,10,51,67,1,33,37,3,4,1,9,1,221,13,3,237,0,237,--,380,143,221,237,237,Algún campo sin dato,1,738c9a8489ad102d5deed83dd7b85a960819cd3cb90daac482972bd852f2e646,25/06/2023 22:52:05,ESCANER
6954,"El Progreso",4,"San Agustín Acasaguastlán",3,761,380,2,9,48,53,1,35,46,0,6,0,6,1,207,17,7,231,0,231,--,381,150,207,231,231,Algún campo sin dato,1,71b806c1fbb984c8240b74045d223fad308eee9bfbe2b6eab118602569d15fe2,25/06/2023 23:40:16,ESCANER
6955,"El Progreso",4,"San Agustín Acasaguastlán",3,761,380,,,,,,,,,,,,,,,,,,,,,,,,,,0,,,
6956,"El Progreso",4,"San Agustín Acasaguastlán",3,761,380,1,6,46,66,2,27,48,1,4,0,5,0,206,17,7,230,0,230,--,--,--,206,230,230,Algún campo sin dato,1,a22a1141f454e842c97a4395ca923cdf67c042539f3786b6ec9eec39fd6b12a4,25/06/2023 23:50:34,ESCANER
6957,"El Progreso",4,"San Agustín Acasaguastlán",3,761,380,,,,,,,,,,,,,,,,,,,,,,,,,,0,,,
6958,"El Progreso",4,"San Agustín Acasaguastlán",3,761,380,,,,,,,,,,,,,,,,,,,,,,,,,,0,,,
6959,"El Progreso",4,"San Agustín Acasaguastlán",3,761,380,,,,,,,,,,,,,,,,,,,,,,,,,,0,,,
6960,"El Progreso",4,"San Agustín Acasaguastlán",3,761,380,,,,,,,,,,,,,,,,,,,,,,,,,,0,,,
6961,"El Progreso",4,"San Agustín Acasaguastlán",3,761,380,4,9,61,36,0,34,43,0,7,2,7,1,204,9,8,221,0,221,--,380,159,204,221,221,Algún campo sin dato,1,8d94198453069d199fbddf4bc34841e38e44832551ca750356a540595b75696b,26/06/2023 00:20:06,ESCANER
6962,"El Progreso",4,"San Agustín Acasaguastlán",3,761,380,2,8,55,35,0,24,40,0,1,2,3,0,170,15,2,187,0,187,--,380,193,170,187,187,Algún campo sin dato,1,a140281da5fa0b748ecf80c57b6276a1d1b9f603c0d0afb687c7615cd5b7fee6,25/06/2023 23:15:51,ESCANER
6963,"El Progreso",4,"San Agustín Acasaguastlán",3,761,380,4,20,36,38,1,18,50,0,3,0,2,1,173,12,3,188,0,188,--,380,192,173,188,188,Algún campo sin dato,1,4f6d6f208055c6e7a5077bd4038fdf86c766a0e19af4f4d7b6ae52c7ba9a8ca1,25/06/2023 23:32:28,ESCANER
6964,"El Progreso",4,"San Agustín Acasaguastlán",3,761,380,,,,,,,,,,,,,,,,,,,,,,,,,,0,,,
6965,"El Progreso",4,"San Agustín Acasaguastlán",3,761,227,2,4,27,35,0,18,26,0,1,0,2,0,115,6,2,123,0,123,--,227,104,115,123,123,Algún campo sin dato,1,b4547a2383f38269cb4ff4d0c347475985828092537bec0b49cd7ea7ce00fa89,25/06/2023 22:35:17,ESCANER
6966,"El Progreso",4,"San Agustín Acasaguastlán",3,761,227,2,5,20,20,0,21,26,0,1,0,0,0,95,5,1,101,0,101,--,227,126,95,101,101,Algún campo sin dato,1,f2913f88e9af0bfe7576e3aa1c2815417738e251b6cc8d573475539488652678,25/06/2023 22:43:19,ESCANER
6967,"El Progreso",4,"San Agustín Acasaguastlán",3,762,600,5,4,9,25,3,62,47,1,6,0,3,2,167,17,6,190,0,190,--,603,413,167,190,190,Algún campo sin dato,1,0c6fee41892d2a4dc63e8ffa2ca0aa18b4b5931bf92e0bc053f954267ec5cd1c,25/06/2023 23:08:55,ESCANER
6968,"El Progreso",4,"San Agustín Acasaguastlán",3,762,305,1,5,1,8,1,24,23,3,3,0,2,0,71,8,0,79,0,79,--,305,226,71,79,79,Algún campo sin dato,1,e3154b8a4baaaff1f6981ac104141ca3ca725d2a256b4c4106ad924832c02a5d,25/06/2023 21:59:53,ESCANER
6969,"El Progreso",4,"San Agustín Acasaguastlán",3,762,304,1,3,3,7,0,13,6,0,1,0,0,0,34,0,0,34,0,34,--,304,270,34,34,34,Algún campo sin dato,1,e270adda6f43d84087bef97b8c219237274359d1a837ecb3ac651605c4cc3c2b,25/06/2023 21:31:01,ESCANER