﻿TIPO_DE_ELECCIÓN:,CORPORACIÓN MUNICIPAL
26 junio 2023 00:28 (UTC -6)
ACTAS_ESPERADAS,ACTAS_CAPTURADAS,PORCENTAJE_ACTAS_CAPTURADAS,ACTAS_CONTABILIZADAS,PORCENTAJE_ACTAS_CONTABILIZADAS,ACTAS_NO_CONTABILIZADAS,LISTA_NOMINAL_ACTAS_CONTABILIZADAS,VOTOS_EMITIDOS_CONTABILIZADAS,PORCENTAJE_PARTICIPACIÓN_CIUDADANA
103,21,20.3883,21,20.3883,0,7592,4556,60.0105

MESA,DEPARTAMENTO,ID_DEPARTAMENTO,MUNICIPIO,ID_MUNICIPIO,CENTRO_DE_VOTACIÓN,PADRÓN,PPN,VALOR,UNE,MLP,VAMOS,VIVA,SEMILLA,AZUL,TODOS,WINAQ,ELEFANTE,UR,MAR,CABAL,MI FAMILIA,PODER,PR,VÁLIDOS,NULOS,BLANCO,EMITIDOS,INVÁLIDOS,TOTAL,IMPUGNACIONES,PAPELETAS-RECIBIDAS,PAPELETAS-NO-USADAS,VALIDOS_CALCULADO,EMITIDOS_CALCULADO,TOTAL_CALCULADO,OBSERVACIONES,CONTABILIZADA,CÓDIGO_INTEGRIDAD,FECHA_HORA_PUBLICACIÓN,DIGITALIZACIÓN
7917,"Escuintla",5,"San José",9,903,212,21,35,15,1,25,8,3,0,4,0,6,0,2,1,0,3,0,124,10,0,134,0,134,--,212,78,124,134,134,Algún campo sin dato,1,53f4f32ad73d991edfd78f0945e19fbadeeb1473f39b863a4d46569ff31208b6,25/06/2023 23:17:52,ESCANER
7918,"Escuintla",5,"San José",9,904,400,,,,,,,,,,,,,,,,,,,,,,,,,,,,,,,0,,,
7919,"Escuintla",5,"San José",9,904,400,,,,,,,,,,,,,,,,,,,,,,,,,,,,,,,0,,,
7920,"Escuintla",5,"San José",9,904,400,,,,,,,,,,,,,,,,,,,,,,,,,,,,,,,0,,,
7921,"Escuintla",5,"San José",9,905,400,,,,,,,,,,,,,,,,,,,,,,,,,,,,,,,0,,,
7922,"Escuintla",5,"San José",9,905,400,,,,,,,,,,,,,,,,,,,,,,,,,,,,,,,0,,,
7923,"Escuintla",5,"San José",9,905,400,,,,,,,,,,,,,,,,,,,,,,,,,,,,,,,0,,,
7924,"Escuintla",5,"San José",9,905,400,,,,,,,,,,,,,,,,,,,,,,,,,,,,,,,0,,,
7925,"Escuintla",5,"San José",9,905,400,,,,,,,,,,,,,,,,,,,,,,,,,,,,,,,0,,,
7926,"Escuintla",5,"San José",9,905,400,,,,,,,,,,,,,,,,,,,,,,,,,,,,,,,0,,,
7927,"Escuintla",5,"San José",9,906,400,,,,,,,,,,,,,,,,,,,,,,,,,,,,,,,0,,,
7928,"Escuintla",5,"San José",9,906,400,,,,,,,,,,,,,,,,,,,,,,,,,,,,,,,0,,,
7929,"Escuintla",5,"San José",9,906,400,,,,,,,,,,,,,,,,,,,,,,,,,,,,,,,0,,,
7930,"Escuintla",5,"San José",9,906,400,,,,,,,,,,,,,,,,,,,,,,,,,,,,,,,0,,,
7931,"Escuintla",5,"San José",9,906,400,,,,,,,,,,,,,,,,,,,,,,,,,,,,,,,0,,,
7932,"Escuintla",5,"San José",9,906,400,,,,,,,,,,,,,,,,,,,,,,,,,,,,,,,0,,,
7933,"Escuintla",5,"San José",9,907,400,,,,,,,,,,,,,,,,,,,,,,,,,,,,,,,0,,,
7934,"Escuintla",5,"San José",9,907,400,,,,,,,,,,,,,,,,,,,,,,,,,,,,,,,0,,,
7935,"Escuintla",5,"San José",9,907,400,,,,,,,,,,,,,,,,,,,,,,,,,,,,,,,0,,,
7936,"Escuintla",5,"San José",9,908,400,,,,,,,,,,,,,,,,,,,,,,,,,,,,,,,0,,,
7937,"Escuintla",5,"San José",9,908,400,,,,,,,,,,,,,,,,,,,,,,,,,,,,,,,0,,,
7938,"Escuintla",5,"San José",9,908,400,,,,,,,,,,,,,,,,,,,,,,,,,,,,,,,0,,,
7939,"Escuintla",5,"San José",9,908,400,,,,,,,,,,,,,,,,,,,,,,,,,,,,,,,0,,,
7940,"Escuintla",5,"San José",9,908,400,,,,,,,,,,,,,,,,,,,,,,,,,,,,,,,0,,,
7941,"Escuintla",5,"San José",9,908,400,,,,,,,,,,,,,,,,,,,,,,,,,,,,,,,0,,,
7942,"Escuintla",5,"San José",9,908,400,,,,,,,,,,,,,,,,,,,,,,,,,,,,,,,0,,,
7943,"Escuintla",5,"San José",9,908,400,,,,,,,,,,,,,,,,,,,,,,,,,,,,,,,0,,,
7944,"Escuintla",5,"San José",9,908,204,16,37,34,--,25,--,2,--,5,--,6,--,3,3,--,1,--,134,2,2,--,--,136,--,--,--,132,136,136,Sumas Asentadas sin cuadrar,1,fdfb705d4f165cd53318a1f79d283cdde55222613d70914e21eae352d986f558,25/06/2023 22:33:57,ESCANER
7945,"Escuintla",5,"San José",9,908,204,,,,,,,,,,,,,,,,,,,,,,,,,,,,,,,0,,,
7946,"Escuintla",5,"San José",9,909,400,,,,,,,,,,,,,,,,,,,,,,,,,,,,,,,0,,,
7947,"Escuintla",5,"San José",9,909,400,,,,,,,,,,,,,,,,,,,,,,,,,,,,,,,0,,,
7948,"Escuintla",5,"San José",9,909,400,,,,,,,,,,,,,,,,,,,,,,,,,,,,,,,0,,,
7949,"Escuintla",5,"San José",9,909,400,,,,,,,,,,,,,,,,,,,,,,,,,,,,,,,0,,,
7950,"Escuintla",5,"San José",9,909,400,,,,,,,,,,,,,,,,,,,,,,,,,,,,,,,0,,,
7951,"Escuintla",5,"San José",9,909,400,,,,,,,,,,,,,,,,,,,,,,,,,,,,,,,0,,,
7952,"Escuintla",5,"San José",9,909,400,,,,,,,,,,,,,,,,,,,,,,,,,,,,,,,0,,,
7953,"Escuintla",5,"San José",9,909,400,20,104,44,3,86,2,2,0,13,0,21,0,2,3,1,1,1,303,21,5,329,0,329,--,400,71,303,329,329,Algún campo sin dato,1,643f9c78e0ede1232540fb42ef2ccee3c880c18c561d557a6f695d69515e7e7e,26/06/2023 00:10:09,ESCANER
7954,"Escuintla",5,"San José",9,909,400,,,,,,,,,,,,,,,,,,,,,,,,,,,,,,,0,,,
7955,"Escuintla",5,"San José",9,909,400,,,,,,,,,,,,,,,,,,,,,,,,,,,,,,,0,,,
7956,"Escuintla",5,"San José",9,910,400,22,87,62,2,83,6,0,0,5,0,4,0,2,1,0,0,1,293,13,5,293,0,293,--,396,103,275,293,293,Sumas Asentadas sin cuadrar,1,3330c9ceed90be15ebf4d58daac7903b005ff0daccf0cf444f7f972478cc1efc,25/06/2023 22:53:02,ESCANER
7957,"Escuintla",5,"San José",9,910,400,,,,,,,,,,,,,,,,,,,,,,,,,,,,,,,0,,,
7958,"Escuintla",5,"San José",9,910,400,16,75,46,0,58,7,1,1,9,1,12,0,2,0,0,2,0,230,11,3,244,0,244,0,400,156,230,244,244,,1,e4f830f45ff5e025d78e1678bc9011fbd57d450d4e8088a07cc38cbe4294187a,25/06/2023 23:05:23,ESCANER
7959,"Escuintla",5,"San José",9,910,400,,,,,,,,,,,,,,,,,,,,,,,,,,,,,,,0,,,
7960,"Escuintla",5,"San José",9,910,400,,,,,,,,,,,,,,,,,,,,,,,,,,,,,,,0,,,
7961,"Escuintla",5,"San José",9,910,400,,,,,,,,,,,,,,,,,,,,,,,,,,,,,,,0,,,
7962,"Escuintla",5,"San José",9,910,400,,,,,,,,,,,,,,,,,,,,,,,,,,,,,,,0,,,
7963,"Escuintla",5,"San José",9,911,400,,,,,,,,,,,,,,,,,,,,,,,,,,,,,,,0,,,
7964,"Escuintla",5,"San José",9,911,400,,,,,,,,,,,,,,,,,,,,,,,,,,,,,,,0,,,
7965,"Escuintla",5,"San José",9,911,400,,,,,,,,,,,,,,,,,,,,,,,,,,,,,,,0,,,
7966,"Escuintla",5,"San José",9,911,400,,,,,,,,,,,,,,,,,,,,,,,,,,,,,,,0,,,
7967,"Escuintla",5,"San José",9,911,400,,,,,,,,,,,,,,,,,,,,,,,,,,,,,,,0,,,
7968,"Escuintla",5,"San José",9,911,400,,,,,,,,,,,,,,,,,,,,,,,,,,,,,,,0,,,
7969,"Escuintla",5,"San José",9,912,400,,,,,,,,,,,,,,,,,,,,,,,,,,,,,,,0,,,
7970,"Escuintla",5,"San José",9,912,400,,,,,,,,,,,,,,,,,,,,,,,,,,,,,,,0,,,
7971,"Escuintla",5,"San José",9,912,400,,,,,,,,,,,,,,,,,,,,,,,,,,,,,,,0,,,
7972,"Escuintla",5,"San José",9,912,400,,,,,,,,,,,,,,,,,,,,,,,,,,,,,,,0,,,
7973,"Escuintla",5,"San José",9,912,266,,,,,,,,,,,,,,,,,,,,,,,,,,,,,,,0,,,
7974,"Escuintla",5,"San José",9,912,266,,,,,,,,,,,,,,,,,,,,,,,,,,,,,,,0,,,
7975,"Escuintla",5,"San José",9,913,321,,,,,,,,,,,,,,,,,,,,,,,,,,,,,,,0,,,
7976,"Escuintla",5,"San José",9,914,400,,,,,,,,,,,,,,,,,,,,,,,,,,,,,,,0,,,
7977,"Escuintla",5,"San José",9,914,220,9,46,33,1,31,6,0,0,4,0,7,0,1,2,0,1,1,142,9,4,155,0,155,--,--,325,142,155,155,Algún campo sin dato,1,eedb75d60f38e94a4d675683fe7b87ef7a233155531709e35a61af40ec413a7f,25/06/2023 23:56:19,ESCANER
7978,"Escuintla",5,"San José",9,914,219,11,36,31,--,28,5,2,--,5,--,4,--,3,2,1,--,--,128,5,1,134,0,134,--,216,82,128,134,134,Algún campo sin dato,1,80ada208d8241bea2aadf76ea49e28ffb1b5ec3b0c1037b70a73be1579b9c130,25/06/2023 23:44:38,ESCANER
7979,"Escuintla",5,"San José",9,915,380,,,,,,,,,,,,,,,,,,,,,,,,,,,,,,,0,,,
7980,"Escuintla",5,"San José",9,915,380,,,,,,,,,,,,,,,,,,,,,,,,,,,,,,,0,,,
7981,"Escuintla",5,"San José",9,915,380,,,,,,,,,,,,,,,,,,,,,,,,,,,,,,,0,,,
7982,"Escuintla",5,"San José",9,915,380,,,,,,,,,,,,,,,,,,,,,,,,,,,,,,,0,,,
7983,"Escuintla",5,"San José",9,915,380,,,,,,,,,,,,,,,,,,,,,,,,,,,,,,,0,,,
7984,"Escuintla",5,"San José",9,915,380,,,,,,,,,,,,,,,,,,,,,,,,,,,,,,,0,,,
7985,"Escuintla",5,"San José",9,915,312,,,,,,,,,,,,,,,,,,,,,,,,,,,,,,,0,,,
7986,"Escuintla",5,"San José",9,915,311,,,,,,,,,,,,,,,,,,,,,,,,,,,,,,,0,,,
7987,"Escuintla",5,"San José",9,916,380,6,86,58,1,67,11,1,1,7,2,14,0,2,1,2,0,0,259,20,6,285,0,285,--,380,95,259,285,285,Algún campo sin dato,1,9da720d21ebccf5fbce8d36f5402d3ab18530a7b9af969213cc001ca65601a49,26/06/2023 00:13:57,ESCANER
7988,"Escuintla",5,"San José",9,916,380,,,,,,,,,,,,,,,,,,,,,,,,,,,,,,,0,,,
7989,"Escuintla",5,"San José",9,916,380,6,91,51,0,69,5,2,0,2,1,19,1,2,2,0,2,0,253,13,4,270,0,270,--,380,110,253,270,270,Algún campo sin dato,1,86dabf6c70631ffa236d25b70f8ea1f54cca4d7a66add9129cc24e6f075ef2da,25/06/2023 23:46:04,ESCANER
7990,"Escuintla",5,"San José",9,916,380,,,,,,,,,,,,,,,,,,,,,,,,,,,,,,,0,,,
7991,"Escuintla",5,"San José",9,916,232,3,51,42,0,39,3,2,1,2,1,9,0,1,1,0,0,0,155,7,0,162,0,162,0,0,0,155,162,162,,1,ed3214127382980a612fcef33993a7eb14f6547916e259cb80ca0335ee586534,25/06/2023 22:42:02,ESCANER
7992,"Escuintla",5,"San José",9,916,231,4,52,46,0,26,0,1,0,3,0,6,0,0,2,2,0,0,142,8,0,150,0,150,1,231,80,142,150,150,,1,5401458121c788b2ef4d8958062db1fa366ce18be50ba8db271b1d3248e0c66b,25/06/2023 22:58:33,ESCANER
7993,"Escuintla",5,"San José",9,917,380,,,,,,,,,,,,,,,,,,,,,,,,,,,,,,,0,,,
7994,"Escuintla",5,"San José",9,917,380,,,,,,,,,,,,,,,,,,,,,,,,,,,,,,,0,,,
7995,"Escuintla",5,"San José",9,917,380,,,,,,,,,,,,,,,,,,,,,,,,,,,,,,,0,,,
7996,"Escuintla",5,"San José",9,917,380,,,,,,,,,,,,,,,,,,,,,,,,,,,,,,,0,,,
7997,"Escuintla",5,"San José",9,917,380,,,,,,,,,,,,,,,,,,,,,,,,,,,,,,,0,,,
7998,"Escuintla",5,"San José",9,917,380,,,,,,,,,,,,,,,,,,,,,,,,,,,,,,,0,,,
7999,"Escuintla",5,"San José",9,917,380,24,77,36,0,42,4,3,0,10,1,6,0,1,1,0,0,1,206,23,2,231,0,231,0,380,149,206,231,231,,1,6ef2f89ec096a267683f7d150b33c6c6a706795b17ab8628eb9c1e3b2dbad469,25/06/2023 23:43:29,ESCANER
8000,"Escuintla",5,"San José",9,917,380,,,,,,,,,,,,,,,,,,,,,,,,,,,,,,,0,,,
8001,"Escuintla",5,"San José",9,917,380,,,,,,,,,,,,,,,,,,,,,,,,,,,,,,,0,,,
8002,"Escuintla",5,"San José",9,917,380,22,76,33,0,38,7,4,0,2,0,16,0,1,1,0,0,0,200,8,0,208,0,208,--,380,172,200,208,208,Algún campo sin dato,1,1188b98ef77ab48738aac27ec9a599d2402f3dcf463323d2f6f12d610b569573,25/06/2023 23:57:14,ESCANER
8003,"Escuintla",5,"San José",9,917,380,,,,,,,,,,,,,,,,,,,,,,,,,,,,,,,0,,,
8004,"Escuintla",5,"San José",9,917,265,14,44,28,0,29,4,2,0,6,0,7,0,1,0,0,0,0,135,5,2,142,123,265,--,265,123,135,142,265,Algún campo sin dato,1,4aced44f54a0553b9983242314e3c5527b7d5ffe53a72726413e524703f11c9e,25/06/2023 23:37:19,ESCANER
8005,"Escuintla",5,"San José",9,917,265,,,,,,,,,,,,,,,,,,,,,,,,,,,,,,,0,,,
8006,"Escuintla",5,"San José",9,918,380,,,,,,,,,,,,,,,,,,,,,,,,,,,,,,,0,,,
8007,"Escuintla",5,"San José",9,918,380,16,41,87,1,56,4,0,1,3,0,21,0,3,1,2,4,0,240,23,5,268,0,268,0,380,112,240,268,268,,1,c85d407f7b59b61d35a5b3c735367e9c7fc52e108b0734079d11c6000cb4c383,25/06/2023 23:06:36,ESCANER
8008,"Escuintla",5,"San José",9,918,380,23,33,84,1,47,8,0,3,3,0,15,2,1,2,2,11,4,239,22,6,267,0,267,0,380,113,239,267,267,,1,ab4792a6ecafcf641270de99dfbcacae1632be83a312950ff68ef00192b6bb33,25/06/2023 23:45:48,ESCANER
8009,"Escuintla",5,"San José",9,918,380,18,39,92,1,33,1,2,2,0,0,15,0,0,2,1,4,1,211,17,3,231,1,232,0,380,148,211,231,232,,1,cf7026a2f6888b88b0177e6174945ee39503bef1be878d1de9b8fda59fb6e756,25/06/2023 23:50:14,ESCANER
8010,"Escuintla",5,"San José",9,918,380,,,,,,,,,,,,,,,,,,,,,,,,,,,,,,,0,,,
8011,"Escuintla",5,"San José",9,918,380,28,27,89,0,47,4,2,2,3,0,17,0,0,1,1,7,1,229,30,6,265,0,265,0,377,112,229,265,265,,1,93ff665c7d776e015af246728754b35cae7702e49fed389aaa7f4ec8cdf20cb7,25/06/2023 23:10:29,ESCANER
8012,"Escuintla",5,"San José",9,918,380,,,,,,,,,,,,,,,,,,,,,,,,,,,,,,,0,,,
8013,"Escuintla",5,"San José",9,918,380,,,,,,,,,,,,,,,,,,,,,,,,,,,,,,,0,,,
8014,"Escuintla",5,"San José",9,918,380,,,,,,,,,,,,,,,,,,,,,,,,,,,,,,,0,,,
8015,"Escuintla",5,"San José",9,918,319,,,,,,,,,,,,,,,,,,,,,,,,,,,,,,,0,,,
8016,"Escuintla",5,"San José",9,918,318,,,,,,,,,,,,,,,,,,,,,,,,,,,,,,,0,,,
8017,"Escuintla",5,"San José",9,919,600,28,77,46,1,73,7,1,2,20,1,21,2,5,8,1,1,0,294,22,4,320,0,320,0,598,278,294,320,320,,1,6c42dd532c849327b2c17e16b3c2ac74a600f0017386688f483bcbd7afe5ee2d,25/06/2023 23:46:54,ESCANER
8018,"Escuintla",5,"San José",9,919,585,16,64,54,5,50,8,4,2,9,1,12,0,2,4,1,1,1,234,16,6,256,0,256,0,584,325,234,256,256,,1,dfd19b4add52781548985ef780da868e50ce483ab71f119f84cccd194f6fb381,25/06/2023 23:04:45,ESCANER
8019,"Escuintla",5,"San José",9,919,584,7,23,14,0,18,1,0,1,2,0,2,0,2,1,0,0,0,71,4,1,76,0,76,--,581,505,71,76,76,Algún campo sin dato,1,fe881aa38a77d223ceb0499cee3469170434bcdbb116ab646926c586ea2cc0b7,25/06/2023 23:58:45,ESCANER