﻿TIPO_DE_ELECCIÓN:,CORPORACIÓN MUNICIPAL
26 junio 2023 00:28 (UTC -6)
ACTAS_ESPERADAS,ACTAS_CAPTURADAS,PORCENTAJE_ACTAS_CAPTURADAS,ACTAS_CONTABILIZADAS,PORCENTAJE_ACTAS_CONTABILIZADAS,ACTAS_NO_CONTABILIZADAS,LISTA_NOMINAL_ACTAS_CONTABILIZADAS,VOTOS_EMITIDOS_CONTABILIZADAS,PORCENTAJE_PARTICIPACIÓN_CIUDADANA
86,22,25.5813,22,25.5813,0,7741,3667,47.3711

MESA,DEPARTAMENTO,ID_DEPARTAMENTO,MUNICIPIO,ID_MUNICIPIO,CENTRO_DE_VOTACIÓN,PADRÓN,AZUL,WINAQ,PHG,UNE,SEMILLA,U R N G - MAIZ,CABAL,MLP,VAMOS,VICTORIA,TODOS,PODEMOS,CREO,ELEFANTE,PPN,VÁLIDOS,NULOS,BLANCO,EMITIDOS,INVÁLIDOS,TOTAL,IMPUGNACIONES,PAPELETAS-RECIBIDAS,PAPELETAS-NO-USADAS,VALIDOS_CALCULADO,EMITIDOS_CALCULADO,TOTAL_CALCULADO,OBSERVACIONES,CONTABILIZADA,CÓDIGO_INTEGRIDAD,FECHA_HORA_PUBLICACIÓN,DIGITALIZACIÓN
13362,"San Marcos",12,"Comitancillo",4,1830,400,,,,,,,,,,,,,,,,,,,,,,,,,,,,,0,,,
13363,"San Marcos",12,"Comitancillo",4,1830,400,,,,,,,,,,,,,,,,,,,,,,,,,,,,,0,,,
13364,"San Marcos",12,"Comitancillo",4,1830,400,,,,,,,,,,,,,,,,,,,,,,,,,,,,,0,,,
13365,"San Marcos",12,"Comitancillo",4,1830,400,,,,,,,,,,,,,,,,,,,,,,,,,,,,,0,,,
13366,"San Marcos",12,"Comitancillo",4,1830,400,2,35,55,64,12,3,23,3,43,1,0,3,0,0,1,245,5,7,257,0,257,0,400,143,245,257,257,,1,c6b34835e21a352c391a2ed1ea1374126c79d26156eb970260733aaa82642175,25/06/2023 23:52:50,ESCANER
13367,"San Marcos",12,"Comitancillo",4,1831,400,,,,,,,,,,,,,,,,,,,,,,,,,,,,,0,,,
13368,"San Marcos",12,"Comitancillo",4,1831,372,,,,,,,,,,,,,,,,,,,,,,,,,,,,,0,,,
13369,"San Marcos",12,"Comitancillo",4,1831,371,0,21,47,50,20,0,19,4,31,1,0,0,0,0,0,193,2,0,195,1,196,--,368,175,193,195,196,Algún campo sin dato,1,ec732d7bfe3badc1341d064a40f2feea034058f331d3971eb52c5eb5d645d129,25/06/2023 23:41:49,ESCANER
13370,"San Marcos",12,"Comitancillo",4,1832,400,,,,,,,,,,,,,,,,,,,,,,,,,,,,,0,,,
13371,"San Marcos",12,"Comitancillo",4,1832,400,,,,,,,,,,,,,,,,,,,,,,,,,,,,,0,,,
13372,"San Marcos",12,"Comitancillo",4,1832,400,,,,,,,,,,,,,,,,,,,,,,,,,,,,,0,,,
13373,"San Marcos",12,"Comitancillo",4,1833,340,9,21,32,37,4,1,12,0,19,2,0,0,3,0,0,140,5,1,146,0,146,0,340,194,140,146,146,,1,3809186bd90e2389087f9c4784e9af5a15aa8ef8e16e1e9cb9d74778920292be,25/06/2023 23:32:36,ESCANER
13374,"San Marcos",12,"Comitancillo",4,1833,340,1,13,34,32,4,0,14,1,29,0,0,0,1,0,0,129,6,1,136,0,136,0,340,204,129,136,136,,1,d5a7c98cf255a8bb263de80df86950f1dea68d04f4ba294e30961759bb807b7d,25/06/2023 23:39:01,ESCANER
13375,"San Marcos",12,"Comitancillo",4,1834,380,,,,,,,,,,,,,,,,,,,,,,,,,,,,,0,,,
13376,"San Marcos",12,"Comitancillo",4,1834,380,,,,,,,,,,,,,,,,,,,,,,,,,,,,,0,,,
13377,"San Marcos",12,"Comitancillo",4,1834,380,,,,,,,,,,,,,,,,,,,,,,,,,,,,,0,,,
13378,"San Marcos",12,"Comitancillo",4,1834,380,,,,,,,,,,,,,,,,,,,,,,,,,,,,,0,,,
13379,"San Marcos",12,"Comitancillo",4,1834,380,,,,,,,,,,,,,,,,,,,,,,,,,,,,,0,,,
13380,"San Marcos",12,"Comitancillo",4,1834,380,,,,,,,,,,,,,,,,,,,,,,,,,,,,,0,,,
13381,"San Marcos",12,"Comitancillo",4,1835,380,,,,,,,,,,,,,,,,,,,,,,,,,,,,,0,,,
13382,"San Marcos",12,"Comitancillo",4,1835,380,,,,,,,,,,,,,,,,,,,,,,,,,,,,,0,,,
13383,"San Marcos",12,"Comitancillo",4,1835,380,3,10,32,94,4,0,11,2,27,1,0,0,0,0,0,184,0,0,184,0,184,--,380,196,184,184,184,Algún campo sin dato,1,9e29fb793edba096274d101d973bfacb61c44ef7d9ca45a7a1add4c02c02fa99,25/06/2023 23:42:52,ESCANER
13384,"San Marcos",12,"Comitancillo",4,1835,273,,,,,,,,,,,,,,,,,,,,,,,,,,,,,0,,,
13385,"San Marcos",12,"Comitancillo",4,1835,273,1,7,23,46,2,1,11,1,22,1,0,0,0,0,0,115,1,3,119,0,119,--,273,154,115,119,119,Algún campo sin dato,1,55dbd81faf6e754fdd856996dd2cfaba99f4ae58505c5584ba00918b18a5923e,25/06/2023 23:52:49,ESCANER
13386,"San Marcos",12,"Comitancillo",4,1836,380,,,,,,,,,,,,,,,,,,,,,,,,,,,,,0,,,
13387,"San Marcos",12,"Comitancillo",4,1836,380,,,,,,,,,,,,,,,,,,,,,,,,,,,,,0,,,
13388,"San Marcos",12,"Comitancillo",4,1836,380,,,,,,,,,,,,,,,,,,,,,,,,,,,,,0,,,
13389,"San Marcos",12,"Comitancillo",4,1836,380,,,,,,,,,,,,,,,,,,,,,,,,,,,,,0,,,
13390,"San Marcos",12,"Comitancillo",4,1837,380,1,66,34,31,1,2,28,3,23,1,0,0,0,0,0,190,10,4,204,0,204,--,380,176,190,204,204,Algún campo sin dato,1,d679843dee9d213e90b3361f3f40807f1ab7d95adc593e3d4c62292f927d0559,25/06/2023 23:17:14,ESCANER
13391,"San Marcos",12,"Comitancillo",4,1837,323,0,51,31,24,2,0,21,0,21,0,0,0,0,0,0,150,5,1,156,0,156,0,323,167,150,156,156,,1,62d88ecd1884295ea5605743f82eccbc1a40af9c05a8b599b54b8ece9f347311,25/06/2023 23:44:58,ESCANER
13392,"San Marcos",12,"Comitancillo",4,1837,322,1,64,25,24,2,0,14,0,18,1,0,0,0,0,0,149,2,2,153,0,153,--,322,169,149,153,153,Algún campo sin dato,1,4e3f0db68d12728dcc1829c94d57489dbfcc5291d15ea3f29f7ba507f46d46b5,25/06/2023 23:01:12,ESCANER
13393,"San Marcos",12,"Comitancillo",4,1838,380,,,,,,,,,,,,,,,,,,,,,,,,,,,,,0,,,
13394,"San Marcos",12,"Comitancillo",4,1838,380,,,,,,,,,,,,,,,,,,,,,,,,,,,,,0,,,
13395,"San Marcos",12,"Comitancillo",4,1838,380,,,,,,,,,,,,,,,,,,,,,,,,,,,,,0,,,
13396,"San Marcos",12,"Comitancillo",4,1838,380,,,,,,,,,,,,,,,,,,,,,,,,,,,,,0,,,
13397,"San Marcos",12,"Comitancillo",4,1838,380,,,,,,,,,,,,,,,,,,,,,,,,,,,,,0,,,
13398,"San Marcos",12,"Comitancillo",4,1838,380,0,15,76,82,0,1,15,0,64,0,1,0,0,0,0,254,6,11,271,0,271,0,380,109,254,271,271,,1,014416e035a12423f44497206ecc2412af9da89f3bc3a48d9526cc432f5607dd,25/06/2023 22:41:52,ESCANER
13399,"San Marcos",12,"Comitancillo",4,1838,380,,,,,,,,,,,,,,,,,,,,,,,,,,,,,0,,,
13400,"San Marcos",12,"Comitancillo",4,1838,380,1,12,76,69,2,1,20,0,49,0,1,0,0,0,0,231,18,5,254,0,254,0,380,126,231,254,254,,1,184e446f41eb01411b51cd214bbeca9b6de606976fa7b05ec005ec901e2a9a04,25/06/2023 23:46:50,ESCANER
13401,"San Marcos",12,"Comitancillo",4,1838,380,1,4,63,62,2,0,19,1,40,1,2,0,0,0,0,195,7,4,206,0,206,0,380,174,195,206,206,,1,144abe9a7167db83728af6c381883a026d299ff4cf68948ef67f140f40d615d8,26/06/2023 00:16:31,ESCANER
13402,"San Marcos",12,"Comitancillo",4,1839,380,3,5,78,49,3,0,10,0,46,0,6,0,0,0,0,200,2,1,203,0,203,0,380,177,200,203,203,,1,46aa7e2bde59c5560b2a0213ade08a43d507e0587d333b355d3cdfe7fc768577,25/06/2023 23:10:08,ESCANER
13403,"San Marcos",12,"Comitancillo",4,1839,200,0,1,36,37,0,0,4,1,22,1,1,0,0,0,0,103,4,3,110,0,110,0,200,90,103,110,110,,1,c4e6857e88fb1d47645faae44c4146c4c28364ae7abfbb02412834fa285a220c,25/06/2023 23:31:04,ESCANER
13404,"San Marcos",12,"Comitancillo",4,1839,200,0,4,29,24,0,0,7,0,28,0,1,0,0,0,0,93,3,2,98,0,98,0,196,98,93,98,98,,1,5dfa4d3f5faa689a735b7d85d4b96638ffdb55765e707a22bbae534b9d159dc1,25/06/2023 22:01:31,ESCANER
13405,"San Marcos",12,"Comitancillo",4,1840,380,,,,,,,,,,,,,,,,,,,,,,,,,,,,,0,,,
13406,"San Marcos",12,"Comitancillo",4,1840,380,,,,,,,,,,,,,,,,,,,,,,,,,,,,,0,,,
13407,"San Marcos",12,"Comitancillo",4,1840,380,,,,,,,,,,,,,,,,,,,,,,,,,,,,,0,,,
13408,"San Marcos",12,"Comitancillo",4,1841,342,,,,,,,,,,,,,,,,,,,,,,,,,,,,,0,,,
13409,"San Marcos",12,"Comitancillo",4,1841,341,,,,,,,,,,,,,,,,,,,,,,,,,,,,,0,,,
13410,"San Marcos",12,"Comitancillo",4,1842,380,,,,,,,,,,,,,,,,,,,,,,,,,,,,,0,,,
13411,"San Marcos",12,"Comitancillo",4,1842,380,,,,,,,,,,,,,,,,,,,,,,,,,,,,,0,,,
13412,"San Marcos",12,"Comitancillo",4,1842,380,,,,,,,,,,,,,,,,,,,,,,,,,,,,,0,,,
13413,"San Marcos",12,"Comitancillo",4,1842,380,,,,,,,,,,,,,,,,,,,,,,,,,,,,,0,,,
13414,"San Marcos",12,"Comitancillo",4,1843,342,,,,,,,,,,,,,,,,,,,,,,,,,,,,,0,,,
13415,"San Marcos",12,"Comitancillo",4,1843,342,,,,,,,,,,,,,,,,,,,,,,,,,,,,,0,,,
13416,"San Marcos",12,"Comitancillo",4,1844,380,,,,,,,,,,,,,,,,,,,,,,,,,,,,,0,,,
13417,"San Marcos",12,"Comitancillo",4,1844,380,,,,,,,,,,,,,,,,,,,,,,,,,,,,,0,,,
13418,"San Marcos",12,"Comitancillo",4,1844,380,,,,,,,,,,,,,,,,,,,,,,,,,,,,,0,,,
13419,"San Marcos",12,"Comitancillo",4,1844,380,,,,,,,,,,,,,,,,,,,,,,,,,,,,,0,,,
13420,"San Marcos",12,"Comitancillo",4,1844,279,,,,,,,,,,,,,,,,,,,,,,,,,,,,,0,,,
13421,"San Marcos",12,"Comitancillo",4,1844,279,,,,,,,,,,,,,,,,,,,,,,,,,,,,,0,,,
13422,"San Marcos",12,"Comitancillo",4,1845,380,,,,,,,,,,,,,,,,,,,,,,,,,,,,,0,,,
13423,"San Marcos",12,"Comitancillo",4,1845,380,1,85,30,85,5,0,4,0,28,1,0,0,0,1,0,240,28,4,272,0,272,0,380,108,240,272,272,,1,b7b89cfb94aa74607159b52859c34a8597579444fe5477182520c328d2b3efb0,26/06/2023 00:25:55,ESCANER
13424,"San Marcos",12,"Comitancillo",4,1845,380,,,,,,,,,,,,,,,,,,,,,,,,,,,,,0,,,
13425,"San Marcos",12,"Comitancillo",4,1845,380,,,,,,,,,,,,,,,,,,,,,,,,,,,,,0,,,
13426,"San Marcos",12,"Comitancillo",4,1845,368,,,,,,,,,,,,,,,,,,,,,,,,,,,,,0,,,
13427,"San Marcos",12,"Comitancillo",4,1845,368,0,45,20,41,1,0,6,0,12,1,0,0,0,2,0,128,1,1,130,0,130,--,368,238,128,130,130,Algún campo sin dato,1,0998a18137096bf268d8299d3827c1cfadcf665c2d5cce12608d530be70ac79b,26/06/2023 00:10:04,ESCANER
13428,"San Marcos",12,"Comitancillo",4,1846,380,,,,,,,,,,,,,,,,,,,,,,,,,,,,,0,,,
13429,"San Marcos",12,"Comitancillo",4,1846,380,,,,,,,,,,,,,,,,,,,,,,,,,,,,,0,,,
13430,"San Marcos",12,"Comitancillo",4,1846,380,,,,,,,,,,,,,,,,,,,,,,,,,,,,,0,,,
13431,"San Marcos",12,"Comitancillo",4,1847,309,,,,,,,,,,,,,,,,,,,,,,,,,,,,,0,,,
13432,"San Marcos",12,"Comitancillo",4,1847,308,,,,,,,,,,,,,,,,,,,,,,,,,,,,,0,,,
13433,"San Marcos",12,"Comitancillo",4,1848,380,,,,,,,,,,,,,,,,,,,,,,,,,,,,,0,,,
13434,"San Marcos",12,"Comitancillo",4,1848,380,,,,,,,,,,,,,,,,,,,,,,,,,,,,,0,,,
13435,"San Marcos",12,"Comitancillo",4,1848,380,,,,,,,,,,,,,,,,,,,,,,,,,,,,,0,,,
13436,"San Marcos",12,"Comitancillo",4,1849,380,,,,,,,,,,,,,,,,,,,,,,,,,,,,,0,,,
13437,"San Marcos",12,"Comitancillo",4,1849,365,2,6,58,25,2,1,20,0,16,0,1,0,1,2,1,135,20,16,171,0,171,--,365,193,135,171,171,Algún campo sin dato,1,af748ff058c7e1ba8aa448412c1d344c11a35f2c9df0cd5324e71ac5c3126ab6,26/06/2023 00:16:44,ESCANER
13438,"San Marcos",12,"Comitancillo",4,1850,364,2,6,38,27,1,2,23,0,15,1,0,0,0,0,1,116,12,3,131,0,131,0,361,230,116,131,131,,1,8478d858937552d495bf890cab909d62185ff41328c111aba034e461d9e1e457,25/06/2023 23:44:51,ESCANER
13439,"San Marcos",12,"Comitancillo",4,1851,380,,,,,,,,,,,,,,,,,,,,,,,,,,,,,0,,,
13440,"San Marcos",12,"Comitancillo",4,1851,380,,,,,,,,,,,,,,,,,,,,,,,,,,,,,0,,,
13441,"San Marcos",12,"Comitancillo",4,1851,380,,,,,,,,,,,,,,,,,,,,,,,,,,,,,0,,,
13442,"San Marcos",12,"Comitancillo",4,1851,380,,,,,,,,,,,,,,,,,,,,,,,,,,,,,0,,,
13443,"San Marcos",12,"Comitancillo",4,1851,380,,,,,,,,,,,,,,,,,,,,,,,,,,,,,0,,,
13444,"San Marcos",12,"Comitancillo",4,1852,354,0,8,31,54,2,0,31,1,18,2,0,0,0,0,0,147,1,1,149,0,149,0,354,205,147,149,149,,1,87a1b0469e6e3025925a93c46ee9c01476837ada6576ed2f555652b5ce704e96,25/06/2023 22:58:03,ESCANER
13445,"San Marcos",12,"Comitancillo",4,1852,354,,,,,,,,,,,,,,,,,,,,,,,,,,,,,0,,,
13446,"San Marcos",12,"Comitancillo",4,1853,431,3,13,14,12,2,1,6,0,13,0,1,0,0,3,0,68,5,5,78,0,78,0,431,353,68,78,78,,1,2c0337236a71a4cd7f32e88529e3111abb983f2c8827f441078df5ed9d619476,25/06/2023 23:07:51,ESCANER
13447,"San Marcos",12,"Comitancillo",4,1853,430,1,8,9,6,3,1,4,0,9,0,0,0,0,0,0,41,3,0,44,0,44,--,430,386,41,44,44,Algún campo sin dato,1,d2d5aee03907ea70c8d217809e17c92879dfa23cf0c1892466e453541bc3816c,25/06/2023 21:29:27,ESCANER