﻿TIPO_DE_ELECCIÓN:,CORPORACIÓN MUNICIPAL
26 junio 2023 00:28 (UTC -6)
ACTAS_ESPERADAS,ACTAS_CAPTURADAS,PORCENTAJE_ACTAS_CAPTURADAS,ACTAS_CONTABILIZADAS,PORCENTAJE_ACTAS_CONTABILIZADAS,ACTAS_NO_CONTABILIZADAS,LISTA_NOMINAL_ACTAS_CONTABILIZADAS,VOTOS_EMITIDOS_CONTABILIZADAS,PORCENTAJE_PARTICIPACIÓN_CIUDADANA
34,14,41.1764,14,41.1764,0,4917,3207,65.2226

MESA,DEPARTAMENTO,ID_DEPARTAMENTO,MUNICIPIO,ID_MUNICIPIO,CENTRO_DE_VOTACIÓN,PADRÓN,CABAL,PPN,CREO,VOS,MI FAMILIA,UNE,TODOS,CCLE,BIEN,VAMOS,PHG,VIVA,CAMBIO,VALOR UNIONISTA,VÁLIDOS,NULOS,BLANCO,EMITIDOS,INVÁLIDOS,TOTAL,IMPUGNACIONES,PAPELETAS-RECIBIDAS,PAPELETAS-NO-USADAS,VALIDOS_CALCULADO,EMITIDOS_CALCULADO,TOTAL_CALCULADO,OBSERVACIONES,CONTABILIZADA,CÓDIGO_INTEGRIDAD,FECHA_HORA_PUBLICACIÓN,DIGITALIZACIÓN
11667,"Quetzaltenango",9,"La Esperanza",23,1564,400,,,,,,,,,,,,,,,,,,,,,,,,,,,,0,,,
11668,"Quetzaltenango",9,"La Esperanza",23,1564,400,,,,,,,,,,,,,,,,,,,,,,,,,,,,0,,,
11669,"Quetzaltenango",9,"La Esperanza",23,1564,400,,,,,,,,,,,,,,,,,,,,,,,,,,,,0,,,
11670,"Quetzaltenango",9,"La Esperanza",23,1564,400,44,6,10,14,6,3,18,36,17,40,38,52,6,1,291,6,8,305,0,305,--,400,95,291,305,305,Algún campo sin dato,1,ab796f4f4fffe4f00e74efa694577384e098a652a9c4909e50742d76651c71e7,26/06/2023 00:22:50,ESCANER
11671,"Quetzaltenango",9,"La Esperanza",23,1564,400,,,,,,,,,,,,,,,,,,,,,,,,,,,,0,,,
11672,"Quetzaltenango",9,"La Esperanza",23,1564,400,,,,,,,,,,,,,,,,,,,,,,,,,,,,0,,,
11673,"Quetzaltenango",9,"La Esperanza",23,1564,400,,,,,,,,,,,,,,,,,,,,,,,,,,,,0,,,
11674,"Quetzaltenango",9,"La Esperanza",23,1564,400,46,6,6,16,9,1,13,29,21,27,31,37,4,3,249,13,3,265,0,265,--,401,136,249,265,265,Algún campo sin dato,1,03d8210a31ee4051579c5b92eb373fd5d8d6e7de2a7563b2bf1bbb681d6dbeb2,26/06/2023 00:11:23,ESCANER
11675,"Quetzaltenango",9,"La Esperanza",23,1564,400,61,4,5,8,9,4,9,32,25,26,27,52,6,2,270,12,3,285,0,285,--,400,115,270,285,285,Algún campo sin dato,1,537e629a135132b2817f37ec976ab1827269ec52d05add4c55f15cd2846381a9,25/06/2023 23:19:03,ESCANER
11676,"Quetzaltenango",9,"La Esperanza",23,1564,400,42,8,15,10,5,3,27,18,20,27,30,60,3,4,272,12,3,272,1,288,--,400,112,272,287,288,Sumas Asentadas sin cuadrar,1,c97e6292d2a0d4b5696cd52506b4e9f7c3c966d592c1007d7da2a71acdf4a1bf,25/06/2023 23:17:04,ESCANER
11677,"Quetzaltenango",9,"La Esperanza",23,1564,400,,,,,,,,,,,,,,,,,,,,,,,,,,,,0,,,
11678,"Quetzaltenango",9,"La Esperanza",23,1564,400,39,5,9,8,5,1,14,23,32,36,35,63,3,0,273,10,1,284,0,284,--,400,116,273,284,284,Algún campo sin dato,1,fb7d90492cc885d1ebd9e5bfd7b981ecde28a025130fea3c7aff0048af2fe514,26/06/2023 00:03:42,ESCANER
11679,"Quetzaltenango",9,"La Esperanza",23,1564,400,45,10,3,13,6,0,25,27,22,28,30,42,4,1,256,6,0,262,0,262,--,399,137,256,262,262,Algún campo sin dato,1,c22092c0de5c25bfd851f72f069004dd5236a42eea2c6a9d3e8932388eb848f3,25/06/2023 23:51:11,ESCANER
11680,"Quetzaltenango",9,"La Esperanza",23,1565,400,30,8,6,16,4,0,19,31,20,24,27,40,4,1,230,3,0,233,0,233,--,399,166,230,233,233,Algún campo sin dato,1,c047eb97933e4862e1b34cd027eba637cfb6ad636c9992ca0cd5715c81b3446d,25/06/2023 22:59:06,ESCANER
11681,"Quetzaltenango",9,"La Esperanza",23,1565,400,,,,,,,,,,,,,,,,,,,,,,,,,,,,0,,,
11682,"Quetzaltenango",9,"La Esperanza",23,1565,400,57,1,10,9,6,0,10,37,21,24,27,50,2,2,256,6,0,262,0,262,--,401,139,256,262,262,Algún campo sin dato,1,07cfab20382bd3f15c8a4a0365aa36cce3f7bd230736c169c1e5069d107a6197,25/06/2023 23:19:56,ESCANER
11683,"Quetzaltenango",9,"La Esperanza",23,1565,236,34,6,8,6,2,0,6,15,18,16,24,29,1,0,165,2,0,167,0,167,--,235,68,165,167,167,Algún campo sin dato,1,dbe060291b7e477b6ebcd2b224c17f7dbc6e6aabc4ccf60a7311f40a876bbad1,25/06/2023 22:17:35,ESCANER
11684,"Quetzaltenango",9,"La Esperanza",23,1565,235,18,4,7,8,2,1,5,5,7,15,23,14,1,0,110,1,0,111,0,111,--,236,125,110,111,111,Algún campo sin dato,1,87744987fc08fa13eafdfb834a9c7fe8f0911087290ff103d596ec82c3ba659a,25/06/2023 22:34:08,ESCANER
11685,"Quetzaltenango",9,"La Esperanza",23,1566,400,92,2,7,16,10,2,7,43,22,20,13,28,4,1,267,14,4,285,0,285,--,401,116,267,285,285,Algún campo sin dato,1,016367ed4d3af78ccc7f6dce63d4ea90450fd6f10923fb48ec7bf014641418a2,25/06/2023 23:06:44,ESCANER
11686,"Quetzaltenango",9,"La Esperanza",23,1566,400,,,,,,,,,,,,,,,,,,,,,,,,,,,,0,,,
11687,"Quetzaltenango",9,"La Esperanza",23,1566,400,,,,,,,,,,,,,,,,,,,,,,,,,,,,0,,,
11688,"Quetzaltenango",9,"La Esperanza",23,1566,400,,,,,,,,,,,,,,,,,,,,,,,,,,,,0,,,
11689,"Quetzaltenango",9,"La Esperanza",23,1566,400,,,,,,,,,,,,,,,,,,,,,,,,,,,,0,,,
11690,"Quetzaltenango",9,"La Esperanza",23,1566,400,,,,,,,,,,,,,,,,,,,,,,,,,,,,0,,,
11691,"Quetzaltenango",9,"La Esperanza",23,1566,400,,,,,,,,,,,,,,,,,,,,,,,,,,,,0,,,
11692,"Quetzaltenango",9,"La Esperanza",23,1566,400,,,,,,,,,,,,,,,,,,,,,,,,,,,,0,,,
11693,"Quetzaltenango",9,"La Esperanza",23,1566,400,,,,,,,,,,,,,,,,,,,,,,,,,,,,0,,,
11694,"Quetzaltenango",9,"La Esperanza",23,1567,400,,,,,,,,,,,,,,,,,,,,,,,,,,,,0,,,
11695,"Quetzaltenango",9,"La Esperanza",23,1567,230,46,1,4,4,2,0,4,20,16,15,14,26,1,0,153,4,0,157,0,157,--,230,73,153,157,157,Algún campo sin dato,1,4f97ab51232b81c1bd018268e1d2182b46b0b5279791e16c1947f4cc92bd8262,25/06/2023 22:18:13,ESCANER
11696,"Quetzaltenango",9,"La Esperanza",23,1567,230,31,6,5,6,3,1,5,13,15,13,15,17,0,0,130,3,0,133,0,133,--,230,97,130,133,133,Algún campo sin dato,1,b5b1b7c5d31e20b09e1fbf4a973796c162cb4a5a452c38daec3936877e0281b5,25/06/2023 23:30:48,ESCANER
11697,"Quetzaltenango",9,"La Esperanza",23,1568,290,,,,,,,,,,,,,,,,,,,,,,,,,,,,0,,,
11698,"Quetzaltenango",9,"La Esperanza",23,1568,290,,,,,,,,,,,,,,,,,,,,,,,,,,,,0,,,
11699,"Quetzaltenango",9,"La Esperanza",23,1569,386,44,3,9,5,13,1,2,25,6,6,20,25,2,0,161,6,4,171,0,171,--,386,215,161,171,171,Algún campo sin dato,1,7e0bed029fa25c9f9db9237e54568e66ca877d95808c0f22037a01bd425dae5e,26/06/2023 00:11:31,ESCANER
11700,"Quetzaltenango",9,"La Esperanza",23,1569,386,,,,,,,,,,,,,,,,,,,,,,,,,,,,0,,,