﻿TIPO_DE_ELECCIÓN:,CORPORACIÓN MUNICIPAL
26 junio 2023 00:28 (UTC -6)
ACTAS_ESPERADAS,ACTAS_CAPTURADAS,PORCENTAJE_ACTAS_CAPTURADAS,ACTAS_CONTABILIZADAS,PORCENTAJE_ACTAS_CONTABILIZADAS,ACTAS_NO_CONTABILIZADAS,LISTA_NOMINAL_ACTAS_CONTABILIZADAS,VOTOS_EMITIDOS_CONTABILIZADAS,PORCENTAJE_PARTICIPACIÓN_CIUDADANA
28,11,39.2857,11,39.2857,0,4059,3154,77.7038

MESA,DEPARTAMENTO,ID_DEPARTAMENTO,MUNICIPIO,ID_MUNICIPIO,CENTRO_DE_VOTACIÓN,PADRÓN,M.U.P,CABAL,VAMOS,UNE,VÁLIDOS,NULOS,BLANCO,EMITIDOS,INVÁLIDOS,TOTAL,IMPUGNACIONES,PAPELETAS-RECIBIDAS,PAPELETAS-NO-USADAS,VALIDOS_CALCULADO,EMITIDOS_CALCULADO,TOTAL_CALCULADO,OBSERVACIONES,CONTABILIZADA,CÓDIGO_INTEGRIDAD,FECHA_HORA_PUBLICACIÓN,DIGITALIZACIÓN
5474,"Sacatepéquez",2,"Pastores",3,553,400,107,158,4,14,283,13,3,299,0,299,--,404,105,283,299,299,Algún campo sin dato,1,8cacc8144e598b82ba68d7a7a867216cf093e9651fd7e8f61fdf6dbd2999afd4,26/06/2023 00:25:37,ESCANER
5475,"Sacatepéquez",2,"Pastores",3,553,400,118,168,7,15,308,13,3,324,0,324,--,400,76,308,324,324,Algún campo sin dato,1,47016051422cac81cbbfd5f0ea95cdd783454d23fed7bbe2054815b871c4b447,25/06/2023 23:09:29,ESCANER
5476,"Sacatepéquez",2,"Pastores",3,553,400,,,,,,,,,,,,,,,,,,0,,,
5477,"Sacatepéquez",2,"Pastores",3,553,400,114,186,4,10,314,6,0,320,0,320,--,400,80,314,320,320,Algún campo sin dato,1,9e75c5b45aeb6c1747c341ad7405cfb825425c8a759a4d3e579b4aeffc9dfd6b,25/06/2023 23:29:28,ESCANER
5478,"Sacatepéquez",2,"Pastores",3,554,400,,,,,,,,,,,,,,,,,,0,,,
5479,"Sacatepéquez",2,"Pastores",3,554,400,,,,,,,,,,,,,,,,,,0,,,
5480,"Sacatepéquez",2,"Pastores",3,554,400,138,167,2,17,324,9,4,337,0,337,--,400,63,324,337,337,Algún campo sin dato,1,4f86bae548c5af243fc3a4598ea2a2035fa67abae40ed013062e2d6aa792bee9,25/06/2023 23:06:42,ESCANER
5481,"Sacatepéquez",2,"Pastores",3,554,400,125,173,5,18,321,12,4,337,0,337,--,--,--,321,337,337,Algún campo sin dato,1,ce2ab3f701cb97de98a07406c1bda35502bc12a2f2cfb66538c9d73665957dc8,26/06/2023 00:27:50,ESCANER
5482,"Sacatepéquez",2,"Pastores",3,554,400,,,,,,,,,,,,,,,,,,0,,,
5483,"Sacatepéquez",2,"Pastores",3,554,400,103,179,5,22,309,4,2,315,0,315,--,400,85,309,315,315,Algún campo sin dato,1,b526123cc78a9cc892c0a827203129a94faebae3246b67f2573fd9ab3d8ddf89,25/06/2023 23:20:53,ESCANER
5484,"Sacatepéquez",2,"Pastores",3,555,400,87,174,5,18,284,15,5,304,--,304,--,400,96,284,304,304,Algún campo sin dato,1,8a7b8d964d151ebab29fb6128d95a6e67592269f04468b0c3d0213895a2d7290,25/06/2023 23:42:53,ESCANER
5485,"Sacatepéquez",2,"Pastores",3,555,400,,,,,,,,,,,,,,,,,,0,,,
5486,"Sacatepéquez",2,"Pastores",3,556,400,,,,,,,,,,,,,,,,,,0,,,
5487,"Sacatepéquez",2,"Pastores",3,556,400,,,,,,,,,,,,,,,,,,0,,,
5488,"Sacatepéquez",2,"Pastores",3,556,400,,,,,,,,,,,,,,,,,,0,,,
5489,"Sacatepéquez",2,"Pastores",3,556,400,,,,,,,,,,,,,,,,,,0,,,
5490,"Sacatepéquez",2,"Pastores",3,557,400,,,,,,,,,,,,,,,,,,0,,,
5491,"Sacatepéquez",2,"Pastores",3,557,400,102,159,13,12,286,15,2,303,0,303,--,400,97,286,303,303,Algún campo sin dato,1,1696dbaf08a764a2d3eeefc8294dca81642b83507d28a4fb6ce69acec5c4ecdd,25/06/2023 23:46:54,ESCANER
5492,"Sacatepéquez",2,"Pastores",3,557,400,113,153,4,11,281,18,2,301,0,301,--,400,99,281,301,301,Algún campo sin dato,1,b6b4fb0e4662321f0970a87b702ee8466007c0b5c83be8c91d2a30c2eb701984,25/06/2023 23:55:38,ESCANER
5493,"Sacatepéquez",2,"Pastores",3,558,400,,,,,,,,,,,,,,,,,,0,,,
5494,"Sacatepéquez",2,"Pastores",3,558,400,,,,,,,,,,,,,,,,,,0,,,
5495,"Sacatepéquez",2,"Pastores",3,558,400,,,,,,,,,,,,,,,,,,0,,,
5496,"Sacatepéquez",2,"Pastores",3,559,400,,,,,,,,,,,,,,,,,,0,,,
5497,"Sacatepéquez",2,"Pastores",3,559,400,,,,,,,,,,,,,,,,,,0,,,
5498,"Sacatepéquez",2,"Pastores",3,559,400,,,,,,,,,,,,,,,,,,0,,,
5499,"Sacatepéquez",2,"Pastores",3,559,230,87,60,4,4,155,3,0,158,0,158,--,230,72,155,158,158,Algún campo sin dato,1,aa99eb346450fbdad59aa6ad0dba0eaf35c13caa406f909d83a437a79bbd15b0,25/06/2023 22:26:25,ESCANER
5500,"Sacatepéquez",2,"Pastores",3,559,229,63,79,2,6,150,5,1,156,0,156,--,229,73,150,156,156,Algún campo sin dato,1,4da35109b707ceaf3cb17fa46ab65c74b0c591f0c2f7b25cc0f87a6527a5b1b9,25/06/2023 22:42:05,ESCANER
5501,"Sacatepéquez",2,"Pastores",3,560,349,,,,,,,,,,,,,,,,,,0,,,