﻿TIPO_DE_ELECCIÓN:,CORPORACIÓN MUNICIPAL
26 junio 2023 00:28 (UTC -6)
ACTAS_ESPERADAS,ACTAS_CAPTURADAS,PORCENTAJE_ACTAS_CAPTURADAS,ACTAS_CONTABILIZADAS,PORCENTAJE_ACTAS_CONTABILIZADAS,ACTAS_NO_CONTABILIZADAS,LISTA_NOMINAL_ACTAS_CONTABILIZADAS,VOTOS_EMITIDOS_CONTABILIZADAS,PORCENTAJE_PARTICIPACIÓN_CIUDADANA
68,19,27.9411,19,27.9411,0,7268,3234,44.4964

MESA,DEPARTAMENTO,ID_DEPARTAMENTO,MUNICIPIO,ID_MUNICIPIO,CENTRO_DE_VOTACIÓN,PADRÓN,CABAL,VAMOS,VALOR,BIEN,UNE,PPN,AZUL,MLP,VIVA,VICTORIA,U R N G - MAIZ,UR,PODEMOS,SEMILLA,VÁLIDOS,NULOS,BLANCO,EMITIDOS,INVÁLIDOS,TOTAL,IMPUGNACIONES,PAPELETAS-RECIBIDAS,PAPELETAS-NO-USADAS,VALIDOS_CALCULADO,EMITIDOS_CALCULADO,TOTAL_CALCULADO,OBSERVACIONES,CONTABILIZADA,CÓDIGO_INTEGRIDAD,FECHA_HORA_PUBLICACIÓN,DIGITALIZACIÓN
12879,"Retalhuleu",11,"San Andrés Villa Seca",6,1759,400,,,,,,,,,,,,,,,,,,,,,,,,,,,,0,,,
12880,"Retalhuleu",11,"San Andrés Villa Seca",6,1759,400,,,,,,,,,,,,,,,,,,,,,,,,,,,,0,,,
12881,"Retalhuleu",11,"San Andrés Villa Seca",6,1759,400,,,,,,,,,,,,,,,,,,,,,,,,,,,,0,,,
12882,"Retalhuleu",11,"San Andrés Villa Seca",6,1759,400,9,37,25,0,151,12,1,4,8,5,1,0,0,7,260,11,5,276,0,276,--,400,124,260,276,276,Algún campo sin dato,1,fea8cdc77e21744179bcbcde0726e259b472125d4e2f0953f790dfa08ec9d110,25/06/2023 23:06:51,ESCANER
12883,"Retalhuleu",11,"San Andrés Villa Seca",6,1760,400,,,,,,,,,,,,,,,,,,,,,,,,,,,,0,,,
12884,"Retalhuleu",11,"San Andrés Villa Seca",6,1760,400,,,,,,,,,,,,,,,,,,,,,,,,,,,,0,,,
12885,"Retalhuleu",11,"San Andrés Villa Seca",6,1760,319,4,36,25,0,109,10,0,1,4,4,2,0,0,13,208,7,1,216,0,216,--,319,103,208,216,216,Algún campo sin dato,1,56f8894dcbddbb4de74b8653e1d2051417863bd6fb85924f656bbfe043eabe59,25/06/2023 22:55:57,ESCANER
12886,"Retalhuleu",11,"San Andrés Villa Seca",6,1760,319,8,27,13,1,78,18,1,0,2,1,0,0,0,8,157,6,2,165,0,165,--,319,154,157,165,165,Algún campo sin dato,1,6331c7d77e2eb42feaff62e6024501e90c120dbee969a786e858fb538caacd18,25/06/2023 21:52:01,ESCANER
12887,"Retalhuleu",11,"San Andrés Villa Seca",6,1761,400,,,,,,,,,,,,,,,,,,,,,,,,,,,,0,,,
12888,"Retalhuleu",11,"San Andrés Villa Seca",6,1761,400,,,,,,,,,,,,,,,,,,,,,,,,,,,,0,,,
12889,"Retalhuleu",11,"San Andrés Villa Seca",6,1761,400,,,,,,,,,,,,,,,,,,,,,,,,,,,,0,,,
12890,"Retalhuleu",11,"San Andrés Villa Seca",6,1761,400,,,,,,,,,,,,,,,,,,,,,,,,,,,,0,,,
12891,"Retalhuleu",11,"San Andrés Villa Seca",6,1761,253,,,,,,,,,,,,,,,,,,,,,,,,,,,,0,,,
12892,"Retalhuleu",11,"San Andrés Villa Seca",6,1761,252,,,,,,,,,,,,,,,,,,,,,,,,,,,,0,,,
12893,"Retalhuleu",11,"San Andrés Villa Seca",6,1762,380,,,,,,,,,,,,,,,,,,,,,,,,,,,,0,,,
12894,"Retalhuleu",11,"San Andrés Villa Seca",6,1762,380,21,114,2,2,37,4,2,3,4,2,2,0,1,1,195,17,8,220,0,220,--,380,160,195,220,220,Algún campo sin dato,1,520c0b6c62549195008fa682d4d93543260ddbd60c7f3324f748ff17c241a324,26/06/2023 00:23:23,ESCANER
12895,"Retalhuleu",11,"San Andrés Villa Seca",6,1762,380,,,,,,,,,,,,,,,,,,,,,,,,,,,,0,,,
12896,"Retalhuleu",11,"San Andrés Villa Seca",6,1762,320,19,74,6,1,31,4,5,0,2,3,0,0,1,1,147,11,1,159,2,161,--,320,159,147,159,161,Algún campo sin dato,1,ebf040144139ae3ad9138fc09ebc7046f9eafd5a6ac23ad8d1c56903e17b1763,25/06/2023 23:39:44,ESCANER
12897,"Retalhuleu",11,"San Andrés Villa Seca",6,1762,320,22,94,2,4,13,3,4,1,2,2,1,0,0,1,149,5,0,154,6,160,--,320,160,149,154,160,Algún campo sin dato,1,3ef538001f26d6b39d42f1ed87ec71d0e4be0fedf09b2ac4f0f3c486d85a6f47,25/06/2023 22:07:12,ESCANER
12898,"Retalhuleu",11,"San Andrés Villa Seca",6,1763,380,,,,,,,,,,,,,,,,,,,,,,,,,,,,0,,,
12899,"Retalhuleu",11,"San Andrés Villa Seca",6,1763,380,,,,,,,,,,,,,,,,,,,,,,,,,,,,0,,,
12900,"Retalhuleu",11,"San Andrés Villa Seca",6,1763,380,,,,,,,,,,,,,,,,,,,,,,,,,,,,0,,,
12901,"Retalhuleu",11,"San Andrés Villa Seca",6,1763,380,37,65,5,10,10,19,3,9,4,8,0,0,0,0,170,13,3,186,0,186,0,380,194,170,186,186,,1,9216a3e3dd01381a7812ff1e41f14857ef05de2b32e5657faf6dc7bf69abc924,25/06/2023 22:37:20,ESCANER
12902,"Retalhuleu",11,"San Andrés Villa Seca",6,1763,380,42,64,5,5,9,7,1,11,6,6,0,0,3,1,160,15,3,178,0,178,0,380,202,160,178,178,,1,adbe23d1c7df1482282aa4565a94ef7c514a414b21f8586e0701ab512271a2c2,25/06/2023 22:25:04,ESCANER
12903,"Retalhuleu",11,"San Andrés Villa Seca",6,1763,380,26,52,0,5,14,14,7,2,3,5,3,0,1,0,132,23,8,163,0,163,0,380,217,132,163,163,,1,61319c00a467c63328fd132c5fa1d8c5064c321f2ef870d88780c2799b2ead69,25/06/2023 23:29:51,ESCANER
12904,"Retalhuleu",11,"San Andrés Villa Seca",6,1763,294,25,46,3,7,7,13,1,6,1,2,0,0,3,1,115,6,0,121,0,121,0,294,173,115,121,121,,1,1de78e92bd4173914e138ef83ef5e32c8a962e9cc3afe07be959cb5d18ad3caa,25/06/2023 23:44:43,ESCANER
12905,"Retalhuleu",11,"San Andrés Villa Seca",6,1763,293,31,58,4,2,2,12,1,4,0,3,2,0,1,1,121,9,0,130,0,130,0,293,163,121,130,130,,1,8b7654eb81895a3c5ebe97eb99191a6ea70887948bfd4bd0691f108889f94937,25/06/2023 23:24:58,ESCANER
12906,"Retalhuleu",11,"San Andrés Villa Seca",6,1764,380,,,,,,,,,,,,,,,,,,,,,,,,,,,,0,,,
12907,"Retalhuleu",11,"San Andrés Villa Seca",6,1764,380,24,18,31,1,78,27,0,7,6,4,6,0,2,0,204,43,2,249,0,249,--,377,128,204,249,249,Algún campo sin dato,1,661a88be33865dfc926ebe7458a6629834dd1ccf14af826820d2d9feec61a4a0,26/06/2023 00:12:53,ESCANER
12908,"Retalhuleu",11,"San Andrés Villa Seca",6,1764,380,,,,,,,,,,,,,,,,,,,,,,,,,,,,0,,,
12909,"Retalhuleu",11,"San Andrés Villa Seca",6,1764,380,,,,,,,,,,,,,,,,,,,,,,,,,,,,0,,,
12910,"Retalhuleu",11,"San Andrés Villa Seca",6,1764,380,16,13,32,1,116,18,0,4,6,3,2,2,2,0,215,21,5,241,0,241,--,380,139,215,241,241,Algún campo sin dato,1,48d7210354be57e5b65fda50eafdd95aa31c7f84268c9e1486cc3170c9910c2a,26/06/2023 00:11:07,ESCANER
12911,"Retalhuleu",11,"San Andrés Villa Seca",6,1764,380,,,,,,,,,,,,,,,,,,,,,,,,,,,,0,,,
12912,"Retalhuleu",11,"San Andrés Villa Seca",6,1764,351,,,,,,,,,,,,,,,,,,,,,,,,,,,,0,,,
12913,"Retalhuleu",11,"San Andrés Villa Seca",6,1764,350,,,,,,,,,,,,,,,,,,,,,,,,,,,,0,,,
12914,"Retalhuleu",11,"San Andrés Villa Seca",6,1765,380,46,94,7,5,6,6,2,4,3,5,1,1,3,1,184,27,6,217,0,217,--,380,163,184,217,217,Algún campo sin dato,1,353ad951b969dfaa5e5a1b3f6da213766143efc0662353cad6d51089dc0c6cc4,25/06/2023 23:01:25,ESCANER
12915,"Retalhuleu",11,"San Andrés Villa Seca",6,1765,380,,,,,,,,,,,,,,,,,,,,,,,,,,,,0,,,
12916,"Retalhuleu",11,"San Andrés Villa Seca",6,1765,380,49,87,8,5,19,4,5,1,7,10,2,0,3,0,200,23,4,227,0,227,--,380,153,200,227,227,Algún campo sin dato,1,7c2e34beae24f11b296d0f8388d5c153396b30f7fb7dfb6b254a54051377799c,26/06/2023 00:06:57,ESCANER
12917,"Retalhuleu",11,"San Andrés Villa Seca",6,1765,380,,,,,,,,,,,,,,,,,,,,,,,,,,,,0,,,
12918,"Retalhuleu",11,"San Andrés Villa Seca",6,1765,380,,,,,,,,,,,,,,,,,,,,,,,,,,,,0,,,
12919,"Retalhuleu",11,"San Andrés Villa Seca",6,1765,380,,,,,,,,,,,,,,,,,,,,,,,,,,,,0,,,
12920,"Retalhuleu",11,"San Andrés Villa Seca",6,1765,380,,,,,,,,,,,,,,,,,,,,,,,,,,,,0,,,
12921,"Retalhuleu",11,"San Andrés Villa Seca",6,1765,380,,,,,,,,,,,,,,,,,,,,,,,,,,,,0,,,
12922,"Retalhuleu",11,"San Andrés Villa Seca",6,1765,380,,,,,,,,,,,,,,,,,,,,,,,,,,,,0,,,
12923,"Retalhuleu",11,"San Andrés Villa Seca",6,1765,380,,,,,,,,,,,,,,,,,,,,,,,,,,,,0,,,
12924,"Retalhuleu",11,"San Andrés Villa Seca",6,1765,380,,,,,,,,,,,,,,,,,,,,,,,,,,,,0,,,
12925,"Retalhuleu",11,"San Andrés Villa Seca",6,1765,380,,,,,,,,,,,,,,,,,,,,,,,,,,,,0,,,
12926,"Retalhuleu",11,"San Andrés Villa Seca",6,1765,380,,,,,,,,,,,,,,,,,,,,,,,,,,,,0,,,
12927,"Retalhuleu",11,"San Andrés Villa Seca",6,1765,380,,,,,,,,,,,,,,,,,,,,,,,,,,,,0,,,
12928,"Retalhuleu",11,"San Andrés Villa Seca",6,1765,380,,,,,,,,,,,,,,,,,,,,,,,,,,,,0,,,
12929,"Retalhuleu",11,"San Andrés Villa Seca",6,1765,380,,,,,,,,,,,,,,,,,,,,,,,,,,,,0,,,
12930,"Retalhuleu",11,"San Andrés Villa Seca",6,1765,295,,,,,,,,,,,,,,,,,,,,,,,,,,,,0,,,
12931,"Retalhuleu",11,"San Andrés Villa Seca",6,1765,295,,,,,,,,,,,,,,,,,,,,,,,,,,,,0,,,
12932,"Retalhuleu",11,"San Andrés Villa Seca",6,1766,380,,,,,,,,,,,,,,,,,,,,,,,,,,,,0,,,
12933,"Retalhuleu",11,"San Andrés Villa Seca",6,1766,380,,,,,,,,,,,,,,,,,,,,,,,,,,,,0,,,
12934,"Retalhuleu",11,"San Andrés Villa Seca",6,1766,380,,,,,,,,,,,,,,,,,,,,,,,,,,,,0,,,
12935,"Retalhuleu",11,"San Andrés Villa Seca",6,1766,380,,,,,,,,,,,,,,,,,,,,,,,,,,,,0,,,
12936,"Retalhuleu",11,"San Andrés Villa Seca",6,1766,380,,,,,,,,,,,,,,,,,,,,,,,,,,,,0,,,
12937,"Retalhuleu",11,"San Andrés Villa Seca",6,1766,219,11,14,68,0,30,1,0,3,2,2,0,0,2,2,135,8,1,144,0,144,--,216,72,135,144,144,Algún campo sin dato,1,2a217037dc4f0deebffa2059a1c89a0220c5390b53e2891344cdaacc6cdfaff7,25/06/2023 23:17:43,ESCANER
12938,"Retalhuleu",11,"San Andrés Villa Seca",6,1766,218,,,,,,,,,,,,,,,,,,,,,,,,,,,,0,,,
12939,"Retalhuleu",11,"San Andrés Villa Seca",6,1767,303,,,,,,,,,,,,,,,,,,,,,,,,,,,,0,,,
12940,"Retalhuleu",11,"San Andrés Villa Seca",6,1767,303,,,,,,,,,,,,,,,,,,,,,,,,,,,,0,,,
12941,"Retalhuleu",11,"San Andrés Villa Seca",6,1768,380,,,,,,,,,,,,,,,,,,,,,,,,,,,,0,,,
12942,"Retalhuleu",11,"San Andrés Villa Seca",6,1768,379,,,,,,,,,,,,,,,,,,,,,,,,,,,,0,,,
12943,"Retalhuleu",11,"San Andrés Villa Seca",6,1768,379,,,,,,,,,,,,,,,,,,,,,,,,,,,,0,,,
12944,"Retalhuleu",11,"San Andrés Villa Seca",6,1769,600,5,20,16,2,33,4,3,1,1,3,0,0,1,5,94,16,1,111,0,111,--,600,489,94,111,111,Algún campo sin dato,1,d116d304d849a8bd12cccf0f99b0f12296df43e88626a8cb850fbdcaf86d0ec0,25/06/2023 22:19:52,ESCANER
12945,"Retalhuleu",11,"San Andrés Villa Seca",6,1769,572,2,12,4,1,20,3,0,1,2,3,0,0,1,1,50,2,1,53,0,53,--,572,517,50,53,53,Algún campo sin dato,1,e122f2f9ba73de6c04f504950cbb5e328c61e7c962830eebac4284a138123b41,25/06/2023 22:57:18,ESCANER
12946,"Retalhuleu",11,"San Andrés Villa Seca",6,1769,572,2,3,1,0,7,2,2,0,2,2,0,0,0,1,22,2,0,24,0,24,--,572,548,22,24,24,Algún campo sin dato,1,d50c75880f6b86b7cd8713a540cc721e1bc7af22c616e7a1989d4cb81f0b0b5c,25/06/2023 21:00:48,ESCANER