﻿TIPO_DE_ELECCIÓN:,CORPORACIÓN MUNICIPAL
26 junio 2023 00:28 (UTC -6)
ACTAS_ESPERADAS,ACTAS_CAPTURADAS,PORCENTAJE_ACTAS_CAPTURADAS,ACTAS_CONTABILIZADAS,PORCENTAJE_ACTAS_CONTABILIZADAS,ACTAS_NO_CONTABILIZADAS,LISTA_NOMINAL_ACTAS_CONTABILIZADAS,VOTOS_EMITIDOS_CONTABILIZADAS,PORCENTAJE_PARTICIPACIÓN_CIUDADANA
44,12,27.2727,12,27.2727,0,4523,2106,46.5620

MESA,DEPARTAMENTO,ID_DEPARTAMENTO,MUNICIPIO,ID_MUNICIPIO,CENTRO_DE_VOTACIÓN,PADRÓN,VIVA,VAMOS,UNE,VALOR UNIONISTA,VÁLIDOS,NULOS,BLANCO,EMITIDOS,INVÁLIDOS,TOTAL,IMPUGNACIONES,PAPELETAS-RECIBIDAS,PAPELETAS-NO-USADAS,VALIDOS_CALCULADO,EMITIDOS_CALCULADO,TOTAL_CALCULADO,OBSERVACIONES,CONTABILIZADA,CÓDIGO_INTEGRIDAD,FECHA_HORA_PUBLICACIÓN,DIGITALIZACIÓN
20745,"Petén",17,"Dolores",8,3228,400,,,,,,,,,,,,,,,,,,0,,,
20746,"Petén",17,"Dolores",8,3228,400,4,74,0,151,229,25,4,258,0,258,--,400,142,229,258,258,Algún campo sin dato,1,ce1bed9b23bc6c9e3ac443000d605992511b170dee55425cc409aa17ee355d69,25/06/2023 23:22:14,ESCANER
20747,"Petén",17,"Dolores",8,3228,400,,,,,,,,,,,,,,,,,,0,,,
20748,"Petén",17,"Dolores",8,3228,400,,,,,,,,,,,,,,,,,,0,,,
20749,"Petén",17,"Dolores",8,3228,400,,,,,,,,,,,,,,,,,,0,,,
20750,"Petén",17,"Dolores",8,3228,400,3,113,4,156,276,8,1,285,0,285,--,400,115,276,285,285,Algún campo sin dato,1,a9d0d9e60ee44fea03dc28979db9b1cd52d4f21b573146b7d340d02b576ded6d,26/06/2023 00:17:42,ESCANER
20751,"Petén",17,"Dolores",8,3228,400,,,,,,,,,,,,,,,,,,0,,,
20752,"Petén",17,"Dolores",8,3228,400,,,,,,,,,,,,,,,,,,0,,,
20753,"Petén",17,"Dolores",8,3228,400,,,,,,,,,,,,,,,,,,0,,,
20754,"Petén",17,"Dolores",8,3228,400,,,,,,,,,,,,,,,,,,0,,,
20755,"Petén",17,"Dolores",8,3228,400,,,,,,,,,,,,,,,,,,0,,,
20756,"Petén",17,"Dolores",8,3228,400,,,,,,,,,,,,,,,,,,0,,,
20757,"Petén",17,"Dolores",8,3228,400,,,,,,,,,,,,,,,,,,0,,,
20758,"Petén",17,"Dolores",8,3228,400,,,,,,,,,,,,,,,,,,0,,,
20759,"Petén",17,"Dolores",8,3228,400,,,,,,,,,,,,,,,,,,0,,,
20760,"Petén",17,"Dolores",8,3228,400,4,82,0,178,264,6,0,270,0,270,--,400,129,264,270,270,Algún campo sin dato,1,80a327961098c4a74e8850ee11f3c51b3d2f81ac0691733282f84de81cedea69,25/06/2023 23:49:16,ESCANER
20761,"Petén",17,"Dolores",8,3228,308,,,,,,,,,,,,,,,,,,0,,,
20762,"Petén",17,"Dolores",8,3228,308,4,32,1,108,145,6,3,157,0,157,--,308,154,145,154,154,Sumas Asentadas sin cuadrar,1,0a9444c45640c2ae6eb4c163ddaf1314b8d4f11a0be7db9ab508a5ea968945cb,26/06/2023 00:11:47,ESCANER
20763,"Petén",17,"Dolores",8,3229,400,,,,,,,,,,,,,,,,,,0,,,
20764,"Petén",17,"Dolores",8,3229,400,,,,,,,,,,,,,,,,,,0,,,
20765,"Petén",17,"Dolores",8,3229,400,,,,,,,,,,,,,,,,,,0,,,
20766,"Petén",17,"Dolores",8,3229,400,7,58,5,136,206,11,1,218,0,218,--,400,182,206,218,218,Algún campo sin dato,1,4c6050ea9cb8dff86f8136bdde748c9e6889a3188cd868c0ec00cf47a41c0e7e,25/06/2023 23:51:52,ESCANER
20767,"Petén",17,"Dolores",8,3229,400,,,,,,,,,,,,,,,,,,0,,,
20768,"Petén",17,"Dolores",8,3229,400,,,,,,,,,,,,,,,,,,0,,,
20769,"Petén",17,"Dolores",8,3229,400,,,,,,,,,,,,,,,,,,0,,,
20770,"Petén",17,"Dolores",8,3229,400,,,,,,,,,,,,,,,,,,0,,,
20771,"Petén",17,"Dolores",8,3229,400,4,82,2,145,233,5,2,240,0,240,--,400,160,233,240,240,Algún campo sin dato,1,6ef68c56233fafbdabcdc1e426ef8ea466e7de0abe0f6fbe6ed6a882891d5a3d,25/06/2023 22:29:04,ESCANER
20772,"Petén",17,"Dolores",8,3229,264,1,50,1,101,153,1,2,156,0,156,--,264,108,153,156,156,Algún campo sin dato,1,4c360bb54e31e3d9721fd5b3afe9c4f3bed5490790aa65e641581d6b5d7499c8,26/06/2023 00:13:29,ESCANER
20773,"Petén",17,"Dolores",8,3229,263,4,38,1,93,136,15,2,153,0,153,--,263,110,136,153,153,Algún campo sin dato,1,b60542e6d1e5df6805c6d77304448d9204a949e8de411a10635184cfa1c65c07,25/06/2023 23:10:26,ESCANER
20774,"Petén",17,"Dolores",8,3230,380,,,,,,,,,,,,,,,,,,0,,,
20775,"Petén",17,"Dolores",8,3230,380,,,,,,,,,,,,,,,,,,0,,,
20776,"Petén",17,"Dolores",8,3230,303,,,,,,,,,,,,,,,,,,0,,,
20777,"Petén",17,"Dolores",8,3230,302,,,,,,,,,,,,,,,,,,0,,,
20778,"Petén",17,"Dolores",8,3231,380,,,,,,,,,,,,,,,,,,0,,,
20779,"Petén",17,"Dolores",8,3231,380,,,,,,,,,,,,,,,,,,0,,,
20780,"Petén",17,"Dolores",8,3231,380,,,,,,,,,,,,,,,,,,0,,,
20781,"Petén",17,"Dolores",8,3231,380,,,,,,,,,,,,,,,,,,0,,,
20782,"Petén",17,"Dolores",8,3231,380,12,36,5,120,173,11,4,188,0,188,0,380,192,173,188,188,,1,0873aedc7c25794d29b8940ddc2b57e85cee22cf287791ebbc9561e3672011c4,26/06/2023 00:10:03,ESCANER
20783,"Petén",17,"Dolores",8,3231,380,,,,,,,,,,,,,,,,,,0,,,
20784,"Petén",17,"Dolores",8,3231,380,,,,,,,,,,,,,,,,,,0,,,
20785,"Petén",17,"Dolores",8,3231,242,,,,,,,,,,,,,,,,,,0,,,
20786,"Petén",17,"Dolores",8,3231,241,0,14,1,58,73,6,3,82,0,82,0,241,159,73,82,82,,1,27d400918f12c5bcaccd12f2d1537d9cb01ac41de072cdd0e01897727ddd419c,25/06/2023 22:50:49,ESCANER
20787,"Petén",17,"Dolores",8,3232,534,2,11,3,44,60,3,1,64,0,64,--,534,470,60,64,64,Algún campo sin dato,1,52c85bcb24644b4d1ffebc8ac0504cfb0c61cb9d6ee231858c55f12a91ec6083,25/06/2023 22:39:34,ESCANER
20788,"Petén",17,"Dolores",8,3232,533,2,6,2,22,32,6,0,38,0,38,--,533,495,32,38,38,Algún campo sin dato,1,bc774b0915a90261b7ad1d32dcd51e3da40857638f55917fae332df3b2f95822,25/06/2023 23:07:34,ESCANER