﻿TIPO_DE_ELECCIÓN:,CORPORACIÓN MUNICIPAL
26 junio 2023 00:28 (UTC -6)
ACTAS_ESPERADAS,ACTAS_CAPTURADAS,PORCENTAJE_ACTAS_CAPTURADAS,ACTAS_CONTABILIZADAS,PORCENTAJE_ACTAS_CONTABILIZADAS,ACTAS_NO_CONTABILIZADAS,LISTA_NOMINAL_ACTAS_CONTABILIZADAS,VOTOS_EMITIDOS_CONTABILIZADAS,PORCENTAJE_PARTICIPACIÓN_CIUDADANA
49,0,0.0000,0,0.0000,0,0,0,--.----

MESA,DEPARTAMENTO,ID_DEPARTAMENTO,MUNICIPIO,ID_MUNICIPIO,CENTRO_DE_VOTACIÓN,PADRÓN,UNE,VAMOS,CABAL,AZUL,MLP,VALOR UNIONISTA,VÁLIDOS,NULOS,BLANCO,EMITIDOS,INVÁLIDOS,TOTAL,IMPUGNACIONES,PAPELETAS-RECIBIDAS,PAPELETAS-NO-USADAS,VALIDOS_CALCULADO,EMITIDOS_CALCULADO,TOTAL_CALCULADO,OBSERVACIONES,CONTABILIZADA,CÓDIGO_INTEGRIDAD,FECHA_HORA_PUBLICACIÓN,DIGITALIZACIÓN
22257,"Zacapa",19,"La Unión",9,3463,400,,,,,,,,,,,,,,,,,,,,0,,,
22258,"Zacapa",19,"La Unión",9,3463,400,,,,,,,,,,,,,,,,,,,,0,,,
22259,"Zacapa",19,"La Unión",9,3463,400,,,,,,,,,,,,,,,,,,,,0,,,
22260,"Zacapa",19,"La Unión",9,3463,400,,,,,,,,,,,,,,,,,,,,0,,,
22261,"Zacapa",19,"La Unión",9,3463,400,,,,,,,,,,,,,,,,,,,,0,,,
22262,"Zacapa",19,"La Unión",9,3464,400,,,,,,,,,,,,,,,,,,,,0,,,
22263,"Zacapa",19,"La Unión",9,3464,400,,,,,,,,,,,,,,,,,,,,0,,,
22264,"Zacapa",19,"La Unión",9,3464,400,,,,,,,,,,,,,,,,,,,,0,,,
22265,"Zacapa",19,"La Unión",9,3464,400,,,,,,,,,,,,,,,,,,,,0,,,
22266,"Zacapa",19,"La Unión",9,3464,400,,,,,,,,,,,,,,,,,,,,0,,,
22267,"Zacapa",19,"La Unión",9,3464,400,,,,,,,,,,,,,,,,,,,,0,,,
22268,"Zacapa",19,"La Unión",9,3465,298,,,,,,,,,,,,,,,,,,,,0,,,
22269,"Zacapa",19,"La Unión",9,3465,298,,,,,,,,,,,,,,,,,,,,0,,,
22270,"Zacapa",19,"La Unión",9,3466,400,,,,,,,,,,,,,,,,,,,,0,,,
22271,"Zacapa",19,"La Unión",9,3466,400,,,,,,,,,,,,,,,,,,,,0,,,
22272,"Zacapa",19,"La Unión",9,3466,400,,,,,,,,,,,,,,,,,,,,0,,,
22273,"Zacapa",19,"La Unión",9,3466,400,,,,,,,,,,,,,,,,,,,,0,,,
22274,"Zacapa",19,"La Unión",9,3466,400,,,,,,,,,,,,,,,,,,,,0,,,
22275,"Zacapa",19,"La Unión",9,3466,400,,,,,,,,,,,,,,,,,,,,0,,,
22276,"Zacapa",19,"La Unión",9,3466,400,,,,,,,,,,,,,,,,,,,,0,,,
22277,"Zacapa",19,"La Unión",9,3467,400,,,,,,,,,,,,,,,,,,,,0,,,
22278,"Zacapa",19,"La Unión",9,3467,400,,,,,,,,,,,,,,,,,,,,0,,,
22279,"Zacapa",19,"La Unión",9,3467,400,,,,,,,,,,,,,,,,,,,,0,,,
22280,"Zacapa",19,"La Unión",9,3467,400,,,,,,,,,,,,,,,,,,,,0,,,
22281,"Zacapa",19,"La Unión",9,3467,362,,,,,,,,,,,,,,,,,,,,0,,,
22282,"Zacapa",19,"La Unión",9,3468,361,,,,,,,,,,,,,,,,,,,,0,,,
22283,"Zacapa",19,"La Unión",9,3469,380,,,,,,,,,,,,,,,,,,,,0,,,
22284,"Zacapa",19,"La Unión",9,3469,380,,,,,,,,,,,,,,,,,,,,0,,,
22285,"Zacapa",19,"La Unión",9,3469,380,,,,,,,,,,,,,,,,,,,,0,,,
22286,"Zacapa",19,"La Unión",9,3469,380,,,,,,,,,,,,,,,,,,,,0,,,
22287,"Zacapa",19,"La Unión",9,3469,380,,,,,,,,,,,,,,,,,,,,0,,,
22288,"Zacapa",19,"La Unión",9,3469,380,,,,,,,,,,,,,,,,,,,,0,,,
22289,"Zacapa",19,"La Unión",9,3469,380,,,,,,,,,,,,,,,,,,,,0,,,
22290,"Zacapa",19,"La Unión",9,3469,380,,,,,,,,,,,,,,,,,,,,0,,,
22291,"Zacapa",19,"La Unión",9,3469,268,,,,,,,,,,,,,,,,,,,,0,,,
22292,"Zacapa",19,"La Unión",9,3469,267,,,,,,,,,,,,,,,,,,,,0,,,
22293,"Zacapa",19,"La Unión",9,3470,380,,,,,,,,,,,,,,,,,,,,0,,,
22294,"Zacapa",19,"La Unión",9,3470,380,,,,,,,,,,,,,,,,,,,,0,,,
22295,"Zacapa",19,"La Unión",9,3470,380,,,,,,,,,,,,,,,,,,,,0,,,
22296,"Zacapa",19,"La Unión",9,3470,380,,,,,,,,,,,,,,,,,,,,0,,,
22297,"Zacapa",19,"La Unión",9,3470,380,,,,,,,,,,,,,,,,,,,,0,,,
22298,"Zacapa",19,"La Unión",9,3470,336,,,,,,,,,,,,,,,,,,,,0,,,
22299,"Zacapa",19,"La Unión",9,3470,336,,,,,,,,,,,,,,,,,,,,0,,,
22300,"Zacapa",19,"La Unión",9,3471,380,,,,,,,,,,,,,,,,,,,,0,,,
22301,"Zacapa",19,"La Unión",9,3471,380,,,,,,,,,,,,,,,,,,,,0,,,
22302,"Zacapa",19,"La Unión",9,3471,380,,,,,,,,,,,,,,,,,,,,0,,,
22303,"Zacapa",19,"La Unión",9,3471,328,,,,,,,,,,,,,,,,,,,,0,,,
22304,"Zacapa",19,"La Unión",9,3471,327,,,,,,,,,,,,,,,,,,,,0,,,
22305,"Zacapa",19,"La Unión",9,3472,531,,,,,,,,,,,,,,,,,,,,0,,,