﻿TIPO_DE_ELECCIÓN:,CORPORACIÓN MUNICIPAL
26 junio 2023 00:28 (UTC -6)
ACTAS_ESPERADAS,ACTAS_CAPTURADAS,PORCENTAJE_ACTAS_CAPTURADAS,ACTAS_CONTABILIZADAS,PORCENTAJE_ACTAS_CONTABILIZADAS,ACTAS_NO_CONTABILIZADAS,LISTA_NOMINAL_ACTAS_CONTABILIZADAS,VOTOS_EMITIDOS_CONTABILIZADAS,PORCENTAJE_PARTICIPACIÓN_CIUDADANA
26,3,11.5384,3,11.5384,0,1051,664,63.1779

MESA,DEPARTAMENTO,ID_DEPARTAMENTO,MUNICIPIO,ID_MUNICIPIO,CENTRO_DE_VOTACIÓN,PADRÓN,CABAL,UNE,VALOR,VÁLIDOS,NULOS,BLANCO,EMITIDOS,INVÁLIDOS,TOTAL,IMPUGNACIONES,PAPELETAS-RECIBIDAS,PAPELETAS-NO-USADAS,VALIDOS_CALCULADO,EMITIDOS_CALCULADO,TOTAL_CALCULADO,OBSERVACIONES,CONTABILIZADA,CÓDIGO_INTEGRIDAD,FECHA_HORA_PUBLICACIÓN,DIGITALIZACIÓN
24357,"Jutiapa",22,"San José Acatempa",16,3827,400,,,,,,,,,,,,,,,,,0,,,
24358,"Jutiapa",22,"San José Acatempa",16,3827,400,,,,,,,,,,,,,,,,,0,,,
24359,"Jutiapa",22,"San José Acatempa",16,3827,400,243,64,8,315,19,4,338,0,338,--,400,62,315,338,338,Algún campo sin dato,1,a065ac4fb253af1730d64f958b79e556609c3ed0ec6a11b12a08f9fc5a061f36,26/06/2023 00:21:20,ESCANER
24360,"Jutiapa",22,"San José Acatempa",16,3827,400,,,,,,,,,,,,,,,,,0,,,
24361,"Jutiapa",22,"San José Acatempa",16,3827,400,,,,,,,,,,,,,,,,,0,,,
24362,"Jutiapa",22,"San José Acatempa",16,3827,400,,,,,,,,,,,,,,,,,0,,,
24363,"Jutiapa",22,"San José Acatempa",16,3827,400,,,,,,,,,,,,,,,,,0,,,
24364,"Jutiapa",22,"San José Acatempa",16,3827,400,207,58,9,274,9,4,287,0,287,--,400,113,274,287,287,Algún campo sin dato,1,e483068dd829888a869f2bf41553d50674f7abe9418dc5c8d46536e2a630dca3,25/06/2023 23:39:55,ESCANER
24365,"Jutiapa",22,"San José Acatempa",16,3827,400,,,,,,,,,,,,,,,,,0,,,
24366,"Jutiapa",22,"San José Acatempa",16,3827,400,,,,,,,,,,,,,,,,,0,,,
24367,"Jutiapa",22,"San José Acatempa",16,3828,400,,,,,,,,,,,,,,,,,0,,,
24368,"Jutiapa",22,"San José Acatempa",16,3828,299,,,,,,,,,,,,,,,,,0,,,
24369,"Jutiapa",22,"San José Acatempa",16,3828,298,,,,,,,,,,,,,,,,,0,,,
24370,"Jutiapa",22,"San José Acatempa",16,3829,400,,,,,,,,,,,,,,,,,0,,,
24371,"Jutiapa",22,"San José Acatempa",16,3829,400,,,,,,,,,,,,,,,,,0,,,
24372,"Jutiapa",22,"San José Acatempa",16,3829,400,,,,,,,,,,,,,,,,,0,,,
24373,"Jutiapa",22,"San José Acatempa",16,3829,400,,,,,,,,,,,,,,,,,0,,,
24374,"Jutiapa",22,"San José Acatempa",16,3829,400,,,,,,,,,,,,,,,,,0,,,
24375,"Jutiapa",22,"San José Acatempa",16,3829,400,,,,,,,,,,,,,,,,,0,,,
24376,"Jutiapa",22,"San José Acatempa",16,3829,400,,,,,,,,,,,,,,,,,0,,,
24377,"Jutiapa",22,"San José Acatempa",16,3829,400,,,,,,,,,,,,,,,,,0,,,
24378,"Jutiapa",22,"San José Acatempa",16,3829,400,,,,,,,,,,,,,,,,,0,,,
24379,"Jutiapa",22,"San José Acatempa",16,3829,400,,,,,,,,,,,,,,,,,0,,,
24380,"Jutiapa",22,"San José Acatempa",16,3829,268,,,,,,,,,,,,,,,,,0,,,
24381,"Jutiapa",22,"San José Acatempa",16,3829,268,,,,,,,,,,,,,,,,,0,,,
24382,"Jutiapa",22,"San José Acatempa",16,3830,251,23,13,2,38,1,0,39,0,39,--,248,209,38,39,39,Algún campo sin dato,1,8a0b0e9106a5fc42b8a8d845c45173c3cf53cc1641d9635a148a1e8263577db5,25/06/2023 21:14:53,ESCANER