﻿TIPO_DE_ELECCIÓN:,CORPORACIÓN MUNICIPAL
26 junio 2023 00:28 (UTC -6)
ACTAS_ESPERADAS,ACTAS_CAPTURADAS,PORCENTAJE_ACTAS_CAPTURADAS,ACTAS_CONTABILIZADAS,PORCENTAJE_ACTAS_CONTABILIZADAS,ACTAS_NO_CONTABILIZADAS,LISTA_NOMINAL_ACTAS_CONTABILIZADAS,VOTOS_EMITIDOS_CONTABILIZADAS,PORCENTAJE_PARTICIPACIÓN_CIUDADANA
84,11,13.0952,11,13.0952,0,3885,1709,43.9897

MESA,DEPARTAMENTO,ID_DEPARTAMENTO,MUNICIPIO,ID_MUNICIPIO,CENTRO_DE_VOTACIÓN,PADRÓN,AZUL,TODOS,MLP,CAMBIO,UR,VALOR,CABAL,PPN,VICTORIA,UNE,VAMOS,VIVA,BIEN,VÁLIDOS,NULOS,BLANCO,EMITIDOS,INVÁLIDOS,TOTAL,IMPUGNACIONES,PAPELETAS-RECIBIDAS,PAPELETAS-NO-USADAS,VALIDOS_CALCULADO,EMITIDOS_CALCULADO,TOTAL_CALCULADO,OBSERVACIONES,CONTABILIZADA,CÓDIGO_INTEGRIDAD,FECHA_HORA_PUBLICACIÓN,DIGITALIZACIÓN
23265,"Jalapa",21,"San Pedro Pinula",2,3651,400,,,,,,,,,,,,,,,,,,,,,,,,,,,0,,,
23266,"Jalapa",21,"San Pedro Pinula",2,3651,400,,,,,,,,,,,,,,,,,,,,,,,,,,,0,,,
23267,"Jalapa",21,"San Pedro Pinula",2,3651,400,,,,,,,,,,,,,,,,,,,,,,,,,,,0,,,
23268,"Jalapa",21,"San Pedro Pinula",2,3651,400,,,,,,,,,,,,,,,,,,,,,,,,,,,0,,,
23269,"Jalapa",21,"San Pedro Pinula",2,3651,400,,,,,,,,,,,,,,,,,,,,,,,,,,,0,,,
23270,"Jalapa",21,"San Pedro Pinula",2,3652,400,,,,,,,,,,,,,,,,,,,,,,,,,,,0,,,
23271,"Jalapa",21,"San Pedro Pinula",2,3652,400,,,,,,,,,,,,,,,,,,,,,,,,,,,0,,,
23272,"Jalapa",21,"San Pedro Pinula",2,3653,400,,,,,,,,,,,,,,,,,,,,,,,,,,,0,,,
23273,"Jalapa",21,"San Pedro Pinula",2,3653,400,,,,,,,,,,,,,,,,,,,,,,,,,,,0,,,
23274,"Jalapa",21,"San Pedro Pinula",2,3654,400,,,,,,,,,,,,,,,,,,,,,,,,,,,0,,,
23275,"Jalapa",21,"San Pedro Pinula",2,3654,400,,,,,,,,,,,,,,,,,,,,,,,,,,,0,,,
23276,"Jalapa",21,"San Pedro Pinula",2,3654,400,,,,,,,,,,,,,,,,,,,,,,,,,,,0,,,
23277,"Jalapa",21,"San Pedro Pinula",2,3655,400,,,,,,,,,,,,,,,,,,,,,,,,,,,0,,,
23278,"Jalapa",21,"San Pedro Pinula",2,3655,400,,,,,,,,,,,,,,,,,,,,,,,,,,,0,,,
23279,"Jalapa",21,"San Pedro Pinula",2,3656,400,,,,,,,,,,,,,,,,,,,,,,,,,,,0,,,
23280,"Jalapa",21,"San Pedro Pinula",2,3656,400,,,,,,,,,,,,,,,,,,,,,,,,,,,0,,,
23281,"Jalapa",21,"San Pedro Pinula",2,3656,367,,,,,,,,,,,,,,,,,,,,,,,,,,,0,,,
23282,"Jalapa",21,"San Pedro Pinula",2,3656,366,,,,,,,,,,,,,,,,,,,,,,,,,,,0,,,
23283,"Jalapa",21,"San Pedro Pinula",2,3657,400,,,,,,,,,,,,,,,,,,,,,,,,,,,0,,,
23284,"Jalapa",21,"San Pedro Pinula",2,3657,400,,,,,,,,,,,,,,,,,,,,,,,,,,,0,,,
23285,"Jalapa",21,"San Pedro Pinula",2,3657,400,,,,,,,,,,,,,,,,,,,,,,,,,,,0,,,
23286,"Jalapa",21,"San Pedro Pinula",2,3657,400,,,,,,,,,,,,,,,,,,,,,,,,,,,0,,,
23287,"Jalapa",21,"San Pedro Pinula",2,3657,400,,,,,,,,,,,,,,,,,,,,,,,,,,,0,,,
23288,"Jalapa",21,"San Pedro Pinula",2,3657,400,,,,,,,,,,,,,,,,,,,,,,,,,,,0,,,
23289,"Jalapa",21,"San Pedro Pinula",2,3657,400,,,,,,,,,,,,,,,,,,,,,,,,,,,0,,,
23290,"Jalapa",21,"San Pedro Pinula",2,3657,400,,,,,,,,,,,,,,,,,,,,,,,,,,,0,,,
23291,"Jalapa",21,"San Pedro Pinula",2,3657,400,,,,,,,,,,,,,,,,,,,,,,,,,,,0,,,
23292,"Jalapa",21,"San Pedro Pinula",2,3657,400,,,,,,,,,,,,,,,,,,,,,,,,,,,0,,,
23293,"Jalapa",21,"San Pedro Pinula",2,3658,400,,,,,,,,,,,,,,,,,,,,,,,,,,,0,,,
23294,"Jalapa",21,"San Pedro Pinula",2,3658,400,5,10,3,4,0,52,43,18,1,20,84,1,0,241,9,4,254,0,254,--,380,126,241,254,254,Algún campo sin dato,1,4216157013963bcccfaedb4fcf51a867d4b1cabae4db1cfc4a38b4eaa8598704,25/06/2023 23:37:27,ESCANER
23295,"Jalapa",21,"San Pedro Pinula",2,3658,400,,,,,,,,,,,,,,,,,,,,,,,,,,,0,,,
23296,"Jalapa",21,"San Pedro Pinula",2,3658,400,,,,,,,,,,,,,,,,,,,,,,,,,,,0,,,
23297,"Jalapa",21,"San Pedro Pinula",2,3658,400,,,,,,,,,,,,,,,,,,,,,,,,,,,0,,,
23298,"Jalapa",21,"San Pedro Pinula",2,3658,400,,,,,,,,,,,,,,,,,,,,,,,,,,,0,,,
23299,"Jalapa",21,"San Pedro Pinula",2,3658,400,,,,,,,,,,,,,,,,,,,,,,,,,,,0,,,
23300,"Jalapa",21,"San Pedro Pinula",2,3658,400,,,,,,,,,,,,,,,,,,,,,,,,,,,0,,,
23301,"Jalapa",21,"San Pedro Pinula",2,3658,400,,,,,,,,,,,,,,,,,,,,,,,,,,,0,,,
23302,"Jalapa",21,"San Pedro Pinula",2,3658,253,2,13,2,1,3,28,20,6,0,9,19,0,0,103,2,1,106,0,106,--,253,147,103,106,106,Algún campo sin dato,1,ef85ecc7e556244f092bd2ebdf0da87372a45bf2acfe1d7483e4dfd7614ae0cc,25/06/2023 23:32:53,ESCANER
23303,"Jalapa",21,"San Pedro Pinula",2,3658,252,,,,,,,,,,,,,,,,,,,,,,,,,,,0,,,
23304,"Jalapa",21,"San Pedro Pinula",2,3659,380,,,,,,,,,,,,,,,,,,,,,,,,,,,0,,,
23305,"Jalapa",21,"San Pedro Pinula",2,3659,380,,,,,,,,,,,,,,,,,,,,,,,,,,,0,,,
23306,"Jalapa",21,"San Pedro Pinula",2,3659,380,19,18,9,10,1,13,7,9,0,47,39,1,1,174,17,15,206,0,206,--,380,174,174,206,206,Algún campo sin dato,1,4a8c36ec4b2ceaf41ea0a3159e31d2e86c0095c0dcda1159402cba0deba4eb9e,26/06/2023 00:06:01,ESCANER
23307,"Jalapa",21,"San Pedro Pinula",2,3659,380,,,,,,,,,,,,,,,,,,,,,,,,,,,0,,,
23308,"Jalapa",21,"San Pedro Pinula",2,3659,380,,,,,,,,,,,,,,,,,,,,,,,,,,,0,,,
23309,"Jalapa",21,"San Pedro Pinula",2,3659,357,14,27,8,5,2,12,4,2,0,33,13,0,0,120,10,3,133,0,133,--,357,224,120,133,133,Algún campo sin dato,1,8d7ebed968b50c259023b69358b30a8639239cf844373c960940c028b9693972,25/06/2023 23:38:50,ESCANER
23310,"Jalapa",21,"San Pedro Pinula",2,3659,356,7,13,13,13,1,14,5,1,0,29,23,1,0,120,21,3,144,0,144,--,356,212,120,144,144,Algún campo sin dato,1,907c5f50cc0605c86787ed14dc9f3b905ec0513d7f2ae7b304702f56defcc251,25/06/2023 23:26:37,ESCANER
23311,"Jalapa",21,"San Pedro Pinula",2,3660,380,,,,,,,,,,,,,,,,,,,,,,,,,,,0,,,
23312,"Jalapa",21,"San Pedro Pinula",2,3660,380,,,,,,,,,,,,,,,,,,,,,,,,,,,0,,,
23313,"Jalapa",21,"San Pedro Pinula",2,3660,380,,,,,,,,,,,,,,,,,,,,,,,,,,,0,,,
23314,"Jalapa",21,"San Pedro Pinula",2,3660,380,,,,,,,,,,,,,,,,,,,,,,,,,,,0,,,
23315,"Jalapa",21,"San Pedro Pinula",2,3660,380,,,,,,,,,,,,,,,,,,,,,,,,,,,0,,,
23316,"Jalapa",21,"San Pedro Pinula",2,3660,380,,,,,,,,,,,,,,,,,,,,,,,,,,,0,,,
23317,"Jalapa",21,"San Pedro Pinula",2,3660,380,,,,,,,,,,,,,,,,,,,,,,,,,,,0,,,
23318,"Jalapa",21,"San Pedro Pinula",2,3660,380,,,,,,,,,,,,,,,,,,,,,,,,,,,0,,,
23319,"Jalapa",21,"San Pedro Pinula",2,3660,380,,,,,,,,,,,,,,,,,,,,,,,,,,,0,,,
23320,"Jalapa",21,"San Pedro Pinula",2,3660,380,,,,,,,,,,,,,,,,,,,,,,,,,,,0,,,
23321,"Jalapa",21,"San Pedro Pinula",2,3660,380,,,,,,,,,,,,,,,,,,,,,,,,,,,0,,,
23322,"Jalapa",21,"San Pedro Pinula",2,3661,380,,,,,,,,,,,,,,,,,,,,,,,,,,,0,,,
23323,"Jalapa",21,"San Pedro Pinula",2,3661,380,,,,,,,,,,,,,,,,,,,,,,,,,,,0,,,
23324,"Jalapa",21,"San Pedro Pinula",2,3661,380,2,7,15,3,5,12,7,3,1,33,9,1,0,98,9,3,110,0,110,--,376,266,98,110,110,Algún campo sin dato,1,4c2e1d5bed913b6c5066c4280f288024162d23be69a13a8a790ea0cea81fda3a,25/06/2023 23:49:30,ESCANER
23325,"Jalapa",21,"San Pedro Pinula",2,3661,380,5,1,14,7,4,19,5,4,0,33,26,0,1,119,13,4,136,0,136,--,380,244,119,136,136,Algún campo sin dato,1,3515eeb4d3cb1bfff3ad09943536e7b7d6fb91e87d5b84b9d4f1fcfb2dc3ee36,25/06/2023 23:23:10,ESCANER
23326,"Jalapa",21,"San Pedro Pinula",2,3661,327,2,4,17,8,2,8,2,3,0,17,13,1,0,77,11,7,95,0,95,--,327,232,77,95,95,Algún campo sin dato,1,b524a6179f1dc31a220e0c7624a15f228d8daf4cfa1f031d1d1e61865c68d1dd,25/06/2023 22:48:57,ESCANER
23327,"Jalapa",21,"San Pedro Pinula",2,3661,326,,,,,,,,,,,,,,,,,,,,,,,,,,,0,,,
23328,"Jalapa",21,"San Pedro Pinula",2,3662,380,,,,,,,,,,,,,,,,,,,,,,,,,,,0,,,
23329,"Jalapa",21,"San Pedro Pinula",2,3662,380,,,,,,,,,,,,,,,,,,,,,,,,,,,0,,,
23330,"Jalapa",21,"San Pedro Pinula",2,3662,380,,,,,,,,,,,,,,,,,,,,,,,,,,,0,,,
23331,"Jalapa",21,"San Pedro Pinula",2,3663,380,,,,,,,,,,,,,,,,,,,,,,,,,,,0,,,
23332,"Jalapa",21,"San Pedro Pinula",2,3663,380,,,,,,,,,,,,,,,,,,,,,,,,,,,0,,,
23333,"Jalapa",21,"San Pedro Pinula",2,3663,239,,,,,,,,,,,,,,,,,,,,,,,,,,,0,,,
23334,"Jalapa",21,"San Pedro Pinula",2,3663,238,,,,,,,,,,,,,,,,,,,,,,,,,,,0,,,
23335,"Jalapa",21,"San Pedro Pinula",2,3664,380,9,7,7,4,1,25,29,4,2,30,41,1,5,165,28,9,202,0,202,--,380,178,165,202,202,Algún campo sin dato,1,685c16ca98e1be545a527d2aea44db8afc1451c3484a23ec2b7d00d6b86e591f,26/06/2023 00:19:53,ESCANER
23336,"Jalapa",21,"San Pedro Pinula",2,3664,380,,,,,,,,,,,,,,,,,,,,,,,,,,,0,,,
23337,"Jalapa",21,"San Pedro Pinula",2,3664,380,,,,,,,,,,,,,,,,,,,,,,,,,,,0,,,
23338,"Jalapa",21,"San Pedro Pinula",2,3664,380,,,,,,,,,,,,,,,,,,,,,,,,,,,0,,,
23339,"Jalapa",21,"San Pedro Pinula",2,3664,380,4,4,19,3,1,43,27,1,0,31,38,1,12,184,24,8,216,0,216,--,400,184,184,216,216,Algún campo sin dato,1,5b2d4484ef22ffb6d8bb624a8e8e9d0304815749704678db48e5a0255b628432,26/06/2023 00:05:15,ESCANER
23340,"Jalapa",21,"San Pedro Pinula",2,3664,380,,,,,,,,,,,,,,,,,,,,,,,,,,,0,,,
23341,"Jalapa",21,"San Pedro Pinula",2,3664,380,,,,,,,,,,,,,,,,,,,,,,,,,,,0,,,
23342,"Jalapa",21,"San Pedro Pinula",2,3664,380,,,,,,,,,,,,,,,,,,,,,,,,,,,0,,,
23343,"Jalapa",21,"San Pedro Pinula",2,3664,380,,,,,,,,,,,,,,,,,,,,,,,,,,,0,,,
23344,"Jalapa",21,"San Pedro Pinula",2,3664,380,,,,,,,,,,,,,,,,,,,,,,,,,,,0,,,
23345,"Jalapa",21,"San Pedro Pinula",2,3664,292,,,,,,,,,,,,,,,,,,,,,,,,,,,0,,,
23346,"Jalapa",21,"San Pedro Pinula",2,3664,292,2,9,5,1,3,18,11,0,1,18,25,1,3,97,8,2,107,0,107,--,292,185,97,107,107,Algún campo sin dato,1,7f20c0d0c7fab16d593c7408d3f4780d436d5c7d67606b6390b34014c8393fca,26/06/2023 00:12:30,ESCANER
23347,"Jalapa",21,"San Pedro Pinula",2,3665,586,,,,,,,,,,,,,,,,,,,,,,,,,,,0,,,
23348,"Jalapa",21,"San Pedro Pinula",2,3665,585,,,,,,,,,,,,,,,,,,,,,,,,,,,0,,,