﻿TIPO_DE_ELECCIÓN:,CORPORACIÓN MUNICIPAL
26 junio 2023 00:28 (UTC -6)
ACTAS_ESPERADAS,ACTAS_CAPTURADAS,PORCENTAJE_ACTAS_CAPTURADAS,ACTAS_CONTABILIZADAS,PORCENTAJE_ACTAS_CONTABILIZADAS,ACTAS_NO_CONTABILIZADAS,LISTA_NOMINAL_ACTAS_CONTABILIZADAS,VOTOS_EMITIDOS_CONTABILIZADAS,PORCENTAJE_PARTICIPACIÓN_CIUDADANA
41,10,24.3902,10,24.3902,0,3138,2313,73.7093

MESA,DEPARTAMENTO,ID_DEPARTAMENTO,MUNICIPIO,ID_MUNICIPIO,CENTRO_DE_VOTACIÓN,PADRÓN,VICTORIA,MLP,PHG,UNE,VAMOS,CABAL,CAMBIO,AZUL,VALOR,TODOS,WINAQ,ELEFANTE,PPN,VIVA,P A N,CREO,MI FAMILIA,VÁLIDOS,NULOS,BLANCO,EMITIDOS,INVÁLIDOS,TOTAL,IMPUGNACIONES,PAPELETAS-RECIBIDAS,PAPELETAS-NO-USADAS,VALIDOS_CALCULADO,EMITIDOS_CALCULADO,TOTAL_CALCULADO,OBSERVACIONES,CONTABILIZADA,CÓDIGO_INTEGRIDAD,FECHA_HORA_PUBLICACIÓN,DIGITALIZACIÓN
19828,"Alta Verapaz",16,"Lanquín",11,3038,400,,,,,,,,,,,,,,,,,,,,,,,,,,,,,,,0,,,
19829,"Alta Verapaz",16,"Lanquín",11,3038,400,,,,,,,,,,,,,,,,,,,,,,,,,,,,,,,0,,,
19830,"Alta Verapaz",16,"Lanquín",11,3038,400,,,,,,,,,,,,,,,,,,,,,,,,,,,,,,,0,,,
19831,"Alta Verapaz",16,"Lanquín",11,3038,400,,,,,,,,,,,,,,,,,,,,,,,,,,,,,,,0,,,
19832,"Alta Verapaz",16,"Lanquín",11,3038,400,,,,,,,,,,,,,,,,,,,,,,,,,,,,,,,0,,,
19833,"Alta Verapaz",16,"Lanquín",11,3039,400,,,,,,,,,,,,,,,,,,,,,,,,,,,,,,,0,,,
19834,"Alta Verapaz",16,"Lanquín",11,3039,400,,,,,,,,,,,,,,,,,,,,,,,,,,,,,,,0,,,
19835,"Alta Verapaz",16,"Lanquín",11,3040,400,,,,,,,,,,,,,,,,,,,,,,,,,,,,,,,0,,,
19836,"Alta Verapaz",16,"Lanquín",11,3040,400,,,,,,,,,,,,,,,,,,,,,,,,,,,,,,,0,,,
19837,"Alta Verapaz",16,"Lanquín",11,3041,400,3,0,66,48,32,49,21,1,14,6,3,1,6,0,20,5,3,278,7,3,288,0,288,0,400,112,278,288,288,,1,9ffd4a60c6b98cda9705c4fdfc1254bdce80d12dd8b7f1f160829850eb25e4dd,25/06/2023 23:30:53,ESCANER
19838,"Alta Verapaz",16,"Lanquín",11,3041,313,4,1,49,39,11,41,15,1,4,4,5,0,6,2,17,5,0,204,4,3,211,0,211,0,313,102,204,211,211,,1,51c740d55606d67b860fa580d1daaa3ed07f8562999351a011c50e5f23e68258,26/06/2023 00:26:42,ESCANER
19839,"Alta Verapaz",16,"Lanquín",11,3041,313,,,,,,,,,,,,,,,,,,,,,,,,,,,,,,,0,,,
19840,"Alta Verapaz",16,"Lanquín",11,3042,400,,,,,,,,,,,,,,,,,,,,,,,,,,,,,,,0,,,
19841,"Alta Verapaz",16,"Lanquín",11,3042,400,,,,,,,,,,,,,,,,,,,,,,,,,,,,,,,0,,,
19842,"Alta Verapaz",16,"Lanquín",11,3042,400,,,,,,,,,,,,,,,,,,,,,,,,,,,,,,,0,,,
19843,"Alta Verapaz",16,"Lanquín",11,3042,400,,,,,,,,,,,,,,,,,,,,,,,,,,,,,,,0,,,
19844,"Alta Verapaz",16,"Lanquín",11,3042,400,,,,,,,,,,,,,,,,,,,,,,,,,,,,,,,0,,,
19845,"Alta Verapaz",16,"Lanquín",11,3043,400,,,,,,,,,,,,,,,,,,,,,,,,,,,,,,,0,,,
19846,"Alta Verapaz",16,"Lanquín",11,3043,400,,,,,,,,,,,,,,,,,,,,,,,,,,,,,,,0,,,
19847,"Alta Verapaz",16,"Lanquín",11,3044,400,,,,,,,,,,,,,,,,,,,,,,,,,,,,,,,0,,,
19848,"Alta Verapaz",16,"Lanquín",11,3044,400,4,0,52,69,28,22,16,4,5,13,7,0,10,4,9,0,2,245,2,4,251,0,251,0,400,149,245,251,251,,1,5e9a02d53dcf730c7dcdff768abf51a8b2f7d2b6ede78f72facbbcb3c01eb1ca,26/06/2023 00:12:28,ESCANER
19849,"Alta Verapaz",16,"Lanquín",11,3044,393,,,,,,,,,,,,,,,,,,,,,,,,,,,,,,,0,,,
19850,"Alta Verapaz",16,"Lanquín",11,3044,392,,,,,,,,,,,,,,,,,,,,,,,,,,,,,,,0,,,
19851,"Alta Verapaz",16,"Lanquín",11,3045,380,,,,,,,,,,,,,,,,,,,,,,,,,,,,,,,0,,,
19852,"Alta Verapaz",16,"Lanquín",11,3045,380,5,3,37,45,34,77,32,20,9,3,2,1,3,1,11,1,0,284,4,11,299,0,299,1,380,80,284,299,299,,1,267725c5fa159b373bdecef692d6972a4cb31f32bc4b5a0b077072ea5166ade5,26/06/2023 00:03:17,ESCANER
19853,"Alta Verapaz",16,"Lanquín",11,3045,218,2,0,40,33,7,35,23,8,8,2,2,0,1,1,8,0,0,170,0,3,173,0,173,--,218,45,170,173,173,Algún campo sin dato,1,bb13df04f7dc9cdc43940577d2f2f2a39a5228510a27db1cab46185aee91653d,25/06/2023 23:06:55,ESCANER
19854,"Alta Verapaz",16,"Lanquín",11,3045,217,6,0,25,35,9,36,36,3,4,5,1,5,1,0,13,0,0,179,1,0,180,0,180,0,217,37,179,180,180,,1,296eb6f73003d0372eaacd818b841672f3253a09352e86c7bf8ddc7257885ace,25/06/2023 23:33:51,ESCANER
19855,"Alta Verapaz",16,"Lanquín",11,3046,380,,,,,,,,,,,,,,,,,,,,,,,,,,,,,,,0,,,
19856,"Alta Verapaz",16,"Lanquín",11,3046,380,,,,,,,,,,,,,,,,,,,,,,,,,,,,,,,0,,,
19857,"Alta Verapaz",16,"Lanquín",11,3046,380,,,,,,,,,,,,,,,,,,,,,,,,,,,,,,,0,,,
19858,"Alta Verapaz",16,"Lanquín",11,3046,380,,,,,,,,,,,,,,,,,,,,,,,,,,,,,,,0,,,
19859,"Alta Verapaz",16,"Lanquín",11,3046,380,,,,,,,,,,,,,,,,,,,,,,,,,,,,,,,0,,,
19860,"Alta Verapaz",16,"Lanquín",11,3046,380,,,,,,,,,,,,,,,,,,,,,,,,,,,,,,,0,,,
19861,"Alta Verapaz",16,"Lanquín",11,3046,237,3,0,27,57,33,20,5,3,2,2,1,0,5,1,6,0,2,167,2,2,171,0,171,0,237,66,167,171,171,,1,77ea1474a68d6de6af3f2fc876cf6af7d2d9a911f409ad28598bb026c23ff011,25/06/2023 23:49:10,ESCANER
19862,"Alta Verapaz",16,"Lanquín",11,3046,236,,,,,,,,,,,,,,,,,,,,,,,,,,,,,,,0,,,
19863,"Alta Verapaz",16,"Lanquín",11,3047,380,,,,,,,,,,,,,,,,,,,,,,,,,,,,,,,0,,,
19864,"Alta Verapaz",16,"Lanquín",11,3047,380,3,1,51,58,59,12,61,2,3,2,3,1,29,0,4,3,0,292,6,0,298,0,298,0,380,82,292,298,298,,1,ca30e319a17ba178d4754bbd727699c8bc0bd6801506f8bc210a03e9195d47d1,25/06/2023 23:42:45,ESCANER
19865,"Alta Verapaz",16,"Lanquín",11,3047,380,,,,,,,,,,,,,,,,,,,,,,,,,,,,,,,0,,,
19866,"Alta Verapaz",16,"Lanquín",11,3047,380,,,,,,,,,,,,,,,,,,,,,,,,,,,,,,,0,,,
19867,"Alta Verapaz",16,"Lanquín",11,3047,297,2,0,64,36,25,11,62,3,2,1,3,2,12,0,2,2,0,227,1,0,228,0,228,0,297,64,227,228,228,,1,e5aeb081b900adce40c3eff1f3555aa7965e1198fde4d748f5eb07d6795f250d,25/06/2023 23:50:49,ESCANER
19868,"Alta Verapaz",16,"Lanquín",11,3047,296,0,1,43,36,31,15,56,1,2,3,5,0,13,0,4,1,0,211,1,2,214,2,216,0,296,80,211,214,216,,1,4b52b54fb01295ccf438ec281c9e712dad273bfdd100962d3830e23cc070505e,26/06/2023 00:08:54,ESCANER