﻿TIPO_DE_ELECCIÓN:,CORPORACIÓN MUNICIPAL
26 junio 2023 00:28 (UTC -6)
ACTAS_ESPERADAS,ACTAS_CAPTURADAS,PORCENTAJE_ACTAS_CAPTURADAS,ACTAS_CONTABILIZADAS,PORCENTAJE_ACTAS_CONTABILIZADAS,ACTAS_NO_CONTABILIZADAS,LISTA_NOMINAL_ACTAS_CONTABILIZADAS,VOTOS_EMITIDOS_CONTABILIZADAS,PORCENTAJE_PARTICIPACIÓN_CIUDADANA
53,14,26.4150,14,26.4150,0,4991,2964,59.3868

MESA,DEPARTAMENTO,ID_DEPARTAMENTO,MUNICIPIO,ID_MUNICIPIO,CENTRO_DE_VOTACIÓN,PADRÓN,VAMOS,VALOR,AZUL,PODEMOS,VOS,UR,UNE,VIVA,CABAL,BIEN,DESANRAY,SEMILLA,P A N,ELEFANTE,VÁLIDOS,NULOS,BLANCO,EMITIDOS,INVÁLIDOS,TOTAL,IMPUGNACIONES,PAPELETAS-RECIBIDAS,PAPELETAS-NO-USADAS,VALIDOS_CALCULADO,EMITIDOS_CALCULADO,TOTAL_CALCULADO,OBSERVACIONES,CONTABILIZADA,CÓDIGO_INTEGRIDAD,FECHA_HORA_PUBLICACIÓN,DIGITALIZACIÓN
3865,"Guatemala",1,"San Raimundo",11,379,400,,,,,,,,,,,,,,,,,,,,,,,,,,,,0,,,
3866,"Guatemala",1,"San Raimundo",11,379,400,,,,,,,,,,,,,,,,,,,,,,,,,,,,0,,,
3867,"Guatemala",1,"San Raimundo",11,379,400,,,,,,,,,,,,,,,,,,,,,,,,,,,,0,,,
3868,"Guatemala",1,"San Raimundo",11,379,400,,,,,,,,,,,,,,,,,,,,,,,,,,,,0,,,
3869,"Guatemala",1,"San Raimundo",11,379,400,,,,,,,,,,,,,,,,,,,,,,,,,,,,0,,,
3870,"Guatemala",1,"San Raimundo",11,379,400,,,,,,,,,,,,,,,,,,,,,,,,,,,,0,,,
3871,"Guatemala",1,"San Raimundo",11,379,400,,,,,,,,,,,,,,,,,,,,,,,,,,,,0,,,
3872,"Guatemala",1,"San Raimundo",11,379,400,,,,,,,,,,,,,,,,,,,,,,,,,,,,0,,,
3873,"Guatemala",1,"San Raimundo",11,379,400,,,,,,,,,,,,,,,,,,,,,,,,,,,,0,,,
3874,"Guatemala",1,"San Raimundo",11,379,400,,,,,,,,,,,,,,,,,,,,,,,,,,,,0,,,
3875,"Guatemala",1,"San Raimundo",11,379,400,,,,,,,,,,,,,,,,,,,,,,,,,,,,0,,,
3876,"Guatemala",1,"San Raimundo",11,379,400,,,,,,,,,,,,,,,,,,,,,,,,,,,,0,,,
3877,"Guatemala",1,"San Raimundo",11,380,400,15,11,23,12,32,8,31,8,17,4,83,4,0,15,263,0,0,263,0,263,0,397,134,263,263,263,,1,fcaad4e37c61bcd6fc140f8b997bed914dcbe542e766cfc8358b02676564adcb,26/06/2023 00:21:24,ESCANER
3878,"Guatemala",1,"San Raimundo",11,380,288,,,,,,,,,,,,,,,,,,,,,,,,,,,,0,,,
3879,"Guatemala",1,"San Raimundo",11,380,288,13,3,10,10,23,7,24,8,16,5,24,1,0,13,157,2,1,160,0,160,0,288,128,157,160,160,,1,b52f5cc27b6a3a34b436c92fa93202c3686ea9eee981c0fdcfcf2490f63b6921,25/06/2023 23:57:50,ESCANER
3880,"Guatemala",1,"San Raimundo",11,381,400,,,,,,,,,,,,,,,,,,,,,,,,,,,,0,,,
3881,"Guatemala",1,"San Raimundo",11,381,400,34,19,13,16,33,5,25,14,23,6,21,4,0,47,260,14,5,279,0,279,0,400,121,260,279,279,,1,f1faffcbba50c276eb6a6e9cdd6795de9ac9b2a0313ae6618696fd2be3a7d83e,26/06/2023 00:15:48,ESCANER
3882,"Guatemala",1,"San Raimundo",11,381,400,,,,,,,,,,,,,,,,,,,,,,,,,,,,0,,,
3883,"Guatemala",1,"San Raimundo",11,381,400,,,,,,,,,,,,,,,,,,,,,,,,,,,,0,,,
3884,"Guatemala",1,"San Raimundo",11,381,400,47,22,6,18,34,4,39,22,20,5,30,0,0,27,274,25,5,305,0,305,0,0,0,274,304,304,Sumas Asentadas sin cuadrar,1,e374fce2fdb17451ae1d64757278954afb24eab1924297abada4936b1ed1a05e,25/06/2023 23:00:55,ESCANER
3885,"Guatemala",1,"San Raimundo",11,381,400,,,,,,,,,,,,,,,,,,,,,,,,,,,,0,,,
3886,"Guatemala",1,"San Raimundo",11,381,400,,,,,,,,,,,,,,,,,,,,,,,,,,,,0,,,
3887,"Guatemala",1,"San Raimundo",11,382,400,38,23,8,16,25,6,29,14,21,4,25,4,0,39,252,10,130,392,3,395,0,395,130,252,392,395,,1,2b1f88ffc74be988929d50d920bce15e1bac0b93f08200e8ec515d9d825cc840,26/06/2023 00:26:08,ESCANER
3888,"Guatemala",1,"San Raimundo",11,382,400,,,,,,,,,,,,,,,,,,,,,,,,,,,,0,,,
3889,"Guatemala",1,"San Raimundo",11,382,400,,,,,,,,,,,,,,,,,,,,,,,,,,,,0,,,
3890,"Guatemala",1,"San Raimundo",11,382,400,,,,,,,,,,,,,,,,,,,,,,,,,,,,0,,,
3891,"Guatemala",1,"San Raimundo",11,382,400,,,,,,,,,,,,,,,,,,,,,,,,,,,,0,,,
3892,"Guatemala",1,"San Raimundo",11,382,400,30,17,3,16,34,4,31,12,24,5,30,11,0,34,251,12,9,272,0,272,0,400,128,251,272,272,,1,f01248257d6e8b83e061f278810596c2198e126ce11f7ccbd222c47e4c32fdea,26/06/2023 00:02:30,ESCANER
3893,"Guatemala",1,"San Raimundo",11,382,400,,,,,,,,,,,,,,,,,,,,,,,,,,,,0,,,
3894,"Guatemala",1,"San Raimundo",11,383,400,,,,,,,,,,,,,,,,,,,,,,,,,,,,0,,,
3895,"Guatemala",1,"San Raimundo",11,383,400,,,,,,,,,,,,,,,,,,,,,,,,,,,,0,,,
3896,"Guatemala",1,"San Raimundo",11,383,400,,,,,,,,,,,,,,,,,,,,,,,,,,,,0,,,
3897,"Guatemala",1,"San Raimundo",11,383,400,,,,,,,,,,,,,,,,,,,,,,,,,,,,0,,,
3898,"Guatemala",1,"San Raimundo",11,383,228,15,6,9,5,19,0,16,11,6,2,16,0,0,17,122,3,2,127,0,127,0,225,98,122,127,127,,1,fecb0c315fa9bd57689ea4ad2c9cf7c31fb6cd8edc3b91f212c2574d8b1eab31,25/06/2023 23:49:45,ESCANER
3899,"Guatemala",1,"San Raimundo",11,383,227,,,,,,,,,,,,,,,,,,,,,,,,,,,,0,,,
3900,"Guatemala",1,"San Raimundo",11,384,380,,,,,,,,,,,,,,,,,,,,,,,,,,,,0,,,
3901,"Guatemala",1,"San Raimundo",11,384,380,,,,,,,,,,,,,,,,,,,,,,,,,,,,0,,,
3902,"Guatemala",1,"San Raimundo",11,384,380,,,,,,,,,,,,,,,,,,,,,,,,,,,,0,,,
3903,"Guatemala",1,"San Raimundo",11,384,380,,,,,,,,,,,,,,,,,,,,,,,,,,,,0,,,
3904,"Guatemala",1,"San Raimundo",11,384,380,,,,,,,,,,,,,,,,,,,,,,,,,,,,0,,,
3905,"Guatemala",1,"San Raimundo",11,385,380,67,4,10,18,21,4,23,34,20,6,11,4,0,7,229,9,8,246,0,246,0,380,134,229,246,246,,1,d9aa7a61f23d6dded97fffc140eb9f7861c506795403acd50f5642b9c7a25e63,26/06/2023 00:03:35,ESCANER
3906,"Guatemala",1,"San Raimundo",11,385,380,,,,,,,,,,,,,,,,,,,,,,,,,,,,0,,,
3907,"Guatemala",1,"San Raimundo",11,385,221,38,0,2,16,8,2,13,13,19,1,14,2,0,6,134,1,2,137,0,137,0,221,84,134,137,137,,1,f5c5384cbdef1d1ff66f5ddf16a885eac6870aedace835065d17a44b9fb82d64,25/06/2023 22:36:52,ESCANER
3908,"Guatemala",1,"San Raimundo",11,385,221,35,2,2,8,9,2,11,8,17,0,7,2,0,1,104,4,2,110,0,110,0,221,111,104,110,110,,1,836f36d677cc9d146d2d42306aae725bd8ed752a4ece2eb6d30a9bb99b6b5f19,25/06/2023 22:08:20,ESCANER
3909,"Guatemala",1,"San Raimundo",11,386,380,,,,,,,,,,,,,,,,,,,,,,,,,,,,0,,,
3910,"Guatemala",1,"San Raimundo",11,386,380,36,5,3,18,29,6,37,35,12,2,40,2,0,17,242,19,4,265,0,265,0,190,575,242,265,265,,1,7e62abbcaec0f7d01e9de276f66815cc6b7d50f1bdeede1a8c178910eac6ab9d,26/06/2023 00:02:22,ESCANER
3911,"Guatemala",1,"San Raimundo",11,386,380,,,,,,,,,,,,,,,,,,,,,,,,,,,,0,,,
3912,"Guatemala",1,"San Raimundo",11,386,380,,,,,,,,,,,,,,,,,,,,,,,,,,,,0,,,
3913,"Guatemala",1,"San Raimundo",11,386,380,,,,,,,,,,,,,,,,,,,,,,,,,,,,0,,,
3914,"Guatemala",1,"San Raimundo",11,386,250,,,,,,,,,,,,,,,,,,,,,,,,,,,,0,,,
3915,"Guatemala",1,"San Raimundo",11,386,249,14,2,1,13,9,4,18,19,4,0,31,2,0,10,127,4,0,131,0,131,0,249,118,127,131,131,,1,b702c0a67dfd4821e00d1a13bd36d7db85246a54e86e4ec3c20d76c9fac3b22d,25/06/2023 22:27:05,ESCANER
3916,"Guatemala",1,"San Raimundo",11,387,512,10,7,15,5,9,2,19,6,16,7,30,1,0,11,138,12,5,155,0,155,0,512,357,138,155,155,,1,72274debb0dd784a65d5a1aa74aa872f52a02529535c08b7ad7d495299730f05,25/06/2023 23:12:59,ESCANER
3917,"Guatemala",1,"San Raimundo",11,387,512,9,4,10,3,11,3,18,8,3,2,22,1,0,13,107,8,8,123,0,123,0,510,387,107,123,123,,1,6304e332442bf638c18c96b2e8d6a65338b9abd817a4a071a6f482522c8ff070,25/06/2023 23:26:10,ESCANER