﻿TIPO_DE_ELECCIÓN:,CORPORACIÓN MUNICIPAL
26 junio 2023 00:28 (UTC -6)
ACTAS_ESPERADAS,ACTAS_CAPTURADAS,PORCENTAJE_ACTAS_CAPTURADAS,ACTAS_CONTABILIZADAS,PORCENTAJE_ACTAS_CONTABILIZADAS,ACTAS_NO_CONTABILIZADAS,LISTA_NOMINAL_ACTAS_CONTABILIZADAS,VOTOS_EMITIDOS_CONTABILIZADAS,PORCENTAJE_PARTICIPACIÓN_CIUDADANA
49,15,30.6122,15,30.6122,0,5300,3128,59.0188

MESA,DEPARTAMENTO,ID_DEPARTAMENTO,MUNICIPIO,ID_MUNICIPIO,CENTRO_DE_VOTACIÓN,PADRÓN,VAMOS,UNE,CABAL,PHG,WINAQ,PODEMOS,VÁLIDOS,NULOS,BLANCO,EMITIDOS,INVÁLIDOS,TOTAL,IMPUGNACIONES,PAPELETAS-RECIBIDAS,PAPELETAS-NO-USADAS,VALIDOS_CALCULADO,EMITIDOS_CALCULADO,TOTAL_CALCULADO,OBSERVACIONES,CONTABILIZADA,CÓDIGO_INTEGRIDAD,FECHA_HORA_PUBLICACIÓN,DIGITALIZACIÓN
15776,"Huehuetenango",13,"San Miguel Acatán",13,2302,400,,,,,,,,,,,,,,,,,,,,0,,,
15777,"Huehuetenango",13,"San Miguel Acatán",13,2302,400,17,90,34,34,70,45,290,10,8,308,0,308,--,400,92,290,308,308,Algún campo sin dato,1,73dcb7728cce7b1ab664cf40b0555b02ffbb3af43f6d66bacceb3ac2bedaec76,25/06/2023 23:55:26,ESCANER
15778,"Huehuetenango",13,"San Miguel Acatán",13,2302,400,,,,,,,,,,,,,,,,,,,,0,,,
15779,"Huehuetenango",13,"San Miguel Acatán",13,2302,400,,,,,,,,,,,,,,,,,,,,0,,,
15780,"Huehuetenango",13,"San Miguel Acatán",13,2302,400,,,,,,,,,,,,,,,,,,,,0,,,
15781,"Huehuetenango",13,"San Miguel Acatán",13,2302,400,,,,,,,,,,,,,,,,,,,,0,,,
15782,"Huehuetenango",13,"San Miguel Acatán",13,2302,304,16,79,21,12,64,29,221,0,0,221,0,221,--,304,83,221,221,221,Algún campo sin dato,1,cc14c352490a6a4e21985e062bb4f5d30ebca11f2133defdf34d0eded7d8ff61,25/06/2023 22:38:58,ESCANER
15783,"Huehuetenango",13,"San Miguel Acatán",13,2302,303,15,45,28,7,43,30,168,5,1,174,0,174,--,303,129,168,174,174,Algún campo sin dato,1,d65199cb7fb075a85f64147ea76f069cd231db5f88b3a7675b23c4100747a27a,25/06/2023 22:00:11,ESCANER
15784,"Huehuetenango",13,"San Miguel Acatán",13,2303,400,,,,,,,,,,,,,,,,,,,,0,,,
15785,"Huehuetenango",13,"San Miguel Acatán",13,2303,400,,,,,,,,,,,,,,,,,,,,0,,,
15786,"Huehuetenango",13,"San Miguel Acatán",13,2303,400,21,86,15,25,87,22,256,5,5,266,0,266,--,397,131,256,266,266,Algún campo sin dato,1,f334b41fe114be5ef23f7fc90a75d22ffe4eaada76a07e37ef77d3d7c4571f62,26/06/2023 00:05:36,ESCANER
15787,"Huehuetenango",13,"San Miguel Acatán",13,2303,305,,,,,,,,,,,,,,,,,,,,0,,,
15788,"Huehuetenango",13,"San Miguel Acatán",13,2303,304,,,,,,,,,,,,,,,,,,,,0,,,
15789,"Huehuetenango",13,"San Miguel Acatán",13,2304,380,33,89,53,9,60,10,268,7,7,268,--,268,--,380,112,254,268,268,Sumas Asentadas sin cuadrar,1,788a034caa3d4eb6cf25fef1995f4c7dd7cc913445d569b98e8568a04be8deb8,25/06/2023 23:44:55,ESCANER
15790,"Huehuetenango",13,"San Miguel Acatán",13,2304,380,,,,,,,,,,,,,,,,,,,,0,,,
15791,"Huehuetenango",13,"San Miguel Acatán",13,2304,380,,,,,,,,,,,,,,,,,,,,0,,,
15792,"Huehuetenango",13,"San Miguel Acatán",13,2304,380,,,,,,,,,,,,,,,,,,,,0,,,
15793,"Huehuetenango",13,"San Miguel Acatán",13,2304,380,14,77,51,14,87,15,258,2,7,267,0,267,--,380,113,258,267,267,Algún campo sin dato,1,28cdd033b69d2f8abb6304df0404dea5468987822a249fc81f8405763b060c1e,25/06/2023 23:52:44,ESCANER
15794,"Huehuetenango",13,"San Miguel Acatán",13,2304,380,,,,,,,,,,,,,,,,,,,,0,,,
15795,"Huehuetenango",13,"San Miguel Acatán",13,2304,380,,,,,,,,,,,,,,,,,,,,0,,,
15796,"Huehuetenango",13,"San Miguel Acatán",13,2304,380,,,,,,,,,,,,,,,,,,,,0,,,
15797,"Huehuetenango",13,"San Miguel Acatán",13,2304,380,17,57,44,6,56,15,195,2,7,204,0,204,--,380,176,195,204,204,Algún campo sin dato,1,1eecbec784cbea01e193f3326ce8b7a221b3de9704d7bcaf431217c30808174a,25/06/2023 23:54:13,ESCANER
15798,"Huehuetenango",13,"San Miguel Acatán",13,2304,380,10,99,47,10,61,12,239,2,4,245,0,245,--,380,135,239,245,245,Algún campo sin dato,1,4644f5884694f43e71fa631137ed81951f713a4733e952027cbc4a6763258d00,25/06/2023 23:23:23,ESCANER
15799,"Huehuetenango",13,"San Miguel Acatán",13,2304,380,,,,,,,,,,,,,,,,,,,,0,,,
15800,"Huehuetenango",13,"San Miguel Acatán",13,2305,279,14,71,41,6,50,9,191,0,3,194,0,194,--,--,--,191,194,194,Algún campo sin dato,1,3a39fde3ba0ae385e6ea54503fa1f0fe1b3f64091ecf4c6ef3af8d6721695669,25/06/2023 22:33:49,ESCANER
15801,"Huehuetenango",13,"San Miguel Acatán",13,2305,279,,,,,,,,,,,,,,,,,,,,0,,,
15802,"Huehuetenango",13,"San Miguel Acatán",13,2306,380,,,,,,,,,,,,,,,,,,,,0,,,
15803,"Huehuetenango",13,"San Miguel Acatán",13,2306,380,3,62,69,24,72,17,247,4,9,260,0,260,--,380,120,247,260,260,Algún campo sin dato,1,ba745d57607007cf98f60166aba9d18461c76f4da700e1ce35c81aa9eb985d5d,25/06/2023 23:50:44,ESCANER
15804,"Huehuetenango",13,"San Miguel Acatán",13,2306,380,,,,,,,,,,,,,,,,,,,,0,,,
15805,"Huehuetenango",13,"San Miguel Acatán",13,2306,380,,,,,,,,,,,,,,,,,,,,0,,,
15806,"Huehuetenango",13,"San Miguel Acatán",13,2306,380,,,,,,,,,,,,,,,,,,,,0,,,
15807,"Huehuetenango",13,"San Miguel Acatán",13,2306,380,5,59,51,13,48,20,196,4,5,205,0,205,--,380,175,196,205,205,Algún campo sin dato,1,4c51a43d08259270d1db2aced13eae113096c0a3ab84fbce4d87de06ce66fa5f,25/06/2023 22:54:50,ESCANER
15808,"Huehuetenango",13,"San Miguel Acatán",13,2306,380,,,,,,,,,,,,,,,,,,,,0,,,
15809,"Huehuetenango",13,"San Miguel Acatán",13,2306,193,,,,,,,,,,,,,,,,,,,,0,,,
15810,"Huehuetenango",13,"San Miguel Acatán",13,2306,192,5,38,23,4,16,6,92,2,2,96,--,96,--,192,97,92,96,96,Algún campo sin dato,1,82115ae4a19619e70f6ccf8f4379606f902a84f0583e804f0a650550c74310ae,25/06/2023 23:29:38,ESCANER
15811,"Huehuetenango",13,"San Miguel Acatán",13,2307,380,,,,,,,,,,,,,,,,,,,,0,,,
15812,"Huehuetenango",13,"San Miguel Acatán",13,2307,380,,,,,,,,,,,,,,,,,,,,0,,,
15813,"Huehuetenango",13,"San Miguel Acatán",13,2307,380,,,,,,,,,,,,,,,,,,,,0,,,
15814,"Huehuetenango",13,"San Miguel Acatán",13,2307,380,,,,,,,,,,,,,,,,,,,,0,,,
15815,"Huehuetenango",13,"San Miguel Acatán",13,2307,288,,,,,,,,,,,,,,,,,,,,0,,,
15816,"Huehuetenango",13,"San Miguel Acatán",13,2307,287,,,,,,,,,,,,,,,,,,,,0,,,
15817,"Huehuetenango",13,"San Miguel Acatán",13,2308,380,,,,,,,,,,,,,,,,,,,,0,,,
15818,"Huehuetenango",13,"San Miguel Acatán",13,2308,380,26,68,25,20,79,13,231,4,10,245,--,245,--,376,131,231,245,245,Algún campo sin dato,1,e2b5f41bdae1e8041fb995bb67cb65a15ab40548d5faf8e22b597035373a4e47,25/06/2023 23:12:37,ESCANER
15819,"Huehuetenango",13,"San Miguel Acatán",13,2308,245,8,52,11,16,42,16,145,4,5,154,0,154,--,245,91,145,154,154,Algún campo sin dato,1,ac205d7d9d748cab37feea7076704a64916fe8433dd7036ffccfcbe10f73174f,25/06/2023 23:45:38,ESCANER
15820,"Huehuetenango",13,"San Miguel Acatán",13,2308,245,,,,,,,,,,,,,,,,,,,,0,,,
15821,"Huehuetenango",13,"San Miguel Acatán",13,2309,380,,,,,,,,,,,,,,,,,,,,0,,,
15822,"Huehuetenango",13,"San Miguel Acatán",13,2309,277,,,,,,,,,,,,,,,,,,,,0,,,
15823,"Huehuetenango",13,"San Miguel Acatán",13,2309,276,,,,,,,,,,,,,,,,,,,,0,,,
15824,"Huehuetenango",13,"San Miguel Acatán",13,2310,517,2,8,2,0,7,2,21,0,0,21,0,21,--,517,496,21,21,21,Algún campo sin dato,1,9be52d327bc7ce980e85b0f4ae0441af608da7e4419f743f2ec7f327680229ab,25/06/2023 22:36:07,ESCANER