﻿TIPO_DE_ELECCIÓN:,CORPORACIÓN MUNICIPAL
26 junio 2023 00:28 (UTC -6)
ACTAS_ESPERADAS,ACTAS_CAPTURADAS,PORCENTAJE_ACTAS_CAPTURADAS,ACTAS_CONTABILIZADAS,PORCENTAJE_ACTAS_CONTABILIZADAS,ACTAS_NO_CONTABILIZADAS,LISTA_NOMINAL_ACTAS_CONTABILIZADAS,VOTOS_EMITIDOS_CONTABILIZADAS,PORCENTAJE_PARTICIPACIÓN_CIUDADANA
102,47,46.0784,47,46.0784,0,16730,8689,51.9366

MESA,DEPARTAMENTO,ID_DEPARTAMENTO,MUNICIPIO,ID_MUNICIPIO,CENTRO_DE_VOTACIÓN,PADRÓN,VAMOS,CABAL,VALOR,UNE,PHG,CAMBIO,VICTORIA,PPG,CREO,VOS,PPN,VÁLIDOS,NULOS,BLANCO,EMITIDOS,INVÁLIDOS,TOTAL,IMPUGNACIONES,PAPELETAS-RECIBIDAS,PAPELETAS-NO-USADAS,VALIDOS_CALCULADO,EMITIDOS_CALCULADO,TOTAL_CALCULADO,OBSERVACIONES,CONTABILIZADA,CÓDIGO_INTEGRIDAD,FECHA_HORA_PUBLICACIÓN,DIGITALIZACIÓN
2321,"Guatemala",1,"Palencia",5,195,400,98,17,22,17,4,37,1,1,0,3,11,211,15,7,233,0,233,--,400,167,211,233,233,Algún campo sin dato,1,59542fbc43cdb8c38e8de3bd38d2924367446c55ed2c31ab1a22ba8fc875539f,25/06/2023 23:47:03,ESCANER
2322,"Guatemala",1,"Palencia",5,195,400,,,,,,,,,,,,,,,,,,,,,,,,,0,,,
2323,"Guatemala",1,"Palencia",5,195,400,,,,,,,,,,,,,,,,,,,,,,,,,0,,,
2324,"Guatemala",1,"Palencia",5,195,400,,,,,,,,,,,,,,,,,,,,,,,,,0,,,
2325,"Guatemala",1,"Palencia",5,195,400,,,,,,,,,,,,,,,,,,,,,,,,,0,,,
2326,"Guatemala",1,"Palencia",5,195,400,78,17,36,21,3,49,2,1,3,2,12,224,24,5,253,0,253,1,400,146,224,253,253,,1,103dee7863d211595251ebc8f1817852c65de1f3e1e5e40c6d55158899c543dc,26/06/2023 00:08:38,ESCANER
2327,"Guatemala",1,"Palencia",5,195,400,,,,,,,,,,,,,,,,,,,,,,,,,0,,,
2328,"Guatemala",1,"Palencia",5,195,400,109,12,38,14,8,45,1,3,4,4,12,250,16,4,270,0,270,--,400,130,250,270,270,Algún campo sin dato,1,dd6b4f3f1e7eb4dd46e8993549c57d01a0f778e042215ff4399df0fe24309c3e,25/06/2023 23:52:08,ESCANER
2329,"Guatemala",1,"Palencia",5,195,400,,,,,,,,,,,,,,,,,,,,,,,,,0,,,
2330,"Guatemala",1,"Palencia",5,196,400,98,20,30,16,7,39,3,1,2,2,9,227,17,1,245,0,245,--,--,--,227,245,245,Algún campo sin dato,1,90b6a8745975828f271d8d965eabb0220a18415918b2e882ce89a13888240130,25/06/2023 23:45:42,ESCANER
2331,"Guatemala",1,"Palencia",5,196,400,88,14,29,10,7,44,2,1,1,2,10,208,16,0,224,0,224,--,400,176,208,224,224,Algún campo sin dato,1,fc337f299b135960a3c31f0673efe041f56f63774814a42da6c2bc9ae2083604,26/06/2023 00:05:56,ESCANER
2332,"Guatemala",1,"Palencia",5,196,400,108,21,32,13,8,49,3,1,1,3,7,246,13,3,262,0,262,--,400,138,246,262,262,Algún campo sin dato,1,c63570b8149abacbff4cbe47f6bf3db620f819070053bd85aa4773b1d0486973,26/06/2023 00:11:01,ESCANER
2333,"Guatemala",1,"Palencia",5,196,400,,,,,,,,,,,,,,,,,,,,,,,,,0,,,
2334,"Guatemala",1,"Palencia",5,197,400,,,,,,,,,,,,,,,,,,,,,,,,,0,,,
2335,"Guatemala",1,"Palencia",5,197,400,,,,,,,,,,,,,,,,,,,,,,,,,0,,,
2336,"Guatemala",1,"Palencia",5,197,400,67,13,28,12,7,47,1,1,1,2,6,185,5,2,192,0,192,--,400,208,185,192,192,Algún campo sin dato,1,2301e0626d047ea6731a9396942918496d53609810aff5ae2403901ca7eb25b0,26/06/2023 00:09:45,ESCANER
2337,"Guatemala",1,"Palencia",5,197,400,78,19,19,12,7,39,0,0,0,5,13,192,7,1,200,0,200,0,400,200,192,200,200,,1,4063c2998da1241f619c73d7071e680e8aad56d82c1a2bdde2c2012fb39d1bd5,25/06/2023 22:39:44,ESCANER
2338,"Guatemala",1,"Palencia",5,197,400,94,26,23,16,8,39,2,1,1,7,14,231,6,0,237,0,237,--,400,163,231,237,237,Algún campo sin dato,1,db700e76e7b8763908b22430c29ea8a86563191fa44818f9f56b5edfa4bf1204,26/06/2023 00:06:50,ESCANER
2339,"Guatemala",1,"Palencia",5,197,391,65,19,25,15,6,51,1,1,0,1,14,198,8,0,206,0,206,--,391,185,198,206,206,Algún campo sin dato,1,e041ed791dd78baba1e6fcee99caf2372d01716095a90e439bb0007f93fee075,25/06/2023 23:22:47,ESCANER
2340,"Guatemala",1,"Palencia",5,197,390,65,14,8,10,4,34,3,1,1,8,8,156,6,2,164,2,166,0,391,225,156,164,166,,1,6260e958afcd3328865ecccbc0bcf0ed3df2353d06a1a46fd621a90cc2e3dffa,26/06/2023 00:03:39,ESCANER
2341,"Guatemala",1,"Palencia",5,198,400,,,,,,,,,,,,,,,,,,,,,,,,,0,,,
2342,"Guatemala",1,"Palencia",5,198,400,69,16,15,11,6,84,4,2,2,1,9,219,22,2,243,0,243,--,400,157,219,243,243,Algún campo sin dato,1,5d2040f30a03bdb550de24e1a5960e0396d356fd27f6ae7cf79bd82fb43ac856,25/06/2023 23:23:33,ESCANER
2343,"Guatemala",1,"Palencia",5,198,400,82,15,11,15,5,72,2,0,1,2,7,212,12,6,230,0,230,--,400,170,212,230,230,Algún campo sin dato,1,58c2107aec7c3869445967f8139110b91a23ba12ebd4b7a4af384b8e81d4cf4f,25/06/2023 23:32:06,ESCANER
2344,"Guatemala",1,"Palencia",5,198,400,81,16,11,19,9,60,2,0,1,5,10,214,15,3,232,0,232,--,400,168,214,232,232,Algún campo sin dato,1,1df0790ac1aa44753b0710e3751bd0415903b89787700591224cf421d2776d7e,26/06/2023 00:22:53,ESCANER
2345,"Guatemala",1,"Palencia",5,198,400,84,22,18,18,4,48,4,3,0,9,6,216,13,4,233,0,233,--,400,167,216,233,233,Algún campo sin dato,1,b1a2176d6e6785ef637dc621dda90f9f8212e40101e0c4cb4e454342ad99ef95,25/06/2023 23:38:40,ESCANER
2346,"Guatemala",1,"Palencia",5,198,336,62,19,5,19,3,40,1,0,2,4,7,162,11,3,176,0,176,--,337,161,162,176,176,Algún campo sin dato,1,28615ee59d373643b54e05b8e9360a56881ad182f59eecb6a0dd0bc4d610aec0,25/06/2023 22:39:35,ESCANER
2347,"Guatemala",1,"Palencia",5,198,336,,,,,,,,,,,,,,,,,,,,,,,,,0,,,
2348,"Guatemala",1,"Palencia",5,199,380,,,,,,,,,,,,,,,,,,,,,,,,,0,,,
2349,"Guatemala",1,"Palencia",5,199,380,,,,,,,,,,,,,,,,,,,,,,,,,0,,,
2350,"Guatemala",1,"Palencia",5,199,380,29,11,6,17,103,15,2,4,5,19,4,215,21,1,237,0,237,--,378,141,215,237,237,Algún campo sin dato,1,801217f81479c6dc8cc8f676aab67d6f3d051898744a173fe4f970a5fd2884e9,26/06/2023 00:22:31,ESCANER
2351,"Guatemala",1,"Palencia",5,199,380,,,,,,,,,,,,,,,,,,,,,,,,,0,,,
2352,"Guatemala",1,"Palencia",5,199,380,,,,,,,,,,,,,,,,,,,,,,,,,0,,,
2353,"Guatemala",1,"Palencia",5,199,380,,,,,,,,,,,,,,,,,,,,,,,,,0,,,
2354,"Guatemala",1,"Palencia",5,200,380,22,5,5,20,97,16,4,2,8,13,4,196,25,4,225,0,225,--,380,155,196,225,225,Algún campo sin dato,1,b49426ab1dc6fbcb1267a86dcf50a4841c72d14de90a9336e95d8dd5f95eb044,26/06/2023 00:16:41,ESCANER
2355,"Guatemala",1,"Palencia",5,200,380,23,5,9,12,92,14,6,4,5,35,4,209,16,0,225,0,225,--,380,155,209,225,225,Algún campo sin dato,1,c6103f9ca54b02b7ceb4e124b31e4af02720ddc0c35c6f9d00f7b8ded26775bc,26/06/2023 00:09:54,ESCANER
2356,"Guatemala",1,"Palencia",5,200,209,11,3,1,6,47,7,1,1,5,8,2,92,8,0,100,0,100,--,209,109,92,100,100,Algún campo sin dato,1,4df012b5bd5b389718c19aab32d18122de9a4e04670b1c351aa2d6d603131a9b,25/06/2023 23:24:10,ESCANER
2357,"Guatemala",1,"Palencia",5,200,208,9,5,2,6,33,7,2,3,1,21,2,91,7,1,99,0,99,--,209,110,91,99,99,Algún campo sin dato,1,af962b6011565932a9498ba1d6ad15594be7e017c5228408fc61c20a0c2bae2e,25/06/2023 22:58:14,ESCANER
2358,"Guatemala",1,"Palencia",5,201,380,,,,,,,,,,,,,,,,,,,,,,,,,0,,,
2359,"Guatemala",1,"Palencia",5,201,380,58,8,18,10,47,40,0,0,3,2,6,192,14,1,207,0,207,--,380,173,192,207,207,Algún campo sin dato,1,c244ceb12ad6ebc5d83afd0fc116e3a0b4709dd5d971f1ea015ad4e1ebb95e58,25/06/2023 23:55:39,ESCANER
2360,"Guatemala",1,"Palencia",5,201,380,,,,,,,,,,,,,,,,,,,,,,,,,0,,,
2361,"Guatemala",1,"Palencia",5,201,380,,,,,,,,,,,,,,,,,,,,,,,,,0,,,
2362,"Guatemala",1,"Palencia",5,201,380,,,,,,,,,,,,,,,,,,,,,,,,,0,,,
2363,"Guatemala",1,"Palencia",5,201,380,56,8,15,13,36,41,1,1,2,1,8,182,6,2,190,0,190,--,380,190,182,190,190,Algún campo sin dato,1,62d9a22082fa919a25bcef30b5b94b12337746b385a0189b02dce3462bcaa692,25/06/2023 23:38:40,ESCANER
2364,"Guatemala",1,"Palencia",5,201,320,53,4,6,7,45,33,0,0,1,4,5,158,9,0,167,0,167,--,321,154,158,167,167,Algún campo sin dato,1,55a7f1f7f2be885cd61376082c7ef487d7a60f1ad30959a9c21b9c1bd04a92f6,25/06/2023 23:32:17,ESCANER
2365,"Guatemala",1,"Palencia",5,201,319,43,3,3,4,30,53,1,0,1,0,2,140,6,1,147,0,147,--,323,176,140,147,147,Algún campo sin dato,1,8043e031569fecfb26cfa74a064f4978a002adfd93576891c9265b29d27f78b2,25/06/2023 23:24:56,ESCANER
2366,"Guatemala",1,"Palencia",5,202,380,,,,,,,,,,,,,,,,,,,,,,,,,0,,,
2367,"Guatemala",1,"Palencia",5,202,380,,,,,,,,,,,,,,,,,,,,,,,,,0,,,
2368,"Guatemala",1,"Palencia",5,202,380,,,,,,,,,,,,,,,,,,,,,,,,,0,,,
2369,"Guatemala",1,"Palencia",5,202,380,,,,,,,,,,,,,,,,,,,,,,,,,0,,,
2370,"Guatemala",1,"Palencia",5,202,380,65,6,18,13,30,69,3,0,3,0,8,215,19,1,235,0,235,--,380,145,215,235,235,Algún campo sin dato,1,5752c712c9dbbadfa87f79a62deae508b2595d4d55764c9333243a16906b544e,26/06/2023 00:24:00,ESCANER
2371,"Guatemala",1,"Palencia",5,202,380,,,,,,,,,,,,,,,,,,,,,,,,,0,,,
2372,"Guatemala",1,"Palencia",5,202,380,,,,,,,,,,,,,,,,,,,,,,,,,0,,,
2373,"Guatemala",1,"Palencia",5,203,380,,,,,,,,,,,,,,,,,,,,,,,,,0,,,
2374,"Guatemala",1,"Palencia",5,203,380,,,,,,,,,,,,,,,,,,,,,,,,,0,,,
2375,"Guatemala",1,"Palencia",5,203,380,52,6,23,13,18,36,0,0,2,4,12,166,5,0,171,0,171,--,380,209,166,171,171,Algún campo sin dato,1,324a509e7590e4027be21b6d632f4f7c3edc90da29b7a8e43ba9520feca87b6f,26/06/2023 00:00:58,ESCANER
2376,"Guatemala",1,"Palencia",5,203,355,43,14,19,12,25,49,0,1,0,8,8,179,5,0,184,0,184,--,357,173,179,184,184,Algún campo sin dato,1,781692a09c317bd6652c71f2420212e8ef16ebd2a7a853cfaa084ba5f8f7ea6a,25/06/2023 23:29:41,ESCANER
2377,"Guatemala",1,"Palencia",5,203,354,43,9,15,13,19,34,1,1,1,3,6,145,8,2,155,0,155,--,356,201,145,155,155,Algún campo sin dato,1,66e4c3d753c91ca1fa83ef50b2050abc42c38d4ad05d8a8028494c3a8c64368c,25/06/2023 22:59:26,ESCANER
2378,"Guatemala",1,"Palencia",5,204,380,,,,,,,,,,,,,,,,,,,,,,,,,0,,,
2379,"Guatemala",1,"Palencia",5,204,380,,,,,,,,,,,,,,,,,,,,,,,,,0,,,
2380,"Guatemala",1,"Palencia",5,204,380,52,4,33,15,12,44,0,1,2,0,14,177,19,11,207,0,207,--,380,173,177,207,207,Algún campo sin dato,1,3ae580a75e39c4480e0ded1551ac86a0d66485d03477b00ba40ac8228955c56e,25/06/2023 23:19:14,ESCANER
2381,"Guatemala",1,"Palencia",5,204,380,46,3,20,7,8,52,1,0,0,0,7,144,10,9,163,0,163,--,380,217,144,163,163,Algún campo sin dato,1,4c07c8b02a41df5a22f946c57e4ce2b11ba24d537480a2ea0180cc36eeb5cfaa,25/06/2023 23:58:28,ESCANER
2382,"Guatemala",1,"Palencia",5,204,313,,,,,,,,,,,,,,,,,,,,,,,,,0,,,
2383,"Guatemala",1,"Palencia",5,204,313,22,2,15,7,5,43,2,0,0,0,9,105,3,6,114,0,114,--,314,200,105,114,114,Algún campo sin dato,1,7b9ca428d494467f61826970053df454810a4c09c216ee5aff3818fe769f73f3,25/06/2023 23:06:11,ESCANER
2384,"Guatemala",1,"Palencia",5,205,380,54,13,9,17,5,60,0,1,1,1,1,162,13,3,178,0,178,--,381,213,162,178,178,Algún campo sin dato,1,d38f008d69df2945bc12d4ba71787e2dfe9c09d42a00fb57b65c369671998b90,25/06/2023 23:52:48,ESCANER
2385,"Guatemala",1,"Palencia",5,205,380,56,10,6,20,2,62,0,0,0,2,2,160,8,13,181,0,181,--,380,199,160,181,181,Algún campo sin dato,1,63501ec35391e10c106c4479f906ae726ef319613b728b75cb3cd4384336fd41,25/06/2023 23:49:55,ESCANER
2386,"Guatemala",1,"Palencia",5,205,380,54,10,6,22,3,57,0,2,1,1,4,160,21,5,186,0,186,--,380,194,160,186,186,Algún campo sin dato,1,b573897a3e9f754016e22c73d8d2e23d97ae6bcab9fe3a1cd5e8b050bb0817b4,26/06/2023 00:27:34,ESCANER
2387,"Guatemala",1,"Palencia",5,205,380,67,13,12,15,2,67,0,0,5,0,1,182,18,9,209,0,209,--,380,171,182,209,209,Algún campo sin dato,1,6ff90df157bc92a12d3f195a79c629c2f85eaa9c3187f867441ffc5438589eb8,25/06/2023 23:38:07,ESCANER
2388,"Guatemala",1,"Palencia",5,205,380,,,,,,,,,,,,,,,,,,,,,,,,,0,,,
2389,"Guatemala",1,"Palencia",5,205,380,37,16,11,11,3,64,0,0,1,1,1,145,9,2,156,0,156,--,380,224,145,156,156,Algún campo sin dato,1,22df55b768a72978eb086bf19bdd4612a2cdd0215fe8f54274a900be11005c56,25/06/2023 22:10:02,ESCANER
2390,"Guatemala",1,"Palencia",5,205,200,30,9,2,3,0,26,0,0,0,2,0,72,1,0,73,0,73,--,202,129,72,73,73,Algún campo sin dato,1,e3037155c6aaa760540837e30c0384cdd5bf754033fe177ec0fa9a8eb2c160fe,25/06/2023 22:30:20,ESCANER
2391,"Guatemala",1,"Palencia",5,205,200,16,1,2,5,3,35,0,1,0,1,0,64,5,0,69,0,69,--,200,131,64,69,69,Algún campo sin dato,1,243988290ffba2a272581333738d5cf64be393d08644ee43a9724c8c8c242b33,25/06/2023 22:17:44,ESCANER
2392,"Guatemala",1,"Palencia",5,206,380,,,,,,,,,,,,,,,,,,,,,,,,,0,,,
2393,"Guatemala",1,"Palencia",5,206,380,70,14,10,19,30,24,5,4,5,11,9,201,24,5,230,1,231,1,381,150,201,230,231,,1,32ecf3dc700602b862fdc4f4af85873bd5c2805b151da5ca16c9f235949da806,26/06/2023 00:06:57,ESCANER
2394,"Guatemala",1,"Palencia",5,206,380,,,,,,,,,,,,,,,,,,,,,,,,,0,,,
2395,"Guatemala",1,"Palencia",5,206,380,,,,,,,,,,,,,,,,,,,,,,,,,0,,,
2396,"Guatemala",1,"Palencia",5,206,380,,,,,,,,,,,,,,,,,,,,,,,,,0,,,
2397,"Guatemala",1,"Palencia",5,206,380,,,,,,,,,,,,,,,,,,,,,,,,,0,,,
2398,"Guatemala",1,"Palencia",5,206,378,54,7,6,12,28,26,4,2,6,13,3,161,8,1,170,0,170,0,380,210,161,170,170,,1,1489939649d35c6c79a9d9e171476c6f1df015d33503019193c11483e7fa4ce2,25/06/2023 22:29:43,ESCANER
2399,"Guatemala",1,"Palencia",5,206,377,,,,,,,,,,,,,,,,,,,,,,,,,0,,,
2400,"Guatemala",1,"Palencia",5,207,380,,,,,,,,,,,,,,,,,,,,,,,,,0,,,
2401,"Guatemala",1,"Palencia",5,207,380,,,,,,,,,,,,,,,,,,,,,,,,,0,,,
2402,"Guatemala",1,"Palencia",5,207,380,,,,,,,,,,,,,,,,,,,,,,,,,0,,,
2403,"Guatemala",1,"Palencia",5,207,380,,,,,,,,,,,,,,,,,,,,,,,,,0,,,
2404,"Guatemala",1,"Palencia",5,207,380,,,,,,,,,,,,,,,,,,,,,,,,,0,,,
2405,"Guatemala",1,"Palencia",5,207,380,,,,,,,,,,,,,,,,,,,,,,,,,0,,,
2406,"Guatemala",1,"Palencia",5,207,229,43,4,8,3,6,63,0,0,0,1,2,130,1,3,134,0,134,1,231,97,130,134,134,,1,4b75d50b0dda378deccb01a02699d97c2a6dc5c60d62c3797566bfc799633c65,26/06/2023 00:09:00,ESCANER
2407,"Guatemala",1,"Palencia",5,207,229,27,1,8,3,5,67,1,1,0,0,2,115,1,2,118,1,119,--,231,112,115,118,119,Algún campo sin dato,1,4f028ddfae354cf372cadb3e434d8c0322e5185312e58a4133ea5c0791683589,25/06/2023 22:07:41,ESCANER
2408,"Guatemala",1,"Palencia",5,208,380,,,,,,,,,,,,,,,,,,,,,,,,,0,,,
2409,"Guatemala",1,"Palencia",5,208,380,,,,,,,,,,,,,,,,,,,,,,,,,0,,,
2410,"Guatemala",1,"Palencia",5,208,306,,,,,,,,,,,,,,,,,,,,,,,,,0,,,
2411,"Guatemala",1,"Palencia",5,208,305,37,3,4,7,6,61,0,0,0,3,9,130,4,1,135,0,135,--,307,172,130,135,135,Algún campo sin dato,1,1f551c0af3df6696f26421e6c10b5c18f325e43cca0b506961e66601087421cb,26/06/2023 00:21:16,ESCANER
2412,"Guatemala",1,"Palencia",5,209,286,44,5,4,44,1,72,0,1,2,1,4,178,14,5,197,2,199,--,285,86,178,197,199,Algún campo sin dato,1,0e58eac455443d33f64096beee27e839b8670ba4e99931ff2f1fe7e59f55c4f1,25/06/2023 23:58:39,ESCANER
2413,"Guatemala",1,"Palencia",5,209,285,36,12,3,37,2,63,0,0,2,1,8,164,12,4,180,0,180,--,287,107,164,180,180,Algún campo sin dato,1,9061b40cd68adcf950296491135f007cd8d8a89b5b4386943575dbca7a54f808,25/06/2023 22:29:10,ESCANER
2414,"Guatemala",1,"Palencia",5,210,352,,,,,,,,,,,,,,,,,,,,,,,,,0,,,
2415,"Guatemala",1,"Palencia",5,210,352,,,,,,,,,,,,,,,,,,,,,,,,,0,,,
2416,"Guatemala",1,"Palencia",5,211,380,,,,,,,,,,,,,,,,,,,,,,,,,0,,,
2417,"Guatemala",1,"Palencia",5,211,380,,,,,,,,,,,,,,,,,,,,,,,,,0,,,
2418,"Guatemala",1,"Palencia",5,211,293,,,,,,,,,,,,,,,,,,,,,,,,,0,,,
2419,"Guatemala",1,"Palencia",5,211,292,,,,,,,,,,,,,,,,,,,,,,,,,0,,,
2420,"Guatemala",1,"Palencia",5,212,600,,,,,,,,,,,,,,,,,,,,,,,,,0,,,
2421,"Guatemala",1,"Palencia",5,212,524,,,,,,,,,,,,,,,,,,,,,,,,,0,,,
2422,"Guatemala",1,"Palencia",5,212,523,10,7,5,3,3,18,0,1,0,0,0,47,0,0,47,0,47,--,525,478,47,47,47,Algún campo sin dato,1,eac0a4ffe546bd3c389e0fe433ee9a38519e1ed663ced106d20b14c61dc95441,25/06/2023 22:43:58,ESCANER