﻿TIPO_DE_ELECCIÓN:,CORPORACIÓN MUNICIPAL
26 junio 2023 00:28 (UTC -6)
ACTAS_ESPERADAS,ACTAS_CAPTURADAS,PORCENTAJE_ACTAS_CAPTURADAS,ACTAS_CONTABILIZADAS,PORCENTAJE_ACTAS_CONTABILIZADAS,ACTAS_NO_CONTABILIZADAS,LISTA_NOMINAL_ACTAS_CONTABILIZADAS,VOTOS_EMITIDOS_CONTABILIZADAS,PORCENTAJE_PARTICIPACIÓN_CIUDADANA
38,10,26.3157,10,26.3157,0,3837,2739,71.3838

MESA,DEPARTAMENTO,ID_DEPARTAMENTO,MUNICIPIO,ID_MUNICIPIO,CENTRO_DE_VOTACIÓN,PADRÓN,CABAL,VALOR,AZUL,BIEN,PIN,VAMOS,UNE,U R N G - MAIZ,PODEMOS,PPN,SEMILLA,VÁLIDOS,NULOS,BLANCO,EMITIDOS,INVÁLIDOS,TOTAL,IMPUGNACIONES,PAPELETAS-RECIBIDAS,PAPELETAS-NO-USADAS,VALIDOS_CALCULADO,EMITIDOS_CALCULADO,TOTAL_CALCULADO,OBSERVACIONES,CONTABILIZADA,CÓDIGO_INTEGRIDAD,FECHA_HORA_PUBLICACIÓN,DIGITALIZACIÓN
12841,"Retalhuleu",11,"San Felipe",5,1752,400,50,59,10,66,1,62,3,3,3,12,3,272,15,3,290,0,290,1,400,110,272,290,290,,1,17108f96d1a692d0336b2dc3433e3c2e1ed8902d80c9efb140d17d90505cd3e5,25/06/2023 23:36:12,ESCANER
12842,"Retalhuleu",11,"San Felipe",5,1752,400,,,,,,,,,,,,,,,,,,,,,,,,,0,,,
12843,"Retalhuleu",11,"San Felipe",5,1752,400,,,,,,,,,,,,,,,,,,,,,,,,,0,,,
12844,"Retalhuleu",11,"San Felipe",5,1752,400,48,55,6,102,2,67,4,2,0,4,5,295,13,2,310,0,310,--,400,90,295,310,310,Algún campo sin dato,1,6339c220c8b6d4fb4e1188e70623b5182b6ad0da552ff6e00f668e483d8ee424,26/06/2023 00:19:34,ESCANER
12845,"Retalhuleu",11,"San Felipe",5,1753,400,,,,,,,,,,,,,,,,,,,,,,,,,0,,,
12846,"Retalhuleu",11,"San Felipe",5,1753,400,,,,,,,,,,,,,,,,,,,,,,,,,0,,,
12847,"Retalhuleu",11,"San Felipe",5,1753,400,,,,,,,,,,,,,,,,,,,,,,,,,0,,,
12848,"Retalhuleu",11,"San Felipe",5,1753,400,44,60,10,91,1,65,6,4,0,5,7,293,19,0,312,0,312,2,396,84,293,312,312,,1,e815a9bb98dc9ab38b30a5ede6a169a8dc7d105e94117daaf4899783685a3671,25/06/2023 23:48:57,ESCANER
12849,"Retalhuleu",11,"San Felipe",5,1753,400,46,57,11,81,2,60,5,3,1,3,4,273,10,2,285,1,286,6,400,114,273,285,286,,1,7ecad7c5a114d7796125eb0fec2a07d6ac40ffffcade2fda1442eb5084b0225e,26/06/2023 00:06:32,ESCANER
12850,"Retalhuleu",11,"San Felipe",5,1753,400,,,,,,,,,,,,,,,,,,,,,,,,,0,,,
12851,"Retalhuleu",11,"San Felipe",5,1753,400,,,,,,,,,,,,,,,,,,,,,,,,,0,,,
12852,"Retalhuleu",11,"San Felipe",5,1753,400,,,,,,,,,,,,,,,,,,,,,,,,,0,,,
12853,"Retalhuleu",11,"San Felipe",5,1753,400,,,,,,,,,,,,,,,,,,,,,,,,,0,,,
12854,"Retalhuleu",11,"San Felipe",5,1753,400,57,53,5,76,0,64,2,4,0,5,4,270,10,2,282,0,282,--,400,118,270,282,282,Algún campo sin dato,1,f3c7df3b2ec1fad1289df91ea06c2dd72804f5ed24cc6225b6131aa6ee099d1f,25/06/2023 23:59:27,ESCANER
12855,"Retalhuleu",11,"San Felipe",5,1754,400,,,,,,,,,,,,,,,,,,,,,,,,,0,,,
12856,"Retalhuleu",11,"San Felipe",5,1754,400,48,55,3,84,4,64,1,4,2,1,4,270,7,3,280,0,280,--,400,120,270,280,280,Algún campo sin dato,1,d70a8191ad67c9d7da1f19e3a72b9d9bf92fdaf3a31ef42adce5a6974ba7fcf4,26/06/2023 00:03:48,ESCANER
12857,"Retalhuleu",11,"San Felipe",5,1754,400,,,,,,,,,,,,,,,,,,,,,,,,,0,,,
12858,"Retalhuleu",11,"San Felipe",5,1755,400,,,,,,,,,,,,,,,,,,,,,,,,,0,,,
12859,"Retalhuleu",11,"San Felipe",5,1755,400,,,,,,,,,,,,,,,,,,,,,,,,,0,,,
12860,"Retalhuleu",11,"San Felipe",5,1755,400,,,,,,,,,,,,,,,,,,,,,,,,,0,,,
12861,"Retalhuleu",11,"San Felipe",5,1755,400,32,52,1,92,2,59,3,4,3,6,6,260,12,1,273,0,273,--,400,127,260,273,273,Algún campo sin dato,1,a482c9a08e3e0cec59f4007912875f662791151e5e5b60269b3b799c0a851139,25/06/2023 23:46:43,ESCANER
12862,"Retalhuleu",11,"San Felipe",5,1755,400,47,58,5,89,1,54,3,1,3,6,7,274,4,1,279,0,279,--,400,121,274,279,279,Algún campo sin dato,1,e39fa90258d89ad8257d648d2e508eac9852e1e573b3ece07096ef873c39269a,25/06/2023 23:36:17,ESCANER
12863,"Retalhuleu",11,"San Felipe",5,1755,400,50,62,9,109,3,41,5,2,1,10,4,296,2,0,298,0,298,--,400,102,296,298,298,Algún campo sin dato,1,6aa7f715826a12a89c19d56ca9f90278bbea67f016968cb1a6e8d25a2fc49de1,25/06/2023 23:40:02,ESCANER
12864,"Retalhuleu",11,"San Felipe",5,1755,400,,,,,,,,,,,,,,,,,,,,,,,,,0,,,
12865,"Retalhuleu",11,"San Felipe",5,1755,400,,,,,,,,,,,,,,,,,,,,,,,,,0,,,
12866,"Retalhuleu",11,"San Felipe",5,1755,237,,,,,,,,,,,,,,,,,,,,,,,,,0,,,
12867,"Retalhuleu",11,"San Felipe",5,1755,237,13,27,2,47,1,26,0,0,0,3,1,120,9,1,130,0,130,2,239,109,120,130,130,,1,ea8958a4f5f62241b4b930ecdeac13f67a18e857275f87c46c7fc0d521a29381,25/06/2023 23:01:32,ESCANER
12868,"Retalhuleu",11,"San Felipe",5,1756,380,,,,,,,,,,,,,,,,,,,,,,,,,0,,,
12869,"Retalhuleu",11,"San Felipe",5,1756,380,,,,,,,,,,,,,,,,,,,,,,,,,0,,,
12870,"Retalhuleu",11,"San Felipe",5,1756,354,,,,,,,,,,,,,,,,,,,,,,,,,0,,,
12871,"Retalhuleu",11,"San Felipe",5,1756,353,,,,,,,,,,,,,,,,,,,,,,,,,0,,,
12872,"Retalhuleu",11,"San Felipe",5,1757,380,,,,,,,,,,,,,,,,,,,,,,,,,0,,,
12873,"Retalhuleu",11,"San Felipe",5,1757,380,,,,,,,,,,,,,,,,,,,,,,,,,0,,,
12874,"Retalhuleu",11,"San Felipe",5,1757,380,,,,,,,,,,,,,,,,,,,,,,,,,0,,,
12875,"Retalhuleu",11,"San Felipe",5,1757,211,,,,,,,,,,,,,,,,,,,,,,,,,0,,,
12876,"Retalhuleu",11,"San Felipe",5,1757,210,,,,,,,,,,,,,,,,,,,,,,,,,0,,,
12877,"Retalhuleu",11,"San Felipe",5,1758,591,,,,,,,,,,,,,,,,,,,,,,,,,0,,,
12878,"Retalhuleu",11,"San Felipe",5,1758,590,,,,,,,,,,,,,,,,,,,,,,,,,0,,,