﻿TIPO_DE_ELECCIÓN:,CORPORACIÓN MUNICIPAL
26 junio 2023 00:28 (UTC -6)
ACTAS_ESPERADAS,ACTAS_CAPTURADAS,PORCENTAJE_ACTAS_CAPTURADAS,ACTAS_CONTABILIZADAS,PORCENTAJE_ACTAS_CONTABILIZADAS,ACTAS_NO_CONTABILIZADAS,LISTA_NOMINAL_ACTAS_CONTABILIZADAS,VOTOS_EMITIDOS_CONTABILIZADAS,PORCENTAJE_PARTICIPACIÓN_CIUDADANA
71,6,8.4507,6,8.4507,0,2278,1020,44.7761

MESA,DEPARTAMENTO,ID_DEPARTAMENTO,MUNICIPIO,ID_MUNICIPIO,CENTRO_DE_VOTACIÓN,PADRÓN,CREO,PHG,UNE,CABAL,TODOS,AZUL,VICTORIA,VIVA,PODEMOS,PPN,VALOR,WINAQ,UR,MLP,ELEFANTE,BIEN,PODER,VAMOS,VÁLIDOS,NULOS,BLANCO,EMITIDOS,INVÁLIDOS,TOTAL,IMPUGNACIONES,PAPELETAS-RECIBIDAS,PAPELETAS-NO-USADAS,VALIDOS_CALCULADO,EMITIDOS_CALCULADO,TOTAL_CALCULADO,OBSERVACIONES,CONTABILIZADA,CÓDIGO_INTEGRIDAD,FECHA_HORA_PUBLICACIÓN,DIGITALIZACIÓN
13757,"San Marcos",12,"Tajumulco",9,1915,400,,,,,,,,,,,,,,,,,,,,,,,,,,,,,,,,0,,,
13758,"San Marcos",12,"Tajumulco",9,1916,400,,,,,,,,,,,,,,,,,,,,,,,,,,,,,,,,0,,,
13759,"San Marcos",12,"Tajumulco",9,1916,400,,,,,,,,,,,,,,,,,,,,,,,,,,,,,,,,0,,,
13760,"San Marcos",12,"Tajumulco",9,1916,400,,,,,,,,,,,,,,,,,,,,,,,,,,,,,,,,0,,,
13761,"San Marcos",12,"Tajumulco",9,1916,400,,,,,,,,,,,,,,,,,,,,,,,,,,,,,,,,0,,,
13762,"San Marcos",12,"Tajumulco",9,1917,400,6,4,39,100,31,2,16,1,5,3,3,0,3,4,1,3,0,23,244,21,10,275,0,275,--,400,125,244,275,275,Algún campo sin dato,1,cbaaab1aac0419c4d0f89d88c511289d9260c7e3e35b5912633c2806ddd5ad77,25/06/2023 23:48:59,ESCANER
13763,"San Marcos",12,"Tajumulco",9,1918,400,,,,,,,,,,,,,,,,,,,,,,,,,,,,,,,,0,,,
13764,"San Marcos",12,"Tajumulco",9,1919,400,,,,,,,,,,,,,,,,,,,,,,,,,,,,,,,,0,,,
13765,"San Marcos",12,"Tajumulco",9,1919,400,,,,,,,,,,,,,,,,,,,,,,,,,,,,,,,,0,,,
13766,"San Marcos",12,"Tajumulco",9,1919,400,,,,,,,,,,,,,,,,,,,,,,,,,,,,,,,,0,,,
13767,"San Marcos",12,"Tajumulco",9,1919,400,,,,,,,,,,,,,,,,,,,,,,,,,,,,,,,,0,,,
13768,"San Marcos",12,"Tajumulco",9,1919,400,9,6,32,93,18,1,17,0,1,5,3,1,0,0,0,0,1,22,209,6,5,220,180,400,--,--,--,209,220,400,Algún campo sin dato,1,6ffd96f28585e0177a1bdcef49ca84117ea891cb68ee393a0b53e1b62fceb6af,25/06/2023 23:13:41,ESCANER
13769,"San Marcos",12,"Tajumulco",9,1919,400,,,,,,,,,,,,,,,,,,,,,,,,,,,,,,,,0,,,
13770,"San Marcos",12,"Tajumulco",9,1919,400,7,5,31,75,14,1,14,0,2,0,1,0,2,2,0,1,0,19,174,1,1,176,0,176,--,400,224,174,176,176,Algún campo sin dato,1,0b0e99ba2d06cc3ec4d0fe6846bf534bf65a616205620640fdb699607ee8f682,25/06/2023 22:53:48,ESCANER
13771,"San Marcos",12,"Tajumulco",9,1919,400,,,,,,,,,,,,,,,,,,,,,,,,,,,,,,,,0,,,
13772,"San Marcos",12,"Tajumulco",9,1919,374,,,,,,,,,,,,,,,,,,,,,,,,,,,,,,,,0,,,
13773,"San Marcos",12,"Tajumulco",9,1919,374,,,,,,,,,,,,,,,,,,,,,,,,,,,,,,,,0,,,
13774,"San Marcos",12,"Tajumulco",9,1920,380,,,,,,,,,,,,,,,,,,,,,,,,,,,,,,,,0,,,
13775,"San Marcos",12,"Tajumulco",9,1920,380,,,,,,,,,,,,,,,,,,,,,,,,,,,,,,,,0,,,
13776,"San Marcos",12,"Tajumulco",9,1920,380,,,,,,,,,,,,,,,,,,,,,,,,,,,,,,,,0,,,
13777,"San Marcos",12,"Tajumulco",9,1920,380,,,,,,,,,,,,,,,,,,,,,,,,,,,,,,,,0,,,
13778,"San Marcos",12,"Tajumulco",9,1920,255,,,,,,,,,,,,,,,,,,,,,,,,,,,,,,,,0,,,
13779,"San Marcos",12,"Tajumulco",9,1920,255,8,6,24,20,15,0,1,23,2,0,0,0,0,0,0,1,2,12,114,7,2,123,0,123,--,255,132,114,123,123,Algún campo sin dato,1,4133fc9106658cdf675a3e27e132c57ab686cc7b573c1f579b5c3d859442b0d4,26/06/2023 00:22:17,ESCANER
13780,"San Marcos",12,"Tajumulco",9,1921,380,,,,,,,,,,,,,,,,,,,,,,,,,,,,,,,,0,,,
13781,"San Marcos",12,"Tajumulco",9,1921,380,,,,,,,,,,,,,,,,,,,,,,,,,,,,,,,,0,,,
13782,"San Marcos",12,"Tajumulco",9,1921,380,,,,,,,,,,,,,,,,,,,,,,,,,,,,,,,,0,,,
13783,"San Marcos",12,"Tajumulco",9,1922,282,,,,,,,,,,,,,,,,,,,,,,,,,,,,,,,,0,,,
13784,"San Marcos",12,"Tajumulco",9,1922,281,,,,,,,,,,,,,,,,,,,,,,,,,,,,,,,,0,,,
13785,"San Marcos",12,"Tajumulco",9,1923,380,,,,,,,,,,,,,,,,,,,,,,,,,,,,,,,,0,,,
13786,"San Marcos",12,"Tajumulco",9,1923,246,,,,,,,,,,,,,,,,,,,,,,,,,,,,,,,,0,,,
13787,"San Marcos",12,"Tajumulco",9,1923,246,,,,,,,,,,,,,,,,,,,,,,,,,,,,,,,,0,,,
13788,"San Marcos",12,"Tajumulco",9,1924,380,,,,,,,,,,,,,,,,,,,,,,,,,,,,,,,,0,,,
13789,"San Marcos",12,"Tajumulco",9,1924,380,,,,,,,,,,,,,,,,,,,,,,,,,,,,,,,,0,,,
13790,"San Marcos",12,"Tajumulco",9,1925,330,,,,,,,,,,,,,,,,,,,,,,,,,,,,,,,,0,,,
13791,"San Marcos",12,"Tajumulco",9,1925,329,,,,,,,,,,,,,,,,,,,,,,,,,,,,,,,,0,,,
13792,"San Marcos",12,"Tajumulco",9,1926,380,,,,,,,,,,,,,,,,,,,,,,,,,,,,,,,,0,,,
13793,"San Marcos",12,"Tajumulco",9,1926,380,,,,,,,,,,,,,,,,,,,,,,,,,,,,,,,,0,,,
13794,"San Marcos",12,"Tajumulco",9,1926,380,,,,,,,,,,,,,,,,,,,,,,,,,,,,,,,,0,,,
13795,"San Marcos",12,"Tajumulco",9,1926,364,,,,,,,,,,,,,,,,,,,,,,,,,,,,,,,,0,,,
13796,"San Marcos",12,"Tajumulco",9,1926,364,,,,,,,,,,,,,,,,,,,,,,,,,,,,,,,,0,,,
13797,"San Marcos",12,"Tajumulco",9,1927,380,,,,,,,,,,,,,,,,,,,,,,,,,,,,,,,,0,,,
13798,"San Marcos",12,"Tajumulco",9,1927,380,,,,,,,,,,,,,,,,,,,,,,,,,,,,,,,,0,,,
13799,"San Marcos",12,"Tajumulco",9,1927,380,,,,,,,,,,,,,,,,,,,,,,,,,,,,,,,,0,,,
13800,"San Marcos",12,"Tajumulco",9,1928,380,2,21,20,26,49,2,20,0,0,8,0,0,1,0,0,1,1,3,154,18,10,182,0,182,--,378,196,154,182,182,Algún campo sin dato,1,6b2a97565fd6d5d38f8164dddf524d3ff4868090bd1d25538d76a83c02d9b108,25/06/2023 22:50:19,ESCANER
13801,"San Marcos",12,"Tajumulco",9,1928,314,,,,,,,,,,,,,,,,,,,,,,,,,,,,,,,,0,,,
13802,"San Marcos",12,"Tajumulco",9,1928,313,,,,,,,,,,,,,,,,,,,,,,,,,,,,,,,,0,,,
13803,"San Marcos",12,"Tajumulco",9,1929,380,,,,,,,,,,,,,,,,,,,,,,,,,,,,,,,,0,,,
13804,"San Marcos",12,"Tajumulco",9,1929,380,,,,,,,,,,,,,,,,,,,,,,,,,,,,,,,,0,,,
13805,"San Marcos",12,"Tajumulco",9,1929,380,,,,,,,,,,,,,,,,,,,,,,,,,,,,,,,,0,,,
13806,"San Marcos",12,"Tajumulco",9,1929,306,,,,,,,,,,,,,,,,,,,,,,,,,,,,,,,,0,,,
13807,"San Marcos",12,"Tajumulco",9,1929,306,,,,,,,,,,,,,,,,,,,,,,,,,,,,,,,,0,,,
13808,"San Marcos",12,"Tajumulco",9,1930,380,,,,,,,,,,,,,,,,,,,,,,,,,,,,,,,,0,,,
13809,"San Marcos",12,"Tajumulco",9,1930,380,,,,,,,,,,,,,,,,,,,,,,,,,,,,,,,,0,,,
13810,"San Marcos",12,"Tajumulco",9,1930,380,,,,,,,,,,,,,,,,,,,,,,,,,,,,,,,,0,,,
13811,"San Marcos",12,"Tajumulco",9,1930,362,,,,,,,,,,,,,,,,,,,,,,,,,,,,,,,,0,,,
13812,"San Marcos",12,"Tajumulco",9,1930,362,,,,,,,,,,,,,,,,,,,,,,,,,,,,,,,,0,,,
13813,"San Marcos",12,"Tajumulco",9,1931,380,,,,,,,,,,,,,,,,,,,,,,,,,,,,,,,,0,,,
13814,"San Marcos",12,"Tajumulco",9,1931,222,,,,,,,,,,,,,,,,,,,,,,,,,,,,,,,,0,,,
13815,"San Marcos",12,"Tajumulco",9,1931,221,,,,,,,,,,,,,,,,,,,,,,,,,,,,,,,,0,,,
13816,"San Marcos",12,"Tajumulco",9,1932,380,,,,,,,,,,,,,,,,,,,,,,,,,,,,,,,,0,,,
13817,"San Marcos",12,"Tajumulco",9,1932,380,,,,,,,,,,,,,,,,,,,,,,,,,,,,,,,,0,,,
13818,"San Marcos",12,"Tajumulco",9,1932,380,,,,,,,,,,,,,,,,,,,,,,,,,,,,,,,,0,,,
13819,"San Marcos",12,"Tajumulco",9,1932,380,,,,,,,,,,,,,,,,,,,,,,,,,,,,,,,,0,,,
13820,"San Marcos",12,"Tajumulco",9,1932,312,,,,,,,,,,,,,,,,,,,,,,,,,,,,,,,,0,,,
13821,"San Marcos",12,"Tajumulco",9,1932,311,,,,,,,,,,,,,,,,,,,,,,,,,,,,,,,,0,,,
13822,"San Marcos",12,"Tajumulco",9,1933,380,,,,,,,,,,,,,,,,,,,,,,,,,,,,,,,,0,,,
13823,"San Marcos",12,"Tajumulco",9,1933,294,,,,,,,,,,,,,,,,,,,,,,,,,,,,,,,,0,,,
13824,"San Marcos",12,"Tajumulco",9,1933,293,,,,,,,,,,,,,,,,,,,,,,,,,,,,,,,,0,,,
13825,"San Marcos",12,"Tajumulco",9,1934,600,,,,,,,,,,,,,,,,,,,,,,,,,,,,,,,,0,,,
13826,"San Marcos",12,"Tajumulco",9,1934,443,,,,,,,,,,,,,,,,,,,,,,,,,,,,,,,,0,,,
13827,"San Marcos",12,"Tajumulco",9,1934,443,3,1,6,11,11,0,4,0,1,0,0,0,0,0,0,2,0,2,41,3,0,44,1,45,--,440,395,41,44,45,Algún campo sin dato,1,9e6a78637905fedaaff6cf9a7d8cb3721dd3de16dd9af982ed9d424f9822b436,25/06/2023 23:27:45,ESCANER