﻿TIPO_DE_ELECCIÓN:,CORPORACIÓN MUNICIPAL
26 junio 2023 00:28 (UTC -6)
ACTAS_ESPERADAS,ACTAS_CAPTURADAS,PORCENTAJE_ACTAS_CAPTURADAS,ACTAS_CONTABILIZADAS,PORCENTAJE_ACTAS_CONTABILIZADAS,ACTAS_NO_CONTABILIZADAS,LISTA_NOMINAL_ACTAS_CONTABILIZADAS,VOTOS_EMITIDOS_CONTABILIZADAS,PORCENTAJE_PARTICIPACIÓN_CIUDADANA
89,46,51.6853,46,51.6853,0,16569,6828,41.2094

MESA,DEPARTAMENTO,ID_DEPARTAMENTO,MUNICIPIO,ID_MUNICIPIO,CENTRO_DE_VOTACIÓN,PADRÓN,VAMOS,UNE,MLP,CABAL,BIEN,UR,AZUL,TODOS,PHG,CAMBIO,VIVA,PR,VÁLIDOS,NULOS,BLANCO,EMITIDOS,INVÁLIDOS,TOTAL,IMPUGNACIONES,PAPELETAS-RECIBIDAS,PAPELETAS-NO-USADAS,VALIDOS_CALCULADO,EMITIDOS_CALCULADO,TOTAL_CALCULADO,OBSERVACIONES,CONTABILIZADA,CÓDIGO_INTEGRIDAD,FECHA_HORA_PUBLICACIÓN,DIGITALIZACIÓN
16494,"Huehuetenango",13,"Aguacatán",27,2454,400,,,,,,,,,,,,,,,,,,,,,,,,,,0,,,
16495,"Huehuetenango",13,"Aguacatán",27,2454,400,20,69,12,32,9,19,3,20,0,0,26,3,213,12,4,229,0,229,--,400,171,213,229,229,Algún campo sin dato,1,f645fdf1f587d15124e538af2d37649c69b2f84b08b161a5fa5a40e7122c53e6,26/06/2023 00:20:47,ESCANER
16496,"Huehuetenango",13,"Aguacatán",27,2454,400,,,,,,,,,,,,,,,,,,,,,,,,,,0,,,
16497,"Huehuetenango",13,"Aguacatán",27,2454,400,30,59,10,42,4,31,3,19,0,1,12,1,212,12,3,227,0,227,--,400,170,212,227,227,Algún campo sin dato,1,b0eafdb52bb420d3684d61550e1f283ea516e888da8b5510407c33e78c477d59,25/06/2023 23:55:16,ESCANER
16498,"Huehuetenango",13,"Aguacatán",27,2454,400,,,,,,,,,,,,,,,,,,,,,,,,,,0,,,
16499,"Huehuetenango",13,"Aguacatán",27,2454,400,,,,,,,,,,,,,,,,,,,,,,,,,,0,,,
16500,"Huehuetenango",13,"Aguacatán",27,2454,400,,,,,,,,,,,,,,,,,,,,,,,,,,0,,,
16501,"Huehuetenango",13,"Aguacatán",27,2454,400,,,,,,,,,,,,,,,,,,,,,,,,,,0,,,
16502,"Huehuetenango",13,"Aguacatán",27,2454,400,,,,,,,,,,,,,,,,,,,,,,,,,,0,,,
16503,"Huehuetenango",13,"Aguacatán",27,2454,400,,,,,,,,,,,,,,,,,,,,,,,,,,0,,,
16504,"Huehuetenango",13,"Aguacatán",27,2454,400,,,,,,,,,,,,,,,,,,,,,,,,,,0,,,
16505,"Huehuetenango",13,"Aguacatán",27,2454,400,,,,,,,,,,,,,,,,,,,,,,,,,,0,,,
16506,"Huehuetenango",13,"Aguacatán",27,2455,400,,,,,,,,,,,,,,,,,,,,,,,,,,0,,,
16507,"Huehuetenango",13,"Aguacatán",27,2455,400,,,,,,,,,,,,,,,,,,,,,,,,,,0,,,
16508,"Huehuetenango",13,"Aguacatán",27,2455,400,,,,,,,,,,,,,,,,,,,,,,,,,,0,,,
16509,"Huehuetenango",13,"Aguacatán",27,2455,400,28,55,11,25,2,34,0,19,0,0,10,0,184,5,0,189,0,189,--,400,208,184,189,189,Algún campo sin dato,1,38fdca3770d7952ff149fed50f8b3c7492332cf497e8de4a52c1d95f95b7d65a,25/06/2023 23:56:10,ESCANER
16510,"Huehuetenango",13,"Aguacatán",27,2455,278,15,51,0,14,3,24,0,4,1,0,4,0,125,2,1,128,0,128,--,278,150,116,119,119,Sumas Asentadas sin cuadrar,1,ce563c4a1329ba457ae4222dcae7d9279638299b64d59fc90fad07e640d55bfe,25/06/2023 23:26:57,ESCANER
16511,"Huehuetenango",13,"Aguacatán",27,2455,278,15,37,9,13,2,26,0,10,0,0,7,0,119,5,3,127,0,127,--,278,151,119,127,127,Algún campo sin dato,1,1cb97de32a2d495b4243acd7f944e43ca647ad6cb5fd58a5568e84763cb677d8,26/06/2023 00:14:10,ESCANER
16512,"Huehuetenango",13,"Aguacatán",27,2456,400,,,,,,,,,,,,,,,,,,,,,,,,,,0,,,
16513,"Huehuetenango",13,"Aguacatán",27,2456,400,,,,,,,,,,,,,,,,,,,,,,,,,,0,,,
16514,"Huehuetenango",13,"Aguacatán",27,2456,400,51,71,4,26,6,11,1,13,0,0,12,0,195,11,5,211,0,211,--,400,186,195,211,211,Algún campo sin dato,1,70ce002362aed9684c5e690b4f3a49f3ca0a2663e162553663b19aef59890294,26/06/2023 00:03:05,ESCANER
16515,"Huehuetenango",13,"Aguacatán",27,2456,400,53,76,0,39,3,6,1,9,0,0,8,1,196,7,6,209,0,209,--,400,191,196,209,209,Algún campo sin dato,1,e3c37b0b97e17d1d2a4637b90f3ab08598bf5a658eb8c50b166fcca0babde055,25/06/2023 22:58:51,ESCANER
16516,"Huehuetenango",13,"Aguacatán",27,2456,400,,,,,,,,,,,,,,,,,,,,,,,,,,0,,,
16517,"Huehuetenango",13,"Aguacatán",27,2456,400,,,,,,,,,,,,,,,,,,,,,,,,,,0,,,
16518,"Huehuetenango",13,"Aguacatán",27,2456,400,,,,,,,,,,,,,,,,,,,,,,,,,,0,,,
16519,"Huehuetenango",13,"Aguacatán",27,2456,400,,,,,,,,,,,,,,,,,,,,,,,,,,0,,,
16520,"Huehuetenango",13,"Aguacatán",27,2457,400,,,,,,,,,,,,,,,,,,,,,,,,,,0,,,
16521,"Huehuetenango",13,"Aguacatán",27,2457,400,,,,,,,,,,,,,,,,,,,,,,,,,,0,,,
16522,"Huehuetenango",13,"Aguacatán",27,2458,400,30,46,10,20,10,19,0,10,0,0,16,0,161,6,1,168,--,--,--,--,--,161,168,168,Algún campo sin dato,1,b5297d33a18b88e085d24e8dbeea6213a773c0923eb811980455746823e7951f,25/06/2023 22:56:35,ESCANER
16523,"Huehuetenango",13,"Aguacatán",27,2458,400,,,,,,,,,,,,,,,,,,,,,,,,,,0,,,
16524,"Huehuetenango",13,"Aguacatán",27,2458,400,24,68,10,21,10,16,0,10,0,0,15,1,175,15,5,195,0,195,--,400,205,175,195,195,Algún campo sin dato,1,f82d75eb19ceafed2a0da9e8333a344c4c8c41c15106fe1c955c31ec9962962e,25/06/2023 23:46:59,ESCANER
16525,"Huehuetenango",13,"Aguacatán",27,2458,400,,,,,,,,,,,,,,,,,,,,,,,,,,0,,,
16526,"Huehuetenango",13,"Aguacatán",27,2458,400,31,43,2,22,5,11,0,11,0,0,16,0,141,5,2,148,0,148,--,400,252,141,148,148,Algún campo sin dato,1,fabad9461adfb43c6cdb8e537558d487543ea346051b5d7660ab5c4d66c30317,25/06/2023 23:10:37,ESCANER
16527,"Huehuetenango",13,"Aguacatán",27,2458,400,,,,,,,,,,,,,,,,,,,,,,,,,,0,,,
16528,"Huehuetenango",13,"Aguacatán",27,2458,400,26,51,9,10,9,23,0,4,0,0,18,0,151,8,0,159,0,159,--,400,241,150,158,158,Sumas Asentadas sin cuadrar,1,2129ccb52c6a382be3650e6b8b9f77971ca40efafdab016fc5af37e4d14e40a8,25/06/2023 23:24:06,ESCANER
16529,"Huehuetenango",13,"Aguacatán",27,2458,400,24,41,13,25,6,22,0,9,0,0,18,0,158,3,1,162,0,162,--,400,238,158,162,162,Algún campo sin dato,1,6e470c91eece1d702f39069a4a46c7ef1af95d7550221011a17e8dccca1c3adf,26/06/2023 00:22:38,ESCANER
16530,"Huehuetenango",13,"Aguacatán",27,2458,326,17,32,9,11,9,6,0,4,0,0,12,2,102,4,1,107,0,107,--,326,219,102,107,107,Algún campo sin dato,1,6f84924babe2c61b8e97d75cf57e867fa46bdb2d792e375d07ed8b7079336d8c,25/06/2023 23:00:59,ESCANER
16531,"Huehuetenango",13,"Aguacatán",27,2458,326,36,33,8,11,4,13,0,10,0,0,12,0,127,6,7,140,0,140,--,326,186,127,140,140,Algún campo sin dato,1,8634f83d9c20c9ff7c6bb0d393ea12570403ebd6772812ca20ceed36b30c1842,25/06/2023 23:34:43,ESCANER
16532,"Huehuetenango",13,"Aguacatán",27,2459,380,41,84,4,4,2,--,4,5,--,--,3,--,147,12,9,168,--,168,--,380,212,147,168,168,Algún campo sin dato,1,ebdf4709db4304b43ee6916eb2d2d7bce67f91a7a3ebff2c7369ad524dd508b0,26/06/2023 00:12:39,ESCANER
16533,"Huehuetenango",13,"Aguacatán",27,2459,380,21,100,7,3,2,2,2,11,1,0,7,0,156,7,8,171,0,171,--,380,209,156,171,171,Algún campo sin dato,1,3e1bf847c619a46c74f0c1a41686a3ec971dca6e10360a71418fb8d2261e3937,25/06/2023 23:21:19,ESCANER
16534,"Huehuetenango",13,"Aguacatán",27,2459,380,27,93,4,5,1,1,5,6,2,0,5,0,149,7,15,171,0,171,--,380,209,149,171,171,Algún campo sin dato,1,f9629b42ee684232531635e35c9fcb0423423baea084ef13735717929a135e23,25/06/2023 23:39:04,ESCANER
16535,"Huehuetenango",13,"Aguacatán",27,2459,380,22,81,2,2,3,0,0,7,0,1,5,0,123,7,7,137,0,137,--,380,243,123,137,137,Algún campo sin dato,1,3b7f3dbd7d16c1df857afa69581acc65b1dc4b349daff75b0935fc397c321cde,25/06/2023 23:38:05,ESCANER
16536,"Huehuetenango",13,"Aguacatán",27,2459,337,22,67,5,1,3,0,0,3,0,0,2,0,103,6,1,110,0,110,--,337,227,103,110,110,Algún campo sin dato,1,9343be69f6bf4fb64162194c4c56e3a075de94c78dbfae25908dbab4ed9a99fc,25/06/2023 22:56:41,ESCANER
16537,"Huehuetenango",13,"Aguacatán",27,2459,337,16,60,4,3,3,2,0,2,0,0,5,0,95,4,5,104,0,104,1,337,233,95,104,104,,1,02c599d386b029f2e1384aa6a988c1a5ad00be65999dc42ea8bb88366606f6ab,25/06/2023 23:02:30,ESCANER
16538,"Huehuetenango",13,"Aguacatán",27,2460,380,33,104,2,21,0,3,1,7,0,0,15,0,186,15,8,209,0,209,--,380,171,186,209,209,Algún campo sin dato,1,6ec57fde56c400a86e7ca6954b41ed541bff8da1c688c9f41ca902c8dc1d6314,25/06/2023 23:25:34,ESCANER
16539,"Huehuetenango",13,"Aguacatán",27,2460,380,,,,,,,,,,,,,,,,,,,,,,,,,,0,,,
16540,"Huehuetenango",13,"Aguacatán",27,2460,380,33,131,2,6,2,4,2,5,0,0,15,0,200,3,7,210,0,210,1,380,169,200,210,210,,1,fb0ec31ff5ec74cedc0ce5d9792c34dcc521e06c3add5def012c74360c517746,26/06/2023 00:25:50,ESCANER
16541,"Huehuetenango",13,"Aguacatán",27,2460,376,25,100,0,5,1,4,1,5,0,0,12,0,153,7,2,162,0,162,--,376,214,153,162,162,Algún campo sin dato,1,b6744324f9542ce9ae81de0a034de59bae0ad31ca011148b5c29af289124b8f9,25/06/2023 23:33:42,ESCANER
16542,"Huehuetenango",13,"Aguacatán",27,2460,376,14,89,0,7,0,3,0,5,1,0,14,0,133,3,1,137,0,137,--,376,239,133,137,137,Algún campo sin dato,1,548988ba608a399e4961e8e4a358ea7983ec791aa9d80f9ef05d700b4a3c8595,25/06/2023 22:51:15,ESCANER
16543,"Huehuetenango",13,"Aguacatán",27,2461,380,,,,,,,,,,,,,,,,,,,,,,,,,,0,,,
16544,"Huehuetenango",13,"Aguacatán",27,2461,380,46,108,5,2,4,0,1,7,0,0,5,0,178,10,4,192,0,192,--,380,188,178,192,192,Algún campo sin dato,1,c110044f20bb17a0bd731f690c7d70239c794ff5a0c0f6889e7a514d3577a519,25/06/2023 23:57:29,ESCANER
16545,"Huehuetenango",13,"Aguacatán",27,2461,380,,,,,,,,,,,,,,,,,,,,,,,,,,0,,,
16546,"Huehuetenango",13,"Aguacatán",27,2461,380,,,,,,,,,,,,,,,,,,,,,,,,,,0,,,
16547,"Huehuetenango",13,"Aguacatán",27,2461,380,,,,,,,,,,,,,,,,,,,,,,,,,,0,,,
16548,"Huehuetenango",13,"Aguacatán",27,2461,262,,,,,,,,,,,,,,,,,,,,,,,,,,0,,,
16549,"Huehuetenango",13,"Aguacatán",27,2461,261,18,61,3,1,1,1,0,1,0,0,1,0,87,3,2,92,0,92,--,261,169,87,92,92,Algún campo sin dato,1,cea6d4c8beac27b24541f83fee7a8baba5fbddf52871fab757e4f33396577dc6,25/06/2023 23:10:24,ESCANER
16550,"Huehuetenango",13,"Aguacatán",27,2462,380,17,118,2,6,6,5,3,8,1,0,12,0,178,16,2,196,0,196,--,380,184,178,196,196,Algún campo sin dato,1,1ba6bc363d0e40bcac042c418d23d99c30f50d0ff2e2ed283217d8479d4c4d1e,26/06/2023 00:20:57,ESCANER
16551,"Huehuetenango",13,"Aguacatán",27,2462,380,36,75,4,10,8,3,1,18,0,0,16,0,171,4,18,193,0,193,--,380,187,171,193,193,Algún campo sin dato,1,f49a1cd107e351c861d1e67ffe906dad24284f70c4ae0d45a1aae983da3fcccb,25/06/2023 22:37:15,ESCANER
16552,"Huehuetenango",13,"Aguacatán",27,2462,380,26,80,1,11,3,2,0,8,1,0,24,1,157,8,2,167,0,167,--,380,213,157,167,167,Algún campo sin dato,1,d8b85d528b3a06dd27331ac36fb3174bdc55f6bd973f9b4e6b037ff0a8e8b69a,25/06/2023 23:32:56,ESCANER
16553,"Huehuetenango",13,"Aguacatán",27,2462,380,15,69,6,3,7,8,1,13,0,1,11,0,134,4,2,140,0,140,--,--,--,134,140,140,Algún campo sin dato,1,340d09fac0f5e534d9b677fd5893dfff6e38de966bff4032023eed6378c8c1ae,25/06/2023 23:23:56,ESCANER
16554,"Huehuetenango",13,"Aguacatán",27,2462,257,16,44,3,3,7,4,0,12,0,0,5,0,94,2,1,97,0,97,--,257,160,94,97,97,Algún campo sin dato,1,03c207faaca90bfb925b2355b082e56472b8c87b41527311dfee52d044730641,25/06/2023 21:51:59,ESCANER
16555,"Huehuetenango",13,"Aguacatán",27,2462,257,7,57,2,4,6,1,1,3,0,1,18,0,100,2,1,103,0,103,--,257,154,100,103,103,Algún campo sin dato,1,f16deb02f9b2d9456a8c447cca6845e989ad46d5db82179e4bdd1655a06a71d8,25/06/2023 23:45:54,ESCANER
16556,"Huehuetenango",13,"Aguacatán",27,2463,380,,,,,,,,,,,,,,,,,,,,,,,,,,0,,,
16557,"Huehuetenango",13,"Aguacatán",27,2463,380,,,,,,,,,,,,,,,,,,,,,,,,,,0,,,
16558,"Huehuetenango",13,"Aguacatán",27,2463,380,,,,,,,,,,,,,,,,,,,,,,,,,,0,,,
16559,"Huehuetenango",13,"Aguacatán",27,2463,214,,,,,,,,,,,,,,,,,,,,,,,,,,0,,,
16560,"Huehuetenango",13,"Aguacatán",27,2463,213,0,44,0,4,4,9,0,3,0,0,18,0,101,4,--,105,--,--,--,213,108,82,86,86,Sumas Asentadas sin cuadrar,1,35f52232a805ed6e78dcc6dc99703932eb52b255c28d6ddf7389b0979b65fbff,25/06/2023 23:47:42,MOVIL
16561,"Huehuetenango",13,"Aguacatán",27,2464,380,,,,,,,,,,,,,,,,,,,,,,,,,,0,,,
16562,"Huehuetenango",13,"Aguacatán",27,2464,380,25,114,4,11,2,2,0,14,0,1,7,0,180,8,7,195,0,195,--,380,185,180,195,195,Algún campo sin dato,1,bc294b7c866b476050a021e525e8417641232161908e838f6c32a22108812de2,25/06/2023 23:25:54,ESCANER
16563,"Huehuetenango",13,"Aguacatán",27,2464,380,,,,,,,,,,,,,,,,,,,,,,,,,,0,,,
16564,"Huehuetenango",13,"Aguacatán",27,2464,380,,,,,,,,,,,,,,,,,,,,,,,,,,0,,,
16565,"Huehuetenango",13,"Aguacatán",27,2464,380,,,,,,,,,,,,,,,,,,,,,,,,,,0,,,
16566,"Huehuetenango",13,"Aguacatán",27,2464,380,,,,,,,,,,,,,,,,,,,,,,,,,,0,,,
16567,"Huehuetenango",13,"Aguacatán",27,2464,235,9,57,2,4,1,1,0,11,0,0,1,0,86,1,2,89,0,89,--,235,146,86,89,89,Algún campo sin dato,1,ec8761e3def38bc2918a26090d832abb75b02102bef002aba1064f99214e165b,25/06/2023 23:12:08,ESCANER
16568,"Huehuetenango",13,"Aguacatán",27,2464,234,12,45,4,5,3,1,0,4,0,0,1,0,75,2,3,80,0,80,--,231,151,75,80,80,Algún campo sin dato,1,8dc7a2d1e9add172da4ea4537eeb685fc546057e48e3b33d0d61521c52734780,25/06/2023 21:10:12,ESCANER
16569,"Huehuetenango",13,"Aguacatán",27,2465,269,81,72,1,3,0,0,1,3,0,0,3,0,164,9,2,175,0,175,--,--,--,164,175,175,Algún campo sin dato,1,fc18ac1a9dfe105b47b3f68946e63faf1a5b476e0f336381d7c2fb3257e87d86,25/06/2023 21:24:43,ESCANER
16570,"Huehuetenango",13,"Aguacatán",27,2465,268,66,82,0,1,0,0,1,2,1,0,6,0,159,3,0,162,0,162,--,265,103,159,162,162,Algún campo sin dato,1,fe5e87569a554f9061c681b1eb0d3c3988000eb525126d45ea9dc8c6dcea891b,25/06/2023 23:22:50,ESCANER
16571,"Huehuetenango",13,"Aguacatán",27,2466,380,63,56,1,10,0,1,1,7,0,0,22,1,162,9,9,180,0,180,--,380,200,162,180,180,Algún campo sin dato,1,9f3e2dd354a2a2936a77bf9be976d8cb450f08d268b2f26e8ee703f46ce315c3,25/06/2023 23:50:56,ESCANER
16572,"Huehuetenango",13,"Aguacatán",27,2466,305,36,44,4,5,0,3,0,4,0,0,17,0,113,6,0,119,0,119,--,305,186,113,119,119,Algún campo sin dato,1,37395e4078bc14a725672991c1a943aab30c68e863de218a7373a9edd4e1bb1b,25/06/2023 22:47:38,ESCANER
16573,"Huehuetenango",13,"Aguacatán",27,2466,305,48,36,1,1,1,0,1,4,0,0,21,1,120,2,0,122,0,122,--,291,169,114,116,116,Sumas Asentadas sin cuadrar,1,c376a237d884b5d8f808e80894c3847866c6e278cfcedc07472f910e99b5cd45,26/06/2023 00:25:31,ESCANER
16574,"Huehuetenango",13,"Aguacatán",27,2467,380,,,,,,,,,,,,,,,,,,,,,,,,,,0,,,
16575,"Huehuetenango",13,"Aguacatán",27,2467,273,,,,,,,,,,,,,,,,,,,,,,,,,,0,,,
16576,"Huehuetenango",13,"Aguacatán",27,2467,272,11,69,0,2,0,0,0,5,0,0,12,0,99,4,10,113,0,113,--,271,158,99,113,113,Algún campo sin dato,1,dc3976bd1d08e53c316c53a46aab31282d5d35497a70803079ff014bd032daf4,25/06/2023 21:44:21,ESCANER
16577,"Huehuetenango",13,"Aguacatán",27,2468,380,,,,,,,,,,,,,,,,,,,,,,,,,,0,,,
16578,"Huehuetenango",13,"Aguacatán",27,2468,340,15,159,4,2,2,1,0,5,1,1,3,0,193,11,14,218,0,218,--,340,122,193,218,218,Algún campo sin dato,1,dca13ccddf6f610a6ea127bee6ab82537e1faf38af32423bf9f5e13628cd1197,25/06/2023 22:33:35,ESCANER
16579,"Huehuetenango",13,"Aguacatán",27,2468,340,,,,,,,,,,,,,,,,,,,,,,,,,,0,,,
16580,"Huehuetenango",13,"Aguacatán",27,2469,600,2,19,4,8,3,10,2,3,1,0,2,0,54,10,3,67,0,67,0,600,533,54,67,67,,1,e498f48afe12f195f787e6272d98bfe5e20e6d4f559d2738145be4d3a8cb2a56,26/06/2023 00:25:17,ESCANER
16581,"Huehuetenango",13,"Aguacatán",27,2469,590,4,18,8,4,1,10,0,2,0,0,6,1,54,1,5,60,1,61,0,590,529,54,60,61,,1,cdd5408984854f6205ba0333ad9bde238622f8f734ef6d8d4f86e683079aea1e,25/06/2023 22:50:09,MOVIL
16582,"Huehuetenango",13,"Aguacatán",27,2469,589,2,8,0,3,0,2,0,1,0,0,3,0,19,1,0,20,0,20,0,589,569,19,20,20,,1,be5740bda41035fa342da017db7f347cbd58f55ccb85c1f49fb880c9e461b00b,25/06/2023 22:59:21,ESCANER