﻿TIPO_DE_ELECCIÓN:,CORPORACIÓN MUNICIPAL
26 junio 2023 00:28 (UTC -6)
ACTAS_ESPERADAS,ACTAS_CAPTURADAS,PORCENTAJE_ACTAS_CAPTURADAS,ACTAS_CONTABILIZADAS,PORCENTAJE_ACTAS_CONTABILIZADAS,ACTAS_NO_CONTABILIZADAS,LISTA_NOMINAL_ACTAS_CONTABILIZADAS,VOTOS_EMITIDOS_CONTABILIZADAS,PORCENTAJE_PARTICIPACIÓN_CIUDADANA
120,59,49.1666,59,49.1666,0,21710,9960,45.8774

MESA,DEPARTAMENTO,ID_DEPARTAMENTO,MUNICIPIO,ID_MUNICIPIO,CENTRO_DE_VOTACIÓN,PADRÓN,VAMOS,TODOS,UNE,CABAL,PODEMOS,MLP,VICTORIA,VIVA,CAMBIO,PR,WINAQ,AZUL,VALOR UNIONISTA,URNG-MAIZ SEMILLA,VÁLIDOS,NULOS,BLANCO,EMITIDOS,INVÁLIDOS,TOTAL,IMPUGNACIONES,PAPELETAS-RECIBIDAS,PAPELETAS-NO-USADAS,VALIDOS_CALCULADO,EMITIDOS_CALCULADO,TOTAL_CALCULADO,OBSERVACIONES,CONTABILIZADA,CÓDIGO_INTEGRIDAD,FECHA_HORA_PUBLICACIÓN,DIGITALIZACIÓN
17995,"Quiché",14,"Ixcán",20,2751,400,,,,,,,,,,,,,,,,,,,,,,,,,,,,0,,,
17996,"Quiché",14,"Ixcán",20,2751,400,26,65,33,31,0,1,9,13,1,3,3,0,0,26,211,28,6,245,0,245,--,400,155,211,245,245,Algún campo sin dato,1,59a723794a7ec50e9f62897b65aa65a032f56e9ebb5b720aa5d4a9c738fe7c5e,25/06/2023 23:26:45,ESCANER
17997,"Quiché",14,"Ixcán",20,2751,400,,,,,,,,,,,,,,,,,,,,,,,,,,,,0,,,
17998,"Quiché",14,"Ixcán",20,2751,400,,,,,,,,,,,,,,,,,,,,,,,,,,,,0,,,
17999,"Quiché",14,"Ixcán",20,2751,400,19,47,36,18,0,2,2,16,14,10,3,0,2,25,194,20,6,220,0,220,--,400,180,194,220,220,Algún campo sin dato,1,e71467b2c54584d5473ad7acc7cb06dc3e6eeae7f214ac0601e9afa8be54a7e0,25/06/2023 23:44:46,ESCANER
18000,"Quiché",14,"Ixcán",20,2751,400,,,,,,,,,,,,,,,,,,,,,,,,,,,,0,,,
18001,"Quiché",14,"Ixcán",20,2751,400,,,,,,,,,,,,,,,,,,,,,,,,,,,,0,,,
18002,"Quiché",14,"Ixcán",20,2751,400,,,,,,,,,,,,,,,,,,,,,,,,,,,,0,,,
18003,"Quiché",14,"Ixcán",20,2751,400,,,,,,,,,,,,,,,,,,,,,,,,,,,,0,,,
18004,"Quiché",14,"Ixcán",20,2751,400,,,,,,,,,,,,,,,,,,,,,,,,,,,,0,,,
18005,"Quiché",14,"Ixcán",20,2751,400,17,41,35,43,0,0,7,21,11,4,1,1,4,26,211,17,12,240,0,240,--,400,160,211,240,240,Algún campo sin dato,1,53ba3ef6cf28957f05643e2f0a687d9fb125f644980a82636740a6cc39ebc154,26/06/2023 00:21:35,ESCANER
18006,"Quiché",14,"Ixcán",20,2751,400,,,,,,,,,,,,,,,,,,,,,,,,,,,,0,,,
18007,"Quiché",14,"Ixcán",20,2751,400,,,,,,,,,,,,,,,,,,,,,,,,,,,,0,,,
18008,"Quiché",14,"Ixcán",20,2751,400,,,,,,,,,,,,,,,,,,,,,,,,,,,,0,,,
18009,"Quiché",14,"Ixcán",20,2751,400,13,46,25,25,1,2,3,25,9,4,1,1,3,24,182,9,8,199,0,199,--,400,201,182,199,199,Algún campo sin dato,1,b7f054e222f8b1d05440004d0079a75efaa73be2d7faaa14d2c2e5a7674f2444,25/06/2023 23:47:24,ESCANER
18010,"Quiché",14,"Ixcán",20,2751,400,15,40,26,28,1,2,8,16,11,1,0,2,5,24,179,4,1,184,0,184,--,400,216,179,184,184,Algún campo sin dato,1,0ffaa24aa48fe10f39169521df0f1b4c7f376c605b83b5d25073a3bc01dd83bf,26/06/2023 00:07:46,ESCANER
18011,"Quiché",14,"Ixcán",20,2752,400,23,41,25,23,0,1,8,11,5,3,0,0,5,19,164,4,3,171,0,171,--,400,229,164,171,171,Algún campo sin dato,1,6b74e662a7f8cf8c501d5eff489da85e8aa8389a40d6668c564c7441547f4575,25/06/2023 21:56:10,ESCANER
18012,"Quiché",14,"Ixcán",20,2752,400,19,37,26,26,1,2,5,15,8,0,3,1,4,17,164,22,4,190,0,190,--,400,210,164,190,190,Algún campo sin dato,1,7570fa46f203ef863c4ee00e65c5928cc8e80e7b4b5a2af8353a84330f2a1fcb,25/06/2023 23:11:45,ESCANER
18013,"Quiché",14,"Ixcán",20,2752,400,24,34,42,32,0,0,5,13,12,1,1,0,1,26,191,22,5,218,0,218,--,400,182,191,218,218,Algún campo sin dato,1,8538cf219a7b0b72d3297c398284a30f4466cfe650e4fe5a0a0765896ca76319,26/06/2023 00:27:24,ESCANER
18014,"Quiché",14,"Ixcán",20,2752,400,15,33,36,26,1,5,11,13,8,4,2,0,5,20,179,16,8,203,0,203,--,400,197,179,203,203,Algún campo sin dato,1,aeea4ecc5285756fd2c3dfb1822927618009aecfabc60ec7d19149fe463e8f56,25/06/2023 23:43:49,ESCANER
18015,"Quiché",14,"Ixcán",20,2752,400,18,33,27,32,1,4,10,16,8,3,1,0,2,21,176,14,4,194,0,194,--,400,206,176,194,194,Algún campo sin dato,1,b747ad4163230163b568cc010436dc844e9ef9193e37407ad9972310fd23b647,26/06/2023 00:13:37,ESCANER
18016,"Quiché",14,"Ixcán",20,2752,400,16,46,34,25,0,1,4,14,4,1,1,1,5,25,177,10,3,190,0,190,--,388,198,177,190,190,Algún campo sin dato,1,fac43010f5ee4f0bbe760077d0c63a42439418882434a25f52c8acc039ca7626,25/06/2023 23:54:24,ESCANER
18017,"Quiché",14,"Ixcán",20,2752,400,13,40,33,25,0,6,4,14,7,6,4,0,3,18,173,20,7,200,0,200,--,400,200,173,200,200,Algún campo sin dato,1,096fd3bac1142f03af2ff4bd630a62cb87962deb96fb1f0efa030ab35821eec7,26/06/2023 00:06:35,ESCANER
18018,"Quiché",14,"Ixcán",20,2752,400,21,43,32,34,0,1,18,14,7,1,2,1,3,27,204,20,4,228,0,228,--,400,172,204,228,228,Algún campo sin dato,1,e6837f88a9be78792db7cc69c456ca3c3bf2411a8ea389df78e978060aaa7d23,25/06/2023 22:31:10,ESCANER
18019,"Quiché",14,"Ixcán",20,2752,400,22,51,38,23,0,3,7,9,9,2,1,1,3,20,189,14,10,213,0,213,--,400,187,189,213,213,Algún campo sin dato,1,bccb6c4cc5e626fb265313869fe0213a0d08f3e3a8a03bce7941bf2ff0677f1b,25/06/2023 22:55:03,ESCANER
18020,"Quiché",14,"Ixcán",20,2752,400,19,38,33,33,2,8,12,17,9,1,3,0,6,25,206,17,5,228,0,228,--,400,172,206,228,228,Algún campo sin dato,1,c9e4b19862b1f4b78d957a976576134ee6c460b9ff4b8f5a9a867b035dd683b6,25/06/2023 22:39:57,ESCANER
18021,"Quiché",14,"Ixcán",20,2752,400,22,37,34,23,1,0,3,24,9,0,3,0,2,29,187,12,2,201,0,201,--,400,199,187,201,201,Algún campo sin dato,1,ebc6e75357c8b9c7dfe6d8e261b897ecd1a3eb6b1ac5d7970a2f6a15250a33d3,25/06/2023 23:02:06,ESCANER
18022,"Quiché",14,"Ixcán",20,2753,400,14,48,42,23,1,1,2,11,4,5,2,0,2,25,180,14,3,197,1,198,--,400,202,180,197,198,Algún campo sin dato,1,33ab7423f78ff9b4448dcf43e5c18ff53ead95bce79abba76649ee42e6ce10db,26/06/2023 00:25:23,ESCANER
18023,"Quiché",14,"Ixcán",20,2753,400,,,,,,,,,,,,,,,,,,,,,,,,,,,,0,,,
18024,"Quiché",14,"Ixcán",20,2753,400,,,,,,,,,,,,,,,,,,,,,,,,,,,,0,,,
18025,"Quiché",14,"Ixcán",20,2753,400,,,,,,,,,,,,,,,,,,,,,,,,,,,,0,,,
18026,"Quiché",14,"Ixcán",20,2753,400,12,35,32,19,0,1,10,10,2,2,1,1,4,21,150,11,2,163,0,163,--,400,237,150,163,163,Algún campo sin dato,1,f5302ee961f76056647351f45f738592bac9094bd3c8b0072af973c07fcf0166,25/06/2023 22:58:00,ESCANER
18027,"Quiché",14,"Ixcán",20,2754,400,,,,,,,,,,,,,,,,,,,,,,,,,,,,0,,,
18028,"Quiché",14,"Ixcán",20,2754,400,,,,,,,,,,,,,,,,,,,,,,,,,,,,0,,,
18029,"Quiché",14,"Ixcán",20,2754,400,24,36,30,24,0,0,7,9,12,2,0,0,2,14,160,4,4,168,0,168,--,400,232,160,168,168,Algún campo sin dato,1,d9705d67b428a97dcad49c19fda2d5337686977d69f914672f04e2fa5dcb5035,25/06/2023 23:28:04,ESCANER
18030,"Quiché",14,"Ixcán",20,2754,400,24,25,17,18,0,3,5,8,8,2,1,0,4,15,130,6,1,137,0,137,--,412,275,130,137,137,Algún campo sin dato,1,885249efa41ec90573622b365576060a48cb243e52f09778b50aebe191980f49,25/06/2023 23:55:04,ESCANER
18031,"Quiché",14,"Ixcán",20,2754,400,,,,,,,,,,,,,,,,,,,,,,,,,,,,0,,,
18032,"Quiché",14,"Ixcán",20,2754,400,25,53,17,31,0,1,5,16,1,0,1,1,4,29,184,6,2,192,0,192,--,400,208,184,192,192,Algún campo sin dato,1,976878e78385b46380b01cce9e672db0474f139437a439b2d715edcf90df7749,25/06/2023 23:17:58,ESCANER
18033,"Quiché",14,"Ixcán",20,2754,400,,,,,,,,,,,,,,,,,,,,,,,,,,,,0,,,
18034,"Quiché",14,"Ixcán",20,2755,400,,,,,,,,,,,,,,,,,,,,,,,,,,,,0,,,
18035,"Quiché",14,"Ixcán",20,2755,400,28,39,25,21,0,1,11,8,3,1,2,0,3,20,162,5,0,167,0,167,--,400,233,162,167,167,Algún campo sin dato,1,b169663f001bc6f5aa7fc22d70636be4f0fe847fa705ce7b3a874ea68d5320db,25/06/2023 22:17:02,ESCANER
18036,"Quiché",14,"Ixcán",20,2755,349,12,37,24,20,0,0,5,10,4,1,1,3,0,21,138,11,4,153,0,153,--,346,193,138,153,153,Algún campo sin dato,1,1c98784f0ebc2380c4b89b5ceab7d33822f07ff9bcf5d59e474d95736fae48db,26/06/2023 00:12:05,ESCANER
18037,"Quiché",14,"Ixcán",20,2755,348,13,20,14,35,0,0,3,6,5,3,0,0,0,19,118,6,3,127,0,127,--,348,221,118,127,127,Algún campo sin dato,1,980c1d96648baa14f2597f3ca0330dc445cf4cedff84bffafd0bd14bbd140a9d,25/06/2023 23:31:19,ESCANER
18038,"Quiché",14,"Ixcán",20,2756,380,3,1,65,57,0,0,1,0,2,2,0,0,0,5,136,15,14,165,0,165,--,380,215,136,165,165,Algún campo sin dato,1,071676dcf0f5f22ac4b572202b4f49ba123834b2e62b313143ed72ea6d176ba1,25/06/2023 22:57:07,ESCANER
18039,"Quiché",14,"Ixcán",20,2756,380,4,4,35,78,1,1,0,2,4,1,0,0,1,4,135,10,8,153,0,153,--,380,227,135,153,153,Algún campo sin dato,1,ecac8f910ba82556fa96cff16f627ad2d9995b56e647cdb7ffaa18a96cd77f44,25/06/2023 22:41:43,ESCANER
18040,"Quiché",14,"Ixcán",20,2756,380,2,3,72,68,0,1,0,5,1,1,0,0,0,5,158,15,10,183,0,183,--,300,181,158,183,183,Algún campo sin dato,1,6cbe5c1984d9aa5ad7a00cfb876015ef17df48aa375ba00841d332957bf20f60,25/06/2023 23:05:46,ESCANER
18041,"Quiché",14,"Ixcán",20,2756,300,10,5,36,36,0,2,0,1,2,1,0,0,0,2,95,17,7,119,0,119,--,300,181,95,119,119,Algún campo sin dato,1,1e1430a1ef4383ac8c6ecf33f760b005bd5f824c4bd33d6d52581db851abd8d5,25/06/2023 22:59:56,ESCANER
18042,"Quiché",14,"Ixcán",20,2756,299,3,2,35,64,0,0,0,2,1,1,1,0,0,7,116,4,6,126,0,126,--,299,173,116,126,126,Algún campo sin dato,1,8e535c5f310ca40d5e27b6cb89fe7e9d0fc018a55d6fb9b157acf86ec53d0f59,25/06/2023 23:37:39,ESCANER
18043,"Quiché",14,"Ixcán",20,2757,380,,,,,,,,,,,,,,,,,,,,,,,,,,,,0,,,
18044,"Quiché",14,"Ixcán",20,2757,380,,,,,,,,,,,,,,,,,,,,,,,,,,,,0,,,
18045,"Quiché",14,"Ixcán",20,2757,380,,,,,,,,,,,,,,,,,,,,,,,,,,,,0,,,
18046,"Quiché",14,"Ixcán",20,2757,380,,,,,,,,,,,,,,,,,,,,,,,,,,,,0,,,
18047,"Quiché",14,"Ixcán",20,2757,380,14,86,23,12,0,1,13,3,26,0,0,0,0,9,187,12,1,200,0,200,--,380,180,187,200,200,Algún campo sin dato,1,4baecc79cc0b95493d24ea66a501a1ad54c564cb71df4dec0e439f86900e1327,25/06/2023 23:54:33,ESCANER
18048,"Quiché",14,"Ixcán",20,2758,380,,,,,,,,,,,,,,,,,,,,,,,,,,,,0,,,
18049,"Quiché",14,"Ixcán",20,2758,380,13,73,23,8,1,1,7,4,32,1,1,1,0,4,169,25,7,201,0,201,--,380,179,169,201,201,Algún campo sin dato,1,2258e6d19657933e40a13ec365a08b7dcf02f1f267689f5c7e915eb6ecb5c6c5,25/06/2023 22:56:46,ESCANER
18050,"Quiché",14,"Ixcán",20,2758,380,,,,,,,,,,,,,,,,,,,,,,,,,,,,0,,,
18051,"Quiché",14,"Ixcán",20,2758,380,,,,,,,,,,,,,,,,,,,,,,,,,,,,0,,,
18052,"Quiché",14,"Ixcán",20,2758,380,17,89,22,6,1,0,7,3,27,0,0,5,0,5,182,28,8,218,0,218,--,380,162,182,218,218,Algún campo sin dato,1,45814dc13f3f59d10a209f466cf1cac55b5bf615d9cee36cba84a3691b6637d6,25/06/2023 23:31:14,ESCANER
18053,"Quiché",14,"Ixcán",20,2758,380,,,,,,,,,,,,,,,,,,,,,,,,,,,,0,,,
18054,"Quiché",14,"Ixcán",20,2759,380,14,60,18,13,1,1,11,3,32,1,0,1,0,6,161,24,2,187,0,187,--,381,194,161,187,187,Algún campo sin dato,1,ac883a68cc1f6daeb4e65cb5d75e8f5bf60fa09f2bd8424c6c77b5f04ba7ec3c,25/06/2023 23:46:58,ESCANER
18055,"Quiché",14,"Ixcán",20,2759,380,9,80,25,5,0,1,9,4,25,0,1,0,1,3,163,11,1,175,0,175,--,380,205,163,175,175,Algún campo sin dato,1,d640466e803f3e52b0ec9e86116833be22221572c913000a19fbee87e31ca4ba,25/06/2023 22:44:24,ESCANER
18056,"Quiché",14,"Ixcán",20,2759,380,16,54,18,8,0,0,11,2,31,2,0,0,0,6,148,9,0,157,0,157,--,377,220,148,157,157,Algún campo sin dato,1,b0c8f57b34b84473d80833f714dd04749a33abb79e44b59e49ed361a77251a69,25/06/2023 22:54:39,ESCANER
18057,"Quiché",14,"Ixcán",20,2759,217,10,39,12,6,0,0,11,1,15,0,1,0,1,4,100,2,0,102,0,102,--,217,115,100,102,102,Algún campo sin dato,1,cf9ff693cf2530f8468cf86a3ee9ae0760f0c283135ad1198b3ef9d617853907,25/06/2023 23:17:15,ESCANER
18058,"Quiché",14,"Ixcán",20,2759,217,6,31,15,8,1,--,6,1,18,--,--,--,1,5,92,12,2,106,--,106,--,214,108,92,106,106,Algún campo sin dato,1,be0345b1f616aa6d5ecaddcb255ede0f5e3872901c67c84dae6bd71f8e055ae6,26/06/2023 00:22:18,ESCANER
18059,"Quiché",14,"Ixcán",20,2760,380,2,1,43,61,0,3,2,2,15,2,3,1,0,29,164,10,3,177,0,177,--,380,203,164,177,177,Algún campo sin dato,1,10d76388ffa44daa972cab79a18d46c7ba58f544ada80d0cf3161a3f5230a878,26/06/2023 00:00:46,ESCANER
18060,"Quiché",14,"Ixcán",20,2760,380,,,,,,,,,,,,,,,,,,,,,,,,,,,,0,,,
18061,"Quiché",14,"Ixcán",20,2760,380,,,,,,,,,,,,,,,,,,,,,,,,,,,,0,,,
18062,"Quiché",14,"Ixcán",20,2760,380,,,,,,,,,,,,,,,,,,,,,,,,,,,,0,,,
18063,"Quiché",14,"Ixcán",20,2760,342,,,,,,,,,,,,,,,,,,,,,,,,,,,,0,,,
18064,"Quiché",14,"Ixcán",20,2760,341,1,3,31,36,0,1,2,3,9,0,0,0,0,20,106,8,2,116,0,116,1,341,224,106,116,116,,1,4d0298ade9f2f8d0d43589f9a065d804988d9e8764d3f656d124f681abf89c46,25/06/2023 23:58:57,ESCANER
18065,"Quiché",14,"Ixcán",20,2761,380,,,,,,,,,,,,,,,,,,,,,,,,,,,,0,,,
18066,"Quiché",14,"Ixcán",20,2761,380,,,,,,,,,,,,,,,,,,,,,,,,,,,,0,,,
18067,"Quiché",14,"Ixcán",20,2761,380,,,,,,,,,,,,,,,,,,,,,,,,,,,,0,,,
18068,"Quiché",14,"Ixcán",20,2761,380,8,3,59,31,0,0,1,2,10,0,1,0,0,40,155,7,5,167,0,167,--,380,213,155,167,167,Algún campo sin dato,1,5531cb55fb6bee206f6a950360c983375d529fd6564ed866ae7972330455019f,25/06/2023 22:50:47,ESCANER
18069,"Quiché",14,"Ixcán",20,2761,380,4,2,29,23,0,2,0,4,13,1,1,0,0,48,127,6,7,140,0,140,--,380,240,127,140,140,Algún campo sin dato,1,118c48397d5727d18f4644dd9e6df12b9c40d235ba4f134033969eadb7191162,26/06/2023 00:14:28,ESCANER
18070,"Quiché",14,"Ixcán",20,2761,380,2,0,46,13,1,0,0,6,12,0,4,0,0,32,116,9,4,129,0,129,--,380,251,116,129,129,Algún campo sin dato,1,d4d5049e9ede42870574609e44d5e8f6ac696f153e9c2f1e11bfa751fd32e2a3,25/06/2023 23:18:36,ESCANER
18071,"Quiché",14,"Ixcán",20,2761,380,4,4,32,20,1,0,1,1,11,0,2,0,0,27,103,8,3,114,0,114,--,377,263,103,114,114,Algún campo sin dato,1,cb6f07c83720c42c41749df6b0480c13152aaeac4b150b103654693cd6eb7922,25/06/2023 23:56:21,ESCANER
18072,"Quiché",14,"Ixcán",20,2761,325,4,1,30,10,0,1,0,2,9,2,0,0,0,34,93,4,4,101,0,101,--,325,224,93,101,101,Algún campo sin dato,1,897a555a2a20c9647695c8df93ae0e3bcde4d2288d9d6b04946d7d807489240b,25/06/2023 22:26:02,ESCANER
18073,"Quiché",14,"Ixcán",20,2761,325,4,3,39,20,0,2,0,1,9,2,0,0,0,33,113,2,4,119,0,119,--,325,206,113,119,119,Algún campo sin dato,1,7756ee39c5d45b0634639f293ccf5e253068b716e929056ece56664734ae887f,25/06/2023 23:45:06,ESCANER
18074,"Quiché",14,"Ixcán",20,2762,380,21,52,29,42,1,1,8,9,18,1,3,0,0,23,208,5,14,227,26,253,--,380,124,208,227,253,Algún campo sin dato,1,d4c4104dbf80d51bc4e7cb82ed1e5c91dd7e87865e7988cc39400a957839df17,26/06/2023 00:01:14,ESCANER
18075,"Quiché",14,"Ixcán",20,2762,380,25,81,20,33,0,0,11,6,33,2,1,1,0,20,233,16,2,251,0,251,--,380,129,233,251,251,Algún campo sin dato,1,081fb4c599ae5ddbab1b3795edc31c28f78dc665807354ab8f61638d43202651,25/06/2023 23:22:22,ESCANER
18076,"Quiché",14,"Ixcán",20,2762,380,20,68,27,40,1,0,9,8,23,0,4,4,0,20,224,19,8,251,0,251,--,380,129,224,251,251,Algún campo sin dato,1,fc738495fd7b2c603ee08c6442989527a9220a77061dd993ba9de3a9b68ed32b,25/06/2023 23:39:23,ESCANER
18077,"Quiché",14,"Ixcán",20,2762,380,,,,,,,,,,,,,,,,,,,,,,,,,,,,0,,,
18078,"Quiché",14,"Ixcán",20,2762,380,13,56,28,30,0,1,16,3,24,4,3,0,1,35,214,20,6,240,0,240,--,380,140,214,240,240,Algún campo sin dato,1,6eb4b1151d78251ee80554338fb8ac5264ff1bc9708fa9e7504e429dffcced8b,25/06/2023 23:14:57,ESCANER
18079,"Quiché",14,"Ixcán",20,2762,380,,,,,,,,,,,,,,,,,,,,,,,,,,,,0,,,
18080,"Quiché",14,"Ixcán",20,2762,380,,,,,,,,,,,,,,,,,,,,,,,,,,,,0,,,
18081,"Quiché",14,"Ixcán",20,2762,380,,,,,,,,,,,,,,,,,,,,,,,,,,,,0,,,
18082,"Quiché",14,"Ixcán",20,2762,380,22,48,15,42,1,1,7,7,29,1,0,1,1,19,194,6,1,201,0,201,--,380,179,194,201,201,Algún campo sin dato,1,dd119b2e13ce333485e072459a82c38c36a868e068985233b5e65e1effe46633,25/06/2023 23:51:02,ESCANER
18083,"Quiché",14,"Ixcán",20,2762,263,19,43,9,21,0,0,8,3,17,1,0,0,0,23,144,4,1,149,0,149,--,263,114,144,149,149,Algún campo sin dato,1,bbfa993c967d93e9900ca9d613a2f73822661f1a30dd0e63e2933918c22c0d67,25/06/2023 22:43:18,ESCANER
18084,"Quiché",14,"Ixcán",20,2762,263,11,41,17,24,0,1,10,0,22,1,2,2,0,12,143,11,4,158,0,158,--,263,105,143,158,158,Algún campo sin dato,1,fd7a06216ba132aa3a43b536bc4afa1873a7375cfc0f474f506f15cd1fc65d19,25/06/2023 22:15:21,ESCANER
18085,"Quiché",14,"Ixcán",20,2763,380,,,,,,,,,,,,,,,,,,,,,,,,,,,,0,,,
18086,"Quiché",14,"Ixcán",20,2763,380,,,,,,,,,,,,,,,,,,,,,,,,,,,,0,,,
18087,"Quiché",14,"Ixcán",20,2763,361,,,,,,,,,,,,,,,,,,,,,,,,,,,,0,,,
18088,"Quiché",14,"Ixcán",20,2763,361,,,,,,,,,,,,,,,,,,,,,,,,,,,,0,,,
18089,"Quiché",14,"Ixcán",20,2764,380,,,,,,,,,,,,,,,,,,,,,,,,,,,,0,,,
18090,"Quiché",14,"Ixcán",20,2764,380,,,,,,,,,,,,,,,,,,,,,,,,,,,,0,,,
18091,"Quiché",14,"Ixcán",20,2764,380,,,,,,,,,,,,,,,,,,,,,,,,,,,,0,,,
18092,"Quiché",14,"Ixcán",20,2764,380,,,,,,,,,,,,,,,,,,,,,,,,,,,,0,,,
18093,"Quiché",14,"Ixcán",20,2764,380,,,,,,,,,,,,,,,,,,,,,,,,,,,,0,,,
18094,"Quiché",14,"Ixcán",20,2764,380,,,,,,,,,,,,,,,,,,,,,,,,,,,,0,,,
18095,"Quiché",14,"Ixcán",20,2764,380,,,,,,,,,,,,,,,,,,,,,,,,,,,,0,,,
18096,"Quiché",14,"Ixcán",20,2764,380,12,43,25,21,0,2,15,5,10,2,0,1,0,24,160,11,5,176,0,176,--,380,204,160,176,176,Algún campo sin dato,1,ccca5980ad9330b3ee640fdce53a007d6b63809324499244fef799617d7ed18f,25/06/2023 23:41:57,ESCANER
18097,"Quiché",14,"Ixcán",20,2765,380,,,,,,,,,,,,,,,,,,,,,,,,,,,,0,,,
18098,"Quiché",14,"Ixcán",20,2765,380,22,45,22,20,0,1,16,6,3,6,0,3,0,24,168,2,1,171,0,171,--,380,209,168,171,171,Algún campo sin dato,1,47f9cd5885672d4ba1921de9fe584fd9fe76f5990142bee7318ddb117709d4fc,25/06/2023 23:19:41,ESCANER
18099,"Quiché",14,"Ixcán",20,2765,196,8,11,6,9,0,0,4,1,6,1,1,1,0,31,79,2,0,81,0,81,--,196,115,79,81,81,Algún campo sin dato,1,2a79c72972810b86bc10d3c371567988d51ddfdd4eda5bc1556ecf7ce20d5297,25/06/2023 22:06:39,ESCANER
18100,"Quiché",14,"Ixcán",20,2765,195,7,14,9,11,0,1,7,3,4,0,0,0,3,20,79,3,2,84,0,84,--,195,111,79,84,84,Algún campo sin dato,1,76357e9d39df0aa850dff7bf8271f2d5753f5a4340c26d2fe15437a9dd159e63,26/06/2023 00:14:26,ESCANER
18101,"Quiché",14,"Ixcán",20,2766,380,,,,,,,,,,,,,,,,,,,,,,,,,,,,0,,,
18102,"Quiché",14,"Ixcán",20,2766,380,,,,,,,,,,,,,,,,,,,,,,,,,,,,0,,,
18103,"Quiché",14,"Ixcán",20,2766,380,,,,,,,,,,,,,,,,,,,,,,,,,,,,0,,,
18104,"Quiché",14,"Ixcán",20,2766,380,,,,,,,,,,,,,,,,,,,,,,,,,,,,0,,,
18105,"Quiché",14,"Ixcán",20,2766,380,,,,,,,,,,,,,,,,,,,,,,,,,,,,0,,,
18106,"Quiché",14,"Ixcán",20,2766,380,,,,,,,,,,,,,,,,,,,,,,,,,,,,0,,,
18107,"Quiché",14,"Ixcán",20,2766,380,,,,,,,,,,,,,,,,,,,,,,,,,,,,0,,,
18108,"Quiché",14,"Ixcán",20,2766,380,,,,,,,,,,,,,,,,,,,,,,,,,,,,0,,,
18109,"Quiché",14,"Ixcán",20,2766,380,,,,,,,,,,,,,,,,,,,,,,,,,,,,0,,,
18110,"Quiché",14,"Ixcán",20,2766,268,,,,,,,,,,,,,,,,,,,,,,,,,,,,0,,,
18111,"Quiché",14,"Ixcán",20,2766,268,,,,,,,,,,,,,,,,,,,,,,,,,,,,0,,,
18112,"Quiché",14,"Ixcán",20,2767,600,4,9,18,11,0,0,3,5,2,5,1,1,0,22,81,7,4,92,0,81,--,599,507,81,92,92,Sumas Asentadas sin cuadrar,1,d8fd93bd85f92d9be5208ceaa71735b0535a0c19ed43541831b90e3fc82f9f64,25/06/2023 23:33:49,ESCANER
18113,"Quiché",14,"Ixcán",20,2767,346,3,12,12,8,0,1,3,2,2,1,1,0,0,8,53,2,4,59,0,59,--,346,287,53,59,59,Algún campo sin dato,1,83bb1f0ad85e43929b0f8b025b046cc3af020b2955ac6f7391c400d2eed4951e,25/06/2023 20:58:21,ESCANER
18114,"Quiché",14,"Ixcán",20,2767,346,3,5,6,7,0,1,0,4,3,0,1,0,0,4,34,2,1,37,3,37,0,346,309,34,37,40,Sumas Asentadas sin cuadrar,1,f8aa681c99a0f866d9d58b343803688db61da3cdfb69fb188c4c785ff39bd8a2,25/06/2023 20:39:52,ESCANER