﻿TIPO_DE_ELECCIÓN:,CORPORACIÓN MUNICIPAL
26 junio 2023 00:28 (UTC -6)
ACTAS_ESPERADAS,ACTAS_CAPTURADAS,PORCENTAJE_ACTAS_CAPTURADAS,ACTAS_CONTABILIZADAS,PORCENTAJE_ACTAS_CONTABILIZADAS,ACTAS_NO_CONTABILIZADAS,LISTA_NOMINAL_ACTAS_CONTABILIZADAS,VOTOS_EMITIDOS_CONTABILIZADAS,PORCENTAJE_PARTICIPACIÓN_CIUDADANA
65,44,67.6923,44,67.6923,0,16221,9055,55.8226

MESA,DEPARTAMENTO,ID_DEPARTAMENTO,MUNICIPIO,ID_MUNICIPIO,CENTRO_DE_VOTACIÓN,PADRÓN,CABAL,AZUL,SEMILLA,BIEN,VIVA,UNE,VAMOS,VOS,VICTORIA,CAMBIO,VALOR,PODEMOS,PPN,MLP,VÁLIDOS,NULOS,BLANCO,EMITIDOS,INVÁLIDOS,TOTAL,IMPUGNACIONES,PAPELETAS-RECIBIDAS,PAPELETAS-NO-USADAS,VALIDOS_CALCULADO,EMITIDOS_CALCULADO,TOTAL_CALCULADO,OBSERVACIONES,CONTABILIZADA,CÓDIGO_INTEGRIDAD,FECHA_HORA_PUBLICACIÓN,DIGITALIZACIÓN
9936,"Totonicapán",8,"San Cristóbal Totonicapán",2,1270,400,37,8,10,27,2,23,24,55,0,1,24,12,15,4,242,16,4,262,0,262,--,400,138,242,262,262,Algún campo sin dato,1,7026db22d87ede27daece07e9c7be5cf86588bd351106b8ae8b577f8367082af,25/06/2023 23:29:42,ESCANER
9937,"Totonicapán",8,"San Cristóbal Totonicapán",2,1270,400,,,,,,,,,,,,,,,,,,,,,,,,,,,,0,,,
9938,"Totonicapán",8,"San Cristóbal Totonicapán",2,1270,400,37,18,13,32,10,18,18,66,3,0,22,11,18,3,269,14,3,286,0,286,--,400,114,269,286,286,Algún campo sin dato,1,c1e54328de8dc67cd37c03253571d20c5da243f1fcc6576135ee7a56917ce594,26/06/2023 00:18:16,ESCANER
9939,"Totonicapán",8,"San Cristóbal Totonicapán",2,1270,400,26,5,16,24,8,20,50,39,1,0,31,20,8,9,257,22,5,284,0,284,--,400,116,257,284,284,Algún campo sin dato,1,7fb3cc3ecb88f7018183e7adeb7f9778e1c5b4ca8c7e9b8245f527ecc61e9f83,25/06/2023 22:51:22,ESCANER
9940,"Totonicapán",8,"San Cristóbal Totonicapán",2,1271,400,,,,,,,,,,,,,,,,,,,,,,,,,,,,0,,,
9941,"Totonicapán",8,"San Cristóbal Totonicapán",2,1272,400,55,7,8,21,6,18,19,63,1,1,21,13,15,2,250,11,1,262,0,262,--,400,138,250,262,262,Algún campo sin dato,1,5d81075c1f68ccfd062f92eb88f543ef5e9432f458c643f57eb6308df776a945,26/06/2023 00:17:20,ESCANER
9942,"Totonicapán",8,"San Cristóbal Totonicapán",2,1272,400,,,,,,,,,,,,,,,,,,,,,,,,,,,,0,,,
9943,"Totonicapán",8,"San Cristóbal Totonicapán",2,1272,400,38,9,14,23,4,21,36,62,4,0,16,13,25,3,268,3,6,277,8,285,--,400,115,268,277,285,Algún campo sin dato,1,a491c58ff69a6d27e27821fffcdfa2bcb1b80ea641f49aaa3038372bd38f8b61,26/06/2023 00:01:44,ESCANER
9944,"Totonicapán",8,"San Cristóbal Totonicapán",2,1272,400,51,6,19,34,5,14,15,53,1,0,20,13,17,1,249,3,4,256,7,263,--,400,137,249,256,263,Algún campo sin dato,1,c2005ba3b2369c139a0de2705ef8852a3e61c168047f05e8f080c7642f18e59e,25/06/2023 23:26:54,ESCANER
9945,"Totonicapán",8,"San Cristóbal Totonicapán",2,1272,400,,,,,,,,,,,,,,,,,,,,,,,,,,,,0,,,
9946,"Totonicapán",8,"San Cristóbal Totonicapán",2,1273,400,45,9,16,20,4,21,28,62,3,2,15,14,17,3,259,5,4,268,0,0,0,400,132,259,268,268,,1,db645ac9643cfe6ff21542ef34165e004b28a60b5be788fa0c08c10ac670d391,25/06/2023 23:20:06,ESCANER
9947,"Totonicapán",8,"San Cristóbal Totonicapán",2,1273,400,39,13,12,27,6,17,22,54,0,0,10,15,15,2,232,5,0,237,0,237,0,400,163,232,237,237,,1,2636848d580026ce3217764f08b22ea4199a688f6771346c6065acaa7c62375d,26/06/2023 00:02:14,ESCANER
9948,"Totonicapán",8,"San Cristóbal Totonicapán",2,1273,334,20,6,11,16,8,10,27,49,4,0,18,18,13,4,204,4,0,208,0,208,--,334,126,204,208,208,Algún campo sin dato,1,fdb52dc9e878baa45b87e7db8469150d55075b398bbd5309690aa7c69850ac3a,25/06/2023 23:52:12,ESCANER
9949,"Totonicapán",8,"San Cristóbal Totonicapán",2,1273,334,,,,,,,,,,,,,,,,,,,,,,,,,,,,0,,,
9950,"Totonicapán",8,"San Cristóbal Totonicapán",2,1274,400,,,,,,,,,,,,,,,,,,,,,,,,,,,,0,,,
9951,"Totonicapán",8,"San Cristóbal Totonicapán",2,1274,400,43,3,6,9,6,15,61,32,0,6,33,20,11,0,245,9,11,265,0,265,0,400,135,245,265,265,,1,e512478c6e7a5811bd233fc9d05fc870831993d483837bd2da420b4480f24ff1,25/06/2023 23:55:47,ESCANER
9952,"Totonicapán",8,"San Cristóbal Totonicapán",2,1274,400,,,,,,,,,,,,,,,,,,,,,,,,,,,,0,,,
9953,"Totonicapán",8,"San Cristóbal Totonicapán",2,1274,400,52,5,9,9,6,29,34,35,1,0,39,30,16,3,268,15,2,285,0,285,0,400,115,268,285,285,,1,781fee904b7d9a6557c3e4bbde09664916215d02ff099d86969efa19191b5e3e,25/06/2023 23:59:31,ESCANER
9954,"Totonicapán",8,"San Cristóbal Totonicapán",2,1274,400,,,,,,,,,,,,,,,,,,,,,,,,,,,,0,,,
9955,"Totonicapán",8,"San Cristóbal Totonicapán",2,1275,400,42,9,19,10,8,15,40,25,0,2,32,20,7,1,230,15,0,245,0,245,0,400,155,230,245,245,,1,ea888e3c0ac8310344d1ce9433472f34ec09f0d16e8f84eac7e8819dafb30417,25/06/2023 23:57:28,ESCANER
9956,"Totonicapán",8,"San Cristóbal Totonicapán",2,1275,400,30,5,22,18,4,21,36,33,2,2,28,24,13,0,238,21,3,262,0,262,0,400,138,238,262,262,,1,1ac5dd4bd97df8ac91711b0ea982233e7b452ee185e90740fc049f7450d3ad95,25/06/2023 23:04:19,ESCANER
9957,"Totonicapán",8,"San Cristóbal Totonicapán",2,1276,400,,,,,,,,,,,,,,,,,,,,,,,,,,,,0,,,
9958,"Totonicapán",8,"San Cristóbal Totonicapán",2,1276,400,26,6,20,16,2,27,29,25,0,1,31,19,16,3,221,3,0,224,0,224,0,400,176,221,224,224,,1,b5def512c72ba65b7eebe7fd1797c08ad26f9ae6f4397a885d69df6585943a37,25/06/2023 22:23:54,ESCANER
9959,"Totonicapán",8,"San Cristóbal Totonicapán",2,1277,362,37,1,18,9,8,17,26,21,0,0,29,14,8,2,190,6,0,196,0,196,--,362,166,190,196,196,Algún campo sin dato,1,8640225115a898631768e0ca5f102534bd4045fd4b1f33456fe2252bd6a672ea,25/06/2023 21:16:04,ESCANER
9960,"Totonicapán",8,"San Cristóbal Totonicapán",2,1277,362,25,2,22,9,8,14,33,16,1,1,20,18,10,3,182,7,2,191,0,191,0,362,171,182,191,191,,1,bc9b616c102190036508c2699fa7b1ffc7953fb06f49ac2ff9483138a4735831,25/06/2023 22:31:45,ESCANER
9961,"Totonicapán",8,"San Cristóbal Totonicapán",2,1278,380,21,3,5,11,13,9,13,4,1,0,13,13,36,4,146,24,4,174,0,174,--,380,206,146,174,174,Algún campo sin dato,1,4637a020c0cd57510ff607d21646839e8dcb42f0bfca8e748f9f8c9fb431f6eb,25/06/2023 23:29:05,ESCANER
9962,"Totonicapán",8,"San Cristóbal Totonicapán",2,1278,380,,,,,,,,,,,,,,,,,,,,,,,,,,,,0,,,
9963,"Totonicapán",8,"San Cristóbal Totonicapán",2,1278,380,,,,,,,,,,,,,,,,,,,,,,,,,,,,0,,,
9964,"Totonicapán",8,"San Cristóbal Totonicapán",2,1278,380,21,1,8,18,10,15,20,5,1,0,21,12,47,6,185,19,6,210,0,210,0,380,170,185,210,210,,1,4260426cf62e44944941da19e50624cc54edc13c6ad1268c601c44a03d9440f3,25/06/2023 23:01:08,ESCANER
9965,"Totonicapán",8,"San Cristóbal Totonicapán",2,1278,380,,,,,,,,,,,,,,,,,,,,,,,,,,,,0,,,
9966,"Totonicapán",8,"San Cristóbal Totonicapán",2,1279,380,,,,,,,,,,,,,,,,,,,,,,,,,,,,0,,,
9967,"Totonicapán",8,"San Cristóbal Totonicapán",2,1279,380,,,,,,,,,,,,,,,,,,,,,,,,,,,,0,,,
9968,"Totonicapán",8,"San Cristóbal Totonicapán",2,1279,380,,,,,,,,,,,,,,,,,,,,,,,,,,,,0,,,
9969,"Totonicapán",8,"San Cristóbal Totonicapán",2,1280,380,,,,,,,,,,,,,,,,,,,,,,,,,,,,0,,,
9970,"Totonicapán",8,"San Cristóbal Totonicapán",2,1280,380,28,1,7,14,10,22,25,4,2,0,21,15,26,5,180,13,1,194,0,194,--,380,186,180,194,194,Algún campo sin dato,1,46d763fcfcc74edf7ac8503fe90688addf04bc4f64ebecca3f38dee23d982e25,25/06/2023 23:44:38,ESCANER
9971,"Totonicapán",8,"San Cristóbal Totonicapán",2,1280,380,14,1,3,23,10,13,18,4,2,0,16,18,29,2,153,9,2,164,0,164,0,380,216,153,164,164,,1,3baa04d459fe32fc272e91ca30fcb3f9b55314f740f7badf75a5cd07df47d726,25/06/2023 23:22:49,ESCANER
9972,"Totonicapán",8,"San Cristóbal Totonicapán",2,1281,380,18,0,4,10,13,19,23,6,0,0,12,9,22,4,140,5,1,146,0,146,0,380,234,140,146,146,,1,d396493162970bb22187bb8d7392858929e8231acc8908f306a756e487cc5d26,25/06/2023 22:47:04,ESCANER
9973,"Totonicapán",8,"San Cristóbal Totonicapán",2,1281,380,,,,,,,,,,,,,,,,,,,,,,,,,,,,0,,,
9974,"Totonicapán",8,"San Cristóbal Totonicapán",2,1281,247,17,0,2,7,3,15,8,6,0,0,7,12,13,1,91,3,0,94,0,94,0,247,153,91,94,94,,1,b210fca1949ab8f2eaadb43a03e4e1ea00300872b2f963b859ccf8a1e4df367e,25/06/2023 22:35:43,ESCANER
9975,"Totonicapán",8,"San Cristóbal Totonicapán",2,1281,246,8,2,3,9,7,9,13,4,3,0,7,8,25,3,101,11,1,113,0,113,0,246,133,101,113,113,,1,4cb86ca00d69ba9b270b152543bc9da38fde6a8a26805adba17b9476ba6120c1,25/06/2023 23:54:44,ESCANER
9976,"Totonicapán",8,"San Cristóbal Totonicapán",2,1282,380,41,1,1,5,4,21,25,4,0,0,37,52,15,2,208,12,2,222,0,222,0,380,158,208,222,222,,1,55c376eb867863ef18b3e9ab7eb3cca90339972b687ea94e5800a86dcb03aaeb,25/06/2023 23:48:43,ESCANER
9977,"Totonicapán",8,"San Cristóbal Totonicapán",2,1282,380,44,3,6,12,2,14,28,4,0,1,38,53,10,0,215,12,6,233,147,380,--,380,147,215,233,380,Algún campo sin dato,1,34c4a7ee60468185c43de77e0dc17256c6ca657af0e9804ab2e2fe21ea6196a5,25/06/2023 23:42:29,ESCANER
9978,"Totonicapán",8,"San Cristóbal Totonicapán",2,1282,380,41,2,2,7,3,10,21,4,2,0,40,54,11,0,197,18,4,219,0,219,--,380,161,197,219,219,Algún campo sin dato,1,bdc8897c591a74991190b49277c0c014c4a46dfc6dfb1833533c850feb758fae,26/06/2023 00:15:44,ESCANER
9979,"Totonicapán",8,"San Cristóbal Totonicapán",2,1282,380,80,3,2,11,1,12,10,1,2,0,49,33,17,2,223,19,6,248,0,248,0,380,132,223,248,248,,1,f1450d5c37f7d062d4e6e25e6b14fc1fad2a00ea8a96b61823568896096f7e03,25/06/2023 23:53:32,ESCANER
9980,"Totonicapán",8,"San Cristóbal Totonicapán",2,1282,380,38,1,6,8,0,15,12,5,0,0,44,39,13,0,181,7,3,191,0,191,0,380,189,181,191,191,,1,e0fa01486738ddcde7a5a7c99d64421847442aa2a6c1949bb02f2a3d8938da06,25/06/2023 22:40:34,ESCANER
9981,"Totonicapán",8,"San Cristóbal Totonicapán",2,1282,380,51,0,4,14,4,6,9,9,0,1,33,60,14,3,208,3,4,215,0,215,--,380,165,208,215,215,Algún campo sin dato,1,e2251b80a86648731de730729a8730eb19c52177f1bcf6d542a3f0b8d2ad2fa5,26/06/2023 00:02:36,ESCANER
9982,"Totonicapán",8,"San Cristóbal Totonicapán",2,1282,273,36,1,4,5,1,5,18,3,2,0,31,33,7,0,146,3,0,149,0,149,0,273,124,146,149,149,,1,8f816acf560eecdb75b4b9fa29b58a980f3cfb8bc79ed221c4e1876e936ee0b7,25/06/2023 23:37:50,ESCANER
9983,"Totonicapán",8,"San Cristóbal Totonicapán",2,1282,273,25,0,3,8,2,7,7,3,0,0,21,33,5,2,116,5,1,122,0,122,0,273,151,116,122,122,,1,551079520d160d490a1f9985bb4d2c000ca1103bbb23f316ef38f2658f504446,25/06/2023 22:25:20,ESCANER
9984,"Totonicapán",8,"San Cristóbal Totonicapán",2,1283,380,5,6,12,26,4,26,11,4,4,1,15,11,48,21,194,25,3,222,0,222,--,377,155,194,222,222,Algún campo sin dato,1,f35a85011693ae5f983eb48215552fc75c19a959fbfa6260cb6e348c7cda9d77,26/06/2023 00:24:58,ESCANER
9985,"Totonicapán",8,"San Cristóbal Totonicapán",2,1283,380,6,5,7,20,2,29,20,3,5,0,4,10,31,23,165,15,6,186,0,186,0,379,193,165,186,186,,1,bfd904dccebca47643585f939ebebc0d37a106df5faf2f3db5b42d55ed14efb5,25/06/2023 23:39:06,ESCANER
9986,"Totonicapán",8,"San Cristóbal Totonicapán",2,1283,380,,,,,,,,,,,,,,,,,,,,,,,,,,,,0,,,
9987,"Totonicapán",8,"San Cristóbal Totonicapán",2,1284,364,,,,,,,,,,,,,,,,,,,,,,,,,,,,0,,,
9988,"Totonicapán",8,"San Cristóbal Totonicapán",2,1284,363,5,1,2,9,3,19,12,2,1,0,5,10,29,12,110,8,2,120,0,120,0,363,243,110,120,120,,1,9c52cb90e34c08010bf20751d2722209adaa559b574e770a0f3f0e5ff882898f,25/06/2023 23:39:24,ESCANER
9989,"Totonicapán",8,"San Cristóbal Totonicapán",2,1285,380,,,,,,,,,,,,,,,,,,,,,,,,,,,,0,,,
9990,"Totonicapán",8,"San Cristóbal Totonicapán",2,1285,380,76,9,5,29,4,16,46,15,0,0,34,20,0,3,281,10,4,295,0,295,0,380,85,257,271,271,Sumas Asentadas sin cuadrar,1,648753e4eb7a5e335df0a08dbd7daf673c6031455fee4e7ee4cdc33a3d322aec,25/06/2023 23:55:09,ESCANER
9991,"Totonicapán",8,"San Cristóbal Totonicapán",2,1285,380,56,2,7,31,4,8,48,12,2,3,47,21,12,3,256,8,3,267,0,267,0,380,113,256,267,267,,1,a902442722fca8adf64f16ea2d6b77f7e89601b5fc0dc089bd7463c7875f5473,26/06/2023 00:16:56,ESCANER
9992,"Totonicapán",8,"San Cristóbal Totonicapán",2,1285,380,44,10,9,26,8,14,30,14,2,7,38,21,20,1,244,8,0,252,0,252,--,380,128,244,252,252,Algún campo sin dato,1,65801be356c041a832cec5c2dea5837eeba697a55d5894da0b9037d2792020ed,25/06/2023 22:59:38,ESCANER
9993,"Totonicapán",8,"San Cristóbal Totonicapán",2,1285,242,33,2,11,13,1,6,27,11,0,1,21,20,11,0,157,2,1,160,0,160,0,242,82,157,160,160,,1,c4c1c7527768df5b6a0e5b769bdcf237e6208a480dfd11f7eb9c001e980bc719,25/06/2023 23:20:19,ESCANER
9994,"Totonicapán",8,"San Cristóbal Totonicapán",2,1285,241,26,3,4,11,4,11,36,10,0,0,14,22,15,1,157,5,0,162,0,162,0,241,79,157,162,162,,1,e2e5f19684dd9b4f3387b276d5e90813675930e4b2fc44bbd24923b1f0004805,26/06/2023 00:06:00,ESCANER
9995,"Totonicapán",8,"San Cristóbal Totonicapán",2,1286,380,,,,,,,,,,,,,,,,,,,,,,,,,,,,0,,,
9996,"Totonicapán",8,"San Cristóbal Totonicapán",2,1286,380,43,12,12,11,9,30,21,11,0,0,10,41,5,4,209,17,10,236,0,236,0,380,144,209,236,236,,1,71a235aaa58b8742435eb50c06d64f16f38e5157f1dc3a9e518273063def2358,25/06/2023 23:49:31,ESCANER
9997,"Totonicapán",8,"San Cristóbal Totonicapán",2,1287,234,26,5,12,4,7,19,12,6,0,1,9,22,8,3,134,2,1,137,0,137,1,234,47,134,137,137,,1,422a6b3b4205e0d38e0366df130863f73e69c59d949bf74ff760beffae3daaee,25/06/2023 23:21:14,ESCANER
9998,"Totonicapán",8,"San Cristóbal Totonicapán",2,1287,234,15,6,11,4,7,13,14,7,0,0,12,22,0,3,119,3,2,119,0,119,--,234,115,114,119,119,Sumas Asentadas sin cuadrar,1,d56bb32bf346f99a92eca833b40cbbe4ad8f04ca9507e713e123b190b07a559b,25/06/2023 22:47:21,ESCANER
9999,"Totonicapán",8,"San Cristóbal Totonicapán",2,1288,575,28,2,10,13,1,8,13,19,2,0,7,8,11,2,124,15,3,142,0,142,0,575,433,124,142,142,,1,03d91cad6b37b9bb9e3c1bc301845eebff3b724588d09ed2fc54ca8cae52e37d,25/06/2023 22:37:53,ESCANER
10000,"Totonicapán",8,"San Cristóbal Totonicapán",2,1288,575,11,2,7,9,3,4,5,14,0,0,7,7,5,2,76,3,0,79,0,79,0,575,496,76,79,79,,1,9172f48fc09d554f5a2eebd00f5df9bde84bccb8a5883212067ce831bc0b98d7,25/06/2023 20:56:18,ESCANER