﻿TIPO_DE_ELECCIÓN:,CORPORACIÓN MUNICIPAL
26 junio 2023 00:28 (UTC -6)
ACTAS_ESPERADAS,ACTAS_CAPTURADAS,PORCENTAJE_ACTAS_CAPTURADAS,ACTAS_CONTABILIZADAS,PORCENTAJE_ACTAS_CONTABILIZADAS,ACTAS_NO_CONTABILIZADAS,LISTA_NOMINAL_ACTAS_CONTABILIZADAS,VOTOS_EMITIDOS_CONTABILIZADAS,PORCENTAJE_PARTICIPACIÓN_CIUDADANA
16,1,6.2500,1,6.2500,0,400,360,90.0000

MESA,DEPARTAMENTO,ID_DEPARTAMENTO,MUNICIPIO,ID_MUNICIPIO,CENTRO_DE_VOTACIÓN,PADRÓN,VAMOS,CABAL,VICTORIA,UNE,TODOS,VALOR UNIONISTA,VÁLIDOS,NULOS,BLANCO,EMITIDOS,INVÁLIDOS,TOTAL,IMPUGNACIONES,PAPELETAS-RECIBIDAS,PAPELETAS-NO-USADAS,VALIDOS_CALCULADO,EMITIDOS_CALCULADO,TOTAL_CALCULADO,OBSERVACIONES,CONTABILIZADA,CÓDIGO_INTEGRIDAD,FECHA_HORA_PUBLICACIÓN,DIGITALIZACIÓN
9446,"Sololá",7,"Santa Clara La Laguna",7,1168,400,,,,,,,,,,,,,,,,,,,,0,,,
9447,"Sololá",7,"Santa Clara La Laguna",7,1168,400,,,,,,,,,,,,,,,,,,,,0,,,
9448,"Sololá",7,"Santa Clara La Laguna",7,1168,400,,,,,,,,,,,,,,,,,,,,0,,,
9449,"Sololá",7,"Santa Clara La Laguna",7,1168,400,,,,,,,,,,,,,,,,,,,,0,,,
9450,"Sololá",7,"Santa Clara La Laguna",7,1168,400,,,,,,,,,,,,,,,,,,,,0,,,
9451,"Sololá",7,"Santa Clara La Laguna",7,1168,400,117,57,88,66,5,13,346,9,5,360,0,360,--,400,40,346,360,360,Algún campo sin dato,1,4db552638e38b0fb400fd5b9ba187b7509483357c8fad47e55fc340403bd1644,26/06/2023 00:24:06,ESCANER
9452,"Sololá",7,"Santa Clara La Laguna",7,1168,400,,,,,,,,,,,,,,,,,,,,0,,,
9453,"Sololá",7,"Santa Clara La Laguna",7,1168,400,,,,,,,,,,,,,,,,,,,,0,,,
9454,"Sololá",7,"Santa Clara La Laguna",7,1168,400,,,,,,,,,,,,,,,,,,,,0,,,
9455,"Sololá",7,"Santa Clara La Laguna",7,1169,400,,,,,,,,,,,,,,,,,,,,0,,,
9456,"Sololá",7,"Santa Clara La Laguna",7,1169,400,,,,,,,,,,,,,,,,,,,,0,,,
9457,"Sololá",7,"Santa Clara La Laguna",7,1169,400,,,,,,,,,,,,,,,,,,,,0,,,
9458,"Sololá",7,"Santa Clara La Laguna",7,1169,400,,,,,,,,,,,,,,,,,,,,0,,,
9459,"Sololá",7,"Santa Clara La Laguna",7,1169,400,,,,,,,,,,,,,,,,,,,,0,,,
9460,"Sololá",7,"Santa Clara La Laguna",7,1169,250,,,,,,,,,,,,,,,,,,,,0,,,
9461,"Sololá",7,"Santa Clara La Laguna",7,1169,250,,,,,,,,,,,,,,,,,,,,0,,,