﻿TIPO_DE_ELECCIÓN:,CORPORACIÓN MUNICIPAL
26 junio 2023 00:28 (UTC -6)
ACTAS_ESPERADAS,ACTAS_CAPTURADAS,PORCENTAJE_ACTAS_CAPTURADAS,ACTAS_CONTABILIZADAS,PORCENTAJE_ACTAS_CONTABILIZADAS,ACTAS_NO_CONTABILIZADAS,LISTA_NOMINAL_ACTAS_CONTABILIZADAS,VOTOS_EMITIDOS_CONTABILIZADAS,PORCENTAJE_PARTICIPACIÓN_CIUDADANA
85,27,31.7647,27,31.7647,0,9637,6190,64.2316

MESA,DEPARTAMENTO,ID_DEPARTAMENTO,MUNICIPIO,ID_MUNICIPIO,CENTRO_DE_VOTACIÓN,PADRÓN,VAMOS,UNE,AZUL,ELEFANTE,TODOS,PODEMOS,CABAL,VOS,MI FAMILIA,P A N,URNG-MAIZ WINAQ,VALOR UNIONISTA,VÁLIDOS,NULOS,BLANCO,EMITIDOS,INVÁLIDOS,TOTAL,IMPUGNACIONES,PAPELETAS-RECIBIDAS,PAPELETAS-NO-USADAS,VALIDOS_CALCULADO,EMITIDOS_CALCULADO,TOTAL_CALCULADO,OBSERVACIONES,CONTABILIZADA,CÓDIGO_INTEGRIDAD,FECHA_HORA_PUBLICACIÓN,DIGITALIZACIÓN
22683,"Chiquimula",20,"Camotán",5,3543,400,,,,,,,,,,,,,,,,,,,,,,,,,,0,,,
22684,"Chiquimula",20,"Camotán",5,3543,400,99,50,2,79,3,0,2,0,17,0,0,4,259,16,2,277,0,277,--,400,123,256,274,274,Sumas Asentadas sin cuadrar,1,8116b50f0b8eea6dbe50d152217733e9ebca7031078cc2fd10ab02bb15afdde6,25/06/2023 23:31:23,ESCANER
22685,"Chiquimula",20,"Camotán",5,3543,400,,,,,,,,,,,,,,,,,,,,,,,,,,0,,,
22686,"Chiquimula",20,"Camotán",5,3543,400,,,,,,,,,,,,,,,,,,,,,,,,,,0,,,
22687,"Chiquimula",20,"Camotán",5,3543,400,,,,,,,,,,,,,,,,,,,,,,,,,,0,,,
22688,"Chiquimula",20,"Camotán",5,3543,400,,,,,,,,,,,,,,,,,,,,,,,,,,0,,,
22689,"Chiquimula",20,"Camotán",5,3543,400,,,,,,,,,,,,,,,,,,,,,,,,,,0,,,
22690,"Chiquimula",20,"Camotán",5,3543,400,68,78,1,51,2,0,2,0,4,1,0,8,215,3,3,221,0,221,--,400,179,215,221,221,Algún campo sin dato,1,f815aa74a9edc0f38fc6f62906523d93f63a1b310986244e9421fcc9e63742c5,25/06/2023 23:34:44,ESCANER
22691,"Chiquimula",20,"Camotán",5,3544,304,59,42,1,62,1,0,1,0,11,0,1,3,181,1,0,182,0,182,--,301,119,181,182,182,Algún campo sin dato,1,c498276b674c61d181a80445f75ed4624e1adc3e78659a5091826eaa1d44f0be,25/06/2023 22:20:10,ESCANER
22692,"Chiquimula",20,"Camotán",5,3544,303,44,52,0,31,0,0,1,2,5,0,1,10,146,5,0,151,0,151,--,303,152,146,151,151,Algún campo sin dato,1,65087fae0fbfa6a245764fbf23c064525e51b6772513ddfbd074e1337ce5f0e8,25/06/2023 22:40:50,ESCANER
22693,"Chiquimula",20,"Camotán",5,3545,400,142,28,1,62,1,1,0,2,0,5,0,25,267,11,5,283,0,283,--,400,117,267,283,283,Algún campo sin dato,1,92bf32dee39609f7c32df1fdf22d6a2a5d27f45abb67c7f9106b70e5d8850188,25/06/2023 22:48:03,ESCANER
22694,"Chiquimula",20,"Camotán",5,3545,400,,,,,,,,,,,,,,,,,,,,,,,,,,0,,,
22695,"Chiquimula",20,"Camotán",5,3545,400,159,30,2,52,1,0,0,1,0,1,0,23,269,16,4,289,0,289,--,400,111,269,289,289,Algún campo sin dato,1,eefe5eb7bec1401f4fdafe2e107cd3761fe02fe00b62e965518f9265813e408f,25/06/2023 23:56:48,ESCANER
22696,"Chiquimula",20,"Camotán",5,3546,400,125,25,1,42,5,0,1,4,0,1,0,30,234,8,4,246,0,246,--,400,154,234,246,246,Algún campo sin dato,1,18dbca9c6720541433d48c666c7ae0b5a6af6f6dbf90715fb39a7f5207f995b2,25/06/2023 23:53:47,ESCANER
22697,"Chiquimula",20,"Camotán",5,3546,347,,,,,,,,,,,,,,,,,,,,,,,,,,0,,,
22698,"Chiquimula",20,"Camotán",5,3546,346,116,22,0,47,3,0,0,0,0,3,0,12,203,3,3,209,0,209,--,346,137,203,209,209,Algún campo sin dato,1,9f9e59aefbdececc51c06f5e2c0b4376b2baacca78370a1321617af2cbdca6ce,25/06/2023 22:24:36,ESCANER
22699,"Chiquimula",20,"Camotán",5,3547,380,,,,,,,,,,,,,,,,,,,,,,,,,,0,,,
22700,"Chiquimula",20,"Camotán",5,3547,380,,,,,,,,,,,,,,,,,,,,,,,,,,0,,,
22701,"Chiquimula",20,"Camotán",5,3547,380,,,,,,,,,,,,,,,,,,,,,,,,,,0,,,
22702,"Chiquimula",20,"Camotán",5,3548,380,145,54,2,27,5,0,1,1,0,0,1,54,290,13,5,308,0,308,--,380,72,290,308,308,Algún campo sin dato,1,3a929af02209fe4460b8d1eb02912af93fa0d308f5be067db9f3f86364d5eaf4,25/06/2023 23:27:17,ESCANER
22703,"Chiquimula",20,"Camotán",5,3548,380,154,36,3,30,2,0,1,0,1,1,0,46,274,13,3,290,0,290,--,380,90,274,290,290,Algún campo sin dato,1,43054f1e5f9170f6b197888bbb22bd82562cb43e46c113dfbc335ffe30cc7416,25/06/2023 23:35:06,ESCANER
22704,"Chiquimula",20,"Camotán",5,3548,380,132,26,2,23,2,0,1,0,1,0,0,73,260,8,6,274,0,274,--,380,116,260,274,274,Algún campo sin dato,1,88d33bb3d5a7a441ec3c72cb1098d7bdc025b322497eba51b540c1ddef5bd15b,25/06/2023 23:51:51,ESCANER
22705,"Chiquimula",20,"Camotán",5,3549,380,117,30,1,25,1,0,1,1,0,1,1,59,237,13,4,254,0,254,--,380,126,237,254,254,Algún campo sin dato,1,5891358ce5423c2cd2521bc8b39c1b8d6e5e27e327b959c8cdfd65c2cfc2bf01,26/06/2023 00:09:54,ESCANER
22706,"Chiquimula",20,"Camotán",5,3549,380,165,30,0,20,3,0,1,0,0,0,1,43,263,2,1,266,0,266,--,375,109,263,266,266,Algún campo sin dato,1,b631e74a9f4bfe527c9ed4e97b848ddfc76cca8f3c9a546bf5c34179639ac922,26/06/2023 00:02:19,ESCANER
22707,"Chiquimula",20,"Camotán",5,3549,380,128,46,0,24,1,0,0,0,0,0,0,56,255,3,7,265,0,265,--,380,115,255,265,265,Algún campo sin dato,1,80b6163470f02fa3760cb1c68fe9b846eed4590c6370800ca64e87b15f01eedf,26/06/2023 00:17:23,ESCANER
22708,"Chiquimula",20,"Camotán",5,3550,350,,,,,,,,,,,,,,,,,,,,,,,,,,0,,,
22709,"Chiquimula",20,"Camotán",5,3550,349,115,24,2,8,0,1,2,0,0,0,1,63,216,8,7,231,0,231,--,349,118,216,231,231,Algún campo sin dato,1,ff40fc1bb5016f5249cb48dc5bbb52b5aacd81a29e8f38568a58557b2c026b6d,25/06/2023 22:36:07,ESCANER
22710,"Chiquimula",20,"Camotán",5,3551,380,,,,,,,,,,,,,,,,,,,,,,,,,,0,,,
22711,"Chiquimula",20,"Camotán",5,3551,380,,,,,,,,,,,,,,,,,,,,,,,,,,0,,,
22712,"Chiquimula",20,"Camotán",5,3551,380,,,,,,,,,,,,,,,,,,,,,,,,,,0,,,
22713,"Chiquimula",20,"Camotán",5,3551,380,,,,,,,,,,,,,,,,,,,,,,,,,,0,,,
22714,"Chiquimula",20,"Camotán",5,3551,317,,,,,,,,,,,,,,,,,,,,,,,,,,0,,,
22715,"Chiquimula",20,"Camotán",5,3552,316,,,,,,,,,,,,,,,,,,,,,,,,,,0,,,
22716,"Chiquimula",20,"Camotán",5,3553,380,,,,,,,,,,,,,,,,,,,,,,,,,,0,,,
22717,"Chiquimula",20,"Camotán",5,3553,380,126,22,3,78,2,5,1,0,2,1,1,10,251,23,8,282,1,283,--,380,97,251,282,283,Algún campo sin dato,1,eb71edb3ba1678dddde510cfe0f21809a89e4de583c835f63cc749997d10ce25,25/06/2023 22:57:53,ESCANER
22718,"Chiquimula",20,"Camotán",5,3553,380,,,,,,,,,,,,,,,,,,,,,,,,,,0,,,
22719,"Chiquimula",20,"Camotán",5,3553,380,,,,,,,,,,,,,,,,,,,,,,,,,,0,,,
22720,"Chiquimula",20,"Camotán",5,3553,354,,,,,,,,,,,,,,,,,,,,,,,,,,0,,,
22721,"Chiquimula",20,"Camotán",5,3553,354,,,,,,,,,,,,,,,,,,,,,,,,,,0,,,
22722,"Chiquimula",20,"Camotán",5,3554,380,,,,,,,,,,,,,,,,,,,,,,,,,,0,,,
22723,"Chiquimula",20,"Camotán",5,3554,380,114,12,3,46,5,0,2,0,1,0,1,25,209,23,8,240,1,241,--,380,139,209,240,241,Algún campo sin dato,1,d75d554647df9a71e6bcdda8587fb6931475a0c57b48968fb251b1398e8c60a5,25/06/2023 23:04:09,MOVIL
22724,"Chiquimula",20,"Camotán",5,3554,380,,,,,,,,,,,,,,,,,,,,,,,,,,0,,,
22725,"Chiquimula",20,"Camotán",5,3554,380,,,,,,,,,,,,,,,,,,,,,,,,,,0,,,
22726,"Chiquimula",20,"Camotán",5,3555,380,83,16,2,87,0,3,0,1,1,1,0,29,223,21,0,244,0,244,--,380,136,223,244,244,Algún campo sin dato,1,e0d240fe9d795b73d4ec3fe2dbc530d9eabd6db58a945a420c8532ae63c8068b,26/06/2023 00:03:07,ESCANER
22727,"Chiquimula",20,"Camotán",5,3555,380,80,16,7,60,1,1,1,0,0,0,0,32,198,10,8,216,0,216,--,380,164,198,216,216,Algún campo sin dato,1,142066bc3020dbcc95013bc8cfc3e8f19318635ecd572f0acfd172eafe2ddd32,25/06/2023 22:40:03,ESCANER
22728,"Chiquimula",20,"Camotán",5,3555,380,,,,,,,,,,,,,,,,,,,,,,,,,,0,,,
22729,"Chiquimula",20,"Camotán",5,3555,380,,,,,,,,,,,,,,,,,,,,,,,,,,0,,,
22730,"Chiquimula",20,"Camotán",5,3555,380,92,11,3,69,1,1,2,0,1,0,1,33,214,5,1,220,0,220,--,380,160,214,220,220,Algún campo sin dato,1,690f0fe4cac222fb771ae5ce6cd30532c78ac4d976698e1e96100aca0f688f01,25/06/2023 23:12:20,ESCANER
22731,"Chiquimula",20,"Camotán",5,3556,343,,,,,,,,,,,,,,,,,,,,,,,,,,0,,,
22732,"Chiquimula",20,"Camotán",5,3556,342,,,,,,,,,,,,,,,,,,,,,,,,,,0,,,
22733,"Chiquimula",20,"Camotán",5,3557,380,,,,,,,,,,,,,,,,,,,,,,,,,,0,,,
22734,"Chiquimula",20,"Camotán",5,3557,380,,,,,,,,,,,,,,,,,,,,,,,,,,0,,,
22735,"Chiquimula",20,"Camotán",5,3557,380,,,,,,,,,,,,,,,,,,,,,,,,,,0,,,
22736,"Chiquimula",20,"Camotán",5,3558,337,65,43,11,58,2,0,1,0,0,1,1,21,203,10,2,215,0,215,8,337,122,203,215,215,,1,c8e57ea9504b141f7688bc81904ddfe68a01a31930cac5530fc8dcfef604a360,26/06/2023 00:16:40,MOVIL
22737,"Chiquimula",20,"Camotán",5,3558,337,,,,,,,,,,,,,,,,,,,,,,,,,,0,,,
22738,"Chiquimula",20,"Camotán",5,3559,380,,,,,,,,,,,,,,,,,,,,,,,,,,0,,,
22739,"Chiquimula",20,"Camotán",5,3559,380,,,,,,,,,,,,,,,,,,,,,,,,,,0,,,
22740,"Chiquimula",20,"Camotán",5,3559,380,,,,,,,,,,,,,,,,,,,,,,,,,,0,,,
22741,"Chiquimula",20,"Camotán",5,3559,380,,,,,,,,,,,,,,,,,,,,,,,,,,0,,,
22742,"Chiquimula",20,"Camotán",5,3560,349,98,42,1,72,2,2,1,0,0,0,0,1,219,4,0,223,0,223,1,349,126,219,223,223,,1,efe44657569a8db93713a0446d295874b596934cb2936070b6e9f599f25d32bd,25/06/2023 23:28:03,ESCANER
22743,"Chiquimula",20,"Camotán",5,3560,348,,,,,,,,,,,,,,,,,,,,,,,,,,0,,,
22744,"Chiquimula",20,"Camotán",5,3561,380,,,,,,,,,,,,,,,,,,,,,,,,,,0,,,
22745,"Chiquimula",20,"Camotán",5,3561,380,,,,,,,,,,,,,,,,,,,,,,,,,,0,,,
22746,"Chiquimula",20,"Camotán",5,3561,380,,,,,,,,,,,,,,,,,,,,,,,,,,0,,,
22747,"Chiquimula",20,"Camotán",5,3561,380,,,,,,,,,,,,,,,,,,,,,,,,,,0,,,
22748,"Chiquimula",20,"Camotán",5,3561,380,,,,,,,,,,,,,,,,,,,,,,,,,,0,,,
22749,"Chiquimula",20,"Camotán",5,3562,380,,,,,,,,,,,,,,,,,,,,,,,,,,0,,,
22750,"Chiquimula",20,"Camotán",5,3562,208,,,,,,,,,,,,,,,,,,,,,,,,,,0,,,
22751,"Chiquimula",20,"Camotán",5,3562,208,21,12,9,59,1,0,0,0,0,0,0,1,103,5,5,113,0,113,--,205,92,103,113,113,Algún campo sin dato,1,277289c64a9b1b99415e854e215c4fa3341083e970c85764e3c04d12cbae4500,25/06/2023 23:43:46,ESCANER
22752,"Chiquimula",20,"Camotán",5,3563,380,,,,,,,,,,,,,,,,,,,,,,,,,,0,,,
22753,"Chiquimula",20,"Camotán",5,3563,380,,,,,,,,,,,,,,,,,,,,,,,,,,0,,,
22754,"Chiquimula",20,"Camotán",5,3563,379,,,,,,,,,,,,,,,,,,,,,,,,,,0,,,
22755,"Chiquimula",20,"Camotán",5,3563,378,73,117,2,58,2,0,0,0,0,0,0,0,252,3,1,256,0,256,--,378,122,252,256,256,Algún campo sin dato,1,1c6c2b70109265a9490d7263e29dcdd83cffed903f379e85a94678a12bd4e90d,25/06/2023 23:16:17,ESCANER
22756,"Chiquimula",20,"Camotán",5,3564,380,,,,,,,,,,,,,,,,,,,,,,,,,,0,,,
22757,"Chiquimula",20,"Camotán",5,3564,380,,,,,,,,,,,,,,,,,,,,,,,,,,0,,,
22758,"Chiquimula",20,"Camotán",5,3564,380,,,,,,,,,,,,,,,,,,,,,,,,,,0,,,
22759,"Chiquimula",20,"Camotán",5,3564,380,,,,,,,,,,,,,,,,,,,,,,,,,,0,,,
22760,"Chiquimula",20,"Camotán",5,3564,380,,,,,,,,,,,,,,,,,,,,,,,,,,0,,,
22761,"Chiquimula",20,"Camotán",5,3565,380,,,,,,,,,,,,,,,,,,,,,,,,,,0,,,
22762,"Chiquimula",20,"Camotán",5,3566,380,,,,,,,,,,,,,,,,,,,,,,,,,,0,,,
22763,"Chiquimula",20,"Camotán",5,3566,380,,,,,,,,,,,,,,,,,,,,,,,,,,0,,,
22764,"Chiquimula",20,"Camotán",5,3566,380,,,,,,,,,,,,,,,,,,,,,,,,,,0,,,
22765,"Chiquimula",20,"Camotán",5,3567,252,47,42,0,39,1,0,0,0,0,0,0,5,134,3,115,252,0,137,--,252,115,134,252,252,Sumas Asentadas sin cuadrar,1,59b22ef322fea0569d7d8ab9c9b07ef18b0e49ee6d53fd42803e129d8ea4ae02,25/06/2023 20:10:15,MOVIL
22766,"Chiquimula",20,"Camotán",5,3567,252,60,25,1,23,4,0,0,0,0,0,0,7,120,11,4,135,1,136,--,249,113,120,135,136,Algún campo sin dato,1,17da9bad78b833691c9667f8264b9e787e6fd5376c913bdf4b760e8765694afb,26/06/2023 00:26:10,MOVIL
22767,"Chiquimula",20,"Camotán",5,3568,379,21,9,1,9,0,0,1,0,0,0,0,2,43,5,3,51,0,51,--,379,328,43,51,51,Algún campo sin dato,1,8119ea704d235d981d77ab7f558620fa325cc573d0edf6d20e6f9d6b9e067589,25/06/2023 21:35:43,ESCANER