﻿TIPO_DE_ELECCIÓN:,CORPORACIÓN MUNICIPAL
26 junio 2023 00:28 (UTC -6)
ACTAS_ESPERADAS,ACTAS_CAPTURADAS,PORCENTAJE_ACTAS_CAPTURADAS,ACTAS_CONTABILIZADAS,PORCENTAJE_ACTAS_CONTABILIZADAS,ACTAS_NO_CONTABILIZADAS,LISTA_NOMINAL_ACTAS_CONTABILIZADAS,VOTOS_EMITIDOS_CONTABILIZADAS,PORCENTAJE_PARTICIPACIÓN_CIUDADANA
48,14,29.1666,14,29.1666,0,4969,2830,56.9531

MESA,DEPARTAMENTO,ID_DEPARTAMENTO,MUNICIPIO,ID_MUNICIPIO,CENTRO_DE_VOTACIÓN,PADRÓN,MLP,VICTORIA,VAMOS,UNE,PIN,VIVA,PPN,CREO,UR,TODOS,CABAL,CAMBIO,VALOR UNIONISTA,VÁLIDOS,NULOS,BLANCO,EMITIDOS,INVÁLIDOS,TOTAL,IMPUGNACIONES,PAPELETAS-RECIBIDAS,PAPELETAS-NO-USADAS,VALIDOS_CALCULADO,EMITIDOS_CALCULADO,TOTAL_CALCULADO,OBSERVACIONES,CONTABILIZADA,CÓDIGO_INTEGRIDAD,FECHA_HORA_PUBLICACIÓN,DIGITALIZACIÓN
11337,"Quetzaltenango",9,"El Palmar",19,1522,400,,,,,,,,,,,,,,,,,,,,,,,,,,,0,,,
11338,"Quetzaltenango",9,"El Palmar",19,1522,400,,,,,,,,,,,,,,,,,,,,,,,,,,,0,,,
11339,"Quetzaltenango",9,"El Palmar",19,1522,400,3,117,83,17,1,0,8,4,1,0,0,0,44,278,16,4,298,0,298,--,400,102,278,298,298,Algún campo sin dato,1,9179782c00953ef6358d8b6baf68bb5398193a2737bf4f7b56bc0eaef229c276,25/06/2023 23:20:18,ESCANER
11340,"Quetzaltenango",9,"El Palmar",19,1522,400,,,,,,,,,,,,,,,,,,,,,,,,,,,0,,,
11341,"Quetzaltenango",9,"El Palmar",19,1522,400,,,,,,,,,,,,,,,,,,,,,,,,,,,0,,,
11342,"Quetzaltenango",9,"El Palmar",19,1522,400,,,,,,,,,,,,,,,,,,,,,,,,,,,0,,,
11343,"Quetzaltenango",9,"El Palmar",19,1522,400,,,,,,,,,,,,,,,,,,,,,,,,,,,0,,,
11344,"Quetzaltenango",9,"El Palmar",19,1522,400,,,,,,,,,,,,,,,,,,,,,,,,,,,0,,,
11345,"Quetzaltenango",9,"El Palmar",19,1522,400,,,,,,,,,,,,,,,,,,,,,,,,,,,0,,,
11346,"Quetzaltenango",9,"El Palmar",19,1522,400,1,102,83,24,3,2,17,4,0,0,1,0,36,273,8,6,287,0,287,--,400,113,273,287,287,Algún campo sin dato,1,0f829dc9daca083d9f7e13f33fd5398f87aff378bef980c4af76c91d2ec82f1d,26/06/2023 00:02:17,ESCANER
11347,"Quetzaltenango",9,"El Palmar",19,1522,400,,,,,,,,,,,,,,,,,,,,,,,,,,,0,,,
11348,"Quetzaltenango",9,"El Palmar",19,1522,400,,,,,,,,,,,,,,,,,,,,,,,,,,,0,,,
11349,"Quetzaltenango",9,"El Palmar",19,1522,400,,,,,,,,,,,,,,,,,,,,,,,,,,,0,,,
11350,"Quetzaltenango",9,"El Palmar",19,1522,400,,,,,,,,,,,,,,,,,,,,,,,,,,,0,,,
11351,"Quetzaltenango",9,"El Palmar",19,1522,400,,,,,,,,,,,,,,,,,,,,,,,,,,,0,,,
11352,"Quetzaltenango",9,"El Palmar",19,1522,400,,,,,,,,,,,,,,,,,,,,,,,,,,,0,,,
11353,"Quetzaltenango",9,"El Palmar",19,1523,400,,,,,,,,,,,,,,,,,,,,,,,,,,,0,,,
11354,"Quetzaltenango",9,"El Palmar",19,1523,400,,,,,,,,,,,,,,,,,,,,,,,,,,,0,,,
11355,"Quetzaltenango",9,"El Palmar",19,1523,287,,,,,,,,,,,,,,,,,,,,,,,,,,,0,,,
11356,"Quetzaltenango",9,"El Palmar",19,1523,287,3,73,43,4,1,0,7,7,1,0,0,0,23,162,6,2,170,0,170,--,287,117,162,170,170,Algún campo sin dato,1,4147ffcb56eac848f2c910fa2ac01f6729a118b41be200b8393f48b9972d8a18,25/06/2023 23:13:18,ESCANER
11357,"Quetzaltenango",9,"El Palmar",19,1524,380,,,,,,,,,,,,,,,,,,,,,,,,,,,0,,,
11358,"Quetzaltenango",9,"El Palmar",19,1524,380,1,52,44,21,2,1,55,4,3,1,0,0,26,210,22,7,239,0,239,--,380,141,210,239,239,Algún campo sin dato,1,da1c53a815eeafada8f6afc2fea3d421d53d08d38d6700470ab3e1cbb0a92461,25/06/2023 23:29:59,ESCANER
11359,"Quetzaltenango",9,"El Palmar",19,1524,380,0,52,51,12,1,6,43,1,3,2,0,0,30,201,13,6,220,0,220,--,380,160,201,220,220,Algún campo sin dato,1,7b57886fe3cda09340137de82fa4dd25f6c02b558a675513712eb2a4f2431388,25/06/2023 23:16:13,ESCANER
11360,"Quetzaltenango",9,"El Palmar",19,1524,317,--,23,33,10,4,--,37,--,1,--,1,--,18,127,9,8,144,--,144,--,317,173,127,144,144,Algún campo sin dato,1,9f66bab6252cf01fc751bb9eaa21c218f83396e2a50cc8700dd2ea8dfa8c4116,26/06/2023 00:24:14,ESCANER
11361,"Quetzaltenango",9,"El Palmar",19,1524,316,--,30,37,6,1,5,35,3,--,2,--,--,22,141,6,2,149,--,149,--,314,165,141,149,149,Algún campo sin dato,1,03258e62cc30fca02dda4e11c0dd84626e3d9d0045065a80653525fdd282cdf8,25/06/2023 23:47:49,ESCANER
11362,"Quetzaltenango",9,"El Palmar",19,1525,380,,,,,,,,,,,,,,,,,,,,,,,,,,,0,,,
11363,"Quetzaltenango",9,"El Palmar",19,1525,380,,,,,,,,,,,,,,,,,,,,,,,,,,,0,,,
11364,"Quetzaltenango",9,"El Palmar",19,1525,380,,,,,,,,,,,,,,,,,,,,,,,,,,,0,,,
11365,"Quetzaltenango",9,"El Palmar",19,1525,380,,,,,,,,,,,,,,,,,,,,,,,,,,,0,,,
11366,"Quetzaltenango",9,"El Palmar",19,1525,380,3,95,64,11,0,2,18,1,2,0,1,0,62,259,10,3,272,0,272,--,380,108,259,272,272,Algún campo sin dato,1,67617c44230251c62f21d85afb3e3d399082b9ece88e18b2292d7829f13c2fbe,25/06/2023 23:27:25,ESCANER
11367,"Quetzaltenango",9,"El Palmar",19,1525,380,,,,,,,,,,,,,,,,,,,,,,,,,,,0,,,
11368,"Quetzaltenango",9,"El Palmar",19,1525,380,3,76,83,11,0,2,12,5,3,2,2,0,69,268,14,8,290,0,290,--,380,90,268,290,290,Algún campo sin dato,1,0ceff6295922c6505ac4ab2b5b4aa641d66598cd86ccce976966f6a21b6058c4,26/06/2023 00:18:04,ESCANER
11369,"Quetzaltenango",9,"El Palmar",19,1525,380,,,,,,,,,,,,,,,,,,,,,,,,,,,0,,,
11370,"Quetzaltenango",9,"El Palmar",19,1525,352,2,90,55,11,0,1,14,3,5,0,0,0,57,238,3,1,242,0,242,--,352,110,238,242,242,Algún campo sin dato,1,274fc6d755bd9ccc7fa956c075f3fb18d2b3671745c9f384575b6aebaab86a4f,26/06/2023 00:08:58,ESCANER
11371,"Quetzaltenango",9,"El Palmar",19,1525,351,2,79,69,3,--,--,10,3,2,--,1,--,63,232,3,--,235,--,235,--,351,116,232,235,235,Algún campo sin dato,1,b589b923c0ab81688fff6d269011b2b9c27becf3dc45df220c3c9d6d117a17ec,25/06/2023 23:33:30,ESCANER
11372,"Quetzaltenango",9,"El Palmar",19,1526,380,,,,,,,,,,,,,,,,,,,,,,,,,,,0,,,
11373,"Quetzaltenango",9,"El Palmar",19,1526,380,,,,,,,,,,,,,,,,,,,,,,,,,,,0,,,
11374,"Quetzaltenango",9,"El Palmar",19,1526,380,,,,,,,,,,,,,,,,,,,,,,,,,,,0,,,
11375,"Quetzaltenango",9,"El Palmar",19,1526,380,,,,,,,,,,,,,,,,,,,,,,,,,,,0,,,
11376,"Quetzaltenango",9,"El Palmar",19,1526,380,,,,,,,,,,,,,,,,,,,,,,,,,,,0,,,
11377,"Quetzaltenango",9,"El Palmar",19,1526,380,,,,,,,,,,,,,,,,,,,,,,,,,,,0,,,
11378,"Quetzaltenango",9,"El Palmar",19,1526,380,,,,,,,,,,,,,,,,,,,,,,,,,,,0,,,
11379,"Quetzaltenango",9,"El Palmar",19,1526,380,,,,,,,,,,,,,,,,,,,,,,,,,,,0,,,
11380,"Quetzaltenango",9,"El Palmar",19,1526,380,,,,,,,,,,,,,,,,,,,,,,,,,,,0,,,
11381,"Quetzaltenango",9,"El Palmar",19,1526,216,,,,,,,,,,,,,,,,,,,,,,,,,,,0,,,
11382,"Quetzaltenango",9,"El Palmar",19,1526,216,2,39,25,3,3,1,1,3,0,0,0,0,16,93,4,4,101,0,101,--,216,115,93,101,101,Algún campo sin dato,1,928f8e49c89c579e3163d3149ee35a611295816b1474b9a89afa3e40615e510e,26/06/2023 00:01:31,ESCANER
11383,"Quetzaltenango",9,"El Palmar",19,1527,405,1,44,24,5,1,1,6,1,0,1,0,0,21,105,4,2,111,0,111,--,405,294,105,111,111,Algún campo sin dato,1,a4d738659fb3b437e87de853f12ebeac80b5bcb7461aa7ad94d6622c6362f374,25/06/2023 23:21:15,ESCANER
11384,"Quetzaltenango",9,"El Palmar",19,1527,405,0,24,25,3,1,1,2,2,0,0,1,0,8,67,3,2,72,0,72,--,405,333,67,72,72,Algún campo sin dato,1,88cb7a903460df03f688334146bc5873f039e666256ec314a67e7d1b522eb243,25/06/2023 23:47:30,ESCANER