﻿TIPO_DE_ELECCIÓN:,CORPORACIÓN MUNICIPAL
26 junio 2023 00:28 (UTC -6)
ACTAS_ESPERADAS,ACTAS_CAPTURADAS,PORCENTAJE_ACTAS_CAPTURADAS,ACTAS_CONTABILIZADAS,PORCENTAJE_ACTAS_CONTABILIZADAS,ACTAS_NO_CONTABILIZADAS,LISTA_NOMINAL_ACTAS_CONTABILIZADAS,VOTOS_EMITIDOS_CONTABILIZADAS,PORCENTAJE_PARTICIPACIÓN_CIUDADANA
47,24,51.0638,24,51.0638,0,9014,4762,52.8289

MESA,DEPARTAMENTO,ID_DEPARTAMENTO,MUNICIPIO,ID_MUNICIPIO,CENTRO_DE_VOTACIÓN,PADRÓN,COCIPROG,AZUL,CAMBIO,PHG,UNE,VÁLIDOS,NULOS,BLANCO,EMITIDOS,INVÁLIDOS,TOTAL,IMPUGNACIONES,PAPELETAS-RECIBIDAS,PAPELETAS-NO-USADAS,VALIDOS_CALCULADO,EMITIDOS_CALCULADO,TOTAL_CALCULADO,OBSERVACIONES,CONTABILIZADA,CÓDIGO_INTEGRIDAD,FECHA_HORA_PUBLICACIÓN,DIGITALIZACIÓN
23759,"Jutiapa",22,"El Progreso",2,3726,400,158,3,44,30,3,238,17,1,256,0,256,--,400,144,238,256,256,Algún campo sin dato,1,98d73849f38206a967a6180882f88cf5c5cc91e325fbbcfd7fc7192b79cae4bd,25/06/2023 23:19:04,ESCANER
23760,"Jutiapa",22,"El Progreso",2,3726,400,150,12,48,20,6,236,20,2,258,0,236,--,400,142,236,258,258,Sumas Asentadas sin cuadrar,1,a4f4cde2297ff4a0cf6c58e065341f9e335d417835aea04cee35fc28ff7c2f21,25/06/2023 22:21:52,ESCANER
23761,"Jutiapa",22,"El Progreso",2,3726,400,,,,,,,,,,,,,,,,,,,0,,,
23762,"Jutiapa",22,"El Progreso",2,3726,400,,,,,,,,,,,,,,,,,,,0,,,
23763,"Jutiapa",22,"El Progreso",2,3726,400,,,,,,,,,,,,,,,,,,,0,,,
23764,"Jutiapa",22,"El Progreso",2,3726,400,157,9,36,35,6,243,15,3,261,0,261,--,392,131,243,261,261,Algún campo sin dato,1,22efe93f497fd152bac36866820626308f44987b6bf26e3cda229c7b92450799,25/06/2023 22:54:15,ESCANER
23765,"Jutiapa",22,"El Progreso",2,3726,400,,,,,,,,,,,,,,,,,,,0,,,
23766,"Jutiapa",22,"El Progreso",2,3726,400,158,7,41,23,2,231,8,0,239,0,239,--,400,161,231,239,239,Algún campo sin dato,1,00ca6dfc057ed7a2f7da6a160f0faa2b73cb8bc788f127e88e381ba88900b470,25/06/2023 23:15:20,ESCANER
23767,"Jutiapa",22,"El Progreso",2,3726,400,,,,,,,,,,,,,,,,,,,0,,,
23768,"Jutiapa",22,"El Progreso",2,3726,400,168,4,45,32,3,252,17,3,272,0,272,--,400,128,252,272,272,Algún campo sin dato,1,b2e9d9e76057c886b556707da41a448a4d2bf75ef99a5d33505ccc2264a910aa,26/06/2023 00:26:02,ESCANER
23769,"Jutiapa",22,"El Progreso",2,3726,400,156,10,50,28,7,251,12,4,267,0,267,--,400,133,251,267,267,Algún campo sin dato,1,2cb1ae44bb06de445c285dbe77d74c1b1aae813efa668996b73e383d2304b4e3,25/06/2023 23:39:58,ESCANER
23770,"Jutiapa",22,"El Progreso",2,3726,400,,,,,,,,,,,,,,,,,,,0,,,
23771,"Jutiapa",22,"El Progreso",2,3726,400,,,,,,,,,,,,,,,,,,,0,,,
23772,"Jutiapa",22,"El Progreso",2,3726,400,145,12,45,25,1,228,17,1,246,0,246,--,400,154,228,246,246,Algún campo sin dato,1,92eda15bb1b130502b3cf0f8b6d064ebe2332ed14c3e61248b9da34fccb26a32,26/06/2023 00:17:16,ESCANER
23773,"Jutiapa",22,"El Progreso",2,3726,400,167,9,53,14,2,245,2,2,249,0,249,0,400,151,245,249,249,,1,10c15ac7f0859ec93148db45bff6e645409b753bdbb79d2ff8ae990338ff2ab3,25/06/2023 23:08:40,ESCANER
23774,"Jutiapa",22,"El Progreso",2,3726,363,,,,,,,,,,,,,,,,,,,0,,,
23775,"Jutiapa",22,"El Progreso",2,3726,363,122,7,32,14,1,176,18,1,195,0,195,--,363,168,176,195,195,Algún campo sin dato,1,7ee37501b9d5f55a43ca9161c52a4209f29ce3333f0272f4ed9184c46586b1d5,26/06/2023 00:23:37,ESCANER
23776,"Jutiapa",22,"El Progreso",2,3727,328,121,6,93,4,3,227,22,3,252,0,252,--,328,76,227,252,252,Algún campo sin dato,1,fff0f2138314d6c502b91fa747c0d1777ed2a5ec9fcf84b63f50d5a9185d4dd7,25/06/2023 23:06:17,ESCANER
23777,"Jutiapa",22,"El Progreso",2,3727,327,,,,,,,,,,,,,,,,,,,0,,,
23778,"Jutiapa",22,"El Progreso",2,3728,400,,,,,,,,,,,,,,,,,,,0,,,
23779,"Jutiapa",22,"El Progreso",2,3728,326,,,,,,,,,,,,,,,,,,,0,,,
23780,"Jutiapa",22,"El Progreso",2,3728,325,129,6,22,17,5,179,10,2,191,0,191,--,325,134,179,191,191,Algún campo sin dato,1,db686cab76e6600bd045c19490766179285ddf306afac64618dd7692eac1280b,26/06/2023 00:23:07,ESCANER
23781,"Jutiapa",22,"El Progreso",2,3729,400,,,,,,,,,,,,,,,,,,,0,,,
23782,"Jutiapa",22,"El Progreso",2,3729,400,,,,,,,,,,,,,,,,,,,0,,,
23783,"Jutiapa",22,"El Progreso",2,3729,400,,,,,,,,,,,,,,,,,,,0,,,
23784,"Jutiapa",22,"El Progreso",2,3729,400,138,4,29,46,4,221,21,2,244,0,244,--,402,158,221,244,244,Algún campo sin dato,1,7d40066fac04054ce700cb0524c0828df86219aa5c9de9ec6c79a4e2e7437f65,26/06/2023 00:24:16,ESCANER
23785,"Jutiapa",22,"El Progreso",2,3729,280,99,3,20,26,0,148,6,2,156,0,156,--,280,124,148,156,156,Algún campo sin dato,1,12061666d66b66eb9cd956d0738e75c7c985f1074f1fdc6e3edf50652e8bf1b2,25/06/2023 23:08:37,ESCANER
23786,"Jutiapa",22,"El Progreso",2,3729,279,87,4,21,30,1,143,5,0,148,0,148,--,279,128,143,148,148,Algún campo sin dato,1,209c41f662f9858f5edb5b408f585571e9737299bcc379a785f6bf2d716747eb,26/06/2023 00:21:15,ESCANER
23787,"Jutiapa",22,"El Progreso",2,3730,358,143,7,33,15,7,205,35,5,245,0,245,--,358,113,205,245,245,Algún campo sin dato,1,280a35602609100fe7867aa39629cb5c75ed0b7c2f8a2418aba896e11faca2bc,26/06/2023 00:22:20,ESCANER
23788,"Jutiapa",22,"El Progreso",2,3730,357,133,7,30,12,2,184,20,2,206,0,206,0,357,151,184,206,206,,1,f4efeca0b1873ba5e33e5195c8ccebc57296a767400d368edf6744ef6d1c0260,25/06/2023 22:02:14,ESCANER
23789,"Jutiapa",22,"El Progreso",2,3731,380,,,,,,,,,,,,,,,,,,,0,,,
23790,"Jutiapa",22,"El Progreso",2,3731,380,,,,,,,,,,,,,,,,,,,0,,,
23791,"Jutiapa",22,"El Progreso",2,3731,380,,,,,,,,,,,,,,,,,,,0,,,
23792,"Jutiapa",22,"El Progreso",2,3731,380,,,,,,,,,,,,,,,,,,,0,,,
23793,"Jutiapa",22,"El Progreso",2,3731,293,68,6,53,19,1,147,13,3,163,1,164,--,290,126,147,163,164,Algún campo sin dato,1,d184ad452798b8613067ebd7b15481b5041f3331b22562c12fadbae88b543ff6,25/06/2023 23:12:20,ESCANER
23794,"Jutiapa",22,"El Progreso",2,3731,292,,,,,,,,,,,,,,,,,,,0,,,
23795,"Jutiapa",22,"El Progreso",2,3732,380,,,,,,,,,,,,,,,,,,,0,,,
23796,"Jutiapa",22,"El Progreso",2,3732,380,,,,,,,,,,,,,,,,,,,0,,,
23797,"Jutiapa",22,"El Progreso",2,3732,380,,,,,,,,,,,,,,,,,,,0,,,
23798,"Jutiapa",22,"El Progreso",2,3732,350,122,2,41,25,3,193,21,5,219,0,219,0,350,131,193,219,219,,1,0d19351a9f1c9c4846496d26d9b46165b566ba43f06fcf43d5e39fb383ac325b,26/06/2023 00:18:42,ESCANER
23799,"Jutiapa",22,"El Progreso",2,3732,349,130,1,32,15,2,180,1,2,183,0,183,--,349,166,180,183,183,Algún campo sin dato,1,9be264c23cad9f5743d94e6c5ce4f672541008611dd2817f8305858e81b46e40,25/06/2023 23:43:21,ESCANER
23800,"Jutiapa",22,"El Progreso",2,3733,380,,,,,,,,,,,,,,,,,,,0,,,
23801,"Jutiapa",22,"El Progreso",2,3733,198,110,7,4,3,1,125,15,0,140,0,140,--,198,57,125,140,140,Algún campo sin dato,1,e4821debe08dc05cfaf8cf6db2b96fd16d01b033449390601b3d6868a9d372e4,25/06/2023 23:15:21,ESCANER
23802,"Jutiapa",22,"El Progreso",2,3733,197,119,3,8,5,1,136,8,0,144,0,144,--,197,53,136,144,144,Algún campo sin dato,1,2e3512a912616caf96b1d38630100fca0b241217d1159f5f400635c8c4b97e1a,25/06/2023 23:00:04,ESCANER
23803,"Jutiapa",22,"El Progreso",2,3734,600,54,10,25,27,3,119,10,1,130,0,130,--,600,470,119,130,130,Algún campo sin dato,1,81ae5b3dbc086133524ee70433f45e7cc49c1a3a6754207196ff19788ba739b4,25/06/2023 23:39:03,ESCANER
23804,"Jutiapa",22,"El Progreso",2,3734,569,33,6,12,15,5,71,9,0,80,0,80,--,564,484,71,80,80,Algún campo sin dato,1,ade04585570c491911240a055a59fc692e3dada14a611355e107815a036a6adc,25/06/2023 22:13:59,ESCANER
23805,"Jutiapa",22,"El Progreso",2,3734,568,8,0,5,5,0,18,0,0,18,0,18,--,568,550,18,18,18,Algún campo sin dato,1,88706c9275a249766489e189c263db6ec1fd69e8d3153c4756f5cd7cb65bc4a0,25/06/2023 22:38:12,ESCANER