﻿TIPO_DE_ELECCIÓN:,CORPORACIÓN MUNICIPAL
26 junio 2023 00:28 (UTC -6)
ACTAS_ESPERADAS,ACTAS_CAPTURADAS,PORCENTAJE_ACTAS_CAPTURADAS,ACTAS_CONTABILIZADAS,PORCENTAJE_ACTAS_CONTABILIZADAS,ACTAS_NO_CONTABILIZADAS,LISTA_NOMINAL_ACTAS_CONTABILIZADAS,VOTOS_EMITIDOS_CONTABILIZADAS,PORCENTAJE_PARTICIPACIÓN_CIUDADANA
61,4,6.5573,4,6.5573,0,1399,747,53.3952

MESA,DEPARTAMENTO,ID_DEPARTAMENTO,MUNICIPIO,ID_MUNICIPIO,CENTRO_DE_VOTACIÓN,PADRÓN,VAMOS,UNE,CABAL,ELEFANTE,VICTORIA,VALOR UNIONISTA,VÁLIDOS,NULOS,BLANCO,EMITIDOS,INVÁLIDOS,TOTAL,IMPUGNACIONES,PAPELETAS-RECIBIDAS,PAPELETAS-NO-USADAS,VALIDOS_CALCULADO,EMITIDOS_CALCULADO,TOTAL_CALCULADO,OBSERVACIONES,CONTABILIZADA,CÓDIGO_INTEGRIDAD,FECHA_HORA_PUBLICACIÓN,DIGITALIZACIÓN
22923,"Chiquimula",20,"Quezaltepeque",9,3597,400,,,,,,,,,,,,,,,,,,,,0,,,
22924,"Chiquimula",20,"Quezaltepeque",9,3597,377,,,,,,,,,,,,,,,,,,,,0,,,
22925,"Chiquimula",20,"Quezaltepeque",9,3597,377,,,,,,,,,,,,,,,,,,,,0,,,
22926,"Chiquimula",20,"Quezaltepeque",9,3598,400,,,,,,,,,,,,,,,,,,,,0,,,
22927,"Chiquimula",20,"Quezaltepeque",9,3598,400,,,,,,,,,,,,,,,,,,,,0,,,
22928,"Chiquimula",20,"Quezaltepeque",9,3598,400,,,,,,,,,,,,,,,,,,,,0,,,
22929,"Chiquimula",20,"Quezaltepeque",9,3598,400,,,,,,,,,,,,,,,,,,,,0,,,
22930,"Chiquimula",20,"Quezaltepeque",9,3598,400,,,,,,,,,,,,,,,,,,,,0,,,
22931,"Chiquimula",20,"Quezaltepeque",9,3598,400,,,,,,,,,,,,,,,,,,,,0,,,
22932,"Chiquimula",20,"Quezaltepeque",9,3598,400,128,114,5,2,1,2,252,5,0,257,0,257,--,401,144,252,257,257,Algún campo sin dato,1,5dbfe4f9b9b4faf248596f507911e91a90048d127edbf13c522b8cfcdfa7b9d8,26/06/2023 00:14:00,ESCANER
22933,"Chiquimula",20,"Quezaltepeque",9,3598,400,,,,,,,,,,,,,,,,,,,,0,,,
22934,"Chiquimula",20,"Quezaltepeque",9,3598,400,,,,,,,,,,,,,,,,,,,,0,,,
22935,"Chiquimula",20,"Quezaltepeque",9,3598,400,,,,,,,,,,,,,,,,,,,,0,,,
22936,"Chiquimula",20,"Quezaltepeque",9,3598,400,,,,,,,,,,,,,,,,,,,,0,,,
22937,"Chiquimula",20,"Quezaltepeque",9,3598,400,,,,,,,,,,,,,,,,,,,,0,,,
22938,"Chiquimula",20,"Quezaltepeque",9,3598,326,,,,,,,,,,,,,,,,,,,,0,,,
22939,"Chiquimula",20,"Quezaltepeque",9,3598,326,,,,,,,,,,,,,,,,,,,,0,,,
22940,"Chiquimula",20,"Quezaltepeque",9,3599,400,,,,,,,,,,,,,,,,,,,,0,,,
22941,"Chiquimula",20,"Quezaltepeque",9,3599,400,,,,,,,,,,,,,,,,,,,,0,,,
22942,"Chiquimula",20,"Quezaltepeque",9,3599,400,111,174,2,12,0,4,303,6,0,309,0,309,--,400,91,303,309,309,Algún campo sin dato,1,760bfd849915c2fc1538bef7548d1bb2c3e59ffc1c44572ab73a77044126e851,26/06/2023 00:24:10,ESCANER
22943,"Chiquimula",20,"Quezaltepeque",9,3599,400,,,,,,,,,,,,,,,,,,,,0,,,
22944,"Chiquimula",20,"Quezaltepeque",9,3599,400,,,,,,,,,,,,,,,,,,,,0,,,
22945,"Chiquimula",20,"Quezaltepeque",9,3600,400,,,,,,,,,,,,,,,,,,,,0,,,
22946,"Chiquimula",20,"Quezaltepeque",9,3600,237,,,,,,,,,,,,,,,,,,,,0,,,
22947,"Chiquimula",20,"Quezaltepeque",9,3600,237,96,59,4,3,1,0,163,3,0,166,0,166,--,237,71,163,166,166,Algún campo sin dato,1,184ddc116e0339ae6b11e361d3d942d9c3a8b152334b20101e54eb27338df207,25/06/2023 22:39:35,ESCANER
22948,"Chiquimula",20,"Quezaltepeque",9,3601,380,,,,,,,,,,,,,,,,,,,,0,,,
22949,"Chiquimula",20,"Quezaltepeque",9,3601,380,,,,,,,,,,,,,,,,,,,,0,,,
22950,"Chiquimula",20,"Quezaltepeque",9,3601,380,,,,,,,,,,,,,,,,,,,,0,,,
22951,"Chiquimula",20,"Quezaltepeque",9,3601,291,,,,,,,,,,,,,,,,,,,,0,,,
22952,"Chiquimula",20,"Quezaltepeque",9,3601,291,,,,,,,,,,,,,,,,,,,,0,,,
22953,"Chiquimula",20,"Quezaltepeque",9,3602,380,,,,,,,,,,,,,,,,,,,,0,,,
22954,"Chiquimula",20,"Quezaltepeque",9,3602,380,,,,,,,,,,,,,,,,,,,,0,,,
22955,"Chiquimula",20,"Quezaltepeque",9,3602,376,,,,,,,,,,,,,,,,,,,,0,,,
22956,"Chiquimula",20,"Quezaltepeque",9,3602,375,,,,,,,,,,,,,,,,,,,,0,,,
22957,"Chiquimula",20,"Quezaltepeque",9,3603,380,,,,,,,,,,,,,,,,,,,,0,,,
22958,"Chiquimula",20,"Quezaltepeque",9,3603,380,,,,,,,,,,,,,,,,,,,,0,,,
22959,"Chiquimula",20,"Quezaltepeque",9,3603,308,,,,,,,,,,,,,,,,,,,,0,,,
22960,"Chiquimula",20,"Quezaltepeque",9,3603,308,,,,,,,,,,,,,,,,,,,,0,,,
22961,"Chiquimula",20,"Quezaltepeque",9,3604,380,,,,,,,,,,,,,,,,,,,,0,,,
22962,"Chiquimula",20,"Quezaltepeque",9,3604,380,,,,,,,,,,,,,,,,,,,,0,,,
22963,"Chiquimula",20,"Quezaltepeque",9,3604,380,,,,,,,,,,,,,,,,,,,,0,,,
22964,"Chiquimula",20,"Quezaltepeque",9,3604,380,,,,,,,,,,,,,,,,,,,,0,,,
22965,"Chiquimula",20,"Quezaltepeque",9,3604,380,,,,,,,,,,,,,,,,,,,,0,,,
22966,"Chiquimula",20,"Quezaltepeque",9,3604,194,,,,,,,,,,,,,,,,,,,,0,,,
22967,"Chiquimula",20,"Quezaltepeque",9,3604,193,,,,,,,,,,,,,,,,,,,,0,,,
22968,"Chiquimula",20,"Quezaltepeque",9,3605,380,,,,,,,,,,,,,,,,,,,,0,,,
22969,"Chiquimula",20,"Quezaltepeque",9,3605,353,,,,,,,,,,,,,,,,,,,,0,,,
22970,"Chiquimula",20,"Quezaltepeque",9,3605,352,,,,,,,,,,,,,,,,,,,,0,,,
22971,"Chiquimula",20,"Quezaltepeque",9,3606,380,,,,,,,,,,,,,,,,,,,,0,,,
22972,"Chiquimula",20,"Quezaltepeque",9,3606,380,,,,,,,,,,,,,,,,,,,,0,,,
22973,"Chiquimula",20,"Quezaltepeque",9,3606,380,,,,,,,,,,,,,,,,,,,,0,,,
22974,"Chiquimula",20,"Quezaltepeque",9,3606,220,,,,,,,,,,,,,,,,,,,,0,,,
22975,"Chiquimula",20,"Quezaltepeque",9,3606,220,,,,,,,,,,,,,,,,,,,,0,,,
22976,"Chiquimula",20,"Quezaltepeque",9,3607,380,,,,,,,,,,,,,,,,,,,,0,,,
22977,"Chiquimula",20,"Quezaltepeque",9,3607,380,,,,,,,,,,,,,,,,,,,,0,,,
22978,"Chiquimula",20,"Quezaltepeque",9,3607,380,,,,,,,,,,,,,,,,,,,,0,,,
22979,"Chiquimula",20,"Quezaltepeque",9,3607,380,,,,,,,,,,,,,,,,,,,,0,,,
22980,"Chiquimula",20,"Quezaltepeque",9,3607,289,,,,,,,,,,,,,,,,,,,,0,,,
22981,"Chiquimula",20,"Quezaltepeque",9,3607,288,,,,,,,,,,,,,,,,,,,,0,,,
22982,"Chiquimula",20,"Quezaltepeque",9,3608,363,,,,,,,,,,,,,,,,,,,,0,,,
22983,"Chiquimula",20,"Quezaltepeque",9,3608,362,8,7,0,0,0,0,15,0,0,15,0,15,--,362,347,15,15,15,Algún campo sin dato,1,712a6d1ec64195a1d61540a60a8c44432f920916b75a022d98ac775975eadf58,25/06/2023 22:49:33,ESCANER