﻿TIPO_DE_ELECCIÓN:,CORPORACIÓN MUNICIPAL
26 junio 2023 00:28 (UTC -6)
ACTAS_ESPERADAS,ACTAS_CAPTURADAS,PORCENTAJE_ACTAS_CAPTURADAS,ACTAS_CONTABILIZADAS,PORCENTAJE_ACTAS_CONTABILIZADAS,ACTAS_NO_CONTABILIZADAS,LISTA_NOMINAL_ACTAS_CONTABILIZADAS,VOTOS_EMITIDOS_CONTABILIZADAS,PORCENTAJE_PARTICIPACIÓN_CIUDADANA
58,46,79.3103,46,79.3103,0,17203,9837,57.1818

MESA,DEPARTAMENTO,ID_DEPARTAMENTO,MUNICIPIO,ID_MUNICIPIO,CENTRO_DE_VOTACIÓN,PADRÓN,BIEN,VAMOS,U R N G - MAIZ,SEMILLA,ELEFANTE,VIVA,UNE,VALOR,PHG,CAMBIO,VÁLIDOS,NULOS,BLANCO,EMITIDOS,INVÁLIDOS,TOTAL,IMPUGNACIONES,PAPELETAS-RECIBIDAS,PAPELETAS-NO-USADAS,VALIDOS_CALCULADO,EMITIDOS_CALCULADO,TOTAL_CALCULADO,OBSERVACIONES,CONTABILIZADA,CÓDIGO_INTEGRIDAD,FECHA_HORA_PUBLICACIÓN,DIGITALIZACIÓN
15288,"Huehuetenango",13,"San Pedro Necta",6,2218,400,,,,,,,,,,,,,,,,,,,,,,,,0,,,
15289,"Huehuetenango",13,"San Pedro Necta",6,2218,400,120,66,3,1,2,1,11,10,0,0,214,10,10,234,0,234,--,400,166,214,234,234,Algún campo sin dato,1,0809ce3c1edce5e422b89c0ec157e8f1860f3a1d2661b1f62066465fd637d0a8,25/06/2023 23:22:57,ESCANER
15290,"Huehuetenango",13,"San Pedro Necta",6,2218,400,124,76,5,2,1,0,6,10,0,0,224,9,10,243,0,243,--,400,157,224,243,243,Algún campo sin dato,1,3b72f4017a3339a4c642011fd8e9ee1ce91c266cfaa911a88f2a6252a5237341,25/06/2023 22:30:49,ESCANER
15291,"Huehuetenango",13,"San Pedro Necta",6,2218,400,111,90,2,0,0,2,6,26,1,1,239,19,5,263,0,263,--,400,137,239,263,263,Algún campo sin dato,1,b33c2d4a881556d69b5b1751d8dc761485a4531df469c38a0f8bd2a193de0c30,25/06/2023 23:53:53,ESCANER
15292,"Huehuetenango",13,"San Pedro Necta",6,2218,400,115,76,0,4,0,2,8,47,0,0,252,13,7,272,0,272,--,400,128,252,272,272,Algún campo sin dato,1,d270cb24bd7dc51d09dca93eca6360afa412d7e78f896ef11c56155be9791a5c,25/06/2023 23:06:16,ESCANER
15293,"Huehuetenango",13,"San Pedro Necta",6,2218,400,,,,,,,,,,,,,,,,,,,,,,,,0,,,
15294,"Huehuetenango",13,"San Pedro Necta",6,2218,400,142,76,0,1,0,2,4,46,0,1,272,11,8,291,0,291,--,396,105,272,291,291,Algún campo sin dato,1,4b8b23c3097bda9b41d6c62374475ee122be72c8cbfa33b4779b186d90ca9a98,25/06/2023 23:30:48,ESCANER
15295,"Huehuetenango",13,"San Pedro Necta",6,2218,400,,,,,,,,,,,,,,,,,,,,,,,,0,,,
15296,"Huehuetenango",13,"San Pedro Necta",6,2218,400,,,,,,,,,,,,,,,,,,,,,,,,0,,,
15297,"Huehuetenango",13,"San Pedro Necta",6,2218,400,119,82,1,1,3,3,21,41,0,1,272,14,2,288,0,288,--,400,112,272,288,288,Algún campo sin dato,1,d0d6fd84ca283059fc16e6cd534f4143fecdfdbe92a1a3be9e9f7c6cc1401db0,26/06/2023 00:18:50,ESCANER
15298,"Huehuetenango",13,"San Pedro Necta",6,2218,400,,,,,,,,,,,,,,,,,,,,,,,,0,,,
15299,"Huehuetenango",13,"San Pedro Necta",6,2218,400,126,95,0,0,1,1,13,36,1,0,273,3,1,277,0,277,--,400,123,273,277,277,Algún campo sin dato,1,222760e5a539d86b7ba680d90658fe588fcee61f781995e3cbed68ae2d317a87,25/06/2023 23:33:05,ESCANER
15300,"Huehuetenango",13,"San Pedro Necta",6,2218,400,133,118,--,1,--,2,10,27,--,--,291,13,4,308,0,308,--,400,92,291,308,308,Algún campo sin dato,1,90597a59325ef16f3e90d53cb86b3b0922d875a195ff9e7f35c7a36872210c49,26/06/2023 00:08:08,ESCANER
15301,"Huehuetenango",13,"San Pedro Necta",6,2218,400,127,107,6,1,0,1,6,32,0,0,280,18,8,306,0,306,--,400,94,280,306,306,Algún campo sin dato,1,cc3489845fc6e22f1face68dfd06294f36df915e8d4b30314b2e65724b8af01e,25/06/2023 22:32:30,ESCANER
15302,"Huehuetenango",13,"San Pedro Necta",6,2218,400,,,,,,,,,,,,,,,,,,,,,,,,0,,,
15303,"Huehuetenango",13,"San Pedro Necta",6,2218,400,110,94,0,4,1,0,18,43,0,2,272,8,1,281,0,281,--,400,119,272,281,281,Algún campo sin dato,1,e175512e21a7b37f142f58e728f6ebf14ff612c0feab0cdfa249620ac98834d7,25/06/2023 23:49:41,ESCANER
15304,"Huehuetenango",13,"San Pedro Necta",6,2218,400,106,80,0,1,0,1,4,21,0,0,213,3,1,213,0,217,--,400,183,213,217,217,Sumas Asentadas sin cuadrar,1,7f17cb0ad5335da08f79f40f9a961f9094b183d7bfaea270aca1fc761318b61c,26/06/2023 00:00:40,ESCANER
15305,"Huehuetenango",13,"San Pedro Necta",6,2218,400,106,74,2,1,0,0,9,22,0,0,214,8,4,226,0,226,--,397,171,214,226,226,Algún campo sin dato,1,bb9a784650433ed005562e7ec577fc987f149aed405d80950fe21a5819d966c1,25/06/2023 23:34:24,ESCANER
15306,"Huehuetenango",13,"San Pedro Necta",6,2219,400,108,75,1,1,1,1,10,30,0,1,228,9,4,241,0,241,--,400,159,228,241,241,Algún campo sin dato,1,9c3f82d21047ff73319db5ca27b5a693898de41ad944d7d093f4eec7fb9cfc5e,25/06/2023 23:10:57,ESCANER
15307,"Huehuetenango",13,"San Pedro Necta",6,2219,400,103,61,1,1,0,1,7,27,0,0,201,11,4,216,0,216,--,400,184,201,216,216,Algún campo sin dato,1,1a8e73ee48e08cd9f71e8d5837116a16d42e32f44cdddb46785db889199c1546,25/06/2023 23:51:21,ESCANER
15308,"Huehuetenango",13,"San Pedro Necta",6,2219,400,111,72,2,5,0,3,5,16,0,0,214,8,2,224,0,224,--,400,176,214,224,224,Algún campo sin dato,1,0896b7e6ec0e15019991e1aaea3e41dccafff35e3ae9121464f97fffe11e6bc1,25/06/2023 23:50:49,ESCANER
15309,"Huehuetenango",13,"San Pedro Necta",6,2219,400,98,65,0,2,0,0,11,32,1,0,209,2,5,216,0,216,--,400,161,209,216,216,Algún campo sin dato,1,6e8eb6568c9960fe0f09cca0b96ddc881ff6176b44f04c062cb5930cc1d1c429,25/06/2023 23:29:12,ESCANER
15310,"Huehuetenango",13,"San Pedro Necta",6,2220,400,,,,,,,,,,,,,,,,,,,,,,,,0,,,
15311,"Huehuetenango",13,"San Pedro Necta",6,2220,400,,,,,,,,,,,,,,,,,,,,,,,,0,,,
15312,"Huehuetenango",13,"San Pedro Necta",6,2221,400,116,79,1,3,1,2,8,27,0,0,237,4,1,242,0,242,--,400,158,237,242,242,Algún campo sin dato,1,fd568e7a7a6e99c674c3a4e80adfb98cbc6ef3b6207c876ea1d29c0f4458d2e0,26/06/2023 00:13:25,ESCANER
15313,"Huehuetenango",13,"San Pedro Necta",6,2221,400,120,80,0,2,0,1,6,26,0,0,235,4,0,239,0,239,--,400,161,235,239,239,Algún campo sin dato,1,1b2327829f6e21e3c6f5592c9836d161d6b35bb56ef648ed0ba78fb96d5cbb68,25/06/2023 23:51:27,ESCANER
15314,"Huehuetenango",13,"San Pedro Necta",6,2222,400,,,,,,,,,,,,,,,,,,,,,,,,0,,,
15315,"Huehuetenango",13,"San Pedro Necta",6,2223,319,88,57,0,1,0,1,9,16,0,1,173,1,2,176,143,319,--,319,143,173,176,319,Algún campo sin dato,1,f2ebb16f030d0ca2a8f9174328d16a1fcb04e9a3631a3b14ec1720fb04232965,25/06/2023 23:17:42,ESCANER
15316,"Huehuetenango",13,"San Pedro Necta",6,2223,318,72,45,0,1,0,1,7,14,0,0,140,5,2,147,0,147,--,318,171,140,147,147,Algún campo sin dato,1,13dfe81f1875dbce907a2f7a6908c3ee11db8a170b2ca2fa0ff5bf3c75fd2b0e,25/06/2023 22:30:20,ESCANER
15317,"Huehuetenango",13,"San Pedro Necta",6,2224,400,92,96,0,3,1,1,27,22,0,0,242,13,3,258,0,258,--,386,128,242,258,258,Algún campo sin dato,1,0cb435cbb94125a9815c601c2a6434ff3edfd82988cc2315f3c7925ac760fadc,25/06/2023 23:10:28,ESCANER
15318,"Huehuetenango",13,"San Pedro Necta",6,2224,400,71,135,0,0,0,2,17,17,0,0,242,24,6,272,0,272,--,400,128,242,272,272,Algún campo sin dato,1,766cd5c3f65431ef52c4ce0f68b668ee19c0a5381f2af474e53cb335e3f9dd3c,25/06/2023 22:37:35,ESCANER
15319,"Huehuetenango",13,"San Pedro Necta",6,2225,400,89,111,1,0,0,1,18,27,0,0,247,10,3,260,0,260,--,400,140,247,260,260,Algún campo sin dato,1,463756aafd40b00db82b7a2a5e177a7cd0cd944f73200ffdf1f68bcf476af701,25/06/2023 23:41:44,ESCANER
15320,"Huehuetenango",13,"San Pedro Necta",6,2225,224,27,39,0,0,0,0,12,16,0,0,94,3,1,98,0,98,0,223,125,94,98,98,,1,677ba99b96387718886d8194911685fa5d203b5e326868608a5be0f612e5a89a,25/06/2023 22:33:16,ESCANER
15321,"Huehuetenango",13,"San Pedro Necta",6,2225,223,37,45,0,0,0,0,4,9,0,0,95,0,1,96,0,96,--,224,128,95,96,96,Algún campo sin dato,1,52e425c97c381f12edc70c63fff053c13f0fa1e7e1d768429a4f940a5fc21789,25/06/2023 22:38:57,ESCANER
15322,"Huehuetenango",13,"San Pedro Necta",6,2226,400,107,52,1,1,2,2,12,18,1,0,196,14,8,218,0,218,--,400,182,196,218,218,Algún campo sin dato,1,45684beddfcdd066877ff7eb32caa931d84142792e3978f82b81ba3adda040a5,25/06/2023 23:18:48,ESCANER
15323,"Huehuetenango",13,"San Pedro Necta",6,2226,400,126,86,0,3,7,2,4,14,1,0,243,16,5,264,0,264,--,400,136,243,264,264,Algún campo sin dato,1,036076e821a03527da9410935978e7a27abb07e6e42d46eab3ee867fddd5eb66,26/06/2023 00:17:15,ESCANER
15324,"Huehuetenango",13,"San Pedro Necta",6,2226,400,134,60,0,1,7,2,6,15,0,0,225,9,6,240,0,240,--,398,158,225,240,240,Algún campo sin dato,1,7d6f566c4ce531ee1a638b204f46fc8a95884b0d06e4b2ca749fc2a4772de229,25/06/2023 23:29:08,ESCANER
15325,"Huehuetenango",13,"San Pedro Necta",6,2226,400,131,60,1,0,1,2,8,11,1,2,217,17,6,240,0,240,--,400,160,217,240,240,Algún campo sin dato,1,56cfd8969873e0962834b1506f2ea660f84c57103465fa251acf79286a424edf,25/06/2023 23:00:44,ESCANER
15326,"Huehuetenango",13,"San Pedro Necta",6,2227,400,,,,,,,,,,,,,,,,,,,,,,,,0,,,
15327,"Huehuetenango",13,"San Pedro Necta",6,2228,400,122,94,3,0,1,0,9,30,0,0,259,11,6,276,0,276,--,400,124,259,276,276,Algún campo sin dato,1,31db44f0a2bc62037dbbef6a8393f447136ce1cd5bc677240add2a885c979533,26/06/2023 00:26:32,ESCANER
15328,"Huehuetenango",13,"San Pedro Necta",6,2229,400,105,79,0,1,4,0,7,9,1,0,206,10,2,218,0,--,--,401,183,206,218,218,Algún campo sin dato,1,67496a0f8e6f9c3d8e371922fa3a67be91c5a06ca1a6fb3812243d7fc07e6742,25/06/2023 23:38:37,ESCANER
15329,"Huehuetenango",13,"San Pedro Necta",6,2229,400,82,57,0,0,2,0,5,11,2,1,160,5,4,169,0,169,--,400,231,160,169,169,Algún campo sin dato,1,a50a20a043a8bc9478b1da8c1064d8c4c3cb363d663bc6f088fc10dd62d66f89,26/06/2023 00:11:44,ESCANER
15330,"Huehuetenango",13,"San Pedro Necta",6,2229,400,90,40,0,2,8,0,6,6,1,0,153,2,9,164,0,164,--,400,236,153,164,164,Algún campo sin dato,1,c564207296f1b8967ebb6096ec226ce238169e17dc12affa213a46626da2c121,25/06/2023 23:26:34,ESCANER
15331,"Huehuetenango",13,"San Pedro Necta",6,2229,400,81,37,1,1,7,1,1,10,0,0,139,1,3,143,0,143,--,400,257,139,143,143,Algún campo sin dato,1,5b735bad095f207af5fb0dd8235213ec8a0bc9c5f6fd4a97a56bbafc1fa07456,25/06/2023 20:58:32,ESCANER
15332,"Huehuetenango",13,"San Pedro Necta",6,2229,400,96,46,0,0,2,0,2,7,0,0,153,0,1,154,0,154,--,400,246,153,154,154,Algún campo sin dato,1,7529f5ff20c19a54f6d4794b2ac0fb2ab871de22defd8c6005271c0e829b7c87,26/06/2023 00:14:36,ESCANER
15333,"Huehuetenango",13,"San Pedro Necta",6,2229,212,43,20,0,1,1,0,1,5,0,0,71,1,1,73,0,73,--,212,139,71,73,73,Algún campo sin dato,1,875947abd4f4cd6d628ee9cea13c1e3626e42b60240f1e98095b62712596827a,25/06/2023 21:37:05,ESCANER
15334,"Huehuetenango",13,"San Pedro Necta",6,2229,211,34,14,0,1,1,0,0,4,0,0,54,1,3,58,0,58,--,211,153,54,58,58,Algún campo sin dato,1,aa9baf5b209a3df78054e386fc8c93741d40aec77db475f638ae1917a8ce37e6,25/06/2023 21:18:10,ESCANER
15335,"Huehuetenango",13,"San Pedro Necta",6,2230,400,101,86,3,1,0,1,19,15,0,0,226,22,17,265,0,265,--,400,135,226,265,265,Algún campo sin dato,1,0bcdbdbd038120cc19940fe637daf6f696e45a10b3d0cc5e24863a542e05eee8,26/06/2023 00:00:06,ESCANER
15336,"Huehuetenango",13,"San Pedro Necta",6,2230,400,,,,,,,,,,,,,,,,,,,,,,,,0,,,
15337,"Huehuetenango",13,"San Pedro Necta",6,2230,400,98,66,1,0,0,0,13,22,0,0,200,22,3,225,0,225,--,400,175,200,225,225,Algún campo sin dato,1,82f8bf7a985cc8ab8e0044ab7e86018340b3bd7e9ab33977d1c014af94432734,25/06/2023 22:35:11,ESCANER
15338,"Huehuetenango",13,"San Pedro Necta",6,2230,288,76,57,0,1,0,0,3,18,0,0,155,5,0,160,0,160,--,288,128,155,160,160,Algún campo sin dato,1,01c36d17300562fce3e71f46901278e4a1cf8956b3b88e8d0f73ed109b09e5d6,25/06/2023 23:31:15,ESCANER
15339,"Huehuetenango",13,"San Pedro Necta",6,2230,287,77,33,1,0,0,3,5,11,0,0,130,7,3,140,0,140,--,287,147,130,140,140,Algún campo sin dato,1,5536924558c89bdda92e523dc1b6b062a220dd4b162022ccddfbae5e4e7e0c9d,25/06/2023 22:40:17,ESCANER
15340,"Huehuetenango",13,"San Pedro Necta",6,2231,400,,,,,,,,,,,,,,,,,,,,,,,,0,,,
15341,"Huehuetenango",13,"San Pedro Necta",6,2231,400,111,89,1,1,0,1,11,32,2,0,248,21,2,271,0,271,--,400,129,248,271,271,Algún campo sin dato,1,3f2edea37ee8d86bbaacd7b671c1ece7f56dc024400cea6f86f3accfcf933e71,25/06/2023 23:09:03,ESCANER
15342,"Huehuetenango",13,"San Pedro Necta",6,2231,400,107,73,5,1,0,1,12,19,1,0,219,20,3,242,0,242,--,400,158,219,242,242,Algún campo sin dato,1,8af80f087be48ec8fdbea90de83d539403715b92048e6d441e31ed5460d10b0a,26/06/2023 00:11:37,ESCANER
15343,"Huehuetenango",13,"San Pedro Necta",6,2231,316,62,63,0,0,0,0,10,14,0,0,149,4,3,156,0,156,--,316,160,149,156,156,Algún campo sin dato,1,6c5dd6e5dca4abc17bb71af856ebb858411d33f3e9e7730686e9f538852e87b2,25/06/2023 23:34:46,ESCANER
15344,"Huehuetenango",13,"San Pedro Necta",6,2231,316,63,72,0,1,1,0,6,13,0,0,156,3,0,159,0,159,--,317,158,156,159,159,Algún campo sin dato,1,a85fdca66a5154790788edb2e6cb523b842cf8f96aee149fa659e61653f755d8,25/06/2023 23:03:41,ESCANER
15345,"Huehuetenango",13,"San Pedro Necta",6,2232,489,46,33,1,1,2,2,7,7,0,0,99,8,4,111,0,111,--,489,378,99,111,111,Algún campo sin dato,1,499e621dd65686356e2c2ba102304f706f366dac313ea898a79282a0957e5a5a,25/06/2023 22:24:47,ESCANER