﻿TIPO_DE_ELECCIÓN:,CORPORACIÓN MUNICIPAL
26 junio 2023 00:28 (UTC -6)
ACTAS_ESPERADAS,ACTAS_CAPTURADAS,PORCENTAJE_ACTAS_CAPTURADAS,ACTAS_CONTABILIZADAS,PORCENTAJE_ACTAS_CONTABILIZADAS,ACTAS_NO_CONTABILIZADAS,LISTA_NOMINAL_ACTAS_CONTABILIZADAS,VOTOS_EMITIDOS_CONTABILIZADAS,PORCENTAJE_PARTICIPACIÓN_CIUDADANA
23,10,43.4782,10,43.4782,0,3509,2977,84.8389

MESA,DEPARTAMENTO,ID_DEPARTAMENTO,MUNICIPIO,ID_MUNICIPIO,CENTRO_DE_VOTACIÓN,PADRÓN,VAMOS,CABAL,UNE,TODOS,VALOR UNIONISTA,VÁLIDOS,NULOS,BLANCO,EMITIDOS,INVÁLIDOS,TOTAL,IMPUGNACIONES,PAPELETAS-RECIBIDAS,PAPELETAS-NO-USADAS,VALIDOS_CALCULADO,EMITIDOS_CALCULADO,TOTAL_CALCULADO,OBSERVACIONES,CONTABILIZADA,CÓDIGO_INTEGRIDAD,FECHA_HORA_PUBLICACIÓN,DIGITALIZACIÓN
9634,"Sololá",7,"San Juan La Laguna",17,1205,400,,,,,,,,,,,,,,,,,,,0,,,
9635,"Sololá",7,"San Juan La Laguna",17,1205,400,,,,,,,,,,,,,,,,,,,0,,,
9636,"Sololá",7,"San Juan La Laguna",17,1205,400,,,,,,,,,,,,,,,,,,,0,,,
9637,"Sololá",7,"San Juan La Laguna",17,1205,400,199,0,4,177,0,380,2,0,382,0,382,0,400,18,380,382,382,,1,f8e170f9d5bd5d0429b2a226bf138bbad08a41668438c6d64a9e0a441a419560,26/06/2023 00:20:49,ESCANER
9638,"Sololá",7,"San Juan La Laguna",17,1205,400,,,,,,,,,,,,,,,,,,,0,,,
9639,"Sololá",7,"San Juan La Laguna",17,1206,400,,,,,,,,,,,,,,,,,,,0,,,
9640,"Sololá",7,"San Juan La Laguna",17,1206,400,,,,,,,,,,,,,,,,,,,0,,,
9641,"Sololá",7,"San Juan La Laguna",17,1206,400,205,6,6,108,2,321,3,0,324,0,324,--,400,76,327,330,330,Sumas Asentadas sin cuadrar,1,04d9a7b58b117bfc211ec4f1804f02cefad486223488e79f6f948a7ca3d78d93,25/06/2023 23:02:26,ESCANER
9642,"Sololá",7,"San Juan La Laguna",17,1206,400,215,1,5,115,1,337,4,0,341,0,341,--,400,59,337,341,341,Algún campo sin dato,1,c426b127f6862db04863bcf1643c2c19ac1ac3f1f042db7beabc842baad11e10,25/06/2023 23:20:46,ESCANER
9643,"Sololá",7,"San Juan La Laguna",17,1207,400,,,,,,,,,,,,,,,,,,,0,,,
9644,"Sololá",7,"San Juan La Laguna",17,1207,308,142,0,6,96,4,248,1,0,249,0,249,0,308,59,248,249,249,,1,36629196142bc3508088f7a0398f4d9ded8beb1bf0353aa133e6aae3726df866,25/06/2023 23:36:11,ESCANER
9645,"Sololá",7,"San Juan La Laguna",17,1207,308,138,2,5,101,0,246,1,0,247,0,247,0,308,61,246,247,247,,1,9489d01c3043029c9ece80d9ffed6cf71cce5239ae0f1ebb9aaadc732ca9590b,25/06/2023 23:39:41,ESCANER
9646,"Sololá",7,"San Juan La Laguna",17,1208,380,93,0,165,68,2,328,6,3,337,0,337,--,380,43,328,337,337,Algún campo sin dato,1,b5d128a571a7ea9e6d6d28de8bb544b5fd47180d125ccb9b29db14bf55f117c8,25/06/2023 22:49:46,ESCANER
9647,"Sololá",7,"San Juan La Laguna",17,1208,380,,,,,,,,,,,,,,,,,,,0,,,
9648,"Sololá",7,"San Juan La Laguna",17,1208,380,,,,,,,,,,,,,,,,,,,0,,,
9649,"Sololá",7,"San Juan La Laguna",17,1208,330,,,,,,,,,,,,,,,,,,,0,,,
9650,"Sololá",7,"San Juan La Laguna",17,1208,330,66,0,146,47,2,261,1,2,264,0,264,--,330,66,261,264,264,Algún campo sin dato,1,f09c9d0ae235bcfdc30a1035128bd482e945345d2076503872dfe92ee685c51f,25/06/2023 23:03:40,ESCANER
9651,"Sololá",7,"San Juan La Laguna",17,1209,380,,,,,,,,,,,,,,,,,,,0,,,
9652,"Sololá",7,"San Juan La Laguna",17,1209,278,96,0,51,81,1,229,1,2,232,0,232,1,278,45,229,232,232,,1,dd560bb772525c8c33c12ec36f4ebf02626292ba0b5de8770b74fa6977f18bc5,26/06/2023 00:27:58,ESCANER
9653,"Sololá",7,"San Juan La Laguna",17,1209,277,,,,,,,,,,,,,,,,,,,0,,,
9654,"Sololá",7,"San Juan La Laguna",17,1210,380,,,,,,,,,,,,,,,,,,,0,,,
9655,"Sololá",7,"San Juan La Laguna",17,1210,353,79,0,149,77,2,307,7,3,317,0,317,--,350,33,307,317,317,Algún campo sin dato,1,5eab17cd3b409def24c96dde11dba2d07d1035824f71c1930a245f539bbfb41c,26/06/2023 00:12:56,ESCANER
9656,"Sololá",7,"San Juan La Laguna",17,1210,352,69,0,135,72,0,276,1,1,278,0,278,0,349,71,276,278,278,,1,23c448932cc512a44fef51b19de34236c93ec7687d89dd70ba21c36948d58154,25/06/2023 23:45:05,ESCANER