﻿TIPO_DE_ELECCIÓN:,CORPORACIÓN MUNICIPAL
26 junio 2023 00:28 (UTC -6)
ACTAS_ESPERADAS,ACTAS_CAPTURADAS,PORCENTAJE_ACTAS_CAPTURADAS,ACTAS_CONTABILIZADAS,PORCENTAJE_ACTAS_CONTABILIZADAS,ACTAS_NO_CONTABILIZADAS,LISTA_NOMINAL_ACTAS_CONTABILIZADAS,VOTOS_EMITIDOS_CONTABILIZADAS,PORCENTAJE_PARTICIPACIÓN_CIUDADANA
110,78,70.9090,78,70.9090,0,27857,14249,51.1505

MESA,DEPARTAMENTO,ID_DEPARTAMENTO,MUNICIPIO,ID_MUNICIPIO,CENTRO_DE_VOTACIÓN,PADRÓN,TODOS,UNE,VAMOS,MLP,VALOR UNIONISTA,AZUL,CABAL,VOS,PODEMOS,URNG-MAIZ WINAQ,CAMBIO,CREO,MI FAMILIA,PHG,PPN,VÁLIDOS,NULOS,BLANCO,EMITIDOS,INVÁLIDOS,TOTAL,IMPUGNACIONES,PAPELETAS-RECIBIDAS,PAPELETAS-NO-USADAS,VALIDOS_CALCULADO,EMITIDOS_CALCULADO,TOTAL_CALCULADO,OBSERVACIONES,CONTABILIZADA,CÓDIGO_INTEGRIDAD,FECHA_HORA_PUBLICACIÓN,DIGITALIZACIÓN
18134,"Baja Verapaz",15,"Salamá",1,2772,400,22,24,56,2,8,52,25,25,0,4,3,7,5,1,1,235,18,1,254,0,254,--,400,146,235,254,254,Algún campo sin dato,1,aa9c315412340c002fd525223010e3a6dff77c05efdf48e42f589b843fef3151,25/06/2023 23:14:31,ESCANER
18135,"Baja Verapaz",15,"Salamá",1,2772,400,,,,,,,,,,,,,,,,,,,,,,,,,,,,,0,,,
18136,"Baja Verapaz",15,"Salamá",1,2772,400,,,,,,,,,,,,,,,,,,,,,,,,,,,,,0,,,
18137,"Baja Verapaz",15,"Salamá",1,2772,400,,,,,,,,,,,,,,,,,,,,,,,,,,,,,0,,,
18138,"Baja Verapaz",15,"Salamá",1,2772,400,20,16,62,2,6,51,29,30,0,3,4,3,6,0,0,232,13,4,249,0,249,--,400,151,232,249,249,Algún campo sin dato,1,6dc74ba37f964c6d377aee85aeae49b9a17534c91d7ff6be655f715a473eaa48,25/06/2023 22:22:25,ESCANER
18139,"Baja Verapaz",15,"Salamá",1,2772,400,24,19,68,3,4,51,21,20,1,5,0,7,2,1,1,227,16,1,244,0,244,--,400,156,227,244,244,Algún campo sin dato,1,5423396895406dc35384fd72c758aa7e30e601c2375ef77f8f7a796898dd931c,25/06/2023 23:33:20,ESCANER
18140,"Baja Verapaz",15,"Salamá",1,2772,400,20,20,67,3,12,46,41,18,3,5,1,3,4,0,2,245,11,5,261,0,261,--,400,139,245,261,261,Algún campo sin dato,1,f9f67b9d8c9d5509ab60769f2ec087c0c924b49152bd6c369e124ab13427b9eb,25/06/2023 23:05:38,ESCANER
18141,"Baja Verapaz",15,"Salamá",1,2772,400,19,18,64,2,11,61,38,24,3,2,1,7,9,0,1,260,18,5,283,0,283,--,400,117,260,283,283,Algún campo sin dato,1,569164526e015344d1f8f9bed205cff6229633baa08d19cc7cff34d25eafc5bf,25/06/2023 23:10:46,ESCANER
18142,"Baja Verapaz",15,"Salamá",1,2772,400,21,29,70,1,12,43,34,16,1,1,3,8,7,1,4,251,13,2,266,0,266,--,400,134,251,266,266,Algún campo sin dato,1,327b3b3eff4f2849c77278b472a7077f7d31ea6097be275aba1374938efffddf,25/06/2023 22:13:08,ESCANER
18143,"Baja Verapaz",15,"Salamá",1,2772,400,23,17,60,2,10,61,29,22,1,3,0,2,8,1,2,241,18,2,261,0,261,--,400,139,241,261,261,Algún campo sin dato,1,c7c6481f8af84304f85df62dcff44da95f462a335731460264c8c9fe0c526da2,25/06/2023 23:31:48,ESCANER
18144,"Baja Verapaz",15,"Salamá",1,2773,400,28,17,71,4,11,55,32,22,0,2,0,3,8,0,1,254,8,2,264,0,264,--,400,136,254,264,264,Algún campo sin dato,1,539027b9c80750b68c8d79079fa716390547fbdf4d8c7745574092412cb6c70e,25/06/2023 23:47:23,ESCANER
18145,"Baja Verapaz",15,"Salamá",1,2773,400,,,,,,,,,,,,,,,,,,,,,,,,,,,,,0,,,
18146,"Baja Verapaz",15,"Salamá",1,2773,400,27,14,59,2,13,53,46,19,2,5,0,13,6,1,0,260,12,3,275,0,275,--,400,125,260,275,275,Algún campo sin dato,1,a076b706e1dcf2a01025628d1c5e311b2cfdc5cf949fec3178a192f1bb54e806,25/06/2023 23:56:24,ESCANER
18147,"Baja Verapaz",15,"Salamá",1,2773,400,,,,,,,,,,,,,,,,,,,,,,,,,,,,,0,,,
18148,"Baja Verapaz",15,"Salamá",1,2773,400,,,,,,,,,,,,,,,,,,,,,,,,,,,,,0,,,
18149,"Baja Verapaz",15,"Salamá",1,2773,400,,,,,,,,,,,,,,,,,,,,,,,,,,,,,0,,,
18150,"Baja Verapaz",15,"Salamá",1,2774,400,23,11,46,0,9,42,41,11,1,2,1,2,8,0,1,198,4,3,205,0,205,--,400,195,198,205,205,Algún campo sin dato,1,4692b6d7ea4b52c634bec0d5fd125ada5d5a24e602ace69df7649f3e9688b6c3,25/06/2023 22:22:02,ESCANER
18151,"Baja Verapaz",15,"Salamá",1,2774,400,18,15,71,2,9,41,26,16,0,0,1,2,7,0,3,211,13,0,224,0,224,--,400,176,211,224,224,Algún campo sin dato,1,ade233b9e6f65d17d79024fa581631665e535401c1d48ee8960c88cbc97b39da,26/06/2023 00:28:06,ESCANER
18152,"Baja Verapaz",15,"Salamá",1,2774,400,12,21,46,2,8,42,32,27,1,2,1,5,4,3,0,206,4,0,210,4,214,--,397,183,206,210,214,Algún campo sin dato,1,4c3784cc7de76f613d78b5bb7c815f22f638935a80c0a93f6cc66d8c1343b8a1,25/06/2023 21:18:55,ESCANER
18153,"Baja Verapaz",15,"Salamá",1,2774,400,,,,,,,,,,,,,,,,,,,,,,,,,,,,,0,,,
18154,"Baja Verapaz",15,"Salamá",1,2774,400,35,20,51,3,6,47,23,21,2,1,2,4,6,1,1,223,12,5,240,0,240,--,400,160,223,240,240,Algún campo sin dato,1,ad05c10d940a5677ce633b89c26404f8396bcdf99c1b3366837c012f074ce606,25/06/2023 21:30:35,ESCANER
18155,"Baja Verapaz",15,"Salamá",1,2774,400,20,11,64,1,5,45,33,13,4,0,1,5,2,0,0,204,10,4,218,0,218,--,400,182,204,218,218,Algún campo sin dato,1,3bb20ca69ee13db1f2d2bcfac14bceae6dd640c010cad242a3065090c7cdfea5,25/06/2023 23:57:41,ESCANER
18156,"Baja Verapaz",15,"Salamá",1,2774,400,,,,,,,,,,,,,,,,,,,,,,,,,,,,,0,,,
18157,"Baja Verapaz",15,"Salamá",1,2774,400,,,,,,,,,,,,,,,,,,,,,,,,,,,,,0,,,
18158,"Baja Verapaz",15,"Salamá",1,2774,400,23,11,58,2,8,45,33,19,0,2,0,3,9,0,1,214,9,5,228,0,228,--,400,172,214,228,228,Algún campo sin dato,1,045b39d469757e7f53e14022bf0bcffaa8236ab413616b596340c1fe3ada0825,25/06/2023 22:18:36,ESCANER
18159,"Baja Verapaz",15,"Salamá",1,2774,400,19,21,61,1,8,44,42,6,0,2,1,4,10,0,1,220,11,1,232,0,232,--,--,--,220,232,232,Algún campo sin dato,1,d7cfaa9ff28a17be3fbbb87b257d34fa76fd3d46c98930db1152db0fedb9a2a4,25/06/2023 21:49:59,ESCANER
18160,"Baja Verapaz",15,"Salamá",1,2774,400,22,19,73,1,4,50,33,15,1,1,1,2,7,2,1,232,12,3,247,0,247,--,400,153,232,247,247,Algún campo sin dato,1,0f3d56bc60484922ed77afc58146da7f8fc7564862e1409ef821a993b48a00da,25/06/2023 23:19:50,ESCANER
18161,"Baja Verapaz",15,"Salamá",1,2774,400,,,,,,,,,,,,,,,,,,,,,,,,,,,,,0,,,
18162,"Baja Verapaz",15,"Salamá",1,2775,400,25,13,69,2,10,36,28,9,2,4,2,5,4,0,4,228,13,2,228,0,228,--,400,172,213,228,228,Sumas Asentadas sin cuadrar,1,addf7f34d2e94eb9e61f9ec4f326cdb6593422b01fcae34a1f1113029680f508,25/06/2023 23:03:24,ESCANER
18163,"Baja Verapaz",15,"Salamá",1,2775,400,19,9,45,0,6,45,27,22,2,2,0,3,5,0,4,189,9,3,201,1,202,--,400,198,189,201,202,Algún campo sin dato,1,c3be120f9d46f5878780227a88fc4a9f97edbe878778fbe29c419e2e0acc24b4,25/06/2023 23:53:16,ESCANER
18164,"Baja Verapaz",15,"Salamá",1,2775,400,15,13,57,2,2,47,35,13,1,4,0,2,5,0,2,198,8,2,208,0,208,--,400,192,198,208,208,Algún campo sin dato,1,cba2269897456036e5a4fc8d55f49a842e608b33452e43fac78c255b22b986cc,25/06/2023 22:23:55,ESCANER
18165,"Baja Verapaz",15,"Salamá",1,2775,400,25,9,46,0,9,44,30,25,0,2,0,2,4,0,1,203,6,0,203,0,203,--,400,197,197,203,203,Sumas Asentadas sin cuadrar,1,7b2cb49a9d7138d84cc6e4750f121e692af65074e723cb03f80a925d2badb7db,26/06/2023 00:22:13,ESCANER
18166,"Baja Verapaz",15,"Salamá",1,2775,400,,,,,,,,,,,,,,,,,,,,,,,,,,,,,0,,,
18167,"Baja Verapaz",15,"Salamá",1,2775,400,22,15,74,0,3,43,32,22,0,3,2,6,5,0,0,227,5,0,232,0,232,--,400,168,227,232,232,Algún campo sin dato,1,018afc0d67bdb421e1a871d988632e7f6230a17b64e155a91f2293880be151ba,25/06/2023 22:43:51,ESCANER
18168,"Baja Verapaz",15,"Salamá",1,2775,400,10,15,63,0,7,49,48,26,1,1,1,3,4,0,0,228,5,0,233,0,233,--,400,167,228,233,233,Algún campo sin dato,1,6624c48bc41c6afd08bfd0a2fbe43d4e63182f7f343fa033bf07b6e9e4d08b6c,25/06/2023 23:05:34,ESCANER
18169,"Baja Verapaz",15,"Salamá",1,2775,400,20,12,48,3,3,43,50,23,0,4,0,4,2,0,1,213,9,0,222,0,222,--,400,178,213,222,222,Algún campo sin dato,1,23b4aae5b3bac412116c1a7e18bd346d2c9c2331fd990da0eaba6189da28f9bd,25/06/2023 23:11:08,ESCANER
18170,"Baja Verapaz",15,"Salamá",1,2775,400,18,12,41,0,5,44,29,17,0,4,2,2,6,1,1,182,7,0,189,0,189,--,400,211,182,189,189,Algún campo sin dato,1,764d50d58550f619838a68a44e35da7a91dfc8cf7b9029e632b9e17ae5d178e0,25/06/2023 22:11:01,ESCANER
18171,"Baja Verapaz",15,"Salamá",1,2775,400,21,7,43,2,3,37,33,16,1,2,3,4,2,0,3,177,5,0,182,0,182,--,400,218,177,182,182,Algún campo sin dato,1,8248e52f9e40c44611d4f287a8eea26d53b2acc3737f0c5de9332446624f6f73,25/06/2023 23:19:43,ESCANER
18172,"Baja Verapaz",15,"Salamá",1,2775,345,12,10,45,2,3,25,25,12,0,1,2,3,5,1,3,149,5,0,154,0,154,--,345,191,149,154,154,Algún campo sin dato,1,8343b6a1a8916c02a838c616a949db9bf86288e97be5ab09828a998ace1184da,25/06/2023 22:18:09,ESCANER
18173,"Baja Verapaz",15,"Salamá",1,2775,345,5,14,32,0,4,23,18,9,0,1,0,3,6,0,1,116,6,2,124,0,124,--,345,221,116,124,124,Algún campo sin dato,1,db7ee311c7de590182b353fecbe74444b2a4774980f9f2d6a655dd44ff42ff63,25/06/2023 23:31:26,ESCANER
18174,"Baja Verapaz",15,"Salamá",1,2776,380,55,25,38,18,3,26,25,1,2,0,4,7,1,0,2,207,31,10,248,0,248,--,380,132,207,248,248,Algún campo sin dato,1,5ce8a7eaea4840a81f9b69263eb36f0d0d8d78b99a57fa431810c7d17208782f,26/06/2023 00:22:52,ESCANER
18175,"Baja Verapaz",15,"Salamá",1,2776,380,72,17,40,9,2,40,19,1,2,3,0,9,1,1,0,216,20,10,246,0,246,--,380,134,216,246,246,Algún campo sin dato,1,1d4db1663760d60f3676c4a24a7acaf40d75f99d2239a86181f27bba2b2f3f45,26/06/2023 00:11:06,ESCANER
18176,"Baja Verapaz",15,"Salamá",1,2776,380,68,39,41,12,1,25,28,3,0,1,1,12,2,0,0,233,25,10,268,0,268,--,380,112,233,268,268,Algún campo sin dato,1,7618c7ae4a995baeddff5619f8b234c85d05d4f0ab07a4e1d14133fc553e53ce,26/06/2023 00:19:49,ESCANER
18177,"Baja Verapaz",15,"Salamá",1,2776,380,47,25,25,15,2,32,24,1,1,0,2,17,2,0,0,193,14,6,213,0,213,--,380,167,193,213,213,Algún campo sin dato,1,01359786f2b675d172d2fe3680b03138ce5a82d060d69b6b6fb6c65a6a43685e,25/06/2023 23:09:10,ESCANER
18178,"Baja Verapaz",15,"Salamá",1,2776,380,,,,,,,,,,,,,,,,,,,,,,,,,,,,,0,,,
18179,"Baja Verapaz",15,"Salamá",1,2776,374,,,,,,,,,,,,,,,,,,,,,,,,,,,,,0,,,
18180,"Baja Verapaz",15,"Salamá",1,2776,374,42,24,26,16,1,17,17,3,0,0,1,3,2,0,0,152,8,5,165,0,165,--,374,209,152,165,165,Algún campo sin dato,1,b83a71932013d8f64ccb9ebfe703ec0c6df1145041b0faf838c847c25c9bf9b9,25/06/2023 22:25:56,ESCANER
18181,"Baja Verapaz",15,"Salamá",1,2777,380,,,,,,,,,,,,,,,,,,,,,,,,,,,,,0,,,
18182,"Baja Verapaz",15,"Salamá",1,2777,380,,,,,,,,,,,,,,,,,,,,,,,,,,,,,0,,,
18183,"Baja Verapaz",15,"Salamá",1,2777,380,25,13,45,30,9,58,16,3,2,0,2,4,3,0,2,212,19,7,238,0,238,--,380,142,212,238,238,Algún campo sin dato,1,42037cf7fe6d55b65f9a1d260def75ca0281a3268f8c2054da74aa4e3d84573b,25/06/2023 22:36:21,ESCANER
18184,"Baja Verapaz",15,"Salamá",1,2777,341,,,,,,,,,,,,,,,,,,,,,,,,,,,,,0,,,
18185,"Baja Verapaz",15,"Salamá",1,2777,340,21,9,42,18,5,22,9,1,1,1,0,1,1,0,1,132,12,4,148,0,148,--,340,192,132,148,148,Algún campo sin dato,1,791ad12ac40af1b7bcdbd2df1a27e2aaf974c7fb4232c8b5878c239a527baec2,25/06/2023 23:59:57,ESCANER
18186,"Baja Verapaz",15,"Salamá",1,2778,380,20,26,28,3,3,17,2,3,0,3,0,0,4,10,0,119,15,7,141,0,141,0,380,239,119,141,141,,1,cfcd6c147f282af051e4b238dfd97863d82826400f92a10bad75729caa5f6508,25/06/2023 22:39:24,ESCANER
18187,"Baja Verapaz",15,"Salamá",1,2778,380,20,16,33,1,9,16,8,4,1,0,1,0,2,7,1,119,19,9,147,0,147,--,379,232,119,147,147,Algún campo sin dato,1,319038e0e8ad89bcabdb90c24bbe83dda896d14f316635db5467c14c5d1b59a4,26/06/2023 00:03:42,ESCANER
18188,"Baja Verapaz",15,"Salamá",1,2778,380,16,14,35,0,3,37,7,7,0,3,0,0,1,4,0,127,16,4,147,0,147,--,380,233,127,147,147,Algún campo sin dato,1,927c0d1669dde4bb6141db1f8b4c0749ad0ab752559bf70cbd33b58a1874759f,26/06/2023 00:27:37,ESCANER
18189,"Baja Verapaz",15,"Salamá",1,2778,380,,,,,,,,,,,,,,,,,,,,,,,,,,,,,0,,,
18190,"Baja Verapaz",15,"Salamá",1,2778,264,11,5,23,4,5,9,5,4,1,2,0,0,0,5,0,74,5,8,87,0,87,--,264,177,74,87,87,Algún campo sin dato,1,3220363de1864d0f21e9d35d1cafcf30ba55bb71ef35fb5ee42f7960b571c961,25/06/2023 22:53:36,ESCANER
18191,"Baja Verapaz",15,"Salamá",1,2778,263,9,8,17,1,0,19,5,3,0,0,0,0,1,14,0,77,2,0,79,0,79,--,263,184,77,79,79,Algún campo sin dato,1,a3cd87e39f249672c766c8315a50bf74de2280e3040f220833471ecfecdd18ee,25/06/2023 23:05:59,ESCANER
18192,"Baja Verapaz",15,"Salamá",1,2779,380,17,10,41,38,5,14,20,11,1,2,0,1,1,0,11,172,30,8,38,0,210,--,377,167,172,210,210,Sumas Asentadas sin cuadrar,1,93015b2df5d08472c25462f67be38639e05096f9c4549b27badaf3e47bb6fabb,25/06/2023 23:41:21,ESCANER
18193,"Baja Verapaz",15,"Salamá",1,2779,380,19,4,37,40,2,10,14,8,0,2,1,1,0,19,2,159,38,14,211,0,211,--,--,--,159,211,211,Algún campo sin dato,1,65ccb2d5288d7326fd45b55809944b4c9124e78a30a6ca46625a43fe1512089d,25/06/2023 23:02:55,ESCANER
18194,"Baja Verapaz",15,"Salamá",1,2779,380,10,12,34,64,1,7,11,11,0,0,1,2,0,15,1,169,22,12,203,0,203,--,380,177,169,203,203,Algún campo sin dato,1,6342f25e8df27e1ecd51d99445f300f1cd0d650f706f285a3b1fd95bf7ae5ba6,25/06/2023 23:53:57,ESCANER
18195,"Baja Verapaz",15,"Salamá",1,2780,380,21,9,29,39,2,5,27,8,0,2,1,1,2,19,0,165,11,4,180,0,180,--,380,200,165,180,180,Algún campo sin dato,1,1670c4e757f1e9dc236065cb9c28b3a4034335e74ae398a37861a844db206c5f,25/06/2023 23:22:34,ESCANER
18196,"Baja Verapaz",15,"Salamá",1,2780,380,,,,,,,,,,,,,,,,,,,,,,,,,,,,,0,,,
18197,"Baja Verapaz",15,"Salamá",1,2780,293,8,3,20,28,0,4,12,11,0,2,0,0,1,21,0,110,4,0,114,0,114,--,293,179,110,114,114,Algún campo sin dato,1,b1cb63cfd961241285b4b519da944a58716121a50cdb8718ee5907687b363bc5,25/06/2023 22:40:24,ESCANER
18198,"Baja Verapaz",15,"Salamá",1,2780,292,11,2,13,39,1,0,11,4,0,1,0,1,0,7,1,91,3,0,94,0,94,--,292,198,91,94,94,Algún campo sin dato,1,6329a1a93056a09be301a16b048de53b84687347130f02633fec15e6923adc5f,25/06/2023 20:25:52,ESCANER
18199,"Baja Verapaz",15,"Salamá",1,2781,380,,,,,,,,,,,,,,,,,,,,,,,,,,,,,0,,,
18200,"Baja Verapaz",15,"Salamá",1,2781,371,19,19,54,0,3,60,32,1,1,1,0,6,0,2,1,199,25,8,232,0,232,--,371,139,199,232,232,Algún campo sin dato,1,a829a188f7639924ac80d2bada11b6061dcffc4dad7635620ff69b18ae8ae963,25/06/2023 23:52:36,ESCANER
18201,"Baja Verapaz",15,"Salamá",1,2781,370,,,,,,,,,,,,,,,,,,,,,,,,,,,,,0,,,
18202,"Baja Verapaz",15,"Salamá",1,2782,380,,,,,,,,,,,,,,,,,,,,,,,,,,,,,0,,,
18203,"Baja Verapaz",15,"Salamá",1,2782,264,,,,,,,,,,,,,,,,,,,,,,,,,,,,,0,,,
18204,"Baja Verapaz",15,"Salamá",1,2782,264,,,,,,,,,,,,,,,,,,,,,,,,,,,,,0,,,
18205,"Baja Verapaz",15,"Salamá",1,2783,380,8,35,12,45,1,33,5,4,0,2,1,0,3,4,0,153,41,16,210,0,210,--,380,170,153,210,210,Algún campo sin dato,1,643abfd6a7f60948eea35297dddf3516b872b6df7f93fd411bfa7da2de7f07f5,25/06/2023 23:55:16,ESCANER
18206,"Baja Verapaz",15,"Salamá",1,2783,380,,,,,,,,,,,,,,,,,,,,,,,,,,,,,0,,,
18207,"Baja Verapaz",15,"Salamá",1,2783,277,6,22,4,17,1,15,4,4,0,1,0,0,2,3,0,79,9,4,92,0,92,0,277,185,79,92,92,,1,d9a55ce31ecdc40270a85adcbb153cc4178521c26c1493664cbd65f19d4c3a50,25/06/2023 23:25:32,ESCANER
18208,"Baja Verapaz",15,"Salamá",1,2783,277,8,21,11,18,1,16,1,4,1,1,0,0,1,0,0,83,4,0,87,0,87,--,277,190,83,87,87,Algún campo sin dato,1,d759419c626f3a2962c76dfb60899d9ccb64e76d6d94d99d8cf2e34ecf98b2a4,25/06/2023 23:41:58,ESCANER
18209,"Baja Verapaz",15,"Salamá",1,2784,380,,,,,,,,,,,,,,,,,,,,,,,,,,,,,0,,,
18210,"Baja Verapaz",15,"Salamá",1,2784,380,24,12,34,16,1,38,26,1,2,3,0,2,2,2,0,163,58,7,228,0,228,1,380,152,163,228,228,,1,32091a25e6163ef2b4d5583671932dd8da13e51acdd06b53065393c3a9a1a1e1,26/06/2023 00:26:24,ESCANER
18211,"Baja Verapaz",15,"Salamá",1,2784,380,17,7,30,18,6,56,20,4,0,3,1,6,0,1,1,170,20,6,196,0,196,--,380,184,170,196,196,Algún campo sin dato,1,225d9b7b904f1592b9fec719c4afe7169d342fd649d7da756cc78552c73526eb,26/06/2023 00:12:40,ESCANER
18212,"Baja Verapaz",15,"Salamá",1,2784,213,16,5,14,4,1,28,9,3,0,1,0,1,2,4,0,88,8,1,97,1,98,2,213,113,88,97,98,,1,0053fde0963843f54208a3a95944c1c2223684d4024bb2356fefbef148b718b4,25/06/2023 23:40:21,ESCANER
18213,"Baja Verapaz",15,"Salamá",1,2784,213,5,1,16,7,0,13,9,3,0,1,0,2,1,2,1,61,5,2,68,0,68,--,213,145,61,68,68,Algún campo sin dato,1,bc70c1a465e83ad2aed8bc94bf3fafd6cdb340bf6333212ec81a97d459b2f97c,25/06/2023 22:54:44,ESCANER
18214,"Baja Verapaz",15,"Salamá",1,2785,355,20,23,31,2,2,82,44,3,0,9,0,0,0,0,1,217,23,6,246,0,246,--,355,109,217,246,246,Algún campo sin dato,1,56c37c81cf1a714635bea086bfdee6ce52b5e13600a9be8af26890f378220530,26/06/2023 00:25:06,ESCANER
18215,"Baja Verapaz",15,"Salamá",1,2785,355,31,20,38,0,1,95,28,3,0,3,1,1,1,0,0,222,12,1,235,1,236,--,355,119,222,235,236,Algún campo sin dato,1,b313c537d56d66cf9836e4bbe2fc7643ce1674b2aa0e587f4bf151c7ce19c9c3,26/06/2023 00:14:18,ESCANER
18216,"Baja Verapaz",15,"Salamá",1,2786,380,,,,,,,,,,,,,,,,,,,,,,,,,,,,,0,,,
18217,"Baja Verapaz",15,"Salamá",1,2786,380,5,40,61,1,6,45,46,4,0,1,1,1,3,0,0,214,27,2,243,0,243,0,380,137,214,243,243,,1,689c32a67af629e89913778d8d8f09075fcad1a9215aca8cd0ef271913d72c4b,26/06/2023 00:12:01,ESCANER
18218,"Baja Verapaz",15,"Salamá",1,2786,380,8,27,58,2,5,43,43,10,0,5,1,1,1,0,0,204,21,1,226,0,226,0,380,154,204,226,226,,1,c8d0bce7f15eee0d6cae4407cc6524f513524efcb59ac08f988b8fa604267405,25/06/2023 23:53:57,ESCANER
18219,"Baja Verapaz",15,"Salamá",1,2786,380,9,25,40,0,9,35,39,13,0,1,1,4,5,0,1,182,14,2,198,0,198,0,380,182,182,198,198,,1,1318e7cbca4ad44277badafcec92e52192c2fc309072acb04497e8bf374cfedc,26/06/2023 00:25:53,ESCANER
18220,"Baja Verapaz",15,"Salamá",1,2786,233,7,9,27,1,3,17,28,6,0,0,1,5,2,1,0,107,4,0,111,0,111,0,233,122,107,111,111,,1,91a7efbe1001ee97183d5ddc3a7f0376b7944df2f79dcb18c7c3e5b2b992271e,25/06/2023 23:42:32,ESCANER
18221,"Baja Verapaz",15,"Salamá",1,2786,233,7,9,26,0,3,22,29,4,0,1,0,2,2,0,0,105,3,0,108,0,108,0,233,125,105,108,108,,1,c2decae49f858f3a44011c2185888b628bb40d0a5f6087858953b8e5b23c09f9,25/06/2023 21:48:56,ESCANER
18222,"Baja Verapaz",15,"Salamá",1,2787,380,60,8,79,0,4,35,18,5,0,1,0,1,1,0,0,212,32,5,249,0,249,--,380,131,212,249,249,Algún campo sin dato,1,f37060ee5302072804f5dd638257f0b883df343e5e55dbf0b039398f9939a1c5,25/06/2023 22:57:30,ESCANER
18223,"Baja Verapaz",15,"Salamá",1,2787,380,60,17,72,0,8,27,17,11,1,2,2,3,4,0,1,225,20,5,250,0,250,--,403,153,225,250,250,Algún campo sin dato,1,54bff860747e96cebf8ea2080abf50ea9488f39913c1cc7540257f3f25efa6b7,26/06/2023 00:21:56,ESCANER
18224,"Baja Verapaz",15,"Salamá",1,2787,271,38,12,40,0,6,12,14,3,2,1,0,0,2,1,0,131,10,1,142,0,142,1,271,128,131,142,142,,1,52f7cb086b191dfd1e34f94fd5aa45d897f2e84b3a8a41d1c9206d18b114fa91,26/06/2023 00:27:10,ESCANER
18225,"Baja Verapaz",15,"Salamá",1,2787,270,47,4,41,1,4,18,10,6,1,3,2,2,0,0,0,139,5,0,144,0,144,--,270,126,139,144,144,Algún campo sin dato,1,39a304b8cbdb4202a806e8263d808ff16b4beaf3f59a3a3dd6d49b607466f099,25/06/2023 23:47:46,ESCANER
18226,"Baja Verapaz",15,"Salamá",1,2788,380,,,,,,,,,,,,,,,,,,,,,,,,,,,,,0,,,
18227,"Baja Verapaz",15,"Salamá",1,2788,380,,,,,,,,,,,,,,,,,,,,,,,,,,,,,0,,,
18228,"Baja Verapaz",15,"Salamá",1,2788,203,11,8,35,1,2,19,19,1,0,2,0,0,1,0,1,100,7,1,108,0,108,0,200,92,100,108,108,,1,63dc446baa005e457f4a7d8131922b68a66b1520cc122759af78d4b2f3d3cc2c,25/06/2023 22:02:22,ESCANER
18229,"Baja Verapaz",15,"Salamá",1,2788,203,11,6,38,0,0,21,16,1,0,0,0,0,0,0,0,93,6,0,99,1,100,6,203,103,93,99,100,,1,a41ced9ec92a0b0643937d52f47307297f073632eff855d545d439eed8d5c441,25/06/2023 22:38:57,ESCANER
18230,"Baja Verapaz",15,"Salamá",1,2789,380,,,,,,,,,,,,,,,,,,,,,,,,,,,,,0,,,
18231,"Baja Verapaz",15,"Salamá",1,2789,380,,,,,,,,,,,,,,,,,,,,,,,,,,,,,0,,,
18232,"Baja Verapaz",15,"Salamá",1,2789,250,2,7,35,1,0,66,11,0,0,6,0,0,0,0,1,129,12,1,142,0,142,--,250,108,129,142,142,Algún campo sin dato,1,e6565d16b90a4ad80fe4984d7622202549dfd912ea6baba1600fb44f426d51f8,25/06/2023 21:56:42,ESCANER
18233,"Baja Verapaz",15,"Salamá",1,2789,249,5,3,32,0,0,49,7,2,0,9,0,0,0,1,0,108,3,1,112,0,112,--,249,137,108,112,112,Algún campo sin dato,1,7a6a1ce1e45b3cc8df737826dd269bc0c61483cc98b4eecfda91875a8dd3f6ae,26/06/2023 00:16:22,ESCANER
18234,"Baja Verapaz",15,"Salamá",1,2790,333,7,20,56,3,2,8,14,14,1,1,0,1,0,0,2,129,13,7,149,0,149,0,333,184,129,149,149,,1,61c8128bb1c30980dd74e9fcd43d4a3fcb7ffe3808c626e58a44b7d45a1a343e,26/06/2023 00:08:17,ESCANER
18235,"Baja Verapaz",15,"Salamá",1,2790,332,,,,,,,,,,,,,,,,,,,,,,,,,,,,,0,,,
18236,"Baja Verapaz",15,"Salamá",1,2791,380,18,6,51,2,2,30,19,0,2,0,2,3,0,2,4,141,20,9,170,0,170,0,380,210,141,170,170,,1,2a146594744e063a4ec444e0e2e02e4f290e0d2c574d6d7b103b59d7fee81845,25/06/2023 22:40:24,ESCANER
18237,"Baja Verapaz",15,"Salamá",1,2791,380,13,4,76,4,17,32,14,2,0,0,8,0,0,0,4,174,9,7,190,0,190,0,380,190,174,190,190,,1,96aa671230d7add070f2c4ac9108ecfb206cba6a4b507cf7cff6c3320ef4986d,25/06/2023 22:30:05,ESCANER
18238,"Baja Verapaz",15,"Salamá",1,2791,228,12,4,21,2,2,17,9,0,0,1,1,0,0,0,2,71,5,1,77,0,77,0,228,151,71,77,77,,1,03060360099e6049d0e528f84c138e62d57129d5400c9adc4d4ecd184d9fa17f,25/06/2023 21:58:56,ESCANER
18239,"Baja Verapaz",15,"Salamá",1,2791,228,10,3,24,1,1,20,12,1,0,0,3,0,0,0,4,79,3,1,83,0,83,0,228,145,79,83,83,,1,d2965f227bbf9307f80f5f179b18d8a78762f20e57c0c5da442f9b5069c6e186,25/06/2023 22:16:18,ESCANER
18240,"Baja Verapaz",15,"Salamá",1,2792,600,11,12,24,1,6,15,17,4,0,0,2,1,2,0,0,95,6,1,102,0,102,--,600,498,95,102,102,Algún campo sin dato,1,1e237e61c0865aa75e59090261e9ee978f67e6c5919893e95595866721a77579,26/06/2023 00:26:08,ESCANER
18241,"Baja Verapaz",15,"Salamá",1,2792,600,8,10,21,1,8,20,27,6,0,2,0,1,4,1,0,109,11,4,124,0,124,--,600,476,109,124,124,Algún campo sin dato,1,cc2bb306d5940cc5fcd0479cb53f30feefdb1d3b07a25703e436d54b7ac99ba0,25/06/2023 22:56:23,ESCANER
18242,"Baja Verapaz",15,"Salamá",1,2792,310,3,6,7,0,3,4,4,2,1,1,0,1,2,0,0,34,2,1,37,0,37,--,310,273,34,37,37,Algún campo sin dato,1,5bd0ffd2ae6def74948e28bbd3ee29f35fdacf08ea90406ddc84d7ef1a6096cb,25/06/2023 21:14:03,ESCANER
18243,"Baja Verapaz",15,"Salamá",1,2792,309,2,1,3,1,0,2,2,2,0,0,0,0,0,0,0,13,4,1,18,0,18,--,309,291,13,18,18,Algún campo sin dato,1,7328a743f27e1e7a753203bb6156c3d88e06f8f4c286f41ba6ed17535b0ca224,25/06/2023 19:59:57,ESCANER