﻿TIPO_DE_ELECCIÓN:,CORPORACIÓN MUNICIPAL
26 junio 2023 00:28 (UTC -6)
ACTAS_ESPERADAS,ACTAS_CAPTURADAS,PORCENTAJE_ACTAS_CAPTURADAS,ACTAS_CONTABILIZADAS,PORCENTAJE_ACTAS_CONTABILIZADAS,ACTAS_NO_CONTABILIZADAS,LISTA_NOMINAL_ACTAS_CONTABILIZADAS,VOTOS_EMITIDOS_CONTABILIZADAS,PORCENTAJE_PARTICIPACIÓN_CIUDADANA
10,0,0.0000,0,0.0000,0,0,0,--.----

MESA,DEPARTAMENTO,ID_DEPARTAMENTO,MUNICIPIO,ID_MUNICIPIO,CENTRO_DE_VOTACIÓN,PADRÓN,VAMOS,AZUL,VOS,CC SOMOS STA CATARINA BARAHONA,UNE,VALOR UNIONISTA,CABAL,VÁLIDOS,NULOS,BLANCO,EMITIDOS,INVÁLIDOS,TOTAL,IMPUGNACIONES,PAPELETAS-RECIBIDAS,PAPELETAS-NO-USADAS,VALIDOS_CALCULADO,EMITIDOS_CALCULADO,TOTAL_CALCULADO,OBSERVACIONES,CONTABILIZADA,CÓDIGO_INTEGRIDAD,FECHA_HORA_PUBLICACIÓN,DIGITALIZACIÓN
5878,"Sacatepéquez",2,"Santa Catarina Barahona",16,616,400,,,,,,,,,,,,,,,,,,,,,0,,,
5879,"Sacatepéquez",2,"Santa Catarina Barahona",16,616,400,,,,,,,,,,,,,,,,,,,,,0,,,
5880,"Sacatepéquez",2,"Santa Catarina Barahona",16,616,400,,,,,,,,,,,,,,,,,,,,,0,,,
5881,"Sacatepéquez",2,"Santa Catarina Barahona",16,616,400,,,,,,,,,,,,,,,,,,,,,0,,,
5882,"Sacatepéquez",2,"Santa Catarina Barahona",16,617,400,,,,,,,,,,,,,,,,,,,,,0,,,
5883,"Sacatepéquez",2,"Santa Catarina Barahona",16,617,400,,,,,,,,,,,,,,,,,,,,,0,,,
5884,"Sacatepéquez",2,"Santa Catarina Barahona",16,617,400,,,,,,,,,,,,,,,,,,,,,0,,,
5885,"Sacatepéquez",2,"Santa Catarina Barahona",16,617,400,,,,,,,,,,,,,,,,,,,,,0,,,
5886,"Sacatepéquez",2,"Santa Catarina Barahona",16,618,233,,,,,,,,,,,,,,,,,,,,,0,,,
5887,"Sacatepéquez",2,"Santa Catarina Barahona",16,618,233,,,,,,,,,,,,,,,,,,,,,0,,,