﻿TIPO_DE_ELECCIÓN:,CORPORACIÓN MUNICIPAL
26 junio 2023 00:28 (UTC -6)
ACTAS_ESPERADAS,ACTAS_CAPTURADAS,PORCENTAJE_ACTAS_CAPTURADAS,ACTAS_CONTABILIZADAS,PORCENTAJE_ACTAS_CONTABILIZADAS,ACTAS_NO_CONTABILIZADAS,LISTA_NOMINAL_ACTAS_CONTABILIZADAS,VOTOS_EMITIDOS_CONTABILIZADAS,PORCENTAJE_PARTICIPACIÓN_CIUDADANA
107,51,47.6635,51,47.6635,0,19852,10884,54.8257

MESA,DEPARTAMENTO,ID_DEPARTAMENTO,MUNICIPIO,ID_MUNICIPIO,CENTRO_DE_VOTACIÓN,PADRÓN,TODOS,AZUL,VAMOS,CABAL,VALOR,PODEMOS,UNE,UNIONISTA,P A N,VOS,VICTORIA,PPN,UR,ELEFANTE,MLP,VÁLIDOS,NULOS,BLANCO,EMITIDOS,INVÁLIDOS,TOTAL,IMPUGNACIONES,PAPELETAS-RECIBIDAS,PAPELETAS-NO-USADAS,VALIDOS_CALCULADO,EMITIDOS_CALCULADO,TOTAL_CALCULADO,OBSERVACIONES,CONTABILIZADA,CÓDIGO_INTEGRIDAD,FECHA_HORA_PUBLICACIÓN,DIGITALIZACIÓN
6285,"Chimaltenango",3,"Tecpán Guatemala",6,668,400,51,8,36,11,19,20,11,25,2,15,27,2,2,12,11,252,9,5,266,1,267,--,400,133,252,266,267,Algún campo sin dato,1,3ebb22769847f2bcff96738cbf8fd6184c76970eda595e1605b1500536b5e951,26/06/2023 00:19:53,ESCANER
6286,"Chimaltenango",3,"Tecpán Guatemala",6,668,400,32,6,50,10,13,34,9,20,4,12,29,3,1,6,9,238,13,8,259,0,259,--,400,141,238,259,259,Algún campo sin dato,1,e77ebcf7a4b4884aad015addbe617d5c0bf2f346e16e3848c5bb27f84b3c6483,26/06/2023 00:27:59,ESCANER
6287,"Chimaltenango",3,"Tecpán Guatemala",6,668,400,,,,,,,,,,,,,,,,,,,,,,,,,,,,,0,,,
6288,"Chimaltenango",3,"Tecpán Guatemala",6,668,400,61,9,43,9,22,21,8,11,11,9,28,2,3,11,6,254,10,4,268,0,268,--,398,130,254,268,268,Algún campo sin dato,1,314f4e19c9c9a0ad15f8eadb42f5e6105d89c5cdc78986e7ac1b6db5fd7fc742,25/06/2023 23:13:32,ESCANER
6289,"Chimaltenango",3,"Tecpán Guatemala",6,668,400,,,,,,,,,,,,,,,,,,,,,,,,,,,,,0,,,
6290,"Chimaltenango",3,"Tecpán Guatemala",6,668,400,38,4,59,7,23,33,5,24,3,9,26,4,4,8,3,250,11,3,264,0,264,--,340,116,250,264,264,Algún campo sin dato,1,9c6c5c841e6b903eb5d10d1d8c188b9950acb61fd98bc1fd51481691f0f551d2,26/06/2023 00:09:28,ESCANER
6291,"Chimaltenango",3,"Tecpán Guatemala",6,668,400,,,,,,,,,,,,,,,,,,,,,,,,,,,,,0,,,
6292,"Chimaltenango",3,"Tecpán Guatemala",6,668,400,27,9,75,9,30,19,9,12,3,10,15,1,1,12,10,242,9,1,252,0,252,--,400,148,242,252,252,Algún campo sin dato,1,64152a55a5fbc7673015c4d2c5a754e14fb25ffc241d1267dc77ba5e3b3d9f0f,25/06/2023 23:56:15,ESCANER
6293,"Chimaltenango",3,"Tecpán Guatemala",6,668,400,,,,,,,,,,,,,,,,,,,,,,,,,,,,,0,,,
6294,"Chimaltenango",3,"Tecpán Guatemala",6,668,400,29,14,44,4,35,39,5,15,4,4,19,2,2,7,2,225,9,8,242,0,242,--,400,158,225,242,242,Algún campo sin dato,1,90d27e9e2bfa905bca779344a08ab8901ed88b2b6ddf3fba4a79a3f04cf19436,25/06/2023 22:37:43,ESCANER
6295,"Chimaltenango",3,"Tecpán Guatemala",6,668,400,,,,,,,,,,,,,,,,,,,,,,,,,,,,,0,,,
6296,"Chimaltenango",3,"Tecpán Guatemala",6,668,400,32,3,42,14,29,45,11,23,1,7,16,1,1,4,4,233,7,1,241,0,241,--,400,159,233,241,241,Algún campo sin dato,1,eb0243915a58e2cb17e9168036c933dd0a5e3d317cd330d703ed2b8059f9c0e6,25/06/2023 22:58:55,ESCANER
6297,"Chimaltenango",3,"Tecpán Guatemala",6,668,400,34,2,42,14,34,20,14,20,6,14,31,4,1,9,3,248,12,6,266,0,266,--,400,134,248,266,266,Algún campo sin dato,1,07c474ba909fe6e7418fada8ff3df67ca4dc0b93617a5f7ab555dcd5f09e1b67,25/06/2023 23:27:39,ESCANER
6298,"Chimaltenango",3,"Tecpán Guatemala",6,669,400,27,4,51,16,25,29,15,21,3,7,21,4,2,4,3,232,11,4,247,0,247,--,400,153,232,247,247,Algún campo sin dato,1,5c37389c8abf4f019312f89620f38ef3b3c8ec1ce0fb5ca92f230a942c1fb70d,26/06/2023 00:00:33,ESCANER
6299,"Chimaltenango",3,"Tecpán Guatemala",6,669,400,,,,,,,,,,,,,,,,,,,,,,,,,,,,,0,,,
6300,"Chimaltenango",3,"Tecpán Guatemala",6,669,400,32,5,39,11,25,24,7,20,3,5,23,2,1,15,4,216,7,5,228,0,228,--,400,172,216,228,228,Algún campo sin dato,1,aacdc242133928eb799f2a3c4a6929bf8524b8c2aaf400f5ed3e6f74c977a078,25/06/2023 23:52:47,ESCANER
6301,"Chimaltenango",3,"Tecpán Guatemala",6,669,400,45,3,39,8,19,23,7,16,5,12,21,0,2,9,2,211,7,1,219,0,219,--,400,181,211,219,219,Algún campo sin dato,1,2dfdeaf98f0359c7cba1340f0e7de5864f9926ec2555e35ba63e7cde4d7592ea,25/06/2023 22:17:58,ESCANER
6302,"Chimaltenango",3,"Tecpán Guatemala",6,669,400,39,7,47,7,25,24,5,25,5,9,22,1,0,2,7,225,7,1,233,0,233,--,400,167,225,233,233,Algún campo sin dato,1,7dc09cc911ffae0b56da55ca109e68fe3c1ac3ac2237a4fcec6425786f98295a,25/06/2023 22:50:30,ESCANER
6303,"Chimaltenango",3,"Tecpán Guatemala",6,669,400,50,9,42,8,21,24,7,20,1,15,25,1,0,7,6,236,11,1,248,0,248,--,400,152,236,248,248,Algún campo sin dato,1,f6c6d21a7e6afb2ddf3343a81dbf7fd1519e58aff91c25d7d96d6c7c04a30b1c,25/06/2023 22:26:48,ESCANER
6304,"Chimaltenango",3,"Tecpán Guatemala",6,669,400,56,7,35,8,30,25,11,21,2,11,24,2,2,7,9,250,11,3,264,0,264,--,400,136,250,264,264,Algún campo sin dato,1,957ed6596676259c250ef3ec5bde2d247b5343cf897762cc9bf31147f9748c37,25/06/2023 22:13:26,ESCANER
6305,"Chimaltenango",3,"Tecpán Guatemala",6,669,400,48,1,47,10,23,23,5,19,5,10,35,2,1,11,4,244,11,7,262,0,262,--,400,138,244,262,262,Algún campo sin dato,1,4779591aa657e1627a62a3a521884b86444b8f93c3bd103f0ade89f3d3debb8b,25/06/2023 22:42:33,ESCANER
6306,"Chimaltenango",3,"Tecpán Guatemala",6,669,400,51,13,39,8,28,18,15,32,2,10,24,0,1,6,5,252,13,1,266,0,266,--,400,134,252,266,266,Algún campo sin dato,1,9d1e8dd7a25a6c8b6f357e66ba74798bc08c3ff4bf58d5efa51361612a355f05,25/06/2023 23:09:46,ESCANER
6307,"Chimaltenango",3,"Tecpán Guatemala",6,669,400,,,,,,,,,,,,,,,,,,,,,,,,,,,,,0,,,
6308,"Chimaltenango",3,"Tecpán Guatemala",6,669,400,,,,,,,,,,,,,,,,,,,,,,,,,,,,,0,,,
6309,"Chimaltenango",3,"Tecpán Guatemala",6,669,400,,,,,,,,,,,,,,,,,,,,,,,,,,,,,0,,,
6310,"Chimaltenango",3,"Tecpán Guatemala",6,669,400,,,,,,,,,,,,,,,,,,,,,,,,,,,,,0,,,
6311,"Chimaltenango",3,"Tecpán Guatemala",6,669,400,,,,,,,,,,,,,,,,,,,,,,,,,,,,,0,,,
6312,"Chimaltenango",3,"Tecpán Guatemala",6,669,400,,,,,,,,,,,,,,,,,,,,,,,,,,,,,0,,,
6313,"Chimaltenango",3,"Tecpán Guatemala",6,669,400,,,,,,,,,,,,,,,,,,,,,,,,,,,,,0,,,
6314,"Chimaltenango",3,"Tecpán Guatemala",6,669,400,55,10,40,7,28,26,6,17,2,9,31,1,2,6,8,248,11,3,262,0,262,--,400,138,248,262,262,Algún campo sin dato,1,83be119dc40622df0d676145cc02a9b17eb8d817461d7737725340500eb7cac5,26/06/2023 00:18:55,ESCANER
6315,"Chimaltenango",3,"Tecpán Guatemala",6,669,400,64,5,36,6,19,22,11,25,4,14,19,4,0,5,3,235,13,3,251,0,251,--,400,149,237,253,253,Sumas Asentadas sin cuadrar,1,b64283e017b3ef78512dc6c75f48b6c89d03cf9601ffe0f032af2c7cbaf119c3,26/06/2023 00:08:15,ESCANER
6316,"Chimaltenango",3,"Tecpán Guatemala",6,669,400,,,,,,,,,,,,,,,,,,,,,,,,,,,,,0,,,
6317,"Chimaltenango",3,"Tecpán Guatemala",6,669,400,,,,,,,,,,,,,,,,,,,,,,,,,,,,,0,,,
6318,"Chimaltenango",3,"Tecpán Guatemala",6,670,400,49,5,40,4,17,23,8,18,4,15,26,2,1,7,8,227,9,1,237,0,237,--,400,163,227,237,237,Algún campo sin dato,1,7c220881efe8cc68873aa6e0c834758b3229285e60236f63dde683271f413ca0,25/06/2023 22:56:48,ESCANER
6319,"Chimaltenango",3,"Tecpán Guatemala",6,670,400,37,13,25,8,26,21,5,19,3,9,20,3,1,5,7,202,8,2,212,0,212,--,400,188,202,212,212,Algún campo sin dato,1,c48040e8c9ee74be43593fba9a10c6fa1a8444cc5fef9be63829cf812efd17cd,25/06/2023 23:14:12,ESCANER
6320,"Chimaltenango",3,"Tecpán Guatemala",6,670,400,59,5,37,9,22,14,5,16,5,15,17,2,2,10,5,223,4,2,229,0,229,--,400,171,223,229,229,Algún campo sin dato,1,03d08c3f9cd2819b34fe408afdd2cc28d5022efcefda5be84a56898734f0f3ba,25/06/2023 23:01:49,ESCANER
6321,"Chimaltenango",3,"Tecpán Guatemala",6,670,400,38,5,46,15,17,22,5,20,2,11,21,2,1,6,8,219,2,1,222,0,222,--,400,178,219,222,222,Algún campo sin dato,1,3cc7f4593501b233076b14f7735c9c3f9323a1290d386de7abbc405fb356836b,25/06/2023 23:28:22,ESCANER
6322,"Chimaltenango",3,"Tecpán Guatemala",6,670,400,,,,,,,,,,,,,,,,,,,,,,,,,,,,,0,,,
6323,"Chimaltenango",3,"Tecpán Guatemala",6,670,400,56,5,39,7,15,21,6,21,2,19,27,0,3,5,7,236,5,2,243,0,243,0,400,157,233,240,240,Sumas Asentadas sin cuadrar,1,91dcbd60343947320580b98620796bc0591d27c188662a4ab18310e07343c6a0,26/06/2023 00:08:07,ESCANER
6324,"Chimaltenango",3,"Tecpán Guatemala",6,670,400,,,,,,,,,,,,,,,,,,,,,,,,,,,,,0,,,
6325,"Chimaltenango",3,"Tecpán Guatemala",6,670,400,74,5,30,9,29,23,4,25,2,15,27,2,1,6,15,267,4,1,272,1,273,--,401,128,267,272,273,Algún campo sin dato,1,028aa42e01e34a605ecb61357a2881f1db18b31722fd2ee7c95aa080bd61a8e8,25/06/2023 23:57:27,ESCANER
6326,"Chimaltenango",3,"Tecpán Guatemala",6,670,400,,,,,,,,,,,,,,,,,,,,,,,,,,,,,0,,,
6327,"Chimaltenango",3,"Tecpán Guatemala",6,670,400,,,,,,,,,,,,,,,,,,,,,,,,,,,,,0,,,
6328,"Chimaltenango",3,"Tecpán Guatemala",6,670,395,,,,,,,,,,,,,,,,,,,,,,,,,,,,,0,,,
6329,"Chimaltenango",3,"Tecpán Guatemala",6,670,394,37,7,40,11,20,19,8,10,3,11,18,3,1,7,2,197,10,0,207,0,207,--,394,187,197,207,207,Algún campo sin dato,1,ce8884115273d785f56d6fafc92c7f43af2b357e350166070f10b6eb2512dee4,25/06/2023 23:47:46,ESCANER
6330,"Chimaltenango",3,"Tecpán Guatemala",6,671,380,,,,,,,,,,,,,,,,,,,,,,,,,,,,,0,,,
6331,"Chimaltenango",3,"Tecpán Guatemala",6,671,380,18,1,75,18,36,37,2,19,1,1,35,0,0,5,0,248,7,5,260,0,260,--,380,120,248,260,260,Algún campo sin dato,1,c16d58f53461ca651d95899e8be7bb2ea5e3249956152ad567dcdb87d7ff77dd,26/06/2023 00:26:42,ESCANER
6332,"Chimaltenango",3,"Tecpán Guatemala",6,671,380,21,6,56,6,7,72,5,10,1,1,28,2,1,5,1,222,8,7,237,0,237,--,380,143,222,237,237,Algún campo sin dato,1,5b68f4353d7c176fd3adc5a46cdab1af9f3762ec0b2f69fe0699c80f8f659fef,26/06/2023 00:06:24,ESCANER
6333,"Chimaltenango",3,"Tecpán Guatemala",6,671,380,14,3,44,7,18,67,7,16,1,1,12,0,0,0,0,190,3,4,197,0,197,--,380,183,190,197,197,Algún campo sin dato,1,648ca748311ab0f42e143375f20ca919c3e380b6dd4446c4f3bc64cf05e0e1e7,25/06/2023 22:53:23,ESCANER
6334,"Chimaltenango",3,"Tecpán Guatemala",6,671,270,8,3,46,3,10,28,4,8,0,1,16,1,0,2,1,131,2,1,134,0,134,--,267,133,131,134,134,Algún campo sin dato,1,4a68c765792e8386f54a3cfca1cd1912ea8816bda3ca9e9300a1417d3e2f24a7,26/06/2023 00:13:33,ESCANER
6335,"Chimaltenango",3,"Tecpán Guatemala",6,671,270,9,1,37,8,20,23,0,10,1,1,11,2,0,2,0,125,3,0,128,0,128,--,270,142,125,128,128,Algún campo sin dato,1,74288e4b294f5f3f5cd8c30df549778d2f4736d3dbbb312a6f97b3a3d028e02d,25/06/2023 22:45:59,ESCANER
6336,"Chimaltenango",3,"Tecpán Guatemala",6,672,380,,,,,,,,,,,,,,,,,,,,,,,,,,,,,0,,,
6337,"Chimaltenango",3,"Tecpán Guatemala",6,672,380,,,,,,,,,,,,,,,,,,,,,,,,,,,,,0,,,
6338,"Chimaltenango",3,"Tecpán Guatemala",6,672,380,,,,,,,,,,,,,,,,,,,,,,,,,,,,,0,,,
6339,"Chimaltenango",3,"Tecpán Guatemala",6,672,380,,,,,,,,,,,,,,,,,,,,,,,,,,,,,0,,,
6340,"Chimaltenango",3,"Tecpán Guatemala",6,672,380,,,,,,,,,,,,,,,,,,,,,,,,,,,,,0,,,
6341,"Chimaltenango",3,"Tecpán Guatemala",6,672,380,,,,,,,,,,,,,,,,,,,,,,,,,,,,,0,,,
6342,"Chimaltenango",3,"Tecpán Guatemala",6,672,380,,,,,,,,,,,,,,,,,,,,,,,,,,,,,0,,,
6343,"Chimaltenango",3,"Tecpán Guatemala",6,672,380,15,0,36,21,11,27,11,0,1,1,9,1,0,7,1,141,7,0,148,0,148,--,380,232,141,148,148,Algún campo sin dato,1,b03b62e320d6db1fd726cc05d103238ed6969a285403bfbdcd76355b351120e9,26/06/2023 00:16:46,ESCANER
6344,"Chimaltenango",3,"Tecpán Guatemala",6,672,380,,,,,,,,,,,,,,,,,,,,,,,,,,,,,0,,,
6345,"Chimaltenango",3,"Tecpán Guatemala",6,672,380,21,0,27,12,15,23,19,4,1,1,5,1,0,3,0,132,5,7,144,0,144,--,380,236,132,144,144,Algún campo sin dato,1,6c6534decc68d6a62e9a99e8403638086d3457f108b126d47615c99a01da3e4c,26/06/2023 00:14:42,ESCANER
6346,"Chimaltenango",3,"Tecpán Guatemala",6,672,314,,,,,,,,,,,,,,,,,,,,,,,,,,,,,0,,,
6347,"Chimaltenango",3,"Tecpán Guatemala",6,672,314,,,,,,,,,,,,,,,,,,,,,,,,,,,,,0,,,
6348,"Chimaltenango",3,"Tecpán Guatemala",6,673,380,,,,,,,,,,,,,,,,,,,,,,,,,,,,,0,,,
6349,"Chimaltenango",3,"Tecpán Guatemala",6,673,380,,,,,,,,,,,,,,,,,,,,,,,,,,,,,0,,,
6350,"Chimaltenango",3,"Tecpán Guatemala",6,673,380,,,,,,,,,,,,,,,,,,,,,,,,,,,,,0,,,
6351,"Chimaltenango",3,"Tecpán Guatemala",6,673,380,11,7,40,9,53,53,12,6,2,3,2,7,7,0,0,206,15,6,227,0,227,--,379,152,212,233,233,Sumas Asentadas sin cuadrar,1,794a25be2cc7d139e189f9b9f9767a9f901f2b88f2484ea2fabea2bb2db14f1d,26/06/2023 00:12:19,ESCANER
6352,"Chimaltenango",3,"Tecpán Guatemala",6,673,380,34,4,48,3,30,17,15,0,3,5,6,2,0,7,5,179,9,7,195,0,195,--,380,185,179,195,195,Algún campo sin dato,1,868bb9d4b3b28fd1e56f372a1694cc0f3f064db4ff2bcb7e50a112515656bc91,25/06/2023 23:13:01,ESCANER
6353,"Chimaltenango",3,"Tecpán Guatemala",6,673,380,19,1,44,11,16,36,33,2,1,0,3,1,0,3,2,172,17,4,193,0,193,--,381,188,172,193,193,Algún campo sin dato,1,c0b4cd0e9667dc7f541eaea64b41ed048833955fad0b2ac7496946dbc5d33284,25/06/2023 22:25:40,ESCANER
6354,"Chimaltenango",3,"Tecpán Guatemala",6,673,380,25,3,54,8,21,32,25,1,3,1,5,0,1,5,1,185,9,5,199,0,199,--,380,181,185,199,199,Algún campo sin dato,1,2f9be1681bc70deba21eb57c7af1fbb61b9035a7afebe9af6c67f46a31e7a342,25/06/2023 22:54:41,ESCANER
6355,"Chimaltenango",3,"Tecpán Guatemala",6,673,380,,,,,,,,,,,,,,,,,,,,,,,,,,,,,0,,,
6356,"Chimaltenango",3,"Tecpán Guatemala",6,673,380,,,,,,,,,,,,,,,,,,,,,,,,,,,,,0,,,
6357,"Chimaltenango",3,"Tecpán Guatemala",6,673,380,23,3,51,3,32,17,5,2,0,3,6,2,1,2,1,151,10,1,162,0,162,--,380,218,151,162,162,Algún campo sin dato,1,6bf8e9f1305fa181435a3b9b78542887ee0284b0ce503751ebd2451c826f419e,25/06/2023 22:04:59,ESCANER
6358,"Chimaltenango",3,"Tecpán Guatemala",6,673,380,,,,,,,,,,,,,,,,,,,,,,,,,,,,,0,,,
6359,"Chimaltenango",3,"Tecpán Guatemala",6,673,380,24,2,56,5,38,34,10,2,0,2,7,1,0,3,0,184,4,1,189,191,380,--,380,191,184,189,380,Algún campo sin dato,1,600b1cbfa89d50ea5d2138e37342b665272e36482ba6e11d86165e6ace2f7854,26/06/2023 00:11:14,ESCANER
6360,"Chimaltenango",3,"Tecpán Guatemala",6,673,380,,,,,,,,,,,,,,,,,,,,,,,,,,,,,0,,,
6361,"Chimaltenango",3,"Tecpán Guatemala",6,673,248,,,,,,,,,,,,,,,,,,,,,,,,,,,,,0,,,
6362,"Chimaltenango",3,"Tecpán Guatemala",6,673,248,,,,,,,,,,,,,,,,,,,,,,,,,,,,,0,,,
6363,"Chimaltenango",3,"Tecpán Guatemala",6,674,380,4,1,55,23,16,16,16,6,0,0,7,2,0,5,0,151,13,8,172,0,172,--,380,208,151,172,172,Algún campo sin dato,1,c4deb2daad50fd0119c09871a32ee0e4ff80836eb7693b68076ae1e93fa28a3e,26/06/2023 00:16:11,ESCANER
6364,"Chimaltenango",3,"Tecpán Guatemala",6,674,380,,,,,,,,,,,,,,,,,,,,,,,,,,,,,0,,,
6365,"Chimaltenango",3,"Tecpán Guatemala",6,674,380,,,,,,,,,,,,,,,,,,,,,,,,,,,,,0,,,
6366,"Chimaltenango",3,"Tecpán Guatemala",6,674,380,,,,,,,,,,,,,,,,,,,,,,,,,,,,,0,,,
6367,"Chimaltenango",3,"Tecpán Guatemala",6,674,380,,,,,,,,,,,,,,,,,,,,,,,,,,,,,0,,,
6368,"Chimaltenango",3,"Tecpán Guatemala",6,674,380,,,,,,,,,,,,,,,,,,,,,,,,,,,,,0,,,
6369,"Chimaltenango",3,"Tecpán Guatemala",6,674,380,,,,,,,,,,,,,,,,,,,,,,,,,,,,,0,,,
6370,"Chimaltenango",3,"Tecpán Guatemala",6,674,367,,,,,,,,,,,,,,,,,,,,,,,,,,,,,0,,,
6371,"Chimaltenango",3,"Tecpán Guatemala",6,674,366,10,1,34,7,35,16,14,0,0,0,1,0,0,5,0,123,13,8,144,0,0,--,365,221,123,144,144,Algún campo sin dato,1,7a5ff0b92f661f528b25f1a242785d90d58bdd19a10c7174578cb90aac96f091,26/06/2023 00:10:11,ESCANER
6372,"Chimaltenango",3,"Tecpán Guatemala",6,675,380,19,4,46,7,106,14,30,11,0,13,2,1,0,4,1,258,12,3,273,0,273,--,380,107,258,273,273,Algún campo sin dato,1,7aef3ea5787d2e917333faf85f6e4f7f9db462a2d001e5b77f2922e1b9f4c567,26/06/2023 00:09:35,ESCANER
6373,"Chimaltenango",3,"Tecpán Guatemala",6,675,380,,,,,,,,,,,,,,,,,,,,,,,,,,,,,0,,,
6374,"Chimaltenango",3,"Tecpán Guatemala",6,675,380,,,,,,,,,,,,,,,,,,,,,,,,,,,,,0,,,
6375,"Chimaltenango",3,"Tecpán Guatemala",6,675,244,23,0,27,1,36,7,13,6,1,3,4,0,0,4,0,125,3,0,128,0,128,--,244,116,125,128,128,Algún campo sin dato,1,ef3303fdbc638d6778569c5451480dee6bc5d5130add2435a715f2e422f7d5f4,25/06/2023 22:36:29,ESCANER
6376,"Chimaltenango",3,"Tecpán Guatemala",6,675,243,24,1,26,7,37,5,11,2,0,6,2,0,0,1,0,122,0,0,122,0,122,--,240,118,122,122,122,Algún campo sin dato,1,ce7206ae618cf5fda218f3c7c1130d558490d62b28add5056a8c87425975c757,25/06/2023 23:58:19,ESCANER
6377,"Chimaltenango",3,"Tecpán Guatemala",6,676,380,,,,,,,,,,,,,,,,,,,,,,,,,,,,,0,,,
6378,"Chimaltenango",3,"Tecpán Guatemala",6,676,198,16,3,37,7,7,13,24,3,0,4,4,6,0,5,1,130,9,1,140,0,140,--,198,58,130,140,140,Algún campo sin dato,1,e3bf32be25559e06094381104e1cd63e7cdd74eebb09f2c006cef2796c2a4c59,25/06/2023 22:53:11,ESCANER
6379,"Chimaltenango",3,"Tecpán Guatemala",6,676,197,16,1,34,7,3,8,33,2,0,6,6,6,0,2,0,124,4,1,129,0,129,--,197,65,124,129,129,Algún campo sin dato,1,eab70221059c1b9fe080c83b4f5b4a16293a55c4c78b4e9a2b586f457c92018b,25/06/2023 22:28:53,ESCANER
6380,"Chimaltenango",3,"Tecpán Guatemala",6,677,380,,,,,,,,,,,,,,,,,,,,,,,,,,,,,0,,,
6381,"Chimaltenango",3,"Tecpán Guatemala",6,677,380,,,,,,,,,,,,,,,,,,,,,,,,,,,,,0,,,
6382,"Chimaltenango",3,"Tecpán Guatemala",6,677,380,,,,,,,,,,,,,,,,,,,,,,,,,,,,,0,,,
6383,"Chimaltenango",3,"Tecpán Guatemala",6,677,380,,,,,,,,,,,,,,,,,,,,,,,,,,,,,0,,,
6384,"Chimaltenango",3,"Tecpán Guatemala",6,677,380,,,,,,,,,,,,,,,,,,,,,,,,,,,,,0,,,
6385,"Chimaltenango",3,"Tecpán Guatemala",6,677,335,,,,,,,,,,,,,,,,,,,,,,,,,,,,,0,,,
6386,"Chimaltenango",3,"Tecpán Guatemala",6,677,334,23,1,14,2,49,14,11,3,0,0,5,2,1,2,8,135,4,1,140,0,140,--,334,203,135,140,140,Algún campo sin dato,1,7facf403c34bf1c69bad954ad35a323249588f951938aa27178fd97d44cb4870,25/06/2023 23:52:00,ESCANER
6387,"Chimaltenango",3,"Tecpán Guatemala",6,678,600,28,7,33,9,36,23,14,13,4,5,9,0,2,9,3,195,10,4,209,0,209,--,600,391,195,209,209,Algún campo sin dato,1,6734c90f5a605bffc75d3b799b282a7c3f445c293ea935cc106f1e25f20c48af,25/06/2023 22:43:58,ESCANER
6388,"Chimaltenango",3,"Tecpán Guatemala",6,678,600,40,1,42,10,14,29,9,20,1,2,14,0,1,6,9,198,8,7,213,0,213,--,600,387,198,213,213,Algún campo sin dato,1,a3f79efef3db5d3be923a3de539c2169920bdbc0b10a9d88288c3710a69fbf23,25/06/2023 22:55:53,ESCANER
6389,"Chimaltenango",3,"Tecpán Guatemala",6,678,600,57,4,22,5,18,21,10,28,7,10,16,1,2,8,5,214,10,4,228,0,228,--,600,372,214,228,228,Algún campo sin dato,1,eb834d8e3c908f1681dcfd600ef71e30f0a083b425280e3ff0d4a44f564b5716,26/06/2023 00:06:24,ESCANER
6390,"Chimaltenango",3,"Tecpán Guatemala",6,678,498,84,3,23,6,28,21,11,22,7,12,11,2,5,5,4,244,6,4,254,0,254,--,498,244,244,254,254,Algún campo sin dato,1,ca07cd30e2d69a0126e306c4dc439f3789dc92b86a4031264f4298ab5d03610a,25/06/2023 23:55:08,ESCANER
6391,"Chimaltenango",3,"Tecpán Guatemala",6,678,498,34,3,13,9,17,14,4,15,1,5,16,1,2,7,3,144,7,3,154,0,154,--,497,343,144,154,154,Algún campo sin dato,1,e6520820f47379bd8fee630f2c774d36f9fc2b70fe50dd47c8ed48b148e90ba4,25/06/2023 23:19:52,ESCANER