﻿TIPO_DE_ELECCIÓN:,CORPORACIÓN MUNICIPAL
26 junio 2023 00:28 (UTC -6)
ACTAS_ESPERADAS,ACTAS_CAPTURADAS,PORCENTAJE_ACTAS_CAPTURADAS,ACTAS_CONTABILIZADAS,PORCENTAJE_ACTAS_CONTABILIZADAS,ACTAS_NO_CONTABILIZADAS,LISTA_NOMINAL_ACTAS_CONTABILIZADAS,VOTOS_EMITIDOS_CONTABILIZADAS,PORCENTAJE_PARTICIPACIÓN_CIUDADANA
61,26,42.6229,25,40.9836,1,8996,5728,63.6727

MESA,DEPARTAMENTO,ID_DEPARTAMENTO,MUNICIPIO,ID_MUNICIPIO,CENTRO_DE_VOTACIÓN,PADRÓN,TODOS,VICTORIA,PPN,WINAQ,CABAL,AZUL,VOS,BIEN,VAMOS,UNE,PHG,PIN,VALOR UNIONISTA,VÁLIDOS,NULOS,BLANCO,EMITIDOS,INVÁLIDOS,TOTAL,IMPUGNACIONES,PAPELETAS-RECIBIDAS,PAPELETAS-NO-USADAS,VALIDOS_CALCULADO,EMITIDOS_CALCULADO,TOTAL_CALCULADO,OBSERVACIONES,CONTABILIZADA,CÓDIGO_INTEGRIDAD,FECHA_HORA_PUBLICACIÓN,DIGITALIZACIÓN
11129,"Quetzaltenango",9,"Cantel",14,1495,400,,,,,,,,,,,,,,,,,,,,,,,,,,,0,,,
11130,"Quetzaltenango",9,"Cantel",14,1495,400,88,9,8,5,67,5,5,19,38,5,1,1,11,262,9,1,272,0,272,--,400,128,262,272,272,Algún campo sin dato,1,45bd8e2a48cd91b1fb56a24d7139e57e7b04da0f9f3184848ac7dcc619543260,26/06/2023 00:22:56,ESCANER
11131,"Quetzaltenango",9,"Cantel",14,1495,400,,,,,,,,,,,,,,,,,,,,,,,,,,,0,,,
11132,"Quetzaltenango",9,"Cantel",14,1495,400,94,5,15,7,76,7,7,15,32,0,2,0,13,273,11,6,290,0,290,--,400,110,273,290,290,Algún campo sin dato,1,4f633810ff925f2939113783e63ade1959530d0763efaa27dc7630a24530aecd,25/06/2023 22:59:06,ESCANER
11133,"Quetzaltenango",9,"Cantel",14,1495,400,91,6,7,5,59,12,6,13,42,2,0,1,11,255,14,2,271,0,271,--,397,126,255,271,271,Algún campo sin dato,1,4128c013ac495a912292caca75717f4360fcdce9032d4ab0b9dfe104e786f8d1,26/06/2023 00:12:13,ESCANER
11134,"Quetzaltenango",9,"Cantel",14,1495,400,,,,,,,,,,,,,,,,,,,,,,,,,,,0,,,
11135,"Quetzaltenango",9,"Cantel",14,1495,400,,,,,,,,,,,,,,,,,,,,,,,,,,,0,,,
11136,"Quetzaltenango",9,"Cantel",14,1495,400,80,10,5,6,52,10,5,24,38,0,1,0,5,236,10,1,247,0,247,--,400,153,236,247,247,Algún campo sin dato,1,dd8cb0f9ed5499b6c2793be493a7d582c76c5d1168fa52996601a1002d1a63f0,25/06/2023 23:50:49,ESCANER
11137,"Quetzaltenango",9,"Cantel",14,1495,400,,,,,,,,,,,,,,,,,,,,,,,,,,,0,,,
11138,"Quetzaltenango",9,"Cantel",14,1495,400,88,14,7,6,62,6,3,11,33,1,1,0,8,240,4,1,245,0,245,--,--,--,240,245,245,Algún campo sin dato,1,d688c03f74819fcd6c36af7d6195294ccc1f8ff7c71834925b4488b4184a1e84,25/06/2023 22:52:39,ESCANER
11139,"Quetzaltenango",9,"Cantel",14,1495,239,48,13,7,2,31,2,3,7,22,0,1,0,9,145,2,1,148,0,148,--,239,91,145,148,148,Algún campo sin dato,1,1acc02418fd47834ed7cd47e56a1b47e45331dca50c808b507ee7951a036224d,25/06/2023 23:32:53,ESCANER
11140,"Quetzaltenango",9,"Cantel",14,1495,238,52,11,4,4,21,3,2,13,17,0,4,0,8,139,4,1,144,0,144,--,238,94,139,144,144,Algún campo sin dato,1,5250c501f18f82e3e138878d60a9a0ba16c0c7f28767a9c6c145043920b2b257,25/06/2023 23:01:22,ESCANER
11141,"Quetzaltenango",9,"Cantel",14,1496,380,45,4,14,3,40,8,3,38,55,2,2,0,35,249,4,6,259,0,259,--,380,121,249,259,259,Algún campo sin dato,1,f3a7ac4dd3564e639ba1135a183a9b200454bc29b86762d7e11e892a5b201cca,26/06/2023 00:10:36,ESCANER
11142,"Quetzaltenango",9,"Cantel",14,1496,380,,,,,,,,,,,,,,,,,,,,,,,,,,,0,,,
11143,"Quetzaltenango",9,"Cantel",14,1496,380,,,,,,,,,,,,,,,,,,,,,,,,,,,0,,,
11144,"Quetzaltenango",9,"Cantel",14,1496,380,,,,,,,,,,,,,,,,,,,,,,,,,,,0,,,
11145,"Quetzaltenango",9,"Cantel",14,1496,380,42,5,16,4,44,12,6,45,63,1,2,1,37,278,15,3,296,0,296,--,380,84,278,296,296,Algún campo sin dato,1,11003f40e389b0079a2dc711232d62517696d9523bca9e88657a7e7181915715,25/06/2023 23:56:20,ESCANER
11146,"Quetzaltenango",9,"Cantel",14,1496,380,,,,,,,,,,,,,,,,,,,,,,,,,,,0,,,
11147,"Quetzaltenango",9,"Cantel",14,1496,380,,,,,,,,,,,,,,,,,,,,,,,,,,,0,,,
11148,"Quetzaltenango",9,"Cantel",14,1496,380,,,,,,,,,,,,,,,,,,,,,,,,,,,0,,,
11149,"Quetzaltenango",9,"Cantel",14,1496,380,,,,,,,,,,,,,,,,,,,,,,,,,,,0,,,
11150,"Quetzaltenango",9,"Cantel",14,1496,380,,,,,,,,,,,,,,,,,,,,,,,,,,,0,,,
11151,"Quetzaltenango",9,"Cantel",14,1496,380,,,,,,,,,,,,,,,,,,,,,,,,,,,0,,,
11152,"Quetzaltenango",9,"Cantel",14,1496,380,,,,,,,,,,,,,,,,,,,,,,,,,,,0,,,
11153,"Quetzaltenango",9,"Cantel",14,1496,380,,,,,,,,,,,,,,,,,,,,,,,,,,,0,,,
11154,"Quetzaltenango",9,"Cantel",14,1496,380,,,,,,,,,,,,,,,,,,,,,,,,,,,0,,,
11155,"Quetzaltenango",9,"Cantel",14,1496,380,,,,,,,,,,,,,,,,,,,,,,,,,,,0,,,
11156,"Quetzaltenango",9,"Cantel",14,1496,380,60,6,5,2,54,2,2,31,69,1,0,2,35,269,1,0,270,0,270,--,380,110,269,270,270,Algún campo sin dato,1,b1a976caafe43572af6faefb2e627b6b9e046705d300447f5a9380beb889511c,26/06/2023 00:24:17,ESCANER
11157,"Quetzaltenango",9,"Cantel",14,1496,380,59,5,16,0,41,6,0,31,72,0,3,0,34,267,3,0,270,0,270,--,380,110,267,270,270,Algún campo sin dato,1,b36cd9c989d73cde94d663febee8c994733ad69783e4f70b320d58a9b60bb26e,25/06/2023 23:44:49,ESCANER
11158,"Quetzaltenango",9,"Cantel",14,1496,277,,,,,,,,,,,,,,,,,,,,,,,,,,,0,,,
11159,"Quetzaltenango",9,"Cantel",14,1496,276,40,5,9,1,18,2,2,17,55,1,3,1,19,--,3,1,177,0,177,--,276,99,173,177,177,Algún campo sin dato,1,06a7341e5f32cd69871cf2511b7addd8621e25166065871883ed24c6a97a2423,25/06/2023 23:00:29,ESCANER
11160,"Quetzaltenango",9,"Cantel",14,1497,380,--,--,--,--,--,--,--,--,--,--,--,--,--,--,--,--,--,--,--,--,--,--,,,,Acta en Blanco,0,ae3abfcda8c4e1d156beec3f1448c7e117f5d5cc654ed064a70e3727789854ee,26/06/2023 00:07:10,ESCANER
11161,"Quetzaltenango",9,"Cantel",14,1497,380,57,4,28,2,58,5,4,9,50,2,0,0,57,276,7,8,291,0,291,--,380,89,276,291,291,Algún campo sin dato,1,2d66c7fb1b0014a359c1b1c874d1abe9d134234dcc42c0a5192fbb3b10935ccb,25/06/2023 22:54:47,ESCANER
11162,"Quetzaltenango",9,"Cantel",14,1497,380,,,,,,,,,,,,,,,,,,,,,,,,,,,0,,,
11163,"Quetzaltenango",9,"Cantel",14,1497,380,,,,,,,,,,,,,,,,,,,,,,,,,,,0,,,
11164,"Quetzaltenango",9,"Cantel",14,1497,380,,,,,,,,,,,,,,,,,,,,,,,,,,,0,,,
11165,"Quetzaltenango",9,"Cantel",14,1497,380,,,,,,,,,,,,,,,,,,,,,,,,,,,0,,,
11166,"Quetzaltenango",9,"Cantel",14,1497,380,,,,,,,,,,,,,,,,,,,,,,,,,,,0,,,
11167,"Quetzaltenango",9,"Cantel",14,1497,380,,,,,,,,,,,,,,,,,,,,,,,,,,,0,,,
11168,"Quetzaltenango",9,"Cantel",14,1497,380,,,,,,,,,,,,,,,,,,,,,,,,,,,0,,,
11169,"Quetzaltenango",9,"Cantel",14,1497,274,35,4,20,1,27,5,1,4,42,1,2,0,59,201,3,1,205,0,205,--,274,69,201,205,205,Algún campo sin dato,1,3eed6fec230a8860ea5f018626010868081104e2aed3c05dea64174d28ad4c6e,26/06/2023 00:08:43,ESCANER
11170,"Quetzaltenango",9,"Cantel",14,1497,274,31,4,18,2,20,4,0,8,28,1,0,0,52,168,4,0,172,0,172,--,274,102,168,172,172,Algún campo sin dato,1,d4e62bb85cf137089bbc23ab1bbcff386677ee81e9da779428f4812a1afa8b0f,25/06/2023 22:43:47,ESCANER
11171,"Quetzaltenango",9,"Cantel",14,1498,380,62,26,10,9,60,19,1,15,39,1,1,4,19,266,13,2,281,0,281,--,381,100,266,281,281,Algún campo sin dato,1,63a977dec1fe1f4cc6219234de609cc4c6250eb70597d818c11737ddae49fb60,26/06/2023 00:03:49,ESCANER
11172,"Quetzaltenango",9,"Cantel",14,1498,380,51,15,10,5,86,10,3,20,44,0,2,1,29,276,7,3,286,0,286,--,380,94,276,286,286,Algún campo sin dato,1,4d63cf6b6eac6b2bf6617833b4b0a366e6027c4200fa71a22a1e01002fd76f52,26/06/2023 00:04:30,ESCANER
11173,"Quetzaltenango",9,"Cantel",14,1498,380,67,19,4,13,66,10,3,16,55,1,2,2,15,273,13,1,287,0,287,--,380,93,273,287,287,Algún campo sin dato,1,107edc8315fb60ba9c3cd224bbadd9ce008fcdb48e79b8a74f383f7dadafabe3,26/06/2023 00:20:45,ESCANER
11174,"Quetzaltenango",9,"Cantel",14,1498,380,52,20,11,4,84,8,2,17,55,2,2,2,23,282,19,4,305,0,305,--,380,75,282,305,305,Algún campo sin dato,1,f07cc58a7488a0582ed507a591ee694fbb469e946e0653c042c343e2bbe7a634,25/06/2023 23:58:29,ESCANER
11175,"Quetzaltenango",9,"Cantel",14,1498,380,,,,,,,,,,,,,,,,,,,,,,,,,,,0,,,
11176,"Quetzaltenango",9,"Cantel",14,1498,380,,,,,,,,,,,,,,,,,,,,,,,,,,,0,,,
11177,"Quetzaltenango",9,"Cantel",14,1498,380,,,,,,,,,,,,,,,,,,,,,,,,,,,0,,,
11178,"Quetzaltenango",9,"Cantel",14,1498,380,69,26,9,4,58,8,2,22,35,1,0,2,14,250,6,1,257,0,257,--,380,123,250,257,257,Algún campo sin dato,1,6ef7972579e006cd2625c71fbf499f34d0376f1f73dda01fb473b6f73da1e470,26/06/2023 00:10:40,ESCANER
11179,"Quetzaltenango",9,"Cantel",14,1498,380,,,,,,,,,,,,,,,,,,,,,,,,,,,0,,,
11180,"Quetzaltenango",9,"Cantel",14,1498,380,,,,,,,,,,,,,,,,,,,,,,,,,,,0,,,
11181,"Quetzaltenango",9,"Cantel",14,1498,380,,,,,,,,,,,,,,,,,,,,,,,,,,,0,,,
11182,"Quetzaltenango",9,"Cantel",14,1498,380,,,,,,,,,,,,,,,,,,,,,,,,,,,0,,,
11183,"Quetzaltenango",9,"Cantel",14,1498,380,,,,,,,,,,,,,,,,,,,,,,,,,,,0,,,
11184,"Quetzaltenango",9,"Cantel",14,1498,380,,,,,,,,,,,,,,,,,,,,,,,,,,,0,,,
11185,"Quetzaltenango",9,"Cantel",14,1498,236,30,11,12,3,42,6,4,13,19,0,0,2,16,158,5,0,163,0,163,--,236,73,158,163,163,Algún campo sin dato,1,e14b0c17531abe223f73edbfd85497cf9c68fdee1316dbb2f4fc04010a9f79bb,25/06/2023 23:31:51,ESCANER
11186,"Quetzaltenango",9,"Cantel",14,1498,235,36,12,4,5,41,2,0,10,15,0,1,0,6,132,2,1,135,0,135,--,235,100,132,135,135,Algún campo sin dato,1,2a9eaf96b629bc4a1dcd633449a9955c8f4587e7e745d7bb96ecfbac47946f16,25/06/2023 22:56:14,ESCANER
11187,"Quetzaltenango",9,"Cantel",14,1499,600,53,10,10,7,53,10,3,11,30,4,2,3,22,218,12,5,235,0,235,--,600,365,218,235,235,Algún campo sin dato,1,f909665cbf1a8afe56200d928f107ff12f74e97e4c26e22145cde1489d1bdccb,25/06/2023 23:55:36,ESCANER
11188,"Quetzaltenango",9,"Cantel",14,1499,412,27,6,10,2,29,3,5,10,18,3,2,3,12,130,5,2,137,0,137,--,412,275,130,137,137,Algún campo sin dato,1,a82208fde47cf0796625c631bd9a353e64da221bf52576a0efb3c666938b3d1c,25/06/2023 22:38:10,ESCANER
11189,"Quetzaltenango",9,"Cantel",14,1499,412,17,5,3,1,20,5,0,8,15,0,0,0,9,83,1,1,85,0,85,--,412,327,83,85,85,Algún campo sin dato,1,8a0765c824e40d95e7eeaaa26e3ea8ed2e4477480ba5ac817087ccde33e00931,25/06/2023 22:56:46,ESCANER