﻿TIPO_DE_ELECCIÓN:,CORPORACIÓN MUNICIPAL
26 junio 2023 00:28 (UTC -6)
ACTAS_ESPERADAS,ACTAS_CAPTURADAS,PORCENTAJE_ACTAS_CAPTURADAS,ACTAS_CONTABILIZADAS,PORCENTAJE_ACTAS_CONTABILIZADAS,ACTAS_NO_CONTABILIZADAS,LISTA_NOMINAL_ACTAS_CONTABILIZADAS,VOTOS_EMITIDOS_CONTABILIZADAS,PORCENTAJE_PARTICIPACIÓN_CIUDADANA
22,1,4.5454,1,4.5454,0,301,223,74.0863

MESA,DEPARTAMENTO,ID_DEPARTAMENTO,MUNICIPIO,ID_MUNICIPIO,CENTRO_DE_VOTACIÓN,PADRÓN,UNE,VIVA,PODEMOS,VAMOS,VICTORIA,PPN,CABAL,PHG,VÁLIDOS,NULOS,BLANCO,EMITIDOS,INVÁLIDOS,TOTAL,IMPUGNACIONES,PAPELETAS-RECIBIDAS,PAPELETAS-NO-USADAS,VALIDOS_CALCULADO,EMITIDOS_CALCULADO,TOTAL_CALCULADO,OBSERVACIONES,CONTABILIZADA,CÓDIGO_INTEGRIDAD,FECHA_HORA_PUBLICACIÓN,DIGITALIZACIÓN
12451,"Suchitepéquez",10,"Santo Tomás La Unión",17,1695,400,,,,,,,,,,,,,,,,,,,,,,0,,,
12452,"Suchitepéquez",10,"Santo Tomás La Unión",17,1695,400,,,,,,,,,,,,,,,,,,,,,,0,,,
12453,"Suchitepéquez",10,"Santo Tomás La Unión",17,1695,400,,,,,,,,,,,,,,,,,,,,,,0,,,
12454,"Suchitepéquez",10,"Santo Tomás La Unión",17,1695,400,,,,,,,,,,,,,,,,,,,,,,0,,,
12455,"Suchitepéquez",10,"Santo Tomás La Unión",17,1695,400,,,,,,,,,,,,,,,,,,,,,,0,,,
12456,"Suchitepéquez",10,"Santo Tomás La Unión",17,1695,400,,,,,,,,,,,,,,,,,,,,,,0,,,
12457,"Suchitepéquez",10,"Santo Tomás La Unión",17,1696,400,,,,,,,,,,,,,,,,,,,,,,0,,,
12458,"Suchitepéquez",10,"Santo Tomás La Unión",17,1696,400,,,,,,,,,,,,,,,,,,,,,,0,,,
12459,"Suchitepéquez",10,"Santo Tomás La Unión",17,1696,400,,,,,,,,,,,,,,,,,,,,,,0,,,
12460,"Suchitepéquez",10,"Santo Tomás La Unión",17,1697,400,,,,,,,,,,,,,,,,,,,,,,0,,,
12461,"Suchitepéquez",10,"Santo Tomás La Unión",17,1697,400,,,,,,,,,,,,,,,,,,,,,,0,,,
12462,"Suchitepéquez",10,"Santo Tomás La Unión",17,1697,400,,,,,,,,,,,,,,,,,,,,,,0,,,
12463,"Suchitepéquez",10,"Santo Tomás La Unión",17,1697,400,,,,,,,,,,,,,,,,,,,,,,0,,,
12464,"Suchitepéquez",10,"Santo Tomás La Unión",17,1698,400,,,,,,,,,,,,,,,,,,,,,,0,,,
12465,"Suchitepéquez",10,"Santo Tomás La Unión",17,1698,400,,,,,,,,,,,,,,,,,,,,,,0,,,
12466,"Suchitepéquez",10,"Santo Tomás La Unión",17,1698,400,,,,,,,,,,,,,,,,,,,,,,0,,,
12467,"Suchitepéquez",10,"Santo Tomás La Unión",17,1698,400,,,,,,,,,,,,,,,,,,,,,,0,,,
12468,"Suchitepéquez",10,"Santo Tomás La Unión",17,1698,301,65,79,2,52,18,1,0,2,219,3,1,223,1,224,1,301,77,219,223,224,,1,6131b58ba5544e121b275d4a3dafb583e151b96a276adc699f6f8a889954fe7d,25/06/2023 23:53:22,ESCANER
12469,"Suchitepéquez",10,"Santo Tomás La Unión",17,1698,301,,,,,,,,,,,,,,,,,,,,,,0,,,
12470,"Suchitepéquez",10,"Santo Tomás La Unión",17,1699,400,,,,,,,,,,,,,,,,,,,,,,0,,,
12471,"Suchitepéquez",10,"Santo Tomás La Unión",17,1699,325,,,,,,,,,,,,,,,,,,,,,,0,,,
12472,"Suchitepéquez",10,"Santo Tomás La Unión",17,1699,325,,,,,,,,,,,,,,,,,,,,,,0,,,