﻿TIPO_DE_ELECCIÓN:,CORPORACIÓN MUNICIPAL
26 junio 2023 00:28 (UTC -6)
ACTAS_ESPERADAS,ACTAS_CAPTURADAS,PORCENTAJE_ACTAS_CAPTURADAS,ACTAS_CONTABILIZADAS,PORCENTAJE_ACTAS_CONTABILIZADAS,ACTAS_NO_CONTABILIZADAS,LISTA_NOMINAL_ACTAS_CONTABILIZADAS,VOTOS_EMITIDOS_CONTABILIZADAS,PORCENTAJE_PARTICIPACIÓN_CIUDADANA
41,0,0.0000,0,0.0000,0,0,0,--.----

MESA,DEPARTAMENTO,ID_DEPARTAMENTO,MUNICIPIO,ID_MUNICIPIO,CENTRO_DE_VOTACIÓN,PADRÓN,CABAL,UNE,PHG,VAMOS,PPN,CAMBIO,ELEFANTE,AZUL,VOS,VALOR,CREO,VÁLIDOS,NULOS,BLANCO,EMITIDOS,INVÁLIDOS,TOTAL,IMPUGNACIONES,PAPELETAS-RECIBIDAS,PAPELETAS-NO-USADAS,VALIDOS_CALCULADO,EMITIDOS_CALCULADO,TOTAL_CALCULADO,OBSERVACIONES,CONTABILIZADA,CÓDIGO_INTEGRIDAD,FECHA_HORA_PUBLICACIÓN,DIGITALIZACIÓN
20099,"Alta Verapaz",16,"Chahal",14,3120,400,,,,,,,,,,,,,,,,,,,,,,,,,0,,,
20100,"Alta Verapaz",16,"Chahal",14,3120,400,,,,,,,,,,,,,,,,,,,,,,,,,0,,,
20101,"Alta Verapaz",16,"Chahal",14,3120,400,,,,,,,,,,,,,,,,,,,,,,,,,0,,,
20102,"Alta Verapaz",16,"Chahal",14,3120,400,,,,,,,,,,,,,,,,,,,,,,,,,0,,,
20103,"Alta Verapaz",16,"Chahal",14,3120,400,,,,,,,,,,,,,,,,,,,,,,,,,0,,,
20104,"Alta Verapaz",16,"Chahal",14,3120,400,,,,,,,,,,,,,,,,,,,,,,,,,0,,,
20105,"Alta Verapaz",16,"Chahal",14,3121,400,,,,,,,,,,,,,,,,,,,,,,,,,0,,,
20106,"Alta Verapaz",16,"Chahal",14,3121,400,,,,,,,,,,,,,,,,,,,,,,,,,0,,,
20107,"Alta Verapaz",16,"Chahal",14,3121,400,,,,,,,,,,,,,,,,,,,,,,,,,0,,,
20108,"Alta Verapaz",16,"Chahal",14,3121,400,,,,,,,,,,,,,,,,,,,,,,,,,0,,,
20109,"Alta Verapaz",16,"Chahal",14,3121,400,,,,,,,,,,,,,,,,,,,,,,,,,0,,,
20110,"Alta Verapaz",16,"Chahal",14,3121,400,,,,,,,,,,,,,,,,,,,,,,,,,0,,,
20111,"Alta Verapaz",16,"Chahal",14,3122,311,,,,,,,,,,,,,,,,,,,,,,,,,0,,,
20112,"Alta Verapaz",16,"Chahal",14,3122,311,,,,,,,,,,,,,,,,,,,,,,,,,0,,,
20113,"Alta Verapaz",16,"Chahal",14,3123,380,,,,,,,,,,,,,,,,,,,,,,,,,0,,,
20114,"Alta Verapaz",16,"Chahal",14,3124,380,,,,,,,,,,,,,,,,,,,,,,,,,0,,,
20115,"Alta Verapaz",16,"Chahal",14,3124,380,,,,,,,,,,,,,,,,,,,,,,,,,0,,,
20116,"Alta Verapaz",16,"Chahal",14,3124,380,,,,,,,,,,,,,,,,,,,,,,,,,0,,,
20117,"Alta Verapaz",16,"Chahal",14,3124,380,,,,,,,,,,,,,,,,,,,,,,,,,0,,,
20118,"Alta Verapaz",16,"Chahal",14,3124,380,,,,,,,,,,,,,,,,,,,,,,,,,0,,,
20119,"Alta Verapaz",16,"Chahal",14,3124,380,,,,,,,,,,,,,,,,,,,,,,,,,0,,,
20120,"Alta Verapaz",16,"Chahal",14,3124,380,,,,,,,,,,,,,,,,,,,,,,,,,0,,,
20121,"Alta Verapaz",16,"Chahal",14,3125,203,,,,,,,,,,,,,,,,,,,,,,,,,0,,,
20122,"Alta Verapaz",16,"Chahal",14,3125,203,,,,,,,,,,,,,,,,,,,,,,,,,0,,,
20123,"Alta Verapaz",16,"Chahal",14,3126,380,,,,,,,,,,,,,,,,,,,,,,,,,0,,,
20124,"Alta Verapaz",16,"Chahal",14,3126,380,,,,,,,,,,,,,,,,,,,,,,,,,0,,,
20125,"Alta Verapaz",16,"Chahal",14,3126,380,,,,,,,,,,,,,,,,,,,,,,,,,0,,,
20126,"Alta Verapaz",16,"Chahal",14,3126,238,,,,,,,,,,,,,,,,,,,,,,,,,0,,,
20127,"Alta Verapaz",16,"Chahal",14,3126,237,,,,,,,,,,,,,,,,,,,,,,,,,0,,,
20128,"Alta Verapaz",16,"Chahal",14,3127,380,,,,,,,,,,,,,,,,,,,,,,,,,0,,,
20129,"Alta Verapaz",16,"Chahal",14,3127,380,,,,,,,,,,,,,,,,,,,,,,,,,0,,,
20130,"Alta Verapaz",16,"Chahal",14,3127,380,,,,,,,,,,,,,,,,,,,,,,,,,0,,,
20131,"Alta Verapaz",16,"Chahal",14,3128,380,,,,,,,,,,,,,,,,,,,,,,,,,0,,,
20132,"Alta Verapaz",16,"Chahal",14,3128,285,,,,,,,,,,,,,,,,,,,,,,,,,0,,,
20133,"Alta Verapaz",16,"Chahal",14,3128,285,,,,,,,,,,,,,,,,,,,,,,,,,0,,,
20134,"Alta Verapaz",16,"Chahal",14,3129,380,,,,,,,,,,,,,,,,,,,,,,,,,0,,,
20135,"Alta Verapaz",16,"Chahal",14,3129,380,,,,,,,,,,,,,,,,,,,,,,,,,0,,,
20136,"Alta Verapaz",16,"Chahal",14,3129,380,,,,,,,,,,,,,,,,,,,,,,,,,0,,,
20137,"Alta Verapaz",16,"Chahal",14,3129,380,,,,,,,,,,,,,,,,,,,,,,,,,0,,,
20138,"Alta Verapaz",16,"Chahal",14,3129,193,,,,,,,,,,,,,,,,,,,,,,,,,0,,,
20139,"Alta Verapaz",16,"Chahal",14,3129,192,,,,,,,,,,,,,,,,,,,,,,,,,0,,,