﻿TIPO_DE_ELECCIÓN:,CORPORACIÓN MUNICIPAL
26 junio 2023 00:28 (UTC -6)
ACTAS_ESPERADAS,ACTAS_CAPTURADAS,PORCENTAJE_ACTAS_CAPTURADAS,ACTAS_CONTABILIZADAS,PORCENTAJE_ACTAS_CONTABILIZADAS,ACTAS_NO_CONTABILIZADAS,LISTA_NOMINAL_ACTAS_CONTABILIZADAS,VOTOS_EMITIDOS_CONTABILIZADAS,PORCENTAJE_PARTICIPACIÓN_CIUDADANA
78,43,55.1282,43,55.1282,0,16791,6248,37.2104

MESA,DEPARTAMENTO,ID_DEPARTAMENTO,MUNICIPIO,ID_MUNICIPIO,CENTRO_DE_VOTACIÓN,PADRÓN,VAMOS,UNE,U R N G - MAIZ,TODOS,VALOR,CABAL,PHG,BIEN,VIVA,VÁLIDOS,NULOS,BLANCO,EMITIDOS,INVÁLIDOS,TOTAL,IMPUGNACIONES,PAPELETAS-RECIBIDAS,PAPELETAS-NO-USADAS,VALIDOS_CALCULADO,EMITIDOS_CALCULADO,TOTAL_CALCULADO,OBSERVACIONES,CONTABILIZADA,CÓDIGO_INTEGRIDAD,FECHA_HORA_PUBLICACIÓN,DIGITALIZACIÓN
15140,"Huehuetenango",13,"Cuilco",4,2181,400,41,39,74,3,7,12,9,1,2,188,8,4,--,--,--,--,388,188,188,200,200,Algún campo sin dato,1,988aedc829fa94b8544a2550e413ea5281336e41dad9a7ea437f7119dbae12a1,26/06/2023 00:11:30,ESCANER
15141,"Huehuetenango",13,"Cuilco",4,2181,400,41,39,51,2,12,12,9,0,0,166,21,4,191,0,191,--,400,209,166,191,191,Algún campo sin dato,1,2bc62d71c648de1c8b1d410168c146e0c2c2f579182d788900c8342eeb6c954b,25/06/2023 23:51:03,ESCANER
15142,"Huehuetenango",13,"Cuilco",4,2181,400,49,32,45,4,15,7,10,2,2,166,15,6,187,0,187,--,400,213,166,187,187,Algún campo sin dato,1,7f314f0451bc2461eeb1a92ab82f99626b61115c7b4b2464f894d6e061052b66,25/06/2023 23:57:50,ESCANER
15143,"Huehuetenango",13,"Cuilco",4,2181,400,,,,,,,,,,,,,,,,,,,,,,,0,,,
15144,"Huehuetenango",13,"Cuilco",4,2181,400,34,29,82,2,7,3,5,0,2,164,13,5,182,1,183,--,400,217,164,182,183,Algún campo sin dato,1,55505fae3f351d2659d983ae0c8ff6fbdc4404a93c4e79a5d1475a6c06c93026,25/06/2023 23:22:52,ESCANER
15145,"Huehuetenango",13,"Cuilco",4,2181,400,27,22,51,5,18,7,10,0,1,141,11,0,152,0,152,--,384,232,141,152,152,Algún campo sin dato,1,797a10d5e9078acb025257157295871d21a5587a63110b39eb48622363918ec6,26/06/2023 00:20:20,ESCANER
15146,"Huehuetenango",13,"Cuilco",4,2181,400,,,,,,,,,,,,,,,,,,,,,,,0,,,
15147,"Huehuetenango",13,"Cuilco",4,2182,400,23,25,41,3,4,14,14,0,2,126,4,2,132,0,132,--,400,268,126,132,132,Algún campo sin dato,1,490612ecd0633a4035c59dfcfca660d08ed66e1a6e85c5328984a61c41360d1b,25/06/2023 23:22:51,ESCANER
15148,"Huehuetenango",13,"Cuilco",4,2182,400,33,20,69,4,9,12,13,1,2,163,5,2,170,0,170,--,400,230,163,170,170,Algún campo sin dato,1,4efbd8b574e110666af9c81472d1795ba3d261384743314a7acaaba672067cf2,26/06/2023 00:15:11,ESCANER
15149,"Huehuetenango",13,"Cuilco",4,2182,400,,,,,,,,,,,,,,,,,,,,,,,0,,,
15150,"Huehuetenango",13,"Cuilco",4,2182,400,35,28,49,1,11,7,22,1,0,154,9,1,164,0,164,--,400,236,154,164,164,Algún campo sin dato,1,e283c8d6c6ea660dc79ef3525bb1a6791d5d6f91b85541c65c9ae369cc3f3dcb,25/06/2023 23:55:14,ESCANER
15151,"Huehuetenango",13,"Cuilco",4,2183,352,21,29,41,5,3,6,7,0,1,113,3,0,116,0,116,--,349,233,113,116,116,Algún campo sin dato,1,3f728e121ddb3776a9ccc86ebc12189e55c0964be397c8b70907a43e15ec3c79,25/06/2023 21:08:50,ESCANER
15152,"Huehuetenango",13,"Cuilco",4,2183,351,22,22,53,0,6,7,10,0,2,122,8,5,135,0,135,--,351,216,122,135,135,Algún campo sin dato,1,5b6c28b31d799ef6174e497540337c9fe8b2084d63801a20a174339784829e28,25/06/2023 21:25:54,ESCANER
15153,"Huehuetenango",13,"Cuilco",4,2184,400,,,,,,,,,,,,,,,,,,,,,,,0,,,
15154,"Huehuetenango",13,"Cuilco",4,2185,400,51,44,42,9,3,8,11,1,1,170,12,7,189,0,189,--,400,211,170,189,189,Algún campo sin dato,1,f9932183b38dbec9795060b7114c367d1c581cd0cb23f2555e54754f153804fb,25/06/2023 22:37:32,ESCANER
15155,"Huehuetenango",13,"Cuilco",4,2185,400,,,,,,,,,,,,,,,,,,,,,,,0,,,
15156,"Huehuetenango",13,"Cuilco",4,2185,400,27,43,25,6,9,6,9,2,0,127,26,7,160,0,160,--,400,240,127,160,160,Algún campo sin dato,1,1a4f6c18bbddec16dafac56e3c04165c1217fd548c7338782b8c649d7bc267d1,25/06/2023 21:10:09,ESCANER
15157,"Huehuetenango",13,"Cuilco",4,2185,400,,,,,,,,,,,,,,,,,,,,,,,0,,,
15158,"Huehuetenango",13,"Cuilco",4,2185,400,34,48,58,9,10,10,7,0,0,176,12,7,195,1,196,0,400,204,176,195,196,,1,a67300c99f47b88728153c4d4f62ed54d8512afcb5f39d3c768d02b4ecfdb05c,25/06/2023 23:45:59,ESCANER
15159,"Huehuetenango",13,"Cuilco",4,2185,400,,,,,,,,,,,,,,,,,,,,,,,0,,,
15160,"Huehuetenango",13,"Cuilco",4,2185,400,32,37,35,4,10,7,11,0,1,137,8,3,148,0,148,--,402,254,137,148,148,Algún campo sin dato,1,3b1dbf54878b044d8d986f1895f320432d54ad31316ec37e0de3735212a1dda4,25/06/2023 21:29:57,ESCANER
15161,"Huehuetenango",13,"Cuilco",4,2186,400,,,,,,,,,,,,,,,,,,,,,,,0,,,
15162,"Huehuetenango",13,"Cuilco",4,2186,400,,,,,,,,,,,,,,,,,,,,,,,0,,,
15163,"Huehuetenango",13,"Cuilco",4,2186,322,,,,,,,,,,,,,,,,,,,,,,,0,,,
15164,"Huehuetenango",13,"Cuilco",4,2186,321,,,,,,,,,,,,,,,,,,,,,,,0,,,
15165,"Huehuetenango",13,"Cuilco",4,2187,400,,,,,,,,,,,,,,,,,,,,,,,0,,,
15166,"Huehuetenango",13,"Cuilco",4,2188,400,46,35,36,6,13,14,6,1,1,158,8,9,175,0,175,--,400,225,158,175,175,Algún campo sin dato,1,b9011d15a1c8f173e339d79c07453bea670b24b6c560e823ac96c73dc51608c6,25/06/2023 23:25:23,ESCANER
15167,"Huehuetenango",13,"Cuilco",4,2188,400,,,,,,,,,,,,,,,,,,,,,,,0,,,
15168,"Huehuetenango",13,"Cuilco",4,2188,400,36,28,43,4,13,13,8,0,2,147,15,7,169,0,169,--,400,231,147,169,169,Algún campo sin dato,1,0a23dad2700bcbc26920daef66f12ed65d305b1e8816b6f7bccf3c4fd56920ac,25/06/2023 23:51:58,ESCANER
15169,"Huehuetenango",13,"Cuilco",4,2188,400,25,24,47,5,19,4,5,1,1,131,3,2,136,2,138,--,400,262,131,136,138,Algún campo sin dato,1,89cbcbe58702cc1bb0604060ede951b8eba4ed607c3edfe2088c361e938ddbfa,25/06/2023 21:47:49,ESCANER
15170,"Huehuetenango",13,"Cuilco",4,2188,347,11,35,35,3,17,8,9,1,1,120,1,7,128,0,128,--,347,219,120,128,128,Algún campo sin dato,1,06ab97d91543de08ebd33a604483cfc4adbcb9244a55ed80a23714c1635b3f0c,25/06/2023 21:26:38,ESCANER
15171,"Huehuetenango",13,"Cuilco",4,2189,346,,,,,,,,,,,,,,,,,,,,,,,0,,,
15172,"Huehuetenango",13,"Cuilco",4,2190,380,60,27,48,18,17,6,2,1,1,180,26,16,222,0,222,--,380,158,180,222,222,Algún campo sin dato,1,dc96f12a25492d33edb28ff8b706fd1731038bf6fead449eaa27ba1d9cbc4989,25/06/2023 21:35:54,ESCANER
15173,"Huehuetenango",13,"Cuilco",4,2190,380,,,,,,,,,,,,,,,,,,,,,,,0,,,
15174,"Huehuetenango",13,"Cuilco",4,2190,380,45,28,70,23,14,4,3,0,1,188,19,6,213,0,213,--,380,167,188,213,213,Algún campo sin dato,1,0be38864b4280866080caec11382dcd4c3ba19f8407ce68b9166f3c2590307a9,25/06/2023 23:40:36,ESCANER
15175,"Huehuetenango",13,"Cuilco",4,2191,380,,,,,,,,,,,,,,,,,,,,,,,0,,,
15176,"Huehuetenango",13,"Cuilco",4,2191,380,,,,,,,,,,,,,,,,,,,,,,,0,,,
15177,"Huehuetenango",13,"Cuilco",4,2192,240,39,21,31,11,8,4,3,0,0,117,3,4,124,0,124,--,241,117,117,124,124,Algún campo sin dato,1,3dae3435424603776e7e570b64f223dd3ce084ff75de6460cfa410c542f0824f,25/06/2023 23:46:23,ESCANER
15178,"Huehuetenango",13,"Cuilco",4,2192,240,30,17,24,15,12,1,0,0,0,99,15,5,119,0,119,--,240,121,99,119,119,Algún campo sin dato,1,8a2bdb5a7bf6d728726357b81fa8d6ee363fc24c2ffeca87e86cfc7ac321b4bb,25/06/2023 23:54:44,ESCANER
15179,"Huehuetenango",13,"Cuilco",4,2193,380,70,27,32,3,23,5,6,4,0,170,10,5,185,0,185,--,380,195,170,185,185,Algún campo sin dato,1,9814f54cfbdae5068814041f82750924c04cb70f06fad00b152d2a95689c6f41,25/06/2023 23:07:20,ESCANER
15180,"Huehuetenango",13,"Cuilco",4,2193,380,69,47,23,1,29,3,2,1,0,175,14,3,192,0,192,--,381,189,175,192,192,Algún campo sin dato,1,16506115d2ce9452ec22f84dac1acd73315aa4282459c278b94db971f90fa7b6,25/06/2023 22:38:18,ESCANER
15181,"Huehuetenango",13,"Cuilco",4,2193,380,,,,,,,,,,,,,,,,,,,,,,,0,,,
15182,"Huehuetenango",13,"Cuilco",4,2193,380,,,,,,,,,,,,,,,,,,,,,,,0,,,
15183,"Huehuetenango",13,"Cuilco",4,2194,380,46,30,31,0,33,3,8,0,2,153,6,2,161,0,161,--,400,239,153,161,161,Algún campo sin dato,1,8b126029c98618428fada88a95815fe4da1c07445a2932611319f8294816b31c,25/06/2023 23:49:32,ESCANER
15184,"Huehuetenango",13,"Cuilco",4,2194,380,62,45,27,0,22,2,5,1,2,166,7,3,176,0,176,--,380,204,166,176,176,Algún campo sin dato,1,f1a897a8d4c163115750ddd216bd4344bba8a51308c3bb717946b6b126a60286,26/06/2023 00:04:35,ESCANER
15185,"Huehuetenango",13,"Cuilco",4,2194,217,37,13,19,0,12,2,2,1,0,86,0,2,88,0,88,--,217,129,86,88,88,Algún campo sin dato,1,7863cd32f18b2eb96351e2e86253e87aafb5ec760cdfd6f8408e734ca4a1c49d,25/06/2023 22:37:27,ESCANER
15186,"Huehuetenango",13,"Cuilco",4,2194,216,,,,,,,,,,,,,,,,,,,,,,,0,,,
15187,"Huehuetenango",13,"Cuilco",4,2195,380,,,,,,,,,,,,,,,,,,,,,,,0,,,
15188,"Huehuetenango",13,"Cuilco",4,2195,380,,,,,,,,,,,,,,,,,,,,,,,0,,,
15189,"Huehuetenango",13,"Cuilco",4,2195,380,15,19,76,2,24,2,5,0,1,144,9,6,159,0,159,--,380,221,144,159,159,Algún campo sin dato,1,554f015c002f31337b0eb775ef0db72eb36f44ded71d1454fbcade7a38fe16c2,25/06/2023 23:37:13,ESCANER
15190,"Huehuetenango",13,"Cuilco",4,2195,380,18,12,49,5,24,0,1,0,0,109,1,4,114,0,114,--,381,267,109,114,114,Algún campo sin dato,1,8f04d5b15b74594fbf74511f0bf520e70a8c9571c1e8580353ee9d2a95662f4d,25/06/2023 23:54:45,ESCANER
15191,"Huehuetenango",13,"Cuilco",4,2196,224,19,12,39,3,10,2,2,0,1,88,1,3,92,0,92,--,224,132,88,92,92,Algún campo sin dato,1,a1debfb812f2939386d930ea0a1dcb30a37cc9bb64390305cda0cb1f0fefe663,25/06/2023 22:56:52,ESCANER
15192,"Huehuetenango",13,"Cuilco",4,2196,224,7,14,28,1,10,0,1,1,0,62,1,2,65,0,65,--,224,159,62,65,65,Algún campo sin dato,1,c8859d854167ef0851ccdd3c245c5f487dd10910b63e7833c4602c0239d012d8,25/06/2023 23:25:46,ESCANER
15193,"Huehuetenango",13,"Cuilco",4,2197,380,14,23,82,0,35,3,12,0,1,170,15,7,192,0,192,0,380,188,170,192,192,,1,f0f2deed1357a7948bb26b3f3af032b6b2cc51d1da1b14484bd56aab85392a78,26/06/2023 00:01:08,ESCANER
15194,"Huehuetenango",13,"Cuilco",4,2197,380,25,52,83,1,32,5,6,0,0,204,12,4,220,0,220,--,377,157,204,220,220,Algún campo sin dato,1,b414083e8ff20fa3655e0cf87dd752c26e183a520107586719e888cc05094114,25/06/2023 23:36:43,ESCANER
15195,"Huehuetenango",13,"Cuilco",4,2197,380,,,,,,,,,,,,,,,,,,,,,,,0,,,
15196,"Huehuetenango",13,"Cuilco",4,2197,360,,,,,,,,,,,,,,,,,,,,,,,0,,,
15197,"Huehuetenango",13,"Cuilco",4,2198,359,12,26,53,1,21,2,4,0,1,120,7,2,129,0,129,--,359,230,120,129,129,Algún campo sin dato,1,fa6c4ec5ff8a1553749bcc06df744798b398d076b0fea27b1fbb89f61598b1a1,26/06/2023 00:22:06,ESCANER
15198,"Huehuetenango",13,"Cuilco",4,2199,380,,,,,,,,,,,,,,,,,,,,,,,0,,,
15199,"Huehuetenango",13,"Cuilco",4,2199,380,,,,,,,,,,,,,,,,,,,,,,,0,,,
15200,"Huehuetenango",13,"Cuilco",4,2199,380,,,,,,,,,,,,,,,,,,,,,,,0,,,
15201,"Huehuetenango",13,"Cuilco",4,2199,380,26,19,76,6,7,3,3,0,1,141,12,2,155,0,155,--,380,225,141,155,155,Algún campo sin dato,1,fb63c16055dadf19b16a0b561a5e08b1f9ee1511dd09c7d6ac43747ec8f882e2,26/06/2023 00:27:43,ESCANER
15202,"Huehuetenango",13,"Cuilco",4,2200,362,29,20,62,0,6,2,4,2,0,125,9,6,140,0,140,--,362,222,125,140,140,Algún campo sin dato,1,3c11938c6ba616351f2246975ec11fdaaccc8b7670ee7a7a5abd717610a06fd7,25/06/2023 23:38:01,ESCANER
15203,"Huehuetenango",13,"Cuilco",4,2200,361,24,17,63,1,1,2,2,0,2,112,4,2,118,0,118,--,361,243,112,118,118,Algún campo sin dato,1,00403f774127a52d5033d2e28982f14836a5e3aeb948162deddf79b5e961e332,25/06/2023 23:41:00,ESCANER
15204,"Huehuetenango",13,"Cuilco",4,2201,380,,,,,,,,,,,,,,,,,,,,,,,0,,,
15205,"Huehuetenango",13,"Cuilco",4,2201,229,,,,,,,,,,,,,,,,,,,,,,,0,,,
15206,"Huehuetenango",13,"Cuilco",4,2202,228,,,,,,,,,,,,,,,,,,,,,,,0,,,
15207,"Huehuetenango",13,"Cuilco",4,2203,380,,,,,,,,,,,,,,,,,,,,,,,0,,,
15208,"Huehuetenango",13,"Cuilco",4,2203,380,,,,,,,,,,,,,,,,,,,,,,,0,,,
15209,"Huehuetenango",13,"Cuilco",4,2204,380,,,,,,,,,,,,,,,,,,,,,,,0,,,
15210,"Huehuetenango",13,"Cuilco",4,2204,380,,,,,,,,,,,,,,,,,,,,,,,0,,,
15211,"Huehuetenango",13,"Cuilco",4,2204,358,,,,,,,,,,,,,,,,,,,,,,,0,,,
15212,"Huehuetenango",13,"Cuilco",4,2204,357,36,50,28,12,1,6,2,0,2,137,3,2,142,1,143,--,357,214,137,142,143,Algún campo sin dato,1,b86faa8c67b8cfe74eafe55c25b758fb2b94c79ae2055363d7adba2037f0479a,26/06/2023 00:06:33,ESCANER
15213,"Huehuetenango",13,"Cuilco",4,2205,600,26,9,29,2,2,4,4,0,1,77,8,2,87,0,87,--,600,513,77,87,87,Algún campo sin dato,1,c87da1482721693c0a776b2f626eefb985f77e339ac81ab7287f2f069e0f0cd6,25/06/2023 22:08:50,ESCANER
15214,"Huehuetenango",13,"Cuilco",4,2205,600,14,9,25,2,9,8,4,0,0,71,5,3,79,0,79,--,600,521,71,79,79,Algún campo sin dato,1,58e1b2292cf468742e5f4065f7e0e714c37dbc5e44c7953de67d26800085e5ab,25/06/2023 23:55:50,ESCANER
15215,"Huehuetenango",13,"Cuilco",4,2205,600,16,15,18,4,7,3,2,0,2,67,0,3,80,10,80,--,603,523,67,70,80,Sumas Asentadas sin cuadrar,1,a7513d3530d84df308c83015f60db77278690f05034baba2ed6bff53471b034d,25/06/2023 21:21:57,ESCANER
15216,"Huehuetenango",13,"Cuilco",4,2205,589,11,9,13,2,4,5,4,0,0,48,4,1,53,0,53,--,589,536,48,53,53,Algún campo sin dato,1,4664359c38b2997e0e2fa567c712e9ade6a0c0179ace98e9395fcdd2f0ee62cb,25/06/2023 21:29:33,ESCANER
15217,"Huehuetenango",13,"Cuilco",4,2205,588,5,2,4,2,2,1,3,0,0,19,5,0,24,0,24,--,588,564,19,24,24,Algún campo sin dato,1,3644b0d018c57ca581347ae0d2680a062aaf8dca903fce607ce40a548537679f,25/06/2023 20:58:35,ESCANER