﻿TIPO_DE_ELECCIÓN:,CORPORACIÓN MUNICIPAL
26 junio 2023 00:28 (UTC -6)
ACTAS_ESPERADAS,ACTAS_CAPTURADAS,PORCENTAJE_ACTAS_CAPTURADAS,ACTAS_CONTABILIZADAS,PORCENTAJE_ACTAS_CONTABILIZADAS,ACTAS_NO_CONTABILIZADAS,LISTA_NOMINAL_ACTAS_CONTABILIZADAS,VOTOS_EMITIDOS_CONTABILIZADAS,PORCENTAJE_PARTICIPACIÓN_CIUDADANA
19,10,52.6315,10,52.6315,0,3476,2819,81.0989

MESA,DEPARTAMENTO,ID_DEPARTAMENTO,MUNICIPIO,ID_MUNICIPIO,CENTRO_DE_VOTACIÓN,PADRÓN,TODOS,VAMOS,CAMBIO,UNE,BIEN,PPN,AZUL,VÁLIDOS,NULOS,BLANCO,EMITIDOS,INVÁLIDOS,TOTAL,IMPUGNACIONES,PAPELETAS-RECIBIDAS,PAPELETAS-NO-USADAS,VALIDOS_CALCULADO,EMITIDOS_CALCULADO,TOTAL_CALCULADO,OBSERVACIONES,CONTABILIZADA,CÓDIGO_INTEGRIDAD,FECHA_HORA_PUBLICACIÓN,DIGITALIZACIÓN
12473,"Suchitepéquez",10,"Zunilito",18,1700,400,,,,,,,,,,,,,,,,,,,,,0,,,
12474,"Suchitepéquez",10,"Zunilito",18,1700,400,,,,,,,,,,,,,,,,,,,,,0,,,
12475,"Suchitepéquez",10,"Zunilito",18,1700,400,,,,,,,,,,,,,,,,,,,,,0,,,
12476,"Suchitepéquez",10,"Zunilito",18,1700,400,,,,,,,,,,,,,,,,,,,,,0,,,
12477,"Suchitepéquez",10,"Zunilito",18,1700,400,,,,,,,,,,,,,,,,,,,,,0,,,
12478,"Suchitepéquez",10,"Zunilito",18,1700,400,,,,,,,,,,,,,,,,,,,,,0,,,
12479,"Suchitepéquez",10,"Zunilito",18,1700,400,,,,,,,,,,,,,,,,,,,,,0,,,
12480,"Suchitepéquez",10,"Zunilito",18,1700,400,5,165,18,4,5,124,0,321,2,0,323,77,400,--,400,77,321,323,400,Algún campo sin dato,1,f949b6fd8d8ab093ac163e7dac5a45894031d3c895355f16a4a40ba13c869818,26/06/2023 00:15:46,ESCANER
12481,"Suchitepéquez",10,"Zunilito",18,1700,400,,,,,,,,,,,,,,,,,,,,,0,,,
12482,"Suchitepéquez",10,"Zunilito",18,1701,400,4,161,12,3,1,126,0,307,8,4,319,0,319,--,400,81,307,319,319,Algún campo sin dato,1,336cdd0fec2f5484e23b8e369c66f838dfd69d9a3bd87dfeae38ceffc6601a39,25/06/2023 22:49:52,ESCANER
12483,"Suchitepéquez",10,"Zunilito",18,1701,400,2,155,12,2,10,143,0,324,5,1,330,0,330,--,400,70,324,330,330,Algún campo sin dato,1,6973494d85472b7378f03426ce0911307056daebfde6a62dda50b34f8e7b31bc,26/06/2023 00:09:45,ESCANER
12484,"Suchitepéquez",10,"Zunilito",18,1701,400,,,,,,,,,,,,,,,,,,,,,0,,,
12485,"Suchitepéquez",10,"Zunilito",18,1702,400,4,170,12,3,6,125,0,320,2,0,322,0,322,--,379,57,320,322,322,Algún campo sin dato,1,7ac845f6ff0f4c00d70e2832bc8b472677b2c0817f244410ee8893e5ef4f5919,25/06/2023 23:38:39,ESCANER
12486,"Suchitepéquez",10,"Zunilito",18,1702,363,1,138,15,3,7,139,0,303,0,1,304,3,307,--,363,56,303,304,307,Algún campo sin dato,1,665d8dfcc5445ee1cc5b9fc43e14d08af001cdb2b4e5c342801e855cdc682390,25/06/2023 23:13:04,ESCANER
12487,"Suchitepéquez",10,"Zunilito",18,1702,362,1,129,9,2,3,116,0,260,1,0,261,0,261,--,367,106,260,261,261,Algún campo sin dato,1,6e05e90eef37c5a0b8e22a92f6aa65c5dd6f44d645ecc9cd5f1890e41c36cfcd,25/06/2023 23:01:18,ESCANER
12488,"Suchitepéquez",10,"Zunilito",18,1703,380,1,228,2,3,3,89,0,326,11,1,338,0,338,--,400,62,326,338,338,Algún campo sin dato,1,1792e0950aba28abb512d24ef16ad05656ef8083bd3e7515e6ebd66ddfeed720,25/06/2023 23:37:39,ESCANER
12489,"Suchitepéquez",10,"Zunilito",18,1703,380,2,194,1,4,4,98,0,303,10,0,313,0,313,--,380,67,303,313,313,Algún campo sin dato,1,17fc974b3728994ac99b859e2d5ffc4629514eabd2ed56c7ba8ced5388f8acde,26/06/2023 00:06:52,ESCANER
12490,"Suchitepéquez",10,"Zunilito",18,1703,196,0,101,1,1,3,59,0,165,1,1,167,0,167,--,197,30,165,167,167,Algún campo sin dato,1,9e77b315ed378923c8b7cf3343d699cf662dc0e84be77d9ad9abbcbf6246f5a7,25/06/2023 22:53:36,ESCANER
12491,"Suchitepéquez",10,"Zunilito",18,1703,195,0,95,3,1,0,42,0,141,1,0,142,0,142,--,195,53,141,142,142,Algún campo sin dato,1,6ab01a04049ece515ea9b93a8b732bfb57d548170b2359b61648545b04295030,25/06/2023 22:08:17,ESCANER