﻿TIPO_DE_ELECCIÓN:,CORPORACIÓN MUNICIPAL
26 junio 2023 00:28 (UTC -6)
ACTAS_ESPERADAS,ACTAS_CAPTURADAS,PORCENTAJE_ACTAS_CAPTURADAS,ACTAS_CONTABILIZADAS,PORCENTAJE_ACTAS_CONTABILIZADAS,ACTAS_NO_CONTABILIZADAS,LISTA_NOMINAL_ACTAS_CONTABILIZADAS,VOTOS_EMITIDOS_CONTABILIZADAS,PORCENTAJE_PARTICIPACIÓN_CIUDADANA
640,159,24.8437,158,24.6875,1,60909,35365,58.0620

MESA,DEPARTAMENTO,ID_DEPARTAMENTO,MUNICIPIO,ID_MUNICIPIO,CENTRO_DE_VOTACIÓN,PADRÓN,VAMOS,BIEN,CABAL,MLP,UNE,PPG,PIN,PHG,WINAQ,VIVA,ELEFANTE,TODOS,AZUL,U R N G - MAIZ,UR,PODEMOS,PR,VALOR,MI FAMILIA,CAMBIO,PPN,VICTORIA,SEMILLA,P A N,VOS,FCN-NACION,CREO,UNIONISTA,VÁLIDOS,NULOS,BLANCO,EMITIDOS,INVÁLIDOS,TOTAL,IMPUGNACIONES,PAPELETAS-RECIBIDAS,PAPELETAS-NO-USADAS,VALIDOS_CALCULADO,EMITIDOS_CALCULADO,TOTAL_CALCULADO,OBSERVACIONES,CONTABILIZADA,CÓDIGO_INTEGRIDAD,FECHA_HORA_PUBLICACIÓN,DIGITALIZACIÓN
4246,"Guatemala",1,"Villa Nueva",15,438,400,,,,,,,,,,,,,,,,,,,,,,,,,,,,,,,,,,,,,,,,,,0,,,
4247,"Guatemala",1,"Villa Nueva",15,438,400,,,,,,,,,,,,,,,,,,,,,,,,,,,,,,,,,,,,,,,,,,0,,,
4248,"Guatemala",1,"Villa Nueva",15,438,400,30,17,5,0,19,29,14,5,0,4,9,3,6,3,32,6,1,19,2,3,1,7,20,0,3,3,2,--,243,15,0,258,0,258,--,396,138,243,258,258,Algún campo sin dato,1,5845221e28a47afb1dd2e443888c58fd91081a292e696ed959f4749e1f77a0d0,25/06/2023 23:43:48,ESCANER
4249,"Guatemala",1,"Villa Nueva",15,438,400,,,,,,,,,,,,,,,,,,,,,,,,,,,,,,,,,,,,,,,,,,0,,,
4250,"Guatemala",1,"Villa Nueva",15,438,400,,,,,,,,,,,,,,,,,,,,,,,,,,,,,,,,,,,,,,,,,,0,,,
4251,"Guatemala",1,"Villa Nueva",15,438,400,28,12,6,3,15,30,17,6,3,3,2,9,2,5,51,4,1,25,3,3,1,4,13,0,0,3,1,4,254,16,3,273,0,273,--,397,124,254,273,273,Algún campo sin dato,1,883048650b7084a1697b5d3e6e234628c23c1218dd2af6e109edb59005e98702,26/06/2023 00:23:51,ESCANER
4252,"Guatemala",1,"Villa Nueva",15,438,400,,,,,,,,,,,,,,,,,,,,,,,,,,,,,,,,,,,,,,,,,,0,,,
4253,"Guatemala",1,"Villa Nueva",15,439,400,,,,,,,,,,,,,,,,,,,,,,,,,,,,,,,,,,,,,,,,,,0,,,
4254,"Guatemala",1,"Villa Nueva",15,439,400,25,11,10,1,21,29,18,5,1,9,4,13,1,3,41,0,0,13,2,4,0,7,12,2,2,4,2,1,241,24,3,268,0,268,--,400,132,241,268,268,Algún campo sin dato,1,58fa41bc835fe9d2fca3f9723ba36c27578687e492077ae1c03a385ca3010d94,25/06/2023 23:55:18,ESCANER
4255,"Guatemala",1,"Villa Nueva",15,439,400,,,,,,,,,,,,,,,,,,,,,,,,,,,,,,,,,,,,,,,,,,0,,,
4256,"Guatemala",1,"Villa Nueva",15,439,400,,,,,,,,,,,,,,,,,,,,,,,,,,,,,,,,,,,,,,,,,,0,,,
4257,"Guatemala",1,"Villa Nueva",15,439,400,,,,,,,,,,,,,,,,,,,,,,,,,,,,,,,,,,,,,,,,,,0,,,
4258,"Guatemala",1,"Villa Nueva",15,440,400,,,,,,,,,,,,,,,,,,,,,,,,,,,,,,,,,,,,,,,,,,0,,,
4259,"Guatemala",1,"Villa Nueva",15,440,400,,,,,,,,,,,,,,,,,,,,,,,,,,,,,,,,,,,,,,,,,,0,,,
4260,"Guatemala",1,"Villa Nueva",15,440,400,,,,,,,,,,,,,,,,,,,,,,,,,,,,,,,,,,,,,,,,,,0,,,
4261,"Guatemala",1,"Villa Nueva",15,440,400,,,,,,,,,,,,,,,,,,,,,,,,,,,,,,,,,,,,,,,,,,0,,,
4262,"Guatemala",1,"Villa Nueva",15,440,400,,,,,,,,,,,,,,,,,,,,,,,,,,,,,,,,,,,,,,,,,,0,,,
4263,"Guatemala",1,"Villa Nueva",15,440,400,,,,,,,,,,,,,,,,,,,,,,,,,,,,,,,,,,,,,,,,,,0,,,
4264,"Guatemala",1,"Villa Nueva",15,440,400,,,,,,,,,,,,,,,,,,,,,,,,,,,,,,,,,,,,,,,,,,0,,,
4265,"Guatemala",1,"Villa Nueva",15,440,400,,,,,,,,,,,,,,,,,,,,,,,,,,,,,,,,,,,,,,,,,,0,,,
4266,"Guatemala",1,"Villa Nueva",15,440,400,,,,,,,,,,,,,,,,,,,,,,,,,,,,,,,,,,,,,,,,,,0,,,
4267,"Guatemala",1,"Villa Nueva",15,440,400,27,16,9,0,15,26,11,5,3,6,7,4,3,4,37,6,0,27,2,3,1,2,15,2,2,2,1,2,238,18,1,257,0,257,--,400,143,238,257,257,Algún campo sin dato,1,bca28df961fc5e5a965d4a47709bebe294c14a01b1808fbc282933777e8fcbfb,25/06/2023 23:46:49,ESCANER
4268,"Guatemala",1,"Villa Nueva",15,440,400,,,,,,,,,,,,,,,,,,,,,,,,,,,,,,,,,,,,,,,,,,0,,,
4269,"Guatemala",1,"Villa Nueva",15,440,400,,,,,,,,,,,,,,,,,,,,,,,,,,,,,,,,,,,,,,,,,,0,,,
4270,"Guatemala",1,"Villa Nueva",15,440,400,,,,,,,,,,,,,,,,,,,,,,,,,,,,,,,,,,,,,,,,,,0,,,
4271,"Guatemala",1,"Villa Nueva",15,440,400,,,,,,,,,,,,,,,,,,,,,,,,,,,,,,,,,,,,,,,,,,0,,,
4272,"Guatemala",1,"Villa Nueva",15,440,400,,,,,,,,,,,,,,,,,,,,,,,,,,,,,,,,,,,,,,,,,,0,,,
4273,"Guatemala",1,"Villa Nueva",15,441,400,,,,,,,,,,,,,,,,,,,,,,,,,,,,,,,,,,,,,,,,,,0,,,
4274,"Guatemala",1,"Villa Nueva",15,441,400,,,,,,,,,,,,,,,,,,,,,,,,,,,,,,,,,,,,,,,,,,0,,,
4275,"Guatemala",1,"Villa Nueva",15,441,400,,,,,,,,,,,,,,,,,,,,,,,,,,,,,,,,,,,,,,,,,,0,,,
4276,"Guatemala",1,"Villa Nueva",15,441,400,17,9,8,0,6,18,13,2,0,3,3,1,1,0,24,1,0,19,2,0,2,0,26,0,2,1,0,1,159,7,0,166,0,166,--,400,234,159,166,166,Algún campo sin dato,1,16e6826314f4ab29984e799ed188e7bca4b3fe01afe25b264383494864190da5,25/06/2023 23:15:27,ESCANER
4277,"Guatemala",1,"Villa Nueva",15,441,400,18,11,10,1,7,21,17,5,2,5,7,5,2,0,38,2,0,23,0,4,2,2,24,0,5,3,3,1,218,12,0,230,0,230,--,400,170,218,230,230,Algún campo sin dato,1,0c791558859a7993941b7f49b783236381de8915cfa120c8c6f57815db42de8f,26/06/2023 00:25:17,ESCANER
4278,"Guatemala",1,"Villa Nueva",15,441,354,15,9,10,0,6,21,17,4,2,4,3,3,0,1,34,1,1,17,2,2,1,2,40,1,3,1,1,2,203,9,0,212,0,212,--,351,139,203,212,212,Algún campo sin dato,1,bc426c122cb459dcc7e012c4397d7884cd16f4c699b8813ed7e3c3c71298dc89,25/06/2023 23:41:31,ESCANER
4279,"Guatemala",1,"Villa Nueva",15,441,353,,,,,,,,,,,,,,,,,,,,,,,,,,,,,,,,,,,,,,,,,,0,,,
4280,"Guatemala",1,"Villa Nueva",15,442,400,,,,,,,,,,,,,,,,,,,,,,,,,,,,,,,,,,,,,,,,,,0,,,
4281,"Guatemala",1,"Villa Nueva",15,442,400,26,14,16,1,16,17,15,3,1,10,7,5,0,4,27,0,0,27,3,8,0,16,15,0,1,3,2,2,239,24,1,264,0,--,--,400,136,239,264,264,Algún campo sin dato,1,a4abb508f8e249582fceddda70590e4577532266acf33e364d8685a6e19f796f,25/06/2023 23:45:10,ESCANER
4282,"Guatemala",1,"Villa Nueva",15,442,400,,,,,,,,,,,,,,,,,,,,,,,,,,,,,,,,,,,,,,,,,,0,,,
4283,"Guatemala",1,"Villa Nueva",15,442,400,,,,,,,,,,,,,,,,,,,,,,,,,,,,,,,,,,,,,,,,,,0,,,
4284,"Guatemala",1,"Villa Nueva",15,442,400,,,,,,,,,,,,,,,,,,,,,,,,,,,,,,,,,,,,,,,,,,0,,,
4285,"Guatemala",1,"Villa Nueva",15,442,400,,,,,,,,,,,,,,,,,,,,,,,,,,,,,,,,,,,,,,,,,,0,,,
4286,"Guatemala",1,"Villa Nueva",15,442,400,31,15,11,0,14,16,9,2,1,8,8,2,5,5,21,0,2,21,0,6,0,7,14,1,5,4,1,3,212,22,2,236,0,236,--,400,164,212,236,236,Algún campo sin dato,1,83382e0cc7f26f122d9af67d67bc73c2f522a2f8384918da93eec41da5d7b9d6,25/06/2023 23:18:26,ESCANER
4287,"Guatemala",1,"Villa Nueva",15,442,400,,,,,,,,,,,,,,,,,,,,,,,,,,,,,,,,,,,,,,,,,,0,,,
4288,"Guatemala",1,"Villa Nueva",15,442,393,,,,,,,,,,,,,,,,,,,,,,,,,,,,,,,,,,,,,,,,,,0,,,
4289,"Guatemala",1,"Villa Nueva",15,442,393,30,5,8,1,3,9,7,3,2,3,8,1,3,3,32,3,0,18,2,2,1,5,39,1,3,3,0,4,199,11,0,210,0,210,--,393,183,199,210,210,Algún campo sin dato,1,5360dcf21dc60e085175f381203a6a32d767d61e11d42da8554dc0168f8c670a,26/06/2023 00:05:53,ESCANER
4290,"Guatemala",1,"Villa Nueva",15,443,400,56,23,7,3,10,6,10,0,3,6,3,2,3,14,15,4,2,18,4,5,3,1,30,2,10,1,3,2,246,24,0,270,0,270,--,400,130,246,270,270,Algún campo sin dato,1,c2b074b1b75c77a92246bf9cc655d039e287b75f71d9fa58cdd51a1a2bfc816d,26/06/2023 00:18:42,ESCANER
4291,"Guatemala",1,"Villa Nueva",15,443,400,,,,,,,,,,,,,,,,,,,,,,,,,,,,,,,,,,,,,,,,,,0,,,
4292,"Guatemala",1,"Villa Nueva",15,443,400,,,,,,,,,,,,,,,,,,,,,,,,,,,,,,,,,,,,,,,,,,0,,,
4293,"Guatemala",1,"Villa Nueva",15,443,400,,,,,,,,,,,,,,,,,,,,,,,,,,,,,,,,,,,,,,,,,,0,,,
4294,"Guatemala",1,"Villa Nueva",15,443,400,,,,,,,,,,,,,,,,,,,,,,,,,,,,,,,,,,,,,,,,,,0,,,
4295,"Guatemala",1,"Villa Nueva",15,444,400,32,28,21,4,4,9,4,1,5,6,7,2,7,7,15,3,1,15,2,6,1,5,28,2,12,1,3,9,240,17,1,258,0,258,--,400,142,240,258,258,Algún campo sin dato,1,bd3733fe8f43f0767cc720d160f91c61f23858952af6c1d25320aaa739d249c4,26/06/2023 00:21:06,ESCANER
4296,"Guatemala",1,"Villa Nueva",15,444,400,,,,,,,,,,,,,,,,,,,,,,,,,,,,,,,,,,,,,,,,,,0,,,
4297,"Guatemala",1,"Villa Nueva",15,444,400,42,24,9,3,8,9,6,3,2,7,8,3,2,1,19,4,0,21,5,4,2,5,34,1,10,1,2,5,240,8,1,249,0,249,--,400,151,240,249,249,Algún campo sin dato,1,3fa59dfb426aacd8499573a940d2edd1c51c34d0f4cffb9c1dc24e18f7148278,25/06/2023 23:56:02,ESCANER
4298,"Guatemala",1,"Villa Nueva",15,444,400,,,,,,,,,,,,,,,,,,,,,,,,,,,,,,,,,,,,,,,,,,0,,,
4299,"Guatemala",1,"Villa Nueva",15,444,400,,,,,,,,,,,,,,,,,,,,,,,,,,,,,,,,,,,,,,,,,,0,,,
4300,"Guatemala",1,"Villa Nueva",15,444,367,36,16,9,3,3,12,5,1,1,0,2,4,0,5,15,0,0,19,2,1,1,1,59,0,6,0,0,4,205,7,2,214,0,214,--,364,150,205,214,214,Algún campo sin dato,1,7075fe660d6887c771a04d779ee23bb6cacc1baa3ab565bcbc772fbd7761c606,26/06/2023 00:10:03,ESCANER
4301,"Guatemala",1,"Villa Nueva",15,444,367,,,,,,,,,,,,,,,,,,,,,,,,,,,,,,,,,,,,,,,,,,0,,,
4302,"Guatemala",1,"Villa Nueva",15,445,400,,,,,,,,,,,,,,,,,,,,,,,,,,,,,,,,,,,,,,,,,,0,,,
4303,"Guatemala",1,"Villa Nueva",15,445,400,,,,,,,,,,,,,,,,,,,,,,,,,,,,,,,,,,,,,,,,,,0,,,
4304,"Guatemala",1,"Villa Nueva",15,445,400,,,,,,,,,,,,,,,,,,,,,,,,,,,,,,,,,,,,,,,,,,0,,,
4305,"Guatemala",1,"Villa Nueva",15,445,400,19,20,14,1,6,16,3,0,3,11,12,6,1,6,28,5,1,28,11,6,2,4,20,2,6,1,3,4,239,24,2,265,0,265,--,400,135,239,265,265,Algún campo sin dato,1,965108e1301fd7ed22417c3bdf9125049ddfeeec48edb508fa642922cd37a7af,25/06/2023 23:45:39,ESCANER
4306,"Guatemala",1,"Villa Nueva",15,445,400,24,27,18,2,7,9,5,2,0,18,7,3,4,3,21,2,1,41,8,2,2,5,31,1,10,0,1,2,256,10,1,267,0,267,--,400,133,256,267,267,Algún campo sin dato,1,e4fa395306f412b49a4ea7bf090df33e4be5177f8da09898bb8cdb3ae0573c77,25/06/2023 23:57:01,ESCANER
4307,"Guatemala",1,"Villa Nueva",15,445,400,17,27,18,2,2,10,3,0,3,14,9,0,0,1,21,3,3,36,1,8,3,3,36,1,9,0,5,1,236,16,0,252,0,252,--,400,148,236,252,252,Algún campo sin dato,1,43a4e2ab581084455d0c582c966fbe9ac66d2f4b261671ff2627b747dbe0fa51,25/06/2023 22:32:35,ESCANER
4308,"Guatemala",1,"Villa Nueva",15,445,400,19,21,18,0,7,18,3,1,1,10,9,5,5,3,26,4,5,29,3,8,1,1,36,1,5,0,7,0,246,20,1,267,0,267,--,400,133,246,267,267,Algún campo sin dato,1,429c3f784fa7aa670670ee698ee374da05a0be595f33bef41c563b7cdb67e70c,26/06/2023 00:24:00,ESCANER
4309,"Guatemala",1,"Villa Nueva",15,445,400,,,,,,,,,,,,,,,,,,,,,,,,,,,,,,,,,,,,,,,,,,0,,,
4310,"Guatemala",1,"Villa Nueva",15,445,400,,,,,,,,,,,,,,,,,,,,,,,,,,,,,,,,,,,,,,,,,,0,,,
4311,"Guatemala",1,"Villa Nueva",15,445,400,,,,,,,,,,,,,,,,,,,,,,,,,,,,,,,,,,,,,,,,,,0,,,
4312,"Guatemala",1,"Villa Nueva",15,445,400,,,,,,,,,,,,,,,,,,,,,,,,,,,,,,,,,,,,,,,,,,0,,,
4313,"Guatemala",1,"Villa Nueva",15,445,400,,,,,,,,,,,,,,,,,,,,,,,,,,,,,,,,,,,,,,,,,,0,,,
4314,"Guatemala",1,"Villa Nueva",15,445,400,,,,,,,,,,,,,,,,,,,,,,,,,,,,,,,,,,,,,,,,,,0,,,
4315,"Guatemala",1,"Villa Nueva",15,445,400,,,,,,,,,,,,,,,,,,,,,,,,,,,,,,,,,,,,,,,,,,0,,,
4316,"Guatemala",1,"Villa Nueva",15,445,400,,,,,,,,,,,,,,,,,,,,,,,,,,,,,,,,,,,,,,,,,,0,,,
4317,"Guatemala",1,"Villa Nueva",15,446,400,,,,,,,,,,,,,,,,,,,,,,,,,,,,,,,,,,,,,,,,,,0,,,
4318,"Guatemala",1,"Villa Nueva",15,446,400,,,,,,,,,,,,,,,,,,,,,,,,,,,,,,,,,,,,,,,,,,0,,,
4319,"Guatemala",1,"Villa Nueva",15,446,400,,,,,,,,,,,,,,,,,,,,,,,,,,,,,,,,,,,,,,,,,,0,,,
4320,"Guatemala",1,"Villa Nueva",15,446,342,,,,,,,,,,,,,,,,,,,,,,,,,,,,,,,,,,,,,,,,,,0,,,
4321,"Guatemala",1,"Villa Nueva",15,446,342,,,,,,,,,,,,,,,,,,,,,,,,,,,,,,,,,,,,,,,,,,0,,,
4322,"Guatemala",1,"Villa Nueva",15,447,400,51,18,5,0,17,4,0,1,2,38,10,1,1,1,8,4,0,26,8,1,3,5,10,0,1,0,0,3,218,15,1,234,8,242,--,400,158,218,234,242,Algún campo sin dato,1,4b406302df9d25f6bc4d05ce2da2469cd0205ad2f9589cff93e0f904f8541ed9,25/06/2023 23:09:01,ESCANER
4323,"Guatemala",1,"Villa Nueva",15,447,400,,,,,,,,,,,,,,,,,,,,,,,,,,,,,,,,,,,,,,,,,,0,,,
4324,"Guatemala",1,"Villa Nueva",15,447,400,,,,,,,,,,,,,,,,,,,,,,,,,,,,,,,,,,,,,,,,,,0,,,
4325,"Guatemala",1,"Villa Nueva",15,447,400,39,29,5,1,12,5,4,0,3,43,6,1,0,3,6,2,1,21,5,2,2,8,7,1,6,0,2,2,216,22,3,241,0,241,--,400,159,216,241,241,Algún campo sin dato,1,a98a317aed22e855cf23d89d0b580100d54d0bbcd26100415f095cd9df92f62e,25/06/2023 23:57:35,ESCANER
4326,"Guatemala",1,"Villa Nueva",15,447,400,48,32,4,1,9,8,3,0,2,38,4,1,0,3,9,5,0,27,4,2,3,5,13,2,2,0,1,3,229,18,2,249,0,249,--,400,151,229,249,249,Algún campo sin dato,1,97c9882bc96717c2a2d22785e7ae8a45089241cb385deeb20ca873a51da4e5ad,26/06/2023 00:04:33,ESCANER
4327,"Guatemala",1,"Villa Nueva",15,447,400,,,,,,,,,,,,,,,,,,,,,,,,,,,,,,,,,,,,,,,,,,0,,,
4328,"Guatemala",1,"Villa Nueva",15,447,400,48,18,3,0,17,5,1,0,0,43,6,1,1,1,7,3,0,16,10,0,4,6,8,1,3,0,0,2,204,20,2,226,0,226,--,400,174,204,226,226,Algún campo sin dato,1,4381860ec90fa5cc137c2c51eb491789aeca314ce9cff4904d35c682c516a209,26/06/2023 00:14:12,ESCANER
4329,"Guatemala",1,"Villa Nueva",15,447,400,43,23,4,1,8,5,2,2,0,41,7,2,0,6,9,8,0,18,5,1,1,6,12,2,4,0,0,1,211,25,2,238,0,238,--,400,162,211,238,238,Algún campo sin dato,1,753ddbc781fcd4143a084bb86cc15e08df89a072238cda8304b77fe9380b58af,25/06/2023 23:43:37,ESCANER
4330,"Guatemala",1,"Villa Nueva",15,447,400,43,17,7,0,15,6,1,0,1,38,4,1,1,3,7,7,0,28,4,3,0,7,9,4,2,1,2,0,211,22,3,236,0,236,--,400,164,211,236,236,Algún campo sin dato,1,14cd9bbca9f634e3c696f4e192287dd1db91ed51746a801ec14a0d8cddb12335,25/06/2023 23:53:33,ESCANER
4331,"Guatemala",1,"Villa Nueva",15,447,400,,,,,,,,,,,,,,,,,,,,,,,,,,,,,,,,,,,,,,,,,,0,,,
4332,"Guatemala",1,"Villa Nueva",15,447,400,42,19,4,0,8,5,2,0,0,32,2,1,3,2,8,3,0,22,3,3,3,7,9,0,1,0,1,4,184,23,3,210,0,210,--,400,190,184,210,210,Algún campo sin dato,1,d48f2d77ded416fce29325bd5217bed10aed80a5e4f0d3c5d4e24c3cfa28ef4f,26/06/2023 00:02:48,ESCANER
4333,"Guatemala",1,"Villa Nueva",15,447,400,,,,,,,,,,,,,,,,,,,,,,,,,,,,,,,,,,,,,,,,,,0,,,
4334,"Guatemala",1,"Villa Nueva",15,447,400,,,,,,,,,,,,,,,,,,,,,,,,,,,,,,,,,,,,,,,,,,0,,,
4335,"Guatemala",1,"Villa Nueva",15,447,400,45,23,2,0,6,6,0,0,3,25,1,1,0,1,9,7,1,37,3,2,2,6,20,0,1,0,1,0,202,10,0,212,0,212,--,400,188,202,212,212,Algún campo sin dato,1,002400bb9d114977fd800314b543163e578bba4fa3cc67c4ce6db5b22ef513f0,26/06/2023 00:22:27,ESCANER
4336,"Guatemala",1,"Villa Nueva",15,447,225,29,10,3,1,5,2,2,0,0,20,3,0,0,2,3,2,0,13,1,1,5,4,8,0,2,1,0,0,117,2,0,119,0,119,--,225,106,117,119,119,Algún campo sin dato,1,bfce597c42b042019657827149bd0aa5519039ca07cd8c035cb92be489b86f9b,25/06/2023 23:21:30,ESCANER
4337,"Guatemala",1,"Villa Nueva",15,447,224,20,15,5,0,2,2,0,1,0,16,1,1,0,1,3,3,1,14,4,3,1,3,17,0,1,0,0,0,114,4,0,118,0,118,--,224,106,114,118,118,Algún campo sin dato,1,65fae54a86d7c64588c8f4db07e60c301050f75c5e165d2486dd6b4b7e81b27b,25/06/2023 23:01:08,ESCANER
4338,"Guatemala",1,"Villa Nueva",15,448,400,,,,,,,,,,,,,,,,,,,,,,,,,,,,,,,,,,,,,,,,,,0,,,
4339,"Guatemala",1,"Villa Nueva",15,448,400,,,,,,,,,,,,,,,,,,,,,,,,,,,,,,,,,,,,,,,,,,0,,,
4340,"Guatemala",1,"Villa Nueva",15,448,400,,,,,,,,,,,,,,,,,,,,,,,,,,,,,,,,,,,,,,,,,,0,,,
4341,"Guatemala",1,"Villa Nueva",15,448,400,,,,,,,,,,,,,,,,,,,,,,,,,,,,,,,,,,,,,,,,,,0,,,
4342,"Guatemala",1,"Villa Nueva",15,448,400,,,,,,,,,,,,,,,,,,,,,,,,,,,,,,,,,,,,,,,,,,0,,,
4343,"Guatemala",1,"Villa Nueva",15,448,400,,,,,,,,,,,,,,,,,,,,,,,,,,,,,,,,,,,,,,,,,,0,,,
4344,"Guatemala",1,"Villa Nueva",15,448,400,,,,,,,,,,,,,,,,,,,,,,,,,,,,,,,,,,,,,,,,,,0,,,
4345,"Guatemala",1,"Villa Nueva",15,448,400,,,,,,,,,,,,,,,,,,,,,,,,,,,,,,,,,,,,,,,,,,0,,,
4346,"Guatemala",1,"Villa Nueva",15,448,400,,,,,,,,,,,,,,,,,,,,,,,,,,,,,,,,,,,,,,,,,,0,,,
4347,"Guatemala",1,"Villa Nueva",15,448,400,,,,,,,,,,,,,,,,,,,,,,,,,,,,,,,,,,,,,,,,,,0,,,
4348,"Guatemala",1,"Villa Nueva",15,448,400,,,,,,,,,,,,,,,,,,,,,,,,,,,,,,,,,,,,,,,,,,0,,,
4349,"Guatemala",1,"Villa Nueva",15,448,400,,,,,,,,,,,,,,,,,,,,,,,,,,,,,,,,,,,,,,,,,,0,,,
4350,"Guatemala",1,"Villa Nueva",15,448,400,,,,,,,,,,,,,,,,,,,,,,,,,,,,,,,,,,,,,,,,,,0,,,
4351,"Guatemala",1,"Villa Nueva",15,448,400,,,,,,,,,,,,,,,,,,,,,,,,,,,,,,,,,,,,,,,,,,0,,,
4352,"Guatemala",1,"Villa Nueva",15,448,400,,,,,,,,,,,,,,,,,,,,,,,,,,,,,,,,,,,,,,,,,,0,,,
4353,"Guatemala",1,"Villa Nueva",15,448,400,,,,,,,,,,,,,,,,,,,,,,,,,,,,,,,,,,,,,,,,,,0,,,
4354,"Guatemala",1,"Villa Nueva",15,448,400,,,,,,,,,,,,,,,,,,,,,,,,,,,,,,,,,,,,,,,,,,0,,,
4355,"Guatemala",1,"Villa Nueva",15,448,400,,,,,,,,,,,,,,,,,,,,,,,,,,,,,,,,,,,,,,,,,,0,,,
4356,"Guatemala",1,"Villa Nueva",15,448,400,,,,,,,,,,,,,,,,,,,,,,,,,,,,,,,,,,,,,,,,,,0,,,
4357,"Guatemala",1,"Villa Nueva",15,448,400,,,,,,,,,,,,,,,,,,,,,,,,,,,,,,,,,,,,,,,,,,0,,,
4358,"Guatemala",1,"Villa Nueva",15,448,400,,,,,,,,,,,,,,,,,,,,,,,,,,,,,,,,,,,,,,,,,,0,,,
4359,"Guatemala",1,"Villa Nueva",15,448,400,,,,,,,,,,,,,,,,,,,,,,,,,,,,,,,,,,,,,,,,,,0,,,
4360,"Guatemala",1,"Villa Nueva",15,448,400,,,,,,,,,,,,,,,,,,,,,,,,,,,,,,,,,,,,,,,,,,0,,,
4361,"Guatemala",1,"Villa Nueva",15,448,400,,,,,,,,,,,,,,,,,,,,,,,,,,,,,,,,,,,,,,,,,,0,,,
4362,"Guatemala",1,"Villa Nueva",15,448,400,,,,,,,,,,,,,,,,,,,,,,,,,,,,,,,,,,,,,,,,,,0,,,
4363,"Guatemala",1,"Villa Nueva",15,448,400,,,,,,,,,,,,,,,,,,,,,,,,,,,,,,,,,,,,,,,,,,0,,,
4364,"Guatemala",1,"Villa Nueva",15,448,400,,,,,,,,,,,,,,,,,,,,,,,,,,,,,,,,,,,,,,,,,,0,,,
4365,"Guatemala",1,"Villa Nueva",15,448,400,66,26,4,0,16,9,2,0,1,21,2,0,1,3,12,4,3,25,4,2,2,6,11,1,2,0,0,0,223,15,1,239,0,239,--,400,161,223,239,239,Algún campo sin dato,1,47faaae6c6e84ee4b85454cdd3ce716a69acab5030bcf4fec2bcbb8f57656d95,26/06/2023 00:10:31,ESCANER
4366,"Guatemala",1,"Villa Nueva",15,448,400,,,,,,,,,,,,,,,,,,,,,,,,,,,,,,,,,,,,,,,,,,0,,,
4367,"Guatemala",1,"Villa Nueva",15,448,400,,,,,,,,,,,,,,,,,,,,,,,,,,,,,,,,,,,,,,,,,,0,,,
4368,"Guatemala",1,"Villa Nueva",15,448,400,,,,,,,,,,,,,,,,,,,,,,,,,,,,,,,,,,,,,,,,,,0,,,
4369,"Guatemala",1,"Villa Nueva",15,448,400,,,,,,,,,,,,,,,,,,,,,,,,,,,,,,,,,,,,,,,,,,0,,,
4370,"Guatemala",1,"Villa Nueva",15,448,400,,,,,,,,,,,,,,,,,,,,,,,,,,,,,,,,,,,,,,,,,,0,,,
4371,"Guatemala",1,"Villa Nueva",15,449,400,41,19,8,0,9,4,1,1,2,26,3,0,4,1,7,1,0,14,6,0,3,3,13,1,6,2,3,1,179,16,4,199,0,199,--,400,201,179,199,199,Algún campo sin dato,1,cc97f449a22eefbc97a259c4184600cb36bcc3c8ac7c2139207e36376ccb7c6e,26/06/2023 00:18:27,ESCANER
4372,"Guatemala",1,"Villa Nueva",15,449,400,,,,,,,,,,,,,,,,,,,,,,,,,,,,,,,,,,,,,,,,,,0,,,
4373,"Guatemala",1,"Villa Nueva",15,449,400,,,,,,,,,,,,,,,,,,,,,,,,,,,,,,,,,,,,,,,,,,0,,,
4374,"Guatemala",1,"Villa Nueva",15,449,400,,,,,,,,,,,,,,,,,,,,,,,,,,,,,,,,,,,,,,,,,,0,,,
4375,"Guatemala",1,"Villa Nueva",15,449,400,,,,,,,,,,,,,,,,,,,,,,,,,,,,,,,,,,,,,,,,,,0,,,
4376,"Guatemala",1,"Villa Nueva",15,449,400,,,,,,,,,,,,,,,,,,,,,,,,,,,,,,,,,,,,,,,,,,0,,,
4377,"Guatemala",1,"Villa Nueva",15,449,400,,,,,,,,,,,,,,,,,,,,,,,,,,,,,,,,,,,,,,,,,,0,,,
4378,"Guatemala",1,"Villa Nueva",15,449,400,,,,,,,,,,,,,,,,,,,,,,,,,,,,,,,,,,,,,,,,,,0,,,
4379,"Guatemala",1,"Villa Nueva",15,449,400,,,,,,,,,,,,,,,,,,,,,,,,,,,,,,,,,,,,,,,,,,0,,,
4380,"Guatemala",1,"Villa Nueva",15,449,400,,,,,,,,,,,,,,,,,,,,,,,,,,,,,,,,,,,,,,,,,,0,,,
4381,"Guatemala",1,"Villa Nueva",15,449,400,,,,,,,,,,,,,,,,,,,,,,,,,,,,,,,,,,,,,,,,,,0,,,
4382,"Guatemala",1,"Villa Nueva",15,449,400,,,,,,,,,,,,,,,,,,,,,,,,,,,,,,,,,,,,,,,,,,0,,,
4383,"Guatemala",1,"Villa Nueva",15,449,400,,,,,,,,,,,,,,,,,,,,,,,,,,,,,,,,,,,,,,,,,,0,,,
4384,"Guatemala",1,"Villa Nueva",15,449,400,,,,,,,,,,,,,,,,,,,,,,,,,,,,,,,,,,,,,,,,,,0,,,
4385,"Guatemala",1,"Villa Nueva",15,449,400,,,,,,,,,,,,,,,,,,,,,,,,,,,,,,,,,,,,,,,,,,0,,,
4386,"Guatemala",1,"Villa Nueva",15,449,400,,,,,,,,,,,,,,,,,,,,,,,,,,,,,,,,,,,,,,,,,,0,,,
4387,"Guatemala",1,"Villa Nueva",15,449,400,,,,,,,,,,,,,,,,,,,,,,,,,,,,,,,,,,,,,,,,,,0,,,
4388,"Guatemala",1,"Villa Nueva",15,449,400,,,,,,,,,,,,,,,,,,,,,,,,,,,,,,,,,,,,,,,,,,0,,,
4389,"Guatemala",1,"Villa Nueva",15,449,219,26,14,3,1,5,4,0,0,0,6,4,0,2,1,8,1,2,5,3,1,0,1,27,0,2,0,1,0,117,8,0,125,0,125,--,218,93,117,125,125,Algún campo sin dato,1,608eabd2c9de7f274d990f2876c628fda32e182082cfc410d083b9efdfde198c,26/06/2023 00:04:26,ESCANER
4390,"Guatemala",1,"Villa Nueva",15,449,218,18,7,4,1,1,1,0,0,0,9,0,0,0,3,8,0,1,5,2,1,1,4,18,0,2,0,0,1,87,2,1,90,2,92,--,218,126,87,90,92,Algún campo sin dato,1,2a6cdcdd4a483bae1f70681a4fe1d5bb18a9359738aa27e694c1c6ef161c8817,25/06/2023 23:22:39,ESCANER
4391,"Guatemala",1,"Villa Nueva",15,450,400,39,15,8,2,20,6,5,0,1,7,2,0,2,1,7,3,1,52,4,1,3,6,13,2,4,0,0,2,206,22,4,232,0,232,--,400,168,206,232,232,Algún campo sin dato,1,851db483fe708762f8523309b873f12c27c8f50e7040b6e00111a050b825651d,25/06/2023 23:42:40,ESCANER
4392,"Guatemala",1,"Villa Nueva",15,450,400,46,21,6,1,19,4,1,1,1,10,2,4,4,3,10,2,0,45,8,3,1,4,14,0,0,0,0,5,215,25,1,241,0,241,--,400,159,215,241,241,Algún campo sin dato,1,279ca285d7a8424cd098ec766cf0c2532f2f7bce1337bf8581d26a4671458fca,26/06/2023 00:24:36,ESCANER
4393,"Guatemala",1,"Villa Nueva",15,450,400,,,,,,,,,,,,,,,,,,,,,,,,,,,,,,,,,,,,,,,,,,0,,,
4394,"Guatemala",1,"Villa Nueva",15,450,400,25,18,8,0,28,5,2,1,3,9,3,0,2,2,10,1,1,61,2,2,2,2,10,0,1,0,0,5,203,37,2,242,0,242,0,401,159,203,242,242,,1,df2003ca4a68108aeae186836203a4303fc27c13c98121d01fc4b8e457637aaa,25/06/2023 22:44:08,ESCANER
4395,"Guatemala",1,"Villa Nueva",15,450,400,52,24,9,2,18,4,2,0,1,17,5,0,2,4,16,0,0,62,2,3,2,4,12,4,1,1,1,--,248,22,1,271,0,271,--,397,126,248,271,271,Algún campo sin dato,1,35bb060710d32d33d756e77acfdf190364175620494ceb1cb1e46c3322025e8f,25/06/2023 22:12:43,ESCANER
4396,"Guatemala",1,"Villa Nueva",15,450,400,,,,,,,,,,,,,,,,,,,,,,,,,,,,,,,,,,,,,,,,,,0,,,
4397,"Guatemala",1,"Villa Nueva",15,450,400,29,19,5,2,15,8,1,2,1,6,8,1,3,8,13,0,0,62,2,1,3,3,10,1,2,0,1,2,208,26,3,237,0,237,--,400,163,208,237,237,Algún campo sin dato,1,740dfb41c90551e5cc2873147a228e71b14ed7bcd0440a970652faa2610dff94,25/06/2023 23:54:48,ESCANER
4398,"Guatemala",1,"Villa Nueva",15,450,400,,,,,,,,,,,,,,,,,,,,,,,,,,,,,,,,,,,,,,,,,,0,,,
4399,"Guatemala",1,"Villa Nueva",15,450,400,39,20,11,3,8,1,3,3,1,10,1,1,0,1,17,0,0,56,2,0,2,3,21,1,1,1,0,3,209,19,3,231,0,231,--,400,169,209,231,231,Algún campo sin dato,1,052851f7966bdb0b38a6b0b9f68fb0bd64c80a97f88a3f05e94b7bd647484367,26/06/2023 00:11:05,ESCANER
4400,"Guatemala",1,"Villa Nueva",15,450,400,27,11,3,2,20,6,3,0,1,7,2,1,2,1,7,3,1,58,3,1,1,4,7,1,4,0,1,2,179,38,2,219,0,219,--,400,181,179,219,219,Algún campo sin dato,1,2c412e3f33e3a389c102da26587a39c17952392b46917e85b4983d346c151b1a,25/06/2023 23:33:37,ESCANER
4401,"Guatemala",1,"Villa Nueva",15,450,400,36,24,7,3,16,6,3,1,1,9,3,1,1,1,14,1,1,47,4,2,3,6,8,0,4,0,1,8,211,26,1,238,0,238,--,400,162,211,238,238,Algún campo sin dato,1,2d1f89cbd72da09abe692a3f5bdee15109e08a330852fcfcb8c32476897a786a,26/06/2023 00:01:53,ESCANER
4402,"Guatemala",1,"Villa Nueva",15,451,400,,,,,,,,,,,,,,,,,,,,,,,,,,,,,,,,,,,,,,,,,,0,,,
4403,"Guatemala",1,"Villa Nueva",15,451,400,34,17,5,1,9,5,4,0,2,7,5,1,1,1,19,2,1,48,2,2,2,6,17,1,3,1,1,0,197,16,4,217,0,217,--,397,180,197,217,217,Algún campo sin dato,1,25dd6f57cdcca7358a08201ca6a1fd5f62635ee2f477497fc872abe3dc5ba707,26/06/2023 00:24:59,ESCANER
4404,"Guatemala",1,"Villa Nueva",15,451,400,33,24,5,1,19,5,4,1,1,4,4,2,1,2,17,1,1,60,3,1,1,1,18,0,1,1,0,6,217,17,3,237,0,237,--,400,163,217,237,237,Algún campo sin dato,1,5f650910e49b1d9e01c4c53831de7aa6f0db635ce32f6b941daaeeea68e5d9ff,25/06/2023 23:29:00,ESCANER
4405,"Guatemala",1,"Villa Nueva",15,451,400,,,,,,,,,,,,,,,,,,,,,,,,,,,,,,,,,,,,,,,,,,0,,,
4406,"Guatemala",1,"Villa Nueva",15,451,400,36,18,8,3,18,3,1,2,0,12,4,2,3,4,10,3,1,48,1,1,2,3,7,0,4,1,0,3,198,20,5,223,0,223,--,400,177,198,223,223,Algún campo sin dato,1,42f43eade2a620a65da1b5e93fb12e510e30b29661307caf92b5e757f31cba39,26/06/2023 00:13:20,ESCANER
4407,"Guatemala",1,"Villa Nueva",15,451,400,48,25,4,2,9,4,0,1,4,7,5,0,2,8,12,1,0,47,3,1,5,3,13,2,2,2,2,1,213,14,8,235,0,235,--,400,165,213,235,235,Algún campo sin dato,1,2af5b5bdd2c3266353b9d6f6f37a38b7dc1d51c6ddc1054b3b206adcc3611273,25/06/2023 23:18:41,ESCANER
4408,"Guatemala",1,"Villa Nueva",15,451,400,40,16,6,2,19,1,0,2,0,14,3,1,2,1,6,2,0,60,2,0,4,2,11,1,2,2,1,4,204,21,3,228,0,228,--,400,172,204,228,228,Algún campo sin dato,1,f1f2d2bba1e0c9c94f30170dedabc9b98f853e35565847df96b0051fdd3438f7,25/06/2023 23:40:01,ESCANER
4409,"Guatemala",1,"Villa Nueva",15,451,400,,,,,,,,,,,,,,,,,,,,,,,,,,,,,,,,,,,,,,,,,,0,,,
4410,"Guatemala",1,"Villa Nueva",15,451,400,,,,,,,,,,,,,,,,,,,,,,,,,,,,,,,,,,,,,,,,,,0,,,
4411,"Guatemala",1,"Villa Nueva",15,451,400,,,,,,,,,,,,,,,,,,,,,,,,,,,,,,,,,,,,,,,,,,0,,,
4412,"Guatemala",1,"Villa Nueva",15,451,400,36,11,6,2,15,1,0,5,0,10,8,1,1,1,10,0,0,55,1,4,5,4,11,0,5,0,1,6,199,19,1,219,0,219,--,400,181,199,219,219,Algún campo sin dato,1,4b3e25f11652601dd9831cce5407f31e19a14ff43cc0dee617a73da05e92e3a1,25/06/2023 23:16:09,ESCANER
4413,"Guatemala",1,"Villa Nueva",15,451,400,38,25,8,1,13,3,1,1,2,6,3,0,3,3,9,1,1,48,1,0,6,1,12,1,4,0,1,5,197,20,4,221,--,--,--,400,179,197,221,221,Algún campo sin dato,1,701922c017d6239dcebfb2b84cfe3ebf564c4c165ad1c8984a21ebba646c1ec7,25/06/2023 23:39:39,ESCANER
4414,"Guatemala",1,"Villa Nueva",15,451,400,,,,,,,,,,,,,,,,,,,,,,,,,,,,,,,,,,,,,,,,,,0,,,
4415,"Guatemala",1,"Villa Nueva",15,451,400,,,,,,,,,,,,,,,,,,,,,,,,,,,,,,,,,,,,,,,,,,0,,,
4416,"Guatemala",1,"Villa Nueva",15,451,400,,,,,,,,,,,,,,,,,,,,,,,,,,,,,,,,,,,,,,,,,,0,,,
4417,"Guatemala",1,"Villa Nueva",15,451,400,,,,,,,,,,,,,,,,,,,,,,,,,,,,,,,,,,,,,,,,,,0,,,
4418,"Guatemala",1,"Villa Nueva",15,451,400,,,,,,,,,,,,,,,,,,,,,,,,,,,,,,,,,,,,,,,,,,0,,,
4419,"Guatemala",1,"Villa Nueva",15,451,400,,,,,,,,,,,,,,,,,,,,,,,,,,,,,,,,,,,,,,,,,,0,,,
4420,"Guatemala",1,"Villa Nueva",15,451,381,,,,,,,,,,,,,,,,,,,,,,,,,,,,,,,,,,,,,,,,,,0,,,
4421,"Guatemala",1,"Villa Nueva",15,451,380,,,,,,,,,,,,,,,,,,,,,,,,,,,,,,,,,,,,,,,,,,0,,,
4422,"Guatemala",1,"Villa Nueva",15,452,400,,,,,,,,,,,,,,,,,,,,,,,,,,,,,,,,,,,,,,,,,,0,,,
4423,"Guatemala",1,"Villa Nueva",15,452,400,42,21,10,1,8,3,2,0,5,2,7,3,2,0,57,4,1,45,3,1,1,5,12,0,8,0,2,6,251,22,5,278,0,278,--,--,--,251,278,278,Algún campo sin dato,1,3d4d72b93e33114686a0ef53c2e3ab0bcd79eadf5be9e1b20f139b5c1e74daae,25/06/2023 23:05:32,ESCANER
4424,"Guatemala",1,"Villa Nueva",15,452,400,,,,,,,,,,,,,,,,,,,,,,,,,,,,,,,,,,,,,,,,,,0,,,
4425,"Guatemala",1,"Villa Nueva",15,452,400,,,,,,,,,,,,,,,,,,,,,,,,,,,,,,,,,,,,,,,,,,0,,,
4426,"Guatemala",1,"Villa Nueva",15,452,400,,,,,,,,,,,,,,,,,,,,,,,,,,,,,,,,,,,,,,,,,,0,,,
4427,"Guatemala",1,"Villa Nueva",15,452,400,34,20,6,1,12,8,8,1,2,6,5,1,5,1,33,7,0,47,2,2,1,5,21,2,11,0,1,2,244,15,3,262,0,262,--,400,138,244,262,262,Algún campo sin dato,1,2cbdcec173361da0399422c065ca769378f77b4fe0662214a25daf67499d1635,25/06/2023 23:30:01,ESCANER
4428,"Guatemala",1,"Villa Nueva",15,452,400,35,14,6,0,10,13,4,0,2,5,6,3,1,2,36,5,1,59,2,3,3,9,13,0,3,2,1,5,243,15,5,263,0,263,--,--,--,243,263,263,Algún campo sin dato,1,21137d39f5def35da8ff3434d5143c78a049a024b6d0cb4a57a1ac0036e7d3f3,25/06/2023 23:17:36,ESCANER
4429,"Guatemala",1,"Villa Nueva",15,452,400,,,,,,,,,,,,,,,,,,,,,,,,,,,,,,,,,,,,,,,,,,0,,,
4430,"Guatemala",1,"Villa Nueva",15,452,400,,,,,,,,,,,,,,,,,,,,,,,,,,,,,,,,,,,,,,,,,,0,,,
4431,"Guatemala",1,"Villa Nueva",15,452,400,,,,,,,,,,,,,,,,,,,,,,,,,,,,,,,,,,,,,,,,,,0,,,
4432,"Guatemala",1,"Villa Nueva",15,452,400,,,,,,,,,,,,,,,,,,,,,,,,,,,,,,,,,,,,,,,,,,0,,,
4433,"Guatemala",1,"Villa Nueva",15,452,400,35,17,12,2,7,3,3,1,1,3,2,0,0,1,39,4,0,54,5,2,5,5,26,1,2,0,0,4,234,8,0,242,1,243,--,400,157,234,242,243,Algún campo sin dato,1,8b24a60ed3320ce1518fa4b9dfad8cb3437e4c96c81680eccaf7a218ff908b78,25/06/2023 23:35:11,ESCANER
4434,"Guatemala",1,"Villa Nueva",15,452,400,25,16,7,2,2,3,1,1,2,1,6,3,0,3,34,2,0,60,6,2,2,7,30,0,7,0,1,1,224,12,1,237,0,237,--,400,163,224,237,237,Algún campo sin dato,1,4794b11f29b82ef8ef5925dda2273248c5bf316dad6fdf712a300eb23fc39f65,26/06/2023 00:17:45,ESCANER
4435,"Guatemala",1,"Villa Nueva",15,452,272,,,,,,,,,,,,,,,,,,,,,,,,,,,,,,,,,,,,,,,,,,0,,,
4436,"Guatemala",1,"Villa Nueva",15,452,272,6,12,3,0,3,0,1,0,0,2,6,1,1,0,22,1,0,31,2,2,0,3,26,0,2,0,0,2,126,2,0,128,0,128,--,272,144,126,128,128,Algún campo sin dato,1,757c41f2e7aaaf54d8d400ca31a75cc23502e8fdb0726b1d08ddfd217ea17ba8,25/06/2023 22:57:24,ESCANER
4437,"Guatemala",1,"Villa Nueva",15,453,400,,,,,,,,,,,,,,,,,,,,,,,,,,,,,,,,,,,,,,,,,,0,,,
4438,"Guatemala",1,"Villa Nueva",15,453,400,,,,,,,,,,,,,,,,,,,,,,,,,,,,,,,,,,,,,,,,,,0,,,
4439,"Guatemala",1,"Villa Nueva",15,453,400,,,,,,,,,,,,,,,,,,,,,,,,,,,,,,,,,,,,,,,,,,0,,,
4440,"Guatemala",1,"Villa Nueva",15,453,400,,,,,,,,,,,,,,,,,,,,,,,,,,,,,,,,,,,,,,,,,,0,,,
4441,"Guatemala",1,"Villa Nueva",15,453,400,,,,,,,,,,,,,,,,,,,,,,,,,,,,,,,,,,,,,,,,,,0,,,
4442,"Guatemala",1,"Villa Nueva",15,453,400,,,,,,,,,,,,,,,,,,,,,,,,,,,,,,,,,,,,,,,,,,0,,,
4443,"Guatemala",1,"Villa Nueva",15,453,400,,,,,,,,,,,,,,,,,,,,,,,,,,,,,,,,,,,,,,,,,,0,,,
4444,"Guatemala",1,"Villa Nueva",15,453,400,,,,,,,,,,,,,,,,,,,,,,,,,,,,,,,,,,,,,,,,,,0,,,
4445,"Guatemala",1,"Villa Nueva",15,453,400,,,,,,,,,,,,,,,,,,,,,,,,,,,,,,,,,,,,,,,,,,0,,,
4446,"Guatemala",1,"Villa Nueva",15,453,400,,,,,,,,,,,,,,,,,,,,,,,,,,,,,,,,,,,,,,,,,,0,,,
4447,"Guatemala",1,"Villa Nueva",15,453,400,,,,,,,,,,,,,,,,,,,,,,,,,,,,,,,,,,,,,,,,,,0,,,
4448,"Guatemala",1,"Villa Nueva",15,453,400,,,,,,,,,,,,,,,,,,,,,,,,,,,,,,,,,,,,,,,,,,0,,,
4449,"Guatemala",1,"Villa Nueva",15,454,400,34,22,14,4,5,11,12,1,2,6,4,7,2,1,40,2,1,24,4,4,3,3,23,2,10,1,1,5,248,17,0,265,0,265,--,400,135,248,265,265,Algún campo sin dato,1,191424f4c4cbd3e21eea97b66e8295cee00e1324d02ff47b2ab6c66c1ae1d654,26/06/2023 00:10:45,ESCANER
4450,"Guatemala",1,"Villa Nueva",15,454,400,,,,,,,,,,,,,,,,,,,,,,,,,,,,,,,,,,,,,,,,,,0,,,
4451,"Guatemala",1,"Villa Nueva",15,454,400,30,16,11,1,3,15,6,5,1,4,7,6,1,4,55,2,0,33,3,8,3,6,16,1,5,3,2,4,251,17,2,270,0,270,--,400,130,251,270,270,Algún campo sin dato,1,0e63a57e0c44d9fcd99b9c2e4cdfacda9d2aba2b6b9deb5af454aa906d843d35,26/06/2023 00:21:32,ESCANER
4452,"Guatemala",1,"Villa Nueva",15,454,400,,,,,,,,,,,,,,,,,,,,,,,,,,,,,,,,,,,,,,,,,,0,,,
4453,"Guatemala",1,"Villa Nueva",15,454,400,,,,,,,,,,,,,,,,,,,,,,,,,,,,,,,,,,,,,,,,,,0,,,
4454,"Guatemala",1,"Villa Nueva",15,454,400,,,,,,,,,,,,,,,,,,,,,,,,,,,,,,,,,,,,,,,,,,0,,,
4455,"Guatemala",1,"Villa Nueva",15,454,400,,,,,,,,,,,,,,,,,,,,,,,,,,,,,,,,,,,,,,,,,,0,,,
4456,"Guatemala",1,"Villa Nueva",15,454,400,21,20,18,3,9,15,10,6,2,10,4,3,5,1,42,4,1,28,2,8,2,9,21,0,2,2,0,3,251,20,3,274,0,274,--,400,126,251,274,274,Algún campo sin dato,1,272da3c5dcc212f120b2d4766953e15028e7db139007b7c152e3975a9dc1f221,26/06/2023 00:17:11,ESCANER
4457,"Guatemala",1,"Villa Nueva",15,455,400,,,,,,,,,,,,,,,,,,,,,,,,,,,,,,,,,,,,,,,,,,0,,,
4458,"Guatemala",1,"Villa Nueva",15,455,400,22,13,23,1,5,20,4,1,3,5,7,5,2,1,32,3,1,36,2,4,1,5,17,0,7,1,2,1,224,13,3,240,0,240,--,400,160,224,240,240,Algún campo sin dato,1,77b150dc835df7e5e7aa01d96050ae141ff80f0baffc6942aa47e55c18df868a,26/06/2023 00:21:48,ESCANER
4459,"Guatemala",1,"Villa Nueva",15,455,400,,,,,,,,,,,,,,,,,,,,,,,,,,,,,,,,,,,,,,,,,,0,,,
4460,"Guatemala",1,"Villa Nueva",15,455,400,22,20,12,1,1,0,8,1,1,5,1,1,3,1,39,1,0,26,2,6,3,1,34,1,7,2,1,--,216,10,3,229,0,229,--,400,171,200,213,213,Sumas Asentadas sin cuadrar,1,e82110f2f015d742d6f208f4fde29244fcf0ffc9e53d50af8974be19265c7fb0,26/06/2023 00:05:00,ESCANER
4461,"Guatemala",1,"Villa Nueva",15,455,400,23,11,20,3,3,12,10,2,1,4,4,2,3,4,45,5,1,39,0,3,1,2,62,0,10,0,1,4,275,4,1,280,0,280,--,400,120,275,280,280,Algún campo sin dato,1,a2d24ec7c2b69f3b082503eb02a93dd93c2fe1e59433b10d08325407a665947a,25/06/2023 23:52:15,ESCANER
4462,"Guatemala",1,"Villa Nueva",15,455,400,25,10,13,2,1,19,13,0,0,4,3,3,2,1,51,3,1,28,0,6,1,2,39,0,8,6,1,3,245,4,0,249,0,249,--,400,151,245,249,249,Algún campo sin dato,1,f5bcfe6a3910998561516d17501fb7f302a3c4c34d622ec33c238fa3f3b1026a,25/06/2023 23:21:57,ESCANER
4463,"Guatemala",1,"Villa Nueva",15,455,400,,,,,,,,,,,,,,,,,,,,,,,,,,,,,,,,,,,,,,,,,,0,,,
4464,"Guatemala",1,"Villa Nueva",15,455,400,,,,,,,,,,,,,,,,,,,,,,,,,,,,,,,,,,,,,,,,,,0,,,
4465,"Guatemala",1,"Villa Nueva",15,455,302,24,10,6,2,2,11,6,0,3,4,3,1,2,1,37,4,0,24,0,4,1,2,36,0,5,0,1,4,193,9,0,202,0,202,--,302,100,193,202,202,Algún campo sin dato,1,4cf33db38a1140dcb56cd4913740af84cba25515e7ce190285de24e0d61776b1,25/06/2023 23:17:51,ESCANER
4466,"Guatemala",1,"Villa Nueva",15,455,302,,,,,,,,,,,,,,,,,,,,,,,,,,,,,,,,,,,,,,,,,,0,,,
4467,"Guatemala",1,"Villa Nueva",15,456,400,,,,,,,,,,,,,,,,,,,,,,,,,,,,,,,,,,,,,,,,,,0,,,
4468,"Guatemala",1,"Villa Nueva",15,456,400,,,,,,,,,,,,,,,,,,,,,,,,,,,,,,,,,,,,,,,,,,0,,,
4469,"Guatemala",1,"Villa Nueva",15,456,400,,,,,,,,,,,,,,,,,,,,,,,,,,,,,,,,,,,,,,,,,,0,,,
4470,"Guatemala",1,"Villa Nueva",15,456,400,78,20,13,1,4,7,2,0,1,8,6,3,4,4,9,9,2,29,1,0,2,7,22,2,5,0,0,0,239,17,1,257,0,257,--,400,143,239,257,257,Algún campo sin dato,1,87d510e97c025a9d07eed01e4b9e26b4b4cfaf6f16379a700fd66fe03d15d71f,26/06/2023 00:24:14,ESCANER
4471,"Guatemala",1,"Villa Nueva",15,456,400,,,,,,,,,,,,,,,,,,,,,,,,,,,,,,,,,,,,,,,,,,0,,,
4472,"Guatemala",1,"Villa Nueva",15,456,400,,,,,,,,,,,,,,,,,,,,,,,,,,,,,,,,,,,,,,,,,,0,,,
4473,"Guatemala",1,"Villa Nueva",15,456,400,,,,,,,,,,,,,,,,,,,,,,,,,,,,,,,,,,,,,,,,,,0,,,
4474,"Guatemala",1,"Villa Nueva",15,456,400,,,,,,,,,,,,,,,,,,,,,,,,,,,,,,,,,,,,,,,,,,0,,,
4475,"Guatemala",1,"Villa Nueva",15,456,400,,,,,,,,,,,,,,,,,,,,,,,,,,,,,,,,,,,,,,,,,,0,,,
4476,"Guatemala",1,"Villa Nueva",15,456,400,86,21,10,2,5,8,1,0,0,7,7,4,0,3,10,4,1,36,1,1,1,4,13,0,8,0,0,1,234,13,0,247,0,247,--,400,153,234,247,247,Algún campo sin dato,1,805592840dbce3a93d226faee48b15383c6f1dba3c78ec01bbdb70433ab93a5c,25/06/2023 23:13:26,ESCANER
4477,"Guatemala",1,"Villa Nueva",15,456,400,94,16,6,2,8,14,3,0,2,9,6,1,0,0,3,4,2,19,1,1,2,6,19,2,6,0,0,4,240,17,3,260,0,260,--,400,140,230,250,250,Sumas Asentadas sin cuadrar,1,f686ef26f37725c43da3c31607c376ba09674cc3886abec4e70629a1ba574cf8,26/06/2023 00:00:00,ESCANER
4478,"Guatemala",1,"Villa Nueva",15,456,400,,,,,,,,,,,,,,,,,,,,,,,,,,,,,,,,,,,,,,,,,,0,,,
4479,"Guatemala",1,"Villa Nueva",15,456,400,83,15,8,0,9,5,1,0,3,7,10,1,2,1,8,2,1,26,2,2,1,3,12,2,7,0,1,5,217,24,3,244,0,244,--,400,156,217,244,244,Algún campo sin dato,1,f885ca81f34e57e83a52d4b2500a26e7515fc3bc76ba3ac34e6dd953b8108ec0,26/06/2023 00:13:21,ESCANER
4480,"Guatemala",1,"Villa Nueva",15,456,400,,,,,,,,,,,,,,,,,,,,,,,,,,,,,,,,,,,,,,,,,,0,,,
4481,"Guatemala",1,"Villa Nueva",15,456,400,77,10,8,3,11,8,4,0,0,9,6,4,2,2,9,7,1,22,2,0,1,6,14,2,4,0,1,6,219,35,0,254,0,254,--,400,146,219,254,254,Algún campo sin dato,1,c34f3ad3da3a6202dd32620a5f060e5707d2285316283cd0f63ae5281453122e,26/06/2023 00:07:41,ESCANER
4482,"Guatemala",1,"Villa Nueva",15,456,400,75,15,5,4,8,13,6,1,1,8,5,3,3,4,12,4,1,23,0,0,0,6,15,1,5,0,0,3,221,20,2,243,0,243,--,400,243,221,243,243,Algún campo sin dato,1,4830f47bc0c73f53d1069a16d568afcd7fca8e38cc58f3b4c8b2f4b40a364b68,26/06/2023 00:13:02,ESCANER
4483,"Guatemala",1,"Villa Nueva",15,456,400,69,15,14,3,6,8,3,0,0,8,4,2,1,3,18,6,0,36,2,1,0,6,22,0,3,4,2,2,238,24,3,265,0,265,--,400,135,238,265,265,Algún campo sin dato,1,b2dfb219176e2129e7379e978925a35e7307b4c8bbd0091a4478a6b297eeb8ee,25/06/2023 23:52:35,ESCANER
4484,"Guatemala",1,"Villa Nueva",15,456,400,77,15,13,1,6,4,1,0,1,3,6,3,2,5,12,5,0,21,2,0,0,3,13,5,5,0,1,1,205,30,5,240,--,--,--,400,160,205,240,240,Algún campo sin dato,1,417a0474f7ab7bb177a2022fa7ebf47ec619a14ada2144083f3e7af48de7d81c,25/06/2023 23:48:55,ESCANER
4485,"Guatemala",1,"Villa Nueva",15,456,400,75,21,8,0,15,9,3,1,1,8,4,1,3,4,7,4,0,33,1,0,2,3,19,0,6,0,1,3,232,13,1,246,0,246,--,400,154,232,246,246,Algún campo sin dato,1,80315a8663b9cbf5230a55478100818ca6396d78cf52521c1eafd393b73fe04b,25/06/2023 23:15:12,ESCANER
4486,"Guatemala",1,"Villa Nueva",15,456,400,72,21,8,1,4,8,1,1,3,4,2,1,1,5,14,7,0,19,2,1,1,4,19,1,4,0,1,3,208,21,4,233,0,233,--,400,167,208,233,233,Algún campo sin dato,1,62e233908b35a28753936bd5d21d9e686b58294756444cadf3315bb2d47a4545,25/06/2023 23:33:46,ESCANER
4487,"Guatemala",1,"Villa Nueva",15,456,400,56,11,8,0,9,8,6,2,0,3,4,2,3,0,9,4,1,22,1,2,0,5,17,1,5,0,3,2,184,14,2,200,0,200,--,400,200,184,200,200,Algún campo sin dato,1,b08116264fe4b7bd296d10b30bfb89a7124a8e92b11f198380cdbb75401a1fd1,25/06/2023 23:29:24,ESCANER
4488,"Guatemala",1,"Villa Nueva",15,456,400,77,14,4,1,5,3,2,0,0,6,10,2,0,5,8,4,3,32,2,1,3,2,11,1,1,0,3,3,203,13,3,219,0,219,--,400,181,203,219,219,Algún campo sin dato,1,0bf83e1979b1c53596d3170f96f138d0218799a1599df5b002adf649383ddfaf,26/06/2023 00:00:40,ESCANER
4489,"Guatemala",1,"Villa Nueva",15,456,400,,,,,,,,,,,,,,,,,,,,,,,,,,,,,,,,,,,,,,,,,,0,,,
4490,"Guatemala",1,"Villa Nueva",15,456,400,,,,,,,,,,,,,,,,,,,,,,,,,,,,,,,,,,,,,,,,,,0,,,
4491,"Guatemala",1,"Villa Nueva",15,456,400,,,,,,,,,,,,,,,,,,,,,,,,,,,,,,,,,,,,,,,,,,0,,,
4492,"Guatemala",1,"Villa Nueva",15,456,400,,,,,,,,,,,,,,,,,,,,,,,,,,,,,,,,,,,,,,,,,,0,,,
4493,"Guatemala",1,"Villa Nueva",15,456,400,75,14,15,3,0,3,2,0,1,5,5,4,2,3,6,7,0,35,0,1,0,3,39,0,4,0,3,5,235,10,0,245,0,245,--,400,155,235,245,245,Algún campo sin dato,1,1b00db5b2d3846bfefa7422965b6149572212d4e6747db856f23a60a70e7b163,25/06/2023 23:28:27,ESCANER
4494,"Guatemala",1,"Villa Nueva",15,456,400,69,13,10,1,2,8,1,0,5,2,2,1,0,1,7,5,1,22,0,1,2,4,36,0,6,1,0,1,201,13,2,216,0,216,--,400,184,201,216,216,Algún campo sin dato,1,c894ec5c007c5c1eee8b71ba1debd3f7a3b66345cb770f2d8ac81a37c8259e36,25/06/2023 23:37:05,ESCANER
4495,"Guatemala",1,"Villa Nueva",15,456,400,,,,,,,,,,,,,,,,,,,,,,,,,,,,,,,,,,,,,,,,,,0,,,
4496,"Guatemala",1,"Villa Nueva",15,456,358,,,,,,,,,,,,,,,,,,,,,,,,,,,,,,,,,,,,,,,,,,0,,,
4497,"Guatemala",1,"Villa Nueva",15,456,357,,,,,,,,,,,,,,,,,,,,,,,,,,,,,,,,,,,,,,,,,,0,,,
4498,"Guatemala",1,"Villa Nueva",15,457,400,,,,,,,,,,,,,,,,,,,,,,,,,,,,,,,,,,,,,,,,,,0,,,
4499,"Guatemala",1,"Villa Nueva",15,457,400,25,19,9,2,18,9,6,1,0,11,4,2,2,6,44,1,1,31,3,3,1,5,18,1,8,3,3,6,242,25,1,268,0,268,--,400,132,242,268,268,Algún campo sin dato,1,e9d27add5226fddea47e7b3ad475177a258db8702279ff7d968a9c665bba676b,25/06/2023 22:33:34,ESCANER
4500,"Guatemala",1,"Villa Nueva",15,457,400,,,,,,,,,,,,,,,,,,,,,,,,,,,,,,,,,,,,,,,,,,0,,,
4501,"Guatemala",1,"Villa Nueva",15,457,400,25,19,8,1,8,9,6,1,1,10,3,4,1,3,46,2,0,28,5,4,1,1,17,2,8,2,3,0,218,24,1,243,0,243,--,400,157,218,243,243,Algún campo sin dato,1,8aa206deaeb4a904b30a77f29736a1fde68f16cd63cc6fb288de44ef6b0c6052,25/06/2023 23:59:45,ESCANER
4502,"Guatemala",1,"Villa Nueva",15,457,400,,,,,,,,,,,,,,,,,,,,,,,,,,,,,,,,,,,,,,,,,,0,,,
4503,"Guatemala",1,"Villa Nueva",15,457,400,,,,,,,,,,,,,,,,,,,,,,,,,,,,,,,,,,,,,,,,,,0,,,
4504,"Guatemala",1,"Villa Nueva",15,457,400,,,,,,,,,,,,,,,,,,,,,,,,,,,,,,,,,,,,,,,,,,0,,,
4505,"Guatemala",1,"Villa Nueva",15,457,400,,,,,,,,,,,,,,,,,,,,,,,,,,,,,,,,,,,,,,,,,,0,,,
4506,"Guatemala",1,"Villa Nueva",15,457,400,,,,,,,,,,,,,,,,,,,,,,,,,,,,,,,,,,,,,,,,,,0,,,
4507,"Guatemala",1,"Villa Nueva",15,457,400,,,,,,,,,,,,,,,,,,,,,,,,,,,,,,,,,,,,,,,,,,0,,,
4508,"Guatemala",1,"Villa Nueva",15,457,400,21,25,11,0,10,7,10,2,1,3,3,1,2,7,39,4,0,35,3,5,3,3,19,2,7,0,1,2,226,21,2,249,0,249,--,400,151,226,249,249,Algún campo sin dato,1,bdb0a8b4b7379706ddca50579bccbc4954e2c702b2f36977a947144d7759171c,25/06/2023 23:47:10,ESCANER
4509,"Guatemala",1,"Villa Nueva",15,457,400,,,,,,,,,,,,,,,,,,,,,,,,,,,,,,,,,,,,,,,,,,0,,,
4510,"Guatemala",1,"Villa Nueva",15,457,400,,,,,,,,,,,,,,,,,,,,,,,,,,,,,,,,,,,,,,,,,,0,,,
4511,"Guatemala",1,"Villa Nueva",15,458,400,,,,,,,,,,,,,,,,,,,,,,,,,,,,,,,,,,,,,,,,,,0,,,
4512,"Guatemala",1,"Villa Nueva",15,458,400,,,,,,,,,,,,,,,,,,,,,,,,,,,,,,,,,,,,,,,,,,0,,,
4513,"Guatemala",1,"Villa Nueva",15,458,400,,,,,,,,,,,,,,,,,,,,,,,,,,,,,,,,,,,,,,,,,,0,,,
4514,"Guatemala",1,"Villa Nueva",15,458,400,,,,,,,,,,,,,,,,,,,,,,,,,,,,,,,,,,,,,,,,,,0,,,
4515,"Guatemala",1,"Villa Nueva",15,458,400,,,,,,,,,,,,,,,,,,,,,,,,,,,,,,,,,,,,,,,,,,0,,,
4516,"Guatemala",1,"Villa Nueva",15,458,400,,,,,,,,,,,,,,,,,,,,,,,,,,,,,,,,,,,,,,,,,,0,,,
4517,"Guatemala",1,"Villa Nueva",15,458,400,,,,,,,,,,,,,,,,,,,,,,,,,,,,,,,,,,,,,,,,,,0,,,
4518,"Guatemala",1,"Villa Nueva",15,459,400,,,,,,,,,,,,,,,,,,,,,,,,,,,,,,,,,,,,,,,,,,0,,,
4519,"Guatemala",1,"Villa Nueva",15,459,400,,,,,,,,,,,,,,,,,,,,,,,,,,,,,,,,,,,,,,,,,,0,,,
4520,"Guatemala",1,"Villa Nueva",15,459,400,,,,,,,,,,,,,,,,,,,,,,,,,,,,,,,,,,,,,,,,,,0,,,
4521,"Guatemala",1,"Villa Nueva",15,459,400,,,,,,,,,,,,,,,,,,,,,,,,,,,,,,,,,,,,,,,,,,0,,,
4522,"Guatemala",1,"Villa Nueva",15,459,400,,,,,,,,,,,,,,,,,,,,,,,,,,,,,,,,,,,,,,,,,,0,,,
4523,"Guatemala",1,"Villa Nueva",15,459,400,,,,,,,,,,,,,,,,,,,,,,,,,,,,,,,,,,,,,,,,,,0,,,
4524,"Guatemala",1,"Villa Nueva",15,459,400,27,28,5,1,5,4,7,2,0,4,6,5,4,2,36,0,1,35,1,4,0,4,29,1,6,0,4,2,223,17,1,241,0,241,--,400,159,223,241,241,Algún campo sin dato,1,1bfb84fe08510d58befaa29c002c2e7dc62852fd5f4c65a625352e9fca4f2953,25/06/2023 23:57:45,ESCANER
4525,"Guatemala",1,"Villa Nueva",15,459,400,33,20,7,1,4,5,10,2,3,4,1,3,5,5,33,5,--,38,--,2,1,2,33,--,15,2,--,2,236,2,1,239,--,239,--,--,--,236,239,239,Algún campo sin dato,1,d067ab83783916109f187036ba85616ec8626ab6f0a6949c7a403046bc7d456e,26/06/2023 00:14:04,ESCANER
4526,"Guatemala",1,"Villa Nueva",15,459,400,,,,,,,,,,,,,,,,,,,,,,,,,,,,,,,,,,,,,,,,,,0,,,
4527,"Guatemala",1,"Villa Nueva",15,459,400,,,,,,,,,,,,,,,,,,,,,,,,,,,,,,,,,,,,,,,,,,0,,,
4528,"Guatemala",1,"Villa Nueva",15,459,400,,,,,,,,,,,,,,,,,,,,,,,,,,,,,,,,,,,,,,,,,,0,,,
4529,"Guatemala",1,"Villa Nueva",15,459,400,,,,,,,,,,,,,,,,,,,,,,,,,,,,,,,,,,,,,,,,,,0,,,
4530,"Guatemala",1,"Villa Nueva",15,459,400,24,12,10,1,0,3,11,2,1,4,1,1,1,1,37,2,0,42,1,3,4,0,44,0,10,3,0,0,218,12,0,230,0,230,--,384,154,218,230,230,Algún campo sin dato,1,30288f5a7a7b7f16ec1295a2c3f45a069948da8a668ae614c28adea76b5a3cc9,25/06/2023 23:30:11,ESCANER
4531,"Guatemala",1,"Villa Nueva",15,459,234,12,13,6,0,4,0,7,0,1,3,1,0,0,0,17,2,0,20,1,1,1,1,28,0,10,1,0,0,132,9,0,141,0,141,--,231,90,129,138,138,Sumas Asentadas sin cuadrar,1,344eea388fad980112003e1634d9873fbc00ad077c4c2763ed798ff6a7e45221,25/06/2023 22:12:46,ESCANER
4532,"Guatemala",1,"Villa Nueva",15,459,233,,,,,,,,,,,,,,,,,,,,,,,,,,,,,,,,,,,,,,,,,,0,,,
4533,"Guatemala",1,"Villa Nueva",15,460,400,28,34,17,0,6,9,9,0,3,6,8,2,1,0,21,4,1,23,1,9,2,10,21,1,6,2,1,3,228,16,1,245,0,245,--,427,182,228,245,245,Algún campo sin dato,1,d85074bc41a6503bc848855fabfc28ffdafb132b913a62486c559b51e5dd754c,25/06/2023 23:59:46,ESCANER
4534,"Guatemala",1,"Villa Nueva",15,460,400,,,,,,,,,,,,,,,,,,,,,,,,,,,,,,,,,,,,,,,,,,0,,,
4535,"Guatemala",1,"Villa Nueva",15,460,400,,,,,,,,,,,,,,,,,,,,,,,,,,,,,,,,,,,,,,,,,,0,,,
4536,"Guatemala",1,"Villa Nueva",15,460,400,28,20,10,1,8,9,8,3,2,9,9,4,5,3,23,4,1,20,1,4,3,8,25,1,3,0,2,4,218,24,2,244,0,244,--,400,156,218,244,244,Algún campo sin dato,1,eed0a3f0115f1395570086ab3fe1aa1773d0ebea5a8b04961a73a79fe1a98d69,26/06/2023 00:04:52,ESCANER
4537,"Guatemala",1,"Villa Nueva",15,460,400,,,,,,,,,,,,,,,,,,,,,,,,,,,,,,,,,,,,,,,,,,0,,,
4538,"Guatemala",1,"Villa Nueva",15,460,400,,,,,,,,,,,,,,,,,,,,,,,,,,,,,,,,,,,,,,,,,,0,,,
4539,"Guatemala",1,"Villa Nueva",15,460,400,37,27,11,3,14,11,9,2,7,8,8,2,2,7,23,1,1,23,0,6,3,10,18,0,5,0,1,6,245,17,1,263,0,263,--,400,137,245,263,263,Algún campo sin dato,1,b3a82347944db7c5815204b8acc744fd15c9a47f8b04ec092def161d37c835be,25/06/2023 23:28:17,ESCANER
4540,"Guatemala",1,"Villa Nueva",15,460,400,,,,,,,,,,,,,,,,,,,,,,,,,,,,,,,,,,,,,,,,,,0,,,
4541,"Guatemala",1,"Villa Nueva",15,460,400,51,36,10,2,9,8,9,2,2,13,8,2,4,5,22,0,0,24,0,8,1,11,22,3,7,2,0,0,261,24,1,286,0,286,--,400,114,261,286,286,Algún campo sin dato,1,22562776eecbf45b85df68ee3e5170247b1019cca218f63da956a63ea8f1fdbb,25/06/2023 23:03:12,ESCANER
4542,"Guatemala",1,"Villa Nueva",15,460,400,,,,,,,,,,,,,,,,,,,,,,,,,,,,,,,,,,,,,,,,,,0,,,
4543,"Guatemala",1,"Villa Nueva",15,460,400,37,30,15,1,10,13,8,1,0,11,8,9,1,5,26,4,1,26,3,8,2,6,21,1,5,0,2,3,257,14,1,272,0,272,--,400,128,257,272,272,Algún campo sin dato,1,f102903b0261b4fd23489ae69ac6065d58a554c7fa718bedc1adfffbed7cae9b,25/06/2023 23:37:30,ESCANER
4544,"Guatemala",1,"Villa Nueva",15,460,400,,,,,,,,,,,,,,,,,,,,,,,,,,,,,,,,,,,,,,,,,,0,,,
4545,"Guatemala",1,"Villa Nueva",15,460,400,,,,,,,,,,,,,,,,,,,,,,,,,,,,,,,,,,,,,,,,,,0,,,
4546,"Guatemala",1,"Villa Nueva",15,461,400,,,,,,,,,,,,,,,,,,,,,,,,,,,,,,,,,,,,,,,,,,0,,,
4547,"Guatemala",1,"Villa Nueva",15,461,400,,,,,,,,,,,,,,,,,,,,,,,,,,,,,,,,,,,,,,,,,,0,,,
4548,"Guatemala",1,"Villa Nueva",15,461,400,,,,,,,,,,,,,,,,,,,,,,,,,,,,,,,,,,,,,,,,,,0,,,
4549,"Guatemala",1,"Villa Nueva",15,461,400,,,,,,,,,,,,,,,,,,,,,,,,,,,,,,,,,,,,,,,,,,0,,,
4550,"Guatemala",1,"Villa Nueva",15,461,400,,,,,,,,,,,,,,,,,,,,,,,,,,,,,,,,,,,,,,,,,,0,,,
4551,"Guatemala",1,"Villa Nueva",15,461,400,32,30,23,4,5,12,14,2,2,4,6,3,1,2,22,0,1,27,2,5,1,10,34,1,8,1,0,2,254,23,0,277,0,277,--,400,123,254,277,277,Algún campo sin dato,1,1ceae1309c49c49d929177dcd26752ddf65df953a80646004eb372091cdb055d,25/06/2023 23:50:20,ESCANER
4552,"Guatemala",1,"Villa Nueva",15,461,400,38,18,15,3,13,10,4,2,5,8,9,0,0,1,17,1,0,24,2,10,1,11,25,2,8,2,4,1,234,16,2,252,0,252,--,--,--,234,252,252,Algún campo sin dato,1,ae023454ff0648023afb38d27b4496031e47bfce7c8bd61948caa043e2abe643,26/06/2023 00:23:18,ESCANER
4553,"Guatemala",1,"Villa Nueva",15,461,400,,,,,,,,,,,,,,,,,,,,,,,,,,,,,,,,,,,,,,,,,,0,,,
4554,"Guatemala",1,"Villa Nueva",15,461,400,32,21,18,1,12,12,9,2,4,14,9,4,5,1,20,0,1,23,2,4,1,7,26,1,6,1,5,3,244,17,2,263,0,263,--,400,137,244,263,263,Algún campo sin dato,1,043294957c981e0d7a014b9672c65ea7d8490eb5ac6f43da5ff7b1c25b9c98db,25/06/2023 23:58:00,ESCANER
4555,"Guatemala",1,"Villa Nueva",15,461,400,,,,,,,,,,,,,,,,,,,,,,,,,,,,,,,,,,,,,,,,,,0,,,
4556,"Guatemala",1,"Villa Nueva",15,462,400,,,,,,,,,,,,,,,,,,,,,,,,,,,,,,,,,,,,,,,,,,0,,,
4557,"Guatemala",1,"Villa Nueva",15,462,400,,,,,,,,,,,,,,,,,,,,,,,,,,,,,,,,,,,,,,,,,,0,,,
4558,"Guatemala",1,"Villa Nueva",15,462,400,,,,,,,,,,,,,,,,,,,,,,,,,,,,,,,,,,,,,,,,,,0,,,
4559,"Guatemala",1,"Villa Nueva",15,462,400,,,,,,,,,,,,,,,,,,,,,,,,,,,,,,,,,,,,,,,,,,0,,,
4560,"Guatemala",1,"Villa Nueva",15,462,400,,,,,,,,,,,,,,,,,,,,,,,,,,,,,,,,,,,,,,,,,,0,,,
4561,"Guatemala",1,"Villa Nueva",15,462,400,,,,,,,,,,,,,,,,,,,,,,,,,,,,,,,,,,,,,,,,,,0,,,
4562,"Guatemala",1,"Villa Nueva",15,462,400,,,,,,,,,,,,,,,,,,,,,,,,,,,,,,,,,,,,,,,,,,0,,,
4563,"Guatemala",1,"Villa Nueva",15,463,400,,,,,,,,,,,,,,,,,,,,,,,,,,,,,,,,,,,,,,,,,,0,,,
4564,"Guatemala",1,"Villa Nueva",15,463,400,,,,,,,,,,,,,,,,,,,,,,,,,,,,,,,,,,,,,,,,,,0,,,
4565,"Guatemala",1,"Villa Nueva",15,463,400,,,,,,,,,,,,,,,,,,,,,,,,,,,,,,,,,,,,,,,,,,0,,,
4566,"Guatemala",1,"Villa Nueva",15,463,400,,,,,,,,,,,,,,,,,,,,,,,,,,,,,,,,,,,,,,,,,,0,,,
4567,"Guatemala",1,"Villa Nueva",15,463,400,18,13,19,5,10,15,8,1,0,8,8,0,3,3,13,1,0,26,1,7,4,7,40,0,7,0,1,3,221,14,4,239,0,239,--,400,161,221,239,239,Algún campo sin dato,1,06efebd00308c04931763a5dda0d81a776050fd779efde82c5a532467d1a6e58,26/06/2023 00:14:27,ESCANER
4568,"Guatemala",1,"Villa Nueva",15,463,400,,,,,,,,,,,,,,,,,,,,,,,,,,,,,,,,,,,,,,,,,,0,,,
4569,"Guatemala",1,"Villa Nueva",15,463,400,,,,,,,,,,,,,,,,,,,,,,,,,,,,,,,,,,,,,,,,,,0,,,
4570,"Guatemala",1,"Villa Nueva",15,463,400,,,,,,,,,,,,,,,,,,,,,,,,,,,,,,,,,,,,,,,,,,0,,,
4571,"Guatemala",1,"Villa Nueva",15,463,400,,,,,,,,,,,,,,,,,,,,,,,,,,,,,,,,,,,,,,,,,,0,,,
4572,"Guatemala",1,"Villa Nueva",15,463,400,,,,,,,,,,,,,,,,,,,,,,,,,,,,,,,,,,,,,,,,,,0,,,
4573,"Guatemala",1,"Villa Nueva",15,463,400,,,,,,,,,,,,,,,,,,,,,,,,,,,,,,,,,,,,,,,,,,0,,,
4574,"Guatemala",1,"Villa Nueva",15,463,400,,,,,,,,,,,,,,,,,,,,,,,,,,,,,,,,,,,,,,,,,,0,,,
4575,"Guatemala",1,"Villa Nueva",15,463,400,,,,,,,,,,,,,,,,,,,,,,,,,,,,,,,,,,,,,,,,,,0,,,
4576,"Guatemala",1,"Villa Nueva",15,463,355,,,,,,,,,,,,,,,,,,,,,,,,,,,,,,,,,,,,,,,,,,0,,,
4577,"Guatemala",1,"Villa Nueva",15,463,354,,,,,,,,,,,,,,,,,,,,,,,,,,,,,,,,,,,,,,,,,,0,,,
4578,"Guatemala",1,"Villa Nueva",15,464,400,,,,,,,,,,,,,,,,,,,,,,,,,,,,,,,,,,,,,,,,,,0,,,
4579,"Guatemala",1,"Villa Nueva",15,464,400,,,,,,,,,,,,,,,,,,,,,,,,,,,,,,,,,,,,,,,,,,0,,,
4580,"Guatemala",1,"Villa Nueva",15,464,400,,,,,,,,,,,,,,,,,,,,,,,,,,,,,,,,,,,,,,,,,,0,,,
4581,"Guatemala",1,"Villa Nueva",15,464,400,,,,,,,,,,,,,,,,,,,,,,,,,,,,,,,,,,,,,,,,,,0,,,
4582,"Guatemala",1,"Villa Nueva",15,464,400,13,42,6,1,17,4,1,0,0,14,3,1,5,11,2,5,1,48,6,2,1,6,20,1,9,0,1,6,226,28,2,256,0,256,--,400,144,226,256,256,Algún campo sin dato,1,97ef68604a10cb08247ccc7d91f5fc142dfe6c93f775036d7469d3093937df40,26/06/2023 00:09:13,ESCANER
4583,"Guatemala",1,"Villa Nueva",15,464,400,,,,,,,,,,,,,,,,,,,,,,,,,,,,,,,,,,,,,,,,,,0,,,
4584,"Guatemala",1,"Villa Nueva",15,464,400,14,46,7,2,9,6,2,1,3,14,7,3,5,8,4,5,4,47,3,2,0,1,16,4,6,1,5,6,231,24,3,258,0,258,--,400,142,231,258,258,Algún campo sin dato,1,4fd4c56ebc0273108fd2c1c349ef2d714a9afd516e3602b683463229bf040a4a,25/06/2023 23:51:33,ESCANER
4585,"Guatemala",1,"Villa Nueva",15,464,400,,,,,,,,,,,,,,,,,,,,,,,,,,,,,,,,,,,,,,,,,,0,,,
4586,"Guatemala",1,"Villa Nueva",15,464,400,,,,,,,,,,,,,,,,,,,,,,,,,,,,,,,,,,,,,,,,,,0,,,
4587,"Guatemala",1,"Villa Nueva",15,464,400,,,,,,,,,,,,,,,,,,,,,,,,,,,,,,,,,,,,,,,,,,0,,,
4588,"Guatemala",1,"Villa Nueva",15,464,400,,,,,,,,,,,,,,,,,,,,,,,,,,,,,,,,,,,,,,,,,,0,,,
4589,"Guatemala",1,"Villa Nueva",15,464,400,,,,,,,,,,,,,,,,,,,,,,,,,,,,,,,,,,,,,,,,,,0,,,
4590,"Guatemala",1,"Villa Nueva",15,464,400,11,47,4,0,10,1,1,1,2,11,6,2,3,5,3,6,0,49,7,1,0,1,26,2,5,0,0,10,214,14,2,230,0,230,--,400,170,214,230,230,Algún campo sin dato,1,f2a8af17e9f9bc76657432b334fe594b530dd32bcf0216076b5f93d3819faf6d,25/06/2023 23:13:03,ESCANER
4591,"Guatemala",1,"Villa Nueva",15,464,400,11,48,6,11,9,4,0,2,3,8,6,2,2,6,2,5,0,31,5,1,1,1,35,1,8,0,3,4,215,17,2,234,0,234,--,400,166,215,234,234,Algún campo sin dato,1,3bb0ea6fdac1fa2b6def64732842020a1c2e1e8e4c4d123a4879771f68f1409d,26/06/2023 00:20:29,ESCANER
4592,"Guatemala",1,"Villa Nueva",15,464,400,18,43,5,3,10,2,0,0,2,9,5,3,2,2,0,0,3,35,4,0,1,5,19,0,11,1,3,9,195,21,5,221,0,221,0,400,179,195,221,221,,1,70593829d2965b69ff5e7141687b0f8b3beec873d0c6bf772fb93abbe183c92d,26/06/2023 00:04:46,ESCANER
4593,"Guatemala",1,"Villa Nueva",15,465,400,,,,,,,,,,,,,,,,,,,,,,,,,,,,,,,,,,,,,,,,,,0,,,
4594,"Guatemala",1,"Villa Nueva",15,465,400,,,,,,,,,,,,,,,,,,,,,,,,,,,,,,,,,,,,,,,,,,0,,,
4595,"Guatemala",1,"Villa Nueva",15,465,400,11,43,3,3,10,7,1,--,2,12,8,3,5,11,1,4,1,48,2,1,2,2,23,2,10,--,3,7,225,18,0,243,0,243,--,400,157,225,243,243,Algún campo sin dato,1,ee36fdcb4191928c9723bbdcfebc90121c3ada7be3bec4427f40af54f4d1575c,25/06/2023 23:07:31,ESCANER
4596,"Guatemala",1,"Villa Nueva",15,465,400,,,,,,,,,,,,,,,,,,,,,,,,,,,,,,,,,,,,,,,,,,0,,,
4597,"Guatemala",1,"Villa Nueva",15,465,400,,,,,,,,,,,,,,,,,,,,,,,,,,,,,,,,,,,,,,,,,,0,,,
4598,"Guatemala",1,"Villa Nueva",15,465,400,,,,,,,,,,,,,,,,,,,,,,,,,,,,,,,,,,,,,,,,,,0,,,
4599,"Guatemala",1,"Villa Nueva",15,465,400,12,41,6,3,21,4,1,1,0,8,4,4,0,5,1,5,1,34,4,0,2,1,29,1,3,0,3,7,201,15,2,218,0,218,--,400,182,201,218,218,Algún campo sin dato,1,09dcc8d9518b06215343f74dd406a7cf1f7ac8ecfcbf09af330a4285ef98e459,26/06/2023 00:09:24,ESCANER
4600,"Guatemala",1,"Villa Nueva",15,465,400,17,47,6,0,17,4,3,0,0,13,1,0,8,9,1,4,1,35,2,0,0,4,18,1,6,1,0,5,203,18,1,222,0,222,--,400,178,203,222,222,Algún campo sin dato,1,bbe017a7761de86a7b204ac61c0df33bf9629ce4cc97a9eda6c600ed04e8b77e,25/06/2023 23:13:48,ESCANER
4601,"Guatemala",1,"Villa Nueva",15,465,400,,,,,,,,,,,,,,,,,,,,,,,,,,,,,,,,,,,,,,,,,,0,,,
4602,"Guatemala",1,"Villa Nueva",15,465,400,,,,,,,,,,,,,,,,,,,,,,,,,,,,,,,,,,,,,,,,,,0,,,
4603,"Guatemala",1,"Villa Nueva",15,465,400,10,72,5,1,14,5,0,0,1,9,3,0,1,5,3,2,0,35,1,1,1,1,20,1,5,1,2,7,206,17,1,224,0,224,--,400,176,206,224,224,Algún campo sin dato,1,527f8e0fa7056b473e5ca992df4a9b3cc6d21ab24aa35767760fd5b4e5c7fe01,25/06/2023 23:52:11,ESCANER
4604,"Guatemala",1,"Villa Nueva",15,465,400,,,,,,,,,,,,,,,,,,,,,,,,,,,,,,,,,,,,,,,,,,0,,,
4605,"Guatemala",1,"Villa Nueva",15,465,400,,,,,,,,,,,,,,,,,,,,,,,,,,,,,,,,,,,,,,,,,,0,,,
4606,"Guatemala",1,"Villa Nueva",15,465,400,,,,,,,,,,,,,,,,,,,,,,,,,,,,,,,,,,,,,,,,,,0,,,
4607,"Guatemala",1,"Villa Nueva",15,465,400,10,49,6,4,2,5,1,1,4,5,5,2,2,2,1,3,1,36,2,2,0,3,58,0,13,1,1,3,222,11,0,233,0,233,--,400,167,222,233,233,Algún campo sin dato,1,66428883032dae99fa2b1e0e07b256d72e7ba0ac99b780008287a919899e078b,25/06/2023 23:30:42,ESCANER
4608,"Guatemala",1,"Villa Nueva",15,465,400,13,37,2,2,5,3,0,0,1,4,0,0,1,2,2,3,0,31,1,0,1,2,34,1,3,0,0,4,152,14,0,166,0,166,--,399,233,152,166,166,Algún campo sin dato,1,3ce124d9e466ae236ed2474ebf84a19064b6447923dc0fb59a912df51980b73a,25/06/2023 23:39:16,ESCANER
4609,"Guatemala",1,"Villa Nueva",15,465,400,9,31,6,0,10,5,0,0,2,7,5,2,1,2,3,2,32,1,1,0,0,3,22,1,3,1,1,7,157,13,0,170,0,170,--,399,229,157,170,170,Algún campo sin dato,1,d9a862c69d8f898fa07e475809adf262271836e64f49d026b3eaf2f5e2ddd8d8,26/06/2023 00:21:00,ESCANER
4610,"Guatemala",1,"Villa Nueva",15,465,400,7,36,5,1,2,5,0,1,1,4,2,1,3,2,1,2,1,41,3,3,0,2,52,0,2,0,1,3,181,11,1,193,0,193,--,400,207,181,193,193,Algún campo sin dato,1,0bc81125225b41f3208ce8b7f49a566ebd0db6700616c77722c943bfe3d494f3,25/06/2023 23:34:56,ESCANER
4611,"Guatemala",1,"Villa Nueva",15,465,250,7,22,3,2,2,2,0,1,0,1,0,0,0,5,2,2,1,17,0,0,1,1,24,0,3,0,1,1,98,5,1,104,0,104,--,250,146,98,104,104,Algún campo sin dato,1,7ef76c2df541bb32ca375539dbb4a4ff4f645a770f215a7391e22b82382c4e65,25/06/2023 21:47:59,ESCANER
4612,"Guatemala",1,"Villa Nueva",15,465,249,8,17,3,1,2,1,1,0,0,2,3,0,0,0,1,6,0,13,2,0,0,0,20,0,4,0,0,3,87,4,1,92,0,92,--,249,157,87,92,92,Algún campo sin dato,1,3837ea953e89d776fb4269178edbdc93a784cd6b5cff03eaac649b3579a46a66,25/06/2023 22:08:22,ESCANER
4613,"Guatemala",1,"Villa Nueva",15,466,400,--,--,--,--,--,--,--,--,--,--,--,--,--,--,--,--,--,--,--,--,--,--,--,--,--,--,--,--,--,--,--,--,--,--,--,--,--,,,,Suma Excede Padrón,0,a50ca83d0ed5d8a9afa6b32da85c18bf4e748d0bbdc634d25a3a8edd3e01750f,26/06/2023 00:19:57,ESCANER
4614,"Guatemala",1,"Villa Nueva",15,466,400,,,,,,,,,,,,,,,,,,,,,,,,,,,,,,,,,,,,,,,,,,0,,,
4615,"Guatemala",1,"Villa Nueva",15,466,400,,,,,,,,,,,,,,,,,,,,,,,,,,,,,,,,,,,,,,,,,,0,,,
4616,"Guatemala",1,"Villa Nueva",15,466,400,,,,,,,,,,,,,,,,,,,,,,,,,,,,,,,,,,,,,,,,,,0,,,
4617,"Guatemala",1,"Villa Nueva",15,466,400,,,,,,,,,,,,,,,,,,,,,,,,,,,,,,,,,,,,,,,,,,0,,,
4618,"Guatemala",1,"Villa Nueva",15,466,400,,,,,,,,,,,,,,,,,,,,,,,,,,,,,,,,,,,,,,,,,,0,,,
4619,"Guatemala",1,"Villa Nueva",15,466,400,,,,,,,,,,,,,,,,,,,,,,,,,,,,,,,,,,,,,,,,,,0,,,
4620,"Guatemala",1,"Villa Nueva",15,466,238,8,20,1,2,3,2,0,0,3,3,1,1,1,1,3,2,1,15,2,0,2,0,30,0,7,0,2,0,110,10,0,120,0,120,--,238,118,110,120,120,Algún campo sin dato,1,1a9d0fd13d4029a4d90b75848dd3d93162b7bda1540f431c985856bac3f23786,25/06/2023 22:48:12,ESCANER
4621,"Guatemala",1,"Villa Nueva",15,466,237,9,18,3,0,2,0,0,0,1,2,3,0,0,2,3,1,0,15,3,0,1,2,30,0,1,0,2,2,100,9,0,109,0,109,--,237,128,100,109,109,Algún campo sin dato,1,4f38d6fb5c516b1b2a0823af6366377df49ca4036c0c7cda4d413f991352b15f,25/06/2023 21:34:33,ESCANER
4622,"Guatemala",1,"Villa Nueva",15,467,400,,,,,,,,,,,,,,,,,,,,,,,,,,,,,,,,,,,,,,,,,,0,,,
4623,"Guatemala",1,"Villa Nueva",15,467,400,,,,,,,,,,,,,,,,,,,,,,,,,,,,,,,,,,,,,,,,,,0,,,
4624,"Guatemala",1,"Villa Nueva",15,467,400,,,,,,,,,,,,,,,,,,,,,,,,,,,,,,,,,,,,,,,,,,0,,,
4625,"Guatemala",1,"Villa Nueva",15,467,400,,,,,,,,,,,,,,,,,,,,,,,,,,,,,,,,,,,,,,,,,,0,,,
4626,"Guatemala",1,"Villa Nueva",15,467,400,,,,,,,,,,,,,,,,,,,,,,,,,,,,,,,,,,,,,,,,,,0,,,
4627,"Guatemala",1,"Villa Nueva",15,467,400,,,,,,,,,,,,,,,,,,,,,,,,,,,,,,,,,,,,,,,,,,0,,,
4628,"Guatemala",1,"Villa Nueva",15,467,400,,,,,,,,,,,,,,,,,,,,,,,,,,,,,,,,,,,,,,,,,,0,,,
4629,"Guatemala",1,"Villa Nueva",15,467,400,,,,,,,,,,,,,,,,,,,,,,,,,,,,,,,,,,,,,,,,,,0,,,
4630,"Guatemala",1,"Villa Nueva",15,467,400,,,,,,,,,,,,,,,,,,,,,,,,,,,,,,,,,,,,,,,,,,0,,,
4631,"Guatemala",1,"Villa Nueva",15,467,400,,,,,,,,,,,,,,,,,,,,,,,,,,,,,,,,,,,,,,,,,,0,,,
4632,"Guatemala",1,"Villa Nueva",15,467,400,,,,,,,,,,,,,,,,,,,,,,,,,,,,,,,,,,,,,,,,,,0,,,
4633,"Guatemala",1,"Villa Nueva",15,467,400,,,,,,,,,,,,,,,,,,,,,,,,,,,,,,,,,,,,,,,,,,0,,,
4634,"Guatemala",1,"Villa Nueva",15,467,400,,,,,,,,,,,,,,,,,,,,,,,,,,,,,,,,,,,,,,,,,,0,,,
4635,"Guatemala",1,"Villa Nueva",15,467,400,,,,,,,,,,,,,,,,,,,,,,,,,,,,,,,,,,,,,,,,,,0,,,
4636,"Guatemala",1,"Villa Nueva",15,467,400,,,,,,,,,,,,,,,,,,,,,,,,,,,,,,,,,,,,,,,,,,0,,,
4637,"Guatemala",1,"Villa Nueva",15,467,400,,,,,,,,,,,,,,,,,,,,,,,,,,,,,,,,,,,,,,,,,,0,,,
4638,"Guatemala",1,"Villa Nueva",15,467,400,,,,,,,,,,,,,,,,,,,,,,,,,,,,,,,,,,,,,,,,,,0,,,
4639,"Guatemala",1,"Villa Nueva",15,467,400,,,,,,,,,,,,,,,,,,,,,,,,,,,,,,,,,,,,,,,,,,0,,,
4640,"Guatemala",1,"Villa Nueva",15,467,400,,,,,,,,,,,,,,,,,,,,,,,,,,,,,,,,,,,,,,,,,,0,,,
4641,"Guatemala",1,"Villa Nueva",15,467,400,,,,,,,,,,,,,,,,,,,,,,,,,,,,,,,,,,,,,,,,,,0,,,
4642,"Guatemala",1,"Villa Nueva",15,467,400,,,,,,,,,,,,,,,,,,,,,,,,,,,,,,,,,,,,,,,,,,0,,,
4643,"Guatemala",1,"Villa Nueva",15,467,400,,,,,,,,,,,,,,,,,,,,,,,,,,,,,,,,,,,,,,,,,,0,,,
4644,"Guatemala",1,"Villa Nueva",15,467,400,,,,,,,,,,,,,,,,,,,,,,,,,,,,,,,,,,,,,,,,,,0,,,
4645,"Guatemala",1,"Villa Nueva",15,467,400,,,,,,,,,,,,,,,,,,,,,,,,,,,,,,,,,,,,,,,,,,0,,,
4646,"Guatemala",1,"Villa Nueva",15,467,400,,,,,,,,,,,,,,,,,,,,,,,,,,,,,,,,,,,,,,,,,,0,,,
4647,"Guatemala",1,"Villa Nueva",15,468,400,,,,,,,,,,,,,,,,,,,,,,,,,,,,,,,,,,,,,,,,,,0,,,
4648,"Guatemala",1,"Villa Nueva",15,468,400,,,,,,,,,,,,,,,,,,,,,,,,,,,,,,,,,,,,,,,,,,0,,,
4649,"Guatemala",1,"Villa Nueva",15,468,400,49,18,15,4,4,24,0,1,4,7,3,1,5,7,6,2,4,36,3,0,2,16,14,2,4,0,1,1,233,13,0,246,6,252,--,395,143,233,246,252,Algún campo sin dato,1,0f72bc18970580b613cf07ad9c353be63180a9c6f703fe6d18c1c0f8252898a1,25/06/2023 23:50:22,ESCANER
4650,"Guatemala",1,"Villa Nueva",15,468,400,,,,,,,,,,,,,,,,,,,,,,,,,,,,,,,,,,,,,,,,,,0,,,
4651,"Guatemala",1,"Villa Nueva",15,468,400,,,,,,,,,,,,,,,,,,,,,,,,,,,,,,,,,,,,,,,,,,0,,,
4652,"Guatemala",1,"Villa Nueva",15,468,400,,,,,,,,,,,,,,,,,,,,,,,,,,,,,,,,,,,,,,,,,,0,,,
4653,"Guatemala",1,"Villa Nueva",15,468,400,,,,,,,,,,,,,,,,,,,,,,,,,,,,,,,,,,,,,,,,,,0,,,
4654,"Guatemala",1,"Villa Nueva",15,468,400,,,,,,,,,,,,,,,,,,,,,,,,,,,,,,,,,,,,,,,,,,0,,,
4655,"Guatemala",1,"Villa Nueva",15,468,400,40,21,12,8,4,15,7,0,1,8,2,1,7,10,11,4,0,28,1,1,7,6,53,0,5,0,0,1,253,11,0,264,0,264,--,400,136,253,264,264,Algún campo sin dato,1,cdef646a29271bdfb25fc89983cb23f81469b5164a3b6344b0aea4fefa7506af,26/06/2023 00:11:00,ESCANER
4656,"Guatemala",1,"Villa Nueva",15,468,400,21,17,10,3,2,15,6,1,4,12,2,1,3,6,10,4,0,36,2,0,1,11,44,0,9,0,0,0,220,8,0,228,0,228,--,397,169,220,228,228,Algún campo sin dato,1,751bd95cb24f1760120619fa585e4c267965178bd04127f5cdabac0eb9119b02,25/06/2023 23:37:00,ESCANER
4657,"Guatemala",1,"Villa Nueva",15,468,400,29,13,8,2,5,7,1,0,3,6,0,1,3,7,6,5,0,34,1,1,4,12,40,0,3,1,2,1,195,10,0,205,0,205,--,400,195,195,205,205,Algún campo sin dato,1,9de4ebc7d4e9e2b77b8286164031552aa3ba987d47be9f37042a292d86f55b73,26/06/2023 00:24:48,ESCANER
4658,"Guatemala",1,"Villa Nueva",15,468,400,,,,,,,,,,,,,,,,,,,,,,,,,,,,,,,,,,,,,,,,,,0,,,
4659,"Guatemala",1,"Villa Nueva",15,468,400,,,,,,,,,,,,,,,,,,,,,,,,,,,,,,,,,,,,,,,,,,0,,,
4660,"Guatemala",1,"Villa Nueva",15,468,352,25,13,14,2,7,9,2,0,2,4,0,0,0,3,0,3,9,21,2,0,5,6,55,0,3,0,0,3,--,6,0,194,1,195,--,349,154,188,194,195,Algún campo sin dato,1,1c6b890d7a01813911f83c0664c79bfb4d2828b7f540e30a80a008d86ad806b6,26/06/2023 00:10:59,ESCANER
4661,"Guatemala",1,"Villa Nueva",15,468,351,,,,,,,,,,,,,,,,,,,,,,,,,,,,,,,,,,,,,,,,,,0,,,
4662,"Guatemala",1,"Villa Nueva",15,469,400,,,,,,,,,,,,,,,,,,,,,,,,,,,,,,,,,,,,,,,,,,0,,,
4663,"Guatemala",1,"Villa Nueva",15,469,400,,,,,,,,,,,,,,,,,,,,,,,,,,,,,,,,,,,,,,,,,,0,,,
4664,"Guatemala",1,"Villa Nueva",15,469,400,,,,,,,,,,,,,,,,,,,,,,,,,,,,,,,,,,,,,,,,,,0,,,
4665,"Guatemala",1,"Villa Nueva",15,469,400,,,,,,,,,,,,,,,,,,,,,,,,,,,,,,,,,,,,,,,,,,0,,,
4666,"Guatemala",1,"Villa Nueva",15,469,400,,,,,,,,,,,,,,,,,,,,,,,,,,,,,,,,,,,,,,,,,,0,,,
4667,"Guatemala",1,"Villa Nueva",15,469,400,,,,,,,,,,,,,,,,,,,,,,,,,,,,,,,,,,,,,,,,,,0,,,
4668,"Guatemala",1,"Villa Nueva",15,469,400,,,,,,,,,,,,,,,,,,,,,,,,,,,,,,,,,,,,,,,,,,0,,,
4669,"Guatemala",1,"Villa Nueva",15,469,400,,,,,,,,,,,,,,,,,,,,,,,,,,,,,,,,,,,,,,,,,,0,,,
4670,"Guatemala",1,"Villa Nueva",15,469,400,,,,,,,,,,,,,,,,,,,,,,,,,,,,,,,,,,,,,,,,,,0,,,
4671,"Guatemala",1,"Villa Nueva",15,469,400,,,,,,,,,,,,,,,,,,,,,,,,,,,,,,,,,,,,,,,,,,0,,,
4672,"Guatemala",1,"Villa Nueva",15,469,400,,,,,,,,,,,,,,,,,,,,,,,,,,,,,,,,,,,,,,,,,,0,,,
4673,"Guatemala",1,"Villa Nueva",15,469,400,,,,,,,,,,,,,,,,,,,,,,,,,,,,,,,,,,,,,,,,,,0,,,
4674,"Guatemala",1,"Villa Nueva",15,469,400,,,,,,,,,,,,,,,,,,,,,,,,,,,,,,,,,,,,,,,,,,0,,,
4675,"Guatemala",1,"Villa Nueva",15,469,400,,,,,,,,,,,,,,,,,,,,,,,,,,,,,,,,,,,,,,,,,,0,,,
4676,"Guatemala",1,"Villa Nueva",15,469,400,,,,,,,,,,,,,,,,,,,,,,,,,,,,,,,,,,,,,,,,,,0,,,
4677,"Guatemala",1,"Villa Nueva",15,469,400,25,14,9,2,2,2,1,1,6,5,4,1,1,3,7,8,3,28,1,6,1,3,40,0,9,0,8,2,192,15,2,209,0,209,--,400,191,192,209,209,Algún campo sin dato,1,20ce9b719918610363a986145ff97ccf892161ab240fda3e24581ac6099166de,26/06/2023 00:11:10,ESCANER
4678,"Guatemala",1,"Villa Nueva",15,469,400,23,8,10,3,11,7,4,1,6,3,4,3,7,7,8,3,2,27,1,2,1,6,25,2,3,0,9,4,190,32,1,223,0,223,--,400,177,190,223,223,Algún campo sin dato,1,b722199e105db49b3e59d91739a72663f9e34b746de8209cf77d32929ca73343,25/06/2023 22:58:04,ESCANER
4679,"Guatemala",1,"Villa Nueva",15,469,400,30,21,13,1,12,12,1,2,4,8,8,2,1,6,11,8,2,35,6,4,0,6,28,3,13,0,4,8,249,21,1,271,0,271,--,399,128,249,271,271,Algún campo sin dato,1,bc4101d3c461f733f1f4abb8e470d184e2c935c78cab2b6764f6ccd12746be62,26/06/2023 00:00:03,ESCANER
4680,"Guatemala",1,"Villa Nueva",15,469,400,,,,,,,,,,,,,,,,,,,,,,,,,,,,,,,,,,,,,,,,,,0,,,
4681,"Guatemala",1,"Villa Nueva",15,469,400,,,,,,,,,,,,,,,,,,,,,,,,,,,,,,,,,,,,,,,,,,0,,,
4682,"Guatemala",1,"Villa Nueva",15,469,400,,,,,,,,,,,,,,,,,,,,,,,,,,,,,,,,,,,,,,,,,,0,,,
4683,"Guatemala",1,"Villa Nueva",15,469,400,,,,,,,,,,,,,,,,,,,,,,,,,,,,,,,,,,,,,,,,,,0,,,
4684,"Guatemala",1,"Villa Nueva",15,469,400,,,,,,,,,,,,,,,,,,,,,,,,,,,,,,,,,,,,,,,,,,0,,,
4685,"Guatemala",1,"Villa Nueva",15,469,400,,,,,,,,,,,,,,,,,,,,,,,,,,,,,,,,,,,,,,,,,,0,,,
4686,"Guatemala",1,"Villa Nueva",15,469,400,,,,,,,,,,,,,,,,,,,,,,,,,,,,,,,,,,,,,,,,,,0,,,
4687,"Guatemala",1,"Villa Nueva",15,469,400,,,,,,,,,,,,,,,,,,,,,,,,,,,,,,,,,,,,,,,,,,0,,,
4688,"Guatemala",1,"Villa Nueva",15,469,400,,,,,,,,,,,,,,,,,,,,,,,,,,,,,,,,,,,,,,,,,,0,,,
4689,"Guatemala",1,"Villa Nueva",15,470,400,,,,,,,,,,,,,,,,,,,,,,,,,,,,,,,,,,,,,,,,,,0,,,
4690,"Guatemala",1,"Villa Nueva",15,470,400,,,,,,,,,,,,,,,,,,,,,,,,,,,,,,,,,,,,,,,,,,0,,,
4691,"Guatemala",1,"Villa Nueva",15,470,400,,,,,,,,,,,,,,,,,,,,,,,,,,,,,,,,,,,,,,,,,,0,,,
4692,"Guatemala",1,"Villa Nueva",15,470,400,,,,,,,,,,,,,,,,,,,,,,,,,,,,,,,,,,,,,,,,,,0,,,
4693,"Guatemala",1,"Villa Nueva",15,470,400,,,,,,,,,,,,,,,,,,,,,,,,,,,,,,,,,,,,,,,,,,0,,,
4694,"Guatemala",1,"Villa Nueva",15,470,400,27,20,13,3,14,4,2,1,5,8,15,1,3,3,10,5,5,27,0,6,1,6,38,4,8,0,10,--,239,23,2,264,0,264,0,400,136,239,264,264,Algún campo sin dato,1,dd0466fcb32938ade7e982dab53be0c28095741f3eea52c881d73d4187a69fab,25/06/2023 23:23:18,ESCANER
4695,"Guatemala",1,"Villa Nueva",15,470,400,,,,,,,,,,,,,,,,,,,,,,,,,,,,,,,,,,,,,,,,,,0,,,
4696,"Guatemala",1,"Villa Nueva",15,470,400,,,,,,,,,,,,,,,,,,,,,,,,,,,,,,,,,,,,,,,,,,0,,,
4697,"Guatemala",1,"Villa Nueva",15,470,400,,,,,,,,,,,,,,,,,,,,,,,,,,,,,,,,,,,,,,,,,,0,,,
4698,"Guatemala",1,"Villa Nueva",15,470,400,,,,,,,,,,,,,,,,,,,,,,,,,,,,,,,,,,,,,,,,,,0,,,
4699,"Guatemala",1,"Villa Nueva",15,470,400,,,,,,,,,,,,,,,,,,,,,,,,,,,,,,,,,,,,,,,,,,0,,,
4700,"Guatemala",1,"Villa Nueva",15,470,400,,,,,,,,,,,,,,,,,,,,,,,,,,,,,,,,,,,,,,,,,,0,,,
4701,"Guatemala",1,"Villa Nueva",15,470,400,,,,,,,,,,,,,,,,,,,,,,,,,,,,,,,,,,,,,,,,,,0,,,
4702,"Guatemala",1,"Villa Nueva",15,470,400,,,,,,,,,,,,,,,,,,,,,,,,,,,,,,,,,,,,,,,,,,0,,,
4703,"Guatemala",1,"Villa Nueva",15,470,400,,,,,,,,,,,,,,,,,,,,,,,,,,,,,,,,,,,,,,,,,,0,,,
4704,"Guatemala",1,"Villa Nueva",15,470,400,,,,,,,,,,,,,,,,,,,,,,,,,,,,,,,,,,,,,,,,,,0,,,
4705,"Guatemala",1,"Villa Nueva",15,470,400,,,,,,,,,,,,,,,,,,,,,,,,,,,,,,,,,,,,,,,,,,0,,,
4706,"Guatemala",1,"Villa Nueva",15,470,400,,,,,,,,,,,,,,,,,,,,,,,,,,,,,,,,,,,,,,,,,,0,,,
4707,"Guatemala",1,"Villa Nueva",15,470,400,,,,,,,,,,,,,,,,,,,,,,,,,,,,,,,,,,,,,,,,,,0,,,
4708,"Guatemala",1,"Villa Nueva",15,470,400,25,13,5,3,4,5,0,1,8,4,5,0,0,2,9,5,2,29,0,2,0,7,64,0,6,1,9,--,211,8,--,219,--,219,--,315,96,209,217,217,Sumas Asentadas sin cuadrar,1,b6b1b269678f52c8ef23cb1fdc0810f54a3d63288a9078014cb2f24360083ec7,26/06/2023 00:22:34,ESCANER
4709,"Guatemala",1,"Villa Nueva",15,470,400,20,8,7,7,8,2,2,0,6,5,0,3,0,3,2,1,0,21,0,1,0,8,29,0,9,0,6,1,149,9,0,158,0,158,--,400,242,149,158,158,Algún campo sin dato,1,9484fea4ac13d485836f550a6e7c87fd2e3c45f780d4980e77dcdfdf071ba908,26/06/2023 00:08:30,ESCANER
4710,"Guatemala",1,"Villa Nueva",15,470,400,,,,,,,,,,,,,,,,,,,,,,,,,,,,,,,,,,,,,,,,,,0,,,
4711,"Guatemala",1,"Villa Nueva",15,470,400,,,,,,,,,,,,,,,,,,,,,,,,,,,,,,,,,,,,,,,,,,0,,,
4712,"Guatemala",1,"Villa Nueva",15,470,400,29,10,13,2,7,4,2,0,7,2,7,1,0,2,5,10,1,25,4,3,0,2,66,1,10,1,8,5,227,8,0,235,0,235,--,400,165,227,235,235,Algún campo sin dato,1,00f1e43de36088da30ae68885a94af6265150be18e1f86c0cdc352864408efc9,26/06/2023 00:02:33,ESCANER
4713,"Guatemala",1,"Villa Nueva",15,470,356,26,11,9,4,4,12,1,0,4,1,4,1,1,0,10,3,0,24,1,1,0,1,50,0,5,0,7,2,182,13,--,195,--,195,--,356,161,182,195,195,Algún campo sin dato,1,04c0b4cb750cf95ff0e8d62a664cf4c00f4c67bc5fc1c2bfe2eba2f83564c5a9,26/06/2023 00:18:55,ESCANER
4714,"Guatemala",1,"Villa Nueva",15,470,356,,,,,,,,,,,,,,,,,,,,,,,,,,,,,,,,,,,,,,,,,,0,,,
4715,"Guatemala",1,"Villa Nueva",15,471,400,,,,,,,,,,,,,,,,,,,,,,,,,,,,,,,,,,,,,,,,,,0,,,
4716,"Guatemala",1,"Villa Nueva",15,471,400,,,,,,,,,,,,,,,,,,,,,,,,,,,,,,,,,,,,,,,,,,0,,,
4717,"Guatemala",1,"Villa Nueva",15,471,400,,,,,,,,,,,,,,,,,,,,,,,,,,,,,,,,,,,,,,,,,,0,,,
4718,"Guatemala",1,"Villa Nueva",15,471,400,,,,,,,,,,,,,,,,,,,,,,,,,,,,,,,,,,,,,,,,,,0,,,
4719,"Guatemala",1,"Villa Nueva",15,471,400,,,,,,,,,,,,,,,,,,,,,,,,,,,,,,,,,,,,,,,,,,0,,,
4720,"Guatemala",1,"Villa Nueva",15,471,400,,,,,,,,,,,,,,,,,,,,,,,,,,,,,,,,,,,,,,,,,,0,,,
4721,"Guatemala",1,"Villa Nueva",15,471,400,,,,,,,,,,,,,,,,,,,,,,,,,,,,,,,,,,,,,,,,,,0,,,
4722,"Guatemala",1,"Villa Nueva",15,471,400,,,,,,,,,,,,,,,,,,,,,,,,,,,,,,,,,,,,,,,,,,0,,,
4723,"Guatemala",1,"Villa Nueva",15,471,400,,,,,,,,,,,,,,,,,,,,,,,,,,,,,,,,,,,,,,,,,,0,,,
4724,"Guatemala",1,"Villa Nueva",15,471,400,,,,,,,,,,,,,,,,,,,,,,,,,,,,,,,,,,,,,,,,,,0,,,
4725,"Guatemala",1,"Villa Nueva",15,471,400,,,,,,,,,,,,,,,,,,,,,,,,,,,,,,,,,,,,,,,,,,0,,,
4726,"Guatemala",1,"Villa Nueva",15,471,400,,,,,,,,,,,,,,,,,,,,,,,,,,,,,,,,,,,,,,,,,,0,,,
4727,"Guatemala",1,"Villa Nueva",15,471,400,,,,,,,,,,,,,,,,,,,,,,,,,,,,,,,,,,,,,,,,,,0,,,
4728,"Guatemala",1,"Villa Nueva",15,471,400,,,,,,,,,,,,,,,,,,,,,,,,,,,,,,,,,,,,,,,,,,0,,,
4729,"Guatemala",1,"Villa Nueva",15,471,400,,,,,,,,,,,,,,,,,,,,,,,,,,,,,,,,,,,,,,,,,,0,,,
4730,"Guatemala",1,"Villa Nueva",15,471,400,,,,,,,,,,,,,,,,,,,,,,,,,,,,,,,,,,,,,,,,,,0,,,
4731,"Guatemala",1,"Villa Nueva",15,471,400,,,,,,,,,,,,,,,,,,,,,,,,,,,,,,,,,,,,,,,,,,0,,,
4732,"Guatemala",1,"Villa Nueva",15,472,400,,,,,,,,,,,,,,,,,,,,,,,,,,,,,,,,,,,,,,,,,,0,,,
4733,"Guatemala",1,"Villa Nueva",15,472,400,,,,,,,,,,,,,,,,,,,,,,,,,,,,,,,,,,,,,,,,,,0,,,
4734,"Guatemala",1,"Villa Nueva",15,472,400,26,35,8,2,7,2,1,1,8,7,7,2,5,5,5,0,1,38,3,1,3,3,31,0,2,0,9,3,215,16,2,233,0,233,--,400,167,215,233,233,Algún campo sin dato,1,a316620782a06f0bd0c7f8eaf647d8208a2d850db53ed0d1bcbc9f9ae031c091,26/06/2023 00:03:47,ESCANER
4735,"Guatemala",1,"Villa Nueva",15,472,400,25,32,6,1,9,4,0,0,12,6,8,1,2,1,3,4,1,27,1,2,1,6,14,2,7,0,8,3,186,24,3,213,0,213,--,396,183,186,213,213,Algún campo sin dato,1,5ed4e11e7eae504e74de1ac486dc2a07534f6315b86acac8c4452b70cb41bc33,25/06/2023 23:15:36,ESCANER
4736,"Guatemala",1,"Villa Nueva",15,472,400,,,,,,,,,,,,,,,,,,,,,,,,,,,,,,,,,,,,,,,,,,0,,,
4737,"Guatemala",1,"Villa Nueva",15,472,400,,,,,,,,,,,,,,,,,,,,,,,,,,,,,,,,,,,,,,,,,,0,,,
4738,"Guatemala",1,"Villa Nueva",15,472,400,,,,,,,,,,,,,,,,,,,,,,,,,,,,,,,,,,,,,,,,,,0,,,
4739,"Guatemala",1,"Villa Nueva",15,473,400,,,,,,,,,,,,,,,,,,,,,,,,,,,,,,,,,,,,,,,,,,0,,,
4740,"Guatemala",1,"Villa Nueva",15,473,400,,,,,,,,,,,,,,,,,,,,,,,,,,,,,,,,,,,,,,,,,,0,,,
4741,"Guatemala",1,"Villa Nueva",15,473,400,,,,,,,,,,,,,,,,,,,,,,,,,,,,,,,,,,,,,,,,,,0,,,
4742,"Guatemala",1,"Villa Nueva",15,473,400,,,,,,,,,,,,,,,,,,,,,,,,,,,,,,,,,,,,,,,,,,0,,,
4743,"Guatemala",1,"Villa Nueva",15,473,400,28,30,0,0,7,0,1,0,6,8,4,0,5,1,6,3,2,34,3,1,1,4,38,0,5,0,5,2,194,12,1,207,193,400,--,400,193,194,207,400,Algún campo sin dato,1,7b6a1ed82bb17727cfab3ff68ad44da051da08830e87b03724ed2abf36081182,26/06/2023 00:07:05,ESCANER
4744,"Guatemala",1,"Villa Nueva",15,473,315,,,,,,,,,,,,,,,,,,,,,,,,,,,,,,,,,,,,,,,,,,0,,,
4745,"Guatemala",1,"Villa Nueva",15,473,315,,,,,,,,,,,,,,,,,,,,,,,,,,,,,,,,,,,,,,,,,,0,,,
4746,"Guatemala",1,"Villa Nueva",15,474,400,,,,,,,,,,,,,,,,,,,,,,,,,,,,,,,,,,,,,,,,,,0,,,
4747,"Guatemala",1,"Villa Nueva",15,474,400,30,6,9,2,12,7,0,0,1,21,12,4,4,3,0,4,1,34,3,2,1,2,16,11,9,0,7,4,206,21,3,230,0,230,--,400,170,205,229,229,Sumas Asentadas sin cuadrar,1,edfafcda5774f016081f6a604438cafbcbf83317009cf4dfdaff088111464ace,25/06/2023 23:42:48,ESCANER
4748,"Guatemala",1,"Villa Nueva",15,474,400,23,12,15,0,12,2,3,1,4,20,17,1,2,5,4,5,1,39,1,4,1,5,26,2,6,2,2,6,221,18,3,242,0,242,--,400,158,221,242,242,Algún campo sin dato,1,c47c65b540535395a147e42d59cd6a86074c22d6867e72e01d3974ba3941c3e6,25/06/2023 23:18:52,ESCANER
4749,"Guatemala",1,"Villa Nueva",15,474,400,,,,,,,,,,,,,,,,,,,,,,,,,,,,,,,,,,,,,,,,,,0,,,
4750,"Guatemala",1,"Villa Nueva",15,474,400,27,13,15,1,16,3,2,1,2,15,15,2,4,5,6,1,1,37,6,2,1,8,24,6,8,1,3,--,225,38,2,265,0,265,--,400,135,225,265,265,Algún campo sin dato,1,6be9655b3534ceff36d9baa8433b0c6c86fcc7656465f9307c346481c05a7143,25/06/2023 23:04:12,ESCANER
4751,"Guatemala",1,"Villa Nueva",15,474,400,,,,,,,,,,,,,,,,,,,,,,,,,,,,,,,,,,,,,,,,,,0,,,
4752,"Guatemala",1,"Villa Nueva",15,474,400,21,12,10,2,9,2,3,1,2,9,25,3,5,9,1,1,2,41,4,2,4,7,24,7,6,0,3,1,216,34,--,250,--,--,--,400,150,216,250,250,Algún campo sin dato,1,14333096f3933eb445535471ff95d959029e45a23af9f57d8b3514cee0be1b44,26/06/2023 00:19:09,ESCANER
4753,"Guatemala",1,"Villa Nueva",15,474,400,,,,,,,,,,,,,,,,,,,,,,,,,,,,,,,,,,,,,,,,,,0,,,
4754,"Guatemala",1,"Villa Nueva",15,474,400,,,,,,,,,,,,,,,,,,,,,,,,,,,,,,,,,,,,,,,,,,0,,,
4755,"Guatemala",1,"Villa Nueva",15,474,400,24,7,11,0,2,2,1,0,2,12,13,2,3,4,2,5,0,37,1,1,1,5,37,8,14,0,3,1,198,17,1,216,--,216,--,--,--,198,216,216,Algún campo sin dato,1,a515a66b5b6ca4906c688558b668a572fc4efd10ae4ddd16777af33df718cfcf,25/06/2023 23:50:32,ESCANER
4756,"Guatemala",1,"Villa Nueva",15,474,400,,,,,,,,,,,,,,,,,,,,,,,,,,,,,,,,,,,,,,,,,,0,,,
4757,"Guatemala",1,"Villa Nueva",15,474,400,,,,,,,,,,,,,,,,,,,,,,,,,,,,,,,,,,,,,,,,,,0,,,
4758,"Guatemala",1,"Villa Nueva",15,474,400,18,10,15,1,8,4,0,1,2,13,12,0,2,10,2,5,1,44,4,3,0,4,37,8,13,0,2,4,223,15,0,238,0,238,--,400,162,223,238,238,Algún campo sin dato,1,169298d36ca281156086290cad023ccdf57adbb2e7a65f6795fa932ada70a714,25/06/2023 23:48:41,ESCANER
4759,"Guatemala",1,"Villa Nueva",15,474,400,31,8,9,0,7,6,1,3,5,17,15,0,4,7,3,1,2,36,1,1,6,12,28,8,10,0,4,4,229,16,2,247,1,248,--,400,152,229,247,248,Algún campo sin dato,1,c6c0faff1135433fc0d499622f3b0da2253aadc0a2a69f9f8ce2dd48839c2c25,26/06/2023 00:01:01,ESCANER
4760,"Guatemala",1,"Villa Nueva",15,474,400,,,,,,,,,,,,,,,,,,,,,,,,,,,,,,,,,,,,,,,,,,0,,,
4761,"Guatemala",1,"Villa Nueva",15,474,400,26,8,6,4,9,2,3,0,2,16,17,0,4,7,6,3,0,40,1,1,2,5,23,5,9,1,6,3,209,36,0,245,0,245,--,400,155,209,245,245,Algún campo sin dato,1,fddd6b28791a298bc7c702208e87fc2ed1f5474ef4172a64891c364d426dcf70,26/06/2023 00:07:33,ESCANER
4762,"Guatemala",1,"Villa Nueva",15,474,400,,,,,,,,,,,,,,,,,,,,,,,,,,,,,,,,,,,,,,,,,,0,,,
4763,"Guatemala",1,"Villa Nueva",15,474,400,27,6,7,1,10,5,0,6,3,15,20,1,6,5,3,8,0,44,5,3,2,4,23,7,7,1,4,--,223,16,3,242,0,242,--,400,158,223,242,242,Algún campo sin dato,1,6550750affc7c7eb190dfce58a6ccdc0d73b51f1828fa009f3c807bad701cef2,26/06/2023 00:23:06,ESCANER
4764,"Guatemala",1,"Villa Nueva",15,474,400,26,16,9,2,11,3,2,2,3,14,15,1,4,7,4,3,1,51,1,1,1,13,20,7,7,0,7,0,231,14,3,248,0,248,--,400,152,231,248,248,Algún campo sin dato,1,e8360745b8ef1ef8a20c67a9b1261a8e80e9bca36946e3a3349e4c5e97977e3e,25/06/2023 23:37:32,ESCANER
4765,"Guatemala",1,"Villa Nueva",15,474,400,,,,,,,,,,,,,,,,,,,,,,,,,,,,,,,,,,,,,,,,,,0,,,
4766,"Guatemala",1,"Villa Nueva",15,475,400,9,1,0,0,8,3,0,0,3,17,29,2,3,0,3,0,1,19,5,0,2,8,23,5,10,1,12,0,164,60,6,230,170,400,--,400,170,164,230,400,Algún campo sin dato,1,29287ba62d9b07db6985cf54e787e9a5770fe315723dfbd1915ecc280579b0cc,25/06/2023 23:07:17,ESCANER
4767,"Guatemala",1,"Villa Nueva",15,475,400,23,5,9,3,7,4,3,1,0,16,11,1,3,3,4,4,2,23,6,4,1,7,23,7,10,0,5,4,189,17,0,206,0,206,--,400,194,189,206,206,Algún campo sin dato,1,820cfa8f1a1a409d39bbea990bc1b636ead6e2d10dd01d9df9e4fc7f3ff13126,25/06/2023 23:00:16,ESCANER
4768,"Guatemala",1,"Villa Nueva",15,475,400,,,,,,,,,,,,,,,,,,,,,,,,,,,,,,,,,,,,,,,,,,0,,,
4769,"Guatemala",1,"Villa Nueva",15,475,400,,,,,,,,,,,,,,,,,,,,,,,,,,,,,,,,,,,,,,,,,,0,,,
4770,"Guatemala",1,"Villa Nueva",15,475,400,,,,,,,,,,,,,,,,,,,,,,,,,,,,,,,,,,,,,,,,,,0,,,
4771,"Guatemala",1,"Villa Nueva",15,475,400,,,,,,,,,,,,,,,,,,,,,,,,,,,,,,,,,,,,,,,,,,0,,,
4772,"Guatemala",1,"Villa Nueva",15,475,400,,,,,,,,,,,,,,,,,,,,,,,,,,,,,,,,,,,,,,,,,,0,,,
4773,"Guatemala",1,"Villa Nueva",15,475,400,,,,,,,,,,,,,,,,,,,,,,,,,,,,,,,,,,,,,,,,,,0,,,
4774,"Guatemala",1,"Villa Nueva",15,475,400,,,,,,,,,,,,,,,,,,,,,,,,,,,,,,,,,,,,,,,,,,0,,,
4775,"Guatemala",1,"Villa Nueva",15,475,217,,,,,,,,,,,,,,,,,,,,,,,,,,,,,,,,,,,,,,,,,,0,,,
4776,"Guatemala",1,"Villa Nueva",15,475,216,,,,,,,,,,,,,,,,,,,,,,,,,,,,,,,,,,,,,,,,,,0,,,
4777,"Guatemala",1,"Villa Nueva",15,476,400,,,,,,,,,,,,,,,,,,,,,,,,,,,,,,,,,,,,,,,,,,0,,,
4778,"Guatemala",1,"Villa Nueva",15,476,400,,,,,,,,,,,,,,,,,,,,,,,,,,,,,,,,,,,,,,,,,,0,,,
4779,"Guatemala",1,"Villa Nueva",15,476,400,20,28,2,1,6,2,0,1,26,11,3,0,0,5,1,32,1,55,1,1,1,1,16,0,6,0,3,2,225,30,7,262,0,262,--,400,138,225,262,262,Algún campo sin dato,1,bbd47acaf89f8cd4246dd7c2f48c547a0a28e995f163fdf6a1de6ae9eb558637,25/06/2023 23:49:23,ESCANER
4780,"Guatemala",1,"Villa Nueva",15,476,400,,,,,,,,,,,,,,,,,,,,,,,,,,,,,,,,,,,,,,,,,,0,,,
4781,"Guatemala",1,"Villa Nueva",15,476,400,,,,,,,,,,,,,,,,,,,,,,,,,,,,,,,,,,,,,,,,,,0,,,
4782,"Guatemala",1,"Villa Nueva",15,476,400,,,,,,,,,,,,,,,,,,,,,,,,,,,,,,,,,,,,,,,,,,0,,,
4783,"Guatemala",1,"Villa Nueva",15,476,400,,,,,,,,,,,,,,,,,,,,,,,,,,,,,,,,,,,,,,,,,,0,,,
4784,"Guatemala",1,"Villa Nueva",15,476,400,,,,,,,,,,,,,,,,,,,,,,,,,,,,,,,,,,,,,,,,,,0,,,
4785,"Guatemala",1,"Villa Nueva",15,476,400,,,,,,,,,,,,,,,,,,,,,,,,,,,,,,,,,,,,,,,,,,0,,,
4786,"Guatemala",1,"Villa Nueva",15,476,400,,,,,,,,,,,,,,,,,,,,,,,,,,,,,,,,,,,,,,,,,,0,,,
4787,"Guatemala",1,"Villa Nueva",15,476,400,,,,,,,,,,,,,,,,,,,,,,,,,,,,,,,,,,,,,,,,,,0,,,
4788,"Guatemala",1,"Villa Nueva",15,476,400,,,,,,,,,,,,,,,,,,,,,,,,,,,,,,,,,,,,,,,,,,0,,,
4789,"Guatemala",1,"Villa Nueva",15,476,400,,,,,,,,,,,,,,,,,,,,,,,,,,,,,,,,,,,,,,,,,,0,,,
4790,"Guatemala",1,"Villa Nueva",15,476,400,21,25,2,2,8,4,0,0,24,8,6,2,4,2,3,15,0,49,3,1,1,3,19,3,3,2,7,0,217,14,1,232,0,232,--,400,168,217,232,232,Algún campo sin dato,1,77ac1eb7a3e6750bb158d2d632079b93a1d63f5c499cde8da60651ff481d82c7,26/06/2023 00:19:46,ESCANER
4791,"Guatemala",1,"Villa Nueva",15,476,400,,,,,,,,,,,,,,,,,,,,,,,,,,,,,,,,,,,,,,,,,,0,,,
4792,"Guatemala",1,"Villa Nueva",15,476,400,,,,,,,,,,,,,,,,,,,,,,,,,,,,,,,,,,,,,,,,,,0,,,
4793,"Guatemala",1,"Villa Nueva",15,476,400,,,,,,,,,,,,,,,,,,,,,,,,,,,,,,,,,,,,,,,,,,0,,,
4794,"Guatemala",1,"Villa Nueva",15,476,400,,,,,,,,,,,,,,,,,,,,,,,,,,,,,,,,,,,,,,,,,,0,,,
4795,"Guatemala",1,"Villa Nueva",15,476,400,,,,,,,,,,,,,,,,,,,,,,,,,,,,,,,,,,,,,,,,,,0,,,
4796,"Guatemala",1,"Villa Nueva",15,476,400,17,21,2,2,13,2,0,0,29,5,6,7,6,2,2,22,2,42,2,4,4,3,13,1,11,1,4,3,220,23,2,245,0,245,--,400,155,226,251,251,Sumas Asentadas sin cuadrar,1,49ec11243507bcf8b433aa3e423b35c62438281d0bb550d351a7794a5de4a1a0,25/06/2023 23:51:19,ESCANER
4797,"Guatemala",1,"Villa Nueva",15,476,400,,,,,,,,,,,,,,,,,,,,,,,,,,,,,,,,,,,,,,,,,,0,,,
4798,"Guatemala",1,"Villa Nueva",15,476,400,,,,,,,,,,,,,,,,,,,,,,,,,,,,,,,,,,,,,,,,,,0,,,
4799,"Guatemala",1,"Villa Nueva",15,477,400,,,,,,,,,,,,,,,,,,,,,,,,,,,,,,,,,,,,,,,,,,0,,,
4800,"Guatemala",1,"Villa Nueva",15,477,400,,,,,,,,,,,,,,,,,,,,,,,,,,,,,,,,,,,,,,,,,,0,,,
4801,"Guatemala",1,"Villa Nueva",15,477,400,,,,,,,,,,,,,,,,,,,,,,,,,,,,,,,,,,,,,,,,,,0,,,
4802,"Guatemala",1,"Villa Nueva",15,477,400,,,,,,,,,,,,,,,,,,,,,,,,,,,,,,,,,,,,,,,,,,0,,,
4803,"Guatemala",1,"Villa Nueva",15,477,400,,,,,,,,,,,,,,,,,,,,,,,,,,,,,,,,,,,,,,,,,,0,,,
4804,"Guatemala",1,"Villa Nueva",15,477,400,,,,,,,,,,,,,,,,,,,,,,,,,,,,,,,,,,,,,,,,,,0,,,
4805,"Guatemala",1,"Villa Nueva",15,477,400,18,18,4,0,5,3,1,0,27,8,5,3,1,0,4,16,0,38,1,0,2,1,24,3,10,0,4,2,198,13,1,212,0,212,--,400,188,198,212,212,Algún campo sin dato,1,0d05ed8fecb9093790d4d429d26122875916d81758faafcf2a061a69bbbc6466,26/06/2023 00:28:04,ESCANER
4806,"Guatemala",1,"Villa Nueva",15,477,400,17,15,4,1,6,2,2,0,32,7,5,1,0,4,0,28,2,41,1,0,0,0,27,0,5,0,2,1,203,8,1,212,0,212,--,400,188,203,212,212,Algún campo sin dato,1,f7951365dff0cd93ced46b4b447220dd4ec840e4c361dbd80b0060e4be117c0a,25/06/2023 23:57:44,ESCANER
4807,"Guatemala",1,"Villa Nueva",15,477,400,,,,,,,,,,,,,,,,,,,,,,,,,,,,,,,,,,,,,,,,,,0,,,
4808,"Guatemala",1,"Villa Nueva",15,477,400,,,,,,,,,,,,,,,,,,,,,,,,,,,,,,,,,,,,,,,,,,0,,,
4809,"Guatemala",1,"Villa Nueva",15,477,400,,,,,,,,,,,,,,,,,,,,,,,,,,,,,,,,,,,,,,,,,,0,,,
4810,"Guatemala",1,"Villa Nueva",15,477,400,16,8,4,0,3,1,1,0,17,3,2,0,1,2,3,11,0,36,0,0,0,2,24,0,8,0,2,0,144,6,1,151,0,151,--,400,249,144,151,151,Algún campo sin dato,1,36181fa0bc939aa7896b262e806526d7b492966f0dd7c92bb4abe19483019624,25/06/2023 23:02:25,ESCANER
4811,"Guatemala",1,"Villa Nueva",15,477,400,23,21,4,1,6,2,0,1,16,6,2,0,0,0,5,15,1,42,1,1,1,2,25,0,7,0,2,0,184,10,2,196,0,196,--,400,204,184,196,196,Algún campo sin dato,1,1c864aa8fb850b437f57927f6af99b7576e0b22125c2373262244e1a6c26dc0c,25/06/2023 23:31:20,ESCANER
4812,"Guatemala",1,"Villa Nueva",15,477,400,,,,,,,,,,,,,,,,,,,,,,,,,,,,,,,,,,,,,,,,,,0,,,
4813,"Guatemala",1,"Villa Nueva",15,477,261,19,9,2,0,2,2,0,0,18,6,1,0,4,3,1,7,0,17,0,1,1,0,17,0,3,0,1,1,115,4,1,120,0,120,--,258,138,115,120,120,Algún campo sin dato,1,504c353050565dd1d136909a1f120a6b7bb29285209d9a9a394db4d015e1fe3d,25/06/2023 23:48:41,ESCANER
4814,"Guatemala",1,"Villa Nueva",15,477,260,14,7,1,0,3,1,0,0,13,2,0,0,0,1,0,5,0,9,0,1,0,2,18,2,8,0,0,1,89,5,0,94,0,94,--,257,163,88,93,93,Sumas Asentadas sin cuadrar,1,928d351e6a1b07a7f92a7d5af6f306c300c8a8fe09d97779019a7483132af048,25/06/2023 22:54:34,ESCANER
4815,"Guatemala",1,"Villa Nueva",15,478,400,,,,,,,,,,,,,,,,,,,,,,,,,,,,,,,,,,,,,,,,,,0,,,
4816,"Guatemala",1,"Villa Nueva",15,478,400,,,,,,,,,,,,,,,,,,,,,,,,,,,,,,,,,,,,,,,,,,0,,,
4817,"Guatemala",1,"Villa Nueva",15,478,400,,,,,,,,,,,,,,,,,,,,,,,,,,,,,,,,,,,,,,,,,,0,,,
4818,"Guatemala",1,"Villa Nueva",15,478,400,,,,,,,,,,,,,,,,,,,,,,,,,,,,,,,,,,,,,,,,,,0,,,
4819,"Guatemala",1,"Villa Nueva",15,478,400,,,,,,,,,,,,,,,,,,,,,,,,,,,,,,,,,,,,,,,,,,0,,,
4820,"Guatemala",1,"Villa Nueva",15,478,400,,,,,,,,,,,,,,,,,,,,,,,,,,,,,,,,,,,,,,,,,,0,,,
4821,"Guatemala",1,"Villa Nueva",15,478,400,,,,,,,,,,,,,,,,,,,,,,,,,,,,,,,,,,,,,,,,,,0,,,
4822,"Guatemala",1,"Villa Nueva",15,478,400,,,,,,,,,,,,,,,,,,,,,,,,,,,,,,,,,,,,,,,,,,0,,,
4823,"Guatemala",1,"Villa Nueva",15,478,400,,,,,,,,,,,,,,,,,,,,,,,,,,,,,,,,,,,,,,,,,,0,,,
4824,"Guatemala",1,"Villa Nueva",15,478,400,,,,,,,,,,,,,,,,,,,,,,,,,,,,,,,,,,,,,,,,,,0,,,
4825,"Guatemala",1,"Villa Nueva",15,478,400,,,,,,,,,,,,,,,,,,,,,,,,,,,,,,,,,,,,,,,,,,0,,,
4826,"Guatemala",1,"Villa Nueva",15,478,400,,,,,,,,,,,,,,,,,,,,,,,,,,,,,,,,,,,,,,,,,,0,,,
4827,"Guatemala",1,"Villa Nueva",15,478,400,,,,,,,,,,,,,,,,,,,,,,,,,,,,,,,,,,,,,,,,,,0,,,
4828,"Guatemala",1,"Villa Nueva",15,478,400,,,,,,,,,,,,,,,,,,,,,,,,,,,,,,,,,,,,,,,,,,0,,,
4829,"Guatemala",1,"Villa Nueva",15,479,400,24,29,13,2,11,11,7,0,2,5,11,1,6,4,30,3,2,35,2,2,3,3,35,1,8,3,1,3,257,14,0,271,1,272,--,400,128,257,271,272,Algún campo sin dato,1,11a938441399cb810daa024d644a78b114b504c40ae5f1207296c81b9eb9929b,25/06/2023 23:10:52,ESCANER
4830,"Guatemala",1,"Villa Nueva",15,479,400,,,,,,,,,,,,,,,,,,,,,,,,,,,,,,,,,,,,,,,,,,0,,,
4831,"Guatemala",1,"Villa Nueva",15,479,400,,,,,,,,,,,,,,,,,,,,,,,,,,,,,,,,,,,,,,,,,,0,,,
4832,"Guatemala",1,"Villa Nueva",15,479,400,,,,,,,,,,,,,,,,,,,,,,,,,,,,,,,,,,,,,,,,,,0,,,
4833,"Guatemala",1,"Villa Nueva",15,479,400,,,,,,,,,,,,,,,,,,,,,,,,,,,,,,,,,,,,,,,,,,0,,,
4834,"Guatemala",1,"Villa Nueva",15,479,400,16,20,7,4,8,17,5,0,2,3,10,0,3,3,26,3,1,27,2,1,1,7,37,3,4,1,1,1,213,16,2,231,0,231,--,400,169,213,231,231,Algún campo sin dato,1,4b017bb549ef4e4be0093333c7f612cdb6cc4bca6891d672dace21fe30164db0,26/06/2023 00:05:36,ESCANER
4835,"Guatemala",1,"Villa Nueva",15,479,400,,,,,,,,,,,,,,,,,,,,,,,,,,,,,,,,,,,,,,,,,,0,,,
4836,"Guatemala",1,"Villa Nueva",15,479,400,,,,,,,,,,,,,,,,,,,,,,,,,,,,,,,,,,,,,,,,,,0,,,
4837,"Guatemala",1,"Villa Nueva",15,479,400,,,,,,,,,,,,,,,,,,,,,,,,,,,,,,,,,,,,,,,,,,0,,,
4838,"Guatemala",1,"Villa Nueva",15,479,400,,,,,,,,,,,,,,,,,,,,,,,,,,,,,,,,,,,,,,,,,,0,,,
4839,"Guatemala",1,"Villa Nueva",15,479,400,19,23,15,0,8,11,6,0,2,0,1,3,3,2,18,0,3,34,2,3,5,1,62,0,11,1,0,1,235,6,1,241,0,241,--,400,159,234,241,241,Sumas Asentadas sin cuadrar,1,e7d4bafdefd4c9697838ff7a36faa6aec951ff85bdd185ea9da27b3333a44617,25/06/2023 23:57:19,ESCANER
4840,"Guatemala",1,"Villa Nueva",15,479,400,,,,,,,,,,,,,,,,,,,,,,,,,,,,,,,,,,,,,,,,,,0,,,
4841,"Guatemala",1,"Villa Nueva",15,479,400,,,,,,,,,,,,,,,,,,,,,,,,,,,,,,,,,,,,,,,,,,0,,,
4842,"Guatemala",1,"Villa Nueva",15,479,227,14,7,13,2,1,1,4,0,2,0,4,0,3,0,19,0,0,0,0,0,2,1,39,0,8,1,1,--,141,2,0,143,0,--,--,143,145,122,124,124,Sumas Asentadas sin cuadrar,1,83cc91e6a69c352bc50c098ef95dd6d38a36aa530f92b72fcc75f396ec99816f,26/06/2023 00:23:40,ESCANER
4843,"Guatemala",1,"Villa Nueva",15,479,227,9,9,8,2,2,2,3,1,0,1,1,1,1,2,15,0,1,16,0,1,3,1,29,0,8,3,0,0,119,11,0,130,0,130,--,227,97,119,130,130,Algún campo sin dato,1,b43f67428171647115d4c68b4096acd84b836a3a3d110e8027a6edd545a9b810,25/06/2023 22:05:22,ESCANER
4844,"Guatemala",1,"Villa Nueva",15,480,400,,,,,,,,,,,,,,,,,,,,,,,,,,,,,,,,,,,,,,,,,,0,,,
4845,"Guatemala",1,"Villa Nueva",15,480,400,,,,,,,,,,,,,,,,,,,,,,,,,,,,,,,,,,,,,,,,,,0,,,
4846,"Guatemala",1,"Villa Nueva",15,480,400,,,,,,,,,,,,,,,,,,,,,,,,,,,,,,,,,,,,,,,,,,0,,,
4847,"Guatemala",1,"Villa Nueva",15,480,400,,,,,,,,,,,,,,,,,,,,,,,,,,,,,,,,,,,,,,,,,,0,,,
4848,"Guatemala",1,"Villa Nueva",15,480,400,,,,,,,,,,,,,,,,,,,,,,,,,,,,,,,,,,,,,,,,,,0,,,
4849,"Guatemala",1,"Villa Nueva",15,480,400,,,,,,,,,,,,,,,,,,,,,,,,,,,,,,,,,,,,,,,,,,0,,,
4850,"Guatemala",1,"Villa Nueva",15,480,400,,,,,,,,,,,,,,,,,,,,,,,,,,,,,,,,,,,,,,,,,,0,,,
4851,"Guatemala",1,"Villa Nueva",15,480,400,17,26,12,1,9,7,4,0,3,5,4,1,0,4,16,2,0,46,2,5,0,2,34,2,9,1,2,0,214,10,1,225,0,225,--,400,175,214,225,225,Algún campo sin dato,1,88e01ddfecc62544f84e5c9e417a835525a0f16704d25c5a57460c41092713a4,26/06/2023 00:05:46,ESCANER
4852,"Guatemala",1,"Villa Nueva",15,480,400,,,,,,,,,,,,,,,,,,,,,,,,,,,,,,,,,,,,,,,,,,0,,,
4853,"Guatemala",1,"Villa Nueva",15,480,400,,,,,,,,,,,,,,,,,,,,,,,,,,,,,,,,,,,,,,,,,,0,,,
4854,"Guatemala",1,"Villa Nueva",15,480,400,,,,,,,,,,,,,,,,,,,,,,,,,,,,,,,,,,,,,,,,,,0,,,
4855,"Guatemala",1,"Villa Nueva",15,480,400,15,25,8,2,5,10,3,2,5,12,8,3,4,3,9,2,3,39,2,6,1,6,27,1,6,2,0,3,212,20,1,233,1,234,--,400,166,212,233,234,Algún campo sin dato,1,02d77b13fbae8dc4058edc70c62db579a31d2786242f7e31df7a8c3af30b86e7,25/06/2023 23:53:19,ESCANER
4856,"Guatemala",1,"Villa Nueva",15,480,400,,,,,,,,,,,,,,,,,,,,,,,,,,,,,,,,,,,,,,,,,,0,,,
4857,"Guatemala",1,"Villa Nueva",15,480,400,,,,,,,,,,,,,,,,,,,,,,,,,,,,,,,,,,,,,,,,,,0,,,
4858,"Guatemala",1,"Villa Nueva",15,480,400,15,25,8,1,7,17,3,0,5,17,8,1,2,4,12,4,4,40,3,3,2,3,15,0,5,0,3,3,210,20,0,230,0,230,--,401,171,210,230,230,Algún campo sin dato,1,9030d8d9cd1beef78e24d6432fa80d40634319b9bfb1d94cdab5f307ed071aab,26/06/2023 00:12:07,ESCANER
4859,"Guatemala",1,"Villa Nueva",15,481,400,,,,,,,,,,,,,,,,,,,,,,,,,,,,,,,,,,,,,,,,,,0,,,
4860,"Guatemala",1,"Villa Nueva",15,481,400,19,20,7,0,8,6,5,1,5,10,8,1,4,4,20,2,1,34,2,5,2,6,22,2,2,0,3,0,199,22,2,223,0,223,--,400,174,199,223,223,Algún campo sin dato,1,82d100c5f11254ad4baca329203d68a035187a2def4061603f4aed552dd97b85,26/06/2023 00:09:36,ESCANER
4861,"Guatemala",1,"Villa Nueva",15,481,400,,,,,,,,,,,,,,,,,,,,,,,,,,,,,,,,,,,,,,,,,,0,,,
4862,"Guatemala",1,"Villa Nueva",15,481,400,28,18,7,--,6,12,4,1,--,12,4,2,2,2,16,1,--,37,3,4,2,2,20,1,7,1,3,3,198,25,2,225,0,225,--,400,175,198,225,225,Algún campo sin dato,1,f3f837515aa4c9b2837c6b92c43773b1ac746bbeb92d9c1c71c5fb43c4e8e739,25/06/2023 23:17:19,ESCANER
4863,"Guatemala",1,"Villa Nueva",15,481,400,17,33,11,3,9,8,4,--,4,11,3,3,2,--,18,2,--,49,2,5,1,3,15,2,8,2,2,2,219,19,1,239,0,239,--,403,164,219,239,239,Algún campo sin dato,1,ea86b9ce0b634159c7fc82651348a1dcd9ab286fb4e00f074590b977d0075d3d,25/06/2023 22:50:28,ESCANER
4864,"Guatemala",1,"Villa Nueva",15,481,400,,,,,,,,,,,,,,,,,,,,,,,,,,,,,,,,,,,,,,,,,,0,,,
4865,"Guatemala",1,"Villa Nueva",15,481,400,,,,,,,,,,,,,,,,,,,,,,,,,,,,,,,,,,,,,,,,,,0,,,
4866,"Guatemala",1,"Villa Nueva",15,481,400,,,,,,,,,,,,,,,,,,,,,,,,,,,,,,,,,,,,,,,,,,0,,,
4867,"Guatemala",1,"Villa Nueva",15,481,400,,,,,,,,,,,,,,,,,,,,,,,,,,,,,,,,,,,,,,,,,,0,,,
4868,"Guatemala",1,"Villa Nueva",15,481,400,,,,,,,,,,,,,,,,,,,,,,,,,,,,,,,,,,,,,,,,,,0,,,
4869,"Guatemala",1,"Villa Nueva",15,481,288,,,,,,,,,,,,,,,,,,,,,,,,,,,,,,,,,,,,,,,,,,0,,,
4870,"Guatemala",1,"Villa Nueva",15,481,287,,,,,,,,,,,,,,,,,,,,,,,,,,,,,,,,,,,,,,,,,,0,,,
4871,"Guatemala",1,"Villa Nueva",15,482,600,,,,,,,,,,,,,,,,,,,,,,,,,,,,,,,,,,,,,,,,,,0,,,
4872,"Guatemala",1,"Villa Nueva",15,482,600,,,,,,,,,,,,,,,,,,,,,,,,,,,,,,,,,,,,,,,,,,0,,,
4873,"Guatemala",1,"Villa Nueva",15,482,600,,,,,,,,,,,,,,,,,,,,,,,,,,,,,,,,,,,,,,,,,,0,,,
4874,"Guatemala",1,"Villa Nueva",15,482,600,,,,,,,,,,,,,,,,,,,,,,,,,,,,,,,,,,,,,,,,,,0,,,
4875,"Guatemala",1,"Villa Nueva",15,482,600,,,,,,,,,,,,,,,,,,,,,,,,,,,,,,,,,,,,,,,,,,0,,,
4876,"Guatemala",1,"Villa Nueva",15,482,600,,,,,,,,,,,,,,,,,,,,,,,,,,,,,,,,,,,,,,,,,,0,,,
4877,"Guatemala",1,"Villa Nueva",15,482,600,,,,,,,,,,,,,,,,,,,,,,,,,,,,,,,,,,,,,,,,,,0,,,
4878,"Guatemala",1,"Villa Nueva",15,482,600,,,,,,,,,,,,,,,,,,,,,,,,,,,,,,,,,,,,,,,,,,0,,,
4879,"Guatemala",1,"Villa Nueva",15,482,600,23,16,3,2,9,11,3,0,1,8,5,5,3,5,15,1,0,21,2,0,0,7,13,1,1,0,2,2,159,27,1,187,0,187,--,600,413,159,187,187,Algún campo sin dato,1,8a903f440318e4e6a75ac356812d0c3a521e2b9c5ee59ea2293f9477986f8614,25/06/2023 23:49:19,ESCANER
4880,"Guatemala",1,"Villa Nueva",15,482,600,,,,,,,,,,,,,,,,,,,,,,,,,,,,,,,,,,,,,,,,,,0,,,
4881,"Guatemala",1,"Villa Nueva",15,482,600,,,,,,,,,,,,,,,,,,,,,,,,,,,,,,,,,,,,,,,,,,0,,,
4882,"Guatemala",1,"Villa Nueva",15,482,600,,,,,,,,,,,,,,,,,,,,,,,,,,,,,,,,,,,,,,,,,,0,,,
4883,"Guatemala",1,"Villa Nueva",15,482,600,,,,,,,,,,,,,,,,,,,,,,,,,,,,,,,,,,,,,,,,,,0,,,
4884,"Guatemala",1,"Villa Nueva",15,482,444,,,,,,,,,,,,,,,,,,,,,,,,,,,,,,,,,,,,,,,,,,0,,,
4885,"Guatemala",1,"Villa Nueva",15,482,444,3,0,1,0,0,1,1,0,0,0,0,0,0,0,2,0,0,1,0,0,0,0,1,0,0,0,0,0,10,0,0,10,0,10,--,441,431,10,10,10,Algún campo sin dato,1,14230cdf478e43252433c0e6a5a7337acc0bccf395bd5debdee0c640fa1abc95,25/06/2023 22:33:57,ESCANER