﻿TIPO_DE_ELECCIÓN:,CORPORACIÓN MUNICIPAL
26 junio 2023 00:28 (UTC -6)
ACTAS_ESPERADAS,ACTAS_CAPTURADAS,PORCENTAJE_ACTAS_CAPTURADAS,ACTAS_CONTABILIZADAS,PORCENTAJE_ACTAS_CONTABILIZADAS,ACTAS_NO_CONTABILIZADAS,LISTA_NOMINAL_ACTAS_CONTABILIZADAS,VOTOS_EMITIDOS_CONTABILIZADAS,PORCENTAJE_PARTICIPACIÓN_CIUDADANA
70,26,37.1428,26,37.1428,0,9303,4392,47.2105

MESA,DEPARTAMENTO,ID_DEPARTAMENTO,MUNICIPIO,ID_MUNICIPIO,CENTRO_DE_VOTACIÓN,PADRÓN,VAMOS,UR,TODOS,CABAL,UNE,VALOR,PHG,URNG-MAIZ   SEMILLA,VÁLIDOS,NULOS,BLANCO,EMITIDOS,INVÁLIDOS,TOTAL,IMPUGNACIONES,PAPELETAS-RECIBIDAS,PAPELETAS-NO-USADAS,VALIDOS_CALCULADO,EMITIDOS_CALCULADO,TOTAL_CALCULADO,OBSERVACIONES,CONTABILIZADA,CÓDIGO_INTEGRIDAD,FECHA_HORA_PUBLICACIÓN,DIGITALIZACIÓN
15346,"Huehuetenango",13,"Jacaltenango",7,2233,400,,,,,,,,,,,,,,,,,,,,,,0,,,
15347,"Huehuetenango",13,"Jacaltenango",7,2233,400,,,,,,,,,,,,,,,,,,,,,,0,,,
15348,"Huehuetenango",13,"Jacaltenango",7,2233,400,,,,,,,,,,,,,,,,,,,,,,0,,,
15349,"Huehuetenango",13,"Jacaltenango",7,2233,400,47,7,0,179,43,1,2,7,286,5,2,293,0,293,--,400,107,286,293,293,Algún campo sin dato,1,b2f4e7543c737e970d3651ac8b97cc54a989819fa92347bd5c27bfb76987aae3,25/06/2023 23:58:24,ESCANER
15350,"Huehuetenango",13,"Jacaltenango",7,2233,400,,,,,,,,,,,,,,,,,,,,,,0,,,
15351,"Huehuetenango",13,"Jacaltenango",7,2233,400,30,9,0,145,40,2,1,3,230,4,1,235,0,235,--,402,167,230,235,235,Algún campo sin dato,1,006a99826ed8b2e61bcf1da97cee4a72c2d9093a2f378e04f14f1fd95fff07fa,25/06/2023 23:44:27,ESCANER
15352,"Huehuetenango",13,"Jacaltenango",7,2233,400,,,,,,,,,,,,,,,,,,,,,,0,,,
15353,"Huehuetenango",13,"Jacaltenango",7,2233,400,,,,,,,,,,,,,,,,,,,,,,0,,,
15354,"Huehuetenango",13,"Jacaltenango",7,2234,400,,,,,,,,,,,,,,,,,,,,,,0,,,
15355,"Huehuetenango",13,"Jacaltenango",7,2234,400,,,,,,,,,,,,,,,,,,,,,,0,,,
15356,"Huehuetenango",13,"Jacaltenango",7,2234,400,,,,,,,,,,,,,,,,,,,,,,0,,,
15357,"Huehuetenango",13,"Jacaltenango",7,2234,268,17,0,0,102,21,0,1,3,144,2,1,147,0,147,--,268,121,144,147,147,Algún campo sin dato,1,67884714913573730337ceb902da6d007bd46f9e47c0da0578f28919d4d66ef0,25/06/2023 21:55:16,ESCANER
15358,"Huehuetenango",13,"Jacaltenango",7,2234,268,23,4,0,75,26,0,2,2,132,3,4,139,0,139,--,268,129,132,139,139,Algún campo sin dato,1,cc1990e2103dbc5e91a01689323a31c89b0a7db9bc4b04f19fcf93696ed1bf7c,25/06/2023 22:02:50,ESCANER
15359,"Huehuetenango",13,"Jacaltenango",7,2235,400,,,,,,,,,,,,,,,,,,,,,,0,,,
15360,"Huehuetenango",13,"Jacaltenango",7,2235,400,,,,,,,,,,,,,,,,,,,,,,0,,,
15361,"Huehuetenango",13,"Jacaltenango",7,2235,400,,,,,,,,,,,,,,,,,,,,,,0,,,
15362,"Huehuetenango",13,"Jacaltenango",7,2235,400,,,,,,,,,,,,,,,,,,,,,,0,,,
15363,"Huehuetenango",13,"Jacaltenango",7,2235,400,45,4,2,123,46,--,3,2,225,3,2,230,0,230,--,400,170,225,230,230,Algún campo sin dato,1,0e397ada9e8c8ceae62eb6a1559a6875941f18d31862f86a61beecd4f1f3a94e,26/06/2023 00:21:53,ESCANER
15364,"Huehuetenango",13,"Jacaltenango",7,2235,400,,,,,,,,,,,,,,,,,,,,,,0,,,
15365,"Huehuetenango",13,"Jacaltenango",7,2235,400,,,,,,,,,,,,,,,,,,,,,,0,,,
15366,"Huehuetenango",13,"Jacaltenango",7,2235,400,,,,,,,,,,,,,,,,,,,,,,0,,,
15367,"Huehuetenango",13,"Jacaltenango",7,2235,400,,,,,,,,,,,,,,,,,,,,,,0,,,
15368,"Huehuetenango",13,"Jacaltenango",7,2235,347,,,,,,,,,,,,,,,,,,,,,,0,,,
15369,"Huehuetenango",13,"Jacaltenango",7,2235,347,29,1,2,97,38,0,0,4,171,4,0,175,0,175,--,347,172,171,175,175,Algún campo sin dato,1,25457954a2e1c90c038dbf24001606b27e0b6c10c85d571894e2914207287bdd,25/06/2023 22:17:36,ESCANER
15370,"Huehuetenango",13,"Jacaltenango",7,2236,380,,,,,,,,,,,,,,,,,,,,,,0,,,
15371,"Huehuetenango",13,"Jacaltenango",7,2236,380,,,,,,,,,,,,,,,,,,,,,,0,,,
15372,"Huehuetenango",13,"Jacaltenango",7,2236,315,,,,,,,,,,,,,,,,,,,,,,0,,,
15373,"Huehuetenango",13,"Jacaltenango",7,2236,315,,,,,,,,,,,,,,,,,,,,,,0,,,
15374,"Huehuetenango",13,"Jacaltenango",7,2237,380,,,,,,,,,,,,,,,,,,,,,,0,,,
15375,"Huehuetenango",13,"Jacaltenango",7,2237,380,,,,,,,,,,,,,,,,,,,,,,0,,,
15376,"Huehuetenango",13,"Jacaltenango",7,2237,380,,,,,,,,,,,,,,,,,,,,,,0,,,
15377,"Huehuetenango",13,"Jacaltenango",7,2237,284,,,,,,,,,,,,,,,,,,,,,,0,,,
15378,"Huehuetenango",13,"Jacaltenango",7,2237,283,6,3,1,56,23,2,0,1,92,3,2,97,0,97,--,283,186,92,97,97,Algún campo sin dato,1,c9b7367bd7c723ccce48368ff1e49d2998f47f0197f7b5461ef7d8f315eb5a34,26/06/2023 00:07:46,ESCANER
15379,"Huehuetenango",13,"Jacaltenango",7,2238,380,,,,,,,,,,,,,,,,,,,,,,0,,,
15380,"Huehuetenango",13,"Jacaltenango",7,2238,380,,,,,,,,,,,,,,,,,,,,,,0,,,
15381,"Huehuetenango",13,"Jacaltenango",7,2238,380,,,,,,,,,,,,,,,,,,,,,,0,,,
15382,"Huehuetenango",13,"Jacaltenango",7,2238,380,,,,,,,,,,,,,,,,,,,,,,0,,,
15383,"Huehuetenango",13,"Jacaltenango",7,2238,380,15,3,17,18,193,1,2,1,250,3,0,253,0,253,--,383,130,250,253,253,Algún campo sin dato,1,c96eb0789afe0ee78bd02f989c7365ca341d12f80f7df91a52e32424e5df41ac,26/06/2023 00:07:29,ESCANER
15384,"Huehuetenango",13,"Jacaltenango",7,2238,380,11,1,24,22,120,0,3,1,182,3,2,187,0,187,--,401,214,182,187,187,Algún campo sin dato,1,214b750417b11cdc587499da6bdd90d578514a01130f5af2ae1f29776c111021,25/06/2023 23:36:43,ESCANER
15385,"Huehuetenango",13,"Jacaltenango",7,2238,380,,,,,,,,,,,,,,,,,,,,,,0,,,
15386,"Huehuetenango",13,"Jacaltenango",7,2238,380,,,,,,,,,,,,,,,,,,,,,,0,,,
15387,"Huehuetenango",13,"Jacaltenango",7,2238,380,15,0,19,18,137,0,2,1,192,3,0,195,0,195,--,380,185,192,195,195,Algún campo sin dato,1,58ec4ba9003ce467457cd1a2f997d5e0178357930eb7ee9350c03b5589b44cbf,26/06/2023 00:11:07,ESCANER
15388,"Huehuetenango",13,"Jacaltenango",7,2238,344,8,0,30,12,99,0,5,0,154,0,0,154,0,154,--,341,187,154,154,154,Algún campo sin dato,1,c95aaa0d918866240bcaea1df36c492005e09cc7786f1209fb2cc7c4af1d21d4,25/06/2023 23:14:12,ESCANER
15389,"Huehuetenango",13,"Jacaltenango",7,2238,343,11,1,12,13,129,0,2,0,168,1,2,171,3,174,--,343,169,168,171,174,Algún campo sin dato,1,942260e21f422511b0c8851cc7423e940b2f3fe8eafa8c1d8b1b0835be3fcc8c,26/06/2023 00:27:51,ESCANER
15390,"Huehuetenango",13,"Jacaltenango",7,2239,380,,,,,,,,,,,,,,,,,,,,,,0,,,
15391,"Huehuetenango",13,"Jacaltenango",7,2239,380,33,0,5,7,147,0,1,2,195,13,3,211,0,211,--,377,166,195,211,211,Algún campo sin dato,1,3fc232db360c54dcc34cf75a789d725600b951d5242e8446988643cc3f1aed30,26/06/2023 00:23:29,ESCANER
15392,"Huehuetenango",13,"Jacaltenango",7,2239,380,,,,,,,,,,,,,,,,,,,,,,0,,,
15393,"Huehuetenango",13,"Jacaltenango",7,2239,380,,,,,,,,,,,,,,,,,,,,,,0,,,
15394,"Huehuetenango",13,"Jacaltenango",7,2239,380,,,,,,,,,,,,,,,,,,,,,,0,,,
15395,"Huehuetenango",13,"Jacaltenango",7,2239,380,,,,,,,,,,,,,,,,,,,,,,0,,,
15396,"Huehuetenango",13,"Jacaltenango",7,2239,380,19,0,0,6,105,0,0,0,130,2,2,134,0,134,--,380,246,130,134,134,Algún campo sin dato,1,394f80abea1be3031471744d9cb1085269bd8cc2e1da1fadcc5e5a5b2386d88a,25/06/2023 23:41:43,ESCANER
15397,"Huehuetenango",13,"Jacaltenango",7,2239,229,,,,,,,,,,,,,,,,,,,,,,0,,,
15398,"Huehuetenango",13,"Jacaltenango",7,2239,229,14,0,2,5,57,1,1,0,80,3,1,84,0,84,--,229,145,80,84,84,Algún campo sin dato,1,a940b829e397695afe09f29a809169d2322f9783c734ac37470340121be1f094,25/06/2023 23:16:42,ESCANER
15399,"Huehuetenango",13,"Jacaltenango",7,2240,380,10,3,0,121,53,1,6,2,196,6,2,204,0,204,--,380,176,196,204,204,Algún campo sin dato,1,19c17e99a7ff8cd9b9b981877fd38ad8fbb8a4adce9a8ddf0628fbe6f9abd0d1,26/06/2023 00:21:31,ESCANER
15400,"Huehuetenango",13,"Jacaltenango",7,2240,380,,,,,,,,,,,,,,,,,,,,,,0,,,
15401,"Huehuetenango",13,"Jacaltenango",7,2240,380,9,5,0,97,43,4,7,1,166,5,1,172,0,172,--,392,220,166,172,172,Algún campo sin dato,1,5fcd7f2fe115d535aea525476f167bcc69fd286983aa5b60903e0cda6bd1caf7,26/06/2023 00:08:00,ESCANER
15402,"Huehuetenango",13,"Jacaltenango",7,2240,380,12,2,0,107,44,2,3,0,170,4,5,179,0,179,--,368,189,170,179,179,Algún campo sin dato,1,9a12677d2a2d80d95405bbeb5ff3f82aa3c810c24926e3a03b2ebe2e188ae84d,25/06/2023 23:25:31,ESCANER
15403,"Huehuetenango",13,"Jacaltenango",7,2240,284,8,3,0,65,20,0,1,1,98,2,1,101,0,101,--,284,183,98,101,101,Algún campo sin dato,1,b6904fa54644a74a6abac9655f83bb9b9cb511ad8eea23efda12bc795ffd61b6,25/06/2023 22:33:38,ESCANER
15404,"Huehuetenango",13,"Jacaltenango",7,2240,283,7,3,0,58,25,1,2,0,96,2,3,101,0,101,--,283,182,96,101,101,Algún campo sin dato,1,2e3c23e7f860af2e613e1cc8107ea1ea9fc9f804c974f41b43131e966328631d,25/06/2023 23:17:25,ESCANER
15405,"Huehuetenango",13,"Jacaltenango",7,2241,380,,,,,,,,,,,,,,,,,,,,,,0,,,
15406,"Huehuetenango",13,"Jacaltenango",7,2241,380,57,1,0,134,22,1,0,8,223,6,2,231,0,231,--,380,149,223,231,231,Algún campo sin dato,1,8ae937be9626af91d05ea1412dd662fd2012243482687e340f0f0c3bab2f70b2,25/06/2023 23:53:15,ESCANER
15407,"Huehuetenango",13,"Jacaltenango",7,2241,348,57,2,0,109,23,0,0,2,193,5,4,202,0,202,--,348,146,193,202,202,Algún campo sin dato,1,3a9f2a3d689f285e27d5451d777bbbda8482290f619ab86f5583f6408762dbdc,25/06/2023 23:37:01,ESCANER
15408,"Huehuetenango",13,"Jacaltenango",7,2241,348,,,,,,,,,,,,,,,,,,,,,,0,,,
15409,"Huehuetenango",13,"Jacaltenango",7,2242,380,,,,,,,,,,,,,,,,,,,,,,0,,,
15410,"Huehuetenango",13,"Jacaltenango",7,2242,380,,,,,,,,,,,,,,,,,,,,,,0,,,
15411,"Huehuetenango",13,"Jacaltenango",7,2242,380,,,,,,,,,,,,,,,,,,,,,,0,,,
15412,"Huehuetenango",13,"Jacaltenango",7,2242,249,12,0,2,83,19,0,0,2,118,9,3,130,0,130,--,249,119,118,130,130,Algún campo sin dato,1,4052b40c953b7f9b6e48a685555d7f7592e7566a3683f6bdd63cd8952878c5f4,25/06/2023 23:46:53,ESCANER
15413,"Huehuetenango",13,"Jacaltenango",7,2242,249,21,1,1,78,16,1,2,2,122,0,0,122,0,122,--,249,127,122,122,122,Algún campo sin dato,1,619c9aaf1bf2d1625b6a52bc0594567964e19e8b016e6f114c8e09a25400e6d5,25/06/2023 22:50:51,ESCANER
15414,"Huehuetenango",13,"Jacaltenango",7,2243,594,22,4,2,87,30,1,1,2,149,5,1,155,0,155,--,594,439,149,155,155,Algún campo sin dato,1,dfb6d787e6a52f2b14d2dd3f19c272034a05b3b50e222a422f5af1f0069c7ecf,25/06/2023 23:03:42,ESCANER
15415,"Huehuetenango",13,"Jacaltenango",7,2243,594,12,0,2,51,20,0,1,0,86,3,1,90,0,90,--,593,503,86,90,90,Algún campo sin dato,1,905e2434a0f6cb45051240270022310d66139569d1e9da45b1a8f4c87d644ca1,25/06/2023 22:40:18,ESCANER