﻿TIPO_DE_ELECCIÓN:,CORPORACIÓN MUNICIPAL
26 junio 2023 00:28 (UTC -6)
ACTAS_ESPERADAS,ACTAS_CAPTURADAS,PORCENTAJE_ACTAS_CAPTURADAS,ACTAS_CONTABILIZADAS,PORCENTAJE_ACTAS_CONTABILIZADAS,ACTAS_NO_CONTABILIZADAS,LISTA_NOMINAL_ACTAS_CONTABILIZADAS,VOTOS_EMITIDOS_CONTABILIZADAS,PORCENTAJE_PARTICIPACIÓN_CIUDADANA
26,8,30.7692,8,30.7692,0,2813,1743,61.9623

MESA,DEPARTAMENTO,ID_DEPARTAMENTO,MUNICIPIO,ID_MUNICIPIO,CENTRO_DE_VOTACIÓN,PADRÓN,AZUL,TODOS,VIVA,VAMOS,UNE,PODEMOS,PPN,CAMBIO,CABAL,ELEFANTE,MLP,VÁLIDOS,NULOS,BLANCO,EMITIDOS,INVÁLIDOS,TOTAL,IMPUGNACIONES,PAPELETAS-RECIBIDAS,PAPELETAS-NO-USADAS,VALIDOS_CALCULADO,EMITIDOS_CALCULADO,TOTAL_CALCULADO,OBSERVACIONES,CONTABILIZADA,CÓDIGO_INTEGRIDAD,FECHA_HORA_PUBLICACIÓN,DIGITALIZACIÓN
11938,"Suchitepéquez",10,"San Bernardino",4,1608,400,,,,,,,,,,,,,,,,,,,,,,,,,0,,,
11939,"Suchitepéquez",10,"San Bernardino",4,1608,400,,,,,,,,,,,,,,,,,,,,,,,,,0,,,
11940,"Suchitepéquez",10,"San Bernardino",4,1608,400,,,,,,,,,,,,,,,,,,,,,,,,,0,,,
11941,"Suchitepéquez",10,"San Bernardino",4,1608,400,,,,,,,,,,,,,,,,,,,,,,,,,0,,,
11942,"Suchitepéquez",10,"San Bernardino",4,1608,400,,,,,,,,,,,,,,,,,,,,,,,,,0,,,
11943,"Suchitepéquez",10,"San Bernardino",4,1608,400,,,,,,,,,,,,,,,,,,,,,,,,,0,,,
11944,"Suchitepéquez",10,"San Bernardino",4,1608,400,,,,,,,,,,,,,,,,,,,,,,,,,0,,,
11945,"Suchitepéquez",10,"San Bernardino",4,1608,400,6,0,28,65,33,1,59,1,41,10,3,247,23,4,274,0,274,0,400,126,247,274,274,,1,c3188b8a045f7c8155270164b7efd56b2ce4c34593a24c29209b70fb347c7346,25/06/2023 23:58:47,ESCANER
11946,"Suchitepéquez",10,"San Bernardino",4,1608,400,,,,,,,,,,,,,,,,,,,,,,,,,0,,,
11947,"Suchitepéquez",10,"San Bernardino",4,1608,400,,,,,,,,,,,,,,,,,,,,,,,,,0,,,
11948,"Suchitepéquez",10,"San Bernardino",4,1608,400,,,,,,,,,,,,,,,,,,,,,,,,,0,,,
11949,"Suchitepéquez",10,"San Bernardino",4,1608,400,10,3,39,50,21,0,67,1,49,9,4,253,4,2,259,0,259,0,400,141,253,259,259,,1,2810a6b47ee1c1a05dad1220b43198aa4bc81c2faafc9a6e15e31d7ed448ba48,25/06/2023 23:51:11,ESCANER
11950,"Suchitepéquez",10,"San Bernardino",4,1608,400,8,1,41,64,22,0,58,1,40,5,6,246,8,2,256,0,256,0,400,141,246,256,256,,1,e927e8a0d1864d0717882429e858440afadec4e58ad13f4d85bd7728a52e3835,25/06/2023 23:54:52,ESCANER
11951,"Suchitepéquez",10,"San Bernardino",4,1608,400,,,,,,,,,,,,,,,,,,,,,,,,,0,,,
11952,"Suchitepéquez",10,"San Bernardino",4,1608,400,,,,,,,,,,,,,,,,,,,,,,,,,0,,,
11953,"Suchitepéquez",10,"San Bernardino",4,1608,400,,,,,,,,,,,,,,,,,,,,,,,,,0,,,
11954,"Suchitepéquez",10,"San Bernardino",4,1608,400,6,1,32,43,16,0,58,1,49,7,3,216,6,3,225,0,225,0,400,175,216,225,225,,1,a52b5423fe26e9a5d1df48e29f392ec5aafecad8a56f543a69272a82e58881f1,26/06/2023 00:12:35,ESCANER
11955,"Suchitepéquez",10,"San Bernardino",4,1608,400,,,,,,,,,,,,,,,,,,,,,,,,,0,,,
11956,"Suchitepéquez",10,"San Bernardino",4,1608,400,8,3,27,64,23,0,68,0,52,8,3,256,2,0,258,0,258,2,400,140,256,258,258,,1,0b2efd66b73ca3050bf6ee16a508d104cdc076ec81bd99914bd29db60ef7ef87,25/06/2023 23:40:11,ESCANER
11957,"Suchitepéquez",10,"San Bernardino",4,1608,400,,,,,,,,,,,,,,,,,,,,,,,,,0,,,
11958,"Suchitepéquez",10,"San Bernardino",4,1608,400,,,,,,,,,,,,,,,,,,,,,,,,,0,,,
11959,"Suchitepéquez",10,"San Bernardino",4,1608,400,,,,,,,,,,,,,,,,,,,,,,,,,0,,,
11960,"Suchitepéquez",10,"San Bernardino",4,1608,400,20,2,50,46,16,1,64,0,33,4,2,238,5,0,243,0,243,0,400,157,238,243,243,,1,218275a8101caa98bb636cfc7edd6d9b8998e491ba7c992c7f3369fa4703006d,25/06/2023 23:34:29,ESCANER
11961,"Suchitepéquez",10,"San Bernardino",4,1608,207,5,1,13,16,11,1,35,2,21,6,1,112,8,1,121,1,122,0,207,85,112,121,122,,1,b4cdebb38894ab1bc21a6fe1eb230243af398791ed63cbf38135e94b2c49c7d2,26/06/2023 00:05:08,ESCANER
11962,"Suchitepéquez",10,"San Bernardino",4,1609,206,4,2,17,21,8,0,24,1,17,6,2,102,4,1,107,0,107,0,206,99,102,107,107,,1,43dfa9291b570148b7164d554fbaaad0899184d80dc9630a35522980104c0b41,25/06/2023 23:06:51,ESCANER
11963,"Suchitepéquez",10,"San Bernardino",4,1610,353,,,,,,,,,,,,,,,,,,,,,,,,,0,,,