﻿TIPO_DE_ELECCIÓN:,CORPORACIÓN MUNICIPAL
26 junio 2023 00:28 (UTC -6)
ACTAS_ESPERADAS,ACTAS_CAPTURADAS,PORCENTAJE_ACTAS_CAPTURADAS,ACTAS_CONTABILIZADAS,PORCENTAJE_ACTAS_CONTABILIZADAS,ACTAS_NO_CONTABILIZADAS,LISTA_NOMINAL_ACTAS_CONTABILIZADAS,VOTOS_EMITIDOS_CONTABILIZADAS,PORCENTAJE_PARTICIPACIÓN_CIUDADANA
21,10,47.6190,10,47.6190,0,3424,2550,74.4742

MESA,DEPARTAMENTO,ID_DEPARTAMENTO,MUNICIPIO,ID_MUNICIPIO,CENTRO_DE_VOTACIÓN,PADRÓN,TODOS,ELEFANTE,VAMOS,PPN,UNE,PODEMOS,VÁLIDOS,NULOS,BLANCO,EMITIDOS,INVÁLIDOS,TOTAL,IMPUGNACIONES,PAPELETAS-RECIBIDAS,PAPELETAS-NO-USADAS,VALIDOS_CALCULADO,EMITIDOS_CALCULADO,TOTAL_CALCULADO,OBSERVACIONES,CONTABILIZADA,CÓDIGO_INTEGRIDAD,FECHA_HORA_PUBLICACIÓN,DIGITALIZACIÓN
12492,"Suchitepéquez",10,"Pueblo Nuevo",19,1704,400,,,,,,,,,,,,,,,,,,,,0,,,
12493,"Suchitepéquez",10,"Pueblo Nuevo",19,1704,400,22,5,168,92,4,2,293,9,4,306,0,306,--,400,94,293,306,306,Algún campo sin dato,1,6933f42e7ba6961ef4da782461516e34f4ba6ad80687384d42677187d6970c2b,26/06/2023 00:27:55,ESCANER
12494,"Suchitepéquez",10,"Pueblo Nuevo",19,1704,400,,,,,,,,,,,,,,,,,,,,0,,,
12495,"Suchitepéquez",10,"Pueblo Nuevo",19,1704,400,22,9,208,81,0,3,323,1,2,326,0,326,--,400,74,323,326,326,Algún campo sin dato,1,7a3782823867207d375cbd862460c660375754f7a9015f9d35697828b9d91a38,26/06/2023 00:02:38,ESCANER
12496,"Suchitepéquez",10,"Pueblo Nuevo",19,1704,400,,,,,,,,,,,,,,,,,,,,0,,,
12497,"Suchitepéquez",10,"Pueblo Nuevo",19,1705,400,27,6,185,115,2,3,338,4,5,347,0,347,--,400,53,338,347,347,Algún campo sin dato,1,380a11d1c3878dcffe7a0521fc9c92d98f1c1dc25785ac5ef49f045d480fec7c,25/06/2023 23:44:59,ESCANER
12498,"Suchitepéquez",10,"Pueblo Nuevo",19,1705,400,23,5,157,135,3,0,323,12,4,339,0,339,--,401,62,323,339,339,Algún campo sin dato,1,7b29893d563e272262ae1ccd32e7abeb2fd8c9341c7dd02a808320cd4b2cd7e0,26/06/2023 00:22:04,ESCANER
12499,"Suchitepéquez",10,"Pueblo Nuevo",19,1705,400,,,,,,,,,,,,,,,,,,,,0,,,
12500,"Suchitepéquez",10,"Pueblo Nuevo",19,1705,400,18,4,135,113,4,3,277,9,1,287,113,400,--,400,113,277,287,400,Algún campo sin dato,1,53765fe209622347fb453e3f7d1ce38bd852d26e725bf34e2eb95bd0c365e9d4,26/06/2023 00:25:52,ESCANER
12501,"Suchitepéquez",10,"Pueblo Nuevo",19,1706,400,11,3,149,104,1,4,272,6,3,281,0,281,--,400,119,272,281,281,Algún campo sin dato,1,13a9d77f26529633430b8f16609d5a8729ae67845898fa9de8353900b236500b,25/06/2023 23:36:38,ESCANER
12502,"Suchitepéquez",10,"Pueblo Nuevo",19,1706,400,,,,,,,,,,,,,,,,,,,,0,,,
12503,"Suchitepéquez",10,"Pueblo Nuevo",19,1706,400,,,,,,,,,,,,,,,,,,,,0,,,
12504,"Suchitepéquez",10,"Pueblo Nuevo",19,1706,400,,,,,,,,,,,,,,,,,,,,0,,,
12505,"Suchitepéquez",10,"Pueblo Nuevo",19,1706,400,,,,,,,,,,,,,,,,,,,,0,,,
12506,"Suchitepéquez",10,"Pueblo Nuevo",19,1706,310,17,8,119,104,0,1,249,3,0,252,0,252,1,310,58,249,252,252,,1,5054760a4bbb064999f65bc63f66a5bbf8288f7ea09fef28f4037e516049e6af,25/06/2023 22:37:58,ESCANER
12507,"Suchitepéquez",10,"Pueblo Nuevo",19,1707,310,,,,,,,,,,,,,,,,,,,,0,,,
12508,"Suchitepéquez",10,"Pueblo Nuevo",19,1708,400,,,,,,,,,,,,,,,,,,,,0,,,
12509,"Suchitepéquez",10,"Pueblo Nuevo",19,1708,400,,,,,,,,,,,,,,,,,,,,0,,,
12510,"Suchitepéquez",10,"Pueblo Nuevo",19,1708,217,12,1,85,60,2,2,162,2,0,164,0,164,--,217,53,162,164,164,Algún campo sin dato,1,bd04c647ee1ebdb002fbd58cf3e9eb9c53a9822f45f271e8b118f384e578d1f6,25/06/2023 22:30:08,ESCANER
12511,"Suchitepéquez",10,"Pueblo Nuevo",19,1708,216,12,2,70,68,0,1,153,1,0,154,0,154,--,216,62,153,154,154,Algún campo sin dato,1,a51d8c5f695df3e0217b99b659a85d1b39bba8ed938525d8ae9d4b5058b8f47c,25/06/2023 23:36:01,ESCANER
12512,"Suchitepéquez",10,"Pueblo Nuevo",19,1709,281,9,0,50,28,0,1,88,1,5,94,0,94,1,281,187,88,94,94,,1,e4b879fcee448f2d616bbee1973a38e2c3e744c6307aba2fe4b83a4c0445ce37,25/06/2023 23:57:10,ESCANER