﻿TIPO_DE_ELECCIÓN:,CORPORACIÓN MUNICIPAL
26 junio 2023 00:28 (UTC -6)
ACTAS_ESPERADAS,ACTAS_CAPTURADAS,PORCENTAJE_ACTAS_CAPTURADAS,ACTAS_CONTABILIZADAS,PORCENTAJE_ACTAS_CONTABILIZADAS,ACTAS_NO_CONTABILIZADAS,LISTA_NOMINAL_ACTAS_CONTABILIZADAS,VOTOS_EMITIDOS_CONTABILIZADAS,PORCENTAJE_PARTICIPACIÓN_CIUDADANA
19,6,31.5789,6,31.5789,0,2203,1596,72.4466

MESA,DEPARTAMENTO,ID_DEPARTAMENTO,MUNICIPIO,ID_MUNICIPIO,CENTRO_DE_VOTACIÓN,PADRÓN,CABAL,MLP,UNE,AZUL,PPG,PPN,MI FAMILIA,VIVA,UR,VAMOS,VICTORIA,VALOR UNIONISTA,VÁLIDOS,NULOS,BLANCO,EMITIDOS,INVÁLIDOS,TOTAL,IMPUGNACIONES,PAPELETAS-RECIBIDAS,PAPELETAS-NO-USADAS,VALIDOS_CALCULADO,EMITIDOS_CALCULADO,TOTAL_CALCULADO,OBSERVACIONES,CONTABILIZADA,CÓDIGO_INTEGRIDAD,FECHA_HORA_PUBLICACIÓN,DIGITALIZACIÓN
5708,"Sacatepéquez",2,"Magdalena Milpas Altas",10,591,400,,,,,,,,,,,,,,,,,,,,,,,,,,0,,,
5709,"Sacatepéquez",2,"Magdalena Milpas Altas",10,591,400,,,,,,,,,,,,,,,,,,,,,,,,,,0,,,
5710,"Sacatepéquez",2,"Magdalena Milpas Altas",10,591,400,68,39,18,17,27,9,4,15,3,16,11,56,283,18,0,301,0,301,--,400,99,283,301,301,Algún campo sin dato,1,b50646f23c0254aa176c55da8f278983389c5373a5a4f7d6f60f34aabf607fd6,25/06/2023 23:39:38,ESCANER
5711,"Sacatepéquez",2,"Magdalena Milpas Altas",10,591,400,,,,,,,,,,,,,,,,,,,,,,,,,,0,,,
5712,"Sacatepéquez",2,"Magdalena Milpas Altas",10,591,400,,,,,,,,,,,,,,,,,,,,,,,,,,0,,,
5713,"Sacatepéquez",2,"Magdalena Milpas Altas",10,591,400,,,,,,,,,,,,,,,,,,,,,,,,,,0,,,
5714,"Sacatepéquez",2,"Magdalena Milpas Altas",10,591,400,70,36,23,13,40,5,10,9,3,10,10,45,274,11,3,288,0,288,--,400,112,274,288,288,Algún campo sin dato,1,ab48f15143879f587cd1b4001a503be559c22aeb284d752af67292f9445d09f1,25/06/2023 23:49:16,ESCANER
5715,"Sacatepéquez",2,"Magdalena Milpas Altas",10,591,400,,,,,,,,,,,,,,,,,,,,,,,,,,0,,,
5716,"Sacatepéquez",2,"Magdalena Milpas Altas",10,591,400,,,,,,,,,,,,,,,,,,,,,,,,,,0,,,
5717,"Sacatepéquez",2,"Magdalena Milpas Altas",10,591,400,75,26,14,12,32,10,5,20,4,19,7,52,276,8,3,287,0,287,--,400,113,276,287,287,Algún campo sin dato,1,32045dd95abc2ec57988aeb785ff433b9d07120c52c53bf69e271b1a8a205be4,25/06/2023 23:29:55,ESCANER
5718,"Sacatepéquez",2,"Magdalena Milpas Altas",10,591,400,,,,,,,,,,,,,,,,,,,,,,,,,,0,,,
5719,"Sacatepéquez",2,"Magdalena Milpas Altas",10,591,400,75,42,17,20,22,8,7,5,3,13,4,60,276,16,1,293,0,293,--,400,107,276,293,293,Algún campo sin dato,1,ad9a59da66787e0bba2c16c24323f51d4a2083f558c6a6fbb6a66ddcd2537ced,26/06/2023 00:21:12,ESCANER
5720,"Sacatepéquez",2,"Magdalena Milpas Altas",10,591,400,,,,,,,,,,,,,,,,,,,,,,,,,,0,,,
5721,"Sacatepéquez",2,"Magdalena Milpas Altas",10,591,244,,,,,,,,,,,,,,,,,,,,,,,,,,0,,,
5722,"Sacatepéquez",2,"Magdalena Milpas Altas",10,591,244,42,11,18,10,15,9,3,6,2,8,5,39,168,5,2,175,0,175,--,241,66,168,175,175,Algún campo sin dato,1,2681314036af7466ffa3627086d550392f619de6cea6f0bcb47be1ef97089120,25/06/2023 23:54:32,ESCANER
5723,"Sacatepéquez",2,"Magdalena Milpas Altas",10,592,380,,,,,,,,,,,,,,,,,,,,,,,,,,0,,,
5724,"Sacatepéquez",2,"Magdalena Milpas Altas",10,592,360,,,,,,,,,,,,,,,,,,,,,,,,,,0,,,
5725,"Sacatepéquez",2,"Magdalena Milpas Altas",10,592,359,66,11,94,14,14,4,2,4,2,16,0,19,246,4,2,252,0,252,--,359,107,246,252,252,Algún campo sin dato,1,120208072bedcb0862c6652f823706204bd794eaa04d6a5614b169041c0be75b,25/06/2023 23:36:33,ESCANER
5726,"Sacatepéquez",2,"Magdalena Milpas Altas",10,593,403,,,,,,,,,,,,,,,,,,,,,,,,,,0,,,