﻿TIPO_DE_ELECCIÓN:,CORPORACIÓN MUNICIPAL
26 junio 2023 00:28 (UTC -6)
ACTAS_ESPERADAS,ACTAS_CAPTURADAS,PORCENTAJE_ACTAS_CAPTURADAS,ACTAS_CONTABILIZADAS,PORCENTAJE_ACTAS_CONTABILIZADAS,ACTAS_NO_CONTABILIZADAS,LISTA_NOMINAL_ACTAS_CONTABILIZADAS,VOTOS_EMITIDOS_CONTABILIZADAS,PORCENTAJE_PARTICIPACIÓN_CIUDADANA
48,15,31.2500,15,31.2500,0,5840,3761,64.4006

MESA,DEPARTAMENTO,ID_DEPARTAMENTO,MUNICIPIO,ID_MUNICIPIO,CENTRO_DE_VOTACIÓN,PADRÓN,VAMOS,PPN,UNE,CABAL,LIBRE CIUDAD VIEJA,WINAQ,MI FAMILIA,VIVA,AZUL,CREO,VÁLIDOS,NULOS,BLANCO,EMITIDOS,INVÁLIDOS,TOTAL,IMPUGNACIONES,PAPELETAS-RECIBIDAS,PAPELETAS-NO-USADAS,VALIDOS_CALCULADO,EMITIDOS_CALCULADO,TOTAL_CALCULADO,OBSERVACIONES,CONTABILIZADA,CÓDIGO_INTEGRIDAD,FECHA_HORA_PUBLICACIÓN,DIGITALIZACIÓN
5760,"Sacatepéquez",2,"Ciudad Vieja",12,599,400,39,20,25,54,120,2,1,3,6,2,272,4,3,279,0,279,--,400,121,272,279,279,Algún campo sin dato,1,de9b69b7a3959ee9fdc8db919ce1753a7a99a15c9dda4c5207d4055ce6937a09,26/06/2023 00:12:05,ESCANER
5761,"Sacatepéquez",2,"Ciudad Vieja",12,599,400,37,24,33,59,96,3,1,3,6,0,262,10,3,275,0,275,--,400,125,262,275,275,Algún campo sin dato,1,ffa212c73df8bfc6ac7812fa319f471ef3c631f015cad1725b3d0cb71ec72297,26/06/2023 00:04:28,ESCANER
5762,"Sacatepéquez",2,"Ciudad Vieja",12,599,400,,,,,,,,,,,,,,,,,,,,,,,,0,,,
5763,"Sacatepéquez",2,"Ciudad Vieja",12,599,400,,,,,,,,,,,,,,,,,,,,,,,,0,,,
5764,"Sacatepéquez",2,"Ciudad Vieja",12,599,400,,,,,,,,,,,,,,,,,,,,,,,,0,,,
5765,"Sacatepéquez",2,"Ciudad Vieja",12,599,400,,,,,,,,,,,,,,,,,,,,,,,,0,,,
5766,"Sacatepéquez",2,"Ciudad Vieja",12,599,400,,,,,,,,,,,,,,,,,,,,,,,,0,,,
5767,"Sacatepéquez",2,"Ciudad Vieja",12,599,400,39,12,22,43,139,1,1,2,7,2,268,4,0,272,0,272,--,400,128,268,272,272,Algún campo sin dato,1,4c4e69628e253b3a8ec22eb20b493a29b942b7c5d38bffd82b5a13531e95b2f2,26/06/2023 00:20:23,ESCANER
5768,"Sacatepéquez",2,"Ciudad Vieja",12,599,400,,,,,,,,,,,,,,,,,,,,,,,,0,,,
5769,"Sacatepéquez",2,"Ciudad Vieja",12,599,400,,,,,,,,,,,,,,,,,,,,,,,,0,,,
5770,"Sacatepéquez",2,"Ciudad Vieja",12,599,400,,,,,,,,,,,,,,,,,,,,,,,,0,,,
5771,"Sacatepéquez",2,"Ciudad Vieja",12,599,400,,,,,,,,,,,,,,,,,,,,,,,,0,,,
5772,"Sacatepéquez",2,"Ciudad Vieja",12,599,400,30,11,23,48,132,1,2,3,4,0,254,5,0,259,0,259,--,400,141,254,259,259,Algún campo sin dato,1,e0a249e9e26df3a7c9830d4adbb9a36c96925f91f7b5a716f84f0f37ecd6a223,26/06/2023 00:19:15,ESCANER
5773,"Sacatepéquez",2,"Ciudad Vieja",12,600,400,,,,,,,,,,,,,,,,,,,,,,,,0,,,
5774,"Sacatepéquez",2,"Ciudad Vieja",12,600,400,31,16,25,32,126,1,0,8,1,2,242,11,3,256,0,256,--,400,144,242,256,256,Algún campo sin dato,1,25131793f9a3ccdccb5d911bdb20d21026d7fc0e97f8d029b88188c0a7776864,25/06/2023 22:21:59,ESCANER
5775,"Sacatepéquez",2,"Ciudad Vieja",12,600,400,45,25,26,55,110,5,0,3,4,3,276,4,1,281,0,281,--,400,119,276,281,281,Algún campo sin dato,1,0a21d5d2c53398e52862519c05ffba4b72597ed3f30105060541cebed8833897,25/06/2023 23:48:33,ESCANER
5776,"Sacatepéquez",2,"Ciudad Vieja",12,600,400,42,20,23,37,130,3,1,5,8,0,269,8,0,277,0,277,--,400,123,269,277,277,Algún campo sin dato,1,5dd5431f4c81058548c31627a47e6a7d70fe83b22bb55509a89a271748df350d,25/06/2023 23:42:13,ESCANER
5777,"Sacatepéquez",2,"Ciudad Vieja",12,600,400,,,,,,,,,,,,,,,,,,,,,,,,0,,,
5778,"Sacatepéquez",2,"Ciudad Vieja",12,600,400,31,10,32,48,128,5,1,4,6,1,266,6,2,274,0,274,--,400,126,266,274,274,Algún campo sin dato,1,b71c2ceb319966e995b274c841cf482c442e5f73fd785cb0e888fc434304f45a,25/06/2023 23:56:36,ESCANER
5779,"Sacatepéquez",2,"Ciudad Vieja",12,600,400,,,,,,,,,,,,,,,,,,,,,,,,0,,,
5780,"Sacatepéquez",2,"Ciudad Vieja",12,600,400,,,,,,,,,,,,,,,,,,,,,,,,0,,,
5781,"Sacatepéquez",2,"Ciudad Vieja",12,600,400,41,15,27,37,117,1,1,1,4,1,245,8,1,254,0,254,--,400,146,245,254,254,Algún campo sin dato,1,04c2e74a3230801ff16187a2fcbd72e4785e68318d3baca76b5e2054a1d3605e,25/06/2023 22:51:10,ESCANER
5782,"Sacatepéquez",2,"Ciudad Vieja",12,600,400,,,,,,,,,,,,,,,,,,,,,,,,0,,,
5783,"Sacatepéquez",2,"Ciudad Vieja",12,600,400,,,,,,,,,,,,,,,,,,,,,,,,0,,,
5784,"Sacatepéquez",2,"Ciudad Vieja",12,600,400,,,,,,,,,,,,,,,,,,,,,,,,0,,,
5785,"Sacatepéquez",2,"Ciudad Vieja",12,600,400,33,14,26,47,97,1,1,4,2,2,227,11,2,240,0,240,--,400,160,227,240,240,Algún campo sin dato,1,f5da56c518faaf8b5e035e29ef6699b5629f5a47d7724ca6f4e8c6546ea79787,25/06/2023 23:28:33,ESCANER
5786,"Sacatepéquez",2,"Ciudad Vieja",12,600,400,,,,,,,,,,,,,,,,,,,,,,,,0,,,
5787,"Sacatepéquez",2,"Ciudad Vieja",12,600,400,34,14,26,29,122,3,3,2,2,1,236,7,0,243,0,243,--,400,157,236,243,243,Algún campo sin dato,1,731e7b6cc976b42a8a485ad63fce1a886024df5d85499c54f8e043f3ec602155,25/06/2023 23:36:21,ESCANER
5788,"Sacatepéquez",2,"Ciudad Vieja",12,600,400,,,,,,,,,,,,,,,,,,,,,,,,0,,,
5789,"Sacatepéquez",2,"Ciudad Vieja",12,601,400,,,,,,,,,,,,,,,,,,,,,,,,0,,,
5790,"Sacatepéquez",2,"Ciudad Vieja",12,601,400,,,,,,,,,,,,,,,,,,,,,,,,0,,,
5791,"Sacatepéquez",2,"Ciudad Vieja",12,601,400,,,,,,,,,,,,,,,,,,,,,,,,0,,,
5792,"Sacatepéquez",2,"Ciudad Vieja",12,601,400,,,,,,,,,,,,,,,,,,,,,,,,0,,,
5793,"Sacatepéquez",2,"Ciudad Vieja",12,601,400,,,,,,,,,,,,,,,,,,,,,,,,0,,,
5794,"Sacatepéquez",2,"Ciudad Vieja",12,601,286,,,,,,,,,,,,,,,,,,,,,,,,0,,,
5795,"Sacatepéquez",2,"Ciudad Vieja",12,601,286,,,,,,,,,,,,,,,,,,,,,,,,0,,,
5796,"Sacatepéquez",2,"Ciudad Vieja",12,602,380,,,,,,,,,,,,,,,,,,,,,,,,0,,,
5797,"Sacatepéquez",2,"Ciudad Vieja",12,602,380,16,29,19,25,160,2,4,10,4,0,269,11,1,281,0,281,--,380,99,269,281,281,Algún campo sin dato,1,56327c4acaa16ce46d078658175794cbfffc612c294ab20da9209b324cc30a71,25/06/2023 23:24:52,ESCANER
5798,"Sacatepéquez",2,"Ciudad Vieja",12,602,380,13,29,21,20,164,1,7,10,2,1,268,18,2,288,0,288,--,380,92,268,288,288,Algún campo sin dato,1,8fa9e3027b56b0a7488d64939a3bfba3a62e0a4a5d272ded280a41776771ed19,26/06/2023 00:01:54,ESCANER
5799,"Sacatepéquez",2,"Ciudad Vieja",12,602,380,,,,,,,,,,,,,,,,,,,,,,,,0,,,
5800,"Sacatepéquez",2,"Ciudad Vieja",12,602,380,,,,,,,,,,,,,,,,,,,,,,,,0,,,
5801,"Sacatepéquez",2,"Ciudad Vieja",12,602,380,,,,,,,,,,,,,,,,,,,,,,,,0,,,
5802,"Sacatepéquez",2,"Ciudad Vieja",12,602,339,13,21,12,10,140,2,5,2,2,0,207,2,1,210,0,210,--,339,129,207,210,210,Algún campo sin dato,1,8f66d7d4b044895dc66eb6ff36249bc43d5339e31a2c97a9ea0a3c20f069520a,25/06/2023 22:42:43,ESCANER
5803,"Sacatepéquez",2,"Ciudad Vieja",12,602,338,,,,,,,,,,,,,,,,,,,,,,,,0,,,
5804,"Sacatepéquez",2,"Ciudad Vieja",12,603,600,,,,,,,,,,,,,,,,,,,,,,,,0,,,
5805,"Sacatepéquez",2,"Ciudad Vieja",12,603,600,,,,,,,,,,,,,,,,,,,,,,,,0,,,
5806,"Sacatepéquez",2,"Ciudad Vieja",12,603,342,,,,,,,,,,,,,,,,,,,,,,,,0,,,
5807,"Sacatepéquez",2,"Ciudad Vieja",12,603,341,10,4,11,11,28,1,2,0,2,0,69,3,0,72,0,72,--,341,269,69,72,72,Algún campo sin dato,1,5e69ea6ab295fe191a06c29b4b5ce64a4aedf0726790a0d81440494bfb6d116e,25/06/2023 22:37:32,ESCANER