﻿TIPO_DE_ELECCIÓN:,CORPORACIÓN MUNICIPAL
26 junio 2023 00:28 (UTC -6)
ACTAS_ESPERADAS,ACTAS_CAPTURADAS,PORCENTAJE_ACTAS_CAPTURADAS,ACTAS_CONTABILIZADAS,PORCENTAJE_ACTAS_CONTABILIZADAS,ACTAS_NO_CONTABILIZADAS,LISTA_NOMINAL_ACTAS_CONTABILIZADAS,VOTOS_EMITIDOS_CONTABILIZADAS,PORCENTAJE_PARTICIPACIÓN_CIUDADANA
48,18,37.5000,18,37.5000,0,6380,3504,54.9216

MESA,DEPARTAMENTO,ID_DEPARTAMENTO,MUNICIPIO,ID_MUNICIPIO,CENTRO_DE_VOTACIÓN,PADRÓN,UNE,CABAL,CAMBIO,VAMOS,VALOR UNIONISTA,VÁLIDOS,NULOS,BLANCO,EMITIDOS,INVÁLIDOS,TOTAL,IMPUGNACIONES,PAPELETAS-RECIBIDAS,PAPELETAS-NO-USADAS,VALIDOS_CALCULADO,EMITIDOS_CALCULADO,TOTAL_CALCULADO,OBSERVACIONES,CONTABILIZADA,CÓDIGO_INTEGRIDAD,FECHA_HORA_PUBLICACIÓN,DIGITALIZACIÓN
20508,"Petén",17,"San Andrés",4,3194,400,,,,,,,,,,,,,,,,,,,0,,,
20509,"Petén",17,"San Andrés",4,3194,400,,,,,,,,,,,,,,,,,,,0,,,
20510,"Petén",17,"San Andrés",4,3194,400,26,147,0,84,13,270,13,1,284,0,284,--,400,116,270,284,284,Algún campo sin dato,1,ec2f16e4e39ef7ff4a63aa2143201c7f5815f58ce94605fa58ca757f182fe0f5,25/06/2023 23:34:17,ESCANER
20511,"Petén",17,"San Andrés",4,3194,400,,,,,,,,,,,,,,,,,,,0,,,
20512,"Petén",17,"San Andrés",4,3194,400,,,,,,,,,,,,,,,,,,,0,,,
20513,"Petén",17,"San Andrés",4,3194,400,28,109,1,68,9,215,8,6,229,0,229,--,400,171,215,229,229,Algún campo sin dato,1,244c1519b4ec6264b489d1192a938d74f161e4d416795b75fd4becccf75d9c68,25/06/2023 23:51:41,ESCANER
20514,"Petén",17,"San Andrés",4,3194,400,,,,,,,,,,,,,,,,,,,0,,,
20515,"Petén",17,"San Andrés",4,3194,400,39,97,5,89,7,237,11,3,251,0,251,0,400,149,237,251,251,,1,d4e6f3e970708762752dd056ef23256fa471c31147cb5ae7b44b76b249159e7c,26/06/2023 00:15:54,ESCANER
20516,"Petén",17,"San Andrés",4,3195,400,20,125,3,69,8,225,11,6,242,0,242,0,400,158,225,242,242,,1,f1f53e6e1742376cd9fdc197cdfc03a233c9bf2b291a5cbf38efd352c5c437bd,26/06/2023 00:25:52,ESCANER
20517,"Petén",17,"San Andrés",4,3195,400,,,,,,,,,,,,,,,,,,,0,,,
20518,"Petén",17,"San Andrés",4,3195,400,24,127,0,89,7,247,2,0,249,0,249,--,400,151,247,249,249,Algún campo sin dato,1,82a87bcf7ede111ef77f1c6b3e133354e2e5158d8e849448b1553a3d5c902158,25/06/2023 23:35:08,ESCANER
20519,"Petén",17,"San Andrés",4,3195,400,23,128,1,100,11,263,2,1,266,0,266,--,400,134,263,266,266,Algún campo sin dato,1,e70bb546e42a204c70c03b698fbea9ac535635b01a53a2360f00cf5edf6d7cbe,25/06/2023 22:40:28,ESCANER
20520,"Petén",17,"San Andrés",4,3195,223,21,60,0,40,11,132,3,0,135,0,135,--,228,93,132,135,135,Algún campo sin dato,1,4d4ea05e30915fb0fa466134c644706e45c21b5b65b492b6ab0322d780b4beb6,25/06/2023 22:00:00,ESCANER
20521,"Petén",17,"San Andrés",4,3195,223,22,38,0,42,6,108,8,2,118,0,118,--,223,105,108,118,118,Algún campo sin dato,1,909af8b845a02c27810340ddc69c69696c990b8a864a15ac10544fe6464dc638,25/06/2023 22:29:33,ESCANER
20522,"Petén",17,"San Andrés",4,3196,380,151,24,4,34,4,217,15,8,240,0,240,0,380,140,217,240,240,,1,7a823b3645c80f870409d24cc83abda695d2d26fd6def0d5ef48132748f9146f,25/06/2023 23:59:06,ESCANER
20523,"Petén",17,"San Andrés",4,3196,380,,,,,,,,,,,,,,,,,,,0,,,
20524,"Petén",17,"San Andrés",4,3196,380,,,,,,,,,,,,,,,,,,,0,,,
20525,"Petén",17,"San Andrés",4,3196,380,,,,,,,,,,,,,,,,,,,0,,,
20526,"Petén",17,"San Andrés",4,3196,380,,,,,,,,,,,,,,,,,,,0,,,
20527,"Petén",17,"San Andrés",4,3196,380,,,,,,,,,,,,,,,,,,,0,,,
20528,"Petén",17,"San Andrés",4,3196,360,,,,,,,,,,,,,,,,,,,0,,,
20529,"Petén",17,"San Andrés",4,3196,359,134,20,0,16,2,172,6,4,182,0,182,--,356,174,172,182,182,Algún campo sin dato,1,01a7a2d8e6ac733dc0d4ad2a26299aa29264f2494f908582854c5f19ce67d4a6,26/06/2023 00:19:44,ESCANER
20530,"Petén",17,"San Andrés",4,3197,380,,,,,,,,,,,,,,,,,,,0,,,
20531,"Petén",17,"San Andrés",4,3197,380,,,,,,,,,,,,,,,,,,,0,,,
20532,"Petén",17,"San Andrés",4,3197,380,,,,,,,,,,,,,,,,,,,0,,,
20533,"Petén",17,"San Andrés",4,3197,380,,,,,,,,,,,,,,,,,,,0,,,
20534,"Petén",17,"San Andrés",4,3197,380,,,,,,,,,,,,,,,,,,,0,,,
20535,"Petén",17,"San Andrés",4,3197,364,,,,,,,,,,,,,,,,,,,0,,,
20536,"Petén",17,"San Andrés",4,3197,364,,,,,,,,,,,,,,,,,,,0,,,
20537,"Petén",17,"San Andrés",4,3198,380,,,,,,,,,,,,,,,,,,,0,,,
20538,"Petén",17,"San Andrés",4,3198,380,22,97,0,80,5,204,19,5,228,0,228,0,380,152,204,228,228,,1,cdc9878c783a00780f8626cebb40a4c893e154f871ac94f06969b41d6eac9cc6,26/06/2023 00:08:35,ESCANER
20539,"Petén",17,"San Andrés",4,3198,380,34,89,0,65,4,192,11,2,205,0,205,--,381,163,192,205,205,Algún campo sin dato,1,36b7cee97f0ed552c54bac61aa0a0371d4fce361b5e01603fd5f0f1cd43a6564,26/06/2023 00:03:29,ESCANER
20540,"Petén",17,"San Andrés",4,3198,380,,,,,,,,,,,,,,,,,,,0,,,
20541,"Petén",17,"San Andrés",4,3198,380,,,,,,,,,,,,,,,,,,,0,,,
20542,"Petén",17,"San Andrés",4,3198,380,26,88,1,79,2,196,10,2,208,0,208,0,380,172,196,208,208,,1,2116d5e21a42050c3a547f80523ce90466861a5f490a50c2ea3b75106d599c40,25/06/2023 23:38:20,ESCANER
20543,"Petén",17,"San Andrés",4,3198,271,,,,,,,,,,,,,,,,,,,0,,,
20544,"Petén",17,"San Andrés",4,3198,271,21,63,1,43,2,130,7,5,142,0,142,--,271,129,130,142,142,Algún campo sin dato,1,5e660a3fb95448013b0bf270246b9eb91db97d139b65b8097cbcedecbe9ed95c,25/06/2023 23:13:45,ESCANER
20545,"Petén",17,"San Andrés",4,3199,380,,,,,,,,,,,,,,,,,,,0,,,
20546,"Petén",17,"San Andrés",4,3199,380,,,,,,,,,,,,,,,,,,,0,,,
20547,"Petén",17,"San Andrés",4,3199,370,,,,,,,,,,,,,,,,,,,0,,,
20548,"Petén",17,"San Andrés",4,3199,369,,,,,,,,,,,,,,,,,,,0,,,
20549,"Petén",17,"San Andrés",4,3200,380,,,,,,,,,,,,,,,,,,,0,,,
20550,"Petén",17,"San Andrés",4,3200,380,110,25,6,38,11,110,8,5,203,--,203,--,375,174,190,203,203,Sumas Asentadas sin cuadrar,1,06f8c0a0f9f18c6f2083edfc620322037161311c0e6beec751134c980e5bcf66,25/06/2023 22:28:06,ESCANER
20551,"Petén",17,"San Andrés",4,3200,380,,,,,,,,,,,,,,,,,,,0,,,
20552,"Petén",17,"San Andrés",4,3200,380,,,,,,,,,,,,,,,,,,,0,,,
20553,"Petén",17,"San Andrés",4,3200,275,67,20,4,30,5,126,2,0,128,0,128,--,275,147,126,128,128,Algún campo sin dato,1,2c7f42fc98a6e3780ac4cfd20070f641aeb1c414f3e0ed3b9ded29a2848339cd,25/06/2023 23:44:33,ESCANER
20554,"Petén",17,"San Andrés",4,3200,275,75,11,2,23,3,114,1,4,119,8,127,--,275,148,114,119,127,Algún campo sin dato,1,24ddd8ae810b0158218bc77a77ad8adcb50004cc0d3367953fac2a2a24b52693,25/06/2023 23:32:24,ESCANER
20555,"Petén",17,"San Andrés",4,3201,454,16,19,2,25,6,68,6,1,75,0,75,--,451,376,68,75,75,Algún campo sin dato,1,d3c53aa938ac8ae57645313c78afb635210b2918e7b26e21d062fc0eaec0749a,25/06/2023 20:53:22,ESCANER