﻿TIPO_DE_ELECCIÓN:,CORPORACIÓN MUNICIPAL
26 junio 2023 00:28 (UTC -6)
ACTAS_ESPERADAS,ACTAS_CAPTURADAS,PORCENTAJE_ACTAS_CAPTURADAS,ACTAS_CONTABILIZADAS,PORCENTAJE_ACTAS_CONTABILIZADAS,ACTAS_NO_CONTABILIZADAS,LISTA_NOMINAL_ACTAS_CONTABILIZADAS,VOTOS_EMITIDOS_CONTABILIZADAS,PORCENTAJE_PARTICIPACIÓN_CIUDADANA
83,25,30.1204,25,30.1204,0,8702,4459,51.2410

MESA,DEPARTAMENTO,ID_DEPARTAMENTO,MUNICIPIO,ID_MUNICIPIO,CENTRO_DE_VOTACIÓN,PADRÓN,VAMOS,VALOR UNIONISTA,CABAL,UNE,VOS,DESARROLLO,ELEFANTE,AZUL,VÁLIDOS,NULOS,BLANCO,EMITIDOS,INVÁLIDOS,TOTAL,IMPUGNACIONES,PAPELETAS-RECIBIDAS,PAPELETAS-NO-USADAS,VALIDOS_CALCULADO,EMITIDOS_CALCULADO,TOTAL_CALCULADO,OBSERVACIONES,CONTABILIZADA,CÓDIGO_INTEGRIDAD,FECHA_HORA_PUBLICACIÓN,DIGITALIZACIÓN
22810,"Chiquimula",20,"Esquipulas",7,3574,400,,,,,,,,,,,,,,,,,,,,,,0,,,
22811,"Chiquimula",20,"Esquipulas",7,3574,400,,,,,,,,,,,,,,,,,,,,,,0,,,
22812,"Chiquimula",20,"Esquipulas",7,3574,400,21,102,5,10,58,92,2,0,290,14,3,307,0,307,--,400,93,290,307,307,Algún campo sin dato,1,bce84d79fb28457372988d8e45b0bea76cd6c90376f34bcb632f813f2a5f719b,26/06/2023 00:17:37,ESCANER
22813,"Chiquimula",20,"Esquipulas",7,3574,400,,,,,,,,,,,,,,,,,,,,,,0,,,
22814,"Chiquimula",20,"Esquipulas",7,3575,400,,,,,,,,,,,,,,,,,,,,,,0,,,
22815,"Chiquimula",20,"Esquipulas",7,3575,400,,,,,,,,,,,,,,,,,,,,,,0,,,
22816,"Chiquimula",20,"Esquipulas",7,3575,400,,,,,,,,,,,,,,,,,,,,,,0,,,
22817,"Chiquimula",20,"Esquipulas",7,3575,400,,,,,,,,,,,,,,,,,,,,,,0,,,
22818,"Chiquimula",20,"Esquipulas",7,3576,400,25,73,7,5,54,62,4,0,230,4,1,235,0,235,--,400,165,230,235,235,Algún campo sin dato,1,1dff3665877ead0437921c75b143b7e2622ef96ff80060f0b74dc65c543ed748,25/06/2023 23:24:27,ESCANER
22819,"Chiquimula",20,"Esquipulas",7,3576,400,,,,,,,,,,,,,,,,,,,,,,0,,,
22820,"Chiquimula",20,"Esquipulas",7,3576,400,,,,,,,,,,,,,,,,,,,,,,0,,,
22821,"Chiquimula",20,"Esquipulas",7,3576,400,,,,,,,,,,,,,,,,,,,,,,0,,,
22822,"Chiquimula",20,"Esquipulas",7,3577,400,,,,,,,,,,,,,,,,,,,,,,0,,,
22823,"Chiquimula",20,"Esquipulas",7,3577,400,,,,,,,,,,,,,,,,,,,,,,0,,,
22824,"Chiquimula",20,"Esquipulas",7,3577,400,,,,,,,,,,,,,,,,,,,,,,0,,,
22825,"Chiquimula",20,"Esquipulas",7,3577,400,,,,,,,,,,,,,,,,,,,,,,0,,,
22826,"Chiquimula",20,"Esquipulas",7,3578,400,20,85,8,5,48,65,1,0,232,2,0,234,0,234,--,400,166,232,234,234,Algún campo sin dato,1,ed28b3703a32760d4e4d01ff69ee0597e08cbb9fdef5b808e8480484fdf066d5,25/06/2023 22:38:47,ESCANER
22827,"Chiquimula",20,"Esquipulas",7,3578,400,33,64,8,3,50,55,2,1,216,2,0,218,0,218,--,400,182,216,218,218,Algún campo sin dato,1,588780993bf5a1f06ed6ea17ec0abe13544440011997824a6b2c89b9d411203f,26/06/2023 00:17:23,ESCANER
22828,"Chiquimula",20,"Esquipulas",7,3578,400,,,,,,,,,,,,,,,,,,,,,,0,,,
22829,"Chiquimula",20,"Esquipulas",7,3578,319,18,67,6,1,48,44,4,0,188,3,0,191,0,191,--,319,128,188,191,191,Algún campo sin dato,1,84899983aeb83fded9fd1ec5e46be1a0fc155c7293998d18a36928e34bcb3a76,25/06/2023 23:27:41,ESCANER
22830,"Chiquimula",20,"Esquipulas",7,3578,318,15,51,6,2,24,34,1,1,134,3,1,138,0,138,--,318,180,134,138,138,Algún campo sin dato,1,b71c07fc614e32f9d632621b03805fdbdb60297fe19a838934fbc9fc0ae0b524,26/06/2023 00:16:07,ESCANER
22831,"Chiquimula",20,"Esquipulas",7,3579,400,,,,,,,,,,,,,,,,,,,,,,0,,,
22832,"Chiquimula",20,"Esquipulas",7,3579,400,,,,,,,,,,,,,,,,,,,,,,0,,,
22833,"Chiquimula",20,"Esquipulas",7,3579,400,,,,,,,,,,,,,,,,,,,,,,0,,,
22834,"Chiquimula",20,"Esquipulas",7,3580,400,,,,,,,,,,,,,,,,,,,,,,0,,,
22835,"Chiquimula",20,"Esquipulas",7,3580,400,,,,,,,,,,,,,,,,,,,,,,0,,,
22836,"Chiquimula",20,"Esquipulas",7,3580,315,29,57,9,6,52,38,2,1,194,4,1,199,0,199,--,312,113,194,199,199,Algún campo sin dato,1,537f8484273e4bef62539d6fd08cdec3c7730bb855560525df4a12b839bc15f4,25/06/2023 23:28:10,ESCANER
22837,"Chiquimula",20,"Esquipulas",7,3580,314,,,,,,,,,,,,,,,,,,,,,,0,,,
22838,"Chiquimula",20,"Esquipulas",7,3581,400,,,,,,,,,,,,,,,,,,,,,,0,,,
22839,"Chiquimula",20,"Esquipulas",7,3581,400,,,,,,,,,,,,,,,,,,,,,,0,,,
22840,"Chiquimula",20,"Esquipulas",7,3581,400,,,,,,,,,,,,,,,,,,,,,,0,,,
22841,"Chiquimula",20,"Esquipulas",7,3581,400,,,,,,,,,,,,,,,,,,,,,,0,,,
22842,"Chiquimula",20,"Esquipulas",7,3581,280,45,52,5,0,35,26,1,2,166,3,0,169,0,169,--,280,111,166,169,169,Algún campo sin dato,1,77311a0354ddc1c6bc7b366dd96064750d708bdc7b72caf42e03b2ec7228ada5,25/06/2023 23:35:26,ESCANER
22843,"Chiquimula",20,"Esquipulas",7,3581,280,35,52,7,2,28,30,2,1,157,1,0,158,0,158,--,277,119,157,158,158,Algún campo sin dato,1,dfeddc5647180d5dd6abc73e6e45fa10583951f8f11470ce4e4e9948cb4f8f26,26/06/2023 00:14:14,ESCANER
22844,"Chiquimula",20,"Esquipulas",7,3582,400,,,,,,,,,,,,,,,,,,,,,,0,,,
22845,"Chiquimula",20,"Esquipulas",7,3582,400,,,,,,,,,,,,,,,,,,,,,,0,,,
22846,"Chiquimula",20,"Esquipulas",7,3582,400,,,,,,,,,,,,,,,,,,,,,,0,,,
22847,"Chiquimula",20,"Esquipulas",7,3582,400,,,,,,,,,,,,,,,,,,,,,,0,,,
22848,"Chiquimula",20,"Esquipulas",7,3582,400,,,,,,,,,,,,,,,,,,,,,,0,,,
22849,"Chiquimula",20,"Esquipulas",7,3582,400,34,82,2,4,70,67,0,1,260,8,0,268,0,268,--,400,132,260,268,268,Algún campo sin dato,1,416a6ee94ac6688c9cf9ee689a60730d2e4b5228fce1eb3d0dc616830006daf0,25/06/2023 23:16:31,ESCANER
22850,"Chiquimula",20,"Esquipulas",7,3582,314,,,,,,,,,,,,,,,,,,,,,,0,,,
22851,"Chiquimula",20,"Esquipulas",7,3582,313,17,59,3,1,29,33,2,0,144,3,0,147,0,147,--,313,166,144,147,147,Algún campo sin dato,1,79dd7b6a164248d12c2a7d4622341261090161b282db48ca45fa243a8b6e9909,25/06/2023 22:01:12,ESCANER
22852,"Chiquimula",20,"Esquipulas",7,3583,400,,,,,,,,,,,,,,,,,,,,,,0,,,
22853,"Chiquimula",20,"Esquipulas",7,3583,400,59,64,4,10,26,27,0,2,192,20,8,220,0,220,--,396,176,192,220,220,Algún campo sin dato,1,3e9c4c22b31004c110182f070c87489f5a3b795740372c31e36807c1cea8c106,25/06/2023 23:33:45,MOVIL
22854,"Chiquimula",20,"Esquipulas",7,3583,400,,,,,,,,,,,,,,,,,,,,,,0,,,
22855,"Chiquimula",20,"Esquipulas",7,3583,400,,,,,,,,,,,,,,,,,,,,,,0,,,
22856,"Chiquimula",20,"Esquipulas",7,3583,251,37,45,2,1,7,14,0,0,106,1,1,108,0,108,--,251,143,106,108,108,Algún campo sin dato,1,31750740594dc1a6f8e50d73ca617fd1e2dd7c48d998f7ed1a0af8a797d03e30,26/06/2023 00:17:45,MOVIL
22857,"Chiquimula",20,"Esquipulas",7,3583,250,31,44,3,2,11,21,1,0,113,2,1,116,0,116,--,250,134,113,116,116,Algún campo sin dato,1,51359bb0b3b3cc7907864caf41af9b69acfbee637011b813a4e636def368c709,25/06/2023 23:05:38,MOVIL
22858,"Chiquimula",20,"Esquipulas",7,3584,400,,,,,,,,,,,,,,,,,,,,,,0,,,
22859,"Chiquimula",20,"Esquipulas",7,3584,400,61,61,6,13,31,65,2,1,240,17,10,267,0,267,--,399,132,240,267,267,Algún campo sin dato,1,7cd64aba24e8020e5a5d0dd1ff0218255d1f2c74cc683dfd08560eba6821b756,25/06/2023 23:32:45,MOVIL
22860,"Chiquimula",20,"Esquipulas",7,3584,400,,,,,,,,,,,,,,,,,,,,,,0,,,
22861,"Chiquimula",20,"Esquipulas",7,3584,221,33,30,2,2,26,11,1,0,105,2,2,109,0,109,--,221,112,105,109,109,Algún campo sin dato,1,339e551583a97223e0158f9c7fe1fbfc38ecd8b3e9a57a47c3a9374d7825e293,25/06/2023 22:34:07,MOVIL
22862,"Chiquimula",20,"Esquipulas",7,3584,220,37,23,1,1,19,20,1,0,102,1,1,104,0,104,--,220,116,102,104,104,Algún campo sin dato,1,b02fd3ac3e5c137b12bf56801256b978118c5ef1ac32bcb86ed2194662d49454,25/06/2023 22:39:10,MOVIL
22863,"Chiquimula",20,"Esquipulas",7,3585,380,,,,,,,,,,,,,,,,,,,,,,0,,,
22864,"Chiquimula",20,"Esquipulas",7,3585,380,,,,,,,,,,,,,,,,,,,,,,0,,,
22865,"Chiquimula",20,"Esquipulas",7,3585,380,43,27,3,4,12,118,0,3,210,16,8,234,0,234,--,377,143,210,234,234,Algún campo sin dato,1,bef1466e1812b466271e4b4a6f7a632ba898381d2ed48a5b8da44f39c0c5dad0,26/06/2023 00:12:50,MOVIL
22866,"Chiquimula",20,"Esquipulas",7,3585,380,,,,,,,,,,,,,,,,,,,,,,0,,,
22867,"Chiquimula",20,"Esquipulas",7,3585,380,,,,,,,,,,,,,,,,,,,,,,0,,,
22868,"Chiquimula",20,"Esquipulas",7,3585,380,,,,,,,,,,,,,,,,,,,,,,0,,,
22869,"Chiquimula",20,"Esquipulas",7,3585,380,,,,,,,,,,,,,,,,,,,,,,0,,,
22870,"Chiquimula",20,"Esquipulas",7,3585,380,,,,,,,,,,,,,,,,,,,,,,0,,,
22871,"Chiquimula",20,"Esquipulas",7,3585,380,,,,,,,,,,,,,,,,,,,,,,0,,,
22872,"Chiquimula",20,"Esquipulas",7,3585,380,24,33,2,0,21,82,0,0,162,9,1,172,0,172,--,380,208,162,172,172,Algún campo sin dato,1,c0ac0e0224ab6eeec90d3258306bd58ebbac7640a3fcaea3318202bd7052133e,25/06/2023 22:28:26,MOVIL
22873,"Chiquimula",20,"Esquipulas",7,3586,380,,,,,,,,,,,,,,,,,,,,,,0,,,
22874,"Chiquimula",20,"Esquipulas",7,3586,380,,,,,,,,,,,,,,,,,,,,,,0,,,
22875,"Chiquimula",20,"Esquipulas",7,3586,306,,,,,,,,,,,,,,,,,,,,,,0,,,
22876,"Chiquimula",20,"Esquipulas",7,3586,305,,,,,,,,,,,,,,,,,,,,,,0,,,
22877,"Chiquimula",20,"Esquipulas",7,3587,380,,,,,,,,,,,,,,,,,,,,,,0,,,
22878,"Chiquimula",20,"Esquipulas",7,3587,380,,,,,,,,,,,,,,,,,,,,,,0,,,
22879,"Chiquimula",20,"Esquipulas",7,3587,380,,,,,,,,,,,,,,,,,,,,,,0,,,
22880,"Chiquimula",20,"Esquipulas",7,3588,380,,,,,,,,,,,,,,,,,,,,,,0,,,
22881,"Chiquimula",20,"Esquipulas",7,3588,380,,,,,,,,,,,,,,,,,,,,,,0,,,
22882,"Chiquimula",20,"Esquipulas",7,3588,299,,,,,,,,,,,,,,,,,,,,,,0,,,
22883,"Chiquimula",20,"Esquipulas",7,3588,298,,,,,,,,,,,,,,,,,,,,,,0,,,
22884,"Chiquimula",20,"Esquipulas",7,3589,380,40,83,2,9,21,36,2,1,194,19,8,221,0,221,--,380,158,194,221,221,Algún campo sin dato,1,725c001d0907bb362b2e3e3685b2e18bc03f3369a30a7def50ea7d9c40e32cbe,25/06/2023 23:31:27,MOVIL
22885,"Chiquimula",20,"Esquipulas",7,3589,380,,,,,,,,,,,,,,,,,,,,,,0,,,
22886,"Chiquimula",20,"Esquipulas",7,3589,380,,,,,,,,,,,,,,,,,,,,,,0,,,
22887,"Chiquimula",20,"Esquipulas",7,3589,329,46,64,0,3,19,33,1,1,167,14,4,185,0,185,--,329,144,167,185,185,Algún campo sin dato,1,4e6ceb6f0bee91eb6e69e0fc9543e4b170fe87d4108b1c1b2a2114d0b67d27e2,25/06/2023 23:25:45,MOVIL
22888,"Chiquimula",20,"Esquipulas",7,3589,329,35,72,0,1,18,26,1,0,153,3,1,157,0,157,--,329,172,153,157,157,Algún campo sin dato,1,0659ed4ac030bda69d993ab55b0f4f7ca22da6be661257a549a8e156239b0793,25/06/2023 22:28:48,MOVIL
22889,"Chiquimula",20,"Esquipulas",7,3590,600,26,57,6,0,37,56,1,2,185,9,7,201,0,201,--,603,402,185,201,201,Algún campo sin dato,1,968b08f6870ed743c834362fcac071231284a526759f753519a3cfb5ca885371,26/06/2023 00:20:27,ESCANER
22890,"Chiquimula",20,"Esquipulas",7,3590,600,,,,,,,,,,,,,,,,,,,,,,0,,,
22891,"Chiquimula",20,"Esquipulas",7,3590,369,13,22,0,1,15,16,3,0,70,5,0,75,0,75,--,369,294,70,75,75,Algún campo sin dato,1,58159925fb8f1ad87575e49befa370be177b9937b315edfd64f8cb935d220bc4,25/06/2023 23:33:48,ESCANER
22892,"Chiquimula",20,"Esquipulas",7,3590,368,5,8,0,1,3,5,0,0,22,2,2,26,0,26,--,368,342,22,26,26,Algún campo sin dato,1,ae6de202db293a81a24005d9d0f5ae8d8a6cb3379f0fd2a31db50c8bfb00e584,25/06/2023 21:59:40,ESCANER